2026-04-08 06:30:02,755 | INFO | ali1688_goods_monitor | ============================================================
2026-04-08 06:30:02,756 | INFO | ali1688_goods_monitor | 🚀 开始1688竞品监控任务
2026-04-08 06:30:02,757 | INFO | ali1688_goods_monitor | ============================================================
2026-04-08 06:30:07,261 | INFO | ali1688_goods_monitor | 浏览器初始化成功
2026-04-08 06:30:22,780 | INFO | ali1688_goods_monitor | 📦 共找到 275 个商品ID，将分批查询（每批10个）
2026-04-08 06:30:33,651 | INFO | ali1688_goods_monitor | ❎ 已关闭引导弹窗2
2026-04-08 06:30:34,270 | INFO | ali1688_goods_monitor | ============================================================
2026-04-08 06:30:34,271 | INFO | ali1688_goods_monitor | 📊 第一阶段：获取商品基本信息
2026-04-08 06:30:34,272 | INFO | ali1688_goods_monitor | ============================================================
2026-04-08 06:30:34,275 | INFO | ali1688_goods_monitor | 🔍 处理第 1/14 批，共 20 个商品
2026-04-08 06:30:34,275 | INFO | ali1688_goods_monitor | 📋 商品ID: 971080031926、968280048908、943395574791、833661915665、982634945037、1016515592011、979203908708、835170979856、971037620206、1003272185431、617837580726、1005984550667、807432916292、928700805986、1040782952704、903613869442、1026068947837、954713432833、798059727032、812259607012
2026-04-08 06:30:34,276 | INFO | ali1688_goods_monitor | 🧩 选择搜索方式: 商品ID
2026-04-08 06:30:34,775 | INFO | ali1688_goods_monitor | 搜索的商品id是:971080031926、968280048908、943395574791、833661915665、982634945037、1016515592011、979203908708、835170979856、971037620206、1003272185431、617837580726、1005984550667、807432916292、928700805986、1040782952704、903613869442、1026068947837、954713432833、798059727032、812259607012
2026-04-08 06:30:35,865 | INFO | ali1688_goods_monitor | ✅ 第 1 批筛选条件已设置
2026-04-08 06:30:38,881 | INFO | ali1688_goods_monitor | 开始获取商品:971080031926、968280048908、943395574791、833661915665、982634945037、1016515592011、979203908708、835170979856、971037620206、1003272185431、617837580726、1005984550667、807432916292、928700805986、1040782952704、903613869442、1026068947837、954713432833、798059727032、812259607012的基本信息
2026-04-08 06:30:38,882 | INFO | ali1688_goods_monitor | ⏳ 等待点击【开始查询】并捕获 offerSearch 接口...
2026-04-08 06:30:39,295 | INFO | ali1688_goods_monitor | 商品列表返回码: 200
2026-04-08 06:30:39,296 | INFO | ali1688_goods_monitor | 🚀 开始捕获商品数据，共 20 个商品
2026-04-08 06:30:39,301 | INFO | ali1688_goods_monitor | ✅ 商品基本信息捕获完成，总耗时: 0.01秒
2026-04-08 06:30:39,301 | INFO | ali1688_goods_monitor |    - 商品数: 20
2026-04-08 06:30:39,301 | INFO | ali1688_goods_monitor | ✅ 第 1 批完成，获取到 20 个商品，0 个SKU
2026-04-08 06:30:39,301 | INFO | ali1688_goods_monitor | 📋 第 1 批商品信息:
2026-04-08 06:30:39,301 | INFO | ali1688_goods_monitor |   1. 商品ID: 903613869442, 店铺: 汕头市龙湖区熹萌喵玩具厂, SKU数: 4
2026-04-08 06:30:39,302 | INFO | ali1688_goods_monitor |   2. 商品ID: 1026068947837, 店铺: 汕头市澄海区力多熊玩具商行, SKU数: 3
2026-04-08 06:30:39,306 | INFO | ali1688_goods_monitor |   3. 商品ID: 968280048908, 店铺: 汕头市澄海区都说好玩具商行, SKU数: 31
2026-04-08 06:30:39,307 | INFO | ali1688_goods_monitor |   4. 商品ID: 1005984550667, 店铺: 汕头市澄海区八匹马玩具厂, SKU数: 36
2026-04-08 06:30:39,308 | INFO | ali1688_goods_monitor |   5. 商品ID: 971080031926, 店铺: 汕头市龙湖区熹萌喵玩具厂, SKU数: 3
2026-04-08 06:30:39,308 | INFO | ali1688_goods_monitor |   6. 商品ID: 617837580726, 店铺: 深圳灿煜玩具有限公司, SKU数: 2
2026-04-08 06:30:39,308 | INFO | ali1688_goods_monitor |   7. 商品ID: 943395574791, 店铺: 东莞市狂蜂狂蚁科技有限公司, SKU数: 1
2026-04-08 06:30:39,308 | INFO | ali1688_goods_monitor |   8. 商品ID: 979203908708, 店铺: 汕头市澄海区多美仕玩具厂, SKU数: 24
2026-04-08 06:30:39,308 | INFO | ali1688_goods_monitor |   9. 商品ID: 928700805986, 店铺: 义乌市谷达玩具有限公司, SKU数: 2
2026-04-08 06:30:39,309 | INFO | ali1688_goods_monitor |   10. 商品ID: 971037620206, 店铺: 汕头市澄海区淘琪宝玩具厂, SKU数: 1
2026-04-08 06:30:39,309 | INFO | ali1688_goods_monitor |   11. 商品ID: 1016515592011, 店铺: 汕头市澄海区晟耀展玩具厂, SKU数: 4
2026-04-08 06:30:39,309 | INFO | ali1688_goods_monitor |   12. 商品ID: 1040782952704, 店铺: 义乌市鑫照玩具厂, SKU数: 1
2026-04-08 06:30:39,309 | INFO | ali1688_goods_monitor |   13. 商品ID: 954713432833, 店铺: 汕头市龙湖区熹萌喵玩具厂, SKU数: 2
2026-04-08 06:30:39,309 | INFO | ali1688_goods_monitor |   14. 商品ID: 807432916292, 店铺: 汕头市澄海区悦优佳玩具厂, SKU数: 24
2026-04-08 06:30:39,310 | INFO | ali1688_goods_monitor |   15. 商品ID: 835170979856, 店铺: 汕头市澄海区土炭玩具商行, SKU数: 10
2026-04-08 06:30:39,310 | INFO | ali1688_goods_monitor |   16. 商品ID: 982634945037, 店铺: 汕头市创爱旺科技有限公司, SKU数: 26
2026-04-08 06:30:39,310 | INFO | ali1688_goods_monitor |   17. 商品ID: 812259607012, 店铺: 汕头市澄海区哈尼兔玩具厂, SKU数: 39
2026-04-08 06:30:39,310 | INFO | ali1688_goods_monitor |   18. 商品ID: 798059727032, 店铺: 汕头市澄海区超慧丰贸易商行, SKU数: 16
2026-04-08 06:30:39,310 | INFO | ali1688_goods_monitor |   19. 商品ID: 833661915665, 店铺: 深圳金喜来电子股份有限公司, SKU数: 1
2026-04-08 06:30:39,310 | INFO | ali1688_goods_monitor |   20. 商品ID: 1003272185431, 店铺: 义乌市大愚玩具有限公司, SKU数: 5
2026-04-08 06:30:39,440 | INFO | ali1688_goods_monitor | 💾 第1/14批：已保存 20 个商品到数据库
2026-04-08 06:30:39,441 | INFO | ali1688_goods_monitor | ⏸️  随机暂停 4.0 秒...
2026-04-08 06:30:43,467 | INFO | ali1688_goods_monitor | 🔄 刷新页面，准备处理第 2 批...
2026-04-08 06:30:50,984 | INFO | ali1688_goods_monitor | ❎ 已关闭引导弹窗3
2026-04-08 06:30:53,510 | INFO | ali1688_goods_monitor | 🔍 处理第 2/14 批，共 20 个商品
2026-04-08 06:30:53,511 | INFO | ali1688_goods_monitor | 📋 商品ID: 1007173826384、991935831793、962746907189、812514770228、907762599791、990409899841、1013037690222、889385901298、1025513853144、969366546749、979396013303、875034473523、590591825369、894936744591、895285249007、970715744477、903636127402、741922490714、776195311997、811139889293
2026-04-08 06:30:53,514 | INFO | ali1688_goods_monitor | 🧩 选择搜索方式: 商品ID
2026-04-08 06:30:54,000 | INFO | ali1688_goods_monitor | 搜索的商品id是:1007173826384、991935831793、962746907189、812514770228、907762599791、990409899841、1013037690222、889385901298、1025513853144、969366546749、979396013303、875034473523、590591825369、894936744591、895285249007、970715744477、903636127402、741922490714、776195311997、811139889293
2026-04-08 06:30:55,111 | INFO | ali1688_goods_monitor | ✅ 第 2 批筛选条件已设置
2026-04-08 06:30:58,121 | INFO | ali1688_goods_monitor | 开始获取商品:1007173826384、991935831793、962746907189、812514770228、907762599791、990409899841、1013037690222、889385901298、1025513853144、969366546749、979396013303、875034473523、590591825369、894936744591、895285249007、970715744477、903636127402、741922490714、776195311997、811139889293的基本信息
2026-04-08 06:30:58,122 | INFO | ali1688_goods_monitor | ⏳ 等待点击【开始查询】并捕获 offerSearch 接口...
2026-04-08 06:30:58,521 | INFO | ali1688_goods_monitor | 商品列表返回码: 200
2026-04-08 06:30:58,521 | INFO | ali1688_goods_monitor | 🚀 开始捕获商品数据，共 19 个商品
2026-04-08 06:30:58,526 | INFO | ali1688_goods_monitor | ✅ 商品基本信息捕获完成，总耗时: 0.01秒
2026-04-08 06:30:58,526 | INFO | ali1688_goods_monitor |    - 商品数: 19
2026-04-08 06:30:58,526 | INFO | ali1688_goods_monitor | ✅ 第 2 批完成，获取到 19 个商品，0 个SKU
2026-04-08 06:30:58,526 | INFO | ali1688_goods_monitor | 📋 第 2 批商品信息:
2026-04-08 06:30:58,526 | INFO | ali1688_goods_monitor |   1. 商品ID: 990409899841, 店铺: 汕头市澄海区泰旭玩具厂, SKU数: 1
2026-04-08 06:30:58,527 | INFO | ali1688_goods_monitor |   2. 商品ID: 1025513853144, 店铺: 汕头市澄海区萌灵娃玩具厂, SKU数: 8
2026-04-08 06:30:58,527 | INFO | ali1688_goods_monitor |   3. 商品ID: 991935831793, 店铺: 温州市鑫筱贸易有限公司, SKU数: 3
2026-04-08 06:30:58,527 | INFO | ali1688_goods_monitor |   4. 商品ID: 907762599791, 店铺: 汕头市澄海区彩帆玩具厂, SKU数: 10
2026-04-08 06:30:58,527 | INFO | ali1688_goods_monitor |   5. 商品ID: 969366546749, 店铺: 汕头市澄海区启超玩具厂, SKU数: 1
2026-04-08 06:30:58,527 | INFO | ali1688_goods_monitor |   6. 商品ID: 741922490714, 店铺: 汕头市俏娃玩具有限公司, SKU数: 2
2026-04-08 06:30:58,528 | INFO | ali1688_goods_monitor |   7. 商品ID: 590591825369, 店铺: 汕头市澄海区翔鹏塑料制品厂, SKU数: 22
2026-04-08 06:30:58,528 | INFO | ali1688_goods_monitor |   8. 商品ID: 776195311997, 店铺: 汕头市澄海区讴艺玩具厂, SKU数: 1
2026-04-08 06:30:58,528 | INFO | ali1688_goods_monitor |   9. 商品ID: 903636127402, 店铺: 义乌市君玖商贸有限公司, SKU数: 3
2026-04-08 06:30:58,528 | INFO | ali1688_goods_monitor |   10. 商品ID: 812514770228, 店铺: 汕头市澄海区栩之羿贸易商行, SKU数: 2
2026-04-08 06:30:58,528 | INFO | ali1688_goods_monitor |   11. 商品ID: 875034473523, 店铺: 汕头市澄海区童积玩具厂, SKU数: 3
2026-04-08 06:30:58,528 | INFO | ali1688_goods_monitor |   12. 商品ID: 1013037690222, 店铺: 潮州市湘桥区星赫玩具厂(个体工商户), SKU数: 1
2026-04-08 06:30:58,529 | INFO | ali1688_goods_monitor |   13. 商品ID: 889385901298, 店铺: 汕头市欧切勒切电子商务有限公司, SKU数: 3
2026-04-08 06:30:58,529 | INFO | ali1688_goods_monitor |   14. 商品ID: 979396013303, 店铺: 汕头市澄海区很多人玩具商行, SKU数: 1
2026-04-08 06:30:58,529 | INFO | ali1688_goods_monitor |   15. 商品ID: 962746907189, 店铺: 汕头市龙湖区熹萌喵玩具厂, SKU数: 4
2026-04-08 06:30:58,529 | INFO | ali1688_goods_monitor |   16. 商品ID: 895285249007, 店铺: 汕头市澄海区雅尚腾玩具厂(个体工商户), SKU数: 36
2026-04-08 06:30:58,529 | INFO | ali1688_goods_monitor |   17. 商品ID: 894936744591, 店铺: 汕头市澄海区启跃玩具厂, SKU数: 16
2026-04-08 06:30:58,531 | INFO | ali1688_goods_monitor |   18. 商品ID: 970715744477, 店铺: 汕头市澄海区永志玩具商行, SKU数: 1
2026-04-08 06:30:58,532 | INFO | ali1688_goods_monitor |   19. 商品ID: 811139889293, 店铺: 义乌市孟享贸易有限公司, SKU数: 8
2026-04-08 06:30:58,613 | INFO | ali1688_goods_monitor | 💾 第2/14批：已保存 19 个商品到数据库
2026-04-08 06:30:58,613 | INFO | ali1688_goods_monitor | ⏸️  随机暂停 4.5 秒...
2026-04-08 06:31:03,138 | INFO | ali1688_goods_monitor | 🔄 刷新页面，准备处理第 3 批...
2026-04-08 06:31:14,682 | INFO | ali1688_goods_monitor | 🔍 处理第 3/14 批，共 20 个商品
2026-04-08 06:31:14,683 | INFO | ali1688_goods_monitor | 📋 商品ID: 950726478383、970377098770、1000398364752、628617576125、998051010590、856805654657、677709968233、992071730825、799083276279、976178977054、902961760235、900967422750、994662909434、681658732090、847794753111、992251601092、951035484615、826873938709、677301391721、847495122732
2026-04-08 06:31:14,687 | INFO | ali1688_goods_monitor | 🧩 选择搜索方式: 商品ID
2026-04-08 06:31:15,221 | INFO | ali1688_goods_monitor | 搜索的商品id是:950726478383、970377098770、1000398364752、628617576125、998051010590、856805654657、677709968233、992071730825、799083276279、976178977054、902961760235、900967422750、994662909434、681658732090、847794753111、992251601092、951035484615、826873938709、677301391721、847495122732
2026-04-08 06:31:16,305 | INFO | ali1688_goods_monitor | ✅ 第 3 批筛选条件已设置
2026-04-08 06:31:19,315 | INFO | ali1688_goods_monitor | 开始获取商品:950726478383、970377098770、1000398364752、628617576125、998051010590、856805654657、677709968233、992071730825、799083276279、976178977054、902961760235、900967422750、994662909434、681658732090、847794753111、992251601092、951035484615、826873938709、677301391721、847495122732的基本信息
2026-04-08 06:31:19,316 | INFO | ali1688_goods_monitor | ⏳ 等待点击【开始查询】并捕获 offerSearch 接口...
2026-04-08 06:31:19,682 | INFO | ali1688_goods_monitor | 商品列表返回码: 200
2026-04-08 06:31:19,682 | INFO | ali1688_goods_monitor | 🚀 开始捕获商品数据，共 20 个商品
2026-04-08 06:31:19,685 | INFO | ali1688_goods_monitor | ✅ 商品基本信息捕获完成，总耗时: 0.00秒
2026-04-08 06:31:19,686 | INFO | ali1688_goods_monitor |    - 商品数: 20
2026-04-08 06:31:19,686 | INFO | ali1688_goods_monitor | ✅ 第 3 批完成，获取到 20 个商品，0 个SKU
2026-04-08 06:31:19,686 | INFO | ali1688_goods_monitor | 📋 第 3 批商品信息:
2026-04-08 06:31:19,686 | INFO | ali1688_goods_monitor |   1. 商品ID: 677301391721, 店铺: 汕头市澄海区海棠玩具厂, SKU数: 5
2026-04-08 06:31:19,686 | INFO | ali1688_goods_monitor |   2. 商品ID: 847794753111, 店铺: 汕头市龙湖区熹萌喵玩具厂, SKU数: 4
2026-04-08 06:31:19,686 | INFO | ali1688_goods_monitor |   3. 商品ID: 826873938709, 店铺: 汕头市森漫贸易有限公司, SKU数: 1
2026-04-08 06:31:19,687 | INFO | ali1688_goods_monitor |   4. 商品ID: 951035484615, 店铺: 汕头市创爱旺科技有限公司, SKU数: 29
2026-04-08 06:31:19,687 | INFO | ali1688_goods_monitor |   5. 商品ID: 677709968233, 店铺: 广东佰思玩具有限公司, SKU数: 5
2026-04-08 06:31:19,687 | INFO | ali1688_goods_monitor |   6. 商品ID: 1000398364752, 店铺: 义乌市芝麻开门玩具有限公司, SKU数: 4
2026-04-08 06:31:19,687 | INFO | ali1688_goods_monitor |   7. 商品ID: 628617576125, 店铺: 汕头市俏娃玩具有限公司, SKU数: 5
2026-04-08 06:31:19,687 | INFO | ali1688_goods_monitor |   8. 商品ID: 976178977054, 店铺: 汕头市玩物社科技有限公司, SKU数: 5
2026-04-08 06:31:19,687 | INFO | ali1688_goods_monitor |   9. 商品ID: 992071730825, 店铺: 深圳市粤加大玩具有限公司, SKU数: 3
2026-04-08 06:31:19,688 | INFO | ali1688_goods_monitor |   10. 商品ID: 994662909434, 店铺: 义乌市麦贤电子商务商行, SKU数: 3
2026-04-08 06:31:19,688 | INFO | ali1688_goods_monitor |   11. 商品ID: 856805654657, 店铺: 汕头市龙湖区熹萌喵玩具厂, SKU数: 1
2026-04-08 06:31:19,688 | INFO | ali1688_goods_monitor |   12. 商品ID: 902961760235, 店铺: 汕头市龙湖区熹萌喵玩具厂, SKU数: 4
2026-04-08 06:31:19,688 | INFO | ali1688_goods_monitor |   13. 商品ID: 998051010590, 店铺: 汕头市盛星达体育用品有限公司, SKU数: 4
2026-04-08 06:31:19,688 | INFO | ali1688_goods_monitor |   14. 商品ID: 992251601092, 店铺: 义乌市纯亿供应链管理服务有限公司, SKU数: 3
2026-04-08 06:31:19,688 | INFO | ali1688_goods_monitor |   15. 商品ID: 847495122732, 店铺: 汕头市龙湖区熹萌喵玩具厂, SKU数: 3
2026-04-08 06:31:19,688 | INFO | ali1688_goods_monitor |   16. 商品ID: 900967422750, 店铺: 汕头市澄海区越来越聪明玩具厂, SKU数: 22
2026-04-08 06:31:19,689 | INFO | ali1688_goods_monitor |   17. 商品ID: 950726478383, 店铺: 汕头市澄海区美贝斯玩具商行, SKU数: 13
2026-04-08 06:31:19,689 | INFO | ali1688_goods_monitor |   18. 商品ID: 970377098770, 店铺: 汕头市澄海区贝欣达玩具厂, SKU数: 37
2026-04-08 06:31:19,689 | INFO | ali1688_goods_monitor |   19. 商品ID: 799083276279, 店铺: 汕头市澄海区米可玩具商行, SKU数: 3
2026-04-08 06:31:19,689 | INFO | ali1688_goods_monitor |   20. 商品ID: 681658732090, 店铺: 深圳金喜来电子股份有限公司, SKU数: 1
2026-04-08 06:31:19,786 | INFO | ali1688_goods_monitor | 💾 第3/14批：已保存 20 个商品到数据库
2026-04-08 06:31:19,786 | INFO | ali1688_goods_monitor | ⏸️  随机暂停 3.4 秒...
2026-04-08 06:31:23,202 | INFO | ali1688_goods_monitor | 🔄 刷新页面，准备处理第 4 批...
2026-04-08 06:31:33,715 | INFO | ali1688_goods_monitor | 🔍 处理第 4/14 批，共 20 个商品
2026-04-08 06:31:33,716 | INFO | ali1688_goods_monitor | 📋 商品ID: 899704194303、1007062397648、1000255776437、898439171537、43695296576、956573560393、902473655388、890654399053、979471208168、996059989352、840249263873、873614306333、702199084381、746411095420、703551244918、832304702315、950670074468、789633522584、890407614753、999142031933
2026-04-08 06:31:33,719 | INFO | ali1688_goods_monitor | 🧩 选择搜索方式: 商品ID
2026-04-08 06:31:34,199 | INFO | ali1688_goods_monitor | 搜索的商品id是:899704194303、1007062397648、1000255776437、898439171537、43695296576、956573560393、902473655388、890654399053、979471208168、996059989352、840249263873、873614306333、702199084381、746411095420、703551244918、832304702315、950670074468、789633522584、890407614753、999142031933
2026-04-08 06:31:35,311 | INFO | ali1688_goods_monitor | ✅ 第 4 批筛选条件已设置
2026-04-08 06:31:38,314 | INFO | ali1688_goods_monitor | 开始获取商品:899704194303、1007062397648、1000255776437、898439171537、43695296576、956573560393、902473655388、890654399053、979471208168、996059989352、840249263873、873614306333、702199084381、746411095420、703551244918、832304702315、950670074468、789633522584、890407614753、999142031933的基本信息
2026-04-08 06:31:38,315 | INFO | ali1688_goods_monitor | ⏳ 等待点击【开始查询】并捕获 offerSearch 接口...
2026-04-08 06:31:38,694 | INFO | ali1688_goods_monitor | 商品列表返回码: 200
2026-04-08 06:31:38,694 | INFO | ali1688_goods_monitor | 🚀 开始捕获商品数据，共 20 个商品
2026-04-08 06:31:38,696 | INFO | ali1688_goods_monitor | ✅ 商品基本信息捕获完成，总耗时: 0.00秒
2026-04-08 06:31:38,697 | INFO | ali1688_goods_monitor |    - 商品数: 20
2026-04-08 06:31:38,697 | INFO | ali1688_goods_monitor | ✅ 第 4 批完成，获取到 20 个商品，0 个SKU
2026-04-08 06:31:38,697 | INFO | ali1688_goods_monitor | 📋 第 4 批商品信息:
2026-04-08 06:31:38,697 | INFO | ali1688_goods_monitor |   1. 商品ID: 1000255776437, 店铺: 义乌市屿团电子商务商行, SKU数: 3
2026-04-08 06:31:38,697 | INFO | ali1688_goods_monitor |   2. 商品ID: 996059989352, 店铺: 义乌市海潭商贸有限公司, SKU数: 3
2026-04-08 06:31:38,697 | INFO | ali1688_goods_monitor |   3. 商品ID: 902473655388, 店铺: 汕头市龙湖区熹萌喵玩具厂, SKU数: 1
2026-04-08 06:31:38,698 | INFO | ali1688_goods_monitor |   4. 商品ID: 899704194303, 店铺: 汕头市澄海区孩艺宝玩具厂, SKU数: 12
2026-04-08 06:31:38,698 | INFO | ali1688_goods_monitor |   5. 商品ID: 703551244918, 店铺: 汕头市澄海区米可玩具商行, SKU数: 3
2026-04-08 06:31:38,698 | INFO | ali1688_goods_monitor |   6. 商品ID: 898439171537, 店铺: 汕头市龙湖区熹萌喵玩具厂, SKU数: 14
2026-04-08 06:31:38,698 | INFO | ali1688_goods_monitor |   7. 商品ID: 890407614753, 店铺: 汕头市澄海区萌董乐玩具厂, SKU数: 17
2026-04-08 06:31:38,698 | INFO | ali1688_goods_monitor |   8. 商品ID: 873614306333, 店铺: 汕头市俏娃玩具有限公司, SKU数: 5
2026-04-08 06:31:38,698 | INFO | ali1688_goods_monitor |   9. 商品ID: 43695296576, 店铺: 汕头市澄海区豪达玩具有限公司, SKU数: 2
2026-04-08 06:31:38,699 | INFO | ali1688_goods_monitor |   10. 商品ID: 956573560393, 店铺: 汕头市澄海区巧新玩具厂, SKU数: 3
2026-04-08 06:31:38,699 | INFO | ali1688_goods_monitor |   11. 商品ID: 789633522584, 店铺: 汕头市澄海区乐涵玩具厂, SKU数: 1
2026-04-08 06:31:38,699 | INFO | ali1688_goods_monitor |   12. 商品ID: 999142031933, 店铺: 深圳金喜来电子股份有限公司, SKU数: 1
2026-04-08 06:31:38,699 | INFO | ali1688_goods_monitor |   13. 商品ID: 950670074468, 店铺: 汕头市澄海区雅尚腾玩具厂(个体工商户), SKU数: 36
2026-04-08 06:31:38,699 | INFO | ali1688_goods_monitor |   14. 商品ID: 1007062397648, 店铺: 汕头市澄海区坤铄玩具厂, SKU数: 4
2026-04-08 06:31:38,699 | INFO | ali1688_goods_monitor |   15. 商品ID: 890654399053, 店铺: 汕头市澄海区悦优佳玩具厂, SKU数: 22
2026-04-08 06:31:38,699 | INFO | ali1688_goods_monitor |   16. 商品ID: 840249263873, 店铺: 汕头市嬉游记玩具有限公司, SKU数: 8
2026-04-08 06:31:38,700 | INFO | ali1688_goods_monitor |   17. 商品ID: 702199084381, 店铺: 汕头市澄海区实琪玩具有限公司, SKU数: 21
2026-04-08 06:31:38,701 | INFO | ali1688_goods_monitor |   18. 商品ID: 832304702315, 店铺: 广东佰思玩具有限公司, SKU数: 5
2026-04-08 06:31:38,701 | INFO | ali1688_goods_monitor |   19. 商品ID: 746411095420, 店铺: 汕头市龙湖区宝乐喜玩具商行, SKU数: 6
2026-04-08 06:31:38,701 | INFO | ali1688_goods_monitor |   20. 商品ID: 979471208168, 店铺: 汕头市澄海区淘琪宝玩具厂, SKU数: 1
2026-04-08 06:31:38,799 | INFO | ali1688_goods_monitor | 💾 第4/14批：已保存 20 个商品到数据库
2026-04-08 06:31:38,799 | INFO | ali1688_goods_monitor | ⏸️  随机暂停 5.0 秒...
2026-04-08 06:31:43,783 | INFO | ali1688_goods_monitor | 🔄 刷新页面，准备处理第 5 批...
2026-04-08 06:31:52,425 | INFO | ali1688_goods_monitor | 🔍 处理第 5/14 批，共 20 个商品
2026-04-08 06:31:52,425 | INFO | ali1688_goods_monitor | 📋 商品ID: 859584630627、1009966785995、985206853035、991070192317、927205288673、950658287741、993465198242、998859559585、992800642545、990618054916、652994949606、873771926327、970542473882、836899798919、928580021030、852501307622、632300625030、853399095646、671840552108、975762015590
2026-04-08 06:31:52,430 | INFO | ali1688_goods_monitor | 🧩 选择搜索方式: 商品ID
2026-04-08 06:31:52,992 | INFO | ali1688_goods_monitor | 搜索的商品id是:859584630627、1009966785995、985206853035、991070192317、927205288673、950658287741、993465198242、998859559585、992800642545、990618054916、652994949606、873771926327、970542473882、836899798919、928580021030、852501307622、632300625030、853399095646、671840552108、975762015590
2026-04-08 06:31:54,085 | INFO | ali1688_goods_monitor | ✅ 第 5 批筛选条件已设置
2026-04-08 06:31:57,088 | INFO | ali1688_goods_monitor | 开始获取商品:859584630627、1009966785995、985206853035、991070192317、927205288673、950658287741、993465198242、998859559585、992800642545、990618054916、652994949606、873771926327、970542473882、836899798919、928580021030、852501307622、632300625030、853399095646、671840552108、975762015590的基本信息
2026-04-08 06:31:57,090 | INFO | ali1688_goods_monitor | ⏳ 等待点击【开始查询】并捕获 offerSearch 接口...
2026-04-08 06:31:57,489 | INFO | ali1688_goods_monitor | 商品列表返回码: 200
2026-04-08 06:31:57,492 | INFO | ali1688_goods_monitor | 🚀 开始捕获商品数据，共 20 个商品
2026-04-08 06:31:57,498 | INFO | ali1688_goods_monitor | ✅ 商品基本信息捕获完成，总耗时: 0.01秒
2026-04-08 06:31:57,498 | INFO | ali1688_goods_monitor |    - 商品数: 20
2026-04-08 06:31:57,498 | INFO | ali1688_goods_monitor | ✅ 第 5 批完成，获取到 20 个商品，0 个SKU
2026-04-08 06:31:57,499 | INFO | ali1688_goods_monitor | 📋 第 5 批商品信息:
2026-04-08 06:31:57,499 | INFO | ali1688_goods_monitor |   1. 商品ID: 993465198242, 店铺: 汕头市铭立玩具有限公司, SKU数: 7
2026-04-08 06:31:57,499 | INFO | ali1688_goods_monitor |   2. 商品ID: 859584630627, 店铺: 汕头市龙湖区熹萌喵玩具厂, SKU数: 4
2026-04-08 06:31:57,499 | INFO | ali1688_goods_monitor |   3. 商品ID: 852501307622, 店铺: 汕头市俏娃玩具有限公司, SKU数: 1
2026-04-08 06:31:57,499 | INFO | ali1688_goods_monitor |   4. 商品ID: 927205288673, 店铺: 汕头市龙湖区熹萌喵玩具厂, SKU数: 4
2026-04-08 06:31:57,499 | INFO | ali1688_goods_monitor |   5. 商品ID: 1009966785995, 店铺: 汕头市恒达星玩具有限公司, SKU数: 4
2026-04-08 06:31:57,499 | INFO | ali1688_goods_monitor |   6. 商品ID: 853399095646, 店铺: 汕头市嬉游记玩具有限公司, SKU数: 15
2026-04-08 06:31:57,500 | INFO | ali1688_goods_monitor |   7. 商品ID: 991070192317, 店铺: 汕头市澄海区神宥玩具厂(个体工商户), SKU数: 11
2026-04-08 06:31:57,500 | INFO | ali1688_goods_monitor |   8. 商品ID: 998859559585, 店铺: 汕头市澄海区坤铄玩具厂, SKU数: 11
2026-04-08 06:31:57,500 | INFO | ali1688_goods_monitor |   9. 商品ID: 671840552108, 店铺: 汕头市澄海区华迪锋玩具厂, SKU数: 8
2026-04-08 06:31:57,501 | INFO | ali1688_goods_monitor |   10. 商品ID: 985206853035, 店铺: 汕头市澄海区金颖玩具厂, SKU数: 2
2026-04-08 06:31:57,501 | INFO | ali1688_goods_monitor |   11. 商品ID: 992800642545, 店铺: 汕头市盛星达体育用品有限公司, SKU数: 3
2026-04-08 06:31:57,501 | INFO | ali1688_goods_monitor |   12. 商品ID: 873771926327, 店铺: 汕头市澄海区酷乐孩玩具厂, SKU数: 34
2026-04-08 06:31:57,501 | INFO | ali1688_goods_monitor |   13. 商品ID: 652994949606, 店铺: 汕头市俏娃玩具有限公司, SKU数: 4
2026-04-08 06:31:57,501 | INFO | ali1688_goods_monitor |   14. 商品ID: 975762015590, 店铺: 汕头市澄海区小筑班五金玩具厂, SKU数: 6
2026-04-08 06:31:57,501 | INFO | ali1688_goods_monitor |   15. 商品ID: 928580021030, 店铺: 汕头市嬉游记玩具有限公司, SKU数: 2
2026-04-08 06:31:57,501 | INFO | ali1688_goods_monitor |   16. 商品ID: 836899798919, 店铺: 汕头市澄海区小筑班五金玩具厂, SKU数: 9
2026-04-08 06:31:57,501 | INFO | ali1688_goods_monitor |   17. 商品ID: 990618054916, 店铺: 妆链时代（深圳）科技有限公司, SKU数: 3
2026-04-08 06:31:57,502 | INFO | ali1688_goods_monitor |   18. 商品ID: 632300625030, 店铺: 汕头市俏娃玩具有限公司, SKU数: 1
2026-04-08 06:31:57,502 | INFO | ali1688_goods_monitor |   19. 商品ID: 950658287741, 店铺: 汕头市澄海区三只老鼠玩具厂, SKU数: 18
2026-04-08 06:31:57,502 | INFO | ali1688_goods_monitor |   20. 商品ID: 970542473882, 店铺: 汕头市嬉游记玩具有限公司, SKU数: 5
2026-04-08 06:31:57,599 | INFO | ali1688_goods_monitor | 💾 第5/14批：已保存 20 个商品到数据库
2026-04-08 06:31:57,599 | INFO | ali1688_goods_monitor | ⏸️  随机暂停 6.2 秒...
2026-04-08 06:32:03,791 | INFO | ali1688_goods_monitor | 🔄 刷新页面，准备处理第 6 批...
2026-04-08 06:32:10,600 | INFO | ali1688_goods_monitor | 🔍 处理第 6/14 批，共 20 个商品
2026-04-08 06:32:10,600 | INFO | ali1688_goods_monitor | 📋 商品ID: 994237964153、847990628509、962546716755、854253039240、662598267674、978651830599、692940339011、993354315037、895439014120、997795598539、1037735891255、849820903779、729749403422、948334688543、746416939989、930446969722、991823064917、621865712164、847781001778、864653527961
2026-04-08 06:32:10,607 | INFO | ali1688_goods_monitor | 🧩 选择搜索方式: 商品ID
2026-04-08 06:32:11,055 | INFO | ali1688_goods_monitor | 搜索的商品id是:994237964153、847990628509、962546716755、854253039240、662598267674、978651830599、692940339011、993354315037、895439014120、997795598539、1037735891255、849820903779、729749403422、948334688543、746416939989、930446969722、991823064917、621865712164、847781001778、864653527961
2026-04-08 06:32:12,164 | INFO | ali1688_goods_monitor | ✅ 第 6 批筛选条件已设置
2026-04-08 06:32:15,172 | INFO | ali1688_goods_monitor | 开始获取商品:994237964153、847990628509、962546716755、854253039240、662598267674、978651830599、692940339011、993354315037、895439014120、997795598539、1037735891255、849820903779、729749403422、948334688543、746416939989、930446969722、991823064917、621865712164、847781001778、864653527961的基本信息
2026-04-08 06:32:15,173 | INFO | ali1688_goods_monitor | ⏳ 等待点击【开始查询】并捕获 offerSearch 接口...
2026-04-08 06:32:15,514 | INFO | ali1688_goods_monitor | 商品列表返回码: 200
2026-04-08 06:32:15,514 | INFO | ali1688_goods_monitor | 🚀 开始捕获商品数据，共 19 个商品
2026-04-08 06:32:15,518 | INFO | ali1688_goods_monitor | ✅ 商品基本信息捕获完成，总耗时: 0.00秒
2026-04-08 06:32:15,519 | INFO | ali1688_goods_monitor |    - 商品数: 19
2026-04-08 06:32:15,519 | INFO | ali1688_goods_monitor | ✅ 第 6 批完成，获取到 19 个商品，0 个SKU
2026-04-08 06:32:15,519 | INFO | ali1688_goods_monitor | 📋 第 6 批商品信息:
2026-04-08 06:32:15,519 | INFO | ali1688_goods_monitor |   1. 商品ID: 729749403422, 店铺: 珠海欣球格创科技有限公司, SKU数: 7
2026-04-08 06:32:15,519 | INFO | ali1688_goods_monitor |   2. 商品ID: 895439014120, 店铺: 汕头市澄海区新创贸易商行, SKU数: 8
2026-04-08 06:32:15,520 | INFO | ali1688_goods_monitor |   3. 商品ID: 978651830599, 店铺: 义乌市紫戈玩具有限公司, SKU数: 2
2026-04-08 06:32:15,520 | INFO | ali1688_goods_monitor |   4. 商品ID: 662598267674, 店铺: 汕头市俏娃玩具有限公司, SKU数: 4
2026-04-08 06:32:15,520 | INFO | ali1688_goods_monitor |   5. 商品ID: 621865712164, 店铺: 汕头市俏娃玩具有限公司, SKU数: 8
2026-04-08 06:32:15,520 | INFO | ali1688_goods_monitor |   6. 商品ID: 994237964153, 店铺: 汕头市澄海区十意玩具厂, SKU数: 7
2026-04-08 06:32:15,520 | INFO | ali1688_goods_monitor |   7. 商品ID: 948334688543, 店铺: 汕头市澄海区超慧丰贸易商行, SKU数: 22
2026-04-08 06:32:15,520 | INFO | ali1688_goods_monitor |   8. 商品ID: 993354315037, 店铺: 汕头市澄海区奥维玩具厂, SKU数: 11
2026-04-08 06:32:15,521 | INFO | ali1688_goods_monitor |   9. 商品ID: 864653527961, 店铺: 汕头市迪利嘉科技有限公司, SKU数: 1
2026-04-08 06:32:15,521 | INFO | ali1688_goods_monitor |   10. 商品ID: 746416939989, 店铺: 李楚平, SKU数: 2
2026-04-08 06:32:15,521 | INFO | ali1688_goods_monitor |   11. 商品ID: 997795598539, 店铺: 汕头市盛星达体育用品有限公司, SKU数: 3
2026-04-08 06:32:15,521 | INFO | ali1688_goods_monitor |   12. 商品ID: 692940339011, 店铺: 汕头市澄海区商裕玩具商行, SKU数: 3
2026-04-08 06:32:15,521 | INFO | ali1688_goods_monitor |   13. 商品ID: 930446969722, 店铺: 汕头市俏娃玩具有限公司, SKU数: 2
2026-04-08 06:32:15,521 | INFO | ali1688_goods_monitor |   14. 商品ID: 991823064917, 店铺: 汕头市澄海区都说好玩具商行, SKU数: 8
2026-04-08 06:32:15,521 | INFO | ali1688_goods_monitor |   15. 商品ID: 849820903779, 店铺: 汕头市龙湖区熹萌喵玩具厂, SKU数: 4
2026-04-08 06:32:15,522 | INFO | ali1688_goods_monitor |   16. 商品ID: 847990628509, 店铺: 汕头市龙湖区熹萌喵玩具厂, SKU数: 8
2026-04-08 06:32:15,522 | INFO | ali1688_goods_monitor |   17. 商品ID: 854253039240, 店铺: 汕头市嬉游记玩具有限公司, SKU数: 2
2026-04-08 06:32:15,522 | INFO | ali1688_goods_monitor |   18. 商品ID: 847781001778, 店铺: 汕头市龙湖区熹萌喵玩具厂, SKU数: 4
2026-04-08 06:32:15,522 | INFO | ali1688_goods_monitor |   19. 商品ID: 962546716755, 店铺: 汕头市澄海区淘琪宝玩具厂, SKU数: 3
2026-04-08 06:32:15,607 | INFO | ali1688_goods_monitor | 💾 第6/14批：已保存 19 个商品到数据库
2026-04-08 06:32:15,608 | INFO | ali1688_goods_monitor | ⏸️  随机暂停 4.3 秒...
2026-04-08 06:32:19,877 | INFO | ali1688_goods_monitor | 🔄 刷新页面，准备处理第 7 批...
2026-04-08 06:32:26,292 | INFO | ali1688_goods_monitor | 🔍 处理第 7/14 批，共 20 个商品
2026-04-08 06:32:26,293 | INFO | ali1688_goods_monitor | 📋 商品ID: 995364912374、811638208514、952611726643、915854311158、985998626047、924140770781、986179889619、999860867159、675880303102、997359995216、991467576950、813592780236、920664381969、926941651375、847784309788、991699553836、848195784663、773383798724、1006668462460、917143716667
2026-04-08 06:32:26,297 | INFO | ali1688_goods_monitor | 🧩 选择搜索方式: 商品ID
2026-04-08 06:32:26,813 | INFO | ali1688_goods_monitor | 搜索的商品id是:995364912374、811638208514、952611726643、915854311158、985998626047、924140770781、986179889619、999860867159、675880303102、997359995216、991467576950、813592780236、920664381969、926941651375、847784309788、991699553836、848195784663、773383798724、1006668462460、917143716667
2026-04-08 06:32:27,951 | INFO | ali1688_goods_monitor | ✅ 第 7 批筛选条件已设置
2026-04-08 06:32:30,962 | INFO | ali1688_goods_monitor | 开始获取商品:995364912374、811638208514、952611726643、915854311158、985998626047、924140770781、986179889619、999860867159、675880303102、997359995216、991467576950、813592780236、920664381969、926941651375、847784309788、991699553836、848195784663、773383798724、1006668462460、917143716667的基本信息
2026-04-08 06:32:30,963 | INFO | ali1688_goods_monitor | ⏳ 等待点击【开始查询】并捕获 offerSearch 接口...
2026-04-08 06:32:31,279 | INFO | ali1688_goods_monitor | 商品列表返回码: 200
2026-04-08 06:32:31,280 | INFO | ali1688_goods_monitor | 🚀 开始捕获商品数据，共 19 个商品
2026-04-08 06:32:31,282 | INFO | ali1688_goods_monitor | ✅ 商品基本信息捕获完成，总耗时: 0.00秒
2026-04-08 06:32:31,283 | INFO | ali1688_goods_monitor |    - 商品数: 19
2026-04-08 06:32:31,283 | INFO | ali1688_goods_monitor | ✅ 第 7 批完成，获取到 19 个商品，0 个SKU
2026-04-08 06:32:31,283 | INFO | ali1688_goods_monitor | 📋 第 7 批商品信息:
2026-04-08 06:32:31,283 | INFO | ali1688_goods_monitor |   1. 商品ID: 991467576950, 店铺: 汕头市澄海区罗森丰贸易商行, SKU数: 40
2026-04-08 06:32:31,283 | INFO | ali1688_goods_monitor |   2. 商品ID: 1006668462460, 店铺: 汕头市澄海区美迪电器厂, SKU数: 12
2026-04-08 06:32:31,283 | INFO | ali1688_goods_monitor |   3. 商品ID: 915854311158, 店铺: 汕头市龙湖区熹萌喵玩具厂, SKU数: 5
2026-04-08 06:32:31,284 | INFO | ali1688_goods_monitor |   4. 商品ID: 773383798724, 店铺: 汕头市澄海区优比比玩具商行, SKU数: 10
2026-04-08 06:32:31,284 | INFO | ali1688_goods_monitor |   5. 商品ID: 924140770781, 店铺: 义乌市圣泽文化用品有限公司, SKU数: 2
2026-04-08 06:32:31,284 | INFO | ali1688_goods_monitor |   6. 商品ID: 813592780236, 店铺: 汕头市嬉游记玩具有限公司, SKU数: 2
2026-04-08 06:32:31,284 | INFO | ali1688_goods_monitor |   7. 商品ID: 675880303102, 店铺: 深圳巨变科技有限公司, SKU数: 1
2026-04-08 06:32:31,284 | INFO | ali1688_goods_monitor |   8. 商品ID: 952611726643, 店铺: 汕头市嬉游记玩具有限公司, SKU数: 2
2026-04-08 06:32:31,284 | INFO | ali1688_goods_monitor |   9. 商品ID: 926941651375, 店铺: 汕头市龙湖区熹萌喵玩具厂, SKU数: 10
2026-04-08 06:32:31,284 | INFO | ali1688_goods_monitor |   10. 商品ID: 847784309788, 店铺: 汕头市龙湖区熹萌喵玩具厂, SKU数: 2
2026-04-08 06:32:31,285 | INFO | ali1688_goods_monitor |   11. 商品ID: 986179889619, 店铺: 汕头市澄海区来得玩具厂, SKU数: 3
2026-04-08 06:32:31,285 | INFO | ali1688_goods_monitor |   12. 商品ID: 848195784663, 店铺: 汕头市龙湖区熹萌喵玩具厂, SKU数: 6
2026-04-08 06:32:31,285 | INFO | ali1688_goods_monitor |   13. 商品ID: 995364912374, 店铺: 义乌市绘屿电子商务商行, SKU数: 3
2026-04-08 06:32:31,285 | INFO | ali1688_goods_monitor |   14. 商品ID: 811638208514, 店铺: 汕头市澄海区轮转玩具商行, SKU数: 3
2026-04-08 06:32:31,285 | INFO | ali1688_goods_monitor |   15. 商品ID: 997359995216, 店铺: 汕头市盛缔歆贸易有限公司, SKU数: 4
2026-04-08 06:32:31,285 | INFO | ali1688_goods_monitor |   16. 商品ID: 985998626047, 店铺: 汕头澄海区莱鑫益益智玩具商行, SKU数: 4
2026-04-08 06:32:31,285 | INFO | ali1688_goods_monitor |   17. 商品ID: 999860867159, 店铺: 汕头市盛缔歆贸易有限公司, SKU数: 1
2026-04-08 06:32:31,286 | INFO | ali1688_goods_monitor |   18. 商品ID: 920664381969, 店铺: 义乌市艺可玩具有限公司, SKU数: 4
2026-04-08 06:32:31,286 | INFO | ali1688_goods_monitor |   19. 商品ID: 917143716667, 店铺: 汕头市龙湖区熹萌喵玩具厂, SKU数: 4
2026-04-08 06:32:31,374 | INFO | ali1688_goods_monitor | 💾 第7/14批：已保存 19 个商品到数据库
2026-04-08 06:32:31,374 | INFO | ali1688_goods_monitor | ⏸️  随机暂停 3.6 秒...
2026-04-08 06:32:34,998 | INFO | ali1688_goods_monitor | 🔄 刷新页面，准备处理第 8 批...
2026-04-08 06:32:42,177 | INFO | ali1688_goods_monitor | 🔍 处理第 8/14 批，共 20 个商品
2026-04-08 06:32:42,178 | INFO | ali1688_goods_monitor | 📋 商品ID: 833863806015、778105306124、1000261330427、990374779412、678640196785、855494409051、695065852792、973730524327、969889694254、854773109889、662629659424、1001253412551、796066732390、968025059447、983142383790、918745003737、989391144530、1039821084728、903214944988、909894706445
2026-04-08 06:32:42,182 | INFO | ali1688_goods_monitor | 🧩 选择搜索方式: 商品ID
2026-04-08 06:32:42,656 | INFO | ali1688_goods_monitor | 搜索的商品id是:833863806015、778105306124、1000261330427、990374779412、678640196785、855494409051、695065852792、973730524327、969889694254、854773109889、662629659424、1001253412551、796066732390、968025059447、983142383790、918745003737、989391144530、1039821084728、903214944988、909894706445
2026-04-08 06:32:43,760 | INFO | ali1688_goods_monitor | ✅ 第 8 批筛选条件已设置
2026-04-08 06:32:46,769 | INFO | ali1688_goods_monitor | 开始获取商品:833863806015、778105306124、1000261330427、990374779412、678640196785、855494409051、695065852792、973730524327、969889694254、854773109889、662629659424、1001253412551、796066732390、968025059447、983142383790、918745003737、989391144530、1039821084728、903214944988、909894706445的基本信息
2026-04-08 06:32:46,769 | INFO | ali1688_goods_monitor | ⏳ 等待点击【开始查询】并捕获 offerSearch 接口...
2026-04-08 06:32:47,757 | INFO | ali1688_goods_monitor | 商品列表返回码: 200
2026-04-08 06:32:47,758 | INFO | ali1688_goods_monitor | 🚀 开始捕获商品数据，共 20 个商品
2026-04-08 06:32:47,763 | INFO | ali1688_goods_monitor | ✅ 商品基本信息捕获完成，总耗时: 0.01秒
2026-04-08 06:32:47,764 | INFO | ali1688_goods_monitor |    - 商品数: 20
2026-04-08 06:32:47,764 | INFO | ali1688_goods_monitor | ✅ 第 8 批完成，获取到 20 个商品，0 个SKU
2026-04-08 06:32:47,764 | INFO | ali1688_goods_monitor | 📋 第 8 批商品信息:
2026-04-08 06:32:47,764 | INFO | ali1688_goods_monitor |   1. 商品ID: 1039821084728, 店铺: 义乌市怡芬日用品有限公司, SKU数: None
2026-04-08 06:32:47,764 | INFO | ali1688_goods_monitor |   2. 商品ID: 662629659424, 店铺: 汕头市嬉游记玩具有限公司, SKU数: 4
2026-04-08 06:32:47,765 | INFO | ali1688_goods_monitor |   3. 商品ID: 796066732390, 店铺: 义乌市卡登电子商务有限公司, SKU数: 6
2026-04-08 06:32:47,765 | INFO | ali1688_goods_monitor |   4. 商品ID: 855494409051, 店铺: 汕头市龙湖区熹萌喵玩具厂, SKU数: 4
2026-04-08 06:32:47,765 | INFO | ali1688_goods_monitor |   5. 商品ID: 833863806015, 店铺: 潮州市博思玩具有限公司, SKU数: 5
2026-04-08 06:32:47,765 | INFO | ali1688_goods_monitor |   6. 商品ID: 918745003737, 店铺: 深圳市栓云笙科技有限公司, SKU数: 6
2026-04-08 06:32:47,765 | INFO | ali1688_goods_monitor |   7. 商品ID: 968025059447, 店铺: 汕头市澄海区骇浪玩具商行（个体工商户）, SKU数: 6
2026-04-08 06:32:47,765 | INFO | ali1688_goods_monitor |   8. 商品ID: 990374779412, 店铺: 义乌市精卓工艺品有限公司, SKU数: 3
2026-04-08 06:32:47,766 | INFO | ali1688_goods_monitor |   9. 商品ID: 969889694254, 店铺: 深圳市惠艺美玩具有限公司, SKU数: 27
2026-04-08 06:32:47,766 | INFO | ali1688_goods_monitor |   10. 商品ID: 903214944988, 店铺: 汕头市澄海区汕澄批玩具商行, SKU数: 1
2026-04-08 06:32:47,766 | INFO | ali1688_goods_monitor |   11. 商品ID: 973730524327, 店铺: 汕头市乐与拾光玩具有限公司, SKU数: 11
2026-04-08 06:32:47,766 | INFO | ali1688_goods_monitor |   12. 商品ID: 1000261330427, 店铺: 汕头市盛缔歆贸易有限公司, SKU数: 1
2026-04-08 06:32:47,766 | INFO | ali1688_goods_monitor |   13. 商品ID: 989391144530, 店铺: 汕头市澄海区罗森丰贸易商行, SKU数: 40
2026-04-08 06:32:47,766 | INFO | ali1688_goods_monitor |   14. 商品ID: 778105306124, 店铺: 林粉兰, SKU数: 1
2026-04-08 06:32:47,767 | INFO | ali1688_goods_monitor |   15. 商品ID: 983142383790, 店铺: 东莞市狂蜂狂蚁科技有限公司, SKU数: None
2026-04-08 06:32:47,767 | INFO | ali1688_goods_monitor |   16. 商品ID: 695065852792, 店铺: 汕头市澄海区川宇玩具厂, SKU数: 2
2026-04-08 06:32:47,767 | INFO | ali1688_goods_monitor |   17. 商品ID: 909894706445, 店铺: 汕头市澄海区越来越聪明玩具厂, SKU数: 22
2026-04-08 06:32:47,767 | INFO | ali1688_goods_monitor |   18. 商品ID: 1001253412551, 店铺: 汕头市澄海区贝晟玩具厂, SKU数: 7
2026-04-08 06:32:47,767 | INFO | ali1688_goods_monitor |   19. 商品ID: 854773109889, 店铺: 汕头市龙湖区熹萌喵玩具厂, SKU数: 1
2026-04-08 06:32:47,767 | INFO | ali1688_goods_monitor |   20. 商品ID: 678640196785, 店铺: 汕头市澄海区实琪玩具有限公司, SKU数: 8
2026-04-08 06:32:47,874 | INFO | ali1688_goods_monitor | 💾 第8/14批：已保存 20 个商品到数据库
2026-04-08 06:32:47,874 | INFO | ali1688_goods_monitor | ⏸️  随机暂停 3.9 秒...
2026-04-08 06:32:51,814 | INFO | ali1688_goods_monitor | 🔄 刷新页面，准备处理第 9 批...
2026-04-08 06:32:58,074 | INFO | ali1688_goods_monitor | 🔍 处理第 9/14 批，共 20 个商品
2026-04-08 06:32:58,075 | INFO | ali1688_goods_monitor | 📋 商品ID: 854420062122、653871136084、626387346293、984336119328、978648327291、834236928026、709904411964、847979472849、848295933948、939201456076、985101359570、900592605428、818121391220、668301084321、716733322460、955211708273、985879832920、847713406081、997742353743、906941705446
2026-04-08 06:32:58,079 | INFO | ali1688_goods_monitor | 🧩 选择搜索方式: 商品ID
2026-04-08 06:32:58,576 | INFO | ali1688_goods_monitor | 搜索的商品id是:854420062122、653871136084、626387346293、984336119328、978648327291、834236928026、709904411964、847979472849、848295933948、939201456076、985101359570、900592605428、818121391220、668301084321、716733322460、955211708273、985879832920、847713406081、997742353743、906941705446
2026-04-08 06:32:59,671 | INFO | ali1688_goods_monitor | ✅ 第 9 批筛选条件已设置
2026-04-08 06:33:02,687 | INFO | ali1688_goods_monitor | 开始获取商品:854420062122、653871136084、626387346293、984336119328、978648327291、834236928026、709904411964、847979472849、848295933948、939201456076、985101359570、900592605428、818121391220、668301084321、716733322460、955211708273、985879832920、847713406081、997742353743、906941705446的基本信息
2026-04-08 06:33:02,688 | INFO | ali1688_goods_monitor | ⏳ 等待点击【开始查询】并捕获 offerSearch 接口...
2026-04-08 06:33:03,013 | INFO | ali1688_goods_monitor | 商品列表返回码: 200
2026-04-08 06:33:03,014 | INFO | ali1688_goods_monitor | 🚀 开始捕获商品数据，共 19 个商品
2026-04-08 06:33:03,021 | INFO | ali1688_goods_monitor | ✅ 商品基本信息捕获完成，总耗时: 0.01秒
2026-04-08 06:33:03,024 | INFO | ali1688_goods_monitor |    - 商品数: 19
2026-04-08 06:33:03,024 | INFO | ali1688_goods_monitor | ✅ 第 9 批完成，获取到 19 个商品，0 个SKU
2026-04-08 06:33:03,025 | INFO | ali1688_goods_monitor | 📋 第 9 批商品信息:
2026-04-08 06:33:03,025 | INFO | ali1688_goods_monitor |   1. 商品ID: 939201456076, 店铺: 汕头市龙湖区熹萌喵玩具厂, SKU数: 7
2026-04-08 06:33:03,025 | INFO | ali1688_goods_monitor |   2. 商品ID: 955211708273, 店铺: 汕头市澄海区多美仕玩具厂, SKU数: 23
2026-04-08 06:33:03,025 | INFO | ali1688_goods_monitor |   3. 商品ID: 997742353743, 店铺: 义乌市胤潭电子商务商行, SKU数: 3
2026-04-08 06:33:03,026 | INFO | ali1688_goods_monitor |   4. 商品ID: 818121391220, 店铺: 义乌市零号电子商务商行, SKU数: 7
2026-04-08 06:33:03,026 | INFO | ali1688_goods_monitor |   5. 商品ID: 854420062122, 店铺: 汕头市龙湖区熹萌喵玩具厂, SKU数: 12
2026-04-08 06:33:03,026 | INFO | ali1688_goods_monitor |   6. 商品ID: 668301084321, 店铺: 深圳市铂瑞斯贸易有限公司, SKU数: 5
2026-04-08 06:33:03,026 | INFO | ali1688_goods_monitor |   7. 商品ID: 653871136084, 店铺: 汕头市未闻花名母婴用品有限公司, SKU数: 4
2026-04-08 06:33:03,026 | INFO | ali1688_goods_monitor |   8. 商品ID: 834236928026, 店铺: 深圳焦点创意电子科技发展有限公司, SKU数: 1
2026-04-08 06:33:03,026 | INFO | ali1688_goods_monitor |   9. 商品ID: 985101359570, 店铺: 义乌市栩磊电子商务商行, SKU数: 4
2026-04-08 06:33:03,027 | INFO | ali1688_goods_monitor |   10. 商品ID: 847713406081, 店铺: 汕头市龙湖区熹萌喵玩具厂, SKU数: 1
2026-04-08 06:33:03,027 | INFO | ali1688_goods_monitor |   11. 商品ID: 626387346293, 店铺: 汕头市嬉游记玩具有限公司, SKU数: 10
2026-04-08 06:33:03,027 | INFO | ali1688_goods_monitor |   12. 商品ID: 984336119328, 店铺: 汕头市澄海区泰旭玩具厂, SKU数: 3
2026-04-08 06:33:03,027 | INFO | ali1688_goods_monitor |   13. 商品ID: 709904411964, 店铺: 宿迁市俏楚贸易有限公司, SKU数: 24
2026-04-08 06:33:03,027 | INFO | ali1688_goods_monitor |   14. 商品ID: 985879832920, 店铺: 汕头市龙湖区熹萌喵玩具厂, SKU数: 4
2026-04-08 06:33:03,027 | INFO | ali1688_goods_monitor |   15. 商品ID: 906941705446, 店铺: 义乌市双彩供应链有限公司, SKU数: 2
2026-04-08 06:33:03,028 | INFO | ali1688_goods_monitor |   16. 商品ID: 847979472849, 店铺: 汕头市龙湖区熹萌喵玩具厂, SKU数: 1
2026-04-08 06:33:03,028 | INFO | ali1688_goods_monitor |   17. 商品ID: 716733322460, 店铺: 汕头市澄海区童萌趣玩具贸易商行, SKU数: 8
2026-04-08 06:33:03,028 | INFO | ali1688_goods_monitor |   18. 商品ID: 900592605428, 店铺: 汕头市龙湖区熹萌喵玩具厂, SKU数: 6
2026-04-08 06:33:03,028 | INFO | ali1688_goods_monitor |   19. 商品ID: 848295933948, 店铺: 汕头市龙湖区熹萌喵玩具厂, SKU数: 12
2026-04-08 06:33:03,117 | INFO | ali1688_goods_monitor | 💾 第9/14批：已保存 19 个商品到数据库
2026-04-08 06:33:03,117 | INFO | ali1688_goods_monitor | ⏸️  随机暂停 5.7 秒...
2026-04-08 06:33:08,781 | INFO | ali1688_goods_monitor | 🔄 刷新页面，准备处理第 10 批...
2026-04-08 06:33:16,954 | INFO | ali1688_goods_monitor | 🔍 处理第 10/14 批，共 20 个商品
2026-04-08 06:33:16,954 | INFO | ali1688_goods_monitor | 📋 商品ID: 975402784788、992713938362、998016077358、676772683627、991759687233、987237412445、847713406078、675557812438、946133528766、661664097697、987732400816、724154127228、672751050822、972523284067、661514670948、903149142386、686348979544、942621028118、678110916347、951586784136
2026-04-08 06:33:16,959 | INFO | ali1688_goods_monitor | 🧩 选择搜索方式: 商品ID
2026-04-08 06:33:17,427 | INFO | ali1688_goods_monitor | 搜索的商品id是:975402784788、992713938362、998016077358、676772683627、991759687233、987237412445、847713406078、675557812438、946133528766、661664097697、987732400816、724154127228、672751050822、972523284067、661514670948、903149142386、686348979544、942621028118、678110916347、951586784136
2026-04-08 06:33:18,536 | INFO | ali1688_goods_monitor | ✅ 第 10 批筛选条件已设置
2026-04-08 06:33:21,549 | INFO | ali1688_goods_monitor | 开始获取商品:975402784788、992713938362、998016077358、676772683627、991759687233、987237412445、847713406078、675557812438、946133528766、661664097697、987732400816、724154127228、672751050822、972523284067、661514670948、903149142386、686348979544、942621028118、678110916347、951586784136的基本信息
2026-04-08 06:33:21,550 | INFO | ali1688_goods_monitor | ⏳ 等待点击【开始查询】并捕获 offerSearch 接口...
2026-04-08 06:33:21,945 | INFO | ali1688_goods_monitor | 商品列表返回码: 200
2026-04-08 06:33:21,945 | INFO | ali1688_goods_monitor | 🚀 开始捕获商品数据，共 19 个商品
2026-04-08 06:33:21,948 | INFO | ali1688_goods_monitor | ✅ 商品基本信息捕获完成，总耗时: 0.00秒
2026-04-08 06:33:21,949 | INFO | ali1688_goods_monitor |    - 商品数: 19
2026-04-08 06:33:21,949 | INFO | ali1688_goods_monitor | ✅ 第 10 批完成，获取到 19 个商品，0 个SKU
2026-04-08 06:33:21,949 | INFO | ali1688_goods_monitor | 📋 第 10 批商品信息:
2026-04-08 06:33:21,949 | INFO | ali1688_goods_monitor |   1. 商品ID: 661514670948, 店铺: 汕头市嬉游记玩具有限公司, SKU数: 9
2026-04-08 06:33:21,949 | INFO | ali1688_goods_monitor |   2. 商品ID: 992713938362, 店铺: 深圳市品艺玩具有限公司, SKU数: 4
2026-04-08 06:33:21,949 | INFO | ali1688_goods_monitor |   3. 商品ID: 661664097697, 店铺: 汕头市俏娃玩具有限公司, SKU数: 2
2026-04-08 06:33:21,950 | INFO | ali1688_goods_monitor |   4. 商品ID: 676772683627, 店铺: 汕头市俏娃玩具有限公司, SKU数: 5
2026-04-08 06:33:21,950 | INFO | ali1688_goods_monitor |   5. 商品ID: 678110916347, 店铺: 汕头市澄海区丰乐多玩具厂, SKU数: 9
2026-04-08 06:33:21,950 | INFO | ali1688_goods_monitor |   6. 商品ID: 686348979544, 店铺: 汕头市澄海区做妮物玩具厂, SKU数: 1
2026-04-08 06:33:21,950 | INFO | ali1688_goods_monitor |   7. 商品ID: 946133528766, 店铺: 汕头市澄海区陶境玩具有限公司, SKU数: 4
2026-04-08 06:33:21,950 | INFO | ali1688_goods_monitor |   8. 商品ID: 987237412445, 店铺: 汕头市澄海区童乐玩玩具厂, SKU数: 20
2026-04-08 06:33:21,951 | INFO | ali1688_goods_monitor |   9. 商品ID: 987732400816, 店铺: 汕头市澄海区新润洋玩具厂, SKU数: 1
2026-04-08 06:33:21,951 | INFO | ali1688_goods_monitor |   10. 商品ID: 975402784788, 店铺: 汕头市硕维玩具有限公司, SKU数: 1
2026-04-08 06:33:21,951 | INFO | ali1688_goods_monitor |   11. 商品ID: 672751050822, 店铺: 汕头市澄海区高美玩具厂, SKU数: 3
2026-04-08 06:33:21,951 | INFO | ali1688_goods_monitor |   12. 商品ID: 903149142386, 店铺: 汕头市龙湖区熹萌喵玩具厂, SKU数: 4
2026-04-08 06:33:21,951 | INFO | ali1688_goods_monitor |   13. 商品ID: 942621028118, 店铺: 汕头市澄海区孩艺宝玩具厂, SKU数: 20
2026-04-08 06:33:21,951 | INFO | ali1688_goods_monitor |   14. 商品ID: 847713406078, 店铺: 汕头市龙湖区熹萌喵玩具厂, SKU数: 4
2026-04-08 06:33:21,952 | INFO | ali1688_goods_monitor |   15. 商品ID: 991759687233, 店铺: 义乌市昭旭日用百货有限公司, SKU数: 6
2026-04-08 06:33:21,952 | INFO | ali1688_goods_monitor |   16. 商品ID: 724154127228, 店铺: 汕头市澄海区川宇玩具厂, SKU数: 6
2026-04-08 06:33:21,952 | INFO | ali1688_goods_monitor |   17. 商品ID: 998016077358, 店铺: 汕头市创爱旺科技有限公司, SKU数: 3
2026-04-08 06:33:21,952 | INFO | ali1688_goods_monitor |   18. 商品ID: 972523284067, 店铺: 汕头市澄海区华美乐玩具厂, SKU数: 1
2026-04-08 06:33:21,952 | INFO | ali1688_goods_monitor |   19. 商品ID: 675557812438, 店铺: 汕头市澄海区蛋宝玩具厂, SKU数: 1
2026-04-08 06:33:22,052 | INFO | ali1688_goods_monitor | 💾 第10/14批：已保存 19 个商品到数据库
2026-04-08 06:33:22,053 | INFO | ali1688_goods_monitor | ⏸️  随机暂停 4.9 秒...
2026-04-08 06:33:26,935 | INFO | ali1688_goods_monitor | 🔄 刷新页面，准备处理第 11 批...
2026-04-08 06:33:34,209 | INFO | ali1688_goods_monitor | 🔍 处理第 11/14 批，共 20 个商品
2026-04-08 06:33:34,210 | INFO | ali1688_goods_monitor | 📋 商品ID: 538297571141、670793076081、994715362159、969387993044、910382293640、986633373239、1027381048230、683872677220、1031769907868、990976789985、858770936676、646729482472、917025701974、854168645121、990260832462、992882388093、978968804889、848415574468、900563388108、895042686618
2026-04-08 06:33:34,214 | INFO | ali1688_goods_monitor | 🧩 选择搜索方式: 商品ID
2026-04-08 06:33:34,688 | INFO | ali1688_goods_monitor | 搜索的商品id是:538297571141、670793076081、994715362159、969387993044、910382293640、986633373239、1027381048230、683872677220、1031769907868、990976789985、858770936676、646729482472、917025701974、854168645121、990260832462、992882388093、978968804889、848415574468、900563388108、895042686618
2026-04-08 06:33:35,793 | INFO | ali1688_goods_monitor | ✅ 第 11 批筛选条件已设置
2026-04-08 06:33:38,797 | INFO | ali1688_goods_monitor | 开始获取商品:538297571141、670793076081、994715362159、969387993044、910382293640、986633373239、1027381048230、683872677220、1031769907868、990976789985、858770936676、646729482472、917025701974、854168645121、990260832462、992882388093、978968804889、848415574468、900563388108、895042686618的基本信息
2026-04-08 06:33:38,798 | INFO | ali1688_goods_monitor | ⏳ 等待点击【开始查询】并捕获 offerSearch 接口...
2026-04-08 06:33:39,132 | INFO | ali1688_goods_monitor | 商品列表返回码: 200
2026-04-08 06:33:39,132 | INFO | ali1688_goods_monitor | 🚀 开始捕获商品数据，共 20 个商品
2026-04-08 06:33:39,135 | INFO | ali1688_goods_monitor | ✅ 商品基本信息捕获完成，总耗时: 0.00秒
2026-04-08 06:33:39,136 | INFO | ali1688_goods_monitor |    - 商品数: 20
2026-04-08 06:33:39,136 | INFO | ali1688_goods_monitor | ✅ 第 11 批完成，获取到 20 个商品，0 个SKU
2026-04-08 06:33:39,136 | INFO | ali1688_goods_monitor | 📋 第 11 批商品信息:
2026-04-08 06:33:39,136 | INFO | ali1688_goods_monitor |   1. 商品ID: 990976789985, 店铺: 汕头市澄海区超慧丰贸易商行, SKU数: 16
2026-04-08 06:33:39,136 | INFO | ali1688_goods_monitor |   2. 商品ID: 992882388093, 店铺: 义乌市岚发贸易有限公司, SKU数: 3
2026-04-08 06:33:39,136 | INFO | ali1688_goods_monitor |   3. 商品ID: 990260832462, 店铺: 汕头市澄海区嘉贝施玩具商行, SKU数: 3
2026-04-08 06:33:39,137 | INFO | ali1688_goods_monitor |   4. 商品ID: 670793076081, 店铺: 汕头市澄海区实琪玩具有限公司, SKU数: 12
2026-04-08 06:33:39,137 | INFO | ali1688_goods_monitor |   5. 商品ID: 994715362159, 店铺: 汕头市澄海区臻棒玩具厂, SKU数: 14
2026-04-08 06:33:39,137 | INFO | ali1688_goods_monitor |   6. 商品ID: 848415574468, 店铺: 汕头市龙湖区熹萌喵玩具厂, SKU数: 1
2026-04-08 06:33:39,137 | INFO | ali1688_goods_monitor |   7. 商品ID: 969387993044, 店铺: 汕头市澄海区芽比玩具商行, SKU数: 20
2026-04-08 06:33:39,137 | INFO | ali1688_goods_monitor |   8. 商品ID: 538297571141, 店铺: 深圳灿煜玩具有限公司, SKU数: 6
2026-04-08 06:33:39,137 | INFO | ali1688_goods_monitor |   9. 商品ID: 858770936676, 店铺: 义乌市星愿电子商务有限公司, SKU数: 2
2026-04-08 06:33:39,138 | INFO | ali1688_goods_monitor |   10. 商品ID: 895042686618, 店铺: 汕头市龙湖区熹萌喵玩具厂, SKU数: 2
2026-04-08 06:33:39,138 | INFO | ali1688_goods_monitor |   11. 商品ID: 978968804889, 店铺: 汕头市澄海区境趣玩具商行, SKU数: 1
2026-04-08 06:33:39,138 | INFO | ali1688_goods_monitor |   12. 商品ID: 683872677220, 店铺: 汕头市俏娃玩具有限公司, SKU数: 3
2026-04-08 06:33:39,138 | INFO | ali1688_goods_monitor |   13. 商品ID: 646729482472, 店铺: 汕头市澄海区创羽玩具贸易商行, SKU数: 6
2026-04-08 06:33:39,138 | INFO | ali1688_goods_monitor |   14. 商品ID: 1027381048230, 店铺: 深圳市智其峰科技有限公司, SKU数: 36
2026-04-08 06:33:39,138 | INFO | ali1688_goods_monitor |   15. 商品ID: 986633373239, 店铺: 汕头市嬉游记玩具有限公司, SKU数: 11
2026-04-08 06:33:39,138 | INFO | ali1688_goods_monitor |   16. 商品ID: 900563388108, 店铺: 汕头市澄海区孩艺宝玩具厂, SKU数: 12
2026-04-08 06:33:39,139 | INFO | ali1688_goods_monitor |   17. 商品ID: 854168645121, 店铺: 汕头市俏娃玩具有限公司, SKU数: 3
2026-04-08 06:33:39,139 | INFO | ali1688_goods_monitor |   18. 商品ID: 1031769907868, 店铺: 汕头市龙湖区莱之趣玩具商行（个体工商户）, SKU数: 6
2026-04-08 06:33:39,139 | INFO | ali1688_goods_monitor |   19. 商品ID: 917025701974, 店铺: 汕头市澄海区佳允玩具厂, SKU数: 8
2026-04-08 06:33:39,139 | INFO | ali1688_goods_monitor |   20. 商品ID: 910382293640, 店铺: 汕头市澄海区越来越聪明玩具厂, SKU数: 22
2026-04-08 06:33:39,238 | INFO | ali1688_goods_monitor | 💾 第11/14批：已保存 20 个商品到数据库
2026-04-08 06:33:39,238 | INFO | ali1688_goods_monitor | ⏸️  随机暂停 3.8 秒...
2026-04-08 06:33:43,050 | INFO | ali1688_goods_monitor | 🔄 刷新页面，准备处理第 12 批...
2026-04-08 06:33:49,601 | INFO | ali1688_goods_monitor | 🔍 处理第 12/14 批，共 20 个商品
2026-04-08 06:33:49,602 | INFO | ali1688_goods_monitor | 📋 商品ID: 734736330484、985898832914、847993548322、1013917249205、1033404841463、1035850540780、992863648563、973255115593、643044757475、897059922290、973247771787、629652629026、984991416938、960725525521、1028239295024、634658078975、757454263904、728912992880、1001279554121、726064645781
2026-04-08 06:33:49,605 | INFO | ali1688_goods_monitor | 🧩 选择搜索方式: 商品ID
2026-04-08 06:33:50,070 | INFO | ali1688_goods_monitor | 搜索的商品id是:734736330484、985898832914、847993548322、1013917249205、1033404841463、1035850540780、992863648563、973255115593、643044757475、897059922290、973247771787、629652629026、984991416938、960725525521、1028239295024、634658078975、757454263904、728912992880、1001279554121、726064645781
2026-04-08 06:33:51,176 | INFO | ali1688_goods_monitor | ✅ 第 12 批筛选条件已设置
2026-04-08 06:33:54,183 | INFO | ali1688_goods_monitor | 开始获取商品:734736330484、985898832914、847993548322、1013917249205、1033404841463、1035850540780、992863648563、973255115593、643044757475、897059922290、973247771787、629652629026、984991416938、960725525521、1028239295024、634658078975、757454263904、728912992880、1001279554121、726064645781的基本信息
2026-04-08 06:33:54,184 | INFO | ali1688_goods_monitor | ⏳ 等待点击【开始查询】并捕获 offerSearch 接口...
2026-04-08 06:33:54,494 | INFO | ali1688_goods_monitor | 商品列表返回码: 200
2026-04-08 06:33:54,494 | INFO | ali1688_goods_monitor | 🚀 开始捕获商品数据，共 19 个商品
2026-04-08 06:33:54,498 | INFO | ali1688_goods_monitor | ✅ 商品基本信息捕获完成，总耗时: 0.00秒
2026-04-08 06:33:54,498 | INFO | ali1688_goods_monitor |    - 商品数: 19
2026-04-08 06:33:54,498 | INFO | ali1688_goods_monitor | ✅ 第 12 批完成，获取到 19 个商品，0 个SKU
2026-04-08 06:33:54,498 | INFO | ali1688_goods_monitor | 📋 第 12 批商品信息:
2026-04-08 06:33:54,498 | INFO | ali1688_goods_monitor |   1. 商品ID: 734736330484, 店铺: 汕头市澄海区悦优佳玩具厂, SKU数: 34
2026-04-08 06:33:54,498 | INFO | ali1688_goods_monitor |   2. 商品ID: 1028239295024, 店铺: 汕头市澄海区东原玩具厂(个体工商户), SKU数: 1
2026-04-08 06:33:54,499 | INFO | ali1688_goods_monitor |   3. 商品ID: 757454263904, 店铺: 汕头市恩游兔玩具有限公司, SKU数: 1
2026-04-08 06:33:54,499 | INFO | ali1688_goods_monitor |   4. 商品ID: 973247771787, 店铺: 汕头市澄海区萃婴乐玩具厂, SKU数: 2
2026-04-08 06:33:54,499 | INFO | ali1688_goods_monitor |   5. 商品ID: 992863648563, 店铺: 汕头市澄海区贝趣星玩具厂, SKU数: 11
2026-04-08 06:33:54,499 | INFO | ali1688_goods_monitor |   6. 商品ID: 728912992880, 店铺: 汕头市澄海区泓趣欢玩具厂, SKU数: 24
2026-04-08 06:33:54,499 | INFO | ali1688_goods_monitor |   7. 商品ID: 897059922290, 店铺: 1688选品中心官方供应链, SKU数: 5
2026-04-08 06:33:54,499 | INFO | ali1688_goods_monitor |   8. 商品ID: 960725525521, 店铺: 汕头市龙湖区熹萌喵玩具厂, SKU数: 10
2026-04-08 06:33:54,500 | INFO | ali1688_goods_monitor |   9. 商品ID: 643044757475, 店铺: 汕头市稳住别浪玩具科技有限公司, SKU数: 41
2026-04-08 06:33:54,500 | INFO | ali1688_goods_monitor |   10. 商品ID: 973255115593, 店铺: 汕头市澄海区悦优佳玩具厂, SKU数: 36
2026-04-08 06:33:54,500 | INFO | ali1688_goods_monitor |   11. 商品ID: 984991416938, 店铺: 汕头市龙湖区熹萌喵玩具厂, SKU数: 6
2026-04-08 06:33:54,500 | INFO | ali1688_goods_monitor |   12. 商品ID: 629652629026, 店铺: 汕头市嬉游记玩具有限公司, SKU数: 5
2026-04-08 06:33:54,500 | INFO | ali1688_goods_monitor |   13. 商品ID: 634658078975, 店铺: 汕头市嬉游记玩具有限公司, SKU数: 16
2026-04-08 06:33:54,500 | INFO | ali1688_goods_monitor |   14. 商品ID: 1035850540780, 店铺: 汕头市澄海区盛艺兴玩具厂, SKU数: 8
2026-04-08 06:33:54,501 | INFO | ali1688_goods_monitor |   15. 商品ID: 847993548322, 店铺: 汕头市龙湖区熹萌喵玩具厂, SKU数: 3
2026-04-08 06:33:54,501 | INFO | ali1688_goods_monitor |   16. 商品ID: 1013917249205, 店铺: 广东佰思玩具有限公司, SKU数: 5
2026-04-08 06:33:54,501 | INFO | ali1688_goods_monitor |   17. 商品ID: 1033404841463, 店铺: 汕头市龙湖区莱之趣玩具商行（个体工商户）, SKU数: 4
2026-04-08 06:33:54,501 | INFO | ali1688_goods_monitor |   18. 商品ID: 1001279554121, 店铺: 汕头市澄海区金宝欢玩具商行, SKU数: 4
2026-04-08 06:33:54,501 | INFO | ali1688_goods_monitor |   19. 商品ID: 726064645781, 店铺: 汕头市澄海区奕欣玩具有限公司, SKU数: 6
2026-04-08 06:33:54,632 | INFO | ali1688_goods_monitor | 💾 第12/14批：已保存 19 个商品到数据库
2026-04-08 06:33:54,632 | INFO | ali1688_goods_monitor | ⏸️  随机暂停 3.4 秒...
2026-04-08 06:33:58,080 | INFO | ali1688_goods_monitor | 🔄 刷新页面，准备处理第 13 批...
2026-04-08 06:34:03,815 | INFO | ali1688_goods_monitor | 🔍 处理第 13/14 批，共 20 个商品
2026-04-08 06:34:03,816 | INFO | ali1688_goods_monitor | 📋 商品ID: 795861191445、727364044091、894449366946、809233523760、990425215638、970781028572、929103621035、658391484708、990589043915、1031855101004、687729432138、858007859516、1024421346400、1001391447719、728364497329、952896839032、622513415473、974035321584、847969236799、969646541226
2026-04-08 06:34:03,822 | INFO | ali1688_goods_monitor | 🧩 选择搜索方式: 商品ID
2026-04-08 06:34:04,308 | INFO | ali1688_goods_monitor | 搜索的商品id是:795861191445、727364044091、894449366946、809233523760、990425215638、970781028572、929103621035、658391484708、990589043915、1031855101004、687729432138、858007859516、1024421346400、1001391447719、728364497329、952896839032、622513415473、974035321584、847969236799、969646541226
2026-04-08 06:34:05,495 | INFO | ali1688_goods_monitor | ✅ 第 13 批筛选条件已设置
2026-04-08 06:34:08,498 | INFO | ali1688_goods_monitor | 开始获取商品:795861191445、727364044091、894449366946、809233523760、990425215638、970781028572、929103621035、658391484708、990589043915、1031855101004、687729432138、858007859516、1024421346400、1001391447719、728364497329、952896839032、622513415473、974035321584、847969236799、969646541226的基本信息
2026-04-08 06:34:08,498 | INFO | ali1688_goods_monitor | ⏳ 等待点击【开始查询】并捕获 offerSearch 接口...
2026-04-08 06:34:08,860 | INFO | ali1688_goods_monitor | 商品列表返回码: 200
2026-04-08 06:34:08,860 | INFO | ali1688_goods_monitor | 🚀 开始捕获商品数据，共 20 个商品
2026-04-08 06:34:08,863 | INFO | ali1688_goods_monitor | ✅ 商品基本信息捕获完成，总耗时: 0.00秒
2026-04-08 06:34:08,864 | INFO | ali1688_goods_monitor |    - 商品数: 20
2026-04-08 06:34:08,864 | INFO | ali1688_goods_monitor | ✅ 第 13 批完成，获取到 20 个商品，0 个SKU
2026-04-08 06:34:08,864 | INFO | ali1688_goods_monitor | 📋 第 13 批商品信息:
2026-04-08 06:34:08,865 | INFO | ali1688_goods_monitor |   1. 商品ID: 1024421346400, 店铺: 深圳市金贝合科技有限公司, SKU数: 2
2026-04-08 06:34:08,865 | INFO | ali1688_goods_monitor |   2. 商品ID: 809233523760, 店铺: 汕头市澄海区小筑班五金玩具厂, SKU数: 1
2026-04-08 06:34:08,865 | INFO | ali1688_goods_monitor |   3. 商品ID: 929103621035, 店铺: 汕头市鹿禾科教文化有限公司, SKU数: 6
2026-04-08 06:34:08,865 | INFO | ali1688_goods_monitor |   4. 商品ID: 847969236799, 店铺: 汕头市龙湖区熹萌喵玩具厂, SKU数: 32
2026-04-08 06:34:08,865 | INFO | ali1688_goods_monitor |   5. 商品ID: 990425215638, 店铺: 汕头市澄海区汇熙宝玩具厂, SKU数: 5
2026-04-08 06:34:08,865 | INFO | ali1688_goods_monitor |   6. 商品ID: 858007859516, 店铺: 义乌市登妹贸易有限公司, SKU数: 2
2026-04-08 06:34:08,866 | INFO | ali1688_goods_monitor |   7. 商品ID: 969646541226, 店铺: 汕头市澄海区奋星玩具商行, SKU数: 11
2026-04-08 06:34:08,866 | INFO | ali1688_goods_monitor |   8. 商品ID: 952896839032, 店铺: 汕头市俏娃玩具有限公司, SKU数: 3
2026-04-08 06:34:08,866 | INFO | ali1688_goods_monitor |   9. 商品ID: 990589043915, 店铺: 义乌市辰秘科技有限公司, SKU数: 3
2026-04-08 06:34:08,866 | INFO | ali1688_goods_monitor |   10. 商品ID: 727364044091, 店铺: 汕头市澄海区实琪玩具有限公司, SKU数: 7
2026-04-08 06:34:08,866 | INFO | ali1688_goods_monitor |   11. 商品ID: 795861191445, 店铺: 义乌市卡登电子商务有限公司, SKU数: 6
2026-04-08 06:34:08,866 | INFO | ali1688_goods_monitor |   12. 商品ID: 974035321584, 店铺: 汕头市澄海区聚诚乐玩具厂, SKU数: 5
2026-04-08 06:34:08,867 | INFO | ali1688_goods_monitor |   13. 商品ID: 658391484708, 店铺: 汕头市澄海区柏嘉盛玩具商行, SKU数: 12
2026-04-08 06:34:08,867 | INFO | ali1688_goods_monitor |   14. 商品ID: 970781028572, 店铺: 汕头市俏娃玩具有限公司, SKU数: 1
2026-04-08 06:34:08,867 | INFO | ali1688_goods_monitor |   15. 商品ID: 728364497329, 店铺: 广东佰思玩具有限公司, SKU数: 5
2026-04-08 06:34:08,867 | INFO | ali1688_goods_monitor |   16. 商品ID: 622513415473, 店铺: 汕头市嬉游记玩具有限公司, SKU数: 4
2026-04-08 06:34:08,867 | INFO | ali1688_goods_monitor |   17. 商品ID: 1001391447719, 店铺: 汕头市才佳玩具有限公司, SKU数: 2
2026-04-08 06:34:08,867 | INFO | ali1688_goods_monitor |   18. 商品ID: 687729432138, 店铺: 深圳巨变科技有限公司, SKU数: 1
2026-04-08 06:34:08,868 | INFO | ali1688_goods_monitor |   19. 商品ID: 894449366946, 店铺: 汕头市澄海区雅尚腾玩具厂(个体工商户), SKU数: 30
2026-04-08 06:34:08,868 | INFO | ali1688_goods_monitor |   20. 商品ID: 1031855101004, 店铺: 汕头市澄海区尤纳兴玩具商行, SKU数: 7
2026-04-08 06:34:08,967 | INFO | ali1688_goods_monitor | 💾 第13/14批：已保存 20 个商品到数据库
2026-04-08 06:34:08,967 | INFO | ali1688_goods_monitor | ⏸️  随机暂停 5.1 秒...
2026-04-08 06:34:14,079 | INFO | ali1688_goods_monitor | 🔄 刷新页面，准备处理第 14 批...
2026-04-08 06:34:20,280 | INFO | ali1688_goods_monitor | 🔍 处理第 14/14 批，共 15 个商品
2026-04-08 06:34:20,281 | INFO | ali1688_goods_monitor | 📋 商品ID: 751554304142、863983065199、775392792723、857784361057、734549030910、713699292120、750175006113、927867865604、621194315291、954152497198、854259763574、982635289066、999695394272、947764418500、963819028092
2026-04-08 06:34:20,285 | INFO | ali1688_goods_monitor | 🧩 选择搜索方式: 商品ID
2026-04-08 06:34:20,804 | INFO | ali1688_goods_monitor | 搜索的商品id是:751554304142、863983065199、775392792723、857784361057、734549030910、713699292120、750175006113、927867865604、621194315291、954152497198、854259763574、982635289066、999695394272、947764418500、963819028092
2026-04-08 06:34:21,912 | INFO | ali1688_goods_monitor | ✅ 第 14 批筛选条件已设置
2026-04-08 06:34:24,927 | INFO | ali1688_goods_monitor | 开始获取商品:751554304142、863983065199、775392792723、857784361057、734549030910、713699292120、750175006113、927867865604、621194315291、954152497198、854259763574、982635289066、999695394272、947764418500、963819028092的基本信息
2026-04-08 06:34:24,928 | INFO | ali1688_goods_monitor | ⏳ 等待点击【开始查询】并捕获 offerSearch 接口...
2026-04-08 06:34:25,232 | INFO | ali1688_goods_monitor | 商品列表返回码: 200
2026-04-08 06:34:25,232 | INFO | ali1688_goods_monitor | 🚀 开始捕获商品数据，共 15 个商品
2026-04-08 06:34:25,235 | INFO | ali1688_goods_monitor | ✅ 商品基本信息捕获完成，总耗时: 0.00秒
2026-04-08 06:34:25,236 | INFO | ali1688_goods_monitor |    - 商品数: 15
2026-04-08 06:34:25,236 | INFO | ali1688_goods_monitor | ✅ 第 14 批完成，获取到 15 个商品，0 个SKU
2026-04-08 06:34:25,236 | INFO | ali1688_goods_monitor | 📋 第 14 批商品信息:
2026-04-08 06:34:25,237 | INFO | ali1688_goods_monitor |   1. 商品ID: 775392792723, 店铺: 汕头市澄海区方米狸玩具厂, SKU数: 25
2026-04-08 06:34:25,237 | INFO | ali1688_goods_monitor |   2. 商品ID: 734549030910, 店铺: 汕头市澄海区萃婴乐玩具厂, SKU数: 14
2026-04-08 06:34:25,237 | INFO | ali1688_goods_monitor |   3. 商品ID: 713699292120, 店铺: 汕头市正鹰科教玩具有限公司, SKU数: 9
2026-04-08 06:34:25,237 | INFO | ali1688_goods_monitor |   4. 商品ID: 621194315291, 店铺: 深圳市纵新电子科技有限公司, SKU数: 4
2026-04-08 06:34:25,238 | INFO | ali1688_goods_monitor |   5. 商品ID: 927867865604, 店铺: 汕头市龙湖区熹萌喵玩具厂, SKU数: 18
2026-04-08 06:34:25,238 | INFO | ali1688_goods_monitor |   6. 商品ID: 854259763574, 店铺: 汕头市龙湖区熹萌喵玩具厂, SKU数: 1
2026-04-08 06:34:25,238 | INFO | ali1688_goods_monitor |   7. 商品ID: 750175006113, 店铺: 汕头市澄海区轮转玩具商行, SKU数: 1
2026-04-08 06:34:25,238 | INFO | ali1688_goods_monitor |   8. 商品ID: 751554304142, 店铺: 汕头市嬉游记玩具有限公司, SKU数: 2
2026-04-08 06:34:25,238 | INFO | ali1688_goods_monitor |   9. 商品ID: 947764418500, 店铺: 杜恒广, SKU数: 1
2026-04-08 06:34:25,238 | INFO | ali1688_goods_monitor |   10. 商品ID: 954152497198, 店铺: 汕头市乐享贝比贸易有限公司, SKU数: 6
2026-04-08 06:34:25,240 | INFO | ali1688_goods_monitor |   11. 商品ID: 857784361057, 店铺: 汕头市龙湖区熹萌喵玩具厂, SKU数: 10
2026-04-08 06:34:25,241 | INFO | ali1688_goods_monitor |   12. 商品ID: 963819028092, 店铺: 汕头市龙湖区熹萌喵玩具厂, SKU数: 2
2026-04-08 06:34:25,242 | INFO | ali1688_goods_monitor |   13. 商品ID: 982635289066, 店铺: 汕头市创爱旺科技有限公司, SKU数: 26
2026-04-08 06:34:25,242 | INFO | ali1688_goods_monitor |   14. 商品ID: 863983065199, 店铺: 汕头澄海区启迪恩玩具商行, SKU数: 1
2026-04-08 06:34:25,242 | INFO | ali1688_goods_monitor |   15. 商品ID: 999695394272, 店铺: 义乌市大愚玩具有限公司, SKU数: 5
2026-04-08 06:34:25,316 | INFO | ali1688_goods_monitor | 💾 第14/14批：已保存 15 个商品到数据库
2026-04-08 06:34:25,317 | INFO | ali1688_goods_monitor | 🎉 第一阶段完成，共获取 269 个商品基本信息
2026-04-08 06:34:25,320 | INFO | ali1688_goods_monitor | ============================================================
2026-04-08 06:34:25,320 | INFO | ali1688_goods_monitor | 📊 第二阶段：获取SKU信息
2026-04-08 06:34:25,320 | INFO | ali1688_goods_monitor | ============================================================
2026-04-08 06:34:25,321 | INFO | ali1688_goods_monitor | 🔍 准备获取 269 个商品的SKU信息...
2026-04-08 06:34:25,321 | INFO | ali1688_goods_monitor | 📋 即将获取SKU的商品列表:
2026-04-08 06:34:25,321 | INFO | ali1688_goods_monitor |   1. https://detail.1688.com/offer/903613869442.html (SKU数: 4)
2026-04-08 06:34:25,321 | INFO | ali1688_goods_monitor |   2. https://detail.1688.com/offer/1026068947837.html (SKU数: 3)
2026-04-08 06:34:25,321 | INFO | ali1688_goods_monitor |   3. https://detail.1688.com/offer/968280048908.html (SKU数: 31)
2026-04-08 06:34:25,321 | INFO | ali1688_goods_monitor |   4. https://detail.1688.com/offer/1005984550667.html (SKU数: 36)
2026-04-08 06:34:25,321 | INFO | ali1688_goods_monitor |   5. https://detail.1688.com/offer/971080031926.html (SKU数: 3)
2026-04-08 06:34:25,322 | INFO | ali1688_goods_monitor |   6. https://detail.1688.com/offer/617837580726.html (SKU数: 2)
2026-04-08 06:34:25,322 | INFO | ali1688_goods_monitor |   7. https://detail.1688.com/offer/943395574791.html (SKU数: 1)
2026-04-08 06:34:25,322 | INFO | ali1688_goods_monitor |   8. https://detail.1688.com/offer/979203908708.html (SKU数: 24)
2026-04-08 06:34:25,322 | INFO | ali1688_goods_monitor |   9. https://detail.1688.com/offer/928700805986.html (SKU数: 2)
2026-04-08 06:34:25,322 | INFO | ali1688_goods_monitor |   10. https://detail.1688.com/offer/971037620206.html (SKU数: 1)
2026-04-08 06:34:25,323 | INFO | ali1688_goods_monitor |   11. https://detail.1688.com/offer/1016515592011.html (SKU数: 4)
2026-04-08 06:34:25,324 | INFO | ali1688_goods_monitor |   12. https://detail.1688.com/offer/1040782952704.html (SKU数: 1)
2026-04-08 06:34:25,325 | INFO | ali1688_goods_monitor |   13. https://detail.1688.com/offer/954713432833.html (SKU数: 2)
2026-04-08 06:34:25,325 | INFO | ali1688_goods_monitor |   14. https://detail.1688.com/offer/807432916292.html (SKU数: 24)
2026-04-08 06:34:25,325 | INFO | ali1688_goods_monitor |   15. https://detail.1688.com/offer/835170979856.html (SKU数: 10)
2026-04-08 06:34:25,326 | INFO | ali1688_goods_monitor |   16. https://detail.1688.com/offer/982634945037.html (SKU数: 26)
2026-04-08 06:34:25,326 | INFO | ali1688_goods_monitor |   17. https://detail.1688.com/offer/812259607012.html (SKU数: 39)
2026-04-08 06:34:25,326 | INFO | ali1688_goods_monitor |   18. https://detail.1688.com/offer/798059727032.html (SKU数: 16)
2026-04-08 06:34:25,326 | INFO | ali1688_goods_monitor |   19. https://detail.1688.com/offer/833661915665.html (SKU数: 1)
2026-04-08 06:34:25,326 | INFO | ali1688_goods_monitor |   20. https://detail.1688.com/offer/1003272185431.html (SKU数: 5)
2026-04-08 06:34:25,327 | INFO | ali1688_goods_monitor |   21. https://detail.1688.com/offer/990409899841.html (SKU数: 1)
2026-04-08 06:34:25,327 | INFO | ali1688_goods_monitor |   22. https://detail.1688.com/offer/1025513853144.html (SKU数: 8)
2026-04-08 06:34:25,327 | INFO | ali1688_goods_monitor |   23. https://detail.1688.com/offer/991935831793.html (SKU数: 3)
2026-04-08 06:34:25,327 | INFO | ali1688_goods_monitor |   24. https://detail.1688.com/offer/907762599791.html (SKU数: 10)
2026-04-08 06:34:25,327 | INFO | ali1688_goods_monitor |   25. https://detail.1688.com/offer/969366546749.html (SKU数: 1)
2026-04-08 06:34:25,327 | INFO | ali1688_goods_monitor |   26. https://detail.1688.com/offer/741922490714.html (SKU数: 2)
2026-04-08 06:34:25,328 | INFO | ali1688_goods_monitor |   27. https://detail.1688.com/offer/590591825369.html (SKU数: 22)
2026-04-08 06:34:25,328 | INFO | ali1688_goods_monitor |   28. https://detail.1688.com/offer/776195311997.html (SKU数: 1)
2026-04-08 06:34:25,328 | INFO | ali1688_goods_monitor |   29. https://detail.1688.com/offer/903636127402.html (SKU数: 3)
2026-04-08 06:34:25,328 | INFO | ali1688_goods_monitor |   30. https://detail.1688.com/offer/812514770228.html (SKU数: 2)
2026-04-08 06:34:25,328 | INFO | ali1688_goods_monitor |   31. https://detail.1688.com/offer/875034473523.html (SKU数: 3)
2026-04-08 06:34:25,329 | INFO | ali1688_goods_monitor |   32. https://detail.1688.com/offer/1013037690222.html (SKU数: 1)
2026-04-08 06:34:25,329 | INFO | ali1688_goods_monitor |   33. https://detail.1688.com/offer/889385901298.html (SKU数: 3)
2026-04-08 06:34:25,329 | INFO | ali1688_goods_monitor |   34. https://detail.1688.com/offer/979396013303.html (SKU数: 1)
2026-04-08 06:34:25,329 | INFO | ali1688_goods_monitor |   35. https://detail.1688.com/offer/962746907189.html (SKU数: 4)
2026-04-08 06:34:25,329 | INFO | ali1688_goods_monitor |   36. https://detail.1688.com/offer/895285249007.html (SKU数: 36)
2026-04-08 06:34:25,329 | INFO | ali1688_goods_monitor |   37. https://detail.1688.com/offer/894936744591.html (SKU数: 16)
2026-04-08 06:34:25,329 | INFO | ali1688_goods_monitor |   38. https://detail.1688.com/offer/970715744477.html (SKU数: 1)
2026-04-08 06:34:25,331 | INFO | ali1688_goods_monitor |   39. https://detail.1688.com/offer/811139889293.html (SKU数: 8)
2026-04-08 06:34:25,334 | INFO | ali1688_goods_monitor |   40. https://detail.1688.com/offer/677301391721.html (SKU数: 5)
2026-04-08 06:34:25,334 | INFO | ali1688_goods_monitor |   41. https://detail.1688.com/offer/847794753111.html (SKU数: 4)
2026-04-08 06:34:25,334 | INFO | ali1688_goods_monitor |   42. https://detail.1688.com/offer/826873938709.html (SKU数: 1)
2026-04-08 06:34:25,335 | INFO | ali1688_goods_monitor |   43. https://detail.1688.com/offer/951035484615.html (SKU数: 29)
2026-04-08 06:34:25,335 | INFO | ali1688_goods_monitor |   44. https://detail.1688.com/offer/677709968233.html (SKU数: 5)
2026-04-08 06:34:25,335 | INFO | ali1688_goods_monitor |   45. https://detail.1688.com/offer/1000398364752.html (SKU数: 4)
2026-04-08 06:34:25,335 | INFO | ali1688_goods_monitor |   46. https://detail.1688.com/offer/628617576125.html (SKU数: 5)
2026-04-08 06:34:25,335 | INFO | ali1688_goods_monitor |   47. https://detail.1688.com/offer/976178977054.html (SKU数: 5)
2026-04-08 06:34:25,335 | INFO | ali1688_goods_monitor |   48. https://detail.1688.com/offer/992071730825.html (SKU数: 3)
2026-04-08 06:34:25,336 | INFO | ali1688_goods_monitor |   49. https://detail.1688.com/offer/994662909434.html (SKU数: 3)
2026-04-08 06:34:25,336 | INFO | ali1688_goods_monitor |   50. https://detail.1688.com/offer/856805654657.html (SKU数: 1)
2026-04-08 06:34:25,336 | INFO | ali1688_goods_monitor |   51. https://detail.1688.com/offer/902961760235.html (SKU数: 4)
2026-04-08 06:34:25,336 | INFO | ali1688_goods_monitor |   52. https://detail.1688.com/offer/998051010590.html (SKU数: 4)
2026-04-08 06:34:25,336 | INFO | ali1688_goods_monitor |   53. https://detail.1688.com/offer/992251601092.html (SKU数: 3)
2026-04-08 06:34:25,336 | INFO | ali1688_goods_monitor |   54. https://detail.1688.com/offer/847495122732.html (SKU数: 3)
2026-04-08 06:34:25,337 | INFO | ali1688_goods_monitor |   55. https://detail.1688.com/offer/900967422750.html (SKU数: 22)
2026-04-08 06:34:25,337 | INFO | ali1688_goods_monitor |   56. https://detail.1688.com/offer/950726478383.html (SKU数: 13)
2026-04-08 06:34:25,337 | INFO | ali1688_goods_monitor |   57. https://detail.1688.com/offer/970377098770.html (SKU数: 37)
2026-04-08 06:34:25,337 | INFO | ali1688_goods_monitor |   58. https://detail.1688.com/offer/799083276279.html (SKU数: 3)
2026-04-08 06:34:25,337 | INFO | ali1688_goods_monitor |   59. https://detail.1688.com/offer/681658732090.html (SKU数: 1)
2026-04-08 06:34:25,337 | INFO | ali1688_goods_monitor |   60. https://detail.1688.com/offer/1000255776437.html (SKU数: 3)
2026-04-08 06:34:25,338 | INFO | ali1688_goods_monitor |   61. https://detail.1688.com/offer/996059989352.html (SKU数: 3)
2026-04-08 06:34:25,338 | INFO | ali1688_goods_monitor |   62. https://detail.1688.com/offer/902473655388.html (SKU数: 1)
2026-04-08 06:34:25,338 | INFO | ali1688_goods_monitor |   63. https://detail.1688.com/offer/899704194303.html (SKU数: 12)
2026-04-08 06:34:25,338 | INFO | ali1688_goods_monitor |   64. https://detail.1688.com/offer/703551244918.html (SKU数: 3)
2026-04-08 06:34:25,338 | INFO | ali1688_goods_monitor |   65. https://detail.1688.com/offer/898439171537.html (SKU数: 14)
2026-04-08 06:34:25,338 | INFO | ali1688_goods_monitor |   66. https://detail.1688.com/offer/890407614753.html (SKU数: 17)
2026-04-08 06:34:25,339 | INFO | ali1688_goods_monitor |   67. https://detail.1688.com/offer/873614306333.html (SKU数: 5)
2026-04-08 06:34:25,339 | INFO | ali1688_goods_monitor |   68. https://detail.1688.com/offer/43695296576.html (SKU数: 2)
2026-04-08 06:34:25,340 | INFO | ali1688_goods_monitor |   69. https://detail.1688.com/offer/956573560393.html (SKU数: 3)
2026-04-08 06:34:25,340 | INFO | ali1688_goods_monitor |   70. https://detail.1688.com/offer/789633522584.html (SKU数: 1)
2026-04-08 06:34:25,340 | INFO | ali1688_goods_monitor |   71. https://detail.1688.com/offer/999142031933.html (SKU数: 1)
2026-04-08 06:34:25,341 | INFO | ali1688_goods_monitor |   72. https://detail.1688.com/offer/950670074468.html (SKU数: 36)
2026-04-08 06:34:25,341 | INFO | ali1688_goods_monitor |   73. https://detail.1688.com/offer/1007062397648.html (SKU数: 4)
2026-04-08 06:34:25,341 | INFO | ali1688_goods_monitor |   74. https://detail.1688.com/offer/890654399053.html (SKU数: 22)
2026-04-08 06:34:25,341 | INFO | ali1688_goods_monitor |   75. https://detail.1688.com/offer/840249263873.html (SKU数: 8)
2026-04-08 06:34:25,342 | INFO | ali1688_goods_monitor |   76. https://detail.1688.com/offer/702199084381.html (SKU数: 21)
2026-04-08 06:34:25,342 | INFO | ali1688_goods_monitor |   77. https://detail.1688.com/offer/832304702315.html (SKU数: 5)
2026-04-08 06:34:25,342 | INFO | ali1688_goods_monitor |   78. https://detail.1688.com/offer/746411095420.html (SKU数: 6)
2026-04-08 06:34:25,342 | INFO | ali1688_goods_monitor |   79. https://detail.1688.com/offer/979471208168.html (SKU数: 1)
2026-04-08 06:34:25,342 | INFO | ali1688_goods_monitor |   80. https://detail.1688.com/offer/993465198242.html (SKU数: 7)
2026-04-08 06:34:25,343 | INFO | ali1688_goods_monitor |   81. https://detail.1688.com/offer/859584630627.html (SKU数: 4)
2026-04-08 06:34:25,343 | INFO | ali1688_goods_monitor |   82. https://detail.1688.com/offer/852501307622.html (SKU数: 1)
2026-04-08 06:34:25,343 | INFO | ali1688_goods_monitor |   83. https://detail.1688.com/offer/927205288673.html (SKU数: 4)
2026-04-08 06:34:25,343 | INFO | ali1688_goods_monitor |   84. https://detail.1688.com/offer/1009966785995.html (SKU数: 4)
2026-04-08 06:34:25,343 | INFO | ali1688_goods_monitor |   85. https://detail.1688.com/offer/853399095646.html (SKU数: 15)
2026-04-08 06:34:25,343 | INFO | ali1688_goods_monitor |   86. https://detail.1688.com/offer/991070192317.html (SKU数: 11)
2026-04-08 06:34:25,344 | INFO | ali1688_goods_monitor |   87. https://detail.1688.com/offer/998859559585.html (SKU数: 11)
2026-04-08 06:34:25,344 | INFO | ali1688_goods_monitor |   88. https://detail.1688.com/offer/671840552108.html (SKU数: 8)
2026-04-08 06:34:25,344 | INFO | ali1688_goods_monitor |   89. https://detail.1688.com/offer/985206853035.html (SKU数: 2)
2026-04-08 06:34:25,344 | INFO | ali1688_goods_monitor |   90. https://detail.1688.com/offer/992800642545.html (SKU数: 3)
2026-04-08 06:34:25,344 | INFO | ali1688_goods_monitor |   91. https://detail.1688.com/offer/873771926327.html (SKU数: 34)
2026-04-08 06:34:25,344 | INFO | ali1688_goods_monitor |   92. https://detail.1688.com/offer/652994949606.html (SKU数: 4)
2026-04-08 06:34:25,345 | INFO | ali1688_goods_monitor |   93. https://detail.1688.com/offer/975762015590.html (SKU数: 6)
2026-04-08 06:34:25,348 | INFO | ali1688_goods_monitor |   94. https://detail.1688.com/offer/928580021030.html (SKU数: 2)
2026-04-08 06:34:25,348 | INFO | ali1688_goods_monitor |   95. https://detail.1688.com/offer/836899798919.html (SKU数: 9)
2026-04-08 06:34:25,348 | INFO | ali1688_goods_monitor |   96. https://detail.1688.com/offer/990618054916.html (SKU数: 3)
2026-04-08 06:34:25,349 | INFO | ali1688_goods_monitor |   97. https://detail.1688.com/offer/632300625030.html (SKU数: 1)
2026-04-08 06:34:25,349 | INFO | ali1688_goods_monitor |   98. https://detail.1688.com/offer/950658287741.html (SKU数: 18)
2026-04-08 06:34:25,349 | INFO | ali1688_goods_monitor |   99. https://detail.1688.com/offer/970542473882.html (SKU数: 5)
2026-04-08 06:34:25,349 | INFO | ali1688_goods_monitor |   100. https://detail.1688.com/offer/729749403422.html (SKU数: 7)
2026-04-08 06:34:25,349 | INFO | ali1688_goods_monitor |   101. https://detail.1688.com/offer/895439014120.html (SKU数: 8)
2026-04-08 06:34:25,349 | INFO | ali1688_goods_monitor |   102. https://detail.1688.com/offer/978651830599.html (SKU数: 2)
2026-04-08 06:34:25,349 | INFO | ali1688_goods_monitor |   103. https://detail.1688.com/offer/662598267674.html (SKU数: 4)
2026-04-08 06:34:25,350 | INFO | ali1688_goods_monitor |   104. https://detail.1688.com/offer/621865712164.html (SKU数: 8)
2026-04-08 06:34:25,350 | INFO | ali1688_goods_monitor |   105. https://detail.1688.com/offer/994237964153.html (SKU数: 7)
2026-04-08 06:34:25,350 | INFO | ali1688_goods_monitor |   106. https://detail.1688.com/offer/948334688543.html (SKU数: 22)
2026-04-08 06:34:25,350 | INFO | ali1688_goods_monitor |   107. https://detail.1688.com/offer/993354315037.html (SKU数: 11)
2026-04-08 06:34:25,350 | INFO | ali1688_goods_monitor |   108. https://detail.1688.com/offer/864653527961.html (SKU数: 1)
2026-04-08 06:34:25,351 | INFO | ali1688_goods_monitor |   109. https://detail.1688.com/offer/746416939989.html (SKU数: 2)
2026-04-08 06:34:25,351 | INFO | ali1688_goods_monitor |   110. https://detail.1688.com/offer/997795598539.html (SKU数: 3)
2026-04-08 06:34:25,351 | INFO | ali1688_goods_monitor |   111. https://detail.1688.com/offer/692940339011.html (SKU数: 3)
2026-04-08 06:34:25,351 | INFO | ali1688_goods_monitor |   112. https://detail.1688.com/offer/930446969722.html (SKU数: 2)
2026-04-08 06:34:25,351 | INFO | ali1688_goods_monitor |   113. https://detail.1688.com/offer/991823064917.html (SKU数: 8)
2026-04-08 06:34:25,351 | INFO | ali1688_goods_monitor |   114. https://detail.1688.com/offer/849820903779.html (SKU数: 4)
2026-04-08 06:34:25,351 | INFO | ali1688_goods_monitor |   115. https://detail.1688.com/offer/847990628509.html (SKU数: 8)
2026-04-08 06:34:25,352 | INFO | ali1688_goods_monitor |   116. https://detail.1688.com/offer/854253039240.html (SKU数: 2)
2026-04-08 06:34:25,352 | INFO | ali1688_goods_monitor |   117. https://detail.1688.com/offer/847781001778.html (SKU数: 4)
2026-04-08 06:34:25,352 | INFO | ali1688_goods_monitor |   118. https://detail.1688.com/offer/962546716755.html (SKU数: 3)
2026-04-08 06:34:25,352 | INFO | ali1688_goods_monitor |   119. https://detail.1688.com/offer/991467576950.html (SKU数: 40)
2026-04-08 06:34:25,352 | INFO | ali1688_goods_monitor |   120. https://detail.1688.com/offer/1006668462460.html (SKU数: 12)
2026-04-08 06:34:25,353 | INFO | ali1688_goods_monitor |   121. https://detail.1688.com/offer/915854311158.html (SKU数: 5)
2026-04-08 06:34:25,353 | INFO | ali1688_goods_monitor |   122. https://detail.1688.com/offer/773383798724.html (SKU数: 10)
2026-04-08 06:34:25,353 | INFO | ali1688_goods_monitor |   123. https://detail.1688.com/offer/924140770781.html (SKU数: 2)
2026-04-08 06:34:25,353 | INFO | ali1688_goods_monitor |   124. https://detail.1688.com/offer/813592780236.html (SKU数: 2)
2026-04-08 06:34:25,353 | INFO | ali1688_goods_monitor |   125. https://detail.1688.com/offer/675880303102.html (SKU数: 1)
2026-04-08 06:34:25,353 | INFO | ali1688_goods_monitor |   126. https://detail.1688.com/offer/952611726643.html (SKU数: 2)
2026-04-08 06:34:25,354 | INFO | ali1688_goods_monitor |   127. https://detail.1688.com/offer/926941651375.html (SKU数: 10)
2026-04-08 06:34:25,354 | INFO | ali1688_goods_monitor |   128. https://detail.1688.com/offer/847784309788.html (SKU数: 2)
2026-04-08 06:34:25,354 | INFO | ali1688_goods_monitor |   129. https://detail.1688.com/offer/986179889619.html (SKU数: 3)
2026-04-08 06:34:25,354 | INFO | ali1688_goods_monitor |   130. https://detail.1688.com/offer/848195784663.html (SKU数: 6)
2026-04-08 06:34:25,354 | INFO | ali1688_goods_monitor |   131. https://detail.1688.com/offer/995364912374.html (SKU数: 3)
2026-04-08 06:34:25,354 | INFO | ali1688_goods_monitor |   132. https://detail.1688.com/offer/811638208514.html (SKU数: 3)
2026-04-08 06:34:25,355 | INFO | ali1688_goods_monitor |   133. https://detail.1688.com/offer/997359995216.html (SKU数: 4)
2026-04-08 06:34:25,355 | INFO | ali1688_goods_monitor |   134. https://detail.1688.com/offer/985998626047.html (SKU数: 4)
2026-04-08 06:34:25,355 | INFO | ali1688_goods_monitor |   135. https://detail.1688.com/offer/999860867159.html (SKU数: 1)
2026-04-08 06:34:25,355 | INFO | ali1688_goods_monitor |   136. https://detail.1688.com/offer/920664381969.html (SKU数: 4)
2026-04-08 06:34:25,355 | INFO | ali1688_goods_monitor |   137. https://detail.1688.com/offer/917143716667.html (SKU数: 4)
2026-04-08 06:34:25,355 | INFO | ali1688_goods_monitor |   138. https://detail.1688.com/offer/1039821084728.html (SKU数: None)
2026-04-08 06:34:25,356 | INFO | ali1688_goods_monitor |   139. https://detail.1688.com/offer/662629659424.html (SKU数: 4)
2026-04-08 06:34:25,357 | INFO | ali1688_goods_monitor |   140. https://detail.1688.com/offer/796066732390.html (SKU数: 6)
2026-04-08 06:34:25,357 | INFO | ali1688_goods_monitor |   141. https://detail.1688.com/offer/855494409051.html (SKU数: 4)
2026-04-08 06:34:25,357 | INFO | ali1688_goods_monitor |   142. https://detail.1688.com/offer/833863806015.html (SKU数: 5)
2026-04-08 06:34:25,358 | INFO | ali1688_goods_monitor |   143. https://detail.1688.com/offer/918745003737.html (SKU数: 6)
2026-04-08 06:34:25,358 | INFO | ali1688_goods_monitor |   144. https://detail.1688.com/offer/968025059447.html (SKU数: 6)
2026-04-08 06:34:25,358 | INFO | ali1688_goods_monitor |   145. https://detail.1688.com/offer/990374779412.html (SKU数: 3)
2026-04-08 06:34:25,358 | INFO | ali1688_goods_monitor |   146. https://detail.1688.com/offer/969889694254.html (SKU数: 27)
2026-04-08 06:34:25,358 | INFO | ali1688_goods_monitor |   147. https://detail.1688.com/offer/903214944988.html (SKU数: 1)
2026-04-08 06:34:25,359 | INFO | ali1688_goods_monitor |   148. https://detail.1688.com/offer/973730524327.html (SKU数: 11)
2026-04-08 06:34:25,359 | INFO | ali1688_goods_monitor |   149. https://detail.1688.com/offer/1000261330427.html (SKU数: 1)
2026-04-08 06:34:25,359 | INFO | ali1688_goods_monitor |   150. https://detail.1688.com/offer/989391144530.html (SKU数: 40)
2026-04-08 06:34:25,359 | INFO | ali1688_goods_monitor |   151. https://detail.1688.com/offer/778105306124.html (SKU数: 1)
2026-04-08 06:34:25,359 | INFO | ali1688_goods_monitor |   152. https://detail.1688.com/offer/983142383790.html (SKU数: None)
2026-04-08 06:34:25,360 | INFO | ali1688_goods_monitor |   153. https://detail.1688.com/offer/695065852792.html (SKU数: 2)
2026-04-08 06:34:25,360 | INFO | ali1688_goods_monitor |   154. https://detail.1688.com/offer/909894706445.html (SKU数: 22)
2026-04-08 06:34:25,360 | INFO | ali1688_goods_monitor |   155. https://detail.1688.com/offer/1001253412551.html (SKU数: 7)
2026-04-08 06:34:25,360 | INFO | ali1688_goods_monitor |   156. https://detail.1688.com/offer/854773109889.html (SKU数: 1)
2026-04-08 06:34:25,360 | INFO | ali1688_goods_monitor |   157. https://detail.1688.com/offer/678640196785.html (SKU数: 8)
2026-04-08 06:34:25,360 | INFO | ali1688_goods_monitor |   158. https://detail.1688.com/offer/939201456076.html (SKU数: 7)
2026-04-08 06:34:25,365 | INFO | ali1688_goods_monitor |   159. https://detail.1688.com/offer/955211708273.html (SKU数: 23)
2026-04-08 06:34:25,365 | INFO | ali1688_goods_monitor |   160. https://detail.1688.com/offer/997742353743.html (SKU数: 3)
2026-04-08 06:34:25,366 | INFO | ali1688_goods_monitor |   161. https://detail.1688.com/offer/818121391220.html (SKU数: 7)
2026-04-08 06:34:25,366 | INFO | ali1688_goods_monitor |   162. https://detail.1688.com/offer/854420062122.html (SKU数: 12)
2026-04-08 06:34:25,366 | INFO | ali1688_goods_monitor |   163. https://detail.1688.com/offer/668301084321.html (SKU数: 5)
2026-04-08 06:34:25,366 | INFO | ali1688_goods_monitor |   164. https://detail.1688.com/offer/653871136084.html (SKU数: 4)
2026-04-08 06:34:25,366 | INFO | ali1688_goods_monitor |   165. https://detail.1688.com/offer/834236928026.html (SKU数: 1)
2026-04-08 06:34:25,367 | INFO | ali1688_goods_monitor |   166. https://detail.1688.com/offer/985101359570.html (SKU数: 4)
2026-04-08 06:34:25,367 | INFO | ali1688_goods_monitor |   167. https://detail.1688.com/offer/847713406081.html (SKU数: 1)
2026-04-08 06:34:25,367 | INFO | ali1688_goods_monitor |   168. https://detail.1688.com/offer/626387346293.html (SKU数: 10)
2026-04-08 06:34:25,367 | INFO | ali1688_goods_monitor |   169. https://detail.1688.com/offer/984336119328.html (SKU数: 3)
2026-04-08 06:34:25,367 | INFO | ali1688_goods_monitor |   170. https://detail.1688.com/offer/709904411964.html (SKU数: 24)
2026-04-08 06:34:25,367 | INFO | ali1688_goods_monitor |   171. https://detail.1688.com/offer/985879832920.html (SKU数: 4)
2026-04-08 06:34:25,367 | INFO | ali1688_goods_monitor |   172. https://detail.1688.com/offer/906941705446.html (SKU数: 2)
2026-04-08 06:34:25,368 | INFO | ali1688_goods_monitor |   173. https://detail.1688.com/offer/847979472849.html (SKU数: 1)
2026-04-08 06:34:25,368 | INFO | ali1688_goods_monitor |   174. https://detail.1688.com/offer/716733322460.html (SKU数: 8)
2026-04-08 06:34:25,368 | INFO | ali1688_goods_monitor |   175. https://detail.1688.com/offer/900592605428.html (SKU数: 6)
2026-04-08 06:34:25,368 | INFO | ali1688_goods_monitor |   176. https://detail.1688.com/offer/848295933948.html (SKU数: 12)
2026-04-08 06:34:25,368 | INFO | ali1688_goods_monitor |   177. https://detail.1688.com/offer/661514670948.html (SKU数: 9)
2026-04-08 06:34:25,368 | INFO | ali1688_goods_monitor |   178. https://detail.1688.com/offer/992713938362.html (SKU数: 4)
2026-04-08 06:34:25,369 | INFO | ali1688_goods_monitor |   179. https://detail.1688.com/offer/661664097697.html (SKU数: 2)
2026-04-08 06:34:25,369 | INFO | ali1688_goods_monitor |   180. https://detail.1688.com/offer/676772683627.html (SKU数: 5)
2026-04-08 06:34:25,369 | INFO | ali1688_goods_monitor |   181. https://detail.1688.com/offer/678110916347.html (SKU数: 9)
2026-04-08 06:34:25,369 | INFO | ali1688_goods_monitor |   182. https://detail.1688.com/offer/686348979544.html (SKU数: 1)
2026-04-08 06:34:25,369 | INFO | ali1688_goods_monitor |   183. https://detail.1688.com/offer/946133528766.html (SKU数: 4)
2026-04-08 06:34:25,369 | INFO | ali1688_goods_monitor |   184. https://detail.1688.com/offer/987237412445.html (SKU数: 20)
2026-04-08 06:34:25,370 | INFO | ali1688_goods_monitor |   185. https://detail.1688.com/offer/987732400816.html (SKU数: 1)
2026-04-08 06:34:25,370 | INFO | ali1688_goods_monitor |   186. https://detail.1688.com/offer/975402784788.html (SKU数: 1)
2026-04-08 06:34:25,370 | INFO | ali1688_goods_monitor |   187. https://detail.1688.com/offer/672751050822.html (SKU数: 3)
2026-04-08 06:34:25,370 | INFO | ali1688_goods_monitor |   188. https://detail.1688.com/offer/903149142386.html (SKU数: 4)
2026-04-08 06:34:25,370 | INFO | ali1688_goods_monitor |   189. https://detail.1688.com/offer/942621028118.html (SKU数: 20)
2026-04-08 06:34:25,370 | INFO | ali1688_goods_monitor |   190. https://detail.1688.com/offer/847713406078.html (SKU数: 4)
2026-04-08 06:34:25,371 | INFO | ali1688_goods_monitor |   191. https://detail.1688.com/offer/991759687233.html (SKU数: 6)
2026-04-08 06:34:25,371 | INFO | ali1688_goods_monitor |   192. https://detail.1688.com/offer/724154127228.html (SKU数: 6)
2026-04-08 06:34:25,371 | INFO | ali1688_goods_monitor |   193. https://detail.1688.com/offer/998016077358.html (SKU数: 3)
2026-04-08 06:34:25,371 | INFO | ali1688_goods_monitor |   194. https://detail.1688.com/offer/972523284067.html (SKU数: 1)
2026-04-08 06:34:25,371 | INFO | ali1688_goods_monitor |   195. https://detail.1688.com/offer/675557812438.html (SKU数: 1)
2026-04-08 06:34:25,371 | INFO | ali1688_goods_monitor |   196. https://detail.1688.com/offer/990976789985.html (SKU数: 16)
2026-04-08 06:34:25,372 | INFO | ali1688_goods_monitor |   197. https://detail.1688.com/offer/992882388093.html (SKU数: 3)
2026-04-08 06:34:25,372 | INFO | ali1688_goods_monitor |   198. https://detail.1688.com/offer/990260832462.html (SKU数: 3)
2026-04-08 06:34:25,372 | INFO | ali1688_goods_monitor |   199. https://detail.1688.com/offer/670793076081.html (SKU数: 12)
2026-04-08 06:34:25,372 | INFO | ali1688_goods_monitor |   200. https://detail.1688.com/offer/994715362159.html (SKU数: 14)
2026-04-08 06:34:25,373 | INFO | ali1688_goods_monitor |   201. https://detail.1688.com/offer/848415574468.html (SKU数: 1)
2026-04-08 06:34:25,373 | INFO | ali1688_goods_monitor |   202. https://detail.1688.com/offer/969387993044.html (SKU数: 20)
2026-04-08 06:34:25,374 | INFO | ali1688_goods_monitor |   203. https://detail.1688.com/offer/538297571141.html (SKU数: 6)
2026-04-08 06:34:25,374 | INFO | ali1688_goods_monitor |   204. https://detail.1688.com/offer/858770936676.html (SKU数: 2)
2026-04-08 06:34:25,374 | INFO | ali1688_goods_monitor |   205. https://detail.1688.com/offer/895042686618.html (SKU数: 2)
2026-04-08 06:34:25,374 | INFO | ali1688_goods_monitor |   206. https://detail.1688.com/offer/978968804889.html (SKU数: 1)
2026-04-08 06:34:25,374 | INFO | ali1688_goods_monitor |   207. https://detail.1688.com/offer/683872677220.html (SKU数: 3)
2026-04-08 06:34:25,375 | INFO | ali1688_goods_monitor |   208. https://detail.1688.com/offer/646729482472.html (SKU数: 6)
2026-04-08 06:34:25,375 | INFO | ali1688_goods_monitor |   209. https://detail.1688.com/offer/1027381048230.html (SKU数: 36)
2026-04-08 06:34:25,375 | INFO | ali1688_goods_monitor |   210. https://detail.1688.com/offer/986633373239.html (SKU数: 11)
2026-04-08 06:34:25,375 | INFO | ali1688_goods_monitor |   211. https://detail.1688.com/offer/900563388108.html (SKU数: 12)
2026-04-08 06:34:25,375 | INFO | ali1688_goods_monitor |   212. https://detail.1688.com/offer/854168645121.html (SKU数: 3)
2026-04-08 06:34:25,375 | INFO | ali1688_goods_monitor |   213. https://detail.1688.com/offer/1031769907868.html (SKU数: 6)
2026-04-08 06:34:25,376 | INFO | ali1688_goods_monitor |   214. https://detail.1688.com/offer/917025701974.html (SKU数: 8)
2026-04-08 06:34:25,376 | INFO | ali1688_goods_monitor |   215. https://detail.1688.com/offer/910382293640.html (SKU数: 22)
2026-04-08 06:34:25,376 | INFO | ali1688_goods_monitor |   216. https://detail.1688.com/offer/734736330484.html (SKU数: 34)
2026-04-08 06:34:25,376 | INFO | ali1688_goods_monitor |   217. https://detail.1688.com/offer/1028239295024.html (SKU数: 1)
2026-04-08 06:34:25,376 | INFO | ali1688_goods_monitor |   218. https://detail.1688.com/offer/757454263904.html (SKU数: 1)
2026-04-08 06:34:25,376 | INFO | ali1688_goods_monitor |   219. https://detail.1688.com/offer/973247771787.html (SKU数: 2)
2026-04-08 06:34:25,379 | INFO | ali1688_goods_monitor |   220. https://detail.1688.com/offer/992863648563.html (SKU数: 11)
2026-04-08 06:34:25,380 | INFO | ali1688_goods_monitor |   221. https://detail.1688.com/offer/728912992880.html (SKU数: 24)
2026-04-08 06:34:25,380 | INFO | ali1688_goods_monitor |   222. https://detail.1688.com/offer/897059922290.html (SKU数: 5)
2026-04-08 06:34:25,380 | INFO | ali1688_goods_monitor |   223. https://detail.1688.com/offer/960725525521.html (SKU数: 10)
2026-04-08 06:34:25,380 | INFO | ali1688_goods_monitor |   224. https://detail.1688.com/offer/643044757475.html (SKU数: 41)
2026-04-08 06:34:25,380 | INFO | ali1688_goods_monitor |   225. https://detail.1688.com/offer/973255115593.html (SKU数: 36)
2026-04-08 06:34:25,380 | INFO | ali1688_goods_monitor |   226. https://detail.1688.com/offer/984991416938.html (SKU数: 6)
2026-04-08 06:34:25,381 | INFO | ali1688_goods_monitor |   227. https://detail.1688.com/offer/629652629026.html (SKU数: 5)
2026-04-08 06:34:25,381 | INFO | ali1688_goods_monitor |   228. https://detail.1688.com/offer/634658078975.html (SKU数: 16)
2026-04-08 06:34:25,381 | INFO | ali1688_goods_monitor |   229. https://detail.1688.com/offer/1035850540780.html (SKU数: 8)
2026-04-08 06:34:25,381 | INFO | ali1688_goods_monitor |   230. https://detail.1688.com/offer/847993548322.html (SKU数: 3)
2026-04-08 06:34:25,381 | INFO | ali1688_goods_monitor |   231. https://detail.1688.com/offer/1013917249205.html (SKU数: 5)
2026-04-08 06:34:25,381 | INFO | ali1688_goods_monitor |   232. https://detail.1688.com/offer/1033404841463.html (SKU数: 4)
2026-04-08 06:34:25,382 | INFO | ali1688_goods_monitor |   233. https://detail.1688.com/offer/1001279554121.html (SKU数: 4)
2026-04-08 06:34:25,382 | INFO | ali1688_goods_monitor |   234. https://detail.1688.com/offer/726064645781.html (SKU数: 6)
2026-04-08 06:34:25,382 | INFO | ali1688_goods_monitor |   235. https://detail.1688.com/offer/1024421346400.html (SKU数: 2)
2026-04-08 06:34:25,382 | INFO | ali1688_goods_monitor |   236. https://detail.1688.com/offer/809233523760.html (SKU数: 1)
2026-04-08 06:34:25,382 | INFO | ali1688_goods_monitor |   237. https://detail.1688.com/offer/929103621035.html (SKU数: 6)
2026-04-08 06:34:25,382 | INFO | ali1688_goods_monitor |   238. https://detail.1688.com/offer/847969236799.html (SKU数: 32)
2026-04-08 06:34:25,383 | INFO | ali1688_goods_monitor |   239. https://detail.1688.com/offer/990425215638.html (SKU数: 5)
2026-04-08 06:34:25,383 | INFO | ali1688_goods_monitor |   240. https://detail.1688.com/offer/858007859516.html (SKU数: 2)
2026-04-08 06:34:25,383 | INFO | ali1688_goods_monitor |   241. https://detail.1688.com/offer/969646541226.html (SKU数: 11)
2026-04-08 06:34:25,383 | INFO | ali1688_goods_monitor |   242. https://detail.1688.com/offer/952896839032.html (SKU数: 3)
2026-04-08 06:34:25,383 | INFO | ali1688_goods_monitor |   243. https://detail.1688.com/offer/990589043915.html (SKU数: 3)
2026-04-08 06:34:25,383 | INFO | ali1688_goods_monitor |   244. https://detail.1688.com/offer/727364044091.html (SKU数: 7)
2026-04-08 06:34:25,383 | INFO | ali1688_goods_monitor |   245. https://detail.1688.com/offer/795861191445.html (SKU数: 6)
2026-04-08 06:34:25,384 | INFO | ali1688_goods_monitor |   246. https://detail.1688.com/offer/974035321584.html (SKU数: 5)
2026-04-08 06:34:25,384 | INFO | ali1688_goods_monitor |   247. https://detail.1688.com/offer/658391484708.html (SKU数: 12)
2026-04-08 06:34:25,384 | INFO | ali1688_goods_monitor |   248. https://detail.1688.com/offer/970781028572.html (SKU数: 1)
2026-04-08 06:34:25,384 | INFO | ali1688_goods_monitor |   249. https://detail.1688.com/offer/728364497329.html (SKU数: 5)
2026-04-08 06:34:25,384 | INFO | ali1688_goods_monitor |   250. https://detail.1688.com/offer/622513415473.html (SKU数: 4)
2026-04-08 06:34:25,384 | INFO | ali1688_goods_monitor |   251. https://detail.1688.com/offer/1001391447719.html (SKU数: 2)
2026-04-08 06:34:25,385 | INFO | ali1688_goods_monitor |   252. https://detail.1688.com/offer/687729432138.html (SKU数: 1)
2026-04-08 06:34:25,385 | INFO | ali1688_goods_monitor |   253. https://detail.1688.com/offer/894449366946.html (SKU数: 30)
2026-04-08 06:34:25,385 | INFO | ali1688_goods_monitor |   254. https://detail.1688.com/offer/1031855101004.html (SKU数: 7)
2026-04-08 06:34:25,385 | INFO | ali1688_goods_monitor |   255. https://detail.1688.com/offer/775392792723.html (SKU数: 25)
2026-04-08 06:34:25,385 | INFO | ali1688_goods_monitor |   256. https://detail.1688.com/offer/734549030910.html (SKU数: 14)
2026-04-08 06:34:25,385 | INFO | ali1688_goods_monitor |   257. https://detail.1688.com/offer/713699292120.html (SKU数: 9)
2026-04-08 06:34:25,385 | INFO | ali1688_goods_monitor |   258. https://detail.1688.com/offer/621194315291.html (SKU数: 4)
2026-04-08 06:34:25,386 | INFO | ali1688_goods_monitor |   259. https://detail.1688.com/offer/927867865604.html (SKU数: 18)
2026-04-08 06:34:25,386 | INFO | ali1688_goods_monitor |   260. https://detail.1688.com/offer/854259763574.html (SKU数: 1)
2026-04-08 06:34:25,386 | INFO | ali1688_goods_monitor |   261. https://detail.1688.com/offer/750175006113.html (SKU数: 1)
2026-04-08 06:34:25,386 | INFO | ali1688_goods_monitor |   262. https://detail.1688.com/offer/751554304142.html (SKU数: 2)
2026-04-08 06:34:25,386 | INFO | ali1688_goods_monitor |   263. https://detail.1688.com/offer/947764418500.html (SKU数: 1)
2026-04-08 06:34:25,386 | INFO | ali1688_goods_monitor |   264. https://detail.1688.com/offer/954152497198.html (SKU数: 6)
2026-04-08 06:34:25,386 | INFO | ali1688_goods_monitor |   265. https://detail.1688.com/offer/857784361057.html (SKU数: 10)
2026-04-08 06:34:25,387 | INFO | ali1688_goods_monitor |   266. https://detail.1688.com/offer/963819028092.html (SKU数: 2)
2026-04-08 06:34:25,387 | INFO | ali1688_goods_monitor |   267. https://detail.1688.com/offer/982635289066.html (SKU数: 26)
2026-04-08 06:34:25,387 | INFO | ali1688_goods_monitor |   268. https://detail.1688.com/offer/863983065199.html (SKU数: 1)
2026-04-08 06:34:25,387 | INFO | ali1688_goods_monitor |   269. https://detail.1688.com/offer/999695394272.html (SKU数: 5)
2026-04-08 06:34:26,518 | INFO | ali1688_goods_monitor | ============================================================
2026-04-08 06:34:26,518 | INFO | ali1688_goods_monitor | 🔍 开始获取SKU信息...
2026-04-08 06:34:26,521 | INFO | ali1688_goods_monitor | 📦 共 269 个商品需要获取SKU
2026-04-08 06:34:26,521 | INFO | ali1688_goods_monitor | ============================================================
2026-04-08 06:34:26,521 | INFO | ali1688_goods_monitor | 🚀 初始化SKU获取浏览器...
2026-04-08 06:34:28,641 | INFO | ali1688_goods_monitor | 🔐 登录店雷达...
2026-04-08 06:34:44,038 | INFO | ali1688_goods_monitor | 🔍 [1/269] 获取SKU: https://detail.1688.com/offer/903613869442.html
2026-04-08 06:35:05,848 | ERROR | ali1688_goods_monitor |    ❌ 获取SKU失败: 
没有找到元素。
方法: ele()
参数: {'locator': 'xpath://*[@id="content"]/div[2]/div[1]/div[2]/div[1]/div[2]/div[1]/div[2]', 'index': 1, 'timeout': 10}
版本: 4.1.1.2
2026-04-08 06:35:05,849 | INFO | ali1688_goods_monitor |    ⏳ 等待 2.5 秒后继续...
2026-04-08 06:35:08,327 | INFO | ali1688_goods_monitor | 🔍 [2/269] 获取SKU: https://detail.1688.com/offer/1026068947837.html
2026-04-08 06:35:32,851 | ERROR | ali1688_goods_monitor |    ❌ 获取SKU失败: 
没有找到元素。
方法: ele()
参数: {'locator': 'xpath://*[@id="content"]/div[2]/div[1]/div[2]/div[1]/div[2]/div[1]/div[2]', 'index': 1, 'timeout': 10}
版本: 4.1.1.2
2026-04-08 06:35:32,851 | INFO | ali1688_goods_monitor |    ⏳ 等待 1.2 秒后继续...
2026-04-08 06:35:34,075 | INFO | ali1688_goods_monitor | 🔍 [3/269] 获取SKU: https://detail.1688.com/offer/968280048908.html
2026-04-08 06:35:56,781 | ERROR | ali1688_goods_monitor |    ❌ 获取SKU失败: 
没有找到元素。
方法: ele()
参数: {'locator': 'xpath://*[@id="content"]/div[2]/div[1]/div[2]/div[1]/div[2]/div[1]/div[2]', 'index': 1, 'timeout': 10}
版本: 4.1.1.2
2026-04-08 06:35:56,782 | INFO | ali1688_goods_monitor |    ⏳ 等待 2.1 秒后继续...
2026-04-08 06:35:58,854 | INFO | ali1688_goods_monitor | 🔍 [4/269] 获取SKU: https://detail.1688.com/offer/1005984550667.html
2026-04-08 06:36:21,613 | ERROR | ali1688_goods_monitor |    ❌ 获取SKU失败: 
没有找到元素。
方法: ele()
参数: {'locator': 'xpath://*[@id="content"]/div[2]/div[1]/div[2]/div[1]/div[2]/div[1]/div[2]', 'index': 1, 'timeout': 10}
版本: 4.1.1.2
2026-04-08 06:36:21,613 | INFO | ali1688_goods_monitor |    ⏳ 等待 1.2 秒后继续...
2026-04-08 06:36:22,792 | INFO | ali1688_goods_monitor | 🔍 [5/269] 获取SKU: https://detail.1688.com/offer/971080031926.html
2026-04-08 06:36:45,202 | ERROR | ali1688_goods_monitor |    ❌ 获取SKU失败: 
没有找到元素。
方法: ele()
参数: {'locator': 'xpath://*[@id="content"]/div[2]/div[1]/div[2]/div[1]/div[2]/div[1]/div[2]', 'index': 1, 'timeout': 10}
版本: 4.1.1.2
2026-04-08 06:36:45,203 | INFO | ali1688_goods_monitor |    ⏳ 等待 1.5 秒后继续...
2026-04-08 06:36:46,741 | INFO | ali1688_goods_monitor | 🔍 [6/269] 获取SKU: https://detail.1688.com/offer/617837580726.html
2026-04-08 06:37:09,251 | ERROR | ali1688_goods_monitor |    ❌ 获取SKU失败: 
没有找到元素。
方法: ele()
参数: {'locator': 'xpath://*[@id="content"]/div[2]/div[1]/div[2]/div[1]/div[2]/div[1]/div[2]', 'index': 1, 'timeout': 10}
版本: 4.1.1.2
2026-04-08 06:37:09,251 | INFO | ali1688_goods_monitor |    ⏳ 等待 1.8 秒后继续...
2026-04-08 06:37:11,075 | INFO | ali1688_goods_monitor | 🔍 [7/269] 获取SKU: https://detail.1688.com/offer/943395574791.html
2026-04-08 06:37:33,575 | ERROR | ali1688_goods_monitor |    ❌ 获取SKU失败: 
没有找到元素。
方法: ele()
参数: {'locator': 'xpath://*[@id="content"]/div[2]/div[1]/div[2]/div[1]/div[2]/div[1]/div[2]', 'index': 1, 'timeout': 10}
版本: 4.1.1.2
2026-04-08 06:37:33,575 | INFO | ali1688_goods_monitor |    ⏳ 等待 2.5 秒后继续...
2026-04-08 06:37:36,052 | INFO | ali1688_goods_monitor | 🔍 [8/269] 获取SKU: https://detail.1688.com/offer/979203908708.html
2026-04-08 06:37:58,473 | ERROR | ali1688_goods_monitor |    ❌ 获取SKU失败: 
没有找到元素。
方法: ele()
参数: {'locator': 'xpath://*[@id="content"]/div[2]/div[1]/div[2]/div[1]/div[2]/div[1]/div[2]', 'index': 1, 'timeout': 10}
版本: 4.1.1.2
2026-04-08 06:37:58,473 | INFO | ali1688_goods_monitor |    ⏳ 等待 1.3 秒后继续...
2026-04-08 06:37:59,770 | INFO | ali1688_goods_monitor | 🔍 [9/269] 获取SKU: https://detail.1688.com/offer/928700805986.html
2026-04-08 06:38:22,060 | ERROR | ali1688_goods_monitor |    ❌ 获取SKU失败: 
没有找到元素。
方法: ele()
参数: {'locator': 'xpath://*[@id="content"]/div[2]/div[1]/div[2]/div[1]/div[2]/div[1]/div[2]', 'index': 1, 'timeout': 10}
版本: 4.1.1.2
2026-04-08 06:38:22,060 | INFO | ali1688_goods_monitor |    ⏳ 等待 1.0 秒后继续...
2026-04-08 06:38:23,108 | INFO | ali1688_goods_monitor | 🔍 [10/269] 获取SKU: https://detail.1688.com/offer/971037620206.html
2026-04-08 06:38:45,611 | ERROR | ali1688_goods_monitor |    ❌ 获取SKU失败: 
没有找到元素。
方法: ele()
参数: {'locator': 'xpath://*[@id="content"]/div[2]/div[1]/div[2]/div[1]/div[2]/div[1]/div[2]', 'index': 1, 'timeout': 10}
版本: 4.1.1.2
2026-04-08 06:38:45,611 | INFO | ali1688_goods_monitor |    ⏳ 等待 2.5 秒后继续...
2026-04-08 06:38:48,076 | INFO | ali1688_goods_monitor | 🔍 [11/269] 获取SKU: https://detail.1688.com/offer/1016515592011.html
2026-04-08 06:39:10,941 | ERROR | ali1688_goods_monitor |    ❌ 获取SKU失败: 
没有找到元素。
方法: ele()
参数: {'locator': 'xpath://*[@id="content"]/div[2]/div[1]/div[2]/div[1]/div[2]/div[1]/div[2]', 'index': 1, 'timeout': 10}
版本: 4.1.1.2
2026-04-08 06:39:10,941 | INFO | ali1688_goods_monitor |    ⏳ 等待 2.5 秒后继续...
2026-04-08 06:39:13,445 | INFO | ali1688_goods_monitor | 🔍 [12/269] 获取SKU: https://detail.1688.com/offer/1040782952704.html
2026-04-08 06:39:35,720 | ERROR | ali1688_goods_monitor |    ❌ 获取SKU失败: 
没有找到元素。
方法: ele()
参数: {'locator': 'xpath://*[@id="content"]/div[2]/div[1]/div[2]/div[1]/div[2]/div[1]/div[2]', 'index': 1, 'timeout': 10}
版本: 4.1.1.2
2026-04-08 06:39:35,721 | INFO | ali1688_goods_monitor |    ⏳ 等待 1.6 秒后继续...
2026-04-08 06:39:37,322 | INFO | ali1688_goods_monitor | 🔍 [13/269] 获取SKU: https://detail.1688.com/offer/954713432833.html
2026-04-08 06:40:00,114 | ERROR | ali1688_goods_monitor |    ❌ 获取SKU失败: 
没有找到元素。
方法: ele()
参数: {'locator': 'xpath://*[@id="content"]/div[2]/div[1]/div[2]/div[1]/div[2]/div[1]/div[2]', 'index': 1, 'timeout': 10}
版本: 4.1.1.2
2026-04-08 06:40:00,114 | INFO | ali1688_goods_monitor |    ⏳ 等待 1.7 秒后继续...
2026-04-08 06:40:01,855 | INFO | ali1688_goods_monitor | 🔍 [14/269] 获取SKU: https://detail.1688.com/offer/807432916292.html
2026-04-08 06:40:24,375 | ERROR | ali1688_goods_monitor |    ❌ 获取SKU失败: 
没有找到元素。
方法: ele()
参数: {'locator': 'xpath://*[@id="content"]/div[2]/div[1]/div[2]/div[1]/div[2]/div[1]/div[2]', 'index': 1, 'timeout': 10}
版本: 4.1.1.2
2026-04-08 06:40:24,375 | INFO | ali1688_goods_monitor |    ⏳ 等待 1.1 秒后继续...
2026-04-08 06:40:25,527 | INFO | ali1688_goods_monitor | 🔍 [15/269] 获取SKU: https://detail.1688.com/offer/835170979856.html
2026-04-08 06:40:47,484 | ERROR | ali1688_goods_monitor |    ❌ 获取SKU失败: 
没有找到元素。
方法: ele()
参数: {'locator': 'xpath://*[@id="content"]/div[2]/div[1]/div[2]/div[1]/div[2]/div[1]/div[2]', 'index': 1, 'timeout': 10}
版本: 4.1.1.2
2026-04-08 06:40:47,485 | INFO | ali1688_goods_monitor |    ⏳ 等待 2.1 秒后继续...
2026-04-08 06:40:49,600 | INFO | ali1688_goods_monitor | 🔍 [16/269] 获取SKU: https://detail.1688.com/offer/982634945037.html
2026-04-08 06:41:11,910 | ERROR | ali1688_goods_monitor |    ❌ 获取SKU失败: 
没有找到元素。
方法: ele()
参数: {'locator': 'xpath://*[@id="content"]/div[2]/div[1]/div[2]/div[1]/div[2]/div[1]/div[2]', 'index': 1, 'timeout': 10}
版本: 4.1.1.2
2026-04-08 06:41:11,911 | INFO | ali1688_goods_monitor |    ⏳ 等待 2.4 秒后继续...
2026-04-08 06:41:14,374 | INFO | ali1688_goods_monitor | 🔍 [17/269] 获取SKU: https://detail.1688.com/offer/812259607012.html
2026-04-08 06:41:37,107 | ERROR | ali1688_goods_monitor |    ❌ 获取SKU失败: 
没有找到元素。
方法: ele()
参数: {'locator': 'xpath://*[@id="content"]/div[2]/div[1]/div[2]/div[1]/div[2]/div[1]/div[2]', 'index': 1, 'timeout': 10}
版本: 4.1.1.2
2026-04-08 06:41:37,107 | INFO | ali1688_goods_monitor |    ⏳ 等待 1.1 秒后继续...
2026-04-08 06:41:38,217 | INFO | ali1688_goods_monitor | 🔍 [18/269] 获取SKU: https://detail.1688.com/offer/798059727032.html
2026-04-08 06:42:00,666 | ERROR | ali1688_goods_monitor |    ❌ 获取SKU失败: 
没有找到元素。
方法: ele()
参数: {'locator': 'xpath://*[@id="content"]/div[2]/div[1]/div[2]/div[1]/div[2]/div[1]/div[2]', 'index': 1, 'timeout': 10}
版本: 4.1.1.2
2026-04-08 06:42:00,666 | INFO | ali1688_goods_monitor |    ⏳ 等待 1.7 秒后继续...
2026-04-08 06:42:02,376 | INFO | ali1688_goods_monitor | 🔍 [19/269] 获取SKU: https://detail.1688.com/offer/833661915665.html
2026-04-08 06:42:24,770 | ERROR | ali1688_goods_monitor |    ❌ 获取SKU失败: 
没有找到元素。
方法: ele()
参数: {'locator': 'xpath://*[@id="content"]/div[2]/div[1]/div[2]/div[1]/div[2]/div[1]/div[2]', 'index': 1, 'timeout': 10}
版本: 4.1.1.2
2026-04-08 06:42:24,771 | INFO | ali1688_goods_monitor |    ⏳ 等待 1.7 秒后继续...
2026-04-08 06:42:26,464 | INFO | ali1688_goods_monitor | 🔍 [20/269] 获取SKU: https://detail.1688.com/offer/1003272185431.html
2026-04-08 06:42:48,774 | ERROR | ali1688_goods_monitor |    ❌ 获取SKU失败: 
没有找到元素。
方法: ele()
参数: {'locator': 'xpath://*[@id="content"]/div[2]/div[1]/div[2]/div[1]/div[2]/div[1]/div[2]', 'index': 1, 'timeout': 10}
版本: 4.1.1.2
2026-04-08 06:42:48,775 | INFO | ali1688_goods_monitor |    ⏳ 等待 1.9 秒后继续...
2026-04-08 06:42:50,731 | INFO | ali1688_goods_monitor | 🔍 [21/269] 获取SKU: https://detail.1688.com/offer/990409899841.html
2026-04-08 06:43:13,219 | ERROR | ali1688_goods_monitor |    ❌ 获取SKU失败: 
没有找到元素。
方法: ele()
参数: {'locator': 'xpath://*[@id="content"]/div[2]/div[1]/div[2]/div[1]/div[2]/div[1]/div[2]', 'index': 1, 'timeout': 10}
版本: 4.1.1.2
2026-04-08 06:43:13,219 | INFO | ali1688_goods_monitor |    ⏳ 等待 1.1 秒后继续...
2026-04-08 06:43:14,346 | INFO | ali1688_goods_monitor | 🔍 [22/269] 获取SKU: https://detail.1688.com/offer/1025513853144.html
2026-04-08 06:43:36,797 | ERROR | ali1688_goods_monitor |    ❌ 获取SKU失败: 
没有找到元素。
方法: ele()
参数: {'locator': 'xpath://*[@id="content"]/div[2]/div[1]/div[2]/div[1]/div[2]/div[1]/div[2]', 'index': 1, 'timeout': 10}
版本: 4.1.1.2
2026-04-08 06:43:36,797 | INFO | ali1688_goods_monitor |    ⏳ 等待 2.1 秒后继续...
2026-04-08 06:43:38,931 | INFO | ali1688_goods_monitor | 🔍 [23/269] 获取SKU: https://detail.1688.com/offer/991935831793.html
2026-04-08 06:44:01,698 | ERROR | ali1688_goods_monitor |    ❌ 获取SKU失败: 
没有找到元素。
方法: ele()
参数: {'locator': 'xpath://*[@id="content"]/div[2]/div[1]/div[2]/div[1]/div[2]/div[1]/div[2]', 'index': 1, 'timeout': 10}
版本: 4.1.1.2
2026-04-08 06:44:01,699 | INFO | ali1688_goods_monitor |    ⏳ 等待 1.2 秒后继续...
2026-04-08 06:44:02,916 | INFO | ali1688_goods_monitor | 🔍 [24/269] 获取SKU: https://detail.1688.com/offer/907762599791.html
2026-04-08 06:44:25,144 | ERROR | ali1688_goods_monitor |    ❌ 获取SKU失败: 
没有找到元素。
方法: ele()
参数: {'locator': 'xpath://*[@id="content"]/div[2]/div[1]/div[2]/div[1]/div[2]/div[1]/div[2]', 'index': 1, 'timeout': 10}
版本: 4.1.1.2
2026-04-08 06:44:25,144 | INFO | ali1688_goods_monitor |    ⏳ 等待 1.0 秒后继续...
2026-04-08 06:44:26,175 | INFO | ali1688_goods_monitor | 🔍 [25/269] 获取SKU: https://detail.1688.com/offer/969366546749.html
2026-04-08 06:44:48,347 | ERROR | ali1688_goods_monitor |    ❌ 获取SKU失败: 
没有找到元素。
方法: ele()
参数: {'locator': 'xpath://*[@id="content"]/div[2]/div[1]/div[2]/div[1]/div[2]/div[1]/div[2]', 'index': 1, 'timeout': 10}
版本: 4.1.1.2
2026-04-08 06:44:48,347 | INFO | ali1688_goods_monitor |    ⏳ 等待 2.4 秒后继续...
2026-04-08 06:44:50,732 | INFO | ali1688_goods_monitor | 🔍 [26/269] 获取SKU: https://detail.1688.com/offer/741922490714.html
2026-04-08 06:45:12,930 | ERROR | ali1688_goods_monitor |    ❌ 获取SKU失败: 
没有找到元素。
方法: ele()
参数: {'locator': 'xpath://*[@id="content"]/div[2]/div[1]/div[2]/div[1]/div[2]/div[1]/div[2]', 'index': 1, 'timeout': 10}
版本: 4.1.1.2
2026-04-08 06:45:12,932 | INFO | ali1688_goods_monitor |    ⏳ 等待 1.1 秒后继续...
2026-04-08 06:45:14,044 | INFO | ali1688_goods_monitor | 🔍 [27/269] 获取SKU: https://detail.1688.com/offer/590591825369.html
2026-04-08 06:45:36,537 | ERROR | ali1688_goods_monitor |    ❌ 获取SKU失败: 
没有找到元素。
方法: ele()
参数: {'locator': 'xpath://*[@id="content"]/div[2]/div[1]/div[2]/div[1]/div[2]/div[1]/div[2]', 'index': 1, 'timeout': 10}
版本: 4.1.1.2
2026-04-08 06:45:36,538 | INFO | ali1688_goods_monitor |    ⏳ 等待 1.8 秒后继续...
2026-04-08 06:45:38,379 | INFO | ali1688_goods_monitor | 🔍 [28/269] 获取SKU: https://detail.1688.com/offer/776195311997.html
2026-04-08 06:46:00,901 | ERROR | ali1688_goods_monitor |    ❌ 获取SKU失败: 
没有找到元素。
方法: ele()
参数: {'locator': 'xpath://*[@id="content"]/div[2]/div[1]/div[2]/div[1]/div[2]/div[1]/div[2]', 'index': 1, 'timeout': 10}
版本: 4.1.1.2
2026-04-08 06:46:00,902 | INFO | ali1688_goods_monitor |    ⏳ 等待 2.2 秒后继续...
2026-04-08 06:46:03,163 | INFO | ali1688_goods_monitor | 🔍 [29/269] 获取SKU: https://detail.1688.com/offer/903636127402.html
2026-04-08 06:46:25,670 | ERROR | ali1688_goods_monitor |    ❌ 获取SKU失败: 
没有找到元素。
方法: ele()
参数: {'locator': 'xpath://*[@id="content"]/div[2]/div[1]/div[2]/div[1]/div[2]/div[1]/div[2]', 'index': 1, 'timeout': 10}
版本: 4.1.1.2
2026-04-08 06:46:25,670 | INFO | ali1688_goods_monitor |    ⏳ 等待 1.2 秒后继续...
2026-04-08 06:46:26,922 | INFO | ali1688_goods_monitor | 🔍 [30/269] 获取SKU: https://detail.1688.com/offer/812514770228.html
2026-04-08 06:46:49,242 | ERROR | ali1688_goods_monitor |    ❌ 获取SKU失败: 
没有找到元素。
方法: ele()
参数: {'locator': 'xpath://*[@id="content"]/div[2]/div[1]/div[2]/div[1]/div[2]/div[1]/div[2]', 'index': 1, 'timeout': 10}
版本: 4.1.1.2
2026-04-08 06:46:49,243 | INFO | ali1688_goods_monitor |    ⏳ 等待 1.4 秒后继续...
2026-04-08 06:46:50,667 | INFO | ali1688_goods_monitor | 🔍 [31/269] 获取SKU: https://detail.1688.com/offer/875034473523.html
2026-04-08 06:47:12,897 | ERROR | ali1688_goods_monitor |    ❌ 获取SKU失败: 
没有找到元素。
方法: ele()
参数: {'locator': 'xpath://*[@id="content"]/div[2]/div[1]/div[2]/div[1]/div[2]/div[1]/div[2]', 'index': 1, 'timeout': 10}
版本: 4.1.1.2
2026-04-08 06:47:12,897 | INFO | ali1688_goods_monitor |    ⏳ 等待 1.6 秒后继续...
2026-04-08 06:47:14,507 | INFO | ali1688_goods_monitor | 🔍 [32/269] 获取SKU: https://detail.1688.com/offer/1013037690222.html
2026-04-08 06:47:36,839 | ERROR | ali1688_goods_monitor |    ❌ 获取SKU失败: 
没有找到元素。
方法: ele()
参数: {'locator': 'xpath://*[@id="content"]/div[2]/div[1]/div[2]/div[1]/div[2]/div[1]/div[2]', 'index': 1, 'timeout': 10}
版本: 4.1.1.2
2026-04-08 06:47:36,840 | INFO | ali1688_goods_monitor |    ⏳ 等待 1.0 秒后继续...
2026-04-08 06:47:37,885 | INFO | ali1688_goods_monitor | 🔍 [33/269] 获取SKU: https://detail.1688.com/offer/889385901298.html
2026-04-08 06:48:00,291 | ERROR | ali1688_goods_monitor |    ❌ 获取SKU失败: 
没有找到元素。
方法: ele()
参数: {'locator': 'xpath://*[@id="content"]/div[2]/div[1]/div[2]/div[1]/div[2]/div[1]/div[2]', 'index': 1, 'timeout': 10}
版本: 4.1.1.2
2026-04-08 06:48:00,291 | INFO | ali1688_goods_monitor |    ⏳ 等待 2.0 秒后继续...
2026-04-08 06:48:02,275 | INFO | ali1688_goods_monitor | 🔍 [34/269] 获取SKU: https://detail.1688.com/offer/979396013303.html
2026-04-08 06:48:24,664 | ERROR | ali1688_goods_monitor |    ❌ 获取SKU失败: 
没有找到元素。
方法: ele()
参数: {'locator': 'xpath://*[@id="content"]/div[2]/div[1]/div[2]/div[1]/div[2]/div[1]/div[2]', 'index': 1, 'timeout': 10}
版本: 4.1.1.2
2026-04-08 06:48:24,664 | INFO | ali1688_goods_monitor |    ⏳ 等待 2.4 秒后继续...
2026-04-08 06:48:27,051 | INFO | ali1688_goods_monitor | 🔍 [35/269] 获取SKU: https://detail.1688.com/offer/962746907189.html
2026-04-08 06:48:49,664 | ERROR | ali1688_goods_monitor |    ❌ 获取SKU失败: 
没有找到元素。
方法: ele()
参数: {'locator': 'xpath://*[@id="content"]/div[2]/div[1]/div[2]/div[1]/div[2]/div[1]/div[2]', 'index': 1, 'timeout': 10}
版本: 4.1.1.2
2026-04-08 06:48:49,665 | INFO | ali1688_goods_monitor |    ⏳ 等待 1.3 秒后继续...
2026-04-08 06:48:50,967 | INFO | ali1688_goods_monitor | 🔍 [36/269] 获取SKU: https://detail.1688.com/offer/895285249007.html
2026-04-08 06:49:13,536 | ERROR | ali1688_goods_monitor |    ❌ 获取SKU失败: 
没有找到元素。
方法: ele()
参数: {'locator': 'xpath://*[@id="content"]/div[2]/div[1]/div[2]/div[1]/div[2]/div[1]/div[2]', 'index': 1, 'timeout': 10}
版本: 4.1.1.2
2026-04-08 06:49:13,536 | INFO | ali1688_goods_monitor |    ⏳ 等待 2.2 秒后继续...
2026-04-08 06:49:15,764 | INFO | ali1688_goods_monitor | 🔍 [37/269] 获取SKU: https://detail.1688.com/offer/894936744591.html
2026-04-08 06:49:38,073 | ERROR | ali1688_goods_monitor |    ❌ 获取SKU失败: 
没有找到元素。
方法: ele()
参数: {'locator': 'xpath://*[@id="content"]/div[2]/div[1]/div[2]/div[1]/div[2]/div[1]/div[2]', 'index': 1, 'timeout': 10}
版本: 4.1.1.2
2026-04-08 06:49:38,073 | INFO | ali1688_goods_monitor |    ⏳ 等待 1.9 秒后继续...
2026-04-08 06:49:39,958 | INFO | ali1688_goods_monitor | 🔍 [38/269] 获取SKU: https://detail.1688.com/offer/970715744477.html
2026-04-08 06:50:02,349 | ERROR | ali1688_goods_monitor |    ❌ 获取SKU失败: 
没有找到元素。
方法: ele()
参数: {'locator': 'xpath://*[@id="content"]/div[2]/div[1]/div[2]/div[1]/div[2]/div[1]/div[2]', 'index': 1, 'timeout': 10}
版本: 4.1.1.2
2026-04-08 06:50:02,349 | INFO | ali1688_goods_monitor |    ⏳ 等待 2.2 秒后继续...
2026-04-08 06:50:04,513 | INFO | ali1688_goods_monitor | 🔍 [39/269] 获取SKU: https://detail.1688.com/offer/811139889293.html
2026-04-08 06:50:27,059 | ERROR | ali1688_goods_monitor |    ❌ 获取SKU失败: 
没有找到元素。
方法: ele()
参数: {'locator': 'xpath://*[@id="content"]/div[2]/div[1]/div[2]/div[1]/div[2]/div[1]/div[2]', 'index': 1, 'timeout': 10}
版本: 4.1.1.2
2026-04-08 06:50:27,059 | INFO | ali1688_goods_monitor |    ⏳ 等待 1.6 秒后继续...
2026-04-08 06:50:28,644 | INFO | ali1688_goods_monitor | 🔍 [40/269] 获取SKU: https://detail.1688.com/offer/677301391721.html
2026-04-08 06:50:51,298 | ERROR | ali1688_goods_monitor |    ❌ 获取SKU失败: 
没有找到元素。
方法: ele()
参数: {'locator': 'xpath://*[@id="content"]/div[2]/div[1]/div[2]/div[1]/div[2]/div[1]/div[2]', 'index': 1, 'timeout': 10}
版本: 4.1.1.2
2026-04-08 06:50:51,298 | INFO | ali1688_goods_monitor |    ⏳ 等待 2.3 秒后继续...
2026-04-08 06:50:53,613 | INFO | ali1688_goods_monitor | 🔍 [41/269] 获取SKU: https://detail.1688.com/offer/847794753111.html
2026-04-08 06:51:16,248 | ERROR | ali1688_goods_monitor |    ❌ 获取SKU失败: 
没有找到元素。
方法: ele()
参数: {'locator': 'xpath://*[@id="content"]/div[2]/div[1]/div[2]/div[1]/div[2]/div[1]/div[2]', 'index': 1, 'timeout': 10}
版本: 4.1.1.2
2026-04-08 06:51:16,248 | INFO | ali1688_goods_monitor |    ⏳ 等待 1.5 秒后继续...
2026-04-08 06:51:17,809 | INFO | ali1688_goods_monitor | 🔍 [42/269] 获取SKU: https://detail.1688.com/offer/826873938709.html
2026-04-08 06:51:40,230 | ERROR | ali1688_goods_monitor |    ❌ 获取SKU失败: 
没有找到元素。
方法: ele()
参数: {'locator': 'xpath://*[@id="content"]/div[2]/div[1]/div[2]/div[1]/div[2]/div[1]/div[2]', 'index': 1, 'timeout': 10}
版本: 4.1.1.2
2026-04-08 06:51:40,231 | INFO | ali1688_goods_monitor |    ⏳ 等待 1.3 秒后继续...
2026-04-08 06:51:41,494 | INFO | ali1688_goods_monitor | 🔍 [43/269] 获取SKU: https://detail.1688.com/offer/951035484615.html
2026-04-08 06:52:03,943 | ERROR | ali1688_goods_monitor |    ❌ 获取SKU失败: 
没有找到元素。
方法: ele()
参数: {'locator': 'xpath://*[@id="content"]/div[2]/div[1]/div[2]/div[1]/div[2]/div[1]/div[2]', 'index': 1, 'timeout': 10}
版本: 4.1.1.2
2026-04-08 06:52:03,943 | INFO | ali1688_goods_monitor |    ⏳ 等待 1.4 秒后继续...
2026-04-08 06:52:05,392 | INFO | ali1688_goods_monitor | 🔍 [44/269] 获取SKU: https://detail.1688.com/offer/677709968233.html
2026-04-08 06:52:27,958 | ERROR | ali1688_goods_monitor |    ❌ 获取SKU失败: 
没有找到元素。
方法: ele()
参数: {'locator': 'xpath://*[@id="content"]/div[2]/div[1]/div[2]/div[1]/div[2]/div[1]/div[2]', 'index': 1, 'timeout': 10}
版本: 4.1.1.2
2026-04-08 06:52:27,959 | INFO | ali1688_goods_monitor |    ⏳ 等待 1.1 秒后继续...
2026-04-08 06:52:29,080 | INFO | ali1688_goods_monitor | 🔍 [45/269] 获取SKU: https://detail.1688.com/offer/1000398364752.html
2026-04-08 06:52:51,677 | ERROR | ali1688_goods_monitor |    ❌ 获取SKU失败: 
没有找到元素。
方法: ele()
参数: {'locator': 'xpath://*[@id="content"]/div[2]/div[1]/div[2]/div[1]/div[2]/div[1]/div[2]', 'index': 1, 'timeout': 10}
版本: 4.1.1.2
2026-04-08 06:52:51,677 | INFO | ali1688_goods_monitor |    ⏳ 等待 1.3 秒后继续...
2026-04-08 06:52:52,930 | INFO | ali1688_goods_monitor | 🔍 [46/269] 获取SKU: https://detail.1688.com/offer/628617576125.html
2026-04-08 06:53:15,442 | ERROR | ali1688_goods_monitor |    ❌ 获取SKU失败: 
没有找到元素。
方法: ele()
参数: {'locator': 'xpath://*[@id="content"]/div[2]/div[1]/div[2]/div[1]/div[2]/div[1]/div[2]', 'index': 1, 'timeout': 10}
版本: 4.1.1.2
2026-04-08 06:53:15,443 | INFO | ali1688_goods_monitor |    ⏳ 等待 1.7 秒后继续...
2026-04-08 06:53:17,134 | INFO | ali1688_goods_monitor | 🔍 [47/269] 获取SKU: https://detail.1688.com/offer/976178977054.html
2026-04-08 06:53:39,500 | ERROR | ali1688_goods_monitor |    ❌ 获取SKU失败: 
没有找到元素。
方法: ele()
参数: {'locator': 'xpath://*[@id="content"]/div[2]/div[1]/div[2]/div[1]/div[2]/div[1]/div[2]', 'index': 1, 'timeout': 10}
版本: 4.1.1.2
2026-04-08 06:53:39,501 | INFO | ali1688_goods_monitor |    ⏳ 等待 1.4 秒后继续...
2026-04-08 06:53:40,910 | INFO | ali1688_goods_monitor | 🔍 [48/269] 获取SKU: https://detail.1688.com/offer/992071730825.html
2026-04-08 06:54:03,419 | ERROR | ali1688_goods_monitor |    ❌ 获取SKU失败: 
没有找到元素。
方法: ele()
参数: {'locator': 'xpath://*[@id="content"]/div[2]/div[1]/div[2]/div[1]/div[2]/div[1]/div[2]', 'index': 1, 'timeout': 10}
版本: 4.1.1.2
2026-04-08 06:54:03,420 | INFO | ali1688_goods_monitor |    ⏳ 等待 1.7 秒后继续...
2026-04-08 06:54:05,143 | INFO | ali1688_goods_monitor | 🔍 [49/269] 获取SKU: https://detail.1688.com/offer/994662909434.html
2026-04-08 06:54:27,362 | ERROR | ali1688_goods_monitor |    ❌ 获取SKU失败: 
没有找到元素。
方法: ele()
参数: {'locator': 'xpath://*[@id="content"]/div[2]/div[1]/div[2]/div[1]/div[2]/div[1]/div[2]', 'index': 1, 'timeout': 10}
版本: 4.1.1.2
2026-04-08 06:54:27,363 | INFO | ali1688_goods_monitor |    ⏳ 等待 1.5 秒后继续...
2026-04-08 06:54:28,864 | INFO | ali1688_goods_monitor | 🔍 [50/269] 获取SKU: https://detail.1688.com/offer/856805654657.html
2026-04-08 06:54:51,315 | ERROR | ali1688_goods_monitor |    ❌ 获取SKU失败: 
没有找到元素。
方法: ele()
参数: {'locator': 'xpath://*[@id="content"]/div[2]/div[1]/div[2]/div[1]/div[2]/div[1]/div[2]', 'index': 1, 'timeout': 10}
版本: 4.1.1.2
2026-04-08 06:54:51,316 | INFO | ali1688_goods_monitor |    ⏳ 等待 1.3 秒后继续...
2026-04-08 06:54:52,663 | INFO | ali1688_goods_monitor | 🔍 [51/269] 获取SKU: https://detail.1688.com/offer/902961760235.html
2026-04-08 06:55:15,083 | ERROR | ali1688_goods_monitor |    ❌ 获取SKU失败: 
没有找到元素。
方法: ele()
参数: {'locator': 'xpath://*[@id="content"]/div[2]/div[1]/div[2]/div[1]/div[2]/div[1]/div[2]', 'index': 1, 'timeout': 10}
版本: 4.1.1.2
2026-04-08 06:55:15,083 | INFO | ali1688_goods_monitor |    ⏳ 等待 1.6 秒后继续...
2026-04-08 06:55:16,653 | INFO | ali1688_goods_monitor | 🔍 [52/269] 获取SKU: https://detail.1688.com/offer/998051010590.html
2026-04-08 06:55:39,220 | ERROR | ali1688_goods_monitor |    ❌ 获取SKU失败: 
没有找到元素。
方法: ele()
参数: {'locator': 'xpath://*[@id="content"]/div[2]/div[1]/div[2]/div[1]/div[2]/div[1]/div[2]', 'index': 1, 'timeout': 10}
版本: 4.1.1.2
2026-04-08 06:55:39,221 | INFO | ali1688_goods_monitor |    ⏳ 等待 1.1 秒后继续...
2026-04-08 06:55:40,283 | INFO | ali1688_goods_monitor | 🔍 [53/269] 获取SKU: https://detail.1688.com/offer/992251601092.html
2026-04-08 06:56:02,658 | ERROR | ali1688_goods_monitor |    ❌ 获取SKU失败: 
没有找到元素。
方法: ele()
参数: {'locator': 'xpath://*[@id="content"]/div[2]/div[1]/div[2]/div[1]/div[2]/div[1]/div[2]', 'index': 1, 'timeout': 10}
版本: 4.1.1.2
2026-04-08 06:56:02,659 | INFO | ali1688_goods_monitor |    ⏳ 等待 2.1 秒后继续...
2026-04-08 06:56:04,746 | INFO | ali1688_goods_monitor | 🔍 [54/269] 获取SKU: https://detail.1688.com/offer/847495122732.html
2026-04-08 06:56:27,196 | ERROR | ali1688_goods_monitor |    ❌ 获取SKU失败: 
没有找到元素。
方法: ele()
参数: {'locator': 'xpath://*[@id="content"]/div[2]/div[1]/div[2]/div[1]/div[2]/div[1]/div[2]', 'index': 1, 'timeout': 10}
版本: 4.1.1.2
2026-04-08 06:56:27,196 | INFO | ali1688_goods_monitor |    ⏳ 等待 1.1 秒后继续...
2026-04-08 06:56:28,276 | INFO | ali1688_goods_monitor | 🔍 [55/269] 获取SKU: https://detail.1688.com/offer/900967422750.html
2026-04-08 06:56:50,979 | ERROR | ali1688_goods_monitor |    ❌ 获取SKU失败: 
没有找到元素。
方法: ele()
参数: {'locator': 'xpath://*[@id="content"]/div[2]/div[1]/div[2]/div[1]/div[2]/div[1]/div[2]', 'index': 1, 'timeout': 10}
版本: 4.1.1.2
2026-04-08 06:56:50,980 | INFO | ali1688_goods_monitor |    ⏳ 等待 2.4 秒后继续...
2026-04-08 06:56:53,377 | INFO | ali1688_goods_monitor | 🔍 [56/269] 获取SKU: https://detail.1688.com/offer/950726478383.html
2026-04-08 06:57:15,869 | ERROR | ali1688_goods_monitor |    ❌ 获取SKU失败: 
没有找到元素。
方法: ele()
参数: {'locator': 'xpath://*[@id="content"]/div[2]/div[1]/div[2]/div[1]/div[2]/div[1]/div[2]', 'index': 1, 'timeout': 10}
版本: 4.1.1.2
2026-04-08 06:57:15,869 | INFO | ali1688_goods_monitor |    ⏳ 等待 1.5 秒后继续...
2026-04-08 06:57:17,393 | INFO | ali1688_goods_monitor | 🔍 [57/269] 获取SKU: https://detail.1688.com/offer/970377098770.html
2026-04-08 06:57:39,853 | ERROR | ali1688_goods_monitor |    ❌ 获取SKU失败: 
没有找到元素。
方法: ele()
参数: {'locator': 'xpath://*[@id="content"]/div[2]/div[1]/div[2]/div[1]/div[2]/div[1]/div[2]', 'index': 1, 'timeout': 10}
版本: 4.1.1.2
2026-04-08 06:57:39,853 | INFO | ali1688_goods_monitor |    ⏳ 等待 1.8 秒后继续...
2026-04-08 06:57:41,643 | INFO | ali1688_goods_monitor | 🔍 [58/269] 获取SKU: https://detail.1688.com/offer/799083276279.html
2026-04-08 06:58:03,799 | ERROR | ali1688_goods_monitor |    ❌ 获取SKU失败: 
没有找到元素。
方法: ele()
参数: {'locator': 'xpath://*[@id="content"]/div[2]/div[1]/div[2]/div[1]/div[2]/div[1]/div[2]', 'index': 1, 'timeout': 10}
版本: 4.1.1.2
2026-04-08 06:58:03,799 | INFO | ali1688_goods_monitor |    ⏳ 等待 1.3 秒后继续...
2026-04-08 06:58:05,131 | INFO | ali1688_goods_monitor | 🔍 [59/269] 获取SKU: https://detail.1688.com/offer/681658732090.html
2026-04-08 06:58:27,593 | ERROR | ali1688_goods_monitor |    ❌ 获取SKU失败: 
没有找到元素。
方法: ele()
参数: {'locator': 'xpath://*[@id="content"]/div[2]/div[1]/div[2]/div[1]/div[2]/div[1]/div[2]', 'index': 1, 'timeout': 10}
版本: 4.1.1.2
2026-04-08 06:58:27,594 | INFO | ali1688_goods_monitor |    ⏳ 等待 1.9 秒后继续...
2026-04-08 06:58:29,541 | INFO | ali1688_goods_monitor | 🔍 [60/269] 获取SKU: https://detail.1688.com/offer/1000255776437.html
2026-04-08 06:58:52,057 | ERROR | ali1688_goods_monitor |    ❌ 获取SKU失败: 
没有找到元素。
方法: ele()
参数: {'locator': 'xpath://*[@id="content"]/div[2]/div[1]/div[2]/div[1]/div[2]/div[1]/div[2]', 'index': 1, 'timeout': 10}
版本: 4.1.1.2
2026-04-08 06:58:52,057 | INFO | ali1688_goods_monitor |    ⏳ 等待 2.2 秒后继续...
2026-04-08 06:58:54,227 | INFO | ali1688_goods_monitor | 🔍 [61/269] 获取SKU: https://detail.1688.com/offer/996059989352.html
2026-04-08 06:59:16,645 | ERROR | ali1688_goods_monitor |    ❌ 获取SKU失败: 
没有找到元素。
方法: ele()
参数: {'locator': 'xpath://*[@id="content"]/div[2]/div[1]/div[2]/div[1]/div[2]/div[1]/div[2]', 'index': 1, 'timeout': 10}
版本: 4.1.1.2
2026-04-08 06:59:16,645 | INFO | ali1688_goods_monitor |    ⏳ 等待 1.9 秒后继续...
2026-04-08 06:59:18,513 | INFO | ali1688_goods_monitor | 🔍 [62/269] 获取SKU: https://detail.1688.com/offer/902473655388.html
2026-04-08 06:59:40,934 | ERROR | ali1688_goods_monitor |    ❌ 获取SKU失败: 
没有找到元素。
方法: ele()
参数: {'locator': 'xpath://*[@id="content"]/div[2]/div[1]/div[2]/div[1]/div[2]/div[1]/div[2]', 'index': 1, 'timeout': 10}
版本: 4.1.1.2
2026-04-08 06:59:40,935 | INFO | ali1688_goods_monitor |    ⏳ 等待 1.3 秒后继续...
2026-04-08 06:59:42,237 | INFO | ali1688_goods_monitor | 🔍 [63/269] 获取SKU: https://detail.1688.com/offer/899704194303.html
2026-04-08 07:00:04,728 | ERROR | ali1688_goods_monitor |    ❌ 获取SKU失败: 
没有找到元素。
方法: ele()
参数: {'locator': 'xpath://*[@id="content"]/div[2]/div[1]/div[2]/div[1]/div[2]/div[1]/div[2]', 'index': 1, 'timeout': 10}
版本: 4.1.1.2
2026-04-08 07:00:04,729 | INFO | ali1688_goods_monitor |    ⏳ 等待 1.6 秒后继续...
2026-04-08 07:00:06,333 | INFO | ali1688_goods_monitor | 🔍 [64/269] 获取SKU: https://detail.1688.com/offer/703551244918.html
2026-04-08 07:00:29,002 | ERROR | ali1688_goods_monitor |    ❌ 获取SKU失败: 
没有找到元素。
方法: ele()
参数: {'locator': 'xpath://*[@id="content"]/div[2]/div[1]/div[2]/div[1]/div[2]/div[1]/div[2]', 'index': 1, 'timeout': 10}
版本: 4.1.1.2
2026-04-08 07:00:29,002 | INFO | ali1688_goods_monitor |    ⏳ 等待 2.0 秒后继续...
2026-04-08 07:00:31,024 | INFO | ali1688_goods_monitor | 🔍 [65/269] 获取SKU: https://detail.1688.com/offer/898439171537.html
2026-04-08 07:00:53,583 | ERROR | ali1688_goods_monitor |    ❌ 获取SKU失败: 
没有找到元素。
方法: ele()
参数: {'locator': 'xpath://*[@id="content"]/div[2]/div[1]/div[2]/div[1]/div[2]/div[1]/div[2]', 'index': 1, 'timeout': 10}
版本: 4.1.1.2
2026-04-08 07:00:53,583 | INFO | ali1688_goods_monitor |    ⏳ 等待 2.1 秒后继续...
2026-04-08 07:00:55,747 | INFO | ali1688_goods_monitor | 🔍 [66/269] 获取SKU: https://detail.1688.com/offer/890407614753.html
2026-04-08 07:01:18,007 | ERROR | ali1688_goods_monitor |    ❌ 获取SKU失败: 
没有找到元素。
方法: ele()
参数: {'locator': 'xpath://*[@id="content"]/div[2]/div[1]/div[2]/div[1]/div[2]/div[1]/div[2]', 'index': 1, 'timeout': 10}
版本: 4.1.1.2
2026-04-08 07:01:18,007 | INFO | ali1688_goods_monitor |    ⏳ 等待 1.6 秒后继续...
2026-04-08 07:01:19,602 | INFO | ali1688_goods_monitor | 🔍 [67/269] 获取SKU: https://detail.1688.com/offer/873614306333.html
2026-04-08 07:01:41,846 | ERROR | ali1688_goods_monitor |    ❌ 获取SKU失败: 
没有找到元素。
方法: ele()
参数: {'locator': 'xpath://*[@id="content"]/div[2]/div[1]/div[2]/div[1]/div[2]/div[1]/div[2]', 'index': 1, 'timeout': 10}
版本: 4.1.1.2
2026-04-08 07:01:41,846 | INFO | ali1688_goods_monitor |    ⏳ 等待 1.6 秒后继续...
2026-04-08 07:01:43,452 | INFO | ali1688_goods_monitor | 🔍 [68/269] 获取SKU: https://detail.1688.com/offer/43695296576.html
2026-04-08 07:02:05,719 | ERROR | ali1688_goods_monitor |    ❌ 获取SKU失败: 
没有找到元素。
方法: ele()
参数: {'locator': 'xpath://*[@id="content"]/div[2]/div[1]/div[2]/div[1]/div[2]/div[1]/div[2]', 'index': 1, 'timeout': 10}
版本: 4.1.1.2
2026-04-08 07:02:05,720 | INFO | ali1688_goods_monitor |    ⏳ 等待 2.4 秒后继续...
2026-04-08 07:02:08,177 | INFO | ali1688_goods_monitor | 🔍 [69/269] 获取SKU: https://detail.1688.com/offer/956573560393.html
2026-04-08 07:02:31,443 | ERROR | ali1688_goods_monitor |    ❌ 获取SKU失败: 
没有找到元素。
方法: ele()
参数: {'locator': 'xpath://*[@id="content"]/div[2]/div[1]/div[2]/div[1]/div[2]/div[1]/div[2]', 'index': 1, 'timeout': 10}
版本: 4.1.1.2
2026-04-08 07:02:31,443 | INFO | ali1688_goods_monitor |    ⏳ 等待 1.9 秒后继续...
2026-04-08 07:02:33,349 | INFO | ali1688_goods_monitor | 🔍 [70/269] 获取SKU: https://detail.1688.com/offer/789633522584.html
2026-04-08 07:02:56,013 | ERROR | ali1688_goods_monitor |    ❌ 获取SKU失败: 
没有找到元素。
方法: ele()
参数: {'locator': 'xpath://*[@id="content"]/div[2]/div[1]/div[2]/div[1]/div[2]/div[1]/div[2]', 'index': 1, 'timeout': 10}
版本: 4.1.1.2
2026-04-08 07:02:56,013 | INFO | ali1688_goods_monitor |    ⏳ 等待 1.1 秒后继续...
2026-04-08 07:02:57,093 | INFO | ali1688_goods_monitor | 🔍 [71/269] 获取SKU: https://detail.1688.com/offer/999142031933.html
2026-04-08 07:03:19,374 | ERROR | ali1688_goods_monitor |    ❌ 获取SKU失败: 
没有找到元素。
方法: ele()
参数: {'locator': 'xpath://*[@id="content"]/div[2]/div[1]/div[2]/div[1]/div[2]/div[1]/div[2]', 'index': 1, 'timeout': 10}
版本: 4.1.1.2
2026-04-08 07:03:19,374 | INFO | ali1688_goods_monitor |    ⏳ 等待 1.5 秒后继续...
2026-04-08 07:03:20,842 | INFO | ali1688_goods_monitor | 🔍 [72/269] 获取SKU: https://detail.1688.com/offer/950670074468.html
2026-04-08 07:03:43,264 | ERROR | ali1688_goods_monitor |    ❌ 获取SKU失败: 
没有找到元素。
方法: ele()
参数: {'locator': 'xpath://*[@id="content"]/div[2]/div[1]/div[2]/div[1]/div[2]/div[1]/div[2]', 'index': 1, 'timeout': 10}
版本: 4.1.1.2
2026-04-08 07:03:43,264 | INFO | ali1688_goods_monitor |    ⏳ 等待 1.5 秒后继续...
2026-04-08 07:03:44,746 | INFO | ali1688_goods_monitor | 🔍 [73/269] 获取SKU: https://detail.1688.com/offer/1007062397648.html
2026-04-08 07:04:07,131 | ERROR | ali1688_goods_monitor |    ❌ 获取SKU失败: 
没有找到元素。
方法: ele()
参数: {'locator': 'xpath://*[@id="content"]/div[2]/div[1]/div[2]/div[1]/div[2]/div[1]/div[2]', 'index': 1, 'timeout': 10}
版本: 4.1.1.2
2026-04-08 07:04:07,132 | INFO | ali1688_goods_monitor |    ⏳ 等待 1.4 秒后继续...
2026-04-08 07:04:08,556 | INFO | ali1688_goods_monitor | 🔍 [74/269] 获取SKU: https://detail.1688.com/offer/890654399053.html
2026-04-08 07:04:31,096 | ERROR | ali1688_goods_monitor |    ❌ 获取SKU失败: 
没有找到元素。
方法: ele()
参数: {'locator': 'xpath://*[@id="content"]/div[2]/div[1]/div[2]/div[1]/div[2]/div[1]/div[2]', 'index': 1, 'timeout': 10}
版本: 4.1.1.2
2026-04-08 07:04:31,096 | INFO | ali1688_goods_monitor |    ⏳ 等待 1.9 秒后继续...
2026-04-08 07:04:32,957 | INFO | ali1688_goods_monitor | 🔍 [75/269] 获取SKU: https://detail.1688.com/offer/840249263873.html
2026-04-08 07:04:55,737 | ERROR | ali1688_goods_monitor |    ❌ 获取SKU失败: 
没有找到元素。
方法: ele()
参数: {'locator': 'xpath://*[@id="content"]/div[2]/div[1]/div[2]/div[1]/div[2]/div[1]/div[2]', 'index': 1, 'timeout': 10}
版本: 4.1.1.2
2026-04-08 07:04:55,737 | INFO | ali1688_goods_monitor |    ⏳ 等待 2.0 秒后继续...
2026-04-08 07:04:57,757 | INFO | ali1688_goods_monitor | 🔍 [76/269] 获取SKU: https://detail.1688.com/offer/702199084381.html
2026-04-08 07:05:20,333 | ERROR | ali1688_goods_monitor |    ❌ 获取SKU失败: 
没有找到元素。
方法: ele()
参数: {'locator': 'xpath://*[@id="content"]/div[2]/div[1]/div[2]/div[1]/div[2]/div[1]/div[2]', 'index': 1, 'timeout': 10}
版本: 4.1.1.2
2026-04-08 07:05:20,333 | INFO | ali1688_goods_monitor |    ⏳ 等待 2.3 秒后继续...
2026-04-08 07:05:22,691 | INFO | ali1688_goods_monitor | 🔍 [77/269] 获取SKU: https://detail.1688.com/offer/832304702315.html
2026-04-08 07:05:44,865 | ERROR | ali1688_goods_monitor |    ❌ 获取SKU失败: 
没有找到元素。
方法: ele()
参数: {'locator': 'xpath://*[@id="content"]/div[2]/div[1]/div[2]/div[1]/div[2]/div[1]/div[2]', 'index': 1, 'timeout': 10}
版本: 4.1.1.2
2026-04-08 07:05:44,866 | INFO | ali1688_goods_monitor |    ⏳ 等待 1.1 秒后继续...
2026-04-08 07:05:45,932 | INFO | ali1688_goods_monitor | 🔍 [78/269] 获取SKU: https://detail.1688.com/offer/746411095420.html
2026-04-08 07:06:08,416 | ERROR | ali1688_goods_monitor |    ❌ 获取SKU失败: 
没有找到元素。
方法: ele()
参数: {'locator': 'xpath://*[@id="content"]/div[2]/div[1]/div[2]/div[1]/div[2]/div[1]/div[2]', 'index': 1, 'timeout': 10}
版本: 4.1.1.2
2026-04-08 07:06:08,416 | INFO | ali1688_goods_monitor |    ⏳ 等待 1.1 秒后继续...
2026-04-08 07:06:09,487 | INFO | ali1688_goods_monitor | 🔍 [79/269] 获取SKU: https://detail.1688.com/offer/979471208168.html
2026-04-08 07:06:31,855 | ERROR | ali1688_goods_monitor |    ❌ 获取SKU失败: 
没有找到元素。
方法: ele()
参数: {'locator': 'xpath://*[@id="content"]/div[2]/div[1]/div[2]/div[1]/div[2]/div[1]/div[2]', 'index': 1, 'timeout': 10}
版本: 4.1.1.2
2026-04-08 07:06:31,856 | INFO | ali1688_goods_monitor |    ⏳ 等待 1.5 秒后继续...
2026-04-08 07:06:33,335 | INFO | ali1688_goods_monitor | 🔍 [80/269] 获取SKU: https://detail.1688.com/offer/993465198242.html
2026-04-08 07:06:55,590 | ERROR | ali1688_goods_monitor |    ❌ 获取SKU失败: 
没有找到元素。
方法: ele()
参数: {'locator': 'xpath://*[@id="content"]/div[2]/div[1]/div[2]/div[1]/div[2]/div[1]/div[2]', 'index': 1, 'timeout': 10}
版本: 4.1.1.2
2026-04-08 07:06:55,591 | INFO | ali1688_goods_monitor |    ⏳ 等待 1.8 秒后继续...
2026-04-08 07:06:57,440 | INFO | ali1688_goods_monitor | 🔍 [81/269] 获取SKU: https://detail.1688.com/offer/859584630627.html
2026-04-08 07:07:19,736 | ERROR | ali1688_goods_monitor |    ❌ 获取SKU失败: 
没有找到元素。
方法: ele()
参数: {'locator': 'xpath://*[@id="content"]/div[2]/div[1]/div[2]/div[1]/div[2]/div[1]/div[2]', 'index': 1, 'timeout': 10}
版本: 4.1.1.2
2026-04-08 07:07:19,737 | INFO | ali1688_goods_monitor |    ⏳ 等待 1.7 秒后继续...
2026-04-08 07:07:21,417 | INFO | ali1688_goods_monitor | 🔍 [82/269] 获取SKU: https://detail.1688.com/offer/852501307622.html
2026-04-08 07:07:44,019 | ERROR | ali1688_goods_monitor |    ❌ 获取SKU失败: 
没有找到元素。
方法: ele()
参数: {'locator': 'xpath://*[@id="content"]/div[2]/div[1]/div[2]/div[1]/div[2]/div[1]/div[2]', 'index': 1, 'timeout': 10}
版本: 4.1.1.2
2026-04-08 07:07:44,020 | INFO | ali1688_goods_monitor |    ⏳ 等待 2.1 秒后继续...
2026-04-08 07:07:46,173 | INFO | ali1688_goods_monitor | 🔍 [83/269] 获取SKU: https://detail.1688.com/offer/927205288673.html
2026-04-08 07:08:08,570 | ERROR | ali1688_goods_monitor |    ❌ 获取SKU失败: 
没有找到元素。
方法: ele()
参数: {'locator': 'xpath://*[@id="content"]/div[2]/div[1]/div[2]/div[1]/div[2]/div[1]/div[2]', 'index': 1, 'timeout': 10}
版本: 4.1.1.2
2026-04-08 07:08:08,570 | INFO | ali1688_goods_monitor |    ⏳ 等待 1.5 秒后继续...
2026-04-08 07:08:10,042 | INFO | ali1688_goods_monitor | 🔍 [84/269] 获取SKU: https://detail.1688.com/offer/1009966785995.html
2026-04-08 07:08:32,580 | ERROR | ali1688_goods_monitor |    ❌ 获取SKU失败: 
没有找到元素。
方法: ele()
参数: {'locator': 'xpath://*[@id="content"]/div[2]/div[1]/div[2]/div[1]/div[2]/div[1]/div[2]', 'index': 1, 'timeout': 10}
版本: 4.1.1.2
2026-04-08 07:08:32,581 | INFO | ali1688_goods_monitor |    ⏳ 等待 2.0 秒后继续...
2026-04-08 07:08:34,550 | INFO | ali1688_goods_monitor | 🔍 [85/269] 获取SKU: https://detail.1688.com/offer/853399095646.html
2026-04-08 07:08:57,024 | ERROR | ali1688_goods_monitor |    ❌ 获取SKU失败: 
没有找到元素。
方法: ele()
参数: {'locator': 'xpath://*[@id="content"]/div[2]/div[1]/div[2]/div[1]/div[2]/div[1]/div[2]', 'index': 1, 'timeout': 10}
版本: 4.1.1.2
2026-04-08 07:08:57,024 | INFO | ali1688_goods_monitor |    ⏳ 等待 1.7 秒后继续...
2026-04-08 07:08:58,716 | INFO | ali1688_goods_monitor | 🔍 [86/269] 获取SKU: https://detail.1688.com/offer/991070192317.html
2026-04-08 07:09:21,366 | ERROR | ali1688_goods_monitor |    ❌ 获取SKU失败: 
没有找到元素。
方法: ele()
参数: {'locator': 'xpath://*[@id="content"]/div[2]/div[1]/div[2]/div[1]/div[2]/div[1]/div[2]', 'index': 1, 'timeout': 10}
版本: 4.1.1.2
2026-04-08 07:09:21,366 | INFO | ali1688_goods_monitor |    ⏳ 等待 1.0 秒后继续...
2026-04-08 07:09:22,386 | INFO | ali1688_goods_monitor | 🔍 [87/269] 获取SKU: https://detail.1688.com/offer/998859559585.html
2026-04-08 07:09:44,776 | ERROR | ali1688_goods_monitor |    ❌ 获取SKU失败: 
没有找到元素。
方法: ele()
参数: {'locator': 'xpath://*[@id="content"]/div[2]/div[1]/div[2]/div[1]/div[2]/div[1]/div[2]', 'index': 1, 'timeout': 10}
版本: 4.1.1.2
2026-04-08 07:09:44,777 | INFO | ali1688_goods_monitor |    ⏳ 等待 2.2 秒后继续...
2026-04-08 07:09:47,026 | INFO | ali1688_goods_monitor | 🔍 [88/269] 获取SKU: https://detail.1688.com/offer/671840552108.html
2026-04-08 07:10:09,432 | ERROR | ali1688_goods_monitor |    ❌ 获取SKU失败: 
没有找到元素。
方法: ele()
参数: {'locator': 'xpath://*[@id="content"]/div[2]/div[1]/div[2]/div[1]/div[2]/div[1]/div[2]', 'index': 1, 'timeout': 10}
版本: 4.1.1.2
2026-04-08 07:10:09,433 | INFO | ali1688_goods_monitor |    ⏳ 等待 2.0 秒后继续...
2026-04-08 07:10:11,473 | INFO | ali1688_goods_monitor | 🔍 [89/269] 获取SKU: https://detail.1688.com/offer/985206853035.html
2026-04-08 07:10:34,001 | ERROR | ali1688_goods_monitor |    ❌ 获取SKU失败: 
没有找到元素。
方法: ele()
参数: {'locator': 'xpath://*[@id="content"]/div[2]/div[1]/div[2]/div[1]/div[2]/div[1]/div[2]', 'index': 1, 'timeout': 10}
版本: 4.1.1.2
2026-04-08 07:10:34,001 | INFO | ali1688_goods_monitor |    ⏳ 等待 2.4 秒后继续...
2026-04-08 07:10:36,391 | INFO | ali1688_goods_monitor | 🔍 [90/269] 获取SKU: https://detail.1688.com/offer/992800642545.html
2026-04-08 07:10:58,645 | ERROR | ali1688_goods_monitor |    ❌ 获取SKU失败: 
没有找到元素。
方法: ele()
参数: {'locator': 'xpath://*[@id="content"]/div[2]/div[1]/div[2]/div[1]/div[2]/div[1]/div[2]', 'index': 1, 'timeout': 10}
版本: 4.1.1.2
2026-04-08 07:10:58,645 | INFO | ali1688_goods_monitor |    ⏳ 等待 1.6 秒后继续...
2026-04-08 07:11:00,230 | INFO | ali1688_goods_monitor | 🔍 [91/269] 获取SKU: https://detail.1688.com/offer/873771926327.html
2026-04-08 07:11:22,700 | ERROR | ali1688_goods_monitor |    ❌ 获取SKU失败: 
没有找到元素。
方法: ele()
参数: {'locator': 'xpath://*[@id="content"]/div[2]/div[1]/div[2]/div[1]/div[2]/div[1]/div[2]', 'index': 1, 'timeout': 10}
版本: 4.1.1.2
2026-04-08 07:11:22,700 | INFO | ali1688_goods_monitor |    ⏳ 等待 2.2 秒后继续...
2026-04-08 07:11:24,905 | INFO | ali1688_goods_monitor | 🔍 [92/269] 获取SKU: https://detail.1688.com/offer/652994949606.html
2026-04-08 07:11:47,192 | ERROR | ali1688_goods_monitor |    ❌ 获取SKU失败: 
没有找到元素。
方法: ele()
参数: {'locator': 'xpath://*[@id="content"]/div[2]/div[1]/div[2]/div[1]/div[2]/div[1]/div[2]', 'index': 1, 'timeout': 10}
版本: 4.1.1.2
2026-04-08 07:11:47,192 | INFO | ali1688_goods_monitor |    ⏳ 等待 2.2 秒后继续...
2026-04-08 07:11:49,448 | INFO | ali1688_goods_monitor | 🔍 [93/269] 获取SKU: https://detail.1688.com/offer/975762015590.html
2026-04-08 07:12:11,511 | ERROR | ali1688_goods_monitor |    ❌ 获取SKU失败: 
没有找到元素。
方法: ele()
参数: {'locator': 'xpath://*[@id="content"]/div[2]/div[1]/div[2]/div[1]/div[2]/div[1]/div[2]', 'index': 1, 'timeout': 10}
版本: 4.1.1.2
2026-04-08 07:12:11,512 | INFO | ali1688_goods_monitor |    ⏳ 等待 2.0 秒后继续...
2026-04-08 07:12:13,473 | INFO | ali1688_goods_monitor | 🔍 [94/269] 获取SKU: https://detail.1688.com/offer/928580021030.html
2026-04-08 07:12:35,731 | ERROR | ali1688_goods_monitor |    ❌ 获取SKU失败: 
没有找到元素。
方法: ele()
参数: {'locator': 'xpath://*[@id="content"]/div[2]/div[1]/div[2]/div[1]/div[2]/div[1]/div[2]', 'index': 1, 'timeout': 10}
版本: 4.1.1.2
2026-04-08 07:12:35,732 | INFO | ali1688_goods_monitor |    ⏳ 等待 1.7 秒后继续...
2026-04-08 07:12:37,433 | INFO | ali1688_goods_monitor | 🔍 [95/269] 获取SKU: https://detail.1688.com/offer/836899798919.html
2026-04-08 07:12:59,723 | ERROR | ali1688_goods_monitor |    ❌ 获取SKU失败: 
没有找到元素。
方法: ele()
参数: {'locator': 'xpath://*[@id="content"]/div[2]/div[1]/div[2]/div[1]/div[2]/div[1]/div[2]', 'index': 1, 'timeout': 10}
版本: 4.1.1.2
2026-04-08 07:12:59,724 | INFO | ali1688_goods_monitor |    ⏳ 等待 1.8 秒后继续...
2026-04-08 07:13:01,479 | INFO | ali1688_goods_monitor | 🔍 [96/269] 获取SKU: https://detail.1688.com/offer/990618054916.html
2026-04-08 07:13:23,822 | ERROR | ali1688_goods_monitor |    ❌ 获取SKU失败: 
没有找到元素。
方法: ele()
参数: {'locator': 'xpath://*[@id="content"]/div[2]/div[1]/div[2]/div[1]/div[2]/div[1]/div[2]', 'index': 1, 'timeout': 10}
版本: 4.1.1.2
2026-04-08 07:13:23,823 | INFO | ali1688_goods_monitor |    ⏳ 等待 1.5 秒后继续...
2026-04-08 07:13:25,296 | INFO | ali1688_goods_monitor | 🔍 [97/269] 获取SKU: https://detail.1688.com/offer/632300625030.html
2026-04-08 07:13:47,724 | ERROR | ali1688_goods_monitor |    ❌ 获取SKU失败: 
没有找到元素。
方法: ele()
参数: {'locator': 'xpath://*[@id="content"]/div[2]/div[1]/div[2]/div[1]/div[2]/div[1]/div[2]', 'index': 1, 'timeout': 10}
版本: 4.1.1.2
2026-04-08 07:13:47,725 | INFO | ali1688_goods_monitor |    ⏳ 等待 1.8 秒后继续...
2026-04-08 07:13:49,513 | INFO | ali1688_goods_monitor | 🔍 [98/269] 获取SKU: https://detail.1688.com/offer/950658287741.html
2026-04-08 07:14:11,758 | ERROR | ali1688_goods_monitor |    ❌ 获取SKU失败: 
没有找到元素。
方法: ele()
参数: {'locator': 'xpath://*[@id="content"]/div[2]/div[1]/div[2]/div[1]/div[2]/div[1]/div[2]', 'index': 1, 'timeout': 10}
版本: 4.1.1.2
2026-04-08 07:14:11,759 | INFO | ali1688_goods_monitor |    ⏳ 等待 1.1 秒后继续...
2026-04-08 07:14:12,884 | INFO | ali1688_goods_monitor | 🔍 [99/269] 获取SKU: https://detail.1688.com/offer/970542473882.html
2026-04-08 07:14:36,869 | ERROR | ali1688_goods_monitor |    ❌ 获取SKU失败: 
没有找到元素。
方法: ele()
参数: {'locator': 'xpath://*[@id="content"]/div[2]/div[1]/div[2]/div[1]/div[2]/div[1]/div[2]', 'index': 1, 'timeout': 10}
版本: 4.1.1.2
2026-04-08 07:14:36,869 | INFO | ali1688_goods_monitor |    ⏳ 等待 2.4 秒后继续...
2026-04-08 07:14:39,240 | INFO | ali1688_goods_monitor | 🔍 [100/269] 获取SKU: https://detail.1688.com/offer/729749403422.html
2026-04-08 07:15:01,715 | ERROR | ali1688_goods_monitor |    ❌ 获取SKU失败: 
没有找到元素。
方法: ele()
参数: {'locator': 'xpath://*[@id="content"]/div[2]/div[1]/div[2]/div[1]/div[2]/div[1]/div[2]', 'index': 1, 'timeout': 10}
版本: 4.1.1.2
2026-04-08 07:15:01,715 | INFO | ali1688_goods_monitor |    ⏳ 等待 1.1 秒后继续...
2026-04-08 07:15:02,878 | INFO | ali1688_goods_monitor | 🔍 [101/269] 获取SKU: https://detail.1688.com/offer/895439014120.html
2026-04-08 07:15:25,281 | ERROR | ali1688_goods_monitor |    ❌ 获取SKU失败: 
没有找到元素。
方法: ele()
参数: {'locator': 'xpath://*[@id="content"]/div[2]/div[1]/div[2]/div[1]/div[2]/div[1]/div[2]', 'index': 1, 'timeout': 10}
版本: 4.1.1.2
2026-04-08 07:15:25,281 | INFO | ali1688_goods_monitor |    ⏳ 等待 1.5 秒后继续...
2026-04-08 07:15:26,757 | INFO | ali1688_goods_monitor | 🔍 [102/269] 获取SKU: https://detail.1688.com/offer/978651830599.html
2026-04-08 07:15:49,175 | ERROR | ali1688_goods_monitor |    ❌ 获取SKU失败: 
没有找到元素。
方法: ele()
参数: {'locator': 'xpath://*[@id="content"]/div[2]/div[1]/div[2]/div[1]/div[2]/div[1]/div[2]', 'index': 1, 'timeout': 10}
版本: 4.1.1.2
2026-04-08 07:15:49,175 | INFO | ali1688_goods_monitor |    ⏳ 等待 2.5 秒后继续...
2026-04-08 07:15:51,643 | INFO | ali1688_goods_monitor | 🔍 [103/269] 获取SKU: https://detail.1688.com/offer/662598267674.html
2026-04-08 07:16:14,059 | ERROR | ali1688_goods_monitor |    ❌ 获取SKU失败: 
没有找到元素。
方法: ele()
参数: {'locator': 'xpath://*[@id="content"]/div[2]/div[1]/div[2]/div[1]/div[2]/div[1]/div[2]', 'index': 1, 'timeout': 10}
版本: 4.1.1.2
2026-04-08 07:16:14,060 | INFO | ali1688_goods_monitor |    ⏳ 等待 1.8 秒后继续...
2026-04-08 07:16:15,883 | INFO | ali1688_goods_monitor | 🔍 [104/269] 获取SKU: https://detail.1688.com/offer/621865712164.html
2026-04-08 07:16:38,368 | ERROR | ali1688_goods_monitor |    ❌ 获取SKU失败: 
没有找到元素。
方法: ele()
参数: {'locator': 'xpath://*[@id="content"]/div[2]/div[1]/div[2]/div[1]/div[2]/div[1]/div[2]', 'index': 1, 'timeout': 10}
版本: 4.1.1.2
2026-04-08 07:16:38,368 | INFO | ali1688_goods_monitor |    ⏳ 等待 1.8 秒后继续...
2026-04-08 07:16:40,135 | INFO | ali1688_goods_monitor | 🔍 [105/269] 获取SKU: https://detail.1688.com/offer/994237964153.html
2026-04-08 07:17:02,807 | ERROR | ali1688_goods_monitor |    ❌ 获取SKU失败: 
没有找到元素。
方法: ele()
参数: {'locator': 'xpath://*[@id="content"]/div[2]/div[1]/div[2]/div[1]/div[2]/div[1]/div[2]', 'index': 1, 'timeout': 10}
版本: 4.1.1.2
2026-04-08 07:17:02,807 | INFO | ali1688_goods_monitor |    ⏳ 等待 2.2 秒后继续...
2026-04-08 07:17:04,976 | INFO | ali1688_goods_monitor | 🔍 [106/269] 获取SKU: https://detail.1688.com/offer/948334688543.html
2026-04-08 07:17:27,385 | ERROR | ali1688_goods_monitor |    ❌ 获取SKU失败: 
没有找到元素。
方法: ele()
参数: {'locator': 'xpath://*[@id="content"]/div[2]/div[1]/div[2]/div[1]/div[2]/div[1]/div[2]', 'index': 1, 'timeout': 10}
版本: 4.1.1.2
2026-04-08 07:17:27,386 | INFO | ali1688_goods_monitor |    ⏳ 等待 1.1 秒后继续...
2026-04-08 07:17:28,507 | INFO | ali1688_goods_monitor | 🔍 [107/269] 获取SKU: https://detail.1688.com/offer/993354315037.html
2026-04-08 07:17:50,673 | ERROR | ali1688_goods_monitor |    ❌ 获取SKU失败: 
没有找到元素。
方法: ele()
参数: {'locator': 'xpath://*[@id="content"]/div[2]/div[1]/div[2]/div[1]/div[2]/div[1]/div[2]', 'index': 1, 'timeout': 10}
版本: 4.1.1.2
2026-04-08 07:17:50,674 | INFO | ali1688_goods_monitor |    ⏳ 等待 2.5 秒后继续...
2026-04-08 07:17:53,168 | INFO | ali1688_goods_monitor | 🔍 [108/269] 获取SKU: https://detail.1688.com/offer/864653527961.html
2026-04-08 07:18:15,737 | ERROR | ali1688_goods_monitor |    ❌ 获取SKU失败: 
没有找到元素。
方法: ele()
参数: {'locator': 'xpath://*[@id="content"]/div[2]/div[1]/div[2]/div[1]/div[2]/div[1]/div[2]', 'index': 1, 'timeout': 10}
版本: 4.1.1.2
2026-04-08 07:18:15,738 | INFO | ali1688_goods_monitor |    ⏳ 等待 1.4 秒后继续...
2026-04-08 07:18:17,156 | INFO | ali1688_goods_monitor | 🔍 [109/269] 获取SKU: https://detail.1688.com/offer/746416939989.html
2026-04-08 07:18:39,597 | ERROR | ali1688_goods_monitor |    ❌ 获取SKU失败: 
没有找到元素。
方法: ele()
参数: {'locator': 'xpath://*[@id="content"]/div[2]/div[1]/div[2]/div[1]/div[2]/div[1]/div[2]', 'index': 1, 'timeout': 10}
版本: 4.1.1.2
2026-04-08 07:18:39,597 | INFO | ali1688_goods_monitor |    ⏳ 等待 1.3 秒后继续...
2026-04-08 07:18:40,870 | INFO | ali1688_goods_monitor | 🔍 [110/269] 获取SKU: https://detail.1688.com/offer/997795598539.html
2026-04-08 07:19:03,247 | ERROR | ali1688_goods_monitor |    ❌ 获取SKU失败: 
没有找到元素。
方法: ele()
参数: {'locator': 'xpath://*[@id="content"]/div[2]/div[1]/div[2]/div[1]/div[2]/div[1]/div[2]', 'index': 1, 'timeout': 10}
版本: 4.1.1.2
2026-04-08 07:19:03,248 | INFO | ali1688_goods_monitor |    ⏳ 等待 2.0 秒后继续...
2026-04-08 07:19:05,294 | INFO | ali1688_goods_monitor | 🔍 [111/269] 获取SKU: https://detail.1688.com/offer/692940339011.html
2026-04-08 07:19:27,830 | ERROR | ali1688_goods_monitor |    ❌ 获取SKU失败: 
没有找到元素。
方法: ele()
参数: {'locator': 'xpath://*[@id="content"]/div[2]/div[1]/div[2]/div[1]/div[2]/div[1]/div[2]', 'index': 1, 'timeout': 10}
版本: 4.1.1.2
2026-04-08 07:19:27,830 | INFO | ali1688_goods_monitor |    ⏳ 等待 1.2 秒后继续...
2026-04-08 07:19:29,025 | INFO | ali1688_goods_monitor | 🔍 [112/269] 获取SKU: https://detail.1688.com/offer/930446969722.html
2026-04-08 07:19:51,411 | ERROR | ali1688_goods_monitor |    ❌ 获取SKU失败: 
没有找到元素。
方法: ele()
参数: {'locator': 'xpath://*[@id="content"]/div[2]/div[1]/div[2]/div[1]/div[2]/div[1]/div[2]', 'index': 1, 'timeout': 10}
版本: 4.1.1.2
2026-04-08 07:19:51,411 | INFO | ali1688_goods_monitor |    ⏳ 等待 1.4 秒后继续...
2026-04-08 07:19:52,836 | INFO | ali1688_goods_monitor | 🔍 [113/269] 获取SKU: https://detail.1688.com/offer/991823064917.html
2026-04-08 07:20:15,344 | ERROR | ali1688_goods_monitor |    ❌ 获取SKU失败: 
没有找到元素。
方法: ele()
参数: {'locator': 'xpath://*[@id="content"]/div[2]/div[1]/div[2]/div[1]/div[2]/div[1]/div[2]', 'index': 1, 'timeout': 10}
版本: 4.1.1.2
2026-04-08 07:20:15,345 | INFO | ali1688_goods_monitor |    ⏳ 等待 1.8 秒后继续...
2026-04-08 07:20:17,198 | INFO | ali1688_goods_monitor | 🔍 [114/269] 获取SKU: https://detail.1688.com/offer/849820903779.html
2026-04-08 07:20:39,738 | ERROR | ali1688_goods_monitor |    ❌ 获取SKU失败: 
没有找到元素。
方法: ele()
参数: {'locator': 'xpath://*[@id="content"]/div[2]/div[1]/div[2]/div[1]/div[2]/div[1]/div[2]', 'index': 1, 'timeout': 10}
版本: 4.1.1.2
2026-04-08 07:20:39,739 | INFO | ali1688_goods_monitor |    ⏳ 等待 1.6 秒后继续...
2026-04-08 07:20:41,386 | INFO | ali1688_goods_monitor | 🔍 [115/269] 获取SKU: https://detail.1688.com/offer/847990628509.html
2026-04-08 07:21:04,040 | ERROR | ali1688_goods_monitor |    ❌ 获取SKU失败: 
没有找到元素。
方法: ele()
参数: {'locator': 'xpath://*[@id="content"]/div[2]/div[1]/div[2]/div[1]/div[2]/div[1]/div[2]', 'index': 1, 'timeout': 10}
版本: 4.1.1.2
2026-04-08 07:21:04,040 | INFO | ali1688_goods_monitor |    ⏳ 等待 1.2 秒后继续...
2026-04-08 07:21:05,232 | INFO | ali1688_goods_monitor | 🔍 [116/269] 获取SKU: https://detail.1688.com/offer/854253039240.html
2026-04-08 07:21:27,945 | ERROR | ali1688_goods_monitor |    ❌ 获取SKU失败: 
没有找到元素。
方法: ele()
参数: {'locator': 'xpath://*[@id="content"]/div[2]/div[1]/div[2]/div[1]/div[2]/div[1]/div[2]', 'index': 1, 'timeout': 10}
版本: 4.1.1.2
2026-04-08 07:21:27,946 | INFO | ali1688_goods_monitor |    ⏳ 等待 2.0 秒后继续...
2026-04-08 07:21:29,952 | INFO | ali1688_goods_monitor | 🔍 [117/269] 获取SKU: https://detail.1688.com/offer/847781001778.html
2026-04-08 07:21:52,480 | ERROR | ali1688_goods_monitor |    ❌ 获取SKU失败: 
没有找到元素。
方法: ele()
参数: {'locator': 'xpath://*[@id="content"]/div[2]/div[1]/div[2]/div[1]/div[2]/div[1]/div[2]', 'index': 1, 'timeout': 10}
版本: 4.1.1.2
2026-04-08 07:21:52,481 | INFO | ali1688_goods_monitor |    ⏳ 等待 1.6 秒后继续...
2026-04-08 07:21:54,100 | INFO | ali1688_goods_monitor | 🔍 [118/269] 获取SKU: https://detail.1688.com/offer/962546716755.html
2026-04-08 07:22:16,452 | ERROR | ali1688_goods_monitor |    ❌ 获取SKU失败: 
没有找到元素。
方法: ele()
参数: {'locator': 'xpath://*[@id="content"]/div[2]/div[1]/div[2]/div[1]/div[2]/div[1]/div[2]', 'index': 1, 'timeout': 10}
版本: 4.1.1.2
2026-04-08 07:22:16,452 | INFO | ali1688_goods_monitor |    ⏳ 等待 1.3 秒后继续...
2026-04-08 07:22:17,736 | INFO | ali1688_goods_monitor | 🔍 [119/269] 获取SKU: https://detail.1688.com/offer/991467576950.html
2026-04-08 07:22:40,189 | ERROR | ali1688_goods_monitor |    ❌ 获取SKU失败: 
没有找到元素。
方法: ele()
参数: {'locator': 'xpath://*[@id="content"]/div[2]/div[1]/div[2]/div[1]/div[2]/div[1]/div[2]', 'index': 1, 'timeout': 10}
版本: 4.1.1.2
2026-04-08 07:22:40,190 | INFO | ali1688_goods_monitor |    ⏳ 等待 1.1 秒后继续...
2026-04-08 07:22:41,346 | INFO | ali1688_goods_monitor | 🔍 [120/269] 获取SKU: https://detail.1688.com/offer/1006668462460.html
2026-04-08 07:23:03,552 | ERROR | ali1688_goods_monitor |    ❌ 获取SKU失败: 
没有找到元素。
方法: ele()
参数: {'locator': 'xpath://*[@id="content"]/div[2]/div[1]/div[2]/div[1]/div[2]/div[1]/div[2]', 'index': 1, 'timeout': 10}
版本: 4.1.1.2
2026-04-08 07:23:03,553 | INFO | ali1688_goods_monitor |    ⏳ 等待 1.5 秒后继续...
2026-04-08 07:23:05,102 | INFO | ali1688_goods_monitor | 🔍 [121/269] 获取SKU: https://detail.1688.com/offer/915854311158.html
2026-04-08 07:23:27,730 | ERROR | ali1688_goods_monitor |    ❌ 获取SKU失败: 
没有找到元素。
方法: ele()
参数: {'locator': 'xpath://*[@id="content"]/div[2]/div[1]/div[2]/div[1]/div[2]/div[1]/div[2]', 'index': 1, 'timeout': 10}
版本: 4.1.1.2
2026-04-08 07:23:27,730 | INFO | ali1688_goods_monitor |    ⏳ 等待 1.4 秒后继续...
2026-04-08 07:23:29,189 | INFO | ali1688_goods_monitor | 🔍 [122/269] 获取SKU: https://detail.1688.com/offer/773383798724.html
2026-04-08 07:23:51,613 | ERROR | ali1688_goods_monitor |    ❌ 获取SKU失败: 
没有找到元素。
方法: ele()
参数: {'locator': 'xpath://*[@id="content"]/div[2]/div[1]/div[2]/div[1]/div[2]/div[1]/div[2]', 'index': 1, 'timeout': 10}
版本: 4.1.1.2
2026-04-08 07:23:51,613 | INFO | ali1688_goods_monitor |    ⏳ 等待 1.2 秒后继续...
2026-04-08 07:23:52,842 | INFO | ali1688_goods_monitor | 🔍 [123/269] 获取SKU: https://detail.1688.com/offer/924140770781.html
2026-04-08 07:24:15,376 | ERROR | ali1688_goods_monitor |    ❌ 获取SKU失败: 
没有找到元素。
方法: ele()
参数: {'locator': 'xpath://*[@id="content"]/div[2]/div[1]/div[2]/div[1]/div[2]/div[1]/div[2]', 'index': 1, 'timeout': 10}
版本: 4.1.1.2
2026-04-08 07:24:15,377 | INFO | ali1688_goods_monitor |    ⏳ 等待 1.7 秒后继续...
2026-04-08 07:24:17,056 | INFO | ali1688_goods_monitor | 🔍 [124/269] 获取SKU: https://detail.1688.com/offer/813592780236.html
2026-04-08 07:24:39,334 | ERROR | ali1688_goods_monitor |    ❌ 获取SKU失败: 
没有找到元素。
方法: ele()
参数: {'locator': 'xpath://*[@id="content"]/div[2]/div[1]/div[2]/div[1]/div[2]/div[1]/div[2]', 'index': 1, 'timeout': 10}
版本: 4.1.1.2
2026-04-08 07:24:39,334 | INFO | ali1688_goods_monitor |    ⏳ 等待 2.1 秒后继续...
2026-04-08 07:24:41,461 | INFO | ali1688_goods_monitor | 🔍 [125/269] 获取SKU: https://detail.1688.com/offer/675880303102.html
2026-04-08 07:25:03,714 | ERROR | ali1688_goods_monitor |    ❌ 获取SKU失败: 
没有找到元素。
方法: ele()
参数: {'locator': 'xpath://*[@id="content"]/div[2]/div[1]/div[2]/div[1]/div[2]/div[1]/div[2]', 'index': 1, 'timeout': 10}
版本: 4.1.1.2
2026-04-08 07:25:03,714 | INFO | ali1688_goods_monitor |    ⏳ 等待 2.0 秒后继续...
2026-04-08 07:25:05,733 | INFO | ali1688_goods_monitor | 🔍 [126/269] 获取SKU: https://detail.1688.com/offer/952611726643.html
2026-04-08 07:25:28,212 | ERROR | ali1688_goods_monitor |    ❌ 获取SKU失败: 
没有找到元素。
方法: ele()
参数: {'locator': 'xpath://*[@id="content"]/div[2]/div[1]/div[2]/div[1]/div[2]/div[1]/div[2]', 'index': 1, 'timeout': 10}
版本: 4.1.1.2
2026-04-08 07:25:28,213 | INFO | ali1688_goods_monitor |    ⏳ 等待 1.1 秒后继续...
2026-04-08 07:25:29,350 | INFO | ali1688_goods_monitor | 🔍 [127/269] 获取SKU: https://detail.1688.com/offer/926941651375.html
2026-04-08 07:25:51,708 | ERROR | ali1688_goods_monitor |    ❌ 获取SKU失败: 
没有找到元素。
方法: ele()
参数: {'locator': 'xpath://*[@id="content"]/div[2]/div[1]/div[2]/div[1]/div[2]/div[1]/div[2]', 'index': 1, 'timeout': 10}
版本: 4.1.1.2
2026-04-08 07:25:51,709 | INFO | ali1688_goods_monitor |    ⏳ 等待 2.4 秒后继续...
2026-04-08 07:25:54,133 | INFO | ali1688_goods_monitor | 🔍 [128/269] 获取SKU: https://detail.1688.com/offer/847784309788.html
2026-04-08 07:26:16,567 | ERROR | ali1688_goods_monitor |    ❌ 获取SKU失败: 
没有找到元素。
方法: ele()
参数: {'locator': 'xpath://*[@id="content"]/div[2]/div[1]/div[2]/div[1]/div[2]/div[1]/div[2]', 'index': 1, 'timeout': 10}
版本: 4.1.1.2
2026-04-08 07:26:16,567 | INFO | ali1688_goods_monitor |    ⏳ 等待 1.9 秒后继续...
2026-04-08 07:26:18,515 | INFO | ali1688_goods_monitor | 🔍 [129/269] 获取SKU: https://detail.1688.com/offer/986179889619.html
2026-04-08 07:26:41,030 | ERROR | ali1688_goods_monitor |    ❌ 获取SKU失败: 
没有找到元素。
方法: ele()
参数: {'locator': 'xpath://*[@id="content"]/div[2]/div[1]/div[2]/div[1]/div[2]/div[1]/div[2]', 'index': 1, 'timeout': 10}
版本: 4.1.1.2
2026-04-08 07:26:41,030 | INFO | ali1688_goods_monitor |    ⏳ 等待 2.1 秒后继续...
2026-04-08 07:26:43,118 | INFO | ali1688_goods_monitor | 🔍 [130/269] 获取SKU: https://detail.1688.com/offer/848195784663.html
2026-04-08 07:27:05,739 | ERROR | ali1688_goods_monitor |    ❌ 获取SKU失败: 
没有找到元素。
方法: ele()
参数: {'locator': 'xpath://*[@id="content"]/div[2]/div[1]/div[2]/div[1]/div[2]/div[1]/div[2]', 'index': 1, 'timeout': 10}
版本: 4.1.1.2
2026-04-08 07:27:05,740 | INFO | ali1688_goods_monitor |    ⏳ 等待 1.1 秒后继续...
2026-04-08 07:27:06,830 | INFO | ali1688_goods_monitor | 🔍 [131/269] 获取SKU: https://detail.1688.com/offer/995364912374.html
2026-04-08 07:27:29,341 | ERROR | ali1688_goods_monitor |    ❌ 获取SKU失败: 
没有找到元素。
方法: ele()
参数: {'locator': 'xpath://*[@id="content"]/div[2]/div[1]/div[2]/div[1]/div[2]/div[1]/div[2]', 'index': 1, 'timeout': 10}
版本: 4.1.1.2
2026-04-08 07:27:29,341 | INFO | ali1688_goods_monitor |    ⏳ 等待 1.7 秒后继续...
2026-04-08 07:27:31,086 | INFO | ali1688_goods_monitor | 🔍 [132/269] 获取SKU: https://detail.1688.com/offer/811638208514.html
2026-04-08 07:27:53,561 | ERROR | ali1688_goods_monitor |    ❌ 获取SKU失败: 
没有找到元素。
方法: ele()
参数: {'locator': 'xpath://*[@id="content"]/div[2]/div[1]/div[2]/div[1]/div[2]/div[1]/div[2]', 'index': 1, 'timeout': 10}
版本: 4.1.1.2
2026-04-08 07:27:53,562 | INFO | ali1688_goods_monitor |    ⏳ 等待 1.7 秒后继续...
2026-04-08 07:27:55,255 | INFO | ali1688_goods_monitor | 🔍 [133/269] 获取SKU: https://detail.1688.com/offer/997359995216.html
2026-04-08 07:28:17,705 | ERROR | ali1688_goods_monitor |    ❌ 获取SKU失败: 
没有找到元素。
方法: ele()
参数: {'locator': 'xpath://*[@id="content"]/div[2]/div[1]/div[2]/div[1]/div[2]/div[1]/div[2]', 'index': 1, 'timeout': 10}
版本: 4.1.1.2
2026-04-08 07:28:17,705 | INFO | ali1688_goods_monitor |    ⏳ 等待 2.0 秒后继续...
2026-04-08 07:28:19,722 | INFO | ali1688_goods_monitor | 🔍 [134/269] 获取SKU: https://detail.1688.com/offer/985998626047.html
2026-04-08 07:28:41,888 | ERROR | ali1688_goods_monitor |    ❌ 获取SKU失败: 
没有找到元素。
方法: ele()
参数: {'locator': 'xpath://*[@id="content"]/div[2]/div[1]/div[2]/div[1]/div[2]/div[1]/div[2]', 'index': 1, 'timeout': 10}
版本: 4.1.1.2
2026-04-08 07:28:41,888 | INFO | ali1688_goods_monitor |    ⏳ 等待 2.0 秒后继续...
2026-04-08 07:28:43,945 | INFO | ali1688_goods_monitor | 🔍 [135/269] 获取SKU: https://detail.1688.com/offer/999860867159.html
2026-04-08 07:29:06,097 | ERROR | ali1688_goods_monitor |    ❌ 获取SKU失败: 
没有找到元素。
方法: ele()
参数: {'locator': 'xpath://*[@id="content"]/div[2]/div[1]/div[2]/div[1]/div[2]/div[1]/div[2]', 'index': 1, 'timeout': 10}
版本: 4.1.1.2
2026-04-08 07:29:06,098 | INFO | ali1688_goods_monitor |    ⏳ 等待 1.2 秒后继续...
2026-04-08 07:29:07,308 | INFO | ali1688_goods_monitor | 🔍 [136/269] 获取SKU: https://detail.1688.com/offer/920664381969.html
2026-04-08 07:29:29,807 | ERROR | ali1688_goods_monitor |    ❌ 获取SKU失败: 
没有找到元素。
方法: ele()
参数: {'locator': 'xpath://*[@id="content"]/div[2]/div[1]/div[2]/div[1]/div[2]/div[1]/div[2]', 'index': 1, 'timeout': 10}
版本: 4.1.1.2
2026-04-08 07:29:29,807 | INFO | ali1688_goods_monitor |    ⏳ 等待 1.6 秒后继续...
2026-04-08 07:29:31,457 | INFO | ali1688_goods_monitor | 🔍 [137/269] 获取SKU: https://detail.1688.com/offer/917143716667.html
2026-04-08 07:29:53,996 | ERROR | ali1688_goods_monitor |    ❌ 获取SKU失败: 
没有找到元素。
方法: ele()
参数: {'locator': 'xpath://*[@id="content"]/div[2]/div[1]/div[2]/div[1]/div[2]/div[1]/div[2]', 'index': 1, 'timeout': 10}
版本: 4.1.1.2
2026-04-08 07:29:53,996 | INFO | ali1688_goods_monitor |    ⏳ 等待 1.2 秒后继续...
2026-04-08 07:29:55,189 | INFO | ali1688_goods_monitor | 🔍 [138/269] 获取SKU: https://detail.1688.com/offer/1039821084728.html
2026-04-08 07:30:17,641 | ERROR | ali1688_goods_monitor |    ❌ 获取SKU失败: 
没有找到元素。
方法: ele()
参数: {'locator': 'xpath://*[@id="content"]/div[2]/div[1]/div[2]/div[1]/div[2]/div[1]/div[2]', 'index': 1, 'timeout': 10}
版本: 4.1.1.2
2026-04-08 07:30:17,641 | INFO | ali1688_goods_monitor |    ⏳ 等待 1.5 秒后继续...
2026-04-08 07:30:19,111 | INFO | ali1688_goods_monitor | 🔍 [139/269] 获取SKU: https://detail.1688.com/offer/662629659424.html
2026-04-08 07:30:41,378 | ERROR | ali1688_goods_monitor |    ❌ 获取SKU失败: 
没有找到元素。
方法: ele()
参数: {'locator': 'xpath://*[@id="content"]/div[2]/div[1]/div[2]/div[1]/div[2]/div[1]/div[2]', 'index': 1, 'timeout': 10}
版本: 4.1.1.2
2026-04-08 07:30:41,379 | INFO | ali1688_goods_monitor |    ⏳ 等待 1.1 秒后继续...
2026-04-08 07:30:42,440 | INFO | ali1688_goods_monitor | 🔍 [140/269] 获取SKU: https://detail.1688.com/offer/796066732390.html
2026-04-08 07:31:04,711 | ERROR | ali1688_goods_monitor |    ❌ 获取SKU失败: 
没有找到元素。
方法: ele()
参数: {'locator': 'xpath://*[@id="content"]/div[2]/div[1]/div[2]/div[1]/div[2]/div[1]/div[2]', 'index': 1, 'timeout': 10}
版本: 4.1.1.2
2026-04-08 07:31:04,712 | INFO | ali1688_goods_monitor |    ⏳ 等待 1.8 秒后继续...
2026-04-08 07:31:06,515 | INFO | ali1688_goods_monitor | 🔍 [141/269] 获取SKU: https://detail.1688.com/offer/855494409051.html
2026-04-08 07:31:28,940 | ERROR | ali1688_goods_monitor |    ❌ 获取SKU失败: 
没有找到元素。
方法: ele()
参数: {'locator': 'xpath://*[@id="content"]/div[2]/div[1]/div[2]/div[1]/div[2]/div[1]/div[2]', 'index': 1, 'timeout': 10}
版本: 4.1.1.2
2026-04-08 07:31:28,940 | INFO | ali1688_goods_monitor |    ⏳ 等待 1.2 秒后继续...
2026-04-08 07:31:30,154 | INFO | ali1688_goods_monitor | 🔍 [142/269] 获取SKU: https://detail.1688.com/offer/833863806015.html
2026-04-08 07:31:52,594 | ERROR | ali1688_goods_monitor |    ❌ 获取SKU失败: 
没有找到元素。
方法: ele()
参数: {'locator': 'xpath://*[@id="content"]/div[2]/div[1]/div[2]/div[1]/div[2]/div[1]/div[2]', 'index': 1, 'timeout': 10}
版本: 4.1.1.2
2026-04-08 07:31:52,594 | INFO | ali1688_goods_monitor |    ⏳ 等待 1.2 秒后继续...
2026-04-08 07:31:53,844 | INFO | ali1688_goods_monitor | 🔍 [143/269] 获取SKU: https://detail.1688.com/offer/918745003737.html
2026-04-08 07:32:16,107 | ERROR | ali1688_goods_monitor |    ❌ 获取SKU失败: 
没有找到元素。
方法: ele()
参数: {'locator': 'xpath://*[@id="content"]/div[2]/div[1]/div[2]/div[1]/div[2]/div[1]/div[2]', 'index': 1, 'timeout': 10}
版本: 4.1.1.2
2026-04-08 07:32:16,108 | INFO | ali1688_goods_monitor |    ⏳ 等待 2.4 秒后继续...
2026-04-08 07:32:18,477 | INFO | ali1688_goods_monitor | 🔍 [144/269] 获取SKU: https://detail.1688.com/offer/968025059447.html
2026-04-08 07:32:40,739 | ERROR | ali1688_goods_monitor |    ❌ 获取SKU失败: 
没有找到元素。
方法: ele()
参数: {'locator': 'xpath://*[@id="content"]/div[2]/div[1]/div[2]/div[1]/div[2]/div[1]/div[2]', 'index': 1, 'timeout': 10}
版本: 4.1.1.2
2026-04-08 07:32:40,739 | INFO | ali1688_goods_monitor |    ⏳ 等待 1.6 秒后继续...
2026-04-08 07:32:42,302 | INFO | ali1688_goods_monitor | 🔍 [145/269] 获取SKU: https://detail.1688.com/offer/990374779412.html
2026-04-08 07:33:04,647 | ERROR | ali1688_goods_monitor |    ❌ 获取SKU失败: 
没有找到元素。
方法: ele()
参数: {'locator': 'xpath://*[@id="content"]/div[2]/div[1]/div[2]/div[1]/div[2]/div[1]/div[2]', 'index': 1, 'timeout': 10}
版本: 4.1.1.2
2026-04-08 07:33:04,647 | INFO | ali1688_goods_monitor |    ⏳ 等待 2.4 秒后继续...
2026-04-08 07:33:07,076 | INFO | ali1688_goods_monitor | 🔍 [146/269] 获取SKU: https://detail.1688.com/offer/969889694254.html
2026-04-08 07:33:29,514 | ERROR | ali1688_goods_monitor |    ❌ 获取SKU失败: 
没有找到元素。
方法: ele()
参数: {'locator': 'xpath://*[@id="content"]/div[2]/div[1]/div[2]/div[1]/div[2]/div[1]/div[2]', 'index': 1, 'timeout': 10}
版本: 4.1.1.2
2026-04-08 07:33:29,514 | INFO | ali1688_goods_monitor |    ⏳ 等待 1.4 秒后继续...
2026-04-08 07:33:30,955 | INFO | ali1688_goods_monitor | 🔍 [147/269] 获取SKU: https://detail.1688.com/offer/903214944988.html
2026-04-08 07:33:53,429 | ERROR | ali1688_goods_monitor |    ❌ 获取SKU失败: 
没有找到元素。
方法: ele()
参数: {'locator': 'xpath://*[@id="content"]/div[2]/div[1]/div[2]/div[1]/div[2]/div[1]/div[2]', 'index': 1, 'timeout': 10}
版本: 4.1.1.2
2026-04-08 07:33:53,430 | INFO | ali1688_goods_monitor |    ⏳ 等待 2.3 秒后继续...
2026-04-08 07:33:55,761 | INFO | ali1688_goods_monitor | 🔍 [148/269] 获取SKU: https://detail.1688.com/offer/973730524327.html
2026-04-08 07:34:18,561 | ERROR | ali1688_goods_monitor |    ❌ 获取SKU失败: 
没有找到元素。
方法: ele()
参数: {'locator': 'xpath://*[@id="content"]/div[2]/div[1]/div[2]/div[1]/div[2]/div[1]/div[2]', 'index': 1, 'timeout': 10}
版本: 4.1.1.2
2026-04-08 07:34:18,562 | INFO | ali1688_goods_monitor |    ⏳ 等待 1.9 秒后继续...
2026-04-08 07:34:20,474 | INFO | ali1688_goods_monitor | 🔍 [149/269] 获取SKU: https://detail.1688.com/offer/1000261330427.html
2026-04-08 07:34:42,660 | ERROR | ali1688_goods_monitor |    ❌ 获取SKU失败: 
没有找到元素。
方法: ele()
参数: {'locator': 'xpath://*[@id="content"]/div[2]/div[1]/div[2]/div[1]/div[2]/div[1]/div[2]', 'index': 1, 'timeout': 10}
版本: 4.1.1.2
2026-04-08 07:34:42,660 | INFO | ali1688_goods_monitor |    ⏳ 等待 1.8 秒后继续...
2026-04-08 07:34:44,465 | INFO | ali1688_goods_monitor | 🔍 [150/269] 获取SKU: https://detail.1688.com/offer/989391144530.html
2026-04-08 07:35:07,017 | ERROR | ali1688_goods_monitor |    ❌ 获取SKU失败: 
没有找到元素。
方法: ele()
参数: {'locator': 'xpath://*[@id="content"]/div[2]/div[1]/div[2]/div[1]/div[2]/div[1]/div[2]', 'index': 1, 'timeout': 10}
版本: 4.1.1.2
2026-04-08 07:35:07,017 | INFO | ali1688_goods_monitor |    ⏳ 等待 1.8 秒后继续...
2026-04-08 07:35:08,867 | INFO | ali1688_goods_monitor | 🔍 [151/269] 获取SKU: https://detail.1688.com/offer/778105306124.html
2026-04-08 07:35:31,347 | ERROR | ali1688_goods_monitor |    ❌ 获取SKU失败: 
没有找到元素。
方法: ele()
参数: {'locator': 'xpath://*[@id="content"]/div[2]/div[1]/div[2]/div[1]/div[2]/div[1]/div[2]', 'index': 1, 'timeout': 10}
版本: 4.1.1.2
2026-04-08 07:35:31,348 | INFO | ali1688_goods_monitor |    ⏳ 等待 1.2 秒后继续...
2026-04-08 07:35:32,533 | INFO | ali1688_goods_monitor | 🔍 [152/269] 获取SKU: https://detail.1688.com/offer/983142383790.html
2026-04-08 07:35:54,669 | ERROR | ali1688_goods_monitor |    ❌ 获取SKU失败: 
没有找到元素。
方法: ele()
参数: {'locator': 'xpath://*[@id="content"]/div[2]/div[1]/div[2]/div[1]/div[2]/div[1]/div[2]', 'index': 1, 'timeout': 10}
版本: 4.1.1.2
2026-04-08 07:35:54,669 | INFO | ali1688_goods_monitor |    ⏳ 等待 1.8 秒后继续...
2026-04-08 07:35:56,489 | INFO | ali1688_goods_monitor | 🔍 [153/269] 获取SKU: https://detail.1688.com/offer/695065852792.html
2026-04-08 07:36:18,947 | ERROR | ali1688_goods_monitor |    ❌ 获取SKU失败: 
没有找到元素。
方法: ele()
参数: {'locator': 'xpath://*[@id="content"]/div[2]/div[1]/div[2]/div[1]/div[2]/div[1]/div[2]', 'index': 1, 'timeout': 10}
版本: 4.1.1.2
2026-04-08 07:36:18,947 | INFO | ali1688_goods_monitor |    ⏳ 等待 1.8 秒后继续...
2026-04-08 07:36:20,766 | INFO | ali1688_goods_monitor | 🔍 [154/269] 获取SKU: https://detail.1688.com/offer/909894706445.html
2026-04-08 07:36:43,350 | ERROR | ali1688_goods_monitor |    ❌ 获取SKU失败: 
没有找到元素。
方法: ele()
参数: {'locator': 'xpath://*[@id="content"]/div[2]/div[1]/div[2]/div[1]/div[2]/div[1]/div[2]', 'index': 1, 'timeout': 10}
版本: 4.1.1.2
2026-04-08 07:36:43,351 | INFO | ali1688_goods_monitor |    ⏳ 等待 1.9 秒后继续...
2026-04-08 07:36:45,214 | INFO | ali1688_goods_monitor | 🔍 [155/269] 获取SKU: https://detail.1688.com/offer/1001253412551.html
2026-04-08 07:37:07,735 | ERROR | ali1688_goods_monitor |    ❌ 获取SKU失败: 
没有找到元素。
方法: ele()
参数: {'locator': 'xpath://*[@id="content"]/div[2]/div[1]/div[2]/div[1]/div[2]/div[1]/div[2]', 'index': 1, 'timeout': 10}
版本: 4.1.1.2
2026-04-08 07:37:07,735 | INFO | ali1688_goods_monitor |    ⏳ 等待 1.3 秒后继续...
2026-04-08 07:37:09,022 | INFO | ali1688_goods_monitor | 🔍 [156/269] 获取SKU: https://detail.1688.com/offer/854773109889.html
2026-04-08 07:37:31,502 | ERROR | ali1688_goods_monitor |    ❌ 获取SKU失败: 
没有找到元素。
方法: ele()
参数: {'locator': 'xpath://*[@id="content"]/div[2]/div[1]/div[2]/div[1]/div[2]/div[1]/div[2]', 'index': 1, 'timeout': 10}
版本: 4.1.1.2
2026-04-08 07:37:31,503 | INFO | ali1688_goods_monitor |    ⏳ 等待 2.2 秒后继续...
2026-04-08 07:37:33,669 | INFO | ali1688_goods_monitor | 🔍 [157/269] 获取SKU: https://detail.1688.com/offer/678640196785.html
2026-04-08 07:37:56,154 | ERROR | ali1688_goods_monitor |    ❌ 获取SKU失败: 
没有找到元素。
方法: ele()
参数: {'locator': 'xpath://*[@id="content"]/div[2]/div[1]/div[2]/div[1]/div[2]/div[1]/div[2]', 'index': 1, 'timeout': 10}
版本: 4.1.1.2
2026-04-08 07:37:56,155 | INFO | ali1688_goods_monitor |    ⏳ 等待 2.1 秒后继续...
2026-04-08 07:37:58,270 | INFO | ali1688_goods_monitor | 🔍 [158/269] 获取SKU: https://detail.1688.com/offer/939201456076.html
2026-04-08 07:38:20,751 | ERROR | ali1688_goods_monitor |    ❌ 获取SKU失败: 
没有找到元素。
方法: ele()
参数: {'locator': 'xpath://*[@id="content"]/div[2]/div[1]/div[2]/div[1]/div[2]/div[1]/div[2]', 'index': 1, 'timeout': 10}
版本: 4.1.1.2
2026-04-08 07:38:20,754 | INFO | ali1688_goods_monitor |    ⏳ 等待 1.1 秒后继续...
2026-04-08 07:38:21,834 | INFO | ali1688_goods_monitor | 🔍 [159/269] 获取SKU: https://detail.1688.com/offer/955211708273.html
2026-04-08 07:38:44,348 | ERROR | ali1688_goods_monitor |    ❌ 获取SKU失败: 
没有找到元素。
方法: ele()
参数: {'locator': 'xpath://*[@id="content"]/div[2]/div[1]/div[2]/div[1]/div[2]/div[1]/div[2]', 'index': 1, 'timeout': 10}
版本: 4.1.1.2
2026-04-08 07:38:44,348 | INFO | ali1688_goods_monitor |    ⏳ 等待 2.1 秒后继续...
2026-04-08 07:38:46,490 | INFO | ali1688_goods_monitor | 🔍 [160/269] 获取SKU: https://detail.1688.com/offer/997742353743.html
2026-04-08 07:39:08,884 | ERROR | ali1688_goods_monitor |    ❌ 获取SKU失败: 
没有找到元素。
方法: ele()
参数: {'locator': 'xpath://*[@id="content"]/div[2]/div[1]/div[2]/div[1]/div[2]/div[1]/div[2]', 'index': 1, 'timeout': 10}
版本: 4.1.1.2
2026-04-08 07:39:08,885 | INFO | ali1688_goods_monitor |    ⏳ 等待 2.1 秒后继续...
2026-04-08 07:39:11,037 | INFO | ali1688_goods_monitor | 🔍 [161/269] 获取SKU: https://detail.1688.com/offer/818121391220.html
2026-04-08 07:39:33,496 | ERROR | ali1688_goods_monitor |    ❌ 获取SKU失败: 
没有找到元素。
方法: ele()
参数: {'locator': 'xpath://*[@id="content"]/div[2]/div[1]/div[2]/div[1]/div[2]/div[1]/div[2]', 'index': 1, 'timeout': 10}
版本: 4.1.1.2
2026-04-08 07:39:33,497 | INFO | ali1688_goods_monitor |    ⏳ 等待 2.4 秒后继续...
2026-04-08 07:39:35,955 | INFO | ali1688_goods_monitor | 🔍 [162/269] 获取SKU: https://detail.1688.com/offer/854420062122.html
2026-04-08 07:39:58,223 | ERROR | ali1688_goods_monitor |    ❌ 获取SKU失败: 
没有找到元素。
方法: ele()
参数: {'locator': 'xpath://*[@id="content"]/div[2]/div[1]/div[2]/div[1]/div[2]/div[1]/div[2]', 'index': 1, 'timeout': 10}
版本: 4.1.1.2
2026-04-08 07:39:58,223 | INFO | ali1688_goods_monitor |    ⏳ 等待 2.0 秒后继续...
2026-04-08 07:40:00,263 | INFO | ali1688_goods_monitor | 🔍 [163/269] 获取SKU: https://detail.1688.com/offer/668301084321.html
2026-04-08 07:40:22,841 | ERROR | ali1688_goods_monitor |    ❌ 获取SKU失败: 
没有找到元素。
方法: ele()
参数: {'locator': 'xpath://*[@id="content"]/div[2]/div[1]/div[2]/div[1]/div[2]/div[1]/div[2]', 'index': 1, 'timeout': 10}
版本: 4.1.1.2
2026-04-08 07:40:22,841 | INFO | ali1688_goods_monitor |    ⏳ 等待 1.6 秒后继续...
2026-04-08 07:40:24,500 | INFO | ali1688_goods_monitor | 🔍 [164/269] 获取SKU: https://detail.1688.com/offer/653871136084.html
2026-04-08 07:40:46,859 | ERROR | ali1688_goods_monitor |    ❌ 获取SKU失败: 
没有找到元素。
方法: ele()
参数: {'locator': 'xpath://*[@id="content"]/div[2]/div[1]/div[2]/div[1]/div[2]/div[1]/div[2]', 'index': 1, 'timeout': 10}
版本: 4.1.1.2
2026-04-08 07:40:46,859 | INFO | ali1688_goods_monitor |    ⏳ 等待 1.2 秒后继续...
2026-04-08 07:40:48,033 | INFO | ali1688_goods_monitor | 🔍 [165/269] 获取SKU: https://detail.1688.com/offer/834236928026.html
2026-04-08 07:41:10,512 | ERROR | ali1688_goods_monitor |    ❌ 获取SKU失败: 
没有找到元素。
方法: ele()
参数: {'locator': 'xpath://*[@id="content"]/div[2]/div[1]/div[2]/div[1]/div[2]/div[1]/div[2]', 'index': 1, 'timeout': 10}
版本: 4.1.1.2
2026-04-08 07:41:10,512 | INFO | ali1688_goods_monitor |    ⏳ 等待 1.6 秒后继续...
2026-04-08 07:41:12,125 | INFO | ali1688_goods_monitor | 🔍 [166/269] 获取SKU: https://detail.1688.com/offer/985101359570.html
2026-04-08 07:41:34,578 | ERROR | ali1688_goods_monitor |    ❌ 获取SKU失败: 
没有找到元素。
方法: ele()
参数: {'locator': 'xpath://*[@id="content"]/div[2]/div[1]/div[2]/div[1]/div[2]/div[1]/div[2]', 'index': 1, 'timeout': 10}
版本: 4.1.1.2
2026-04-08 07:41:34,579 | INFO | ali1688_goods_monitor |    ⏳ 等待 1.3 秒后继续...
2026-04-08 07:41:35,866 | INFO | ali1688_goods_monitor | 🔍 [167/269] 获取SKU: https://detail.1688.com/offer/847713406081.html
2026-04-08 07:41:58,363 | ERROR | ali1688_goods_monitor |    ❌ 获取SKU失败: 
没有找到元素。
方法: ele()
参数: {'locator': 'xpath://*[@id="content"]/div[2]/div[1]/div[2]/div[1]/div[2]/div[1]/div[2]', 'index': 1, 'timeout': 10}
版本: 4.1.1.2
2026-04-08 07:41:58,364 | INFO | ali1688_goods_monitor |    ⏳ 等待 1.0 秒后继续...
2026-04-08 07:41:59,394 | INFO | ali1688_goods_monitor | 🔍 [168/269] 获取SKU: https://detail.1688.com/offer/626387346293.html
2026-04-08 07:42:22,023 | ERROR | ali1688_goods_monitor |    ❌ 获取SKU失败: 
没有找到元素。
方法: ele()
参数: {'locator': 'xpath://*[@id="content"]/div[2]/div[1]/div[2]/div[1]/div[2]/div[1]/div[2]', 'index': 1, 'timeout': 10}
版本: 4.1.1.2
2026-04-08 07:42:22,023 | INFO | ali1688_goods_monitor |    ⏳ 等待 1.3 秒后继续...
2026-04-08 07:42:23,356 | INFO | ali1688_goods_monitor | 🔍 [169/269] 获取SKU: https://detail.1688.com/offer/984336119328.html
2026-04-08 07:42:45,722 | ERROR | ali1688_goods_monitor |    ❌ 获取SKU失败: 
没有找到元素。
方法: ele()
参数: {'locator': 'xpath://*[@id="content"]/div[2]/div[1]/div[2]/div[1]/div[2]/div[1]/div[2]', 'index': 1, 'timeout': 10}
版本: 4.1.1.2
2026-04-08 07:42:45,723 | INFO | ali1688_goods_monitor |    ⏳ 等待 1.1 秒后继续...
2026-04-08 07:42:46,830 | INFO | ali1688_goods_monitor | 🔍 [170/269] 获取SKU: https://detail.1688.com/offer/709904411964.html
2026-04-08 07:43:09,634 | ERROR | ali1688_goods_monitor |    ❌ 获取SKU失败: 
没有找到元素。
方法: ele()
参数: {'locator': 'xpath://*[@id="content"]/div[2]/div[1]/div[2]/div[1]/div[2]/div[1]/div[2]', 'index': 1, 'timeout': 10}
版本: 4.1.1.2
2026-04-08 07:43:09,634 | INFO | ali1688_goods_monitor |    ⏳ 等待 1.1 秒后继续...
2026-04-08 07:43:10,698 | INFO | ali1688_goods_monitor | 🔍 [171/269] 获取SKU: https://detail.1688.com/offer/985879832920.html
2026-04-08 07:43:33,362 | ERROR | ali1688_goods_monitor |    ❌ 获取SKU失败: 
没有找到元素。
方法: ele()
参数: {'locator': 'xpath://*[@id="content"]/div[2]/div[1]/div[2]/div[1]/div[2]/div[1]/div[2]', 'index': 1, 'timeout': 10}
版本: 4.1.1.2
2026-04-08 07:43:33,363 | INFO | ali1688_goods_monitor |    ⏳ 等待 2.2 秒后继续...
2026-04-08 07:43:35,581 | INFO | ali1688_goods_monitor | 🔍 [172/269] 获取SKU: https://detail.1688.com/offer/906941705446.html
2026-04-08 07:43:58,032 | ERROR | ali1688_goods_monitor |    ❌ 获取SKU失败: 
没有找到元素。
方法: ele()
参数: {'locator': 'xpath://*[@id="content"]/div[2]/div[1]/div[2]/div[1]/div[2]/div[1]/div[2]', 'index': 1, 'timeout': 10}
版本: 4.1.1.2
2026-04-08 07:43:58,032 | INFO | ali1688_goods_monitor |    ⏳ 等待 2.3 秒后继续...
2026-04-08 07:44:00,341 | INFO | ali1688_goods_monitor | 🔍 [173/269] 获取SKU: https://detail.1688.com/offer/847979472849.html
2026-04-08 07:44:22,783 | ERROR | ali1688_goods_monitor |    ❌ 获取SKU失败: 
没有找到元素。
方法: ele()
参数: {'locator': 'xpath://*[@id="content"]/div[2]/div[1]/div[2]/div[1]/div[2]/div[1]/div[2]', 'index': 1, 'timeout': 10}
版本: 4.1.1.2
2026-04-08 07:44:22,783 | INFO | ali1688_goods_monitor |    ⏳ 等待 1.2 秒后继续...
2026-04-08 07:44:24,005 | INFO | ali1688_goods_monitor | 🔍 [174/269] 获取SKU: https://detail.1688.com/offer/716733322460.html
2026-04-08 07:44:46,379 | ERROR | ali1688_goods_monitor |    ❌ 获取SKU失败: 
没有找到元素。
方法: ele()
参数: {'locator': 'xpath://*[@id="content"]/div[2]/div[1]/div[2]/div[1]/div[2]/div[1]/div[2]', 'index': 1, 'timeout': 10}
版本: 4.1.1.2
2026-04-08 07:44:46,379 | INFO | ali1688_goods_monitor |    ⏳ 等待 1.1 秒后继续...
2026-04-08 07:44:47,460 | INFO | ali1688_goods_monitor | 🔍 [175/269] 获取SKU: https://detail.1688.com/offer/900592605428.html
2026-04-08 07:45:09,981 | ERROR | ali1688_goods_monitor |    ❌ 获取SKU失败: 
没有找到元素。
方法: ele()
参数: {'locator': 'xpath://*[@id="content"]/div[2]/div[1]/div[2]/div[1]/div[2]/div[1]/div[2]', 'index': 1, 'timeout': 10}
版本: 4.1.1.2
2026-04-08 07:45:09,982 | INFO | ali1688_goods_monitor |    ⏳ 等待 2.0 秒后继续...
2026-04-08 07:45:11,977 | INFO | ali1688_goods_monitor | 🔍 [176/269] 获取SKU: https://detail.1688.com/offer/848295933948.html
2026-04-08 07:45:34,473 | ERROR | ali1688_goods_monitor |    ❌ 获取SKU失败: 
没有找到元素。
方法: ele()
参数: {'locator': 'xpath://*[@id="content"]/div[2]/div[1]/div[2]/div[1]/div[2]/div[1]/div[2]', 'index': 1, 'timeout': 10}
版本: 4.1.1.2
2026-04-08 07:45:34,473 | INFO | ali1688_goods_monitor |    ⏳ 等待 2.4 秒后继续...
2026-04-08 07:45:36,873 | INFO | ali1688_goods_monitor | 🔍 [177/269] 获取SKU: https://detail.1688.com/offer/661514670948.html
2026-04-08 07:45:59,467 | ERROR | ali1688_goods_monitor |    ❌ 获取SKU失败: 
没有找到元素。
方法: ele()
参数: {'locator': 'xpath://*[@id="content"]/div[2]/div[1]/div[2]/div[1]/div[2]/div[1]/div[2]', 'index': 1, 'timeout': 10}
版本: 4.1.1.2
2026-04-08 07:45:59,467 | INFO | ali1688_goods_monitor |    ⏳ 等待 1.1 秒后继续...
2026-04-08 07:46:00,588 | INFO | ali1688_goods_monitor | 🔍 [178/269] 获取SKU: https://detail.1688.com/offer/992713938362.html
2026-04-08 07:46:22,757 | ERROR | ali1688_goods_monitor |    ❌ 获取SKU失败: 
没有找到元素。
方法: ele()
参数: {'locator': 'xpath://*[@id="content"]/div[2]/div[1]/div[2]/div[1]/div[2]/div[1]/div[2]', 'index': 1, 'timeout': 10}
版本: 4.1.1.2
2026-04-08 07:46:22,758 | INFO | ali1688_goods_monitor |    ⏳ 等待 1.5 秒后继续...
2026-04-08 07:46:24,269 | INFO | ali1688_goods_monitor | 🔍 [179/269] 获取SKU: https://detail.1688.com/offer/661664097697.html
2026-04-08 07:46:46,932 | ERROR | ali1688_goods_monitor |    ❌ 获取SKU失败: 
没有找到元素。
方法: ele()
参数: {'locator': 'xpath://*[@id="content"]/div[2]/div[1]/div[2]/div[1]/div[2]/div[1]/div[2]', 'index': 1, 'timeout': 10}
版本: 4.1.1.2
2026-04-08 07:46:46,932 | INFO | ali1688_goods_monitor |    ⏳ 等待 2.4 秒后继续...
2026-04-08 07:46:49,390 | INFO | ali1688_goods_monitor | 🔍 [180/269] 获取SKU: https://detail.1688.com/offer/676772683627.html
2026-04-08 07:47:11,855 | ERROR | ali1688_goods_monitor |    ❌ 获取SKU失败: 
没有找到元素。
方法: ele()
参数: {'locator': 'xpath://*[@id="content"]/div[2]/div[1]/div[2]/div[1]/div[2]/div[1]/div[2]', 'index': 1, 'timeout': 10}
版本: 4.1.1.2
2026-04-08 07:47:11,856 | INFO | ali1688_goods_monitor |    ⏳ 等待 1.3 秒后继续...
2026-04-08 07:47:13,168 | INFO | ali1688_goods_monitor | 🔍 [181/269] 获取SKU: https://detail.1688.com/offer/678110916347.html
2026-04-08 07:47:35,657 | ERROR | ali1688_goods_monitor |    ❌ 获取SKU失败: 
没有找到元素。
方法: ele()
参数: {'locator': 'xpath://*[@id="content"]/div[2]/div[1]/div[2]/div[1]/div[2]/div[1]/div[2]', 'index': 1, 'timeout': 10}
版本: 4.1.1.2
2026-04-08 07:47:35,658 | INFO | ali1688_goods_monitor |    ⏳ 等待 1.3 秒后继续...
2026-04-08 07:47:36,940 | INFO | ali1688_goods_monitor | 🔍 [182/269] 获取SKU: https://detail.1688.com/offer/686348979544.html
2026-04-08 07:47:59,397 | ERROR | ali1688_goods_monitor |    ❌ 获取SKU失败: 
没有找到元素。
方法: ele()
参数: {'locator': 'xpath://*[@id="content"]/div[2]/div[1]/div[2]/div[1]/div[2]/div[1]/div[2]', 'index': 1, 'timeout': 10}
版本: 4.1.1.2
2026-04-08 07:47:59,397 | INFO | ali1688_goods_monitor |    ⏳ 等待 1.0 秒后继续...
2026-04-08 07:48:00,438 | INFO | ali1688_goods_monitor | 🔍 [183/269] 获取SKU: https://detail.1688.com/offer/946133528766.html
2026-04-08 07:48:22,967 | ERROR | ali1688_goods_monitor |    ❌ 获取SKU失败: 
没有找到元素。
方法: ele()
参数: {'locator': 'xpath://*[@id="content"]/div[2]/div[1]/div[2]/div[1]/div[2]/div[1]/div[2]', 'index': 1, 'timeout': 10}
版本: 4.1.1.2
2026-04-08 07:48:22,967 | INFO | ali1688_goods_monitor |    ⏳ 等待 1.3 秒后继续...
2026-04-08 07:48:24,274 | INFO | ali1688_goods_monitor | 🔍 [184/269] 获取SKU: https://detail.1688.com/offer/987237412445.html
2026-04-08 07:48:46,861 | ERROR | ali1688_goods_monitor |    ❌ 获取SKU失败: 
没有找到元素。
方法: ele()
参数: {'locator': 'xpath://*[@id="content"]/div[2]/div[1]/div[2]/div[1]/div[2]/div[1]/div[2]', 'index': 1, 'timeout': 10}
版本: 4.1.1.2
2026-04-08 07:48:46,861 | INFO | ali1688_goods_monitor |    ⏳ 等待 2.5 秒后继续...
2026-04-08 07:48:49,367 | INFO | ali1688_goods_monitor | 🔍 [185/269] 获取SKU: https://detail.1688.com/offer/987732400816.html
2026-04-08 07:49:11,818 | ERROR | ali1688_goods_monitor |    ❌ 获取SKU失败: 
没有找到元素。
方法: ele()
参数: {'locator': 'xpath://*[@id="content"]/div[2]/div[1]/div[2]/div[1]/div[2]/div[1]/div[2]', 'index': 1, 'timeout': 10}
版本: 4.1.1.2
2026-04-08 07:49:11,818 | INFO | ali1688_goods_monitor |    ⏳ 等待 2.1 秒后继续...
2026-04-08 07:49:13,889 | INFO | ali1688_goods_monitor | 🔍 [186/269] 获取SKU: https://detail.1688.com/offer/975402784788.html
2026-04-08 07:49:36,721 | ERROR | ali1688_goods_monitor |    ❌ 获取SKU失败: 
没有找到元素。
方法: ele()
参数: {'locator': 'xpath://*[@id="content"]/div[2]/div[1]/div[2]/div[1]/div[2]/div[1]/div[2]', 'index': 1, 'timeout': 10}
版本: 4.1.1.2
2026-04-08 07:49:36,722 | INFO | ali1688_goods_monitor |    ⏳ 等待 2.1 秒后继续...
2026-04-08 07:49:38,791 | INFO | ali1688_goods_monitor | 🔍 [187/269] 获取SKU: https://detail.1688.com/offer/672751050822.html
2026-04-08 07:50:01,043 | ERROR | ali1688_goods_monitor |    ❌ 获取SKU失败: 
没有找到元素。
方法: ele()
参数: {'locator': 'xpath://*[@id="content"]/div[2]/div[1]/div[2]/div[1]/div[2]/div[1]/div[2]', 'index': 1, 'timeout': 10}
版本: 4.1.1.2
2026-04-08 07:50:01,043 | INFO | ali1688_goods_monitor |    ⏳ 等待 1.2 秒后继续...
2026-04-08 07:50:02,231 | INFO | ali1688_goods_monitor | 🔍 [188/269] 获取SKU: https://detail.1688.com/offer/903149142386.html
2026-04-08 07:50:24,731 | ERROR | ali1688_goods_monitor |    ❌ 获取SKU失败: 
没有找到元素。
方法: ele()
参数: {'locator': 'xpath://*[@id="content"]/div[2]/div[1]/div[2]/div[1]/div[2]/div[1]/div[2]', 'index': 1, 'timeout': 10}
版本: 4.1.1.2
2026-04-08 07:50:24,732 | INFO | ali1688_goods_monitor |    ⏳ 等待 1.3 秒后继续...
2026-04-08 07:50:26,046 | INFO | ali1688_goods_monitor | 🔍 [189/269] 获取SKU: https://detail.1688.com/offer/942621028118.html
2026-04-08 07:50:48,498 | ERROR | ali1688_goods_monitor |    ❌ 获取SKU失败: 
没有找到元素。
方法: ele()
参数: {'locator': 'xpath://*[@id="content"]/div[2]/div[1]/div[2]/div[1]/div[2]/div[1]/div[2]', 'index': 1, 'timeout': 10}
版本: 4.1.1.2
2026-04-08 07:50:48,498 | INFO | ali1688_goods_monitor |    ⏳ 等待 1.6 秒后继续...
2026-04-08 07:50:50,083 | INFO | ali1688_goods_monitor | 🔍 [190/269] 获取SKU: https://detail.1688.com/offer/847713406078.html
2026-04-08 07:51:12,627 | ERROR | ali1688_goods_monitor |    ❌ 获取SKU失败: 
没有找到元素。
方法: ele()
参数: {'locator': 'xpath://*[@id="content"]/div[2]/div[1]/div[2]/div[1]/div[2]/div[1]/div[2]', 'index': 1, 'timeout': 10}
版本: 4.1.1.2
2026-04-08 07:51:12,627 | INFO | ali1688_goods_monitor |    ⏳ 等待 1.6 秒后继续...
2026-04-08 07:51:14,249 | INFO | ali1688_goods_monitor | 🔍 [191/269] 获取SKU: https://detail.1688.com/offer/991759687233.html
2026-04-08 07:51:36,401 | ERROR | ali1688_goods_monitor |    ❌ 获取SKU失败: 
没有找到元素。
方法: ele()
参数: {'locator': 'xpath://*[@id="content"]/div[2]/div[1]/div[2]/div[1]/div[2]/div[1]/div[2]', 'index': 1, 'timeout': 10}
版本: 4.1.1.2
2026-04-08 07:51:36,402 | INFO | ali1688_goods_monitor |    ⏳ 等待 1.9 秒后继续...
2026-04-08 07:51:38,349 | INFO | ali1688_goods_monitor | 🔍 [192/269] 获取SKU: https://detail.1688.com/offer/724154127228.html
2026-04-08 07:52:00,779 | ERROR | ali1688_goods_monitor |    ❌ 获取SKU失败: 
没有找到元素。
方法: ele()
参数: {'locator': 'xpath://*[@id="content"]/div[2]/div[1]/div[2]/div[1]/div[2]/div[1]/div[2]', 'index': 1, 'timeout': 10}
版本: 4.1.1.2
2026-04-08 07:52:00,779 | INFO | ali1688_goods_monitor |    ⏳ 等待 2.0 秒后继续...
2026-04-08 07:52:02,759 | INFO | ali1688_goods_monitor | 🔍 [193/269] 获取SKU: https://detail.1688.com/offer/998016077358.html
2026-04-08 07:52:25,226 | ERROR | ali1688_goods_monitor |    ❌ 获取SKU失败: 
没有找到元素。
方法: ele()
参数: {'locator': 'xpath://*[@id="content"]/div[2]/div[1]/div[2]/div[1]/div[2]/div[1]/div[2]', 'index': 1, 'timeout': 10}
版本: 4.1.1.2
2026-04-08 07:52:25,226 | INFO | ali1688_goods_monitor |    ⏳ 等待 2.4 秒后继续...
2026-04-08 07:52:27,623 | INFO | ali1688_goods_monitor | 🔍 [194/269] 获取SKU: https://detail.1688.com/offer/972523284067.html
2026-04-08 07:52:50,000 | ERROR | ali1688_goods_monitor |    ❌ 获取SKU失败: 
没有找到元素。
方法: ele()
参数: {'locator': 'xpath://*[@id="content"]/div[2]/div[1]/div[2]/div[1]/div[2]/div[1]/div[2]', 'index': 1, 'timeout': 10}
版本: 4.1.1.2
2026-04-08 07:52:50,001 | INFO | ali1688_goods_monitor |    ⏳ 等待 1.7 秒后继续...
2026-04-08 07:52:51,739 | INFO | ali1688_goods_monitor | 🔍 [195/269] 获取SKU: https://detail.1688.com/offer/675557812438.html
2026-04-08 07:53:14,115 | ERROR | ali1688_goods_monitor |    ❌ 获取SKU失败: 
没有找到元素。
方法: ele()
参数: {'locator': 'xpath://*[@id="content"]/div[2]/div[1]/div[2]/div[1]/div[2]/div[1]/div[2]', 'index': 1, 'timeout': 10}
版本: 4.1.1.2
2026-04-08 07:53:14,115 | INFO | ali1688_goods_monitor |    ⏳ 等待 2.3 秒后继续...
2026-04-08 07:53:16,444 | INFO | ali1688_goods_monitor | 🔍 [196/269] 获取SKU: https://detail.1688.com/offer/990976789985.html
2026-04-08 07:53:39,261 | ERROR | ali1688_goods_monitor |    ❌ 获取SKU失败: 
没有找到元素。
方法: ele()
参数: {'locator': 'xpath://*[@id="content"]/div[2]/div[1]/div[2]/div[1]/div[2]/div[1]/div[2]', 'index': 1, 'timeout': 10}
版本: 4.1.1.2
2026-04-08 07:53:39,261 | INFO | ali1688_goods_monitor |    ⏳ 等待 2.5 秒后继续...
2026-04-08 07:53:41,721 | INFO | ali1688_goods_monitor | 🔍 [197/269] 获取SKU: https://detail.1688.com/offer/992882388093.html
2026-04-08 07:54:04,002 | ERROR | ali1688_goods_monitor |    ❌ 获取SKU失败: 
没有找到元素。
方法: ele()
参数: {'locator': 'xpath://*[@id="content"]/div[2]/div[1]/div[2]/div[1]/div[2]/div[1]/div[2]', 'index': 1, 'timeout': 10}
版本: 4.1.1.2
2026-04-08 07:54:04,002 | INFO | ali1688_goods_monitor |    ⏳ 等待 1.3 秒后继续...
2026-04-08 07:54:05,305 | INFO | ali1688_goods_monitor | 🔍 [198/269] 获取SKU: https://detail.1688.com/offer/990260832462.html
2026-04-08 07:54:27,816 | ERROR | ali1688_goods_monitor |    ❌ 获取SKU失败: 
没有找到元素。
方法: ele()
参数: {'locator': 'xpath://*[@id="content"]/div[2]/div[1]/div[2]/div[1]/div[2]/div[1]/div[2]', 'index': 1, 'timeout': 10}
版本: 4.1.1.2
2026-04-08 07:54:27,816 | INFO | ali1688_goods_monitor |    ⏳ 等待 1.8 秒后继续...
2026-04-08 07:54:29,610 | INFO | ali1688_goods_monitor | 🔍 [199/269] 获取SKU: https://detail.1688.com/offer/670793076081.html
2026-04-08 07:54:52,394 | ERROR | ali1688_goods_monitor |    ❌ 获取SKU失败: 
没有找到元素。
方法: ele()
参数: {'locator': 'xpath://*[@id="content"]/div[2]/div[1]/div[2]/div[1]/div[2]/div[1]/div[2]', 'index': 1, 'timeout': 10}
版本: 4.1.1.2
2026-04-08 07:54:52,394 | INFO | ali1688_goods_monitor |    ⏳ 等待 2.0 秒后继续...
2026-04-08 07:54:54,384 | INFO | ali1688_goods_monitor | 🔍 [200/269] 获取SKU: https://detail.1688.com/offer/994715362159.html
2026-04-08 07:55:16,997 | ERROR | ali1688_goods_monitor |    ❌ 获取SKU失败: 
没有找到元素。
方法: ele()
参数: {'locator': 'xpath://*[@id="content"]/div[2]/div[1]/div[2]/div[1]/div[2]/div[1]/div[2]', 'index': 1, 'timeout': 10}
版本: 4.1.1.2
2026-04-08 07:55:16,997 | INFO | ali1688_goods_monitor |    ⏳ 等待 1.0 秒后继续...
2026-04-08 07:55:18,015 | INFO | ali1688_goods_monitor | 🔍 [201/269] 获取SKU: https://detail.1688.com/offer/848415574468.html
2026-04-08 07:55:40,553 | ERROR | ali1688_goods_monitor |    ❌ 获取SKU失败: 
没有找到元素。
方法: ele()
参数: {'locator': 'xpath://*[@id="content"]/div[2]/div[1]/div[2]/div[1]/div[2]/div[1]/div[2]', 'index': 1, 'timeout': 10}
版本: 4.1.1.2
2026-04-08 07:55:40,553 | INFO | ali1688_goods_monitor |    ⏳ 等待 1.8 秒后继续...
2026-04-08 07:55:42,358 | INFO | ali1688_goods_monitor | 🔍 [202/269] 获取SKU: https://detail.1688.com/offer/969387993044.html
2026-04-08 07:56:04,822 | ERROR | ali1688_goods_monitor |    ❌ 获取SKU失败: 
没有找到元素。
方法: ele()
参数: {'locator': 'xpath://*[@id="content"]/div[2]/div[1]/div[2]/div[1]/div[2]/div[1]/div[2]', 'index': 1, 'timeout': 10}
版本: 4.1.1.2
2026-04-08 07:56:04,823 | INFO | ali1688_goods_monitor |    ⏳ 等待 1.8 秒后继续...
2026-04-08 07:56:06,597 | INFO | ali1688_goods_monitor | 🔍 [203/269] 获取SKU: https://detail.1688.com/offer/538297571141.html
2026-04-08 07:56:29,170 | ERROR | ali1688_goods_monitor |    ❌ 获取SKU失败: 
没有找到元素。
方法: ele()
参数: {'locator': 'xpath://*[@id="content"]/div[2]/div[1]/div[2]/div[1]/div[2]/div[1]/div[2]', 'index': 1, 'timeout': 10}
版本: 4.1.1.2
2026-04-08 07:56:29,171 | INFO | ali1688_goods_monitor |    ⏳ 等待 1.8 秒后继续...
2026-04-08 07:56:30,975 | INFO | ali1688_goods_monitor | 🔍 [204/269] 获取SKU: https://detail.1688.com/offer/858770936676.html
2026-04-08 07:56:53,214 | ERROR | ali1688_goods_monitor |    ❌ 获取SKU失败: 
没有找到元素。
方法: ele()
参数: {'locator': 'xpath://*[@id="content"]/div[2]/div[1]/div[2]/div[1]/div[2]/div[1]/div[2]', 'index': 1, 'timeout': 10}
版本: 4.1.1.2
2026-04-08 07:56:53,215 | INFO | ali1688_goods_monitor |    ⏳ 等待 2.4 秒后继续...
2026-04-08 07:56:55,658 | INFO | ali1688_goods_monitor | 🔍 [205/269] 获取SKU: https://detail.1688.com/offer/895042686618.html
2026-04-08 07:57:18,263 | ERROR | ali1688_goods_monitor |    ❌ 获取SKU失败: 
没有找到元素。
方法: ele()
参数: {'locator': 'xpath://*[@id="content"]/div[2]/div[1]/div[2]/div[1]/div[2]/div[1]/div[2]', 'index': 1, 'timeout': 10}
版本: 4.1.1.2
2026-04-08 07:57:18,264 | INFO | ali1688_goods_monitor |    ⏳ 等待 2.3 秒后继续...
2026-04-08 07:57:20,584 | INFO | ali1688_goods_monitor | 🔍 [206/269] 获取SKU: https://detail.1688.com/offer/978968804889.html
2026-04-08 07:57:43,240 | ERROR | ali1688_goods_monitor |    ❌ 获取SKU失败: 
没有找到元素。
方法: ele()
参数: {'locator': 'xpath://*[@id="content"]/div[2]/div[1]/div[2]/div[1]/div[2]/div[1]/div[2]', 'index': 1, 'timeout': 10}
版本: 4.1.1.2
2026-04-08 07:57:43,241 | INFO | ali1688_goods_monitor |    ⏳ 等待 1.2 秒后继续...
2026-04-08 07:57:44,447 | INFO | ali1688_goods_monitor | 🔍 [207/269] 获取SKU: https://detail.1688.com/offer/683872677220.html
2026-04-08 07:58:06,671 | ERROR | ali1688_goods_monitor |    ❌ 获取SKU失败: 
没有找到元素。
方法: ele()
参数: {'locator': 'xpath://*[@id="content"]/div[2]/div[1]/div[2]/div[1]/div[2]/div[1]/div[2]', 'index': 1, 'timeout': 10}
版本: 4.1.1.2
2026-04-08 07:58:06,672 | INFO | ali1688_goods_monitor |    ⏳ 等待 2.3 秒后继续...
2026-04-08 07:58:08,946 | INFO | ali1688_goods_monitor | 🔍 [208/269] 获取SKU: https://detail.1688.com/offer/646729482472.html
2026-04-08 07:58:31,577 | ERROR | ali1688_goods_monitor |    ❌ 获取SKU失败: 
没有找到元素。
方法: ele()
参数: {'locator': 'xpath://*[@id="content"]/div[2]/div[1]/div[2]/div[1]/div[2]/div[1]/div[2]', 'index': 1, 'timeout': 10}
版本: 4.1.1.2
2026-04-08 07:58:31,577 | INFO | ali1688_goods_monitor |    ⏳ 等待 1.3 秒后继续...
2026-04-08 07:58:32,898 | INFO | ali1688_goods_monitor | 🔍 [209/269] 获取SKU: https://detail.1688.com/offer/1027381048230.html
2026-04-08 07:58:55,424 | ERROR | ali1688_goods_monitor |    ❌ 获取SKU失败: 
没有找到元素。
方法: ele()
参数: {'locator': 'xpath://*[@id="content"]/div[2]/div[1]/div[2]/div[1]/div[2]/div[1]/div[2]', 'index': 1, 'timeout': 10}
版本: 4.1.1.2
2026-04-08 07:58:55,424 | INFO | ali1688_goods_monitor |    ⏳ 等待 2.1 秒后继续...
2026-04-08 07:58:57,507 | INFO | ali1688_goods_monitor | 🔍 [210/269] 获取SKU: https://detail.1688.com/offer/986633373239.html
2026-04-08 07:59:19,985 | ERROR | ali1688_goods_monitor |    ❌ 获取SKU失败: 
没有找到元素。
方法: ele()
参数: {'locator': 'xpath://*[@id="content"]/div[2]/div[1]/div[2]/div[1]/div[2]/div[1]/div[2]', 'index': 1, 'timeout': 10}
版本: 4.1.1.2
2026-04-08 07:59:19,985 | INFO | ali1688_goods_monitor |    ⏳ 等待 2.2 秒后继续...
2026-04-08 07:59:22,193 | INFO | ali1688_goods_monitor | 🔍 [211/269] 获取SKU: https://detail.1688.com/offer/900563388108.html
2026-04-08 07:59:44,743 | ERROR | ali1688_goods_monitor |    ❌ 获取SKU失败: 
没有找到元素。
方法: ele()
参数: {'locator': 'xpath://*[@id="content"]/div[2]/div[1]/div[2]/div[1]/div[2]/div[1]/div[2]', 'index': 1, 'timeout': 10}
版本: 4.1.1.2
2026-04-08 07:59:44,743 | INFO | ali1688_goods_monitor |    ⏳ 等待 2.2 秒后继续...
2026-04-08 07:59:46,955 | INFO | ali1688_goods_monitor | 🔍 [212/269] 获取SKU: https://detail.1688.com/offer/854168645121.html
2026-04-08 08:00:09,562 | ERROR | ali1688_goods_monitor |    ❌ 获取SKU失败: 
没有找到元素。
方法: ele()
参数: {'locator': 'xpath://*[@id="content"]/div[2]/div[1]/div[2]/div[1]/div[2]/div[1]/div[2]', 'index': 1, 'timeout': 10}
版本: 4.1.1.2
2026-04-08 08:00:09,564 | INFO | ali1688_goods_monitor |    ⏳ 等待 1.5 秒后继续...
2026-04-08 08:00:11,072 | INFO | ali1688_goods_monitor | 🔍 [213/269] 获取SKU: https://detail.1688.com/offer/1031769907868.html
2026-04-08 08:00:33,377 | ERROR | ali1688_goods_monitor |    ❌ 获取SKU失败: 
没有找到元素。
方法: ele()
参数: {'locator': 'xpath://*[@id="content"]/div[2]/div[1]/div[2]/div[1]/div[2]/div[1]/div[2]', 'index': 1, 'timeout': 10}
版本: 4.1.1.2
2026-04-08 08:00:33,378 | INFO | ali1688_goods_monitor |    ⏳ 等待 1.9 秒后继续...
2026-04-08 08:00:35,318 | INFO | ali1688_goods_monitor | 🔍 [214/269] 获取SKU: https://detail.1688.com/offer/917025701974.html
2026-04-08 08:00:57,773 | ERROR | ali1688_goods_monitor |    ❌ 获取SKU失败: 
没有找到元素。
方法: ele()
参数: {'locator': 'xpath://*[@id="content"]/div[2]/div[1]/div[2]/div[1]/div[2]/div[1]/div[2]', 'index': 1, 'timeout': 10}
版本: 4.1.1.2
2026-04-08 08:00:57,773 | INFO | ali1688_goods_monitor |    ⏳ 等待 2.0 秒后继续...
2026-04-08 08:00:59,828 | INFO | ali1688_goods_monitor | 🔍 [215/269] 获取SKU: https://detail.1688.com/offer/910382293640.html
2026-04-08 08:01:22,374 | ERROR | ali1688_goods_monitor |    ❌ 获取SKU失败: 
没有找到元素。
方法: ele()
参数: {'locator': 'xpath://*[@id="content"]/div[2]/div[1]/div[2]/div[1]/div[2]/div[1]/div[2]', 'index': 1, 'timeout': 10}
版本: 4.1.1.2
2026-04-08 08:01:22,374 | INFO | ali1688_goods_monitor |    ⏳ 等待 1.4 秒后继续...
2026-04-08 08:01:23,741 | INFO | ali1688_goods_monitor | 🔍 [216/269] 获取SKU: https://detail.1688.com/offer/734736330484.html
2026-04-08 08:01:46,446 | ERROR | ali1688_goods_monitor |    ❌ 获取SKU失败: 
没有找到元素。
方法: ele()
参数: {'locator': 'xpath://*[@id="content"]/div[2]/div[1]/div[2]/div[1]/div[2]/div[1]/div[2]', 'index': 1, 'timeout': 10}
版本: 4.1.1.2
2026-04-08 08:01:46,446 | INFO | ali1688_goods_monitor |    ⏳ 等待 1.3 秒后继续...
2026-04-08 08:01:47,719 | INFO | ali1688_goods_monitor | 🔍 [217/269] 获取SKU: https://detail.1688.com/offer/1028239295024.html
2026-04-08 08:02:09,973 | ERROR | ali1688_goods_monitor |    ❌ 获取SKU失败: 
没有找到元素。
方法: ele()
参数: {'locator': 'xpath://*[@id="content"]/div[2]/div[1]/div[2]/div[1]/div[2]/div[1]/div[2]', 'index': 1, 'timeout': 10}
版本: 4.1.1.2
2026-04-08 08:02:09,973 | INFO | ali1688_goods_monitor |    ⏳ 等待 1.6 秒后继续...
2026-04-08 08:02:11,564 | INFO | ali1688_goods_monitor | 🔍 [218/269] 获取SKU: https://detail.1688.com/offer/757454263904.html
2026-04-08 08:02:34,112 | ERROR | ali1688_goods_monitor |    ❌ 获取SKU失败: 
没有找到元素。
方法: ele()
参数: {'locator': 'xpath://*[@id="content"]/div[2]/div[1]/div[2]/div[1]/div[2]/div[1]/div[2]', 'index': 1, 'timeout': 10}
版本: 4.1.1.2
2026-04-08 08:02:34,113 | INFO | ali1688_goods_monitor |    ⏳ 等待 1.1 秒后继续...
2026-04-08 08:02:35,192 | INFO | ali1688_goods_monitor | 🔍 [219/269] 获取SKU: https://detail.1688.com/offer/973247771787.html
2026-04-08 08:02:57,868 | ERROR | ali1688_goods_monitor |    ❌ 获取SKU失败: 
没有找到元素。
方法: ele()
参数: {'locator': 'xpath://*[@id="content"]/div[2]/div[1]/div[2]/div[1]/div[2]/div[1]/div[2]', 'index': 1, 'timeout': 10}
版本: 4.1.1.2
2026-04-08 08:02:57,869 | INFO | ali1688_goods_monitor |    ⏳ 等待 2.1 秒后继续...
2026-04-08 08:02:59,955 | INFO | ali1688_goods_monitor | 🔍 [220/269] 获取SKU: https://detail.1688.com/offer/992863648563.html
2026-04-08 08:03:22,489 | ERROR | ali1688_goods_monitor |    ❌ 获取SKU失败: 
没有找到元素。
方法: ele()
参数: {'locator': 'xpath://*[@id="content"]/div[2]/div[1]/div[2]/div[1]/div[2]/div[1]/div[2]', 'index': 1, 'timeout': 10}
版本: 4.1.1.2
2026-04-08 08:03:22,490 | INFO | ali1688_goods_monitor |    ⏳ 等待 2.3 秒后继续...
2026-04-08 08:03:24,791 | INFO | ali1688_goods_monitor | 🔍 [221/269] 获取SKU: https://detail.1688.com/offer/728912992880.html
2026-04-08 08:03:47,330 | ERROR | ali1688_goods_monitor |    ❌ 获取SKU失败: 
没有找到元素。
方法: ele()
参数: {'locator': 'xpath://*[@id="content"]/div[2]/div[1]/div[2]/div[1]/div[2]/div[1]/div[2]', 'index': 1, 'timeout': 10}
版本: 4.1.1.2
2026-04-08 08:03:47,331 | INFO | ali1688_goods_monitor |    ⏳ 等待 1.9 秒后继续...
2026-04-08 08:03:49,282 | INFO | ali1688_goods_monitor | 🔍 [222/269] 获取SKU: https://detail.1688.com/offer/897059922290.html
2026-04-08 08:04:11,653 | ERROR | ali1688_goods_monitor |    ❌ 获取SKU失败: 
没有找到元素。
方法: ele()
参数: {'locator': 'xpath://*[@id="content"]/div[2]/div[1]/div[2]/div[1]/div[2]/div[1]/div[2]', 'index': 1, 'timeout': 10}
版本: 4.1.1.2
2026-04-08 08:04:11,653 | INFO | ali1688_goods_monitor |    ⏳ 等待 2.1 秒后继续...
2026-04-08 08:04:13,713 | INFO | ali1688_goods_monitor | 🔍 [223/269] 获取SKU: https://detail.1688.com/offer/960725525521.html
2026-04-08 08:04:35,962 | ERROR | ali1688_goods_monitor |    ❌ 获取SKU失败: 
没有找到元素。
方法: ele()
参数: {'locator': 'xpath://*[@id="content"]/div[2]/div[1]/div[2]/div[1]/div[2]/div[1]/div[2]', 'index': 1, 'timeout': 10}
版本: 4.1.1.2
2026-04-08 08:04:35,963 | INFO | ali1688_goods_monitor |    ⏳ 等待 1.9 秒后继续...
2026-04-08 08:04:37,854 | INFO | ali1688_goods_monitor | 🔍 [224/269] 获取SKU: https://detail.1688.com/offer/643044757475.html
2026-04-08 08:05:00,726 | ERROR | ali1688_goods_monitor |    ❌ 获取SKU失败: 
没有找到元素。
方法: ele()
参数: {'locator': 'xpath://*[@id="content"]/div[2]/div[1]/div[2]/div[1]/div[2]/div[1]/div[2]', 'index': 1, 'timeout': 10}
版本: 4.1.1.2
2026-04-08 08:05:00,726 | INFO | ali1688_goods_monitor |    ⏳ 等待 1.3 秒后继续...
2026-04-08 08:05:02,006 | INFO | ali1688_goods_monitor | 🔍 [225/269] 获取SKU: https://detail.1688.com/offer/973255115593.html
2026-04-08 08:05:24,549 | ERROR | ali1688_goods_monitor |    ❌ 获取SKU失败: 
没有找到元素。
方法: ele()
参数: {'locator': 'xpath://*[@id="content"]/div[2]/div[1]/div[2]/div[1]/div[2]/div[1]/div[2]', 'index': 1, 'timeout': 10}
版本: 4.1.1.2
2026-04-08 08:05:24,550 | INFO | ali1688_goods_monitor |    ⏳ 等待 1.3 秒后继续...
2026-04-08 08:05:25,862 | INFO | ali1688_goods_monitor | 🔍 [226/269] 获取SKU: https://detail.1688.com/offer/984991416938.html
2026-04-08 08:05:48,304 | ERROR | ali1688_goods_monitor |    ❌ 获取SKU失败: 
没有找到元素。
方法: ele()
参数: {'locator': 'xpath://*[@id="content"]/div[2]/div[1]/div[2]/div[1]/div[2]/div[1]/div[2]', 'index': 1, 'timeout': 10}
版本: 4.1.1.2
2026-04-08 08:05:48,305 | INFO | ali1688_goods_monitor |    ⏳ 等待 1.2 秒后继续...
2026-04-08 08:05:49,546 | INFO | ali1688_goods_monitor | 🔍 [227/269] 获取SKU: https://detail.1688.com/offer/629652629026.html
2026-04-08 08:06:11,860 | ERROR | ali1688_goods_monitor |    ❌ 获取SKU失败: 
没有找到元素。
方法: ele()
参数: {'locator': 'xpath://*[@id="content"]/div[2]/div[1]/div[2]/div[1]/div[2]/div[1]/div[2]', 'index': 1, 'timeout': 10}
版本: 4.1.1.2
2026-04-08 08:06:11,860 | INFO | ali1688_goods_monitor |    ⏳ 等待 1.6 秒后继续...
2026-04-08 08:06:13,460 | INFO | ali1688_goods_monitor | 🔍 [228/269] 获取SKU: https://detail.1688.com/offer/634658078975.html
2026-04-08 08:06:36,288 | ERROR | ali1688_goods_monitor |    ❌ 获取SKU失败: 
没有找到元素。
方法: ele()
参数: {'locator': 'xpath://*[@id="content"]/div[2]/div[1]/div[2]/div[1]/div[2]/div[1]/div[2]', 'index': 1, 'timeout': 10}
版本: 4.1.1.2
2026-04-08 08:06:36,289 | INFO | ali1688_goods_monitor |    ⏳ 等待 1.1 秒后继续...
2026-04-08 08:06:37,436 | INFO | ali1688_goods_monitor | 🔍 [229/269] 获取SKU: https://detail.1688.com/offer/1035850540780.html
2026-04-08 08:06:59,790 | ERROR | ali1688_goods_monitor |    ❌ 获取SKU失败: 
没有找到元素。
方法: ele()
参数: {'locator': 'xpath://*[@id="content"]/div[2]/div[1]/div[2]/div[1]/div[2]/div[1]/div[2]', 'index': 1, 'timeout': 10}
版本: 4.1.1.2
2026-04-08 08:06:59,791 | INFO | ali1688_goods_monitor |    ⏳ 等待 1.7 秒后继续...
2026-04-08 08:07:01,554 | INFO | ali1688_goods_monitor | 🔍 [230/269] 获取SKU: https://detail.1688.com/offer/847993548322.html
2026-04-08 08:07:24,201 | ERROR | ali1688_goods_monitor |    ❌ 获取SKU失败: 
没有找到元素。
方法: ele()
参数: {'locator': 'xpath://*[@id="content"]/div[2]/div[1]/div[2]/div[1]/div[2]/div[1]/div[2]', 'index': 1, 'timeout': 10}
版本: 4.1.1.2
2026-04-08 08:07:24,202 | INFO | ali1688_goods_monitor |    ⏳ 等待 1.5 秒后继续...
2026-04-08 08:07:25,692 | INFO | ali1688_goods_monitor | 🔍 [231/269] 获取SKU: https://detail.1688.com/offer/1013917249205.html
2026-04-08 08:07:48,170 | ERROR | ali1688_goods_monitor |    ❌ 获取SKU失败: 
没有找到元素。
方法: ele()
参数: {'locator': 'xpath://*[@id="content"]/div[2]/div[1]/div[2]/div[1]/div[2]/div[1]/div[2]', 'index': 1, 'timeout': 10}
版本: 4.1.1.2
2026-04-08 08:07:48,170 | INFO | ali1688_goods_monitor |    ⏳ 等待 1.7 秒后继续...
2026-04-08 08:07:49,850 | INFO | ali1688_goods_monitor | 🔍 [232/269] 获取SKU: https://detail.1688.com/offer/1033404841463.html
2026-04-08 08:08:12,232 | ERROR | ali1688_goods_monitor |    ❌ 获取SKU失败: 
没有找到元素。
方法: ele()
参数: {'locator': 'xpath://*[@id="content"]/div[2]/div[1]/div[2]/div[1]/div[2]/div[1]/div[2]', 'index': 1, 'timeout': 10}
版本: 4.1.1.2
2026-04-08 08:08:12,232 | INFO | ali1688_goods_monitor |    ⏳ 等待 1.8 秒后继续...
2026-04-08 08:08:14,026 | INFO | ali1688_goods_monitor | 🔍 [233/269] 获取SKU: https://detail.1688.com/offer/1001279554121.html
2026-04-08 08:08:36,428 | ERROR | ali1688_goods_monitor |    ❌ 获取SKU失败: 
没有找到元素。
方法: ele()
参数: {'locator': 'xpath://*[@id="content"]/div[2]/div[1]/div[2]/div[1]/div[2]/div[1]/div[2]', 'index': 1, 'timeout': 10}
版本: 4.1.1.2
2026-04-08 08:08:36,429 | INFO | ali1688_goods_monitor |    ⏳ 等待 2.2 秒后继续...
2026-04-08 08:08:38,620 | INFO | ali1688_goods_monitor | 🔍 [234/269] 获取SKU: https://detail.1688.com/offer/726064645781.html
2026-04-08 08:09:01,193 | ERROR | ali1688_goods_monitor |    ❌ 获取SKU失败: 
没有找到元素。
方法: ele()
参数: {'locator': 'xpath://*[@id="content"]/div[2]/div[1]/div[2]/div[1]/div[2]/div[1]/div[2]', 'index': 1, 'timeout': 10}
版本: 4.1.1.2
2026-04-08 08:09:01,193 | INFO | ali1688_goods_monitor |    ⏳ 等待 1.9 秒后继续...
2026-04-08 08:09:03,091 | INFO | ali1688_goods_monitor | 🔍 [235/269] 获取SKU: https://detail.1688.com/offer/1024421346400.html
2026-04-08 08:09:25,917 | ERROR | ali1688_goods_monitor |    ❌ 获取SKU失败: 
没有找到元素。
方法: ele()
参数: {'locator': 'xpath://*[@id="content"]/div[2]/div[1]/div[2]/div[1]/div[2]/div[1]/div[2]', 'index': 1, 'timeout': 10}
版本: 4.1.1.2
2026-04-08 08:09:25,917 | INFO | ali1688_goods_monitor |    ⏳ 等待 2.1 秒后继续...
2026-04-08 08:09:27,996 | INFO | ali1688_goods_monitor | 🔍 [236/269] 获取SKU: https://detail.1688.com/offer/809233523760.html
2026-04-08 08:09:50,099 | ERROR | ali1688_goods_monitor |    ❌ 获取SKU失败: 
没有找到元素。
方法: ele()
参数: {'locator': 'xpath://*[@id="content"]/div[2]/div[1]/div[2]/div[1]/div[2]/div[1]/div[2]', 'index': 1, 'timeout': 10}
版本: 4.1.1.2
2026-04-08 08:09:50,099 | INFO | ali1688_goods_monitor |    ⏳ 等待 1.0 秒后继续...
2026-04-08 08:09:51,136 | INFO | ali1688_goods_monitor | 🔍 [237/269] 获取SKU: https://detail.1688.com/offer/929103621035.html
2026-04-08 08:10:13,544 | ERROR | ali1688_goods_monitor |    ❌ 获取SKU失败: 
没有找到元素。
方法: ele()
参数: {'locator': 'xpath://*[@id="content"]/div[2]/div[1]/div[2]/div[1]/div[2]/div[1]/div[2]', 'index': 1, 'timeout': 10}
版本: 4.1.1.2
2026-04-08 08:10:13,544 | INFO | ali1688_goods_monitor |    ⏳ 等待 1.8 秒后继续...
2026-04-08 08:10:15,305 | INFO | ali1688_goods_monitor | 🔍 [238/269] 获取SKU: https://detail.1688.com/offer/847969236799.html
2026-04-08 08:10:37,816 | ERROR | ali1688_goods_monitor |    ❌ 获取SKU失败: 
没有找到元素。
方法: ele()
参数: {'locator': 'xpath://*[@id="content"]/div[2]/div[1]/div[2]/div[1]/div[2]/div[1]/div[2]', 'index': 1, 'timeout': 10}
版本: 4.1.1.2
2026-04-08 08:10:37,816 | INFO | ali1688_goods_monitor |    ⏳ 等待 2.2 秒后继续...
2026-04-08 08:10:40,008 | INFO | ali1688_goods_monitor | 🔍 [239/269] 获取SKU: https://detail.1688.com/offer/990425215638.html
2026-04-08 08:11:02,297 | ERROR | ali1688_goods_monitor |    ❌ 获取SKU失败: 
没有找到元素。
方法: ele()
参数: {'locator': 'xpath://*[@id="content"]/div[2]/div[1]/div[2]/div[1]/div[2]/div[1]/div[2]', 'index': 1, 'timeout': 10}
版本: 4.1.1.2
2026-04-08 08:11:02,298 | INFO | ali1688_goods_monitor |    ⏳ 等待 1.8 秒后继续...
2026-04-08 08:11:04,061 | INFO | ali1688_goods_monitor | 🔍 [240/269] 获取SKU: https://detail.1688.com/offer/858007859516.html
2026-04-08 08:11:26,521 | ERROR | ali1688_goods_monitor |    ❌ 获取SKU失败: 
没有找到元素。
方法: ele()
参数: {'locator': 'xpath://*[@id="content"]/div[2]/div[1]/div[2]/div[1]/div[2]/div[1]/div[2]', 'index': 1, 'timeout': 10}
版本: 4.1.1.2
2026-04-08 08:11:26,521 | INFO | ali1688_goods_monitor |    ⏳ 等待 1.2 秒后继续...
2026-04-08 08:11:27,771 | INFO | ali1688_goods_monitor | 🔍 [241/269] 获取SKU: https://detail.1688.com/offer/969646541226.html
2026-04-08 08:11:49,960 | ERROR | ali1688_goods_monitor |    ❌ 获取SKU失败: 
没有找到元素。
方法: ele()
参数: {'locator': 'xpath://*[@id="content"]/div[2]/div[1]/div[2]/div[1]/div[2]/div[1]/div[2]', 'index': 1, 'timeout': 10}
版本: 4.1.1.2
2026-04-08 08:11:49,960 | INFO | ali1688_goods_monitor |    ⏳ 等待 1.4 秒后继续...
2026-04-08 08:11:51,389 | INFO | ali1688_goods_monitor | 🔍 [242/269] 获取SKU: https://detail.1688.com/offer/952896839032.html
2026-04-08 08:12:13,641 | ERROR | ali1688_goods_monitor |    ❌ 获取SKU失败: 
没有找到元素。
方法: ele()
参数: {'locator': 'xpath://*[@id="content"]/div[2]/div[1]/div[2]/div[1]/div[2]/div[1]/div[2]', 'index': 1, 'timeout': 10}
版本: 4.1.1.2
2026-04-08 08:12:13,641 | INFO | ali1688_goods_monitor |    ⏳ 等待 1.1 秒后继续...
2026-04-08 08:12:14,755 | INFO | ali1688_goods_monitor | 🔍 [243/269] 获取SKU: https://detail.1688.com/offer/990589043915.html
2026-04-08 08:12:37,059 | ERROR | ali1688_goods_monitor |    ❌ 获取SKU失败: 
没有找到元素。
方法: ele()
参数: {'locator': 'xpath://*[@id="content"]/div[2]/div[1]/div[2]/div[1]/div[2]/div[1]/div[2]', 'index': 1, 'timeout': 10}
版本: 4.1.1.2
2026-04-08 08:12:37,060 | INFO | ali1688_goods_monitor |    ⏳ 等待 1.4 秒后继续...
2026-04-08 08:12:38,452 | INFO | ali1688_goods_monitor | 🔍 [244/269] 获取SKU: https://detail.1688.com/offer/727364044091.html
2026-04-08 08:13:01,160 | ERROR | ali1688_goods_monitor |    ❌ 获取SKU失败: 
没有找到元素。
方法: ele()
参数: {'locator': 'xpath://*[@id="content"]/div[2]/div[1]/div[2]/div[1]/div[2]/div[1]/div[2]', 'index': 1, 'timeout': 10}
版本: 4.1.1.2
2026-04-08 08:13:01,160 | INFO | ali1688_goods_monitor |    ⏳ 等待 1.8 秒后继续...
2026-04-08 08:13:02,988 | INFO | ali1688_goods_monitor | 🔍 [245/269] 获取SKU: https://detail.1688.com/offer/795861191445.html
2026-04-08 08:13:25,403 | ERROR | ali1688_goods_monitor |    ❌ 获取SKU失败: 
没有找到元素。
方法: ele()
参数: {'locator': 'xpath://*[@id="content"]/div[2]/div[1]/div[2]/div[1]/div[2]/div[1]/div[2]', 'index': 1, 'timeout': 10}
版本: 4.1.1.2
2026-04-08 08:13:25,403 | INFO | ali1688_goods_monitor |    ⏳ 等待 1.3 秒后继续...
2026-04-08 08:13:26,694 | INFO | ali1688_goods_monitor | 🔍 [246/269] 获取SKU: https://detail.1688.com/offer/974035321584.html
2026-04-08 08:13:49,278 | ERROR | ali1688_goods_monitor |    ❌ 获取SKU失败: 
没有找到元素。
方法: ele()
参数: {'locator': 'xpath://*[@id="content"]/div[2]/div[1]/div[2]/div[1]/div[2]/div[1]/div[2]', 'index': 1, 'timeout': 10}
版本: 4.1.1.2
2026-04-08 08:13:49,279 | INFO | ali1688_goods_monitor |    ⏳ 等待 2.2 秒后继续...
2026-04-08 08:13:51,534 | INFO | ali1688_goods_monitor | 🔍 [247/269] 获取SKU: https://detail.1688.com/offer/658391484708.html
2026-04-08 08:14:13,989 | ERROR | ali1688_goods_monitor |    ❌ 获取SKU失败: 
没有找到元素。
方法: ele()
参数: {'locator': 'xpath://*[@id="content"]/div[2]/div[1]/div[2]/div[1]/div[2]/div[1]/div[2]', 'index': 1, 'timeout': 10}
版本: 4.1.1.2
2026-04-08 08:14:13,989 | INFO | ali1688_goods_monitor |    ⏳ 等待 1.1 秒后继续...
2026-04-08 08:14:15,115 | INFO | ali1688_goods_monitor | 🔍 [248/269] 获取SKU: https://detail.1688.com/offer/970781028572.html
2026-04-08 08:14:37,336 | ERROR | ali1688_goods_monitor |    ❌ 获取SKU失败: 
没有找到元素。
方法: ele()
参数: {'locator': 'xpath://*[@id="content"]/div[2]/div[1]/div[2]/div[1]/div[2]/div[1]/div[2]', 'index': 1, 'timeout': 10}
版本: 4.1.1.2
2026-04-08 08:14:37,337 | INFO | ali1688_goods_monitor |    ⏳ 等待 2.5 秒后继续...
2026-04-08 08:14:39,838 | INFO | ali1688_goods_monitor | 🔍 [249/269] 获取SKU: https://detail.1688.com/offer/728364497329.html
2026-04-08 08:15:02,377 | ERROR | ali1688_goods_monitor |    ❌ 获取SKU失败: 
没有找到元素。
方法: ele()
参数: {'locator': 'xpath://*[@id="content"]/div[2]/div[1]/div[2]/div[1]/div[2]/div[1]/div[2]', 'index': 1, 'timeout': 10}
版本: 4.1.1.2
2026-04-08 08:15:02,378 | INFO | ali1688_goods_monitor |    ⏳ 等待 1.7 秒后继续...
2026-04-08 08:15:04,071 | INFO | ali1688_goods_monitor | 🔍 [250/269] 获取SKU: https://detail.1688.com/offer/622513415473.html
2026-04-08 08:15:26,687 | ERROR | ali1688_goods_monitor |    ❌ 获取SKU失败: 
没有找到元素。
方法: ele()
参数: {'locator': 'xpath://*[@id="content"]/div[2]/div[1]/div[2]/div[1]/div[2]/div[1]/div[2]', 'index': 1, 'timeout': 10}
版本: 4.1.1.2
2026-04-08 08:15:26,687 | INFO | ali1688_goods_monitor |    ⏳ 等待 2.4 秒后继续...
2026-04-08 08:15:29,104 | INFO | ali1688_goods_monitor | 🔍 [251/269] 获取SKU: https://detail.1688.com/offer/1001391447719.html
2026-04-08 08:15:51,586 | ERROR | ali1688_goods_monitor |    ❌ 获取SKU失败: 
没有找到元素。
方法: ele()
参数: {'locator': 'xpath://*[@id="content"]/div[2]/div[1]/div[2]/div[1]/div[2]/div[1]/div[2]', 'index': 1, 'timeout': 10}
版本: 4.1.1.2
2026-04-08 08:15:51,587 | INFO | ali1688_goods_monitor |    ⏳ 等待 1.1 秒后继续...
2026-04-08 08:15:52,746 | INFO | ali1688_goods_monitor | 🔍 [252/269] 获取SKU: https://detail.1688.com/offer/687729432138.html
2026-04-08 08:16:15,239 | ERROR | ali1688_goods_monitor |    ❌ 获取SKU失败: 
没有找到元素。
方法: ele()
参数: {'locator': 'xpath://*[@id="content"]/div[2]/div[1]/div[2]/div[1]/div[2]/div[1]/div[2]', 'index': 1, 'timeout': 10}
版本: 4.1.1.2
2026-04-08 08:16:15,240 | INFO | ali1688_goods_monitor |    ⏳ 等待 1.1 秒后继续...
2026-04-08 08:16:16,309 | INFO | ali1688_goods_monitor | 🔍 [253/269] 获取SKU: https://detail.1688.com/offer/894449366946.html
2026-04-08 08:16:39,044 | ERROR | ali1688_goods_monitor |    ❌ 获取SKU失败: 
没有找到元素。
方法: ele()
参数: {'locator': 'xpath://*[@id="content"]/div[2]/div[1]/div[2]/div[1]/div[2]/div[1]/div[2]', 'index': 1, 'timeout': 10}
版本: 4.1.1.2
2026-04-08 08:16:39,045 | INFO | ali1688_goods_monitor |    ⏳ 等待 1.7 秒后继续...
2026-04-08 08:16:40,731 | INFO | ali1688_goods_monitor | 🔍 [254/269] 获取SKU: https://detail.1688.com/offer/1031855101004.html
2026-04-08 08:17:03,056 | ERROR | ali1688_goods_monitor |    ❌ 获取SKU失败: 
没有找到元素。
方法: ele()
参数: {'locator': 'xpath://*[@id="content"]/div[2]/div[1]/div[2]/div[1]/div[2]/div[1]/div[2]', 'index': 1, 'timeout': 10}
版本: 4.1.1.2
2026-04-08 08:17:03,057 | INFO | ali1688_goods_monitor |    ⏳ 等待 1.6 秒后继续...
2026-04-08 08:17:04,640 | INFO | ali1688_goods_monitor | 🔍 [255/269] 获取SKU: https://detail.1688.com/offer/775392792723.html
2026-04-08 08:17:27,157 | ERROR | ali1688_goods_monitor |    ❌ 获取SKU失败: 
没有找到元素。
方法: ele()
参数: {'locator': 'xpath://*[@id="content"]/div[2]/div[1]/div[2]/div[1]/div[2]/div[1]/div[2]', 'index': 1, 'timeout': 10}
版本: 4.1.1.2
2026-04-08 08:17:27,157 | INFO | ali1688_goods_monitor |    ⏳ 等待 2.1 秒后继续...
2026-04-08 08:17:29,225 | INFO | ali1688_goods_monitor | 🔍 [256/269] 获取SKU: https://detail.1688.com/offer/734549030910.html
2026-04-08 08:17:51,771 | ERROR | ali1688_goods_monitor |    ❌ 获取SKU失败: 
没有找到元素。
方法: ele()
参数: {'locator': 'xpath://*[@id="content"]/div[2]/div[1]/div[2]/div[1]/div[2]/div[1]/div[2]', 'index': 1, 'timeout': 10}
版本: 4.1.1.2
2026-04-08 08:17:51,771 | INFO | ali1688_goods_monitor |    ⏳ 等待 1.2 秒后继续...
2026-04-08 08:17:52,975 | INFO | ali1688_goods_monitor | 🔍 [257/269] 获取SKU: https://detail.1688.com/offer/713699292120.html
2026-04-08 08:18:15,412 | ERROR | ali1688_goods_monitor |    ❌ 获取SKU失败: 
没有找到元素。
方法: ele()
参数: {'locator': 'xpath://*[@id="content"]/div[2]/div[1]/div[2]/div[1]/div[2]/div[1]/div[2]', 'index': 1, 'timeout': 10}
版本: 4.1.1.2
2026-04-08 08:18:15,413 | INFO | ali1688_goods_monitor |    ⏳ 等待 2.1 秒后继续...
2026-04-08 08:18:17,534 | INFO | ali1688_goods_monitor | 🔍 [258/269] 获取SKU: https://detail.1688.com/offer/621194315291.html
2026-04-08 08:18:39,753 | ERROR | ali1688_goods_monitor |    ❌ 获取SKU失败: 
没有找到元素。
方法: ele()
参数: {'locator': 'xpath://*[@id="content"]/div[2]/div[1]/div[2]/div[1]/div[2]/div[1]/div[2]', 'index': 1, 'timeout': 10}
版本: 4.1.1.2
2026-04-08 08:18:39,754 | INFO | ali1688_goods_monitor |    ⏳ 等待 1.4 秒后继续...
2026-04-08 08:18:41,120 | INFO | ali1688_goods_monitor | 🔍 [259/269] 获取SKU: https://detail.1688.com/offer/927867865604.html
2026-04-08 08:19:03,588 | ERROR | ali1688_goods_monitor |    ❌ 获取SKU失败: 
没有找到元素。
方法: ele()
参数: {'locator': 'xpath://*[@id="content"]/div[2]/div[1]/div[2]/div[1]/div[2]/div[1]/div[2]', 'index': 1, 'timeout': 10}
版本: 4.1.1.2
2026-04-08 08:19:03,588 | INFO | ali1688_goods_monitor |    ⏳ 等待 1.9 秒后继续...
2026-04-08 08:19:05,506 | INFO | ali1688_goods_monitor | 🔍 [260/269] 获取SKU: https://detail.1688.com/offer/854259763574.html
2026-04-08 08:19:27,743 | ERROR | ali1688_goods_monitor |    ❌ 获取SKU失败: 
没有找到元素。
方法: ele()
参数: {'locator': 'xpath://*[@id="content"]/div[2]/div[1]/div[2]/div[1]/div[2]/div[1]/div[2]', 'index': 1, 'timeout': 10}
版本: 4.1.1.2
2026-04-08 08:19:27,743 | INFO | ali1688_goods_monitor |    ⏳ 等待 1.5 秒后继续...
2026-04-08 08:19:29,287 | INFO | ali1688_goods_monitor | 🔍 [261/269] 获取SKU: https://detail.1688.com/offer/750175006113.html
2026-04-08 08:19:51,538 | ERROR | ali1688_goods_monitor |    ❌ 获取SKU失败: 
没有找到元素。
方法: ele()
参数: {'locator': 'xpath://*[@id="content"]/div[2]/div[1]/div[2]/div[1]/div[2]/div[1]/div[2]', 'index': 1, 'timeout': 10}
版本: 4.1.1.2
2026-04-08 08:19:51,539 | INFO | ali1688_goods_monitor |    ⏳ 等待 2.1 秒后继续...
2026-04-08 08:19:53,609 | INFO | ali1688_goods_monitor | 🔍 [262/269] 获取SKU: https://detail.1688.com/offer/751554304142.html
2026-04-08 08:20:16,227 | ERROR | ali1688_goods_monitor |    ❌ 获取SKU失败: 
没有找到元素。
方法: ele()
参数: {'locator': 'xpath://*[@id="content"]/div[2]/div[1]/div[2]/div[1]/div[2]/div[1]/div[2]', 'index': 1, 'timeout': 10}
版本: 4.1.1.2
2026-04-08 08:20:16,228 | INFO | ali1688_goods_monitor |    ⏳ 等待 2.3 秒后继续...
2026-04-08 08:20:18,565 | INFO | ali1688_goods_monitor | 🔍 [263/269] 获取SKU: https://detail.1688.com/offer/947764418500.html
2026-04-08 08:20:40,874 | ERROR | ali1688_goods_monitor |    ❌ 获取SKU失败: 
没有找到元素。
方法: ele()
参数: {'locator': 'xpath://*[@id="content"]/div[2]/div[1]/div[2]/div[1]/div[2]/div[1]/div[2]', 'index': 1, 'timeout': 10}
版本: 4.1.1.2
2026-04-08 08:20:40,875 | INFO | ali1688_goods_monitor |    ⏳ 等待 1.5 秒后继续...
2026-04-08 08:20:42,413 | INFO | ali1688_goods_monitor | 🔍 [264/269] 获取SKU: https://detail.1688.com/offer/954152497198.html
2026-04-08 08:21:04,981 | ERROR | ali1688_goods_monitor |    ❌ 获取SKU失败: 
没有找到元素。
方法: ele()
参数: {'locator': 'xpath://*[@id="content"]/div[2]/div[1]/div[2]/div[1]/div[2]/div[1]/div[2]', 'index': 1, 'timeout': 10}
版本: 4.1.1.2
2026-04-08 08:21:04,982 | INFO | ali1688_goods_monitor |    ⏳ 等待 2.2 秒后继续...
2026-04-08 08:21:07,193 | INFO | ali1688_goods_monitor | 🔍 [265/269] 获取SKU: https://detail.1688.com/offer/857784361057.html
2026-04-08 08:21:29,545 | ERROR | ali1688_goods_monitor |    ❌ 获取SKU失败: 
没有找到元素。
方法: ele()
参数: {'locator': 'xpath://*[@id="content"]/div[2]/div[1]/div[2]/div[1]/div[2]/div[1]/div[2]', 'index': 1, 'timeout': 10}
版本: 4.1.1.2
2026-04-08 08:21:29,545 | INFO | ali1688_goods_monitor |    ⏳ 等待 2.2 秒后继续...
2026-04-08 08:21:31,776 | INFO | ali1688_goods_monitor | 🔍 [266/269] 获取SKU: https://detail.1688.com/offer/963819028092.html
2026-04-08 08:21:54,317 | ERROR | ali1688_goods_monitor |    ❌ 获取SKU失败: 
没有找到元素。
方法: ele()
参数: {'locator': 'xpath://*[@id="content"]/div[2]/div[1]/div[2]/div[1]/div[2]/div[1]/div[2]', 'index': 1, 'timeout': 10}
版本: 4.1.1.2
2026-04-08 08:21:54,319 | INFO | ali1688_goods_monitor |    ⏳ 等待 1.5 秒后继续...
2026-04-08 08:21:55,870 | INFO | ali1688_goods_monitor | 🔍 [267/269] 获取SKU: https://detail.1688.com/offer/982635289066.html
2026-04-08 08:22:18,622 | ERROR | ali1688_goods_monitor |    ❌ 获取SKU失败: 
没有找到元素。
方法: ele()
参数: {'locator': 'xpath://*[@id="content"]/div[2]/div[1]/div[2]/div[1]/div[2]/div[1]/div[2]', 'index': 1, 'timeout': 10}
版本: 4.1.1.2
2026-04-08 08:22:18,623 | INFO | ali1688_goods_monitor |    ⏳ 等待 1.8 秒后继续...
2026-04-08 08:22:20,470 | INFO | ali1688_goods_monitor | 🔍 [268/269] 获取SKU: https://detail.1688.com/offer/863983065199.html
2026-04-08 08:22:43,064 | ERROR | ali1688_goods_monitor |    ❌ 获取SKU失败: 
没有找到元素。
方法: ele()
参数: {'locator': 'xpath://*[@id="content"]/div[2]/div[1]/div[2]/div[1]/div[2]/div[1]/div[2]', 'index': 1, 'timeout': 10}
版本: 4.1.1.2
2026-04-08 08:22:43,064 | INFO | ali1688_goods_monitor |    ⏳ 等待 1.6 秒后继续...
2026-04-08 08:22:44,681 | INFO | ali1688_goods_monitor | 🔍 [269/269] 获取SKU: https://detail.1688.com/offer/999695394272.html
2026-04-08 08:23:07,188 | ERROR | ali1688_goods_monitor |    ❌ 获取SKU失败: 
没有找到元素。
方法: ele()
参数: {'locator': 'xpath://*[@id="content"]/div[2]/div[1]/div[2]/div[1]/div[2]/div[1]/div[2]', 'index': 1, 'timeout': 10}
版本: 4.1.1.2
2026-04-08 08:23:07,188 | INFO | ali1688_goods_monitor | ============================================================
2026-04-08 08:23:07,189 | INFO | ali1688_goods_monitor | ✅ SKU获取完成，共获取 0 个SKU
2026-04-08 08:23:07,189 | INFO | ali1688_goods_monitor | ============================================================
2026-04-08 08:23:07,189 | INFO | ali1688_goods_monitor | 🔚 关闭SKU获取浏览器...
2026-04-08 08:23:08,310 | INFO | ali1688_goods_monitor | 📋 获取到的SKU信息 (共 0 条):
2026-04-08 08:23:08,325 | INFO | ali1688_goods_monitor | ============================================================
2026-04-08 08:23:08,328 | INFO | ali1688_goods_monitor | 🔍 检测SKU变化...
2026-04-08 08:23:08,328 | INFO | ali1688_goods_monitor | ============================================================
2026-04-08 08:23:08,329 | INFO | ali1688_goods_monitor | 💾 保存SKU数据到数据库...
2026-04-08 08:23:08,329 | INFO | ali1688_goods_monitor | 🎉 第二阶段完成，共获取并保存 0 个SKU信息
2026-04-08 08:23:08,371 | INFO | ali1688_goods_monitor | 📊 总计：269 个商品，0 个SKU
2026-04-08 08:23:10,943 | INFO | ali1688_goods_monitor | 浏览器已关闭
2026-04-08 08:23:10,944 | INFO | ali1688_goods_monitor | 🔍 从数据库查询今天的变化记录...
2026-04-08 08:23:10,969 | INFO | ali1688_goods_monitor | ✅ 今天没有变化数据
2026-04-08 08:23:10,969 | INFO | ali1688_goods_monitor | 📤 上传今天爬取的所有数据到钉钉文档...
2026-04-08 08:23:10,991 | INFO | ali1688_goods_monitor | 准备上传 269 条记录...
2026-04-08 08:23:22,458 | INFO | ali1688_goods_monitor | 
上传统计:
2026-04-08 08:23:22,459 | INFO | ali1688_goods_monitor | 总记录数: 269
2026-04-08 08:23:22,459 | INFO | ali1688_goods_monitor | 成功数量: 269
2026-04-08 08:23:22,459 | INFO | ali1688_goods_monitor | 失败数量: 0
2026-04-08 08:23:22,459 | INFO | ali1688_goods_monitor | 成功批次: 6
2026-04-08 08:23:22,460 | INFO | ali1688_goods_monitor | 失败批次: 0
2026-04-08 08:23:22,460 | INFO | ali1688_goods_monitor | 📤 已上传 269 个商品数据到钉钉
2026-04-08 08:23:22,481 | INFO | ali1688_goods_monitor | 🎯 全流程完成，总耗时：113分19秒
2026-04-08 08:23:22,481 | INFO | ali1688_goods_monitor | 📊 统计：今天共爬取 269 个商品，0 个SKU
2026-04-08 08:23:22,482 | INFO | ali1688_goods_monitor | 📊 变化统计：0 个商品发生变化，0 个SKU发生变化
2026-04-08 08:23:23,154 | INFO | ali1688_goods_monitor | ============================================================
2026-04-08 08:23:23,154 | INFO | ali1688_goods_monitor | ✅ 数据处理完成
2026-04-08 08:23:23,160 | INFO | ali1688_goods_monitor | ============================================================
2026-04-08 09:06:39,991 | INFO | ali1688_goods_monitor | ============================================================
2026-04-08 09:06:39,992 | INFO | ali1688_goods_monitor | 🚀 开始1688竞品监控任务
2026-04-08 09:06:39,992 | INFO | ali1688_goods_monitor | ============================================================
2026-04-08 09:06:41,569 | INFO | ali1688_goods_monitor | 浏览器初始化成功
2026-04-08 09:06:56,028 | INFO | ali1688_goods_monitor | 📦 共找到 275 个商品ID，将分批查询（每批10个）
2026-04-08 09:07:04,059 | INFO | ali1688_goods_monitor | ❎ 已关闭引导弹窗2
2026-04-08 09:07:04,595 | INFO | ali1688_goods_monitor | ============================================================
2026-04-08 09:07:04,595 | INFO | ali1688_goods_monitor | 📊 第一阶段：获取商品基本信息
2026-04-08 09:07:04,595 | INFO | ali1688_goods_monitor | ============================================================
2026-04-08 09:07:04,595 | INFO | ali1688_goods_monitor | 🔍 处理第 1/14 批，共 20 个商品
2026-04-08 09:07:04,595 | INFO | ali1688_goods_monitor | 📋 商品ID: 971080031926、968280048908、943395574791、833661915665、982634945037、1016515592011、979203908708、835170979856、971037620206、1003272185431、617837580726、1005984550667、807432916292、928700805986、1040782952704、903613869442、1026068947837、954713432833、798059727032、812259607012
2026-04-08 09:07:04,595 | INFO | ali1688_goods_monitor | 🧩 选择搜索方式: 商品ID
2026-04-08 09:07:05,057 | INFO | ali1688_goods_monitor | 搜索的商品id是:971080031926、968280048908、943395574791、833661915665、982634945037、1016515592011、979203908708、835170979856、971037620206、1003272185431、617837580726、1005984550667、807432916292、928700805986、1040782952704、903613869442、1026068947837、954713432833、798059727032、812259607012
2026-04-08 09:07:06,171 | INFO | ali1688_goods_monitor | ✅ 第 1 批筛选条件已设置
2026-04-08 09:07:09,174 | INFO | ali1688_goods_monitor | 开始获取商品:971080031926、968280048908、943395574791、833661915665、982634945037、1016515592011、979203908708、835170979856、971037620206、1003272185431、617837580726、1005984550667、807432916292、928700805986、1040782952704、903613869442、1026068947837、954713432833、798059727032、812259607012的基本信息
2026-04-08 09:07:09,174 | INFO | ali1688_goods_monitor | ⏳ 等待点击【开始查询】并捕获 offerSearch 接口...
2026-04-08 09:07:09,497 | INFO | ali1688_goods_monitor | 商品列表返回码: 200
2026-04-08 09:07:09,498 | INFO | ali1688_goods_monitor | 🚀 开始捕获商品数据，共 20 个商品
2026-04-08 09:07:09,498 | INFO | ali1688_goods_monitor | ✅ 商品基本信息捕获完成，总耗时: 0.00秒
2026-04-08 09:07:09,498 | INFO | ali1688_goods_monitor |    - 商品数: 20
2026-04-08 09:07:09,498 | INFO | ali1688_goods_monitor | ✅ 第 1 批完成，获取到 20 个商品，0 个SKU
2026-04-08 09:07:09,498 | INFO | ali1688_goods_monitor | 📋 第 1 批商品信息:
2026-04-08 09:07:09,498 | INFO | ali1688_goods_monitor |   1. 商品ID: 903613869442, 店铺: 汕头市龙湖区熹萌喵玩具厂, SKU数: 4
2026-04-08 09:07:09,498 | INFO | ali1688_goods_monitor |   2. 商品ID: 1026068947837, 店铺: 汕头市澄海区力多熊玩具商行, SKU数: 3
2026-04-08 09:07:09,498 | INFO | ali1688_goods_monitor |   3. 商品ID: 968280048908, 店铺: 汕头市澄海区都说好玩具商行, SKU数: 31
2026-04-08 09:07:09,499 | INFO | ali1688_goods_monitor |   4. 商品ID: 1005984550667, 店铺: 汕头市澄海区八匹马玩具厂, SKU数: 36
2026-04-08 09:07:09,499 | INFO | ali1688_goods_monitor |   5. 商品ID: 971080031926, 店铺: 汕头市龙湖区熹萌喵玩具厂, SKU数: 3
2026-04-08 09:07:09,499 | INFO | ali1688_goods_monitor |   6. 商品ID: 617837580726, 店铺: 深圳灿煜玩具有限公司, SKU数: 2
2026-04-08 09:07:09,499 | INFO | ali1688_goods_monitor |   7. 商品ID: 943395574791, 店铺: 东莞市狂蜂狂蚁科技有限公司, SKU数: 1
2026-04-08 09:07:09,499 | INFO | ali1688_goods_monitor |   8. 商品ID: 979203908708, 店铺: 汕头市澄海区多美仕玩具厂, SKU数: 24
2026-04-08 09:07:09,499 | INFO | ali1688_goods_monitor |   9. 商品ID: 807432916292, 店铺: 汕头市澄海区悦优佳玩具厂, SKU数: 24
2026-04-08 09:07:09,499 | INFO | ali1688_goods_monitor |   10. 商品ID: 928700805986, 店铺: 义乌市谷达玩具有限公司, SKU数: 2
2026-04-08 09:07:09,499 | INFO | ali1688_goods_monitor |   11. 商品ID: 971037620206, 店铺: 汕头市澄海区淘琪宝玩具厂, SKU数: 1
2026-04-08 09:07:09,500 | INFO | ali1688_goods_monitor |   12. 商品ID: 1040782952704, 店铺: 义乌市鑫照玩具厂, SKU数: 1
2026-04-08 09:07:09,500 | INFO | ali1688_goods_monitor |   13. 商品ID: 954713432833, 店铺: 汕头市龙湖区熹萌喵玩具厂, SKU数: 2
2026-04-08 09:07:09,500 | INFO | ali1688_goods_monitor |   14. 商品ID: 1016515592011, 店铺: 汕头市澄海区晟耀展玩具厂, SKU数: 4
2026-04-08 09:07:09,500 | INFO | ali1688_goods_monitor |   15. 商品ID: 835170979856, 店铺: 汕头市澄海区土炭玩具商行, SKU数: 10
2026-04-08 09:07:09,500 | INFO | ali1688_goods_monitor |   16. 商品ID: 982634945037, 店铺: 汕头市创爱旺科技有限公司, SKU数: 26
2026-04-08 09:07:09,500 | INFO | ali1688_goods_monitor |   17. 商品ID: 812259607012, 店铺: 汕头市澄海区哈尼兔玩具厂, SKU数: 39
2026-04-08 09:07:09,500 | INFO | ali1688_goods_monitor |   18. 商品ID: 798059727032, 店铺: 汕头市澄海区超慧丰贸易商行, SKU数: 16
2026-04-08 09:07:09,500 | INFO | ali1688_goods_monitor |   19. 商品ID: 1003272185431, 店铺: 义乌市大愚玩具有限公司, SKU数: 5
2026-04-08 09:07:09,500 | INFO | ali1688_goods_monitor |   20. 商品ID: 833661915665, 店铺: 深圳金喜来电子股份有限公司, SKU数: 1
2026-04-08 09:07:09,602 | INFO | ali1688_goods_monitor | 💾 第1/14批：已保存 20 个商品到数据库
2026-04-08 09:07:09,602 | INFO | ali1688_goods_monitor | ⏸️  随机暂停 6.0 秒...
2026-04-08 09:07:15,662 | INFO | ali1688_goods_monitor | 🔄 刷新页面，准备处理第 2 批...
2026-04-08 09:07:19,378 | INFO | ali1688_goods_monitor | ❎ 已关闭引导弹窗3
2026-04-08 09:07:21,912 | INFO | ali1688_goods_monitor | 🔍 处理第 2/14 批，共 20 个商品
2026-04-08 09:07:21,913 | INFO | ali1688_goods_monitor | 📋 商品ID: 1007173826384、991935831793、962746907189、812514770228、907762599791、990409899841、1013037690222、889385901298、1025513853144、969366546749、979396013303、875034473523、590591825369、894936744591、895285249007、970715744477、903636127402、741922490714、776195311997、811139889293
2026-04-08 09:07:21,914 | INFO | ali1688_goods_monitor | 🧩 选择搜索方式: 商品ID
2026-04-08 09:07:22,424 | INFO | ali1688_goods_monitor | 搜索的商品id是:1007173826384、991935831793、962746907189、812514770228、907762599791、990409899841、1013037690222、889385901298、1025513853144、969366546749、979396013303、875034473523、590591825369、894936744591、895285249007、970715744477、903636127402、741922490714、776195311997、811139889293
2026-04-08 09:07:23,524 | INFO | ali1688_goods_monitor | ✅ 第 2 批筛选条件已设置
2026-04-08 09:07:26,537 | INFO | ali1688_goods_monitor | 开始获取商品:1007173826384、991935831793、962746907189、812514770228、907762599791、990409899841、1013037690222、889385901298、1025513853144、969366546749、979396013303、875034473523、590591825369、894936744591、895285249007、970715744477、903636127402、741922490714、776195311997、811139889293的基本信息
2026-04-08 09:07:26,537 | INFO | ali1688_goods_monitor | ⏳ 等待点击【开始查询】并捕获 offerSearch 接口...
2026-04-08 09:07:27,006 | INFO | ali1688_goods_monitor | 商品列表返回码: 200
2026-04-08 09:07:27,006 | INFO | ali1688_goods_monitor | 🚀 开始捕获商品数据，共 19 个商品
2026-04-08 09:07:27,006 | INFO | ali1688_goods_monitor | ✅ 商品基本信息捕获完成，总耗时: 0.00秒
2026-04-08 09:07:27,006 | INFO | ali1688_goods_monitor |    - 商品数: 19
2026-04-08 09:07:27,006 | INFO | ali1688_goods_monitor | ✅ 第 2 批完成，获取到 19 个商品，0 个SKU
2026-04-08 09:07:27,006 | INFO | ali1688_goods_monitor | 📋 第 2 批商品信息:
2026-04-08 09:07:27,006 | INFO | ali1688_goods_monitor |   1. 商品ID: 990409899841, 店铺: 汕头市澄海区泰旭玩具厂, SKU数: 1
2026-04-08 09:07:27,007 | INFO | ali1688_goods_monitor |   2. 商品ID: 1025513853144, 店铺: 汕头市澄海区萌灵娃玩具厂, SKU数: 8
2026-04-08 09:07:27,007 | INFO | ali1688_goods_monitor |   3. 商品ID: 991935831793, 店铺: 温州市鑫筱贸易有限公司, SKU数: 3
2026-04-08 09:07:27,007 | INFO | ali1688_goods_monitor |   4. 商品ID: 907762599791, 店铺: 汕头市澄海区彩帆玩具厂, SKU数: 10
2026-04-08 09:07:27,007 | INFO | ali1688_goods_monitor |   5. 商品ID: 969366546749, 店铺: 汕头市澄海区启超玩具厂, SKU数: 1
2026-04-08 09:07:27,007 | INFO | ali1688_goods_monitor |   6. 商品ID: 741922490714, 店铺: 汕头市俏娃玩具有限公司, SKU数: 2
2026-04-08 09:07:27,007 | INFO | ali1688_goods_monitor |   7. 商品ID: 590591825369, 店铺: 汕头市澄海区翔鹏塑料制品厂, SKU数: 22
2026-04-08 09:07:27,007 | INFO | ali1688_goods_monitor |   8. 商品ID: 776195311997, 店铺: 汕头市澄海区讴艺玩具厂, SKU数: 1
2026-04-08 09:07:27,007 | INFO | ali1688_goods_monitor |   9. 商品ID: 903636127402, 店铺: 义乌市君玖商贸有限公司, SKU数: 3
2026-04-08 09:07:27,007 | INFO | ali1688_goods_monitor |   10. 商品ID: 812514770228, 店铺: 汕头市澄海区栩之羿贸易商行, SKU数: 2
2026-04-08 09:07:27,007 | INFO | ali1688_goods_monitor |   11. 商品ID: 875034473523, 店铺: 汕头市澄海区童积玩具厂, SKU数: 3
2026-04-08 09:07:27,007 | INFO | ali1688_goods_monitor |   12. 商品ID: 1013037690222, 店铺: 潮州市湘桥区星赫玩具厂(个体工商户), SKU数: 1
2026-04-08 09:07:27,007 | INFO | ali1688_goods_monitor |   13. 商品ID: 889385901298, 店铺: 汕头市欧切勒切电子商务有限公司, SKU数: 3
2026-04-08 09:07:27,007 | INFO | ali1688_goods_monitor |   14. 商品ID: 979396013303, 店铺: 汕头市澄海区很多人玩具商行, SKU数: 1
2026-04-08 09:07:27,007 | INFO | ali1688_goods_monitor |   15. 商品ID: 962746907189, 店铺: 汕头市龙湖区熹萌喵玩具厂, SKU数: 4
2026-04-08 09:07:27,007 | INFO | ali1688_goods_monitor |   16. 商品ID: 895285249007, 店铺: 汕头市澄海区雅尚腾玩具厂(个体工商户), SKU数: 36
2026-04-08 09:07:27,007 | INFO | ali1688_goods_monitor |   17. 商品ID: 894936744591, 店铺: 汕头市澄海区启跃玩具厂, SKU数: 16
2026-04-08 09:07:27,007 | INFO | ali1688_goods_monitor |   18. 商品ID: 970715744477, 店铺: 汕头市澄海区永志玩具商行, SKU数: 1
2026-04-08 09:07:27,007 | INFO | ali1688_goods_monitor |   19. 商品ID: 811139889293, 店铺: 义乌市孟享贸易有限公司, SKU数: 8
2026-04-08 09:07:27,147 | INFO | ali1688_goods_monitor | 💾 第2/14批：已保存 19 个商品到数据库
2026-04-08 09:07:27,147 | INFO | ali1688_goods_monitor | ⏸️  随机暂停 3.1 秒...
2026-04-08 09:07:30,221 | INFO | ali1688_goods_monitor | 🔄 刷新页面，准备处理第 3 批...
2026-04-08 09:07:36,622 | INFO | ali1688_goods_monitor | 🔍 处理第 3/14 批，共 20 个商品
2026-04-08 09:07:36,622 | INFO | ali1688_goods_monitor | 📋 商品ID: 950726478383、970377098770、1000398364752、628617576125、998051010590、856805654657、677709968233、992071730825、799083276279、976178977054、902961760235、900967422750、994662909434、681658732090、847794753111、992251601092、951035484615、826873938709、677301391721、847495122732
2026-04-08 09:07:36,623 | INFO | ali1688_goods_monitor | 🧩 选择搜索方式: 商品ID
2026-04-08 09:07:37,123 | INFO | ali1688_goods_monitor | 搜索的商品id是:950726478383、970377098770、1000398364752、628617576125、998051010590、856805654657、677709968233、992071730825、799083276279、976178977054、902961760235、900967422750、994662909434、681658732090、847794753111、992251601092、951035484615、826873938709、677301391721、847495122732
2026-04-08 09:07:38,227 | INFO | ali1688_goods_monitor | ✅ 第 3 批筛选条件已设置
2026-04-08 09:07:41,242 | INFO | ali1688_goods_monitor | 开始获取商品:950726478383、970377098770、1000398364752、628617576125、998051010590、856805654657、677709968233、992071730825、799083276279、976178977054、902961760235、900967422750、994662909434、681658732090、847794753111、992251601092、951035484615、826873938709、677301391721、847495122732的基本信息
2026-04-08 09:07:41,242 | INFO | ali1688_goods_monitor | ⏳ 等待点击【开始查询】并捕获 offerSearch 接口...
2026-04-08 09:07:42,018 | INFO | ali1688_goods_monitor | 商品列表返回码: 200
2026-04-08 09:07:42,018 | INFO | ali1688_goods_monitor | 🚀 开始捕获商品数据，共 20 个商品
2026-04-08 09:07:42,018 | INFO | ali1688_goods_monitor | ✅ 商品基本信息捕获完成，总耗时: 0.00秒
2026-04-08 09:07:42,018 | INFO | ali1688_goods_monitor |    - 商品数: 20
2026-04-08 09:07:42,018 | INFO | ali1688_goods_monitor | ✅ 第 3 批完成，获取到 20 个商品，0 个SKU
2026-04-08 09:07:42,018 | INFO | ali1688_goods_monitor | 📋 第 3 批商品信息:
2026-04-08 09:07:42,018 | INFO | ali1688_goods_monitor |   1. 商品ID: 677301391721, 店铺: 汕头市澄海区海棠玩具厂, SKU数: 5
2026-04-08 09:07:42,018 | INFO | ali1688_goods_monitor |   2. 商品ID: 847794753111, 店铺: 汕头市龙湖区熹萌喵玩具厂, SKU数: 4
2026-04-08 09:07:42,018 | INFO | ali1688_goods_monitor |   3. 商品ID: 826873938709, 店铺: 汕头市森漫贸易有限公司, SKU数: 1
2026-04-08 09:07:42,018 | INFO | ali1688_goods_monitor |   4. 商品ID: 951035484615, 店铺: 汕头市创爱旺科技有限公司, SKU数: 29
2026-04-08 09:07:42,018 | INFO | ali1688_goods_monitor |   5. 商品ID: 677709968233, 店铺: 广东佰思玩具有限公司, SKU数: 5
2026-04-08 09:07:42,018 | INFO | ali1688_goods_monitor |   6. 商品ID: 1000398364752, 店铺: 义乌市芝麻开门玩具有限公司, SKU数: 4
2026-04-08 09:07:42,018 | INFO | ali1688_goods_monitor |   7. 商品ID: 628617576125, 店铺: 汕头市俏娃玩具有限公司, SKU数: 5
2026-04-08 09:07:42,018 | INFO | ali1688_goods_monitor |   8. 商品ID: 976178977054, 店铺: 汕头市玩物社科技有限公司, SKU数: 5
2026-04-08 09:07:42,018 | INFO | ali1688_goods_monitor |   9. 商品ID: 992071730825, 店铺: 深圳市粤加大玩具有限公司, SKU数: 3
2026-04-08 09:07:42,018 | INFO | ali1688_goods_monitor |   10. 商品ID: 994662909434, 店铺: 义乌市麦贤电子商务商行, SKU数: 3
2026-04-08 09:07:42,018 | INFO | ali1688_goods_monitor |   11. 商品ID: 856805654657, 店铺: 汕头市龙湖区熹萌喵玩具厂, SKU数: 1
2026-04-08 09:07:42,018 | INFO | ali1688_goods_monitor |   12. 商品ID: 998051010590, 店铺: 汕头市盛星达体育用品有限公司, SKU数: 4
2026-04-08 09:07:42,018 | INFO | ali1688_goods_monitor |   13. 商品ID: 992251601092, 店铺: 义乌市纯亿供应链管理服务有限公司, SKU数: 3
2026-04-08 09:07:42,018 | INFO | ali1688_goods_monitor |   14. 商品ID: 902961760235, 店铺: 汕头市龙湖区熹萌喵玩具厂, SKU数: 4
2026-04-08 09:07:42,018 | INFO | ali1688_goods_monitor |   15. 商品ID: 847495122732, 店铺: 汕头市龙湖区熹萌喵玩具厂, SKU数: 3
2026-04-08 09:07:42,018 | INFO | ali1688_goods_monitor |   16. 商品ID: 900967422750, 店铺: 汕头市澄海区越来越聪明玩具厂, SKU数: 22
2026-04-08 09:07:42,018 | INFO | ali1688_goods_monitor |   17. 商品ID: 950726478383, 店铺: 汕头市澄海区美贝斯玩具商行, SKU数: 13
2026-04-08 09:07:42,018 | INFO | ali1688_goods_monitor |   18. 商品ID: 970377098770, 店铺: 汕头市澄海区贝欣达玩具厂, SKU数: 37
2026-04-08 09:07:42,018 | INFO | ali1688_goods_monitor |   19. 商品ID: 799083276279, 店铺: 汕头市澄海区米可玩具商行, SKU数: 3
2026-04-08 09:07:42,018 | INFO | ali1688_goods_monitor |   20. 商品ID: 681658732090, 店铺: 深圳金喜来电子股份有限公司, SKU数: 1
2026-04-08 09:07:42,105 | INFO | ali1688_goods_monitor | 💾 第3/14批：已保存 20 个商品到数据库
2026-04-08 09:07:42,106 | INFO | ali1688_goods_monitor | ⏸️  随机暂停 5.2 秒...
2026-04-08 09:07:47,284 | INFO | ali1688_goods_monitor | 🔄 刷新页面，准备处理第 4 批...
2026-04-08 09:07:55,236 | INFO | ali1688_goods_monitor | 🔍 处理第 4/14 批，共 20 个商品
2026-04-08 09:07:55,237 | INFO | ali1688_goods_monitor | 📋 商品ID: 899704194303、1007062397648、1000255776437、898439171537、43695296576、956573560393、902473655388、890654399053、979471208168、996059989352、840249263873、873614306333、702199084381、746411095420、703551244918、832304702315、950670074468、789633522584、890407614753、999142031933
2026-04-08 09:07:55,237 | INFO | ali1688_goods_monitor | 🧩 选择搜索方式: 商品ID
2026-04-08 09:07:55,742 | INFO | ali1688_goods_monitor | 搜索的商品id是:899704194303、1007062397648、1000255776437、898439171537、43695296576、956573560393、902473655388、890654399053、979471208168、996059989352、840249263873、873614306333、702199084381、746411095420、703551244918、832304702315、950670074468、789633522584、890407614753、999142031933
2026-04-08 09:07:56,833 | INFO | ali1688_goods_monitor | ✅ 第 4 批筛选条件已设置
2026-04-08 09:07:59,844 | INFO | ali1688_goods_monitor | 开始获取商品:899704194303、1007062397648、1000255776437、898439171537、43695296576、956573560393、902473655388、890654399053、979471208168、996059989352、840249263873、873614306333、702199084381、746411095420、703551244918、832304702315、950670074468、789633522584、890407614753、999142031933的基本信息
2026-04-08 09:07:59,845 | INFO | ali1688_goods_monitor | ⏳ 等待点击【开始查询】并捕获 offerSearch 接口...
2026-04-08 09:08:00,208 | INFO | ali1688_goods_monitor | 商品列表返回码: 200
2026-04-08 09:08:00,208 | INFO | ali1688_goods_monitor | 🚀 开始捕获商品数据，共 20 个商品
2026-04-08 09:08:00,208 | INFO | ali1688_goods_monitor | ✅ 商品基本信息捕获完成，总耗时: 0.00秒
2026-04-08 09:08:00,208 | INFO | ali1688_goods_monitor |    - 商品数: 20
2026-04-08 09:08:00,208 | INFO | ali1688_goods_monitor | ✅ 第 4 批完成，获取到 20 个商品，0 个SKU
2026-04-08 09:08:00,208 | INFO | ali1688_goods_monitor | 📋 第 4 批商品信息:
2026-04-08 09:08:00,208 | INFO | ali1688_goods_monitor |   1. 商品ID: 1000255776437, 店铺: 义乌市屿团电子商务商行, SKU数: 3
2026-04-08 09:08:00,208 | INFO | ali1688_goods_monitor |   2. 商品ID: 996059989352, 店铺: 义乌市海潭商贸有限公司, SKU数: 3
2026-04-08 09:08:00,208 | INFO | ali1688_goods_monitor |   3. 商品ID: 902473655388, 店铺: 汕头市龙湖区熹萌喵玩具厂, SKU数: 1
2026-04-08 09:08:00,209 | INFO | ali1688_goods_monitor |   4. 商品ID: 899704194303, 店铺: 汕头市澄海区孩艺宝玩具厂, SKU数: 12
2026-04-08 09:08:00,209 | INFO | ali1688_goods_monitor |   5. 商品ID: 703551244918, 店铺: 汕头市澄海区米可玩具商行, SKU数: 3
2026-04-08 09:08:00,209 | INFO | ali1688_goods_monitor |   6. 商品ID: 898439171537, 店铺: 汕头市龙湖区熹萌喵玩具厂, SKU数: 14
2026-04-08 09:08:00,209 | INFO | ali1688_goods_monitor |   7. 商品ID: 890407614753, 店铺: 汕头市澄海区萌董乐玩具厂, SKU数: 17
2026-04-08 09:08:00,209 | INFO | ali1688_goods_monitor |   8. 商品ID: 873614306333, 店铺: 汕头市俏娃玩具有限公司, SKU数: 5
2026-04-08 09:08:00,209 | INFO | ali1688_goods_monitor |   9. 商品ID: 43695296576, 店铺: 汕头市澄海区豪达玩具有限公司, SKU数: 2
2026-04-08 09:08:00,209 | INFO | ali1688_goods_monitor |   10. 商品ID: 956573560393, 店铺: 汕头市澄海区巧新玩具厂, SKU数: 3
2026-04-08 09:08:00,209 | INFO | ali1688_goods_monitor |   11. 商品ID: 789633522584, 店铺: 汕头市澄海区乐涵玩具厂, SKU数: 1
2026-04-08 09:08:00,209 | INFO | ali1688_goods_monitor |   12. 商品ID: 999142031933, 店铺: 深圳金喜来电子股份有限公司, SKU数: 1
2026-04-08 09:08:00,209 | INFO | ali1688_goods_monitor |   13. 商品ID: 950670074468, 店铺: 汕头市澄海区雅尚腾玩具厂(个体工商户), SKU数: 36
2026-04-08 09:08:00,209 | INFO | ali1688_goods_monitor |   14. 商品ID: 1007062397648, 店铺: 汕头市澄海区坤铄玩具厂, SKU数: 4
2026-04-08 09:08:00,209 | INFO | ali1688_goods_monitor |   15. 商品ID: 890654399053, 店铺: 汕头市澄海区悦优佳玩具厂, SKU数: 22
2026-04-08 09:08:00,209 | INFO | ali1688_goods_monitor |   16. 商品ID: 840249263873, 店铺: 汕头市嬉游记玩具有限公司, SKU数: 8
2026-04-08 09:08:00,209 | INFO | ali1688_goods_monitor |   17. 商品ID: 702199084381, 店铺: 汕头市澄海区实琪玩具有限公司, SKU数: 21
2026-04-08 09:08:00,209 | INFO | ali1688_goods_monitor |   18. 商品ID: 832304702315, 店铺: 广东佰思玩具有限公司, SKU数: 5
2026-04-08 09:08:00,209 | INFO | ali1688_goods_monitor |   19. 商品ID: 746411095420, 店铺: 汕头市龙湖区宝乐喜玩具商行, SKU数: 6
2026-04-08 09:08:00,209 | INFO | ali1688_goods_monitor |   20. 商品ID: 979471208168, 店铺: 汕头市澄海区淘琪宝玩具厂, SKU数: 1
2026-04-08 09:08:00,309 | INFO | ali1688_goods_monitor | 💾 第4/14批：已保存 20 个商品到数据库
2026-04-08 09:08:00,309 | INFO | ali1688_goods_monitor | ⏸️  随机暂停 4.1 秒...
2026-04-08 09:08:04,375 | INFO | ali1688_goods_monitor | 🔄 刷新页面，准备处理第 5 批...
2026-04-08 09:08:12,937 | INFO | ali1688_goods_monitor | 🔍 处理第 5/14 批，共 20 个商品
2026-04-08 09:08:12,937 | INFO | ali1688_goods_monitor | 📋 商品ID: 859584630627、1009966785995、985206853035、991070192317、927205288673、950658287741、993465198242、998859559585、992800642545、990618054916、652994949606、873771926327、970542473882、836899798919、928580021030、852501307622、632300625030、853399095646、671840552108、975762015590
2026-04-08 09:08:12,938 | INFO | ali1688_goods_monitor | 🧩 选择搜索方式: 商品ID
2026-04-08 09:08:13,420 | INFO | ali1688_goods_monitor | 搜索的商品id是:859584630627、1009966785995、985206853035、991070192317、927205288673、950658287741、993465198242、998859559585、992800642545、990618054916、652994949606、873771926327、970542473882、836899798919、928580021030、852501307622、632300625030、853399095646、671840552108、975762015590
2026-04-08 09:08:14,521 | INFO | ali1688_goods_monitor | ✅ 第 5 批筛选条件已设置
2026-04-08 09:08:17,530 | INFO | ali1688_goods_monitor | 开始获取商品:859584630627、1009966785995、985206853035、991070192317、927205288673、950658287741、993465198242、998859559585、992800642545、990618054916、652994949606、873771926327、970542473882、836899798919、928580021030、852501307622、632300625030、853399095646、671840552108、975762015590的基本信息
2026-04-08 09:08:17,530 | INFO | ali1688_goods_monitor | ⏳ 等待点击【开始查询】并捕获 offerSearch 接口...
2026-04-08 09:08:17,878 | INFO | ali1688_goods_monitor | 商品列表返回码: 200
2026-04-08 09:08:17,878 | INFO | ali1688_goods_monitor | 🚀 开始捕获商品数据，共 20 个商品
2026-04-08 09:08:17,878 | INFO | ali1688_goods_monitor | ✅ 商品基本信息捕获完成，总耗时: 0.00秒
2026-04-08 09:08:17,879 | INFO | ali1688_goods_monitor |    - 商品数: 20
2026-04-08 09:08:17,879 | INFO | ali1688_goods_monitor | ✅ 第 5 批完成，获取到 20 个商品，0 个SKU
2026-04-08 09:08:17,879 | INFO | ali1688_goods_monitor | 📋 第 5 批商品信息:
2026-04-08 09:08:17,879 | INFO | ali1688_goods_monitor |   1. 商品ID: 993465198242, 店铺: 汕头市铭立玩具有限公司, SKU数: 7
2026-04-08 09:08:17,879 | INFO | ali1688_goods_monitor |   2. 商品ID: 859584630627, 店铺: 汕头市龙湖区熹萌喵玩具厂, SKU数: 4
2026-04-08 09:08:17,879 | INFO | ali1688_goods_monitor |   3. 商品ID: 852501307622, 店铺: 汕头市俏娃玩具有限公司, SKU数: 1
2026-04-08 09:08:17,879 | INFO | ali1688_goods_monitor |   4. 商品ID: 927205288673, 店铺: 汕头市龙湖区熹萌喵玩具厂, SKU数: 4
2026-04-08 09:08:17,879 | INFO | ali1688_goods_monitor |   5. 商品ID: 1009966785995, 店铺: 汕头市恒达星玩具有限公司, SKU数: 4
2026-04-08 09:08:17,879 | INFO | ali1688_goods_monitor |   6. 商品ID: 853399095646, 店铺: 汕头市嬉游记玩具有限公司, SKU数: 15
2026-04-08 09:08:17,879 | INFO | ali1688_goods_monitor |   7. 商品ID: 991070192317, 店铺: 汕头市澄海区神宥玩具厂(个体工商户), SKU数: 11
2026-04-08 09:08:17,879 | INFO | ali1688_goods_monitor |   8. 商品ID: 998859559585, 店铺: 汕头市澄海区坤铄玩具厂, SKU数: 11
2026-04-08 09:08:17,879 | INFO | ali1688_goods_monitor |   9. 商品ID: 671840552108, 店铺: 汕头市澄海区华迪锋玩具厂, SKU数: 8
2026-04-08 09:08:17,879 | INFO | ali1688_goods_monitor |   10. 商品ID: 985206853035, 店铺: 汕头市澄海区金颖玩具厂, SKU数: 2
2026-04-08 09:08:17,879 | INFO | ali1688_goods_monitor |   11. 商品ID: 992800642545, 店铺: 汕头市盛星达体育用品有限公司, SKU数: 3
2026-04-08 09:08:17,879 | INFO | ali1688_goods_monitor |   12. 商品ID: 873771926327, 店铺: 汕头市澄海区酷乐孩玩具厂, SKU数: 34
2026-04-08 09:08:17,879 | INFO | ali1688_goods_monitor |   13. 商品ID: 652994949606, 店铺: 汕头市俏娃玩具有限公司, SKU数: 4
2026-04-08 09:08:17,879 | INFO | ali1688_goods_monitor |   14. 商品ID: 975762015590, 店铺: 汕头市澄海区小筑班五金玩具厂, SKU数: 6
2026-04-08 09:08:17,879 | INFO | ali1688_goods_monitor |   15. 商品ID: 928580021030, 店铺: 汕头市嬉游记玩具有限公司, SKU数: 2
2026-04-08 09:08:17,879 | INFO | ali1688_goods_monitor |   16. 商品ID: 836899798919, 店铺: 汕头市澄海区小筑班五金玩具厂, SKU数: 9
2026-04-08 09:08:17,879 | INFO | ali1688_goods_monitor |   17. 商品ID: 990618054916, 店铺: 妆链时代（深圳）科技有限公司, SKU数: 3
2026-04-08 09:08:17,879 | INFO | ali1688_goods_monitor |   18. 商品ID: 632300625030, 店铺: 汕头市俏娃玩具有限公司, SKU数: 1
2026-04-08 09:08:17,879 | INFO | ali1688_goods_monitor |   19. 商品ID: 970542473882, 店铺: 汕头市嬉游记玩具有限公司, SKU数: 5
2026-04-08 09:08:17,879 | INFO | ali1688_goods_monitor |   20. 商品ID: 950658287741, 店铺: 汕头市澄海区三只老鼠玩具厂, SKU数: 18
2026-04-08 09:08:17,973 | INFO | ali1688_goods_monitor | 💾 第5/14批：已保存 20 个商品到数据库
2026-04-08 09:08:17,973 | INFO | ali1688_goods_monitor | ⏸️  随机暂停 4.4 秒...
2026-04-08 09:08:22,410 | INFO | ali1688_goods_monitor | 🔄 刷新页面，准备处理第 6 批...
2026-04-08 09:08:32,474 | INFO | ali1688_goods_monitor | 🔍 处理第 6/14 批，共 20 个商品
2026-04-08 09:08:32,476 | INFO | ali1688_goods_monitor | 📋 商品ID: 994237964153、847990628509、962546716755、854253039240、662598267674、978651830599、692940339011、993354315037、895439014120、997795598539、1037735891255、849820903779、729749403422、948334688543、746416939989、930446969722、991823064917、621865712164、847781001778、864653527961
2026-04-08 09:08:32,476 | INFO | ali1688_goods_monitor | 🧩 选择搜索方式: 商品ID
2026-04-08 09:08:32,947 | INFO | ali1688_goods_monitor | 搜索的商品id是:994237964153、847990628509、962546716755、854253039240、662598267674、978651830599、692940339011、993354315037、895439014120、997795598539、1037735891255、849820903779、729749403422、948334688543、746416939989、930446969722、991823064917、621865712164、847781001778、864653527961
2026-04-08 09:08:34,052 | INFO | ali1688_goods_monitor | ✅ 第 6 批筛选条件已设置
2026-04-08 09:08:37,067 | INFO | ali1688_goods_monitor | 开始获取商品:994237964153、847990628509、962546716755、854253039240、662598267674、978651830599、692940339011、993354315037、895439014120、997795598539、1037735891255、849820903779、729749403422、948334688543、746416939989、930446969722、991823064917、621865712164、847781001778、864653527961的基本信息
2026-04-08 09:08:37,068 | INFO | ali1688_goods_monitor | ⏳ 等待点击【开始查询】并捕获 offerSearch 接口...
2026-04-08 09:08:37,418 | INFO | ali1688_goods_monitor | 商品列表返回码: 200
2026-04-08 09:08:37,418 | INFO | ali1688_goods_monitor | 🚀 开始捕获商品数据，共 19 个商品
2026-04-08 09:08:37,418 | INFO | ali1688_goods_monitor | ✅ 商品基本信息捕获完成，总耗时: 0.00秒
2026-04-08 09:08:37,418 | INFO | ali1688_goods_monitor |    - 商品数: 19
2026-04-08 09:08:37,418 | INFO | ali1688_goods_monitor | ✅ 第 6 批完成，获取到 19 个商品，0 个SKU
2026-04-08 09:08:37,418 | INFO | ali1688_goods_monitor | 📋 第 6 批商品信息:
2026-04-08 09:08:37,418 | INFO | ali1688_goods_monitor |   1. 商品ID: 729749403422, 店铺: 珠海欣球格创科技有限公司, SKU数: 7
2026-04-08 09:08:37,418 | INFO | ali1688_goods_monitor |   2. 商品ID: 895439014120, 店铺: 汕头市澄海区新创贸易商行, SKU数: 8
2026-04-08 09:08:37,419 | INFO | ali1688_goods_monitor |   3. 商品ID: 978651830599, 店铺: 义乌市紫戈玩具有限公司, SKU数: 2
2026-04-08 09:08:37,419 | INFO | ali1688_goods_monitor |   4. 商品ID: 662598267674, 店铺: 汕头市俏娃玩具有限公司, SKU数: 4
2026-04-08 09:08:37,419 | INFO | ali1688_goods_monitor |   5. 商品ID: 621865712164, 店铺: 汕头市俏娃玩具有限公司, SKU数: 8
2026-04-08 09:08:37,419 | INFO | ali1688_goods_monitor |   6. 商品ID: 994237964153, 店铺: 汕头市澄海区十意玩具厂, SKU数: 7
2026-04-08 09:08:37,419 | INFO | ali1688_goods_monitor |   7. 商品ID: 948334688543, 店铺: 汕头市澄海区超慧丰贸易商行, SKU数: 22
2026-04-08 09:08:37,419 | INFO | ali1688_goods_monitor |   8. 商品ID: 993354315037, 店铺: 汕头市澄海区奥维玩具厂, SKU数: 11
2026-04-08 09:08:37,419 | INFO | ali1688_goods_monitor |   9. 商品ID: 864653527961, 店铺: 汕头市迪利嘉科技有限公司, SKU数: 1
2026-04-08 09:08:37,419 | INFO | ali1688_goods_monitor |   10. 商品ID: 746416939989, 店铺: 李楚平, SKU数: 2
2026-04-08 09:08:37,419 | INFO | ali1688_goods_monitor |   11. 商品ID: 997795598539, 店铺: 汕头市盛星达体育用品有限公司, SKU数: 3
2026-04-08 09:08:37,419 | INFO | ali1688_goods_monitor |   12. 商品ID: 692940339011, 店铺: 汕头市澄海区商裕玩具商行, SKU数: 3
2026-04-08 09:08:37,419 | INFO | ali1688_goods_monitor |   13. 商品ID: 930446969722, 店铺: 汕头市俏娃玩具有限公司, SKU数: 2
2026-04-08 09:08:37,419 | INFO | ali1688_goods_monitor |   14. 商品ID: 991823064917, 店铺: 汕头市澄海区都说好玩具商行, SKU数: 8
2026-04-08 09:08:37,419 | INFO | ali1688_goods_monitor |   15. 商品ID: 849820903779, 店铺: 汕头市龙湖区熹萌喵玩具厂, SKU数: 4
2026-04-08 09:08:37,419 | INFO | ali1688_goods_monitor |   16. 商品ID: 847990628509, 店铺: 汕头市龙湖区熹萌喵玩具厂, SKU数: 8
2026-04-08 09:08:37,419 | INFO | ali1688_goods_monitor |   17. 商品ID: 854253039240, 店铺: 汕头市嬉游记玩具有限公司, SKU数: 2
2026-04-08 09:08:37,419 | INFO | ali1688_goods_monitor |   18. 商品ID: 847781001778, 店铺: 汕头市龙湖区熹萌喵玩具厂, SKU数: 4
2026-04-08 09:08:37,419 | INFO | ali1688_goods_monitor |   19. 商品ID: 962546716755, 店铺: 汕头市澄海区淘琪宝玩具厂, SKU数: 3
2026-04-08 09:08:37,500 | INFO | ali1688_goods_monitor | 💾 第6/14批：已保存 19 个商品到数据库
2026-04-08 09:08:37,500 | INFO | ali1688_goods_monitor | ⏸️  随机暂停 6.6 秒...
2026-04-08 09:08:44,072 | INFO | ali1688_goods_monitor | 🔄 刷新页面，准备处理第 7 批...
2026-04-08 09:08:53,624 | INFO | ali1688_goods_monitor | 🔍 处理第 7/14 批，共 20 个商品
2026-04-08 09:08:53,625 | INFO | ali1688_goods_monitor | 📋 商品ID: 995364912374、811638208514、952611726643、915854311158、985998626047、924140770781、986179889619、999860867159、675880303102、997359995216、991467576950、813592780236、920664381969、926941651375、847784309788、991699553836、848195784663、773383798724、1006668462460、917143716667
2026-04-08 09:08:53,626 | INFO | ali1688_goods_monitor | 🧩 选择搜索方式: 商品ID
2026-04-08 09:08:54,112 | INFO | ali1688_goods_monitor | 搜索的商品id是:995364912374、811638208514、952611726643、915854311158、985998626047、924140770781、986179889619、999860867159、675880303102、997359995216、991467576950、813592780236、920664381969、926941651375、847784309788、991699553836、848195784663、773383798724、1006668462460、917143716667
2026-04-08 09:08:55,199 | INFO | ali1688_goods_monitor | ✅ 第 7 批筛选条件已设置
2026-04-08 09:08:58,207 | INFO | ali1688_goods_monitor | 开始获取商品:995364912374、811638208514、952611726643、915854311158、985998626047、924140770781、986179889619、999860867159、675880303102、997359995216、991467576950、813592780236、920664381969、926941651375、847784309788、991699553836、848195784663、773383798724、1006668462460、917143716667的基本信息
2026-04-08 09:08:58,208 | INFO | ali1688_goods_monitor | ⏳ 等待点击【开始查询】并捕获 offerSearch 接口...
2026-04-08 09:08:58,564 | INFO | ali1688_goods_monitor | 商品列表返回码: 200
2026-04-08 09:08:58,565 | INFO | ali1688_goods_monitor | 🚀 开始捕获商品数据，共 19 个商品
2026-04-08 09:08:58,565 | INFO | ali1688_goods_monitor | ✅ 商品基本信息捕获完成，总耗时: 0.00秒
2026-04-08 09:08:58,565 | INFO | ali1688_goods_monitor |    - 商品数: 19
2026-04-08 09:08:58,565 | INFO | ali1688_goods_monitor | ✅ 第 7 批完成，获取到 19 个商品，0 个SKU
2026-04-08 09:08:58,565 | INFO | ali1688_goods_monitor | 📋 第 7 批商品信息:
2026-04-08 09:08:58,565 | INFO | ali1688_goods_monitor |   1. 商品ID: 991467576950, 店铺: 汕头市澄海区罗森丰贸易商行, SKU数: 40
2026-04-08 09:08:58,565 | INFO | ali1688_goods_monitor |   2. 商品ID: 1006668462460, 店铺: 汕头市澄海区美迪电器厂, SKU数: 12
2026-04-08 09:08:58,565 | INFO | ali1688_goods_monitor |   3. 商品ID: 915854311158, 店铺: 汕头市龙湖区熹萌喵玩具厂, SKU数: 5
2026-04-08 09:08:58,565 | INFO | ali1688_goods_monitor |   4. 商品ID: 773383798724, 店铺: 汕头市澄海区优比比玩具商行, SKU数: 10
2026-04-08 09:08:58,566 | INFO | ali1688_goods_monitor |   5. 商品ID: 924140770781, 店铺: 义乌市圣泽文化用品有限公司, SKU数: 2
2026-04-08 09:08:58,566 | INFO | ali1688_goods_monitor |   6. 商品ID: 813592780236, 店铺: 汕头市嬉游记玩具有限公司, SKU数: 2
2026-04-08 09:08:58,566 | INFO | ali1688_goods_monitor |   7. 商品ID: 675880303102, 店铺: 深圳巨变科技有限公司, SKU数: 1
2026-04-08 09:08:58,567 | INFO | ali1688_goods_monitor |   8. 商品ID: 952611726643, 店铺: 汕头市嬉游记玩具有限公司, SKU数: 2
2026-04-08 09:08:58,567 | INFO | ali1688_goods_monitor |   9. 商品ID: 926941651375, 店铺: 汕头市龙湖区熹萌喵玩具厂, SKU数: 10
2026-04-08 09:08:58,567 | INFO | ali1688_goods_monitor |   10. 商品ID: 847784309788, 店铺: 汕头市龙湖区熹萌喵玩具厂, SKU数: 2
2026-04-08 09:08:58,567 | INFO | ali1688_goods_monitor |   11. 商品ID: 986179889619, 店铺: 汕头市澄海区来得玩具厂, SKU数: 3
2026-04-08 09:08:58,567 | INFO | ali1688_goods_monitor |   12. 商品ID: 848195784663, 店铺: 汕头市龙湖区熹萌喵玩具厂, SKU数: 6
2026-04-08 09:08:58,567 | INFO | ali1688_goods_monitor |   13. 商品ID: 995364912374, 店铺: 义乌市绘屿电子商务商行, SKU数: 3
2026-04-08 09:08:58,568 | INFO | ali1688_goods_monitor |   14. 商品ID: 811638208514, 店铺: 汕头市澄海区轮转玩具商行, SKU数: 3
2026-04-08 09:08:58,568 | INFO | ali1688_goods_monitor |   15. 商品ID: 997359995216, 店铺: 汕头市盛缔歆贸易有限公司, SKU数: 4
2026-04-08 09:08:58,568 | INFO | ali1688_goods_monitor |   16. 商品ID: 985998626047, 店铺: 汕头澄海区莱鑫益益智玩具商行, SKU数: 4
2026-04-08 09:08:58,568 | INFO | ali1688_goods_monitor |   17. 商品ID: 999860867159, 店铺: 汕头市盛缔歆贸易有限公司, SKU数: 1
2026-04-08 09:08:58,568 | INFO | ali1688_goods_monitor |   18. 商品ID: 920664381969, 店铺: 义乌市艺可玩具有限公司, SKU数: 4
2026-04-08 09:08:58,568 | INFO | ali1688_goods_monitor |   19. 商品ID: 917143716667, 店铺: 汕头市龙湖区熹萌喵玩具厂, SKU数: 4
2026-04-08 09:08:58,651 | INFO | ali1688_goods_monitor | 💾 第7/14批：已保存 19 个商品到数据库
2026-04-08 09:08:58,651 | INFO | ali1688_goods_monitor | ⏸️  随机暂停 4.2 秒...
2026-04-08 09:09:02,852 | INFO | ali1688_goods_monitor | 🔄 刷新页面，准备处理第 8 批...
2026-04-08 09:09:09,536 | INFO | ali1688_goods_monitor | 🔍 处理第 8/14 批，共 20 个商品
2026-04-08 09:09:09,536 | INFO | ali1688_goods_monitor | 📋 商品ID: 833863806015、778105306124、1000261330427、990374779412、678640196785、855494409051、695065852792、973730524327、969889694254、854773109889、662629659424、1001253412551、796066732390、968025059447、983142383790、918745003737、989391144530、1039821084728、903214944988、909894706445
2026-04-08 09:09:09,536 | INFO | ali1688_goods_monitor | 🧩 选择搜索方式: 商品ID
2026-04-08 09:09:10,054 | INFO | ali1688_goods_monitor | 搜索的商品id是:833863806015、778105306124、1000261330427、990374779412、678640196785、855494409051、695065852792、973730524327、969889694254、854773109889、662629659424、1001253412551、796066732390、968025059447、983142383790、918745003737、989391144530、1039821084728、903214944988、909894706445
2026-04-08 09:09:11,155 | INFO | ali1688_goods_monitor | ✅ 第 8 批筛选条件已设置
2026-04-08 09:09:14,161 | INFO | ali1688_goods_monitor | 开始获取商品:833863806015、778105306124、1000261330427、990374779412、678640196785、855494409051、695065852792、973730524327、969889694254、854773109889、662629659424、1001253412551、796066732390、968025059447、983142383790、918745003737、989391144530、1039821084728、903214944988、909894706445的基本信息
2026-04-08 09:09:14,161 | INFO | ali1688_goods_monitor | ⏳ 等待点击【开始查询】并捕获 offerSearch 接口...
2026-04-08 09:09:14,463 | INFO | ali1688_goods_monitor | 商品列表返回码: 200
2026-04-08 09:09:14,463 | INFO | ali1688_goods_monitor | 🚀 开始捕获商品数据，共 20 个商品
2026-04-08 09:09:14,463 | INFO | ali1688_goods_monitor | ✅ 商品基本信息捕获完成，总耗时: 0.00秒
2026-04-08 09:09:14,463 | INFO | ali1688_goods_monitor |    - 商品数: 20
2026-04-08 09:09:14,463 | INFO | ali1688_goods_monitor | ✅ 第 8 批完成，获取到 20 个商品，0 个SKU
2026-04-08 09:09:14,463 | INFO | ali1688_goods_monitor | 📋 第 8 批商品信息:
2026-04-08 09:09:14,463 | INFO | ali1688_goods_monitor |   1. 商品ID: 1039821084728, 店铺: 义乌市怡芬日用品有限公司, SKU数: None
2026-04-08 09:09:14,463 | INFO | ali1688_goods_monitor |   2. 商品ID: 662629659424, 店铺: 汕头市嬉游记玩具有限公司, SKU数: 4
2026-04-08 09:09:14,463 | INFO | ali1688_goods_monitor |   3. 商品ID: 796066732390, 店铺: 义乌市卡登电子商务有限公司, SKU数: 6
2026-04-08 09:09:14,463 | INFO | ali1688_goods_monitor |   4. 商品ID: 855494409051, 店铺: 汕头市龙湖区熹萌喵玩具厂, SKU数: 4
2026-04-08 09:09:14,463 | INFO | ali1688_goods_monitor |   5. 商品ID: 833863806015, 店铺: 潮州市博思玩具有限公司, SKU数: 5
2026-04-08 09:09:14,464 | INFO | ali1688_goods_monitor |   6. 商品ID: 918745003737, 店铺: 深圳市栓云笙科技有限公司, SKU数: 6
2026-04-08 09:09:14,464 | INFO | ali1688_goods_monitor |   7. 商品ID: 968025059447, 店铺: 汕头市澄海区骇浪玩具商行（个体工商户）, SKU数: 6
2026-04-08 09:09:14,464 | INFO | ali1688_goods_monitor |   8. 商品ID: 990374779412, 店铺: 义乌市精卓工艺品有限公司, SKU数: 3
2026-04-08 09:09:14,464 | INFO | ali1688_goods_monitor |   9. 商品ID: 969889694254, 店铺: 深圳市惠艺美玩具有限公司, SKU数: 27
2026-04-08 09:09:14,464 | INFO | ali1688_goods_monitor |   10. 商品ID: 903214944988, 店铺: 汕头市澄海区汕澄批玩具商行, SKU数: 1
2026-04-08 09:09:14,464 | INFO | ali1688_goods_monitor |   11. 商品ID: 973730524327, 店铺: 汕头市乐与拾光玩具有限公司, SKU数: 11
2026-04-08 09:09:14,464 | INFO | ali1688_goods_monitor |   12. 商品ID: 1000261330427, 店铺: 汕头市盛缔歆贸易有限公司, SKU数: 1
2026-04-08 09:09:14,464 | INFO | ali1688_goods_monitor |   13. 商品ID: 989391144530, 店铺: 汕头市澄海区罗森丰贸易商行, SKU数: 40
2026-04-08 09:09:14,464 | INFO | ali1688_goods_monitor |   14. 商品ID: 778105306124, 店铺: 林粉兰, SKU数: 1
2026-04-08 09:09:14,464 | INFO | ali1688_goods_monitor |   15. 商品ID: 695065852792, 店铺: 汕头市澄海区川宇玩具厂, SKU数: 2
2026-04-08 09:09:14,464 | INFO | ali1688_goods_monitor |   16. 商品ID: 854773109889, 店铺: 汕头市龙湖区熹萌喵玩具厂, SKU数: 1
2026-04-08 09:09:14,464 | INFO | ali1688_goods_monitor |   17. 商品ID: 909894706445, 店铺: 汕头市澄海区越来越聪明玩具厂, SKU数: 22
2026-04-08 09:09:14,464 | INFO | ali1688_goods_monitor |   18. 商品ID: 1001253412551, 店铺: 汕头市澄海区贝晟玩具厂, SKU数: 7
2026-04-08 09:09:14,464 | INFO | ali1688_goods_monitor |   19. 商品ID: 983142383790, 店铺: 东莞市狂蜂狂蚁科技有限公司, SKU数: None
2026-04-08 09:09:14,464 | INFO | ali1688_goods_monitor |   20. 商品ID: 678640196785, 店铺: 汕头市澄海区实琪玩具有限公司, SKU数: 8
2026-04-08 09:09:14,552 | INFO | ali1688_goods_monitor | 💾 第8/14批：已保存 20 个商品到数据库
2026-04-08 09:09:14,552 | INFO | ali1688_goods_monitor | ⏸️  随机暂停 5.4 秒...
2026-04-08 09:09:19,953 | INFO | ali1688_goods_monitor | 🔄 刷新页面，准备处理第 9 批...
2026-04-08 09:09:27,335 | INFO | ali1688_goods_monitor | 🔍 处理第 9/14 批，共 20 个商品
2026-04-08 09:09:27,336 | INFO | ali1688_goods_monitor | 📋 商品ID: 854420062122、653871136084、626387346293、984336119328、978648327291、834236928026、709904411964、847979472849、848295933948、939201456076、985101359570、900592605428、818121391220、668301084321、716733322460、955211708273、985879832920、847713406081、997742353743、906941705446
2026-04-08 09:09:27,336 | INFO | ali1688_goods_monitor | 🧩 选择搜索方式: 商品ID
2026-04-08 09:09:27,813 | INFO | ali1688_goods_monitor | 搜索的商品id是:854420062122、653871136084、626387346293、984336119328、978648327291、834236928026、709904411964、847979472849、848295933948、939201456076、985101359570、900592605428、818121391220、668301084321、716733322460、955211708273、985879832920、847713406081、997742353743、906941705446
2026-04-08 09:09:28,924 | INFO | ali1688_goods_monitor | ✅ 第 9 批筛选条件已设置
2026-04-08 09:09:31,927 | INFO | ali1688_goods_monitor | 开始获取商品:854420062122、653871136084、626387346293、984336119328、978648327291、834236928026、709904411964、847979472849、848295933948、939201456076、985101359570、900592605428、818121391220、668301084321、716733322460、955211708273、985879832920、847713406081、997742353743、906941705446的基本信息
2026-04-08 09:09:31,927 | INFO | ali1688_goods_monitor | ⏳ 等待点击【开始查询】并捕获 offerSearch 接口...
2026-04-08 09:09:32,737 | INFO | ali1688_goods_monitor | 商品列表返回码: 200
2026-04-08 09:09:32,738 | INFO | ali1688_goods_monitor | 🚀 开始捕获商品数据，共 19 个商品
2026-04-08 09:09:32,738 | INFO | ali1688_goods_monitor | ✅ 商品基本信息捕获完成，总耗时: 0.00秒
2026-04-08 09:09:32,738 | INFO | ali1688_goods_monitor |    - 商品数: 19
2026-04-08 09:09:32,738 | INFO | ali1688_goods_monitor | ✅ 第 9 批完成，获取到 19 个商品，0 个SKU
2026-04-08 09:09:32,738 | INFO | ali1688_goods_monitor | 📋 第 9 批商品信息:
2026-04-08 09:09:32,738 | INFO | ali1688_goods_monitor |   1. 商品ID: 939201456076, 店铺: 汕头市龙湖区熹萌喵玩具厂, SKU数: 7
2026-04-08 09:09:32,738 | INFO | ali1688_goods_monitor |   2. 商品ID: 955211708273, 店铺: 汕头市澄海区多美仕玩具厂, SKU数: 23
2026-04-08 09:09:32,738 | INFO | ali1688_goods_monitor |   3. 商品ID: 997742353743, 店铺: 义乌市胤潭电子商务商行, SKU数: 3
2026-04-08 09:09:32,738 | INFO | ali1688_goods_monitor |   4. 商品ID: 818121391220, 店铺: 义乌市零号电子商务商行, SKU数: 7
2026-04-08 09:09:32,738 | INFO | ali1688_goods_monitor |   5. 商品ID: 854420062122, 店铺: 汕头市龙湖区熹萌喵玩具厂, SKU数: 12
2026-04-08 09:09:32,738 | INFO | ali1688_goods_monitor |   6. 商品ID: 668301084321, 店铺: 深圳市铂瑞斯贸易有限公司, SKU数: 5
2026-04-08 09:09:32,738 | INFO | ali1688_goods_monitor |   7. 商品ID: 653871136084, 店铺: 汕头市未闻花名母婴用品有限公司, SKU数: 4
2026-04-08 09:09:32,738 | INFO | ali1688_goods_monitor |   8. 商品ID: 834236928026, 店铺: 深圳焦点创意电子科技发展有限公司, SKU数: 1
2026-04-08 09:09:32,738 | INFO | ali1688_goods_monitor |   9. 商品ID: 985101359570, 店铺: 义乌市栩磊电子商务商行, SKU数: 4
2026-04-08 09:09:32,738 | INFO | ali1688_goods_monitor |   10. 商品ID: 847713406081, 店铺: 汕头市龙湖区熹萌喵玩具厂, SKU数: 1
2026-04-08 09:09:32,738 | INFO | ali1688_goods_monitor |   11. 商品ID: 626387346293, 店铺: 汕头市嬉游记玩具有限公司, SKU数: 10
2026-04-08 09:09:32,738 | INFO | ali1688_goods_monitor |   12. 商品ID: 984336119328, 店铺: 汕头市澄海区泰旭玩具厂, SKU数: 3
2026-04-08 09:09:32,738 | INFO | ali1688_goods_monitor |   13. 商品ID: 709904411964, 店铺: 宿迁市俏楚贸易有限公司, SKU数: 24
2026-04-08 09:09:32,738 | INFO | ali1688_goods_monitor |   14. 商品ID: 985879832920, 店铺: 汕头市龙湖区熹萌喵玩具厂, SKU数: 4
2026-04-08 09:09:32,738 | INFO | ali1688_goods_monitor |   15. 商品ID: 906941705446, 店铺: 义乌市双彩供应链有限公司, SKU数: 2
2026-04-08 09:09:32,738 | INFO | ali1688_goods_monitor |   16. 商品ID: 847979472849, 店铺: 汕头市龙湖区熹萌喵玩具厂, SKU数: 1
2026-04-08 09:09:32,738 | INFO | ali1688_goods_monitor |   17. 商品ID: 716733322460, 店铺: 汕头市澄海区童萌趣玩具贸易商行, SKU数: 8
2026-04-08 09:09:32,738 | INFO | ali1688_goods_monitor |   18. 商品ID: 900592605428, 店铺: 汕头市龙湖区熹萌喵玩具厂, SKU数: 6
2026-04-08 09:09:32,738 | INFO | ali1688_goods_monitor |   19. 商品ID: 848295933948, 店铺: 汕头市龙湖区熹萌喵玩具厂, SKU数: 12
2026-04-08 09:09:32,825 | INFO | ali1688_goods_monitor | 💾 第9/14批：已保存 19 个商品到数据库
2026-04-08 09:09:32,825 | INFO | ali1688_goods_monitor | ⏸️  随机暂停 6.7 秒...
2026-04-08 09:09:39,536 | INFO | ali1688_goods_monitor | 🔄 刷新页面，准备处理第 10 批...
2026-04-08 09:09:46,121 | INFO | ali1688_goods_monitor | 🔍 处理第 10/14 批，共 20 个商品
2026-04-08 09:09:46,121 | INFO | ali1688_goods_monitor | 📋 商品ID: 975402784788、992713938362、998016077358、676772683627、991759687233、987237412445、847713406078、675557812438、946133528766、661664097697、987732400816、724154127228、672751050822、972523284067、661514670948、903149142386、686348979544、942621028118、678110916347、951586784136
2026-04-08 09:09:46,121 | INFO | ali1688_goods_monitor | 🧩 选择搜索方式: 商品ID
2026-04-08 09:09:46,599 | INFO | ali1688_goods_monitor | 搜索的商品id是:975402784788、992713938362、998016077358、676772683627、991759687233、987237412445、847713406078、675557812438、946133528766、661664097697、987732400816、724154127228、672751050822、972523284067、661514670948、903149142386、686348979544、942621028118、678110916347、951586784136
2026-04-08 09:09:47,705 | INFO | ali1688_goods_monitor | ✅ 第 10 批筛选条件已设置
2026-04-08 09:09:50,712 | INFO | ali1688_goods_monitor | 开始获取商品:975402784788、992713938362、998016077358、676772683627、991759687233、987237412445、847713406078、675557812438、946133528766、661664097697、987732400816、724154127228、672751050822、972523284067、661514670948、903149142386、686348979544、942621028118、678110916347、951586784136的基本信息
2026-04-08 09:09:50,713 | INFO | ali1688_goods_monitor | ⏳ 等待点击【开始查询】并捕获 offerSearch 接口...
2026-04-08 09:09:51,103 | INFO | ali1688_goods_monitor | 商品列表返回码: 200
2026-04-08 09:09:51,103 | INFO | ali1688_goods_monitor | 🚀 开始捕获商品数据，共 19 个商品
2026-04-08 09:09:51,103 | INFO | ali1688_goods_monitor | ✅ 商品基本信息捕获完成，总耗时: 0.00秒
2026-04-08 09:09:51,103 | INFO | ali1688_goods_monitor |    - 商品数: 19
2026-04-08 09:09:51,103 | INFO | ali1688_goods_monitor | ✅ 第 10 批完成，获取到 19 个商品，0 个SKU
2026-04-08 09:09:51,103 | INFO | ali1688_goods_monitor | 📋 第 10 批商品信息:
2026-04-08 09:09:51,103 | INFO | ali1688_goods_monitor |   1. 商品ID: 661514670948, 店铺: 汕头市嬉游记玩具有限公司, SKU数: 9
2026-04-08 09:09:51,103 | INFO | ali1688_goods_monitor |   2. 商品ID: 992713938362, 店铺: 深圳市品艺玩具有限公司, SKU数: 4
2026-04-08 09:09:51,103 | INFO | ali1688_goods_monitor |   3. 商品ID: 661664097697, 店铺: 汕头市俏娃玩具有限公司, SKU数: 2
2026-04-08 09:09:51,103 | INFO | ali1688_goods_monitor |   4. 商品ID: 676772683627, 店铺: 汕头市俏娃玩具有限公司, SKU数: 5
2026-04-08 09:09:51,103 | INFO | ali1688_goods_monitor |   5. 商品ID: 678110916347, 店铺: 汕头市澄海区丰乐多玩具厂, SKU数: 9
2026-04-08 09:09:51,103 | INFO | ali1688_goods_monitor |   6. 商品ID: 686348979544, 店铺: 汕头市澄海区做妮物玩具厂, SKU数: 1
2026-04-08 09:09:51,103 | INFO | ali1688_goods_monitor |   7. 商品ID: 946133528766, 店铺: 汕头市澄海区陶境玩具有限公司, SKU数: 4
2026-04-08 09:09:51,103 | INFO | ali1688_goods_monitor |   8. 商品ID: 987237412445, 店铺: 汕头市澄海区童乐玩玩具厂, SKU数: 20
2026-04-08 09:09:51,103 | INFO | ali1688_goods_monitor |   9. 商品ID: 987732400816, 店铺: 汕头市澄海区新润洋玩具厂, SKU数: 1
2026-04-08 09:09:51,103 | INFO | ali1688_goods_monitor |   10. 商品ID: 975402784788, 店铺: 汕头市硕维玩具有限公司, SKU数: 1
2026-04-08 09:09:51,103 | INFO | ali1688_goods_monitor |   11. 商品ID: 672751050822, 店铺: 汕头市澄海区高美玩具厂, SKU数: 3
2026-04-08 09:09:51,104 | INFO | ali1688_goods_monitor |   12. 商品ID: 903149142386, 店铺: 汕头市龙湖区熹萌喵玩具厂, SKU数: 4
2026-04-08 09:09:51,104 | INFO | ali1688_goods_monitor |   13. 商品ID: 942621028118, 店铺: 汕头市澄海区孩艺宝玩具厂, SKU数: 20
2026-04-08 09:09:51,104 | INFO | ali1688_goods_monitor |   14. 商品ID: 847713406078, 店铺: 汕头市龙湖区熹萌喵玩具厂, SKU数: 4
2026-04-08 09:09:51,104 | INFO | ali1688_goods_monitor |   15. 商品ID: 991759687233, 店铺: 义乌市昭旭日用百货有限公司, SKU数: 6
2026-04-08 09:09:51,104 | INFO | ali1688_goods_monitor |   16. 商品ID: 724154127228, 店铺: 汕头市澄海区川宇玩具厂, SKU数: 6
2026-04-08 09:09:51,104 | INFO | ali1688_goods_monitor |   17. 商品ID: 998016077358, 店铺: 汕头市创爱旺科技有限公司, SKU数: 3
2026-04-08 09:09:51,104 | INFO | ali1688_goods_monitor |   18. 商品ID: 972523284067, 店铺: 汕头市澄海区华美乐玩具厂, SKU数: 1
2026-04-08 09:09:51,104 | INFO | ali1688_goods_monitor |   19. 商品ID: 675557812438, 店铺: 汕头市澄海区蛋宝玩具厂, SKU数: 1
2026-04-08 09:09:51,184 | INFO | ali1688_goods_monitor | 💾 第10/14批：已保存 19 个商品到数据库
2026-04-08 09:09:51,184 | INFO | ali1688_goods_monitor | ⏸️  随机暂停 6.1 秒...
2026-04-08 09:09:57,246 | INFO | ali1688_goods_monitor | 🔄 刷新页面，准备处理第 11 批...
2026-04-08 09:10:04,081 | INFO | ali1688_goods_monitor | 🔍 处理第 11/14 批，共 20 个商品
2026-04-08 09:10:04,081 | INFO | ali1688_goods_monitor | 📋 商品ID: 538297571141、670793076081、994715362159、969387993044、910382293640、986633373239、1027381048230、683872677220、1031769907868、990976789985、858770936676、646729482472、917025701974、854168645121、990260832462、992882388093、978968804889、848415574468、900563388108、895042686618
2026-04-08 09:10:04,082 | INFO | ali1688_goods_monitor | 🧩 选择搜索方式: 商品ID
2026-04-08 09:10:04,531 | INFO | ali1688_goods_monitor | 搜索的商品id是:538297571141、670793076081、994715362159、969387993044、910382293640、986633373239、1027381048230、683872677220、1031769907868、990976789985、858770936676、646729482472、917025701974、854168645121、990260832462、992882388093、978968804889、848415574468、900563388108、895042686618
2026-04-08 09:10:05,608 | INFO | ali1688_goods_monitor | ✅ 第 11 批筛选条件已设置
2026-04-08 09:10:08,612 | INFO | ali1688_goods_monitor | 开始获取商品:538297571141、670793076081、994715362159、969387993044、910382293640、986633373239、1027381048230、683872677220、1031769907868、990976789985、858770936676、646729482472、917025701974、854168645121、990260832462、992882388093、978968804889、848415574468、900563388108、895042686618的基本信息
2026-04-08 09:10:08,612 | INFO | ali1688_goods_monitor | ⏳ 等待点击【开始查询】并捕获 offerSearch 接口...
2026-04-08 09:10:08,958 | INFO | ali1688_goods_monitor | 商品列表返回码: 200
2026-04-08 09:10:08,959 | INFO | ali1688_goods_monitor | 🚀 开始捕获商品数据，共 20 个商品
2026-04-08 09:10:08,959 | INFO | ali1688_goods_monitor | ✅ 商品基本信息捕获完成，总耗时: 0.00秒
2026-04-08 09:10:08,959 | INFO | ali1688_goods_monitor |    - 商品数: 20
2026-04-08 09:10:08,959 | INFO | ali1688_goods_monitor | ✅ 第 11 批完成，获取到 20 个商品，0 个SKU
2026-04-08 09:10:08,959 | INFO | ali1688_goods_monitor | 📋 第 11 批商品信息:
2026-04-08 09:10:08,959 | INFO | ali1688_goods_monitor |   1. 商品ID: 990976789985, 店铺: 汕头市澄海区超慧丰贸易商行, SKU数: 16
2026-04-08 09:10:08,959 | INFO | ali1688_goods_monitor |   2. 商品ID: 992882388093, 店铺: 义乌市岚发贸易有限公司, SKU数: 3
2026-04-08 09:10:08,959 | INFO | ali1688_goods_monitor |   3. 商品ID: 990260832462, 店铺: 汕头市澄海区嘉贝施玩具商行, SKU数: 3
2026-04-08 09:10:08,959 | INFO | ali1688_goods_monitor |   4. 商品ID: 670793076081, 店铺: 汕头市澄海区实琪玩具有限公司, SKU数: 12
2026-04-08 09:10:08,960 | INFO | ali1688_goods_monitor |   5. 商品ID: 994715362159, 店铺: 汕头市澄海区臻棒玩具厂, SKU数: 14
2026-04-08 09:10:08,960 | INFO | ali1688_goods_monitor |   6. 商品ID: 848415574468, 店铺: 汕头市龙湖区熹萌喵玩具厂, SKU数: 1
2026-04-08 09:10:08,960 | INFO | ali1688_goods_monitor |   7. 商品ID: 969387993044, 店铺: 汕头市澄海区芽比玩具商行, SKU数: 20
2026-04-08 09:10:08,960 | INFO | ali1688_goods_monitor |   8. 商品ID: 538297571141, 店铺: 深圳灿煜玩具有限公司, SKU数: 6
2026-04-08 09:10:08,960 | INFO | ali1688_goods_monitor |   9. 商品ID: 858770936676, 店铺: 义乌市星愿电子商务有限公司, SKU数: 2
2026-04-08 09:10:08,960 | INFO | ali1688_goods_monitor |   10. 商品ID: 978968804889, 店铺: 汕头市澄海区境趣玩具商行, SKU数: 1
2026-04-08 09:10:08,960 | INFO | ali1688_goods_monitor |   11. 商品ID: 895042686618, 店铺: 汕头市龙湖区熹萌喵玩具厂, SKU数: 2
2026-04-08 09:10:08,960 | INFO | ali1688_goods_monitor |   12. 商品ID: 683872677220, 店铺: 汕头市俏娃玩具有限公司, SKU数: 3
2026-04-08 09:10:08,960 | INFO | ali1688_goods_monitor |   13. 商品ID: 646729482472, 店铺: 汕头市澄海区创羽玩具贸易商行, SKU数: 6
2026-04-08 09:10:08,960 | INFO | ali1688_goods_monitor |   14. 商品ID: 1027381048230, 店铺: 深圳市智其峰科技有限公司, SKU数: 36
2026-04-08 09:10:08,960 | INFO | ali1688_goods_monitor |   15. 商品ID: 986633373239, 店铺: 汕头市嬉游记玩具有限公司, SKU数: 11
2026-04-08 09:10:08,960 | INFO | ali1688_goods_monitor |   16. 商品ID: 900563388108, 店铺: 汕头市澄海区孩艺宝玩具厂, SKU数: 12
2026-04-08 09:10:08,960 | INFO | ali1688_goods_monitor |   17. 商品ID: 854168645121, 店铺: 汕头市俏娃玩具有限公司, SKU数: 3
2026-04-08 09:10:08,960 | INFO | ali1688_goods_monitor |   18. 商品ID: 1031769907868, 店铺: 汕头市龙湖区莱之趣玩具商行（个体工商户）, SKU数: 6
2026-04-08 09:10:08,960 | INFO | ali1688_goods_monitor |   19. 商品ID: 917025701974, 店铺: 汕头市澄海区佳允玩具厂, SKU数: 8
2026-04-08 09:10:08,960 | INFO | ali1688_goods_monitor |   20. 商品ID: 910382293640, 店铺: 汕头市澄海区越来越聪明玩具厂, SKU数: 22
2026-04-08 09:10:09,077 | INFO | ali1688_goods_monitor | 💾 第11/14批：已保存 20 个商品到数据库
2026-04-08 09:10:09,078 | INFO | ali1688_goods_monitor | ⏸️  随机暂停 3.5 秒...
2026-04-08 09:10:12,632 | INFO | ali1688_goods_monitor | 🔄 刷新页面，准备处理第 12 批...
2026-04-08 09:10:20,573 | INFO | ali1688_goods_monitor | 🔍 处理第 12/14 批，共 20 个商品
2026-04-08 09:10:20,574 | INFO | ali1688_goods_monitor | 📋 商品ID: 734736330484、985898832914、847993548322、1013917249205、1033404841463、1035850540780、992863648563、973255115593、643044757475、897059922290、973247771787、629652629026、984991416938、960725525521、1028239295024、634658078975、757454263904、728912992880、1001279554121、726064645781
2026-04-08 09:10:20,574 | INFO | ali1688_goods_monitor | 🧩 选择搜索方式: 商品ID
2026-04-08 09:10:21,047 | INFO | ali1688_goods_monitor | 搜索的商品id是:734736330484、985898832914、847993548322、1013917249205、1033404841463、1035850540780、992863648563、973255115593、643044757475、897059922290、973247771787、629652629026、984991416938、960725525521、1028239295024、634658078975、757454263904、728912992880、1001279554121、726064645781
2026-04-08 09:10:22,138 | INFO | ali1688_goods_monitor | ✅ 第 12 批筛选条件已设置
2026-04-08 09:10:25,153 | INFO | ali1688_goods_monitor | 开始获取商品:734736330484、985898832914、847993548322、1013917249205、1033404841463、1035850540780、992863648563、973255115593、643044757475、897059922290、973247771787、629652629026、984991416938、960725525521、1028239295024、634658078975、757454263904、728912992880、1001279554121、726064645781的基本信息
2026-04-08 09:10:25,154 | INFO | ali1688_goods_monitor | ⏳ 等待点击【开始查询】并捕获 offerSearch 接口...
2026-04-08 09:10:25,489 | INFO | ali1688_goods_monitor | 商品列表返回码: 200
2026-04-08 09:10:25,490 | INFO | ali1688_goods_monitor | 🚀 开始捕获商品数据，共 19 个商品
2026-04-08 09:10:25,490 | INFO | ali1688_goods_monitor | ✅ 商品基本信息捕获完成，总耗时: 0.00秒
2026-04-08 09:10:25,490 | INFO | ali1688_goods_monitor |    - 商品数: 19
2026-04-08 09:10:25,490 | INFO | ali1688_goods_monitor | ✅ 第 12 批完成，获取到 19 个商品，0 个SKU
2026-04-08 09:10:25,490 | INFO | ali1688_goods_monitor | 📋 第 12 批商品信息:
2026-04-08 09:10:25,490 | INFO | ali1688_goods_monitor |   1. 商品ID: 734736330484, 店铺: 汕头市澄海区悦优佳玩具厂, SKU数: 34
2026-04-08 09:10:25,490 | INFO | ali1688_goods_monitor |   2. 商品ID: 1028239295024, 店铺: 汕头市澄海区东原玩具厂(个体工商户), SKU数: 1
2026-04-08 09:10:25,490 | INFO | ali1688_goods_monitor |   3. 商品ID: 757454263904, 店铺: 汕头市恩游兔玩具有限公司, SKU数: 1
2026-04-08 09:10:25,490 | INFO | ali1688_goods_monitor |   4. 商品ID: 973247771787, 店铺: 汕头市澄海区萃婴乐玩具厂, SKU数: 2
2026-04-08 09:10:25,490 | INFO | ali1688_goods_monitor |   5. 商品ID: 992863648563, 店铺: 汕头市澄海区贝趣星玩具厂, SKU数: 11
2026-04-08 09:10:25,490 | INFO | ali1688_goods_monitor |   6. 商品ID: 728912992880, 店铺: 汕头市澄海区泓趣欢玩具厂, SKU数: 24
2026-04-08 09:10:25,490 | INFO | ali1688_goods_monitor |   7. 商品ID: 897059922290, 店铺: 1688选品中心官方供应链, SKU数: 5
2026-04-08 09:10:25,490 | INFO | ali1688_goods_monitor |   8. 商品ID: 960725525521, 店铺: 汕头市龙湖区熹萌喵玩具厂, SKU数: 10
2026-04-08 09:10:25,490 | INFO | ali1688_goods_monitor |   9. 商品ID: 643044757475, 店铺: 汕头市稳住别浪玩具科技有限公司, SKU数: 41
2026-04-08 09:10:25,490 | INFO | ali1688_goods_monitor |   10. 商品ID: 973255115593, 店铺: 汕头市澄海区悦优佳玩具厂, SKU数: 36
2026-04-08 09:10:25,490 | INFO | ali1688_goods_monitor |   11. 商品ID: 984991416938, 店铺: 汕头市龙湖区熹萌喵玩具厂, SKU数: 6
2026-04-08 09:10:25,490 | INFO | ali1688_goods_monitor |   12. 商品ID: 629652629026, 店铺: 汕头市嬉游记玩具有限公司, SKU数: 5
2026-04-08 09:10:25,490 | INFO | ali1688_goods_monitor |   13. 商品ID: 634658078975, 店铺: 汕头市嬉游记玩具有限公司, SKU数: 16
2026-04-08 09:10:25,490 | INFO | ali1688_goods_monitor |   14. 商品ID: 1035850540780, 店铺: 汕头市澄海区盛艺兴玩具厂, SKU数: 8
2026-04-08 09:10:25,490 | INFO | ali1688_goods_monitor |   15. 商品ID: 847993548322, 店铺: 汕头市龙湖区熹萌喵玩具厂, SKU数: 3
2026-04-08 09:10:25,491 | INFO | ali1688_goods_monitor |   16. 商品ID: 1013917249205, 店铺: 广东佰思玩具有限公司, SKU数: 5
2026-04-08 09:10:25,491 | INFO | ali1688_goods_monitor |   17. 商品ID: 1033404841463, 店铺: 汕头市龙湖区莱之趣玩具商行（个体工商户）, SKU数: 4
2026-04-08 09:10:25,491 | INFO | ali1688_goods_monitor |   18. 商品ID: 1001279554121, 店铺: 汕头市澄海区金宝欢玩具商行, SKU数: 4
2026-04-08 09:10:25,491 | INFO | ali1688_goods_monitor |   19. 商品ID: 726064645781, 店铺: 汕头市澄海区奕欣玩具有限公司, SKU数: 6
2026-04-08 09:10:25,568 | INFO | ali1688_goods_monitor | 💾 第12/14批：已保存 19 个商品到数据库
2026-04-08 09:10:25,568 | INFO | ali1688_goods_monitor | ⏸️  随机暂停 5.6 秒...
2026-04-08 09:10:31,160 | INFO | ali1688_goods_monitor | 🔄 刷新页面，准备处理第 13 批...
2026-04-08 09:10:41,861 | INFO | ali1688_goods_monitor | 🔍 处理第 13/14 批，共 20 个商品
2026-04-08 09:10:41,862 | INFO | ali1688_goods_monitor | 📋 商品ID: 795861191445、727364044091、894449366946、809233523760、990425215638、970781028572、929103621035、658391484708、990589043915、1031855101004、687729432138、858007859516、1024421346400、1001391447719、728364497329、952896839032、622513415473、974035321584、847969236799、969646541226
2026-04-08 09:10:41,862 | INFO | ali1688_goods_monitor | 🧩 选择搜索方式: 商品ID
2026-04-08 09:10:42,337 | INFO | ali1688_goods_monitor | 搜索的商品id是:795861191445、727364044091、894449366946、809233523760、990425215638、970781028572、929103621035、658391484708、990589043915、1031855101004、687729432138、858007859516、1024421346400、1001391447719、728364497329、952896839032、622513415473、974035321584、847969236799、969646541226
2026-04-08 09:10:43,428 | INFO | ali1688_goods_monitor | ✅ 第 13 批筛选条件已设置
2026-04-08 09:10:46,436 | INFO | ali1688_goods_monitor | 开始获取商品:795861191445、727364044091、894449366946、809233523760、990425215638、970781028572、929103621035、658391484708、990589043915、1031855101004、687729432138、858007859516、1024421346400、1001391447719、728364497329、952896839032、622513415473、974035321584、847969236799、969646541226的基本信息
2026-04-08 09:10:46,436 | INFO | ali1688_goods_monitor | ⏳ 等待点击【开始查询】并捕获 offerSearch 接口...
2026-04-08 09:10:46,835 | INFO | ali1688_goods_monitor | 商品列表返回码: 200
2026-04-08 09:10:46,836 | INFO | ali1688_goods_monitor | 🚀 开始捕获商品数据，共 20 个商品
2026-04-08 09:10:46,836 | INFO | ali1688_goods_monitor | ✅ 商品基本信息捕获完成，总耗时: 0.00秒
2026-04-08 09:10:46,836 | INFO | ali1688_goods_monitor |    - 商品数: 20
2026-04-08 09:10:46,836 | INFO | ali1688_goods_monitor | ✅ 第 13 批完成，获取到 20 个商品，0 个SKU
2026-04-08 09:10:46,836 | INFO | ali1688_goods_monitor | 📋 第 13 批商品信息:
2026-04-08 09:10:46,836 | INFO | ali1688_goods_monitor |   1. 商品ID: 1024421346400, 店铺: 深圳市金贝合科技有限公司, SKU数: 2
2026-04-08 09:10:46,836 | INFO | ali1688_goods_monitor |   2. 商品ID: 809233523760, 店铺: 汕头市澄海区小筑班五金玩具厂, SKU数: 1
2026-04-08 09:10:46,836 | INFO | ali1688_goods_monitor |   3. 商品ID: 929103621035, 店铺: 汕头市鹿禾科教文化有限公司, SKU数: 6
2026-04-08 09:10:46,837 | INFO | ali1688_goods_monitor |   4. 商品ID: 847969236799, 店铺: 汕头市龙湖区熹萌喵玩具厂, SKU数: 32
2026-04-08 09:10:46,837 | INFO | ali1688_goods_monitor |   5. 商品ID: 990425215638, 店铺: 汕头市澄海区汇熙宝玩具厂, SKU数: 5
2026-04-08 09:10:46,837 | INFO | ali1688_goods_monitor |   6. 商品ID: 858007859516, 店铺: 义乌市登妹贸易有限公司, SKU数: 2
2026-04-08 09:10:46,837 | INFO | ali1688_goods_monitor |   7. 商品ID: 969646541226, 店铺: 汕头市澄海区奋星玩具商行, SKU数: 11
2026-04-08 09:10:46,837 | INFO | ali1688_goods_monitor |   8. 商品ID: 952896839032, 店铺: 汕头市俏娃玩具有限公司, SKU数: 3
2026-04-08 09:10:46,837 | INFO | ali1688_goods_monitor |   9. 商品ID: 974035321584, 店铺: 汕头市澄海区聚诚乐玩具厂, SKU数: 5
2026-04-08 09:10:46,837 | INFO | ali1688_goods_monitor |   10. 商品ID: 990589043915, 店铺: 义乌市辰秘科技有限公司, SKU数: 3
2026-04-08 09:10:46,837 | INFO | ali1688_goods_monitor |   11. 商品ID: 795861191445, 店铺: 义乌市卡登电子商务有限公司, SKU数: 6
2026-04-08 09:10:46,837 | INFO | ali1688_goods_monitor |   12. 商品ID: 727364044091, 店铺: 汕头市澄海区实琪玩具有限公司, SKU数: 7
2026-04-08 09:10:46,837 | INFO | ali1688_goods_monitor |   13. 商品ID: 658391484708, 店铺: 汕头市澄海区柏嘉盛玩具商行, SKU数: 12
2026-04-08 09:10:46,837 | INFO | ali1688_goods_monitor |   14. 商品ID: 970781028572, 店铺: 汕头市俏娃玩具有限公司, SKU数: 1
2026-04-08 09:10:46,838 | INFO | ali1688_goods_monitor |   15. 商品ID: 728364497329, 店铺: 广东佰思玩具有限公司, SKU数: 5
2026-04-08 09:10:46,838 | INFO | ali1688_goods_monitor |   16. 商品ID: 622513415473, 店铺: 汕头市嬉游记玩具有限公司, SKU数: 4
2026-04-08 09:10:46,838 | INFO | ali1688_goods_monitor |   17. 商品ID: 1001391447719, 店铺: 汕头市才佳玩具有限公司, SKU数: 2
2026-04-08 09:10:46,838 | INFO | ali1688_goods_monitor |   18. 商品ID: 687729432138, 店铺: 深圳巨变科技有限公司, SKU数: 1
2026-04-08 09:10:46,838 | INFO | ali1688_goods_monitor |   19. 商品ID: 894449366946, 店铺: 汕头市澄海区雅尚腾玩具厂(个体工商户), SKU数: 30
2026-04-08 09:10:46,838 | INFO | ali1688_goods_monitor |   20. 商品ID: 1031855101004, 店铺: 汕头市澄海区尤纳兴玩具商行, SKU数: 7
2026-04-08 09:10:46,942 | INFO | ali1688_goods_monitor | 💾 第13/14批：已保存 20 个商品到数据库
2026-04-08 09:10:46,942 | INFO | ali1688_goods_monitor | ⏸️  随机暂停 3.2 秒...
2026-04-08 09:10:50,116 | INFO | ali1688_goods_monitor | 🔄 刷新页面，准备处理第 14 批...
2026-04-08 09:10:57,062 | INFO | ali1688_goods_monitor | 🔍 处理第 14/14 批，共 15 个商品
2026-04-08 09:10:57,062 | INFO | ali1688_goods_monitor | 📋 商品ID: 751554304142、863983065199、775392792723、857784361057、734549030910、713699292120、750175006113、927867865604、621194315291、954152497198、854259763574、982635289066、999695394272、947764418500、963819028092
2026-04-08 09:10:57,062 | INFO | ali1688_goods_monitor | 🧩 选择搜索方式: 商品ID
2026-04-08 09:10:57,556 | INFO | ali1688_goods_monitor | 搜索的商品id是:751554304142、863983065199、775392792723、857784361057、734549030910、713699292120、750175006113、927867865604、621194315291、954152497198、854259763574、982635289066、999695394272、947764418500、963819028092
2026-04-08 09:10:58,640 | INFO | ali1688_goods_monitor | ✅ 第 14 批筛选条件已设置
2026-04-08 09:11:01,647 | INFO | ali1688_goods_monitor | 开始获取商品:751554304142、863983065199、775392792723、857784361057、734549030910、713699292120、750175006113、927867865604、621194315291、954152497198、854259763574、982635289066、999695394272、947764418500、963819028092的基本信息
2026-04-08 09:11:01,647 | INFO | ali1688_goods_monitor | ⏳ 等待点击【开始查询】并捕获 offerSearch 接口...
2026-04-08 09:11:01,943 | INFO | ali1688_goods_monitor | 商品列表返回码: 200
2026-04-08 09:11:01,944 | INFO | ali1688_goods_monitor | 🚀 开始捕获商品数据，共 15 个商品
2026-04-08 09:11:01,944 | INFO | ali1688_goods_monitor | ✅ 商品基本信息捕获完成，总耗时: 0.00秒
2026-04-08 09:11:01,945 | INFO | ali1688_goods_monitor |    - 商品数: 15
2026-04-08 09:11:01,945 | INFO | ali1688_goods_monitor | ✅ 第 14 批完成，获取到 15 个商品，0 个SKU
2026-04-08 09:11:01,945 | INFO | ali1688_goods_monitor | 📋 第 14 批商品信息:
2026-04-08 09:11:01,945 | INFO | ali1688_goods_monitor |   1. 商品ID: 775392792723, 店铺: 汕头市澄海区方米狸玩具厂, SKU数: 25
2026-04-08 09:11:01,945 | INFO | ali1688_goods_monitor |   2. 商品ID: 734549030910, 店铺: 汕头市澄海区萃婴乐玩具厂, SKU数: 14
2026-04-08 09:11:01,945 | INFO | ali1688_goods_monitor |   3. 商品ID: 713699292120, 店铺: 汕头市正鹰科教玩具有限公司, SKU数: 9
2026-04-08 09:11:01,945 | INFO | ali1688_goods_monitor |   4. 商品ID: 621194315291, 店铺: 深圳市纵新电子科技有限公司, SKU数: 4
2026-04-08 09:11:01,945 | INFO | ali1688_goods_monitor |   5. 商品ID: 927867865604, 店铺: 汕头市龙湖区熹萌喵玩具厂, SKU数: 18
2026-04-08 09:11:01,945 | INFO | ali1688_goods_monitor |   6. 商品ID: 854259763574, 店铺: 汕头市龙湖区熹萌喵玩具厂, SKU数: 1
2026-04-08 09:11:01,945 | INFO | ali1688_goods_monitor |   7. 商品ID: 750175006113, 店铺: 汕头市澄海区轮转玩具商行, SKU数: 1
2026-04-08 09:11:01,946 | INFO | ali1688_goods_monitor |   8. 商品ID: 751554304142, 店铺: 汕头市嬉游记玩具有限公司, SKU数: 2
2026-04-08 09:11:01,946 | INFO | ali1688_goods_monitor |   9. 商品ID: 947764418500, 店铺: 杜恒广, SKU数: 1
2026-04-08 09:11:01,946 | INFO | ali1688_goods_monitor |   10. 商品ID: 954152497198, 店铺: 汕头市乐享贝比贸易有限公司, SKU数: 6
2026-04-08 09:11:01,946 | INFO | ali1688_goods_monitor |   11. 商品ID: 857784361057, 店铺: 汕头市龙湖区熹萌喵玩具厂, SKU数: 10
2026-04-08 09:11:01,946 | INFO | ali1688_goods_monitor |   12. 商品ID: 963819028092, 店铺: 汕头市龙湖区熹萌喵玩具厂, SKU数: 2
2026-04-08 09:11:01,946 | INFO | ali1688_goods_monitor |   13. 商品ID: 982635289066, 店铺: 汕头市创爱旺科技有限公司, SKU数: 26
2026-04-08 09:11:01,946 | INFO | ali1688_goods_monitor |   14. 商品ID: 863983065199, 店铺: 汕头澄海区启迪恩玩具商行, SKU数: 1
2026-04-08 09:11:01,946 | INFO | ali1688_goods_monitor |   15. 商品ID: 999695394272, 店铺: 义乌市大愚玩具有限公司, SKU数: 5
2026-04-08 09:11:02,019 | INFO | ali1688_goods_monitor | 💾 第14/14批：已保存 15 个商品到数据库
2026-04-08 09:11:02,019 | INFO | ali1688_goods_monitor | 🎉 第一阶段完成，共获取 269 个商品基本信息
2026-04-08 09:11:02,019 | INFO | ali1688_goods_monitor | ============================================================
2026-04-08 09:11:02,019 | INFO | ali1688_goods_monitor | 📊 第二阶段：获取SKU信息
2026-04-08 09:11:02,019 | INFO | ali1688_goods_monitor | ============================================================
2026-04-08 09:11:02,019 | INFO | ali1688_goods_monitor | 🔍 准备获取 269 个商品的SKU信息...
2026-04-08 09:11:02,019 | INFO | ali1688_goods_monitor | 📋 即将获取SKU的商品列表:
2026-04-08 09:11:02,020 | INFO | ali1688_goods_monitor |   1. https://detail.1688.com/offer/903613869442.html (SKU数: 4)
2026-04-08 09:11:02,020 | INFO | ali1688_goods_monitor |   2. https://detail.1688.com/offer/1026068947837.html (SKU数: 3)
2026-04-08 09:11:02,020 | INFO | ali1688_goods_monitor |   3. https://detail.1688.com/offer/968280048908.html (SKU数: 31)
2026-04-08 09:11:02,020 | INFO | ali1688_goods_monitor |   4. https://detail.1688.com/offer/1005984550667.html (SKU数: 36)
2026-04-08 09:11:02,020 | INFO | ali1688_goods_monitor |   5. https://detail.1688.com/offer/971080031926.html (SKU数: 3)
2026-04-08 09:11:02,020 | INFO | ali1688_goods_monitor |   6. https://detail.1688.com/offer/617837580726.html (SKU数: 2)
2026-04-08 09:11:02,020 | INFO | ali1688_goods_monitor |   7. https://detail.1688.com/offer/943395574791.html (SKU数: 1)
2026-04-08 09:11:02,020 | INFO | ali1688_goods_monitor |   8. https://detail.1688.com/offer/979203908708.html (SKU数: 24)
2026-04-08 09:11:02,020 | INFO | ali1688_goods_monitor |   9. https://detail.1688.com/offer/807432916292.html (SKU数: 24)
2026-04-08 09:11:02,020 | INFO | ali1688_goods_monitor |   10. https://detail.1688.com/offer/928700805986.html (SKU数: 2)
2026-04-08 09:11:02,020 | INFO | ali1688_goods_monitor |   11. https://detail.1688.com/offer/971037620206.html (SKU数: 1)
2026-04-08 09:11:02,020 | INFO | ali1688_goods_monitor |   12. https://detail.1688.com/offer/1040782952704.html (SKU数: 1)
2026-04-08 09:11:02,020 | INFO | ali1688_goods_monitor |   13. https://detail.1688.com/offer/954713432833.html (SKU数: 2)
2026-04-08 09:11:02,020 | INFO | ali1688_goods_monitor |   14. https://detail.1688.com/offer/1016515592011.html (SKU数: 4)
2026-04-08 09:11:02,020 | INFO | ali1688_goods_monitor |   15. https://detail.1688.com/offer/835170979856.html (SKU数: 10)
2026-04-08 09:11:02,020 | INFO | ali1688_goods_monitor |   16. https://detail.1688.com/offer/982634945037.html (SKU数: 26)
2026-04-08 09:11:02,020 | INFO | ali1688_goods_monitor |   17. https://detail.1688.com/offer/812259607012.html (SKU数: 39)
2026-04-08 09:11:02,020 | INFO | ali1688_goods_monitor |   18. https://detail.1688.com/offer/798059727032.html (SKU数: 16)
2026-04-08 09:11:02,020 | INFO | ali1688_goods_monitor |   19. https://detail.1688.com/offer/1003272185431.html (SKU数: 5)
2026-04-08 09:11:02,020 | INFO | ali1688_goods_monitor |   20. https://detail.1688.com/offer/833661915665.html (SKU数: 1)
2026-04-08 09:11:02,020 | INFO | ali1688_goods_monitor |   21. https://detail.1688.com/offer/990409899841.html (SKU数: 1)
2026-04-08 09:11:02,020 | INFO | ali1688_goods_monitor |   22. https://detail.1688.com/offer/1025513853144.html (SKU数: 8)
2026-04-08 09:11:02,020 | INFO | ali1688_goods_monitor |   23. https://detail.1688.com/offer/991935831793.html (SKU数: 3)
2026-04-08 09:11:02,020 | INFO | ali1688_goods_monitor |   24. https://detail.1688.com/offer/907762599791.html (SKU数: 10)
2026-04-08 09:11:02,020 | INFO | ali1688_goods_monitor |   25. https://detail.1688.com/offer/969366546749.html (SKU数: 1)
2026-04-08 09:11:02,020 | INFO | ali1688_goods_monitor |   26. https://detail.1688.com/offer/741922490714.html (SKU数: 2)
2026-04-08 09:11:02,020 | INFO | ali1688_goods_monitor |   27. https://detail.1688.com/offer/590591825369.html (SKU数: 22)
2026-04-08 09:11:02,021 | INFO | ali1688_goods_monitor |   28. https://detail.1688.com/offer/776195311997.html (SKU数: 1)
2026-04-08 09:11:02,021 | INFO | ali1688_goods_monitor |   29. https://detail.1688.com/offer/903636127402.html (SKU数: 3)
2026-04-08 09:11:02,021 | INFO | ali1688_goods_monitor |   30. https://detail.1688.com/offer/812514770228.html (SKU数: 2)
2026-04-08 09:11:02,021 | INFO | ali1688_goods_monitor |   31. https://detail.1688.com/offer/875034473523.html (SKU数: 3)
2026-04-08 09:11:02,021 | INFO | ali1688_goods_monitor |   32. https://detail.1688.com/offer/1013037690222.html (SKU数: 1)
2026-04-08 09:11:02,021 | INFO | ali1688_goods_monitor |   33. https://detail.1688.com/offer/889385901298.html (SKU数: 3)
2026-04-08 09:11:02,021 | INFO | ali1688_goods_monitor |   34. https://detail.1688.com/offer/979396013303.html (SKU数: 1)
2026-04-08 09:11:02,021 | INFO | ali1688_goods_monitor |   35. https://detail.1688.com/offer/962746907189.html (SKU数: 4)
2026-04-08 09:11:02,021 | INFO | ali1688_goods_monitor |   36. https://detail.1688.com/offer/895285249007.html (SKU数: 36)
2026-04-08 09:11:02,021 | INFO | ali1688_goods_monitor |   37. https://detail.1688.com/offer/894936744591.html (SKU数: 16)
2026-04-08 09:11:02,021 | INFO | ali1688_goods_monitor |   38. https://detail.1688.com/offer/970715744477.html (SKU数: 1)
2026-04-08 09:11:02,021 | INFO | ali1688_goods_monitor |   39. https://detail.1688.com/offer/811139889293.html (SKU数: 8)
2026-04-08 09:11:02,021 | INFO | ali1688_goods_monitor |   40. https://detail.1688.com/offer/677301391721.html (SKU数: 5)
2026-04-08 09:11:02,021 | INFO | ali1688_goods_monitor |   41. https://detail.1688.com/offer/847794753111.html (SKU数: 4)
2026-04-08 09:11:02,021 | INFO | ali1688_goods_monitor |   42. https://detail.1688.com/offer/826873938709.html (SKU数: 1)
2026-04-08 09:11:02,021 | INFO | ali1688_goods_monitor |   43. https://detail.1688.com/offer/951035484615.html (SKU数: 29)
2026-04-08 09:11:02,021 | INFO | ali1688_goods_monitor |   44. https://detail.1688.com/offer/677709968233.html (SKU数: 5)
2026-04-08 09:11:02,021 | INFO | ali1688_goods_monitor |   45. https://detail.1688.com/offer/1000398364752.html (SKU数: 4)
2026-04-08 09:11:02,021 | INFO | ali1688_goods_monitor |   46. https://detail.1688.com/offer/628617576125.html (SKU数: 5)
2026-04-08 09:11:02,021 | INFO | ali1688_goods_monitor |   47. https://detail.1688.com/offer/976178977054.html (SKU数: 5)
2026-04-08 09:11:02,021 | INFO | ali1688_goods_monitor |   48. https://detail.1688.com/offer/992071730825.html (SKU数: 3)
2026-04-08 09:11:02,021 | INFO | ali1688_goods_monitor |   49. https://detail.1688.com/offer/994662909434.html (SKU数: 3)
2026-04-08 09:11:02,021 | INFO | ali1688_goods_monitor |   50. https://detail.1688.com/offer/856805654657.html (SKU数: 1)
2026-04-08 09:11:02,021 | INFO | ali1688_goods_monitor |   51. https://detail.1688.com/offer/998051010590.html (SKU数: 4)
2026-04-08 09:11:02,021 | INFO | ali1688_goods_monitor |   52. https://detail.1688.com/offer/992251601092.html (SKU数: 3)
2026-04-08 09:11:02,021 | INFO | ali1688_goods_monitor |   53. https://detail.1688.com/offer/902961760235.html (SKU数: 4)
2026-04-08 09:11:02,021 | INFO | ali1688_goods_monitor |   54. https://detail.1688.com/offer/847495122732.html (SKU数: 3)
2026-04-08 09:11:02,021 | INFO | ali1688_goods_monitor |   55. https://detail.1688.com/offer/900967422750.html (SKU数: 22)
2026-04-08 09:11:02,021 | INFO | ali1688_goods_monitor |   56. https://detail.1688.com/offer/950726478383.html (SKU数: 13)
2026-04-08 09:11:02,022 | INFO | ali1688_goods_monitor |   57. https://detail.1688.com/offer/970377098770.html (SKU数: 37)
2026-04-08 09:11:02,022 | INFO | ali1688_goods_monitor |   58. https://detail.1688.com/offer/799083276279.html (SKU数: 3)
2026-04-08 09:11:02,022 | INFO | ali1688_goods_monitor |   59. https://detail.1688.com/offer/681658732090.html (SKU数: 1)
2026-04-08 09:11:02,022 | INFO | ali1688_goods_monitor |   60. https://detail.1688.com/offer/1000255776437.html (SKU数: 3)
2026-04-08 09:11:02,022 | INFO | ali1688_goods_monitor |   61. https://detail.1688.com/offer/996059989352.html (SKU数: 3)
2026-04-08 09:11:02,022 | INFO | ali1688_goods_monitor |   62. https://detail.1688.com/offer/902473655388.html (SKU数: 1)
2026-04-08 09:11:02,023 | INFO | ali1688_goods_monitor |   63. https://detail.1688.com/offer/899704194303.html (SKU数: 12)
2026-04-08 09:11:02,023 | INFO | ali1688_goods_monitor |   64. https://detail.1688.com/offer/703551244918.html (SKU数: 3)
2026-04-08 09:11:02,023 | INFO | ali1688_goods_monitor |   65. https://detail.1688.com/offer/898439171537.html (SKU数: 14)
2026-04-08 09:11:02,023 | INFO | ali1688_goods_monitor |   66. https://detail.1688.com/offer/890407614753.html (SKU数: 17)
2026-04-08 09:11:02,023 | INFO | ali1688_goods_monitor |   67. https://detail.1688.com/offer/873614306333.html (SKU数: 5)
2026-04-08 09:11:02,023 | INFO | ali1688_goods_monitor |   68. https://detail.1688.com/offer/43695296576.html (SKU数: 2)
2026-04-08 09:11:02,023 | INFO | ali1688_goods_monitor |   69. https://detail.1688.com/offer/956573560393.html (SKU数: 3)
2026-04-08 09:11:02,023 | INFO | ali1688_goods_monitor |   70. https://detail.1688.com/offer/789633522584.html (SKU数: 1)
2026-04-08 09:11:02,023 | INFO | ali1688_goods_monitor |   71. https://detail.1688.com/offer/999142031933.html (SKU数: 1)
2026-04-08 09:11:02,023 | INFO | ali1688_goods_monitor |   72. https://detail.1688.com/offer/950670074468.html (SKU数: 36)
2026-04-08 09:11:02,023 | INFO | ali1688_goods_monitor |   73. https://detail.1688.com/offer/1007062397648.html (SKU数: 4)
2026-04-08 09:11:02,023 | INFO | ali1688_goods_monitor |   74. https://detail.1688.com/offer/890654399053.html (SKU数: 22)
2026-04-08 09:11:02,023 | INFO | ali1688_goods_monitor |   75. https://detail.1688.com/offer/840249263873.html (SKU数: 8)
2026-04-08 09:11:02,023 | INFO | ali1688_goods_monitor |   76. https://detail.1688.com/offer/702199084381.html (SKU数: 21)
2026-04-08 09:11:02,023 | INFO | ali1688_goods_monitor |   77. https://detail.1688.com/offer/832304702315.html (SKU数: 5)
2026-04-08 09:11:02,023 | INFO | ali1688_goods_monitor |   78. https://detail.1688.com/offer/746411095420.html (SKU数: 6)
2026-04-08 09:11:02,023 | INFO | ali1688_goods_monitor |   79. https://detail.1688.com/offer/979471208168.html (SKU数: 1)
2026-04-08 09:11:02,023 | INFO | ali1688_goods_monitor |   80. https://detail.1688.com/offer/993465198242.html (SKU数: 7)
2026-04-08 09:11:02,023 | INFO | ali1688_goods_monitor |   81. https://detail.1688.com/offer/859584630627.html (SKU数: 4)
2026-04-08 09:11:02,024 | INFO | ali1688_goods_monitor |   82. https://detail.1688.com/offer/852501307622.html (SKU数: 1)
2026-04-08 09:11:02,024 | INFO | ali1688_goods_monitor |   83. https://detail.1688.com/offer/927205288673.html (SKU数: 4)
2026-04-08 09:11:02,024 | INFO | ali1688_goods_monitor |   84. https://detail.1688.com/offer/1009966785995.html (SKU数: 4)
2026-04-08 09:11:02,024 | INFO | ali1688_goods_monitor |   85. https://detail.1688.com/offer/853399095646.html (SKU数: 15)
2026-04-08 09:11:02,024 | INFO | ali1688_goods_monitor |   86. https://detail.1688.com/offer/991070192317.html (SKU数: 11)
2026-04-08 09:11:02,024 | INFO | ali1688_goods_monitor |   87. https://detail.1688.com/offer/998859559585.html (SKU数: 11)
2026-04-08 09:11:02,024 | INFO | ali1688_goods_monitor |   88. https://detail.1688.com/offer/671840552108.html (SKU数: 8)
2026-04-08 09:11:02,024 | INFO | ali1688_goods_monitor |   89. https://detail.1688.com/offer/985206853035.html (SKU数: 2)
2026-04-08 09:11:02,024 | INFO | ali1688_goods_monitor |   90. https://detail.1688.com/offer/992800642545.html (SKU数: 3)
2026-04-08 09:11:02,024 | INFO | ali1688_goods_monitor |   91. https://detail.1688.com/offer/873771926327.html (SKU数: 34)
2026-04-08 09:11:02,024 | INFO | ali1688_goods_monitor |   92. https://detail.1688.com/offer/652994949606.html (SKU数: 4)
2026-04-08 09:11:02,024 | INFO | ali1688_goods_monitor |   93. https://detail.1688.com/offer/975762015590.html (SKU数: 6)
2026-04-08 09:11:02,024 | INFO | ali1688_goods_monitor |   94. https://detail.1688.com/offer/928580021030.html (SKU数: 2)
2026-04-08 09:11:02,024 | INFO | ali1688_goods_monitor |   95. https://detail.1688.com/offer/836899798919.html (SKU数: 9)
2026-04-08 09:11:02,024 | INFO | ali1688_goods_monitor |   96. https://detail.1688.com/offer/990618054916.html (SKU数: 3)
2026-04-08 09:11:02,025 | INFO | ali1688_goods_monitor |   97. https://detail.1688.com/offer/632300625030.html (SKU数: 1)
2026-04-08 09:11:02,025 | INFO | ali1688_goods_monitor |   98. https://detail.1688.com/offer/970542473882.html (SKU数: 5)
2026-04-08 09:11:02,025 | INFO | ali1688_goods_monitor |   99. https://detail.1688.com/offer/950658287741.html (SKU数: 18)
2026-04-08 09:11:02,025 | INFO | ali1688_goods_monitor |   100. https://detail.1688.com/offer/729749403422.html (SKU数: 7)
2026-04-08 09:11:02,025 | INFO | ali1688_goods_monitor |   101. https://detail.1688.com/offer/895439014120.html (SKU数: 8)
2026-04-08 09:11:02,025 | INFO | ali1688_goods_monitor |   102. https://detail.1688.com/offer/978651830599.html (SKU数: 2)
2026-04-08 09:11:02,025 | INFO | ali1688_goods_monitor |   103. https://detail.1688.com/offer/662598267674.html (SKU数: 4)
2026-04-08 09:11:02,025 | INFO | ali1688_goods_monitor |   104. https://detail.1688.com/offer/621865712164.html (SKU数: 8)
2026-04-08 09:11:02,025 | INFO | ali1688_goods_monitor |   105. https://detail.1688.com/offer/994237964153.html (SKU数: 7)
2026-04-08 09:11:02,025 | INFO | ali1688_goods_monitor |   106. https://detail.1688.com/offer/948334688543.html (SKU数: 22)
2026-04-08 09:11:02,025 | INFO | ali1688_goods_monitor |   107. https://detail.1688.com/offer/993354315037.html (SKU数: 11)
2026-04-08 09:11:02,025 | INFO | ali1688_goods_monitor |   108. https://detail.1688.com/offer/864653527961.html (SKU数: 1)
2026-04-08 09:11:02,025 | INFO | ali1688_goods_monitor |   109. https://detail.1688.com/offer/746416939989.html (SKU数: 2)
2026-04-08 09:11:02,025 | INFO | ali1688_goods_monitor |   110. https://detail.1688.com/offer/997795598539.html (SKU数: 3)
2026-04-08 09:11:02,025 | INFO | ali1688_goods_monitor |   111. https://detail.1688.com/offer/692940339011.html (SKU数: 3)
2026-04-08 09:11:02,025 | INFO | ali1688_goods_monitor |   112. https://detail.1688.com/offer/930446969722.html (SKU数: 2)
2026-04-08 09:11:02,025 | INFO | ali1688_goods_monitor |   113. https://detail.1688.com/offer/991823064917.html (SKU数: 8)
2026-04-08 09:11:02,025 | INFO | ali1688_goods_monitor |   114. https://detail.1688.com/offer/849820903779.html (SKU数: 4)
2026-04-08 09:11:02,025 | INFO | ali1688_goods_monitor |   115. https://detail.1688.com/offer/847990628509.html (SKU数: 8)
2026-04-08 09:11:02,025 | INFO | ali1688_goods_monitor |   116. https://detail.1688.com/offer/854253039240.html (SKU数: 2)
2026-04-08 09:11:02,025 | INFO | ali1688_goods_monitor |   117. https://detail.1688.com/offer/847781001778.html (SKU数: 4)
2026-04-08 09:11:02,025 | INFO | ali1688_goods_monitor |   118. https://detail.1688.com/offer/962546716755.html (SKU数: 3)
2026-04-08 09:11:02,025 | INFO | ali1688_goods_monitor |   119. https://detail.1688.com/offer/991467576950.html (SKU数: 40)
2026-04-08 09:11:02,025 | INFO | ali1688_goods_monitor |   120. https://detail.1688.com/offer/1006668462460.html (SKU数: 12)
2026-04-08 09:11:02,025 | INFO | ali1688_goods_monitor |   121. https://detail.1688.com/offer/915854311158.html (SKU数: 5)
2026-04-08 09:11:02,026 | INFO | ali1688_goods_monitor |   122. https://detail.1688.com/offer/773383798724.html (SKU数: 10)
2026-04-08 09:11:02,026 | INFO | ali1688_goods_monitor |   123. https://detail.1688.com/offer/924140770781.html (SKU数: 2)
2026-04-08 09:11:02,026 | INFO | ali1688_goods_monitor |   124. https://detail.1688.com/offer/813592780236.html (SKU数: 2)
2026-04-08 09:11:02,026 | INFO | ali1688_goods_monitor |   125. https://detail.1688.com/offer/675880303102.html (SKU数: 1)
2026-04-08 09:11:02,026 | INFO | ali1688_goods_monitor |   126. https://detail.1688.com/offer/952611726643.html (SKU数: 2)
2026-04-08 09:11:02,026 | INFO | ali1688_goods_monitor |   127. https://detail.1688.com/offer/926941651375.html (SKU数: 10)
2026-04-08 09:11:02,026 | INFO | ali1688_goods_monitor |   128. https://detail.1688.com/offer/847784309788.html (SKU数: 2)
2026-04-08 09:11:02,026 | INFO | ali1688_goods_monitor |   129. https://detail.1688.com/offer/986179889619.html (SKU数: 3)
2026-04-08 09:11:02,027 | INFO | ali1688_goods_monitor |   130. https://detail.1688.com/offer/848195784663.html (SKU数: 6)
2026-04-08 09:11:02,027 | INFO | ali1688_goods_monitor |   131. https://detail.1688.com/offer/995364912374.html (SKU数: 3)
2026-04-08 09:11:02,027 | INFO | ali1688_goods_monitor |   132. https://detail.1688.com/offer/811638208514.html (SKU数: 3)
2026-04-08 09:11:02,027 | INFO | ali1688_goods_monitor |   133. https://detail.1688.com/offer/997359995216.html (SKU数: 4)
2026-04-08 09:11:02,027 | INFO | ali1688_goods_monitor |   134. https://detail.1688.com/offer/985998626047.html (SKU数: 4)
2026-04-08 09:11:02,027 | INFO | ali1688_goods_monitor |   135. https://detail.1688.com/offer/999860867159.html (SKU数: 1)
2026-04-08 09:11:02,027 | INFO | ali1688_goods_monitor |   136. https://detail.1688.com/offer/920664381969.html (SKU数: 4)
2026-04-08 09:11:02,027 | INFO | ali1688_goods_monitor |   137. https://detail.1688.com/offer/917143716667.html (SKU数: 4)
2026-04-08 09:11:02,027 | INFO | ali1688_goods_monitor |   138. https://detail.1688.com/offer/1039821084728.html (SKU数: None)
2026-04-08 09:11:02,027 | INFO | ali1688_goods_monitor |   139. https://detail.1688.com/offer/662629659424.html (SKU数: 4)
2026-04-08 09:11:02,027 | INFO | ali1688_goods_monitor |   140. https://detail.1688.com/offer/796066732390.html (SKU数: 6)
2026-04-08 09:11:02,027 | INFO | ali1688_goods_monitor |   141. https://detail.1688.com/offer/855494409051.html (SKU数: 4)
2026-04-08 09:11:02,027 | INFO | ali1688_goods_monitor |   142. https://detail.1688.com/offer/833863806015.html (SKU数: 5)
2026-04-08 09:11:02,027 | INFO | ali1688_goods_monitor |   143. https://detail.1688.com/offer/918745003737.html (SKU数: 6)
2026-04-08 09:11:02,027 | INFO | ali1688_goods_monitor |   144. https://detail.1688.com/offer/968025059447.html (SKU数: 6)
2026-04-08 09:11:02,027 | INFO | ali1688_goods_monitor |   145. https://detail.1688.com/offer/990374779412.html (SKU数: 3)
2026-04-08 09:11:02,027 | INFO | ali1688_goods_monitor |   146. https://detail.1688.com/offer/969889694254.html (SKU数: 27)
2026-04-08 09:11:02,027 | INFO | ali1688_goods_monitor |   147. https://detail.1688.com/offer/903214944988.html (SKU数: 1)
2026-04-08 09:11:02,027 | INFO | ali1688_goods_monitor |   148. https://detail.1688.com/offer/973730524327.html (SKU数: 11)
2026-04-08 09:11:02,027 | INFO | ali1688_goods_monitor |   149. https://detail.1688.com/offer/1000261330427.html (SKU数: 1)
2026-04-08 09:11:02,027 | INFO | ali1688_goods_monitor |   150. https://detail.1688.com/offer/989391144530.html (SKU数: 40)
2026-04-08 09:11:02,027 | INFO | ali1688_goods_monitor |   151. https://detail.1688.com/offer/778105306124.html (SKU数: 1)
2026-04-08 09:11:02,027 | INFO | ali1688_goods_monitor |   152. https://detail.1688.com/offer/695065852792.html (SKU数: 2)
2026-04-08 09:11:02,028 | INFO | ali1688_goods_monitor |   153. https://detail.1688.com/offer/854773109889.html (SKU数: 1)
2026-04-08 09:11:02,028 | INFO | ali1688_goods_monitor |   154. https://detail.1688.com/offer/909894706445.html (SKU数: 22)
2026-04-08 09:11:02,028 | INFO | ali1688_goods_monitor |   155. https://detail.1688.com/offer/1001253412551.html (SKU数: 7)
2026-04-08 09:11:02,028 | INFO | ali1688_goods_monitor |   156. https://detail.1688.com/offer/983142383790.html (SKU数: None)
2026-04-08 09:11:02,028 | INFO | ali1688_goods_monitor |   157. https://detail.1688.com/offer/678640196785.html (SKU数: 8)
2026-04-08 09:11:02,028 | INFO | ali1688_goods_monitor |   158. https://detail.1688.com/offer/939201456076.html (SKU数: 7)
2026-04-08 09:11:02,028 | INFO | ali1688_goods_monitor |   159. https://detail.1688.com/offer/955211708273.html (SKU数: 23)
2026-04-08 09:11:02,028 | INFO | ali1688_goods_monitor |   160. https://detail.1688.com/offer/997742353743.html (SKU数: 3)
2026-04-08 09:11:02,028 | INFO | ali1688_goods_monitor |   161. https://detail.1688.com/offer/818121391220.html (SKU数: 7)
2026-04-08 09:11:02,028 | INFO | ali1688_goods_monitor |   162. https://detail.1688.com/offer/854420062122.html (SKU数: 12)
2026-04-08 09:11:02,029 | INFO | ali1688_goods_monitor |   163. https://detail.1688.com/offer/668301084321.html (SKU数: 5)
2026-04-08 09:11:02,029 | INFO | ali1688_goods_monitor |   164. https://detail.1688.com/offer/653871136084.html (SKU数: 4)
2026-04-08 09:11:02,029 | INFO | ali1688_goods_monitor |   165. https://detail.1688.com/offer/834236928026.html (SKU数: 1)
2026-04-08 09:11:02,029 | INFO | ali1688_goods_monitor |   166. https://detail.1688.com/offer/985101359570.html (SKU数: 4)
2026-04-08 09:11:02,029 | INFO | ali1688_goods_monitor |   167. https://detail.1688.com/offer/847713406081.html (SKU数: 1)
2026-04-08 09:11:02,029 | INFO | ali1688_goods_monitor |   168. https://detail.1688.com/offer/626387346293.html (SKU数: 10)
2026-04-08 09:11:02,029 | INFO | ali1688_goods_monitor |   169. https://detail.1688.com/offer/984336119328.html (SKU数: 3)
2026-04-08 09:11:02,029 | INFO | ali1688_goods_monitor |   170. https://detail.1688.com/offer/709904411964.html (SKU数: 24)
2026-04-08 09:11:02,029 | INFO | ali1688_goods_monitor |   171. https://detail.1688.com/offer/985879832920.html (SKU数: 4)
2026-04-08 09:11:02,029 | INFO | ali1688_goods_monitor |   172. https://detail.1688.com/offer/906941705446.html (SKU数: 2)
2026-04-08 09:11:02,029 | INFO | ali1688_goods_monitor |   173. https://detail.1688.com/offer/847979472849.html (SKU数: 1)
2026-04-08 09:11:02,029 | INFO | ali1688_goods_monitor |   174. https://detail.1688.com/offer/716733322460.html (SKU数: 8)
2026-04-08 09:11:02,029 | INFO | ali1688_goods_monitor |   175. https://detail.1688.com/offer/900592605428.html (SKU数: 6)
2026-04-08 09:11:02,029 | INFO | ali1688_goods_monitor |   176. https://detail.1688.com/offer/848295933948.html (SKU数: 12)
2026-04-08 09:11:02,029 | INFO | ali1688_goods_monitor |   177. https://detail.1688.com/offer/661514670948.html (SKU数: 9)
2026-04-08 09:11:02,029 | INFO | ali1688_goods_monitor |   178. https://detail.1688.com/offer/992713938362.html (SKU数: 4)
2026-04-08 09:11:02,029 | INFO | ali1688_goods_monitor |   179. https://detail.1688.com/offer/661664097697.html (SKU数: 2)
2026-04-08 09:11:02,029 | INFO | ali1688_goods_monitor |   180. https://detail.1688.com/offer/676772683627.html (SKU数: 5)
2026-04-08 09:11:02,029 | INFO | ali1688_goods_monitor |   181. https://detail.1688.com/offer/678110916347.html (SKU数: 9)
2026-04-08 09:11:02,029 | INFO | ali1688_goods_monitor |   182. https://detail.1688.com/offer/686348979544.html (SKU数: 1)
2026-04-08 09:11:02,029 | INFO | ali1688_goods_monitor |   183. https://detail.1688.com/offer/946133528766.html (SKU数: 4)
2026-04-08 09:11:02,029 | INFO | ali1688_goods_monitor |   184. https://detail.1688.com/offer/987237412445.html (SKU数: 20)
2026-04-08 09:11:02,029 | INFO | ali1688_goods_monitor |   185. https://detail.1688.com/offer/987732400816.html (SKU数: 1)
2026-04-08 09:11:02,029 | INFO | ali1688_goods_monitor |   186. https://detail.1688.com/offer/975402784788.html (SKU数: 1)
2026-04-08 09:11:02,029 | INFO | ali1688_goods_monitor |   187. https://detail.1688.com/offer/672751050822.html (SKU数: 3)
2026-04-08 09:11:02,030 | INFO | ali1688_goods_monitor |   188. https://detail.1688.com/offer/903149142386.html (SKU数: 4)
2026-04-08 09:11:02,030 | INFO | ali1688_goods_monitor |   189. https://detail.1688.com/offer/942621028118.html (SKU数: 20)
2026-04-08 09:11:02,030 | INFO | ali1688_goods_monitor |   190. https://detail.1688.com/offer/847713406078.html (SKU数: 4)
2026-04-08 09:11:02,030 | INFO | ali1688_goods_monitor |   191. https://detail.1688.com/offer/991759687233.html (SKU数: 6)
2026-04-08 09:11:02,030 | INFO | ali1688_goods_monitor |   192. https://detail.1688.com/offer/724154127228.html (SKU数: 6)
2026-04-08 09:11:02,030 | INFO | ali1688_goods_monitor |   193. https://detail.1688.com/offer/998016077358.html (SKU数: 3)
2026-04-08 09:11:02,030 | INFO | ali1688_goods_monitor |   194. https://detail.1688.com/offer/972523284067.html (SKU数: 1)
2026-04-08 09:11:02,030 | INFO | ali1688_goods_monitor |   195. https://detail.1688.com/offer/675557812438.html (SKU数: 1)
2026-04-08 09:11:02,031 | INFO | ali1688_goods_monitor |   196. https://detail.1688.com/offer/990976789985.html (SKU数: 16)
2026-04-08 09:11:02,031 | INFO | ali1688_goods_monitor |   197. https://detail.1688.com/offer/992882388093.html (SKU数: 3)
2026-04-08 09:11:02,031 | INFO | ali1688_goods_monitor |   198. https://detail.1688.com/offer/990260832462.html (SKU数: 3)
2026-04-08 09:11:02,031 | INFO | ali1688_goods_monitor |   199. https://detail.1688.com/offer/670793076081.html (SKU数: 12)
2026-04-08 09:11:02,031 | INFO | ali1688_goods_monitor |   200. https://detail.1688.com/offer/994715362159.html (SKU数: 14)
2026-04-08 09:11:02,031 | INFO | ali1688_goods_monitor |   201. https://detail.1688.com/offer/848415574468.html (SKU数: 1)
2026-04-08 09:11:02,031 | INFO | ali1688_goods_monitor |   202. https://detail.1688.com/offer/969387993044.html (SKU数: 20)
2026-04-08 09:11:02,031 | INFO | ali1688_goods_monitor |   203. https://detail.1688.com/offer/538297571141.html (SKU数: 6)
2026-04-08 09:11:02,031 | INFO | ali1688_goods_monitor |   204. https://detail.1688.com/offer/858770936676.html (SKU数: 2)
2026-04-08 09:11:02,031 | INFO | ali1688_goods_monitor |   205. https://detail.1688.com/offer/978968804889.html (SKU数: 1)
2026-04-08 09:11:02,031 | INFO | ali1688_goods_monitor |   206. https://detail.1688.com/offer/895042686618.html (SKU数: 2)
2026-04-08 09:11:02,031 | INFO | ali1688_goods_monitor |   207. https://detail.1688.com/offer/683872677220.html (SKU数: 3)
2026-04-08 09:11:02,031 | INFO | ali1688_goods_monitor |   208. https://detail.1688.com/offer/646729482472.html (SKU数: 6)
2026-04-08 09:11:02,031 | INFO | ali1688_goods_monitor |   209. https://detail.1688.com/offer/1027381048230.html (SKU数: 36)
2026-04-08 09:11:02,031 | INFO | ali1688_goods_monitor |   210. https://detail.1688.com/offer/986633373239.html (SKU数: 11)
2026-04-08 09:11:02,031 | INFO | ali1688_goods_monitor |   211. https://detail.1688.com/offer/900563388108.html (SKU数: 12)
2026-04-08 09:11:02,031 | INFO | ali1688_goods_monitor |   212. https://detail.1688.com/offer/854168645121.html (SKU数: 3)
2026-04-08 09:11:02,031 | INFO | ali1688_goods_monitor |   213. https://detail.1688.com/offer/1031769907868.html (SKU数: 6)
2026-04-08 09:11:02,031 | INFO | ali1688_goods_monitor |   214. https://detail.1688.com/offer/917025701974.html (SKU数: 8)
2026-04-08 09:11:02,031 | INFO | ali1688_goods_monitor |   215. https://detail.1688.com/offer/910382293640.html (SKU数: 22)
2026-04-08 09:11:02,031 | INFO | ali1688_goods_monitor |   216. https://detail.1688.com/offer/734736330484.html (SKU数: 34)
2026-04-08 09:11:02,031 | INFO | ali1688_goods_monitor |   217. https://detail.1688.com/offer/1028239295024.html (SKU数: 1)
2026-04-08 09:11:02,031 | INFO | ali1688_goods_monitor |   218. https://detail.1688.com/offer/757454263904.html (SKU数: 1)
2026-04-08 09:11:02,032 | INFO | ali1688_goods_monitor |   219. https://detail.1688.com/offer/973247771787.html (SKU数: 2)
2026-04-08 09:11:02,032 | INFO | ali1688_goods_monitor |   220. https://detail.1688.com/offer/992863648563.html (SKU数: 11)
2026-04-08 09:11:02,032 | INFO | ali1688_goods_monitor |   221. https://detail.1688.com/offer/728912992880.html (SKU数: 24)
2026-04-08 09:11:02,032 | INFO | ali1688_goods_monitor |   222. https://detail.1688.com/offer/897059922290.html (SKU数: 5)
2026-04-08 09:11:02,032 | INFO | ali1688_goods_monitor |   223. https://detail.1688.com/offer/960725525521.html (SKU数: 10)
2026-04-08 09:11:02,032 | INFO | ali1688_goods_monitor |   224. https://detail.1688.com/offer/643044757475.html (SKU数: 41)
2026-04-08 09:11:02,032 | INFO | ali1688_goods_monitor |   225. https://detail.1688.com/offer/973255115593.html (SKU数: 36)
2026-04-08 09:11:02,032 | INFO | ali1688_goods_monitor |   226. https://detail.1688.com/offer/984991416938.html (SKU数: 6)
2026-04-08 09:11:02,032 | INFO | ali1688_goods_monitor |   227. https://detail.1688.com/offer/629652629026.html (SKU数: 5)
2026-04-08 09:11:02,032 | INFO | ali1688_goods_monitor |   228. https://detail.1688.com/offer/634658078975.html (SKU数: 16)
2026-04-08 09:11:02,033 | INFO | ali1688_goods_monitor |   229. https://detail.1688.com/offer/1035850540780.html (SKU数: 8)
2026-04-08 09:11:02,033 | INFO | ali1688_goods_monitor |   230. https://detail.1688.com/offer/847993548322.html (SKU数: 3)
2026-04-08 09:11:02,033 | INFO | ali1688_goods_monitor |   231. https://detail.1688.com/offer/1013917249205.html (SKU数: 5)
2026-04-08 09:11:02,033 | INFO | ali1688_goods_monitor |   232. https://detail.1688.com/offer/1033404841463.html (SKU数: 4)
2026-04-08 09:11:02,033 | INFO | ali1688_goods_monitor |   233. https://detail.1688.com/offer/1001279554121.html (SKU数: 4)
2026-04-08 09:11:02,033 | INFO | ali1688_goods_monitor |   234. https://detail.1688.com/offer/726064645781.html (SKU数: 6)
2026-04-08 09:11:02,033 | INFO | ali1688_goods_monitor |   235. https://detail.1688.com/offer/1024421346400.html (SKU数: 2)
2026-04-08 09:11:02,033 | INFO | ali1688_goods_monitor |   236. https://detail.1688.com/offer/809233523760.html (SKU数: 1)
2026-04-08 09:11:02,033 | INFO | ali1688_goods_monitor |   237. https://detail.1688.com/offer/929103621035.html (SKU数: 6)
2026-04-08 09:11:02,033 | INFO | ali1688_goods_monitor |   238. https://detail.1688.com/offer/847969236799.html (SKU数: 32)
2026-04-08 09:11:02,033 | INFO | ali1688_goods_monitor |   239. https://detail.1688.com/offer/990425215638.html (SKU数: 5)
2026-04-08 09:11:02,033 | INFO | ali1688_goods_monitor |   240. https://detail.1688.com/offer/858007859516.html (SKU数: 2)
2026-04-08 09:11:02,033 | INFO | ali1688_goods_monitor |   241. https://detail.1688.com/offer/969646541226.html (SKU数: 11)
2026-04-08 09:11:02,033 | INFO | ali1688_goods_monitor |   242. https://detail.1688.com/offer/952896839032.html (SKU数: 3)
2026-04-08 09:11:02,033 | INFO | ali1688_goods_monitor |   243. https://detail.1688.com/offer/974035321584.html (SKU数: 5)
2026-04-08 09:11:02,033 | INFO | ali1688_goods_monitor |   244. https://detail.1688.com/offer/990589043915.html (SKU数: 3)
2026-04-08 09:11:02,033 | INFO | ali1688_goods_monitor |   245. https://detail.1688.com/offer/795861191445.html (SKU数: 6)
2026-04-08 09:11:02,033 | INFO | ali1688_goods_monitor |   246. https://detail.1688.com/offer/727364044091.html (SKU数: 7)
2026-04-08 09:11:02,033 | INFO | ali1688_goods_monitor |   247. https://detail.1688.com/offer/658391484708.html (SKU数: 12)
2026-04-08 09:11:02,033 | INFO | ali1688_goods_monitor |   248. https://detail.1688.com/offer/970781028572.html (SKU数: 1)
2026-04-08 09:11:02,033 | INFO | ali1688_goods_monitor |   249. https://detail.1688.com/offer/728364497329.html (SKU数: 5)
2026-04-08 09:11:02,033 | INFO | ali1688_goods_monitor |   250. https://detail.1688.com/offer/622513415473.html (SKU数: 4)
2026-04-08 09:11:02,033 | INFO | ali1688_goods_monitor |   251. https://detail.1688.com/offer/1001391447719.html (SKU数: 2)
2026-04-08 09:11:02,033 | INFO | ali1688_goods_monitor |   252. https://detail.1688.com/offer/687729432138.html (SKU数: 1)
2026-04-08 09:11:02,034 | INFO | ali1688_goods_monitor |   253. https://detail.1688.com/offer/894449366946.html (SKU数: 30)
2026-04-08 09:11:02,034 | INFO | ali1688_goods_monitor |   254. https://detail.1688.com/offer/1031855101004.html (SKU数: 7)
2026-04-08 09:11:02,034 | INFO | ali1688_goods_monitor |   255. https://detail.1688.com/offer/775392792723.html (SKU数: 25)
2026-04-08 09:11:02,034 | INFO | ali1688_goods_monitor |   256. https://detail.1688.com/offer/734549030910.html (SKU数: 14)
2026-04-08 09:11:02,034 | INFO | ali1688_goods_monitor |   257. https://detail.1688.com/offer/713699292120.html (SKU数: 9)
2026-04-08 09:11:02,034 | INFO | ali1688_goods_monitor |   258. https://detail.1688.com/offer/621194315291.html (SKU数: 4)
2026-04-08 09:11:02,034 | INFO | ali1688_goods_monitor |   259. https://detail.1688.com/offer/927867865604.html (SKU数: 18)
2026-04-08 09:11:02,034 | INFO | ali1688_goods_monitor |   260. https://detail.1688.com/offer/854259763574.html (SKU数: 1)
2026-04-08 09:11:02,034 | INFO | ali1688_goods_monitor |   261. https://detail.1688.com/offer/750175006113.html (SKU数: 1)
2026-04-08 09:11:02,034 | INFO | ali1688_goods_monitor |   262. https://detail.1688.com/offer/751554304142.html (SKU数: 2)
2026-04-08 09:11:02,034 | INFO | ali1688_goods_monitor |   263. https://detail.1688.com/offer/947764418500.html (SKU数: 1)
2026-04-08 09:11:02,034 | INFO | ali1688_goods_monitor |   264. https://detail.1688.com/offer/954152497198.html (SKU数: 6)
2026-04-08 09:11:02,034 | INFO | ali1688_goods_monitor |   265. https://detail.1688.com/offer/857784361057.html (SKU数: 10)
2026-04-08 09:11:02,034 | INFO | ali1688_goods_monitor |   266. https://detail.1688.com/offer/963819028092.html (SKU数: 2)
2026-04-08 09:11:02,034 | INFO | ali1688_goods_monitor |   267. https://detail.1688.com/offer/982635289066.html (SKU数: 26)
2026-04-08 09:11:02,034 | INFO | ali1688_goods_monitor |   268. https://detail.1688.com/offer/863983065199.html (SKU数: 1)
2026-04-08 09:11:02,034 | INFO | ali1688_goods_monitor |   269. https://detail.1688.com/offer/999695394272.html (SKU数: 5)
2026-04-08 09:11:02,582 | INFO | ali1688_goods_monitor | ============================================================
2026-04-08 09:11:02,582 | INFO | ali1688_goods_monitor | 🔍 开始获取SKU信息...
2026-04-08 09:11:02,582 | INFO | ali1688_goods_monitor | 📦 共 269 个商品需要获取SKU
2026-04-08 09:11:02,582 | INFO | ali1688_goods_monitor | ============================================================
2026-04-08 09:11:02,582 | INFO | ali1688_goods_monitor | 🚀 初始化SKU获取浏览器...
2026-04-08 09:11:04,131 | INFO | ali1688_goods_monitor | 🔐 登录店雷达...
2026-04-08 09:11:18,786 | INFO | ali1688_goods_monitor | 🔍 [1/269] 获取SKU: https://detail.1688.com/offer/903613869442.html
2026-04-08 09:11:42,971 | ERROR | ali1688_goods_monitor |    ❌ 获取SKU失败: 
没有找到元素。
方法: ele()
参数: {'locator': 'xpath://*[@id="content"]/div[2]/div[1]/div[2]/div[1]/div[2]/div[1]/div[2]', 'index': 1, 'timeout': 10}
版本: 4.1.1.2
2026-04-08 09:11:42,971 | INFO | ali1688_goods_monitor |    ⏳ 等待 1.7 秒后继续...
2026-04-08 09:11:44,658 | INFO | ali1688_goods_monitor | 🔍 [2/269] 获取SKU: https://detail.1688.com/offer/1026068947837.html
2026-04-08 09:11:46,909 | INFO | ali1688_goods_monitor | 🔚 关闭SKU获取浏览器...
2026-04-08 09:34:43,062 | INFO | ali1688_goods_monitor | ============================================================
2026-04-08 09:34:43,062 | INFO | ali1688_goods_monitor | 🚀 开始1688竞品监控任务
2026-04-08 09:34:43,062 | INFO | ali1688_goods_monitor | ============================================================
2026-04-08 09:34:44,757 | INFO | ali1688_goods_monitor | 浏览器初始化成功
2026-04-08 09:35:01,643 | INFO | ali1688_goods_monitor | ============================================================
2026-04-08 09:35:01,643 | INFO | ali1688_goods_monitor | 🚀 开始1688竞品监控任务
2026-04-08 09:35:01,643 | INFO | ali1688_goods_monitor | ============================================================
2026-04-08 09:35:03,003 | INFO | ali1688_goods_monitor | 浏览器初始化成功
2026-04-08 09:35:17,492 | INFO | ali1688_goods_monitor | 📦 共找到 275 个商品ID，将分批查询（每批10个）
2026-04-08 09:35:26,090 | INFO | ali1688_goods_monitor | ❎ 已关闭引导弹窗2
2026-04-08 09:35:26,622 | INFO | ali1688_goods_monitor | ============================================================
2026-04-08 09:35:26,622 | INFO | ali1688_goods_monitor | 📊 第一阶段：获取商品基本信息
2026-04-08 09:35:26,622 | INFO | ali1688_goods_monitor | ============================================================
2026-04-08 09:35:26,622 | INFO | ali1688_goods_monitor | 🔍 处理第 1/14 批，共 20 个商品
2026-04-08 09:35:26,622 | INFO | ali1688_goods_monitor | 📋 商品ID: 971080031926、968280048908、943395574791、833661915665、982634945037、1016515592011、979203908708、835170979856、971037620206、1003272185431、617837580726、1005984550667、807432916292、928700805986、1040782952704、903613869442、1026068947837、954713432833、798059727032、812259607012
2026-04-08 09:35:26,622 | INFO | ali1688_goods_monitor | 🧩 选择搜索方式: 商品ID
2026-04-08 09:35:27,095 | INFO | ali1688_goods_monitor | 搜索的商品id是:971080031926、968280048908、943395574791、833661915665、982634945037、1016515592011、979203908708、835170979856、971037620206、1003272185431、617837580726、1005984550667、807432916292、928700805986、1040782952704、903613869442、1026068947837、954713432833、798059727032、812259607012
2026-04-08 09:35:28,199 | INFO | ali1688_goods_monitor | ✅ 第 1 批筛选条件已设置
2026-04-08 09:35:31,208 | INFO | ali1688_goods_monitor | 开始获取商品:971080031926、968280048908、943395574791、833661915665、982634945037、1016515592011、979203908708、835170979856、971037620206、1003272185431、617837580726、1005984550667、807432916292、928700805986、1040782952704、903613869442、1026068947837、954713432833、798059727032、812259607012的基本信息
2026-04-08 09:35:31,210 | INFO | ali1688_goods_monitor | ⏳ 等待点击【开始查询】并捕获 offerSearch 接口...
2026-04-08 09:35:31,616 | INFO | ali1688_goods_monitor | 商品列表返回码: 200
2026-04-08 09:35:31,616 | INFO | ali1688_goods_monitor | 🚀 开始捕获商品数据，共 20 个商品
2026-04-08 09:35:31,616 | INFO | ali1688_goods_monitor | ✅ 商品基本信息捕获完成，总耗时: 0.00秒
2026-04-08 09:35:31,616 | INFO | ali1688_goods_monitor |    - 商品数: 20
2026-04-08 09:35:31,616 | INFO | ali1688_goods_monitor | ✅ 第 1 批完成，获取到 20 个商品，0 个SKU
2026-04-08 09:35:31,616 | INFO | ali1688_goods_monitor | 📋 第 1 批商品信息:
2026-04-08 09:35:31,616 | INFO | ali1688_goods_monitor |   1. 商品ID: 903613869442, 店铺: 汕头市龙湖区熹萌喵玩具厂, SKU数: 4
2026-04-08 09:35:31,616 | INFO | ali1688_goods_monitor |   2. 商品ID: 1026068947837, 店铺: 汕头市澄海区力多熊玩具商行, SKU数: 3
2026-04-08 09:35:31,616 | INFO | ali1688_goods_monitor |   3. 商品ID: 968280048908, 店铺: 汕头市澄海区都说好玩具商行, SKU数: 31
2026-04-08 09:35:31,616 | INFO | ali1688_goods_monitor |   4. 商品ID: 1005984550667, 店铺: 汕头市澄海区八匹马玩具厂, SKU数: 36
2026-04-08 09:35:31,616 | INFO | ali1688_goods_monitor |   5. 商品ID: 971080031926, 店铺: 汕头市龙湖区熹萌喵玩具厂, SKU数: 3
2026-04-08 09:35:31,616 | INFO | ali1688_goods_monitor |   6. 商品ID: 617837580726, 店铺: 深圳灿煜玩具有限公司, SKU数: 2
2026-04-08 09:35:31,617 | INFO | ali1688_goods_monitor |   7. 商品ID: 943395574791, 店铺: 东莞市狂蜂狂蚁科技有限公司, SKU数: 1
2026-04-08 09:35:31,617 | INFO | ali1688_goods_monitor |   8. 商品ID: 979203908708, 店铺: 汕头市澄海区多美仕玩具厂, SKU数: 24
2026-04-08 09:35:31,617 | INFO | ali1688_goods_monitor |   9. 商品ID: 807432916292, 店铺: 汕头市澄海区悦优佳玩具厂, SKU数: 24
2026-04-08 09:35:31,617 | INFO | ali1688_goods_monitor |   10. 商品ID: 928700805986, 店铺: 义乌市谷达玩具有限公司, SKU数: 2
2026-04-08 09:35:31,617 | INFO | ali1688_goods_monitor |   11. 商品ID: 971037620206, 店铺: 汕头市澄海区淘琪宝玩具厂, SKU数: 1
2026-04-08 09:35:31,617 | INFO | ali1688_goods_monitor |   12. 商品ID: 1040782952704, 店铺: 义乌市鑫照玩具厂, SKU数: 1
2026-04-08 09:35:31,617 | INFO | ali1688_goods_monitor |   13. 商品ID: 954713432833, 店铺: 汕头市龙湖区熹萌喵玩具厂, SKU数: 2
2026-04-08 09:35:31,617 | INFO | ali1688_goods_monitor |   14. 商品ID: 1016515592011, 店铺: 汕头市澄海区晟耀展玩具厂, SKU数: 4
2026-04-08 09:35:31,617 | INFO | ali1688_goods_monitor |   15. 商品ID: 835170979856, 店铺: 汕头市澄海区土炭玩具商行, SKU数: 10
2026-04-08 09:35:31,617 | INFO | ali1688_goods_monitor |   16. 商品ID: 982634945037, 店铺: 汕头市创爱旺科技有限公司, SKU数: 26
2026-04-08 09:35:31,617 | INFO | ali1688_goods_monitor |   17. 商品ID: 812259607012, 店铺: 汕头市澄海区哈尼兔玩具厂, SKU数: 39
2026-04-08 09:35:31,617 | INFO | ali1688_goods_monitor |   18. 商品ID: 798059727032, 店铺: 汕头市澄海区超慧丰贸易商行, SKU数: 16
2026-04-08 09:35:31,617 | INFO | ali1688_goods_monitor |   19. 商品ID: 1003272185431, 店铺: 义乌市大愚玩具有限公司, SKU数: 5
2026-04-08 09:35:31,617 | INFO | ali1688_goods_monitor |   20. 商品ID: 833661915665, 店铺: 深圳金喜来电子股份有限公司, SKU数: 1
2026-04-08 09:35:31,716 | INFO | ali1688_goods_monitor | 💾 第1/14批：已保存 20 个商品到数据库
2026-04-08 09:35:31,716 | INFO | ali1688_goods_monitor | ⏸️  随机暂停 6.9 秒...
2026-04-08 09:35:38,619 | INFO | ali1688_goods_monitor | 🔄 刷新页面，准备处理第 2 批...
2026-04-08 09:35:43,909 | INFO | ali1688_goods_monitor | ❎ 已关闭引导弹窗3
2026-04-08 09:35:46,434 | INFO | ali1688_goods_monitor | 🔍 处理第 2/14 批，共 20 个商品
2026-04-08 09:35:46,435 | INFO | ali1688_goods_monitor | 📋 商品ID: 1007173826384、991935831793、962746907189、812514770228、907762599791、990409899841、1013037690222、889385901298、1025513853144、969366546749、979396013303、875034473523、590591825369、894936744591、895285249007、970715744477、903636127402、741922490714、776195311997、811139889293
2026-04-08 09:35:46,435 | INFO | ali1688_goods_monitor | 🧩 选择搜索方式: 商品ID
2026-04-08 09:35:46,896 | INFO | ali1688_goods_monitor | 搜索的商品id是:1007173826384、991935831793、962746907189、812514770228、907762599791、990409899841、1013037690222、889385901298、1025513853144、969366546749、979396013303、875034473523、590591825369、894936744591、895285249007、970715744477、903636127402、741922490714、776195311997、811139889293
2026-04-08 09:35:48,017 | INFO | ali1688_goods_monitor | ✅ 第 2 批筛选条件已设置
2026-04-08 09:35:51,024 | INFO | ali1688_goods_monitor | 开始获取商品:1007173826384、991935831793、962746907189、812514770228、907762599791、990409899841、1013037690222、889385901298、1025513853144、969366546749、979396013303、875034473523、590591825369、894936744591、895285249007、970715744477、903636127402、741922490714、776195311997、811139889293的基本信息
2026-04-08 09:35:51,024 | INFO | ali1688_goods_monitor | ⏳ 等待点击【开始查询】并捕获 offerSearch 接口...
2026-04-08 09:35:51,373 | INFO | ali1688_goods_monitor | 商品列表返回码: 200
2026-04-08 09:35:51,373 | INFO | ali1688_goods_monitor | 🚀 开始捕获商品数据，共 19 个商品
2026-04-08 09:35:51,373 | INFO | ali1688_goods_monitor | ✅ 商品基本信息捕获完成，总耗时: 0.00秒
2026-04-08 09:35:51,373 | INFO | ali1688_goods_monitor |    - 商品数: 19
2026-04-08 09:35:51,373 | INFO | ali1688_goods_monitor | ✅ 第 2 批完成，获取到 19 个商品，0 个SKU
2026-04-08 09:35:51,373 | INFO | ali1688_goods_monitor | 📋 第 2 批商品信息:
2026-04-08 09:35:51,373 | INFO | ali1688_goods_monitor |   1. 商品ID: 990409899841, 店铺: 汕头市澄海区泰旭玩具厂, SKU数: 1
2026-04-08 09:35:51,373 | INFO | ali1688_goods_monitor |   2. 商品ID: 1025513853144, 店铺: 汕头市澄海区萌灵娃玩具厂, SKU数: 8
2026-04-08 09:35:51,373 | INFO | ali1688_goods_monitor |   3. 商品ID: 991935831793, 店铺: 温州市鑫筱贸易有限公司, SKU数: 3
2026-04-08 09:35:51,373 | INFO | ali1688_goods_monitor |   4. 商品ID: 907762599791, 店铺: 汕头市澄海区彩帆玩具厂, SKU数: 10
2026-04-08 09:35:51,373 | INFO | ali1688_goods_monitor |   5. 商品ID: 969366546749, 店铺: 汕头市澄海区启超玩具厂, SKU数: 1
2026-04-08 09:35:51,373 | INFO | ali1688_goods_monitor |   6. 商品ID: 741922490714, 店铺: 汕头市俏娃玩具有限公司, SKU数: 2
2026-04-08 09:35:51,373 | INFO | ali1688_goods_monitor |   7. 商品ID: 590591825369, 店铺: 汕头市澄海区翔鹏塑料制品厂, SKU数: 22
2026-04-08 09:35:51,373 | INFO | ali1688_goods_monitor |   8. 商品ID: 776195311997, 店铺: 汕头市澄海区讴艺玩具厂, SKU数: 1
2026-04-08 09:35:51,373 | INFO | ali1688_goods_monitor |   9. 商品ID: 903636127402, 店铺: 义乌市君玖商贸有限公司, SKU数: 3
2026-04-08 09:35:51,373 | INFO | ali1688_goods_monitor |   10. 商品ID: 812514770228, 店铺: 汕头市澄海区栩之羿贸易商行, SKU数: 2
2026-04-08 09:35:51,373 | INFO | ali1688_goods_monitor |   11. 商品ID: 875034473523, 店铺: 汕头市澄海区童积玩具厂, SKU数: 3
2026-04-08 09:35:51,373 | INFO | ali1688_goods_monitor |   12. 商品ID: 1013037690222, 店铺: 潮州市湘桥区星赫玩具厂(个体工商户), SKU数: 1
2026-04-08 09:35:51,373 | INFO | ali1688_goods_monitor |   13. 商品ID: 889385901298, 店铺: 汕头市欧切勒切电子商务有限公司, SKU数: 3
2026-04-08 09:35:51,373 | INFO | ali1688_goods_monitor |   14. 商品ID: 979396013303, 店铺: 汕头市澄海区很多人玩具商行, SKU数: 1
2026-04-08 09:35:51,373 | INFO | ali1688_goods_monitor |   15. 商品ID: 962746907189, 店铺: 汕头市龙湖区熹萌喵玩具厂, SKU数: 4
2026-04-08 09:35:51,374 | INFO | ali1688_goods_monitor |   16. 商品ID: 895285249007, 店铺: 汕头市澄海区雅尚腾玩具厂(个体工商户), SKU数: 36
2026-04-08 09:35:51,374 | INFO | ali1688_goods_monitor |   17. 商品ID: 894936744591, 店铺: 汕头市澄海区启跃玩具厂, SKU数: 16
2026-04-08 09:35:51,374 | INFO | ali1688_goods_monitor |   18. 商品ID: 970715744477, 店铺: 汕头市澄海区永志玩具商行, SKU数: 1
2026-04-08 09:35:51,374 | INFO | ali1688_goods_monitor |   19. 商品ID: 811139889293, 店铺: 义乌市孟享贸易有限公司, SKU数: 8
2026-04-08 09:35:51,456 | INFO | ali1688_goods_monitor | 💾 第2/14批：已保存 19 个商品到数据库
2026-04-08 09:35:51,456 | INFO | ali1688_goods_monitor | ⏸️  随机暂停 4.3 秒...
2026-04-08 09:35:55,717 | INFO | ali1688_goods_monitor | 🔄 刷新页面，准备处理第 3 批...
2026-04-08 09:36:05,355 | INFO | ali1688_goods_monitor | 🔍 处理第 3/14 批，共 20 个商品
2026-04-08 09:36:05,355 | INFO | ali1688_goods_monitor | 📋 商品ID: 950726478383、970377098770、1000398364752、628617576125、998051010590、856805654657、677709968233、992071730825、799083276279、976178977054、902961760235、900967422750、994662909434、681658732090、847794753111、992251601092、951035484615、826873938709、677301391721、847495122732
2026-04-08 09:36:05,355 | INFO | ali1688_goods_monitor | 🧩 选择搜索方式: 商品ID
2026-04-08 09:36:05,852 | INFO | ali1688_goods_monitor | 搜索的商品id是:950726478383、970377098770、1000398364752、628617576125、998051010590、856805654657、677709968233、992071730825、799083276279、976178977054、902961760235、900967422750、994662909434、681658732090、847794753111、992251601092、951035484615、826873938709、677301391721、847495122732
2026-04-08 09:36:06,986 | INFO | ali1688_goods_monitor | ✅ 第 3 批筛选条件已设置
2026-04-08 09:36:09,986 | INFO | ali1688_goods_monitor | 开始获取商品:950726478383、970377098770、1000398364752、628617576125、998051010590、856805654657、677709968233、992071730825、799083276279、976178977054、902961760235、900967422750、994662909434、681658732090、847794753111、992251601092、951035484615、826873938709、677301391721、847495122732的基本信息
2026-04-08 09:36:09,987 | INFO | ali1688_goods_monitor | ⏳ 等待点击【开始查询】并捕获 offerSearch 接口...
2026-04-08 09:36:10,399 | INFO | ali1688_goods_monitor | 商品列表返回码: 200
2026-04-08 09:36:10,399 | INFO | ali1688_goods_monitor | 🚀 开始捕获商品数据，共 20 个商品
2026-04-08 09:36:10,399 | INFO | ali1688_goods_monitor | ✅ 商品基本信息捕获完成，总耗时: 0.00秒
2026-04-08 09:36:10,399 | INFO | ali1688_goods_monitor |    - 商品数: 20
2026-04-08 09:36:10,400 | INFO | ali1688_goods_monitor | ✅ 第 3 批完成，获取到 20 个商品，0 个SKU
2026-04-08 09:36:10,400 | INFO | ali1688_goods_monitor | 📋 第 3 批商品信息:
2026-04-08 09:36:10,400 | INFO | ali1688_goods_monitor |   1. 商品ID: 677301391721, 店铺: 汕头市澄海区海棠玩具厂, SKU数: 5
2026-04-08 09:36:10,400 | INFO | ali1688_goods_monitor |   2. 商品ID: 847794753111, 店铺: 汕头市龙湖区熹萌喵玩具厂, SKU数: 4
2026-04-08 09:36:10,400 | INFO | ali1688_goods_monitor |   3. 商品ID: 826873938709, 店铺: 汕头市森漫贸易有限公司, SKU数: 1
2026-04-08 09:36:10,400 | INFO | ali1688_goods_monitor |   4. 商品ID: 951035484615, 店铺: 汕头市创爱旺科技有限公司, SKU数: 29
2026-04-08 09:36:10,400 | INFO | ali1688_goods_monitor |   5. 商品ID: 677709968233, 店铺: 广东佰思玩具有限公司, SKU数: 5
2026-04-08 09:36:10,400 | INFO | ali1688_goods_monitor |   6. 商品ID: 1000398364752, 店铺: 义乌市芝麻开门玩具有限公司, SKU数: 4
2026-04-08 09:36:10,400 | INFO | ali1688_goods_monitor |   7. 商品ID: 628617576125, 店铺: 汕头市俏娃玩具有限公司, SKU数: 5
2026-04-08 09:36:10,400 | INFO | ali1688_goods_monitor |   8. 商品ID: 976178977054, 店铺: 汕头市玩物社科技有限公司, SKU数: 5
2026-04-08 09:36:10,400 | INFO | ali1688_goods_monitor |   9. 商品ID: 992071730825, 店铺: 深圳市粤加大玩具有限公司, SKU数: 3
2026-04-08 09:36:10,400 | INFO | ali1688_goods_monitor |   10. 商品ID: 994662909434, 店铺: 义乌市麦贤电子商务商行, SKU数: 3
2026-04-08 09:36:10,400 | INFO | ali1688_goods_monitor |   11. 商品ID: 856805654657, 店铺: 汕头市龙湖区熹萌喵玩具厂, SKU数: 1
2026-04-08 09:36:10,400 | INFO | ali1688_goods_monitor |   12. 商品ID: 998051010590, 店铺: 汕头市盛星达体育用品有限公司, SKU数: 4
2026-04-08 09:36:10,400 | INFO | ali1688_goods_monitor |   13. 商品ID: 992251601092, 店铺: 义乌市纯亿供应链管理服务有限公司, SKU数: 3
2026-04-08 09:36:10,400 | INFO | ali1688_goods_monitor |   14. 商品ID: 902961760235, 店铺: 汕头市龙湖区熹萌喵玩具厂, SKU数: 4
2026-04-08 09:36:10,400 | INFO | ali1688_goods_monitor |   15. 商品ID: 847495122732, 店铺: 汕头市龙湖区熹萌喵玩具厂, SKU数: 3
2026-04-08 09:36:10,400 | INFO | ali1688_goods_monitor |   16. 商品ID: 900967422750, 店铺: 汕头市澄海区越来越聪明玩具厂, SKU数: 22
2026-04-08 09:36:10,400 | INFO | ali1688_goods_monitor |   17. 商品ID: 950726478383, 店铺: 汕头市澄海区美贝斯玩具商行, SKU数: 13
2026-04-08 09:36:10,400 | INFO | ali1688_goods_monitor |   18. 商品ID: 970377098770, 店铺: 汕头市澄海区贝欣达玩具厂, SKU数: 37
2026-04-08 09:36:10,400 | INFO | ali1688_goods_monitor |   19. 商品ID: 799083276279, 店铺: 汕头市澄海区米可玩具商行, SKU数: 3
2026-04-08 09:36:10,400 | INFO | ali1688_goods_monitor |   20. 商品ID: 681658732090, 店铺: 深圳金喜来电子股份有限公司, SKU数: 1
2026-04-08 09:36:10,533 | INFO | ali1688_goods_monitor | 💾 第3/14批：已保存 20 个商品到数据库
2026-04-08 09:36:10,533 | INFO | ali1688_goods_monitor | ⏸️  随机暂停 4.9 秒...
2026-04-08 09:36:15,458 | INFO | ali1688_goods_monitor | 🔄 刷新页面，准备处理第 4 批...
2026-04-08 09:36:22,837 | INFO | ali1688_goods_monitor | 🔍 处理第 4/14 批，共 20 个商品
2026-04-08 09:36:22,838 | INFO | ali1688_goods_monitor | 📋 商品ID: 899704194303、1007062397648、1000255776437、898439171537、43695296576、956573560393、902473655388、890654399053、979471208168、996059989352、840249263873、873614306333、702199084381、746411095420、703551244918、832304702315、950670074468、789633522584、890407614753、999142031933
2026-04-08 09:36:22,838 | INFO | ali1688_goods_monitor | 🧩 选择搜索方式: 商品ID
2026-04-08 09:36:23,311 | INFO | ali1688_goods_monitor | 搜索的商品id是:899704194303、1007062397648、1000255776437、898439171537、43695296576、956573560393、902473655388、890654399053、979471208168、996059989352、840249263873、873614306333、702199084381、746411095420、703551244918、832304702315、950670074468、789633522584、890407614753、999142031933
2026-04-08 09:36:24,397 | INFO | ali1688_goods_monitor | ✅ 第 4 批筛选条件已设置
2026-04-08 09:36:27,410 | INFO | ali1688_goods_monitor | 开始获取商品:899704194303、1007062397648、1000255776437、898439171537、43695296576、956573560393、902473655388、890654399053、979471208168、996059989352、840249263873、873614306333、702199084381、746411095420、703551244918、832304702315、950670074468、789633522584、890407614753、999142031933的基本信息
2026-04-08 09:36:27,411 | INFO | ali1688_goods_monitor | ⏳ 等待点击【开始查询】并捕获 offerSearch 接口...
2026-04-08 09:36:27,794 | INFO | ali1688_goods_monitor | 商品列表返回码: 200
2026-04-08 09:36:27,794 | INFO | ali1688_goods_monitor | 🚀 开始捕获商品数据，共 20 个商品
2026-04-08 09:36:27,794 | INFO | ali1688_goods_monitor | ✅ 商品基本信息捕获完成，总耗时: 0.00秒
2026-04-08 09:36:27,795 | INFO | ali1688_goods_monitor |    - 商品数: 20
2026-04-08 09:36:27,795 | INFO | ali1688_goods_monitor | ✅ 第 4 批完成，获取到 20 个商品，0 个SKU
2026-04-08 09:36:27,795 | INFO | ali1688_goods_monitor | 📋 第 4 批商品信息:
2026-04-08 09:36:27,795 | INFO | ali1688_goods_monitor |   1. 商品ID: 996059989352, 店铺: 义乌市海潭商贸有限公司, SKU数: 3
2026-04-08 09:36:27,795 | INFO | ali1688_goods_monitor |   2. 商品ID: 902473655388, 店铺: 汕头市龙湖区熹萌喵玩具厂, SKU数: 1
2026-04-08 09:36:27,795 | INFO | ali1688_goods_monitor |   3. 商品ID: 703551244918, 店铺: 汕头市澄海区米可玩具商行, SKU数: 3
2026-04-08 09:36:27,795 | INFO | ali1688_goods_monitor |   4. 商品ID: 899704194303, 店铺: 汕头市澄海区孩艺宝玩具厂, SKU数: 12
2026-04-08 09:36:27,795 | INFO | ali1688_goods_monitor |   5. 商品ID: 898439171537, 店铺: 汕头市龙湖区熹萌喵玩具厂, SKU数: 14
2026-04-08 09:36:27,795 | INFO | ali1688_goods_monitor |   6. 商品ID: 890407614753, 店铺: 汕头市澄海区萌董乐玩具厂, SKU数: 17
2026-04-08 09:36:27,795 | INFO | ali1688_goods_monitor |   7. 商品ID: 873614306333, 店铺: 汕头市俏娃玩具有限公司, SKU数: 5
2026-04-08 09:36:27,795 | INFO | ali1688_goods_monitor |   8. 商品ID: 43695296576, 店铺: 汕头市澄海区豪达玩具有限公司, SKU数: 2
2026-04-08 09:36:27,795 | INFO | ali1688_goods_monitor |   9. 商品ID: 956573560393, 店铺: 汕头市澄海区巧新玩具厂, SKU数: 3
2026-04-08 09:36:27,795 | INFO | ali1688_goods_monitor |   10. 商品ID: 789633522584, 店铺: 汕头市澄海区乐涵玩具厂, SKU数: 1
2026-04-08 09:36:27,795 | INFO | ali1688_goods_monitor |   11. 商品ID: 999142031933, 店铺: 深圳金喜来电子股份有限公司, SKU数: 1
2026-04-08 09:36:27,795 | INFO | ali1688_goods_monitor |   12. 商品ID: 1007062397648, 店铺: 汕头市澄海区坤铄玩具厂, SKU数: 4
2026-04-08 09:36:27,795 | INFO | ali1688_goods_monitor |   13. 商品ID: 890654399053, 店铺: 汕头市澄海区悦优佳玩具厂, SKU数: 22
2026-04-08 09:36:27,795 | INFO | ali1688_goods_monitor |   14. 商品ID: 950670074468, 店铺: 汕头市澄海区雅尚腾玩具厂(个体工商户), SKU数: 36
2026-04-08 09:36:27,795 | INFO | ali1688_goods_monitor |   15. 商品ID: 840249263873, 店铺: 汕头市嬉游记玩具有限公司, SKU数: 8
2026-04-08 09:36:27,795 | INFO | ali1688_goods_monitor |   16. 商品ID: 702199084381, 店铺: 汕头市澄海区实琪玩具有限公司, SKU数: 21
2026-04-08 09:36:27,795 | INFO | ali1688_goods_monitor |   17. 商品ID: 832304702315, 店铺: 广东佰思玩具有限公司, SKU数: 5
2026-04-08 09:36:27,795 | INFO | ali1688_goods_monitor |   18. 商品ID: 1000255776437, 店铺: 义乌市屿团电子商务商行, SKU数: 3
2026-04-08 09:36:27,795 | INFO | ali1688_goods_monitor |   19. 商品ID: 746411095420, 店铺: 汕头市龙湖区宝乐喜玩具商行, SKU数: 6
2026-04-08 09:36:27,795 | INFO | ali1688_goods_monitor |   20. 商品ID: 979471208168, 店铺: 汕头市澄海区淘琪宝玩具厂, SKU数: 1
2026-04-08 09:36:27,883 | INFO | ali1688_goods_monitor | 💾 第4/14批：已保存 20 个商品到数据库
2026-04-08 09:36:27,883 | INFO | ali1688_goods_monitor | ⏸️  随机暂停 5.5 秒...
2026-04-08 09:36:33,396 | INFO | ali1688_goods_monitor | 🔄 刷新页面，准备处理第 5 批...
2026-04-08 09:36:42,636 | INFO | ali1688_goods_monitor | 🔍 处理第 5/14 批，共 20 个商品
2026-04-08 09:36:42,636 | INFO | ali1688_goods_monitor | 📋 商品ID: 859584630627、1009966785995、985206853035、991070192317、927205288673、950658287741、993465198242、998859559585、992800642545、990618054916、652994949606、873771926327、970542473882、836899798919、928580021030、852501307622、632300625030、853399095646、671840552108、975762015590
2026-04-08 09:36:42,637 | INFO | ali1688_goods_monitor | 🧩 选择搜索方式: 商品ID
2026-04-08 09:36:43,124 | INFO | ali1688_goods_monitor | 搜索的商品id是:859584630627、1009966785995、985206853035、991070192317、927205288673、950658287741、993465198242、998859559585、992800642545、990618054916、652994949606、873771926327、970542473882、836899798919、928580021030、852501307622、632300625030、853399095646、671840552108、975762015590
2026-04-08 09:36:44,221 | INFO | ali1688_goods_monitor | ✅ 第 5 批筛选条件已设置
2026-04-08 09:36:47,225 | INFO | ali1688_goods_monitor | 开始获取商品:859584630627、1009966785995、985206853035、991070192317、927205288673、950658287741、993465198242、998859559585、992800642545、990618054916、652994949606、873771926327、970542473882、836899798919、928580021030、852501307622、632300625030、853399095646、671840552108、975762015590的基本信息
2026-04-08 09:36:47,226 | INFO | ali1688_goods_monitor | ⏳ 等待点击【开始查询】并捕获 offerSearch 接口...
2026-04-08 09:36:47,621 | INFO | ali1688_goods_monitor | 商品列表返回码: 200
2026-04-08 09:36:47,621 | INFO | ali1688_goods_monitor | 🚀 开始捕获商品数据，共 20 个商品
2026-04-08 09:36:47,621 | INFO | ali1688_goods_monitor | ✅ 商品基本信息捕获完成，总耗时: 0.00秒
2026-04-08 09:36:47,622 | INFO | ali1688_goods_monitor |    - 商品数: 20
2026-04-08 09:36:47,622 | INFO | ali1688_goods_monitor | ✅ 第 5 批完成，获取到 20 个商品，0 个SKU
2026-04-08 09:36:47,622 | INFO | ali1688_goods_monitor | 📋 第 5 批商品信息:
2026-04-08 09:36:47,622 | INFO | ali1688_goods_monitor |   1. 商品ID: 993465198242, 店铺: 汕头市铭立玩具有限公司, SKU数: 7
2026-04-08 09:36:47,622 | INFO | ali1688_goods_monitor |   2. 商品ID: 859584630627, 店铺: 汕头市龙湖区熹萌喵玩具厂, SKU数: 4
2026-04-08 09:36:47,622 | INFO | ali1688_goods_monitor |   3. 商品ID: 852501307622, 店铺: 汕头市俏娃玩具有限公司, SKU数: 1
2026-04-08 09:36:47,622 | INFO | ali1688_goods_monitor |   4. 商品ID: 927205288673, 店铺: 汕头市龙湖区熹萌喵玩具厂, SKU数: 4
2026-04-08 09:36:47,622 | INFO | ali1688_goods_monitor |   5. 商品ID: 1009966785995, 店铺: 汕头市恒达星玩具有限公司, SKU数: 4
2026-04-08 09:36:47,622 | INFO | ali1688_goods_monitor |   6. 商品ID: 853399095646, 店铺: 汕头市嬉游记玩具有限公司, SKU数: 15
2026-04-08 09:36:47,622 | INFO | ali1688_goods_monitor |   7. 商品ID: 991070192317, 店铺: 汕头市澄海区神宥玩具厂(个体工商户), SKU数: 11
2026-04-08 09:36:47,622 | INFO | ali1688_goods_monitor |   8. 商品ID: 998859559585, 店铺: 汕头市澄海区坤铄玩具厂, SKU数: 11
2026-04-08 09:36:47,622 | INFO | ali1688_goods_monitor |   9. 商品ID: 671840552108, 店铺: 汕头市澄海区华迪锋玩具厂, SKU数: 8
2026-04-08 09:36:47,622 | INFO | ali1688_goods_monitor |   10. 商品ID: 985206853035, 店铺: 汕头市澄海区金颖玩具厂, SKU数: 2
2026-04-08 09:36:47,622 | INFO | ali1688_goods_monitor |   11. 商品ID: 992800642545, 店铺: 汕头市盛星达体育用品有限公司, SKU数: 3
2026-04-08 09:36:47,622 | INFO | ali1688_goods_monitor |   12. 商品ID: 873771926327, 店铺: 汕头市澄海区酷乐孩玩具厂, SKU数: 34
2026-04-08 09:36:47,622 | INFO | ali1688_goods_monitor |   13. 商品ID: 652994949606, 店铺: 汕头市俏娃玩具有限公司, SKU数: 4
2026-04-08 09:36:47,622 | INFO | ali1688_goods_monitor |   14. 商品ID: 975762015590, 店铺: 汕头市澄海区小筑班五金玩具厂, SKU数: 6
2026-04-08 09:36:47,622 | INFO | ali1688_goods_monitor |   15. 商品ID: 928580021030, 店铺: 汕头市嬉游记玩具有限公司, SKU数: 2
2026-04-08 09:36:47,622 | INFO | ali1688_goods_monitor |   16. 商品ID: 836899798919, 店铺: 汕头市澄海区小筑班五金玩具厂, SKU数: 9
2026-04-08 09:36:47,622 | INFO | ali1688_goods_monitor |   17. 商品ID: 990618054916, 店铺: 妆链时代（深圳）科技有限公司, SKU数: 3
2026-04-08 09:36:47,622 | INFO | ali1688_goods_monitor |   18. 商品ID: 632300625030, 店铺: 汕头市俏娃玩具有限公司, SKU数: 1
2026-04-08 09:36:47,622 | INFO | ali1688_goods_monitor |   19. 商品ID: 970542473882, 店铺: 汕头市嬉游记玩具有限公司, SKU数: 5
2026-04-08 09:36:47,622 | INFO | ali1688_goods_monitor |   20. 商品ID: 950658287741, 店铺: 汕头市澄海区三只老鼠玩具厂, SKU数: 18
2026-04-08 09:36:47,713 | INFO | ali1688_goods_monitor | 💾 第5/14批：已保存 20 个商品到数据库
2026-04-08 09:36:47,713 | INFO | ali1688_goods_monitor | ⏸️  随机暂停 6.6 秒...
2026-04-08 09:36:54,343 | INFO | ali1688_goods_monitor | 🔄 刷新页面，准备处理第 6 批...
2026-04-08 09:37:03,587 | INFO | ali1688_goods_monitor | 🔍 处理第 6/14 批，共 20 个商品
2026-04-08 09:37:03,588 | INFO | ali1688_goods_monitor | 📋 商品ID: 994237964153、847990628509、962546716755、854253039240、662598267674、978651830599、692940339011、993354315037、895439014120、997795598539、1037735891255、849820903779、729749403422、948334688543、746416939989、930446969722、991823064917、621865712164、847781001778、864653527961
2026-04-08 09:37:03,589 | INFO | ali1688_goods_monitor | 🧩 选择搜索方式: 商品ID
2026-04-08 09:37:04,077 | INFO | ali1688_goods_monitor | 搜索的商品id是:994237964153、847990628509、962546716755、854253039240、662598267674、978651830599、692940339011、993354315037、895439014120、997795598539、1037735891255、849820903779、729749403422、948334688543、746416939989、930446969722、991823064917、621865712164、847781001778、864653527961
2026-04-08 09:37:05,168 | INFO | ali1688_goods_monitor | ✅ 第 6 批筛选条件已设置
2026-04-08 09:37:08,177 | INFO | ali1688_goods_monitor | 开始获取商品:994237964153、847990628509、962546716755、854253039240、662598267674、978651830599、692940339011、993354315037、895439014120、997795598539、1037735891255、849820903779、729749403422、948334688543、746416939989、930446969722、991823064917、621865712164、847781001778、864653527961的基本信息
2026-04-08 09:37:08,177 | INFO | ali1688_goods_monitor | ⏳ 等待点击【开始查询】并捕获 offerSearch 接口...
2026-04-08 09:37:08,621 | INFO | ali1688_goods_monitor | 商品列表返回码: 200
2026-04-08 09:37:08,621 | INFO | ali1688_goods_monitor | 🚀 开始捕获商品数据，共 19 个商品
2026-04-08 09:37:08,621 | INFO | ali1688_goods_monitor | ✅ 商品基本信息捕获完成，总耗时: 0.00秒
2026-04-08 09:37:08,621 | INFO | ali1688_goods_monitor |    - 商品数: 19
2026-04-08 09:37:08,621 | INFO | ali1688_goods_monitor | ✅ 第 6 批完成，获取到 19 个商品，0 个SKU
2026-04-08 09:37:08,621 | INFO | ali1688_goods_monitor | 📋 第 6 批商品信息:
2026-04-08 09:37:08,621 | INFO | ali1688_goods_monitor |   1. 商品ID: 729749403422, 店铺: 珠海欣球格创科技有限公司, SKU数: 7
2026-04-08 09:37:08,621 | INFO | ali1688_goods_monitor |   2. 商品ID: 895439014120, 店铺: 汕头市澄海区新创贸易商行, SKU数: 8
2026-04-08 09:37:08,621 | INFO | ali1688_goods_monitor |   3. 商品ID: 978651830599, 店铺: 义乌市紫戈玩具有限公司, SKU数: 2
2026-04-08 09:37:08,621 | INFO | ali1688_goods_monitor |   4. 商品ID: 662598267674, 店铺: 汕头市俏娃玩具有限公司, SKU数: 4
2026-04-08 09:37:08,621 | INFO | ali1688_goods_monitor |   5. 商品ID: 621865712164, 店铺: 汕头市俏娃玩具有限公司, SKU数: 8
2026-04-08 09:37:08,621 | INFO | ali1688_goods_monitor |   6. 商品ID: 994237964153, 店铺: 汕头市澄海区十意玩具厂, SKU数: 7
2026-04-08 09:37:08,621 | INFO | ali1688_goods_monitor |   7. 商品ID: 948334688543, 店铺: 汕头市澄海区超慧丰贸易商行, SKU数: 22
2026-04-08 09:37:08,621 | INFO | ali1688_goods_monitor |   8. 商品ID: 993354315037, 店铺: 汕头市澄海区奥维玩具厂, SKU数: 11
2026-04-08 09:37:08,621 | INFO | ali1688_goods_monitor |   9. 商品ID: 864653527961, 店铺: 汕头市迪利嘉科技有限公司, SKU数: 1
2026-04-08 09:37:08,622 | INFO | ali1688_goods_monitor |   10. 商品ID: 746416939989, 店铺: 李楚平, SKU数: 2
2026-04-08 09:37:08,622 | INFO | ali1688_goods_monitor |   11. 商品ID: 997795598539, 店铺: 汕头市盛星达体育用品有限公司, SKU数: 3
2026-04-08 09:37:08,622 | INFO | ali1688_goods_monitor |   12. 商品ID: 692940339011, 店铺: 汕头市澄海区商裕玩具商行, SKU数: 3
2026-04-08 09:37:08,622 | INFO | ali1688_goods_monitor |   13. 商品ID: 930446969722, 店铺: 汕头市俏娃玩具有限公司, SKU数: 2
2026-04-08 09:37:08,622 | INFO | ali1688_goods_monitor |   14. 商品ID: 991823064917, 店铺: 汕头市澄海区都说好玩具商行, SKU数: 8
2026-04-08 09:37:08,622 | INFO | ali1688_goods_monitor |   15. 商品ID: 849820903779, 店铺: 汕头市龙湖区熹萌喵玩具厂, SKU数: 4
2026-04-08 09:37:08,622 | INFO | ali1688_goods_monitor |   16. 商品ID: 847990628509, 店铺: 汕头市龙湖区熹萌喵玩具厂, SKU数: 8
2026-04-08 09:37:08,622 | INFO | ali1688_goods_monitor |   17. 商品ID: 854253039240, 店铺: 汕头市嬉游记玩具有限公司, SKU数: 2
2026-04-08 09:37:08,622 | INFO | ali1688_goods_monitor |   18. 商品ID: 847781001778, 店铺: 汕头市龙湖区熹萌喵玩具厂, SKU数: 4
2026-04-08 09:37:08,622 | INFO | ali1688_goods_monitor |   19. 商品ID: 962546716755, 店铺: 汕头市澄海区淘琪宝玩具厂, SKU数: 3
2026-04-08 09:37:08,706 | INFO | ali1688_goods_monitor | 💾 第6/14批：已保存 19 个商品到数据库
2026-04-08 09:37:08,706 | INFO | ali1688_goods_monitor | ⏸️  随机暂停 6.7 秒...
2026-04-08 09:37:15,383 | INFO | ali1688_goods_monitor | 🔄 刷新页面，准备处理第 7 批...
2026-04-08 09:37:22,846 | INFO | ali1688_goods_monitor | 🔍 处理第 7/14 批，共 20 个商品
2026-04-08 09:37:22,851 | INFO | ali1688_goods_monitor | 📋 商品ID: 995364912374、811638208514、952611726643、915854311158、985998626047、924140770781、986179889619、999860867159、675880303102、997359995216、991467576950、813592780236、920664381969、926941651375、847784309788、991699553836、848195784663、773383798724、1006668462460、917143716667
2026-04-08 09:37:22,851 | INFO | ali1688_goods_monitor | 🧩 选择搜索方式: 商品ID
2026-04-08 09:37:23,309 | INFO | ali1688_goods_monitor | 搜索的商品id是:995364912374、811638208514、952611726643、915854311158、985998626047、924140770781、986179889619、999860867159、675880303102、997359995216、991467576950、813592780236、920664381969、926941651375、847784309788、991699553836、848195784663、773383798724、1006668462460、917143716667
2026-04-08 09:37:24,415 | INFO | ali1688_goods_monitor | ✅ 第 7 批筛选条件已设置
2026-04-08 09:37:27,421 | INFO | ali1688_goods_monitor | 开始获取商品:995364912374、811638208514、952611726643、915854311158、985998626047、924140770781、986179889619、999860867159、675880303102、997359995216、991467576950、813592780236、920664381969、926941651375、847784309788、991699553836、848195784663、773383798724、1006668462460、917143716667的基本信息
2026-04-08 09:37:27,422 | INFO | ali1688_goods_monitor | ⏳ 等待点击【开始查询】并捕获 offerSearch 接口...
2026-04-08 09:37:27,792 | INFO | ali1688_goods_monitor | 商品列表返回码: 200
2026-04-08 09:37:27,792 | INFO | ali1688_goods_monitor | 🚀 开始捕获商品数据，共 19 个商品
2026-04-08 09:37:27,792 | INFO | ali1688_goods_monitor | ✅ 商品基本信息捕获完成，总耗时: 0.00秒
2026-04-08 09:37:27,792 | INFO | ali1688_goods_monitor |    - 商品数: 19
2026-04-08 09:37:27,792 | INFO | ali1688_goods_monitor | ✅ 第 7 批完成，获取到 19 个商品，0 个SKU
2026-04-08 09:37:27,792 | INFO | ali1688_goods_monitor | 📋 第 7 批商品信息:
2026-04-08 09:37:27,792 | INFO | ali1688_goods_monitor |   1. 商品ID: 991467576950, 店铺: 汕头市澄海区罗森丰贸易商行, SKU数: 40
2026-04-08 09:37:27,792 | INFO | ali1688_goods_monitor |   2. 商品ID: 1006668462460, 店铺: 汕头市澄海区美迪电器厂, SKU数: 12
2026-04-08 09:37:27,792 | INFO | ali1688_goods_monitor |   3. 商品ID: 915854311158, 店铺: 汕头市龙湖区熹萌喵玩具厂, SKU数: 5
2026-04-08 09:37:27,792 | INFO | ali1688_goods_monitor |   4. 商品ID: 773383798724, 店铺: 汕头市澄海区优比比玩具商行, SKU数: 10
2026-04-08 09:37:27,792 | INFO | ali1688_goods_monitor |   5. 商品ID: 924140770781, 店铺: 义乌市圣泽文化用品有限公司, SKU数: 2
2026-04-08 09:37:27,792 | INFO | ali1688_goods_monitor |   6. 商品ID: 813592780236, 店铺: 汕头市嬉游记玩具有限公司, SKU数: 2
2026-04-08 09:37:27,792 | INFO | ali1688_goods_monitor |   7. 商品ID: 675880303102, 店铺: 深圳巨变科技有限公司, SKU数: 1
2026-04-08 09:37:27,792 | INFO | ali1688_goods_monitor |   8. 商品ID: 952611726643, 店铺: 汕头市嬉游记玩具有限公司, SKU数: 2
2026-04-08 09:37:27,792 | INFO | ali1688_goods_monitor |   9. 商品ID: 926941651375, 店铺: 汕头市龙湖区熹萌喵玩具厂, SKU数: 10
2026-04-08 09:37:27,792 | INFO | ali1688_goods_monitor |   10. 商品ID: 847784309788, 店铺: 汕头市龙湖区熹萌喵玩具厂, SKU数: 2
2026-04-08 09:37:27,792 | INFO | ali1688_goods_monitor |   11. 商品ID: 986179889619, 店铺: 汕头市澄海区来得玩具厂, SKU数: 3
2026-04-08 09:37:27,792 | INFO | ali1688_goods_monitor |   12. 商品ID: 848195784663, 店铺: 汕头市龙湖区熹萌喵玩具厂, SKU数: 6
2026-04-08 09:37:27,792 | INFO | ali1688_goods_monitor |   13. 商品ID: 995364912374, 店铺: 义乌市绘屿电子商务商行, SKU数: 3
2026-04-08 09:37:27,792 | INFO | ali1688_goods_monitor |   14. 商品ID: 811638208514, 店铺: 汕头市澄海区轮转玩具商行, SKU数: 3
2026-04-08 09:37:27,793 | INFO | ali1688_goods_monitor |   15. 商品ID: 997359995216, 店铺: 汕头市盛缔歆贸易有限公司, SKU数: 4
2026-04-08 09:37:27,793 | INFO | ali1688_goods_monitor |   16. 商品ID: 985998626047, 店铺: 汕头澄海区莱鑫益益智玩具商行, SKU数: 4
2026-04-08 09:37:27,793 | INFO | ali1688_goods_monitor |   17. 商品ID: 999860867159, 店铺: 汕头市盛缔歆贸易有限公司, SKU数: 1
2026-04-08 09:37:27,793 | INFO | ali1688_goods_monitor |   18. 商品ID: 920664381969, 店铺: 义乌市艺可玩具有限公司, SKU数: 4
2026-04-08 09:37:27,793 | INFO | ali1688_goods_monitor |   19. 商品ID: 917143716667, 店铺: 汕头市龙湖区熹萌喵玩具厂, SKU数: 4
2026-04-08 09:37:27,875 | INFO | ali1688_goods_monitor | 💾 第7/14批：已保存 19 个商品到数据库
2026-04-08 09:37:27,875 | INFO | ali1688_goods_monitor | ⏸️  随机暂停 5.2 秒...
2026-04-08 09:37:33,094 | INFO | ali1688_goods_monitor | 🔄 刷新页面，准备处理第 8 批...
2026-04-08 09:37:40,464 | INFO | ali1688_goods_monitor | 🔍 处理第 8/14 批，共 20 个商品
2026-04-08 09:37:40,464 | INFO | ali1688_goods_monitor | 📋 商品ID: 833863806015、778105306124、1000261330427、990374779412、678640196785、855494409051、695065852792、973730524327、969889694254、854773109889、662629659424、1001253412551、796066732390、968025059447、983142383790、918745003737、989391144530、1039821084728、903214944988、909894706445
2026-04-08 09:37:40,465 | INFO | ali1688_goods_monitor | 🧩 选择搜索方式: 商品ID
2026-04-08 09:37:40,937 | INFO | ali1688_goods_monitor | 搜索的商品id是:833863806015、778105306124、1000261330427、990374779412、678640196785、855494409051、695065852792、973730524327、969889694254、854773109889、662629659424、1001253412551、796066732390、968025059447、983142383790、918745003737、989391144530、1039821084728、903214944988、909894706445
2026-04-08 09:37:42,033 | INFO | ali1688_goods_monitor | ✅ 第 8 批筛选条件已设置
2026-04-08 09:37:45,036 | INFO | ali1688_goods_monitor | 开始获取商品:833863806015、778105306124、1000261330427、990374779412、678640196785、855494409051、695065852792、973730524327、969889694254、854773109889、662629659424、1001253412551、796066732390、968025059447、983142383790、918745003737、989391144530、1039821084728、903214944988、909894706445的基本信息
2026-04-08 09:37:45,037 | INFO | ali1688_goods_monitor | ⏳ 等待点击【开始查询】并捕获 offerSearch 接口...
2026-04-08 09:37:45,387 | INFO | ali1688_goods_monitor | 商品列表返回码: 200
2026-04-08 09:37:45,387 | INFO | ali1688_goods_monitor | 🚀 开始捕获商品数据，共 20 个商品
2026-04-08 09:37:45,387 | INFO | ali1688_goods_monitor | ✅ 商品基本信息捕获完成，总耗时: 0.00秒
2026-04-08 09:37:45,387 | INFO | ali1688_goods_monitor |    - 商品数: 20
2026-04-08 09:37:45,387 | INFO | ali1688_goods_monitor | ✅ 第 8 批完成，获取到 20 个商品，0 个SKU
2026-04-08 09:37:45,387 | INFO | ali1688_goods_monitor | 📋 第 8 批商品信息:
2026-04-08 09:37:45,387 | INFO | ali1688_goods_monitor |   1. 商品ID: 1039821084728, 店铺: 义乌市怡芬日用品有限公司, SKU数: None
2026-04-08 09:37:45,387 | INFO | ali1688_goods_monitor |   2. 商品ID: 662629659424, 店铺: 汕头市嬉游记玩具有限公司, SKU数: 4
2026-04-08 09:37:45,387 | INFO | ali1688_goods_monitor |   3. 商品ID: 796066732390, 店铺: 义乌市卡登电子商务有限公司, SKU数: 6
2026-04-08 09:37:45,387 | INFO | ali1688_goods_monitor |   4. 商品ID: 855494409051, 店铺: 汕头市龙湖区熹萌喵玩具厂, SKU数: 4
2026-04-08 09:37:45,387 | INFO | ali1688_goods_monitor |   5. 商品ID: 833863806015, 店铺: 潮州市博思玩具有限公司, SKU数: 5
2026-04-08 09:37:45,387 | INFO | ali1688_goods_monitor |   6. 商品ID: 918745003737, 店铺: 深圳市栓云笙科技有限公司, SKU数: 6
2026-04-08 09:37:45,387 | INFO | ali1688_goods_monitor |   7. 商品ID: 968025059447, 店铺: 汕头市澄海区骇浪玩具商行（个体工商户）, SKU数: 6
2026-04-08 09:37:45,387 | INFO | ali1688_goods_monitor |   8. 商品ID: 990374779412, 店铺: 义乌市精卓工艺品有限公司, SKU数: 3
2026-04-08 09:37:45,387 | INFO | ali1688_goods_monitor |   9. 商品ID: 969889694254, 店铺: 深圳市惠艺美玩具有限公司, SKU数: 27
2026-04-08 09:37:45,387 | INFO | ali1688_goods_monitor |   10. 商品ID: 903214944988, 店铺: 汕头市澄海区汕澄批玩具商行, SKU数: 1
2026-04-08 09:37:45,387 | INFO | ali1688_goods_monitor |   11. 商品ID: 973730524327, 店铺: 汕头市乐与拾光玩具有限公司, SKU数: 11
2026-04-08 09:37:45,387 | INFO | ali1688_goods_monitor |   12. 商品ID: 1000261330427, 店铺: 汕头市盛缔歆贸易有限公司, SKU数: 1
2026-04-08 09:37:45,388 | INFO | ali1688_goods_monitor |   13. 商品ID: 989391144530, 店铺: 汕头市澄海区罗森丰贸易商行, SKU数: 40
2026-04-08 09:37:45,388 | INFO | ali1688_goods_monitor |   14. 商品ID: 778105306124, 店铺: 林粉兰, SKU数: 1
2026-04-08 09:37:45,388 | INFO | ali1688_goods_monitor |   15. 商品ID: 695065852792, 店铺: 汕头市澄海区川宇玩具厂, SKU数: 2
2026-04-08 09:37:45,388 | INFO | ali1688_goods_monitor |   16. 商品ID: 854773109889, 店铺: 汕头市龙湖区熹萌喵玩具厂, SKU数: 1
2026-04-08 09:37:45,388 | INFO | ali1688_goods_monitor |   17. 商品ID: 909894706445, 店铺: 汕头市澄海区越来越聪明玩具厂, SKU数: 22
2026-04-08 09:37:45,388 | INFO | ali1688_goods_monitor |   18. 商品ID: 1001253412551, 店铺: 汕头市澄海区贝晟玩具厂, SKU数: 7
2026-04-08 09:37:45,388 | INFO | ali1688_goods_monitor |   19. 商品ID: 983142383790, 店铺: 东莞市狂蜂狂蚁科技有限公司, SKU数: None
2026-04-08 09:37:45,388 | INFO | ali1688_goods_monitor |   20. 商品ID: 678640196785, 店铺: 汕头市澄海区实琪玩具有限公司, SKU数: 8
2026-04-08 09:37:45,477 | INFO | ali1688_goods_monitor | 💾 第8/14批：已保存 20 个商品到数据库
2026-04-08 09:37:45,477 | INFO | ali1688_goods_monitor | ⏸️  随机暂停 5.9 秒...
2026-04-08 09:37:51,331 | INFO | ali1688_goods_monitor | 🔄 刷新页面，准备处理第 9 批...
2026-04-08 09:38:01,141 | INFO | ali1688_goods_monitor | 🔍 处理第 9/14 批，共 20 个商品
2026-04-08 09:38:01,141 | INFO | ali1688_goods_monitor | 📋 商品ID: 854420062122、653871136084、626387346293、984336119328、978648327291、834236928026、709904411964、847979472849、848295933948、939201456076、985101359570、900592605428、818121391220、668301084321、716733322460、955211708273、985879832920、847713406081、997742353743、906941705446
2026-04-08 09:38:01,141 | INFO | ali1688_goods_monitor | 🧩 选择搜索方式: 商品ID
2026-04-08 09:38:01,596 | INFO | ali1688_goods_monitor | 搜索的商品id是:854420062122、653871136084、626387346293、984336119328、978648327291、834236928026、709904411964、847979472849、848295933948、939201456076、985101359570、900592605428、818121391220、668301084321、716733322460、955211708273、985879832920、847713406081、997742353743、906941705446
2026-04-08 09:38:02,689 | INFO | ali1688_goods_monitor | ✅ 第 9 批筛选条件已设置
2026-04-08 09:38:05,697 | INFO | ali1688_goods_monitor | 开始获取商品:854420062122、653871136084、626387346293、984336119328、978648327291、834236928026、709904411964、847979472849、848295933948、939201456076、985101359570、900592605428、818121391220、668301084321、716733322460、955211708273、985879832920、847713406081、997742353743、906941705446的基本信息
2026-04-08 09:38:05,700 | INFO | ali1688_goods_monitor | ⏳ 等待点击【开始查询】并捕获 offerSearch 接口...
2026-04-08 09:38:06,040 | INFO | ali1688_goods_monitor | 商品列表返回码: 200
2026-04-08 09:38:06,040 | INFO | ali1688_goods_monitor | 🚀 开始捕获商品数据，共 19 个商品
2026-04-08 09:38:06,040 | INFO | ali1688_goods_monitor | ✅ 商品基本信息捕获完成，总耗时: 0.00秒
2026-04-08 09:38:06,041 | INFO | ali1688_goods_monitor |    - 商品数: 19
2026-04-08 09:38:06,041 | INFO | ali1688_goods_monitor | ✅ 第 9 批完成，获取到 19 个商品，0 个SKU
2026-04-08 09:38:06,041 | INFO | ali1688_goods_monitor | 📋 第 9 批商品信息:
2026-04-08 09:38:06,041 | INFO | ali1688_goods_monitor |   1. 商品ID: 939201456076, 店铺: 汕头市龙湖区熹萌喵玩具厂, SKU数: 7
2026-04-08 09:38:06,041 | INFO | ali1688_goods_monitor |   2. 商品ID: 955211708273, 店铺: 汕头市澄海区多美仕玩具厂, SKU数: 23
2026-04-08 09:38:06,041 | INFO | ali1688_goods_monitor |   3. 商品ID: 997742353743, 店铺: 义乌市胤潭电子商务商行, SKU数: 3
2026-04-08 09:38:06,041 | INFO | ali1688_goods_monitor |   4. 商品ID: 818121391220, 店铺: 义乌市零号电子商务商行, SKU数: 7
2026-04-08 09:38:06,041 | INFO | ali1688_goods_monitor |   5. 商品ID: 854420062122, 店铺: 汕头市龙湖区熹萌喵玩具厂, SKU数: 12
2026-04-08 09:38:06,041 | INFO | ali1688_goods_monitor |   6. 商品ID: 668301084321, 店铺: 深圳市铂瑞斯贸易有限公司, SKU数: 5
2026-04-08 09:38:06,041 | INFO | ali1688_goods_monitor |   7. 商品ID: 653871136084, 店铺: 汕头市未闻花名母婴用品有限公司, SKU数: 4
2026-04-08 09:38:06,041 | INFO | ali1688_goods_monitor |   8. 商品ID: 834236928026, 店铺: 深圳焦点创意电子科技发展有限公司, SKU数: 1
2026-04-08 09:38:06,041 | INFO | ali1688_goods_monitor |   9. 商品ID: 985101359570, 店铺: 义乌市栩磊电子商务商行, SKU数: 4
2026-04-08 09:38:06,041 | INFO | ali1688_goods_monitor |   10. 商品ID: 847713406081, 店铺: 汕头市龙湖区熹萌喵玩具厂, SKU数: 1
2026-04-08 09:38:06,041 | INFO | ali1688_goods_monitor |   11. 商品ID: 626387346293, 店铺: 汕头市嬉游记玩具有限公司, SKU数: 10
2026-04-08 09:38:06,041 | INFO | ali1688_goods_monitor |   12. 商品ID: 984336119328, 店铺: 汕头市澄海区泰旭玩具厂, SKU数: 3
2026-04-08 09:38:06,041 | INFO | ali1688_goods_monitor |   13. 商品ID: 709904411964, 店铺: 宿迁市俏楚贸易有限公司, SKU数: 24
2026-04-08 09:38:06,041 | INFO | ali1688_goods_monitor |   14. 商品ID: 985879832920, 店铺: 汕头市龙湖区熹萌喵玩具厂, SKU数: 4
2026-04-08 09:38:06,041 | INFO | ali1688_goods_monitor |   15. 商品ID: 906941705446, 店铺: 义乌市双彩供应链有限公司, SKU数: 2
2026-04-08 09:38:06,041 | INFO | ali1688_goods_monitor |   16. 商品ID: 847979472849, 店铺: 汕头市龙湖区熹萌喵玩具厂, SKU数: 1
2026-04-08 09:38:06,041 | INFO | ali1688_goods_monitor |   17. 商品ID: 716733322460, 店铺: 汕头市澄海区童萌趣玩具贸易商行, SKU数: 8
2026-04-08 09:38:06,041 | INFO | ali1688_goods_monitor |   18. 商品ID: 900592605428, 店铺: 汕头市龙湖区熹萌喵玩具厂, SKU数: 6
2026-04-08 09:38:06,041 | INFO | ali1688_goods_monitor |   19. 商品ID: 848295933948, 店铺: 汕头市龙湖区熹萌喵玩具厂, SKU数: 12
2026-04-08 09:38:06,124 | INFO | ali1688_goods_monitor | 💾 第9/14批：已保存 19 个商品到数据库
2026-04-08 09:38:06,124 | INFO | ali1688_goods_monitor | ⏸️  随机暂停 3.1 秒...
2026-04-08 09:38:09,188 | INFO | ali1688_goods_monitor | 🔄 刷新页面，准备处理第 10 批...
2026-04-08 09:38:17,396 | INFO | ali1688_goods_monitor | 🔍 处理第 10/14 批，共 20 个商品
2026-04-08 09:38:17,397 | INFO | ali1688_goods_monitor | 📋 商品ID: 975402784788、992713938362、998016077358、676772683627、991759687233、987237412445、847713406078、675557812438、946133528766、661664097697、987732400816、724154127228、672751050822、972523284067、661514670948、903149142386、686348979544、942621028118、678110916347、951586784136
2026-04-08 09:38:17,398 | INFO | ali1688_goods_monitor | 🧩 选择搜索方式: 商品ID
2026-04-08 09:38:17,890 | INFO | ali1688_goods_monitor | 搜索的商品id是:975402784788、992713938362、998016077358、676772683627、991759687233、987237412445、847713406078、675557812438、946133528766、661664097697、987732400816、724154127228、672751050822、972523284067、661514670948、903149142386、686348979544、942621028118、678110916347、951586784136
2026-04-08 09:38:18,992 | INFO | ali1688_goods_monitor | ✅ 第 10 批筛选条件已设置
2026-04-08 09:38:21,995 | INFO | ali1688_goods_monitor | 开始获取商品:975402784788、992713938362、998016077358、676772683627、991759687233、987237412445、847713406078、675557812438、946133528766、661664097697、987732400816、724154127228、672751050822、972523284067、661514670948、903149142386、686348979544、942621028118、678110916347、951586784136的基本信息
2026-04-08 09:38:21,996 | INFO | ali1688_goods_monitor | ⏳ 等待点击【开始查询】并捕获 offerSearch 接口...
2026-04-08 09:38:22,336 | INFO | ali1688_goods_monitor | 商品列表返回码: 200
2026-04-08 09:38:22,336 | INFO | ali1688_goods_monitor | 🚀 开始捕获商品数据，共 19 个商品
2026-04-08 09:38:22,337 | INFO | ali1688_goods_monitor | ✅ 商品基本信息捕获完成，总耗时: 0.00秒
2026-04-08 09:38:22,337 | INFO | ali1688_goods_monitor |    - 商品数: 19
2026-04-08 09:38:22,337 | INFO | ali1688_goods_monitor | ✅ 第 10 批完成，获取到 19 个商品，0 个SKU
2026-04-08 09:38:22,337 | INFO | ali1688_goods_monitor | 📋 第 10 批商品信息:
2026-04-08 09:38:22,337 | INFO | ali1688_goods_monitor |   1. 商品ID: 661514670948, 店铺: 汕头市嬉游记玩具有限公司, SKU数: 9
2026-04-08 09:38:22,337 | INFO | ali1688_goods_monitor |   2. 商品ID: 992713938362, 店铺: 深圳市品艺玩具有限公司, SKU数: 4
2026-04-08 09:38:22,337 | INFO | ali1688_goods_monitor |   3. 商品ID: 661664097697, 店铺: 汕头市俏娃玩具有限公司, SKU数: 2
2026-04-08 09:38:22,337 | INFO | ali1688_goods_monitor |   4. 商品ID: 676772683627, 店铺: 汕头市俏娃玩具有限公司, SKU数: 5
2026-04-08 09:38:22,337 | INFO | ali1688_goods_monitor |   5. 商品ID: 678110916347, 店铺: 汕头市澄海区丰乐多玩具厂, SKU数: 9
2026-04-08 09:38:22,337 | INFO | ali1688_goods_monitor |   6. 商品ID: 686348979544, 店铺: 汕头市澄海区做妮物玩具厂, SKU数: 1
2026-04-08 09:38:22,337 | INFO | ali1688_goods_monitor |   7. 商品ID: 946133528766, 店铺: 汕头市澄海区陶境玩具有限公司, SKU数: 4
2026-04-08 09:38:22,337 | INFO | ali1688_goods_monitor |   8. 商品ID: 942621028118, 店铺: 汕头市澄海区孩艺宝玩具厂, SKU数: 20
2026-04-08 09:38:22,337 | INFO | ali1688_goods_monitor |   9. 商品ID: 987237412445, 店铺: 汕头市澄海区童乐玩玩具厂, SKU数: 20
2026-04-08 09:38:22,338 | INFO | ali1688_goods_monitor |   10. 商品ID: 975402784788, 店铺: 汕头市硕维玩具有限公司, SKU数: 1
2026-04-08 09:38:22,338 | INFO | ali1688_goods_monitor |   11. 商品ID: 672751050822, 店铺: 汕头市澄海区高美玩具厂, SKU数: 3
2026-04-08 09:38:22,338 | INFO | ali1688_goods_monitor |   12. 商品ID: 903149142386, 店铺: 汕头市龙湖区熹萌喵玩具厂, SKU数: 4
2026-04-08 09:38:22,338 | INFO | ali1688_goods_monitor |   13. 商品ID: 987732400816, 店铺: 汕头市澄海区新润洋玩具厂, SKU数: 1
2026-04-08 09:38:22,338 | INFO | ali1688_goods_monitor |   14. 商品ID: 847713406078, 店铺: 汕头市龙湖区熹萌喵玩具厂, SKU数: 4
2026-04-08 09:38:22,338 | INFO | ali1688_goods_monitor |   15. 商品ID: 991759687233, 店铺: 义乌市昭旭日用百货有限公司, SKU数: 6
2026-04-08 09:38:22,338 | INFO | ali1688_goods_monitor |   16. 商品ID: 724154127228, 店铺: 汕头市澄海区川宇玩具厂, SKU数: 6
2026-04-08 09:38:22,338 | INFO | ali1688_goods_monitor |   17. 商品ID: 998016077358, 店铺: 汕头市创爱旺科技有限公司, SKU数: 3
2026-04-08 09:38:22,338 | INFO | ali1688_goods_monitor |   18. 商品ID: 972523284067, 店铺: 汕头市澄海区华美乐玩具厂, SKU数: 1
2026-04-08 09:38:22,338 | INFO | ali1688_goods_monitor |   19. 商品ID: 675557812438, 店铺: 汕头市澄海区蛋宝玩具厂, SKU数: 1
2026-04-08 09:38:22,419 | INFO | ali1688_goods_monitor | 💾 第10/14批：已保存 19 个商品到数据库
2026-04-08 09:38:22,419 | INFO | ali1688_goods_monitor | ⏸️  随机暂停 4.6 秒...
2026-04-08 09:38:27,038 | INFO | ali1688_goods_monitor | 🔄 刷新页面，准备处理第 11 批...
2026-04-08 09:38:37,621 | INFO | ali1688_goods_monitor | 🔍 处理第 11/14 批，共 20 个商品
2026-04-08 09:38:37,622 | INFO | ali1688_goods_monitor | 📋 商品ID: 538297571141、670793076081、994715362159、969387993044、910382293640、986633373239、1027381048230、683872677220、1031769907868、990976789985、858770936676、646729482472、917025701974、854168645121、990260832462、992882388093、978968804889、848415574468、900563388108、895042686618
2026-04-08 09:38:37,622 | INFO | ali1688_goods_monitor | 🧩 选择搜索方式: 商品ID
2026-04-08 09:38:38,129 | INFO | ali1688_goods_monitor | 搜索的商品id是:538297571141、670793076081、994715362159、969387993044、910382293640、986633373239、1027381048230、683872677220、1031769907868、990976789985、858770936676、646729482472、917025701974、854168645121、990260832462、992882388093、978968804889、848415574468、900563388108、895042686618
2026-04-08 09:38:39,241 | INFO | ali1688_goods_monitor | ✅ 第 11 批筛选条件已设置
2026-04-08 09:38:42,243 | INFO | ali1688_goods_monitor | 开始获取商品:538297571141、670793076081、994715362159、969387993044、910382293640、986633373239、1027381048230、683872677220、1031769907868、990976789985、858770936676、646729482472、917025701974、854168645121、990260832462、992882388093、978968804889、848415574468、900563388108、895042686618的基本信息
2026-04-08 09:38:42,244 | INFO | ali1688_goods_monitor | ⏳ 等待点击【开始查询】并捕获 offerSearch 接口...
2026-04-08 09:38:42,603 | INFO | ali1688_goods_monitor | 商品列表返回码: 200
2026-04-08 09:38:42,603 | INFO | ali1688_goods_monitor | 🚀 开始捕获商品数据，共 20 个商品
2026-04-08 09:38:42,603 | INFO | ali1688_goods_monitor | ✅ 商品基本信息捕获完成，总耗时: 0.00秒
2026-04-08 09:38:42,603 | INFO | ali1688_goods_monitor |    - 商品数: 20
2026-04-08 09:38:42,603 | INFO | ali1688_goods_monitor | ✅ 第 11 批完成，获取到 20 个商品，0 个SKU
2026-04-08 09:38:42,604 | INFO | ali1688_goods_monitor | 📋 第 11 批商品信息:
2026-04-08 09:38:42,604 | INFO | ali1688_goods_monitor |   1. 商品ID: 990976789985, 店铺: 汕头市澄海区超慧丰贸易商行, SKU数: 16
2026-04-08 09:38:42,604 | INFO | ali1688_goods_monitor |   2. 商品ID: 900563388108, 店铺: 汕头市澄海区孩艺宝玩具厂, SKU数: 12
2026-04-08 09:38:42,604 | INFO | ali1688_goods_monitor |   3. 商品ID: 992882388093, 店铺: 义乌市岚发贸易有限公司, SKU数: 3
2026-04-08 09:38:42,604 | INFO | ali1688_goods_monitor |   4. 商品ID: 990260832462, 店铺: 汕头市澄海区嘉贝施玩具商行, SKU数: 3
2026-04-08 09:38:42,604 | INFO | ali1688_goods_monitor |   5. 商品ID: 670793076081, 店铺: 汕头市澄海区实琪玩具有限公司, SKU数: 12
2026-04-08 09:38:42,604 | INFO | ali1688_goods_monitor |   6. 商品ID: 994715362159, 店铺: 汕头市澄海区臻棒玩具厂, SKU数: 14
2026-04-08 09:38:42,604 | INFO | ali1688_goods_monitor |   7. 商品ID: 848415574468, 店铺: 汕头市龙湖区熹萌喵玩具厂, SKU数: 1
2026-04-08 09:38:42,604 | INFO | ali1688_goods_monitor |   8. 商品ID: 969387993044, 店铺: 汕头市澄海区芽比玩具商行, SKU数: 20
2026-04-08 09:38:42,604 | INFO | ali1688_goods_monitor |   9. 商品ID: 538297571141, 店铺: 深圳灿煜玩具有限公司, SKU数: 6
2026-04-08 09:38:42,604 | INFO | ali1688_goods_monitor |   10. 商品ID: 858770936676, 店铺: 义乌市星愿电子商务有限公司, SKU数: 2
2026-04-08 09:38:42,604 | INFO | ali1688_goods_monitor |   11. 商品ID: 978968804889, 店铺: 汕头市澄海区境趣玩具商行, SKU数: 1
2026-04-08 09:38:42,604 | INFO | ali1688_goods_monitor |   12. 商品ID: 895042686618, 店铺: 汕头市龙湖区熹萌喵玩具厂, SKU数: 2
2026-04-08 09:38:42,604 | INFO | ali1688_goods_monitor |   13. 商品ID: 683872677220, 店铺: 汕头市俏娃玩具有限公司, SKU数: 3
2026-04-08 09:38:42,604 | INFO | ali1688_goods_monitor |   14. 商品ID: 646729482472, 店铺: 汕头市澄海区创羽玩具贸易商行, SKU数: 6
2026-04-08 09:38:42,604 | INFO | ali1688_goods_monitor |   15. 商品ID: 1027381048230, 店铺: 深圳市智其峰科技有限公司, SKU数: 36
2026-04-08 09:38:42,604 | INFO | ali1688_goods_monitor |   16. 商品ID: 986633373239, 店铺: 汕头市嬉游记玩具有限公司, SKU数: 11
2026-04-08 09:38:42,604 | INFO | ali1688_goods_monitor |   17. 商品ID: 854168645121, 店铺: 汕头市俏娃玩具有限公司, SKU数: 3
2026-04-08 09:38:42,604 | INFO | ali1688_goods_monitor |   18. 商品ID: 1031769907868, 店铺: 汕头市龙湖区莱之趣玩具商行（个体工商户）, SKU数: 6
2026-04-08 09:38:42,604 | INFO | ali1688_goods_monitor |   19. 商品ID: 917025701974, 店铺: 汕头市澄海区佳允玩具厂, SKU数: 8
2026-04-08 09:38:42,604 | INFO | ali1688_goods_monitor |   20. 商品ID: 910382293640, 店铺: 汕头市澄海区越来越聪明玩具厂, SKU数: 22
2026-04-08 09:38:42,710 | INFO | ali1688_goods_monitor | 💾 第11/14批：已保存 20 个商品到数据库
2026-04-08 09:38:42,711 | INFO | ali1688_goods_monitor | ⏸️  随机暂停 3.8 秒...
2026-04-08 09:38:46,499 | INFO | ali1688_goods_monitor | 🔄 刷新页面，准备处理第 12 批...
2026-04-08 09:38:55,005 | INFO | ali1688_goods_monitor | 🔍 处理第 12/14 批，共 20 个商品
2026-04-08 09:38:55,005 | INFO | ali1688_goods_monitor | 📋 商品ID: 734736330484、985898832914、847993548322、1013917249205、1033404841463、1035850540780、992863648563、973255115593、643044757475、897059922290、973247771787、629652629026、984991416938、960725525521、1028239295024、634658078975、757454263904、728912992880、1001279554121、726064645781
2026-04-08 09:38:55,005 | INFO | ali1688_goods_monitor | 🧩 选择搜索方式: 商品ID
2026-04-08 09:38:55,503 | INFO | ali1688_goods_monitor | 搜索的商品id是:734736330484、985898832914、847993548322、1013917249205、1033404841463、1035850540780、992863648563、973255115593、643044757475、897059922290、973247771787、629652629026、984991416938、960725525521、1028239295024、634658078975、757454263904、728912992880、1001279554121、726064645781
2026-04-08 09:38:56,639 | INFO | ali1688_goods_monitor | ✅ 第 12 批筛选条件已设置
2026-04-08 09:38:59,640 | INFO | ali1688_goods_monitor | 开始获取商品:734736330484、985898832914、847993548322、1013917249205、1033404841463、1035850540780、992863648563、973255115593、643044757475、897059922290、973247771787、629652629026、984991416938、960725525521、1028239295024、634658078975、757454263904、728912992880、1001279554121、726064645781的基本信息
2026-04-08 09:38:59,640 | INFO | ali1688_goods_monitor | ⏳ 等待点击【开始查询】并捕获 offerSearch 接口...
2026-04-08 09:38:59,982 | INFO | ali1688_goods_monitor | 商品列表返回码: 200
2026-04-08 09:38:59,983 | INFO | ali1688_goods_monitor | 🚀 开始捕获商品数据，共 19 个商品
2026-04-08 09:38:59,983 | INFO | ali1688_goods_monitor | ✅ 商品基本信息捕获完成，总耗时: 0.00秒
2026-04-08 09:38:59,983 | INFO | ali1688_goods_monitor |    - 商品数: 19
2026-04-08 09:38:59,983 | INFO | ali1688_goods_monitor | ✅ 第 12 批完成，获取到 19 个商品，0 个SKU
2026-04-08 09:38:59,983 | INFO | ali1688_goods_monitor | 📋 第 12 批商品信息:
2026-04-08 09:38:59,983 | INFO | ali1688_goods_monitor |   1. 商品ID: 734736330484, 店铺: 汕头市澄海区悦优佳玩具厂, SKU数: 34
2026-04-08 09:38:59,983 | INFO | ali1688_goods_monitor |   2. 商品ID: 1028239295024, 店铺: 汕头市澄海区东原玩具厂(个体工商户), SKU数: 1
2026-04-08 09:38:59,983 | INFO | ali1688_goods_monitor |   3. 商品ID: 757454263904, 店铺: 汕头市恩游兔玩具有限公司, SKU数: 1
2026-04-08 09:38:59,983 | INFO | ali1688_goods_monitor |   4. 商品ID: 973247771787, 店铺: 汕头市澄海区萃婴乐玩具厂, SKU数: 2
2026-04-08 09:38:59,983 | INFO | ali1688_goods_monitor |   5. 商品ID: 992863648563, 店铺: 汕头市澄海区贝趣星玩具厂, SKU数: 11
2026-04-08 09:38:59,983 | INFO | ali1688_goods_monitor |   6. 商品ID: 728912992880, 店铺: 汕头市澄海区泓趣欢玩具厂, SKU数: 24
2026-04-08 09:38:59,983 | INFO | ali1688_goods_monitor |   7. 商品ID: 897059922290, 店铺: 1688选品中心官方供应链, SKU数: 5
2026-04-08 09:38:59,983 | INFO | ali1688_goods_monitor |   8. 商品ID: 960725525521, 店铺: 汕头市龙湖区熹萌喵玩具厂, SKU数: 10
2026-04-08 09:38:59,983 | INFO | ali1688_goods_monitor |   9. 商品ID: 643044757475, 店铺: 汕头市稳住别浪玩具科技有限公司, SKU数: 41
2026-04-08 09:38:59,984 | INFO | ali1688_goods_monitor |   10. 商品ID: 973255115593, 店铺: 汕头市澄海区悦优佳玩具厂, SKU数: 36
2026-04-08 09:38:59,984 | INFO | ali1688_goods_monitor |   11. 商品ID: 984991416938, 店铺: 汕头市龙湖区熹萌喵玩具厂, SKU数: 6
2026-04-08 09:38:59,984 | INFO | ali1688_goods_monitor |   12. 商品ID: 629652629026, 店铺: 汕头市嬉游记玩具有限公司, SKU数: 5
2026-04-08 09:38:59,984 | INFO | ali1688_goods_monitor |   13. 商品ID: 634658078975, 店铺: 汕头市嬉游记玩具有限公司, SKU数: 16
2026-04-08 09:38:59,984 | INFO | ali1688_goods_monitor |   14. 商品ID: 847993548322, 店铺: 汕头市龙湖区熹萌喵玩具厂, SKU数: 3
2026-04-08 09:38:59,984 | INFO | ali1688_goods_monitor |   15. 商品ID: 1035850540780, 店铺: 汕头市澄海区盛艺兴玩具厂, SKU数: 8
2026-04-08 09:38:59,984 | INFO | ali1688_goods_monitor |   16. 商品ID: 1013917249205, 店铺: 广东佰思玩具有限公司, SKU数: 5
2026-04-08 09:38:59,984 | INFO | ali1688_goods_monitor |   17. 商品ID: 1033404841463, 店铺: 汕头市龙湖区莱之趣玩具商行（个体工商户）, SKU数: 4
2026-04-08 09:38:59,984 | INFO | ali1688_goods_monitor |   18. 商品ID: 1001279554121, 店铺: 汕头市澄海区金宝欢玩具商行, SKU数: 4
2026-04-08 09:38:59,984 | INFO | ali1688_goods_monitor |   19. 商品ID: 726064645781, 店铺: 汕头市澄海区奕欣玩具有限公司, SKU数: 6
2026-04-08 09:39:00,067 | INFO | ali1688_goods_monitor | 💾 第12/14批：已保存 19 个商品到数据库
2026-04-08 09:39:00,067 | INFO | ali1688_goods_monitor | ⏸️  随机暂停 3.5 秒...
2026-04-08 09:39:03,615 | INFO | ali1688_goods_monitor | 🔄 刷新页面，准备处理第 13 批...
2026-04-08 09:39:11,962 | INFO | ali1688_goods_monitor | 🔍 处理第 13/14 批，共 20 个商品
2026-04-08 09:39:11,962 | INFO | ali1688_goods_monitor | 📋 商品ID: 795861191445、727364044091、894449366946、809233523760、990425215638、970781028572、929103621035、658391484708、990589043915、1031855101004、687729432138、858007859516、1024421346400、1001391447719、728364497329、952896839032、622513415473、974035321584、847969236799、969646541226
2026-04-08 09:39:11,962 | INFO | ali1688_goods_monitor | 🧩 选择搜索方式: 商品ID
2026-04-08 09:39:12,424 | INFO | ali1688_goods_monitor | 搜索的商品id是:795861191445、727364044091、894449366946、809233523760、990425215638、970781028572、929103621035、658391484708、990589043915、1031855101004、687729432138、858007859516、1024421346400、1001391447719、728364497329、952896839032、622513415473、974035321584、847969236799、969646541226
2026-04-08 09:39:13,516 | INFO | ali1688_goods_monitor | ✅ 第 13 批筛选条件已设置
2026-04-08 09:39:16,532 | INFO | ali1688_goods_monitor | 开始获取商品:795861191445、727364044091、894449366946、809233523760、990425215638、970781028572、929103621035、658391484708、990589043915、1031855101004、687729432138、858007859516、1024421346400、1001391447719、728364497329、952896839032、622513415473、974035321584、847969236799、969646541226的基本信息
2026-04-08 09:39:16,532 | INFO | ali1688_goods_monitor | ⏳ 等待点击【开始查询】并捕获 offerSearch 接口...
2026-04-08 09:39:16,889 | INFO | ali1688_goods_monitor | 商品列表返回码: 200
2026-04-08 09:39:16,889 | INFO | ali1688_goods_monitor | 🚀 开始捕获商品数据，共 20 个商品
2026-04-08 09:39:16,889 | INFO | ali1688_goods_monitor | ✅ 商品基本信息捕获完成，总耗时: 0.00秒
2026-04-08 09:39:16,889 | INFO | ali1688_goods_monitor |    - 商品数: 20
2026-04-08 09:39:16,889 | INFO | ali1688_goods_monitor | ✅ 第 13 批完成，获取到 20 个商品，0 个SKU
2026-04-08 09:39:16,889 | INFO | ali1688_goods_monitor | 📋 第 13 批商品信息:
2026-04-08 09:39:16,889 | INFO | ali1688_goods_monitor |   1. 商品ID: 1024421346400, 店铺: 深圳市金贝合科技有限公司, SKU数: 2
2026-04-08 09:39:16,889 | INFO | ali1688_goods_monitor |   2. 商品ID: 809233523760, 店铺: 汕头市澄海区小筑班五金玩具厂, SKU数: 1
2026-04-08 09:39:16,889 | INFO | ali1688_goods_monitor |   3. 商品ID: 929103621035, 店铺: 汕头市鹿禾科教文化有限公司, SKU数: 6
2026-04-08 09:39:16,889 | INFO | ali1688_goods_monitor |   4. 商品ID: 847969236799, 店铺: 汕头市龙湖区熹萌喵玩具厂, SKU数: 32
2026-04-08 09:39:16,890 | INFO | ali1688_goods_monitor |   5. 商品ID: 990425215638, 店铺: 汕头市澄海区汇熙宝玩具厂, SKU数: 5
2026-04-08 09:39:16,890 | INFO | ali1688_goods_monitor |   6. 商品ID: 858007859516, 店铺: 义乌市登妹贸易有限公司, SKU数: 2
2026-04-08 09:39:16,890 | INFO | ali1688_goods_monitor |   7. 商品ID: 969646541226, 店铺: 汕头市澄海区奋星玩具商行, SKU数: 11
2026-04-08 09:39:16,890 | INFO | ali1688_goods_monitor |   8. 商品ID: 952896839032, 店铺: 汕头市俏娃玩具有限公司, SKU数: 3
2026-04-08 09:39:16,890 | INFO | ali1688_goods_monitor |   9. 商品ID: 974035321584, 店铺: 汕头市澄海区聚诚乐玩具厂, SKU数: 5
2026-04-08 09:39:16,890 | INFO | ali1688_goods_monitor |   10. 商品ID: 990589043915, 店铺: 义乌市辰秘科技有限公司, SKU数: 3
2026-04-08 09:39:16,890 | INFO | ali1688_goods_monitor |   11. 商品ID: 795861191445, 店铺: 义乌市卡登电子商务有限公司, SKU数: 6
2026-04-08 09:39:16,890 | INFO | ali1688_goods_monitor |   12. 商品ID: 727364044091, 店铺: 汕头市澄海区实琪玩具有限公司, SKU数: 7
2026-04-08 09:39:16,890 | INFO | ali1688_goods_monitor |   13. 商品ID: 658391484708, 店铺: 汕头市澄海区柏嘉盛玩具商行, SKU数: 12
2026-04-08 09:39:16,890 | INFO | ali1688_goods_monitor |   14. 商品ID: 970781028572, 店铺: 汕头市俏娃玩具有限公司, SKU数: 1
2026-04-08 09:39:16,890 | INFO | ali1688_goods_monitor |   15. 商品ID: 728364497329, 店铺: 广东佰思玩具有限公司, SKU数: 5
2026-04-08 09:39:16,890 | INFO | ali1688_goods_monitor |   16. 商品ID: 622513415473, 店铺: 汕头市嬉游记玩具有限公司, SKU数: 4
2026-04-08 09:39:16,890 | INFO | ali1688_goods_monitor |   17. 商品ID: 1001391447719, 店铺: 汕头市才佳玩具有限公司, SKU数: 2
2026-04-08 09:39:16,890 | INFO | ali1688_goods_monitor |   18. 商品ID: 687729432138, 店铺: 深圳巨变科技有限公司, SKU数: 1
2026-04-08 09:39:16,890 | INFO | ali1688_goods_monitor |   19. 商品ID: 894449366946, 店铺: 汕头市澄海区雅尚腾玩具厂(个体工商户), SKU数: 30
2026-04-08 09:39:16,890 | INFO | ali1688_goods_monitor |   20. 商品ID: 1031855101004, 店铺: 汕头市澄海区尤纳兴玩具商行, SKU数: 7
2026-04-08 09:39:17,002 | INFO | ali1688_goods_monitor | 💾 第13/14批：已保存 20 个商品到数据库
2026-04-08 09:39:17,002 | INFO | ali1688_goods_monitor | ⏸️  随机暂停 6.3 秒...
2026-04-08 09:39:23,352 | INFO | ali1688_goods_monitor | 🔄 刷新页面，准备处理第 14 批...
2026-04-08 09:39:31,888 | INFO | ali1688_goods_monitor | 🔍 处理第 14/14 批，共 15 个商品
2026-04-08 09:39:31,888 | INFO | ali1688_goods_monitor | 📋 商品ID: 751554304142、863983065199、775392792723、857784361057、734549030910、713699292120、750175006113、927867865604、621194315291、954152497198、854259763574、982635289066、999695394272、947764418500、963819028092
2026-04-08 09:39:31,889 | INFO | ali1688_goods_monitor | 🧩 选择搜索方式: 商品ID
2026-04-08 09:39:32,389 | INFO | ali1688_goods_monitor | 搜索的商品id是:751554304142、863983065199、775392792723、857784361057、734549030910、713699292120、750175006113、927867865604、621194315291、954152497198、854259763574、982635289066、999695394272、947764418500、963819028092
2026-04-08 09:39:33,483 | INFO | ali1688_goods_monitor | ✅ 第 14 批筛选条件已设置
2026-04-08 09:39:36,491 | INFO | ali1688_goods_monitor | 开始获取商品:751554304142、863983065199、775392792723、857784361057、734549030910、713699292120、750175006113、927867865604、621194315291、954152497198、854259763574、982635289066、999695394272、947764418500、963819028092的基本信息
2026-04-08 09:39:36,492 | INFO | ali1688_goods_monitor | ⏳ 等待点击【开始查询】并捕获 offerSearch 接口...
2026-04-08 09:39:36,800 | INFO | ali1688_goods_monitor | 商品列表返回码: 200
2026-04-08 09:39:36,800 | INFO | ali1688_goods_monitor | 🚀 开始捕获商品数据，共 15 个商品
2026-04-08 09:39:36,800 | INFO | ali1688_goods_monitor | ✅ 商品基本信息捕获完成，总耗时: 0.00秒
2026-04-08 09:39:36,800 | INFO | ali1688_goods_monitor |    - 商品数: 15
2026-04-08 09:39:36,800 | INFO | ali1688_goods_monitor | ✅ 第 14 批完成，获取到 15 个商品，0 个SKU
2026-04-08 09:39:36,800 | INFO | ali1688_goods_monitor | 📋 第 14 批商品信息:
2026-04-08 09:39:36,800 | INFO | ali1688_goods_monitor |   1. 商品ID: 775392792723, 店铺: 汕头市澄海区方米狸玩具厂, SKU数: 25
2026-04-08 09:39:36,800 | INFO | ali1688_goods_monitor |   2. 商品ID: 734549030910, 店铺: 汕头市澄海区萃婴乐玩具厂, SKU数: 14
2026-04-08 09:39:36,800 | INFO | ali1688_goods_monitor |   3. 商品ID: 713699292120, 店铺: 汕头市正鹰科教玩具有限公司, SKU数: 9
2026-04-08 09:39:36,800 | INFO | ali1688_goods_monitor |   4. 商品ID: 621194315291, 店铺: 深圳市纵新电子科技有限公司, SKU数: 4
2026-04-08 09:39:36,800 | INFO | ali1688_goods_monitor |   5. 商品ID: 927867865604, 店铺: 汕头市龙湖区熹萌喵玩具厂, SKU数: 18
2026-04-08 09:39:36,800 | INFO | ali1688_goods_monitor |   6. 商品ID: 854259763574, 店铺: 汕头市龙湖区熹萌喵玩具厂, SKU数: 1
2026-04-08 09:39:36,800 | INFO | ali1688_goods_monitor |   7. 商品ID: 750175006113, 店铺: 汕头市澄海区轮转玩具商行, SKU数: 1
2026-04-08 09:39:36,800 | INFO | ali1688_goods_monitor |   8. 商品ID: 751554304142, 店铺: 汕头市嬉游记玩具有限公司, SKU数: 2
2026-04-08 09:39:36,801 | INFO | ali1688_goods_monitor |   9. 商品ID: 947764418500, 店铺: 杜恒广, SKU数: 1
2026-04-08 09:39:36,801 | INFO | ali1688_goods_monitor |   10. 商品ID: 954152497198, 店铺: 汕头市乐享贝比贸易有限公司, SKU数: 6
2026-04-08 09:39:36,801 | INFO | ali1688_goods_monitor |   11. 商品ID: 857784361057, 店铺: 汕头市龙湖区熹萌喵玩具厂, SKU数: 10
2026-04-08 09:39:36,801 | INFO | ali1688_goods_monitor |   12. 商品ID: 963819028092, 店铺: 汕头市龙湖区熹萌喵玩具厂, SKU数: 2
2026-04-08 09:39:36,801 | INFO | ali1688_goods_monitor |   13. 商品ID: 982635289066, 店铺: 汕头市创爱旺科技有限公司, SKU数: 26
2026-04-08 09:39:36,801 | INFO | ali1688_goods_monitor |   14. 商品ID: 863983065199, 店铺: 汕头澄海区启迪恩玩具商行, SKU数: 1
2026-04-08 09:39:36,801 | INFO | ali1688_goods_monitor |   15. 商品ID: 999695394272, 店铺: 义乌市大愚玩具有限公司, SKU数: 5
2026-04-08 09:39:36,873 | INFO | ali1688_goods_monitor | 💾 第14/14批：已保存 15 个商品到数据库
2026-04-08 09:39:36,873 | INFO | ali1688_goods_monitor | 🎉 第一阶段完成，共获取 269 个商品基本信息
2026-04-08 09:39:36,873 | INFO | ali1688_goods_monitor | ============================================================
2026-04-08 09:39:36,873 | INFO | ali1688_goods_monitor | 📊 第二阶段：获取SKU信息
2026-04-08 09:39:36,873 | INFO | ali1688_goods_monitor | ============================================================
2026-04-08 09:39:36,873 | INFO | ali1688_goods_monitor | 🔍 准备获取 269 个商品的SKU信息...
2026-04-08 09:39:36,873 | INFO | ali1688_goods_monitor | 📋 即将获取SKU的商品列表:
2026-04-08 09:39:36,873 | INFO | ali1688_goods_monitor |   1. https://detail.1688.com/offer/903613869442.html (SKU数: 4)
2026-04-08 09:39:36,873 | INFO | ali1688_goods_monitor |   2. https://detail.1688.com/offer/1026068947837.html (SKU数: 3)
2026-04-08 09:39:36,873 | INFO | ali1688_goods_monitor |   3. https://detail.1688.com/offer/968280048908.html (SKU数: 31)
2026-04-08 09:39:36,874 | INFO | ali1688_goods_monitor |   4. https://detail.1688.com/offer/1005984550667.html (SKU数: 36)
2026-04-08 09:39:36,874 | INFO | ali1688_goods_monitor |   5. https://detail.1688.com/offer/971080031926.html (SKU数: 3)
2026-04-08 09:39:36,874 | INFO | ali1688_goods_monitor |   6. https://detail.1688.com/offer/617837580726.html (SKU数: 2)
2026-04-08 09:39:36,874 | INFO | ali1688_goods_monitor |   7. https://detail.1688.com/offer/943395574791.html (SKU数: 1)
2026-04-08 09:39:36,874 | INFO | ali1688_goods_monitor |   8. https://detail.1688.com/offer/979203908708.html (SKU数: 24)
2026-04-08 09:39:36,874 | INFO | ali1688_goods_monitor |   9. https://detail.1688.com/offer/807432916292.html (SKU数: 24)
2026-04-08 09:39:36,874 | INFO | ali1688_goods_monitor |   10. https://detail.1688.com/offer/928700805986.html (SKU数: 2)
2026-04-08 09:39:36,874 | INFO | ali1688_goods_monitor |   11. https://detail.1688.com/offer/971037620206.html (SKU数: 1)
2026-04-08 09:39:36,874 | INFO | ali1688_goods_monitor |   12. https://detail.1688.com/offer/1040782952704.html (SKU数: 1)
2026-04-08 09:39:36,874 | INFO | ali1688_goods_monitor |   13. https://detail.1688.com/offer/954713432833.html (SKU数: 2)
2026-04-08 09:39:36,874 | INFO | ali1688_goods_monitor |   14. https://detail.1688.com/offer/1016515592011.html (SKU数: 4)
2026-04-08 09:39:36,874 | INFO | ali1688_goods_monitor |   15. https://detail.1688.com/offer/835170979856.html (SKU数: 10)
2026-04-08 09:39:36,874 | INFO | ali1688_goods_monitor |   16. https://detail.1688.com/offer/982634945037.html (SKU数: 26)
2026-04-08 09:39:36,874 | INFO | ali1688_goods_monitor |   17. https://detail.1688.com/offer/812259607012.html (SKU数: 39)
2026-04-08 09:39:36,874 | INFO | ali1688_goods_monitor |   18. https://detail.1688.com/offer/798059727032.html (SKU数: 16)
2026-04-08 09:39:36,874 | INFO | ali1688_goods_monitor |   19. https://detail.1688.com/offer/1003272185431.html (SKU数: 5)
2026-04-08 09:39:36,874 | INFO | ali1688_goods_monitor |   20. https://detail.1688.com/offer/833661915665.html (SKU数: 1)
2026-04-08 09:39:36,874 | INFO | ali1688_goods_monitor |   21. https://detail.1688.com/offer/990409899841.html (SKU数: 1)
2026-04-08 09:39:36,874 | INFO | ali1688_goods_monitor |   22. https://detail.1688.com/offer/1025513853144.html (SKU数: 8)
2026-04-08 09:39:36,874 | INFO | ali1688_goods_monitor |   23. https://detail.1688.com/offer/991935831793.html (SKU数: 3)
2026-04-08 09:39:36,874 | INFO | ali1688_goods_monitor |   24. https://detail.1688.com/offer/907762599791.html (SKU数: 10)
2026-04-08 09:39:36,874 | INFO | ali1688_goods_monitor |   25. https://detail.1688.com/offer/969366546749.html (SKU数: 1)
2026-04-08 09:39:36,874 | INFO | ali1688_goods_monitor |   26. https://detail.1688.com/offer/741922490714.html (SKU数: 2)
2026-04-08 09:39:36,874 | INFO | ali1688_goods_monitor |   27. https://detail.1688.com/offer/590591825369.html (SKU数: 22)
2026-04-08 09:39:36,874 | INFO | ali1688_goods_monitor |   28. https://detail.1688.com/offer/776195311997.html (SKU数: 1)
2026-04-08 09:39:36,875 | INFO | ali1688_goods_monitor |   29. https://detail.1688.com/offer/903636127402.html (SKU数: 3)
2026-04-08 09:39:36,875 | INFO | ali1688_goods_monitor |   30. https://detail.1688.com/offer/812514770228.html (SKU数: 2)
2026-04-08 09:39:36,875 | INFO | ali1688_goods_monitor |   31. https://detail.1688.com/offer/875034473523.html (SKU数: 3)
2026-04-08 09:39:36,875 | INFO | ali1688_goods_monitor |   32. https://detail.1688.com/offer/1013037690222.html (SKU数: 1)
2026-04-08 09:39:36,875 | INFO | ali1688_goods_monitor |   33. https://detail.1688.com/offer/889385901298.html (SKU数: 3)
2026-04-08 09:39:36,875 | INFO | ali1688_goods_monitor |   34. https://detail.1688.com/offer/979396013303.html (SKU数: 1)
2026-04-08 09:39:36,875 | INFO | ali1688_goods_monitor |   35. https://detail.1688.com/offer/962746907189.html (SKU数: 4)
2026-04-08 09:39:36,875 | INFO | ali1688_goods_monitor |   36. https://detail.1688.com/offer/895285249007.html (SKU数: 36)
2026-04-08 09:39:36,875 | INFO | ali1688_goods_monitor |   37. https://detail.1688.com/offer/894936744591.html (SKU数: 16)
2026-04-08 09:39:36,875 | INFO | ali1688_goods_monitor |   38. https://detail.1688.com/offer/970715744477.html (SKU数: 1)
2026-04-08 09:39:36,875 | INFO | ali1688_goods_monitor |   39. https://detail.1688.com/offer/811139889293.html (SKU数: 8)
2026-04-08 09:39:36,875 | INFO | ali1688_goods_monitor |   40. https://detail.1688.com/offer/677301391721.html (SKU数: 5)
2026-04-08 09:39:36,875 | INFO | ali1688_goods_monitor |   41. https://detail.1688.com/offer/847794753111.html (SKU数: 4)
2026-04-08 09:39:36,875 | INFO | ali1688_goods_monitor |   42. https://detail.1688.com/offer/826873938709.html (SKU数: 1)
2026-04-08 09:39:36,875 | INFO | ali1688_goods_monitor |   43. https://detail.1688.com/offer/951035484615.html (SKU数: 29)
2026-04-08 09:39:36,875 | INFO | ali1688_goods_monitor |   44. https://detail.1688.com/offer/677709968233.html (SKU数: 5)
2026-04-08 09:39:36,875 | INFO | ali1688_goods_monitor |   45. https://detail.1688.com/offer/1000398364752.html (SKU数: 4)
2026-04-08 09:39:36,875 | INFO | ali1688_goods_monitor |   46. https://detail.1688.com/offer/628617576125.html (SKU数: 5)
2026-04-08 09:39:36,875 | INFO | ali1688_goods_monitor |   47. https://detail.1688.com/offer/976178977054.html (SKU数: 5)
2026-04-08 09:39:36,875 | INFO | ali1688_goods_monitor |   48. https://detail.1688.com/offer/992071730825.html (SKU数: 3)
2026-04-08 09:39:36,875 | INFO | ali1688_goods_monitor |   49. https://detail.1688.com/offer/994662909434.html (SKU数: 3)
2026-04-08 09:39:36,875 | INFO | ali1688_goods_monitor |   50. https://detail.1688.com/offer/856805654657.html (SKU数: 1)
2026-04-08 09:39:36,875 | INFO | ali1688_goods_monitor |   51. https://detail.1688.com/offer/998051010590.html (SKU数: 4)
2026-04-08 09:39:36,875 | INFO | ali1688_goods_monitor |   52. https://detail.1688.com/offer/992251601092.html (SKU数: 3)
2026-04-08 09:39:36,875 | INFO | ali1688_goods_monitor |   53. https://detail.1688.com/offer/902961760235.html (SKU数: 4)
2026-04-08 09:39:36,875 | INFO | ali1688_goods_monitor |   54. https://detail.1688.com/offer/847495122732.html (SKU数: 3)
2026-04-08 09:39:36,875 | INFO | ali1688_goods_monitor |   55. https://detail.1688.com/offer/900967422750.html (SKU数: 22)
2026-04-08 09:39:36,875 | INFO | ali1688_goods_monitor |   56. https://detail.1688.com/offer/950726478383.html (SKU数: 13)
2026-04-08 09:39:36,876 | INFO | ali1688_goods_monitor |   57. https://detail.1688.com/offer/970377098770.html (SKU数: 37)
2026-04-08 09:39:36,876 | INFO | ali1688_goods_monitor |   58. https://detail.1688.com/offer/799083276279.html (SKU数: 3)
2026-04-08 09:39:36,876 | INFO | ali1688_goods_monitor |   59. https://detail.1688.com/offer/681658732090.html (SKU数: 1)
2026-04-08 09:39:36,876 | INFO | ali1688_goods_monitor |   60. https://detail.1688.com/offer/996059989352.html (SKU数: 3)
2026-04-08 09:39:36,876 | INFO | ali1688_goods_monitor |   61. https://detail.1688.com/offer/902473655388.html (SKU数: 1)
2026-04-08 09:39:36,876 | INFO | ali1688_goods_monitor |   62. https://detail.1688.com/offer/703551244918.html (SKU数: 3)
2026-04-08 09:39:36,877 | INFO | ali1688_goods_monitor |   63. https://detail.1688.com/offer/899704194303.html (SKU数: 12)
2026-04-08 09:39:36,877 | INFO | ali1688_goods_monitor |   64. https://detail.1688.com/offer/898439171537.html (SKU数: 14)
2026-04-08 09:39:36,877 | INFO | ali1688_goods_monitor |   65. https://detail.1688.com/offer/890407614753.html (SKU数: 17)
2026-04-08 09:39:36,877 | INFO | ali1688_goods_monitor |   66. https://detail.1688.com/offer/873614306333.html (SKU数: 5)
2026-04-08 09:39:36,877 | INFO | ali1688_goods_monitor |   67. https://detail.1688.com/offer/43695296576.html (SKU数: 2)
2026-04-08 09:39:36,877 | INFO | ali1688_goods_monitor |   68. https://detail.1688.com/offer/956573560393.html (SKU数: 3)
2026-04-08 09:39:36,877 | INFO | ali1688_goods_monitor |   69. https://detail.1688.com/offer/789633522584.html (SKU数: 1)
2026-04-08 09:39:36,877 | INFO | ali1688_goods_monitor |   70. https://detail.1688.com/offer/999142031933.html (SKU数: 1)
2026-04-08 09:39:36,877 | INFO | ali1688_goods_monitor |   71. https://detail.1688.com/offer/1007062397648.html (SKU数: 4)
2026-04-08 09:39:36,877 | INFO | ali1688_goods_monitor |   72. https://detail.1688.com/offer/890654399053.html (SKU数: 22)
2026-04-08 09:39:36,877 | INFO | ali1688_goods_monitor |   73. https://detail.1688.com/offer/950670074468.html (SKU数: 36)
2026-04-08 09:39:36,877 | INFO | ali1688_goods_monitor |   74. https://detail.1688.com/offer/840249263873.html (SKU数: 8)
2026-04-08 09:39:36,877 | INFO | ali1688_goods_monitor |   75. https://detail.1688.com/offer/702199084381.html (SKU数: 21)
2026-04-08 09:39:36,877 | INFO | ali1688_goods_monitor |   76. https://detail.1688.com/offer/832304702315.html (SKU数: 5)
2026-04-08 09:39:36,877 | INFO | ali1688_goods_monitor |   77. https://detail.1688.com/offer/1000255776437.html (SKU数: 3)
2026-04-08 09:39:36,877 | INFO | ali1688_goods_monitor |   78. https://detail.1688.com/offer/746411095420.html (SKU数: 6)
2026-04-08 09:39:36,877 | INFO | ali1688_goods_monitor |   79. https://detail.1688.com/offer/979471208168.html (SKU数: 1)
2026-04-08 09:39:36,877 | INFO | ali1688_goods_monitor |   80. https://detail.1688.com/offer/993465198242.html (SKU数: 7)
2026-04-08 09:39:36,877 | INFO | ali1688_goods_monitor |   81. https://detail.1688.com/offer/859584630627.html (SKU数: 4)
2026-04-08 09:39:36,877 | INFO | ali1688_goods_monitor |   82. https://detail.1688.com/offer/852501307622.html (SKU数: 1)
2026-04-08 09:39:36,877 | INFO | ali1688_goods_monitor |   83. https://detail.1688.com/offer/927205288673.html (SKU数: 4)
2026-04-08 09:39:36,877 | INFO | ali1688_goods_monitor |   84. https://detail.1688.com/offer/1009966785995.html (SKU数: 4)
2026-04-08 09:39:36,877 | INFO | ali1688_goods_monitor |   85. https://detail.1688.com/offer/853399095646.html (SKU数: 15)
2026-04-08 09:39:36,877 | INFO | ali1688_goods_monitor |   86. https://detail.1688.com/offer/991070192317.html (SKU数: 11)
2026-04-08 09:39:36,877 | INFO | ali1688_goods_monitor |   87. https://detail.1688.com/offer/998859559585.html (SKU数: 11)
2026-04-08 09:39:36,877 | INFO | ali1688_goods_monitor |   88. https://detail.1688.com/offer/671840552108.html (SKU数: 8)
2026-04-08 09:39:36,877 | INFO | ali1688_goods_monitor |   89. https://detail.1688.com/offer/985206853035.html (SKU数: 2)
2026-04-08 09:39:36,877 | INFO | ali1688_goods_monitor |   90. https://detail.1688.com/offer/992800642545.html (SKU数: 3)
2026-04-08 09:39:36,877 | INFO | ali1688_goods_monitor |   91. https://detail.1688.com/offer/873771926327.html (SKU数: 34)
2026-04-08 09:39:36,877 | INFO | ali1688_goods_monitor |   92. https://detail.1688.com/offer/652994949606.html (SKU数: 4)
2026-04-08 09:39:36,877 | INFO | ali1688_goods_monitor |   93. https://detail.1688.com/offer/975762015590.html (SKU数: 6)
2026-04-08 09:39:36,877 | INFO | ali1688_goods_monitor |   94. https://detail.1688.com/offer/928580021030.html (SKU数: 2)
2026-04-08 09:39:36,878 | INFO | ali1688_goods_monitor |   95. https://detail.1688.com/offer/836899798919.html (SKU数: 9)
2026-04-08 09:39:36,878 | INFO | ali1688_goods_monitor |   96. https://detail.1688.com/offer/990618054916.html (SKU数: 3)
2026-04-08 09:39:36,878 | INFO | ali1688_goods_monitor |   97. https://detail.1688.com/offer/632300625030.html (SKU数: 1)
2026-04-08 09:39:36,878 | INFO | ali1688_goods_monitor |   98. https://detail.1688.com/offer/970542473882.html (SKU数: 5)
2026-04-08 09:39:36,878 | INFO | ali1688_goods_monitor |   99. https://detail.1688.com/offer/950658287741.html (SKU数: 18)
2026-04-08 09:39:36,878 | INFO | ali1688_goods_monitor |   100. https://detail.1688.com/offer/729749403422.html (SKU数: 7)
2026-04-08 09:39:36,878 | INFO | ali1688_goods_monitor |   101. https://detail.1688.com/offer/895439014120.html (SKU数: 8)
2026-04-08 09:39:36,878 | INFO | ali1688_goods_monitor |   102. https://detail.1688.com/offer/978651830599.html (SKU数: 2)
2026-04-08 09:39:36,878 | INFO | ali1688_goods_monitor |   103. https://detail.1688.com/offer/662598267674.html (SKU数: 4)
2026-04-08 09:39:36,878 | INFO | ali1688_goods_monitor |   104. https://detail.1688.com/offer/621865712164.html (SKU数: 8)
2026-04-08 09:39:36,878 | INFO | ali1688_goods_monitor |   105. https://detail.1688.com/offer/994237964153.html (SKU数: 7)
2026-04-08 09:39:36,878 | INFO | ali1688_goods_monitor |   106. https://detail.1688.com/offer/948334688543.html (SKU数: 22)
2026-04-08 09:39:36,878 | INFO | ali1688_goods_monitor |   107. https://detail.1688.com/offer/993354315037.html (SKU数: 11)
2026-04-08 09:39:36,878 | INFO | ali1688_goods_monitor |   108. https://detail.1688.com/offer/864653527961.html (SKU数: 1)
2026-04-08 09:39:36,878 | INFO | ali1688_goods_monitor |   109. https://detail.1688.com/offer/746416939989.html (SKU数: 2)
2026-04-08 09:39:36,878 | INFO | ali1688_goods_monitor |   110. https://detail.1688.com/offer/997795598539.html (SKU数: 3)
2026-04-08 09:39:36,878 | INFO | ali1688_goods_monitor |   111. https://detail.1688.com/offer/692940339011.html (SKU数: 3)
2026-04-08 09:39:36,878 | INFO | ali1688_goods_monitor |   112. https://detail.1688.com/offer/930446969722.html (SKU数: 2)
2026-04-08 09:39:36,878 | INFO | ali1688_goods_monitor |   113. https://detail.1688.com/offer/991823064917.html (SKU数: 8)
2026-04-08 09:39:36,878 | INFO | ali1688_goods_monitor |   114. https://detail.1688.com/offer/849820903779.html (SKU数: 4)
2026-04-08 09:39:36,878 | INFO | ali1688_goods_monitor |   115. https://detail.1688.com/offer/847990628509.html (SKU数: 8)
2026-04-08 09:39:36,878 | INFO | ali1688_goods_monitor |   116. https://detail.1688.com/offer/854253039240.html (SKU数: 2)
2026-04-08 09:39:36,878 | INFO | ali1688_goods_monitor |   117. https://detail.1688.com/offer/847781001778.html (SKU数: 4)
2026-04-08 09:39:36,878 | INFO | ali1688_goods_monitor |   118. https://detail.1688.com/offer/962546716755.html (SKU数: 3)
2026-04-08 09:39:36,878 | INFO | ali1688_goods_monitor |   119. https://detail.1688.com/offer/991467576950.html (SKU数: 40)
2026-04-08 09:39:36,878 | INFO | ali1688_goods_monitor |   120. https://detail.1688.com/offer/1006668462460.html (SKU数: 12)
2026-04-08 09:39:36,878 | INFO | ali1688_goods_monitor |   121. https://detail.1688.com/offer/915854311158.html (SKU数: 5)
2026-04-08 09:39:36,878 | INFO | ali1688_goods_monitor |   122. https://detail.1688.com/offer/773383798724.html (SKU数: 10)
2026-04-08 09:39:36,878 | INFO | ali1688_goods_monitor |   123. https://detail.1688.com/offer/924140770781.html (SKU数: 2)
2026-04-08 09:39:36,878 | INFO | ali1688_goods_monitor |   124. https://detail.1688.com/offer/813592780236.html (SKU数: 2)
2026-04-08 09:39:36,878 | INFO | ali1688_goods_monitor |   125. https://detail.1688.com/offer/675880303102.html (SKU数: 1)
2026-04-08 09:39:36,878 | INFO | ali1688_goods_monitor |   126. https://detail.1688.com/offer/952611726643.html (SKU数: 2)
2026-04-08 09:39:36,879 | INFO | ali1688_goods_monitor |   127. https://detail.1688.com/offer/926941651375.html (SKU数: 10)
2026-04-08 09:39:36,879 | INFO | ali1688_goods_monitor |   128. https://detail.1688.com/offer/847784309788.html (SKU数: 2)
2026-04-08 09:39:36,879 | INFO | ali1688_goods_monitor |   129. https://detail.1688.com/offer/986179889619.html (SKU数: 3)
2026-04-08 09:39:36,879 | INFO | ali1688_goods_monitor |   130. https://detail.1688.com/offer/848195784663.html (SKU数: 6)
2026-04-08 09:39:36,879 | INFO | ali1688_goods_monitor |   131. https://detail.1688.com/offer/995364912374.html (SKU数: 3)
2026-04-08 09:39:36,879 | INFO | ali1688_goods_monitor |   132. https://detail.1688.com/offer/811638208514.html (SKU数: 3)
2026-04-08 09:39:36,879 | INFO | ali1688_goods_monitor |   133. https://detail.1688.com/offer/997359995216.html (SKU数: 4)
2026-04-08 09:39:36,879 | INFO | ali1688_goods_monitor |   134. https://detail.1688.com/offer/985998626047.html (SKU数: 4)
2026-04-08 09:39:36,879 | INFO | ali1688_goods_monitor |   135. https://detail.1688.com/offer/999860867159.html (SKU数: 1)
2026-04-08 09:39:36,879 | INFO | ali1688_goods_monitor |   136. https://detail.1688.com/offer/920664381969.html (SKU数: 4)
2026-04-08 09:39:36,879 | INFO | ali1688_goods_monitor |   137. https://detail.1688.com/offer/917143716667.html (SKU数: 4)
2026-04-08 09:39:36,879 | INFO | ali1688_goods_monitor |   138. https://detail.1688.com/offer/1039821084728.html (SKU数: None)
2026-04-08 09:39:36,879 | INFO | ali1688_goods_monitor |   139. https://detail.1688.com/offer/662629659424.html (SKU数: 4)
2026-04-08 09:39:36,879 | INFO | ali1688_goods_monitor |   140. https://detail.1688.com/offer/796066732390.html (SKU数: 6)
2026-04-08 09:39:36,879 | INFO | ali1688_goods_monitor |   141. https://detail.1688.com/offer/855494409051.html (SKU数: 4)
2026-04-08 09:39:36,879 | INFO | ali1688_goods_monitor |   142. https://detail.1688.com/offer/833863806015.html (SKU数: 5)
2026-04-08 09:39:36,879 | INFO | ali1688_goods_monitor |   143. https://detail.1688.com/offer/918745003737.html (SKU数: 6)
2026-04-08 09:39:36,879 | INFO | ali1688_goods_monitor |   144. https://detail.1688.com/offer/968025059447.html (SKU数: 6)
2026-04-08 09:39:36,879 | INFO | ali1688_goods_monitor |   145. https://detail.1688.com/offer/990374779412.html (SKU数: 3)
2026-04-08 09:39:36,879 | INFO | ali1688_goods_monitor |   146. https://detail.1688.com/offer/969889694254.html (SKU数: 27)
2026-04-08 09:39:36,879 | INFO | ali1688_goods_monitor |   147. https://detail.1688.com/offer/903214944988.html (SKU数: 1)
2026-04-08 09:39:36,879 | INFO | ali1688_goods_monitor |   148. https://detail.1688.com/offer/973730524327.html (SKU数: 11)
2026-04-08 09:39:36,879 | INFO | ali1688_goods_monitor |   149. https://detail.1688.com/offer/1000261330427.html (SKU数: 1)
2026-04-08 09:39:36,879 | INFO | ali1688_goods_monitor |   150. https://detail.1688.com/offer/989391144530.html (SKU数: 40)
2026-04-08 09:39:36,879 | INFO | ali1688_goods_monitor |   151. https://detail.1688.com/offer/778105306124.html (SKU数: 1)
2026-04-08 09:39:36,879 | INFO | ali1688_goods_monitor |   152. https://detail.1688.com/offer/695065852792.html (SKU数: 2)
2026-04-08 09:39:36,879 | INFO | ali1688_goods_monitor |   153. https://detail.1688.com/offer/854773109889.html (SKU数: 1)
2026-04-08 09:39:36,879 | INFO | ali1688_goods_monitor |   154. https://detail.1688.com/offer/909894706445.html (SKU数: 22)
2026-04-08 09:39:36,879 | INFO | ali1688_goods_monitor |   155. https://detail.1688.com/offer/1001253412551.html (SKU数: 7)
2026-04-08 09:39:36,879 | INFO | ali1688_goods_monitor |   156. https://detail.1688.com/offer/983142383790.html (SKU数: None)
2026-04-08 09:39:36,879 | INFO | ali1688_goods_monitor |   157. https://detail.1688.com/offer/678640196785.html (SKU数: 8)
2026-04-08 09:39:36,879 | INFO | ali1688_goods_monitor |   158. https://detail.1688.com/offer/939201456076.html (SKU数: 7)
2026-04-08 09:39:36,880 | INFO | ali1688_goods_monitor |   159. https://detail.1688.com/offer/955211708273.html (SKU数: 23)
2026-04-08 09:39:36,880 | INFO | ali1688_goods_monitor |   160. https://detail.1688.com/offer/997742353743.html (SKU数: 3)
2026-04-08 09:39:36,880 | INFO | ali1688_goods_monitor |   161. https://detail.1688.com/offer/818121391220.html (SKU数: 7)
2026-04-08 09:39:36,880 | INFO | ali1688_goods_monitor |   162. https://detail.1688.com/offer/854420062122.html (SKU数: 12)
2026-04-08 09:39:36,880 | INFO | ali1688_goods_monitor |   163. https://detail.1688.com/offer/668301084321.html (SKU数: 5)
2026-04-08 09:39:36,880 | INFO | ali1688_goods_monitor |   164. https://detail.1688.com/offer/653871136084.html (SKU数: 4)
2026-04-08 09:39:36,880 | INFO | ali1688_goods_monitor |   165. https://detail.1688.com/offer/834236928026.html (SKU数: 1)
2026-04-08 09:39:36,880 | INFO | ali1688_goods_monitor |   166. https://detail.1688.com/offer/985101359570.html (SKU数: 4)
2026-04-08 09:39:36,880 | INFO | ali1688_goods_monitor |   167. https://detail.1688.com/offer/847713406081.html (SKU数: 1)
2026-04-08 09:39:36,880 | INFO | ali1688_goods_monitor |   168. https://detail.1688.com/offer/626387346293.html (SKU数: 10)
2026-04-08 09:39:36,880 | INFO | ali1688_goods_monitor |   169. https://detail.1688.com/offer/984336119328.html (SKU数: 3)
2026-04-08 09:39:36,880 | INFO | ali1688_goods_monitor |   170. https://detail.1688.com/offer/709904411964.html (SKU数: 24)
2026-04-08 09:39:36,881 | INFO | ali1688_goods_monitor |   171. https://detail.1688.com/offer/985879832920.html (SKU数: 4)
2026-04-08 09:39:36,881 | INFO | ali1688_goods_monitor |   172. https://detail.1688.com/offer/906941705446.html (SKU数: 2)
2026-04-08 09:39:36,881 | INFO | ali1688_goods_monitor |   173. https://detail.1688.com/offer/847979472849.html (SKU数: 1)
2026-04-08 09:39:36,881 | INFO | ali1688_goods_monitor |   174. https://detail.1688.com/offer/716733322460.html (SKU数: 8)
2026-04-08 09:39:36,881 | INFO | ali1688_goods_monitor |   175. https://detail.1688.com/offer/900592605428.html (SKU数: 6)
2026-04-08 09:39:36,881 | INFO | ali1688_goods_monitor |   176. https://detail.1688.com/offer/848295933948.html (SKU数: 12)
2026-04-08 09:39:36,881 | INFO | ali1688_goods_monitor |   177. https://detail.1688.com/offer/661514670948.html (SKU数: 9)
2026-04-08 09:39:36,881 | INFO | ali1688_goods_monitor |   178. https://detail.1688.com/offer/992713938362.html (SKU数: 4)
2026-04-08 09:39:36,881 | INFO | ali1688_goods_monitor |   179. https://detail.1688.com/offer/661664097697.html (SKU数: 2)
2026-04-08 09:39:36,881 | INFO | ali1688_goods_monitor |   180. https://detail.1688.com/offer/676772683627.html (SKU数: 5)
2026-04-08 09:39:36,881 | INFO | ali1688_goods_monitor |   181. https://detail.1688.com/offer/678110916347.html (SKU数: 9)
2026-04-08 09:39:36,882 | INFO | ali1688_goods_monitor |   182. https://detail.1688.com/offer/686348979544.html (SKU数: 1)
2026-04-08 09:39:36,882 | INFO | ali1688_goods_monitor |   183. https://detail.1688.com/offer/946133528766.html (SKU数: 4)
2026-04-08 09:39:36,882 | INFO | ali1688_goods_monitor |   184. https://detail.1688.com/offer/942621028118.html (SKU数: 20)
2026-04-08 09:39:36,882 | INFO | ali1688_goods_monitor |   185. https://detail.1688.com/offer/987237412445.html (SKU数: 20)
2026-04-08 09:39:36,882 | INFO | ali1688_goods_monitor |   186. https://detail.1688.com/offer/975402784788.html (SKU数: 1)
2026-04-08 09:39:36,882 | INFO | ali1688_goods_monitor |   187. https://detail.1688.com/offer/672751050822.html (SKU数: 3)
2026-04-08 09:39:36,882 | INFO | ali1688_goods_monitor |   188. https://detail.1688.com/offer/903149142386.html (SKU数: 4)
2026-04-08 09:39:36,882 | INFO | ali1688_goods_monitor |   189. https://detail.1688.com/offer/987732400816.html (SKU数: 1)
2026-04-08 09:39:36,882 | INFO | ali1688_goods_monitor |   190. https://detail.1688.com/offer/847713406078.html (SKU数: 4)
2026-04-08 09:39:36,882 | INFO | ali1688_goods_monitor |   191. https://detail.1688.com/offer/991759687233.html (SKU数: 6)
2026-04-08 09:39:36,882 | INFO | ali1688_goods_monitor |   192. https://detail.1688.com/offer/724154127228.html (SKU数: 6)
2026-04-08 09:39:36,882 | INFO | ali1688_goods_monitor |   193. https://detail.1688.com/offer/998016077358.html (SKU数: 3)
2026-04-08 09:39:36,882 | INFO | ali1688_goods_monitor |   194. https://detail.1688.com/offer/972523284067.html (SKU数: 1)
2026-04-08 09:39:36,882 | INFO | ali1688_goods_monitor |   195. https://detail.1688.com/offer/675557812438.html (SKU数: 1)
2026-04-08 09:39:36,882 | INFO | ali1688_goods_monitor |   196. https://detail.1688.com/offer/990976789985.html (SKU数: 16)
2026-04-08 09:39:36,882 | INFO | ali1688_goods_monitor |   197. https://detail.1688.com/offer/900563388108.html (SKU数: 12)
2026-04-08 09:39:36,882 | INFO | ali1688_goods_monitor |   198. https://detail.1688.com/offer/992882388093.html (SKU数: 3)
2026-04-08 09:39:36,882 | INFO | ali1688_goods_monitor |   199. https://detail.1688.com/offer/990260832462.html (SKU数: 3)
2026-04-08 09:39:36,882 | INFO | ali1688_goods_monitor |   200. https://detail.1688.com/offer/670793076081.html (SKU数: 12)
2026-04-08 09:39:36,882 | INFO | ali1688_goods_monitor |   201. https://detail.1688.com/offer/994715362159.html (SKU数: 14)
2026-04-08 09:39:36,882 | INFO | ali1688_goods_monitor |   202. https://detail.1688.com/offer/848415574468.html (SKU数: 1)
2026-04-08 09:39:36,882 | INFO | ali1688_goods_monitor |   203. https://detail.1688.com/offer/969387993044.html (SKU数: 20)
2026-04-08 09:39:36,882 | INFO | ali1688_goods_monitor |   204. https://detail.1688.com/offer/538297571141.html (SKU数: 6)
2026-04-08 09:39:36,883 | INFO | ali1688_goods_monitor |   205. https://detail.1688.com/offer/858770936676.html (SKU数: 2)
2026-04-08 09:39:36,883 | INFO | ali1688_goods_monitor |   206. https://detail.1688.com/offer/978968804889.html (SKU数: 1)
2026-04-08 09:39:36,883 | INFO | ali1688_goods_monitor |   207. https://detail.1688.com/offer/895042686618.html (SKU数: 2)
2026-04-08 09:39:36,883 | INFO | ali1688_goods_monitor |   208. https://detail.1688.com/offer/683872677220.html (SKU数: 3)
2026-04-08 09:39:36,883 | INFO | ali1688_goods_monitor |   209. https://detail.1688.com/offer/646729482472.html (SKU数: 6)
2026-04-08 09:39:36,883 | INFO | ali1688_goods_monitor |   210. https://detail.1688.com/offer/1027381048230.html (SKU数: 36)
2026-04-08 09:39:36,883 | INFO | ali1688_goods_monitor |   211. https://detail.1688.com/offer/986633373239.html (SKU数: 11)
2026-04-08 09:39:36,883 | INFO | ali1688_goods_monitor |   212. https://detail.1688.com/offer/854168645121.html (SKU数: 3)
2026-04-08 09:39:36,883 | INFO | ali1688_goods_monitor |   213. https://detail.1688.com/offer/1031769907868.html (SKU数: 6)
2026-04-08 09:39:36,883 | INFO | ali1688_goods_monitor |   214. https://detail.1688.com/offer/917025701974.html (SKU数: 8)
2026-04-08 09:39:36,883 | INFO | ali1688_goods_monitor |   215. https://detail.1688.com/offer/910382293640.html (SKU数: 22)
2026-04-08 09:39:36,883 | INFO | ali1688_goods_monitor |   216. https://detail.1688.com/offer/734736330484.html (SKU数: 34)
2026-04-08 09:39:36,883 | INFO | ali1688_goods_monitor |   217. https://detail.1688.com/offer/1028239295024.html (SKU数: 1)
2026-04-08 09:39:36,883 | INFO | ali1688_goods_monitor |   218. https://detail.1688.com/offer/757454263904.html (SKU数: 1)
2026-04-08 09:39:36,883 | INFO | ali1688_goods_monitor |   219. https://detail.1688.com/offer/973247771787.html (SKU数: 2)
2026-04-08 09:39:36,883 | INFO | ali1688_goods_monitor |   220. https://detail.1688.com/offer/992863648563.html (SKU数: 11)
2026-04-08 09:39:36,883 | INFO | ali1688_goods_monitor |   221. https://detail.1688.com/offer/728912992880.html (SKU数: 24)
2026-04-08 09:39:36,883 | INFO | ali1688_goods_monitor |   222. https://detail.1688.com/offer/897059922290.html (SKU数: 5)
2026-04-08 09:39:36,883 | INFO | ali1688_goods_monitor |   223. https://detail.1688.com/offer/960725525521.html (SKU数: 10)
2026-04-08 09:39:36,883 | INFO | ali1688_goods_monitor |   224. https://detail.1688.com/offer/643044757475.html (SKU数: 41)
2026-04-08 09:39:36,883 | INFO | ali1688_goods_monitor |   225. https://detail.1688.com/offer/973255115593.html (SKU数: 36)
2026-04-08 09:39:36,883 | INFO | ali1688_goods_monitor |   226. https://detail.1688.com/offer/984991416938.html (SKU数: 6)
2026-04-08 09:39:36,883 | INFO | ali1688_goods_monitor |   227. https://detail.1688.com/offer/629652629026.html (SKU数: 5)
2026-04-08 09:39:36,884 | INFO | ali1688_goods_monitor |   228. https://detail.1688.com/offer/634658078975.html (SKU数: 16)
2026-04-08 09:39:36,884 | INFO | ali1688_goods_monitor |   229. https://detail.1688.com/offer/847993548322.html (SKU数: 3)
2026-04-08 09:39:36,884 | INFO | ali1688_goods_monitor |   230. https://detail.1688.com/offer/1035850540780.html (SKU数: 8)
2026-04-08 09:39:36,884 | INFO | ali1688_goods_monitor |   231. https://detail.1688.com/offer/1013917249205.html (SKU数: 5)
2026-04-08 09:39:36,884 | INFO | ali1688_goods_monitor |   232. https://detail.1688.com/offer/1033404841463.html (SKU数: 4)
2026-04-08 09:39:36,884 | INFO | ali1688_goods_monitor |   233. https://detail.1688.com/offer/1001279554121.html (SKU数: 4)
2026-04-08 09:39:36,884 | INFO | ali1688_goods_monitor |   234. https://detail.1688.com/offer/726064645781.html (SKU数: 6)
2026-04-08 09:39:36,884 | INFO | ali1688_goods_monitor |   235. https://detail.1688.com/offer/1024421346400.html (SKU数: 2)
2026-04-08 09:39:36,884 | INFO | ali1688_goods_monitor |   236. https://detail.1688.com/offer/809233523760.html (SKU数: 1)
2026-04-08 09:39:36,884 | INFO | ali1688_goods_monitor |   237. https://detail.1688.com/offer/929103621035.html (SKU数: 6)
2026-04-08 09:39:36,884 | INFO | ali1688_goods_monitor |   238. https://detail.1688.com/offer/847969236799.html (SKU数: 32)
2026-04-08 09:39:36,884 | INFO | ali1688_goods_monitor |   239. https://detail.1688.com/offer/990425215638.html (SKU数: 5)
2026-04-08 09:39:36,884 | INFO | ali1688_goods_monitor |   240. https://detail.1688.com/offer/858007859516.html (SKU数: 2)
2026-04-08 09:39:36,884 | INFO | ali1688_goods_monitor |   241. https://detail.1688.com/offer/969646541226.html (SKU数: 11)
2026-04-08 09:39:36,884 | INFO | ali1688_goods_monitor |   242. https://detail.1688.com/offer/952896839032.html (SKU数: 3)
2026-04-08 09:39:36,884 | INFO | ali1688_goods_monitor |   243. https://detail.1688.com/offer/974035321584.html (SKU数: 5)
2026-04-08 09:39:36,884 | INFO | ali1688_goods_monitor |   244. https://detail.1688.com/offer/990589043915.html (SKU数: 3)
2026-04-08 09:39:36,884 | INFO | ali1688_goods_monitor |   245. https://detail.1688.com/offer/795861191445.html (SKU数: 6)
2026-04-08 09:39:36,884 | INFO | ali1688_goods_monitor |   246. https://detail.1688.com/offer/727364044091.html (SKU数: 7)
2026-04-08 09:39:36,884 | INFO | ali1688_goods_monitor |   247. https://detail.1688.com/offer/658391484708.html (SKU数: 12)
2026-04-08 09:39:36,884 | INFO | ali1688_goods_monitor |   248. https://detail.1688.com/offer/970781028572.html (SKU数: 1)
2026-04-08 09:39:36,884 | INFO | ali1688_goods_monitor |   249. https://detail.1688.com/offer/728364497329.html (SKU数: 5)
2026-04-08 09:39:36,884 | INFO | ali1688_goods_monitor |   250. https://detail.1688.com/offer/622513415473.html (SKU数: 4)
2026-04-08 09:39:36,884 | INFO | ali1688_goods_monitor |   251. https://detail.1688.com/offer/1001391447719.html (SKU数: 2)
2026-04-08 09:39:36,884 | INFO | ali1688_goods_monitor |   252. https://detail.1688.com/offer/687729432138.html (SKU数: 1)
2026-04-08 09:39:36,884 | INFO | ali1688_goods_monitor |   253. https://detail.1688.com/offer/894449366946.html (SKU数: 30)
2026-04-08 09:39:36,884 | INFO | ali1688_goods_monitor |   254. https://detail.1688.com/offer/1031855101004.html (SKU数: 7)
2026-04-08 09:39:36,884 | INFO | ali1688_goods_monitor |   255. https://detail.1688.com/offer/775392792723.html (SKU数: 25)
2026-04-08 09:39:36,884 | INFO | ali1688_goods_monitor |   256. https://detail.1688.com/offer/734549030910.html (SKU数: 14)
2026-04-08 09:39:36,885 | INFO | ali1688_goods_monitor |   257. https://detail.1688.com/offer/713699292120.html (SKU数: 9)
2026-04-08 09:39:36,885 | INFO | ali1688_goods_monitor |   258. https://detail.1688.com/offer/621194315291.html (SKU数: 4)
2026-04-08 09:39:36,885 | INFO | ali1688_goods_monitor |   259. https://detail.1688.com/offer/927867865604.html (SKU数: 18)
2026-04-08 09:39:36,885 | INFO | ali1688_goods_monitor |   260. https://detail.1688.com/offer/854259763574.html (SKU数: 1)
2026-04-08 09:39:36,885 | INFO | ali1688_goods_monitor |   261. https://detail.1688.com/offer/750175006113.html (SKU数: 1)
2026-04-08 09:39:36,885 | INFO | ali1688_goods_monitor |   262. https://detail.1688.com/offer/751554304142.html (SKU数: 2)
2026-04-08 09:39:36,885 | INFO | ali1688_goods_monitor |   263. https://detail.1688.com/offer/947764418500.html (SKU数: 1)
2026-04-08 09:39:36,885 | INFO | ali1688_goods_monitor |   264. https://detail.1688.com/offer/954152497198.html (SKU数: 6)
2026-04-08 09:39:36,885 | INFO | ali1688_goods_monitor |   265. https://detail.1688.com/offer/857784361057.html (SKU数: 10)
2026-04-08 09:39:36,885 | INFO | ali1688_goods_monitor |   266. https://detail.1688.com/offer/963819028092.html (SKU数: 2)
2026-04-08 09:39:36,885 | INFO | ali1688_goods_monitor |   267. https://detail.1688.com/offer/982635289066.html (SKU数: 26)
2026-04-08 09:39:36,885 | INFO | ali1688_goods_monitor |   268. https://detail.1688.com/offer/863983065199.html (SKU数: 1)
2026-04-08 09:39:36,885 | INFO | ali1688_goods_monitor |   269. https://detail.1688.com/offer/999695394272.html (SKU数: 5)
2026-04-08 09:39:37,267 | INFO | ali1688_goods_monitor | ============================================================
2026-04-08 09:39:37,267 | INFO | ali1688_goods_monitor | 🔍 开始获取SKU信息...
2026-04-08 09:39:37,267 | INFO | ali1688_goods_monitor | 📦 共 269 个商品需要获取SKU
2026-04-08 09:39:37,267 | INFO | ali1688_goods_monitor | ============================================================
2026-04-08 09:39:37,267 | INFO | ali1688_goods_monitor | 🚀 初始化SKU获取浏览器...
2026-04-08 09:39:38,509 | INFO | ali1688_goods_monitor | 🔐 登录店雷达...
2026-04-08 09:39:53,609 | INFO | ali1688_goods_monitor | 🔍 [1/269] 获取SKU: https://detail.1688.com/offer/903613869442.html
2026-04-08 09:40:23,305 | INFO | ali1688_goods_monitor |    ✅ 获取到 4 个SKU
2026-04-08 09:40:23,305 | INFO | ali1688_goods_monitor |    ⏳ 等待 1.7 秒后继续...
2026-04-08 09:40:25,069 | INFO | ali1688_goods_monitor | 🔍 [2/269] 获取SKU: https://detail.1688.com/offer/1026068947837.html
2026-04-08 09:40:52,615 | INFO | ali1688_goods_monitor |    ✅ 获取到 3 个SKU
2026-04-08 09:40:52,615 | INFO | ali1688_goods_monitor |    ⏳ 等待 2.2 秒后继续...
2026-04-08 09:40:54,824 | INFO | ali1688_goods_monitor | 🔍 [3/269] 获取SKU: https://detail.1688.com/offer/968280048908.html
2026-04-08 09:41:22,748 | INFO | ali1688_goods_monitor |    ✅ 获取到 31 个SKU
2026-04-08 09:41:22,748 | INFO | ali1688_goods_monitor |    ⏳ 等待 1.3 秒后继续...
2026-04-08 09:41:24,078 | INFO | ali1688_goods_monitor | 🔍 [4/269] 获取SKU: https://detail.1688.com/offer/1005984550667.html
2026-04-08 09:41:53,079 | INFO | ali1688_goods_monitor |    ✅ 获取到 36 个SKU
2026-04-08 09:41:53,079 | INFO | ali1688_goods_monitor |    ⏳ 等待 2.0 秒后继续...
2026-04-08 09:41:55,085 | INFO | ali1688_goods_monitor | 🔍 [5/269] 获取SKU: https://detail.1688.com/offer/971080031926.html
2026-04-08 09:42:23,021 | INFO | ali1688_goods_monitor |    ✅ 获取到 3 个SKU
2026-04-08 09:42:23,021 | INFO | ali1688_goods_monitor |    ⏳ 等待 2.4 秒后继续...
2026-04-08 09:42:25,466 | INFO | ali1688_goods_monitor | 🔍 [6/269] 获取SKU: https://detail.1688.com/offer/617837580726.html
2026-04-08 09:42:53,455 | INFO | ali1688_goods_monitor |    ✅ 获取到 2 个SKU
2026-04-08 09:42:53,456 | INFO | ali1688_goods_monitor |    ⏳ 等待 1.8 秒后继续...
2026-04-08 09:42:55,293 | INFO | ali1688_goods_monitor | 🔍 [7/269] 获取SKU: https://detail.1688.com/offer/943395574791.html
2026-04-08 09:43:10,624 | WARNING | ali1688_goods_monitor |    ⚠️ 未获取到SKU数据
2026-04-08 09:43:10,624 | INFO | ali1688_goods_monitor |    ⏳ 等待 2.0 秒后继续...
2026-04-08 09:43:12,665 | INFO | ali1688_goods_monitor | 🔍 [8/269] 获取SKU: https://detail.1688.com/offer/979203908708.html
2026-04-08 09:43:40,965 | INFO | ali1688_goods_monitor |    ✅ 获取到 24 个SKU
2026-04-08 09:43:40,965 | INFO | ali1688_goods_monitor |    ⏳ 等待 1.8 秒后继续...
2026-04-08 09:43:42,807 | INFO | ali1688_goods_monitor | 🔍 [9/269] 获取SKU: https://detail.1688.com/offer/807432916292.html
2026-04-08 09:44:10,660 | INFO | ali1688_goods_monitor |    ✅ 获取到 24 个SKU
2026-04-08 09:44:10,660 | INFO | ali1688_goods_monitor |    ⏳ 等待 1.4 秒后继续...
2026-04-08 09:44:12,050 | INFO | ali1688_goods_monitor | 🔍 [10/269] 获取SKU: https://detail.1688.com/offer/928700805986.html
2026-04-08 09:44:40,094 | INFO | ali1688_goods_monitor |    ✅ 获取到 2 个SKU
2026-04-08 09:44:40,094 | INFO | ali1688_goods_monitor |    ⏳ 等待 1.6 秒后继续...
2026-04-08 09:44:41,743 | INFO | ali1688_goods_monitor | 🔍 [11/269] 获取SKU: https://detail.1688.com/offer/971037620206.html
2026-04-08 09:45:09,745 | INFO | ali1688_goods_monitor |    ✅ 获取到 1 个SKU
2026-04-08 09:45:09,745 | INFO | ali1688_goods_monitor |    ⏳ 等待 2.3 秒后继续...
2026-04-08 09:45:12,098 | INFO | ali1688_goods_monitor | 🔍 [12/269] 获取SKU: https://detail.1688.com/offer/1040782952704.html
2026-04-08 09:45:39,894 | INFO | ali1688_goods_monitor |    ✅ 获取到 1 个SKU
2026-04-08 09:45:39,894 | INFO | ali1688_goods_monitor |    ⏳ 等待 2.1 秒后继续...
2026-04-08 09:45:42,048 | INFO | ali1688_goods_monitor | 🔍 [13/269] 获取SKU: https://detail.1688.com/offer/954713432833.html
2026-04-08 09:46:09,773 | INFO | ali1688_goods_monitor |    ✅ 获取到 2 个SKU
2026-04-08 09:46:09,774 | INFO | ali1688_goods_monitor |    ⏳ 等待 1.6 秒后继续...
2026-04-08 09:46:11,425 | INFO | ali1688_goods_monitor | 🔍 [14/269] 获取SKU: https://detail.1688.com/offer/1016515592011.html
2026-04-08 09:46:39,394 | INFO | ali1688_goods_monitor |    ✅ 获取到 4 个SKU
2026-04-08 09:46:39,394 | INFO | ali1688_goods_monitor |    ⏳ 等待 1.6 秒后继续...
2026-04-08 09:46:40,994 | INFO | ali1688_goods_monitor | 🔍 [15/269] 获取SKU: https://detail.1688.com/offer/835170979856.html
2026-04-08 09:47:08,845 | INFO | ali1688_goods_monitor |    ✅ 获取到 17 个SKU
2026-04-08 09:47:08,845 | INFO | ali1688_goods_monitor |    ⏳ 等待 1.6 秒后继续...
2026-04-08 09:47:10,463 | INFO | ali1688_goods_monitor | 🔍 [16/269] 获取SKU: https://detail.1688.com/offer/982634945037.html
2026-04-08 09:47:40,702 | INFO | ali1688_goods_monitor |    ✅ 获取到 26 个SKU
2026-04-08 09:47:40,702 | INFO | ali1688_goods_monitor |    ⏳ 等待 2.2 秒后继续...
2026-04-08 09:47:42,927 | INFO | ali1688_goods_monitor | 🔍 [17/269] 获取SKU: https://detail.1688.com/offer/812259607012.html
2026-04-08 09:48:11,121 | INFO | ali1688_goods_monitor |    ✅ 获取到 39 个SKU
2026-04-08 09:48:11,121 | INFO | ali1688_goods_monitor |    ⏳ 等待 1.1 秒后继续...
2026-04-08 09:48:12,192 | INFO | ali1688_goods_monitor | 🔍 [18/269] 获取SKU: https://detail.1688.com/offer/798059727032.html
2026-04-08 09:48:40,127 | INFO | ali1688_goods_monitor |    ✅ 获取到 16 个SKU
2026-04-08 09:48:40,127 | INFO | ali1688_goods_monitor |    ⏳ 等待 1.5 秒后继续...
2026-04-08 09:48:41,641 | INFO | ali1688_goods_monitor | 🔍 [19/269] 获取SKU: https://detail.1688.com/offer/1003272185431.html
2026-04-08 09:49:09,353 | INFO | ali1688_goods_monitor |    ✅ 获取到 5 个SKU
2026-04-08 09:49:09,353 | INFO | ali1688_goods_monitor |    ⏳ 等待 1.7 秒后继续...
2026-04-08 09:49:11,090 | INFO | ali1688_goods_monitor | 🔍 [20/269] 获取SKU: https://detail.1688.com/offer/833661915665.html
2026-04-08 09:49:25,293 | WARNING | ali1688_goods_monitor |    ⚠️ 未获取到SKU数据
2026-04-08 09:49:25,293 | INFO | ali1688_goods_monitor |    ⏳ 等待 1.6 秒后继续...
2026-04-08 09:49:26,931 | INFO | ali1688_goods_monitor | 🔍 [21/269] 获取SKU: https://detail.1688.com/offer/990409899841.html
2026-04-08 09:49:54,610 | INFO | ali1688_goods_monitor |    ✅ 获取到 7 个SKU
2026-04-08 09:49:54,610 | INFO | ali1688_goods_monitor |    ⏳ 等待 1.3 秒后继续...
2026-04-08 09:49:55,966 | INFO | ali1688_goods_monitor | 🔍 [22/269] 获取SKU: https://detail.1688.com/offer/1025513853144.html
2026-04-08 09:50:23,707 | INFO | ali1688_goods_monitor |    ✅ 获取到 8 个SKU
2026-04-08 09:50:23,707 | INFO | ali1688_goods_monitor |    ⏳ 等待 2.3 秒后继续...
2026-04-08 09:50:26,002 | INFO | ali1688_goods_monitor | 🔍 [23/269] 获取SKU: https://detail.1688.com/offer/991935831793.html
2026-04-08 09:50:53,716 | INFO | ali1688_goods_monitor |    ✅ 获取到 3 个SKU
2026-04-08 09:50:53,716 | INFO | ali1688_goods_monitor |    ⏳ 等待 1.3 秒后继续...
2026-04-08 09:50:55,051 | INFO | ali1688_goods_monitor | 🔍 [24/269] 获取SKU: https://detail.1688.com/offer/907762599791.html
2026-04-08 09:51:22,649 | INFO | ali1688_goods_monitor |    ✅ 获取到 10 个SKU
2026-04-08 09:51:22,649 | INFO | ali1688_goods_monitor |    ⏳ 等待 2.1 秒后继续...
2026-04-08 09:51:24,779 | INFO | ali1688_goods_monitor | 🔍 [25/269] 获取SKU: https://detail.1688.com/offer/969366546749.html
2026-04-08 09:51:52,233 | INFO | ali1688_goods_monitor |    ✅ 获取到 1 个SKU
2026-04-08 09:51:52,233 | INFO | ali1688_goods_monitor |    ⏳ 等待 1.7 秒后继续...
2026-04-08 09:51:53,962 | INFO | ali1688_goods_monitor | 🔍 [26/269] 获取SKU: https://detail.1688.com/offer/741922490714.html
2026-04-08 09:52:21,540 | INFO | ali1688_goods_monitor |    ✅ 获取到 2 个SKU
2026-04-08 09:52:21,540 | INFO | ali1688_goods_monitor |    ⏳ 等待 2.4 秒后继续...
2026-04-08 09:52:23,928 | INFO | ali1688_goods_monitor | 🔍 [27/269] 获取SKU: https://detail.1688.com/offer/590591825369.html
2026-04-08 09:52:51,837 | INFO | ali1688_goods_monitor |    ✅ 获取到 29 个SKU
2026-04-08 09:52:51,837 | INFO | ali1688_goods_monitor |    ⏳ 等待 1.4 秒后继续...
2026-04-08 09:52:53,213 | INFO | ali1688_goods_monitor | 🔍 [28/269] 获取SKU: https://detail.1688.com/offer/776195311997.html
2026-04-08 09:53:07,314 | WARNING | ali1688_goods_monitor |    ⚠️ 未获取到SKU数据
2026-04-08 09:53:07,315 | INFO | ali1688_goods_monitor |    ⏳ 等待 1.2 秒后继续...
2026-04-08 09:53:08,542 | INFO | ali1688_goods_monitor | 🔍 [29/269] 获取SKU: https://detail.1688.com/offer/903636127402.html
2026-04-08 09:53:35,862 | INFO | ali1688_goods_monitor |    ✅ 获取到 3 个SKU
2026-04-08 09:53:35,862 | INFO | ali1688_goods_monitor |    ⏳ 等待 2.3 秒后继续...
2026-04-08 09:53:38,207 | INFO | ali1688_goods_monitor | 🔍 [30/269] 获取SKU: https://detail.1688.com/offer/812514770228.html
2026-04-08 09:54:05,809 | INFO | ali1688_goods_monitor |    ✅ 获取到 2 个SKU
2026-04-08 09:54:05,809 | INFO | ali1688_goods_monitor |    ⏳ 等待 2.2 秒后继续...
2026-04-08 09:54:08,051 | INFO | ali1688_goods_monitor | 🔍 [31/269] 获取SKU: https://detail.1688.com/offer/875034473523.html
2026-04-08 09:54:35,846 | INFO | ali1688_goods_monitor |    ✅ 获取到 3 个SKU
2026-04-08 09:54:35,846 | INFO | ali1688_goods_monitor |    ⏳ 等待 1.7 秒后继续...
2026-04-08 09:54:37,548 | INFO | ali1688_goods_monitor | 🔍 [32/269] 获取SKU: https://detail.1688.com/offer/1013037690222.html
2026-04-08 09:55:05,217 | INFO | ali1688_goods_monitor |    ✅ 获取到 1 个SKU
2026-04-08 09:55:05,217 | INFO | ali1688_goods_monitor |    ⏳ 等待 1.8 秒后继续...
2026-04-08 09:55:07,046 | INFO | ali1688_goods_monitor | 🔍 [33/269] 获取SKU: https://detail.1688.com/offer/889385901298.html
2026-04-08 09:55:34,809 | INFO | ali1688_goods_monitor |    ✅ 获取到 3 个SKU
2026-04-08 09:55:34,809 | INFO | ali1688_goods_monitor |    ⏳ 等待 2.5 秒后继续...
2026-04-08 09:55:37,301 | INFO | ali1688_goods_monitor | 🔍 [34/269] 获取SKU: https://detail.1688.com/offer/979396013303.html
2026-04-08 09:56:05,088 | INFO | ali1688_goods_monitor |    ✅ 获取到 1 个SKU
2026-04-08 09:56:05,088 | INFO | ali1688_goods_monitor |    ⏳ 等待 1.2 秒后继续...
2026-04-08 09:56:06,253 | INFO | ali1688_goods_monitor | 🔍 [35/269] 获取SKU: https://detail.1688.com/offer/962746907189.html
2026-04-08 09:56:34,396 | INFO | ali1688_goods_monitor |    ✅ 获取到 4 个SKU
2026-04-08 09:56:34,398 | INFO | ali1688_goods_monitor |    ⏳ 等待 1.3 秒后继续...
2026-04-08 09:56:35,662 | INFO | ali1688_goods_monitor | 🔍 [36/269] 获取SKU: https://detail.1688.com/offer/895285249007.html
2026-04-08 09:57:04,088 | INFO | ali1688_goods_monitor |    ✅ 获取到 36 个SKU
2026-04-08 09:57:04,088 | INFO | ali1688_goods_monitor |    ⏳ 等待 2.4 秒后继续...
2026-04-08 09:57:06,531 | INFO | ali1688_goods_monitor | 🔍 [37/269] 获取SKU: https://detail.1688.com/offer/894936744591.html
2026-04-08 09:57:34,464 | INFO | ali1688_goods_monitor |    ✅ 获取到 16 个SKU
2026-04-08 09:57:34,464 | INFO | ali1688_goods_monitor |    ⏳ 等待 1.8 秒后继续...
2026-04-08 09:57:36,307 | INFO | ali1688_goods_monitor | 🔍 [38/269] 获取SKU: https://detail.1688.com/offer/970715744477.html
2026-04-08 09:58:03,740 | INFO | ali1688_goods_monitor |    ✅ 获取到 1 个SKU
2026-04-08 09:58:03,740 | INFO | ali1688_goods_monitor |    ⏳ 等待 1.7 秒后继续...
2026-04-08 09:58:05,407 | INFO | ali1688_goods_monitor | 🔍 [39/269] 获取SKU: https://detail.1688.com/offer/811139889293.html
2026-04-08 09:58:33,173 | INFO | ali1688_goods_monitor |    ✅ 获取到 10 个SKU
2026-04-08 09:58:33,174 | INFO | ali1688_goods_monitor |    ⏳ 等待 1.9 秒后继续...
2026-04-08 09:58:35,108 | INFO | ali1688_goods_monitor | 🔍 [40/269] 获取SKU: https://detail.1688.com/offer/677301391721.html
2026-04-08 09:59:03,243 | INFO | ali1688_goods_monitor |    ✅ 获取到 25 个SKU
2026-04-08 09:59:03,243 | INFO | ali1688_goods_monitor |    ⏳ 等待 1.8 秒后继续...
2026-04-08 09:59:05,017 | INFO | ali1688_goods_monitor | 🔍 [41/269] 获取SKU: https://detail.1688.com/offer/847794753111.html
2026-04-08 09:59:32,626 | INFO | ali1688_goods_monitor |    ✅ 获取到 1 个SKU
2026-04-08 09:59:32,626 | INFO | ali1688_goods_monitor |    ⏳ 等待 2.4 秒后继续...
2026-04-08 09:59:34,986 | INFO | ali1688_goods_monitor | 🔍 [42/269] 获取SKU: https://detail.1688.com/offer/826873938709.html
2026-04-08 10:00:02,377 | INFO | ali1688_goods_monitor |    ✅ 获取到 1 个SKU
2026-04-08 10:00:02,377 | INFO | ali1688_goods_monitor |    ⏳ 等待 2.3 秒后继续...
2026-04-08 10:00:04,651 | INFO | ali1688_goods_monitor | 🔍 [43/269] 获取SKU: https://detail.1688.com/offer/951035484615.html
2026-04-08 10:00:32,759 | INFO | ali1688_goods_monitor |    ✅ 获取到 29 个SKU
2026-04-08 10:00:32,760 | INFO | ali1688_goods_monitor |    ⏳ 等待 1.4 秒后继续...
2026-04-08 10:00:34,199 | INFO | ali1688_goods_monitor | 🔍 [44/269] 获取SKU: https://detail.1688.com/offer/677709968233.html
2026-04-08 10:01:33,418 | WARNING | ali1688_goods_monitor |    ⚠️ 未获取到SKU数据
2026-04-08 10:01:33,418 | INFO | ali1688_goods_monitor |    ⏳ 等待 2.3 秒后继续...
2026-04-08 10:01:35,721 | INFO | ali1688_goods_monitor | 🔍 [45/269] 获取SKU: https://detail.1688.com/offer/1000398364752.html
2026-04-08 10:02:04,209 | INFO | ali1688_goods_monitor |    ✅ 获取到 6 个SKU
2026-04-08 10:02:04,209 | INFO | ali1688_goods_monitor |    ⏳ 等待 1.7 秒后继续...
2026-04-08 10:02:05,922 | INFO | ali1688_goods_monitor | 🔍 [46/269] 获取SKU: https://detail.1688.com/offer/628617576125.html
2026-04-08 10:02:34,028 | INFO | ali1688_goods_monitor |    ✅ 获取到 5 个SKU
2026-04-08 10:02:34,028 | INFO | ali1688_goods_monitor |    ⏳ 等待 2.3 秒后继续...
2026-04-08 10:02:36,381 | INFO | ali1688_goods_monitor | 🔍 [47/269] 获取SKU: https://detail.1688.com/offer/976178977054.html
2026-04-08 10:03:04,143 | INFO | ali1688_goods_monitor |    ✅ 获取到 5 个SKU
2026-04-08 10:03:04,143 | INFO | ali1688_goods_monitor |    ⏳ 等待 1.9 秒后继续...
2026-04-08 10:03:06,053 | INFO | ali1688_goods_monitor | 🔍 [48/269] 获取SKU: https://detail.1688.com/offer/992071730825.html
2026-04-08 10:03:33,870 | INFO | ali1688_goods_monitor |    ✅ 获取到 3 个SKU
2026-04-08 10:03:33,870 | INFO | ali1688_goods_monitor |    ⏳ 等待 1.2 秒后继续...
2026-04-08 10:03:35,062 | INFO | ali1688_goods_monitor | 🔍 [49/269] 获取SKU: https://detail.1688.com/offer/994662909434.html
2026-04-08 10:04:13,409 | WARNING | ali1688_goods_monitor |    ⚠️ 未获取到SKU数据
2026-04-08 10:04:13,409 | INFO | ali1688_goods_monitor |    ⏳ 等待 1.1 秒后继续...
2026-04-08 10:04:14,460 | INFO | ali1688_goods_monitor | 🔍 [50/269] 获取SKU: https://detail.1688.com/offer/856805654657.html
2026-04-08 10:05:13,858 | WARNING | ali1688_goods_monitor |    ⚠️ 未获取到SKU数据
2026-04-08 10:05:13,858 | INFO | ali1688_goods_monitor |    ⏳ 等待 1.6 秒后继续...
2026-04-08 10:05:15,495 | INFO | ali1688_goods_monitor | 🔍 [51/269] 获取SKU: https://detail.1688.com/offer/998051010590.html
2026-04-08 10:06:14,941 | WARNING | ali1688_goods_monitor |    ⚠️ 未获取到SKU数据
2026-04-08 10:06:14,941 | INFO | ali1688_goods_monitor |    ⏳ 等待 1.4 秒后继续...
2026-04-08 10:06:16,362 | INFO | ali1688_goods_monitor | 🔍 [52/269] 获取SKU: https://detail.1688.com/offer/992251601092.html
2026-04-08 10:07:00,120 | INFO | ali1688_goods_monitor |    ✅ 获取到 3 个SKU
2026-04-08 10:07:00,120 | INFO | ali1688_goods_monitor |    ⏳ 等待 2.4 秒后继续...
2026-04-08 10:07:02,528 | INFO | ali1688_goods_monitor | 🔍 [53/269] 获取SKU: https://detail.1688.com/offer/902961760235.html
2026-04-08 10:07:30,403 | INFO | ali1688_goods_monitor |    ✅ 获取到 4 个SKU
2026-04-08 10:07:30,403 | INFO | ali1688_goods_monitor |    ⏳ 等待 1.7 秒后继续...
2026-04-08 10:07:32,165 | INFO | ali1688_goods_monitor | 🔍 [54/269] 获取SKU: https://detail.1688.com/offer/847495122732.html
2026-04-08 10:07:59,775 | INFO | ali1688_goods_monitor |    ✅ 获取到 3 个SKU
2026-04-08 10:07:59,775 | INFO | ali1688_goods_monitor |    ⏳ 等待 2.2 秒后继续...
2026-04-08 10:08:01,965 | INFO | ali1688_goods_monitor | 🔍 [55/269] 获取SKU: https://detail.1688.com/offer/900967422750.html
2026-04-08 10:08:30,664 | INFO | ali1688_goods_monitor |    ✅ 获取到 36 个SKU
2026-04-08 10:08:30,664 | INFO | ali1688_goods_monitor |    ⏳ 等待 1.5 秒后继续...
2026-04-08 10:08:32,142 | INFO | ali1688_goods_monitor | 🔍 [56/269] 获取SKU: https://detail.1688.com/offer/950726478383.html
2026-04-08 10:09:00,000 | INFO | ali1688_goods_monitor |    ✅ 获取到 13 个SKU
2026-04-08 10:09:00,000 | INFO | ali1688_goods_monitor |    ⏳ 等待 1.9 秒后继续...
2026-04-08 10:09:01,870 | INFO | ali1688_goods_monitor | 🔍 [57/269] 获取SKU: https://detail.1688.com/offer/970377098770.html
2026-04-08 10:09:31,825 | INFO | ali1688_goods_monitor |    ✅ 获取到 33 个SKU
2026-04-08 10:09:31,825 | INFO | ali1688_goods_monitor |    ⏳ 等待 2.4 秒后继续...
2026-04-08 10:09:34,209 | INFO | ali1688_goods_monitor | 🔍 [58/269] 获取SKU: https://detail.1688.com/offer/799083276279.html
2026-04-08 10:10:01,794 | INFO | ali1688_goods_monitor |    ✅ 获取到 3 个SKU
2026-04-08 10:10:01,794 | INFO | ali1688_goods_monitor |    ⏳ 等待 2.2 秒后继续...
2026-04-08 10:10:04,041 | INFO | ali1688_goods_monitor | 🔍 [59/269] 获取SKU: https://detail.1688.com/offer/681658732090.html
2026-04-08 10:10:18,092 | WARNING | ali1688_goods_monitor |    ⚠️ 未获取到SKU数据
2026-04-08 10:10:18,092 | INFO | ali1688_goods_monitor |    ⏳ 等待 1.1 秒后继续...
2026-04-08 10:10:19,163 | INFO | ali1688_goods_monitor | 🔍 [60/269] 获取SKU: https://detail.1688.com/offer/996059989352.html
2026-04-08 10:10:46,882 | INFO | ali1688_goods_monitor |    ✅ 获取到 3 个SKU
2026-04-08 10:10:46,883 | INFO | ali1688_goods_monitor |    ⏳ 等待 1.6 秒后继续...
2026-04-08 10:10:48,491 | INFO | ali1688_goods_monitor | 🔍 [61/269] 获取SKU: https://detail.1688.com/offer/902473655388.html
2026-04-08 10:11:15,956 | INFO | ali1688_goods_monitor |    ✅ 获取到 1 个SKU
2026-04-08 10:11:15,956 | INFO | ali1688_goods_monitor |    ⏳ 等待 1.6 秒后继续...
2026-04-08 10:11:17,559 | INFO | ali1688_goods_monitor | 🔍 [62/269] 获取SKU: https://detail.1688.com/offer/703551244918.html
2026-04-08 10:11:45,220 | INFO | ali1688_goods_monitor |    ✅ 获取到 3 个SKU
2026-04-08 10:11:45,220 | INFO | ali1688_goods_monitor |    ⏳ 等待 1.9 秒后继续...
2026-04-08 10:11:47,078 | INFO | ali1688_goods_monitor | 🔍 [63/269] 获取SKU: https://detail.1688.com/offer/899704194303.html
2026-04-08 10:12:14,838 | INFO | ali1688_goods_monitor |    ✅ 获取到 12 个SKU
2026-04-08 10:12:14,838 | INFO | ali1688_goods_monitor |    ⏳ 等待 2.4 秒后继续...
2026-04-08 10:12:17,269 | INFO | ali1688_goods_monitor | 🔍 [64/269] 获取SKU: https://detail.1688.com/offer/898439171537.html
2026-04-08 10:12:44,964 | INFO | ali1688_goods_monitor |    ✅ 获取到 12 个SKU
2026-04-08 10:12:44,964 | INFO | ali1688_goods_monitor |    ⏳ 等待 2.5 秒后继续...
2026-04-08 10:12:47,424 | INFO | ali1688_goods_monitor | 🔍 [65/269] 获取SKU: https://detail.1688.com/offer/890407614753.html
2026-04-08 10:13:15,476 | INFO | ali1688_goods_monitor |    ✅ 获取到 17 个SKU
2026-04-08 10:13:15,477 | INFO | ali1688_goods_monitor |    ⏳ 等待 2.1 秒后继续...
2026-04-08 10:13:17,587 | INFO | ali1688_goods_monitor | 🔍 [66/269] 获取SKU: https://detail.1688.com/offer/873614306333.html
2026-04-08 10:13:45,551 | INFO | ali1688_goods_monitor |    ✅ 获取到 6 个SKU
2026-04-08 10:13:45,551 | INFO | ali1688_goods_monitor |    ⏳ 等待 1.1 秒后继续...
2026-04-08 10:13:46,712 | INFO | ali1688_goods_monitor | 🔍 [67/269] 获取SKU: https://detail.1688.com/offer/43695296576.html
2026-04-08 10:14:14,446 | INFO | ali1688_goods_monitor |    ✅ 获取到 2 个SKU
2026-04-08 10:14:14,446 | INFO | ali1688_goods_monitor |    ⏳ 等待 2.2 秒后继续...
2026-04-08 10:14:16,627 | INFO | ali1688_goods_monitor | 🔍 [68/269] 获取SKU: https://detail.1688.com/offer/956573560393.html
2026-04-08 10:14:40,017 | ERROR | ali1688_goods_monitor |    ❌ 获取SKU失败: 
没有找到元素。
方法: ele()
参数: {'locator': 'xpath://*[@id="content"]/div[2]/div[1]/div[2]/div[1]/div[2]/div[1]/div[2]', 'index': 1, 'timeout': 10}
版本: 4.1.1.2
2026-04-08 10:14:40,018 | INFO | ali1688_goods_monitor |    ⏳ 等待 1.4 秒后继续...
2026-04-08 10:14:41,433 | INFO | ali1688_goods_monitor | 🔍 [69/269] 获取SKU: https://detail.1688.com/offer/789633522584.html
2026-04-08 10:14:55,870 | WARNING | ali1688_goods_monitor |    ⚠️ 未获取到SKU数据
2026-04-08 10:14:55,870 | INFO | ali1688_goods_monitor |    ⏳ 等待 1.8 秒后继续...
2026-04-08 10:14:57,651 | INFO | ali1688_goods_monitor | 🔍 [70/269] 获取SKU: https://detail.1688.com/offer/999142031933.html
2026-04-08 10:15:12,115 | WARNING | ali1688_goods_monitor |    ⚠️ 未获取到SKU数据
2026-04-08 10:15:12,115 | INFO | ali1688_goods_monitor |    ⏳ 等待 1.5 秒后继续...
2026-04-08 10:15:13,593 | INFO | ali1688_goods_monitor | 🔍 [71/269] 获取SKU: https://detail.1688.com/offer/1007062397648.html
2026-04-08 10:15:41,464 | INFO | ali1688_goods_monitor |    ✅ 获取到 4 个SKU
2026-04-08 10:15:41,464 | INFO | ali1688_goods_monitor |    ⏳ 等待 2.2 秒后继续...
2026-04-08 10:15:43,711 | INFO | ali1688_goods_monitor | 🔍 [72/269] 获取SKU: https://detail.1688.com/offer/890654399053.html
2026-04-08 10:16:12,952 | INFO | ali1688_goods_monitor |    ✅ 获取到 28 个SKU
2026-04-08 10:16:12,952 | INFO | ali1688_goods_monitor |    ⏳ 等待 2.1 秒后继续...
2026-04-08 10:16:15,013 | INFO | ali1688_goods_monitor | 🔍 [73/269] 获取SKU: https://detail.1688.com/offer/950670074468.html
2026-04-08 10:16:42,990 | INFO | ali1688_goods_monitor |    ✅ 获取到 36 个SKU
2026-04-08 10:16:42,990 | INFO | ali1688_goods_monitor |    ⏳ 等待 1.8 秒后继续...
2026-04-08 10:16:44,811 | INFO | ali1688_goods_monitor | 🔍 [74/269] 获取SKU: https://detail.1688.com/offer/840249263873.html
2026-04-08 10:17:12,721 | INFO | ali1688_goods_monitor |    ✅ 获取到 7 个SKU
2026-04-08 10:17:12,721 | INFO | ali1688_goods_monitor |    ⏳ 等待 1.9 秒后继续...
2026-04-08 10:17:14,623 | INFO | ali1688_goods_monitor | 🔍 [75/269] 获取SKU: https://detail.1688.com/offer/702199084381.html
2026-04-08 10:17:42,697 | INFO | ali1688_goods_monitor |    ✅ 获取到 20 个SKU
2026-04-08 10:17:42,697 | INFO | ali1688_goods_monitor |    ⏳ 等待 1.9 秒后继续...
2026-04-08 10:17:44,587 | INFO | ali1688_goods_monitor | 🔍 [76/269] 获取SKU: https://detail.1688.com/offer/832304702315.html
2026-04-08 10:18:12,254 | INFO | ali1688_goods_monitor |    ✅ 获取到 5 个SKU
2026-04-08 10:18:12,254 | INFO | ali1688_goods_monitor |    ⏳ 等待 2.2 秒后继续...
2026-04-08 10:18:14,468 | INFO | ali1688_goods_monitor | 🔍 [77/269] 获取SKU: https://detail.1688.com/offer/1000255776437.html
2026-04-08 10:18:42,773 | INFO | ali1688_goods_monitor |    ✅ 获取到 3 个SKU
2026-04-08 10:18:42,773 | INFO | ali1688_goods_monitor |    ⏳ 等待 2.1 秒后继续...
2026-04-08 10:18:44,883 | INFO | ali1688_goods_monitor | 🔍 [78/269] 获取SKU: https://detail.1688.com/offer/746411095420.html
2026-04-08 10:19:12,942 | INFO | ali1688_goods_monitor |    ✅ 获取到 22 个SKU
2026-04-08 10:19:12,943 | INFO | ali1688_goods_monitor |    ⏳ 等待 2.3 秒后继续...
2026-04-08 10:19:15,264 | INFO | ali1688_goods_monitor | 🔍 [79/269] 获取SKU: https://detail.1688.com/offer/979471208168.html
2026-04-08 10:19:42,843 | INFO | ali1688_goods_monitor |    ✅ 获取到 1 个SKU
2026-04-08 10:19:42,843 | INFO | ali1688_goods_monitor |    ⏳ 等待 2.3 秒后继续...
2026-04-08 10:19:45,173 | INFO | ali1688_goods_monitor | 🔍 [80/269] 获取SKU: https://detail.1688.com/offer/993465198242.html
2026-04-08 10:20:13,119 | INFO | ali1688_goods_monitor |    ✅ 获取到 7 个SKU
2026-04-08 10:20:13,120 | INFO | ali1688_goods_monitor |    ⏳ 等待 1.7 秒后继续...
2026-04-08 10:20:14,795 | INFO | ali1688_goods_monitor | 🔍 [81/269] 获取SKU: https://detail.1688.com/offer/859584630627.html
2026-04-08 10:20:42,973 | INFO | ali1688_goods_monitor |    ✅ 获取到 4 个SKU
2026-04-08 10:20:42,973 | INFO | ali1688_goods_monitor |    ⏳ 等待 2.1 秒后继续...
2026-04-08 10:20:45,052 | INFO | ali1688_goods_monitor | 🔍 [82/269] 获取SKU: https://detail.1688.com/offer/852501307622.html
2026-04-08 10:21:13,323 | INFO | ali1688_goods_monitor |    ✅ 获取到 2 个SKU
2026-04-08 10:21:13,323 | INFO | ali1688_goods_monitor |    ⏳ 等待 2.0 秒后继续...
2026-04-08 10:21:15,349 | INFO | ali1688_goods_monitor | 🔍 [83/269] 获取SKU: https://detail.1688.com/offer/927205288673.html
2026-04-08 10:21:43,408 | INFO | ali1688_goods_monitor |    ✅ 获取到 4 个SKU
2026-04-08 10:21:43,408 | INFO | ali1688_goods_monitor |    ⏳ 等待 2.3 秒后继续...
2026-04-08 10:21:45,699 | INFO | ali1688_goods_monitor | 🔍 [84/269] 获取SKU: https://detail.1688.com/offer/1009966785995.html
2026-04-08 10:22:14,072 | INFO | ali1688_goods_monitor |    ✅ 获取到 4 个SKU
2026-04-08 10:22:14,072 | INFO | ali1688_goods_monitor |    ⏳ 等待 1.4 秒后继续...
2026-04-08 10:22:15,468 | INFO | ali1688_goods_monitor | 🔍 [85/269] 获取SKU: https://detail.1688.com/offer/853399095646.html
2026-04-08 10:22:43,984 | INFO | ali1688_goods_monitor |    ✅ 获取到 5 个SKU
2026-04-08 10:22:43,984 | INFO | ali1688_goods_monitor |    ⏳ 等待 2.4 秒后继续...
2026-04-08 10:22:46,350 | INFO | ali1688_goods_monitor | 🔍 [86/269] 获取SKU: https://detail.1688.com/offer/991070192317.html
2026-04-08 10:23:15,121 | INFO | ali1688_goods_monitor |    ✅ 获取到 11 个SKU
2026-04-08 10:23:15,121 | INFO | ali1688_goods_monitor |    ⏳ 等待 2.3 秒后继续...
2026-04-08 10:23:17,463 | INFO | ali1688_goods_monitor | 🔍 [87/269] 获取SKU: https://detail.1688.com/offer/998859559585.html
2026-04-08 10:23:46,129 | INFO | ali1688_goods_monitor |    ✅ 获取到 11 个SKU
2026-04-08 10:23:46,129 | INFO | ali1688_goods_monitor |    ⏳ 等待 1.8 秒后继续...
2026-04-08 10:23:47,980 | INFO | ali1688_goods_monitor | 🔍 [88/269] 获取SKU: https://detail.1688.com/offer/671840552108.html
2026-04-08 10:24:21,030 | INFO | ali1688_goods_monitor |    ✅ 获取到 8 个SKU
2026-04-08 10:24:21,030 | INFO | ali1688_goods_monitor |    ⏳ 等待 2.4 秒后继续...
2026-04-08 10:24:23,436 | INFO | ali1688_goods_monitor | 🔍 [89/269] 获取SKU: https://detail.1688.com/offer/985206853035.html
2026-04-08 10:24:51,838 | INFO | ali1688_goods_monitor |    ✅ 获取到 2 个SKU
2026-04-08 10:24:51,838 | INFO | ali1688_goods_monitor |    ⏳ 等待 1.4 秒后继续...
2026-04-08 10:24:53,285 | INFO | ali1688_goods_monitor | 🔍 [90/269] 获取SKU: https://detail.1688.com/offer/992800642545.html
2026-04-08 10:25:21,578 | INFO | ali1688_goods_monitor |    ✅ 获取到 3 个SKU
2026-04-08 10:25:21,578 | INFO | ali1688_goods_monitor |    ⏳ 等待 1.8 秒后继续...
2026-04-08 10:25:23,366 | INFO | ali1688_goods_monitor | 🔍 [91/269] 获取SKU: https://detail.1688.com/offer/873771926327.html
2026-04-08 10:25:51,964 | INFO | ali1688_goods_monitor |    ✅ 获取到 32 个SKU
2026-04-08 10:25:51,964 | INFO | ali1688_goods_monitor |    ⏳ 等待 1.8 秒后继续...
2026-04-08 10:25:53,771 | INFO | ali1688_goods_monitor | 🔍 [92/269] 获取SKU: https://detail.1688.com/offer/652994949606.html
2026-04-08 10:26:22,126 | INFO | ali1688_goods_monitor |    ✅ 获取到 4 个SKU
2026-04-08 10:26:22,126 | INFO | ali1688_goods_monitor |    ⏳ 等待 2.3 秒后继续...
2026-04-08 10:26:24,465 | INFO | ali1688_goods_monitor | 🔍 [93/269] 获取SKU: https://detail.1688.com/offer/975762015590.html
2026-04-08 10:26:52,070 | INFO | ali1688_goods_monitor |    ✅ 获取到 6 个SKU
2026-04-08 10:26:52,070 | INFO | ali1688_goods_monitor |    ⏳ 等待 2.3 秒后继续...
2026-04-08 10:26:54,351 | INFO | ali1688_goods_monitor | 🔍 [94/269] 获取SKU: https://detail.1688.com/offer/928580021030.html
2026-04-08 10:27:22,614 | INFO | ali1688_goods_monitor |    ✅ 获取到 2 个SKU
2026-04-08 10:27:22,614 | INFO | ali1688_goods_monitor |    ⏳ 等待 1.3 秒后继续...
2026-04-08 10:27:23,939 | INFO | ali1688_goods_monitor | 🔍 [95/269] 获取SKU: https://detail.1688.com/offer/836899798919.html
2026-04-08 10:27:51,727 | INFO | ali1688_goods_monitor |    ✅ 获取到 9 个SKU
2026-04-08 10:27:51,728 | INFO | ali1688_goods_monitor |    ⏳ 等待 1.8 秒后继续...
2026-04-08 10:27:53,538 | INFO | ali1688_goods_monitor | 🔍 [96/269] 获取SKU: https://detail.1688.com/offer/990618054916.html
2026-04-08 10:28:29,162 | INFO | ali1688_goods_monitor |    ✅ 获取到 3 个SKU
2026-04-08 10:28:29,162 | INFO | ali1688_goods_monitor |    ⏳ 等待 1.3 秒后继续...
2026-04-08 10:28:30,443 | INFO | ali1688_goods_monitor | 🔍 [97/269] 获取SKU: https://detail.1688.com/offer/632300625030.html
2026-04-08 10:28:58,799 | INFO | ali1688_goods_monitor |    ✅ 获取到 2 个SKU
2026-04-08 10:28:58,799 | INFO | ali1688_goods_monitor |    ⏳ 等待 1.5 秒后继续...
2026-04-08 10:29:00,334 | INFO | ali1688_goods_monitor | 🔍 [98/269] 获取SKU: https://detail.1688.com/offer/970542473882.html
2026-04-08 10:29:28,677 | INFO | ali1688_goods_monitor |    ✅ 获取到 5 个SKU
2026-04-08 10:29:28,677 | INFO | ali1688_goods_monitor |    ⏳ 等待 2.2 秒后继续...
2026-04-08 10:29:30,928 | INFO | ali1688_goods_monitor | 🔍 [99/269] 获取SKU: https://detail.1688.com/offer/950658287741.html
2026-04-08 10:29:59,556 | INFO | ali1688_goods_monitor |    ✅ 获取到 18 个SKU
2026-04-08 10:29:59,556 | INFO | ali1688_goods_monitor |    ⏳ 等待 1.6 秒后继续...
2026-04-08 10:30:01,179 | INFO | ali1688_goods_monitor | 🔍 [100/269] 获取SKU: https://detail.1688.com/offer/729749403422.html
2026-04-08 10:30:29,549 | INFO | ali1688_goods_monitor |    ✅ 获取到 7 个SKU
2026-04-08 10:30:29,549 | INFO | ali1688_goods_monitor |    ⏳ 等待 2.0 秒后继续...
2026-04-08 10:30:31,539 | INFO | ali1688_goods_monitor | 🔍 [101/269] 获取SKU: https://detail.1688.com/offer/895439014120.html
2026-04-08 10:30:59,602 | INFO | ali1688_goods_monitor |    ✅ 获取到 8 个SKU
2026-04-08 10:30:59,603 | INFO | ali1688_goods_monitor |    ⏳ 等待 1.1 秒后继续...
2026-04-08 10:31:00,668 | INFO | ali1688_goods_monitor | 🔍 [102/269] 获取SKU: https://detail.1688.com/offer/978651830599.html
2026-04-08 10:31:28,811 | INFO | ali1688_goods_monitor |    ✅ 获取到 2 个SKU
2026-04-08 10:31:28,811 | INFO | ali1688_goods_monitor |    ⏳ 等待 2.4 秒后继续...
2026-04-08 10:31:31,187 | INFO | ali1688_goods_monitor | 🔍 [103/269] 获取SKU: https://detail.1688.com/offer/662598267674.html
2026-04-08 10:31:59,252 | INFO | ali1688_goods_monitor |    ✅ 获取到 4 个SKU
2026-04-08 10:31:59,252 | INFO | ali1688_goods_monitor |    ⏳ 等待 1.8 秒后继续...
2026-04-08 10:32:01,091 | INFO | ali1688_goods_monitor | 🔍 [104/269] 获取SKU: https://detail.1688.com/offer/621865712164.html
2026-04-08 10:32:29,101 | INFO | ali1688_goods_monitor |    ✅ 获取到 8 个SKU
2026-04-08 10:32:29,101 | INFO | ali1688_goods_monitor |    ⏳ 等待 1.3 秒后继续...
2026-04-08 10:32:30,428 | INFO | ali1688_goods_monitor | 🔍 [105/269] 获取SKU: https://detail.1688.com/offer/994237964153.html
2026-04-08 10:32:58,542 | INFO | ali1688_goods_monitor |    ✅ 获取到 7 个SKU
2026-04-08 10:32:58,543 | INFO | ali1688_goods_monitor |    ⏳ 等待 2.2 秒后继续...
2026-04-08 10:33:00,788 | INFO | ali1688_goods_monitor | 🔍 [106/269] 获取SKU: https://detail.1688.com/offer/948334688543.html
2026-04-08 10:33:29,203 | INFO | ali1688_goods_monitor |    ✅ 获取到 22 个SKU
2026-04-08 10:33:29,204 | INFO | ali1688_goods_monitor |    ⏳ 等待 1.9 秒后继续...
2026-04-08 10:33:31,158 | INFO | ali1688_goods_monitor | 🔍 [107/269] 获取SKU: https://detail.1688.com/offer/993354315037.html
2026-04-08 10:33:59,415 | INFO | ali1688_goods_monitor |    ✅ 获取到 11 个SKU
2026-04-08 10:33:59,415 | INFO | ali1688_goods_monitor |    ⏳ 等待 1.0 秒后继续...
2026-04-08 10:34:00,420 | INFO | ali1688_goods_monitor | 🔍 [108/269] 获取SKU: https://detail.1688.com/offer/864653527961.html
2026-04-08 10:34:28,534 | INFO | ali1688_goods_monitor |    ✅ 获取到 1 个SKU
2026-04-08 10:34:28,534 | INFO | ali1688_goods_monitor |    ⏳ 等待 1.5 秒后继续...
2026-04-08 10:34:30,034 | INFO | ali1688_goods_monitor | 🔍 [109/269] 获取SKU: https://detail.1688.com/offer/746416939989.html
2026-04-08 10:34:58,179 | INFO | ali1688_goods_monitor |    ✅ 获取到 3 个SKU
2026-04-08 10:34:58,180 | INFO | ali1688_goods_monitor |    ⏳ 等待 1.7 秒后继续...
2026-04-08 10:34:59,897 | INFO | ali1688_goods_monitor | 🔍 [110/269] 获取SKU: https://detail.1688.com/offer/997795598539.html
2026-04-08 10:35:29,420 | INFO | ali1688_goods_monitor |    ✅ 获取到 3 个SKU
2026-04-08 10:35:29,420 | INFO | ali1688_goods_monitor |    ⏳ 等待 1.1 秒后继续...
2026-04-08 10:35:30,531 | INFO | ali1688_goods_monitor | 🔍 [111/269] 获取SKU: https://detail.1688.com/offer/692940339011.html
2026-04-08 10:35:58,530 | INFO | ali1688_goods_monitor |    ✅ 获取到 3 个SKU
2026-04-08 10:35:58,530 | INFO | ali1688_goods_monitor |    ⏳ 等待 1.2 秒后继续...
2026-04-08 10:35:59,702 | INFO | ali1688_goods_monitor | 🔍 [112/269] 获取SKU: https://detail.1688.com/offer/930446969722.html
2026-04-08 10:36:27,795 | INFO | ali1688_goods_monitor |    ✅ 获取到 2 个SKU
2026-04-08 10:36:27,795 | INFO | ali1688_goods_monitor |    ⏳ 等待 2.0 秒后继续...
2026-04-08 10:36:29,846 | INFO | ali1688_goods_monitor | 🔍 [113/269] 获取SKU: https://detail.1688.com/offer/991823064917.html
2026-04-08 10:37:30,832 | WARNING | ali1688_goods_monitor |    ⚠️ 未获取到SKU数据
2026-04-08 10:37:30,832 | INFO | ali1688_goods_monitor |    ⏳ 等待 1.6 秒后继续...
2026-04-08 10:37:32,420 | INFO | ali1688_goods_monitor | 🔍 [114/269] 获取SKU: https://detail.1688.com/offer/849820903779.html
2026-04-08 10:38:32,937 | WARNING | ali1688_goods_monitor |    ⚠️ 未获取到SKU数据
2026-04-08 10:38:32,937 | INFO | ali1688_goods_monitor |    ⏳ 等待 2.4 秒后继续...
2026-04-08 10:38:35,316 | INFO | ali1688_goods_monitor | 🔍 [115/269] 获取SKU: https://detail.1688.com/offer/847990628509.html
2026-04-08 10:39:04,736 | INFO | ali1688_goods_monitor |    ✅ 获取到 13 个SKU
2026-04-08 10:39:04,736 | INFO | ali1688_goods_monitor |    ⏳ 等待 1.3 秒后继续...
2026-04-08 10:39:06,025 | INFO | ali1688_goods_monitor | 🔍 [116/269] 获取SKU: https://detail.1688.com/offer/854253039240.html
2026-04-08 10:39:34,671 | INFO | ali1688_goods_monitor |    ✅ 获取到 2 个SKU
2026-04-08 10:39:34,671 | INFO | ali1688_goods_monitor |    ⏳ 等待 1.8 秒后继续...
2026-04-08 10:39:36,473 | INFO | ali1688_goods_monitor | 🔍 [117/269] 获取SKU: https://detail.1688.com/offer/847781001778.html
2026-04-08 10:40:04,197 | INFO | ali1688_goods_monitor |    ✅ 获取到 4 个SKU
2026-04-08 10:40:04,197 | INFO | ali1688_goods_monitor |    ⏳ 等待 1.8 秒后继续...
2026-04-08 10:40:05,981 | INFO | ali1688_goods_monitor | 🔍 [118/269] 获取SKU: https://detail.1688.com/offer/962546716755.html
2026-04-08 10:40:34,049 | INFO | ali1688_goods_monitor |    ✅ 获取到 3 个SKU
2026-04-08 10:40:34,049 | INFO | ali1688_goods_monitor |    ⏳ 等待 2.0 秒后继续...
2026-04-08 10:40:36,097 | INFO | ali1688_goods_monitor | 🔍 [119/269] 获取SKU: https://detail.1688.com/offer/991467576950.html
2026-04-08 10:41:04,150 | INFO | ali1688_goods_monitor |    ✅ 获取到 40 个SKU
2026-04-08 10:41:04,150 | INFO | ali1688_goods_monitor |    ⏳ 等待 1.2 秒后继续...
2026-04-08 10:41:05,351 | INFO | ali1688_goods_monitor | 🔍 [120/269] 获取SKU: https://detail.1688.com/offer/1006668462460.html
2026-04-08 10:41:33,093 | INFO | ali1688_goods_monitor |    ✅ 获取到 12 个SKU
2026-04-08 10:41:33,093 | INFO | ali1688_goods_monitor |    ⏳ 等待 1.8 秒后继续...
2026-04-08 10:41:34,892 | INFO | ali1688_goods_monitor | 🔍 [121/269] 获取SKU: https://detail.1688.com/offer/915854311158.html
2026-04-08 10:42:02,973 | INFO | ali1688_goods_monitor |    ✅ 获取到 5 个SKU
2026-04-08 10:42:02,973 | INFO | ali1688_goods_monitor |    ⏳ 等待 2.0 秒后继续...
2026-04-08 10:42:04,999 | INFO | ali1688_goods_monitor | 🔍 [122/269] 获取SKU: https://detail.1688.com/offer/773383798724.html
2026-04-08 10:42:32,993 | INFO | ali1688_goods_monitor |    ✅ 获取到 30 个SKU
2026-04-08 10:42:32,993 | INFO | ali1688_goods_monitor |    ⏳ 等待 1.2 秒后继续...
2026-04-08 10:42:34,204 | INFO | ali1688_goods_monitor | 🔍 [123/269] 获取SKU: https://detail.1688.com/offer/924140770781.html
2026-04-08 10:43:01,675 | INFO | ali1688_goods_monitor |    ✅ 获取到 2 个SKU
2026-04-08 10:43:01,675 | INFO | ali1688_goods_monitor |    ⏳ 等待 1.3 秒后继续...
2026-04-08 10:43:03,024 | INFO | ali1688_goods_monitor | 🔍 [124/269] 获取SKU: https://detail.1688.com/offer/813592780236.html
2026-04-08 10:43:30,777 | INFO | ali1688_goods_monitor |    ✅ 获取到 2 个SKU
2026-04-08 10:43:30,778 | INFO | ali1688_goods_monitor |    ⏳ 等待 1.2 秒后继续...
2026-04-08 10:43:31,949 | INFO | ali1688_goods_monitor | 🔍 [125/269] 获取SKU: https://detail.1688.com/offer/675880303102.html
2026-04-08 10:43:59,631 | INFO | ali1688_goods_monitor |    ✅ 获取到 1 个SKU
2026-04-08 10:43:59,631 | INFO | ali1688_goods_monitor |    ⏳ 等待 1.4 秒后继续...
2026-04-08 10:44:01,055 | INFO | ali1688_goods_monitor | 🔍 [126/269] 获取SKU: https://detail.1688.com/offer/952611726643.html
2026-04-08 10:44:28,886 | INFO | ali1688_goods_monitor |    ✅ 获取到 2 个SKU
2026-04-08 10:44:28,886 | INFO | ali1688_goods_monitor |    ⏳ 等待 2.4 秒后继续...
2026-04-08 10:44:31,269 | INFO | ali1688_goods_monitor | 🔍 [127/269] 获取SKU: https://detail.1688.com/offer/926941651375.html
2026-04-08 10:44:58,942 | INFO | ali1688_goods_monitor |    ✅ 获取到 10 个SKU
2026-04-08 10:44:58,942 | INFO | ali1688_goods_monitor |    ⏳ 等待 2.3 秒后继续...
2026-04-08 10:45:01,203 | INFO | ali1688_goods_monitor | 🔍 [128/269] 获取SKU: https://detail.1688.com/offer/847784309788.html
2026-04-08 10:45:29,166 | INFO | ali1688_goods_monitor |    ✅ 获取到 2 个SKU
2026-04-08 10:45:29,167 | INFO | ali1688_goods_monitor |    ⏳ 等待 1.4 秒后继续...
2026-04-08 10:45:30,570 | INFO | ali1688_goods_monitor | 🔍 [129/269] 获取SKU: https://detail.1688.com/offer/986179889619.html
2026-04-08 10:45:58,132 | INFO | ali1688_goods_monitor |    ✅ 获取到 3 个SKU
2026-04-08 10:45:58,132 | INFO | ali1688_goods_monitor |    ⏳ 等待 1.5 秒后继续...
2026-04-08 10:45:59,648 | INFO | ali1688_goods_monitor | 🔍 [130/269] 获取SKU: https://detail.1688.com/offer/848195784663.html
2026-04-08 10:46:27,468 | INFO | ali1688_goods_monitor |    ✅ 获取到 6 个SKU
2026-04-08 10:46:27,468 | INFO | ali1688_goods_monitor |    ⏳ 等待 1.6 秒后继续...
2026-04-08 10:46:29,102 | INFO | ali1688_goods_monitor | 🔍 [131/269] 获取SKU: https://detail.1688.com/offer/995364912374.html
2026-04-08 10:46:56,935 | INFO | ali1688_goods_monitor |    ✅ 获取到 3 个SKU
2026-04-08 10:46:56,935 | INFO | ali1688_goods_monitor |    ⏳ 等待 2.4 秒后继续...
2026-04-08 10:46:59,369 | INFO | ali1688_goods_monitor | 🔍 [132/269] 获取SKU: https://detail.1688.com/offer/811638208514.html
2026-04-08 10:47:27,298 | INFO | ali1688_goods_monitor |    ✅ 获取到 3 个SKU
2026-04-08 10:47:27,298 | INFO | ali1688_goods_monitor |    ⏳ 等待 1.7 秒后继续...
2026-04-08 10:47:28,995 | INFO | ali1688_goods_monitor | 🔍 [133/269] 获取SKU: https://detail.1688.com/offer/997359995216.html
2026-04-08 10:47:56,647 | INFO | ali1688_goods_monitor |    ✅ 获取到 4 个SKU
2026-04-08 10:47:56,648 | INFO | ali1688_goods_monitor |    ⏳ 等待 1.5 秒后继续...
2026-04-08 10:47:58,119 | INFO | ali1688_goods_monitor | 🔍 [134/269] 获取SKU: https://detail.1688.com/offer/985998626047.html
2026-04-08 10:48:25,751 | INFO | ali1688_goods_monitor |    ✅ 获取到 4 个SKU
2026-04-08 10:48:25,751 | INFO | ali1688_goods_monitor |    ⏳ 等待 1.8 秒后继续...
2026-04-08 10:48:27,560 | INFO | ali1688_goods_monitor | 🔍 [135/269] 获取SKU: https://detail.1688.com/offer/999860867159.html
2026-04-08 10:48:55,017 | INFO | ali1688_goods_monitor |    ✅ 获取到 1 个SKU
2026-04-08 10:48:55,017 | INFO | ali1688_goods_monitor |    ⏳ 等待 2.0 秒后继续...
2026-04-08 10:48:56,996 | INFO | ali1688_goods_monitor | 🔍 [136/269] 获取SKU: https://detail.1688.com/offer/920664381969.html
2026-04-08 10:49:24,622 | INFO | ali1688_goods_monitor |    ✅ 获取到 4 个SKU
2026-04-08 10:49:24,622 | INFO | ali1688_goods_monitor |    ⏳ 等待 1.2 秒后继续...
2026-04-08 10:49:25,811 | INFO | ali1688_goods_monitor | 🔍 [137/269] 获取SKU: https://detail.1688.com/offer/917143716667.html
2026-04-08 10:49:53,336 | INFO | ali1688_goods_monitor |    ✅ 获取到 4 个SKU
2026-04-08 10:49:53,336 | INFO | ali1688_goods_monitor |    ⏳ 等待 1.8 秒后继续...
2026-04-08 10:49:55,191 | INFO | ali1688_goods_monitor | 🔍 [138/269] 获取SKU: https://detail.1688.com/offer/1039821084728.html
2026-04-08 10:50:53,792 | WARNING | ali1688_goods_monitor |    ⚠️ 未获取到SKU数据
2026-04-08 10:50:53,792 | INFO | ali1688_goods_monitor |    ⏳ 等待 1.3 秒后继续...
2026-04-08 10:50:55,066 | INFO | ali1688_goods_monitor | 🔍 [139/269] 获取SKU: https://detail.1688.com/offer/662629659424.html
2026-04-08 10:51:23,236 | INFO | ali1688_goods_monitor |    ✅ 获取到 4 个SKU
2026-04-08 10:51:23,236 | INFO | ali1688_goods_monitor |    ⏳ 等待 2.1 秒后继续...
2026-04-08 10:51:25,348 | INFO | ali1688_goods_monitor | 🔍 [140/269] 获取SKU: https://detail.1688.com/offer/796066732390.html
2026-04-08 10:51:53,357 | INFO | ali1688_goods_monitor |    ✅ 获取到 6 个SKU
2026-04-08 10:51:53,357 | INFO | ali1688_goods_monitor |    ⏳ 等待 2.4 秒后继续...
2026-04-08 10:51:55,755 | INFO | ali1688_goods_monitor | 🔍 [141/269] 获取SKU: https://detail.1688.com/offer/855494409051.html
2026-04-08 10:52:23,656 | INFO | ali1688_goods_monitor |    ✅ 获取到 4 个SKU
2026-04-08 10:52:23,656 | INFO | ali1688_goods_monitor |    ⏳ 等待 1.6 秒后继续...
2026-04-08 10:52:25,268 | INFO | ali1688_goods_monitor | 🔍 [142/269] 获取SKU: https://detail.1688.com/offer/833863806015.html
2026-04-08 10:52:53,188 | INFO | ali1688_goods_monitor |    ✅ 获取到 5 个SKU
2026-04-08 10:52:53,188 | INFO | ali1688_goods_monitor |    ⏳ 等待 2.3 秒后继续...
2026-04-08 10:52:55,504 | INFO | ali1688_goods_monitor | 🔍 [143/269] 获取SKU: https://detail.1688.com/offer/918745003737.html
2026-04-08 10:53:23,220 | INFO | ali1688_goods_monitor |    ✅ 获取到 6 个SKU
2026-04-08 10:53:23,220 | INFO | ali1688_goods_monitor |    ⏳ 等待 1.8 秒后继续...
2026-04-08 10:53:25,026 | INFO | ali1688_goods_monitor | 🔍 [144/269] 获取SKU: https://detail.1688.com/offer/968025059447.html
2026-04-08 10:53:52,584 | INFO | ali1688_goods_monitor |    ✅ 获取到 6 个SKU
2026-04-08 10:53:52,585 | INFO | ali1688_goods_monitor |    ⏳ 等待 2.5 秒后继续...
2026-04-08 10:53:55,068 | INFO | ali1688_goods_monitor | 🔍 [145/269] 获取SKU: https://detail.1688.com/offer/990374779412.html
2026-04-08 10:54:22,614 | INFO | ali1688_goods_monitor |    ✅ 获取到 3 个SKU
2026-04-08 10:54:22,614 | INFO | ali1688_goods_monitor |    ⏳ 等待 2.4 秒后继续...
2026-04-08 10:54:25,021 | INFO | ali1688_goods_monitor | 🔍 [146/269] 获取SKU: https://detail.1688.com/offer/969889694254.html
2026-04-08 10:54:52,920 | INFO | ali1688_goods_monitor |    ✅ 获取到 27 个SKU
2026-04-08 10:54:52,920 | INFO | ali1688_goods_monitor |    ⏳ 等待 2.5 秒后继续...
2026-04-08 10:54:55,410 | INFO | ali1688_goods_monitor | 🔍 [147/269] 获取SKU: https://detail.1688.com/offer/903214944988.html
2026-04-08 10:55:23,064 | INFO | ali1688_goods_monitor |    ✅ 获取到 1 个SKU
2026-04-08 10:55:23,065 | INFO | ali1688_goods_monitor |    ⏳ 等待 1.7 秒后继续...
2026-04-08 10:55:24,763 | INFO | ali1688_goods_monitor | 🔍 [148/269] 获取SKU: https://detail.1688.com/offer/973730524327.html
2026-04-08 10:55:52,550 | INFO | ali1688_goods_monitor |    ✅ 获取到 13 个SKU
2026-04-08 10:55:52,550 | INFO | ali1688_goods_monitor |    ⏳ 等待 1.1 秒后继续...
2026-04-08 10:55:53,613 | INFO | ali1688_goods_monitor | 🔍 [149/269] 获取SKU: https://detail.1688.com/offer/1000261330427.html
2026-04-08 10:56:21,103 | INFO | ali1688_goods_monitor |    ✅ 获取到 1 个SKU
2026-04-08 10:56:21,104 | INFO | ali1688_goods_monitor |    ⏳ 等待 2.1 秒后继续...
2026-04-08 10:56:23,185 | INFO | ali1688_goods_monitor | 🔍 [150/269] 获取SKU: https://detail.1688.com/offer/989391144530.html
2026-04-08 10:56:51,401 | INFO | ali1688_goods_monitor |    ✅ 获取到 40 个SKU
2026-04-08 10:56:51,401 | INFO | ali1688_goods_monitor |    ⏳ 等待 1.2 秒后继续...
2026-04-08 10:56:52,579 | INFO | ali1688_goods_monitor | 🔍 [151/269] 获取SKU: https://detail.1688.com/offer/778105306124.html
2026-04-08 10:57:20,211 | INFO | ali1688_goods_monitor |    ✅ 获取到 2 个SKU
2026-04-08 10:57:20,212 | INFO | ali1688_goods_monitor |    ⏳ 等待 1.3 秒后继续...
2026-04-08 10:57:21,514 | INFO | ali1688_goods_monitor | 🔍 [152/269] 获取SKU: https://detail.1688.com/offer/695065852792.html
2026-04-08 10:57:49,481 | INFO | ali1688_goods_monitor |    ✅ 获取到 2 个SKU
2026-04-08 10:57:49,481 | INFO | ali1688_goods_monitor |    ⏳ 等待 2.3 秒后继续...
2026-04-08 10:57:51,791 | INFO | ali1688_goods_monitor | 🔍 [153/269] 获取SKU: https://detail.1688.com/offer/854773109889.html
2026-04-08 10:58:19,635 | INFO | ali1688_goods_monitor |    ✅ 获取到 2 个SKU
2026-04-08 10:58:19,635 | INFO | ali1688_goods_monitor |    ⏳ 等待 1.6 秒后继续...
2026-04-08 10:58:21,199 | INFO | ali1688_goods_monitor | 🔍 [154/269] 获取SKU: https://detail.1688.com/offer/909894706445.html
2026-04-08 10:58:49,454 | INFO | ali1688_goods_monitor |    ✅ 获取到 34 个SKU
2026-04-08 10:58:49,454 | INFO | ali1688_goods_monitor |    ⏳ 等待 2.0 秒后继续...
2026-04-08 10:58:51,509 | INFO | ali1688_goods_monitor | 🔍 [155/269] 获取SKU: https://detail.1688.com/offer/1001253412551.html
2026-04-08 10:59:19,350 | INFO | ali1688_goods_monitor |    ✅ 获取到 7 个SKU
2026-04-08 10:59:19,351 | INFO | ali1688_goods_monitor |    ⏳ 等待 2.1 秒后继续...
2026-04-08 10:59:21,488 | INFO | ali1688_goods_monitor | 🔍 [156/269] 获取SKU: https://detail.1688.com/offer/983142383790.html
2026-04-08 10:59:35,732 | WARNING | ali1688_goods_monitor |    ⚠️ 未获取到SKU数据
2026-04-08 10:59:35,732 | INFO | ali1688_goods_monitor |    ⏳ 等待 2.2 秒后继续...
2026-04-08 10:59:37,900 | INFO | ali1688_goods_monitor | 🔍 [157/269] 获取SKU: https://detail.1688.com/offer/678640196785.html
2026-04-08 11:00:05,873 | INFO | ali1688_goods_monitor |    ✅ 获取到 9 个SKU
2026-04-08 11:00:05,873 | INFO | ali1688_goods_monitor |    ⏳ 等待 2.0 秒后继续...
2026-04-08 11:00:07,883 | INFO | ali1688_goods_monitor | 🔍 [158/269] 获取SKU: https://detail.1688.com/offer/939201456076.html
2026-04-08 11:00:35,807 | INFO | ali1688_goods_monitor |    ✅ 获取到 7 个SKU
2026-04-08 11:00:35,807 | INFO | ali1688_goods_monitor |    ⏳ 等待 1.7 秒后继续...
2026-04-08 11:00:37,471 | INFO | ali1688_goods_monitor | 🔍 [159/269] 获取SKU: https://detail.1688.com/offer/955211708273.html
2026-04-08 11:01:05,944 | INFO | ali1688_goods_monitor |    ✅ 获取到 23 个SKU
2026-04-08 11:01:05,944 | INFO | ali1688_goods_monitor |    ⏳ 等待 1.6 秒后继续...
2026-04-08 11:01:07,580 | INFO | ali1688_goods_monitor | 🔍 [160/269] 获取SKU: https://detail.1688.com/offer/997742353743.html
2026-04-08 11:01:35,030 | INFO | ali1688_goods_monitor |    ✅ 获取到 3 个SKU
2026-04-08 11:01:35,030 | INFO | ali1688_goods_monitor |    ⏳ 等待 1.3 秒后继续...
2026-04-08 11:01:36,308 | INFO | ali1688_goods_monitor | 🔍 [161/269] 获取SKU: https://detail.1688.com/offer/818121391220.html
2026-04-08 11:02:04,453 | INFO | ali1688_goods_monitor |    ✅ 获取到 7 个SKU
2026-04-08 11:02:04,454 | INFO | ali1688_goods_monitor |    ⏳ 等待 1.3 秒后继续...
2026-04-08 11:02:05,747 | INFO | ali1688_goods_monitor | 🔍 [162/269] 获取SKU: https://detail.1688.com/offer/854420062122.html
2026-04-08 11:02:33,396 | INFO | ali1688_goods_monitor |    ✅ 获取到 12 个SKU
2026-04-08 11:02:33,396 | INFO | ali1688_goods_monitor |    ⏳ 等待 1.2 秒后继续...
2026-04-08 11:02:34,614 | INFO | ali1688_goods_monitor | 🔍 [163/269] 获取SKU: https://detail.1688.com/offer/668301084321.html
2026-04-08 11:03:02,389 | INFO | ali1688_goods_monitor |    ✅ 获取到 3 个SKU
2026-04-08 11:03:02,390 | INFO | ali1688_goods_monitor |    ⏳ 等待 2.3 秒后继续...
2026-04-08 11:03:04,695 | INFO | ali1688_goods_monitor | 🔍 [164/269] 获取SKU: https://detail.1688.com/offer/653871136084.html
2026-04-08 11:03:32,494 | INFO | ali1688_goods_monitor |    ✅ 获取到 4 个SKU
2026-04-08 11:03:32,495 | INFO | ali1688_goods_monitor |    ⏳ 等待 1.8 秒后继续...
2026-04-08 11:03:34,255 | INFO | ali1688_goods_monitor | 🔍 [165/269] 获取SKU: https://detail.1688.com/offer/834236928026.html
2026-04-08 11:04:01,749 | INFO | ali1688_goods_monitor |    ✅ 获取到 1 个SKU
2026-04-08 11:04:01,749 | INFO | ali1688_goods_monitor |    ⏳ 等待 1.2 秒后继续...
2026-04-08 11:04:02,914 | INFO | ali1688_goods_monitor | 🔍 [166/269] 获取SKU: https://detail.1688.com/offer/985101359570.html
2026-04-08 11:04:30,498 | INFO | ali1688_goods_monitor |    ✅ 获取到 4 个SKU
2026-04-08 11:04:30,498 | INFO | ali1688_goods_monitor |    ⏳ 等待 2.5 秒后继续...
2026-04-08 11:04:32,980 | INFO | ali1688_goods_monitor | 🔍 [167/269] 获取SKU: https://detail.1688.com/offer/847713406081.html
2026-04-08 11:05:00,955 | INFO | ali1688_goods_monitor |    ✅ 获取到 1 个SKU
2026-04-08 11:05:00,956 | INFO | ali1688_goods_monitor |    ⏳ 等待 1.6 秒后继续...
2026-04-08 11:05:02,576 | INFO | ali1688_goods_monitor | 🔍 [168/269] 获取SKU: https://detail.1688.com/offer/626387346293.html
2026-04-08 11:05:30,451 | INFO | ali1688_goods_monitor |    ✅ 获取到 3 个SKU
2026-04-08 11:05:30,451 | INFO | ali1688_goods_monitor |    ⏳ 等待 1.1 秒后继续...
2026-04-08 11:05:31,527 | INFO | ali1688_goods_monitor | 🔍 [169/269] 获取SKU: https://detail.1688.com/offer/984336119328.html
2026-04-08 11:05:59,404 | INFO | ali1688_goods_monitor |    ✅ 获取到 3 个SKU
2026-04-08 11:05:59,404 | INFO | ali1688_goods_monitor |    ⏳ 等待 1.7 秒后继续...
2026-04-08 11:06:01,134 | INFO | ali1688_goods_monitor | 🔍 [170/269] 获取SKU: https://detail.1688.com/offer/709904411964.html
2026-04-08 11:06:29,428 | INFO | ali1688_goods_monitor |    ✅ 获取到 26 个SKU
2026-04-08 11:06:29,429 | INFO | ali1688_goods_monitor |    ⏳ 等待 1.7 秒后继续...
2026-04-08 11:06:31,119 | INFO | ali1688_goods_monitor | 🔍 [171/269] 获取SKU: https://detail.1688.com/offer/985879832920.html
2026-04-08 11:06:59,023 | INFO | ali1688_goods_monitor |    ✅ 获取到 4 个SKU
2026-04-08 11:06:59,024 | INFO | ali1688_goods_monitor |    ⏳ 等待 1.9 秒后继续...
2026-04-08 11:07:00,907 | INFO | ali1688_goods_monitor | 🔍 [172/269] 获取SKU: https://detail.1688.com/offer/906941705446.html
2026-04-08 11:07:28,494 | INFO | ali1688_goods_monitor |    ✅ 获取到 2 个SKU
2026-04-08 11:07:28,494 | INFO | ali1688_goods_monitor |    ⏳ 等待 1.5 秒后继续...
2026-04-08 11:07:30,037 | INFO | ali1688_goods_monitor | 🔍 [173/269] 获取SKU: https://detail.1688.com/offer/847979472849.html
2026-04-08 11:07:58,158 | INFO | ali1688_goods_monitor |    ✅ 获取到 1 个SKU
2026-04-08 11:07:58,158 | INFO | ali1688_goods_monitor |    ⏳ 等待 2.5 秒后继续...
2026-04-08 11:08:00,620 | INFO | ali1688_goods_monitor | 🔍 [174/269] 获取SKU: https://detail.1688.com/offer/716733322460.html
2026-04-08 11:08:28,336 | INFO | ali1688_goods_monitor |    ✅ 获取到 8 个SKU
2026-04-08 11:08:28,336 | INFO | ali1688_goods_monitor |    ⏳ 等待 2.0 秒后继续...
2026-04-08 11:08:30,299 | INFO | ali1688_goods_monitor | 🔍 [175/269] 获取SKU: https://detail.1688.com/offer/900592605428.html
2026-04-08 11:09:08,852 | WARNING | ali1688_goods_monitor |    ⚠️ 未获取到SKU数据
2026-04-08 11:09:08,852 | INFO | ali1688_goods_monitor |    ⏳ 等待 2.2 秒后继续...
2026-04-08 11:09:11,068 | INFO | ali1688_goods_monitor | 🔍 [176/269] 获取SKU: https://detail.1688.com/offer/848295933948.html
2026-04-08 11:10:10,502 | WARNING | ali1688_goods_monitor |    ⚠️ 未获取到SKU数据
2026-04-08 11:10:10,503 | INFO | ali1688_goods_monitor |    ⏳ 等待 1.5 秒后继续...
2026-04-08 11:10:11,979 | INFO | ali1688_goods_monitor | 🔍 [177/269] 获取SKU: https://detail.1688.com/offer/661514670948.html
2026-04-08 11:11:11,245 | WARNING | ali1688_goods_monitor |    ⚠️ 未获取到SKU数据
2026-04-08 11:11:11,246 | INFO | ali1688_goods_monitor |    ⏳ 等待 1.4 秒后继续...
2026-04-08 11:11:12,621 | INFO | ali1688_goods_monitor | 🔍 [178/269] 获取SKU: https://detail.1688.com/offer/992713938362.html
2026-04-08 11:12:12,374 | WARNING | ali1688_goods_monitor |    ⚠️ 未获取到SKU数据
2026-04-08 11:12:12,374 | INFO | ali1688_goods_monitor |    ⏳ 等待 2.3 秒后继续...
2026-04-08 11:12:14,651 | INFO | ali1688_goods_monitor | 🔍 [179/269] 获取SKU: https://detail.1688.com/offer/661664097697.html
2026-04-08 11:12:42,615 | INFO | ali1688_goods_monitor |    ✅ 获取到 5 个SKU
2026-04-08 11:12:42,615 | INFO | ali1688_goods_monitor |    ⏳ 等待 1.8 秒后继续...
2026-04-08 11:12:44,419 | INFO | ali1688_goods_monitor | 🔍 [180/269] 获取SKU: https://detail.1688.com/offer/676772683627.html
2026-04-08 11:13:12,227 | INFO | ali1688_goods_monitor |    ✅ 获取到 3 个SKU
2026-04-08 11:13:12,228 | INFO | ali1688_goods_monitor |    ⏳ 等待 2.0 秒后继续...
2026-04-08 11:13:14,256 | INFO | ali1688_goods_monitor | 🔍 [181/269] 获取SKU: https://detail.1688.com/offer/678110916347.html
2026-04-08 11:13:41,946 | INFO | ali1688_goods_monitor |    ✅ 获取到 15 个SKU
2026-04-08 11:13:41,947 | INFO | ali1688_goods_monitor |    ⏳ 等待 2.1 秒后继续...
2026-04-08 11:13:44,024 | INFO | ali1688_goods_monitor | 🔍 [182/269] 获取SKU: https://detail.1688.com/offer/686348979544.html
2026-04-08 11:13:58,670 | WARNING | ali1688_goods_monitor |    ⚠️ 未获取到SKU数据
2026-04-08 11:13:58,670 | INFO | ali1688_goods_monitor |    ⏳ 等待 2.4 秒后继续...
2026-04-08 11:14:01,113 | INFO | ali1688_goods_monitor | 🔍 [183/269] 获取SKU: https://detail.1688.com/offer/946133528766.html
2026-04-08 11:14:28,711 | INFO | ali1688_goods_monitor |    ✅ 获取到 4 个SKU
2026-04-08 11:14:28,711 | INFO | ali1688_goods_monitor |    ⏳ 等待 1.1 秒后继续...
2026-04-08 11:14:29,839 | INFO | ali1688_goods_monitor | 🔍 [184/269] 获取SKU: https://detail.1688.com/offer/942621028118.html
2026-04-08 11:14:57,681 | INFO | ali1688_goods_monitor |    ✅ 获取到 20 个SKU
2026-04-08 11:14:57,681 | INFO | ali1688_goods_monitor |    ⏳ 等待 2.0 秒后继续...
2026-04-08 11:14:59,701 | INFO | ali1688_goods_monitor | 🔍 [185/269] 获取SKU: https://detail.1688.com/offer/987237412445.html
2026-04-08 11:15:27,777 | INFO | ali1688_goods_monitor |    ✅ 获取到 20 个SKU
2026-04-08 11:15:27,777 | INFO | ali1688_goods_monitor |    ⏳ 等待 2.1 秒后继续...
2026-04-08 11:15:29,850 | INFO | ali1688_goods_monitor | 🔍 [186/269] 获取SKU: https://detail.1688.com/offer/975402784788.html
2026-04-08 11:15:53,061 | ERROR | ali1688_goods_monitor |    ❌ 获取SKU失败: 
没有找到元素。
方法: ele()
参数: {'locator': 'xpath://*[@id="content"]/div[2]/div[1]/div[2]/div[1]/div[2]/div[1]/div[2]', 'index': 1, 'timeout': 10}
版本: 4.1.1.2
2026-04-08 11:15:53,061 | INFO | ali1688_goods_monitor |    ⏳ 等待 2.1 秒后继续...
2026-04-08 11:15:55,148 | INFO | ali1688_goods_monitor | 🔍 [187/269] 获取SKU: https://detail.1688.com/offer/672751050822.html
2026-04-08 11:16:23,094 | INFO | ali1688_goods_monitor |    ✅ 获取到 3 个SKU
2026-04-08 11:16:23,094 | INFO | ali1688_goods_monitor |    ⏳ 等待 1.5 秒后继续...
2026-04-08 11:16:24,586 | INFO | ali1688_goods_monitor | 🔍 [188/269] 获取SKU: https://detail.1688.com/offer/903149142386.html
2026-04-08 11:16:52,372 | INFO | ali1688_goods_monitor |    ✅ 获取到 5 个SKU
2026-04-08 11:16:52,372 | INFO | ali1688_goods_monitor |    ⏳ 等待 2.0 秒后继续...
2026-04-08 11:16:54,375 | INFO | ali1688_goods_monitor | 🔍 [189/269] 获取SKU: https://detail.1688.com/offer/987732400816.html
2026-04-08 11:17:22,322 | INFO | ali1688_goods_monitor |    ✅ 获取到 1 个SKU
2026-04-08 11:17:22,322 | INFO | ali1688_goods_monitor |    ⏳ 等待 2.1 秒后继续...
2026-04-08 11:17:24,400 | INFO | ali1688_goods_monitor | 🔍 [190/269] 获取SKU: https://detail.1688.com/offer/847713406078.html
2026-04-08 11:17:52,316 | INFO | ali1688_goods_monitor |    ✅ 获取到 2 个SKU
2026-04-08 11:17:52,316 | INFO | ali1688_goods_monitor |    ⏳ 等待 2.4 秒后继续...
2026-04-08 11:17:54,705 | INFO | ali1688_goods_monitor | 🔍 [191/269] 获取SKU: https://detail.1688.com/offer/991759687233.html
2026-04-08 11:18:22,223 | INFO | ali1688_goods_monitor |    ✅ 获取到 4 个SKU
2026-04-08 11:18:22,223 | INFO | ali1688_goods_monitor |    ⏳ 等待 2.2 秒后继续...
2026-04-08 11:18:24,403 | INFO | ali1688_goods_monitor | 🔍 [192/269] 获取SKU: https://detail.1688.com/offer/724154127228.html
2026-04-08 11:18:52,166 | INFO | ali1688_goods_monitor |    ✅ 获取到 7 个SKU
2026-04-08 11:18:52,166 | INFO | ali1688_goods_monitor |    ⏳ 等待 1.1 秒后继续...
2026-04-08 11:18:53,285 | INFO | ali1688_goods_monitor | 🔍 [193/269] 获取SKU: https://detail.1688.com/offer/998016077358.html
2026-04-08 11:19:20,756 | INFO | ali1688_goods_monitor |    ✅ 获取到 3 个SKU
2026-04-08 11:19:20,756 | INFO | ali1688_goods_monitor |    ⏳ 等待 1.2 秒后继续...
2026-04-08 11:19:21,984 | INFO | ali1688_goods_monitor | 🔍 [194/269] 获取SKU: https://detail.1688.com/offer/972523284067.html
2026-04-08 11:19:49,397 | INFO | ali1688_goods_monitor |    ✅ 获取到 1 个SKU
2026-04-08 11:19:49,397 | INFO | ali1688_goods_monitor |    ⏳ 等待 1.5 秒后继续...
2026-04-08 11:19:50,894 | INFO | ali1688_goods_monitor | 🔍 [195/269] 获取SKU: https://detail.1688.com/offer/675557812438.html
2026-04-08 11:20:18,549 | INFO | ali1688_goods_monitor |    ✅ 获取到 1 个SKU
2026-04-08 11:20:18,549 | INFO | ali1688_goods_monitor |    ⏳ 等待 1.1 秒后继续...
2026-04-08 11:20:19,627 | INFO | ali1688_goods_monitor | 🔍 [196/269] 获取SKU: https://detail.1688.com/offer/990976789985.html
2026-04-08 11:20:48,484 | INFO | ali1688_goods_monitor |    ✅ 获取到 16 个SKU
2026-04-08 11:20:48,484 | INFO | ali1688_goods_monitor |    ⏳ 等待 1.0 秒后继续...
2026-04-08 11:20:49,504 | INFO | ali1688_goods_monitor | 🔍 [197/269] 获取SKU: https://detail.1688.com/offer/900563388108.html
2026-04-08 11:21:17,508 | INFO | ali1688_goods_monitor |    ✅ 获取到 12 个SKU
2026-04-08 11:21:17,508 | INFO | ali1688_goods_monitor |    ⏳ 等待 1.1 秒后继续...
2026-04-08 11:21:18,616 | INFO | ali1688_goods_monitor | 🔍 [198/269] 获取SKU: https://detail.1688.com/offer/992882388093.html
2026-04-08 11:21:46,113 | INFO | ali1688_goods_monitor |    ✅ 获取到 3 个SKU
2026-04-08 11:21:46,113 | INFO | ali1688_goods_monitor |    ⏳ 等待 1.7 秒后继续...
2026-04-08 11:21:47,802 | INFO | ali1688_goods_monitor | 🔍 [199/269] 获取SKU: https://detail.1688.com/offer/990260832462.html
2026-04-08 11:22:15,735 | INFO | ali1688_goods_monitor |    ✅ 获取到 3 个SKU
2026-04-08 11:22:15,735 | INFO | ali1688_goods_monitor |    ⏳ 等待 1.5 秒后继续...
2026-04-08 11:22:17,246 | INFO | ali1688_goods_monitor | 🔍 [200/269] 获取SKU: https://detail.1688.com/offer/670793076081.html
2026-04-08 11:22:45,396 | INFO | ali1688_goods_monitor |    ✅ 获取到 12 个SKU
2026-04-08 11:22:45,396 | INFO | ali1688_goods_monitor |    ⏳ 等待 2.2 秒后继续...
2026-04-08 11:22:47,581 | INFO | ali1688_goods_monitor | 🔍 [201/269] 获取SKU: https://detail.1688.com/offer/994715362159.html
2026-04-08 11:23:15,919 | INFO | ali1688_goods_monitor |    ✅ 获取到 14 个SKU
2026-04-08 11:23:15,919 | INFO | ali1688_goods_monitor |    ⏳ 等待 1.2 秒后继续...
2026-04-08 11:23:17,104 | INFO | ali1688_goods_monitor | 🔍 [202/269] 获取SKU: https://detail.1688.com/offer/848415574468.html
2026-04-08 11:23:47,702 | INFO | ali1688_goods_monitor |    ✅ 获取到 1 个SKU
2026-04-08 11:23:47,702 | INFO | ali1688_goods_monitor |    ⏳ 等待 2.2 秒后继续...
2026-04-08 11:23:49,913 | INFO | ali1688_goods_monitor | 🔍 [203/269] 获取SKU: https://detail.1688.com/offer/969387993044.html
2026-04-08 11:24:17,749 | INFO | ali1688_goods_monitor |    ✅ 获取到 20 个SKU
2026-04-08 11:24:17,749 | INFO | ali1688_goods_monitor |    ⏳ 等待 2.1 秒后继续...
2026-04-08 11:24:19,835 | INFO | ali1688_goods_monitor | 🔍 [204/269] 获取SKU: https://detail.1688.com/offer/538297571141.html
2026-04-08 11:24:47,397 | INFO | ali1688_goods_monitor |    ✅ 获取到 6 个SKU
2026-04-08 11:24:47,397 | INFO | ali1688_goods_monitor |    ⏳ 等待 2.3 秒后继续...
2026-04-08 11:24:49,757 | INFO | ali1688_goods_monitor | 🔍 [205/269] 获取SKU: https://detail.1688.com/offer/858770936676.html
2026-04-08 11:25:17,675 | INFO | ali1688_goods_monitor |    ✅ 获取到 2 个SKU
2026-04-08 11:25:17,675 | INFO | ali1688_goods_monitor |    ⏳ 等待 2.5 秒后继续...
2026-04-08 11:25:20,172 | INFO | ali1688_goods_monitor | 🔍 [206/269] 获取SKU: https://detail.1688.com/offer/978968804889.html
2026-04-08 11:25:47,856 | INFO | ali1688_goods_monitor |    ✅ 获取到 1 个SKU
2026-04-08 11:25:47,856 | INFO | ali1688_goods_monitor |    ⏳ 等待 1.6 秒后继续...
2026-04-08 11:25:49,433 | INFO | ali1688_goods_monitor | 🔍 [207/269] 获取SKU: https://detail.1688.com/offer/895042686618.html
2026-04-08 11:26:17,247 | INFO | ali1688_goods_monitor |    ✅ 获取到 2 个SKU
2026-04-08 11:26:17,247 | INFO | ali1688_goods_monitor |    ⏳ 等待 1.3 秒后继续...
2026-04-08 11:26:18,546 | INFO | ali1688_goods_monitor | 🔍 [208/269] 获取SKU: https://detail.1688.com/offer/683872677220.html
2026-04-08 11:26:46,199 | INFO | ali1688_goods_monitor |    ✅ 获取到 3 个SKU
2026-04-08 11:26:46,199 | INFO | ali1688_goods_monitor |    ⏳ 等待 2.0 秒后继续...
2026-04-08 11:26:48,252 | INFO | ali1688_goods_monitor | 🔍 [209/269] 获取SKU: https://detail.1688.com/offer/646729482472.html
2026-04-08 11:27:15,951 | INFO | ali1688_goods_monitor |    ✅ 获取到 6 个SKU
2026-04-08 11:27:15,951 | INFO | ali1688_goods_monitor |    ⏳ 等待 2.2 秒后继续...
2026-04-08 11:27:18,128 | INFO | ali1688_goods_monitor | 🔍 [210/269] 获取SKU: https://detail.1688.com/offer/1027381048230.html
2026-04-08 11:27:46,161 | INFO | ali1688_goods_monitor |    ✅ 获取到 36 个SKU
2026-04-08 11:27:46,161 | INFO | ali1688_goods_monitor |    ⏳ 等待 1.7 秒后继续...
2026-04-08 11:27:47,912 | INFO | ali1688_goods_monitor | 🔍 [211/269] 获取SKU: https://detail.1688.com/offer/986633373239.html
2026-04-08 11:28:15,729 | INFO | ali1688_goods_monitor |    ✅ 获取到 5 个SKU
2026-04-08 11:28:15,729 | INFO | ali1688_goods_monitor |    ⏳ 等待 1.2 秒后继续...
2026-04-08 11:28:16,888 | INFO | ali1688_goods_monitor | 🔍 [212/269] 获取SKU: https://detail.1688.com/offer/854168645121.html
2026-04-08 11:28:44,838 | INFO | ali1688_goods_monitor |    ✅ 获取到 9 个SKU
2026-04-08 11:28:44,838 | INFO | ali1688_goods_monitor |    ⏳ 等待 1.1 秒后继续...
2026-04-08 11:28:45,990 | INFO | ali1688_goods_monitor | 🔍 [213/269] 获取SKU: https://detail.1688.com/offer/1031769907868.html
2026-04-08 11:29:13,717 | INFO | ali1688_goods_monitor |    ✅ 获取到 6 个SKU
2026-04-08 11:29:13,717 | INFO | ali1688_goods_monitor |    ⏳ 等待 1.8 秒后继续...
2026-04-08 11:29:15,519 | INFO | ali1688_goods_monitor | 🔍 [214/269] 获取SKU: https://detail.1688.com/offer/917025701974.html
2026-04-08 11:29:43,585 | INFO | ali1688_goods_monitor |    ✅ 获取到 8 个SKU
2026-04-08 11:29:43,586 | INFO | ali1688_goods_monitor |    ⏳ 等待 1.1 秒后继续...
2026-04-08 11:29:44,745 | INFO | ali1688_goods_monitor | 🔍 [215/269] 获取SKU: https://detail.1688.com/offer/910382293640.html
2026-04-08 11:30:13,495 | INFO | ali1688_goods_monitor |    ✅ 获取到 36 个SKU
2026-04-08 11:30:13,495 | INFO | ali1688_goods_monitor |    ⏳ 等待 2.2 秒后继续...
2026-04-08 11:30:15,706 | INFO | ali1688_goods_monitor | 🔍 [216/269] 获取SKU: https://detail.1688.com/offer/734736330484.html
2026-04-08 11:30:44,394 | INFO | ali1688_goods_monitor |    ✅ 获取到 36 个SKU
2026-04-08 11:30:44,394 | INFO | ali1688_goods_monitor |    ⏳ 等待 1.3 秒后继续...
2026-04-08 11:30:45,666 | INFO | ali1688_goods_monitor | 🔍 [217/269] 获取SKU: https://detail.1688.com/offer/1028239295024.html
2026-04-08 11:31:13,454 | INFO | ali1688_goods_monitor |    ✅ 获取到 1 个SKU
2026-04-08 11:31:13,454 | INFO | ali1688_goods_monitor |    ⏳ 等待 1.3 秒后继续...
2026-04-08 11:31:14,790 | INFO | ali1688_goods_monitor | 🔍 [218/269] 获取SKU: https://detail.1688.com/offer/757454263904.html
2026-04-08 11:31:42,751 | INFO | ali1688_goods_monitor |    ✅ 获取到 1 个SKU
2026-04-08 11:31:42,751 | INFO | ali1688_goods_monitor |    ⏳ 等待 1.3 秒后继续...
2026-04-08 11:31:44,088 | INFO | ali1688_goods_monitor | 🔍 [219/269] 获取SKU: https://detail.1688.com/offer/973247771787.html
2026-04-08 11:32:12,198 | INFO | ali1688_goods_monitor |    ✅ 获取到 2 个SKU
2026-04-08 11:32:12,198 | INFO | ali1688_goods_monitor |    ⏳ 等待 1.6 秒后继续...
2026-04-08 11:32:13,853 | INFO | ali1688_goods_monitor | 🔍 [220/269] 获取SKU: https://detail.1688.com/offer/992863648563.html
2026-04-08 11:32:42,425 | INFO | ali1688_goods_monitor |    ✅ 获取到 11 个SKU
2026-04-08 11:32:42,425 | INFO | ali1688_goods_monitor |    ⏳ 等待 1.2 秒后继续...
2026-04-08 11:32:43,656 | INFO | ali1688_goods_monitor | 🔍 [221/269] 获取SKU: https://detail.1688.com/offer/728912992880.html
2026-04-08 11:33:12,047 | INFO | ali1688_goods_monitor |    ✅ 获取到 24 个SKU
2026-04-08 11:33:12,047 | INFO | ali1688_goods_monitor |    ⏳ 等待 1.6 秒后继续...
2026-04-08 11:33:13,653 | INFO | ali1688_goods_monitor | 🔍 [222/269] 获取SKU: https://detail.1688.com/offer/897059922290.html
2026-04-08 11:33:41,660 | INFO | ali1688_goods_monitor |    ✅ 获取到 5 个SKU
2026-04-08 11:33:41,660 | INFO | ali1688_goods_monitor |    ⏳ 等待 2.2 秒后继续...
2026-04-08 11:33:43,866 | INFO | ali1688_goods_monitor | 🔍 [223/269] 获取SKU: https://detail.1688.com/offer/960725525521.html
2026-04-08 11:34:11,925 | INFO | ali1688_goods_monitor |    ✅ 获取到 10 个SKU
2026-04-08 11:34:11,925 | INFO | ali1688_goods_monitor |    ⏳ 等待 1.3 秒后继续...
2026-04-08 11:34:13,225 | INFO | ali1688_goods_monitor | 🔍 [224/269] 获取SKU: https://detail.1688.com/offer/643044757475.html
2026-04-08 11:34:43,234 | INFO | ali1688_goods_monitor |    ✅ 获取到 45 个SKU
2026-04-08 11:34:43,234 | INFO | ali1688_goods_monitor |    ⏳ 等待 1.9 秒后继续...
2026-04-08 11:34:45,195 | INFO | ali1688_goods_monitor | 🔍 [225/269] 获取SKU: https://detail.1688.com/offer/973255115593.html
2026-04-08 11:35:14,059 | INFO | ali1688_goods_monitor |    ✅ 获取到 36 个SKU
2026-04-08 11:35:14,059 | INFO | ali1688_goods_monitor |    ⏳ 等待 1.5 秒后继续...
2026-04-08 11:35:15,536 | INFO | ali1688_goods_monitor | 🔍 [226/269] 获取SKU: https://detail.1688.com/offer/984991416938.html
2026-04-08 11:35:43,615 | INFO | ali1688_goods_monitor |    ✅ 获取到 6 个SKU
2026-04-08 11:35:43,615 | INFO | ali1688_goods_monitor |    ⏳ 等待 1.8 秒后继续...
2026-04-08 11:35:45,384 | INFO | ali1688_goods_monitor | 🔍 [227/269] 获取SKU: https://detail.1688.com/offer/629652629026.html
2026-04-08 11:36:13,389 | INFO | ali1688_goods_monitor |    ✅ 获取到 5 个SKU
2026-04-08 11:36:13,389 | INFO | ali1688_goods_monitor |    ⏳ 等待 1.2 秒后继续...
2026-04-08 11:36:14,632 | INFO | ali1688_goods_monitor | 🔍 [228/269] 获取SKU: https://detail.1688.com/offer/634658078975.html
2026-04-08 11:36:43,022 | INFO | ali1688_goods_monitor |    ✅ 获取到 18 个SKU
2026-04-08 11:36:43,022 | INFO | ali1688_goods_monitor |    ⏳ 等待 1.3 秒后继续...
2026-04-08 11:36:44,364 | INFO | ali1688_goods_monitor | 🔍 [229/269] 获取SKU: https://detail.1688.com/offer/847993548322.html
2026-04-08 11:37:12,541 | INFO | ali1688_goods_monitor |    ✅ 获取到 3 个SKU
2026-04-08 11:37:12,541 | INFO | ali1688_goods_monitor |    ⏳ 等待 2.5 秒后继续...
2026-04-08 11:37:15,022 | INFO | ali1688_goods_monitor | 🔍 [230/269] 获取SKU: https://detail.1688.com/offer/1035850540780.html
2026-04-08 11:37:43,070 | INFO | ali1688_goods_monitor |    ✅ 获取到 8 个SKU
2026-04-08 11:37:43,070 | INFO | ali1688_goods_monitor |    ⏳ 等待 2.3 秒后继续...
2026-04-08 11:37:45,362 | INFO | ali1688_goods_monitor | 🔍 [231/269] 获取SKU: https://detail.1688.com/offer/1013917249205.html
2026-04-08 11:38:13,733 | INFO | ali1688_goods_monitor |    ✅ 获取到 5 个SKU
2026-04-08 11:38:13,733 | INFO | ali1688_goods_monitor |    ⏳ 等待 1.3 秒后继续...
2026-04-08 11:38:15,066 | INFO | ali1688_goods_monitor | 🔍 [232/269] 获取SKU: https://detail.1688.com/offer/1033404841463.html
2026-04-08 11:38:53,773 | WARNING | ali1688_goods_monitor |    ⚠️ 未获取到SKU数据
2026-04-08 11:38:53,774 | INFO | ali1688_goods_monitor |    ⏳ 等待 1.9 秒后继续...
2026-04-08 11:38:55,679 | INFO | ali1688_goods_monitor | 🔍 [233/269] 获取SKU: https://detail.1688.com/offer/1001279554121.html
2026-04-08 11:39:33,543 | WARNING | ali1688_goods_monitor |    ⚠️ 未获取到SKU数据
2026-04-08 11:39:33,544 | INFO | ali1688_goods_monitor |    ⏳ 等待 1.0 秒后继续...
2026-04-08 11:39:34,582 | INFO | ali1688_goods_monitor | 🔍 [234/269] 获取SKU: https://detail.1688.com/offer/726064645781.html
2026-04-08 11:40:03,173 | INFO | ali1688_goods_monitor |    ✅ 获取到 5 个SKU
2026-04-08 11:40:03,173 | INFO | ali1688_goods_monitor |    ⏳ 等待 1.6 秒后继续...
2026-04-08 11:40:04,753 | INFO | ali1688_goods_monitor | 🔍 [235/269] 获取SKU: https://detail.1688.com/offer/1024421346400.html
2026-04-08 11:40:32,639 | INFO | ali1688_goods_monitor |    ✅ 获取到 2 个SKU
2026-04-08 11:40:32,639 | INFO | ali1688_goods_monitor |    ⏳ 等待 1.8 秒后继续...
2026-04-08 11:40:34,490 | INFO | ali1688_goods_monitor | 🔍 [236/269] 获取SKU: https://detail.1688.com/offer/809233523760.html
2026-04-08 11:41:01,891 | INFO | ali1688_goods_monitor |    ✅ 获取到 1 个SKU
2026-04-08 11:41:01,891 | INFO | ali1688_goods_monitor |    ⏳ 等待 1.6 秒后继续...
2026-04-08 11:41:03,479 | INFO | ali1688_goods_monitor | 🔍 [237/269] 获取SKU: https://detail.1688.com/offer/929103621035.html
2026-04-08 11:41:31,210 | INFO | ali1688_goods_monitor |    ✅ 获取到 6 个SKU
2026-04-08 11:41:31,210 | INFO | ali1688_goods_monitor |    ⏳ 等待 1.8 秒后继续...
2026-04-08 11:41:33,007 | INFO | ali1688_goods_monitor | 🔍 [238/269] 获取SKU: https://detail.1688.com/offer/847969236799.html
2026-04-08 11:42:02,038 | INFO | ali1688_goods_monitor |    ✅ 获取到 32 个SKU
2026-04-08 11:42:02,038 | INFO | ali1688_goods_monitor |    ⏳ 等待 1.2 秒后继续...
2026-04-08 11:42:03,288 | INFO | ali1688_goods_monitor | 🔍 [239/269] 获取SKU: https://detail.1688.com/offer/990425215638.html
2026-04-08 11:42:31,361 | INFO | ali1688_goods_monitor |    ✅ 获取到 5 个SKU
2026-04-08 11:42:31,361 | INFO | ali1688_goods_monitor |    ⏳ 等待 1.9 秒后继续...
2026-04-08 11:42:33,289 | INFO | ali1688_goods_monitor | 🔍 [240/269] 获取SKU: https://detail.1688.com/offer/858007859516.html
2026-04-08 11:43:01,541 | INFO | ali1688_goods_monitor |    ✅ 获取到 2 个SKU
2026-04-08 11:43:01,541 | INFO | ali1688_goods_monitor |    ⏳ 等待 2.3 秒后继续...
2026-04-08 11:43:03,863 | INFO | ali1688_goods_monitor | 🔍 [241/269] 获取SKU: https://detail.1688.com/offer/969646541226.html
2026-04-08 11:43:32,247 | INFO | ali1688_goods_monitor |    ✅ 获取到 11 个SKU
2026-04-08 11:43:32,247 | INFO | ali1688_goods_monitor |    ⏳ 等待 1.4 秒后继续...
2026-04-08 11:43:33,647 | INFO | ali1688_goods_monitor | 🔍 [242/269] 获取SKU: https://detail.1688.com/offer/952896839032.html
2026-04-08 11:44:01,808 | INFO | ali1688_goods_monitor |    ✅ 获取到 2 个SKU
2026-04-08 11:44:01,808 | INFO | ali1688_goods_monitor |    ⏳ 等待 2.1 秒后继续...
2026-04-08 11:44:03,918 | INFO | ali1688_goods_monitor | 🔍 [243/269] 获取SKU: https://detail.1688.com/offer/974035321584.html
2026-04-08 11:44:32,023 | INFO | ali1688_goods_monitor |    ✅ 获取到 5 个SKU
2026-04-08 11:44:32,024 | INFO | ali1688_goods_monitor |    ⏳ 等待 1.5 秒后继续...
2026-04-08 11:44:33,537 | INFO | ali1688_goods_monitor | 🔍 [244/269] 获取SKU: https://detail.1688.com/offer/990589043915.html
2026-04-08 11:45:01,514 | INFO | ali1688_goods_monitor |    ✅ 获取到 3 个SKU
2026-04-08 11:45:01,514 | INFO | ali1688_goods_monitor |    ⏳ 等待 1.3 秒后继续...
2026-04-08 11:45:02,862 | INFO | ali1688_goods_monitor | 🔍 [245/269] 获取SKU: https://detail.1688.com/offer/795861191445.html
2026-04-08 11:45:31,108 | INFO | ali1688_goods_monitor |    ✅ 获取到 6 个SKU
2026-04-08 11:45:31,108 | INFO | ali1688_goods_monitor |    ⏳ 等待 1.5 秒后继续...
2026-04-08 11:45:32,633 | INFO | ali1688_goods_monitor | 🔍 [246/269] 获取SKU: https://detail.1688.com/offer/727364044091.html
2026-04-08 11:46:00,881 | INFO | ali1688_goods_monitor |    ✅ 获取到 7 个SKU
2026-04-08 11:46:00,881 | INFO | ali1688_goods_monitor |    ⏳ 等待 1.3 秒后继续...
2026-04-08 11:46:02,158 | INFO | ali1688_goods_monitor | 🔍 [247/269] 获取SKU: https://detail.1688.com/offer/658391484708.html
2026-04-08 11:46:30,509 | INFO | ali1688_goods_monitor |    ✅ 获取到 12 个SKU
2026-04-08 11:46:30,509 | INFO | ali1688_goods_monitor |    ⏳ 等待 1.0 秒后继续...
2026-04-08 11:46:31,535 | INFO | ali1688_goods_monitor | 🔍 [248/269] 获取SKU: https://detail.1688.com/offer/970781028572.html
2026-04-08 11:46:59,786 | INFO | ali1688_goods_monitor |    ✅ 获取到 5 个SKU
2026-04-08 11:46:59,787 | INFO | ali1688_goods_monitor |    ⏳ 等待 1.9 秒后继续...
2026-04-08 11:47:01,711 | INFO | ali1688_goods_monitor | 🔍 [249/269] 获取SKU: https://detail.1688.com/offer/728364497329.html
2026-04-08 11:47:30,234 | INFO | ali1688_goods_monitor |    ✅ 获取到 5 个SKU
2026-04-08 11:47:30,234 | INFO | ali1688_goods_monitor |    ⏳ 等待 1.9 秒后继续...
2026-04-08 11:47:32,183 | INFO | ali1688_goods_monitor | 🔍 [250/269] 获取SKU: https://detail.1688.com/offer/622513415473.html
2026-04-08 11:48:00,480 | INFO | ali1688_goods_monitor |    ✅ 获取到 5 个SKU
2026-04-08 11:48:00,480 | INFO | ali1688_goods_monitor |    ⏳ 等待 1.2 秒后继续...
2026-04-08 11:48:01,681 | INFO | ali1688_goods_monitor | 🔍 [251/269] 获取SKU: https://detail.1688.com/offer/1001391447719.html
2026-04-08 11:48:29,555 | INFO | ali1688_goods_monitor |    ✅ 获取到 2 个SKU
2026-04-08 11:48:29,555 | INFO | ali1688_goods_monitor |    ⏳ 等待 2.3 秒后继续...
2026-04-08 11:48:31,854 | INFO | ali1688_goods_monitor | 🔍 [252/269] 获取SKU: https://detail.1688.com/offer/687729432138.html
2026-04-08 11:48:46,504 | WARNING | ali1688_goods_monitor |    ⚠️ 未获取到SKU数据
2026-04-08 11:48:46,504 | INFO | ali1688_goods_monitor |    ⏳ 等待 2.0 秒后继续...
2026-04-08 11:48:48,486 | INFO | ali1688_goods_monitor | 🔍 [253/269] 获取SKU: https://detail.1688.com/offer/894449366946.html
2026-04-08 11:49:17,482 | INFO | ali1688_goods_monitor |    ✅ 获取到 32 个SKU
2026-04-08 11:49:17,482 | INFO | ali1688_goods_monitor |    ⏳ 等待 1.2 秒后继续...
2026-04-08 11:49:18,685 | INFO | ali1688_goods_monitor | 🔍 [254/269] 获取SKU: https://detail.1688.com/offer/1031855101004.html
2026-04-08 11:49:48,358 | INFO | ali1688_goods_monitor |    ✅ 获取到 7 个SKU
2026-04-08 11:49:48,358 | INFO | ali1688_goods_monitor |    ⏳ 等待 2.0 秒后继续...
2026-04-08 11:49:50,357 | INFO | ali1688_goods_monitor | 🔍 [255/269] 获取SKU: https://detail.1688.com/offer/775392792723.html
2026-04-08 11:50:19,091 | INFO | ali1688_goods_monitor |    ✅ 获取到 25 个SKU
2026-04-08 11:50:19,092 | INFO | ali1688_goods_monitor |    ⏳ 等待 2.3 秒后继续...
2026-04-08 11:50:21,438 | INFO | ali1688_goods_monitor | 🔍 [256/269] 获取SKU: https://detail.1688.com/offer/734549030910.html
2026-04-08 11:50:49,882 | INFO | ali1688_goods_monitor |    ✅ 获取到 15 个SKU
2026-04-08 11:50:49,882 | INFO | ali1688_goods_monitor |    ⏳ 等待 1.3 秒后继续...
2026-04-08 11:50:51,206 | INFO | ali1688_goods_monitor | 🔍 [257/269] 获取SKU: https://detail.1688.com/offer/713699292120.html
2026-04-08 11:51:19,900 | INFO | ali1688_goods_monitor |    ✅ 获取到 9 个SKU
2026-04-08 11:51:19,900 | INFO | ali1688_goods_monitor |    ⏳ 等待 2.4 秒后继续...
2026-04-08 11:51:22,359 | INFO | ali1688_goods_monitor | 🔍 [258/269] 获取SKU: https://detail.1688.com/offer/621194315291.html
2026-04-08 11:51:50,542 | INFO | ali1688_goods_monitor |    ✅ 获取到 2 个SKU
2026-04-08 11:51:50,543 | INFO | ali1688_goods_monitor |    ⏳ 等待 2.2 秒后继续...
2026-04-08 11:51:52,760 | INFO | ali1688_goods_monitor | 🔍 [259/269] 获取SKU: https://detail.1688.com/offer/927867865604.html
2026-04-08 11:52:16,360 | ERROR | ali1688_goods_monitor |    ❌ 获取SKU失败: 
没有找到元素。
方法: ele()
参数: {'locator': 'xpath://*[@id="content"]/div[2]/div[1]/div[2]/div[1]/div[2]/div[1]/div[2]', 'index': 1, 'timeout': 10}
版本: 4.1.1.2
2026-04-08 11:52:16,360 | INFO | ali1688_goods_monitor |    ⏳ 等待 1.3 秒后继续...
2026-04-08 11:52:17,659 | INFO | ali1688_goods_monitor | 🔍 [260/269] 获取SKU: https://detail.1688.com/offer/854259763574.html
2026-04-08 11:52:41,796 | WARNING | ali1688_goods_monitor |    ⚠️ 未获取到SKU数据
2026-04-08 11:52:41,796 | INFO | ali1688_goods_monitor |    ⏳ 等待 2.4 秒后继续...
2026-04-08 11:52:44,179 | INFO | ali1688_goods_monitor | 🔍 [261/269] 获取SKU: https://detail.1688.com/offer/750175006113.html
2026-04-08 11:53:12,156 | INFO | ali1688_goods_monitor |    ✅ 获取到 1 个SKU
2026-04-08 11:53:12,156 | INFO | ali1688_goods_monitor |    ⏳ 等待 1.8 秒后继续...
2026-04-08 11:53:13,987 | INFO | ali1688_goods_monitor | 🔍 [262/269] 获取SKU: https://detail.1688.com/offer/751554304142.html
2026-04-08 11:53:42,191 | INFO | ali1688_goods_monitor |    ✅ 获取到 2 个SKU
2026-04-08 11:53:42,191 | INFO | ali1688_goods_monitor |    ⏳ 等待 1.2 秒后继续...
2026-04-08 11:53:43,374 | INFO | ali1688_goods_monitor | 🔍 [263/269] 获取SKU: https://detail.1688.com/offer/947764418500.html
2026-04-08 11:54:11,373 | INFO | ali1688_goods_monitor |    ✅ 获取到 1 个SKU
2026-04-08 11:54:11,373 | INFO | ali1688_goods_monitor |    ⏳ 等待 2.4 秒后继续...
2026-04-08 11:54:13,746 | INFO | ali1688_goods_monitor | 🔍 [264/269] 获取SKU: https://detail.1688.com/offer/954152497198.html
2026-04-08 11:54:42,017 | INFO | ali1688_goods_monitor |    ✅ 获取到 6 个SKU
2026-04-08 11:54:42,017 | INFO | ali1688_goods_monitor |    ⏳ 等待 1.0 秒后继续...
2026-04-08 11:54:43,041 | INFO | ali1688_goods_monitor | 🔍 [265/269] 获取SKU: https://detail.1688.com/offer/857784361057.html
2026-04-08 11:55:11,255 | INFO | ali1688_goods_monitor |    ✅ 获取到 10 个SKU
2026-04-08 11:55:11,255 | INFO | ali1688_goods_monitor |    ⏳ 等待 2.2 秒后继续...
2026-04-08 11:55:13,412 | INFO | ali1688_goods_monitor | 🔍 [266/269] 获取SKU: https://detail.1688.com/offer/963819028092.html
2026-04-08 11:55:41,489 | INFO | ali1688_goods_monitor |    ✅ 获取到 2 个SKU
2026-04-08 11:55:41,489 | INFO | ali1688_goods_monitor |    ⏳ 等待 2.4 秒后继续...
2026-04-08 11:55:43,891 | INFO | ali1688_goods_monitor | 🔍 [267/269] 获取SKU: https://detail.1688.com/offer/982635289066.html
2026-04-08 11:56:12,183 | INFO | ali1688_goods_monitor |    ✅ 获取到 26 个SKU
2026-04-08 11:56:12,183 | INFO | ali1688_goods_monitor |    ⏳ 等待 1.7 秒后继续...
2026-04-08 11:56:13,908 | INFO | ali1688_goods_monitor | 🔍 [268/269] 获取SKU: https://detail.1688.com/offer/863983065199.html
2026-04-08 11:56:42,011 | INFO | ali1688_goods_monitor |    ✅ 获取到 1 个SKU
2026-04-08 11:56:42,011 | INFO | ali1688_goods_monitor |    ⏳ 等待 2.1 秒后继续...
2026-04-08 11:56:44,078 | INFO | ali1688_goods_monitor | 🔍 [269/269] 获取SKU: https://detail.1688.com/offer/999695394272.html
2026-04-08 11:57:12,238 | INFO | ali1688_goods_monitor |    ✅ 获取到 5 个SKU
2026-04-08 11:57:12,239 | INFO | ali1688_goods_monitor | ============================================================
2026-04-08 11:57:12,239 | INFO | ali1688_goods_monitor | ✅ SKU获取完成，共获取 2170 个SKU
2026-04-08 11:57:12,239 | INFO | ali1688_goods_monitor | ============================================================
2026-04-08 11:57:12,239 | INFO | ali1688_goods_monitor | 🔚 关闭SKU获取浏览器...
2026-04-08 11:57:13,276 | INFO | ali1688_goods_monitor | 📋 获取到的SKU信息 (共 2170 条):
2026-04-08 11:57:13,276 | INFO | ali1688_goods_monitor | ============================================================
2026-04-08 11:57:13,276 | INFO | ali1688_goods_monitor | 🔍 检测SKU变化...
2026-04-08 11:57:13,276 | INFO | ali1688_goods_monitor | ============================================================
2026-04-08 11:57:14,912 | INFO | ali1688_goods_monitor |   💰 SKU 5919665276463 价格变化: 28.61 -> 29.5
2026-04-08 11:57:14,912 | INFO | ali1688_goods_monitor |   💰 SKU 5919665276464 价格变化: 28.61 -> 29.5
2026-04-08 11:57:14,912 | INFO | ali1688_goods_monitor |   💰 SKU 5919665276465 价格变化: 28.61 -> 29.5
2026-04-08 11:57:14,912 | INFO | ali1688_goods_monitor |   💰 SKU 5919665276466 价格变化: 28.61 -> 29.5
2026-04-08 11:57:14,913 | INFO | ali1688_goods_monitor |   💰 SKU 5929407245052 价格变化: 12.88 -> 12.98
2026-04-08 11:57:14,916 | INFO | ali1688_goods_monitor |   💰 SKU 5904881665196 价格变化: 11.13 -> 9.79
2026-04-08 11:57:14,916 | INFO | ali1688_goods_monitor |   💰 SKU 5904881665197 价格变化: 11.13 -> 9.79
2026-04-08 11:57:14,916 | INFO | ali1688_goods_monitor |   💰 SKU 5971083768148 价格变化: 12.00 -> 11.0
2026-04-08 11:57:14,916 | INFO | ali1688_goods_monitor |   💰 SKU 5971083768149 价格变化: 18.00 -> 17.0
2026-04-08 11:57:14,916 | INFO | ali1688_goods_monitor |   💰 SKU 5971083768150 价格变化: 28.00 -> 27.0
2026-04-08 11:57:14,920 | INFO | ali1688_goods_monitor |   💰 SKU 6207027691456 价格变化: 50.00 -> 40.0
2026-04-08 11:57:14,923 | INFO | ali1688_goods_monitor | 💾 保存SKU数据到数据库...
2026-04-08 11:57:19,947 | INFO | ali1688_goods_monitor | 🎉 第二阶段完成，共获取并保存 2170 个SKU信息
2026-04-08 11:57:19,947 | INFO | ali1688_goods_monitor | 📊 总计：269 个商品，2170 个SKU
2026-04-08 11:57:20,770 | INFO | ali1688_goods_monitor | 浏览器已关闭
2026-04-08 11:57:20,770 | INFO | ali1688_goods_monitor | 🔍 从数据库查询今天的变化记录...
2026-04-08 11:57:20,818 | INFO | ali1688_goods_monitor | 💰 检测到SKU价格变化: https://detail.1688.com/offer/970377098770.html - 5919665276463
2026-04-08 11:57:20,818 | INFO | ali1688_goods_monitor | 💰 检测到SKU价格变化: https://detail.1688.com/offer/970377098770.html - 5919665276464
2026-04-08 11:57:20,818 | INFO | ali1688_goods_monitor | 💰 检测到SKU价格变化: https://detail.1688.com/offer/970377098770.html - 5919665276465
2026-04-08 11:57:20,818 | INFO | ali1688_goods_monitor | 💰 检测到SKU价格变化: https://detail.1688.com/offer/970377098770.html - 5919665276466
2026-04-08 11:57:20,818 | INFO | ali1688_goods_monitor | 💰 检测到SKU价格变化: https://detail.1688.com/offer/970377098770.html - 5929407245052
2026-04-08 11:57:20,818 | INFO | ali1688_goods_monitor | 💰 检测到SKU价格变化: https://detail.1688.com/offer/952611726643.html - 5904881665196
2026-04-08 11:57:20,818 | INFO | ali1688_goods_monitor | 💰 检测到SKU价格变化: https://detail.1688.com/offer/952611726643.html - 5904881665197
2026-04-08 11:57:20,818 | INFO | ali1688_goods_monitor | 💰 检测到SKU价格变化: https://detail.1688.com/offer/995364912374.html - 5971083768148
2026-04-08 11:57:20,818 | INFO | ali1688_goods_monitor | 💰 检测到SKU价格变化: https://detail.1688.com/offer/995364912374.html - 5971083768149
2026-04-08 11:57:20,818 | INFO | ali1688_goods_monitor | 💰 检测到SKU价格变化: https://detail.1688.com/offer/995364912374.html - 5971083768150
2026-04-08 11:57:20,818 | INFO | ali1688_goods_monitor | 💰 检测到SKU价格变化: https://detail.1688.com/offer/1028239295024.html - 6207027691456
2026-04-08 11:57:21,247 | INFO | ali1688_goods_monitor | 📤 已发送 11 个价格变化通知
2026-04-08 11:57:21,247 | INFO | ali1688_goods_monitor | 📊 统计：类目变化0个，SKU数量变化0个，SKU名称变化0个，价格变化11个
2026-04-08 11:57:21,247 | INFO | ali1688_goods_monitor | 📤 上传今天爬取的所有数据到钉钉文档...
2026-04-08 11:57:21,716 | INFO | ali1688_goods_monitor | 准备上传 269 条记录...
2026-04-08 11:57:32,739 | INFO | ali1688_goods_monitor | 
上传统计:
2026-04-08 11:57:32,739 | INFO | ali1688_goods_monitor | 总记录数: 269
2026-04-08 11:57:32,739 | INFO | ali1688_goods_monitor | 成功数量: 269
2026-04-08 11:57:32,739 | INFO | ali1688_goods_monitor | 失败数量: 0
2026-04-08 11:57:32,739 | INFO | ali1688_goods_monitor | 成功批次: 6
2026-04-08 11:57:32,740 | INFO | ali1688_goods_monitor | 失败批次: 0
2026-04-08 11:57:32,740 | INFO | ali1688_goods_monitor | 📤 已上传 269 个商品数据到钉钉
2026-04-08 11:57:32,755 | INFO | ali1688_goods_monitor | 准备上传 2170 条记录...
2026-04-08 11:58:49,826 | INFO | ali1688_goods_monitor | 
上传统计:
2026-04-08 11:58:49,826 | INFO | ali1688_goods_monitor | 总记录数: 2170
2026-04-08 11:58:49,826 | INFO | ali1688_goods_monitor | 成功数量: 2170
2026-04-08 11:58:49,826 | INFO | ali1688_goods_monitor | 失败数量: 0
2026-04-08 11:58:49,826 | INFO | ali1688_goods_monitor | 成功批次: 44
2026-04-08 11:58:49,826 | INFO | ali1688_goods_monitor | 失败批次: 0
2026-04-08 11:58:49,826 | INFO | ali1688_goods_monitor | 📤 已上传 2170 个SKU数据到钉钉
2026-04-08 11:58:49,869 | INFO | ali1688_goods_monitor | 🎯 全流程完成，总耗时：143分48秒
2026-04-08 11:58:49,869 | INFO | ali1688_goods_monitor | 📊 统计：今天共爬取 269 个商品，2170 个SKU
2026-04-08 11:58:49,869 | INFO | ali1688_goods_monitor | 📊 变化统计：0 个商品发生变化，11 个SKU发生变化
2026-04-08 11:58:50,436 | INFO | ali1688_goods_monitor | ============================================================
2026-04-08 11:58:50,437 | INFO | ali1688_goods_monitor | ✅ 数据处理完成
2026-04-08 11:58:50,437 | INFO | ali1688_goods_monitor | ============================================================
