2026-04-09 06:30:02,264 | INFO | ali1688_goods_monitor | ============================================================
2026-04-09 06:30:02,265 | INFO | ali1688_goods_monitor | 🚀 开始1688竞品监控任务
2026-04-09 06:30:02,265 | INFO | ali1688_goods_monitor | ============================================================
2026-04-09 06:30:04,590 | INFO | ali1688_goods_monitor | 浏览器初始化成功
2026-04-09 06:30:22,511 | INFO | ali1688_goods_monitor | 📦 共找到 275 个商品ID，将分批查询（每批10个）
2026-04-09 06:30:32,288 | INFO | ali1688_goods_monitor | ❎ 已关闭引导弹窗2
2026-04-09 06:30:32,820 | INFO | ali1688_goods_monitor | ============================================================
2026-04-09 06:30:32,820 | INFO | ali1688_goods_monitor | 📊 第一阶段：获取商品基本信息
2026-04-09 06:30:32,821 | INFO | ali1688_goods_monitor | ============================================================
2026-04-09 06:30:32,822 | INFO | ali1688_goods_monitor | 🔍 处理第 1/14 批，共 20 个商品
2026-04-09 06:30:32,822 | INFO | ali1688_goods_monitor | 📋 商品ID: 971080031926、968280048908、943395574791、833661915665、982634945037、1016515592011、979203908708、835170979856、971037620206、1003272185431、617837580726、1005984550667、807432916292、928700805986、1040782952704、903613869442、1026068947837、954713432833、798059727032、812259607012
2026-04-09 06:30:32,822 | INFO | ali1688_goods_monitor | 🧩 选择搜索方式: 商品ID
2026-04-09 06:30:33,273 | INFO | ali1688_goods_monitor | 搜索的商品id是:971080031926、968280048908、943395574791、833661915665、982634945037、1016515592011、979203908708、835170979856、971037620206、1003272185431、617837580726、1005984550667、807432916292、928700805986、1040782952704、903613869442、1026068947837、954713432833、798059727032、812259607012
2026-04-09 06:30:34,380 | INFO | ali1688_goods_monitor | ✅ 第 1 批筛选条件已设置
2026-04-09 06:30:37,396 | INFO | ali1688_goods_monitor | 开始获取商品:971080031926、968280048908、943395574791、833661915665、982634945037、1016515592011、979203908708、835170979856、971037620206、1003272185431、617837580726、1005984550667、807432916292、928700805986、1040782952704、903613869442、1026068947837、954713432833、798059727032、812259607012的基本信息
2026-04-09 06:30:37,397 | INFO | ali1688_goods_monitor | ⏳ 等待点击【开始查询】并捕获 offerSearch 接口...
2026-04-09 06:30:38,181 | INFO | ali1688_goods_monitor | 商品列表返回码: 200
2026-04-09 06:30:38,182 | INFO | ali1688_goods_monitor | 🚀 开始捕获商品数据，共 20 个商品
2026-04-09 06:30:38,188 | INFO | ali1688_goods_monitor | ✅ 商品基本信息捕获完成，总耗时: 0.01秒
2026-04-09 06:30:38,188 | INFO | ali1688_goods_monitor |    - 商品数: 20
2026-04-09 06:30:38,188 | INFO | ali1688_goods_monitor | ✅ 第 1 批完成，获取到 20 个商品，0 个SKU
2026-04-09 06:30:38,189 | INFO | ali1688_goods_monitor | 📋 第 1 批商品信息:
2026-04-09 06:30:38,189 | INFO | ali1688_goods_monitor |   1. 商品ID: 903613869442, 店铺: 汕头市龙湖区熹萌喵玩具厂, SKU数: 4
2026-04-09 06:30:38,190 | INFO | ali1688_goods_monitor |   2. 商品ID: 1026068947837, 店铺: 汕头市澄海区力多熊玩具商行, SKU数: 3
2026-04-09 06:30:38,191 | INFO | ali1688_goods_monitor |   3. 商品ID: 928700805986, 店铺: 义乌市谷达玩具有限公司, SKU数: 2
2026-04-09 06:30:38,191 | INFO | ali1688_goods_monitor |   4. 商品ID: 1005984550667, 店铺: 汕头市澄海区八匹马玩具厂, SKU数: 36
2026-04-09 06:30:38,191 | INFO | ali1688_goods_monitor |   5. 商品ID: 835170979856, 店铺: 汕头市澄海区土炭玩具商行, SKU数: 10
2026-04-09 06:30:38,192 | INFO | ali1688_goods_monitor |   6. 商品ID: 968280048908, 店铺: 汕头市澄海区都说好玩具商行, SKU数: 31
2026-04-09 06:30:38,192 | INFO | ali1688_goods_monitor |   7. 商品ID: 971080031926, 店铺: 汕头市龙湖区熹萌喵玩具厂, SKU数: 3
2026-04-09 06:30:38,192 | INFO | ali1688_goods_monitor |   8. 商品ID: 943395574791, 店铺: 东莞市狂蜂狂蚁科技有限公司, SKU数: 1
2026-04-09 06:30:38,192 | INFO | ali1688_goods_monitor |   9. 商品ID: 617837580726, 店铺: 深圳灿煜玩具有限公司, SKU数: 2
2026-04-09 06:30:38,192 | INFO | ali1688_goods_monitor |   10. 商品ID: 971037620206, 店铺: 汕头市澄海区淘琪宝玩具厂, SKU数: 1
2026-04-09 06:30:38,193 | INFO | ali1688_goods_monitor |   11. 商品ID: 1040782952704, 店铺: 义乌市鑫照玩具厂, SKU数: 1
2026-04-09 06:30:38,193 | INFO | ali1688_goods_monitor |   12. 商品ID: 954713432833, 店铺: 汕头市龙湖区熹萌喵玩具厂, SKU数: 2
2026-04-09 06:30:38,193 | INFO | ali1688_goods_monitor |   13. 商品ID: 1016515592011, 店铺: 汕头市澄海区晟耀展玩具厂, SKU数: 4
2026-04-09 06:30:38,194 | INFO | ali1688_goods_monitor |   14. 商品ID: 807432916292, 店铺: 汕头市澄海区悦优佳玩具厂, SKU数: 24
2026-04-09 06:30:38,194 | INFO | ali1688_goods_monitor |   15. 商品ID: 812259607012, 店铺: 汕头市澄海区哈尼兔玩具厂, SKU数: 39
2026-04-09 06:30:38,194 | INFO | ali1688_goods_monitor |   16. 商品ID: 982634945037, 店铺: 汕头市创爱旺科技有限公司, SKU数: 26
2026-04-09 06:30:38,195 | INFO | ali1688_goods_monitor |   17. 商品ID: 798059727032, 店铺: 汕头市澄海区超慧丰贸易商行, SKU数: 16
2026-04-09 06:30:38,195 | INFO | ali1688_goods_monitor |   18. 商品ID: 979203908708, 店铺: 汕头市澄海区多美仕玩具厂, SKU数: 24
2026-04-09 06:30:38,195 | INFO | ali1688_goods_monitor |   19. 商品ID: 1003272185431, 店铺: 义乌市大愚玩具有限公司, SKU数: 5
2026-04-09 06:30:38,196 | INFO | ali1688_goods_monitor |   20. 商品ID: 833661915665, 店铺: 深圳金喜来电子股份有限公司, SKU数: 1
2026-04-09 06:30:38,307 | INFO | ali1688_goods_monitor | 💾 第1/14批：已保存 20 个商品到数据库
2026-04-09 06:30:38,307 | INFO | ali1688_goods_monitor | ⏸️  随机暂停 5.5 秒...
2026-04-09 06:30:43,819 | INFO | ali1688_goods_monitor | 🔄 刷新页面，准备处理第 2 批...
2026-04-09 06:30:52,136 | INFO | ali1688_goods_monitor | ❎ 已关闭引导弹窗3
2026-04-09 06:30:54,676 | INFO | ali1688_goods_monitor | 🔍 处理第 2/14 批，共 20 个商品
2026-04-09 06:30:54,678 | INFO | ali1688_goods_monitor | 📋 商品ID: 1007173826384、991935831793、962746907189、812514770228、907762599791、990409899841、1013037690222、889385901298、1025513853144、969366546749、979396013303、875034473523、590591825369、894936744591、895285249007、970715744477、903636127402、741922490714、776195311997、811139889293
2026-04-09 06:30:54,683 | INFO | ali1688_goods_monitor | 🧩 选择搜索方式: 商品ID
2026-04-09 06:30:55,231 | INFO | ali1688_goods_monitor | 搜索的商品id是:1007173826384、991935831793、962746907189、812514770228、907762599791、990409899841、1013037690222、889385901298、1025513853144、969366546749、979396013303、875034473523、590591825369、894936744591、895285249007、970715744477、903636127402、741922490714、776195311997、811139889293
2026-04-09 06:30:56,322 | INFO | ali1688_goods_monitor | ✅ 第 2 批筛选条件已设置
2026-04-09 06:30:59,330 | INFO | ali1688_goods_monitor | 开始获取商品:1007173826384、991935831793、962746907189、812514770228、907762599791、990409899841、1013037690222、889385901298、1025513853144、969366546749、979396013303、875034473523、590591825369、894936744591、895285249007、970715744477、903636127402、741922490714、776195311997、811139889293的基本信息
2026-04-09 06:30:59,331 | INFO | ali1688_goods_monitor | ⏳ 等待点击【开始查询】并捕获 offerSearch 接口...
2026-04-09 06:31:00,053 | INFO | ali1688_goods_monitor | 商品列表返回码: 200
2026-04-09 06:31:00,054 | INFO | ali1688_goods_monitor | 🚀 开始捕获商品数据，共 19 个商品
2026-04-09 06:31:00,058 | INFO | ali1688_goods_monitor | ✅ 商品基本信息捕获完成，总耗时: 0.00秒
2026-04-09 06:31:00,058 | INFO | ali1688_goods_monitor |    - 商品数: 19
2026-04-09 06:31:00,058 | INFO | ali1688_goods_monitor | ✅ 第 2 批完成，获取到 19 个商品，0 个SKU
2026-04-09 06:31:00,058 | INFO | ali1688_goods_monitor | 📋 第 2 批商品信息:
2026-04-09 06:31:00,059 | INFO | ali1688_goods_monitor |   1. 商品ID: 990409899841, 店铺: 汕头市澄海区泰旭玩具厂, SKU数: 1
2026-04-09 06:31:00,060 | INFO | ali1688_goods_monitor |   2. 商品ID: 1025513853144, 店铺: 汕头市澄海区萌灵娃玩具厂, SKU数: 8
2026-04-09 06:31:00,061 | INFO | ali1688_goods_monitor |   3. 商品ID: 991935831793, 店铺: 温州市鑫筱贸易有限公司, SKU数: 3
2026-04-09 06:31:00,061 | INFO | ali1688_goods_monitor |   4. 商品ID: 907762599791, 店铺: 汕头市澄海区彩帆玩具厂, SKU数: 10
2026-04-09 06:31:00,061 | INFO | ali1688_goods_monitor |   5. 商品ID: 969366546749, 店铺: 汕头市澄海区启超玩具厂, SKU数: 1
2026-04-09 06:31:00,061 | INFO | ali1688_goods_monitor |   6. 商品ID: 741922490714, 店铺: 汕头市俏娃玩具有限公司, SKU数: 2
2026-04-09 06:31:00,062 | INFO | ali1688_goods_monitor |   7. 商品ID: 590591825369, 店铺: 汕头市澄海区翔鹏塑料制品厂, SKU数: 22
2026-04-09 06:31:00,062 | INFO | ali1688_goods_monitor |   8. 商品ID: 776195311997, 店铺: 汕头市澄海区讴艺玩具厂, SKU数: 1
2026-04-09 06:31:00,062 | INFO | ali1688_goods_monitor |   9. 商品ID: 875034473523, 店铺: 汕头市澄海区童积玩具厂, SKU数: 3
2026-04-09 06:31:00,062 | INFO | ali1688_goods_monitor |   10. 商品ID: 812514770228, 店铺: 汕头市澄海区栩之羿贸易商行, SKU数: 2
2026-04-09 06:31:00,062 | INFO | ali1688_goods_monitor |   11. 商品ID: 1013037690222, 店铺: 潮州市湘桥区星赫玩具厂(个体工商户), SKU数: 1
2026-04-09 06:31:00,063 | INFO | ali1688_goods_monitor |   12. 商品ID: 889385901298, 店铺: 汕头市欧切勒切电子商务有限公司, SKU数: 3
2026-04-09 06:31:00,063 | INFO | ali1688_goods_monitor |   13. 商品ID: 903636127402, 店铺: 义乌市君玖商贸有限公司, SKU数: 3
2026-04-09 06:31:00,063 | INFO | ali1688_goods_monitor |   14. 商品ID: 979396013303, 店铺: 汕头市澄海区很多人玩具商行, SKU数: 1
2026-04-09 06:31:00,063 | INFO | ali1688_goods_monitor |   15. 商品ID: 962746907189, 店铺: 汕头市龙湖区熹萌喵玩具厂, SKU数: 4
2026-04-09 06:31:00,064 | INFO | ali1688_goods_monitor |   16. 商品ID: 895285249007, 店铺: 汕头市澄海区雅尚腾玩具厂(个体工商户), SKU数: 36
2026-04-09 06:31:00,064 | INFO | ali1688_goods_monitor |   17. 商品ID: 894936744591, 店铺: 汕头市澄海区启跃玩具厂, SKU数: 16
2026-04-09 06:31:00,064 | INFO | ali1688_goods_monitor |   18. 商品ID: 811139889293, 店铺: 义乌市孟享贸易有限公司, SKU数: 8
2026-04-09 06:31:00,065 | INFO | ali1688_goods_monitor |   19. 商品ID: 970715744477, 店铺: 汕头市澄海区永志玩具商行(个体工商户), SKU数: 1
2026-04-09 06:31:00,147 | INFO | ali1688_goods_monitor | 💾 第2/14批：已保存 19 个商品到数据库
2026-04-09 06:31:00,148 | INFO | ali1688_goods_monitor | ⏸️  随机暂停 4.8 秒...
2026-04-09 06:31:04,915 | INFO | ali1688_goods_monitor | 🔄 刷新页面，准备处理第 3 批...
2026-04-09 06:31:14,104 | INFO | ali1688_goods_monitor | 🔍 处理第 3/14 批，共 20 个商品
2026-04-09 06:31:14,105 | INFO | ali1688_goods_monitor | 📋 商品ID: 950726478383、970377098770、1000398364752、628617576125、998051010590、856805654657、677709968233、992071730825、799083276279、976178977054、902961760235、900967422750、994662909434、681658732090、847794753111、992251601092、951035484615、826873938709、677301391721、847495122732
2026-04-09 06:31:14,112 | INFO | ali1688_goods_monitor | 🧩 选择搜索方式: 商品ID
2026-04-09 06:31:14,640 | INFO | ali1688_goods_monitor | 搜索的商品id是:950726478383、970377098770、1000398364752、628617576125、998051010590、856805654657、677709968233、992071730825、799083276279、976178977054、902961760235、900967422750、994662909434、681658732090、847794753111、992251601092、951035484615、826873938709、677301391721、847495122732
2026-04-09 06:31:15,783 | INFO | ali1688_goods_monitor | ✅ 第 3 批筛选条件已设置
2026-04-09 06:31:18,791 | INFO | ali1688_goods_monitor | 开始获取商品:950726478383、970377098770、1000398364752、628617576125、998051010590、856805654657、677709968233、992071730825、799083276279、976178977054、902961760235、900967422750、994662909434、681658732090、847794753111、992251601092、951035484615、826873938709、677301391721、847495122732的基本信息
2026-04-09 06:31:18,791 | INFO | ali1688_goods_monitor | ⏳ 等待点击【开始查询】并捕获 offerSearch 接口...
2026-04-09 06:31:19,568 | INFO | ali1688_goods_monitor | 商品列表返回码: 200
2026-04-09 06:31:19,568 | INFO | ali1688_goods_monitor | 🚀 开始捕获商品数据，共 20 个商品
2026-04-09 06:31:19,572 | INFO | ali1688_goods_monitor | ✅ 商品基本信息捕获完成，总耗时: 0.00秒
2026-04-09 06:31:19,572 | INFO | ali1688_goods_monitor |    - 商品数: 20
2026-04-09 06:31:19,572 | INFO | ali1688_goods_monitor | ✅ 第 3 批完成，获取到 20 个商品，0 个SKU
2026-04-09 06:31:19,573 | INFO | ali1688_goods_monitor | 📋 第 3 批商品信息:
2026-04-09 06:31:19,573 | INFO | ali1688_goods_monitor |   1. 商品ID: 677301391721, 店铺: 汕头市澄海区海棠玩具厂, SKU数: 5
2026-04-09 06:31:19,574 | INFO | ali1688_goods_monitor |   2. 商品ID: 847794753111, 店铺: 汕头市龙湖区熹萌喵玩具厂, SKU数: 4
2026-04-09 06:31:19,575 | INFO | ali1688_goods_monitor |   3. 商品ID: 826873938709, 店铺: 汕头市森漫贸易有限公司, SKU数: 1
2026-04-09 06:31:19,575 | INFO | ali1688_goods_monitor |   4. 商品ID: 951035484615, 店铺: 汕头市创爱旺科技有限公司, SKU数: 29
2026-04-09 06:31:19,575 | INFO | ali1688_goods_monitor |   5. 商品ID: 976178977054, 店铺: 汕头市玩物社科技有限公司, SKU数: 5
2026-04-09 06:31:19,576 | INFO | ali1688_goods_monitor |   6. 商品ID: 950726478383, 店铺: 汕头市澄海区美贝斯玩具商行, SKU数: 13
2026-04-09 06:31:19,576 | INFO | ali1688_goods_monitor |   7. 商品ID: 994662909434, 店铺: 义乌市麦贤电子商务商行, SKU数: 3
2026-04-09 06:31:19,576 | INFO | ali1688_goods_monitor |   8. 商品ID: 992071730825, 店铺: 深圳市粤加大玩具有限公司, SKU数: 3
2026-04-09 06:31:19,577 | INFO | ali1688_goods_monitor |   9. 商品ID: 856805654657, 店铺: 汕头市龙湖区熹萌喵玩具厂, SKU数: 1
2026-04-09 06:31:19,577 | INFO | ali1688_goods_monitor |   10. 商品ID: 998051010590, 店铺: 汕头市盛星达体育用品有限公司, SKU数: 4
2026-04-09 06:31:19,577 | INFO | ali1688_goods_monitor |   11. 商品ID: 902961760235, 店铺: 汕头市龙湖区熹萌喵玩具厂, SKU数: 4
2026-04-09 06:31:19,578 | INFO | ali1688_goods_monitor |   12. 商品ID: 677709968233, 店铺: 广东佰思玩具有限公司, SKU数: 5
2026-04-09 06:31:19,578 | INFO | ali1688_goods_monitor |   13. 商品ID: 992251601092, 店铺: 义乌市纯亿供应链管理服务有限公司, SKU数: 3
2026-04-09 06:31:19,578 | INFO | ali1688_goods_monitor |   14. 商品ID: 1000398364752, 店铺: 义乌市芝麻开门玩具有限公司, SKU数: 4
2026-04-09 06:31:19,579 | INFO | ali1688_goods_monitor |   15. 商品ID: 900967422750, 店铺: 汕头市澄海区越来越聪明玩具厂, SKU数: 22
2026-04-09 06:31:19,579 | INFO | ali1688_goods_monitor |   16. 商品ID: 628617576125, 店铺: 汕头市俏娃玩具有限公司, SKU数: 5
2026-04-09 06:31:19,579 | INFO | ali1688_goods_monitor |   17. 商品ID: 847495122732, 店铺: 汕头市龙湖区熹萌喵玩具厂, SKU数: 3
2026-04-09 06:31:19,580 | INFO | ali1688_goods_monitor |   18. 商品ID: 970377098770, 店铺: 汕头市澄海区贝欣达玩具厂, SKU数: 37
2026-04-09 06:31:19,581 | INFO | ali1688_goods_monitor |   19. 商品ID: 799083276279, 店铺: 汕头市澄海区米可玩具商行, SKU数: 3
2026-04-09 06:31:19,581 | INFO | ali1688_goods_monitor |   20. 商品ID: 681658732090, 店铺: 深圳金喜来电子股份有限公司, SKU数: 1
2026-04-09 06:31:19,676 | INFO | ali1688_goods_monitor | 💾 第3/14批：已保存 20 个商品到数据库
2026-04-09 06:31:19,676 | INFO | ali1688_goods_monitor | ⏸️  随机暂停 5.5 秒...
2026-04-09 06:31:25,200 | INFO | ali1688_goods_monitor | 🔄 刷新页面，准备处理第 4 批...
2026-04-09 06:31:36,616 | INFO | ali1688_goods_monitor | 🔍 处理第 4/14 批，共 20 个商品
2026-04-09 06:31:36,617 | INFO | ali1688_goods_monitor | 📋 商品ID: 899704194303、1007062397648、1000255776437、898439171537、43695296576、956573560393、902473655388、890654399053、979471208168、996059989352、840249263873、873614306333、702199084381、746411095420、703551244918、832304702315、950670074468、789633522584、890407614753、999142031933
2026-04-09 06:31:36,621 | INFO | ali1688_goods_monitor | 🧩 选择搜索方式: 商品ID
2026-04-09 06:31:37,136 | INFO | ali1688_goods_monitor | 搜索的商品id是:899704194303、1007062397648、1000255776437、898439171537、43695296576、956573560393、902473655388、890654399053、979471208168、996059989352、840249263873、873614306333、702199084381、746411095420、703551244918、832304702315、950670074468、789633522584、890407614753、999142031933
2026-04-09 06:31:38,294 | INFO | ali1688_goods_monitor | ✅ 第 4 批筛选条件已设置
2026-04-09 06:31:41,303 | INFO | ali1688_goods_monitor | 开始获取商品:899704194303、1007062397648、1000255776437、898439171537、43695296576、956573560393、902473655388、890654399053、979471208168、996059989352、840249263873、873614306333、702199084381、746411095420、703551244918、832304702315、950670074468、789633522584、890407614753、999142031933的基本信息
2026-04-09 06:31:41,304 | INFO | ali1688_goods_monitor | ⏳ 等待点击【开始查询】并捕获 offerSearch 接口...
2026-04-09 06:31:41,683 | INFO | ali1688_goods_monitor | 商品列表返回码: 200
2026-04-09 06:31:41,683 | INFO | ali1688_goods_monitor | 🚀 开始捕获商品数据，共 20 个商品
2026-04-09 06:31:41,687 | INFO | ali1688_goods_monitor | ✅ 商品基本信息捕获完成，总耗时: 0.00秒
2026-04-09 06:31:41,688 | INFO | ali1688_goods_monitor |    - 商品数: 20
2026-04-09 06:31:41,688 | INFO | ali1688_goods_monitor | ✅ 第 4 批完成，获取到 20 个商品，0 个SKU
2026-04-09 06:31:41,688 | INFO | ali1688_goods_monitor | 📋 第 4 批商品信息:
2026-04-09 06:31:41,689 | INFO | ali1688_goods_monitor |   1. 商品ID: 996059989352, 店铺: 义乌市海潭商贸有限公司, SKU数: 3
2026-04-09 06:31:41,689 | INFO | ali1688_goods_monitor |   2. 商品ID: 902473655388, 店铺: 汕头市龙湖区熹萌喵玩具厂, SKU数: 1
2026-04-09 06:31:41,689 | INFO | ali1688_goods_monitor |   3. 商品ID: 703551244918, 店铺: 汕头市澄海区米可玩具商行, SKU数: 3
2026-04-09 06:31:41,689 | INFO | ali1688_goods_monitor |   4. 商品ID: 890407614753, 店铺: 汕头市澄海区萌董乐玩具厂, SKU数: 17
2026-04-09 06:31:41,689 | INFO | ali1688_goods_monitor |   5. 商品ID: 898439171537, 店铺: 汕头市龙湖区熹萌喵玩具厂, SKU数: 14
2026-04-09 06:31:41,689 | INFO | ali1688_goods_monitor |   6. 商品ID: 899704194303, 店铺: 汕头市澄海区孩艺宝玩具厂, SKU数: 12
2026-04-09 06:31:41,690 | INFO | ali1688_goods_monitor |   7. 商品ID: 840249263873, 店铺: 汕头市嬉游记玩具有限公司, SKU数: 8
2026-04-09 06:31:41,690 | INFO | ali1688_goods_monitor |   8. 商品ID: 43695296576, 店铺: 汕头市澄海区豪达玩具有限公司, SKU数: 2
2026-04-09 06:31:41,690 | INFO | ali1688_goods_monitor |   9. 商品ID: 956573560393, 店铺: 汕头市澄海区巧新玩具厂, SKU数: 3
2026-04-09 06:31:41,690 | INFO | ali1688_goods_monitor |   10. 商品ID: 789633522584, 店铺: 汕头市澄海区乐涵玩具厂, SKU数: 1
2026-04-09 06:31:41,691 | INFO | ali1688_goods_monitor |   11. 商品ID: 979471208168, 店铺: 汕头市澄海区淘琪宝玩具厂, SKU数: 1
2026-04-09 06:31:41,692 | INFO | ali1688_goods_monitor |   12. 商品ID: 999142031933, 店铺: 深圳金喜来电子股份有限公司, SKU数: 1
2026-04-09 06:31:41,693 | INFO | ali1688_goods_monitor |   13. 商品ID: 873614306333, 店铺: 汕头市俏娃玩具有限公司, SKU数: 5
2026-04-09 06:31:41,694 | INFO | ali1688_goods_monitor |   14. 商品ID: 1007062397648, 店铺: 汕头市澄海区坤铄玩具厂, SKU数: 4
2026-04-09 06:31:41,696 | INFO | ali1688_goods_monitor |   15. 商品ID: 890654399053, 店铺: 汕头市澄海区悦优佳玩具厂, SKU数: 22
2026-04-09 06:31:41,696 | INFO | ali1688_goods_monitor |   16. 商品ID: 950670074468, 店铺: 汕头市澄海区雅尚腾玩具厂(个体工商户), SKU数: 36
2026-04-09 06:31:41,696 | INFO | ali1688_goods_monitor |   17. 商品ID: 832304702315, 店铺: 广东佰思玩具有限公司, SKU数: 5
2026-04-09 06:31:41,697 | INFO | ali1688_goods_monitor |   18. 商品ID: 702199084381, 店铺: 汕头市澄海区实琪玩具有限公司, SKU数: 21
2026-04-09 06:31:41,697 | INFO | ali1688_goods_monitor |   19. 商品ID: 1000255776437, 店铺: 义乌市屿团电子商务商行, SKU数: 3
2026-04-09 06:31:41,698 | INFO | ali1688_goods_monitor |   20. 商品ID: 746411095420, 店铺: 汕头市龙湖区宝乐喜玩具商行, SKU数: 6
2026-04-09 06:31:41,790 | INFO | ali1688_goods_monitor | 💾 第4/14批：已保存 20 个商品到数据库
2026-04-09 06:31:41,790 | INFO | ali1688_goods_monitor | ⏸️  随机暂停 5.9 秒...
2026-04-09 06:31:47,704 | INFO | ali1688_goods_monitor | 🔄 刷新页面，准备处理第 5 批...
2026-04-09 06:31:56,724 | INFO | ali1688_goods_monitor | 🔍 处理第 5/14 批，共 20 个商品
2026-04-09 06:31:56,724 | INFO | ali1688_goods_monitor | 📋 商品ID: 859584630627、1009966785995、985206853035、991070192317、927205288673、950658287741、993465198242、998859559585、992800642545、990618054916、652994949606、873771926327、970542473882、836899798919、928580021030、852501307622、632300625030、853399095646、671840552108、975762015590
2026-04-09 06:31:56,729 | INFO | ali1688_goods_monitor | 🧩 选择搜索方式: 商品ID
2026-04-09 06:31:57,216 | INFO | ali1688_goods_monitor | 搜索的商品id是:859584630627、1009966785995、985206853035、991070192317、927205288673、950658287741、993465198242、998859559585、992800642545、990618054916、652994949606、873771926327、970542473882、836899798919、928580021030、852501307622、632300625030、853399095646、671840552108、975762015590
2026-04-09 06:31:58,318 | INFO | ali1688_goods_monitor | ✅ 第 5 批筛选条件已设置
2026-04-09 06:32:01,329 | INFO | ali1688_goods_monitor | 开始获取商品:859584630627、1009966785995、985206853035、991070192317、927205288673、950658287741、993465198242、998859559585、992800642545、990618054916、652994949606、873771926327、970542473882、836899798919、928580021030、852501307622、632300625030、853399095646、671840552108、975762015590的基本信息
2026-04-09 06:32:01,330 | INFO | ali1688_goods_monitor | ⏳ 等待点击【开始查询】并捕获 offerSearch 接口...
2026-04-09 06:32:01,947 | INFO | ali1688_goods_monitor | 商品列表返回码: 200
2026-04-09 06:32:01,947 | INFO | ali1688_goods_monitor | 🚀 开始捕获商品数据，共 20 个商品
2026-04-09 06:32:01,951 | INFO | ali1688_goods_monitor | ✅ 商品基本信息捕获完成，总耗时: 0.00秒
2026-04-09 06:32:01,951 | INFO | ali1688_goods_monitor |    - 商品数: 20
2026-04-09 06:32:01,951 | INFO | ali1688_goods_monitor | ✅ 第 5 批完成，获取到 20 个商品，0 个SKU
2026-04-09 06:32:01,952 | INFO | ali1688_goods_monitor | 📋 第 5 批商品信息:
2026-04-09 06:32:01,952 | INFO | ali1688_goods_monitor |   1. 商品ID: 993465198242, 店铺: 汕头市铭立玩具有限公司, SKU数: 7
2026-04-09 06:32:01,952 | INFO | ali1688_goods_monitor |   2. 商品ID: 853399095646, 店铺: 汕头市嬉游记玩具有限公司, SKU数: 15
2026-04-09 06:32:01,952 | INFO | ali1688_goods_monitor |   3. 商品ID: 852501307622, 店铺: 汕头市俏娃玩具有限公司, SKU数: 1
2026-04-09 06:32:01,952 | INFO | ali1688_goods_monitor |   4. 商品ID: 671840552108, 店铺: 汕头市澄海区华迪锋玩具厂, SKU数: 8
2026-04-09 06:32:01,952 | INFO | ali1688_goods_monitor |   5. 商品ID: 927205288673, 店铺: 汕头市龙湖区熹萌喵玩具厂, SKU数: 4
2026-04-09 06:32:01,953 | INFO | ali1688_goods_monitor |   6. 商品ID: 1009966785995, 店铺: 汕头市恒达星玩具有限公司, SKU数: 4
2026-04-09 06:32:01,954 | INFO | ali1688_goods_monitor |   7. 商品ID: 859584630627, 店铺: 汕头市龙湖区熹萌喵玩具厂, SKU数: 4
2026-04-09 06:32:01,954 | INFO | ali1688_goods_monitor |   8. 商品ID: 991070192317, 店铺: 汕头市澄海区神宥玩具厂(个体工商户), SKU数: 11
2026-04-09 06:32:01,954 | INFO | ali1688_goods_monitor |   9. 商品ID: 998859559585, 店铺: 汕头市澄海区坤铄玩具厂, SKU数: 11
2026-04-09 06:32:01,954 | INFO | ali1688_goods_monitor |   10. 商品ID: 985206853035, 店铺: 汕头市澄海区金颖玩具厂, SKU数: 2
2026-04-09 06:32:01,954 | INFO | ali1688_goods_monitor |   11. 商品ID: 992800642545, 店铺: 汕头市盛星达体育用品有限公司, SKU数: 3
2026-04-09 06:32:01,954 | INFO | ali1688_goods_monitor |   12. 商品ID: 873771926327, 店铺: 汕头市澄海区酷乐孩玩具厂, SKU数: 34
2026-04-09 06:32:01,955 | INFO | ali1688_goods_monitor |   13. 商品ID: 652994949606, 店铺: 汕头市俏娃玩具有限公司, SKU数: 4
2026-04-09 06:32:01,955 | INFO | ali1688_goods_monitor |   14. 商品ID: 975762015590, 店铺: 汕头市澄海区小筑班五金玩具厂, SKU数: 6
2026-04-09 06:32:01,956 | INFO | ali1688_goods_monitor |   15. 商品ID: 928580021030, 店铺: 汕头市嬉游记玩具有限公司, SKU数: 2
2026-04-09 06:32:01,956 | INFO | ali1688_goods_monitor |   16. 商品ID: 836899798919, 店铺: 汕头市澄海区小筑班五金玩具厂, SKU数: 9
2026-04-09 06:32:01,956 | INFO | ali1688_goods_monitor |   17. 商品ID: 990618054916, 店铺: 妆链时代（深圳）科技有限公司, SKU数: 3
2026-04-09 06:32:01,956 | INFO | ali1688_goods_monitor |   18. 商品ID: 632300625030, 店铺: 汕头市俏娃玩具有限公司, SKU数: 1
2026-04-09 06:32:01,956 | INFO | ali1688_goods_monitor |   19. 商品ID: 950658287741, 店铺: 汕头市澄海区三只老鼠玩具厂, SKU数: 18
2026-04-09 06:32:01,956 | INFO | ali1688_goods_monitor |   20. 商品ID: 970542473882, 店铺: 汕头市嬉游记玩具有限公司, SKU数: 5
2026-04-09 06:32:02,053 | INFO | ali1688_goods_monitor | 💾 第5/14批：已保存 20 个商品到数据库
2026-04-09 06:32:02,054 | INFO | ali1688_goods_monitor | ⏸️  随机暂停 6.1 秒...
2026-04-09 06:32:08,150 | INFO | ali1688_goods_monitor | 🔄 刷新页面，准备处理第 6 批...
2026-04-09 06:32:17,633 | INFO | ali1688_goods_monitor | 🔍 处理第 6/14 批，共 20 个商品
2026-04-09 06:32:17,633 | INFO | ali1688_goods_monitor | 📋 商品ID: 994237964153、847990628509、962546716755、854253039240、662598267674、978651830599、692940339011、993354315037、895439014120、997795598539、1037735891255、849820903779、729749403422、948334688543、746416939989、930446969722、991823064917、621865712164、847781001778、864653527961
2026-04-09 06:32:17,638 | INFO | ali1688_goods_monitor | 🧩 选择搜索方式: 商品ID
2026-04-09 06:32:18,155 | INFO | ali1688_goods_monitor | 搜索的商品id是:994237964153、847990628509、962546716755、854253039240、662598267674、978651830599、692940339011、993354315037、895439014120、997795598539、1037735891255、849820903779、729749403422、948334688543、746416939989、930446969722、991823064917、621865712164、847781001778、864653527961
2026-04-09 06:32:19,245 | INFO | ali1688_goods_monitor | ✅ 第 6 批筛选条件已设置
2026-04-09 06:32:22,261 | INFO | ali1688_goods_monitor | 开始获取商品:994237964153、847990628509、962546716755、854253039240、662598267674、978651830599、692940339011、993354315037、895439014120、997795598539、1037735891255、849820903779、729749403422、948334688543、746416939989、930446969722、991823064917、621865712164、847781001778、864653527961的基本信息
2026-04-09 06:32:22,262 | INFO | ali1688_goods_monitor | ⏳ 等待点击【开始查询】并捕获 offerSearch 接口...
2026-04-09 06:32:22,894 | INFO | ali1688_goods_monitor | 商品列表返回码: 200
2026-04-09 06:32:22,895 | INFO | ali1688_goods_monitor | 🚀 开始捕获商品数据，共 19 个商品
2026-04-09 06:32:22,898 | INFO | ali1688_goods_monitor | ✅ 商品基本信息捕获完成，总耗时: 0.00秒
2026-04-09 06:32:22,898 | INFO | ali1688_goods_monitor |    - 商品数: 19
2026-04-09 06:32:22,898 | INFO | ali1688_goods_monitor | ✅ 第 6 批完成，获取到 19 个商品，0 个SKU
2026-04-09 06:32:22,898 | INFO | ali1688_goods_monitor | 📋 第 6 批商品信息:
2026-04-09 06:32:22,899 | INFO | ali1688_goods_monitor |   1. 商品ID: 729749403422, 店铺: 珠海欣球格创科技有限公司, SKU数: 7
2026-04-09 06:32:22,899 | INFO | ali1688_goods_monitor |   2. 商品ID: 991823064917, 店铺: 汕头市澄海区都说好玩具商行, SKU数: 8
2026-04-09 06:32:22,899 | INFO | ali1688_goods_monitor |   3. 商品ID: 662598267674, 店铺: 汕头市俏娃玩具有限公司, SKU数: 4
2026-04-09 06:32:22,899 | INFO | ali1688_goods_monitor |   4. 商品ID: 895439014120, 店铺: 汕头市澄海区新创贸易商行, SKU数: 8
2026-04-09 06:32:22,899 | INFO | ali1688_goods_monitor |   5. 商品ID: 847990628509, 店铺: 汕头市龙湖区熹萌喵玩具厂, SKU数: 8
2026-04-09 06:32:22,899 | INFO | ali1688_goods_monitor |   6. 商品ID: 621865712164, 店铺: 汕头市俏娃玩具有限公司, SKU数: 8
2026-04-09 06:32:22,900 | INFO | ali1688_goods_monitor |   7. 商品ID: 994237964153, 店铺: 汕头市澄海区十意玩具厂, SKU数: 7
2026-04-09 06:32:22,900 | INFO | ali1688_goods_monitor |   8. 商品ID: 948334688543, 店铺: 汕头市澄海区超慧丰贸易商行, SKU数: 22
2026-04-09 06:32:22,900 | INFO | ali1688_goods_monitor |   9. 商品ID: 993354315037, 店铺: 汕头市澄海区奥维玩具厂, SKU数: 11
2026-04-09 06:32:22,900 | INFO | ali1688_goods_monitor |   10. 商品ID: 864653527961, 店铺: 汕头市迪利嘉科技有限公司, SKU数: 1
2026-04-09 06:32:22,900 | INFO | ali1688_goods_monitor |   11. 商品ID: 997795598539, 店铺: 汕头市盛星达体育用品有限公司, SKU数: 3
2026-04-09 06:32:22,900 | INFO | ali1688_goods_monitor |   12. 商品ID: 692940339011, 店铺: 汕头市澄海区商裕玩具商行, SKU数: 3
2026-04-09 06:32:22,900 | INFO | ali1688_goods_monitor |   13. 商品ID: 930446969722, 店铺: 汕头市俏娃玩具有限公司, SKU数: 2
2026-04-09 06:32:22,901 | INFO | ali1688_goods_monitor |   14. 商品ID: 849820903779, 店铺: 汕头市龙湖区熹萌喵玩具厂, SKU数: 4
2026-04-09 06:32:22,901 | INFO | ali1688_goods_monitor |   15. 商品ID: 978651830599, 店铺: 义乌市紫戈玩具有限公司, SKU数: 2
2026-04-09 06:32:22,901 | INFO | ali1688_goods_monitor |   16. 商品ID: 854253039240, 店铺: 汕头市嬉游记玩具有限公司, SKU数: 2
2026-04-09 06:32:22,901 | INFO | ali1688_goods_monitor |   17. 商品ID: 746416939989, 店铺: 李楚平, SKU数: 2
2026-04-09 06:32:22,901 | INFO | ali1688_goods_monitor |   18. 商品ID: 847781001778, 店铺: 汕头市龙湖区熹萌喵玩具厂, SKU数: 4
2026-04-09 06:32:22,901 | INFO | ali1688_goods_monitor |   19. 商品ID: 962546716755, 店铺: 汕头市澄海区淘琪宝玩具厂, SKU数: 3
2026-04-09 06:32:22,996 | INFO | ali1688_goods_monitor | 💾 第6/14批：已保存 19 个商品到数据库
2026-04-09 06:32:22,996 | INFO | ali1688_goods_monitor | ⏸️  随机暂停 4.8 秒...
2026-04-09 06:32:27,814 | INFO | ali1688_goods_monitor | 🔄 刷新页面，准备处理第 7 批...
2026-04-09 06:32:39,088 | INFO | ali1688_goods_monitor | 🔍 处理第 7/14 批，共 20 个商品
2026-04-09 06:32:39,090 | INFO | ali1688_goods_monitor | 📋 商品ID: 995364912374、811638208514、952611726643、915854311158、985998626047、924140770781、986179889619、999860867159、675880303102、997359995216、991467576950、813592780236、920664381969、926941651375、847784309788、991699553836、848195784663、773383798724、1006668462460、917143716667
2026-04-09 06:32:39,098 | INFO | ali1688_goods_monitor | 🧩 选择搜索方式: 商品ID
2026-04-09 06:32:39,595 | INFO | ali1688_goods_monitor | 搜索的商品id是:995364912374、811638208514、952611726643、915854311158、985998626047、924140770781、986179889619、999860867159、675880303102、997359995216、991467576950、813592780236、920664381969、926941651375、847784309788、991699553836、848195784663、773383798724、1006668462460、917143716667
2026-04-09 06:32:40,751 | INFO | ali1688_goods_monitor | ✅ 第 7 批筛选条件已设置
2026-04-09 06:32:43,760 | INFO | ali1688_goods_monitor | 开始获取商品:995364912374、811638208514、952611726643、915854311158、985998626047、924140770781、986179889619、999860867159、675880303102、997359995216、991467576950、813592780236、920664381969、926941651375、847784309788、991699553836、848195784663、773383798724、1006668462460、917143716667的基本信息
2026-04-09 06:32:43,761 | INFO | ali1688_goods_monitor | ⏳ 等待点击【开始查询】并捕获 offerSearch 接口...
2026-04-09 06:32:44,170 | INFO | ali1688_goods_monitor | 商品列表返回码: 200
2026-04-09 06:32:44,170 | INFO | ali1688_goods_monitor | 🚀 开始捕获商品数据，共 19 个商品
2026-04-09 06:32:44,174 | INFO | ali1688_goods_monitor | ✅ 商品基本信息捕获完成，总耗时: 0.00秒
2026-04-09 06:32:44,174 | INFO | ali1688_goods_monitor |    - 商品数: 19
2026-04-09 06:32:44,174 | INFO | ali1688_goods_monitor | ✅ 第 7 批完成，获取到 19 个商品，0 个SKU
2026-04-09 06:32:44,174 | INFO | ali1688_goods_monitor | 📋 第 7 批商品信息:
2026-04-09 06:32:44,175 | INFO | ali1688_goods_monitor |   1. 商品ID: 991467576950, 店铺: 汕头市澄海区罗森丰贸易商行, SKU数: 40
2026-04-09 06:32:44,175 | INFO | ali1688_goods_monitor |   2. 商品ID: 1006668462460, 店铺: 汕头市澄海区美迪电器厂(个体工商户), SKU数: 12
2026-04-09 06:32:44,175 | INFO | ali1688_goods_monitor |   3. 商品ID: 924140770781, 店铺: 义乌市圣泽文化用品有限公司, SKU数: 2
2026-04-09 06:32:44,175 | INFO | ali1688_goods_monitor |   4. 商品ID: 773383798724, 店铺: 汕头市澄海区优比比玩具商行, SKU数: 10
2026-04-09 06:32:44,175 | INFO | ali1688_goods_monitor |   5. 商品ID: 675880303102, 店铺: 深圳巨变科技有限公司, SKU数: 1
2026-04-09 06:32:44,175 | INFO | ali1688_goods_monitor |   6. 商品ID: 811638208514, 店铺: 汕头市澄海区轮转玩具商行, SKU数: 3
2026-04-09 06:32:44,175 | INFO | ali1688_goods_monitor |   7. 商品ID: 952611726643, 店铺: 汕头市嬉游记玩具有限公司, SKU数: 2
2026-04-09 06:32:44,176 | INFO | ali1688_goods_monitor |   8. 商品ID: 847784309788, 店铺: 汕头市龙湖区熹萌喵玩具厂, SKU数: 2
2026-04-09 06:32:44,176 | INFO | ali1688_goods_monitor |   9. 商品ID: 926941651375, 店铺: 汕头市龙湖区熹萌喵玩具厂, SKU数: 10
2026-04-09 06:32:44,176 | INFO | ali1688_goods_monitor |   10. 商品ID: 986179889619, 店铺: 汕头市澄海区来得玩具厂, SKU数: 3
2026-04-09 06:32:44,177 | INFO | ali1688_goods_monitor |   11. 商品ID: 920664381969, 店铺: 义乌市艺可玩具有限公司, SKU数: 4
2026-04-09 06:32:44,177 | INFO | ali1688_goods_monitor |   12. 商品ID: 848195784663, 店铺: 汕头市龙湖区熹萌喵玩具厂, SKU数: 6
2026-04-09 06:32:44,177 | INFO | ali1688_goods_monitor |   13. 商品ID: 995364912374, 店铺: 义乌市绘屿电子商务商行, SKU数: 3
2026-04-09 06:32:44,177 | INFO | ali1688_goods_monitor |   14. 商品ID: 997359995216, 店铺: 汕头市盛缔歆贸易有限公司, SKU数: 4
2026-04-09 06:32:44,178 | INFO | ali1688_goods_monitor |   15. 商品ID: 985998626047, 店铺: 汕头澄海区莱鑫益益智玩具商行, SKU数: 4
2026-04-09 06:32:44,178 | INFO | ali1688_goods_monitor |   16. 商品ID: 915854311158, 店铺: 汕头市龙湖区熹萌喵玩具厂, SKU数: 5
2026-04-09 06:32:44,178 | INFO | ali1688_goods_monitor |   17. 商品ID: 999860867159, 店铺: 汕头市盛缔歆贸易有限公司, SKU数: 1
2026-04-09 06:32:44,178 | INFO | ali1688_goods_monitor |   18. 商品ID: 813592780236, 店铺: 汕头市嬉游记玩具有限公司, SKU数: 2
2026-04-09 06:32:44,178 | INFO | ali1688_goods_monitor |   19. 商品ID: 917143716667, 店铺: 汕头市龙湖区熹萌喵玩具厂, SKU数: 4
2026-04-09 06:32:44,294 | INFO | ali1688_goods_monitor | 💾 第7/14批：已保存 19 个商品到数据库
2026-04-09 06:32:44,295 | INFO | ali1688_goods_monitor | ⏸️  随机暂停 5.8 秒...
2026-04-09 06:32:50,092 | INFO | ali1688_goods_monitor | 🔄 刷新页面，准备处理第 8 批...
2026-04-09 06:33:00,197 | INFO | ali1688_goods_monitor | 🔍 处理第 8/14 批，共 20 个商品
2026-04-09 06:33:00,198 | INFO | ali1688_goods_monitor | 📋 商品ID: 833863806015、778105306124、1000261330427、990374779412、678640196785、855494409051、695065852792、973730524327、969889694254、854773109889、662629659424、1001253412551、796066732390、968025059447、983142383790、918745003737、989391144530、1039821084728、903214944988、909894706445
2026-04-09 06:33:00,202 | INFO | ali1688_goods_monitor | 🧩 选择搜索方式: 商品ID
2026-04-09 06:33:00,682 | INFO | ali1688_goods_monitor | 搜索的商品id是:833863806015、778105306124、1000261330427、990374779412、678640196785、855494409051、695065852792、973730524327、969889694254、854773109889、662629659424、1001253412551、796066732390、968025059447、983142383790、918745003737、989391144530、1039821084728、903214944988、909894706445
2026-04-09 06:33:01,806 | INFO | ali1688_goods_monitor | ✅ 第 8 批筛选条件已设置
2026-04-09 06:33:04,811 | INFO | ali1688_goods_monitor | 开始获取商品:833863806015、778105306124、1000261330427、990374779412、678640196785、855494409051、695065852792、973730524327、969889694254、854773109889、662629659424、1001253412551、796066732390、968025059447、983142383790、918745003737、989391144530、1039821084728、903214944988、909894706445的基本信息
2026-04-09 06:33:04,812 | INFO | ali1688_goods_monitor | ⏳ 等待点击【开始查询】并捕获 offerSearch 接口...
2026-04-09 06:33:05,207 | INFO | ali1688_goods_monitor | 商品列表返回码: 200
2026-04-09 06:33:05,207 | INFO | ali1688_goods_monitor | 🚀 开始捕获商品数据，共 20 个商品
2026-04-09 06:33:05,212 | INFO | ali1688_goods_monitor | ✅ 商品基本信息捕获完成，总耗时: 0.01秒
2026-04-09 06:33:05,212 | INFO | ali1688_goods_monitor |    - 商品数: 20
2026-04-09 06:33:05,212 | INFO | ali1688_goods_monitor | ✅ 第 8 批完成，获取到 20 个商品，0 个SKU
2026-04-09 06:33:05,214 | INFO | ali1688_goods_monitor | 📋 第 8 批商品信息:
2026-04-09 06:33:05,214 | INFO | ali1688_goods_monitor |   1. 商品ID: 855494409051, 店铺: 汕头市龙湖区熹萌喵玩具厂, SKU数: 4
2026-04-09 06:33:05,215 | INFO | ali1688_goods_monitor |   2. 商品ID: 1039821084728, 店铺: 义乌市怡芬日用品有限公司, SKU数: None
2026-04-09 06:33:05,215 | INFO | ali1688_goods_monitor |   3. 商品ID: 662629659424, 店铺: 汕头市嬉游记玩具有限公司, SKU数: 4
2026-04-09 06:33:05,215 | INFO | ali1688_goods_monitor |   4. 商品ID: 796066732390, 店铺: 义乌市卡登电子商务有限公司, SKU数: 6
2026-04-09 06:33:05,215 | INFO | ali1688_goods_monitor |   5. 商品ID: 833863806015, 店铺: 潮州市博思玩具有限公司, SKU数: 5
2026-04-09 06:33:05,216 | INFO | ali1688_goods_monitor |   6. 商品ID: 678640196785, 店铺: 汕头市澄海区实琪玩具有限公司, SKU数: 8
2026-04-09 06:33:05,216 | INFO | ali1688_goods_monitor |   7. 商品ID: 918745003737, 店铺: 深圳市栓云笙科技有限公司, SKU数: 6
2026-04-09 06:33:05,216 | INFO | ali1688_goods_monitor |   8. 商品ID: 968025059447, 店铺: 汕头市澄海区骇浪玩具商行（个体工商户）, SKU数: 6
2026-04-09 06:33:05,216 | INFO | ali1688_goods_monitor |   9. 商品ID: 969889694254, 店铺: 深圳市惠艺美玩具有限公司, SKU数: 27
2026-04-09 06:33:05,216 | INFO | ali1688_goods_monitor |   10. 商品ID: 990374779412, 店铺: 义乌市精卓工艺品有限公司, SKU数: 3
2026-04-09 06:33:05,217 | INFO | ali1688_goods_monitor |   11. 商品ID: 903214944988, 店铺: 汕头市澄海区汕澄批玩具商行, SKU数: 1
2026-04-09 06:33:05,217 | INFO | ali1688_goods_monitor |   12. 商品ID: 973730524327, 店铺: 汕头市乐与拾光玩具有限公司, SKU数: 11
2026-04-09 06:33:05,217 | INFO | ali1688_goods_monitor |   13. 商品ID: 1000261330427, 店铺: 汕头市盛缔歆贸易有限公司, SKU数: 1
2026-04-09 06:33:05,217 | INFO | ali1688_goods_monitor |   14. 商品ID: 989391144530, 店铺: 汕头市澄海区罗森丰贸易商行, SKU数: 40
2026-04-09 06:33:05,217 | INFO | ali1688_goods_monitor |   15. 商品ID: 778105306124, 店铺: 林粉兰, SKU数: 1
2026-04-09 06:33:05,217 | INFO | ali1688_goods_monitor |   16. 商品ID: 854773109889, 店铺: 汕头市龙湖区熹萌喵玩具厂, SKU数: 1
2026-04-09 06:33:05,218 | INFO | ali1688_goods_monitor |   17. 商品ID: 1001253412551, 店铺: 汕头市澄海区贝晟玩具厂, SKU数: 7
2026-04-09 06:33:05,218 | INFO | ali1688_goods_monitor |   18. 商品ID: 909894706445, 店铺: 汕头市澄海区越来越聪明玩具厂, SKU数: 22
2026-04-09 06:33:05,218 | INFO | ali1688_goods_monitor |   19. 商品ID: 983142383790, 店铺: 东莞市狂蜂狂蚁科技有限公司, SKU数: None
2026-04-09 06:33:05,218 | INFO | ali1688_goods_monitor |   20. 商品ID: 695065852792, 店铺: 汕头市澄海区川宇玩具厂, SKU数: 2
2026-04-09 06:33:05,315 | INFO | ali1688_goods_monitor | 💾 第8/14批：已保存 20 个商品到数据库
2026-04-09 06:33:05,316 | INFO | ali1688_goods_monitor | ⏸️  随机暂停 6.0 秒...
2026-04-09 06:33:11,308 | INFO | ali1688_goods_monitor | 🔄 刷新页面，准备处理第 9 批...
2026-04-09 06:33:21,011 | INFO | ali1688_goods_monitor | 🔍 处理第 9/14 批，共 20 个商品
2026-04-09 06:33:21,012 | INFO | ali1688_goods_monitor | 📋 商品ID: 854420062122、653871136084、626387346293、984336119328、978648327291、834236928026、709904411964、847979472849、848295933948、939201456076、985101359570、900592605428、818121391220、668301084321、716733322460、955211708273、985879832920、847713406081、997742353743、906941705446
2026-04-09 06:33:21,016 | INFO | ali1688_goods_monitor | 🧩 选择搜索方式: 商品ID
2026-04-09 06:33:21,501 | INFO | ali1688_goods_monitor | 搜索的商品id是:854420062122、653871136084、626387346293、984336119328、978648327291、834236928026、709904411964、847979472849、848295933948、939201456076、985101359570、900592605428、818121391220、668301084321、716733322460、955211708273、985879832920、847713406081、997742353743、906941705446
2026-04-09 06:33:22,616 | INFO | ali1688_goods_monitor | ✅ 第 9 批筛选条件已设置
2026-04-09 06:33:25,619 | INFO | ali1688_goods_monitor | 开始获取商品:854420062122、653871136084、626387346293、984336119328、978648327291、834236928026、709904411964、847979472849、848295933948、939201456076、985101359570、900592605428、818121391220、668301084321、716733322460、955211708273、985879832920、847713406081、997742353743、906941705446的基本信息
2026-04-09 06:33:25,620 | INFO | ali1688_goods_monitor | ⏳ 等待点击【开始查询】并捕获 offerSearch 接口...
2026-04-09 06:33:26,177 | INFO | ali1688_goods_monitor | 商品列表返回码: 200
2026-04-09 06:33:26,178 | INFO | ali1688_goods_monitor | 🚀 开始捕获商品数据，共 19 个商品
2026-04-09 06:33:26,187 | INFO | ali1688_goods_monitor | ✅ 商品基本信息捕获完成，总耗时: 0.01秒
2026-04-09 06:33:26,190 | INFO | ali1688_goods_monitor |    - 商品数: 19
2026-04-09 06:33:26,191 | INFO | ali1688_goods_monitor | ✅ 第 9 批完成，获取到 19 个商品，0 个SKU
2026-04-09 06:33:26,195 | INFO | ali1688_goods_monitor | 📋 第 9 批商品信息:
2026-04-09 06:33:26,196 | INFO | ali1688_goods_monitor |   1. 商品ID: 939201456076, 店铺: 汕头市龙湖区熹萌喵玩具厂, SKU数: 7
2026-04-09 06:33:26,196 | INFO | ali1688_goods_monitor |   2. 商品ID: 955211708273, 店铺: 汕头市澄海区多美仕玩具厂, SKU数: 23
2026-04-09 06:33:26,197 | INFO | ali1688_goods_monitor |   3. 商品ID: 818121391220, 店铺: 义乌市零号电子商务商行, SKU数: 7
2026-04-09 06:33:26,197 | INFO | ali1688_goods_monitor |   4. 商品ID: 854420062122, 店铺: 汕头市龙湖区熹萌喵玩具厂, SKU数: 12
2026-04-09 06:33:26,197 | INFO | ali1688_goods_monitor |   5. 商品ID: 653871136084, 店铺: 汕头市未闻花名母婴用品有限公司, SKU数: 4
2026-04-09 06:33:26,197 | INFO | ali1688_goods_monitor |   6. 商品ID: 997742353743, 店铺: 义乌市胤潭电子商务商行, SKU数: 3
2026-04-09 06:33:26,197 | INFO | ali1688_goods_monitor |   7. 商品ID: 668301084321, 店铺: 深圳市铂瑞斯贸易有限公司, SKU数: 5
2026-04-09 06:33:26,197 | INFO | ali1688_goods_monitor |   8. 商品ID: 848295933948, 店铺: 汕头市龙湖区熹萌喵玩具厂, SKU数: 12
2026-04-09 06:33:26,197 | INFO | ali1688_goods_monitor |   9. 商品ID: 985101359570, 店铺: 义乌市栩磊电子商务商行, SKU数: 4
2026-04-09 06:33:26,197 | INFO | ali1688_goods_monitor |   10. 商品ID: 834236928026, 店铺: 深圳焦点创意电子科技发展有限公司, SKU数: 1
2026-04-09 06:33:26,198 | INFO | ali1688_goods_monitor |   11. 商品ID: 906941705446, 店铺: 义乌市双彩供应链有限公司, SKU数: 2
2026-04-09 06:33:26,198 | INFO | ali1688_goods_monitor |   12. 商品ID: 847713406081, 店铺: 汕头市龙湖区熹萌喵玩具厂, SKU数: 1
2026-04-09 06:33:26,198 | INFO | ali1688_goods_monitor |   13. 商品ID: 626387346293, 店铺: 汕头市嬉游记玩具有限公司, SKU数: 10
2026-04-09 06:33:26,198 | INFO | ali1688_goods_monitor |   14. 商品ID: 984336119328, 店铺: 汕头市澄海区泰旭玩具厂, SKU数: 3
2026-04-09 06:33:26,198 | INFO | ali1688_goods_monitor |   15. 商品ID: 985879832920, 店铺: 汕头市龙湖区熹萌喵玩具厂, SKU数: 4
2026-04-09 06:33:26,198 | INFO | ali1688_goods_monitor |   16. 商品ID: 709904411964, 店铺: 宿迁市俏楚贸易有限公司, SKU数: 24
2026-04-09 06:33:26,198 | INFO | ali1688_goods_monitor |   17. 商品ID: 716733322460, 店铺: 汕头市澄海区童萌趣玩具贸易商行, SKU数: 8
2026-04-09 06:33:26,199 | INFO | ali1688_goods_monitor |   18. 商品ID: 847979472849, 店铺: 汕头市龙湖区熹萌喵玩具厂, SKU数: 1
2026-04-09 06:33:26,199 | INFO | ali1688_goods_monitor |   19. 商品ID: 900592605428, 店铺: 汕头市龙湖区熹萌喵玩具厂, SKU数: 6
2026-04-09 06:33:26,281 | INFO | ali1688_goods_monitor | 💾 第9/14批：已保存 19 个商品到数据库
2026-04-09 06:33:26,281 | INFO | ali1688_goods_monitor | ⏸️  随机暂停 4.6 秒...
2026-04-09 06:33:30,881 | INFO | ali1688_goods_monitor | 🔄 刷新页面，准备处理第 10 批...
2026-04-09 06:33:40,301 | INFO | ali1688_goods_monitor | 🔍 处理第 10/14 批，共 20 个商品
2026-04-09 06:33:40,302 | INFO | ali1688_goods_monitor | 📋 商品ID: 975402784788、992713938362、998016077358、676772683627、991759687233、987237412445、847713406078、675557812438、946133528766、661664097697、987732400816、724154127228、672751050822、972523284067、661514670948、903149142386、686348979544、942621028118、678110916347、951586784136
2026-04-09 06:33:40,306 | INFO | ali1688_goods_monitor | 🧩 选择搜索方式: 商品ID
2026-04-09 06:33:40,768 | INFO | ali1688_goods_monitor | 搜索的商品id是:975402784788、992713938362、998016077358、676772683627、991759687233、987237412445、847713406078、675557812438、946133528766、661664097697、987732400816、724154127228、672751050822、972523284067、661514670948、903149142386、686348979544、942621028118、678110916347、951586784136
2026-04-09 06:33:41,898 | INFO | ali1688_goods_monitor | ✅ 第 10 批筛选条件已设置
2026-04-09 06:33:44,915 | INFO | ali1688_goods_monitor | 开始获取商品:975402784788、992713938362、998016077358、676772683627、991759687233、987237412445、847713406078、675557812438、946133528766、661664097697、987732400816、724154127228、672751050822、972523284067、661514670948、903149142386、686348979544、942621028118、678110916347、951586784136的基本信息
2026-04-09 06:33:44,916 | INFO | ali1688_goods_monitor | ⏳ 等待点击【开始查询】并捕获 offerSearch 接口...
2026-04-09 06:33:45,262 | INFO | ali1688_goods_monitor | 商品列表返回码: 200
2026-04-09 06:33:45,264 | INFO | ali1688_goods_monitor | 🚀 开始捕获商品数据，共 19 个商品
2026-04-09 06:33:45,266 | INFO | ali1688_goods_monitor | ✅ 商品基本信息捕获完成，总耗时: 0.00秒
2026-04-09 06:33:45,267 | INFO | ali1688_goods_monitor |    - 商品数: 19
2026-04-09 06:33:45,267 | INFO | ali1688_goods_monitor | ✅ 第 10 批完成，获取到 19 个商品，0 个SKU
2026-04-09 06:33:45,268 | INFO | ali1688_goods_monitor | 📋 第 10 批商品信息:
2026-04-09 06:33:45,268 | INFO | ali1688_goods_monitor |   1. 商品ID: 661514670948, 店铺: 汕头市嬉游记玩具有限公司, SKU数: 9
2026-04-09 06:33:45,268 | INFO | ali1688_goods_monitor |   2. 商品ID: 992713938362, 店铺: 深圳市品艺玩具有限公司, SKU数: 4
2026-04-09 06:33:45,269 | INFO | ali1688_goods_monitor |   3. 商品ID: 686348979544, 店铺: 深圳市易巧玩具有限公司, SKU数: 1
2026-04-09 06:33:45,269 | INFO | ali1688_goods_monitor |   4. 商品ID: 847713406078, 店铺: 汕头市龙湖区熹萌喵玩具厂, SKU数: 4
2026-04-09 06:33:45,272 | INFO | ali1688_goods_monitor |   5. 商品ID: 661664097697, 店铺: 汕头市俏娃玩具有限公司, SKU数: 2
2026-04-09 06:33:45,273 | INFO | ali1688_goods_monitor |   6. 商品ID: 678110916347, 店铺: 汕头市澄海区丰乐多玩具厂, SKU数: 9
2026-04-09 06:33:45,274 | INFO | ali1688_goods_monitor |   7. 商品ID: 672751050822, 店铺: 汕头市澄海区高美玩具厂, SKU数: 3
2026-04-09 06:33:45,274 | INFO | ali1688_goods_monitor |   8. 商品ID: 942621028118, 店铺: 汕头市澄海区孩艺宝玩具厂, SKU数: 20
2026-04-09 06:33:45,274 | INFO | ali1688_goods_monitor |   9. 商品ID: 946133528766, 店铺: 汕头市澄海区陶境玩具有限公司, SKU数: 4
2026-04-09 06:33:45,274 | INFO | ali1688_goods_monitor |   10. 商品ID: 676772683627, 店铺: 汕头市俏娃玩具有限公司, SKU数: 5
2026-04-09 06:33:45,275 | INFO | ali1688_goods_monitor |   11. 商品ID: 903149142386, 店铺: 汕头市龙湖区熹萌喵玩具厂, SKU数: 4
2026-04-09 06:33:45,279 | INFO | ali1688_goods_monitor |   12. 商品ID: 975402784788, 店铺: 汕头市硕维玩具有限公司, SKU数: 1
2026-04-09 06:33:45,279 | INFO | ali1688_goods_monitor |   13. 商品ID: 987237412445, 店铺: 汕头市澄海区童乐玩玩具厂, SKU数: 20
2026-04-09 06:33:45,279 | INFO | ali1688_goods_monitor |   14. 商品ID: 987732400816, 店铺: 汕头市澄海区新润洋玩具厂, SKU数: 1
2026-04-09 06:33:45,280 | INFO | ali1688_goods_monitor |   15. 商品ID: 991759687233, 店铺: 义乌市昭旭日用百货有限公司, SKU数: 6
2026-04-09 06:33:45,280 | INFO | ali1688_goods_monitor |   16. 商品ID: 724154127228, 店铺: 汕头市澄海区川宇玩具厂, SKU数: 6
2026-04-09 06:33:45,280 | INFO | ali1688_goods_monitor |   17. 商品ID: 998016077358, 店铺: 汕头市创爱旺科技有限公司, SKU数: 3
2026-04-09 06:33:45,280 | INFO | ali1688_goods_monitor |   18. 商品ID: 972523284067, 店铺: 汕头市澄海区华美乐玩具厂, SKU数: 1
2026-04-09 06:33:45,280 | INFO | ali1688_goods_monitor |   19. 商品ID: 675557812438, 店铺: 汕头市澄海区蛋宝玩具厂, SKU数: 1
2026-04-09 06:33:45,366 | INFO | ali1688_goods_monitor | 💾 第10/14批：已保存 19 个商品到数据库
2026-04-09 06:33:45,366 | INFO | ali1688_goods_monitor | ⏸️  随机暂停 7.0 秒...
2026-04-09 06:33:52,365 | INFO | ali1688_goods_monitor | 🔄 刷新页面，准备处理第 11 批...
2026-04-09 06:34:02,772 | INFO | ali1688_goods_monitor | 🔍 处理第 11/14 批，共 20 个商品
2026-04-09 06:34:02,772 | INFO | ali1688_goods_monitor | 📋 商品ID: 538297571141、670793076081、994715362159、969387993044、910382293640、986633373239、1027381048230、683872677220、1031769907868、990976789985、858770936676、646729482472、917025701974、854168645121、990260832462、992882388093、978968804889、848415574468、900563388108、895042686618
2026-04-09 06:34:02,776 | INFO | ali1688_goods_monitor | 🧩 选择搜索方式: 商品ID
2026-04-09 06:34:03,246 | INFO | ali1688_goods_monitor | 搜索的商品id是:538297571141、670793076081、994715362159、969387993044、910382293640、986633373239、1027381048230、683872677220、1031769907868、990976789985、858770936676、646729482472、917025701974、854168645121、990260832462、992882388093、978968804889、848415574468、900563388108、895042686618
2026-04-09 06:34:04,348 | INFO | ali1688_goods_monitor | ✅ 第 11 批筛选条件已设置
2026-04-09 06:34:07,362 | INFO | ali1688_goods_monitor | 开始获取商品:538297571141、670793076081、994715362159、969387993044、910382293640、986633373239、1027381048230、683872677220、1031769907868、990976789985、858770936676、646729482472、917025701974、854168645121、990260832462、992882388093、978968804889、848415574468、900563388108、895042686618的基本信息
2026-04-09 06:34:07,363 | INFO | ali1688_goods_monitor | ⏳ 等待点击【开始查询】并捕获 offerSearch 接口...
2026-04-09 06:34:08,116 | INFO | ali1688_goods_monitor | 商品列表返回码: 200
2026-04-09 06:34:08,117 | INFO | ali1688_goods_monitor | 🚀 开始捕获商品数据，共 20 个商品
2026-04-09 06:34:08,120 | INFO | ali1688_goods_monitor | ✅ 商品基本信息捕获完成，总耗时: 0.00秒
2026-04-09 06:34:08,120 | INFO | ali1688_goods_monitor |    - 商品数: 20
2026-04-09 06:34:08,120 | INFO | ali1688_goods_monitor | ✅ 第 11 批完成，获取到 20 个商品，0 个SKU
2026-04-09 06:34:08,120 | INFO | ali1688_goods_monitor | 📋 第 11 批商品信息:
2026-04-09 06:34:08,121 | INFO | ali1688_goods_monitor |   1. 商品ID: 990976789985, 店铺: 汕头市澄海区超慧丰贸易商行, SKU数: 16
2026-04-09 06:34:08,121 | INFO | ali1688_goods_monitor |   2. 商品ID: 992882388093, 店铺: 义乌市岚发贸易有限公司, SKU数: 3
2026-04-09 06:34:08,122 | INFO | ali1688_goods_monitor |   3. 商品ID: 900563388108, 店铺: 汕头市澄海区孩艺宝玩具厂, SKU数: 12
2026-04-09 06:34:08,122 | INFO | ali1688_goods_monitor |   4. 商品ID: 646729482472, 店铺: 汕头市澄海区创羽玩具贸易商行, SKU数: 6
2026-04-09 06:34:08,122 | INFO | ali1688_goods_monitor |   5. 商品ID: 683872677220, 店铺: 汕头市俏娃玩具有限公司, SKU数: 3
2026-04-09 06:34:08,123 | INFO | ali1688_goods_monitor |   6. 商品ID: 670793076081, 店铺: 汕头市澄海区实琪玩具有限公司, SKU数: 12
2026-04-09 06:34:08,123 | INFO | ali1688_goods_monitor |   7. 商品ID: 978968804889, 店铺: 汕头市澄海区境趣玩具商行, SKU数: 1
2026-04-09 06:34:08,123 | INFO | ali1688_goods_monitor |   8. 商品ID: 538297571141, 店铺: 深圳灿煜玩具有限公司, SKU数: 6
2026-04-09 06:34:08,124 | INFO | ali1688_goods_monitor |   9. 商品ID: 994715362159, 店铺: 汕头市澄海区臻棒玩具厂, SKU数: 14
2026-04-09 06:34:08,124 | INFO | ali1688_goods_monitor |   10. 商品ID: 848415574468, 店铺: 汕头市龙湖区熹萌喵玩具厂, SKU数: 1
2026-04-09 06:34:08,124 | INFO | ali1688_goods_monitor |   11. 商品ID: 969387993044, 店铺: 汕头市澄海区芽比玩具商行, SKU数: 20
2026-04-09 06:34:08,124 | INFO | ali1688_goods_monitor |   12. 商品ID: 895042686618, 店铺: 汕头市龙湖区熹萌喵玩具厂, SKU数: 2
2026-04-09 06:34:08,124 | INFO | ali1688_goods_monitor |   13. 商品ID: 990260832462, 店铺: 汕头市澄海区嘉贝施玩具商行, SKU数: 3
2026-04-09 06:34:08,124 | INFO | ali1688_goods_monitor |   14. 商品ID: 986633373239, 店铺: 汕头市嬉游记玩具有限公司, SKU数: 11
2026-04-09 06:34:08,124 | INFO | ali1688_goods_monitor |   15. 商品ID: 858770936676, 店铺: 义乌市星愿电子商务有限公司, SKU数: 2
2026-04-09 06:34:08,124 | INFO | ali1688_goods_monitor |   16. 商品ID: 854168645121, 店铺: 汕头市俏娃玩具有限公司, SKU数: 3
2026-04-09 06:34:08,125 | INFO | ali1688_goods_monitor |   17. 商品ID: 1031769907868, 店铺: 汕头市龙湖区莱之趣玩具商行（个体工商户）, SKU数: 6
2026-04-09 06:34:08,125 | INFO | ali1688_goods_monitor |   18. 商品ID: 917025701974, 店铺: 汕头市澄海区佳允玩具厂, SKU数: 8
2026-04-09 06:34:08,125 | INFO | ali1688_goods_monitor |   19. 商品ID: 910382293640, 店铺: 汕头市澄海区越来越聪明玩具厂, SKU数: 22
2026-04-09 06:34:08,125 | INFO | ali1688_goods_monitor |   20. 商品ID: 1027381048230, 店铺: 深圳市智其峰科技有限公司, SKU数: 36
2026-04-09 06:34:08,232 | INFO | ali1688_goods_monitor | 💾 第11/14批：已保存 20 个商品到数据库
2026-04-09 06:34:08,233 | INFO | ali1688_goods_monitor | ⏸️  随机暂停 3.5 秒...
2026-04-09 06:34:11,734 | INFO | ali1688_goods_monitor | 🔄 刷新页面，准备处理第 12 批...
2026-04-09 06:34:18,956 | INFO | ali1688_goods_monitor | 🔍 处理第 12/14 批，共 20 个商品
2026-04-09 06:34:18,957 | INFO | ali1688_goods_monitor | 📋 商品ID: 734736330484、985898832914、847993548322、1013917249205、1033404841463、1035850540780、992863648563、973255115593、643044757475、897059922290、973247771787、629652629026、984991416938、960725525521、1028239295024、634658078975、757454263904、728912992880、1001279554121、726064645781
2026-04-09 06:34:18,961 | INFO | ali1688_goods_monitor | 🧩 选择搜索方式: 商品ID
2026-04-09 06:34:19,439 | INFO | ali1688_goods_monitor | 搜索的商品id是:734736330484、985898832914、847993548322、1013917249205、1033404841463、1035850540780、992863648563、973255115593、643044757475、897059922290、973247771787、629652629026、984991416938、960725525521、1028239295024、634658078975、757454263904、728912992880、1001279554121、726064645781
2026-04-09 06:34:20,512 | INFO | ali1688_goods_monitor | ✅ 第 12 批筛选条件已设置
2026-04-09 06:34:23,513 | INFO | ali1688_goods_monitor | 开始获取商品:734736330484、985898832914、847993548322、1013917249205、1033404841463、1035850540780、992863648563、973255115593、643044757475、897059922290、973247771787、629652629026、984991416938、960725525521、1028239295024、634658078975、757454263904、728912992880、1001279554121、726064645781的基本信息
2026-04-09 06:34:23,514 | INFO | ali1688_goods_monitor | ⏳ 等待点击【开始查询】并捕获 offerSearch 接口...
2026-04-09 06:34:23,881 | INFO | ali1688_goods_monitor | 商品列表返回码: 200
2026-04-09 06:34:23,882 | INFO | ali1688_goods_monitor | 🚀 开始捕获商品数据，共 18 个商品
2026-04-09 06:34:23,884 | INFO | ali1688_goods_monitor | ✅ 商品基本信息捕获完成，总耗时: 0.00秒
2026-04-09 06:34:23,886 | INFO | ali1688_goods_monitor |    - 商品数: 18
2026-04-09 06:34:23,887 | INFO | ali1688_goods_monitor | ✅ 第 12 批完成，获取到 18 个商品，0 个SKU
2026-04-09 06:34:23,887 | INFO | ali1688_goods_monitor | 📋 第 12 批商品信息:
2026-04-09 06:34:23,887 | INFO | ali1688_goods_monitor |   1. 商品ID: 757454263904, 店铺: 汕头市恩游兔玩具有限公司, SKU数: 1
2026-04-09 06:34:23,887 | INFO | ali1688_goods_monitor |   2. 商品ID: 973247771787, 店铺: 汕头市澄海区萃婴乐玩具厂, SKU数: 2
2026-04-09 06:34:23,887 | INFO | ali1688_goods_monitor |   3. 商品ID: 992863648563, 店铺: 汕头市澄海区贝趣星玩具厂, SKU数: 11
2026-04-09 06:34:23,887 | INFO | ali1688_goods_monitor |   4. 商品ID: 897059922290, 店铺: 1688选品中心官方供应链, SKU数: 5
2026-04-09 06:34:23,888 | INFO | ali1688_goods_monitor |   5. 商品ID: 960725525521, 店铺: 汕头市龙湖区熹萌喵玩具厂, SKU数: 10
2026-04-09 06:34:23,888 | INFO | ali1688_goods_monitor |   6. 商品ID: 1035850540780, 店铺: 汕头市澄海区盛艺兴玩具厂, SKU数: 8
2026-04-09 06:34:23,888 | INFO | ali1688_goods_monitor |   7. 商品ID: 726064645781, 店铺: 汕头市澄海区奕欣玩具有限公司, SKU数: 6
2026-04-09 06:34:23,888 | INFO | ali1688_goods_monitor |   8. 商品ID: 728912992880, 店铺: 汕头市澄海区泓趣欢玩具厂, SKU数: 24
2026-04-09 06:34:23,888 | INFO | ali1688_goods_monitor |   9. 商品ID: 643044757475, 店铺: 汕头市稳住别浪玩具科技有限公司, SKU数: 41
2026-04-09 06:34:23,888 | INFO | ali1688_goods_monitor |   10. 商品ID: 634658078975, 店铺: 汕头市嬉游记玩具有限公司, SKU数: 16
2026-04-09 06:34:23,889 | INFO | ali1688_goods_monitor |   11. 商品ID: 973255115593, 店铺: 汕头市澄海区悦优佳玩具厂, SKU数: 36
2026-04-09 06:34:23,889 | INFO | ali1688_goods_monitor |   12. 商品ID: 1013917249205, 店铺: 广东佰思玩具有限公司, SKU数: 5
2026-04-09 06:34:23,889 | INFO | ali1688_goods_monitor |   13. 商品ID: 984991416938, 店铺: 汕头市龙湖区熹萌喵玩具厂, SKU数: 6
2026-04-09 06:34:23,889 | INFO | ali1688_goods_monitor |   14. 商品ID: 629652629026, 店铺: 汕头市嬉游记玩具有限公司, SKU数: 5
2026-04-09 06:34:23,889 | INFO | ali1688_goods_monitor |   15. 商品ID: 1033404841463, 店铺: 汕头市龙湖区莱之趣玩具商行（个体工商户）, SKU数: 4
2026-04-09 06:34:23,889 | INFO | ali1688_goods_monitor |   16. 商品ID: 847993548322, 店铺: 汕头市龙湖区熹萌喵玩具厂, SKU数: 3
2026-04-09 06:34:23,890 | INFO | ali1688_goods_monitor |   17. 商品ID: 1028239295024, 店铺: 汕头市澄海区东原玩具厂, SKU数: 1
2026-04-09 06:34:23,891 | INFO | ali1688_goods_monitor |   18. 商品ID: 1001279554121, 店铺: 汕头市澄海区金宝欢玩具商行, SKU数: 4
2026-04-09 06:34:23,974 | INFO | ali1688_goods_monitor | 💾 第12/14批：已保存 18 个商品到数据库
2026-04-09 06:34:23,974 | INFO | ali1688_goods_monitor | ⏸️  随机暂停 5.0 秒...
2026-04-09 06:34:28,936 | INFO | ali1688_goods_monitor | 🔄 刷新页面，准备处理第 13 批...
2026-04-09 06:34:36,092 | INFO | ali1688_goods_monitor | 🔍 处理第 13/14 批，共 20 个商品
2026-04-09 06:34:36,093 | INFO | ali1688_goods_monitor | 📋 商品ID: 795861191445、727364044091、894449366946、809233523760、990425215638、970781028572、929103621035、658391484708、990589043915、1031855101004、687729432138、858007859516、1024421346400、1001391447719、728364497329、952896839032、622513415473、974035321584、847969236799、969646541226
2026-04-09 06:34:36,096 | INFO | ali1688_goods_monitor | 🧩 选择搜索方式: 商品ID
2026-04-09 06:34:36,606 | INFO | ali1688_goods_monitor | 搜索的商品id是:795861191445、727364044091、894449366946、809233523760、990425215638、970781028572、929103621035、658391484708、990589043915、1031855101004、687729432138、858007859516、1024421346400、1001391447719、728364497329、952896839032、622513415473、974035321584、847969236799、969646541226
2026-04-09 06:34:37,684 | INFO | ali1688_goods_monitor | ✅ 第 13 批筛选条件已设置
2026-04-09 06:34:40,699 | INFO | ali1688_goods_monitor | 开始获取商品:795861191445、727364044091、894449366946、809233523760、990425215638、970781028572、929103621035、658391484708、990589043915、1031855101004、687729432138、858007859516、1024421346400、1001391447719、728364497329、952896839032、622513415473、974035321584、847969236799、969646541226的基本信息
2026-04-09 06:34:40,700 | INFO | ali1688_goods_monitor | ⏳ 等待点击【开始查询】并捕获 offerSearch 接口...
2026-04-09 06:34:41,109 | INFO | ali1688_goods_monitor | 商品列表返回码: 200
2026-04-09 06:34:41,110 | INFO | ali1688_goods_monitor | 🚀 开始捕获商品数据，共 20 个商品
2026-04-09 06:34:41,114 | INFO | ali1688_goods_monitor | ✅ 商品基本信息捕获完成，总耗时: 0.00秒
2026-04-09 06:34:41,115 | INFO | ali1688_goods_monitor |    - 商品数: 20
2026-04-09 06:34:41,115 | INFO | ali1688_goods_monitor | ✅ 第 13 批完成，获取到 20 个商品，0 个SKU
2026-04-09 06:34:41,115 | INFO | ali1688_goods_monitor | 📋 第 13 批商品信息:
2026-04-09 06:34:41,115 | INFO | ali1688_goods_monitor |   1. 商品ID: 1024421346400, 店铺: 深圳市金贝合科技有限公司, SKU数: 2
2026-04-09 06:34:41,115 | INFO | ali1688_goods_monitor |   2. 商品ID: 929103621035, 店铺: 汕头市鹿禾科教文化有限公司, SKU数: 6
2026-04-09 06:34:41,116 | INFO | ali1688_goods_monitor |   3. 商品ID: 858007859516, 店铺: 义乌市登妹贸易有限公司, SKU数: 2
2026-04-09 06:34:41,116 | INFO | ali1688_goods_monitor |   4. 商品ID: 809233523760, 店铺: 汕头市澄海区小筑班五金玩具厂, SKU数: 1
2026-04-09 06:34:41,116 | INFO | ali1688_goods_monitor |   5. 商品ID: 847969236799, 店铺: 汕头市龙湖区熹萌喵玩具厂, SKU数: 32
2026-04-09 06:34:41,116 | INFO | ali1688_goods_monitor |   6. 商品ID: 990425215638, 店铺: 汕头市澄海区汇熙宝玩具厂, SKU数: 5
2026-04-09 06:34:41,116 | INFO | ali1688_goods_monitor |   7. 商品ID: 969646541226, 店铺: 汕头市澄海区奋星玩具商行, SKU数: 11
2026-04-09 06:34:41,116 | INFO | ali1688_goods_monitor |   8. 商品ID: 1001391447719, 店铺: 汕头市才佳玩具有限公司, SKU数: 2
2026-04-09 06:34:41,117 | INFO | ali1688_goods_monitor |   9. 商品ID: 990589043915, 店铺: 义乌市辰秘科技有限公司, SKU数: 3
2026-04-09 06:34:41,117 | INFO | ali1688_goods_monitor |   10. 商品ID: 795861191445, 店铺: 义乌市卡登电子商务有限公司, SKU数: 6
2026-04-09 06:34:41,117 | INFO | ali1688_goods_monitor |   11. 商品ID: 974035321584, 店铺: 汕头市澄海区聚诚乐玩具厂, SKU数: 5
2026-04-09 06:34:41,117 | INFO | ali1688_goods_monitor |   12. 商品ID: 658391484708, 店铺: 汕头市澄海区柏嘉盛玩具商行, SKU数: 12
2026-04-09 06:34:41,117 | INFO | ali1688_goods_monitor |   13. 商品ID: 622513415473, 店铺: 汕头市嬉游记玩具有限公司, SKU数: 4
2026-04-09 06:34:41,117 | INFO | ali1688_goods_monitor |   14. 商品ID: 727364044091, 店铺: 汕头市澄海区实琪玩具有限公司, SKU数: 7
2026-04-09 06:34:41,118 | INFO | ali1688_goods_monitor |   15. 商品ID: 970781028572, 店铺: 汕头市俏娃玩具有限公司, SKU数: 1
2026-04-09 06:34:41,118 | INFO | ali1688_goods_monitor |   16. 商品ID: 728364497329, 店铺: 广东佰思玩具有限公司, SKU数: 5
2026-04-09 06:34:41,118 | INFO | ali1688_goods_monitor |   17. 商品ID: 687729432138, 店铺: 深圳巨变科技有限公司, SKU数: 1
2026-04-09 06:34:41,118 | INFO | ali1688_goods_monitor |   18. 商品ID: 894449366946, 店铺: 汕头市澄海区雅尚腾玩具厂(个体工商户), SKU数: 30
2026-04-09 06:34:41,118 | INFO | ali1688_goods_monitor |   19. 商品ID: 952896839032, 店铺: 汕头市俏娃玩具有限公司, SKU数: 3
2026-04-09 06:34:41,119 | INFO | ali1688_goods_monitor |   20. 商品ID: 1031855101004, 店铺: 汕头市澄海区尤纳兴玩具商行, SKU数: 7
2026-04-09 06:34:41,219 | INFO | ali1688_goods_monitor | 💾 第13/14批：已保存 20 个商品到数据库
2026-04-09 06:34:41,219 | INFO | ali1688_goods_monitor | ⏸️  随机暂停 4.6 秒...
2026-04-09 06:34:45,839 | INFO | ali1688_goods_monitor | 🔄 刷新页面，准备处理第 14 批...
2026-04-09 06:34:55,681 | INFO | ali1688_goods_monitor | 🔍 处理第 14/14 批，共 15 个商品
2026-04-09 06:34:55,682 | INFO | ali1688_goods_monitor | 📋 商品ID: 751554304142、863983065199、775392792723、857784361057、734549030910、713699292120、750175006113、927867865604、621194315291、954152497198、854259763574、982635289066、999695394272、947764418500、963819028092
2026-04-09 06:34:55,689 | INFO | ali1688_goods_monitor | 🧩 选择搜索方式: 商品ID
2026-04-09 06:34:56,179 | INFO | ali1688_goods_monitor | 搜索的商品id是:751554304142、863983065199、775392792723、857784361057、734549030910、713699292120、750175006113、927867865604、621194315291、954152497198、854259763574、982635289066、999695394272、947764418500、963819028092
2026-04-09 06:34:57,279 | INFO | ali1688_goods_monitor | ✅ 第 14 批筛选条件已设置
2026-04-09 06:35:00,284 | INFO | ali1688_goods_monitor | 开始获取商品:751554304142、863983065199、775392792723、857784361057、734549030910、713699292120、750175006113、927867865604、621194315291、954152497198、854259763574、982635289066、999695394272、947764418500、963819028092的基本信息
2026-04-09 06:35:00,284 | INFO | ali1688_goods_monitor | ⏳ 等待点击【开始查询】并捕获 offerSearch 接口...
2026-04-09 06:35:00,845 | INFO | ali1688_goods_monitor | 商品列表返回码: 200
2026-04-09 06:35:00,846 | INFO | ali1688_goods_monitor | 🚀 开始捕获商品数据，共 15 个商品
2026-04-09 06:35:00,851 | INFO | ali1688_goods_monitor | ✅ 商品基本信息捕获完成，总耗时: 0.00秒
2026-04-09 06:35:00,852 | INFO | ali1688_goods_monitor |    - 商品数: 15
2026-04-09 06:35:00,852 | INFO | ali1688_goods_monitor | ✅ 第 14 批完成，获取到 15 个商品，0 个SKU
2026-04-09 06:35:00,852 | INFO | ali1688_goods_monitor | 📋 第 14 批商品信息:
2026-04-09 06:35:00,852 | INFO | ali1688_goods_monitor |   1. 商品ID: 775392792723, 店铺: 汕头市澄海区方米狸玩具厂, SKU数: 25
2026-04-09 06:35:00,853 | INFO | ali1688_goods_monitor |   2. 商品ID: 734549030910, 店铺: 汕头市澄海区萃婴乐玩具厂, SKU数: 14
2026-04-09 06:35:00,854 | INFO | ali1688_goods_monitor |   3. 商品ID: 621194315291, 店铺: 深圳市纵新电子科技有限公司, SKU数: 4
2026-04-09 06:35:00,854 | INFO | ali1688_goods_monitor |   4. 商品ID: 713699292120, 店铺: 汕头市正鹰科教玩具有限公司, SKU数: 9
2026-04-09 06:35:00,855 | INFO | ali1688_goods_monitor |   5. 商品ID: 751554304142, 店铺: 汕头市嬉游记玩具有限公司, SKU数: 2
2026-04-09 06:35:00,855 | INFO | ali1688_goods_monitor |   6. 商品ID: 863983065199, 店铺: 汕头澄海区启迪恩玩具商行, SKU数: 1
2026-04-09 06:35:00,856 | INFO | ali1688_goods_monitor |   7. 商品ID: 750175006113, 店铺: 汕头市澄海区轮转玩具商行, SKU数: 1
2026-04-09 06:35:00,856 | INFO | ali1688_goods_monitor |   8. 商品ID: 947764418500, 店铺: 杜恒广, SKU数: 1
2026-04-09 06:35:00,858 | INFO | ali1688_goods_monitor |   9. 商品ID: 954152497198, 店铺: 汕头市乐享贝比贸易有限公司, SKU数: 6
2026-04-09 06:35:00,859 | INFO | ali1688_goods_monitor |   10. 商品ID: 963819028092, 店铺: 汕头市龙湖区熹萌喵玩具厂, SKU数: 2
2026-04-09 06:35:00,862 | INFO | ali1688_goods_monitor |   11. 商品ID: 857784361057, 店铺: 汕头市龙湖区熹萌喵玩具厂, SKU数: 10
2026-04-09 06:35:00,862 | INFO | ali1688_goods_monitor |   12. 商品ID: 927867865604, 店铺: 汕头市龙湖区熹萌喵玩具厂, SKU数: 18
2026-04-09 06:35:00,862 | INFO | ali1688_goods_monitor |   13. 商品ID: 854259763574, 店铺: 汕头市龙湖区熹萌喵玩具厂, SKU数: 1
2026-04-09 06:35:00,863 | INFO | ali1688_goods_monitor |   14. 商品ID: 982635289066, 店铺: 汕头市创爱旺科技有限公司, SKU数: 26
2026-04-09 06:35:00,863 | INFO | ali1688_goods_monitor |   15. 商品ID: 999695394272, 店铺: 义乌市大愚玩具有限公司, SKU数: 5
2026-04-09 06:35:00,935 | INFO | ali1688_goods_monitor | 💾 第14/14批：已保存 15 个商品到数据库
2026-04-09 06:35:00,935 | INFO | ali1688_goods_monitor | 🎉 第一阶段完成，共获取 268 个商品基本信息
2026-04-09 06:35:00,936 | INFO | ali1688_goods_monitor | ============================================================
2026-04-09 06:35:00,936 | INFO | ali1688_goods_monitor | 📊 第二阶段：获取SKU信息
2026-04-09 06:35:00,937 | INFO | ali1688_goods_monitor | ============================================================
2026-04-09 06:35:00,937 | INFO | ali1688_goods_monitor | 🔍 准备获取 268 个商品的SKU信息...
2026-04-09 06:35:00,937 | INFO | ali1688_goods_monitor | 📋 即将获取SKU的商品列表:
2026-04-09 06:35:00,937 | INFO | ali1688_goods_monitor |   1. https://detail.1688.com/offer/903613869442.html (SKU数: 4)
2026-04-09 06:35:00,937 | INFO | ali1688_goods_monitor |   2. https://detail.1688.com/offer/1026068947837.html (SKU数: 3)
2026-04-09 06:35:00,938 | INFO | ali1688_goods_monitor |   3. https://detail.1688.com/offer/928700805986.html (SKU数: 2)
2026-04-09 06:35:00,938 | INFO | ali1688_goods_monitor |   4. https://detail.1688.com/offer/1005984550667.html (SKU数: 36)
2026-04-09 06:35:00,938 | INFO | ali1688_goods_monitor |   5. https://detail.1688.com/offer/835170979856.html (SKU数: 10)
2026-04-09 06:35:00,938 | INFO | ali1688_goods_monitor |   6. https://detail.1688.com/offer/968280048908.html (SKU数: 31)
2026-04-09 06:35:00,938 | INFO | ali1688_goods_monitor |   7. https://detail.1688.com/offer/971080031926.html (SKU数: 3)
2026-04-09 06:35:00,938 | INFO | ali1688_goods_monitor |   8. https://detail.1688.com/offer/943395574791.html (SKU数: 1)
2026-04-09 06:35:00,938 | INFO | ali1688_goods_monitor |   9. https://detail.1688.com/offer/617837580726.html (SKU数: 2)
2026-04-09 06:35:00,939 | INFO | ali1688_goods_monitor |   10. https://detail.1688.com/offer/971037620206.html (SKU数: 1)
2026-04-09 06:35:00,939 | INFO | ali1688_goods_monitor |   11. https://detail.1688.com/offer/1040782952704.html (SKU数: 1)
2026-04-09 06:35:00,939 | INFO | ali1688_goods_monitor |   12. https://detail.1688.com/offer/954713432833.html (SKU数: 2)
2026-04-09 06:35:00,939 | INFO | ali1688_goods_monitor |   13. https://detail.1688.com/offer/1016515592011.html (SKU数: 4)
2026-04-09 06:35:00,939 | INFO | ali1688_goods_monitor |   14. https://detail.1688.com/offer/807432916292.html (SKU数: 24)
2026-04-09 06:35:00,939 | INFO | ali1688_goods_monitor |   15. https://detail.1688.com/offer/812259607012.html (SKU数: 39)
2026-04-09 06:35:00,940 | INFO | ali1688_goods_monitor |   16. https://detail.1688.com/offer/982634945037.html (SKU数: 26)
2026-04-09 06:35:00,940 | INFO | ali1688_goods_monitor |   17. https://detail.1688.com/offer/798059727032.html (SKU数: 16)
2026-04-09 06:35:00,940 | INFO | ali1688_goods_monitor |   18. https://detail.1688.com/offer/979203908708.html (SKU数: 24)
2026-04-09 06:35:00,940 | INFO | ali1688_goods_monitor |   19. https://detail.1688.com/offer/1003272185431.html (SKU数: 5)
2026-04-09 06:35:00,940 | INFO | ali1688_goods_monitor |   20. https://detail.1688.com/offer/833661915665.html (SKU数: 1)
2026-04-09 06:35:00,940 | INFO | ali1688_goods_monitor |   21. https://detail.1688.com/offer/990409899841.html (SKU数: 1)
2026-04-09 06:35:00,940 | INFO | ali1688_goods_monitor |   22. https://detail.1688.com/offer/1025513853144.html (SKU数: 8)
2026-04-09 06:35:00,941 | INFO | ali1688_goods_monitor |   23. https://detail.1688.com/offer/991935831793.html (SKU数: 3)
2026-04-09 06:35:00,941 | INFO | ali1688_goods_monitor |   24. https://detail.1688.com/offer/907762599791.html (SKU数: 10)
2026-04-09 06:35:00,942 | INFO | ali1688_goods_monitor |   25. https://detail.1688.com/offer/969366546749.html (SKU数: 1)
2026-04-09 06:35:00,942 | INFO | ali1688_goods_monitor |   26. https://detail.1688.com/offer/741922490714.html (SKU数: 2)
2026-04-09 06:35:00,942 | INFO | ali1688_goods_monitor |   27. https://detail.1688.com/offer/590591825369.html (SKU数: 22)
2026-04-09 06:35:00,942 | INFO | ali1688_goods_monitor |   28. https://detail.1688.com/offer/776195311997.html (SKU数: 1)
2026-04-09 06:35:00,942 | INFO | ali1688_goods_monitor |   29. https://detail.1688.com/offer/875034473523.html (SKU数: 3)
2026-04-09 06:35:00,943 | INFO | ali1688_goods_monitor |   30. https://detail.1688.com/offer/812514770228.html (SKU数: 2)
2026-04-09 06:35:00,944 | INFO | ali1688_goods_monitor |   31. https://detail.1688.com/offer/1013037690222.html (SKU数: 1)
2026-04-09 06:35:00,944 | INFO | ali1688_goods_monitor |   32. https://detail.1688.com/offer/889385901298.html (SKU数: 3)
2026-04-09 06:35:00,944 | INFO | ali1688_goods_monitor |   33. https://detail.1688.com/offer/903636127402.html (SKU数: 3)
2026-04-09 06:35:00,945 | INFO | ali1688_goods_monitor |   34. https://detail.1688.com/offer/979396013303.html (SKU数: 1)
2026-04-09 06:35:00,945 | INFO | ali1688_goods_monitor |   35. https://detail.1688.com/offer/962746907189.html (SKU数: 4)
2026-04-09 06:35:00,945 | INFO | ali1688_goods_monitor |   36. https://detail.1688.com/offer/895285249007.html (SKU数: 36)
2026-04-09 06:35:00,945 | INFO | ali1688_goods_monitor |   37. https://detail.1688.com/offer/894936744591.html (SKU数: 16)
2026-04-09 06:35:00,946 | INFO | ali1688_goods_monitor |   38. https://detail.1688.com/offer/811139889293.html (SKU数: 8)
2026-04-09 06:35:00,946 | INFO | ali1688_goods_monitor |   39. https://detail.1688.com/offer/970715744477.html (SKU数: 1)
2026-04-09 06:35:00,946 | INFO | ali1688_goods_monitor |   40. https://detail.1688.com/offer/677301391721.html (SKU数: 5)
2026-04-09 06:35:00,946 | INFO | ali1688_goods_monitor |   41. https://detail.1688.com/offer/847794753111.html (SKU数: 4)
2026-04-09 06:35:00,946 | INFO | ali1688_goods_monitor |   42. https://detail.1688.com/offer/826873938709.html (SKU数: 1)
2026-04-09 06:35:00,946 | INFO | ali1688_goods_monitor |   43. https://detail.1688.com/offer/951035484615.html (SKU数: 29)
2026-04-09 06:35:00,947 | INFO | ali1688_goods_monitor |   44. https://detail.1688.com/offer/976178977054.html (SKU数: 5)
2026-04-09 06:35:00,947 | INFO | ali1688_goods_monitor |   45. https://detail.1688.com/offer/950726478383.html (SKU数: 13)
2026-04-09 06:35:00,947 | INFO | ali1688_goods_monitor |   46. https://detail.1688.com/offer/994662909434.html (SKU数: 3)
2026-04-09 06:35:00,947 | INFO | ali1688_goods_monitor |   47. https://detail.1688.com/offer/992071730825.html (SKU数: 3)
2026-04-09 06:35:00,947 | INFO | ali1688_goods_monitor |   48. https://detail.1688.com/offer/856805654657.html (SKU数: 1)
2026-04-09 06:35:00,947 | INFO | ali1688_goods_monitor |   49. https://detail.1688.com/offer/998051010590.html (SKU数: 4)
2026-04-09 06:35:00,948 | INFO | ali1688_goods_monitor |   50. https://detail.1688.com/offer/902961760235.html (SKU数: 4)
2026-04-09 06:35:00,948 | INFO | ali1688_goods_monitor |   51. https://detail.1688.com/offer/677709968233.html (SKU数: 5)
2026-04-09 06:35:00,948 | INFO | ali1688_goods_monitor |   52. https://detail.1688.com/offer/992251601092.html (SKU数: 3)
2026-04-09 06:35:00,948 | INFO | ali1688_goods_monitor |   53. https://detail.1688.com/offer/1000398364752.html (SKU数: 4)
2026-04-09 06:35:00,948 | INFO | ali1688_goods_monitor |   54. https://detail.1688.com/offer/900967422750.html (SKU数: 22)
2026-04-09 06:35:00,948 | INFO | ali1688_goods_monitor |   55. https://detail.1688.com/offer/628617576125.html (SKU数: 5)
2026-04-09 06:35:00,949 | INFO | ali1688_goods_monitor |   56. https://detail.1688.com/offer/847495122732.html (SKU数: 3)
2026-04-09 06:35:00,949 | INFO | ali1688_goods_monitor |   57. https://detail.1688.com/offer/970377098770.html (SKU数: 37)
2026-04-09 06:35:00,949 | INFO | ali1688_goods_monitor |   58. https://detail.1688.com/offer/799083276279.html (SKU数: 3)
2026-04-09 06:35:00,949 | INFO | ali1688_goods_monitor |   59. https://detail.1688.com/offer/681658732090.html (SKU数: 1)
2026-04-09 06:35:00,949 | INFO | ali1688_goods_monitor |   60. https://detail.1688.com/offer/996059989352.html (SKU数: 3)
2026-04-09 06:35:00,949 | INFO | ali1688_goods_monitor |   61. https://detail.1688.com/offer/902473655388.html (SKU数: 1)
2026-04-09 06:35:00,950 | INFO | ali1688_goods_monitor |   62. https://detail.1688.com/offer/703551244918.html (SKU数: 3)
2026-04-09 06:35:00,950 | INFO | ali1688_goods_monitor |   63. https://detail.1688.com/offer/890407614753.html (SKU数: 17)
2026-04-09 06:35:00,950 | INFO | ali1688_goods_monitor |   64. https://detail.1688.com/offer/898439171537.html (SKU数: 14)
2026-04-09 06:35:00,950 | INFO | ali1688_goods_monitor |   65. https://detail.1688.com/offer/899704194303.html (SKU数: 12)
2026-04-09 06:35:00,950 | INFO | ali1688_goods_monitor |   66. https://detail.1688.com/offer/840249263873.html (SKU数: 8)
2026-04-09 06:35:00,950 | INFO | ali1688_goods_monitor |   67. https://detail.1688.com/offer/43695296576.html (SKU数: 2)
2026-04-09 06:35:00,950 | INFO | ali1688_goods_monitor |   68. https://detail.1688.com/offer/956573560393.html (SKU数: 3)
2026-04-09 06:35:00,951 | INFO | ali1688_goods_monitor |   69. https://detail.1688.com/offer/789633522584.html (SKU数: 1)
2026-04-09 06:35:00,951 | INFO | ali1688_goods_monitor |   70. https://detail.1688.com/offer/979471208168.html (SKU数: 1)
2026-04-09 06:35:00,951 | INFO | ali1688_goods_monitor |   71. https://detail.1688.com/offer/999142031933.html (SKU数: 1)
2026-04-09 06:35:00,951 | INFO | ali1688_goods_monitor |   72. https://detail.1688.com/offer/873614306333.html (SKU数: 5)
2026-04-09 06:35:00,951 | INFO | ali1688_goods_monitor |   73. https://detail.1688.com/offer/1007062397648.html (SKU数: 4)
2026-04-09 06:35:00,951 | INFO | ali1688_goods_monitor |   74. https://detail.1688.com/offer/890654399053.html (SKU数: 22)
2026-04-09 06:35:00,952 | INFO | ali1688_goods_monitor |   75. https://detail.1688.com/offer/950670074468.html (SKU数: 36)
2026-04-09 06:35:00,952 | INFO | ali1688_goods_monitor |   76. https://detail.1688.com/offer/832304702315.html (SKU数: 5)
2026-04-09 06:35:00,952 | INFO | ali1688_goods_monitor |   77. https://detail.1688.com/offer/702199084381.html (SKU数: 21)
2026-04-09 06:35:00,952 | INFO | ali1688_goods_monitor |   78. https://detail.1688.com/offer/1000255776437.html (SKU数: 3)
2026-04-09 06:35:00,952 | INFO | ali1688_goods_monitor |   79. https://detail.1688.com/offer/746411095420.html (SKU数: 6)
2026-04-09 06:35:00,952 | INFO | ali1688_goods_monitor |   80. https://detail.1688.com/offer/993465198242.html (SKU数: 7)
2026-04-09 06:35:00,952 | INFO | ali1688_goods_monitor |   81. https://detail.1688.com/offer/853399095646.html (SKU数: 15)
2026-04-09 06:35:00,953 | INFO | ali1688_goods_monitor |   82. https://detail.1688.com/offer/852501307622.html (SKU数: 1)
2026-04-09 06:35:00,953 | INFO | ali1688_goods_monitor |   83. https://detail.1688.com/offer/671840552108.html (SKU数: 8)
2026-04-09 06:35:00,953 | INFO | ali1688_goods_monitor |   84. https://detail.1688.com/offer/927205288673.html (SKU数: 4)
2026-04-09 06:35:00,953 | INFO | ali1688_goods_monitor |   85. https://detail.1688.com/offer/1009966785995.html (SKU数: 4)
2026-04-09 06:35:00,953 | INFO | ali1688_goods_monitor |   86. https://detail.1688.com/offer/859584630627.html (SKU数: 4)
2026-04-09 06:35:00,953 | INFO | ali1688_goods_monitor |   87. https://detail.1688.com/offer/991070192317.html (SKU数: 11)
2026-04-09 06:35:00,954 | INFO | ali1688_goods_monitor |   88. https://detail.1688.com/offer/998859559585.html (SKU数: 11)
2026-04-09 06:35:00,954 | INFO | ali1688_goods_monitor |   89. https://detail.1688.com/offer/985206853035.html (SKU数: 2)
2026-04-09 06:35:00,954 | INFO | ali1688_goods_monitor |   90. https://detail.1688.com/offer/992800642545.html (SKU数: 3)
2026-04-09 06:35:00,954 | INFO | ali1688_goods_monitor |   91. https://detail.1688.com/offer/873771926327.html (SKU数: 34)
2026-04-09 06:35:00,954 | INFO | ali1688_goods_monitor |   92. https://detail.1688.com/offer/652994949606.html (SKU数: 4)
2026-04-09 06:35:00,954 | INFO | ali1688_goods_monitor |   93. https://detail.1688.com/offer/975762015590.html (SKU数: 6)
2026-04-09 06:35:00,955 | INFO | ali1688_goods_monitor |   94. https://detail.1688.com/offer/928580021030.html (SKU数: 2)
2026-04-09 06:35:00,955 | INFO | ali1688_goods_monitor |   95. https://detail.1688.com/offer/836899798919.html (SKU数: 9)
2026-04-09 06:35:00,955 | INFO | ali1688_goods_monitor |   96. https://detail.1688.com/offer/990618054916.html (SKU数: 3)
2026-04-09 06:35:00,955 | INFO | ali1688_goods_monitor |   97. https://detail.1688.com/offer/632300625030.html (SKU数: 1)
2026-04-09 06:35:00,955 | INFO | ali1688_goods_monitor |   98. https://detail.1688.com/offer/950658287741.html (SKU数: 18)
2026-04-09 06:35:00,955 | INFO | ali1688_goods_monitor |   99. https://detail.1688.com/offer/970542473882.html (SKU数: 5)
2026-04-09 06:35:00,956 | INFO | ali1688_goods_monitor |   100. https://detail.1688.com/offer/729749403422.html (SKU数: 7)
2026-04-09 06:35:00,956 | INFO | ali1688_goods_monitor |   101. https://detail.1688.com/offer/991823064917.html (SKU数: 8)
2026-04-09 06:35:00,956 | INFO | ali1688_goods_monitor |   102. https://detail.1688.com/offer/662598267674.html (SKU数: 4)
2026-04-09 06:35:00,956 | INFO | ali1688_goods_monitor |   103. https://detail.1688.com/offer/895439014120.html (SKU数: 8)
2026-04-09 06:35:00,956 | INFO | ali1688_goods_monitor |   104. https://detail.1688.com/offer/847990628509.html (SKU数: 8)
2026-04-09 06:35:00,956 | INFO | ali1688_goods_monitor |   105. https://detail.1688.com/offer/621865712164.html (SKU数: 8)
2026-04-09 06:35:00,957 | INFO | ali1688_goods_monitor |   106. https://detail.1688.com/offer/994237964153.html (SKU数: 7)
2026-04-09 06:35:00,959 | INFO | ali1688_goods_monitor |   107. https://detail.1688.com/offer/948334688543.html (SKU数: 22)
2026-04-09 06:35:00,959 | INFO | ali1688_goods_monitor |   108. https://detail.1688.com/offer/993354315037.html (SKU数: 11)
2026-04-09 06:35:00,960 | INFO | ali1688_goods_monitor |   109. https://detail.1688.com/offer/864653527961.html (SKU数: 1)
2026-04-09 06:35:00,960 | INFO | ali1688_goods_monitor |   110. https://detail.1688.com/offer/997795598539.html (SKU数: 3)
2026-04-09 06:35:00,960 | INFO | ali1688_goods_monitor |   111. https://detail.1688.com/offer/692940339011.html (SKU数: 3)
2026-04-09 06:35:00,961 | INFO | ali1688_goods_monitor |   112. https://detail.1688.com/offer/930446969722.html (SKU数: 2)
2026-04-09 06:35:00,961 | INFO | ali1688_goods_monitor |   113. https://detail.1688.com/offer/849820903779.html (SKU数: 4)
2026-04-09 06:35:00,962 | INFO | ali1688_goods_monitor |   114. https://detail.1688.com/offer/978651830599.html (SKU数: 2)
2026-04-09 06:35:00,962 | INFO | ali1688_goods_monitor |   115. https://detail.1688.com/offer/854253039240.html (SKU数: 2)
2026-04-09 06:35:00,962 | INFO | ali1688_goods_monitor |   116. https://detail.1688.com/offer/746416939989.html (SKU数: 2)
2026-04-09 06:35:00,962 | INFO | ali1688_goods_monitor |   117. https://detail.1688.com/offer/847781001778.html (SKU数: 4)
2026-04-09 06:35:00,963 | INFO | ali1688_goods_monitor |   118. https://detail.1688.com/offer/962546716755.html (SKU数: 3)
2026-04-09 06:35:00,963 | INFO | ali1688_goods_monitor |   119. https://detail.1688.com/offer/991467576950.html (SKU数: 40)
2026-04-09 06:35:00,963 | INFO | ali1688_goods_monitor |   120. https://detail.1688.com/offer/1006668462460.html (SKU数: 12)
2026-04-09 06:35:00,963 | INFO | ali1688_goods_monitor |   121. https://detail.1688.com/offer/924140770781.html (SKU数: 2)
2026-04-09 06:35:00,963 | INFO | ali1688_goods_monitor |   122. https://detail.1688.com/offer/773383798724.html (SKU数: 10)
2026-04-09 06:35:00,963 | INFO | ali1688_goods_monitor |   123. https://detail.1688.com/offer/675880303102.html (SKU数: 1)
2026-04-09 06:35:00,964 | INFO | ali1688_goods_monitor |   124. https://detail.1688.com/offer/811638208514.html (SKU数: 3)
2026-04-09 06:35:00,964 | INFO | ali1688_goods_monitor |   125. https://detail.1688.com/offer/952611726643.html (SKU数: 2)
2026-04-09 06:35:00,964 | INFO | ali1688_goods_monitor |   126. https://detail.1688.com/offer/847784309788.html (SKU数: 2)
2026-04-09 06:35:00,964 | INFO | ali1688_goods_monitor |   127. https://detail.1688.com/offer/926941651375.html (SKU数: 10)
2026-04-09 06:35:00,964 | INFO | ali1688_goods_monitor |   128. https://detail.1688.com/offer/986179889619.html (SKU数: 3)
2026-04-09 06:35:00,965 | INFO | ali1688_goods_monitor |   129. https://detail.1688.com/offer/920664381969.html (SKU数: 4)
2026-04-09 06:35:00,965 | INFO | ali1688_goods_monitor |   130. https://detail.1688.com/offer/848195784663.html (SKU数: 6)
2026-04-09 06:35:00,965 | INFO | ali1688_goods_monitor |   131. https://detail.1688.com/offer/995364912374.html (SKU数: 3)
2026-04-09 06:35:00,965 | INFO | ali1688_goods_monitor |   132. https://detail.1688.com/offer/997359995216.html (SKU数: 4)
2026-04-09 06:35:00,965 | INFO | ali1688_goods_monitor |   133. https://detail.1688.com/offer/985998626047.html (SKU数: 4)
2026-04-09 06:35:00,965 | INFO | ali1688_goods_monitor |   134. https://detail.1688.com/offer/915854311158.html (SKU数: 5)
2026-04-09 06:35:00,966 | INFO | ali1688_goods_monitor |   135. https://detail.1688.com/offer/999860867159.html (SKU数: 1)
2026-04-09 06:35:00,966 | INFO | ali1688_goods_monitor |   136. https://detail.1688.com/offer/813592780236.html (SKU数: 2)
2026-04-09 06:35:00,966 | INFO | ali1688_goods_monitor |   137. https://detail.1688.com/offer/917143716667.html (SKU数: 4)
2026-04-09 06:35:00,966 | INFO | ali1688_goods_monitor |   138. https://detail.1688.com/offer/855494409051.html (SKU数: 4)
2026-04-09 06:35:00,966 | INFO | ali1688_goods_monitor |   139. https://detail.1688.com/offer/1039821084728.html (SKU数: None)
2026-04-09 06:35:00,966 | INFO | ali1688_goods_monitor |   140. https://detail.1688.com/offer/662629659424.html (SKU数: 4)
2026-04-09 06:35:00,967 | INFO | ali1688_goods_monitor |   141. https://detail.1688.com/offer/796066732390.html (SKU数: 6)
2026-04-09 06:35:00,967 | INFO | ali1688_goods_monitor |   142. https://detail.1688.com/offer/833863806015.html (SKU数: 5)
2026-04-09 06:35:00,967 | INFO | ali1688_goods_monitor |   143. https://detail.1688.com/offer/678640196785.html (SKU数: 8)
2026-04-09 06:35:00,967 | INFO | ali1688_goods_monitor |   144. https://detail.1688.com/offer/918745003737.html (SKU数: 6)
2026-04-09 06:35:00,967 | INFO | ali1688_goods_monitor |   145. https://detail.1688.com/offer/968025059447.html (SKU数: 6)
2026-04-09 06:35:00,967 | INFO | ali1688_goods_monitor |   146. https://detail.1688.com/offer/969889694254.html (SKU数: 27)
2026-04-09 06:35:00,968 | INFO | ali1688_goods_monitor |   147. https://detail.1688.com/offer/990374779412.html (SKU数: 3)
2026-04-09 06:35:00,968 | INFO | ali1688_goods_monitor |   148. https://detail.1688.com/offer/903214944988.html (SKU数: 1)
2026-04-09 06:35:00,968 | INFO | ali1688_goods_monitor |   149. https://detail.1688.com/offer/973730524327.html (SKU数: 11)
2026-04-09 06:35:00,968 | INFO | ali1688_goods_monitor |   150. https://detail.1688.com/offer/1000261330427.html (SKU数: 1)
2026-04-09 06:35:00,968 | INFO | ali1688_goods_monitor |   151. https://detail.1688.com/offer/989391144530.html (SKU数: 40)
2026-04-09 06:35:00,968 | INFO | ali1688_goods_monitor |   152. https://detail.1688.com/offer/778105306124.html (SKU数: 1)
2026-04-09 06:35:00,969 | INFO | ali1688_goods_monitor |   153. https://detail.1688.com/offer/854773109889.html (SKU数: 1)
2026-04-09 06:35:00,969 | INFO | ali1688_goods_monitor |   154. https://detail.1688.com/offer/1001253412551.html (SKU数: 7)
2026-04-09 06:35:00,969 | INFO | ali1688_goods_monitor |   155. https://detail.1688.com/offer/909894706445.html (SKU数: 22)
2026-04-09 06:35:00,969 | INFO | ali1688_goods_monitor |   156. https://detail.1688.com/offer/983142383790.html (SKU数: None)
2026-04-09 06:35:00,969 | INFO | ali1688_goods_monitor |   157. https://detail.1688.com/offer/695065852792.html (SKU数: 2)
2026-04-09 06:35:00,969 | INFO | ali1688_goods_monitor |   158. https://detail.1688.com/offer/939201456076.html (SKU数: 7)
2026-04-09 06:35:00,969 | INFO | ali1688_goods_monitor |   159. https://detail.1688.com/offer/955211708273.html (SKU数: 23)
2026-04-09 06:35:00,970 | INFO | ali1688_goods_monitor |   160. https://detail.1688.com/offer/818121391220.html (SKU数: 7)
2026-04-09 06:35:00,970 | INFO | ali1688_goods_monitor |   161. https://detail.1688.com/offer/854420062122.html (SKU数: 12)
2026-04-09 06:35:00,970 | INFO | ali1688_goods_monitor |   162. https://detail.1688.com/offer/653871136084.html (SKU数: 4)
2026-04-09 06:35:00,970 | INFO | ali1688_goods_monitor |   163. https://detail.1688.com/offer/997742353743.html (SKU数: 3)
2026-04-09 06:35:00,970 | INFO | ali1688_goods_monitor |   164. https://detail.1688.com/offer/668301084321.html (SKU数: 5)
2026-04-09 06:35:00,970 | INFO | ali1688_goods_monitor |   165. https://detail.1688.com/offer/848295933948.html (SKU数: 12)
2026-04-09 06:35:00,971 | INFO | ali1688_goods_monitor |   166. https://detail.1688.com/offer/985101359570.html (SKU数: 4)
2026-04-09 06:35:00,971 | INFO | ali1688_goods_monitor |   167. https://detail.1688.com/offer/834236928026.html (SKU数: 1)
2026-04-09 06:35:00,971 | INFO | ali1688_goods_monitor |   168. https://detail.1688.com/offer/906941705446.html (SKU数: 2)
2026-04-09 06:35:00,971 | INFO | ali1688_goods_monitor |   169. https://detail.1688.com/offer/847713406081.html (SKU数: 1)
2026-04-09 06:35:00,971 | INFO | ali1688_goods_monitor |   170. https://detail.1688.com/offer/626387346293.html (SKU数: 10)
2026-04-09 06:35:00,971 | INFO | ali1688_goods_monitor |   171. https://detail.1688.com/offer/984336119328.html (SKU数: 3)
2026-04-09 06:35:00,972 | INFO | ali1688_goods_monitor |   172. https://detail.1688.com/offer/985879832920.html (SKU数: 4)
2026-04-09 06:35:00,972 | INFO | ali1688_goods_monitor |   173. https://detail.1688.com/offer/709904411964.html (SKU数: 24)
2026-04-09 06:35:00,972 | INFO | ali1688_goods_monitor |   174. https://detail.1688.com/offer/716733322460.html (SKU数: 8)
2026-04-09 06:35:00,972 | INFO | ali1688_goods_monitor |   175. https://detail.1688.com/offer/847979472849.html (SKU数: 1)
2026-04-09 06:35:00,972 | INFO | ali1688_goods_monitor |   176. https://detail.1688.com/offer/900592605428.html (SKU数: 6)
2026-04-09 06:35:00,972 | INFO | ali1688_goods_monitor |   177. https://detail.1688.com/offer/661514670948.html (SKU数: 9)
2026-04-09 06:35:00,972 | INFO | ali1688_goods_monitor |   178. https://detail.1688.com/offer/992713938362.html (SKU数: 4)
2026-04-09 06:35:00,975 | INFO | ali1688_goods_monitor |   179. https://detail.1688.com/offer/686348979544.html (SKU数: 1)
2026-04-09 06:35:00,975 | INFO | ali1688_goods_monitor |   180. https://detail.1688.com/offer/847713406078.html (SKU数: 4)
2026-04-09 06:35:00,975 | INFO | ali1688_goods_monitor |   181. https://detail.1688.com/offer/661664097697.html (SKU数: 2)
2026-04-09 06:35:00,975 | INFO | ali1688_goods_monitor |   182. https://detail.1688.com/offer/678110916347.html (SKU数: 9)
2026-04-09 06:35:00,975 | INFO | ali1688_goods_monitor |   183. https://detail.1688.com/offer/672751050822.html (SKU数: 3)
2026-04-09 06:35:00,976 | INFO | ali1688_goods_monitor |   184. https://detail.1688.com/offer/942621028118.html (SKU数: 20)
2026-04-09 06:35:00,976 | INFO | ali1688_goods_monitor |   185. https://detail.1688.com/offer/946133528766.html (SKU数: 4)
2026-04-09 06:35:00,977 | INFO | ali1688_goods_monitor |   186. https://detail.1688.com/offer/676772683627.html (SKU数: 5)
2026-04-09 06:35:00,977 | INFO | ali1688_goods_monitor |   187. https://detail.1688.com/offer/903149142386.html (SKU数: 4)
2026-04-09 06:35:00,978 | INFO | ali1688_goods_monitor |   188. https://detail.1688.com/offer/975402784788.html (SKU数: 1)
2026-04-09 06:35:00,978 | INFO | ali1688_goods_monitor |   189. https://detail.1688.com/offer/987237412445.html (SKU数: 20)
2026-04-09 06:35:00,978 | INFO | ali1688_goods_monitor |   190. https://detail.1688.com/offer/987732400816.html (SKU数: 1)
2026-04-09 06:35:00,978 | INFO | ali1688_goods_monitor |   191. https://detail.1688.com/offer/991759687233.html (SKU数: 6)
2026-04-09 06:35:00,978 | INFO | ali1688_goods_monitor |   192. https://detail.1688.com/offer/724154127228.html (SKU数: 6)
2026-04-09 06:35:00,979 | INFO | ali1688_goods_monitor |   193. https://detail.1688.com/offer/998016077358.html (SKU数: 3)
2026-04-09 06:35:00,979 | INFO | ali1688_goods_monitor |   194. https://detail.1688.com/offer/972523284067.html (SKU数: 1)
2026-04-09 06:35:00,979 | INFO | ali1688_goods_monitor |   195. https://detail.1688.com/offer/675557812438.html (SKU数: 1)
2026-04-09 06:35:00,979 | INFO | ali1688_goods_monitor |   196. https://detail.1688.com/offer/990976789985.html (SKU数: 16)
2026-04-09 06:35:00,979 | INFO | ali1688_goods_monitor |   197. https://detail.1688.com/offer/992882388093.html (SKU数: 3)
2026-04-09 06:35:00,980 | INFO | ali1688_goods_monitor |   198. https://detail.1688.com/offer/900563388108.html (SKU数: 12)
2026-04-09 06:35:00,980 | INFO | ali1688_goods_monitor |   199. https://detail.1688.com/offer/646729482472.html (SKU数: 6)
2026-04-09 06:35:00,980 | INFO | ali1688_goods_monitor |   200. https://detail.1688.com/offer/683872677220.html (SKU数: 3)
2026-04-09 06:35:00,980 | INFO | ali1688_goods_monitor |   201. https://detail.1688.com/offer/670793076081.html (SKU数: 12)
2026-04-09 06:35:00,980 | INFO | ali1688_goods_monitor |   202. https://detail.1688.com/offer/978968804889.html (SKU数: 1)
2026-04-09 06:35:00,980 | INFO | ali1688_goods_monitor |   203. https://detail.1688.com/offer/538297571141.html (SKU数: 6)
2026-04-09 06:35:00,981 | INFO | ali1688_goods_monitor |   204. https://detail.1688.com/offer/994715362159.html (SKU数: 14)
2026-04-09 06:35:00,981 | INFO | ali1688_goods_monitor |   205. https://detail.1688.com/offer/848415574468.html (SKU数: 1)
2026-04-09 06:35:00,981 | INFO | ali1688_goods_monitor |   206. https://detail.1688.com/offer/969387993044.html (SKU数: 20)
2026-04-09 06:35:00,981 | INFO | ali1688_goods_monitor |   207. https://detail.1688.com/offer/895042686618.html (SKU数: 2)
2026-04-09 06:35:00,981 | INFO | ali1688_goods_monitor |   208. https://detail.1688.com/offer/990260832462.html (SKU数: 3)
2026-04-09 06:35:00,982 | INFO | ali1688_goods_monitor |   209. https://detail.1688.com/offer/986633373239.html (SKU数: 11)
2026-04-09 06:35:00,982 | INFO | ali1688_goods_monitor |   210. https://detail.1688.com/offer/858770936676.html (SKU数: 2)
2026-04-09 06:35:00,982 | INFO | ali1688_goods_monitor |   211. https://detail.1688.com/offer/854168645121.html (SKU数: 3)
2026-04-09 06:35:00,982 | INFO | ali1688_goods_monitor |   212. https://detail.1688.com/offer/1031769907868.html (SKU数: 6)
2026-04-09 06:35:00,982 | INFO | ali1688_goods_monitor |   213. https://detail.1688.com/offer/917025701974.html (SKU数: 8)
2026-04-09 06:35:00,982 | INFO | ali1688_goods_monitor |   214. https://detail.1688.com/offer/910382293640.html (SKU数: 22)
2026-04-09 06:35:00,982 | INFO | ali1688_goods_monitor |   215. https://detail.1688.com/offer/1027381048230.html (SKU数: 36)
2026-04-09 06:35:00,983 | INFO | ali1688_goods_monitor |   216. https://detail.1688.com/offer/757454263904.html (SKU数: 1)
2026-04-09 06:35:00,983 | INFO | ali1688_goods_monitor |   217. https://detail.1688.com/offer/973247771787.html (SKU数: 2)
2026-04-09 06:35:00,983 | INFO | ali1688_goods_monitor |   218. https://detail.1688.com/offer/992863648563.html (SKU数: 11)
2026-04-09 06:35:00,983 | INFO | ali1688_goods_monitor |   219. https://detail.1688.com/offer/897059922290.html (SKU数: 5)
2026-04-09 06:35:00,983 | INFO | ali1688_goods_monitor |   220. https://detail.1688.com/offer/960725525521.html (SKU数: 10)
2026-04-09 06:35:00,983 | INFO | ali1688_goods_monitor |   221. https://detail.1688.com/offer/1035850540780.html (SKU数: 8)
2026-04-09 06:35:00,984 | INFO | ali1688_goods_monitor |   222. https://detail.1688.com/offer/726064645781.html (SKU数: 6)
2026-04-09 06:35:00,984 | INFO | ali1688_goods_monitor |   223. https://detail.1688.com/offer/728912992880.html (SKU数: 24)
2026-04-09 06:35:00,984 | INFO | ali1688_goods_monitor |   224. https://detail.1688.com/offer/643044757475.html (SKU数: 41)
2026-04-09 06:35:00,984 | INFO | ali1688_goods_monitor |   225. https://detail.1688.com/offer/634658078975.html (SKU数: 16)
2026-04-09 06:35:00,984 | INFO | ali1688_goods_monitor |   226. https://detail.1688.com/offer/973255115593.html (SKU数: 36)
2026-04-09 06:35:00,984 | INFO | ali1688_goods_monitor |   227. https://detail.1688.com/offer/1013917249205.html (SKU数: 5)
2026-04-09 06:35:00,985 | INFO | ali1688_goods_monitor |   228. https://detail.1688.com/offer/984991416938.html (SKU数: 6)
2026-04-09 06:35:00,985 | INFO | ali1688_goods_monitor |   229. https://detail.1688.com/offer/629652629026.html (SKU数: 5)
2026-04-09 06:35:00,985 | INFO | ali1688_goods_monitor |   230. https://detail.1688.com/offer/1033404841463.html (SKU数: 4)
2026-04-09 06:35:00,985 | INFO | ali1688_goods_monitor |   231. https://detail.1688.com/offer/847993548322.html (SKU数: 3)
2026-04-09 06:35:00,985 | INFO | ali1688_goods_monitor |   232. https://detail.1688.com/offer/1028239295024.html (SKU数: 1)
2026-04-09 06:35:00,985 | INFO | ali1688_goods_monitor |   233. https://detail.1688.com/offer/1001279554121.html (SKU数: 4)
2026-04-09 06:35:00,985 | INFO | ali1688_goods_monitor |   234. https://detail.1688.com/offer/1024421346400.html (SKU数: 2)
2026-04-09 06:35:00,986 | INFO | ali1688_goods_monitor |   235. https://detail.1688.com/offer/929103621035.html (SKU数: 6)
2026-04-09 06:35:00,986 | INFO | ali1688_goods_monitor |   236. https://detail.1688.com/offer/858007859516.html (SKU数: 2)
2026-04-09 06:35:00,986 | INFO | ali1688_goods_monitor |   237. https://detail.1688.com/offer/809233523760.html (SKU数: 1)
2026-04-09 06:35:00,986 | INFO | ali1688_goods_monitor |   238. https://detail.1688.com/offer/847969236799.html (SKU数: 32)
2026-04-09 06:35:00,986 | INFO | ali1688_goods_monitor |   239. https://detail.1688.com/offer/990425215638.html (SKU数: 5)
2026-04-09 06:35:00,986 | INFO | ali1688_goods_monitor |   240. https://detail.1688.com/offer/969646541226.html (SKU数: 11)
2026-04-09 06:35:00,987 | INFO | ali1688_goods_monitor |   241. https://detail.1688.com/offer/1001391447719.html (SKU数: 2)
2026-04-09 06:35:00,987 | INFO | ali1688_goods_monitor |   242. https://detail.1688.com/offer/990589043915.html (SKU数: 3)
2026-04-09 06:35:00,987 | INFO | ali1688_goods_monitor |   243. https://detail.1688.com/offer/795861191445.html (SKU数: 6)
2026-04-09 06:35:00,987 | INFO | ali1688_goods_monitor |   244. https://detail.1688.com/offer/974035321584.html (SKU数: 5)
2026-04-09 06:35:00,987 | INFO | ali1688_goods_monitor |   245. https://detail.1688.com/offer/658391484708.html (SKU数: 12)
2026-04-09 06:35:00,987 | INFO | ali1688_goods_monitor |   246. https://detail.1688.com/offer/622513415473.html (SKU数: 4)
2026-04-09 06:35:00,988 | INFO | ali1688_goods_monitor |   247. https://detail.1688.com/offer/727364044091.html (SKU数: 7)
2026-04-09 06:35:00,990 | INFO | ali1688_goods_monitor |   248. https://detail.1688.com/offer/970781028572.html (SKU数: 1)
2026-04-09 06:35:00,990 | INFO | ali1688_goods_monitor |   249. https://detail.1688.com/offer/728364497329.html (SKU数: 5)
2026-04-09 06:35:00,991 | INFO | ali1688_goods_monitor |   250. https://detail.1688.com/offer/687729432138.html (SKU数: 1)
2026-04-09 06:35:00,991 | INFO | ali1688_goods_monitor |   251. https://detail.1688.com/offer/894449366946.html (SKU数: 30)
2026-04-09 06:35:00,991 | INFO | ali1688_goods_monitor |   252. https://detail.1688.com/offer/952896839032.html (SKU数: 3)
2026-04-09 06:35:00,991 | INFO | ali1688_goods_monitor |   253. https://detail.1688.com/offer/1031855101004.html (SKU数: 7)
2026-04-09 06:35:00,991 | INFO | ali1688_goods_monitor |   254. https://detail.1688.com/offer/775392792723.html (SKU数: 25)
2026-04-09 06:35:00,992 | INFO | ali1688_goods_monitor |   255. https://detail.1688.com/offer/734549030910.html (SKU数: 14)
2026-04-09 06:35:00,992 | INFO | ali1688_goods_monitor |   256. https://detail.1688.com/offer/621194315291.html (SKU数: 4)
2026-04-09 06:35:00,992 | INFO | ali1688_goods_monitor |   257. https://detail.1688.com/offer/713699292120.html (SKU数: 9)
2026-04-09 06:35:00,992 | INFO | ali1688_goods_monitor |   258. https://detail.1688.com/offer/751554304142.html (SKU数: 2)
2026-04-09 06:35:00,992 | INFO | ali1688_goods_monitor |   259. https://detail.1688.com/offer/863983065199.html (SKU数: 1)
2026-04-09 06:35:00,993 | INFO | ali1688_goods_monitor |   260. https://detail.1688.com/offer/750175006113.html (SKU数: 1)
2026-04-09 06:35:00,993 | INFO | ali1688_goods_monitor |   261. https://detail.1688.com/offer/947764418500.html (SKU数: 1)
2026-04-09 06:35:00,993 | INFO | ali1688_goods_monitor |   262. https://detail.1688.com/offer/954152497198.html (SKU数: 6)
2026-04-09 06:35:00,994 | INFO | ali1688_goods_monitor |   263. https://detail.1688.com/offer/963819028092.html (SKU数: 2)
2026-04-09 06:35:00,994 | INFO | ali1688_goods_monitor |   264. https://detail.1688.com/offer/857784361057.html (SKU数: 10)
2026-04-09 06:35:00,994 | INFO | ali1688_goods_monitor |   265. https://detail.1688.com/offer/927867865604.html (SKU数: 18)
2026-04-09 06:35:00,994 | INFO | ali1688_goods_monitor |   266. https://detail.1688.com/offer/854259763574.html (SKU数: 1)
2026-04-09 06:35:00,995 | INFO | ali1688_goods_monitor |   267. https://detail.1688.com/offer/982635289066.html (SKU数: 26)
2026-04-09 06:35:00,995 | INFO | ali1688_goods_monitor |   268. https://detail.1688.com/offer/999695394272.html (SKU数: 5)
2026-04-09 06:35:02,110 | INFO | ali1688_goods_monitor | ============================================================
2026-04-09 06:35:02,110 | INFO | ali1688_goods_monitor | 🔍 开始获取SKU信息...
2026-04-09 06:35:02,113 | INFO | ali1688_goods_monitor | 📦 共 268 个商品需要获取SKU
2026-04-09 06:35:02,113 | INFO | ali1688_goods_monitor | ============================================================
2026-04-09 06:35:02,113 | INFO | ali1688_goods_monitor | 🚀 初始化SKU获取浏览器...
2026-04-09 06:35:03,727 | INFO | ali1688_goods_monitor | 🔐 登录店雷达...
2026-04-09 06:35:20,612 | INFO | ali1688_goods_monitor | 🔍 [1/268] 获取SKU: https://detail.1688.com/offer/903613869442.html
2026-04-09 06:35:40,608 | INFO | ali1688_goods_monitor | 14：检测到滑块
2026-04-09 06:36:44,244 | WARNING | ali1688_goods_monitor |    ⚠️ 未获取到SKU数据
2026-04-09 06:36:44,247 | INFO | ali1688_goods_monitor |    ⏳ 等待 1.6 秒后继续...
2026-04-09 06:36:45,873 | INFO | ali1688_goods_monitor | 🔍 [2/268] 获取SKU: https://detail.1688.com/offer/1026068947837.html
2026-04-09 06:37:45,888 | WARNING | ali1688_goods_monitor |    ⚠️ 未获取到SKU数据
2026-04-09 06:37:45,892 | INFO | ali1688_goods_monitor |    ⏳ 等待 1.5 秒后继续...
2026-04-09 06:37:47,377 | INFO | ali1688_goods_monitor | 🔍 [3/268] 获取SKU: https://detail.1688.com/offer/928700805986.html
2026-04-09 06:38:46,890 | WARNING | ali1688_goods_monitor |    ⚠️ 未获取到SKU数据
2026-04-09 06:38:46,894 | INFO | ali1688_goods_monitor |    ⏳ 等待 1.4 秒后继续...
2026-04-09 06:38:48,342 | INFO | ali1688_goods_monitor | 🔍 [4/268] 获取SKU: https://detail.1688.com/offer/1005984550667.html
2026-04-09 06:39:48,183 | WARNING | ali1688_goods_monitor |    ⚠️ 未获取到SKU数据
2026-04-09 06:39:48,186 | INFO | ali1688_goods_monitor |    ⏳ 等待 1.7 秒后继续...
2026-04-09 06:39:49,942 | INFO | ali1688_goods_monitor | 🔍 [5/268] 获取SKU: https://detail.1688.com/offer/835170979856.html
2026-04-09 06:40:49,879 | WARNING | ali1688_goods_monitor |    ⚠️ 未获取到SKU数据
2026-04-09 06:40:49,883 | INFO | ali1688_goods_monitor |    ⏳ 等待 2.5 秒后继续...
2026-04-09 06:40:52,390 | INFO | ali1688_goods_monitor | 🔍 [6/268] 获取SKU: https://detail.1688.com/offer/968280048908.html
2026-04-09 06:41:52,949 | WARNING | ali1688_goods_monitor |    ⚠️ 未获取到SKU数据
2026-04-09 06:41:52,952 | INFO | ali1688_goods_monitor |    ⏳ 等待 1.5 秒后继续...
2026-04-09 06:41:54,467 | INFO | ali1688_goods_monitor | 🔍 [7/268] 获取SKU: https://detail.1688.com/offer/971080031926.html
2026-04-09 06:42:53,989 | WARNING | ali1688_goods_monitor |    ⚠️ 未获取到SKU数据
2026-04-09 06:42:53,993 | INFO | ali1688_goods_monitor |    ⏳ 等待 1.4 秒后继续...
2026-04-09 06:42:55,450 | INFO | ali1688_goods_monitor | 🔍 [8/268] 获取SKU: https://detail.1688.com/offer/943395574791.html
2026-04-09 06:43:54,916 | WARNING | ali1688_goods_monitor |    ⚠️ 未获取到SKU数据
2026-04-09 06:43:54,919 | INFO | ali1688_goods_monitor |    ⏳ 等待 1.9 秒后继续...
2026-04-09 06:43:56,857 | INFO | ali1688_goods_monitor | 🔍 [9/268] 获取SKU: https://detail.1688.com/offer/617837580726.html
2026-04-09 06:44:56,474 | WARNING | ali1688_goods_monitor |    ⚠️ 未获取到SKU数据
2026-04-09 06:44:56,478 | INFO | ali1688_goods_monitor |    ⏳ 等待 1.6 秒后继续...
2026-04-09 06:44:58,062 | INFO | ali1688_goods_monitor | 🔍 [10/268] 获取SKU: https://detail.1688.com/offer/971037620206.html
2026-04-09 06:45:57,264 | WARNING | ali1688_goods_monitor |    ⚠️ 未获取到SKU数据
2026-04-09 06:45:57,268 | INFO | ali1688_goods_monitor |    ⏳ 等待 2.3 秒后继续...
2026-04-09 06:45:59,546 | INFO | ali1688_goods_monitor | 🔍 [11/268] 获取SKU: https://detail.1688.com/offer/1040782952704.html
2026-04-09 06:46:58,897 | WARNING | ali1688_goods_monitor |    ⚠️ 未获取到SKU数据
2026-04-09 06:46:58,901 | INFO | ali1688_goods_monitor |    ⏳ 等待 1.7 秒后继续...
2026-04-09 06:47:00,605 | INFO | ali1688_goods_monitor | 🔍 [12/268] 获取SKU: https://detail.1688.com/offer/954713432833.html
2026-04-09 06:48:00,073 | WARNING | ali1688_goods_monitor |    ⚠️ 未获取到SKU数据
2026-04-09 06:48:00,077 | INFO | ali1688_goods_monitor |    ⏳ 等待 1.8 秒后继续...
2026-04-09 06:48:01,901 | INFO | ali1688_goods_monitor | 🔍 [13/268] 获取SKU: https://detail.1688.com/offer/1016515592011.html
2026-04-09 06:49:01,185 | WARNING | ali1688_goods_monitor |    ⚠️ 未获取到SKU数据
2026-04-09 06:49:01,189 | INFO | ali1688_goods_monitor |    ⏳ 等待 1.5 秒后继续...
2026-04-09 06:49:02,716 | INFO | ali1688_goods_monitor | 🔍 [14/268] 获取SKU: https://detail.1688.com/offer/807432916292.html
2026-04-09 06:50:02,595 | WARNING | ali1688_goods_monitor |    ⚠️ 未获取到SKU数据
2026-04-09 06:50:02,598 | INFO | ali1688_goods_monitor |    ⏳ 等待 1.3 秒后继续...
2026-04-09 06:50:03,910 | INFO | ali1688_goods_monitor | 🔍 [15/268] 获取SKU: https://detail.1688.com/offer/812259607012.html
2026-04-09 06:51:04,404 | WARNING | ali1688_goods_monitor |    ⚠️ 未获取到SKU数据
2026-04-09 06:51:04,409 | INFO | ali1688_goods_monitor |    ⏳ 等待 2.1 秒后继续...
2026-04-09 06:51:06,548 | INFO | ali1688_goods_monitor | 🔍 [16/268] 获取SKU: https://detail.1688.com/offer/982634945037.html
2026-04-09 06:52:06,411 | WARNING | ali1688_goods_monitor |    ⚠️ 未获取到SKU数据
2026-04-09 06:52:06,415 | INFO | ali1688_goods_monitor |    ⏳ 等待 2.2 秒后继续...
2026-04-09 06:52:08,600 | INFO | ali1688_goods_monitor | 🔍 [17/268] 获取SKU: https://detail.1688.com/offer/798059727032.html
2026-04-09 06:53:09,032 | WARNING | ali1688_goods_monitor |    ⚠️ 未获取到SKU数据
2026-04-09 06:53:09,036 | INFO | ali1688_goods_monitor |    ⏳ 等待 1.4 秒后继续...
2026-04-09 06:53:10,447 | INFO | ali1688_goods_monitor | 🔍 [18/268] 获取SKU: https://detail.1688.com/offer/979203908708.html
2026-04-09 06:54:10,122 | WARNING | ali1688_goods_monitor |    ⚠️ 未获取到SKU数据
2026-04-09 06:54:10,126 | INFO | ali1688_goods_monitor |    ⏳ 等待 1.3 秒后继续...
2026-04-09 06:54:11,469 | INFO | ali1688_goods_monitor | 🔍 [19/268] 获取SKU: https://detail.1688.com/offer/1003272185431.html
2026-04-09 06:55:10,887 | WARNING | ali1688_goods_monitor |    ⚠️ 未获取到SKU数据
2026-04-09 06:55:10,891 | INFO | ali1688_goods_monitor |    ⏳ 等待 1.6 秒后继续...
2026-04-09 06:55:12,489 | INFO | ali1688_goods_monitor | 🔍 [20/268] 获取SKU: https://detail.1688.com/offer/833661915665.html
2026-04-09 06:56:11,961 | WARNING | ali1688_goods_monitor |    ⚠️ 未获取到SKU数据
2026-04-09 06:56:11,964 | INFO | ali1688_goods_monitor |    ⏳ 等待 2.0 秒后继续...
2026-04-09 06:56:13,942 | INFO | ali1688_goods_monitor | 🔍 [21/268] 获取SKU: https://detail.1688.com/offer/990409899841.html
2026-04-09 06:57:13,577 | WARNING | ali1688_goods_monitor |    ⚠️ 未获取到SKU数据
2026-04-09 06:57:13,581 | INFO | ali1688_goods_monitor |    ⏳ 等待 1.4 秒后继续...
2026-04-09 06:57:14,973 | INFO | ali1688_goods_monitor | 🔍 [22/268] 获取SKU: https://detail.1688.com/offer/1025513853144.html
2026-04-09 06:58:14,788 | WARNING | ali1688_goods_monitor |    ⚠️ 未获取到SKU数据
2026-04-09 06:58:14,792 | INFO | ali1688_goods_monitor |    ⏳ 等待 2.1 秒后继续...
2026-04-09 06:58:16,920 | INFO | ali1688_goods_monitor | 🔍 [23/268] 获取SKU: https://detail.1688.com/offer/991935831793.html
2026-04-09 06:59:16,349 | WARNING | ali1688_goods_monitor |    ⚠️ 未获取到SKU数据
2026-04-09 06:59:16,352 | INFO | ali1688_goods_monitor |    ⏳ 等待 1.9 秒后继续...
2026-04-09 06:59:18,251 | INFO | ali1688_goods_monitor | 🔍 [24/268] 获取SKU: https://detail.1688.com/offer/907762599791.html
2026-04-09 07:00:18,035 | WARNING | ali1688_goods_monitor |    ⚠️ 未获取到SKU数据
2026-04-09 07:00:18,038 | INFO | ali1688_goods_monitor |    ⏳ 等待 2.5 秒后继续...
2026-04-09 07:00:20,535 | INFO | ali1688_goods_monitor | 🔍 [25/268] 获取SKU: https://detail.1688.com/offer/969366546749.html
2026-04-09 07:01:19,784 | WARNING | ali1688_goods_monitor |    ⚠️ 未获取到SKU数据
2026-04-09 07:01:19,788 | INFO | ali1688_goods_monitor |    ⏳ 等待 1.7 秒后继续...
2026-04-09 07:01:21,484 | INFO | ali1688_goods_monitor | 🔍 [26/268] 获取SKU: https://detail.1688.com/offer/741922490714.html
2026-04-09 07:02:20,892 | WARNING | ali1688_goods_monitor |    ⚠️ 未获取到SKU数据
2026-04-09 07:02:20,896 | INFO | ali1688_goods_monitor |    ⏳ 等待 1.4 秒后继续...
2026-04-09 07:02:22,321 | INFO | ali1688_goods_monitor | 🔍 [27/268] 获取SKU: https://detail.1688.com/offer/590591825369.html
2026-04-09 07:03:22,439 | WARNING | ali1688_goods_monitor |    ⚠️ 未获取到SKU数据
2026-04-09 07:03:22,444 | INFO | ali1688_goods_monitor |    ⏳ 等待 2.5 秒后继续...
2026-04-09 07:03:24,943 | INFO | ali1688_goods_monitor | 🔍 [28/268] 获取SKU: https://detail.1688.com/offer/776195311997.html
2026-04-09 07:04:24,979 | WARNING | ali1688_goods_monitor |    ⚠️ 未获取到SKU数据
2026-04-09 07:04:24,983 | INFO | ali1688_goods_monitor |    ⏳ 等待 2.1 秒后继续...
2026-04-09 07:04:27,062 | INFO | ali1688_goods_monitor | 🔍 [29/268] 获取SKU: https://detail.1688.com/offer/875034473523.html
2026-04-09 07:05:26,464 | WARNING | ali1688_goods_monitor |    ⚠️ 未获取到SKU数据
2026-04-09 07:05:26,468 | INFO | ali1688_goods_monitor |    ⏳ 等待 1.8 秒后继续...
2026-04-09 07:05:28,252 | INFO | ali1688_goods_monitor | 🔍 [30/268] 获取SKU: https://detail.1688.com/offer/812514770228.html
2026-04-09 07:06:27,698 | WARNING | ali1688_goods_monitor |    ⚠️ 未获取到SKU数据
2026-04-09 07:06:27,703 | INFO | ali1688_goods_monitor |    ⏳ 等待 1.4 秒后继续...
2026-04-09 07:06:29,144 | INFO | ali1688_goods_monitor | 🔍 [31/268] 获取SKU: https://detail.1688.com/offer/1013037690222.html
2026-04-09 07:07:28,337 | WARNING | ali1688_goods_monitor |    ⚠️ 未获取到SKU数据
2026-04-09 07:07:28,341 | INFO | ali1688_goods_monitor |    ⏳ 等待 1.9 秒后继续...
2026-04-09 07:07:30,237 | INFO | ali1688_goods_monitor | 🔍 [32/268] 获取SKU: https://detail.1688.com/offer/889385901298.html
2026-04-09 07:07:45,812 | INFO | ali1688_goods_monitor | 14：检测到滑块
2026-04-09 07:08:48,085 | WARNING | ali1688_goods_monitor |    ⚠️ 未获取到SKU数据
2026-04-09 07:08:48,088 | INFO | ali1688_goods_monitor |    ⏳ 等待 1.1 秒后继续...
2026-04-09 07:08:49,212 | INFO | ali1688_goods_monitor | 🔍 [33/268] 获取SKU: https://detail.1688.com/offer/903636127402.html
2026-04-09 07:09:05,168 | ERROR | ali1688_goods_monitor |    ❌ 获取SKU失败: 
没有找到元素。
方法: ele()
参数: {'locator': 'xpath:/html/body/div[10]/img', 'index': 1, 'timeout': 10}
版本: 4.1.1.2
2026-04-09 07:09:05,168 | INFO | ali1688_goods_monitor |    ⏳ 等待 1.2 秒后继续...
2026-04-09 07:09:06,362 | INFO | ali1688_goods_monitor | 🔍 [34/268] 获取SKU: https://detail.1688.com/offer/979396013303.html
2026-04-09 07:09:23,488 | INFO | ali1688_goods_monitor | 14：检测到滑块
2026-04-09 07:10:26,375 | WARNING | ali1688_goods_monitor |    ⚠️ 未获取到SKU数据
2026-04-09 07:10:26,379 | INFO | ali1688_goods_monitor |    ⏳ 等待 1.5 秒后继续...
2026-04-09 07:10:27,904 | INFO | ali1688_goods_monitor | 🔍 [35/268] 获取SKU: https://detail.1688.com/offer/962746907189.html
2026-04-09 07:10:44,056 | INFO | ali1688_goods_monitor | 14：检测到滑块
2026-04-09 07:11:48,061 | WARNING | ali1688_goods_monitor |    ⚠️ 未获取到SKU数据
2026-04-09 07:11:48,065 | INFO | ali1688_goods_monitor |    ⏳ 等待 1.6 秒后继续...
2026-04-09 07:11:49,696 | INFO | ali1688_goods_monitor | 🔍 [36/268] 获取SKU: https://detail.1688.com/offer/895285249007.html
2026-04-09 07:12:06,040 | INFO | ali1688_goods_monitor | 14：检测到滑块
2026-04-09 07:13:08,578 | WARNING | ali1688_goods_monitor |    ⚠️ 未获取到SKU数据
2026-04-09 07:13:08,581 | INFO | ali1688_goods_monitor |    ⏳ 等待 1.4 秒后继续...
2026-04-09 07:13:09,964 | INFO | ali1688_goods_monitor | 🔍 [37/268] 获取SKU: https://detail.1688.com/offer/894936744591.html
2026-04-09 07:13:26,700 | ERROR | ali1688_goods_monitor |    ❌ 获取SKU失败: 
没有找到元素。
方法: ele()
参数: {'locator': 'xpath:/html/body/div[10]/img', 'index': 1, 'timeout': 10}
版本: 4.1.1.2
2026-04-09 07:13:26,700 | INFO | ali1688_goods_monitor |    ⏳ 等待 1.4 秒后继续...
2026-04-09 07:13:28,143 | INFO | ali1688_goods_monitor | 🔍 [38/268] 获取SKU: https://detail.1688.com/offer/811139889293.html
2026-04-09 07:13:45,561 | INFO | ali1688_goods_monitor | 14：检测到滑块
2026-04-09 07:14:48,631 | WARNING | ali1688_goods_monitor |    ⚠️ 未获取到SKU数据
2026-04-09 07:14:48,635 | INFO | ali1688_goods_monitor |    ⏳ 等待 2.4 秒后继续...
2026-04-09 07:14:51,077 | INFO | ali1688_goods_monitor | 🔍 [39/268] 获取SKU: https://detail.1688.com/offer/970715744477.html
2026-04-09 07:15:07,306 | ERROR | ali1688_goods_monitor |    ❌ 获取SKU失败: 
没有找到元素。
方法: ele()
参数: {'locator': 'xpath:/html/body/div[10]/img', 'index': 1, 'timeout': 10}
版本: 4.1.1.2
2026-04-09 07:15:07,307 | INFO | ali1688_goods_monitor |    ⏳ 等待 1.9 秒后继续...
2026-04-09 07:15:09,182 | INFO | ali1688_goods_monitor | 🔍 [40/268] 获取SKU: https://detail.1688.com/offer/677301391721.html
2026-04-09 07:15:27,162 | INFO | ali1688_goods_monitor | 14：检测到滑块
2026-04-09 07:16:30,510 | WARNING | ali1688_goods_monitor |    ⚠️ 未获取到SKU数据
2026-04-09 07:16:30,514 | INFO | ali1688_goods_monitor |    ⏳ 等待 1.1 秒后继续...
2026-04-09 07:16:31,626 | INFO | ali1688_goods_monitor | 🔍 [41/268] 获取SKU: https://detail.1688.com/offer/847794753111.html
2026-04-09 07:16:47,913 | ERROR | ali1688_goods_monitor |    ❌ 获取SKU失败: 
没有找到元素。
方法: ele()
参数: {'locator': 'xpath:/html/body/div[10]/img', 'index': 1, 'timeout': 10}
版本: 4.1.1.2
2026-04-09 07:16:47,914 | INFO | ali1688_goods_monitor |    ⏳ 等待 1.3 秒后继续...
2026-04-09 07:16:49,263 | INFO | ali1688_goods_monitor | 🔍 [42/268] 获取SKU: https://detail.1688.com/offer/826873938709.html
2026-04-09 07:17:05,910 | INFO | ali1688_goods_monitor | 14：检测到滑块
2026-04-09 07:18:07,965 | WARNING | ali1688_goods_monitor |    ⚠️ 未获取到SKU数据
2026-04-09 07:18:07,970 | INFO | ali1688_goods_monitor |    ⏳ 等待 1.4 秒后继续...
2026-04-09 07:18:09,346 | INFO | ali1688_goods_monitor | 🔍 [43/268] 获取SKU: https://detail.1688.com/offer/951035484615.html
2026-04-09 07:18:26,350 | ERROR | ali1688_goods_monitor |    ❌ 获取SKU失败: 
没有找到元素。
方法: ele()
参数: {'locator': 'xpath:/html/body/div[10]/img', 'index': 1, 'timeout': 10}
版本: 4.1.1.2
2026-04-09 07:18:26,350 | INFO | ali1688_goods_monitor |    ⏳ 等待 1.0 秒后继续...
2026-04-09 07:18:27,384 | INFO | ali1688_goods_monitor | 🔍 [44/268] 获取SKU: https://detail.1688.com/offer/976178977054.html
2026-04-09 07:18:45,015 | INFO | ali1688_goods_monitor | 14：检测到滑块
2026-04-09 07:19:47,071 | WARNING | ali1688_goods_monitor |    ⚠️ 未获取到SKU数据
2026-04-09 07:19:47,076 | INFO | ali1688_goods_monitor |    ⏳ 等待 1.9 秒后继续...
2026-04-09 07:19:48,981 | INFO | ali1688_goods_monitor | 🔍 [45/268] 获取SKU: https://detail.1688.com/offer/950726478383.html
2026-04-09 07:20:05,505 | ERROR | ali1688_goods_monitor |    ❌ 获取SKU失败: 
没有找到元素。
方法: ele()
参数: {'locator': 'xpath:/html/body/div[10]/img', 'index': 1, 'timeout': 10}
版本: 4.1.1.2
2026-04-09 07:20:05,505 | INFO | ali1688_goods_monitor |    ⏳ 等待 2.0 秒后继续...
2026-04-09 07:20:07,529 | INFO | ali1688_goods_monitor | 🔍 [46/268] 获取SKU: https://detail.1688.com/offer/994662909434.html
2026-04-09 07:20:24,896 | INFO | ali1688_goods_monitor | 14：检测到滑块
2026-04-09 07:21:26,992 | WARNING | ali1688_goods_monitor |    ⚠️ 未获取到SKU数据
2026-04-09 07:21:26,997 | INFO | ali1688_goods_monitor |    ⏳ 等待 1.8 秒后继续...
2026-04-09 07:21:28,775 | INFO | ali1688_goods_monitor | 🔍 [47/268] 获取SKU: https://detail.1688.com/offer/992071730825.html
2026-04-09 07:21:44,616 | INFO | ali1688_goods_monitor | 14：检测到滑块
2026-04-09 07:22:46,875 | WARNING | ali1688_goods_monitor |    ⚠️ 未获取到SKU数据
2026-04-09 07:22:46,879 | INFO | ali1688_goods_monitor |    ⏳ 等待 1.3 秒后继续...
2026-04-09 07:22:48,152 | INFO | ali1688_goods_monitor | 🔍 [48/268] 获取SKU: https://detail.1688.com/offer/856805654657.html
2026-04-09 07:23:04,118 | ERROR | ali1688_goods_monitor |    ❌ 获取SKU失败: 
没有找到元素。
方法: ele()
参数: {'locator': 'xpath:/html/body/div[10]/img', 'index': 1, 'timeout': 10}
版本: 4.1.1.2
2026-04-09 07:23:04,119 | INFO | ali1688_goods_monitor |    ⏳ 等待 2.0 秒后继续...
2026-04-09 07:23:06,141 | INFO | ali1688_goods_monitor | 🔍 [49/268] 获取SKU: https://detail.1688.com/offer/998051010590.html
2026-04-09 07:23:23,355 | INFO | ali1688_goods_monitor | 14：检测到滑块
2026-04-09 07:24:25,581 | WARNING | ali1688_goods_monitor |    ⚠️ 未获取到SKU数据
2026-04-09 07:24:25,585 | INFO | ali1688_goods_monitor |    ⏳ 等待 1.1 秒后继续...
2026-04-09 07:24:26,704 | INFO | ali1688_goods_monitor | 🔍 [50/268] 获取SKU: https://detail.1688.com/offer/902961760235.html
2026-04-09 07:24:42,802 | ERROR | ali1688_goods_monitor |    ❌ 获取SKU失败: 
没有找到元素。
方法: ele()
参数: {'locator': 'xpath:/html/body/div[10]/img', 'index': 1, 'timeout': 10}
版本: 4.1.1.2
2026-04-09 07:24:42,803 | INFO | ali1688_goods_monitor |    ⏳ 等待 1.6 秒后继续...
2026-04-09 07:24:44,394 | INFO | ali1688_goods_monitor | 🔍 [51/268] 获取SKU: https://detail.1688.com/offer/677709968233.html
2026-04-09 07:25:44,697 | WARNING | ali1688_goods_monitor |    ⚠️ 未获取到SKU数据
2026-04-09 07:25:44,701 | INFO | ali1688_goods_monitor |    ⏳ 等待 2.1 秒后继续...
2026-04-09 07:25:46,861 | INFO | ali1688_goods_monitor | 🔍 [52/268] 获取SKU: https://detail.1688.com/offer/992251601092.html
2026-04-09 07:26:02,967 | ERROR | ali1688_goods_monitor |    ❌ 获取SKU失败: 
没有找到元素。
方法: ele()
参数: {'locator': 'xpath:/html/body/div[10]/img', 'index': 1, 'timeout': 10}
版本: 4.1.1.2
2026-04-09 07:26:02,967 | INFO | ali1688_goods_monitor |    ⏳ 等待 1.5 秒后继续...
2026-04-09 07:26:04,464 | INFO | ali1688_goods_monitor | 🔍 [53/268] 获取SKU: https://detail.1688.com/offer/1000398364752.html
2026-04-09 07:26:21,571 | ERROR | ali1688_goods_monitor |    ❌ 获取SKU失败: 
没有找到元素。
方法: ele()
参数: {'locator': 'xpath:/html/body/div[10]/img', 'index': 1, 'timeout': 10}
版本: 4.1.1.2
2026-04-09 07:26:21,572 | INFO | ali1688_goods_monitor |    ⏳ 等待 1.5 秒后继续...
2026-04-09 07:26:23,043 | INFO | ali1688_goods_monitor | 🔍 [54/268] 获取SKU: https://detail.1688.com/offer/900967422750.html
2026-04-09 07:26:40,205 | INFO | ali1688_goods_monitor | 14：检测到滑块
2026-04-09 07:27:41,076 | WARNING | ali1688_goods_monitor |    ⚠️ 未获取到SKU数据
2026-04-09 07:27:41,080 | INFO | ali1688_goods_monitor |    ⏳ 等待 2.1 秒后继续...
2026-04-09 07:27:43,177 | INFO | ali1688_goods_monitor | 🔍 [55/268] 获取SKU: https://detail.1688.com/offer/628617576125.html
2026-04-09 07:27:59,323 | INFO | ali1688_goods_monitor | 14：检测到滑块
2026-04-09 07:29:00,788 | WARNING | ali1688_goods_monitor |    ⚠️ 未获取到SKU数据
2026-04-09 07:29:00,792 | INFO | ali1688_goods_monitor |    ⏳ 等待 2.2 秒后继续...
2026-04-09 07:29:03,006 | INFO | ali1688_goods_monitor | 🔍 [56/268] 获取SKU: https://detail.1688.com/offer/847495122732.html
2026-04-09 07:29:19,245 | ERROR | ali1688_goods_monitor |    ❌ 获取SKU失败: 
没有找到元素。
方法: ele()
参数: {'locator': 'xpath:/html/body/div[10]/img', 'index': 1, 'timeout': 10}
版本: 4.1.1.2
2026-04-09 07:29:19,245 | INFO | ali1688_goods_monitor |    ⏳ 等待 2.0 秒后继续...
2026-04-09 07:29:21,261 | INFO | ali1688_goods_monitor | 🔍 [57/268] 获取SKU: https://detail.1688.com/offer/970377098770.html
2026-04-09 07:30:22,306 | WARNING | ali1688_goods_monitor |    ⚠️ 未获取到SKU数据
2026-04-09 07:30:22,312 | INFO | ali1688_goods_monitor |    ⏳ 等待 1.2 秒后继续...
2026-04-09 07:30:23,549 | INFO | ali1688_goods_monitor | 🔍 [58/268] 获取SKU: https://detail.1688.com/offer/799083276279.html
2026-04-09 07:30:39,535 | ERROR | ali1688_goods_monitor |    ❌ 获取SKU失败: 
没有找到元素。
方法: ele()
参数: {'locator': 'xpath:/html/body/div[10]/img', 'index': 1, 'timeout': 10}
版本: 4.1.1.2
2026-04-09 07:30:39,535 | INFO | ali1688_goods_monitor |    ⏳ 等待 2.0 秒后继续...
2026-04-09 07:30:41,513 | INFO | ali1688_goods_monitor | 🔍 [59/268] 获取SKU: https://detail.1688.com/offer/681658732090.html
2026-04-09 07:30:59,800 | INFO | ali1688_goods_monitor | 14：检测到滑块
2026-04-09 07:32:02,691 | WARNING | ali1688_goods_monitor |    ⚠️ 未获取到SKU数据
2026-04-09 07:32:02,695 | INFO | ali1688_goods_monitor |    ⏳ 等待 1.3 秒后继续...
2026-04-09 07:32:04,001 | INFO | ali1688_goods_monitor | 🔍 [60/268] 获取SKU: https://detail.1688.com/offer/996059989352.html
2026-04-09 07:32:20,129 | ERROR | ali1688_goods_monitor |    ❌ 获取SKU失败: 
没有找到元素。
方法: ele()
参数: {'locator': 'xpath:/html/body/div[10]/img', 'index': 1, 'timeout': 10}
版本: 4.1.1.2
2026-04-09 07:32:20,129 | INFO | ali1688_goods_monitor |    ⏳ 等待 2.1 秒后继续...
2026-04-09 07:32:22,240 | INFO | ali1688_goods_monitor | 🔍 [61/268] 获取SKU: https://detail.1688.com/offer/902473655388.html
2026-04-09 07:33:23,023 | WARNING | ali1688_goods_monitor |    ⚠️ 未获取到SKU数据
2026-04-09 07:33:23,027 | INFO | ali1688_goods_monitor |    ⏳ 等待 1.9 秒后继续...
2026-04-09 07:33:24,968 | INFO | ali1688_goods_monitor | 🔍 [62/268] 获取SKU: https://detail.1688.com/offer/703551244918.html
2026-04-09 07:34:25,150 | WARNING | ali1688_goods_monitor |    ⚠️ 未获取到SKU数据
2026-04-09 07:34:25,154 | INFO | ali1688_goods_monitor |    ⏳ 等待 2.1 秒后继续...
2026-04-09 07:34:27,308 | INFO | ali1688_goods_monitor | 🔍 [63/268] 获取SKU: https://detail.1688.com/offer/890407614753.html
2026-04-09 07:35:27,730 | WARNING | ali1688_goods_monitor |    ⚠️ 未获取到SKU数据
2026-04-09 07:35:27,734 | INFO | ali1688_goods_monitor |    ⏳ 等待 1.9 秒后继续...
2026-04-09 07:35:29,638 | INFO | ali1688_goods_monitor | 🔍 [64/268] 获取SKU: https://detail.1688.com/offer/898439171537.html
2026-04-09 07:35:45,171 | ERROR | ali1688_goods_monitor |    ❌ 获取SKU失败: 
没有找到元素。
方法: ele()
参数: {'locator': 'xpath:/html/body/div[10]/img', 'index': 1, 'timeout': 10}
版本: 4.1.1.2
2026-04-09 07:35:45,171 | INFO | ali1688_goods_monitor |    ⏳ 等待 1.9 秒后继续...
2026-04-09 07:35:47,065 | INFO | ali1688_goods_monitor | 🔍 [65/268] 获取SKU: https://detail.1688.com/offer/899704194303.html
2026-04-09 07:36:04,180 | INFO | ali1688_goods_monitor | 14：检测到滑块
2026-04-09 07:37:05,596 | WARNING | ali1688_goods_monitor |    ⚠️ 未获取到SKU数据
2026-04-09 07:37:05,600 | INFO | ali1688_goods_monitor |    ⏳ 等待 2.0 秒后继续...
2026-04-09 07:37:07,602 | INFO | ali1688_goods_monitor | 🔍 [66/268] 获取SKU: https://detail.1688.com/offer/840249263873.html
2026-04-09 07:38:08,013 | WARNING | ali1688_goods_monitor |    ⚠️ 未获取到SKU数据
2026-04-09 07:38:08,016 | INFO | ali1688_goods_monitor |    ⏳ 等待 1.9 秒后继续...
2026-04-09 07:38:09,905 | INFO | ali1688_goods_monitor | 🔍 [67/268] 获取SKU: https://detail.1688.com/offer/43695296576.html
2026-04-09 07:39:10,095 | WARNING | ali1688_goods_monitor |    ⚠️ 未获取到SKU数据
2026-04-09 07:39:10,098 | INFO | ali1688_goods_monitor |    ⏳ 等待 1.8 秒后继续...
2026-04-09 07:39:11,865 | INFO | ali1688_goods_monitor | 🔍 [68/268] 获取SKU: https://detail.1688.com/offer/956573560393.html
2026-04-09 07:39:35,860 | ERROR | ali1688_goods_monitor |    ❌ 获取SKU失败: 
没有找到元素。
方法: ele()
参数: {'locator': 'xpath://*[@id="content"]/div[2]/div[1]/div[2]/div[1]/div[2]/div[1]/div[2]', 'index': 1, 'timeout': 10}
版本: 4.1.1.2
2026-04-09 07:39:35,861 | INFO | ali1688_goods_monitor |    ⏳ 等待 2.0 秒后继续...
2026-04-09 07:39:37,890 | INFO | ali1688_goods_monitor | 🔍 [69/268] 获取SKU: https://detail.1688.com/offer/789633522584.html
2026-04-09 07:40:37,734 | WARNING | ali1688_goods_monitor |    ⚠️ 未获取到SKU数据
2026-04-09 07:40:37,739 | INFO | ali1688_goods_monitor |    ⏳ 等待 1.7 秒后继续...
2026-04-09 07:40:39,462 | INFO | ali1688_goods_monitor | 🔍 [70/268] 获取SKU: https://detail.1688.com/offer/979471208168.html
2026-04-09 07:41:39,586 | WARNING | ali1688_goods_monitor |    ⚠️ 未获取到SKU数据
2026-04-09 07:41:39,590 | INFO | ali1688_goods_monitor |    ⏳ 等待 2.0 秒后继续...
2026-04-09 07:41:41,615 | INFO | ali1688_goods_monitor | 🔍 [71/268] 获取SKU: https://detail.1688.com/offer/999142031933.html
2026-04-09 07:42:41,977 | WARNING | ali1688_goods_monitor |    ⚠️ 未获取到SKU数据
2026-04-09 07:42:41,981 | INFO | ali1688_goods_monitor |    ⏳ 等待 1.2 秒后继续...
2026-04-09 07:42:43,192 | INFO | ali1688_goods_monitor | 🔍 [72/268] 获取SKU: https://detail.1688.com/offer/873614306333.html
2026-04-09 07:43:43,509 | WARNING | ali1688_goods_monitor |    ⚠️ 未获取到SKU数据
2026-04-09 07:43:43,512 | INFO | ali1688_goods_monitor |    ⏳ 等待 2.1 秒后继续...
2026-04-09 07:43:45,642 | INFO | ali1688_goods_monitor | 🔍 [73/268] 获取SKU: https://detail.1688.com/offer/1007062397648.html
2026-04-09 07:44:45,728 | WARNING | ali1688_goods_monitor |    ⚠️ 未获取到SKU数据
2026-04-09 07:44:45,732 | INFO | ali1688_goods_monitor |    ⏳ 等待 1.7 秒后继续...
2026-04-09 07:44:47,482 | INFO | ali1688_goods_monitor | 🔍 [74/268] 获取SKU: https://detail.1688.com/offer/890654399053.html
2026-04-09 07:45:47,380 | WARNING | ali1688_goods_monitor |    ⚠️ 未获取到SKU数据
2026-04-09 07:45:47,384 | INFO | ali1688_goods_monitor |    ⏳ 等待 1.6 秒后继续...
2026-04-09 07:45:48,960 | INFO | ali1688_goods_monitor | 🔍 [75/268] 获取SKU: https://detail.1688.com/offer/950670074468.html
2026-04-09 07:46:48,360 | WARNING | ali1688_goods_monitor |    ⚠️ 未获取到SKU数据
2026-04-09 07:46:48,364 | INFO | ali1688_goods_monitor |    ⏳ 等待 1.7 秒后继续...
2026-04-09 07:46:50,038 | INFO | ali1688_goods_monitor | 🔍 [76/268] 获取SKU: https://detail.1688.com/offer/832304702315.html
2026-04-09 07:47:49,540 | WARNING | ali1688_goods_monitor |    ⚠️ 未获取到SKU数据
2026-04-09 07:47:49,543 | INFO | ali1688_goods_monitor |    ⏳ 等待 2.3 秒后继续...
2026-04-09 07:47:51,845 | INFO | ali1688_goods_monitor | 🔍 [77/268] 获取SKU: https://detail.1688.com/offer/702199084381.html
2026-04-09 07:48:52,438 | WARNING | ali1688_goods_monitor |    ⚠️ 未获取到SKU数据
2026-04-09 07:48:52,442 | INFO | ali1688_goods_monitor |    ⏳ 等待 2.1 秒后继续...
2026-04-09 07:48:54,514 | INFO | ali1688_goods_monitor | 🔍 [78/268] 获取SKU: https://detail.1688.com/offer/1000255776437.html
2026-04-09 07:49:54,591 | WARNING | ali1688_goods_monitor |    ⚠️ 未获取到SKU数据
2026-04-09 07:49:54,594 | INFO | ali1688_goods_monitor |    ⏳ 等待 2.3 秒后继续...
2026-04-09 07:49:56,935 | INFO | ali1688_goods_monitor | 🔍 [79/268] 获取SKU: https://detail.1688.com/offer/746411095420.html
2026-04-09 07:50:57,254 | WARNING | ali1688_goods_monitor |    ⚠️ 未获取到SKU数据
2026-04-09 07:50:57,259 | INFO | ali1688_goods_monitor |    ⏳ 等待 1.3 秒后继续...
2026-04-09 07:50:58,530 | INFO | ali1688_goods_monitor | 🔍 [80/268] 获取SKU: https://detail.1688.com/offer/993465198242.html
2026-04-09 07:51:58,581 | WARNING | ali1688_goods_monitor |    ⚠️ 未获取到SKU数据
2026-04-09 07:51:58,586 | INFO | ali1688_goods_monitor |    ⏳ 等待 2.1 秒后继续...
2026-04-09 07:52:00,671 | INFO | ali1688_goods_monitor | 🔍 [81/268] 获取SKU: https://detail.1688.com/offer/853399095646.html
2026-04-09 07:53:00,540 | WARNING | ali1688_goods_monitor |    ⚠️ 未获取到SKU数据
2026-04-09 07:53:00,544 | INFO | ali1688_goods_monitor |    ⏳ 等待 1.7 秒后继续...
2026-04-09 07:53:02,229 | INFO | ali1688_goods_monitor | 🔍 [82/268] 获取SKU: https://detail.1688.com/offer/852501307622.html
2026-04-09 07:54:02,032 | WARNING | ali1688_goods_monitor |    ⚠️ 未获取到SKU数据
2026-04-09 07:54:02,036 | INFO | ali1688_goods_monitor |    ⏳ 等待 2.1 秒后继续...
2026-04-09 07:54:04,125 | INFO | ali1688_goods_monitor | 🔍 [83/268] 获取SKU: https://detail.1688.com/offer/671840552108.html
2026-04-09 07:55:03,736 | WARNING | ali1688_goods_monitor |    ⚠️ 未获取到SKU数据
2026-04-09 07:55:03,740 | INFO | ali1688_goods_monitor |    ⏳ 等待 1.7 秒后继续...
2026-04-09 07:55:05,490 | INFO | ali1688_goods_monitor | 🔍 [84/268] 获取SKU: https://detail.1688.com/offer/927205288673.html
2026-04-09 07:55:21,193 | INFO | ali1688_goods_monitor | 14：检测到滑块
2026-04-09 07:56:23,490 | WARNING | ali1688_goods_monitor |    ⚠️ 未获取到SKU数据
2026-04-09 07:56:23,493 | INFO | ali1688_goods_monitor |    ⏳ 等待 2.5 秒后继续...
2026-04-09 07:56:25,981 | INFO | ali1688_goods_monitor | 🔍 [85/268] 获取SKU: https://detail.1688.com/offer/1009966785995.html
2026-04-09 07:56:41,891 | INFO | ali1688_goods_monitor | 14：检测到滑块
2026-04-09 07:57:44,148 | WARNING | ali1688_goods_monitor |    ⚠️ 未获取到SKU数据
2026-04-09 07:57:44,152 | INFO | ali1688_goods_monitor |    ⏳ 等待 1.3 秒后继续...
2026-04-09 07:57:45,490 | INFO | ali1688_goods_monitor | 🔍 [86/268] 获取SKU: https://detail.1688.com/offer/859584630627.html
2026-04-09 07:58:01,509 | INFO | ali1688_goods_monitor | 14：检测到滑块
2026-04-09 07:59:05,528 | WARNING | ali1688_goods_monitor |    ⚠️ 未获取到SKU数据
2026-04-09 07:59:05,532 | INFO | ali1688_goods_monitor |    ⏳ 等待 1.0 秒后继续...
2026-04-09 07:59:06,584 | INFO | ali1688_goods_monitor | 🔍 [87/268] 获取SKU: https://detail.1688.com/offer/991070192317.html
2026-04-09 07:59:22,719 | INFO | ali1688_goods_monitor | 14：检测到滑块
2026-04-09 08:00:24,310 | WARNING | ali1688_goods_monitor |    ⚠️ 未获取到SKU数据
2026-04-09 08:00:24,313 | INFO | ali1688_goods_monitor |    ⏳ 等待 2.1 秒后继续...
2026-04-09 08:00:26,379 | INFO | ali1688_goods_monitor | 🔍 [88/268] 获取SKU: https://detail.1688.com/offer/998859559585.html
2026-04-09 08:00:42,367 | ERROR | ali1688_goods_monitor |    ❌ 获取SKU失败: 
没有找到元素。
方法: ele()
参数: {'locator': 'xpath:/html/body/div[10]/img', 'index': 1, 'timeout': 10}
版本: 4.1.1.2
2026-04-09 08:00:42,368 | INFO | ali1688_goods_monitor |    ⏳ 等待 1.2 秒后继续...
2026-04-09 08:00:43,544 | INFO | ali1688_goods_monitor | 🔍 [89/268] 获取SKU: https://detail.1688.com/offer/985206853035.html
2026-04-09 08:01:01,448 | INFO | ali1688_goods_monitor | 14：检测到滑块
2026-04-09 08:02:02,605 | WARNING | ali1688_goods_monitor |    ⚠️ 未获取到SKU数据
2026-04-09 08:02:02,610 | INFO | ali1688_goods_monitor |    ⏳ 等待 2.3 秒后继续...
2026-04-09 08:02:04,961 | INFO | ali1688_goods_monitor | 🔍 [90/268] 获取SKU: https://detail.1688.com/offer/992800642545.html
2026-04-09 08:02:20,913 | INFO | ali1688_goods_monitor | 14：检测到滑块
2026-04-09 08:03:24,717 | WARNING | ali1688_goods_monitor |    ⚠️ 未获取到SKU数据
2026-04-09 08:03:24,721 | INFO | ali1688_goods_monitor |    ⏳ 等待 1.7 秒后继续...
2026-04-09 08:03:26,448 | INFO | ali1688_goods_monitor | 🔍 [91/268] 获取SKU: https://detail.1688.com/offer/873771926327.html
2026-04-09 08:03:42,314 | INFO | ali1688_goods_monitor | 14：检测到滑块
2026-04-09 08:04:46,643 | WARNING | ali1688_goods_monitor |    ⚠️ 未获取到SKU数据
2026-04-09 08:04:46,647 | INFO | ali1688_goods_monitor |    ⏳ 等待 1.5 秒后继续...
2026-04-09 08:04:48,172 | INFO | ali1688_goods_monitor | 🔍 [92/268] 获取SKU: https://detail.1688.com/offer/652994949606.html
2026-04-09 08:05:04,294 | ERROR | ali1688_goods_monitor |    ❌ 获取SKU失败: 
没有找到元素。
方法: ele()
参数: {'locator': 'xpath:/html/body/div[10]/img', 'index': 1, 'timeout': 10}
版本: 4.1.1.2
2026-04-09 08:05:04,295 | INFO | ali1688_goods_monitor |    ⏳ 等待 1.0 秒后继续...
2026-04-09 08:05:05,317 | INFO | ali1688_goods_monitor | 🔍 [93/268] 获取SKU: https://detail.1688.com/offer/975762015590.html
2026-04-09 08:05:22,060 | INFO | ali1688_goods_monitor | 14：检测到滑块
2026-04-09 08:06:23,323 | WARNING | ali1688_goods_monitor |    ⚠️ 未获取到SKU数据
2026-04-09 08:06:23,328 | INFO | ali1688_goods_monitor |    ⏳ 等待 1.9 秒后继续...
2026-04-09 08:06:25,248 | INFO | ali1688_goods_monitor | 🔍 [94/268] 获取SKU: https://detail.1688.com/offer/928580021030.html
2026-04-09 08:06:41,684 | INFO | ali1688_goods_monitor | 14：检测到滑块
2026-04-09 08:07:43,944 | WARNING | ali1688_goods_monitor |    ⚠️ 未获取到SKU数据
2026-04-09 08:07:43,948 | INFO | ali1688_goods_monitor |    ⏳ 等待 2.3 秒后继续...
2026-04-09 08:07:46,265 | INFO | ali1688_goods_monitor | 🔍 [95/268] 获取SKU: https://detail.1688.com/offer/836899798919.html
2026-04-09 08:08:02,201 | ERROR | ali1688_goods_monitor |    ❌ 获取SKU失败: 
没有找到元素。
方法: ele()
参数: {'locator': 'xpath:/html/body/div[10]/img', 'index': 1, 'timeout': 10}
版本: 4.1.1.2
2026-04-09 08:08:02,201 | INFO | ali1688_goods_monitor |    ⏳ 等待 1.3 秒后继续...
2026-04-09 08:08:03,540 | INFO | ali1688_goods_monitor | 🔍 [96/268] 获取SKU: https://detail.1688.com/offer/990618054916.html
2026-04-09 08:08:22,794 | INFO | ali1688_goods_monitor | 14：检测到滑块
2026-04-09 08:09:25,770 | WARNING | ali1688_goods_monitor |    ⚠️ 未获取到SKU数据
2026-04-09 08:09:25,775 | INFO | ali1688_goods_monitor |    ⏳ 等待 1.6 秒后继续...
2026-04-09 08:09:27,415 | INFO | ali1688_goods_monitor | 🔍 [97/268] 获取SKU: https://detail.1688.com/offer/632300625030.html
2026-04-09 08:09:43,897 | INFO | ali1688_goods_monitor | 14：检测到滑块
2026-04-09 08:10:47,011 | WARNING | ali1688_goods_monitor |    ⚠️ 未获取到SKU数据
2026-04-09 08:10:47,014 | INFO | ali1688_goods_monitor |    ⏳ 等待 1.7 秒后继续...
2026-04-09 08:10:48,693 | INFO | ali1688_goods_monitor | 🔍 [98/268] 获取SKU: https://detail.1688.com/offer/950658287741.html
2026-04-09 08:11:04,921 | ERROR | ali1688_goods_monitor |    ❌ 获取SKU失败: 
没有找到元素。
方法: ele()
参数: {'locator': 'xpath:/html/body/div[10]/img', 'index': 1, 'timeout': 10}
版本: 4.1.1.2
2026-04-09 08:11:04,921 | INFO | ali1688_goods_monitor |    ⏳ 等待 2.2 秒后继续...
2026-04-09 08:11:07,147 | INFO | ali1688_goods_monitor | 🔍 [99/268] 获取SKU: https://detail.1688.com/offer/970542473882.html
2026-04-09 08:11:23,599 | INFO | ali1688_goods_monitor | 14：检测到滑块
2026-04-09 08:12:26,683 | WARNING | ali1688_goods_monitor |    ⚠️ 未获取到SKU数据
2026-04-09 08:12:26,686 | INFO | ali1688_goods_monitor |    ⏳ 等待 2.1 秒后继续...
2026-04-09 08:12:28,765 | INFO | ali1688_goods_monitor | 🔍 [100/268] 获取SKU: https://detail.1688.com/offer/729749403422.html
2026-04-09 08:12:44,218 | ERROR | ali1688_goods_monitor |    ❌ 获取SKU失败: 
没有找到元素。
方法: ele()
参数: {'locator': 'xpath:/html/body/div[10]/img', 'index': 1, 'timeout': 10}
版本: 4.1.1.2
2026-04-09 08:12:44,218 | INFO | ali1688_goods_monitor |    ⏳ 等待 2.0 秒后继续...
2026-04-09 08:12:46,192 | INFO | ali1688_goods_monitor | 🔍 [101/268] 获取SKU: https://detail.1688.com/offer/991823064917.html
2026-04-09 08:13:03,902 | INFO | ali1688_goods_monitor | 14：检测到滑块
2026-04-09 08:14:06,865 | WARNING | ali1688_goods_monitor |    ⚠️ 未获取到SKU数据
2026-04-09 08:14:06,870 | INFO | ali1688_goods_monitor |    ⏳ 等待 2.3 秒后继续...
2026-04-09 08:14:09,167 | INFO | ali1688_goods_monitor | 🔍 [102/268] 获取SKU: https://detail.1688.com/offer/662598267674.html
2026-04-09 08:14:25,295 | ERROR | ali1688_goods_monitor |    ❌ 获取SKU失败: 
没有找到元素。
方法: ele()
参数: {'locator': 'xpath:/html/body/div[10]/img', 'index': 1, 'timeout': 10}
版本: 4.1.1.2
2026-04-09 08:14:25,296 | INFO | ali1688_goods_monitor |    ⏳ 等待 1.9 秒后继续...
2026-04-09 08:14:27,161 | INFO | ali1688_goods_monitor | 🔍 [103/268] 获取SKU: https://detail.1688.com/offer/895439014120.html
2026-04-09 08:14:43,704 | INFO | ali1688_goods_monitor | 14：检测到滑块
2026-04-09 08:15:47,454 | WARNING | ali1688_goods_monitor |    ⚠️ 未获取到SKU数据
2026-04-09 08:15:47,458 | INFO | ali1688_goods_monitor |    ⏳ 等待 2.2 秒后继续...
2026-04-09 08:15:49,633 | INFO | ali1688_goods_monitor | 🔍 [104/268] 获取SKU: https://detail.1688.com/offer/847990628509.html
2026-04-09 08:16:05,849 | INFO | ali1688_goods_monitor | 14：检测到滑块
2026-04-09 08:17:08,161 | WARNING | ali1688_goods_monitor |    ⚠️ 未获取到SKU数据
2026-04-09 08:17:08,166 | INFO | ali1688_goods_monitor |    ⏳ 等待 1.4 秒后继续...
2026-04-09 08:17:09,543 | INFO | ali1688_goods_monitor | 🔍 [105/268] 获取SKU: https://detail.1688.com/offer/621865712164.html
2026-04-09 08:17:25,464 | INFO | ali1688_goods_monitor | 14：检测到滑块
2026-04-09 08:18:29,486 | WARNING | ali1688_goods_monitor |    ⚠️ 未获取到SKU数据
2026-04-09 08:18:29,489 | INFO | ali1688_goods_monitor |    ⏳ 等待 1.7 秒后继续...
2026-04-09 08:18:31,181 | INFO | ali1688_goods_monitor | 🔍 [106/268] 获取SKU: https://detail.1688.com/offer/994237964153.html
2026-04-09 08:18:47,841 | INFO | ali1688_goods_monitor | 14：检测到滑块
2026-04-09 08:19:50,330 | WARNING | ali1688_goods_monitor |    ⚠️ 未获取到SKU数据
2026-04-09 08:19:50,334 | INFO | ali1688_goods_monitor |    ⏳ 等待 1.5 秒后继续...
2026-04-09 08:19:51,879 | INFO | ali1688_goods_monitor | 🔍 [107/268] 获取SKU: https://detail.1688.com/offer/948334688543.html
2026-04-09 08:20:07,894 | INFO | ali1688_goods_monitor | 14：检测到滑块
2026-04-09 08:21:10,289 | WARNING | ali1688_goods_monitor |    ⚠️ 未获取到SKU数据
2026-04-09 08:21:10,292 | INFO | ali1688_goods_monitor |    ⏳ 等待 1.2 秒后继续...
2026-04-09 08:21:11,498 | INFO | ali1688_goods_monitor | 🔍 [108/268] 获取SKU: https://detail.1688.com/offer/993354315037.html
2026-04-09 08:21:27,443 | INFO | ali1688_goods_monitor | 14：检测到滑块
2026-04-09 08:22:31,482 | WARNING | ali1688_goods_monitor |    ⚠️ 未获取到SKU数据
2026-04-09 08:22:31,486 | INFO | ali1688_goods_monitor |    ⏳ 等待 2.1 秒后继续...
2026-04-09 08:22:33,556 | INFO | ali1688_goods_monitor | 🔍 [109/268] 获取SKU: https://detail.1688.com/offer/864653527961.html
2026-04-09 08:22:49,673 | ERROR | ali1688_goods_monitor |    ❌ 获取SKU失败: 
没有找到元素。
方法: ele()
参数: {'locator': 'xpath:/html/body/div[10]/img', 'index': 1, 'timeout': 10}
版本: 4.1.1.2
2026-04-09 08:22:49,674 | INFO | ali1688_goods_monitor |    ⏳ 等待 2.1 秒后继续...
2026-04-09 08:22:51,756 | INFO | ali1688_goods_monitor | 🔍 [110/268] 获取SKU: https://detail.1688.com/offer/997795598539.html
2026-04-09 08:23:09,715 | INFO | ali1688_goods_monitor | 14：检测到滑块
2026-04-09 08:24:13,491 | WARNING | ali1688_goods_monitor |    ⚠️ 未获取到SKU数据
2026-04-09 08:24:13,495 | INFO | ali1688_goods_monitor |    ⏳ 等待 2.3 秒后继续...
2026-04-09 08:24:15,798 | INFO | ali1688_goods_monitor | 🔍 [111/268] 获取SKU: https://detail.1688.com/offer/692940339011.html
2026-04-09 08:24:32,466 | INFO | ali1688_goods_monitor | 14：检测到滑块
2026-04-09 08:25:35,583 | WARNING | ali1688_goods_monitor |    ⚠️ 未获取到SKU数据
2026-04-09 08:25:35,587 | INFO | ali1688_goods_monitor |    ⏳ 等待 2.0 秒后继续...
2026-04-09 08:25:37,583 | INFO | ali1688_goods_monitor | 🔍 [112/268] 获取SKU: https://detail.1688.com/offer/930446969722.html
2026-04-09 08:25:53,642 | ERROR | ali1688_goods_monitor |    ❌ 获取SKU失败: 
没有找到元素。
方法: ele()
参数: {'locator': 'xpath:/html/body/div[10]/img', 'index': 1, 'timeout': 10}
版本: 4.1.1.2
2026-04-09 08:25:53,643 | INFO | ali1688_goods_monitor |    ⏳ 等待 1.6 秒后继续...
2026-04-09 08:25:55,239 | INFO | ali1688_goods_monitor | 🔍 [113/268] 获取SKU: https://detail.1688.com/offer/849820903779.html
2026-04-09 08:26:11,981 | INFO | ali1688_goods_monitor | 14：检测到滑块
2026-04-09 08:27:16,637 | WARNING | ali1688_goods_monitor |    ⚠️ 未获取到SKU数据
2026-04-09 08:27:16,641 | INFO | ali1688_goods_monitor |    ⏳ 等待 2.1 秒后继续...
2026-04-09 08:27:18,717 | INFO | ali1688_goods_monitor | 🔍 [114/268] 获取SKU: https://detail.1688.com/offer/978651830599.html
2026-04-09 08:28:18,157 | WARNING | ali1688_goods_monitor |    ⚠️ 未获取到SKU数据
2026-04-09 08:28:18,161 | INFO | ali1688_goods_monitor |    ⏳ 等待 1.2 秒后继续...
2026-04-09 08:28:19,394 | INFO | ali1688_goods_monitor | 🔍 [115/268] 获取SKU: https://detail.1688.com/offer/854253039240.html
2026-04-09 08:29:19,178 | WARNING | ali1688_goods_monitor |    ⚠️ 未获取到SKU数据
2026-04-09 08:29:19,182 | INFO | ali1688_goods_monitor |    ⏳ 等待 2.3 秒后继续...
2026-04-09 08:29:21,500 | INFO | ali1688_goods_monitor | 🔍 [116/268] 获取SKU: https://detail.1688.com/offer/746416939989.html
2026-04-09 08:30:20,999 | WARNING | ali1688_goods_monitor |    ⚠️ 未获取到SKU数据
2026-04-09 08:30:21,003 | INFO | ali1688_goods_monitor |    ⏳ 等待 1.7 秒后继续...
2026-04-09 08:30:22,685 | INFO | ali1688_goods_monitor | 🔍 [117/268] 获取SKU: https://detail.1688.com/offer/847781001778.html
2026-04-09 08:31:21,589 | WARNING | ali1688_goods_monitor |    ⚠️ 未获取到SKU数据
2026-04-09 08:31:21,593 | INFO | ali1688_goods_monitor |    ⏳ 等待 1.1 秒后继续...
2026-04-09 08:31:22,692 | INFO | ali1688_goods_monitor | 🔍 [118/268] 获取SKU: https://detail.1688.com/offer/962546716755.html
2026-04-09 08:32:22,248 | WARNING | ali1688_goods_monitor |    ⚠️ 未获取到SKU数据
2026-04-09 08:32:22,251 | INFO | ali1688_goods_monitor |    ⏳ 等待 1.8 秒后继续...
2026-04-09 08:32:24,012 | INFO | ali1688_goods_monitor | 🔍 [119/268] 获取SKU: https://detail.1688.com/offer/991467576950.html
2026-04-09 08:33:23,852 | WARNING | ali1688_goods_monitor |    ⚠️ 未获取到SKU数据
2026-04-09 08:33:23,857 | INFO | ali1688_goods_monitor |    ⏳ 等待 1.4 秒后继续...
2026-04-09 08:33:25,273 | INFO | ali1688_goods_monitor | 🔍 [120/268] 获取SKU: https://detail.1688.com/offer/1006668462460.html
2026-04-09 08:34:24,888 | WARNING | ali1688_goods_monitor |    ⚠️ 未获取到SKU数据
2026-04-09 08:34:24,892 | INFO | ali1688_goods_monitor |    ⏳ 等待 2.2 秒后继续...
2026-04-09 08:34:27,061 | INFO | ali1688_goods_monitor | 🔍 [121/268] 获取SKU: https://detail.1688.com/offer/924140770781.html
2026-04-09 08:34:42,956 | INFO | ali1688_goods_monitor | 14：检测到滑块
2026-04-09 08:35:45,242 | WARNING | ali1688_goods_monitor |    ⚠️ 未获取到SKU数据
2026-04-09 08:35:45,246 | INFO | ali1688_goods_monitor |    ⏳ 等待 1.7 秒后继续...
2026-04-09 08:35:46,903 | INFO | ali1688_goods_monitor | 🔍 [122/268] 获取SKU: https://detail.1688.com/offer/773383798724.html
2026-04-09 08:36:03,590 | INFO | ali1688_goods_monitor | 14：检测到滑块
2026-04-09 08:37:06,931 | WARNING | ali1688_goods_monitor |    ⚠️ 未获取到SKU数据
2026-04-09 08:37:06,935 | INFO | ali1688_goods_monitor |    ⏳ 等待 2.3 秒后继续...
2026-04-09 08:37:09,286 | INFO | ali1688_goods_monitor | 🔍 [123/268] 获取SKU: https://detail.1688.com/offer/675880303102.html
2026-04-09 08:37:26,317 | INFO | ali1688_goods_monitor | 14：检测到滑块
2026-04-09 08:38:29,231 | WARNING | ali1688_goods_monitor |    ⚠️ 未获取到SKU数据
2026-04-09 08:38:29,236 | INFO | ali1688_goods_monitor |    ⏳ 等待 2.3 秒后继续...
2026-04-09 08:38:31,585 | INFO | ali1688_goods_monitor | 🔍 [124/268] 获取SKU: https://detail.1688.com/offer/811638208514.html
2026-04-09 08:38:47,860 | ERROR | ali1688_goods_monitor |    ❌ 获取SKU失败: 
没有找到元素。
方法: ele()
参数: {'locator': 'xpath:/html/body/div[10]/img', 'index': 1, 'timeout': 10}
版本: 4.1.1.2
2026-04-09 08:38:47,861 | INFO | ali1688_goods_monitor |    ⏳ 等待 2.0 秒后继续...
2026-04-09 08:38:49,884 | INFO | ali1688_goods_monitor | 🔍 [125/268] 获取SKU: https://detail.1688.com/offer/952611726643.html
2026-04-09 08:39:07,109 | INFO | ali1688_goods_monitor | 14：检测到滑块
2026-04-09 08:40:09,135 | WARNING | ali1688_goods_monitor |    ⚠️ 未获取到SKU数据
2026-04-09 08:40:09,141 | INFO | ali1688_goods_monitor |    ⏳ 等待 1.5 秒后继续...
2026-04-09 08:40:10,638 | INFO | ali1688_goods_monitor | 🔍 [126/268] 获取SKU: https://detail.1688.com/offer/847784309788.html
2026-04-09 08:40:26,904 | INFO | ali1688_goods_monitor | 14：检测到滑块
2026-04-09 08:41:29,087 | WARNING | ali1688_goods_monitor |    ⚠️ 未获取到SKU数据
2026-04-09 08:41:29,092 | INFO | ali1688_goods_monitor |    ⏳ 等待 1.0 秒后继续...
2026-04-09 08:41:30,120 | INFO | ali1688_goods_monitor | 🔍 [127/268] 获取SKU: https://detail.1688.com/offer/926941651375.html
2026-04-09 08:41:46,118 | INFO | ali1688_goods_monitor | 14：检测到滑块
2026-04-09 08:42:49,295 | WARNING | ali1688_goods_monitor |    ⚠️ 未获取到SKU数据
2026-04-09 08:42:49,299 | INFO | ali1688_goods_monitor |    ⏳ 等待 1.2 秒后继续...
2026-04-09 08:42:50,553 | INFO | ali1688_goods_monitor | 🔍 [128/268] 获取SKU: https://detail.1688.com/offer/986179889619.html
2026-04-09 08:43:06,415 | ERROR | ali1688_goods_monitor |    ❌ 获取SKU失败: 
没有找到元素。
方法: ele()
参数: {'locator': 'xpath:/html/body/div[10]/img', 'index': 1, 'timeout': 10}
版本: 4.1.1.2
2026-04-09 08:43:06,415 | INFO | ali1688_goods_monitor |    ⏳ 等待 1.1 秒后继续...
2026-04-09 08:43:07,546 | INFO | ali1688_goods_monitor | 🔍 [129/268] 获取SKU: https://detail.1688.com/offer/920664381969.html
2026-04-09 08:43:24,614 | INFO | ali1688_goods_monitor | 14：检测到滑块
2026-04-09 08:44:26,862 | WARNING | ali1688_goods_monitor |    ⚠️ 未获取到SKU数据
2026-04-09 08:44:26,865 | INFO | ali1688_goods_monitor |    ⏳ 等待 1.0 秒后继续...
2026-04-09 08:44:27,917 | INFO | ali1688_goods_monitor | 🔍 [130/268] 获取SKU: https://detail.1688.com/offer/848195784663.html
2026-04-09 08:44:43,505 | ERROR | ali1688_goods_monitor |    ❌ 获取SKU失败: 
没有找到元素。
方法: ele()
参数: {'locator': 'xpath:/html/body/div[10]/img', 'index': 1, 'timeout': 10}
版本: 4.1.1.2
2026-04-09 08:44:43,505 | INFO | ali1688_goods_monitor |    ⏳ 等待 1.5 秒后继续...
2026-04-09 08:44:44,978 | INFO | ali1688_goods_monitor | 🔍 [131/268] 获取SKU: https://detail.1688.com/offer/995364912374.html
2026-04-09 08:45:44,777 | WARNING | ali1688_goods_monitor |    ⚠️ 未获取到SKU数据
2026-04-09 08:45:44,781 | INFO | ali1688_goods_monitor |    ⏳ 等待 2.4 秒后继续...
2026-04-09 08:45:47,206 | INFO | ali1688_goods_monitor | 🔍 [132/268] 获取SKU: https://detail.1688.com/offer/997359995216.html
2026-04-09 08:46:03,916 | INFO | ali1688_goods_monitor | 14：检测到滑块
2026-04-09 08:47:06,200 | WARNING | ali1688_goods_monitor |    ⚠️ 未获取到SKU数据
2026-04-09 08:47:06,204 | INFO | ali1688_goods_monitor |    ⏳ 等待 1.1 秒后继续...
2026-04-09 08:47:07,305 | INFO | ali1688_goods_monitor | 🔍 [133/268] 获取SKU: https://detail.1688.com/offer/985998626047.html
2026-04-09 08:47:23,231 | ERROR | ali1688_goods_monitor |    ❌ 获取SKU失败: 
没有找到元素。
方法: ele()
参数: {'locator': 'xpath:/html/body/div[10]/img', 'index': 1, 'timeout': 10}
版本: 4.1.1.2
2026-04-09 08:47:23,232 | INFO | ali1688_goods_monitor |    ⏳ 等待 1.5 秒后继续...
2026-04-09 08:47:24,733 | INFO | ali1688_goods_monitor | 🔍 [134/268] 获取SKU: https://detail.1688.com/offer/915854311158.html
2026-04-09 08:47:41,649 | INFO | ali1688_goods_monitor | 14：检测到滑块
2026-04-09 08:48:44,597 | WARNING | ali1688_goods_monitor |    ⚠️ 未获取到SKU数据
2026-04-09 08:48:44,602 | INFO | ali1688_goods_monitor |    ⏳ 等待 2.2 秒后继续...
2026-04-09 08:48:46,790 | INFO | ali1688_goods_monitor | 🔍 [135/268] 获取SKU: https://detail.1688.com/offer/999860867159.html
2026-04-09 08:49:02,785 | ERROR | ali1688_goods_monitor |    ❌ 获取SKU失败: 
没有找到元素。
方法: ele()
参数: {'locator': 'xpath:/html/body/div[10]/img', 'index': 1, 'timeout': 10}
版本: 4.1.1.2
2026-04-09 08:49:02,785 | INFO | ali1688_goods_monitor |    ⏳ 等待 1.7 秒后继续...
2026-04-09 08:49:04,533 | INFO | ali1688_goods_monitor | 🔍 [136/268] 获取SKU: https://detail.1688.com/offer/813592780236.html
2026-04-09 08:49:21,776 | ERROR | ali1688_goods_monitor |    ❌ 获取SKU失败: 
没有找到元素。
方法: ele()
参数: {'locator': 'xpath:/html/body/div[10]/img', 'index': 1, 'timeout': 10}
版本: 4.1.1.2
2026-04-09 08:49:21,776 | INFO | ali1688_goods_monitor |    ⏳ 等待 1.4 秒后继续...
2026-04-09 08:49:23,227 | INFO | ali1688_goods_monitor | 🔍 [137/268] 获取SKU: https://detail.1688.com/offer/917143716667.html
2026-04-09 08:49:39,555 | INFO | ali1688_goods_monitor | 14：检测到滑块
2026-04-09 08:50:40,790 | WARNING | ali1688_goods_monitor |    ⚠️ 未获取到SKU数据
2026-04-09 08:50:40,794 | INFO | ali1688_goods_monitor |    ⏳ 等待 1.3 秒后继续...
2026-04-09 08:50:42,061 | INFO | ali1688_goods_monitor | 🔍 [138/268] 获取SKU: https://detail.1688.com/offer/855494409051.html
2026-04-09 08:51:42,041 | WARNING | ali1688_goods_monitor |    ⚠️ 未获取到SKU数据
2026-04-09 08:51:42,044 | INFO | ali1688_goods_monitor |    ⏳ 等待 2.0 秒后继续...
2026-04-09 08:51:44,056 | INFO | ali1688_goods_monitor | 🔍 [139/268] 获取SKU: https://detail.1688.com/offer/1039821084728.html
2026-04-09 08:52:44,212 | WARNING | ali1688_goods_monitor |    ⚠️ 未获取到SKU数据
2026-04-09 08:52:44,218 | INFO | ali1688_goods_monitor |    ⏳ 等待 1.4 秒后继续...
2026-04-09 08:52:45,640 | INFO | ali1688_goods_monitor | 🔍 [140/268] 获取SKU: https://detail.1688.com/offer/662629659424.html
2026-04-09 08:53:01,577 | INFO | ali1688_goods_monitor | 14：检测到滑块
2026-04-09 08:54:04,737 | WARNING | ali1688_goods_monitor |    ⚠️ 未获取到SKU数据
2026-04-09 08:54:04,741 | INFO | ali1688_goods_monitor |    ⏳ 等待 2.0 秒后继续...
2026-04-09 08:54:06,746 | INFO | ali1688_goods_monitor | 🔍 [141/268] 获取SKU: https://detail.1688.com/offer/796066732390.html
2026-04-09 08:54:26,662 | ERROR | ali1688_goods_monitor |    ❌ 获取SKU失败: 
没有找到元素。
方法: ele()
参数: {'locator': 'xpath:/html/body/div[10]/img', 'index': 1, 'timeout': 10}
版本: 4.1.1.2
2026-04-09 08:54:26,664 | INFO | ali1688_goods_monitor |    ⏳ 等待 2.4 秒后继续...
2026-04-09 08:54:29,054 | INFO | ali1688_goods_monitor | 🔍 [142/268] 获取SKU: https://detail.1688.com/offer/833863806015.html
2026-04-09 08:54:46,551 | INFO | ali1688_goods_monitor | 14：检测到滑块
2026-04-09 08:55:49,536 | WARNING | ali1688_goods_monitor |    ⚠️ 未获取到SKU数据
2026-04-09 08:55:49,540 | INFO | ali1688_goods_monitor |    ⏳ 等待 1.5 秒后继续...
2026-04-09 08:55:51,105 | INFO | ali1688_goods_monitor | 🔍 [143/268] 获取SKU: https://detail.1688.com/offer/678640196785.html
2026-04-09 08:56:51,714 | WARNING | ali1688_goods_monitor |    ⚠️ 未获取到SKU数据
2026-04-09 08:56:51,718 | INFO | ali1688_goods_monitor |    ⏳ 等待 2.0 秒后继续...
2026-04-09 08:56:53,690 | INFO | ali1688_goods_monitor | 🔍 [144/268] 获取SKU: https://detail.1688.com/offer/918745003737.html
2026-04-09 08:57:53,857 | WARNING | ali1688_goods_monitor |    ⚠️ 未获取到SKU数据
2026-04-09 08:57:53,861 | INFO | ali1688_goods_monitor |    ⏳ 等待 1.7 秒后继续...
2026-04-09 08:57:55,531 | INFO | ali1688_goods_monitor | 🔍 [145/268] 获取SKU: https://detail.1688.com/offer/968025059447.html
2026-04-09 08:58:11,328 | INFO | ali1688_goods_monitor | 14：检测到滑块
2026-04-09 08:59:13,751 | WARNING | ali1688_goods_monitor |    ⚠️ 未获取到SKU数据
2026-04-09 08:59:13,755 | INFO | ali1688_goods_monitor |    ⏳ 等待 1.0 秒后继续...
2026-04-09 08:59:14,791 | INFO | ali1688_goods_monitor | 🔍 [146/268] 获取SKU: https://detail.1688.com/offer/969889694254.html
2026-04-09 09:00:15,198 | WARNING | ali1688_goods_monitor |    ⚠️ 未获取到SKU数据
2026-04-09 09:00:15,202 | INFO | ali1688_goods_monitor |    ⏳ 等待 1.4 秒后继续...
2026-04-09 09:00:16,611 | INFO | ali1688_goods_monitor | 🔍 [147/268] 获取SKU: https://detail.1688.com/offer/990374779412.html
2026-04-09 09:01:16,998 | WARNING | ali1688_goods_monitor |    ⚠️ 未获取到SKU数据
2026-04-09 09:01:17,001 | INFO | ali1688_goods_monitor |    ⏳ 等待 1.7 秒后继续...
2026-04-09 09:01:18,744 | INFO | ali1688_goods_monitor | 🔍 [148/268] 获取SKU: https://detail.1688.com/offer/903214944988.html
2026-04-09 09:01:46,740 | INFO | ali1688_goods_monitor |    ✅ 获取到 1 个SKU
2026-04-09 09:01:46,741 | INFO | ali1688_goods_monitor |    ⏳ 等待 1.9 秒后继续...
2026-04-09 09:01:48,644 | INFO | ali1688_goods_monitor | 🔍 [149/268] 获取SKU: https://detail.1688.com/offer/973730524327.html
2026-04-09 09:02:17,006 | INFO | ali1688_goods_monitor |    ✅ 获取到 13 个SKU
2026-04-09 09:02:17,006 | INFO | ali1688_goods_monitor |    ⏳ 等待 2.4 秒后继续...
2026-04-09 09:02:19,417 | INFO | ali1688_goods_monitor | 🔍 [150/268] 获取SKU: https://detail.1688.com/offer/1000261330427.html
2026-04-09 09:02:47,369 | INFO | ali1688_goods_monitor |    ✅ 获取到 1 个SKU
2026-04-09 09:02:47,370 | INFO | ali1688_goods_monitor |    ⏳ 等待 2.3 秒后继续...
2026-04-09 09:02:49,700 | INFO | ali1688_goods_monitor | 🔍 [151/268] 获取SKU: https://detail.1688.com/offer/989391144530.html
2026-04-09 09:03:18,381 | INFO | ali1688_goods_monitor |    ✅ 获取到 40 个SKU
2026-04-09 09:03:18,382 | INFO | ali1688_goods_monitor |    ⏳ 等待 1.5 秒后继续...
2026-04-09 09:03:19,883 | INFO | ali1688_goods_monitor | 🔍 [152/268] 获取SKU: https://detail.1688.com/offer/778105306124.html
2026-04-09 09:03:47,757 | INFO | ali1688_goods_monitor |    ✅ 获取到 2 个SKU
2026-04-09 09:03:47,757 | INFO | ali1688_goods_monitor |    ⏳ 等待 1.4 秒后继续...
2026-04-09 09:03:49,179 | INFO | ali1688_goods_monitor | 🔍 [153/268] 获取SKU: https://detail.1688.com/offer/854773109889.html
2026-04-09 09:04:17,282 | INFO | ali1688_goods_monitor |    ✅ 获取到 2 个SKU
2026-04-09 09:04:17,282 | INFO | ali1688_goods_monitor |    ⏳ 等待 1.8 秒后继续...
2026-04-09 09:04:19,125 | INFO | ali1688_goods_monitor | 🔍 [154/268] 获取SKU: https://detail.1688.com/offer/1001253412551.html
2026-04-09 09:04:47,176 | INFO | ali1688_goods_monitor |    ✅ 获取到 7 个SKU
2026-04-09 09:04:47,176 | INFO | ali1688_goods_monitor |    ⏳ 等待 1.3 秒后继续...
2026-04-09 09:04:48,467 | INFO | ali1688_goods_monitor | 🔍 [155/268] 获取SKU: https://detail.1688.com/offer/909894706445.html
2026-04-09 09:05:17,222 | INFO | ali1688_goods_monitor |    ✅ 获取到 34 个SKU
2026-04-09 09:05:17,223 | INFO | ali1688_goods_monitor |    ⏳ 等待 1.2 秒后继续...
2026-04-09 09:05:18,399 | INFO | ali1688_goods_monitor | 🔍 [156/268] 获取SKU: https://detail.1688.com/offer/983142383790.html
2026-04-09 09:05:33,181 | WARNING | ali1688_goods_monitor |    ⚠️ 未获取到SKU数据
2026-04-09 09:05:33,188 | INFO | ali1688_goods_monitor |    ⏳ 等待 1.5 秒后继续...
2026-04-09 09:05:34,649 | INFO | ali1688_goods_monitor | 🔍 [157/268] 获取SKU: https://detail.1688.com/offer/695065852792.html
2026-04-09 09:06:02,680 | INFO | ali1688_goods_monitor |    ✅ 获取到 2 个SKU
2026-04-09 09:06:02,680 | INFO | ali1688_goods_monitor |    ⏳ 等待 2.4 秒后继续...
2026-04-09 09:06:05,066 | INFO | ali1688_goods_monitor | 🔍 [158/268] 获取SKU: https://detail.1688.com/offer/939201456076.html
2026-04-09 09:06:33,017 | INFO | ali1688_goods_monitor |    ✅ 获取到 7 个SKU
2026-04-09 09:06:33,017 | INFO | ali1688_goods_monitor |    ⏳ 等待 1.0 秒后继续...
2026-04-09 09:06:34,048 | INFO | ali1688_goods_monitor | 🔍 [159/268] 获取SKU: https://detail.1688.com/offer/955211708273.html
2026-04-09 09:07:02,417 | INFO | ali1688_goods_monitor |    ✅ 获取到 23 个SKU
2026-04-09 09:07:02,417 | INFO | ali1688_goods_monitor |    ⏳ 等待 1.8 秒后继续...
2026-04-09 09:07:04,232 | INFO | ali1688_goods_monitor | 🔍 [160/268] 获取SKU: https://detail.1688.com/offer/818121391220.html
2026-04-09 09:07:32,573 | INFO | ali1688_goods_monitor |    ✅ 获取到 7 个SKU
2026-04-09 09:07:32,574 | INFO | ali1688_goods_monitor |    ⏳ 等待 2.3 秒后继续...
2026-04-09 09:07:34,867 | INFO | ali1688_goods_monitor | 🔍 [161/268] 获取SKU: https://detail.1688.com/offer/854420062122.html
2026-04-09 09:08:03,577 | INFO | ali1688_goods_monitor |    ✅ 获取到 12 个SKU
2026-04-09 09:08:03,577 | INFO | ali1688_goods_monitor |    ⏳ 等待 1.1 秒后继续...
2026-04-09 09:08:04,715 | INFO | ali1688_goods_monitor | 🔍 [162/268] 获取SKU: https://detail.1688.com/offer/653871136084.html
2026-04-09 09:08:32,971 | INFO | ali1688_goods_monitor |    ✅ 获取到 4 个SKU
2026-04-09 09:08:32,972 | INFO | ali1688_goods_monitor |    ⏳ 等待 1.0 秒后继续...
2026-04-09 09:08:34,005 | INFO | ali1688_goods_monitor | 🔍 [163/268] 获取SKU: https://detail.1688.com/offer/997742353743.html
2026-04-09 09:08:38,643 | ERROR | ali1688_goods_monitor |    ❌ 获取SKU失败: 
与页面的连接已断开。
版本: 4.1.1.2
2026-04-09 09:08:38,644 | INFO | ali1688_goods_monitor |    ⏳ 等待 2.0 秒后继续...
2026-04-09 09:08:40,674 | INFO | ali1688_goods_monitor | 🔍 [164/268] 获取SKU: https://detail.1688.com/offer/668301084321.html
2026-04-09 09:08:40,679 | ERROR | ali1688_goods_monitor |    ❌ 获取SKU失败: 
与页面的连接已断开。
版本: 4.1.1.2
2026-04-09 09:08:40,680 | INFO | ali1688_goods_monitor |    ⏳ 等待 1.3 秒后继续...
2026-04-09 09:08:42,039 | INFO | ali1688_goods_monitor | 🔍 [165/268] 获取SKU: https://detail.1688.com/offer/848295933948.html
2026-04-09 09:08:42,045 | ERROR | ali1688_goods_monitor |    ❌ 获取SKU失败: 
与页面的连接已断开。
版本: 4.1.1.2
2026-04-09 09:08:42,045 | INFO | ali1688_goods_monitor |    ⏳ 等待 1.9 秒后继续...
2026-04-09 09:08:43,988 | INFO | ali1688_goods_monitor | 🔍 [166/268] 获取SKU: https://detail.1688.com/offer/985101359570.html
2026-04-09 09:08:43,992 | ERROR | ali1688_goods_monitor |    ❌ 获取SKU失败: 
与页面的连接已断开。
版本: 4.1.1.2
2026-04-09 09:08:43,992 | INFO | ali1688_goods_monitor |    ⏳ 等待 1.0 秒后继续...
2026-04-09 09:08:45,047 | INFO | ali1688_goods_monitor | 🔍 [167/268] 获取SKU: https://detail.1688.com/offer/834236928026.html
2026-04-09 09:08:45,054 | ERROR | ali1688_goods_monitor |    ❌ 获取SKU失败: 
与页面的连接已断开。
版本: 4.1.1.2
2026-04-09 09:08:45,055 | INFO | ali1688_goods_monitor |    ⏳ 等待 1.1 秒后继续...
2026-04-09 09:08:46,117 | INFO | ali1688_goods_monitor | 🔍 [168/268] 获取SKU: https://detail.1688.com/offer/906941705446.html
2026-04-09 09:08:46,125 | ERROR | ali1688_goods_monitor |    ❌ 获取SKU失败: 
与页面的连接已断开。
版本: 4.1.1.2
2026-04-09 09:08:46,126 | INFO | ali1688_goods_monitor |    ⏳ 等待 2.3 秒后继续...
2026-04-09 09:08:48,414 | INFO | ali1688_goods_monitor | 🔍 [169/268] 获取SKU: https://detail.1688.com/offer/847713406081.html
2026-04-09 09:08:48,421 | ERROR | ali1688_goods_monitor |    ❌ 获取SKU失败: 
与页面的连接已断开。
版本: 4.1.1.2
2026-04-09 09:08:48,421 | INFO | ali1688_goods_monitor |    ⏳ 等待 2.4 秒后继续...
2026-04-09 09:08:50,816 | INFO | ali1688_goods_monitor | 🔍 [170/268] 获取SKU: https://detail.1688.com/offer/626387346293.html
2026-04-09 09:08:50,820 | ERROR | ali1688_goods_monitor |    ❌ 获取SKU失败: 
与页面的连接已断开。
版本: 4.1.1.2
2026-04-09 09:08:50,820 | INFO | ali1688_goods_monitor |    ⏳ 等待 2.2 秒后继续...
2026-04-09 09:08:52,995 | INFO | ali1688_goods_monitor | 🔍 [171/268] 获取SKU: https://detail.1688.com/offer/984336119328.html
2026-04-09 09:08:52,999 | ERROR | ali1688_goods_monitor |    ❌ 获取SKU失败: 
与页面的连接已断开。
版本: 4.1.1.2
2026-04-09 09:08:53,000 | INFO | ali1688_goods_monitor |    ⏳ 等待 2.5 秒后继续...
2026-04-09 09:08:55,510 | INFO | ali1688_goods_monitor | 🔍 [172/268] 获取SKU: https://detail.1688.com/offer/985879832920.html
2026-04-09 09:08:55,515 | ERROR | ali1688_goods_monitor |    ❌ 获取SKU失败: 
与页面的连接已断开。
版本: 4.1.1.2
2026-04-09 09:08:55,515 | INFO | ali1688_goods_monitor |    ⏳ 等待 2.2 秒后继续...
2026-04-09 09:08:57,734 | INFO | ali1688_goods_monitor | 🔍 [173/268] 获取SKU: https://detail.1688.com/offer/709904411964.html
2026-04-09 09:08:57,739 | ERROR | ali1688_goods_monitor |    ❌ 获取SKU失败: 
与页面的连接已断开。
版本: 4.1.1.2
2026-04-09 09:08:57,739 | INFO | ali1688_goods_monitor |    ⏳ 等待 2.2 秒后继续...
2026-04-09 09:08:59,910 | INFO | ali1688_goods_monitor | 🔍 [174/268] 获取SKU: https://detail.1688.com/offer/716733322460.html
2026-04-09 09:08:59,917 | ERROR | ali1688_goods_monitor |    ❌ 获取SKU失败: 
与页面的连接已断开。
版本: 4.1.1.2
2026-04-09 09:08:59,917 | INFO | ali1688_goods_monitor |    ⏳ 等待 2.2 秒后继续...
2026-04-09 09:09:02,073 | INFO | ali1688_goods_monitor | 🔍 [175/268] 获取SKU: https://detail.1688.com/offer/847979472849.html
2026-04-09 09:09:02,077 | ERROR | ali1688_goods_monitor |    ❌ 获取SKU失败: 
与页面的连接已断开。
版本: 4.1.1.2
2026-04-09 09:09:02,077 | INFO | ali1688_goods_monitor |    ⏳ 等待 1.3 秒后继续...
2026-04-09 09:09:03,338 | INFO | ali1688_goods_monitor | 🔍 [176/268] 获取SKU: https://detail.1688.com/offer/900592605428.html
2026-04-09 09:09:03,344 | ERROR | ali1688_goods_monitor |    ❌ 获取SKU失败: 
与页面的连接已断开。
版本: 4.1.1.2
2026-04-09 09:09:03,344 | INFO | ali1688_goods_monitor |    ⏳ 等待 2.2 秒后继续...
2026-04-09 09:09:05,542 | INFO | ali1688_goods_monitor | 🔍 [177/268] 获取SKU: https://detail.1688.com/offer/661514670948.html
2026-04-09 09:09:05,545 | ERROR | ali1688_goods_monitor |    ❌ 获取SKU失败: 
与页面的连接已断开。
版本: 4.1.1.2
2026-04-09 09:09:05,546 | INFO | ali1688_goods_monitor |    ⏳ 等待 1.8 秒后继续...
2026-04-09 09:09:07,361 | INFO | ali1688_goods_monitor | 🔍 [178/268] 获取SKU: https://detail.1688.com/offer/992713938362.html
2026-04-09 09:09:07,372 | ERROR | ali1688_goods_monitor |    ❌ 获取SKU失败: 
与页面的连接已断开。
版本: 4.1.1.2
2026-04-09 09:09:07,373 | INFO | ali1688_goods_monitor |    ⏳ 等待 1.7 秒后继续...
2026-04-09 09:09:09,053 | INFO | ali1688_goods_monitor | 🔍 [179/268] 获取SKU: https://detail.1688.com/offer/686348979544.html
2026-04-09 09:09:09,057 | ERROR | ali1688_goods_monitor |    ❌ 获取SKU失败: 
与页面的连接已断开。
版本: 4.1.1.2
2026-04-09 09:09:09,058 | INFO | ali1688_goods_monitor |    ⏳ 等待 1.1 秒后继续...
2026-04-09 09:09:10,201 | INFO | ali1688_goods_monitor | 🔍 [180/268] 获取SKU: https://detail.1688.com/offer/847713406078.html
2026-04-09 09:09:10,204 | ERROR | ali1688_goods_monitor |    ❌ 获取SKU失败: 
与页面的连接已断开。
版本: 4.1.1.2
2026-04-09 09:09:10,204 | INFO | ali1688_goods_monitor |    ⏳ 等待 1.6 秒后继续...
2026-04-09 09:09:11,782 | INFO | ali1688_goods_monitor | 🔍 [181/268] 获取SKU: https://detail.1688.com/offer/661664097697.html
2026-04-09 09:09:11,789 | ERROR | ali1688_goods_monitor |    ❌ 获取SKU失败: 
与页面的连接已断开。
版本: 4.1.1.2
2026-04-09 09:09:11,789 | INFO | ali1688_goods_monitor |    ⏳ 等待 1.7 秒后继续...
2026-04-09 09:09:13,471 | INFO | ali1688_goods_monitor | 🔍 [182/268] 获取SKU: https://detail.1688.com/offer/678110916347.html
2026-04-09 09:09:13,480 | ERROR | ali1688_goods_monitor |    ❌ 获取SKU失败: 
与页面的连接已断开。
版本: 4.1.1.2
2026-04-09 09:09:13,480 | INFO | ali1688_goods_monitor |    ⏳ 等待 1.2 秒后继续...
2026-04-09 09:09:14,668 | INFO | ali1688_goods_monitor | 🔍 [183/268] 获取SKU: https://detail.1688.com/offer/672751050822.html
2026-04-09 09:09:14,673 | ERROR | ali1688_goods_monitor |    ❌ 获取SKU失败: 
与页面的连接已断开。
版本: 4.1.1.2
2026-04-09 09:09:14,674 | INFO | ali1688_goods_monitor |    ⏳ 等待 1.9 秒后继续...
2026-04-09 09:09:16,591 | INFO | ali1688_goods_monitor | 🔍 [184/268] 获取SKU: https://detail.1688.com/offer/942621028118.html
2026-04-09 09:09:16,594 | ERROR | ali1688_goods_monitor |    ❌ 获取SKU失败: 
与页面的连接已断开。
版本: 4.1.1.2
2026-04-09 09:09:16,595 | INFO | ali1688_goods_monitor |    ⏳ 等待 1.9 秒后继续...
2026-04-09 09:09:18,477 | INFO | ali1688_goods_monitor | 🔍 [185/268] 获取SKU: https://detail.1688.com/offer/946133528766.html
2026-04-09 09:09:18,486 | ERROR | ali1688_goods_monitor |    ❌ 获取SKU失败: 
与页面的连接已断开。
版本: 4.1.1.2
2026-04-09 09:09:18,487 | INFO | ali1688_goods_monitor |    ⏳ 等待 1.1 秒后继续...
2026-04-09 09:09:19,595 | INFO | ali1688_goods_monitor | 🔍 [186/268] 获取SKU: https://detail.1688.com/offer/676772683627.html
2026-04-09 09:09:19,600 | ERROR | ali1688_goods_monitor |    ❌ 获取SKU失败: 
与页面的连接已断开。
版本: 4.1.1.2
2026-04-09 09:09:19,601 | INFO | ali1688_goods_monitor |    ⏳ 等待 1.8 秒后继续...
2026-04-09 09:09:21,440 | INFO | ali1688_goods_monitor | 🔍 [187/268] 获取SKU: https://detail.1688.com/offer/903149142386.html
2026-04-09 09:09:21,448 | ERROR | ali1688_goods_monitor |    ❌ 获取SKU失败: 
与页面的连接已断开。
版本: 4.1.1.2
2026-04-09 09:09:21,449 | INFO | ali1688_goods_monitor |    ⏳ 等待 2.4 秒后继续...
2026-04-09 09:09:23,838 | INFO | ali1688_goods_monitor | 🔍 [188/268] 获取SKU: https://detail.1688.com/offer/975402784788.html
2026-04-09 09:09:23,842 | ERROR | ali1688_goods_monitor |    ❌ 获取SKU失败: 
与页面的连接已断开。
版本: 4.1.1.2
2026-04-09 09:09:23,843 | INFO | ali1688_goods_monitor |    ⏳ 等待 1.9 秒后继续...
2026-04-09 09:09:25,737 | INFO | ali1688_goods_monitor | 🔍 [189/268] 获取SKU: https://detail.1688.com/offer/987237412445.html
2026-04-09 09:09:25,742 | ERROR | ali1688_goods_monitor |    ❌ 获取SKU失败: 
与页面的连接已断开。
版本: 4.1.1.2
2026-04-09 09:09:25,742 | INFO | ali1688_goods_monitor |    ⏳ 等待 1.9 秒后继续...
2026-04-09 09:09:27,680 | INFO | ali1688_goods_monitor | 🔍 [190/268] 获取SKU: https://detail.1688.com/offer/987732400816.html
2026-04-09 09:09:27,684 | ERROR | ali1688_goods_monitor |    ❌ 获取SKU失败: 
与页面的连接已断开。
版本: 4.1.1.2
2026-04-09 09:09:27,684 | INFO | ali1688_goods_monitor |    ⏳ 等待 1.9 秒后继续...
2026-04-09 09:09:29,635 | INFO | ali1688_goods_monitor | 🔍 [191/268] 获取SKU: https://detail.1688.com/offer/991759687233.html
2026-04-09 09:09:29,640 | ERROR | ali1688_goods_monitor |    ❌ 获取SKU失败: 
与页面的连接已断开。
版本: 4.1.1.2
2026-04-09 09:09:29,641 | INFO | ali1688_goods_monitor |    ⏳ 等待 2.0 秒后继续...
2026-04-09 09:09:31,636 | INFO | ali1688_goods_monitor | 🔍 [192/268] 获取SKU: https://detail.1688.com/offer/724154127228.html
2026-04-09 09:09:31,639 | ERROR | ali1688_goods_monitor |    ❌ 获取SKU失败: 
与页面的连接已断开。
版本: 4.1.1.2
2026-04-09 09:09:31,640 | INFO | ali1688_goods_monitor |    ⏳ 等待 2.0 秒后继续...
2026-04-09 09:09:33,667 | INFO | ali1688_goods_monitor | 🔍 [193/268] 获取SKU: https://detail.1688.com/offer/998016077358.html
2026-04-09 09:09:33,671 | ERROR | ali1688_goods_monitor |    ❌ 获取SKU失败: 
与页面的连接已断开。
版本: 4.1.1.2
2026-04-09 09:09:33,672 | INFO | ali1688_goods_monitor |    ⏳ 等待 1.8 秒后继续...
2026-04-09 09:09:35,496 | INFO | ali1688_goods_monitor | 🔍 [194/268] 获取SKU: https://detail.1688.com/offer/972523284067.html
2026-04-09 09:09:35,511 | ERROR | ali1688_goods_monitor |    ❌ 获取SKU失败: 
与页面的连接已断开。
版本: 4.1.1.2
2026-04-09 09:09:35,520 | INFO | ali1688_goods_monitor |    ⏳ 等待 2.4 秒后继续...
2026-04-09 09:09:37,975 | INFO | ali1688_goods_monitor | 🔍 [195/268] 获取SKU: https://detail.1688.com/offer/675557812438.html
2026-04-09 09:09:38,025 | ERROR | ali1688_goods_monitor |    ❌ 获取SKU失败: 
与页面的连接已断开。
版本: 4.1.1.2
2026-04-09 09:09:38,080 | INFO | ali1688_goods_monitor |    ⏳ 等待 1.3 秒后继续...
2026-04-09 09:09:39,421 | INFO | ali1688_goods_monitor | 🔍 [196/268] 获取SKU: https://detail.1688.com/offer/990976789985.html
2026-04-09 09:09:39,422 | ERROR | ali1688_goods_monitor |    ❌ 获取SKU失败: 
与页面的连接已断开。
版本: 4.1.1.2
2026-04-09 09:09:39,422 | INFO | ali1688_goods_monitor |    ⏳ 等待 1.7 秒后继续...
2026-04-09 09:09:41,098 | INFO | ali1688_goods_monitor | 🔍 [197/268] 获取SKU: https://detail.1688.com/offer/992882388093.html
2026-04-09 09:09:41,106 | ERROR | ali1688_goods_monitor |    ❌ 获取SKU失败: 
与页面的连接已断开。
版本: 4.1.1.2
2026-04-09 09:09:41,107 | INFO | ali1688_goods_monitor |    ⏳ 等待 1.7 秒后继续...
2026-04-09 09:09:42,783 | INFO | ali1688_goods_monitor | 🔍 [198/268] 获取SKU: https://detail.1688.com/offer/900563388108.html
2026-04-09 09:09:42,792 | ERROR | ali1688_goods_monitor |    ❌ 获取SKU失败: 
与页面的连接已断开。
版本: 4.1.1.2
2026-04-09 09:09:42,792 | INFO | ali1688_goods_monitor |    ⏳ 等待 1.4 秒后继续...
2026-04-09 09:09:44,216 | INFO | ali1688_goods_monitor | 🔍 [199/268] 获取SKU: https://detail.1688.com/offer/646729482472.html
2026-04-09 09:09:44,220 | ERROR | ali1688_goods_monitor |    ❌ 获取SKU失败: 
与页面的连接已断开。
版本: 4.1.1.2
2026-04-09 09:09:44,220 | INFO | ali1688_goods_monitor |    ⏳ 等待 1.2 秒后继续...
2026-04-09 09:09:45,466 | INFO | ali1688_goods_monitor | 🔍 [200/268] 获取SKU: https://detail.1688.com/offer/683872677220.html
2026-04-09 09:09:45,472 | ERROR | ali1688_goods_monitor |    ❌ 获取SKU失败: 
与页面的连接已断开。
版本: 4.1.1.2
2026-04-09 09:09:45,473 | INFO | ali1688_goods_monitor |    ⏳ 等待 1.9 秒后继续...
2026-04-09 09:09:47,381 | INFO | ali1688_goods_monitor | 🔍 [201/268] 获取SKU: https://detail.1688.com/offer/670793076081.html
2026-04-09 09:09:47,388 | ERROR | ali1688_goods_monitor |    ❌ 获取SKU失败: 
与页面的连接已断开。
版本: 4.1.1.2
2026-04-09 09:09:47,389 | INFO | ali1688_goods_monitor |    ⏳ 等待 1.3 秒后继续...
2026-04-09 09:09:48,707 | INFO | ali1688_goods_monitor | 🔍 [202/268] 获取SKU: https://detail.1688.com/offer/978968804889.html
2026-04-09 09:09:48,714 | ERROR | ali1688_goods_monitor |    ❌ 获取SKU失败: 
与页面的连接已断开。
版本: 4.1.1.2
2026-04-09 09:09:48,715 | INFO | ali1688_goods_monitor |    ⏳ 等待 1.8 秒后继续...
2026-04-09 09:09:50,501 | INFO | ali1688_goods_monitor | 🔍 [203/268] 获取SKU: https://detail.1688.com/offer/538297571141.html
2026-04-09 09:09:50,510 | ERROR | ali1688_goods_monitor |    ❌ 获取SKU失败: 
与页面的连接已断开。
版本: 4.1.1.2
2026-04-09 09:09:50,510 | INFO | ali1688_goods_monitor |    ⏳ 等待 1.1 秒后继续...
2026-04-09 09:09:51,649 | INFO | ali1688_goods_monitor | 🔍 [204/268] 获取SKU: https://detail.1688.com/offer/994715362159.html
2026-04-09 09:09:51,653 | ERROR | ali1688_goods_monitor |    ❌ 获取SKU失败: 
与页面的连接已断开。
版本: 4.1.1.2
2026-04-09 09:09:51,654 | INFO | ali1688_goods_monitor |    ⏳ 等待 1.4 秒后继续...
2026-04-09 09:09:53,092 | INFO | ali1688_goods_monitor | 🔍 [205/268] 获取SKU: https://detail.1688.com/offer/848415574468.html
2026-04-09 09:09:53,098 | ERROR | ali1688_goods_monitor |    ❌ 获取SKU失败: 
与页面的连接已断开。
版本: 4.1.1.2
2026-04-09 09:09:53,098 | INFO | ali1688_goods_monitor |    ⏳ 等待 2.5 秒后继续...
2026-04-09 09:09:55,598 | INFO | ali1688_goods_monitor | 🔍 [206/268] 获取SKU: https://detail.1688.com/offer/969387993044.html
2026-04-09 09:09:55,604 | ERROR | ali1688_goods_monitor |    ❌ 获取SKU失败: 
与页面的连接已断开。
版本: 4.1.1.2
2026-04-09 09:09:55,604 | INFO | ali1688_goods_monitor |    ⏳ 等待 2.4 秒后继续...
2026-04-09 09:09:58,010 | INFO | ali1688_goods_monitor | 🔍 [207/268] 获取SKU: https://detail.1688.com/offer/895042686618.html
2026-04-09 09:09:58,016 | ERROR | ali1688_goods_monitor |    ❌ 获取SKU失败: 
与页面的连接已断开。
版本: 4.1.1.2
2026-04-09 09:09:58,016 | INFO | ali1688_goods_monitor |    ⏳ 等待 1.3 秒后继续...
2026-04-09 09:09:59,370 | INFO | ali1688_goods_monitor | 🔍 [208/268] 获取SKU: https://detail.1688.com/offer/990260832462.html
2026-04-09 09:09:59,372 | ERROR | ali1688_goods_monitor |    ❌ 获取SKU失败: 
与页面的连接已断开。
版本: 4.1.1.2
2026-04-09 09:09:59,373 | INFO | ali1688_goods_monitor |    ⏳ 等待 2.2 秒后继续...
2026-04-09 09:10:01,594 | INFO | ali1688_goods_monitor | 🔍 [209/268] 获取SKU: https://detail.1688.com/offer/986633373239.html
2026-04-09 09:10:01,597 | ERROR | ali1688_goods_monitor |    ❌ 获取SKU失败: 
与页面的连接已断开。
版本: 4.1.1.2
2026-04-09 09:10:01,597 | INFO | ali1688_goods_monitor |    ⏳ 等待 1.3 秒后继续...
2026-04-09 09:10:02,902 | INFO | ali1688_goods_monitor | 🔍 [210/268] 获取SKU: https://detail.1688.com/offer/858770936676.html
2026-04-09 09:10:02,908 | ERROR | ali1688_goods_monitor |    ❌ 获取SKU失败: 
与页面的连接已断开。
版本: 4.1.1.2
2026-04-09 09:10:02,908 | INFO | ali1688_goods_monitor |    ⏳ 等待 1.4 秒后继续...
2026-04-09 09:10:04,356 | INFO | ali1688_goods_monitor | 🔍 [211/268] 获取SKU: https://detail.1688.com/offer/854168645121.html
2026-04-09 09:10:04,359 | ERROR | ali1688_goods_monitor |    ❌ 获取SKU失败: 
与页面的连接已断开。
版本: 4.1.1.2
2026-04-09 09:10:04,359 | INFO | ali1688_goods_monitor |    ⏳ 等待 1.6 秒后继续...
2026-04-09 09:10:05,963 | INFO | ali1688_goods_monitor | 🔍 [212/268] 获取SKU: https://detail.1688.com/offer/1031769907868.html
2026-04-09 09:10:05,971 | ERROR | ali1688_goods_monitor |    ❌ 获取SKU失败: 
与页面的连接已断开。
版本: 4.1.1.2
2026-04-09 09:10:05,972 | INFO | ali1688_goods_monitor |    ⏳ 等待 1.1 秒后继续...
2026-04-09 09:10:07,085 | INFO | ali1688_goods_monitor | 🔍 [213/268] 获取SKU: https://detail.1688.com/offer/917025701974.html
2026-04-09 09:10:07,090 | ERROR | ali1688_goods_monitor |    ❌ 获取SKU失败: 
与页面的连接已断开。
版本: 4.1.1.2
2026-04-09 09:10:07,091 | INFO | ali1688_goods_monitor |    ⏳ 等待 2.2 秒后继续...
2026-04-09 09:10:09,313 | INFO | ali1688_goods_monitor | 🔍 [214/268] 获取SKU: https://detail.1688.com/offer/910382293640.html
2026-04-09 09:10:09,322 | ERROR | ali1688_goods_monitor |    ❌ 获取SKU失败: 
与页面的连接已断开。
版本: 4.1.1.2
2026-04-09 09:10:09,322 | INFO | ali1688_goods_monitor |    ⏳ 等待 1.5 秒后继续...
2026-04-09 09:10:10,775 | INFO | ali1688_goods_monitor | 🔍 [215/268] 获取SKU: https://detail.1688.com/offer/1027381048230.html
2026-04-09 09:10:10,780 | ERROR | ali1688_goods_monitor |    ❌ 获取SKU失败: 
与页面的连接已断开。
版本: 4.1.1.2
2026-04-09 09:10:10,784 | INFO | ali1688_goods_monitor |    ⏳ 等待 1.1 秒后继续...
2026-04-09 09:10:11,891 | INFO | ali1688_goods_monitor | 🔍 [216/268] 获取SKU: https://detail.1688.com/offer/757454263904.html
2026-04-09 09:10:11,894 | ERROR | ali1688_goods_monitor |    ❌ 获取SKU失败: 
与页面的连接已断开。
版本: 4.1.1.2
2026-04-09 09:10:11,895 | INFO | ali1688_goods_monitor |    ⏳ 等待 2.4 秒后继续...
2026-04-09 09:10:14,286 | INFO | ali1688_goods_monitor | 🔍 [217/268] 获取SKU: https://detail.1688.com/offer/973247771787.html
2026-04-09 09:10:14,291 | ERROR | ali1688_goods_monitor |    ❌ 获取SKU失败: 
与页面的连接已断开。
版本: 4.1.1.2
2026-04-09 09:10:14,291 | INFO | ali1688_goods_monitor |    ⏳ 等待 1.2 秒后继续...
2026-04-09 09:10:15,488 | INFO | ali1688_goods_monitor | 🔍 [218/268] 获取SKU: https://detail.1688.com/offer/992863648563.html
2026-04-09 09:10:15,492 | ERROR | ali1688_goods_monitor |    ❌ 获取SKU失败: 
与页面的连接已断开。
版本: 4.1.1.2
2026-04-09 09:10:15,492 | INFO | ali1688_goods_monitor |    ⏳ 等待 1.0 秒后继续...
2026-04-09 09:10:16,527 | INFO | ali1688_goods_monitor | 🔍 [219/268] 获取SKU: https://detail.1688.com/offer/897059922290.html
2026-04-09 09:10:16,532 | ERROR | ali1688_goods_monitor |    ❌ 获取SKU失败: 
与页面的连接已断开。
版本: 4.1.1.2
2026-04-09 09:10:16,532 | INFO | ali1688_goods_monitor |    ⏳ 等待 1.2 秒后继续...
2026-04-09 09:10:17,781 | INFO | ali1688_goods_monitor | 🔍 [220/268] 获取SKU: https://detail.1688.com/offer/960725525521.html
2026-04-09 09:10:17,871 | ERROR | ali1688_goods_monitor |    ❌ 获取SKU失败: 
与页面的连接已断开。
版本: 4.1.1.2
2026-04-09 09:10:17,872 | INFO | ali1688_goods_monitor |    ⏳ 等待 2.1 秒后继续...
2026-04-09 09:10:20,003 | INFO | ali1688_goods_monitor | 🔍 [221/268] 获取SKU: https://detail.1688.com/offer/1035850540780.html
2026-04-09 09:10:20,013 | ERROR | ali1688_goods_monitor |    ❌ 获取SKU失败: 
与页面的连接已断开。
版本: 4.1.1.2
2026-04-09 09:10:20,014 | INFO | ali1688_goods_monitor |    ⏳ 等待 2.0 秒后继续...
2026-04-09 09:10:22,060 | INFO | ali1688_goods_monitor | 🔍 [222/268] 获取SKU: https://detail.1688.com/offer/726064645781.html
2026-04-09 09:10:22,063 | ERROR | ali1688_goods_monitor |    ❌ 获取SKU失败: 
与页面的连接已断开。
版本: 4.1.1.2
2026-04-09 09:10:22,064 | INFO | ali1688_goods_monitor |    ⏳ 等待 2.0 秒后继续...
2026-04-09 09:10:24,032 | INFO | ali1688_goods_monitor | 🔍 [223/268] 获取SKU: https://detail.1688.com/offer/728912992880.html
2026-04-09 09:10:24,037 | ERROR | ali1688_goods_monitor |    ❌ 获取SKU失败: 
与页面的连接已断开。
版本: 4.1.1.2
2026-04-09 09:10:24,037 | INFO | ali1688_goods_monitor |    ⏳ 等待 2.0 秒后继续...
2026-04-09 09:10:26,092 | INFO | ali1688_goods_monitor | 🔍 [224/268] 获取SKU: https://detail.1688.com/offer/643044757475.html
2026-04-09 09:10:26,099 | ERROR | ali1688_goods_monitor |    ❌ 获取SKU失败: 
与页面的连接已断开。
版本: 4.1.1.2
2026-04-09 09:10:26,099 | INFO | ali1688_goods_monitor |    ⏳ 等待 1.4 秒后继续...
2026-04-09 09:10:27,523 | INFO | ali1688_goods_monitor | 🔍 [225/268] 获取SKU: https://detail.1688.com/offer/634658078975.html
2026-04-09 09:10:27,526 | ERROR | ali1688_goods_monitor |    ❌ 获取SKU失败: 
与页面的连接已断开。
版本: 4.1.1.2
2026-04-09 09:10:27,526 | INFO | ali1688_goods_monitor |    ⏳ 等待 1.1 秒后继续...
2026-04-09 09:10:28,662 | INFO | ali1688_goods_monitor | 🔍 [226/268] 获取SKU: https://detail.1688.com/offer/973255115593.html
2026-04-09 09:10:28,667 | ERROR | ali1688_goods_monitor |    ❌ 获取SKU失败: 
与页面的连接已断开。
版本: 4.1.1.2
2026-04-09 09:10:28,667 | INFO | ali1688_goods_monitor |    ⏳ 等待 1.9 秒后继续...
2026-04-09 09:10:30,623 | INFO | ali1688_goods_monitor | 🔍 [227/268] 获取SKU: https://detail.1688.com/offer/1013917249205.html
2026-04-09 09:10:30,628 | ERROR | ali1688_goods_monitor |    ❌ 获取SKU失败: 
与页面的连接已断开。
版本: 4.1.1.2
2026-04-09 09:10:30,628 | INFO | ali1688_goods_monitor |    ⏳ 等待 1.2 秒后继续...
2026-04-09 09:10:31,827 | INFO | ali1688_goods_monitor | 🔍 [228/268] 获取SKU: https://detail.1688.com/offer/984991416938.html
2026-04-09 09:10:31,835 | ERROR | ali1688_goods_monitor |    ❌ 获取SKU失败: 
与页面的连接已断开。
版本: 4.1.1.2
2026-04-09 09:10:31,836 | INFO | ali1688_goods_monitor |    ⏳ 等待 1.3 秒后继续...
2026-04-09 09:10:33,120 | INFO | ali1688_goods_monitor | 🔍 [229/268] 获取SKU: https://detail.1688.com/offer/629652629026.html
2026-04-09 09:10:33,131 | ERROR | ali1688_goods_monitor |    ❌ 获取SKU失败: 
与页面的连接已断开。
版本: 4.1.1.2
2026-04-09 09:10:33,131 | INFO | ali1688_goods_monitor |    ⏳ 等待 1.1 秒后继续...
2026-04-09 09:10:34,232 | INFO | ali1688_goods_monitor | 🔍 [230/268] 获取SKU: https://detail.1688.com/offer/1033404841463.html
2026-04-09 09:10:34,236 | ERROR | ali1688_goods_monitor |    ❌ 获取SKU失败: 
与页面的连接已断开。
版本: 4.1.1.2
2026-04-09 09:10:34,237 | INFO | ali1688_goods_monitor |    ⏳ 等待 1.9 秒后继续...
2026-04-09 09:10:36,138 | INFO | ali1688_goods_monitor | 🔍 [231/268] 获取SKU: https://detail.1688.com/offer/847993548322.html
2026-04-09 09:10:36,142 | ERROR | ali1688_goods_monitor |    ❌ 获取SKU失败: 
与页面的连接已断开。
版本: 4.1.1.2
2026-04-09 09:10:36,143 | INFO | ali1688_goods_monitor |    ⏳ 等待 2.1 秒后继续...
2026-04-09 09:10:38,265 | INFO | ali1688_goods_monitor | 🔍 [232/268] 获取SKU: https://detail.1688.com/offer/1028239295024.html
2026-04-09 09:10:38,271 | ERROR | ali1688_goods_monitor |    ❌ 获取SKU失败: 
与页面的连接已断开。
版本: 4.1.1.2
2026-04-09 09:10:38,272 | INFO | ali1688_goods_monitor |    ⏳ 等待 2.0 秒后继续...
2026-04-09 09:10:40,296 | INFO | ali1688_goods_monitor | 🔍 [233/268] 获取SKU: https://detail.1688.com/offer/1001279554121.html
2026-04-09 09:10:40,298 | ERROR | ali1688_goods_monitor |    ❌ 获取SKU失败: 
与页面的连接已断开。
版本: 4.1.1.2
2026-04-09 09:10:40,298 | INFO | ali1688_goods_monitor |    ⏳ 等待 2.2 秒后继续...
2026-04-09 09:10:42,482 | INFO | ali1688_goods_monitor | 🔍 [234/268] 获取SKU: https://detail.1688.com/offer/1024421346400.html
2026-04-09 09:10:42,486 | ERROR | ali1688_goods_monitor |    ❌ 获取SKU失败: 
与页面的连接已断开。
版本: 4.1.1.2
2026-04-09 09:10:42,486 | INFO | ali1688_goods_monitor |    ⏳ 等待 1.7 秒后继续...
2026-04-09 09:10:44,190 | INFO | ali1688_goods_monitor | 🔍 [235/268] 获取SKU: https://detail.1688.com/offer/929103621035.html
2026-04-09 09:10:44,196 | ERROR | ali1688_goods_monitor |    ❌ 获取SKU失败: 
与页面的连接已断开。
版本: 4.1.1.2
2026-04-09 09:10:44,196 | INFO | ali1688_goods_monitor |    ⏳ 等待 1.1 秒后继续...
2026-04-09 09:10:45,330 | INFO | ali1688_goods_monitor | 🔍 [236/268] 获取SKU: https://detail.1688.com/offer/858007859516.html
2026-04-09 09:10:45,333 | ERROR | ali1688_goods_monitor |    ❌ 获取SKU失败: 
与页面的连接已断开。
版本: 4.1.1.2
2026-04-09 09:10:45,333 | INFO | ali1688_goods_monitor |    ⏳ 等待 1.2 秒后继续...
2026-04-09 17:56:51,684 | INFO | ali1688_goods_monitor | ============================================================
2026-04-09 17:56:51,685 | INFO | ali1688_goods_monitor | 🚀 开始1688竞品监控任务
2026-04-09 17:56:51,685 | INFO | ali1688_goods_monitor | ============================================================
2026-04-09 17:56:52,888 | INFO | ali1688_goods_monitor | 浏览器初始化成功
2026-04-09 17:57:07,852 | INFO | ali1688_goods_monitor | 📦 共找到 275 个商品ID，将分批查询（每批10个）
2026-04-09 17:57:15,960 | INFO | ali1688_goods_monitor | ❎ 已关闭引导弹窗2
2026-04-09 17:57:16,491 | INFO | ali1688_goods_monitor | ============================================================
2026-04-09 17:57:16,491 | INFO | ali1688_goods_monitor | 📊 第一阶段：获取商品基本信息
2026-04-09 17:57:16,491 | INFO | ali1688_goods_monitor | ============================================================
2026-04-09 17:57:16,491 | INFO | ali1688_goods_monitor | 🔍 处理第 1/14 批，共 20 个商品
2026-04-09 17:57:16,491 | INFO | ali1688_goods_monitor | 📋 商品ID: 971080031926、968280048908、943395574791、833661915665、982634945037、1016515592011、979203908708、835170979856、971037620206、1003272185431、617837580726、1005984550667、807432916292、928700805986、1040782952704、903613869442、1026068947837、954713432833、798059727032、812259607012
2026-04-09 17:57:16,491 | INFO | ali1688_goods_monitor | 🧩 选择搜索方式: 商品ID
2026-04-09 17:57:16,944 | INFO | ali1688_goods_monitor | 搜索的商品id是:971080031926、968280048908、943395574791、833661915665、982634945037、1016515592011、979203908708、835170979856、971037620206、1003272185431、617837580726、1005984550667、807432916292、928700805986、1040782952704、903613869442、1026068947837、954713432833、798059727032、812259607012
2026-04-09 17:57:18,057 | INFO | ali1688_goods_monitor | ✅ 第 1 批筛选条件已设置
2026-04-09 17:57:21,070 | INFO | ali1688_goods_monitor | 开始获取商品:971080031926、968280048908、943395574791、833661915665、982634945037、1016515592011、979203908708、835170979856、971037620206、1003272185431、617837580726、1005984550667、807432916292、928700805986、1040782952704、903613869442、1026068947837、954713432833、798059727032、812259607012的基本信息
2026-04-09 17:57:21,070 | INFO | ali1688_goods_monitor | ⏳ 等待点击【开始查询】并捕获 offerSearch 接口...
2026-04-09 17:57:21,415 | INFO | ali1688_goods_monitor | 商品列表返回码: 200
2026-04-09 17:57:21,415 | INFO | ali1688_goods_monitor | 🚀 开始捕获商品数据，共 20 个商品
2026-04-09 17:57:21,415 | INFO | ali1688_goods_monitor | ✅ 商品基本信息捕获完成，总耗时: 0.00秒
2026-04-09 17:57:21,415 | INFO | ali1688_goods_monitor |    - 商品数: 20
2026-04-09 17:57:21,415 | INFO | ali1688_goods_monitor | ✅ 第 1 批完成，获取到 20 个商品，0 个SKU
2026-04-09 17:57:21,415 | INFO | ali1688_goods_monitor | 📋 第 1 批商品信息:
2026-04-09 17:57:21,416 | INFO | ali1688_goods_monitor |   1. 商品ID: 1026068947837, 店铺: 汕头市澄海区力多熊玩具商行, SKU数: 3
2026-04-09 17:57:21,416 | INFO | ali1688_goods_monitor |   2. 商品ID: 903613869442, 店铺: 汕头市龙湖区熹萌喵玩具厂, SKU数: 4
2026-04-09 17:57:21,416 | INFO | ali1688_goods_monitor |   3. 商品ID: 928700805986, 店铺: 义乌市谷达玩具有限公司, SKU数: 2
2026-04-09 17:57:21,416 | INFO | ali1688_goods_monitor |   4. 商品ID: 1005984550667, 店铺: 汕头市澄海区八匹马玩具厂, SKU数: 36
2026-04-09 17:57:21,416 | INFO | ali1688_goods_monitor |   5. 商品ID: 835170979856, 店铺: 汕头市澄海区土炭玩具商行, SKU数: 10
2026-04-09 17:57:21,416 | INFO | ali1688_goods_monitor |   6. 商品ID: 968280048908, 店铺: 汕头市澄海区都说好玩具商行, SKU数: 31
2026-04-09 17:57:21,416 | INFO | ali1688_goods_monitor |   7. 商品ID: 943395574791, 店铺: 东莞市狂蜂狂蚁科技有限公司, SKU数: 1
2026-04-09 17:57:21,417 | INFO | ali1688_goods_monitor |   8. 商品ID: 971080031926, 店铺: 汕头市龙湖区熹萌喵玩具厂, SKU数: 3
2026-04-09 17:57:21,417 | INFO | ali1688_goods_monitor |   9. 商品ID: 617837580726, 店铺: 深圳灿煜玩具有限公司, SKU数: 2
2026-04-09 17:57:21,417 | INFO | ali1688_goods_monitor |   10. 商品ID: 971037620206, 店铺: 汕头市澄海区淘琪宝玩具厂, SKU数: 1
2026-04-09 17:57:21,417 | INFO | ali1688_goods_monitor |   11. 商品ID: 1040782952704, 店铺: 义乌市鑫照玩具厂, SKU数: 1
2026-04-09 17:57:21,417 | INFO | ali1688_goods_monitor |   12. 商品ID: 954713432833, 店铺: 汕头市龙湖区熹萌喵玩具厂, SKU数: 2
2026-04-09 17:57:21,417 | INFO | ali1688_goods_monitor |   13. 商品ID: 1016515592011, 店铺: 汕头市澄海区晟耀展玩具厂, SKU数: 4
2026-04-09 17:57:21,417 | INFO | ali1688_goods_monitor |   14. 商品ID: 807432916292, 店铺: 汕头市澄海区悦优佳玩具厂, SKU数: 24
2026-04-09 17:57:21,417 | INFO | ali1688_goods_monitor |   15. 商品ID: 812259607012, 店铺: 汕头市澄海区哈尼兔玩具厂, SKU数: 39
2026-04-09 17:57:21,418 | INFO | ali1688_goods_monitor |   16. 商品ID: 982634945037, 店铺: 汕头市创爱旺科技有限公司, SKU数: 26
2026-04-09 17:57:21,418 | INFO | ali1688_goods_monitor |   17. 商品ID: 798059727032, 店铺: 汕头市澄海区超慧丰贸易商行, SKU数: 16
2026-04-09 17:57:21,418 | INFO | ali1688_goods_monitor |   18. 商品ID: 979203908708, 店铺: 汕头市澄海区多美仕玩具厂, SKU数: 24
2026-04-09 17:57:21,418 | INFO | ali1688_goods_monitor |   19. 商品ID: 1003272185431, 店铺: 义乌市大愚玩具有限公司, SKU数: 5
2026-04-09 17:57:21,418 | INFO | ali1688_goods_monitor |   20. 商品ID: 833661915665, 店铺: 深圳金喜来电子股份有限公司, SKU数: 1
2026-04-09 17:57:21,528 | INFO | ali1688_goods_monitor | 💾 第1/14批：已保存 20 个商品到数据库
2026-04-09 17:57:21,528 | INFO | ali1688_goods_monitor | ⏸️  随机暂停 3.4 秒...
2026-04-09 17:57:24,968 | INFO | ali1688_goods_monitor | 🔄 刷新页面，准备处理第 2 批...
2026-04-09 17:57:31,442 | INFO | ali1688_goods_monitor | ❎ 已关闭引导弹窗3
2026-04-09 17:57:33,974 | INFO | ali1688_goods_monitor | 🔍 处理第 2/14 批，共 20 个商品
2026-04-09 17:57:33,974 | INFO | ali1688_goods_monitor | 📋 商品ID: 1007173826384、991935831793、962746907189、812514770228、907762599791、990409899841、1013037690222、889385901298、1025513853144、969366546749、979396013303、875034473523、590591825369、894936744591、895285249007、970715744477、903636127402、741922490714、776195311997、811139889293
2026-04-09 17:57:33,975 | INFO | ali1688_goods_monitor | 🧩 选择搜索方式: 商品ID
2026-04-09 17:57:34,513 | INFO | ali1688_goods_monitor | 搜索的商品id是:1007173826384、991935831793、962746907189、812514770228、907762599791、990409899841、1013037690222、889385901298、1025513853144、969366546749、979396013303、875034473523、590591825369、894936744591、895285249007、970715744477、903636127402、741922490714、776195311997、811139889293
2026-04-09 17:57:35,595 | INFO | ali1688_goods_monitor | ✅ 第 2 批筛选条件已设置
2026-04-09 17:57:38,597 | INFO | ali1688_goods_monitor | 开始获取商品:1007173826384、991935831793、962746907189、812514770228、907762599791、990409899841、1013037690222、889385901298、1025513853144、969366546749、979396013303、875034473523、590591825369、894936744591、895285249007、970715744477、903636127402、741922490714、776195311997、811139889293的基本信息
2026-04-09 17:57:38,598 | INFO | ali1688_goods_monitor | ⏳ 等待点击【开始查询】并捕获 offerSearch 接口...
2026-04-09 17:57:38,943 | INFO | ali1688_goods_monitor | 商品列表返回码: 200
2026-04-09 17:57:38,944 | INFO | ali1688_goods_monitor | 🚀 开始捕获商品数据，共 19 个商品
2026-04-09 17:57:38,944 | INFO | ali1688_goods_monitor | ✅ 商品基本信息捕获完成，总耗时: 0.00秒
2026-04-09 17:57:38,944 | INFO | ali1688_goods_monitor |    - 商品数: 19
2026-04-09 17:57:38,944 | INFO | ali1688_goods_monitor | ✅ 第 2 批完成，获取到 19 个商品，0 个SKU
2026-04-09 17:57:38,944 | INFO | ali1688_goods_monitor | 📋 第 2 批商品信息:
2026-04-09 17:57:38,944 | INFO | ali1688_goods_monitor |   1. 商品ID: 990409899841, 店铺: 汕头市澄海区泰旭玩具厂, SKU数: 1
2026-04-09 17:57:38,944 | INFO | ali1688_goods_monitor |   2. 商品ID: 1025513853144, 店铺: 汕头市澄海区萌灵娃玩具厂, SKU数: 8
2026-04-09 17:57:38,944 | INFO | ali1688_goods_monitor |   3. 商品ID: 907762599791, 店铺: 汕头市澄海区彩帆玩具厂, SKU数: 10
2026-04-09 17:57:38,944 | INFO | ali1688_goods_monitor |   4. 商品ID: 991935831793, 店铺: 温州市鑫筱贸易有限公司, SKU数: 3
2026-04-09 17:57:38,944 | INFO | ali1688_goods_monitor |   5. 商品ID: 969366546749, 店铺: 汕头市澄海区启超玩具厂, SKU数: 1
2026-04-09 17:57:38,944 | INFO | ali1688_goods_monitor |   6. 商品ID: 741922490714, 店铺: 汕头市俏娃玩具有限公司, SKU数: 2
2026-04-09 17:57:38,944 | INFO | ali1688_goods_monitor |   7. 商品ID: 590591825369, 店铺: 汕头市澄海区翔鹏塑料制品厂, SKU数: 22
2026-04-09 17:57:38,944 | INFO | ali1688_goods_monitor |   8. 商品ID: 776195311997, 店铺: 汕头市澄海区讴艺玩具厂, SKU数: 1
2026-04-09 17:57:38,944 | INFO | ali1688_goods_monitor |   9. 商品ID: 875034473523, 店铺: 汕头市澄海区童积玩具厂, SKU数: 3
2026-04-09 17:57:38,944 | INFO | ali1688_goods_monitor |   10. 商品ID: 812514770228, 店铺: 汕头市澄海区栩之羿贸易商行, SKU数: 2
2026-04-09 17:57:38,944 | INFO | ali1688_goods_monitor |   11. 商品ID: 1013037690222, 店铺: 潮州市湘桥区星赫玩具厂(个体工商户), SKU数: 1
2026-04-09 17:57:38,944 | INFO | ali1688_goods_monitor |   12. 商品ID: 979396013303, 店铺: 汕头市澄海区很多人玩具商行, SKU数: 1
2026-04-09 17:57:38,944 | INFO | ali1688_goods_monitor |   13. 商品ID: 889385901298, 店铺: 汕头市欧切勒切电子商务有限公司, SKU数: 3
2026-04-09 17:57:38,944 | INFO | ali1688_goods_monitor |   14. 商品ID: 903636127402, 店铺: 义乌市君玖商贸有限公司, SKU数: 3
2026-04-09 17:57:38,944 | INFO | ali1688_goods_monitor |   15. 商品ID: 962746907189, 店铺: 汕头市龙湖区熹萌喵玩具厂, SKU数: 4
2026-04-09 17:57:38,944 | INFO | ali1688_goods_monitor |   16. 商品ID: 894936744591, 店铺: 汕头市澄海区启跃玩具厂, SKU数: 16
2026-04-09 17:57:38,944 | INFO | ali1688_goods_monitor |   17. 商品ID: 895285249007, 店铺: 汕头市澄海区雅尚腾玩具厂(个体工商户), SKU数: 36
2026-04-09 17:57:38,944 | INFO | ali1688_goods_monitor |   18. 商品ID: 811139889293, 店铺: 义乌市孟享贸易有限公司, SKU数: 8
2026-04-09 17:57:38,944 | INFO | ali1688_goods_monitor |   19. 商品ID: 970715744477, 店铺: 汕头市澄海区永志玩具商行(个体工商户), SKU数: 1
2026-04-09 17:57:39,073 | INFO | ali1688_goods_monitor | 💾 第2/14批：已保存 19 个商品到数据库
2026-04-09 17:57:39,073 | INFO | ali1688_goods_monitor | ⏸️  随机暂停 3.6 秒...
2026-04-09 17:57:42,656 | INFO | ali1688_goods_monitor | 🔄 刷新页面，准备处理第 3 批...
2026-04-09 17:57:51,447 | INFO | ali1688_goods_monitor | 🔍 处理第 3/14 批，共 20 个商品
2026-04-09 17:57:51,447 | INFO | ali1688_goods_monitor | 📋 商品ID: 950726478383、970377098770、1000398364752、628617576125、998051010590、856805654657、677709968233、992071730825、799083276279、976178977054、902961760235、900967422750、994662909434、681658732090、847794753111、992251601092、951035484615、826873938709、677301391721、847495122732
2026-04-09 17:57:51,447 | INFO | ali1688_goods_monitor | 🧩 选择搜索方式: 商品ID
2026-04-09 17:57:51,922 | INFO | ali1688_goods_monitor | 搜索的商品id是:950726478383、970377098770、1000398364752、628617576125、998051010590、856805654657、677709968233、992071730825、799083276279、976178977054、902961760235、900967422750、994662909434、681658732090、847794753111、992251601092、951035484615、826873938709、677301391721、847495122732
2026-04-09 17:57:53,029 | INFO | ali1688_goods_monitor | ✅ 第 3 批筛选条件已设置
2026-04-09 17:57:56,031 | INFO | ali1688_goods_monitor | 开始获取商品:950726478383、970377098770、1000398364752、628617576125、998051010590、856805654657、677709968233、992071730825、799083276279、976178977054、902961760235、900967422750、994662909434、681658732090、847794753111、992251601092、951035484615、826873938709、677301391721、847495122732的基本信息
2026-04-09 17:57:56,031 | INFO | ali1688_goods_monitor | ⏳ 等待点击【开始查询】并捕获 offerSearch 接口...
2026-04-09 17:57:56,339 | INFO | ali1688_goods_monitor | 商品列表返回码: 200
2026-04-09 17:57:56,339 | INFO | ali1688_goods_monitor | 🚀 开始捕获商品数据，共 20 个商品
2026-04-09 17:57:56,339 | INFO | ali1688_goods_monitor | ✅ 商品基本信息捕获完成，总耗时: 0.00秒
2026-04-09 17:57:56,340 | INFO | ali1688_goods_monitor |    - 商品数: 20
2026-04-09 17:57:56,340 | INFO | ali1688_goods_monitor | ✅ 第 3 批完成，获取到 20 个商品，0 个SKU
2026-04-09 17:57:56,340 | INFO | ali1688_goods_monitor | 📋 第 3 批商品信息:
2026-04-09 17:57:56,340 | INFO | ali1688_goods_monitor |   1. 商品ID: 677301391721, 店铺: 汕头市澄海区海棠玩具厂, SKU数: 5
2026-04-09 17:57:56,340 | INFO | ali1688_goods_monitor |   2. 商品ID: 847794753111, 店铺: 汕头市龙湖区熹萌喵玩具厂, SKU数: 4
2026-04-09 17:57:56,340 | INFO | ali1688_goods_monitor |   3. 商品ID: 826873938709, 店铺: 汕头市森漫贸易有限公司, SKU数: 1
2026-04-09 17:57:56,340 | INFO | ali1688_goods_monitor |   4. 商品ID: 951035484615, 店铺: 汕头市创爱旺科技有限公司, SKU数: 29
2026-04-09 17:57:56,340 | INFO | ali1688_goods_monitor |   5. 商品ID: 976178977054, 店铺: 汕头市玩物社科技有限公司, SKU数: 5
2026-04-09 17:57:56,340 | INFO | ali1688_goods_monitor |   6. 商品ID: 950726478383, 店铺: 汕头市澄海区美贝斯玩具商行, SKU数: 13
2026-04-09 17:57:56,340 | INFO | ali1688_goods_monitor |   7. 商品ID: 992071730825, 店铺: 深圳市粤加大玩具有限公司, SKU数: 3
2026-04-09 17:57:56,340 | INFO | ali1688_goods_monitor |   8. 商品ID: 994662909434, 店铺: 义乌市麦贤电子商务商行, SKU数: 3
2026-04-09 17:57:56,340 | INFO | ali1688_goods_monitor |   9. 商品ID: 677709968233, 店铺: 广东佰思玩具有限公司, SKU数: 5
2026-04-09 17:57:56,340 | INFO | ali1688_goods_monitor |   10. 商品ID: 998051010590, 店铺: 汕头市盛星达体育用品有限公司, SKU数: 4
2026-04-09 17:57:56,340 | INFO | ali1688_goods_monitor |   11. 商品ID: 902961760235, 店铺: 汕头市龙湖区熹萌喵玩具厂, SKU数: 4
2026-04-09 17:57:56,340 | INFO | ali1688_goods_monitor |   12. 商品ID: 856805654657, 店铺: 汕头市龙湖区熹萌喵玩具厂, SKU数: 1
2026-04-09 17:57:56,340 | INFO | ali1688_goods_monitor |   13. 商品ID: 992251601092, 店铺: 义乌市纯亿供应链管理服务有限公司, SKU数: 3
2026-04-09 17:57:56,340 | INFO | ali1688_goods_monitor |   14. 商品ID: 1000398364752, 店铺: 义乌市芝麻开门玩具有限公司, SKU数: 4
2026-04-09 17:57:56,340 | INFO | ali1688_goods_monitor |   15. 商品ID: 900967422750, 店铺: 汕头市澄海区越来越聪明玩具厂, SKU数: 22
2026-04-09 17:57:56,340 | INFO | ali1688_goods_monitor |   16. 商品ID: 628617576125, 店铺: 汕头市俏娃玩具有限公司, SKU数: 5
2026-04-09 17:57:56,340 | INFO | ali1688_goods_monitor |   17. 商品ID: 847495122732, 店铺: 汕头市龙湖区熹萌喵玩具厂, SKU数: 3
2026-04-09 17:57:56,340 | INFO | ali1688_goods_monitor |   18. 商品ID: 970377098770, 店铺: 汕头市澄海区贝欣达玩具厂, SKU数: 37
2026-04-09 17:57:56,340 | INFO | ali1688_goods_monitor |   19. 商品ID: 799083276279, 店铺: 汕头市澄海区米可玩具商行, SKU数: 3
2026-04-09 17:57:56,340 | INFO | ali1688_goods_monitor |   20. 商品ID: 681658732090, 店铺: 深圳金喜来电子股份有限公司, SKU数: 1
2026-04-09 17:57:56,437 | INFO | ali1688_goods_monitor | 💾 第3/14批：已保存 20 个商品到数据库
2026-04-09 17:57:56,437 | INFO | ali1688_goods_monitor | ⏸️  随机暂停 4.5 秒...
2026-04-09 17:58:00,962 | INFO | ali1688_goods_monitor | 🔄 刷新页面，准备处理第 4 批...
2026-04-09 17:58:09,038 | INFO | ali1688_goods_monitor | 🔍 处理第 4/14 批，共 20 个商品
2026-04-09 17:58:09,038 | INFO | ali1688_goods_monitor | 📋 商品ID: 899704194303、1007062397648、1000255776437、898439171537、43695296576、956573560393、902473655388、890654399053、979471208168、996059989352、840249263873、873614306333、702199084381、746411095420、703551244918、832304702315、950670074468、789633522584、890407614753、999142031933
2026-04-09 17:58:09,038 | INFO | ali1688_goods_monitor | 🧩 选择搜索方式: 商品ID
2026-04-09 17:58:09,480 | INFO | ali1688_goods_monitor | 搜索的商品id是:899704194303、1007062397648、1000255776437、898439171537、43695296576、956573560393、902473655388、890654399053、979471208168、996059989352、840249263873、873614306333、702199084381、746411095420、703551244918、832304702315、950670074468、789633522584、890407614753、999142031933
2026-04-09 17:58:10,602 | INFO | ali1688_goods_monitor | ✅ 第 4 批筛选条件已设置
2026-04-09 17:58:13,605 | INFO | ali1688_goods_monitor | 开始获取商品:899704194303、1007062397648、1000255776437、898439171537、43695296576、956573560393、902473655388、890654399053、979471208168、996059989352、840249263873、873614306333、702199084381、746411095420、703551244918、832304702315、950670074468、789633522584、890407614753、999142031933的基本信息
2026-04-09 17:58:13,606 | INFO | ali1688_goods_monitor | ⏳ 等待点击【开始查询】并捕获 offerSearch 接口...
2026-04-09 17:58:13,944 | INFO | ali1688_goods_monitor | 商品列表返回码: 200
2026-04-09 17:58:13,944 | INFO | ali1688_goods_monitor | 🚀 开始捕获商品数据，共 20 个商品
2026-04-09 17:58:13,944 | INFO | ali1688_goods_monitor | ✅ 商品基本信息捕获完成，总耗时: 0.00秒
2026-04-09 17:58:13,944 | INFO | ali1688_goods_monitor |    - 商品数: 20
2026-04-09 17:58:13,944 | INFO | ali1688_goods_monitor | ✅ 第 4 批完成，获取到 20 个商品，0 个SKU
2026-04-09 17:58:13,944 | INFO | ali1688_goods_monitor | 📋 第 4 批商品信息:
2026-04-09 17:58:13,944 | INFO | ali1688_goods_monitor |   1. 商品ID: 996059989352, 店铺: 义乌市海潭商贸有限公司, SKU数: 3
2026-04-09 17:58:13,944 | INFO | ali1688_goods_monitor |   2. 商品ID: 902473655388, 店铺: 汕头市龙湖区熹萌喵玩具厂, SKU数: 1
2026-04-09 17:58:13,944 | INFO | ali1688_goods_monitor |   3. 商品ID: 899704194303, 店铺: 汕头市澄海区孩艺宝玩具厂, SKU数: 12
2026-04-09 17:58:13,944 | INFO | ali1688_goods_monitor |   4. 商品ID: 703551244918, 店铺: 汕头市澄海区米可玩具商行, SKU数: 3
2026-04-09 17:58:13,944 | INFO | ali1688_goods_monitor |   5. 商品ID: 890407614753, 店铺: 汕头市澄海区萌董乐玩具厂, SKU数: 17
2026-04-09 17:58:13,944 | INFO | ali1688_goods_monitor |   6. 商品ID: 898439171537, 店铺: 汕头市龙湖区熹萌喵玩具厂, SKU数: 14
2026-04-09 17:58:13,944 | INFO | ali1688_goods_monitor |   7. 商品ID: 840249263873, 店铺: 汕头市嬉游记玩具有限公司, SKU数: 8
2026-04-09 17:58:13,945 | INFO | ali1688_goods_monitor |   8. 商品ID: 979471208168, 店铺: 汕头市澄海区淘琪宝玩具厂, SKU数: 1
2026-04-09 17:58:13,945 | INFO | ali1688_goods_monitor |   9. 商品ID: 43695296576, 店铺: 汕头市澄海区豪达玩具有限公司, SKU数: 2
2026-04-09 17:58:13,945 | INFO | ali1688_goods_monitor |   10. 商品ID: 956573560393, 店铺: 汕头市澄海区巧新玩具厂, SKU数: 3
2026-04-09 17:58:13,945 | INFO | ali1688_goods_monitor |   11. 商品ID: 789633522584, 店铺: 汕头市澄海区乐涵玩具厂, SKU数: 1
2026-04-09 17:58:13,945 | INFO | ali1688_goods_monitor |   12. 商品ID: 999142031933, 店铺: 深圳金喜来电子股份有限公司, SKU数: 1
2026-04-09 17:58:13,945 | INFO | ali1688_goods_monitor |   13. 商品ID: 1007062397648, 店铺: 汕头市澄海区坤铄玩具厂, SKU数: 4
2026-04-09 17:58:13,945 | INFO | ali1688_goods_monitor |   14. 商品ID: 890654399053, 店铺: 汕头市澄海区悦优佳玩具厂, SKU数: 22
2026-04-09 17:58:13,945 | INFO | ali1688_goods_monitor |   15. 商品ID: 950670074468, 店铺: 汕头市澄海区雅尚腾玩具厂(个体工商户), SKU数: 36
2026-04-09 17:58:13,945 | INFO | ali1688_goods_monitor |   16. 商品ID: 873614306333, 店铺: 汕头市俏娃玩具有限公司, SKU数: 5
2026-04-09 17:58:13,945 | INFO | ali1688_goods_monitor |   17. 商品ID: 832304702315, 店铺: 广东佰思玩具有限公司, SKU数: 5
2026-04-09 17:58:13,945 | INFO | ali1688_goods_monitor |   18. 商品ID: 702199084381, 店铺: 汕头市澄海区实琪玩具有限公司, SKU数: 21
2026-04-09 17:58:13,945 | INFO | ali1688_goods_monitor |   19. 商品ID: 1000255776437, 店铺: 义乌市屿团电子商务商行, SKU数: 3
2026-04-09 17:58:13,945 | INFO | ali1688_goods_monitor |   20. 商品ID: 746411095420, 店铺: 汕头市龙湖区宝乐喜玩具商行, SKU数: 6
2026-04-09 17:58:14,041 | INFO | ali1688_goods_monitor | 💾 第4/14批：已保存 20 个商品到数据库
2026-04-09 17:58:14,041 | INFO | ali1688_goods_monitor | ⏸️  随机暂停 4.9 秒...
2026-04-09 17:58:18,926 | INFO | ali1688_goods_monitor | 🔄 刷新页面，准备处理第 5 批...
2026-04-09 17:58:25,155 | INFO | ali1688_goods_monitor | 🔍 处理第 5/14 批，共 20 个商品
2026-04-09 17:58:25,156 | INFO | ali1688_goods_monitor | 📋 商品ID: 859584630627、1009966785995、985206853035、991070192317、927205288673、950658287741、993465198242、998859559585、992800642545、990618054916、652994949606、873771926327、970542473882、836899798919、928580021030、852501307622、632300625030、853399095646、671840552108、975762015590
2026-04-09 17:58:25,156 | INFO | ali1688_goods_monitor | 🧩 选择搜索方式: 商品ID
2026-04-09 17:58:25,620 | INFO | ali1688_goods_monitor | 搜索的商品id是:859584630627、1009966785995、985206853035、991070192317、927205288673、950658287741、993465198242、998859559585、992800642545、990618054916、652994949606、873771926327、970542473882、836899798919、928580021030、852501307622、632300625030、853399095646、671840552108、975762015590
2026-04-09 17:58:26,778 | INFO | ali1688_goods_monitor | ✅ 第 5 批筛选条件已设置
2026-04-09 17:58:29,785 | INFO | ali1688_goods_monitor | 开始获取商品:859584630627、1009966785995、985206853035、991070192317、927205288673、950658287741、993465198242、998859559585、992800642545、990618054916、652994949606、873771926327、970542473882、836899798919、928580021030、852501307622、632300625030、853399095646、671840552108、975762015590的基本信息
2026-04-09 17:58:29,785 | INFO | ali1688_goods_monitor | ⏳ 等待点击【开始查询】并捕获 offerSearch 接口...
2026-04-09 17:58:30,694 | INFO | ali1688_goods_monitor | 商品列表返回码: 200
2026-04-09 17:58:30,694 | INFO | ali1688_goods_monitor | 🚀 开始捕获商品数据，共 20 个商品
2026-04-09 17:58:30,694 | INFO | ali1688_goods_monitor | ✅ 商品基本信息捕获完成，总耗时: 0.00秒
2026-04-09 17:58:30,694 | INFO | ali1688_goods_monitor |    - 商品数: 20
2026-04-09 17:58:30,694 | INFO | ali1688_goods_monitor | ✅ 第 5 批完成，获取到 20 个商品，0 个SKU
2026-04-09 17:58:30,694 | INFO | ali1688_goods_monitor | 📋 第 5 批商品信息:
2026-04-09 17:58:30,694 | INFO | ali1688_goods_monitor |   1. 商品ID: 993465198242, 店铺: 汕头市铭立玩具有限公司, SKU数: 7
2026-04-09 17:58:30,694 | INFO | ali1688_goods_monitor |   2. 商品ID: 853399095646, 店铺: 汕头市嬉游记玩具有限公司, SKU数: 15
2026-04-09 17:58:30,694 | INFO | ali1688_goods_monitor |   3. 商品ID: 852501307622, 店铺: 汕头市俏娃玩具有限公司, SKU数: 1
2026-04-09 17:58:30,694 | INFO | ali1688_goods_monitor |   4. 商品ID: 671840552108, 店铺: 汕头市澄海区华迪锋玩具厂, SKU数: 8
2026-04-09 17:58:30,694 | INFO | ali1688_goods_monitor |   5. 商品ID: 927205288673, 店铺: 汕头市龙湖区熹萌喵玩具厂, SKU数: 4
2026-04-09 17:58:30,694 | INFO | ali1688_goods_monitor |   6. 商品ID: 1009966785995, 店铺: 汕头市恒达星玩具有限公司, SKU数: 4
2026-04-09 17:58:30,694 | INFO | ali1688_goods_monitor |   7. 商品ID: 859584630627, 店铺: 汕头市龙湖区熹萌喵玩具厂, SKU数: 4
2026-04-09 17:58:30,694 | INFO | ali1688_goods_monitor |   8. 商品ID: 991070192317, 店铺: 汕头市澄海区神宥玩具厂(个体工商户), SKU数: 11
2026-04-09 17:58:30,694 | INFO | ali1688_goods_monitor |   9. 商品ID: 998859559585, 店铺: 汕头市澄海区坤铄玩具厂, SKU数: 11
2026-04-09 17:58:30,694 | INFO | ali1688_goods_monitor |   10. 商品ID: 985206853035, 店铺: 汕头市澄海区金颖玩具厂, SKU数: 2
2026-04-09 17:58:30,694 | INFO | ali1688_goods_monitor |   11. 商品ID: 992800642545, 店铺: 汕头市盛星达体育用品有限公司, SKU数: 3
2026-04-09 17:58:30,694 | INFO | ali1688_goods_monitor |   12. 商品ID: 873771926327, 店铺: 汕头市澄海区酷乐孩玩具厂, SKU数: 34
2026-04-09 17:58:30,694 | INFO | ali1688_goods_monitor |   13. 商品ID: 652994949606, 店铺: 汕头市俏娃玩具有限公司, SKU数: 4
2026-04-09 17:58:30,695 | INFO | ali1688_goods_monitor |   14. 商品ID: 975762015590, 店铺: 汕头市澄海区小筑班五金玩具厂, SKU数: 6
2026-04-09 17:58:30,695 | INFO | ali1688_goods_monitor |   15. 商品ID: 632300625030, 店铺: 汕头市俏娃玩具有限公司, SKU数: 1
2026-04-09 17:58:30,695 | INFO | ali1688_goods_monitor |   16. 商品ID: 836899798919, 店铺: 汕头市澄海区小筑班五金玩具厂, SKU数: 9
2026-04-09 17:58:30,695 | INFO | ali1688_goods_monitor |   17. 商品ID: 990618054916, 店铺: 妆链时代（深圳）科技有限公司, SKU数: 3
2026-04-09 17:58:30,695 | INFO | ali1688_goods_monitor |   18. 商品ID: 928580021030, 店铺: 汕头市嬉游记玩具有限公司, SKU数: 2
2026-04-09 17:58:30,695 | INFO | ali1688_goods_monitor |   19. 商品ID: 950658287741, 店铺: 汕头市澄海区三只老鼠玩具厂, SKU数: 18
2026-04-09 17:58:30,695 | INFO | ali1688_goods_monitor |   20. 商品ID: 970542473882, 店铺: 汕头市嬉游记玩具有限公司, SKU数: 5
2026-04-09 17:58:30,787 | INFO | ali1688_goods_monitor | 💾 第5/14批：已保存 20 个商品到数据库
2026-04-09 17:58:30,787 | INFO | ali1688_goods_monitor | ⏸️  随机暂停 5.2 秒...
2026-04-09 17:58:35,997 | INFO | ali1688_goods_monitor | 🔄 刷新页面，准备处理第 6 批...
2026-04-09 17:58:42,918 | INFO | ali1688_goods_monitor | 🔍 处理第 6/14 批，共 20 个商品
2026-04-09 17:58:42,918 | INFO | ali1688_goods_monitor | 📋 商品ID: 994237964153、847990628509、962546716755、854253039240、662598267674、978651830599、692940339011、993354315037、895439014120、997795598539、1037735891255、849820903779、729749403422、948334688543、746416939989、930446969722、991823064917、621865712164、847781001778、864653527961
2026-04-09 17:58:42,918 | INFO | ali1688_goods_monitor | 🧩 选择搜索方式: 商品ID
2026-04-09 17:58:43,418 | INFO | ali1688_goods_monitor | 搜索的商品id是:994237964153、847990628509、962546716755、854253039240、662598267674、978651830599、692940339011、993354315037、895439014120、997795598539、1037735891255、849820903779、729749403422、948334688543、746416939989、930446969722、991823064917、621865712164、847781001778、864653527961
2026-04-09 17:58:44,517 | INFO | ali1688_goods_monitor | ✅ 第 6 批筛选条件已设置
2026-04-09 17:58:47,523 | INFO | ali1688_goods_monitor | 开始获取商品:994237964153、847990628509、962546716755、854253039240、662598267674、978651830599、692940339011、993354315037、895439014120、997795598539、1037735891255、849820903779、729749403422、948334688543、746416939989、930446969722、991823064917、621865712164、847781001778、864653527961的基本信息
2026-04-09 17:58:47,523 | INFO | ali1688_goods_monitor | ⏳ 等待点击【开始查询】并捕获 offerSearch 接口...
2026-04-09 17:58:47,879 | INFO | ali1688_goods_monitor | 商品列表返回码: 200
2026-04-09 17:58:47,879 | INFO | ali1688_goods_monitor | 🚀 开始捕获商品数据，共 19 个商品
2026-04-09 17:58:47,879 | INFO | ali1688_goods_monitor | ✅ 商品基本信息捕获完成，总耗时: 0.00秒
2026-04-09 17:58:47,879 | INFO | ali1688_goods_monitor |    - 商品数: 19
2026-04-09 17:58:47,879 | INFO | ali1688_goods_monitor | ✅ 第 6 批完成，获取到 19 个商品，0 个SKU
2026-04-09 17:58:47,879 | INFO | ali1688_goods_monitor | 📋 第 6 批商品信息:
2026-04-09 17:58:47,879 | INFO | ali1688_goods_monitor |   1. 商品ID: 729749403422, 店铺: 珠海欣球格创科技有限公司, SKU数: 7
2026-04-09 17:58:47,879 | INFO | ali1688_goods_monitor |   2. 商品ID: 991823064917, 店铺: 汕头市澄海区都说好玩具商行, SKU数: 8
2026-04-09 17:58:47,879 | INFO | ali1688_goods_monitor |   3. 商品ID: 662598267674, 店铺: 汕头市俏娃玩具有限公司, SKU数: 4
2026-04-09 17:58:47,879 | INFO | ali1688_goods_monitor |   4. 商品ID: 895439014120, 店铺: 汕头市澄海区新创贸易商行, SKU数: 8
2026-04-09 17:58:47,880 | INFO | ali1688_goods_monitor |   5. 商品ID: 847990628509, 店铺: 汕头市龙湖区熹萌喵玩具厂, SKU数: 8
2026-04-09 17:58:47,880 | INFO | ali1688_goods_monitor |   6. 商品ID: 621865712164, 店铺: 汕头市俏娃玩具有限公司, SKU数: 8
2026-04-09 17:58:47,880 | INFO | ali1688_goods_monitor |   7. 商品ID: 994237964153, 店铺: 汕头市澄海区十意玩具厂, SKU数: 7
2026-04-09 17:58:47,880 | INFO | ali1688_goods_monitor |   8. 商品ID: 997795598539, 店铺: 汕头市盛星达体育用品有限公司, SKU数: 3
2026-04-09 17:58:47,880 | INFO | ali1688_goods_monitor |   9. 商品ID: 948334688543, 店铺: 汕头市澄海区超慧丰贸易商行, SKU数: 22
2026-04-09 17:58:47,880 | INFO | ali1688_goods_monitor |   10. 商品ID: 993354315037, 店铺: 汕头市澄海区奥维玩具厂, SKU数: 11
2026-04-09 17:58:47,880 | INFO | ali1688_goods_monitor |   11. 商品ID: 864653527961, 店铺: 汕头市迪利嘉科技有限公司, SKU数: 1
2026-04-09 17:58:47,880 | INFO | ali1688_goods_monitor |   12. 商品ID: 692940339011, 店铺: 汕头市澄海区商裕玩具商行, SKU数: 3
2026-04-09 17:58:47,880 | INFO | ali1688_goods_monitor |   13. 商品ID: 930446969722, 店铺: 汕头市俏娃玩具有限公司, SKU数: 2
2026-04-09 17:58:47,880 | INFO | ali1688_goods_monitor |   14. 商品ID: 849820903779, 店铺: 汕头市龙湖区熹萌喵玩具厂, SKU数: 4
2026-04-09 17:58:47,880 | INFO | ali1688_goods_monitor |   15. 商品ID: 978651830599, 店铺: 义乌市紫戈玩具有限公司, SKU数: 2
2026-04-09 17:58:47,880 | INFO | ali1688_goods_monitor |   16. 商品ID: 854253039240, 店铺: 汕头市嬉游记玩具有限公司, SKU数: 2
2026-04-09 17:58:47,880 | INFO | ali1688_goods_monitor |   17. 商品ID: 746416939989, 店铺: 李楚平, SKU数: 2
2026-04-09 17:58:47,880 | INFO | ali1688_goods_monitor |   18. 商品ID: 847781001778, 店铺: 汕头市龙湖区熹萌喵玩具厂, SKU数: 4
2026-04-09 17:58:47,880 | INFO | ali1688_goods_monitor |   19. 商品ID: 962546716755, 店铺: 汕头市澄海区淘琪宝玩具厂, SKU数: 3
2026-04-09 17:58:47,969 | INFO | ali1688_goods_monitor | 💾 第6/14批：已保存 19 个商品到数据库
2026-04-09 17:58:47,970 | INFO | ali1688_goods_monitor | ⏸️  随机暂停 6.2 秒...
2026-04-09 17:58:54,136 | INFO | ali1688_goods_monitor | 🔄 刷新页面，准备处理第 7 批...
2026-04-09 17:59:01,139 | INFO | ali1688_goods_monitor | 🔍 处理第 7/14 批，共 20 个商品
2026-04-09 17:59:01,139 | INFO | ali1688_goods_monitor | 📋 商品ID: 995364912374、811638208514、952611726643、915854311158、985998626047、924140770781、986179889619、999860867159、675880303102、997359995216、991467576950、813592780236、920664381969、926941651375、847784309788、991699553836、848195784663、773383798724、1006668462460、917143716667
2026-04-09 17:59:01,140 | INFO | ali1688_goods_monitor | 🧩 选择搜索方式: 商品ID
2026-04-09 17:59:01,600 | INFO | ali1688_goods_monitor | 搜索的商品id是:995364912374、811638208514、952611726643、915854311158、985998626047、924140770781、986179889619、999860867159、675880303102、997359995216、991467576950、813592780236、920664381969、926941651375、847784309788、991699553836、848195784663、773383798724、1006668462460、917143716667
2026-04-09 17:59:02,674 | INFO | ali1688_goods_monitor | ✅ 第 7 批筛选条件已设置
2026-04-09 17:59:05,678 | INFO | ali1688_goods_monitor | 开始获取商品:995364912374、811638208514、952611726643、915854311158、985998626047、924140770781、986179889619、999860867159、675880303102、997359995216、991467576950、813592780236、920664381969、926941651375、847784309788、991699553836、848195784663、773383798724、1006668462460、917143716667的基本信息
2026-04-09 17:59:05,678 | INFO | ali1688_goods_monitor | ⏳ 等待点击【开始查询】并捕获 offerSearch 接口...
2026-04-09 17:59:05,981 | INFO | ali1688_goods_monitor | 商品列表返回码: 200
2026-04-09 17:59:05,982 | INFO | ali1688_goods_monitor | 🚀 开始捕获商品数据，共 19 个商品
2026-04-09 17:59:05,982 | INFO | ali1688_goods_monitor | ✅ 商品基本信息捕获完成，总耗时: 0.00秒
2026-04-09 17:59:05,982 | INFO | ali1688_goods_monitor |    - 商品数: 19
2026-04-09 17:59:05,982 | INFO | ali1688_goods_monitor | ✅ 第 7 批完成，获取到 19 个商品，0 个SKU
2026-04-09 17:59:05,982 | INFO | ali1688_goods_monitor | 📋 第 7 批商品信息:
2026-04-09 17:59:05,982 | INFO | ali1688_goods_monitor |   1. 商品ID: 991467576950, 店铺: 汕头市澄海区罗森丰贸易商行, SKU数: 40
2026-04-09 17:59:05,982 | INFO | ali1688_goods_monitor |   2. 商品ID: 773383798724, 店铺: 汕头市澄海区优比比玩具商行, SKU数: 10
2026-04-09 17:59:05,982 | INFO | ali1688_goods_monitor |   3. 商品ID: 924140770781, 店铺: 义乌市圣泽文化用品有限公司, SKU数: 2
2026-04-09 17:59:05,982 | INFO | ali1688_goods_monitor |   4. 商品ID: 1006668462460, 店铺: 汕头市澄海区美迪电器厂(个体工商户), SKU数: 12
2026-04-09 17:59:05,982 | INFO | ali1688_goods_monitor |   5. 商品ID: 675880303102, 店铺: 深圳巨变科技有限公司, SKU数: 1
2026-04-09 17:59:05,982 | INFO | ali1688_goods_monitor |   6. 商品ID: 811638208514, 店铺: 汕头市澄海区轮转玩具商行, SKU数: 3
2026-04-09 17:59:05,982 | INFO | ali1688_goods_monitor |   7. 商品ID: 952611726643, 店铺: 汕头市嬉游记玩具有限公司, SKU数: 2
2026-04-09 17:59:05,982 | INFO | ali1688_goods_monitor |   8. 商品ID: 920664381969, 店铺: 义乌市艺可玩具有限公司, SKU数: 4
2026-04-09 17:59:05,982 | INFO | ali1688_goods_monitor |   9. 商品ID: 847784309788, 店铺: 汕头市龙湖区熹萌喵玩具厂, SKU数: 2
2026-04-09 17:59:05,982 | INFO | ali1688_goods_monitor |   10. 商品ID: 926941651375, 店铺: 汕头市龙湖区熹萌喵玩具厂, SKU数: 10
2026-04-09 17:59:05,982 | INFO | ali1688_goods_monitor |   11. 商品ID: 986179889619, 店铺: 汕头市澄海区来得玩具厂, SKU数: 3
2026-04-09 17:59:05,982 | INFO | ali1688_goods_monitor |   12. 商品ID: 985998626047, 店铺: 汕头澄海区莱鑫益益智玩具商行, SKU数: 4
2026-04-09 17:59:05,982 | INFO | ali1688_goods_monitor |   13. 商品ID: 997359995216, 店铺: 汕头市盛缔歆贸易有限公司, SKU数: 4
2026-04-09 17:59:05,982 | INFO | ali1688_goods_monitor |   14. 商品ID: 915854311158, 店铺: 汕头市龙湖区熹萌喵玩具厂, SKU数: 5
2026-04-09 17:59:05,982 | INFO | ali1688_goods_monitor |   15. 商品ID: 995364912374, 店铺: 义乌市绘屿电子商务商行, SKU数: 3
2026-04-09 17:59:05,983 | INFO | ali1688_goods_monitor |   16. 商品ID: 848195784663, 店铺: 汕头市龙湖区熹萌喵玩具厂, SKU数: 6
2026-04-09 17:59:05,983 | INFO | ali1688_goods_monitor |   17. 商品ID: 999860867159, 店铺: 汕头市盛缔歆贸易有限公司, SKU数: 1
2026-04-09 17:59:05,983 | INFO | ali1688_goods_monitor |   18. 商品ID: 813592780236, 店铺: 汕头市嬉游记玩具有限公司, SKU数: 2
2026-04-09 17:59:05,983 | INFO | ali1688_goods_monitor |   19. 商品ID: 917143716667, 店铺: 汕头市龙湖区熹萌喵玩具厂, SKU数: 4
2026-04-09 17:59:06,068 | INFO | ali1688_goods_monitor | 💾 第7/14批：已保存 19 个商品到数据库
2026-04-09 17:59:06,068 | INFO | ali1688_goods_monitor | ⏸️  随机暂停 3.8 秒...
2026-04-09 17:59:09,911 | INFO | ali1688_goods_monitor | 🔄 刷新页面，准备处理第 8 批...
2026-04-09 17:59:16,253 | INFO | ali1688_goods_monitor | 🔍 处理第 8/14 批，共 20 个商品
2026-04-09 17:59:16,254 | INFO | ali1688_goods_monitor | 📋 商品ID: 833863806015、778105306124、1000261330427、990374779412、678640196785、855494409051、695065852792、973730524327、969889694254、854773109889、662629659424、1001253412551、796066732390、968025059447、983142383790、918745003737、989391144530、1039821084728、903214944988、909894706445
2026-04-09 17:59:16,254 | INFO | ali1688_goods_monitor | 🧩 选择搜索方式: 商品ID
2026-04-09 17:59:16,741 | INFO | ali1688_goods_monitor | 搜索的商品id是:833863806015、778105306124、1000261330427、990374779412、678640196785、855494409051、695065852792、973730524327、969889694254、854773109889、662629659424、1001253412551、796066732390、968025059447、983142383790、918745003737、989391144530、1039821084728、903214944988、909894706445
2026-04-09 17:59:17,885 | INFO | ali1688_goods_monitor | ✅ 第 8 批筛选条件已设置
2026-04-09 17:59:20,896 | INFO | ali1688_goods_monitor | 开始获取商品:833863806015、778105306124、1000261330427、990374779412、678640196785、855494409051、695065852792、973730524327、969889694254、854773109889、662629659424、1001253412551、796066732390、968025059447、983142383790、918745003737、989391144530、1039821084728、903214944988、909894706445的基本信息
2026-04-09 17:59:20,897 | INFO | ali1688_goods_monitor | ⏳ 等待点击【开始查询】并捕获 offerSearch 接口...
2026-04-09 17:59:22,400 | INFO | ali1688_goods_monitor | 商品列表返回码: 200
2026-04-09 17:59:22,401 | INFO | ali1688_goods_monitor | 🚀 开始捕获商品数据，共 20 个商品
2026-04-09 17:59:22,401 | INFO | ali1688_goods_monitor | ✅ 商品基本信息捕获完成，总耗时: 0.00秒
2026-04-09 17:59:22,401 | INFO | ali1688_goods_monitor |    - 商品数: 20
2026-04-09 17:59:22,401 | INFO | ali1688_goods_monitor | ✅ 第 8 批完成，获取到 20 个商品，0 个SKU
2026-04-09 17:59:22,401 | INFO | ali1688_goods_monitor | 📋 第 8 批商品信息:
2026-04-09 17:59:22,401 | INFO | ali1688_goods_monitor |   1. 商品ID: 855494409051, 店铺: 汕头市龙湖区熹萌喵玩具厂, SKU数: 4
2026-04-09 17:59:22,401 | INFO | ali1688_goods_monitor |   2. 商品ID: 662629659424, 店铺: 汕头市嬉游记玩具有限公司, SKU数: 4
2026-04-09 17:59:22,401 | INFO | ali1688_goods_monitor |   3. 商品ID: 796066732390, 店铺: 义乌市卡登电子商务有限公司, SKU数: 6
2026-04-09 17:59:22,401 | INFO | ali1688_goods_monitor |   4. 商品ID: 833863806015, 店铺: 潮州市博思玩具有限公司, SKU数: 5
2026-04-09 17:59:22,401 | INFO | ali1688_goods_monitor |   5. 商品ID: 678640196785, 店铺: 汕头市澄海区实琪玩具有限公司, SKU数: 8
2026-04-09 17:59:22,401 | INFO | ali1688_goods_monitor |   6. 商品ID: 918745003737, 店铺: 深圳市栓云笙科技有限公司, SKU数: 6
2026-04-09 17:59:22,401 | INFO | ali1688_goods_monitor |   7. 商品ID: 968025059447, 店铺: 汕头市澄海区骇浪玩具商行（个体工商户）, SKU数: 6
2026-04-09 17:59:22,401 | INFO | ali1688_goods_monitor |   8. 商品ID: 1039821084728, 店铺: 义乌市怡芬日用品有限公司, SKU数: None
2026-04-09 17:59:22,401 | INFO | ali1688_goods_monitor |   9. 商品ID: 969889694254, 店铺: 深圳市惠艺美玩具有限公司, SKU数: 27
2026-04-09 17:59:22,401 | INFO | ali1688_goods_monitor |   10. 商品ID: 990374779412, 店铺: 义乌市精卓工艺品有限公司, SKU数: 3
2026-04-09 17:59:22,401 | INFO | ali1688_goods_monitor |   11. 商品ID: 903214944988, 店铺: 汕头市澄海区汕澄批玩具商行, SKU数: 1
2026-04-09 17:59:22,401 | INFO | ali1688_goods_monitor |   12. 商品ID: 973730524327, 店铺: 汕头市乐与拾光玩具有限公司, SKU数: 11
2026-04-09 17:59:22,402 | INFO | ali1688_goods_monitor |   13. 商品ID: 1000261330427, 店铺: 汕头市盛缔歆贸易有限公司, SKU数: 1
2026-04-09 17:59:22,402 | INFO | ali1688_goods_monitor |   14. 商品ID: 989391144530, 店铺: 汕头市澄海区罗森丰贸易商行, SKU数: 40
2026-04-09 17:59:22,402 | INFO | ali1688_goods_monitor |   15. 商品ID: 778105306124, 店铺: 林粉兰, SKU数: 1
2026-04-09 17:59:22,402 | INFO | ali1688_goods_monitor |   16. 商品ID: 1001253412551, 店铺: 汕头市澄海区贝晟玩具厂, SKU数: 7
2026-04-09 17:59:22,402 | INFO | ali1688_goods_monitor |   17. 商品ID: 909894706445, 店铺: 汕头市澄海区越来越聪明玩具厂, SKU数: 22
2026-04-09 17:59:22,402 | INFO | ali1688_goods_monitor |   18. 商品ID: 854773109889, 店铺: 汕头市龙湖区熹萌喵玩具厂, SKU数: 1
2026-04-09 17:59:22,402 | INFO | ali1688_goods_monitor |   19. 商品ID: 983142383790, 店铺: 东莞市狂蜂狂蚁科技有限公司, SKU数: None
2026-04-09 17:59:22,402 | INFO | ali1688_goods_monitor |   20. 商品ID: 695065852792, 店铺: 汕头市澄海区川宇玩具厂, SKU数: 2
2026-04-09 17:59:22,497 | INFO | ali1688_goods_monitor | 💾 第8/14批：已保存 20 个商品到数据库
2026-04-09 17:59:22,497 | INFO | ali1688_goods_monitor | ⏸️  随机暂停 4.9 秒...
2026-04-09 17:59:27,410 | INFO | ali1688_goods_monitor | 🔄 刷新页面，准备处理第 9 批...
2026-04-09 17:59:35,685 | INFO | ali1688_goods_monitor | 🔍 处理第 9/14 批，共 20 个商品
2026-04-09 17:59:35,685 | INFO | ali1688_goods_monitor | 📋 商品ID: 854420062122、653871136084、626387346293、984336119328、978648327291、834236928026、709904411964、847979472849、848295933948、939201456076、985101359570、900592605428、818121391220、668301084321、716733322460、955211708273、985879832920、847713406081、997742353743、906941705446
2026-04-09 17:59:35,685 | INFO | ali1688_goods_monitor | 🧩 选择搜索方式: 商品ID
2026-04-09 17:59:36,186 | INFO | ali1688_goods_monitor | 搜索的商品id是:854420062122、653871136084、626387346293、984336119328、978648327291、834236928026、709904411964、847979472849、848295933948、939201456076、985101359570、900592605428、818121391220、668301084321、716733322460、955211708273、985879832920、847713406081、997742353743、906941705446
2026-04-09 17:59:37,261 | INFO | ali1688_goods_monitor | ✅ 第 9 批筛选条件已设置
2026-04-09 17:59:40,271 | INFO | ali1688_goods_monitor | 开始获取商品:854420062122、653871136084、626387346293、984336119328、978648327291、834236928026、709904411964、847979472849、848295933948、939201456076、985101359570、900592605428、818121391220、668301084321、716733322460、955211708273、985879832920、847713406081、997742353743、906941705446的基本信息
2026-04-09 17:59:40,271 | INFO | ali1688_goods_monitor | ⏳ 等待点击【开始查询】并捕获 offerSearch 接口...
2026-04-09 17:59:41,087 | INFO | ali1688_goods_monitor | 商品列表返回码: 200
2026-04-09 17:59:41,088 | INFO | ali1688_goods_monitor | 🚀 开始捕获商品数据，共 19 个商品
2026-04-09 17:59:41,088 | INFO | ali1688_goods_monitor | ✅ 商品基本信息捕获完成，总耗时: 0.00秒
2026-04-09 17:59:41,088 | INFO | ali1688_goods_monitor |    - 商品数: 19
2026-04-09 17:59:41,088 | INFO | ali1688_goods_monitor | ✅ 第 9 批完成，获取到 19 个商品，0 个SKU
2026-04-09 17:59:41,088 | INFO | ali1688_goods_monitor | 📋 第 9 批商品信息:
2026-04-09 17:59:41,088 | INFO | ali1688_goods_monitor |   1. 商品ID: 939201456076, 店铺: 汕头市龙湖区熹萌喵玩具厂, SKU数: 7
2026-04-09 17:59:41,088 | INFO | ali1688_goods_monitor |   2. 商品ID: 955211708273, 店铺: 汕头市澄海区多美仕玩具厂, SKU数: 23
2026-04-09 17:59:41,088 | INFO | ali1688_goods_monitor |   3. 商品ID: 818121391220, 店铺: 义乌市零号电子商务商行, SKU数: 7
2026-04-09 17:59:41,088 | INFO | ali1688_goods_monitor |   4. 商品ID: 854420062122, 店铺: 汕头市龙湖区熹萌喵玩具厂, SKU数: 12
2026-04-09 17:59:41,088 | INFO | ali1688_goods_monitor |   5. 商品ID: 653871136084, 店铺: 汕头市未闻花名母婴用品有限公司, SKU数: 4
2026-04-09 17:59:41,088 | INFO | ali1688_goods_monitor |   6. 商品ID: 997742353743, 店铺: 义乌市胤潭电子商务商行, SKU数: 3
2026-04-09 17:59:41,089 | INFO | ali1688_goods_monitor |   7. 商品ID: 668301084321, 店铺: 深圳市铂瑞斯贸易有限公司, SKU数: 5
2026-04-09 17:59:41,089 | INFO | ali1688_goods_monitor |   8. 商品ID: 985101359570, 店铺: 义乌市栩磊电子商务商行, SKU数: 4
2026-04-09 17:59:41,089 | INFO | ali1688_goods_monitor |   9. 商品ID: 848295933948, 店铺: 汕头市龙湖区熹萌喵玩具厂, SKU数: 12
2026-04-09 17:59:41,089 | INFO | ali1688_goods_monitor |   10. 商品ID: 834236928026, 店铺: 深圳焦点创意电子科技发展有限公司, SKU数: 1
2026-04-09 17:59:41,089 | INFO | ali1688_goods_monitor |   11. 商品ID: 626387346293, 店铺: 汕头市嬉游记玩具有限公司, SKU数: 10
2026-04-09 17:59:41,089 | INFO | ali1688_goods_monitor |   12. 商品ID: 906941705446, 店铺: 义乌市双彩供应链有限公司, SKU数: 2
2026-04-09 17:59:41,089 | INFO | ali1688_goods_monitor |   13. 商品ID: 847713406081, 店铺: 汕头市龙湖区熹萌喵玩具厂, SKU数: 1
2026-04-09 17:59:41,089 | INFO | ali1688_goods_monitor |   14. 商品ID: 984336119328, 店铺: 汕头市澄海区泰旭玩具厂, SKU数: 3
2026-04-09 17:59:41,089 | INFO | ali1688_goods_monitor |   15. 商品ID: 985879832920, 店铺: 汕头市龙湖区熹萌喵玩具厂, SKU数: 4
2026-04-09 17:59:41,089 | INFO | ali1688_goods_monitor |   16. 商品ID: 709904411964, 店铺: 宿迁市俏楚贸易有限公司, SKU数: 24
2026-04-09 17:59:41,089 | INFO | ali1688_goods_monitor |   17. 商品ID: 716733322460, 店铺: 汕头市澄海区童萌趣玩具贸易商行, SKU数: 8
2026-04-09 17:59:41,089 | INFO | ali1688_goods_monitor |   18. 商品ID: 847979472849, 店铺: 汕头市龙湖区熹萌喵玩具厂, SKU数: 1
2026-04-09 17:59:41,089 | INFO | ali1688_goods_monitor |   19. 商品ID: 900592605428, 店铺: 汕头市龙湖区熹萌喵玩具厂, SKU数: 6
2026-04-09 17:59:41,176 | INFO | ali1688_goods_monitor | 💾 第9/14批：已保存 19 个商品到数据库
2026-04-09 17:59:41,177 | INFO | ali1688_goods_monitor | ⏸️  随机暂停 5.4 秒...
2026-04-09 17:59:46,597 | INFO | ali1688_goods_monitor | 🔄 刷新页面，准备处理第 10 批...
2026-04-09 17:59:55,127 | INFO | ali1688_goods_monitor | 🔍 处理第 10/14 批，共 20 个商品
2026-04-09 17:59:55,127 | INFO | ali1688_goods_monitor | 📋 商品ID: 975402784788、992713938362、998016077358、676772683627、991759687233、987237412445、847713406078、675557812438、946133528766、661664097697、987732400816、724154127228、672751050822、972523284067、661514670948、903149142386、686348979544、942621028118、678110916347、951586784136
2026-04-09 17:59:55,127 | INFO | ali1688_goods_monitor | 🧩 选择搜索方式: 商品ID
2026-04-09 17:59:55,593 | INFO | ali1688_goods_monitor | 搜索的商品id是:975402784788、992713938362、998016077358、676772683627、991759687233、987237412445、847713406078、675557812438、946133528766、661664097697、987732400816、724154127228、672751050822、972523284067、661514670948、903149142386、686348979544、942621028118、678110916347、951586784136
2026-04-09 17:59:56,680 | INFO | ali1688_goods_monitor | ✅ 第 10 批筛选条件已设置
2026-04-09 17:59:59,682 | INFO | ali1688_goods_monitor | 开始获取商品:975402784788、992713938362、998016077358、676772683627、991759687233、987237412445、847713406078、675557812438、946133528766、661664097697、987732400816、724154127228、672751050822、972523284067、661514670948、903149142386、686348979544、942621028118、678110916347、951586784136的基本信息
2026-04-09 17:59:59,682 | INFO | ali1688_goods_monitor | ⏳ 等待点击【开始查询】并捕获 offerSearch 接口...
2026-04-09 18:00:00,136 | INFO | ali1688_goods_monitor | 商品列表返回码: 200
2026-04-09 18:00:00,136 | INFO | ali1688_goods_monitor | 🚀 开始捕获商品数据，共 19 个商品
2026-04-09 18:00:00,136 | INFO | ali1688_goods_monitor | ✅ 商品基本信息捕获完成，总耗时: 0.00秒
2026-04-09 18:00:00,136 | INFO | ali1688_goods_monitor |    - 商品数: 19
2026-04-09 18:00:00,136 | INFO | ali1688_goods_monitor | ✅ 第 10 批完成，获取到 19 个商品，0 个SKU
2026-04-09 18:00:00,136 | INFO | ali1688_goods_monitor | 📋 第 10 批商品信息:
2026-04-09 18:00:00,136 | INFO | ali1688_goods_monitor |   1. 商品ID: 992713938362, 店铺: 深圳市品艺玩具有限公司, SKU数: 4
2026-04-09 18:00:00,136 | INFO | ali1688_goods_monitor |   2. 商品ID: 661514670948, 店铺: 汕头市嬉游记玩具有限公司, SKU数: 9
2026-04-09 18:00:00,136 | INFO | ali1688_goods_monitor |   3. 商品ID: 686348979544, 店铺: 深圳市易巧玩具有限公司, SKU数: 1
2026-04-09 18:00:00,136 | INFO | ali1688_goods_monitor |   4. 商品ID: 847713406078, 店铺: 汕头市龙湖区熹萌喵玩具厂, SKU数: 4
2026-04-09 18:00:00,136 | INFO | ali1688_goods_monitor |   5. 商品ID: 661664097697, 店铺: 汕头市俏娃玩具有限公司, SKU数: 2
2026-04-09 18:00:00,136 | INFO | ali1688_goods_monitor |   6. 商品ID: 678110916347, 店铺: 汕头市澄海区丰乐多玩具厂, SKU数: 9
2026-04-09 18:00:00,136 | INFO | ali1688_goods_monitor |   7. 商品ID: 672751050822, 店铺: 汕头市澄海区高美玩具厂, SKU数: 3
2026-04-09 18:00:00,136 | INFO | ali1688_goods_monitor |   8. 商品ID: 942621028118, 店铺: 汕头市澄海区孩艺宝玩具厂, SKU数: 20
2026-04-09 18:00:00,136 | INFO | ali1688_goods_monitor |   9. 商品ID: 946133528766, 店铺: 汕头市澄海区陶境玩具有限公司, SKU数: 4
2026-04-09 18:00:00,137 | INFO | ali1688_goods_monitor |   10. 商品ID: 676772683627, 店铺: 汕头市俏娃玩具有限公司, SKU数: 5
2026-04-09 18:00:00,137 | INFO | ali1688_goods_monitor |   11. 商品ID: 903149142386, 店铺: 汕头市龙湖区熹萌喵玩具厂, SKU数: 4
2026-04-09 18:00:00,137 | INFO | ali1688_goods_monitor |   12. 商品ID: 975402784788, 店铺: 汕头市硕维玩具有限公司, SKU数: 1
2026-04-09 18:00:00,137 | INFO | ali1688_goods_monitor |   13. 商品ID: 987732400816, 店铺: 汕头市澄海区新润洋玩具厂, SKU数: 1
2026-04-09 18:00:00,137 | INFO | ali1688_goods_monitor |   14. 商品ID: 987237412445, 店铺: 汕头市澄海区童乐玩玩具厂, SKU数: 20
2026-04-09 18:00:00,137 | INFO | ali1688_goods_monitor |   15. 商品ID: 991759687233, 店铺: 义乌市昭旭日用百货有限公司, SKU数: 6
2026-04-09 18:00:00,137 | INFO | ali1688_goods_monitor |   16. 商品ID: 724154127228, 店铺: 汕头市澄海区川宇玩具厂, SKU数: 6
2026-04-09 18:00:00,137 | INFO | ali1688_goods_monitor |   17. 商品ID: 998016077358, 店铺: 汕头市创爱旺科技有限公司, SKU数: 3
2026-04-09 18:00:00,137 | INFO | ali1688_goods_monitor |   18. 商品ID: 972523284067, 店铺: 汕头市澄海区华美乐玩具厂, SKU数: 1
2026-04-09 18:00:00,137 | INFO | ali1688_goods_monitor |   19. 商品ID: 675557812438, 店铺: 汕头市澄海区蛋宝玩具厂, SKU数: 1
2026-04-09 18:00:00,224 | INFO | ali1688_goods_monitor | 💾 第10/14批：已保存 19 个商品到数据库
2026-04-09 18:00:00,224 | INFO | ali1688_goods_monitor | ⏸️  随机暂停 5.5 秒...
2026-04-09 18:00:05,697 | INFO | ali1688_goods_monitor | 🔄 刷新页面，准备处理第 11 批...
2026-04-09 18:00:14,165 | INFO | ali1688_goods_monitor | 🔍 处理第 11/14 批，共 20 个商品
2026-04-09 18:00:14,165 | INFO | ali1688_goods_monitor | 📋 商品ID: 538297571141、670793076081、994715362159、969387993044、910382293640、986633373239、1027381048230、683872677220、1031769907868、990976789985、858770936676、646729482472、917025701974、854168645121、990260832462、992882388093、978968804889、848415574468、900563388108、895042686618
2026-04-09 18:00:14,166 | INFO | ali1688_goods_monitor | 🧩 选择搜索方式: 商品ID
2026-04-09 18:00:14,632 | INFO | ali1688_goods_monitor | 搜索的商品id是:538297571141、670793076081、994715362159、969387993044、910382293640、986633373239、1027381048230、683872677220、1031769907868、990976789985、858770936676、646729482472、917025701974、854168645121、990260832462、992882388093、978968804889、848415574468、900563388108、895042686618
2026-04-09 18:00:15,713 | INFO | ali1688_goods_monitor | ✅ 第 11 批筛选条件已设置
2026-04-09 18:00:18,719 | INFO | ali1688_goods_monitor | 开始获取商品:538297571141、670793076081、994715362159、969387993044、910382293640、986633373239、1027381048230、683872677220、1031769907868、990976789985、858770936676、646729482472、917025701974、854168645121、990260832462、992882388093、978968804889、848415574468、900563388108、895042686618的基本信息
2026-04-09 18:00:18,720 | INFO | ali1688_goods_monitor | ⏳ 等待点击【开始查询】并捕获 offerSearch 接口...
2026-04-09 18:00:19,996 | INFO | ali1688_goods_monitor | 商品列表返回码: 200
2026-04-09 18:00:19,997 | INFO | ali1688_goods_monitor | 🚀 开始捕获商品数据，共 20 个商品
2026-04-09 18:00:19,997 | INFO | ali1688_goods_monitor | ✅ 商品基本信息捕获完成，总耗时: 0.00秒
2026-04-09 18:00:19,997 | INFO | ali1688_goods_monitor |    - 商品数: 20
2026-04-09 18:00:19,997 | INFO | ali1688_goods_monitor | ✅ 第 11 批完成，获取到 20 个商品，0 个SKU
2026-04-09 18:00:19,997 | INFO | ali1688_goods_monitor | 📋 第 11 批商品信息:
2026-04-09 18:00:19,997 | INFO | ali1688_goods_monitor |   1. 商品ID: 990976789985, 店铺: 汕头市澄海区超慧丰贸易商行, SKU数: 16
2026-04-09 18:00:19,997 | INFO | ali1688_goods_monitor |   2. 商品ID: 992882388093, 店铺: 义乌市岚发贸易有限公司, SKU数: 3
2026-04-09 18:00:19,997 | INFO | ali1688_goods_monitor |   3. 商品ID: 646729482472, 店铺: 汕头市澄海区创羽玩具贸易商行, SKU数: 6
2026-04-09 18:00:19,997 | INFO | ali1688_goods_monitor |   4. 商品ID: 683872677220, 店铺: 汕头市俏娃玩具有限公司, SKU数: 3
2026-04-09 18:00:19,997 | INFO | ali1688_goods_monitor |   5. 商品ID: 670793076081, 店铺: 汕头市澄海区实琪玩具有限公司, SKU数: 12
2026-04-09 18:00:19,997 | INFO | ali1688_goods_monitor |   6. 商品ID: 978968804889, 店铺: 汕头市澄海区境趣玩具商行, SKU数: 1
2026-04-09 18:00:19,997 | INFO | ali1688_goods_monitor |   7. 商品ID: 538297571141, 店铺: 深圳灿煜玩具有限公司, SKU数: 6
2026-04-09 18:00:19,997 | INFO | ali1688_goods_monitor |   8. 商品ID: 994715362159, 店铺: 汕头市澄海区臻棒玩具厂, SKU数: 14
2026-04-09 18:00:19,997 | INFO | ali1688_goods_monitor |   9. 商品ID: 969387993044, 店铺: 汕头市澄海区芽比玩具商行, SKU数: 20
2026-04-09 18:00:19,997 | INFO | ali1688_goods_monitor |   10. 商品ID: 895042686618, 店铺: 汕头市龙湖区熹萌喵玩具厂, SKU数: 2
2026-04-09 18:00:19,997 | INFO | ali1688_goods_monitor |   11. 商品ID: 848415574468, 店铺: 汕头市龙湖区熹萌喵玩具厂, SKU数: 1
2026-04-09 18:00:19,998 | INFO | ali1688_goods_monitor |   12. 商品ID: 990260832462, 店铺: 汕头市澄海区嘉贝施玩具商行, SKU数: 3
2026-04-09 18:00:19,998 | INFO | ali1688_goods_monitor |   13. 商品ID: 986633373239, 店铺: 汕头市嬉游记玩具有限公司, SKU数: 11
2026-04-09 18:00:19,998 | INFO | ali1688_goods_monitor |   14. 商品ID: 900563388108, 店铺: 汕头市澄海区孩艺宝玩具厂, SKU数: 12
2026-04-09 18:00:19,998 | INFO | ali1688_goods_monitor |   15. 商品ID: 858770936676, 店铺: 义乌市星愿电子商务有限公司, SKU数: 2
2026-04-09 18:00:19,998 | INFO | ali1688_goods_monitor |   16. 商品ID: 854168645121, 店铺: 汕头市俏娃玩具有限公司, SKU数: 3
2026-04-09 18:00:19,998 | INFO | ali1688_goods_monitor |   17. 商品ID: 1031769907868, 店铺: 汕头市龙湖区莱之趣玩具商行（个体工商户）, SKU数: 6
2026-04-09 18:00:19,998 | INFO | ali1688_goods_monitor |   18. 商品ID: 917025701974, 店铺: 汕头市澄海区佳允玩具厂, SKU数: 8
2026-04-09 18:00:19,998 | INFO | ali1688_goods_monitor |   19. 商品ID: 910382293640, 店铺: 汕头市澄海区越来越聪明玩具厂, SKU数: 22
2026-04-09 18:00:19,998 | INFO | ali1688_goods_monitor |   20. 商品ID: 1027381048230, 店铺: 深圳市智其峰科技有限公司, SKU数: 36
2026-04-09 18:00:20,106 | INFO | ali1688_goods_monitor | 💾 第11/14批：已保存 20 个商品到数据库
2026-04-09 18:00:20,106 | INFO | ali1688_goods_monitor | ⏸️  随机暂停 3.7 秒...
2026-04-09 18:00:23,846 | INFO | ali1688_goods_monitor | 🔄 刷新页面，准备处理第 12 批...
2026-04-09 18:00:30,552 | INFO | ali1688_goods_monitor | 🔍 处理第 12/14 批，共 20 个商品
2026-04-09 18:00:30,553 | INFO | ali1688_goods_monitor | 📋 商品ID: 734736330484、985898832914、847993548322、1013917249205、1033404841463、1035850540780、992863648563、973255115593、643044757475、897059922290、973247771787、629652629026、984991416938、960725525521、1028239295024、634658078975、757454263904、728912992880、1001279554121、726064645781
2026-04-09 18:00:30,553 | INFO | ali1688_goods_monitor | 🧩 选择搜索方式: 商品ID
2026-04-09 18:00:31,118 | INFO | ali1688_goods_monitor | 搜索的商品id是:734736330484、985898832914、847993548322、1013917249205、1033404841463、1035850540780、992863648563、973255115593、643044757475、897059922290、973247771787、629652629026、984991416938、960725525521、1028239295024、634658078975、757454263904、728912992880、1001279554121、726064645781
2026-04-09 18:00:32,226 | INFO | ali1688_goods_monitor | ✅ 第 12 批筛选条件已设置
2026-04-09 18:00:35,239 | INFO | ali1688_goods_monitor | 开始获取商品:734736330484、985898832914、847993548322、1013917249205、1033404841463、1035850540780、992863648563、973255115593、643044757475、897059922290、973247771787、629652629026、984991416938、960725525521、1028239295024、634658078975、757454263904、728912992880、1001279554121、726064645781的基本信息
2026-04-09 18:00:35,239 | INFO | ali1688_goods_monitor | ⏳ 等待点击【开始查询】并捕获 offerSearch 接口...
2026-04-09 18:00:35,590 | INFO | ali1688_goods_monitor | 商品列表返回码: 200
2026-04-09 18:00:35,591 | INFO | ali1688_goods_monitor | 🚀 开始捕获商品数据，共 18 个商品
2026-04-09 18:00:35,591 | INFO | ali1688_goods_monitor | ✅ 商品基本信息捕获完成，总耗时: 0.00秒
2026-04-09 18:00:35,591 | INFO | ali1688_goods_monitor |    - 商品数: 18
2026-04-09 18:00:35,591 | INFO | ali1688_goods_monitor | ✅ 第 12 批完成，获取到 18 个商品，0 个SKU
2026-04-09 18:00:35,591 | INFO | ali1688_goods_monitor | 📋 第 12 批商品信息:
2026-04-09 18:00:35,592 | INFO | ali1688_goods_monitor |   1. 商品ID: 757454263904, 店铺: 汕头市恩游兔玩具有限公司, SKU数: 1
2026-04-09 18:00:35,592 | INFO | ali1688_goods_monitor |   2. 商品ID: 973247771787, 店铺: 汕头市澄海区萃婴乐玩具厂, SKU数: 2
2026-04-09 18:00:35,592 | INFO | ali1688_goods_monitor |   3. 商品ID: 992863648563, 店铺: 汕头市澄海区贝趣星玩具厂, SKU数: 11
2026-04-09 18:00:35,592 | INFO | ali1688_goods_monitor |   4. 商品ID: 897059922290, 店铺: 1688选品中心官方供应链, SKU数: 5
2026-04-09 18:00:35,592 | INFO | ali1688_goods_monitor |   5. 商品ID: 1035850540780, 店铺: 汕头市澄海区盛艺兴玩具厂, SKU数: 8
2026-04-09 18:00:35,592 | INFO | ali1688_goods_monitor |   6. 商品ID: 726064645781, 店铺: 汕头市澄海区奕欣玩具有限公司, SKU数: 6
2026-04-09 18:00:35,592 | INFO | ali1688_goods_monitor |   7. 商品ID: 960725525521, 店铺: 汕头市龙湖区熹萌喵玩具厂, SKU数: 10
2026-04-09 18:00:35,592 | INFO | ali1688_goods_monitor |   8. 商品ID: 728912992880, 店铺: 汕头市澄海区泓趣欢玩具厂, SKU数: 24
2026-04-09 18:00:35,592 | INFO | ali1688_goods_monitor |   9. 商品ID: 643044757475, 店铺: 汕头市稳住别浪玩具科技有限公司, SKU数: 41
2026-04-09 18:00:35,592 | INFO | ali1688_goods_monitor |   10. 商品ID: 634658078975, 店铺: 汕头市嬉游记玩具有限公司, SKU数: 16
2026-04-09 18:00:35,592 | INFO | ali1688_goods_monitor |   11. 商品ID: 973255115593, 店铺: 汕头市澄海区悦优佳玩具厂, SKU数: 36
2026-04-09 18:00:35,592 | INFO | ali1688_goods_monitor |   12. 商品ID: 1013917249205, 店铺: 广东佰思玩具有限公司, SKU数: 5
2026-04-09 18:00:35,593 | INFO | ali1688_goods_monitor |   13. 商品ID: 984991416938, 店铺: 汕头市龙湖区熹萌喵玩具厂, SKU数: 6
2026-04-09 18:00:35,593 | INFO | ali1688_goods_monitor |   14. 商品ID: 629652629026, 店铺: 汕头市嬉游记玩具有限公司, SKU数: 5
2026-04-09 18:00:35,593 | INFO | ali1688_goods_monitor |   15. 商品ID: 1033404841463, 店铺: 汕头市龙湖区莱之趣玩具商行（个体工商户）, SKU数: 4
2026-04-09 18:00:35,593 | INFO | ali1688_goods_monitor |   16. 商品ID: 1028239295024, 店铺: 汕头市澄海区东原玩具厂, SKU数: 1
2026-04-09 18:00:35,593 | INFO | ali1688_goods_monitor |   17. 商品ID: 1001279554121, 店铺: 汕头市澄海区金宝欢玩具商行, SKU数: 4
2026-04-09 18:00:35,593 | INFO | ali1688_goods_monitor |   18. 商品ID: 847993548322, 店铺: 汕头市龙湖区熹萌喵玩具厂, SKU数: 3
2026-04-09 18:00:35,677 | INFO | ali1688_goods_monitor | 💾 第12/14批：已保存 18 个商品到数据库
2026-04-09 18:00:35,677 | INFO | ali1688_goods_monitor | ⏸️  随机暂停 3.7 秒...
2026-04-09 18:00:39,402 | INFO | ali1688_goods_monitor | 🔄 刷新页面，准备处理第 13 批...
2026-04-09 18:00:47,460 | INFO | ali1688_goods_monitor | 🔍 处理第 13/14 批，共 20 个商品
2026-04-09 18:00:47,460 | INFO | ali1688_goods_monitor | 📋 商品ID: 795861191445、727364044091、894449366946、809233523760、990425215638、970781028572、929103621035、658391484708、990589043915、1031855101004、687729432138、858007859516、1024421346400、1001391447719、728364497329、952896839032、622513415473、974035321584、847969236799、969646541226
2026-04-09 18:00:47,460 | INFO | ali1688_goods_monitor | 🧩 选择搜索方式: 商品ID
2026-04-09 18:00:47,947 | INFO | ali1688_goods_monitor | 搜索的商品id是:795861191445、727364044091、894449366946、809233523760、990425215638、970781028572、929103621035、658391484708、990589043915、1031855101004、687729432138、858007859516、1024421346400、1001391447719、728364497329、952896839032、622513415473、974035321584、847969236799、969646541226
2026-04-09 18:00:49,042 | INFO | ali1688_goods_monitor | ✅ 第 13 批筛选条件已设置
2026-04-09 18:00:52,046 | INFO | ali1688_goods_monitor | 开始获取商品:795861191445、727364044091、894449366946、809233523760、990425215638、970781028572、929103621035、658391484708、990589043915、1031855101004、687729432138、858007859516、1024421346400、1001391447719、728364497329、952896839032、622513415473、974035321584、847969236799、969646541226的基本信息
2026-04-09 18:00:52,046 | INFO | ali1688_goods_monitor | ⏳ 等待点击【开始查询】并捕获 offerSearch 接口...
2026-04-09 18:00:52,553 | INFO | ali1688_goods_monitor | 商品列表返回码: 200
2026-04-09 18:00:52,553 | INFO | ali1688_goods_monitor | 🚀 开始捕获商品数据，共 20 个商品
2026-04-09 18:00:52,553 | INFO | ali1688_goods_monitor | ✅ 商品基本信息捕获完成，总耗时: 0.00秒
2026-04-09 18:00:52,553 | INFO | ali1688_goods_monitor |    - 商品数: 20
2026-04-09 18:00:52,553 | INFO | ali1688_goods_monitor | ✅ 第 13 批完成，获取到 20 个商品，0 个SKU
2026-04-09 18:00:52,553 | INFO | ali1688_goods_monitor | 📋 第 13 批商品信息:
2026-04-09 18:00:52,553 | INFO | ali1688_goods_monitor |   1. 商品ID: 1024421346400, 店铺: 深圳市金贝合科技有限公司, SKU数: 2
2026-04-09 18:00:52,554 | INFO | ali1688_goods_monitor |   2. 商品ID: 929103621035, 店铺: 汕头市鹿禾科教文化有限公司, SKU数: 6
2026-04-09 18:00:52,554 | INFO | ali1688_goods_monitor |   3. 商品ID: 858007859516, 店铺: 义乌市登妹贸易有限公司, SKU数: 2
2026-04-09 18:00:52,554 | INFO | ali1688_goods_monitor |   4. 商品ID: 809233523760, 店铺: 汕头市澄海区小筑班五金玩具厂, SKU数: 1
2026-04-09 18:00:52,554 | INFO | ali1688_goods_monitor |   5. 商品ID: 847969236799, 店铺: 汕头市龙湖区熹萌喵玩具厂, SKU数: 32
2026-04-09 18:00:52,554 | INFO | ali1688_goods_monitor |   6. 商品ID: 990425215638, 店铺: 汕头市澄海区汇熙宝玩具厂, SKU数: 5
2026-04-09 18:00:52,554 | INFO | ali1688_goods_monitor |   7. 商品ID: 990589043915, 店铺: 义乌市辰秘科技有限公司, SKU数: 3
2026-04-09 18:00:52,554 | INFO | ali1688_goods_monitor |   8. 商品ID: 969646541226, 店铺: 汕头市澄海区奋星玩具商行, SKU数: 11
2026-04-09 18:00:52,554 | INFO | ali1688_goods_monitor |   9. 商品ID: 795861191445, 店铺: 义乌市卡登电子商务有限公司, SKU数: 6
2026-04-09 18:00:52,554 | INFO | ali1688_goods_monitor |   10. 商品ID: 1001391447719, 店铺: 汕头市才佳玩具有限公司, SKU数: 2
2026-04-09 18:00:52,554 | INFO | ali1688_goods_monitor |   11. 商品ID: 974035321584, 店铺: 汕头市澄海区聚诚乐玩具厂, SKU数: 5
2026-04-09 18:00:52,554 | INFO | ali1688_goods_monitor |   12. 商品ID: 658391484708, 店铺: 汕头市澄海区柏嘉盛玩具商行, SKU数: 12
2026-04-09 18:00:52,554 | INFO | ali1688_goods_monitor |   13. 商品ID: 622513415473, 店铺: 汕头市嬉游记玩具有限公司, SKU数: 4
2026-04-09 18:00:52,555 | INFO | ali1688_goods_monitor |   14. 商品ID: 727364044091, 店铺: 汕头市澄海区实琪玩具有限公司, SKU数: 7
2026-04-09 18:00:52,555 | INFO | ali1688_goods_monitor |   15. 商品ID: 970781028572, 店铺: 汕头市俏娃玩具有限公司, SKU数: 1
2026-04-09 18:00:52,555 | INFO | ali1688_goods_monitor |   16. 商品ID: 728364497329, 店铺: 广东佰思玩具有限公司, SKU数: 5
2026-04-09 18:00:52,555 | INFO | ali1688_goods_monitor |   17. 商品ID: 687729432138, 店铺: 深圳巨变科技有限公司, SKU数: 1
2026-04-09 18:00:52,555 | INFO | ali1688_goods_monitor |   18. 商品ID: 894449366946, 店铺: 汕头市澄海区雅尚腾玩具厂(个体工商户), SKU数: 30
2026-04-09 18:00:52,555 | INFO | ali1688_goods_monitor |   19. 商品ID: 952896839032, 店铺: 汕头市俏娃玩具有限公司, SKU数: 3
2026-04-09 18:00:52,555 | INFO | ali1688_goods_monitor |   20. 商品ID: 1031855101004, 店铺: 汕头市澄海区尤纳兴玩具商行, SKU数: 7
2026-04-09 18:00:52,656 | INFO | ali1688_goods_monitor | 💾 第13/14批：已保存 20 个商品到数据库
2026-04-09 18:00:52,656 | INFO | ali1688_goods_monitor | ⏸️  随机暂停 5.0 秒...
2026-04-09 18:00:57,707 | INFO | ali1688_goods_monitor | 🔄 刷新页面，准备处理第 14 批...
2026-04-09 18:01:05,359 | INFO | ali1688_goods_monitor | 🔍 处理第 14/14 批，共 15 个商品
2026-04-09 18:01:05,359 | INFO | ali1688_goods_monitor | 📋 商品ID: 751554304142、863983065199、775392792723、857784361057、734549030910、713699292120、750175006113、927867865604、621194315291、954152497198、854259763574、982635289066、999695394272、947764418500、963819028092
2026-04-09 18:01:05,359 | INFO | ali1688_goods_monitor | 🧩 选择搜索方式: 商品ID
2026-04-09 18:01:05,854 | INFO | ali1688_goods_monitor | 搜索的商品id是:751554304142、863983065199、775392792723、857784361057、734549030910、713699292120、750175006113、927867865604、621194315291、954152497198、854259763574、982635289066、999695394272、947764418500、963819028092
2026-04-09 18:01:06,948 | INFO | ali1688_goods_monitor | ✅ 第 14 批筛选条件已设置
2026-04-09 18:01:09,950 | INFO | ali1688_goods_monitor | 开始获取商品:751554304142、863983065199、775392792723、857784361057、734549030910、713699292120、750175006113、927867865604、621194315291、954152497198、854259763574、982635289066、999695394272、947764418500、963819028092的基本信息
2026-04-09 18:01:09,951 | INFO | ali1688_goods_monitor | ⏳ 等待点击【开始查询】并捕获 offerSearch 接口...
2026-04-09 18:01:10,260 | INFO | ali1688_goods_monitor | 商品列表返回码: 200
2026-04-09 18:01:10,260 | INFO | ali1688_goods_monitor | 🚀 开始捕获商品数据，共 15 个商品
2026-04-09 18:01:10,260 | INFO | ali1688_goods_monitor | ✅ 商品基本信息捕获完成，总耗时: 0.00秒
2026-04-09 18:01:10,260 | INFO | ali1688_goods_monitor |    - 商品数: 15
2026-04-09 18:01:10,260 | INFO | ali1688_goods_monitor | ✅ 第 14 批完成，获取到 15 个商品，0 个SKU
2026-04-09 18:01:10,260 | INFO | ali1688_goods_monitor | 📋 第 14 批商品信息:
2026-04-09 18:01:10,260 | INFO | ali1688_goods_monitor |   1. 商品ID: 775392792723, 店铺: 汕头市澄海区方米狸玩具厂, SKU数: 25
2026-04-09 18:01:10,260 | INFO | ali1688_goods_monitor |   2. 商品ID: 621194315291, 店铺: 深圳市纵新电子科技有限公司, SKU数: 4
2026-04-09 18:01:10,260 | INFO | ali1688_goods_monitor |   3. 商品ID: 734549030910, 店铺: 汕头市澄海区萃婴乐玩具厂, SKU数: 14
2026-04-09 18:01:10,260 | INFO | ali1688_goods_monitor |   4. 商品ID: 751554304142, 店铺: 汕头市嬉游记玩具有限公司, SKU数: 2
2026-04-09 18:01:10,260 | INFO | ali1688_goods_monitor |   5. 商品ID: 713699292120, 店铺: 汕头市正鹰科教玩具有限公司, SKU数: 9
2026-04-09 18:01:10,260 | INFO | ali1688_goods_monitor |   6. 商品ID: 863983065199, 店铺: 汕头澄海区启迪恩玩具商行, SKU数: 1
2026-04-09 18:01:10,260 | INFO | ali1688_goods_monitor |   7. 商品ID: 750175006113, 店铺: 汕头市澄海区轮转玩具商行, SKU数: 1
2026-04-09 18:01:10,260 | INFO | ali1688_goods_monitor |   8. 商品ID: 947764418500, 店铺: 杜恒广, SKU数: 1
2026-04-09 18:01:10,260 | INFO | ali1688_goods_monitor |   9. 商品ID: 954152497198, 店铺: 汕头市乐享贝比贸易有限公司, SKU数: 6
2026-04-09 18:01:10,261 | INFO | ali1688_goods_monitor |   10. 商品ID: 963819028092, 店铺: 汕头市龙湖区熹萌喵玩具厂, SKU数: 2
2026-04-09 18:01:10,261 | INFO | ali1688_goods_monitor |   11. 商品ID: 857784361057, 店铺: 汕头市龙湖区熹萌喵玩具厂, SKU数: 10
2026-04-09 18:01:10,261 | INFO | ali1688_goods_monitor |   12. 商品ID: 927867865604, 店铺: 汕头市龙湖区熹萌喵玩具厂, SKU数: 18
2026-04-09 18:01:10,261 | INFO | ali1688_goods_monitor |   13. 商品ID: 854259763574, 店铺: 汕头市龙湖区熹萌喵玩具厂, SKU数: 1
2026-04-09 18:01:10,261 | INFO | ali1688_goods_monitor |   14. 商品ID: 982635289066, 店铺: 汕头市创爱旺科技有限公司, SKU数: 26
2026-04-09 18:01:10,261 | INFO | ali1688_goods_monitor |   15. 商品ID: 999695394272, 店铺: 义乌市大愚玩具有限公司, SKU数: 5
2026-04-09 18:01:10,357 | INFO | ali1688_goods_monitor | 💾 第14/14批：已保存 15 个商品到数据库
2026-04-09 18:01:10,357 | INFO | ali1688_goods_monitor | 🎉 第一阶段完成，共获取 268 个商品基本信息
2026-04-09 18:01:10,546 | INFO | ali1688_goods_monitor | 浏览器已关闭
2026-04-09 18:01:10,547 | INFO | ali1688_goods_monitor | 🔍 从数据库查询今天的变化记录...
2026-04-09 18:01:10,570 | INFO | ali1688_goods_monitor | ✅ 今天没有变化数据
2026-04-09 18:01:10,571 | INFO | ali1688_goods_monitor | 📤 上传今天爬取的所有数据到钉钉文档...
2026-04-09 18:01:10,589 | INFO | ali1688_goods_monitor | 准备上传 268 条记录...
2026-04-09 18:01:28,757 | INFO | ali1688_goods_monitor | 
上传统计:
2026-04-09 18:01:28,757 | INFO | ali1688_goods_monitor | 总记录数: 268
2026-04-09 18:01:28,757 | INFO | ali1688_goods_monitor | 成功数量: 268
2026-04-09 18:01:28,757 | INFO | ali1688_goods_monitor | 失败数量: 0
2026-04-09 18:01:28,757 | INFO | ali1688_goods_monitor | 成功批次: 6
2026-04-09 18:01:28,757 | INFO | ali1688_goods_monitor | 失败批次: 0
2026-04-09 18:01:28,757 | INFO | ali1688_goods_monitor | 📤 已上传 268 个商品数据到钉钉
2026-04-09 18:01:28,772 | INFO | ali1688_goods_monitor | 🎯 全流程完成，总耗时：4分37秒
2026-04-09 18:01:28,772 | INFO | ali1688_goods_monitor | 📊 统计：今天共爬取 268 个商品，0 个SKU
2026-04-09 18:01:28,772 | INFO | ali1688_goods_monitor | 📊 变化统计：0 个商品发生变化，0 个SKU发生变化
2026-04-09 18:01:29,213 | INFO | ali1688_goods_monitor | ============================================================
2026-04-09 18:01:29,213 | INFO | ali1688_goods_monitor | ✅ 数据处理完成
2026-04-09 18:01:29,213 | INFO | ali1688_goods_monitor | ============================================================
