2026-04-05 06:30:01,961 | INFO | ali1688_goods_monitor | ============================================================
2026-04-05 06:30:01,961 | INFO | ali1688_goods_monitor | 🚀 开始1688竞品监控任务
2026-04-05 06:30:01,962 | INFO | ali1688_goods_monitor | ============================================================
2026-04-05 06:30:03,612 | INFO | ali1688_goods_monitor | 浏览器初始化成功
2026-04-05 06:30:19,694 | INFO | ali1688_goods_monitor | 📦 共找到 275 个商品ID，将分批查询（每批10个）
2026-04-05 06:30:30,016 | INFO | ali1688_goods_monitor | ❎ 已关闭引导弹窗2
2026-04-05 06:30:30,542 | INFO | ali1688_goods_monitor | ============================================================
2026-04-05 06:30:30,542 | INFO | ali1688_goods_monitor | 📊 第一阶段：获取商品基本信息
2026-04-05 06:30:30,543 | INFO | ali1688_goods_monitor | ============================================================
2026-04-05 06:30:30,543 | INFO | ali1688_goods_monitor | 🔍 处理第 1/14 批，共 20 个商品
2026-04-05 06:30:30,543 | INFO | ali1688_goods_monitor | 📋 商品ID: 971080031926、968280048908、943395574791、833661915665、982634945037、1016515592011、979203908708、835170979856、971037620206、1003272185431、617837580726、1005984550667、807432916292、928700805986、1040782952704、903613869442、1026068947837、954713432833、798059727032、812259607012
2026-04-05 06:30:30,543 | INFO | ali1688_goods_monitor | 🧩 选择搜索方式: 商品ID
2026-04-05 06:30:31,061 | INFO | ali1688_goods_monitor | 搜索的商品id是:971080031926、968280048908、943395574791、833661915665、982634945037、1016515592011、979203908708、835170979856、971037620206、1003272185431、617837580726、1005984550667、807432916292、928700805986、1040782952704、903613869442、1026068947837、954713432833、798059727032、812259607012
2026-04-05 06:30:32,162 | INFO | ali1688_goods_monitor | ✅ 第 1 批筛选条件已设置
2026-04-05 06:30:35,175 | INFO | ali1688_goods_monitor | 开始获取商品:971080031926、968280048908、943395574791、833661915665、982634945037、1016515592011、979203908708、835170979856、971037620206、1003272185431、617837580726、1005984550667、807432916292、928700805986、1040782952704、903613869442、1026068947837、954713432833、798059727032、812259607012的基本信息
2026-04-05 06:30:35,175 | INFO | ali1688_goods_monitor | ⏳ 等待点击【开始查询】并捕获 offerSearch 接口...
2026-04-05 06:30:35,609 | INFO | ali1688_goods_monitor | 商品列表返回码: 200
2026-04-05 06:30:35,609 | INFO | ali1688_goods_monitor | 🚀 开始捕获商品数据，共 19 个商品
2026-04-05 06:30:35,612 | INFO | ali1688_goods_monitor | ✅ 商品基本信息捕获完成，总耗时: 0.00秒
2026-04-05 06:30:35,614 | INFO | ali1688_goods_monitor |    - 商品数: 19
2026-04-05 06:30:35,614 | INFO | ali1688_goods_monitor | ✅ 第 1 批完成，获取到 19 个商品，0 个SKU
2026-04-05 06:30:35,615 | INFO | ali1688_goods_monitor | 📋 第 1 批商品信息:
2026-04-05 06:30:35,615 | INFO | ali1688_goods_monitor |   1. 商品ID: 982634945037, 店铺: 汕头市创爱旺科技有限公司, SKU数: 26
2026-04-05 06:30:35,616 | INFO | ali1688_goods_monitor |   2. 商品ID: 1026068947837, 店铺: 汕头市澄海区力多熊玩具商行, SKU数: 3
2026-04-05 06:30:35,616 | INFO | ali1688_goods_monitor |   3. 商品ID: 968280048908, 店铺: 汕头市澄海区都说好玩具商行, SKU数: 31
2026-04-05 06:30:35,617 | INFO | ali1688_goods_monitor |   4. 商品ID: 798059727032, 店铺: 汕头市澄海区超慧丰贸易商行, SKU数: 16
2026-04-05 06:30:35,617 | INFO | ali1688_goods_monitor |   5. 商品ID: 835170979856, 店铺: 汕头市澄海区土炭玩具商行, SKU数: 10
2026-04-05 06:30:35,619 | INFO | ali1688_goods_monitor |   6. 商品ID: 617837580726, 店铺: 深圳灿煜玩具有限公司, SKU数: 2
2026-04-05 06:30:35,619 | INFO | ali1688_goods_monitor |   7. 商品ID: 971080031926, 店铺: 汕头市龙湖区熹萌喵玩具厂, SKU数: 3
2026-04-05 06:30:35,619 | INFO | ali1688_goods_monitor |   8. 商品ID: 971037620206, 店铺: 汕头市澄海区淘琪宝玩具厂, SKU数: 1
2026-04-05 06:30:35,619 | INFO | ali1688_goods_monitor |   9. 商品ID: 979203908708, 店铺: 汕头市澄海区多美仕玩具厂, SKU数: 24
2026-04-05 06:30:35,619 | INFO | ali1688_goods_monitor |   10. 商品ID: 954713432833, 店铺: 汕头市龙湖区熹萌喵玩具厂, SKU数: 2
2026-04-05 06:30:35,620 | INFO | ali1688_goods_monitor |   11. 商品ID: 1040782952704, 店铺: 义乌市鑫照玩具厂, SKU数: None
2026-04-05 06:30:35,620 | INFO | ali1688_goods_monitor |   12. 商品ID: 943395574791, 店铺: 东莞市狂蜂狂蚁科技有限公司, SKU数: 1
2026-04-05 06:30:35,620 | INFO | ali1688_goods_monitor |   13. 商品ID: 807432916292, 店铺: 汕头市澄海区悦优佳玩具厂, SKU数: 24
2026-04-05 06:30:35,620 | INFO | ali1688_goods_monitor |   14. 商品ID: 1005984550667, 店铺: 汕头市澄海区八匹马玩具厂, SKU数: 36
2026-04-05 06:30:35,621 | INFO | ali1688_goods_monitor |   15. 商品ID: 928700805986, 店铺: 义乌市谷达玩具有限公司, SKU数: 2
2026-04-05 06:30:35,622 | INFO | ali1688_goods_monitor |   16. 商品ID: 812259607012, 店铺: 汕头市澄海区哈尼兔玩具厂, SKU数: 39
2026-04-05 06:30:35,622 | INFO | ali1688_goods_monitor |   17. 商品ID: 1016515592011, 店铺: 汕头市澄海区晟耀展玩具厂, SKU数: 4
2026-04-05 06:30:35,623 | INFO | ali1688_goods_monitor |   18. 商品ID: 833661915665, 店铺: 深圳金喜来电子股份有限公司, SKU数: 1
2026-04-05 06:30:35,623 | INFO | ali1688_goods_monitor |   19. 商品ID: 1003272185431, 店铺: 义乌市大愚玩具有限公司, SKU数: 5
2026-04-05 06:30:35,711 | INFO | ali1688_goods_monitor | 💾 第1/14批：已保存 19 个商品到数据库
2026-04-05 06:30:35,711 | INFO | ali1688_goods_monitor | ⏸️  随机暂停 5.3 秒...
2026-04-05 06:30:41,059 | INFO | ali1688_goods_monitor | 🔄 刷新页面，准备处理第 2 批...
2026-04-05 06:30:49,500 | INFO | ali1688_goods_monitor | ❎ 已关闭引导弹窗3
2026-04-05 06:30:52,036 | INFO | ali1688_goods_monitor | 🔍 处理第 2/14 批，共 20 个商品
2026-04-05 06:30:52,037 | INFO | ali1688_goods_monitor | 📋 商品ID: 1007173826384、991935831793、962746907189、812514770228、907762599791、990409899841、1013037690222、889385901298、1025513853144、969366546749、979396013303、875034473523、590591825369、894936744591、895285249007、970715744477、903636127402、741922490714、776195311997、811139889293
2026-04-05 06:30:52,044 | INFO | ali1688_goods_monitor | 🧩 选择搜索方式: 商品ID
2026-04-05 06:30:52,535 | INFO | ali1688_goods_monitor | 搜索的商品id是:1007173826384、991935831793、962746907189、812514770228、907762599791、990409899841、1013037690222、889385901298、1025513853144、969366546749、979396013303、875034473523、590591825369、894936744591、895285249007、970715744477、903636127402、741922490714、776195311997、811139889293
2026-04-05 06:30:53,657 | INFO | ali1688_goods_monitor | ✅ 第 2 批筛选条件已设置
2026-04-05 06:30:56,666 | INFO | ali1688_goods_monitor | 开始获取商品:1007173826384、991935831793、962746907189、812514770228、907762599791、990409899841、1013037690222、889385901298、1025513853144、969366546749、979396013303、875034473523、590591825369、894936744591、895285249007、970715744477、903636127402、741922490714、776195311997、811139889293的基本信息
2026-04-05 06:30:56,669 | INFO | ali1688_goods_monitor | ⏳ 等待点击【开始查询】并捕获 offerSearch 接口...
2026-04-05 06:30:57,163 | INFO | ali1688_goods_monitor | 商品列表返回码: 200
2026-04-05 06:30:57,163 | INFO | ali1688_goods_monitor | 🚀 开始捕获商品数据，共 19 个商品
2026-04-05 06:30:57,166 | INFO | ali1688_goods_monitor | ✅ 商品基本信息捕获完成，总耗时: 0.00秒
2026-04-05 06:30:57,168 | INFO | ali1688_goods_monitor |    - 商品数: 19
2026-04-05 06:30:57,168 | INFO | ali1688_goods_monitor | ✅ 第 2 批完成，获取到 19 个商品，0 个SKU
2026-04-05 06:30:57,169 | INFO | ali1688_goods_monitor | 📋 第 2 批商品信息:
2026-04-05 06:30:57,169 | INFO | ali1688_goods_monitor |   1. 商品ID: 741922490714, 店铺: 汕头市俏娃玩具有限公司, SKU数: 2
2026-04-05 06:30:57,169 | INFO | ali1688_goods_monitor |   2. 商品ID: 991935831793, 店铺: 温州市鑫筱贸易有限公司, SKU数: 3
2026-04-05 06:30:57,169 | INFO | ali1688_goods_monitor |   3. 商品ID: 969366546749, 店铺: 汕头市澄海区启超玩具厂, SKU数: 1
2026-04-05 06:30:57,169 | INFO | ali1688_goods_monitor |   4. 商品ID: 776195311997, 店铺: 汕头市澄海区讴艺玩具厂, SKU数: 1
2026-04-05 06:30:57,169 | INFO | ali1688_goods_monitor |   5. 商品ID: 875034473523, 店铺: 汕头市澄海区童积玩具厂, SKU数: 3
2026-04-05 06:30:57,169 | INFO | ali1688_goods_monitor |   6. 商品ID: 812514770228, 店铺: 汕头市澄海区栩之羿贸易商行, SKU数: 2
2026-04-05 06:30:57,169 | INFO | ali1688_goods_monitor |   7. 商品ID: 903636127402, 店铺: 义乌市君玖商贸有限公司, SKU数: 3
2026-04-05 06:30:57,169 | INFO | ali1688_goods_monitor |   8. 商品ID: 979396013303, 店铺: 汕头市澄海区很多人玩具商行, SKU数: 1
2026-04-05 06:30:57,170 | INFO | ali1688_goods_monitor |   9. 商品ID: 889385901298, 店铺: 汕头市欧切勒切电子商务有限公司, SKU数: 3
2026-04-05 06:30:57,170 | INFO | ali1688_goods_monitor |   10. 商品ID: 962746907189, 店铺: 汕头市龙湖区熹萌喵玩具厂, SKU数: 4
2026-04-05 06:30:57,170 | INFO | ali1688_goods_monitor |   11. 商品ID: 1013037690222, 店铺: 潮州市湘桥区星赫玩具厂(个体工商户), SKU数: 1
2026-04-05 06:30:57,170 | INFO | ali1688_goods_monitor |   12. 商品ID: 895285249007, 店铺: 汕头市澄海区雅尚腾玩具厂(个体工商户), SKU数: 36
2026-04-05 06:30:57,170 | INFO | ali1688_goods_monitor |   13. 商品ID: 894936744591, 店铺: 汕头市澄海区启跃玩具厂, SKU数: 16
2026-04-05 06:30:57,170 | INFO | ali1688_goods_monitor |   14. 商品ID: 1025513853144, 店铺: 汕头市澄海区萌灵娃玩具厂, SKU数: 8
2026-04-05 06:30:57,170 | INFO | ali1688_goods_monitor |   15. 商品ID: 907762599791, 店铺: 汕头市澄海区彩帆玩具厂, SKU数: 10
2026-04-05 06:30:57,171 | INFO | ali1688_goods_monitor |   16. 商品ID: 590591825369, 店铺: 汕头市澄海区翔鹏塑料制品厂, SKU数: 22
2026-04-05 06:30:57,171 | INFO | ali1688_goods_monitor |   17. 商品ID: 990409899841, 店铺: 汕头市澄海区泰旭玩具厂, SKU数: 1
2026-04-05 06:30:57,171 | INFO | ali1688_goods_monitor |   18. 商品ID: 970715744477, 店铺: 汕头市澄海区永志玩具商行(个体工商户), SKU数: 1
2026-04-05 06:30:57,171 | INFO | ali1688_goods_monitor |   19. 商品ID: 811139889293, 店铺: 义乌市孟享贸易有限公司, SKU数: 8
2026-04-05 06:30:57,242 | INFO | ali1688_goods_monitor | 💾 第2/14批：已保存 19 个商品到数据库
2026-04-05 06:30:57,242 | INFO | ali1688_goods_monitor | ⏸️  随机暂停 5.6 秒...
2026-04-05 06:31:02,864 | INFO | ali1688_goods_monitor | 🔄 刷新页面，准备处理第 3 批...
2026-04-05 06:31:09,308 | INFO | ali1688_goods_monitor | 🔍 处理第 3/14 批，共 20 个商品
2026-04-05 06:31:09,308 | INFO | ali1688_goods_monitor | 📋 商品ID: 950726478383、970377098770、1000398364752、628617576125、998051010590、856805654657、677709968233、992071730825、799083276279、976178977054、902961760235、900967422750、994662909434、681658732090、847794753111、992251601092、951035484615、826873938709、677301391721、847495122732
2026-04-05 06:31:09,314 | INFO | ali1688_goods_monitor | 🧩 选择搜索方式: 商品ID
2026-04-05 06:31:09,817 | INFO | ali1688_goods_monitor | 搜索的商品id是:950726478383、970377098770、1000398364752、628617576125、998051010590、856805654657、677709968233、992071730825、799083276279、976178977054、902961760235、900967422750、994662909434、681658732090、847794753111、992251601092、951035484615、826873938709、677301391721、847495122732
2026-04-05 06:31:10,922 | INFO | ali1688_goods_monitor | ✅ 第 3 批筛选条件已设置
2026-04-05 06:31:13,940 | INFO | ali1688_goods_monitor | 开始获取商品:950726478383、970377098770、1000398364752、628617576125、998051010590、856805654657、677709968233、992071730825、799083276279、976178977054、902961760235、900967422750、994662909434、681658732090、847794753111、992251601092、951035484615、826873938709、677301391721、847495122732的基本信息
2026-04-05 06:31:13,941 | INFO | ali1688_goods_monitor | ⏳ 等待点击【开始查询】并捕获 offerSearch 接口...
2026-04-05 06:31:14,355 | INFO | ali1688_goods_monitor | 商品列表返回码: 200
2026-04-05 06:31:14,356 | INFO | ali1688_goods_monitor | 🚀 开始捕获商品数据，共 20 个商品
2026-04-05 06:31:14,360 | INFO | ali1688_goods_monitor | ✅ 商品基本信息捕获完成，总耗时: 0.01秒
2026-04-05 06:31:14,361 | INFO | ali1688_goods_monitor |    - 商品数: 20
2026-04-05 06:31:14,361 | INFO | ali1688_goods_monitor | ✅ 第 3 批完成，获取到 20 个商品，0 个SKU
2026-04-05 06:31:14,361 | INFO | ali1688_goods_monitor | 📋 第 3 批商品信息:
2026-04-05 06:31:14,362 | INFO | ali1688_goods_monitor |   1. 商品ID: 677301391721, 店铺: 汕头市澄海区海棠玩具厂, SKU数: 5
2026-04-05 06:31:14,362 | INFO | ali1688_goods_monitor |   2. 商品ID: 847495122732, 店铺: 汕头市龙湖区熹萌喵玩具厂, SKU数: 3
2026-04-05 06:31:14,362 | INFO | ali1688_goods_monitor |   3. 商品ID: 970377098770, 店铺: 汕头市澄海区贝欣达玩具厂, SKU数: 37
2026-04-05 06:31:14,362 | INFO | ali1688_goods_monitor |   4. 商品ID: 677709968233, 店铺: 广东佰思玩具有限公司, SKU数: 5
2026-04-05 06:31:14,362 | INFO | ali1688_goods_monitor |   5. 商品ID: 1000398364752, 店铺: 义乌市芝麻开门玩具有限公司, SKU数: 4
2026-04-05 06:31:14,363 | INFO | ali1688_goods_monitor |   6. 商品ID: 951035484615, 店铺: 汕头市创爱旺科技有限公司, SKU数: 29
2026-04-05 06:31:14,363 | INFO | ali1688_goods_monitor |   7. 商品ID: 826873938709, 店铺: 汕头市森漫贸易有限公司, SKU数: 1
2026-04-05 06:31:14,363 | INFO | ali1688_goods_monitor |   8. 商品ID: 847794753111, 店铺: 汕头市龙湖区熹萌喵玩具厂, SKU数: 4
2026-04-05 06:31:14,363 | INFO | ali1688_goods_monitor |   9. 商品ID: 976178977054, 店铺: 汕头市玩物社科技有限公司, SKU数: 5
2026-04-05 06:31:14,363 | INFO | ali1688_goods_monitor |   10. 商品ID: 994662909434, 店铺: 义乌市麦贤电子商务商行, SKU数: 3
2026-04-05 06:31:14,364 | INFO | ali1688_goods_monitor |   11. 商品ID: 998051010590, 店铺: 汕头市盛星达体育用品有限公司, SKU数: 4
2026-04-05 06:31:14,364 | INFO | ali1688_goods_monitor |   12. 商品ID: 856805654657, 店铺: 汕头市龙湖区熹萌喵玩具厂, SKU数: 1
2026-04-05 06:31:14,364 | INFO | ali1688_goods_monitor |   13. 商品ID: 902961760235, 店铺: 汕头市龙湖区熹萌喵玩具厂, SKU数: 4
2026-04-05 06:31:14,364 | INFO | ali1688_goods_monitor |   14. 商品ID: 992251601092, 店铺: 义乌市纯亿供应链管理服务有限公司, SKU数: 3
2026-04-05 06:31:14,364 | INFO | ali1688_goods_monitor |   15. 商品ID: 628617576125, 店铺: 汕头市俏娃玩具有限公司, SKU数: 5
2026-04-05 06:31:14,365 | INFO | ali1688_goods_monitor |   16. 商品ID: 900967422750, 店铺: 汕头市澄海区越来越聪明玩具厂, SKU数: 22
2026-04-05 06:31:14,365 | INFO | ali1688_goods_monitor |   17. 商品ID: 950726478383, 店铺: 汕头市澄海区美贝斯玩具商行, SKU数: 13
2026-04-05 06:31:14,365 | INFO | ali1688_goods_monitor |   18. 商品ID: 681658732090, 店铺: 深圳金喜来电子股份有限公司, SKU数: 1
2026-04-05 06:31:14,365 | INFO | ali1688_goods_monitor |   19. 商品ID: 799083276279, 店铺: 汕头市澄海区米可玩具商行, SKU数: 3
2026-04-05 06:31:14,365 | INFO | ali1688_goods_monitor |   20. 商品ID: 992071730825, 店铺: 深圳市粤加大玩具有限公司, SKU数: 3
2026-04-05 06:31:14,453 | INFO | ali1688_goods_monitor | 💾 第3/14批：已保存 20 个商品到数据库
2026-04-05 06:31:14,453 | INFO | ali1688_goods_monitor | ⏸️  随机暂停 4.3 秒...
2026-04-05 06:31:18,723 | INFO | ali1688_goods_monitor | 🔄 刷新页面，准备处理第 4 批...
2026-04-05 06:31:25,217 | INFO | ali1688_goods_monitor | 🔍 处理第 4/14 批，共 20 个商品
2026-04-05 06:31:25,218 | INFO | ali1688_goods_monitor | 📋 商品ID: 899704194303、1007062397648、1000255776437、898439171537、43695296576、956573560393、902473655388、890654399053、979471208168、996059989352、840249263873、873614306333、702199084381、746411095420、703551244918、832304702315、950670074468、789633522584、890407614753、999142031933
2026-04-05 06:31:25,226 | INFO | ali1688_goods_monitor | 🧩 选择搜索方式: 商品ID
2026-04-05 06:31:25,717 | INFO | ali1688_goods_monitor | 搜索的商品id是:899704194303、1007062397648、1000255776437、898439171537、43695296576、956573560393、902473655388、890654399053、979471208168、996059989352、840249263873、873614306333、702199084381、746411095420、703551244918、832304702315、950670074468、789633522584、890407614753、999142031933
2026-04-05 06:31:26,799 | INFO | ali1688_goods_monitor | ✅ 第 4 批筛选条件已设置
2026-04-05 06:31:29,813 | INFO | ali1688_goods_monitor | 开始获取商品:899704194303、1007062397648、1000255776437、898439171537、43695296576、956573560393、902473655388、890654399053、979471208168、996059989352、840249263873、873614306333、702199084381、746411095420、703551244918、832304702315、950670074468、789633522584、890407614753、999142031933的基本信息
2026-04-05 06:31:29,814 | INFO | ali1688_goods_monitor | ⏳ 等待点击【开始查询】并捕获 offerSearch 接口...
2026-04-05 06:31:30,232 | INFO | ali1688_goods_monitor | 商品列表返回码: 200
2026-04-05 06:31:30,232 | INFO | ali1688_goods_monitor | 🚀 开始捕获商品数据，共 20 个商品
2026-04-05 06:31:30,235 | INFO | ali1688_goods_monitor | ✅ 商品基本信息捕获完成，总耗时: 0.00秒
2026-04-05 06:31:30,235 | INFO | ali1688_goods_monitor |    - 商品数: 20
2026-04-05 06:31:30,235 | INFO | ali1688_goods_monitor | ✅ 第 4 批完成，获取到 20 个商品，0 个SKU
2026-04-05 06:31:30,235 | INFO | ali1688_goods_monitor | 📋 第 4 批商品信息:
2026-04-05 06:31:30,235 | INFO | ali1688_goods_monitor |   1. 商品ID: 1000255776437, 店铺: 义乌市屿团电子商务商行, SKU数: 3
2026-04-05 06:31:30,236 | INFO | ali1688_goods_monitor |   2. 商品ID: 902473655388, 店铺: 汕头市龙湖区熹萌喵玩具厂, SKU数: 1
2026-04-05 06:31:30,236 | INFO | ali1688_goods_monitor |   3. 商品ID: 899704194303, 店铺: 汕头市澄海区孩艺宝玩具厂, SKU数: 12
2026-04-05 06:31:30,236 | INFO | ali1688_goods_monitor |   4. 商品ID: 873614306333, 店铺: 汕头市俏娃玩具有限公司, SKU数: 5
2026-04-05 06:31:30,236 | INFO | ali1688_goods_monitor |   5. 商品ID: 898439171537, 店铺: 汕头市龙湖区熹萌喵玩具厂, SKU数: 14
2026-04-05 06:31:30,236 | INFO | ali1688_goods_monitor |   6. 商品ID: 840249263873, 店铺: 汕头市嬉游记玩具有限公司, SKU数: 8
2026-04-05 06:31:30,236 | INFO | ali1688_goods_monitor |   7. 商品ID: 789633522584, 店铺: 汕头市澄海区乐涵玩具厂, SKU数: 1
2026-04-05 06:31:30,237 | INFO | ali1688_goods_monitor |   8. 商品ID: 996059989352, 店铺: 义乌市海潭商贸有限公司, SKU数: 3
2026-04-05 06:31:30,237 | INFO | ali1688_goods_monitor |   9. 商品ID: 703551244918, 店铺: 汕头市澄海区米可玩具商行, SKU数: 3
2026-04-05 06:31:30,237 | INFO | ali1688_goods_monitor |   10. 商品ID: 956573560393, 店铺: 汕头市澄海区巧新玩具厂, SKU数: 3
2026-04-05 06:31:30,237 | INFO | ali1688_goods_monitor |   11. 商品ID: 1007062397648, 店铺: 汕头市澄海区坤铄玩具厂, SKU数: 4
2026-04-05 06:31:30,237 | INFO | ali1688_goods_monitor |   12. 商品ID: 890654399053, 店铺: 汕头市澄海区悦优佳玩具厂, SKU数: 22
2026-04-05 06:31:30,237 | INFO | ali1688_goods_monitor |   13. 商品ID: 999142031933, 店铺: 深圳金喜来电子股份有限公司, SKU数: 1
2026-04-05 06:31:30,237 | INFO | ali1688_goods_monitor |   14. 商品ID: 702199084381, 店铺: 汕头市澄海区实琪玩具有限公司, SKU数: 21
2026-04-05 06:31:30,239 | INFO | ali1688_goods_monitor |   15. 商品ID: 950670074468, 店铺: 汕头市澄海区雅尚腾玩具厂(个体工商户), SKU数: 36
2026-04-05 06:31:30,240 | INFO | ali1688_goods_monitor |   16. 商品ID: 890407614753, 店铺: 汕头市澄海区萌董乐玩具厂, SKU数: 17
2026-04-05 06:31:30,240 | INFO | ali1688_goods_monitor |   17. 商品ID: 832304702315, 店铺: 广东佰思玩具有限公司, SKU数: 5
2026-04-05 06:31:30,241 | INFO | ali1688_goods_monitor |   18. 商品ID: 43695296576, 店铺: 汕头市澄海区豪达玩具有限公司, SKU数: 2
2026-04-05 06:31:30,241 | INFO | ali1688_goods_monitor |   19. 商品ID: 746411095420, 店铺: 汕头市龙湖区宝乐喜玩具商行, SKU数: 6
2026-04-05 06:31:30,241 | INFO | ali1688_goods_monitor |   20. 商品ID: 979471208168, 店铺: 汕头市澄海区淘琪宝玩具厂, SKU数: 1
2026-04-05 06:31:30,321 | INFO | ali1688_goods_monitor | 💾 第4/14批：已保存 20 个商品到数据库
2026-04-05 06:31:30,321 | INFO | ali1688_goods_monitor | ⏸️  随机暂停 4.9 秒...
2026-04-05 06:31:35,277 | INFO | ali1688_goods_monitor | 🔄 刷新页面，准备处理第 5 批...
2026-04-05 06:31:41,625 | INFO | ali1688_goods_monitor | 🔍 处理第 5/14 批，共 20 个商品
2026-04-05 06:31:41,626 | INFO | ali1688_goods_monitor | 📋 商品ID: 859584630627、1009966785995、985206853035、991070192317、927205288673、950658287741、993465198242、998859559585、992800642545、990618054916、652994949606、873771926327、970542473882、836899798919、928580021030、852501307622、632300625030、853399095646、671840552108、975762015590
2026-04-05 06:31:41,632 | INFO | ali1688_goods_monitor | 🧩 选择搜索方式: 商品ID
2026-04-05 06:31:42,085 | INFO | ali1688_goods_monitor | 搜索的商品id是:859584630627、1009966785995、985206853035、991070192317、927205288673、950658287741、993465198242、998859559585、992800642545、990618054916、652994949606、873771926327、970542473882、836899798919、928580021030、852501307622、632300625030、853399095646、671840552108、975762015590
2026-04-05 06:31:43,170 | INFO | ali1688_goods_monitor | ✅ 第 5 批筛选条件已设置
2026-04-05 06:31:46,186 | INFO | ali1688_goods_monitor | 开始获取商品:859584630627、1009966785995、985206853035、991070192317、927205288673、950658287741、993465198242、998859559585、992800642545、990618054916、652994949606、873771926327、970542473882、836899798919、928580021030、852501307622、632300625030、853399095646、671840552108、975762015590的基本信息
2026-04-05 06:31:46,188 | INFO | ali1688_goods_monitor | ⏳ 等待点击【开始查询】并捕获 offerSearch 接口...
2026-04-05 06:31:46,619 | INFO | ali1688_goods_monitor | 商品列表返回码: 200
2026-04-05 06:31:46,619 | INFO | ali1688_goods_monitor | 🚀 开始捕获商品数据，共 20 个商品
2026-04-05 06:31:46,624 | INFO | ali1688_goods_monitor | ✅ 商品基本信息捕获完成，总耗时: 0.01秒
2026-04-05 06:31:46,624 | INFO | ali1688_goods_monitor |    - 商品数: 20
2026-04-05 06:31:46,626 | INFO | ali1688_goods_monitor | ✅ 第 5 批完成，获取到 20 个商品，0 个SKU
2026-04-05 06:31:46,626 | INFO | ali1688_goods_monitor | 📋 第 5 批商品信息:
2026-04-05 06:31:46,627 | INFO | ali1688_goods_monitor |   1. 商品ID: 991070192317, 店铺: 汕头市澄海区神宥玩具厂(个体工商户), SKU数: 11
2026-04-05 06:31:46,627 | INFO | ali1688_goods_monitor |   2. 商品ID: 993465198242, 店铺: 汕头市铭立玩具有限公司, SKU数: 7
2026-04-05 06:31:46,628 | INFO | ali1688_goods_monitor |   3. 商品ID: 990618054916, 店铺: 妆链时代（深圳）科技有限公司, SKU数: 3
2026-04-05 06:31:46,628 | INFO | ali1688_goods_monitor |   4. 商品ID: 975762015590, 店铺: 汕头市澄海区小筑班五金玩具厂, SKU数: 6
2026-04-05 06:31:46,629 | INFO | ali1688_goods_monitor |   5. 商品ID: 992800642545, 店铺: 汕头市盛星达体育用品有限公司, SKU数: 3
2026-04-05 06:31:46,629 | INFO | ali1688_goods_monitor |   6. 商品ID: 632300625030, 店铺: 汕头市俏娃玩具有限公司, SKU数: 1
2026-04-05 06:31:46,630 | INFO | ali1688_goods_monitor |   7. 商品ID: 652994949606, 店铺: 汕头市俏娃玩具有限公司, SKU数: 4
2026-04-05 06:31:46,630 | INFO | ali1688_goods_monitor |   8. 商品ID: 998859559585, 店铺: 汕头市澄海区坤铄玩具厂, SKU数: 11
2026-04-05 06:31:46,631 | INFO | ali1688_goods_monitor |   9. 商品ID: 1009966785995, 店铺: 汕头市恒达星玩具有限公司, SKU数: 4
2026-04-05 06:31:46,631 | INFO | ali1688_goods_monitor |   10. 商品ID: 927205288673, 店铺: 汕头市龙湖区熹萌喵玩具厂, SKU数: 4
2026-04-05 06:31:46,631 | INFO | ali1688_goods_monitor |   11. 商品ID: 985206853035, 店铺: 汕头市澄海区金颖玩具厂, SKU数: 2
2026-04-05 06:31:46,631 | INFO | ali1688_goods_monitor |   12. 商品ID: 873771926327, 店铺: 汕头市澄海区酷乐孩玩具厂, SKU数: 34
2026-04-05 06:31:46,631 | INFO | ali1688_goods_monitor |   13. 商品ID: 853399095646, 店铺: 汕头市嬉游记玩具有限公司, SKU数: 15
2026-04-05 06:31:46,631 | INFO | ali1688_goods_monitor |   14. 商品ID: 859584630627, 店铺: 汕头市龙湖区熹萌喵玩具厂, SKU数: 4
2026-04-05 06:31:46,631 | INFO | ali1688_goods_monitor |   15. 商品ID: 671840552108, 店铺: 汕头市澄海区华迪锋玩具厂, SKU数: 8
2026-04-05 06:31:46,631 | INFO | ali1688_goods_monitor |   16. 商品ID: 970542473882, 店铺: 汕头市嬉游记玩具有限公司, SKU数: 5
2026-04-05 06:31:46,632 | INFO | ali1688_goods_monitor |   17. 商品ID: 836899798919, 店铺: 汕头市澄海区小筑班五金玩具厂, SKU数: 9
2026-04-05 06:31:46,632 | INFO | ali1688_goods_monitor |   18. 商品ID: 928580021030, 店铺: 汕头市嬉游记玩具有限公司, SKU数: 2
2026-04-05 06:31:46,632 | INFO | ali1688_goods_monitor |   19. 商品ID: 950658287741, 店铺: 汕头市澄海区三只老鼠玩具厂, SKU数: 18
2026-04-05 06:31:46,632 | INFO | ali1688_goods_monitor |   20. 商品ID: 852501307622, 店铺: 汕头市俏娃玩具有限公司, SKU数: 1
2026-04-05 06:31:46,717 | INFO | ali1688_goods_monitor | 💾 第5/14批：已保存 20 个商品到数据库
2026-04-05 06:31:46,717 | INFO | ali1688_goods_monitor | ⏸️  随机暂停 6.2 秒...
2026-04-05 06:31:52,966 | INFO | ali1688_goods_monitor | 🔄 刷新页面，准备处理第 6 批...
2026-04-05 06:31:59,310 | INFO | ali1688_goods_monitor | 🔍 处理第 6/14 批，共 20 个商品
2026-04-05 06:31:59,311 | INFO | ali1688_goods_monitor | 📋 商品ID: 994237964153、847990628509、962546716755、854253039240、662598267674、978651830599、692940339011、993354315037、895439014120、997795598539、1037735891255、849820903779、729749403422、948334688543、746416939989、930446969722、991823064917、621865712164、847781001778、864653527961
2026-04-05 06:31:59,316 | INFO | ali1688_goods_monitor | 🧩 选择搜索方式: 商品ID
2026-04-05 06:31:59,803 | INFO | ali1688_goods_monitor | 搜索的商品id是:994237964153、847990628509、962546716755、854253039240、662598267674、978651830599、692940339011、993354315037、895439014120、997795598539、1037735891255、849820903779、729749403422、948334688543、746416939989、930446969722、991823064917、621865712164、847781001778、864653527961
2026-04-05 06:32:00,897 | INFO | ali1688_goods_monitor | ✅ 第 6 批筛选条件已设置
2026-04-05 06:32:03,909 | INFO | ali1688_goods_monitor | 开始获取商品:994237964153、847990628509、962546716755、854253039240、662598267674、978651830599、692940339011、993354315037、895439014120、997795598539、1037735891255、849820903779、729749403422、948334688543、746416939989、930446969722、991823064917、621865712164、847781001778、864653527961的基本信息
2026-04-05 06:32:03,910 | INFO | ali1688_goods_monitor | ⏳ 等待点击【开始查询】并捕获 offerSearch 接口...
2026-04-05 06:32:04,873 | INFO | ali1688_goods_monitor | 商品列表返回码: 200
2026-04-05 06:32:04,874 | INFO | ali1688_goods_monitor | 🚀 开始捕获商品数据，共 20 个商品
2026-04-05 06:32:04,877 | INFO | ali1688_goods_monitor | ✅ 商品基本信息捕获完成，总耗时: 0.00秒
2026-04-05 06:32:04,878 | INFO | ali1688_goods_monitor |    - 商品数: 20
2026-04-05 06:32:04,878 | INFO | ali1688_goods_monitor | ✅ 第 6 批完成，获取到 20 个商品，0 个SKU
2026-04-05 06:32:04,879 | INFO | ali1688_goods_monitor | 📋 第 6 批商品信息:
2026-04-05 06:32:04,879 | INFO | ali1688_goods_monitor |   1. 商品ID: 746416939989, 店铺: 李楚平, SKU数: 2
2026-04-05 06:32:04,879 | INFO | ali1688_goods_monitor |   2. 商品ID: 847781001778, 店铺: 汕头市龙湖区熹萌喵玩具厂, SKU数: 4
2026-04-05 06:32:04,879 | INFO | ali1688_goods_monitor |   3. 商品ID: 895439014120, 店铺: 汕头市澄海区新创贸易商行, SKU数: 8
2026-04-05 06:32:04,879 | INFO | ali1688_goods_monitor |   4. 商品ID: 662598267674, 店铺: 汕头市俏娃玩具有限公司, SKU数: 4
2026-04-05 06:32:04,879 | INFO | ali1688_goods_monitor |   5. 商品ID: 994237964153, 店铺: 汕头市澄海区十意玩具厂, SKU数: 7
2026-04-05 06:32:04,880 | INFO | ali1688_goods_monitor |   6. 商品ID: 948334688543, 店铺: 汕头市澄海区超慧丰贸易商行, SKU数: 22
2026-04-05 06:32:04,880 | INFO | ali1688_goods_monitor |   7. 商品ID: 849820903779, 店铺: 汕头市龙湖区熹萌喵玩具厂, SKU数: 4
2026-04-05 06:32:04,880 | INFO | ali1688_goods_monitor |   8. 商品ID: 993354315037, 店铺: 汕头市澄海区奥维玩具厂, SKU数: 11
2026-04-05 06:32:04,880 | INFO | ali1688_goods_monitor |   9. 商品ID: 692940339011, 店铺: 汕头市澄海区商裕玩具商行, SKU数: 3
2026-04-05 06:32:04,880 | INFO | ali1688_goods_monitor |   10. 商品ID: 962546716755, 店铺: 汕头市澄海区淘琪宝玩具厂, SKU数: 3
2026-04-05 06:32:04,880 | INFO | ali1688_goods_monitor |   11. 商品ID: 864653527961, 店铺: 汕头市迪利嘉科技有限公司, SKU数: 1
2026-04-05 06:32:04,881 | INFO | ali1688_goods_monitor |   12. 商品ID: 997795598539, 店铺: 汕头市盛星达体育用品有限公司, SKU数: 3
2026-04-05 06:32:04,881 | INFO | ali1688_goods_monitor |   13. 商品ID: 930446969722, 店铺: 汕头市俏娃玩具有限公司, SKU数: 2
2026-04-05 06:32:04,881 | INFO | ali1688_goods_monitor |   14. 商品ID: 729749403422, 店铺: 珠海欣球格创科技有限公司, SKU数: 7
2026-04-05 06:32:04,881 | INFO | ali1688_goods_monitor |   15. 商品ID: 1037735891255, 店铺: 汕头市澄海区富派百货商行, SKU数: None
2026-04-05 06:32:04,881 | INFO | ali1688_goods_monitor |   16. 商品ID: 621865712164, 店铺: 义乌漫爱玩具商行, SKU数: 8
2026-04-05 06:32:04,882 | INFO | ali1688_goods_monitor |   17. 商品ID: 978651830599, 店铺: 义乌市紫戈玩具有限公司, SKU数: 2
2026-04-05 06:32:04,882 | INFO | ali1688_goods_monitor |   18. 商品ID: 991823064917, 店铺: 汕头市澄海区都说好玩具商行, SKU数: 8
2026-04-05 06:32:04,882 | INFO | ali1688_goods_monitor |   19. 商品ID: 847990628509, 店铺: 汕头市龙湖区熹萌喵玩具厂, SKU数: 8
2026-04-05 06:32:04,882 | INFO | ali1688_goods_monitor |   20. 商品ID: 854253039240, 店铺: 汕头市嬉游记玩具有限公司, SKU数: 2
2026-04-05 06:32:04,963 | INFO | ali1688_goods_monitor | 💾 第6/14批：已保存 20 个商品到数据库
2026-04-05 06:32:04,963 | INFO | ali1688_goods_monitor | ⏸️  随机暂停 5.9 秒...
2026-04-05 06:32:10,852 | INFO | ali1688_goods_monitor | 🔄 刷新页面，准备处理第 7 批...
2026-04-05 06:32:17,496 | INFO | ali1688_goods_monitor | 🔍 处理第 7/14 批，共 20 个商品
2026-04-05 06:32:17,497 | INFO | ali1688_goods_monitor | 📋 商品ID: 995364912374、811638208514、952611726643、915854311158、985998626047、924140770781、986179889619、999860867159、675880303102、997359995216、991467576950、813592780236、920664381969、926941651375、847784309788、991699553836、848195784663、773383798724、1006668462460、917143716667
2026-04-05 06:32:17,501 | INFO | ali1688_goods_monitor | 🧩 选择搜索方式: 商品ID
2026-04-05 06:32:17,972 | INFO | ali1688_goods_monitor | 搜索的商品id是:995364912374、811638208514、952611726643、915854311158、985998626047、924140770781、986179889619、999860867159、675880303102、997359995216、991467576950、813592780236、920664381969、926941651375、847784309788、991699553836、848195784663、773383798724、1006668462460、917143716667
2026-04-05 06:32:19,080 | INFO | ali1688_goods_monitor | ✅ 第 7 批筛选条件已设置
2026-04-05 06:32:22,083 | INFO | ali1688_goods_monitor | 开始获取商品:995364912374、811638208514、952611726643、915854311158、985998626047、924140770781、986179889619、999860867159、675880303102、997359995216、991467576950、813592780236、920664381969、926941651375、847784309788、991699553836、848195784663、773383798724、1006668462460、917143716667的基本信息
2026-04-05 06:32:22,084 | INFO | ali1688_goods_monitor | ⏳ 等待点击【开始查询】并捕获 offerSearch 接口...
2026-04-05 06:32:23,091 | INFO | ali1688_goods_monitor | 商品列表返回码: 200
2026-04-05 06:32:23,091 | INFO | ali1688_goods_monitor | 🚀 开始捕获商品数据，共 19 个商品
2026-04-05 06:32:23,094 | INFO | ali1688_goods_monitor | ✅ 商品基本信息捕获完成，总耗时: 0.00秒
2026-04-05 06:32:23,095 | INFO | ali1688_goods_monitor |    - 商品数: 19
2026-04-05 06:32:23,095 | INFO | ali1688_goods_monitor | ✅ 第 7 批完成，获取到 19 个商品，0 个SKU
2026-04-05 06:32:23,095 | INFO | ali1688_goods_monitor | 📋 第 7 批商品信息:
2026-04-05 06:32:23,095 | INFO | ali1688_goods_monitor |   1. 商品ID: 1006668462460, 店铺: 汕头市澄海区美迪电器厂, SKU数: 12
2026-04-05 06:32:23,096 | INFO | ali1688_goods_monitor |   2. 商品ID: 997359995216, 店铺: 汕头市盛缔歆贸易有限公司, SKU数: 4
2026-04-05 06:32:23,096 | INFO | ali1688_goods_monitor |   3. 商品ID: 924140770781, 店铺: 义乌市圣泽文化用品有限公司, SKU数: 2
2026-04-05 06:32:23,096 | INFO | ali1688_goods_monitor |   4. 商品ID: 773383798724, 店铺: 汕头市澄海区优比比玩具商行, SKU数: 10
2026-04-05 06:32:23,096 | INFO | ali1688_goods_monitor |   5. 商品ID: 811638208514, 店铺: 汕头市澄海区轮转玩具商行, SKU数: 3
2026-04-05 06:32:23,096 | INFO | ali1688_goods_monitor |   6. 商品ID: 985998626047, 店铺: 汕头澄海区莱鑫益益智玩具商行, SKU数: 4
2026-04-05 06:32:23,096 | INFO | ali1688_goods_monitor |   7. 商品ID: 986179889619, 店铺: 汕头市澄海区来得玩具厂, SKU数: 3
2026-04-05 06:32:23,096 | INFO | ali1688_goods_monitor |   8. 商品ID: 999860867159, 店铺: 汕头市盛缔歆贸易有限公司, SKU数: 1
2026-04-05 06:32:23,097 | INFO | ali1688_goods_monitor |   9. 商品ID: 915854311158, 店铺: 汕头市龙湖区熹萌喵玩具厂, SKU数: 5
2026-04-05 06:32:23,097 | INFO | ali1688_goods_monitor |   10. 商品ID: 848195784663, 店铺: 汕头市龙湖区熹萌喵玩具厂, SKU数: 6
2026-04-05 06:32:23,097 | INFO | ali1688_goods_monitor |   11. 商品ID: 995364912374, 店铺: 义乌市绘屿电子商务商行, SKU数: 3
2026-04-05 06:32:23,097 | INFO | ali1688_goods_monitor |   12. 商品ID: 952611726643, 店铺: 汕头市嬉游记玩具有限公司, SKU数: 2
2026-04-05 06:32:23,097 | INFO | ali1688_goods_monitor |   13. 商品ID: 991467576950, 店铺: 汕头市澄海区罗森丰贸易商行, SKU数: 40
2026-04-05 06:32:23,097 | INFO | ali1688_goods_monitor |   14. 商品ID: 926941651375, 店铺: 汕头市龙湖区熹萌喵玩具厂, SKU数: 10
2026-04-05 06:32:23,097 | INFO | ali1688_goods_monitor |   15. 商品ID: 813592780236, 店铺: 汕头市嬉游记玩具有限公司, SKU数: 2
2026-04-05 06:32:23,098 | INFO | ali1688_goods_monitor |   16. 商品ID: 920664381969, 店铺: 义乌市艺可玩具有限公司, SKU数: 4
2026-04-05 06:32:23,098 | INFO | ali1688_goods_monitor |   17. 商品ID: 675880303102, 店铺: 深圳巨变科技有限公司, SKU数: 1
2026-04-05 06:32:23,098 | INFO | ali1688_goods_monitor |   18. 商品ID: 917143716667, 店铺: 汕头市龙湖区熹萌喵玩具厂, SKU数: 4
2026-04-05 06:32:23,098 | INFO | ali1688_goods_monitor |   19. 商品ID: 847784309788, 店铺: 汕头市龙湖区熹萌喵玩具厂, SKU数: 2
2026-04-05 06:32:23,167 | INFO | ali1688_goods_monitor | 💾 第7/14批：已保存 19 个商品到数据库
2026-04-05 06:32:23,167 | INFO | ali1688_goods_monitor | ⏸️  随机暂停 4.8 秒...
2026-04-05 06:32:27,936 | INFO | ali1688_goods_monitor | 🔄 刷新页面，准备处理第 8 批...
2026-04-05 06:32:34,197 | INFO | ali1688_goods_monitor | 🔍 处理第 8/14 批，共 20 个商品
2026-04-05 06:32:34,198 | INFO | ali1688_goods_monitor | 📋 商品ID: 833863806015、778105306124、1000261330427、990374779412、678640196785、855494409051、695065852792、973730524327、969889694254、854773109889、662629659424、1001253412551、796066732390、968025059447、983142383790、918745003737、989391144530、1039821084728、903214944988、909894706445
2026-04-05 06:32:34,203 | INFO | ali1688_goods_monitor | 🧩 选择搜索方式: 商品ID
2026-04-05 06:32:34,741 | INFO | ali1688_goods_monitor | 搜索的商品id是:833863806015、778105306124、1000261330427、990374779412、678640196785、855494409051、695065852792、973730524327、969889694254、854773109889、662629659424、1001253412551、796066732390、968025059447、983142383790、918745003737、989391144530、1039821084728、903214944988、909894706445
2026-04-05 06:32:35,847 | INFO | ali1688_goods_monitor | ✅ 第 8 批筛选条件已设置
2026-04-05 06:32:38,860 | INFO | ali1688_goods_monitor | 开始获取商品:833863806015、778105306124、1000261330427、990374779412、678640196785、855494409051、695065852792、973730524327、969889694254、854773109889、662629659424、1001253412551、796066732390、968025059447、983142383790、918745003737、989391144530、1039821084728、903214944988、909894706445的基本信息
2026-04-05 06:32:38,861 | INFO | ali1688_goods_monitor | ⏳ 等待点击【开始查询】并捕获 offerSearch 接口...
2026-04-05 06:32:39,645 | INFO | ali1688_goods_monitor | 商品列表返回码: 200
2026-04-05 06:32:39,646 | INFO | ali1688_goods_monitor | 🚀 开始捕获商品数据，共 19 个商品
2026-04-05 06:32:39,649 | INFO | ali1688_goods_monitor | ✅ 商品基本信息捕获完成，总耗时: 0.00秒
2026-04-05 06:32:39,649 | INFO | ali1688_goods_monitor |    - 商品数: 19
2026-04-05 06:32:39,649 | INFO | ali1688_goods_monitor | ✅ 第 8 批完成，获取到 19 个商品，0 个SKU
2026-04-05 06:32:39,649 | INFO | ali1688_goods_monitor | 📋 第 8 批商品信息:
2026-04-05 06:32:39,649 | INFO | ali1688_goods_monitor |   1. 商品ID: 662629659424, 店铺: 汕头市嬉游记玩具有限公司, SKU数: 4
2026-04-05 06:32:39,649 | INFO | ali1688_goods_monitor |   2. 商品ID: 855494409051, 店铺: 汕头市龙湖区熹萌喵玩具厂, SKU数: 4
2026-04-05 06:32:39,649 | INFO | ali1688_goods_monitor |   3. 商品ID: 918745003737, 店铺: 深圳市栓云笙科技有限公司, SKU数: 6
2026-04-05 06:32:39,649 | INFO | ali1688_goods_monitor |   4. 商品ID: 778105306124, 店铺: 林粉兰, SKU数: 1
2026-04-05 06:32:39,649 | INFO | ali1688_goods_monitor |   5. 商品ID: 833863806015, 店铺: 潮州市博思玩具有限公司, SKU数: 5
2026-04-05 06:32:39,650 | INFO | ali1688_goods_monitor |   6. 商品ID: 903214944988, 店铺: 汕头市澄海区汕澄批玩具商行, SKU数: 1
2026-04-05 06:32:39,650 | INFO | ali1688_goods_monitor |   7. 商品ID: 973730524327, 店铺: 汕头市乐与拾光玩具有限公司, SKU数: 11
2026-04-05 06:32:39,650 | INFO | ali1688_goods_monitor |   8. 商品ID: 983142383790, 店铺: 东莞市狂蜂狂蚁科技有限公司, SKU数: None
2026-04-05 06:32:39,650 | INFO | ali1688_goods_monitor |   9. 商品ID: 796066732390, 店铺: 义乌市卡登电子商务有限公司, SKU数: 6
2026-04-05 06:32:39,650 | INFO | ali1688_goods_monitor |   10. 商品ID: 1039821084728, 店铺: 义乌市怡芬日用品有限公司, SKU数: None
2026-04-05 06:32:39,650 | INFO | ali1688_goods_monitor |   11. 商品ID: 1000261330427, 店铺: 汕头市盛缔歆贸易有限公司, SKU数: 1
2026-04-05 06:32:39,650 | INFO | ali1688_goods_monitor |   12. 商品ID: 968025059447, 店铺: 汕头市澄海区骇浪玩具商行（个体工商户）, SKU数: 6
2026-04-05 06:32:39,651 | INFO | ali1688_goods_monitor |   13. 商品ID: 1001253412551, 店铺: 汕头市澄海区贝晟玩具厂, SKU数: 7
2026-04-05 06:32:39,651 | INFO | ali1688_goods_monitor |   14. 商品ID: 909894706445, 店铺: 汕头市澄海区越来越聪明玩具厂, SKU数: 22
2026-04-05 06:32:39,651 | INFO | ali1688_goods_monitor |   15. 商品ID: 990374779412, 店铺: 义乌市精卓工艺品有限公司, SKU数: 3
2026-04-05 06:32:39,651 | INFO | ali1688_goods_monitor |   16. 商品ID: 969889694254, 店铺: 深圳市惠艺美玩具有限公司, SKU数: 27
2026-04-05 06:32:39,651 | INFO | ali1688_goods_monitor |   17. 商品ID: 854773109889, 店铺: 汕头市龙湖区熹萌喵玩具厂, SKU数: 1
2026-04-05 06:32:39,651 | INFO | ali1688_goods_monitor |   18. 商品ID: 678640196785, 店铺: 汕头市澄海区实琪玩具有限公司, SKU数: 8
2026-04-05 06:32:39,651 | INFO | ali1688_goods_monitor |   19. 商品ID: 695065852792, 店铺: 汕头市澄海区川宇玩具厂, SKU数: 2
2026-04-05 06:32:39,721 | INFO | ali1688_goods_monitor | 💾 第8/14批：已保存 19 个商品到数据库
2026-04-05 06:32:39,721 | INFO | ali1688_goods_monitor | ⏸️  随机暂停 4.9 秒...
2026-04-05 06:32:44,616 | INFO | ali1688_goods_monitor | 🔄 刷新页面，准备处理第 9 批...
2026-04-05 06:32:52,478 | INFO | ali1688_goods_monitor | 🔍 处理第 9/14 批，共 20 个商品
2026-04-05 06:32:52,479 | INFO | ali1688_goods_monitor | 📋 商品ID: 854420062122、653871136084、626387346293、984336119328、978648327291、834236928026、709904411964、847979472849、848295933948、939201456076、985101359570、900592605428、818121391220、668301084321、716733322460、955211708273、985879832920、847713406081、997742353743、906941705446
2026-04-05 06:32:52,486 | INFO | ali1688_goods_monitor | 🧩 选择搜索方式: 商品ID
2026-04-05 06:32:52,962 | INFO | ali1688_goods_monitor | 搜索的商品id是:854420062122、653871136084、626387346293、984336119328、978648327291、834236928026、709904411964、847979472849、848295933948、939201456076、985101359570、900592605428、818121391220、668301084321、716733322460、955211708273、985879832920、847713406081、997742353743、906941705446
2026-04-05 06:32:54,069 | INFO | ali1688_goods_monitor | ✅ 第 9 批筛选条件已设置
2026-04-05 06:32:57,080 | INFO | ali1688_goods_monitor | 开始获取商品:854420062122、653871136084、626387346293、984336119328、978648327291、834236928026、709904411964、847979472849、848295933948、939201456076、985101359570、900592605428、818121391220、668301084321、716733322460、955211708273、985879832920、847713406081、997742353743、906941705446的基本信息
2026-04-05 06:32:57,080 | INFO | ali1688_goods_monitor | ⏳ 等待点击【开始查询】并捕获 offerSearch 接口...
2026-04-05 06:32:57,652 | INFO | ali1688_goods_monitor | 商品列表返回码: 200
2026-04-05 06:32:57,652 | INFO | ali1688_goods_monitor | 🚀 开始捕获商品数据，共 19 个商品
2026-04-05 06:32:57,655 | INFO | ali1688_goods_monitor | ✅ 商品基本信息捕获完成，总耗时: 0.00秒
2026-04-05 06:32:57,656 | INFO | ali1688_goods_monitor |    - 商品数: 19
2026-04-05 06:32:57,657 | INFO | ali1688_goods_monitor | ✅ 第 9 批完成，获取到 19 个商品，0 个SKU
2026-04-05 06:32:57,657 | INFO | ali1688_goods_monitor | 📋 第 9 批商品信息:
2026-04-05 06:32:57,657 | INFO | ali1688_goods_monitor |   1. 商品ID: 997742353743, 店铺: 义乌市胤潭电子商务商行, SKU数: 3
2026-04-05 06:32:57,657 | INFO | ali1688_goods_monitor |   2. 商品ID: 818121391220, 店铺: 义乌市零号电子商务商行, SKU数: 7
2026-04-05 06:32:57,657 | INFO | ali1688_goods_monitor |   3. 商品ID: 939201456076, 店铺: 汕头市龙湖区熹萌喵玩具厂, SKU数: 7
2026-04-05 06:32:57,658 | INFO | ali1688_goods_monitor |   4. 商品ID: 955211708273, 店铺: 汕头市澄海区多美仕玩具厂, SKU数: 23
2026-04-05 06:32:57,658 | INFO | ali1688_goods_monitor |   5. 商品ID: 854420062122, 店铺: 汕头市龙湖区熹萌喵玩具厂, SKU数: 12
2026-04-05 06:32:57,658 | INFO | ali1688_goods_monitor |   6. 商品ID: 834236928026, 店铺: 深圳焦点创意电子科技发展有限公司, SKU数: 1
2026-04-05 06:32:57,658 | INFO | ali1688_goods_monitor |   7. 商品ID: 626387346293, 店铺: 汕头市嬉游记玩具有限公司, SKU数: 10
2026-04-05 06:32:57,658 | INFO | ali1688_goods_monitor |   8. 商品ID: 847713406081, 店铺: 汕头市龙湖区熹萌喵玩具厂, SKU数: 1
2026-04-05 06:32:57,658 | INFO | ali1688_goods_monitor |   9. 商品ID: 984336119328, 店铺: 汕头市澄海区泰旭玩具厂, SKU数: 3
2026-04-05 06:32:57,658 | INFO | ali1688_goods_monitor |   10. 商品ID: 985101359570, 店铺: 义乌市栩磊电子商务商行, SKU数: 4
2026-04-05 06:32:57,659 | INFO | ali1688_goods_monitor |   11. 商品ID: 709904411964, 店铺: 宿迁市俏楚贸易有限公司, SKU数: 24
2026-04-05 06:32:57,659 | INFO | ali1688_goods_monitor |   12. 商品ID: 847979472849, 店铺: 汕头市龙湖区熹萌喵玩具厂, SKU数: 1
2026-04-05 06:32:57,659 | INFO | ali1688_goods_monitor |   13. 商品ID: 900592605428, 店铺: 汕头市龙湖区熹萌喵玩具厂, SKU数: 6
2026-04-05 06:32:57,659 | INFO | ali1688_goods_monitor |   14. 商品ID: 716733322460, 店铺: 汕头市澄海区童萌趣玩具贸易商行, SKU数: 8
2026-04-05 06:32:57,659 | INFO | ali1688_goods_monitor |   15. 商品ID: 985879832920, 店铺: 汕头市龙湖区熹萌喵玩具厂, SKU数: 4
2026-04-05 06:32:57,659 | INFO | ali1688_goods_monitor |   16. 商品ID: 653871136084, 店铺: 汕头市未闻花名母婴用品有限公司, SKU数: 4
2026-04-05 06:32:57,659 | INFO | ali1688_goods_monitor |   17. 商品ID: 848295933948, 店铺: 汕头市龙湖区熹萌喵玩具厂, SKU数: 12
2026-04-05 06:32:57,660 | INFO | ali1688_goods_monitor |   18. 商品ID: 906941705446, 店铺: 义乌市双彩供应链有限公司, SKU数: 2
2026-04-05 06:32:57,660 | INFO | ali1688_goods_monitor |   19. 商品ID: 668301084321, 店铺: 深圳市铂瑞斯贸易有限公司, SKU数: 5
2026-04-05 06:32:57,731 | INFO | ali1688_goods_monitor | 💾 第9/14批：已保存 19 个商品到数据库
2026-04-05 06:32:57,731 | INFO | ali1688_goods_monitor | ⏸️  随机暂停 6.5 秒...
2026-04-05 06:33:04,262 | INFO | ali1688_goods_monitor | 🔄 刷新页面，准备处理第 10 批...
2026-04-05 06:33:11,867 | INFO | ali1688_goods_monitor | 🔍 处理第 10/14 批，共 20 个商品
2026-04-05 06:33:11,867 | INFO | ali1688_goods_monitor | 📋 商品ID: 975402784788、992713938362、998016077358、676772683627、991759687233、987237412445、847713406078、675557812438、946133528766、661664097697、987732400816、724154127228、672751050822、972523284067、661514670948、903149142386、686348979544、942621028118、678110916347、951586784136
2026-04-05 06:33:11,873 | INFO | ali1688_goods_monitor | 🧩 选择搜索方式: 商品ID
2026-04-05 06:33:12,372 | INFO | ali1688_goods_monitor | 搜索的商品id是:975402784788、992713938362、998016077358、676772683627、991759687233、987237412445、847713406078、675557812438、946133528766、661664097697、987732400816、724154127228、672751050822、972523284067、661514670948、903149142386、686348979544、942621028118、678110916347、951586784136
2026-04-05 06:33:13,479 | INFO | ali1688_goods_monitor | ✅ 第 10 批筛选条件已设置
2026-04-05 06:33:16,487 | INFO | ali1688_goods_monitor | 开始获取商品:975402784788、992713938362、998016077358、676772683627、991759687233、987237412445、847713406078、675557812438、946133528766、661664097697、987732400816、724154127228、672751050822、972523284067、661514670948、903149142386、686348979544、942621028118、678110916347、951586784136的基本信息
2026-04-05 06:33:16,489 | INFO | ali1688_goods_monitor | ⏳ 等待点击【开始查询】并捕获 offerSearch 接口...
2026-04-05 06:33:16,999 | INFO | ali1688_goods_monitor | 商品列表返回码: 200
2026-04-05 06:33:17,000 | INFO | ali1688_goods_monitor | 🚀 开始捕获商品数据，共 20 个商品
2026-04-05 06:33:17,005 | INFO | ali1688_goods_monitor | ✅ 商品基本信息捕获完成，总耗时: 0.00秒
2026-04-05 06:33:17,006 | INFO | ali1688_goods_monitor |    - 商品数: 20
2026-04-05 06:33:17,007 | INFO | ali1688_goods_monitor | ✅ 第 10 批完成，获取到 20 个商品，0 个SKU
2026-04-05 06:33:17,007 | INFO | ali1688_goods_monitor | 📋 第 10 批商品信息:
2026-04-05 06:33:17,007 | INFO | ali1688_goods_monitor |   1. 商品ID: 676772683627, 店铺: 汕头市俏娃玩具有限公司, SKU数: 5
2026-04-05 06:33:17,007 | INFO | ali1688_goods_monitor |   2. 商品ID: 987237412445, 店铺: 汕头市澄海区童乐玩玩具厂, SKU数: 20
2026-04-05 06:33:17,008 | INFO | ali1688_goods_monitor |   3. 商品ID: 992713938362, 店铺: 深圳市品艺玩具有限公司, SKU数: 4
2026-04-05 06:33:17,008 | INFO | ali1688_goods_monitor |   4. 商品ID: 686348979544, 店铺: 汕头市澄海区做妮物玩具厂, SKU数: 1
2026-04-05 06:33:17,008 | INFO | ali1688_goods_monitor |   5. 商品ID: 661664097697, 店铺: 汕头市俏娃玩具有限公司, SKU数: 2
2026-04-05 06:33:17,008 | INFO | ali1688_goods_monitor |   6. 商品ID: 672751050822, 店铺: 汕头市澄海区高美玩具厂, SKU数: 3
2026-04-05 06:33:17,009 | INFO | ali1688_goods_monitor |   7. 商品ID: 946133528766, 店铺: 汕头市澄海区陶境玩具有限公司, SKU数: 4
2026-04-05 06:33:17,009 | INFO | ali1688_goods_monitor |   8. 商品ID: 678110916347, 店铺: 汕头市澄海区丰乐多玩具厂, SKU数: 9
2026-04-05 06:33:17,009 | INFO | ali1688_goods_monitor |   9. 商品ID: 951586784136, 店铺: 汕头市澄海区悦优佳玩具厂, SKU数: 34
2026-04-05 06:33:17,009 | INFO | ali1688_goods_monitor |   10. 商品ID: 987732400816, 店铺: 汕头市澄海区新润洋玩具厂, SKU数: 1
2026-04-05 06:33:17,009 | INFO | ali1688_goods_monitor |   11. 商品ID: 661514670948, 店铺: 汕头市嬉游记玩具有限公司, SKU数: 9
2026-04-05 06:33:17,009 | INFO | ali1688_goods_monitor |   12. 商品ID: 975402784788, 店铺: 汕头市硕维玩具有限公司, SKU数: 1
2026-04-05 06:33:17,010 | INFO | ali1688_goods_monitor |   13. 商品ID: 903149142386, 店铺: 汕头市龙湖区熹萌喵玩具厂, SKU数: 4
2026-04-05 06:33:17,010 | INFO | ali1688_goods_monitor |   14. 商品ID: 972523284067, 店铺: 汕头市澄海区华美乐玩具厂, SKU数: 1
2026-04-05 06:33:17,010 | INFO | ali1688_goods_monitor |   15. 商品ID: 991759687233, 店铺: 义乌市昭旭日用百货有限公司, SKU数: 6
2026-04-05 06:33:17,010 | INFO | ali1688_goods_monitor |   16. 商品ID: 847713406078, 店铺: 汕头市龙湖区熹萌喵玩具厂, SKU数: 4
2026-04-05 06:33:17,010 | INFO | ali1688_goods_monitor |   17. 商品ID: 724154127228, 店铺: 汕头市澄海区川宇玩具厂, SKU数: 6
2026-04-05 06:33:17,010 | INFO | ali1688_goods_monitor |   18. 商品ID: 675557812438, 店铺: 汕头市澄海区蛋宝玩具厂, SKU数: 1
2026-04-05 06:33:17,011 | INFO | ali1688_goods_monitor |   19. 商品ID: 998016077358, 店铺: 汕头市创爱旺科技有限公司, SKU数: 3
2026-04-05 06:33:17,011 | INFO | ali1688_goods_monitor |   20. 商品ID: 942621028118, 店铺: 汕头市澄海区孩艺宝玩具厂, SKU数: 20
2026-04-05 06:33:17,093 | INFO | ali1688_goods_monitor | 💾 第10/14批：已保存 20 个商品到数据库
2026-04-05 06:33:17,093 | INFO | ali1688_goods_monitor | ⏸️  随机暂停 3.4 秒...
2026-04-05 06:33:20,517 | INFO | ali1688_goods_monitor | 🔄 刷新页面，准备处理第 11 批...
2026-04-05 06:33:26,811 | INFO | ali1688_goods_monitor | 🔍 处理第 11/14 批，共 20 个商品
2026-04-05 06:33:26,812 | INFO | ali1688_goods_monitor | 📋 商品ID: 538297571141、670793076081、994715362159、969387993044、910382293640、986633373239、1027381048230、683872677220、1031769907868、990976789985、858770936676、646729482472、917025701974、854168645121、990260832462、992882388093、978968804889、848415574468、900563388108、895042686618
2026-04-05 06:33:26,817 | INFO | ali1688_goods_monitor | 🧩 选择搜索方式: 商品ID
2026-04-05 06:33:27,312 | INFO | ali1688_goods_monitor | 搜索的商品id是:538297571141、670793076081、994715362159、969387993044、910382293640、986633373239、1027381048230、683872677220、1031769907868、990976789985、858770936676、646729482472、917025701974、854168645121、990260832462、992882388093、978968804889、848415574468、900563388108、895042686618
2026-04-05 06:33:28,404 | INFO | ali1688_goods_monitor | ✅ 第 11 批筛选条件已设置
2026-04-05 06:33:31,421 | INFO | ali1688_goods_monitor | 开始获取商品:538297571141、670793076081、994715362159、969387993044、910382293640、986633373239、1027381048230、683872677220、1031769907868、990976789985、858770936676、646729482472、917025701974、854168645121、990260832462、992882388093、978968804889、848415574468、900563388108、895042686618的基本信息
2026-04-05 06:33:31,423 | INFO | ali1688_goods_monitor | ⏳ 等待点击【开始查询】并捕获 offerSearch 接口...
2026-04-05 06:33:32,002 | INFO | ali1688_goods_monitor | 商品列表返回码: 200
2026-04-05 06:33:32,002 | INFO | ali1688_goods_monitor | 🚀 开始捕获商品数据，共 20 个商品
2026-04-05 06:33:32,007 | INFO | ali1688_goods_monitor | ✅ 商品基本信息捕获完成，总耗时: 0.00秒
2026-04-05 06:33:32,007 | INFO | ali1688_goods_monitor |    - 商品数: 20
2026-04-05 06:33:32,007 | INFO | ali1688_goods_monitor | ✅ 第 11 批完成，获取到 20 个商品，0 个SKU
2026-04-05 06:33:32,008 | INFO | ali1688_goods_monitor | 📋 第 11 批商品信息:
2026-04-05 06:33:32,008 | INFO | ali1688_goods_monitor |   1. 商品ID: 990976789985, 店铺: 汕头市澄海区超慧丰贸易商行, SKU数: 16
2026-04-05 06:33:32,008 | INFO | ali1688_goods_monitor |   2. 商品ID: 646729482472, 店铺: 汕头市澄海区创羽玩具贸易商行, SKU数: 6
2026-04-05 06:33:32,009 | INFO | ali1688_goods_monitor |   3. 商品ID: 990260832462, 店铺: 汕头市澄海区嘉贝施玩具商行, SKU数: 3
2026-04-05 06:33:32,009 | INFO | ali1688_goods_monitor |   4. 商品ID: 992882388093, 店铺: 义乌市岚发贸易有限公司, SKU数: 3
2026-04-05 06:33:32,009 | INFO | ali1688_goods_monitor |   5. 商品ID: 858770936676, 店铺: 义乌市星愿电子商务有限公司, SKU数: 2
2026-04-05 06:33:32,009 | INFO | ali1688_goods_monitor |   6. 商品ID: 683872677220, 店铺: 汕头市俏娃玩具有限公司, SKU数: 3
2026-04-05 06:33:32,010 | INFO | ali1688_goods_monitor |   7. 商品ID: 854168645121, 店铺: 汕头市俏娃玩具有限公司, SKU数: 3
2026-04-05 06:33:32,010 | INFO | ali1688_goods_monitor |   8. 商品ID: 670793076081, 店铺: 汕头市澄海区实琪玩具有限公司, SKU数: 12
2026-04-05 06:33:32,010 | INFO | ali1688_goods_monitor |   9. 商品ID: 994715362159, 店铺: 汕头市澄海区臻棒玩具厂, SKU数: 14
2026-04-05 06:33:32,010 | INFO | ali1688_goods_monitor |   10. 商品ID: 538297571141, 店铺: 深圳灿煜玩具有限公司, SKU数: 6
2026-04-05 06:33:32,010 | INFO | ali1688_goods_monitor |   11. 商品ID: 917025701974, 店铺: 汕头市澄海区佳允玩具厂, SKU数: 8
2026-04-05 06:33:32,010 | INFO | ali1688_goods_monitor |   12. 商品ID: 1027381048230, 店铺: 深圳市智其峰科技有限公司, SKU数: 36
2026-04-05 06:33:32,011 | INFO | ali1688_goods_monitor |   13. 商品ID: 969387993044, 店铺: 汕头市澄海区芽比玩具商行, SKU数: 20
2026-04-05 06:33:32,013 | INFO | ali1688_goods_monitor |   14. 商品ID: 848415574468, 店铺: 汕头市龙湖区熹萌喵玩具厂, SKU数: 1
2026-04-05 06:33:32,013 | INFO | ali1688_goods_monitor |   15. 商品ID: 895042686618, 店铺: 汕头市龙湖区熹萌喵玩具厂, SKU数: 2
2026-04-05 06:33:32,015 | INFO | ali1688_goods_monitor |   16. 商品ID: 1031769907868, 店铺: 汕头市龙湖区莱之趣玩具商行（个体工商户）, SKU数: 6
2026-04-05 06:33:32,016 | INFO | ali1688_goods_monitor |   17. 商品ID: 978968804889, 店铺: 汕头市澄海区境趣玩具商行, SKU数: 1
2026-04-05 06:33:32,016 | INFO | ali1688_goods_monitor |   18. 商品ID: 986633373239, 店铺: 汕头市嬉游记玩具有限公司, SKU数: 11
2026-04-05 06:33:32,016 | INFO | ali1688_goods_monitor |   19. 商品ID: 900563388108, 店铺: 汕头市澄海区孩艺宝玩具厂, SKU数: 12
2026-04-05 06:33:32,016 | INFO | ali1688_goods_monitor |   20. 商品ID: 910382293640, 店铺: 汕头市澄海区越来越聪明玩具厂, SKU数: 22
2026-04-05 06:33:32,101 | INFO | ali1688_goods_monitor | 💾 第11/14批：已保存 20 个商品到数据库
2026-04-05 06:33:32,101 | INFO | ali1688_goods_monitor | ⏸️  随机暂停 6.1 秒...
2026-04-05 06:33:38,250 | INFO | ali1688_goods_monitor | 🔄 刷新页面，准备处理第 12 批...
2026-04-05 06:33:45,160 | INFO | ali1688_goods_monitor | 🔍 处理第 12/14 批，共 20 个商品
2026-04-05 06:33:45,161 | INFO | ali1688_goods_monitor | 📋 商品ID: 734736330484、985898832914、847993548322、1013917249205、1033404841463、1035850540780、992863648563、973255115593、643044757475、897059922290、973247771787、629652629026、984991416938、960725525521、1028239295024、634658078975、757454263904、728912992880、1001279554121、726064645781
2026-04-05 06:33:45,168 | INFO | ali1688_goods_monitor | 🧩 选择搜索方式: 商品ID
2026-04-05 06:33:45,619 | INFO | ali1688_goods_monitor | 搜索的商品id是:734736330484、985898832914、847993548322、1013917249205、1033404841463、1035850540780、992863648563、973255115593、643044757475、897059922290、973247771787、629652629026、984991416938、960725525521、1028239295024、634658078975、757454263904、728912992880、1001279554121、726064645781
2026-04-05 06:33:46,726 | INFO | ali1688_goods_monitor | ✅ 第 12 批筛选条件已设置
2026-04-05 06:33:49,728 | INFO | ali1688_goods_monitor | 开始获取商品:734736330484、985898832914、847993548322、1013917249205、1033404841463、1035850540780、992863648563、973255115593、643044757475、897059922290、973247771787、629652629026、984991416938、960725525521、1028239295024、634658078975、757454263904、728912992880、1001279554121、726064645781的基本信息
2026-04-05 06:33:49,729 | INFO | ali1688_goods_monitor | ⏳ 等待点击【开始查询】并捕获 offerSearch 接口...
2026-04-05 06:33:50,112 | INFO | ali1688_goods_monitor | 商品列表返回码: 200
2026-04-05 06:33:50,113 | INFO | ali1688_goods_monitor | 🚀 开始捕获商品数据，共 19 个商品
2026-04-05 06:33:50,116 | INFO | ali1688_goods_monitor | ✅ 商品基本信息捕获完成，总耗时: 0.00秒
2026-04-05 06:33:50,117 | INFO | ali1688_goods_monitor |    - 商品数: 19
2026-04-05 06:33:50,117 | INFO | ali1688_goods_monitor | ✅ 第 12 批完成，获取到 19 个商品，0 个SKU
2026-04-05 06:33:50,117 | INFO | ali1688_goods_monitor | 📋 第 12 批商品信息:
2026-04-05 06:33:50,117 | INFO | ali1688_goods_monitor |   1. 商品ID: 734736330484, 店铺: 汕头市澄海区悦优佳玩具厂, SKU数: 34
2026-04-05 06:33:50,117 | INFO | ali1688_goods_monitor |   2. 商品ID: 1028239295024, 店铺: 汕头市澄海区东原玩具厂(个体工商户), SKU数: 1
2026-04-05 06:33:50,118 | INFO | ali1688_goods_monitor |   3. 商品ID: 757454263904, 店铺: 汕头市恩游兔玩具有限公司, SKU数: 1
2026-04-05 06:33:50,118 | INFO | ali1688_goods_monitor |   4. 商品ID: 1033404841463, 店铺: 汕头市龙湖区莱之趣玩具商行（个体工商户）, SKU数: 4
2026-04-05 06:33:50,118 | INFO | ali1688_goods_monitor |   5. 商品ID: 992863648563, 店铺: 汕头市澄海区贝趣星玩具厂, SKU数: 11
2026-04-05 06:33:50,118 | INFO | ali1688_goods_monitor |   6. 商品ID: 984991416938, 店铺: 汕头市龙湖区熹萌喵玩具厂, SKU数: 6
2026-04-05 06:33:50,118 | INFO | ali1688_goods_monitor |   7. 商品ID: 728912992880, 店铺: 汕头市澄海区泓趣欢玩具厂, SKU数: 24
2026-04-05 06:33:50,118 | INFO | ali1688_goods_monitor |   8. 商品ID: 634658078975, 店铺: 汕头市嬉游记玩具有限公司, SKU数: 16
2026-04-05 06:33:50,119 | INFO | ali1688_goods_monitor |   9. 商品ID: 897059922290, 店铺: 1688选品中心官方供应链, SKU数: 5
2026-04-05 06:33:50,119 | INFO | ali1688_goods_monitor |   10. 商品ID: 973247771787, 店铺: 汕头市澄海区萃婴乐玩具厂, SKU数: 2
2026-04-05 06:33:50,120 | INFO | ali1688_goods_monitor |   11. 商品ID: 960725525521, 店铺: 汕头市龙湖区熹萌喵玩具厂, SKU数: 10
2026-04-05 06:33:50,120 | INFO | ali1688_goods_monitor |   12. 商品ID: 643044757475, 店铺: 汕头市稳住别浪玩具科技有限公司, SKU数: 41
2026-04-05 06:33:50,120 | INFO | ali1688_goods_monitor |   13. 商品ID: 629652629026, 店铺: 汕头市嬉游记玩具有限公司, SKU数: 5
2026-04-05 06:33:50,120 | INFO | ali1688_goods_monitor |   14. 商品ID: 1013917249205, 店铺: 广东佰思玩具有限公司, SKU数: 5
2026-04-05 06:33:50,120 | INFO | ali1688_goods_monitor |   15. 商品ID: 973255115593, 店铺: 汕头市澄海区悦优佳玩具厂, SKU数: 36
2026-04-05 06:33:50,121 | INFO | ali1688_goods_monitor |   16. 商品ID: 1001279554121, 店铺: 汕头市澄海区金宝欢玩具商行, SKU数: 4
2026-04-05 06:33:50,122 | INFO | ali1688_goods_monitor |   17. 商品ID: 1035850540780, 店铺: 汕头市澄海区盛艺兴玩具厂, SKU数: 8
2026-04-05 06:33:50,122 | INFO | ali1688_goods_monitor |   18. 商品ID: 847993548322, 店铺: 汕头市龙湖区熹萌喵玩具厂, SKU数: 3
2026-04-05 06:33:50,122 | INFO | ali1688_goods_monitor |   19. 商品ID: 726064645781, 店铺: 汕头市澄海区奕欣玩具有限公司, SKU数: 6
2026-04-05 06:33:50,195 | INFO | ali1688_goods_monitor | 💾 第12/14批：已保存 19 个商品到数据库
2026-04-05 06:33:50,195 | INFO | ali1688_goods_monitor | ⏸️  随机暂停 3.9 秒...
2026-04-05 06:33:54,114 | INFO | ali1688_goods_monitor | 🔄 刷新页面，准备处理第 13 批...
2026-04-05 06:34:02,809 | INFO | ali1688_goods_monitor | 🔍 处理第 13/14 批，共 20 个商品
2026-04-05 06:34:02,809 | INFO | ali1688_goods_monitor | 📋 商品ID: 795861191445、727364044091、894449366946、809233523760、990425215638、970781028572、929103621035、658391484708、990589043915、1031855101004、687729432138、858007859516、1024421346400、1001391447719、728364497329、952896839032、622513415473、974035321584、847969236799、969646541226
2026-04-05 06:34:02,813 | INFO | ali1688_goods_monitor | 🧩 选择搜索方式: 商品ID
2026-04-05 06:34:03,303 | INFO | ali1688_goods_monitor | 搜索的商品id是:795861191445、727364044091、894449366946、809233523760、990425215638、970781028572、929103621035、658391484708、990589043915、1031855101004、687729432138、858007859516、1024421346400、1001391447719、728364497329、952896839032、622513415473、974035321584、847969236799、969646541226
2026-04-05 06:34:04,394 | INFO | ali1688_goods_monitor | ✅ 第 13 批筛选条件已设置
2026-04-05 06:34:07,399 | INFO | ali1688_goods_monitor | 开始获取商品:795861191445、727364044091、894449366946、809233523760、990425215638、970781028572、929103621035、658391484708、990589043915、1031855101004、687729432138、858007859516、1024421346400、1001391447719、728364497329、952896839032、622513415473、974035321584、847969236799、969646541226的基本信息
2026-04-05 06:34:07,400 | INFO | ali1688_goods_monitor | ⏳ 等待点击【开始查询】并捕获 offerSearch 接口...
2026-04-05 06:34:07,768 | INFO | ali1688_goods_monitor | 商品列表返回码: 200
2026-04-05 06:34:07,768 | INFO | ali1688_goods_monitor | 🚀 开始捕获商品数据，共 20 个商品
2026-04-05 06:34:07,770 | INFO | ali1688_goods_monitor | ✅ 商品基本信息捕获完成，总耗时: 0.00秒
2026-04-05 06:34:07,770 | INFO | ali1688_goods_monitor |    - 商品数: 20
2026-04-05 06:34:07,771 | INFO | ali1688_goods_monitor | ✅ 第 13 批完成，获取到 20 个商品，0 个SKU
2026-04-05 06:34:07,771 | INFO | ali1688_goods_monitor | 📋 第 13 批商品信息:
2026-04-05 06:34:07,772 | INFO | ali1688_goods_monitor |   1. 商品ID: 1024421346400, 店铺: 深圳市金贝合科技有限公司, SKU数: 2
2026-04-05 06:34:07,772 | INFO | ali1688_goods_monitor |   2. 商品ID: 809233523760, 店铺: 汕头市澄海区小筑班五金玩具厂, SKU数: 1
2026-04-05 06:34:07,772 | INFO | ali1688_goods_monitor |   3. 商品ID: 658391484708, 店铺: 汕头市澄海区柏嘉盛玩具商行, SKU数: 12
2026-04-05 06:34:07,773 | INFO | ali1688_goods_monitor |   4. 商品ID: 847969236799, 店铺: 汕头市龙湖区熹萌喵玩具厂, SKU数: 32
2026-04-05 06:34:07,773 | INFO | ali1688_goods_monitor |   5. 商品ID: 970781028572, 店铺: 汕头市俏娃玩具有限公司, SKU数: 1
2026-04-05 06:34:07,773 | INFO | ali1688_goods_monitor |   6. 商品ID: 990425215638, 店铺: 汕头市澄海区汇熙宝玩具厂, SKU数: 5
2026-04-05 06:34:07,773 | INFO | ali1688_goods_monitor |   7. 商品ID: 952896839032, 店铺: 汕头市俏娃玩具有限公司, SKU数: 3
2026-04-05 06:34:07,774 | INFO | ali1688_goods_monitor |   8. 商品ID: 969646541226, 店铺: 汕头市澄海区奋星玩具商行, SKU数: 11
2026-04-05 06:34:07,774 | INFO | ali1688_goods_monitor |   9. 商品ID: 894449366946, 店铺: 汕头市澄海区雅尚腾玩具厂(个体工商户), SKU数: 30
2026-04-05 06:34:07,774 | INFO | ali1688_goods_monitor |   10. 商品ID: 929103621035, 店铺: 汕头市鹿禾科教文化有限公司, SKU数: 6
2026-04-05 06:34:07,775 | INFO | ali1688_goods_monitor |   11. 商品ID: 974035321584, 店铺: 汕头市澄海区聚诚乐玩具厂, SKU数: 5
2026-04-05 06:34:07,775 | INFO | ali1688_goods_monitor |   12. 商品ID: 728364497329, 店铺: 广东佰思玩具有限公司, SKU数: 5
2026-04-05 06:34:07,777 | INFO | ali1688_goods_monitor |   13. 商品ID: 687729432138, 店铺: 深圳巨变科技有限公司, SKU数: 1
2026-04-05 06:34:07,777 | INFO | ali1688_goods_monitor |   14. 商品ID: 727364044091, 店铺: 汕头市澄海区实琪玩具有限公司, SKU数: 7
2026-04-05 06:34:07,778 | INFO | ali1688_goods_monitor |   15. 商品ID: 622513415473, 店铺: 汕头市嬉游记玩具有限公司, SKU数: 4
2026-04-05 06:34:07,778 | INFO | ali1688_goods_monitor |   16. 商品ID: 858007859516, 店铺: 义乌市登妹贸易有限公司, SKU数: 2
2026-04-05 06:34:07,778 | INFO | ali1688_goods_monitor |   17. 商品ID: 1031855101004, 店铺: 汕头市澄海区尤纳兴玩具商行, SKU数: 7
2026-04-05 06:34:07,778 | INFO | ali1688_goods_monitor |   18. 商品ID: 1001391447719, 店铺: 汕头市才佳玩具有限公司, SKU数: 2
2026-04-05 06:34:07,779 | INFO | ali1688_goods_monitor |   19. 商品ID: 795861191445, 店铺: 义乌市卡登电子商务有限公司, SKU数: 6
2026-04-05 06:34:07,779 | INFO | ali1688_goods_monitor |   20. 商品ID: 990589043915, 店铺: 义乌市辰秘科技有限公司, SKU数: 3
2026-04-05 06:34:07,859 | INFO | ali1688_goods_monitor | 💾 第13/14批：已保存 20 个商品到数据库
2026-04-05 06:34:07,860 | INFO | ali1688_goods_monitor | ⏸️  随机暂停 6.4 秒...
2026-04-05 06:34:14,273 | INFO | ali1688_goods_monitor | 🔄 刷新页面，准备处理第 14 批...
2026-04-05 06:34:24,092 | INFO | ali1688_goods_monitor | 🔍 处理第 14/14 批，共 15 个商品
2026-04-05 06:34:24,093 | INFO | ali1688_goods_monitor | 📋 商品ID: 751554304142、863983065199、775392792723、857784361057、734549030910、713699292120、750175006113、927867865604、621194315291、954152497198、854259763574、982635289066、999695394272、947764418500、963819028092
2026-04-05 06:34:24,099 | INFO | ali1688_goods_monitor | 🧩 选择搜索方式: 商品ID
2026-04-05 06:34:24,610 | INFO | ali1688_goods_monitor | 搜索的商品id是:751554304142、863983065199、775392792723、857784361057、734549030910、713699292120、750175006113、927867865604、621194315291、954152497198、854259763574、982635289066、999695394272、947764418500、963819028092
2026-04-05 06:34:25,710 | INFO | ali1688_goods_monitor | ✅ 第 14 批筛选条件已设置
2026-04-05 06:34:28,718 | INFO | ali1688_goods_monitor | 开始获取商品:751554304142、863983065199、775392792723、857784361057、734549030910、713699292120、750175006113、927867865604、621194315291、954152497198、854259763574、982635289066、999695394272、947764418500、963819028092的基本信息
2026-04-05 06:34:28,718 | INFO | ali1688_goods_monitor | ⏳ 等待点击【开始查询】并捕获 offerSearch 接口...
2026-04-05 06:34:29,495 | INFO | ali1688_goods_monitor | 商品列表返回码: 200
2026-04-05 06:34:29,496 | INFO | ali1688_goods_monitor | 🚀 开始捕获商品数据，共 15 个商品
2026-04-05 06:34:29,500 | INFO | ali1688_goods_monitor | ✅ 商品基本信息捕获完成，总耗时: 0.00秒
2026-04-05 06:34:29,500 | INFO | ali1688_goods_monitor |    - 商品数: 15
2026-04-05 06:34:29,500 | INFO | ali1688_goods_monitor | ✅ 第 14 批完成，获取到 15 个商品，0 个SKU
2026-04-05 06:34:29,501 | INFO | ali1688_goods_monitor | 📋 第 14 批商品信息:
2026-04-05 06:34:29,501 | INFO | ali1688_goods_monitor |   1. 商品ID: 775392792723, 店铺: 汕头市澄海区方米狸玩具厂, SKU数: 25
2026-04-05 06:34:29,501 | INFO | ali1688_goods_monitor |   2. 商品ID: 927867865604, 店铺: 汕头市龙湖区熹萌喵玩具厂, SKU数: 18
2026-04-05 06:34:29,501 | INFO | ali1688_goods_monitor |   3. 商品ID: 982635289066, 店铺: 汕头市创爱旺科技有限公司, SKU数: 26
2026-04-05 06:34:29,501 | INFO | ali1688_goods_monitor |   4. 商品ID: 863983065199, 店铺: 汕头澄海区启迪恩玩具商行, SKU数: 1
2026-04-05 06:34:29,502 | INFO | ali1688_goods_monitor |   5. 商品ID: 750175006113, 店铺: 汕头市澄海区轮转玩具商行, SKU数: 1
2026-04-05 06:34:29,502 | INFO | ali1688_goods_monitor |   6. 商品ID: 621194315291, 店铺: 深圳市纵新电子科技有限公司, SKU数: 4
2026-04-05 06:34:29,502 | INFO | ali1688_goods_monitor |   7. 商品ID: 947764418500, 店铺: 杜恒广, SKU数: 1
2026-04-05 06:34:29,502 | INFO | ali1688_goods_monitor |   8. 商品ID: 854259763574, 店铺: 汕头市龙湖区熹萌喵玩具厂, SKU数: 1
2026-04-05 06:34:29,503 | INFO | ali1688_goods_monitor |   9. 商品ID: 857784361057, 店铺: 汕头市龙湖区熹萌喵玩具厂, SKU数: 10
2026-04-05 06:34:29,503 | INFO | ali1688_goods_monitor |   10. 商品ID: 963819028092, 店铺: 汕头市龙湖区熹萌喵玩具厂, SKU数: 2
2026-04-05 06:34:29,503 | INFO | ali1688_goods_monitor |   11. 商品ID: 954152497198, 店铺: 汕头市乐享贝比贸易有限公司, SKU数: 6
2026-04-05 06:34:29,503 | INFO | ali1688_goods_monitor |   12. 商品ID: 713699292120, 店铺: 汕头市正鹰科教玩具有限公司, SKU数: 9
2026-04-05 06:34:29,503 | INFO | ali1688_goods_monitor |   13. 商品ID: 999695394272, 店铺: 义乌市大愚玩具有限公司, SKU数: 5
2026-04-05 06:34:29,503 | INFO | ali1688_goods_monitor |   14. 商品ID: 734549030910, 店铺: 汕头市澄海区萃婴乐玩具厂, SKU数: 14
2026-04-05 06:34:29,503 | INFO | ali1688_goods_monitor |   15. 商品ID: 751554304142, 店铺: 汕头市嬉游记玩具有限公司, SKU数: 2
2026-04-05 06:34:29,563 | INFO | ali1688_goods_monitor | 💾 第14/14批：已保存 15 个商品到数据库
2026-04-05 06:34:29,564 | INFO | ali1688_goods_monitor | 🎉 第一阶段完成，共获取 269 个商品基本信息
2026-04-05 06:34:29,565 | INFO | ali1688_goods_monitor | ============================================================
2026-04-05 06:34:29,565 | INFO | ali1688_goods_monitor | 📊 第二阶段：获取SKU信息
2026-04-05 06:34:29,565 | INFO | ali1688_goods_monitor | ============================================================
2026-04-05 06:34:29,566 | INFO | ali1688_goods_monitor | 🔍 准备获取 269 个商品的SKU信息...
2026-04-05 06:34:29,566 | INFO | ali1688_goods_monitor | 📋 即将获取SKU的商品列表:
2026-04-05 06:34:29,566 | INFO | ali1688_goods_monitor |   1. https://detail.1688.com/offer/982634945037.html (SKU数: 26)
2026-04-05 06:34:29,566 | INFO | ali1688_goods_monitor |   2. https://detail.1688.com/offer/1026068947837.html (SKU数: 3)
2026-04-05 06:34:29,566 | INFO | ali1688_goods_monitor |   3. https://detail.1688.com/offer/968280048908.html (SKU数: 31)
2026-04-05 06:34:29,566 | INFO | ali1688_goods_monitor |   4. https://detail.1688.com/offer/798059727032.html (SKU数: 16)
2026-04-05 06:34:29,567 | INFO | ali1688_goods_monitor |   5. https://detail.1688.com/offer/835170979856.html (SKU数: 10)
2026-04-05 06:34:29,567 | INFO | ali1688_goods_monitor |   6. https://detail.1688.com/offer/617837580726.html (SKU数: 2)
2026-04-05 06:34:29,567 | INFO | ali1688_goods_monitor |   7. https://detail.1688.com/offer/971080031926.html (SKU数: 3)
2026-04-05 06:34:29,567 | INFO | ali1688_goods_monitor |   8. https://detail.1688.com/offer/971037620206.html (SKU数: 1)
2026-04-05 06:34:29,567 | INFO | ali1688_goods_monitor |   9. https://detail.1688.com/offer/979203908708.html (SKU数: 24)
2026-04-05 06:34:29,567 | INFO | ali1688_goods_monitor |   10. https://detail.1688.com/offer/954713432833.html (SKU数: 2)
2026-04-05 06:34:29,567 | INFO | ali1688_goods_monitor |   11. https://detail.1688.com/offer/1040782952704.html (SKU数: None)
2026-04-05 06:34:29,568 | INFO | ali1688_goods_monitor |   12. https://detail.1688.com/offer/943395574791.html (SKU数: 1)
2026-04-05 06:34:29,568 | INFO | ali1688_goods_monitor |   13. https://detail.1688.com/offer/807432916292.html (SKU数: 24)
2026-04-05 06:34:29,568 | INFO | ali1688_goods_monitor |   14. https://detail.1688.com/offer/1005984550667.html (SKU数: 36)
2026-04-05 06:34:29,568 | INFO | ali1688_goods_monitor |   15. https://detail.1688.com/offer/928700805986.html (SKU数: 2)
2026-04-05 06:34:29,568 | INFO | ali1688_goods_monitor |   16. https://detail.1688.com/offer/812259607012.html (SKU数: 39)
2026-04-05 06:34:29,568 | INFO | ali1688_goods_monitor |   17. https://detail.1688.com/offer/1016515592011.html (SKU数: 4)
2026-04-05 06:34:29,569 | INFO | ali1688_goods_monitor |   18. https://detail.1688.com/offer/833661915665.html (SKU数: 1)
2026-04-05 06:34:29,569 | INFO | ali1688_goods_monitor |   19. https://detail.1688.com/offer/1003272185431.html (SKU数: 5)
2026-04-05 06:34:29,569 | INFO | ali1688_goods_monitor |   20. https://detail.1688.com/offer/741922490714.html (SKU数: 2)
2026-04-05 06:34:29,569 | INFO | ali1688_goods_monitor |   21. https://detail.1688.com/offer/991935831793.html (SKU数: 3)
2026-04-05 06:34:29,569 | INFO | ali1688_goods_monitor |   22. https://detail.1688.com/offer/969366546749.html (SKU数: 1)
2026-04-05 06:34:29,569 | INFO | ali1688_goods_monitor |   23. https://detail.1688.com/offer/776195311997.html (SKU数: 1)
2026-04-05 06:34:29,570 | INFO | ali1688_goods_monitor |   24. https://detail.1688.com/offer/875034473523.html (SKU数: 3)
2026-04-05 06:34:29,570 | INFO | ali1688_goods_monitor |   25. https://detail.1688.com/offer/812514770228.html (SKU数: 2)
2026-04-05 06:34:29,570 | INFO | ali1688_goods_monitor |   26. https://detail.1688.com/offer/903636127402.html (SKU数: 3)
2026-04-05 06:34:29,570 | INFO | ali1688_goods_monitor |   27. https://detail.1688.com/offer/979396013303.html (SKU数: 1)
2026-04-05 06:34:29,570 | INFO | ali1688_goods_monitor |   28. https://detail.1688.com/offer/889385901298.html (SKU数: 3)
2026-04-05 06:34:29,570 | INFO | ali1688_goods_monitor |   29. https://detail.1688.com/offer/962746907189.html (SKU数: 4)
2026-04-05 06:34:29,570 | INFO | ali1688_goods_monitor |   30. https://detail.1688.com/offer/1013037690222.html (SKU数: 1)
2026-04-05 06:34:29,571 | INFO | ali1688_goods_monitor |   31. https://detail.1688.com/offer/895285249007.html (SKU数: 36)
2026-04-05 06:34:29,571 | INFO | ali1688_goods_monitor |   32. https://detail.1688.com/offer/894936744591.html (SKU数: 16)
2026-04-05 06:34:29,571 | INFO | ali1688_goods_monitor |   33. https://detail.1688.com/offer/1025513853144.html (SKU数: 8)
2026-04-05 06:34:29,571 | INFO | ali1688_goods_monitor |   34. https://detail.1688.com/offer/907762599791.html (SKU数: 10)
2026-04-05 06:34:29,571 | INFO | ali1688_goods_monitor |   35. https://detail.1688.com/offer/590591825369.html (SKU数: 22)
2026-04-05 06:34:29,572 | INFO | ali1688_goods_monitor |   36. https://detail.1688.com/offer/990409899841.html (SKU数: 1)
2026-04-05 06:34:29,572 | INFO | ali1688_goods_monitor |   37. https://detail.1688.com/offer/970715744477.html (SKU数: 1)
2026-04-05 06:34:29,572 | INFO | ali1688_goods_monitor |   38. https://detail.1688.com/offer/811139889293.html (SKU数: 8)
2026-04-05 06:34:29,572 | INFO | ali1688_goods_monitor |   39. https://detail.1688.com/offer/677301391721.html (SKU数: 5)
2026-04-05 06:34:29,573 | INFO | ali1688_goods_monitor |   40. https://detail.1688.com/offer/847495122732.html (SKU数: 3)
2026-04-05 06:34:29,573 | INFO | ali1688_goods_monitor |   41. https://detail.1688.com/offer/970377098770.html (SKU数: 37)
2026-04-05 06:34:29,573 | INFO | ali1688_goods_monitor |   42. https://detail.1688.com/offer/677709968233.html (SKU数: 5)
2026-04-05 06:34:29,573 | INFO | ali1688_goods_monitor |   43. https://detail.1688.com/offer/1000398364752.html (SKU数: 4)
2026-04-05 06:34:29,573 | INFO | ali1688_goods_monitor |   44. https://detail.1688.com/offer/951035484615.html (SKU数: 29)
2026-04-05 06:34:29,573 | INFO | ali1688_goods_monitor |   45. https://detail.1688.com/offer/826873938709.html (SKU数: 1)
2026-04-05 06:34:29,574 | INFO | ali1688_goods_monitor |   46. https://detail.1688.com/offer/847794753111.html (SKU数: 4)
2026-04-05 06:34:29,574 | INFO | ali1688_goods_monitor |   47. https://detail.1688.com/offer/976178977054.html (SKU数: 5)
2026-04-05 06:34:29,574 | INFO | ali1688_goods_monitor |   48. https://detail.1688.com/offer/994662909434.html (SKU数: 3)
2026-04-05 06:34:29,574 | INFO | ali1688_goods_monitor |   49. https://detail.1688.com/offer/998051010590.html (SKU数: 4)
2026-04-05 06:34:29,574 | INFO | ali1688_goods_monitor |   50. https://detail.1688.com/offer/856805654657.html (SKU数: 1)
2026-04-05 06:34:29,575 | INFO | ali1688_goods_monitor |   51. https://detail.1688.com/offer/902961760235.html (SKU数: 4)
2026-04-05 06:34:29,575 | INFO | ali1688_goods_monitor |   52. https://detail.1688.com/offer/992251601092.html (SKU数: 3)
2026-04-05 06:34:29,575 | INFO | ali1688_goods_monitor |   53. https://detail.1688.com/offer/628617576125.html (SKU数: 5)
2026-04-05 06:34:29,575 | INFO | ali1688_goods_monitor |   54. https://detail.1688.com/offer/900967422750.html (SKU数: 22)
2026-04-05 06:34:29,575 | INFO | ali1688_goods_monitor |   55. https://detail.1688.com/offer/950726478383.html (SKU数: 13)
2026-04-05 06:34:29,575 | INFO | ali1688_goods_monitor |   56. https://detail.1688.com/offer/681658732090.html (SKU数: 1)
2026-04-05 06:34:29,576 | INFO | ali1688_goods_monitor |   57. https://detail.1688.com/offer/799083276279.html (SKU数: 3)
2026-04-05 06:34:29,578 | INFO | ali1688_goods_monitor |   58. https://detail.1688.com/offer/992071730825.html (SKU数: 3)
2026-04-05 06:34:29,578 | INFO | ali1688_goods_monitor |   59. https://detail.1688.com/offer/1000255776437.html (SKU数: 3)
2026-04-05 06:34:29,578 | INFO | ali1688_goods_monitor |   60. https://detail.1688.com/offer/902473655388.html (SKU数: 1)
2026-04-05 06:34:29,578 | INFO | ali1688_goods_monitor |   61. https://detail.1688.com/offer/899704194303.html (SKU数: 12)
2026-04-05 06:34:29,578 | INFO | ali1688_goods_monitor |   62. https://detail.1688.com/offer/873614306333.html (SKU数: 5)
2026-04-05 06:34:29,578 | INFO | ali1688_goods_monitor |   63. https://detail.1688.com/offer/898439171537.html (SKU数: 14)
2026-04-05 06:34:29,579 | INFO | ali1688_goods_monitor |   64. https://detail.1688.com/offer/840249263873.html (SKU数: 8)
2026-04-05 06:34:29,579 | INFO | ali1688_goods_monitor |   65. https://detail.1688.com/offer/789633522584.html (SKU数: 1)
2026-04-05 06:34:29,579 | INFO | ali1688_goods_monitor |   66. https://detail.1688.com/offer/996059989352.html (SKU数: 3)
2026-04-05 06:34:29,580 | INFO | ali1688_goods_monitor |   67. https://detail.1688.com/offer/703551244918.html (SKU数: 3)
2026-04-05 06:34:29,580 | INFO | ali1688_goods_monitor |   68. https://detail.1688.com/offer/956573560393.html (SKU数: 3)
2026-04-05 06:34:29,580 | INFO | ali1688_goods_monitor |   69. https://detail.1688.com/offer/1007062397648.html (SKU数: 4)
2026-04-05 06:34:29,580 | INFO | ali1688_goods_monitor |   70. https://detail.1688.com/offer/890654399053.html (SKU数: 22)
2026-04-05 06:34:29,580 | INFO | ali1688_goods_monitor |   71. https://detail.1688.com/offer/999142031933.html (SKU数: 1)
2026-04-05 06:34:29,580 | INFO | ali1688_goods_monitor |   72. https://detail.1688.com/offer/702199084381.html (SKU数: 21)
2026-04-05 06:34:29,580 | INFO | ali1688_goods_monitor |   73. https://detail.1688.com/offer/950670074468.html (SKU数: 36)
2026-04-05 06:34:29,581 | INFO | ali1688_goods_monitor |   74. https://detail.1688.com/offer/890407614753.html (SKU数: 17)
2026-04-05 06:34:29,581 | INFO | ali1688_goods_monitor |   75. https://detail.1688.com/offer/832304702315.html (SKU数: 5)
2026-04-05 06:34:29,581 | INFO | ali1688_goods_monitor |   76. https://detail.1688.com/offer/43695296576.html (SKU数: 2)
2026-04-05 06:34:29,581 | INFO | ali1688_goods_monitor |   77. https://detail.1688.com/offer/746411095420.html (SKU数: 6)
2026-04-05 06:34:29,581 | INFO | ali1688_goods_monitor |   78. https://detail.1688.com/offer/979471208168.html (SKU数: 1)
2026-04-05 06:34:29,581 | INFO | ali1688_goods_monitor |   79. https://detail.1688.com/offer/991070192317.html (SKU数: 11)
2026-04-05 06:34:29,581 | INFO | ali1688_goods_monitor |   80. https://detail.1688.com/offer/993465198242.html (SKU数: 7)
2026-04-05 06:34:29,582 | INFO | ali1688_goods_monitor |   81. https://detail.1688.com/offer/990618054916.html (SKU数: 3)
2026-04-05 06:34:29,582 | INFO | ali1688_goods_monitor |   82. https://detail.1688.com/offer/975762015590.html (SKU数: 6)
2026-04-05 06:34:29,582 | INFO | ali1688_goods_monitor |   83. https://detail.1688.com/offer/992800642545.html (SKU数: 3)
2026-04-05 06:34:29,582 | INFO | ali1688_goods_monitor |   84. https://detail.1688.com/offer/632300625030.html (SKU数: 1)
2026-04-05 06:34:29,582 | INFO | ali1688_goods_monitor |   85. https://detail.1688.com/offer/652994949606.html (SKU数: 4)
2026-04-05 06:34:29,582 | INFO | ali1688_goods_monitor |   86. https://detail.1688.com/offer/998859559585.html (SKU数: 11)
2026-04-05 06:34:29,583 | INFO | ali1688_goods_monitor |   87. https://detail.1688.com/offer/1009966785995.html (SKU数: 4)
2026-04-05 06:34:29,583 | INFO | ali1688_goods_monitor |   88. https://detail.1688.com/offer/927205288673.html (SKU数: 4)
2026-04-05 06:34:29,583 | INFO | ali1688_goods_monitor |   89. https://detail.1688.com/offer/985206853035.html (SKU数: 2)
2026-04-05 06:34:29,583 | INFO | ali1688_goods_monitor |   90. https://detail.1688.com/offer/873771926327.html (SKU数: 34)
2026-04-05 06:34:29,583 | INFO | ali1688_goods_monitor |   91. https://detail.1688.com/offer/853399095646.html (SKU数: 15)
2026-04-05 06:34:29,583 | INFO | ali1688_goods_monitor |   92. https://detail.1688.com/offer/859584630627.html (SKU数: 4)
2026-04-05 06:34:29,583 | INFO | ali1688_goods_monitor |   93. https://detail.1688.com/offer/671840552108.html (SKU数: 8)
2026-04-05 06:34:29,584 | INFO | ali1688_goods_monitor |   94. https://detail.1688.com/offer/970542473882.html (SKU数: 5)
2026-04-05 06:34:29,584 | INFO | ali1688_goods_monitor |   95. https://detail.1688.com/offer/836899798919.html (SKU数: 9)
2026-04-05 06:34:29,584 | INFO | ali1688_goods_monitor |   96. https://detail.1688.com/offer/928580021030.html (SKU数: 2)
2026-04-05 06:34:29,584 | INFO | ali1688_goods_monitor |   97. https://detail.1688.com/offer/950658287741.html (SKU数: 18)
2026-04-05 06:34:29,584 | INFO | ali1688_goods_monitor |   98. https://detail.1688.com/offer/852501307622.html (SKU数: 1)
2026-04-05 06:34:29,584 | INFO | ali1688_goods_monitor |   99. https://detail.1688.com/offer/746416939989.html (SKU数: 2)
2026-04-05 06:34:29,585 | INFO | ali1688_goods_monitor |   100. https://detail.1688.com/offer/847781001778.html (SKU数: 4)
2026-04-05 06:34:29,585 | INFO | ali1688_goods_monitor |   101. https://detail.1688.com/offer/895439014120.html (SKU数: 8)
2026-04-05 06:34:29,585 | INFO | ali1688_goods_monitor |   102. https://detail.1688.com/offer/662598267674.html (SKU数: 4)
2026-04-05 06:34:29,585 | INFO | ali1688_goods_monitor |   103. https://detail.1688.com/offer/994237964153.html (SKU数: 7)
2026-04-05 06:34:29,585 | INFO | ali1688_goods_monitor |   104. https://detail.1688.com/offer/948334688543.html (SKU数: 22)
2026-04-05 06:34:29,585 | INFO | ali1688_goods_monitor |   105. https://detail.1688.com/offer/849820903779.html (SKU数: 4)
2026-04-05 06:34:29,585 | INFO | ali1688_goods_monitor |   106. https://detail.1688.com/offer/993354315037.html (SKU数: 11)
2026-04-05 06:34:29,586 | INFO | ali1688_goods_monitor |   107. https://detail.1688.com/offer/692940339011.html (SKU数: 3)
2026-04-05 06:34:29,586 | INFO | ali1688_goods_monitor |   108. https://detail.1688.com/offer/962546716755.html (SKU数: 3)
2026-04-05 06:34:29,586 | INFO | ali1688_goods_monitor |   109. https://detail.1688.com/offer/864653527961.html (SKU数: 1)
2026-04-05 06:34:29,587 | INFO | ali1688_goods_monitor |   110. https://detail.1688.com/offer/997795598539.html (SKU数: 3)
2026-04-05 06:34:29,587 | INFO | ali1688_goods_monitor |   111. https://detail.1688.com/offer/930446969722.html (SKU数: 2)
2026-04-05 06:34:29,587 | INFO | ali1688_goods_monitor |   112. https://detail.1688.com/offer/729749403422.html (SKU数: 7)
2026-04-05 06:34:29,587 | INFO | ali1688_goods_monitor |   113. https://detail.1688.com/offer/1037735891255.html (SKU数: None)
2026-04-05 06:34:29,587 | INFO | ali1688_goods_monitor |   114. https://detail.1688.com/offer/621865712164.html (SKU数: 8)
2026-04-05 06:34:29,587 | INFO | ali1688_goods_monitor |   115. https://detail.1688.com/offer/978651830599.html (SKU数: 2)
2026-04-05 06:34:29,587 | INFO | ali1688_goods_monitor |   116. https://detail.1688.com/offer/991823064917.html (SKU数: 8)
2026-04-05 06:34:29,588 | INFO | ali1688_goods_monitor |   117. https://detail.1688.com/offer/847990628509.html (SKU数: 8)
2026-04-05 06:34:29,588 | INFO | ali1688_goods_monitor |   118. https://detail.1688.com/offer/854253039240.html (SKU数: 2)
2026-04-05 06:34:29,588 | INFO | ali1688_goods_monitor |   119. https://detail.1688.com/offer/1006668462460.html (SKU数: 12)
2026-04-05 06:34:29,588 | INFO | ali1688_goods_monitor |   120. https://detail.1688.com/offer/997359995216.html (SKU数: 4)
2026-04-05 06:34:29,589 | INFO | ali1688_goods_monitor |   121. https://detail.1688.com/offer/924140770781.html (SKU数: 2)
2026-04-05 06:34:29,589 | INFO | ali1688_goods_monitor |   122. https://detail.1688.com/offer/773383798724.html (SKU数: 10)
2026-04-05 06:34:29,589 | INFO | ali1688_goods_monitor |   123. https://detail.1688.com/offer/811638208514.html (SKU数: 3)
2026-04-05 06:34:29,589 | INFO | ali1688_goods_monitor |   124. https://detail.1688.com/offer/985998626047.html (SKU数: 4)
2026-04-05 06:34:29,589 | INFO | ali1688_goods_monitor |   125. https://detail.1688.com/offer/986179889619.html (SKU数: 3)
2026-04-05 06:34:29,590 | INFO | ali1688_goods_monitor |   126. https://detail.1688.com/offer/999860867159.html (SKU数: 1)
2026-04-05 06:34:29,590 | INFO | ali1688_goods_monitor |   127. https://detail.1688.com/offer/915854311158.html (SKU数: 5)
2026-04-05 06:34:29,590 | INFO | ali1688_goods_monitor |   128. https://detail.1688.com/offer/848195784663.html (SKU数: 6)
2026-04-05 06:34:29,590 | INFO | ali1688_goods_monitor |   129. https://detail.1688.com/offer/995364912374.html (SKU数: 3)
2026-04-05 06:34:29,590 | INFO | ali1688_goods_monitor |   130. https://detail.1688.com/offer/952611726643.html (SKU数: 2)
2026-04-05 06:34:29,591 | INFO | ali1688_goods_monitor |   131. https://detail.1688.com/offer/991467576950.html (SKU数: 40)
2026-04-05 06:34:29,594 | INFO | ali1688_goods_monitor |   132. https://detail.1688.com/offer/926941651375.html (SKU数: 10)
2026-04-05 06:34:29,594 | INFO | ali1688_goods_monitor |   133. https://detail.1688.com/offer/813592780236.html (SKU数: 2)
2026-04-05 06:34:29,594 | INFO | ali1688_goods_monitor |   134. https://detail.1688.com/offer/920664381969.html (SKU数: 4)
2026-04-05 06:34:29,594 | INFO | ali1688_goods_monitor |   135. https://detail.1688.com/offer/675880303102.html (SKU数: 1)
2026-04-05 06:34:29,594 | INFO | ali1688_goods_monitor |   136. https://detail.1688.com/offer/917143716667.html (SKU数: 4)
2026-04-05 06:34:29,594 | INFO | ali1688_goods_monitor |   137. https://detail.1688.com/offer/847784309788.html (SKU数: 2)
2026-04-05 06:34:29,595 | INFO | ali1688_goods_monitor |   138. https://detail.1688.com/offer/662629659424.html (SKU数: 4)
2026-04-05 06:34:29,595 | INFO | ali1688_goods_monitor |   139. https://detail.1688.com/offer/855494409051.html (SKU数: 4)
2026-04-05 06:34:29,595 | INFO | ali1688_goods_monitor |   140. https://detail.1688.com/offer/918745003737.html (SKU数: 6)
2026-04-05 06:34:29,595 | INFO | ali1688_goods_monitor |   141. https://detail.1688.com/offer/778105306124.html (SKU数: 1)
2026-04-05 06:34:29,595 | INFO | ali1688_goods_monitor |   142. https://detail.1688.com/offer/833863806015.html (SKU数: 5)
2026-04-05 06:34:29,596 | INFO | ali1688_goods_monitor |   143. https://detail.1688.com/offer/903214944988.html (SKU数: 1)
2026-04-05 06:34:29,596 | INFO | ali1688_goods_monitor |   144. https://detail.1688.com/offer/973730524327.html (SKU数: 11)
2026-04-05 06:34:29,596 | INFO | ali1688_goods_monitor |   145. https://detail.1688.com/offer/983142383790.html (SKU数: None)
2026-04-05 06:34:29,596 | INFO | ali1688_goods_monitor |   146. https://detail.1688.com/offer/796066732390.html (SKU数: 6)
2026-04-05 06:34:29,596 | INFO | ali1688_goods_monitor |   147. https://detail.1688.com/offer/1039821084728.html (SKU数: None)
2026-04-05 06:34:29,596 | INFO | ali1688_goods_monitor |   148. https://detail.1688.com/offer/1000261330427.html (SKU数: 1)
2026-04-05 06:34:29,597 | INFO | ali1688_goods_monitor |   149. https://detail.1688.com/offer/968025059447.html (SKU数: 6)
2026-04-05 06:34:29,597 | INFO | ali1688_goods_monitor |   150. https://detail.1688.com/offer/1001253412551.html (SKU数: 7)
2026-04-05 06:34:29,597 | INFO | ali1688_goods_monitor |   151. https://detail.1688.com/offer/909894706445.html (SKU数: 22)
2026-04-05 06:34:29,597 | INFO | ali1688_goods_monitor |   152. https://detail.1688.com/offer/990374779412.html (SKU数: 3)
2026-04-05 06:34:29,597 | INFO | ali1688_goods_monitor |   153. https://detail.1688.com/offer/969889694254.html (SKU数: 27)
2026-04-05 06:34:29,597 | INFO | ali1688_goods_monitor |   154. https://detail.1688.com/offer/854773109889.html (SKU数: 1)
2026-04-05 06:34:29,597 | INFO | ali1688_goods_monitor |   155. https://detail.1688.com/offer/678640196785.html (SKU数: 8)
2026-04-05 06:34:29,598 | INFO | ali1688_goods_monitor |   156. https://detail.1688.com/offer/695065852792.html (SKU数: 2)
2026-04-05 06:34:29,598 | INFO | ali1688_goods_monitor |   157. https://detail.1688.com/offer/997742353743.html (SKU数: 3)
2026-04-05 06:34:29,598 | INFO | ali1688_goods_monitor |   158. https://detail.1688.com/offer/818121391220.html (SKU数: 7)
2026-04-05 06:34:29,598 | INFO | ali1688_goods_monitor |   159. https://detail.1688.com/offer/939201456076.html (SKU数: 7)
2026-04-05 06:34:29,598 | INFO | ali1688_goods_monitor |   160. https://detail.1688.com/offer/955211708273.html (SKU数: 23)
2026-04-05 06:34:29,598 | INFO | ali1688_goods_monitor |   161. https://detail.1688.com/offer/854420062122.html (SKU数: 12)
2026-04-05 06:34:29,599 | INFO | ali1688_goods_monitor |   162. https://detail.1688.com/offer/834236928026.html (SKU数: 1)
2026-04-05 06:34:29,599 | INFO | ali1688_goods_monitor |   163. https://detail.1688.com/offer/626387346293.html (SKU数: 10)
2026-04-05 06:34:29,599 | INFO | ali1688_goods_monitor |   164. https://detail.1688.com/offer/847713406081.html (SKU数: 1)
2026-04-05 06:34:29,599 | INFO | ali1688_goods_monitor |   165. https://detail.1688.com/offer/984336119328.html (SKU数: 3)
2026-04-05 06:34:29,599 | INFO | ali1688_goods_monitor |   166. https://detail.1688.com/offer/985101359570.html (SKU数: 4)
2026-04-05 06:34:29,599 | INFO | ali1688_goods_monitor |   167. https://detail.1688.com/offer/709904411964.html (SKU数: 24)
2026-04-05 06:34:29,600 | INFO | ali1688_goods_monitor |   168. https://detail.1688.com/offer/847979472849.html (SKU数: 1)
2026-04-05 06:34:29,600 | INFO | ali1688_goods_monitor |   169. https://detail.1688.com/offer/900592605428.html (SKU数: 6)
2026-04-05 06:34:29,600 | INFO | ali1688_goods_monitor |   170. https://detail.1688.com/offer/716733322460.html (SKU数: 8)
2026-04-05 06:34:29,600 | INFO | ali1688_goods_monitor |   171. https://detail.1688.com/offer/985879832920.html (SKU数: 4)
2026-04-05 06:34:29,600 | INFO | ali1688_goods_monitor |   172. https://detail.1688.com/offer/653871136084.html (SKU数: 4)
2026-04-05 06:34:29,600 | INFO | ali1688_goods_monitor |   173. https://detail.1688.com/offer/848295933948.html (SKU数: 12)
2026-04-05 06:34:29,601 | INFO | ali1688_goods_monitor |   174. https://detail.1688.com/offer/906941705446.html (SKU数: 2)
2026-04-05 06:34:29,601 | INFO | ali1688_goods_monitor |   175. https://detail.1688.com/offer/668301084321.html (SKU数: 5)
2026-04-05 06:34:29,601 | INFO | ali1688_goods_monitor |   176. https://detail.1688.com/offer/676772683627.html (SKU数: 5)
2026-04-05 06:34:29,601 | INFO | ali1688_goods_monitor |   177. https://detail.1688.com/offer/987237412445.html (SKU数: 20)
2026-04-05 06:34:29,601 | INFO | ali1688_goods_monitor |   178. https://detail.1688.com/offer/992713938362.html (SKU数: 4)
2026-04-05 06:34:29,601 | INFO | ali1688_goods_monitor |   179. https://detail.1688.com/offer/686348979544.html (SKU数: 1)
2026-04-05 06:34:29,601 | INFO | ali1688_goods_monitor |   180. https://detail.1688.com/offer/661664097697.html (SKU数: 2)
2026-04-05 06:34:29,602 | INFO | ali1688_goods_monitor |   181. https://detail.1688.com/offer/672751050822.html (SKU数: 3)
2026-04-05 06:34:29,602 | INFO | ali1688_goods_monitor |   182. https://detail.1688.com/offer/946133528766.html (SKU数: 4)
2026-04-05 06:34:29,602 | INFO | ali1688_goods_monitor |   183. https://detail.1688.com/offer/678110916347.html (SKU数: 9)
2026-04-05 06:34:29,602 | INFO | ali1688_goods_monitor |   184. https://detail.1688.com/offer/951586784136.html (SKU数: 34)
2026-04-05 06:34:29,602 | INFO | ali1688_goods_monitor |   185. https://detail.1688.com/offer/987732400816.html (SKU数: 1)
2026-04-05 06:34:29,602 | INFO | ali1688_goods_monitor |   186. https://detail.1688.com/offer/661514670948.html (SKU数: 9)
2026-04-05 06:34:29,603 | INFO | ali1688_goods_monitor |   187. https://detail.1688.com/offer/975402784788.html (SKU数: 1)
2026-04-05 06:34:29,603 | INFO | ali1688_goods_monitor |   188. https://detail.1688.com/offer/903149142386.html (SKU数: 4)
2026-04-05 06:34:29,603 | INFO | ali1688_goods_monitor |   189. https://detail.1688.com/offer/972523284067.html (SKU数: 1)
2026-04-05 06:34:29,603 | INFO | ali1688_goods_monitor |   190. https://detail.1688.com/offer/991759687233.html (SKU数: 6)
2026-04-05 06:34:29,603 | INFO | ali1688_goods_monitor |   191. https://detail.1688.com/offer/847713406078.html (SKU数: 4)
2026-04-05 06:34:29,603 | INFO | ali1688_goods_monitor |   192. https://detail.1688.com/offer/724154127228.html (SKU数: 6)
2026-04-05 06:34:29,603 | INFO | ali1688_goods_monitor |   193. https://detail.1688.com/offer/675557812438.html (SKU数: 1)
2026-04-05 06:34:29,604 | INFO | ali1688_goods_monitor |   194. https://detail.1688.com/offer/998016077358.html (SKU数: 3)
2026-04-05 06:34:29,604 | INFO | ali1688_goods_monitor |   195. https://detail.1688.com/offer/942621028118.html (SKU数: 20)
2026-04-05 06:34:29,604 | INFO | ali1688_goods_monitor |   196. https://detail.1688.com/offer/990976789985.html (SKU数: 16)
2026-04-05 06:34:29,604 | INFO | ali1688_goods_monitor |   197. https://detail.1688.com/offer/646729482472.html (SKU数: 6)
2026-04-05 06:34:29,604 | INFO | ali1688_goods_monitor |   198. https://detail.1688.com/offer/990260832462.html (SKU数: 3)
2026-04-05 06:34:29,604 | INFO | ali1688_goods_monitor |   199. https://detail.1688.com/offer/992882388093.html (SKU数: 3)
2026-04-05 06:34:29,605 | INFO | ali1688_goods_monitor |   200. https://detail.1688.com/offer/858770936676.html (SKU数: 2)
2026-04-05 06:34:29,605 | INFO | ali1688_goods_monitor |   201. https://detail.1688.com/offer/683872677220.html (SKU数: 3)
2026-04-05 06:34:29,605 | INFO | ali1688_goods_monitor |   202. https://detail.1688.com/offer/854168645121.html (SKU数: 3)
2026-04-05 06:34:29,606 | INFO | ali1688_goods_monitor |   203. https://detail.1688.com/offer/670793076081.html (SKU数: 12)
2026-04-05 06:34:29,608 | INFO | ali1688_goods_monitor |   204. https://detail.1688.com/offer/994715362159.html (SKU数: 14)
2026-04-05 06:34:29,608 | INFO | ali1688_goods_monitor |   205. https://detail.1688.com/offer/538297571141.html (SKU数: 6)
2026-04-05 06:34:29,608 | INFO | ali1688_goods_monitor |   206. https://detail.1688.com/offer/917025701974.html (SKU数: 8)
2026-04-05 06:34:29,608 | INFO | ali1688_goods_monitor |   207. https://detail.1688.com/offer/1027381048230.html (SKU数: 36)
2026-04-05 06:34:29,608 | INFO | ali1688_goods_monitor |   208. https://detail.1688.com/offer/969387993044.html (SKU数: 20)
2026-04-05 06:34:29,609 | INFO | ali1688_goods_monitor |   209. https://detail.1688.com/offer/848415574468.html (SKU数: 1)
2026-04-05 06:34:29,609 | INFO | ali1688_goods_monitor |   210. https://detail.1688.com/offer/895042686618.html (SKU数: 2)
2026-04-05 06:34:29,609 | INFO | ali1688_goods_monitor |   211. https://detail.1688.com/offer/1031769907868.html (SKU数: 6)
2026-04-05 06:34:29,609 | INFO | ali1688_goods_monitor |   212. https://detail.1688.com/offer/978968804889.html (SKU数: 1)
2026-04-05 06:34:29,609 | INFO | ali1688_goods_monitor |   213. https://detail.1688.com/offer/986633373239.html (SKU数: 11)
2026-04-05 06:34:29,609 | INFO | ali1688_goods_monitor |   214. https://detail.1688.com/offer/900563388108.html (SKU数: 12)
2026-04-05 06:34:29,610 | INFO | ali1688_goods_monitor |   215. https://detail.1688.com/offer/910382293640.html (SKU数: 22)
2026-04-05 06:34:29,610 | INFO | ali1688_goods_monitor |   216. https://detail.1688.com/offer/734736330484.html (SKU数: 34)
2026-04-05 06:34:29,610 | INFO | ali1688_goods_monitor |   217. https://detail.1688.com/offer/1028239295024.html (SKU数: 1)
2026-04-05 06:34:29,610 | INFO | ali1688_goods_monitor |   218. https://detail.1688.com/offer/757454263904.html (SKU数: 1)
2026-04-05 06:34:29,610 | INFO | ali1688_goods_monitor |   219. https://detail.1688.com/offer/1033404841463.html (SKU数: 4)
2026-04-05 06:34:29,610 | INFO | ali1688_goods_monitor |   220. https://detail.1688.com/offer/992863648563.html (SKU数: 11)
2026-04-05 06:34:29,611 | INFO | ali1688_goods_monitor |   221. https://detail.1688.com/offer/984991416938.html (SKU数: 6)
2026-04-05 06:34:29,611 | INFO | ali1688_goods_monitor |   222. https://detail.1688.com/offer/728912992880.html (SKU数: 24)
2026-04-05 06:34:29,611 | INFO | ali1688_goods_monitor |   223. https://detail.1688.com/offer/634658078975.html (SKU数: 16)
2026-04-05 06:34:29,611 | INFO | ali1688_goods_monitor |   224. https://detail.1688.com/offer/897059922290.html (SKU数: 5)
2026-04-05 06:34:29,611 | INFO | ali1688_goods_monitor |   225. https://detail.1688.com/offer/973247771787.html (SKU数: 2)
2026-04-05 06:34:29,611 | INFO | ali1688_goods_monitor |   226. https://detail.1688.com/offer/960725525521.html (SKU数: 10)
2026-04-05 06:34:29,612 | INFO | ali1688_goods_monitor |   227. https://detail.1688.com/offer/643044757475.html (SKU数: 41)
2026-04-05 06:34:29,612 | INFO | ali1688_goods_monitor |   228. https://detail.1688.com/offer/629652629026.html (SKU数: 5)
2026-04-05 06:34:29,612 | INFO | ali1688_goods_monitor |   229. https://detail.1688.com/offer/1013917249205.html (SKU数: 5)
2026-04-05 06:34:29,612 | INFO | ali1688_goods_monitor |   230. https://detail.1688.com/offer/973255115593.html (SKU数: 36)
2026-04-05 06:34:29,612 | INFO | ali1688_goods_monitor |   231. https://detail.1688.com/offer/1001279554121.html (SKU数: 4)
2026-04-05 06:34:29,612 | INFO | ali1688_goods_monitor |   232. https://detail.1688.com/offer/1035850540780.html (SKU数: 8)
2026-04-05 06:34:29,613 | INFO | ali1688_goods_monitor |   233. https://detail.1688.com/offer/847993548322.html (SKU数: 3)
2026-04-05 06:34:29,613 | INFO | ali1688_goods_monitor |   234. https://detail.1688.com/offer/726064645781.html (SKU数: 6)
2026-04-05 06:34:29,613 | INFO | ali1688_goods_monitor |   235. https://detail.1688.com/offer/1024421346400.html (SKU数: 2)
2026-04-05 06:34:29,613 | INFO | ali1688_goods_monitor |   236. https://detail.1688.com/offer/809233523760.html (SKU数: 1)
2026-04-05 06:34:29,613 | INFO | ali1688_goods_monitor |   237. https://detail.1688.com/offer/658391484708.html (SKU数: 12)
2026-04-05 06:34:29,613 | INFO | ali1688_goods_monitor |   238. https://detail.1688.com/offer/847969236799.html (SKU数: 32)
2026-04-05 06:34:29,614 | INFO | ali1688_goods_monitor |   239. https://detail.1688.com/offer/970781028572.html (SKU数: 1)
2026-04-05 06:34:29,614 | INFO | ali1688_goods_monitor |   240. https://detail.1688.com/offer/990425215638.html (SKU数: 5)
2026-04-05 06:34:29,614 | INFO | ali1688_goods_monitor |   241. https://detail.1688.com/offer/952896839032.html (SKU数: 3)
2026-04-05 06:34:29,614 | INFO | ali1688_goods_monitor |   242. https://detail.1688.com/offer/969646541226.html (SKU数: 11)
2026-04-05 06:34:29,614 | INFO | ali1688_goods_monitor |   243. https://detail.1688.com/offer/894449366946.html (SKU数: 30)
2026-04-05 06:34:29,614 | INFO | ali1688_goods_monitor |   244. https://detail.1688.com/offer/929103621035.html (SKU数: 6)
2026-04-05 06:34:29,614 | INFO | ali1688_goods_monitor |   245. https://detail.1688.com/offer/974035321584.html (SKU数: 5)
2026-04-05 06:34:29,615 | INFO | ali1688_goods_monitor |   246. https://detail.1688.com/offer/728364497329.html (SKU数: 5)
2026-04-05 06:34:29,615 | INFO | ali1688_goods_monitor |   247. https://detail.1688.com/offer/687729432138.html (SKU数: 1)
2026-04-05 06:34:29,615 | INFO | ali1688_goods_monitor |   248. https://detail.1688.com/offer/727364044091.html (SKU数: 7)
2026-04-05 06:34:29,615 | INFO | ali1688_goods_monitor |   249. https://detail.1688.com/offer/622513415473.html (SKU数: 4)
2026-04-05 06:34:29,615 | INFO | ali1688_goods_monitor |   250. https://detail.1688.com/offer/858007859516.html (SKU数: 2)
2026-04-05 06:34:29,615 | INFO | ali1688_goods_monitor |   251. https://detail.1688.com/offer/1031855101004.html (SKU数: 7)
2026-04-05 06:34:29,615 | INFO | ali1688_goods_monitor |   252. https://detail.1688.com/offer/1001391447719.html (SKU数: 2)
2026-04-05 06:34:29,616 | INFO | ali1688_goods_monitor |   253. https://detail.1688.com/offer/795861191445.html (SKU数: 6)
2026-04-05 06:34:29,616 | INFO | ali1688_goods_monitor |   254. https://detail.1688.com/offer/990589043915.html (SKU数: 3)
2026-04-05 06:34:29,616 | INFO | ali1688_goods_monitor |   255. https://detail.1688.com/offer/775392792723.html (SKU数: 25)
2026-04-05 06:34:29,616 | INFO | ali1688_goods_monitor |   256. https://detail.1688.com/offer/927867865604.html (SKU数: 18)
2026-04-05 06:34:29,616 | INFO | ali1688_goods_monitor |   257. https://detail.1688.com/offer/982635289066.html (SKU数: 26)
2026-04-05 06:34:29,616 | INFO | ali1688_goods_monitor |   258. https://detail.1688.com/offer/863983065199.html (SKU数: 1)
2026-04-05 06:34:29,617 | INFO | ali1688_goods_monitor |   259. https://detail.1688.com/offer/750175006113.html (SKU数: 1)
2026-04-05 06:34:29,617 | INFO | ali1688_goods_monitor |   260. https://detail.1688.com/offer/621194315291.html (SKU数: 4)
2026-04-05 06:34:29,617 | INFO | ali1688_goods_monitor |   261. https://detail.1688.com/offer/947764418500.html (SKU数: 1)
2026-04-05 06:34:29,617 | INFO | ali1688_goods_monitor |   262. https://detail.1688.com/offer/854259763574.html (SKU数: 1)
2026-04-05 06:34:29,617 | INFO | ali1688_goods_monitor |   263. https://detail.1688.com/offer/857784361057.html (SKU数: 10)
2026-04-05 06:34:29,617 | INFO | ali1688_goods_monitor |   264. https://detail.1688.com/offer/963819028092.html (SKU数: 2)
2026-04-05 06:34:29,617 | INFO | ali1688_goods_monitor |   265. https://detail.1688.com/offer/954152497198.html (SKU数: 6)
2026-04-05 06:34:29,618 | INFO | ali1688_goods_monitor |   266. https://detail.1688.com/offer/713699292120.html (SKU数: 9)
2026-04-05 06:34:29,618 | INFO | ali1688_goods_monitor |   267. https://detail.1688.com/offer/999695394272.html (SKU数: 5)
2026-04-05 06:34:29,618 | INFO | ali1688_goods_monitor |   268. https://detail.1688.com/offer/734549030910.html (SKU数: 14)
2026-04-05 06:34:29,618 | INFO | ali1688_goods_monitor |   269. https://detail.1688.com/offer/751554304142.html (SKU数: 2)
2026-04-05 06:34:30,594 | INFO | ali1688_goods_monitor | ============================================================
2026-04-05 06:34:30,594 | INFO | ali1688_goods_monitor | 🔍 开始获取SKU信息...
2026-04-05 06:34:30,597 | INFO | ali1688_goods_monitor | 📦 共 269 个商品需要获取SKU
2026-04-05 06:34:30,597 | INFO | ali1688_goods_monitor | ============================================================
2026-04-05 06:34:30,597 | INFO | ali1688_goods_monitor | 🚀 初始化SKU获取浏览器...
2026-04-05 06:34:32,233 | INFO | ali1688_goods_monitor | 🔐 登录店雷达...
2026-04-05 06:34:47,541 | INFO | ali1688_goods_monitor | 🔍 [1/269] 获取SKU: https://detail.1688.com/offer/982634945037.html
2026-04-05 06:35:18,208 | INFO | ali1688_goods_monitor |    ✅ 获取到 26 个SKU
2026-04-05 06:35:18,208 | INFO | ali1688_goods_monitor |    ⏳ 等待 2.3 秒后继续...
2026-04-05 06:35:20,524 | INFO | ali1688_goods_monitor | 🔍 [2/269] 获取SKU: https://detail.1688.com/offer/1026068947837.html
2026-04-05 06:35:48,424 | INFO | ali1688_goods_monitor |    ✅ 获取到 3 个SKU
2026-04-05 06:35:48,424 | INFO | ali1688_goods_monitor |    ⏳ 等待 2.0 秒后继续...
2026-04-05 06:35:50,453 | INFO | ali1688_goods_monitor | 🔍 [3/269] 获取SKU: https://detail.1688.com/offer/968280048908.html
2026-04-05 06:36:14,156 | INFO | ali1688_goods_monitor | 14：检测到滑块
2026-04-05 06:36:46,748 | INFO | ali1688_goods_monitor |    ✅ 获取到 31 个SKU
2026-04-05 06:36:46,748 | INFO | ali1688_goods_monitor |    ⏳ 等待 2.3 秒后继续...
2026-04-05 06:36:49,091 | INFO | ali1688_goods_monitor | 🔍 [4/269] 获取SKU: https://detail.1688.com/offer/798059727032.html
2026-04-05 06:37:04,941 | INFO | ali1688_goods_monitor | 14：检测到滑块
2026-04-05 06:37:49,093 | WARNING | ali1688_goods_monitor |    ⚠️ 未获取到SKU数据
2026-04-05 06:37:49,096 | INFO | ali1688_goods_monitor |    ⏳ 等待 2.4 秒后继续...
2026-04-05 06:37:51,535 | INFO | ali1688_goods_monitor | 🔍 [5/269] 获取SKU: https://detail.1688.com/offer/835170979856.html
2026-04-05 06:38:07,441 | INFO | ali1688_goods_monitor | 14：检测到滑块
2026-04-05 06:38:51,787 | WARNING | ali1688_goods_monitor |    ⚠️ 未获取到SKU数据
2026-04-05 06:38:51,791 | INFO | ali1688_goods_monitor |    ⏳ 等待 2.4 秒后继续...
2026-04-05 06:38:54,214 | INFO | ali1688_goods_monitor | 🔍 [6/269] 获取SKU: https://detail.1688.com/offer/617837580726.html
2026-04-05 06:39:09,614 | INFO | ali1688_goods_monitor | 14：检测到滑块
2026-04-05 06:39:52,977 | WARNING | ali1688_goods_monitor |    ⚠️ 未获取到SKU数据
2026-04-05 06:39:52,980 | INFO | ali1688_goods_monitor |    ⏳ 等待 2.2 秒后继续...
2026-04-05 06:39:55,173 | INFO | ali1688_goods_monitor | 🔍 [7/269] 获取SKU: https://detail.1688.com/offer/971080031926.html
2026-04-05 06:40:10,560 | INFO | ali1688_goods_monitor | 14：检测到滑块
2026-04-05 06:40:52,123 | WARNING | ali1688_goods_monitor |    ⚠️ 未获取到SKU数据
2026-04-05 06:40:52,127 | INFO | ali1688_goods_monitor |    ⏳ 等待 1.7 秒后继续...
2026-04-05 06:40:53,821 | INFO | ali1688_goods_monitor | 🔍 [8/269] 获取SKU: https://detail.1688.com/offer/971037620206.html
2026-04-05 06:41:09,350 | INFO | ali1688_goods_monitor | 14：检测到滑块
2026-04-05 06:41:50,904 | WARNING | ali1688_goods_monitor |    ⚠️ 未获取到SKU数据
2026-04-05 06:41:50,908 | INFO | ali1688_goods_monitor |    ⏳ 等待 1.6 秒后继续...
2026-04-05 06:41:52,470 | INFO | ali1688_goods_monitor | 🔍 [9/269] 获取SKU: https://detail.1688.com/offer/979203908708.html
2026-04-05 06:42:08,044 | INFO | ali1688_goods_monitor | 14：检测到滑块
2026-04-05 06:42:49,677 | WARNING | ali1688_goods_monitor |    ⚠️ 未获取到SKU数据
2026-04-05 06:42:49,680 | INFO | ali1688_goods_monitor |    ⏳ 等待 2.3 秒后继续...
2026-04-05 06:42:51,976 | INFO | ali1688_goods_monitor | 🔍 [10/269] 获取SKU: https://detail.1688.com/offer/954713432833.html
2026-04-05 06:43:07,408 | INFO | ali1688_goods_monitor | 14：检测到滑块
2026-04-05 06:43:50,643 | WARNING | ali1688_goods_monitor |    ⚠️ 未获取到SKU数据
2026-04-05 06:43:50,646 | INFO | ali1688_goods_monitor |    ⏳ 等待 2.4 秒后继续...
2026-04-05 06:43:53,108 | INFO | ali1688_goods_monitor | 🔍 [11/269] 获取SKU: https://detail.1688.com/offer/1040782952704.html
2026-04-05 06:44:08,430 | INFO | ali1688_goods_monitor | 14：检测到滑块
2026-04-05 06:44:50,847 | WARNING | ali1688_goods_monitor |    ⚠️ 未获取到SKU数据
2026-04-05 06:44:50,850 | INFO | ali1688_goods_monitor |    ⏳ 等待 1.1 秒后继续...
2026-04-05 06:44:51,988 | INFO | ali1688_goods_monitor | 🔍 [12/269] 获取SKU: https://detail.1688.com/offer/943395574791.html
2026-04-05 06:45:06,510 | WARNING | ali1688_goods_monitor |    ⚠️ 未获取到SKU数据
2026-04-05 06:45:06,517 | INFO | ali1688_goods_monitor |    ⏳ 等待 2.3 秒后继续...
2026-04-05 06:45:08,873 | INFO | ali1688_goods_monitor | 🔍 [13/269] 获取SKU: https://detail.1688.com/offer/807432916292.html
2026-04-05 06:45:24,300 | INFO | ali1688_goods_monitor | 14：检测到滑块
2026-04-05 06:46:06,915 | WARNING | ali1688_goods_monitor |    ⚠️ 未获取到SKU数据
2026-04-05 06:46:06,920 | INFO | ali1688_goods_monitor |    ⏳ 等待 1.4 秒后继续...
2026-04-05 06:46:08,317 | INFO | ali1688_goods_monitor | 🔍 [14/269] 获取SKU: https://detail.1688.com/offer/1005984550667.html
2026-04-05 06:46:24,133 | INFO | ali1688_goods_monitor | 14：检测到滑块
2026-04-05 06:47:07,860 | WARNING | ali1688_goods_monitor |    ⚠️ 未获取到SKU数据
2026-04-05 06:47:07,863 | INFO | ali1688_goods_monitor |    ⏳ 等待 1.5 秒后继续...
2026-04-05 06:47:09,388 | INFO | ali1688_goods_monitor | 🔍 [15/269] 获取SKU: https://detail.1688.com/offer/928700805986.html
2026-04-05 06:47:37,506 | INFO | ali1688_goods_monitor |    ✅ 获取到 2 个SKU
2026-04-05 06:47:37,506 | INFO | ali1688_goods_monitor |    ⏳ 等待 2.4 秒后继续...
2026-04-05 06:47:39,876 | INFO | ali1688_goods_monitor | 🔍 [16/269] 获取SKU: https://detail.1688.com/offer/812259607012.html
2026-04-05 06:48:01,810 | INFO | ali1688_goods_monitor | 14：检测到滑块
2026-04-05 06:48:33,682 | INFO | ali1688_goods_monitor |    ✅ 获取到 39 个SKU
2026-04-05 06:48:33,682 | INFO | ali1688_goods_monitor |    ⏳ 等待 1.6 秒后继续...
2026-04-05 06:48:35,301 | INFO | ali1688_goods_monitor | 🔍 [17/269] 获取SKU: https://detail.1688.com/offer/1016515592011.html
2026-04-05 06:48:50,685 | INFO | ali1688_goods_monitor | 14：检测到滑块
2026-04-05 06:49:32,174 | WARNING | ali1688_goods_monitor |    ⚠️ 未获取到SKU数据
2026-04-05 06:49:32,177 | INFO | ali1688_goods_monitor |    ⏳ 等待 2.1 秒后继续...
2026-04-05 06:49:34,263 | INFO | ali1688_goods_monitor | 🔍 [18/269] 获取SKU: https://detail.1688.com/offer/833661915665.html
2026-04-05 06:49:48,636 | WARNING | ali1688_goods_monitor |    ⚠️ 未获取到SKU数据
2026-04-05 06:49:48,641 | INFO | ali1688_goods_monitor |    ⏳ 等待 2.3 秒后继续...
2026-04-05 06:49:50,962 | INFO | ali1688_goods_monitor | 🔍 [19/269] 获取SKU: https://detail.1688.com/offer/1003272185431.html
2026-04-05 06:50:06,253 | INFO | ali1688_goods_monitor | 14：检测到滑块
2026-04-05 06:50:47,954 | WARNING | ali1688_goods_monitor |    ⚠️ 未获取到SKU数据
2026-04-05 06:50:47,957 | INFO | ali1688_goods_monitor |    ⏳ 等待 1.9 秒后继续...
2026-04-05 06:50:49,874 | INFO | ali1688_goods_monitor | 🔍 [20/269] 获取SKU: https://detail.1688.com/offer/741922490714.html
2026-04-05 06:51:05,568 | INFO | ali1688_goods_monitor | 14：检测到滑块
2026-04-05 06:51:50,423 | WARNING | ali1688_goods_monitor |    ⚠️ 未获取到SKU数据
2026-04-05 06:51:50,425 | INFO | ali1688_goods_monitor |    ⏳ 等待 1.8 秒后继续...
2026-04-05 06:51:52,231 | INFO | ali1688_goods_monitor | 🔍 [21/269] 获取SKU: https://detail.1688.com/offer/991935831793.html
2026-04-05 06:52:07,611 | INFO | ali1688_goods_monitor | 14：检测到滑块
2026-04-05 06:52:50,081 | WARNING | ali1688_goods_monitor |    ⚠️ 未获取到SKU数据
2026-04-05 06:52:50,084 | INFO | ali1688_goods_monitor |    ⏳ 等待 1.6 秒后继续...
2026-04-05 06:52:51,676 | INFO | ali1688_goods_monitor | 🔍 [22/269] 获取SKU: https://detail.1688.com/offer/969366546749.html
2026-04-05 06:53:07,016 | INFO | ali1688_goods_monitor | 14：检测到滑块
2026-04-05 06:53:51,191 | WARNING | ali1688_goods_monitor |    ⚠️ 未获取到SKU数据
2026-04-05 06:53:51,194 | INFO | ali1688_goods_monitor |    ⏳ 等待 2.0 秒后继续...
2026-04-05 06:53:53,180 | INFO | ali1688_goods_monitor | 🔍 [23/269] 获取SKU: https://detail.1688.com/offer/776195311997.html
2026-04-05 06:54:07,576 | WARNING | ali1688_goods_monitor |    ⚠️ 未获取到SKU数据
2026-04-05 06:54:07,579 | INFO | ali1688_goods_monitor |    ⏳ 等待 1.8 秒后继续...
2026-04-05 06:54:09,416 | INFO | ali1688_goods_monitor | 🔍 [24/269] 获取SKU: https://detail.1688.com/offer/875034473523.html
2026-04-05 06:54:24,746 | INFO | ali1688_goods_monitor | 14：检测到滑块
2026-04-05 06:55:07,992 | WARNING | ali1688_goods_monitor |    ⚠️ 未获取到SKU数据
2026-04-05 06:55:07,995 | INFO | ali1688_goods_monitor |    ⏳ 等待 2.4 秒后继续...
2026-04-05 06:55:10,455 | INFO | ali1688_goods_monitor | 🔍 [25/269] 获取SKU: https://detail.1688.com/offer/812514770228.html
2026-04-05 06:55:25,731 | INFO | ali1688_goods_monitor | 14：检测到滑块
2026-04-05 06:56:10,601 | WARNING | ali1688_goods_monitor |    ⚠️ 未获取到SKU数据
2026-04-05 06:56:10,605 | INFO | ali1688_goods_monitor |    ⏳ 等待 2.2 秒后继续...
2026-04-05 06:56:12,822 | INFO | ali1688_goods_monitor | 🔍 [26/269] 获取SKU: https://detail.1688.com/offer/903636127402.html
2026-04-05 06:56:28,236 | INFO | ali1688_goods_monitor | 14：检测到滑块
2026-04-05 06:57:09,859 | WARNING | ali1688_goods_monitor |    ⚠️ 未获取到SKU数据
2026-04-05 06:57:09,862 | INFO | ali1688_goods_monitor |    ⏳ 等待 1.2 秒后继续...
2026-04-05 06:57:11,112 | INFO | ali1688_goods_monitor | 🔍 [27/269] 获取SKU: https://detail.1688.com/offer/979396013303.html
2026-04-05 06:57:26,622 | INFO | ali1688_goods_monitor | 14：检测到滑块
2026-04-05 06:58:09,769 | WARNING | ali1688_goods_monitor |    ⚠️ 未获取到SKU数据
2026-04-05 06:58:09,772 | INFO | ali1688_goods_monitor |    ⏳ 等待 2.1 秒后继续...
2026-04-05 06:58:11,856 | INFO | ali1688_goods_monitor | 🔍 [28/269] 获取SKU: https://detail.1688.com/offer/889385901298.html
2026-04-05 06:58:39,716 | INFO | ali1688_goods_monitor |    ✅ 获取到 3 个SKU
2026-04-05 06:58:39,716 | INFO | ali1688_goods_monitor |    ⏳ 等待 1.2 秒后继续...
2026-04-05 06:58:40,904 | INFO | ali1688_goods_monitor | 🔍 [29/269] 获取SKU: https://detail.1688.com/offer/962746907189.html
2026-04-05 06:59:08,914 | INFO | ali1688_goods_monitor |    ✅ 获取到 4 个SKU
2026-04-05 06:59:08,914 | INFO | ali1688_goods_monitor |    ⏳ 等待 2.3 秒后继续...
2026-04-05 06:59:11,182 | INFO | ali1688_goods_monitor | 🔍 [30/269] 获取SKU: https://detail.1688.com/offer/1013037690222.html
2026-04-05 06:59:39,193 | INFO | ali1688_goods_monitor |    ✅ 获取到 1 个SKU
2026-04-05 06:59:39,193 | INFO | ali1688_goods_monitor |    ⏳ 等待 1.4 秒后继续...
2026-04-05 06:59:40,588 | INFO | ali1688_goods_monitor | 🔍 [31/269] 获取SKU: https://detail.1688.com/offer/895285249007.html
2026-04-05 07:00:02,931 | INFO | ali1688_goods_monitor | 14：检测到滑块
2026-04-05 07:00:35,350 | INFO | ali1688_goods_monitor |    ✅ 获取到 36 个SKU
2026-04-05 07:00:35,351 | INFO | ali1688_goods_monitor |    ⏳ 等待 1.3 秒后继续...
2026-04-05 07:00:36,647 | INFO | ali1688_goods_monitor | 🔍 [32/269] 获取SKU: https://detail.1688.com/offer/894936744591.html
2026-04-05 07:01:05,045 | INFO | ali1688_goods_monitor |    ✅ 获取到 16 个SKU
2026-04-05 07:01:05,046 | INFO | ali1688_goods_monitor |    ⏳ 等待 1.4 秒后继续...
2026-04-05 07:01:06,493 | INFO | ali1688_goods_monitor | 🔍 [33/269] 获取SKU: https://detail.1688.com/offer/1025513853144.html
2026-04-05 07:01:34,372 | INFO | ali1688_goods_monitor |    ✅ 获取到 8 个SKU
2026-04-05 07:01:34,372 | INFO | ali1688_goods_monitor |    ⏳ 等待 1.8 秒后继续...
2026-04-05 07:01:36,177 | INFO | ali1688_goods_monitor | 🔍 [34/269] 获取SKU: https://detail.1688.com/offer/907762599791.html
2026-04-05 07:02:04,379 | INFO | ali1688_goods_monitor |    ✅ 获取到 10 个SKU
2026-04-05 07:02:04,379 | INFO | ali1688_goods_monitor |    ⏳ 等待 1.8 秒后继续...
2026-04-05 07:02:06,202 | INFO | ali1688_goods_monitor | 🔍 [35/269] 获取SKU: https://detail.1688.com/offer/590591825369.html
2026-04-05 07:02:34,788 | INFO | ali1688_goods_monitor |    ✅ 获取到 29 个SKU
2026-04-05 07:02:34,788 | INFO | ali1688_goods_monitor |    ⏳ 等待 1.5 秒后继续...
2026-04-05 07:02:36,263 | INFO | ali1688_goods_monitor | 🔍 [36/269] 获取SKU: https://detail.1688.com/offer/990409899841.html
2026-04-05 07:03:04,154 | INFO | ali1688_goods_monitor |    ✅ 获取到 7 个SKU
2026-04-05 07:03:04,154 | INFO | ali1688_goods_monitor |    ⏳ 等待 2.0 秒后继续...
2026-04-05 07:03:06,202 | INFO | ali1688_goods_monitor | 🔍 [37/269] 获取SKU: https://detail.1688.com/offer/970715744477.html
2026-04-05 07:03:34,205 | INFO | ali1688_goods_monitor |    ✅ 获取到 1 个SKU
2026-04-05 07:03:34,205 | INFO | ali1688_goods_monitor |    ⏳ 等待 1.5 秒后继续...
2026-04-05 07:03:35,713 | INFO | ali1688_goods_monitor | 🔍 [38/269] 获取SKU: https://detail.1688.com/offer/811139889293.html
2026-04-05 07:04:03,845 | INFO | ali1688_goods_monitor |    ✅ 获取到 10 个SKU
2026-04-05 07:04:03,845 | INFO | ali1688_goods_monitor |    ⏳ 等待 2.2 秒后继续...
2026-04-05 07:04:06,090 | INFO | ali1688_goods_monitor | 🔍 [39/269] 获取SKU: https://detail.1688.com/offer/677301391721.html
2026-04-05 07:04:34,946 | INFO | ali1688_goods_monitor |    ✅ 获取到 24 个SKU
2026-04-05 07:04:34,947 | INFO | ali1688_goods_monitor |    ⏳ 等待 2.3 秒后继续...
2026-04-05 07:04:37,243 | INFO | ali1688_goods_monitor | 🔍 [40/269] 获取SKU: https://detail.1688.com/offer/847495122732.html
2026-04-05 07:05:05,426 | INFO | ali1688_goods_monitor |    ✅ 获取到 3 个SKU
2026-04-05 07:05:05,426 | INFO | ali1688_goods_monitor |    ⏳ 等待 1.3 秒后继续...
2026-04-05 07:05:06,693 | INFO | ali1688_goods_monitor | 🔍 [41/269] 获取SKU: https://detail.1688.com/offer/970377098770.html
2026-04-05 07:05:35,248 | INFO | ali1688_goods_monitor |    ✅ 获取到 33 个SKU
2026-04-05 07:05:35,248 | INFO | ali1688_goods_monitor |    ⏳ 等待 2.1 秒后继续...
2026-04-05 07:05:37,411 | INFO | ali1688_goods_monitor | 🔍 [42/269] 获取SKU: https://detail.1688.com/offer/677709968233.html
2026-04-05 07:06:05,532 | INFO | ali1688_goods_monitor |    ✅ 获取到 5 个SKU
2026-04-05 07:06:05,532 | INFO | ali1688_goods_monitor |    ⏳ 等待 1.3 秒后继续...
2026-04-05 07:06:06,868 | INFO | ali1688_goods_monitor | 🔍 [43/269] 获取SKU: https://detail.1688.com/offer/1000398364752.html
2026-04-05 07:06:34,965 | INFO | ali1688_goods_monitor |    ✅ 获取到 6 个SKU
2026-04-05 07:06:34,966 | INFO | ali1688_goods_monitor |    ⏳ 等待 1.8 秒后继续...
2026-04-05 07:06:36,739 | INFO | ali1688_goods_monitor | 🔍 [44/269] 获取SKU: https://detail.1688.com/offer/951035484615.html
2026-04-05 07:07:05,303 | INFO | ali1688_goods_monitor |    ✅ 获取到 29 个SKU
2026-04-05 07:07:05,304 | INFO | ali1688_goods_monitor |    ⏳ 等待 1.1 秒后继续...
2026-04-05 07:07:06,456 | INFO | ali1688_goods_monitor | 🔍 [45/269] 获取SKU: https://detail.1688.com/offer/826873938709.html
2026-04-05 07:07:34,575 | INFO | ali1688_goods_monitor |    ✅ 获取到 1 个SKU
2026-04-05 07:07:34,576 | INFO | ali1688_goods_monitor |    ⏳ 等待 1.6 秒后继续...
2026-04-05 07:07:36,233 | INFO | ali1688_goods_monitor | 🔍 [46/269] 获取SKU: https://detail.1688.com/offer/847794753111.html
2026-04-05 07:08:04,109 | INFO | ali1688_goods_monitor |    ✅ 获取到 1 个SKU
2026-04-05 07:08:04,110 | INFO | ali1688_goods_monitor |    ⏳ 等待 1.9 秒后继续...
2026-04-05 07:08:05,988 | INFO | ali1688_goods_monitor | 🔍 [47/269] 获取SKU: https://detail.1688.com/offer/976178977054.html
2026-04-05 07:08:34,134 | INFO | ali1688_goods_monitor |    ✅ 获取到 5 个SKU
2026-04-05 07:08:34,134 | INFO | ali1688_goods_monitor |    ⏳ 等待 2.0 秒后继续...
2026-04-05 07:08:36,172 | INFO | ali1688_goods_monitor | 🔍 [48/269] 获取SKU: https://detail.1688.com/offer/994662909434.html
2026-04-05 07:09:04,424 | INFO | ali1688_goods_monitor |    ✅ 获取到 3 个SKU
2026-04-05 07:09:04,424 | INFO | ali1688_goods_monitor |    ⏳ 等待 1.7 秒后继续...
2026-04-05 07:09:06,159 | INFO | ali1688_goods_monitor | 🔍 [49/269] 获取SKU: https://detail.1688.com/offer/998051010590.html
2026-04-05 07:09:33,940 | INFO | ali1688_goods_monitor |    ✅ 获取到 4 个SKU
2026-04-05 07:09:33,940 | INFO | ali1688_goods_monitor |    ⏳ 等待 1.2 秒后继续...
2026-04-05 07:09:35,109 | INFO | ali1688_goods_monitor | 🔍 [50/269] 获取SKU: https://detail.1688.com/offer/856805654657.html
2026-04-05 07:10:03,106 | INFO | ali1688_goods_monitor |    ✅ 获取到 1 个SKU
2026-04-05 07:10:03,106 | INFO | ali1688_goods_monitor |    ⏳ 等待 1.1 秒后继续...
2026-04-05 07:10:04,164 | INFO | ali1688_goods_monitor | 🔍 [51/269] 获取SKU: https://detail.1688.com/offer/902961760235.html
2026-04-05 07:10:32,317 | INFO | ali1688_goods_monitor |    ✅ 获取到 4 个SKU
2026-04-05 07:10:32,321 | INFO | ali1688_goods_monitor |    ⏳ 等待 1.9 秒后继续...
2026-04-05 07:10:34,209 | INFO | ali1688_goods_monitor | 🔍 [52/269] 获取SKU: https://detail.1688.com/offer/992251601092.html
2026-04-05 07:11:01,906 | INFO | ali1688_goods_monitor |    ✅ 获取到 3 个SKU
2026-04-05 07:11:01,907 | INFO | ali1688_goods_monitor |    ⏳ 等待 1.3 秒后继续...
2026-04-05 07:11:03,205 | INFO | ali1688_goods_monitor | 🔍 [53/269] 获取SKU: https://detail.1688.com/offer/628617576125.html
2026-04-05 07:11:31,121 | INFO | ali1688_goods_monitor |    ✅ 获取到 5 个SKU
2026-04-05 07:11:31,121 | INFO | ali1688_goods_monitor |    ⏳ 等待 1.8 秒后继续...
2026-04-05 07:11:32,925 | INFO | ali1688_goods_monitor | 🔍 [54/269] 获取SKU: https://detail.1688.com/offer/900967422750.html
2026-04-05 07:12:01,404 | INFO | ali1688_goods_monitor |    ✅ 获取到 36 个SKU
2026-04-05 07:12:01,405 | INFO | ali1688_goods_monitor |    ⏳ 等待 1.6 秒后继续...
2026-04-05 07:12:02,989 | INFO | ali1688_goods_monitor | 🔍 [55/269] 获取SKU: https://detail.1688.com/offer/950726478383.html
2026-04-05 07:12:31,539 | INFO | ali1688_goods_monitor |    ✅ 获取到 13 个SKU
2026-04-05 07:12:31,539 | INFO | ali1688_goods_monitor |    ⏳ 等待 1.7 秒后继续...
2026-04-05 07:12:33,264 | INFO | ali1688_goods_monitor | 🔍 [56/269] 获取SKU: https://detail.1688.com/offer/681658732090.html
2026-04-05 07:12:47,694 | WARNING | ali1688_goods_monitor |    ⚠️ 未获取到SKU数据
2026-04-05 07:12:47,698 | INFO | ali1688_goods_monitor |    ⏳ 等待 2.1 秒后继续...
2026-04-05 07:12:49,780 | INFO | ali1688_goods_monitor | 🔍 [57/269] 获取SKU: https://detail.1688.com/offer/799083276279.html
2026-04-05 07:13:17,762 | INFO | ali1688_goods_monitor |    ✅ 获取到 3 个SKU
2026-04-05 07:13:17,762 | INFO | ali1688_goods_monitor |    ⏳ 等待 2.1 秒后继续...
2026-04-05 07:13:19,894 | INFO | ali1688_goods_monitor | 🔍 [58/269] 获取SKU: https://detail.1688.com/offer/992071730825.html
2026-04-05 07:13:47,575 | INFO | ali1688_goods_monitor |    ✅ 获取到 3 个SKU
2026-04-05 07:13:47,576 | INFO | ali1688_goods_monitor |    ⏳ 等待 2.0 秒后继续...
2026-04-05 07:13:49,588 | INFO | ali1688_goods_monitor | 🔍 [59/269] 获取SKU: https://detail.1688.com/offer/1000255776437.html
2026-04-05 07:14:13,006 | ERROR | ali1688_goods_monitor |    ❌ 获取SKU失败: 
没有找到元素。
方法: ele()
参数: {'locator': 'xpath://*[@id="content"]/div[2]/div[1]/div[2]/div[1]/div[2]/div[1]/div[2]', 'index': 1, 'timeout': 10}
版本: 4.1.1.2
2026-04-05 07:14:13,006 | INFO | ali1688_goods_monitor |    ⏳ 等待 1.7 秒后继续...
2026-04-05 07:14:14,717 | INFO | ali1688_goods_monitor | 🔍 [60/269] 获取SKU: https://detail.1688.com/offer/902473655388.html
2026-04-05 07:14:42,576 | INFO | ali1688_goods_monitor |    ✅ 获取到 1 个SKU
2026-04-05 07:14:42,576 | INFO | ali1688_goods_monitor |    ⏳ 等待 2.1 秒后继续...
2026-04-05 07:14:44,663 | INFO | ali1688_goods_monitor | 🔍 [61/269] 获取SKU: https://detail.1688.com/offer/899704194303.html
2026-04-05 07:15:12,541 | INFO | ali1688_goods_monitor |    ✅ 获取到 12 个SKU
2026-04-05 07:15:12,541 | INFO | ali1688_goods_monitor |    ⏳ 等待 1.7 秒后继续...
2026-04-05 07:15:14,289 | INFO | ali1688_goods_monitor | 🔍 [62/269] 获取SKU: https://detail.1688.com/offer/873614306333.html
2026-04-05 07:15:42,783 | INFO | ali1688_goods_monitor |    ✅ 获取到 6 个SKU
2026-04-05 07:15:42,785 | INFO | ali1688_goods_monitor |    ⏳ 等待 1.1 秒后继续...
2026-04-05 07:15:43,892 | INFO | ali1688_goods_monitor | 🔍 [63/269] 获取SKU: https://detail.1688.com/offer/898439171537.html
2026-04-05 07:16:12,142 | INFO | ali1688_goods_monitor |    ✅ 获取到 6 个SKU
2026-04-05 07:16:12,142 | INFO | ali1688_goods_monitor |    ⏳ 等待 1.2 秒后继续...
2026-04-05 07:16:13,394 | INFO | ali1688_goods_monitor | 🔍 [64/269] 获取SKU: https://detail.1688.com/offer/840249263873.html
2026-04-05 07:16:41,307 | INFO | ali1688_goods_monitor |    ✅ 获取到 7 个SKU
2026-04-05 07:16:41,307 | INFO | ali1688_goods_monitor |    ⏳ 等待 1.7 秒后继续...
2026-04-05 07:16:42,984 | INFO | ali1688_goods_monitor | 🔍 [65/269] 获取SKU: https://detail.1688.com/offer/789633522584.html
2026-04-05 07:16:57,236 | WARNING | ali1688_goods_monitor |    ⚠️ 未获取到SKU数据
2026-04-05 07:16:57,242 | INFO | ali1688_goods_monitor |    ⏳ 等待 1.8 秒后继续...
2026-04-05 07:16:59,099 | INFO | ali1688_goods_monitor | 🔍 [66/269] 获取SKU: https://detail.1688.com/offer/996059989352.html
2026-04-05 07:17:27,125 | INFO | ali1688_goods_monitor |    ✅ 获取到 3 个SKU
2026-04-05 07:17:27,125 | INFO | ali1688_goods_monitor |    ⏳ 等待 2.1 秒后继续...
2026-04-05 07:17:29,274 | INFO | ali1688_goods_monitor | 🔍 [67/269] 获取SKU: https://detail.1688.com/offer/703551244918.html
2026-04-05 07:17:57,234 | INFO | ali1688_goods_monitor |    ✅ 获取到 3 个SKU
2026-04-05 07:17:57,234 | INFO | ali1688_goods_monitor |    ⏳ 等待 2.2 秒后继续...
2026-04-05 07:17:59,419 | INFO | ali1688_goods_monitor | 🔍 [68/269] 获取SKU: https://detail.1688.com/offer/956573560393.html
2026-04-05 07:18:23,126 | ERROR | ali1688_goods_monitor |    ❌ 获取SKU失败: 
没有找到元素。
方法: ele()
参数: {'locator': 'xpath://*[@id="content"]/div[2]/div[1]/div[2]/div[1]/div[2]/div[1]/div[2]', 'index': 1, 'timeout': 10}
版本: 4.1.1.2
2026-04-05 07:18:23,127 | INFO | ali1688_goods_monitor |    ⏳ 等待 1.7 秒后继续...
2026-04-05 07:18:24,819 | INFO | ali1688_goods_monitor | 🔍 [69/269] 获取SKU: https://detail.1688.com/offer/1007062397648.html
2026-04-05 07:18:52,823 | INFO | ali1688_goods_monitor |    ✅ 获取到 4 个SKU
2026-04-05 07:18:52,823 | INFO | ali1688_goods_monitor |    ⏳ 等待 1.6 秒后继续...
2026-04-05 07:18:54,480 | INFO | ali1688_goods_monitor | 🔍 [70/269] 获取SKU: https://detail.1688.com/offer/890654399053.html
2026-04-05 07:19:22,756 | INFO | ali1688_goods_monitor |    ✅ 获取到 28 个SKU
2026-04-05 07:19:22,757 | INFO | ali1688_goods_monitor |    ⏳ 等待 1.1 秒后继续...
2026-04-05 07:19:23,860 | INFO | ali1688_goods_monitor | 🔍 [71/269] 获取SKU: https://detail.1688.com/offer/999142031933.html
2026-04-05 07:19:38,157 | WARNING | ali1688_goods_monitor |    ⚠️ 未获取到SKU数据
2026-04-05 07:19:38,165 | INFO | ali1688_goods_monitor |    ⏳ 等待 2.4 秒后继续...
2026-04-05 07:19:40,560 | INFO | ali1688_goods_monitor | 🔍 [72/269] 获取SKU: https://detail.1688.com/offer/702199084381.html
2026-04-05 07:20:08,818 | INFO | ali1688_goods_monitor |    ✅ 获取到 19 个SKU
2026-04-05 07:20:08,819 | INFO | ali1688_goods_monitor |    ⏳ 等待 1.2 秒后继续...
2026-04-05 07:20:10,022 | INFO | ali1688_goods_monitor | 🔍 [73/269] 获取SKU: https://detail.1688.com/offer/950670074468.html
2026-04-05 07:20:38,534 | INFO | ali1688_goods_monitor |    ✅ 获取到 36 个SKU
2026-04-05 07:20:38,535 | INFO | ali1688_goods_monitor |    ⏳ 等待 2.4 秒后继续...
2026-04-05 07:20:40,908 | INFO | ali1688_goods_monitor | 🔍 [74/269] 获取SKU: https://detail.1688.com/offer/890407614753.html
2026-04-05 07:21:09,195 | INFO | ali1688_goods_monitor |    ✅ 获取到 17 个SKU
2026-04-05 07:21:09,195 | INFO | ali1688_goods_monitor |    ⏳ 等待 1.8 秒后继续...
2026-04-05 07:21:10,983 | INFO | ali1688_goods_monitor | 🔍 [75/269] 获取SKU: https://detail.1688.com/offer/832304702315.html
2026-04-05 07:21:39,243 | INFO | ali1688_goods_monitor |    ✅ 获取到 5 个SKU
2026-04-05 07:21:39,243 | INFO | ali1688_goods_monitor |    ⏳ 等待 1.2 秒后继续...
2026-04-05 07:21:40,405 | INFO | ali1688_goods_monitor | 🔍 [76/269] 获取SKU: https://detail.1688.com/offer/43695296576.html
2026-04-05 07:22:08,754 | INFO | ali1688_goods_monitor |    ✅ 获取到 2 个SKU
2026-04-05 07:22:08,754 | INFO | ali1688_goods_monitor |    ⏳ 等待 1.8 秒后继续...
2026-04-05 07:22:10,558 | INFO | ali1688_goods_monitor | 🔍 [77/269] 获取SKU: https://detail.1688.com/offer/746411095420.html
2026-04-05 07:22:39,039 | INFO | ali1688_goods_monitor |    ✅ 获取到 22 个SKU
2026-04-05 07:22:39,040 | INFO | ali1688_goods_monitor |    ⏳ 等待 2.5 秒后继续...
2026-04-05 07:22:41,504 | INFO | ali1688_goods_monitor | 🔍 [78/269] 获取SKU: https://detail.1688.com/offer/979471208168.html
2026-04-05 07:23:09,220 | INFO | ali1688_goods_monitor |    ✅ 获取到 1 个SKU
2026-04-05 07:23:09,221 | INFO | ali1688_goods_monitor |    ⏳ 等待 2.0 秒后继续...
2026-04-05 07:23:11,228 | INFO | ali1688_goods_monitor | 🔍 [79/269] 获取SKU: https://detail.1688.com/offer/991070192317.html
2026-04-05 07:23:39,344 | INFO | ali1688_goods_monitor |    ✅ 获取到 11 个SKU
2026-04-05 07:23:39,345 | INFO | ali1688_goods_monitor |    ⏳ 等待 1.5 秒后继续...
2026-04-05 07:23:40,820 | INFO | ali1688_goods_monitor | 🔍 [80/269] 获取SKU: https://detail.1688.com/offer/993465198242.html
2026-04-05 07:24:08,696 | INFO | ali1688_goods_monitor |    ✅ 获取到 7 个SKU
2026-04-05 07:24:08,697 | INFO | ali1688_goods_monitor |    ⏳ 等待 1.1 秒后继续...
2026-04-05 07:24:09,792 | INFO | ali1688_goods_monitor | 🔍 [81/269] 获取SKU: https://detail.1688.com/offer/990618054916.html
2026-04-05 07:24:38,843 | INFO | ali1688_goods_monitor |    ✅ 获取到 3 个SKU
2026-04-05 07:24:38,843 | INFO | ali1688_goods_monitor |    ⏳ 等待 2.5 秒后继续...
2026-04-05 07:24:41,314 | INFO | ali1688_goods_monitor | 🔍 [82/269] 获取SKU: https://detail.1688.com/offer/975762015590.html
2026-04-05 07:25:09,050 | INFO | ali1688_goods_monitor |    ✅ 获取到 6 个SKU
2026-04-05 07:25:09,050 | INFO | ali1688_goods_monitor |    ⏳ 等待 2.1 秒后继续...
2026-04-05 07:25:11,200 | INFO | ali1688_goods_monitor | 🔍 [83/269] 获取SKU: https://detail.1688.com/offer/992800642545.html
2026-04-05 07:25:39,294 | INFO | ali1688_goods_monitor |    ✅ 获取到 3 个SKU
2026-04-05 07:25:39,294 | INFO | ali1688_goods_monitor |    ⏳ 等待 2.5 秒后继续...
2026-04-05 07:25:41,764 | INFO | ali1688_goods_monitor | 🔍 [84/269] 获取SKU: https://detail.1688.com/offer/632300625030.html
2026-04-05 07:26:09,822 | INFO | ali1688_goods_monitor |    ✅ 获取到 2 个SKU
2026-04-05 07:26:09,822 | INFO | ali1688_goods_monitor |    ⏳ 等待 1.3 秒后继续...
2026-04-05 07:26:11,108 | INFO | ali1688_goods_monitor | 🔍 [85/269] 获取SKU: https://detail.1688.com/offer/652994949606.html
2026-04-05 07:26:39,092 | INFO | ali1688_goods_monitor |    ✅ 获取到 4 个SKU
2026-04-05 07:26:39,092 | INFO | ali1688_goods_monitor |    ⏳ 等待 1.2 秒后继续...
2026-04-05 07:26:40,320 | INFO | ali1688_goods_monitor | 🔍 [86/269] 获取SKU: https://detail.1688.com/offer/998859559585.html
2026-04-05 07:27:08,568 | INFO | ali1688_goods_monitor |    ✅ 获取到 11 个SKU
2026-04-05 07:27:08,569 | INFO | ali1688_goods_monitor |    ⏳ 等待 1.7 秒后继续...
2026-04-05 07:27:10,296 | INFO | ali1688_goods_monitor | 🔍 [87/269] 获取SKU: https://detail.1688.com/offer/1009966785995.html
2026-04-05 07:27:38,195 | INFO | ali1688_goods_monitor |    ✅ 获取到 4 个SKU
2026-04-05 07:27:38,195 | INFO | ali1688_goods_monitor |    ⏳ 等待 1.1 秒后继续...
2026-04-05 07:27:39,286 | INFO | ali1688_goods_monitor | 🔍 [88/269] 获取SKU: https://detail.1688.com/offer/927205288673.html
2026-04-05 07:28:07,123 | INFO | ali1688_goods_monitor |    ✅ 获取到 4 个SKU
2026-04-05 07:28:07,124 | INFO | ali1688_goods_monitor |    ⏳ 等待 1.5 秒后继续...
2026-04-05 07:28:08,665 | INFO | ali1688_goods_monitor | 🔍 [89/269] 获取SKU: https://detail.1688.com/offer/985206853035.html
2026-04-05 07:28:36,452 | INFO | ali1688_goods_monitor |    ✅ 获取到 2 个SKU
2026-04-05 07:28:36,452 | INFO | ali1688_goods_monitor |    ⏳ 等待 1.9 秒后继续...
2026-04-05 07:28:38,405 | INFO | ali1688_goods_monitor | 🔍 [90/269] 获取SKU: https://detail.1688.com/offer/873771926327.html
2026-04-05 07:28:54,005 | INFO | ali1688_goods_monitor | 14：检测到滑块
2026-04-05 07:29:25,788 | INFO | ali1688_goods_monitor |    ✅ 获取到 32 个SKU
2026-04-05 07:29:25,788 | INFO | ali1688_goods_monitor |    ⏳ 等待 2.0 秒后继续...
2026-04-05 07:29:27,812 | INFO | ali1688_goods_monitor | 🔍 [91/269] 获取SKU: https://detail.1688.com/offer/853399095646.html
2026-04-05 07:29:43,644 | INFO | ali1688_goods_monitor | 14：检测到滑块
2026-04-05 07:30:27,780 | WARNING | ali1688_goods_monitor |    ⚠️ 未获取到SKU数据
2026-04-05 07:30:27,783 | INFO | ali1688_goods_monitor |    ⏳ 等待 2.0 秒后继续...
2026-04-05 07:30:29,789 | INFO | ali1688_goods_monitor | 🔍 [92/269] 获取SKU: https://detail.1688.com/offer/859584630627.html
2026-04-05 07:30:58,404 | INFO | ali1688_goods_monitor |    ✅ 获取到 4 个SKU
2026-04-05 07:30:58,404 | INFO | ali1688_goods_monitor |    ⏳ 等待 1.6 秒后继续...
2026-04-05 07:30:59,989 | INFO | ali1688_goods_monitor | 🔍 [93/269] 获取SKU: https://detail.1688.com/offer/671840552108.html
2026-04-05 07:31:28,158 | INFO | ali1688_goods_monitor |    ✅ 获取到 8 个SKU
2026-04-05 07:31:28,159 | INFO | ali1688_goods_monitor |    ⏳ 等待 1.6 秒后继续...
2026-04-05 07:31:29,774 | INFO | ali1688_goods_monitor | 🔍 [94/269] 获取SKU: https://detail.1688.com/offer/970542473882.html
2026-04-05 07:31:57,822 | INFO | ali1688_goods_monitor |    ✅ 获取到 5 个SKU
2026-04-05 07:31:57,822 | INFO | ali1688_goods_monitor |    ⏳ 等待 1.7 秒后继续...
2026-04-05 07:31:59,583 | INFO | ali1688_goods_monitor | 🔍 [95/269] 获取SKU: https://detail.1688.com/offer/836899798919.html
2026-04-05 07:32:27,475 | INFO | ali1688_goods_monitor |    ✅ 获取到 9 个SKU
2026-04-05 07:32:27,475 | INFO | ali1688_goods_monitor |    ⏳ 等待 1.9 秒后继续...
2026-04-05 07:32:29,346 | INFO | ali1688_goods_monitor | 🔍 [96/269] 获取SKU: https://detail.1688.com/offer/928580021030.html
2026-04-05 07:32:57,373 | INFO | ali1688_goods_monitor |    ✅ 获取到 2 个SKU
2026-04-05 07:32:57,373 | INFO | ali1688_goods_monitor |    ⏳ 等待 1.9 秒后继续...
2026-04-05 07:32:59,239 | INFO | ali1688_goods_monitor | 🔍 [97/269] 获取SKU: https://detail.1688.com/offer/950658287741.html
2026-04-05 07:33:27,426 | INFO | ali1688_goods_monitor |    ✅ 获取到 18 个SKU
2026-04-05 07:33:27,426 | INFO | ali1688_goods_monitor |    ⏳ 等待 2.3 秒后继续...
2026-04-05 07:33:29,739 | INFO | ali1688_goods_monitor | 🔍 [98/269] 获取SKU: https://detail.1688.com/offer/852501307622.html
2026-04-05 07:33:57,775 | INFO | ali1688_goods_monitor |    ✅ 获取到 1 个SKU
2026-04-05 07:33:57,775 | INFO | ali1688_goods_monitor |    ⏳ 等待 2.3 秒后继续...
2026-04-05 07:34:00,048 | INFO | ali1688_goods_monitor | 🔍 [99/269] 获取SKU: https://detail.1688.com/offer/746416939989.html
2026-04-05 07:34:28,021 | INFO | ali1688_goods_monitor |    ✅ 获取到 3 个SKU
2026-04-05 07:34:28,021 | INFO | ali1688_goods_monitor |    ⏳ 等待 2.0 秒后继续...
2026-04-05 07:34:30,079 | INFO | ali1688_goods_monitor | 🔍 [100/269] 获取SKU: https://detail.1688.com/offer/847781001778.html
2026-04-05 07:34:58,023 | INFO | ali1688_goods_monitor |    ✅ 获取到 4 个SKU
2026-04-05 07:34:58,023 | INFO | ali1688_goods_monitor |    ⏳ 等待 1.1 秒后继续...
2026-04-05 07:34:59,129 | INFO | ali1688_goods_monitor | 🔍 [101/269] 获取SKU: https://detail.1688.com/offer/895439014120.html
2026-04-05 07:35:27,876 | INFO | ali1688_goods_monitor |    ✅ 获取到 8 个SKU
2026-04-05 07:35:27,877 | INFO | ali1688_goods_monitor |    ⏳ 等待 2.4 秒后继续...
2026-04-05 07:35:30,253 | INFO | ali1688_goods_monitor | 🔍 [102/269] 获取SKU: https://detail.1688.com/offer/662598267674.html
2026-04-05 07:35:58,862 | INFO | ali1688_goods_monitor |    ✅ 获取到 4 个SKU
2026-04-05 07:35:58,862 | INFO | ali1688_goods_monitor |    ⏳ 等待 1.7 秒后继续...
2026-04-05 07:36:00,533 | INFO | ali1688_goods_monitor | 🔍 [103/269] 获取SKU: https://detail.1688.com/offer/994237964153.html
2026-04-05 07:36:28,593 | INFO | ali1688_goods_monitor |    ✅ 获取到 7 个SKU
2026-04-05 07:36:28,594 | INFO | ali1688_goods_monitor |    ⏳ 等待 1.9 秒后继续...
2026-04-05 07:36:30,496 | INFO | ali1688_goods_monitor | 🔍 [104/269] 获取SKU: https://detail.1688.com/offer/948334688543.html
2026-04-05 07:36:59,030 | INFO | ali1688_goods_monitor |    ✅ 获取到 22 个SKU
2026-04-05 07:36:59,030 | INFO | ali1688_goods_monitor |    ⏳ 等待 1.8 秒后继续...
2026-04-05 07:37:00,849 | INFO | ali1688_goods_monitor | 🔍 [105/269] 获取SKU: https://detail.1688.com/offer/849820903779.html
2026-04-05 07:37:28,741 | INFO | ali1688_goods_monitor |    ✅ 获取到 4 个SKU
2026-04-05 07:37:28,742 | INFO | ali1688_goods_monitor |    ⏳ 等待 1.1 秒后继续...
2026-04-05 07:37:29,873 | INFO | ali1688_goods_monitor | 🔍 [106/269] 获取SKU: https://detail.1688.com/offer/993354315037.html
2026-04-05 07:37:57,908 | INFO | ali1688_goods_monitor |    ✅ 获取到 11 个SKU
2026-04-05 07:37:57,909 | INFO | ali1688_goods_monitor |    ⏳ 等待 1.9 秒后继续...
2026-04-05 07:37:59,844 | INFO | ali1688_goods_monitor | 🔍 [107/269] 获取SKU: https://detail.1688.com/offer/692940339011.html
2026-04-05 07:38:28,002 | INFO | ali1688_goods_monitor |    ✅ 获取到 3 个SKU
2026-04-05 07:38:28,002 | INFO | ali1688_goods_monitor |    ⏳ 等待 2.5 秒后继续...
2026-04-05 07:38:30,498 | INFO | ali1688_goods_monitor | 🔍 [108/269] 获取SKU: https://detail.1688.com/offer/962546716755.html
2026-04-05 07:38:58,369 | INFO | ali1688_goods_monitor |    ✅ 获取到 3 个SKU
2026-04-05 07:38:58,369 | INFO | ali1688_goods_monitor |    ⏳ 等待 1.2 秒后继续...
2026-04-05 07:38:59,603 | INFO | ali1688_goods_monitor | 🔍 [109/269] 获取SKU: https://detail.1688.com/offer/864653527961.html
2026-04-05 07:39:27,649 | INFO | ali1688_goods_monitor |    ✅ 获取到 1 个SKU
2026-04-05 07:39:27,649 | INFO | ali1688_goods_monitor |    ⏳ 等待 2.2 秒后继续...
2026-04-05 07:39:29,899 | INFO | ali1688_goods_monitor | 🔍 [110/269] 获取SKU: https://detail.1688.com/offer/997795598539.html
2026-04-05 07:39:57,629 | INFO | ali1688_goods_monitor |    ✅ 获取到 3 个SKU
2026-04-05 07:39:57,629 | INFO | ali1688_goods_monitor |    ⏳ 等待 1.4 秒后继续...
2026-04-05 07:39:59,044 | INFO | ali1688_goods_monitor | 🔍 [111/269] 获取SKU: https://detail.1688.com/offer/930446969722.html
2026-04-05 07:40:27,076 | INFO | ali1688_goods_monitor |    ✅ 获取到 2 个SKU
2026-04-05 07:40:27,076 | INFO | ali1688_goods_monitor |    ⏳ 等待 1.5 秒后继续...
2026-04-05 07:40:28,601 | INFO | ali1688_goods_monitor | 🔍 [112/269] 获取SKU: https://detail.1688.com/offer/729749403422.html
2026-04-05 07:40:56,752 | INFO | ali1688_goods_monitor |    ✅ 获取到 7 个SKU
2026-04-05 07:40:56,752 | INFO | ali1688_goods_monitor |    ⏳ 等待 2.2 秒后继续...
2026-04-05 07:40:58,920 | INFO | ali1688_goods_monitor | 🔍 [113/269] 获取SKU: https://detail.1688.com/offer/1037735891255.html
2026-04-05 07:41:22,336 | ERROR | ali1688_goods_monitor |    ❌ 获取SKU失败: 
没有找到元素。
方法: ele()
参数: {'locator': 'xpath://*[@id="content"]/div[2]/div[1]/div[2]/div[1]/div[2]/div[1]/div[2]', 'index': 1, 'timeout': 10}
版本: 4.1.1.2
2026-04-05 07:41:22,336 | INFO | ali1688_goods_monitor |    ⏳ 等待 1.4 秒后继续...
2026-04-05 07:41:23,730 | INFO | ali1688_goods_monitor | 🔍 [114/269] 获取SKU: https://detail.1688.com/offer/621865712164.html
2026-04-05 07:41:51,775 | INFO | ali1688_goods_monitor |    ✅ 获取到 8 个SKU
2026-04-05 07:41:51,776 | INFO | ali1688_goods_monitor |    ⏳ 等待 1.5 秒后继续...
2026-04-05 07:41:53,233 | INFO | ali1688_goods_monitor | 🔍 [115/269] 获取SKU: https://detail.1688.com/offer/978651830599.html
2026-04-05 07:42:21,118 | INFO | ali1688_goods_monitor |    ✅ 获取到 2 个SKU
2026-04-05 07:42:21,118 | INFO | ali1688_goods_monitor |    ⏳ 等待 1.3 秒后继续...
2026-04-05 07:42:22,392 | INFO | ali1688_goods_monitor | 🔍 [116/269] 获取SKU: https://detail.1688.com/offer/991823064917.html
2026-04-05 07:42:50,432 | INFO | ali1688_goods_monitor |    ✅ 获取到 8 个SKU
2026-04-05 07:42:50,433 | INFO | ali1688_goods_monitor |    ⏳ 等待 1.6 秒后继续...
2026-04-05 07:42:52,020 | INFO | ali1688_goods_monitor | 🔍 [117/269] 获取SKU: https://detail.1688.com/offer/847990628509.html
2026-04-05 07:43:20,028 | INFO | ali1688_goods_monitor |    ✅ 获取到 7 个SKU
2026-04-05 07:43:20,028 | INFO | ali1688_goods_monitor |    ⏳ 等待 1.4 秒后继续...
2026-04-05 07:43:21,423 | INFO | ali1688_goods_monitor | 🔍 [118/269] 获取SKU: https://detail.1688.com/offer/854253039240.html
2026-04-05 07:43:49,397 | INFO | ali1688_goods_monitor |    ✅ 获取到 2 个SKU
2026-04-05 07:43:49,397 | INFO | ali1688_goods_monitor |    ⏳ 等待 1.6 秒后继续...
2026-04-05 07:43:50,961 | INFO | ali1688_goods_monitor | 🔍 [119/269] 获取SKU: https://detail.1688.com/offer/1006668462460.html
2026-04-05 07:44:18,972 | INFO | ali1688_goods_monitor |    ✅ 获取到 12 个SKU
2026-04-05 07:44:18,973 | INFO | ali1688_goods_monitor |    ⏳ 等待 2.1 秒后继续...
2026-04-05 07:44:21,071 | INFO | ali1688_goods_monitor | 🔍 [120/269] 获取SKU: https://detail.1688.com/offer/997359995216.html
2026-04-05 07:44:48,922 | INFO | ali1688_goods_monitor |    ✅ 获取到 4 个SKU
2026-04-05 07:44:48,922 | INFO | ali1688_goods_monitor |    ⏳ 等待 1.4 秒后继续...
2026-04-05 07:44:50,360 | INFO | ali1688_goods_monitor | 🔍 [121/269] 获取SKU: https://detail.1688.com/offer/924140770781.html
2026-04-05 07:45:18,337 | INFO | ali1688_goods_monitor |    ✅ 获取到 2 个SKU
2026-04-05 07:45:18,337 | INFO | ali1688_goods_monitor |    ⏳ 等待 2.4 秒后继续...
2026-04-05 07:45:20,788 | INFO | ali1688_goods_monitor | 🔍 [122/269] 获取SKU: https://detail.1688.com/offer/773383798724.html
2026-04-05 07:45:43,812 | INFO | ali1688_goods_monitor | 14：检测到滑块
2026-04-05 07:46:15,610 | INFO | ali1688_goods_monitor |    ✅ 获取到 30 个SKU
2026-04-05 07:46:15,610 | INFO | ali1688_goods_monitor |    ⏳ 等待 2.0 秒后继续...
2026-04-05 07:46:17,609 | INFO | ali1688_goods_monitor | 🔍 [123/269] 获取SKU: https://detail.1688.com/offer/811638208514.html
2026-04-05 07:46:33,293 | INFO | ali1688_goods_monitor | 14：检测到滑块
2026-04-05 07:47:15,744 | WARNING | ali1688_goods_monitor |    ⚠️ 未获取到SKU数据
2026-04-05 07:47:15,747 | INFO | ali1688_goods_monitor |    ⏳ 等待 1.8 秒后继续...
2026-04-05 07:47:17,604 | INFO | ali1688_goods_monitor | 🔍 [124/269] 获取SKU: https://detail.1688.com/offer/985998626047.html
2026-04-05 07:47:33,327 | INFO | ali1688_goods_monitor | 14：检测到滑块
2026-04-05 07:48:16,583 | WARNING | ali1688_goods_monitor |    ⚠️ 未获取到SKU数据
2026-04-05 07:48:16,587 | INFO | ali1688_goods_monitor |    ⏳ 等待 2.0 秒后继续...
2026-04-05 07:48:18,607 | INFO | ali1688_goods_monitor | 🔍 [125/269] 获取SKU: https://detail.1688.com/offer/986179889619.html
2026-04-05 07:48:34,012 | INFO | ali1688_goods_monitor | 14：检测到滑块
2026-04-05 07:49:17,955 | WARNING | ali1688_goods_monitor |    ⚠️ 未获取到SKU数据
2026-04-05 07:49:17,959 | INFO | ali1688_goods_monitor |    ⏳ 等待 1.1 秒后继续...
2026-04-05 07:49:19,044 | INFO | ali1688_goods_monitor | 🔍 [126/269] 获取SKU: https://detail.1688.com/offer/999860867159.html
2026-04-05 07:49:34,783 | INFO | ali1688_goods_monitor | 14：检测到滑块
2026-04-05 07:50:18,828 | WARNING | ali1688_goods_monitor |    ⚠️ 未获取到SKU数据
2026-04-05 07:50:18,831 | INFO | ali1688_goods_monitor |    ⏳ 等待 1.1 秒后继续...
2026-04-05 07:50:19,978 | INFO | ali1688_goods_monitor | 🔍 [127/269] 获取SKU: https://detail.1688.com/offer/915854311158.html
2026-04-05 07:50:35,624 | INFO | ali1688_goods_monitor | 14：检测到滑块
2026-04-05 07:51:17,307 | WARNING | ali1688_goods_monitor |    ⚠️ 未获取到SKU数据
2026-04-05 07:51:17,311 | INFO | ali1688_goods_monitor |    ⏳ 等待 2.5 秒后继续...
2026-04-05 07:51:19,806 | INFO | ali1688_goods_monitor | 🔍 [128/269] 获取SKU: https://detail.1688.com/offer/848195784663.html
2026-04-05 07:51:35,471 | INFO | ali1688_goods_monitor | 14：检测到滑块
2026-04-05 07:52:19,567 | WARNING | ali1688_goods_monitor |    ⚠️ 未获取到SKU数据
2026-04-05 07:52:19,570 | INFO | ali1688_goods_monitor |    ⏳ 等待 2.4 秒后继续...
2026-04-05 07:52:21,969 | INFO | ali1688_goods_monitor | 🔍 [129/269] 获取SKU: https://detail.1688.com/offer/995364912374.html
2026-04-05 07:52:37,501 | INFO | ali1688_goods_monitor | 14：检测到滑块
2026-04-05 07:53:20,762 | WARNING | ali1688_goods_monitor |    ⚠️ 未获取到SKU数据
2026-04-05 07:53:20,765 | INFO | ali1688_goods_monitor |    ⏳ 等待 1.5 秒后继续...
2026-04-05 07:53:22,318 | INFO | ali1688_goods_monitor | 🔍 [130/269] 获取SKU: https://detail.1688.com/offer/952611726643.html
2026-04-05 07:53:37,826 | INFO | ali1688_goods_monitor | 14：检测到滑块
2026-04-05 07:54:21,045 | WARNING | ali1688_goods_monitor |    ⚠️ 未获取到SKU数据
2026-04-05 07:54:21,049 | INFO | ali1688_goods_monitor |    ⏳ 等待 2.3 秒后继续...
2026-04-05 07:54:23,362 | INFO | ali1688_goods_monitor | 🔍 [131/269] 获取SKU: https://detail.1688.com/offer/991467576950.html
2026-04-05 07:54:39,094 | INFO | ali1688_goods_monitor | 14：检测到滑块
2026-04-05 07:55:20,258 | WARNING | ali1688_goods_monitor |    ⚠️ 未获取到SKU数据
2026-04-05 07:55:20,261 | INFO | ali1688_goods_monitor |    ⏳ 等待 2.4 秒后继续...
2026-04-05 07:55:22,620 | INFO | ali1688_goods_monitor | 🔍 [132/269] 获取SKU: https://detail.1688.com/offer/926941651375.html
2026-04-05 07:55:38,246 | INFO | ali1688_goods_monitor | 14：检测到滑块
2026-04-05 07:56:21,593 | WARNING | ali1688_goods_monitor |    ⚠️ 未获取到SKU数据
2026-04-05 07:56:21,597 | INFO | ali1688_goods_monitor |    ⏳ 等待 2.4 秒后继续...
2026-04-05 07:56:23,995 | INFO | ali1688_goods_monitor | 🔍 [133/269] 获取SKU: https://detail.1688.com/offer/813592780236.html
2026-04-05 07:56:51,691 | INFO | ali1688_goods_monitor |    ✅ 获取到 2 个SKU
2026-04-05 07:56:51,692 | INFO | ali1688_goods_monitor |    ⏳ 等待 2.1 秒后继续...
2026-04-05 07:56:53,776 | INFO | ali1688_goods_monitor | 🔍 [134/269] 获取SKU: https://detail.1688.com/offer/920664381969.html
2026-04-05 07:57:21,686 | INFO | ali1688_goods_monitor |    ✅ 获取到 4 个SKU
2026-04-05 07:57:21,686 | INFO | ali1688_goods_monitor |    ⏳ 等待 2.3 秒后继续...
2026-04-05 07:57:23,995 | INFO | ali1688_goods_monitor | 🔍 [135/269] 获取SKU: https://detail.1688.com/offer/675880303102.html
2026-04-05 07:57:52,078 | INFO | ali1688_goods_monitor |    ✅ 获取到 1 个SKU
2026-04-05 07:57:52,078 | INFO | ali1688_goods_monitor |    ⏳ 等待 1.9 秒后继续...
2026-04-05 07:57:54,038 | INFO | ali1688_goods_monitor | 🔍 [136/269] 获取SKU: https://detail.1688.com/offer/917143716667.html
2026-04-05 07:58:22,069 | INFO | ali1688_goods_monitor |    ✅ 获取到 4 个SKU
2026-04-05 07:58:22,069 | INFO | ali1688_goods_monitor |    ⏳ 等待 1.2 秒后继续...
2026-04-05 07:58:23,339 | INFO | ali1688_goods_monitor | 🔍 [137/269] 获取SKU: https://detail.1688.com/offer/847784309788.html
2026-04-05 07:58:51,436 | INFO | ali1688_goods_monitor |    ✅ 获取到 2 个SKU
2026-04-05 07:58:51,436 | INFO | ali1688_goods_monitor |    ⏳ 等待 1.8 秒后继续...
2026-04-05 07:58:53,205 | INFO | ali1688_goods_monitor | 🔍 [138/269] 获取SKU: https://detail.1688.com/offer/662629659424.html
2026-04-05 07:59:21,123 | INFO | ali1688_goods_monitor |    ✅ 获取到 4 个SKU
2026-04-05 07:59:21,123 | INFO | ali1688_goods_monitor |    ⏳ 等待 1.7 秒后继续...
2026-04-05 07:59:22,810 | INFO | ali1688_goods_monitor | 🔍 [139/269] 获取SKU: https://detail.1688.com/offer/855494409051.html
2026-04-05 07:59:50,988 | INFO | ali1688_goods_monitor |    ✅ 获取到 4 个SKU
2026-04-05 07:59:50,988 | INFO | ali1688_goods_monitor |    ⏳ 等待 2.4 秒后继续...
2026-04-05 07:59:53,421 | INFO | ali1688_goods_monitor | 🔍 [140/269] 获取SKU: https://detail.1688.com/offer/918745003737.html
2026-04-05 08:00:21,244 | INFO | ali1688_goods_monitor |    ✅ 获取到 6 个SKU
2026-04-05 08:00:21,244 | INFO | ali1688_goods_monitor |    ⏳ 等待 1.6 秒后继续...
2026-04-05 08:00:22,813 | INFO | ali1688_goods_monitor | 🔍 [141/269] 获取SKU: https://detail.1688.com/offer/778105306124.html
2026-04-05 08:00:50,623 | INFO | ali1688_goods_monitor |    ✅ 获取到 2 个SKU
2026-04-05 08:00:50,623 | INFO | ali1688_goods_monitor |    ⏳ 等待 1.5 秒后继续...
2026-04-05 08:00:52,136 | INFO | ali1688_goods_monitor | 🔍 [142/269] 获取SKU: https://detail.1688.com/offer/833863806015.html
2026-04-05 08:01:20,078 | INFO | ali1688_goods_monitor |    ✅ 获取到 5 个SKU
2026-04-05 08:01:20,078 | INFO | ali1688_goods_monitor |    ⏳ 等待 1.8 秒后继续...
2026-04-05 08:01:21,916 | INFO | ali1688_goods_monitor | 🔍 [143/269] 获取SKU: https://detail.1688.com/offer/903214944988.html
2026-04-05 08:01:49,936 | INFO | ali1688_goods_monitor |    ✅ 获取到 1 个SKU
2026-04-05 08:01:49,936 | INFO | ali1688_goods_monitor |    ⏳ 等待 1.6 秒后继续...
2026-04-05 08:01:51,520 | INFO | ali1688_goods_monitor | 🔍 [144/269] 获取SKU: https://detail.1688.com/offer/973730524327.html
2026-04-05 08:02:19,664 | INFO | ali1688_goods_monitor |    ✅ 获取到 13 个SKU
2026-04-05 08:02:19,664 | INFO | ali1688_goods_monitor |    ⏳ 等待 1.9 秒后继续...
2026-04-05 08:02:21,555 | INFO | ali1688_goods_monitor | 🔍 [145/269] 获取SKU: https://detail.1688.com/offer/983142383790.html
2026-04-05 08:02:35,901 | WARNING | ali1688_goods_monitor |    ⚠️ 未获取到SKU数据
2026-04-05 08:02:35,904 | INFO | ali1688_goods_monitor |    ⏳ 等待 1.1 秒后继续...
2026-04-05 08:02:36,971 | INFO | ali1688_goods_monitor | 🔍 [146/269] 获取SKU: https://detail.1688.com/offer/796066732390.html
2026-04-05 08:03:04,959 | INFO | ali1688_goods_monitor |    ✅ 获取到 6 个SKU
2026-04-05 08:03:04,959 | INFO | ali1688_goods_monitor |    ⏳ 等待 1.8 秒后继续...
2026-04-05 08:03:06,753 | INFO | ali1688_goods_monitor | 🔍 [147/269] 获取SKU: https://detail.1688.com/offer/1039821084728.html
2026-04-05 08:03:34,533 | INFO | ali1688_goods_monitor |    ✅ 获取到 1 个SKU
2026-04-05 08:03:34,534 | INFO | ali1688_goods_monitor |    ⏳ 等待 2.3 秒后继续...
2026-04-05 08:03:36,818 | INFO | ali1688_goods_monitor | 🔍 [148/269] 获取SKU: https://detail.1688.com/offer/1000261330427.html
2026-04-05 08:04:04,749 | INFO | ali1688_goods_monitor |    ✅ 获取到 1 个SKU
2026-04-05 08:04:04,749 | INFO | ali1688_goods_monitor |    ⏳ 等待 1.3 秒后继续...
2026-04-05 08:04:06,069 | INFO | ali1688_goods_monitor | 🔍 [149/269] 获取SKU: https://detail.1688.com/offer/968025059447.html
2026-04-05 08:04:33,782 | INFO | ali1688_goods_monitor |    ✅ 获取到 6 个SKU
2026-04-05 08:04:33,782 | INFO | ali1688_goods_monitor |    ⏳ 等待 1.2 秒后继续...
2026-04-05 08:04:34,965 | INFO | ali1688_goods_monitor | 🔍 [150/269] 获取SKU: https://detail.1688.com/offer/1001253412551.html
2026-04-05 08:05:03,015 | INFO | ali1688_goods_monitor |    ✅ 获取到 7 个SKU
2026-04-05 08:05:03,015 | INFO | ali1688_goods_monitor |    ⏳ 等待 1.6 秒后继续...
2026-04-05 08:05:04,621 | INFO | ali1688_goods_monitor | 🔍 [151/269] 获取SKU: https://detail.1688.com/offer/909894706445.html
2026-04-05 08:05:29,150 | INFO | ali1688_goods_monitor | 14：检测到滑块
2026-04-05 08:06:01,728 | INFO | ali1688_goods_monitor |    ✅ 获取到 34 个SKU
2026-04-05 08:06:01,728 | INFO | ali1688_goods_monitor |    ⏳ 等待 2.1 秒后继续...
2026-04-05 08:06:03,855 | INFO | ali1688_goods_monitor | 🔍 [152/269] 获取SKU: https://detail.1688.com/offer/990374779412.html
2026-04-05 08:06:19,668 | INFO | ali1688_goods_monitor | 14：检测到滑块
2026-04-05 08:07:02,935 | WARNING | ali1688_goods_monitor |    ⚠️ 未获取到SKU数据
2026-04-05 08:07:02,938 | INFO | ali1688_goods_monitor |    ⏳ 等待 2.1 秒后继续...
2026-04-05 08:07:05,015 | INFO | ali1688_goods_monitor | 🔍 [153/269] 获取SKU: https://detail.1688.com/offer/969889694254.html
2026-04-05 08:07:20,788 | INFO | ali1688_goods_monitor | 14：检测到滑块
2026-04-05 08:08:03,324 | WARNING | ali1688_goods_monitor |    ⚠️ 未获取到SKU数据
2026-04-05 08:08:03,327 | INFO | ali1688_goods_monitor |    ⏳ 等待 1.6 秒后继续...
2026-04-05 08:08:04,921 | INFO | ali1688_goods_monitor | 🔍 [154/269] 获取SKU: https://detail.1688.com/offer/854773109889.html
2026-04-05 08:08:20,398 | INFO | ali1688_goods_monitor | 14：检测到滑块
2026-04-05 08:09:03,720 | WARNING | ali1688_goods_monitor |    ⚠️ 未获取到SKU数据
2026-04-05 08:09:03,723 | INFO | ali1688_goods_monitor |    ⏳ 等待 2.3 秒后继续...
2026-04-05 08:09:05,998 | INFO | ali1688_goods_monitor | 🔍 [155/269] 获取SKU: https://detail.1688.com/offer/678640196785.html
2026-04-05 08:09:21,735 | INFO | ali1688_goods_monitor | 14：检测到滑块
2026-04-05 08:10:04,199 | WARNING | ali1688_goods_monitor |    ⚠️ 未获取到SKU数据
2026-04-05 08:10:04,203 | INFO | ali1688_goods_monitor |    ⏳ 等待 1.1 秒后继续...
2026-04-05 08:10:05,294 | INFO | ali1688_goods_monitor | 🔍 [156/269] 获取SKU: https://detail.1688.com/offer/695065852792.html
2026-04-05 08:10:20,752 | INFO | ali1688_goods_monitor | 14：检测到滑块
2026-04-05 08:11:02,327 | WARNING | ali1688_goods_monitor |    ⚠️ 未获取到SKU数据
2026-04-05 08:11:02,330 | INFO | ali1688_goods_monitor |    ⏳ 等待 1.8 秒后继续...
2026-04-05 08:11:04,120 | INFO | ali1688_goods_monitor | 🔍 [157/269] 获取SKU: https://detail.1688.com/offer/997742353743.html
2026-04-05 08:11:19,535 | INFO | ali1688_goods_monitor | 14：检测到滑块
2026-04-05 08:12:01,073 | WARNING | ali1688_goods_monitor |    ⚠️ 未获取到SKU数据
2026-04-05 08:12:01,076 | INFO | ali1688_goods_monitor |    ⏳ 等待 2.1 秒后继续...
2026-04-05 08:12:03,190 | INFO | ali1688_goods_monitor | 🔍 [158/269] 获取SKU: https://detail.1688.com/offer/818121391220.html
2026-04-05 08:12:18,912 | INFO | ali1688_goods_monitor | 14：检测到滑块
2026-04-05 08:13:02,189 | WARNING | ali1688_goods_monitor |    ⚠️ 未获取到SKU数据
2026-04-05 08:13:02,192 | INFO | ali1688_goods_monitor |    ⏳ 等待 1.7 秒后继续...
2026-04-05 08:13:03,878 | INFO | ali1688_goods_monitor | 🔍 [159/269] 获取SKU: https://detail.1688.com/offer/939201456076.html
2026-04-05 08:13:19,440 | INFO | ali1688_goods_monitor | 14：检测到滑块
2026-04-05 08:14:01,935 | WARNING | ali1688_goods_monitor |    ⚠️ 未获取到SKU数据
2026-04-05 08:14:01,937 | INFO | ali1688_goods_monitor |    ⏳ 等待 1.8 秒后继续...
2026-04-05 08:14:03,710 | INFO | ali1688_goods_monitor | 🔍 [160/269] 获取SKU: https://detail.1688.com/offer/955211708273.html
2026-04-05 08:14:19,551 | INFO | ali1688_goods_monitor | 14：检测到滑块
2026-04-05 08:15:03,013 | WARNING | ali1688_goods_monitor |    ⚠️ 未获取到SKU数据
2026-04-05 08:15:03,016 | INFO | ali1688_goods_monitor |    ⏳ 等待 1.2 秒后继续...
2026-04-05 08:15:04,277 | INFO | ali1688_goods_monitor | 🔍 [161/269] 获取SKU: https://detail.1688.com/offer/854420062122.html
2026-04-05 08:15:19,893 | INFO | ali1688_goods_monitor | 14：检测到滑块
2026-04-05 08:16:03,324 | WARNING | ali1688_goods_monitor |    ⚠️ 未获取到SKU数据
2026-04-05 08:16:03,327 | INFO | ali1688_goods_monitor |    ⏳ 等待 1.1 秒后继续...
2026-04-05 08:16:04,486 | INFO | ali1688_goods_monitor | 🔍 [162/269] 获取SKU: https://detail.1688.com/offer/834236928026.html
2026-04-05 08:16:32,666 | INFO | ali1688_goods_monitor |    ✅ 获取到 1 个SKU
2026-04-05 08:16:32,666 | INFO | ali1688_goods_monitor |    ⏳ 等待 2.2 秒后继续...
2026-04-05 08:16:34,866 | INFO | ali1688_goods_monitor | 🔍 [163/269] 获取SKU: https://detail.1688.com/offer/626387346293.html
2026-04-05 08:17:03,020 | INFO | ali1688_goods_monitor |    ✅ 获取到 3 个SKU
2026-04-05 08:17:03,020 | INFO | ali1688_goods_monitor |    ⏳ 等待 1.2 秒后继续...
2026-04-05 08:17:04,200 | INFO | ali1688_goods_monitor | 🔍 [164/269] 获取SKU: https://detail.1688.com/offer/847713406081.html
2026-04-05 08:17:32,381 | INFO | ali1688_goods_monitor |    ✅ 获取到 1 个SKU
2026-04-05 08:17:32,382 | INFO | ali1688_goods_monitor |    ⏳ 等待 1.3 秒后继续...
2026-04-05 08:17:33,705 | INFO | ali1688_goods_monitor | 🔍 [165/269] 获取SKU: https://detail.1688.com/offer/984336119328.html
2026-04-05 08:18:01,469 | INFO | ali1688_goods_monitor |    ✅ 获取到 3 个SKU
2026-04-05 08:18:01,470 | INFO | ali1688_goods_monitor |    ⏳ 等待 1.8 秒后继续...
2026-04-05 08:18:03,304 | INFO | ali1688_goods_monitor | 🔍 [166/269] 获取SKU: https://detail.1688.com/offer/985101359570.html
2026-04-05 08:18:31,115 | INFO | ali1688_goods_monitor |    ✅ 获取到 4 个SKU
2026-04-05 08:18:31,115 | INFO | ali1688_goods_monitor |    ⏳ 等待 1.1 秒后继续...
2026-04-05 08:18:32,228 | INFO | ali1688_goods_monitor | 🔍 [167/269] 获取SKU: https://detail.1688.com/offer/709904411964.html
2026-04-05 08:19:00,703 | INFO | ali1688_goods_monitor |    ✅ 获取到 26 个SKU
2026-04-05 08:19:00,703 | INFO | ali1688_goods_monitor |    ⏳ 等待 1.1 秒后继续...
2026-04-05 08:19:01,853 | INFO | ali1688_goods_monitor | 🔍 [168/269] 获取SKU: https://detail.1688.com/offer/847979472849.html
2026-04-05 08:19:29,743 | INFO | ali1688_goods_monitor |    ✅ 获取到 1 个SKU
2026-04-05 08:19:29,743 | INFO | ali1688_goods_monitor |    ⏳ 等待 1.8 秒后继续...
2026-04-05 08:19:31,513 | INFO | ali1688_goods_monitor | 🔍 [169/269] 获取SKU: https://detail.1688.com/offer/900592605428.html
2026-04-05 08:19:59,538 | INFO | ali1688_goods_monitor |    ✅ 获取到 6 个SKU
2026-04-05 08:19:59,539 | INFO | ali1688_goods_monitor |    ⏳ 等待 1.6 秒后继续...
2026-04-05 08:20:01,154 | INFO | ali1688_goods_monitor | 🔍 [170/269] 获取SKU: https://detail.1688.com/offer/716733322460.html
2026-04-05 08:20:29,293 | INFO | ali1688_goods_monitor |    ✅ 获取到 8 个SKU
2026-04-05 08:20:29,293 | INFO | ali1688_goods_monitor |    ⏳ 等待 2.2 秒后继续...
2026-04-05 08:20:31,478 | INFO | ali1688_goods_monitor | 🔍 [171/269] 获取SKU: https://detail.1688.com/offer/985879832920.html
2026-04-05 08:20:59,778 | INFO | ali1688_goods_monitor |    ✅ 获取到 4 个SKU
2026-04-05 08:20:59,778 | INFO | ali1688_goods_monitor |    ⏳ 等待 1.7 秒后继续...
2026-04-05 08:21:01,516 | INFO | ali1688_goods_monitor | 🔍 [172/269] 获取SKU: https://detail.1688.com/offer/653871136084.html
2026-04-05 08:21:29,467 | INFO | ali1688_goods_monitor |    ✅ 获取到 4 个SKU
2026-04-05 08:21:29,467 | INFO | ali1688_goods_monitor |    ⏳ 等待 1.6 秒后继续...
2026-04-05 08:21:31,097 | INFO | ali1688_goods_monitor | 🔍 [173/269] 获取SKU: https://detail.1688.com/offer/848295933948.html
2026-04-05 08:21:59,308 | INFO | ali1688_goods_monitor |    ✅ 获取到 12 个SKU
2026-04-05 08:21:59,308 | INFO | ali1688_goods_monitor |    ⏳ 等待 2.3 秒后继续...
2026-04-05 08:22:01,596 | INFO | ali1688_goods_monitor | 🔍 [174/269] 获取SKU: https://detail.1688.com/offer/906941705446.html
2026-04-05 08:22:29,775 | INFO | ali1688_goods_monitor |    ✅ 获取到 2 个SKU
2026-04-05 08:22:29,775 | INFO | ali1688_goods_monitor |    ⏳ 等待 2.0 秒后继续...
2026-04-05 08:22:31,781 | INFO | ali1688_goods_monitor | 🔍 [175/269] 获取SKU: https://detail.1688.com/offer/668301084321.html
2026-04-05 08:22:59,805 | INFO | ali1688_goods_monitor |    ✅ 获取到 3 个SKU
2026-04-05 08:22:59,806 | INFO | ali1688_goods_monitor |    ⏳ 等待 1.1 秒后继续...
2026-04-05 08:23:00,869 | INFO | ali1688_goods_monitor | 🔍 [176/269] 获取SKU: https://detail.1688.com/offer/676772683627.html
2026-04-05 08:23:28,795 | INFO | ali1688_goods_monitor |    ✅ 获取到 3 个SKU
2026-04-05 08:23:28,795 | INFO | ali1688_goods_monitor |    ⏳ 等待 1.9 秒后继续...
2026-04-05 08:23:30,737 | INFO | ali1688_goods_monitor | 🔍 [177/269] 获取SKU: https://detail.1688.com/offer/987237412445.html
2026-04-05 08:23:58,930 | INFO | ali1688_goods_monitor |    ✅ 获取到 20 个SKU
2026-04-05 08:23:58,930 | INFO | ali1688_goods_monitor |    ⏳ 等待 2.0 秒后继续...
2026-04-05 08:24:00,984 | INFO | ali1688_goods_monitor | 🔍 [178/269] 获取SKU: https://detail.1688.com/offer/992713938362.html
2026-04-05 08:24:29,024 | INFO | ali1688_goods_monitor |    ✅ 获取到 4 个SKU
2026-04-05 08:24:29,025 | INFO | ali1688_goods_monitor |    ⏳ 等待 1.1 秒后继续...
2026-04-05 08:24:30,177 | INFO | ali1688_goods_monitor | 🔍 [179/269] 获取SKU: https://detail.1688.com/offer/686348979544.html
2026-04-05 08:24:44,364 | WARNING | ali1688_goods_monitor |    ⚠️ 未获取到SKU数据
2026-04-05 08:24:44,370 | INFO | ali1688_goods_monitor |    ⏳ 等待 2.4 秒后继续...
2026-04-05 08:24:46,784 | INFO | ali1688_goods_monitor | 🔍 [180/269] 获取SKU: https://detail.1688.com/offer/661664097697.html
2026-04-05 08:25:14,573 | INFO | ali1688_goods_monitor |    ✅ 获取到 4 个SKU
2026-04-05 08:25:14,573 | INFO | ali1688_goods_monitor |    ⏳ 等待 1.1 秒后继续...
2026-04-05 08:25:15,665 | INFO | ali1688_goods_monitor | 🔍 [181/269] 获取SKU: https://detail.1688.com/offer/672751050822.html
2026-04-05 08:25:43,711 | INFO | ali1688_goods_monitor |    ✅ 获取到 3 个SKU
2026-04-05 08:25:43,711 | INFO | ali1688_goods_monitor |    ⏳ 等待 1.3 秒后继续...
2026-04-05 08:25:44,972 | INFO | ali1688_goods_monitor | 🔍 [182/269] 获取SKU: https://detail.1688.com/offer/946133528766.html
2026-04-05 08:26:12,830 | INFO | ali1688_goods_monitor |    ✅ 获取到 4 个SKU
2026-04-05 08:26:12,830 | INFO | ali1688_goods_monitor |    ⏳ 等待 2.2 秒后继续...
2026-04-05 08:26:15,077 | INFO | ali1688_goods_monitor | 🔍 [183/269] 获取SKU: https://detail.1688.com/offer/678110916347.html
2026-04-05 08:26:43,254 | INFO | ali1688_goods_monitor |    ✅ 获取到 9 个SKU
2026-04-05 08:26:43,254 | INFO | ali1688_goods_monitor |    ⏳ 等待 2.2 秒后继续...
2026-04-05 08:26:45,467 | INFO | ali1688_goods_monitor | 🔍 [184/269] 获取SKU: https://detail.1688.com/offer/951586784136.html
2026-04-05 08:27:04,380 | INFO | ali1688_goods_monitor | 14：检测到滑块
2026-04-05 08:27:37,825 | INFO | ali1688_goods_monitor |    ✅ 获取到 34 个SKU
2026-04-05 08:27:37,825 | INFO | ali1688_goods_monitor |    ⏳ 等待 1.4 秒后继续...
2026-04-05 08:27:39,198 | INFO | ali1688_goods_monitor | 🔍 [185/269] 获取SKU: https://detail.1688.com/offer/987732400816.html
2026-04-05 08:27:55,221 | INFO | ali1688_goods_monitor | 14：检测到滑块
2026-04-05 08:28:35,939 | WARNING | ali1688_goods_monitor |    ⚠️ 未获取到SKU数据
2026-04-05 08:28:35,943 | INFO | ali1688_goods_monitor |    ⏳ 等待 2.4 秒后继续...
2026-04-05 08:28:38,368 | INFO | ali1688_goods_monitor | 🔍 [186/269] 获取SKU: https://detail.1688.com/offer/661514670948.html
2026-04-05 08:28:54,221 | INFO | ali1688_goods_monitor | 14：检测到滑块
2026-04-05 08:29:38,401 | WARNING | ali1688_goods_monitor |    ⚠️ 未获取到SKU数据
2026-04-05 08:29:38,405 | INFO | ali1688_goods_monitor |    ⏳ 等待 1.6 秒后继续...
2026-04-05 08:29:40,055 | INFO | ali1688_goods_monitor | 🔍 [187/269] 获取SKU: https://detail.1688.com/offer/975402784788.html
2026-04-05 08:30:03,320 | ERROR | ali1688_goods_monitor |    ❌ 获取SKU失败: 
没有找到元素。
方法: ele()
参数: {'locator': 'xpath://*[@id="content"]/div[2]/div[1]/div[2]/div[1]/div[2]/div[1]/div[2]', 'index': 1, 'timeout': 10}
版本: 4.1.1.2
2026-04-05 08:30:03,323 | INFO | ali1688_goods_monitor |    ⏳ 等待 2.4 秒后继续...
2026-04-05 08:30:05,701 | INFO | ali1688_goods_monitor | 🔍 [188/269] 获取SKU: https://detail.1688.com/offer/903149142386.html
2026-04-05 08:30:21,376 | INFO | ali1688_goods_monitor | 14：检测到滑块
2026-04-05 08:31:02,414 | WARNING | ali1688_goods_monitor |    ⚠️ 未获取到SKU数据
2026-04-05 08:31:02,418 | INFO | ali1688_goods_monitor |    ⏳ 等待 2.0 秒后继续...
2026-04-05 08:31:04,471 | INFO | ali1688_goods_monitor | 🔍 [189/269] 获取SKU: https://detail.1688.com/offer/972523284067.html
2026-04-05 08:31:20,370 | INFO | ali1688_goods_monitor | 14：检测到滑块
2026-04-05 08:32:03,624 | WARNING | ali1688_goods_monitor |    ⚠️ 未获取到SKU数据
2026-04-05 08:32:03,627 | INFO | ali1688_goods_monitor |    ⏳ 等待 1.6 秒后继续...
2026-04-05 08:32:05,207 | INFO | ali1688_goods_monitor | 🔍 [190/269] 获取SKU: https://detail.1688.com/offer/991759687233.html
2026-04-05 08:32:20,623 | INFO | ali1688_goods_monitor | 14：检测到滑块
2026-04-05 08:33:02,953 | WARNING | ali1688_goods_monitor |    ⚠️ 未获取到SKU数据
2026-04-05 08:33:02,956 | INFO | ali1688_goods_monitor |    ⏳ 等待 1.2 秒后继续...
2026-04-05 08:33:04,174 | INFO | ali1688_goods_monitor | 🔍 [191/269] 获取SKU: https://detail.1688.com/offer/847713406078.html
2026-04-05 08:33:19,693 | INFO | ali1688_goods_monitor | 14：检测到滑块
2026-04-05 08:34:02,026 | WARNING | ali1688_goods_monitor |    ⚠️ 未获取到SKU数据
2026-04-05 08:34:02,029 | INFO | ali1688_goods_monitor |    ⏳ 等待 2.0 秒后继续...
2026-04-05 08:34:03,998 | INFO | ali1688_goods_monitor | 🔍 [192/269] 获取SKU: https://detail.1688.com/offer/724154127228.html
2026-04-05 08:34:19,644 | INFO | ali1688_goods_monitor | 14：检测到滑块
2026-04-05 08:35:02,817 | WARNING | ali1688_goods_monitor |    ⚠️ 未获取到SKU数据
2026-04-05 08:35:02,819 | INFO | ali1688_goods_monitor |    ⏳ 等待 1.9 秒后继续...
2026-04-05 08:35:04,705 | INFO | ali1688_goods_monitor | 🔍 [193/269] 获取SKU: https://detail.1688.com/offer/675557812438.html
2026-04-05 08:35:20,430 | INFO | ali1688_goods_monitor | 14：检测到滑块
2026-04-05 08:36:03,583 | WARNING | ali1688_goods_monitor |    ⚠️ 未获取到SKU数据
2026-04-05 08:36:03,586 | INFO | ali1688_goods_monitor |    ⏳ 等待 1.3 秒后继续...
2026-04-05 08:36:04,916 | INFO | ali1688_goods_monitor | 🔍 [194/269] 获取SKU: https://detail.1688.com/offer/998016077358.html
2026-04-05 08:36:20,302 | INFO | ali1688_goods_monitor | 14：检测到滑块
2026-04-05 08:37:01,849 | WARNING | ali1688_goods_monitor |    ⚠️ 未获取到SKU数据
2026-04-05 08:37:01,853 | INFO | ali1688_goods_monitor |    ⏳ 等待 1.4 秒后继续...
2026-04-05 08:37:03,248 | INFO | ali1688_goods_monitor | 🔍 [195/269] 获取SKU: https://detail.1688.com/offer/942621028118.html
2026-04-05 08:37:31,794 | INFO | ali1688_goods_monitor |    ✅ 获取到 20 个SKU
2026-04-05 08:37:31,794 | INFO | ali1688_goods_monitor |    ⏳ 等待 1.2 秒后继续...
2026-04-05 08:37:32,980 | INFO | ali1688_goods_monitor | 🔍 [196/269] 获取SKU: https://detail.1688.com/offer/990976789985.html
2026-04-05 08:37:48,522 | INFO | ali1688_goods_monitor | 14：检测到滑块
2026-04-05 08:38:21,674 | INFO | ali1688_goods_monitor |    ✅ 获取到 16 个SKU
2026-04-05 08:38:21,674 | INFO | ali1688_goods_monitor |    ⏳ 等待 1.9 秒后继续...
2026-04-05 08:38:23,536 | INFO | ali1688_goods_monitor | 🔍 [197/269] 获取SKU: https://detail.1688.com/offer/646729482472.html
2026-04-05 08:38:39,162 | INFO | ali1688_goods_monitor | 14：检测到滑块
2026-04-05 08:39:22,446 | WARNING | ali1688_goods_monitor |    ⚠️ 未获取到SKU数据
2026-04-05 08:39:22,450 | INFO | ali1688_goods_monitor |    ⏳ 等待 1.3 秒后继续...
2026-04-05 08:39:23,790 | INFO | ali1688_goods_monitor | 🔍 [198/269] 获取SKU: https://detail.1688.com/offer/990260832462.html
2026-04-05 08:39:39,177 | INFO | ali1688_goods_monitor | 14：检测到滑块
2026-04-05 08:40:23,216 | WARNING | ali1688_goods_monitor |    ⚠️ 未获取到SKU数据
2026-04-05 08:40:23,219 | INFO | ali1688_goods_monitor |    ⏳ 等待 1.2 秒后继续...
2026-04-05 08:40:24,430 | INFO | ali1688_goods_monitor | 🔍 [199/269] 获取SKU: https://detail.1688.com/offer/992882388093.html
2026-04-05 08:40:39,854 | INFO | ali1688_goods_monitor | 14：检测到滑块
2026-04-05 08:41:21,330 | WARNING | ali1688_goods_monitor |    ⚠️ 未获取到SKU数据
2026-04-05 08:41:21,335 | INFO | ali1688_goods_monitor |    ⏳ 等待 2.0 秒后继续...
2026-04-05 08:41:23,363 | INFO | ali1688_goods_monitor | 🔍 [200/269] 获取SKU: https://detail.1688.com/offer/858770936676.html
2026-04-05 08:41:38,736 | INFO | ali1688_goods_monitor | 14：检测到滑块
2026-04-05 08:42:21,087 | WARNING | ali1688_goods_monitor |    ⚠️ 未获取到SKU数据
2026-04-05 08:42:21,090 | INFO | ali1688_goods_monitor |    ⏳ 等待 1.7 秒后继续...
2026-04-05 08:42:22,807 | INFO | ali1688_goods_monitor | 🔍 [201/269] 获取SKU: https://detail.1688.com/offer/683872677220.html
2026-04-05 08:42:38,385 | INFO | ali1688_goods_monitor | 14：检测到滑块
2026-04-05 08:43:20,865 | WARNING | ali1688_goods_monitor |    ⚠️ 未获取到SKU数据
2026-04-05 08:43:20,869 | INFO | ali1688_goods_monitor |    ⏳ 等待 1.8 秒后继续...
2026-04-05 08:43:22,715 | INFO | ali1688_goods_monitor | 🔍 [202/269] 获取SKU: https://detail.1688.com/offer/854168645121.html
2026-04-05 08:43:38,435 | INFO | ali1688_goods_monitor | 14：检测到滑块
2026-04-05 08:44:21,752 | WARNING | ali1688_goods_monitor |    ⚠️ 未获取到SKU数据
2026-04-05 08:44:21,756 | INFO | ali1688_goods_monitor |    ⏳ 等待 2.1 秒后继续...
2026-04-05 08:44:23,887 | INFO | ali1688_goods_monitor | 🔍 [203/269] 获取SKU: https://detail.1688.com/offer/670793076081.html
2026-04-05 08:44:39,673 | INFO | ali1688_goods_monitor | 14：检测到滑块
2026-04-05 08:45:24,857 | WARNING | ali1688_goods_monitor |    ⚠️ 未获取到SKU数据
2026-04-05 08:45:24,861 | INFO | ali1688_goods_monitor |    ⏳ 等待 1.4 秒后继续...
2026-04-05 08:45:26,280 | INFO | ali1688_goods_monitor | 🔍 [204/269] 获取SKU: https://detail.1688.com/offer/994715362159.html
2026-04-05 08:45:42,062 | INFO | ali1688_goods_monitor | 14：检测到滑块
2026-04-05 08:46:23,756 | WARNING | ali1688_goods_monitor |    ⚠️ 未获取到SKU数据
2026-04-05 08:46:23,758 | INFO | ali1688_goods_monitor |    ⏳ 等待 1.4 秒后继续...
2026-04-05 08:46:25,192 | INFO | ali1688_goods_monitor | 🔍 [205/269] 获取SKU: https://detail.1688.com/offer/538297571141.html
2026-04-05 08:46:40,689 | INFO | ali1688_goods_monitor | 14：检测到滑块
2026-04-05 08:47:24,850 | WARNING | ali1688_goods_monitor |    ⚠️ 未获取到SKU数据
2026-04-05 08:47:24,853 | INFO | ali1688_goods_monitor |    ⏳ 等待 1.5 秒后继续...
2026-04-05 08:47:26,313 | INFO | ali1688_goods_monitor | 🔍 [206/269] 获取SKU: https://detail.1688.com/offer/917025701974.html
2026-04-05 08:47:41,989 | INFO | ali1688_goods_monitor | 14：检测到滑块
2026-04-05 08:48:26,111 | WARNING | ali1688_goods_monitor |    ⚠️ 未获取到SKU数据
2026-04-05 08:48:26,115 | INFO | ali1688_goods_monitor |    ⏳ 等待 1.3 秒后继续...
2026-04-05 08:48:27,433 | INFO | ali1688_goods_monitor | 🔍 [207/269] 获取SKU: https://detail.1688.com/offer/1027381048230.html
2026-04-05 08:48:50,855 | INFO | ali1688_goods_monitor | 14：检测到滑块
2026-04-05 08:49:23,656 | INFO | ali1688_goods_monitor |    ✅ 获取到 36 个SKU
2026-04-05 08:49:23,658 | INFO | ali1688_goods_monitor |    ⏳ 等待 2.1 秒后继续...
2026-04-05 08:49:25,773 | INFO | ali1688_goods_monitor | 🔍 [208/269] 获取SKU: https://detail.1688.com/offer/969387993044.html
2026-04-05 08:49:41,350 | INFO | ali1688_goods_monitor | 14：检测到滑块
2026-04-05 08:50:24,761 | WARNING | ali1688_goods_monitor |    ⚠️ 未获取到SKU数据
2026-04-05 08:50:24,764 | INFO | ali1688_goods_monitor |    ⏳ 等待 2.0 秒后继续...
2026-04-05 08:50:26,812 | INFO | ali1688_goods_monitor | 🔍 [209/269] 获取SKU: https://detail.1688.com/offer/848415574468.html
2026-04-05 08:50:42,460 | INFO | ali1688_goods_monitor | 14：检测到滑块
2026-04-05 08:51:25,829 | WARNING | ali1688_goods_monitor |    ⚠️ 未获取到SKU数据
2026-04-05 08:51:25,833 | INFO | ali1688_goods_monitor |    ⏳ 等待 2.2 秒后继续...
2026-04-05 08:51:28,027 | INFO | ali1688_goods_monitor | 🔍 [210/269] 获取SKU: https://detail.1688.com/offer/895042686618.html
2026-04-05 08:51:43,579 | INFO | ali1688_goods_monitor | 14：检测到滑块
2026-04-05 08:52:26,949 | WARNING | ali1688_goods_monitor |    ⚠️ 未获取到SKU数据
2026-04-05 08:52:26,952 | INFO | ali1688_goods_monitor |    ⏳ 等待 2.2 秒后继续...
2026-04-05 08:52:29,172 | INFO | ali1688_goods_monitor | 🔍 [211/269] 获取SKU: https://detail.1688.com/offer/1031769907868.html
2026-04-05 08:52:44,819 | INFO | ali1688_goods_monitor | 14：检测到滑块
2026-04-05 08:53:27,171 | WARNING | ali1688_goods_monitor |    ⚠️ 未获取到SKU数据
2026-04-05 08:53:27,175 | INFO | ali1688_goods_monitor |    ⏳ 等待 2.4 秒后继续...
2026-04-05 08:53:29,582 | INFO | ali1688_goods_monitor | 🔍 [212/269] 获取SKU: https://detail.1688.com/offer/978968804889.html
2026-04-05 08:53:45,067 | INFO | ali1688_goods_monitor | 14：检测到滑块
2026-04-05 08:54:28,385 | WARNING | ali1688_goods_monitor |    ⚠️ 未获取到SKU数据
2026-04-05 08:54:28,388 | INFO | ali1688_goods_monitor |    ⏳ 等待 1.5 秒后继续...
2026-04-05 08:54:29,919 | INFO | ali1688_goods_monitor | 🔍 [213/269] 获取SKU: https://detail.1688.com/offer/986633373239.html
2026-04-05 08:54:45,561 | INFO | ali1688_goods_monitor | 14：检测到滑块
2026-04-05 08:55:27,189 | WARNING | ali1688_goods_monitor |    ⚠️ 未获取到SKU数据
2026-04-05 08:55:27,191 | INFO | ali1688_goods_monitor |    ⏳ 等待 1.5 秒后继续...
2026-04-05 08:55:28,728 | INFO | ali1688_goods_monitor | 🔍 [214/269] 获取SKU: https://detail.1688.com/offer/900563388108.html
2026-04-05 08:55:44,182 | INFO | ali1688_goods_monitor | 14：检测到滑块
2026-04-05 08:56:27,566 | WARNING | ali1688_goods_monitor |    ⚠️ 未获取到SKU数据
2026-04-05 08:56:27,569 | INFO | ali1688_goods_monitor |    ⏳ 等待 1.2 秒后继续...
2026-04-05 08:56:28,795 | INFO | ali1688_goods_monitor | 🔍 [215/269] 获取SKU: https://detail.1688.com/offer/910382293640.html
2026-04-05 08:56:44,517 | INFO | ali1688_goods_monitor | 14：检测到滑块
2026-04-05 08:57:26,581 | WARNING | ali1688_goods_monitor |    ⚠️ 未获取到SKU数据
2026-04-05 08:57:26,585 | INFO | ali1688_goods_monitor |    ⏳ 等待 2.0 秒后继续...
2026-04-05 08:57:28,640 | INFO | ali1688_goods_monitor | 🔍 [216/269] 获取SKU: https://detail.1688.com/offer/734736330484.html
2026-04-05 08:57:44,396 | INFO | ali1688_goods_monitor | 14：检测到滑块
2026-04-05 08:58:27,974 | WARNING | ali1688_goods_monitor |    ⚠️ 未获取到SKU数据
2026-04-05 08:58:27,977 | INFO | ali1688_goods_monitor |    ⏳ 等待 2.2 秒后继续...
2026-04-05 08:58:30,163 | INFO | ali1688_goods_monitor | 🔍 [217/269] 获取SKU: https://detail.1688.com/offer/1028239295024.html
2026-04-05 08:58:45,560 | INFO | ali1688_goods_monitor | 14：检测到滑块
2026-04-05 08:59:27,939 | WARNING | ali1688_goods_monitor |    ⚠️ 未获取到SKU数据
2026-04-05 08:59:27,942 | INFO | ali1688_goods_monitor |    ⏳ 等待 1.4 秒后继续...
2026-04-05 08:59:29,369 | INFO | ali1688_goods_monitor | 🔍 [218/269] 获取SKU: https://detail.1688.com/offer/757454263904.html
2026-04-05 08:59:57,670 | INFO | ali1688_goods_monitor |    ✅ 获取到 1 个SKU
2026-04-05 08:59:57,670 | INFO | ali1688_goods_monitor |    ⏳ 等待 1.6 秒后继续...
2026-04-05 08:59:59,229 | INFO | ali1688_goods_monitor | 🔍 [219/269] 获取SKU: https://detail.1688.com/offer/1033404841463.html
2026-04-05 09:00:27,155 | INFO | ali1688_goods_monitor |    ✅ 获取到 4 个SKU
2026-04-05 09:00:27,155 | INFO | ali1688_goods_monitor |    ⏳ 等待 2.2 秒后继续...
2026-04-05 09:00:29,326 | INFO | ali1688_goods_monitor | 🔍 [220/269] 获取SKU: https://detail.1688.com/offer/992863648563.html
2026-04-05 09:00:57,386 | INFO | ali1688_goods_monitor |    ✅ 获取到 11 个SKU
2026-04-05 09:00:57,387 | INFO | ali1688_goods_monitor |    ⏳ 等待 1.2 秒后继续...
2026-04-05 09:00:58,567 | INFO | ali1688_goods_monitor | 🔍 [221/269] 获取SKU: https://detail.1688.com/offer/984991416938.html
2026-04-05 09:01:26,563 | INFO | ali1688_goods_monitor |    ✅ 获取到 6 个SKU
2026-04-05 09:01:26,563 | INFO | ali1688_goods_monitor |    ⏳ 等待 1.9 秒后继续...
2026-04-05 09:01:28,505 | INFO | ali1688_goods_monitor | 🔍 [222/269] 获取SKU: https://detail.1688.com/offer/728912992880.html
2026-04-05 09:01:57,011 | INFO | ali1688_goods_monitor |    ✅ 获取到 24 个SKU
2026-04-05 09:01:57,011 | INFO | ali1688_goods_monitor |    ⏳ 等待 2.3 秒后继续...
2026-04-05 09:01:59,351 | INFO | ali1688_goods_monitor | 🔍 [223/269] 获取SKU: https://detail.1688.com/offer/634658078975.html
2026-04-05 09:02:15,018 | INFO | ali1688_goods_monitor | 14：检测到滑块
2026-04-05 09:02:45,066 | INFO | ali1688_goods_monitor |    ✅ 获取到 18 个SKU
2026-04-05 09:02:45,067 | INFO | ali1688_goods_monitor |    ⏳ 等待 1.5 秒后继续...
2026-04-05 09:02:46,599 | INFO | ali1688_goods_monitor | 🔍 [224/269] 获取SKU: https://detail.1688.com/offer/897059922290.html
2026-04-05 09:03:02,437 | INFO | ali1688_goods_monitor | 14：检测到滑块
2026-04-05 09:03:44,148 | WARNING | ali1688_goods_monitor |    ⚠️ 未获取到SKU数据
2026-04-05 09:03:44,151 | INFO | ali1688_goods_monitor |    ⏳ 等待 2.1 秒后继续...
2026-04-05 09:03:46,271 | INFO | ali1688_goods_monitor | 🔍 [225/269] 获取SKU: https://detail.1688.com/offer/973247771787.html
2026-04-05 09:04:02,177 | INFO | ali1688_goods_monitor | 14：检测到滑块
2026-04-05 09:04:43,817 | WARNING | ali1688_goods_monitor |    ⚠️ 未获取到SKU数据
2026-04-05 09:04:43,820 | INFO | ali1688_goods_monitor |    ⏳ 等待 1.6 秒后继续...
2026-04-05 09:04:45,402 | INFO | ali1688_goods_monitor | 🔍 [226/269] 获取SKU: https://detail.1688.com/offer/960725525521.html
2026-04-05 09:05:01,003 | INFO | ali1688_goods_monitor | 14：检测到滑块
2026-04-05 09:05:41,065 | WARNING | ali1688_goods_monitor |    ⚠️ 未获取到SKU数据
2026-04-05 09:05:41,070 | INFO | ali1688_goods_monitor |    ⏳ 等待 2.3 秒后继续...
2026-04-05 09:05:43,386 | INFO | ali1688_goods_monitor | 🔍 [227/269] 获取SKU: https://detail.1688.com/offer/643044757475.html
2026-04-05 09:05:59,563 | INFO | ali1688_goods_monitor | 14：检测到滑块
2026-04-05 09:06:43,225 | WARNING | ali1688_goods_monitor |    ⚠️ 未获取到SKU数据
2026-04-05 09:06:43,228 | INFO | ali1688_goods_monitor |    ⏳ 等待 1.8 秒后继续...
2026-04-05 09:06:45,023 | INFO | ali1688_goods_monitor | 🔍 [228/269] 获取SKU: https://detail.1688.com/offer/629652629026.html
2026-04-05 09:07:00,751 | INFO | ali1688_goods_monitor | 14：检测到滑块
2026-04-05 09:07:44,016 | WARNING | ali1688_goods_monitor |    ⚠️ 未获取到SKU数据
2026-04-05 09:07:44,019 | INFO | ali1688_goods_monitor |    ⏳ 等待 2.4 秒后继续...
2026-04-05 09:07:46,385 | INFO | ali1688_goods_monitor | 🔍 [229/269] 获取SKU: https://detail.1688.com/offer/1013917249205.html
2026-04-05 09:08:01,945 | INFO | ali1688_goods_monitor | 14：检测到滑块
2026-04-05 09:08:42,796 | WARNING | ali1688_goods_monitor |    ⚠️ 未获取到SKU数据
2026-04-05 09:08:42,800 | INFO | ali1688_goods_monitor |    ⏳ 等待 1.1 秒后继续...
2026-04-05 09:08:43,939 | INFO | ali1688_goods_monitor | 🔍 [230/269] 获取SKU: https://detail.1688.com/offer/973255115593.html
2026-04-05 09:08:59,668 | INFO | ali1688_goods_monitor | 14：检测到滑块
2026-04-05 09:09:44,034 | WARNING | ali1688_goods_monitor |    ⚠️ 未获取到SKU数据
2026-04-05 09:09:44,038 | INFO | ali1688_goods_monitor |    ⏳ 等待 2.1 秒后继续...
2026-04-05 09:09:46,201 | INFO | ali1688_goods_monitor | 🔍 [231/269] 获取SKU: https://detail.1688.com/offer/1001279554121.html
2026-04-05 09:10:01,753 | INFO | ali1688_goods_monitor | 14：检测到滑块
2026-04-05 09:10:44,110 | WARNING | ali1688_goods_monitor |    ⚠️ 未获取到SKU数据
2026-04-05 09:10:44,113 | INFO | ali1688_goods_monitor |    ⏳ 等待 2.4 秒后继续...
2026-04-05 09:10:46,506 | INFO | ali1688_goods_monitor | 🔍 [232/269] 获取SKU: https://detail.1688.com/offer/1035850540780.html
2026-04-05 09:11:02,066 | INFO | ali1688_goods_monitor | 14：检测到滑块
2026-04-05 09:11:47,052 | WARNING | ali1688_goods_monitor |    ⚠️ 未获取到SKU数据
2026-04-05 09:11:47,055 | INFO | ali1688_goods_monitor |    ⏳ 等待 2.1 秒后继续...
2026-04-05 09:11:49,151 | INFO | ali1688_goods_monitor | 🔍 [233/269] 获取SKU: https://detail.1688.com/offer/847993548322.html
2026-04-05 09:12:04,816 | INFO | ali1688_goods_monitor | 14：检测到滑块
2026-04-05 09:12:46,388 | WARNING | ali1688_goods_monitor |    ⚠️ 未获取到SKU数据
2026-04-05 09:12:46,391 | INFO | ali1688_goods_monitor |    ⏳ 等待 1.8 秒后继续...
2026-04-05 09:12:48,166 | INFO | ali1688_goods_monitor | 🔍 [234/269] 获取SKU: https://detail.1688.com/offer/726064645781.html
2026-04-05 09:13:16,540 | INFO | ali1688_goods_monitor |    ✅ 获取到 5 个SKU
2026-04-05 09:13:16,541 | INFO | ali1688_goods_monitor |    ⏳ 等待 1.9 秒后继续...
2026-04-05 09:13:18,468 | INFO | ali1688_goods_monitor | 🔍 [235/269] 获取SKU: https://detail.1688.com/offer/1024421346400.html
2026-04-05 09:13:46,569 | INFO | ali1688_goods_monitor |    ✅ 获取到 2 个SKU
2026-04-05 09:13:46,571 | INFO | ali1688_goods_monitor |    ⏳ 等待 1.0 秒后继续...
2026-04-05 09:13:47,593 | INFO | ali1688_goods_monitor | 🔍 [236/269] 获取SKU: https://detail.1688.com/offer/809233523760.html
2026-04-05 09:14:15,427 | INFO | ali1688_goods_monitor |    ✅ 获取到 1 个SKU
2026-04-05 09:14:15,428 | INFO | ali1688_goods_monitor |    ⏳ 等待 1.0 秒后继续...
2026-04-05 09:14:16,482 | INFO | ali1688_goods_monitor | 🔍 [237/269] 获取SKU: https://detail.1688.com/offer/658391484708.html
2026-04-05 09:14:44,734 | INFO | ali1688_goods_monitor |    ✅ 获取到 12 个SKU
2026-04-05 09:14:44,734 | INFO | ali1688_goods_monitor |    ⏳ 等待 2.5 秒后继续...
2026-04-05 09:14:47,219 | INFO | ali1688_goods_monitor | 🔍 [238/269] 获取SKU: https://detail.1688.com/offer/847969236799.html
2026-04-05 09:15:04,628 | INFO | ali1688_goods_monitor | 14：检测到滑块
2026-04-05 09:15:39,032 | INFO | ali1688_goods_monitor |    ✅ 获取到 32 个SKU
2026-04-05 09:15:39,033 | INFO | ali1688_goods_monitor |    ⏳ 等待 1.3 秒后继续...
2026-04-05 09:15:40,330 | INFO | ali1688_goods_monitor | 🔍 [239/269] 获取SKU: https://detail.1688.com/offer/970781028572.html
2026-04-05 09:15:55,875 | INFO | ali1688_goods_monitor | 14：检测到滑块
2026-04-05 09:16:39,033 | WARNING | ali1688_goods_monitor |    ⚠️ 未获取到SKU数据
2026-04-05 09:16:39,037 | INFO | ali1688_goods_monitor |    ⏳ 等待 2.4 秒后继续...
2026-04-05 09:16:41,418 | INFO | ali1688_goods_monitor | 🔍 [240/269] 获取SKU: https://detail.1688.com/offer/990425215638.html
2026-04-05 09:16:57,265 | INFO | ali1688_goods_monitor | 14：检测到滑块
2026-04-05 09:17:40,511 | WARNING | ali1688_goods_monitor |    ⚠️ 未获取到SKU数据
2026-04-05 09:17:40,515 | INFO | ali1688_goods_monitor |    ⏳ 等待 1.3 秒后继续...
2026-04-05 09:17:41,797 | INFO | ali1688_goods_monitor | 🔍 [241/269] 获取SKU: https://detail.1688.com/offer/952896839032.html
2026-04-05 09:17:57,267 | INFO | ali1688_goods_monitor | 14：检测到滑块
2026-04-05 09:18:38,778 | WARNING | ali1688_goods_monitor |    ⚠️ 未获取到SKU数据
2026-04-05 09:18:38,783 | INFO | ali1688_goods_monitor |    ⏳ 等待 1.5 秒后继续...
2026-04-05 09:18:40,251 | INFO | ali1688_goods_monitor | 🔍 [242/269] 获取SKU: https://detail.1688.com/offer/969646541226.html
2026-04-05 09:18:55,832 | INFO | ali1688_goods_monitor | 14：检测到滑块
2026-04-05 09:19:38,346 | WARNING | ali1688_goods_monitor |    ⚠️ 未获取到SKU数据
2026-04-05 09:19:38,350 | INFO | ali1688_goods_monitor |    ⏳ 等待 1.5 秒后继续...
2026-04-05 09:19:39,829 | INFO | ali1688_goods_monitor | 🔍 [243/269] 获取SKU: https://detail.1688.com/offer/894449366946.html
2026-04-05 09:19:55,490 | INFO | ali1688_goods_monitor | 14：检测到滑块
2026-04-05 09:20:38,074 | WARNING | ali1688_goods_monitor |    ⚠️ 未获取到SKU数据
2026-04-05 09:20:38,077 | INFO | ali1688_goods_monitor |    ⏳ 等待 2.4 秒后继续...
2026-04-05 09:20:40,511 | INFO | ali1688_goods_monitor | 🔍 [244/269] 获取SKU: https://detail.1688.com/offer/929103621035.html
2026-04-05 09:20:56,135 | INFO | ali1688_goods_monitor | 14：检测到滑块
2026-04-05 09:21:39,473 | WARNING | ali1688_goods_monitor |    ⚠️ 未获取到SKU数据
2026-04-05 09:21:39,476 | INFO | ali1688_goods_monitor |    ⏳ 等待 2.3 秒后继续...
2026-04-05 09:21:41,804 | INFO | ali1688_goods_monitor | 🔍 [245/269] 获取SKU: https://detail.1688.com/offer/974035321584.html
2026-04-05 09:21:57,346 | INFO | ali1688_goods_monitor | 14：检测到滑块
2026-04-05 09:22:42,171 | WARNING | ali1688_goods_monitor |    ⚠️ 未获取到SKU数据
2026-04-05 09:22:42,174 | INFO | ali1688_goods_monitor |    ⏳ 等待 2.2 秒后继续...
2026-04-05 09:22:44,391 | INFO | ali1688_goods_monitor | 🔍 [246/269] 获取SKU: https://detail.1688.com/offer/728364497329.html
2026-04-05 09:22:59,902 | INFO | ali1688_goods_monitor | 14：检测到滑块
2026-04-05 09:23:43,317 | WARNING | ali1688_goods_monitor |    ⚠️ 未获取到SKU数据
2026-04-05 09:23:43,320 | INFO | ali1688_goods_monitor |    ⏳ 等待 1.7 秒后继续...
2026-04-05 09:23:44,983 | INFO | ali1688_goods_monitor | 🔍 [247/269] 获取SKU: https://detail.1688.com/offer/687729432138.html
2026-04-05 09:23:59,666 | WARNING | ali1688_goods_monitor |    ⚠️ 未获取到SKU数据
2026-04-05 09:23:59,671 | INFO | ali1688_goods_monitor |    ⏳ 等待 2.2 秒后继续...
2026-04-05 09:24:01,859 | INFO | ali1688_goods_monitor | 🔍 [248/269] 获取SKU: https://detail.1688.com/offer/727364044091.html
2026-04-05 09:24:17,282 | INFO | ali1688_goods_monitor | 14：检测到滑块
2026-04-05 09:25:00,551 | WARNING | ali1688_goods_monitor |    ⚠️ 未获取到SKU数据
2026-04-05 09:25:00,554 | INFO | ali1688_goods_monitor |    ⏳ 等待 1.3 秒后继续...
2026-04-05 09:25:01,890 | INFO | ali1688_goods_monitor | 🔍 [249/269] 获取SKU: https://detail.1688.com/offer/622513415473.html
2026-04-05 09:25:30,322 | INFO | ali1688_goods_monitor |    ✅ 获取到 5 个SKU
2026-04-05 09:25:30,322 | INFO | ali1688_goods_monitor |    ⏳ 等待 1.9 秒后继续...
2026-04-05 09:25:32,182 | INFO | ali1688_goods_monitor | 🔍 [250/269] 获取SKU: https://detail.1688.com/offer/858007859516.html
2026-04-05 09:26:00,228 | INFO | ali1688_goods_monitor |    ✅ 获取到 2 个SKU
2026-04-05 09:26:00,229 | INFO | ali1688_goods_monitor |    ⏳ 等待 1.2 秒后继续...
2026-04-05 09:26:01,484 | INFO | ali1688_goods_monitor | 🔍 [251/269] 获取SKU: https://detail.1688.com/offer/1031855101004.html
2026-04-05 09:26:29,445 | INFO | ali1688_goods_monitor |    ✅ 获取到 7 个SKU
2026-04-05 09:26:29,445 | INFO | ali1688_goods_monitor |    ⏳ 等待 2.5 秒后继续...
2026-04-05 09:26:31,952 | INFO | ali1688_goods_monitor | 🔍 [252/269] 获取SKU: https://detail.1688.com/offer/1001391447719.html
2026-04-05 09:26:59,753 | INFO | ali1688_goods_monitor |    ✅ 获取到 2 个SKU
2026-04-05 09:26:59,755 | INFO | ali1688_goods_monitor |    ⏳ 等待 1.3 秒后继续...
2026-04-05 09:27:01,059 | INFO | ali1688_goods_monitor | 🔍 [253/269] 获取SKU: https://detail.1688.com/offer/795861191445.html
2026-04-05 09:27:28,972 | INFO | ali1688_goods_monitor |    ✅ 获取到 6 个SKU
2026-04-05 09:27:28,973 | INFO | ali1688_goods_monitor |    ⏳ 等待 1.0 秒后继续...
2026-04-05 09:27:30,020 | INFO | ali1688_goods_monitor | 🔍 [254/269] 获取SKU: https://detail.1688.com/offer/990589043915.html
2026-04-05 09:27:58,105 | INFO | ali1688_goods_monitor |    ✅ 获取到 3 个SKU
2026-04-05 09:27:58,105 | INFO | ali1688_goods_monitor |    ⏳ 等待 2.3 秒后继续...
2026-04-05 09:28:00,437 | INFO | ali1688_goods_monitor | 🔍 [255/269] 获取SKU: https://detail.1688.com/offer/775392792723.html
2026-04-05 09:28:28,687 | INFO | ali1688_goods_monitor |    ✅ 获取到 25 个SKU
2026-04-05 09:28:28,688 | INFO | ali1688_goods_monitor |    ⏳ 等待 1.0 秒后继续...
2026-04-05 09:28:29,736 | INFO | ali1688_goods_monitor | 🔍 [256/269] 获取SKU: https://detail.1688.com/offer/927867865604.html
2026-04-05 09:28:45,452 | INFO | ali1688_goods_monitor | 14：检测到滑块
2026-04-05 09:29:16,272 | INFO | ali1688_goods_monitor |    ✅ 获取到 18 个SKU
2026-04-05 09:29:16,273 | INFO | ali1688_goods_monitor |    ⏳ 等待 1.9 秒后继续...
2026-04-05 09:29:18,211 | INFO | ali1688_goods_monitor | 🔍 [257/269] 获取SKU: https://detail.1688.com/offer/982635289066.html
2026-04-05 09:29:34,110 | INFO | ali1688_goods_monitor | 14：检测到滑块
2026-04-05 09:30:17,577 | WARNING | ali1688_goods_monitor |    ⚠️ 未获取到SKU数据
2026-04-05 09:30:17,581 | INFO | ali1688_goods_monitor |    ⏳ 等待 1.3 秒后继续...
2026-04-05 09:30:18,859 | INFO | ali1688_goods_monitor | 🔍 [258/269] 获取SKU: https://detail.1688.com/offer/863983065199.html
2026-04-05 09:30:34,609 | INFO | ali1688_goods_monitor | 14：检测到滑块
2026-04-05 09:31:17,793 | WARNING | ali1688_goods_monitor |    ⚠️ 未获取到SKU数据
2026-04-05 09:31:17,798 | INFO | ali1688_goods_monitor |    ⏳ 等待 2.2 秒后继续...
2026-04-05 09:31:20,050 | INFO | ali1688_goods_monitor | 🔍 [259/269] 获取SKU: https://detail.1688.com/offer/750175006113.html
2026-04-05 09:31:35,666 | INFO | ali1688_goods_monitor | 14：检测到滑块
2026-04-05 09:32:19,746 | WARNING | ali1688_goods_monitor |    ⚠️ 未获取到SKU数据
2026-04-05 09:32:19,749 | INFO | ali1688_goods_monitor |    ⏳ 等待 2.4 秒后继续...
2026-04-05 09:32:22,106 | INFO | ali1688_goods_monitor | 🔍 [260/269] 获取SKU: https://detail.1688.com/offer/621194315291.html
2026-04-05 09:32:37,626 | INFO | ali1688_goods_monitor | 14：检测到滑块
2026-04-05 09:33:20,845 | WARNING | ali1688_goods_monitor |    ⚠️ 未获取到SKU数据
2026-04-05 09:33:20,849 | INFO | ali1688_goods_monitor |    ⏳ 等待 1.3 秒后继续...
2026-04-05 09:33:22,156 | INFO | ali1688_goods_monitor | 🔍 [261/269] 获取SKU: https://detail.1688.com/offer/947764418500.html
2026-04-05 09:33:37,688 | INFO | ali1688_goods_monitor | 14：检测到滑块
2026-04-05 09:34:20,888 | WARNING | ali1688_goods_monitor |    ⚠️ 未获取到SKU数据
2026-04-05 09:34:20,891 | INFO | ali1688_goods_monitor |    ⏳ 等待 1.6 秒后继续...
2026-04-05 09:34:22,507 | INFO | ali1688_goods_monitor | 🔍 [262/269] 获取SKU: https://detail.1688.com/offer/854259763574.html
2026-04-05 09:34:36,925 | WARNING | ali1688_goods_monitor |    ⚠️ 未获取到SKU数据
2026-04-05 09:34:36,933 | INFO | ali1688_goods_monitor |    ⏳ 等待 1.9 秒后继续...
2026-04-05 09:34:38,884 | INFO | ali1688_goods_monitor | 🔍 [263/269] 获取SKU: https://detail.1688.com/offer/857784361057.html
2026-04-05 09:34:54,348 | INFO | ali1688_goods_monitor | 14：检测到滑块
2026-04-05 09:35:38,784 | WARNING | ali1688_goods_monitor |    ⚠️ 未获取到SKU数据
2026-04-05 09:35:38,788 | INFO | ali1688_goods_monitor |    ⏳ 等待 1.8 秒后继续...
2026-04-05 09:35:40,637 | INFO | ali1688_goods_monitor | 🔍 [264/269] 获取SKU: https://detail.1688.com/offer/963819028092.html
2026-04-05 09:35:56,169 | INFO | ali1688_goods_monitor | 14：检测到滑块
2026-04-05 09:36:39,425 | WARNING | ali1688_goods_monitor |    ⚠️ 未获取到SKU数据
2026-04-05 09:36:39,428 | INFO | ali1688_goods_monitor |    ⏳ 等待 2.2 秒后继续...
2026-04-05 09:36:41,631 | INFO | ali1688_goods_monitor | 🔍 [265/269] 获取SKU: https://detail.1688.com/offer/954152497198.html
2026-04-05 09:36:57,258 | INFO | ali1688_goods_monitor | 14：检测到滑块
2026-04-05 09:37:40,518 | WARNING | ali1688_goods_monitor |    ⚠️ 未获取到SKU数据
2026-04-05 09:37:40,521 | INFO | ali1688_goods_monitor |    ⏳ 等待 1.8 秒后继续...
2026-04-05 09:37:42,320 | INFO | ali1688_goods_monitor | 🔍 [266/269] 获取SKU: https://detail.1688.com/offer/713699292120.html
2026-04-05 09:37:57,942 | INFO | ali1688_goods_monitor | 14：检测到滑块
2026-04-05 09:38:41,311 | WARNING | ali1688_goods_monitor |    ⚠️ 未获取到SKU数据
2026-04-05 09:38:41,315 | INFO | ali1688_goods_monitor |    ⏳ 等待 2.2 秒后继续...
2026-04-05 09:38:43,560 | INFO | ali1688_goods_monitor | 🔍 [267/269] 获取SKU: https://detail.1688.com/offer/999695394272.html
2026-04-05 09:39:11,739 | INFO | ali1688_goods_monitor |    ✅ 获取到 5 个SKU
2026-04-05 09:39:11,739 | INFO | ali1688_goods_monitor |    ⏳ 等待 2.0 秒后继续...
2026-04-05 09:39:13,743 | INFO | ali1688_goods_monitor | 🔍 [268/269] 获取SKU: https://detail.1688.com/offer/734549030910.html
2026-04-05 09:39:42,139 | INFO | ali1688_goods_monitor |    ✅ 获取到 15 个SKU
2026-04-05 09:39:42,139 | INFO | ali1688_goods_monitor |    ⏳ 等待 2.0 秒后继续...
2026-04-05 09:39:44,115 | INFO | ali1688_goods_monitor | 🔍 [269/269] 获取SKU: https://detail.1688.com/offer/751554304142.html
2026-04-05 09:40:12,203 | INFO | ali1688_goods_monitor |    ✅ 获取到 2 个SKU
2026-04-05 09:40:12,203 | INFO | ali1688_goods_monitor | ============================================================
2026-04-05 09:40:12,203 | INFO | ali1688_goods_monitor | ✅ SKU获取完成，共获取 1413 个SKU
2026-04-05 09:40:12,203 | INFO | ali1688_goods_monitor | ============================================================
2026-04-05 09:40:12,203 | INFO | ali1688_goods_monitor | 🔚 关闭SKU获取浏览器...
2026-04-05 09:40:13,339 | INFO | ali1688_goods_monitor | 📋 获取到的SKU信息 (共 1413 条):
2026-04-05 09:40:13,341 | INFO | ali1688_goods_monitor | ============================================================
2026-04-05 09:40:13,342 | INFO | ali1688_goods_monitor | 🔍 检测SKU变化...
2026-04-05 09:40:13,342 | INFO | ali1688_goods_monitor | ============================================================
2026-04-05 09:40:13,972 | INFO | ali1688_goods_monitor |   💰 SKU 5919665276463 价格变化: 28.61 -> 29.5
2026-04-05 09:40:13,972 | INFO | ali1688_goods_monitor |   💰 SKU 5919665276464 价格变化: 28.61 -> 29.5
2026-04-05 09:40:13,975 | INFO | ali1688_goods_monitor |   💰 SKU 5919665276465 价格变化: 28.61 -> 29.5
2026-04-05 09:40:13,975 | INFO | ali1688_goods_monitor |   💰 SKU 5919665276466 价格变化: 28.61 -> 29.5
2026-04-05 09:40:13,975 | INFO | ali1688_goods_monitor |   💰 SKU 5929407245052 价格变化: 12.88 -> 12.98
2026-04-05 09:40:13,976 | INFO | ali1688_goods_monitor |   💰 SKU 6136898874870 价格变化: 12.00 -> 11.0
2026-04-05 09:40:13,976 | INFO | ali1688_goods_monitor |   💰 SKU 6136898874871 价格变化: 18.00 -> 17.0
2026-04-05 09:40:13,976 | INFO | ali1688_goods_monitor |   💰 SKU 6136898874872 价格变化: 28.00 -> 27.0
2026-04-05 09:40:13,981 | INFO | ali1688_goods_monitor | 💾 保存SKU数据到数据库...
2026-04-05 09:40:17,145 | INFO | ali1688_goods_monitor | 🎉 第二阶段完成，共获取并保存 1413 个SKU信息
2026-04-05 09:40:17,146 | INFO | ali1688_goods_monitor | 📊 总计：269 个商品，1413 个SKU
2026-04-05 09:40:18,790 | INFO | ali1688_goods_monitor | 浏览器已关闭
2026-04-05 09:40:18,790 | INFO | ali1688_goods_monitor | 🔍 从数据库查询今天的变化记录...
2026-04-05 09:40:18,809 | INFO | ali1688_goods_monitor | 💰 检测到SKU价格变化: https://detail.1688.com/offer/970377098770.html - 5919665276463
2026-04-05 09:40:18,809 | INFO | ali1688_goods_monitor | 💰 检测到SKU价格变化: https://detail.1688.com/offer/970377098770.html - 5919665276464
2026-04-05 09:40:18,809 | INFO | ali1688_goods_monitor | 💰 检测到SKU价格变化: https://detail.1688.com/offer/970377098770.html - 5919665276465
2026-04-05 09:40:18,809 | INFO | ali1688_goods_monitor | 💰 检测到SKU价格变化: https://detail.1688.com/offer/970377098770.html - 5919665276466
2026-04-05 09:40:18,809 | INFO | ali1688_goods_monitor | 💰 检测到SKU价格变化: https://detail.1688.com/offer/970377098770.html - 5929407245052
2026-04-05 09:40:18,809 | INFO | ali1688_goods_monitor | 💰 检测到SKU价格变化: https://detail.1688.com/offer/994662909434.html - 6136898874870
2026-04-05 09:40:18,810 | INFO | ali1688_goods_monitor | 💰 检测到SKU价格变化: https://detail.1688.com/offer/994662909434.html - 6136898874871
2026-04-05 09:40:18,810 | INFO | ali1688_goods_monitor | 💰 检测到SKU价格变化: https://detail.1688.com/offer/994662909434.html - 6136898874872
2026-04-05 09:40:19,461 | INFO | ali1688_goods_monitor | 📤 已发送 8 个价格变化通知
2026-04-05 09:40:19,461 | INFO | ali1688_goods_monitor | 📊 统计：类目变化0个，SKU数量变化0个，SKU名称变化0个，价格变化8个
2026-04-05 09:40:19,465 | INFO | ali1688_goods_monitor | 📤 上传今天爬取的所有数据到钉钉文档...
2026-04-05 09:40:19,511 | INFO | ali1688_goods_monitor | 准备上传 269 条记录...
2026-04-05 09:40:31,687 | INFO | ali1688_goods_monitor | 
上传统计:
2026-04-05 09:40:31,688 | INFO | ali1688_goods_monitor | 总记录数: 269
2026-04-05 09:40:31,690 | INFO | ali1688_goods_monitor | 成功数量: 269
2026-04-05 09:40:31,690 | INFO | ali1688_goods_monitor | 失败数量: 0
2026-04-05 09:40:31,691 | INFO | ali1688_goods_monitor | 成功批次: 6
2026-04-05 09:40:31,691 | INFO | ali1688_goods_monitor | 失败批次: 0
2026-04-05 09:40:31,692 | INFO | ali1688_goods_monitor | 📤 已上传 269 个商品数据到钉钉
2026-04-05 09:40:31,703 | INFO | ali1688_goods_monitor | 准备上传 1413 条记录...
2026-04-05 09:41:25,404 | INFO | ali1688_goods_monitor | 
上传统计:
2026-04-05 09:41:25,404 | INFO | ali1688_goods_monitor | 总记录数: 1413
2026-04-05 09:41:25,404 | INFO | ali1688_goods_monitor | 成功数量: 1413
2026-04-05 09:41:25,404 | INFO | ali1688_goods_monitor | 失败数量: 0
2026-04-05 09:41:25,404 | INFO | ali1688_goods_monitor | 成功批次: 29
2026-04-05 09:41:25,405 | INFO | ali1688_goods_monitor | 失败批次: 0
2026-04-05 09:41:25,405 | INFO | ali1688_goods_monitor | 📤 已上传 1413 个SKU数据到钉钉
2026-04-05 09:41:25,434 | INFO | ali1688_goods_monitor | 🎯 全流程完成，总耗时：191分23秒
2026-04-05 09:41:25,435 | INFO | ali1688_goods_monitor | 📊 统计：今天共爬取 269 个商品，1413 个SKU
2026-04-05 09:41:25,435 | INFO | ali1688_goods_monitor | 📊 变化统计：0 个商品发生变化，8 个SKU发生变化
2026-04-05 09:41:26,090 | INFO | ali1688_goods_monitor | ============================================================
2026-04-05 09:41:26,090 | INFO | ali1688_goods_monitor | ✅ 数据处理完成
2026-04-05 09:41:26,096 | INFO | ali1688_goods_monitor | ============================================================
