2026-04-01 06:30:02,142 | INFO | ali1688_goods_monitor | ============================================================
2026-04-01 06:30:02,142 | INFO | ali1688_goods_monitor | 🚀 开始1688竞品监控任务
2026-04-01 06:30:02,142 | INFO | ali1688_goods_monitor | ============================================================
2026-04-01 06:30:04,491 | INFO | ali1688_goods_monitor | 浏览器初始化成功
2026-04-01 06:30:20,147 | INFO | ali1688_goods_monitor | 📦 共找到 272 个商品ID，将分批查询（每批10个）
2026-04-01 06:30:27,581 | INFO | ali1688_goods_monitor | ❎ 已关闭引导弹窗2
2026-04-01 06:30:28,143 | INFO | ali1688_goods_monitor | ============================================================
2026-04-01 06:30:28,144 | INFO | ali1688_goods_monitor | 📊 第一阶段：获取商品基本信息
2026-04-01 06:30:28,145 | INFO | ali1688_goods_monitor | ============================================================
2026-04-01 06:30:28,145 | INFO | ali1688_goods_monitor | 🔍 处理第 1/14 批，共 20 个商品
2026-04-01 06:30:28,145 | INFO | ali1688_goods_monitor | 📋 商品ID: 971080031926、968280048908、943395574791、833661915665、982634945037、1016515592011、979203908708、835170979856、971037620206、1003272185431、617837580726、1005984550667、807432916292、928700805986、903613869442、1026068947837、954713432833、798059727032、812259607012、1007173826384
2026-04-01 06:30:28,145 | INFO | ali1688_goods_monitor | 🧩 选择搜索方式: 商品ID
2026-04-01 06:30:28,614 | INFO | ali1688_goods_monitor | 搜索的商品id是:971080031926、968280048908、943395574791、833661915665、982634945037、1016515592011、979203908708、835170979856、971037620206、1003272185431、617837580726、1005984550667、807432916292、928700805986、903613869442、1026068947837、954713432833、798059727032、812259607012、1007173826384
2026-04-01 06:30:29,708 | INFO | ali1688_goods_monitor | ✅ 第 1 批筛选条件已设置
2026-04-01 06:30:32,712 | INFO | ali1688_goods_monitor | 开始获取商品:971080031926、968280048908、943395574791、833661915665、982634945037、1016515592011、979203908708、835170979856、971037620206、1003272185431、617837580726、1005984550667、807432916292、928700805986、903613869442、1026068947837、954713432833、798059727032、812259607012、1007173826384的基本信息
2026-04-01 06:30:32,713 | INFO | ali1688_goods_monitor | ⏳ 等待点击【开始查询】并捕获 offerSearch 接口...
2026-04-01 06:30:33,063 | INFO | ali1688_goods_monitor | 商品列表返回码: 200
2026-04-01 06:30:33,064 | INFO | ali1688_goods_monitor | 🚀 开始捕获商品数据，共 17 个商品
2026-04-01 06:30:33,067 | INFO | ali1688_goods_monitor | ✅ 商品基本信息捕获完成，总耗时: 0.00秒
2026-04-01 06:30:33,067 | INFO | ali1688_goods_monitor |    - 商品数: 17
2026-04-01 06:30:33,067 | INFO | ali1688_goods_monitor | ✅ 第 1 批完成，获取到 17 个商品，0 个SKU
2026-04-01 06:30:33,067 | INFO | ali1688_goods_monitor | 📋 第 1 批商品信息:
2026-04-01 06:30:33,067 | INFO | ali1688_goods_monitor |   1. 商品ID: 812259607012, 店铺: 汕头市澄海区哈尼兔玩具厂, SKU数: 39
2026-04-01 06:30:33,068 | INFO | ali1688_goods_monitor |   2. 商品ID: 979203908708, 店铺: 汕头市澄海区多美仕玩具厂, SKU数: 24
2026-04-01 06:30:33,068 | INFO | ali1688_goods_monitor |   3. 商品ID: 835170979856, 店铺: 汕头市澄海区土炭玩具商行, SKU数: 10
2026-04-01 06:30:33,068 | INFO | ali1688_goods_monitor |   4. 商品ID: 928700805986, 店铺: 义乌市谷达玩具有限公司, SKU数: 2
2026-04-01 06:30:33,068 | INFO | ali1688_goods_monitor |   5. 商品ID: 968280048908, 店铺: 汕头市澄海区都说好玩具商行, SKU数: 31
2026-04-01 06:30:33,068 | INFO | ali1688_goods_monitor |   6. 商品ID: 982634945037, 店铺: 汕头市创爱旺科技有限公司, SKU数: 26
2026-04-01 06:30:33,069 | INFO | ali1688_goods_monitor |   7. 商品ID: 617837580726, 店铺: 深圳灿煜玩具有限公司, SKU数: 2
2026-04-01 06:30:33,069 | INFO | ali1688_goods_monitor |   8. 商品ID: 954713432833, 店铺: 汕头市龙湖区熹萌喵玩具厂, SKU数: 2
2026-04-01 06:30:33,069 | INFO | ali1688_goods_monitor |   9. 商品ID: 971080031926, 店铺: 汕头市龙湖区熹萌喵玩具厂, SKU数: 3
2026-04-01 06:30:33,069 | INFO | ali1688_goods_monitor |   10. 商品ID: 971037620206, 店铺: 汕头市澄海区淘琪宝玩具厂, SKU数: 1
2026-04-01 06:30:33,069 | INFO | ali1688_goods_monitor |   11. 商品ID: 943395574791, 店铺: 东莞市狂蜂狂蚁科技有限公司, SKU数: 1
2026-04-01 06:30:33,070 | INFO | ali1688_goods_monitor |   12. 商品ID: 833661915665, 店铺: 深圳金喜来电子股份有限公司, SKU数: 1
2026-04-01 06:30:33,070 | INFO | ali1688_goods_monitor |   13. 商品ID: 1005984550667, 店铺: 汕头市澄海区八匹马玩具厂, SKU数: 36
2026-04-01 06:30:33,070 | INFO | ali1688_goods_monitor |   14. 商品ID: 1016515592011, 店铺: 汕头市澄海区晟耀展玩具厂, SKU数: 4
2026-04-01 06:30:33,070 | INFO | ali1688_goods_monitor |   15. 商品ID: 798059727032, 店铺: 汕头市澄海区超慧丰贸易商行, SKU数: 16
2026-04-01 06:30:33,070 | INFO | ali1688_goods_monitor |   16. 商品ID: 1003272185431, 店铺: 义乌市大愚玩具有限公司, SKU数: 5
2026-04-01 06:30:33,070 | INFO | ali1688_goods_monitor |   17. 商品ID: 1026068947837, 店铺: 汕头市澄海区力多熊玩具商行, SKU数: 3
2026-04-01 06:30:33,082 | INFO | ali1688_goods_monitor |   🔢 商品 1026068947837 SKU数量变化: None -> 3
2026-04-01 06:30:33,123 | INFO | ali1688_goods_monitor | 💾 第1/14批：已保存 17 个商品到数据库
2026-04-01 06:30:33,124 | INFO | ali1688_goods_monitor | ⏸️  随机暂停 3.9 秒...
2026-04-01 06:30:37,000 | INFO | ali1688_goods_monitor | 🔄 刷新页面，准备处理第 2 批...
2026-04-01 06:30:42,662 | INFO | ali1688_goods_monitor | ❎ 已关闭引导弹窗3
2026-04-01 06:30:45,198 | INFO | ali1688_goods_monitor | 🔍 处理第 2/14 批，共 20 个商品
2026-04-01 06:30:45,199 | INFO | ali1688_goods_monitor | 📋 商品ID: 991935831793、962746907189、812514770228、907762599791、990409899841、1013037690222、889385901298、1025513853144、969366546749、979396013303、875034473523、590591825369、894936744591、895285249007、970715744477、903636127402、741922490714、776195311997、811139889293、950726478383
2026-04-01 06:30:45,209 | INFO | ali1688_goods_monitor | 🧩 选择搜索方式: 商品ID
2026-04-01 06:30:45,684 | INFO | ali1688_goods_monitor | 搜索的商品id是:991935831793、962746907189、812514770228、907762599791、990409899841、1013037690222、889385901298、1025513853144、969366546749、979396013303、875034473523、590591825369、894936744591、895285249007、970715744477、903636127402、741922490714、776195311997、811139889293、950726478383
2026-04-01 06:30:46,793 | INFO | ali1688_goods_monitor | ✅ 第 2 批筛选条件已设置
2026-04-01 06:30:49,806 | INFO | ali1688_goods_monitor | 开始获取商品:991935831793、962746907189、812514770228、907762599791、990409899841、1013037690222、889385901298、1025513853144、969366546749、979396013303、875034473523、590591825369、894936744591、895285249007、970715744477、903636127402、741922490714、776195311997、811139889293、950726478383的基本信息
2026-04-01 06:30:49,807 | INFO | ali1688_goods_monitor | ⏳ 等待点击【开始查询】并捕获 offerSearch 接口...
2026-04-01 06:30:50,202 | INFO | ali1688_goods_monitor | 商品列表返回码: 200
2026-04-01 06:30:50,202 | INFO | ali1688_goods_monitor | 🚀 开始捕获商品数据，共 20 个商品
2026-04-01 06:30:50,205 | INFO | ali1688_goods_monitor | ✅ 商品基本信息捕获完成，总耗时: 0.00秒
2026-04-01 06:30:50,205 | INFO | ali1688_goods_monitor |    - 商品数: 20
2026-04-01 06:30:50,206 | INFO | ali1688_goods_monitor | ✅ 第 2 批完成，获取到 20 个商品，0 个SKU
2026-04-01 06:30:50,206 | INFO | ali1688_goods_monitor | 📋 第 2 批商品信息:
2026-04-01 06:30:50,207 | INFO | ali1688_goods_monitor |   1. 商品ID: 590591825369, 店铺: 广州市鑫龙动漫玩具有限公司, SKU数: 22
2026-04-01 06:30:50,207 | INFO | ali1688_goods_monitor |   2. 商品ID: 811139889293, 店铺: 义乌市孟享贸易有限公司, SKU数: 8
2026-04-01 06:30:50,207 | INFO | ali1688_goods_monitor |   3. 商品ID: 950726478383, 店铺: 汕头市澄海区美贝斯玩具商行, SKU数: 13
2026-04-01 06:30:50,208 | INFO | ali1688_goods_monitor |   4. 商品ID: 969366546749, 店铺: 汕头市澄海区启超玩具厂, SKU数: 1
2026-04-01 06:30:50,208 | INFO | ali1688_goods_monitor |   5. 商品ID: 741922490714, 店铺: 汕头市俏娃玩具有限公司, SKU数: 2
2026-04-01 06:30:50,208 | INFO | ali1688_goods_monitor |   6. 商品ID: 970715744477, 店铺: 汕头市澄海区永志玩具商行(个体工商户), SKU数: 1
2026-04-01 06:30:50,209 | INFO | ali1688_goods_monitor |   7. 商品ID: 776195311997, 店铺: 汕头市澄海区讴艺玩具厂, SKU数: 1
2026-04-01 06:30:50,209 | INFO | ali1688_goods_monitor |   8. 商品ID: 991935831793, 店铺: 温州市鑫筱贸易有限公司, SKU数: 3
2026-04-01 06:30:50,209 | INFO | ali1688_goods_monitor |   9. 商品ID: 812514770228, 店铺: 汕头市澄海区栩之羿贸易商行, SKU数: 2
2026-04-01 06:30:50,209 | INFO | ali1688_goods_monitor |   10. 商品ID: 875034473523, 店铺: 汕头市澄海区童积玩具厂, SKU数: 3
2026-04-01 06:30:50,210 | INFO | ali1688_goods_monitor |   11. 商品ID: 889385901298, 店铺: 汕头市欧切勒切电子商务有限公司, SKU数: 3
2026-04-01 06:30:50,210 | INFO | ali1688_goods_monitor |   12. 商品ID: 979396013303, 店铺: 汕头市澄海区很多人玩具商行, SKU数: 1
2026-04-01 06:30:50,210 | INFO | ali1688_goods_monitor |   13. 商品ID: 903636127402, 店铺: 义乌市君玖商贸有限公司, SKU数: 3
2026-04-01 06:30:50,211 | INFO | ali1688_goods_monitor |   14. 商品ID: 962746907189, 店铺: 汕头市龙湖区熹萌喵玩具厂, SKU数: 4
2026-04-01 06:30:50,211 | INFO | ali1688_goods_monitor |   15. 商品ID: 894936744591, 店铺: 义乌市拓乐纺织品有限公司, SKU数: 16
2026-04-01 06:30:50,211 | INFO | ali1688_goods_monitor |   16. 商品ID: 895285249007, 店铺: 汕头市澄海区雅尚腾玩具厂(个体工商户), SKU数: 36
2026-04-01 06:30:50,211 | INFO | ali1688_goods_monitor |   17. 商品ID: 990409899841, 店铺: 汕头市澄海区泰旭玩具厂, SKU数: 1
2026-04-01 06:30:50,212 | INFO | ali1688_goods_monitor |   18. 商品ID: 1025513853144, 店铺: 汕头市澄海区萌灵娃玩具厂, SKU数: 8
2026-04-01 06:30:50,212 | INFO | ali1688_goods_monitor |   19. 商品ID: 907762599791, 店铺: 汕头市澄海区彩帆玩具厂, SKU数: 10
2026-04-01 06:30:50,212 | INFO | ali1688_goods_monitor |   20. 商品ID: 1013037690222, 店铺: 潮州市湘桥区星赫玩具厂(个体工商户), SKU数: 1
2026-04-01 06:30:50,282 | INFO | ali1688_goods_monitor | 💾 第2/14批：已保存 20 个商品到数据库
2026-04-01 06:30:50,282 | INFO | ali1688_goods_monitor | ⏸️  随机暂停 4.4 秒...
2026-04-01 06:30:54,650 | INFO | ali1688_goods_monitor | 🔄 刷新页面，准备处理第 3 批...
2026-04-01 06:31:00,986 | INFO | ali1688_goods_monitor | 🔍 处理第 3/14 批，共 20 个商品
2026-04-01 06:31:00,987 | INFO | ali1688_goods_monitor | 📋 商品ID: 970377098770、1000398364752、628617576125、998051010590、856805654657、677709968233、992071730825、799083276279、976178977054、902961760235、900967422750、994662909434、681658732090、847794753111、992251601092、951035484615、826873938709、677301391721、847495122732、899704194303
2026-04-01 06:31:00,993 | INFO | ali1688_goods_monitor | 🧩 选择搜索方式: 商品ID
2026-04-01 06:31:01,490 | INFO | ali1688_goods_monitor | 搜索的商品id是:970377098770、1000398364752、628617576125、998051010590、856805654657、677709968233、992071730825、799083276279、976178977054、902961760235、900967422750、994662909434、681658732090、847794753111、992251601092、951035484615、826873938709、677301391721、847495122732、899704194303
2026-04-01 06:31:02,645 | INFO | ali1688_goods_monitor | ✅ 第 3 批筛选条件已设置
2026-04-01 06:31:05,651 | INFO | ali1688_goods_monitor | 开始获取商品:970377098770、1000398364752、628617576125、998051010590、856805654657、677709968233、992071730825、799083276279、976178977054、902961760235、900967422750、994662909434、681658732090、847794753111、992251601092、951035484615、826873938709、677301391721、847495122732、899704194303的基本信息
2026-04-01 06:31:05,652 | INFO | ali1688_goods_monitor | ⏳ 等待点击【开始查询】并捕获 offerSearch 接口...
2026-04-01 06:31:05,984 | INFO | ali1688_goods_monitor | 商品列表返回码: 200
2026-04-01 06:31:05,984 | INFO | ali1688_goods_monitor | 🚀 开始捕获商品数据，共 20 个商品
2026-04-01 06:31:05,987 | INFO | ali1688_goods_monitor | ✅ 商品基本信息捕获完成，总耗时: 0.00秒
2026-04-01 06:31:05,987 | INFO | ali1688_goods_monitor |    - 商品数: 20
2026-04-01 06:31:05,987 | INFO | ali1688_goods_monitor | ✅ 第 3 批完成，获取到 20 个商品，0 个SKU
2026-04-01 06:31:05,988 | INFO | ali1688_goods_monitor | 📋 第 3 批商品信息:
2026-04-01 06:31:05,988 | INFO | ali1688_goods_monitor |   1. 商品ID: 677301391721, 店铺: 汕头市澄海区海棠玩具厂, SKU数: 5
2026-04-01 06:31:05,988 | INFO | ali1688_goods_monitor |   2. 商品ID: 970377098770, 店铺: 汕头市澄海区贝欣达玩具厂, SKU数: 37
2026-04-01 06:31:05,989 | INFO | ali1688_goods_monitor |   3. 商品ID: 677709968233, 店铺: 广东佰思玩具有限公司, SKU数: 5
2026-04-01 06:31:05,989 | INFO | ali1688_goods_monitor |   4. 商品ID: 1000398364752, 店铺: 义乌市芝麻开门玩具有限公司, SKU数: 4
2026-04-01 06:31:05,989 | INFO | ali1688_goods_monitor |   5. 商品ID: 899704194303, 店铺: 汕头市澄海区孩艺宝玩具厂, SKU数: 12
2026-04-01 06:31:05,990 | INFO | ali1688_goods_monitor |   6. 商品ID: 856805654657, 店铺: 汕头市龙湖区熹萌喵玩具厂, SKU数: 1
2026-04-01 06:31:05,990 | INFO | ali1688_goods_monitor |   7. 商品ID: 994662909434, 店铺: 义乌市麦贤电子商务商行, SKU数: 3
2026-04-01 06:31:05,990 | INFO | ali1688_goods_monitor |   8. 商品ID: 976178977054, 店铺: 汕头市玩物社科技有限公司, SKU数: 5
2026-04-01 06:31:05,990 | INFO | ali1688_goods_monitor |   9. 商品ID: 847794753111, 店铺: 汕头市龙湖区熹萌喵玩具厂, SKU数: 4
2026-04-01 06:31:05,991 | INFO | ali1688_goods_monitor |   10. 商品ID: 826873938709, 店铺: 汕头市森漫贸易有限公司, SKU数: 1
2026-04-01 06:31:05,991 | INFO | ali1688_goods_monitor |   11. 商品ID: 900967422750, 店铺: 汕头市澄海区越来越聪明玩具厂, SKU数: 22
2026-04-01 06:31:05,991 | INFO | ali1688_goods_monitor |   12. 商品ID: 902961760235, 店铺: 汕头市龙湖区熹萌喵玩具厂, SKU数: 4
2026-04-01 06:31:05,991 | INFO | ali1688_goods_monitor |   13. 商品ID: 681658732090, 店铺: 深圳金喜来电子股份有限公司, SKU数: 1
2026-04-01 06:31:05,991 | INFO | ali1688_goods_monitor |   14. 商品ID: 951035484615, 店铺: 汕头市创爱旺科技有限公司, SKU数: 29
2026-04-01 06:31:05,991 | INFO | ali1688_goods_monitor |   15. 商品ID: 628617576125, 店铺: 汕头市俏娃玩具有限公司, SKU数: 5
2026-04-01 06:31:05,992 | INFO | ali1688_goods_monitor |   16. 商品ID: 847495122732, 店铺: 汕头市龙湖区熹萌喵玩具厂, SKU数: 3
2026-04-01 06:31:05,992 | INFO | ali1688_goods_monitor |   17. 商品ID: 799083276279, 店铺: 汕头市澄海区米可玩具商行, SKU数: 3
2026-04-01 06:31:05,992 | INFO | ali1688_goods_monitor |   18. 商品ID: 998051010590, 店铺: 汕头市盛星达体育用品有限公司, SKU数: 4
2026-04-01 06:31:05,992 | INFO | ali1688_goods_monitor |   19. 商品ID: 992251601092, 店铺: 义乌市纯亿供应链管理服务有限公司, SKU数: 3
2026-04-01 06:31:05,992 | INFO | ali1688_goods_monitor |   20. 商品ID: 992071730825, 店铺: 深圳市粤加大玩具有限公司, SKU数: 3
2026-04-01 06:31:06,056 | INFO | ali1688_goods_monitor | 💾 第3/14批：已保存 20 个商品到数据库
2026-04-01 06:31:06,056 | INFO | ali1688_goods_monitor | ⏸️  随机暂停 7.0 秒...
2026-04-01 06:31:13,069 | INFO | ali1688_goods_monitor | 🔄 刷新页面，准备处理第 4 批...
2026-04-01 06:31:19,673 | INFO | ali1688_goods_monitor | 🔍 处理第 4/14 批，共 20 个商品
2026-04-01 06:31:19,674 | INFO | ali1688_goods_monitor | 📋 商品ID: 1007062397648、1000255776437、898439171537、43695296576、956573560393、902473655388、890654399053、979471208168、996059989352、840249263873、873614306333、702199084381、746411095420、703551244918、832304702315、950670074468、789633522584、890407614753、999142031933、859584630627
2026-04-01 06:31:19,680 | INFO | ali1688_goods_monitor | 🧩 选择搜索方式: 商品ID
2026-04-01 06:31:20,157 | INFO | ali1688_goods_monitor | 搜索的商品id是:1007062397648、1000255776437、898439171537、43695296576、956573560393、902473655388、890654399053、979471208168、996059989352、840249263873、873614306333、702199084381、746411095420、703551244918、832304702315、950670074468、789633522584、890407614753、999142031933、859584630627
2026-04-01 06:31:21,310 | INFO | ali1688_goods_monitor | ✅ 第 4 批筛选条件已设置
2026-04-01 06:31:24,318 | INFO | ali1688_goods_monitor | 开始获取商品:1007062397648、1000255776437、898439171537、43695296576、956573560393、902473655388、890654399053、979471208168、996059989352、840249263873、873614306333、702199084381、746411095420、703551244918、832304702315、950670074468、789633522584、890407614753、999142031933、859584630627的基本信息
2026-04-01 06:31:24,319 | INFO | ali1688_goods_monitor | ⏳ 等待点击【开始查询】并捕获 offerSearch 接口...
2026-04-01 06:31:24,717 | INFO | ali1688_goods_monitor | 商品列表返回码: 200
2026-04-01 06:31:24,717 | INFO | ali1688_goods_monitor | 🚀 开始捕获商品数据，共 20 个商品
2026-04-01 06:31:24,718 | INFO | ali1688_goods_monitor | ✅ 商品基本信息捕获完成，总耗时: 0.00秒
2026-04-01 06:31:24,718 | INFO | ali1688_goods_monitor |    - 商品数: 20
2026-04-01 06:31:24,718 | INFO | ali1688_goods_monitor | ✅ 第 4 批完成，获取到 20 个商品，0 个SKU
2026-04-01 06:31:24,718 | INFO | ali1688_goods_monitor | 📋 第 4 批商品信息:
2026-04-01 06:31:24,718 | INFO | ali1688_goods_monitor |   1. 商品ID: 979471208168, 店铺: 汕头市澄海区淘琪宝玩具厂, SKU数: 1
2026-04-01 06:31:24,719 | INFO | ali1688_goods_monitor |   2. 商品ID: 898439171537, 店铺: 汕头市龙湖区熹萌喵玩具厂, SKU数: 14
2026-04-01 06:31:24,719 | INFO | ali1688_goods_monitor |   3. 商品ID: 873614306333, 店铺: 汕头市俏娃玩具有限公司, SKU数: 5
2026-04-01 06:31:24,719 | INFO | ali1688_goods_monitor |   4. 商品ID: 840249263873, 店铺: 汕头市嬉游记玩具有限公司, SKU数: 8
2026-04-01 06:31:24,720 | INFO | ali1688_goods_monitor |   5. 商品ID: 702199084381, 店铺: 汕头市澄海区实琪玩具有限公司, SKU数: 21
2026-04-01 06:31:24,720 | INFO | ali1688_goods_monitor |   6. 商品ID: 832304702315, 店铺: 广东佰思玩具有限公司, SKU数: 5
2026-04-01 06:31:24,720 | INFO | ali1688_goods_monitor |   7. 商品ID: 746411095420, 店铺: 汕头市龙湖区宝乐喜玩具商行, SKU数: 6
2026-04-01 06:31:24,721 | INFO | ali1688_goods_monitor |   8. 商品ID: 789633522584, 店铺: 汕头市澄海区乐涵玩具厂, SKU数: 1
2026-04-01 06:31:24,721 | INFO | ali1688_goods_monitor |   9. 商品ID: 902473655388, 店铺: 汕头市龙湖区熹萌喵玩具厂, SKU数: 1
2026-04-01 06:31:24,721 | INFO | ali1688_goods_monitor |   10. 商品ID: 950670074468, 店铺: 汕头市澄海区雅尚腾玩具厂(个体工商户), SKU数: 36
2026-04-01 06:31:24,721 | INFO | ali1688_goods_monitor |   11. 商品ID: 999142031933, 店铺: 深圳金喜来电子股份有限公司, SKU数: 1
2026-04-01 06:31:24,722 | INFO | ali1688_goods_monitor |   12. 商品ID: 890407614753, 店铺: 汕头市澄海区萌董乐玩具厂, SKU数: 17
2026-04-01 06:31:24,722 | INFO | ali1688_goods_monitor |   13. 商品ID: 956573560393, 店铺: 汕头市澄海区巧新玩具厂, SKU数: 3
2026-04-01 06:31:24,722 | INFO | ali1688_goods_monitor |   14. 商品ID: 703551244918, 店铺: 汕头市澄海区米可玩具商行, SKU数: 3
2026-04-01 06:31:24,722 | INFO | ali1688_goods_monitor |   15. 商品ID: 1000255776437, 店铺: 义乌市屿团电子商务商行, SKU数: 3
2026-04-01 06:31:24,723 | INFO | ali1688_goods_monitor |   16. 商品ID: 890654399053, 店铺: 汕头市澄海区悦优佳玩具厂, SKU数: 22
2026-04-01 06:31:24,723 | INFO | ali1688_goods_monitor |   17. 商品ID: 859584630627, 店铺: 汕头市龙湖区熹萌喵玩具厂, SKU数: 4
2026-04-01 06:31:24,723 | INFO | ali1688_goods_monitor |   18. 商品ID: 1007062397648, 店铺: 汕头市澄海区坤铄玩具厂, SKU数: 4
2026-04-01 06:31:24,723 | INFO | ali1688_goods_monitor |   19. 商品ID: 43695296576, 店铺: 汕头市澄海区豪达玩具有限公司, SKU数: 2
2026-04-01 06:31:24,723 | INFO | ali1688_goods_monitor |   20. 商品ID: 996059989352, 店铺: 义乌市海潭商贸有限公司, SKU数: 3
2026-04-01 06:31:24,786 | INFO | ali1688_goods_monitor | 💾 第4/14批：已保存 20 个商品到数据库
2026-04-01 06:31:24,786 | INFO | ali1688_goods_monitor | ⏸️  随机暂停 6.0 秒...
2026-04-01 06:31:30,829 | INFO | ali1688_goods_monitor | 🔄 刷新页面，准备处理第 5 批...
2026-04-01 06:31:38,677 | INFO | ali1688_goods_monitor | 🔍 处理第 5/14 批，共 20 个商品
2026-04-01 06:31:38,678 | INFO | ali1688_goods_monitor | 📋 商品ID: 1009966785995、985206853035、991070192317、927205288673、950658287741、993465198242、998859559585、992800642545、990618054916、652994949606、873771926327、970542473882、836899798919、928580021030、852501307622、632300625030、853399095646、671840552108、975762015590、994237964153
2026-04-01 06:31:38,684 | INFO | ali1688_goods_monitor | 🧩 选择搜索方式: 商品ID
2026-04-01 06:31:39,165 | INFO | ali1688_goods_monitor | 搜索的商品id是:1009966785995、985206853035、991070192317、927205288673、950658287741、993465198242、998859559585、992800642545、990618054916、652994949606、873771926327、970542473882、836899798919、928580021030、852501307622、632300625030、853399095646、671840552108、975762015590、994237964153
2026-04-01 06:31:40,267 | INFO | ali1688_goods_monitor | ✅ 第 5 批筛选条件已设置
2026-04-01 06:31:43,282 | INFO | ali1688_goods_monitor | 开始获取商品:1009966785995、985206853035、991070192317、927205288673、950658287741、993465198242、998859559585、992800642545、990618054916、652994949606、873771926327、970542473882、836899798919、928580021030、852501307622、632300625030、853399095646、671840552108、975762015590、994237964153的基本信息
2026-04-01 06:31:43,282 | INFO | ali1688_goods_monitor | ⏳ 等待点击【开始查询】并捕获 offerSearch 接口...
2026-04-01 06:31:43,743 | INFO | ali1688_goods_monitor | 商品列表返回码: 200
2026-04-01 06:31:43,743 | INFO | ali1688_goods_monitor | 🚀 开始捕获商品数据，共 20 个商品
2026-04-01 06:31:43,744 | INFO | ali1688_goods_monitor | ✅ 商品基本信息捕获完成，总耗时: 0.00秒
2026-04-01 06:31:43,744 | INFO | ali1688_goods_monitor |    - 商品数: 20
2026-04-01 06:31:43,745 | INFO | ali1688_goods_monitor | ✅ 第 5 批完成，获取到 20 个商品，0 个SKU
2026-04-01 06:31:43,745 | INFO | ali1688_goods_monitor | 📋 第 5 批商品信息:
2026-04-01 06:31:43,745 | INFO | ali1688_goods_monitor |   1. 商品ID: 975762015590, 店铺: 汕头市澄海区小筑班五金玩具厂, SKU数: 6
2026-04-01 06:31:43,745 | INFO | ali1688_goods_monitor |   2. 商品ID: 990618054916, 店铺: 妆链时代（深圳）科技有限公司, SKU数: 3
2026-04-01 06:31:43,745 | INFO | ali1688_goods_monitor |   3. 商品ID: 652994949606, 店铺: 汕头市俏娃玩具有限公司, SKU数: 4
2026-04-01 06:31:43,746 | INFO | ali1688_goods_monitor |   4. 商品ID: 991070192317, 店铺: 汕头市澄海区神宥玩具厂(个体工商户), SKU数: 11
2026-04-01 06:31:43,746 | INFO | ali1688_goods_monitor |   5. 商品ID: 632300625030, 店铺: 汕头市俏娃玩具有限公司, SKU数: 1
2026-04-01 06:31:43,746 | INFO | ali1688_goods_monitor |   6. 商品ID: 928580021030, 店铺: 汕头市嬉游记玩具有限公司, SKU数: 2
2026-04-01 06:31:43,746 | INFO | ali1688_goods_monitor |   7. 商品ID: 873771926327, 店铺: 汕头市澄海区酷乐孩玩具厂, SKU数: 34
2026-04-01 06:31:43,746 | INFO | ali1688_goods_monitor |   8. 商品ID: 994237964153, 店铺: 汕头市澄海区十意玩具厂, SKU数: 7
2026-04-01 06:31:43,746 | INFO | ali1688_goods_monitor |   9. 商品ID: 993465198242, 店铺: 汕头市铭立玩具有限公司, SKU数: 7
2026-04-01 06:31:43,747 | INFO | ali1688_goods_monitor |   10. 商品ID: 950658287741, 店铺: 汕头市澄海区三只老鼠玩具厂, SKU数: 18
2026-04-01 06:31:43,747 | INFO | ali1688_goods_monitor |   11. 商品ID: 1009966785995, 店铺: 汕头市恒达星玩具有限公司, SKU数: 4
2026-04-01 06:31:43,747 | INFO | ali1688_goods_monitor |   12. 商品ID: 992800642545, 店铺: 汕头市盛星达体育用品有限公司, SKU数: 3
2026-04-01 06:31:43,747 | INFO | ali1688_goods_monitor |   13. 商品ID: 853399095646, 店铺: 汕头市嬉游记玩具有限公司, SKU数: 15
2026-04-01 06:31:43,747 | INFO | ali1688_goods_monitor |   14. 商品ID: 985206853035, 店铺: 汕头市澄海区金颖玩具厂, SKU数: 2
2026-04-01 06:31:43,748 | INFO | ali1688_goods_monitor |   15. 商品ID: 852501307622, 店铺: 汕头市俏娃玩具有限公司, SKU数: 1
2026-04-01 06:31:43,748 | INFO | ali1688_goods_monitor |   16. 商品ID: 671840552108, 店铺: 汕头市澄海区华迪锋玩具厂, SKU数: 8
2026-04-01 06:31:43,748 | INFO | ali1688_goods_monitor |   17. 商品ID: 970542473882, 店铺: 汕头市嬉游记玩具有限公司, SKU数: None
2026-04-01 06:31:43,748 | INFO | ali1688_goods_monitor |   18. 商品ID: 836899798919, 店铺: 汕头市澄海区小筑班五金玩具厂, SKU数: 9
2026-04-01 06:31:43,748 | INFO | ali1688_goods_monitor |   19. 商品ID: 927205288673, 店铺: 汕头市龙湖区熹萌喵玩具厂, SKU数: 4
2026-04-01 06:31:43,748 | INFO | ali1688_goods_monitor |   20. 商品ID: 998859559585, 店铺: 汕头市澄海区坤铄玩具厂, SKU数: 11
2026-04-01 06:31:43,812 | INFO | ali1688_goods_monitor | 💾 第5/14批：已保存 20 个商品到数据库
2026-04-01 06:31:43,812 | INFO | ali1688_goods_monitor | ⏸️  随机暂停 6.5 秒...
2026-04-01 06:31:50,316 | INFO | ali1688_goods_monitor | 🔄 刷新页面，准备处理第 6 批...
2026-04-01 06:31:58,807 | INFO | ali1688_goods_monitor | 🔍 处理第 6/14 批，共 20 个商品
2026-04-01 06:31:58,808 | INFO | ali1688_goods_monitor | 📋 商品ID: 847990628509、962546716755、854253039240、662598267674、978651830599、692940339011、993354315037、895439014120、997795598539、849820903779、729749403422、948334688543、746416939989、930446969722、991823064917、621865712164、847781001778、864653527961、995364912374、811638208514
2026-04-01 06:31:58,814 | INFO | ali1688_goods_monitor | 🧩 选择搜索方式: 商品ID
2026-04-01 06:31:59,296 | INFO | ali1688_goods_monitor | 搜索的商品id是:847990628509、962546716755、854253039240、662598267674、978651830599、692940339011、993354315037、895439014120、997795598539、849820903779、729749403422、948334688543、746416939989、930446969722、991823064917、621865712164、847781001778、864653527961、995364912374、811638208514
2026-04-01 06:32:00,382 | INFO | ali1688_goods_monitor | ✅ 第 6 批筛选条件已设置
2026-04-01 06:32:03,390 | INFO | ali1688_goods_monitor | 开始获取商品:847990628509、962546716755、854253039240、662598267674、978651830599、692940339011、993354315037、895439014120、997795598539、849820903779、729749403422、948334688543、746416939989、930446969722、991823064917、621865712164、847781001778、864653527961、995364912374、811638208514的基本信息
2026-04-01 06:32:03,392 | INFO | ali1688_goods_monitor | ⏳ 等待点击【开始查询】并捕获 offerSearch 接口...
2026-04-01 06:32:03,743 | INFO | ali1688_goods_monitor | 商品列表返回码: 200
2026-04-01 06:32:03,743 | INFO | ali1688_goods_monitor | 🚀 开始捕获商品数据，共 20 个商品
2026-04-01 06:32:03,744 | INFO | ali1688_goods_monitor | ✅ 商品基本信息捕获完成，总耗时: 0.00秒
2026-04-01 06:32:03,744 | INFO | ali1688_goods_monitor |    - 商品数: 20
2026-04-01 06:32:03,744 | INFO | ali1688_goods_monitor | ✅ 第 6 批完成，获取到 20 个商品，0 个SKU
2026-04-01 06:32:03,744 | INFO | ali1688_goods_monitor | 📋 第 6 批商品信息:
2026-04-01 06:32:03,744 | INFO | ali1688_goods_monitor |   1. 商品ID: 847781001778, 店铺: 汕头市龙湖区熹萌喵玩具厂, SKU数: 4
2026-04-01 06:32:03,745 | INFO | ali1688_goods_monitor |   2. 商品ID: 746416939989, 店铺: 李楚平, SKU数: 2
2026-04-01 06:32:03,745 | INFO | ali1688_goods_monitor |   3. 商品ID: 692940339011, 店铺: 汕头市澄海区商裕玩具商行, SKU数: 3
2026-04-01 06:32:03,745 | INFO | ali1688_goods_monitor |   4. 商品ID: 962546716755, 店铺: 汕头市澄海区淘琪宝玩具厂, SKU数: 3
2026-04-01 06:32:03,745 | INFO | ali1688_goods_monitor |   5. 商品ID: 995364912374, 店铺: 义乌市绘屿电子商务商行, SKU数: 3
2026-04-01 06:32:03,745 | INFO | ali1688_goods_monitor |   6. 商品ID: 849820903779, 店铺: 汕头市龙湖区熹萌喵玩具厂, SKU数: 4
2026-04-01 06:32:03,745 | INFO | ali1688_goods_monitor |   7. 商品ID: 997795598539, 店铺: 汕头市盛星达体育用品有限公司, SKU数: 3
2026-04-01 06:32:03,746 | INFO | ali1688_goods_monitor |   8. 商品ID: 978651830599, 店铺: 义乌市紫戈玩具有限公司, SKU数: 2
2026-04-01 06:32:03,746 | INFO | ali1688_goods_monitor |   9. 商品ID: 864653527961, 店铺: 汕头市迪利嘉科技有限公司, SKU数: 1
2026-04-01 06:32:03,746 | INFO | ali1688_goods_monitor |   10. 商品ID: 729749403422, 店铺: 珠海欣球格创科技有限公司, SKU数: 7
2026-04-01 06:32:03,746 | INFO | ali1688_goods_monitor |   11. 商品ID: 811638208514, 店铺: 汕头市澄海区轮转玩具商行, SKU数: 3
2026-04-01 06:32:03,746 | INFO | ali1688_goods_monitor |   12. 商品ID: 930446969722, 店铺: 汕头市俏娃玩具有限公司, SKU数: 2
2026-04-01 06:32:03,746 | INFO | ali1688_goods_monitor |   13. 商品ID: 991823064917, 店铺: 汕头市澄海区都说好玩具商行, SKU数: 8
2026-04-01 06:32:03,747 | INFO | ali1688_goods_monitor |   14. 商品ID: 662598267674, 店铺: 汕头市俏娃玩具有限公司, SKU数: 4
2026-04-01 06:32:03,747 | INFO | ali1688_goods_monitor |   15. 商品ID: 847990628509, 店铺: 汕头市龙湖区熹萌喵玩具厂, SKU数: 8
2026-04-01 06:32:03,747 | INFO | ali1688_goods_monitor |   16. 商品ID: 854253039240, 店铺: 汕头市嬉游记玩具有限公司, SKU数: 2
2026-04-01 06:32:03,747 | INFO | ali1688_goods_monitor |   17. 商品ID: 621865712164, 店铺: 广州市鑫龙动漫玩具有限公司, SKU数: 8
2026-04-01 06:32:03,747 | INFO | ali1688_goods_monitor |   18. 商品ID: 895439014120, 店铺: 汕头市澄海区新创贸易商行, SKU数: 8
2026-04-01 06:32:03,747 | INFO | ali1688_goods_monitor |   19. 商品ID: 993354315037, 店铺: 汕头市澄海区奥维玩具厂, SKU数: 11
2026-04-01 06:32:03,748 | INFO | ali1688_goods_monitor |   20. 商品ID: 948334688543, 店铺: 汕头市澄海区超慧丰贸易商行, SKU数: 22
2026-04-01 06:32:03,827 | INFO | ali1688_goods_monitor | 💾 第6/14批：已保存 20 个商品到数据库
2026-04-01 06:32:03,827 | INFO | ali1688_goods_monitor | ⏸️  随机暂停 4.3 秒...
2026-04-01 06:32:08,177 | INFO | ali1688_goods_monitor | 🔄 刷新页面，准备处理第 7 批...
2026-04-01 06:32:14,142 | INFO | ali1688_goods_monitor | 🔍 处理第 7/14 批，共 20 个商品
2026-04-01 06:32:14,142 | INFO | ali1688_goods_monitor | 📋 商品ID: 952611726643、915854311158、985998626047、924140770781、986179889619、999860867159、675880303102、997359995216、991467576950、813592780236、920664381969、926941651375、847784309788、991699553836、848195784663、773383798724、1006668462460、917143716667、833863806015、778105306124
2026-04-01 06:32:14,146 | INFO | ali1688_goods_monitor | 🧩 选择搜索方式: 商品ID
2026-04-01 06:32:14,634 | INFO | ali1688_goods_monitor | 搜索的商品id是:952611726643、915854311158、985998626047、924140770781、986179889619、999860867159、675880303102、997359995216、991467576950、813592780236、920664381969、926941651375、847784309788、991699553836、848195784663、773383798724、1006668462460、917143716667、833863806015、778105306124
2026-04-01 06:32:15,715 | INFO | ali1688_goods_monitor | ✅ 第 7 批筛选条件已设置
2026-04-01 06:32:18,723 | INFO | ali1688_goods_monitor | 开始获取商品:952611726643、915854311158、985998626047、924140770781、986179889619、999860867159、675880303102、997359995216、991467576950、813592780236、920664381969、926941651375、847784309788、991699553836、848195784663、773383798724、1006668462460、917143716667、833863806015、778105306124的基本信息
2026-04-01 06:32:18,724 | INFO | ali1688_goods_monitor | ⏳ 等待点击【开始查询】并捕获 offerSearch 接口...
2026-04-01 06:32:19,045 | INFO | ali1688_goods_monitor | 商品列表返回码: 200
2026-04-01 06:32:19,045 | INFO | ali1688_goods_monitor | 🚀 开始捕获商品数据，共 19 个商品
2026-04-01 06:32:19,048 | INFO | ali1688_goods_monitor | ✅ 商品基本信息捕获完成，总耗时: 0.00秒
2026-04-01 06:32:19,048 | INFO | ali1688_goods_monitor |    - 商品数: 19
2026-04-01 06:32:19,048 | INFO | ali1688_goods_monitor | ✅ 第 7 批完成，获取到 19 个商品，0 个SKU
2026-04-01 06:32:19,049 | INFO | ali1688_goods_monitor | 📋 第 7 批商品信息:
2026-04-01 06:32:19,049 | INFO | ali1688_goods_monitor |   1. 商品ID: 1006668462460, 店铺: 汕头市澄海区美迪电器厂, SKU数: 12
2026-04-01 06:32:19,050 | INFO | ali1688_goods_monitor |   2. 商品ID: 920664381969, 店铺: 义乌市艺可玩具有限公司, SKU数: 4
2026-04-01 06:32:19,050 | INFO | ali1688_goods_monitor |   3. 商品ID: 773383798724, 店铺: 汕头市澄海区优比比玩具商行, SKU数: 10
2026-04-01 06:32:19,050 | INFO | ali1688_goods_monitor |   4. 商品ID: 675880303102, 店铺: 深圳巨变科技有限公司, SKU数: 1
2026-04-01 06:32:19,050 | INFO | ali1688_goods_monitor |   5. 商品ID: 997359995216, 店铺: 汕头市盛缔歆贸易有限公司, SKU数: 4
2026-04-01 06:32:19,051 | INFO | ali1688_goods_monitor |   6. 商品ID: 848195784663, 店铺: 汕头市龙湖区熹萌喵玩具厂, SKU数: 6
2026-04-01 06:32:19,051 | INFO | ali1688_goods_monitor |   7. 商品ID: 952611726643, 店铺: 汕头市嬉游记玩具有限公司, SKU数: 2
2026-04-01 06:32:19,051 | INFO | ali1688_goods_monitor |   8. 商品ID: 926941651375, 店铺: 汕头市龙湖区熹萌喵玩具厂, SKU数: 10
2026-04-01 06:32:19,052 | INFO | ali1688_goods_monitor |   9. 商品ID: 778105306124, 店铺: 林粉兰, SKU数: 1
2026-04-01 06:32:19,052 | INFO | ali1688_goods_monitor |   10. 商品ID: 985998626047, 店铺: 汕头澄海区莱鑫益益智玩具商行, SKU数: 4
2026-04-01 06:32:19,052 | INFO | ali1688_goods_monitor |   11. 商品ID: 917143716667, 店铺: 汕头市龙湖区熹萌喵玩具厂, SKU数: 4
2026-04-01 06:32:19,052 | INFO | ali1688_goods_monitor |   12. 商品ID: 986179889619, 店铺: 汕头市澄海区来得玩具厂, SKU数: 3
2026-04-01 06:32:19,053 | INFO | ali1688_goods_monitor |   13. 商品ID: 999860867159, 店铺: 汕头市盛缔歆贸易有限公司, SKU数: 1
2026-04-01 06:32:19,053 | INFO | ali1688_goods_monitor |   14. 商品ID: 924140770781, 店铺: 义乌市圣泽文化用品有限公司, SKU数: 2
2026-04-01 06:32:19,053 | INFO | ali1688_goods_monitor |   15. 商品ID: 813592780236, 店铺: 义乌漫爱玩具商行, SKU数: 2
2026-04-01 06:32:19,053 | INFO | ali1688_goods_monitor |   16. 商品ID: 833863806015, 店铺: 潮州市博思玩具有限公司, SKU数: 5
2026-04-01 06:32:19,054 | INFO | ali1688_goods_monitor |   17. 商品ID: 847784309788, 店铺: 汕头市龙湖区熹萌喵玩具厂, SKU数: 2
2026-04-01 06:32:19,055 | INFO | ali1688_goods_monitor |   18. 商品ID: 915854311158, 店铺: 汕头市龙湖区熹萌喵玩具厂, SKU数: 5
2026-04-01 06:32:19,055 | INFO | ali1688_goods_monitor |   19. 商品ID: 991467576950, 店铺: 汕头市澄海区罗森丰贸易商行, SKU数: 40
2026-04-01 06:32:19,111 | INFO | ali1688_goods_monitor | 💾 第7/14批：已保存 19 个商品到数据库
2026-04-01 06:32:19,111 | INFO | ali1688_goods_monitor | ⏸️  随机暂停 3.7 秒...
2026-04-01 06:32:22,801 | INFO | ali1688_goods_monitor | 🔄 刷新页面，准备处理第 8 批...
2026-04-01 06:32:28,954 | INFO | ali1688_goods_monitor | 🔍 处理第 8/14 批，共 20 个商品
2026-04-01 06:32:28,956 | INFO | ali1688_goods_monitor | 📋 商品ID: 1000261330427、990374779412、678640196785、855494409051、695065852792、973730524327、969889694254、854773109889、662629659424、1001253412551、796066732390、968025059447、983142383790、918745003737、989391144530、903214944988、909894706445、854420062122、653871136084、626387346293
2026-04-01 06:32:28,966 | INFO | ali1688_goods_monitor | 🧩 选择搜索方式: 商品ID
2026-04-01 06:32:29,475 | INFO | ali1688_goods_monitor | 搜索的商品id是:1000261330427、990374779412、678640196785、855494409051、695065852792、973730524327、969889694254、854773109889、662629659424、1001253412551、796066732390、968025059447、983142383790、918745003737、989391144530、903214944988、909894706445、854420062122、653871136084、626387346293
2026-04-01 06:32:30,586 | INFO | ali1688_goods_monitor | ✅ 第 8 批筛选条件已设置
2026-04-01 06:32:33,587 | INFO | ali1688_goods_monitor | 开始获取商品:1000261330427、990374779412、678640196785、855494409051、695065852792、973730524327、969889694254、854773109889、662629659424、1001253412551、796066732390、968025059447、983142383790、918745003737、989391144530、903214944988、909894706445、854420062122、653871136084、626387346293的基本信息
2026-04-01 06:32:33,589 | INFO | ali1688_goods_monitor | ⏳ 等待点击【开始查询】并捕获 offerSearch 接口...
2026-04-01 06:32:33,940 | INFO | ali1688_goods_monitor | 商品列表返回码: 200
2026-04-01 06:32:33,940 | INFO | ali1688_goods_monitor | 🚀 开始捕获商品数据，共 20 个商品
2026-04-01 06:32:33,942 | INFO | ali1688_goods_monitor | ✅ 商品基本信息捕获完成，总耗时: 0.00秒
2026-04-01 06:32:33,942 | INFO | ali1688_goods_monitor |    - 商品数: 20
2026-04-01 06:32:33,943 | INFO | ali1688_goods_monitor | ✅ 第 8 批完成，获取到 20 个商品，0 个SKU
2026-04-01 06:32:33,943 | INFO | ali1688_goods_monitor | 📋 第 8 批商品信息:
2026-04-01 06:32:33,943 | INFO | ali1688_goods_monitor |   1. 商品ID: 678640196785, 店铺: 汕头市澄海区实琪玩具有限公司, SKU数: 8
2026-04-01 06:32:33,943 | INFO | ali1688_goods_monitor |   2. 商品ID: 918745003737, 店铺: 深圳市栓云笙科技有限公司, SKU数: 6
2026-04-01 06:32:33,943 | INFO | ali1688_goods_monitor |   3. 商品ID: 968025059447, 店铺: 汕头市澄海区骇浪玩具商行（个体工商户）, SKU数: 6
2026-04-01 06:32:33,943 | INFO | ali1688_goods_monitor |   4. 商品ID: 990374779412, 店铺: 义乌市精卓工艺品有限公司, SKU数: 3
2026-04-01 06:32:33,943 | INFO | ali1688_goods_monitor |   5. 商品ID: 969889694254, 店铺: 深圳市惠艺美玩具有限公司, SKU数: 27
2026-04-01 06:32:33,944 | INFO | ali1688_goods_monitor |   6. 商品ID: 855494409051, 店铺: 汕头市龙湖区熹萌喵玩具厂, SKU数: 4
2026-04-01 06:32:33,944 | INFO | ali1688_goods_monitor |   7. 商品ID: 989391144530, 店铺: 汕头市澄海区罗森丰贸易商行, SKU数: 40
2026-04-01 06:32:33,944 | INFO | ali1688_goods_monitor |   8. 商品ID: 796066732390, 店铺: 义乌市卡登电子商务有限公司, SKU数: 6
2026-04-01 06:32:33,944 | INFO | ali1688_goods_monitor |   9. 商品ID: 854420062122, 店铺: 汕头市龙湖区熹萌喵玩具厂, SKU数: 12
2026-04-01 06:32:33,944 | INFO | ali1688_goods_monitor |   10. 商品ID: 903214944988, 店铺: 汕头市澄海区汕澄批玩具商行, SKU数: 1
2026-04-01 06:32:33,945 | INFO | ali1688_goods_monitor |   11. 商品ID: 854773109889, 店铺: 汕头市龙湖区熹萌喵玩具厂, SKU数: 1
2026-04-01 06:32:33,945 | INFO | ali1688_goods_monitor |   12. 商品ID: 1001253412551, 店铺: 汕头市澄海区贝晟玩具厂, SKU数: 7
2026-04-01 06:32:33,945 | INFO | ali1688_goods_monitor |   13. 商品ID: 909894706445, 店铺: 汕头市澄海区越来越聪明玩具厂, SKU数: 22
2026-04-01 06:32:33,945 | INFO | ali1688_goods_monitor |   14. 商品ID: 626387346293, 店铺: 汕头市嬉游记玩具有限公司, SKU数: 10
2026-04-01 06:32:33,945 | INFO | ali1688_goods_monitor |   15. 商品ID: 983142383790, 店铺: 东莞市狂蜂狂蚁科技有限公司, SKU数: None
2026-04-01 06:32:33,945 | INFO | ali1688_goods_monitor |   16. 商品ID: 1000261330427, 店铺: 汕头市盛缔歆贸易有限公司, SKU数: 1
2026-04-01 06:32:33,946 | INFO | ali1688_goods_monitor |   17. 商品ID: 662629659424, 店铺: 汕头市嬉游记玩具有限公司, SKU数: 4
2026-04-01 06:32:33,946 | INFO | ali1688_goods_monitor |   18. 商品ID: 695065852792, 店铺: 汕头市澄海区川宇玩具厂, SKU数: 2
2026-04-01 06:32:33,946 | INFO | ali1688_goods_monitor |   19. 商品ID: 653871136084, 店铺: 汕头市未闻花名母婴用品有限公司, SKU数: 4
2026-04-01 06:32:33,946 | INFO | ali1688_goods_monitor |   20. 商品ID: 973730524327, 店铺: 汕头市乐与拾光玩具有限公司, SKU数: 11
2026-04-01 06:32:34,008 | INFO | ali1688_goods_monitor | 💾 第8/14批：已保存 20 个商品到数据库
2026-04-01 06:32:34,008 | INFO | ali1688_goods_monitor | ⏸️  随机暂停 6.0 秒...
2026-04-01 06:32:40,015 | INFO | ali1688_goods_monitor | 🔄 刷新页面，准备处理第 9 批...
2026-04-01 06:32:46,570 | INFO | ali1688_goods_monitor | 🔍 处理第 9/14 批，共 20 个商品
2026-04-01 06:32:46,570 | INFO | ali1688_goods_monitor | 📋 商品ID: 984336119328、978648327291、834236928026、709904411964、847979472849、848295933948、939201456076、985101359570、900592605428、818121391220、668301084321、716733322460、955211708273、985879832920、847713406081、997742353743、906941705446、975402784788、992713938362、998016077358
2026-04-01 06:32:46,574 | INFO | ali1688_goods_monitor | 🧩 选择搜索方式: 商品ID
2026-04-01 06:32:47,038 | INFO | ali1688_goods_monitor | 搜索的商品id是:984336119328、978648327291、834236928026、709904411964、847979472849、848295933948、939201456076、985101359570、900592605428、818121391220、668301084321、716733322460、955211708273、985879832920、847713406081、997742353743、906941705446、975402784788、992713938362、998016077358
2026-04-01 06:32:48,179 | INFO | ali1688_goods_monitor | ✅ 第 9 批筛选条件已设置
2026-04-01 06:32:51,185 | INFO | ali1688_goods_monitor | 开始获取商品:984336119328、978648327291、834236928026、709904411964、847979472849、848295933948、939201456076、985101359570、900592605428、818121391220、668301084321、716733322460、955211708273、985879832920、847713406081、997742353743、906941705446、975402784788、992713938362、998016077358的基本信息
2026-04-01 06:32:51,187 | INFO | ali1688_goods_monitor | ⏳ 等待点击【开始查询】并捕获 offerSearch 接口...
2026-04-01 06:32:51,507 | INFO | ali1688_goods_monitor | 商品列表返回码: 200
2026-04-01 06:32:51,508 | INFO | ali1688_goods_monitor | 🚀 开始捕获商品数据，共 19 个商品
2026-04-01 06:32:51,510 | INFO | ali1688_goods_monitor | ✅ 商品基本信息捕获完成，总耗时: 0.00秒
2026-04-01 06:32:51,511 | INFO | ali1688_goods_monitor |    - 商品数: 19
2026-04-01 06:32:51,511 | INFO | ali1688_goods_monitor | ✅ 第 9 批完成，获取到 19 个商品，0 个SKU
2026-04-01 06:32:51,512 | INFO | ali1688_goods_monitor | 📋 第 9 批商品信息:
2026-04-01 06:32:51,512 | INFO | ali1688_goods_monitor |   1. 商品ID: 847979472849, 店铺: 汕头市龙湖区熹萌喵玩具厂, SKU数: 1
2026-04-01 06:32:51,512 | INFO | ali1688_goods_monitor |   2. 商品ID: 848295933948, 店铺: 汕头市龙湖区熹萌喵玩具厂, SKU数: 12
2026-04-01 06:32:51,513 | INFO | ali1688_goods_monitor |   3. 商品ID: 906941705446, 店铺: 义乌市双彩供应链有限公司, SKU数: 2
2026-04-01 06:32:51,513 | INFO | ali1688_goods_monitor |   4. 商品ID: 997742353743, 店铺: 义乌市胤潭电子商务商行, SKU数: 3
2026-04-01 06:32:51,513 | INFO | ali1688_goods_monitor |   5. 商品ID: 716733322460, 店铺: 汕头市澄海区童萌趣玩具贸易商行, SKU数: 8
2026-04-01 06:32:51,513 | INFO | ali1688_goods_monitor |   6. 商品ID: 709904411964, 店铺: 宿迁市俏楚贸易有限公司, SKU数: 24
2026-04-01 06:32:51,513 | INFO | ali1688_goods_monitor |   7. 商品ID: 985879832920, 店铺: 汕头市龙湖区熹萌喵玩具厂, SKU数: 4
2026-04-01 06:32:51,513 | INFO | ali1688_goods_monitor |   8. 商品ID: 847713406081, 店铺: 汕头市龙湖区熹萌喵玩具厂, SKU数: 1
2026-04-01 06:32:51,513 | INFO | ali1688_goods_monitor |   9. 商品ID: 975402784788, 店铺: 汕头市硕维玩具有限公司, SKU数: 1
2026-04-01 06:32:51,514 | INFO | ali1688_goods_monitor |   10. 商品ID: 834236928026, 店铺: 深圳焦点创意电子科技发展有限公司, SKU数: 1
2026-04-01 06:32:51,514 | INFO | ali1688_goods_monitor |   11. 商品ID: 955211708273, 店铺: 汕头市澄海区多美仕玩具厂, SKU数: 23
2026-04-01 06:32:51,514 | INFO | ali1688_goods_monitor |   12. 商品ID: 900592605428, 店铺: 汕头市龙湖区熹萌喵玩具厂, SKU数: 6
2026-04-01 06:32:51,514 | INFO | ali1688_goods_monitor |   13. 商品ID: 818121391220, 店铺: 义乌市零号电子商务商行, SKU数: 7
2026-04-01 06:32:51,514 | INFO | ali1688_goods_monitor |   14. 商品ID: 998016077358, 店铺: 汕头市创爱旺科技有限公司, SKU数: 3
2026-04-01 06:32:51,514 | INFO | ali1688_goods_monitor |   15. 商品ID: 992713938362, 店铺: 深圳市品艺玩具有限公司, SKU数: 4
2026-04-01 06:32:51,516 | INFO | ali1688_goods_monitor |   16. 商品ID: 668301084321, 店铺: 深圳市铂瑞斯贸易有限公司, SKU数: 5
2026-04-01 06:32:51,517 | INFO | ali1688_goods_monitor |   17. 商品ID: 939201456076, 店铺: 汕头市龙湖区熹萌喵玩具厂, SKU数: 7
2026-04-01 06:32:51,517 | INFO | ali1688_goods_monitor |   18. 商品ID: 984336119328, 店铺: 汕头市澄海区泰旭玩具厂, SKU数: 3
2026-04-01 06:32:51,517 | INFO | ali1688_goods_monitor |   19. 商品ID: 985101359570, 店铺: 义乌市栩磊电子商务商行, SKU数: 4
2026-04-01 06:32:51,572 | INFO | ali1688_goods_monitor | 💾 第9/14批：已保存 19 个商品到数据库
2026-04-01 06:32:51,572 | INFO | ali1688_goods_monitor | ⏸️  随机暂停 4.8 秒...
2026-04-01 06:32:56,374 | INFO | ali1688_goods_monitor | 🔄 刷新页面，准备处理第 10 批...
2026-04-01 06:33:02,557 | INFO | ali1688_goods_monitor | 🔍 处理第 10/14 批，共 20 个商品
2026-04-01 06:33:02,557 | INFO | ali1688_goods_monitor | 📋 商品ID: 676772683627、991759687233、987237412445、847713406078、675557812438、946133528766、661664097697、987732400816、724154127228、672751050822、972523284067、661514670948、903149142386、686348979544、942621028118、678110916347、951586784136、538297571141、670793076081、994715362159
2026-04-01 06:33:02,560 | INFO | ali1688_goods_monitor | 🧩 选择搜索方式: 商品ID
2026-04-01 06:33:03,052 | INFO | ali1688_goods_monitor | 搜索的商品id是:676772683627、991759687233、987237412445、847713406078、675557812438、946133528766、661664097697、987732400816、724154127228、672751050822、972523284067、661514670948、903149142386、686348979544、942621028118、678110916347、951586784136、538297571141、670793076081、994715362159
2026-04-01 06:33:04,134 | INFO | ali1688_goods_monitor | ✅ 第 10 批筛选条件已设置
2026-04-01 06:33:07,140 | INFO | ali1688_goods_monitor | 开始获取商品:676772683627、991759687233、987237412445、847713406078、675557812438、946133528766、661664097697、987732400816、724154127228、672751050822、972523284067、661514670948、903149142386、686348979544、942621028118、678110916347、951586784136、538297571141、670793076081、994715362159的基本信息
2026-04-01 06:33:07,142 | INFO | ali1688_goods_monitor | ⏳ 等待点击【开始查询】并捕获 offerSearch 接口...
2026-04-01 06:33:07,594 | INFO | ali1688_goods_monitor | 商品列表返回码: 200
2026-04-01 06:33:07,594 | INFO | ali1688_goods_monitor | 🚀 开始捕获商品数据，共 20 个商品
2026-04-01 06:33:07,598 | INFO | ali1688_goods_monitor | ✅ 商品基本信息捕获完成，总耗时: 0.00秒
2026-04-01 06:33:07,598 | INFO | ali1688_goods_monitor |    - 商品数: 20
2026-04-01 06:33:07,599 | INFO | ali1688_goods_monitor | ✅ 第 10 批完成，获取到 20 个商品，0 个SKU
2026-04-01 06:33:07,599 | INFO | ali1688_goods_monitor | 📋 第 10 批商品信息:
2026-04-01 06:33:07,599 | INFO | ali1688_goods_monitor |   1. 商品ID: 972523284067, 店铺: 汕头市澄海区华美乐玩具厂, SKU数: 1
2026-04-01 06:33:07,599 | INFO | ali1688_goods_monitor |   2. 商品ID: 942621028118, 店铺: 汕头市澄海区孩艺宝玩具厂, SKU数: 20
2026-04-01 06:33:07,599 | INFO | ali1688_goods_monitor |   3. 商品ID: 946133528766, 店铺: 汕头市澄海区陶境玩具有限公司, SKU数: 4
2026-04-01 06:33:07,600 | INFO | ali1688_goods_monitor |   4. 商品ID: 847713406078, 店铺: 汕头市龙湖区熹萌喵玩具厂, SKU数: 4
2026-04-01 06:33:07,600 | INFO | ali1688_goods_monitor |   5. 商品ID: 675557812438, 店铺: 汕头市澄海区蛋宝玩具厂, SKU数: 1
2026-04-01 06:33:07,600 | INFO | ali1688_goods_monitor |   6. 商品ID: 678110916347, 店铺: 汕头市澄海区丰乐多玩具厂, SKU数: 9
2026-04-01 06:33:07,600 | INFO | ali1688_goods_monitor |   7. 商品ID: 670793076081, 店铺: 汕头市澄海区实琪玩具有限公司, SKU数: 12
2026-04-01 06:33:07,600 | INFO | ali1688_goods_monitor |   8. 商品ID: 903149142386, 店铺: 汕头市龙湖区熹萌喵玩具厂, SKU数: 4
2026-04-01 06:33:07,601 | INFO | ali1688_goods_monitor |   9. 商品ID: 951586784136, 店铺: 汕头市澄海区悦优佳玩具厂, SKU数: 34
2026-04-01 06:33:07,601 | INFO | ali1688_goods_monitor |   10. 商品ID: 994715362159, 店铺: 汕头市澄海区臻棒玩具厂, SKU数: 14
2026-04-01 06:33:07,601 | INFO | ali1688_goods_monitor |   11. 商品ID: 686348979544, 店铺: 深圳市易巧玩具有限公司, SKU数: 1
2026-04-01 06:33:07,601 | INFO | ali1688_goods_monitor |   12. 商品ID: 987732400816, 店铺: 汕头市澄海区新润洋玩具厂, SKU数: 1
2026-04-01 06:33:07,601 | INFO | ali1688_goods_monitor |   13. 商品ID: 724154127228, 店铺: 汕头市澄海区川宇玩具厂, SKU数: 6
2026-04-01 06:33:07,601 | INFO | ali1688_goods_monitor |   14. 商品ID: 661514670948, 店铺: 汕头市嬉游记玩具有限公司, SKU数: 9
2026-04-01 06:33:07,602 | INFO | ali1688_goods_monitor |   15. 商品ID: 538297571141, 店铺: 深圳灿煜玩具有限公司, SKU数: 6
2026-04-01 06:33:07,602 | INFO | ali1688_goods_monitor |   16. 商品ID: 676772683627, 店铺: 汕头市俏娃玩具有限公司, SKU数: 5
2026-04-01 06:33:07,602 | INFO | ali1688_goods_monitor |   17. 商品ID: 991759687233, 店铺: 义乌市昭旭日用百货有限公司, SKU数: 6
2026-04-01 06:33:07,602 | INFO | ali1688_goods_monitor |   18. 商品ID: 661664097697, 店铺: 汕头市俏娃玩具有限公司, SKU数: 2
2026-04-01 06:33:07,603 | INFO | ali1688_goods_monitor |   19. 商品ID: 987237412445, 店铺: 汕头市澄海区童乐玩玩具厂, SKU数: 20
2026-04-01 06:33:07,603 | INFO | ali1688_goods_monitor |   20. 商品ID: 672751050822, 店铺: 汕头市澄海区高美玩具厂, SKU数: 3
2026-04-01 06:33:07,670 | INFO | ali1688_goods_monitor | 💾 第10/14批：已保存 20 个商品到数据库
2026-04-01 06:33:07,670 | INFO | ali1688_goods_monitor | ⏸️  随机暂停 3.5 秒...
2026-04-01 06:33:11,225 | INFO | ali1688_goods_monitor | 🔄 刷新页面，准备处理第 11 批...
2026-04-01 06:33:17,588 | INFO | ali1688_goods_monitor | 🔍 处理第 11/14 批，共 20 个商品
2026-04-01 06:33:17,589 | INFO | ali1688_goods_monitor | 📋 商品ID: 969387993044、910382293640、986633373239、1027381048230、683872677220、1031769907868、990976789985、858770936676、646729482472、917025701974、854168645121、990260832462、992882388093、978968804889、848415574468、900563388108、895042686618、734736330484、985898832914、847993548322
2026-04-01 06:33:17,595 | INFO | ali1688_goods_monitor | 🧩 选择搜索方式: 商品ID
2026-04-01 06:33:18,137 | INFO | ali1688_goods_monitor | 搜索的商品id是:969387993044、910382293640、986633373239、1027381048230、683872677220、1031769907868、990976789985、858770936676、646729482472、917025701974、854168645121、990260832462、992882388093、978968804889、848415574468、900563388108、895042686618、734736330484、985898832914、847993548322
2026-04-01 06:33:19,229 | INFO | ali1688_goods_monitor | ✅ 第 11 批筛选条件已设置
2026-04-01 06:33:22,233 | INFO | ali1688_goods_monitor | 开始获取商品:969387993044、910382293640、986633373239、1027381048230、683872677220、1031769907868、990976789985、858770936676、646729482472、917025701974、854168645121、990260832462、992882388093、978968804889、848415574468、900563388108、895042686618、734736330484、985898832914、847993548322的基本信息
2026-04-01 06:33:22,233 | INFO | ali1688_goods_monitor | ⏳ 等待点击【开始查询】并捕获 offerSearch 接口...
2026-04-01 06:33:22,561 | INFO | ali1688_goods_monitor | 商品列表返回码: 200
2026-04-01 06:33:22,562 | INFO | ali1688_goods_monitor | 🚀 开始捕获商品数据，共 18 个商品
2026-04-01 06:33:22,565 | INFO | ali1688_goods_monitor | ✅ 商品基本信息捕获完成，总耗时: 0.00秒
2026-04-01 06:33:22,566 | INFO | ali1688_goods_monitor |    - 商品数: 18
2026-04-01 06:33:22,567 | INFO | ali1688_goods_monitor | ✅ 第 11 批完成，获取到 18 个商品，0 个SKU
2026-04-01 06:33:22,567 | INFO | ali1688_goods_monitor | 📋 第 11 批商品信息:
2026-04-01 06:33:22,567 | INFO | ali1688_goods_monitor |   1. 商品ID: 1031769907868, 店铺: 汕头市龙湖区莱之趣玩具商行（个体工商户）, SKU数: 6
2026-04-01 06:33:22,567 | INFO | ali1688_goods_monitor |   2. 商品ID: 854168645121, 店铺: 汕头市俏娃玩具有限公司, SKU数: 3
2026-04-01 06:33:22,567 | INFO | ali1688_goods_monitor |   3. 商品ID: 910382293640, 店铺: 汕头市澄海区越来越聪明玩具厂, SKU数: 22
2026-04-01 06:33:22,567 | INFO | ali1688_goods_monitor |   4. 商品ID: 990976789985, 店铺: 汕头市澄海区超慧丰贸易商行, SKU数: 16
2026-04-01 06:33:22,567 | INFO | ali1688_goods_monitor |   5. 商品ID: 917025701974, 店铺: 汕头市澄海区佳允玩具厂, SKU数: 8
2026-04-01 06:33:22,568 | INFO | ali1688_goods_monitor |   6. 商品ID: 990260832462, 店铺: 汕头市澄海区嘉贝施玩具商行, SKU数: 3
2026-04-01 06:33:22,568 | INFO | ali1688_goods_monitor |   7. 商品ID: 646729482472, 店铺: 汕头市澄海区创羽玩具贸易商行, SKU数: 6
2026-04-01 06:33:22,568 | INFO | ali1688_goods_monitor |   8. 商品ID: 683872677220, 店铺: 汕头市俏娃玩具有限公司, SKU数: 3
2026-04-01 06:33:22,568 | INFO | ali1688_goods_monitor |   9. 商品ID: 848415574468, 店铺: 汕头市龙湖区熹萌喵玩具厂, SKU数: 1
2026-04-01 06:33:22,568 | INFO | ali1688_goods_monitor |   10. 商品ID: 969387993044, 店铺: 汕头市澄海区芽比玩具商行, SKU数: 20
2026-04-01 06:33:22,568 | INFO | ali1688_goods_monitor |   11. 商品ID: 734736330484, 店铺: 汕头市澄海区悦优佳玩具厂, SKU数: 34
2026-04-01 06:33:22,569 | INFO | ali1688_goods_monitor |   12. 商品ID: 895042686618, 店铺: 汕头市龙湖区熹萌喵玩具厂, SKU数: 2
2026-04-01 06:33:22,569 | INFO | ali1688_goods_monitor |   13. 商品ID: 900563388108, 店铺: 汕头市澄海区孩艺宝玩具厂, SKU数: 12
2026-04-01 06:33:22,569 | INFO | ali1688_goods_monitor |   14. 商品ID: 986633373239, 店铺: 汕头市嬉游记玩具有限公司, SKU数: 11
2026-04-01 06:33:22,569 | INFO | ali1688_goods_monitor |   15. 商品ID: 978968804889, 店铺: 汕头市澄海区境趣玩具商行, SKU数: 1
2026-04-01 06:33:22,569 | INFO | ali1688_goods_monitor |   16. 商品ID: 858770936676, 店铺: 义乌市星愿电子商务有限公司, SKU数: 2
2026-04-01 06:33:22,570 | INFO | ali1688_goods_monitor |   17. 商品ID: 847993548322, 店铺: 汕头市龙湖区熹萌喵玩具厂, SKU数: 3
2026-04-01 06:33:22,570 | INFO | ali1688_goods_monitor |   18. 商品ID: 1027381048230, 店铺: 深圳市智其峰科技有限公司, SKU数: 36
2026-04-01 06:33:22,622 | INFO | ali1688_goods_monitor | 💾 第11/14批：已保存 18 个商品到数据库
2026-04-01 06:33:22,622 | INFO | ali1688_goods_monitor | ⏸️  随机暂停 5.6 秒...
2026-04-01 06:33:28,214 | INFO | ali1688_goods_monitor | 🔄 刷新页面，准备处理第 12 批...
2026-04-01 06:33:34,660 | INFO | ali1688_goods_monitor | 🔍 处理第 12/14 批，共 20 个商品
2026-04-01 06:33:34,661 | INFO | ali1688_goods_monitor | 📋 商品ID: 1013917249205、1033404841463、1035850540780、992863648563、973255115593、643044757475、897059922290、973247771787、629652629026、984991416938、960725525521、1028239295024、634658078975、757454263904、728912992880、1001279554121、726064645781、795861191445、727364044091、894449366946
2026-04-01 06:33:34,665 | INFO | ali1688_goods_monitor | 🧩 选择搜索方式: 商品ID
2026-04-01 06:33:35,178 | INFO | ali1688_goods_monitor | 搜索的商品id是:1013917249205、1033404841463、1035850540780、992863648563、973255115593、643044757475、897059922290、973247771787、629652629026、984991416938、960725525521、1028239295024、634658078975、757454263904、728912992880、1001279554121、726064645781、795861191445、727364044091、894449366946
2026-04-01 06:33:36,338 | INFO | ali1688_goods_monitor | ✅ 第 12 批筛选条件已设置
2026-04-01 06:33:39,338 | INFO | ali1688_goods_monitor | 开始获取商品:1013917249205、1033404841463、1035850540780、992863648563、973255115593、643044757475、897059922290、973247771787、629652629026、984991416938、960725525521、1028239295024、634658078975、757454263904、728912992880、1001279554121、726064645781、795861191445、727364044091、894449366946的基本信息
2026-04-01 06:33:39,339 | INFO | ali1688_goods_monitor | ⏳ 等待点击【开始查询】并捕获 offerSearch 接口...
2026-04-01 06:33:39,703 | INFO | ali1688_goods_monitor | 商品列表返回码: 200
2026-04-01 06:33:39,704 | INFO | ali1688_goods_monitor | 🚀 开始捕获商品数据，共 20 个商品
2026-04-01 06:33:39,704 | INFO | ali1688_goods_monitor | ✅ 商品基本信息捕获完成，总耗时: 0.00秒
2026-04-01 06:33:39,705 | INFO | ali1688_goods_monitor |    - 商品数: 20
2026-04-01 06:33:39,705 | INFO | ali1688_goods_monitor | ✅ 第 12 批完成，获取到 20 个商品，0 个SKU
2026-04-01 06:33:39,705 | INFO | ali1688_goods_monitor | 📋 第 12 批商品信息:
2026-04-01 06:33:39,706 | INFO | ali1688_goods_monitor |   1. 商品ID: 1028239295024, 店铺: 汕头市澄海区东原玩具厂, SKU数: 1
2026-04-01 06:33:39,706 | INFO | ali1688_goods_monitor |   2. 商品ID: 973255115593, 店铺: 汕头市澄海区悦优佳玩具厂, SKU数: 36
2026-04-01 06:33:39,706 | INFO | ali1688_goods_monitor |   3. 商品ID: 1033404841463, 店铺: 汕头市龙湖区莱之趣玩具商行（个体工商户）, SKU数: 4
2026-04-01 06:33:39,707 | INFO | ali1688_goods_monitor |   4. 商品ID: 1035850540780, 店铺: 汕头市澄海区盛艺兴玩具厂, SKU数: 8
2026-04-01 06:33:39,707 | INFO | ali1688_goods_monitor |   5. 商品ID: 757454263904, 店铺: 汕头市恩游兔玩具有限公司, SKU数: 1
2026-04-01 06:33:39,707 | INFO | ali1688_goods_monitor |   6. 商品ID: 726064645781, 店铺: 汕头市澄海区奕欣玩具有限公司, SKU数: 6
2026-04-01 06:33:39,707 | INFO | ali1688_goods_monitor |   7. 商品ID: 634658078975, 店铺: 汕头市嬉游记玩具有限公司, SKU数: 16
2026-04-01 06:33:39,708 | INFO | ali1688_goods_monitor |   8. 商品ID: 960725525521, 店铺: 汕头市龙湖区熹萌喵玩具厂, SKU数: 10
2026-04-01 06:33:39,708 | INFO | ali1688_goods_monitor |   9. 商品ID: 629652629026, 店铺: 汕头市嬉游记玩具有限公司, SKU数: 5
2026-04-01 06:33:39,708 | INFO | ali1688_goods_monitor |   10. 商品ID: 894449366946, 店铺: 汕头市澄海区雅尚腾玩具厂(个体工商户), SKU数: 30
2026-04-01 06:33:39,708 | INFO | ali1688_goods_monitor |   11. 商品ID: 795861191445, 店铺: 义乌市卡登电子商务有限公司, SKU数: 6
2026-04-01 06:33:39,708 | INFO | ali1688_goods_monitor |   12. 商品ID: 992863648563, 店铺: 汕头市澄海区贝趣星玩具厂, SKU数: 11
2026-04-01 06:33:39,709 | INFO | ali1688_goods_monitor |   13. 商品ID: 727364044091, 店铺: 汕头市澄海区实琪玩具有限公司, SKU数: 7
2026-04-01 06:33:39,709 | INFO | ali1688_goods_monitor |   14. 商品ID: 728912992880, 店铺: 汕头市澄海区泓趣欢玩具厂, SKU数: 24
2026-04-01 06:33:39,709 | INFO | ali1688_goods_monitor |   15. 商品ID: 1013917249205, 店铺: 广东佰思玩具有限公司, SKU数: 5
2026-04-01 06:33:39,709 | INFO | ali1688_goods_monitor |   16. 商品ID: 643044757475, 店铺: 汕头市稳住别浪玩具科技有限公司, SKU数: 41
2026-04-01 06:33:39,709 | INFO | ali1688_goods_monitor |   17. 商品ID: 1001279554121, 店铺: 汕头市澄海区金宝欢玩具商行, SKU数: 4
2026-04-01 06:33:39,709 | INFO | ali1688_goods_monitor |   18. 商品ID: 984991416938, 店铺: 义乌漫爱玩具商行, SKU数: 6
2026-04-01 06:33:39,710 | INFO | ali1688_goods_monitor |   19. 商品ID: 897059922290, 店铺: 1688选品中心官方供应链, SKU数: 5
2026-04-01 06:33:39,710 | INFO | ali1688_goods_monitor |   20. 商品ID: 973247771787, 店铺: 汕头市澄海区萃婴乐玩具厂, SKU数: 2
2026-04-01 06:33:39,799 | INFO | ali1688_goods_monitor | 💾 第12/14批：已保存 20 个商品到数据库
2026-04-01 06:33:39,799 | INFO | ali1688_goods_monitor | ⏸️  随机暂停 4.5 秒...
2026-04-01 06:33:44,343 | INFO | ali1688_goods_monitor | 🔄 刷新页面，准备处理第 13 批...
2026-04-01 06:33:49,478 | INFO | ali1688_goods_monitor | 🔍 处理第 13/14 批，共 20 个商品
2026-04-01 06:33:49,480 | INFO | ali1688_goods_monitor | 📋 商品ID: 809233523760、990425215638、970781028572、929103621035、658391484708、990589043915、1031855101004、687729432138、858007859516、1024421346400、1001391447719、728364497329、952896839032、622513415473、974035321584、847969236799、969646541226、751554304142、863983065199、775392792723
2026-04-01 06:33:49,486 | INFO | ali1688_goods_monitor | 🧩 选择搜索方式: 商品ID
2026-04-01 06:33:49,953 | INFO | ali1688_goods_monitor | 搜索的商品id是:809233523760、990425215638、970781028572、929103621035、658391484708、990589043915、1031855101004、687729432138、858007859516、1024421346400、1001391447719、728364497329、952896839032、622513415473、974035321584、847969236799、969646541226、751554304142、863983065199、775392792723
2026-04-01 06:33:51,107 | INFO | ali1688_goods_monitor | ✅ 第 13 批筛选条件已设置
2026-04-01 06:33:54,119 | INFO | ali1688_goods_monitor | 开始获取商品:809233523760、990425215638、970781028572、929103621035、658391484708、990589043915、1031855101004、687729432138、858007859516、1024421346400、1001391447719、728364497329、952896839032、622513415473、974035321584、847969236799、969646541226、751554304142、863983065199、775392792723的基本信息
2026-04-01 06:33:54,121 | INFO | ali1688_goods_monitor | ⏳ 等待点击【开始查询】并捕获 offerSearch 接口...
2026-04-01 06:33:54,591 | INFO | ali1688_goods_monitor | 商品列表返回码: 200
2026-04-01 06:33:54,591 | INFO | ali1688_goods_monitor | 🚀 开始捕获商品数据，共 20 个商品
2026-04-01 06:33:54,594 | INFO | ali1688_goods_monitor | ✅ 商品基本信息捕获完成，总耗时: 0.00秒
2026-04-01 06:33:54,594 | INFO | ali1688_goods_monitor |    - 商品数: 20
2026-04-01 06:33:54,594 | INFO | ali1688_goods_monitor | ✅ 第 13 批完成，获取到 20 个商品，0 个SKU
2026-04-01 06:33:54,594 | INFO | ali1688_goods_monitor | 📋 第 13 批商品信息:
2026-04-01 06:33:54,595 | INFO | ali1688_goods_monitor |   1. 商品ID: 658391484708, 店铺: 汕头市澄海区柏嘉盛玩具商行, SKU数: 12
2026-04-01 06:33:54,595 | INFO | ali1688_goods_monitor |   2. 商品ID: 775392792723, 店铺: 汕头市澄海区方米狸玩具厂, SKU数: 25
2026-04-01 06:33:54,595 | INFO | ali1688_goods_monitor |   3. 商品ID: 622513415473, 店铺: 汕头市嬉游记玩具有限公司, SKU数: 4
2026-04-01 06:33:54,595 | INFO | ali1688_goods_monitor |   4. 商品ID: 751554304142, 店铺: 汕头市嬉游记玩具有限公司, SKU数: 2
2026-04-01 06:33:54,596 | INFO | ali1688_goods_monitor |   5. 商品ID: 990425215638, 店铺: 汕头市澄海区汇熙宝玩具厂, SKU数: 5
2026-04-01 06:33:54,596 | INFO | ali1688_goods_monitor |   6. 商品ID: 952896839032, 店铺: 汕头市俏娃玩具有限公司, SKU数: 3
2026-04-01 06:33:54,596 | INFO | ali1688_goods_monitor |   7. 商品ID: 863983065199, 店铺: 汕头澄海区启迪恩玩具商行, SKU数: 1
2026-04-01 06:33:54,596 | INFO | ali1688_goods_monitor |   8. 商品ID: 990589043915, 店铺: 义乌市辰秘科技有限公司, SKU数: 3
2026-04-01 06:33:54,596 | INFO | ali1688_goods_monitor |   9. 商品ID: 969646541226, 店铺: 汕头市澄海区奋星玩具商行, SKU数: 11
2026-04-01 06:33:54,597 | INFO | ali1688_goods_monitor |   10. 商品ID: 929103621035, 店铺: 汕头市鹿禾科教文化有限公司, SKU数: 6
2026-04-01 06:33:54,597 | INFO | ali1688_goods_monitor |   11. 商品ID: 974035321584, 店铺: 汕头市澄海区聚诚乐玩具厂, SKU数: 5
2026-04-01 06:33:54,597 | INFO | ali1688_goods_monitor |   12. 商品ID: 847969236799, 店铺: 汕头市龙湖区熹萌喵玩具厂, SKU数: 32
2026-04-01 06:33:54,597 | INFO | ali1688_goods_monitor |   13. 商品ID: 728364497329, 店铺: 广东佰思玩具有限公司, SKU数: 5
2026-04-01 06:33:54,597 | INFO | ali1688_goods_monitor |   14. 商品ID: 970781028572, 店铺: 汕头市俏娃玩具有限公司, SKU数: 1
2026-04-01 06:33:54,597 | INFO | ali1688_goods_monitor |   15. 商品ID: 1001391447719, 店铺: 汕头市才佳玩具有限公司, SKU数: 2
2026-04-01 06:33:54,598 | INFO | ali1688_goods_monitor |   16. 商品ID: 858007859516, 店铺: 义乌市登妹贸易有限公司, SKU数: 2
2026-04-01 06:33:54,598 | INFO | ali1688_goods_monitor |   17. 商品ID: 687729432138, 店铺: 深圳巨变科技有限公司, SKU数: 1
2026-04-01 06:33:54,598 | INFO | ali1688_goods_monitor |   18. 商品ID: 1031855101004, 店铺: 汕头市澄海区尤纳兴玩具商行, SKU数: 7
2026-04-01 06:33:54,598 | INFO | ali1688_goods_monitor |   19. 商品ID: 809233523760, 店铺: 汕头市澄海区小筑班五金玩具厂, SKU数: 1
2026-04-01 06:33:54,599 | INFO | ali1688_goods_monitor |   20. 商品ID: 1024421346400, 店铺: 深圳市金贝合科技有限公司, SKU数: 2
2026-04-01 06:33:54,664 | INFO | ali1688_goods_monitor | 💾 第13/14批：已保存 20 个商品到数据库
2026-04-01 06:33:54,664 | INFO | ali1688_goods_monitor | ⏸️  随机暂停 5.5 秒...
2026-04-01 06:34:00,191 | INFO | ali1688_goods_monitor | 🔄 刷新页面，准备处理第 14 批...
2026-04-01 06:34:06,840 | INFO | ali1688_goods_monitor | 🔍 处理第 14/14 批，共 12 个商品
2026-04-01 06:34:06,841 | INFO | ali1688_goods_monitor | 📋 商品ID: 857784361057、734549030910、713699292120、750175006113、927867865604、621194315291、954152497198、854259763574、982635289066、999695394272、947764418500、963819028092
2026-04-01 06:34:06,847 | INFO | ali1688_goods_monitor | 🧩 选择搜索方式: 商品ID
2026-04-01 06:34:07,353 | INFO | ali1688_goods_monitor | 搜索的商品id是:857784361057、734549030910、713699292120、750175006113、927867865604、621194315291、954152497198、854259763574、982635289066、999695394272、947764418500、963819028092
2026-04-01 06:34:08,454 | INFO | ali1688_goods_monitor | ✅ 第 14 批筛选条件已设置
2026-04-01 06:34:11,458 | INFO | ali1688_goods_monitor | 开始获取商品:857784361057、734549030910、713699292120、750175006113、927867865604、621194315291、954152497198、854259763574、982635289066、999695394272、947764418500、963819028092的基本信息
2026-04-01 06:34:11,459 | INFO | ali1688_goods_monitor | ⏳ 等待点击【开始查询】并捕获 offerSearch 接口...
2026-04-01 06:34:11,775 | INFO | ali1688_goods_monitor | 商品列表返回码: 200
2026-04-01 06:34:11,775 | INFO | ali1688_goods_monitor | 🚀 开始捕获商品数据，共 12 个商品
2026-04-01 06:34:11,776 | INFO | ali1688_goods_monitor | ✅ 商品基本信息捕获完成，总耗时: 0.00秒
2026-04-01 06:34:11,777 | INFO | ali1688_goods_monitor |    - 商品数: 12
2026-04-01 06:34:11,777 | INFO | ali1688_goods_monitor | ✅ 第 14 批完成，获取到 12 个商品，0 个SKU
2026-04-01 06:34:11,777 | INFO | ali1688_goods_monitor | 📋 第 14 批商品信息:
2026-04-01 06:34:11,777 | INFO | ali1688_goods_monitor |   1. 商品ID: 982635289066, 店铺: 汕头市创爱旺科技有限公司, SKU数: 26
2026-04-01 06:34:11,777 | INFO | ali1688_goods_monitor |   2. 商品ID: 750175006113, 店铺: 汕头市澄海区轮转玩具商行, SKU数: 1
2026-04-01 06:34:11,777 | INFO | ali1688_goods_monitor |   3. 商品ID: 954152497198, 店铺: 汕头市乐享贝比贸易有限公司, SKU数: 6
2026-04-01 06:34:11,778 | INFO | ali1688_goods_monitor |   4. 商品ID: 857784361057, 店铺: 汕头市龙湖区熹萌喵玩具厂, SKU数: 10
2026-04-01 06:34:11,778 | INFO | ali1688_goods_monitor |   5. 商品ID: 963819028092, 店铺: 汕头市龙湖区熹萌喵玩具厂, SKU数: 2
2026-04-01 06:34:11,778 | INFO | ali1688_goods_monitor |   6. 商品ID: 947764418500, 店铺: 杜恒广, SKU数: 1
2026-04-01 06:34:11,778 | INFO | ali1688_goods_monitor |   7. 商品ID: 854259763574, 店铺: 汕头市龙湖区熹萌喵玩具厂, SKU数: 1
2026-04-01 06:34:11,778 | INFO | ali1688_goods_monitor |   8. 商品ID: 999695394272, 店铺: 义乌市大愚玩具有限公司, SKU数: 5
2026-04-01 06:34:11,779 | INFO | ali1688_goods_monitor |   9. 商品ID: 713699292120, 店铺: 广西汇迪家居工艺品有限公司, SKU数: 9
2026-04-01 06:34:11,779 | INFO | ali1688_goods_monitor |   10. 商品ID: 621194315291, 店铺: 深圳市纵新电子科技有限公司, SKU数: 4
2026-04-01 06:34:11,779 | INFO | ali1688_goods_monitor |   11. 商品ID: 927867865604, 店铺: 汕头市龙湖区熹萌喵玩具厂, SKU数: 18
2026-04-01 06:34:11,779 | INFO | ali1688_goods_monitor |   12. 商品ID: 734549030910, 店铺: 汕头市澄海区萃婴乐玩具厂, SKU数: 14
2026-04-01 06:34:11,793 | INFO | ali1688_goods_monitor |   🔢 商品 734549030910 SKU数量变化: None -> 14
2026-04-01 06:34:11,824 | INFO | ali1688_goods_monitor | 💾 第14/14批：已保存 12 个商品到数据库
2026-04-01 06:34:11,824 | INFO | ali1688_goods_monitor | 🎉 第一阶段完成，共获取 265 个商品基本信息
2026-04-01 06:34:11,825 | INFO | ali1688_goods_monitor | ============================================================
2026-04-01 06:34:11,826 | INFO | ali1688_goods_monitor | 📊 第二阶段：获取SKU信息
2026-04-01 06:34:11,826 | INFO | ali1688_goods_monitor | ============================================================
2026-04-01 06:34:11,826 | INFO | ali1688_goods_monitor | 🔍 准备获取 265 个商品的SKU信息...
2026-04-01 06:34:11,826 | INFO | ali1688_goods_monitor | 📋 即将获取SKU的商品列表:
2026-04-01 06:34:11,826 | INFO | ali1688_goods_monitor |   1. https://detail.1688.com/offer/812259607012.html (SKU数: 39)
2026-04-01 06:34:11,826 | INFO | ali1688_goods_monitor |   2. https://detail.1688.com/offer/979203908708.html (SKU数: 24)
2026-04-01 06:34:11,827 | INFO | ali1688_goods_monitor |   3. https://detail.1688.com/offer/835170979856.html (SKU数: 10)
2026-04-01 06:34:11,827 | INFO | ali1688_goods_monitor |   4. https://detail.1688.com/offer/928700805986.html (SKU数: 2)
2026-04-01 06:34:11,827 | INFO | ali1688_goods_monitor |   5. https://detail.1688.com/offer/968280048908.html (SKU数: 31)
2026-04-01 06:34:11,827 | INFO | ali1688_goods_monitor |   6. https://detail.1688.com/offer/982634945037.html (SKU数: 26)
2026-04-01 06:34:11,827 | INFO | ali1688_goods_monitor |   7. https://detail.1688.com/offer/617837580726.html (SKU数: 2)
2026-04-01 06:34:11,828 | INFO | ali1688_goods_monitor |   8. https://detail.1688.com/offer/954713432833.html (SKU数: 2)
2026-04-01 06:34:11,828 | INFO | ali1688_goods_monitor |   9. https://detail.1688.com/offer/971080031926.html (SKU数: 3)
2026-04-01 06:34:11,828 | INFO | ali1688_goods_monitor |   10. https://detail.1688.com/offer/971037620206.html (SKU数: 1)
2026-04-01 06:34:11,828 | INFO | ali1688_goods_monitor |   11. https://detail.1688.com/offer/943395574791.html (SKU数: 1)
2026-04-01 06:34:11,828 | INFO | ali1688_goods_monitor |   12. https://detail.1688.com/offer/833661915665.html (SKU数: 1)
2026-04-01 06:34:11,828 | INFO | ali1688_goods_monitor |   13. https://detail.1688.com/offer/1005984550667.html (SKU数: 36)
2026-04-01 06:34:11,828 | INFO | ali1688_goods_monitor |   14. https://detail.1688.com/offer/1016515592011.html (SKU数: 4)
2026-04-01 06:34:11,829 | INFO | ali1688_goods_monitor |   15. https://detail.1688.com/offer/798059727032.html (SKU数: 16)
2026-04-01 06:34:11,829 | INFO | ali1688_goods_monitor |   16. https://detail.1688.com/offer/1003272185431.html (SKU数: 5)
2026-04-01 06:34:11,829 | INFO | ali1688_goods_monitor |   17. https://detail.1688.com/offer/1026068947837.html (SKU数: 3)
2026-04-01 06:34:11,829 | INFO | ali1688_goods_monitor |   18. https://detail.1688.com/offer/590591825369.html (SKU数: 22)
2026-04-01 06:34:11,829 | INFO | ali1688_goods_monitor |   19. https://detail.1688.com/offer/811139889293.html (SKU数: 8)
2026-04-01 06:34:11,829 | INFO | ali1688_goods_monitor |   20. https://detail.1688.com/offer/950726478383.html (SKU数: 13)
2026-04-01 06:34:11,829 | INFO | ali1688_goods_monitor |   21. https://detail.1688.com/offer/969366546749.html (SKU数: 1)
2026-04-01 06:34:11,830 | INFO | ali1688_goods_monitor |   22. https://detail.1688.com/offer/741922490714.html (SKU数: 2)
2026-04-01 06:34:11,830 | INFO | ali1688_goods_monitor |   23. https://detail.1688.com/offer/970715744477.html (SKU数: 1)
2026-04-01 06:34:11,830 | INFO | ali1688_goods_monitor |   24. https://detail.1688.com/offer/776195311997.html (SKU数: 1)
2026-04-01 06:34:11,830 | INFO | ali1688_goods_monitor |   25. https://detail.1688.com/offer/991935831793.html (SKU数: 3)
2026-04-01 06:34:11,831 | INFO | ali1688_goods_monitor |   26. https://detail.1688.com/offer/812514770228.html (SKU数: 2)
2026-04-01 06:34:11,831 | INFO | ali1688_goods_monitor |   27. https://detail.1688.com/offer/875034473523.html (SKU数: 3)
2026-04-01 06:34:11,831 | INFO | ali1688_goods_monitor |   28. https://detail.1688.com/offer/889385901298.html (SKU数: 3)
2026-04-01 06:34:11,831 | INFO | ali1688_goods_monitor |   29. https://detail.1688.com/offer/979396013303.html (SKU数: 1)
2026-04-01 06:34:11,831 | INFO | ali1688_goods_monitor |   30. https://detail.1688.com/offer/903636127402.html (SKU数: 3)
2026-04-01 06:34:11,831 | INFO | ali1688_goods_monitor |   31. https://detail.1688.com/offer/962746907189.html (SKU数: 4)
2026-04-01 06:34:11,832 | INFO | ali1688_goods_monitor |   32. https://detail.1688.com/offer/894936744591.html (SKU数: 16)
2026-04-01 06:34:11,832 | INFO | ali1688_goods_monitor |   33. https://detail.1688.com/offer/895285249007.html (SKU数: 36)
2026-04-01 06:34:11,832 | INFO | ali1688_goods_monitor |   34. https://detail.1688.com/offer/990409899841.html (SKU数: 1)
2026-04-01 06:34:11,832 | INFO | ali1688_goods_monitor |   35. https://detail.1688.com/offer/1025513853144.html (SKU数: 8)
2026-04-01 06:34:11,832 | INFO | ali1688_goods_monitor |   36. https://detail.1688.com/offer/907762599791.html (SKU数: 10)
2026-04-01 06:34:11,833 | INFO | ali1688_goods_monitor |   37. https://detail.1688.com/offer/1013037690222.html (SKU数: 1)
2026-04-01 06:34:11,833 | INFO | ali1688_goods_monitor |   38. https://detail.1688.com/offer/677301391721.html (SKU数: 5)
2026-04-01 06:34:11,833 | INFO | ali1688_goods_monitor |   39. https://detail.1688.com/offer/970377098770.html (SKU数: 37)
2026-04-01 06:34:11,833 | INFO | ali1688_goods_monitor |   40. https://detail.1688.com/offer/677709968233.html (SKU数: 5)
2026-04-01 06:34:11,833 | INFO | ali1688_goods_monitor |   41. https://detail.1688.com/offer/1000398364752.html (SKU数: 4)
2026-04-01 06:34:11,834 | INFO | ali1688_goods_monitor |   42. https://detail.1688.com/offer/899704194303.html (SKU数: 12)
2026-04-01 06:34:11,837 | INFO | ali1688_goods_monitor |   43. https://detail.1688.com/offer/856805654657.html (SKU数: 1)
2026-04-01 06:34:11,837 | INFO | ali1688_goods_monitor |   44. https://detail.1688.com/offer/994662909434.html (SKU数: 3)
2026-04-01 06:34:11,837 | INFO | ali1688_goods_monitor |   45. https://detail.1688.com/offer/976178977054.html (SKU数: 5)
2026-04-01 06:34:11,837 | INFO | ali1688_goods_monitor |   46. https://detail.1688.com/offer/847794753111.html (SKU数: 4)
2026-04-01 06:34:11,838 | INFO | ali1688_goods_monitor |   47. https://detail.1688.com/offer/826873938709.html (SKU数: 1)
2026-04-01 06:34:11,838 | INFO | ali1688_goods_monitor |   48. https://detail.1688.com/offer/900967422750.html (SKU数: 22)
2026-04-01 06:34:11,838 | INFO | ali1688_goods_monitor |   49. https://detail.1688.com/offer/902961760235.html (SKU数: 4)
2026-04-01 06:34:11,838 | INFO | ali1688_goods_monitor |   50. https://detail.1688.com/offer/681658732090.html (SKU数: 1)
2026-04-01 06:34:11,838 | INFO | ali1688_goods_monitor |   51. https://detail.1688.com/offer/951035484615.html (SKU数: 29)
2026-04-01 06:34:11,838 | INFO | ali1688_goods_monitor |   52. https://detail.1688.com/offer/628617576125.html (SKU数: 5)
2026-04-01 06:34:11,839 | INFO | ali1688_goods_monitor |   53. https://detail.1688.com/offer/847495122732.html (SKU数: 3)
2026-04-01 06:34:11,839 | INFO | ali1688_goods_monitor |   54. https://detail.1688.com/offer/799083276279.html (SKU数: 3)
2026-04-01 06:34:11,839 | INFO | ali1688_goods_monitor |   55. https://detail.1688.com/offer/998051010590.html (SKU数: 4)
2026-04-01 06:34:11,839 | INFO | ali1688_goods_monitor |   56. https://detail.1688.com/offer/992251601092.html (SKU数: 3)
2026-04-01 06:34:11,839 | INFO | ali1688_goods_monitor |   57. https://detail.1688.com/offer/992071730825.html (SKU数: 3)
2026-04-01 06:34:11,839 | INFO | ali1688_goods_monitor |   58. https://detail.1688.com/offer/979471208168.html (SKU数: 1)
2026-04-01 06:34:11,840 | INFO | ali1688_goods_monitor |   59. https://detail.1688.com/offer/898439171537.html (SKU数: 14)
2026-04-01 06:34:11,840 | INFO | ali1688_goods_monitor |   60. https://detail.1688.com/offer/873614306333.html (SKU数: 5)
2026-04-01 06:34:11,840 | INFO | ali1688_goods_monitor |   61. https://detail.1688.com/offer/840249263873.html (SKU数: 8)
2026-04-01 06:34:11,840 | INFO | ali1688_goods_monitor |   62. https://detail.1688.com/offer/702199084381.html (SKU数: 21)
2026-04-01 06:34:11,840 | INFO | ali1688_goods_monitor |   63. https://detail.1688.com/offer/832304702315.html (SKU数: 5)
2026-04-01 06:34:11,840 | INFO | ali1688_goods_monitor |   64. https://detail.1688.com/offer/746411095420.html (SKU数: 6)
2026-04-01 06:34:11,841 | INFO | ali1688_goods_monitor |   65. https://detail.1688.com/offer/789633522584.html (SKU数: 1)
2026-04-01 06:34:11,841 | INFO | ali1688_goods_monitor |   66. https://detail.1688.com/offer/902473655388.html (SKU数: 1)
2026-04-01 06:34:11,841 | INFO | ali1688_goods_monitor |   67. https://detail.1688.com/offer/950670074468.html (SKU数: 36)
2026-04-01 06:34:11,841 | INFO | ali1688_goods_monitor |   68. https://detail.1688.com/offer/999142031933.html (SKU数: 1)
2026-04-01 06:34:11,841 | INFO | ali1688_goods_monitor |   69. https://detail.1688.com/offer/890407614753.html (SKU数: 17)
2026-04-01 06:34:11,841 | INFO | ali1688_goods_monitor |   70. https://detail.1688.com/offer/956573560393.html (SKU数: 3)
2026-04-01 06:34:11,842 | INFO | ali1688_goods_monitor |   71. https://detail.1688.com/offer/703551244918.html (SKU数: 3)
2026-04-01 06:34:11,842 | INFO | ali1688_goods_monitor |   72. https://detail.1688.com/offer/1000255776437.html (SKU数: 3)
2026-04-01 06:34:11,842 | INFO | ali1688_goods_monitor |   73. https://detail.1688.com/offer/890654399053.html (SKU数: 22)
2026-04-01 06:34:11,842 | INFO | ali1688_goods_monitor |   74. https://detail.1688.com/offer/859584630627.html (SKU数: 4)
2026-04-01 06:34:11,842 | INFO | ali1688_goods_monitor |   75. https://detail.1688.com/offer/1007062397648.html (SKU数: 4)
2026-04-01 06:34:11,843 | INFO | ali1688_goods_monitor |   76. https://detail.1688.com/offer/43695296576.html (SKU数: 2)
2026-04-01 06:34:11,843 | INFO | ali1688_goods_monitor |   77. https://detail.1688.com/offer/996059989352.html (SKU数: 3)
2026-04-01 06:34:11,843 | INFO | ali1688_goods_monitor |   78. https://detail.1688.com/offer/975762015590.html (SKU数: 6)
2026-04-01 06:34:11,843 | INFO | ali1688_goods_monitor |   79. https://detail.1688.com/offer/990618054916.html (SKU数: 3)
2026-04-01 06:34:11,843 | INFO | ali1688_goods_monitor |   80. https://detail.1688.com/offer/652994949606.html (SKU数: 4)
2026-04-01 06:34:11,843 | INFO | ali1688_goods_monitor |   81. https://detail.1688.com/offer/991070192317.html (SKU数: 11)
2026-04-01 06:34:11,843 | INFO | ali1688_goods_monitor |   82. https://detail.1688.com/offer/632300625030.html (SKU数: 1)
2026-04-01 06:34:11,844 | INFO | ali1688_goods_monitor |   83. https://detail.1688.com/offer/928580021030.html (SKU数: 2)
2026-04-01 06:34:11,844 | INFO | ali1688_goods_monitor |   84. https://detail.1688.com/offer/873771926327.html (SKU数: 34)
2026-04-01 06:34:11,844 | INFO | ali1688_goods_monitor |   85. https://detail.1688.com/offer/994237964153.html (SKU数: 7)
2026-04-01 06:34:11,844 | INFO | ali1688_goods_monitor |   86. https://detail.1688.com/offer/993465198242.html (SKU数: 7)
2026-04-01 06:34:11,844 | INFO | ali1688_goods_monitor |   87. https://detail.1688.com/offer/950658287741.html (SKU数: 18)
2026-04-01 06:34:11,844 | INFO | ali1688_goods_monitor |   88. https://detail.1688.com/offer/1009966785995.html (SKU数: 4)
2026-04-01 06:34:11,845 | INFO | ali1688_goods_monitor |   89. https://detail.1688.com/offer/992800642545.html (SKU数: 3)
2026-04-01 06:34:11,845 | INFO | ali1688_goods_monitor |   90. https://detail.1688.com/offer/853399095646.html (SKU数: 15)
2026-04-01 06:34:11,845 | INFO | ali1688_goods_monitor |   91. https://detail.1688.com/offer/985206853035.html (SKU数: 2)
2026-04-01 06:34:11,845 | INFO | ali1688_goods_monitor |   92. https://detail.1688.com/offer/852501307622.html (SKU数: 1)
2026-04-01 06:34:11,845 | INFO | ali1688_goods_monitor |   93. https://detail.1688.com/offer/671840552108.html (SKU数: 8)
2026-04-01 06:34:11,845 | INFO | ali1688_goods_monitor |   94. https://detail.1688.com/offer/970542473882.html (SKU数: None)
2026-04-01 06:34:11,845 | INFO | ali1688_goods_monitor |   95. https://detail.1688.com/offer/836899798919.html (SKU数: 9)
2026-04-01 06:34:11,846 | INFO | ali1688_goods_monitor |   96. https://detail.1688.com/offer/927205288673.html (SKU数: 4)
2026-04-01 06:34:11,846 | INFO | ali1688_goods_monitor |   97. https://detail.1688.com/offer/998859559585.html (SKU数: 11)
2026-04-01 06:34:11,846 | INFO | ali1688_goods_monitor |   98. https://detail.1688.com/offer/847781001778.html (SKU数: 4)
2026-04-01 06:34:11,846 | INFO | ali1688_goods_monitor |   99. https://detail.1688.com/offer/746416939989.html (SKU数: 2)
2026-04-01 06:34:11,846 | INFO | ali1688_goods_monitor |   100. https://detail.1688.com/offer/692940339011.html (SKU数: 3)
2026-04-01 06:34:11,846 | INFO | ali1688_goods_monitor |   101. https://detail.1688.com/offer/962546716755.html (SKU数: 3)
2026-04-01 06:34:11,846 | INFO | ali1688_goods_monitor |   102. https://detail.1688.com/offer/995364912374.html (SKU数: 3)
2026-04-01 06:34:11,847 | INFO | ali1688_goods_monitor |   103. https://detail.1688.com/offer/849820903779.html (SKU数: 4)
2026-04-01 06:34:11,847 | INFO | ali1688_goods_monitor |   104. https://detail.1688.com/offer/997795598539.html (SKU数: 3)
2026-04-01 06:34:11,847 | INFO | ali1688_goods_monitor |   105. https://detail.1688.com/offer/978651830599.html (SKU数: 2)
2026-04-01 06:34:11,847 | INFO | ali1688_goods_monitor |   106. https://detail.1688.com/offer/864653527961.html (SKU数: 1)
2026-04-01 06:34:11,847 | INFO | ali1688_goods_monitor |   107. https://detail.1688.com/offer/729749403422.html (SKU数: 7)
2026-04-01 06:34:11,847 | INFO | ali1688_goods_monitor |   108. https://detail.1688.com/offer/811638208514.html (SKU数: 3)
2026-04-01 06:34:11,848 | INFO | ali1688_goods_monitor |   109. https://detail.1688.com/offer/930446969722.html (SKU数: 2)
2026-04-01 06:34:11,848 | INFO | ali1688_goods_monitor |   110. https://detail.1688.com/offer/991823064917.html (SKU数: 8)
2026-04-01 06:34:11,848 | INFO | ali1688_goods_monitor |   111. https://detail.1688.com/offer/662598267674.html (SKU数: 4)
2026-04-01 06:34:11,848 | INFO | ali1688_goods_monitor |   112. https://detail.1688.com/offer/847990628509.html (SKU数: 8)
2026-04-01 06:34:11,848 | INFO | ali1688_goods_monitor |   113. https://detail.1688.com/offer/854253039240.html (SKU数: 2)
2026-04-01 06:34:11,848 | INFO | ali1688_goods_monitor |   114. https://detail.1688.com/offer/621865712164.html (SKU数: 8)
2026-04-01 06:34:11,848 | INFO | ali1688_goods_monitor |   115. https://detail.1688.com/offer/895439014120.html (SKU数: 8)
2026-04-01 06:34:11,849 | INFO | ali1688_goods_monitor |   116. https://detail.1688.com/offer/993354315037.html (SKU数: 11)
2026-04-01 06:34:11,851 | INFO | ali1688_goods_monitor |   117. https://detail.1688.com/offer/948334688543.html (SKU数: 22)
2026-04-01 06:34:11,851 | INFO | ali1688_goods_monitor |   118. https://detail.1688.com/offer/1006668462460.html (SKU数: 12)
2026-04-01 06:34:11,851 | INFO | ali1688_goods_monitor |   119. https://detail.1688.com/offer/920664381969.html (SKU数: 4)
2026-04-01 06:34:11,851 | INFO | ali1688_goods_monitor |   120. https://detail.1688.com/offer/773383798724.html (SKU数: 10)
2026-04-01 06:34:11,851 | INFO | ali1688_goods_monitor |   121. https://detail.1688.com/offer/675880303102.html (SKU数: 1)
2026-04-01 06:34:11,851 | INFO | ali1688_goods_monitor |   122. https://detail.1688.com/offer/997359995216.html (SKU数: 4)
2026-04-01 06:34:11,851 | INFO | ali1688_goods_monitor |   123. https://detail.1688.com/offer/848195784663.html (SKU数: 6)
2026-04-01 06:34:11,852 | INFO | ali1688_goods_monitor |   124. https://detail.1688.com/offer/952611726643.html (SKU数: 2)
2026-04-01 06:34:11,852 | INFO | ali1688_goods_monitor |   125. https://detail.1688.com/offer/926941651375.html (SKU数: 10)
2026-04-01 06:34:11,852 | INFO | ali1688_goods_monitor |   126. https://detail.1688.com/offer/778105306124.html (SKU数: 1)
2026-04-01 06:34:11,852 | INFO | ali1688_goods_monitor |   127. https://detail.1688.com/offer/985998626047.html (SKU数: 4)
2026-04-01 06:34:11,853 | INFO | ali1688_goods_monitor |   128. https://detail.1688.com/offer/917143716667.html (SKU数: 4)
2026-04-01 06:34:11,853 | INFO | ali1688_goods_monitor |   129. https://detail.1688.com/offer/986179889619.html (SKU数: 3)
2026-04-01 06:34:11,853 | INFO | ali1688_goods_monitor |   130. https://detail.1688.com/offer/999860867159.html (SKU数: 1)
2026-04-01 06:34:11,853 | INFO | ali1688_goods_monitor |   131. https://detail.1688.com/offer/924140770781.html (SKU数: 2)
2026-04-01 06:34:11,853 | INFO | ali1688_goods_monitor |   132. https://detail.1688.com/offer/813592780236.html (SKU数: 2)
2026-04-01 06:34:11,853 | INFO | ali1688_goods_monitor |   133. https://detail.1688.com/offer/833863806015.html (SKU数: 5)
2026-04-01 06:34:11,854 | INFO | ali1688_goods_monitor |   134. https://detail.1688.com/offer/847784309788.html (SKU数: 2)
2026-04-01 06:34:11,854 | INFO | ali1688_goods_monitor |   135. https://detail.1688.com/offer/915854311158.html (SKU数: 5)
2026-04-01 06:34:11,854 | INFO | ali1688_goods_monitor |   136. https://detail.1688.com/offer/991467576950.html (SKU数: 40)
2026-04-01 06:34:11,854 | INFO | ali1688_goods_monitor |   137. https://detail.1688.com/offer/678640196785.html (SKU数: 8)
2026-04-01 06:34:11,854 | INFO | ali1688_goods_monitor |   138. https://detail.1688.com/offer/918745003737.html (SKU数: 6)
2026-04-01 06:34:11,855 | INFO | ali1688_goods_monitor |   139. https://detail.1688.com/offer/968025059447.html (SKU数: 6)
2026-04-01 06:34:11,855 | INFO | ali1688_goods_monitor |   140. https://detail.1688.com/offer/990374779412.html (SKU数: 3)
2026-04-01 06:34:11,855 | INFO | ali1688_goods_monitor |   141. https://detail.1688.com/offer/969889694254.html (SKU数: 27)
2026-04-01 06:34:11,855 | INFO | ali1688_goods_monitor |   142. https://detail.1688.com/offer/855494409051.html (SKU数: 4)
2026-04-01 06:34:11,855 | INFO | ali1688_goods_monitor |   143. https://detail.1688.com/offer/989391144530.html (SKU数: 40)
2026-04-01 06:34:11,855 | INFO | ali1688_goods_monitor |   144. https://detail.1688.com/offer/796066732390.html (SKU数: 6)
2026-04-01 06:34:11,856 | INFO | ali1688_goods_monitor |   145. https://detail.1688.com/offer/854420062122.html (SKU数: 12)
2026-04-01 06:34:11,856 | INFO | ali1688_goods_monitor |   146. https://detail.1688.com/offer/903214944988.html (SKU数: 1)
2026-04-01 06:34:11,856 | INFO | ali1688_goods_monitor |   147. https://detail.1688.com/offer/854773109889.html (SKU数: 1)
2026-04-01 06:34:11,856 | INFO | ali1688_goods_monitor |   148. https://detail.1688.com/offer/1001253412551.html (SKU数: 7)
2026-04-01 06:34:11,856 | INFO | ali1688_goods_monitor |   149. https://detail.1688.com/offer/909894706445.html (SKU数: 22)
2026-04-01 06:34:11,857 | INFO | ali1688_goods_monitor |   150. https://detail.1688.com/offer/626387346293.html (SKU数: 10)
2026-04-01 06:34:11,857 | INFO | ali1688_goods_monitor |   151. https://detail.1688.com/offer/983142383790.html (SKU数: None)
2026-04-01 06:34:11,857 | INFO | ali1688_goods_monitor |   152. https://detail.1688.com/offer/1000261330427.html (SKU数: 1)
2026-04-01 06:34:11,857 | INFO | ali1688_goods_monitor |   153. https://detail.1688.com/offer/662629659424.html (SKU数: 4)
2026-04-01 06:34:11,857 | INFO | ali1688_goods_monitor |   154. https://detail.1688.com/offer/695065852792.html (SKU数: 2)
2026-04-01 06:34:11,857 | INFO | ali1688_goods_monitor |   155. https://detail.1688.com/offer/653871136084.html (SKU数: 4)
2026-04-01 06:34:11,857 | INFO | ali1688_goods_monitor |   156. https://detail.1688.com/offer/973730524327.html (SKU数: 11)
2026-04-01 06:34:11,858 | INFO | ali1688_goods_monitor |   157. https://detail.1688.com/offer/847979472849.html (SKU数: 1)
2026-04-01 06:34:11,858 | INFO | ali1688_goods_monitor |   158. https://detail.1688.com/offer/848295933948.html (SKU数: 12)
2026-04-01 06:34:11,858 | INFO | ali1688_goods_monitor |   159. https://detail.1688.com/offer/906941705446.html (SKU数: 2)
2026-04-01 06:34:11,858 | INFO | ali1688_goods_monitor |   160. https://detail.1688.com/offer/997742353743.html (SKU数: 3)
2026-04-01 06:34:11,858 | INFO | ali1688_goods_monitor |   161. https://detail.1688.com/offer/716733322460.html (SKU数: 8)
2026-04-01 06:34:11,858 | INFO | ali1688_goods_monitor |   162. https://detail.1688.com/offer/709904411964.html (SKU数: 24)
2026-04-01 06:34:11,859 | INFO | ali1688_goods_monitor |   163. https://detail.1688.com/offer/985879832920.html (SKU数: 4)
2026-04-01 06:34:11,859 | INFO | ali1688_goods_monitor |   164. https://detail.1688.com/offer/847713406081.html (SKU数: 1)
2026-04-01 06:34:11,859 | INFO | ali1688_goods_monitor |   165. https://detail.1688.com/offer/975402784788.html (SKU数: 1)
2026-04-01 06:34:11,859 | INFO | ali1688_goods_monitor |   166. https://detail.1688.com/offer/834236928026.html (SKU数: 1)
2026-04-01 06:34:11,859 | INFO | ali1688_goods_monitor |   167. https://detail.1688.com/offer/955211708273.html (SKU数: 23)
2026-04-01 06:34:11,859 | INFO | ali1688_goods_monitor |   168. https://detail.1688.com/offer/900592605428.html (SKU数: 6)
2026-04-01 06:34:11,860 | INFO | ali1688_goods_monitor |   169. https://detail.1688.com/offer/818121391220.html (SKU数: 7)
2026-04-01 06:34:11,860 | INFO | ali1688_goods_monitor |   170. https://detail.1688.com/offer/998016077358.html (SKU数: 3)
2026-04-01 06:34:11,860 | INFO | ali1688_goods_monitor |   171. https://detail.1688.com/offer/992713938362.html (SKU数: 4)
2026-04-01 06:34:11,860 | INFO | ali1688_goods_monitor |   172. https://detail.1688.com/offer/668301084321.html (SKU数: 5)
2026-04-01 06:34:11,860 | INFO | ali1688_goods_monitor |   173. https://detail.1688.com/offer/939201456076.html (SKU数: 7)
2026-04-01 06:34:11,860 | INFO | ali1688_goods_monitor |   174. https://detail.1688.com/offer/984336119328.html (SKU数: 3)
2026-04-01 06:34:11,861 | INFO | ali1688_goods_monitor |   175. https://detail.1688.com/offer/985101359570.html (SKU数: 4)
2026-04-01 06:34:11,861 | INFO | ali1688_goods_monitor |   176. https://detail.1688.com/offer/972523284067.html (SKU数: 1)
2026-04-01 06:34:11,861 | INFO | ali1688_goods_monitor |   177. https://detail.1688.com/offer/942621028118.html (SKU数: 20)
2026-04-01 06:34:11,861 | INFO | ali1688_goods_monitor |   178. https://detail.1688.com/offer/946133528766.html (SKU数: 4)
2026-04-01 06:34:11,861 | INFO | ali1688_goods_monitor |   179. https://detail.1688.com/offer/847713406078.html (SKU数: 4)
2026-04-01 06:34:11,861 | INFO | ali1688_goods_monitor |   180. https://detail.1688.com/offer/675557812438.html (SKU数: 1)
2026-04-01 06:34:11,861 | INFO | ali1688_goods_monitor |   181. https://detail.1688.com/offer/678110916347.html (SKU数: 9)
2026-04-01 06:34:11,862 | INFO | ali1688_goods_monitor |   182. https://detail.1688.com/offer/670793076081.html (SKU数: 12)
2026-04-01 06:34:11,862 | INFO | ali1688_goods_monitor |   183. https://detail.1688.com/offer/903149142386.html (SKU数: 4)
2026-04-01 06:34:11,862 | INFO | ali1688_goods_monitor |   184. https://detail.1688.com/offer/951586784136.html (SKU数: 34)
2026-04-01 06:34:11,862 | INFO | ali1688_goods_monitor |   185. https://detail.1688.com/offer/994715362159.html (SKU数: 14)
2026-04-01 06:34:11,862 | INFO | ali1688_goods_monitor |   186. https://detail.1688.com/offer/686348979544.html (SKU数: 1)
2026-04-01 06:34:11,862 | INFO | ali1688_goods_monitor |   187. https://detail.1688.com/offer/987732400816.html (SKU数: 1)
2026-04-01 06:34:11,863 | INFO | ali1688_goods_monitor |   188. https://detail.1688.com/offer/724154127228.html (SKU数: 6)
2026-04-01 06:34:11,863 | INFO | ali1688_goods_monitor |   189. https://detail.1688.com/offer/661514670948.html (SKU数: 9)
2026-04-01 06:34:11,863 | INFO | ali1688_goods_monitor |   190. https://detail.1688.com/offer/538297571141.html (SKU数: 6)
2026-04-01 06:34:11,863 | INFO | ali1688_goods_monitor |   191. https://detail.1688.com/offer/676772683627.html (SKU数: 5)
2026-04-01 06:34:11,863 | INFO | ali1688_goods_monitor |   192. https://detail.1688.com/offer/991759687233.html (SKU数: 6)
2026-04-01 06:34:11,863 | INFO | ali1688_goods_monitor |   193. https://detail.1688.com/offer/661664097697.html (SKU数: 2)
2026-04-01 06:34:11,863 | INFO | ali1688_goods_monitor |   194. https://detail.1688.com/offer/987237412445.html (SKU数: 20)
2026-04-01 06:34:11,864 | INFO | ali1688_goods_monitor |   195. https://detail.1688.com/offer/672751050822.html (SKU数: 3)
2026-04-01 06:34:11,864 | INFO | ali1688_goods_monitor |   196. https://detail.1688.com/offer/1031769907868.html (SKU数: 6)
2026-04-01 06:34:11,864 | INFO | ali1688_goods_monitor |   197. https://detail.1688.com/offer/854168645121.html (SKU数: 3)
2026-04-01 06:34:11,864 | INFO | ali1688_goods_monitor |   198. https://detail.1688.com/offer/910382293640.html (SKU数: 22)
2026-04-01 06:34:11,864 | INFO | ali1688_goods_monitor |   199. https://detail.1688.com/offer/990976789985.html (SKU数: 16)
2026-04-01 06:34:11,864 | INFO | ali1688_goods_monitor |   200. https://detail.1688.com/offer/917025701974.html (SKU数: 8)
2026-04-01 06:34:11,865 | INFO | ali1688_goods_monitor |   201. https://detail.1688.com/offer/990260832462.html (SKU数: 3)
2026-04-01 06:34:11,867 | INFO | ali1688_goods_monitor |   202. https://detail.1688.com/offer/646729482472.html (SKU数: 6)
2026-04-01 06:34:11,867 | INFO | ali1688_goods_monitor |   203. https://detail.1688.com/offer/683872677220.html (SKU数: 3)
2026-04-01 06:34:11,867 | INFO | ali1688_goods_monitor |   204. https://detail.1688.com/offer/848415574468.html (SKU数: 1)
2026-04-01 06:34:11,867 | INFO | ali1688_goods_monitor |   205. https://detail.1688.com/offer/969387993044.html (SKU数: 20)
2026-04-01 06:34:11,868 | INFO | ali1688_goods_monitor |   206. https://detail.1688.com/offer/734736330484.html (SKU数: 34)
2026-04-01 06:34:11,868 | INFO | ali1688_goods_monitor |   207. https://detail.1688.com/offer/895042686618.html (SKU数: 2)
2026-04-01 06:34:11,868 | INFO | ali1688_goods_monitor |   208. https://detail.1688.com/offer/900563388108.html (SKU数: 12)
2026-04-01 06:34:11,868 | INFO | ali1688_goods_monitor |   209. https://detail.1688.com/offer/986633373239.html (SKU数: 11)
2026-04-01 06:34:11,868 | INFO | ali1688_goods_monitor |   210. https://detail.1688.com/offer/978968804889.html (SKU数: 1)
2026-04-01 06:34:11,868 | INFO | ali1688_goods_monitor |   211. https://detail.1688.com/offer/858770936676.html (SKU数: 2)
2026-04-01 06:34:11,869 | INFO | ali1688_goods_monitor |   212. https://detail.1688.com/offer/847993548322.html (SKU数: 3)
2026-04-01 06:34:11,869 | INFO | ali1688_goods_monitor |   213. https://detail.1688.com/offer/1027381048230.html (SKU数: 36)
2026-04-01 06:34:11,869 | INFO | ali1688_goods_monitor |   214. https://detail.1688.com/offer/1028239295024.html (SKU数: 1)
2026-04-01 06:34:11,869 | INFO | ali1688_goods_monitor |   215. https://detail.1688.com/offer/973255115593.html (SKU数: 36)
2026-04-01 06:34:11,869 | INFO | ali1688_goods_monitor |   216. https://detail.1688.com/offer/1033404841463.html (SKU数: 4)
2026-04-01 06:34:11,870 | INFO | ali1688_goods_monitor |   217. https://detail.1688.com/offer/1035850540780.html (SKU数: 8)
2026-04-01 06:34:11,870 | INFO | ali1688_goods_monitor |   218. https://detail.1688.com/offer/757454263904.html (SKU数: 1)
2026-04-01 06:34:11,870 | INFO | ali1688_goods_monitor |   219. https://detail.1688.com/offer/726064645781.html (SKU数: 6)
2026-04-01 06:34:11,870 | INFO | ali1688_goods_monitor |   220. https://detail.1688.com/offer/634658078975.html (SKU数: 16)
2026-04-01 06:34:11,870 | INFO | ali1688_goods_monitor |   221. https://detail.1688.com/offer/960725525521.html (SKU数: 10)
2026-04-01 06:34:11,870 | INFO | ali1688_goods_monitor |   222. https://detail.1688.com/offer/629652629026.html (SKU数: 5)
2026-04-01 06:34:11,871 | INFO | ali1688_goods_monitor |   223. https://detail.1688.com/offer/894449366946.html (SKU数: 30)
2026-04-01 06:34:11,871 | INFO | ali1688_goods_monitor |   224. https://detail.1688.com/offer/795861191445.html (SKU数: 6)
2026-04-01 06:34:11,871 | INFO | ali1688_goods_monitor |   225. https://detail.1688.com/offer/992863648563.html (SKU数: 11)
2026-04-01 06:34:11,871 | INFO | ali1688_goods_monitor |   226. https://detail.1688.com/offer/727364044091.html (SKU数: 7)
2026-04-01 06:34:11,871 | INFO | ali1688_goods_monitor |   227. https://detail.1688.com/offer/728912992880.html (SKU数: 24)
2026-04-01 06:34:11,871 | INFO | ali1688_goods_monitor |   228. https://detail.1688.com/offer/1013917249205.html (SKU数: 5)
2026-04-01 06:34:11,872 | INFO | ali1688_goods_monitor |   229. https://detail.1688.com/offer/643044757475.html (SKU数: 41)
2026-04-01 06:34:11,872 | INFO | ali1688_goods_monitor |   230. https://detail.1688.com/offer/1001279554121.html (SKU数: 4)
2026-04-01 06:34:11,872 | INFO | ali1688_goods_monitor |   231. https://detail.1688.com/offer/984991416938.html (SKU数: 6)
2026-04-01 06:34:11,872 | INFO | ali1688_goods_monitor |   232. https://detail.1688.com/offer/897059922290.html (SKU数: 5)
2026-04-01 06:34:11,872 | INFO | ali1688_goods_monitor |   233. https://detail.1688.com/offer/973247771787.html (SKU数: 2)
2026-04-01 06:34:11,872 | INFO | ali1688_goods_monitor |   234. https://detail.1688.com/offer/658391484708.html (SKU数: 12)
2026-04-01 06:34:11,872 | INFO | ali1688_goods_monitor |   235. https://detail.1688.com/offer/775392792723.html (SKU数: 25)
2026-04-01 06:34:11,872 | INFO | ali1688_goods_monitor |   236. https://detail.1688.com/offer/622513415473.html (SKU数: 4)
2026-04-01 06:34:11,872 | INFO | ali1688_goods_monitor |   237. https://detail.1688.com/offer/751554304142.html (SKU数: 2)
2026-04-01 06:34:11,873 | INFO | ali1688_goods_monitor |   238. https://detail.1688.com/offer/990425215638.html (SKU数: 5)
2026-04-01 06:34:11,873 | INFO | ali1688_goods_monitor |   239. https://detail.1688.com/offer/952896839032.html (SKU数: 3)
2026-04-01 06:34:11,873 | INFO | ali1688_goods_monitor |   240. https://detail.1688.com/offer/863983065199.html (SKU数: 1)
2026-04-01 06:34:11,873 | INFO | ali1688_goods_monitor |   241. https://detail.1688.com/offer/990589043915.html (SKU数: 3)
2026-04-01 06:34:11,873 | INFO | ali1688_goods_monitor |   242. https://detail.1688.com/offer/969646541226.html (SKU数: 11)
2026-04-01 06:34:11,873 | INFO | ali1688_goods_monitor |   243. https://detail.1688.com/offer/929103621035.html (SKU数: 6)
2026-04-01 06:34:11,873 | INFO | ali1688_goods_monitor |   244. https://detail.1688.com/offer/974035321584.html (SKU数: 5)
2026-04-01 06:34:11,874 | INFO | ali1688_goods_monitor |   245. https://detail.1688.com/offer/847969236799.html (SKU数: 32)
2026-04-01 06:34:11,874 | INFO | ali1688_goods_monitor |   246. https://detail.1688.com/offer/728364497329.html (SKU数: 5)
2026-04-01 06:34:11,874 | INFO | ali1688_goods_monitor |   247. https://detail.1688.com/offer/970781028572.html (SKU数: 1)
2026-04-01 06:34:11,874 | INFO | ali1688_goods_monitor |   248. https://detail.1688.com/offer/1001391447719.html (SKU数: 2)
2026-04-01 06:34:11,874 | INFO | ali1688_goods_monitor |   249. https://detail.1688.com/offer/858007859516.html (SKU数: 2)
2026-04-01 06:34:11,874 | INFO | ali1688_goods_monitor |   250. https://detail.1688.com/offer/687729432138.html (SKU数: 1)
2026-04-01 06:34:11,875 | INFO | ali1688_goods_monitor |   251. https://detail.1688.com/offer/1031855101004.html (SKU数: 7)
2026-04-01 06:34:11,875 | INFO | ali1688_goods_monitor |   252. https://detail.1688.com/offer/809233523760.html (SKU数: 1)
2026-04-01 06:34:11,875 | INFO | ali1688_goods_monitor |   253. https://detail.1688.com/offer/1024421346400.html (SKU数: 2)
2026-04-01 06:34:11,875 | INFO | ali1688_goods_monitor |   254. https://detail.1688.com/offer/982635289066.html (SKU数: 26)
2026-04-01 06:34:11,875 | INFO | ali1688_goods_monitor |   255. https://detail.1688.com/offer/750175006113.html (SKU数: 1)
2026-04-01 06:34:11,875 | INFO | ali1688_goods_monitor |   256. https://detail.1688.com/offer/954152497198.html (SKU数: 6)
2026-04-01 06:34:11,876 | INFO | ali1688_goods_monitor |   257. https://detail.1688.com/offer/857784361057.html (SKU数: 10)
2026-04-01 06:34:11,876 | INFO | ali1688_goods_monitor |   258. https://detail.1688.com/offer/963819028092.html (SKU数: 2)
2026-04-01 06:34:11,876 | INFO | ali1688_goods_monitor |   259. https://detail.1688.com/offer/947764418500.html (SKU数: 1)
2026-04-01 06:34:11,876 | INFO | ali1688_goods_monitor |   260. https://detail.1688.com/offer/854259763574.html (SKU数: 1)
2026-04-01 06:34:11,876 | INFO | ali1688_goods_monitor |   261. https://detail.1688.com/offer/999695394272.html (SKU数: 5)
2026-04-01 06:34:11,876 | INFO | ali1688_goods_monitor |   262. https://detail.1688.com/offer/713699292120.html (SKU数: 9)
2026-04-01 06:34:11,876 | INFO | ali1688_goods_monitor |   263. https://detail.1688.com/offer/621194315291.html (SKU数: 4)
2026-04-01 06:34:11,877 | INFO | ali1688_goods_monitor |   264. https://detail.1688.com/offer/927867865604.html (SKU数: 18)
2026-04-01 06:34:11,877 | INFO | ali1688_goods_monitor |   265. https://detail.1688.com/offer/734549030910.html (SKU数: 14)
2026-04-01 06:34:12,827 | INFO | ali1688_goods_monitor | ============================================================
2026-04-01 06:34:12,828 | INFO | ali1688_goods_monitor | 🔍 开始获取SKU信息...
2026-04-01 06:34:12,830 | INFO | ali1688_goods_monitor | 📦 共 265 个商品需要获取SKU
2026-04-01 06:34:12,830 | INFO | ali1688_goods_monitor | ============================================================
2026-04-01 06:34:12,831 | INFO | ali1688_goods_monitor | 🚀 初始化SKU获取浏览器...
2026-04-01 06:34:14,337 | INFO | ali1688_goods_monitor | 🔐 登录店雷达...
2026-04-01 06:34:29,676 | INFO | ali1688_goods_monitor | 🔍 [1/265] 获取SKU: https://detail.1688.com/offer/812259607012.html
2026-04-01 06:35:31,909 | INFO | ali1688_goods_monitor |    ✅ 获取到 39 个SKU
2026-04-01 06:35:31,909 | INFO | ali1688_goods_monitor |    ⏳ 等待 2.0 秒后继续...
2026-04-01 06:35:33,924 | INFO | ali1688_goods_monitor | 🔍 [2/265] 获取SKU: https://detail.1688.com/offer/979203908708.html
2026-04-01 06:36:39,494 | WARNING | ali1688_goods_monitor |    ⚠️ 未获取到SKU数据
2026-04-01 06:36:39,497 | INFO | ali1688_goods_monitor |    ⏳ 等待 1.2 秒后继续...
2026-04-01 06:36:40,682 | INFO | ali1688_goods_monitor | 🔍 [3/265] 获取SKU: https://detail.1688.com/offer/835170979856.html
2026-04-01 06:37:35,743 | INFO | ali1688_goods_monitor |    ✅ 获取到 17 个SKU
2026-04-01 06:37:35,743 | INFO | ali1688_goods_monitor |    ⏳ 等待 1.9 秒后继续...
2026-04-01 06:37:37,677 | INFO | ali1688_goods_monitor | 🔍 [4/265] 获取SKU: https://detail.1688.com/offer/928700805986.html
2026-04-01 06:38:05,444 | INFO | ali1688_goods_monitor |    ✅ 获取到 2 个SKU
2026-04-01 06:38:05,444 | INFO | ali1688_goods_monitor |    ⏳ 等待 1.4 秒后继续...
2026-04-01 06:38:06,878 | INFO | ali1688_goods_monitor | 🔍 [5/265] 获取SKU: https://detail.1688.com/offer/968280048908.html
2026-04-01 06:38:35,128 | INFO | ali1688_goods_monitor |    ✅ 获取到 31 个SKU
2026-04-01 06:38:35,129 | INFO | ali1688_goods_monitor |    ⏳ 等待 2.3 秒后继续...
2026-04-01 06:38:37,476 | INFO | ali1688_goods_monitor | 🔍 [6/265] 获取SKU: https://detail.1688.com/offer/982634945037.html
2026-04-01 06:39:05,662 | INFO | ali1688_goods_monitor |    ✅ 获取到 26 个SKU
2026-04-01 06:39:05,662 | INFO | ali1688_goods_monitor |    ⏳ 等待 2.0 秒后继续...
2026-04-01 06:39:07,716 | INFO | ali1688_goods_monitor | 🔍 [7/265] 获取SKU: https://detail.1688.com/offer/617837580726.html
2026-04-01 06:39:35,443 | INFO | ali1688_goods_monitor |    ✅ 获取到 2 个SKU
2026-04-01 06:39:35,443 | INFO | ali1688_goods_monitor |    ⏳ 等待 1.5 秒后继续...
2026-04-01 06:39:36,945 | INFO | ali1688_goods_monitor | 🔍 [8/265] 获取SKU: https://detail.1688.com/offer/954713432833.html
2026-04-01 06:40:04,567 | INFO | ali1688_goods_monitor |    ✅ 获取到 2 个SKU
2026-04-01 06:40:04,568 | INFO | ali1688_goods_monitor |    ⏳ 等待 2.3 秒后继续...
2026-04-01 06:40:06,872 | INFO | ali1688_goods_monitor | 🔍 [9/265] 获取SKU: https://detail.1688.com/offer/971080031926.html
2026-04-01 06:40:34,446 | INFO | ali1688_goods_monitor |    ✅ 获取到 3 个SKU
2026-04-01 06:40:34,446 | INFO | ali1688_goods_monitor |    ⏳ 等待 2.0 秒后继续...
2026-04-01 06:40:36,445 | INFO | ali1688_goods_monitor | 🔍 [10/265] 获取SKU: https://detail.1688.com/offer/971037620206.html
2026-04-01 06:41:04,368 | INFO | ali1688_goods_monitor |    ✅ 获取到 1 个SKU
2026-04-01 06:41:04,369 | INFO | ali1688_goods_monitor |    ⏳ 等待 1.9 秒后继续...
2026-04-01 06:41:06,250 | INFO | ali1688_goods_monitor | 🔍 [11/265] 获取SKU: https://detail.1688.com/offer/943395574791.html
2026-04-01 06:41:20,490 | WARNING | ali1688_goods_monitor |    ⚠️ 未获取到SKU数据
2026-04-01 06:41:20,493 | INFO | ali1688_goods_monitor |    ⏳ 等待 1.4 秒后继续...
2026-04-01 06:41:21,898 | INFO | ali1688_goods_monitor | 🔍 [12/265] 获取SKU: https://detail.1688.com/offer/833661915665.html
2026-04-01 06:41:35,893 | WARNING | ali1688_goods_monitor |    ⚠️ 未获取到SKU数据
2026-04-01 06:41:35,899 | INFO | ali1688_goods_monitor |    ⏳ 等待 1.7 秒后继续...
2026-04-01 06:41:37,586 | INFO | ali1688_goods_monitor | 🔍 [13/265] 获取SKU: https://detail.1688.com/offer/1005984550667.html
2026-04-01 06:42:06,074 | INFO | ali1688_goods_monitor |    ✅ 获取到 36 个SKU
2026-04-01 06:42:06,074 | INFO | ali1688_goods_monitor |    ⏳ 等待 2.0 秒后继续...
2026-04-01 06:42:08,086 | INFO | ali1688_goods_monitor | 🔍 [14/265] 获取SKU: https://detail.1688.com/offer/1016515592011.html
2026-04-01 06:42:35,754 | INFO | ali1688_goods_monitor |    ✅ 获取到 4 个SKU
2026-04-01 06:42:35,754 | INFO | ali1688_goods_monitor |    ⏳ 等待 2.5 秒后继续...
2026-04-01 06:42:38,245 | INFO | ali1688_goods_monitor | 🔍 [15/265] 获取SKU: https://detail.1688.com/offer/798059727032.html
2026-04-01 06:43:06,119 | INFO | ali1688_goods_monitor |    ✅ 获取到 16 个SKU
2026-04-01 06:43:06,120 | INFO | ali1688_goods_monitor |    ⏳ 等待 2.5 秒后继续...
2026-04-01 06:43:08,586 | INFO | ali1688_goods_monitor | 🔍 [16/265] 获取SKU: https://detail.1688.com/offer/1003272185431.html
2026-04-01 06:43:36,231 | INFO | ali1688_goods_monitor |    ✅ 获取到 5 个SKU
2026-04-01 06:43:36,231 | INFO | ali1688_goods_monitor |    ⏳ 等待 1.4 秒后继续...
2026-04-01 06:43:37,640 | INFO | ali1688_goods_monitor | 🔍 [17/265] 获取SKU: https://detail.1688.com/offer/1026068947837.html
2026-04-01 06:44:05,424 | INFO | ali1688_goods_monitor |    ✅ 获取到 3 个SKU
2026-04-01 06:44:05,424 | INFO | ali1688_goods_monitor |    ⏳ 等待 2.3 秒后继续...
2026-04-01 06:44:07,766 | INFO | ali1688_goods_monitor | 🔍 [18/265] 获取SKU: https://detail.1688.com/offer/590591825369.html
2026-04-01 06:44:36,091 | INFO | ali1688_goods_monitor |    ✅ 获取到 29 个SKU
2026-04-01 06:44:36,091 | INFO | ali1688_goods_monitor |    ⏳ 等待 1.9 秒后继续...
2026-04-01 06:44:37,986 | INFO | ali1688_goods_monitor | 🔍 [19/265] 获取SKU: https://detail.1688.com/offer/811139889293.html
2026-04-01 06:45:05,678 | INFO | ali1688_goods_monitor |    ✅ 获取到 10 个SKU
2026-04-01 06:45:05,679 | INFO | ali1688_goods_monitor |    ⏳ 等待 1.7 秒后继续...
2026-04-01 06:45:07,432 | INFO | ali1688_goods_monitor | 🔍 [20/265] 获取SKU: https://detail.1688.com/offer/950726478383.html
2026-04-01 06:45:35,307 | INFO | ali1688_goods_monitor |    ✅ 获取到 13 个SKU
2026-04-01 06:45:35,307 | INFO | ali1688_goods_monitor |    ⏳ 等待 1.4 秒后继续...
2026-04-01 06:45:36,745 | INFO | ali1688_goods_monitor | 🔍 [21/265] 获取SKU: https://detail.1688.com/offer/969366546749.html
2026-04-01 06:46:04,518 | INFO | ali1688_goods_monitor |    ✅ 获取到 1 个SKU
2026-04-01 06:46:04,518 | INFO | ali1688_goods_monitor |    ⏳ 等待 1.5 秒后继续...
2026-04-01 06:46:05,981 | INFO | ali1688_goods_monitor | 🔍 [22/265] 获取SKU: https://detail.1688.com/offer/741922490714.html
2026-04-01 06:46:33,821 | INFO | ali1688_goods_monitor |    ✅ 获取到 2 个SKU
2026-04-01 06:46:33,821 | INFO | ali1688_goods_monitor |    ⏳ 等待 1.2 秒后继续...
2026-04-01 06:46:35,049 | INFO | ali1688_goods_monitor | 🔍 [23/265] 获取SKU: https://detail.1688.com/offer/970715744477.html
2026-04-01 06:47:02,732 | INFO | ali1688_goods_monitor |    ✅ 获取到 1 个SKU
2026-04-01 06:47:02,732 | INFO | ali1688_goods_monitor |    ⏳ 等待 1.2 秒后继续...
2026-04-01 06:47:03,967 | INFO | ali1688_goods_monitor | 🔍 [24/265] 获取SKU: https://detail.1688.com/offer/776195311997.html
2026-04-01 06:47:17,951 | WARNING | ali1688_goods_monitor |    ⚠️ 未获取到SKU数据
2026-04-01 06:47:17,960 | INFO | ali1688_goods_monitor |    ⏳ 等待 1.3 秒后继续...
2026-04-01 06:47:19,242 | INFO | ali1688_goods_monitor | 🔍 [25/265] 获取SKU: https://detail.1688.com/offer/991935831793.html
2026-04-01 06:47:46,789 | INFO | ali1688_goods_monitor |    ✅ 获取到 3 个SKU
2026-04-01 06:47:46,789 | INFO | ali1688_goods_monitor |    ⏳ 等待 1.9 秒后继续...
2026-04-01 06:47:48,737 | INFO | ali1688_goods_monitor | 🔍 [26/265] 获取SKU: https://detail.1688.com/offer/812514770228.html
2026-04-01 06:48:16,615 | INFO | ali1688_goods_monitor |    ✅ 获取到 2 个SKU
2026-04-01 06:48:16,615 | INFO | ali1688_goods_monitor |    ⏳ 等待 2.3 秒后继续...
2026-04-01 06:48:18,930 | INFO | ali1688_goods_monitor | 🔍 [27/265] 获取SKU: https://detail.1688.com/offer/875034473523.html
2026-04-01 06:48:46,639 | INFO | ali1688_goods_monitor |    ✅ 获取到 3 个SKU
2026-04-01 06:48:46,639 | INFO | ali1688_goods_monitor |    ⏳ 等待 1.3 秒后继续...
2026-04-01 06:48:47,920 | INFO | ali1688_goods_monitor | 🔍 [28/265] 获取SKU: https://detail.1688.com/offer/889385901298.html
2026-04-01 06:49:15,449 | INFO | ali1688_goods_monitor |    ✅ 获取到 3 个SKU
2026-04-01 06:49:15,449 | INFO | ali1688_goods_monitor |    ⏳ 等待 1.0 秒后继续...
2026-04-01 06:49:16,494 | INFO | ali1688_goods_monitor | 🔍 [29/265] 获取SKU: https://detail.1688.com/offer/979396013303.html
2026-04-01 06:49:44,423 | INFO | ali1688_goods_monitor |    ✅ 获取到 1 个SKU
2026-04-01 06:49:44,423 | INFO | ali1688_goods_monitor |    ⏳ 等待 2.4 秒后继续...
2026-04-01 06:49:46,881 | INFO | ali1688_goods_monitor | 🔍 [30/265] 获取SKU: https://detail.1688.com/offer/903636127402.html
2026-04-01 06:50:14,552 | INFO | ali1688_goods_monitor |    ✅ 获取到 3 个SKU
2026-04-01 06:50:14,553 | INFO | ali1688_goods_monitor |    ⏳ 等待 2.1 秒后继续...
2026-04-01 06:50:16,670 | INFO | ali1688_goods_monitor | 🔍 [31/265] 获取SKU: https://detail.1688.com/offer/962746907189.html
2026-04-01 06:50:44,544 | INFO | ali1688_goods_monitor |    ✅ 获取到 4 个SKU
2026-04-01 06:50:44,545 | INFO | ali1688_goods_monitor |    ⏳ 等待 1.9 秒后继续...
2026-04-01 06:50:46,413 | INFO | ali1688_goods_monitor | 🔍 [32/265] 获取SKU: https://detail.1688.com/offer/894936744591.html
2026-04-01 06:51:14,490 | INFO | ali1688_goods_monitor |    ✅ 获取到 16 个SKU
2026-04-01 06:51:14,490 | INFO | ali1688_goods_monitor |    ⏳ 等待 2.4 秒后继续...
2026-04-01 06:51:16,864 | INFO | ali1688_goods_monitor | 🔍 [33/265] 获取SKU: https://detail.1688.com/offer/895285249007.html
2026-04-01 06:51:45,043 | INFO | ali1688_goods_monitor |    ✅ 获取到 36 个SKU
2026-04-01 06:51:45,043 | INFO | ali1688_goods_monitor |    ⏳ 等待 2.5 秒后继续...
2026-04-01 06:51:47,543 | INFO | ali1688_goods_monitor | 🔍 [34/265] 获取SKU: https://detail.1688.com/offer/990409899841.html
2026-04-01 06:52:15,604 | INFO | ali1688_goods_monitor |    ✅ 获取到 7 个SKU
2026-04-01 06:52:15,604 | INFO | ali1688_goods_monitor |    ⏳ 等待 1.8 秒后继续...
2026-04-01 06:52:17,458 | INFO | ali1688_goods_monitor | 🔍 [35/265] 获取SKU: https://detail.1688.com/offer/1025513853144.html
2026-04-01 06:52:45,224 | INFO | ali1688_goods_monitor |    ✅ 获取到 8 个SKU
2026-04-01 06:52:45,224 | INFO | ali1688_goods_monitor |    ⏳ 等待 1.8 秒后继续...
2026-04-01 06:52:47,033 | INFO | ali1688_goods_monitor | 🔍 [36/265] 获取SKU: https://detail.1688.com/offer/907762599791.html
2026-04-01 06:53:15,134 | INFO | ali1688_goods_monitor |    ✅ 获取到 10 个SKU
2026-04-01 06:53:15,135 | INFO | ali1688_goods_monitor |    ⏳ 等待 1.8 秒后继续...
2026-04-01 06:53:16,921 | INFO | ali1688_goods_monitor | 🔍 [37/265] 获取SKU: https://detail.1688.com/offer/1013037690222.html
2026-04-01 06:53:44,656 | INFO | ali1688_goods_monitor |    ✅ 获取到 1 个SKU
2026-04-01 06:53:44,657 | INFO | ali1688_goods_monitor |    ⏳ 等待 2.0 秒后继续...
2026-04-01 06:53:46,643 | INFO | ali1688_goods_monitor | 🔍 [38/265] 获取SKU: https://detail.1688.com/offer/677301391721.html
2026-04-01 06:54:14,836 | INFO | ali1688_goods_monitor |    ✅ 获取到 24 个SKU
2026-04-01 06:54:14,836 | INFO | ali1688_goods_monitor |    ⏳ 等待 1.7 秒后继续...
2026-04-01 06:54:16,548 | INFO | ali1688_goods_monitor | 🔍 [39/265] 获取SKU: https://detail.1688.com/offer/970377098770.html
2026-04-01 06:54:44,649 | INFO | ali1688_goods_monitor |    ✅ 获取到 33 个SKU
2026-04-01 06:54:44,649 | INFO | ali1688_goods_monitor |    ⏳ 等待 1.7 秒后继续...
2026-04-01 06:54:46,389 | INFO | ali1688_goods_monitor | 🔍 [40/265] 获取SKU: https://detail.1688.com/offer/677709968233.html
2026-04-01 06:55:14,419 | INFO | ali1688_goods_monitor |    ✅ 获取到 5 个SKU
2026-04-01 06:55:14,419 | INFO | ali1688_goods_monitor |    ⏳ 等待 1.5 秒后继续...
2026-04-01 06:55:15,961 | INFO | ali1688_goods_monitor | 🔍 [41/265] 获取SKU: https://detail.1688.com/offer/1000398364752.html
2026-04-01 06:55:43,340 | INFO | ali1688_goods_monitor |    ✅ 获取到 6 个SKU
2026-04-01 06:55:43,341 | INFO | ali1688_goods_monitor |    ⏳ 等待 2.1 秒后继续...
2026-04-01 06:55:45,495 | INFO | ali1688_goods_monitor | 🔍 [42/265] 获取SKU: https://detail.1688.com/offer/899704194303.html
2026-04-01 06:56:13,570 | INFO | ali1688_goods_monitor |    ✅ 获取到 12 个SKU
2026-04-01 06:56:13,570 | INFO | ali1688_goods_monitor |    ⏳ 等待 1.6 秒后继续...
2026-04-01 06:56:15,193 | INFO | ali1688_goods_monitor | 🔍 [43/265] 获取SKU: https://detail.1688.com/offer/856805654657.html
2026-04-01 06:56:43,027 | INFO | ali1688_goods_monitor |    ✅ 获取到 1 个SKU
2026-04-01 06:56:43,028 | INFO | ali1688_goods_monitor |    ⏳ 等待 1.4 秒后继续...
2026-04-01 06:56:44,438 | INFO | ali1688_goods_monitor | 🔍 [44/265] 获取SKU: https://detail.1688.com/offer/994662909434.html
2026-04-01 06:57:12,137 | INFO | ali1688_goods_monitor |    ✅ 获取到 3 个SKU
2026-04-01 06:57:12,137 | INFO | ali1688_goods_monitor |    ⏳ 等待 1.3 秒后继续...
2026-04-01 06:57:13,480 | INFO | ali1688_goods_monitor | 🔍 [45/265] 获取SKU: https://detail.1688.com/offer/976178977054.html
2026-04-01 06:57:41,168 | INFO | ali1688_goods_monitor |    ✅ 获取到 5 个SKU
2026-04-01 06:57:41,169 | INFO | ali1688_goods_monitor |    ⏳ 等待 1.6 秒后继续...
2026-04-01 06:57:42,778 | INFO | ali1688_goods_monitor | 🔍 [46/265] 获取SKU: https://detail.1688.com/offer/847794753111.html
2026-04-01 06:58:10,415 | INFO | ali1688_goods_monitor |    ✅ 获取到 1 个SKU
2026-04-01 06:58:10,415 | INFO | ali1688_goods_monitor |    ⏳ 等待 2.1 秒后继续...
2026-04-01 06:58:12,486 | INFO | ali1688_goods_monitor | 🔍 [47/265] 获取SKU: https://detail.1688.com/offer/826873938709.html
2026-04-01 06:58:40,222 | INFO | ali1688_goods_monitor |    ✅ 获取到 1 个SKU
2026-04-01 06:58:40,222 | INFO | ali1688_goods_monitor |    ⏳ 等待 1.1 秒后继续...
2026-04-01 06:58:41,317 | INFO | ali1688_goods_monitor | 🔍 [48/265] 获取SKU: https://detail.1688.com/offer/900967422750.html
2026-04-01 06:59:09,645 | INFO | ali1688_goods_monitor |    ✅ 获取到 36 个SKU
2026-04-01 06:59:09,645 | INFO | ali1688_goods_monitor |    ⏳ 等待 1.4 秒后继续...
2026-04-01 06:59:11,011 | INFO | ali1688_goods_monitor | 🔍 [49/265] 获取SKU: https://detail.1688.com/offer/902961760235.html
2026-04-01 06:59:38,831 | INFO | ali1688_goods_monitor |    ✅ 获取到 4 个SKU
2026-04-01 06:59:38,831 | INFO | ali1688_goods_monitor |    ⏳ 等待 1.2 秒后继续...
2026-04-01 06:59:40,036 | INFO | ali1688_goods_monitor | 🔍 [50/265] 获取SKU: https://detail.1688.com/offer/681658732090.html
2026-04-01 06:59:54,238 | WARNING | ali1688_goods_monitor |    ⚠️ 未获取到SKU数据
2026-04-01 06:59:54,240 | INFO | ali1688_goods_monitor |    ⏳ 等待 1.2 秒后继续...
2026-04-01 06:59:55,398 | INFO | ali1688_goods_monitor | 🔍 [51/265] 获取SKU: https://detail.1688.com/offer/951035484615.html
2026-04-01 07:00:23,817 | INFO | ali1688_goods_monitor |    ✅ 获取到 29 个SKU
2026-04-01 07:00:23,817 | INFO | ali1688_goods_monitor |    ⏳ 等待 1.2 秒后继续...
2026-04-01 07:00:25,069 | INFO | ali1688_goods_monitor | 🔍 [52/265] 获取SKU: https://detail.1688.com/offer/628617576125.html
2026-04-01 07:00:52,889 | INFO | ali1688_goods_monitor |    ✅ 获取到 5 个SKU
2026-04-01 07:00:52,889 | INFO | ali1688_goods_monitor |    ⏳ 等待 2.3 秒后继续...
2026-04-01 07:00:55,152 | INFO | ali1688_goods_monitor | 🔍 [53/265] 获取SKU: https://detail.1688.com/offer/847495122732.html
2026-04-01 07:01:22,938 | INFO | ali1688_goods_monitor |    ✅ 获取到 3 个SKU
2026-04-01 07:01:22,938 | INFO | ali1688_goods_monitor |    ⏳ 等待 1.4 秒后继续...
2026-04-01 07:01:24,374 | INFO | ali1688_goods_monitor | 🔍 [54/265] 获取SKU: https://detail.1688.com/offer/799083276279.html
2026-04-01 07:01:51,983 | INFO | ali1688_goods_monitor |    ✅ 获取到 3 个SKU
2026-04-01 07:01:51,983 | INFO | ali1688_goods_monitor |    ⏳ 等待 1.1 秒后继续...
2026-04-01 07:01:53,058 | INFO | ali1688_goods_monitor | 🔍 [55/265] 获取SKU: https://detail.1688.com/offer/998051010590.html
2026-04-01 07:02:20,708 | INFO | ali1688_goods_monitor |    ✅ 获取到 4 个SKU
2026-04-01 07:02:20,708 | INFO | ali1688_goods_monitor |    ⏳ 等待 1.6 秒后继续...
2026-04-01 07:02:22,369 | INFO | ali1688_goods_monitor | 🔍 [56/265] 获取SKU: https://detail.1688.com/offer/992251601092.html
2026-04-01 07:02:50,263 | INFO | ali1688_goods_monitor |    ✅ 获取到 3 个SKU
2026-04-01 07:02:50,263 | INFO | ali1688_goods_monitor |    ⏳ 等待 1.7 秒后继续...
2026-04-01 07:02:51,938 | INFO | ali1688_goods_monitor | 🔍 [57/265] 获取SKU: https://detail.1688.com/offer/992071730825.html
2026-04-01 07:03:19,694 | INFO | ali1688_goods_monitor |    ✅ 获取到 3 个SKU
2026-04-01 07:03:19,694 | INFO | ali1688_goods_monitor |    ⏳ 等待 1.5 秒后继续...
2026-04-01 07:03:21,232 | INFO | ali1688_goods_monitor | 🔍 [58/265] 获取SKU: https://detail.1688.com/offer/979471208168.html
2026-04-01 07:03:49,019 | INFO | ali1688_goods_monitor |    ✅ 获取到 1 个SKU
2026-04-01 07:03:49,019 | INFO | ali1688_goods_monitor |    ⏳ 等待 1.6 秒后继续...
2026-04-01 07:03:50,636 | INFO | ali1688_goods_monitor | 🔍 [59/265] 获取SKU: https://detail.1688.com/offer/898439171537.html
2026-04-01 07:04:18,630 | INFO | ali1688_goods_monitor |    ✅ 获取到 6 个SKU
2026-04-01 07:04:18,630 | INFO | ali1688_goods_monitor |    ⏳ 等待 2.3 秒后继续...
2026-04-01 07:04:20,993 | INFO | ali1688_goods_monitor | 🔍 [60/265] 获取SKU: https://detail.1688.com/offer/873614306333.html
2026-04-01 07:04:49,128 | INFO | ali1688_goods_monitor |    ✅ 获取到 6 个SKU
2026-04-01 07:04:49,128 | INFO | ali1688_goods_monitor |    ⏳ 等待 1.9 秒后继续...
2026-04-01 07:04:51,034 | INFO | ali1688_goods_monitor | 🔍 [61/265] 获取SKU: https://detail.1688.com/offer/840249263873.html
2026-04-01 07:05:46,740 | INFO | ali1688_goods_monitor |    ✅ 获取到 7 个SKU
2026-04-01 07:05:46,740 | INFO | ali1688_goods_monitor |    ⏳ 等待 1.0 秒后继续...
2026-04-01 07:05:47,793 | INFO | ali1688_goods_monitor | 🔍 [62/265] 获取SKU: https://detail.1688.com/offer/702199084381.html
2026-04-01 07:06:54,793 | WARNING | ali1688_goods_monitor |    ⚠️ 未获取到SKU数据
2026-04-01 07:06:54,796 | INFO | ali1688_goods_monitor |    ⏳ 等待 2.2 秒后继续...
2026-04-01 07:06:56,975 | INFO | ali1688_goods_monitor | 🔍 [63/265] 获取SKU: https://detail.1688.com/offer/832304702315.html
2026-04-01 07:07:25,342 | INFO | ali1688_goods_monitor |    ✅ 获取到 5 个SKU
2026-04-01 07:07:25,343 | INFO | ali1688_goods_monitor |    ⏳ 等待 1.5 秒后继续...
2026-04-01 07:07:26,870 | INFO | ali1688_goods_monitor | 🔍 [64/265] 获取SKU: https://detail.1688.com/offer/746411095420.html
2026-04-01 07:07:55,060 | INFO | ali1688_goods_monitor |    ✅ 获取到 22 个SKU
2026-04-01 07:07:55,061 | INFO | ali1688_goods_monitor |    ⏳ 等待 2.0 秒后继续...
2026-04-01 07:07:57,038 | INFO | ali1688_goods_monitor | 🔍 [65/265] 获取SKU: https://detail.1688.com/offer/789633522584.html
2026-04-01 07:08:11,085 | WARNING | ali1688_goods_monitor |    ⚠️ 未获取到SKU数据
2026-04-01 07:08:11,091 | INFO | ali1688_goods_monitor |    ⏳ 等待 1.9 秒后继续...
2026-04-01 07:08:12,989 | INFO | ali1688_goods_monitor | 🔍 [66/265] 获取SKU: https://detail.1688.com/offer/902473655388.html
2026-04-01 07:08:40,706 | INFO | ali1688_goods_monitor |    ✅ 获取到 1 个SKU
2026-04-01 07:08:40,706 | INFO | ali1688_goods_monitor |    ⏳ 等待 1.8 秒后继续...
2026-04-01 07:08:42,506 | INFO | ali1688_goods_monitor | 🔍 [67/265] 获取SKU: https://detail.1688.com/offer/950670074468.html
2026-04-01 07:09:43,699 | INFO | ali1688_goods_monitor |    ✅ 获取到 36 个SKU
2026-04-01 07:09:43,699 | INFO | ali1688_goods_monitor |    ⏳ 等待 1.1 秒后继续...
2026-04-01 07:09:44,846 | INFO | ali1688_goods_monitor | 🔍 [68/265] 获取SKU: https://detail.1688.com/offer/999142031933.html
2026-04-01 07:09:59,197 | WARNING | ali1688_goods_monitor |    ⚠️ 未获取到SKU数据
2026-04-01 07:09:59,205 | INFO | ali1688_goods_monitor |    ⏳ 等待 2.1 秒后继续...
2026-04-01 07:10:01,323 | INFO | ali1688_goods_monitor | 🔍 [69/265] 获取SKU: https://detail.1688.com/offer/890407614753.html
2026-04-01 07:11:07,435 | WARNING | ali1688_goods_monitor |    ⚠️ 未获取到SKU数据
2026-04-01 07:11:07,438 | INFO | ali1688_goods_monitor |    ⏳ 等待 2.4 秒后继续...
2026-04-01 07:11:09,819 | INFO | ali1688_goods_monitor | 🔍 [70/265] 获取SKU: https://detail.1688.com/offer/956573560393.html
2026-04-01 07:12:12,056 | WARNING | ali1688_goods_monitor |    ⚠️ 未获取到SKU数据
2026-04-01 07:12:12,058 | INFO | ali1688_goods_monitor |    ⏳ 等待 1.4 秒后继续...
2026-04-01 07:12:13,437 | INFO | ali1688_goods_monitor | 🔍 [71/265] 获取SKU: https://detail.1688.com/offer/703551244918.html
2026-04-01 07:13:17,460 | WARNING | ali1688_goods_monitor |    ⚠️ 未获取到SKU数据
2026-04-01 07:13:17,462 | INFO | ali1688_goods_monitor |    ⏳ 等待 1.1 秒后继续...
2026-04-01 07:13:18,568 | INFO | ali1688_goods_monitor | 🔍 [72/265] 获取SKU: https://detail.1688.com/offer/1000255776437.html
2026-04-01 07:14:25,946 | WARNING | ali1688_goods_monitor |    ⚠️ 未获取到SKU数据
2026-04-01 07:14:25,949 | INFO | ali1688_goods_monitor |    ⏳ 等待 1.1 秒后继续...
2026-04-01 07:14:27,058 | INFO | ali1688_goods_monitor | 🔍 [73/265] 获取SKU: https://detail.1688.com/offer/890654399053.html
2026-04-01 07:15:31,641 | WARNING | ali1688_goods_monitor |    ⚠️ 未获取到SKU数据
2026-04-01 07:15:31,645 | INFO | ali1688_goods_monitor |    ⏳ 等待 1.4 秒后继续...
2026-04-01 07:15:33,066 | INFO | ali1688_goods_monitor | 🔍 [74/265] 获取SKU: https://detail.1688.com/offer/859584630627.html
2026-04-01 07:16:38,073 | WARNING | ali1688_goods_monitor |    ⚠️ 未获取到SKU数据
2026-04-01 07:16:38,075 | INFO | ali1688_goods_monitor |    ⏳ 等待 2.2 秒后继续...
2026-04-01 07:16:40,264 | INFO | ali1688_goods_monitor | 🔍 [75/265] 获取SKU: https://detail.1688.com/offer/1007062397648.html
2026-04-01 07:17:47,070 | WARNING | ali1688_goods_monitor |    ⚠️ 未获取到SKU数据
2026-04-01 07:17:47,073 | INFO | ali1688_goods_monitor |    ⏳ 等待 1.6 秒后继续...
2026-04-01 07:17:48,721 | INFO | ali1688_goods_monitor | 🔍 [76/265] 获取SKU: https://detail.1688.com/offer/43695296576.html
2026-04-01 07:18:56,419 | WARNING | ali1688_goods_monitor |    ⚠️ 未获取到SKU数据
2026-04-01 07:18:56,421 | INFO | ali1688_goods_monitor |    ⏳ 等待 2.3 秒后继续...
2026-04-01 07:18:58,683 | INFO | ali1688_goods_monitor | 🔍 [77/265] 获取SKU: https://detail.1688.com/offer/996059989352.html
2026-04-01 07:19:26,514 | INFO | ali1688_goods_monitor |    ✅ 获取到 3 个SKU
2026-04-01 07:19:26,515 | INFO | ali1688_goods_monitor |    ⏳ 等待 1.2 秒后继续...
2026-04-01 07:19:27,754 | INFO | ali1688_goods_monitor | 🔍 [78/265] 获取SKU: https://detail.1688.com/offer/975762015590.html
2026-04-01 07:19:55,576 | INFO | ali1688_goods_monitor |    ✅ 获取到 6 个SKU
2026-04-01 07:19:55,577 | INFO | ali1688_goods_monitor |    ⏳ 等待 1.8 秒后继续...
2026-04-01 07:19:57,384 | INFO | ali1688_goods_monitor | 🔍 [79/265] 获取SKU: https://detail.1688.com/offer/990618054916.html
2026-04-01 07:20:26,693 | INFO | ali1688_goods_monitor |    ✅ 获取到 3 个SKU
2026-04-01 07:20:26,694 | INFO | ali1688_goods_monitor |    ⏳ 等待 2.2 秒后继续...
2026-04-01 07:20:28,924 | INFO | ali1688_goods_monitor | 🔍 [80/265] 获取SKU: https://detail.1688.com/offer/652994949606.html
2026-04-01 07:20:56,845 | INFO | ali1688_goods_monitor |    ✅ 获取到 4 个SKU
2026-04-01 07:20:56,845 | INFO | ali1688_goods_monitor |    ⏳ 等待 1.5 秒后继续...
2026-04-01 07:20:58,380 | INFO | ali1688_goods_monitor | 🔍 [81/265] 获取SKU: https://detail.1688.com/offer/991070192317.html
2026-04-01 07:21:26,144 | INFO | ali1688_goods_monitor |    ✅ 获取到 11 个SKU
2026-04-01 07:21:26,144 | INFO | ali1688_goods_monitor |    ⏳ 等待 1.1 秒后继续...
2026-04-01 07:21:27,225 | INFO | ali1688_goods_monitor | 🔍 [82/265] 获取SKU: https://detail.1688.com/offer/632300625030.html
2026-04-01 07:21:54,936 | INFO | ali1688_goods_monitor |    ✅ 获取到 2 个SKU
2026-04-01 07:21:54,937 | INFO | ali1688_goods_monitor |    ⏳ 等待 1.2 秒后继续...
2026-04-01 07:21:56,128 | INFO | ali1688_goods_monitor | 🔍 [83/265] 获取SKU: https://detail.1688.com/offer/928580021030.html
2026-04-01 07:22:23,921 | INFO | ali1688_goods_monitor |    ✅ 获取到 2 个SKU
2026-04-01 07:22:23,921 | INFO | ali1688_goods_monitor |    ⏳ 等待 1.8 秒后继续...
2026-04-01 07:22:25,746 | INFO | ali1688_goods_monitor | 🔍 [84/265] 获取SKU: https://detail.1688.com/offer/873771926327.html
2026-04-01 07:23:27,839 | INFO | ali1688_goods_monitor |    ✅ 获取到 32 个SKU
2026-04-01 07:23:27,839 | INFO | ali1688_goods_monitor |    ⏳ 等待 1.2 秒后继续...
2026-04-01 07:23:29,057 | INFO | ali1688_goods_monitor | 🔍 [85/265] 获取SKU: https://detail.1688.com/offer/994237964153.html
2026-04-01 07:24:27,451 | INFO | ali1688_goods_monitor |    ✅ 获取到 7 个SKU
2026-04-01 07:24:27,451 | INFO | ali1688_goods_monitor |    ⏳ 等待 2.0 秒后继续...
2026-04-01 07:24:29,480 | INFO | ali1688_goods_monitor | 🔍 [86/265] 获取SKU: https://detail.1688.com/offer/993465198242.html
2026-04-01 07:24:57,647 | INFO | ali1688_goods_monitor |    ✅ 获取到 7 个SKU
2026-04-01 07:24:57,647 | INFO | ali1688_goods_monitor |    ⏳ 等待 1.7 秒后继续...
2026-04-01 07:24:59,393 | INFO | ali1688_goods_monitor | 🔍 [87/265] 获取SKU: https://detail.1688.com/offer/950658287741.html
2026-04-01 07:25:27,665 | INFO | ali1688_goods_monitor |    ✅ 获取到 18 个SKU
2026-04-01 07:25:27,666 | INFO | ali1688_goods_monitor |    ⏳ 等待 1.7 秒后继续...
2026-04-01 07:25:29,402 | INFO | ali1688_goods_monitor | 🔍 [88/265] 获取SKU: https://detail.1688.com/offer/1009966785995.html
2026-04-01 07:25:57,276 | INFO | ali1688_goods_monitor |    ✅ 获取到 4 个SKU
2026-04-01 07:25:57,276 | INFO | ali1688_goods_monitor |    ⏳ 等待 2.0 秒后继续...
2026-04-01 07:25:59,265 | INFO | ali1688_goods_monitor | 🔍 [89/265] 获取SKU: https://detail.1688.com/offer/992800642545.html
2026-04-01 07:26:27,140 | INFO | ali1688_goods_monitor |    ✅ 获取到 3 个SKU
2026-04-01 07:26:27,141 | INFO | ali1688_goods_monitor |    ⏳ 等待 2.4 秒后继续...
2026-04-01 07:26:29,515 | INFO | ali1688_goods_monitor | 🔍 [90/265] 获取SKU: https://detail.1688.com/offer/853399095646.html
2026-04-01 07:26:57,376 | INFO | ali1688_goods_monitor |    ✅ 获取到 5 个SKU
2026-04-01 07:26:57,376 | INFO | ali1688_goods_monitor |    ⏳ 等待 2.4 秒后继续...
2026-04-01 07:26:59,755 | INFO | ali1688_goods_monitor | 🔍 [91/265] 获取SKU: https://detail.1688.com/offer/985206853035.html
2026-04-01 07:27:27,570 | INFO | ali1688_goods_monitor |    ✅ 获取到 2 个SKU
2026-04-01 07:27:27,570 | INFO | ali1688_goods_monitor |    ⏳ 等待 1.2 秒后继续...
2026-04-01 07:27:28,771 | INFO | ali1688_goods_monitor | 🔍 [92/265] 获取SKU: https://detail.1688.com/offer/852501307622.html
2026-04-01 07:27:56,372 | INFO | ali1688_goods_monitor |    ✅ 获取到 1 个SKU
2026-04-01 07:27:56,372 | INFO | ali1688_goods_monitor |    ⏳ 等待 2.0 秒后继续...
2026-04-01 07:27:58,331 | INFO | ali1688_goods_monitor | 🔍 [93/265] 获取SKU: https://detail.1688.com/offer/671840552108.html
2026-04-01 07:28:26,183 | INFO | ali1688_goods_monitor |    ✅ 获取到 8 个SKU
2026-04-01 07:28:26,183 | INFO | ali1688_goods_monitor |    ⏳ 等待 1.1 秒后继续...
2026-04-01 07:28:27,263 | INFO | ali1688_goods_monitor | 🔍 [94/265] 获取SKU: https://detail.1688.com/offer/970542473882.html
2026-04-01 07:28:55,136 | INFO | ali1688_goods_monitor |    ✅ 获取到 5 个SKU
2026-04-01 07:28:55,136 | INFO | ali1688_goods_monitor |    ⏳ 等待 1.5 秒后继续...
2026-04-01 07:28:56,595 | INFO | ali1688_goods_monitor | 🔍 [95/265] 获取SKU: https://detail.1688.com/offer/836899798919.html
2026-04-01 07:29:24,570 | INFO | ali1688_goods_monitor |    ✅ 获取到 9 个SKU
2026-04-01 07:29:24,570 | INFO | ali1688_goods_monitor |    ⏳ 等待 2.1 秒后继续...
2026-04-01 07:29:26,644 | INFO | ali1688_goods_monitor | 🔍 [96/265] 获取SKU: https://detail.1688.com/offer/927205288673.html
2026-04-01 07:29:54,418 | INFO | ali1688_goods_monitor |    ✅ 获取到 4 个SKU
2026-04-01 07:29:54,419 | INFO | ali1688_goods_monitor |    ⏳ 等待 1.5 秒后继续...
2026-04-01 07:29:55,953 | INFO | ali1688_goods_monitor | 🔍 [97/265] 获取SKU: https://detail.1688.com/offer/998859559585.html
2026-04-01 07:30:23,955 | INFO | ali1688_goods_monitor |    ✅ 获取到 11 个SKU
2026-04-01 07:30:23,955 | INFO | ali1688_goods_monitor |    ⏳ 等待 1.3 秒后继续...
2026-04-01 07:30:25,237 | INFO | ali1688_goods_monitor | 🔍 [98/265] 获取SKU: https://detail.1688.com/offer/847781001778.html
2026-04-01 07:30:53,607 | INFO | ali1688_goods_monitor |    ✅ 获取到 4 个SKU
2026-04-01 07:30:53,607 | INFO | ali1688_goods_monitor |    ⏳ 等待 1.5 秒后继续...
2026-04-01 07:30:55,069 | INFO | ali1688_goods_monitor | 🔍 [99/265] 获取SKU: https://detail.1688.com/offer/746416939989.html
2026-04-01 07:31:22,824 | INFO | ali1688_goods_monitor |    ✅ 获取到 3 个SKU
2026-04-01 07:31:22,824 | INFO | ali1688_goods_monitor |    ⏳ 等待 1.2 秒后继续...
2026-04-01 07:31:24,062 | INFO | ali1688_goods_monitor | 🔍 [100/265] 获取SKU: https://detail.1688.com/offer/692940339011.html
2026-04-01 07:31:51,741 | INFO | ali1688_goods_monitor |    ✅ 获取到 3 个SKU
2026-04-01 07:31:51,741 | INFO | ali1688_goods_monitor |    ⏳ 等待 1.3 秒后继续...
2026-04-01 07:31:53,048 | INFO | ali1688_goods_monitor | 🔍 [101/265] 获取SKU: https://detail.1688.com/offer/962546716755.html
2026-04-01 07:32:20,856 | INFO | ali1688_goods_monitor |    ✅ 获取到 3 个SKU
2026-04-01 07:32:20,856 | INFO | ali1688_goods_monitor |    ⏳ 等待 1.6 秒后继续...
2026-04-01 07:32:22,487 | INFO | ali1688_goods_monitor | 🔍 [102/265] 获取SKU: https://detail.1688.com/offer/995364912374.html
2026-04-01 07:32:50,330 | INFO | ali1688_goods_monitor |    ✅ 获取到 3 个SKU
2026-04-01 07:32:50,331 | INFO | ali1688_goods_monitor |    ⏳ 等待 1.4 秒后继续...
2026-04-01 07:32:51,691 | INFO | ali1688_goods_monitor | 🔍 [103/265] 获取SKU: https://detail.1688.com/offer/849820903779.html
2026-04-01 07:33:19,502 | INFO | ali1688_goods_monitor |    ✅ 获取到 4 个SKU
2026-04-01 07:33:19,502 | INFO | ali1688_goods_monitor |    ⏳ 等待 1.3 秒后继续...
2026-04-01 07:33:20,786 | INFO | ali1688_goods_monitor | 🔍 [104/265] 获取SKU: https://detail.1688.com/offer/997795598539.html
2026-04-01 07:33:48,709 | INFO | ali1688_goods_monitor |    ✅ 获取到 3 个SKU
2026-04-01 07:33:48,709 | INFO | ali1688_goods_monitor |    ⏳ 等待 2.1 秒后继续...
2026-04-01 07:33:50,826 | INFO | ali1688_goods_monitor | 🔍 [105/265] 获取SKU: https://detail.1688.com/offer/978651830599.html
2026-04-01 07:34:18,536 | INFO | ali1688_goods_monitor |    ✅ 获取到 2 个SKU
2026-04-01 07:34:18,537 | INFO | ali1688_goods_monitor |    ⏳ 等待 2.4 秒后继续...
2026-04-01 07:34:20,901 | INFO | ali1688_goods_monitor | 🔍 [106/265] 获取SKU: https://detail.1688.com/offer/864653527961.html
2026-04-01 07:34:48,608 | INFO | ali1688_goods_monitor |    ✅ 获取到 1 个SKU
2026-04-01 07:34:48,608 | INFO | ali1688_goods_monitor |    ⏳ 等待 1.7 秒后继续...
2026-04-01 07:34:50,284 | INFO | ali1688_goods_monitor | 🔍 [107/265] 获取SKU: https://detail.1688.com/offer/729749403422.html
2026-04-01 07:35:18,053 | INFO | ali1688_goods_monitor |    ✅ 获取到 7 个SKU
2026-04-01 07:35:18,053 | INFO | ali1688_goods_monitor |    ⏳ 等待 1.3 秒后继续...
2026-04-01 07:35:19,406 | INFO | ali1688_goods_monitor | 🔍 [108/265] 获取SKU: https://detail.1688.com/offer/811638208514.html
2026-04-01 07:35:47,216 | INFO | ali1688_goods_monitor |    ✅ 获取到 3 个SKU
2026-04-01 07:35:47,216 | INFO | ali1688_goods_monitor |    ⏳ 等待 1.3 秒后继续...
2026-04-01 07:35:48,560 | INFO | ali1688_goods_monitor | 🔍 [109/265] 获取SKU: https://detail.1688.com/offer/930446969722.html
2026-04-01 07:36:16,088 | INFO | ali1688_goods_monitor |    ✅ 获取到 2 个SKU
2026-04-01 07:36:16,089 | INFO | ali1688_goods_monitor |    ⏳ 等待 1.6 秒后继续...
2026-04-01 07:36:17,669 | INFO | ali1688_goods_monitor | 🔍 [110/265] 获取SKU: https://detail.1688.com/offer/991823064917.html
2026-04-01 07:36:45,392 | INFO | ali1688_goods_monitor |    ✅ 获取到 8 个SKU
2026-04-01 07:36:45,392 | INFO | ali1688_goods_monitor |    ⏳ 等待 2.2 秒后继续...
2026-04-01 07:36:47,587 | INFO | ali1688_goods_monitor | 🔍 [111/265] 获取SKU: https://detail.1688.com/offer/662598267674.html
2026-04-01 07:37:15,419 | INFO | ali1688_goods_monitor |    ✅ 获取到 4 个SKU
2026-04-01 07:37:15,419 | INFO | ali1688_goods_monitor |    ⏳ 等待 1.5 秒后继续...
2026-04-01 07:37:16,878 | INFO | ali1688_goods_monitor | 🔍 [112/265] 获取SKU: https://detail.1688.com/offer/847990628509.html
2026-04-01 07:37:44,634 | INFO | ali1688_goods_monitor |    ✅ 获取到 7 个SKU
2026-04-01 07:37:44,635 | INFO | ali1688_goods_monitor |    ⏳ 等待 1.7 秒后继续...
2026-04-01 07:37:46,291 | INFO | ali1688_goods_monitor | 🔍 [113/265] 获取SKU: https://detail.1688.com/offer/854253039240.html
2026-04-01 07:38:13,964 | INFO | ali1688_goods_monitor |    ✅ 获取到 2 个SKU
2026-04-01 07:38:13,964 | INFO | ali1688_goods_monitor |    ⏳ 等待 2.2 秒后继续...
2026-04-01 07:38:16,217 | INFO | ali1688_goods_monitor | 🔍 [114/265] 获取SKU: https://detail.1688.com/offer/621865712164.html
2026-04-01 07:38:44,014 | INFO | ali1688_goods_monitor |    ✅ 获取到 8 个SKU
2026-04-01 07:38:44,015 | INFO | ali1688_goods_monitor |    ⏳ 等待 1.3 秒后继续...
2026-04-01 07:38:45,324 | INFO | ali1688_goods_monitor | 🔍 [115/265] 获取SKU: https://detail.1688.com/offer/895439014120.html
2026-04-01 07:39:13,157 | INFO | ali1688_goods_monitor |    ✅ 获取到 8 个SKU
2026-04-01 07:39:13,158 | INFO | ali1688_goods_monitor |    ⏳ 等待 1.1 秒后继续...
2026-04-01 07:39:14,215 | INFO | ali1688_goods_monitor | 🔍 [116/265] 获取SKU: https://detail.1688.com/offer/993354315037.html
2026-04-01 07:39:41,936 | INFO | ali1688_goods_monitor |    ✅ 获取到 11 个SKU
2026-04-01 07:39:41,937 | INFO | ali1688_goods_monitor |    ⏳ 等待 1.5 秒后继续...
2026-04-01 07:39:43,481 | INFO | ali1688_goods_monitor | 🔍 [117/265] 获取SKU: https://detail.1688.com/offer/948334688543.html
2026-04-01 07:40:11,718 | INFO | ali1688_goods_monitor |    ✅ 获取到 22 个SKU
2026-04-01 07:40:11,718 | INFO | ali1688_goods_monitor |    ⏳ 等待 1.1 秒后继续...
2026-04-01 07:40:12,807 | INFO | ali1688_goods_monitor | 🔍 [118/265] 获取SKU: https://detail.1688.com/offer/1006668462460.html
2026-04-01 07:40:40,665 | INFO | ali1688_goods_monitor |    ✅ 获取到 12 个SKU
2026-04-01 07:40:40,666 | INFO | ali1688_goods_monitor |    ⏳ 等待 1.0 秒后继续...
2026-04-01 07:40:41,715 | INFO | ali1688_goods_monitor | 🔍 [119/265] 获取SKU: https://detail.1688.com/offer/920664381969.html
2026-04-01 07:41:09,461 | INFO | ali1688_goods_monitor |    ✅ 获取到 4 个SKU
2026-04-01 07:41:09,461 | INFO | ali1688_goods_monitor |    ⏳ 等待 1.5 秒后继续...
2026-04-01 07:41:11,006 | INFO | ali1688_goods_monitor | 🔍 [120/265] 获取SKU: https://detail.1688.com/offer/773383798724.html
2026-04-01 07:41:39,283 | INFO | ali1688_goods_monitor |    ✅ 获取到 30 个SKU
2026-04-01 07:41:39,283 | INFO | ali1688_goods_monitor |    ⏳ 等待 1.0 秒后继续...
2026-04-01 07:41:40,311 | INFO | ali1688_goods_monitor | 🔍 [121/265] 获取SKU: https://detail.1688.com/offer/675880303102.html
2026-04-01 07:42:07,980 | INFO | ali1688_goods_monitor |    ✅ 获取到 1 个SKU
2026-04-01 07:42:07,980 | INFO | ali1688_goods_monitor |    ⏳ 等待 1.6 秒后继续...
2026-04-01 07:42:09,545 | INFO | ali1688_goods_monitor | 🔍 [122/265] 获取SKU: https://detail.1688.com/offer/997359995216.html
2026-04-01 07:42:37,224 | INFO | ali1688_goods_monitor |    ✅ 获取到 4 个SKU
2026-04-01 07:42:37,224 | INFO | ali1688_goods_monitor |    ⏳ 等待 2.0 秒后继续...
2026-04-01 07:42:39,255 | INFO | ali1688_goods_monitor | 🔍 [123/265] 获取SKU: https://detail.1688.com/offer/848195784663.html
2026-04-01 07:43:07,054 | INFO | ali1688_goods_monitor |    ✅ 获取到 6 个SKU
2026-04-01 07:43:07,054 | INFO | ali1688_goods_monitor |    ⏳ 等待 2.4 秒后继续...
2026-04-01 07:43:09,470 | INFO | ali1688_goods_monitor | 🔍 [124/265] 获取SKU: https://detail.1688.com/offer/952611726643.html
2026-04-01 07:43:37,385 | INFO | ali1688_goods_monitor |    ✅ 获取到 2 个SKU
2026-04-01 07:43:37,386 | INFO | ali1688_goods_monitor |    ⏳ 等待 1.2 秒后继续...
2026-04-01 07:43:38,607 | INFO | ali1688_goods_monitor | 🔍 [125/265] 获取SKU: https://detail.1688.com/offer/926941651375.html
2026-04-01 07:44:06,472 | INFO | ali1688_goods_monitor |    ✅ 获取到 10 个SKU
2026-04-01 07:44:06,472 | INFO | ali1688_goods_monitor |    ⏳ 等待 2.4 秒后继续...
2026-04-01 07:44:08,903 | INFO | ali1688_goods_monitor | 🔍 [126/265] 获取SKU: https://detail.1688.com/offer/778105306124.html
2026-04-01 07:44:36,656 | INFO | ali1688_goods_monitor |    ✅ 获取到 2 个SKU
2026-04-01 07:44:36,656 | INFO | ali1688_goods_monitor |    ⏳ 等待 1.2 秒后继续...
2026-04-01 07:44:37,868 | INFO | ali1688_goods_monitor | 🔍 [127/265] 获取SKU: https://detail.1688.com/offer/985998626047.html
2026-04-01 07:45:05,357 | INFO | ali1688_goods_monitor |    ✅ 获取到 4 个SKU
2026-04-01 07:45:05,358 | INFO | ali1688_goods_monitor |    ⏳ 等待 2.1 秒后继续...
2026-04-01 07:45:07,511 | INFO | ali1688_goods_monitor | 🔍 [128/265] 获取SKU: https://detail.1688.com/offer/917143716667.html
2026-04-01 07:45:35,204 | INFO | ali1688_goods_monitor |    ✅ 获取到 4 个SKU
2026-04-01 07:45:35,204 | INFO | ali1688_goods_monitor |    ⏳ 等待 2.1 秒后继续...
2026-04-01 07:45:37,337 | INFO | ali1688_goods_monitor | 🔍 [129/265] 获取SKU: https://detail.1688.com/offer/986179889619.html
2026-04-01 07:46:04,936 | INFO | ali1688_goods_monitor |    ✅ 获取到 3 个SKU
2026-04-01 07:46:04,936 | INFO | ali1688_goods_monitor |    ⏳ 等待 1.1 秒后继续...
2026-04-01 07:46:06,051 | INFO | ali1688_goods_monitor | 🔍 [130/265] 获取SKU: https://detail.1688.com/offer/999860867159.html
2026-04-01 07:46:33,754 | INFO | ali1688_goods_monitor |    ✅ 获取到 1 个SKU
2026-04-01 07:46:33,754 | INFO | ali1688_goods_monitor |    ⏳ 等待 2.1 秒后继续...
2026-04-01 07:46:35,847 | INFO | ali1688_goods_monitor | 🔍 [131/265] 获取SKU: https://detail.1688.com/offer/924140770781.html
2026-04-01 07:47:03,627 | INFO | ali1688_goods_monitor |    ✅ 获取到 2 个SKU
2026-04-01 07:47:03,627 | INFO | ali1688_goods_monitor |    ⏳ 等待 1.6 秒后继续...
2026-04-01 07:47:05,204 | INFO | ali1688_goods_monitor | 🔍 [132/265] 获取SKU: https://detail.1688.com/offer/813592780236.html
2026-04-01 07:47:32,920 | INFO | ali1688_goods_monitor |    ✅ 获取到 2 个SKU
2026-04-01 07:47:32,921 | INFO | ali1688_goods_monitor |    ⏳ 等待 1.3 秒后继续...
2026-04-01 07:47:34,192 | INFO | ali1688_goods_monitor | 🔍 [133/265] 获取SKU: https://detail.1688.com/offer/833863806015.html
2026-04-01 07:48:02,201 | INFO | ali1688_goods_monitor |    ✅ 获取到 5 个SKU
2026-04-01 07:48:02,202 | INFO | ali1688_goods_monitor |    ⏳ 等待 1.6 秒后继续...
2026-04-01 07:48:03,815 | INFO | ali1688_goods_monitor | 🔍 [134/265] 获取SKU: https://detail.1688.com/offer/847784309788.html
2026-04-01 07:48:31,463 | INFO | ali1688_goods_monitor |    ✅ 获取到 2 个SKU
2026-04-01 07:48:31,464 | INFO | ali1688_goods_monitor |    ⏳ 等待 1.1 秒后继续...
2026-04-01 07:48:32,576 | INFO | ali1688_goods_monitor | 🔍 [135/265] 获取SKU: https://detail.1688.com/offer/915854311158.html
2026-04-01 07:49:00,272 | INFO | ali1688_goods_monitor |    ✅ 获取到 5 个SKU
2026-04-01 07:49:00,272 | INFO | ali1688_goods_monitor |    ⏳ 等待 1.7 秒后继续...
2026-04-01 07:49:01,951 | INFO | ali1688_goods_monitor | 🔍 [136/265] 获取SKU: https://detail.1688.com/offer/991467576950.html
2026-04-01 07:49:30,463 | INFO | ali1688_goods_monitor |    ✅ 获取到 40 个SKU
2026-04-01 07:49:30,463 | INFO | ali1688_goods_monitor |    ⏳ 等待 1.2 秒后继续...
2026-04-01 07:49:31,663 | INFO | ali1688_goods_monitor | 🔍 [137/265] 获取SKU: https://detail.1688.com/offer/678640196785.html
2026-04-01 07:49:59,620 | INFO | ali1688_goods_monitor |    ✅ 获取到 8 个SKU
2026-04-01 07:49:59,620 | INFO | ali1688_goods_monitor |    ⏳ 等待 1.4 秒后继续...
2026-04-01 07:50:01,045 | INFO | ali1688_goods_monitor | 🔍 [138/265] 获取SKU: https://detail.1688.com/offer/918745003737.html
2026-04-01 07:50:28,776 | INFO | ali1688_goods_monitor |    ✅ 获取到 6 个SKU
2026-04-01 07:50:28,776 | INFO | ali1688_goods_monitor |    ⏳ 等待 1.6 秒后继续...
2026-04-01 07:50:30,422 | INFO | ali1688_goods_monitor | 🔍 [139/265] 获取SKU: https://detail.1688.com/offer/968025059447.html
2026-04-01 07:50:58,275 | INFO | ali1688_goods_monitor |    ✅ 获取到 6 个SKU
2026-04-01 07:50:58,275 | INFO | ali1688_goods_monitor |    ⏳ 等待 1.2 秒后继续...
2026-04-01 07:50:59,454 | INFO | ali1688_goods_monitor | 🔍 [140/265] 获取SKU: https://detail.1688.com/offer/990374779412.html
2026-04-01 07:51:27,085 | INFO | ali1688_goods_monitor |    ✅ 获取到 3 个SKU
2026-04-01 07:51:27,085 | INFO | ali1688_goods_monitor |    ⏳ 等待 1.8 秒后继续...
2026-04-01 07:51:28,857 | INFO | ali1688_goods_monitor | 🔍 [141/265] 获取SKU: https://detail.1688.com/offer/969889694254.html
2026-04-01 07:51:57,052 | INFO | ali1688_goods_monitor |    ✅ 获取到 27 个SKU
2026-04-01 07:51:57,053 | INFO | ali1688_goods_monitor |    ⏳ 等待 2.1 秒后继续...
2026-04-01 07:51:59,125 | INFO | ali1688_goods_monitor | 🔍 [142/265] 获取SKU: https://detail.1688.com/offer/855494409051.html
2026-04-01 07:52:27,088 | INFO | ali1688_goods_monitor |    ✅ 获取到 4 个SKU
2026-04-01 07:52:27,088 | INFO | ali1688_goods_monitor |    ⏳ 等待 1.1 秒后继续...
2026-04-01 07:52:28,211 | INFO | ali1688_goods_monitor | 🔍 [143/265] 获取SKU: https://detail.1688.com/offer/989391144530.html
2026-04-01 07:52:56,500 | INFO | ali1688_goods_monitor |    ✅ 获取到 40 个SKU
2026-04-01 07:52:56,501 | INFO | ali1688_goods_monitor |    ⏳ 等待 1.3 秒后继续...
2026-04-01 07:52:57,838 | INFO | ali1688_goods_monitor | 🔍 [144/265] 获取SKU: https://detail.1688.com/offer/796066732390.html
2026-04-01 07:53:25,755 | INFO | ali1688_goods_monitor |    ✅ 获取到 6 个SKU
2026-04-01 07:53:25,755 | INFO | ali1688_goods_monitor |    ⏳ 等待 1.9 秒后继续...
2026-04-01 07:53:27,663 | INFO | ali1688_goods_monitor | 🔍 [145/265] 获取SKU: https://detail.1688.com/offer/854420062122.html
2026-04-01 07:54:22,088 | INFO | ali1688_goods_monitor |    ✅ 获取到 12 个SKU
2026-04-01 07:54:22,089 | INFO | ali1688_goods_monitor |    ⏳ 等待 2.0 秒后继续...
2026-04-01 07:54:24,096 | INFO | ali1688_goods_monitor | 🔍 [146/265] 获取SKU: https://detail.1688.com/offer/903214944988.html
2026-04-01 07:55:28,250 | WARNING | ali1688_goods_monitor |    ⚠️ 未获取到SKU数据
2026-04-01 07:55:28,253 | INFO | ali1688_goods_monitor |    ⏳ 等待 2.5 秒后继续...
2026-04-01 07:55:30,734 | INFO | ali1688_goods_monitor | 🔍 [147/265] 获取SKU: https://detail.1688.com/offer/854773109889.html
2026-04-01 07:56:36,906 | WARNING | ali1688_goods_monitor |    ⚠️ 未获取到SKU数据
2026-04-01 07:56:36,909 | INFO | ali1688_goods_monitor |    ⏳ 等待 1.5 秒后继续...
2026-04-01 07:56:38,367 | INFO | ali1688_goods_monitor | 🔍 [148/265] 获取SKU: https://detail.1688.com/offer/1001253412551.html
2026-04-01 07:57:42,404 | WARNING | ali1688_goods_monitor |    ⚠️ 未获取到SKU数据
2026-04-01 07:57:42,406 | INFO | ali1688_goods_monitor |    ⏳ 等待 1.9 秒后继续...
2026-04-01 07:57:44,279 | INFO | ali1688_goods_monitor | 🔍 [149/265] 获取SKU: https://detail.1688.com/offer/909894706445.html
2026-04-01 07:58:50,712 | WARNING | ali1688_goods_monitor |    ⚠️ 未获取到SKU数据
2026-04-01 07:58:50,715 | INFO | ali1688_goods_monitor |    ⏳ 等待 1.2 秒后继续...
2026-04-01 07:58:51,956 | INFO | ali1688_goods_monitor | 🔍 [150/265] 获取SKU: https://detail.1688.com/offer/626387346293.html
2026-04-01 07:59:57,189 | WARNING | ali1688_goods_monitor |    ⚠️ 未获取到SKU数据
2026-04-01 07:59:57,192 | INFO | ali1688_goods_monitor |    ⏳ 等待 1.8 秒后继续...
2026-04-01 07:59:59,004 | INFO | ali1688_goods_monitor | 🔍 [151/265] 获取SKU: https://detail.1688.com/offer/983142383790.html
2026-04-01 08:00:13,444 | WARNING | ali1688_goods_monitor |    ⚠️ 未获取到SKU数据
2026-04-01 08:00:13,451 | INFO | ali1688_goods_monitor |    ⏳ 等待 1.1 秒后继续...
2026-04-01 08:00:14,602 | INFO | ali1688_goods_monitor | 🔍 [152/265] 获取SKU: https://detail.1688.com/offer/1000261330427.html
2026-04-01 08:01:18,675 | WARNING | ali1688_goods_monitor |    ⚠️ 未获取到SKU数据
2026-04-01 08:01:18,678 | INFO | ali1688_goods_monitor |    ⏳ 等待 2.1 秒后继续...
2026-04-01 08:01:20,748 | INFO | ali1688_goods_monitor | 🔍 [153/265] 获取SKU: https://detail.1688.com/offer/662629659424.html
2026-04-01 08:02:27,398 | WARNING | ali1688_goods_monitor |    ⚠️ 未获取到SKU数据
2026-04-01 08:02:27,401 | INFO | ali1688_goods_monitor |    ⏳ 等待 1.8 秒后继续...
2026-04-01 08:02:29,200 | INFO | ali1688_goods_monitor | 🔍 [154/265] 获取SKU: https://detail.1688.com/offer/695065852792.html
2026-04-01 08:03:34,183 | WARNING | ali1688_goods_monitor |    ⚠️ 未获取到SKU数据
2026-04-01 08:03:34,186 | INFO | ali1688_goods_monitor |    ⏳ 等待 2.0 秒后继续...
2026-04-01 08:03:36,213 | INFO | ali1688_goods_monitor | 🔍 [155/265] 获取SKU: https://detail.1688.com/offer/653871136084.html
2026-04-01 08:04:04,199 | INFO | ali1688_goods_monitor |    ✅ 获取到 4 个SKU
2026-04-01 08:04:04,200 | INFO | ali1688_goods_monitor |    ⏳ 等待 1.1 秒后继续...
2026-04-01 08:04:05,320 | INFO | ali1688_goods_monitor | 🔍 [156/265] 获取SKU: https://detail.1688.com/offer/973730524327.html
2026-04-01 08:04:33,317 | INFO | ali1688_goods_monitor |    ✅ 获取到 13 个SKU
2026-04-01 08:04:33,317 | INFO | ali1688_goods_monitor |    ⏳ 等待 1.3 秒后继续...
2026-04-01 08:04:34,583 | INFO | ali1688_goods_monitor | 🔍 [157/265] 获取SKU: https://detail.1688.com/offer/847979472849.html
2026-04-01 08:05:02,476 | INFO | ali1688_goods_monitor |    ✅ 获取到 1 个SKU
2026-04-01 08:05:02,477 | INFO | ali1688_goods_monitor |    ⏳ 等待 1.6 秒后继续...
2026-04-01 08:05:04,118 | INFO | ali1688_goods_monitor | 🔍 [158/265] 获取SKU: https://detail.1688.com/offer/848295933948.html
2026-04-01 08:05:32,165 | INFO | ali1688_goods_monitor |    ✅ 获取到 12 个SKU
2026-04-01 08:05:32,165 | INFO | ali1688_goods_monitor |    ⏳ 等待 1.3 秒后继续...
2026-04-01 08:05:33,464 | INFO | ali1688_goods_monitor | 🔍 [159/265] 获取SKU: https://detail.1688.com/offer/906941705446.html
2026-04-01 08:06:01,308 | INFO | ali1688_goods_monitor |    ✅ 获取到 2 个SKU
2026-04-01 08:06:01,309 | INFO | ali1688_goods_monitor |    ⏳ 等待 2.0 秒后继续...
2026-04-01 08:06:03,360 | INFO | ali1688_goods_monitor | 🔍 [160/265] 获取SKU: https://detail.1688.com/offer/997742353743.html
2026-04-01 08:06:31,052 | INFO | ali1688_goods_monitor |    ✅ 获取到 3 个SKU
2026-04-01 08:06:31,052 | INFO | ali1688_goods_monitor |    ⏳ 等待 1.8 秒后继续...
2026-04-01 08:06:32,825 | INFO | ali1688_goods_monitor | 🔍 [161/265] 获取SKU: https://detail.1688.com/offer/716733322460.html
2026-04-01 08:07:00,612 | INFO | ali1688_goods_monitor |    ✅ 获取到 8 个SKU
2026-04-01 08:07:00,613 | INFO | ali1688_goods_monitor |    ⏳ 等待 2.1 秒后继续...
2026-04-01 08:07:02,735 | INFO | ali1688_goods_monitor | 🔍 [162/265] 获取SKU: https://detail.1688.com/offer/709904411964.html
2026-04-01 08:07:31,084 | INFO | ali1688_goods_monitor |    ✅ 获取到 26 个SKU
2026-04-01 08:07:31,084 | INFO | ali1688_goods_monitor |    ⏳ 等待 1.5 秒后继续...
2026-04-01 08:07:32,577 | INFO | ali1688_goods_monitor | 🔍 [163/265] 获取SKU: https://detail.1688.com/offer/985879832920.html
2026-04-01 08:08:00,307 | INFO | ali1688_goods_monitor |    ✅ 获取到 4 个SKU
2026-04-01 08:08:00,308 | INFO | ali1688_goods_monitor |    ⏳ 等待 1.1 秒后继续...
2026-04-01 08:08:01,424 | INFO | ali1688_goods_monitor | 🔍 [164/265] 获取SKU: https://detail.1688.com/offer/847713406081.html
2026-04-01 08:08:29,182 | INFO | ali1688_goods_monitor |    ✅ 获取到 1 个SKU
2026-04-01 08:08:29,183 | INFO | ali1688_goods_monitor |    ⏳ 等待 2.3 秒后继续...
2026-04-01 08:08:31,495 | INFO | ali1688_goods_monitor | 🔍 [165/265] 获取SKU: https://detail.1688.com/offer/975402784788.html
2026-04-01 08:08:53,843 | ERROR | ali1688_goods_monitor |    ❌ 获取SKU失败: 
没有找到元素。
方法: ele()
参数: {'locator': 'xpath://*[@id="content"]/div[2]/div[1]/div[2]/div[1]/div[2]/div[1]/div[2]', 'index': 1, 'timeout': 10}
版本: 4.1.1.2
2026-04-01 08:08:53,844 | INFO | ali1688_goods_monitor |    ⏳ 等待 1.8 秒后继续...
2026-04-01 08:08:55,651 | INFO | ali1688_goods_monitor | 🔍 [166/265] 获取SKU: https://detail.1688.com/offer/834236928026.html
2026-04-01 08:09:23,362 | INFO | ali1688_goods_monitor |    ✅ 获取到 1 个SKU
2026-04-01 08:09:23,363 | INFO | ali1688_goods_monitor |    ⏳ 等待 1.8 秒后继续...
2026-04-01 08:09:25,200 | INFO | ali1688_goods_monitor | 🔍 [167/265] 获取SKU: https://detail.1688.com/offer/955211708273.html
2026-04-01 08:09:53,198 | INFO | ali1688_goods_monitor |    ✅ 获取到 23 个SKU
2026-04-01 08:09:53,198 | INFO | ali1688_goods_monitor |    ⏳ 等待 1.1 秒后继续...
2026-04-01 08:09:54,285 | INFO | ali1688_goods_monitor | 🔍 [168/265] 获取SKU: https://detail.1688.com/offer/900592605428.html
2026-04-01 08:10:22,019 | INFO | ali1688_goods_monitor |    ✅ 获取到 6 个SKU
2026-04-01 08:10:22,019 | INFO | ali1688_goods_monitor |    ⏳ 等待 1.9 秒后继续...
2026-04-01 08:10:23,917 | INFO | ali1688_goods_monitor | 🔍 [169/265] 获取SKU: https://detail.1688.com/offer/818121391220.html
2026-04-01 08:10:51,920 | INFO | ali1688_goods_monitor |    ✅ 获取到 7 个SKU
2026-04-01 08:10:51,920 | INFO | ali1688_goods_monitor |    ⏳ 等待 1.1 秒后继续...
2026-04-01 08:10:53,016 | INFO | ali1688_goods_monitor | 🔍 [170/265] 获取SKU: https://detail.1688.com/offer/998016077358.html
2026-04-01 08:11:20,740 | INFO | ali1688_goods_monitor |    ✅ 获取到 3 个SKU
2026-04-01 08:11:20,741 | INFO | ali1688_goods_monitor |    ⏳ 等待 1.6 秒后继续...
2026-04-01 08:11:22,355 | INFO | ali1688_goods_monitor | 🔍 [171/265] 获取SKU: https://detail.1688.com/offer/992713938362.html
2026-04-01 08:11:50,113 | INFO | ali1688_goods_monitor |    ✅ 获取到 4 个SKU
2026-04-01 08:11:50,113 | INFO | ali1688_goods_monitor |    ⏳ 等待 1.8 秒后继续...
2026-04-01 08:11:51,912 | INFO | ali1688_goods_monitor | 🔍 [172/265] 获取SKU: https://detail.1688.com/offer/668301084321.html
2026-04-01 08:12:19,577 | INFO | ali1688_goods_monitor |    ✅ 获取到 3 个SKU
2026-04-01 08:12:19,577 | INFO | ali1688_goods_monitor |    ⏳ 等待 1.2 秒后继续...
2026-04-01 08:12:20,832 | INFO | ali1688_goods_monitor | 🔍 [173/265] 获取SKU: https://detail.1688.com/offer/939201456076.html
2026-04-01 08:12:48,664 | INFO | ali1688_goods_monitor |    ✅ 获取到 7 个SKU
2026-04-01 08:12:48,664 | INFO | ali1688_goods_monitor |    ⏳ 等待 2.4 秒后继续...
2026-04-01 08:12:51,084 | INFO | ali1688_goods_monitor | 🔍 [174/265] 获取SKU: https://detail.1688.com/offer/984336119328.html
2026-04-01 08:13:18,977 | INFO | ali1688_goods_monitor |    ✅ 获取到 3 个SKU
2026-04-01 08:13:18,977 | INFO | ali1688_goods_monitor |    ⏳ 等待 2.3 秒后继续...
2026-04-01 08:13:21,247 | INFO | ali1688_goods_monitor | 🔍 [175/265] 获取SKU: https://detail.1688.com/offer/985101359570.html
2026-04-01 08:13:49,178 | INFO | ali1688_goods_monitor |    ✅ 获取到 4 个SKU
2026-04-01 08:13:49,178 | INFO | ali1688_goods_monitor |    ⏳ 等待 1.3 秒后继续...
2026-04-01 08:13:50,434 | INFO | ali1688_goods_monitor | 🔍 [176/265] 获取SKU: https://detail.1688.com/offer/972523284067.html
2026-04-01 08:14:18,120 | INFO | ali1688_goods_monitor |    ✅ 获取到 1 个SKU
2026-04-01 08:14:18,120 | INFO | ali1688_goods_monitor |    ⏳ 等待 1.9 秒后继续...
2026-04-01 08:14:20,001 | INFO | ali1688_goods_monitor | 🔍 [177/265] 获取SKU: https://detail.1688.com/offer/942621028118.html
2026-04-01 08:14:48,239 | INFO | ali1688_goods_monitor |    ✅ 获取到 20 个SKU
2026-04-01 08:14:48,239 | INFO | ali1688_goods_monitor |    ⏳ 等待 2.2 秒后继续...
2026-04-01 08:14:50,423 | INFO | ali1688_goods_monitor | 🔍 [178/265] 获取SKU: https://detail.1688.com/offer/946133528766.html
2026-04-01 08:15:18,144 | INFO | ali1688_goods_monitor |    ✅ 获取到 4 个SKU
2026-04-01 08:15:18,144 | INFO | ali1688_goods_monitor |    ⏳ 等待 1.6 秒后继续...
2026-04-01 08:15:19,735 | INFO | ali1688_goods_monitor | 🔍 [179/265] 获取SKU: https://detail.1688.com/offer/847713406078.html
2026-04-01 08:15:47,410 | INFO | ali1688_goods_monitor |    ✅ 获取到 2 个SKU
2026-04-01 08:15:47,411 | INFO | ali1688_goods_monitor |    ⏳ 等待 1.6 秒后继续...
2026-04-01 08:15:49,000 | INFO | ali1688_goods_monitor | 🔍 [180/265] 获取SKU: https://detail.1688.com/offer/675557812438.html
2026-04-01 08:16:16,693 | INFO | ali1688_goods_monitor |    ✅ 获取到 1 个SKU
2026-04-01 08:16:16,693 | INFO | ali1688_goods_monitor |    ⏳ 等待 2.1 秒后继续...
2026-04-01 08:16:18,779 | INFO | ali1688_goods_monitor | 🔍 [181/265] 获取SKU: https://detail.1688.com/offer/678110916347.html
2026-04-01 08:16:46,629 | INFO | ali1688_goods_monitor |    ✅ 获取到 9 个SKU
2026-04-01 08:16:46,629 | INFO | ali1688_goods_monitor |    ⏳ 等待 2.4 秒后继续...
2026-04-01 08:16:49,077 | INFO | ali1688_goods_monitor | 🔍 [182/265] 获取SKU: https://detail.1688.com/offer/670793076081.html
2026-04-01 08:17:17,163 | INFO | ali1688_goods_monitor |    ✅ 获取到 11 个SKU
2026-04-01 08:17:17,163 | INFO | ali1688_goods_monitor |    ⏳ 等待 1.1 秒后继续...
2026-04-01 08:17:18,301 | INFO | ali1688_goods_monitor | 🔍 [183/265] 获取SKU: https://detail.1688.com/offer/903149142386.html
2026-04-01 08:17:46,328 | INFO | ali1688_goods_monitor |    ✅ 获取到 5 个SKU
2026-04-01 08:17:46,329 | INFO | ali1688_goods_monitor |    ⏳ 等待 1.9 秒后继续...
2026-04-01 08:17:48,187 | INFO | ali1688_goods_monitor | 🔍 [184/265] 获取SKU: https://detail.1688.com/offer/951586784136.html
2026-04-01 08:18:51,153 | INFO | ali1688_goods_monitor |    ✅ 获取到 34 个SKU
2026-04-01 08:18:51,153 | INFO | ali1688_goods_monitor |    ⏳ 等待 2.3 秒后继续...
2026-04-01 08:18:53,504 | INFO | ali1688_goods_monitor | 🔍 [185/265] 获取SKU: https://detail.1688.com/offer/994715362159.html
2026-04-01 08:19:58,802 | WARNING | ali1688_goods_monitor |    ⚠️ 未获取到SKU数据
2026-04-01 08:19:58,805 | INFO | ali1688_goods_monitor |    ⏳ 等待 1.3 秒后继续...
2026-04-01 08:20:00,158 | INFO | ali1688_goods_monitor | 🔍 [186/265] 获取SKU: https://detail.1688.com/offer/686348979544.html
2026-04-01 08:20:14,618 | WARNING | ali1688_goods_monitor |    ⚠️ 未获取到SKU数据
2026-04-01 08:20:14,622 | INFO | ali1688_goods_monitor |    ⏳ 等待 2.1 秒后继续...
2026-04-01 08:20:16,707 | INFO | ali1688_goods_monitor | 🔍 [187/265] 获取SKU: https://detail.1688.com/offer/987732400816.html
2026-04-01 08:21:22,487 | WARNING | ali1688_goods_monitor |    ⚠️ 未获取到SKU数据
2026-04-01 08:21:22,490 | INFO | ali1688_goods_monitor |    ⏳ 等待 1.3 秒后继续...
2026-04-01 08:21:23,801 | INFO | ali1688_goods_monitor | 🔍 [188/265] 获取SKU: https://detail.1688.com/offer/724154127228.html
2026-04-01 08:22:28,799 | WARNING | ali1688_goods_monitor |    ⚠️ 未获取到SKU数据
2026-04-01 08:22:28,801 | INFO | ali1688_goods_monitor |    ⏳ 等待 2.0 秒后继续...
2026-04-01 08:22:30,812 | INFO | ali1688_goods_monitor | 🔍 [189/265] 获取SKU: https://detail.1688.com/offer/661514670948.html
2026-04-01 08:23:35,593 | WARNING | ali1688_goods_monitor |    ⚠️ 未获取到SKU数据
2026-04-01 08:23:35,596 | INFO | ali1688_goods_monitor |    ⏳ 等待 1.1 秒后继续...
2026-04-01 08:23:36,717 | INFO | ali1688_goods_monitor | 🔍 [190/265] 获取SKU: https://detail.1688.com/offer/538297571141.html
2026-04-01 08:24:42,808 | WARNING | ali1688_goods_monitor |    ⚠️ 未获取到SKU数据
2026-04-01 08:24:42,811 | INFO | ali1688_goods_monitor |    ⏳ 等待 1.3 秒后继续...
2026-04-01 08:24:44,105 | INFO | ali1688_goods_monitor | 🔍 [191/265] 获取SKU: https://detail.1688.com/offer/676772683627.html
2026-04-01 08:25:51,878 | WARNING | ali1688_goods_monitor |    ⚠️ 未获取到SKU数据
2026-04-01 08:25:51,882 | INFO | ali1688_goods_monitor |    ⏳ 等待 2.1 秒后继续...
2026-04-01 08:25:54,032 | INFO | ali1688_goods_monitor | 🔍 [192/265] 获取SKU: https://detail.1688.com/offer/991759687233.html
2026-04-01 08:26:58,213 | WARNING | ali1688_goods_monitor |    ⚠️ 未获取到SKU数据
2026-04-01 08:26:58,217 | INFO | ali1688_goods_monitor |    ⏳ 等待 2.1 秒后继续...
2026-04-01 08:27:00,298 | INFO | ali1688_goods_monitor | 🔍 [193/265] 获取SKU: https://detail.1688.com/offer/661664097697.html
2026-04-01 08:27:52,868 | INFO | ali1688_goods_monitor |    ✅ 获取到 4 个SKU
2026-04-01 08:27:52,868 | INFO | ali1688_goods_monitor |    ⏳ 等待 1.5 秒后继续...
2026-04-01 08:27:54,371 | INFO | ali1688_goods_monitor | 🔍 [194/265] 获取SKU: https://detail.1688.com/offer/987237412445.html
2026-04-01 08:28:22,645 | INFO | ali1688_goods_monitor |    ✅ 获取到 20 个SKU
2026-04-01 08:28:22,645 | INFO | ali1688_goods_monitor |    ⏳ 等待 1.0 秒后继续...
2026-04-01 08:28:23,671 | INFO | ali1688_goods_monitor | 🔍 [195/265] 获取SKU: https://detail.1688.com/offer/672751050822.html
2026-04-01 08:28:51,334 | INFO | ali1688_goods_monitor |    ✅ 获取到 3 个SKU
2026-04-01 08:28:51,334 | INFO | ali1688_goods_monitor |    ⏳ 等待 1.1 秒后继续...
2026-04-01 08:28:52,407 | INFO | ali1688_goods_monitor | 🔍 [196/265] 获取SKU: https://detail.1688.com/offer/1031769907868.html
2026-04-01 08:29:20,115 | INFO | ali1688_goods_monitor |    ✅ 获取到 6 个SKU
2026-04-01 08:29:20,115 | INFO | ali1688_goods_monitor |    ⏳ 等待 1.9 秒后继续...
2026-04-01 08:29:22,075 | INFO | ali1688_goods_monitor | 🔍 [197/265] 获取SKU: https://detail.1688.com/offer/854168645121.html
2026-04-01 08:29:50,010 | INFO | ali1688_goods_monitor |    ✅ 获取到 9 个SKU
2026-04-01 08:29:50,010 | INFO | ali1688_goods_monitor |    ⏳ 等待 2.2 秒后继续...
2026-04-01 08:29:52,246 | INFO | ali1688_goods_monitor | 🔍 [198/265] 获取SKU: https://detail.1688.com/offer/910382293640.html
2026-04-01 08:30:20,677 | INFO | ali1688_goods_monitor |    ✅ 获取到 36 个SKU
2026-04-01 08:30:20,677 | INFO | ali1688_goods_monitor |    ⏳ 等待 1.7 秒后继续...
2026-04-01 08:30:22,398 | INFO | ali1688_goods_monitor | 🔍 [199/265] 获取SKU: https://detail.1688.com/offer/990976789985.html
2026-04-01 08:30:50,327 | INFO | ali1688_goods_monitor |    ✅ 获取到 16 个SKU
2026-04-01 08:30:50,327 | INFO | ali1688_goods_monitor |    ⏳ 等待 1.6 秒后继续...
2026-04-01 08:30:51,938 | INFO | ali1688_goods_monitor | 🔍 [200/265] 获取SKU: https://detail.1688.com/offer/917025701974.html
2026-04-01 08:31:19,680 | INFO | ali1688_goods_monitor |    ✅ 获取到 8 个SKU
2026-04-01 08:31:19,681 | INFO | ali1688_goods_monitor |    ⏳ 等待 1.3 秒后继续...
2026-04-01 08:31:20,948 | INFO | ali1688_goods_monitor | 🔍 [201/265] 获取SKU: https://detail.1688.com/offer/990260832462.html
2026-04-01 08:31:48,514 | INFO | ali1688_goods_monitor |    ✅ 获取到 3 个SKU
2026-04-01 08:31:48,514 | INFO | ali1688_goods_monitor |    ⏳ 等待 1.0 秒后继续...
2026-04-01 08:31:49,550 | INFO | ali1688_goods_monitor | 🔍 [202/265] 获取SKU: https://detail.1688.com/offer/646729482472.html
2026-04-01 08:32:17,356 | INFO | ali1688_goods_monitor |    ✅ 获取到 6 个SKU
2026-04-01 08:32:17,356 | INFO | ali1688_goods_monitor |    ⏳ 等待 2.4 秒后继续...
2026-04-01 08:32:19,809 | INFO | ali1688_goods_monitor | 🔍 [203/265] 获取SKU: https://detail.1688.com/offer/683872677220.html
2026-04-01 08:32:47,621 | INFO | ali1688_goods_monitor |    ✅ 获取到 3 个SKU
2026-04-01 08:32:47,621 | INFO | ali1688_goods_monitor |    ⏳ 等待 1.3 秒后继续...
2026-04-01 08:32:48,971 | INFO | ali1688_goods_monitor | 🔍 [204/265] 获取SKU: https://detail.1688.com/offer/848415574468.html
2026-04-01 08:33:16,726 | INFO | ali1688_goods_monitor |    ✅ 获取到 1 个SKU
2026-04-01 08:33:16,727 | INFO | ali1688_goods_monitor |    ⏳ 等待 2.1 秒后继续...
2026-04-01 08:33:18,850 | INFO | ali1688_goods_monitor | 🔍 [205/265] 获取SKU: https://detail.1688.com/offer/969387993044.html
2026-04-01 08:33:47,212 | INFO | ali1688_goods_monitor |    ✅ 获取到 20 个SKU
2026-04-01 08:33:47,213 | INFO | ali1688_goods_monitor |    ⏳ 等待 2.0 秒后继续...
2026-04-01 08:33:49,239 | INFO | ali1688_goods_monitor | 🔍 [206/265] 获取SKU: https://detail.1688.com/offer/734736330484.html
2026-04-01 08:34:17,732 | INFO | ali1688_goods_monitor |    ✅ 获取到 36 个SKU
2026-04-01 08:34:17,732 | INFO | ali1688_goods_monitor |    ⏳ 等待 1.6 秒后继续...
2026-04-01 08:34:19,338 | INFO | ali1688_goods_monitor | 🔍 [207/265] 获取SKU: https://detail.1688.com/offer/895042686618.html
2026-04-01 08:34:47,225 | INFO | ali1688_goods_monitor |    ✅ 获取到 2 个SKU
2026-04-01 08:34:47,226 | INFO | ali1688_goods_monitor |    ⏳ 等待 1.4 秒后继续...
2026-04-01 08:34:48,623 | INFO | ali1688_goods_monitor | 🔍 [208/265] 获取SKU: https://detail.1688.com/offer/900563388108.html
2026-04-01 08:35:16,513 | INFO | ali1688_goods_monitor |    ✅ 获取到 12 个SKU
2026-04-01 08:35:16,514 | INFO | ali1688_goods_monitor |    ⏳ 等待 2.3 秒后继续...
2026-04-01 08:35:18,859 | INFO | ali1688_goods_monitor | 🔍 [209/265] 获取SKU: https://detail.1688.com/offer/986633373239.html
2026-04-01 08:35:46,910 | INFO | ali1688_goods_monitor |    ✅ 获取到 5 个SKU
2026-04-01 08:35:46,910 | INFO | ali1688_goods_monitor |    ⏳ 等待 1.2 秒后继续...
2026-04-01 08:35:48,117 | INFO | ali1688_goods_monitor | 🔍 [210/265] 获取SKU: https://detail.1688.com/offer/978968804889.html
2026-04-01 08:36:15,442 | INFO | ali1688_goods_monitor |    ✅ 获取到 1 个SKU
2026-04-01 08:36:15,442 | INFO | ali1688_goods_monitor |    ⏳ 等待 2.5 秒后继续...
2026-04-01 08:36:17,954 | INFO | ali1688_goods_monitor | 🔍 [211/265] 获取SKU: https://detail.1688.com/offer/858770936676.html
2026-04-01 08:36:45,736 | INFO | ali1688_goods_monitor |    ✅ 获取到 2 个SKU
2026-04-01 08:36:45,736 | INFO | ali1688_goods_monitor |    ⏳ 等待 1.5 秒后继续...
2026-04-01 08:36:47,232 | INFO | ali1688_goods_monitor | 🔍 [212/265] 获取SKU: https://detail.1688.com/offer/847993548322.html
2026-04-01 08:37:15,214 | INFO | ali1688_goods_monitor |    ✅ 获取到 3 个SKU
2026-04-01 08:37:15,215 | INFO | ali1688_goods_monitor |    ⏳ 等待 2.1 秒后继续...
2026-04-01 08:37:17,290 | INFO | ali1688_goods_monitor | 🔍 [213/265] 获取SKU: https://detail.1688.com/offer/1027381048230.html
2026-04-01 08:37:45,742 | INFO | ali1688_goods_monitor |    ✅ 获取到 36 个SKU
2026-04-01 08:37:45,744 | INFO | ali1688_goods_monitor |    ⏳ 等待 1.4 秒后继续...
2026-04-01 08:37:47,176 | INFO | ali1688_goods_monitor | 🔍 [214/265] 获取SKU: https://detail.1688.com/offer/1028239295024.html
2026-04-01 08:38:14,522 | INFO | ali1688_goods_monitor |    ✅ 获取到 1 个SKU
2026-04-01 08:38:14,522 | INFO | ali1688_goods_monitor |    ⏳ 等待 1.8 秒后继续...
2026-04-01 08:38:16,353 | INFO | ali1688_goods_monitor | 🔍 [215/265] 获取SKU: https://detail.1688.com/offer/973255115593.html
2026-04-01 08:38:44,580 | INFO | ali1688_goods_monitor |    ✅ 获取到 36 个SKU
2026-04-01 08:38:44,580 | INFO | ali1688_goods_monitor |    ⏳ 等待 1.1 秒后继续...
2026-04-01 08:38:45,701 | INFO | ali1688_goods_monitor | 🔍 [216/265] 获取SKU: https://detail.1688.com/offer/1033404841463.html
2026-04-01 08:39:13,386 | INFO | ali1688_goods_monitor |    ✅ 获取到 4 个SKU
2026-04-01 08:39:13,386 | INFO | ali1688_goods_monitor |    ⏳ 等待 1.2 秒后继续...
2026-04-01 08:39:14,546 | INFO | ali1688_goods_monitor | 🔍 [217/265] 获取SKU: https://detail.1688.com/offer/1035850540780.html
2026-04-01 08:39:42,486 | INFO | ali1688_goods_monitor |    ✅ 获取到 8 个SKU
2026-04-01 08:39:42,486 | INFO | ali1688_goods_monitor |    ⏳ 等待 1.5 秒后继续...
2026-04-01 08:39:43,977 | INFO | ali1688_goods_monitor | 🔍 [218/265] 获取SKU: https://detail.1688.com/offer/757454263904.html
2026-04-01 08:40:11,782 | INFO | ali1688_goods_monitor |    ✅ 获取到 1 个SKU
2026-04-01 08:40:11,782 | INFO | ali1688_goods_monitor |    ⏳ 等待 2.0 秒后继续...
2026-04-01 08:40:13,778 | INFO | ali1688_goods_monitor | 🔍 [219/265] 获取SKU: https://detail.1688.com/offer/726064645781.html
2026-04-01 08:40:41,710 | INFO | ali1688_goods_monitor |    ✅ 获取到 5 个SKU
2026-04-01 08:40:41,710 | INFO | ali1688_goods_monitor |    ⏳ 等待 2.3 秒后继续...
2026-04-01 08:40:44,006 | INFO | ali1688_goods_monitor | 🔍 [220/265] 获取SKU: https://detail.1688.com/offer/634658078975.html
2026-04-01 08:41:12,127 | INFO | ali1688_goods_monitor |    ✅ 获取到 18 个SKU
2026-04-01 08:41:12,127 | INFO | ali1688_goods_monitor |    ⏳ 等待 1.8 秒后继续...
2026-04-01 08:41:13,928 | INFO | ali1688_goods_monitor | 🔍 [221/265] 获取SKU: https://detail.1688.com/offer/960725525521.html
2026-04-01 08:41:41,830 | INFO | ali1688_goods_monitor |    ✅ 获取到 10 个SKU
2026-04-01 08:41:41,830 | INFO | ali1688_goods_monitor |    ⏳ 等待 1.9 秒后继续...
2026-04-01 08:41:43,755 | INFO | ali1688_goods_monitor | 🔍 [222/265] 获取SKU: https://detail.1688.com/offer/629652629026.html
2026-04-01 08:42:11,681 | INFO | ali1688_goods_monitor |    ✅ 获取到 5 个SKU
2026-04-01 08:42:11,682 | INFO | ali1688_goods_monitor |    ⏳ 等待 1.9 秒后继续...
2026-04-01 08:42:13,565 | INFO | ali1688_goods_monitor | 🔍 [223/265] 获取SKU: https://detail.1688.com/offer/894449366946.html
2026-04-01 08:42:41,834 | INFO | ali1688_goods_monitor |    ✅ 获取到 32 个SKU
2026-04-01 08:42:41,834 | INFO | ali1688_goods_monitor |    ⏳ 等待 2.2 秒后继续...
2026-04-01 08:42:43,993 | INFO | ali1688_goods_monitor | 🔍 [224/265] 获取SKU: https://detail.1688.com/offer/795861191445.html
2026-04-01 08:43:11,768 | INFO | ali1688_goods_monitor |    ✅ 获取到 6 个SKU
2026-04-01 08:43:11,768 | INFO | ali1688_goods_monitor |    ⏳ 等待 1.5 秒后继续...
2026-04-01 08:43:13,304 | INFO | ali1688_goods_monitor | 🔍 [225/265] 获取SKU: https://detail.1688.com/offer/992863648563.html
2026-04-01 08:43:41,165 | INFO | ali1688_goods_monitor |    ✅ 获取到 11 个SKU
2026-04-01 08:43:41,165 | INFO | ali1688_goods_monitor |    ⏳ 等待 2.3 秒后继续...
2026-04-01 08:43:43,489 | INFO | ali1688_goods_monitor | 🔍 [226/265] 获取SKU: https://detail.1688.com/offer/727364044091.html
2026-04-01 08:44:11,420 | INFO | ali1688_goods_monitor |    ✅ 获取到 7 个SKU
2026-04-01 08:44:11,420 | INFO | ali1688_goods_monitor |    ⏳ 等待 1.7 秒后继续...
2026-04-01 08:44:13,153 | INFO | ali1688_goods_monitor | 🔍 [227/265] 获取SKU: https://detail.1688.com/offer/728912992880.html
2026-04-01 08:44:41,501 | INFO | ali1688_goods_monitor |    ✅ 获取到 24 个SKU
2026-04-01 08:44:41,501 | INFO | ali1688_goods_monitor |    ⏳ 等待 1.5 秒后继续...
2026-04-01 08:44:43,005 | INFO | ali1688_goods_monitor | 🔍 [228/265] 获取SKU: https://detail.1688.com/offer/1013917249205.html
2026-04-01 08:45:10,863 | INFO | ali1688_goods_monitor |    ✅ 获取到 5 个SKU
2026-04-01 08:45:10,863 | INFO | ali1688_goods_monitor |    ⏳ 等待 1.1 秒后继续...
2026-04-01 08:45:11,933 | INFO | ali1688_goods_monitor | 🔍 [229/265] 获取SKU: https://detail.1688.com/offer/643044757475.html
2026-04-01 08:45:40,815 | INFO | ali1688_goods_monitor |    ✅ 获取到 45 个SKU
2026-04-01 08:45:40,815 | INFO | ali1688_goods_monitor |    ⏳ 等待 1.4 秒后继续...
2026-04-01 08:45:42,210 | INFO | ali1688_goods_monitor | 🔍 [230/265] 获取SKU: https://detail.1688.com/offer/1001279554121.html
2026-04-01 08:46:09,977 | INFO | ali1688_goods_monitor |    ✅ 获取到 4 个SKU
2026-04-01 08:46:09,978 | INFO | ali1688_goods_monitor |    ⏳ 等待 1.5 秒后继续...
2026-04-01 08:46:11,453 | INFO | ali1688_goods_monitor | 🔍 [231/265] 获取SKU: https://detail.1688.com/offer/984991416938.html
2026-04-01 08:46:39,263 | INFO | ali1688_goods_monitor |    ✅ 获取到 6 个SKU
2026-04-01 08:46:39,263 | INFO | ali1688_goods_monitor |    ⏳ 等待 2.1 秒后继续...
2026-04-01 08:46:41,323 | INFO | ali1688_goods_monitor | 🔍 [232/265] 获取SKU: https://detail.1688.com/offer/897059922290.html
2026-04-01 08:47:09,261 | INFO | ali1688_goods_monitor |    ✅ 获取到 5 个SKU
2026-04-01 08:47:09,262 | INFO | ali1688_goods_monitor |    ⏳ 等待 2.2 秒后继续...
2026-04-01 08:47:11,460 | INFO | ali1688_goods_monitor | 🔍 [233/265] 获取SKU: https://detail.1688.com/offer/973247771787.html
2026-04-01 08:47:39,258 | INFO | ali1688_goods_monitor |    ✅ 获取到 2 个SKU
2026-04-01 08:47:39,260 | INFO | ali1688_goods_monitor |    ⏳ 等待 2.0 秒后继续...
2026-04-01 08:47:41,314 | INFO | ali1688_goods_monitor | 🔍 [234/265] 获取SKU: https://detail.1688.com/offer/658391484708.html
2026-04-01 08:48:09,363 | INFO | ali1688_goods_monitor |    ✅ 获取到 12 个SKU
2026-04-01 08:48:09,363 | INFO | ali1688_goods_monitor |    ⏳ 等待 2.2 秒后继续...
2026-04-01 08:48:11,599 | INFO | ali1688_goods_monitor | 🔍 [235/265] 获取SKU: https://detail.1688.com/offer/775392792723.html
2026-04-01 08:49:08,753 | INFO | ali1688_goods_monitor |    ✅ 获取到 24 个SKU
2026-04-01 08:49:08,753 | INFO | ali1688_goods_monitor |    ⏳ 等待 1.0 秒后继续...
2026-04-01 08:49:09,814 | INFO | ali1688_goods_monitor | 🔍 [236/265] 获取SKU: https://detail.1688.com/offer/622513415473.html
2026-04-01 08:50:15,108 | WARNING | ali1688_goods_monitor |    ⚠️ 未获取到SKU数据
2026-04-01 08:50:15,114 | INFO | ali1688_goods_monitor |    ⏳ 等待 1.0 秒后继续...
2026-04-01 08:50:16,136 | INFO | ali1688_goods_monitor | 🔍 [237/265] 获取SKU: https://detail.1688.com/offer/751554304142.html
2026-04-01 08:51:20,592 | WARNING | ali1688_goods_monitor |    ⚠️ 未获取到SKU数据
2026-04-01 08:51:20,596 | INFO | ali1688_goods_monitor |    ⏳ 等待 1.9 秒后继续...
2026-04-01 08:51:22,525 | INFO | ali1688_goods_monitor | 🔍 [238/265] 获取SKU: https://detail.1688.com/offer/990425215638.html
2026-04-01 08:52:25,975 | WARNING | ali1688_goods_monitor |    ⚠️ 未获取到SKU数据
2026-04-01 08:52:25,978 | INFO | ali1688_goods_monitor |    ⏳ 等待 1.9 秒后继续...
2026-04-01 08:52:27,930 | INFO | ali1688_goods_monitor | 🔍 [239/265] 获取SKU: https://detail.1688.com/offer/952896839032.html
2026-04-01 08:53:33,000 | WARNING | ali1688_goods_monitor |    ⚠️ 未获取到SKU数据
2026-04-01 08:53:33,003 | INFO | ali1688_goods_monitor |    ⏳ 等待 2.3 秒后继续...
2026-04-01 08:53:35,353 | INFO | ali1688_goods_monitor | 🔍 [240/265] 获取SKU: https://detail.1688.com/offer/863983065199.html
2026-04-01 08:54:40,401 | WARNING | ali1688_goods_monitor |    ⚠️ 未获取到SKU数据
2026-04-01 08:54:40,404 | INFO | ali1688_goods_monitor |    ⏳ 等待 2.4 秒后继续...
2026-04-01 08:54:42,848 | INFO | ali1688_goods_monitor | 🔍 [241/265] 获取SKU: https://detail.1688.com/offer/990589043915.html
2026-04-01 08:55:46,954 | WARNING | ali1688_goods_monitor |    ⚠️ 未获取到SKU数据
2026-04-01 08:55:46,957 | INFO | ali1688_goods_monitor |    ⏳ 等待 1.6 秒后继续...
2026-04-01 08:55:48,531 | INFO | ali1688_goods_monitor | 🔍 [242/265] 获取SKU: https://detail.1688.com/offer/969646541226.html
2026-04-01 08:56:52,990 | WARNING | ali1688_goods_monitor |    ⚠️ 未获取到SKU数据
2026-04-01 08:56:52,993 | INFO | ali1688_goods_monitor |    ⏳ 等待 2.4 秒后继续...
2026-04-01 08:56:55,444 | INFO | ali1688_goods_monitor | 🔍 [243/265] 获取SKU: https://detail.1688.com/offer/929103621035.html
2026-04-01 08:58:00,624 | WARNING | ali1688_goods_monitor |    ⚠️ 未获取到SKU数据
2026-04-01 08:58:00,627 | INFO | ali1688_goods_monitor |    ⏳ 等待 1.9 秒后继续...
2026-04-01 08:58:02,518 | INFO | ali1688_goods_monitor | 🔍 [244/265] 获取SKU: https://detail.1688.com/offer/974035321584.html
2026-04-01 08:58:30,461 | INFO | ali1688_goods_monitor |    ✅ 获取到 5 个SKU
2026-04-01 08:58:30,462 | INFO | ali1688_goods_monitor |    ⏳ 等待 1.5 秒后继续...
2026-04-01 08:58:32,007 | INFO | ali1688_goods_monitor | 🔍 [245/265] 获取SKU: https://detail.1688.com/offer/847969236799.html
2026-04-01 08:59:32,138 | INFO | ali1688_goods_monitor |    ✅ 获取到 32 个SKU
2026-04-01 08:59:32,138 | INFO | ali1688_goods_monitor |    ⏳ 等待 1.0 秒后继续...
2026-04-01 08:59:33,185 | INFO | ali1688_goods_monitor | 🔍 [246/265] 获取SKU: https://detail.1688.com/offer/728364497329.html
2026-04-01 09:00:01,358 | INFO | ali1688_goods_monitor |    ✅ 获取到 5 个SKU
2026-04-01 09:00:01,358 | INFO | ali1688_goods_monitor |    ⏳ 等待 1.4 秒后继续...
2026-04-01 09:00:02,710 | INFO | ali1688_goods_monitor | 🔍 [247/265] 获取SKU: https://detail.1688.com/offer/970781028572.html
2026-04-01 09:00:30,390 | INFO | ali1688_goods_monitor |    ✅ 获取到 5 个SKU
2026-04-01 09:00:30,390 | INFO | ali1688_goods_monitor |    ⏳ 等待 2.1 秒后继续...
2026-04-01 09:00:32,530 | INFO | ali1688_goods_monitor | 🔍 [248/265] 获取SKU: https://detail.1688.com/offer/1001391447719.html
2026-04-01 09:01:00,170 | INFO | ali1688_goods_monitor |    ✅ 获取到 2 个SKU
2026-04-01 09:01:00,171 | INFO | ali1688_goods_monitor |    ⏳ 等待 1.3 秒后继续...
2026-04-01 09:01:01,430 | INFO | ali1688_goods_monitor | 🔍 [249/265] 获取SKU: https://detail.1688.com/offer/858007859516.html
2026-04-01 09:01:29,217 | INFO | ali1688_goods_monitor |    ✅ 获取到 2 个SKU
2026-04-01 09:01:29,218 | INFO | ali1688_goods_monitor |    ⏳ 等待 1.5 秒后继续...
2026-04-01 09:01:30,718 | INFO | ali1688_goods_monitor | 🔍 [250/265] 获取SKU: https://detail.1688.com/offer/687729432138.html
2026-04-01 09:01:44,770 | WARNING | ali1688_goods_monitor |    ⚠️ 未获取到SKU数据
2026-04-01 09:01:44,773 | INFO | ali1688_goods_monitor |    ⏳ 等待 1.0 秒后继续...
2026-04-01 09:01:45,797 | INFO | ali1688_goods_monitor | 🔍 [251/265] 获取SKU: https://detail.1688.com/offer/1031855101004.html
2026-04-01 09:02:13,485 | INFO | ali1688_goods_monitor |    ✅ 获取到 7 个SKU
2026-04-01 09:02:13,485 | INFO | ali1688_goods_monitor |    ⏳ 等待 2.1 秒后继续...
2026-04-01 09:02:15,546 | INFO | ali1688_goods_monitor | 🔍 [252/265] 获取SKU: https://detail.1688.com/offer/809233523760.html
2026-04-01 09:02:43,149 | INFO | ali1688_goods_monitor |    ✅ 获取到 1 个SKU
2026-04-01 09:02:43,150 | INFO | ali1688_goods_monitor |    ⏳ 等待 1.3 秒后继续...
2026-04-01 09:02:44,490 | INFO | ali1688_goods_monitor | 🔍 [253/265] 获取SKU: https://detail.1688.com/offer/1024421346400.html
2026-04-01 09:03:12,301 | INFO | ali1688_goods_monitor |    ✅ 获取到 2 个SKU
2026-04-01 09:03:12,301 | INFO | ali1688_goods_monitor |    ⏳ 等待 1.1 秒后继续...
2026-04-01 09:03:13,447 | INFO | ali1688_goods_monitor | 🔍 [254/265] 获取SKU: https://detail.1688.com/offer/982635289066.html
2026-04-01 09:03:44,892 | INFO | ali1688_goods_monitor |    ✅ 获取到 26 个SKU
2026-04-01 09:03:44,892 | INFO | ali1688_goods_monitor |    ⏳ 等待 1.9 秒后继续...
2026-04-01 09:03:46,824 | INFO | ali1688_goods_monitor | 🔍 [255/265] 获取SKU: https://detail.1688.com/offer/750175006113.html
2026-04-01 09:04:14,452 | INFO | ali1688_goods_monitor |    ✅ 获取到 1 个SKU
2026-04-01 09:04:14,452 | INFO | ali1688_goods_monitor |    ⏳ 等待 2.4 秒后继续...
2026-04-01 09:04:16,904 | INFO | ali1688_goods_monitor | 🔍 [256/265] 获取SKU: https://detail.1688.com/offer/954152497198.html
2026-04-01 09:04:44,796 | INFO | ali1688_goods_monitor |    ✅ 获取到 6 个SKU
2026-04-01 09:04:44,796 | INFO | ali1688_goods_monitor |    ⏳ 等待 1.2 秒后继续...
2026-04-01 09:04:46,032 | INFO | ali1688_goods_monitor | 🔍 [257/265] 获取SKU: https://detail.1688.com/offer/857784361057.html
2026-04-01 09:05:14,132 | INFO | ali1688_goods_monitor |    ✅ 获取到 10 个SKU
2026-04-01 09:05:14,133 | INFO | ali1688_goods_monitor |    ⏳ 等待 1.6 秒后继续...
2026-04-01 09:05:15,769 | INFO | ali1688_goods_monitor | 🔍 [258/265] 获取SKU: https://detail.1688.com/offer/963819028092.html
2026-04-01 09:05:43,664 | INFO | ali1688_goods_monitor |    ✅ 获取到 2 个SKU
2026-04-01 09:05:43,664 | INFO | ali1688_goods_monitor |    ⏳ 等待 1.9 秒后继续...
2026-04-01 09:05:45,617 | INFO | ali1688_goods_monitor | 🔍 [259/265] 获取SKU: https://detail.1688.com/offer/947764418500.html
2026-04-01 09:06:13,456 | INFO | ali1688_goods_monitor |    ✅ 获取到 1 个SKU
2026-04-01 09:06:13,457 | INFO | ali1688_goods_monitor |    ⏳ 等待 2.0 秒后继续...
2026-04-01 09:06:15,411 | INFO | ali1688_goods_monitor | 🔍 [260/265] 获取SKU: https://detail.1688.com/offer/854259763574.html
2026-04-01 09:06:29,602 | WARNING | ali1688_goods_monitor |    ⚠️ 未获取到SKU数据
2026-04-01 09:06:29,604 | INFO | ali1688_goods_monitor |    ⏳ 等待 1.2 秒后继续...
2026-04-01 09:06:30,842 | INFO | ali1688_goods_monitor | 🔍 [261/265] 获取SKU: https://detail.1688.com/offer/999695394272.html
2026-04-01 09:06:58,542 | INFO | ali1688_goods_monitor |    ✅ 获取到 5 个SKU
2026-04-01 09:06:58,542 | INFO | ali1688_goods_monitor |    ⏳ 等待 2.4 秒后继续...
2026-04-01 09:07:00,980 | INFO | ali1688_goods_monitor | 🔍 [262/265] 获取SKU: https://detail.1688.com/offer/713699292120.html
2026-04-01 09:07:28,946 | INFO | ali1688_goods_monitor |    ✅ 获取到 9 个SKU
2026-04-01 09:07:28,946 | INFO | ali1688_goods_monitor |    ⏳ 等待 2.2 秒后继续...
2026-04-01 09:07:31,134 | INFO | ali1688_goods_monitor | 🔍 [263/265] 获取SKU: https://detail.1688.com/offer/621194315291.html
2026-04-01 09:08:14,048 | INFO | ali1688_goods_monitor |    ✅ 获取到 2 个SKU
2026-04-01 09:08:14,049 | INFO | ali1688_goods_monitor |    ⏳ 等待 1.5 秒后继续...
2026-04-01 09:08:15,549 | INFO | ali1688_goods_monitor | 🔍 [264/265] 获取SKU: https://detail.1688.com/offer/927867865604.html
2026-04-01 09:08:43,630 | INFO | ali1688_goods_monitor |    ✅ 获取到 18 个SKU
2026-04-01 09:08:43,630 | INFO | ali1688_goods_monitor |    ⏳ 等待 1.7 秒后继续...
2026-04-01 09:08:45,352 | INFO | ali1688_goods_monitor | 🔍 [265/265] 获取SKU: https://detail.1688.com/offer/734549030910.html
2026-04-01 09:09:13,821 | INFO | ali1688_goods_monitor |    ✅ 获取到 15 个SKU
2026-04-01 09:09:13,821 | INFO | ali1688_goods_monitor | ============================================================
2026-04-01 09:09:13,821 | INFO | ali1688_goods_monitor | ✅ SKU获取完成，共获取 1992 个SKU
2026-04-01 09:09:13,822 | INFO | ali1688_goods_monitor | ============================================================
2026-04-01 09:09:13,822 | INFO | ali1688_goods_monitor | 🔚 关闭SKU获取浏览器...
2026-04-01 09:09:14,947 | INFO | ali1688_goods_monitor | 📋 获取到的SKU信息 (共 1992 条):
2026-04-01 09:09:14,950 | INFO | ali1688_goods_monitor | ============================================================
2026-04-01 09:09:14,950 | INFO | ali1688_goods_monitor | 🔍 检测SKU变化...
2026-04-01 09:09:14,950 | INFO | ali1688_goods_monitor | ============================================================
2026-04-01 09:09:15,273 | INFO | ali1688_goods_monitor |   💰 SKU 5919665276463 价格变化: 28.61 -> 29.5
2026-04-01 09:09:15,273 | INFO | ali1688_goods_monitor |   💰 SKU 5919665276464 价格变化: 28.61 -> 29.5
2026-04-01 09:09:15,276 | INFO | ali1688_goods_monitor |   💰 SKU 5919665276465 价格变化: 28.61 -> 29.5
2026-04-01 09:09:15,276 | INFO | ali1688_goods_monitor |   💰 SKU 5919665276466 价格变化: 28.61 -> 29.5
2026-04-01 09:09:15,276 | INFO | ali1688_goods_monitor |   💰 SKU 5929407245052 价格变化: 12.88 -> 12.98
2026-04-01 09:09:15,281 | INFO | ali1688_goods_monitor | 💾 保存SKU数据到数据库...
2026-04-01 09:09:19,886 | INFO | ali1688_goods_monitor | 🎉 第二阶段完成，共获取并保存 1992 个SKU信息
2026-04-01 09:09:19,886 | INFO | ali1688_goods_monitor | 📊 总计：265 个商品，1992 个SKU
2026-04-01 09:09:21,728 | INFO | ali1688_goods_monitor | 浏览器已关闭
2026-04-01 09:09:21,728 | INFO | ali1688_goods_monitor | 🔍 从数据库查询今天的变化记录...
2026-04-01 09:09:21,739 | INFO | ali1688_goods_monitor | 🔢 检测到SKU数量变化: https://detail.1688.com/offer/1026068947837.html
2026-04-01 09:09:21,739 | INFO | ali1688_goods_monitor | 🔢 检测到SKU数量变化: https://detail.1688.com/offer/734549030910.html
2026-04-01 09:09:21,740 | INFO | ali1688_goods_monitor | 💰 检测到SKU价格变化: https://detail.1688.com/offer/970377098770.html - 5919665276463
2026-04-01 09:09:21,740 | INFO | ali1688_goods_monitor | 💰 检测到SKU价格变化: https://detail.1688.com/offer/970377098770.html - 5919665276464
2026-04-01 09:09:21,740 | INFO | ali1688_goods_monitor | 💰 检测到SKU价格变化: https://detail.1688.com/offer/970377098770.html - 5919665276465
2026-04-01 09:09:21,741 | INFO | ali1688_goods_monitor | 💰 检测到SKU价格变化: https://detail.1688.com/offer/970377098770.html - 5919665276466
2026-04-01 09:09:21,748 | INFO | ali1688_goods_monitor | 💰 检测到SKU价格变化: https://detail.1688.com/offer/970377098770.html - 5929407245052
2026-04-01 09:09:21,748 | WARNING | ali1688_goods_monitor | ⚠️ SKU数量变化但数值相同: https://detail.1688.com/offer/734549030910.html, old=14, new=14
2026-04-01 09:09:22,484 | INFO | ali1688_goods_monitor | 📤 已发送 1 个SKU数量变化通知
2026-04-01 09:09:23,119 | INFO | ali1688_goods_monitor | 📤 已发送 5 个价格变化通知
2026-04-01 09:09:23,119 | INFO | ali1688_goods_monitor | 📊 统计：类目变化0个，SKU数量变化1个，SKU名称变化0个，价格变化5个
2026-04-01 09:09:23,122 | INFO | ali1688_goods_monitor | 📤 上传今天爬取的所有数据到钉钉文档...
2026-04-01 09:09:23,168 | INFO | ali1688_goods_monitor | 准备上传 265 条记录...
2026-04-01 09:09:34,927 | INFO | ali1688_goods_monitor | 
上传统计:
2026-04-01 09:09:34,928 | INFO | ali1688_goods_monitor | 总记录数: 265
2026-04-01 09:09:34,930 | INFO | ali1688_goods_monitor | 成功数量: 265
2026-04-01 09:09:34,930 | INFO | ali1688_goods_monitor | 失败数量: 0
2026-04-01 09:09:34,931 | INFO | ali1688_goods_monitor | 成功批次: 6
2026-04-01 09:09:34,931 | INFO | ali1688_goods_monitor | 失败批次: 0
2026-04-01 09:09:34,932 | INFO | ali1688_goods_monitor | 📤 已上传 265 个商品数据到钉钉
2026-04-01 09:09:34,947 | INFO | ali1688_goods_monitor | 准备上传 1992 条记录...
2026-04-01 09:10:56,606 | INFO | ali1688_goods_monitor | 
上传统计:
2026-04-01 09:10:56,606 | INFO | ali1688_goods_monitor | 总记录数: 1992
2026-04-01 09:10:56,607 | INFO | ali1688_goods_monitor | 成功数量: 1992
2026-04-01 09:10:56,607 | INFO | ali1688_goods_monitor | 失败数量: 0
2026-04-01 09:10:56,607 | INFO | ali1688_goods_monitor | 成功批次: 40
2026-04-01 09:10:56,607 | INFO | ali1688_goods_monitor | 失败批次: 0
2026-04-01 09:10:56,608 | INFO | ali1688_goods_monitor | 📤 已上传 1992 个SKU数据到钉钉
2026-04-01 09:10:56,659 | INFO | ali1688_goods_monitor | 🎯 全流程完成，总耗时：160分54秒
2026-04-01 09:10:56,660 | INFO | ali1688_goods_monitor | 📊 统计：今天共爬取 265 个商品，1992 个SKU
2026-04-01 09:10:56,661 | INFO | ali1688_goods_monitor | 📊 变化统计：2 个商品发生变化，5 个SKU发生变化
2026-04-01 09:10:57,290 | INFO | ali1688_goods_monitor | ============================================================
2026-04-01 09:10:57,290 | INFO | ali1688_goods_monitor | ✅ 数据处理完成
2026-04-01 09:10:57,293 | INFO | ali1688_goods_monitor | ============================================================
