2026-04-07 06:30:02,160 | INFO | ali1688_goods_monitor | ============================================================
2026-04-07 06:30:02,160 | INFO | ali1688_goods_monitor | 🚀 开始1688竞品监控任务
2026-04-07 06:30:02,160 | INFO | ali1688_goods_monitor | ============================================================
2026-04-07 06:30:06,425 | INFO | ali1688_goods_monitor | 浏览器初始化成功
2026-04-07 06:30:22,874 | INFO | ali1688_goods_monitor | 📦 共找到 275 个商品ID，将分批查询（每批10个）
2026-04-07 06:30:31,409 | INFO | ali1688_goods_monitor | ❎ 已关闭引导弹窗2
2026-04-07 06:30:31,961 | INFO | ali1688_goods_monitor | ============================================================
2026-04-07 06:30:31,961 | INFO | ali1688_goods_monitor | 📊 第一阶段：获取商品基本信息
2026-04-07 06:30:31,961 | INFO | ali1688_goods_monitor | ============================================================
2026-04-07 06:30:31,961 | INFO | ali1688_goods_monitor | 🔍 处理第 1/14 批，共 20 个商品
2026-04-07 06:30:31,962 | INFO | ali1688_goods_monitor | 📋 商品ID: 971080031926、968280048908、943395574791、833661915665、982634945037、1016515592011、979203908708、835170979856、971037620206、1003272185431、617837580726、1005984550667、807432916292、928700805986、1040782952704、903613869442、1026068947837、954713432833、798059727032、812259607012
2026-04-07 06:30:31,962 | INFO | ali1688_goods_monitor | 🧩 选择搜索方式: 商品ID
2026-04-07 06:30:32,416 | INFO | ali1688_goods_monitor | 搜索的商品id是:971080031926、968280048908、943395574791、833661915665、982634945037、1016515592011、979203908708、835170979856、971037620206、1003272185431、617837580726、1005984550667、807432916292、928700805986、1040782952704、903613869442、1026068947837、954713432833、798059727032、812259607012
2026-04-07 06:30:33,527 | INFO | ali1688_goods_monitor | ✅ 第 1 批筛选条件已设置
2026-04-07 06:30:36,535 | INFO | ali1688_goods_monitor | 开始获取商品:971080031926、968280048908、943395574791、833661915665、982634945037、1016515592011、979203908708、835170979856、971037620206、1003272185431、617837580726、1005984550667、807432916292、928700805986、1040782952704、903613869442、1026068947837、954713432833、798059727032、812259607012的基本信息
2026-04-07 06:30:36,537 | INFO | ali1688_goods_monitor | ⏳ 等待点击【开始查询】并捕获 offerSearch 接口...
2026-04-07 06:30:36,891 | INFO | ali1688_goods_monitor | 商品列表返回码: 200
2026-04-07 06:30:36,891 | INFO | ali1688_goods_monitor | 🚀 开始捕获商品数据，共 20 个商品
2026-04-07 06:30:36,893 | INFO | ali1688_goods_monitor | ✅ 商品基本信息捕获完成，总耗时: 0.00秒
2026-04-07 06:30:36,895 | INFO | ali1688_goods_monitor |    - 商品数: 20
2026-04-07 06:30:36,895 | INFO | ali1688_goods_monitor | ✅ 第 1 批完成，获取到 20 个商品，0 个SKU
2026-04-07 06:30:36,896 | INFO | ali1688_goods_monitor | 📋 第 1 批商品信息:
2026-04-07 06:30:36,896 | INFO | ali1688_goods_monitor |   1. 商品ID: 1026068947837, 店铺: 汕头市澄海区力多熊玩具商行, SKU数: 3
2026-04-07 06:30:36,897 | INFO | ali1688_goods_monitor |   2. 商品ID: 798059727032, 店铺: 汕头市澄海区超慧丰贸易商行, SKU数: 16
2026-04-07 06:30:36,897 | INFO | ali1688_goods_monitor |   3. 商品ID: 968280048908, 店铺: 汕头市澄海区都说好玩具商行, SKU数: 31
2026-04-07 06:30:36,898 | INFO | ali1688_goods_monitor |   4. 商品ID: 982634945037, 店铺: 汕头市创爱旺科技有限公司, SKU数: 26
2026-04-07 06:30:36,898 | INFO | ali1688_goods_monitor |   5. 商品ID: 971080031926, 店铺: 汕头市龙湖区熹萌喵玩具厂, SKU数: 3
2026-04-07 06:30:36,898 | INFO | ali1688_goods_monitor |   6. 商品ID: 617837580726, 店铺: 深圳灿煜玩具有限公司, SKU数: 2
2026-04-07 06:30:36,899 | INFO | ali1688_goods_monitor |   7. 商品ID: 971037620206, 店铺: 汕头市澄海区淘琪宝玩具厂, SKU数: 1
2026-04-07 06:30:36,899 | INFO | ali1688_goods_monitor |   8. 商品ID: 979203908708, 店铺: 汕头市澄海区多美仕玩具厂, SKU数: 24
2026-04-07 06:30:36,899 | INFO | ali1688_goods_monitor |   9. 商品ID: 943395574791, 店铺: 东莞市狂蜂狂蚁科技有限公司, SKU数: 1
2026-04-07 06:30:36,899 | INFO | ali1688_goods_monitor |   10. 商品ID: 1016515592011, 店铺: 汕头市澄海区晟耀展玩具厂, SKU数: 4
2026-04-07 06:30:36,900 | INFO | ali1688_goods_monitor |   11. 商品ID: 903613869442, 店铺: 汕头市龙湖区熹萌喵玩具厂, SKU数: 4
2026-04-07 06:30:36,901 | INFO | ali1688_goods_monitor |   12. 商品ID: 1040782952704, 店铺: 义乌市鑫照玩具厂, SKU数: 1
2026-04-07 06:30:36,901 | INFO | ali1688_goods_monitor |   13. 商品ID: 954713432833, 店铺: 汕头市龙湖区熹萌喵玩具厂, SKU数: 2
2026-04-07 06:30:36,901 | INFO | ali1688_goods_monitor |   14. 商品ID: 807432916292, 店铺: 汕头市澄海区悦优佳玩具厂, SKU数: 24
2026-04-07 06:30:36,901 | INFO | ali1688_goods_monitor |   15. 商品ID: 835170979856, 店铺: 汕头市澄海区土炭玩具商行, SKU数: 10
2026-04-07 06:30:36,901 | INFO | ali1688_goods_monitor |   16. 商品ID: 1005984550667, 店铺: 汕头市澄海区八匹马玩具厂, SKU数: 36
2026-04-07 06:30:36,902 | INFO | ali1688_goods_monitor |   17. 商品ID: 928700805986, 店铺: 义乌市谷达玩具有限公司, SKU数: 2
2026-04-07 06:30:36,902 | INFO | ali1688_goods_monitor |   18. 商品ID: 812259607012, 店铺: 汕头市澄海区哈尼兔玩具厂, SKU数: 39
2026-04-07 06:30:36,902 | INFO | ali1688_goods_monitor |   19. 商品ID: 833661915665, 店铺: 深圳金喜来电子股份有限公司, SKU数: 1
2026-04-07 06:30:36,903 | INFO | ali1688_goods_monitor |   20. 商品ID: 1003272185431, 店铺: 义乌市大愚玩具有限公司, SKU数: 5
2026-04-07 06:30:37,031 | INFO | ali1688_goods_monitor | 💾 第1/14批：已保存 20 个商品到数据库
2026-04-07 06:30:37,031 | INFO | ali1688_goods_monitor | ⏸️  随机暂停 3.7 秒...
2026-04-07 06:30:40,743 | INFO | ali1688_goods_monitor | 🔄 刷新页面，准备处理第 2 批...
2026-04-07 06:30:46,249 | INFO | ali1688_goods_monitor | ❎ 已关闭引导弹窗3
2026-04-07 06:30:48,781 | INFO | ali1688_goods_monitor | 🔍 处理第 2/14 批，共 20 个商品
2026-04-07 06:30:48,782 | INFO | ali1688_goods_monitor | 📋 商品ID: 1007173826384、991935831793、962746907189、812514770228、907762599791、990409899841、1013037690222、889385901298、1025513853144、969366546749、979396013303、875034473523、590591825369、894936744591、895285249007、970715744477、903636127402、741922490714、776195311997、811139889293
2026-04-07 06:30:48,787 | INFO | ali1688_goods_monitor | 🧩 选择搜索方式: 商品ID
2026-04-07 06:30:49,297 | INFO | ali1688_goods_monitor | 搜索的商品id是:1007173826384、991935831793、962746907189、812514770228、907762599791、990409899841、1013037690222、889385901298、1025513853144、969366546749、979396013303、875034473523、590591825369、894936744591、895285249007、970715744477、903636127402、741922490714、776195311997、811139889293
2026-04-07 06:30:50,373 | INFO | ali1688_goods_monitor | ✅ 第 2 批筛选条件已设置
2026-04-07 06:30:53,376 | INFO | ali1688_goods_monitor | 开始获取商品:1007173826384、991935831793、962746907189、812514770228、907762599791、990409899841、1013037690222、889385901298、1025513853144、969366546749、979396013303、875034473523、590591825369、894936744591、895285249007、970715744477、903636127402、741922490714、776195311997、811139889293的基本信息
2026-04-07 06:30:53,376 | INFO | ali1688_goods_monitor | ⏳ 等待点击【开始查询】并捕获 offerSearch 接口...
2026-04-07 06:30:53,692 | INFO | ali1688_goods_monitor | 商品列表返回码: 200
2026-04-07 06:30:53,693 | INFO | ali1688_goods_monitor | 🚀 开始捕获商品数据，共 19 个商品
2026-04-07 06:30:53,693 | INFO | ali1688_goods_monitor | ✅ 商品基本信息捕获完成，总耗时: 0.00秒
2026-04-07 06:30:53,693 | INFO | ali1688_goods_monitor |    - 商品数: 19
2026-04-07 06:30:53,694 | INFO | ali1688_goods_monitor | ✅ 第 2 批完成，获取到 19 个商品，0 个SKU
2026-04-07 06:30:53,694 | INFO | ali1688_goods_monitor | 📋 第 2 批商品信息:
2026-04-07 06:30:53,694 | INFO | ali1688_goods_monitor |   1. 商品ID: 741922490714, 店铺: 汕头市俏娃玩具有限公司, SKU数: 2
2026-04-07 06:30:53,695 | INFO | ali1688_goods_monitor |   2. 商品ID: 991935831793, 店铺: 温州市鑫筱贸易有限公司, SKU数: 3
2026-04-07 06:30:53,695 | INFO | ali1688_goods_monitor |   3. 商品ID: 969366546749, 店铺: 汕头市澄海区启超玩具厂, SKU数: 1
2026-04-07 06:30:53,695 | INFO | ali1688_goods_monitor |   4. 商品ID: 990409899841, 店铺: 汕头市澄海区泰旭玩具厂, SKU数: 1
2026-04-07 06:30:53,695 | INFO | ali1688_goods_monitor |   5. 商品ID: 776195311997, 店铺: 汕头市澄海区讴艺玩具厂, SKU数: 1
2026-04-07 06:30:53,696 | INFO | ali1688_goods_monitor |   6. 商品ID: 812514770228, 店铺: 汕头市澄海区栩之羿贸易商行, SKU数: 2
2026-04-07 06:30:53,696 | INFO | ali1688_goods_monitor |   7. 商品ID: 875034473523, 店铺: 汕头市澄海区童积玩具厂, SKU数: 3
2026-04-07 06:30:53,696 | INFO | ali1688_goods_monitor |   8. 商品ID: 903636127402, 店铺: 义乌市君玖商贸有限公司, SKU数: 3
2026-04-07 06:30:53,697 | INFO | ali1688_goods_monitor |   9. 商品ID: 889385901298, 店铺: 汕头市欧切勒切电子商务有限公司, SKU数: 3
2026-04-07 06:30:53,697 | INFO | ali1688_goods_monitor |   10. 商品ID: 1013037690222, 店铺: 潮州市湘桥区星赫玩具厂(个体工商户), SKU数: 1
2026-04-07 06:30:53,697 | INFO | ali1688_goods_monitor |   11. 商品ID: 979396013303, 店铺: 汕头市澄海区很多人玩具商行, SKU数: 1
2026-04-07 06:30:53,697 | INFO | ali1688_goods_monitor |   12. 商品ID: 962746907189, 店铺: 汕头市龙湖区熹萌喵玩具厂, SKU数: 4
2026-04-07 06:30:53,698 | INFO | ali1688_goods_monitor |   13. 商品ID: 907762599791, 店铺: 汕头市澄海区彩帆玩具厂, SKU数: 10
2026-04-07 06:30:53,698 | INFO | ali1688_goods_monitor |   14. 商品ID: 1025513853144, 店铺: 汕头市澄海区萌灵娃玩具厂, SKU数: 8
2026-04-07 06:30:53,698 | INFO | ali1688_goods_monitor |   15. 商品ID: 895285249007, 店铺: 汕头市澄海区雅尚腾玩具厂(个体工商户), SKU数: 36
2026-04-07 06:30:53,699 | INFO | ali1688_goods_monitor |   16. 商品ID: 894936744591, 店铺: 汕头市澄海区闹闹的玩具商行, SKU数: 16
2026-04-07 06:30:53,699 | INFO | ali1688_goods_monitor |   17. 商品ID: 590591825369, 店铺: 广州市鑫龙动漫玩具有限公司, SKU数: 22
2026-04-07 06:30:53,699 | INFO | ali1688_goods_monitor |   18. 商品ID: 970715744477, 店铺: 汕头市澄海区永志玩具商行, SKU数: 1
2026-04-07 06:30:53,700 | INFO | ali1688_goods_monitor |   19. 商品ID: 811139889293, 店铺: 义乌市孟享贸易有限公司, SKU数: 8
2026-04-07 06:30:53,783 | INFO | ali1688_goods_monitor | 💾 第2/14批：已保存 19 个商品到数据库
2026-04-07 06:30:53,783 | INFO | ali1688_goods_monitor | ⏸️  随机暂停 4.7 秒...
2026-04-07 06:30:58,467 | INFO | ali1688_goods_monitor | 🔄 刷新页面，准备处理第 3 批...
2026-04-07 06:31:04,758 | INFO | ali1688_goods_monitor | 🔍 处理第 3/14 批，共 20 个商品
2026-04-07 06:31:04,759 | INFO | ali1688_goods_monitor | 📋 商品ID: 950726478383、970377098770、1000398364752、628617576125、998051010590、856805654657、677709968233、992071730825、799083276279、976178977054、902961760235、900967422750、994662909434、681658732090、847794753111、992251601092、951035484615、826873938709、677301391721、847495122732
2026-04-07 06:31:04,763 | INFO | ali1688_goods_monitor | 🧩 选择搜索方式: 商品ID
2026-04-07 06:31:05,233 | INFO | ali1688_goods_monitor | 搜索的商品id是:950726478383、970377098770、1000398364752、628617576125、998051010590、856805654657、677709968233、992071730825、799083276279、976178977054、902961760235、900967422750、994662909434、681658732090、847794753111、992251601092、951035484615、826873938709、677301391721、847495122732
2026-04-07 06:31:06,331 | INFO | ali1688_goods_monitor | ✅ 第 3 批筛选条件已设置
2026-04-07 06:31:09,350 | INFO | ali1688_goods_monitor | 开始获取商品:950726478383、970377098770、1000398364752、628617576125、998051010590、856805654657、677709968233、992071730825、799083276279、976178977054、902961760235、900967422750、994662909434、681658732090、847794753111、992251601092、951035484615、826873938709、677301391721、847495122732的基本信息
2026-04-07 06:31:09,351 | INFO | ali1688_goods_monitor | ⏳ 等待点击【开始查询】并捕获 offerSearch 接口...
2026-04-07 06:31:09,666 | INFO | ali1688_goods_monitor | 商品列表返回码: 200
2026-04-07 06:31:09,666 | INFO | ali1688_goods_monitor | 🚀 开始捕获商品数据，共 20 个商品
2026-04-07 06:31:09,667 | INFO | ali1688_goods_monitor | ✅ 商品基本信息捕获完成，总耗时: 0.00秒
2026-04-07 06:31:09,668 | INFO | ali1688_goods_monitor |    - 商品数: 20
2026-04-07 06:31:09,668 | INFO | ali1688_goods_monitor | ✅ 第 3 批完成，获取到 20 个商品，0 个SKU
2026-04-07 06:31:09,668 | INFO | ali1688_goods_monitor | 📋 第 3 批商品信息:
2026-04-07 06:31:09,668 | INFO | ali1688_goods_monitor |   1. 商品ID: 677301391721, 店铺: 汕头市澄海区海棠玩具厂, SKU数: 5
2026-04-07 06:31:09,668 | INFO | ali1688_goods_monitor |   2. 商品ID: 847794753111, 店铺: 汕头市龙湖区熹萌喵玩具厂, SKU数: 4
2026-04-07 06:31:09,668 | INFO | ali1688_goods_monitor |   3. 商品ID: 951035484615, 店铺: 汕头市创爱旺科技有限公司, SKU数: 29
2026-04-07 06:31:09,668 | INFO | ali1688_goods_monitor |   4. 商品ID: 826873938709, 店铺: 汕头市森漫贸易有限公司, SKU数: 1
2026-04-07 06:31:09,669 | INFO | ali1688_goods_monitor |   5. 商品ID: 976178977054, 店铺: 汕头市玩物社科技有限公司, SKU数: 5
2026-04-07 06:31:09,669 | INFO | ali1688_goods_monitor |   6. 商品ID: 994662909434, 店铺: 义乌市麦贤电子商务商行, SKU数: 3
2026-04-07 06:31:09,669 | INFO | ali1688_goods_monitor |   7. 商品ID: 856805654657, 店铺: 汕头市龙湖区熹萌喵玩具厂, SKU数: 1
2026-04-07 06:31:09,669 | INFO | ali1688_goods_monitor |   8. 商品ID: 902961760235, 店铺: 汕头市龙湖区熹萌喵玩具厂, SKU数: 4
2026-04-07 06:31:09,669 | INFO | ali1688_goods_monitor |   9. 商品ID: 998051010590, 店铺: 汕头市盛星达体育用品有限公司, SKU数: 4
2026-04-07 06:31:09,669 | INFO | ali1688_goods_monitor |   10. 商品ID: 992251601092, 店铺: 义乌市纯亿供应链管理服务有限公司, SKU数: 3
2026-04-07 06:31:09,670 | INFO | ali1688_goods_monitor |   11. 商品ID: 628617576125, 店铺: 汕头市俏娃玩具有限公司, SKU数: 5
2026-04-07 06:31:09,670 | INFO | ali1688_goods_monitor |   12. 商品ID: 970377098770, 店铺: 汕头市澄海区贝欣达玩具厂, SKU数: 37
2026-04-07 06:31:09,670 | INFO | ali1688_goods_monitor |   13. 商品ID: 1000398364752, 店铺: 义乌市芝麻开门玩具有限公司, SKU数: 4
2026-04-07 06:31:09,670 | INFO | ali1688_goods_monitor |   14. 商品ID: 677709968233, 店铺: 广东佰思玩具有限公司, SKU数: 5
2026-04-07 06:31:09,670 | INFO | ali1688_goods_monitor |   15. 商品ID: 900967422750, 店铺: 汕头市澄海区越来越聪明玩具厂, SKU数: 22
2026-04-07 06:31:09,670 | INFO | ali1688_goods_monitor |   16. 商品ID: 847495122732, 店铺: 汕头市龙湖区熹萌喵玩具厂, SKU数: 3
2026-04-07 06:31:09,670 | INFO | ali1688_goods_monitor |   17. 商品ID: 950726478383, 店铺: 汕头市澄海区美贝斯玩具商行, SKU数: 13
2026-04-07 06:31:09,671 | INFO | ali1688_goods_monitor |   18. 商品ID: 799083276279, 店铺: 汕头市澄海区米可玩具商行, SKU数: 3
2026-04-07 06:31:09,671 | INFO | ali1688_goods_monitor |   19. 商品ID: 681658732090, 店铺: 深圳金喜来电子股份有限公司, SKU数: 1
2026-04-07 06:31:09,671 | INFO | ali1688_goods_monitor |   20. 商品ID: 992071730825, 店铺: 深圳市粤加大玩具有限公司, SKU数: 3
2026-04-07 06:31:09,767 | INFO | ali1688_goods_monitor | 💾 第3/14批：已保存 20 个商品到数据库
2026-04-07 06:31:09,767 | INFO | ali1688_goods_monitor | ⏸️  随机暂停 6.1 秒...
2026-04-07 06:31:15,896 | INFO | ali1688_goods_monitor | 🔄 刷新页面，准备处理第 4 批...
2026-04-07 06:31:22,173 | INFO | ali1688_goods_monitor | 🔍 处理第 4/14 批，共 20 个商品
2026-04-07 06:31:22,174 | INFO | ali1688_goods_monitor | 📋 商品ID: 899704194303、1007062397648、1000255776437、898439171537、43695296576、956573560393、902473655388、890654399053、979471208168、996059989352、840249263873、873614306333、702199084381、746411095420、703551244918、832304702315、950670074468、789633522584、890407614753、999142031933
2026-04-07 06:31:22,179 | INFO | ali1688_goods_monitor | 🧩 选择搜索方式: 商品ID
2026-04-07 06:31:22,681 | INFO | ali1688_goods_monitor | 搜索的商品id是:899704194303、1007062397648、1000255776437、898439171537、43695296576、956573560393、902473655388、890654399053、979471208168、996059989352、840249263873、873614306333、702199084381、746411095420、703551244918、832304702315、950670074468、789633522584、890407614753、999142031933
2026-04-07 06:31:23,834 | INFO | ali1688_goods_monitor | ✅ 第 4 批筛选条件已设置
2026-04-07 06:31:26,845 | INFO | ali1688_goods_monitor | 开始获取商品:899704194303、1007062397648、1000255776437、898439171537、43695296576、956573560393、902473655388、890654399053、979471208168、996059989352、840249263873、873614306333、702199084381、746411095420、703551244918、832304702315、950670074468、789633522584、890407614753、999142031933的基本信息
2026-04-07 06:31:26,846 | INFO | ali1688_goods_monitor | ⏳ 等待点击【开始查询】并捕获 offerSearch 接口...
2026-04-07 06:31:27,186 | INFO | ali1688_goods_monitor | 商品列表返回码: 200
2026-04-07 06:31:27,186 | INFO | ali1688_goods_monitor | 🚀 开始捕获商品数据，共 20 个商品
2026-04-07 06:31:27,188 | INFO | ali1688_goods_monitor | ✅ 商品基本信息捕获完成，总耗时: 0.00秒
2026-04-07 06:31:27,190 | INFO | ali1688_goods_monitor |    - 商品数: 20
2026-04-07 06:31:27,190 | INFO | ali1688_goods_monitor | ✅ 第 4 批完成，获取到 20 个商品，0 个SKU
2026-04-07 06:31:27,191 | INFO | ali1688_goods_monitor | 📋 第 4 批商品信息:
2026-04-07 06:31:27,191 | INFO | ali1688_goods_monitor |   1. 商品ID: 1000255776437, 店铺: 义乌市屿团电子商务商行, SKU数: 3
2026-04-07 06:31:27,191 | INFO | ali1688_goods_monitor |   2. 商品ID: 902473655388, 店铺: 汕头市龙湖区熹萌喵玩具厂, SKU数: 1
2026-04-07 06:31:27,192 | INFO | ali1688_goods_monitor |   3. 商品ID: 899704194303, 店铺: 汕头市澄海区孩艺宝玩具厂, SKU数: 12
2026-04-07 06:31:27,192 | INFO | ali1688_goods_monitor |   4. 商品ID: 873614306333, 店铺: 汕头市俏娃玩具有限公司, SKU数: 5
2026-04-07 06:31:27,192 | INFO | ali1688_goods_monitor |   5. 商品ID: 840249263873, 店铺: 汕头市嬉游记玩具有限公司, SKU数: 8
2026-04-07 06:31:27,193 | INFO | ali1688_goods_monitor |   6. 商品ID: 703551244918, 店铺: 汕头市澄海区米可玩具商行, SKU数: 3
2026-04-07 06:31:27,193 | INFO | ali1688_goods_monitor |   7. 商品ID: 898439171537, 店铺: 汕头市龙湖区熹萌喵玩具厂, SKU数: 14
2026-04-07 06:31:27,193 | INFO | ali1688_goods_monitor |   8. 商品ID: 789633522584, 店铺: 汕头市澄海区乐涵玩具厂, SKU数: 1
2026-04-07 06:31:27,193 | INFO | ali1688_goods_monitor |   9. 商品ID: 956573560393, 店铺: 汕头市澄海区巧新玩具厂, SKU数: 3
2026-04-07 06:31:27,193 | INFO | ali1688_goods_monitor |   10. 商品ID: 890654399053, 店铺: 汕头市澄海区悦优佳玩具厂, SKU数: 22
2026-04-07 06:31:27,193 | INFO | ali1688_goods_monitor |   11. 商品ID: 999142031933, 店铺: 深圳金喜来电子股份有限公司, SKU数: 1
2026-04-07 06:31:27,194 | INFO | ali1688_goods_monitor |   12. 商品ID: 996059989352, 店铺: 义乌市海潭商贸有限公司, SKU数: 3
2026-04-07 06:31:27,194 | INFO | ali1688_goods_monitor |   13. 商品ID: 950670074468, 店铺: 汕头市澄海区雅尚腾玩具厂(个体工商户), SKU数: 36
2026-04-07 06:31:27,194 | INFO | ali1688_goods_monitor |   14. 商品ID: 1007062397648, 店铺: 汕头市澄海区坤铄玩具厂, SKU数: 4
2026-04-07 06:31:27,194 | INFO | ali1688_goods_monitor |   15. 商品ID: 832304702315, 店铺: 广东佰思玩具有限公司, SKU数: 5
2026-04-07 06:31:27,194 | INFO | ali1688_goods_monitor |   16. 商品ID: 890407614753, 店铺: 汕头市澄海区萌董乐玩具厂, SKU数: 17
2026-04-07 06:31:27,194 | INFO | ali1688_goods_monitor |   17. 商品ID: 702199084381, 店铺: 汕头市澄海区实琪玩具有限公司, SKU数: 21
2026-04-07 06:31:27,195 | INFO | ali1688_goods_monitor |   18. 商品ID: 43695296576, 店铺: 汕头市澄海区豪达玩具有限公司, SKU数: 2
2026-04-07 06:31:27,195 | INFO | ali1688_goods_monitor |   19. 商品ID: 746411095420, 店铺: 汕头市龙湖区宝乐喜玩具商行, SKU数: 6
2026-04-07 06:31:27,195 | INFO | ali1688_goods_monitor |   20. 商品ID: 979471208168, 店铺: 汕头市澄海区淘琪宝玩具厂, SKU数: 1
2026-04-07 06:31:27,303 | INFO | ali1688_goods_monitor | 💾 第4/14批：已保存 20 个商品到数据库
2026-04-07 06:31:27,304 | INFO | ali1688_goods_monitor | ⏸️  随机暂停 6.2 秒...
2026-04-07 06:31:33,551 | INFO | ali1688_goods_monitor | 🔄 刷新页面，准备处理第 5 批...
2026-04-07 06:31:39,843 | INFO | ali1688_goods_monitor | 🔍 处理第 5/14 批，共 20 个商品
2026-04-07 06:31:39,844 | INFO | ali1688_goods_monitor | 📋 商品ID: 859584630627、1009966785995、985206853035、991070192317、927205288673、950658287741、993465198242、998859559585、992800642545、990618054916、652994949606、873771926327、970542473882、836899798919、928580021030、852501307622、632300625030、853399095646、671840552108、975762015590
2026-04-07 06:31:39,851 | INFO | ali1688_goods_monitor | 🧩 选择搜索方式: 商品ID
2026-04-07 06:31:40,317 | INFO | ali1688_goods_monitor | 搜索的商品id是:859584630627、1009966785995、985206853035、991070192317、927205288673、950658287741、993465198242、998859559585、992800642545、990618054916、652994949606、873771926327、970542473882、836899798919、928580021030、852501307622、632300625030、853399095646、671840552108、975762015590
2026-04-07 06:31:41,400 | INFO | ali1688_goods_monitor | ✅ 第 5 批筛选条件已设置
2026-04-07 06:31:44,410 | INFO | ali1688_goods_monitor | 开始获取商品:859584630627、1009966785995、985206853035、991070192317、927205288673、950658287741、993465198242、998859559585、992800642545、990618054916、652994949606、873771926327、970542473882、836899798919、928580021030、852501307622、632300625030、853399095646、671840552108、975762015590的基本信息
2026-04-07 06:31:44,411 | INFO | ali1688_goods_monitor | ⏳ 等待点击【开始查询】并捕获 offerSearch 接口...
2026-04-07 06:31:44,833 | INFO | ali1688_goods_monitor | 商品列表返回码: 200
2026-04-07 06:31:44,834 | INFO | ali1688_goods_monitor | 🚀 开始捕获商品数据，共 20 个商品
2026-04-07 06:31:44,834 | INFO | ali1688_goods_monitor | ✅ 商品基本信息捕获完成，总耗时: 0.00秒
2026-04-07 06:31:44,835 | INFO | ali1688_goods_monitor |    - 商品数: 20
2026-04-07 06:31:44,835 | INFO | ali1688_goods_monitor | ✅ 第 5 批完成，获取到 20 个商品，0 个SKU
2026-04-07 06:31:44,835 | INFO | ali1688_goods_monitor | 📋 第 5 批商品信息:
2026-04-07 06:31:44,835 | INFO | ali1688_goods_monitor |   1. 商品ID: 993465198242, 店铺: 汕头市铭立玩具有限公司, SKU数: 7
2026-04-07 06:31:44,835 | INFO | ali1688_goods_monitor |   2. 商品ID: 859584630627, 店铺: 汕头市龙湖区熹萌喵玩具厂, SKU数: 4
2026-04-07 06:31:44,835 | INFO | ali1688_goods_monitor |   3. 商品ID: 975762015590, 店铺: 汕头市澄海区小筑班五金玩具厂, SKU数: 6
2026-04-07 06:31:44,836 | INFO | ali1688_goods_monitor |   4. 商品ID: 1009966785995, 店铺: 汕头市恒达星玩具有限公司, SKU数: 4
2026-04-07 06:31:44,836 | INFO | ali1688_goods_monitor |   5. 商品ID: 992800642545, 店铺: 汕头市盛星达体育用品有限公司, SKU数: 3
2026-04-07 06:31:44,836 | INFO | ali1688_goods_monitor |   6. 商品ID: 991070192317, 店铺: 汕头市澄海区神宥玩具厂(个体工商户), SKU数: 11
2026-04-07 06:31:44,836 | INFO | ali1688_goods_monitor |   7. 商品ID: 998859559585, 店铺: 汕头市澄海区坤铄玩具厂, SKU数: 11
2026-04-07 06:31:44,836 | INFO | ali1688_goods_monitor |   8. 商品ID: 852501307622, 店铺: 汕头市俏娃玩具有限公司, SKU数: 1
2026-04-07 06:31:44,836 | INFO | ali1688_goods_monitor |   9. 商品ID: 927205288673, 店铺: 汕头市龙湖区熹萌喵玩具厂, SKU数: 4
2026-04-07 06:31:44,837 | INFO | ali1688_goods_monitor |   10. 商品ID: 985206853035, 店铺: 汕头市澄海区金颖玩具厂, SKU数: 2
2026-04-07 06:31:44,837 | INFO | ali1688_goods_monitor |   11. 商品ID: 990618054916, 店铺: 妆链时代（深圳）科技有限公司, SKU数: 3
2026-04-07 06:31:44,837 | INFO | ali1688_goods_monitor |   12. 商品ID: 873771926327, 店铺: 汕头市澄海区酷乐孩玩具厂, SKU数: 34
2026-04-07 06:31:44,837 | INFO | ali1688_goods_monitor |   13. 商品ID: 853399095646, 店铺: 汕头市嬉游记玩具有限公司, SKU数: 15
2026-04-07 06:31:44,837 | INFO | ali1688_goods_monitor |   14. 商品ID: 671840552108, 店铺: 汕头市澄海区华迪锋玩具厂, SKU数: 8
2026-04-07 06:31:44,837 | INFO | ali1688_goods_monitor |   15. 商品ID: 836899798919, 店铺: 惠州市康雅充气玩具有限公司, SKU数: 9
2026-04-07 06:31:44,839 | INFO | ali1688_goods_monitor |   16. 商品ID: 950658287741, 店铺: 汕头市澄海区三只老鼠玩具厂, SKU数: 18
2026-04-07 06:31:44,839 | INFO | ali1688_goods_monitor |   17. 商品ID: 928580021030, 店铺: 汕头市嬉游记玩具有限公司, SKU数: 2
2026-04-07 06:31:44,839 | INFO | ali1688_goods_monitor |   18. 商品ID: 652994949606, 店铺: 汕头市俏娃玩具有限公司, SKU数: 4
2026-04-07 06:31:44,840 | INFO | ali1688_goods_monitor |   19. 商品ID: 970542473882, 店铺: 汕头市嬉游记玩具有限公司, SKU数: 5
2026-04-07 06:31:44,840 | INFO | ali1688_goods_monitor |   20. 商品ID: 632300625030, 店铺: 汕头市俏娃玩具有限公司, SKU数: 1
2026-04-07 06:31:44,937 | INFO | ali1688_goods_monitor | 💾 第5/14批：已保存 20 个商品到数据库
2026-04-07 06:31:44,938 | INFO | ali1688_goods_monitor | ⏸️  随机暂停 4.2 秒...
2026-04-07 06:31:49,182 | INFO | ali1688_goods_monitor | 🔄 刷新页面，准备处理第 6 批...
2026-04-07 06:31:55,486 | INFO | ali1688_goods_monitor | 🔍 处理第 6/14 批，共 20 个商品
2026-04-07 06:31:55,486 | INFO | ali1688_goods_monitor | 📋 商品ID: 994237964153、847990628509、962546716755、854253039240、662598267674、978651830599、692940339011、993354315037、895439014120、997795598539、1037735891255、849820903779、729749403422、948334688543、746416939989、930446969722、991823064917、621865712164、847781001778、864653527961
2026-04-07 06:31:55,490 | INFO | ali1688_goods_monitor | 🧩 选择搜索方式: 商品ID
2026-04-07 06:31:55,947 | INFO | ali1688_goods_monitor | 搜索的商品id是:994237964153、847990628509、962546716755、854253039240、662598267674、978651830599、692940339011、993354315037、895439014120、997795598539、1037735891255、849820903779、729749403422、948334688543、746416939989、930446969722、991823064917、621865712164、847781001778、864653527961
2026-04-07 06:31:57,087 | INFO | ali1688_goods_monitor | ✅ 第 6 批筛选条件已设置
2026-04-07 06:32:00,090 | INFO | ali1688_goods_monitor | 开始获取商品:994237964153、847990628509、962546716755、854253039240、662598267674、978651830599、692940339011、993354315037、895439014120、997795598539、1037735891255、849820903779、729749403422、948334688543、746416939989、930446969722、991823064917、621865712164、847781001778、864653527961的基本信息
2026-04-07 06:32:00,090 | INFO | ali1688_goods_monitor | ⏳ 等待点击【开始查询】并捕获 offerSearch 接口...
2026-04-07 06:32:00,401 | INFO | ali1688_goods_monitor | 商品列表返回码: 200
2026-04-07 06:32:00,402 | INFO | ali1688_goods_monitor | 🚀 开始捕获商品数据，共 19 个商品
2026-04-07 06:32:00,402 | INFO | ali1688_goods_monitor | ✅ 商品基本信息捕获完成，总耗时: 0.00秒
2026-04-07 06:32:00,403 | INFO | ali1688_goods_monitor |    - 商品数: 19
2026-04-07 06:32:00,403 | INFO | ali1688_goods_monitor | ✅ 第 6 批完成，获取到 19 个商品，0 个SKU
2026-04-07 06:32:00,404 | INFO | ali1688_goods_monitor | 📋 第 6 批商品信息:
2026-04-07 06:32:00,404 | INFO | ali1688_goods_monitor |   1. 商品ID: 895439014120, 店铺: 汕头市澄海区新创贸易商行, SKU数: 8
2026-04-07 06:32:00,404 | INFO | ali1688_goods_monitor |   2. 商品ID: 729749403422, 店铺: 珠海欣球格创科技有限公司, SKU数: 7
2026-04-07 06:32:00,405 | INFO | ali1688_goods_monitor |   3. 商品ID: 621865712164, 店铺: 汕头市俏娃玩具有限公司, SKU数: 8
2026-04-07 06:32:00,406 | INFO | ali1688_goods_monitor |   4. 商品ID: 994237964153, 店铺: 汕头市澄海区十意玩具厂, SKU数: 7
2026-04-07 06:32:00,406 | INFO | ali1688_goods_monitor |   5. 商品ID: 849820903779, 店铺: 汕头市龙湖区熹萌喵玩具厂, SKU数: 4
2026-04-07 06:32:00,406 | INFO | ali1688_goods_monitor |   6. 商品ID: 948334688543, 店铺: 汕头市澄海区超慧丰贸易商行, SKU数: 22
2026-04-07 06:32:00,406 | INFO | ali1688_goods_monitor |   7. 商品ID: 993354315037, 店铺: 汕头市澄海区奥维玩具厂, SKU数: 11
2026-04-07 06:32:00,406 | INFO | ali1688_goods_monitor |   8. 商品ID: 930446969722, 店铺: 汕头市俏娃玩具有限公司, SKU数: 2
2026-04-07 06:32:00,407 | INFO | ali1688_goods_monitor |   9. 商品ID: 864653527961, 店铺: 汕头市迪利嘉科技有限公司, SKU数: 1
2026-04-07 06:32:00,407 | INFO | ali1688_goods_monitor |   10. 商品ID: 746416939989, 店铺: 李楚平, SKU数: 2
2026-04-07 06:32:00,407 | INFO | ali1688_goods_monitor |   11. 商品ID: 997795598539, 店铺: 汕头市盛星达体育用品有限公司, SKU数: 3
2026-04-07 06:32:00,407 | INFO | ali1688_goods_monitor |   12. 商品ID: 662598267674, 店铺: 汕头市俏娃玩具有限公司, SKU数: 4
2026-04-07 06:32:00,407 | INFO | ali1688_goods_monitor |   13. 商品ID: 978651830599, 店铺: 义乌市紫戈玩具有限公司, SKU数: 2
2026-04-07 06:32:00,407 | INFO | ali1688_goods_monitor |   14. 商品ID: 847781001778, 店铺: 汕头市龙湖区熹萌喵玩具厂, SKU数: 4
2026-04-07 06:32:00,408 | INFO | ali1688_goods_monitor |   15. 商品ID: 847990628509, 店铺: 汕头市龙湖区熹萌喵玩具厂, SKU数: 8
2026-04-07 06:32:00,408 | INFO | ali1688_goods_monitor |   16. 商品ID: 991823064917, 店铺: 汕头市澄海区都说好玩具商行, SKU数: 8
2026-04-07 06:32:00,408 | INFO | ali1688_goods_monitor |   17. 商品ID: 692940339011, 店铺: 汕头市澄海区商裕玩具商行, SKU数: 3
2026-04-07 06:32:00,408 | INFO | ali1688_goods_monitor |   18. 商品ID: 962546716755, 店铺: 汕头市澄海区淘琪宝玩具厂, SKU数: 3
2026-04-07 06:32:00,408 | INFO | ali1688_goods_monitor |   19. 商品ID: 854253039240, 店铺: 汕头市嬉游记玩具有限公司, SKU数: 2
2026-04-07 06:32:00,504 | INFO | ali1688_goods_monitor | 💾 第6/14批：已保存 19 个商品到数据库
2026-04-07 06:32:00,504 | INFO | ali1688_goods_monitor | ⏸️  随机暂停 4.4 秒...
2026-04-07 06:32:04,871 | INFO | ali1688_goods_monitor | 🔄 刷新页面，准备处理第 7 批...
2026-04-07 06:32:11,100 | INFO | ali1688_goods_monitor | 🔍 处理第 7/14 批，共 20 个商品
2026-04-07 06:32:11,101 | INFO | ali1688_goods_monitor | 📋 商品ID: 995364912374、811638208514、952611726643、915854311158、985998626047、924140770781、986179889619、999860867159、675880303102、997359995216、991467576950、813592780236、920664381969、926941651375、847784309788、991699553836、848195784663、773383798724、1006668462460、917143716667
2026-04-07 06:32:11,107 | INFO | ali1688_goods_monitor | 🧩 选择搜索方式: 商品ID
2026-04-07 06:32:11,597 | INFO | ali1688_goods_monitor | 搜索的商品id是:995364912374、811638208514、952611726643、915854311158、985998626047、924140770781、986179889619、999860867159、675880303102、997359995216、991467576950、813592780236、920664381969、926941651375、847784309788、991699553836、848195784663、773383798724、1006668462460、917143716667
2026-04-07 06:32:12,738 | INFO | ali1688_goods_monitor | ✅ 第 7 批筛选条件已设置
2026-04-07 06:32:15,741 | INFO | ali1688_goods_monitor | 开始获取商品:995364912374、811638208514、952611726643、915854311158、985998626047、924140770781、986179889619、999860867159、675880303102、997359995216、991467576950、813592780236、920664381969、926941651375、847784309788、991699553836、848195784663、773383798724、1006668462460、917143716667的基本信息
2026-04-07 06:32:15,742 | INFO | ali1688_goods_monitor | ⏳ 等待点击【开始查询】并捕获 offerSearch 接口...
2026-04-07 06:32:16,067 | INFO | ali1688_goods_monitor | 商品列表返回码: 200
2026-04-07 06:32:16,068 | INFO | ali1688_goods_monitor | 🚀 开始捕获商品数据，共 19 个商品
2026-04-07 06:32:16,068 | INFO | ali1688_goods_monitor | ✅ 商品基本信息捕获完成，总耗时: 0.00秒
2026-04-07 06:32:16,069 | INFO | ali1688_goods_monitor |    - 商品数: 19
2026-04-07 06:32:16,069 | INFO | ali1688_goods_monitor | ✅ 第 7 批完成，获取到 19 个商品，0 个SKU
2026-04-07 06:32:16,069 | INFO | ali1688_goods_monitor | 📋 第 7 批商品信息:
2026-04-07 06:32:16,069 | INFO | ali1688_goods_monitor |   1. 商品ID: 1006668462460, 店铺: 汕头市澄海区美迪电器厂(个体工商户), SKU数: 12
2026-04-07 06:32:16,070 | INFO | ali1688_goods_monitor |   2. 商品ID: 915854311158, 店铺: 汕头市龙湖区熹萌喵玩具厂, SKU数: 5
2026-04-07 06:32:16,070 | INFO | ali1688_goods_monitor |   3. 商品ID: 773383798724, 店铺: 汕头市澄海区优比比玩具商行, SKU数: 10
2026-04-07 06:32:16,070 | INFO | ali1688_goods_monitor |   4. 商品ID: 924140770781, 店铺: 义乌市圣泽文化用品有限公司, SKU数: 2
2026-04-07 06:32:16,070 | INFO | ali1688_goods_monitor |   5. 商品ID: 675880303102, 店铺: 深圳巨变科技有限公司, SKU数: 1
2026-04-07 06:32:16,071 | INFO | ali1688_goods_monitor |   6. 商品ID: 997359995216, 店铺: 汕头市盛缔歆贸易有限公司, SKU数: 4
2026-04-07 06:32:16,072 | INFO | ali1688_goods_monitor |   7. 商品ID: 952611726643, 店铺: 汕头市嬉游记玩具有限公司, SKU数: 2
2026-04-07 06:32:16,072 | INFO | ali1688_goods_monitor |   8. 商品ID: 926941651375, 店铺: 汕头市龙湖区熹萌喵玩具厂, SKU数: 10
2026-04-07 06:32:16,072 | INFO | ali1688_goods_monitor |   9. 商品ID: 986179889619, 店铺: 汕头市澄海区来得玩具厂, SKU数: 3
2026-04-07 06:32:16,073 | INFO | ali1688_goods_monitor |   10. 商品ID: 985998626047, 店铺: 汕头澄海区莱鑫益益智玩具商行, SKU数: 4
2026-04-07 06:32:16,073 | INFO | ali1688_goods_monitor |   11. 商品ID: 999860867159, 店铺: 汕头市盛缔歆贸易有限公司, SKU数: 1
2026-04-07 06:32:16,073 | INFO | ali1688_goods_monitor |   12. 商品ID: 995364912374, 店铺: 义乌市绘屿电子商务商行, SKU数: 3
2026-04-07 06:32:16,073 | INFO | ali1688_goods_monitor |   13. 商品ID: 848195784663, 店铺: 汕头市龙湖区熹萌喵玩具厂, SKU数: 6
2026-04-07 06:32:16,074 | INFO | ali1688_goods_monitor |   14. 商品ID: 811638208514, 店铺: 汕头市澄海区轮转玩具商行, SKU数: 3
2026-04-07 06:32:16,074 | INFO | ali1688_goods_monitor |   15. 商品ID: 991467576950, 店铺: 汕头市澄海区罗森丰贸易商行, SKU数: 40
2026-04-07 06:32:16,074 | INFO | ali1688_goods_monitor |   16. 商品ID: 813592780236, 店铺: 邗江区软萌佳品玩具商行, SKU数: 2
2026-04-07 06:32:16,075 | INFO | ali1688_goods_monitor |   17. 商品ID: 920664381969, 店铺: 义乌市艺可玩具有限公司, SKU数: 4
2026-04-07 06:32:16,075 | INFO | ali1688_goods_monitor |   18. 商品ID: 847784309788, 店铺: 汕头市龙湖区熹萌喵玩具厂, SKU数: 2
2026-04-07 06:32:16,075 | INFO | ali1688_goods_monitor |   19. 商品ID: 917143716667, 店铺: 汕头市龙湖区熹萌喵玩具厂, SKU数: 4
2026-04-07 06:32:16,156 | INFO | ali1688_goods_monitor | 💾 第7/14批：已保存 19 个商品到数据库
2026-04-07 06:32:16,156 | INFO | ali1688_goods_monitor | ⏸️  随机暂停 6.4 秒...
2026-04-07 06:32:22,540 | INFO | ali1688_goods_monitor | 🔄 刷新页面，准备处理第 8 批...
2026-04-07 06:32:29,804 | INFO | ali1688_goods_monitor | 🔍 处理第 8/14 批，共 20 个商品
2026-04-07 06:32:29,807 | INFO | ali1688_goods_monitor | 📋 商品ID: 833863806015、778105306124、1000261330427、990374779412、678640196785、855494409051、695065852792、973730524327、969889694254、854773109889、662629659424、1001253412551、796066732390、968025059447、983142383790、918745003737、989391144530、1039821084728、903214944988、909894706445
2026-04-07 06:32:29,815 | INFO | ali1688_goods_monitor | 🧩 选择搜索方式: 商品ID
2026-04-07 06:32:30,319 | INFO | ali1688_goods_monitor | 搜索的商品id是:833863806015、778105306124、1000261330427、990374779412、678640196785、855494409051、695065852792、973730524327、969889694254、854773109889、662629659424、1001253412551、796066732390、968025059447、983142383790、918745003737、989391144530、1039821084728、903214944988、909894706445
2026-04-07 06:32:31,411 | INFO | ali1688_goods_monitor | ✅ 第 8 批筛选条件已设置
2026-04-07 06:32:34,413 | INFO | ali1688_goods_monitor | 开始获取商品:833863806015、778105306124、1000261330427、990374779412、678640196785、855494409051、695065852792、973730524327、969889694254、854773109889、662629659424、1001253412551、796066732390、968025059447、983142383790、918745003737、989391144530、1039821084728、903214944988、909894706445的基本信息
2026-04-07 06:32:34,414 | INFO | ali1688_goods_monitor | ⏳ 等待点击【开始查询】并捕获 offerSearch 接口...
2026-04-07 06:32:34,734 | INFO | ali1688_goods_monitor | 商品列表返回码: 200
2026-04-07 06:32:34,734 | INFO | ali1688_goods_monitor | 🚀 开始捕获商品数据，共 20 个商品
2026-04-07 06:32:34,735 | INFO | ali1688_goods_monitor | ✅ 商品基本信息捕获完成，总耗时: 0.00秒
2026-04-07 06:32:34,735 | INFO | ali1688_goods_monitor |    - 商品数: 20
2026-04-07 06:32:34,736 | INFO | ali1688_goods_monitor | ✅ 第 8 批完成，获取到 20 个商品，0 个SKU
2026-04-07 06:32:34,736 | INFO | ali1688_goods_monitor | 📋 第 8 批商品信息:
2026-04-07 06:32:34,736 | INFO | ali1688_goods_monitor |   1. 商品ID: 662629659424, 店铺: 汕头市嬉游记玩具有限公司, SKU数: 4
2026-04-07 06:32:34,736 | INFO | ali1688_goods_monitor |   2. 商品ID: 1039821084728, 店铺: 义乌市怡芬日用品有限公司, SKU数: None
2026-04-07 06:32:34,736 | INFO | ali1688_goods_monitor |   3. 商品ID: 833863806015, 店铺: 潮州市博思玩具有限公司, SKU数: 5
2026-04-07 06:32:34,736 | INFO | ali1688_goods_monitor |   4. 商品ID: 796066732390, 店铺: 义乌市卡登电子商务有限公司, SKU数: 6
2026-04-07 06:32:34,736 | INFO | ali1688_goods_monitor |   5. 商品ID: 918745003737, 店铺: 深圳市栓云笙科技有限公司, SKU数: 6
2026-04-07 06:32:34,737 | INFO | ali1688_goods_monitor |   6. 商品ID: 968025059447, 店铺: 汕头市澄海区骇浪玩具商行（个体工商户）, SKU数: 6
2026-04-07 06:32:34,737 | INFO | ali1688_goods_monitor |   7. 商品ID: 969889694254, 店铺: 深圳市惠艺美玩具有限公司, SKU数: 27
2026-04-07 06:32:34,737 | INFO | ali1688_goods_monitor |   8. 商品ID: 990374779412, 店铺: 义乌市精卓工艺品有限公司, SKU数: 3
2026-04-07 06:32:34,737 | INFO | ali1688_goods_monitor |   9. 商品ID: 989391144530, 店铺: 汕头市澄海区罗森丰贸易商行, SKU数: 40
2026-04-07 06:32:34,737 | INFO | ali1688_goods_monitor |   10. 商品ID: 778105306124, 店铺: 林粉兰, SKU数: 1
2026-04-07 06:32:34,737 | INFO | ali1688_goods_monitor |   11. 商品ID: 983142383790, 店铺: 东莞市狂蜂狂蚁科技有限公司, SKU数: None
2026-04-07 06:32:34,737 | INFO | ali1688_goods_monitor |   12. 商品ID: 903214944988, 店铺: 汕头市澄海区汕澄批玩具商行, SKU数: 1
2026-04-07 06:32:34,738 | INFO | ali1688_goods_monitor |   13. 商品ID: 1000261330427, 店铺: 汕头市盛缔歆贸易有限公司, SKU数: 1
2026-04-07 06:32:34,740 | INFO | ali1688_goods_monitor |   14. 商品ID: 695065852792, 店铺: 汕头市澄海区川宇玩具厂, SKU数: 2
2026-04-07 06:32:34,740 | INFO | ali1688_goods_monitor |   15. 商品ID: 973730524327, 店铺: 汕头市乐与拾光玩具有限公司, SKU数: 11
2026-04-07 06:32:34,741 | INFO | ali1688_goods_monitor |   16. 商品ID: 854773109889, 店铺: 汕头市龙湖区熹萌喵玩具厂, SKU数: 1
2026-04-07 06:32:34,741 | INFO | ali1688_goods_monitor |   17. 商品ID: 1001253412551, 店铺: 汕头市澄海区贝晟玩具厂, SKU数: 7
2026-04-07 06:32:34,741 | INFO | ali1688_goods_monitor |   18. 商品ID: 909894706445, 店铺: 汕头市澄海区越来越聪明玩具厂, SKU数: 22
2026-04-07 06:32:34,742 | INFO | ali1688_goods_monitor |   19. 商品ID: 678640196785, 店铺: 汕头市澄海区实琪玩具有限公司, SKU数: 8
2026-04-07 06:32:34,742 | INFO | ali1688_goods_monitor |   20. 商品ID: 855494409051, 店铺: 汕头市龙湖区熹萌喵玩具厂, SKU数: 4
2026-04-07 06:32:34,779 | INFO | ali1688_goods_monitor |   📂 商品 1039821084728 类目变化:  -> 玩具>益智、科教玩具>积木类
2026-04-07 06:32:34,824 | INFO | ali1688_goods_monitor | 💾 第8/14批：已保存 20 个商品到数据库
2026-04-07 06:32:34,825 | INFO | ali1688_goods_monitor | ⏸️  随机暂停 4.7 秒...
2026-04-07 06:32:39,532 | INFO | ali1688_goods_monitor | 🔄 刷新页面，准备处理第 9 批...
2026-04-07 06:32:45,902 | INFO | ali1688_goods_monitor | 🔍 处理第 9/14 批，共 20 个商品
2026-04-07 06:32:45,902 | INFO | ali1688_goods_monitor | 📋 商品ID: 854420062122、653871136084、626387346293、984336119328、978648327291、834236928026、709904411964、847979472849、848295933948、939201456076、985101359570、900592605428、818121391220、668301084321、716733322460、955211708273、985879832920、847713406081、997742353743、906941705446
2026-04-07 06:32:45,907 | INFO | ali1688_goods_monitor | 🧩 选择搜索方式: 商品ID
2026-04-07 06:32:46,383 | INFO | ali1688_goods_monitor | 搜索的商品id是:854420062122、653871136084、626387346293、984336119328、978648327291、834236928026、709904411964、847979472849、848295933948、939201456076、985101359570、900592605428、818121391220、668301084321、716733322460、955211708273、985879832920、847713406081、997742353743、906941705446
2026-04-07 06:32:47,493 | INFO | ali1688_goods_monitor | ✅ 第 9 批筛选条件已设置
2026-04-07 06:32:50,494 | INFO | ali1688_goods_monitor | 开始获取商品:854420062122、653871136084、626387346293、984336119328、978648327291、834236928026、709904411964、847979472849、848295933948、939201456076、985101359570、900592605428、818121391220、668301084321、716733322460、955211708273、985879832920、847713406081、997742353743、906941705446的基本信息
2026-04-07 06:32:50,494 | INFO | ali1688_goods_monitor | ⏳ 等待点击【开始查询】并捕获 offerSearch 接口...
2026-04-07 06:32:50,839 | INFO | ali1688_goods_monitor | 商品列表返回码: 200
2026-04-07 06:32:50,840 | INFO | ali1688_goods_monitor | 🚀 开始捕获商品数据，共 19 个商品
2026-04-07 06:32:50,840 | INFO | ali1688_goods_monitor | ✅ 商品基本信息捕获完成，总耗时: 0.00秒
2026-04-07 06:32:50,841 | INFO | ali1688_goods_monitor |    - 商品数: 19
2026-04-07 06:32:50,841 | INFO | ali1688_goods_monitor | ✅ 第 9 批完成，获取到 19 个商品，0 个SKU
2026-04-07 06:32:50,841 | INFO | ali1688_goods_monitor | 📋 第 9 批商品信息:
2026-04-07 06:32:50,841 | INFO | ali1688_goods_monitor |   1. 商品ID: 854420062122, 店铺: 汕头市龙湖区熹萌喵玩具厂, SKU数: 12
2026-04-07 06:32:50,842 | INFO | ali1688_goods_monitor |   2. 商品ID: 997742353743, 店铺: 义乌市胤潭电子商务商行, SKU数: 3
2026-04-07 06:32:50,842 | INFO | ali1688_goods_monitor |   3. 商品ID: 939201456076, 店铺: 汕头市龙湖区熹萌喵玩具厂, SKU数: 7
2026-04-07 06:32:50,842 | INFO | ali1688_goods_monitor |   4. 商品ID: 818121391220, 店铺: 义乌市零号电子商务商行, SKU数: 7
2026-04-07 06:32:50,843 | INFO | ali1688_goods_monitor |   5. 商品ID: 955211708273, 店铺: 汕头市澄海区多美仕玩具厂, SKU数: 23
2026-04-07 06:32:50,843 | INFO | ali1688_goods_monitor |   6. 商品ID: 668301084321, 店铺: 深圳市铂瑞斯贸易有限公司, SKU数: 5
2026-04-07 06:32:50,843 | INFO | ali1688_goods_monitor |   7. 商品ID: 900592605428, 店铺: 汕头市龙湖区熹萌喵玩具厂, SKU数: 6
2026-04-07 06:32:50,844 | INFO | ali1688_goods_monitor |   8. 商品ID: 653871136084, 店铺: 汕头市未闻花名母婴用品有限公司, SKU数: 4
2026-04-07 06:32:50,844 | INFO | ali1688_goods_monitor |   9. 商品ID: 834236928026, 店铺: 深圳焦点创意电子科技发展有限公司, SKU数: 1
2026-04-07 06:32:50,844 | INFO | ali1688_goods_monitor |   10. 商品ID: 847713406081, 店铺: 汕头市龙湖区熹萌喵玩具厂, SKU数: 1
2026-04-07 06:32:50,845 | INFO | ali1688_goods_monitor |   11. 商品ID: 626387346293, 店铺: 汕头市嬉游记玩具有限公司, SKU数: 10
2026-04-07 06:32:50,846 | INFO | ali1688_goods_monitor |   12. 商品ID: 985101359570, 店铺: 义乌市栩磊电子商务商行, SKU数: 4
2026-04-07 06:32:50,846 | INFO | ali1688_goods_monitor |   13. 商品ID: 984336119328, 店铺: 汕头市澄海区泰旭玩具厂, SKU数: 3
2026-04-07 06:32:50,846 | INFO | ali1688_goods_monitor |   14. 商品ID: 709904411964, 店铺: 宿迁市俏楚贸易有限公司, SKU数: 24
2026-04-07 06:32:50,847 | INFO | ali1688_goods_monitor |   15. 商品ID: 985879832920, 店铺: 汕头市龙湖区熹萌喵玩具厂, SKU数: 4
2026-04-07 06:32:50,847 | INFO | ali1688_goods_monitor |   16. 商品ID: 716733322460, 店铺: 汕头市澄海区童萌趣玩具贸易商行, SKU数: 8
2026-04-07 06:32:50,847 | INFO | ali1688_goods_monitor |   17. 商品ID: 847979472849, 店铺: 汕头市龙湖区熹萌喵玩具厂, SKU数: 1
2026-04-07 06:32:50,847 | INFO | ali1688_goods_monitor |   18. 商品ID: 906941705446, 店铺: 义乌市双彩供应链有限公司, SKU数: 2
2026-04-07 06:32:50,848 | INFO | ali1688_goods_monitor |   19. 商品ID: 848295933948, 店铺: 汕头市龙湖区熹萌喵玩具厂, SKU数: 12
2026-04-07 06:32:50,929 | INFO | ali1688_goods_monitor | 💾 第9/14批：已保存 19 个商品到数据库
2026-04-07 06:32:50,929 | INFO | ali1688_goods_monitor | ⏸️  随机暂停 4.3 秒...
2026-04-07 06:32:55,263 | INFO | ali1688_goods_monitor | 🔄 刷新页面，准备处理第 10 批...
2026-04-07 06:33:01,381 | INFO | ali1688_goods_monitor | 🔍 处理第 10/14 批，共 20 个商品
2026-04-07 06:33:01,382 | INFO | ali1688_goods_monitor | 📋 商品ID: 975402784788、992713938362、998016077358、676772683627、991759687233、987237412445、847713406078、675557812438、946133528766、661664097697、987732400816、724154127228、672751050822、972523284067、661514670948、903149142386、686348979544、942621028118、678110916347、951586784136
2026-04-07 06:33:01,386 | INFO | ali1688_goods_monitor | 🧩 选择搜索方式: 商品ID
2026-04-07 06:33:01,851 | INFO | ali1688_goods_monitor | 搜索的商品id是:975402784788、992713938362、998016077358、676772683627、991759687233、987237412445、847713406078、675557812438、946133528766、661664097697、987732400816、724154127228、672751050822、972523284067、661514670948、903149142386、686348979544、942621028118、678110916347、951586784136
2026-04-07 06:33:02,996 | INFO | ali1688_goods_monitor | ✅ 第 10 批筛选条件已设置
2026-04-07 06:33:06,011 | INFO | ali1688_goods_monitor | 开始获取商品:975402784788、992713938362、998016077358、676772683627、991759687233、987237412445、847713406078、675557812438、946133528766、661664097697、987732400816、724154127228、672751050822、972523284067、661514670948、903149142386、686348979544、942621028118、678110916347、951586784136的基本信息
2026-04-07 06:33:06,012 | INFO | ali1688_goods_monitor | ⏳ 等待点击【开始查询】并捕获 offerSearch 接口...
2026-04-07 06:33:06,370 | INFO | ali1688_goods_monitor | 商品列表返回码: 200
2026-04-07 06:33:06,370 | INFO | ali1688_goods_monitor | 🚀 开始捕获商品数据，共 19 个商品
2026-04-07 06:33:06,372 | INFO | ali1688_goods_monitor | ✅ 商品基本信息捕获完成，总耗时: 0.00秒
2026-04-07 06:33:06,373 | INFO | ali1688_goods_monitor |    - 商品数: 19
2026-04-07 06:33:06,373 | INFO | ali1688_goods_monitor | ✅ 第 10 批完成，获取到 19 个商品，0 个SKU
2026-04-07 06:33:06,374 | INFO | ali1688_goods_monitor | 📋 第 10 批商品信息:
2026-04-07 06:33:06,374 | INFO | ali1688_goods_monitor |   1. 商品ID: 661514670948, 店铺: 汕头市嬉游记玩具有限公司, SKU数: 9
2026-04-07 06:33:06,374 | INFO | ali1688_goods_monitor |   2. 商品ID: 672751050822, 店铺: 汕头市澄海区高美玩具厂, SKU数: 3
2026-04-07 06:33:06,374 | INFO | ali1688_goods_monitor |   3. 商品ID: 661664097697, 店铺: 汕头市俏娃玩具有限公司, SKU数: 2
2026-04-07 06:33:06,374 | INFO | ali1688_goods_monitor |   4. 商品ID: 676772683627, 店铺: 汕头市俏娃玩具有限公司, SKU数: 5
2026-04-07 06:33:06,374 | INFO | ali1688_goods_monitor |   5. 商品ID: 987237412445, 店铺: 汕头市澄海区童乐玩玩具厂, SKU数: 20
2026-04-07 06:33:06,375 | INFO | ali1688_goods_monitor |   6. 商品ID: 992713938362, 店铺: 深圳市品艺玩具有限公司, SKU数: 4
2026-04-07 06:33:06,375 | INFO | ali1688_goods_monitor |   7. 商品ID: 686348979544, 店铺: 汕头市澄海区做妮物玩具厂, SKU数: 1
2026-04-07 06:33:06,375 | INFO | ali1688_goods_monitor |   8. 商品ID: 678110916347, 店铺: 汕头市澄海区丰乐多玩具厂, SKU数: 9
2026-04-07 06:33:06,375 | INFO | ali1688_goods_monitor |   9. 商品ID: 946133528766, 店铺: 汕头市澄海区陶境玩具有限公司, SKU数: 4
2026-04-07 06:33:06,375 | INFO | ali1688_goods_monitor |   10. 商品ID: 987732400816, 店铺: 汕头市澄海区新润洋玩具厂, SKU数: 1
2026-04-07 06:33:06,375 | INFO | ali1688_goods_monitor |   11. 商品ID: 975402784788, 店铺: 汕头市硕维玩具有限公司, SKU数: 1
2026-04-07 06:33:06,375 | INFO | ali1688_goods_monitor |   12. 商品ID: 903149142386, 店铺: 汕头市龙湖区熹萌喵玩具厂, SKU数: 4
2026-04-07 06:33:06,376 | INFO | ali1688_goods_monitor |   13. 商品ID: 991759687233, 店铺: 义乌市昭旭日用百货有限公司, SKU数: 6
2026-04-07 06:33:06,376 | INFO | ali1688_goods_monitor |   14. 商品ID: 847713406078, 店铺: 汕头市龙湖区熹萌喵玩具厂, SKU数: 4
2026-04-07 06:33:06,376 | INFO | ali1688_goods_monitor |   15. 商品ID: 942621028118, 店铺: 汕头市澄海区孩艺宝玩具厂, SKU数: 20
2026-04-07 06:33:06,376 | INFO | ali1688_goods_monitor |   16. 商品ID: 998016077358, 店铺: 汕头市创爱旺科技有限公司, SKU数: 3
2026-04-07 06:33:06,376 | INFO | ali1688_goods_monitor |   17. 商品ID: 724154127228, 店铺: 汕头市澄海区川宇玩具厂, SKU数: 6
2026-04-07 06:33:06,376 | INFO | ali1688_goods_monitor |   18. 商品ID: 675557812438, 店铺: 汕头市澄海区蛋宝玩具厂, SKU数: 1
2026-04-07 06:33:06,377 | INFO | ali1688_goods_monitor |   19. 商品ID: 972523284067, 店铺: 汕头市澄海区华美乐玩具厂, SKU数: 1
2026-04-07 06:33:06,464 | INFO | ali1688_goods_monitor | 💾 第10/14批：已保存 19 个商品到数据库
2026-04-07 06:33:06,464 | INFO | ali1688_goods_monitor | ⏸️  随机暂停 5.4 秒...
2026-04-07 06:33:11,914 | INFO | ali1688_goods_monitor | 🔄 刷新页面，准备处理第 11 批...
2026-04-07 06:33:18,967 | INFO | ali1688_goods_monitor | 🔍 处理第 11/14 批，共 20 个商品
2026-04-07 06:33:18,967 | INFO | ali1688_goods_monitor | 📋 商品ID: 538297571141、670793076081、994715362159、969387993044、910382293640、986633373239、1027381048230、683872677220、1031769907868、990976789985、858770936676、646729482472、917025701974、854168645121、990260832462、992882388093、978968804889、848415574468、900563388108、895042686618
2026-04-07 06:33:18,972 | INFO | ali1688_goods_monitor | 🧩 选择搜索方式: 商品ID
2026-04-07 06:33:19,434 | INFO | ali1688_goods_monitor | 搜索的商品id是:538297571141、670793076081、994715362159、969387993044、910382293640、986633373239、1027381048230、683872677220、1031769907868、990976789985、858770936676、646729482472、917025701974、854168645121、990260832462、992882388093、978968804889、848415574468、900563388108、895042686618
2026-04-07 06:33:20,586 | INFO | ali1688_goods_monitor | ✅ 第 11 批筛选条件已设置
2026-04-07 06:33:23,590 | INFO | ali1688_goods_monitor | 开始获取商品:538297571141、670793076081、994715362159、969387993044、910382293640、986633373239、1027381048230、683872677220、1031769907868、990976789985、858770936676、646729482472、917025701974、854168645121、990260832462、992882388093、978968804889、848415574468、900563388108、895042686618的基本信息
2026-04-07 06:33:23,591 | INFO | ali1688_goods_monitor | ⏳ 等待点击【开始查询】并捕获 offerSearch 接口...
2026-04-07 06:33:24,053 | INFO | ali1688_goods_monitor | 商品列表返回码: 200
2026-04-07 06:33:24,054 | INFO | ali1688_goods_monitor | 🚀 开始捕获商品数据，共 20 个商品
2026-04-07 06:33:24,055 | INFO | ali1688_goods_monitor | ✅ 商品基本信息捕获完成，总耗时: 0.00秒
2026-04-07 06:33:24,056 | INFO | ali1688_goods_monitor |    - 商品数: 20
2026-04-07 06:33:24,057 | INFO | ali1688_goods_monitor | ✅ 第 11 批完成，获取到 20 个商品，0 个SKU
2026-04-07 06:33:24,057 | INFO | ali1688_goods_monitor | 📋 第 11 批商品信息:
2026-04-07 06:33:24,057 | INFO | ali1688_goods_monitor |   1. 商品ID: 990976789985, 店铺: 汕头市澄海区超慧丰贸易商行, SKU数: 16
2026-04-07 06:33:24,058 | INFO | ali1688_goods_monitor |   2. 商品ID: 992882388093, 店铺: 义乌市岚发贸易有限公司, SKU数: 3
2026-04-07 06:33:24,058 | INFO | ali1688_goods_monitor |   3. 商品ID: 990260832462, 店铺: 汕头市澄海区嘉贝施玩具商行, SKU数: 3
2026-04-07 06:33:24,058 | INFO | ali1688_goods_monitor |   4. 商品ID: 683872677220, 店铺: 汕头市俏娃玩具有限公司, SKU数: 3
2026-04-07 06:33:24,060 | INFO | ali1688_goods_monitor |   5. 商品ID: 646729482472, 店铺: 汕头市澄海区创羽玩具贸易商行, SKU数: 6
2026-04-07 06:33:24,060 | INFO | ali1688_goods_monitor |   6. 商品ID: 858770936676, 店铺: 义乌市星愿电子商务有限公司, SKU数: 2
2026-04-07 06:33:24,060 | INFO | ali1688_goods_monitor |   7. 商品ID: 994715362159, 店铺: 汕头市澄海区臻棒玩具厂, SKU数: 14
2026-04-07 06:33:24,061 | INFO | ali1688_goods_monitor |   8. 商品ID: 917025701974, 店铺: 汕头市澄海区佳允玩具厂, SKU数: 8
2026-04-07 06:33:24,061 | INFO | ali1688_goods_monitor |   9. 商品ID: 848415574468, 店铺: 汕头市龙湖区熹萌喵玩具厂, SKU数: 1
2026-04-07 06:33:24,061 | INFO | ali1688_goods_monitor |   10. 商品ID: 538297571141, 店铺: 深圳灿煜玩具有限公司, SKU数: 6
2026-04-07 06:33:24,062 | INFO | ali1688_goods_monitor |   11. 商品ID: 895042686618, 店铺: 汕头市龙湖区熹萌喵玩具厂, SKU数: 2
2026-04-07 06:33:24,062 | INFO | ali1688_goods_monitor |   12. 商品ID: 969387993044, 店铺: 汕头市澄海区芽比玩具商行, SKU数: 20
2026-04-07 06:33:24,062 | INFO | ali1688_goods_monitor |   13. 商品ID: 670793076081, 店铺: 汕头市澄海区实琪玩具有限公司, SKU数: 12
2026-04-07 06:33:24,063 | INFO | ali1688_goods_monitor |   14. 商品ID: 978968804889, 店铺: 汕头市澄海区境趣玩具商行, SKU数: 1
2026-04-07 06:33:24,063 | INFO | ali1688_goods_monitor |   15. 商品ID: 854168645121, 店铺: 汕头市俏娃玩具有限公司, SKU数: 3
2026-04-07 06:33:24,063 | INFO | ali1688_goods_monitor |   16. 商品ID: 900563388108, 店铺: 汕头市澄海区孩艺宝玩具厂, SKU数: 12
2026-04-07 06:33:24,063 | INFO | ali1688_goods_monitor |   17. 商品ID: 1027381048230, 店铺: 深圳市智其峰科技有限公司, SKU数: 36
2026-04-07 06:33:24,064 | INFO | ali1688_goods_monitor |   18. 商品ID: 986633373239, 店铺: 汕头市嬉游记玩具有限公司, SKU数: 11
2026-04-07 06:33:24,064 | INFO | ali1688_goods_monitor |   19. 商品ID: 1031769907868, 店铺: 汕头市龙湖区莱之趣玩具商行（个体工商户）, SKU数: 6
2026-04-07 06:33:24,064 | INFO | ali1688_goods_monitor |   20. 商品ID: 910382293640, 店铺: 汕头市澄海区越来越聪明玩具厂, SKU数: 22
2026-04-07 06:33:24,153 | INFO | ali1688_goods_monitor | 💾 第11/14批：已保存 20 个商品到数据库
2026-04-07 06:33:24,153 | INFO | ali1688_goods_monitor | ⏸️  随机暂停 4.4 秒...
2026-04-07 06:33:28,520 | INFO | ali1688_goods_monitor | 🔄 刷新页面，准备处理第 12 批...
2026-04-07 06:33:34,626 | INFO | ali1688_goods_monitor | 🔍 处理第 12/14 批，共 20 个商品
2026-04-07 06:33:34,626 | INFO | ali1688_goods_monitor | 📋 商品ID: 734736330484、985898832914、847993548322、1013917249205、1033404841463、1035850540780、992863648563、973255115593、643044757475、897059922290、973247771787、629652629026、984991416938、960725525521、1028239295024、634658078975、757454263904、728912992880、1001279554121、726064645781
2026-04-07 06:33:34,629 | INFO | ali1688_goods_monitor | 🧩 选择搜索方式: 商品ID
2026-04-07 06:33:35,191 | INFO | ali1688_goods_monitor | 搜索的商品id是:734736330484、985898832914、847993548322、1013917249205、1033404841463、1035850540780、992863648563、973255115593、643044757475、897059922290、973247771787、629652629026、984991416938、960725525521、1028239295024、634658078975、757454263904、728912992880、1001279554121、726064645781
2026-04-07 06:33:36,291 | INFO | ali1688_goods_monitor | ✅ 第 12 批筛选条件已设置
2026-04-07 06:33:39,296 | INFO | ali1688_goods_monitor | 开始获取商品:734736330484、985898832914、847993548322、1013917249205、1033404841463、1035850540780、992863648563、973255115593、643044757475、897059922290、973247771787、629652629026、984991416938、960725525521、1028239295024、634658078975、757454263904、728912992880、1001279554121、726064645781的基本信息
2026-04-07 06:33:39,298 | INFO | ali1688_goods_monitor | ⏳ 等待点击【开始查询】并捕获 offerSearch 接口...
2026-04-07 06:33:39,700 | INFO | ali1688_goods_monitor | 商品列表返回码: 200
2026-04-07 06:33:39,701 | INFO | ali1688_goods_monitor | 🚀 开始捕获商品数据，共 19 个商品
2026-04-07 06:33:39,702 | INFO | ali1688_goods_monitor | ✅ 商品基本信息捕获完成，总耗时: 0.00秒
2026-04-07 06:33:39,702 | INFO | ali1688_goods_monitor |    - 商品数: 19
2026-04-07 06:33:39,702 | INFO | ali1688_goods_monitor | ✅ 第 12 批完成，获取到 19 个商品，0 个SKU
2026-04-07 06:33:39,703 | INFO | ali1688_goods_monitor | 📋 第 12 批商品信息:
2026-04-07 06:33:39,703 | INFO | ali1688_goods_monitor |   1. 商品ID: 734736330484, 店铺: 汕头市澄海区悦优佳玩具厂, SKU数: 34
2026-04-07 06:33:39,703 | INFO | ali1688_goods_monitor |   2. 商品ID: 1028239295024, 店铺: 汕头市澄海区东原玩具厂(个体工商户), SKU数: 1
2026-04-07 06:33:39,703 | INFO | ali1688_goods_monitor |   3. 商品ID: 757454263904, 店铺: 汕头市恩游兔玩具有限公司, SKU数: 1
2026-04-07 06:33:39,703 | INFO | ali1688_goods_monitor |   4. 商品ID: 973247771787, 店铺: 汕头市澄海区萃婴乐玩具厂, SKU数: 2
2026-04-07 06:33:39,703 | INFO | ali1688_goods_monitor |   5. 商品ID: 992863648563, 店铺: 汕头市澄海区贝趣星玩具厂, SKU数: 11
2026-04-07 06:33:39,704 | INFO | ali1688_goods_monitor |   6. 商品ID: 629652629026, 店铺: 汕头市嬉游记玩具有限公司, SKU数: 5
2026-04-07 06:33:39,704 | INFO | ali1688_goods_monitor |   7. 商品ID: 728912992880, 店铺: 汕头市澄海区泓趣欢玩具厂, SKU数: 24
2026-04-07 06:33:39,704 | INFO | ali1688_goods_monitor |   8. 商品ID: 960725525521, 店铺: 汕头市龙湖区熹萌喵玩具厂, SKU数: 10
2026-04-07 06:33:39,704 | INFO | ali1688_goods_monitor |   9. 商品ID: 643044757475, 店铺: 汕头市稳住别浪玩具科技有限公司, SKU数: 41
2026-04-07 06:33:39,704 | INFO | ali1688_goods_monitor |   10. 商品ID: 973255115593, 店铺: 汕头市澄海区悦优佳玩具厂, SKU数: 36
2026-04-07 06:33:39,704 | INFO | ali1688_goods_monitor |   11. 商品ID: 897059922290, 店铺: 1688选品中心官方供应链, SKU数: 5
2026-04-07 06:33:39,705 | INFO | ali1688_goods_monitor |   12. 商品ID: 634658078975, 店铺: 汕头市嬉游记玩具有限公司, SKU数: 16
2026-04-07 06:33:39,705 | INFO | ali1688_goods_monitor |   13. 商品ID: 1035850540780, 店铺: 汕头市澄海区盛艺兴玩具厂, SKU数: 8
2026-04-07 06:33:39,705 | INFO | ali1688_goods_monitor |   14. 商品ID: 984991416938, 店铺: 义乌漫爱玩具商行, SKU数: 6
2026-04-07 06:33:39,705 | INFO | ali1688_goods_monitor |   15. 商品ID: 847993548322, 店铺: 汕头市龙湖区熹萌喵玩具厂, SKU数: 3
2026-04-07 06:33:39,706 | INFO | ali1688_goods_monitor |   16. 商品ID: 1013917249205, 店铺: 广东佰思玩具有限公司, SKU数: 5
2026-04-07 06:33:39,706 | INFO | ali1688_goods_monitor |   17. 商品ID: 1001279554121, 店铺: 汕头市澄海区金宝欢玩具商行, SKU数: 4
2026-04-07 06:33:39,706 | INFO | ali1688_goods_monitor |   18. 商品ID: 1033404841463, 店铺: 汕头市龙湖区莱之趣玩具商行（个体工商户）, SKU数: 4
2026-04-07 06:33:39,706 | INFO | ali1688_goods_monitor |   19. 商品ID: 726064645781, 店铺: 汕头市澄海区奕欣玩具有限公司, SKU数: 6
2026-04-07 06:33:39,782 | INFO | ali1688_goods_monitor | 💾 第12/14批：已保存 19 个商品到数据库
2026-04-07 06:33:39,782 | INFO | ali1688_goods_monitor | ⏸️  随机暂停 4.2 秒...
2026-04-07 06:33:43,950 | INFO | ali1688_goods_monitor | 🔄 刷新页面，准备处理第 13 批...
2026-04-07 06:33:50,067 | INFO | ali1688_goods_monitor | 🔍 处理第 13/14 批，共 20 个商品
2026-04-07 06:33:50,068 | INFO | ali1688_goods_monitor | 📋 商品ID: 795861191445、727364044091、894449366946、809233523760、990425215638、970781028572、929103621035、658391484708、990589043915、1031855101004、687729432138、858007859516、1024421346400、1001391447719、728364497329、952896839032、622513415473、974035321584、847969236799、969646541226
2026-04-07 06:33:50,072 | INFO | ali1688_goods_monitor | 🧩 选择搜索方式: 商品ID
2026-04-07 06:33:50,520 | INFO | ali1688_goods_monitor | 搜索的商品id是:795861191445、727364044091、894449366946、809233523760、990425215638、970781028572、929103621035、658391484708、990589043915、1031855101004、687729432138、858007859516、1024421346400、1001391447719、728364497329、952896839032、622513415473、974035321584、847969236799、969646541226
2026-04-07 06:33:51,671 | INFO | ali1688_goods_monitor | ✅ 第 13 批筛选条件已设置
2026-04-07 06:33:54,680 | INFO | ali1688_goods_monitor | 开始获取商品:795861191445、727364044091、894449366946、809233523760、990425215638、970781028572、929103621035、658391484708、990589043915、1031855101004、687729432138、858007859516、1024421346400、1001391447719、728364497329、952896839032、622513415473、974035321584、847969236799、969646541226的基本信息
2026-04-07 06:33:54,681 | INFO | ali1688_goods_monitor | ⏳ 等待点击【开始查询】并捕获 offerSearch 接口...
2026-04-07 06:33:55,069 | INFO | ali1688_goods_monitor | 商品列表返回码: 200
2026-04-07 06:33:55,070 | INFO | ali1688_goods_monitor | 🚀 开始捕获商品数据，共 20 个商品
2026-04-07 06:33:55,070 | INFO | ali1688_goods_monitor | ✅ 商品基本信息捕获完成，总耗时: 0.00秒
2026-04-07 06:33:55,071 | INFO | ali1688_goods_monitor |    - 商品数: 20
2026-04-07 06:33:55,072 | INFO | ali1688_goods_monitor | ✅ 第 13 批完成，获取到 20 个商品，0 个SKU
2026-04-07 06:33:55,073 | INFO | ali1688_goods_monitor | 📋 第 13 批商品信息:
2026-04-07 06:33:55,073 | INFO | ali1688_goods_monitor |   1. 商品ID: 1024421346400, 店铺: 深圳市金贝合科技有限公司, SKU数: 2
2026-04-07 06:33:55,074 | INFO | ali1688_goods_monitor |   2. 商品ID: 809233523760, 店铺: 汕头市澄海区小筑班五金玩具厂, SKU数: 1
2026-04-07 06:33:55,074 | INFO | ali1688_goods_monitor |   3. 商品ID: 847969236799, 店铺: 汕头市龙湖区熹萌喵玩具厂, SKU数: 32
2026-04-07 06:33:55,074 | INFO | ali1688_goods_monitor |   4. 商品ID: 990425215638, 店铺: 汕头市澄海区汇熙宝玩具厂, SKU数: 5
2026-04-07 06:33:55,075 | INFO | ali1688_goods_monitor |   5. 商品ID: 969646541226, 店铺: 汕头市澄海区奋星玩具商行, SKU数: 11
2026-04-07 06:33:55,075 | INFO | ali1688_goods_monitor |   6. 商品ID: 952896839032, 店铺: 汕头市俏娃玩具有限公司, SKU数: 3
2026-04-07 06:33:55,075 | INFO | ali1688_goods_monitor |   7. 商品ID: 970781028572, 店铺: 汕头市俏娃玩具有限公司, SKU数: 1
2026-04-07 06:33:55,075 | INFO | ali1688_goods_monitor |   8. 商品ID: 929103621035, 店铺: 汕头市鹿禾科教文化有限公司, SKU数: 6
2026-04-07 06:33:55,076 | INFO | ali1688_goods_monitor |   9. 商品ID: 795861191445, 店铺: 广州市鑫龙动漫玩具有限公司, SKU数: 6
2026-04-07 06:33:55,076 | INFO | ali1688_goods_monitor |   10. 商品ID: 990589043915, 店铺: 义乌市辰秘科技有限公司, SKU数: 3
2026-04-07 06:33:55,076 | INFO | ali1688_goods_monitor |   11. 商品ID: 974035321584, 店铺: 汕头市澄海区聚诚乐玩具厂, SKU数: 5
2026-04-07 06:33:55,076 | INFO | ali1688_goods_monitor |   12. 商品ID: 728364497329, 店铺: 广东佰思玩具有限公司, SKU数: 5
2026-04-07 06:33:55,076 | INFO | ali1688_goods_monitor |   13. 商品ID: 658391484708, 店铺: 汕头市澄海区柏嘉盛玩具商行, SKU数: 12
2026-04-07 06:33:55,077 | INFO | ali1688_goods_monitor |   14. 商品ID: 622513415473, 店铺: 汕头市嬉游记玩具有限公司, SKU数: 4
2026-04-07 06:33:55,077 | INFO | ali1688_goods_monitor |   15. 商品ID: 687729432138, 店铺: 深圳巨变科技有限公司, SKU数: 1
2026-04-07 06:33:55,077 | INFO | ali1688_goods_monitor |   16. 商品ID: 858007859516, 店铺: 义乌市登妹贸易有限公司, SKU数: 2
2026-04-07 06:33:55,077 | INFO | ali1688_goods_monitor |   17. 商品ID: 727364044091, 店铺: 汕头市澄海区实琪玩具有限公司, SKU数: 7
2026-04-07 06:33:55,077 | INFO | ali1688_goods_monitor |   18. 商品ID: 1031855101004, 店铺: 汕头市澄海区尤纳兴玩具商行, SKU数: 7
2026-04-07 06:33:55,077 | INFO | ali1688_goods_monitor |   19. 商品ID: 1001391447719, 店铺: 汕头市才佳玩具有限公司, SKU数: 2
2026-04-07 06:33:55,078 | INFO | ali1688_goods_monitor |   20. 商品ID: 894449366946, 店铺: 汕头市澄海区雅尚腾玩具厂(个体工商户), SKU数: 30
2026-04-07 06:33:55,169 | INFO | ali1688_goods_monitor | 💾 第13/14批：已保存 20 个商品到数据库
2026-04-07 06:33:55,169 | INFO | ali1688_goods_monitor | ⏸️  随机暂停 3.5 秒...
2026-04-07 06:33:58,639 | INFO | ali1688_goods_monitor | 🔄 刷新页面，准备处理第 14 批...
2026-04-07 06:34:04,952 | INFO | ali1688_goods_monitor | 🔍 处理第 14/14 批，共 15 个商品
2026-04-07 06:34:04,952 | INFO | ali1688_goods_monitor | 📋 商品ID: 751554304142、863983065199、775392792723、857784361057、734549030910、713699292120、750175006113、927867865604、621194315291、954152497198、854259763574、982635289066、999695394272、947764418500、963819028092
2026-04-07 06:34:04,957 | INFO | ali1688_goods_monitor | 🧩 选择搜索方式: 商品ID
2026-04-07 06:34:05,474 | INFO | ali1688_goods_monitor | 搜索的商品id是:751554304142、863983065199、775392792723、857784361057、734549030910、713699292120、750175006113、927867865604、621194315291、954152497198、854259763574、982635289066、999695394272、947764418500、963819028092
2026-04-07 06:34:06,574 | INFO | ali1688_goods_monitor | ✅ 第 14 批筛选条件已设置
2026-04-07 06:34:09,578 | INFO | ali1688_goods_monitor | 开始获取商品:751554304142、863983065199、775392792723、857784361057、734549030910、713699292120、750175006113、927867865604、621194315291、954152497198、854259763574、982635289066、999695394272、947764418500、963819028092的基本信息
2026-04-07 06:34:09,578 | INFO | ali1688_goods_monitor | ⏳ 等待点击【开始查询】并捕获 offerSearch 接口...
2026-04-07 06:34:09,886 | INFO | ali1688_goods_monitor | 商品列表返回码: 200
2026-04-07 06:34:09,886 | INFO | ali1688_goods_monitor | 🚀 开始捕获商品数据，共 15 个商品
2026-04-07 06:34:09,887 | INFO | ali1688_goods_monitor | ✅ 商品基本信息捕获完成，总耗时: 0.00秒
2026-04-07 06:34:09,887 | INFO | ali1688_goods_monitor |    - 商品数: 15
2026-04-07 06:34:09,887 | INFO | ali1688_goods_monitor | ✅ 第 14 批完成，获取到 15 个商品，0 个SKU
2026-04-07 06:34:09,888 | INFO | ali1688_goods_monitor | 📋 第 14 批商品信息:
2026-04-07 06:34:09,889 | INFO | ali1688_goods_monitor |   1. 商品ID: 775392792723, 店铺: 汕头市澄海区方米狸玩具厂, SKU数: 25
2026-04-07 06:34:09,890 | INFO | ali1688_goods_monitor |   2. 商品ID: 734549030910, 店铺: 汕头市澄海区萃婴乐玩具厂, SKU数: 14
2026-04-07 06:34:09,890 | INFO | ali1688_goods_monitor |   3. 商品ID: 713699292120, 店铺: 汕头市正鹰科教玩具有限公司, SKU数: 9
2026-04-07 06:34:09,890 | INFO | ali1688_goods_monitor |   4. 商品ID: 982635289066, 店铺: 汕头市创爱旺科技有限公司, SKU数: 26
2026-04-07 06:34:09,891 | INFO | ali1688_goods_monitor |   5. 商品ID: 621194315291, 店铺: 深圳市纵新电子科技有限公司, SKU数: 4
2026-04-07 06:34:09,891 | INFO | ali1688_goods_monitor |   6. 商品ID: 927867865604, 店铺: 汕头市龙湖区熹萌喵玩具厂, SKU数: 18
2026-04-07 06:34:09,891 | INFO | ali1688_goods_monitor |   7. 商品ID: 854259763574, 店铺: 汕头市龙湖区熹萌喵玩具厂, SKU数: 1
2026-04-07 06:34:09,892 | INFO | ali1688_goods_monitor |   8. 商品ID: 750175006113, 店铺: 汕头市澄海区轮转玩具商行, SKU数: 1
2026-04-07 06:34:09,892 | INFO | ali1688_goods_monitor |   9. 商品ID: 954152497198, 店铺: 汕头市乐享贝比贸易有限公司, SKU数: 6
2026-04-07 06:34:09,893 | INFO | ali1688_goods_monitor |   10. 商品ID: 947764418500, 店铺: 杜恒广, SKU数: 1
2026-04-07 06:34:09,893 | INFO | ali1688_goods_monitor |   11. 商品ID: 857784361057, 店铺: 汕头市龙湖区熹萌喵玩具厂, SKU数: 10
2026-04-07 06:34:09,893 | INFO | ali1688_goods_monitor |   12. 商品ID: 963819028092, 店铺: 汕头市龙湖区熹萌喵玩具厂, SKU数: 2
2026-04-07 06:34:09,894 | INFO | ali1688_goods_monitor |   13. 商品ID: 863983065199, 店铺: 汕头澄海区启迪恩玩具商行, SKU数: 1
2026-04-07 06:34:09,894 | INFO | ali1688_goods_monitor |   14. 商品ID: 999695394272, 店铺: 义乌市大愚玩具有限公司, SKU数: 5
2026-04-07 06:34:09,894 | INFO | ali1688_goods_monitor |   15. 商品ID: 751554304142, 店铺: 汕头市嬉游记玩具有限公司, SKU数: 2
2026-04-07 06:34:09,962 | INFO | ali1688_goods_monitor | 💾 第14/14批：已保存 15 个商品到数据库
2026-04-07 06:34:09,962 | INFO | ali1688_goods_monitor | 🎉 第一阶段完成，共获取 269 个商品基本信息
2026-04-07 06:34:09,963 | INFO | ali1688_goods_monitor | ============================================================
2026-04-07 06:34:09,964 | INFO | ali1688_goods_monitor | 📊 第二阶段：获取SKU信息
2026-04-07 06:34:09,964 | INFO | ali1688_goods_monitor | ============================================================
2026-04-07 06:34:09,964 | INFO | ali1688_goods_monitor | 🔍 准备获取 269 个商品的SKU信息...
2026-04-07 06:34:09,964 | INFO | ali1688_goods_monitor | 📋 即将获取SKU的商品列表:
2026-04-07 06:34:09,964 | INFO | ali1688_goods_monitor |   1. https://detail.1688.com/offer/1026068947837.html (SKU数: 3)
2026-04-07 06:34:09,965 | INFO | ali1688_goods_monitor |   2. https://detail.1688.com/offer/798059727032.html (SKU数: 16)
2026-04-07 06:34:09,965 | INFO | ali1688_goods_monitor |   3. https://detail.1688.com/offer/968280048908.html (SKU数: 31)
2026-04-07 06:34:09,965 | INFO | ali1688_goods_monitor |   4. https://detail.1688.com/offer/982634945037.html (SKU数: 26)
2026-04-07 06:34:09,966 | INFO | ali1688_goods_monitor |   5. https://detail.1688.com/offer/971080031926.html (SKU数: 3)
2026-04-07 06:34:09,966 | INFO | ali1688_goods_monitor |   6. https://detail.1688.com/offer/617837580726.html (SKU数: 2)
2026-04-07 06:34:09,966 | INFO | ali1688_goods_monitor |   7. https://detail.1688.com/offer/971037620206.html (SKU数: 1)
2026-04-07 06:34:09,966 | INFO | ali1688_goods_monitor |   8. https://detail.1688.com/offer/979203908708.html (SKU数: 24)
2026-04-07 06:34:09,966 | INFO | ali1688_goods_monitor |   9. https://detail.1688.com/offer/943395574791.html (SKU数: 1)
2026-04-07 06:34:09,966 | INFO | ali1688_goods_monitor |   10. https://detail.1688.com/offer/1016515592011.html (SKU数: 4)
2026-04-07 06:34:09,967 | INFO | ali1688_goods_monitor |   11. https://detail.1688.com/offer/903613869442.html (SKU数: 4)
2026-04-07 06:34:09,967 | INFO | ali1688_goods_monitor |   12. https://detail.1688.com/offer/1040782952704.html (SKU数: 1)
2026-04-07 06:34:09,967 | INFO | ali1688_goods_monitor |   13. https://detail.1688.com/offer/954713432833.html (SKU数: 2)
2026-04-07 06:34:09,967 | INFO | ali1688_goods_monitor |   14. https://detail.1688.com/offer/807432916292.html (SKU数: 24)
2026-04-07 06:34:09,967 | INFO | ali1688_goods_monitor |   15. https://detail.1688.com/offer/835170979856.html (SKU数: 10)
2026-04-07 06:34:09,967 | INFO | ali1688_goods_monitor |   16. https://detail.1688.com/offer/1005984550667.html (SKU数: 36)
2026-04-07 06:34:09,967 | INFO | ali1688_goods_monitor |   17. https://detail.1688.com/offer/928700805986.html (SKU数: 2)
2026-04-07 06:34:09,968 | INFO | ali1688_goods_monitor |   18. https://detail.1688.com/offer/812259607012.html (SKU数: 39)
2026-04-07 06:34:09,968 | INFO | ali1688_goods_monitor |   19. https://detail.1688.com/offer/833661915665.html (SKU数: 1)
2026-04-07 06:34:09,968 | INFO | ali1688_goods_monitor |   20. https://detail.1688.com/offer/1003272185431.html (SKU数: 5)
2026-04-07 06:34:09,968 | INFO | ali1688_goods_monitor |   21. https://detail.1688.com/offer/741922490714.html (SKU数: 2)
2026-04-07 06:34:09,968 | INFO | ali1688_goods_monitor |   22. https://detail.1688.com/offer/991935831793.html (SKU数: 3)
2026-04-07 06:34:09,968 | INFO | ali1688_goods_monitor |   23. https://detail.1688.com/offer/969366546749.html (SKU数: 1)
2026-04-07 06:34:09,969 | INFO | ali1688_goods_monitor |   24. https://detail.1688.com/offer/990409899841.html (SKU数: 1)
2026-04-07 06:34:09,969 | INFO | ali1688_goods_monitor |   25. https://detail.1688.com/offer/776195311997.html (SKU数: 1)
2026-04-07 06:34:09,969 | INFO | ali1688_goods_monitor |   26. https://detail.1688.com/offer/812514770228.html (SKU数: 2)
2026-04-07 06:34:09,969 | INFO | ali1688_goods_monitor |   27. https://detail.1688.com/offer/875034473523.html (SKU数: 3)
2026-04-07 06:34:09,969 | INFO | ali1688_goods_monitor |   28. https://detail.1688.com/offer/903636127402.html (SKU数: 3)
2026-04-07 06:34:09,969 | INFO | ali1688_goods_monitor |   29. https://detail.1688.com/offer/889385901298.html (SKU数: 3)
2026-04-07 06:34:09,969 | INFO | ali1688_goods_monitor |   30. https://detail.1688.com/offer/1013037690222.html (SKU数: 1)
2026-04-07 06:34:09,970 | INFO | ali1688_goods_monitor |   31. https://detail.1688.com/offer/979396013303.html (SKU数: 1)
2026-04-07 06:34:09,970 | INFO | ali1688_goods_monitor |   32. https://detail.1688.com/offer/962746907189.html (SKU数: 4)
2026-04-07 06:34:09,970 | INFO | ali1688_goods_monitor |   33. https://detail.1688.com/offer/907762599791.html (SKU数: 10)
2026-04-07 06:34:09,970 | INFO | ali1688_goods_monitor |   34. https://detail.1688.com/offer/1025513853144.html (SKU数: 8)
2026-04-07 06:34:09,970 | INFO | ali1688_goods_monitor |   35. https://detail.1688.com/offer/895285249007.html (SKU数: 36)
2026-04-07 06:34:09,970 | INFO | ali1688_goods_monitor |   36. https://detail.1688.com/offer/894936744591.html (SKU数: 16)
2026-04-07 06:34:09,971 | INFO | ali1688_goods_monitor |   37. https://detail.1688.com/offer/590591825369.html (SKU数: 22)
2026-04-07 06:34:09,971 | INFO | ali1688_goods_monitor |   38. https://detail.1688.com/offer/970715744477.html (SKU数: 1)
2026-04-07 06:34:09,971 | INFO | ali1688_goods_monitor |   39. https://detail.1688.com/offer/811139889293.html (SKU数: 8)
2026-04-07 06:34:09,972 | INFO | ali1688_goods_monitor |   40. https://detail.1688.com/offer/677301391721.html (SKU数: 5)
2026-04-07 06:34:09,972 | INFO | ali1688_goods_monitor |   41. https://detail.1688.com/offer/847794753111.html (SKU数: 4)
2026-04-07 06:34:09,972 | INFO | ali1688_goods_monitor |   42. https://detail.1688.com/offer/951035484615.html (SKU数: 29)
2026-04-07 06:34:09,972 | INFO | ali1688_goods_monitor |   43. https://detail.1688.com/offer/826873938709.html (SKU数: 1)
2026-04-07 06:34:09,972 | INFO | ali1688_goods_monitor |   44. https://detail.1688.com/offer/976178977054.html (SKU数: 5)
2026-04-07 06:34:09,973 | INFO | ali1688_goods_monitor |   45. https://detail.1688.com/offer/994662909434.html (SKU数: 3)
2026-04-07 06:34:09,973 | INFO | ali1688_goods_monitor |   46. https://detail.1688.com/offer/856805654657.html (SKU数: 1)
2026-04-07 06:34:09,973 | INFO | ali1688_goods_monitor |   47. https://detail.1688.com/offer/902961760235.html (SKU数: 4)
2026-04-07 06:34:09,973 | INFO | ali1688_goods_monitor |   48. https://detail.1688.com/offer/998051010590.html (SKU数: 4)
2026-04-07 06:34:09,974 | INFO | ali1688_goods_monitor |   49. https://detail.1688.com/offer/992251601092.html (SKU数: 3)
2026-04-07 06:34:09,974 | INFO | ali1688_goods_monitor |   50. https://detail.1688.com/offer/628617576125.html (SKU数: 5)
2026-04-07 06:34:09,974 | INFO | ali1688_goods_monitor |   51. https://detail.1688.com/offer/970377098770.html (SKU数: 37)
2026-04-07 06:34:09,974 | INFO | ali1688_goods_monitor |   52. https://detail.1688.com/offer/1000398364752.html (SKU数: 4)
2026-04-07 06:34:09,974 | INFO | ali1688_goods_monitor |   53. https://detail.1688.com/offer/677709968233.html (SKU数: 5)
2026-04-07 06:34:09,975 | INFO | ali1688_goods_monitor |   54. https://detail.1688.com/offer/900967422750.html (SKU数: 22)
2026-04-07 06:34:09,975 | INFO | ali1688_goods_monitor |   55. https://detail.1688.com/offer/847495122732.html (SKU数: 3)
2026-04-07 06:34:09,975 | INFO | ali1688_goods_monitor |   56. https://detail.1688.com/offer/950726478383.html (SKU数: 13)
2026-04-07 06:34:09,975 | INFO | ali1688_goods_monitor |   57. https://detail.1688.com/offer/799083276279.html (SKU数: 3)
2026-04-07 06:34:09,975 | INFO | ali1688_goods_monitor |   58. https://detail.1688.com/offer/681658732090.html (SKU数: 1)
2026-04-07 06:34:09,975 | INFO | ali1688_goods_monitor |   59. https://detail.1688.com/offer/992071730825.html (SKU数: 3)
2026-04-07 06:34:09,975 | INFO | ali1688_goods_monitor |   60. https://detail.1688.com/offer/1000255776437.html (SKU数: 3)
2026-04-07 06:34:09,976 | INFO | ali1688_goods_monitor |   61. https://detail.1688.com/offer/902473655388.html (SKU数: 1)
2026-04-07 06:34:09,976 | INFO | ali1688_goods_monitor |   62. https://detail.1688.com/offer/899704194303.html (SKU数: 12)
2026-04-07 06:34:09,976 | INFO | ali1688_goods_monitor |   63. https://detail.1688.com/offer/873614306333.html (SKU数: 5)
2026-04-07 06:34:09,976 | INFO | ali1688_goods_monitor |   64. https://detail.1688.com/offer/840249263873.html (SKU数: 8)
2026-04-07 06:34:09,976 | INFO | ali1688_goods_monitor |   65. https://detail.1688.com/offer/703551244918.html (SKU数: 3)
2026-04-07 06:34:09,976 | INFO | ali1688_goods_monitor |   66. https://detail.1688.com/offer/898439171537.html (SKU数: 14)
2026-04-07 06:34:09,976 | INFO | ali1688_goods_monitor |   67. https://detail.1688.com/offer/789633522584.html (SKU数: 1)
2026-04-07 06:34:09,977 | INFO | ali1688_goods_monitor |   68. https://detail.1688.com/offer/956573560393.html (SKU数: 3)
2026-04-07 06:34:09,977 | INFO | ali1688_goods_monitor |   69. https://detail.1688.com/offer/890654399053.html (SKU数: 22)
2026-04-07 06:34:09,977 | INFO | ali1688_goods_monitor |   70. https://detail.1688.com/offer/999142031933.html (SKU数: 1)
2026-04-07 06:34:09,977 | INFO | ali1688_goods_monitor |   71. https://detail.1688.com/offer/996059989352.html (SKU数: 3)
2026-04-07 06:34:09,978 | INFO | ali1688_goods_monitor |   72. https://detail.1688.com/offer/950670074468.html (SKU数: 36)
2026-04-07 06:34:09,978 | INFO | ali1688_goods_monitor |   73. https://detail.1688.com/offer/1007062397648.html (SKU数: 4)
2026-04-07 06:34:09,978 | INFO | ali1688_goods_monitor |   74. https://detail.1688.com/offer/832304702315.html (SKU数: 5)
2026-04-07 06:34:09,978 | INFO | ali1688_goods_monitor |   75. https://detail.1688.com/offer/890407614753.html (SKU数: 17)
2026-04-07 06:34:09,978 | INFO | ali1688_goods_monitor |   76. https://detail.1688.com/offer/702199084381.html (SKU数: 21)
2026-04-07 06:34:09,978 | INFO | ali1688_goods_monitor |   77. https://detail.1688.com/offer/43695296576.html (SKU数: 2)
2026-04-07 06:34:09,978 | INFO | ali1688_goods_monitor |   78. https://detail.1688.com/offer/746411095420.html (SKU数: 6)
2026-04-07 06:34:09,979 | INFO | ali1688_goods_monitor |   79. https://detail.1688.com/offer/979471208168.html (SKU数: 1)
2026-04-07 06:34:09,979 | INFO | ali1688_goods_monitor |   80. https://detail.1688.com/offer/993465198242.html (SKU数: 7)
2026-04-07 06:34:09,979 | INFO | ali1688_goods_monitor |   81. https://detail.1688.com/offer/859584630627.html (SKU数: 4)
2026-04-07 06:34:09,979 | INFO | ali1688_goods_monitor |   82. https://detail.1688.com/offer/975762015590.html (SKU数: 6)
2026-04-07 06:34:09,979 | INFO | ali1688_goods_monitor |   83. https://detail.1688.com/offer/1009966785995.html (SKU数: 4)
2026-04-07 06:34:09,979 | INFO | ali1688_goods_monitor |   84. https://detail.1688.com/offer/992800642545.html (SKU数: 3)
2026-04-07 06:34:09,980 | INFO | ali1688_goods_monitor |   85. https://detail.1688.com/offer/991070192317.html (SKU数: 11)
2026-04-07 06:34:09,980 | INFO | ali1688_goods_monitor |   86. https://detail.1688.com/offer/998859559585.html (SKU数: 11)
2026-04-07 06:34:09,980 | INFO | ali1688_goods_monitor |   87. https://detail.1688.com/offer/852501307622.html (SKU数: 1)
2026-04-07 06:34:09,980 | INFO | ali1688_goods_monitor |   88. https://detail.1688.com/offer/927205288673.html (SKU数: 4)
2026-04-07 06:34:09,980 | INFO | ali1688_goods_monitor |   89. https://detail.1688.com/offer/985206853035.html (SKU数: 2)
2026-04-07 06:34:09,980 | INFO | ali1688_goods_monitor |   90. https://detail.1688.com/offer/990618054916.html (SKU数: 3)
2026-04-07 06:34:09,980 | INFO | ali1688_goods_monitor |   91. https://detail.1688.com/offer/873771926327.html (SKU数: 34)
2026-04-07 06:34:09,981 | INFO | ali1688_goods_monitor |   92. https://detail.1688.com/offer/853399095646.html (SKU数: 15)
2026-04-07 06:34:09,983 | INFO | ali1688_goods_monitor |   93. https://detail.1688.com/offer/671840552108.html (SKU数: 8)
2026-04-07 06:34:09,983 | INFO | ali1688_goods_monitor |   94. https://detail.1688.com/offer/836899798919.html (SKU数: 9)
2026-04-07 06:34:09,983 | INFO | ali1688_goods_monitor |   95. https://detail.1688.com/offer/950658287741.html (SKU数: 18)
2026-04-07 06:34:09,983 | INFO | ali1688_goods_monitor |   96. https://detail.1688.com/offer/928580021030.html (SKU数: 2)
2026-04-07 06:34:09,983 | INFO | ali1688_goods_monitor |   97. https://detail.1688.com/offer/652994949606.html (SKU数: 4)
2026-04-07 06:34:09,984 | INFO | ali1688_goods_monitor |   98. https://detail.1688.com/offer/970542473882.html (SKU数: 5)
2026-04-07 06:34:09,984 | INFO | ali1688_goods_monitor |   99. https://detail.1688.com/offer/632300625030.html (SKU数: 1)
2026-04-07 06:34:09,984 | INFO | ali1688_goods_monitor |   100. https://detail.1688.com/offer/895439014120.html (SKU数: 8)
2026-04-07 06:34:09,984 | INFO | ali1688_goods_monitor |   101. https://detail.1688.com/offer/729749403422.html (SKU数: 7)
2026-04-07 06:34:09,984 | INFO | ali1688_goods_monitor |   102. https://detail.1688.com/offer/621865712164.html (SKU数: 8)
2026-04-07 06:34:09,984 | INFO | ali1688_goods_monitor |   103. https://detail.1688.com/offer/994237964153.html (SKU数: 7)
2026-04-07 06:34:09,984 | INFO | ali1688_goods_monitor |   104. https://detail.1688.com/offer/849820903779.html (SKU数: 4)
2026-04-07 06:34:09,985 | INFO | ali1688_goods_monitor |   105. https://detail.1688.com/offer/948334688543.html (SKU数: 22)
2026-04-07 06:34:09,985 | INFO | ali1688_goods_monitor |   106. https://detail.1688.com/offer/993354315037.html (SKU数: 11)
2026-04-07 06:34:09,985 | INFO | ali1688_goods_monitor |   107. https://detail.1688.com/offer/930446969722.html (SKU数: 2)
2026-04-07 06:34:09,985 | INFO | ali1688_goods_monitor |   108. https://detail.1688.com/offer/864653527961.html (SKU数: 1)
2026-04-07 06:34:09,985 | INFO | ali1688_goods_monitor |   109. https://detail.1688.com/offer/746416939989.html (SKU数: 2)
2026-04-07 06:34:09,985 | INFO | ali1688_goods_monitor |   110. https://detail.1688.com/offer/997795598539.html (SKU数: 3)
2026-04-07 06:34:09,986 | INFO | ali1688_goods_monitor |   111. https://detail.1688.com/offer/662598267674.html (SKU数: 4)
2026-04-07 06:34:09,986 | INFO | ali1688_goods_monitor |   112. https://detail.1688.com/offer/978651830599.html (SKU数: 2)
2026-04-07 06:34:09,986 | INFO | ali1688_goods_monitor |   113. https://detail.1688.com/offer/847781001778.html (SKU数: 4)
2026-04-07 06:34:09,986 | INFO | ali1688_goods_monitor |   114. https://detail.1688.com/offer/847990628509.html (SKU数: 8)
2026-04-07 06:34:09,986 | INFO | ali1688_goods_monitor |   115. https://detail.1688.com/offer/991823064917.html (SKU数: 8)
2026-04-07 06:34:09,986 | INFO | ali1688_goods_monitor |   116. https://detail.1688.com/offer/692940339011.html (SKU数: 3)
2026-04-07 06:34:09,986 | INFO | ali1688_goods_monitor |   117. https://detail.1688.com/offer/962546716755.html (SKU数: 3)
2026-04-07 06:34:09,987 | INFO | ali1688_goods_monitor |   118. https://detail.1688.com/offer/854253039240.html (SKU数: 2)
2026-04-07 06:34:09,987 | INFO | ali1688_goods_monitor |   119. https://detail.1688.com/offer/1006668462460.html (SKU数: 12)
2026-04-07 06:34:09,987 | INFO | ali1688_goods_monitor |   120. https://detail.1688.com/offer/915854311158.html (SKU数: 5)
2026-04-07 06:34:09,987 | INFO | ali1688_goods_monitor |   121. https://detail.1688.com/offer/773383798724.html (SKU数: 10)
2026-04-07 06:34:09,988 | INFO | ali1688_goods_monitor |   122. https://detail.1688.com/offer/924140770781.html (SKU数: 2)
2026-04-07 06:34:09,988 | INFO | ali1688_goods_monitor |   123. https://detail.1688.com/offer/675880303102.html (SKU数: 1)
2026-04-07 06:34:09,988 | INFO | ali1688_goods_monitor |   124. https://detail.1688.com/offer/997359995216.html (SKU数: 4)
2026-04-07 06:34:09,989 | INFO | ali1688_goods_monitor |   125. https://detail.1688.com/offer/952611726643.html (SKU数: 2)
2026-04-07 06:34:09,989 | INFO | ali1688_goods_monitor |   126. https://detail.1688.com/offer/926941651375.html (SKU数: 10)
2026-04-07 06:34:09,989 | INFO | ali1688_goods_monitor |   127. https://detail.1688.com/offer/986179889619.html (SKU数: 3)
2026-04-07 06:34:09,989 | INFO | ali1688_goods_monitor |   128. https://detail.1688.com/offer/985998626047.html (SKU数: 4)
2026-04-07 06:34:09,989 | INFO | ali1688_goods_monitor |   129. https://detail.1688.com/offer/999860867159.html (SKU数: 1)
2026-04-07 06:34:09,990 | INFO | ali1688_goods_monitor |   130. https://detail.1688.com/offer/995364912374.html (SKU数: 3)
2026-04-07 06:34:09,990 | INFO | ali1688_goods_monitor |   131. https://detail.1688.com/offer/848195784663.html (SKU数: 6)
2026-04-07 06:34:09,990 | INFO | ali1688_goods_monitor |   132. https://detail.1688.com/offer/811638208514.html (SKU数: 3)
2026-04-07 06:34:09,990 | INFO | ali1688_goods_monitor |   133. https://detail.1688.com/offer/991467576950.html (SKU数: 40)
2026-04-07 06:34:09,991 | INFO | ali1688_goods_monitor |   134. https://detail.1688.com/offer/813592780236.html (SKU数: 2)
2026-04-07 06:34:09,991 | INFO | ali1688_goods_monitor |   135. https://detail.1688.com/offer/920664381969.html (SKU数: 4)
2026-04-07 06:34:09,991 | INFO | ali1688_goods_monitor |   136. https://detail.1688.com/offer/847784309788.html (SKU数: 2)
2026-04-07 06:34:09,991 | INFO | ali1688_goods_monitor |   137. https://detail.1688.com/offer/917143716667.html (SKU数: 4)
2026-04-07 06:34:09,991 | INFO | ali1688_goods_monitor |   138. https://detail.1688.com/offer/662629659424.html (SKU数: 4)
2026-04-07 06:34:09,992 | INFO | ali1688_goods_monitor |   139. https://detail.1688.com/offer/1039821084728.html (SKU数: None)
2026-04-07 06:34:09,992 | INFO | ali1688_goods_monitor |   140. https://detail.1688.com/offer/833863806015.html (SKU数: 5)
2026-04-07 06:34:09,993 | INFO | ali1688_goods_monitor |   141. https://detail.1688.com/offer/796066732390.html (SKU数: 6)
2026-04-07 06:34:09,993 | INFO | ali1688_goods_monitor |   142. https://detail.1688.com/offer/918745003737.html (SKU数: 6)
2026-04-07 06:34:09,993 | INFO | ali1688_goods_monitor |   143. https://detail.1688.com/offer/968025059447.html (SKU数: 6)
2026-04-07 06:34:09,993 | INFO | ali1688_goods_monitor |   144. https://detail.1688.com/offer/969889694254.html (SKU数: 27)
2026-04-07 06:34:09,993 | INFO | ali1688_goods_monitor |   145. https://detail.1688.com/offer/990374779412.html (SKU数: 3)
2026-04-07 06:34:09,993 | INFO | ali1688_goods_monitor |   146. https://detail.1688.com/offer/989391144530.html (SKU数: 40)
2026-04-07 06:34:09,993 | INFO | ali1688_goods_monitor |   147. https://detail.1688.com/offer/778105306124.html (SKU数: 1)
2026-04-07 06:34:09,994 | INFO | ali1688_goods_monitor |   148. https://detail.1688.com/offer/983142383790.html (SKU数: None)
2026-04-07 06:34:09,994 | INFO | ali1688_goods_monitor |   149. https://detail.1688.com/offer/903214944988.html (SKU数: 1)
2026-04-07 06:34:09,994 | INFO | ali1688_goods_monitor |   150. https://detail.1688.com/offer/1000261330427.html (SKU数: 1)
2026-04-07 06:34:09,994 | INFO | ali1688_goods_monitor |   151. https://detail.1688.com/offer/695065852792.html (SKU数: 2)
2026-04-07 06:34:09,994 | INFO | ali1688_goods_monitor |   152. https://detail.1688.com/offer/973730524327.html (SKU数: 11)
2026-04-07 06:34:09,995 | INFO | ali1688_goods_monitor |   153. https://detail.1688.com/offer/854773109889.html (SKU数: 1)
2026-04-07 06:34:09,995 | INFO | ali1688_goods_monitor |   154. https://detail.1688.com/offer/1001253412551.html (SKU数: 7)
2026-04-07 06:34:09,995 | INFO | ali1688_goods_monitor |   155. https://detail.1688.com/offer/909894706445.html (SKU数: 22)
2026-04-07 06:34:09,995 | INFO | ali1688_goods_monitor |   156. https://detail.1688.com/offer/678640196785.html (SKU数: 8)
2026-04-07 06:34:09,995 | INFO | ali1688_goods_monitor |   157. https://detail.1688.com/offer/855494409051.html (SKU数: 4)
2026-04-07 06:34:09,995 | INFO | ali1688_goods_monitor |   158. https://detail.1688.com/offer/854420062122.html (SKU数: 12)
2026-04-07 06:34:09,996 | INFO | ali1688_goods_monitor |   159. https://detail.1688.com/offer/997742353743.html (SKU数: 3)
2026-04-07 06:34:09,996 | INFO | ali1688_goods_monitor |   160. https://detail.1688.com/offer/939201456076.html (SKU数: 7)
2026-04-07 06:34:09,996 | INFO | ali1688_goods_monitor |   161. https://detail.1688.com/offer/818121391220.html (SKU数: 7)
2026-04-07 06:34:09,996 | INFO | ali1688_goods_monitor |   162. https://detail.1688.com/offer/955211708273.html (SKU数: 23)
2026-04-07 06:34:09,996 | INFO | ali1688_goods_monitor |   163. https://detail.1688.com/offer/668301084321.html (SKU数: 5)
2026-04-07 06:34:09,996 | INFO | ali1688_goods_monitor |   164. https://detail.1688.com/offer/900592605428.html (SKU数: 6)
2026-04-07 06:34:09,997 | INFO | ali1688_goods_monitor |   165. https://detail.1688.com/offer/653871136084.html (SKU数: 4)
2026-04-07 06:34:09,999 | INFO | ali1688_goods_monitor |   166. https://detail.1688.com/offer/834236928026.html (SKU数: 1)
2026-04-07 06:34:09,999 | INFO | ali1688_goods_monitor |   167. https://detail.1688.com/offer/847713406081.html (SKU数: 1)
2026-04-07 06:34:09,999 | INFO | ali1688_goods_monitor |   168. https://detail.1688.com/offer/626387346293.html (SKU数: 10)
2026-04-07 06:34:10,000 | INFO | ali1688_goods_monitor |   169. https://detail.1688.com/offer/985101359570.html (SKU数: 4)
2026-04-07 06:34:10,000 | INFO | ali1688_goods_monitor |   170. https://detail.1688.com/offer/984336119328.html (SKU数: 3)
2026-04-07 06:34:10,000 | INFO | ali1688_goods_monitor |   171. https://detail.1688.com/offer/709904411964.html (SKU数: 24)
2026-04-07 06:34:10,000 | INFO | ali1688_goods_monitor |   172. https://detail.1688.com/offer/985879832920.html (SKU数: 4)
2026-04-07 06:34:10,000 | INFO | ali1688_goods_monitor |   173. https://detail.1688.com/offer/716733322460.html (SKU数: 8)
2026-04-07 06:34:10,000 | INFO | ali1688_goods_monitor |   174. https://detail.1688.com/offer/847979472849.html (SKU数: 1)
2026-04-07 06:34:10,001 | INFO | ali1688_goods_monitor |   175. https://detail.1688.com/offer/906941705446.html (SKU数: 2)
2026-04-07 06:34:10,001 | INFO | ali1688_goods_monitor |   176. https://detail.1688.com/offer/848295933948.html (SKU数: 12)
2026-04-07 06:34:10,001 | INFO | ali1688_goods_monitor |   177. https://detail.1688.com/offer/661514670948.html (SKU数: 9)
2026-04-07 06:34:10,001 | INFO | ali1688_goods_monitor |   178. https://detail.1688.com/offer/672751050822.html (SKU数: 3)
2026-04-07 06:34:10,001 | INFO | ali1688_goods_monitor |   179. https://detail.1688.com/offer/661664097697.html (SKU数: 2)
2026-04-07 06:34:10,001 | INFO | ali1688_goods_monitor |   180. https://detail.1688.com/offer/676772683627.html (SKU数: 5)
2026-04-07 06:34:10,002 | INFO | ali1688_goods_monitor |   181. https://detail.1688.com/offer/987237412445.html (SKU数: 20)
2026-04-07 06:34:10,002 | INFO | ali1688_goods_monitor |   182. https://detail.1688.com/offer/992713938362.html (SKU数: 4)
2026-04-07 06:34:10,002 | INFO | ali1688_goods_monitor |   183. https://detail.1688.com/offer/686348979544.html (SKU数: 1)
2026-04-07 06:34:10,002 | INFO | ali1688_goods_monitor |   184. https://detail.1688.com/offer/678110916347.html (SKU数: 9)
2026-04-07 06:34:10,002 | INFO | ali1688_goods_monitor |   185. https://detail.1688.com/offer/946133528766.html (SKU数: 4)
2026-04-07 06:34:10,002 | INFO | ali1688_goods_monitor |   186. https://detail.1688.com/offer/987732400816.html (SKU数: 1)
2026-04-07 06:34:10,002 | INFO | ali1688_goods_monitor |   187. https://detail.1688.com/offer/975402784788.html (SKU数: 1)
2026-04-07 06:34:10,003 | INFO | ali1688_goods_monitor |   188. https://detail.1688.com/offer/903149142386.html (SKU数: 4)
2026-04-07 06:34:10,003 | INFO | ali1688_goods_monitor |   189. https://detail.1688.com/offer/991759687233.html (SKU数: 6)
2026-04-07 06:34:10,003 | INFO | ali1688_goods_monitor |   190. https://detail.1688.com/offer/847713406078.html (SKU数: 4)
2026-04-07 06:34:10,003 | INFO | ali1688_goods_monitor |   191. https://detail.1688.com/offer/942621028118.html (SKU数: 20)
2026-04-07 06:34:10,003 | INFO | ali1688_goods_monitor |   192. https://detail.1688.com/offer/998016077358.html (SKU数: 3)
2026-04-07 06:34:10,003 | INFO | ali1688_goods_monitor |   193. https://detail.1688.com/offer/724154127228.html (SKU数: 6)
2026-04-07 06:34:10,004 | INFO | ali1688_goods_monitor |   194. https://detail.1688.com/offer/675557812438.html (SKU数: 1)
2026-04-07 06:34:10,004 | INFO | ali1688_goods_monitor |   195. https://detail.1688.com/offer/972523284067.html (SKU数: 1)
2026-04-07 06:34:10,004 | INFO | ali1688_goods_monitor |   196. https://detail.1688.com/offer/990976789985.html (SKU数: 16)
2026-04-07 06:34:10,004 | INFO | ali1688_goods_monitor |   197. https://detail.1688.com/offer/992882388093.html (SKU数: 3)
2026-04-07 06:34:10,005 | INFO | ali1688_goods_monitor |   198. https://detail.1688.com/offer/990260832462.html (SKU数: 3)
2026-04-07 06:34:10,005 | INFO | ali1688_goods_monitor |   199. https://detail.1688.com/offer/683872677220.html (SKU数: 3)
2026-04-07 06:34:10,005 | INFO | ali1688_goods_monitor |   200. https://detail.1688.com/offer/646729482472.html (SKU数: 6)
2026-04-07 06:34:10,005 | INFO | ali1688_goods_monitor |   201. https://detail.1688.com/offer/858770936676.html (SKU数: 2)
2026-04-07 06:34:10,005 | INFO | ali1688_goods_monitor |   202. https://detail.1688.com/offer/994715362159.html (SKU数: 14)
2026-04-07 06:34:10,006 | INFO | ali1688_goods_monitor |   203. https://detail.1688.com/offer/917025701974.html (SKU数: 8)
2026-04-07 06:34:10,006 | INFO | ali1688_goods_monitor |   204. https://detail.1688.com/offer/848415574468.html (SKU数: 1)
2026-04-07 06:34:10,006 | INFO | ali1688_goods_monitor |   205. https://detail.1688.com/offer/538297571141.html (SKU数: 6)
2026-04-07 06:34:10,006 | INFO | ali1688_goods_monitor |   206. https://detail.1688.com/offer/895042686618.html (SKU数: 2)
2026-04-07 06:34:10,006 | INFO | ali1688_goods_monitor |   207. https://detail.1688.com/offer/969387993044.html (SKU数: 20)
2026-04-07 06:34:10,006 | INFO | ali1688_goods_monitor |   208. https://detail.1688.com/offer/670793076081.html (SKU数: 12)
2026-04-07 06:34:10,007 | INFO | ali1688_goods_monitor |   209. https://detail.1688.com/offer/978968804889.html (SKU数: 1)
2026-04-07 06:34:10,007 | INFO | ali1688_goods_monitor |   210. https://detail.1688.com/offer/854168645121.html (SKU数: 3)
2026-04-07 06:34:10,007 | INFO | ali1688_goods_monitor |   211. https://detail.1688.com/offer/900563388108.html (SKU数: 12)
2026-04-07 06:34:10,007 | INFO | ali1688_goods_monitor |   212. https://detail.1688.com/offer/1027381048230.html (SKU数: 36)
2026-04-07 06:34:10,007 | INFO | ali1688_goods_monitor |   213. https://detail.1688.com/offer/986633373239.html (SKU数: 11)
2026-04-07 06:34:10,007 | INFO | ali1688_goods_monitor |   214. https://detail.1688.com/offer/1031769907868.html (SKU数: 6)
2026-04-07 06:34:10,008 | INFO | ali1688_goods_monitor |   215. https://detail.1688.com/offer/910382293640.html (SKU数: 22)
2026-04-07 06:34:10,008 | INFO | ali1688_goods_monitor |   216. https://detail.1688.com/offer/734736330484.html (SKU数: 34)
2026-04-07 06:34:10,008 | INFO | ali1688_goods_monitor |   217. https://detail.1688.com/offer/1028239295024.html (SKU数: 1)
2026-04-07 06:34:10,008 | INFO | ali1688_goods_monitor |   218. https://detail.1688.com/offer/757454263904.html (SKU数: 1)
2026-04-07 06:34:10,008 | INFO | ali1688_goods_monitor |   219. https://detail.1688.com/offer/973247771787.html (SKU数: 2)
2026-04-07 06:34:10,009 | INFO | ali1688_goods_monitor |   220. https://detail.1688.com/offer/992863648563.html (SKU数: 11)
2026-04-07 06:34:10,009 | INFO | ali1688_goods_monitor |   221. https://detail.1688.com/offer/629652629026.html (SKU数: 5)
2026-04-07 06:34:10,009 | INFO | ali1688_goods_monitor |   222. https://detail.1688.com/offer/728912992880.html (SKU数: 24)
2026-04-07 06:34:10,009 | INFO | ali1688_goods_monitor |   223. https://detail.1688.com/offer/960725525521.html (SKU数: 10)
2026-04-07 06:34:10,009 | INFO | ali1688_goods_monitor |   224. https://detail.1688.com/offer/643044757475.html (SKU数: 41)
2026-04-07 06:34:10,009 | INFO | ali1688_goods_monitor |   225. https://detail.1688.com/offer/973255115593.html (SKU数: 36)
2026-04-07 06:34:10,010 | INFO | ali1688_goods_monitor |   226. https://detail.1688.com/offer/897059922290.html (SKU数: 5)
2026-04-07 06:34:10,010 | INFO | ali1688_goods_monitor |   227. https://detail.1688.com/offer/634658078975.html (SKU数: 16)
2026-04-07 06:34:10,010 | INFO | ali1688_goods_monitor |   228. https://detail.1688.com/offer/1035850540780.html (SKU数: 8)
2026-04-07 06:34:10,010 | INFO | ali1688_goods_monitor |   229. https://detail.1688.com/offer/984991416938.html (SKU数: 6)
2026-04-07 06:34:10,010 | INFO | ali1688_goods_monitor |   230. https://detail.1688.com/offer/847993548322.html (SKU数: 3)
2026-04-07 06:34:10,010 | INFO | ali1688_goods_monitor |   231. https://detail.1688.com/offer/1013917249205.html (SKU数: 5)
2026-04-07 06:34:10,010 | INFO | ali1688_goods_monitor |   232. https://detail.1688.com/offer/1001279554121.html (SKU数: 4)
2026-04-07 06:34:10,011 | INFO | ali1688_goods_monitor |   233. https://detail.1688.com/offer/1033404841463.html (SKU数: 4)
2026-04-07 06:34:10,011 | INFO | ali1688_goods_monitor |   234. https://detail.1688.com/offer/726064645781.html (SKU数: 6)
2026-04-07 06:34:10,011 | INFO | ali1688_goods_monitor |   235. https://detail.1688.com/offer/1024421346400.html (SKU数: 2)
2026-04-07 06:34:10,011 | INFO | ali1688_goods_monitor |   236. https://detail.1688.com/offer/809233523760.html (SKU数: 1)
2026-04-07 06:34:10,011 | INFO | ali1688_goods_monitor |   237. https://detail.1688.com/offer/847969236799.html (SKU数: 32)
2026-04-07 06:34:10,012 | INFO | ali1688_goods_monitor |   238. https://detail.1688.com/offer/990425215638.html (SKU数: 5)
2026-04-07 06:34:10,012 | INFO | ali1688_goods_monitor |   239. https://detail.1688.com/offer/969646541226.html (SKU数: 11)
2026-04-07 06:34:10,012 | INFO | ali1688_goods_monitor |   240. https://detail.1688.com/offer/952896839032.html (SKU数: 3)
2026-04-07 06:34:10,012 | INFO | ali1688_goods_monitor |   241. https://detail.1688.com/offer/970781028572.html (SKU数: 1)
2026-04-07 06:34:10,012 | INFO | ali1688_goods_monitor |   242. https://detail.1688.com/offer/929103621035.html (SKU数: 6)
2026-04-07 06:34:10,012 | INFO | ali1688_goods_monitor |   243. https://detail.1688.com/offer/795861191445.html (SKU数: 6)
2026-04-07 06:34:10,012 | INFO | ali1688_goods_monitor |   244. https://detail.1688.com/offer/990589043915.html (SKU数: 3)
2026-04-07 06:34:10,015 | INFO | ali1688_goods_monitor |   245. https://detail.1688.com/offer/974035321584.html (SKU数: 5)
2026-04-07 06:34:10,015 | INFO | ali1688_goods_monitor |   246. https://detail.1688.com/offer/728364497329.html (SKU数: 5)
2026-04-07 06:34:10,015 | INFO | ali1688_goods_monitor |   247. https://detail.1688.com/offer/658391484708.html (SKU数: 12)
2026-04-07 06:34:10,015 | INFO | ali1688_goods_monitor |   248. https://detail.1688.com/offer/622513415473.html (SKU数: 4)
2026-04-07 06:34:10,016 | INFO | ali1688_goods_monitor |   249. https://detail.1688.com/offer/687729432138.html (SKU数: 1)
2026-04-07 06:34:10,016 | INFO | ali1688_goods_monitor |   250. https://detail.1688.com/offer/858007859516.html (SKU数: 2)
2026-04-07 06:34:10,016 | INFO | ali1688_goods_monitor |   251. https://detail.1688.com/offer/727364044091.html (SKU数: 7)
2026-04-07 06:34:10,016 | INFO | ali1688_goods_monitor |   252. https://detail.1688.com/offer/1031855101004.html (SKU数: 7)
2026-04-07 06:34:10,016 | INFO | ali1688_goods_monitor |   253. https://detail.1688.com/offer/1001391447719.html (SKU数: 2)
2026-04-07 06:34:10,016 | INFO | ali1688_goods_monitor |   254. https://detail.1688.com/offer/894449366946.html (SKU数: 30)
2026-04-07 06:34:10,017 | INFO | ali1688_goods_monitor |   255. https://detail.1688.com/offer/775392792723.html (SKU数: 25)
2026-04-07 06:34:10,017 | INFO | ali1688_goods_monitor |   256. https://detail.1688.com/offer/734549030910.html (SKU数: 14)
2026-04-07 06:34:10,017 | INFO | ali1688_goods_monitor |   257. https://detail.1688.com/offer/713699292120.html (SKU数: 9)
2026-04-07 06:34:10,017 | INFO | ali1688_goods_monitor |   258. https://detail.1688.com/offer/982635289066.html (SKU数: 26)
2026-04-07 06:34:10,017 | INFO | ali1688_goods_monitor |   259. https://detail.1688.com/offer/621194315291.html (SKU数: 4)
2026-04-07 06:34:10,017 | INFO | ali1688_goods_monitor |   260. https://detail.1688.com/offer/927867865604.html (SKU数: 18)
2026-04-07 06:34:10,017 | INFO | ali1688_goods_monitor |   261. https://detail.1688.com/offer/854259763574.html (SKU数: 1)
2026-04-07 06:34:10,018 | INFO | ali1688_goods_monitor |   262. https://detail.1688.com/offer/750175006113.html (SKU数: 1)
2026-04-07 06:34:10,018 | INFO | ali1688_goods_monitor |   263. https://detail.1688.com/offer/954152497198.html (SKU数: 6)
2026-04-07 06:34:10,018 | INFO | ali1688_goods_monitor |   264. https://detail.1688.com/offer/947764418500.html (SKU数: 1)
2026-04-07 06:34:10,018 | INFO | ali1688_goods_monitor |   265. https://detail.1688.com/offer/857784361057.html (SKU数: 10)
2026-04-07 06:34:10,018 | INFO | ali1688_goods_monitor |   266. https://detail.1688.com/offer/963819028092.html (SKU数: 2)
2026-04-07 06:34:10,018 | INFO | ali1688_goods_monitor |   267. https://detail.1688.com/offer/863983065199.html (SKU数: 1)
2026-04-07 06:34:10,019 | INFO | ali1688_goods_monitor |   268. https://detail.1688.com/offer/999695394272.html (SKU数: 5)
2026-04-07 06:34:10,019 | INFO | ali1688_goods_monitor |   269. https://detail.1688.com/offer/751554304142.html (SKU数: 2)
2026-04-07 06:34:11,050 | INFO | ali1688_goods_monitor | ============================================================
2026-04-07 06:34:11,050 | INFO | ali1688_goods_monitor | 🔍 开始获取SKU信息...
2026-04-07 06:34:11,051 | INFO | ali1688_goods_monitor | 📦 共 269 个商品需要获取SKU
2026-04-07 06:34:11,051 | INFO | ali1688_goods_monitor | ============================================================
2026-04-07 06:34:11,051 | INFO | ali1688_goods_monitor | 🚀 初始化SKU获取浏览器...
2026-04-07 06:34:12,470 | INFO | ali1688_goods_monitor | 🔐 登录店雷达...
2026-04-07 06:34:28,466 | INFO | ali1688_goods_monitor | 🔍 [1/269] 获取SKU: https://detail.1688.com/offer/1026068947837.html
2026-04-07 06:34:59,345 | INFO | ali1688_goods_monitor |    ✅ 获取到 3 个SKU
2026-04-07 06:34:59,346 | INFO | ali1688_goods_monitor |    ⏳ 等待 1.0 秒后继续...
2026-04-07 06:35:00,396 | INFO | ali1688_goods_monitor | 🔍 [2/269] 获取SKU: https://detail.1688.com/offer/798059727032.html
2026-04-07 06:35:28,686 | INFO | ali1688_goods_monitor |    ✅ 获取到 16 个SKU
2026-04-07 06:35:28,686 | INFO | ali1688_goods_monitor |    ⏳ 等待 1.9 秒后继续...
2026-04-07 06:35:30,609 | INFO | ali1688_goods_monitor | 🔍 [3/269] 获取SKU: https://detail.1688.com/offer/968280048908.html
2026-04-07 06:35:59,098 | INFO | ali1688_goods_monitor |    ✅ 获取到 31 个SKU
2026-04-07 06:35:59,098 | INFO | ali1688_goods_monitor |    ⏳ 等待 2.5 秒后继续...
2026-04-07 06:36:01,562 | INFO | ali1688_goods_monitor | 🔍 [4/269] 获取SKU: https://detail.1688.com/offer/982634945037.html
2026-04-07 06:36:17,141 | INFO | ali1688_goods_monitor | 14：检测到滑块
2026-04-07 06:36:48,697 | INFO | ali1688_goods_monitor |    ✅ 获取到 26 个SKU
2026-04-07 06:36:48,697 | INFO | ali1688_goods_monitor |    ⏳ 等待 2.3 秒后继续...
2026-04-07 06:36:50,987 | INFO | ali1688_goods_monitor | 🔍 [5/269] 获取SKU: https://detail.1688.com/offer/971080031926.html
2026-04-07 06:37:19,186 | INFO | ali1688_goods_monitor |    ✅ 获取到 3 个SKU
2026-04-07 06:37:19,186 | INFO | ali1688_goods_monitor |    ⏳ 等待 1.1 秒后继续...
2026-04-07 06:37:20,310 | INFO | ali1688_goods_monitor | 🔍 [6/269] 获取SKU: https://detail.1688.com/offer/617837580726.html
2026-04-07 06:37:48,373 | INFO | ali1688_goods_monitor |    ✅ 获取到 2 个SKU
2026-04-07 06:37:48,373 | INFO | ali1688_goods_monitor |    ⏳ 等待 1.7 秒后继续...
2026-04-07 06:37:50,127 | INFO | ali1688_goods_monitor | 🔍 [7/269] 获取SKU: https://detail.1688.com/offer/971037620206.html
2026-04-07 06:38:17,989 | INFO | ali1688_goods_monitor |    ✅ 获取到 1 个SKU
2026-04-07 06:38:17,989 | INFO | ali1688_goods_monitor |    ⏳ 等待 2.4 秒后继续...
2026-04-07 06:38:20,406 | INFO | ali1688_goods_monitor | 🔍 [8/269] 获取SKU: https://detail.1688.com/offer/979203908708.html
2026-04-07 06:38:48,961 | INFO | ali1688_goods_monitor |    ✅ 获取到 24 个SKU
2026-04-07 06:38:48,962 | INFO | ali1688_goods_monitor |    ⏳ 等待 1.5 秒后继续...
2026-04-07 06:38:50,426 | INFO | ali1688_goods_monitor | 🔍 [9/269] 获取SKU: https://detail.1688.com/offer/943395574791.html
2026-04-07 06:39:04,792 | WARNING | ali1688_goods_monitor |    ⚠️ 未获取到SKU数据
2026-04-07 06:39:04,794 | INFO | ali1688_goods_monitor |    ⏳ 等待 1.8 秒后继续...
2026-04-07 06:39:06,561 | INFO | ali1688_goods_monitor | 🔍 [10/269] 获取SKU: https://detail.1688.com/offer/1016515592011.html
2026-04-07 06:39:34,279 | INFO | ali1688_goods_monitor |    ✅ 获取到 4 个SKU
2026-04-07 06:39:34,279 | INFO | ali1688_goods_monitor |    ⏳ 等待 2.4 秒后继续...
2026-04-07 06:39:36,685 | INFO | ali1688_goods_monitor | 🔍 [11/269] 获取SKU: https://detail.1688.com/offer/903613869442.html
2026-04-07 06:40:04,549 | INFO | ali1688_goods_monitor |    ✅ 获取到 4 个SKU
2026-04-07 06:40:04,549 | INFO | ali1688_goods_monitor |    ⏳ 等待 1.8 秒后继续...
2026-04-07 06:40:06,320 | INFO | ali1688_goods_monitor | 🔍 [12/269] 获取SKU: https://detail.1688.com/offer/1040782952704.html
2026-04-07 06:40:34,021 | INFO | ali1688_goods_monitor |    ✅ 获取到 1 个SKU
2026-04-07 06:40:34,021 | INFO | ali1688_goods_monitor |    ⏳ 等待 2.4 秒后继续...
2026-04-07 06:40:36,464 | INFO | ali1688_goods_monitor | 🔍 [13/269] 获取SKU: https://detail.1688.com/offer/954713432833.html
2026-04-07 06:41:04,502 | INFO | ali1688_goods_monitor |    ✅ 获取到 2 个SKU
2026-04-07 06:41:04,502 | INFO | ali1688_goods_monitor |    ⏳ 等待 1.7 秒后继续...
2026-04-07 06:41:06,191 | INFO | ali1688_goods_monitor | 🔍 [14/269] 获取SKU: https://detail.1688.com/offer/807432916292.html
2026-04-07 06:41:34,376 | INFO | ali1688_goods_monitor |    ✅ 获取到 24 个SKU
2026-04-07 06:41:34,376 | INFO | ali1688_goods_monitor |    ⏳ 等待 1.4 秒后继续...
2026-04-07 06:41:35,729 | INFO | ali1688_goods_monitor | 🔍 [15/269] 获取SKU: https://detail.1688.com/offer/835170979856.html
2026-04-07 06:42:04,023 | INFO | ali1688_goods_monitor |    ✅ 获取到 17 个SKU
2026-04-07 06:42:04,023 | INFO | ali1688_goods_monitor |    ⏳ 等待 1.2 秒后继续...
2026-04-07 06:42:05,196 | INFO | ali1688_goods_monitor | 🔍 [16/269] 获取SKU: https://detail.1688.com/offer/1005984550667.html
2026-04-07 06:42:33,915 | INFO | ali1688_goods_monitor |    ✅ 获取到 36 个SKU
2026-04-07 06:42:33,915 | INFO | ali1688_goods_monitor |    ⏳ 等待 2.2 秒后继续...
2026-04-07 06:42:36,143 | INFO | ali1688_goods_monitor | 🔍 [17/269] 获取SKU: https://detail.1688.com/offer/928700805986.html
2026-04-07 06:43:03,895 | INFO | ali1688_goods_monitor |    ✅ 获取到 2 个SKU
2026-04-07 06:43:03,895 | INFO | ali1688_goods_monitor |    ⏳ 等待 1.1 秒后继续...
2026-04-07 06:43:05,028 | INFO | ali1688_goods_monitor | 🔍 [18/269] 获取SKU: https://detail.1688.com/offer/812259607012.html
2026-04-07 06:43:33,553 | INFO | ali1688_goods_monitor |    ✅ 获取到 39 个SKU
2026-04-07 06:43:33,553 | INFO | ali1688_goods_monitor |    ⏳ 等待 1.8 秒后继续...
2026-04-07 06:43:35,318 | INFO | ali1688_goods_monitor | 🔍 [19/269] 获取SKU: https://detail.1688.com/offer/833661915665.html
2026-04-07 06:43:49,681 | WARNING | ali1688_goods_monitor |    ⚠️ 未获取到SKU数据
2026-04-07 06:43:49,684 | INFO | ali1688_goods_monitor |    ⏳ 等待 1.6 秒后继续...
2026-04-07 06:43:51,269 | INFO | ali1688_goods_monitor | 🔍 [20/269] 获取SKU: https://detail.1688.com/offer/1003272185431.html
2026-04-07 06:44:19,136 | INFO | ali1688_goods_monitor |    ✅ 获取到 5 个SKU
2026-04-07 06:44:19,136 | INFO | ali1688_goods_monitor |    ⏳ 等待 1.2 秒后继续...
2026-04-07 06:44:20,329 | INFO | ali1688_goods_monitor | 🔍 [21/269] 获取SKU: https://detail.1688.com/offer/741922490714.html
2026-04-07 06:44:48,055 | INFO | ali1688_goods_monitor |    ✅ 获取到 2 个SKU
2026-04-07 06:44:48,056 | INFO | ali1688_goods_monitor |    ⏳ 等待 2.1 秒后继续...
2026-04-07 06:44:50,185 | INFO | ali1688_goods_monitor | 🔍 [22/269] 获取SKU: https://detail.1688.com/offer/991935831793.html
2026-04-07 06:45:18,026 | INFO | ali1688_goods_monitor |    ✅ 获取到 3 个SKU
2026-04-07 06:45:18,027 | INFO | ali1688_goods_monitor |    ⏳ 等待 1.3 秒后继续...
2026-04-07 06:45:19,339 | INFO | ali1688_goods_monitor | 🔍 [23/269] 获取SKU: https://detail.1688.com/offer/969366546749.html
2026-04-07 06:45:47,242 | INFO | ali1688_goods_monitor |    ✅ 获取到 1 个SKU
2026-04-07 06:45:47,242 | INFO | ali1688_goods_monitor |    ⏳ 等待 1.9 秒后继续...
2026-04-07 06:45:49,109 | INFO | ali1688_goods_monitor | 🔍 [24/269] 获取SKU: https://detail.1688.com/offer/990409899841.html
2026-04-07 06:46:17,229 | INFO | ali1688_goods_monitor |    ✅ 获取到 7 个SKU
2026-04-07 06:46:17,230 | INFO | ali1688_goods_monitor |    ⏳ 等待 1.2 秒后继续...
2026-04-07 06:46:18,396 | INFO | ali1688_goods_monitor | 🔍 [25/269] 获取SKU: https://detail.1688.com/offer/776195311997.html
2026-04-07 06:46:32,673 | WARNING | ali1688_goods_monitor |    ⚠️ 未获取到SKU数据
2026-04-07 06:46:32,677 | INFO | ali1688_goods_monitor |    ⏳ 等待 1.9 秒后继续...
2026-04-07 06:46:34,630 | INFO | ali1688_goods_monitor | 🔍 [26/269] 获取SKU: https://detail.1688.com/offer/812514770228.html
2026-04-07 06:47:02,509 | INFO | ali1688_goods_monitor |    ✅ 获取到 2 个SKU
2026-04-07 06:47:02,509 | INFO | ali1688_goods_monitor |    ⏳ 等待 2.2 秒后继续...
2026-04-07 06:47:04,742 | INFO | ali1688_goods_monitor | 🔍 [27/269] 获取SKU: https://detail.1688.com/offer/875034473523.html
2026-04-07 06:47:32,567 | INFO | ali1688_goods_monitor |    ✅ 获取到 3 个SKU
2026-04-07 06:47:32,567 | INFO | ali1688_goods_monitor |    ⏳ 等待 1.3 秒后继续...
2026-04-07 06:47:33,874 | INFO | ali1688_goods_monitor | 🔍 [28/269] 获取SKU: https://detail.1688.com/offer/903636127402.html
2026-04-07 06:48:01,856 | INFO | ali1688_goods_monitor |    ✅ 获取到 3 个SKU
2026-04-07 06:48:01,856 | INFO | ali1688_goods_monitor |    ⏳ 等待 1.3 秒后继续...
2026-04-07 06:48:03,191 | INFO | ali1688_goods_monitor | 🔍 [29/269] 获取SKU: https://detail.1688.com/offer/889385901298.html
2026-04-07 06:48:31,034 | INFO | ali1688_goods_monitor |    ✅ 获取到 3 个SKU
2026-04-07 06:48:31,034 | INFO | ali1688_goods_monitor |    ⏳ 等待 2.1 秒后继续...
2026-04-07 06:48:33,115 | INFO | ali1688_goods_monitor | 🔍 [30/269] 获取SKU: https://detail.1688.com/offer/1013037690222.html
2026-04-07 06:49:00,979 | INFO | ali1688_goods_monitor |    ✅ 获取到 1 个SKU
2026-04-07 06:49:00,979 | INFO | ali1688_goods_monitor |    ⏳ 等待 2.4 秒后继续...
2026-04-07 06:49:03,339 | INFO | ali1688_goods_monitor | 🔍 [31/269] 获取SKU: https://detail.1688.com/offer/979396013303.html
2026-04-07 06:49:31,114 | INFO | ali1688_goods_monitor |    ✅ 获取到 1 个SKU
2026-04-07 06:49:31,115 | INFO | ali1688_goods_monitor |    ⏳ 等待 1.2 秒后继续...
2026-04-07 06:49:32,303 | INFO | ali1688_goods_monitor | 🔍 [32/269] 获取SKU: https://detail.1688.com/offer/962746907189.html
2026-04-07 06:50:00,265 | INFO | ali1688_goods_monitor |    ✅ 获取到 4 个SKU
2026-04-07 06:50:00,266 | INFO | ali1688_goods_monitor |    ⏳ 等待 1.7 秒后继续...
2026-04-07 06:50:02,004 | INFO | ali1688_goods_monitor | 🔍 [33/269] 获取SKU: https://detail.1688.com/offer/907762599791.html
2026-04-07 06:50:30,033 | INFO | ali1688_goods_monitor |    ✅ 获取到 10 个SKU
2026-04-07 06:50:30,033 | INFO | ali1688_goods_monitor |    ⏳ 等待 1.5 秒后继续...
2026-04-07 06:50:31,542 | INFO | ali1688_goods_monitor | 🔍 [34/269] 获取SKU: https://detail.1688.com/offer/1025513853144.html
2026-04-07 06:50:59,649 | INFO | ali1688_goods_monitor |    ✅ 获取到 8 个SKU
2026-04-07 06:50:59,649 | INFO | ali1688_goods_monitor |    ⏳ 等待 1.4 秒后继续...
2026-04-07 06:51:01,018 | INFO | ali1688_goods_monitor | 🔍 [35/269] 获取SKU: https://detail.1688.com/offer/895285249007.html
2026-04-07 06:51:29,685 | INFO | ali1688_goods_monitor |    ✅ 获取到 36 个SKU
2026-04-07 06:51:29,685 | INFO | ali1688_goods_monitor |    ⏳ 等待 1.8 秒后继续...
2026-04-07 06:51:31,490 | INFO | ali1688_goods_monitor | 🔍 [36/269] 获取SKU: https://detail.1688.com/offer/894936744591.html
2026-04-07 06:51:59,615 | INFO | ali1688_goods_monitor |    ✅ 获取到 16 个SKU
2026-04-07 06:51:59,615 | INFO | ali1688_goods_monitor |    ⏳ 等待 1.1 秒后继续...
2026-04-07 06:52:00,757 | INFO | ali1688_goods_monitor | 🔍 [37/269] 获取SKU: https://detail.1688.com/offer/590591825369.html
2026-04-07 06:52:29,255 | INFO | ali1688_goods_monitor |    ✅ 获取到 29 个SKU
2026-04-07 06:52:29,255 | INFO | ali1688_goods_monitor |    ⏳ 等待 2.1 秒后继续...
2026-04-07 06:52:31,362 | INFO | ali1688_goods_monitor | 🔍 [38/269] 获取SKU: https://detail.1688.com/offer/970715744477.html
2026-04-07 06:52:59,056 | INFO | ali1688_goods_monitor |    ✅ 获取到 1 个SKU
2026-04-07 06:52:59,057 | INFO | ali1688_goods_monitor |    ⏳ 等待 2.2 秒后继续...
2026-04-07 06:53:01,255 | INFO | ali1688_goods_monitor | 🔍 [39/269] 获取SKU: https://detail.1688.com/offer/811139889293.html
2026-04-07 06:53:29,175 | INFO | ali1688_goods_monitor |    ✅ 获取到 10 个SKU
2026-04-07 06:53:29,175 | INFO | ali1688_goods_monitor |    ⏳ 等待 1.7 秒后继续...
2026-04-07 06:53:30,887 | INFO | ali1688_goods_monitor | 🔍 [40/269] 获取SKU: https://detail.1688.com/offer/677301391721.html
2026-04-07 06:53:59,452 | INFO | ali1688_goods_monitor |    ✅ 获取到 25 个SKU
2026-04-07 06:53:59,452 | INFO | ali1688_goods_monitor |    ⏳ 等待 1.8 秒后继续...
2026-04-07 06:54:01,290 | INFO | ali1688_goods_monitor | 🔍 [41/269] 获取SKU: https://detail.1688.com/offer/847794753111.html
2026-04-07 06:54:29,036 | INFO | ali1688_goods_monitor |    ✅ 获取到 1 个SKU
2026-04-07 06:54:29,037 | INFO | ali1688_goods_monitor |    ⏳ 等待 2.2 秒后继续...
2026-04-07 06:54:31,256 | INFO | ali1688_goods_monitor | 🔍 [42/269] 获取SKU: https://detail.1688.com/offer/951035484615.html
2026-04-07 06:54:59,731 | INFO | ali1688_goods_monitor |    ✅ 获取到 29 个SKU
2026-04-07 06:54:59,732 | INFO | ali1688_goods_monitor |    ⏳ 等待 1.2 秒后继续...
2026-04-07 06:55:00,886 | INFO | ali1688_goods_monitor | 🔍 [43/269] 获取SKU: https://detail.1688.com/offer/826873938709.html
2026-04-07 06:55:28,793 | INFO | ali1688_goods_monitor |    ✅ 获取到 1 个SKU
2026-04-07 06:55:28,793 | INFO | ali1688_goods_monitor |    ⏳ 等待 1.8 秒后继续...
2026-04-07 06:55:30,606 | INFO | ali1688_goods_monitor | 🔍 [44/269] 获取SKU: https://detail.1688.com/offer/976178977054.html
2026-04-07 06:55:58,610 | INFO | ali1688_goods_monitor |    ✅ 获取到 5 个SKU
2026-04-07 06:55:58,610 | INFO | ali1688_goods_monitor |    ⏳ 等待 1.7 秒后继续...
2026-04-07 06:56:00,270 | INFO | ali1688_goods_monitor | 🔍 [45/269] 获取SKU: https://detail.1688.com/offer/994662909434.html
2026-04-07 06:56:28,405 | INFO | ali1688_goods_monitor |    ✅ 获取到 3 个SKU
2026-04-07 06:56:28,405 | INFO | ali1688_goods_monitor |    ⏳ 等待 1.7 秒后继续...
2026-04-07 06:56:30,106 | INFO | ali1688_goods_monitor | 🔍 [46/269] 获取SKU: https://detail.1688.com/offer/856805654657.html
2026-04-07 06:56:58,019 | INFO | ali1688_goods_monitor |    ✅ 获取到 1 个SKU
2026-04-07 06:56:58,019 | INFO | ali1688_goods_monitor |    ⏳ 等待 1.1 秒后继续...
2026-04-07 06:56:59,126 | INFO | ali1688_goods_monitor | 🔍 [47/269] 获取SKU: https://detail.1688.com/offer/902961760235.html
2026-04-07 06:57:26,939 | INFO | ali1688_goods_monitor |    ✅ 获取到 4 个SKU
2026-04-07 06:57:26,940 | INFO | ali1688_goods_monitor |    ⏳ 等待 1.3 秒后继续...
2026-04-07 06:57:28,250 | INFO | ali1688_goods_monitor | 🔍 [48/269] 获取SKU: https://detail.1688.com/offer/998051010590.html
2026-04-07 06:57:56,319 | INFO | ali1688_goods_monitor |    ✅ 获取到 4 个SKU
2026-04-07 06:57:56,319 | INFO | ali1688_goods_monitor |    ⏳ 等待 1.5 秒后继续...
2026-04-07 06:57:57,829 | INFO | ali1688_goods_monitor | 🔍 [49/269] 获取SKU: https://detail.1688.com/offer/992251601092.html
2026-04-07 06:58:26,047 | INFO | ali1688_goods_monitor |    ✅ 获取到 3 个SKU
2026-04-07 06:58:26,047 | INFO | ali1688_goods_monitor |    ⏳ 等待 1.7 秒后继续...
2026-04-07 06:58:27,785 | INFO | ali1688_goods_monitor | 🔍 [50/269] 获取SKU: https://detail.1688.com/offer/628617576125.html
2026-04-07 06:58:56,045 | INFO | ali1688_goods_monitor |    ✅ 获取到 5 个SKU
2026-04-07 06:58:56,045 | INFO | ali1688_goods_monitor |    ⏳ 等待 1.4 秒后继续...
2026-04-07 06:58:57,440 | INFO | ali1688_goods_monitor | 🔍 [51/269] 获取SKU: https://detail.1688.com/offer/970377098770.html
2026-04-07 06:59:25,834 | INFO | ali1688_goods_monitor |    ✅ 获取到 33 个SKU
2026-04-07 06:59:25,835 | INFO | ali1688_goods_monitor |    ⏳ 等待 2.4 秒后继续...
2026-04-07 06:59:28,290 | INFO | ali1688_goods_monitor | 🔍 [52/269] 获取SKU: https://detail.1688.com/offer/1000398364752.html
2026-04-07 06:59:56,293 | INFO | ali1688_goods_monitor |    ✅ 获取到 6 个SKU
2026-04-07 06:59:56,294 | INFO | ali1688_goods_monitor |    ⏳ 等待 2.1 秒后继续...
2026-04-07 06:59:58,434 | INFO | ali1688_goods_monitor | 🔍 [53/269] 获取SKU: https://detail.1688.com/offer/677709968233.html
2026-04-07 07:00:26,420 | INFO | ali1688_goods_monitor |    ✅ 获取到 5 个SKU
2026-04-07 07:00:26,420 | INFO | ali1688_goods_monitor |    ⏳ 等待 1.9 秒后继续...
2026-04-07 07:00:28,352 | INFO | ali1688_goods_monitor | 🔍 [54/269] 获取SKU: https://detail.1688.com/offer/900967422750.html
2026-04-07 07:00:56,971 | INFO | ali1688_goods_monitor |    ✅ 获取到 36 个SKU
2026-04-07 07:00:56,971 | INFO | ali1688_goods_monitor |    ⏳ 等待 1.1 秒后继续...
2026-04-07 07:00:58,059 | INFO | ali1688_goods_monitor | 🔍 [55/269] 获取SKU: https://detail.1688.com/offer/847495122732.html
2026-04-07 07:01:26,255 | INFO | ali1688_goods_monitor |    ✅ 获取到 3 个SKU
2026-04-07 07:01:26,255 | INFO | ali1688_goods_monitor |    ⏳ 等待 2.1 秒后继续...
2026-04-07 07:01:28,380 | INFO | ali1688_goods_monitor | 🔍 [56/269] 获取SKU: https://detail.1688.com/offer/950726478383.html
2026-04-07 07:01:43,647 | INFO | ali1688_goods_monitor | 14：检测到滑块
2026-04-07 07:02:16,100 | INFO | ali1688_goods_monitor |    ✅ 获取到 13 个SKU
2026-04-07 07:02:16,100 | INFO | ali1688_goods_monitor |    ⏳ 等待 1.3 秒后继续...
2026-04-07 07:02:17,403 | INFO | ali1688_goods_monitor | 🔍 [57/269] 获取SKU: https://detail.1688.com/offer/799083276279.html
2026-04-07 07:02:32,959 | INFO | ali1688_goods_monitor | 14：检测到滑块
2026-04-07 07:03:16,167 | WARNING | ali1688_goods_monitor |    ⚠️ 未获取到SKU数据
2026-04-07 07:03:16,170 | INFO | ali1688_goods_monitor |    ⏳ 等待 2.2 秒后继续...
2026-04-07 07:03:18,405 | INFO | ali1688_goods_monitor | 🔍 [58/269] 获取SKU: https://detail.1688.com/offer/681658732090.html
2026-04-07 07:03:33,126 | WARNING | ali1688_goods_monitor |    ⚠️ 未获取到SKU数据
2026-04-07 07:03:33,133 | INFO | ali1688_goods_monitor |    ⏳ 等待 1.4 秒后继续...
2026-04-07 07:03:34,575 | INFO | ali1688_goods_monitor | 🔍 [59/269] 获取SKU: https://detail.1688.com/offer/992071730825.html
2026-04-07 07:03:49,685 | INFO | ali1688_goods_monitor | 14：检测到滑块
2026-04-07 07:04:30,391 | WARNING | ali1688_goods_monitor |    ⚠️ 未获取到SKU数据
2026-04-07 07:04:30,394 | INFO | ali1688_goods_monitor |    ⏳ 等待 1.7 秒后继续...
2026-04-07 07:04:32,082 | INFO | ali1688_goods_monitor | 🔍 [60/269] 获取SKU: https://detail.1688.com/offer/1000255776437.html
2026-04-07 07:04:55,528 | ERROR | ali1688_goods_monitor |    ❌ 获取SKU失败: 
没有找到元素。
方法: ele()
参数: {'locator': 'xpath://*[@id="content"]/div[2]/div[1]/div[2]/div[1]/div[2]/div[1]/div[2]', 'index': 1, 'timeout': 10}
版本: 4.1.1.2
2026-04-07 07:04:55,528 | INFO | ali1688_goods_monitor |    ⏳ 等待 1.7 秒后继续...
2026-04-07 07:04:57,218 | INFO | ali1688_goods_monitor | 🔍 [61/269] 获取SKU: https://detail.1688.com/offer/902473655388.html
2026-04-07 07:05:12,517 | INFO | ali1688_goods_monitor | 14：检测到滑块
2026-04-07 07:05:55,725 | WARNING | ali1688_goods_monitor |    ⚠️ 未获取到SKU数据
2026-04-07 07:05:55,728 | INFO | ali1688_goods_monitor |    ⏳ 等待 1.9 秒后继续...
2026-04-07 07:05:57,641 | INFO | ali1688_goods_monitor | 🔍 [62/269] 获取SKU: https://detail.1688.com/offer/899704194303.html
2026-04-07 07:06:13,077 | INFO | ali1688_goods_monitor | 14：检测到滑块
2026-04-07 07:06:56,431 | WARNING | ali1688_goods_monitor |    ⚠️ 未获取到SKU数据
2026-04-07 07:06:56,434 | INFO | ali1688_goods_monitor |    ⏳ 等待 1.4 秒后继续...
2026-04-07 07:06:57,873 | INFO | ali1688_goods_monitor | 🔍 [63/269] 获取SKU: https://detail.1688.com/offer/873614306333.html
2026-04-07 07:07:25,912 | INFO | ali1688_goods_monitor |    ✅ 获取到 6 个SKU
2026-04-07 07:07:25,913 | INFO | ali1688_goods_monitor |    ⏳ 等待 2.1 秒后继续...
2026-04-07 07:07:28,073 | INFO | ali1688_goods_monitor | 🔍 [64/269] 获取SKU: https://detail.1688.com/offer/840249263873.html
2026-04-07 07:07:56,141 | INFO | ali1688_goods_monitor |    ✅ 获取到 7 个SKU
2026-04-07 07:07:56,141 | INFO | ali1688_goods_monitor |    ⏳ 等待 2.3 秒后继续...
2026-04-07 07:07:58,400 | INFO | ali1688_goods_monitor | 🔍 [65/269] 获取SKU: https://detail.1688.com/offer/703551244918.html
2026-04-07 07:08:26,131 | INFO | ali1688_goods_monitor |    ✅ 获取到 3 个SKU
2026-04-07 07:08:26,132 | INFO | ali1688_goods_monitor |    ⏳ 等待 1.5 秒后继续...
2026-04-07 07:08:27,620 | INFO | ali1688_goods_monitor | 🔍 [66/269] 获取SKU: https://detail.1688.com/offer/898439171537.html
2026-04-07 07:08:56,195 | INFO | ali1688_goods_monitor |    ✅ 获取到 12 个SKU
2026-04-07 07:08:56,195 | INFO | ali1688_goods_monitor |    ⏳ 等待 1.9 秒后继续...
2026-04-07 07:08:58,139 | INFO | ali1688_goods_monitor | 🔍 [67/269] 获取SKU: https://detail.1688.com/offer/789633522584.html
2026-04-07 07:09:12,585 | WARNING | ali1688_goods_monitor |    ⚠️ 未获取到SKU数据
2026-04-07 07:09:12,589 | INFO | ali1688_goods_monitor |    ⏳ 等待 1.4 秒后继续...
2026-04-07 07:09:13,975 | INFO | ali1688_goods_monitor | 🔍 [68/269] 获取SKU: https://detail.1688.com/offer/956573560393.html
2026-04-07 07:09:37,146 | ERROR | ali1688_goods_monitor |    ❌ 获取SKU失败: 
没有找到元素。
方法: ele()
参数: {'locator': 'xpath://*[@id="content"]/div[2]/div[1]/div[2]/div[1]/div[2]/div[1]/div[2]', 'index': 1, 'timeout': 10}
版本: 4.1.1.2
2026-04-07 07:09:37,146 | INFO | ali1688_goods_monitor |    ⏳ 等待 1.8 秒后继续...
2026-04-07 07:09:38,961 | INFO | ali1688_goods_monitor | 🔍 [69/269] 获取SKU: https://detail.1688.com/offer/890654399053.html
2026-04-07 07:10:07,356 | INFO | ali1688_goods_monitor |    ✅ 获取到 28 个SKU
2026-04-07 07:10:07,357 | INFO | ali1688_goods_monitor |    ⏳ 等待 1.8 秒后继续...
2026-04-07 07:10:09,207 | INFO | ali1688_goods_monitor | 🔍 [70/269] 获取SKU: https://detail.1688.com/offer/999142031933.html
2026-04-07 07:10:23,704 | WARNING | ali1688_goods_monitor |    ⚠️ 未获取到SKU数据
2026-04-07 07:10:23,705 | INFO | ali1688_goods_monitor |    ⏳ 等待 2.1 秒后继续...
2026-04-07 07:10:25,795 | INFO | ali1688_goods_monitor | 🔍 [71/269] 获取SKU: https://detail.1688.com/offer/996059989352.html
2026-04-07 07:10:41,058 | INFO | ali1688_goods_monitor | 14：检测到滑块
2026-04-07 07:11:13,455 | INFO | ali1688_goods_monitor |    ✅ 获取到 3 个SKU
2026-04-07 07:11:13,456 | INFO | ali1688_goods_monitor |    ⏳ 等待 1.4 秒后继续...
2026-04-07 07:11:14,898 | INFO | ali1688_goods_monitor | 🔍 [72/269] 获取SKU: https://detail.1688.com/offer/950670074468.html
2026-04-07 07:11:30,799 | INFO | ali1688_goods_monitor | 14：检测到滑块
2026-04-07 07:12:15,247 | WARNING | ali1688_goods_monitor |    ⚠️ 未获取到SKU数据
2026-04-07 07:12:15,251 | INFO | ali1688_goods_monitor |    ⏳ 等待 1.5 秒后继续...
2026-04-07 07:12:16,718 | INFO | ali1688_goods_monitor | 🔍 [73/269] 获取SKU: https://detail.1688.com/offer/1007062397648.html
2026-04-07 07:12:32,386 | INFO | ali1688_goods_monitor | 14：检测到滑块
2026-04-07 07:13:17,316 | WARNING | ali1688_goods_monitor |    ⚠️ 未获取到SKU数据
2026-04-07 07:13:17,320 | INFO | ali1688_goods_monitor |    ⏳ 等待 1.0 秒后继续...
2026-04-07 07:13:18,327 | INFO | ali1688_goods_monitor | 🔍 [74/269] 获取SKU: https://detail.1688.com/offer/832304702315.html
2026-04-07 07:13:33,656 | INFO | ali1688_goods_monitor | 14：检测到滑块
2026-04-07 07:14:17,102 | WARNING | ali1688_goods_monitor |    ⚠️ 未获取到SKU数据
2026-04-07 07:14:17,106 | INFO | ali1688_goods_monitor |    ⏳ 等待 1.7 秒后继续...
2026-04-07 07:14:18,823 | INFO | ali1688_goods_monitor | 🔍 [75/269] 获取SKU: https://detail.1688.com/offer/890407614753.html
2026-04-07 07:14:34,514 | INFO | ali1688_goods_monitor | 14：检测到滑块
2026-04-07 07:15:05,180 | INFO | ali1688_goods_monitor |    ✅ 获取到 17 个SKU
2026-04-07 07:15:05,180 | INFO | ali1688_goods_monitor |    ⏳ 等待 2.0 秒后继续...
2026-04-07 07:15:07,189 | INFO | ali1688_goods_monitor | 🔍 [76/269] 获取SKU: https://detail.1688.com/offer/702199084381.html
2026-04-07 07:15:35,634 | INFO | ali1688_goods_monitor |    ✅ 获取到 19 个SKU
2026-04-07 07:15:35,635 | INFO | ali1688_goods_monitor |    ⏳ 等待 1.6 秒后继续...
2026-04-07 07:15:37,238 | INFO | ali1688_goods_monitor | 🔍 [77/269] 获取SKU: https://detail.1688.com/offer/43695296576.html
2026-04-07 07:16:05,267 | INFO | ali1688_goods_monitor |    ✅ 获取到 2 个SKU
2026-04-07 07:16:05,267 | INFO | ali1688_goods_monitor |    ⏳ 等待 1.7 秒后继续...
2026-04-07 07:16:07,027 | INFO | ali1688_goods_monitor | 🔍 [78/269] 获取SKU: https://detail.1688.com/offer/746411095420.html
2026-04-07 07:16:35,402 | INFO | ali1688_goods_monitor |    ✅ 获取到 22 个SKU
2026-04-07 07:16:35,402 | INFO | ali1688_goods_monitor |    ⏳ 等待 1.4 秒后继续...
2026-04-07 07:16:36,815 | INFO | ali1688_goods_monitor | 🔍 [79/269] 获取SKU: https://detail.1688.com/offer/979471208168.html
2026-04-07 07:17:04,679 | INFO | ali1688_goods_monitor |    ✅ 获取到 1 个SKU
2026-04-07 07:17:04,679 | INFO | ali1688_goods_monitor |    ⏳ 等待 1.1 秒后继续...
2026-04-07 07:17:05,743 | INFO | ali1688_goods_monitor | 🔍 [80/269] 获取SKU: https://detail.1688.com/offer/993465198242.html
2026-04-07 07:17:33,898 | INFO | ali1688_goods_monitor |    ✅ 获取到 7 个SKU
2026-04-07 07:17:33,899 | INFO | ali1688_goods_monitor |    ⏳ 等待 1.1 秒后继续...
2026-04-07 07:17:35,000 | INFO | ali1688_goods_monitor | 🔍 [81/269] 获取SKU: https://detail.1688.com/offer/859584630627.html
2026-04-07 07:18:02,987 | INFO | ali1688_goods_monitor |    ✅ 获取到 4 个SKU
2026-04-07 07:18:02,988 | INFO | ali1688_goods_monitor |    ⏳ 等待 1.5 秒后继续...
2026-04-07 07:18:04,537 | INFO | ali1688_goods_monitor | 🔍 [82/269] 获取SKU: https://detail.1688.com/offer/975762015590.html
2026-04-07 07:18:32,392 | INFO | ali1688_goods_monitor |    ✅ 获取到 6 个SKU
2026-04-07 07:18:32,392 | INFO | ali1688_goods_monitor |    ⏳ 等待 1.7 秒后继续...
2026-04-07 07:18:34,112 | INFO | ali1688_goods_monitor | 🔍 [83/269] 获取SKU: https://detail.1688.com/offer/1009966785995.html
2026-04-07 07:19:02,087 | INFO | ali1688_goods_monitor |    ✅ 获取到 4 个SKU
2026-04-07 07:19:02,088 | INFO | ali1688_goods_monitor |    ⏳ 等待 2.3 秒后继续...
2026-04-07 07:19:04,412 | INFO | ali1688_goods_monitor | 🔍 [84/269] 获取SKU: https://detail.1688.com/offer/992800642545.html
2026-04-07 07:19:32,397 | INFO | ali1688_goods_monitor |    ✅ 获取到 3 个SKU
2026-04-07 07:19:32,397 | INFO | ali1688_goods_monitor |    ⏳ 等待 1.0 秒后继续...
2026-04-07 07:19:33,442 | INFO | ali1688_goods_monitor | 🔍 [85/269] 获取SKU: https://detail.1688.com/offer/991070192317.html
2026-04-07 07:20:01,617 | INFO | ali1688_goods_monitor |    ✅ 获取到 11 个SKU
2026-04-07 07:20:01,617 | INFO | ali1688_goods_monitor |    ⏳ 等待 1.6 秒后继续...
2026-04-07 07:20:03,201 | INFO | ali1688_goods_monitor | 🔍 [86/269] 获取SKU: https://detail.1688.com/offer/998859559585.html
2026-04-07 07:20:31,328 | INFO | ali1688_goods_monitor |    ✅ 获取到 11 个SKU
2026-04-07 07:20:31,328 | INFO | ali1688_goods_monitor |    ⏳ 等待 2.2 秒后继续...
2026-04-07 07:20:33,575 | INFO | ali1688_goods_monitor | 🔍 [87/269] 获取SKU: https://detail.1688.com/offer/852501307622.html
2026-04-07 07:21:01,641 | INFO | ali1688_goods_monitor |    ✅ 获取到 2 个SKU
2026-04-07 07:21:01,642 | INFO | ali1688_goods_monitor |    ⏳ 等待 1.7 秒后继续...
2026-04-07 07:21:03,367 | INFO | ali1688_goods_monitor | 🔍 [88/269] 获取SKU: https://detail.1688.com/offer/927205288673.html
2026-04-07 07:21:31,456 | INFO | ali1688_goods_monitor |    ✅ 获取到 4 个SKU
2026-04-07 07:21:31,456 | INFO | ali1688_goods_monitor |    ⏳ 等待 1.6 秒后继续...
2026-04-07 07:21:33,057 | INFO | ali1688_goods_monitor | 🔍 [89/269] 获取SKU: https://detail.1688.com/offer/985206853035.html
2026-04-07 07:22:00,879 | INFO | ali1688_goods_monitor |    ✅ 获取到 2 个SKU
2026-04-07 07:22:00,879 | INFO | ali1688_goods_monitor |    ⏳ 等待 1.2 秒后继续...
2026-04-07 07:22:02,100 | INFO | ali1688_goods_monitor | 🔍 [90/269] 获取SKU: https://detail.1688.com/offer/990618054916.html
2026-04-07 07:22:31,425 | INFO | ali1688_goods_monitor |    ✅ 获取到 3 个SKU
2026-04-07 07:22:31,425 | INFO | ali1688_goods_monitor |    ⏳ 等待 1.3 秒后继续...
2026-04-07 07:22:32,776 | INFO | ali1688_goods_monitor | 🔍 [91/269] 获取SKU: https://detail.1688.com/offer/873771926327.html
2026-04-07 07:23:01,299 | INFO | ali1688_goods_monitor |    ✅ 获取到 32 个SKU
2026-04-07 07:23:01,299 | INFO | ali1688_goods_monitor |    ⏳ 等待 1.6 秒后继续...
2026-04-07 07:23:02,918 | INFO | ali1688_goods_monitor | 🔍 [92/269] 获取SKU: https://detail.1688.com/offer/853399095646.html
2026-04-07 07:23:31,030 | INFO | ali1688_goods_monitor |    ✅ 获取到 5 个SKU
2026-04-07 07:23:31,031 | INFO | ali1688_goods_monitor |    ⏳ 等待 2.2 秒后继续...
2026-04-07 07:23:33,253 | INFO | ali1688_goods_monitor | 🔍 [93/269] 获取SKU: https://detail.1688.com/offer/671840552108.html
2026-04-07 07:24:01,429 | INFO | ali1688_goods_monitor |    ✅ 获取到 8 个SKU
2026-04-07 07:24:01,429 | INFO | ali1688_goods_monitor |    ⏳ 等待 1.7 秒后继续...
2026-04-07 07:24:03,185 | INFO | ali1688_goods_monitor | 🔍 [94/269] 获取SKU: https://detail.1688.com/offer/836899798919.html
2026-04-07 07:24:31,313 | INFO | ali1688_goods_monitor |    ✅ 获取到 9 个SKU
2026-04-07 07:24:31,314 | INFO | ali1688_goods_monitor |    ⏳ 等待 2.4 秒后继续...
2026-04-07 07:24:33,692 | INFO | ali1688_goods_monitor | 🔍 [95/269] 获取SKU: https://detail.1688.com/offer/950658287741.html
2026-04-07 07:25:02,040 | INFO | ali1688_goods_monitor |    ✅ 获取到 18 个SKU
2026-04-07 07:25:02,040 | INFO | ali1688_goods_monitor |    ⏳ 等待 1.8 秒后继续...
2026-04-07 07:25:03,868 | INFO | ali1688_goods_monitor | 🔍 [96/269] 获取SKU: https://detail.1688.com/offer/928580021030.html
2026-04-07 07:25:31,865 | INFO | ali1688_goods_monitor |    ✅ 获取到 2 个SKU
2026-04-07 07:25:31,865 | INFO | ali1688_goods_monitor |    ⏳ 等待 2.0 秒后继续...
2026-04-07 07:25:33,847 | INFO | ali1688_goods_monitor | 🔍 [97/269] 获取SKU: https://detail.1688.com/offer/652994949606.html
2026-04-07 07:26:02,038 | INFO | ali1688_goods_monitor |    ✅ 获取到 4 个SKU
2026-04-07 07:26:02,038 | INFO | ali1688_goods_monitor |    ⏳ 等待 2.3 秒后继续...
2026-04-07 07:26:04,310 | INFO | ali1688_goods_monitor | 🔍 [98/269] 获取SKU: https://detail.1688.com/offer/970542473882.html
2026-04-07 07:26:32,337 | INFO | ali1688_goods_monitor |    ✅ 获取到 5 个SKU
2026-04-07 07:26:32,338 | INFO | ali1688_goods_monitor |    ⏳ 等待 1.9 秒后继续...
2026-04-07 07:26:34,209 | INFO | ali1688_goods_monitor | 🔍 [99/269] 获取SKU: https://detail.1688.com/offer/632300625030.html
2026-04-07 07:27:02,065 | INFO | ali1688_goods_monitor |    ✅ 获取到 2 个SKU
2026-04-07 07:27:02,065 | INFO | ali1688_goods_monitor |    ⏳ 等待 1.4 秒后继续...
2026-04-07 07:27:03,509 | INFO | ali1688_goods_monitor | 🔍 [100/269] 获取SKU: https://detail.1688.com/offer/895439014120.html
2026-04-07 07:27:31,277 | INFO | ali1688_goods_monitor |    ✅ 获取到 8 个SKU
2026-04-07 07:27:31,277 | INFO | ali1688_goods_monitor |    ⏳ 等待 1.9 秒后继续...
2026-04-07 07:27:33,224 | INFO | ali1688_goods_monitor | 🔍 [101/269] 获取SKU: https://detail.1688.com/offer/729749403422.html
2026-04-07 07:28:01,279 | INFO | ali1688_goods_monitor |    ✅ 获取到 7 个SKU
2026-04-07 07:28:01,279 | INFO | ali1688_goods_monitor |    ⏳ 等待 2.3 秒后继续...
2026-04-07 07:28:03,536 | INFO | ali1688_goods_monitor | 🔍 [102/269] 获取SKU: https://detail.1688.com/offer/621865712164.html
2026-04-07 07:28:31,542 | INFO | ali1688_goods_monitor |    ✅ 获取到 8 个SKU
2026-04-07 07:28:31,543 | INFO | ali1688_goods_monitor |    ⏳ 等待 1.0 秒后继续...
2026-04-07 07:28:32,559 | INFO | ali1688_goods_monitor | 🔍 [103/269] 获取SKU: https://detail.1688.com/offer/994237964153.html
2026-04-07 07:29:00,489 | INFO | ali1688_goods_monitor |    ✅ 获取到 7 个SKU
2026-04-07 07:29:00,489 | INFO | ali1688_goods_monitor |    ⏳ 等待 2.2 秒后继续...
2026-04-07 07:29:02,664 | INFO | ali1688_goods_monitor | 🔍 [104/269] 获取SKU: https://detail.1688.com/offer/849820903779.html
2026-04-07 07:29:30,683 | INFO | ali1688_goods_monitor |    ✅ 获取到 4 个SKU
2026-04-07 07:29:30,684 | INFO | ali1688_goods_monitor |    ⏳ 等待 1.8 秒后继续...
2026-04-07 07:29:32,471 | INFO | ali1688_goods_monitor | 🔍 [105/269] 获取SKU: https://detail.1688.com/offer/948334688543.html
2026-04-07 07:30:00,818 | INFO | ali1688_goods_monitor |    ✅ 获取到 22 个SKU
2026-04-07 07:30:00,818 | INFO | ali1688_goods_monitor |    ⏳ 等待 1.6 秒后继续...
2026-04-07 07:30:02,459 | INFO | ali1688_goods_monitor | 🔍 [106/269] 获取SKU: https://detail.1688.com/offer/993354315037.html
2026-04-07 07:30:30,500 | INFO | ali1688_goods_monitor |    ✅ 获取到 11 个SKU
2026-04-07 07:30:30,500 | INFO | ali1688_goods_monitor |    ⏳ 等待 2.4 秒后继续...
2026-04-07 07:30:32,864 | INFO | ali1688_goods_monitor | 🔍 [107/269] 获取SKU: https://detail.1688.com/offer/930446969722.html
2026-04-07 07:31:00,837 | INFO | ali1688_goods_monitor |    ✅ 获取到 2 个SKU
2026-04-07 07:31:00,837 | INFO | ali1688_goods_monitor |    ⏳ 等待 1.8 秒后继续...
2026-04-07 07:31:02,674 | INFO | ali1688_goods_monitor | 🔍 [108/269] 获取SKU: https://detail.1688.com/offer/864653527961.html
2026-04-07 07:31:30,472 | INFO | ali1688_goods_monitor |    ✅ 获取到 1 个SKU
2026-04-07 07:31:30,473 | INFO | ali1688_goods_monitor |    ⏳ 等待 1.5 秒后继续...
2026-04-07 07:31:31,948 | INFO | ali1688_goods_monitor | 🔍 [109/269] 获取SKU: https://detail.1688.com/offer/746416939989.html
2026-04-07 07:32:00,047 | INFO | ali1688_goods_monitor |    ✅ 获取到 3 个SKU
2026-04-07 07:32:00,048 | INFO | ali1688_goods_monitor |    ⏳ 等待 2.2 秒后继续...
2026-04-07 07:32:02,296 | INFO | ali1688_goods_monitor | 🔍 [110/269] 获取SKU: https://detail.1688.com/offer/997795598539.html
2026-04-07 07:32:30,309 | INFO | ali1688_goods_monitor |    ✅ 获取到 3 个SKU
2026-04-07 07:32:30,310 | INFO | ali1688_goods_monitor |    ⏳ 等待 1.9 秒后继续...
2026-04-07 07:32:32,270 | INFO | ali1688_goods_monitor | 🔍 [111/269] 获取SKU: https://detail.1688.com/offer/662598267674.html
2026-04-07 07:33:00,322 | INFO | ali1688_goods_monitor |    ✅ 获取到 4 个SKU
2026-04-07 07:33:00,322 | INFO | ali1688_goods_monitor |    ⏳ 等待 2.2 秒后继续...
2026-04-07 07:33:02,516 | INFO | ali1688_goods_monitor | 🔍 [112/269] 获取SKU: https://detail.1688.com/offer/978651830599.html
2026-04-07 07:33:30,343 | INFO | ali1688_goods_monitor |    ✅ 获取到 2 个SKU
2026-04-07 07:33:30,344 | INFO | ali1688_goods_monitor |    ⏳ 等待 1.0 秒后继续...
2026-04-07 07:33:31,362 | INFO | ali1688_goods_monitor | 🔍 [113/269] 获取SKU: https://detail.1688.com/offer/847781001778.html
2026-04-07 07:33:59,394 | INFO | ali1688_goods_monitor |    ✅ 获取到 4 个SKU
2026-04-07 07:33:59,394 | INFO | ali1688_goods_monitor |    ⏳ 等待 1.7 秒后继续...
2026-04-07 07:34:01,111 | INFO | ali1688_goods_monitor | 🔍 [114/269] 获取SKU: https://detail.1688.com/offer/847990628509.html
2026-04-07 07:34:29,195 | INFO | ali1688_goods_monitor |    ✅ 获取到 13 个SKU
2026-04-07 07:34:29,196 | INFO | ali1688_goods_monitor |    ⏳ 等待 2.0 秒后继续...
2026-04-07 07:34:31,160 | INFO | ali1688_goods_monitor | 🔍 [115/269] 获取SKU: https://detail.1688.com/offer/991823064917.html
2026-04-07 07:34:59,368 | INFO | ali1688_goods_monitor |    ✅ 获取到 8 个SKU
2026-04-07 07:34:59,368 | INFO | ali1688_goods_monitor |    ⏳ 等待 2.1 秒后继续...
2026-04-07 07:35:01,468 | INFO | ali1688_goods_monitor | 🔍 [116/269] 获取SKU: https://detail.1688.com/offer/692940339011.html
2026-04-07 07:35:29,554 | INFO | ali1688_goods_monitor |    ✅ 获取到 3 个SKU
2026-04-07 07:35:29,554 | INFO | ali1688_goods_monitor |    ⏳ 等待 2.5 秒后继续...
2026-04-07 07:35:32,027 | INFO | ali1688_goods_monitor | 🔍 [117/269] 获取SKU: https://detail.1688.com/offer/962546716755.html
2026-04-07 07:36:00,004 | INFO | ali1688_goods_monitor |    ✅ 获取到 3 个SKU
2026-04-07 07:36:00,004 | INFO | ali1688_goods_monitor |    ⏳ 等待 1.3 秒后继续...
2026-04-07 07:36:01,300 | INFO | ali1688_goods_monitor | 🔍 [118/269] 获取SKU: https://detail.1688.com/offer/854253039240.html
2026-04-07 07:36:29,337 | INFO | ali1688_goods_monitor |    ✅ 获取到 2 个SKU
2026-04-07 07:36:29,337 | INFO | ali1688_goods_monitor |    ⏳ 等待 2.3 秒后继续...
2026-04-07 07:36:31,671 | INFO | ali1688_goods_monitor | 🔍 [119/269] 获取SKU: https://detail.1688.com/offer/1006668462460.html
2026-04-07 07:36:59,642 | INFO | ali1688_goods_monitor |    ✅ 获取到 12 个SKU
2026-04-07 07:36:59,643 | INFO | ali1688_goods_monitor |    ⏳ 等待 2.1 秒后继续...
2026-04-07 07:37:01,786 | INFO | ali1688_goods_monitor | 🔍 [120/269] 获取SKU: https://detail.1688.com/offer/915854311158.html
2026-04-07 07:37:29,946 | INFO | ali1688_goods_monitor |    ✅ 获取到 5 个SKU
2026-04-07 07:37:29,946 | INFO | ali1688_goods_monitor |    ⏳ 等待 1.9 秒后继续...
2026-04-07 07:37:31,847 | INFO | ali1688_goods_monitor | 🔍 [121/269] 获取SKU: https://detail.1688.com/offer/773383798724.html
2026-04-07 07:38:00,489 | INFO | ali1688_goods_monitor |    ✅ 获取到 30 个SKU
2026-04-07 07:38:00,489 | INFO | ali1688_goods_monitor |    ⏳ 等待 2.1 秒后继续...
2026-04-07 07:38:02,626 | INFO | ali1688_goods_monitor | 🔍 [122/269] 获取SKU: https://detail.1688.com/offer/924140770781.html
2026-04-07 07:38:30,400 | INFO | ali1688_goods_monitor |    ✅ 获取到 2 个SKU
2026-04-07 07:38:30,400 | INFO | ali1688_goods_monitor |    ⏳ 等待 2.4 秒后继续...
2026-04-07 07:38:32,840 | INFO | ali1688_goods_monitor | 🔍 [123/269] 获取SKU: https://detail.1688.com/offer/675880303102.html
2026-04-07 07:39:00,561 | INFO | ali1688_goods_monitor |    ✅ 获取到 1 个SKU
2026-04-07 07:39:00,561 | INFO | ali1688_goods_monitor |    ⏳ 等待 1.7 秒后继续...
2026-04-07 07:39:02,324 | INFO | ali1688_goods_monitor | 🔍 [124/269] 获取SKU: https://detail.1688.com/offer/997359995216.html
2026-04-07 07:39:30,386 | INFO | ali1688_goods_monitor |    ✅ 获取到 4 个SKU
2026-04-07 07:39:30,386 | INFO | ali1688_goods_monitor |    ⏳ 等待 1.2 秒后继续...
2026-04-07 07:39:31,638 | INFO | ali1688_goods_monitor | 🔍 [125/269] 获取SKU: https://detail.1688.com/offer/952611726643.html
2026-04-07 07:39:59,621 | INFO | ali1688_goods_monitor |    ✅ 获取到 2 个SKU
2026-04-07 07:39:59,622 | INFO | ali1688_goods_monitor |    ⏳ 等待 1.4 秒后继续...
2026-04-07 07:40:01,039 | INFO | ali1688_goods_monitor | 🔍 [126/269] 获取SKU: https://detail.1688.com/offer/926941651375.html
2026-04-07 07:40:28,936 | INFO | ali1688_goods_monitor |    ✅ 获取到 10 个SKU
2026-04-07 07:40:28,937 | INFO | ali1688_goods_monitor |    ⏳ 等待 1.6 秒后继续...
2026-04-07 07:40:30,504 | INFO | ali1688_goods_monitor | 🔍 [127/269] 获取SKU: https://detail.1688.com/offer/986179889619.html
2026-04-07 07:40:58,442 | INFO | ali1688_goods_monitor |    ✅ 获取到 3 个SKU
2026-04-07 07:40:58,442 | INFO | ali1688_goods_monitor |    ⏳ 等待 1.1 秒后继续...
2026-04-07 07:40:59,577 | INFO | ali1688_goods_monitor | 🔍 [128/269] 获取SKU: https://detail.1688.com/offer/985998626047.html
2026-04-07 07:41:27,441 | INFO | ali1688_goods_monitor |    ✅ 获取到 4 个SKU
2026-04-07 07:41:27,442 | INFO | ali1688_goods_monitor |    ⏳ 等待 1.9 秒后继续...
2026-04-07 07:41:29,404 | INFO | ali1688_goods_monitor | 🔍 [129/269] 获取SKU: https://detail.1688.com/offer/999860867159.html
2026-04-07 07:41:57,066 | INFO | ali1688_goods_monitor |    ✅ 获取到 1 个SKU
2026-04-07 07:41:57,066 | INFO | ali1688_goods_monitor |    ⏳ 等待 2.4 秒后继续...
2026-04-07 07:41:59,460 | INFO | ali1688_goods_monitor | 🔍 [130/269] 获取SKU: https://detail.1688.com/offer/995364912374.html
2026-04-07 07:42:27,408 | INFO | ali1688_goods_monitor |    ✅ 获取到 3 个SKU
2026-04-07 07:42:27,408 | INFO | ali1688_goods_monitor |    ⏳ 等待 2.3 秒后继续...
2026-04-07 07:42:29,735 | INFO | ali1688_goods_monitor | 🔍 [131/269] 获取SKU: https://detail.1688.com/offer/848195784663.html
2026-04-07 07:42:58,027 | INFO | ali1688_goods_monitor |    ✅ 获取到 6 个SKU
2026-04-07 07:42:58,028 | INFO | ali1688_goods_monitor |    ⏳ 等待 1.4 秒后继续...
2026-04-07 07:42:59,459 | INFO | ali1688_goods_monitor | 🔍 [132/269] 获取SKU: https://detail.1688.com/offer/811638208514.html
2026-04-07 07:43:27,339 | INFO | ali1688_goods_monitor |    ✅ 获取到 3 个SKU
2026-04-07 07:43:27,339 | INFO | ali1688_goods_monitor |    ⏳ 等待 1.9 秒后继续...
2026-04-07 07:43:29,271 | INFO | ali1688_goods_monitor | 🔍 [133/269] 获取SKU: https://detail.1688.com/offer/991467576950.html
2026-04-07 07:43:57,717 | INFO | ali1688_goods_monitor |    ✅ 获取到 40 个SKU
2026-04-07 07:43:57,718 | INFO | ali1688_goods_monitor |    ⏳ 等待 1.7 秒后继续...
2026-04-07 07:43:59,445 | INFO | ali1688_goods_monitor | 🔍 [134/269] 获取SKU: https://detail.1688.com/offer/813592780236.html
2026-04-07 07:44:27,492 | INFO | ali1688_goods_monitor |    ✅ 获取到 2 个SKU
2026-04-07 07:44:27,493 | INFO | ali1688_goods_monitor |    ⏳ 等待 1.1 秒后继续...
2026-04-07 07:44:28,642 | INFO | ali1688_goods_monitor | 🔍 [135/269] 获取SKU: https://detail.1688.com/offer/920664381969.html
2026-04-07 07:44:43,940 | INFO | ali1688_goods_monitor | 14：检测到滑块
2026-04-07 07:45:27,238 | WARNING | ali1688_goods_monitor |    ⚠️ 未获取到SKU数据
2026-04-07 07:45:27,242 | INFO | ali1688_goods_monitor |    ⏳ 等待 2.1 秒后继续...
2026-04-07 07:45:29,388 | INFO | ali1688_goods_monitor | 🔍 [136/269] 获取SKU: https://detail.1688.com/offer/847784309788.html
2026-04-07 07:45:45,006 | INFO | ali1688_goods_monitor | 14：检测到滑块
2026-04-07 07:46:27,408 | WARNING | ali1688_goods_monitor |    ⚠️ 未获取到SKU数据
2026-04-07 07:46:27,411 | INFO | ali1688_goods_monitor |    ⏳ 等待 1.9 秒后继续...
2026-04-07 07:46:29,333 | INFO | ali1688_goods_monitor | 🔍 [137/269] 获取SKU: https://detail.1688.com/offer/917143716667.html
2026-04-07 07:46:44,870 | INFO | ali1688_goods_monitor | 14：检测到滑块
2026-04-07 07:47:29,013 | WARNING | ali1688_goods_monitor |    ⚠️ 未获取到SKU数据
2026-04-07 07:47:29,016 | INFO | ali1688_goods_monitor |    ⏳ 等待 1.5 秒后继续...
2026-04-07 07:47:30,564 | INFO | ali1688_goods_monitor | 🔍 [138/269] 获取SKU: https://detail.1688.com/offer/662629659424.html
2026-04-07 07:47:46,149 | INFO | ali1688_goods_monitor | 14：检测到滑块
2026-04-07 07:48:30,249 | WARNING | ali1688_goods_monitor |    ⚠️ 未获取到SKU数据
2026-04-07 07:48:30,252 | INFO | ali1688_goods_monitor |    ⏳ 等待 1.2 秒后继续...
2026-04-07 07:48:31,416 | INFO | ali1688_goods_monitor | 🔍 [139/269] 获取SKU: https://detail.1688.com/offer/1039821084728.html
2026-04-07 07:48:46,715 | INFO | ali1688_goods_monitor | 14：检测到滑块
2026-04-07 07:49:30,858 | WARNING | ali1688_goods_monitor |    ⚠️ 未获取到SKU数据
2026-04-07 07:49:30,861 | INFO | ali1688_goods_monitor |    ⏳ 等待 1.7 秒后继续...
2026-04-07 07:49:32,554 | INFO | ali1688_goods_monitor | 🔍 [140/269] 获取SKU: https://detail.1688.com/offer/833863806015.html
2026-04-07 07:49:48,176 | INFO | ali1688_goods_monitor | 14：检测到滑块
2026-04-07 07:50:30,594 | WARNING | ali1688_goods_monitor |    ⚠️ 未获取到SKU数据
2026-04-07 07:50:30,598 | INFO | ali1688_goods_monitor |    ⏳ 等待 1.0 秒后继续...
2026-04-07 07:50:31,646 | INFO | ali1688_goods_monitor | 🔍 [141/269] 获取SKU: https://detail.1688.com/offer/796066732390.html
2026-04-07 07:50:47,085 | INFO | ali1688_goods_monitor | 14：检测到滑块
2026-04-07 07:51:31,286 | WARNING | ali1688_goods_monitor |    ⚠️ 未获取到SKU数据
2026-04-07 07:51:31,289 | INFO | ali1688_goods_monitor |    ⏳ 等待 1.1 秒后继续...
2026-04-07 07:51:32,452 | INFO | ali1688_goods_monitor | 🔍 [142/269] 获取SKU: https://detail.1688.com/offer/918745003737.html
2026-04-07 07:51:47,794 | INFO | ali1688_goods_monitor | 14：检测到滑块
2026-04-07 07:52:20,026 | INFO | ali1688_goods_monitor |    ✅ 获取到 6 个SKU
2026-04-07 07:52:20,026 | INFO | ali1688_goods_monitor |    ⏳ 等待 1.6 秒后继续...
2026-04-07 07:52:21,664 | INFO | ali1688_goods_monitor | 🔍 [143/269] 获取SKU: https://detail.1688.com/offer/968025059447.html
2026-04-07 07:52:49,612 | INFO | ali1688_goods_monitor |    ✅ 获取到 6 个SKU
2026-04-07 07:52:49,613 | INFO | ali1688_goods_monitor |    ⏳ 等待 1.4 秒后继续...
2026-04-07 07:52:50,992 | INFO | ali1688_goods_monitor | 🔍 [144/269] 获取SKU: https://detail.1688.com/offer/969889694254.html
2026-04-07 07:53:19,265 | INFO | ali1688_goods_monitor |    ✅ 获取到 27 个SKU
2026-04-07 07:53:19,265 | INFO | ali1688_goods_monitor |    ⏳ 等待 2.2 秒后继续...
2026-04-07 07:53:21,462 | INFO | ali1688_goods_monitor | 🔍 [145/269] 获取SKU: https://detail.1688.com/offer/990374779412.html
2026-04-07 07:53:49,386 | INFO | ali1688_goods_monitor |    ✅ 获取到 3 个SKU
2026-04-07 07:53:49,387 | INFO | ali1688_goods_monitor |    ⏳ 等待 2.0 秒后继续...
2026-04-07 07:53:51,399 | INFO | ali1688_goods_monitor | 🔍 [146/269] 获取SKU: https://detail.1688.com/offer/989391144530.html
2026-04-07 07:54:19,954 | INFO | ali1688_goods_monitor |    ✅ 获取到 40 个SKU
2026-04-07 07:54:19,954 | INFO | ali1688_goods_monitor |    ⏳ 等待 2.5 秒后继续...
2026-04-07 07:54:22,438 | INFO | ali1688_goods_monitor | 🔍 [147/269] 获取SKU: https://detail.1688.com/offer/778105306124.html
2026-04-07 07:54:50,476 | INFO | ali1688_goods_monitor |    ✅ 获取到 2 个SKU
2026-04-07 07:54:50,476 | INFO | ali1688_goods_monitor |    ⏳ 等待 1.4 秒后继续...
2026-04-07 07:54:51,914 | INFO | ali1688_goods_monitor | 🔍 [148/269] 获取SKU: https://detail.1688.com/offer/983142383790.html
2026-04-07 07:55:06,068 | WARNING | ali1688_goods_monitor |    ⚠️ 未获取到SKU数据
2026-04-07 07:55:06,071 | INFO | ali1688_goods_monitor |    ⏳ 等待 1.9 秒后继续...
2026-04-07 07:55:08,020 | INFO | ali1688_goods_monitor | 🔍 [149/269] 获取SKU: https://detail.1688.com/offer/903214944988.html
2026-04-07 07:55:35,732 | INFO | ali1688_goods_monitor |    ✅ 获取到 1 个SKU
2026-04-07 07:55:35,732 | INFO | ali1688_goods_monitor |    ⏳ 等待 1.2 秒后继续...
2026-04-07 07:55:36,976 | INFO | ali1688_goods_monitor | 🔍 [150/269] 获取SKU: https://detail.1688.com/offer/1000261330427.html
2026-04-07 07:56:04,973 | INFO | ali1688_goods_monitor |    ✅ 获取到 1 个SKU
2026-04-07 07:56:04,973 | INFO | ali1688_goods_monitor |    ⏳ 等待 1.6 秒后继续...
2026-04-07 07:56:06,606 | INFO | ali1688_goods_monitor | 🔍 [151/269] 获取SKU: https://detail.1688.com/offer/695065852792.html
2026-04-07 07:56:34,491 | INFO | ali1688_goods_monitor |    ✅ 获取到 2 个SKU
2026-04-07 07:56:34,492 | INFO | ali1688_goods_monitor |    ⏳ 等待 1.7 秒后继续...
2026-04-07 07:56:36,214 | INFO | ali1688_goods_monitor | 🔍 [152/269] 获取SKU: https://detail.1688.com/offer/973730524327.html
2026-04-07 07:57:04,534 | INFO | ali1688_goods_monitor |    ✅ 获取到 13 个SKU
2026-04-07 07:57:04,534 | INFO | ali1688_goods_monitor |    ⏳ 等待 2.2 秒后继续...
2026-04-07 07:57:06,736 | INFO | ali1688_goods_monitor | 🔍 [153/269] 获取SKU: https://detail.1688.com/offer/854773109889.html
2026-04-07 07:57:34,538 | INFO | ali1688_goods_monitor |    ✅ 获取到 2 个SKU
2026-04-07 07:57:34,538 | INFO | ali1688_goods_monitor |    ⏳ 等待 1.8 秒后继续...
2026-04-07 07:57:36,305 | INFO | ali1688_goods_monitor | 🔍 [154/269] 获取SKU: https://detail.1688.com/offer/1001253412551.html
2026-04-07 07:58:04,303 | INFO | ali1688_goods_monitor |    ✅ 获取到 7 个SKU
2026-04-07 07:58:04,303 | INFO | ali1688_goods_monitor |    ⏳ 等待 1.6 秒后继续...
2026-04-07 07:58:05,893 | INFO | ali1688_goods_monitor | 🔍 [155/269] 获取SKU: https://detail.1688.com/offer/909894706445.html
2026-04-07 07:58:34,582 | INFO | ali1688_goods_monitor |    ✅ 获取到 34 个SKU
2026-04-07 07:58:34,582 | INFO | ali1688_goods_monitor |    ⏳ 等待 1.7 秒后继续...
2026-04-07 07:58:36,330 | INFO | ali1688_goods_monitor | 🔍 [156/269] 获取SKU: https://detail.1688.com/offer/678640196785.html
2026-04-07 07:59:04,454 | INFO | ali1688_goods_monitor |    ✅ 获取到 9 个SKU
2026-04-07 07:59:04,454 | INFO | ali1688_goods_monitor |    ⏳ 等待 1.0 秒后继续...
2026-04-07 07:59:05,469 | INFO | ali1688_goods_monitor | 🔍 [157/269] 获取SKU: https://detail.1688.com/offer/855494409051.html
2026-04-07 07:59:33,466 | INFO | ali1688_goods_monitor |    ✅ 获取到 4 个SKU
2026-04-07 07:59:33,467 | INFO | ali1688_goods_monitor |    ⏳ 等待 1.9 秒后继续...
2026-04-07 07:59:35,378 | INFO | ali1688_goods_monitor | 🔍 [158/269] 获取SKU: https://detail.1688.com/offer/854420062122.html
2026-04-07 08:00:03,747 | INFO | ali1688_goods_monitor |    ✅ 获取到 12 个SKU
2026-04-07 08:00:03,747 | INFO | ali1688_goods_monitor |    ⏳ 等待 1.3 秒后继续...
2026-04-07 08:00:05,082 | INFO | ali1688_goods_monitor | 🔍 [159/269] 获取SKU: https://detail.1688.com/offer/997742353743.html
2026-04-07 08:00:33,145 | INFO | ali1688_goods_monitor |    ✅ 获取到 3 个SKU
2026-04-07 08:00:33,145 | INFO | ali1688_goods_monitor |    ⏳ 等待 1.3 秒后继续...
2026-04-07 08:00:34,504 | INFO | ali1688_goods_monitor | 🔍 [160/269] 获取SKU: https://detail.1688.com/offer/939201456076.html
2026-04-07 08:01:02,388 | INFO | ali1688_goods_monitor |    ✅ 获取到 7 个SKU
2026-04-07 08:01:02,388 | INFO | ali1688_goods_monitor |    ⏳ 等待 1.6 秒后继续...
2026-04-07 08:01:03,999 | INFO | ali1688_goods_monitor | 🔍 [161/269] 获取SKU: https://detail.1688.com/offer/818121391220.html
2026-04-07 08:01:32,305 | INFO | ali1688_goods_monitor |    ✅ 获取到 7 个SKU
2026-04-07 08:01:32,306 | INFO | ali1688_goods_monitor |    ⏳ 等待 1.7 秒后继续...
2026-04-07 08:01:34,039 | INFO | ali1688_goods_monitor | 🔍 [162/269] 获取SKU: https://detail.1688.com/offer/955211708273.html
2026-04-07 08:02:02,496 | INFO | ali1688_goods_monitor |    ✅ 获取到 23 个SKU
2026-04-07 08:02:02,497 | INFO | ali1688_goods_monitor |    ⏳ 等待 1.3 秒后继续...
2026-04-07 08:02:03,820 | INFO | ali1688_goods_monitor | 🔍 [163/269] 获取SKU: https://detail.1688.com/offer/668301084321.html
2026-04-07 08:02:31,736 | INFO | ali1688_goods_monitor |    ✅ 获取到 3 个SKU
2026-04-07 08:02:31,736 | INFO | ali1688_goods_monitor |    ⏳ 等待 2.0 秒后继续...
2026-04-07 08:02:33,766 | INFO | ali1688_goods_monitor | 🔍 [164/269] 获取SKU: https://detail.1688.com/offer/900592605428.html
2026-04-07 08:03:02,087 | INFO | ali1688_goods_monitor |    ✅ 获取到 6 个SKU
2026-04-07 08:03:02,087 | INFO | ali1688_goods_monitor |    ⏳ 等待 1.8 秒后继续...
2026-04-07 08:03:03,873 | INFO | ali1688_goods_monitor | 🔍 [165/269] 获取SKU: https://detail.1688.com/offer/653871136084.html
2026-04-07 08:03:31,844 | INFO | ali1688_goods_monitor |    ✅ 获取到 4 个SKU
2026-04-07 08:03:31,844 | INFO | ali1688_goods_monitor |    ⏳ 等待 1.8 秒后继续...
2026-04-07 08:03:33,678 | INFO | ali1688_goods_monitor | 🔍 [166/269] 获取SKU: https://detail.1688.com/offer/834236928026.html
2026-04-07 08:04:01,702 | INFO | ali1688_goods_monitor |    ✅ 获取到 1 个SKU
2026-04-07 08:04:01,703 | INFO | ali1688_goods_monitor |    ⏳ 等待 1.3 秒后继续...
2026-04-07 08:04:02,969 | INFO | ali1688_goods_monitor | 🔍 [167/269] 获取SKU: https://detail.1688.com/offer/847713406081.html
2026-04-07 08:04:30,976 | INFO | ali1688_goods_monitor |    ✅ 获取到 1 个SKU
2026-04-07 08:04:30,976 | INFO | ali1688_goods_monitor |    ⏳ 等待 1.2 秒后继续...
2026-04-07 08:04:32,169 | INFO | ali1688_goods_monitor | 🔍 [168/269] 获取SKU: https://detail.1688.com/offer/626387346293.html
2026-04-07 08:05:00,238 | INFO | ali1688_goods_monitor |    ✅ 获取到 3 个SKU
2026-04-07 08:05:00,238 | INFO | ali1688_goods_monitor |    ⏳ 等待 1.4 秒后继续...
2026-04-07 08:05:01,635 | INFO | ali1688_goods_monitor | 🔍 [169/269] 获取SKU: https://detail.1688.com/offer/985101359570.html
2026-04-07 08:05:29,709 | INFO | ali1688_goods_monitor |    ✅ 获取到 4 个SKU
2026-04-07 08:05:29,709 | INFO | ali1688_goods_monitor |    ⏳ 等待 2.1 秒后继续...
2026-04-07 08:05:31,860 | INFO | ali1688_goods_monitor | 🔍 [170/269] 获取SKU: https://detail.1688.com/offer/984336119328.html
2026-04-07 08:05:59,645 | INFO | ali1688_goods_monitor |    ✅ 获取到 3 个SKU
2026-04-07 08:05:59,646 | INFO | ali1688_goods_monitor |    ⏳ 等待 2.4 秒后继续...
2026-04-07 08:06:02,068 | INFO | ali1688_goods_monitor | 🔍 [171/269] 获取SKU: https://detail.1688.com/offer/709904411964.html
2026-04-07 08:06:30,408 | INFO | ali1688_goods_monitor |    ✅ 获取到 26 个SKU
2026-04-07 08:06:30,409 | INFO | ali1688_goods_monitor |    ⏳ 等待 1.3 秒后继续...
2026-04-07 08:06:31,757 | INFO | ali1688_goods_monitor | 🔍 [172/269] 获取SKU: https://detail.1688.com/offer/985879832920.html
2026-04-07 08:07:00,054 | INFO | ali1688_goods_monitor |    ✅ 获取到 4 个SKU
2026-04-07 08:07:00,054 | INFO | ali1688_goods_monitor |    ⏳ 等待 2.0 秒后继续...
2026-04-07 08:07:02,049 | INFO | ali1688_goods_monitor | 🔍 [173/269] 获取SKU: https://detail.1688.com/offer/716733322460.html
2026-04-07 08:07:30,204 | INFO | ali1688_goods_monitor |    ✅ 获取到 8 个SKU
2026-04-07 08:07:30,204 | INFO | ali1688_goods_monitor |    ⏳ 等待 1.7 秒后继续...
2026-04-07 08:07:31,904 | INFO | ali1688_goods_monitor | 🔍 [174/269] 获取SKU: https://detail.1688.com/offer/847979472849.html
2026-04-07 08:07:59,928 | INFO | ali1688_goods_monitor |    ✅ 获取到 1 个SKU
2026-04-07 08:07:59,929 | INFO | ali1688_goods_monitor |    ⏳ 等待 1.1 秒后继续...
2026-04-07 08:08:01,074 | INFO | ali1688_goods_monitor | 🔍 [175/269] 获取SKU: https://detail.1688.com/offer/906941705446.html
2026-04-07 08:08:28,997 | INFO | ali1688_goods_monitor |    ✅ 获取到 2 个SKU
2026-04-07 08:08:28,997 | INFO | ali1688_goods_monitor |    ⏳ 等待 1.6 秒后继续...
2026-04-07 08:08:30,628 | INFO | ali1688_goods_monitor | 🔍 [176/269] 获取SKU: https://detail.1688.com/offer/848295933948.html
2026-04-07 08:08:58,565 | INFO | ali1688_goods_monitor |    ✅ 获取到 12 个SKU
2026-04-07 08:08:58,565 | INFO | ali1688_goods_monitor |    ⏳ 等待 2.4 秒后继续...
2026-04-07 08:09:00,965 | INFO | ali1688_goods_monitor | 🔍 [177/269] 获取SKU: https://detail.1688.com/offer/661514670948.html
2026-04-07 08:09:29,489 | INFO | ali1688_goods_monitor |    ✅ 获取到 7 个SKU
2026-04-07 08:09:29,489 | INFO | ali1688_goods_monitor |    ⏳ 等待 1.6 秒后继续...
2026-04-07 08:09:31,061 | INFO | ali1688_goods_monitor | 🔍 [178/269] 获取SKU: https://detail.1688.com/offer/672751050822.html
2026-04-07 08:09:59,161 | INFO | ali1688_goods_monitor |    ✅ 获取到 3 个SKU
2026-04-07 08:09:59,161 | INFO | ali1688_goods_monitor |    ⏳ 等待 2.5 秒后继续...
2026-04-07 08:10:01,672 | INFO | ali1688_goods_monitor | 🔍 [179/269] 获取SKU: https://detail.1688.com/offer/661664097697.html
2026-04-07 08:10:29,729 | INFO | ali1688_goods_monitor |    ✅ 获取到 4 个SKU
2026-04-07 08:10:29,729 | INFO | ali1688_goods_monitor |    ⏳ 等待 2.0 秒后继续...
2026-04-07 08:10:31,758 | INFO | ali1688_goods_monitor | 🔍 [180/269] 获取SKU: https://detail.1688.com/offer/676772683627.html
2026-04-07 08:10:59,878 | INFO | ali1688_goods_monitor |    ✅ 获取到 3 个SKU
2026-04-07 08:10:59,878 | INFO | ali1688_goods_monitor |    ⏳ 等待 2.3 秒后继续...
2026-04-07 08:11:02,179 | INFO | ali1688_goods_monitor | 🔍 [181/269] 获取SKU: https://detail.1688.com/offer/987237412445.html
2026-04-07 08:11:30,441 | INFO | ali1688_goods_monitor |    ✅ 获取到 20 个SKU
2026-04-07 08:11:30,442 | INFO | ali1688_goods_monitor |    ⏳ 等待 2.3 秒后继续...
2026-04-07 08:11:32,714 | INFO | ali1688_goods_monitor | 🔍 [182/269] 获取SKU: https://detail.1688.com/offer/992713938362.html
2026-04-07 08:12:00,627 | INFO | ali1688_goods_monitor |    ✅ 获取到 4 个SKU
2026-04-07 08:12:00,627 | INFO | ali1688_goods_monitor |    ⏳ 等待 1.5 秒后继续...
2026-04-07 08:12:02,144 | INFO | ali1688_goods_monitor | 🔍 [183/269] 获取SKU: https://detail.1688.com/offer/686348979544.html
2026-04-07 08:12:16,552 | WARNING | ali1688_goods_monitor |    ⚠️ 未获取到SKU数据
2026-04-07 08:12:16,559 | INFO | ali1688_goods_monitor |    ⏳ 等待 1.1 秒后继续...
2026-04-07 08:12:17,692 | INFO | ali1688_goods_monitor | 🔍 [184/269] 获取SKU: https://detail.1688.com/offer/678110916347.html
2026-04-07 08:12:45,586 | INFO | ali1688_goods_monitor |    ✅ 获取到 15 个SKU
2026-04-07 08:12:45,587 | INFO | ali1688_goods_monitor |    ⏳ 等待 1.1 秒后继续...
2026-04-07 08:12:46,704 | INFO | ali1688_goods_monitor | 🔍 [185/269] 获取SKU: https://detail.1688.com/offer/946133528766.html
2026-04-07 08:13:14,707 | INFO | ali1688_goods_monitor |    ✅ 获取到 4 个SKU
2026-04-07 08:13:14,707 | INFO | ali1688_goods_monitor |    ⏳ 等待 1.6 秒后继续...
2026-04-07 08:13:16,320 | INFO | ali1688_goods_monitor | 🔍 [186/269] 获取SKU: https://detail.1688.com/offer/987732400816.html
2026-04-07 08:13:44,385 | INFO | ali1688_goods_monitor |    ✅ 获取到 1 个SKU
2026-04-07 08:13:44,385 | INFO | ali1688_goods_monitor |    ⏳ 等待 2.2 秒后继续...
2026-04-07 08:13:46,648 | INFO | ali1688_goods_monitor | 🔍 [187/269] 获取SKU: https://detail.1688.com/offer/975402784788.html
2026-04-07 08:14:09,670 | ERROR | ali1688_goods_monitor |    ❌ 获取SKU失败: 
没有找到元素。
方法: ele()
参数: {'locator': 'xpath://*[@id="content"]/div[2]/div[1]/div[2]/div[1]/div[2]/div[1]/div[2]', 'index': 1, 'timeout': 10}
版本: 4.1.1.2
2026-04-07 08:14:09,671 | INFO | ali1688_goods_monitor |    ⏳ 等待 2.3 秒后继续...
2026-04-07 08:14:11,943 | INFO | ali1688_goods_monitor | 🔍 [188/269] 获取SKU: https://detail.1688.com/offer/903149142386.html
2026-04-07 08:14:40,037 | INFO | ali1688_goods_monitor |    ✅ 获取到 5 个SKU
2026-04-07 08:14:40,037 | INFO | ali1688_goods_monitor |    ⏳ 等待 1.6 秒后继续...
2026-04-07 08:14:41,674 | INFO | ali1688_goods_monitor | 🔍 [189/269] 获取SKU: https://detail.1688.com/offer/991759687233.html
2026-04-07 08:15:09,587 | INFO | ali1688_goods_monitor |    ✅ 获取到 4 个SKU
2026-04-07 08:15:09,587 | INFO | ali1688_goods_monitor |    ⏳ 等待 1.7 秒后继续...
2026-04-07 08:15:11,312 | INFO | ali1688_goods_monitor | 🔍 [190/269] 获取SKU: https://detail.1688.com/offer/847713406078.html
2026-04-07 08:15:39,449 | INFO | ali1688_goods_monitor |    ✅ 获取到 2 个SKU
2026-04-07 08:15:39,450 | INFO | ali1688_goods_monitor |    ⏳ 等待 1.6 秒后继续...
2026-04-07 08:15:41,088 | INFO | ali1688_goods_monitor | 🔍 [191/269] 获取SKU: https://detail.1688.com/offer/942621028118.html
2026-04-07 08:16:09,655 | INFO | ali1688_goods_monitor |    ✅ 获取到 20 个SKU
2026-04-07 08:16:09,655 | INFO | ali1688_goods_monitor |    ⏳ 等待 1.1 秒后继续...
2026-04-07 08:16:10,757 | INFO | ali1688_goods_monitor | 🔍 [192/269] 获取SKU: https://detail.1688.com/offer/998016077358.html
2026-04-07 08:16:38,581 | INFO | ali1688_goods_monitor |    ✅ 获取到 3 个SKU
2026-04-07 08:16:38,581 | INFO | ali1688_goods_monitor |    ⏳ 等待 2.3 秒后继续...
2026-04-07 08:16:40,923 | INFO | ali1688_goods_monitor | 🔍 [193/269] 获取SKU: https://detail.1688.com/offer/724154127228.html
2026-04-07 08:17:08,990 | INFO | ali1688_goods_monitor |    ✅ 获取到 7 个SKU
2026-04-07 08:17:08,990 | INFO | ali1688_goods_monitor |    ⏳ 等待 2.1 秒后继续...
2026-04-07 08:17:11,105 | INFO | ali1688_goods_monitor | 🔍 [194/269] 获取SKU: https://detail.1688.com/offer/675557812438.html
2026-04-07 08:17:39,265 | INFO | ali1688_goods_monitor |    ✅ 获取到 1 个SKU
2026-04-07 08:17:39,265 | INFO | ali1688_goods_monitor |    ⏳ 等待 2.3 秒后继续...
2026-04-07 08:17:41,596 | INFO | ali1688_goods_monitor | 🔍 [195/269] 获取SKU: https://detail.1688.com/offer/972523284067.html
2026-04-07 08:18:09,252 | INFO | ali1688_goods_monitor |    ✅ 获取到 1 个SKU
2026-04-07 08:18:09,252 | INFO | ali1688_goods_monitor |    ⏳ 等待 1.5 秒后继续...
2026-04-07 08:18:10,780 | INFO | ali1688_goods_monitor | 🔍 [196/269] 获取SKU: https://detail.1688.com/offer/990976789985.html
2026-04-07 08:18:39,457 | INFO | ali1688_goods_monitor |    ✅ 获取到 16 个SKU
2026-04-07 08:18:39,457 | INFO | ali1688_goods_monitor |    ⏳ 等待 1.5 秒后继续...
2026-04-07 08:18:40,972 | INFO | ali1688_goods_monitor | 🔍 [197/269] 获取SKU: https://detail.1688.com/offer/992882388093.html
2026-04-07 08:19:08,668 | INFO | ali1688_goods_monitor |    ✅ 获取到 3 个SKU
2026-04-07 08:19:08,668 | INFO | ali1688_goods_monitor |    ⏳ 等待 1.7 秒后继续...
2026-04-07 08:19:10,385 | INFO | ali1688_goods_monitor | 🔍 [198/269] 获取SKU: https://detail.1688.com/offer/990260832462.html
2026-04-07 08:19:38,091 | INFO | ali1688_goods_monitor |    ✅ 获取到 3 个SKU
2026-04-07 08:19:38,092 | INFO | ali1688_goods_monitor |    ⏳ 等待 1.3 秒后继续...
2026-04-07 08:19:39,377 | INFO | ali1688_goods_monitor | 🔍 [199/269] 获取SKU: https://detail.1688.com/offer/683872677220.html
2026-04-07 08:20:07,348 | INFO | ali1688_goods_monitor |    ✅ 获取到 3 个SKU
2026-04-07 08:20:07,349 | INFO | ali1688_goods_monitor |    ⏳ 等待 1.2 秒后继续...
2026-04-07 08:20:08,590 | INFO | ali1688_goods_monitor | 🔍 [200/269] 获取SKU: https://detail.1688.com/offer/646729482472.html
2026-04-07 08:20:36,581 | INFO | ali1688_goods_monitor |    ✅ 获取到 6 个SKU
2026-04-07 08:20:36,581 | INFO | ali1688_goods_monitor |    ⏳ 等待 1.7 秒后继续...
2026-04-07 08:20:38,260 | INFO | ali1688_goods_monitor | 🔍 [201/269] 获取SKU: https://detail.1688.com/offer/858770936676.html
2026-04-07 08:21:06,101 | INFO | ali1688_goods_monitor |    ✅ 获取到 2 个SKU
2026-04-07 08:21:06,101 | INFO | ali1688_goods_monitor |    ⏳ 等待 2.1 秒后继续...
2026-04-07 08:21:08,186 | INFO | ali1688_goods_monitor | 🔍 [202/269] 获取SKU: https://detail.1688.com/offer/994715362159.html
2026-04-07 08:21:36,095 | INFO | ali1688_goods_monitor |    ✅ 获取到 14 个SKU
2026-04-07 08:21:36,095 | INFO | ali1688_goods_monitor |    ⏳ 等待 2.5 秒后继续...
2026-04-07 08:21:38,585 | INFO | ali1688_goods_monitor | 🔍 [203/269] 获取SKU: https://detail.1688.com/offer/917025701974.html
2026-04-07 08:22:06,728 | INFO | ali1688_goods_monitor |    ✅ 获取到 8 个SKU
2026-04-07 08:22:06,728 | INFO | ali1688_goods_monitor |    ⏳ 等待 1.4 秒后继续...
2026-04-07 08:22:08,145 | INFO | ali1688_goods_monitor | 🔍 [204/269] 获取SKU: https://detail.1688.com/offer/848415574468.html
2026-04-07 08:22:36,076 | INFO | ali1688_goods_monitor |    ✅ 获取到 1 个SKU
2026-04-07 08:22:36,076 | INFO | ali1688_goods_monitor |    ⏳ 等待 2.1 秒后继续...
2026-04-07 08:22:38,196 | INFO | ali1688_goods_monitor | 🔍 [205/269] 获取SKU: https://detail.1688.com/offer/538297571141.html
2026-04-07 08:23:06,420 | INFO | ali1688_goods_monitor |    ✅ 获取到 6 个SKU
2026-04-07 08:23:06,420 | INFO | ali1688_goods_monitor |    ⏳ 等待 2.0 秒后继续...
2026-04-07 08:23:08,455 | INFO | ali1688_goods_monitor | 🔍 [206/269] 获取SKU: https://detail.1688.com/offer/895042686618.html
2026-04-07 08:23:36,482 | INFO | ali1688_goods_monitor |    ✅ 获取到 2 个SKU
2026-04-07 08:23:36,482 | INFO | ali1688_goods_monitor |    ⏳ 等待 1.8 秒后继续...
2026-04-07 08:23:38,270 | INFO | ali1688_goods_monitor | 🔍 [207/269] 获取SKU: https://detail.1688.com/offer/969387993044.html
2026-04-07 08:24:06,607 | INFO | ali1688_goods_monitor |    ✅ 获取到 20 个SKU
2026-04-07 08:24:06,608 | INFO | ali1688_goods_monitor |    ⏳ 等待 1.4 秒后继续...
2026-04-07 08:24:08,057 | INFO | ali1688_goods_monitor | 🔍 [208/269] 获取SKU: https://detail.1688.com/offer/670793076081.html
2026-04-07 08:24:36,770 | INFO | ali1688_goods_monitor |    ✅ 获取到 11 个SKU
2026-04-07 08:24:36,770 | INFO | ali1688_goods_monitor |    ⏳ 等待 2.1 秒后继续...
2026-04-07 08:24:38,890 | INFO | ali1688_goods_monitor | 🔍 [209/269] 获取SKU: https://detail.1688.com/offer/978968804889.html
2026-04-07 08:25:06,833 | INFO | ali1688_goods_monitor |    ✅ 获取到 1 个SKU
2026-04-07 08:25:06,835 | INFO | ali1688_goods_monitor |    ⏳ 等待 2.5 秒后继续...
2026-04-07 08:25:09,327 | INFO | ali1688_goods_monitor | 🔍 [210/269] 获取SKU: https://detail.1688.com/offer/854168645121.html
2026-04-07 08:25:37,506 | INFO | ali1688_goods_monitor |    ✅ 获取到 9 个SKU
2026-04-07 08:25:37,506 | INFO | ali1688_goods_monitor |    ⏳ 等待 1.6 秒后继续...
2026-04-07 08:25:39,144 | INFO | ali1688_goods_monitor | 🔍 [211/269] 获取SKU: https://detail.1688.com/offer/900563388108.html
2026-04-07 08:26:07,140 | INFO | ali1688_goods_monitor |    ✅ 获取到 12 个SKU
2026-04-07 08:26:07,140 | INFO | ali1688_goods_monitor |    ⏳ 等待 2.5 秒后继续...
2026-04-07 08:26:09,626 | INFO | ali1688_goods_monitor | 🔍 [212/269] 获取SKU: https://detail.1688.com/offer/1027381048230.html
2026-04-07 08:26:33,008 | INFO | ali1688_goods_monitor | 14：检测到滑块
2026-04-07 08:27:04,229 | INFO | ali1688_goods_monitor |    ✅ 获取到 36 个SKU
2026-04-07 08:27:04,229 | INFO | ali1688_goods_monitor |    ⏳ 等待 1.6 秒后继续...
2026-04-07 08:27:05,815 | INFO | ali1688_goods_monitor | 🔍 [213/269] 获取SKU: https://detail.1688.com/offer/986633373239.html
2026-04-07 08:27:21,687 | INFO | ali1688_goods_monitor | 14：检测到滑块
2026-04-07 08:28:04,083 | WARNING | ali1688_goods_monitor |    ⚠️ 未获取到SKU数据
2026-04-07 08:28:04,087 | INFO | ali1688_goods_monitor |    ⏳ 等待 1.2 秒后继续...
2026-04-07 08:28:05,272 | INFO | ali1688_goods_monitor | 🔍 [214/269] 获取SKU: https://detail.1688.com/offer/1031769907868.html
2026-04-07 08:28:21,026 | INFO | ali1688_goods_monitor | 14：检测到滑块
2026-04-07 08:29:04,313 | WARNING | ali1688_goods_monitor |    ⚠️ 未获取到SKU数据
2026-04-07 08:29:04,317 | INFO | ali1688_goods_monitor |    ⏳ 等待 1.5 秒后继续...
2026-04-07 08:29:05,856 | INFO | ali1688_goods_monitor | 🔍 [215/269] 获取SKU: https://detail.1688.com/offer/910382293640.html
2026-04-07 08:29:21,610 | INFO | ali1688_goods_monitor | 14：检测到滑块
2026-04-07 08:29:52,225 | INFO | ali1688_goods_monitor |    ✅ 获取到 36 个SKU
2026-04-07 08:29:52,225 | INFO | ali1688_goods_monitor |    ⏳ 等待 1.9 秒后继续...
2026-04-07 08:29:54,117 | INFO | ali1688_goods_monitor | 🔍 [216/269] 获取SKU: https://detail.1688.com/offer/734736330484.html
2026-04-07 08:30:22,791 | INFO | ali1688_goods_monitor |    ✅ 获取到 36 个SKU
2026-04-07 08:30:22,792 | INFO | ali1688_goods_monitor |    ⏳ 等待 2.1 秒后继续...
2026-04-07 08:30:24,944 | INFO | ali1688_goods_monitor | 🔍 [217/269] 获取SKU: https://detail.1688.com/offer/1028239295024.html
2026-04-07 08:30:52,763 | INFO | ali1688_goods_monitor |    ✅ 获取到 1 个SKU
2026-04-07 08:30:52,764 | INFO | ali1688_goods_monitor |    ⏳ 等待 2.4 秒后继续...
2026-04-07 08:30:55,173 | INFO | ali1688_goods_monitor | 🔍 [218/269] 获取SKU: https://detail.1688.com/offer/757454263904.html
2026-04-07 08:31:23,055 | INFO | ali1688_goods_monitor |    ✅ 获取到 1 个SKU
2026-04-07 08:31:23,056 | INFO | ali1688_goods_monitor |    ⏳ 等待 2.0 秒后继续...
2026-04-07 08:31:25,092 | INFO | ali1688_goods_monitor | 🔍 [219/269] 获取SKU: https://detail.1688.com/offer/973247771787.html
2026-04-07 08:31:53,102 | INFO | ali1688_goods_monitor |    ✅ 获取到 2 个SKU
2026-04-07 08:31:53,102 | INFO | ali1688_goods_monitor |    ⏳ 等待 1.1 秒后继续...
2026-04-07 08:31:54,168 | INFO | ali1688_goods_monitor | 🔍 [220/269] 获取SKU: https://detail.1688.com/offer/992863648563.html
2026-04-07 08:32:22,152 | INFO | ali1688_goods_monitor |    ✅ 获取到 11 个SKU
2026-04-07 08:32:22,153 | INFO | ali1688_goods_monitor |    ⏳ 等待 2.0 秒后继续...
2026-04-07 08:32:24,201 | INFO | ali1688_goods_monitor | 🔍 [221/269] 获取SKU: https://detail.1688.com/offer/629652629026.html
2026-04-07 08:32:52,335 | INFO | ali1688_goods_monitor |    ✅ 获取到 5 个SKU
2026-04-07 08:32:52,335 | INFO | ali1688_goods_monitor |    ⏳ 等待 2.0 秒后继续...
2026-04-07 08:32:54,318 | INFO | ali1688_goods_monitor | 🔍 [222/269] 获取SKU: https://detail.1688.com/offer/728912992880.html
2026-04-07 08:33:22,938 | INFO | ali1688_goods_monitor |    ✅ 获取到 24 个SKU
2026-04-07 08:33:22,939 | INFO | ali1688_goods_monitor |    ⏳ 等待 1.5 秒后继续...
2026-04-07 08:33:24,485 | INFO | ali1688_goods_monitor | 🔍 [223/269] 获取SKU: https://detail.1688.com/offer/960725525521.html
2026-04-07 08:33:52,373 | INFO | ali1688_goods_monitor |    ✅ 获取到 10 个SKU
2026-04-07 08:33:52,373 | INFO | ali1688_goods_monitor |    ⏳ 等待 1.1 秒后继续...
2026-04-07 08:33:53,518 | INFO | ali1688_goods_monitor | 🔍 [224/269] 获取SKU: https://detail.1688.com/offer/643044757475.html
2026-04-07 08:34:22,405 | INFO | ali1688_goods_monitor |    ✅ 获取到 45 个SKU
2026-04-07 08:34:22,405 | INFO | ali1688_goods_monitor |    ⏳ 等待 1.7 秒后继续...
2026-04-07 08:34:24,064 | INFO | ali1688_goods_monitor | 🔍 [225/269] 获取SKU: https://detail.1688.com/offer/973255115593.html
2026-04-07 08:34:52,911 | INFO | ali1688_goods_monitor |    ✅ 获取到 36 个SKU
2026-04-07 08:34:52,911 | INFO | ali1688_goods_monitor |    ⏳ 等待 1.4 秒后继续...
2026-04-07 08:34:54,315 | INFO | ali1688_goods_monitor | 🔍 [226/269] 获取SKU: https://detail.1688.com/offer/897059922290.html
2026-04-07 08:35:22,304 | INFO | ali1688_goods_monitor |    ✅ 获取到 5 个SKU
2026-04-07 08:35:22,304 | INFO | ali1688_goods_monitor |    ⏳ 等待 2.4 秒后继续...
2026-04-07 08:35:24,762 | INFO | ali1688_goods_monitor | 🔍 [227/269] 获取SKU: https://detail.1688.com/offer/634658078975.html
2026-04-07 08:35:53,227 | INFO | ali1688_goods_monitor |    ✅ 获取到 18 个SKU
2026-04-07 08:35:53,227 | INFO | ali1688_goods_monitor |    ⏳ 等待 2.3 秒后继续...
2026-04-07 08:35:55,577 | INFO | ali1688_goods_monitor | 🔍 [228/269] 获取SKU: https://detail.1688.com/offer/1035850540780.html
2026-04-07 08:36:23,739 | INFO | ali1688_goods_monitor |    ✅ 获取到 8 个SKU
2026-04-07 08:36:23,739 | INFO | ali1688_goods_monitor |    ⏳ 等待 1.7 秒后继续...
2026-04-07 08:36:25,440 | INFO | ali1688_goods_monitor | 🔍 [229/269] 获取SKU: https://detail.1688.com/offer/984991416938.html
2026-04-07 08:36:53,225 | INFO | ali1688_goods_monitor |    ✅ 获取到 6 个SKU
2026-04-07 08:36:53,225 | INFO | ali1688_goods_monitor |    ⏳ 等待 1.0 秒后继续...
2026-04-07 08:36:54,257 | INFO | ali1688_goods_monitor | 🔍 [230/269] 获取SKU: https://detail.1688.com/offer/847993548322.html
2026-04-07 08:37:22,250 | INFO | ali1688_goods_monitor |    ✅ 获取到 3 个SKU
2026-04-07 08:37:22,251 | INFO | ali1688_goods_monitor |    ⏳ 等待 1.8 秒后继续...
2026-04-07 08:37:24,082 | INFO | ali1688_goods_monitor | 🔍 [231/269] 获取SKU: https://detail.1688.com/offer/1013917249205.html
2026-04-07 08:37:52,134 | INFO | ali1688_goods_monitor |    ✅ 获取到 5 个SKU
2026-04-07 08:37:52,134 | INFO | ali1688_goods_monitor |    ⏳ 等待 1.0 秒后继续...
2026-04-07 08:37:53,170 | INFO | ali1688_goods_monitor | 🔍 [232/269] 获取SKU: https://detail.1688.com/offer/1001279554121.html
2026-04-07 08:38:20,767 | INFO | ali1688_goods_monitor |    ✅ 获取到 4 个SKU
2026-04-07 08:38:20,767 | INFO | ali1688_goods_monitor |    ⏳ 等待 1.3 秒后继续...
2026-04-07 08:38:22,094 | INFO | ali1688_goods_monitor | 🔍 [233/269] 获取SKU: https://detail.1688.com/offer/1033404841463.html
2026-04-07 08:38:50,078 | INFO | ali1688_goods_monitor |    ✅ 获取到 4 个SKU
2026-04-07 08:38:50,078 | INFO | ali1688_goods_monitor |    ⏳ 等待 1.4 秒后继续...
2026-04-07 08:38:51,452 | INFO | ali1688_goods_monitor | 🔍 [234/269] 获取SKU: https://detail.1688.com/offer/726064645781.html
2026-04-07 08:39:19,572 | INFO | ali1688_goods_monitor |    ✅ 获取到 5 个SKU
2026-04-07 08:39:19,572 | INFO | ali1688_goods_monitor |    ⏳ 等待 2.2 秒后继续...
2026-04-07 08:39:21,738 | INFO | ali1688_goods_monitor | 🔍 [235/269] 获取SKU: https://detail.1688.com/offer/1024421346400.html
2026-04-07 08:39:49,645 | INFO | ali1688_goods_monitor |    ✅ 获取到 2 个SKU
2026-04-07 08:39:49,645 | INFO | ali1688_goods_monitor |    ⏳ 等待 2.2 秒后继续...
2026-04-07 08:39:51,878 | INFO | ali1688_goods_monitor | 🔍 [236/269] 获取SKU: https://detail.1688.com/offer/809233523760.html
2026-04-07 08:40:19,823 | INFO | ali1688_goods_monitor |    ✅ 获取到 1 个SKU
2026-04-07 08:40:19,823 | INFO | ali1688_goods_monitor |    ⏳ 等待 2.2 秒后继续...
2026-04-07 08:40:22,077 | INFO | ali1688_goods_monitor | 🔍 [237/269] 获取SKU: https://detail.1688.com/offer/847969236799.html
2026-04-07 08:40:50,804 | INFO | ali1688_goods_monitor |    ✅ 获取到 32 个SKU
2026-04-07 08:40:50,804 | INFO | ali1688_goods_monitor |    ⏳ 等待 1.9 秒后继续...
2026-04-07 08:40:52,676 | INFO | ali1688_goods_monitor | 🔍 [238/269] 获取SKU: https://detail.1688.com/offer/990425215638.html
2026-04-07 08:41:20,834 | INFO | ali1688_goods_monitor |    ✅ 获取到 5 个SKU
2026-04-07 08:41:20,834 | INFO | ali1688_goods_monitor |    ⏳ 等待 2.0 秒后继续...
2026-04-07 08:41:22,858 | INFO | ali1688_goods_monitor | 🔍 [239/269] 获取SKU: https://detail.1688.com/offer/969646541226.html
2026-04-07 08:41:51,081 | INFO | ali1688_goods_monitor |    ✅ 获取到 11 个SKU
2026-04-07 08:41:51,081 | INFO | ali1688_goods_monitor |    ⏳ 等待 1.8 秒后继续...
2026-04-07 08:41:52,927 | INFO | ali1688_goods_monitor | 🔍 [240/269] 获取SKU: https://detail.1688.com/offer/952896839032.html
2026-04-07 08:42:20,783 | INFO | ali1688_goods_monitor |    ✅ 获取到 2 个SKU
2026-04-07 08:42:20,784 | INFO | ali1688_goods_monitor |    ⏳ 等待 1.8 秒后继续...
2026-04-07 08:42:22,594 | INFO | ali1688_goods_monitor | 🔍 [241/269] 获取SKU: https://detail.1688.com/offer/970781028572.html
2026-04-07 08:42:50,688 | INFO | ali1688_goods_monitor |    ✅ 获取到 5 个SKU
2026-04-07 08:42:50,688 | INFO | ali1688_goods_monitor |    ⏳ 等待 1.4 秒后继续...
2026-04-07 08:42:52,069 | INFO | ali1688_goods_monitor | 🔍 [242/269] 获取SKU: https://detail.1688.com/offer/929103621035.html
2026-04-07 08:43:20,008 | INFO | ali1688_goods_monitor |    ✅ 获取到 6 个SKU
2026-04-07 08:43:20,008 | INFO | ali1688_goods_monitor |    ⏳ 等待 2.0 秒后继续...
2026-04-07 08:43:22,007 | INFO | ali1688_goods_monitor | 🔍 [243/269] 获取SKU: https://detail.1688.com/offer/795861191445.html
2026-04-07 08:43:49,916 | INFO | ali1688_goods_monitor |    ✅ 获取到 6 个SKU
2026-04-07 08:43:49,916 | INFO | ali1688_goods_monitor |    ⏳ 等待 1.5 秒后继续...
2026-04-07 08:43:51,422 | INFO | ali1688_goods_monitor | 🔍 [244/269] 获取SKU: https://detail.1688.com/offer/990589043915.html
2026-04-07 08:44:19,218 | INFO | ali1688_goods_monitor |    ✅ 获取到 3 个SKU
2026-04-07 08:44:19,218 | INFO | ali1688_goods_monitor |    ⏳ 等待 2.3 秒后继续...
2026-04-07 08:44:21,498 | INFO | ali1688_goods_monitor | 🔍 [245/269] 获取SKU: https://detail.1688.com/offer/974035321584.html
2026-04-07 08:44:49,553 | INFO | ali1688_goods_monitor |    ✅ 获取到 5 个SKU
2026-04-07 08:44:49,554 | INFO | ali1688_goods_monitor |    ⏳ 等待 1.3 秒后继续...
2026-04-07 08:44:50,877 | INFO | ali1688_goods_monitor | 🔍 [246/269] 获取SKU: https://detail.1688.com/offer/728364497329.html
2026-04-07 08:45:19,169 | INFO | ali1688_goods_monitor |    ✅ 获取到 5 个SKU
2026-04-07 08:45:19,169 | INFO | ali1688_goods_monitor |    ⏳ 等待 2.5 秒后继续...
2026-04-07 08:45:21,659 | INFO | ali1688_goods_monitor | 🔍 [247/269] 获取SKU: https://detail.1688.com/offer/658391484708.html
2026-04-07 08:45:49,822 | INFO | ali1688_goods_monitor |    ✅ 获取到 12 个SKU
2026-04-07 08:45:49,822 | INFO | ali1688_goods_monitor |    ⏳ 等待 1.2 秒后继续...
2026-04-07 08:45:51,074 | INFO | ali1688_goods_monitor | 🔍 [248/269] 获取SKU: https://detail.1688.com/offer/622513415473.html
2026-04-07 08:46:19,081 | INFO | ali1688_goods_monitor |    ✅ 获取到 5 个SKU
2026-04-07 08:46:19,081 | INFO | ali1688_goods_monitor |    ⏳ 等待 1.3 秒后继续...
2026-04-07 08:46:20,399 | INFO | ali1688_goods_monitor | 🔍 [249/269] 获取SKU: https://detail.1688.com/offer/687729432138.html
2026-04-07 08:46:34,622 | WARNING | ali1688_goods_monitor |    ⚠️ 未获取到SKU数据
2026-04-07 08:46:34,625 | INFO | ali1688_goods_monitor |    ⏳ 等待 1.0 秒后继续...
2026-04-07 08:46:35,674 | INFO | ali1688_goods_monitor | 🔍 [250/269] 获取SKU: https://detail.1688.com/offer/858007859516.html
2026-04-07 08:47:03,370 | INFO | ali1688_goods_monitor |    ✅ 获取到 2 个SKU
2026-04-07 08:47:03,370 | INFO | ali1688_goods_monitor |    ⏳ 等待 2.1 秒后继续...
2026-04-07 08:47:05,435 | INFO | ali1688_goods_monitor | 🔍 [251/269] 获取SKU: https://detail.1688.com/offer/727364044091.html
2026-04-07 08:47:33,585 | INFO | ali1688_goods_monitor |    ✅ 获取到 7 个SKU
2026-04-07 08:47:33,585 | INFO | ali1688_goods_monitor |    ⏳ 等待 1.2 秒后继续...
2026-04-07 08:47:34,823 | INFO | ali1688_goods_monitor | 🔍 [252/269] 获取SKU: https://detail.1688.com/offer/1031855101004.html
2026-04-07 08:48:02,725 | INFO | ali1688_goods_monitor |    ✅ 获取到 7 个SKU
2026-04-07 08:48:02,725 | INFO | ali1688_goods_monitor |    ⏳ 等待 2.0 秒后继续...
2026-04-07 08:48:04,752 | INFO | ali1688_goods_monitor | 🔍 [253/269] 获取SKU: https://detail.1688.com/offer/1001391447719.html
2026-04-07 08:48:32,609 | INFO | ali1688_goods_monitor |    ✅ 获取到 2 个SKU
2026-04-07 08:48:32,609 | INFO | ali1688_goods_monitor |    ⏳ 等待 2.2 秒后继续...
2026-04-07 08:48:34,859 | INFO | ali1688_goods_monitor | 🔍 [254/269] 获取SKU: https://detail.1688.com/offer/894449366946.html
2026-04-07 08:49:03,198 | INFO | ali1688_goods_monitor |    ✅ 获取到 32 个SKU
2026-04-07 08:49:03,199 | INFO | ali1688_goods_monitor |    ⏳ 等待 1.4 秒后继续...
2026-04-07 08:49:04,579 | INFO | ali1688_goods_monitor | 🔍 [255/269] 获取SKU: https://detail.1688.com/offer/775392792723.html
2026-04-07 08:49:32,864 | INFO | ali1688_goods_monitor |    ✅ 获取到 25 个SKU
2026-04-07 08:49:32,865 | INFO | ali1688_goods_monitor |    ⏳ 等待 1.7 秒后继续...
2026-04-07 08:49:34,627 | INFO | ali1688_goods_monitor | 🔍 [256/269] 获取SKU: https://detail.1688.com/offer/734549030910.html
2026-04-07 08:50:02,816 | INFO | ali1688_goods_monitor |    ✅ 获取到 15 个SKU
2026-04-07 08:50:02,816 | INFO | ali1688_goods_monitor |    ⏳ 等待 1.6 秒后继续...
2026-04-07 08:50:04,468 | INFO | ali1688_goods_monitor | 🔍 [257/269] 获取SKU: https://detail.1688.com/offer/713699292120.html
2026-04-07 08:50:32,481 | INFO | ali1688_goods_monitor |    ✅ 获取到 9 个SKU
2026-04-07 08:50:32,482 | INFO | ali1688_goods_monitor |    ⏳ 等待 1.6 秒后继续...
2026-04-07 08:50:34,102 | INFO | ali1688_goods_monitor | 🔍 [258/269] 获取SKU: https://detail.1688.com/offer/982635289066.html
2026-04-07 08:51:02,753 | INFO | ali1688_goods_monitor |    ✅ 获取到 26 个SKU
2026-04-07 08:51:02,754 | INFO | ali1688_goods_monitor |    ⏳ 等待 2.3 秒后继续...
2026-04-07 08:51:05,102 | INFO | ali1688_goods_monitor | 🔍 [259/269] 获取SKU: https://detail.1688.com/offer/621194315291.html
2026-04-07 08:51:32,842 | INFO | ali1688_goods_monitor |    ✅ 获取到 2 个SKU
2026-04-07 08:51:32,842 | INFO | ali1688_goods_monitor |    ⏳ 等待 1.6 秒后继续...
2026-04-07 08:51:34,435 | INFO | ali1688_goods_monitor | 🔍 [260/269] 获取SKU: https://detail.1688.com/offer/927867865604.html
2026-04-07 08:51:49,811 | INFO | ali1688_goods_monitor | 14：检测到滑块
2026-04-07 08:52:20,618 | INFO | ali1688_goods_monitor |    ✅ 获取到 18 个SKU
2026-04-07 08:52:20,619 | INFO | ali1688_goods_monitor |    ⏳ 等待 1.5 秒后继续...
2026-04-07 08:52:22,135 | INFO | ali1688_goods_monitor | 🔍 [261/269] 获取SKU: https://detail.1688.com/offer/854259763574.html
2026-04-07 08:52:37,071 | WARNING | ali1688_goods_monitor |    ⚠️ 未获取到SKU数据
2026-04-07 08:52:37,074 | INFO | ali1688_goods_monitor |    ⏳ 等待 2.5 秒后继续...
2026-04-07 08:52:39,537 | INFO | ali1688_goods_monitor | 🔍 [262/269] 获取SKU: https://detail.1688.com/offer/750175006113.html
2026-04-07 08:52:54,820 | INFO | ali1688_goods_monitor | 14：检测到滑块
2026-04-07 08:53:26,342 | INFO | ali1688_goods_monitor |    ✅ 获取到 1 个SKU
2026-04-07 08:53:26,342 | INFO | ali1688_goods_monitor |    ⏳ 等待 1.9 秒后继续...
2026-04-07 08:53:28,262 | INFO | ali1688_goods_monitor | 🔍 [263/269] 获取SKU: https://detail.1688.com/offer/954152497198.html
2026-04-07 08:53:56,373 | INFO | ali1688_goods_monitor |    ✅ 获取到 6 个SKU
2026-04-07 08:53:56,373 | INFO | ali1688_goods_monitor |    ⏳ 等待 1.4 秒后继续...
2026-04-07 08:53:57,785 | INFO | ali1688_goods_monitor | 🔍 [264/269] 获取SKU: https://detail.1688.com/offer/947764418500.html
2026-04-07 08:54:25,620 | INFO | ali1688_goods_monitor |    ✅ 获取到 1 个SKU
2026-04-07 08:54:25,620 | INFO | ali1688_goods_monitor |    ⏳ 等待 1.9 秒后继续...
2026-04-07 08:54:27,547 | INFO | ali1688_goods_monitor | 🔍 [265/269] 获取SKU: https://detail.1688.com/offer/857784361057.html
2026-04-07 08:54:55,611 | INFO | ali1688_goods_monitor |    ✅ 获取到 10 个SKU
2026-04-07 08:54:55,612 | INFO | ali1688_goods_monitor |    ⏳ 等待 2.0 秒后继续...
2026-04-07 08:54:57,654 | INFO | ali1688_goods_monitor | 🔍 [266/269] 获取SKU: https://detail.1688.com/offer/963819028092.html
2026-04-07 08:55:25,583 | INFO | ali1688_goods_monitor |    ✅ 获取到 2 个SKU
2026-04-07 08:55:25,583 | INFO | ali1688_goods_monitor |    ⏳ 等待 2.2 秒后继续...
2026-04-07 08:55:27,772 | INFO | ali1688_goods_monitor | 🔍 [267/269] 获取SKU: https://detail.1688.com/offer/863983065199.html
2026-04-07 08:55:55,558 | INFO | ali1688_goods_monitor |    ✅ 获取到 1 个SKU
2026-04-07 08:55:55,558 | INFO | ali1688_goods_monitor |    ⏳ 等待 1.9 秒后继续...
2026-04-07 08:55:57,452 | INFO | ali1688_goods_monitor | 🔍 [268/269] 获取SKU: https://detail.1688.com/offer/999695394272.html
2026-04-07 08:56:25,455 | INFO | ali1688_goods_monitor |    ✅ 获取到 5 个SKU
2026-04-07 08:56:25,455 | INFO | ali1688_goods_monitor |    ⏳ 等待 2.1 秒后继续...
2026-04-07 08:56:27,546 | INFO | ali1688_goods_monitor | 🔍 [269/269] 获取SKU: https://detail.1688.com/offer/751554304142.html
2026-04-07 08:56:55,771 | INFO | ali1688_goods_monitor |    ✅ 获取到 2 个SKU
2026-04-07 08:56:55,771 | INFO | ali1688_goods_monitor | ============================================================
2026-04-07 08:56:55,772 | INFO | ali1688_goods_monitor | ✅ SKU获取完成，共获取 2144 个SKU
2026-04-07 08:56:55,772 | INFO | ali1688_goods_monitor | ============================================================
2026-04-07 08:56:55,772 | INFO | ali1688_goods_monitor | 🔚 关闭SKU获取浏览器...
2026-04-07 08:56:56,824 | INFO | ali1688_goods_monitor | 📋 获取到的SKU信息 (共 2144 条):
2026-04-07 08:56:56,827 | INFO | ali1688_goods_monitor | ============================================================
2026-04-07 08:56:56,828 | INFO | ali1688_goods_monitor | 🔍 检测SKU变化...
2026-04-07 08:56:56,828 | INFO | ali1688_goods_monitor | ============================================================
2026-04-07 08:56:58,197 | INFO | ali1688_goods_monitor |   💰 SKU 6136898874870 价格变化: 12.00 -> 11.0
2026-04-07 08:56:58,197 | INFO | ali1688_goods_monitor |   💰 SKU 6136898874871 价格变化: 18.00 -> 17.0
2026-04-07 08:56:58,200 | INFO | ali1688_goods_monitor |   💰 SKU 6136898874872 价格变化: 28.00 -> 27.0
2026-04-07 08:56:58,201 | INFO | ali1688_goods_monitor |   💰 SKU 5919665276463 价格变化: 28.61 -> 29.5
2026-04-07 08:56:58,201 | INFO | ali1688_goods_monitor |   💰 SKU 5919665276464 价格变化: 28.61 -> 29.5
2026-04-07 08:56:58,201 | INFO | ali1688_goods_monitor |   💰 SKU 5919665276465 价格变化: 28.61 -> 29.5
2026-04-07 08:56:58,201 | INFO | ali1688_goods_monitor |   💰 SKU 5919665276466 价格变化: 28.61 -> 29.5
2026-04-07 08:56:58,201 | INFO | ali1688_goods_monitor |   💰 SKU 5929407245052 价格变化: 12.88 -> 12.98
2026-04-07 08:56:58,204 | INFO | ali1688_goods_monitor |   💰 SKU 5904881665196 价格变化: 11.13 -> 9.79
2026-04-07 08:56:58,204 | INFO | ali1688_goods_monitor |   💰 SKU 5904881665197 价格变化: 11.13 -> 9.79
2026-04-07 08:56:58,204 | INFO | ali1688_goods_monitor |   💰 SKU 5971083768148 价格变化: 12.00 -> 11.0
2026-04-07 08:56:58,204 | INFO | ali1688_goods_monitor |   💰 SKU 5971083768149 价格变化: 18.00 -> 17.0
2026-04-07 08:56:58,204 | INFO | ali1688_goods_monitor |   💰 SKU 5971083768150 价格变化: 28.00 -> 27.0
2026-04-07 08:56:58,208 | INFO | ali1688_goods_monitor |   💰 SKU 6207027691456 价格变化: 50.00 -> 40.0
2026-04-07 08:56:58,211 | INFO | ali1688_goods_monitor | 💾 保存SKU数据到数据库...
2026-04-07 08:57:03,104 | INFO | ali1688_goods_monitor | 🎉 第二阶段完成，共获取并保存 2144 个SKU信息
2026-04-07 08:57:03,105 | INFO | ali1688_goods_monitor | 📊 总计：269 个商品，2144 个SKU
2026-04-07 08:57:04,072 | INFO | ali1688_goods_monitor | 浏览器已关闭
2026-04-07 08:57:04,073 | INFO | ali1688_goods_monitor | 🔍 从数据库查询今天的变化记录...
2026-04-07 08:57:04,100 | INFO | ali1688_goods_monitor | 📂 检测到类目变化: https://detail.1688.com/offer/1039821084728.html
2026-04-07 08:57:04,101 | INFO | ali1688_goods_monitor | 💰 检测到SKU价格变化: https://detail.1688.com/offer/994662909434.html - 6136898874870
2026-04-07 08:57:04,102 | INFO | ali1688_goods_monitor | 💰 检测到SKU价格变化: https://detail.1688.com/offer/994662909434.html - 6136898874871
2026-04-07 08:57:04,102 | INFO | ali1688_goods_monitor | 💰 检测到SKU价格变化: https://detail.1688.com/offer/994662909434.html - 6136898874872
2026-04-07 08:57:04,102 | INFO | ali1688_goods_monitor | 💰 检测到SKU价格变化: https://detail.1688.com/offer/970377098770.html - 5919665276463
2026-04-07 08:57:04,102 | INFO | ali1688_goods_monitor | 💰 检测到SKU价格变化: https://detail.1688.com/offer/970377098770.html - 5919665276464
2026-04-07 08:57:04,102 | INFO | ali1688_goods_monitor | 💰 检测到SKU价格变化: https://detail.1688.com/offer/970377098770.html - 5919665276465
2026-04-07 08:57:04,102 | INFO | ali1688_goods_monitor | 💰 检测到SKU价格变化: https://detail.1688.com/offer/970377098770.html - 5919665276466
2026-04-07 08:57:04,102 | INFO | ali1688_goods_monitor | 💰 检测到SKU价格变化: https://detail.1688.com/offer/970377098770.html - 5929407245052
2026-04-07 08:57:04,102 | INFO | ali1688_goods_monitor | 💰 检测到SKU价格变化: https://detail.1688.com/offer/952611726643.html - 5904881665196
2026-04-07 08:57:04,102 | INFO | ali1688_goods_monitor | 💰 检测到SKU价格变化: https://detail.1688.com/offer/952611726643.html - 5904881665197
2026-04-07 08:57:04,103 | INFO | ali1688_goods_monitor | 💰 检测到SKU价格变化: https://detail.1688.com/offer/995364912374.html - 5971083768148
2026-04-07 08:57:04,103 | INFO | ali1688_goods_monitor | 💰 检测到SKU价格变化: https://detail.1688.com/offer/995364912374.html - 5971083768149
2026-04-07 08:57:04,103 | INFO | ali1688_goods_monitor | 💰 检测到SKU价格变化: https://detail.1688.com/offer/995364912374.html - 5971083768150
2026-04-07 08:57:04,103 | INFO | ali1688_goods_monitor | 💰 检测到SKU价格变化: https://detail.1688.com/offer/1028239295024.html - 6207027691456
2026-04-07 08:57:04,742 | INFO | ali1688_goods_monitor | 📤 已发送 1 个类目变化通知
2026-04-07 08:57:05,374 | INFO | ali1688_goods_monitor | 📤 已发送 14 个价格变化通知
2026-04-07 08:57:05,375 | INFO | ali1688_goods_monitor | 📊 统计：类目变化1个，SKU数量变化0个，SKU名称变化0个，价格变化14个
2026-04-07 08:57:05,379 | INFO | ali1688_goods_monitor | 📤 上传今天爬取的所有数据到钉钉文档...
2026-04-07 08:57:05,461 | INFO | ali1688_goods_monitor | 准备上传 269 条记录...
2026-04-07 08:57:16,926 | INFO | ali1688_goods_monitor | 
上传统计:
2026-04-07 08:57:16,926 | INFO | ali1688_goods_monitor | 总记录数: 269
2026-04-07 08:57:16,928 | INFO | ali1688_goods_monitor | 成功数量: 269
2026-04-07 08:57:16,928 | INFO | ali1688_goods_monitor | 失败数量: 0
2026-04-07 08:57:16,928 | INFO | ali1688_goods_monitor | 成功批次: 6
2026-04-07 08:57:16,928 | INFO | ali1688_goods_monitor | 失败批次: 0
2026-04-07 08:57:16,929 | INFO | ali1688_goods_monitor | 📤 已上传 269 个商品数据到钉钉
2026-04-07 08:57:16,943 | INFO | ali1688_goods_monitor | 准备上传 2144 条记录...
2026-04-07 08:58:38,002 | INFO | ali1688_goods_monitor | 
上传统计:
2026-04-07 08:58:38,004 | INFO | ali1688_goods_monitor | 总记录数: 2144
2026-04-07 08:58:38,005 | INFO | ali1688_goods_monitor | 成功数量: 2144
2026-04-07 08:58:38,006 | INFO | ali1688_goods_monitor | 失败数量: 0
2026-04-07 08:58:38,006 | INFO | ali1688_goods_monitor | 成功批次: 43
2026-04-07 08:58:38,006 | INFO | ali1688_goods_monitor | 失败批次: 0
2026-04-07 08:58:38,007 | INFO | ali1688_goods_monitor | 📤 已上传 2144 个SKU数据到钉钉
2026-04-07 08:58:38,090 | INFO | ali1688_goods_monitor | 🎯 全流程完成，总耗时：148分35秒
2026-04-07 08:58:38,090 | INFO | ali1688_goods_monitor | 📊 统计：今天共爬取 269 个商品，2144 个SKU
2026-04-07 08:58:38,093 | INFO | ali1688_goods_monitor | 📊 变化统计：1 个商品发生变化，14 个SKU发生变化
2026-04-07 08:58:38,718 | INFO | ali1688_goods_monitor | ============================================================
2026-04-07 08:58:38,718 | INFO | ali1688_goods_monitor | ✅ 数据处理完成
2026-04-07 08:58:38,722 | INFO | ali1688_goods_monitor | ============================================================
