2026-04-06 06:30:01,998 | INFO | ali1688_goods_monitor | ============================================================
2026-04-06 06:30:01,998 | INFO | ali1688_goods_monitor | 🚀 开始1688竞品监控任务
2026-04-06 06:30:01,999 | INFO | ali1688_goods_monitor | ============================================================
2026-04-06 06:30:05,516 | INFO | ali1688_goods_monitor | 浏览器初始化成功
2026-04-06 06:30:21,451 | INFO | ali1688_goods_monitor | 📦 共找到 275 个商品ID，将分批查询（每批10个）
2026-04-06 06:30:30,517 | INFO | ali1688_goods_monitor | ❎ 已关闭引导弹窗2
2026-04-06 06:30:31,052 | INFO | ali1688_goods_monitor | ============================================================
2026-04-06 06:30:31,053 | INFO | ali1688_goods_monitor | 📊 第一阶段：获取商品基本信息
2026-04-06 06:30:31,054 | INFO | ali1688_goods_monitor | ============================================================
2026-04-06 06:30:31,054 | INFO | ali1688_goods_monitor | 🔍 处理第 1/14 批，共 20 个商品
2026-04-06 06:30:31,055 | INFO | ali1688_goods_monitor | 📋 商品ID: 971080031926、968280048908、943395574791、833661915665、982634945037、1016515592011、979203908708、835170979856、971037620206、1003272185431、617837580726、1005984550667、807432916292、928700805986、1040782952704、903613869442、1026068947837、954713432833、798059727032、812259607012
2026-04-06 06:30:31,055 | INFO | ali1688_goods_monitor | 🧩 选择搜索方式: 商品ID
2026-04-06 06:30:31,578 | INFO | ali1688_goods_monitor | 搜索的商品id是:971080031926、968280048908、943395574791、833661915665、982634945037、1016515592011、979203908708、835170979856、971037620206、1003272185431、617837580726、1005984550667、807432916292、928700805986、1040782952704、903613869442、1026068947837、954713432833、798059727032、812259607012
2026-04-06 06:30:32,673 | INFO | ali1688_goods_monitor | ✅ 第 1 批筛选条件已设置
2026-04-06 06:30:35,679 | INFO | ali1688_goods_monitor | 开始获取商品:971080031926、968280048908、943395574791、833661915665、982634945037、1016515592011、979203908708、835170979856、971037620206、1003272185431、617837580726、1005984550667、807432916292、928700805986、1040782952704、903613869442、1026068947837、954713432833、798059727032、812259607012的基本信息
2026-04-06 06:30:35,681 | INFO | ali1688_goods_monitor | ⏳ 等待点击【开始查询】并捕获 offerSearch 接口...
2026-04-06 06:30:36,060 | INFO | ali1688_goods_monitor | 商品列表返回码: 200
2026-04-06 06:30:36,061 | INFO | ali1688_goods_monitor | 🚀 开始捕获商品数据，共 19 个商品
2026-04-06 06:30:36,064 | INFO | ali1688_goods_monitor | ✅ 商品基本信息捕获完成，总耗时: 0.00秒
2026-04-06 06:30:36,065 | INFO | ali1688_goods_monitor |    - 商品数: 19
2026-04-06 06:30:36,066 | INFO | ali1688_goods_monitor | ✅ 第 1 批完成，获取到 19 个商品，0 个SKU
2026-04-06 06:30:36,068 | INFO | ali1688_goods_monitor | 📋 第 1 批商品信息:
2026-04-06 06:30:36,068 | INFO | ali1688_goods_monitor |   1. 商品ID: 1026068947837, 店铺: 汕头市澄海区力多熊玩具商行, SKU数: 3
2026-04-06 06:30:36,069 | INFO | ali1688_goods_monitor |   2. 商品ID: 798059727032, 店铺: 汕头市澄海区超慧丰贸易商行, SKU数: 16
2026-04-06 06:30:36,069 | INFO | ali1688_goods_monitor |   3. 商品ID: 982634945037, 店铺: 汕头市创爱旺科技有限公司, SKU数: 26
2026-04-06 06:30:36,070 | INFO | ali1688_goods_monitor |   4. 商品ID: 968280048908, 店铺: 汕头市澄海区都说好玩具商行, SKU数: 31
2026-04-06 06:30:36,072 | INFO | ali1688_goods_monitor |   5. 商品ID: 835170979856, 店铺: 汕头市澄海区土炭玩具商行, SKU数: 10
2026-04-06 06:30:36,073 | INFO | ali1688_goods_monitor |   6. 商品ID: 971080031926, 店铺: 汕头市龙湖区熹萌喵玩具厂, SKU数: 3
2026-04-06 06:30:36,074 | INFO | ali1688_goods_monitor |   7. 商品ID: 617837580726, 店铺: 深圳灿煜玩具有限公司, SKU数: 2
2026-04-06 06:30:36,074 | INFO | ali1688_goods_monitor |   8. 商品ID: 1005984550667, 店铺: 汕头市澄海区八匹马玩具厂, SKU数: 36
2026-04-06 06:30:36,075 | INFO | ali1688_goods_monitor |   9. 商品ID: 971037620206, 店铺: 汕头市澄海区淘琪宝玩具厂, SKU数: 1
2026-04-06 06:30:36,075 | INFO | ali1688_goods_monitor |   10. 商品ID: 979203908708, 店铺: 汕头市澄海区多美仕玩具厂, SKU数: 24
2026-04-06 06:30:36,076 | INFO | ali1688_goods_monitor |   11. 商品ID: 1016515592011, 店铺: 汕头市澄海区晟耀展玩具厂, SKU数: 4
2026-04-06 06:30:36,076 | INFO | ali1688_goods_monitor |   12. 商品ID: 1040782952704, 店铺: 义乌市鑫照玩具厂, SKU数: 1
2026-04-06 06:30:36,076 | INFO | ali1688_goods_monitor |   13. 商品ID: 807432916292, 店铺: 汕头市澄海区悦优佳玩具厂, SKU数: 24
2026-04-06 06:30:36,076 | INFO | ali1688_goods_monitor |   14. 商品ID: 943395574791, 店铺: 东莞市狂蜂狂蚁科技有限公司, SKU数: 1
2026-04-06 06:30:36,077 | INFO | ali1688_goods_monitor |   15. 商品ID: 954713432833, 店铺: 汕头市龙湖区熹萌喵玩具厂, SKU数: 2
2026-04-06 06:30:36,078 | INFO | ali1688_goods_monitor |   16. 商品ID: 928700805986, 店铺: 义乌市谷达玩具有限公司, SKU数: 2
2026-04-06 06:30:36,078 | INFO | ali1688_goods_monitor |   17. 商品ID: 812259607012, 店铺: 汕头市澄海区哈尼兔玩具厂, SKU数: 39
2026-04-06 06:30:36,078 | INFO | ali1688_goods_monitor |   18. 商品ID: 833661915665, 店铺: 深圳金喜来电子股份有限公司, SKU数: 1
2026-04-06 06:30:36,078 | INFO | ali1688_goods_monitor |   19. 商品ID: 1003272185431, 店铺: 义乌市大愚玩具有限公司, SKU数: 5
2026-04-06 06:30:36,118 | INFO | ali1688_goods_monitor |   🔢 商品 1040782952704 SKU数量变化: None -> 1
2026-04-06 06:30:36,176 | INFO | ali1688_goods_monitor | 💾 第1/14批：已保存 19 个商品到数据库
2026-04-06 06:30:36,176 | INFO | ali1688_goods_monitor | ⏸️  随机暂停 5.7 秒...
2026-04-06 06:30:41,914 | INFO | ali1688_goods_monitor | 🔄 刷新页面，准备处理第 2 批...
2026-04-06 06:30:50,634 | INFO | ali1688_goods_monitor | ❎ 已关闭引导弹窗3
2026-04-06 06:30:53,167 | INFO | ali1688_goods_monitor | 🔍 处理第 2/14 批，共 20 个商品
2026-04-06 06:30:53,167 | INFO | ali1688_goods_monitor | 📋 商品ID: 1007173826384、991935831793、962746907189、812514770228、907762599791、990409899841、1013037690222、889385901298、1025513853144、969366546749、979396013303、875034473523、590591825369、894936744591、895285249007、970715744477、903636127402、741922490714、776195311997、811139889293
2026-04-06 06:30:53,171 | INFO | ali1688_goods_monitor | 🧩 选择搜索方式: 商品ID
2026-04-06 06:30:53,656 | INFO | ali1688_goods_monitor | 搜索的商品id是:1007173826384、991935831793、962746907189、812514770228、907762599791、990409899841、1013037690222、889385901298、1025513853144、969366546749、979396013303、875034473523、590591825369、894936744591、895285249007、970715744477、903636127402、741922490714、776195311997、811139889293
2026-04-06 06:30:54,811 | INFO | ali1688_goods_monitor | ✅ 第 2 批筛选条件已设置
2026-04-06 06:30:57,817 | INFO | ali1688_goods_monitor | 开始获取商品:1007173826384、991935831793、962746907189、812514770228、907762599791、990409899841、1013037690222、889385901298、1025513853144、969366546749、979396013303、875034473523、590591825369、894936744591、895285249007、970715744477、903636127402、741922490714、776195311997、811139889293的基本信息
2026-04-06 06:30:57,818 | INFO | ali1688_goods_monitor | ⏳ 等待点击【开始查询】并捕获 offerSearch 接口...
2026-04-06 06:30:58,144 | INFO | ali1688_goods_monitor | 商品列表返回码: 200
2026-04-06 06:30:58,145 | INFO | ali1688_goods_monitor | 🚀 开始捕获商品数据，共 19 个商品
2026-04-06 06:30:58,148 | INFO | ali1688_goods_monitor | ✅ 商品基本信息捕获完成，总耗时: 0.00秒
2026-04-06 06:30:58,148 | INFO | ali1688_goods_monitor |    - 商品数: 19
2026-04-06 06:30:58,149 | INFO | ali1688_goods_monitor | ✅ 第 2 批完成，获取到 19 个商品，0 个SKU
2026-04-06 06:30:58,149 | INFO | ali1688_goods_monitor | 📋 第 2 批商品信息:
2026-04-06 06:30:58,149 | INFO | ali1688_goods_monitor |   1. 商品ID: 741922490714, 店铺: 汕头市俏娃玩具有限公司, SKU数: 2
2026-04-06 06:30:58,149 | INFO | ali1688_goods_monitor |   2. 商品ID: 991935831793, 店铺: 温州市鑫筱贸易有限公司, SKU数: 3
2026-04-06 06:30:58,149 | INFO | ali1688_goods_monitor |   3. 商品ID: 969366546749, 店铺: 汕头市澄海区启超玩具厂, SKU数: 1
2026-04-06 06:30:58,149 | INFO | ali1688_goods_monitor |   4. 商品ID: 990409899841, 店铺: 汕头市澄海区泰旭玩具厂, SKU数: 1
2026-04-06 06:30:58,150 | INFO | ali1688_goods_monitor |   5. 商品ID: 776195311997, 店铺: 汕头市澄海区讴艺玩具厂, SKU数: 1
2026-04-06 06:30:58,150 | INFO | ali1688_goods_monitor |   6. 商品ID: 895285249007, 店铺: 汕头市澄海区雅尚腾玩具厂(个体工商户), SKU数: 36
2026-04-06 06:30:58,150 | INFO | ali1688_goods_monitor |   7. 商品ID: 812514770228, 店铺: 汕头市澄海区栩之羿贸易商行, SKU数: 2
2026-04-06 06:30:58,150 | INFO | ali1688_goods_monitor |   8. 商品ID: 875034473523, 店铺: 汕头市澄海区童积玩具厂, SKU数: 3
2026-04-06 06:30:58,150 | INFO | ali1688_goods_monitor |   9. 商品ID: 903636127402, 店铺: 义乌市君玖商贸有限公司, SKU数: 3
2026-04-06 06:30:58,150 | INFO | ali1688_goods_monitor |   10. 商品ID: 979396013303, 店铺: 汕头市澄海区很多人玩具商行, SKU数: 1
2026-04-06 06:30:58,151 | INFO | ali1688_goods_monitor |   11. 商品ID: 962746907189, 店铺: 汕头市龙湖区熹萌喵玩具厂, SKU数: 4
2026-04-06 06:30:58,151 | INFO | ali1688_goods_monitor |   12. 商品ID: 1013037690222, 店铺: 潮州市湘桥区星赫玩具厂(个体工商户), SKU数: 1
2026-04-06 06:30:58,151 | INFO | ali1688_goods_monitor |   13. 商品ID: 889385901298, 店铺: 汕头市欧切勒切电子商务有限公司, SKU数: 3
2026-04-06 06:30:58,151 | INFO | ali1688_goods_monitor |   14. 商品ID: 907762599791, 店铺: 汕头市澄海区彩帆玩具厂, SKU数: 10
2026-04-06 06:30:58,151 | INFO | ali1688_goods_monitor |   15. 商品ID: 1025513853144, 店铺: 汕头市澄海区萌灵娃玩具厂, SKU数: 8
2026-04-06 06:30:58,152 | INFO | ali1688_goods_monitor |   16. 商品ID: 894936744591, 店铺: 汕头市澄海区启跃玩具厂, SKU数: 16
2026-04-06 06:30:58,152 | INFO | ali1688_goods_monitor |   17. 商品ID: 590591825369, 店铺: 汕头市澄海区翔鹏塑料制品厂, SKU数: 22
2026-04-06 06:30:58,152 | INFO | ali1688_goods_monitor |   18. 商品ID: 970715744477, 店铺: 汕头市澄海区永志玩具商行(个体工商户), SKU数: 1
2026-04-06 06:30:58,152 | INFO | ali1688_goods_monitor |   19. 商品ID: 811139889293, 店铺: 义乌市孟享贸易有限公司, SKU数: 8
2026-04-06 06:30:58,224 | INFO | ali1688_goods_monitor | 💾 第2/14批：已保存 19 个商品到数据库
2026-04-06 06:30:58,224 | INFO | ali1688_goods_monitor | ⏸️  随机暂停 4.0 秒...
2026-04-06 06:31:02,246 | INFO | ali1688_goods_monitor | 🔄 刷新页面，准备处理第 3 批...
2026-04-06 06:31:10,914 | INFO | ali1688_goods_monitor | 🔍 处理第 3/14 批，共 20 个商品
2026-04-06 06:31:10,915 | INFO | ali1688_goods_monitor | 📋 商品ID: 950726478383、970377098770、1000398364752、628617576125、998051010590、856805654657、677709968233、992071730825、799083276279、976178977054、902961760235、900967422750、994662909434、681658732090、847794753111、992251601092、951035484615、826873938709、677301391721、847495122732
2026-04-06 06:31:10,919 | INFO | ali1688_goods_monitor | 🧩 选择搜索方式: 商品ID
2026-04-06 06:31:11,421 | INFO | ali1688_goods_monitor | 搜索的商品id是:950726478383、970377098770、1000398364752、628617576125、998051010590、856805654657、677709968233、992071730825、799083276279、976178977054、902961760235、900967422750、994662909434、681658732090、847794753111、992251601092、951035484615、826873938709、677301391721、847495122732
2026-04-06 06:31:12,516 | INFO | ali1688_goods_monitor | ✅ 第 3 批筛选条件已设置
2026-04-06 06:31:15,517 | INFO | ali1688_goods_monitor | 开始获取商品:950726478383、970377098770、1000398364752、628617576125、998051010590、856805654657、677709968233、992071730825、799083276279、976178977054、902961760235、900967422750、994662909434、681658732090、847794753111、992251601092、951035484615、826873938709、677301391721、847495122732的基本信息
2026-04-06 06:31:15,518 | INFO | ali1688_goods_monitor | ⏳ 等待点击【开始查询】并捕获 offerSearch 接口...
2026-04-06 06:31:15,998 | INFO | ali1688_goods_monitor | 商品列表返回码: 200
2026-04-06 06:31:15,998 | INFO | ali1688_goods_monitor | 🚀 开始捕获商品数据，共 20 个商品
2026-04-06 06:31:16,002 | INFO | ali1688_goods_monitor | ✅ 商品基本信息捕获完成，总耗时: 0.00秒
2026-04-06 06:31:16,002 | INFO | ali1688_goods_monitor |    - 商品数: 20
2026-04-06 06:31:16,002 | INFO | ali1688_goods_monitor | ✅ 第 3 批完成，获取到 20 个商品，0 个SKU
2026-04-06 06:31:16,003 | INFO | ali1688_goods_monitor | 📋 第 3 批商品信息:
2026-04-06 06:31:16,003 | INFO | ali1688_goods_monitor |   1. 商品ID: 677301391721, 店铺: 汕头市澄海区海棠玩具厂, SKU数: 5
2026-04-06 06:31:16,003 | INFO | ali1688_goods_monitor |   2. 商品ID: 677709968233, 店铺: 广东佰思玩具有限公司, SKU数: 5
2026-04-06 06:31:16,004 | INFO | ali1688_goods_monitor |   3. 商品ID: 970377098770, 店铺: 汕头市澄海区贝欣达玩具厂, SKU数: 37
2026-04-06 06:31:16,004 | INFO | ali1688_goods_monitor |   4. 商品ID: 951035484615, 店铺: 汕头市创爱旺科技有限公司, SKU数: 29
2026-04-06 06:31:16,004 | INFO | ali1688_goods_monitor |   5. 商品ID: 847794753111, 店铺: 汕头市龙湖区熹萌喵玩具厂, SKU数: 4
2026-04-06 06:31:16,005 | INFO | ali1688_goods_monitor |   6. 商品ID: 976178977054, 店铺: 汕头市玩物社科技有限公司, SKU数: 5
2026-04-06 06:31:16,005 | INFO | ali1688_goods_monitor |   7. 商品ID: 826873938709, 店铺: 汕头市森漫贸易有限公司, SKU数: 1
2026-04-06 06:31:16,005 | INFO | ali1688_goods_monitor |   8. 商品ID: 902961760235, 店铺: 汕头市龙湖区熹萌喵玩具厂, SKU数: 4
2026-04-06 06:31:16,006 | INFO | ali1688_goods_monitor |   9. 商品ID: 992251601092, 店铺: 义乌市纯亿供应链管理服务有限公司, SKU数: 3
2026-04-06 06:31:16,006 | INFO | ali1688_goods_monitor |   10. 商品ID: 998051010590, 店铺: 汕头市盛星达体育用品有限公司, SKU数: 4
2026-04-06 06:31:16,009 | INFO | ali1688_goods_monitor |   11. 商品ID: 856805654657, 店铺: 汕头市龙湖区熹萌喵玩具厂, SKU数: 1
2026-04-06 06:31:16,010 | INFO | ali1688_goods_monitor |   12. 商品ID: 994662909434, 店铺: 义乌市麦贤电子商务商行, SKU数: 3
2026-04-06 06:31:16,011 | INFO | ali1688_goods_monitor |   13. 商品ID: 1000398364752, 店铺: 义乌市芝麻开门玩具有限公司, SKU数: 4
2026-04-06 06:31:16,011 | INFO | ali1688_goods_monitor |   14. 商品ID: 628617576125, 店铺: 汕头市俏娃玩具有限公司, SKU数: 5
2026-04-06 06:31:16,011 | INFO | ali1688_goods_monitor |   15. 商品ID: 847495122732, 店铺: 汕头市龙湖区熹萌喵玩具厂, SKU数: 3
2026-04-06 06:31:16,012 | INFO | ali1688_goods_monitor |   16. 商品ID: 900967422750, 店铺: 汕头市澄海区越来越聪明玩具厂, SKU数: 22
2026-04-06 06:31:16,012 | INFO | ali1688_goods_monitor |   17. 商品ID: 681658732090, 店铺: 深圳金喜来电子股份有限公司, SKU数: 1
2026-04-06 06:31:16,012 | INFO | ali1688_goods_monitor |   18. 商品ID: 950726478383, 店铺: 汕头市澄海区美贝斯玩具商行, SKU数: 13
2026-04-06 06:31:16,012 | INFO | ali1688_goods_monitor |   19. 商品ID: 799083276279, 店铺: 汕头市澄海区米可玩具商行, SKU数: 3
2026-04-06 06:31:16,012 | INFO | ali1688_goods_monitor |   20. 商品ID: 992071730825, 店铺: 深圳市粤加大玩具有限公司, SKU数: 3
2026-04-06 06:31:16,096 | INFO | ali1688_goods_monitor | 💾 第3/14批：已保存 20 个商品到数据库
2026-04-06 06:31:16,096 | INFO | ali1688_goods_monitor | ⏸️  随机暂停 3.7 秒...
2026-04-06 06:31:19,841 | INFO | ali1688_goods_monitor | 🔄 刷新页面，准备处理第 4 批...
2026-04-06 06:31:26,816 | INFO | ali1688_goods_monitor | 🔍 处理第 4/14 批，共 20 个商品
2026-04-06 06:31:26,818 | INFO | ali1688_goods_monitor | 📋 商品ID: 899704194303、1007062397648、1000255776437、898439171537、43695296576、956573560393、902473655388、890654399053、979471208168、996059989352、840249263873、873614306333、702199084381、746411095420、703551244918、832304702315、950670074468、789633522584、890407614753、999142031933
2026-04-06 06:31:26,824 | INFO | ali1688_goods_monitor | 🧩 选择搜索方式: 商品ID
2026-04-06 06:31:27,290 | INFO | ali1688_goods_monitor | 搜索的商品id是:899704194303、1007062397648、1000255776437、898439171537、43695296576、956573560393、902473655388、890654399053、979471208168、996059989352、840249263873、873614306333、702199084381、746411095420、703551244918、832304702315、950670074468、789633522584、890407614753、999142031933
2026-04-06 06:31:28,387 | INFO | ali1688_goods_monitor | ✅ 第 4 批筛选条件已设置
2026-04-06 06:31:31,399 | INFO | ali1688_goods_monitor | 开始获取商品:899704194303、1007062397648、1000255776437、898439171537、43695296576、956573560393、902473655388、890654399053、979471208168、996059989352、840249263873、873614306333、702199084381、746411095420、703551244918、832304702315、950670074468、789633522584、890407614753、999142031933的基本信息
2026-04-06 06:31:31,400 | INFO | ali1688_goods_monitor | ⏳ 等待点击【开始查询】并捕获 offerSearch 接口...
2026-04-06 06:31:32,034 | INFO | ali1688_goods_monitor | 商品列表返回码: 200
2026-04-06 06:31:32,035 | INFO | ali1688_goods_monitor | 🚀 开始捕获商品数据，共 20 个商品
2026-04-06 06:31:32,038 | INFO | ali1688_goods_monitor | ✅ 商品基本信息捕获完成，总耗时: 0.00秒
2026-04-06 06:31:32,038 | INFO | ali1688_goods_monitor |    - 商品数: 20
2026-04-06 06:31:32,038 | INFO | ali1688_goods_monitor | ✅ 第 4 批完成，获取到 20 个商品，0 个SKU
2026-04-06 06:31:32,038 | INFO | ali1688_goods_monitor | 📋 第 4 批商品信息:
2026-04-06 06:31:32,039 | INFO | ali1688_goods_monitor |   1. 商品ID: 1000255776437, 店铺: 义乌市屿团电子商务商行, SKU数: 3
2026-04-06 06:31:32,039 | INFO | ali1688_goods_monitor |   2. 商品ID: 902473655388, 店铺: 汕头市龙湖区熹萌喵玩具厂, SKU数: 1
2026-04-06 06:31:32,039 | INFO | ali1688_goods_monitor |   3. 商品ID: 899704194303, 店铺: 汕头市澄海区孩艺宝玩具厂, SKU数: 12
2026-04-06 06:31:32,040 | INFO | ali1688_goods_monitor |   4. 商品ID: 703551244918, 店铺: 汕头市澄海区米可玩具商行, SKU数: 3
2026-04-06 06:31:32,040 | INFO | ali1688_goods_monitor |   5. 商品ID: 873614306333, 店铺: 汕头市俏娃玩具有限公司, SKU数: 5
2026-04-06 06:31:32,040 | INFO | ali1688_goods_monitor |   6. 商品ID: 840249263873, 店铺: 汕头市嬉游记玩具有限公司, SKU数: 8
2026-04-06 06:31:32,040 | INFO | ali1688_goods_monitor |   7. 商品ID: 898439171537, 店铺: 汕头市龙湖区熹萌喵玩具厂, SKU数: 14
2026-04-06 06:31:32,040 | INFO | ali1688_goods_monitor |   8. 商品ID: 996059989352, 店铺: 义乌市海潭商贸有限公司, SKU数: 3
2026-04-06 06:31:32,041 | INFO | ali1688_goods_monitor |   9. 商品ID: 789633522584, 店铺: 汕头市澄海区乐涵玩具厂, SKU数: 1
2026-04-06 06:31:32,042 | INFO | ali1688_goods_monitor |   10. 商品ID: 956573560393, 店铺: 汕头市澄海区巧新玩具厂, SKU数: 3
2026-04-06 06:31:32,042 | INFO | ali1688_goods_monitor |   11. 商品ID: 890654399053, 店铺: 汕头市澄海区悦优佳玩具厂, SKU数: 22
2026-04-06 06:31:32,044 | INFO | ali1688_goods_monitor |   12. 商品ID: 999142031933, 店铺: 深圳金喜来电子股份有限公司, SKU数: 1
2026-04-06 06:31:32,045 | INFO | ali1688_goods_monitor |   13. 商品ID: 950670074468, 店铺: 汕头市澄海区雅尚腾玩具厂(个体工商户), SKU数: 36
2026-04-06 06:31:32,045 | INFO | ali1688_goods_monitor |   14. 商品ID: 1007062397648, 店铺: 汕头市澄海区坤铄玩具厂, SKU数: 4
2026-04-06 06:31:32,045 | INFO | ali1688_goods_monitor |   15. 商品ID: 890407614753, 店铺: 汕头市澄海区萌董乐玩具厂, SKU数: 17
2026-04-06 06:31:32,045 | INFO | ali1688_goods_monitor |   16. 商品ID: 832304702315, 店铺: 广东佰思玩具有限公司, SKU数: 5
2026-04-06 06:31:32,045 | INFO | ali1688_goods_monitor |   17. 商品ID: 702199084381, 店铺: 汕头市澄海区实琪玩具有限公司, SKU数: 21
2026-04-06 06:31:32,046 | INFO | ali1688_goods_monitor |   18. 商品ID: 43695296576, 店铺: 汕头市澄海区豪达玩具有限公司, SKU数: 2
2026-04-06 06:31:32,046 | INFO | ali1688_goods_monitor |   19. 商品ID: 979471208168, 店铺: 汕头市澄海区淘琪宝玩具厂, SKU数: 1
2026-04-06 06:31:32,046 | INFO | ali1688_goods_monitor |   20. 商品ID: 746411095420, 店铺: 汕头市龙湖区宝乐喜玩具商行, SKU数: 6
2026-04-06 06:31:32,133 | INFO | ali1688_goods_monitor | 💾 第4/14批：已保存 20 个商品到数据库
2026-04-06 06:31:32,134 | INFO | ali1688_goods_monitor | ⏸️  随机暂停 6.0 秒...
2026-04-06 06:31:38,179 | INFO | ali1688_goods_monitor | 🔄 刷新页面，准备处理第 5 批...
2026-04-06 06:31:44,762 | INFO | ali1688_goods_monitor | 🔍 处理第 5/14 批，共 20 个商品
2026-04-06 06:31:44,763 | INFO | ali1688_goods_monitor | 📋 商品ID: 859584630627、1009966785995、985206853035、991070192317、927205288673、950658287741、993465198242、998859559585、992800642545、990618054916、652994949606、873771926327、970542473882、836899798919、928580021030、852501307622、632300625030、853399095646、671840552108、975762015590
2026-04-06 06:31:44,767 | INFO | ali1688_goods_monitor | 🧩 选择搜索方式: 商品ID
2026-04-06 06:31:45,255 | INFO | ali1688_goods_monitor | 搜索的商品id是:859584630627、1009966785995、985206853035、991070192317、927205288673、950658287741、993465198242、998859559585、992800642545、990618054916、652994949606、873771926327、970542473882、836899798919、928580021030、852501307622、632300625030、853399095646、671840552108、975762015590
2026-04-06 06:31:46,376 | INFO | ali1688_goods_monitor | ✅ 第 5 批筛选条件已设置
2026-04-06 06:31:49,380 | INFO | ali1688_goods_monitor | 开始获取商品:859584630627、1009966785995、985206853035、991070192317、927205288673、950658287741、993465198242、998859559585、992800642545、990618054916、652994949606、873771926327、970542473882、836899798919、928580021030、852501307622、632300625030、853399095646、671840552108、975762015590的基本信息
2026-04-06 06:31:49,381 | INFO | ali1688_goods_monitor | ⏳ 等待点击【开始查询】并捕获 offerSearch 接口...
2026-04-06 06:31:49,825 | INFO | ali1688_goods_monitor | 商品列表返回码: 200
2026-04-06 06:31:49,827 | INFO | ali1688_goods_monitor | 🚀 开始捕获商品数据，共 20 个商品
2026-04-06 06:31:49,830 | INFO | ali1688_goods_monitor | ✅ 商品基本信息捕获完成，总耗时: 0.00秒
2026-04-06 06:31:49,831 | INFO | ali1688_goods_monitor |    - 商品数: 20
2026-04-06 06:31:49,831 | INFO | ali1688_goods_monitor | ✅ 第 5 批完成，获取到 20 个商品，0 个SKU
2026-04-06 06:31:49,831 | INFO | ali1688_goods_monitor | 📋 第 5 批商品信息:
2026-04-06 06:31:49,831 | INFO | ali1688_goods_monitor |   1. 商品ID: 991070192317, 店铺: 汕头市澄海区神宥玩具厂(个体工商户), SKU数: 11
2026-04-06 06:31:49,831 | INFO | ali1688_goods_monitor |   2. 商品ID: 993465198242, 店铺: 汕头市铭立玩具有限公司, SKU数: 7
2026-04-06 06:31:49,832 | INFO | ali1688_goods_monitor |   3. 商品ID: 990618054916, 店铺: 妆链时代（深圳）科技有限公司, SKU数: 3
2026-04-06 06:31:49,832 | INFO | ali1688_goods_monitor |   4. 商品ID: 975762015590, 店铺: 汕头市澄海区小筑班五金玩具厂, SKU数: 6
2026-04-06 06:31:49,832 | INFO | ali1688_goods_monitor |   5. 商品ID: 859584630627, 店铺: 汕头市龙湖区熹萌喵玩具厂, SKU数: 4
2026-04-06 06:31:49,832 | INFO | ali1688_goods_monitor |   6. 商品ID: 927205288673, 店铺: 汕头市龙湖区熹萌喵玩具厂, SKU数: 4
2026-04-06 06:31:49,833 | INFO | ali1688_goods_monitor |   7. 商品ID: 852501307622, 店铺: 汕头市俏娃玩具有限公司, SKU数: 1
2026-04-06 06:31:49,833 | INFO | ali1688_goods_monitor |   8. 商品ID: 632300625030, 店铺: 汕头市俏娃玩具有限公司, SKU数: 1
2026-04-06 06:31:49,833 | INFO | ali1688_goods_monitor |   9. 商品ID: 998859559585, 店铺: 汕头市澄海区坤铄玩具厂, SKU数: 11
2026-04-06 06:31:49,833 | INFO | ali1688_goods_monitor |   10. 商品ID: 1009966785995, 店铺: 汕头市恒达星玩具有限公司, SKU数: 4
2026-04-06 06:31:49,833 | INFO | ali1688_goods_monitor |   11. 商品ID: 992800642545, 店铺: 汕头市盛星达体育用品有限公司, SKU数: 3
2026-04-06 06:31:49,833 | INFO | ali1688_goods_monitor |   12. 商品ID: 985206853035, 店铺: 汕头市澄海区金颖玩具厂, SKU数: 2
2026-04-06 06:31:49,834 | INFO | ali1688_goods_monitor |   13. 商品ID: 873771926327, 店铺: 汕头市澄海区酷乐孩玩具厂, SKU数: 34
2026-04-06 06:31:49,834 | INFO | ali1688_goods_monitor |   14. 商品ID: 853399095646, 店铺: 汕头市嬉游记玩具有限公司, SKU数: 15
2026-04-06 06:31:49,834 | INFO | ali1688_goods_monitor |   15. 商品ID: 671840552108, 店铺: 汕头市澄海区华迪锋玩具厂, SKU数: 8
2026-04-06 06:31:49,834 | INFO | ali1688_goods_monitor |   16. 商品ID: 836899798919, 店铺: 汕头市澄海区小筑班五金玩具厂, SKU数: 9
2026-04-06 06:31:49,834 | INFO | ali1688_goods_monitor |   17. 商品ID: 950658287741, 店铺: 汕头市澄海区三只老鼠玩具厂, SKU数: 18
2026-04-06 06:31:49,834 | INFO | ali1688_goods_monitor |   18. 商品ID: 928580021030, 店铺: 汕头市嬉游记玩具有限公司, SKU数: 2
2026-04-06 06:31:49,835 | INFO | ali1688_goods_monitor |   19. 商品ID: 652994949606, 店铺: 汕头市俏娃玩具有限公司, SKU数: 4
2026-04-06 06:31:49,835 | INFO | ali1688_goods_monitor |   20. 商品ID: 970542473882, 店铺: 汕头市嬉游记玩具有限公司, SKU数: 5
2026-04-06 06:31:49,921 | INFO | ali1688_goods_monitor | 💾 第5/14批：已保存 20 个商品到数据库
2026-04-06 06:31:49,921 | INFO | ali1688_goods_monitor | ⏸️  随机暂停 7.0 秒...
2026-04-06 06:31:56,886 | INFO | ali1688_goods_monitor | 🔄 刷新页面，准备处理第 6 批...
2026-04-06 06:32:04,379 | INFO | ali1688_goods_monitor | 🔍 处理第 6/14 批，共 20 个商品
2026-04-06 06:32:04,380 | INFO | ali1688_goods_monitor | 📋 商品ID: 994237964153、847990628509、962546716755、854253039240、662598267674、978651830599、692940339011、993354315037、895439014120、997795598539、1037735891255、849820903779、729749403422、948334688543、746416939989、930446969722、991823064917、621865712164、847781001778、864653527961
2026-04-06 06:32:04,388 | INFO | ali1688_goods_monitor | 🧩 选择搜索方式: 商品ID
2026-04-06 06:32:04,826 | INFO | ali1688_goods_monitor | 搜索的商品id是:994237964153、847990628509、962546716755、854253039240、662598267674、978651830599、692940339011、993354315037、895439014120、997795598539、1037735891255、849820903779、729749403422、948334688543、746416939989、930446969722、991823064917、621865712164、847781001778、864653527961
2026-04-06 06:32:05,927 | INFO | ali1688_goods_monitor | ✅ 第 6 批筛选条件已设置
2026-04-06 06:32:08,939 | INFO | ali1688_goods_monitor | 开始获取商品:994237964153、847990628509、962546716755、854253039240、662598267674、978651830599、692940339011、993354315037、895439014120、997795598539、1037735891255、849820903779、729749403422、948334688543、746416939989、930446969722、991823064917、621865712164、847781001778、864653527961的基本信息
2026-04-06 06:32:08,940 | INFO | ali1688_goods_monitor | ⏳ 等待点击【开始查询】并捕获 offerSearch 接口...
2026-04-06 06:32:09,290 | INFO | ali1688_goods_monitor | 商品列表返回码: 200
2026-04-06 06:32:09,291 | INFO | ali1688_goods_monitor | 🚀 开始捕获商品数据，共 20 个商品
2026-04-06 06:32:09,295 | INFO | ali1688_goods_monitor | ✅ 商品基本信息捕获完成，总耗时: 0.00秒
2026-04-06 06:32:09,295 | INFO | ali1688_goods_monitor |    - 商品数: 20
2026-04-06 06:32:09,295 | INFO | ali1688_goods_monitor | ✅ 第 6 批完成，获取到 20 个商品，0 个SKU
2026-04-06 06:32:09,295 | INFO | ali1688_goods_monitor | 📋 第 6 批商品信息:
2026-04-06 06:32:09,295 | INFO | ali1688_goods_monitor |   1. 商品ID: 746416939989, 店铺: 李楚平, SKU数: 2
2026-04-06 06:32:09,296 | INFO | ali1688_goods_monitor |   2. 商品ID: 729749403422, 店铺: 珠海欣球格创科技有限公司, SKU数: 7
2026-04-06 06:32:09,296 | INFO | ali1688_goods_monitor |   3. 商品ID: 895439014120, 店铺: 汕头市澄海区新创贸易商行, SKU数: 8
2026-04-06 06:32:09,296 | INFO | ali1688_goods_monitor |   4. 商品ID: 662598267674, 店铺: 汕头市俏娃玩具有限公司, SKU数: 4
2026-04-06 06:32:09,296 | INFO | ali1688_goods_monitor |   5. 商品ID: 994237964153, 店铺: 汕头市澄海区十意玩具厂, SKU数: 7
2026-04-06 06:32:09,296 | INFO | ali1688_goods_monitor |   6. 商品ID: 1037735891255, 店铺: 汕头市澄海区富派百货商行, SKU数: None
2026-04-06 06:32:09,296 | INFO | ali1688_goods_monitor |   7. 商品ID: 948334688543, 店铺: 汕头市澄海区超慧丰贸易商行, SKU数: 22
2026-04-06 06:32:09,297 | INFO | ali1688_goods_monitor |   8. 商品ID: 993354315037, 店铺: 汕头市澄海区奥维玩具厂, SKU数: 11
2026-04-06 06:32:09,297 | INFO | ali1688_goods_monitor |   9. 商品ID: 930446969722, 店铺: 汕头市俏娃玩具有限公司, SKU数: 2
2026-04-06 06:32:09,297 | INFO | ali1688_goods_monitor |   10. 商品ID: 864653527961, 店铺: 汕头市迪利嘉科技有限公司, SKU数: 1
2026-04-06 06:32:09,297 | INFO | ali1688_goods_monitor |   11. 商品ID: 962546716755, 店铺: 汕头市澄海区淘琪宝玩具厂, SKU数: 3
2026-04-06 06:32:09,297 | INFO | ali1688_goods_monitor |   12. 商品ID: 997795598539, 店铺: 汕头市盛星达体育用品有限公司, SKU数: 3
2026-04-06 06:32:09,297 | INFO | ali1688_goods_monitor |   13. 商品ID: 849820903779, 店铺: 汕头市龙湖区熹萌喵玩具厂, SKU数: 4
2026-04-06 06:32:09,298 | INFO | ali1688_goods_monitor |   14. 商品ID: 847781001778, 店铺: 汕头市龙湖区熹萌喵玩具厂, SKU数: 4
2026-04-06 06:32:09,298 | INFO | ali1688_goods_monitor |   15. 商品ID: 692940339011, 店铺: 汕头市澄海区商裕玩具商行, SKU数: 3
2026-04-06 06:32:09,298 | INFO | ali1688_goods_monitor |   16. 商品ID: 621865712164, 店铺: 汕头市俏娃玩具有限公司, SKU数: 8
2026-04-06 06:32:09,298 | INFO | ali1688_goods_monitor |   17. 商品ID: 978651830599, 店铺: 义乌市紫戈玩具有限公司, SKU数: 2
2026-04-06 06:32:09,298 | INFO | ali1688_goods_monitor |   18. 商品ID: 847990628509, 店铺: 汕头市龙湖区熹萌喵玩具厂, SKU数: 8
2026-04-06 06:32:09,298 | INFO | ali1688_goods_monitor |   19. 商品ID: 991823064917, 店铺: 汕头市澄海区都说好玩具商行, SKU数: 8
2026-04-06 06:32:09,298 | INFO | ali1688_goods_monitor |   20. 商品ID: 854253039240, 店铺: 汕头市嬉游记玩具有限公司, SKU数: 2
2026-04-06 06:32:09,387 | INFO | ali1688_goods_monitor | 💾 第6/14批：已保存 20 个商品到数据库
2026-04-06 06:32:09,387 | INFO | ali1688_goods_monitor | ⏸️  随机暂停 3.7 秒...
2026-04-06 06:32:13,140 | INFO | ali1688_goods_monitor | 🔄 刷新页面，准备处理第 7 批...
2026-04-06 06:32:19,693 | INFO | ali1688_goods_monitor | 🔍 处理第 7/14 批，共 20 个商品
2026-04-06 06:32:19,694 | INFO | ali1688_goods_monitor | 📋 商品ID: 995364912374、811638208514、952611726643、915854311158、985998626047、924140770781、986179889619、999860867159、675880303102、997359995216、991467576950、813592780236、920664381969、926941651375、847784309788、991699553836、848195784663、773383798724、1006668462460、917143716667
2026-04-06 06:32:19,697 | INFO | ali1688_goods_monitor | 🧩 选择搜索方式: 商品ID
2026-04-06 06:32:20,203 | INFO | ali1688_goods_monitor | 搜索的商品id是:995364912374、811638208514、952611726643、915854311158、985998626047、924140770781、986179889619、999860867159、675880303102、997359995216、991467576950、813592780236、920664381969、926941651375、847784309788、991699553836、848195784663、773383798724、1006668462460、917143716667
2026-04-06 06:32:21,313 | INFO | ali1688_goods_monitor | ✅ 第 7 批筛选条件已设置
2026-04-06 06:32:24,324 | INFO | ali1688_goods_monitor | 开始获取商品:995364912374、811638208514、952611726643、915854311158、985998626047、924140770781、986179889619、999860867159、675880303102、997359995216、991467576950、813592780236、920664381969、926941651375、847784309788、991699553836、848195784663、773383798724、1006668462460、917143716667的基本信息
2026-04-06 06:32:24,325 | INFO | ali1688_goods_monitor | ⏳ 等待点击【开始查询】并捕获 offerSearch 接口...
2026-04-06 06:32:24,659 | INFO | ali1688_goods_monitor | 商品列表返回码: 200
2026-04-06 06:32:24,660 | INFO | ali1688_goods_monitor | 🚀 开始捕获商品数据，共 19 个商品
2026-04-06 06:32:24,662 | INFO | ali1688_goods_monitor | ✅ 商品基本信息捕获完成，总耗时: 0.00秒
2026-04-06 06:32:24,662 | INFO | ali1688_goods_monitor |    - 商品数: 19
2026-04-06 06:32:24,663 | INFO | ali1688_goods_monitor | ✅ 第 7 批完成，获取到 19 个商品，0 个SKU
2026-04-06 06:32:24,663 | INFO | ali1688_goods_monitor | 📋 第 7 批商品信息:
2026-04-06 06:32:24,663 | INFO | ali1688_goods_monitor |   1. 商品ID: 997359995216, 店铺: 汕头市盛缔歆贸易有限公司, SKU数: 4
2026-04-06 06:32:24,663 | INFO | ali1688_goods_monitor |   2. 商品ID: 924140770781, 店铺: 义乌市圣泽文化用品有限公司, SKU数: 2
2026-04-06 06:32:24,663 | INFO | ali1688_goods_monitor |   3. 商品ID: 773383798724, 店铺: 汕头市澄海区优比比玩具商行, SKU数: 10
2026-04-06 06:32:24,663 | INFO | ali1688_goods_monitor |   4. 商品ID: 1006668462460, 店铺: 汕头市澄海区美迪电器厂, SKU数: 12
2026-04-06 06:32:24,664 | INFO | ali1688_goods_monitor |   5. 商品ID: 675880303102, 店铺: 深圳巨变科技有限公司, SKU数: 1
2026-04-06 06:32:24,664 | INFO | ali1688_goods_monitor |   6. 商品ID: 811638208514, 店铺: 汕头市澄海区轮转玩具商行, SKU数: 3
2026-04-06 06:32:24,664 | INFO | ali1688_goods_monitor |   7. 商品ID: 926941651375, 店铺: 汕头市龙湖区熹萌喵玩具厂, SKU数: 10
2026-04-06 06:32:24,665 | INFO | ali1688_goods_monitor |   8. 商品ID: 985998626047, 店铺: 汕头澄海区莱鑫益益智玩具商行, SKU数: 4
2026-04-06 06:32:24,666 | INFO | ali1688_goods_monitor |   9. 商品ID: 999860867159, 店铺: 汕头市盛缔歆贸易有限公司, SKU数: 1
2026-04-06 06:32:24,666 | INFO | ali1688_goods_monitor |   10. 商品ID: 986179889619, 店铺: 汕头市澄海区来得玩具厂, SKU数: 3
2026-04-06 06:32:24,667 | INFO | ali1688_goods_monitor |   11. 商品ID: 952611726643, 店铺: 汕头市嬉游记玩具有限公司, SKU数: 2
2026-04-06 06:32:24,667 | INFO | ali1688_goods_monitor |   12. 商品ID: 991467576950, 店铺: 汕头市澄海区罗森丰贸易商行, SKU数: 40
2026-04-06 06:32:24,667 | INFO | ali1688_goods_monitor |   13. 商品ID: 915854311158, 店铺: 汕头市龙湖区熹萌喵玩具厂, SKU数: 5
2026-04-06 06:32:24,667 | INFO | ali1688_goods_monitor |   14. 商品ID: 995364912374, 店铺: 义乌市绘屿电子商务商行, SKU数: 3
2026-04-06 06:32:24,669 | INFO | ali1688_goods_monitor |   15. 商品ID: 848195784663, 店铺: 汕头市龙湖区熹萌喵玩具厂, SKU数: 6
2026-04-06 06:32:24,669 | INFO | ali1688_goods_monitor |   16. 商品ID: 813592780236, 店铺: 汕头市嬉游记玩具有限公司, SKU数: 2
2026-04-06 06:32:24,670 | INFO | ali1688_goods_monitor |   17. 商品ID: 847784309788, 店铺: 汕头市龙湖区熹萌喵玩具厂, SKU数: 2
2026-04-06 06:32:24,670 | INFO | ali1688_goods_monitor |   18. 商品ID: 920664381969, 店铺: 义乌市艺可玩具有限公司, SKU数: 4
2026-04-06 06:32:24,671 | INFO | ali1688_goods_monitor |   19. 商品ID: 917143716667, 店铺: 汕头市龙湖区熹萌喵玩具厂, SKU数: 4
2026-04-06 06:32:24,796 | INFO | ali1688_goods_monitor | 💾 第7/14批：已保存 19 个商品到数据库
2026-04-06 06:32:24,796 | INFO | ali1688_goods_monitor | ⏸️  随机暂停 5.8 秒...
2026-04-06 06:32:30,577 | INFO | ali1688_goods_monitor | 🔄 刷新页面，准备处理第 8 批...
2026-04-06 06:32:37,177 | INFO | ali1688_goods_monitor | 🔍 处理第 8/14 批，共 20 个商品
2026-04-06 06:32:37,178 | INFO | ali1688_goods_monitor | 📋 商品ID: 833863806015、778105306124、1000261330427、990374779412、678640196785、855494409051、695065852792、973730524327、969889694254、854773109889、662629659424、1001253412551、796066732390、968025059447、983142383790、918745003737、989391144530、1039821084728、903214944988、909894706445
2026-04-06 06:32:37,182 | INFO | ali1688_goods_monitor | 🧩 选择搜索方式: 商品ID
2026-04-06 06:32:37,702 | INFO | ali1688_goods_monitor | 搜索的商品id是:833863806015、778105306124、1000261330427、990374779412、678640196785、855494409051、695065852792、973730524327、969889694254、854773109889、662629659424、1001253412551、796066732390、968025059447、983142383790、918745003737、989391144530、1039821084728、903214944988、909894706445
2026-04-06 06:32:38,800 | INFO | ali1688_goods_monitor | ✅ 第 8 批筛选条件已设置
2026-04-06 06:32:41,811 | INFO | ali1688_goods_monitor | 开始获取商品:833863806015、778105306124、1000261330427、990374779412、678640196785、855494409051、695065852792、973730524327、969889694254、854773109889、662629659424、1001253412551、796066732390、968025059447、983142383790、918745003737、989391144530、1039821084728、903214944988、909894706445的基本信息
2026-04-06 06:32:41,811 | INFO | ali1688_goods_monitor | ⏳ 等待点击【开始查询】并捕获 offerSearch 接口...
2026-04-06 06:32:42,176 | INFO | ali1688_goods_monitor | 商品列表返回码: 200
2026-04-06 06:32:42,177 | INFO | ali1688_goods_monitor | 🚀 开始捕获商品数据，共 19 个商品
2026-04-06 06:32:42,179 | INFO | ali1688_goods_monitor | ✅ 商品基本信息捕获完成，总耗时: 0.00秒
2026-04-06 06:32:42,179 | INFO | ali1688_goods_monitor |    - 商品数: 19
2026-04-06 06:32:42,180 | INFO | ali1688_goods_monitor | ✅ 第 8 批完成，获取到 19 个商品，0 个SKU
2026-04-06 06:32:42,180 | INFO | ali1688_goods_monitor | 📋 第 8 批商品信息:
2026-04-06 06:32:42,180 | INFO | ali1688_goods_monitor |   1. 商品ID: 662629659424, 店铺: 汕头市嬉游记玩具有限公司, SKU数: 4
2026-04-06 06:32:42,180 | INFO | ali1688_goods_monitor |   2. 商品ID: 796066732390, 店铺: 义乌市卡登电子商务有限公司, SKU数: 6
2026-04-06 06:32:42,180 | INFO | ali1688_goods_monitor |   3. 商品ID: 918745003737, 店铺: 深圳市栓云笙科技有限公司, SKU数: 6
2026-04-06 06:32:42,180 | INFO | ali1688_goods_monitor |   4. 商品ID: 969889694254, 店铺: 深圳市惠艺美玩具有限公司, SKU数: 27
2026-04-06 06:32:42,181 | INFO | ali1688_goods_monitor |   5. 商品ID: 990374779412, 店铺: 义乌市精卓工艺品有限公司, SKU数: 3
2026-04-06 06:32:42,181 | INFO | ali1688_goods_monitor |   6. 商品ID: 778105306124, 店铺: 林粉兰, SKU数: 1
2026-04-06 06:32:42,181 | INFO | ali1688_goods_monitor |   7. 商品ID: 983142383790, 店铺: 东莞市狂蜂狂蚁科技有限公司, SKU数: None
2026-04-06 06:32:42,181 | INFO | ali1688_goods_monitor |   8. 商品ID: 833863806015, 店铺: 潮州市博思玩具有限公司, SKU数: 5
2026-04-06 06:32:42,181 | INFO | ali1688_goods_monitor |   9. 商品ID: 903214944988, 店铺: 汕头市澄海区汕澄批玩具商行, SKU数: 1
2026-04-06 06:32:42,181 | INFO | ali1688_goods_monitor |   10. 商品ID: 1039821084728, 店铺: 义乌市怡芬日用品有限公司, SKU数: None
2026-04-06 06:32:42,182 | INFO | ali1688_goods_monitor |   11. 商品ID: 1000261330427, 店铺: 汕头市盛缔歆贸易有限公司, SKU数: 1
2026-04-06 06:32:42,182 | INFO | ali1688_goods_monitor |   12. 商品ID: 968025059447, 店铺: 汕头市澄海区骇浪玩具商行（个体工商户）, SKU数: 6
2026-04-06 06:32:42,182 | INFO | ali1688_goods_monitor |   13. 商品ID: 909894706445, 店铺: 汕头市澄海区越来越聪明玩具厂, SKU数: 22
2026-04-06 06:32:42,182 | INFO | ali1688_goods_monitor |   14. 商品ID: 1001253412551, 店铺: 汕头市澄海区贝晟玩具厂, SKU数: 7
2026-04-06 06:32:42,182 | INFO | ali1688_goods_monitor |   15. 商品ID: 854773109889, 店铺: 汕头市龙湖区熹萌喵玩具厂, SKU数: 1
2026-04-06 06:32:42,182 | INFO | ali1688_goods_monitor |   16. 商品ID: 973730524327, 店铺: 汕头市乐与拾光玩具有限公司, SKU数: 11
2026-04-06 06:32:42,182 | INFO | ali1688_goods_monitor |   17. 商品ID: 678640196785, 店铺: 汕头市澄海区实琪玩具有限公司, SKU数: 8
2026-04-06 06:32:42,183 | INFO | ali1688_goods_monitor |   18. 商品ID: 855494409051, 店铺: 汕头市龙湖区熹萌喵玩具厂, SKU数: 4
2026-04-06 06:32:42,183 | INFO | ali1688_goods_monitor |   19. 商品ID: 695065852792, 店铺: 汕头市澄海区川宇玩具厂, SKU数: 2
2026-04-06 06:32:42,265 | INFO | ali1688_goods_monitor | 💾 第8/14批：已保存 19 个商品到数据库
2026-04-06 06:32:42,265 | INFO | ali1688_goods_monitor | ⏸️  随机暂停 5.6 秒...
2026-04-06 06:32:47,908 | INFO | ali1688_goods_monitor | 🔄 刷新页面，准备处理第 9 批...
2026-04-06 06:32:55,254 | INFO | ali1688_goods_monitor | 🔍 处理第 9/14 批，共 20 个商品
2026-04-06 06:32:55,254 | INFO | ali1688_goods_monitor | 📋 商品ID: 854420062122、653871136084、626387346293、984336119328、978648327291、834236928026、709904411964、847979472849、848295933948、939201456076、985101359570、900592605428、818121391220、668301084321、716733322460、955211708273、985879832920、847713406081、997742353743、906941705446
2026-04-06 06:32:55,258 | INFO | ali1688_goods_monitor | 🧩 选择搜索方式: 商品ID
2026-04-06 06:32:55,718 | INFO | ali1688_goods_monitor | 搜索的商品id是:854420062122、653871136084、626387346293、984336119328、978648327291、834236928026、709904411964、847979472849、848295933948、939201456076、985101359570、900592605428、818121391220、668301084321、716733322460、955211708273、985879832920、847713406081、997742353743、906941705446
2026-04-06 06:32:56,835 | INFO | ali1688_goods_monitor | ✅ 第 9 批筛选条件已设置
2026-04-06 06:32:59,843 | INFO | ali1688_goods_monitor | 开始获取商品:854420062122、653871136084、626387346293、984336119328、978648327291、834236928026、709904411964、847979472849、848295933948、939201456076、985101359570、900592605428、818121391220、668301084321、716733322460、955211708273、985879832920、847713406081、997742353743、906941705446的基本信息
2026-04-06 06:32:59,844 | INFO | ali1688_goods_monitor | ⏳ 等待点击【开始查询】并捕获 offerSearch 接口...
2026-04-06 06:33:00,237 | INFO | ali1688_goods_monitor | 商品列表返回码: 200
2026-04-06 06:33:00,237 | INFO | ali1688_goods_monitor | 🚀 开始捕获商品数据，共 19 个商品
2026-04-06 06:33:00,240 | INFO | ali1688_goods_monitor | ✅ 商品基本信息捕获完成，总耗时: 0.00秒
2026-04-06 06:33:00,241 | INFO | ali1688_goods_monitor |    - 商品数: 19
2026-04-06 06:33:00,242 | INFO | ali1688_goods_monitor | ✅ 第 9 批完成，获取到 19 个商品，0 个SKU
2026-04-06 06:33:00,242 | INFO | ali1688_goods_monitor | 📋 第 9 批商品信息:
2026-04-06 06:33:00,243 | INFO | ali1688_goods_monitor |   1. 商品ID: 997742353743, 店铺: 义乌市胤潭电子商务商行, SKU数: 3
2026-04-06 06:33:00,243 | INFO | ali1688_goods_monitor |   2. 商品ID: 939201456076, 店铺: 汕头市龙湖区熹萌喵玩具厂, SKU数: 7
2026-04-06 06:33:00,243 | INFO | ali1688_goods_monitor |   3. 商品ID: 818121391220, 店铺: 义乌市零号电子商务商行, SKU数: 7
2026-04-06 06:33:00,243 | INFO | ali1688_goods_monitor |   4. 商品ID: 854420062122, 店铺: 汕头市龙湖区熹萌喵玩具厂, SKU数: 12
2026-04-06 06:33:00,243 | INFO | ali1688_goods_monitor |   5. 商品ID: 955211708273, 店铺: 汕头市澄海区多美仕玩具厂, SKU数: 23
2026-04-06 06:33:00,243 | INFO | ali1688_goods_monitor |   6. 商品ID: 653871136084, 店铺: 汕头市未闻花名母婴用品有限公司, SKU数: 4
2026-04-06 06:33:00,244 | INFO | ali1688_goods_monitor |   7. 商品ID: 834236928026, 店铺: 深圳焦点创意电子科技发展有限公司, SKU数: 1
2026-04-06 06:33:00,244 | INFO | ali1688_goods_monitor |   8. 商品ID: 626387346293, 店铺: 汕头市嬉游记玩具有限公司, SKU数: 10
2026-04-06 06:33:00,245 | INFO | ali1688_goods_monitor |   9. 商品ID: 668301084321, 店铺: 深圳市铂瑞斯贸易有限公司, SKU数: 5
2026-04-06 06:33:00,245 | INFO | ali1688_goods_monitor |   10. 商品ID: 900592605428, 店铺: 汕头市龙湖区熹萌喵玩具厂, SKU数: 6
2026-04-06 06:33:00,245 | INFO | ali1688_goods_monitor |   11. 商品ID: 985101359570, 店铺: 义乌市栩磊电子商务商行, SKU数: 4
2026-04-06 06:33:00,246 | INFO | ali1688_goods_monitor |   12. 商品ID: 847713406081, 店铺: 汕头市龙湖区熹萌喵玩具厂, SKU数: 1
2026-04-06 06:33:00,246 | INFO | ali1688_goods_monitor |   13. 商品ID: 984336119328, 店铺: 汕头市澄海区泰旭玩具厂, SKU数: 3
2026-04-06 06:33:00,246 | INFO | ali1688_goods_monitor |   14. 商品ID: 709904411964, 店铺: 宿迁市俏楚贸易有限公司, SKU数: 24
2026-04-06 06:33:00,247 | INFO | ali1688_goods_monitor |   15. 商品ID: 716733322460, 店铺: 汕头市澄海区童萌趣玩具贸易商行, SKU数: 8
2026-04-06 06:33:00,247 | INFO | ali1688_goods_monitor |   16. 商品ID: 985879832920, 店铺: 汕头市龙湖区熹萌喵玩具厂, SKU数: 4
2026-04-06 06:33:00,247 | INFO | ali1688_goods_monitor |   17. 商品ID: 847979472849, 店铺: 汕头市龙湖区熹萌喵玩具厂, SKU数: 1
2026-04-06 06:33:00,247 | INFO | ali1688_goods_monitor |   18. 商品ID: 906941705446, 店铺: 义乌市双彩供应链有限公司, SKU数: 2
2026-04-06 06:33:00,247 | INFO | ali1688_goods_monitor |   19. 商品ID: 848295933948, 店铺: 汕头市龙湖区熹萌喵玩具厂, SKU数: 12
2026-04-06 06:33:00,331 | INFO | ali1688_goods_monitor | 💾 第9/14批：已保存 19 个商品到数据库
2026-04-06 06:33:00,331 | INFO | ali1688_goods_monitor | ⏸️  随机暂停 6.9 秒...
2026-04-06 06:33:07,214 | INFO | ali1688_goods_monitor | 🔄 刷新页面，准备处理第 10 批...
2026-04-06 06:33:14,396 | INFO | ali1688_goods_monitor | 🔍 处理第 10/14 批，共 20 个商品
2026-04-06 06:33:14,398 | INFO | ali1688_goods_monitor | 📋 商品ID: 975402784788、992713938362、998016077358、676772683627、991759687233、987237412445、847713406078、675557812438、946133528766、661664097697、987732400816、724154127228、672751050822、972523284067、661514670948、903149142386、686348979544、942621028118、678110916347、951586784136
2026-04-06 06:33:14,404 | INFO | ali1688_goods_monitor | 🧩 选择搜索方式: 商品ID
2026-04-06 06:33:14,935 | INFO | ali1688_goods_monitor | 搜索的商品id是:975402784788、992713938362、998016077358、676772683627、991759687233、987237412445、847713406078、675557812438、946133528766、661664097697、987732400816、724154127228、672751050822、972523284067、661514670948、903149142386、686348979544、942621028118、678110916347、951586784136
2026-04-06 06:33:16,027 | INFO | ali1688_goods_monitor | ✅ 第 10 批筛选条件已设置
2026-04-06 06:33:19,041 | INFO | ali1688_goods_monitor | 开始获取商品:975402784788、992713938362、998016077358、676772683627、991759687233、987237412445、847713406078、675557812438、946133528766、661664097697、987732400816、724154127228、672751050822、972523284067、661514670948、903149142386、686348979544、942621028118、678110916347、951586784136的基本信息
2026-04-06 06:33:19,043 | INFO | ali1688_goods_monitor | ⏳ 等待点击【开始查询】并捕获 offerSearch 接口...
2026-04-06 06:33:19,409 | INFO | ali1688_goods_monitor | 商品列表返回码: 200
2026-04-06 06:33:19,409 | INFO | ali1688_goods_monitor | 🚀 开始捕获商品数据，共 20 个商品
2026-04-06 06:33:19,413 | INFO | ali1688_goods_monitor | ✅ 商品基本信息捕获完成，总耗时: 0.00秒
2026-04-06 06:33:19,414 | INFO | ali1688_goods_monitor |    - 商品数: 20
2026-04-06 06:33:19,414 | INFO | ali1688_goods_monitor | ✅ 第 10 批完成，获取到 20 个商品，0 个SKU
2026-04-06 06:33:19,414 | INFO | ali1688_goods_monitor | 📋 第 10 批商品信息:
2026-04-06 06:33:19,414 | INFO | ali1688_goods_monitor |   1. 商品ID: 676772683627, 店铺: 汕头市俏娃玩具有限公司, SKU数: 5
2026-04-06 06:33:19,414 | INFO | ali1688_goods_monitor |   2. 商品ID: 987237412445, 店铺: 汕头市澄海区童乐玩玩具厂, SKU数: 20
2026-04-06 06:33:19,414 | INFO | ali1688_goods_monitor |   3. 商品ID: 992713938362, 店铺: 深圳市品艺玩具有限公司, SKU数: 4
2026-04-06 06:33:19,414 | INFO | ali1688_goods_monitor |   4. 商品ID: 686348979544, 店铺: 汕头市澄海区做妮物玩具厂, SKU数: 1
2026-04-06 06:33:19,415 | INFO | ali1688_goods_monitor |   5. 商品ID: 661664097697, 店铺: 汕头市俏娃玩具有限公司, SKU数: 2
2026-04-06 06:33:19,415 | INFO | ali1688_goods_monitor |   6. 商品ID: 946133528766, 店铺: 汕头市澄海区陶境玩具有限公司, SKU数: 4
2026-04-06 06:33:19,415 | INFO | ali1688_goods_monitor |   7. 商品ID: 672751050822, 店铺: 汕头市澄海区高美玩具厂, SKU数: 3
2026-04-06 06:33:19,415 | INFO | ali1688_goods_monitor |   8. 商品ID: 678110916347, 店铺: 汕头市澄海区丰乐多玩具厂, SKU数: 9
2026-04-06 06:33:19,415 | INFO | ali1688_goods_monitor |   9. 商品ID: 987732400816, 店铺: 汕头市澄海区新润洋玩具厂, SKU数: 1
2026-04-06 06:33:19,415 | INFO | ali1688_goods_monitor |   10. 商品ID: 951586784136, 店铺: 汕头市澄海区悦优佳玩具厂, SKU数: 34
2026-04-06 06:33:19,416 | INFO | ali1688_goods_monitor |   11. 商品ID: 661514670948, 店铺: 汕头市嬉游记玩具有限公司, SKU数: 9
2026-04-06 06:33:19,416 | INFO | ali1688_goods_monitor |   12. 商品ID: 975402784788, 店铺: 汕头市硕维玩具有限公司, SKU数: 1
2026-04-06 06:33:19,416 | INFO | ali1688_goods_monitor |   13. 商品ID: 972523284067, 店铺: 汕头市澄海区华美乐玩具厂, SKU数: 1
2026-04-06 06:33:19,416 | INFO | ali1688_goods_monitor |   14. 商品ID: 903149142386, 店铺: 汕头市龙湖区熹萌喵玩具厂, SKU数: 4
2026-04-06 06:33:19,416 | INFO | ali1688_goods_monitor |   15. 商品ID: 991759687233, 店铺: 义乌市昭旭日用百货有限公司, SKU数: 6
2026-04-06 06:33:19,417 | INFO | ali1688_goods_monitor |   16. 商品ID: 847713406078, 店铺: 汕头市龙湖区熹萌喵玩具厂, SKU数: 4
2026-04-06 06:33:19,417 | INFO | ali1688_goods_monitor |   17. 商品ID: 942621028118, 店铺: 汕头市澄海区孩艺宝玩具厂, SKU数: 20
2026-04-06 06:33:19,417 | INFO | ali1688_goods_monitor |   18. 商品ID: 724154127228, 店铺: 汕头市澄海区川宇玩具厂, SKU数: 6
2026-04-06 06:33:19,417 | INFO | ali1688_goods_monitor |   19. 商品ID: 998016077358, 店铺: 汕头市创爱旺科技有限公司, SKU数: 3
2026-04-06 06:33:19,417 | INFO | ali1688_goods_monitor |   20. 商品ID: 675557812438, 店铺: 汕头市澄海区蛋宝玩具厂, SKU数: 1
2026-04-06 06:33:19,508 | INFO | ali1688_goods_monitor | 💾 第10/14批：已保存 20 个商品到数据库
2026-04-06 06:33:19,509 | INFO | ali1688_goods_monitor | ⏸️  随机暂停 4.4 秒...
2026-04-06 06:33:23,927 | INFO | ali1688_goods_monitor | 🔄 刷新页面，准备处理第 11 批...
2026-04-06 06:33:32,924 | INFO | ali1688_goods_monitor | 🔍 处理第 11/14 批，共 20 个商品
2026-04-06 06:33:32,926 | INFO | ali1688_goods_monitor | 📋 商品ID: 538297571141、670793076081、994715362159、969387993044、910382293640、986633373239、1027381048230、683872677220、1031769907868、990976789985、858770936676、646729482472、917025701974、854168645121、990260832462、992882388093、978968804889、848415574468、900563388108、895042686618
2026-04-06 06:33:32,933 | INFO | ali1688_goods_monitor | 🧩 选择搜索方式: 商品ID
2026-04-06 06:33:33,497 | INFO | ali1688_goods_monitor | 搜索的商品id是:538297571141、670793076081、994715362159、969387993044、910382293640、986633373239、1027381048230、683872677220、1031769907868、990976789985、858770936676、646729482472、917025701974、854168645121、990260832462、992882388093、978968804889、848415574468、900563388108、895042686618
2026-04-06 06:33:34,600 | INFO | ali1688_goods_monitor | ✅ 第 11 批筛选条件已设置
2026-04-06 06:33:37,603 | INFO | ali1688_goods_monitor | 开始获取商品:538297571141、670793076081、994715362159、969387993044、910382293640、986633373239、1027381048230、683872677220、1031769907868、990976789985、858770936676、646729482472、917025701974、854168645121、990260832462、992882388093、978968804889、848415574468、900563388108、895042686618的基本信息
2026-04-06 06:33:37,604 | INFO | ali1688_goods_monitor | ⏳ 等待点击【开始查询】并捕获 offerSearch 接口...
2026-04-06 06:33:37,999 | INFO | ali1688_goods_monitor | 商品列表返回码: 200
2026-04-06 06:33:38,000 | INFO | ali1688_goods_monitor | 🚀 开始捕获商品数据，共 20 个商品
2026-04-06 06:33:38,002 | INFO | ali1688_goods_monitor | ✅ 商品基本信息捕获完成，总耗时: 0.00秒
2026-04-06 06:33:38,002 | INFO | ali1688_goods_monitor |    - 商品数: 20
2026-04-06 06:33:38,003 | INFO | ali1688_goods_monitor | ✅ 第 11 批完成，获取到 20 个商品，0 个SKU
2026-04-06 06:33:38,003 | INFO | ali1688_goods_monitor | 📋 第 11 批商品信息:
2026-04-06 06:33:38,003 | INFO | ali1688_goods_monitor |   1. 商品ID: 990976789985, 店铺: 汕头市澄海区超慧丰贸易商行, SKU数: 16
2026-04-06 06:33:38,003 | INFO | ali1688_goods_monitor |   2. 商品ID: 646729482472, 店铺: 汕头市澄海区创羽玩具贸易商行, SKU数: 6
2026-04-06 06:33:38,003 | INFO | ali1688_goods_monitor |   3. 商品ID: 990260832462, 店铺: 汕头市澄海区嘉贝施玩具商行, SKU数: 3
2026-04-06 06:33:38,004 | INFO | ali1688_goods_monitor |   4. 商品ID: 992882388093, 店铺: 义乌市岚发贸易有限公司, SKU数: 3
2026-04-06 06:33:38,004 | INFO | ali1688_goods_monitor |   5. 商品ID: 854168645121, 店铺: 汕头市俏娃玩具有限公司, SKU数: 3
2026-04-06 06:33:38,004 | INFO | ali1688_goods_monitor |   6. 商品ID: 683872677220, 店铺: 汕头市俏娃玩具有限公司, SKU数: 3
2026-04-06 06:33:38,004 | INFO | ali1688_goods_monitor |   7. 商品ID: 670793076081, 店铺: 汕头市澄海区实琪玩具有限公司, SKU数: 12
2026-04-06 06:33:38,004 | INFO | ali1688_goods_monitor |   8. 商品ID: 538297571141, 店铺: 深圳灿煜玩具有限公司, SKU数: 6
2026-04-06 06:33:38,004 | INFO | ali1688_goods_monitor |   9. 商品ID: 994715362159, 店铺: 汕头市澄海区臻棒玩具厂, SKU数: 14
2026-04-06 06:33:38,004 | INFO | ali1688_goods_monitor |   10. 商品ID: 917025701974, 店铺: 汕头市澄海区佳允玩具厂, SKU数: 8
2026-04-06 06:33:38,005 | INFO | ali1688_goods_monitor |   11. 商品ID: 895042686618, 店铺: 汕头市龙湖区熹萌喵玩具厂, SKU数: 2
2026-04-06 06:33:38,005 | INFO | ali1688_goods_monitor |   12. 商品ID: 969387993044, 店铺: 汕头市澄海区芽比玩具商行, SKU数: 20
2026-04-06 06:33:38,005 | INFO | ali1688_goods_monitor |   13. 商品ID: 848415574468, 店铺: 汕头市龙湖区熹萌喵玩具厂, SKU数: 1
2026-04-06 06:33:38,005 | INFO | ali1688_goods_monitor |   14. 商品ID: 1027381048230, 店铺: 深圳市智其峰科技有限公司, SKU数: 36
2026-04-06 06:33:38,005 | INFO | ali1688_goods_monitor |   15. 商品ID: 978968804889, 店铺: 汕头市澄海区境趣玩具商行, SKU数: 1
2026-04-06 06:33:38,005 | INFO | ali1688_goods_monitor |   16. 商品ID: 1031769907868, 店铺: 汕头市龙湖区莱之趣玩具商行（个体工商户）, SKU数: 6
2026-04-06 06:33:38,005 | INFO | ali1688_goods_monitor |   17. 商品ID: 858770936676, 店铺: 义乌市星愿电子商务有限公司, SKU数: 2
2026-04-06 06:33:38,006 | INFO | ali1688_goods_monitor |   18. 商品ID: 900563388108, 店铺: 汕头市澄海区孩艺宝玩具厂, SKU数: 12
2026-04-06 06:33:38,006 | INFO | ali1688_goods_monitor |   19. 商品ID: 986633373239, 店铺: 汕头市嬉游记玩具有限公司, SKU数: 11
2026-04-06 06:33:38,006 | INFO | ali1688_goods_monitor |   20. 商品ID: 910382293640, 店铺: 汕头市澄海区越来越聪明玩具厂, SKU数: 22
2026-04-06 06:33:38,092 | INFO | ali1688_goods_monitor | 💾 第11/14批：已保存 20 个商品到数据库
2026-04-06 06:33:38,092 | INFO | ali1688_goods_monitor | ⏸️  随机暂停 3.2 秒...
2026-04-06 06:33:41,280 | INFO | ali1688_goods_monitor | 🔄 刷新页面，准备处理第 12 批...
2026-04-06 06:33:49,819 | INFO | ali1688_goods_monitor | 🔍 处理第 12/14 批，共 20 个商品
2026-04-06 06:33:49,821 | INFO | ali1688_goods_monitor | 📋 商品ID: 734736330484、985898832914、847993548322、1013917249205、1033404841463、1035850540780、992863648563、973255115593、643044757475、897059922290、973247771787、629652629026、984991416938、960725525521、1028239295024、634658078975、757454263904、728912992880、1001279554121、726064645781
2026-04-06 06:33:49,829 | INFO | ali1688_goods_monitor | 🧩 选择搜索方式: 商品ID
2026-04-06 06:33:50,355 | INFO | ali1688_goods_monitor | 搜索的商品id是:734736330484、985898832914、847993548322、1013917249205、1033404841463、1035850540780、992863648563、973255115593、643044757475、897059922290、973247771787、629652629026、984991416938、960725525521、1028239295024、634658078975、757454263904、728912992880、1001279554121、726064645781
2026-04-06 06:33:51,467 | INFO | ali1688_goods_monitor | ✅ 第 12 批筛选条件已设置
2026-04-06 06:33:54,478 | INFO | ali1688_goods_monitor | 开始获取商品:734736330484、985898832914、847993548322、1013917249205、1033404841463、1035850540780、992863648563、973255115593、643044757475、897059922290、973247771787、629652629026、984991416938、960725525521、1028239295024、634658078975、757454263904、728912992880、1001279554121、726064645781的基本信息
2026-04-06 06:33:54,478 | INFO | ali1688_goods_monitor | ⏳ 等待点击【开始查询】并捕获 offerSearch 接口...
2026-04-06 06:33:54,834 | INFO | ali1688_goods_monitor | 商品列表返回码: 200
2026-04-06 06:33:54,835 | INFO | ali1688_goods_monitor | 🚀 开始捕获商品数据，共 19 个商品
2026-04-06 06:33:54,837 | INFO | ali1688_goods_monitor | ✅ 商品基本信息捕获完成，总耗时: 0.00秒
2026-04-06 06:33:54,837 | INFO | ali1688_goods_monitor |    - 商品数: 19
2026-04-06 06:33:54,838 | INFO | ali1688_goods_monitor | ✅ 第 12 批完成，获取到 19 个商品，0 个SKU
2026-04-06 06:33:54,838 | INFO | ali1688_goods_monitor | 📋 第 12 批商品信息:
2026-04-06 06:33:54,838 | INFO | ali1688_goods_monitor |   1. 商品ID: 734736330484, 店铺: 汕头市澄海区悦优佳玩具厂, SKU数: 34
2026-04-06 06:33:54,838 | INFO | ali1688_goods_monitor |   2. 商品ID: 1028239295024, 店铺: 汕头市澄海区东原玩具厂(个体工商户), SKU数: 1
2026-04-06 06:33:54,838 | INFO | ali1688_goods_monitor |   3. 商品ID: 757454263904, 店铺: 汕头市恩游兔玩具有限公司, SKU数: 1
2026-04-06 06:33:54,838 | INFO | ali1688_goods_monitor |   4. 商品ID: 1033404841463, 店铺: 汕头市龙湖区莱之趣玩具商行（个体工商户）, SKU数: 4
2026-04-06 06:33:54,839 | INFO | ali1688_goods_monitor |   5. 商品ID: 992863648563, 店铺: 汕头市澄海区贝趣星玩具厂, SKU数: 11
2026-04-06 06:33:54,839 | INFO | ali1688_goods_monitor |   6. 商品ID: 728912992880, 店铺: 汕头市澄海区泓趣欢玩具厂, SKU数: 24
2026-04-06 06:33:54,839 | INFO | ali1688_goods_monitor |   7. 商品ID: 960725525521, 店铺: 汕头市龙湖区熹萌喵玩具厂, SKU数: 10
2026-04-06 06:33:54,839 | INFO | ali1688_goods_monitor |   8. 商品ID: 973247771787, 店铺: 汕头市澄海区萃婴乐玩具厂, SKU数: 2
2026-04-06 06:33:54,839 | INFO | ali1688_goods_monitor |   9. 商品ID: 629652629026, 店铺: 汕头市嬉游记玩具有限公司, SKU数: 5
2026-04-06 06:33:54,839 | INFO | ali1688_goods_monitor |   10. 商品ID: 643044757475, 店铺: 汕头市稳住别浪玩具科技有限公司, SKU数: 41
2026-04-06 06:33:54,840 | INFO | ali1688_goods_monitor |   11. 商品ID: 1001279554121, 店铺: 汕头市澄海区金宝欢玩具商行, SKU数: 4
2026-04-06 06:33:54,840 | INFO | ali1688_goods_monitor |   12. 商品ID: 1035850540780, 店铺: 汕头市澄海区盛艺兴玩具厂, SKU数: 8
2026-04-06 06:33:54,840 | INFO | ali1688_goods_monitor |   13. 商品ID: 973255115593, 店铺: 汕头市澄海区悦优佳玩具厂, SKU数: 36
2026-04-06 06:33:54,840 | INFO | ali1688_goods_monitor |   14. 商品ID: 897059922290, 店铺: 1688选品中心官方供应链, SKU数: 5
2026-04-06 06:33:54,840 | INFO | ali1688_goods_monitor |   15. 商品ID: 634658078975, 店铺: 汕头市嬉游记玩具有限公司, SKU数: 16
2026-04-06 06:33:54,841 | INFO | ali1688_goods_monitor |   16. 商品ID: 984991416938, 店铺: 汕头市龙湖区熹萌喵玩具厂, SKU数: 6
2026-04-06 06:33:54,841 | INFO | ali1688_goods_monitor |   17. 商品ID: 847993548322, 店铺: 汕头市龙湖区熹萌喵玩具厂, SKU数: 3
2026-04-06 06:33:54,842 | INFO | ali1688_goods_monitor |   18. 商品ID: 1013917249205, 店铺: 广东佰思玩具有限公司, SKU数: 5
2026-04-06 06:33:54,843 | INFO | ali1688_goods_monitor |   19. 商品ID: 726064645781, 店铺: 汕头市澄海区奕欣玩具有限公司, SKU数: 6
2026-04-06 06:33:54,922 | INFO | ali1688_goods_monitor | 💾 第12/14批：已保存 19 个商品到数据库
2026-04-06 06:33:54,922 | INFO | ali1688_goods_monitor | ⏸️  随机暂停 6.3 秒...
2026-04-06 06:34:01,203 | INFO | ali1688_goods_monitor | 🔄 刷新页面，准备处理第 13 批...
2026-04-06 06:34:08,396 | INFO | ali1688_goods_monitor | 🔍 处理第 13/14 批，共 20 个商品
2026-04-06 06:34:08,397 | INFO | ali1688_goods_monitor | 📋 商品ID: 795861191445、727364044091、894449366946、809233523760、990425215638、970781028572、929103621035、658391484708、990589043915、1031855101004、687729432138、858007859516、1024421346400、1001391447719、728364497329、952896839032、622513415473、974035321584、847969236799、969646541226
2026-04-06 06:34:08,404 | INFO | ali1688_goods_monitor | 🧩 选择搜索方式: 商品ID
2026-04-06 06:34:08,892 | INFO | ali1688_goods_monitor | 搜索的商品id是:795861191445、727364044091、894449366946、809233523760、990425215638、970781028572、929103621035、658391484708、990589043915、1031855101004、687729432138、858007859516、1024421346400、1001391447719、728364497329、952896839032、622513415473、974035321584、847969236799、969646541226
2026-04-06 06:34:10,010 | INFO | ali1688_goods_monitor | ✅ 第 13 批筛选条件已设置
2026-04-06 06:34:13,013 | INFO | ali1688_goods_monitor | 开始获取商品:795861191445、727364044091、894449366946、809233523760、990425215638、970781028572、929103621035、658391484708、990589043915、1031855101004、687729432138、858007859516、1024421346400、1001391447719、728364497329、952896839032、622513415473、974035321584、847969236799、969646541226的基本信息
2026-04-06 06:34:13,017 | INFO | ali1688_goods_monitor | ⏳ 等待点击【开始查询】并捕获 offerSearch 接口...
2026-04-06 06:34:13,412 | INFO | ali1688_goods_monitor | 商品列表返回码: 200
2026-04-06 06:34:13,413 | INFO | ali1688_goods_monitor | 🚀 开始捕获商品数据，共 20 个商品
2026-04-06 06:34:13,416 | INFO | ali1688_goods_monitor | ✅ 商品基本信息捕获完成，总耗时: 0.00秒
2026-04-06 06:34:13,416 | INFO | ali1688_goods_monitor |    - 商品数: 20
2026-04-06 06:34:13,416 | INFO | ali1688_goods_monitor | ✅ 第 13 批完成，获取到 20 个商品，0 个SKU
2026-04-06 06:34:13,417 | INFO | ali1688_goods_monitor | 📋 第 13 批商品信息:
2026-04-06 06:34:13,417 | INFO | ali1688_goods_monitor |   1. 商品ID: 1024421346400, 店铺: 深圳市金贝合科技有限公司, SKU数: 2
2026-04-06 06:34:13,417 | INFO | ali1688_goods_monitor |   2. 商品ID: 809233523760, 店铺: 汕头市澄海区小筑班五金玩具厂, SKU数: 1
2026-04-06 06:34:13,417 | INFO | ali1688_goods_monitor |   3. 商品ID: 847969236799, 店铺: 汕头市龙湖区熹萌喵玩具厂, SKU数: 32
2026-04-06 06:34:13,417 | INFO | ali1688_goods_monitor |   4. 商品ID: 658391484708, 店铺: 汕头市澄海区柏嘉盛玩具商行, SKU数: 12
2026-04-06 06:34:13,417 | INFO | ali1688_goods_monitor |   5. 商品ID: 970781028572, 店铺: 汕头市俏娃玩具有限公司, SKU数: 1
2026-04-06 06:34:13,418 | INFO | ali1688_goods_monitor |   6. 商品ID: 990425215638, 店铺: 汕头市澄海区汇熙宝玩具厂, SKU数: 5
2026-04-06 06:34:13,418 | INFO | ali1688_goods_monitor |   7. 商品ID: 687729432138, 店铺: 深圳巨变科技有限公司, SKU数: 1
2026-04-06 06:34:13,418 | INFO | ali1688_goods_monitor |   8. 商品ID: 969646541226, 店铺: 汕头市澄海区奋星玩具商行, SKU数: 11
2026-04-06 06:34:13,418 | INFO | ali1688_goods_monitor |   9. 商品ID: 952896839032, 店铺: 汕头市俏娃玩具有限公司, SKU数: 3
2026-04-06 06:34:13,418 | INFO | ali1688_goods_monitor |   10. 商品ID: 894449366946, 店铺: 汕头市澄海区雅尚腾玩具厂(个体工商户), SKU数: 30
2026-04-06 06:34:13,419 | INFO | ali1688_goods_monitor |   11. 商品ID: 727364044091, 店铺: 汕头市澄海区实琪玩具有限公司, SKU数: 7
2026-04-06 06:34:13,420 | INFO | ali1688_goods_monitor |   12. 商品ID: 929103621035, 店铺: 汕头市鹿禾科教文化有限公司, SKU数: 6
2026-04-06 06:34:13,420 | INFO | ali1688_goods_monitor |   13. 商品ID: 974035321584, 店铺: 汕头市澄海区聚诚乐玩具厂, SKU数: 5
2026-04-06 06:34:13,420 | INFO | ali1688_goods_monitor |   14. 商品ID: 728364497329, 店铺: 广东佰思玩具有限公司, SKU数: 5
2026-04-06 06:34:13,420 | INFO | ali1688_goods_monitor |   15. 商品ID: 622513415473, 店铺: 汕头市嬉游记玩具有限公司, SKU数: 4
2026-04-06 06:34:13,420 | INFO | ali1688_goods_monitor |   16. 商品ID: 795861191445, 店铺: 义乌市卡登电子商务有限公司, SKU数: 6
2026-04-06 06:34:13,420 | INFO | ali1688_goods_monitor |   17. 商品ID: 858007859516, 店铺: 义乌市登妹贸易有限公司, SKU数: 2
2026-04-06 06:34:13,420 | INFO | ali1688_goods_monitor |   18. 商品ID: 1031855101004, 店铺: 汕头市澄海区尤纳兴玩具商行, SKU数: 7
2026-04-06 06:34:13,420 | INFO | ali1688_goods_monitor |   19. 商品ID: 1001391447719, 店铺: 汕头市才佳玩具有限公司, SKU数: 2
2026-04-06 06:34:13,421 | INFO | ali1688_goods_monitor |   20. 商品ID: 990589043915, 店铺: 义乌市辰秘科技有限公司, SKU数: 3
2026-04-06 06:34:13,504 | INFO | ali1688_goods_monitor | 💾 第13/14批：已保存 20 个商品到数据库
2026-04-06 06:34:13,504 | INFO | ali1688_goods_monitor | ⏸️  随机暂停 4.2 秒...
2026-04-06 06:34:17,661 | INFO | ali1688_goods_monitor | 🔄 刷新页面，准备处理第 14 批...
2026-04-06 06:34:25,449 | INFO | ali1688_goods_monitor | 🔍 处理第 14/14 批，共 15 个商品
2026-04-06 06:34:25,450 | INFO | ali1688_goods_monitor | 📋 商品ID: 751554304142、863983065199、775392792723、857784361057、734549030910、713699292120、750175006113、927867865604、621194315291、954152497198、854259763574、982635289066、999695394272、947764418500、963819028092
2026-04-06 06:34:25,456 | INFO | ali1688_goods_monitor | 🧩 选择搜索方式: 商品ID
2026-04-06 06:34:25,939 | INFO | ali1688_goods_monitor | 搜索的商品id是:751554304142、863983065199、775392792723、857784361057、734549030910、713699292120、750175006113、927867865604、621194315291、954152497198、854259763574、982635289066、999695394272、947764418500、963819028092
2026-04-06 06:34:27,028 | INFO | ali1688_goods_monitor | ✅ 第 14 批筛选条件已设置
2026-04-06 06:34:30,041 | INFO | ali1688_goods_monitor | 开始获取商品:751554304142、863983065199、775392792723、857784361057、734549030910、713699292120、750175006113、927867865604、621194315291、954152497198、854259763574、982635289066、999695394272、947764418500、963819028092的基本信息
2026-04-06 06:34:30,042 | INFO | ali1688_goods_monitor | ⏳ 等待点击【开始查询】并捕获 offerSearch 接口...
2026-04-06 06:34:30,843 | INFO | ali1688_goods_monitor | 商品列表返回码: 200
2026-04-06 06:34:30,844 | INFO | ali1688_goods_monitor | 🚀 开始捕获商品数据，共 15 个商品
2026-04-06 06:34:30,847 | INFO | ali1688_goods_monitor | ✅ 商品基本信息捕获完成，总耗时: 0.00秒
2026-04-06 06:34:30,848 | INFO | ali1688_goods_monitor |    - 商品数: 15
2026-04-06 06:34:30,848 | INFO | ali1688_goods_monitor | ✅ 第 14 批完成，获取到 15 个商品，0 个SKU
2026-04-06 06:34:30,849 | INFO | ali1688_goods_monitor | 📋 第 14 批商品信息:
2026-04-06 06:34:30,849 | INFO | ali1688_goods_monitor |   1. 商品ID: 775392792723, 店铺: 汕头市澄海区方米狸玩具厂, SKU数: 25
2026-04-06 06:34:30,849 | INFO | ali1688_goods_monitor |   2. 商品ID: 982635289066, 店铺: 汕头市创爱旺科技有限公司, SKU数: 26
2026-04-06 06:34:30,849 | INFO | ali1688_goods_monitor |   3. 商品ID: 713699292120, 店铺: 汕头市正鹰科教玩具有限公司, SKU数: 9
2026-04-06 06:34:30,849 | INFO | ali1688_goods_monitor |   4. 商品ID: 954152497198, 店铺: 汕头市乐享贝比贸易有限公司, SKU数: 6
2026-04-06 06:34:30,849 | INFO | ali1688_goods_monitor |   5. 商品ID: 863983065199, 店铺: 汕头澄海区启迪恩玩具商行, SKU数: 1
2026-04-06 06:34:30,850 | INFO | ali1688_goods_monitor |   6. 商品ID: 734549030910, 店铺: 汕头市澄海区萃婴乐玩具厂, SKU数: 14
2026-04-06 06:34:30,850 | INFO | ali1688_goods_monitor |   7. 商品ID: 750175006113, 店铺: 汕头市澄海区轮转玩具商行, SKU数: 1
2026-04-06 06:34:30,850 | INFO | ali1688_goods_monitor |   8. 商品ID: 621194315291, 店铺: 深圳市纵新电子科技有限公司, SKU数: 4
2026-04-06 06:34:30,850 | INFO | ali1688_goods_monitor |   9. 商品ID: 947764418500, 店铺: 杜恒广, SKU数: 1
2026-04-06 06:34:30,850 | INFO | ali1688_goods_monitor |   10. 商品ID: 927867865604, 店铺: 汕头市龙湖区熹萌喵玩具厂, SKU数: 18
2026-04-06 06:34:30,850 | INFO | ali1688_goods_monitor |   11. 商品ID: 857784361057, 店铺: 汕头市龙湖区熹萌喵玩具厂, SKU数: 10
2026-04-06 06:34:30,851 | INFO | ali1688_goods_monitor |   12. 商品ID: 963819028092, 店铺: 汕头市龙湖区熹萌喵玩具厂, SKU数: 2
2026-04-06 06:34:30,851 | INFO | ali1688_goods_monitor |   13. 商品ID: 854259763574, 店铺: 汕头市龙湖区熹萌喵玩具厂, SKU数: 1
2026-04-06 06:34:30,851 | INFO | ali1688_goods_monitor |   14. 商品ID: 999695394272, 店铺: 义乌市大愚玩具有限公司, SKU数: 5
2026-04-06 06:34:30,851 | INFO | ali1688_goods_monitor |   15. 商品ID: 751554304142, 店铺: 汕头市嬉游记玩具有限公司, SKU数: 2
2026-04-06 06:34:30,915 | INFO | ali1688_goods_monitor | 💾 第14/14批：已保存 15 个商品到数据库
2026-04-06 06:34:30,915 | INFO | ali1688_goods_monitor | 🎉 第一阶段完成，共获取 269 个商品基本信息
2026-04-06 06:34:30,917 | INFO | ali1688_goods_monitor | ============================================================
2026-04-06 06:34:30,917 | INFO | ali1688_goods_monitor | 📊 第二阶段：获取SKU信息
2026-04-06 06:34:30,917 | INFO | ali1688_goods_monitor | ============================================================
2026-04-06 06:34:30,917 | INFO | ali1688_goods_monitor | 🔍 准备获取 269 个商品的SKU信息...
2026-04-06 06:34:30,918 | INFO | ali1688_goods_monitor | 📋 即将获取SKU的商品列表:
2026-04-06 06:34:30,918 | INFO | ali1688_goods_monitor |   1. https://detail.1688.com/offer/1026068947837.html (SKU数: 3)
2026-04-06 06:34:30,918 | INFO | ali1688_goods_monitor |   2. https://detail.1688.com/offer/798059727032.html (SKU数: 16)
2026-04-06 06:34:30,918 | INFO | ali1688_goods_monitor |   3. https://detail.1688.com/offer/982634945037.html (SKU数: 26)
2026-04-06 06:34:30,918 | INFO | ali1688_goods_monitor |   4. https://detail.1688.com/offer/968280048908.html (SKU数: 31)
2026-04-06 06:34:30,918 | INFO | ali1688_goods_monitor |   5. https://detail.1688.com/offer/835170979856.html (SKU数: 10)
2026-04-06 06:34:30,919 | INFO | ali1688_goods_monitor |   6. https://detail.1688.com/offer/971080031926.html (SKU数: 3)
2026-04-06 06:34:30,919 | INFO | ali1688_goods_monitor |   7. https://detail.1688.com/offer/617837580726.html (SKU数: 2)
2026-04-06 06:34:30,919 | INFO | ali1688_goods_monitor |   8. https://detail.1688.com/offer/1005984550667.html (SKU数: 36)
2026-04-06 06:34:30,919 | INFO | ali1688_goods_monitor |   9. https://detail.1688.com/offer/971037620206.html (SKU数: 1)
2026-04-06 06:34:30,919 | INFO | ali1688_goods_monitor |   10. https://detail.1688.com/offer/979203908708.html (SKU数: 24)
2026-04-06 06:34:30,919 | INFO | ali1688_goods_monitor |   11. https://detail.1688.com/offer/1016515592011.html (SKU数: 4)
2026-04-06 06:34:30,920 | INFO | ali1688_goods_monitor |   12. https://detail.1688.com/offer/1040782952704.html (SKU数: 1)
2026-04-06 06:34:30,920 | INFO | ali1688_goods_monitor |   13. https://detail.1688.com/offer/807432916292.html (SKU数: 24)
2026-04-06 06:34:30,920 | INFO | ali1688_goods_monitor |   14. https://detail.1688.com/offer/943395574791.html (SKU数: 1)
2026-04-06 06:34:30,920 | INFO | ali1688_goods_monitor |   15. https://detail.1688.com/offer/954713432833.html (SKU数: 2)
2026-04-06 06:34:30,920 | INFO | ali1688_goods_monitor |   16. https://detail.1688.com/offer/928700805986.html (SKU数: 2)
2026-04-06 06:34:30,920 | INFO | ali1688_goods_monitor |   17. https://detail.1688.com/offer/812259607012.html (SKU数: 39)
2026-04-06 06:34:30,921 | INFO | ali1688_goods_monitor |   18. https://detail.1688.com/offer/833661915665.html (SKU数: 1)
2026-04-06 06:34:30,921 | INFO | ali1688_goods_monitor |   19. https://detail.1688.com/offer/1003272185431.html (SKU数: 5)
2026-04-06 06:34:30,921 | INFO | ali1688_goods_monitor |   20. https://detail.1688.com/offer/741922490714.html (SKU数: 2)
2026-04-06 06:34:30,921 | INFO | ali1688_goods_monitor |   21. https://detail.1688.com/offer/991935831793.html (SKU数: 3)
2026-04-06 06:34:30,921 | INFO | ali1688_goods_monitor |   22. https://detail.1688.com/offer/969366546749.html (SKU数: 1)
2026-04-06 06:34:30,921 | INFO | ali1688_goods_monitor |   23. https://detail.1688.com/offer/990409899841.html (SKU数: 1)
2026-04-06 06:34:30,922 | INFO | ali1688_goods_monitor |   24. https://detail.1688.com/offer/776195311997.html (SKU数: 1)
2026-04-06 06:34:30,922 | INFO | ali1688_goods_monitor |   25. https://detail.1688.com/offer/895285249007.html (SKU数: 36)
2026-04-06 06:34:30,922 | INFO | ali1688_goods_monitor |   26. https://detail.1688.com/offer/812514770228.html (SKU数: 2)
2026-04-06 06:34:30,922 | INFO | ali1688_goods_monitor |   27. https://detail.1688.com/offer/875034473523.html (SKU数: 3)
2026-04-06 06:34:30,922 | INFO | ali1688_goods_monitor |   28. https://detail.1688.com/offer/903636127402.html (SKU数: 3)
2026-04-06 06:34:30,922 | INFO | ali1688_goods_monitor |   29. https://detail.1688.com/offer/979396013303.html (SKU数: 1)
2026-04-06 06:34:30,922 | INFO | ali1688_goods_monitor |   30. https://detail.1688.com/offer/962746907189.html (SKU数: 4)
2026-04-06 06:34:30,923 | INFO | ali1688_goods_monitor |   31. https://detail.1688.com/offer/1013037690222.html (SKU数: 1)
2026-04-06 06:34:30,923 | INFO | ali1688_goods_monitor |   32. https://detail.1688.com/offer/889385901298.html (SKU数: 3)
2026-04-06 06:34:30,923 | INFO | ali1688_goods_monitor |   33. https://detail.1688.com/offer/907762599791.html (SKU数: 10)
2026-04-06 06:34:30,923 | INFO | ali1688_goods_monitor |   34. https://detail.1688.com/offer/1025513853144.html (SKU数: 8)
2026-04-06 06:34:30,923 | INFO | ali1688_goods_monitor |   35. https://detail.1688.com/offer/894936744591.html (SKU数: 16)
2026-04-06 06:34:30,923 | INFO | ali1688_goods_monitor |   36. https://detail.1688.com/offer/590591825369.html (SKU数: 22)
2026-04-06 06:34:30,924 | INFO | ali1688_goods_monitor |   37. https://detail.1688.com/offer/970715744477.html (SKU数: 1)
2026-04-06 06:34:30,924 | INFO | ali1688_goods_monitor |   38. https://detail.1688.com/offer/811139889293.html (SKU数: 8)
2026-04-06 06:34:30,924 | INFO | ali1688_goods_monitor |   39. https://detail.1688.com/offer/677301391721.html (SKU数: 5)
2026-04-06 06:34:30,925 | INFO | ali1688_goods_monitor |   40. https://detail.1688.com/offer/677709968233.html (SKU数: 5)
2026-04-06 06:34:30,925 | INFO | ali1688_goods_monitor |   41. https://detail.1688.com/offer/970377098770.html (SKU数: 37)
2026-04-06 06:34:30,926 | INFO | ali1688_goods_monitor |   42. https://detail.1688.com/offer/951035484615.html (SKU数: 29)
2026-04-06 06:34:30,926 | INFO | ali1688_goods_monitor |   43. https://detail.1688.com/offer/847794753111.html (SKU数: 4)
2026-04-06 06:34:30,926 | INFO | ali1688_goods_monitor |   44. https://detail.1688.com/offer/976178977054.html (SKU数: 5)
2026-04-06 06:34:30,926 | INFO | ali1688_goods_monitor |   45. https://detail.1688.com/offer/826873938709.html (SKU数: 1)
2026-04-06 06:34:30,927 | INFO | ali1688_goods_monitor |   46. https://detail.1688.com/offer/902961760235.html (SKU数: 4)
2026-04-06 06:34:30,927 | INFO | ali1688_goods_monitor |   47. https://detail.1688.com/offer/992251601092.html (SKU数: 3)
2026-04-06 06:34:30,927 | INFO | ali1688_goods_monitor |   48. https://detail.1688.com/offer/998051010590.html (SKU数: 4)
2026-04-06 06:34:30,927 | INFO | ali1688_goods_monitor |   49. https://detail.1688.com/offer/856805654657.html (SKU数: 1)
2026-04-06 06:34:30,927 | INFO | ali1688_goods_monitor |   50. https://detail.1688.com/offer/994662909434.html (SKU数: 3)
2026-04-06 06:34:30,928 | INFO | ali1688_goods_monitor |   51. https://detail.1688.com/offer/1000398364752.html (SKU数: 4)
2026-04-06 06:34:30,928 | INFO | ali1688_goods_monitor |   52. https://detail.1688.com/offer/628617576125.html (SKU数: 5)
2026-04-06 06:34:30,928 | INFO | ali1688_goods_monitor |   53. https://detail.1688.com/offer/847495122732.html (SKU数: 3)
2026-04-06 06:34:30,928 | INFO | ali1688_goods_monitor |   54. https://detail.1688.com/offer/900967422750.html (SKU数: 22)
2026-04-06 06:34:30,928 | INFO | ali1688_goods_monitor |   55. https://detail.1688.com/offer/681658732090.html (SKU数: 1)
2026-04-06 06:34:30,928 | INFO | ali1688_goods_monitor |   56. https://detail.1688.com/offer/950726478383.html (SKU数: 13)
2026-04-06 06:34:30,928 | INFO | ali1688_goods_monitor |   57. https://detail.1688.com/offer/799083276279.html (SKU数: 3)
2026-04-06 06:34:30,929 | INFO | ali1688_goods_monitor |   58. https://detail.1688.com/offer/992071730825.html (SKU数: 3)
2026-04-06 06:34:30,929 | INFO | ali1688_goods_monitor |   59. https://detail.1688.com/offer/1000255776437.html (SKU数: 3)
2026-04-06 06:34:30,929 | INFO | ali1688_goods_monitor |   60. https://detail.1688.com/offer/902473655388.html (SKU数: 1)
2026-04-06 06:34:30,929 | INFO | ali1688_goods_monitor |   61. https://detail.1688.com/offer/899704194303.html (SKU数: 12)
2026-04-06 06:34:30,929 | INFO | ali1688_goods_monitor |   62. https://detail.1688.com/offer/703551244918.html (SKU数: 3)
2026-04-06 06:34:30,929 | INFO | ali1688_goods_monitor |   63. https://detail.1688.com/offer/873614306333.html (SKU数: 5)
2026-04-06 06:34:30,930 | INFO | ali1688_goods_monitor |   64. https://detail.1688.com/offer/840249263873.html (SKU数: 8)
2026-04-06 06:34:30,932 | INFO | ali1688_goods_monitor |   65. https://detail.1688.com/offer/898439171537.html (SKU数: 14)
2026-04-06 06:34:30,932 | INFO | ali1688_goods_monitor |   66. https://detail.1688.com/offer/996059989352.html (SKU数: 3)
2026-04-06 06:34:30,932 | INFO | ali1688_goods_monitor |   67. https://detail.1688.com/offer/789633522584.html (SKU数: 1)
2026-04-06 06:34:30,933 | INFO | ali1688_goods_monitor |   68. https://detail.1688.com/offer/956573560393.html (SKU数: 3)
2026-04-06 06:34:30,933 | INFO | ali1688_goods_monitor |   69. https://detail.1688.com/offer/890654399053.html (SKU数: 22)
2026-04-06 06:34:30,933 | INFO | ali1688_goods_monitor |   70. https://detail.1688.com/offer/999142031933.html (SKU数: 1)
2026-04-06 06:34:30,933 | INFO | ali1688_goods_monitor |   71. https://detail.1688.com/offer/950670074468.html (SKU数: 36)
2026-04-06 06:34:30,933 | INFO | ali1688_goods_monitor |   72. https://detail.1688.com/offer/1007062397648.html (SKU数: 4)
2026-04-06 06:34:30,934 | INFO | ali1688_goods_monitor |   73. https://detail.1688.com/offer/890407614753.html (SKU数: 17)
2026-04-06 06:34:30,934 | INFO | ali1688_goods_monitor |   74. https://detail.1688.com/offer/832304702315.html (SKU数: 5)
2026-04-06 06:34:30,934 | INFO | ali1688_goods_monitor |   75. https://detail.1688.com/offer/702199084381.html (SKU数: 21)
2026-04-06 06:34:30,934 | INFO | ali1688_goods_monitor |   76. https://detail.1688.com/offer/43695296576.html (SKU数: 2)
2026-04-06 06:34:30,934 | INFO | ali1688_goods_monitor |   77. https://detail.1688.com/offer/979471208168.html (SKU数: 1)
2026-04-06 06:34:30,934 | INFO | ali1688_goods_monitor |   78. https://detail.1688.com/offer/746411095420.html (SKU数: 6)
2026-04-06 06:34:30,934 | INFO | ali1688_goods_monitor |   79. https://detail.1688.com/offer/991070192317.html (SKU数: 11)
2026-04-06 06:34:30,935 | INFO | ali1688_goods_monitor |   80. https://detail.1688.com/offer/993465198242.html (SKU数: 7)
2026-04-06 06:34:30,935 | INFO | ali1688_goods_monitor |   81. https://detail.1688.com/offer/990618054916.html (SKU数: 3)
2026-04-06 06:34:30,935 | INFO | ali1688_goods_monitor |   82. https://detail.1688.com/offer/975762015590.html (SKU数: 6)
2026-04-06 06:34:30,935 | INFO | ali1688_goods_monitor |   83. https://detail.1688.com/offer/859584630627.html (SKU数: 4)
2026-04-06 06:34:30,935 | INFO | ali1688_goods_monitor |   84. https://detail.1688.com/offer/927205288673.html (SKU数: 4)
2026-04-06 06:34:30,935 | INFO | ali1688_goods_monitor |   85. https://detail.1688.com/offer/852501307622.html (SKU数: 1)
2026-04-06 06:34:30,936 | INFO | ali1688_goods_monitor |   86. https://detail.1688.com/offer/632300625030.html (SKU数: 1)
2026-04-06 06:34:30,936 | INFO | ali1688_goods_monitor |   87. https://detail.1688.com/offer/998859559585.html (SKU数: 11)
2026-04-06 06:34:30,936 | INFO | ali1688_goods_monitor |   88. https://detail.1688.com/offer/1009966785995.html (SKU数: 4)
2026-04-06 06:34:30,936 | INFO | ali1688_goods_monitor |   89. https://detail.1688.com/offer/992800642545.html (SKU数: 3)
2026-04-06 06:34:30,936 | INFO | ali1688_goods_monitor |   90. https://detail.1688.com/offer/985206853035.html (SKU数: 2)
2026-04-06 06:34:30,936 | INFO | ali1688_goods_monitor |   91. https://detail.1688.com/offer/873771926327.html (SKU数: 34)
2026-04-06 06:34:30,937 | INFO | ali1688_goods_monitor |   92. https://detail.1688.com/offer/853399095646.html (SKU数: 15)
2026-04-06 06:34:30,937 | INFO | ali1688_goods_monitor |   93. https://detail.1688.com/offer/671840552108.html (SKU数: 8)
2026-04-06 06:34:30,937 | INFO | ali1688_goods_monitor |   94. https://detail.1688.com/offer/836899798919.html (SKU数: 9)
2026-04-06 06:34:30,937 | INFO | ali1688_goods_monitor |   95. https://detail.1688.com/offer/950658287741.html (SKU数: 18)
2026-04-06 06:34:30,937 | INFO | ali1688_goods_monitor |   96. https://detail.1688.com/offer/928580021030.html (SKU数: 2)
2026-04-06 06:34:30,937 | INFO | ali1688_goods_monitor |   97. https://detail.1688.com/offer/652994949606.html (SKU数: 4)
2026-04-06 06:34:30,938 | INFO | ali1688_goods_monitor |   98. https://detail.1688.com/offer/970542473882.html (SKU数: 5)
2026-04-06 06:34:30,938 | INFO | ali1688_goods_monitor |   99. https://detail.1688.com/offer/746416939989.html (SKU数: 2)
2026-04-06 06:34:30,938 | INFO | ali1688_goods_monitor |   100. https://detail.1688.com/offer/729749403422.html (SKU数: 7)
2026-04-06 06:34:30,938 | INFO | ali1688_goods_monitor |   101. https://detail.1688.com/offer/895439014120.html (SKU数: 8)
2026-04-06 06:34:30,938 | INFO | ali1688_goods_monitor |   102. https://detail.1688.com/offer/662598267674.html (SKU数: 4)
2026-04-06 06:34:30,938 | INFO | ali1688_goods_monitor |   103. https://detail.1688.com/offer/994237964153.html (SKU数: 7)
2026-04-06 06:34:30,939 | INFO | ali1688_goods_monitor |   104. https://detail.1688.com/offer/1037735891255.html (SKU数: None)
2026-04-06 06:34:30,939 | INFO | ali1688_goods_monitor |   105. https://detail.1688.com/offer/948334688543.html (SKU数: 22)
2026-04-06 06:34:30,939 | INFO | ali1688_goods_monitor |   106. https://detail.1688.com/offer/993354315037.html (SKU数: 11)
2026-04-06 06:34:30,939 | INFO | ali1688_goods_monitor |   107. https://detail.1688.com/offer/930446969722.html (SKU数: 2)
2026-04-06 06:34:30,939 | INFO | ali1688_goods_monitor |   108. https://detail.1688.com/offer/864653527961.html (SKU数: 1)
2026-04-06 06:34:30,939 | INFO | ali1688_goods_monitor |   109. https://detail.1688.com/offer/962546716755.html (SKU数: 3)
2026-04-06 06:34:30,939 | INFO | ali1688_goods_monitor |   110. https://detail.1688.com/offer/997795598539.html (SKU数: 3)
2026-04-06 06:34:30,939 | INFO | ali1688_goods_monitor |   111. https://detail.1688.com/offer/849820903779.html (SKU数: 4)
2026-04-06 06:34:30,939 | INFO | ali1688_goods_monitor |   112. https://detail.1688.com/offer/847781001778.html (SKU数: 4)
2026-04-06 06:34:30,940 | INFO | ali1688_goods_monitor |   113. https://detail.1688.com/offer/692940339011.html (SKU数: 3)
2026-04-06 06:34:30,940 | INFO | ali1688_goods_monitor |   114. https://detail.1688.com/offer/621865712164.html (SKU数: 8)
2026-04-06 06:34:30,940 | INFO | ali1688_goods_monitor |   115. https://detail.1688.com/offer/978651830599.html (SKU数: 2)
2026-04-06 06:34:30,940 | INFO | ali1688_goods_monitor |   116. https://detail.1688.com/offer/847990628509.html (SKU数: 8)
2026-04-06 06:34:30,941 | INFO | ali1688_goods_monitor |   117. https://detail.1688.com/offer/991823064917.html (SKU数: 8)
2026-04-06 06:34:30,941 | INFO | ali1688_goods_monitor |   118. https://detail.1688.com/offer/854253039240.html (SKU数: 2)
2026-04-06 06:34:30,941 | INFO | ali1688_goods_monitor |   119. https://detail.1688.com/offer/997359995216.html (SKU数: 4)
2026-04-06 06:34:30,941 | INFO | ali1688_goods_monitor |   120. https://detail.1688.com/offer/924140770781.html (SKU数: 2)
2026-04-06 06:34:30,941 | INFO | ali1688_goods_monitor |   121. https://detail.1688.com/offer/773383798724.html (SKU数: 10)
2026-04-06 06:34:30,942 | INFO | ali1688_goods_monitor |   122. https://detail.1688.com/offer/1006668462460.html (SKU数: 12)
2026-04-06 06:34:30,942 | INFO | ali1688_goods_monitor |   123. https://detail.1688.com/offer/675880303102.html (SKU数: 1)
2026-04-06 06:34:30,942 | INFO | ali1688_goods_monitor |   124. https://detail.1688.com/offer/811638208514.html (SKU数: 3)
2026-04-06 06:34:30,942 | INFO | ali1688_goods_monitor |   125. https://detail.1688.com/offer/926941651375.html (SKU数: 10)
2026-04-06 06:34:30,943 | INFO | ali1688_goods_monitor |   126. https://detail.1688.com/offer/985998626047.html (SKU数: 4)
2026-04-06 06:34:30,943 | INFO | ali1688_goods_monitor |   127. https://detail.1688.com/offer/999860867159.html (SKU数: 1)
2026-04-06 06:34:30,943 | INFO | ali1688_goods_monitor |   128. https://detail.1688.com/offer/986179889619.html (SKU数: 3)
2026-04-06 06:34:30,943 | INFO | ali1688_goods_monitor |   129. https://detail.1688.com/offer/952611726643.html (SKU数: 2)
2026-04-06 06:34:30,943 | INFO | ali1688_goods_monitor |   130. https://detail.1688.com/offer/991467576950.html (SKU数: 40)
2026-04-06 06:34:30,943 | INFO | ali1688_goods_monitor |   131. https://detail.1688.com/offer/915854311158.html (SKU数: 5)
2026-04-06 06:34:30,944 | INFO | ali1688_goods_monitor |   132. https://detail.1688.com/offer/995364912374.html (SKU数: 3)
2026-04-06 06:34:30,944 | INFO | ali1688_goods_monitor |   133. https://detail.1688.com/offer/848195784663.html (SKU数: 6)
2026-04-06 06:34:30,944 | INFO | ali1688_goods_monitor |   134. https://detail.1688.com/offer/813592780236.html (SKU数: 2)
2026-04-06 06:34:30,944 | INFO | ali1688_goods_monitor |   135. https://detail.1688.com/offer/847784309788.html (SKU数: 2)
2026-04-06 06:34:30,944 | INFO | ali1688_goods_monitor |   136. https://detail.1688.com/offer/920664381969.html (SKU数: 4)
2026-04-06 06:34:30,944 | INFO | ali1688_goods_monitor |   137. https://detail.1688.com/offer/917143716667.html (SKU数: 4)
2026-04-06 06:34:30,944 | INFO | ali1688_goods_monitor |   138. https://detail.1688.com/offer/662629659424.html (SKU数: 4)
2026-04-06 06:34:30,947 | INFO | ali1688_goods_monitor |   139. https://detail.1688.com/offer/796066732390.html (SKU数: 6)
2026-04-06 06:34:30,947 | INFO | ali1688_goods_monitor |   140. https://detail.1688.com/offer/918745003737.html (SKU数: 6)
2026-04-06 06:34:30,947 | INFO | ali1688_goods_monitor |   141. https://detail.1688.com/offer/969889694254.html (SKU数: 27)
2026-04-06 06:34:30,947 | INFO | ali1688_goods_monitor |   142. https://detail.1688.com/offer/990374779412.html (SKU数: 3)
2026-04-06 06:34:30,947 | INFO | ali1688_goods_monitor |   143. https://detail.1688.com/offer/778105306124.html (SKU数: 1)
2026-04-06 06:34:30,948 | INFO | ali1688_goods_monitor |   144. https://detail.1688.com/offer/983142383790.html (SKU数: None)
2026-04-06 06:34:30,948 | INFO | ali1688_goods_monitor |   145. https://detail.1688.com/offer/833863806015.html (SKU数: 5)
2026-04-06 06:34:30,948 | INFO | ali1688_goods_monitor |   146. https://detail.1688.com/offer/903214944988.html (SKU数: 1)
2026-04-06 06:34:30,948 | INFO | ali1688_goods_monitor |   147. https://detail.1688.com/offer/1039821084728.html (SKU数: None)
2026-04-06 06:34:30,948 | INFO | ali1688_goods_monitor |   148. https://detail.1688.com/offer/1000261330427.html (SKU数: 1)
2026-04-06 06:34:30,948 | INFO | ali1688_goods_monitor |   149. https://detail.1688.com/offer/968025059447.html (SKU数: 6)
2026-04-06 06:34:30,949 | INFO | ali1688_goods_monitor |   150. https://detail.1688.com/offer/909894706445.html (SKU数: 22)
2026-04-06 06:34:30,949 | INFO | ali1688_goods_monitor |   151. https://detail.1688.com/offer/1001253412551.html (SKU数: 7)
2026-04-06 06:34:30,949 | INFO | ali1688_goods_monitor |   152. https://detail.1688.com/offer/854773109889.html (SKU数: 1)
2026-04-06 06:34:30,949 | INFO | ali1688_goods_monitor |   153. https://detail.1688.com/offer/973730524327.html (SKU数: 11)
2026-04-06 06:34:30,949 | INFO | ali1688_goods_monitor |   154. https://detail.1688.com/offer/678640196785.html (SKU数: 8)
2026-04-06 06:34:30,949 | INFO | ali1688_goods_monitor |   155. https://detail.1688.com/offer/855494409051.html (SKU数: 4)
2026-04-06 06:34:30,949 | INFO | ali1688_goods_monitor |   156. https://detail.1688.com/offer/695065852792.html (SKU数: 2)
2026-04-06 06:34:30,950 | INFO | ali1688_goods_monitor |   157. https://detail.1688.com/offer/997742353743.html (SKU数: 3)
2026-04-06 06:34:30,950 | INFO | ali1688_goods_monitor |   158. https://detail.1688.com/offer/939201456076.html (SKU数: 7)
2026-04-06 06:34:30,950 | INFO | ali1688_goods_monitor |   159. https://detail.1688.com/offer/818121391220.html (SKU数: 7)
2026-04-06 06:34:30,950 | INFO | ali1688_goods_monitor |   160. https://detail.1688.com/offer/854420062122.html (SKU数: 12)
2026-04-06 06:34:30,950 | INFO | ali1688_goods_monitor |   161. https://detail.1688.com/offer/955211708273.html (SKU数: 23)
2026-04-06 06:34:30,950 | INFO | ali1688_goods_monitor |   162. https://detail.1688.com/offer/653871136084.html (SKU数: 4)
2026-04-06 06:34:30,951 | INFO | ali1688_goods_monitor |   163. https://detail.1688.com/offer/834236928026.html (SKU数: 1)
2026-04-06 06:34:30,951 | INFO | ali1688_goods_monitor |   164. https://detail.1688.com/offer/626387346293.html (SKU数: 10)
2026-04-06 06:34:30,951 | INFO | ali1688_goods_monitor |   165. https://detail.1688.com/offer/668301084321.html (SKU数: 5)
2026-04-06 06:34:30,951 | INFO | ali1688_goods_monitor |   166. https://detail.1688.com/offer/900592605428.html (SKU数: 6)
2026-04-06 06:34:30,951 | INFO | ali1688_goods_monitor |   167. https://detail.1688.com/offer/985101359570.html (SKU数: 4)
2026-04-06 06:34:30,951 | INFO | ali1688_goods_monitor |   168. https://detail.1688.com/offer/847713406081.html (SKU数: 1)
2026-04-06 06:34:30,952 | INFO | ali1688_goods_monitor |   169. https://detail.1688.com/offer/984336119328.html (SKU数: 3)
2026-04-06 06:34:30,952 | INFO | ali1688_goods_monitor |   170. https://detail.1688.com/offer/709904411964.html (SKU数: 24)
2026-04-06 06:34:30,952 | INFO | ali1688_goods_monitor |   171. https://detail.1688.com/offer/716733322460.html (SKU数: 8)
2026-04-06 06:34:30,952 | INFO | ali1688_goods_monitor |   172. https://detail.1688.com/offer/985879832920.html (SKU数: 4)
2026-04-06 06:34:30,952 | INFO | ali1688_goods_monitor |   173. https://detail.1688.com/offer/847979472849.html (SKU数: 1)
2026-04-06 06:34:30,952 | INFO | ali1688_goods_monitor |   174. https://detail.1688.com/offer/906941705446.html (SKU数: 2)
2026-04-06 06:34:30,952 | INFO | ali1688_goods_monitor |   175. https://detail.1688.com/offer/848295933948.html (SKU数: 12)
2026-04-06 06:34:30,953 | INFO | ali1688_goods_monitor |   176. https://detail.1688.com/offer/676772683627.html (SKU数: 5)
2026-04-06 06:34:30,953 | INFO | ali1688_goods_monitor |   177. https://detail.1688.com/offer/987237412445.html (SKU数: 20)
2026-04-06 06:34:30,953 | INFO | ali1688_goods_monitor |   178. https://detail.1688.com/offer/992713938362.html (SKU数: 4)
2026-04-06 06:34:30,953 | INFO | ali1688_goods_monitor |   179. https://detail.1688.com/offer/686348979544.html (SKU数: 1)
2026-04-06 06:34:30,953 | INFO | ali1688_goods_monitor |   180. https://detail.1688.com/offer/661664097697.html (SKU数: 2)
2026-04-06 06:34:30,953 | INFO | ali1688_goods_monitor |   181. https://detail.1688.com/offer/946133528766.html (SKU数: 4)
2026-04-06 06:34:30,953 | INFO | ali1688_goods_monitor |   182. https://detail.1688.com/offer/672751050822.html (SKU数: 3)
2026-04-06 06:34:30,954 | INFO | ali1688_goods_monitor |   183. https://detail.1688.com/offer/678110916347.html (SKU数: 9)
2026-04-06 06:34:30,954 | INFO | ali1688_goods_monitor |   184. https://detail.1688.com/offer/987732400816.html (SKU数: 1)
2026-04-06 06:34:30,954 | INFO | ali1688_goods_monitor |   185. https://detail.1688.com/offer/951586784136.html (SKU数: 34)
2026-04-06 06:34:30,954 | INFO | ali1688_goods_monitor |   186. https://detail.1688.com/offer/661514670948.html (SKU数: 9)
2026-04-06 06:34:30,954 | INFO | ali1688_goods_monitor |   187. https://detail.1688.com/offer/975402784788.html (SKU数: 1)
2026-04-06 06:34:30,954 | INFO | ali1688_goods_monitor |   188. https://detail.1688.com/offer/972523284067.html (SKU数: 1)
2026-04-06 06:34:30,955 | INFO | ali1688_goods_monitor |   189. https://detail.1688.com/offer/903149142386.html (SKU数: 4)
2026-04-06 06:34:30,955 | INFO | ali1688_goods_monitor |   190. https://detail.1688.com/offer/991759687233.html (SKU数: 6)
2026-04-06 06:34:30,955 | INFO | ali1688_goods_monitor |   191. https://detail.1688.com/offer/847713406078.html (SKU数: 4)
2026-04-06 06:34:30,955 | INFO | ali1688_goods_monitor |   192. https://detail.1688.com/offer/942621028118.html (SKU数: 20)
2026-04-06 06:34:30,955 | INFO | ali1688_goods_monitor |   193. https://detail.1688.com/offer/724154127228.html (SKU数: 6)
2026-04-06 06:34:30,955 | INFO | ali1688_goods_monitor |   194. https://detail.1688.com/offer/998016077358.html (SKU数: 3)
2026-04-06 06:34:30,956 | INFO | ali1688_goods_monitor |   195. https://detail.1688.com/offer/675557812438.html (SKU数: 1)
2026-04-06 06:34:30,956 | INFO | ali1688_goods_monitor |   196. https://detail.1688.com/offer/990976789985.html (SKU数: 16)
2026-04-06 06:34:30,956 | INFO | ali1688_goods_monitor |   197. https://detail.1688.com/offer/646729482472.html (SKU数: 6)
2026-04-06 06:34:30,956 | INFO | ali1688_goods_monitor |   198. https://detail.1688.com/offer/990260832462.html (SKU数: 3)
2026-04-06 06:34:30,956 | INFO | ali1688_goods_monitor |   199. https://detail.1688.com/offer/992882388093.html (SKU数: 3)
2026-04-06 06:34:30,956 | INFO | ali1688_goods_monitor |   200. https://detail.1688.com/offer/854168645121.html (SKU数: 3)
2026-04-06 06:34:30,957 | INFO | ali1688_goods_monitor |   201. https://detail.1688.com/offer/683872677220.html (SKU数: 3)
2026-04-06 06:34:30,957 | INFO | ali1688_goods_monitor |   202. https://detail.1688.com/offer/670793076081.html (SKU数: 12)
2026-04-06 06:34:30,957 | INFO | ali1688_goods_monitor |   203. https://detail.1688.com/offer/538297571141.html (SKU数: 6)
2026-04-06 06:34:30,957 | INFO | ali1688_goods_monitor |   204. https://detail.1688.com/offer/994715362159.html (SKU数: 14)
2026-04-06 06:34:30,958 | INFO | ali1688_goods_monitor |   205. https://detail.1688.com/offer/917025701974.html (SKU数: 8)
2026-04-06 06:34:30,958 | INFO | ali1688_goods_monitor |   206. https://detail.1688.com/offer/895042686618.html (SKU数: 2)
2026-04-06 06:34:30,958 | INFO | ali1688_goods_monitor |   207. https://detail.1688.com/offer/969387993044.html (SKU数: 20)
2026-04-06 06:34:30,958 | INFO | ali1688_goods_monitor |   208. https://detail.1688.com/offer/848415574468.html (SKU数: 1)
2026-04-06 06:34:30,958 | INFO | ali1688_goods_monitor |   209. https://detail.1688.com/offer/1027381048230.html (SKU数: 36)
2026-04-06 06:34:30,959 | INFO | ali1688_goods_monitor |   210. https://detail.1688.com/offer/978968804889.html (SKU数: 1)
2026-04-06 06:34:30,959 | INFO | ali1688_goods_monitor |   211. https://detail.1688.com/offer/1031769907868.html (SKU数: 6)
2026-04-06 06:34:30,959 | INFO | ali1688_goods_monitor |   212. https://detail.1688.com/offer/858770936676.html (SKU数: 2)
2026-04-06 06:34:30,959 | INFO | ali1688_goods_monitor |   213. https://detail.1688.com/offer/900563388108.html (SKU数: 12)
2026-04-06 06:34:30,960 | INFO | ali1688_goods_monitor |   214. https://detail.1688.com/offer/986633373239.html (SKU数: 11)
2026-04-06 06:34:30,962 | INFO | ali1688_goods_monitor |   215. https://detail.1688.com/offer/910382293640.html (SKU数: 22)
2026-04-06 06:34:30,963 | INFO | ali1688_goods_monitor |   216. https://detail.1688.com/offer/734736330484.html (SKU数: 34)
2026-04-06 06:34:30,963 | INFO | ali1688_goods_monitor |   217. https://detail.1688.com/offer/1028239295024.html (SKU数: 1)
2026-04-06 06:34:30,963 | INFO | ali1688_goods_monitor |   218. https://detail.1688.com/offer/757454263904.html (SKU数: 1)
2026-04-06 06:34:30,963 | INFO | ali1688_goods_monitor |   219. https://detail.1688.com/offer/1033404841463.html (SKU数: 4)
2026-04-06 06:34:30,963 | INFO | ali1688_goods_monitor |   220. https://detail.1688.com/offer/992863648563.html (SKU数: 11)
2026-04-06 06:34:30,963 | INFO | ali1688_goods_monitor |   221. https://detail.1688.com/offer/728912992880.html (SKU数: 24)
2026-04-06 06:34:30,964 | INFO | ali1688_goods_monitor |   222. https://detail.1688.com/offer/960725525521.html (SKU数: 10)
2026-04-06 06:34:30,964 | INFO | ali1688_goods_monitor |   223. https://detail.1688.com/offer/973247771787.html (SKU数: 2)
2026-04-06 06:34:30,964 | INFO | ali1688_goods_monitor |   224. https://detail.1688.com/offer/629652629026.html (SKU数: 5)
2026-04-06 06:34:30,964 | INFO | ali1688_goods_monitor |   225. https://detail.1688.com/offer/643044757475.html (SKU数: 41)
2026-04-06 06:34:30,964 | INFO | ali1688_goods_monitor |   226. https://detail.1688.com/offer/1001279554121.html (SKU数: 4)
2026-04-06 06:34:30,964 | INFO | ali1688_goods_monitor |   227. https://detail.1688.com/offer/1035850540780.html (SKU数: 8)
2026-04-06 06:34:30,965 | INFO | ali1688_goods_monitor |   228. https://detail.1688.com/offer/973255115593.html (SKU数: 36)
2026-04-06 06:34:30,965 | INFO | ali1688_goods_monitor |   229. https://detail.1688.com/offer/897059922290.html (SKU数: 5)
2026-04-06 06:34:30,965 | INFO | ali1688_goods_monitor |   230. https://detail.1688.com/offer/634658078975.html (SKU数: 16)
2026-04-06 06:34:30,965 | INFO | ali1688_goods_monitor |   231. https://detail.1688.com/offer/984991416938.html (SKU数: 6)
2026-04-06 06:34:30,965 | INFO | ali1688_goods_monitor |   232. https://detail.1688.com/offer/847993548322.html (SKU数: 3)
2026-04-06 06:34:30,965 | INFO | ali1688_goods_monitor |   233. https://detail.1688.com/offer/1013917249205.html (SKU数: 5)
2026-04-06 06:34:30,965 | INFO | ali1688_goods_monitor |   234. https://detail.1688.com/offer/726064645781.html (SKU数: 6)
2026-04-06 06:34:30,966 | INFO | ali1688_goods_monitor |   235. https://detail.1688.com/offer/1024421346400.html (SKU数: 2)
2026-04-06 06:34:30,966 | INFO | ali1688_goods_monitor |   236. https://detail.1688.com/offer/809233523760.html (SKU数: 1)
2026-04-06 06:34:30,966 | INFO | ali1688_goods_monitor |   237. https://detail.1688.com/offer/847969236799.html (SKU数: 32)
2026-04-06 06:34:30,966 | INFO | ali1688_goods_monitor |   238. https://detail.1688.com/offer/658391484708.html (SKU数: 12)
2026-04-06 06:34:30,966 | INFO | ali1688_goods_monitor |   239. https://detail.1688.com/offer/970781028572.html (SKU数: 1)
2026-04-06 06:34:30,966 | INFO | ali1688_goods_monitor |   240. https://detail.1688.com/offer/990425215638.html (SKU数: 5)
2026-04-06 06:34:30,967 | INFO | ali1688_goods_monitor |   241. https://detail.1688.com/offer/687729432138.html (SKU数: 1)
2026-04-06 06:34:30,967 | INFO | ali1688_goods_monitor |   242. https://detail.1688.com/offer/969646541226.html (SKU数: 11)
2026-04-06 06:34:30,967 | INFO | ali1688_goods_monitor |   243. https://detail.1688.com/offer/952896839032.html (SKU数: 3)
2026-04-06 06:34:30,967 | INFO | ali1688_goods_monitor |   244. https://detail.1688.com/offer/894449366946.html (SKU数: 30)
2026-04-06 06:34:30,967 | INFO | ali1688_goods_monitor |   245. https://detail.1688.com/offer/727364044091.html (SKU数: 7)
2026-04-06 06:34:30,967 | INFO | ali1688_goods_monitor |   246. https://detail.1688.com/offer/929103621035.html (SKU数: 6)
2026-04-06 06:34:30,967 | INFO | ali1688_goods_monitor |   247. https://detail.1688.com/offer/974035321584.html (SKU数: 5)
2026-04-06 06:34:30,968 | INFO | ali1688_goods_monitor |   248. https://detail.1688.com/offer/728364497329.html (SKU数: 5)
2026-04-06 06:34:30,968 | INFO | ali1688_goods_monitor |   249. https://detail.1688.com/offer/622513415473.html (SKU数: 4)
2026-04-06 06:34:30,968 | INFO | ali1688_goods_monitor |   250. https://detail.1688.com/offer/795861191445.html (SKU数: 6)
2026-04-06 06:34:30,968 | INFO | ali1688_goods_monitor |   251. https://detail.1688.com/offer/858007859516.html (SKU数: 2)
2026-04-06 06:34:30,968 | INFO | ali1688_goods_monitor |   252. https://detail.1688.com/offer/1031855101004.html (SKU数: 7)
2026-04-06 06:34:30,968 | INFO | ali1688_goods_monitor |   253. https://detail.1688.com/offer/1001391447719.html (SKU数: 2)
2026-04-06 06:34:30,969 | INFO | ali1688_goods_monitor |   254. https://detail.1688.com/offer/990589043915.html (SKU数: 3)
2026-04-06 06:34:30,969 | INFO | ali1688_goods_monitor |   255. https://detail.1688.com/offer/775392792723.html (SKU数: 25)
2026-04-06 06:34:30,969 | INFO | ali1688_goods_monitor |   256. https://detail.1688.com/offer/982635289066.html (SKU数: 26)
2026-04-06 06:34:30,969 | INFO | ali1688_goods_monitor |   257. https://detail.1688.com/offer/713699292120.html (SKU数: 9)
2026-04-06 06:34:30,969 | INFO | ali1688_goods_monitor |   258. https://detail.1688.com/offer/954152497198.html (SKU数: 6)
2026-04-06 06:34:30,969 | INFO | ali1688_goods_monitor |   259. https://detail.1688.com/offer/863983065199.html (SKU数: 1)
2026-04-06 06:34:30,969 | INFO | ali1688_goods_monitor |   260. https://detail.1688.com/offer/734549030910.html (SKU数: 14)
2026-04-06 06:34:30,969 | INFO | ali1688_goods_monitor |   261. https://detail.1688.com/offer/750175006113.html (SKU数: 1)
2026-04-06 06:34:30,969 | INFO | ali1688_goods_monitor |   262. https://detail.1688.com/offer/621194315291.html (SKU数: 4)
2026-04-06 06:34:30,969 | INFO | ali1688_goods_monitor |   263. https://detail.1688.com/offer/947764418500.html (SKU数: 1)
2026-04-06 06:34:30,970 | INFO | ali1688_goods_monitor |   264. https://detail.1688.com/offer/927867865604.html (SKU数: 18)
2026-04-06 06:34:30,970 | INFO | ali1688_goods_monitor |   265. https://detail.1688.com/offer/857784361057.html (SKU数: 10)
2026-04-06 06:34:30,970 | INFO | ali1688_goods_monitor |   266. https://detail.1688.com/offer/963819028092.html (SKU数: 2)
2026-04-06 06:34:30,970 | INFO | ali1688_goods_monitor |   267. https://detail.1688.com/offer/854259763574.html (SKU数: 1)
2026-04-06 06:34:30,970 | INFO | ali1688_goods_monitor |   268. https://detail.1688.com/offer/999695394272.html (SKU数: 5)
2026-04-06 06:34:30,970 | INFO | ali1688_goods_monitor |   269. https://detail.1688.com/offer/751554304142.html (SKU数: 2)
2026-04-06 06:34:32,015 | INFO | ali1688_goods_monitor | ============================================================
2026-04-06 06:34:32,016 | INFO | ali1688_goods_monitor | 🔍 开始获取SKU信息...
2026-04-06 06:34:32,019 | INFO | ali1688_goods_monitor | 📦 共 269 个商品需要获取SKU
2026-04-06 06:34:32,020 | INFO | ali1688_goods_monitor | ============================================================
2026-04-06 06:34:32,020 | INFO | ali1688_goods_monitor | 🚀 初始化SKU获取浏览器...
2026-04-06 06:34:33,772 | INFO | ali1688_goods_monitor | 🔐 登录店雷达...
2026-04-06 06:34:49,032 | INFO | ali1688_goods_monitor | 🔍 [1/269] 获取SKU: https://detail.1688.com/offer/1026068947837.html
2026-04-06 06:35:19,533 | INFO | ali1688_goods_monitor |    ✅ 获取到 3 个SKU
2026-04-06 06:35:19,533 | INFO | ali1688_goods_monitor |    ⏳ 等待 2.5 秒后继续...
2026-04-06 06:35:22,003 | INFO | ali1688_goods_monitor | 🔍 [2/269] 获取SKU: https://detail.1688.com/offer/798059727032.html
2026-04-06 06:35:50,603 | INFO | ali1688_goods_monitor |    ✅ 获取到 16 个SKU
2026-04-06 06:35:50,604 | INFO | ali1688_goods_monitor |    ⏳ 等待 1.6 秒后继续...
2026-04-06 06:35:52,193 | INFO | ali1688_goods_monitor | 🔍 [3/269] 获取SKU: https://detail.1688.com/offer/982634945037.html
2026-04-06 06:36:20,649 | INFO | ali1688_goods_monitor |    ✅ 获取到 26 个SKU
2026-04-06 06:36:20,649 | INFO | ali1688_goods_monitor |    ⏳ 等待 1.9 秒后继续...
2026-04-06 06:36:22,537 | INFO | ali1688_goods_monitor | 🔍 [4/269] 获取SKU: https://detail.1688.com/offer/968280048908.html
2026-04-06 06:36:38,169 | INFO | ali1688_goods_monitor | 14：检测到滑块
2026-04-06 06:37:12,456 | INFO | ali1688_goods_monitor |    ✅ 获取到 31 个SKU
2026-04-06 06:37:12,457 | INFO | ali1688_goods_monitor |    ⏳ 等待 2.0 秒后继续...
2026-04-06 06:37:14,474 | INFO | ali1688_goods_monitor | 🔍 [5/269] 获取SKU: https://detail.1688.com/offer/835170979856.html
2026-04-06 06:37:30,305 | INFO | ali1688_goods_monitor | 14：检测到滑块
2026-04-06 06:38:13,674 | WARNING | ali1688_goods_monitor |    ⚠️ 未获取到SKU数据
2026-04-06 06:38:13,677 | INFO | ali1688_goods_monitor |    ⏳ 等待 2.3 秒后继续...
2026-04-06 06:38:16,008 | INFO | ali1688_goods_monitor | 🔍 [6/269] 获取SKU: https://detail.1688.com/offer/971080031926.html
2026-04-06 06:38:31,747 | INFO | ali1688_goods_monitor | 14：检测到滑块
2026-04-06 06:39:14,198 | WARNING | ali1688_goods_monitor |    ⚠️ 未获取到SKU数据
2026-04-06 06:39:14,201 | INFO | ali1688_goods_monitor |    ⏳ 等待 1.1 秒后继续...
2026-04-06 06:39:15,290 | INFO | ali1688_goods_monitor | 🔍 [7/269] 获取SKU: https://detail.1688.com/offer/617837580726.html
2026-04-06 06:39:30,802 | INFO | ali1688_goods_monitor | 14：检测到滑块
2026-04-06 06:40:13,300 | WARNING | ali1688_goods_monitor |    ⚠️ 未获取到SKU数据
2026-04-06 06:40:13,303 | INFO | ali1688_goods_monitor |    ⏳ 等待 1.1 秒后继续...
2026-04-06 06:40:14,383 | INFO | ali1688_goods_monitor | 🔍 [8/269] 获取SKU: https://detail.1688.com/offer/1005984550667.html
2026-04-06 06:40:30,061 | INFO | ali1688_goods_monitor | 14：检测到滑块
2026-04-06 06:41:13,683 | WARNING | ali1688_goods_monitor |    ⚠️ 未获取到SKU数据
2026-04-06 06:41:13,686 | INFO | ali1688_goods_monitor |    ⏳ 等待 2.2 秒后继续...
2026-04-06 06:41:15,944 | INFO | ali1688_goods_monitor | 🔍 [9/269] 获取SKU: https://detail.1688.com/offer/971037620206.html
2026-04-06 06:41:31,325 | INFO | ali1688_goods_monitor | 14：检测到滑块
2026-04-06 06:42:13,736 | WARNING | ali1688_goods_monitor |    ⚠️ 未获取到SKU数据
2026-04-06 06:42:13,740 | INFO | ali1688_goods_monitor |    ⏳ 等待 2.0 秒后继续...
2026-04-06 06:42:15,764 | INFO | ali1688_goods_monitor | 🔍 [10/269] 获取SKU: https://detail.1688.com/offer/979203908708.html
2026-04-06 06:42:31,490 | INFO | ali1688_goods_monitor | 14：检测到滑块
2026-04-06 06:43:14,938 | WARNING | ali1688_goods_monitor |    ⚠️ 未获取到SKU数据
2026-04-06 06:43:14,942 | INFO | ali1688_goods_monitor |    ⏳ 等待 2.1 秒后继续...
2026-04-06 06:43:16,999 | INFO | ali1688_goods_monitor | 🔍 [11/269] 获取SKU: https://detail.1688.com/offer/1016515592011.html
2026-04-06 06:43:32,466 | INFO | ali1688_goods_monitor | 14：检测到滑块
2026-04-06 06:44:15,723 | WARNING | ali1688_goods_monitor |    ⚠️ 未获取到SKU数据
2026-04-06 06:44:15,726 | INFO | ali1688_goods_monitor |    ⏳ 等待 1.2 秒后继续...
2026-04-06 06:44:16,983 | INFO | ali1688_goods_monitor | 🔍 [12/269] 获取SKU: https://detail.1688.com/offer/1040782952704.html
2026-04-06 06:44:32,405 | INFO | ali1688_goods_monitor | 14：检测到滑块
2026-04-06 06:45:16,469 | WARNING | ali1688_goods_monitor |    ⚠️ 未获取到SKU数据
2026-04-06 06:45:16,472 | INFO | ali1688_goods_monitor |    ⏳ 等待 1.2 秒后继续...
2026-04-06 06:45:17,642 | INFO | ali1688_goods_monitor | 🔍 [13/269] 获取SKU: https://detail.1688.com/offer/807432916292.html
2026-04-06 06:45:33,252 | INFO | ali1688_goods_monitor | 14：检测到滑块
2026-04-06 06:46:16,609 | WARNING | ali1688_goods_monitor |    ⚠️ 未获取到SKU数据
2026-04-06 06:46:16,612 | INFO | ali1688_goods_monitor |    ⏳ 等待 2.1 秒后继续...
2026-04-06 06:46:18,771 | INFO | ali1688_goods_monitor | 🔍 [14/269] 获取SKU: https://detail.1688.com/offer/943395574791.html
2026-04-06 06:46:33,199 | WARNING | ali1688_goods_monitor |    ⚠️ 未获取到SKU数据
2026-04-06 06:46:33,204 | INFO | ali1688_goods_monitor |    ⏳ 等待 1.3 秒后继续...
2026-04-06 06:46:34,481 | INFO | ali1688_goods_monitor | 🔍 [15/269] 获取SKU: https://detail.1688.com/offer/954713432833.html
2026-04-06 06:47:02,370 | INFO | ali1688_goods_monitor |    ✅ 获取到 2 个SKU
2026-04-06 06:47:02,370 | INFO | ali1688_goods_monitor |    ⏳ 等待 2.2 秒后继续...
2026-04-06 06:47:04,552 | INFO | ali1688_goods_monitor | 🔍 [16/269] 获取SKU: https://detail.1688.com/offer/928700805986.html
2026-04-06 06:47:32,303 | INFO | ali1688_goods_monitor |    ✅ 获取到 2 个SKU
2026-04-06 06:47:32,303 | INFO | ali1688_goods_monitor |    ⏳ 等待 1.1 秒后继续...
2026-04-06 06:47:33,428 | INFO | ali1688_goods_monitor | 🔍 [17/269] 获取SKU: https://detail.1688.com/offer/812259607012.html
2026-04-06 06:47:57,441 | INFO | ali1688_goods_monitor | 14：检测到滑块
2026-04-06 06:48:30,175 | INFO | ali1688_goods_monitor |    ✅ 获取到 39 个SKU
2026-04-06 06:48:30,175 | INFO | ali1688_goods_monitor |    ⏳ 等待 2.2 秒后继续...
2026-04-06 06:48:32,384 | INFO | ali1688_goods_monitor | 🔍 [18/269] 获取SKU: https://detail.1688.com/offer/833661915665.html
2026-04-06 06:48:47,065 | WARNING | ali1688_goods_monitor |    ⚠️ 未获取到SKU数据
2026-04-06 06:48:47,070 | INFO | ali1688_goods_monitor |    ⏳ 等待 1.4 秒后继续...
2026-04-06 06:48:48,493 | INFO | ali1688_goods_monitor | 🔍 [19/269] 获取SKU: https://detail.1688.com/offer/1003272185431.html
2026-04-06 06:49:03,932 | INFO | ali1688_goods_monitor | 14：检测到滑块
2026-04-06 06:49:46,370 | WARNING | ali1688_goods_monitor |    ⚠️ 未获取到SKU数据
2026-04-06 06:49:46,374 | INFO | ali1688_goods_monitor |    ⏳ 等待 1.6 秒后继续...
2026-04-06 06:49:47,950 | INFO | ali1688_goods_monitor | 🔍 [20/269] 获取SKU: https://detail.1688.com/offer/741922490714.html
2026-04-06 06:50:03,427 | INFO | ali1688_goods_monitor | 14：检测到滑块
2026-04-06 06:50:47,547 | WARNING | ali1688_goods_monitor |    ⚠️ 未获取到SKU数据
2026-04-06 06:50:47,551 | INFO | ali1688_goods_monitor |    ⏳ 等待 2.4 秒后继续...
2026-04-06 06:50:50,003 | INFO | ali1688_goods_monitor | 🔍 [21/269] 获取SKU: https://detail.1688.com/offer/991935831793.html
2026-04-06 06:51:05,465 | INFO | ali1688_goods_monitor | 14：检测到滑块
2026-04-06 06:51:46,998 | WARNING | ali1688_goods_monitor |    ⚠️ 未获取到SKU数据
2026-04-06 06:51:47,002 | INFO | ali1688_goods_monitor |    ⏳ 等待 1.8 秒后继续...
2026-04-06 06:51:48,776 | INFO | ali1688_goods_monitor | 🔍 [22/269] 获取SKU: https://detail.1688.com/offer/969366546749.html
2026-04-06 06:52:04,144 | INFO | ali1688_goods_monitor | 14：检测到滑块
2026-04-06 06:52:46,662 | WARNING | ali1688_goods_monitor |    ⚠️ 未获取到SKU数据
2026-04-06 06:52:46,665 | INFO | ali1688_goods_monitor |    ⏳ 等待 1.3 秒后继续...
2026-04-06 06:52:47,949 | INFO | ali1688_goods_monitor | 🔍 [23/269] 获取SKU: https://detail.1688.com/offer/990409899841.html
2026-04-06 06:53:03,433 | INFO | ali1688_goods_monitor | 14：检测到滑块
2026-04-06 06:53:44,996 | WARNING | ali1688_goods_monitor |    ⚠️ 未获取到SKU数据
2026-04-06 06:53:45,000 | INFO | ali1688_goods_monitor |    ⏳ 等待 2.2 秒后继续...
2026-04-06 06:53:47,178 | INFO | ali1688_goods_monitor | 🔍 [24/269] 获取SKU: https://detail.1688.com/offer/776195311997.html
2026-04-06 06:54:01,551 | WARNING | ali1688_goods_monitor |    ⚠️ 未获取到SKU数据
2026-04-06 06:54:01,555 | INFO | ali1688_goods_monitor |    ⏳ 等待 2.0 秒后继续...
2026-04-06 06:54:03,577 | INFO | ali1688_goods_monitor | 🔍 [25/269] 获取SKU: https://detail.1688.com/offer/895285249007.html
2026-04-06 06:54:19,000 | INFO | ali1688_goods_monitor | 14：检测到滑块
2026-04-06 06:55:02,549 | WARNING | ali1688_goods_monitor |    ⚠️ 未获取到SKU数据
2026-04-06 06:55:02,553 | INFO | ali1688_goods_monitor |    ⏳ 等待 1.6 秒后继续...
2026-04-06 06:55:04,208 | INFO | ali1688_goods_monitor | 🔍 [26/269] 获取SKU: https://detail.1688.com/offer/812514770228.html
2026-04-06 06:55:19,820 | INFO | ali1688_goods_monitor | 14：检测到滑块
2026-04-06 06:56:01,433 | WARNING | ali1688_goods_monitor |    ⚠️ 未获取到SKU数据
2026-04-06 06:56:01,436 | INFO | ali1688_goods_monitor |    ⏳ 等待 2.0 秒后继续...
2026-04-06 06:56:03,489 | INFO | ali1688_goods_monitor | 🔍 [27/269] 获取SKU: https://detail.1688.com/offer/875034473523.html
2026-04-06 06:56:18,829 | INFO | ali1688_goods_monitor | 14：检测到滑块
2026-04-06 06:57:02,048 | WARNING | ali1688_goods_monitor |    ⚠️ 未获取到SKU数据
2026-04-06 06:57:02,051 | INFO | ali1688_goods_monitor |    ⏳ 等待 1.9 秒后继续...
2026-04-06 06:57:03,978 | INFO | ali1688_goods_monitor | 🔍 [28/269] 获取SKU: https://detail.1688.com/offer/903636127402.html
2026-04-06 06:57:19,404 | INFO | ali1688_goods_monitor | 14：检测到滑块
2026-04-06 06:58:00,138 | WARNING | ali1688_goods_monitor |    ⚠️ 未获取到SKU数据
2026-04-06 06:58:00,142 | INFO | ali1688_goods_monitor |    ⏳ 等待 2.0 秒后继续...
2026-04-06 06:58:02,169 | INFO | ali1688_goods_monitor | 🔍 [29/269] 获取SKU: https://detail.1688.com/offer/979396013303.html
2026-04-06 06:58:30,193 | INFO | ali1688_goods_monitor |    ✅ 获取到 1 个SKU
2026-04-06 06:58:30,194 | INFO | ali1688_goods_monitor |    ⏳ 等待 1.7 秒后继续...
2026-04-06 06:58:31,892 | INFO | ali1688_goods_monitor | 🔍 [30/269] 获取SKU: https://detail.1688.com/offer/962746907189.html
2026-04-06 06:58:59,914 | INFO | ali1688_goods_monitor |    ✅ 获取到 4 个SKU
2026-04-06 06:58:59,914 | INFO | ali1688_goods_monitor |    ⏳ 等待 1.3 秒后继续...
2026-04-06 06:59:01,188 | INFO | ali1688_goods_monitor | 🔍 [31/269] 获取SKU: https://detail.1688.com/offer/1013037690222.html
2026-04-06 06:59:29,108 | INFO | ali1688_goods_monitor |    ✅ 获取到 1 个SKU
2026-04-06 06:59:29,108 | INFO | ali1688_goods_monitor |    ⏳ 等待 1.4 秒后继续...
2026-04-06 06:59:30,469 | INFO | ali1688_goods_monitor | 🔍 [32/269] 获取SKU: https://detail.1688.com/offer/889385901298.html
2026-04-06 06:59:58,420 | INFO | ali1688_goods_monitor |    ✅ 获取到 3 个SKU
2026-04-06 06:59:58,420 | INFO | ali1688_goods_monitor |    ⏳ 等待 1.4 秒后继续...
2026-04-06 06:59:59,878 | INFO | ali1688_goods_monitor | 🔍 [33/269] 获取SKU: https://detail.1688.com/offer/907762599791.html
2026-04-06 07:00:27,968 | INFO | ali1688_goods_monitor |    ✅ 获取到 10 个SKU
2026-04-06 07:00:27,968 | INFO | ali1688_goods_monitor |    ⏳ 等待 1.5 秒后继续...
2026-04-06 07:00:29,467 | INFO | ali1688_goods_monitor | 🔍 [34/269] 获取SKU: https://detail.1688.com/offer/1025513853144.html
2026-04-06 07:00:57,410 | INFO | ali1688_goods_monitor |    ✅ 获取到 8 个SKU
2026-04-06 07:00:57,410 | INFO | ali1688_goods_monitor |    ⏳ 等待 1.7 秒后继续...
2026-04-06 07:00:59,089 | INFO | ali1688_goods_monitor | 🔍 [35/269] 获取SKU: https://detail.1688.com/offer/894936744591.html
2026-04-06 07:01:27,411 | INFO | ali1688_goods_monitor |    ✅ 获取到 16 个SKU
2026-04-06 07:01:27,411 | INFO | ali1688_goods_monitor |    ⏳ 等待 1.3 秒后继续...
2026-04-06 07:01:28,711 | INFO | ali1688_goods_monitor | 🔍 [36/269] 获取SKU: https://detail.1688.com/offer/590591825369.html
2026-04-06 07:01:57,371 | INFO | ali1688_goods_monitor |    ✅ 获取到 29 个SKU
2026-04-06 07:01:57,371 | INFO | ali1688_goods_monitor |    ⏳ 等待 1.3 秒后继续...
2026-04-06 07:01:58,708 | INFO | ali1688_goods_monitor | 🔍 [37/269] 获取SKU: https://detail.1688.com/offer/970715744477.html
2026-04-06 07:02:26,461 | INFO | ali1688_goods_monitor |    ✅ 获取到 1 个SKU
2026-04-06 07:02:26,462 | INFO | ali1688_goods_monitor |    ⏳ 等待 1.2 秒后继续...
2026-04-06 07:02:27,642 | INFO | ali1688_goods_monitor | 🔍 [38/269] 获取SKU: https://detail.1688.com/offer/811139889293.html
2026-04-06 07:02:43,090 | INFO | ali1688_goods_monitor | 14：检测到滑块
2026-04-06 07:03:13,884 | INFO | ali1688_goods_monitor |    ✅ 获取到 10 个SKU
2026-04-06 07:03:13,885 | INFO | ali1688_goods_monitor |    ⏳ 等待 2.3 秒后继续...
2026-04-06 07:03:16,145 | INFO | ali1688_goods_monitor | 🔍 [39/269] 获取SKU: https://detail.1688.com/offer/677301391721.html
2026-04-06 07:03:31,958 | INFO | ali1688_goods_monitor | 14：检测到滑块
2026-04-06 07:04:16,395 | WARNING | ali1688_goods_monitor |    ⚠️ 未获取到SKU数据
2026-04-06 07:04:16,399 | INFO | ali1688_goods_monitor |    ⏳ 等待 1.5 秒后继续...
2026-04-06 07:04:17,876 | INFO | ali1688_goods_monitor | 🔍 [40/269] 获取SKU: https://detail.1688.com/offer/677709968233.html
2026-04-06 07:04:33,738 | INFO | ali1688_goods_monitor | 14：检测到滑块
2026-04-06 07:05:17,886 | WARNING | ali1688_goods_monitor |    ⚠️ 未获取到SKU数据
2026-04-06 07:05:17,890 | INFO | ali1688_goods_monitor |    ⏳ 等待 1.8 秒后继续...
2026-04-06 07:05:19,715 | INFO | ali1688_goods_monitor | 🔍 [41/269] 获取SKU: https://detail.1688.com/offer/970377098770.html
2026-04-06 07:05:35,512 | INFO | ali1688_goods_monitor | 14：检测到滑块
2026-04-06 07:06:20,619 | WARNING | ali1688_goods_monitor |    ⚠️ 未获取到SKU数据
2026-04-06 07:06:20,622 | INFO | ali1688_goods_monitor |    ⏳ 等待 1.1 秒后继续...
2026-04-06 07:06:21,731 | INFO | ali1688_goods_monitor | 🔍 [42/269] 获取SKU: https://detail.1688.com/offer/951035484615.html
2026-04-06 07:06:37,518 | INFO | ali1688_goods_monitor | 14：检测到滑块
2026-04-06 07:07:19,290 | WARNING | ali1688_goods_monitor |    ⚠️ 未获取到SKU数据
2026-04-06 07:07:19,293 | INFO | ali1688_goods_monitor |    ⏳ 等待 1.8 秒后继续...
2026-04-06 07:07:21,155 | INFO | ali1688_goods_monitor | 🔍 [43/269] 获取SKU: https://detail.1688.com/offer/847794753111.html
2026-04-06 07:07:36,655 | INFO | ali1688_goods_monitor | 14：检测到滑块
2026-04-06 07:08:18,282 | WARNING | ali1688_goods_monitor |    ⚠️ 未获取到SKU数据
2026-04-06 07:08:18,285 | INFO | ali1688_goods_monitor |    ⏳ 等待 2.1 秒后继续...
2026-04-06 07:08:20,431 | INFO | ali1688_goods_monitor | 🔍 [44/269] 获取SKU: https://detail.1688.com/offer/976178977054.html
2026-04-06 07:08:35,892 | INFO | ali1688_goods_monitor | 14：检测到滑块
2026-04-06 07:09:17,432 | WARNING | ali1688_goods_monitor |    ⚠️ 未获取到SKU数据
2026-04-06 07:09:17,436 | INFO | ali1688_goods_monitor |    ⏳ 等待 2.2 秒后继续...
2026-04-06 07:09:19,657 | INFO | ali1688_goods_monitor | 🔍 [45/269] 获取SKU: https://detail.1688.com/offer/826873938709.html
2026-04-06 07:09:35,174 | INFO | ali1688_goods_monitor | 14：检测到滑块
2026-04-06 07:10:18,439 | WARNING | ali1688_goods_monitor |    ⚠️ 未获取到SKU数据
2026-04-06 07:10:18,443 | INFO | ali1688_goods_monitor |    ⏳ 等待 2.1 秒后继续...
2026-04-06 07:10:20,562 | INFO | ali1688_goods_monitor | 🔍 [46/269] 获取SKU: https://detail.1688.com/offer/902961760235.html
2026-04-06 07:10:36,110 | INFO | ali1688_goods_monitor | 14：检测到滑块
2026-04-06 07:11:16,903 | WARNING | ali1688_goods_monitor |    ⚠️ 未获取到SKU数据
2026-04-06 07:11:16,908 | INFO | ali1688_goods_monitor |    ⏳ 等待 2.3 秒后继续...
2026-04-06 07:11:19,228 | INFO | ali1688_goods_monitor | 🔍 [47/269] 获取SKU: https://detail.1688.com/offer/992251601092.html
2026-04-06 07:11:34,601 | INFO | ali1688_goods_monitor | 14：检测到滑块
2026-04-06 07:12:17,086 | WARNING | ali1688_goods_monitor |    ⚠️ 未获取到SKU数据
2026-04-06 07:12:17,089 | INFO | ali1688_goods_monitor |    ⏳ 等待 1.8 秒后继续...
2026-04-06 07:12:18,903 | INFO | ali1688_goods_monitor | 🔍 [48/269] 获取SKU: https://detail.1688.com/offer/998051010590.html
2026-04-06 07:12:34,481 | INFO | ali1688_goods_monitor | 14：检测到滑块
2026-04-06 07:13:16,932 | WARNING | ali1688_goods_monitor |    ⚠️ 未获取到SKU数据
2026-04-06 07:13:16,935 | INFO | ali1688_goods_monitor |    ⏳ 等待 2.3 秒后继续...
2026-04-06 07:13:19,292 | INFO | ali1688_goods_monitor | 🔍 [49/269] 获取SKU: https://detail.1688.com/offer/856805654657.html
2026-04-06 07:13:47,522 | INFO | ali1688_goods_monitor |    ✅ 获取到 1 个SKU
2026-04-06 07:13:47,523 | INFO | ali1688_goods_monitor |    ⏳ 等待 2.5 秒后继续...
2026-04-06 07:13:49,996 | INFO | ali1688_goods_monitor | 🔍 [50/269] 获取SKU: https://detail.1688.com/offer/994662909434.html
2026-04-06 07:14:18,060 | INFO | ali1688_goods_monitor |    ✅ 获取到 3 个SKU
2026-04-06 07:14:18,060 | INFO | ali1688_goods_monitor |    ⏳ 等待 2.4 秒后继续...
2026-04-06 07:14:20,474 | INFO | ali1688_goods_monitor | 🔍 [51/269] 获取SKU: https://detail.1688.com/offer/1000398364752.html
2026-04-06 07:14:48,591 | INFO | ali1688_goods_monitor |    ✅ 获取到 6 个SKU
2026-04-06 07:14:48,591 | INFO | ali1688_goods_monitor |    ⏳ 等待 1.2 秒后继续...
2026-04-06 07:14:49,773 | INFO | ali1688_goods_monitor | 🔍 [52/269] 获取SKU: https://detail.1688.com/offer/628617576125.html
2026-04-06 07:15:17,946 | INFO | ali1688_goods_monitor |    ✅ 获取到 5 个SKU
2026-04-06 07:15:17,946 | INFO | ali1688_goods_monitor |    ⏳ 等待 2.4 秒后继续...
2026-04-06 07:15:20,369 | INFO | ali1688_goods_monitor | 🔍 [53/269] 获取SKU: https://detail.1688.com/offer/847495122732.html
2026-04-06 07:15:48,381 | INFO | ali1688_goods_monitor |    ✅ 获取到 3 个SKU
2026-04-06 07:15:48,382 | INFO | ali1688_goods_monitor |    ⏳ 等待 2.0 秒后继续...
2026-04-06 07:15:50,408 | INFO | ali1688_goods_monitor | 🔍 [54/269] 获取SKU: https://detail.1688.com/offer/900967422750.html
2026-04-06 07:16:12,426 | INFO | ali1688_goods_monitor | 14：检测到滑块
2026-04-06 07:16:44,343 | INFO | ali1688_goods_monitor |    ✅ 获取到 36 个SKU
2026-04-06 07:16:44,343 | INFO | ali1688_goods_monitor |    ⏳ 等待 1.1 秒后继续...
2026-04-06 07:16:45,413 | INFO | ali1688_goods_monitor | 🔍 [55/269] 获取SKU: https://detail.1688.com/offer/681658732090.html
2026-04-06 07:17:00,230 | WARNING | ali1688_goods_monitor |    ⚠️ 未获取到SKU数据
2026-04-06 07:17:00,238 | INFO | ali1688_goods_monitor |    ⏳ 等待 2.3 秒后继续...
2026-04-06 07:17:02,559 | INFO | ali1688_goods_monitor | 🔍 [56/269] 获取SKU: https://detail.1688.com/offer/950726478383.html
2026-04-06 07:17:17,998 | INFO | ali1688_goods_monitor | 14：检测到滑块
2026-04-06 07:18:01,397 | WARNING | ali1688_goods_monitor |    ⚠️ 未获取到SKU数据
2026-04-06 07:18:01,400 | INFO | ali1688_goods_monitor |    ⏳ 等待 1.8 秒后继续...
2026-04-06 07:18:03,218 | INFO | ali1688_goods_monitor | 🔍 [57/269] 获取SKU: https://detail.1688.com/offer/799083276279.html
2026-04-06 07:18:18,712 | INFO | ali1688_goods_monitor | 14：检测到滑块
2026-04-06 07:19:01,082 | WARNING | ali1688_goods_monitor |    ⚠️ 未获取到SKU数据
2026-04-06 07:19:01,085 | INFO | ali1688_goods_monitor |    ⏳ 等待 1.7 秒后继续...
2026-04-06 07:19:02,804 | INFO | ali1688_goods_monitor | 🔍 [58/269] 获取SKU: https://detail.1688.com/offer/992071730825.html
2026-04-06 07:19:18,089 | INFO | ali1688_goods_monitor | 14：检测到滑块
2026-04-06 07:20:00,501 | WARNING | ali1688_goods_monitor |    ⚠️ 未获取到SKU数据
2026-04-06 07:20:00,505 | INFO | ali1688_goods_monitor |    ⏳ 等待 1.4 秒后继续...
2026-04-06 07:20:01,920 | INFO | ali1688_goods_monitor | 🔍 [59/269] 获取SKU: https://detail.1688.com/offer/1000255776437.html
2026-04-06 07:20:24,679 | ERROR | ali1688_goods_monitor |    ❌ 获取SKU失败: 
没有找到元素。
方法: ele()
参数: {'locator': 'xpath://*[@id="content"]/div[2]/div[1]/div[2]/div[1]/div[2]/div[1]/div[2]', 'index': 1, 'timeout': 10}
版本: 4.1.1.2
2026-04-06 07:20:24,680 | INFO | ali1688_goods_monitor |    ⏳ 等待 1.9 秒后继续...
2026-04-06 07:20:26,606 | INFO | ali1688_goods_monitor | 🔍 [60/269] 获取SKU: https://detail.1688.com/offer/902473655388.html
2026-04-06 07:20:42,045 | INFO | ali1688_goods_monitor | 14：检测到滑块
2026-04-06 07:21:24,495 | WARNING | ali1688_goods_monitor |    ⚠️ 未获取到SKU数据
2026-04-06 07:21:24,498 | INFO | ali1688_goods_monitor |    ⏳ 等待 2.4 秒后继续...
2026-04-06 07:21:26,909 | INFO | ali1688_goods_monitor | 🔍 [61/269] 获取SKU: https://detail.1688.com/offer/899704194303.html
2026-04-06 07:21:42,315 | INFO | ali1688_goods_monitor | 14：检测到滑块
2026-04-06 07:22:24,800 | WARNING | ali1688_goods_monitor |    ⚠️ 未获取到SKU数据
2026-04-06 07:22:24,803 | INFO | ali1688_goods_monitor |    ⏳ 等待 1.4 秒后继续...
2026-04-06 07:22:26,203 | INFO | ali1688_goods_monitor | 🔍 [62/269] 获取SKU: https://detail.1688.com/offer/703551244918.html
2026-04-06 07:22:41,888 | INFO | ali1688_goods_monitor | 14：检测到滑块
2026-04-06 07:23:26,030 | WARNING | ali1688_goods_monitor |    ⚠️ 未获取到SKU数据
2026-04-06 07:23:26,033 | INFO | ali1688_goods_monitor |    ⏳ 等待 1.6 秒后继续...
2026-04-06 07:23:27,664 | INFO | ali1688_goods_monitor | 🔍 [63/269] 获取SKU: https://detail.1688.com/offer/873614306333.html
2026-04-06 07:23:43,061 | INFO | ali1688_goods_monitor | 14：检测到滑块
2026-04-06 07:24:27,974 | WARNING | ali1688_goods_monitor |    ⚠️ 未获取到SKU数据
2026-04-06 07:24:27,977 | INFO | ali1688_goods_monitor |    ⏳ 等待 1.0 秒后继续...
2026-04-06 07:24:28,993 | INFO | ali1688_goods_monitor | 🔍 [64/269] 获取SKU: https://detail.1688.com/offer/840249263873.html
2026-04-06 07:24:44,647 | INFO | ali1688_goods_monitor | 14：检测到滑块
2026-04-06 07:25:28,861 | WARNING | ali1688_goods_monitor |    ⚠️ 未获取到SKU数据
2026-04-06 07:25:28,864 | INFO | ali1688_goods_monitor |    ⏳ 等待 2.0 秒后继续...
2026-04-06 07:25:30,829 | INFO | ali1688_goods_monitor | 🔍 [65/269] 获取SKU: https://detail.1688.com/offer/898439171537.html
2026-04-06 07:25:46,590 | INFO | ali1688_goods_monitor | 14：检测到滑块
2026-04-06 07:26:29,027 | WARNING | ali1688_goods_monitor |    ⚠️ 未获取到SKU数据
2026-04-06 07:26:29,029 | INFO | ali1688_goods_monitor |    ⏳ 等待 2.3 秒后继续...
2026-04-06 07:26:31,369 | INFO | ali1688_goods_monitor | 🔍 [66/269] 获取SKU: https://detail.1688.com/offer/996059989352.html
2026-04-06 07:26:59,486 | INFO | ali1688_goods_monitor |    ✅ 获取到 3 个SKU
2026-04-06 07:26:59,486 | INFO | ali1688_goods_monitor |    ⏳ 等待 1.6 秒后继续...
2026-04-06 07:27:01,076 | INFO | ali1688_goods_monitor | 🔍 [67/269] 获取SKU: https://detail.1688.com/offer/789633522584.html
2026-04-06 07:27:15,526 | WARNING | ali1688_goods_monitor |    ⚠️ 未获取到SKU数据
2026-04-06 07:27:15,529 | INFO | ali1688_goods_monitor |    ⏳ 等待 1.4 秒后继续...
2026-04-06 07:27:16,940 | INFO | ali1688_goods_monitor | 🔍 [68/269] 获取SKU: https://detail.1688.com/offer/956573560393.html
2026-04-06 07:27:40,109 | ERROR | ali1688_goods_monitor |    ❌ 获取SKU失败: 
没有找到元素。
方法: ele()
参数: {'locator': 'xpath://*[@id="content"]/div[2]/div[1]/div[2]/div[1]/div[2]/div[1]/div[2]', 'index': 1, 'timeout': 10}
版本: 4.1.1.2
2026-04-06 07:27:40,109 | INFO | ali1688_goods_monitor |    ⏳ 等待 1.0 秒后继续...
2026-04-06 07:27:41,140 | INFO | ali1688_goods_monitor | 🔍 [69/269] 获取SKU: https://detail.1688.com/offer/890654399053.html
2026-04-06 07:28:09,669 | INFO | ali1688_goods_monitor |    ✅ 获取到 28 个SKU
2026-04-06 07:28:09,670 | INFO | ali1688_goods_monitor |    ⏳ 等待 1.9 秒后继续...
2026-04-06 07:28:11,549 | INFO | ali1688_goods_monitor | 🔍 [70/269] 获取SKU: https://detail.1688.com/offer/999142031933.html
2026-04-06 07:28:25,998 | WARNING | ali1688_goods_monitor |    ⚠️ 未获取到SKU数据
2026-04-06 07:28:26,001 | INFO | ali1688_goods_monitor |    ⏳ 等待 2.0 秒后继续...
2026-04-06 07:28:28,025 | INFO | ali1688_goods_monitor | 🔍 [71/269] 获取SKU: https://detail.1688.com/offer/950670074468.html
2026-04-06 07:28:43,645 | INFO | ali1688_goods_monitor | 14：检测到滑块
2026-04-06 07:29:16,326 | INFO | ali1688_goods_monitor |    ✅ 获取到 36 个SKU
2026-04-06 07:29:16,326 | INFO | ali1688_goods_monitor |    ⏳ 等待 2.4 秒后继续...
2026-04-06 07:29:18,741 | INFO | ali1688_goods_monitor | 🔍 [72/269] 获取SKU: https://detail.1688.com/offer/1007062397648.html
2026-04-06 07:29:34,449 | INFO | ali1688_goods_monitor | 14：检测到滑块
2026-04-06 07:30:16,185 | WARNING | ali1688_goods_monitor |    ⚠️ 未获取到SKU数据
2026-04-06 07:30:16,189 | INFO | ali1688_goods_monitor |    ⏳ 等待 1.8 秒后继续...
2026-04-06 07:30:17,951 | INFO | ali1688_goods_monitor | 🔍 [73/269] 获取SKU: https://detail.1688.com/offer/890407614753.html
2026-04-06 07:30:33,840 | INFO | ali1688_goods_monitor | 14：检测到滑块
2026-04-06 07:31:17,263 | WARNING | ali1688_goods_monitor |    ⚠️ 未获取到SKU数据
2026-04-06 07:31:17,266 | INFO | ali1688_goods_monitor |    ⏳ 等待 1.6 秒后继续...
2026-04-06 07:31:18,902 | INFO | ali1688_goods_monitor | 🔍 [74/269] 获取SKU: https://detail.1688.com/offer/832304702315.html
2026-04-06 07:31:34,563 | INFO | ali1688_goods_monitor | 14：检测到滑块
2026-04-06 07:32:17,166 | WARNING | ali1688_goods_monitor |    ⚠️ 未获取到SKU数据
2026-04-06 07:32:17,169 | INFO | ali1688_goods_monitor |    ⏳ 等待 2.4 秒后继续...
2026-04-06 07:32:19,558 | INFO | ali1688_goods_monitor | 🔍 [75/269] 获取SKU: https://detail.1688.com/offer/702199084381.html
2026-04-06 07:32:35,394 | INFO | ali1688_goods_monitor | 14：检测到滑块
2026-04-06 07:33:19,627 | WARNING | ali1688_goods_monitor |    ⚠️ 未获取到SKU数据
2026-04-06 07:33:19,630 | INFO | ali1688_goods_monitor |    ⏳ 等待 1.8 秒后继续...
2026-04-06 07:33:21,474 | INFO | ali1688_goods_monitor | 🔍 [76/269] 获取SKU: https://detail.1688.com/offer/43695296576.html
2026-04-06 07:33:36,997 | INFO | ali1688_goods_monitor | 14：检测到滑块
2026-04-06 07:34:17,860 | WARNING | ali1688_goods_monitor |    ⚠️ 未获取到SKU数据
2026-04-06 07:34:17,863 | INFO | ali1688_goods_monitor |    ⏳ 等待 1.3 秒后继续...
2026-04-06 07:34:19,160 | INFO | ali1688_goods_monitor | 🔍 [77/269] 获取SKU: https://detail.1688.com/offer/979471208168.html
2026-04-06 07:34:34,748 | INFO | ali1688_goods_monitor | 14：检测到滑块
2026-04-06 07:35:16,407 | WARNING | ali1688_goods_monitor |    ⚠️ 未获取到SKU数据
2026-04-06 07:35:16,410 | INFO | ali1688_goods_monitor |    ⏳ 等待 2.3 秒后继续...
2026-04-06 07:35:18,721 | INFO | ali1688_goods_monitor | 🔍 [78/269] 获取SKU: https://detail.1688.com/offer/746411095420.html
2026-04-06 07:35:34,401 | INFO | ali1688_goods_monitor | 14：检测到滑块
2026-04-06 07:36:16,438 | WARNING | ali1688_goods_monitor |    ⚠️ 未获取到SKU数据
2026-04-06 07:36:16,441 | INFO | ali1688_goods_monitor |    ⏳ 等待 1.1 秒后继续...
2026-04-06 07:36:17,546 | INFO | ali1688_goods_monitor | 🔍 [79/269] 获取SKU: https://detail.1688.com/offer/991070192317.html
2026-04-06 07:36:33,051 | INFO | ali1688_goods_monitor | 14：检测到滑块
2026-04-06 07:37:15,534 | WARNING | ali1688_goods_monitor |    ⚠️ 未获取到SKU数据
2026-04-06 07:37:15,537 | INFO | ali1688_goods_monitor |    ⏳ 等待 2.0 秒后继续...
2026-04-06 07:37:17,590 | INFO | ali1688_goods_monitor | 🔍 [80/269] 获取SKU: https://detail.1688.com/offer/993465198242.html
2026-04-06 07:37:33,041 | INFO | ali1688_goods_monitor | 14：检测到滑块
2026-04-06 07:38:14,667 | WARNING | ali1688_goods_monitor |    ⚠️ 未获取到SKU数据
2026-04-06 07:38:14,670 | INFO | ali1688_goods_monitor |    ⏳ 等待 1.5 秒后继续...
2026-04-06 07:38:16,183 | INFO | ali1688_goods_monitor | 🔍 [81/269] 获取SKU: https://detail.1688.com/offer/990618054916.html
2026-04-06 07:38:33,366 | INFO | ali1688_goods_monitor | 14：检测到滑块
2026-04-06 07:39:15,791 | WARNING | ali1688_goods_monitor |    ⚠️ 未获取到SKU数据
2026-04-06 07:39:15,795 | INFO | ali1688_goods_monitor |    ⏳ 等待 1.9 秒后继续...
2026-04-06 07:39:17,687 | INFO | ali1688_goods_monitor | 🔍 [82/269] 获取SKU: https://detail.1688.com/offer/975762015590.html
2026-04-06 07:39:45,633 | INFO | ali1688_goods_monitor |    ✅ 获取到 6 个SKU
2026-04-06 07:39:45,633 | INFO | ali1688_goods_monitor |    ⏳ 等待 2.2 秒后继续...
2026-04-06 07:39:47,794 | INFO | ali1688_goods_monitor | 🔍 [83/269] 获取SKU: https://detail.1688.com/offer/859584630627.html
2026-04-06 07:40:15,962 | INFO | ali1688_goods_monitor |    ✅ 获取到 4 个SKU
2026-04-06 07:40:15,962 | INFO | ali1688_goods_monitor |    ⏳ 等待 2.4 秒后继续...
2026-04-06 07:40:18,334 | INFO | ali1688_goods_monitor | 🔍 [84/269] 获取SKU: https://detail.1688.com/offer/927205288673.html
2026-04-06 07:40:46,152 | INFO | ali1688_goods_monitor |    ✅ 获取到 4 个SKU
2026-04-06 07:40:46,152 | INFO | ali1688_goods_monitor |    ⏳ 等待 1.3 秒后继续...
2026-04-06 07:40:47,415 | INFO | ali1688_goods_monitor | 🔍 [85/269] 获取SKU: https://detail.1688.com/offer/852501307622.html
2026-04-06 07:41:15,644 | INFO | ali1688_goods_monitor |    ✅ 获取到 1 个SKU
2026-04-06 07:41:15,644 | INFO | ali1688_goods_monitor |    ⏳ 等待 1.6 秒后继续...
2026-04-06 07:41:17,211 | INFO | ali1688_goods_monitor | 🔍 [86/269] 获取SKU: https://detail.1688.com/offer/632300625030.html
2026-04-06 07:41:45,044 | INFO | ali1688_goods_monitor |    ✅ 获取到 2 个SKU
2026-04-06 07:41:45,044 | INFO | ali1688_goods_monitor |    ⏳ 等待 1.6 秒后继续...
2026-04-06 07:41:46,630 | INFO | ali1688_goods_monitor | 🔍 [87/269] 获取SKU: https://detail.1688.com/offer/998859559585.html
2026-04-06 07:42:14,614 | INFO | ali1688_goods_monitor |    ✅ 获取到 11 个SKU
2026-04-06 07:42:14,614 | INFO | ali1688_goods_monitor |    ⏳ 等待 1.1 秒后继续...
2026-04-06 07:42:15,698 | INFO | ali1688_goods_monitor | 🔍 [88/269] 获取SKU: https://detail.1688.com/offer/1009966785995.html
2026-04-06 07:42:43,950 | INFO | ali1688_goods_monitor |    ✅ 获取到 4 个SKU
2026-04-06 07:42:43,950 | INFO | ali1688_goods_monitor |    ⏳ 等待 1.7 秒后继续...
2026-04-06 07:42:45,683 | INFO | ali1688_goods_monitor | 🔍 [89/269] 获取SKU: https://detail.1688.com/offer/992800642545.html
2026-04-06 07:43:13,533 | INFO | ali1688_goods_monitor |    ✅ 获取到 3 个SKU
2026-04-06 07:43:13,533 | INFO | ali1688_goods_monitor |    ⏳ 等待 1.1 秒后继续...
2026-04-06 07:43:14,661 | INFO | ali1688_goods_monitor | 🔍 [90/269] 获取SKU: https://detail.1688.com/offer/985206853035.html
2026-04-06 07:43:42,347 | INFO | ali1688_goods_monitor |    ✅ 获取到 2 个SKU
2026-04-06 07:43:42,347 | INFO | ali1688_goods_monitor |    ⏳ 等待 2.1 秒后继续...
2026-04-06 07:43:44,482 | INFO | ali1688_goods_monitor | 🔍 [91/269] 获取SKU: https://detail.1688.com/offer/873771926327.html
2026-04-06 07:44:13,006 | INFO | ali1688_goods_monitor |    ✅ 获取到 32 个SKU
2026-04-06 07:44:13,006 | INFO | ali1688_goods_monitor |    ⏳ 等待 2.1 秒后继续...
2026-04-06 07:44:15,136 | INFO | ali1688_goods_monitor | 🔍 [92/269] 获取SKU: https://detail.1688.com/offer/853399095646.html
2026-04-06 07:44:43,137 | INFO | ali1688_goods_monitor |    ✅ 获取到 5 个SKU
2026-04-06 07:44:43,137 | INFO | ali1688_goods_monitor |    ⏳ 等待 2.3 秒后继续...
2026-04-06 07:44:45,416 | INFO | ali1688_goods_monitor | 🔍 [93/269] 获取SKU: https://detail.1688.com/offer/671840552108.html
2026-04-06 07:45:00,725 | INFO | ali1688_goods_monitor | 14：检测到滑块
2026-04-06 07:45:34,833 | INFO | ali1688_goods_monitor |    ✅ 获取到 8 个SKU
2026-04-06 07:45:34,833 | INFO | ali1688_goods_monitor |    ⏳ 等待 2.2 秒后继续...
2026-04-06 07:45:37,071 | INFO | ali1688_goods_monitor | 🔍 [94/269] 获取SKU: https://detail.1688.com/offer/836899798919.html
2026-04-06 07:45:52,479 | INFO | ali1688_goods_monitor | 14：检测到滑块
2026-04-06 07:46:34,939 | WARNING | ali1688_goods_monitor |    ⚠️ 未获取到SKU数据
2026-04-06 07:46:34,943 | INFO | ali1688_goods_monitor |    ⏳ 等待 2.4 秒后继续...
2026-04-06 07:46:37,318 | INFO | ali1688_goods_monitor | 🔍 [95/269] 获取SKU: https://detail.1688.com/offer/950658287741.html
2026-04-06 07:46:53,170 | INFO | ali1688_goods_monitor | 14：检测到滑块
2026-04-06 07:47:38,380 | WARNING | ali1688_goods_monitor |    ⚠️ 未获取到SKU数据
2026-04-06 07:47:38,383 | INFO | ali1688_goods_monitor |    ⏳ 等待 2.0 秒后继续...
2026-04-06 07:47:40,396 | INFO | ali1688_goods_monitor | 🔍 [96/269] 获取SKU: https://detail.1688.com/offer/928580021030.html
2026-04-06 07:47:56,086 | INFO | ali1688_goods_monitor | 14：检测到滑块
2026-04-06 07:48:38,528 | WARNING | ali1688_goods_monitor |    ⚠️ 未获取到SKU数据
2026-04-06 07:48:38,531 | INFO | ali1688_goods_monitor |    ⏳ 等待 2.5 秒后继续...
2026-04-06 07:48:41,005 | INFO | ali1688_goods_monitor | 🔍 [97/269] 获取SKU: https://detail.1688.com/offer/652994949606.html
2026-04-06 07:48:56,697 | INFO | ali1688_goods_monitor | 14：检测到滑块
2026-04-06 07:49:39,197 | WARNING | ali1688_goods_monitor |    ⚠️ 未获取到SKU数据
2026-04-06 07:49:39,200 | INFO | ali1688_goods_monitor |    ⏳ 等待 1.4 秒后继续...
2026-04-06 07:49:40,644 | INFO | ali1688_goods_monitor | 🔍 [98/269] 获取SKU: https://detail.1688.com/offer/970542473882.html
2026-04-06 07:49:56,169 | INFO | ali1688_goods_monitor | 14：检测到滑块
2026-04-06 07:50:39,529 | WARNING | ali1688_goods_monitor |    ⚠️ 未获取到SKU数据
2026-04-06 07:50:39,533 | INFO | ali1688_goods_monitor |    ⏳ 等待 2.1 秒后继续...
2026-04-06 07:50:41,673 | INFO | ali1688_goods_monitor | 🔍 [99/269] 获取SKU: https://detail.1688.com/offer/746416939989.html
2026-04-06 07:50:57,474 | INFO | ali1688_goods_monitor | 14：检测到滑块
2026-04-06 07:51:40,640 | WARNING | ali1688_goods_monitor |    ⚠️ 未获取到SKU数据
2026-04-06 07:51:40,643 | INFO | ali1688_goods_monitor |    ⏳ 等待 1.8 秒后继续...
2026-04-06 07:51:42,492 | INFO | ali1688_goods_monitor | 🔍 [100/269] 获取SKU: https://detail.1688.com/offer/729749403422.html
2026-04-06 07:51:57,919 | INFO | ali1688_goods_monitor | 14：检测到滑块
2026-04-06 07:52:42,067 | WARNING | ali1688_goods_monitor |    ⚠️ 未获取到SKU数据
2026-04-06 07:52:42,071 | INFO | ali1688_goods_monitor |    ⏳ 等待 2.3 秒后继续...
2026-04-06 07:52:44,379 | INFO | ali1688_goods_monitor | 🔍 [101/269] 获取SKU: https://detail.1688.com/offer/895439014120.html
2026-04-06 07:52:59,903 | INFO | ali1688_goods_monitor | 14：检测到滑块
2026-04-06 07:53:43,949 | WARNING | ali1688_goods_monitor |    ⚠️ 未获取到SKU数据
2026-04-06 07:53:43,953 | INFO | ali1688_goods_monitor |    ⏳ 等待 2.0 秒后继续...
2026-04-06 07:53:45,929 | INFO | ali1688_goods_monitor | 🔍 [102/269] 获取SKU: https://detail.1688.com/offer/662598267674.html
2026-04-06 07:54:01,277 | INFO | ali1688_goods_monitor | 14：检测到滑块
2026-04-06 07:54:44,545 | WARNING | ali1688_goods_monitor |    ⚠️ 未获取到SKU数据
2026-04-06 07:54:44,549 | INFO | ali1688_goods_monitor |    ⏳ 等待 1.4 秒后继续...
2026-04-06 07:54:45,942 | INFO | ali1688_goods_monitor | 🔍 [103/269] 获取SKU: https://detail.1688.com/offer/994237964153.html
2026-04-06 07:55:14,120 | INFO | ali1688_goods_monitor |    ✅ 获取到 7 个SKU
2026-04-06 07:55:14,121 | INFO | ali1688_goods_monitor |    ⏳ 等待 2.3 秒后继续...
2026-04-06 07:55:16,481 | INFO | ali1688_goods_monitor | 🔍 [104/269] 获取SKU: https://detail.1688.com/offer/1037735891255.html
2026-04-06 07:55:39,601 | ERROR | ali1688_goods_monitor |    ❌ 获取SKU失败: 
没有找到元素。
方法: ele()
参数: {'locator': 'xpath://*[@id="content"]/div[2]/div[1]/div[2]/div[1]/div[2]/div[1]/div[2]', 'index': 1, 'timeout': 10}
版本: 4.1.1.2
2026-04-06 07:55:39,601 | INFO | ali1688_goods_monitor |    ⏳ 等待 1.9 秒后继续...
2026-04-06 07:55:41,541 | INFO | ali1688_goods_monitor | 🔍 [105/269] 获取SKU: https://detail.1688.com/offer/948334688543.html
2026-04-06 07:56:10,041 | INFO | ali1688_goods_monitor |    ✅ 获取到 22 个SKU
2026-04-06 07:56:10,041 | INFO | ali1688_goods_monitor |    ⏳ 等待 2.0 秒后继续...
2026-04-06 07:56:12,061 | INFO | ali1688_goods_monitor | 🔍 [106/269] 获取SKU: https://detail.1688.com/offer/993354315037.html
2026-04-06 07:56:40,487 | INFO | ali1688_goods_monitor |    ✅ 获取到 11 个SKU
2026-04-06 07:56:40,487 | INFO | ali1688_goods_monitor |    ⏳ 等待 1.4 秒后继续...
2026-04-06 07:56:41,846 | INFO | ali1688_goods_monitor | 🔍 [107/269] 获取SKU: https://detail.1688.com/offer/930446969722.html
2026-04-06 07:57:09,728 | INFO | ali1688_goods_monitor |    ✅ 获取到 2 个SKU
2026-04-06 07:57:09,731 | INFO | ali1688_goods_monitor |    ⏳ 等待 1.2 秒后继续...
2026-04-06 07:57:10,903 | INFO | ali1688_goods_monitor | 🔍 [108/269] 获取SKU: https://detail.1688.com/offer/864653527961.html
2026-04-06 07:57:38,737 | INFO | ali1688_goods_monitor |    ✅ 获取到 1 个SKU
2026-04-06 07:57:38,737 | INFO | ali1688_goods_monitor |    ⏳ 等待 1.9 秒后继续...
2026-04-06 07:57:40,654 | INFO | ali1688_goods_monitor | 🔍 [109/269] 获取SKU: https://detail.1688.com/offer/962546716755.html
2026-04-06 07:58:08,344 | INFO | ali1688_goods_monitor |    ✅ 获取到 3 个SKU
2026-04-06 07:58:08,344 | INFO | ali1688_goods_monitor |    ⏳ 等待 1.1 秒后继续...
2026-04-06 07:58:09,426 | INFO | ali1688_goods_monitor | 🔍 [110/269] 获取SKU: https://detail.1688.com/offer/997795598539.html
2026-04-06 07:58:37,403 | INFO | ali1688_goods_monitor |    ✅ 获取到 3 个SKU
2026-04-06 07:58:37,404 | INFO | ali1688_goods_monitor |    ⏳ 等待 1.2 秒后继续...
2026-04-06 07:58:38,575 | INFO | ali1688_goods_monitor | 🔍 [111/269] 获取SKU: https://detail.1688.com/offer/849820903779.html
2026-04-06 07:59:06,594 | INFO | ali1688_goods_monitor |    ✅ 获取到 4 个SKU
2026-04-06 07:59:06,595 | INFO | ali1688_goods_monitor |    ⏳ 等待 1.3 秒后继续...
2026-04-06 07:59:07,914 | INFO | ali1688_goods_monitor | 🔍 [112/269] 获取SKU: https://detail.1688.com/offer/847781001778.html
2026-04-06 07:59:35,997 | INFO | ali1688_goods_monitor |    ✅ 获取到 4 个SKU
2026-04-06 07:59:35,997 | INFO | ali1688_goods_monitor |    ⏳ 等待 2.0 秒后继续...
2026-04-06 07:59:38,040 | INFO | ali1688_goods_monitor | 🔍 [113/269] 获取SKU: https://detail.1688.com/offer/692940339011.html
2026-04-06 08:00:06,073 | INFO | ali1688_goods_monitor |    ✅ 获取到 3 个SKU
2026-04-06 08:00:06,073 | INFO | ali1688_goods_monitor |    ⏳ 等待 1.4 秒后继续...
2026-04-06 08:00:07,461 | INFO | ali1688_goods_monitor | 🔍 [114/269] 获取SKU: https://detail.1688.com/offer/621865712164.html
2026-04-06 08:00:35,888 | INFO | ali1688_goods_monitor |    ✅ 获取到 8 个SKU
2026-04-06 08:00:35,889 | INFO | ali1688_goods_monitor |    ⏳ 等待 2.1 秒后继续...
2026-04-06 08:00:37,981 | INFO | ali1688_goods_monitor | 🔍 [115/269] 获取SKU: https://detail.1688.com/offer/978651830599.html
2026-04-06 08:01:05,767 | INFO | ali1688_goods_monitor |    ✅ 获取到 2 个SKU
2026-04-06 08:01:05,767 | INFO | ali1688_goods_monitor |    ⏳ 等待 2.4 秒后继续...
2026-04-06 08:01:08,156 | INFO | ali1688_goods_monitor | 🔍 [116/269] 获取SKU: https://detail.1688.com/offer/847990628509.html
2026-04-06 08:01:36,326 | INFO | ali1688_goods_monitor |    ✅ 获取到 7 个SKU
2026-04-06 08:01:36,326 | INFO | ali1688_goods_monitor |    ⏳ 等待 1.9 秒后继续...
2026-04-06 08:01:38,193 | INFO | ali1688_goods_monitor | 🔍 [117/269] 获取SKU: https://detail.1688.com/offer/991823064917.html
2026-04-06 08:02:06,090 | INFO | ali1688_goods_monitor |    ✅ 获取到 8 个SKU
2026-04-06 08:02:06,091 | INFO | ali1688_goods_monitor |    ⏳ 等待 1.7 秒后继续...
2026-04-06 08:02:07,834 | INFO | ali1688_goods_monitor | 🔍 [118/269] 获取SKU: https://detail.1688.com/offer/854253039240.html
2026-04-06 08:02:35,834 | INFO | ali1688_goods_monitor |    ✅ 获取到 2 个SKU
2026-04-06 08:02:35,834 | INFO | ali1688_goods_monitor |    ⏳ 等待 2.2 秒后继续...
2026-04-06 08:02:38,027 | INFO | ali1688_goods_monitor | 🔍 [119/269] 获取SKU: https://detail.1688.com/offer/997359995216.html
2026-04-06 08:03:05,904 | INFO | ali1688_goods_monitor |    ✅ 获取到 4 个SKU
2026-04-06 08:03:05,905 | INFO | ali1688_goods_monitor |    ⏳ 等待 1.1 秒后继续...
2026-04-06 08:03:07,063 | INFO | ali1688_goods_monitor | 🔍 [120/269] 获取SKU: https://detail.1688.com/offer/924140770781.html
2026-04-06 08:03:35,060 | INFO | ali1688_goods_monitor |    ✅ 获取到 2 个SKU
2026-04-06 08:03:35,060 | INFO | ali1688_goods_monitor |    ⏳ 等待 1.8 秒后继续...
2026-04-06 08:03:36,839 | INFO | ali1688_goods_monitor | 🔍 [121/269] 获取SKU: https://detail.1688.com/offer/773383798724.html
2026-04-06 08:04:05,277 | INFO | ali1688_goods_monitor |    ✅ 获取到 30 个SKU
2026-04-06 08:04:05,278 | INFO | ali1688_goods_monitor |    ⏳ 等待 1.5 秒后继续...
2026-04-06 08:04:06,783 | INFO | ali1688_goods_monitor | 🔍 [122/269] 获取SKU: https://detail.1688.com/offer/1006668462460.html
2026-04-06 08:04:22,039 | INFO | ali1688_goods_monitor | 14：检测到滑块
2026-04-06 08:04:54,543 | INFO | ali1688_goods_monitor |    ✅ 获取到 12 个SKU
2026-04-06 08:04:54,543 | INFO | ali1688_goods_monitor |    ⏳ 等待 1.1 秒后继续...
2026-04-06 08:04:55,692 | INFO | ali1688_goods_monitor | 🔍 [123/269] 获取SKU: https://detail.1688.com/offer/675880303102.html
2026-04-06 08:05:11,455 | INFO | ali1688_goods_monitor | 14：检测到滑块
2026-04-06 08:05:54,949 | WARNING | ali1688_goods_monitor |    ⚠️ 未获取到SKU数据
2026-04-06 08:05:54,952 | INFO | ali1688_goods_monitor |    ⏳ 等待 2.4 秒后继续...
2026-04-06 08:05:57,368 | INFO | ali1688_goods_monitor | 🔍 [124/269] 获取SKU: https://detail.1688.com/offer/811638208514.html
2026-04-06 08:06:13,042 | INFO | ali1688_goods_monitor | 14：检测到滑块
2026-04-06 08:06:55,660 | WARNING | ali1688_goods_monitor |    ⚠️ 未获取到SKU数据
2026-04-06 08:06:55,663 | INFO | ali1688_goods_monitor |    ⏳ 等待 1.4 秒后继续...
2026-04-06 08:06:57,118 | INFO | ali1688_goods_monitor | 🔍 [125/269] 获取SKU: https://detail.1688.com/offer/926941651375.html
2026-04-06 08:07:12,700 | INFO | ali1688_goods_monitor | 14：检测到滑块
2026-04-06 08:07:55,271 | WARNING | ali1688_goods_monitor |    ⚠️ 未获取到SKU数据
2026-04-06 08:07:55,274 | INFO | ali1688_goods_monitor |    ⏳ 等待 2.0 秒后继续...
2026-04-06 08:07:57,242 | INFO | ali1688_goods_monitor | 🔍 [126/269] 获取SKU: https://detail.1688.com/offer/985998626047.html
2026-04-06 08:08:12,572 | INFO | ali1688_goods_monitor | 14：检测到滑块
2026-04-06 08:08:56,579 | WARNING | ali1688_goods_monitor |    ⚠️ 未获取到SKU数据
2026-04-06 08:08:56,582 | INFO | ali1688_goods_monitor |    ⏳ 等待 2.1 秒后继续...
2026-04-06 08:08:58,661 | INFO | ali1688_goods_monitor | 🔍 [127/269] 获取SKU: https://detail.1688.com/offer/999860867159.html
2026-04-06 08:09:14,018 | INFO | ali1688_goods_monitor | 14：检测到滑块
2026-04-06 08:09:55,542 | WARNING | ali1688_goods_monitor |    ⚠️ 未获取到SKU数据
2026-04-06 08:09:55,545 | INFO | ali1688_goods_monitor |    ⏳ 等待 1.3 秒后继续...
2026-04-06 08:09:56,889 | INFO | ali1688_goods_monitor | 🔍 [128/269] 获取SKU: https://detail.1688.com/offer/986179889619.html
2026-04-06 08:10:12,351 | INFO | ali1688_goods_monitor | 14：检测到滑块
2026-04-06 08:10:57,219 | WARNING | ali1688_goods_monitor |    ⚠️ 未获取到SKU数据
2026-04-06 08:10:57,223 | INFO | ali1688_goods_monitor |    ⏳ 等待 2.3 秒后继续...
2026-04-06 08:10:59,521 | INFO | ali1688_goods_monitor | 🔍 [129/269] 获取SKU: https://detail.1688.com/offer/952611726643.html
2026-04-06 08:11:15,141 | INFO | ali1688_goods_monitor | 14：检测到滑块
2026-04-06 08:11:57,647 | WARNING | ali1688_goods_monitor |    ⚠️ 未获取到SKU数据
2026-04-06 08:11:57,650 | INFO | ali1688_goods_monitor |    ⏳ 等待 2.1 秒后继续...
2026-04-06 08:11:59,771 | INFO | ali1688_goods_monitor | 🔍 [130/269] 获取SKU: https://detail.1688.com/offer/991467576950.html
2026-04-06 08:12:15,356 | INFO | ali1688_goods_monitor | 14：检测到滑块
2026-04-06 08:12:57,303 | WARNING | ali1688_goods_monitor |    ⚠️ 未获取到SKU数据
2026-04-06 08:12:57,306 | INFO | ali1688_goods_monitor |    ⏳ 等待 1.2 秒后继续...
2026-04-06 08:12:58,515 | INFO | ali1688_goods_monitor | 🔍 [131/269] 获取SKU: https://detail.1688.com/offer/915854311158.html
2026-04-06 08:13:14,125 | INFO | ali1688_goods_monitor | 14：检测到滑块
2026-04-06 08:13:56,623 | WARNING | ali1688_goods_monitor |    ⚠️ 未获取到SKU数据
2026-04-06 08:13:56,627 | INFO | ali1688_goods_monitor |    ⏳ 等待 1.8 秒后继续...
2026-04-06 08:13:58,436 | INFO | ali1688_goods_monitor | 🔍 [132/269] 获取SKU: https://detail.1688.com/offer/995364912374.html
2026-04-06 08:14:13,888 | INFO | ali1688_goods_monitor | 14：检测到滑块
2026-04-06 08:14:56,362 | WARNING | ali1688_goods_monitor |    ⚠️ 未获取到SKU数据
2026-04-06 08:14:56,365 | INFO | ali1688_goods_monitor |    ⏳ 等待 2.0 秒后继续...
2026-04-06 08:14:58,343 | INFO | ali1688_goods_monitor | 🔍 [133/269] 获取SKU: https://detail.1688.com/offer/848195784663.html
2026-04-06 08:15:26,666 | INFO | ali1688_goods_monitor |    ✅ 获取到 6 个SKU
2026-04-06 08:15:26,666 | INFO | ali1688_goods_monitor |    ⏳ 等待 2.4 秒后继续...
2026-04-06 08:15:29,094 | INFO | ali1688_goods_monitor | 🔍 [134/269] 获取SKU: https://detail.1688.com/offer/813592780236.html
2026-04-06 08:15:57,052 | INFO | ali1688_goods_monitor |    ✅ 获取到 2 个SKU
2026-04-06 08:15:57,052 | INFO | ali1688_goods_monitor |    ⏳ 等待 2.4 秒后继续...
2026-04-06 08:15:59,431 | INFO | ali1688_goods_monitor | 🔍 [135/269] 获取SKU: https://detail.1688.com/offer/847784309788.html
2026-04-06 08:16:27,572 | INFO | ali1688_goods_monitor |    ✅ 获取到 2 个SKU
2026-04-06 08:16:27,573 | INFO | ali1688_goods_monitor |    ⏳ 等待 1.9 秒后继续...
2026-04-06 08:16:29,445 | INFO | ali1688_goods_monitor | 🔍 [136/269] 获取SKU: https://detail.1688.com/offer/920664381969.html
2026-04-06 08:16:57,666 | INFO | ali1688_goods_monitor |    ✅ 获取到 4 个SKU
2026-04-06 08:16:57,666 | INFO | ali1688_goods_monitor |    ⏳ 等待 1.0 秒后继续...
2026-04-06 08:16:58,716 | INFO | ali1688_goods_monitor | 🔍 [137/269] 获取SKU: https://detail.1688.com/offer/917143716667.html
2026-04-06 08:17:26,893 | INFO | ali1688_goods_monitor |    ✅ 获取到 4 个SKU
2026-04-06 08:17:26,893 | INFO | ali1688_goods_monitor |    ⏳ 等待 1.4 秒后继续...
2026-04-06 08:17:28,315 | INFO | ali1688_goods_monitor | 🔍 [138/269] 获取SKU: https://detail.1688.com/offer/662629659424.html
2026-04-06 08:17:56,281 | INFO | ali1688_goods_monitor |    ✅ 获取到 4 个SKU
2026-04-06 08:17:56,282 | INFO | ali1688_goods_monitor |    ⏳ 等待 1.7 秒后继续...
2026-04-06 08:17:57,951 | INFO | ali1688_goods_monitor | 🔍 [139/269] 获取SKU: https://detail.1688.com/offer/796066732390.html
2026-04-06 08:18:26,078 | INFO | ali1688_goods_monitor |    ✅ 获取到 6 个SKU
2026-04-06 08:18:26,078 | INFO | ali1688_goods_monitor |    ⏳ 等待 1.4 秒后继续...
2026-04-06 08:18:27,530 | INFO | ali1688_goods_monitor | 🔍 [140/269] 获取SKU: https://detail.1688.com/offer/918745003737.html
2026-04-06 08:18:55,540 | INFO | ali1688_goods_monitor |    ✅ 获取到 6 个SKU
2026-04-06 08:18:55,541 | INFO | ali1688_goods_monitor |    ⏳ 等待 2.4 秒后继续...
2026-04-06 08:18:57,930 | INFO | ali1688_goods_monitor | 🔍 [141/269] 获取SKU: https://detail.1688.com/offer/969889694254.html
2026-04-06 08:19:26,221 | INFO | ali1688_goods_monitor |    ✅ 获取到 27 个SKU
2026-04-06 08:19:26,222 | INFO | ali1688_goods_monitor |    ⏳ 等待 2.3 秒后继续...
2026-04-06 08:19:28,501 | INFO | ali1688_goods_monitor | 🔍 [142/269] 获取SKU: https://detail.1688.com/offer/990374779412.html
2026-04-06 08:19:56,766 | INFO | ali1688_goods_monitor |    ✅ 获取到 3 个SKU
2026-04-06 08:19:56,766 | INFO | ali1688_goods_monitor |    ⏳ 等待 2.0 秒后继续...
2026-04-06 08:19:58,741 | INFO | ali1688_goods_monitor | 🔍 [143/269] 获取SKU: https://detail.1688.com/offer/778105306124.html
2026-04-06 08:20:26,697 | INFO | ali1688_goods_monitor |    ✅ 获取到 2 个SKU
2026-04-06 08:20:26,697 | INFO | ali1688_goods_monitor |    ⏳ 等待 1.4 秒后继续...
2026-04-06 08:20:28,077 | INFO | ali1688_goods_monitor | 🔍 [144/269] 获取SKU: https://detail.1688.com/offer/983142383790.html
2026-04-06 08:20:42,477 | WARNING | ali1688_goods_monitor |    ⚠️ 未获取到SKU数据
2026-04-06 08:20:42,480 | INFO | ali1688_goods_monitor |    ⏳ 等待 1.9 秒后继续...
2026-04-06 08:20:44,388 | INFO | ali1688_goods_monitor | 🔍 [145/269] 获取SKU: https://detail.1688.com/offer/833863806015.html
2026-04-06 08:21:12,533 | INFO | ali1688_goods_monitor |    ✅ 获取到 5 个SKU
2026-04-06 08:21:12,533 | INFO | ali1688_goods_monitor |    ⏳ 等待 1.6 秒后继续...
2026-04-06 08:21:14,180 | INFO | ali1688_goods_monitor | 🔍 [146/269] 获取SKU: https://detail.1688.com/offer/903214944988.html
2026-04-06 08:21:42,183 | INFO | ali1688_goods_monitor |    ✅ 获取到 1 个SKU
2026-04-06 08:21:42,184 | INFO | ali1688_goods_monitor |    ⏳ 等待 1.7 秒后继续...
2026-04-06 08:21:43,937 | INFO | ali1688_goods_monitor | 🔍 [147/269] 获取SKU: https://detail.1688.com/offer/1039821084728.html
2026-04-06 08:22:11,755 | INFO | ali1688_goods_monitor |    ✅ 获取到 1 个SKU
2026-04-06 08:22:11,755 | INFO | ali1688_goods_monitor |    ⏳ 等待 1.1 秒后继续...
2026-04-06 08:22:12,840 | INFO | ali1688_goods_monitor | 🔍 [148/269] 获取SKU: https://detail.1688.com/offer/1000261330427.html
2026-04-06 08:22:40,867 | INFO | ali1688_goods_monitor |    ✅ 获取到 1 个SKU
2026-04-06 08:22:40,868 | INFO | ali1688_goods_monitor |    ⏳ 等待 1.9 秒后继续...
2026-04-06 08:22:42,741 | INFO | ali1688_goods_monitor | 🔍 [149/269] 获取SKU: https://detail.1688.com/offer/968025059447.html
2026-04-06 08:23:10,655 | INFO | ali1688_goods_monitor |    ✅ 获取到 6 个SKU
2026-04-06 08:23:10,656 | INFO | ali1688_goods_monitor |    ⏳ 等待 1.3 秒后继续...
2026-04-06 08:23:11,999 | INFO | ali1688_goods_monitor | 🔍 [150/269] 获取SKU: https://detail.1688.com/offer/909894706445.html
2026-04-06 08:23:32,101 | INFO | ali1688_goods_monitor | 14：检测到滑块
2026-04-06 08:24:03,012 | INFO | ali1688_goods_monitor |    ✅ 获取到 34 个SKU
2026-04-06 08:24:03,012 | INFO | ali1688_goods_monitor |    ⏳ 等待 2.2 秒后继续...
2026-04-06 08:24:05,182 | INFO | ali1688_goods_monitor | 🔍 [151/269] 获取SKU: https://detail.1688.com/offer/1001253412551.html
2026-04-06 08:24:20,732 | INFO | ali1688_goods_monitor | 14：检测到滑块
2026-04-06 08:25:01,641 | WARNING | ali1688_goods_monitor |    ⚠️ 未获取到SKU数据
2026-04-06 08:25:01,644 | INFO | ali1688_goods_monitor |    ⏳ 等待 1.4 秒后继续...
2026-04-06 08:25:03,004 | INFO | ali1688_goods_monitor | 🔍 [152/269] 获取SKU: https://detail.1688.com/offer/854773109889.html
2026-04-06 08:25:18,715 | INFO | ali1688_goods_monitor | 14：检测到滑块
2026-04-06 08:26:01,191 | WARNING | ali1688_goods_monitor |    ⚠️ 未获取到SKU数据
2026-04-06 08:26:01,195 | INFO | ali1688_goods_monitor |    ⏳ 等待 1.3 秒后继续...
2026-04-06 08:26:02,495 | INFO | ali1688_goods_monitor | 🔍 [153/269] 获取SKU: https://detail.1688.com/offer/973730524327.html
2026-04-06 08:26:18,027 | INFO | ali1688_goods_monitor | 14：检测到滑块
2026-04-06 08:27:00,669 | WARNING | ali1688_goods_monitor |    ⚠️ 未获取到SKU数据
2026-04-06 08:27:00,673 | INFO | ali1688_goods_monitor |    ⏳ 等待 2.4 秒后继续...
2026-04-06 08:27:03,101 | INFO | ali1688_goods_monitor | 🔍 [154/269] 获取SKU: https://detail.1688.com/offer/678640196785.html
2026-04-06 08:27:18,788 | INFO | ali1688_goods_monitor | 14：检测到滑块
2026-04-06 08:28:01,262 | WARNING | ali1688_goods_monitor |    ⚠️ 未获取到SKU数据
2026-04-06 08:28:01,265 | INFO | ali1688_goods_monitor |    ⏳ 等待 1.3 秒后继续...
2026-04-06 08:28:02,594 | INFO | ali1688_goods_monitor | 🔍 [155/269] 获取SKU: https://detail.1688.com/offer/855494409051.html
2026-04-06 08:28:18,249 | INFO | ali1688_goods_monitor | 14：检测到滑块
2026-04-06 08:28:59,878 | WARNING | ali1688_goods_monitor |    ⚠️ 未获取到SKU数据
2026-04-06 08:28:59,881 | INFO | ali1688_goods_monitor |    ⏳ 等待 2.3 秒后继续...
2026-04-06 08:29:02,238 | INFO | ali1688_goods_monitor | 🔍 [156/269] 获取SKU: https://detail.1688.com/offer/695065852792.html
2026-04-06 08:29:17,798 | INFO | ali1688_goods_monitor | 14：检测到滑块
2026-04-06 08:30:01,056 | WARNING | ali1688_goods_monitor |    ⚠️ 未获取到SKU数据
2026-04-06 08:30:01,059 | INFO | ali1688_goods_monitor |    ⏳ 等待 2.2 秒后继续...
2026-04-06 08:30:03,227 | INFO | ali1688_goods_monitor | 🔍 [157/269] 获取SKU: https://detail.1688.com/offer/997742353743.html
2026-04-06 08:30:18,737 | INFO | ali1688_goods_monitor | 14：检测到滑块
2026-04-06 08:31:01,810 | WARNING | ali1688_goods_monitor |    ⚠️ 未获取到SKU数据
2026-04-06 08:31:01,813 | INFO | ali1688_goods_monitor |    ⏳ 等待 2.4 秒后继续...
2026-04-06 08:31:04,234 | INFO | ali1688_goods_monitor | 🔍 [158/269] 获取SKU: https://detail.1688.com/offer/939201456076.html
2026-04-06 08:31:19,971 | INFO | ali1688_goods_monitor | 14：检测到滑块
2026-04-06 08:32:01,593 | WARNING | ali1688_goods_monitor |    ⚠️ 未获取到SKU数据
2026-04-06 08:32:01,596 | INFO | ali1688_goods_monitor |    ⏳ 等待 2.4 秒后继续...
2026-04-06 08:32:04,057 | INFO | ali1688_goods_monitor | 🔍 [159/269] 获取SKU: https://detail.1688.com/offer/818121391220.html
2026-04-06 08:32:19,733 | INFO | ali1688_goods_monitor | 14：检测到滑块
2026-04-06 08:33:02,116 | WARNING | ali1688_goods_monitor |    ⚠️ 未获取到SKU数据
2026-04-06 08:33:02,120 | INFO | ali1688_goods_monitor |    ⏳ 等待 1.6 秒后继续...
2026-04-06 08:33:03,763 | INFO | ali1688_goods_monitor | 🔍 [160/269] 获取SKU: https://detail.1688.com/offer/854420062122.html
2026-04-06 08:33:19,487 | INFO | ali1688_goods_monitor | 14：检测到滑块
2026-04-06 08:34:01,120 | WARNING | ali1688_goods_monitor |    ⚠️ 未获取到SKU数据
2026-04-06 08:34:01,124 | INFO | ali1688_goods_monitor |    ⏳ 等待 1.7 秒后继续...
2026-04-06 08:34:02,877 | INFO | ali1688_goods_monitor | 🔍 [161/269] 获取SKU: https://detail.1688.com/offer/955211708273.html
2026-04-06 08:34:31,411 | INFO | ali1688_goods_monitor |    ✅ 获取到 23 个SKU
2026-04-06 08:34:31,411 | INFO | ali1688_goods_monitor |    ⏳ 等待 1.1 秒后继续...
2026-04-06 08:34:32,529 | INFO | ali1688_goods_monitor | 🔍 [162/269] 获取SKU: https://detail.1688.com/offer/653871136084.html
2026-04-06 08:35:00,793 | INFO | ali1688_goods_monitor |    ✅ 获取到 4 个SKU
2026-04-06 08:35:00,793 | INFO | ali1688_goods_monitor |    ⏳ 等待 2.1 秒后继续...
2026-04-06 08:35:02,945 | INFO | ali1688_goods_monitor | 🔍 [163/269] 获取SKU: https://detail.1688.com/offer/834236928026.html
2026-04-06 08:35:30,758 | INFO | ali1688_goods_monitor |    ✅ 获取到 1 个SKU
2026-04-06 08:35:30,759 | INFO | ali1688_goods_monitor |    ⏳ 等待 1.4 秒后继续...
2026-04-06 08:35:32,164 | INFO | ali1688_goods_monitor | 🔍 [164/269] 获取SKU: https://detail.1688.com/offer/626387346293.html
2026-04-06 08:36:00,191 | INFO | ali1688_goods_monitor |    ✅ 获取到 3 个SKU
2026-04-06 08:36:00,191 | INFO | ali1688_goods_monitor |    ⏳ 等待 1.7 秒后继续...
2026-04-06 08:36:01,928 | INFO | ali1688_goods_monitor | 🔍 [165/269] 获取SKU: https://detail.1688.com/offer/668301084321.html
2026-04-06 08:36:29,827 | INFO | ali1688_goods_monitor |    ✅ 获取到 3 个SKU
2026-04-06 08:36:29,827 | INFO | ali1688_goods_monitor |    ⏳ 等待 2.1 秒后继续...
2026-04-06 08:36:31,947 | INFO | ali1688_goods_monitor | 🔍 [166/269] 获取SKU: https://detail.1688.com/offer/900592605428.html
2026-04-06 08:37:00,133 | INFO | ali1688_goods_monitor |    ✅ 获取到 6 个SKU
2026-04-06 08:37:00,133 | INFO | ali1688_goods_monitor |    ⏳ 等待 2.5 秒后继续...
2026-04-06 08:37:02,629 | INFO | ali1688_goods_monitor | 🔍 [167/269] 获取SKU: https://detail.1688.com/offer/985101359570.html
2026-04-06 08:37:30,630 | INFO | ali1688_goods_monitor |    ✅ 获取到 4 个SKU
2026-04-06 08:37:30,631 | INFO | ali1688_goods_monitor |    ⏳ 等待 1.1 秒后继续...
2026-04-06 08:37:31,778 | INFO | ali1688_goods_monitor | 🔍 [168/269] 获取SKU: https://detail.1688.com/offer/847713406081.html
2026-04-06 08:37:59,857 | INFO | ali1688_goods_monitor |    ✅ 获取到 1 个SKU
2026-04-06 08:37:59,857 | INFO | ali1688_goods_monitor |    ⏳ 等待 2.2 秒后继续...
2026-04-06 08:38:02,079 | INFO | ali1688_goods_monitor | 🔍 [169/269] 获取SKU: https://detail.1688.com/offer/984336119328.html
2026-04-06 08:38:29,901 | INFO | ali1688_goods_monitor |    ✅ 获取到 3 个SKU
2026-04-06 08:38:29,902 | INFO | ali1688_goods_monitor |    ⏳ 等待 1.6 秒后继续...
2026-04-06 08:38:31,524 | INFO | ali1688_goods_monitor | 🔍 [170/269] 获取SKU: https://detail.1688.com/offer/709904411964.html
2026-04-06 08:38:59,941 | INFO | ali1688_goods_monitor |    ✅ 获取到 26 个SKU
2026-04-06 08:38:59,941 | INFO | ali1688_goods_monitor |    ⏳ 等待 1.6 秒后继续...
2026-04-06 08:39:01,538 | INFO | ali1688_goods_monitor | 🔍 [171/269] 获取SKU: https://detail.1688.com/offer/716733322460.html
2026-04-06 08:39:16,738 | INFO | ali1688_goods_monitor | 14：检测到滑块
2026-04-06 08:39:48,178 | INFO | ali1688_goods_monitor |    ✅ 获取到 8 个SKU
2026-04-06 08:39:48,179 | INFO | ali1688_goods_monitor |    ⏳ 等待 1.7 秒后继续...
2026-04-06 08:39:49,854 | INFO | ali1688_goods_monitor | 🔍 [172/269] 获取SKU: https://detail.1688.com/offer/985879832920.html
2026-04-06 08:40:05,614 | INFO | ali1688_goods_monitor | 14：检测到滑块
2026-04-06 08:40:49,688 | WARNING | ali1688_goods_monitor |    ⚠️ 未获取到SKU数据
2026-04-06 08:40:49,691 | INFO | ali1688_goods_monitor |    ⏳ 等待 1.6 秒后继续...
2026-04-06 08:40:51,271 | INFO | ali1688_goods_monitor | 🔍 [173/269] 获取SKU: https://detail.1688.com/offer/847979472849.html
2026-04-06 08:41:07,421 | INFO | ali1688_goods_monitor | 14：检测到滑块
2026-04-06 08:41:49,009 | WARNING | ali1688_goods_monitor |    ⚠️ 未获取到SKU数据
2026-04-06 08:41:49,011 | INFO | ali1688_goods_monitor |    ⏳ 等待 2.2 秒后继续...
2026-04-06 08:41:51,271 | INFO | ali1688_goods_monitor | 🔍 [174/269] 获取SKU: https://detail.1688.com/offer/906941705446.html
2026-04-06 08:42:13,991 | INFO | ali1688_goods_monitor | 14：检测到滑块
2026-04-06 08:42:56,323 | WARNING | ali1688_goods_monitor |    ⚠️ 未获取到SKU数据
2026-04-06 08:42:56,327 | INFO | ali1688_goods_monitor |    ⏳ 等待 2.5 秒后继续...
2026-04-06 08:42:58,815 | INFO | ali1688_goods_monitor | 🔍 [175/269] 获取SKU: https://detail.1688.com/offer/848295933948.html
2026-04-06 08:43:17,683 | INFO | ali1688_goods_monitor | 14：检测到滑块
2026-04-06 08:44:01,096 | WARNING | ali1688_goods_monitor |    ⚠️ 未获取到SKU数据
2026-04-06 08:44:01,099 | INFO | ali1688_goods_monitor |    ⏳ 等待 2.2 秒后继续...
2026-04-06 08:44:03,354 | INFO | ali1688_goods_monitor | 🔍 [176/269] 获取SKU: https://detail.1688.com/offer/676772683627.html
2026-04-06 08:44:18,846 | INFO | ali1688_goods_monitor | 14：检测到滑块
2026-04-06 08:45:01,371 | WARNING | ali1688_goods_monitor |    ⚠️ 未获取到SKU数据
2026-04-06 08:45:01,374 | INFO | ali1688_goods_monitor |    ⏳ 等待 1.1 秒后继续...
2026-04-06 08:45:02,535 | INFO | ali1688_goods_monitor | 🔍 [177/269] 获取SKU: https://detail.1688.com/offer/987237412445.html
2026-04-06 08:45:18,136 | INFO | ali1688_goods_monitor | 14：检测到滑块
2026-04-06 08:46:00,803 | WARNING | ali1688_goods_monitor |    ⚠️ 未获取到SKU数据
2026-04-06 08:46:00,807 | INFO | ali1688_goods_monitor |    ⏳ 等待 2.3 秒后继续...
2026-04-06 08:46:03,146 | INFO | ali1688_goods_monitor | 🔍 [178/269] 获取SKU: https://detail.1688.com/offer/992713938362.html
2026-04-06 08:46:18,810 | INFO | ali1688_goods_monitor | 14：检测到滑块
2026-04-06 08:47:00,449 | WARNING | ali1688_goods_monitor |    ⚠️ 未获取到SKU数据
2026-04-06 08:47:00,452 | INFO | ali1688_goods_monitor |    ⏳ 等待 1.2 秒后继续...
2026-04-06 08:47:01,626 | INFO | ali1688_goods_monitor | 🔍 [179/269] 获取SKU: https://detail.1688.com/offer/686348979544.html
2026-04-06 08:47:16,275 | WARNING | ali1688_goods_monitor |    ⚠️ 未获取到SKU数据
2026-04-06 08:47:16,279 | INFO | ali1688_goods_monitor |    ⏳ 等待 1.8 秒后继续...
2026-04-06 08:47:18,083 | INFO | ali1688_goods_monitor | 🔍 [180/269] 获取SKU: https://detail.1688.com/offer/661664097697.html
2026-04-06 08:47:33,360 | INFO | ali1688_goods_monitor | 14：检测到滑块
2026-04-06 08:48:14,927 | WARNING | ali1688_goods_monitor |    ⚠️ 未获取到SKU数据
2026-04-06 08:48:14,931 | INFO | ali1688_goods_monitor |    ⏳ 等待 2.4 秒后继续...
2026-04-06 08:48:17,356 | INFO | ali1688_goods_monitor | 🔍 [181/269] 获取SKU: https://detail.1688.com/offer/946133528766.html
2026-04-06 08:48:32,798 | INFO | ali1688_goods_monitor | 14：检测到滑块
2026-04-06 08:49:16,025 | WARNING | ali1688_goods_monitor |    ⚠️ 未获取到SKU数据
2026-04-06 08:49:16,028 | INFO | ali1688_goods_monitor |    ⏳ 等待 1.0 秒后继续...
2026-04-06 08:49:17,085 | INFO | ali1688_goods_monitor | 🔍 [182/269] 获取SKU: https://detail.1688.com/offer/672751050822.html
2026-04-06 08:49:45,239 | INFO | ali1688_goods_monitor |    ✅ 获取到 3 个SKU
2026-04-06 08:49:45,239 | INFO | ali1688_goods_monitor |    ⏳ 等待 1.7 秒后继续...
2026-04-06 08:49:46,973 | INFO | ali1688_goods_monitor | 🔍 [183/269] 获取SKU: https://detail.1688.com/offer/678110916347.html
2026-04-06 08:50:15,114 | INFO | ali1688_goods_monitor |    ✅ 获取到 9 个SKU
2026-04-06 08:50:15,115 | INFO | ali1688_goods_monitor |    ⏳ 等待 2.4 秒后继续...
2026-04-06 08:50:17,511 | INFO | ali1688_goods_monitor | 🔍 [184/269] 获取SKU: https://detail.1688.com/offer/987732400816.html
2026-04-06 08:50:45,316 | INFO | ali1688_goods_monitor |    ✅ 获取到 1 个SKU
2026-04-06 08:50:45,316 | INFO | ali1688_goods_monitor |    ⏳ 等待 2.2 秒后继续...
2026-04-06 08:50:47,486 | INFO | ali1688_goods_monitor | 🔍 [185/269] 获取SKU: https://detail.1688.com/offer/951586784136.html
2026-04-06 08:51:10,110 | INFO | ali1688_goods_monitor | 14：检测到滑块
2026-04-06 08:51:42,776 | INFO | ali1688_goods_monitor |    ✅ 获取到 34 个SKU
2026-04-06 08:51:42,776 | INFO | ali1688_goods_monitor |    ⏳ 等待 2.5 秒后继续...
2026-04-06 08:51:45,262 | INFO | ali1688_goods_monitor | 🔍 [186/269] 获取SKU: https://detail.1688.com/offer/661514670948.html
2026-04-06 08:52:01,136 | INFO | ali1688_goods_monitor | 14：检测到滑块
2026-04-06 08:52:44,501 | WARNING | ali1688_goods_monitor |    ⚠️ 未获取到SKU数据
2026-04-06 08:52:44,505 | INFO | ali1688_goods_monitor |    ⏳ 等待 2.4 秒后继续...
2026-04-06 08:52:46,928 | INFO | ali1688_goods_monitor | 🔍 [187/269] 获取SKU: https://detail.1688.com/offer/975402784788.html
2026-04-06 08:53:10,230 | ERROR | ali1688_goods_monitor |    ❌ 获取SKU失败: 
没有找到元素。
方法: ele()
参数: {'locator': 'xpath://*[@id="content"]/div[2]/div[1]/div[2]/div[1]/div[2]/div[1]/div[2]', 'index': 1, 'timeout': 10}
版本: 4.1.1.2
2026-04-06 08:53:10,231 | INFO | ali1688_goods_monitor |    ⏳ 等待 1.8 秒后继续...
2026-04-06 08:53:12,060 | INFO | ali1688_goods_monitor | 🔍 [188/269] 获取SKU: https://detail.1688.com/offer/972523284067.html
2026-04-06 08:53:27,439 | INFO | ali1688_goods_monitor | 14：检测到滑块
2026-04-06 08:54:09,853 | WARNING | ali1688_goods_monitor |    ⚠️ 未获取到SKU数据
2026-04-06 08:54:09,856 | INFO | ali1688_goods_monitor |    ⏳ 等待 1.9 秒后继续...
2026-04-06 08:54:11,741 | INFO | ali1688_goods_monitor | 🔍 [189/269] 获取SKU: https://detail.1688.com/offer/903149142386.html
2026-04-06 08:54:27,356 | INFO | ali1688_goods_monitor | 14：检测到滑块
2026-04-06 08:55:11,448 | WARNING | ali1688_goods_monitor |    ⚠️ 未获取到SKU数据
2026-04-06 08:55:11,452 | INFO | ali1688_goods_monitor |    ⏳ 等待 1.0 秒后继续...
2026-04-06 08:55:12,495 | INFO | ali1688_goods_monitor | 🔍 [190/269] 获取SKU: https://detail.1688.com/offer/991759687233.html
2026-04-06 08:55:27,879 | INFO | ali1688_goods_monitor | 14：检测到滑块
2026-04-06 08:56:10,374 | WARNING | ali1688_goods_monitor |    ⚠️ 未获取到SKU数据
2026-04-06 08:56:10,377 | INFO | ali1688_goods_monitor |    ⏳ 等待 2.3 秒后继续...
2026-04-06 08:56:12,703 | INFO | ali1688_goods_monitor | 🔍 [191/269] 获取SKU: https://detail.1688.com/offer/847713406078.html
2026-04-06 08:56:28,405 | INFO | ali1688_goods_monitor | 14：检测到滑块
2026-04-06 08:57:11,695 | WARNING | ali1688_goods_monitor |    ⚠️ 未获取到SKU数据
2026-04-06 08:57:11,699 | INFO | ali1688_goods_monitor |    ⏳ 等待 1.6 秒后继续...
2026-04-06 08:57:13,311 | INFO | ali1688_goods_monitor | 🔍 [192/269] 获取SKU: https://detail.1688.com/offer/942621028118.html
2026-04-06 08:57:28,964 | INFO | ali1688_goods_monitor | 14：检测到滑块
2026-04-06 08:58:12,369 | WARNING | ali1688_goods_monitor |    ⚠️ 未获取到SKU数据
2026-04-06 08:58:12,373 | INFO | ali1688_goods_monitor |    ⏳ 等待 1.9 秒后继续...
2026-04-06 08:58:14,252 | INFO | ali1688_goods_monitor | 🔍 [193/269] 获取SKU: https://detail.1688.com/offer/724154127228.html
2026-04-06 08:58:29,889 | INFO | ali1688_goods_monitor | 14：检测到滑块
2026-04-06 08:59:11,521 | WARNING | ali1688_goods_monitor |    ⚠️ 未获取到SKU数据
2026-04-06 08:59:11,524 | INFO | ali1688_goods_monitor |    ⏳ 等待 1.3 秒后继续...
2026-04-06 08:59:12,877 | INFO | ali1688_goods_monitor | 🔍 [194/269] 获取SKU: https://detail.1688.com/offer/998016077358.html
2026-04-06 08:59:28,498 | INFO | ali1688_goods_monitor | 14：检测到滑块
2026-04-06 09:00:11,890 | INFO | ali1688_goods_monitor |    ✅ 获取到 3 个SKU
2026-04-06 09:00:11,890 | INFO | ali1688_goods_monitor |    ⏳ 等待 1.6 秒后继续...
2026-04-06 09:00:13,449 | INFO | ali1688_goods_monitor | 🔍 [195/269] 获取SKU: https://detail.1688.com/offer/675557812438.html
2026-04-06 09:00:41,931 | INFO | ali1688_goods_monitor |    ✅ 获取到 1 个SKU
2026-04-06 09:00:41,931 | INFO | ali1688_goods_monitor |    ⏳ 等待 1.4 秒后继续...
2026-04-06 09:00:43,305 | INFO | ali1688_goods_monitor | 🔍 [196/269] 获取SKU: https://detail.1688.com/offer/990976789985.html
2026-04-06 09:01:11,879 | INFO | ali1688_goods_monitor |    ✅ 获取到 16 个SKU
2026-04-06 09:01:11,879 | INFO | ali1688_goods_monitor |    ⏳ 等待 1.3 秒后继续...
2026-04-06 09:01:13,172 | INFO | ali1688_goods_monitor | 🔍 [197/269] 获取SKU: https://detail.1688.com/offer/646729482472.html
2026-04-06 09:01:41,602 | INFO | ali1688_goods_monitor |    ✅ 获取到 6 个SKU
2026-04-06 09:01:41,602 | INFO | ali1688_goods_monitor |    ⏳ 等待 2.2 秒后继续...
2026-04-06 09:01:43,856 | INFO | ali1688_goods_monitor | 🔍 [198/269] 获取SKU: https://detail.1688.com/offer/990260832462.html
2026-04-06 09:02:11,925 | INFO | ali1688_goods_monitor |    ✅ 获取到 3 个SKU
2026-04-06 09:02:11,925 | INFO | ali1688_goods_monitor |    ⏳ 等待 1.9 秒后继续...
2026-04-06 09:02:13,838 | INFO | ali1688_goods_monitor | 🔍 [199/269] 获取SKU: https://detail.1688.com/offer/992882388093.html
2026-04-06 09:02:41,709 | INFO | ali1688_goods_monitor |    ✅ 获取到 3 个SKU
2026-04-06 09:02:41,709 | INFO | ali1688_goods_monitor |    ⏳ 等待 2.0 秒后继续...
2026-04-06 09:02:43,759 | INFO | ali1688_goods_monitor | 🔍 [200/269] 获取SKU: https://detail.1688.com/offer/854168645121.html
2026-04-06 09:03:12,095 | INFO | ali1688_goods_monitor |    ✅ 获取到 9 个SKU
2026-04-06 09:03:12,095 | INFO | ali1688_goods_monitor |    ⏳ 等待 1.6 秒后继续...
2026-04-06 09:03:13,725 | INFO | ali1688_goods_monitor | 🔍 [201/269] 获取SKU: https://detail.1688.com/offer/683872677220.html
2026-04-06 09:03:42,063 | INFO | ali1688_goods_monitor |    ✅ 获取到 3 个SKU
2026-04-06 09:03:42,064 | INFO | ali1688_goods_monitor |    ⏳ 等待 2.1 秒后继续...
2026-04-06 09:03:44,142 | INFO | ali1688_goods_monitor | 🔍 [202/269] 获取SKU: https://detail.1688.com/offer/670793076081.html
2026-04-06 09:04:14,238 | INFO | ali1688_goods_monitor |    ✅ 获取到 11 个SKU
2026-04-06 09:04:14,239 | INFO | ali1688_goods_monitor |    ⏳ 等待 1.2 秒后继续...
2026-04-06 09:04:15,454 | INFO | ali1688_goods_monitor | 🔍 [203/269] 获取SKU: https://detail.1688.com/offer/538297571141.html
2026-04-06 09:04:43,917 | INFO | ali1688_goods_monitor |    ✅ 获取到 6 个SKU
2026-04-06 09:04:43,917 | INFO | ali1688_goods_monitor |    ⏳ 等待 1.3 秒后继续...
2026-04-06 09:04:45,258 | INFO | ali1688_goods_monitor | 🔍 [204/269] 获取SKU: https://detail.1688.com/offer/994715362159.html
2026-04-06 09:05:13,572 | INFO | ali1688_goods_monitor |    ✅ 获取到 14 个SKU
2026-04-06 09:05:13,572 | INFO | ali1688_goods_monitor |    ⏳ 等待 2.3 秒后继续...
2026-04-06 09:05:15,918 | INFO | ali1688_goods_monitor | 🔍 [205/269] 获取SKU: https://detail.1688.com/offer/917025701974.html
2026-04-06 09:05:44,185 | INFO | ali1688_goods_monitor |    ✅ 获取到 8 个SKU
2026-04-06 09:05:44,185 | INFO | ali1688_goods_monitor |    ⏳ 等待 1.4 秒后继续...
2026-04-06 09:05:45,593 | INFO | ali1688_goods_monitor | 🔍 [206/269] 获取SKU: https://detail.1688.com/offer/895042686618.html
2026-04-06 09:06:13,573 | INFO | ali1688_goods_monitor |    ✅ 获取到 2 个SKU
2026-04-06 09:06:13,573 | INFO | ali1688_goods_monitor |    ⏳ 等待 1.5 秒后继续...
2026-04-06 09:06:15,046 | INFO | ali1688_goods_monitor | 🔍 [207/269] 获取SKU: https://detail.1688.com/offer/969387993044.html
2026-04-06 09:06:43,449 | INFO | ali1688_goods_monitor |    ✅ 获取到 20 个SKU
2026-04-06 09:06:43,450 | INFO | ali1688_goods_monitor |    ⏳ 等待 1.8 秒后继续...
2026-04-06 09:06:45,232 | INFO | ali1688_goods_monitor | 🔍 [208/269] 获取SKU: https://detail.1688.com/offer/848415574468.html
2026-04-06 09:07:13,314 | INFO | ali1688_goods_monitor |    ✅ 获取到 1 个SKU
2026-04-06 09:07:13,315 | INFO | ali1688_goods_monitor |    ⏳ 等待 2.2 秒后继续...
2026-04-06 09:07:15,495 | INFO | ali1688_goods_monitor | 🔍 [209/269] 获取SKU: https://detail.1688.com/offer/1027381048230.html
2026-04-06 09:07:43,982 | INFO | ali1688_goods_monitor |    ✅ 获取到 36 个SKU
2026-04-06 09:07:43,983 | INFO | ali1688_goods_monitor |    ⏳ 等待 1.9 秒后继续...
2026-04-06 09:07:45,882 | INFO | ali1688_goods_monitor | 🔍 [210/269] 获取SKU: https://detail.1688.com/offer/978968804889.html
2026-04-06 09:08:13,900 | INFO | ali1688_goods_monitor |    ✅ 获取到 1 个SKU
2026-04-06 09:08:13,901 | INFO | ali1688_goods_monitor |    ⏳ 等待 1.4 秒后继续...
2026-04-06 09:08:15,286 | INFO | ali1688_goods_monitor | 🔍 [211/269] 获取SKU: https://detail.1688.com/offer/1031769907868.html
2026-04-06 09:08:43,460 | INFO | ali1688_goods_monitor |    ✅ 获取到 6 个SKU
2026-04-06 09:08:43,460 | INFO | ali1688_goods_monitor |    ⏳ 等待 2.4 秒后继续...
2026-04-06 09:08:45,904 | INFO | ali1688_goods_monitor | 🔍 [212/269] 获取SKU: https://detail.1688.com/offer/858770936676.html
2026-04-06 09:09:13,876 | INFO | ali1688_goods_monitor |    ✅ 获取到 2 个SKU
2026-04-06 09:09:13,876 | INFO | ali1688_goods_monitor |    ⏳ 等待 2.1 秒后继续...
2026-04-06 09:09:15,991 | INFO | ali1688_goods_monitor | 🔍 [213/269] 获取SKU: https://detail.1688.com/offer/900563388108.html
2026-04-06 09:09:43,972 | INFO | ali1688_goods_monitor |    ✅ 获取到 12 个SKU
2026-04-06 09:09:43,972 | INFO | ali1688_goods_monitor |    ⏳ 等待 1.4 秒后继续...
2026-04-06 09:09:45,371 | INFO | ali1688_goods_monitor | 🔍 [214/269] 获取SKU: https://detail.1688.com/offer/986633373239.html
2026-04-06 09:10:13,793 | INFO | ali1688_goods_monitor |    ✅ 获取到 5 个SKU
2026-04-06 09:10:13,793 | INFO | ali1688_goods_monitor |    ⏳ 等待 2.1 秒后继续...
2026-04-06 09:10:15,920 | INFO | ali1688_goods_monitor | 🔍 [215/269] 获取SKU: https://detail.1688.com/offer/910382293640.html
2026-04-06 09:10:44,671 | INFO | ali1688_goods_monitor |    ✅ 获取到 36 个SKU
2026-04-06 09:10:44,672 | INFO | ali1688_goods_monitor |    ⏳ 等待 2.3 秒后继续...
2026-04-06 09:10:46,996 | INFO | ali1688_goods_monitor | 🔍 [216/269] 获取SKU: https://detail.1688.com/offer/734736330484.html
2026-04-06 09:11:15,777 | INFO | ali1688_goods_monitor |    ✅ 获取到 36 个SKU
2026-04-06 09:11:15,777 | INFO | ali1688_goods_monitor |    ⏳ 等待 2.2 秒后继续...
2026-04-06 09:11:18,021 | INFO | ali1688_goods_monitor | 🔍 [217/269] 获取SKU: https://detail.1688.com/offer/1028239295024.html
2026-04-06 09:11:45,994 | INFO | ali1688_goods_monitor |    ✅ 获取到 1 个SKU
2026-04-06 09:11:45,994 | INFO | ali1688_goods_monitor |    ⏳ 等待 2.4 秒后继续...
2026-04-06 09:11:48,365 | INFO | ali1688_goods_monitor | 🔍 [218/269] 获取SKU: https://detail.1688.com/offer/757454263904.html
2026-04-06 09:12:16,502 | INFO | ali1688_goods_monitor |    ✅ 获取到 1 个SKU
2026-04-06 09:12:16,502 | INFO | ali1688_goods_monitor |    ⏳ 等待 1.9 秒后继续...
2026-04-06 09:12:18,454 | INFO | ali1688_goods_monitor | 🔍 [219/269] 获取SKU: https://detail.1688.com/offer/1033404841463.html
2026-04-06 09:12:46,340 | INFO | ali1688_goods_monitor |    ✅ 获取到 4 个SKU
2026-04-06 09:12:46,340 | INFO | ali1688_goods_monitor |    ⏳ 等待 1.5 秒后继续...
2026-04-06 09:12:47,841 | INFO | ali1688_goods_monitor | 🔍 [220/269] 获取SKU: https://detail.1688.com/offer/992863648563.html
2026-04-06 09:13:15,920 | INFO | ali1688_goods_monitor |    ✅ 获取到 11 个SKU
2026-04-06 09:13:15,920 | INFO | ali1688_goods_monitor |    ⏳ 等待 1.9 秒后继续...
2026-04-06 09:13:17,784 | INFO | ali1688_goods_monitor | 🔍 [221/269] 获取SKU: https://detail.1688.com/offer/728912992880.html
2026-04-06 09:13:46,407 | INFO | ali1688_goods_monitor |    ✅ 获取到 24 个SKU
2026-04-06 09:13:46,408 | INFO | ali1688_goods_monitor |    ⏳ 等待 2.4 秒后继续...
2026-04-06 09:13:48,790 | INFO | ali1688_goods_monitor | 🔍 [222/269] 获取SKU: https://detail.1688.com/offer/960725525521.html
2026-04-06 09:14:17,140 | INFO | ali1688_goods_monitor |    ✅ 获取到 10 个SKU
2026-04-06 09:14:17,140 | INFO | ali1688_goods_monitor |    ⏳ 等待 1.0 秒后继续...
2026-04-06 09:14:18,182 | INFO | ali1688_goods_monitor | 🔍 [223/269] 获取SKU: https://detail.1688.com/offer/973247771787.html
2026-04-06 09:14:46,200 | INFO | ali1688_goods_monitor |    ✅ 获取到 2 个SKU
2026-04-06 09:14:46,201 | INFO | ali1688_goods_monitor |    ⏳ 等待 1.4 秒后继续...
2026-04-06 09:14:47,659 | INFO | ali1688_goods_monitor | 🔍 [224/269] 获取SKU: https://detail.1688.com/offer/629652629026.html
2026-04-06 09:15:15,873 | INFO | ali1688_goods_monitor |    ✅ 获取到 5 个SKU
2026-04-06 09:15:15,874 | INFO | ali1688_goods_monitor |    ⏳ 等待 1.3 秒后继续...
2026-04-06 09:15:17,141 | INFO | ali1688_goods_monitor | 🔍 [225/269] 获取SKU: https://detail.1688.com/offer/643044757475.html
2026-04-06 09:15:46,271 | INFO | ali1688_goods_monitor |    ✅ 获取到 45 个SKU
2026-04-06 09:15:46,271 | INFO | ali1688_goods_monitor |    ⏳ 等待 1.1 秒后继续...
2026-04-06 09:15:47,389 | INFO | ali1688_goods_monitor | 🔍 [226/269] 获取SKU: https://detail.1688.com/offer/1001279554121.html
2026-04-06 09:16:15,410 | INFO | ali1688_goods_monitor |    ✅ 获取到 4 个SKU
2026-04-06 09:16:15,410 | INFO | ali1688_goods_monitor |    ⏳ 等待 1.2 秒后继续...
2026-04-06 09:16:16,652 | INFO | ali1688_goods_monitor | 🔍 [227/269] 获取SKU: https://detail.1688.com/offer/1035850540780.html
2026-04-06 09:16:44,819 | INFO | ali1688_goods_monitor |    ✅ 获取到 8 个SKU
2026-04-06 09:16:44,819 | INFO | ali1688_goods_monitor |    ⏳ 等待 2.5 秒后继续...
2026-04-06 09:16:47,315 | INFO | ali1688_goods_monitor | 🔍 [228/269] 获取SKU: https://detail.1688.com/offer/973255115593.html
2026-04-06 09:17:16,080 | INFO | ali1688_goods_monitor |    ✅ 获取到 36 个SKU
2026-04-06 09:17:16,080 | INFO | ali1688_goods_monitor |    ⏳ 等待 1.1 秒后继续...
2026-04-06 09:17:17,142 | INFO | ali1688_goods_monitor | 🔍 [229/269] 获取SKU: https://detail.1688.com/offer/897059922290.html
2026-04-06 09:17:45,231 | INFO | ali1688_goods_monitor |    ✅ 获取到 5 个SKU
2026-04-06 09:17:45,231 | INFO | ali1688_goods_monitor |    ⏳ 等待 1.6 秒后继续...
2026-04-06 09:17:46,888 | INFO | ali1688_goods_monitor | 🔍 [230/269] 获取SKU: https://detail.1688.com/offer/634658078975.html
2026-04-06 09:18:15,340 | INFO | ali1688_goods_monitor |    ✅ 获取到 18 个SKU
2026-04-06 09:18:15,340 | INFO | ali1688_goods_monitor |    ⏳ 等待 2.3 秒后继续...
2026-04-06 09:18:17,625 | INFO | ali1688_goods_monitor | 🔍 [231/269] 获取SKU: https://detail.1688.com/offer/984991416938.html
2026-04-06 09:18:45,687 | INFO | ali1688_goods_monitor |    ✅ 获取到 6 个SKU
2026-04-06 09:18:45,687 | INFO | ali1688_goods_monitor |    ⏳ 等待 2.4 秒后继续...
2026-04-06 09:18:48,080 | INFO | ali1688_goods_monitor | 🔍 [232/269] 获取SKU: https://detail.1688.com/offer/847993548322.html
2026-04-06 09:19:16,126 | INFO | ali1688_goods_monitor |    ✅ 获取到 3 个SKU
2026-04-06 09:19:16,126 | INFO | ali1688_goods_monitor |    ⏳ 等待 2.5 秒后继续...
2026-04-06 09:19:18,604 | INFO | ali1688_goods_monitor | 🔍 [233/269] 获取SKU: https://detail.1688.com/offer/1013917249205.html
2026-04-06 09:19:46,813 | INFO | ali1688_goods_monitor |    ✅ 获取到 5 个SKU
2026-04-06 09:19:46,813 | INFO | ali1688_goods_monitor |    ⏳ 等待 1.7 秒后继续...
2026-04-06 09:19:48,498 | INFO | ali1688_goods_monitor | 🔍 [234/269] 获取SKU: https://detail.1688.com/offer/726064645781.html
2026-04-06 09:20:16,646 | INFO | ali1688_goods_monitor |    ✅ 获取到 5 个SKU
2026-04-06 09:20:16,647 | INFO | ali1688_goods_monitor |    ⏳ 等待 1.5 秒后继续...
2026-04-06 09:20:18,178 | INFO | ali1688_goods_monitor | 🔍 [235/269] 获取SKU: https://detail.1688.com/offer/1024421346400.html
2026-04-06 09:20:46,073 | INFO | ali1688_goods_monitor |    ✅ 获取到 2 个SKU
2026-04-06 09:20:46,073 | INFO | ali1688_goods_monitor |    ⏳ 等待 1.0 秒后继续...
2026-04-06 09:20:47,100 | INFO | ali1688_goods_monitor | 🔍 [236/269] 获取SKU: https://detail.1688.com/offer/809233523760.html
2026-04-06 09:21:14,818 | INFO | ali1688_goods_monitor |    ✅ 获取到 1 个SKU
2026-04-06 09:21:14,818 | INFO | ali1688_goods_monitor |    ⏳ 等待 1.9 秒后继续...
2026-04-06 09:21:16,738 | INFO | ali1688_goods_monitor | 🔍 [237/269] 获取SKU: https://detail.1688.com/offer/847969236799.html
2026-04-06 09:21:45,260 | INFO | ali1688_goods_monitor |    ✅ 获取到 32 个SKU
2026-04-06 09:21:45,260 | INFO | ali1688_goods_monitor |    ⏳ 等待 1.5 秒后继续...
2026-04-06 09:21:46,780 | INFO | ali1688_goods_monitor | 🔍 [238/269] 获取SKU: https://detail.1688.com/offer/658391484708.html
2026-04-06 09:22:15,081 | INFO | ali1688_goods_monitor |    ✅ 获取到 12 个SKU
2026-04-06 09:22:15,081 | INFO | ali1688_goods_monitor |    ⏳ 等待 1.9 秒后继续...
2026-04-06 09:22:17,035 | INFO | ali1688_goods_monitor | 🔍 [239/269] 获取SKU: https://detail.1688.com/offer/970781028572.html
2026-04-06 09:22:44,985 | INFO | ali1688_goods_monitor |    ✅ 获取到 5 个SKU
2026-04-06 09:22:44,985 | INFO | ali1688_goods_monitor |    ⏳ 等待 2.3 秒后继续...
2026-04-06 09:22:47,289 | INFO | ali1688_goods_monitor | 🔍 [240/269] 获取SKU: https://detail.1688.com/offer/990425215638.html
2026-04-06 09:23:15,380 | INFO | ali1688_goods_monitor |    ✅ 获取到 5 个SKU
2026-04-06 09:23:15,380 | INFO | ali1688_goods_monitor |    ⏳ 等待 1.2 秒后继续...
2026-04-06 09:23:16,642 | INFO | ali1688_goods_monitor | 🔍 [241/269] 获取SKU: https://detail.1688.com/offer/687729432138.html
2026-04-06 09:23:31,221 | WARNING | ali1688_goods_monitor |    ⚠️ 未获取到SKU数据
2026-04-06 09:23:31,226 | INFO | ali1688_goods_monitor |    ⏳ 等待 1.8 秒后继续...
2026-04-06 09:23:33,020 | INFO | ali1688_goods_monitor | 🔍 [242/269] 获取SKU: https://detail.1688.com/offer/969646541226.html
2026-04-06 09:24:01,119 | INFO | ali1688_goods_monitor |    ✅ 获取到 11 个SKU
2026-04-06 09:24:01,119 | INFO | ali1688_goods_monitor |    ⏳ 等待 2.3 秒后继续...
2026-04-06 09:24:03,405 | INFO | ali1688_goods_monitor | 🔍 [243/269] 获取SKU: https://detail.1688.com/offer/952896839032.html
2026-04-06 09:24:18,850 | INFO | ali1688_goods_monitor | 14：检测到滑块
2026-04-06 09:25:02,883 | WARNING | ali1688_goods_monitor |    ⚠️ 未获取到SKU数据
2026-04-06 09:25:02,888 | INFO | ali1688_goods_monitor |    ⏳ 等待 1.4 秒后继续...
2026-04-06 09:25:04,301 | INFO | ali1688_goods_monitor | 🔍 [244/269] 获取SKU: https://detail.1688.com/offer/894449366946.html
2026-04-06 09:25:20,395 | INFO | ali1688_goods_monitor | 14：检测到滑块
2026-04-06 09:25:50,942 | INFO | ali1688_goods_monitor |    ✅ 获取到 32 个SKU
2026-04-06 09:25:50,942 | INFO | ali1688_goods_monitor |    ⏳ 等待 1.4 秒后继续...
2026-04-06 09:25:52,300 | INFO | ali1688_goods_monitor | 🔍 [245/269] 获取SKU: https://detail.1688.com/offer/727364044091.html
2026-04-06 09:26:20,922 | INFO | ali1688_goods_monitor |    ✅ 获取到 7 个SKU
2026-04-06 09:26:20,923 | INFO | ali1688_goods_monitor |    ⏳ 等待 1.8 秒后继续...
2026-04-06 09:26:22,735 | INFO | ali1688_goods_monitor | 🔍 [246/269] 获取SKU: https://detail.1688.com/offer/929103621035.html
2026-04-06 09:26:50,711 | INFO | ali1688_goods_monitor |    ✅ 获取到 6 个SKU
2026-04-06 09:26:50,712 | INFO | ali1688_goods_monitor |    ⏳ 等待 2.4 秒后继续...
2026-04-06 09:26:53,171 | INFO | ali1688_goods_monitor | 🔍 [247/269] 获取SKU: https://detail.1688.com/offer/974035321584.html
2026-04-06 09:27:21,094 | INFO | ali1688_goods_monitor |    ✅ 获取到 5 个SKU
2026-04-06 09:27:21,094 | INFO | ali1688_goods_monitor |    ⏳ 等待 1.6 秒后继续...
2026-04-06 09:27:22,664 | INFO | ali1688_goods_monitor | 🔍 [248/269] 获取SKU: https://detail.1688.com/offer/728364497329.html
2026-04-06 09:27:50,679 | INFO | ali1688_goods_monitor |    ✅ 获取到 5 个SKU
2026-04-06 09:27:50,679 | INFO | ali1688_goods_monitor |    ⏳ 等待 2.0 秒后继续...
2026-04-06 09:27:52,713 | INFO | ali1688_goods_monitor | 🔍 [249/269] 获取SKU: https://detail.1688.com/offer/622513415473.html
2026-04-06 09:28:20,994 | INFO | ali1688_goods_monitor |    ✅ 获取到 5 个SKU
2026-04-06 09:28:20,995 | INFO | ali1688_goods_monitor |    ⏳ 等待 1.8 秒后继续...
2026-04-06 09:28:22,798 | INFO | ali1688_goods_monitor | 🔍 [250/269] 获取SKU: https://detail.1688.com/offer/795861191445.html
2026-04-06 09:28:50,755 | INFO | ali1688_goods_monitor |    ✅ 获取到 6 个SKU
2026-04-06 09:28:50,755 | INFO | ali1688_goods_monitor |    ⏳ 等待 1.6 秒后继续...
2026-04-06 09:28:52,376 | INFO | ali1688_goods_monitor | 🔍 [251/269] 获取SKU: https://detail.1688.com/offer/858007859516.html
2026-04-06 09:29:20,018 | INFO | ali1688_goods_monitor |    ✅ 获取到 2 个SKU
2026-04-06 09:29:20,018 | INFO | ali1688_goods_monitor |    ⏳ 等待 2.0 秒后继续...
2026-04-06 09:29:22,056 | INFO | ali1688_goods_monitor | 🔍 [252/269] 获取SKU: https://detail.1688.com/offer/1031855101004.html
2026-04-06 09:29:50,151 | INFO | ali1688_goods_monitor |    ✅ 获取到 7 个SKU
2026-04-06 09:29:50,152 | INFO | ali1688_goods_monitor |    ⏳ 等待 1.4 秒后继续...
2026-04-06 09:29:51,594 | INFO | ali1688_goods_monitor | 🔍 [253/269] 获取SKU: https://detail.1688.com/offer/1001391447719.html
2026-04-06 09:30:19,352 | INFO | ali1688_goods_monitor |    ✅ 获取到 2 个SKU
2026-04-06 09:30:19,353 | INFO | ali1688_goods_monitor |    ⏳ 等待 1.3 秒后继续...
2026-04-06 09:30:20,645 | INFO | ali1688_goods_monitor | 🔍 [254/269] 获取SKU: https://detail.1688.com/offer/990589043915.html
2026-04-06 09:30:48,678 | INFO | ali1688_goods_monitor |    ✅ 获取到 3 个SKU
2026-04-06 09:30:48,679 | INFO | ali1688_goods_monitor |    ⏳ 等待 1.7 秒后继续...
2026-04-06 09:30:50,394 | INFO | ali1688_goods_monitor | 🔍 [255/269] 获取SKU: https://detail.1688.com/offer/775392792723.html
2026-04-06 09:31:18,542 | INFO | ali1688_goods_monitor |    ✅ 获取到 25 个SKU
2026-04-06 09:31:18,543 | INFO | ali1688_goods_monitor |    ⏳ 等待 1.9 秒后继续...
2026-04-06 09:31:20,427 | INFO | ali1688_goods_monitor | 🔍 [256/269] 获取SKU: https://detail.1688.com/offer/982635289066.html
2026-04-06 09:31:48,584 | INFO | ali1688_goods_monitor |    ✅ 获取到 26 个SKU
2026-04-06 09:31:48,585 | INFO | ali1688_goods_monitor |    ⏳ 等待 1.9 秒后继续...
2026-04-06 09:31:50,454 | INFO | ali1688_goods_monitor | 🔍 [257/269] 获取SKU: https://detail.1688.com/offer/713699292120.html
2026-04-06 09:32:18,490 | INFO | ali1688_goods_monitor |    ✅ 获取到 9 个SKU
2026-04-06 09:32:18,491 | INFO | ali1688_goods_monitor |    ⏳ 等待 2.1 秒后继续...
2026-04-06 09:32:20,573 | INFO | ali1688_goods_monitor | 🔍 [258/269] 获取SKU: https://detail.1688.com/offer/954152497198.html
2026-04-06 09:32:48,607 | INFO | ali1688_goods_monitor |    ✅ 获取到 6 个SKU
2026-04-06 09:32:48,607 | INFO | ali1688_goods_monitor |    ⏳ 等待 1.8 秒后继续...
2026-04-06 09:32:50,392 | INFO | ali1688_goods_monitor | 🔍 [259/269] 获取SKU: https://detail.1688.com/offer/863983065199.html
2026-04-06 09:33:18,177 | INFO | ali1688_goods_monitor |    ✅ 获取到 1 个SKU
2026-04-06 09:33:18,178 | INFO | ali1688_goods_monitor |    ⏳ 等待 1.8 秒后继续...
2026-04-06 09:33:20,001 | INFO | ali1688_goods_monitor | 🔍 [260/269] 获取SKU: https://detail.1688.com/offer/734549030910.html
2026-04-06 09:33:48,303 | INFO | ali1688_goods_monitor |    ✅ 获取到 15 个SKU
2026-04-06 09:33:48,303 | INFO | ali1688_goods_monitor |    ⏳ 等待 1.1 秒后继续...
2026-04-06 09:33:49,413 | INFO | ali1688_goods_monitor | 🔍 [261/269] 获取SKU: https://detail.1688.com/offer/750175006113.html
2026-04-06 09:34:17,496 | INFO | ali1688_goods_monitor |    ✅ 获取到 1 个SKU
2026-04-06 09:34:17,496 | INFO | ali1688_goods_monitor |    ⏳ 等待 1.1 秒后继续...
2026-04-06 09:34:18,620 | INFO | ali1688_goods_monitor | 🔍 [262/269] 获取SKU: https://detail.1688.com/offer/621194315291.html
2026-04-06 09:34:46,634 | INFO | ali1688_goods_monitor |    ✅ 获取到 2 个SKU
2026-04-06 09:34:46,634 | INFO | ali1688_goods_monitor |    ⏳ 等待 1.3 秒后继续...
2026-04-06 09:34:47,956 | INFO | ali1688_goods_monitor | 🔍 [263/269] 获取SKU: https://detail.1688.com/offer/947764418500.html
2026-04-06 09:35:15,874 | INFO | ali1688_goods_monitor |    ✅ 获取到 1 个SKU
2026-04-06 09:35:15,874 | INFO | ali1688_goods_monitor |    ⏳ 等待 2.5 秒后继续...
2026-04-06 09:35:18,350 | INFO | ali1688_goods_monitor | 🔍 [264/269] 获取SKU: https://detail.1688.com/offer/927867865604.html
2026-04-06 09:35:46,740 | INFO | ali1688_goods_monitor |    ✅ 获取到 18 个SKU
2026-04-06 09:35:46,740 | INFO | ali1688_goods_monitor |    ⏳ 等待 2.4 秒后继续...
2026-04-06 09:35:49,194 | INFO | ali1688_goods_monitor | 🔍 [265/269] 获取SKU: https://detail.1688.com/offer/857784361057.html
2026-04-06 09:36:17,223 | INFO | ali1688_goods_monitor |    ✅ 获取到 10 个SKU
2026-04-06 09:36:17,223 | INFO | ali1688_goods_monitor |    ⏳ 等待 1.5 秒后继续...
2026-04-06 09:36:18,747 | INFO | ali1688_goods_monitor | 🔍 [266/269] 获取SKU: https://detail.1688.com/offer/963819028092.html
2026-04-06 09:36:47,012 | INFO | ali1688_goods_monitor |    ✅ 获取到 2 个SKU
2026-04-06 09:36:47,013 | INFO | ali1688_goods_monitor |    ⏳ 等待 1.7 秒后继续...
2026-04-06 09:36:48,727 | INFO | ali1688_goods_monitor | 🔍 [267/269] 获取SKU: https://detail.1688.com/offer/854259763574.html
2026-04-06 09:37:03,014 | WARNING | ali1688_goods_monitor |    ⚠️ 未获取到SKU数据
2026-04-06 09:37:03,022 | INFO | ali1688_goods_monitor |    ⏳ 等待 1.1 秒后继续...
2026-04-06 09:37:04,097 | INFO | ali1688_goods_monitor | 🔍 [268/269] 获取SKU: https://detail.1688.com/offer/999695394272.html
2026-04-06 09:37:31,784 | INFO | ali1688_goods_monitor |    ✅ 获取到 5 个SKU
2026-04-06 09:37:31,785 | INFO | ali1688_goods_monitor |    ⏳ 等待 2.2 秒后继续...
2026-04-06 09:37:34,021 | INFO | ali1688_goods_monitor | 🔍 [269/269] 获取SKU: https://detail.1688.com/offer/751554304142.html
2026-04-06 09:38:02,303 | INFO | ali1688_goods_monitor |    ✅ 获取到 2 个SKU
2026-04-06 09:38:02,303 | INFO | ali1688_goods_monitor | ============================================================
2026-04-06 09:38:02,303 | INFO | ali1688_goods_monitor | ✅ SKU获取完成，共获取 1487 个SKU
2026-04-06 09:38:02,304 | INFO | ali1688_goods_monitor | ============================================================
2026-04-06 09:38:02,304 | INFO | ali1688_goods_monitor | 🔚 关闭SKU获取浏览器...
2026-04-06 09:38:03,419 | INFO | ali1688_goods_monitor | 📋 获取到的SKU信息 (共 1487 条):
2026-04-06 09:38:03,422 | INFO | ali1688_goods_monitor | ============================================================
2026-04-06 09:38:03,423 | INFO | ali1688_goods_monitor | 🔍 检测SKU变化...
2026-04-06 09:38:03,423 | INFO | ali1688_goods_monitor | ============================================================
2026-04-06 09:38:04,259 | INFO | ali1688_goods_monitor |   💰 SKU 6136898874870 价格变化: 12.00 -> 11.0
2026-04-06 09:38:04,259 | INFO | ali1688_goods_monitor |   💰 SKU 6136898874871 价格变化: 18.00 -> 17.0
2026-04-06 09:38:04,262 | INFO | ali1688_goods_monitor |   💰 SKU 6136898874872 价格变化: 28.00 -> 27.0
2026-04-06 09:38:04,268 | INFO | ali1688_goods_monitor |   💰 SKU 6207027691456 价格变化: 50.00 -> 40.0
2026-04-06 09:38:04,270 | INFO | ali1688_goods_monitor | 💾 保存SKU数据到数据库...
2026-04-06 09:38:07,731 | INFO | ali1688_goods_monitor | 🎉 第二阶段完成，共获取并保存 1487 个SKU信息
2026-04-06 09:38:07,731 | INFO | ali1688_goods_monitor | 📊 总计：269 个商品，1487 个SKU
2026-04-06 09:38:11,318 | INFO | ali1688_goods_monitor | 浏览器已关闭
2026-04-06 09:38:11,318 | INFO | ali1688_goods_monitor | 🔍 从数据库查询今天的变化记录...
2026-04-06 09:38:11,338 | INFO | ali1688_goods_monitor | 🔢 检测到SKU数量变化: https://detail.1688.com/offer/1040782952704.html
2026-04-06 09:38:11,338 | INFO | ali1688_goods_monitor | 💰 检测到SKU价格变化: https://detail.1688.com/offer/994662909434.html - 6136898874870
2026-04-06 09:38:11,339 | INFO | ali1688_goods_monitor | 💰 检测到SKU价格变化: https://detail.1688.com/offer/994662909434.html - 6136898874871
2026-04-06 09:38:11,339 | INFO | ali1688_goods_monitor | 💰 检测到SKU价格变化: https://detail.1688.com/offer/994662909434.html - 6136898874872
2026-04-06 09:38:11,339 | INFO | ali1688_goods_monitor | 💰 检测到SKU价格变化: https://detail.1688.com/offer/1028239295024.html - 6207027691456
2026-04-06 09:38:12,155 | INFO | ali1688_goods_monitor | 📤 已发送 1 个SKU数量变化通知
2026-04-06 09:38:12,810 | INFO | ali1688_goods_monitor | 📤 已发送 4 个价格变化通知
2026-04-06 09:38:12,810 | INFO | ali1688_goods_monitor | 📊 统计：类目变化0个，SKU数量变化1个，SKU名称变化0个，价格变化4个
2026-04-06 09:38:12,813 | INFO | ali1688_goods_monitor | 📤 上传今天爬取的所有数据到钉钉文档...
2026-04-06 09:38:12,857 | INFO | ali1688_goods_monitor | 准备上传 269 条记录...
2026-04-06 09:38:23,973 | INFO | ali1688_goods_monitor | 
上传统计:
2026-04-06 09:38:23,973 | INFO | ali1688_goods_monitor | 总记录数: 269
2026-04-06 09:38:23,973 | INFO | ali1688_goods_monitor | 成功数量: 269
2026-04-06 09:38:23,973 | INFO | ali1688_goods_monitor | 失败数量: 0
2026-04-06 09:38:23,973 | INFO | ali1688_goods_monitor | 成功批次: 6
2026-04-06 09:38:23,974 | INFO | ali1688_goods_monitor | 失败批次: 0
2026-04-06 09:38:23,974 | INFO | ali1688_goods_monitor | 📤 已上传 269 个商品数据到钉钉
2026-04-06 09:38:23,980 | INFO | ali1688_goods_monitor | 准备上传 1487 条记录...
2026-04-06 09:39:19,806 | INFO | ali1688_goods_monitor | 
上传统计:
2026-04-06 09:39:19,806 | INFO | ali1688_goods_monitor | 总记录数: 1487
2026-04-06 09:39:19,807 | INFO | ali1688_goods_monitor | 成功数量: 1487
2026-04-06 09:39:19,807 | INFO | ali1688_goods_monitor | 失败数量: 0
2026-04-06 09:39:19,807 | INFO | ali1688_goods_monitor | 成功批次: 30
2026-04-06 09:39:19,808 | INFO | ali1688_goods_monitor | 失败批次: 0
2026-04-06 09:39:19,809 | INFO | ali1688_goods_monitor | 📤 已上传 1487 个SKU数据到钉钉
2026-04-06 09:39:19,871 | INFO | ali1688_goods_monitor | 🎯 全流程完成，总耗时：189分17秒
2026-04-06 09:39:19,872 | INFO | ali1688_goods_monitor | 📊 统计：今天共爬取 269 个商品，1487 个SKU
2026-04-06 09:39:19,873 | INFO | ali1688_goods_monitor | 📊 变化统计：1 个商品发生变化，4 个SKU发生变化
2026-04-06 09:39:20,490 | INFO | ali1688_goods_monitor | ============================================================
2026-04-06 09:39:20,490 | INFO | ali1688_goods_monitor | ✅ 数据处理完成
2026-04-06 09:39:20,492 | INFO | ali1688_goods_monitor | ============================================================
