2026-04-29 08:30:48,655 | INFO | amazon_goods_monitor | -----------开始爬取商品信息-----------
2026-04-29 08:30:50,040 | INFO | amazon_goods_monitor | -----------开始爬取商品流量信息-----------
2026-04-29 08:30:51,917 | INFO | amazon_goods_monitor | ✅ 加载 8 个代理
2026-04-29 08:30:51,918 | INFO | amazon_goods_monitor | -----------开始爬取优惠券信息-----------
2026-04-29 08:30:51,918 | INFO | amazon_goods_monitor | 开始抓取: https://www.amazon.com/dp/B0DVMKNLY5?psc=1
2026-04-29 08:30:53,131 | INFO | amazon_goods_monitor | ✅ 已设置邮编 90002 (amazon.com)
2026-04-29 08:30:53,137 | INFO | amazon_goods_monitor | 📡 获取新代理: socks5://AIHARVNXPM:57446815@124.225.4.69:12533
2026-04-29 08:30:53,137 | INFO | amazon_goods_monitor | 使用代理: 124.225.4.69:12533 (尝试 1/3)
2026-04-29 08:30:53,138 | INFO | amazon_goods_monitor | ⏳ 等待 0.3 秒...
2026-04-29 08:30:53,394 | INFO | amazon_goods_monitor | 请求URL: https://www.amazon.com/dp/B0DVMKNLY5?psc=1
2026-04-29 08:30:56,201 | INFO | amazon_goods_monitor | ✅ 请求成功 - 状态码: 200
2026-04-29 08:30:57,021 | INFO | amazon_goods_monitor | 标题: Jelly Blox Shepherd Character Set | Shepherd, Dog, Sheep | Toddler & Preschool Building Blocks Kids Can Squeeze, Stretch, Squish | MESH ACCREDITED | Safety Tested, Ouch-Free | Sensory Play Toy Ages 2+
2026-04-29 08:30:57,062 | INFO | amazon_goods_monitor | 没有优惠券
2026-04-29 08:30:57,068 | INFO | amazon_goods_monitor | -----------开始爬取商品信息-----------
2026-04-29 08:30:58,495 | INFO | amazon_goods_monitor | -----------开始爬取商品流量信息-----------
2026-04-29 08:30:59,981 | INFO | amazon_goods_monitor | ✅ 加载 8 个代理
2026-04-29 08:30:59,982 | INFO | amazon_goods_monitor | -----------开始爬取优惠券信息-----------
2026-04-29 08:30:59,982 | INFO | amazon_goods_monitor | 开始抓取: https://www.amazon.com/dp/B0DVHMTQMG?th=1
2026-04-29 08:31:01,104 | INFO | amazon_goods_monitor | ✅ 已设置邮编 90002 (amazon.com)
2026-04-29 08:31:01,113 | INFO | amazon_goods_monitor | 📡 获取新代理: socks5://PXBHAK1C2C:80609506@1.194.218.235:12509
2026-04-29 08:31:01,113 | INFO | amazon_goods_monitor | 使用代理: 1.194.218.235:12509 (尝试 1/3)
2026-04-29 08:31:01,113 | INFO | amazon_goods_monitor | ⏳ 等待 0.3 秒...
2026-04-29 08:31:01,431 | INFO | amazon_goods_monitor | 请求URL: https://www.amazon.com/dp/B0DVHMTQMG?th=1
2026-04-29 08:31:04,492 | INFO | amazon_goods_monitor | ✅ 请求成功 - 状态码: 200
2026-04-29 08:31:05,596 | INFO | amazon_goods_monitor | 标题: Jelly Blox Classic Castle Set | Includes 45 Pieces | Toddler & Preschool Building Blocks Kids Can Squeeze, Stretch, Squish | MESH ACCREDITED | Safety Tested & Ouch-Free | Sensory Play Toy for Ages 2+
2026-04-29 08:31:05,656 | INFO | amazon_goods_monitor | 没有优惠券
2026-04-29 08:31:05,661 | INFO | amazon_goods_monitor | -----------开始爬取商品信息-----------
2026-04-29 08:31:07,358 | INFO | amazon_goods_monitor | -----------开始爬取商品流量信息-----------
2026-04-29 08:31:08,814 | INFO | amazon_goods_monitor | ✅ 加载 8 个代理
2026-04-29 08:31:08,814 | INFO | amazon_goods_monitor | -----------开始爬取优惠券信息-----------
2026-04-29 08:31:08,815 | INFO | amazon_goods_monitor | 开始抓取: https://www.amazon.com/dp/B0G6ZG554Q?th=1
2026-04-29 08:31:09,928 | INFO | amazon_goods_monitor | ✅ 已设置邮编 90002 (amazon.com)
2026-04-29 08:31:09,937 | INFO | amazon_goods_monitor | 📡 获取新代理: socks5://XEZQOPMX7M:53843223@121.229.211.102:15252
2026-04-29 08:31:09,938 | INFO | amazon_goods_monitor | 使用代理: 121.229.211.102:15252 (尝试 1/3)
2026-04-29 08:31:09,938 | INFO | amazon_goods_monitor | ⏳ 等待 0.7 秒...
2026-04-29 08:31:10,645 | INFO | amazon_goods_monitor | 请求URL: https://www.amazon.com/dp/B0G6ZG554Q?th=1
2026-04-29 08:31:13,658 | INFO | amazon_goods_monitor | ✅ 请求成功 - 状态码: 200
2026-04-29 08:31:14,639 | INFO | amazon_goods_monitor | 标题: Esjay Montessori Toys for Toddler 1 Year Old, Garden Plants and Bugs with Rattle Squeaker Planting Stacking Color Matching, Sensory Learning Baby Toy 12 18 Months, Gift for 1 2 3 Toddlers Boys Girls
2026-04-29 08:31:14,685 | INFO | amazon_goods_monitor | 没有优惠券
2026-04-29 08:31:14,690 | INFO | amazon_goods_monitor | -----------开始爬取商品信息-----------
2026-04-29 08:31:16,228 | INFO | amazon_goods_monitor | -----------开始爬取商品流量信息-----------
2026-04-29 08:31:17,802 | INFO | amazon_goods_monitor | ✅ 加载 8 个代理
2026-04-29 08:31:17,803 | INFO | amazon_goods_monitor | -----------开始爬取优惠券信息-----------
2026-04-29 08:31:17,804 | INFO | amazon_goods_monitor | 开始抓取: https://www.amazon.com/dp/B0FHVLMDQR?th=1
2026-04-29 08:31:18,966 | INFO | amazon_goods_monitor | ✅ 已设置邮编 90002 (amazon.com)
2026-04-29 08:31:18,977 | INFO | amazon_goods_monitor | 📡 获取新代理: socks5://XEZQOPMX7M:53843223@121.229.211.102:15252
2026-04-29 08:31:18,977 | INFO | amazon_goods_monitor | 使用代理: 121.229.211.102:15252 (尝试 1/3)
2026-04-29 08:31:18,980 | INFO | amazon_goods_monitor | ⏳ 等待 0.1 秒...
2026-04-29 08:31:19,104 | INFO | amazon_goods_monitor | 请求URL: https://www.amazon.com/dp/B0FHVLMDQR?th=1
2026-04-29 08:31:22,272 | INFO | amazon_goods_monitor | ✅ 请求成功 - 状态码: 200
2026-04-29 08:31:23,228 | INFO | amazon_goods_monitor | 没有优惠券
2026-04-29 08:31:23,233 | INFO | amazon_goods_monitor | -----------开始爬取商品信息-----------
2026-04-29 08:31:24,757 | INFO | amazon_goods_monitor | -----------开始爬取商品流量信息-----------
2026-04-29 08:31:26,261 | INFO | amazon_goods_monitor | ✅ 加载 8 个代理
2026-04-29 08:31:26,261 | INFO | amazon_goods_monitor | -----------开始爬取优惠券信息-----------
2026-04-29 08:31:26,262 | INFO | amazon_goods_monitor | 开始抓取: https://www.amazon.com/dp/B0FP2LF8ZX?psc=1
2026-04-29 08:31:27,398 | INFO | amazon_goods_monitor | ✅ 已设置邮编 90002 (amazon.com)
2026-04-29 08:31:27,405 | INFO | amazon_goods_monitor | 📡 获取新代理: socks5://PXBHAK1C2C:80609506@1.194.218.235:12509
2026-04-29 08:31:27,406 | INFO | amazon_goods_monitor | 使用代理: 1.194.218.235:12509 (尝试 1/3)
2026-04-29 08:31:27,406 | INFO | amazon_goods_monitor | ⏳ 等待 0.4 秒...
2026-04-29 08:31:27,866 | INFO | amazon_goods_monitor | 请求URL: https://www.amazon.com/dp/B0FP2LF8ZX?psc=1
2026-04-29 08:31:31,050 | INFO | amazon_goods_monitor | ✅ 请求成功 - 状态码: 200
2026-04-29 08:31:32,019 | INFO | amazon_goods_monitor | 没有优惠券
2026-04-29 08:31:32,023 | INFO | amazon_goods_monitor | -----------开始爬取商品信息-----------
2026-04-29 08:31:33,971 | INFO | amazon_goods_monitor | -----------开始爬取商品流量信息-----------
2026-04-29 08:31:35,434 | INFO | amazon_goods_monitor | ✅ 加载 8 个代理
2026-04-29 08:31:35,434 | INFO | amazon_goods_monitor | -----------开始爬取优惠券信息-----------
2026-04-29 08:31:35,434 | INFO | amazon_goods_monitor | 开始抓取: https://www.amazon.com/dp/B0DVDZZ2B4
2026-04-29 08:31:36,600 | INFO | amazon_goods_monitor | ✅ 已设置邮编 90002 (amazon.com)
2026-04-29 08:31:36,609 | INFO | amazon_goods_monitor | 📡 获取新代理: socks5://XEZQOPMX7M:53843223@121.229.211.102:15252
2026-04-29 08:31:36,609 | INFO | amazon_goods_monitor | 使用代理: 121.229.211.102:15252 (尝试 1/3)
2026-04-29 08:31:36,609 | INFO | amazon_goods_monitor | ⏳ 等待 0.5 秒...
2026-04-29 08:31:37,074 | INFO | amazon_goods_monitor | 请求URL: https://www.amazon.com/dp/B0DVDZZ2B4
2026-04-29 08:31:40,786 | INFO | amazon_goods_monitor | ✅ 请求成功 - 状态码: 200
2026-04-29 08:31:42,132 | INFO | amazon_goods_monitor | 没有优惠券
2026-04-29 08:31:42,137 | INFO | amazon_goods_monitor | -----------开始爬取商品信息-----------
2026-04-29 08:31:43,539 | INFO | amazon_goods_monitor | -----------开始爬取商品流量信息-----------
2026-04-29 08:31:45,143 | INFO | amazon_goods_monitor | ✅ 加载 8 个代理
2026-04-29 08:31:45,143 | INFO | amazon_goods_monitor | -----------开始爬取优惠券信息-----------
2026-04-29 08:31:45,144 | INFO | amazon_goods_monitor | 开始抓取: https://www.amazon.com/dp/B0F9NHN9GW?th=1
2026-04-29 08:31:46,311 | INFO | amazon_goods_monitor | ✅ 已设置邮编 90002 (amazon.com)
2026-04-29 08:31:46,319 | INFO | amazon_goods_monitor | 📡 获取新代理: socks5://XEZQOPMX7M:53843223@121.229.211.102:15252
2026-04-29 08:31:46,320 | INFO | amazon_goods_monitor | 使用代理: 121.229.211.102:15252 (尝试 1/3)
2026-04-29 08:31:46,320 | INFO | amazon_goods_monitor | ⏳ 等待 0.9 秒...
2026-04-29 08:31:47,247 | INFO | amazon_goods_monitor | 请求URL: https://www.amazon.com/dp/B0F9NHN9GW?th=1
2026-04-29 08:31:50,527 | INFO | amazon_goods_monitor | ✅ 请求成功 - 状态码: 200
2026-04-29 08:31:51,439 | INFO | amazon_goods_monitor | 没有优惠券
2026-04-29 08:31:51,442 | INFO | amazon_goods_monitor | -----------开始爬取商品信息-----------
2026-04-29 08:31:52,893 | INFO | amazon_goods_monitor | -----------开始爬取商品流量信息-----------
2026-04-29 08:31:54,832 | INFO | amazon_goods_monitor | ✅ 加载 8 个代理
2026-04-29 08:31:54,832 | INFO | amazon_goods_monitor | -----------开始爬取优惠券信息-----------
2026-04-29 08:31:54,833 | INFO | amazon_goods_monitor | 开始抓取: https://www.amazon.com/dp/B0GNB7ZPGT?th=1
2026-04-29 08:31:56,042 | INFO | amazon_goods_monitor | ✅ 已设置邮编 90002 (amazon.com)
2026-04-29 08:31:56,050 | INFO | amazon_goods_monitor | 📡 获取新代理: socks5://AIHARVNXPM:57446815@124.225.4.69:12533
2026-04-29 08:31:56,050 | INFO | amazon_goods_monitor | 使用代理: 124.225.4.69:12533 (尝试 1/3)
2026-04-29 08:31:56,051 | INFO | amazon_goods_monitor | ⏳ 等待 0.8 秒...
2026-04-29 08:31:56,823 | INFO | amazon_goods_monitor | 请求URL: https://www.amazon.com/dp/B0GNB7ZPGT?th=1
2026-04-29 08:31:59,964 | INFO | amazon_goods_monitor | ✅ 请求成功 - 状态码: 200
2026-04-29 08:32:01,109 | INFO | amazon_goods_monitor | 标题: Train Sound Effects Machine - 16 Sounds - Gifts for Teen Boys - Gift for 7 8 9 10 11 12 Year Old Boys - Cool Gadgets - Train Whistle for Kids & Adults - Fun Toys for Boys 8-10 - Easter Basket Stuffer
2026-04-29 08:32:01,153 | INFO | amazon_goods_monitor | 没有优惠券
2026-04-29 08:32:01,157 | INFO | amazon_goods_monitor | -----------开始爬取商品信息-----------
2026-04-29 08:32:02,903 | INFO | amazon_goods_monitor | -----------开始爬取商品流量信息-----------
2026-04-29 08:32:04,300 | INFO | amazon_goods_monitor | ✅ 加载 8 个代理
2026-04-29 08:32:04,300 | INFO | amazon_goods_monitor | -----------开始爬取优惠券信息-----------
2026-04-29 08:32:04,301 | INFO | amazon_goods_monitor | 开始抓取: https://www.amazon.com/dp/B0DSGL45JX?th=1
2026-04-29 08:32:05,486 | INFO | amazon_goods_monitor | ✅ 已设置邮编 90002 (amazon.com)
2026-04-29 08:32:05,494 | INFO | amazon_goods_monitor | 📡 获取新代理: socks5://YKEW9SOB5S:32342415@218.78.129.68:15654
2026-04-29 08:32:05,494 | INFO | amazon_goods_monitor | 使用代理: 218.78.129.68:15654 (尝试 1/3)
2026-04-29 08:32:05,494 | INFO | amazon_goods_monitor | ⏳ 等待 1.0 秒...
2026-04-29 08:32:06,467 | INFO | amazon_goods_monitor | 请求URL: https://www.amazon.com/dp/B0DSGL45JX?th=1
2026-04-29 08:32:09,798 | INFO | amazon_goods_monitor | ✅ 请求成功 - 状态码: 200
2026-04-29 08:32:10,802 | INFO | amazon_goods_monitor | 没有优惠券
2026-04-29 08:32:10,805 | INFO | amazon_goods_monitor | -----------开始爬取商品信息-----------
2026-04-29 08:32:12,251 | INFO | amazon_goods_monitor | -----------开始爬取商品流量信息-----------
2026-04-29 08:32:13,697 | INFO | amazon_goods_monitor | ✅ 加载 8 个代理
2026-04-29 08:32:13,698 | INFO | amazon_goods_monitor | -----------开始爬取优惠券信息-----------
2026-04-29 08:32:13,698 | INFO | amazon_goods_monitor | 开始抓取: https://www.amazon.com/dp/B0G1XCSD8V?th=1
2026-04-29 08:32:14,826 | INFO | amazon_goods_monitor | ✅ 已设置邮编 90002 (amazon.com)
2026-04-29 08:32:14,833 | INFO | amazon_goods_monitor | 📡 获取新代理: socks5://LLW0BU7VGQ:39267509@124.236.76.149:17745
2026-04-29 08:32:14,834 | INFO | amazon_goods_monitor | 使用代理: 124.236.76.149:17745 (尝试 1/3)
2026-04-29 08:32:14,835 | INFO | amazon_goods_monitor | ⏳ 等待 0.1 秒...
2026-04-29 08:32:14,955 | INFO | amazon_goods_monitor | 请求URL: https://www.amazon.com/dp/B0G1XCSD8V?th=1
2026-04-29 08:32:18,060 | INFO | amazon_goods_monitor | ✅ 请求成功 - 状态码: 200
2026-04-29 08:32:19,165 | INFO | amazon_goods_monitor | 没有优惠券
2026-04-29 08:32:19,170 | INFO | amazon_goods_monitor | -----------开始爬取商品信息-----------
2026-04-29 08:32:20,676 | INFO | amazon_goods_monitor | -----------开始爬取商品流量信息-----------
2026-04-29 08:32:22,167 | INFO | amazon_goods_monitor | ✅ 加载 8 个代理
2026-04-29 08:32:22,167 | INFO | amazon_goods_monitor | -----------开始爬取优惠券信息-----------
2026-04-29 08:32:22,168 | INFO | amazon_goods_monitor | 开始抓取: https://www.amazon.com/dp/B08SJFW6HL?th=1
2026-04-29 08:32:23,290 | INFO | amazon_goods_monitor | ✅ 已设置邮编 90002 (amazon.com)
2026-04-29 08:32:23,297 | INFO | amazon_goods_monitor | 📡 获取新代理: socks5://EJ0WX0RSVB:02954261@125.75.68.73:17894
2026-04-29 08:32:23,298 | INFO | amazon_goods_monitor | 使用代理: 125.75.68.73:17894 (尝试 1/3)
2026-04-29 08:32:23,298 | INFO | amazon_goods_monitor | ⏳ 等待 0.5 秒...
2026-04-29 08:32:23,817 | INFO | amazon_goods_monitor | 请求URL: https://www.amazon.com/dp/B08SJFW6HL?th=1
2026-04-29 08:32:27,065 | INFO | amazon_goods_monitor | ✅ 请求成功 - 状态码: 200
2026-04-29 08:32:28,044 | INFO | amazon_goods_monitor | 没有优惠券
2026-04-29 08:32:28,048 | INFO | amazon_goods_monitor | -----------开始爬取商品信息-----------
2026-04-29 08:32:29,392 | INFO | amazon_goods_monitor | -----------开始爬取商品流量信息-----------
2026-04-29 08:32:30,765 | INFO | amazon_goods_monitor | ✅ 加载 8 个代理
2026-04-29 08:32:30,765 | INFO | amazon_goods_monitor | -----------开始爬取优惠券信息-----------
2026-04-29 08:32:30,766 | INFO | amazon_goods_monitor | 开始抓取: https://www.amazon.com/dp/B0F634LK67?th=1
2026-04-29 08:32:31,922 | INFO | amazon_goods_monitor | ✅ 已设置邮编 90002 (amazon.com)
2026-04-29 08:32:31,929 | INFO | amazon_goods_monitor | 📡 获取新代理: socks5://W9JFIJCY7Z:46344650@118.253.177.190:11193
2026-04-29 08:32:31,929 | INFO | amazon_goods_monitor | 使用代理: 118.253.177.190:11193 (尝试 1/3)
2026-04-29 08:32:31,930 | INFO | amazon_goods_monitor | ⏳ 等待 0.6 秒...
2026-04-29 08:32:32,505 | INFO | amazon_goods_monitor | 请求URL: https://www.amazon.com/dp/B0F634LK67?th=1
2026-04-29 08:32:35,762 | INFO | amazon_goods_monitor | ✅ 请求成功 - 状态码: 200
2026-04-29 08:32:36,746 | INFO | amazon_goods_monitor | 优惠券: Apply $6 couponTerms
2026-04-29 08:32:36,752 | INFO | amazon_goods_monitor | -----------开始爬取商品信息-----------
2026-04-29 08:32:38,333 | INFO | amazon_goods_monitor | -----------开始爬取商品流量信息-----------
2026-04-29 08:32:39,771 | INFO | amazon_goods_monitor | ✅ 加载 8 个代理
2026-04-29 08:32:39,772 | INFO | amazon_goods_monitor | -----------开始爬取优惠券信息-----------
2026-04-29 08:32:39,773 | INFO | amazon_goods_monitor | 开始抓取: https://www.amazon.com/dp/B0BVM19YWS?th=1
2026-04-29 08:32:41,022 | INFO | amazon_goods_monitor | ✅ 已设置邮编 90002 (amazon.com)
2026-04-29 08:32:41,031 | INFO | amazon_goods_monitor | 📡 获取新代理: socks5://XEZQOPMX7M:53843223@121.229.211.102:15252
2026-04-29 08:32:41,031 | INFO | amazon_goods_monitor | 使用代理: 121.229.211.102:15252 (尝试 1/3)
2026-04-29 08:32:41,031 | INFO | amazon_goods_monitor | ⏳ 等待 0.6 秒...
2026-04-29 08:32:41,687 | INFO | amazon_goods_monitor | 请求URL: https://www.amazon.com/dp/B0BVM19YWS?th=1
2026-04-29 08:32:44,976 | INFO | amazon_goods_monitor | ✅ 请求成功 - 状态码: 200
2026-04-29 08:32:45,908 | INFO | amazon_goods_monitor | 没有优惠券
2026-04-29 08:32:45,912 | INFO | amazon_goods_monitor | -----------开始爬取商品信息-----------
2026-04-29 08:32:47,300 | INFO | amazon_goods_monitor | -----------开始爬取商品流量信息-----------
2026-04-29 08:32:48,668 | INFO | amazon_goods_monitor | ✅ 加载 8 个代理
2026-04-29 08:32:48,668 | INFO | amazon_goods_monitor | -----------开始爬取优惠券信息-----------
2026-04-29 08:32:48,669 | INFO | amazon_goods_monitor | 开始抓取: https://www.amazon.com/dp/B0FLJ8H6B9?th=1
2026-04-29 08:32:49,822 | INFO | amazon_goods_monitor | ✅ 已设置邮编 90002 (amazon.com)
2026-04-29 08:32:49,829 | INFO | amazon_goods_monitor | 📡 获取新代理: socks5://EJ0WX0RSVB:02954261@125.75.68.73:17894
2026-04-29 08:32:49,829 | INFO | amazon_goods_monitor | 使用代理: 125.75.68.73:17894 (尝试 1/3)
2026-04-29 08:32:49,830 | INFO | amazon_goods_monitor | ⏳ 等待 0.2 秒...
2026-04-29 08:32:49,991 | INFO | amazon_goods_monitor | 请求URL: https://www.amazon.com/dp/B0FLJ8H6B9?th=1
2026-04-29 08:32:52,884 | INFO | amazon_goods_monitor | ✅ 请求成功 - 状态码: 200
2026-04-29 08:32:53,879 | INFO | amazon_goods_monitor | 标题: Wobble Marble Stacking Game for Kids, Marble Balance Board Game with 60 Glass Marbles & Storage Base,Fun Group Play for 1-4 Players,Birthday for Kids Ages 8-12Halloween gifts&Christmas gifts
2026-04-29 08:32:53,923 | INFO | amazon_goods_monitor | 没有优惠券
2026-04-29 08:32:53,928 | INFO | amazon_goods_monitor | -----------开始爬取商品信息-----------
2026-04-29 08:32:55,524 | INFO | amazon_goods_monitor | -----------开始爬取商品流量信息-----------
2026-04-29 08:32:57,613 | INFO | amazon_goods_monitor | ✅ 加载 8 个代理
2026-04-29 08:32:57,613 | INFO | amazon_goods_monitor | -----------开始爬取优惠券信息-----------
2026-04-29 08:32:57,614 | INFO | amazon_goods_monitor | 开始抓取: https://www.amazon.com/Kaodezhu-Dinosaur-Math-Balance-Toys/dp/B09WN16G4W
2026-04-29 08:32:58,803 | INFO | amazon_goods_monitor | ✅ 已设置邮编 90002 (amazon.com)
2026-04-29 08:32:58,811 | INFO | amazon_goods_monitor | 📡 获取新代理: socks5://W9JFIJCY7Z:46344650@118.253.177.190:11193
2026-04-29 08:32:58,811 | INFO | amazon_goods_monitor | 使用代理: 118.253.177.190:11193 (尝试 1/3)
2026-04-29 08:32:58,811 | INFO | amazon_goods_monitor | ⏳ 等待 0.3 秒...
2026-04-29 08:32:59,162 | INFO | amazon_goods_monitor | 请求URL: https://www.amazon.com/Kaodezhu-Dinosaur-Math-Balance-Toys/dp/B09WN16G4W
2026-04-29 08:33:01,950 | INFO | amazon_goods_monitor | ✅ 请求成功 - 状态码: 200
2026-04-29 08:33:03,003 | INFO | amazon_goods_monitor | 标题: Kaodezhu Dinosaur Math Balance Toys - Montessori Toys for 3 Years Old Kids, Learning and Educational Toys for Boys and Girls - Birthday Gifts for 4 5 6 7 Year Old Boys
2026-04-29 08:33:03,052 | INFO | amazon_goods_monitor | 没有优惠券
2026-04-29 08:33:03,056 | INFO | amazon_goods_monitor | -----------开始爬取商品信息-----------
2026-04-29 08:33:04,532 | INFO | amazon_goods_monitor | -----------开始爬取商品流量信息-----------
2026-04-29 08:33:06,050 | INFO | amazon_goods_monitor | ✅ 加载 8 个代理
2026-04-29 08:33:06,050 | INFO | amazon_goods_monitor | -----------开始爬取优惠券信息-----------
2026-04-29 08:33:06,051 | INFO | amazon_goods_monitor | 开始抓取: https://www.amazon.com/dp/B0FGJG2ZHQ
2026-04-29 08:33:07,208 | INFO | amazon_goods_monitor | ✅ 已设置邮编 90002 (amazon.com)
2026-04-29 08:33:07,218 | INFO | amazon_goods_monitor | 📡 获取新代理: socks5://W9JFIJCY7Z:46344650@118.253.177.190:11193
2026-04-29 08:33:07,218 | INFO | amazon_goods_monitor | 使用代理: 118.253.177.190:11193 (尝试 1/3)
2026-04-29 08:33:07,219 | INFO | amazon_goods_monitor | ⏳ 等待 0.3 秒...
2026-04-29 08:33:07,480 | INFO | amazon_goods_monitor | 请求URL: https://www.amazon.com/dp/B0FGJG2ZHQ
2026-04-29 08:33:10,765 | INFO | amazon_goods_monitor | ✅ 请求成功 - 状态码: 200
2026-04-29 08:33:11,899 | INFO | amazon_goods_monitor | 没有优惠券
2026-04-29 08:33:11,904 | INFO | amazon_goods_monitor | -----------开始爬取商品信息-----------
2026-04-29 08:33:13,283 | INFO | amazon_goods_monitor | -----------开始爬取商品流量信息-----------
2026-04-29 08:33:14,766 | INFO | amazon_goods_monitor | ✅ 加载 8 个代理
2026-04-29 08:33:14,766 | INFO | amazon_goods_monitor | -----------开始爬取优惠券信息-----------
2026-04-29 08:33:14,767 | INFO | amazon_goods_monitor | 开始抓取: https://www.amazon.com/dp/B0FQP89DCJ
2026-04-29 08:33:15,891 | INFO | amazon_goods_monitor | ✅ 已设置邮编 90002 (amazon.com)
2026-04-29 08:33:15,900 | INFO | amazon_goods_monitor | 📡 获取新代理: socks5://XEZQOPMX7M:53843223@121.229.211.102:15252
2026-04-29 08:33:15,900 | INFO | amazon_goods_monitor | 使用代理: 121.229.211.102:15252 (尝试 1/3)
2026-04-29 08:33:15,902 | INFO | amazon_goods_monitor | ⏳ 等待 0.9 秒...
2026-04-29 08:33:16,845 | INFO | amazon_goods_monitor | 请求URL: https://www.amazon.com/dp/B0FQP89DCJ
2026-04-29 08:33:20,560 | INFO | amazon_goods_monitor | ✅ 请求成功 - 状态码: 200
2026-04-29 08:33:21,565 | INFO | amazon_goods_monitor | 没有优惠券
2026-04-29 08:33:21,570 | INFO | amazon_goods_monitor | -----------开始爬取商品信息-----------
2026-04-29 08:33:23,053 | INFO | amazon_goods_monitor | -----------开始爬取商品流量信息-----------
2026-04-29 08:33:25,536 | INFO | amazon_goods_monitor | ✅ 加载 8 个代理
2026-04-29 08:33:25,536 | INFO | amazon_goods_monitor | -----------开始爬取优惠券信息-----------
2026-04-29 08:33:25,537 | INFO | amazon_goods_monitor | 开始抓取: https://www.amazon.com/dp/B0DSLNV76D?th=1
2026-04-29 08:33:26,673 | INFO | amazon_goods_monitor | ✅ 已设置邮编 90002 (amazon.com)
2026-04-29 08:33:26,683 | INFO | amazon_goods_monitor | 📡 获取新代理: socks5://WVKYFTS670:14418351@121.14.201.248:11074
2026-04-29 08:33:26,683 | INFO | amazon_goods_monitor | 使用代理: 121.14.201.248:11074 (尝试 1/3)
2026-04-29 08:33:26,683 | INFO | amazon_goods_monitor | ⏳ 等待 0.1 秒...
2026-04-29 08:33:26,804 | INFO | amazon_goods_monitor | 请求URL: https://www.amazon.com/dp/B0DSLNV76D?th=1
2026-04-29 08:33:29,970 | INFO | amazon_goods_monitor | ✅ 请求成功 - 状态码: 200
2026-04-29 08:33:30,887 | INFO | amazon_goods_monitor | 没有优惠券
2026-04-29 08:33:30,892 | INFO | amazon_goods_monitor | -----------开始爬取商品信息-----------
2026-04-29 08:33:32,180 | INFO | amazon_goods_monitor | -----------开始爬取商品流量信息-----------
2026-04-29 08:33:34,144 | INFO | amazon_goods_monitor | ✅ 加载 8 个代理
2026-04-29 08:33:34,144 | INFO | amazon_goods_monitor | -----------开始爬取优惠券信息-----------
2026-04-29 08:33:34,145 | INFO | amazon_goods_monitor | 开始抓取: https://www.amazon.com/dp/B0F8V6L6XN?th=1
2026-04-29 08:33:35,304 | INFO | amazon_goods_monitor | ✅ 已设置邮编 90002 (amazon.com)
2026-04-29 08:33:35,311 | INFO | amazon_goods_monitor | 📡 获取新代理: socks5://WVKYFTS670:14418351@121.14.201.248:11074
2026-04-29 08:33:35,311 | INFO | amazon_goods_monitor | 使用代理: 121.14.201.248:11074 (尝试 1/3)
2026-04-29 08:33:35,311 | INFO | amazon_goods_monitor | ⏳ 等待 0.8 秒...
2026-04-29 08:33:36,115 | INFO | amazon_goods_monitor | 请求URL: https://www.amazon.com/dp/B0F8V6L6XN?th=1
2026-04-29 08:33:39,126 | INFO | amazon_goods_monitor | ✅ 请求成功 - 状态码: 200
2026-04-29 08:33:40,088 | INFO | amazon_goods_monitor | 没有优惠券
2026-04-29 08:33:40,092 | INFO | amazon_goods_monitor | -----------开始爬取商品信息-----------
2026-04-29 08:33:41,789 | INFO | amazon_goods_monitor | -----------开始爬取商品流量信息-----------
2026-04-29 08:33:43,267 | INFO | amazon_goods_monitor | ✅ 加载 8 个代理
2026-04-29 08:33:43,268 | INFO | amazon_goods_monitor | -----------开始爬取优惠券信息-----------
2026-04-29 08:33:43,269 | INFO | amazon_goods_monitor | 开始抓取: https://www.amazon.com/dp/B0FMRGWVF4?th=1
2026-04-29 08:33:44,481 | INFO | amazon_goods_monitor | ✅ 已设置邮编 90002 (amazon.com)
2026-04-29 08:33:44,490 | INFO | amazon_goods_monitor | 📡 获取新代理: socks5://AIHARVNXPM:57446815@124.225.4.69:12533
2026-04-29 08:33:44,491 | INFO | amazon_goods_monitor | 使用代理: 124.225.4.69:12533 (尝试 1/3)
2026-04-29 08:33:44,491 | INFO | amazon_goods_monitor | ⏳ 等待 0.7 秒...
2026-04-29 08:33:45,149 | INFO | amazon_goods_monitor | 请求URL: https://www.amazon.com/dp/B0FMRGWVF4?th=1
2026-04-29 08:33:47,781 | INFO | amazon_goods_monitor | ✅ 请求成功 - 状态码: 200
2026-04-29 08:33:48,914 | INFO | amazon_goods_monitor | 标题: Electronic Sound Maker, Classic Sound Effect Machine with 16 Sound Effects, Portable Novelty Funny Noise Maker Prank Items Gift for Adults
2026-04-29 08:33:48,956 | INFO | amazon_goods_monitor | 没有优惠券
2026-04-29 08:33:48,961 | INFO | amazon_goods_monitor | -----------开始爬取商品信息-----------
2026-04-29 08:33:50,776 | INFO | amazon_goods_monitor | -----------开始爬取商品流量信息-----------
2026-04-29 08:33:52,609 | INFO | amazon_goods_monitor | ✅ 加载 8 个代理
2026-04-29 08:33:52,610 | INFO | amazon_goods_monitor | -----------开始爬取优惠券信息-----------
2026-04-29 08:33:52,611 | INFO | amazon_goods_monitor | 开始抓取: https://www.amazon.com/dp/B0CNSHK9ZM?psc=1
2026-04-29 08:33:53,742 | INFO | amazon_goods_monitor | ✅ 已设置邮编 90002 (amazon.com)
2026-04-29 08:33:53,750 | INFO | amazon_goods_monitor | 📡 获取新代理: socks5://PXBHAK1C2C:80609506@1.194.218.235:12509
2026-04-29 08:33:53,750 | INFO | amazon_goods_monitor | 使用代理: 1.194.218.235:12509 (尝试 1/3)
2026-04-29 08:33:53,750 | INFO | amazon_goods_monitor | ⏳ 等待 0.7 秒...
2026-04-29 08:33:54,478 | INFO | amazon_goods_monitor | 请求URL: https://www.amazon.com/dp/B0CNSHK9ZM?psc=1
2026-04-29 08:33:58,176 | INFO | amazon_goods_monitor | ✅ 请求成功 - 状态码: 200
2026-04-29 08:33:59,251 | INFO | amazon_goods_monitor | 没有优惠券
2026-04-29 08:33:59,256 | INFO | amazon_goods_monitor | -----------开始爬取商品信息-----------
2026-04-29 08:34:00,689 | INFO | amazon_goods_monitor | -----------开始爬取商品流量信息-----------
2026-04-29 08:34:04,793 | INFO | amazon_goods_monitor | ✅ 加载 8 个代理
2026-04-29 08:34:04,793 | INFO | amazon_goods_monitor | -----------开始爬取优惠券信息-----------
2026-04-29 08:34:04,794 | INFO | amazon_goods_monitor | 开始抓取: https://www.amazon.com/dp/B0F2MNGL8D?th=1
2026-04-29 08:34:05,886 | INFO | amazon_goods_monitor | ✅ 已设置邮编 90002 (amazon.com)
2026-04-29 08:34:05,895 | INFO | amazon_goods_monitor | 📡 获取新代理: socks5://YKEW9SOB5S:32342415@218.78.129.68:15654
2026-04-29 08:34:05,896 | INFO | amazon_goods_monitor | 使用代理: 218.78.129.68:15654 (尝试 1/3)
2026-04-29 08:34:05,896 | INFO | amazon_goods_monitor | ⏳ 等待 0.3 秒...
2026-04-29 08:34:06,209 | INFO | amazon_goods_monitor | 请求URL: https://www.amazon.com/dp/B0F2MNGL8D?th=1
2026-04-29 08:34:09,579 | INFO | amazon_goods_monitor | ✅ 请求成功 - 状态码: 200
2026-04-29 08:34:10,633 | INFO | amazon_goods_monitor | 没有优惠券
2026-04-29 08:34:10,638 | INFO | amazon_goods_monitor | -----------开始爬取商品信息-----------
2026-04-29 08:34:12,230 | INFO | amazon_goods_monitor | -----------开始爬取商品流量信息-----------
2026-04-29 08:34:13,928 | INFO | amazon_goods_monitor | ✅ 加载 8 个代理
2026-04-29 08:34:13,928 | INFO | amazon_goods_monitor | -----------开始爬取优惠券信息-----------
2026-04-29 08:34:13,929 | INFO | amazon_goods_monitor | 开始抓取: https://www.amazon.com/dp/B0FX4YK883?th=1
2026-04-29 08:34:15,109 | INFO | amazon_goods_monitor | ✅ 已设置邮编 90002 (amazon.com)
2026-04-29 08:34:15,116 | INFO | amazon_goods_monitor | 📡 获取新代理: socks5://LLW0BU7VGQ:39267509@124.236.76.149:17745
2026-04-29 08:34:15,116 | INFO | amazon_goods_monitor | 使用代理: 124.236.76.149:17745 (尝试 1/3)
2026-04-29 08:34:15,117 | INFO | amazon_goods_monitor | ⏳ 等待 0.6 秒...
2026-04-29 08:34:15,717 | INFO | amazon_goods_monitor | 请求URL: https://www.amazon.com/dp/B0FX4YK883?th=1
2026-04-29 08:34:18,859 | INFO | amazon_goods_monitor | ✅ 请求成功 - 状态码: 200
2026-04-29 08:34:19,869 | INFO | amazon_goods_monitor | 没有优惠券
2026-04-29 08:34:19,875 | INFO | amazon_goods_monitor | -----------开始爬取商品信息-----------
2026-04-29 08:34:21,652 | INFO | amazon_goods_monitor | -----------开始爬取商品流量信息-----------
2026-04-29 08:34:23,703 | INFO | amazon_goods_monitor | ✅ 加载 8 个代理
2026-04-29 08:34:23,703 | INFO | amazon_goods_monitor | -----------开始爬取优惠券信息-----------
2026-04-29 08:34:23,704 | INFO | amazon_goods_monitor | 开始抓取: https://www.amazon.com/dp/B0D6BVGBJK?th=1
2026-04-29 08:34:24,850 | INFO | amazon_goods_monitor | ✅ 已设置邮编 90002 (amazon.com)
2026-04-29 08:34:24,860 | INFO | amazon_goods_monitor | 📡 获取新代理: socks5://W9JFIJCY7Z:46344650@118.253.177.190:11193
2026-04-29 08:34:24,860 | INFO | amazon_goods_monitor | 使用代理: 118.253.177.190:11193 (尝试 1/3)
2026-04-29 08:34:24,860 | INFO | amazon_goods_monitor | ⏳ 等待 0.9 秒...
2026-04-29 08:34:25,785 | INFO | amazon_goods_monitor | 请求URL: https://www.amazon.com/dp/B0D6BVGBJK?th=1
2026-04-29 08:34:28,876 | INFO | amazon_goods_monitor | ✅ 请求成功 - 状态码: 200
2026-04-29 08:34:29,776 | INFO | amazon_goods_monitor | 没有优惠券
2026-04-29 08:34:29,782 | INFO | amazon_goods_monitor | -----------开始爬取商品信息-----------
2026-04-29 08:34:31,056 | INFO | amazon_goods_monitor | -----------开始爬取商品流量信息-----------
2026-04-29 08:34:32,413 | INFO | amazon_goods_monitor | ✅ 加载 8 个代理
2026-04-29 08:34:32,413 | INFO | amazon_goods_monitor | -----------开始爬取优惠券信息-----------
2026-04-29 08:34:32,414 | INFO | amazon_goods_monitor | 开始抓取: https://www.amazon.com/dp/B0GNCQYTQZ?th=1
2026-04-29 08:34:33,675 | INFO | amazon_goods_monitor | ✅ 已设置邮编 90002 (amazon.com)
2026-04-29 08:34:33,683 | INFO | amazon_goods_monitor | 📡 获取新代理: socks5://YKEW9SOB5S:32342415@218.78.129.68:15654
2026-04-29 08:34:33,684 | INFO | amazon_goods_monitor | 使用代理: 218.78.129.68:15654 (尝试 1/3)
2026-04-29 08:34:33,686 | INFO | amazon_goods_monitor | ⏳ 等待 0.5 秒...
2026-04-29 08:34:34,177 | INFO | amazon_goods_monitor | 请求URL: https://www.amazon.com/dp/B0GNCQYTQZ?th=1
2026-04-29 08:34:37,167 | INFO | amazon_goods_monitor | ✅ 请求成功 - 状态码: 200
2026-04-29 08:34:38,103 | INFO | amazon_goods_monitor | 没有优惠券
2026-04-29 08:34:38,107 | INFO | amazon_goods_monitor | -----------开始爬取商品信息-----------
2026-04-29 08:34:39,509 | INFO | amazon_goods_monitor | -----------开始爬取商品流量信息-----------
2026-04-29 08:34:40,999 | INFO | amazon_goods_monitor | ✅ 加载 8 个代理
2026-04-29 08:34:41,000 | INFO | amazon_goods_monitor | -----------开始爬取优惠券信息-----------
2026-04-29 08:34:41,000 | INFO | amazon_goods_monitor | 开始抓取: https://www.amazon.com/dp/B0FVMFGM5W?th=1
2026-04-29 08:34:42,455 | INFO | amazon_goods_monitor | ✅ 已设置邮编 90002 (amazon.com)
2026-04-29 08:34:42,462 | INFO | amazon_goods_monitor | 📡 获取新代理: socks5://LLW0BU7VGQ:39267509@124.236.76.149:17745
2026-04-29 08:34:42,462 | INFO | amazon_goods_monitor | 使用代理: 124.236.76.149:17745 (尝试 1/3)
2026-04-29 08:34:42,462 | INFO | amazon_goods_monitor | ⏳ 等待 0.1 秒...
2026-04-29 08:34:42,556 | INFO | amazon_goods_monitor | 请求URL: https://www.amazon.com/dp/B0FVMFGM5W?th=1
2026-04-29 08:34:45,799 | INFO | amazon_goods_monitor | ✅ 请求成功 - 状态码: 200
2026-04-29 08:34:47,036 | INFO | amazon_goods_monitor | 没有优惠券
2026-04-29 08:34:47,041 | INFO | amazon_goods_monitor | -----------开始爬取商品信息-----------
2026-04-29 08:34:48,512 | INFO | amazon_goods_monitor | -----------开始爬取商品流量信息-----------
2026-04-29 08:34:49,977 | INFO | amazon_goods_monitor | ✅ 加载 8 个代理
2026-04-29 08:34:49,977 | INFO | amazon_goods_monitor | -----------开始爬取优惠券信息-----------
2026-04-29 08:34:49,978 | INFO | amazon_goods_monitor | 开始抓取: https://www.amazon.com/dp/B0FDFZJB9G?th=1
2026-04-29 08:34:51,081 | INFO | amazon_goods_monitor | ✅ 已设置邮编 90002 (amazon.com)
2026-04-29 08:34:51,091 | INFO | amazon_goods_monitor | 📡 获取新代理: socks5://AIHARVNXPM:57446815@124.225.4.69:12533
2026-04-29 08:34:51,091 | INFO | amazon_goods_monitor | 使用代理: 124.225.4.69:12533 (尝试 1/3)
2026-04-29 08:34:51,091 | INFO | amazon_goods_monitor | ⏳ 等待 0.3 秒...
2026-04-29 08:34:51,406 | INFO | amazon_goods_monitor | 请求URL: https://www.amazon.com/dp/B0FDFZJB9G?th=1
2026-04-29 08:34:54,301 | INFO | amazon_goods_monitor | ✅ 请求成功 - 状态码: 200
2026-04-29 08:34:55,274 | INFO | amazon_goods_monitor | 优惠券: Apply 10% couponTerms
2026-04-29 08:34:55,278 | INFO | amazon_goods_monitor | -----------开始爬取商品信息-----------
2026-04-29 08:34:56,773 | INFO | amazon_goods_monitor | -----------开始爬取商品流量信息-----------
2026-04-29 08:34:58,816 | INFO | amazon_goods_monitor | ✅ 加载 8 个代理
2026-04-29 08:34:58,817 | INFO | amazon_goods_monitor | -----------开始爬取优惠券信息-----------
2026-04-29 08:34:58,818 | INFO | amazon_goods_monitor | 开始抓取: https://www.amazon.com/dp/B0CP4DMFJ4?th=1
2026-04-29 08:34:59,988 | INFO | amazon_goods_monitor | ✅ 已设置邮编 90002 (amazon.com)
2026-04-29 08:34:59,995 | INFO | amazon_goods_monitor | 📡 获取新代理: socks5://EJ0WX0RSVB:02954261@125.75.68.73:17894
2026-04-29 08:34:59,995 | INFO | amazon_goods_monitor | 使用代理: 125.75.68.73:17894 (尝试 1/3)
2026-04-29 08:34:59,996 | INFO | amazon_goods_monitor | ⏳ 等待 0.4 秒...
2026-04-29 08:35:00,365 | INFO | amazon_goods_monitor | 请求URL: https://www.amazon.com/dp/B0CP4DMFJ4?th=1
2026-04-29 08:35:03,616 | INFO | amazon_goods_monitor | ✅ 请求成功 - 状态码: 200
2026-04-29 08:35:04,735 | INFO | amazon_goods_monitor | 标题: Goliath Jelly Blox Vrroom! Truck Kit | Includes 35 Blocks | Toddler & Preschool Building Blocks Kids Can Squeeze, Stretch, Squish | MESH ACCREDITED | Safety Tested Ouch-Free | Sensory Play Toy Ages 2+
2026-04-29 08:35:04,791 | INFO | amazon_goods_monitor | 没有优惠券
2026-04-29 08:35:04,796 | INFO | amazon_goods_monitor | -----------开始爬取商品信息-----------
2026-04-29 08:35:06,197 | INFO | amazon_goods_monitor | -----------开始爬取商品流量信息-----------
2026-04-29 08:35:07,630 | INFO | amazon_goods_monitor | ✅ 加载 8 个代理
2026-04-29 08:35:07,631 | INFO | amazon_goods_monitor | -----------开始爬取优惠券信息-----------
2026-04-29 08:35:07,632 | INFO | amazon_goods_monitor | 开始抓取: https://www.amazon.com/dp/B0CLDY3GJX?th=1
2026-04-29 08:35:08,847 | INFO | amazon_goods_monitor | ✅ 已设置邮编 90002 (amazon.com)
2026-04-29 08:35:08,857 | INFO | amazon_goods_monitor | 📡 获取新代理: socks5://YKEW9SOB5S:32342415@218.78.129.68:15654
2026-04-29 08:35:08,858 | INFO | amazon_goods_monitor | 使用代理: 218.78.129.68:15654 (尝试 1/3)
2026-04-29 08:35:08,858 | INFO | amazon_goods_monitor | ⏳ 等待 0.8 秒...
2026-04-29 08:35:09,638 | INFO | amazon_goods_monitor | 请求URL: https://www.amazon.com/dp/B0CLDY3GJX?th=1
2026-04-29 08:35:12,998 | INFO | amazon_goods_monitor | ✅ 请求成功 - 状态码: 200
2026-04-29 08:35:14,013 | INFO | amazon_goods_monitor | 没有优惠券
2026-04-29 08:35:14,019 | INFO | amazon_goods_monitor | -----------开始爬取商品信息-----------
2026-04-29 08:35:15,645 | INFO | amazon_goods_monitor | -----------开始爬取商品流量信息-----------
2026-04-29 08:35:17,337 | INFO | amazon_goods_monitor | ✅ 加载 8 个代理
2026-04-29 08:35:17,337 | INFO | amazon_goods_monitor | -----------开始爬取优惠券信息-----------
2026-04-29 08:35:17,338 | INFO | amazon_goods_monitor | 开始抓取: https://www.amazon.com/dp/B0FJ2989DS?th=1
2026-04-29 08:35:18,511 | INFO | amazon_goods_monitor | ✅ 已设置邮编 90002 (amazon.com)
2026-04-29 08:35:18,519 | INFO | amazon_goods_monitor | 📡 获取新代理: socks5://EJ0WX0RSVB:02954261@125.75.68.73:17894
2026-04-29 08:35:18,519 | INFO | amazon_goods_monitor | 使用代理: 125.75.68.73:17894 (尝试 1/3)
2026-04-29 08:35:18,519 | INFO | amazon_goods_monitor | ⏳ 等待 0.9 秒...
2026-04-29 08:35:19,414 | INFO | amazon_goods_monitor | 请求URL: https://www.amazon.com/dp/B0FJ2989DS?th=1
2026-04-29 08:35:22,764 | INFO | amazon_goods_monitor | ✅ 请求成功 - 状态码: 200
2026-04-29 08:35:24,060 | INFO | amazon_goods_monitor | 没有优惠券
2026-04-29 08:35:24,064 | INFO | amazon_goods_monitor | -----------开始爬取商品信息-----------
2026-04-29 08:35:25,631 | INFO | amazon_goods_monitor | -----------开始爬取商品流量信息-----------
2026-04-29 08:35:27,086 | INFO | amazon_goods_monitor | ✅ 加载 8 个代理
2026-04-29 08:35:27,086 | INFO | amazon_goods_monitor | -----------开始爬取优惠券信息-----------
2026-04-29 08:35:27,088 | INFO | amazon_goods_monitor | 开始抓取: https://www.amazon.com/dp/B0D93ZWGG4?th=1
2026-04-29 08:35:28,297 | INFO | amazon_goods_monitor | ✅ 已设置邮编 90002 (amazon.com)
2026-04-29 08:35:28,302 | INFO | amazon_goods_monitor | 📡 获取新代理: socks5://LLW0BU7VGQ:39267509@124.236.76.149:17745
2026-04-29 08:35:28,303 | INFO | amazon_goods_monitor | 使用代理: 124.236.76.149:17745 (尝试 1/3)
2026-04-29 08:35:28,303 | INFO | amazon_goods_monitor | ⏳ 等待 0.3 秒...
2026-04-29 08:35:28,627 | INFO | amazon_goods_monitor | 请求URL: https://www.amazon.com/dp/B0D93ZWGG4?th=1
2026-04-29 08:35:31,541 | INFO | amazon_goods_monitor | ✅ 请求成功 - 状态码: 200
2026-04-29 08:35:32,425 | INFO | amazon_goods_monitor | 没有优惠券
2026-04-29 08:35:32,430 | INFO | amazon_goods_monitor | -----------开始爬取商品信息-----------
2026-04-29 08:35:35,124 | INFO | amazon_goods_monitor | -----------开始爬取商品流量信息-----------
2026-04-29 08:35:36,500 | INFO | amazon_goods_monitor | ✅ 加载 8 个代理
2026-04-29 08:35:36,500 | INFO | amazon_goods_monitor | -----------开始爬取优惠券信息-----------
2026-04-29 08:35:36,500 | INFO | amazon_goods_monitor | 开始抓取: https://www.amazon.com/dp/B08ZYRTY4G?th=1
2026-04-29 08:35:37,672 | INFO | amazon_goods_monitor | ✅ 已设置邮编 90002 (amazon.com)
2026-04-29 08:35:37,681 | INFO | amazon_goods_monitor | 📡 获取新代理: socks5://LLW0BU7VGQ:39267509@124.236.76.149:17745
2026-04-29 08:35:37,681 | INFO | amazon_goods_monitor | 使用代理: 124.236.76.149:17745 (尝试 1/3)
2026-04-29 08:35:37,681 | INFO | amazon_goods_monitor | ⏳ 等待 0.6 秒...
2026-04-29 08:35:38,325 | INFO | amazon_goods_monitor | 请求URL: https://www.amazon.com/dp/B08ZYRTY4G?th=1
2026-04-29 08:35:41,233 | INFO | amazon_goods_monitor | ✅ 请求成功 - 状态码: 200
2026-04-29 08:35:42,163 | INFO | amazon_goods_monitor | 没有优惠券
2026-04-29 08:35:42,168 | INFO | amazon_goods_monitor | -----------开始爬取商品信息-----------
2026-04-29 08:35:43,683 | INFO | amazon_goods_monitor | -----------开始爬取商品流量信息-----------
2026-04-29 08:35:45,316 | INFO | amazon_goods_monitor | ✅ 加载 8 个代理
2026-04-29 08:35:45,316 | INFO | amazon_goods_monitor | -----------开始爬取优惠券信息-----------
2026-04-29 08:35:45,317 | INFO | amazon_goods_monitor | 开始抓取: https://www.amazon.com/dp/B0CQPMY47H?th=1
2026-04-29 08:35:46,587 | INFO | amazon_goods_monitor | ✅ 已设置邮编 90002 (amazon.com)
2026-04-29 08:35:46,596 | INFO | amazon_goods_monitor | 📡 获取新代理: socks5://XEZQOPMX7M:53843223@121.229.211.102:15252
2026-04-29 08:35:46,596 | INFO | amazon_goods_monitor | 使用代理: 121.229.211.102:15252 (尝试 1/3)
2026-04-29 08:35:46,596 | INFO | amazon_goods_monitor | ⏳ 等待 0.8 秒...
2026-04-29 08:35:47,373 | INFO | amazon_goods_monitor | 请求URL: https://www.amazon.com/dp/B0CQPMY47H?th=1
2026-04-29 08:35:50,437 | INFO | amazon_goods_monitor | ✅ 请求成功 - 状态码: 200
2026-04-29 08:35:51,528 | INFO | amazon_goods_monitor | 没有优惠券
2026-04-29 08:35:51,533 | INFO | amazon_goods_monitor | -----------开始爬取商品信息-----------
2026-04-29 08:35:53,425 | INFO | amazon_goods_monitor | -----------开始爬取商品流量信息-----------
2026-04-29 08:35:55,368 | INFO | amazon_goods_monitor | ✅ 加载 8 个代理
2026-04-29 08:35:55,369 | INFO | amazon_goods_monitor | -----------开始爬取优惠券信息-----------
2026-04-29 08:35:55,369 | INFO | amazon_goods_monitor | 开始抓取: https://www.amazon.com/dp/B0F3Z1BLF6
2026-04-29 08:35:57,518 | INFO | amazon_goods_monitor | ✅ 已设置邮编 90002 (amazon.com)
2026-04-29 08:35:57,528 | INFO | amazon_goods_monitor | 📡 获取新代理: socks5://YKEW9SOB5S:32342415@218.78.129.68:15654
2026-04-29 08:35:57,528 | INFO | amazon_goods_monitor | 使用代理: 218.78.129.68:15654 (尝试 1/3)
2026-04-29 08:35:57,528 | INFO | amazon_goods_monitor | ⏳ 等待 0.1 秒...
2026-04-29 08:35:57,662 | INFO | amazon_goods_monitor | 请求URL: https://www.amazon.com/dp/B0F3Z1BLF6
2026-04-29 08:36:01,021 | INFO | amazon_goods_monitor | ✅ 请求成功 - 状态码: 200
2026-04-29 08:36:02,096 | INFO | amazon_goods_monitor | 没有优惠券
2026-04-29 08:36:02,100 | INFO | amazon_goods_monitor | -----------开始爬取商品信息-----------
2026-04-29 08:36:03,623 | INFO | amazon_goods_monitor | -----------开始爬取商品流量信息-----------
2026-04-29 08:36:05,084 | INFO | amazon_goods_monitor | ✅ 加载 8 个代理
2026-04-29 08:36:05,084 | INFO | amazon_goods_monitor | -----------开始爬取优惠券信息-----------
2026-04-29 08:36:05,084 | INFO | amazon_goods_monitor | 开始抓取: https://www.amazon.com/dp/B0FCMQLCZD?th=1
2026-04-29 08:36:06,598 | INFO | amazon_goods_monitor | ✅ 已设置邮编 90002 (amazon.com)
2026-04-29 08:36:06,609 | INFO | amazon_goods_monitor | 📡 获取新代理: socks5://W9JFIJCY7Z:46344650@118.253.177.190:11193
2026-04-29 08:36:06,609 | INFO | amazon_goods_monitor | 使用代理: 118.253.177.190:11193 (尝试 1/3)
2026-04-29 08:36:06,609 | INFO | amazon_goods_monitor | ⏳ 等待 0.2 秒...
2026-04-29 08:36:06,865 | INFO | amazon_goods_monitor | 请求URL: https://www.amazon.com/dp/B0FCMQLCZD?th=1
2026-04-29 08:36:09,946 | INFO | amazon_goods_monitor | ✅ 请求成功 - 状态码: 200
2026-04-29 08:36:10,933 | INFO | amazon_goods_monitor | 没有优惠券
2026-04-29 08:36:10,938 | INFO | amazon_goods_monitor | -----------开始爬取商品信息-----------
2026-04-29 08:36:12,422 | INFO | amazon_goods_monitor | -----------开始爬取商品流量信息-----------
2026-04-29 08:36:13,936 | INFO | amazon_goods_monitor | ✅ 加载 8 个代理
2026-04-29 08:36:13,936 | INFO | amazon_goods_monitor | -----------开始爬取优惠券信息-----------
2026-04-29 08:36:13,937 | INFO | amazon_goods_monitor | 开始抓取: https://www.amazon.com/dp/B0FRSHK954?th=1
2026-04-29 08:36:15,267 | INFO | amazon_goods_monitor | ✅ 已设置邮编 90002 (amazon.com)
2026-04-29 08:36:15,275 | INFO | amazon_goods_monitor | 📡 获取新代理: socks5://YKEW9SOB5S:32342415@218.78.129.68:15654
2026-04-29 08:36:15,275 | INFO | amazon_goods_monitor | 使用代理: 218.78.129.68:15654 (尝试 1/3)
2026-04-29 08:36:15,275 | INFO | amazon_goods_monitor | ⏳ 等待 0.7 秒...
2026-04-29 08:36:15,964 | INFO | amazon_goods_monitor | 请求URL: https://www.amazon.com/dp/B0FRSHK954?th=1
2026-04-29 08:36:18,812 | INFO | amazon_goods_monitor | ✅ 请求成功 - 状态码: 200
2026-04-29 08:36:20,810 | INFO | amazon_goods_monitor | 没有优惠券
2026-04-29 08:36:20,815 | INFO | amazon_goods_monitor | -----------开始爬取商品信息-----------
2026-04-29 08:36:28,414 | INFO | amazon_goods_monitor | -----------开始爬取商品流量信息-----------
2026-04-29 08:36:30,345 | INFO | amazon_goods_monitor | ✅ 加载 8 个代理
2026-04-29 08:36:30,345 | INFO | amazon_goods_monitor | -----------开始爬取优惠券信息-----------
2026-04-29 08:36:30,346 | INFO | amazon_goods_monitor | 开始抓取: https://www.amazon.com/Effects-Machine-Buzzers-Trivia-Cricket/dp/B0GSC41MT7/ref=pd_rhf_se_s_pd_sbs_rvi_d_sccl_1_5/146-0084930-5201075?pd_rd_w=582PX&content-id=amzn1.sym.6640a844-ab24-4352-ac9b-78899e683a5e&pf_rd_p=6640a844-ab24-4352-ac9b-78899e683a5e&pf_rd_r=EN5WZ73QMC02C8KT8EFS&pd_rd_wg=RJ7Ud&pd_rd_r=f09c9c3b-b898-4cf8-bbdd-0e2893907cee&pd_rd_i=B0GSC41MT7&psc=1
2026-04-29 08:36:31,477 | INFO | amazon_goods_monitor | ✅ 已设置邮编 90002 (amazon.com)
2026-04-29 08:36:31,485 | INFO | amazon_goods_monitor | 📡 获取新代理: socks5://AIHARVNXPM:57446815@124.225.4.69:12533
2026-04-29 08:36:31,486 | INFO | amazon_goods_monitor | 使用代理: 124.225.4.69:12533 (尝试 1/3)
2026-04-29 08:36:31,486 | INFO | amazon_goods_monitor | ⏳ 等待 0.3 秒...
2026-04-29 08:36:31,766 | INFO | amazon_goods_monitor | 请求URL: https://www.amazon.com/Effects-Machine-Buzzers-Trivia-Cricket/dp/B0GSC41MT7/ref=pd_rhf_se_s_pd_sbs_rvi_d_sccl_1_5/146-0084930-5201075?pd_rd_w=582PX&content-id=amzn1.sym.6640a844-ab24-4352-ac9b-78899e683a5e&pf_rd_p=6640a844-ab24-4352-ac9b-78899e683a5e&pf_rd_r=EN5WZ73QMC02C8KT8EFS&pd_rd_wg=RJ7Ud&pd_rd_r=f09c9c3b-b898-4cf8-bbdd-0e2893907cee&pd_rd_i=B0GSC41MT7&psc=1
2026-04-29 08:36:34,871 | INFO | amazon_goods_monitor | ✅ 请求成功 - 状态码: 200
2026-04-29 08:36:35,775 | INFO | amazon_goods_monitor | 没有优惠券
2026-04-29 08:36:35,779 | INFO | amazon_goods_monitor | -----------开始爬取商品信息-----------
2026-04-29 08:36:38,165 | INFO | amazon_goods_monitor | -----------开始爬取商品流量信息-----------
2026-04-29 08:36:39,631 | INFO | amazon_goods_monitor | ✅ 加载 8 个代理
2026-04-29 08:36:39,632 | INFO | amazon_goods_monitor | -----------开始爬取优惠券信息-----------
2026-04-29 08:36:39,632 | INFO | amazon_goods_monitor | 开始抓取: https://www.amazon.com/dp/B0DHWTPVCZ?th=1
2026-04-29 08:36:40,789 | INFO | amazon_goods_monitor | ✅ 已设置邮编 90002 (amazon.com)
2026-04-29 08:36:40,798 | INFO | amazon_goods_monitor | 📡 获取新代理: socks5://LLW0BU7VGQ:39267509@124.236.76.149:17745
2026-04-29 08:36:40,798 | INFO | amazon_goods_monitor | 使用代理: 124.236.76.149:17745 (尝试 1/3)
2026-04-29 08:36:40,798 | INFO | amazon_goods_monitor | ⏳ 等待 0.7 秒...
2026-04-29 08:36:41,553 | INFO | amazon_goods_monitor | 请求URL: https://www.amazon.com/dp/B0DHWTPVCZ?th=1
2026-04-29 08:36:45,034 | INFO | amazon_goods_monitor | ✅ 请求成功 - 状态码: 200
2026-04-29 08:36:46,084 | INFO | amazon_goods_monitor | 没有优惠券
2026-04-29 08:36:46,089 | INFO | amazon_goods_monitor | -----------开始爬取商品信息-----------
2026-04-29 08:36:47,490 | INFO | amazon_goods_monitor | -----------开始爬取商品流量信息-----------
2026-04-29 08:36:49,168 | INFO | amazon_goods_monitor | ✅ 加载 8 个代理
2026-04-29 08:36:49,168 | INFO | amazon_goods_monitor | -----------开始爬取优惠券信息-----------
2026-04-29 08:36:49,169 | INFO | amazon_goods_monitor | 开始抓取: https://www.amazon.com/dp/B0FCY45NFR?th=1
2026-04-29 08:36:50,401 | INFO | amazon_goods_monitor | ✅ 已设置邮编 90002 (amazon.com)
2026-04-29 08:36:50,408 | INFO | amazon_goods_monitor | 📡 获取新代理: socks5://EJ0WX0RSVB:02954261@125.75.68.73:17894
2026-04-29 08:36:50,408 | INFO | amazon_goods_monitor | 使用代理: 125.75.68.73:17894 (尝试 1/3)
2026-04-29 08:36:50,409 | INFO | amazon_goods_monitor | ⏳ 等待 0.3 秒...
2026-04-29 08:36:50,748 | INFO | amazon_goods_monitor | 请求URL: https://www.amazon.com/dp/B0FCY45NFR?th=1
2026-04-29 08:36:53,537 | INFO | amazon_goods_monitor | ✅ 请求成功 - 状态码: 200
2026-04-29 08:36:54,648 | INFO | amazon_goods_monitor | 标题: Family Game, Marble Balance Game​​–60 Colorful Marbles with Built-in Storage|Fun Board Games for Kids&Adults|Exciting Party Game for 1-4 Player for Kids 8-14
2026-04-29 08:36:54,694 | INFO | amazon_goods_monitor | 没有优惠券
2026-04-29 08:36:54,699 | INFO | amazon_goods_monitor | -----------开始爬取商品信息-----------
2026-04-29 08:36:56,211 | INFO | amazon_goods_monitor | -----------开始爬取商品流量信息-----------
2026-04-29 08:36:57,774 | INFO | amazon_goods_monitor | ✅ 加载 8 个代理
2026-04-29 08:36:57,774 | INFO | amazon_goods_monitor | -----------开始爬取优惠券信息-----------
2026-04-29 08:36:57,775 | INFO | amazon_goods_monitor | 开始抓取: https://www.amazon.com/dp/B097QZKFX3?th=1
2026-04-29 08:36:59,257 | INFO | amazon_goods_monitor | ✅ 已设置邮编 90002 (amazon.com)
2026-04-29 08:36:59,268 | INFO | amazon_goods_monitor | 📡 获取新代理: socks5://YKEW9SOB5S:32342415@218.78.129.68:15654
2026-04-29 08:36:59,268 | INFO | amazon_goods_monitor | 使用代理: 218.78.129.68:15654 (尝试 1/3)
2026-04-29 08:36:59,269 | INFO | amazon_goods_monitor | ⏳ 等待 0.1 秒...
2026-04-29 08:36:59,336 | INFO | amazon_goods_monitor | 请求URL: https://www.amazon.com/dp/B097QZKFX3?th=1
2026-04-29 08:37:02,401 | INFO | amazon_goods_monitor | ✅ 请求成功 - 状态码: 200
2026-04-29 08:37:03,373 | INFO | amazon_goods_monitor | 没有优惠券
2026-04-29 08:37:03,379 | INFO | amazon_goods_monitor | -----------开始爬取商品信息-----------
2026-04-29 08:37:04,925 | INFO | amazon_goods_monitor | -----------开始爬取商品流量信息-----------
2026-04-29 08:37:06,419 | INFO | amazon_goods_monitor | ✅ 加载 8 个代理
2026-04-29 08:37:06,419 | INFO | amazon_goods_monitor | -----------开始爬取优惠券信息-----------
2026-04-29 08:37:06,420 | INFO | amazon_goods_monitor | 开始抓取: https://www.amazon.com/dp/B0FG894YR7?th=1
2026-04-29 08:37:07,637 | INFO | amazon_goods_monitor | ✅ 已设置邮编 90002 (amazon.com)
2026-04-29 08:37:07,645 | INFO | amazon_goods_monitor | 📡 获取新代理: socks5://YKEW9SOB5S:32342415@218.78.129.68:15654
2026-04-29 08:37:07,645 | INFO | amazon_goods_monitor | 使用代理: 218.78.129.68:15654 (尝试 1/3)
2026-04-29 08:37:07,646 | INFO | amazon_goods_monitor | ⏳ 等待 0.7 秒...
2026-04-29 08:37:08,305 | INFO | amazon_goods_monitor | 请求URL: https://www.amazon.com/dp/B0FG894YR7?th=1
2026-04-29 08:37:10,987 | INFO | amazon_goods_monitor | ✅ 请求成功 - 状态码: 200
2026-04-29 08:37:11,926 | INFO | amazon_goods_monitor | 标题: Kids Microscope with Bug Catcher Kit, 1080P Digital Mini Handheld Microscope STEM Science Toy with LED Light, Rechargeable, Portable, Supports 64GB TF Card, Educational Gift for Kids Ages 3-12 (Blue)
2026-04-29 08:37:11,971 | INFO | amazon_goods_monitor | 没有优惠券
2026-04-29 08:37:11,976 | INFO | amazon_goods_monitor | -----------开始爬取商品信息-----------
2026-04-29 08:37:13,365 | INFO | amazon_goods_monitor | -----------开始爬取商品流量信息-----------
2026-04-29 08:37:14,841 | INFO | amazon_goods_monitor | ✅ 加载 8 个代理
2026-04-29 08:37:14,842 | INFO | amazon_goods_monitor | -----------开始爬取优惠券信息-----------
2026-04-29 08:37:14,842 | INFO | amazon_goods_monitor | 开始抓取: https://www.amazon.com/dp/B0FCT3Y7VY?th=1
2026-04-29 08:37:16,266 | INFO | amazon_goods_monitor | ✅ 已设置邮编 90002 (amazon.com)
2026-04-29 08:37:16,273 | INFO | amazon_goods_monitor | 📡 获取新代理: socks5://WVKYFTS670:14418351@121.14.201.248:11074
2026-04-29 08:37:16,274 | INFO | amazon_goods_monitor | 使用代理: 121.14.201.248:11074 (尝试 1/3)
2026-04-29 08:37:16,274 | INFO | amazon_goods_monitor | ⏳ 等待 0.6 秒...
2026-04-29 08:37:16,916 | INFO | amazon_goods_monitor | 请求URL: https://www.amazon.com/dp/B0FCT3Y7VY?th=1
2026-04-29 08:37:20,330 | INFO | amazon_goods_monitor | ✅ 请求成功 - 状态码: 200
2026-04-29 08:37:21,376 | INFO | amazon_goods_monitor | 没有优惠券
2026-04-29 08:37:21,382 | INFO | amazon_goods_monitor | -----------开始爬取商品信息-----------
2026-04-29 08:37:22,783 | INFO | amazon_goods_monitor | -----------开始爬取商品流量信息-----------
2026-04-29 08:37:24,268 | INFO | amazon_goods_monitor | ✅ 加载 8 个代理
2026-04-29 08:37:24,268 | INFO | amazon_goods_monitor | -----------开始爬取优惠券信息-----------
2026-04-29 08:37:24,269 | INFO | amazon_goods_monitor | 开始抓取: https://www.amazon.com/dp/B0FVN5C254?th=1
2026-04-29 08:37:25,604 | INFO | amazon_goods_monitor | ✅ 已设置邮编 90002 (amazon.com)
2026-04-29 08:37:25,611 | INFO | amazon_goods_monitor | 📡 获取新代理: socks5://WVKYFTS670:14418351@121.14.201.248:11074
2026-04-29 08:37:25,611 | INFO | amazon_goods_monitor | 使用代理: 121.14.201.248:11074 (尝试 1/3)
2026-04-29 08:37:25,612 | INFO | amazon_goods_monitor | ⏳ 等待 0.2 秒...
2026-04-29 08:37:25,850 | INFO | amazon_goods_monitor | 请求URL: https://www.amazon.com/dp/B0FVN5C254?th=1
2026-04-29 08:37:28,831 | INFO | amazon_goods_monitor | ✅ 请求成功 - 状态码: 200
2026-04-29 08:37:29,722 | INFO | amazon_goods_monitor | 标题: Pencil Nose Board Games for Family Night - The Ultimate Drawing Game - Kids Games, Family Game, Multi-Player, Party Game - Ages 8+
2026-04-29 08:37:29,771 | INFO | amazon_goods_monitor | 没有优惠券
2026-04-29 08:37:29,776 | INFO | amazon_goods_monitor | -----------开始爬取商品信息-----------
2026-04-29 08:37:31,594 | INFO | amazon_goods_monitor | -----------开始爬取商品流量信息-----------
2026-04-29 08:37:33,072 | INFO | amazon_goods_monitor | ✅ 加载 8 个代理
2026-04-29 08:37:33,072 | INFO | amazon_goods_monitor | -----------开始爬取优惠券信息-----------
2026-04-29 08:37:33,073 | INFO | amazon_goods_monitor | 开始抓取: https://www.amazon.com/dp/B0DMPKFX57?th=1
2026-04-29 08:37:35,206 | INFO | amazon_goods_monitor | ✅ 已设置邮编 90002 (amazon.com)
2026-04-29 08:37:35,216 | INFO | amazon_goods_monitor | 📡 获取新代理: socks5://XEZQOPMX7M:53843223@121.229.211.102:15252
2026-04-29 08:37:35,216 | INFO | amazon_goods_monitor | 使用代理: 121.229.211.102:15252 (尝试 1/3)
2026-04-29 08:37:35,217 | INFO | amazon_goods_monitor | ⏳ 等待 0.8 秒...
2026-04-29 08:37:36,060 | INFO | amazon_goods_monitor | 请求URL: https://www.amazon.com/dp/B0DMPKFX57?th=1
2026-04-29 08:37:39,297 | INFO | amazon_goods_monitor | ✅ 请求成功 - 状态码: 200
2026-04-29 08:37:40,455 | INFO | amazon_goods_monitor | 没有优惠券
2026-04-29 08:37:40,459 | INFO | amazon_goods_monitor | -----------开始爬取商品信息-----------
2026-04-29 08:37:41,964 | INFO | amazon_goods_monitor | -----------开始爬取商品流量信息-----------
2026-04-29 08:37:43,428 | INFO | amazon_goods_monitor | ✅ 加载 8 个代理
2026-04-29 08:37:43,428 | INFO | amazon_goods_monitor | -----------开始爬取优惠券信息-----------
2026-04-29 08:37:43,429 | INFO | amazon_goods_monitor | 开始抓取: https://www.amazon.com/Rechargeable-Separable-Magnetic-Hilarious-Adjustment/dp/B0GQ411T31
2026-04-29 08:37:44,575 | INFO | amazon_goods_monitor | ✅ 已设置邮编 90002 (amazon.com)
2026-04-29 08:37:44,585 | INFO | amazon_goods_monitor | 📡 获取新代理: socks5://EJ0WX0RSVB:02954261@125.75.68.73:17894
2026-04-29 08:37:44,585 | INFO | amazon_goods_monitor | 使用代理: 125.75.68.73:17894 (尝试 1/3)
2026-04-29 08:37:44,586 | INFO | amazon_goods_monitor | ⏳ 等待 0.0 秒...
2026-04-29 08:37:44,638 | INFO | amazon_goods_monitor | 请求URL: https://www.amazon.com/Rechargeable-Separable-Magnetic-Hilarious-Adjustment/dp/B0GQ411T31
2026-04-29 08:37:47,987 | INFO | amazon_goods_monitor | ✅ 请求成功 - 状态码: 200
2026-04-29 08:37:49,287 | INFO | amazon_goods_monitor | 没有优惠券
2026-04-29 08:37:49,292 | INFO | amazon_goods_monitor | -----------开始爬取商品信息-----------
2026-04-29 08:37:50,688 | INFO | amazon_goods_monitor | -----------开始爬取商品流量信息-----------
2026-04-29 08:37:52,551 | INFO | amazon_goods_monitor | ✅ 加载 8 个代理
2026-04-29 08:37:52,551 | INFO | amazon_goods_monitor | -----------开始爬取优惠券信息-----------
2026-04-29 08:37:52,552 | INFO | amazon_goods_monitor | 开始抓取: https://www.amazon.com/dp/B00B2FNHB6?th=1
2026-04-29 08:37:54,075 | INFO | amazon_goods_monitor | ✅ 已设置邮编 90002 (amazon.com)
2026-04-29 08:37:54,084 | INFO | amazon_goods_monitor | 📡 获取新代理: socks5://YKEW9SOB5S:32342415@218.78.129.68:15654
2026-04-29 08:37:54,084 | INFO | amazon_goods_monitor | 使用代理: 218.78.129.68:15654 (尝试 1/3)
2026-04-29 08:37:54,085 | INFO | amazon_goods_monitor | ⏳ 等待 0.8 秒...
2026-04-29 08:37:54,900 | INFO | amazon_goods_monitor | 请求URL: https://www.amazon.com/dp/B00B2FNHB6?th=1
2026-04-29 08:37:58,644 | INFO | amazon_goods_monitor | ✅ 请求成功 - 状态码: 200
2026-04-29 08:37:59,746 | INFO | amazon_goods_monitor | 没有优惠券
2026-04-29 08:37:59,750 | INFO | amazon_goods_monitor | -----------开始爬取商品信息-----------
2026-04-29 08:38:01,100 | INFO | amazon_goods_monitor | -----------开始爬取商品流量信息-----------
2026-04-29 08:38:02,766 | INFO | amazon_goods_monitor | ✅ 加载 8 个代理
2026-04-29 08:38:02,766 | INFO | amazon_goods_monitor | -----------开始爬取优惠券信息-----------
2026-04-29 08:38:02,767 | INFO | amazon_goods_monitor | 开始抓取: https://www.amazon.com/dp/B0CP4BSFB9?th=1
2026-04-29 08:38:05,162 | INFO | amazon_goods_monitor | ✅ 已设置邮编 90002 (amazon.com)
2026-04-29 08:38:05,170 | INFO | amazon_goods_monitor | 📡 获取新代理: socks5://WVKYFTS670:14418351@121.14.201.248:11074
2026-04-29 08:38:05,171 | INFO | amazon_goods_monitor | 使用代理: 121.14.201.248:11074 (尝试 1/3)
2026-04-29 08:38:05,172 | INFO | amazon_goods_monitor | ⏳ 等待 0.3 秒...
2026-04-29 08:38:05,519 | INFO | amazon_goods_monitor | 请求URL: https://www.amazon.com/dp/B0CP4BSFB9?th=1
2026-04-29 08:38:09,103 | INFO | amazon_goods_monitor | ✅ 请求成功 - 状态码: 200
2026-04-29 08:38:10,127 | INFO | amazon_goods_monitor | 没有优惠券
2026-04-29 08:38:10,131 | INFO | amazon_goods_monitor | -----------开始爬取商品信息-----------
2026-04-29 08:38:11,816 | INFO | amazon_goods_monitor | -----------开始爬取商品流量信息-----------
2026-04-29 08:38:13,399 | INFO | amazon_goods_monitor | ✅ 加载 8 个代理
2026-04-29 08:38:13,399 | INFO | amazon_goods_monitor | -----------开始爬取优惠券信息-----------
2026-04-29 08:38:13,400 | INFO | amazon_goods_monitor | 开始抓取: https://www.amazon.com/dp/B0FCRTHRMZ?th=1
2026-04-29 08:38:14,905 | INFO | amazon_goods_monitor | ✅ 已设置邮编 90002 (amazon.com)
2026-04-29 08:38:14,913 | INFO | amazon_goods_monitor | 📡 获取新代理: socks5://EJ0WX0RSVB:02954261@125.75.68.73:17894
2026-04-29 08:38:14,913 | INFO | amazon_goods_monitor | 使用代理: 125.75.68.73:17894 (尝试 1/3)
2026-04-29 08:38:14,913 | INFO | amazon_goods_monitor | ⏳ 等待 0.3 秒...
2026-04-29 08:38:15,184 | INFO | amazon_goods_monitor | 请求URL: https://www.amazon.com/dp/B0FCRTHRMZ?th=1
2026-04-29 08:38:18,540 | INFO | amazon_goods_monitor | ✅ 请求成功 - 状态码: 200
2026-04-29 08:38:19,494 | INFO | amazon_goods_monitor | 标题: Marble Balance Game - 50 Colorful Marbles with Built-in Storage, Fun Family Challenge for 1-4 Players, Educational Toy for Kids & Adults, Perfect for Parties, Travel & Birthday Gifts (Pumpkin Orange)
2026-04-29 08:38:19,539 | INFO | amazon_goods_monitor | 没有优惠券
2026-04-29 08:38:19,544 | INFO | amazon_goods_monitor | -----------开始爬取商品信息-----------
2026-04-29 08:38:20,991 | INFO | amazon_goods_monitor | -----------开始爬取商品流量信息-----------
2026-04-29 08:38:22,633 | INFO | amazon_goods_monitor | ✅ 加载 8 个代理
2026-04-29 08:38:22,634 | INFO | amazon_goods_monitor | -----------开始爬取优惠券信息-----------
2026-04-29 08:38:22,634 | INFO | amazon_goods_monitor | 开始抓取: https://www.amazon.com/dp/B0FX3Q1JS4?th=1
2026-04-29 08:38:23,778 | INFO | amazon_goods_monitor | ✅ 已设置邮编 90002 (amazon.com)
2026-04-29 08:38:23,787 | INFO | amazon_goods_monitor | 📡 获取新代理: socks5://YKEW9SOB5S:32342415@218.78.129.68:15654
2026-04-29 08:38:23,787 | INFO | amazon_goods_monitor | 使用代理: 218.78.129.68:15654 (尝试 1/3)
2026-04-29 08:38:23,788 | INFO | amazon_goods_monitor | ⏳ 等待 0.4 秒...
2026-04-29 08:38:24,194 | INFO | amazon_goods_monitor | 请求URL: https://www.amazon.com/dp/B0FX3Q1JS4?th=1
2026-04-29 08:38:27,281 | INFO | amazon_goods_monitor | ✅ 请求成功 - 状态码: 200
2026-04-29 08:38:28,223 | INFO | amazon_goods_monitor | 没有优惠券
2026-04-29 08:38:28,226 | INFO | amazon_goods_monitor | -----------开始爬取商品信息-----------
2026-04-29 08:38:29,612 | INFO | amazon_goods_monitor | -----------开始爬取商品流量信息-----------
2026-04-29 08:38:31,011 | INFO | amazon_goods_monitor | ✅ 加载 8 个代理
2026-04-29 08:38:31,012 | INFO | amazon_goods_monitor | -----------开始爬取优惠券信息-----------
2026-04-29 08:38:31,012 | INFO | amazon_goods_monitor | 开始抓取: https://www.amazon.com/dp/B0FH4JPV12?th=1
2026-04-29 08:38:32,158 | INFO | amazon_goods_monitor | ✅ 已设置邮编 90002 (amazon.com)
2026-04-29 08:38:32,163 | INFO | amazon_goods_monitor | 📡 获取新代理: socks5://PXBHAK1C2C:80609506@1.194.218.235:12509
2026-04-29 08:38:32,163 | INFO | amazon_goods_monitor | 使用代理: 1.194.218.235:12509 (尝试 1/3)
2026-04-29 08:38:32,163 | INFO | amazon_goods_monitor | ⏳ 等待 0.1 秒...
2026-04-29 08:38:32,266 | INFO | amazon_goods_monitor | 请求URL: https://www.amazon.com/dp/B0FH4JPV12?th=1
2026-04-29 08:38:35,360 | INFO | amazon_goods_monitor | ✅ 请求成功 - 状态码: 200
2026-04-29 08:38:36,323 | INFO | amazon_goods_monitor | 没有优惠券
2026-04-29 08:38:36,327 | INFO | amazon_goods_monitor | -----------开始爬取商品信息-----------
2026-04-29 08:38:38,291 | INFO | amazon_goods_monitor | -----------开始爬取商品流量信息-----------
2026-04-29 08:38:39,894 | INFO | amazon_goods_monitor | ✅ 加载 8 个代理
2026-04-29 08:38:39,894 | INFO | amazon_goods_monitor | -----------开始爬取优惠券信息-----------
2026-04-29 08:38:39,895 | INFO | amazon_goods_monitor | 开始抓取: https://www.amazon.com/dp/B0DCNYNCR4?th=1
2026-04-29 08:38:41,204 | INFO | amazon_goods_monitor | ✅ 已设置邮编 90002 (amazon.com)
2026-04-29 08:38:41,211 | INFO | amazon_goods_monitor | 📡 获取新代理: socks5://LLW0BU7VGQ:39267509@124.236.76.149:17745
2026-04-29 08:38:41,211 | INFO | amazon_goods_monitor | 使用代理: 124.236.76.149:17745 (尝试 1/3)
2026-04-29 08:38:41,211 | INFO | amazon_goods_monitor | ⏳ 等待 0.4 秒...
2026-04-29 08:38:41,602 | INFO | amazon_goods_monitor | 请求URL: https://www.amazon.com/dp/B0DCNYNCR4?th=1
2026-04-29 08:38:44,517 | INFO | amazon_goods_monitor | ✅ 请求成功 - 状态码: 200
2026-04-29 08:38:45,517 | INFO | amazon_goods_monitor | 标题: Classic Sound Effects Machine, Prankster Stuff for Adults, Funny Sound Maker, Sound Machine with 16 Sound Effects, Prank Noise Maker Prank Portable Electronic Sound Maker Novelty Prank Gift for Adults
2026-04-29 08:38:45,562 | INFO | amazon_goods_monitor | 没有优惠券
2026-04-29 08:38:45,566 | INFO | amazon_goods_monitor | -----------开始爬取商品信息-----------
2026-04-29 08:38:47,110 | INFO | amazon_goods_monitor | -----------开始爬取商品流量信息-----------
2026-04-29 08:38:48,492 | INFO | amazon_goods_monitor | ✅ 加载 8 个代理
2026-04-29 08:38:48,492 | INFO | amazon_goods_monitor | -----------开始爬取优惠券信息-----------
2026-04-29 08:38:48,492 | INFO | amazon_goods_monitor | 开始抓取: https://www.amazon.com/dp/B0CRC647BC?th=1
2026-04-29 08:38:49,655 | INFO | amazon_goods_monitor | ✅ 已设置邮编 90002 (amazon.com)
2026-04-29 08:38:49,664 | INFO | amazon_goods_monitor | 📡 获取新代理: socks5://WVKYFTS670:14418351@121.14.201.248:11074
2026-04-29 08:38:49,664 | INFO | amazon_goods_monitor | 使用代理: 121.14.201.248:11074 (尝试 1/3)
2026-04-29 08:38:49,664 | INFO | amazon_goods_monitor | ⏳ 等待 0.0 秒...
2026-04-29 08:38:49,706 | INFO | amazon_goods_monitor | 请求URL: https://www.amazon.com/dp/B0CRC647BC?th=1
2026-04-29 08:38:52,784 | INFO | amazon_goods_monitor | ✅ 请求成功 - 状态码: 200
2026-04-29 08:38:53,727 | INFO | amazon_goods_monitor | 没有优惠券
2026-04-29 08:38:53,731 | INFO | amazon_goods_monitor | -----------开始爬取商品信息-----------
2026-04-29 08:38:55,190 | INFO | amazon_goods_monitor | -----------开始爬取商品流量信息-----------
2026-04-29 08:38:56,516 | INFO | amazon_goods_monitor | ✅ 加载 8 个代理
2026-04-29 08:38:56,517 | INFO | amazon_goods_monitor | -----------开始爬取优惠券信息-----------
2026-04-29 08:38:56,517 | INFO | amazon_goods_monitor | 开始抓取: https://www.amazon.com/dp/B0DR9MQYDW?psc=1
2026-04-29 08:38:57,796 | INFO | amazon_goods_monitor | ✅ 已设置邮编 90002 (amazon.com)
2026-04-29 08:38:57,807 | INFO | amazon_goods_monitor | 📡 获取新代理: socks5://W9JFIJCY7Z:46344650@118.253.177.190:11193
2026-04-29 08:38:57,807 | INFO | amazon_goods_monitor | 使用代理: 118.253.177.190:11193 (尝试 1/3)
2026-04-29 08:38:57,807 | INFO | amazon_goods_monitor | ⏳ 等待 0.3 秒...
2026-04-29 08:38:58,126 | INFO | amazon_goods_monitor | 请求URL: https://www.amazon.com/dp/B0DR9MQYDW?psc=1
2026-04-29 08:39:01,727 | INFO | amazon_goods_monitor | ✅ 请求成功 - 状态码: 200
2026-04-29 08:39:02,847 | INFO | amazon_goods_monitor | 没有优惠券
2026-04-29 08:39:02,851 | INFO | amazon_goods_monitor | -----------开始爬取商品信息-----------
2026-04-29 08:39:04,531 | INFO | amazon_goods_monitor | -----------开始爬取商品流量信息-----------
2026-04-29 08:39:05,988 | INFO | amazon_goods_monitor | ✅ 加载 8 个代理
2026-04-29 08:39:05,988 | INFO | amazon_goods_monitor | -----------开始爬取优惠券信息-----------
2026-04-29 08:39:05,989 | INFO | amazon_goods_monitor | 开始抓取: https://www.amazon.com/Aitbay-Counting-Educational-Childrens-Learning/dp/B07XY2G6Q5
2026-04-29 08:39:07,233 | INFO | amazon_goods_monitor | ✅ 已设置邮编 90002 (amazon.com)
2026-04-29 08:39:07,242 | INFO | amazon_goods_monitor | 📡 获取新代理: socks5://YKEW9SOB5S:32342415@218.78.129.68:15654
2026-04-29 08:39:07,243 | INFO | amazon_goods_monitor | 使用代理: 218.78.129.68:15654 (尝试 1/3)
2026-04-29 08:39:07,243 | INFO | amazon_goods_monitor | ⏳ 等待 0.9 秒...
2026-04-29 08:39:08,162 | INFO | amazon_goods_monitor | 请求URL: https://www.amazon.com/Aitbay-Counting-Educational-Childrens-Learning/dp/B07XY2G6Q5
2026-04-29 08:39:14,025 | INFO | amazon_goods_monitor | ✅ 请求成功 - 状态码: 200
2026-04-29 08:39:15,069 | INFO | amazon_goods_monitor | 没有优惠券
2026-04-29 08:39:15,072 | INFO | amazon_goods_monitor | -----------开始爬取商品信息-----------
2026-04-29 08:39:16,630 | INFO | amazon_goods_monitor | -----------开始爬取商品流量信息-----------
2026-04-29 08:39:18,316 | INFO | amazon_goods_monitor | ✅ 加载 8 个代理
2026-04-29 08:39:18,317 | INFO | amazon_goods_monitor | -----------开始爬取优惠券信息-----------
2026-04-29 08:39:18,318 | INFO | amazon_goods_monitor | 开始抓取: https://www.amazon.com/dp/B0G1NGBF2N?psc=1
2026-04-29 08:39:19,617 | INFO | amazon_goods_monitor | ✅ 已设置邮编 90002 (amazon.com)
2026-04-29 08:39:19,625 | INFO | amazon_goods_monitor | 📡 获取新代理: socks5://YKEW9SOB5S:32342415@218.78.129.68:15654
2026-04-29 08:39:19,625 | INFO | amazon_goods_monitor | 使用代理: 218.78.129.68:15654 (尝试 1/3)
2026-04-29 08:39:19,625 | INFO | amazon_goods_monitor | ⏳ 等待 0.0 秒...
2026-04-29 08:39:19,670 | INFO | amazon_goods_monitor | 请求URL: https://www.amazon.com/dp/B0G1NGBF2N?psc=1
2026-04-29 08:39:26,256 | INFO | amazon_goods_monitor | ✅ 请求成功 - 状态码: 200
2026-04-29 08:39:27,177 | INFO | amazon_goods_monitor | 优惠券: Apply 10% couponTerms
2026-04-29 08:39:27,182 | INFO | amazon_goods_monitor | -----------开始爬取商品信息-----------
2026-04-29 08:39:28,532 | INFO | amazon_goods_monitor | -----------开始爬取商品流量信息-----------
2026-04-29 08:39:30,047 | INFO | amazon_goods_monitor | ✅ 加载 8 个代理
2026-04-29 08:39:30,047 | INFO | amazon_goods_monitor | -----------开始爬取优惠券信息-----------
2026-04-29 08:39:30,048 | INFO | amazon_goods_monitor | 开始抓取: https://www.amazon.com/dp/B0FQVD5HCF?th=1
2026-04-29 08:39:31,274 | INFO | amazon_goods_monitor | ✅ 已设置邮编 90002 (amazon.com)
2026-04-29 08:39:31,281 | INFO | amazon_goods_monitor | 📡 获取新代理: socks5://WVKYFTS670:14418351@121.14.201.248:11074
2026-04-29 08:39:31,282 | INFO | amazon_goods_monitor | 使用代理: 121.14.201.248:11074 (尝试 1/3)
2026-04-29 08:39:31,282 | INFO | amazon_goods_monitor | ⏳ 等待 0.8 秒...
2026-04-29 08:39:32,042 | INFO | amazon_goods_monitor | 请求URL: https://www.amazon.com/dp/B0FQVD5HCF?th=1
2026-04-29 08:39:35,173 | INFO | amazon_goods_monitor | ✅ 请求成功 - 状态码: 200
2026-04-29 08:39:36,021 | INFO | amazon_goods_monitor | 优惠券: Apply 20% couponTerms
2026-04-29 08:39:36,026 | INFO | amazon_goods_monitor | -----------开始爬取商品信息-----------
2026-04-29 08:39:37,533 | INFO | amazon_goods_monitor | -----------开始爬取商品流量信息-----------
2026-04-29 08:39:38,979 | INFO | amazon_goods_monitor | ✅ 加载 8 个代理
2026-04-29 08:39:38,979 | INFO | amazon_goods_monitor | -----------开始爬取优惠券信息-----------
2026-04-29 08:39:38,980 | INFO | amazon_goods_monitor | 开始抓取: https://www.amazon.com/dp/B0FQNZNP5P?th=1
2026-04-29 08:39:40,129 | INFO | amazon_goods_monitor | ✅ 已设置邮编 90002 (amazon.com)
2026-04-29 08:39:40,140 | INFO | amazon_goods_monitor | 📡 获取新代理: socks5://LLW0BU7VGQ:39267509@124.236.76.149:17745
2026-04-29 08:39:40,140 | INFO | amazon_goods_monitor | 使用代理: 124.236.76.149:17745 (尝试 1/3)
2026-04-29 08:39:40,141 | INFO | amazon_goods_monitor | ⏳ 等待 0.1 秒...
2026-04-29 08:39:40,272 | INFO | amazon_goods_monitor | 请求URL: https://www.amazon.com/dp/B0FQNZNP5P?th=1
2026-04-29 08:39:43,578 | INFO | amazon_goods_monitor | ✅ 请求成功 - 状态码: 200
2026-04-29 08:39:44,656 | INFO | amazon_goods_monitor | 没有优惠券
2026-04-29 08:39:44,661 | INFO | amazon_goods_monitor | -----------开始爬取商品信息-----------
2026-04-29 08:39:46,042 | INFO | amazon_goods_monitor | -----------开始爬取商品流量信息-----------
2026-04-29 08:39:47,465 | INFO | amazon_goods_monitor | ✅ 加载 8 个代理
2026-04-29 08:39:47,466 | INFO | amazon_goods_monitor | -----------开始爬取优惠券信息-----------
2026-04-29 08:39:47,466 | INFO | amazon_goods_monitor | 开始抓取: https://www.amazon.com/dp/B0D92S95CL?th=1
2026-04-29 08:39:48,591 | INFO | amazon_goods_monitor | ✅ 已设置邮编 90002 (amazon.com)
2026-04-29 08:39:48,594 | INFO | amazon_goods_monitor | 📡 获取新代理: socks5://EJ0WX0RSVB:02954261@125.75.68.73:17894
2026-04-29 08:39:48,595 | INFO | amazon_goods_monitor | 使用代理: 125.75.68.73:17894 (尝试 1/3)
2026-04-29 08:39:48,595 | INFO | amazon_goods_monitor | ⏳ 等待 0.5 秒...
2026-04-29 08:39:49,126 | INFO | amazon_goods_monitor | 请求URL: https://www.amazon.com/dp/B0D92S95CL?th=1
2026-04-29 08:39:52,006 | INFO | amazon_goods_monitor | ✅ 请求成功 - 状态码: 200
2026-04-29 08:39:53,277 | INFO | amazon_goods_monitor | 标题: Gelabur Set of 4 Buzzers for Trivia Games, Answer Buzzers for Classroom, Family Feud Jeopardy Buzzer, Game Buzzers with Lights and Sound for Classroom, Game Show Buzzer Buttons
2026-04-29 08:39:53,324 | INFO | amazon_goods_monitor | 没有优惠券
2026-04-29 08:39:53,330 | INFO | amazon_goods_monitor | -----------开始爬取商品信息-----------
2026-04-29 08:39:54,781 | INFO | amazon_goods_monitor | -----------开始爬取商品流量信息-----------
2026-04-29 08:39:56,156 | INFO | amazon_goods_monitor | ✅ 加载 8 个代理
2026-04-29 08:39:56,157 | INFO | amazon_goods_monitor | -----------开始爬取优惠券信息-----------
2026-04-29 08:39:56,157 | INFO | amazon_goods_monitor | 开始抓取: https://www.amazon.com/dp/B0FQQWTDF7?psc=1
2026-04-29 08:39:57,270 | INFO | amazon_goods_monitor | ✅ 已设置邮编 90002 (amazon.com)
2026-04-29 08:39:57,278 | INFO | amazon_goods_monitor | 📡 获取新代理: socks5://YKEW9SOB5S:32342415@218.78.129.68:15654
2026-04-29 08:39:57,279 | INFO | amazon_goods_monitor | 使用代理: 218.78.129.68:15654 (尝试 1/3)
2026-04-29 08:39:57,279 | INFO | amazon_goods_monitor | ⏳ 等待 0.6 秒...
2026-04-29 08:39:58,069 | INFO | amazon_goods_monitor | 请求URL: https://www.amazon.com/dp/B0FQQWTDF7?psc=1
2026-04-29 08:40:01,148 | INFO | amazon_goods_monitor | ✅ 请求成功 - 状态码: 200
2026-04-29 08:40:02,155 | INFO | amazon_goods_monitor | 没有优惠券
2026-04-29 08:40:02,160 | INFO | amazon_goods_monitor | -----------开始爬取商品信息-----------
2026-04-29 08:40:03,585 | INFO | amazon_goods_monitor | -----------开始爬取商品流量信息-----------
2026-04-29 08:40:05,049 | INFO | amazon_goods_monitor | ✅ 加载 8 个代理
2026-04-29 08:40:05,050 | INFO | amazon_goods_monitor | -----------开始爬取优惠券信息-----------
2026-04-29 08:40:05,050 | INFO | amazon_goods_monitor | 开始抓取: https://www.amazon.com/dp/B0DVH8F4VR?th=1
2026-04-29 08:40:06,197 | INFO | amazon_goods_monitor | ✅ 已设置邮编 90002 (amazon.com)
2026-04-29 08:40:06,201 | INFO | amazon_goods_monitor | 📡 获取新代理: socks5://XEZQOPMX7M:53843223@121.229.211.102:15252
2026-04-29 08:40:06,202 | INFO | amazon_goods_monitor | 使用代理: 121.229.211.102:15252 (尝试 1/3)
2026-04-29 08:40:06,202 | INFO | amazon_goods_monitor | ⏳ 等待 0.9 秒...
2026-04-29 08:40:07,139 | INFO | amazon_goods_monitor | 请求URL: https://www.amazon.com/dp/B0DVH8F4VR?th=1
2026-04-29 08:40:10,499 | INFO | amazon_goods_monitor | ✅ 请求成功 - 状态码: 200
2026-04-29 08:40:11,552 | INFO | amazon_goods_monitor | 没有优惠券
2026-04-29 08:40:11,557 | INFO | amazon_goods_monitor | -----------开始爬取商品信息-----------
2026-04-29 08:40:13,105 | INFO | amazon_goods_monitor | -----------开始爬取商品流量信息-----------
2026-04-29 08:40:14,682 | INFO | amazon_goods_monitor | ✅ 加载 8 个代理
2026-04-29 08:40:14,682 | INFO | amazon_goods_monitor | -----------开始爬取优惠券信息-----------
2026-04-29 08:40:14,682 | INFO | amazon_goods_monitor | 开始抓取: https://www.amazon.com/dp/B0FW53S5G9?th=1
2026-04-29 08:40:15,820 | INFO | amazon_goods_monitor | ✅ 已设置邮编 90002 (amazon.com)
2026-04-29 08:40:15,828 | INFO | amazon_goods_monitor | 📡 获取新代理: socks5://EJ0WX0RSVB:02954261@125.75.68.73:17894
2026-04-29 08:40:15,829 | INFO | amazon_goods_monitor | 使用代理: 125.75.68.73:17894 (尝试 1/3)
2026-04-29 08:40:15,829 | INFO | amazon_goods_monitor | ⏳ 等待 0.3 秒...
2026-04-29 08:40:16,110 | INFO | amazon_goods_monitor | 请求URL: https://www.amazon.com/dp/B0FW53S5G9?th=1
2026-04-29 08:40:19,433 | INFO | amazon_goods_monitor | ✅ 请求成功 - 状态码: 200
2026-04-29 08:40:20,347 | INFO | amazon_goods_monitor | 没有优惠券
2026-04-29 08:40:20,351 | INFO | amazon_goods_monitor | -----------开始爬取商品信息-----------
2026-04-29 08:40:21,761 | INFO | amazon_goods_monitor | -----------开始爬取商品流量信息-----------
2026-04-29 08:40:23,605 | INFO | amazon_goods_monitor | ✅ 加载 8 个代理
2026-04-29 08:40:23,605 | INFO | amazon_goods_monitor | -----------开始爬取优惠券信息-----------
2026-04-29 08:40:23,606 | INFO | amazon_goods_monitor | 开始抓取: https://www.amazon.com/dp/B0DS8894QY?psc=1
2026-04-29 08:40:24,709 | INFO | amazon_goods_monitor | ✅ 已设置邮编 90002 (amazon.com)
2026-04-29 08:40:24,718 | INFO | amazon_goods_monitor | 📡 获取新代理: socks5://LLW0BU7VGQ:39267509@124.236.76.149:17745
2026-04-29 08:40:24,718 | INFO | amazon_goods_monitor | 使用代理: 124.236.76.149:17745 (尝试 1/3)
2026-04-29 08:40:24,718 | INFO | amazon_goods_monitor | ⏳ 等待 0.8 秒...
2026-04-29 08:40:25,500 | INFO | amazon_goods_monitor | 请求URL: https://www.amazon.com/dp/B0DS8894QY?psc=1
2026-04-29 08:40:29,088 | INFO | amazon_goods_monitor | ✅ 请求成功 - 状态码: 200
2026-04-29 08:40:30,137 | INFO | amazon_goods_monitor | 没有优惠券
2026-04-29 08:40:30,142 | INFO | amazon_goods_monitor | -----------开始爬取商品信息-----------
2026-04-29 08:40:31,588 | INFO | amazon_goods_monitor | -----------开始爬取商品流量信息-----------
2026-04-29 08:40:33,128 | INFO | amazon_goods_monitor | ✅ 加载 8 个代理
2026-04-29 08:40:33,128 | INFO | amazon_goods_monitor | -----------开始爬取优惠券信息-----------
2026-04-29 08:40:33,129 | INFO | amazon_goods_monitor | 开始抓取: https://www.amazon.com/dp/B0DLLPKNWL?th=1
2026-04-29 08:40:34,321 | INFO | amazon_goods_monitor | ✅ 已设置邮编 90002 (amazon.com)
2026-04-29 08:40:34,329 | INFO | amazon_goods_monitor | 📡 获取新代理: socks5://PXBHAK1C2C:80609506@1.194.218.235:12509
2026-04-29 08:40:34,330 | INFO | amazon_goods_monitor | 使用代理: 1.194.218.235:12509 (尝试 1/3)
2026-04-29 08:40:34,330 | INFO | amazon_goods_monitor | ⏳ 等待 0.4 秒...
2026-04-29 08:40:34,777 | INFO | amazon_goods_monitor | 请求URL: https://www.amazon.com/dp/B0DLLPKNWL?th=1
2026-04-29 08:40:38,155 | INFO | amazon_goods_monitor | ✅ 请求成功 - 状态码: 200
2026-04-29 08:40:39,390 | INFO | amazon_goods_monitor | 没有优惠券
2026-04-29 08:40:39,395 | INFO | amazon_goods_monitor | -----------开始爬取商品信息-----------
2026-04-29 08:40:40,775 | INFO | amazon_goods_monitor | -----------开始爬取商品流量信息-----------
2026-04-29 08:40:42,554 | INFO | amazon_goods_monitor | ✅ 加载 8 个代理
2026-04-29 08:40:42,554 | INFO | amazon_goods_monitor | -----------开始爬取优惠券信息-----------
2026-04-29 08:40:42,554 | INFO | amazon_goods_monitor | 开始抓取: https://www.amazon.com/dp/B0FH5JPNHV?th=1
2026-04-29 08:40:44,949 | INFO | amazon_goods_monitor | ✅ 已设置邮编 90002 (amazon.com)
2026-04-29 08:40:44,958 | INFO | amazon_goods_monitor | 📡 获取新代理: socks5://PXBHAK1C2C:80609506@1.194.218.235:12509
2026-04-29 08:40:44,958 | INFO | amazon_goods_monitor | 使用代理: 1.194.218.235:12509 (尝试 1/3)
2026-04-29 08:40:44,958 | INFO | amazon_goods_monitor | ⏳ 等待 0.1 秒...
2026-04-29 08:40:45,067 | INFO | amazon_goods_monitor | 请求URL: https://www.amazon.com/dp/B0FH5JPNHV?th=1
2026-04-29 08:40:47,977 | INFO | amazon_goods_monitor | ✅ 请求成功 - 状态码: 200
2026-04-29 08:40:48,935 | INFO | amazon_goods_monitor | 没有优惠券
2026-04-29 08:40:48,940 | INFO | amazon_goods_monitor | -----------开始爬取商品信息-----------
2026-04-29 08:40:50,416 | INFO | amazon_goods_monitor | -----------开始爬取商品流量信息-----------
2026-04-29 08:40:51,838 | INFO | amazon_goods_monitor | ✅ 加载 8 个代理
2026-04-29 08:40:51,839 | INFO | amazon_goods_monitor | -----------开始爬取优惠券信息-----------
2026-04-29 08:40:51,839 | INFO | amazon_goods_monitor | 开始抓取: https://www.amazon.com/dp/B0FYJ7PWBY?th=1
2026-04-29 08:40:52,973 | INFO | amazon_goods_monitor | ✅ 已设置邮编 90002 (amazon.com)
2026-04-29 08:40:52,981 | INFO | amazon_goods_monitor | 📡 获取新代理: socks5://LLW0BU7VGQ:39267509@124.236.76.149:17745
2026-04-29 08:40:52,981 | INFO | amazon_goods_monitor | 使用代理: 124.236.76.149:17745 (尝试 1/3)
2026-04-29 08:40:52,981 | INFO | amazon_goods_monitor | ⏳ 等待 0.6 秒...
2026-04-29 08:40:53,620 | INFO | amazon_goods_monitor | 请求URL: https://www.amazon.com/dp/B0FYJ7PWBY?th=1
2026-04-29 08:40:57,067 | INFO | amazon_goods_monitor | ✅ 请求成功 - 状态码: 200
2026-04-29 08:40:58,116 | INFO | amazon_goods_monitor | 标题: Color Stack Challenge by Relatable – A Fast-Paced Color Matching Puzzle Game for Fun Parties and Family Game Night. Includes 2 Stack Racks, 50 Challenge Cards, 80 Rings & Instructions.
2026-04-29 08:40:58,160 | INFO | amazon_goods_monitor | 没有优惠券
2026-04-29 08:40:58,165 | INFO | amazon_goods_monitor | -----------开始爬取商品信息-----------
2026-04-29 08:41:00,241 | INFO | amazon_goods_monitor | -----------开始爬取商品流量信息-----------
2026-04-29 08:41:01,873 | INFO | amazon_goods_monitor | ✅ 加载 8 个代理
2026-04-29 08:41:01,873 | INFO | amazon_goods_monitor | -----------开始爬取优惠券信息-----------
2026-04-29 08:41:01,874 | INFO | amazon_goods_monitor | 开始抓取: https://www.amazon.com/dp/B0FMF7V6NV?th=1
2026-04-29 08:41:02,985 | INFO | amazon_goods_monitor | ✅ 已设置邮编 90002 (amazon.com)
2026-04-29 08:41:02,994 | INFO | amazon_goods_monitor | 📡 获取新代理: socks5://YKEW9SOB5S:32342415@218.78.129.68:15654
2026-04-29 08:41:02,994 | INFO | amazon_goods_monitor | 使用代理: 218.78.129.68:15654 (尝试 1/3)
2026-04-29 08:41:02,994 | INFO | amazon_goods_monitor | ⏳ 等待 0.5 秒...
2026-04-29 08:41:03,531 | INFO | amazon_goods_monitor | 请求URL: https://www.amazon.com/dp/B0FMF7V6NV?th=1
2026-04-29 08:41:11,522 | INFO | amazon_goods_monitor | ✅ 请求成功 - 状态码: 200
2026-04-29 08:41:12,473 | INFO | amazon_goods_monitor | 没有优惠券
2026-04-29 08:41:12,477 | INFO | amazon_goods_monitor | -----------开始爬取商品信息-----------
2026-04-29 08:41:13,835 | INFO | amazon_goods_monitor | -----------开始爬取商品流量信息-----------
2026-04-29 08:41:15,440 | INFO | amazon_goods_monitor | ✅ 加载 8 个代理
2026-04-29 08:41:15,440 | INFO | amazon_goods_monitor | -----------开始爬取优惠券信息-----------
2026-04-29 08:41:15,441 | INFO | amazon_goods_monitor | 开始抓取: https://www.amazon.com/dp/B0BZT443MB?th=1
2026-04-29 08:41:16,639 | INFO | amazon_goods_monitor | ✅ 已设置邮编 90002 (amazon.com)
2026-04-29 08:41:16,648 | INFO | amazon_goods_monitor | 📡 获取新代理: socks5://AIHARVNXPM:57446815@124.225.4.69:12533
2026-04-29 08:41:16,648 | INFO | amazon_goods_monitor | 使用代理: 124.225.4.69:12533 (尝试 1/3)
2026-04-29 08:41:16,649 | INFO | amazon_goods_monitor | ⏳ 等待 0.9 秒...
2026-04-29 08:41:17,519 | INFO | amazon_goods_monitor | 请求URL: https://www.amazon.com/dp/B0BZT443MB?th=1
2026-04-29 08:41:21,146 | INFO | amazon_goods_monitor | ✅ 请求成功 - 状态码: 200
2026-04-29 08:41:22,191 | INFO | amazon_goods_monitor | 没有优惠券
2026-04-29 08:41:22,196 | INFO | amazon_goods_monitor | -----------开始爬取商品信息-----------
2026-04-29 08:41:23,817 | INFO | amazon_goods_monitor | -----------开始爬取商品流量信息-----------
2026-04-29 08:41:25,271 | INFO | amazon_goods_monitor | ✅ 加载 8 个代理
2026-04-29 08:41:25,271 | INFO | amazon_goods_monitor | -----------开始爬取优惠券信息-----------
2026-04-29 08:41:25,271 | INFO | amazon_goods_monitor | 开始抓取: https://www.amazon.com/dp/B000JQ5AZK?th=1
2026-04-29 08:41:26,371 | INFO | amazon_goods_monitor | ✅ 已设置邮编 90002 (amazon.com)
2026-04-29 08:41:26,380 | INFO | amazon_goods_monitor | 📡 获取新代理: socks5://YKEW9SOB5S:32342415@218.78.129.68:15654
2026-04-29 08:41:26,380 | INFO | amazon_goods_monitor | 使用代理: 218.78.129.68:15654 (尝试 1/3)
2026-04-29 08:41:26,380 | INFO | amazon_goods_monitor | ⏳ 等待 0.6 秒...
2026-04-29 08:41:26,966 | INFO | amazon_goods_monitor | 请求URL: https://www.amazon.com/dp/B000JQ5AZK?th=1
2026-04-29 08:41:30,308 | INFO | amazon_goods_monitor | ✅ 请求成功 - 状态码: 200
2026-04-29 08:41:31,331 | INFO | amazon_goods_monitor | 标题: Carson BugView 5X Magnifying Glass Quick-Release Bug Catcher Indoor and Outdoor Tool for Kids or Adults (HU-10)
2026-04-29 08:41:31,381 | INFO | amazon_goods_monitor | 没有优惠券
2026-04-29 08:41:31,385 | INFO | amazon_goods_monitor | -----------开始爬取商品信息-----------
2026-04-29 08:41:32,790 | INFO | amazon_goods_monitor | -----------开始爬取商品流量信息-----------
2026-04-29 08:41:34,397 | INFO | amazon_goods_monitor | ✅ 加载 8 个代理
2026-04-29 08:41:34,398 | INFO | amazon_goods_monitor | -----------开始爬取优惠券信息-----------
2026-04-29 08:41:34,398 | INFO | amazon_goods_monitor | 开始抓取: https://www.amazon.com/dp/B0FG6Z7S66?th=1
2026-04-29 08:41:35,589 | INFO | amazon_goods_monitor | ✅ 已设置邮编 90002 (amazon.com)
2026-04-29 08:41:35,597 | INFO | amazon_goods_monitor | 📡 获取新代理: socks5://W9JFIJCY7Z:46344650@118.253.177.190:11193
2026-04-29 08:41:35,597 | INFO | amazon_goods_monitor | 使用代理: 118.253.177.190:11193 (尝试 1/3)
2026-04-29 08:41:35,597 | INFO | amazon_goods_monitor | ⏳ 等待 0.7 秒...
2026-04-29 08:41:36,357 | INFO | amazon_goods_monitor | 请求URL: https://www.amazon.com/dp/B0FG6Z7S66?th=1
2026-04-29 08:41:39,439 | INFO | amazon_goods_monitor | ✅ 请求成功 - 状态码: 200
2026-04-29 08:41:40,380 | INFO | amazon_goods_monitor | 没有优惠券
2026-04-29 08:41:40,384 | INFO | amazon_goods_monitor | -----------开始爬取商品信息-----------
2026-04-29 08:41:41,804 | INFO | amazon_goods_monitor | -----------开始爬取商品流量信息-----------
2026-04-29 08:41:43,197 | INFO | amazon_goods_monitor | ✅ 加载 8 个代理
2026-04-29 08:41:43,197 | INFO | amazon_goods_monitor | -----------开始爬取优惠券信息-----------
2026-04-29 08:41:43,198 | INFO | amazon_goods_monitor | 开始抓取: https://www.amazon.com/dp/B0DGTL5V97?psc=1
2026-04-29 08:41:44,328 | INFO | amazon_goods_monitor | ✅ 已设置邮编 90002 (amazon.com)
2026-04-29 08:41:44,333 | INFO | amazon_goods_monitor | 📡 获取新代理: socks5://AIHARVNXPM:57446815@124.225.4.69:12533
2026-04-29 08:41:44,333 | INFO | amazon_goods_monitor | 使用代理: 124.225.4.69:12533 (尝试 1/3)
2026-04-29 08:41:44,333 | INFO | amazon_goods_monitor | ⏳ 等待 0.8 秒...
2026-04-29 08:41:45,110 | INFO | amazon_goods_monitor | 请求URL: https://www.amazon.com/dp/B0DGTL5V97?psc=1
2026-04-29 08:41:48,237 | INFO | amazon_goods_monitor | ✅ 请求成功 - 状态码: 200
2026-04-29 08:41:49,273 | INFO | amazon_goods_monitor | 没有优惠券
2026-04-29 08:41:49,277 | INFO | amazon_goods_monitor | -----------开始爬取商品信息-----------
2026-04-29 08:41:50,671 | INFO | amazon_goods_monitor | -----------开始爬取商品流量信息-----------
2026-04-29 08:41:52,243 | INFO | amazon_goods_monitor | ✅ 加载 8 个代理
2026-04-29 08:41:52,243 | INFO | amazon_goods_monitor | -----------开始爬取优惠券信息-----------
2026-04-29 08:41:52,244 | INFO | amazon_goods_monitor | 开始抓取: https://www.amazon.com/dp/B0FH2H3WM4?th=1
2026-04-29 08:41:53,442 | INFO | amazon_goods_monitor | ✅ 已设置邮编 90002 (amazon.com)
2026-04-29 08:41:53,451 | INFO | amazon_goods_monitor | 📡 获取新代理: socks5://LLW0BU7VGQ:39267509@124.236.76.149:17745
2026-04-29 08:41:53,451 | INFO | amazon_goods_monitor | 使用代理: 124.236.76.149:17745 (尝试 1/3)
2026-04-29 08:41:53,451 | INFO | amazon_goods_monitor | ⏳ 等待 0.8 秒...
2026-04-29 08:41:54,249 | INFO | amazon_goods_monitor | 请求URL: https://www.amazon.com/dp/B0FH2H3WM4?th=1
2026-04-29 08:41:57,051 | INFO | amazon_goods_monitor | ✅ 请求成功 - 状态码: 200
2026-04-29 08:41:58,048 | INFO | amazon_goods_monitor | 标题: Marble Game Set - Marble Balance Game, 60 Colorful Marbles with Built in Storage, Fun Family Challenge for 1-4 Players, Educational Toy for Kids & Adults, Perfect for Parties, Travel ﻿
2026-04-29 08:41:58,093 | INFO | amazon_goods_monitor | 没有优惠券
2026-04-29 08:41:58,098 | INFO | amazon_goods_monitor | -----------开始爬取商品信息-----------
2026-04-29 08:41:59,530 | INFO | amazon_goods_monitor | -----------开始爬取商品流量信息-----------
2026-04-29 08:42:01,127 | INFO | amazon_goods_monitor | ✅ 加载 8 个代理
2026-04-29 08:42:01,127 | INFO | amazon_goods_monitor | -----------开始爬取优惠券信息-----------
2026-04-29 08:42:01,127 | INFO | amazon_goods_monitor | 开始抓取: https://www.amazon.com/dp/B0F83S6328?th=1
2026-04-29 08:42:02,266 | INFO | amazon_goods_monitor | ✅ 已设置邮编 90002 (amazon.com)
2026-04-29 08:42:02,276 | INFO | amazon_goods_monitor | 📡 获取新代理: socks5://EJ0WX0RSVB:02954261@125.75.68.73:17894
2026-04-29 08:42:02,276 | INFO | amazon_goods_monitor | 使用代理: 125.75.68.73:17894 (尝试 1/3)
2026-04-29 08:42:02,276 | INFO | amazon_goods_monitor | ⏳ 等待 0.8 秒...
2026-04-29 08:42:03,046 | INFO | amazon_goods_monitor | 请求URL: https://www.amazon.com/dp/B0F83S6328?th=1
2026-04-29 08:42:06,153 | INFO | amazon_goods_monitor | ✅ 请求成功 - 状态码: 200
2026-04-29 08:42:07,356 | INFO | amazon_goods_monitor | 没有优惠券
2026-04-29 08:42:07,360 | INFO | amazon_goods_monitor | -----------开始爬取商品信息-----------
2026-04-29 08:42:08,801 | INFO | amazon_goods_monitor | -----------开始爬取商品流量信息-----------
2026-04-29 08:42:10,400 | INFO | amazon_goods_monitor | ✅ 加载 8 个代理
2026-04-29 08:42:10,400 | INFO | amazon_goods_monitor | -----------开始爬取优惠券信息-----------
2026-04-29 08:42:10,401 | INFO | amazon_goods_monitor | 开始抓取: https://www.amazon.com/CozyBomB-Homeschool-Kindergarten-Balance-Board/dp/B08B825FVT
2026-04-29 08:42:11,537 | INFO | amazon_goods_monitor | ✅ 已设置邮编 90002 (amazon.com)
2026-04-29 08:42:11,543 | INFO | amazon_goods_monitor | 📡 获取新代理: socks5://XEZQOPMX7M:53843223@121.229.211.102:15252
2026-04-29 08:42:11,543 | INFO | amazon_goods_monitor | 使用代理: 121.229.211.102:15252 (尝试 1/3)
2026-04-29 08:42:11,543 | INFO | amazon_goods_monitor | ⏳ 等待 0.5 秒...
2026-04-29 08:42:12,037 | INFO | amazon_goods_monitor | 请求URL: https://www.amazon.com/CozyBomB-Homeschool-Kindergarten-Balance-Board/dp/B08B825FVT
2026-04-29 08:42:15,464 | INFO | amazon_goods_monitor | ✅ 请求成功 - 状态码: 200
2026-04-29 08:42:16,888 | INFO | amazon_goods_monitor | 优惠券: Apply 10% couponShop items|Terms
2026-04-29 08:42:16,893 | INFO | amazon_goods_monitor | -----------开始爬取商品信息-----------
2026-04-29 08:42:18,224 | INFO | amazon_goods_monitor | -----------开始爬取商品流量信息-----------
2026-04-29 08:42:19,503 | INFO | amazon_goods_monitor | ✅ 加载 8 个代理
2026-04-29 08:42:19,503 | INFO | amazon_goods_monitor | -----------开始爬取优惠券信息-----------
2026-04-29 08:42:19,503 | INFO | amazon_goods_monitor | 开始抓取: https://www.amazon.com/dp/B0GL2CLHGS?psc=1
2026-04-29 08:42:20,602 | INFO | amazon_goods_monitor | ✅ 已设置邮编 90002 (amazon.com)
2026-04-29 08:42:20,608 | INFO | amazon_goods_monitor | 📡 获取新代理: socks5://YKEW9SOB5S:32342415@218.78.129.68:15654
2026-04-29 08:42:20,609 | INFO | amazon_goods_monitor | 使用代理: 218.78.129.68:15654 (尝试 1/3)
2026-04-29 08:42:20,609 | INFO | amazon_goods_monitor | ⏳ 等待 0.0 秒...
2026-04-29 08:42:20,661 | INFO | amazon_goods_monitor | 请求URL: https://www.amazon.com/dp/B0GL2CLHGS?psc=1
2026-04-29 08:42:23,492 | INFO | amazon_goods_monitor | ✅ 请求成功 - 状态码: 200
2026-04-29 08:42:24,299 | INFO | amazon_goods_monitor | 优惠券: Apply 5% couponTerms
2026-04-29 08:42:24,304 | INFO | amazon_goods_monitor | -----------开始爬取商品信息-----------
2026-04-29 08:42:25,714 | INFO | amazon_goods_monitor | -----------开始爬取商品流量信息-----------
2026-04-29 08:42:27,144 | INFO | amazon_goods_monitor | ✅ 加载 8 个代理
2026-04-29 08:42:27,144 | INFO | amazon_goods_monitor | -----------开始爬取优惠券信息-----------
2026-04-29 08:42:27,144 | INFO | amazon_goods_monitor | 开始抓取: https://www.amazon.com/dp/B0FX28FS2L?th=1
2026-04-29 08:42:28,290 | INFO | amazon_goods_monitor | ✅ 已设置邮编 90002 (amazon.com)
2026-04-29 08:42:28,299 | INFO | amazon_goods_monitor | 📡 获取新代理: socks5://YKEW9SOB5S:32342415@218.78.129.68:15654
2026-04-29 08:42:28,299 | INFO | amazon_goods_monitor | 使用代理: 218.78.129.68:15654 (尝试 1/3)
2026-04-29 08:42:28,299 | INFO | amazon_goods_monitor | ⏳ 等待 0.8 秒...
2026-04-29 08:42:29,074 | INFO | amazon_goods_monitor | 请求URL: https://www.amazon.com/dp/B0FX28FS2L?th=1
2026-04-29 08:42:35,844 | INFO | amazon_goods_monitor | ✅ 请求成功 - 状态码: 200
2026-04-29 08:42:36,833 | INFO | amazon_goods_monitor | 没有优惠券
2026-04-29 08:42:36,838 | INFO | amazon_goods_monitor | -----------开始爬取商品信息-----------
2026-04-29 08:42:38,241 | INFO | amazon_goods_monitor | -----------开始爬取商品流量信息-----------
2026-04-29 08:42:39,960 | INFO | amazon_goods_monitor | ✅ 加载 8 个代理
2026-04-29 08:42:39,961 | INFO | amazon_goods_monitor | -----------开始爬取优惠券信息-----------
2026-04-29 08:42:39,961 | INFO | amazon_goods_monitor | 开始抓取: https://www.amazon.com/dp/B0CMZQ5NPM?th=1
2026-04-29 08:42:41,078 | INFO | amazon_goods_monitor | ✅ 已设置邮编 90002 (amazon.com)
2026-04-29 08:42:41,089 | INFO | amazon_goods_monitor | 📡 获取新代理: socks5://PXBHAK1C2C:80609506@1.194.218.235:12509
2026-04-29 08:42:41,089 | INFO | amazon_goods_monitor | 使用代理: 1.194.218.235:12509 (尝试 1/3)
2026-04-29 08:42:41,089 | INFO | amazon_goods_monitor | ⏳ 等待 0.1 秒...
2026-04-29 08:42:41,239 | INFO | amazon_goods_monitor | 请求URL: https://www.amazon.com/dp/B0CMZQ5NPM?th=1
2026-04-29 08:42:44,275 | INFO | amazon_goods_monitor | ✅ 请求成功 - 状态码: 200
2026-04-29 08:42:45,527 | INFO | amazon_goods_monitor | 标题: Goliath Fidget Blox 3 Pack with Backpack Clip (Amazon Exclusive) | Sound, Touch, Vision Sensory Fidget Toys | from The Makers of Jelly Blox | Safe & Reliable | Ages 5+
2026-04-29 08:42:45,573 | INFO | amazon_goods_monitor | 没有优惠券
2026-04-29 08:42:45,577 | INFO | amazon_goods_monitor | -----------开始爬取商品信息-----------
2026-04-29 08:42:47,420 | INFO | amazon_goods_monitor | -----------开始爬取商品流量信息-----------
2026-04-29 08:42:48,857 | INFO | amazon_goods_monitor | ✅ 加载 8 个代理
2026-04-29 08:42:48,857 | INFO | amazon_goods_monitor | -----------开始爬取优惠券信息-----------
2026-04-29 08:42:48,857 | INFO | amazon_goods_monitor | 开始抓取: https://www.amazon.com/dp/B0DVD34961?th=1
2026-04-29 08:42:49,954 | INFO | amazon_goods_monitor | ✅ 已设置邮编 90002 (amazon.com)
2026-04-29 08:42:49,964 | INFO | amazon_goods_monitor | 📡 获取新代理: socks5://YKEW9SOB5S:32342415@218.78.129.68:15654
2026-04-29 08:42:49,964 | INFO | amazon_goods_monitor | 使用代理: 218.78.129.68:15654 (尝试 1/3)
2026-04-29 08:42:49,964 | INFO | amazon_goods_monitor | ⏳ 等待 0.6 秒...
2026-04-29 08:42:50,594 | INFO | amazon_goods_monitor | 请求URL: https://www.amazon.com/dp/B0DVD34961?th=1
2026-04-29 08:42:56,886 | INFO | amazon_goods_monitor | ✅ 请求成功 - 状态码: 200
2026-04-29 08:42:57,929 | INFO | amazon_goods_monitor | 没有优惠券
2026-04-29 08:42:57,934 | INFO | amazon_goods_monitor | -----------开始爬取商品信息-----------
2026-04-29 08:42:59,302 | INFO | amazon_goods_monitor | -----------开始爬取商品流量信息-----------
2026-04-29 08:43:00,774 | INFO | amazon_goods_monitor | ✅ 加载 8 个代理
2026-04-29 08:43:00,774 | INFO | amazon_goods_monitor | -----------开始爬取优惠券信息-----------
2026-04-29 08:43:00,775 | INFO | amazon_goods_monitor | 开始抓取: https://www.amazon.com/dp/B004W8P614?th=1
2026-04-29 08:43:01,873 | INFO | amazon_goods_monitor | ✅ 已设置邮编 90002 (amazon.com)
2026-04-29 08:43:01,881 | INFO | amazon_goods_monitor | 📡 获取新代理: socks5://WVKYFTS670:14418351@121.14.201.248:11074
2026-04-29 08:43:01,881 | INFO | amazon_goods_monitor | 使用代理: 121.14.201.248:11074 (尝试 1/3)
2026-04-29 08:43:01,881 | INFO | amazon_goods_monitor | ⏳ 等待 0.9 秒...
2026-04-29 08:43:02,798 | INFO | amazon_goods_monitor | 请求URL: https://www.amazon.com/dp/B004W8P614?th=1
2026-04-29 08:43:05,806 | INFO | amazon_goods_monitor | ✅ 请求成功 - 状态码: 200
2026-04-29 08:43:06,703 | INFO | amazon_goods_monitor | 没有优惠券
2026-04-29 08:43:06,706 | INFO | amazon_goods_monitor | -----------开始爬取商品信息-----------
2026-04-29 08:43:15,657 | INFO | amazon_goods_monitor | -----------开始爬取商品流量信息-----------
2026-04-29 08:43:17,094 | INFO | amazon_goods_monitor | ✅ 加载 8 个代理
2026-04-29 08:43:17,094 | INFO | amazon_goods_monitor | -----------开始爬取优惠券信息-----------
2026-04-29 08:43:17,094 | INFO | amazon_goods_monitor | 开始抓取: https://www.amazon.com/Effects-Machine-Portable-Classroom-Elephant/dp/B0GMC1585V/ref
2026-04-29 08:43:18,262 | INFO | amazon_goods_monitor | ✅ 已设置邮编 90002 (amazon.com)
2026-04-29 08:43:18,270 | INFO | amazon_goods_monitor | 📡 获取新代理: socks5://EJ0WX0RSVB:02954261@125.75.68.73:17894
2026-04-29 08:43:18,270 | INFO | amazon_goods_monitor | 使用代理: 125.75.68.73:17894 (尝试 1/3)
2026-04-29 08:43:18,270 | INFO | amazon_goods_monitor | ⏳ 等待 0.1 秒...
2026-04-29 08:43:18,337 | INFO | amazon_goods_monitor | 请求URL: https://www.amazon.com/Effects-Machine-Portable-Classroom-Elephant/dp/B0GMC1585V/ref
2026-04-29 08:43:21,326 | INFO | amazon_goods_monitor | ✅ 请求成功 - 状态码: 200
2026-04-29 08:43:22,398 | INFO | amazon_goods_monitor | 没有优惠券
2026-04-29 08:43:22,404 | INFO | amazon_goods_monitor | -----------开始爬取商品信息-----------
2026-04-29 08:43:23,858 | INFO | amazon_goods_monitor | -----------开始爬取商品流量信息-----------
2026-04-29 08:43:26,522 | INFO | amazon_goods_monitor | ✅ 加载 8 个代理
2026-04-29 08:43:26,522 | INFO | amazon_goods_monitor | -----------开始爬取优惠券信息-----------
2026-04-29 08:43:26,522 | INFO | amazon_goods_monitor | 开始抓取: https://www.amazon.com/dp/B0FJ8C3KYD?th=1
2026-04-29 08:43:27,750 | INFO | amazon_goods_monitor | ✅ 已设置邮编 90002 (amazon.com)
2026-04-29 08:43:27,759 | INFO | amazon_goods_monitor | 📡 获取新代理: socks5://EJ0WX0RSVB:02954261@125.75.68.73:17894
2026-04-29 08:43:27,760 | INFO | amazon_goods_monitor | 使用代理: 125.75.68.73:17894 (尝试 1/3)
2026-04-29 08:43:27,760 | INFO | amazon_goods_monitor | ⏳ 等待 0.4 秒...
2026-04-29 08:43:28,178 | INFO | amazon_goods_monitor | 请求URL: https://www.amazon.com/dp/B0FJ8C3KYD?th=1
2026-04-29 08:43:31,033 | INFO | amazon_goods_monitor | ✅ 请求成功 - 状态码: 200
2026-04-29 08:43:31,939 | INFO | amazon_goods_monitor | 没有优惠券
2026-04-29 08:43:31,944 | INFO | amazon_goods_monitor | -----------开始爬取商品信息-----------
2026-04-29 08:43:33,337 | INFO | amazon_goods_monitor | -----------开始爬取商品流量信息-----------
2026-04-29 08:43:35,008 | INFO | amazon_goods_monitor | ✅ 加载 8 个代理
2026-04-29 08:43:35,009 | INFO | amazon_goods_monitor | -----------开始爬取优惠券信息-----------
2026-04-29 08:43:35,009 | INFO | amazon_goods_monitor | 开始抓取: https://www.amazon.com/dp/B0CP4CKSRC?th=1
2026-04-29 08:43:36,171 | INFO | amazon_goods_monitor | ✅ 已设置邮编 90002 (amazon.com)
2026-04-29 08:43:36,180 | INFO | amazon_goods_monitor | 📡 获取新代理: socks5://AIHARVNXPM:57446815@124.225.4.69:12533
2026-04-29 08:43:36,181 | INFO | amazon_goods_monitor | 使用代理: 124.225.4.69:12533 (尝试 1/3)
2026-04-29 08:43:36,181 | INFO | amazon_goods_monitor | ⏳ 等待 0.6 秒...
2026-04-29 08:43:36,816 | INFO | amazon_goods_monitor | 请求URL: https://www.amazon.com/dp/B0CP4CKSRC?th=1
2026-04-29 08:43:40,178 | INFO | amazon_goods_monitor | ✅ 请求成功 - 状态码: 200
2026-04-29 08:43:41,249 | INFO | amazon_goods_monitor | 没有优惠券
2026-04-29 08:43:41,254 | INFO | amazon_goods_monitor | -----------开始爬取商品信息-----------
2026-04-29 08:43:42,744 | INFO | amazon_goods_monitor | -----------开始爬取商品流量信息-----------
2026-04-29 08:43:44,416 | INFO | amazon_goods_monitor | ✅ 加载 8 个代理
2026-04-29 08:43:44,416 | INFO | amazon_goods_monitor | -----------开始爬取优惠券信息-----------
2026-04-29 08:43:44,416 | INFO | amazon_goods_monitor | 开始抓取: https://www.amazon.com/dp/B0DQWDW6GG?psc=1
2026-04-29 08:43:45,930 | INFO | amazon_goods_monitor | ✅ 已设置邮编 90002 (amazon.com)
2026-04-29 08:43:45,938 | INFO | amazon_goods_monitor | 📡 获取新代理: socks5://EJ0WX0RSVB:02954261@125.75.68.73:17894
2026-04-29 08:43:45,938 | INFO | amazon_goods_monitor | 使用代理: 125.75.68.73:17894 (尝试 1/3)
2026-04-29 08:43:45,938 | INFO | amazon_goods_monitor | ⏳ 等待 0.3 秒...
2026-04-29 08:43:46,221 | INFO | amazon_goods_monitor | 请求URL: https://www.amazon.com/dp/B0DQWDW6GG?psc=1
2026-04-29 08:43:49,773 | INFO | amazon_goods_monitor | ✅ 请求成功 - 状态码: 200
2026-04-29 08:43:50,872 | INFO | amazon_goods_monitor | 没有优惠券
2026-04-29 08:43:50,876 | INFO | amazon_goods_monitor | -----------开始爬取商品信息-----------
2026-04-29 08:43:52,241 | INFO | amazon_goods_monitor | -----------开始爬取商品流量信息-----------
2026-04-29 08:43:54,514 | INFO | amazon_goods_monitor | ✅ 加载 8 个代理
2026-04-29 08:43:54,514 | INFO | amazon_goods_monitor | -----------开始爬取优惠券信息-----------
2026-04-29 08:43:54,515 | INFO | amazon_goods_monitor | 开始抓取: https://www.amazon.com/dp/B0FMR9PFY8?th=1
2026-04-29 08:43:55,996 | INFO | amazon_goods_monitor | ✅ 已设置邮编 90002 (amazon.com)
2026-04-29 08:43:56,005 | INFO | amazon_goods_monitor | 📡 获取新代理: socks5://EJ0WX0RSVB:02954261@125.75.68.73:17894
2026-04-29 08:43:56,005 | INFO | amazon_goods_monitor | 使用代理: 125.75.68.73:17894 (尝试 1/3)
2026-04-29 08:43:56,006 | INFO | amazon_goods_monitor | ⏳ 等待 0.4 秒...
2026-04-29 08:43:56,377 | INFO | amazon_goods_monitor | 请求URL: https://www.amazon.com/dp/B0FMR9PFY8?th=1
2026-04-29 08:43:59,153 | INFO | amazon_goods_monitor | ✅ 请求成功 - 状态码: 200
2026-04-29 08:44:00,142 | INFO | amazon_goods_monitor | 标题: A V Marble Balance Board Game – 60 Colorful Glass Marbles with Storage Base | Exciting Family & Party Board Game for Kids & Adults, Educational STEM Toy & Birthday Gift, 1–4 Players, Ages 8+
2026-04-29 08:44:00,185 | INFO | amazon_goods_monitor | 没有优惠券
2026-04-29 08:44:00,189 | INFO | amazon_goods_monitor | -----------开始爬取商品信息-----------
2026-04-29 08:44:01,852 | INFO | amazon_goods_monitor | -----------开始爬取商品流量信息-----------
2026-04-29 08:44:03,258 | INFO | amazon_goods_monitor | ✅ 加载 8 个代理
2026-04-29 08:44:03,258 | INFO | amazon_goods_monitor | -----------开始爬取优惠券信息-----------
2026-04-29 08:44:03,259 | INFO | amazon_goods_monitor | 开始抓取: https://www.amazon.com/Rechargeable-Separable-Magnetic-Hilarious-Adjustment/dp/B0GQ47RZ8Y
2026-04-29 08:44:04,434 | INFO | amazon_goods_monitor | ✅ 已设置邮编 90002 (amazon.com)
2026-04-29 08:44:04,442 | INFO | amazon_goods_monitor | 📡 获取新代理: socks5://W9JFIJCY7Z:46344650@118.253.177.190:11193
2026-04-29 08:44:04,442 | INFO | amazon_goods_monitor | 使用代理: 118.253.177.190:11193 (尝试 1/3)
2026-04-29 08:44:04,442 | INFO | amazon_goods_monitor | ⏳ 等待 0.7 秒...
2026-04-29 08:44:05,105 | INFO | amazon_goods_monitor | 请求URL: https://www.amazon.com/Rechargeable-Separable-Magnetic-Hilarious-Adjustment/dp/B0GQ47RZ8Y
2026-04-29 08:44:07,811 | INFO | amazon_goods_monitor | ✅ 请求成功 - 状态码: 200
2026-04-29 08:44:08,740 | INFO | amazon_goods_monitor | 标题: Rechargeable 2-in-1 Separable Magnetic Sound Effects Machine,16 Hilarious Sounds,Volume Adjustment,Prank Gifts Toys for Boys Girls,Stocking Stuffer for 6 7 8 9 10 11 12 13 Year Old Boys Gifts Toys
2026-04-29 08:44:08,785 | INFO | amazon_goods_monitor | 没有优惠券
2026-04-29 08:44:08,790 | INFO | amazon_goods_monitor | -----------开始爬取商品信息-----------
2026-04-29 08:44:10,556 | INFO | amazon_goods_monitor | -----------开始爬取商品流量信息-----------
2026-04-29 08:44:12,113 | INFO | amazon_goods_monitor | ✅ 加载 8 个代理
2026-04-29 08:44:12,114 | INFO | amazon_goods_monitor | -----------开始爬取优惠券信息-----------
2026-04-29 08:44:12,114 | INFO | amazon_goods_monitor | 开始抓取: https://www.amazon.com/dp/B0DLH45Q4F?th=1
2026-04-29 08:44:13,229 | INFO | amazon_goods_monitor | ✅ 已设置邮编 90002 (amazon.com)
2026-04-29 08:44:13,238 | INFO | amazon_goods_monitor | 📡 获取新代理: socks5://WVKYFTS670:14418351@121.14.201.248:11074
2026-04-29 08:44:13,239 | INFO | amazon_goods_monitor | 使用代理: 121.14.201.248:11074 (尝试 1/3)
2026-04-29 08:44:13,239 | INFO | amazon_goods_monitor | ⏳ 等待 0.9 秒...
2026-04-29 08:44:14,118 | INFO | amazon_goods_monitor | 请求URL: https://www.amazon.com/dp/B0DLH45Q4F?th=1
2026-04-29 08:44:16,996 | INFO | amazon_goods_monitor | ✅ 请求成功 - 状态码: 200
2026-04-29 08:44:17,871 | INFO | amazon_goods_monitor | 没有优惠券
2026-04-29 08:44:17,875 | INFO | amazon_goods_monitor | -----------开始爬取商品信息-----------
2026-04-29 08:44:19,369 | INFO | amazon_goods_monitor | -----------开始爬取商品流量信息-----------
2026-04-29 08:44:20,902 | INFO | amazon_goods_monitor | ✅ 加载 8 个代理
2026-04-29 08:44:20,903 | INFO | amazon_goods_monitor | -----------开始爬取优惠券信息-----------
2026-04-29 08:44:20,903 | INFO | amazon_goods_monitor | 开始抓取: https://www.amazon.com/dp/B0FSWXR8KH?th=1
2026-04-29 08:44:22,054 | INFO | amazon_goods_monitor | ✅ 已设置邮编 90002 (amazon.com)
2026-04-29 08:44:22,062 | INFO | amazon_goods_monitor | 📡 获取新代理: socks5://XEZQOPMX7M:53843223@121.229.211.102:15252
2026-04-29 08:44:22,062 | INFO | amazon_goods_monitor | 使用代理: 121.229.211.102:15252 (尝试 1/3)
2026-04-29 08:44:22,062 | INFO | amazon_goods_monitor | ⏳ 等待 0.1 秒...
2026-04-29 08:44:22,156 | INFO | amazon_goods_monitor | 请求URL: https://www.amazon.com/dp/B0FSWXR8KH?th=1
2026-04-29 08:44:25,411 | INFO | amazon_goods_monitor | ✅ 请求成功 - 状态码: 200
2026-04-29 08:44:26,343 | INFO | amazon_goods_monitor | 没有优惠券
2026-04-29 08:44:26,348 | INFO | amazon_goods_monitor | -----------开始爬取商品信息-----------
2026-04-29 08:44:27,821 | INFO | amazon_goods_monitor | -----------开始爬取商品流量信息-----------
2026-04-29 08:44:29,388 | INFO | amazon_goods_monitor | ✅ 加载 8 个代理
2026-04-29 08:44:29,388 | INFO | amazon_goods_monitor | -----------开始爬取优惠券信息-----------
2026-04-29 08:44:29,388 | INFO | amazon_goods_monitor | 开始抓取: https://www.amazon.com/dp/B0DZ6JS79D?th=1
2026-04-29 08:44:30,715 | INFO | amazon_goods_monitor | ✅ 已设置邮编 90002 (amazon.com)
2026-04-29 08:44:30,726 | INFO | amazon_goods_monitor | 📡 获取新代理: socks5://W9JFIJCY7Z:46344650@118.253.177.190:11193
2026-04-29 08:44:30,726 | INFO | amazon_goods_monitor | 使用代理: 118.253.177.190:11193 (尝试 1/3)
2026-04-29 08:44:30,726 | INFO | amazon_goods_monitor | ⏳ 等待 0.3 秒...
2026-04-29 08:44:31,025 | INFO | amazon_goods_monitor | 请求URL: https://www.amazon.com/dp/B0DZ6JS79D?th=1
2026-04-29 08:44:34,435 | INFO | amazon_goods_monitor | ✅ 请求成功 - 状态码: 200
2026-04-29 08:44:35,706 | INFO | amazon_goods_monitor | 没有优惠券
2026-04-29 08:44:35,709 | INFO | amazon_goods_monitor | -----------开始爬取商品信息-----------
2026-04-29 08:44:37,211 | INFO | amazon_goods_monitor | -----------开始爬取商品流量信息-----------
2026-04-29 08:44:38,970 | INFO | amazon_goods_monitor | ✅ 加载 8 个代理
2026-04-29 08:44:38,971 | INFO | amazon_goods_monitor | -----------开始爬取优惠券信息-----------
2026-04-29 08:44:38,971 | INFO | amazon_goods_monitor | 开始抓取: https://www.amazon.com/dp/B0CRG38XMR?psc=1
2026-04-29 08:44:40,099 | INFO | amazon_goods_monitor | ✅ 已设置邮编 90002 (amazon.com)
2026-04-29 08:44:40,108 | INFO | amazon_goods_monitor | 📡 获取新代理: socks5://WVKYFTS670:14418351@121.14.201.248:11074
2026-04-29 08:44:40,109 | INFO | amazon_goods_monitor | 使用代理: 121.14.201.248:11074 (尝试 1/3)
2026-04-29 08:44:40,109 | INFO | amazon_goods_monitor | ⏳ 等待 0.2 秒...
2026-04-29 08:44:40,326 | INFO | amazon_goods_monitor | 请求URL: https://www.amazon.com/dp/B0CRG38XMR?psc=1
2026-04-29 08:44:43,513 | INFO | amazon_goods_monitor | ✅ 请求成功 - 状态码: 200
2026-04-29 08:44:44,437 | INFO | amazon_goods_monitor | 没有优惠券
2026-04-29 08:44:44,441 | INFO | amazon_goods_monitor | -----------开始爬取商品信息-----------
2026-04-29 08:44:46,540 | INFO | amazon_goods_monitor | -----------开始爬取商品流量信息-----------
2026-04-29 08:44:47,878 | INFO | amazon_goods_monitor | ✅ 加载 8 个代理
2026-04-29 08:44:47,878 | INFO | amazon_goods_monitor | -----------开始爬取优惠券信息-----------
2026-04-29 08:44:47,878 | INFO | amazon_goods_monitor | 开始抓取: https://www.amazon.com/dp/B0FF4HZ195
2026-04-29 08:44:48,970 | INFO | amazon_goods_monitor | ✅ 已设置邮编 90002 (amazon.com)
2026-04-29 08:44:48,978 | INFO | amazon_goods_monitor | 📡 获取新代理: socks5://LLW0BU7VGQ:39267509@124.236.76.149:17745
2026-04-29 08:44:48,979 | INFO | amazon_goods_monitor | 使用代理: 124.236.76.149:17745 (尝试 1/3)
2026-04-29 08:44:48,979 | INFO | amazon_goods_monitor | ⏳ 等待 0.1 秒...
2026-04-29 08:44:49,043 | INFO | amazon_goods_monitor | 请求URL: https://www.amazon.com/dp/B0FF4HZ195
2026-04-29 08:44:52,532 | INFO | amazon_goods_monitor | ✅ 请求成功 - 状态码: 200
2026-04-29 08:44:53,690 | INFO | amazon_goods_monitor | 没有优惠券
2026-04-29 08:44:53,695 | INFO | amazon_goods_monitor | -----------开始爬取商品信息-----------
2026-04-29 08:44:55,377 | INFO | amazon_goods_monitor | -----------开始爬取商品流量信息-----------
2026-04-29 08:44:56,983 | INFO | amazon_goods_monitor | ✅ 加载 8 个代理
2026-04-29 08:44:56,984 | INFO | amazon_goods_monitor | -----------开始爬取优惠券信息-----------
2026-04-29 08:44:56,984 | INFO | amazon_goods_monitor | 开始抓取: https://www.amazon.com/dp/B0FVD4435N?psc=1
2026-04-29 08:44:58,191 | INFO | amazon_goods_monitor | ✅ 已设置邮编 90002 (amazon.com)
2026-04-29 08:44:58,197 | INFO | amazon_goods_monitor | 📡 获取新代理: socks5://EJ0WX0RSVB:02954261@125.75.68.73:17894
2026-04-29 08:44:58,198 | INFO | amazon_goods_monitor | 使用代理: 125.75.68.73:17894 (尝试 1/3)
2026-04-29 08:44:58,198 | INFO | amazon_goods_monitor | ⏳ 等待 0.9 秒...
2026-04-29 08:44:59,120 | INFO | amazon_goods_monitor | 请求URL: https://www.amazon.com/dp/B0FVD4435N?psc=1
2026-04-29 08:45:02,293 | INFO | amazon_goods_monitor | ✅ 请求成功 - 状态码: 200
2026-04-29 08:45:03,300 | INFO | amazon_goods_monitor | 标题: Sound Effects Machine with 16 Hilarious Sounds- Easter Basket Stuffers- Prank Noise Maker for Parties Office Home, Portable Sound Maker for Adults, White Elephant Gifts & Gift Exchanges(Red)
2026-04-29 08:45:03,346 | INFO | amazon_goods_monitor | 没有优惠券
2026-04-29 08:45:03,352 | INFO | amazon_goods_monitor | -----------开始爬取商品信息-----------
2026-04-29 08:45:04,635 | INFO | amazon_goods_monitor | -----------开始爬取商品流量信息-----------
2026-04-29 08:45:06,097 | INFO | amazon_goods_monitor | ✅ 加载 8 个代理
2026-04-29 08:45:06,098 | INFO | amazon_goods_monitor | -----------开始爬取优惠券信息-----------
2026-04-29 08:45:06,098 | INFO | amazon_goods_monitor | 开始抓取: https://www.amazon.com/dp/B0DG964RMZ?th=1
2026-04-29 08:45:07,278 | INFO | amazon_goods_monitor | ✅ 已设置邮编 90002 (amazon.com)
2026-04-29 08:45:07,288 | INFO | amazon_goods_monitor | 📡 获取新代理: socks5://WVKYFTS670:14418351@121.14.201.248:11074
2026-04-29 08:45:07,288 | INFO | amazon_goods_monitor | 使用代理: 121.14.201.248:11074 (尝试 1/3)
2026-04-29 08:45:07,288 | INFO | amazon_goods_monitor | ⏳ 等待 0.8 秒...
2026-04-29 08:45:08,095 | INFO | amazon_goods_monitor | 请求URL: https://www.amazon.com/dp/B0DG964RMZ?th=1
2026-04-29 08:45:11,294 | INFO | amazon_goods_monitor | ✅ 请求成功 - 状态码: 200
2026-04-29 08:45:12,122 | INFO | amazon_goods_monitor | 标题: 4-Pack Buzzers for Trivia Games, Answer Buzzers for Classroom, Game Show Buzzers Buttons, Family Feud Jeopardy Buzzer, Game Buzzers with Lights and Sound for Classroom
2026-04-29 08:45:12,166 | INFO | amazon_goods_monitor | 没有优惠券
2026-04-29 08:45:12,170 | INFO | amazon_goods_monitor | -----------开始爬取商品信息-----------
2026-04-29 08:45:13,690 | INFO | amazon_goods_monitor | -----------开始爬取商品流量信息-----------
2026-04-29 08:45:15,761 | INFO | amazon_goods_monitor | ✅ 加载 8 个代理
2026-04-29 08:45:15,762 | INFO | amazon_goods_monitor | -----------开始爬取优惠券信息-----------
2026-04-29 08:45:15,762 | INFO | amazon_goods_monitor | 开始抓取: https://www.amazon.com/dp/B00D9DZ94M?th=1
2026-04-29 08:45:16,963 | INFO | amazon_goods_monitor | ✅ 已设置邮编 90002 (amazon.com)
2026-04-29 08:45:16,974 | INFO | amazon_goods_monitor | 📡 获取新代理: socks5://LLW0BU7VGQ:39267509@124.236.76.149:17745
2026-04-29 08:45:16,975 | INFO | amazon_goods_monitor | 使用代理: 124.236.76.149:17745 (尝试 1/3)
2026-04-29 08:45:16,975 | INFO | amazon_goods_monitor | ⏳ 等待 0.8 秒...
2026-04-29 08:45:17,791 | INFO | amazon_goods_monitor | 请求URL: https://www.amazon.com/dp/B00D9DZ94M?th=1
2026-04-29 08:45:21,069 | INFO | amazon_goods_monitor | ✅ 请求成功 - 状态码: 200
2026-04-29 08:45:22,140 | INFO | amazon_goods_monitor | 标题: NPW Classic Sound Machine – Portable Prank Toy & Novelty Sound Effects Machine with 16 Sounds
2026-04-29 08:45:22,187 | INFO | amazon_goods_monitor | 没有优惠券
2026-04-29 08:45:22,191 | INFO | amazon_goods_monitor | -----------开始爬取商品信息-----------
2026-04-29 08:45:23,834 | INFO | amazon_goods_monitor | -----------开始爬取商品流量信息-----------
2026-04-29 08:45:25,818 | INFO | amazon_goods_monitor | ✅ 加载 8 个代理
2026-04-29 08:45:25,818 | INFO | amazon_goods_monitor | -----------开始爬取优惠券信息-----------
2026-04-29 08:45:25,819 | INFO | amazon_goods_monitor | 开始抓取: https://www.amazon.com/dp/B0FH7KJ5KN?th=1
2026-04-29 08:45:27,024 | INFO | amazon_goods_monitor | ✅ 已设置邮编 90002 (amazon.com)
2026-04-29 08:45:27,033 | INFO | amazon_goods_monitor | 📡 获取新代理: socks5://AIHARVNXPM:57446815@124.225.4.69:12533
2026-04-29 08:45:27,033 | INFO | amazon_goods_monitor | 使用代理: 124.225.4.69:12533 (尝试 1/3)
2026-04-29 08:45:27,033 | INFO | amazon_goods_monitor | ⏳ 等待 0.4 秒...
2026-04-29 08:45:27,423 | INFO | amazon_goods_monitor | 请求URL: https://www.amazon.com/dp/B0FH7KJ5KN?th=1
2026-04-29 08:45:30,410 | INFO | amazon_goods_monitor | ✅ 请求成功 - 状态码: 200
2026-04-29 08:45:31,323 | INFO | amazon_goods_monitor | 没有优惠券
2026-04-29 08:45:31,327 | INFO | amazon_goods_monitor | -----------开始爬取商品信息-----------
2026-04-29 08:45:33,050 | INFO | amazon_goods_monitor | -----------开始爬取商品流量信息-----------
2026-04-29 08:45:37,255 | INFO | amazon_goods_monitor | ✅ 加载 8 个代理
2026-04-29 08:45:37,255 | INFO | amazon_goods_monitor | -----------开始爬取优惠券信息-----------
2026-04-29 08:45:37,255 | INFO | amazon_goods_monitor | 开始抓取: https://www.amazon.com/Snugzy-Counting-Kindergarten-Learning-Educational/dp/B0FNMT26CQ
2026-04-29 08:45:38,391 | INFO | amazon_goods_monitor | ✅ 已设置邮编 90002 (amazon.com)
2026-04-29 08:45:38,401 | INFO | amazon_goods_monitor | 📡 获取新代理: socks5://YKEW9SOB5S:32342415@218.78.129.68:15654
2026-04-29 08:45:38,402 | INFO | amazon_goods_monitor | 使用代理: 218.78.129.68:15654 (尝试 1/3)
2026-04-29 08:45:38,402 | INFO | amazon_goods_monitor | ⏳ 等待 0.7 秒...
2026-04-29 08:45:39,086 | INFO | amazon_goods_monitor | 请求URL: https://www.amazon.com/Snugzy-Counting-Kindergarten-Learning-Educational/dp/B0FNMT26CQ
2026-04-29 08:45:42,444 | INFO | amazon_goods_monitor | ✅ 请求成功 - 状态码: 200
2026-04-29 08:45:43,356 | INFO | amazon_goods_monitor | 没有优惠券
2026-04-29 08:45:43,360 | INFO | amazon_goods_monitor | -----------开始爬取商品信息-----------
2026-04-29 08:45:44,658 | INFO | amazon_goods_monitor | -----------开始爬取商品流量信息-----------
2026-04-29 08:45:46,025 | INFO | amazon_goods_monitor | ✅ 加载 8 个代理
2026-04-29 08:45:46,025 | INFO | amazon_goods_monitor | -----------开始爬取优惠券信息-----------
2026-04-29 08:45:46,025 | INFO | amazon_goods_monitor | 开始抓取: https://www.amazon.com/dp/B0GR76QPY9?th=1
2026-04-29 08:45:47,204 | INFO | amazon_goods_monitor | ✅ 已设置邮编 90002 (amazon.com)
2026-04-29 08:45:47,214 | INFO | amazon_goods_monitor | 📡 获取新代理: socks5://YKEW9SOB5S:32342415@218.78.129.68:15654
2026-04-29 08:45:47,215 | INFO | amazon_goods_monitor | 使用代理: 218.78.129.68:15654 (尝试 1/3)
2026-04-29 08:45:47,215 | INFO | amazon_goods_monitor | ⏳ 等待 0.5 秒...
2026-04-29 08:45:47,694 | INFO | amazon_goods_monitor | 请求URL: https://www.amazon.com/dp/B0GR76QPY9?th=1
2026-04-29 08:45:51,618 | INFO | amazon_goods_monitor | ✅ 请求成功 - 状态码: 200
2026-04-29 08:45:52,538 | INFO | amazon_goods_monitor | 没有优惠券
2026-04-29 08:45:52,542 | INFO | amazon_goods_monitor | -----------开始爬取商品信息-----------
2026-04-29 08:45:54,308 | INFO | amazon_goods_monitor | -----------开始爬取商品流量信息-----------
2026-04-29 08:45:55,970 | INFO | amazon_goods_monitor | ✅ 加载 8 个代理
2026-04-29 08:45:55,970 | INFO | amazon_goods_monitor | -----------开始爬取优惠券信息-----------
2026-04-29 08:45:55,970 | INFO | amazon_goods_monitor | 开始抓取: https://www.amazon.com/dp/B0FVFWTJBG?th=1
2026-04-29 08:45:57,103 | INFO | amazon_goods_monitor | ✅ 已设置邮编 90002 (amazon.com)
2026-04-29 08:45:57,111 | INFO | amazon_goods_monitor | 📡 获取新代理: socks5://YKEW9SOB5S:32342415@218.78.129.68:15654
2026-04-29 08:45:57,111 | INFO | amazon_goods_monitor | 使用代理: 218.78.129.68:15654 (尝试 1/3)
2026-04-29 08:45:57,111 | INFO | amazon_goods_monitor | ⏳ 等待 0.1 秒...
2026-04-29 08:45:57,193 | INFO | amazon_goods_monitor | 请求URL: https://www.amazon.com/dp/B0FVFWTJBG?th=1
2026-04-29 08:46:00,237 | INFO | amazon_goods_monitor | ✅ 请求成功 - 状态码: 200
2026-04-29 08:46:01,063 | INFO | amazon_goods_monitor | 没有优惠券
2026-04-29 08:46:01,067 | INFO | amazon_goods_monitor | -----------开始爬取商品信息-----------
2026-04-29 08:46:02,651 | INFO | amazon_goods_monitor | -----------开始爬取商品流量信息-----------
2026-04-29 08:46:04,066 | INFO | amazon_goods_monitor | ✅ 加载 8 个代理
2026-04-29 08:46:04,067 | INFO | amazon_goods_monitor | -----------开始爬取优惠券信息-----------
2026-04-29 08:46:04,067 | INFO | amazon_goods_monitor | 开始抓取: https://www.amazon.com/dp/B0DVH5D5F3?th=1
2026-04-29 08:46:05,389 | INFO | amazon_goods_monitor | ✅ 已设置邮编 90002 (amazon.com)
2026-04-29 08:46:05,393 | INFO | amazon_goods_monitor | 📡 获取新代理: socks5://YKEW9SOB5S:32342415@218.78.129.68:15654
2026-04-29 08:46:05,394 | INFO | amazon_goods_monitor | 使用代理: 218.78.129.68:15654 (尝试 1/3)
2026-04-29 08:46:05,394 | INFO | amazon_goods_monitor | ⏳ 等待 0.5 秒...
2026-04-29 08:46:05,922 | INFO | amazon_goods_monitor | 请求URL: https://www.amazon.com/dp/B0DVH5D5F3?th=1
2026-04-29 08:46:09,277 | INFO | amazon_goods_monitor | ✅ 请求成功 - 状态码: 200
2026-04-29 08:46:10,322 | INFO | amazon_goods_monitor | 没有优惠券
2026-04-29 08:46:10,326 | INFO | amazon_goods_monitor | -----------开始爬取商品信息-----------
2026-04-29 08:46:12,080 | INFO | amazon_goods_monitor | -----------开始爬取商品流量信息-----------
2026-04-29 08:46:13,862 | INFO | amazon_goods_monitor | ✅ 加载 8 个代理
2026-04-29 08:46:13,862 | INFO | amazon_goods_monitor | -----------开始爬取优惠券信息-----------
2026-04-29 08:46:13,862 | INFO | amazon_goods_monitor | 开始抓取: https://www.amazon.com/dp/B0GJSKGQL3?th=1
2026-04-29 08:46:15,026 | INFO | amazon_goods_monitor | ✅ 已设置邮编 90002 (amazon.com)
2026-04-29 08:46:15,036 | INFO | amazon_goods_monitor | 📡 获取新代理: socks5://AIHARVNXPM:57446815@124.225.4.69:12533
2026-04-29 08:46:15,036 | INFO | amazon_goods_monitor | 使用代理: 124.225.4.69:12533 (尝试 1/3)
2026-04-29 08:46:15,036 | INFO | amazon_goods_monitor | ⏳ 等待 0.1 秒...
2026-04-29 08:46:15,171 | INFO | amazon_goods_monitor | 请求URL: https://www.amazon.com/dp/B0GJSKGQL3?th=1
2026-04-29 08:46:18,241 | INFO | amazon_goods_monitor | ✅ 请求成功 - 状态码: 200
2026-04-29 08:46:19,049 | INFO | amazon_goods_monitor | 标题: Gytera 20Pcs Squishy Building Blocks Set, Glow in The Dark Montessori Building Toys Can Squeeze, Stretch, Squish, Sorting & Stacking Toys in 6 Colors and 8 Shapes Squishy Easter Gifts
2026-04-29 08:46:19,082 | INFO | amazon_goods_monitor | 没有优惠券
2026-04-29 08:46:19,086 | INFO | amazon_goods_monitor | -----------开始爬取商品信息-----------
2026-04-29 08:46:20,467 | INFO | amazon_goods_monitor | -----------开始爬取商品流量信息-----------
2026-04-29 08:46:21,968 | INFO | amazon_goods_monitor | ✅ 加载 8 个代理
2026-04-29 08:46:21,969 | INFO | amazon_goods_monitor | -----------开始爬取优惠券信息-----------
2026-04-29 08:46:21,969 | INFO | amazon_goods_monitor | 开始抓取: https://www.amazon.com/dp/B0FCY5SLT3?th=1
2026-04-29 08:46:23,128 | INFO | amazon_goods_monitor | ✅ 已设置邮编 90002 (amazon.com)
2026-04-29 08:46:23,139 | INFO | amazon_goods_monitor | 📡 获取新代理: socks5://EJ0WX0RSVB:02954261@125.75.68.73:17894
2026-04-29 08:46:23,140 | INFO | amazon_goods_monitor | 使用代理: 125.75.68.73:17894 (尝试 1/3)
2026-04-29 08:46:23,140 | INFO | amazon_goods_monitor | ⏳ 等待 0.8 秒...
2026-04-29 08:46:23,903 | INFO | amazon_goods_monitor | 请求URL: https://www.amazon.com/dp/B0FCY5SLT3?th=1
2026-04-29 08:46:27,170 | INFO | amazon_goods_monitor | ✅ 请求成功 - 状态码: 200
2026-04-29 08:46:28,330 | INFO | amazon_goods_monitor | 没有优惠券
2026-04-29 08:46:28,334 | INFO | amazon_goods_monitor | -----------开始爬取商品信息-----------
2026-04-29 08:46:29,728 | INFO | amazon_goods_monitor | -----------开始爬取商品流量信息-----------
2026-04-29 08:46:31,223 | INFO | amazon_goods_monitor | ✅ 加载 8 个代理
2026-04-29 08:46:31,223 | INFO | amazon_goods_monitor | -----------开始爬取优惠券信息-----------
2026-04-29 08:46:31,223 | INFO | amazon_goods_monitor | 开始抓取: https://www.amazon.com/dp/B0FCGSS2YX?th=1
2026-04-29 08:46:32,317 | INFO | amazon_goods_monitor | ✅ 已设置邮编 90002 (amazon.com)
2026-04-29 08:46:32,326 | INFO | amazon_goods_monitor | 📡 获取新代理: socks5://EJ0WX0RSVB:02954261@125.75.68.73:17894
2026-04-29 08:46:32,327 | INFO | amazon_goods_monitor | 使用代理: 125.75.68.73:17894 (尝试 1/3)
2026-04-29 08:46:32,327 | INFO | amazon_goods_monitor | ⏳ 等待 0.2 秒...
2026-04-29 08:46:32,573 | INFO | amazon_goods_monitor | 请求URL: https://www.amazon.com/dp/B0FCGSS2YX?th=1
2026-04-29 08:46:35,889 | INFO | amazon_goods_monitor | ✅ 请求成功 - 状态码: 200
2026-04-29 08:46:36,905 | INFO | amazon_goods_monitor | 没有优惠券
2026-04-29 08:46:36,911 | INFO | amazon_goods_monitor | -----------开始爬取商品信息-----------
2026-04-29 08:46:38,273 | INFO | amazon_goods_monitor | -----------开始爬取商品流量信息-----------
2026-04-29 08:46:40,272 | INFO | amazon_goods_monitor | ✅ 加载 8 个代理
2026-04-29 08:46:40,272 | INFO | amazon_goods_monitor | -----------开始爬取优惠券信息-----------
2026-04-29 08:46:40,272 | INFO | amazon_goods_monitor | 开始抓取: https://www.amazon.com/dp/B0CQD6X61S?th=1
2026-04-29 08:46:41,434 | INFO | amazon_goods_monitor | ✅ 已设置邮编 90002 (amazon.com)
2026-04-29 08:46:41,443 | INFO | amazon_goods_monitor | 📡 获取新代理: socks5://LLW0BU7VGQ:39267509@124.236.76.149:17745
2026-04-29 08:46:41,443 | INFO | amazon_goods_monitor | 使用代理: 124.236.76.149:17745 (尝试 1/3)
2026-04-29 08:46:41,443 | INFO | amazon_goods_monitor | ⏳ 等待 0.5 秒...
2026-04-29 08:46:41,960 | INFO | amazon_goods_monitor | 请求URL: https://www.amazon.com/dp/B0CQD6X61S?th=1
2026-04-29 08:46:45,540 | INFO | amazon_goods_monitor | ✅ 请求成功 - 状态码: 200
2026-04-29 08:46:46,649 | INFO | amazon_goods_monitor | 没有优惠券
2026-04-29 08:46:46,654 | INFO | amazon_goods_monitor | -----------开始爬取商品信息-----------
2026-04-29 08:46:48,228 | INFO | amazon_goods_monitor | -----------开始爬取商品流量信息-----------
2026-04-29 08:46:49,666 | INFO | amazon_goods_monitor | ✅ 加载 8 个代理
2026-04-29 08:46:49,666 | INFO | amazon_goods_monitor | -----------开始爬取优惠券信息-----------
2026-04-29 08:46:49,667 | INFO | amazon_goods_monitor | 开始抓取: https://www.amazon.com/dp/B0FVM7RJLG?th=1
2026-04-29 08:46:50,840 | INFO | amazon_goods_monitor | ✅ 已设置邮编 90002 (amazon.com)
2026-04-29 08:46:50,849 | INFO | amazon_goods_monitor | 📡 获取新代理: socks5://EJ0WX0RSVB:02954261@125.75.68.73:17894
2026-04-29 08:46:50,849 | INFO | amazon_goods_monitor | 使用代理: 125.75.68.73:17894 (尝试 1/3)
2026-04-29 08:46:50,849 | INFO | amazon_goods_monitor | ⏳ 等待 0.4 秒...
2026-04-29 08:46:51,288 | INFO | amazon_goods_monitor | 请求URL: https://www.amazon.com/dp/B0FVM7RJLG?th=1
2026-04-29 08:46:54,562 | INFO | amazon_goods_monitor | ✅ 请求成功 - 状态码: 200
2026-04-29 08:46:55,714 | INFO | amazon_goods_monitor | 没有优惠券
2026-04-29 08:46:55,719 | INFO | amazon_goods_monitor | -----------开始爬取商品信息-----------
2026-04-29 08:46:57,138 | INFO | amazon_goods_monitor | -----------开始爬取商品流量信息-----------
2026-04-29 08:46:58,576 | INFO | amazon_goods_monitor | ✅ 加载 8 个代理
2026-04-29 08:46:58,576 | INFO | amazon_goods_monitor | -----------开始爬取优惠券信息-----------
2026-04-29 08:46:58,577 | INFO | amazon_goods_monitor | 开始抓取: https://www.amazon.com/dp/B0DRWBJDLJ?th=1
2026-04-29 08:46:59,700 | INFO | amazon_goods_monitor | ✅ 已设置邮编 90002 (amazon.com)
2026-04-29 08:46:59,708 | INFO | amazon_goods_monitor | 📡 获取新代理: socks5://YKEW9SOB5S:32342415@218.78.129.68:15654
2026-04-29 08:46:59,709 | INFO | amazon_goods_monitor | 使用代理: 218.78.129.68:15654 (尝试 1/3)
2026-04-29 08:46:59,709 | INFO | amazon_goods_monitor | ⏳ 等待 0.3 秒...
2026-04-29 08:47:00,008 | INFO | amazon_goods_monitor | 请求URL: https://www.amazon.com/dp/B0DRWBJDLJ?th=1
2026-04-29 08:47:03,160 | INFO | amazon_goods_monitor | ✅ 请求成功 - 状态码: 200
2026-04-29 08:47:04,084 | INFO | amazon_goods_monitor | 标题: KNUCKLHEAD Sound Effects Machine - Gifts for Boys - 16 Hilarious Sounds - Boys Prank Gifts for Kids - 6 7 8 9 10 Year Old Boy Gift - Fun Boys Toys Age 8-13 - Cool Gadgets for Teens Gift
2026-04-29 08:47:04,131 | INFO | amazon_goods_monitor | 没有优惠券
2026-04-29 08:47:04,136 | INFO | amazon_goods_monitor | -----------开始爬取商品信息-----------
2026-04-29 08:47:05,598 | INFO | amazon_goods_monitor | -----------开始爬取商品流量信息-----------
2026-04-29 08:47:07,142 | INFO | amazon_goods_monitor | ✅ 加载 8 个代理
2026-04-29 08:47:07,143 | INFO | amazon_goods_monitor | -----------开始爬取优惠券信息-----------
2026-04-29 08:47:07,143 | INFO | amazon_goods_monitor | 开始抓取: https://www.amazon.com/dp/B08GJZJYP1?th=1
2026-04-29 08:47:08,560 | INFO | amazon_goods_monitor | ✅ 已设置邮编 90002 (amazon.com)
2026-04-29 08:47:08,571 | INFO | amazon_goods_monitor | 📡 获取新代理: socks5://WVKYFTS670:14418351@121.14.201.248:11074
2026-04-29 08:47:08,571 | INFO | amazon_goods_monitor | 使用代理: 121.14.201.248:11074 (尝试 1/3)
2026-04-29 08:47:08,571 | INFO | amazon_goods_monitor | ⏳ 等待 0.4 秒...
2026-04-29 08:47:08,975 | INFO | amazon_goods_monitor | 请求URL: https://www.amazon.com/dp/B08GJZJYP1?th=1
2026-04-29 08:47:12,095 | INFO | amazon_goods_monitor | ✅ 请求成功 - 状态码: 200
2026-04-29 08:47:12,994 | INFO | amazon_goods_monitor | 没有优惠券
2026-04-29 08:47:12,998 | INFO | amazon_goods_monitor | -----------开始爬取商品信息-----------
2026-04-29 08:47:15,247 | INFO | amazon_goods_monitor | -----------开始爬取商品流量信息-----------
2026-04-29 08:47:16,552 | INFO | amazon_goods_monitor | ✅ 加载 8 个代理
2026-04-29 08:47:16,552 | INFO | amazon_goods_monitor | -----------开始爬取优惠券信息-----------
2026-04-29 08:47:16,553 | INFO | amazon_goods_monitor | 开始抓取: https://www.amazon.com/dp/B0FG7DTRZ3?th=1
2026-04-29 08:47:17,709 | INFO | amazon_goods_monitor | ✅ 已设置邮编 90002 (amazon.com)
2026-04-29 08:47:17,713 | INFO | amazon_goods_monitor | 📡 获取新代理: socks5://W9JFIJCY7Z:46344650@118.253.177.190:11193
2026-04-29 08:47:17,714 | INFO | amazon_goods_monitor | 使用代理: 118.253.177.190:11193 (尝试 1/3)
2026-04-29 08:47:17,714 | INFO | amazon_goods_monitor | ⏳ 等待 0.2 秒...
2026-04-29 08:47:17,905 | INFO | amazon_goods_monitor | 请求URL: https://www.amazon.com/dp/B0FG7DTRZ3?th=1
2026-04-29 08:47:21,056 | INFO | amazon_goods_monitor | ✅ 请求成功 - 状态码: 200
2026-04-29 08:47:23,019 | INFO | amazon_goods_monitor | 没有优惠券
2026-04-29 08:47:23,023 | INFO | amazon_goods_monitor | -----------开始爬取商品信息-----------
2026-04-29 08:47:24,490 | INFO | amazon_goods_monitor | -----------开始爬取商品流量信息-----------
2026-04-29 08:47:26,109 | INFO | amazon_goods_monitor | ✅ 加载 8 个代理
2026-04-29 08:47:26,110 | INFO | amazon_goods_monitor | -----------开始爬取优惠券信息-----------
2026-04-29 08:47:26,110 | INFO | amazon_goods_monitor | 开始抓取: https://www.amazon.com/dp/B0FHWGKH8Q?psc=1
2026-04-29 08:47:27,234 | INFO | amazon_goods_monitor | ✅ 已设置邮编 90002 (amazon.com)
2026-04-29 08:47:27,243 | INFO | amazon_goods_monitor | 📡 获取新代理: socks5://EJ0WX0RSVB:02954261@125.75.68.73:17894
2026-04-29 08:47:27,243 | INFO | amazon_goods_monitor | 使用代理: 125.75.68.73:17894 (尝试 1/3)
2026-04-29 08:47:27,243 | INFO | amazon_goods_monitor | ⏳ 等待 0.3 秒...
2026-04-29 08:47:27,503 | INFO | amazon_goods_monitor | 请求URL: https://www.amazon.com/dp/B0FHWGKH8Q?psc=1
2026-04-29 08:47:30,740 | INFO | amazon_goods_monitor | ✅ 请求成功 - 状态码: 200
2026-04-29 08:47:31,808 | INFO | amazon_goods_monitor | 没有优惠券
2026-04-29 08:47:31,813 | INFO | amazon_goods_monitor | -----------开始爬取商品信息-----------
2026-04-29 08:47:33,367 | INFO | amazon_goods_monitor | -----------开始爬取商品流量信息-----------
2026-04-29 08:47:34,948 | INFO | amazon_goods_monitor | ✅ 加载 8 个代理
2026-04-29 08:47:34,948 | INFO | amazon_goods_monitor | -----------开始爬取优惠券信息-----------
2026-04-29 08:47:34,949 | INFO | amazon_goods_monitor | 开始抓取: https://www.amazon.com/dp/B07F2Q4LWT
2026-04-29 08:47:36,090 | INFO | amazon_goods_monitor | ✅ 已设置邮编 90002 (amazon.com)
2026-04-29 08:47:36,099 | INFO | amazon_goods_monitor | 📡 获取新代理: socks5://AIHARVNXPM:57446815@124.225.4.69:12533
2026-04-29 08:47:36,100 | INFO | amazon_goods_monitor | 使用代理: 124.225.4.69:12533 (尝试 1/3)
2026-04-29 08:47:36,100 | INFO | amazon_goods_monitor | ⏳ 等待 0.9 秒...
2026-04-29 08:47:36,976 | INFO | amazon_goods_monitor | 请求URL: https://www.amazon.com/dp/B07F2Q4LWT
2026-04-29 08:47:38,140 | INFO | amazon_goods_monitor | ✅ 请求成功 - 状态码: 200
2026-04-29 08:47:38,649 | INFO | amazon_goods_monitor | 没有优惠券
2026-04-29 08:47:38,654 | INFO | amazon_goods_monitor | -----------开始爬取商品信息-----------
2026-04-29 08:47:39,912 | INFO | amazon_goods_monitor | -----------开始爬取商品流量信息-----------
2026-04-29 08:47:41,503 | INFO | amazon_goods_monitor | ✅ 加载 8 个代理
2026-04-29 08:47:41,503 | INFO | amazon_goods_monitor | -----------开始爬取优惠券信息-----------
2026-04-29 08:47:41,504 | INFO | amazon_goods_monitor | 开始抓取: https://www.amazon.com/dp/B0FHW98RPS
2026-04-29 08:47:42,611 | INFO | amazon_goods_monitor | ✅ 已设置邮编 90002 (amazon.com)
2026-04-29 08:47:42,618 | INFO | amazon_goods_monitor | 📡 获取新代理: socks5://PXBHAK1C2C:80609506@1.194.218.235:12509
2026-04-29 08:47:42,618 | INFO | amazon_goods_monitor | 使用代理: 1.194.218.235:12509 (尝试 1/3)
2026-04-29 08:47:42,618 | INFO | amazon_goods_monitor | ⏳ 等待 0.5 秒...
2026-04-29 08:47:43,108 | INFO | amazon_goods_monitor | 请求URL: https://www.amazon.com/dp/B0FHW98RPS
2026-04-29 08:47:46,509 | INFO | amazon_goods_monitor | ✅ 请求成功 - 状态码: 200
2026-04-29 08:47:47,520 | INFO | amazon_goods_monitor | 没有优惠券
2026-04-29 08:47:47,524 | INFO | amazon_goods_monitor | -----------开始爬取商品信息-----------
2026-04-29 08:47:49,132 | INFO | amazon_goods_monitor | -----------开始爬取商品流量信息-----------
2026-04-29 08:47:51,106 | INFO | amazon_goods_monitor | ✅ 加载 8 个代理
2026-04-29 08:47:51,106 | INFO | amazon_goods_monitor | -----------开始爬取优惠券信息-----------
2026-04-29 08:47:51,107 | INFO | amazon_goods_monitor | 开始抓取: https://www.amazon.com/dp/B0DVJ6TPYP?th=1
2026-04-29 08:47:52,215 | INFO | amazon_goods_monitor | ✅ 已设置邮编 90002 (amazon.com)
2026-04-29 08:47:52,223 | INFO | amazon_goods_monitor | 📡 获取新代理: socks5://LLW0BU7VGQ:39267509@124.236.76.149:17745
2026-04-29 08:47:52,223 | INFO | amazon_goods_monitor | 使用代理: 124.236.76.149:17745 (尝试 1/3)
2026-04-29 08:47:52,223 | INFO | amazon_goods_monitor | ⏳ 等待 0.8 秒...
2026-04-29 08:47:53,055 | INFO | amazon_goods_monitor | 请求URL: https://www.amazon.com/dp/B0DVJ6TPYP?th=1
2026-04-29 08:47:57,178 | INFO | amazon_goods_monitor | ✅ 请求成功 - 状态码: 200
2026-04-29 08:47:58,403 | INFO | amazon_goods_monitor | 没有优惠券
2026-04-29 08:47:58,408 | INFO | amazon_goods_monitor | -----------开始爬取商品信息-----------
2026-04-29 08:47:59,961 | INFO | amazon_goods_monitor | -----------开始爬取商品流量信息-----------
2026-04-29 08:48:01,850 | INFO | amazon_goods_monitor | ✅ 加载 8 个代理
2026-04-29 08:48:01,850 | INFO | amazon_goods_monitor | -----------开始爬取优惠券信息-----------
2026-04-29 08:48:01,851 | INFO | amazon_goods_monitor | 开始抓取: https://www.amazon.com/dp/B0DVHWNG4X?th=1
2026-04-29 08:48:02,941 | INFO | amazon_goods_monitor | ✅ 已设置邮编 90002 (amazon.com)
2026-04-29 08:48:02,949 | INFO | amazon_goods_monitor | 📡 获取新代理: socks5://PXBHAK1C2C:80609506@1.194.218.235:12509
2026-04-29 08:48:02,950 | INFO | amazon_goods_monitor | 使用代理: 1.194.218.235:12509 (尝试 1/3)
2026-04-29 08:48:02,950 | INFO | amazon_goods_monitor | ⏳ 等待 0.9 秒...
2026-04-29 08:48:03,870 | INFO | amazon_goods_monitor | 请求URL: https://www.amazon.com/dp/B0DVHWNG4X?th=1
2026-04-29 08:48:07,896 | INFO | amazon_goods_monitor | ✅ 请求成功 - 状态码: 200
2026-04-29 08:48:08,910 | INFO | amazon_goods_monitor | 没有优惠券
2026-04-29 08:48:08,915 | INFO | amazon_goods_monitor | -----------开始爬取商品信息-----------
2026-04-29 08:48:11,065 | INFO | amazon_goods_monitor | -----------开始爬取商品流量信息-----------
2026-04-29 08:48:13,257 | INFO | amazon_goods_monitor | ✅ 加载 8 个代理
2026-04-29 08:48:13,257 | INFO | amazon_goods_monitor | -----------开始爬取优惠券信息-----------
2026-04-29 08:48:13,258 | INFO | amazon_goods_monitor | 开始抓取: https://www.amazon.com/dp/B0FY29VKCK?th=1
2026-04-29 08:48:14,436 | INFO | amazon_goods_monitor | ✅ 已设置邮编 90002 (amazon.com)
2026-04-29 08:48:14,445 | INFO | amazon_goods_monitor | 📡 获取新代理: socks5://PXBHAK1C2C:80609506@1.194.218.235:12509
2026-04-29 08:48:14,445 | INFO | amazon_goods_monitor | 使用代理: 1.194.218.235:12509 (尝试 1/3)
2026-04-29 08:48:14,446 | INFO | amazon_goods_monitor | ⏳ 等待 0.8 秒...
2026-04-29 08:48:15,285 | INFO | amazon_goods_monitor | 请求URL: https://www.amazon.com/dp/B0FY29VKCK?th=1
2026-04-29 08:48:18,587 | INFO | amazon_goods_monitor | ✅ 请求成功 - 状态码: 200
2026-04-29 08:48:19,422 | INFO | amazon_goods_monitor | 没有优惠券
2026-04-29 08:48:35,645 | INFO | amazon_goods_monitor | 准备上传 111 条记录...
2026-04-29 08:48:47,798 | INFO | amazon_goods_monitor | 
上传统计:
2026-04-29 08:48:47,798 | INFO | amazon_goods_monitor | 总记录数: 111
2026-04-29 08:48:47,799 | INFO | amazon_goods_monitor | 成功数量: 111
2026-04-29 08:48:47,799 | INFO | amazon_goods_monitor | 失败数量: 0
2026-04-29 08:48:47,799 | INFO | amazon_goods_monitor | 成功批次: 3
2026-04-29 08:48:47,799 | INFO | amazon_goods_monitor | 失败批次: 0
2026-04-29 08:48:47,800 | INFO | amazon_goods_monitor | 🎯 全流程完成，总耗时：17分59秒
