2026-04-28 09:03:23,230 | INFO | amazon_goods_monitor | -----------开始爬取商品信息-----------
2026-04-28 09:03:23,721 | WARNING | amazon_goods_monitor | [卖家精灵] 登录失效，刷新 cookie（第 1 次）
2026-04-28 09:03:24,927 | INFO | amazon_goods_monitor | 浏览器初始化成功
2026-04-28 09:03:31,258 | INFO | amazon_goods_monitor | ✅ 登录成功
2026-04-28 09:03:31,261 | INFO | amazon_goods_monitor | ✅ Cookies已保存到: D:\sd14\SellerSprite\data\cookies\sellersprite_cookie.json
2026-04-28 09:03:31,406 | INFO | amazon_goods_monitor | 浏览器已关闭
2026-04-28 09:03:33,797 | INFO | amazon_goods_monitor | -----------开始爬取商品流量信息-----------
2026-04-28 09:03:34,276 | INFO | amazon_goods_monitor | ✅ 加载 8 个代理
2026-04-28 09:03:34,276 | INFO | amazon_goods_monitor | -----------开始爬取优惠券信息-----------
2026-04-28 09:03:34,277 | INFO | amazon_goods_monitor | 开始抓取: https://www.amazon.com/dp/B0DVMKNLY5?psc=1
2026-04-28 09:03:35,467 | INFO | amazon_goods_monitor | ✅ 已设置邮编 90002 (amazon.com)
2026-04-28 09:03:35,471 | INFO | amazon_goods_monitor | 📡 获取新代理: socks5://YKEW9SOB5S:32342415@218.78.129.68:15654
2026-04-28 09:03:35,472 | INFO | amazon_goods_monitor | 使用代理: 218.78.129.68:15654 (尝试 1/3)
2026-04-28 09:03:35,473 | INFO | amazon_goods_monitor | ⏳ 等待 0.2 秒...
2026-04-28 09:03:35,692 | INFO | amazon_goods_monitor | 请求URL: https://www.amazon.com/dp/B0DVMKNLY5?psc=1
2026-04-28 09:03:38,386 | INFO | amazon_goods_monitor | ✅ 请求成功 - 状态码: 200
2026-04-28 09:03:39,080 | INFO | amazon_goods_monitor | 没有优惠券
2026-04-28 09:03:39,084 | INFO | amazon_goods_monitor | -----------开始爬取商品信息-----------
2026-04-28 09:03:39,598 | INFO | amazon_goods_monitor | -----------开始爬取商品流量信息-----------
2026-04-28 09:03:40,148 | INFO | amazon_goods_monitor | ✅ 加载 8 个代理
2026-04-28 09:03:40,148 | INFO | amazon_goods_monitor | -----------开始爬取优惠券信息-----------
2026-04-28 09:03:40,149 | INFO | amazon_goods_monitor | 开始抓取: https://www.amazon.com/dp/B0DVHMTQMG?th=1
2026-04-28 09:03:41,062 | INFO | amazon_goods_monitor | ✅ 已设置邮编 90002 (amazon.com)
2026-04-28 09:03:41,068 | INFO | amazon_goods_monitor | 📡 获取新代理: socks5://PXBHAK1C2C:80609506@1.194.218.235:12509
2026-04-28 09:03:41,068 | INFO | amazon_goods_monitor | 使用代理: 1.194.218.235:12509 (尝试 1/3)
2026-04-28 09:03:41,069 | INFO | amazon_goods_monitor | ⏳ 等待 0.9 秒...
2026-04-28 09:03:41,943 | INFO | amazon_goods_monitor | 请求URL: https://www.amazon.com/dp/B0DVHMTQMG?th=1
2026-04-28 09:03:44,828 | INFO | amazon_goods_monitor | ✅ 请求成功 - 状态码: 200
2026-04-28 09:03:45,618 | INFO | amazon_goods_monitor | 标题: Jelly Blox Classic Castle Set | Includes 45 Pieces | Toddler & Preschool Building Blocks Kids Can Squeeze, Stretch, Squish | MESH ACCREDITED | Safety Tested & Ouch-Free | Sensory Play Toy for Ages 2+
2026-04-28 09:03:45,633 | INFO | amazon_goods_monitor | 没有优惠券
2026-04-28 09:03:45,636 | INFO | amazon_goods_monitor | -----------开始爬取商品信息-----------
2026-04-28 09:03:46,083 | INFO | amazon_goods_monitor | -----------开始爬取商品流量信息-----------
2026-04-28 09:03:46,627 | INFO | amazon_goods_monitor | ✅ 加载 8 个代理
2026-04-28 09:03:46,628 | INFO | amazon_goods_monitor | -----------开始爬取优惠券信息-----------
2026-04-28 09:03:46,628 | INFO | amazon_goods_monitor | 开始抓取: https://www.amazon.com/dp/B0G6ZG554Q?th=1
2026-04-28 09:03:47,574 | INFO | amazon_goods_monitor | ✅ 已设置邮编 90002 (amazon.com)
2026-04-28 09:03:47,581 | INFO | amazon_goods_monitor | 📡 获取新代理: socks5://WVKYFTS670:14418351@121.14.201.248:11074
2026-04-28 09:03:47,581 | INFO | amazon_goods_monitor | 使用代理: 121.14.201.248:11074 (尝试 1/3)
2026-04-28 09:03:47,582 | INFO | amazon_goods_monitor | ⏳ 等待 0.8 秒...
2026-04-28 09:03:48,342 | INFO | amazon_goods_monitor | 请求URL: https://www.amazon.com/dp/B0G6ZG554Q?th=1
2026-04-28 09:03:51,034 | INFO | amazon_goods_monitor | ✅ 请求成功 - 状态码: 200
2026-04-28 09:03:51,637 | INFO | amazon_goods_monitor | 标题: Esjay Montessori Toys for Toddler 1 Year Old, Garden Plants and Bugs with Rattle Squeaker Planting Stacking Color Matching, Sensory Learning Baby Toy 12 18 Months, Gift for 1 2 3 Toddlers Boys Girls
2026-04-28 09:03:51,653 | INFO | amazon_goods_monitor | 没有优惠券
2026-04-28 09:03:51,656 | INFO | amazon_goods_monitor | -----------开始爬取商品信息-----------
2026-04-28 09:03:52,170 | INFO | amazon_goods_monitor | -----------开始爬取商品流量信息-----------
2026-04-28 09:03:52,926 | INFO | amazon_goods_monitor | ✅ 加载 8 个代理
2026-04-28 09:03:52,926 | INFO | amazon_goods_monitor | -----------开始爬取优惠券信息-----------
2026-04-28 09:03:52,927 | INFO | amazon_goods_monitor | 开始抓取: https://www.amazon.com/dp/B0FHVLMDQR?th=1
2026-04-28 09:03:53,872 | INFO | amazon_goods_monitor | ✅ 已设置邮编 90002 (amazon.com)
2026-04-28 09:03:53,882 | INFO | amazon_goods_monitor | 📡 获取新代理: socks5://WVKYFTS670:14418351@121.14.201.248:11074
2026-04-28 09:03:53,882 | INFO | amazon_goods_monitor | 使用代理: 121.14.201.248:11074 (尝试 1/3)
2026-04-28 09:03:53,884 | INFO | amazon_goods_monitor | ⏳ 等待 0.5 秒...
2026-04-28 09:03:54,385 | INFO | amazon_goods_monitor | 请求URL: https://www.amazon.com/dp/B0FHVLMDQR?th=1
2026-04-28 09:03:56,887 | INFO | amazon_goods_monitor | ✅ 请求成功 - 状态码: 200
2026-04-28 09:03:57,552 | INFO | amazon_goods_monitor | 没有优惠券
2026-04-28 09:03:57,555 | INFO | amazon_goods_monitor | -----------开始爬取商品信息-----------
2026-04-28 09:03:57,980 | INFO | amazon_goods_monitor | -----------开始爬取商品流量信息-----------
2026-04-28 09:03:58,488 | INFO | amazon_goods_monitor | ✅ 加载 8 个代理
2026-04-28 09:03:58,488 | INFO | amazon_goods_monitor | -----------开始爬取优惠券信息-----------
2026-04-28 09:03:58,489 | INFO | amazon_goods_monitor | 开始抓取: https://www.amazon.com/dp/B0FP2LF8ZX?psc=1
2026-04-28 09:03:59,436 | INFO | amazon_goods_monitor | ✅ 已设置邮编 90002 (amazon.com)
2026-04-28 09:03:59,440 | INFO | amazon_goods_monitor | 📡 获取新代理: socks5://EJ0WX0RSVB:02954261@125.75.68.73:17894
2026-04-28 09:03:59,441 | INFO | amazon_goods_monitor | 使用代理: 125.75.68.73:17894 (尝试 1/3)
2026-04-28 09:03:59,441 | INFO | amazon_goods_monitor | ⏳ 等待 0.7 秒...
2026-04-28 09:04:00,178 | INFO | amazon_goods_monitor | 请求URL: https://www.amazon.com/dp/B0FP2LF8ZX?psc=1
2026-04-28 09:04:03,359 | INFO | amazon_goods_monitor | ✅ 请求成功 - 状态码: 200
2026-04-28 09:04:04,251 | INFO | amazon_goods_monitor | 没有优惠券
2026-04-28 09:04:04,255 | INFO | amazon_goods_monitor | -----------开始爬取商品信息-----------
2026-04-28 09:04:04,928 | INFO | amazon_goods_monitor | -----------开始爬取商品流量信息-----------
2026-04-28 09:04:05,447 | INFO | amazon_goods_monitor | ✅ 加载 8 个代理
2026-04-28 09:04:05,447 | INFO | amazon_goods_monitor | -----------开始爬取优惠券信息-----------
2026-04-28 09:04:05,448 | INFO | amazon_goods_monitor | 开始抓取: https://www.amazon.com/dp/B0DVDZZ2B4
2026-04-28 09:04:06,352 | INFO | amazon_goods_monitor | ✅ 已设置邮编 90002 (amazon.com)
2026-04-28 09:04:06,361 | INFO | amazon_goods_monitor | 📡 获取新代理: socks5://WVKYFTS670:14418351@121.14.201.248:11074
2026-04-28 09:04:06,361 | INFO | amazon_goods_monitor | 使用代理: 121.14.201.248:11074 (尝试 1/3)
2026-04-28 09:04:06,362 | INFO | amazon_goods_monitor | ⏳ 等待 0.6 秒...
2026-04-28 09:04:06,959 | INFO | amazon_goods_monitor | 请求URL: https://www.amazon.com/dp/B0DVDZZ2B4
2026-04-28 09:04:09,905 | INFO | amazon_goods_monitor | ✅ 请求成功 - 状态码: 200
2026-04-28 09:04:10,608 | INFO | amazon_goods_monitor | 标题: Fat Brain Toys Magshuto Knockout Rail, Magnetic Trick Shot System, Unique 2 Player Magnet Launching Game for Kids and Tweens Ages 6 and Up
2026-04-28 09:04:10,640 | INFO | amazon_goods_monitor | 没有优惠券
2026-04-28 09:04:10,643 | INFO | amazon_goods_monitor | -----------开始爬取商品信息-----------
2026-04-28 09:04:11,018 | INFO | amazon_goods_monitor | -----------开始爬取商品流量信息-----------
2026-04-28 09:04:11,465 | INFO | amazon_goods_monitor | ✅ 加载 8 个代理
2026-04-28 09:04:11,465 | INFO | amazon_goods_monitor | -----------开始爬取优惠券信息-----------
2026-04-28 09:04:11,466 | INFO | amazon_goods_monitor | 开始抓取: https://www.amazon.com/dp/B0F9NHN9GW?th=1
2026-04-28 09:04:12,486 | INFO | amazon_goods_monitor | ✅ 已设置邮编 90002 (amazon.com)
2026-04-28 09:04:12,493 | INFO | amazon_goods_monitor | 📡 获取新代理: socks5://EJ0WX0RSVB:02954261@125.75.68.73:17894
2026-04-28 09:04:12,494 | INFO | amazon_goods_monitor | 使用代理: 125.75.68.73:17894 (尝试 1/3)
2026-04-28 09:04:12,494 | INFO | amazon_goods_monitor | ⏳ 等待 0.8 秒...
2026-04-28 09:04:13,319 | INFO | amazon_goods_monitor | 请求URL: https://www.amazon.com/dp/B0F9NHN9GW?th=1
2026-04-28 09:04:15,979 | INFO | amazon_goods_monitor | ✅ 请求成功 - 状态码: 200
2026-04-28 09:04:16,811 | INFO | amazon_goods_monitor | 没有优惠券
2026-04-28 09:04:16,813 | INFO | amazon_goods_monitor | -----------开始爬取商品信息-----------
2026-04-28 09:04:17,346 | INFO | amazon_goods_monitor | -----------开始爬取商品流量信息-----------
2026-04-28 09:04:17,796 | INFO | amazon_goods_monitor | ✅ 加载 8 个代理
2026-04-28 09:04:17,796 | INFO | amazon_goods_monitor | -----------开始爬取优惠券信息-----------
2026-04-28 09:04:17,797 | INFO | amazon_goods_monitor | 开始抓取: https://www.amazon.com/dp/B0GNB7ZPGT?th=1
2026-04-28 09:04:18,928 | INFO | amazon_goods_monitor | ✅ 已设置邮编 90002 (amazon.com)
2026-04-28 09:04:18,935 | INFO | amazon_goods_monitor | 📡 获取新代理: socks5://YKEW9SOB5S:32342415@218.78.129.68:15654
2026-04-28 09:04:18,936 | INFO | amazon_goods_monitor | 使用代理: 218.78.129.68:15654 (尝试 1/3)
2026-04-28 09:04:18,936 | INFO | amazon_goods_monitor | ⏳ 等待 0.8 秒...
2026-04-28 09:04:19,755 | INFO | amazon_goods_monitor | 请求URL: https://www.amazon.com/dp/B0GNB7ZPGT?th=1
2026-04-28 09:04:22,291 | INFO | amazon_goods_monitor | ✅ 请求成功 - 状态码: 200
2026-04-28 09:04:22,993 | INFO | amazon_goods_monitor | 没有优惠券
2026-04-28 09:04:22,995 | INFO | amazon_goods_monitor | -----------开始爬取商品信息-----------
2026-04-28 09:04:23,360 | INFO | amazon_goods_monitor | -----------开始爬取商品流量信息-----------
2026-04-28 09:04:23,772 | INFO | amazon_goods_monitor | ✅ 加载 8 个代理
2026-04-28 09:04:23,773 | INFO | amazon_goods_monitor | -----------开始爬取优惠券信息-----------
2026-04-28 09:04:23,773 | INFO | amazon_goods_monitor | 开始抓取: https://www.amazon.com/dp/B0DSGL45JX?th=1
2026-04-28 09:04:24,681 | INFO | amazon_goods_monitor | ✅ 已设置邮编 90002 (amazon.com)
2026-04-28 09:04:24,688 | INFO | amazon_goods_monitor | 📡 获取新代理: socks5://WVKYFTS670:14418351@121.14.201.248:11074
2026-04-28 09:04:24,688 | INFO | amazon_goods_monitor | 使用代理: 121.14.201.248:11074 (尝试 1/3)
2026-04-28 09:04:24,688 | INFO | amazon_goods_monitor | ⏳ 等待 0.4 秒...
2026-04-28 09:04:25,129 | INFO | amazon_goods_monitor | 请求URL: https://www.amazon.com/dp/B0DSGL45JX?th=1
2026-04-28 09:04:28,271 | INFO | amazon_goods_monitor | ✅ 请求成功 - 状态码: 200
2026-04-28 09:04:28,984 | INFO | amazon_goods_monitor | 没有优惠券
2026-04-28 09:04:28,987 | INFO | amazon_goods_monitor | -----------开始爬取商品信息-----------
2026-04-28 09:04:29,468 | INFO | amazon_goods_monitor | -----------开始爬取商品流量信息-----------
2026-04-28 09:04:30,008 | INFO | amazon_goods_monitor | ✅ 加载 8 个代理
2026-04-28 09:04:30,008 | INFO | amazon_goods_monitor | -----------开始爬取优惠券信息-----------
2026-04-28 09:04:30,008 | INFO | amazon_goods_monitor | 开始抓取: https://www.amazon.com/dp/B0G1XCSD8V?th=1
2026-04-28 09:04:31,125 | INFO | amazon_goods_monitor | ✅ 已设置邮编 90002 (amazon.com)
2026-04-28 09:04:31,135 | INFO | amazon_goods_monitor | 📡 获取新代理: socks5://YKEW9SOB5S:32342415@218.78.129.68:15654
2026-04-28 09:04:31,135 | INFO | amazon_goods_monitor | 使用代理: 218.78.129.68:15654 (尝试 1/3)
2026-04-28 09:04:31,136 | INFO | amazon_goods_monitor | ⏳ 等待 0.2 秒...
2026-04-28 09:04:31,306 | INFO | amazon_goods_monitor | 请求URL: https://www.amazon.com/dp/B0G1XCSD8V?th=1
2026-04-28 09:04:34,708 | INFO | amazon_goods_monitor | ✅ 请求成功 - 状态码: 200
2026-04-28 09:04:35,522 | INFO | amazon_goods_monitor | 没有优惠券
2026-04-28 09:04:35,527 | INFO | amazon_goods_monitor | -----------开始爬取商品信息-----------
2026-04-28 09:04:36,020 | INFO | amazon_goods_monitor | -----------开始爬取商品流量信息-----------
2026-04-28 09:04:36,535 | INFO | amazon_goods_monitor | ✅ 加载 8 个代理
2026-04-28 09:04:36,535 | INFO | amazon_goods_monitor | -----------开始爬取优惠券信息-----------
2026-04-28 09:04:36,536 | INFO | amazon_goods_monitor | 开始抓取: https://www.amazon.com/dp/B08SJFW6HL?th=1
2026-04-28 09:04:37,440 | INFO | amazon_goods_monitor | ✅ 已设置邮编 90002 (amazon.com)
2026-04-28 09:04:37,445 | INFO | amazon_goods_monitor | 📡 获取新代理: socks5://LLW0BU7VGQ:39267509@124.236.76.149:17745
2026-04-28 09:04:37,445 | INFO | amazon_goods_monitor | 使用代理: 124.236.76.149:17745 (尝试 1/3)
2026-04-28 09:04:37,446 | INFO | amazon_goods_monitor | ⏳ 等待 0.7 秒...
2026-04-28 09:04:38,201 | INFO | amazon_goods_monitor | 请求URL: https://www.amazon.com/dp/B08SJFW6HL?th=1
2026-04-28 09:04:41,504 | INFO | amazon_goods_monitor | ✅ 请求成功 - 状态码: 200
2026-04-28 09:04:42,344 | INFO | amazon_goods_monitor | 没有优惠券
2026-04-28 09:04:42,347 | INFO | amazon_goods_monitor | -----------开始爬取商品信息-----------
2026-04-28 09:04:42,785 | INFO | amazon_goods_monitor | -----------开始爬取商品流量信息-----------
2026-04-28 09:04:43,418 | INFO | amazon_goods_monitor | ✅ 加载 8 个代理
2026-04-28 09:04:43,419 | INFO | amazon_goods_monitor | -----------开始爬取优惠券信息-----------
2026-04-28 09:04:43,419 | INFO | amazon_goods_monitor | 开始抓取: https://www.amazon.com/dp/B0F634LK67?th=1
2026-04-28 09:04:44,339 | INFO | amazon_goods_monitor | ✅ 已设置邮编 90002 (amazon.com)
2026-04-28 09:04:44,347 | INFO | amazon_goods_monitor | 📡 获取新代理: socks5://XEZQOPMX7M:53843223@121.229.211.102:15252
2026-04-28 09:04:44,347 | INFO | amazon_goods_monitor | 使用代理: 121.229.211.102:15252 (尝试 1/3)
2026-04-28 09:04:44,348 | INFO | amazon_goods_monitor | ⏳ 等待 0.1 秒...
2026-04-28 09:04:44,498 | INFO | amazon_goods_monitor | 请求URL: https://www.amazon.com/dp/B0F634LK67?th=1
2026-04-28 09:04:47,236 | INFO | amazon_goods_monitor | ✅ 请求成功 - 状态码: 200
2026-04-28 09:04:48,033 | INFO | amazon_goods_monitor | 没有优惠券
2026-04-28 09:04:48,036 | INFO | amazon_goods_monitor | -----------开始爬取商品信息-----------
2026-04-28 09:04:48,448 | INFO | amazon_goods_monitor | -----------开始爬取商品流量信息-----------
2026-04-28 09:04:48,855 | INFO | amazon_goods_monitor | ✅ 加载 8 个代理
2026-04-28 09:04:48,855 | INFO | amazon_goods_monitor | -----------开始爬取优惠券信息-----------
2026-04-28 09:04:48,855 | INFO | amazon_goods_monitor | 开始抓取: https://www.amazon.com/dp/B0BVM19YWS?th=1
2026-04-28 09:04:49,810 | INFO | amazon_goods_monitor | ✅ 已设置邮编 90002 (amazon.com)
2026-04-28 09:04:49,818 | INFO | amazon_goods_monitor | 📡 获取新代理: socks5://EJ0WX0RSVB:02954261@125.75.68.73:17894
2026-04-28 09:04:49,819 | INFO | amazon_goods_monitor | 使用代理: 125.75.68.73:17894 (尝试 1/3)
2026-04-28 09:04:49,819 | INFO | amazon_goods_monitor | ⏳ 等待 0.2 秒...
2026-04-28 09:04:49,978 | INFO | amazon_goods_monitor | 请求URL: https://www.amazon.com/dp/B0BVM19YWS?th=1
2026-04-28 09:04:52,882 | INFO | amazon_goods_monitor | ✅ 请求成功 - 状态码: 200
2026-04-28 09:04:53,742 | INFO | amazon_goods_monitor | 没有优惠券
2026-04-28 09:04:53,745 | INFO | amazon_goods_monitor | -----------开始爬取商品信息-----------
2026-04-28 09:04:54,138 | INFO | amazon_goods_monitor | -----------开始爬取商品流量信息-----------
2026-04-28 09:04:54,642 | INFO | amazon_goods_monitor | ✅ 加载 8 个代理
2026-04-28 09:04:54,642 | INFO | amazon_goods_monitor | -----------开始爬取优惠券信息-----------
2026-04-28 09:04:54,643 | INFO | amazon_goods_monitor | 开始抓取: https://www.amazon.com/dp/B0FLJ8H6B9?th=1
2026-04-28 09:04:55,582 | INFO | amazon_goods_monitor | ✅ 已设置邮编 90002 (amazon.com)
2026-04-28 09:04:55,591 | INFO | amazon_goods_monitor | 📡 获取新代理: socks5://XEZQOPMX7M:53843223@121.229.211.102:15252
2026-04-28 09:04:55,592 | INFO | amazon_goods_monitor | 使用代理: 121.229.211.102:15252 (尝试 1/3)
2026-04-28 09:04:55,592 | INFO | amazon_goods_monitor | ⏳ 等待 0.0 秒...
2026-04-28 09:04:55,597 | INFO | amazon_goods_monitor | 请求URL: https://www.amazon.com/dp/B0FLJ8H6B9?th=1
2026-04-28 09:04:58,841 | INFO | amazon_goods_monitor | ✅ 请求成功 - 状态码: 200
2026-04-28 09:04:59,606 | INFO | amazon_goods_monitor | 没有优惠券
2026-04-28 09:04:59,609 | INFO | amazon_goods_monitor | -----------开始爬取商品信息-----------
2026-04-28 09:05:00,091 | INFO | amazon_goods_monitor | -----------开始爬取商品流量信息-----------
2026-04-28 09:05:00,547 | INFO | amazon_goods_monitor | ✅ 加载 8 个代理
2026-04-28 09:05:00,548 | INFO | amazon_goods_monitor | -----------开始爬取优惠券信息-----------
2026-04-28 09:05:00,548 | INFO | amazon_goods_monitor | 开始抓取: https://www.amazon.com/Kaodezhu-Dinosaur-Math-Balance-Toys/dp/B09WN16G4W
2026-04-28 09:05:01,456 | INFO | amazon_goods_monitor | ✅ 已设置邮编 90002 (amazon.com)
2026-04-28 09:05:01,466 | INFO | amazon_goods_monitor | 📡 获取新代理: socks5://EJ0WX0RSVB:02954261@125.75.68.73:17894
2026-04-28 09:05:01,467 | INFO | amazon_goods_monitor | 使用代理: 125.75.68.73:17894 (尝试 1/3)
2026-04-28 09:05:01,468 | INFO | amazon_goods_monitor | ⏳ 等待 0.8 秒...
2026-04-28 09:05:02,272 | INFO | amazon_goods_monitor | 请求URL: https://www.amazon.com/Kaodezhu-Dinosaur-Math-Balance-Toys/dp/B09WN16G4W
2026-04-28 09:05:05,328 | INFO | amazon_goods_monitor | ✅ 请求成功 - 状态码: 200
2026-04-28 09:05:06,196 | INFO | amazon_goods_monitor | 标题: Kaodezhu Dinosaur Math Balance Toys - Montessori Toys for 3 Years Old Kids, Learning and Educational Toys for Boys and Girls - Birthday Gifts for 4 5 6 7 Year Old Boys
2026-04-28 09:05:06,220 | INFO | amazon_goods_monitor | 没有优惠券
2026-04-28 09:05:06,222 | INFO | amazon_goods_monitor | -----------开始爬取商品信息-----------
2026-04-28 09:05:06,715 | INFO | amazon_goods_monitor | -----------开始爬取商品流量信息-----------
2026-04-28 09:05:07,155 | INFO | amazon_goods_monitor | ✅ 加载 8 个代理
2026-04-28 09:05:07,155 | INFO | amazon_goods_monitor | -----------开始爬取优惠券信息-----------
2026-04-28 09:05:07,156 | INFO | amazon_goods_monitor | 开始抓取: https://www.amazon.com/dp/B0FGJG2ZHQ
2026-04-28 09:05:08,123 | INFO | amazon_goods_monitor | ✅ 已设置邮编 90002 (amazon.com)
2026-04-28 09:05:08,133 | INFO | amazon_goods_monitor | 📡 获取新代理: socks5://EJ0WX0RSVB:02954261@125.75.68.73:17894
2026-04-28 09:05:08,133 | INFO | amazon_goods_monitor | 使用代理: 125.75.68.73:17894 (尝试 1/3)
2026-04-28 09:05:08,134 | INFO | amazon_goods_monitor | ⏳ 等待 0.5 秒...
2026-04-28 09:05:08,669 | INFO | amazon_goods_monitor | 请求URL: https://www.amazon.com/dp/B0FGJG2ZHQ
2026-04-28 09:05:11,741 | INFO | amazon_goods_monitor | ✅ 请求成功 - 状态码: 200
2026-04-28 09:05:12,786 | INFO | amazon_goods_monitor | 没有优惠券
2026-04-28 09:05:12,789 | INFO | amazon_goods_monitor | -----------开始爬取商品信息-----------
2026-04-28 09:05:13,172 | INFO | amazon_goods_monitor | -----------开始爬取商品流量信息-----------
2026-04-28 09:05:13,687 | INFO | amazon_goods_monitor | ✅ 加载 8 个代理
2026-04-28 09:05:13,687 | INFO | amazon_goods_monitor | -----------开始爬取优惠券信息-----------
2026-04-28 09:05:13,688 | INFO | amazon_goods_monitor | 开始抓取: https://www.amazon.com/dp/B0FQP89DCJ
2026-04-28 09:05:14,638 | INFO | amazon_goods_monitor | ✅ 已设置邮编 90002 (amazon.com)
2026-04-28 09:05:14,643 | INFO | amazon_goods_monitor | 📡 获取新代理: socks5://AIHARVNXPM:57446815@124.225.4.69:12533
2026-04-28 09:05:14,643 | INFO | amazon_goods_monitor | 使用代理: 124.225.4.69:12533 (尝试 1/3)
2026-04-28 09:05:14,643 | INFO | amazon_goods_monitor | ⏳ 等待 0.1 秒...
2026-04-28 09:05:14,749 | INFO | amazon_goods_monitor | 请求URL: https://www.amazon.com/dp/B0FQP89DCJ
2026-04-28 09:05:18,113 | INFO | amazon_goods_monitor | ✅ 请求成功 - 状态码: 200
2026-04-28 09:05:19,016 | INFO | amazon_goods_monitor | 标题: GEERAY Sound Effects Machine, 16 Hilarious Sounds, Include Fart, Applause, Laughter and More, Pocket Sized Funny Noise Maker Toys for Boys Ages 8-13, Cool Gadgets Gag Gifts for Kids Teens Boys Girls
2026-04-28 09:05:19,038 | INFO | amazon_goods_monitor | 没有优惠券
2026-04-28 09:05:19,040 | INFO | amazon_goods_monitor | -----------开始爬取商品信息-----------
2026-04-28 09:05:19,550 | INFO | amazon_goods_monitor | -----------开始爬取商品流量信息-----------
2026-04-28 09:05:19,983 | INFO | amazon_goods_monitor | ✅ 加载 8 个代理
2026-04-28 09:05:19,983 | INFO | amazon_goods_monitor | -----------开始爬取优惠券信息-----------
2026-04-28 09:05:19,984 | INFO | amazon_goods_monitor | 开始抓取: https://www.amazon.com/dp/B0DSLNV76D?th=1
2026-04-28 09:05:20,927 | INFO | amazon_goods_monitor | ✅ 已设置邮编 90002 (amazon.com)
2026-04-28 09:05:20,941 | INFO | amazon_goods_monitor | 📡 获取新代理: socks5://XEZQOPMX7M:53843223@121.229.211.102:15252
2026-04-28 09:05:20,941 | INFO | amazon_goods_monitor | 使用代理: 121.229.211.102:15252 (尝试 1/3)
2026-04-28 09:05:20,941 | INFO | amazon_goods_monitor | ⏳ 等待 0.7 秒...
2026-04-28 09:05:21,646 | INFO | amazon_goods_monitor | 请求URL: https://www.amazon.com/dp/B0DSLNV76D?th=1
2026-04-28 09:05:25,680 | INFO | amazon_goods_monitor | ✅ 请求成功 - 状态码: 200
2026-04-28 09:05:26,537 | INFO | amazon_goods_monitor | 没有优惠券
2026-04-28 09:05:26,539 | INFO | amazon_goods_monitor | -----------开始爬取商品信息-----------
2026-04-28 09:05:26,948 | INFO | amazon_goods_monitor | -----------开始爬取商品流量信息-----------
2026-04-28 09:05:27,396 | INFO | amazon_goods_monitor | ✅ 加载 8 个代理
2026-04-28 09:05:27,397 | INFO | amazon_goods_monitor | -----------开始爬取优惠券信息-----------
2026-04-28 09:05:27,397 | INFO | amazon_goods_monitor | 开始抓取: https://www.amazon.com/dp/B0F8V6L6XN?th=1
2026-04-28 09:05:28,340 | INFO | amazon_goods_monitor | ✅ 已设置邮编 90002 (amazon.com)
2026-04-28 09:05:28,350 | INFO | amazon_goods_monitor | 📡 获取新代理: socks5://LLW0BU7VGQ:39267509@124.236.76.149:17745
2026-04-28 09:05:28,350 | INFO | amazon_goods_monitor | 使用代理: 124.236.76.149:17745 (尝试 1/3)
2026-04-28 09:05:28,351 | INFO | amazon_goods_monitor | ⏳ 等待 0.4 秒...
2026-04-28 09:05:28,747 | INFO | amazon_goods_monitor | 请求URL: https://www.amazon.com/dp/B0F8V6L6XN?th=1
2026-04-28 09:05:32,492 | INFO | amazon_goods_monitor | ✅ 请求成功 - 状态码: 200
2026-04-28 09:05:33,376 | INFO | amazon_goods_monitor | 没有优惠券
2026-04-28 09:05:33,379 | INFO | amazon_goods_monitor | -----------开始爬取商品信息-----------
2026-04-28 09:05:33,766 | INFO | amazon_goods_monitor | -----------开始爬取商品流量信息-----------
2026-04-28 09:05:34,206 | INFO | amazon_goods_monitor | ✅ 加载 8 个代理
2026-04-28 09:05:34,207 | INFO | amazon_goods_monitor | -----------开始爬取优惠券信息-----------
2026-04-28 09:05:34,207 | INFO | amazon_goods_monitor | 开始抓取: https://www.amazon.com/dp/B0FMRGWVF4?th=1
2026-04-28 09:05:35,162 | INFO | amazon_goods_monitor | ✅ 已设置邮编 90002 (amazon.com)
2026-04-28 09:05:35,168 | INFO | amazon_goods_monitor | 📡 获取新代理: socks5://EJ0WX0RSVB:02954261@125.75.68.73:17894
2026-04-28 09:05:35,168 | INFO | amazon_goods_monitor | 使用代理: 125.75.68.73:17894 (尝试 1/3)
2026-04-28 09:05:35,169 | INFO | amazon_goods_monitor | ⏳ 等待 0.2 秒...
2026-04-28 09:05:35,341 | INFO | amazon_goods_monitor | 请求URL: https://www.amazon.com/dp/B0FMRGWVF4?th=1
2026-04-28 09:05:39,360 | INFO | amazon_goods_monitor | ✅ 请求成功 - 状态码: 200
2026-04-28 09:05:40,218 | INFO | amazon_goods_monitor | 没有优惠券
2026-04-28 09:05:40,224 | INFO | amazon_goods_monitor | -----------开始爬取商品信息-----------
2026-04-28 09:05:40,660 | INFO | amazon_goods_monitor | -----------开始爬取商品流量信息-----------
2026-04-28 09:05:41,173 | INFO | amazon_goods_monitor | ✅ 加载 8 个代理
2026-04-28 09:05:41,173 | INFO | amazon_goods_monitor | -----------开始爬取优惠券信息-----------
2026-04-28 09:05:41,174 | INFO | amazon_goods_monitor | 开始抓取: https://www.amazon.com/dp/B0CNSHK9ZM?psc=1
2026-04-28 09:05:42,152 | INFO | amazon_goods_monitor | ✅ 已设置邮编 90002 (amazon.com)
2026-04-28 09:05:42,160 | INFO | amazon_goods_monitor | 📡 获取新代理: socks5://W9JFIJCY7Z:46344650@118.253.177.190:11193
2026-04-28 09:05:42,160 | INFO | amazon_goods_monitor | 使用代理: 118.253.177.190:11193 (尝试 1/3)
2026-04-28 09:05:42,160 | INFO | amazon_goods_monitor | ⏳ 等待 0.4 秒...
2026-04-28 09:05:42,574 | INFO | amazon_goods_monitor | 请求URL: https://www.amazon.com/dp/B0CNSHK9ZM?psc=1
2026-04-28 09:05:45,307 | INFO | amazon_goods_monitor | ✅ 请求成功 - 状态码: 200
2026-04-28 09:05:47,035 | INFO | amazon_goods_monitor | 没有优惠券
2026-04-28 09:05:47,039 | INFO | amazon_goods_monitor | -----------开始爬取商品信息-----------
2026-04-28 09:05:47,455 | INFO | amazon_goods_monitor | -----------开始爬取商品流量信息-----------
2026-04-28 09:05:51,008 | INFO | amazon_goods_monitor | ✅ 加载 8 个代理
2026-04-28 09:05:51,008 | INFO | amazon_goods_monitor | -----------开始爬取优惠券信息-----------
2026-04-28 09:05:51,009 | INFO | amazon_goods_monitor | 开始抓取: https://www.amazon.com/dp/B0F2MNGL8D?th=1
2026-04-28 09:05:51,940 | INFO | amazon_goods_monitor | ✅ 已设置邮编 90002 (amazon.com)
2026-04-28 09:05:51,950 | INFO | amazon_goods_monitor | 📡 获取新代理: socks5://AIHARVNXPM:57446815@124.225.4.69:12533
2026-04-28 09:05:51,950 | INFO | amazon_goods_monitor | 使用代理: 124.225.4.69:12533 (尝试 1/3)
2026-04-28 09:05:51,950 | INFO | amazon_goods_monitor | ⏳ 等待 0.9 秒...
2026-04-28 09:05:52,834 | INFO | amazon_goods_monitor | 请求URL: https://www.amazon.com/dp/B0F2MNGL8D?th=1
2026-04-28 09:05:56,308 | INFO | amazon_goods_monitor | ✅ 请求成功 - 状态码: 200
2026-04-28 09:05:58,114 | INFO | amazon_goods_monitor | 没有优惠券
2026-04-28 09:05:58,117 | INFO | amazon_goods_monitor | -----------开始爬取商品信息-----------
2026-04-28 09:05:58,617 | INFO | amazon_goods_monitor | -----------开始爬取商品流量信息-----------
2026-04-28 09:05:59,221 | INFO | amazon_goods_monitor | ✅ 加载 8 个代理
2026-04-28 09:05:59,221 | INFO | amazon_goods_monitor | -----------开始爬取优惠券信息-----------
2026-04-28 09:05:59,222 | INFO | amazon_goods_monitor | 开始抓取: https://www.amazon.com/dp/B0FX4YK883?th=1
2026-04-28 09:06:00,181 | INFO | amazon_goods_monitor | ✅ 已设置邮编 90002 (amazon.com)
2026-04-28 09:06:00,191 | INFO | amazon_goods_monitor | 📡 获取新代理: socks5://LLW0BU7VGQ:39267509@124.236.76.149:17745
2026-04-28 09:06:00,191 | INFO | amazon_goods_monitor | 使用代理: 124.236.76.149:17745 (尝试 1/3)
2026-04-28 09:06:00,192 | INFO | amazon_goods_monitor | ⏳ 等待 1.0 秒...
2026-04-28 09:06:01,191 | INFO | amazon_goods_monitor | 请求URL: https://www.amazon.com/dp/B0FX4YK883?th=1
2026-04-28 09:06:05,241 | INFO | amazon_goods_monitor | ✅ 请求成功 - 状态码: 200
2026-04-28 09:06:06,043 | INFO | amazon_goods_monitor | 标题: PIXMIX Pixel Building Art Kit for Kids Ages 5+ – STEM Toy for Boys & Girls, Creative Learning & Sensory Activity – 16x16 Board, 1000 Pieces, 200+ Multi-Level Challenges
2026-04-28 09:06:06,065 | INFO | amazon_goods_monitor | 没有优惠券
2026-04-28 09:06:06,068 | INFO | amazon_goods_monitor | -----------开始爬取商品信息-----------
2026-04-28 09:06:06,542 | INFO | amazon_goods_monitor | -----------开始爬取商品流量信息-----------
2026-04-28 09:06:06,972 | INFO | amazon_goods_monitor | ✅ 加载 8 个代理
2026-04-28 09:06:06,972 | INFO | amazon_goods_monitor | -----------开始爬取优惠券信息-----------
2026-04-28 09:06:06,972 | INFO | amazon_goods_monitor | 开始抓取: https://www.amazon.com/dp/B0D6BVGBJK?th=1
2026-04-28 09:06:07,932 | INFO | amazon_goods_monitor | ✅ 已设置邮编 90002 (amazon.com)
2026-04-28 09:06:07,942 | INFO | amazon_goods_monitor | 📡 获取新代理: socks5://AIHARVNXPM:57446815@124.225.4.69:12533
2026-04-28 09:06:07,942 | INFO | amazon_goods_monitor | 使用代理: 124.225.4.69:12533 (尝试 1/3)
2026-04-28 09:06:07,943 | INFO | amazon_goods_monitor | ⏳ 等待 1.0 秒...
2026-04-28 09:06:08,930 | INFO | amazon_goods_monitor | 请求URL: https://www.amazon.com/dp/B0D6BVGBJK?th=1
2026-04-28 09:06:12,108 | INFO | amazon_goods_monitor | ✅ 请求成功 - 状态码: 200
2026-04-28 09:06:12,804 | INFO | amazon_goods_monitor | 没有优惠券
2026-04-28 09:06:12,807 | INFO | amazon_goods_monitor | -----------开始爬取商品信息-----------
2026-04-28 09:06:13,333 | INFO | amazon_goods_monitor | -----------开始爬取商品流量信息-----------
2026-04-28 09:06:13,841 | INFO | amazon_goods_monitor | ✅ 加载 8 个代理
2026-04-28 09:06:13,841 | INFO | amazon_goods_monitor | -----------开始爬取优惠券信息-----------
2026-04-28 09:06:13,841 | INFO | amazon_goods_monitor | 开始抓取: https://www.amazon.com/dp/B0GNCQYTQZ?th=1
2026-04-28 09:06:14,973 | INFO | amazon_goods_monitor | ✅ 已设置邮编 90002 (amazon.com)
2026-04-28 09:06:14,982 | INFO | amazon_goods_monitor | 📡 获取新代理: socks5://YKEW9SOB5S:32342415@218.78.129.68:15654
2026-04-28 09:06:14,982 | INFO | amazon_goods_monitor | 使用代理: 218.78.129.68:15654 (尝试 1/3)
2026-04-28 09:06:14,984 | INFO | amazon_goods_monitor | ⏳ 等待 0.7 秒...
2026-04-28 09:06:15,643 | INFO | amazon_goods_monitor | 请求URL: https://www.amazon.com/dp/B0GNCQYTQZ?th=1
2026-04-28 09:06:18,362 | INFO | amazon_goods_monitor | ✅ 请求成功 - 状态码: 200
2026-04-28 09:06:19,062 | INFO | amazon_goods_monitor | 没有优惠券
2026-04-28 09:06:19,065 | INFO | amazon_goods_monitor | -----------开始爬取商品信息-----------
2026-04-28 09:06:19,563 | INFO | amazon_goods_monitor | -----------开始爬取商品流量信息-----------
2026-04-28 09:06:20,022 | INFO | amazon_goods_monitor | ✅ 加载 8 个代理
2026-04-28 09:06:20,022 | INFO | amazon_goods_monitor | -----------开始爬取优惠券信息-----------
2026-04-28 09:06:20,023 | INFO | amazon_goods_monitor | 开始抓取: https://www.amazon.com/dp/B0FVMFGM5W?th=1
2026-04-28 09:06:20,977 | INFO | amazon_goods_monitor | ✅ 已设置邮编 90002 (amazon.com)
2026-04-28 09:06:20,988 | INFO | amazon_goods_monitor | 📡 获取新代理: socks5://EJ0WX0RSVB:02954261@125.75.68.73:17894
2026-04-28 09:06:20,988 | INFO | amazon_goods_monitor | 使用代理: 125.75.68.73:17894 (尝试 1/3)
2026-04-28 09:06:20,989 | INFO | amazon_goods_monitor | ⏳ 等待 0.3 秒...
2026-04-28 09:06:21,281 | INFO | amazon_goods_monitor | 请求URL: https://www.amazon.com/dp/B0FVMFGM5W?th=1
2026-04-28 09:06:24,546 | INFO | amazon_goods_monitor | ✅ 请求成功 - 状态码: 200
2026-04-28 09:06:25,401 | INFO | amazon_goods_monitor | 没有优惠券
2026-04-28 09:06:25,404 | INFO | amazon_goods_monitor | -----------开始爬取商品信息-----------
2026-04-28 09:06:25,809 | INFO | amazon_goods_monitor | -----------开始爬取商品流量信息-----------
2026-04-28 09:06:26,315 | INFO | amazon_goods_monitor | ✅ 加载 8 个代理
2026-04-28 09:06:26,316 | INFO | amazon_goods_monitor | -----------开始爬取优惠券信息-----------
2026-04-28 09:06:26,316 | INFO | amazon_goods_monitor | 开始抓取: https://www.amazon.com/dp/B0FDFZJB9G?th=1
2026-04-28 09:06:27,267 | INFO | amazon_goods_monitor | ✅ 已设置邮编 90002 (amazon.com)
2026-04-28 09:06:27,278 | INFO | amazon_goods_monitor | 📡 获取新代理: socks5://W9JFIJCY7Z:46344650@118.253.177.190:11193
2026-04-28 09:06:27,278 | INFO | amazon_goods_monitor | 使用代理: 118.253.177.190:11193 (尝试 1/3)
2026-04-28 09:06:27,278 | INFO | amazon_goods_monitor | ⏳ 等待 0.6 秒...
2026-04-28 09:06:27,888 | INFO | amazon_goods_monitor | 请求URL: https://www.amazon.com/dp/B0FDFZJB9G?th=1
2026-04-28 09:06:31,037 | INFO | amazon_goods_monitor | ✅ 请求成功 - 状态码: 200
2026-04-28 09:06:31,828 | INFO | amazon_goods_monitor | 优惠券: Apply 10% couponTerms
2026-04-28 09:06:31,831 | INFO | amazon_goods_monitor | -----------开始爬取商品信息-----------
2026-04-28 09:06:32,292 | INFO | amazon_goods_monitor | -----------开始爬取商品流量信息-----------
2026-04-28 09:06:32,719 | INFO | amazon_goods_monitor | ✅ 加载 8 个代理
2026-04-28 09:06:32,719 | INFO | amazon_goods_monitor | -----------开始爬取优惠券信息-----------
2026-04-28 09:06:32,720 | INFO | amazon_goods_monitor | 开始抓取: https://www.amazon.com/dp/B0CP4DMFJ4?th=1
2026-04-28 09:06:33,651 | INFO | amazon_goods_monitor | ✅ 已设置邮编 90002 (amazon.com)
2026-04-28 09:06:33,661 | INFO | amazon_goods_monitor | 📡 获取新代理: socks5://WVKYFTS670:14418351@121.14.201.248:11074
2026-04-28 09:06:33,662 | INFO | amazon_goods_monitor | 使用代理: 121.14.201.248:11074 (尝试 1/3)
2026-04-28 09:06:33,662 | INFO | amazon_goods_monitor | ⏳ 等待 0.5 秒...
2026-04-28 09:06:34,152 | INFO | amazon_goods_monitor | 请求URL: https://www.amazon.com/dp/B0CP4DMFJ4?th=1
2026-04-28 09:06:36,909 | INFO | amazon_goods_monitor | ✅ 请求成功 - 状态码: 200
2026-04-28 09:06:37,539 | INFO | amazon_goods_monitor | 标题: Goliath Jelly Blox Vrroom! Truck Kit | Includes 35 Blocks | Toddler & Preschool Building Blocks Kids Can Squeeze, Stretch, Squish | MESH ACCREDITED | Safety Tested Ouch-Free | Sensory Play Toy Ages 2+
2026-04-28 09:06:37,556 | INFO | amazon_goods_monitor | 没有优惠券
2026-04-28 09:06:37,559 | INFO | amazon_goods_monitor | -----------开始爬取商品信息-----------
2026-04-28 09:06:37,970 | INFO | amazon_goods_monitor | -----------开始爬取商品流量信息-----------
2026-04-28 09:06:38,525 | INFO | amazon_goods_monitor | ✅ 加载 8 个代理
2026-04-28 09:06:38,525 | INFO | amazon_goods_monitor | -----------开始爬取优惠券信息-----------
2026-04-28 09:06:38,526 | INFO | amazon_goods_monitor | 开始抓取: https://www.amazon.com/dp/B0CLDY3GJX?th=1
2026-04-28 09:06:39,509 | INFO | amazon_goods_monitor | ✅ 已设置邮编 90002 (amazon.com)
2026-04-28 09:06:39,516 | INFO | amazon_goods_monitor | 📡 获取新代理: socks5://XEZQOPMX7M:53843223@121.229.211.102:15252
2026-04-28 09:06:39,516 | INFO | amazon_goods_monitor | 使用代理: 121.229.211.102:15252 (尝试 1/3)
2026-04-28 09:06:39,516 | INFO | amazon_goods_monitor | ⏳ 等待 0.3 秒...
2026-04-28 09:06:39,808 | INFO | amazon_goods_monitor | 请求URL: https://www.amazon.com/dp/B0CLDY3GJX?th=1
2026-04-28 09:06:42,531 | INFO | amazon_goods_monitor | ✅ 请求成功 - 状态码: 200
2026-04-28 09:06:43,370 | INFO | amazon_goods_monitor | 没有优惠券
2026-04-28 09:06:43,374 | INFO | amazon_goods_monitor | -----------开始爬取商品信息-----------
2026-04-28 09:06:43,786 | INFO | amazon_goods_monitor | -----------开始爬取商品流量信息-----------
2026-04-28 09:06:44,221 | INFO | amazon_goods_monitor | ✅ 加载 8 个代理
2026-04-28 09:06:44,221 | INFO | amazon_goods_monitor | -----------开始爬取优惠券信息-----------
2026-04-28 09:06:44,222 | INFO | amazon_goods_monitor | 开始抓取: https://www.amazon.com/dp/B0FJ2989DS?th=1
2026-04-28 09:06:45,208 | INFO | amazon_goods_monitor | ✅ 已设置邮编 90002 (amazon.com)
2026-04-28 09:06:45,215 | INFO | amazon_goods_monitor | 📡 获取新代理: socks5://AIHARVNXPM:57446815@124.225.4.69:12533
2026-04-28 09:06:45,215 | INFO | amazon_goods_monitor | 使用代理: 124.225.4.69:12533 (尝试 1/3)
2026-04-28 09:06:45,215 | INFO | amazon_goods_monitor | ⏳ 等待 0.1 秒...
2026-04-28 09:06:45,357 | INFO | amazon_goods_monitor | 请求URL: https://www.amazon.com/dp/B0FJ2989DS?th=1
2026-04-28 09:06:47,809 | INFO | amazon_goods_monitor | ✅ 请求成功 - 状态码: 200
2026-04-28 09:06:48,502 | INFO | amazon_goods_monitor | 标题: TOSY Magnet Fidget Spinner Mini - 8 Blocks, 3 in 1 Toy: Transformable Fidget Spinner, Infinity Cube, 2x2 Puzzle Cube, Easter Basket Stuffers for Kids/Adults, STEM Sensory Stress Relief Toy
2026-04-28 09:06:48,520 | INFO | amazon_goods_monitor | 没有优惠券
2026-04-28 09:06:48,523 | INFO | amazon_goods_monitor | -----------开始爬取商品信息-----------
2026-04-28 09:06:48,915 | INFO | amazon_goods_monitor | -----------开始爬取商品流量信息-----------
2026-04-28 09:06:49,465 | INFO | amazon_goods_monitor | ✅ 加载 8 个代理
2026-04-28 09:06:49,465 | INFO | amazon_goods_monitor | -----------开始爬取优惠券信息-----------
2026-04-28 09:06:49,466 | INFO | amazon_goods_monitor | 开始抓取: https://www.amazon.com/dp/B0D93ZWGG4?th=1
2026-04-28 09:06:50,392 | INFO | amazon_goods_monitor | ✅ 已设置邮编 90002 (amazon.com)
2026-04-28 09:06:50,403 | INFO | amazon_goods_monitor | 📡 获取新代理: socks5://EJ0WX0RSVB:02954261@125.75.68.73:17894
2026-04-28 09:06:50,403 | INFO | amazon_goods_monitor | 使用代理: 125.75.68.73:17894 (尝试 1/3)
2026-04-28 09:06:50,403 | INFO | amazon_goods_monitor | ⏳ 等待 0.3 秒...
2026-04-28 09:06:50,701 | INFO | amazon_goods_monitor | 请求URL: https://www.amazon.com/dp/B0D93ZWGG4?th=1
2026-04-28 09:06:53,413 | INFO | amazon_goods_monitor | ✅ 请求成功 - 状态码: 200
2026-04-28 09:06:54,197 | INFO | amazon_goods_monitor | 标题: 2Pcs Bug Catcher for Kids Quick Release Insect Catching Tool Humane Insect Observer with Clear Window 27cm Contactless Bug Catching Container for Kids Adults Nature Exploration
2026-04-28 09:06:54,211 | INFO | amazon_goods_monitor | 没有优惠券
2026-04-28 09:06:54,213 | INFO | amazon_goods_monitor | -----------开始爬取商品信息-----------
2026-04-28 09:06:54,601 | INFO | amazon_goods_monitor | -----------开始爬取商品流量信息-----------
2026-04-28 09:06:55,091 | INFO | amazon_goods_monitor | ✅ 加载 8 个代理
2026-04-28 09:06:55,091 | INFO | amazon_goods_monitor | -----------开始爬取优惠券信息-----------
2026-04-28 09:06:55,092 | INFO | amazon_goods_monitor | 开始抓取: https://www.amazon.com/dp/B08ZYRTY4G?th=1
2026-04-28 09:06:56,039 | INFO | amazon_goods_monitor | ✅ 已设置邮编 90002 (amazon.com)
2026-04-28 09:06:56,047 | INFO | amazon_goods_monitor | 📡 获取新代理: socks5://W9JFIJCY7Z:46344650@118.253.177.190:11193
2026-04-28 09:06:56,047 | INFO | amazon_goods_monitor | 使用代理: 118.253.177.190:11193 (尝试 1/3)
2026-04-28 09:06:56,047 | INFO | amazon_goods_monitor | ⏳ 等待 0.4 秒...
2026-04-28 09:06:56,491 | INFO | amazon_goods_monitor | 请求URL: https://www.amazon.com/dp/B08ZYRTY4G?th=1
2026-04-28 09:06:59,063 | INFO | amazon_goods_monitor | ✅ 请求成功 - 状态码: 200
2026-04-28 09:06:59,756 | INFO | amazon_goods_monitor | 没有优惠券
2026-04-28 09:06:59,759 | INFO | amazon_goods_monitor | -----------开始爬取商品信息-----------
2026-04-28 09:07:00,170 | INFO | amazon_goods_monitor | -----------开始爬取商品流量信息-----------
2026-04-28 09:07:00,601 | INFO | amazon_goods_monitor | ✅ 加载 8 个代理
2026-04-28 09:07:00,601 | INFO | amazon_goods_monitor | -----------开始爬取优惠券信息-----------
2026-04-28 09:07:00,602 | INFO | amazon_goods_monitor | 开始抓取: https://www.amazon.com/dp/B0CQPMY47H?th=1
2026-04-28 09:07:01,541 | INFO | amazon_goods_monitor | ✅ 已设置邮编 90002 (amazon.com)
2026-04-28 09:07:01,549 | INFO | amazon_goods_monitor | 📡 获取新代理: socks5://AIHARVNXPM:57446815@124.225.4.69:12533
2026-04-28 09:07:01,549 | INFO | amazon_goods_monitor | 使用代理: 124.225.4.69:12533 (尝试 1/3)
2026-04-28 09:07:01,551 | INFO | amazon_goods_monitor | ⏳ 等待 0.7 秒...
2026-04-28 09:07:02,239 | INFO | amazon_goods_monitor | 请求URL: https://www.amazon.com/dp/B0CQPMY47H?th=1
2026-04-28 09:07:05,044 | INFO | amazon_goods_monitor | ✅ 请求成功 - 状态码: 200
2026-04-28 09:07:05,854 | INFO | amazon_goods_monitor | 没有优惠券
2026-04-28 09:07:05,857 | INFO | amazon_goods_monitor | -----------开始爬取商品信息-----------
2026-04-28 09:07:06,524 | INFO | amazon_goods_monitor | -----------开始爬取商品流量信息-----------
2026-04-28 09:07:07,027 | INFO | amazon_goods_monitor | ✅ 加载 8 个代理
2026-04-28 09:07:07,028 | INFO | amazon_goods_monitor | -----------开始爬取优惠券信息-----------
2026-04-28 09:07:07,028 | INFO | amazon_goods_monitor | 开始抓取: https://www.amazon.com/dp/B0F3Z1BLF6
2026-04-28 09:07:07,926 | INFO | amazon_goods_monitor | ✅ 已设置邮编 90002 (amazon.com)
2026-04-28 09:07:07,931 | INFO | amazon_goods_monitor | 📡 获取新代理: socks5://WVKYFTS670:14418351@121.14.201.248:11074
2026-04-28 09:07:07,931 | INFO | amazon_goods_monitor | 使用代理: 121.14.201.248:11074 (尝试 1/3)
2026-04-28 09:07:07,931 | INFO | amazon_goods_monitor | ⏳ 等待 0.0 秒...
2026-04-28 09:07:07,976 | INFO | amazon_goods_monitor | 请求URL: https://www.amazon.com/dp/B0F3Z1BLF6
2026-04-28 09:07:10,872 | INFO | amazon_goods_monitor | ✅ 请求成功 - 状态码: 200
2026-04-28 09:07:11,561 | INFO | amazon_goods_monitor | 没有优惠券
2026-04-28 09:07:11,564 | INFO | amazon_goods_monitor | -----------开始爬取商品信息-----------
2026-04-28 09:07:11,983 | INFO | amazon_goods_monitor | -----------开始爬取商品流量信息-----------
2026-04-28 09:07:12,431 | INFO | amazon_goods_monitor | ✅ 加载 8 个代理
2026-04-28 09:07:12,431 | INFO | amazon_goods_monitor | -----------开始爬取优惠券信息-----------
2026-04-28 09:07:12,432 | INFO | amazon_goods_monitor | 开始抓取: https://www.amazon.com/dp/B0FCMQLCZD?th=1
2026-04-28 09:07:13,381 | INFO | amazon_goods_monitor | ✅ 已设置邮编 90002 (amazon.com)
2026-04-28 09:07:13,390 | INFO | amazon_goods_monitor | 📡 获取新代理: socks5://AIHARVNXPM:57446815@124.225.4.69:12533
2026-04-28 09:07:13,390 | INFO | amazon_goods_monitor | 使用代理: 124.225.4.69:12533 (尝试 1/3)
2026-04-28 09:07:13,390 | INFO | amazon_goods_monitor | ⏳ 等待 0.6 秒...
2026-04-28 09:07:13,966 | INFO | amazon_goods_monitor | 请求URL: https://www.amazon.com/dp/B0FCMQLCZD?th=1
2026-04-28 09:07:16,412 | INFO | amazon_goods_monitor | ✅ 请求成功 - 状态码: 200
2026-04-28 09:07:17,158 | INFO | amazon_goods_monitor | 标题: STEM Toys Pixel Art Kit for Kids - Arts and Crafts for Boys & Girls - Educational Science Kits & STEM Activities for Kids Ages 5-8-12 Gifts for 5, 6, 7, 8, 9, 10 Year Old - Brain Teasers Toy (Medium)
2026-04-28 09:07:17,181 | INFO | amazon_goods_monitor | 没有优惠券
2026-04-28 09:07:17,184 | INFO | amazon_goods_monitor | -----------开始爬取商品信息-----------
2026-04-28 09:07:17,648 | INFO | amazon_goods_monitor | -----------开始爬取商品流量信息-----------
2026-04-28 09:07:18,186 | INFO | amazon_goods_monitor | ✅ 加载 8 个代理
2026-04-28 09:07:18,187 | INFO | amazon_goods_monitor | -----------开始爬取优惠券信息-----------
2026-04-28 09:07:18,187 | INFO | amazon_goods_monitor | 开始抓取: https://www.amazon.com/dp/B0FRSHK954?th=1
2026-04-28 09:07:19,146 | INFO | amazon_goods_monitor | ✅ 已设置邮编 90002 (amazon.com)
2026-04-28 09:07:19,158 | INFO | amazon_goods_monitor | 📡 获取新代理: socks5://WVKYFTS670:14418351@121.14.201.248:11074
2026-04-28 09:07:19,158 | INFO | amazon_goods_monitor | 使用代理: 121.14.201.248:11074 (尝试 1/3)
2026-04-28 09:07:19,159 | INFO | amazon_goods_monitor | ⏳ 等待 0.5 秒...
2026-04-28 09:07:19,711 | INFO | amazon_goods_monitor | 请求URL: https://www.amazon.com/dp/B0FRSHK954?th=1
2026-04-28 09:07:22,298 | INFO | amazon_goods_monitor | ✅ 请求成功 - 状态码: 200
2026-04-28 09:07:23,964 | INFO | amazon_goods_monitor | 没有优惠券
2026-04-28 09:07:23,968 | INFO | amazon_goods_monitor | -----------开始爬取商品信息-----------
2026-04-28 09:07:29,753 | INFO | amazon_goods_monitor | -----------开始爬取商品流量信息-----------
2026-04-28 09:07:30,312 | INFO | amazon_goods_monitor | ✅ 加载 8 个代理
2026-04-28 09:07:30,312 | INFO | amazon_goods_monitor | -----------开始爬取优惠券信息-----------
2026-04-28 09:07:30,312 | INFO | amazon_goods_monitor | 开始抓取: https://www.amazon.com/Effects-Machine-Buzzers-Trivia-Cricket/dp/B0GSC41MT7/ref=pd_rhf_se_s_pd_sbs_rvi_d_sccl_1_5/146-0084930-5201075?pd_rd_w=582PX&content-id=amzn1.sym.6640a844-ab24-4352-ac9b-78899e683a5e&pf_rd_p=6640a844-ab24-4352-ac9b-78899e683a5e&pf_rd_r=EN5WZ73QMC02C8KT8EFS&pd_rd_wg=RJ7Ud&pd_rd_r=f09c9c3b-b898-4cf8-bbdd-0e2893907cee&pd_rd_i=B0GSC41MT7&psc=1
2026-04-28 09:07:31,382 | INFO | amazon_goods_monitor | ✅ 已设置邮编 90002 (amazon.com)
2026-04-28 09:07:31,389 | INFO | amazon_goods_monitor | 📡 获取新代理: socks5://AIHARVNXPM:57446815@124.225.4.69:12533
2026-04-28 09:07:31,389 | INFO | amazon_goods_monitor | 使用代理: 124.225.4.69:12533 (尝试 1/3)
2026-04-28 09:07:31,389 | INFO | amazon_goods_monitor | ⏳ 等待 0.2 秒...
2026-04-28 09:07:31,615 | INFO | amazon_goods_monitor | 请求URL: https://www.amazon.com/Effects-Machine-Buzzers-Trivia-Cricket/dp/B0GSC41MT7/ref=pd_rhf_se_s_pd_sbs_rvi_d_sccl_1_5/146-0084930-5201075?pd_rd_w=582PX&content-id=amzn1.sym.6640a844-ab24-4352-ac9b-78899e683a5e&pf_rd_p=6640a844-ab24-4352-ac9b-78899e683a5e&pf_rd_r=EN5WZ73QMC02C8KT8EFS&pd_rd_wg=RJ7Ud&pd_rd_r=f09c9c3b-b898-4cf8-bbdd-0e2893907cee&pd_rd_i=B0GSC41MT7&psc=1
2026-04-28 09:07:34,386 | INFO | amazon_goods_monitor | ✅ 请求成功 - 状态码: 200
2026-04-28 09:07:35,099 | INFO | amazon_goods_monitor | 没有优惠券
2026-04-28 09:07:35,102 | INFO | amazon_goods_monitor | -----------开始爬取商品信息-----------
2026-04-28 09:07:35,505 | INFO | amazon_goods_monitor | -----------开始爬取商品流量信息-----------
2026-04-28 09:07:36,096 | INFO | amazon_goods_monitor | ✅ 加载 8 个代理
2026-04-28 09:07:36,096 | INFO | amazon_goods_monitor | -----------开始爬取优惠券信息-----------
2026-04-28 09:07:36,097 | INFO | amazon_goods_monitor | 开始抓取: https://www.amazon.com/dp/B0DHWTPVCZ?th=1
2026-04-28 09:07:37,013 | INFO | amazon_goods_monitor | ✅ 已设置邮编 90002 (amazon.com)
2026-04-28 09:07:37,021 | INFO | amazon_goods_monitor | 📡 获取新代理: socks5://W9JFIJCY7Z:46344650@118.253.177.190:11193
2026-04-28 09:07:37,021 | INFO | amazon_goods_monitor | 使用代理: 118.253.177.190:11193 (尝试 1/3)
2026-04-28 09:07:37,022 | INFO | amazon_goods_monitor | ⏳ 等待 0.6 秒...
2026-04-28 09:07:37,597 | INFO | amazon_goods_monitor | 请求URL: https://www.amazon.com/dp/B0DHWTPVCZ?th=1
2026-04-28 09:07:40,510 | INFO | amazon_goods_monitor | ✅ 请求成功 - 状态码: 200
2026-04-28 09:07:42,235 | INFO | amazon_goods_monitor | 标题: WodGod The Crossword Game,Classical Game with 12 Dice Letters, Wooden Letter Tiles Dice Games for Camping,Portability Case for Travel，Pocket Lightweight（ About 0.13lb）
2026-04-28 09:07:42,258 | INFO | amazon_goods_monitor | 没有优惠券
2026-04-28 09:07:42,261 | INFO | amazon_goods_monitor | -----------开始爬取商品信息-----------
2026-04-28 09:07:42,655 | INFO | amazon_goods_monitor | -----------开始爬取商品流量信息-----------
2026-04-28 09:07:43,179 | INFO | amazon_goods_monitor | ✅ 加载 8 个代理
2026-04-28 09:07:43,179 | INFO | amazon_goods_monitor | -----------开始爬取优惠券信息-----------
2026-04-28 09:07:43,180 | INFO | amazon_goods_monitor | 开始抓取: https://www.amazon.com/dp/B0FCY45NFR?th=1
2026-04-28 09:07:44,070 | INFO | amazon_goods_monitor | ✅ 已设置邮编 90002 (amazon.com)
2026-04-28 09:07:44,078 | INFO | amazon_goods_monitor | 📡 获取新代理: socks5://PXBHAK1C2C:80609506@1.194.218.235:12509
2026-04-28 09:07:44,079 | INFO | amazon_goods_monitor | 使用代理: 1.194.218.235:12509 (尝试 1/3)
2026-04-28 09:07:44,079 | INFO | amazon_goods_monitor | ⏳ 等待 0.7 秒...
2026-04-28 09:07:44,773 | INFO | amazon_goods_monitor | 请求URL: https://www.amazon.com/dp/B0FCY45NFR?th=1
2026-04-28 09:07:47,529 | INFO | amazon_goods_monitor | ✅ 请求成功 - 状态码: 200
2026-04-28 09:07:48,366 | INFO | amazon_goods_monitor | 没有优惠券
2026-04-28 09:07:48,369 | INFO | amazon_goods_monitor | -----------开始爬取商品信息-----------
2026-04-28 09:07:48,856 | INFO | amazon_goods_monitor | -----------开始爬取商品流量信息-----------
2026-04-28 09:07:49,374 | INFO | amazon_goods_monitor | ✅ 加载 8 个代理
2026-04-28 09:07:49,374 | INFO | amazon_goods_monitor | -----------开始爬取优惠券信息-----------
2026-04-28 09:07:49,374 | INFO | amazon_goods_monitor | 开始抓取: https://www.amazon.com/dp/B097QZKFX3?th=1
2026-04-28 09:07:50,339 | INFO | amazon_goods_monitor | ✅ 已设置邮编 90002 (amazon.com)
2026-04-28 09:07:50,347 | INFO | amazon_goods_monitor | 📡 获取新代理: socks5://WVKYFTS670:14418351@121.14.201.248:11074
2026-04-28 09:07:50,347 | INFO | amazon_goods_monitor | 使用代理: 121.14.201.248:11074 (尝试 1/3)
2026-04-28 09:07:50,348 | INFO | amazon_goods_monitor | ⏳ 等待 0.4 秒...
2026-04-28 09:07:50,780 | INFO | amazon_goods_monitor | 请求URL: https://www.amazon.com/dp/B097QZKFX3?th=1
2026-04-28 09:07:53,884 | INFO | amazon_goods_monitor | ✅ 请求成功 - 状态码: 200
2026-04-28 09:07:54,685 | INFO | amazon_goods_monitor | 没有优惠券
2026-04-28 09:07:54,688 | INFO | amazon_goods_monitor | -----------开始爬取商品信息-----------
2026-04-28 09:07:55,188 | INFO | amazon_goods_monitor | -----------开始爬取商品流量信息-----------
2026-04-28 09:07:55,715 | INFO | amazon_goods_monitor | ✅ 加载 8 个代理
2026-04-28 09:07:55,716 | INFO | amazon_goods_monitor | -----------开始爬取优惠券信息-----------
2026-04-28 09:07:55,716 | INFO | amazon_goods_monitor | 开始抓取: https://www.amazon.com/dp/B0FG894YR7?th=1
2026-04-28 09:07:56,666 | INFO | amazon_goods_monitor | ✅ 已设置邮编 90002 (amazon.com)
2026-04-28 09:07:56,675 | INFO | amazon_goods_monitor | 📡 获取新代理: socks5://WVKYFTS670:14418351@121.14.201.248:11074
2026-04-28 09:07:56,675 | INFO | amazon_goods_monitor | 使用代理: 121.14.201.248:11074 (尝试 1/3)
2026-04-28 09:07:56,675 | INFO | amazon_goods_monitor | ⏳ 等待 0.1 秒...
2026-04-28 09:07:56,795 | INFO | amazon_goods_monitor | 请求URL: https://www.amazon.com/dp/B0FG894YR7?th=1
2026-04-28 09:07:59,277 | INFO | amazon_goods_monitor | ✅ 请求成功 - 状态码: 200
2026-04-28 09:07:59,998 | INFO | amazon_goods_monitor | 标题: Kids Microscope with Bug Catcher Kit, 1080P Digital Mini Handheld Microscope STEM Science Toy with LED Light, Rechargeable, Portable, Supports 64GB TF Card, Educational Gift for Kids Ages 3-12 (Blue)
2026-04-28 09:08:00,024 | INFO | amazon_goods_monitor | 没有优惠券
2026-04-28 09:08:00,027 | INFO | amazon_goods_monitor | -----------开始爬取商品信息-----------
2026-04-28 09:08:00,406 | INFO | amazon_goods_monitor | -----------开始爬取商品流量信息-----------
2026-04-28 09:08:00,830 | INFO | amazon_goods_monitor | ✅ 加载 8 个代理
2026-04-28 09:08:00,830 | INFO | amazon_goods_monitor | -----------开始爬取优惠券信息-----------
2026-04-28 09:08:00,831 | INFO | amazon_goods_monitor | 开始抓取: https://www.amazon.com/dp/B0FCT3Y7VY?th=1
2026-04-28 09:08:02,358 | INFO | amazon_goods_monitor | ✅ 已设置邮编 90002 (amazon.com)
2026-04-28 09:08:02,363 | INFO | amazon_goods_monitor | 📡 获取新代理: socks5://W9JFIJCY7Z:46344650@118.253.177.190:11193
2026-04-28 09:08:02,363 | INFO | amazon_goods_monitor | 使用代理: 118.253.177.190:11193 (尝试 1/3)
2026-04-28 09:08:02,363 | INFO | amazon_goods_monitor | ⏳ 等待 1.0 秒...
2026-04-28 09:08:03,340 | INFO | amazon_goods_monitor | 请求URL: https://www.amazon.com/dp/B0FCT3Y7VY?th=1
2026-04-28 09:08:06,060 | INFO | amazon_goods_monitor | ✅ 请求成功 - 状态码: 200
2026-04-28 09:08:06,917 | INFO | amazon_goods_monitor | 没有优惠券
2026-04-28 09:08:06,921 | INFO | amazon_goods_monitor | -----------开始爬取商品信息-----------
2026-04-28 09:08:07,292 | INFO | amazon_goods_monitor | -----------开始爬取商品流量信息-----------
2026-04-28 09:08:07,831 | INFO | amazon_goods_monitor | ✅ 加载 8 个代理
2026-04-28 09:08:07,831 | INFO | amazon_goods_monitor | -----------开始爬取优惠券信息-----------
2026-04-28 09:08:07,831 | INFO | amazon_goods_monitor | 开始抓取: https://www.amazon.com/dp/B0FVN5C254?th=1
2026-04-28 09:08:08,782 | INFO | amazon_goods_monitor | ✅ 已设置邮编 90002 (amazon.com)
2026-04-28 09:08:08,789 | INFO | amazon_goods_monitor | 📡 获取新代理: socks5://WVKYFTS670:14418351@121.14.201.248:11074
2026-04-28 09:08:08,789 | INFO | amazon_goods_monitor | 使用代理: 121.14.201.248:11074 (尝试 1/3)
2026-04-28 09:08:08,790 | INFO | amazon_goods_monitor | ⏳ 等待 0.6 秒...
2026-04-28 09:08:09,381 | INFO | amazon_goods_monitor | 请求URL: https://www.amazon.com/dp/B0FVN5C254?th=1
2026-04-28 09:08:12,625 | INFO | amazon_goods_monitor | ✅ 请求成功 - 状态码: 200
2026-04-28 09:08:13,456 | INFO | amazon_goods_monitor | 没有优惠券
2026-04-28 09:08:13,460 | INFO | amazon_goods_monitor | -----------开始爬取商品信息-----------
2026-04-28 09:08:13,881 | INFO | amazon_goods_monitor | -----------开始爬取商品流量信息-----------
2026-04-28 09:08:14,311 | INFO | amazon_goods_monitor | ✅ 加载 8 个代理
2026-04-28 09:08:14,312 | INFO | amazon_goods_monitor | -----------开始爬取优惠券信息-----------
2026-04-28 09:08:14,312 | INFO | amazon_goods_monitor | 开始抓取: https://www.amazon.com/dp/B0DMPKFX57?th=1
2026-04-28 09:08:15,251 | INFO | amazon_goods_monitor | ✅ 已设置邮编 90002 (amazon.com)
2026-04-28 09:08:15,259 | INFO | amazon_goods_monitor | 📡 获取新代理: socks5://LLW0BU7VGQ:39267509@124.236.76.149:17745
2026-04-28 09:08:15,259 | INFO | amazon_goods_monitor | 使用代理: 124.236.76.149:17745 (尝试 1/3)
2026-04-28 09:08:15,260 | INFO | amazon_goods_monitor | ⏳ 等待 0.4 秒...
2026-04-28 09:08:15,671 | INFO | amazon_goods_monitor | 请求URL: https://www.amazon.com/dp/B0DMPKFX57?th=1
2026-04-28 09:08:18,991 | INFO | amazon_goods_monitor | ✅ 请求成功 - 状态码: 200
2026-04-28 09:08:19,873 | INFO | amazon_goods_monitor | 没有优惠券
2026-04-28 09:08:19,876 | INFO | amazon_goods_monitor | -----------开始爬取商品信息-----------
2026-04-28 09:08:20,382 | INFO | amazon_goods_monitor | -----------开始爬取商品流量信息-----------
2026-04-28 09:08:20,915 | INFO | amazon_goods_monitor | ✅ 加载 8 个代理
2026-04-28 09:08:20,915 | INFO | amazon_goods_monitor | -----------开始爬取优惠券信息-----------
2026-04-28 09:08:20,916 | INFO | amazon_goods_monitor | 开始抓取: https://www.amazon.com/Rechargeable-Separable-Magnetic-Hilarious-Adjustment/dp/B0GQ411T31
2026-04-28 09:08:22,854 | INFO | amazon_goods_monitor | ✅ 已设置邮编 90002 (amazon.com)
2026-04-28 09:08:22,864 | INFO | amazon_goods_monitor | 📡 获取新代理: socks5://YKEW9SOB5S:32342415@218.78.129.68:15654
2026-04-28 09:08:22,864 | INFO | amazon_goods_monitor | 使用代理: 218.78.129.68:15654 (尝试 1/3)
2026-04-28 09:08:22,864 | INFO | amazon_goods_monitor | ⏳ 等待 0.1 秒...
2026-04-28 09:08:22,958 | INFO | amazon_goods_monitor | 请求URL: https://www.amazon.com/Rechargeable-Separable-Magnetic-Hilarious-Adjustment/dp/B0GQ411T31
2026-04-28 09:08:26,159 | INFO | amazon_goods_monitor | ✅ 请求成功 - 状态码: 200
2026-04-28 09:08:26,988 | INFO | amazon_goods_monitor | 没有优惠券
2026-04-28 09:08:26,990 | INFO | amazon_goods_monitor | -----------开始爬取商品信息-----------
2026-04-28 09:08:27,432 | INFO | amazon_goods_monitor | -----------开始爬取商品流量信息-----------
2026-04-28 09:08:27,873 | INFO | amazon_goods_monitor | ✅ 加载 8 个代理
2026-04-28 09:08:27,873 | INFO | amazon_goods_monitor | -----------开始爬取优惠券信息-----------
2026-04-28 09:08:27,874 | INFO | amazon_goods_monitor | 开始抓取: https://www.amazon.com/dp/B00B2FNHB6?th=1
2026-04-28 09:08:28,797 | INFO | amazon_goods_monitor | ✅ 已设置邮编 90002 (amazon.com)
2026-04-28 09:08:28,806 | INFO | amazon_goods_monitor | 📡 获取新代理: socks5://WVKYFTS670:14418351@121.14.201.248:11074
2026-04-28 09:08:28,807 | INFO | amazon_goods_monitor | 使用代理: 121.14.201.248:11074 (尝试 1/3)
2026-04-28 09:08:28,807 | INFO | amazon_goods_monitor | ⏳ 等待 0.6 秒...
2026-04-28 09:08:29,426 | INFO | amazon_goods_monitor | 请求URL: https://www.amazon.com/dp/B00B2FNHB6?th=1
2026-04-28 09:08:32,125 | INFO | amazon_goods_monitor | ✅ 请求成功 - 状态码: 200
2026-04-28 09:08:32,814 | INFO | amazon_goods_monitor | 没有优惠券
2026-04-28 09:08:32,818 | INFO | amazon_goods_monitor | -----------开始爬取商品信息-----------
2026-04-28 09:08:33,190 | INFO | amazon_goods_monitor | -----------开始爬取商品流量信息-----------
2026-04-28 09:08:33,722 | INFO | amazon_goods_monitor | ✅ 加载 8 个代理
2026-04-28 09:08:33,723 | INFO | amazon_goods_monitor | -----------开始爬取优惠券信息-----------
2026-04-28 09:08:33,723 | INFO | amazon_goods_monitor | 开始抓取: https://www.amazon.com/dp/B0CP4BSFB9?th=1
2026-04-28 09:08:34,648 | INFO | amazon_goods_monitor | ✅ 已设置邮编 90002 (amazon.com)
2026-04-28 09:08:34,659 | INFO | amazon_goods_monitor | 📡 获取新代理: socks5://W9JFIJCY7Z:46344650@118.253.177.190:11193
2026-04-28 09:08:34,659 | INFO | amazon_goods_monitor | 使用代理: 118.253.177.190:11193 (尝试 1/3)
2026-04-28 09:08:34,659 | INFO | amazon_goods_monitor | ⏳ 等待 0.1 秒...
2026-04-28 09:08:34,775 | INFO | amazon_goods_monitor | 请求URL: https://www.amazon.com/dp/B0CP4BSFB9?th=1
2026-04-28 09:08:38,820 | INFO | amazon_goods_monitor | ✅ 请求成功 - 状态码: 200
2026-04-28 09:08:39,740 | INFO | amazon_goods_monitor | 没有优惠券
2026-04-28 09:08:39,743 | INFO | amazon_goods_monitor | -----------开始爬取商品信息-----------
2026-04-28 09:08:40,139 | INFO | amazon_goods_monitor | -----------开始爬取商品流量信息-----------
2026-04-28 09:08:40,573 | INFO | amazon_goods_monitor | ✅ 加载 8 个代理
2026-04-28 09:08:40,573 | INFO | amazon_goods_monitor | -----------开始爬取优惠券信息-----------
2026-04-28 09:08:40,573 | INFO | amazon_goods_monitor | 开始抓取: https://www.amazon.com/dp/B0FCRTHRMZ?th=1
2026-04-28 09:08:41,495 | INFO | amazon_goods_monitor | ✅ 已设置邮编 90002 (amazon.com)
2026-04-28 09:08:41,503 | INFO | amazon_goods_monitor | 📡 获取新代理: socks5://YKEW9SOB5S:32342415@218.78.129.68:15654
2026-04-28 09:08:41,503 | INFO | amazon_goods_monitor | 使用代理: 218.78.129.68:15654 (尝试 1/3)
2026-04-28 09:08:41,504 | INFO | amazon_goods_monitor | ⏳ 等待 0.2 秒...
2026-04-28 09:08:41,767 | INFO | amazon_goods_monitor | 请求URL: https://www.amazon.com/dp/B0FCRTHRMZ?th=1
2026-04-28 09:08:44,487 | INFO | amazon_goods_monitor | ✅ 请求成功 - 状态码: 200
2026-04-28 09:08:45,186 | INFO | amazon_goods_monitor | 没有优惠券
2026-04-28 09:08:45,190 | INFO | amazon_goods_monitor | -----------开始爬取商品信息-----------
2026-04-28 09:08:45,656 | INFO | amazon_goods_monitor | -----------开始爬取商品流量信息-----------
2026-04-28 09:08:46,145 | INFO | amazon_goods_monitor | ✅ 加载 8 个代理
2026-04-28 09:08:46,145 | INFO | amazon_goods_monitor | -----------开始爬取优惠券信息-----------
2026-04-28 09:08:46,145 | INFO | amazon_goods_monitor | 开始抓取: https://www.amazon.com/dp/B0FX3Q1JS4?th=1
2026-04-28 09:08:47,338 | INFO | amazon_goods_monitor | ✅ 已设置邮编 90002 (amazon.com)
2026-04-28 09:08:47,348 | INFO | amazon_goods_monitor | 📡 获取新代理: socks5://XEZQOPMX7M:53843223@121.229.211.102:15252
2026-04-28 09:08:47,348 | INFO | amazon_goods_monitor | 使用代理: 121.229.211.102:15252 (尝试 1/3)
2026-04-28 09:08:47,348 | INFO | amazon_goods_monitor | ⏳ 等待 0.3 秒...
2026-04-28 09:08:47,617 | INFO | amazon_goods_monitor | 请求URL: https://www.amazon.com/dp/B0FX3Q1JS4?th=1
2026-04-28 09:08:50,524 | INFO | amazon_goods_monitor | ✅ 请求成功 - 状态码: 200
2026-04-28 09:08:51,325 | INFO | amazon_goods_monitor | 没有优惠券
2026-04-28 09:08:51,328 | INFO | amazon_goods_monitor | -----------开始爬取商品信息-----------
2026-04-28 09:08:51,732 | INFO | amazon_goods_monitor | -----------开始爬取商品流量信息-----------
2026-04-28 09:08:52,297 | INFO | amazon_goods_monitor | ✅ 加载 8 个代理
2026-04-28 09:08:52,297 | INFO | amazon_goods_monitor | -----------开始爬取优惠券信息-----------
2026-04-28 09:08:52,298 | INFO | amazon_goods_monitor | 开始抓取: https://www.amazon.com/dp/B0FH4JPV12?th=1
2026-04-28 09:08:53,226 | INFO | amazon_goods_monitor | ✅ 已设置邮编 90002 (amazon.com)
2026-04-28 09:08:53,231 | INFO | amazon_goods_monitor | 📡 获取新代理: socks5://AIHARVNXPM:57446815@124.225.4.69:12533
2026-04-28 09:08:53,231 | INFO | amazon_goods_monitor | 使用代理: 124.225.4.69:12533 (尝试 1/3)
2026-04-28 09:08:53,231 | INFO | amazon_goods_monitor | ⏳ 等待 0.3 秒...
2026-04-28 09:08:53,494 | INFO | amazon_goods_monitor | 请求URL: https://www.amazon.com/dp/B0FH4JPV12?th=1
2026-04-28 09:08:56,197 | INFO | amazon_goods_monitor | ✅ 请求成功 - 状态码: 200
2026-04-28 09:08:56,895 | INFO | amazon_goods_monitor | 没有优惠券
2026-04-28 09:08:56,898 | INFO | amazon_goods_monitor | -----------开始爬取商品信息-----------
2026-04-28 09:08:57,289 | INFO | amazon_goods_monitor | -----------开始爬取商品流量信息-----------
2026-04-28 09:08:57,876 | INFO | amazon_goods_monitor | ✅ 加载 8 个代理
2026-04-28 09:08:57,877 | INFO | amazon_goods_monitor | -----------开始爬取优惠券信息-----------
2026-04-28 09:08:57,877 | INFO | amazon_goods_monitor | 开始抓取: https://www.amazon.com/dp/B0DCNYNCR4?th=1
2026-04-28 09:08:59,078 | INFO | amazon_goods_monitor | ✅ 已设置邮编 90002 (amazon.com)
2026-04-28 09:08:59,084 | INFO | amazon_goods_monitor | 📡 获取新代理: socks5://AIHARVNXPM:57446815@124.225.4.69:12533
2026-04-28 09:08:59,085 | INFO | amazon_goods_monitor | 使用代理: 124.225.4.69:12533 (尝试 1/3)
2026-04-28 09:08:59,085 | INFO | amazon_goods_monitor | ⏳ 等待 0.9 秒...
2026-04-28 09:09:00,024 | INFO | amazon_goods_monitor | 请求URL: https://www.amazon.com/dp/B0DCNYNCR4?th=1
2026-04-28 09:09:02,453 | INFO | amazon_goods_monitor | ✅ 请求成功 - 状态码: 200
2026-04-28 09:09:03,097 | INFO | amazon_goods_monitor | 标题: Classic Sound Effects Machine, Prankster Stuff for Adults, Funny Sound Maker, Sound Machine with 16 Sound Effects, Prank Noise Maker Prank Portable Electronic Sound Maker Novelty Prank Gift for Adults
2026-04-28 09:09:03,118 | INFO | amazon_goods_monitor | 没有优惠券
2026-04-28 09:09:03,121 | INFO | amazon_goods_monitor | -----------开始爬取商品信息-----------
2026-04-28 09:09:03,644 | INFO | amazon_goods_monitor | -----------开始爬取商品流量信息-----------
2026-04-28 09:09:04,223 | INFO | amazon_goods_monitor | ✅ 加载 8 个代理
2026-04-28 09:09:04,223 | INFO | amazon_goods_monitor | -----------开始爬取优惠券信息-----------
2026-04-28 09:09:04,224 | INFO | amazon_goods_monitor | 开始抓取: https://www.amazon.com/dp/B0CRC647BC?th=1
2026-04-28 09:09:05,183 | INFO | amazon_goods_monitor | ✅ 已设置邮编 90002 (amazon.com)
2026-04-28 09:09:05,192 | INFO | amazon_goods_monitor | 📡 获取新代理: socks5://YKEW9SOB5S:32342415@218.78.129.68:15654
2026-04-28 09:09:05,192 | INFO | amazon_goods_monitor | 使用代理: 218.78.129.68:15654 (尝试 1/3)
2026-04-28 09:09:05,193 | INFO | amazon_goods_monitor | ⏳ 等待 0.4 秒...
2026-04-28 09:09:05,645 | INFO | amazon_goods_monitor | 请求URL: https://www.amazon.com/dp/B0CRC647BC?th=1
2026-04-28 09:09:08,729 | INFO | amazon_goods_monitor | ✅ 请求成功 - 状态码: 200
2026-04-28 09:09:09,727 | INFO | amazon_goods_monitor | 没有优惠券
2026-04-28 09:09:09,730 | INFO | amazon_goods_monitor | -----------开始爬取商品信息-----------
2026-04-28 09:09:10,129 | INFO | amazon_goods_monitor | -----------开始爬取商品流量信息-----------
2026-04-28 09:09:10,561 | INFO | amazon_goods_monitor | ✅ 加载 8 个代理
2026-04-28 09:09:10,561 | INFO | amazon_goods_monitor | -----------开始爬取优惠券信息-----------
2026-04-28 09:09:10,561 | INFO | amazon_goods_monitor | 开始抓取: https://www.amazon.com/dp/B0DR9MQYDW?psc=1
2026-04-28 09:09:11,553 | INFO | amazon_goods_monitor | ✅ 已设置邮编 90002 (amazon.com)
2026-04-28 09:09:11,558 | INFO | amazon_goods_monitor | 📡 获取新代理: socks5://W9JFIJCY7Z:46344650@118.253.177.190:11193
2026-04-28 09:09:11,558 | INFO | amazon_goods_monitor | 使用代理: 118.253.177.190:11193 (尝试 1/3)
2026-04-28 09:09:11,558 | INFO | amazon_goods_monitor | ⏳ 等待 0.6 秒...
2026-04-28 09:09:12,189 | INFO | amazon_goods_monitor | 请求URL: https://www.amazon.com/dp/B0DR9MQYDW?psc=1
2026-04-28 09:09:16,257 | INFO | amazon_goods_monitor | ✅ 请求成功 - 状态码: 200
2026-04-28 09:09:17,027 | INFO | amazon_goods_monitor | 没有优惠券
2026-04-28 09:09:17,030 | INFO | amazon_goods_monitor | -----------开始爬取商品信息-----------
2026-04-28 09:09:17,424 | INFO | amazon_goods_monitor | -----------开始爬取商品流量信息-----------
2026-04-28 09:09:17,887 | INFO | amazon_goods_monitor | ✅ 加载 8 个代理
2026-04-28 09:09:17,887 | INFO | amazon_goods_monitor | -----------开始爬取优惠券信息-----------
2026-04-28 09:09:17,888 | INFO | amazon_goods_monitor | 开始抓取: https://www.amazon.com/Aitbay-Counting-Educational-Childrens-Learning/dp/B07XY2G6Q5
2026-04-28 09:09:18,851 | INFO | amazon_goods_monitor | ✅ 已设置邮编 90002 (amazon.com)
2026-04-28 09:09:18,864 | INFO | amazon_goods_monitor | 📡 获取新代理: socks5://YKEW9SOB5S:32342415@218.78.129.68:15654
2026-04-28 09:09:18,864 | INFO | amazon_goods_monitor | 使用代理: 218.78.129.68:15654 (尝试 1/3)
2026-04-28 09:09:18,864 | INFO | amazon_goods_monitor | ⏳ 等待 0.9 秒...
2026-04-28 09:09:19,787 | INFO | amazon_goods_monitor | 请求URL: https://www.amazon.com/Aitbay-Counting-Educational-Childrens-Learning/dp/B07XY2G6Q5
2026-04-28 09:09:22,550 | INFO | amazon_goods_monitor | ✅ 请求成功 - 状态码: 200
2026-04-28 09:09:24,377 | INFO | amazon_goods_monitor | 标题: Aitbay Cool Math Game, Preschoolers Frog Balance Counting Toys for Boys & Girls Educational Number Toy Fun Children's Gift STEM Learning Age 3+ (63 PCS)
2026-04-28 09:09:24,415 | INFO | amazon_goods_monitor | 没有优惠券
2026-04-28 09:09:24,419 | INFO | amazon_goods_monitor | -----------开始爬取商品信息-----------
2026-04-28 09:09:24,879 | INFO | amazon_goods_monitor | -----------开始爬取商品流量信息-----------
2026-04-28 09:09:25,388 | INFO | amazon_goods_monitor | ✅ 加载 8 个代理
2026-04-28 09:09:25,388 | INFO | amazon_goods_monitor | -----------开始爬取优惠券信息-----------
2026-04-28 09:09:25,388 | INFO | amazon_goods_monitor | 开始抓取: https://www.amazon.com/dp/B0G1NGBF2N?psc=1
2026-04-28 09:09:26,534 | INFO | amazon_goods_monitor | ✅ 已设置邮编 90002 (amazon.com)
2026-04-28 09:09:26,539 | INFO | amazon_goods_monitor | 📡 获取新代理: socks5://LLW0BU7VGQ:39267509@124.236.76.149:17745
2026-04-28 09:09:26,539 | INFO | amazon_goods_monitor | 使用代理: 124.236.76.149:17745 (尝试 1/3)
2026-04-28 09:09:26,539 | INFO | amazon_goods_monitor | ⏳ 等待 0.5 秒...
2026-04-28 09:09:27,056 | INFO | amazon_goods_monitor | 请求URL: https://www.amazon.com/dp/B0G1NGBF2N?psc=1
2026-04-28 09:09:29,725 | INFO | amazon_goods_monitor | ✅ 请求成功 - 状态码: 200
2026-04-28 09:09:30,700 | INFO | amazon_goods_monitor | 标题: Electronic Light-Up Activity Pad for Kids Ages 6-12+ | 8-in-1 Handheld Game | Brain & Memory Games | Great Gift Ideas for Boys and Girls. Focus Training | Educational Travel Toy
2026-04-28 09:09:30,716 | INFO | amazon_goods_monitor | 没有优惠券
2026-04-28 09:09:30,719 | INFO | amazon_goods_monitor | -----------开始爬取商品信息-----------
2026-04-28 09:09:31,219 | INFO | amazon_goods_monitor | -----------开始爬取商品流量信息-----------
2026-04-28 09:09:31,672 | INFO | amazon_goods_monitor | ✅ 加载 8 个代理
2026-04-28 09:09:31,672 | INFO | amazon_goods_monitor | -----------开始爬取优惠券信息-----------
2026-04-28 09:09:31,672 | INFO | amazon_goods_monitor | 开始抓取: https://www.amazon.com/dp/B0FQVD5HCF?th=1
2026-04-28 09:09:32,598 | INFO | amazon_goods_monitor | ✅ 已设置邮编 90002 (amazon.com)
2026-04-28 09:09:32,603 | INFO | amazon_goods_monitor | 📡 获取新代理: socks5://YKEW9SOB5S:32342415@218.78.129.68:15654
2026-04-28 09:09:32,603 | INFO | amazon_goods_monitor | 使用代理: 218.78.129.68:15654 (尝试 1/3)
2026-04-28 09:09:32,603 | INFO | amazon_goods_monitor | ⏳ 等待 0.3 秒...
2026-04-28 09:09:32,949 | INFO | amazon_goods_monitor | 请求URL: https://www.amazon.com/dp/B0FQVD5HCF?th=1
2026-04-28 09:09:35,656 | INFO | amazon_goods_monitor | ✅ 请求成功 - 状态码: 200
2026-04-28 09:09:36,352 | INFO | amazon_goods_monitor | 优惠券: Apply 20% couponTerms
2026-04-28 09:09:36,356 | INFO | amazon_goods_monitor | -----------开始爬取商品信息-----------
2026-04-28 09:09:36,876 | INFO | amazon_goods_monitor | -----------开始爬取商品流量信息-----------
2026-04-28 09:09:37,411 | INFO | amazon_goods_monitor | ✅ 加载 8 个代理
2026-04-28 09:09:37,411 | INFO | amazon_goods_monitor | -----------开始爬取优惠券信息-----------
2026-04-28 09:09:37,411 | INFO | amazon_goods_monitor | 开始抓取: https://www.amazon.com/dp/B0FQNZNP5P?th=1
2026-04-28 09:09:39,227 | INFO | amazon_goods_monitor | ✅ 已设置邮编 90002 (amazon.com)
2026-04-28 09:09:39,232 | INFO | amazon_goods_monitor | 📡 获取新代理: socks5://YKEW9SOB5S:32342415@218.78.129.68:15654
2026-04-28 09:09:39,232 | INFO | amazon_goods_monitor | 使用代理: 218.78.129.68:15654 (尝试 1/3)
2026-04-28 09:09:39,232 | INFO | amazon_goods_monitor | ⏳ 等待 0.1 秒...
2026-04-28 09:09:39,346 | INFO | amazon_goods_monitor | 请求URL: https://www.amazon.com/dp/B0FQNZNP5P?th=1
2026-04-28 09:09:42,003 | INFO | amazon_goods_monitor | ✅ 请求成功 - 状态码: 200
2026-04-28 09:09:42,740 | INFO | amazon_goods_monitor | 没有优惠券
2026-04-28 09:09:42,744 | INFO | amazon_goods_monitor | -----------开始爬取商品信息-----------
2026-04-28 09:09:43,112 | INFO | amazon_goods_monitor | -----------开始爬取商品流量信息-----------
2026-04-28 09:09:43,743 | INFO | amazon_goods_monitor | ✅ 加载 8 个代理
2026-04-28 09:09:43,743 | INFO | amazon_goods_monitor | -----------开始爬取优惠券信息-----------
2026-04-28 09:09:43,744 | INFO | amazon_goods_monitor | 开始抓取: https://www.amazon.com/dp/B0D92S95CL?th=1
2026-04-28 09:09:44,691 | INFO | amazon_goods_monitor | ✅ 已设置邮编 90002 (amazon.com)
2026-04-28 09:09:44,698 | INFO | amazon_goods_monitor | 📡 获取新代理: socks5://W9JFIJCY7Z:46344650@118.253.177.190:11193
2026-04-28 09:09:44,698 | INFO | amazon_goods_monitor | 使用代理: 118.253.177.190:11193 (尝试 1/3)
2026-04-28 09:09:44,699 | INFO | amazon_goods_monitor | ⏳ 等待 0.0 秒...
2026-04-28 09:09:44,727 | INFO | amazon_goods_monitor | 请求URL: https://www.amazon.com/dp/B0D92S95CL?th=1
2026-04-28 09:09:47,200 | INFO | amazon_goods_monitor | ✅ 请求成功 - 状态码: 200
2026-04-28 09:09:47,972 | INFO | amazon_goods_monitor | 标题: Gelabur Set of 4 Buzzers for Trivia Games, Answer Buzzers for Classroom, Family Feud Jeopardy Buzzer, Game Buzzers with Lights and Sound for Classroom, Game Show Buzzer Buttons
2026-04-28 09:09:47,998 | INFO | amazon_goods_monitor | 没有优惠券
2026-04-28 09:09:48,001 | INFO | amazon_goods_monitor | -----------开始爬取商品信息-----------
2026-04-28 09:09:48,509 | INFO | amazon_goods_monitor | -----------开始爬取商品流量信息-----------
2026-04-28 09:09:49,027 | INFO | amazon_goods_monitor | ✅ 加载 8 个代理
2026-04-28 09:09:49,028 | INFO | amazon_goods_monitor | -----------开始爬取优惠券信息-----------
2026-04-28 09:09:49,028 | INFO | amazon_goods_monitor | 开始抓取: https://www.amazon.com/dp/B0FQQWTDF7?psc=1
2026-04-28 09:09:49,969 | INFO | amazon_goods_monitor | ✅ 已设置邮编 90002 (amazon.com)
2026-04-28 09:09:49,982 | INFO | amazon_goods_monitor | 📡 获取新代理: socks5://W9JFIJCY7Z:46344650@118.253.177.190:11193
2026-04-28 09:09:49,983 | INFO | amazon_goods_monitor | 使用代理: 118.253.177.190:11193 (尝试 1/3)
2026-04-28 09:09:49,983 | INFO | amazon_goods_monitor | ⏳ 等待 0.1 秒...
2026-04-28 09:09:50,049 | INFO | amazon_goods_monitor | 请求URL: https://www.amazon.com/dp/B0FQQWTDF7?psc=1
2026-04-28 09:09:52,710 | INFO | amazon_goods_monitor | ✅ 请求成功 - 状态码: 200
2026-04-28 09:09:53,459 | INFO | amazon_goods_monitor | 标题: Viral Studios Scrambled The Dice-Driven Word Game Fast-Paced Party Game | Spell, Shout, and Win in This Ultimate Brain-Sprint Challenge for 1–5 Players for Families, Gamenight and Hangouts
2026-04-28 09:09:53,481 | INFO | amazon_goods_monitor | 没有优惠券
2026-04-28 09:09:53,484 | INFO | amazon_goods_monitor | -----------开始爬取商品信息-----------
2026-04-28 09:09:53,977 | INFO | amazon_goods_monitor | -----------开始爬取商品流量信息-----------
2026-04-28 09:09:54,464 | INFO | amazon_goods_monitor | ✅ 加载 8 个代理
2026-04-28 09:09:54,464 | INFO | amazon_goods_monitor | -----------开始爬取优惠券信息-----------
2026-04-28 09:09:54,465 | INFO | amazon_goods_monitor | 开始抓取: https://www.amazon.com/dp/B0DVH8F4VR?th=1
2026-04-28 09:09:55,388 | INFO | amazon_goods_monitor | ✅ 已设置邮编 90002 (amazon.com)
2026-04-28 09:09:55,393 | INFO | amazon_goods_monitor | 📡 获取新代理: socks5://LLW0BU7VGQ:39267509@124.236.76.149:17745
2026-04-28 09:09:55,393 | INFO | amazon_goods_monitor | 使用代理: 124.236.76.149:17745 (尝试 1/3)
2026-04-28 09:09:55,393 | INFO | amazon_goods_monitor | ⏳ 等待 0.5 秒...
2026-04-28 09:09:55,874 | INFO | amazon_goods_monitor | 请求URL: https://www.amazon.com/dp/B0DVH8F4VR?th=1
2026-04-28 09:09:59,851 | INFO | amazon_goods_monitor | ✅ 请求成功 - 状态码: 200
2026-04-28 09:10:00,700 | INFO | amazon_goods_monitor | 没有优惠券
2026-04-28 09:10:00,702 | INFO | amazon_goods_monitor | -----------开始爬取商品信息-----------
2026-04-28 09:10:01,120 | INFO | amazon_goods_monitor | -----------开始爬取商品流量信息-----------
2026-04-28 09:10:01,692 | INFO | amazon_goods_monitor | ✅ 加载 8 个代理
2026-04-28 09:10:01,692 | INFO | amazon_goods_monitor | -----------开始爬取优惠券信息-----------
2026-04-28 09:10:01,693 | INFO | amazon_goods_monitor | 开始抓取: https://www.amazon.com/dp/B0FW53S5G9?th=1
2026-04-28 09:10:02,614 | INFO | amazon_goods_monitor | ✅ 已设置邮编 90002 (amazon.com)
2026-04-28 09:10:02,621 | INFO | amazon_goods_monitor | 📡 获取新代理: socks5://XEZQOPMX7M:53843223@121.229.211.102:15252
2026-04-28 09:10:02,621 | INFO | amazon_goods_monitor | 使用代理: 121.229.211.102:15252 (尝试 1/3)
2026-04-28 09:10:02,622 | INFO | amazon_goods_monitor | ⏳ 等待 0.8 秒...
2026-04-28 09:10:03,436 | INFO | amazon_goods_monitor | 请求URL: https://www.amazon.com/dp/B0FW53S5G9?th=1
2026-04-28 09:10:06,262 | INFO | amazon_goods_monitor | ✅ 请求成功 - 状态码: 200
2026-04-28 09:10:06,952 | INFO | amazon_goods_monitor | 没有优惠券
2026-04-28 09:10:06,955 | INFO | amazon_goods_monitor | -----------开始爬取商品信息-----------
2026-04-28 09:10:07,449 | INFO | amazon_goods_monitor | -----------开始爬取商品流量信息-----------
2026-04-28 09:10:08,013 | INFO | amazon_goods_monitor | ✅ 加载 8 个代理
2026-04-28 09:10:08,013 | INFO | amazon_goods_monitor | -----------开始爬取优惠券信息-----------
2026-04-28 09:10:08,013 | INFO | amazon_goods_monitor | 开始抓取: https://www.amazon.com/dp/B0DS8894QY?psc=1
2026-04-28 09:10:09,964 | INFO | amazon_goods_monitor | ✅ 已设置邮编 90002 (amazon.com)
2026-04-28 09:10:09,972 | INFO | amazon_goods_monitor | 📡 获取新代理: socks5://LLW0BU7VGQ:39267509@124.236.76.149:17745
2026-04-28 09:10:09,972 | INFO | amazon_goods_monitor | 使用代理: 124.236.76.149:17745 (尝试 1/3)
2026-04-28 09:10:09,973 | INFO | amazon_goods_monitor | ⏳ 等待 0.1 秒...
2026-04-28 09:10:10,076 | INFO | amazon_goods_monitor | 请求URL: https://www.amazon.com/dp/B0DS8894QY?psc=1
2026-04-28 09:10:12,716 | INFO | amazon_goods_monitor | ✅ 请求成功 - 状态码: 200
2026-04-28 09:10:13,554 | INFO | amazon_goods_monitor | 标题: Full Alphabet Crossword Dice Game, Word Game, 15 Large Lettered Dice, Word Dice Game for Family Games, Travel & On-The-Go Fun
2026-04-28 09:10:13,577 | INFO | amazon_goods_monitor | 没有优惠券
2026-04-28 09:10:13,580 | INFO | amazon_goods_monitor | -----------开始爬取商品信息-----------
2026-04-28 09:10:13,983 | INFO | amazon_goods_monitor | -----------开始爬取商品流量信息-----------
2026-04-28 09:10:14,431 | INFO | amazon_goods_monitor | ✅ 加载 8 个代理
2026-04-28 09:10:14,431 | INFO | amazon_goods_monitor | -----------开始爬取优惠券信息-----------
2026-04-28 09:10:14,431 | INFO | amazon_goods_monitor | 开始抓取: https://www.amazon.com/dp/B0DLLPKNWL?th=1
2026-04-28 09:10:15,388 | INFO | amazon_goods_monitor | ✅ 已设置邮编 90002 (amazon.com)
2026-04-28 09:10:15,395 | INFO | amazon_goods_monitor | 📡 获取新代理: socks5://EJ0WX0RSVB:02954261@125.75.68.73:17894
2026-04-28 09:10:15,396 | INFO | amazon_goods_monitor | 使用代理: 125.75.68.73:17894 (尝试 1/3)
2026-04-28 09:10:15,396 | INFO | amazon_goods_monitor | ⏳ 等待 0.9 秒...
2026-04-28 09:10:16,333 | INFO | amazon_goods_monitor | 请求URL: https://www.amazon.com/dp/B0DLLPKNWL?th=1
2026-04-28 09:10:19,213 | INFO | amazon_goods_monitor | ✅ 请求成功 - 状态码: 200
2026-04-28 09:10:20,122 | INFO | amazon_goods_monitor | 没有优惠券
2026-04-28 09:10:20,125 | INFO | amazon_goods_monitor | -----------开始爬取商品信息-----------
2026-04-28 09:10:20,527 | INFO | amazon_goods_monitor | -----------开始爬取商品流量信息-----------
2026-04-28 09:10:21,102 | INFO | amazon_goods_monitor | ✅ 加载 8 个代理
2026-04-28 09:10:21,102 | INFO | amazon_goods_monitor | -----------开始爬取优惠券信息-----------
2026-04-28 09:10:21,103 | INFO | amazon_goods_monitor | 开始抓取: https://www.amazon.com/dp/B0FH5JPNHV?th=1
2026-04-28 09:10:22,152 | INFO | amazon_goods_monitor | ✅ 已设置邮编 90002 (amazon.com)
2026-04-28 09:10:22,159 | INFO | amazon_goods_monitor | 📡 获取新代理: socks5://XEZQOPMX7M:53843223@121.229.211.102:15252
2026-04-28 09:10:22,159 | INFO | amazon_goods_monitor | 使用代理: 121.229.211.102:15252 (尝试 1/3)
2026-04-28 09:10:22,160 | INFO | amazon_goods_monitor | ⏳ 等待 0.1 秒...
2026-04-28 09:10:22,289 | INFO | amazon_goods_monitor | 请求URL: https://www.amazon.com/dp/B0FH5JPNHV?th=1
2026-04-28 09:10:25,646 | INFO | amazon_goods_monitor | ✅ 请求成功 - 状态码: 200
2026-04-28 09:10:26,426 | INFO | amazon_goods_monitor | 没有优惠券
2026-04-28 09:10:26,429 | INFO | amazon_goods_monitor | -----------开始爬取商品信息-----------
2026-04-28 09:10:26,809 | INFO | amazon_goods_monitor | -----------开始爬取商品流量信息-----------
2026-04-28 09:10:27,307 | INFO | amazon_goods_monitor | ✅ 加载 8 个代理
2026-04-28 09:10:27,307 | INFO | amazon_goods_monitor | -----------开始爬取优惠券信息-----------
2026-04-28 09:10:27,307 | INFO | amazon_goods_monitor | 开始抓取: https://www.amazon.com/dp/B0FYJ7PWBY?th=1
2026-04-28 09:10:28,394 | INFO | amazon_goods_monitor | ✅ 已设置邮编 90002 (amazon.com)
2026-04-28 09:10:28,402 | INFO | amazon_goods_monitor | 📡 获取新代理: socks5://W9JFIJCY7Z:46344650@118.253.177.190:11193
2026-04-28 09:10:28,402 | INFO | amazon_goods_monitor | 使用代理: 118.253.177.190:11193 (尝试 1/3)
2026-04-28 09:10:28,402 | INFO | amazon_goods_monitor | ⏳ 等待 0.8 秒...
2026-04-28 09:10:29,228 | INFO | amazon_goods_monitor | 请求URL: https://www.amazon.com/dp/B0FYJ7PWBY?th=1
2026-04-28 09:10:33,039 | INFO | amazon_goods_monitor | ✅ 请求成功 - 状态码: 200
2026-04-28 09:10:33,774 | INFO | amazon_goods_monitor | 没有优惠券
2026-04-28 09:10:33,778 | INFO | amazon_goods_monitor | -----------开始爬取商品信息-----------
2026-04-28 09:10:34,207 | INFO | amazon_goods_monitor | -----------开始爬取商品流量信息-----------
2026-04-28 09:10:34,633 | INFO | amazon_goods_monitor | ✅ 加载 8 个代理
2026-04-28 09:10:34,633 | INFO | amazon_goods_monitor | -----------开始爬取优惠券信息-----------
2026-04-28 09:10:34,633 | INFO | amazon_goods_monitor | 开始抓取: https://www.amazon.com/dp/B0FMF7V6NV?th=1
2026-04-28 09:10:35,547 | INFO | amazon_goods_monitor | ✅ 已设置邮编 90002 (amazon.com)
2026-04-28 09:10:35,556 | INFO | amazon_goods_monitor | 📡 获取新代理: socks5://W9JFIJCY7Z:46344650@118.253.177.190:11193
2026-04-28 09:10:35,556 | INFO | amazon_goods_monitor | 使用代理: 118.253.177.190:11193 (尝试 1/3)
2026-04-28 09:10:35,557 | INFO | amazon_goods_monitor | ⏳ 等待 0.9 秒...
2026-04-28 09:10:36,468 | INFO | amazon_goods_monitor | 请求URL: https://www.amazon.com/dp/B0FMF7V6NV?th=1
2026-04-28 09:10:39,404 | INFO | amazon_goods_monitor | ✅ 请求成功 - 状态码: 200
2026-04-28 09:10:40,219 | INFO | amazon_goods_monitor | 没有优惠券
2026-04-28 09:10:40,221 | INFO | amazon_goods_monitor | -----------开始爬取商品信息-----------
2026-04-28 09:10:40,637 | INFO | amazon_goods_monitor | -----------开始爬取商品流量信息-----------
2026-04-28 09:10:41,201 | INFO | amazon_goods_monitor | ✅ 加载 8 个代理
2026-04-28 09:10:41,201 | INFO | amazon_goods_monitor | -----------开始爬取优惠券信息-----------
2026-04-28 09:10:41,201 | INFO | amazon_goods_monitor | 开始抓取: https://www.amazon.com/dp/B0BZT443MB?th=1
2026-04-28 09:10:42,425 | INFO | amazon_goods_monitor | ✅ 已设置邮编 90002 (amazon.com)
2026-04-28 09:10:42,433 | INFO | amazon_goods_monitor | 📡 获取新代理: socks5://XEZQOPMX7M:53843223@121.229.211.102:15252
2026-04-28 09:10:42,433 | INFO | amazon_goods_monitor | 使用代理: 121.229.211.102:15252 (尝试 1/3)
2026-04-28 09:10:42,434 | INFO | amazon_goods_monitor | ⏳ 等待 0.5 秒...
2026-04-28 09:10:42,967 | INFO | amazon_goods_monitor | 请求URL: https://www.amazon.com/dp/B0BZT443MB?th=1
2026-04-28 09:10:45,634 | INFO | amazon_goods_monitor | ✅ 请求成功 - 状态码: 200
2026-04-28 09:10:46,402 | INFO | amazon_goods_monitor | 没有优惠券
2026-04-28 09:10:46,404 | INFO | amazon_goods_monitor | -----------开始爬取商品信息-----------
2026-04-28 09:10:46,895 | INFO | amazon_goods_monitor | -----------开始爬取商品流量信息-----------
2026-04-28 09:10:47,343 | INFO | amazon_goods_monitor | ✅ 加载 8 个代理
2026-04-28 09:10:47,343 | INFO | amazon_goods_monitor | -----------开始爬取优惠券信息-----------
2026-04-28 09:10:47,344 | INFO | amazon_goods_monitor | 开始抓取: https://www.amazon.com/dp/B000JQ5AZK?th=1
2026-04-28 09:10:48,304 | INFO | amazon_goods_monitor | ✅ 已设置邮编 90002 (amazon.com)
2026-04-28 09:10:48,309 | INFO | amazon_goods_monitor | 📡 获取新代理: socks5://LLW0BU7VGQ:39267509@124.236.76.149:17745
2026-04-28 09:10:48,309 | INFO | amazon_goods_monitor | 使用代理: 124.236.76.149:17745 (尝试 1/3)
2026-04-28 09:10:48,309 | INFO | amazon_goods_monitor | ⏳ 等待 0.5 秒...
2026-04-28 09:10:48,792 | INFO | amazon_goods_monitor | 请求URL: https://www.amazon.com/dp/B000JQ5AZK?th=1
2026-04-28 09:10:52,133 | INFO | amazon_goods_monitor | ✅ 请求成功 - 状态码: 200
2026-04-28 09:10:54,188 | INFO | amazon_goods_monitor | 没有优惠券
2026-04-28 09:10:54,191 | INFO | amazon_goods_monitor | -----------开始爬取商品信息-----------
2026-04-28 09:10:54,706 | INFO | amazon_goods_monitor | -----------开始爬取商品流量信息-----------
2026-04-28 09:10:55,143 | INFO | amazon_goods_monitor | ✅ 加载 8 个代理
2026-04-28 09:10:55,143 | INFO | amazon_goods_monitor | -----------开始爬取优惠券信息-----------
2026-04-28 09:10:55,143 | INFO | amazon_goods_monitor | 开始抓取: https://www.amazon.com/dp/B0FG6Z7S66?th=1
2026-04-28 09:10:56,267 | INFO | amazon_goods_monitor | ✅ 已设置邮编 90002 (amazon.com)
2026-04-28 09:10:56,274 | INFO | amazon_goods_monitor | 📡 获取新代理: socks5://W9JFIJCY7Z:46344650@118.253.177.190:11193
2026-04-28 09:10:56,274 | INFO | amazon_goods_monitor | 使用代理: 118.253.177.190:11193 (尝试 1/3)
2026-04-28 09:10:56,274 | INFO | amazon_goods_monitor | ⏳ 等待 0.6 秒...
2026-04-28 09:10:56,925 | INFO | amazon_goods_monitor | 请求URL: https://www.amazon.com/dp/B0FG6Z7S66?th=1
2026-04-28 09:11:00,161 | INFO | amazon_goods_monitor | ✅ 请求成功 - 状态码: 200
2026-04-28 09:11:00,939 | INFO | amazon_goods_monitor | 没有优惠券
2026-04-28 09:11:00,942 | INFO | amazon_goods_monitor | -----------开始爬取商品信息-----------
2026-04-28 09:11:01,469 | INFO | amazon_goods_monitor | -----------开始爬取商品流量信息-----------
2026-04-28 09:11:01,920 | INFO | amazon_goods_monitor | ✅ 加载 8 个代理
2026-04-28 09:11:01,920 | INFO | amazon_goods_monitor | -----------开始爬取优惠券信息-----------
2026-04-28 09:11:01,921 | INFO | amazon_goods_monitor | 开始抓取: https://www.amazon.com/dp/B0DGTL5V97?psc=1
2026-04-28 09:11:02,824 | INFO | amazon_goods_monitor | ✅ 已设置邮编 90002 (amazon.com)
2026-04-28 09:11:02,836 | INFO | amazon_goods_monitor | 📡 获取新代理: socks5://WVKYFTS670:14418351@121.14.201.248:11074
2026-04-28 09:11:02,836 | INFO | amazon_goods_monitor | 使用代理: 121.14.201.248:11074 (尝试 1/3)
2026-04-28 09:11:02,836 | INFO | amazon_goods_monitor | ⏳ 等待 0.9 秒...
2026-04-28 09:11:03,707 | INFO | amazon_goods_monitor | 请求URL: https://www.amazon.com/dp/B0DGTL5V97?psc=1
2026-04-28 09:11:06,875 | INFO | amazon_goods_monitor | ✅ 请求成功 - 状态码: 200
2026-04-28 09:11:07,544 | INFO | amazon_goods_monitor | 标题: 24 Pcs Dice Set, The Crossword Solitaire Game, 6 Sided Dice Crossword Creative Game, Two-Player Interactive Family English Letter Dice Games for Adults
2026-04-28 09:11:07,562 | INFO | amazon_goods_monitor | 没有优惠券
2026-04-28 09:11:07,567 | INFO | amazon_goods_monitor | -----------开始爬取商品信息-----------
2026-04-28 09:11:08,050 | INFO | amazon_goods_monitor | -----------开始爬取商品流量信息-----------
2026-04-28 09:11:08,611 | INFO | amazon_goods_monitor | ✅ 加载 8 个代理
2026-04-28 09:11:08,611 | INFO | amazon_goods_monitor | -----------开始爬取优惠券信息-----------
2026-04-28 09:11:08,612 | INFO | amazon_goods_monitor | 开始抓取: https://www.amazon.com/dp/B0FH2H3WM4?th=1
2026-04-28 09:11:09,633 | INFO | amazon_goods_monitor | ✅ 已设置邮编 90002 (amazon.com)
2026-04-28 09:11:09,643 | INFO | amazon_goods_monitor | 📡 获取新代理: socks5://WVKYFTS670:14418351@121.14.201.248:11074
2026-04-28 09:11:09,643 | INFO | amazon_goods_monitor | 使用代理: 121.14.201.248:11074 (尝试 1/3)
2026-04-28 09:11:09,643 | INFO | amazon_goods_monitor | ⏳ 等待 0.6 秒...
2026-04-28 09:11:10,199 | INFO | amazon_goods_monitor | 请求URL: https://www.amazon.com/dp/B0FH2H3WM4?th=1
2026-04-28 09:11:13,250 | INFO | amazon_goods_monitor | ✅ 请求成功 - 状态码: 200
2026-04-28 09:11:14,145 | INFO | amazon_goods_monitor | 没有优惠券
2026-04-28 09:11:14,152 | INFO | amazon_goods_monitor | -----------开始爬取商品信息-----------
2026-04-28 09:11:15,004 | INFO | amazon_goods_monitor | -----------开始爬取商品流量信息-----------
2026-04-28 09:11:15,937 | INFO | amazon_goods_monitor | ✅ 加载 8 个代理
2026-04-28 09:11:15,938 | INFO | amazon_goods_monitor | -----------开始爬取优惠券信息-----------
2026-04-28 09:11:15,939 | INFO | amazon_goods_monitor | 开始抓取: https://www.amazon.com/dp/B0F83S6328?th=1
2026-04-28 09:11:17,027 | INFO | amazon_goods_monitor | ✅ 已设置邮编 90002 (amazon.com)
2026-04-28 09:11:17,039 | INFO | amazon_goods_monitor | 📡 获取新代理: socks5://LLW0BU7VGQ:39267509@124.236.76.149:17745
2026-04-28 09:11:17,039 | INFO | amazon_goods_monitor | 使用代理: 124.236.76.149:17745 (尝试 1/3)
2026-04-28 09:11:17,040 | INFO | amazon_goods_monitor | ⏳ 等待 0.3 秒...
2026-04-28 09:11:17,388 | INFO | amazon_goods_monitor | 请求URL: https://www.amazon.com/dp/B0F83S6328?th=1
2026-04-28 09:11:20,344 | INFO | amazon_goods_monitor | ✅ 请求成功 - 状态码: 200
2026-04-28 09:11:21,301 | INFO | amazon_goods_monitor | 没有优惠券
2026-04-28 09:11:21,305 | INFO | amazon_goods_monitor | -----------开始爬取商品信息-----------
2026-04-28 09:11:21,730 | INFO | amazon_goods_monitor | -----------开始爬取商品流量信息-----------
2026-04-28 09:11:22,368 | INFO | amazon_goods_monitor | ✅ 加载 8 个代理
2026-04-28 09:11:22,368 | INFO | amazon_goods_monitor | -----------开始爬取优惠券信息-----------
2026-04-28 09:11:22,369 | INFO | amazon_goods_monitor | 开始抓取: https://www.amazon.com/CozyBomB-Homeschool-Kindergarten-Balance-Board/dp/B08B825FVT
2026-04-28 09:11:23,335 | INFO | amazon_goods_monitor | ✅ 已设置邮编 90002 (amazon.com)
2026-04-28 09:11:23,340 | INFO | amazon_goods_monitor | 📡 获取新代理: socks5://LLW0BU7VGQ:39267509@124.236.76.149:17745
2026-04-28 09:11:23,340 | INFO | amazon_goods_monitor | 使用代理: 124.236.76.149:17745 (尝试 1/3)
2026-04-28 09:11:23,340 | INFO | amazon_goods_monitor | ⏳ 等待 0.2 秒...
2026-04-28 09:11:23,573 | INFO | amazon_goods_monitor | 请求URL: https://www.amazon.com/CozyBomB-Homeschool-Kindergarten-Balance-Board/dp/B08B825FVT
2026-04-28 09:11:26,388 | INFO | amazon_goods_monitor | ✅ 请求成功 - 状态码: 200
2026-04-28 09:11:27,244 | INFO | amazon_goods_monitor | 标题: CozyBomB™ Homeschool Kindergarten Frog Scale Cards Balance Board Game - Preschool Math Learning Stem Montessori Toys Educational Gifts for Boy Girl Ages 3 4 5 6 Year Old Birthdays Christmas Holidays
2026-04-28 09:11:27,272 | INFO | amazon_goods_monitor | 没有优惠券
2026-04-28 09:11:27,273 | INFO | amazon_goods_monitor | -----------开始爬取商品信息-----------
2026-04-28 09:11:27,798 | INFO | amazon_goods_monitor | -----------开始爬取商品流量信息-----------
2026-04-28 09:11:28,338 | INFO | amazon_goods_monitor | ✅ 加载 8 个代理
2026-04-28 09:11:28,338 | INFO | amazon_goods_monitor | -----------开始爬取优惠券信息-----------
2026-04-28 09:11:28,338 | INFO | amazon_goods_monitor | 开始抓取: https://www.amazon.com/dp/B0GL2CLHGS?psc=1
2026-04-28 09:11:29,247 | INFO | amazon_goods_monitor | ✅ 已设置邮编 90002 (amazon.com)
2026-04-28 09:11:29,255 | INFO | amazon_goods_monitor | 📡 获取新代理: socks5://XEZQOPMX7M:53843223@121.229.211.102:15252
2026-04-28 09:11:29,255 | INFO | amazon_goods_monitor | 使用代理: 121.229.211.102:15252 (尝试 1/3)
2026-04-28 09:11:29,255 | INFO | amazon_goods_monitor | ⏳ 等待 0.4 秒...
2026-04-28 09:11:29,671 | INFO | amazon_goods_monitor | 请求URL: https://www.amazon.com/dp/B0GL2CLHGS?psc=1
2026-04-28 09:11:34,108 | INFO | amazon_goods_monitor | ✅ 请求成功 - 状态码: 200
2026-04-28 09:11:35,087 | INFO | amazon_goods_monitor | 优惠券: Apply 5% couponTerms
2026-04-28 09:11:35,091 | INFO | amazon_goods_monitor | -----------开始爬取商品信息-----------
2026-04-28 09:11:35,462 | INFO | amazon_goods_monitor | -----------开始爬取商品流量信息-----------
2026-04-28 09:11:35,951 | INFO | amazon_goods_monitor | ✅ 加载 8 个代理
2026-04-28 09:11:35,951 | INFO | amazon_goods_monitor | -----------开始爬取优惠券信息-----------
2026-04-28 09:11:35,952 | INFO | amazon_goods_monitor | 开始抓取: https://www.amazon.com/dp/B0FX28FS2L?th=1
2026-04-28 09:11:36,895 | INFO | amazon_goods_monitor | ✅ 已设置邮编 90002 (amazon.com)
2026-04-28 09:11:36,906 | INFO | amazon_goods_monitor | 📡 获取新代理: socks5://LLW0BU7VGQ:39267509@124.236.76.149:17745
2026-04-28 09:11:36,906 | INFO | amazon_goods_monitor | 使用代理: 124.236.76.149:17745 (尝试 1/3)
2026-04-28 09:11:36,907 | INFO | amazon_goods_monitor | ⏳ 等待 0.7 秒...
2026-04-28 09:11:37,659 | INFO | amazon_goods_monitor | 请求URL: https://www.amazon.com/dp/B0FX28FS2L?th=1
2026-04-28 09:11:40,770 | INFO | amazon_goods_monitor | ✅ 请求成功 - 状态码: 200
2026-04-28 09:11:41,605 | INFO | amazon_goods_monitor | 没有优惠券
2026-04-28 09:11:41,607 | INFO | amazon_goods_monitor | -----------开始爬取商品信息-----------
2026-04-28 09:11:42,096 | INFO | amazon_goods_monitor | -----------开始爬取商品流量信息-----------
2026-04-28 09:11:42,643 | INFO | amazon_goods_monitor | ✅ 加载 8 个代理
2026-04-28 09:11:42,643 | INFO | amazon_goods_monitor | -----------开始爬取优惠券信息-----------
2026-04-28 09:11:42,643 | INFO | amazon_goods_monitor | 开始抓取: https://www.amazon.com/dp/B0CMZQ5NPM?th=1
2026-04-28 09:11:43,601 | INFO | amazon_goods_monitor | ✅ 已设置邮编 90002 (amazon.com)
2026-04-28 09:11:43,613 | INFO | amazon_goods_monitor | 📡 获取新代理: socks5://AIHARVNXPM:57446815@124.225.4.69:12533
2026-04-28 09:11:43,613 | INFO | amazon_goods_monitor | 使用代理: 124.225.4.69:12533 (尝试 1/3)
2026-04-28 09:11:43,613 | INFO | amazon_goods_monitor | ⏳ 等待 0.8 秒...
2026-04-28 09:11:44,441 | INFO | amazon_goods_monitor | 请求URL: https://www.amazon.com/dp/B0CMZQ5NPM?th=1
2026-04-28 09:11:46,915 | INFO | amazon_goods_monitor | ✅ 请求成功 - 状态码: 200
2026-04-28 09:11:47,685 | INFO | amazon_goods_monitor | 没有优惠券
2026-04-28 09:11:47,688 | INFO | amazon_goods_monitor | -----------开始爬取商品信息-----------
2026-04-28 09:11:48,175 | INFO | amazon_goods_monitor | -----------开始爬取商品流量信息-----------
2026-04-28 09:11:48,664 | INFO | amazon_goods_monitor | ✅ 加载 8 个代理
2026-04-28 09:11:48,664 | INFO | amazon_goods_monitor | -----------开始爬取优惠券信息-----------
2026-04-28 09:11:48,664 | INFO | amazon_goods_monitor | 开始抓取: https://www.amazon.com/dp/B0DVD34961?th=1
2026-04-28 09:11:49,591 | INFO | amazon_goods_monitor | ✅ 已设置邮编 90002 (amazon.com)
2026-04-28 09:11:49,600 | INFO | amazon_goods_monitor | 📡 获取新代理: socks5://WVKYFTS670:14418351@121.14.201.248:11074
2026-04-28 09:11:49,600 | INFO | amazon_goods_monitor | 使用代理: 121.14.201.248:11074 (尝试 1/3)
2026-04-28 09:11:49,600 | INFO | amazon_goods_monitor | ⏳ 等待 0.8 秒...
2026-04-28 09:11:50,386 | INFO | amazon_goods_monitor | 请求URL: https://www.amazon.com/dp/B0DVD34961?th=1
2026-04-28 09:11:53,983 | INFO | amazon_goods_monitor | ✅ 请求成功 - 状态码: 200
2026-04-28 09:11:54,675 | INFO | amazon_goods_monitor | 没有优惠券
2026-04-28 09:11:54,678 | INFO | amazon_goods_monitor | -----------开始爬取商品信息-----------
2026-04-28 09:11:55,085 | INFO | amazon_goods_monitor | -----------开始爬取商品流量信息-----------
2026-04-28 09:11:55,516 | INFO | amazon_goods_monitor | ✅ 加载 8 个代理
2026-04-28 09:11:55,516 | INFO | amazon_goods_monitor | -----------开始爬取优惠券信息-----------
2026-04-28 09:11:55,516 | INFO | amazon_goods_monitor | 开始抓取: https://www.amazon.com/dp/B004W8P614?th=1
2026-04-28 09:11:56,478 | INFO | amazon_goods_monitor | ✅ 已设置邮编 90002 (amazon.com)
2026-04-28 09:11:56,486 | INFO | amazon_goods_monitor | 📡 获取新代理: socks5://EJ0WX0RSVB:02954261@125.75.68.73:17894
2026-04-28 09:11:56,486 | INFO | amazon_goods_monitor | 使用代理: 125.75.68.73:17894 (尝试 1/3)
2026-04-28 09:11:56,487 | INFO | amazon_goods_monitor | ⏳ 等待 0.9 秒...
2026-04-28 09:11:57,387 | INFO | amazon_goods_monitor | 请求URL: https://www.amazon.com/dp/B004W8P614?th=1
2026-04-28 09:12:00,393 | INFO | amazon_goods_monitor | ✅ 请求成功 - 状态码: 200
2026-04-28 09:12:01,350 | INFO | amazon_goods_monitor | 没有优惠券
2026-04-28 09:12:01,353 | INFO | amazon_goods_monitor | -----------开始爬取商品信息-----------
2026-04-28 09:12:06,184 | INFO | amazon_goods_monitor | -----------开始爬取商品流量信息-----------
2026-04-28 09:12:06,853 | INFO | amazon_goods_monitor | ✅ 加载 8 个代理
2026-04-28 09:12:06,853 | INFO | amazon_goods_monitor | -----------开始爬取优惠券信息-----------
2026-04-28 09:12:06,854 | INFO | amazon_goods_monitor | 开始抓取: https://www.amazon.com/Effects-Machine-Portable-Classroom-Elephant/dp/B0GMC1585V/ref
2026-04-28 09:12:07,777 | INFO | amazon_goods_monitor | ✅ 已设置邮编 90002 (amazon.com)
2026-04-28 09:12:07,788 | INFO | amazon_goods_monitor | 📡 获取新代理: socks5://XEZQOPMX7M:53843223@121.229.211.102:15252
2026-04-28 09:12:07,788 | INFO | amazon_goods_monitor | 使用代理: 121.229.211.102:15252 (尝试 1/3)
2026-04-28 09:12:07,788 | INFO | amazon_goods_monitor | ⏳ 等待 0.5 秒...
2026-04-28 09:12:08,250 | INFO | amazon_goods_monitor | 请求URL: https://www.amazon.com/Effects-Machine-Portable-Classroom-Elephant/dp/B0GMC1585V/ref
2026-04-28 09:12:10,883 | INFO | amazon_goods_monitor | ✅ 请求成功 - 状态码: 200
2026-04-28 09:12:11,617 | INFO | amazon_goods_monitor | 没有优惠券
2026-04-28 09:12:11,620 | INFO | amazon_goods_monitor | -----------开始爬取商品信息-----------
2026-04-28 09:12:12,177 | INFO | amazon_goods_monitor | -----------开始爬取商品流量信息-----------
2026-04-28 09:12:12,630 | INFO | amazon_goods_monitor | ✅ 加载 8 个代理
2026-04-28 09:12:12,630 | INFO | amazon_goods_monitor | -----------开始爬取优惠券信息-----------
2026-04-28 09:12:12,630 | INFO | amazon_goods_monitor | 开始抓取: https://www.amazon.com/dp/B0FJ8C3KYD?th=1
2026-04-28 09:12:13,578 | INFO | amazon_goods_monitor | ✅ 已设置邮编 90002 (amazon.com)
2026-04-28 09:12:13,586 | INFO | amazon_goods_monitor | 📡 获取新代理: socks5://LLW0BU7VGQ:39267509@124.236.76.149:17745
2026-04-28 09:12:13,586 | INFO | amazon_goods_monitor | 使用代理: 124.236.76.149:17745 (尝试 1/3)
2026-04-28 09:12:13,586 | INFO | amazon_goods_monitor | ⏳ 等待 0.9 秒...
2026-04-28 09:12:14,465 | INFO | amazon_goods_monitor | 请求URL: https://www.amazon.com/dp/B0FJ8C3KYD?th=1
2026-04-28 09:12:17,094 | INFO | amazon_goods_monitor | ✅ 请求成功 - 状态码: 200
2026-04-28 09:12:17,928 | INFO | amazon_goods_monitor | 没有优惠券
2026-04-28 09:12:17,931 | INFO | amazon_goods_monitor | -----------开始爬取商品信息-----------
2026-04-28 09:12:18,378 | INFO | amazon_goods_monitor | -----------开始爬取商品流量信息-----------
2026-04-28 09:12:18,929 | INFO | amazon_goods_monitor | ✅ 加载 8 个代理
2026-04-28 09:12:18,929 | INFO | amazon_goods_monitor | -----------开始爬取优惠券信息-----------
2026-04-28 09:12:18,929 | INFO | amazon_goods_monitor | 开始抓取: https://www.amazon.com/dp/B0CP4CKSRC?th=1
2026-04-28 09:12:19,868 | INFO | amazon_goods_monitor | ✅ 已设置邮编 90002 (amazon.com)
2026-04-28 09:12:19,881 | INFO | amazon_goods_monitor | 📡 获取新代理: socks5://AIHARVNXPM:57446815@124.225.4.69:12533
2026-04-28 09:12:19,882 | INFO | amazon_goods_monitor | 使用代理: 124.225.4.69:12533 (尝试 1/3)
2026-04-28 09:12:19,882 | INFO | amazon_goods_monitor | ⏳ 等待 0.3 秒...
2026-04-28 09:12:20,153 | INFO | amazon_goods_monitor | 请求URL: https://www.amazon.com/dp/B0CP4CKSRC?th=1
2026-04-28 09:12:23,535 | INFO | amazon_goods_monitor | ✅ 请求成功 - 状态码: 200
2026-04-28 09:12:24,226 | INFO | amazon_goods_monitor | 标题: Goliath Jelly Blox Stash 'N Stack 2-in-1 Storage Case | Toddler & Preschool Building Blocks Kids Can Squeeze, Stretch, Squish | MESH ACCREDITED | Safety Tested & Ouch-Free | Sensory Play for Ages 2+
2026-04-28 09:12:24,242 | INFO | amazon_goods_monitor | 没有优惠券
2026-04-28 09:12:24,245 | INFO | amazon_goods_monitor | -----------开始爬取商品信息-----------
2026-04-28 09:12:24,610 | INFO | amazon_goods_monitor | -----------开始爬取商品流量信息-----------
2026-04-28 09:12:25,172 | INFO | amazon_goods_monitor | ✅ 加载 8 个代理
2026-04-28 09:12:25,172 | INFO | amazon_goods_monitor | -----------开始爬取优惠券信息-----------
2026-04-28 09:12:25,172 | INFO | amazon_goods_monitor | 开始抓取: https://www.amazon.com/dp/B0DQWDW6GG?psc=1
2026-04-28 09:12:26,088 | INFO | amazon_goods_monitor | ✅ 已设置邮编 90002 (amazon.com)
2026-04-28 09:12:26,098 | INFO | amazon_goods_monitor | 📡 获取新代理: socks5://XEZQOPMX7M:53843223@121.229.211.102:15252
2026-04-28 09:12:26,099 | INFO | amazon_goods_monitor | 使用代理: 121.229.211.102:15252 (尝试 1/3)
2026-04-28 09:12:26,099 | INFO | amazon_goods_monitor | ⏳ 等待 0.4 秒...
2026-04-28 09:12:26,528 | INFO | amazon_goods_monitor | 请求URL: https://www.amazon.com/dp/B0DQWDW6GG?psc=1
2026-04-28 09:12:29,899 | INFO | amazon_goods_monitor | ✅ 请求成功 - 状态码: 200
2026-04-28 09:12:30,838 | INFO | amazon_goods_monitor | 没有优惠券
2026-04-28 09:12:30,841 | INFO | amazon_goods_monitor | -----------开始爬取商品信息-----------
2026-04-28 09:12:31,359 | INFO | amazon_goods_monitor | -----------开始爬取商品流量信息-----------
2026-04-28 09:12:31,796 | INFO | amazon_goods_monitor | ✅ 加载 8 个代理
2026-04-28 09:12:31,796 | INFO | amazon_goods_monitor | -----------开始爬取优惠券信息-----------
2026-04-28 09:12:31,797 | INFO | amazon_goods_monitor | 开始抓取: https://www.amazon.com/dp/B0FMR9PFY8?th=1
2026-04-28 09:12:32,707 | INFO | amazon_goods_monitor | ✅ 已设置邮编 90002 (amazon.com)
2026-04-28 09:12:32,715 | INFO | amazon_goods_monitor | 📡 获取新代理: socks5://EJ0WX0RSVB:02954261@125.75.68.73:17894
2026-04-28 09:12:32,715 | INFO | amazon_goods_monitor | 使用代理: 125.75.68.73:17894 (尝试 1/3)
2026-04-28 09:12:32,715 | INFO | amazon_goods_monitor | ⏳ 等待 0.1 秒...
2026-04-28 09:12:32,838 | INFO | amazon_goods_monitor | 请求URL: https://www.amazon.com/dp/B0FMR9PFY8?th=1
2026-04-28 09:12:35,301 | INFO | amazon_goods_monitor | ✅ 请求成功 - 状态码: 200
2026-04-28 09:12:36,163 | INFO | amazon_goods_monitor | 标题: A V Marble Balance Board Game – 60 Colorful Glass Marbles with Storage Base | Exciting Family & Party Board Game for Kids & Adults, Educational STEM Toy & Birthday Gift, 1–4 Players, Ages 8+
2026-04-28 09:12:36,184 | INFO | amazon_goods_monitor | 没有优惠券
2026-04-28 09:12:36,187 | INFO | amazon_goods_monitor | -----------开始爬取商品信息-----------
2026-04-28 09:12:36,715 | INFO | amazon_goods_monitor | -----------开始爬取商品流量信息-----------
2026-04-28 09:12:37,265 | INFO | amazon_goods_monitor | ✅ 加载 8 个代理
2026-04-28 09:12:37,265 | INFO | amazon_goods_monitor | -----------开始爬取优惠券信息-----------
2026-04-28 09:12:37,265 | INFO | amazon_goods_monitor | 开始抓取: https://www.amazon.com/Rechargeable-Separable-Magnetic-Hilarious-Adjustment/dp/B0GQ47RZ8Y
2026-04-28 09:12:38,221 | INFO | amazon_goods_monitor | ✅ 已设置邮编 90002 (amazon.com)
2026-04-28 09:12:38,231 | INFO | amazon_goods_monitor | 📡 获取新代理: socks5://YKEW9SOB5S:32342415@218.78.129.68:15654
2026-04-28 09:12:38,232 | INFO | amazon_goods_monitor | 使用代理: 218.78.129.68:15654 (尝试 1/3)
2026-04-28 09:12:38,232 | INFO | amazon_goods_monitor | ⏳ 等待 0.1 秒...
2026-04-28 09:12:38,284 | INFO | amazon_goods_monitor | 请求URL: https://www.amazon.com/Rechargeable-Separable-Magnetic-Hilarious-Adjustment/dp/B0GQ47RZ8Y
2026-04-28 09:12:40,926 | INFO | amazon_goods_monitor | ✅ 请求成功 - 状态码: 200
2026-04-28 09:12:41,628 | INFO | amazon_goods_monitor | 没有优惠券
2026-04-28 09:12:41,630 | INFO | amazon_goods_monitor | -----------开始爬取商品信息-----------
2026-04-28 09:12:42,148 | INFO | amazon_goods_monitor | -----------开始爬取商品流量信息-----------
2026-04-28 09:12:42,713 | INFO | amazon_goods_monitor | ✅ 加载 8 个代理
2026-04-28 09:12:42,713 | INFO | amazon_goods_monitor | -----------开始爬取优惠券信息-----------
2026-04-28 09:12:42,714 | INFO | amazon_goods_monitor | 开始抓取: https://www.amazon.com/dp/B0DLH45Q4F?th=1
2026-04-28 09:12:43,637 | INFO | amazon_goods_monitor | ✅ 已设置邮编 90002 (amazon.com)
2026-04-28 09:12:43,645 | INFO | amazon_goods_monitor | 📡 获取新代理: socks5://XEZQOPMX7M:53843223@121.229.211.102:15252
2026-04-28 09:12:43,645 | INFO | amazon_goods_monitor | 使用代理: 121.229.211.102:15252 (尝试 1/3)
2026-04-28 09:12:43,645 | INFO | amazon_goods_monitor | ⏳ 等待 0.7 秒...
2026-04-28 09:12:44,366 | INFO | amazon_goods_monitor | 请求URL: https://www.amazon.com/dp/B0DLH45Q4F?th=1
2026-04-28 09:12:47,180 | INFO | amazon_goods_monitor | ✅ 请求成功 - 状态码: 200
2026-04-28 09:12:48,138 | INFO | amazon_goods_monitor | 没有优惠券
2026-04-28 09:12:48,142 | INFO | amazon_goods_monitor | -----------开始爬取商品信息-----------
2026-04-28 09:12:48,742 | INFO | amazon_goods_monitor | -----------开始爬取商品流量信息-----------
2026-04-28 09:12:49,412 | INFO | amazon_goods_monitor | ✅ 加载 8 个代理
2026-04-28 09:12:49,412 | INFO | amazon_goods_monitor | -----------开始爬取优惠券信息-----------
2026-04-28 09:12:49,412 | INFO | amazon_goods_monitor | 开始抓取: https://www.amazon.com/dp/B0FSWXR8KH?th=1
2026-04-28 09:12:50,774 | INFO | amazon_goods_monitor | ✅ 已设置邮编 90002 (amazon.com)
2026-04-28 09:12:50,784 | INFO | amazon_goods_monitor | 📡 获取新代理: socks5://AIHARVNXPM:57446815@124.225.4.69:12533
2026-04-28 09:12:50,784 | INFO | amazon_goods_monitor | 使用代理: 124.225.4.69:12533 (尝试 1/3)
2026-04-28 09:12:50,784 | INFO | amazon_goods_monitor | ⏳ 等待 0.8 秒...
2026-04-28 09:12:51,563 | INFO | amazon_goods_monitor | 请求URL: https://www.amazon.com/dp/B0FSWXR8KH?th=1
2026-04-28 09:12:54,417 | INFO | amazon_goods_monitor | ✅ 请求成功 - 状态码: 200
2026-04-28 09:12:55,205 | INFO | amazon_goods_monitor | 标题: Sound Effects Machine - Noise Maker for Kids - 20 Funny Sounds with Volume Control - Portable Electronic Sound Maker for Party, Game Night and Family Fun
2026-04-28 09:12:55,233 | INFO | amazon_goods_monitor | 没有优惠券
2026-04-28 09:12:55,238 | INFO | amazon_goods_monitor | -----------开始爬取商品信息-----------
2026-04-28 09:12:55,907 | INFO | amazon_goods_monitor | -----------开始爬取商品流量信息-----------
2026-04-28 09:12:56,589 | INFO | amazon_goods_monitor | ✅ 加载 8 个代理
2026-04-28 09:12:56,590 | INFO | amazon_goods_monitor | -----------开始爬取优惠券信息-----------
2026-04-28 09:12:56,590 | INFO | amazon_goods_monitor | 开始抓取: https://www.amazon.com/dp/B0DZ6JS79D?th=1
2026-04-28 09:12:57,742 | INFO | amazon_goods_monitor | ✅ 已设置邮编 90002 (amazon.com)
2026-04-28 09:12:57,753 | INFO | amazon_goods_monitor | 📡 获取新代理: socks5://LLW0BU7VGQ:39267509@124.236.76.149:17745
2026-04-28 09:12:57,754 | INFO | amazon_goods_monitor | 使用代理: 124.236.76.149:17745 (尝试 1/3)
2026-04-28 09:12:57,754 | INFO | amazon_goods_monitor | ⏳ 等待 0.6 秒...
2026-04-28 09:12:58,344 | INFO | amazon_goods_monitor | 请求URL: https://www.amazon.com/dp/B0DZ6JS79D?th=1
2026-04-28 09:13:01,374 | INFO | amazon_goods_monitor | ✅ 请求成功 - 状态码: 200
2026-04-28 09:13:02,394 | INFO | amazon_goods_monitor | 没有优惠券
2026-04-28 09:13:02,398 | INFO | amazon_goods_monitor | -----------开始爬取商品信息-----------
2026-04-28 09:13:03,026 | INFO | amazon_goods_monitor | -----------开始爬取商品流量信息-----------
2026-04-28 09:13:03,682 | INFO | amazon_goods_monitor | ✅ 加载 8 个代理
2026-04-28 09:13:03,682 | INFO | amazon_goods_monitor | -----------开始爬取优惠券信息-----------
2026-04-28 09:13:03,682 | INFO | amazon_goods_monitor | 开始抓取: https://www.amazon.com/dp/B0CRG38XMR?psc=1
2026-04-28 09:13:04,806 | INFO | amazon_goods_monitor | ✅ 已设置邮编 90002 (amazon.com)
2026-04-28 09:13:04,814 | INFO | amazon_goods_monitor | 📡 获取新代理: socks5://XEZQOPMX7M:53843223@121.229.211.102:15252
2026-04-28 09:13:04,814 | INFO | amazon_goods_monitor | 使用代理: 121.229.211.102:15252 (尝试 1/3)
2026-04-28 09:13:04,814 | INFO | amazon_goods_monitor | ⏳ 等待 0.7 秒...
2026-04-28 09:13:05,476 | INFO | amazon_goods_monitor | 请求URL: https://www.amazon.com/dp/B0CRG38XMR?psc=1
2026-04-28 09:13:08,724 | INFO | amazon_goods_monitor | ✅ 请求成功 - 状态码: 200
2026-04-28 09:13:10,622 | INFO | amazon_goods_monitor | 没有优惠券
2026-04-28 09:13:10,627 | INFO | amazon_goods_monitor | -----------开始爬取商品信息-----------
2026-04-28 09:13:11,391 | INFO | amazon_goods_monitor | -----------开始爬取商品流量信息-----------
2026-04-28 09:13:12,059 | INFO | amazon_goods_monitor | ✅ 加载 8 个代理
2026-04-28 09:13:12,059 | INFO | amazon_goods_monitor | -----------开始爬取优惠券信息-----------
2026-04-28 09:13:12,059 | INFO | amazon_goods_monitor | 开始抓取: https://www.amazon.com/dp/B0FF4HZ195
2026-04-28 09:13:14,239 | INFO | amazon_goods_monitor | ✅ 已设置邮编 90002 (amazon.com)
2026-04-28 09:13:14,247 | INFO | amazon_goods_monitor | 📡 获取新代理: socks5://YKEW9SOB5S:32342415@218.78.129.68:15654
2026-04-28 09:13:14,247 | INFO | amazon_goods_monitor | 使用代理: 218.78.129.68:15654 (尝试 1/3)
2026-04-28 09:13:14,247 | INFO | amazon_goods_monitor | ⏳ 等待 0.9 秒...
2026-04-28 09:13:15,133 | INFO | amazon_goods_monitor | 请求URL: https://www.amazon.com/dp/B0FF4HZ195
2026-04-28 09:13:18,955 | INFO | amazon_goods_monitor | ✅ 请求成功 - 状态码: 200
2026-04-28 09:13:19,943 | INFO | amazon_goods_monitor | 标题: Sound Effects Machine, Noise Maker Prank Stuff with 16 Sounds, Teen Boys Gifts Ages 8-13, Cool Gag & Practical Joke Toys for Adults and Teenager
2026-04-28 09:13:19,982 | INFO | amazon_goods_monitor | 没有优惠券
2026-04-28 09:13:19,986 | INFO | amazon_goods_monitor | -----------开始爬取商品信息-----------
2026-04-28 09:13:20,698 | INFO | amazon_goods_monitor | -----------开始爬取商品流量信息-----------
2026-04-28 09:13:21,510 | INFO | amazon_goods_monitor | ✅ 加载 8 个代理
2026-04-28 09:13:21,511 | INFO | amazon_goods_monitor | -----------开始爬取优惠券信息-----------
2026-04-28 09:13:21,511 | INFO | amazon_goods_monitor | 开始抓取: https://www.amazon.com/dp/B0FVD4435N?psc=1
2026-04-28 09:13:22,637 | INFO | amazon_goods_monitor | ✅ 已设置邮编 90002 (amazon.com)
2026-04-28 09:13:22,645 | INFO | amazon_goods_monitor | 📡 获取新代理: socks5://PXBHAK1C2C:80609506@1.194.218.235:12509
2026-04-28 09:13:22,645 | INFO | amazon_goods_monitor | 使用代理: 1.194.218.235:12509 (尝试 1/3)
2026-04-28 09:13:22,645 | INFO | amazon_goods_monitor | ⏳ 等待 0.8 秒...
2026-04-28 09:13:23,416 | INFO | amazon_goods_monitor | 请求URL: https://www.amazon.com/dp/B0FVD4435N?psc=1
2026-04-28 09:13:26,343 | INFO | amazon_goods_monitor | ✅ 请求成功 - 状态码: 200
2026-04-28 09:13:27,243 | INFO | amazon_goods_monitor | 标题: Sound Effects Machine with 16 Hilarious Sounds- Easter Basket Stuffers- Prank Noise Maker for Parties Office Home, Portable Sound Maker for Adults, White Elephant Gifts & Gift Exchanges(Red)
2026-04-28 09:13:27,274 | INFO | amazon_goods_monitor | 没有优惠券
2026-04-28 09:13:27,278 | INFO | amazon_goods_monitor | -----------开始爬取商品信息-----------
2026-04-28 09:13:27,998 | INFO | amazon_goods_monitor | -----------开始爬取商品流量信息-----------
2026-04-28 09:13:28,659 | INFO | amazon_goods_monitor | ✅ 加载 8 个代理
2026-04-28 09:13:28,659 | INFO | amazon_goods_monitor | -----------开始爬取优惠券信息-----------
2026-04-28 09:13:28,660 | INFO | amazon_goods_monitor | 开始抓取: https://www.amazon.com/dp/B0DG964RMZ?th=1
2026-04-28 09:13:29,789 | INFO | amazon_goods_monitor | ✅ 已设置邮编 90002 (amazon.com)
2026-04-28 09:13:29,795 | INFO | amazon_goods_monitor | 📡 获取新代理: socks5://YKEW9SOB5S:32342415@218.78.129.68:15654
2026-04-28 09:13:29,796 | INFO | amazon_goods_monitor | 使用代理: 218.78.129.68:15654 (尝试 1/3)
2026-04-28 09:13:29,796 | INFO | amazon_goods_monitor | ⏳ 等待 0.8 秒...
2026-04-28 09:13:30,590 | INFO | amazon_goods_monitor | 请求URL: https://www.amazon.com/dp/B0DG964RMZ?th=1
2026-04-28 09:13:33,623 | INFO | amazon_goods_monitor | ✅ 请求成功 - 状态码: 200
2026-04-28 09:13:34,619 | INFO | amazon_goods_monitor | 没有优惠券
2026-04-28 09:13:34,623 | INFO | amazon_goods_monitor | -----------开始爬取商品信息-----------
2026-04-28 09:13:35,320 | INFO | amazon_goods_monitor | -----------开始爬取商品流量信息-----------
2026-04-28 09:13:36,134 | INFO | amazon_goods_monitor | ✅ 加载 8 个代理
2026-04-28 09:13:36,134 | INFO | amazon_goods_monitor | -----------开始爬取优惠券信息-----------
2026-04-28 09:13:36,134 | INFO | amazon_goods_monitor | 开始抓取: https://www.amazon.com/dp/B00D9DZ94M?th=1
2026-04-28 09:13:37,296 | INFO | amazon_goods_monitor | ✅ 已设置邮编 90002 (amazon.com)
2026-04-28 09:13:37,308 | INFO | amazon_goods_monitor | 📡 获取新代理: socks5://WVKYFTS670:14418351@121.14.201.248:11074
2026-04-28 09:13:37,308 | INFO | amazon_goods_monitor | 使用代理: 121.14.201.248:11074 (尝试 1/3)
2026-04-28 09:13:37,308 | INFO | amazon_goods_monitor | ⏳ 等待 1.0 秒...
2026-04-28 09:13:38,307 | INFO | amazon_goods_monitor | 请求URL: https://www.amazon.com/dp/B00D9DZ94M?th=1
2026-04-28 09:13:41,550 | INFO | amazon_goods_monitor | ✅ 请求成功 - 状态码: 200
2026-04-28 09:13:42,502 | INFO | amazon_goods_monitor | 没有优惠券
2026-04-28 09:13:42,507 | INFO | amazon_goods_monitor | -----------开始爬取商品信息-----------
2026-04-28 09:13:43,184 | INFO | amazon_goods_monitor | -----------开始爬取商品流量信息-----------
2026-04-28 09:13:43,964 | INFO | amazon_goods_monitor | ✅ 加载 8 个代理
2026-04-28 09:13:43,964 | INFO | amazon_goods_monitor | -----------开始爬取优惠券信息-----------
2026-04-28 09:13:43,964 | INFO | amazon_goods_monitor | 开始抓取: https://www.amazon.com/dp/B0FH7KJ5KN?th=1
2026-04-28 09:13:45,132 | INFO | amazon_goods_monitor | ✅ 已设置邮编 90002 (amazon.com)
2026-04-28 09:13:45,140 | INFO | amazon_goods_monitor | 📡 获取新代理: socks5://PXBHAK1C2C:80609506@1.194.218.235:12509
2026-04-28 09:13:45,140 | INFO | amazon_goods_monitor | 使用代理: 1.194.218.235:12509 (尝试 1/3)
2026-04-28 09:13:45,140 | INFO | amazon_goods_monitor | ⏳ 等待 0.6 秒...
2026-04-28 09:13:45,788 | INFO | amazon_goods_monitor | 请求URL: https://www.amazon.com/dp/B0FH7KJ5KN?th=1
2026-04-28 09:13:48,833 | INFO | amazon_goods_monitor | ✅ 请求成功 - 状态码: 200
2026-04-28 09:13:49,793 | INFO | amazon_goods_monitor | 没有优惠券
2026-04-28 09:13:49,798 | INFO | amazon_goods_monitor | -----------开始爬取商品信息-----------
2026-04-28 09:13:50,516 | INFO | amazon_goods_monitor | -----------开始爬取商品流量信息-----------
2026-04-28 09:13:55,220 | INFO | amazon_goods_monitor | ✅ 加载 8 个代理
2026-04-28 09:13:55,221 | INFO | amazon_goods_monitor | -----------开始爬取优惠券信息-----------
2026-04-28 09:13:55,221 | INFO | amazon_goods_monitor | 开始抓取: https://www.amazon.com/Snugzy-Counting-Kindergarten-Learning-Educational/dp/B0FNMT26CQ
2026-04-28 09:13:56,392 | INFO | amazon_goods_monitor | ✅ 已设置邮编 90002 (amazon.com)
2026-04-28 09:13:56,399 | INFO | amazon_goods_monitor | 📡 获取新代理: socks5://AIHARVNXPM:57446815@124.225.4.69:12533
2026-04-28 09:13:56,400 | INFO | amazon_goods_monitor | 使用代理: 124.225.4.69:12533 (尝试 1/3)
2026-04-28 09:13:56,400 | INFO | amazon_goods_monitor | ⏳ 等待 0.2 秒...
2026-04-28 09:13:56,563 | INFO | amazon_goods_monitor | 请求URL: https://www.amazon.com/Snugzy-Counting-Kindergarten-Learning-Educational/dp/B0FNMT26CQ
2026-04-28 09:13:59,115 | INFO | amazon_goods_monitor | ✅ 请求成功 - 状态码: 200
2026-04-28 09:13:59,972 | INFO | amazon_goods_monitor | 标题: Snugzy Frog Balance Counting Toys, Number Counting Scale Games for Kids Cool Math Learning Games for Boys and Girls Preschool Kindergarten Learning STEM Montessori Educational Toys for 3+ (93 PCS)
2026-04-28 09:14:00,013 | INFO | amazon_goods_monitor | 没有优惠券
2026-04-28 09:14:00,021 | INFO | amazon_goods_monitor | -----------开始爬取商品信息-----------
2026-04-28 09:14:00,653 | INFO | amazon_goods_monitor | -----------开始爬取商品流量信息-----------
2026-04-28 09:14:01,443 | INFO | amazon_goods_monitor | ✅ 加载 8 个代理
2026-04-28 09:14:01,443 | INFO | amazon_goods_monitor | -----------开始爬取优惠券信息-----------
2026-04-28 09:14:01,443 | INFO | amazon_goods_monitor | 开始抓取: https://www.amazon.com/dp/B0GR76QPY9?th=1
2026-04-28 09:14:02,893 | INFO | amazon_goods_monitor | ✅ 已设置邮编 90002 (amazon.com)
2026-04-28 09:14:02,901 | INFO | amazon_goods_monitor | 📡 获取新代理: socks5://PXBHAK1C2C:80609506@1.194.218.235:12509
2026-04-28 09:14:02,901 | INFO | amazon_goods_monitor | 使用代理: 1.194.218.235:12509 (尝试 1/3)
2026-04-28 09:14:02,901 | INFO | amazon_goods_monitor | ⏳ 等待 0.3 秒...
2026-04-28 09:14:03,252 | INFO | amazon_goods_monitor | 请求URL: https://www.amazon.com/dp/B0GR76QPY9?th=1
2026-04-28 09:14:05,924 | INFO | amazon_goods_monitor | ✅ 请求成功 - 状态码: 200
2026-04-28 09:14:06,794 | INFO | amazon_goods_monitor | 标题: Q-Less The Original Crossword Solitaire Game - Genuine - Word Game, Puzzle, 12 Lettered Dice in a Sleek Tin, Portable, Educational Wordplay Fun, Travel
2026-04-28 09:14:06,821 | INFO | amazon_goods_monitor | 没有优惠券
2026-04-28 09:14:06,825 | INFO | amazon_goods_monitor | -----------开始爬取商品信息-----------
2026-04-28 09:14:07,490 | INFO | amazon_goods_monitor | -----------开始爬取商品流量信息-----------
2026-04-28 09:14:08,143 | INFO | amazon_goods_monitor | ✅ 加载 8 个代理
2026-04-28 09:14:08,143 | INFO | amazon_goods_monitor | -----------开始爬取优惠券信息-----------
2026-04-28 09:14:08,144 | INFO | amazon_goods_monitor | 开始抓取: https://www.amazon.com/dp/B0FVFWTJBG?th=1
2026-04-28 09:14:09,328 | INFO | amazon_goods_monitor | ✅ 已设置邮编 90002 (amazon.com)
2026-04-28 09:14:09,335 | INFO | amazon_goods_monitor | 📡 获取新代理: socks5://AIHARVNXPM:57446815@124.225.4.69:12533
2026-04-28 09:14:09,335 | INFO | amazon_goods_monitor | 使用代理: 124.225.4.69:12533 (尝试 1/3)
2026-04-28 09:14:09,335 | INFO | amazon_goods_monitor | ⏳ 等待 0.1 秒...
2026-04-28 09:14:09,470 | INFO | amazon_goods_monitor | 请求URL: https://www.amazon.com/dp/B0FVFWTJBG?th=1
2026-04-28 09:14:12,388 | INFO | amazon_goods_monitor | ✅ 请求成功 - 状态码: 200
2026-04-28 09:14:13,177 | INFO | amazon_goods_monitor | 没有优惠券
2026-04-28 09:14:13,181 | INFO | amazon_goods_monitor | -----------开始爬取商品信息-----------
2026-04-28 09:14:13,905 | INFO | amazon_goods_monitor | -----------开始爬取商品流量信息-----------
2026-04-28 09:14:14,660 | INFO | amazon_goods_monitor | ✅ 加载 8 个代理
2026-04-28 09:14:14,661 | INFO | amazon_goods_monitor | -----------开始爬取优惠券信息-----------
2026-04-28 09:14:14,661 | INFO | amazon_goods_monitor | 开始抓取: https://www.amazon.com/dp/B0DVH5D5F3?th=1
2026-04-28 09:14:15,825 | INFO | amazon_goods_monitor | ✅ 已设置邮编 90002 (amazon.com)
2026-04-28 09:14:15,835 | INFO | amazon_goods_monitor | 📡 获取新代理: socks5://XEZQOPMX7M:53843223@121.229.211.102:15252
2026-04-28 09:14:15,835 | INFO | amazon_goods_monitor | 使用代理: 121.229.211.102:15252 (尝试 1/3)
2026-04-28 09:14:15,835 | INFO | amazon_goods_monitor | ⏳ 等待 0.0 秒...
2026-04-28 09:14:15,855 | INFO | amazon_goods_monitor | 请求URL: https://www.amazon.com/dp/B0DVH5D5F3?th=1
2026-04-28 09:14:19,855 | INFO | amazon_goods_monitor | ✅ 请求成功 - 状态码: 200
2026-04-28 09:14:20,783 | INFO | amazon_goods_monitor | 没有优惠券
2026-04-28 09:14:20,787 | INFO | amazon_goods_monitor | -----------开始爬取商品信息-----------
2026-04-28 09:14:21,477 | INFO | amazon_goods_monitor | -----------开始爬取商品流量信息-----------
2026-04-28 09:14:22,264 | INFO | amazon_goods_monitor | ✅ 加载 8 个代理
2026-04-28 09:14:22,264 | INFO | amazon_goods_monitor | -----------开始爬取优惠券信息-----------
2026-04-28 09:14:22,265 | INFO | amazon_goods_monitor | 开始抓取: https://www.amazon.com/dp/B0GJSKGQL3?th=1
2026-04-28 09:14:23,416 | INFO | amazon_goods_monitor | ✅ 已设置邮编 90002 (amazon.com)
2026-04-28 09:14:23,424 | INFO | amazon_goods_monitor | 📡 获取新代理: socks5://AIHARVNXPM:57446815@124.225.4.69:12533
2026-04-28 09:14:23,424 | INFO | amazon_goods_monitor | 使用代理: 124.225.4.69:12533 (尝试 1/3)
2026-04-28 09:14:23,424 | INFO | amazon_goods_monitor | ⏳ 等待 0.1 秒...
2026-04-28 09:14:23,568 | INFO | amazon_goods_monitor | 请求URL: https://www.amazon.com/dp/B0GJSKGQL3?th=1
2026-04-28 09:14:26,363 | INFO | amazon_goods_monitor | ✅ 请求成功 - 状态码: 200
2026-04-28 09:14:27,085 | INFO | amazon_goods_monitor | 标题: Gytera 20Pcs Squishies Building Blocks Set, Glow in The Dark Montessori Building Toys Can Squeeze, Stretch, Squish, Sorting & Stacking Toys in 6 Colors and 8 Shapes Squishies Easter Gifts
2026-04-28 09:14:27,110 | INFO | amazon_goods_monitor | 没有优惠券
2026-04-28 09:14:27,113 | INFO | amazon_goods_monitor | -----------开始爬取商品信息-----------
2026-04-28 09:14:27,837 | INFO | amazon_goods_monitor | -----------开始爬取商品流量信息-----------
2026-04-28 09:14:28,618 | INFO | amazon_goods_monitor | ✅ 加载 8 个代理
2026-04-28 09:14:28,619 | INFO | amazon_goods_monitor | -----------开始爬取优惠券信息-----------
2026-04-28 09:14:28,619 | INFO | amazon_goods_monitor | 开始抓取: https://www.amazon.com/dp/B0FCY5SLT3?th=1
2026-04-28 09:14:29,746 | INFO | amazon_goods_monitor | ✅ 已设置邮编 90002 (amazon.com)
2026-04-28 09:14:29,753 | INFO | amazon_goods_monitor | 📡 获取新代理: socks5://AIHARVNXPM:57446815@124.225.4.69:12533
2026-04-28 09:14:29,753 | INFO | amazon_goods_monitor | 使用代理: 124.225.4.69:12533 (尝试 1/3)
2026-04-28 09:14:29,754 | INFO | amazon_goods_monitor | ⏳ 等待 0.6 秒...
2026-04-28 09:14:30,398 | INFO | amazon_goods_monitor | 请求URL: https://www.amazon.com/dp/B0FCY5SLT3?th=1
2026-04-28 09:14:33,503 | INFO | amazon_goods_monitor | ✅ 请求成功 - 状态码: 200
2026-04-28 09:14:34,342 | INFO | amazon_goods_monitor | 没有优惠券
2026-04-28 09:14:34,347 | INFO | amazon_goods_monitor | -----------开始爬取商品信息-----------
2026-04-28 09:14:35,019 | INFO | amazon_goods_monitor | -----------开始爬取商品流量信息-----------
2026-04-28 09:14:35,750 | INFO | amazon_goods_monitor | ✅ 加载 8 个代理
2026-04-28 09:14:35,751 | INFO | amazon_goods_monitor | -----------开始爬取优惠券信息-----------
2026-04-28 09:14:35,751 | INFO | amazon_goods_monitor | 开始抓取: https://www.amazon.com/dp/B0FCGSS2YX?th=1
2026-04-28 09:14:36,883 | INFO | amazon_goods_monitor | ✅ 已设置邮编 90002 (amazon.com)
2026-04-28 09:14:36,893 | INFO | amazon_goods_monitor | 📡 获取新代理: socks5://WVKYFTS670:14418351@121.14.201.248:11074
2026-04-28 09:14:36,893 | INFO | amazon_goods_monitor | 使用代理: 121.14.201.248:11074 (尝试 1/3)
2026-04-28 09:14:36,893 | INFO | amazon_goods_monitor | ⏳ 等待 0.7 秒...
2026-04-28 09:14:37,562 | INFO | amazon_goods_monitor | 请求URL: https://www.amazon.com/dp/B0FCGSS2YX?th=1
2026-04-28 09:14:40,901 | INFO | amazon_goods_monitor | ✅ 请求成功 - 状态码: 200
2026-04-28 09:14:41,737 | INFO | amazon_goods_monitor | 没有优惠券
2026-04-28 09:14:41,742 | INFO | amazon_goods_monitor | -----------开始爬取商品信息-----------
2026-04-28 09:14:42,490 | INFO | amazon_goods_monitor | -----------开始爬取商品流量信息-----------
2026-04-28 09:14:43,298 | INFO | amazon_goods_monitor | ✅ 加载 8 个代理
2026-04-28 09:14:43,298 | INFO | amazon_goods_monitor | -----------开始爬取优惠券信息-----------
2026-04-28 09:14:43,298 | INFO | amazon_goods_monitor | 开始抓取: https://www.amazon.com/dp/B0CQD6X61S?th=1
2026-04-28 09:14:44,444 | INFO | amazon_goods_monitor | ✅ 已设置邮编 90002 (amazon.com)
2026-04-28 09:14:44,459 | INFO | amazon_goods_monitor | 📡 获取新代理: socks5://LLW0BU7VGQ:39267509@124.236.76.149:17745
2026-04-28 09:14:44,459 | INFO | amazon_goods_monitor | 使用代理: 124.236.76.149:17745 (尝试 1/3)
2026-04-28 09:14:44,459 | INFO | amazon_goods_monitor | ⏳ 等待 0.1 秒...
2026-04-28 09:14:44,546 | INFO | amazon_goods_monitor | 请求URL: https://www.amazon.com/dp/B0CQD6X61S?th=1
2026-04-28 09:14:48,022 | INFO | amazon_goods_monitor | ✅ 请求成功 - 状态码: 200
2026-04-28 09:14:49,072 | INFO | amazon_goods_monitor | 没有优惠券
2026-04-28 09:14:49,076 | INFO | amazon_goods_monitor | -----------开始爬取商品信息-----------
2026-04-28 09:14:49,680 | INFO | amazon_goods_monitor | -----------开始爬取商品流量信息-----------
2026-04-28 09:14:50,341 | INFO | amazon_goods_monitor | ✅ 加载 8 个代理
2026-04-28 09:14:50,341 | INFO | amazon_goods_monitor | -----------开始爬取优惠券信息-----------
2026-04-28 09:14:50,341 | INFO | amazon_goods_monitor | 开始抓取: https://www.amazon.com/dp/B0FVM7RJLG?th=1
2026-04-28 09:14:51,463 | INFO | amazon_goods_monitor | ✅ 已设置邮编 90002 (amazon.com)
2026-04-28 09:14:51,470 | INFO | amazon_goods_monitor | 📡 获取新代理: socks5://WVKYFTS670:14418351@121.14.201.248:11074
2026-04-28 09:14:51,471 | INFO | amazon_goods_monitor | 使用代理: 121.14.201.248:11074 (尝试 1/3)
2026-04-28 09:14:51,471 | INFO | amazon_goods_monitor | ⏳ 等待 0.6 秒...
2026-04-28 09:14:52,076 | INFO | amazon_goods_monitor | 请求URL: https://www.amazon.com/dp/B0FVM7RJLG?th=1
2026-04-28 09:14:56,169 | INFO | amazon_goods_monitor | ✅ 请求成功 - 状态码: 200
2026-04-28 09:14:57,078 | INFO | amazon_goods_monitor | 没有优惠券
2026-04-28 09:14:57,084 | INFO | amazon_goods_monitor | -----------开始爬取商品信息-----------
2026-04-28 09:14:57,680 | INFO | amazon_goods_monitor | -----------开始爬取商品流量信息-----------
2026-04-28 09:14:58,484 | INFO | amazon_goods_monitor | ✅ 加载 8 个代理
2026-04-28 09:14:58,484 | INFO | amazon_goods_monitor | -----------开始爬取优惠券信息-----------
2026-04-28 09:14:58,485 | INFO | amazon_goods_monitor | 开始抓取: https://www.amazon.com/dp/B0DRWBJDLJ?th=1
2026-04-28 09:14:59,654 | INFO | amazon_goods_monitor | ✅ 已设置邮编 90002 (amazon.com)
2026-04-28 09:14:59,669 | INFO | amazon_goods_monitor | 📡 获取新代理: socks5://W9JFIJCY7Z:46344650@118.253.177.190:11193
2026-04-28 09:14:59,669 | INFO | amazon_goods_monitor | 使用代理: 118.253.177.190:11193 (尝试 1/3)
2026-04-28 09:14:59,669 | INFO | amazon_goods_monitor | ⏳ 等待 0.1 秒...
2026-04-28 09:14:59,743 | INFO | amazon_goods_monitor | 请求URL: https://www.amazon.com/dp/B0DRWBJDLJ?th=1
2026-04-28 09:15:02,719 | INFO | amazon_goods_monitor | ✅ 请求成功 - 状态码: 200
2026-04-28 09:15:03,672 | INFO | amazon_goods_monitor | 标题: KNUCKLHEAD Sound Effects Machine - Gifts for Boys - 16 Hilarious Sounds - Boys Prank Gifts for Kids - 6 7 8 9 10 Year Old Boy Gift - Fun Boys Toys Age 8-13 - Cool Gadgets for Teens Gift
2026-04-28 09:15:03,715 | INFO | amazon_goods_monitor | 没有优惠券
2026-04-28 09:15:03,720 | INFO | amazon_goods_monitor | -----------开始爬取商品信息-----------
2026-04-28 09:15:04,362 | INFO | amazon_goods_monitor | -----------开始爬取商品流量信息-----------
2026-04-28 09:15:05,026 | INFO | amazon_goods_monitor | ✅ 加载 8 个代理
2026-04-28 09:15:05,026 | INFO | amazon_goods_monitor | -----------开始爬取优惠券信息-----------
2026-04-28 09:15:05,026 | INFO | amazon_goods_monitor | 开始抓取: https://www.amazon.com/dp/B08GJZJYP1?th=1
2026-04-28 09:15:06,387 | INFO | amazon_goods_monitor | ✅ 已设置邮编 90002 (amazon.com)
2026-04-28 09:15:06,394 | INFO | amazon_goods_monitor | 📡 获取新代理: socks5://EJ0WX0RSVB:02954261@125.75.68.73:17894
2026-04-28 09:15:06,395 | INFO | amazon_goods_monitor | 使用代理: 125.75.68.73:17894 (尝试 1/3)
2026-04-28 09:15:06,395 | INFO | amazon_goods_monitor | ⏳ 等待 0.9 秒...
2026-04-28 09:15:07,259 | INFO | amazon_goods_monitor | 请求URL: https://www.amazon.com/dp/B08GJZJYP1?th=1
2026-04-28 09:15:10,053 | INFO | amazon_goods_monitor | ✅ 请求成功 - 状态码: 200
2026-04-28 09:15:11,080 | INFO | amazon_goods_monitor | 标题: Dinhon Kids Learning Locks with Keys Numbers Matching & Counting Montessori Educational Toys for Ages 3 4 5 Boys and Girls Preschool Games Gifts
2026-04-28 09:15:11,119 | INFO | amazon_goods_monitor | 没有优惠券
2026-04-28 09:15:11,124 | INFO | amazon_goods_monitor | -----------开始爬取商品信息-----------
2026-04-28 09:15:11,699 | INFO | amazon_goods_monitor | -----------开始爬取商品流量信息-----------
2026-04-28 09:15:12,339 | INFO | amazon_goods_monitor | ✅ 加载 8 个代理
2026-04-28 09:15:12,339 | INFO | amazon_goods_monitor | -----------开始爬取优惠券信息-----------
2026-04-28 09:15:12,339 | INFO | amazon_goods_monitor | 开始抓取: https://www.amazon.com/dp/B0FG7DTRZ3?th=1
2026-04-28 09:15:14,362 | INFO | amazon_goods_monitor | ✅ 已设置邮编 90002 (amazon.com)
2026-04-28 09:15:14,369 | INFO | amazon_goods_monitor | 📡 获取新代理: socks5://WVKYFTS670:14418351@121.14.201.248:11074
2026-04-28 09:15:14,369 | INFO | amazon_goods_monitor | 使用代理: 121.14.201.248:11074 (尝试 1/3)
2026-04-28 09:15:14,369 | INFO | amazon_goods_monitor | ⏳ 等待 0.4 秒...
2026-04-28 09:15:14,796 | INFO | amazon_goods_monitor | 请求URL: https://www.amazon.com/dp/B0FG7DTRZ3?th=1
2026-04-28 09:15:17,656 | INFO | amazon_goods_monitor | ✅ 请求成功 - 状态码: 200
2026-04-28 09:15:18,450 | INFO | amazon_goods_monitor | 没有优惠券
2026-04-28 09:15:18,454 | INFO | amazon_goods_monitor | -----------开始爬取商品信息-----------
2026-04-28 09:15:19,169 | INFO | amazon_goods_monitor | -----------开始爬取商品流量信息-----------
2026-04-28 09:15:19,867 | INFO | amazon_goods_monitor | ✅ 加载 8 个代理
2026-04-28 09:15:19,867 | INFO | amazon_goods_monitor | -----------开始爬取优惠券信息-----------
2026-04-28 09:15:19,867 | INFO | amazon_goods_monitor | 开始抓取: https://www.amazon.com/dp/B0FHWGKH8Q?psc=1
2026-04-28 09:15:21,013 | INFO | amazon_goods_monitor | ✅ 已设置邮编 90002 (amazon.com)
2026-04-28 09:15:21,024 | INFO | amazon_goods_monitor | 📡 获取新代理: socks5://XEZQOPMX7M:53843223@121.229.211.102:15252
2026-04-28 09:15:21,024 | INFO | amazon_goods_monitor | 使用代理: 121.229.211.102:15252 (尝试 1/3)
2026-04-28 09:15:21,024 | INFO | amazon_goods_monitor | ⏳ 等待 0.9 秒...
2026-04-28 09:15:21,909 | INFO | amazon_goods_monitor | 请求URL: https://www.amazon.com/dp/B0FHWGKH8Q?psc=1
2026-04-28 09:15:24,694 | INFO | amazon_goods_monitor | ✅ 请求成功 - 状态码: 200
2026-04-28 09:15:25,642 | INFO | amazon_goods_monitor | 标题: Baby DJ Set, Toddler Musical DJ Table with Lights for 6-12 Months, Preschool Infant Tummy Time Toy, Interactive Early Sensory Development Toy, 1st Christmas Birthday Gifts for Boys Girls Age 1 2 3
2026-04-28 09:15:25,682 | INFO | amazon_goods_monitor | 没有优惠券
2026-04-28 09:15:25,686 | INFO | amazon_goods_monitor | -----------开始爬取商品信息-----------
2026-04-28 09:15:26,374 | INFO | amazon_goods_monitor | -----------开始爬取商品流量信息-----------
2026-04-28 09:15:27,045 | INFO | amazon_goods_monitor | ✅ 加载 8 个代理
2026-04-28 09:15:27,046 | INFO | amazon_goods_monitor | -----------开始爬取优惠券信息-----------
2026-04-28 09:15:27,046 | INFO | amazon_goods_monitor | 开始抓取: https://www.amazon.com/dp/B07F2Q4LWT
2026-04-28 09:15:28,211 | INFO | amazon_goods_monitor | ✅ 已设置邮编 90002 (amazon.com)
2026-04-28 09:15:28,221 | INFO | amazon_goods_monitor | 📡 获取新代理: socks5://YKEW9SOB5S:32342415@218.78.129.68:15654
2026-04-28 09:15:28,221 | INFO | amazon_goods_monitor | 使用代理: 218.78.129.68:15654 (尝试 1/3)
2026-04-28 09:15:28,221 | INFO | amazon_goods_monitor | ⏳ 等待 0.3 秒...
2026-04-28 09:15:28,485 | INFO | amazon_goods_monitor | 请求URL: https://www.amazon.com/dp/B07F2Q4LWT
2026-04-28 09:15:33,245 | INFO | amazon_goods_monitor | ✅ 请求成功 - 状态码: 200
2026-04-28 09:15:34,115 | INFO | amazon_goods_monitor | 标题: Fat Brain Toys Pencil Nose, Board Games for Family Night, Party Game for Kids 8 Years and Up and Adults
2026-04-28 09:15:34,146 | INFO | amazon_goods_monitor | 没有优惠券
2026-04-28 09:15:34,150 | INFO | amazon_goods_monitor | -----------开始爬取商品信息-----------
2026-04-28 09:15:34,756 | INFO | amazon_goods_monitor | -----------开始爬取商品流量信息-----------
2026-04-28 09:15:35,497 | INFO | amazon_goods_monitor | ✅ 加载 8 个代理
2026-04-28 09:15:35,497 | INFO | amazon_goods_monitor | -----------开始爬取优惠券信息-----------
2026-04-28 09:15:35,497 | INFO | amazon_goods_monitor | 开始抓取: https://www.amazon.com/dp/B0FHW98RPS
2026-04-28 09:15:36,629 | INFO | amazon_goods_monitor | ✅ 已设置邮编 90002 (amazon.com)
2026-04-28 09:15:36,639 | INFO | amazon_goods_monitor | 📡 获取新代理: socks5://LLW0BU7VGQ:39267509@124.236.76.149:17745
2026-04-28 09:15:36,639 | INFO | amazon_goods_monitor | 使用代理: 124.236.76.149:17745 (尝试 1/3)
2026-04-28 09:15:36,639 | INFO | amazon_goods_monitor | ⏳ 等待 1.0 秒...
2026-04-28 09:15:37,638 | INFO | amazon_goods_monitor | 请求URL: https://www.amazon.com/dp/B0FHW98RPS
2026-04-28 09:15:40,792 | INFO | amazon_goods_monitor | ✅ 请求成功 - 状态码: 200
2026-04-28 09:15:41,846 | INFO | amazon_goods_monitor | 没有优惠券
2026-04-28 09:15:41,850 | INFO | amazon_goods_monitor | -----------开始爬取商品信息-----------
2026-04-28 09:15:42,522 | INFO | amazon_goods_monitor | -----------开始爬取商品流量信息-----------
2026-04-28 09:15:43,222 | INFO | amazon_goods_monitor | ✅ 加载 8 个代理
2026-04-28 09:15:43,222 | INFO | amazon_goods_monitor | -----------开始爬取优惠券信息-----------
2026-04-28 09:15:43,223 | INFO | amazon_goods_monitor | 开始抓取: https://www.amazon.com/dp/B0DVJ6TPYP?th=1
2026-04-28 09:15:44,371 | INFO | amazon_goods_monitor | ✅ 已设置邮编 90002 (amazon.com)
2026-04-28 09:15:44,381 | INFO | amazon_goods_monitor | 📡 获取新代理: socks5://WVKYFTS670:14418351@121.14.201.248:11074
2026-04-28 09:15:44,381 | INFO | amazon_goods_monitor | 使用代理: 121.14.201.248:11074 (尝试 1/3)
2026-04-28 09:15:44,381 | INFO | amazon_goods_monitor | ⏳ 等待 0.4 秒...
2026-04-28 09:15:44,826 | INFO | amazon_goods_monitor | 请求URL: https://www.amazon.com/dp/B0DVJ6TPYP?th=1
2026-04-28 09:15:47,892 | INFO | amazon_goods_monitor | ✅ 请求成功 - 状态码: 200
2026-04-28 09:15:48,983 | INFO | amazon_goods_monitor | 标题: Jelly Blox Construction Site Set | Includes 75 Pieces | Toddler & Preschool Building Blocks Kids Can Squeeze, Stretch, Squish | MESH ACCREDITED | Safety Tested & Ouch-Free | Sensory Play Toy Ages 2+
2026-04-28 09:15:49,025 | INFO | amazon_goods_monitor | 没有优惠券
2026-04-28 09:15:49,029 | INFO | amazon_goods_monitor | -----------开始爬取商品信息-----------
2026-04-28 09:15:49,765 | INFO | amazon_goods_monitor | -----------开始爬取商品流量信息-----------
2026-04-28 09:15:50,707 | INFO | amazon_goods_monitor | ✅ 加载 8 个代理
2026-04-28 09:15:50,708 | INFO | amazon_goods_monitor | -----------开始爬取优惠券信息-----------
2026-04-28 09:15:50,708 | INFO | amazon_goods_monitor | 开始抓取: https://www.amazon.com/dp/B0DVHWNG4X?th=1
2026-04-28 09:15:52,242 | INFO | amazon_goods_monitor | ✅ 已设置邮编 90002 (amazon.com)
2026-04-28 09:15:52,250 | INFO | amazon_goods_monitor | 📡 获取新代理: socks5://YKEW9SOB5S:32342415@218.78.129.68:15654
2026-04-28 09:15:52,250 | INFO | amazon_goods_monitor | 使用代理: 218.78.129.68:15654 (尝试 1/3)
2026-04-28 09:15:52,250 | INFO | amazon_goods_monitor | ⏳ 等待 0.5 秒...
2026-04-28 09:15:52,708 | INFO | amazon_goods_monitor | 请求URL: https://www.amazon.com/dp/B0DVHWNG4X?th=1
2026-04-28 09:15:56,124 | INFO | amazon_goods_monitor | ✅ 请求成功 - 状态码: 200
2026-04-28 09:15:57,006 | INFO | amazon_goods_monitor | 标题: Jelly Blox Construction Dump Truck Set | 30 Pieces | Toddler & Preschool Building Blocks Kids Can Squeeze, Stretch, Squish | MESH ACCREDITED | Safety Tested & Ouch-Free | Sensory Play Toy Ages 2+
2026-04-28 09:15:57,034 | INFO | amazon_goods_monitor | 没有优惠券
2026-04-28 09:15:57,038 | INFO | amazon_goods_monitor | -----------开始爬取商品信息-----------
2026-04-28 09:15:57,634 | INFO | amazon_goods_monitor | -----------开始爬取商品流量信息-----------
2026-04-28 09:15:58,398 | INFO | amazon_goods_monitor | ✅ 加载 8 个代理
2026-04-28 09:15:58,398 | INFO | amazon_goods_monitor | -----------开始爬取优惠券信息-----------
2026-04-28 09:15:58,398 | INFO | amazon_goods_monitor | 开始抓取: https://www.amazon.com/dp/B0FY29VKCK?th=1
2026-04-28 09:15:59,514 | INFO | amazon_goods_monitor | ✅ 已设置邮编 90002 (amazon.com)
2026-04-28 09:15:59,522 | INFO | amazon_goods_monitor | 📡 获取新代理: socks5://AIHARVNXPM:57446815@124.225.4.69:12533
2026-04-28 09:15:59,522 | INFO | amazon_goods_monitor | 使用代理: 124.225.4.69:12533 (尝试 1/3)
2026-04-28 09:15:59,522 | INFO | amazon_goods_monitor | ⏳ 等待 0.9 秒...
2026-04-28 09:16:00,453 | INFO | amazon_goods_monitor | 请求URL: https://www.amazon.com/dp/B0FY29VKCK?th=1
2026-04-28 09:16:03,156 | INFO | amazon_goods_monitor | ✅ 请求成功 - 状态码: 200
2026-04-28 09:16:04,806 | INFO | amazon_goods_monitor | 没有优惠券
2026-04-28 09:16:14,459 | INFO | amazon_goods_monitor | 今日无价格变化
2026-04-28 09:16:14,462 | INFO | amazon_goods_monitor | 准备上传 111 条记录...
2026-04-28 09:16:20,627 | INFO | amazon_goods_monitor | 
上传统计:
2026-04-28 09:16:20,628 | INFO | amazon_goods_monitor | 总记录数: 111
2026-04-28 09:16:20,629 | INFO | amazon_goods_monitor | 成功数量: 111
2026-04-28 09:16:20,629 | INFO | amazon_goods_monitor | 失败数量: 0
2026-04-28 09:16:20,630 | INFO | amazon_goods_monitor | 成功批次: 3
2026-04-28 09:16:20,630 | INFO | amazon_goods_monitor | 失败批次: 0
2026-04-28 09:16:20,631 | INFO | amazon_goods_monitor | 🎯 全流程完成，总耗时：12分57秒
