2026-04-10 18:11:47,372 | INFO | auto_listing | ✅ 数据库连接池初始化成功
2026-04-10 18:11:47,376 | INFO | auto_listing | ✅ 数据库表初始化成功
2026-04-10 18:11:58,273 | INFO | auto_listing | 开始处理 30 个商品的采集任务
2026-04-10 18:11:58,273 | INFO | auto_listing | 进度: 1/30 - 正在处理商品: 606539792401682
2026-04-10 18:11:59,792 | INFO | auto_listing | 点击了同意按钮 - 606539792401682
2026-04-10 18:12:01,217 | INFO | auto_listing | 已点击打开采集箱，等待新页面打开 - 606539792401682
2026-04-10 18:12:01,269 | INFO | auto_listing | 新页面（采集箱）已打开 - 606539792401682
2026-04-10 18:12:06,022 | INFO | auto_listing | 检测到"已提交采集任务"，关闭采集箱页面 - 606539792401682
2026-04-10 18:12:06,051 | INFO | auto_listing | 采集箱新页面已自动关闭 - 606539792401682
2026-04-10 18:12:06,057 | INFO | auto_listing | ✅ 上架成功: 606539792401682
2026-04-10 18:12:07,069 | INFO | auto_listing | 进度: 2/30 - 正在处理商品: 601099517614977
2026-04-10 18:12:08,579 | INFO | auto_listing | 同意按钮不存在或不可见，跳过点击 - 601099517614977
2026-04-10 18:12:09,479 | INFO | auto_listing | 已点击打开采集箱，等待新页面打开 - 601099517614977
2026-04-10 18:12:09,564 | INFO | auto_listing | 新页面（采集箱）已打开 - 601099517614977
2026-04-10 18:12:13,280 | INFO | auto_listing | 检测到"已提交采集任务"，关闭采集箱页面 - 601099517614977
2026-04-10 18:12:13,311 | INFO | auto_listing | 采集箱新页面已自动关闭 - 601099517614977
2026-04-10 18:12:13,319 | INFO | auto_listing | ✅ 上架成功: 601099517614977
2026-04-10 18:12:14,326 | INFO | auto_listing | 进度: 3/30 - 正在处理商品: 601099625231801
2026-04-10 18:12:15,831 | INFO | auto_listing | 同意按钮不存在或不可见，跳过点击 - 601099625231801
2026-04-10 18:12:16,462 | INFO | auto_listing | 已点击打开采集箱，等待新页面打开 - 601099625231801
2026-04-10 18:12:16,512 | INFO | auto_listing | 新页面（采集箱）已打开 - 601099625231801
2026-04-10 18:12:26,519 | WARNING | auto_listing | 等待采集任务提交超时 - 601099625231801
2026-04-10 18:12:26,554 | INFO | auto_listing | 采集箱新页面已关闭（超时后） - 601099625231801
2026-04-10 18:12:26,554 | WARNING | auto_listing | ⚠️ 商品 601099625231801 采集失败，第 1/3 次重试，等待 2 秒 - 错误: 等待采集任务提交超时: Page.wait_for_selector: Timeout 10000ms exceeded.
Call log:
  - waiting for locator("tex
2026-04-10 18:12:32,183 | INFO | auto_listing | 同意按钮不存在或不可见，跳过点击 - 601099625231801
2026-04-10 18:12:32,801 | INFO | auto_listing | 已点击打开采集箱，等待新页面打开 - 601099625231801
2026-04-10 18:12:32,836 | INFO | auto_listing | 新页面（采集箱）已打开 - 601099625231801
2026-04-10 18:12:42,853 | WARNING | auto_listing | 等待采集任务提交超时 - 601099625231801
2026-04-10 18:12:42,879 | INFO | auto_listing | 采集箱新页面已关闭（超时后） - 601099625231801
2026-04-10 18:12:42,879 | WARNING | auto_listing | ⚠️ 商品 601099625231801 采集失败，第 2/3 次重试，等待 4 秒 - 错误: 等待采集任务提交超时: Page.wait_for_selector: Timeout 10000ms exceeded.
Call log:
  - waiting for locator("tex
2026-04-10 18:12:50,455 | INFO | auto_listing | 同意按钮不存在或不可见，跳过点击 - 601099625231801
2026-04-10 18:12:51,058 | INFO | auto_listing | 已点击打开采集箱，等待新页面打开 - 601099625231801
2026-04-10 18:12:51,110 | INFO | auto_listing | 新页面（采集箱）已打开 - 601099625231801
2026-04-10 18:13:01,125 | WARNING | auto_listing | 等待采集任务提交超时 - 601099625231801
2026-04-10 18:13:01,155 | INFO | auto_listing | 采集箱新页面已关闭（超时后） - 601099625231801
2026-04-10 18:13:01,155 | ERROR | auto_listing | ❌ 商品 601099625231801 采集失败，已重试 3 次 - 错误: 等待采集任务提交超时: Page.wait_for_selector: Timeout 10000ms exceeded.
Call log:
  - waiting for locator("text=已提交采集任务") to be visible

2026-04-10 18:13:02,158 | INFO | auto_listing | 进度: 4/30 - 正在处理商品: 601099630769324
2026-04-10 18:13:03,613 | INFO | auto_listing | 同意按钮不存在或不可见，跳过点击 - 601099630769324
2026-04-10 18:13:04,249 | INFO | auto_listing | 已点击打开采集箱，等待新页面打开 - 601099630769324
2026-04-10 18:13:04,287 | INFO | auto_listing | 新页面（采集箱）已打开 - 601099630769324
2026-04-10 18:13:14,303 | WARNING | auto_listing | 等待采集任务提交超时 - 601099630769324
2026-04-10 18:13:14,324 | INFO | auto_listing | 采集箱新页面已关闭（超时后） - 601099630769324
2026-04-10 18:13:14,324 | WARNING | auto_listing | ⚠️ 商品 601099630769324 采集失败，第 1/3 次重试，等待 2 秒 - 错误: 等待采集任务提交超时: Page.wait_for_selector: Timeout 10000ms exceeded.
Call log:
  - waiting for locator("tex
2026-04-10 18:13:19,928 | INFO | auto_listing | 同意按钮不存在或不可见，跳过点击 - 601099630769324
2026-04-10 18:13:20,570 | INFO | auto_listing | 已点击打开采集箱，等待新页面打开 - 601099630769324
2026-04-10 18:13:20,630 | INFO | auto_listing | 新页面（采集箱）已打开 - 601099630769324
2026-04-10 18:13:30,645 | WARNING | auto_listing | 等待采集任务提交超时 - 601099630769324
2026-04-10 18:13:30,674 | INFO | auto_listing | 采集箱新页面已关闭（超时后） - 601099630769324
2026-04-10 18:13:30,674 | WARNING | auto_listing | ⚠️ 商品 601099630769324 采集失败，第 2/3 次重试，等待 4 秒 - 错误: 等待采集任务提交超时: Page.wait_for_selector: Timeout 10000ms exceeded.
Call log:
  - waiting for locator("tex
2026-04-10 18:13:39,013 | INFO | auto_listing | 同意按钮不存在或不可见，跳过点击 - 601099630769324
2026-04-10 18:13:39,622 | INFO | auto_listing | 已点击打开采集箱，等待新页面打开 - 601099630769324
2026-04-10 18:13:39,662 | INFO | auto_listing | 新页面（采集箱）已打开 - 601099630769324
2026-04-10 18:13:49,676 | WARNING | auto_listing | 等待采集任务提交超时 - 601099630769324
2026-04-10 18:13:49,707 | INFO | auto_listing | 采集箱新页面已关闭（超时后） - 601099630769324
2026-04-10 18:13:49,707 | ERROR | auto_listing | ❌ 商品 601099630769324 采集失败，已重试 3 次 - 错误: 等待采集任务提交超时: Page.wait_for_selector: Timeout 10000ms exceeded.
Call log:
  - waiting for locator("text=已提交采集任务") to be visible

2026-04-10 18:13:50,721 | INFO | auto_listing | 进度: 5/30 - 正在处理商品: 601099633392321
2026-04-10 18:13:54,338 | INFO | auto_listing | 同意按钮不存在或不可见，跳过点击 - 601099633392321
2026-04-10 18:13:56,425 | INFO | auto_listing | 已点击打开采集箱，等待新页面打开 - 601099633392321
2026-04-10 18:13:56,479 | INFO | auto_listing | 新页面（采集箱）已打开 - 601099633392321
2026-04-10 18:14:06,494 | WARNING | auto_listing | 等待采集任务提交超时 - 601099633392321
2026-04-10 18:14:06,515 | INFO | auto_listing | 采集箱新页面已关闭（超时后） - 601099633392321
2026-04-10 18:14:06,515 | WARNING | auto_listing | ⚠️ 商品 601099633392321 采集失败，第 1/3 次重试，等待 2 秒 - 错误: 等待采集任务提交超时: Page.wait_for_selector: Timeout 10000ms exceeded.
Call log:
  - waiting for locator("tex
2026-04-10 18:14:12,095 | INFO | auto_listing | 同意按钮不存在或不可见，跳过点击 - 601099633392321
2026-04-10 18:14:12,603 | INFO | auto_listing | 已点击打开采集箱，等待新页面打开 - 601099633392321
2026-04-10 18:14:12,656 | INFO | auto_listing | 新页面（采集箱）已打开 - 601099633392321
2026-04-10 18:14:22,661 | WARNING | auto_listing | 等待采集任务提交超时 - 601099633392321
2026-04-10 18:14:22,687 | INFO | auto_listing | 采集箱新页面已关闭（超时后） - 601099633392321
2026-04-10 18:14:22,687 | WARNING | auto_listing | ⚠️ 商品 601099633392321 采集失败，第 2/3 次重试，等待 4 秒 - 错误: 等待采集任务提交超时: Page.wait_for_selector: Timeout 10000ms exceeded.
Call log:
  - waiting for locator("tex
2026-04-10 18:14:30,278 | INFO | auto_listing | 同意按钮不存在或不可见，跳过点击 - 601099633392321
2026-04-10 18:14:30,892 | INFO | auto_listing | 已点击打开采集箱，等待新页面打开 - 601099633392321
2026-04-10 18:14:30,941 | INFO | auto_listing | 新页面（采集箱）已打开 - 601099633392321
2026-04-10 18:14:40,945 | WARNING | auto_listing | 等待采集任务提交超时 - 601099633392321
2026-04-10 18:14:40,975 | INFO | auto_listing | 采集箱新页面已关闭（超时后） - 601099633392321
2026-04-10 18:14:40,975 | ERROR | auto_listing | ❌ 商品 601099633392321 采集失败，已重试 3 次 - 错误: 等待采集任务提交超时: Page.wait_for_selector: Timeout 10000ms exceeded.
Call log:
  - waiting for locator("text=已提交采集任务") to be visible

2026-04-10 18:14:41,988 | INFO | auto_listing | 进度: 6/30 - 正在处理商品: 601099636321489
2026-04-10 18:14:43,414 | INFO | auto_listing | 同意按钮不存在或不可见，跳过点击 - 601099636321489
2026-04-10 18:14:44,046 | INFO | auto_listing | 已点击打开采集箱，等待新页面打开 - 601099636321489
2026-04-10 18:14:44,096 | INFO | auto_listing | 新页面（采集箱）已打开 - 601099636321489
2026-04-10 18:14:54,102 | WARNING | auto_listing | 等待采集任务提交超时 - 601099636321489
2026-04-10 18:14:54,127 | INFO | auto_listing | 采集箱新页面已关闭（超时后） - 601099636321489
2026-04-10 18:14:54,127 | WARNING | auto_listing | ⚠️ 商品 601099636321489 采集失败，第 1/3 次重试，等待 2 秒 - 错误: 等待采集任务提交超时: Page.wait_for_selector: Timeout 10000ms exceeded.
Call log:
  - waiting for locator("tex
2026-04-10 18:15:00,810 | INFO | auto_listing | 同意按钮不存在或不可见，跳过点击 - 601099636321489
2026-04-10 18:15:01,403 | INFO | auto_listing | 已点击打开采集箱，等待新页面打开 - 601099636321489
2026-04-10 18:15:01,456 | INFO | auto_listing | 新页面（采集箱）已打开 - 601099636321489
2026-04-10 18:15:11,472 | WARNING | auto_listing | 等待采集任务提交超时 - 601099636321489
2026-04-10 18:15:11,497 | INFO | auto_listing | 采集箱新页面已关闭（超时后） - 601099636321489
2026-04-10 18:15:11,497 | WARNING | auto_listing | ⚠️ 商品 601099636321489 采集失败，第 2/3 次重试，等待 4 秒 - 错误: 等待采集任务提交超时: Page.wait_for_selector: Timeout 10000ms exceeded.
Call log:
  - waiting for locator("tex
2026-04-10 18:15:19,211 | INFO | auto_listing | 同意按钮不存在或不可见，跳过点击 - 601099636321489
2026-04-10 18:15:19,717 | INFO | auto_listing | 已点击打开采集箱，等待新页面打开 - 601099636321489
2026-04-10 18:15:19,756 | INFO | auto_listing | 新页面（采集箱）已打开 - 601099636321489
2026-04-10 18:15:29,761 | WARNING | auto_listing | 等待采集任务提交超时 - 601099636321489
2026-04-10 18:15:29,787 | INFO | auto_listing | 采集箱新页面已关闭（超时后） - 601099636321489
2026-04-10 18:15:29,787 | ERROR | auto_listing | ❌ 商品 601099636321489 采集失败，已重试 3 次 - 错误: 等待采集任务提交超时: Page.wait_for_selector: Timeout 10000ms exceeded.
Call log:
  - waiting for locator("text=已提交采集任务") to be visible

2026-04-10 18:15:30,794 | INFO | auto_listing | 进度: 7/30 - 正在处理商品: 601099642934875
2026-04-10 18:15:32,381 | INFO | auto_listing | 同意按钮不存在或不可见，跳过点击 - 601099642934875
2026-04-10 18:15:33,303 | INFO | auto_listing | 已点击打开采集箱，等待新页面打开 - 601099642934875
2026-04-10 18:15:33,362 | INFO | auto_listing | 新页面（采集箱）已打开 - 601099642934875
2026-04-10 18:15:37,504 | INFO | auto_listing | 检测到"已提交采集任务"，关闭采集箱页面 - 601099642934875
2026-04-10 18:15:37,528 | INFO | auto_listing | 采集箱新页面已自动关闭 - 601099642934875
2026-04-10 18:15:37,536 | INFO | auto_listing | ✅ 上架成功: 601099642934875
2026-04-10 18:15:38,541 | INFO | auto_listing | 进度: 8/30 - 正在处理商品: 601099644495919
2026-04-10 18:15:39,965 | INFO | auto_listing | 同意按钮不存在或不可见，跳过点击 - 601099644495919
2026-04-10 18:15:40,876 | INFO | auto_listing | 已点击打开采集箱，等待新页面打开 - 601099644495919
2026-04-10 18:15:40,909 | INFO | auto_listing | 新页面（采集箱）已打开 - 601099644495919
2026-04-10 18:15:44,613 | INFO | auto_listing | 检测到"已提交采集任务"，关闭采集箱页面 - 601099644495919
2026-04-10 18:15:44,641 | INFO | auto_listing | 采集箱新页面已自动关闭 - 601099644495919
2026-04-10 18:15:44,647 | INFO | auto_listing | ✅ 上架成功: 601099644495919
2026-04-10 18:15:45,653 | INFO | auto_listing | 进度: 9/30 - 正在处理商品: 601099692504373
2026-04-10 18:15:47,115 | INFO | auto_listing | 同意按钮不存在或不可见，跳过点击 - 601099692504373
2026-04-10 18:15:48,033 | INFO | auto_listing | 已点击打开采集箱，等待新页面打开 - 601099692504373
2026-04-10 18:15:48,078 | INFO | auto_listing | 新页面（采集箱）已打开 - 601099692504373
2026-04-10 18:15:51,689 | INFO | auto_listing | 检测到"已提交采集任务"，关闭采集箱页面 - 601099692504373
2026-04-10 18:15:51,722 | INFO | auto_listing | 采集箱新页面已自动关闭 - 601099692504373
2026-04-10 18:15:51,729 | INFO | auto_listing | ✅ 上架成功: 601099692504373
2026-04-10 18:15:52,732 | INFO | auto_listing | 进度: 10/30 - 正在处理商品: 601099736507455
2026-04-10 18:15:54,143 | INFO | auto_listing | 同意按钮不存在或不可见，跳过点击 - 601099736507455
2026-04-10 18:15:55,059 | INFO | auto_listing | 已点击打开采集箱，等待新页面打开 - 601099736507455
2026-04-10 18:15:55,105 | INFO | auto_listing | 新页面（采集箱）已打开 - 601099736507455
2026-04-10 18:15:58,706 | INFO | auto_listing | 检测到"已提交采集任务"，关闭采集箱页面 - 601099736507455
2026-04-10 18:15:58,732 | INFO | auto_listing | 采集箱新页面已自动关闭 - 601099736507455
2026-04-10 18:15:58,737 | INFO | auto_listing | ✅ 上架成功: 601099736507455
2026-04-10 18:15:59,749 | INFO | auto_listing | 进度: 11/30 - 正在处理商品: 601099745943708
2026-04-10 18:16:01,145 | INFO | auto_listing | 同意按钮不存在或不可见，跳过点击 - 601099745943708
2026-04-10 18:16:02,066 | INFO | auto_listing | 已点击打开采集箱，等待新页面打开 - 601099745943708
2026-04-10 18:16:02,111 | INFO | auto_listing | 新页面（采集箱）已打开 - 601099745943708
2026-04-10 18:16:05,719 | INFO | auto_listing | 检测到"已提交采集任务"，关闭采集箱页面 - 601099745943708
2026-04-10 18:16:05,753 | INFO | auto_listing | 采集箱新页面已自动关闭 - 601099745943708
2026-04-10 18:16:05,758 | INFO | auto_listing | ✅ 上架成功: 601099745943708
2026-04-10 18:16:06,761 | INFO | auto_listing | 进度: 12/30 - 正在处理商品: 601099756888552
2026-04-10 18:16:08,180 | INFO | auto_listing | 同意按钮不存在或不可见，跳过点击 - 601099756888552
2026-04-10 18:16:09,089 | INFO | auto_listing | 已点击打开采集箱，等待新页面打开 - 601099756888552
2026-04-10 18:16:09,126 | INFO | auto_listing | 新页面（采集箱）已打开 - 601099756888552
2026-04-10 18:16:12,714 | INFO | auto_listing | 检测到"已提交采集任务"，关闭采集箱页面 - 601099756888552
2026-04-10 18:16:12,743 | INFO | auto_listing | 采集箱新页面已自动关闭 - 601099756888552
2026-04-10 18:16:12,749 | INFO | auto_listing | ✅ 上架成功: 601099756888552
2026-04-10 18:16:13,752 | INFO | auto_listing | 进度: 13/30 - 正在处理商品: 601099801015629
2026-04-10 18:16:15,128 | INFO | auto_listing | 同意按钮不存在或不可见，跳过点击 - 601099801015629
2026-04-10 18:16:16,032 | INFO | auto_listing | 已点击打开采集箱，等待新页面打开 - 601099801015629
2026-04-10 18:16:16,066 | INFO | auto_listing | 新页面（采集箱）已打开 - 601099801015629
2026-04-10 18:16:19,641 | INFO | auto_listing | 检测到"已提交采集任务"，关闭采集箱页面 - 601099801015629
2026-04-10 18:16:19,665 | INFO | auto_listing | 采集箱新页面已自动关闭 - 601099801015629
2026-04-10 18:16:19,670 | INFO | auto_listing | ✅ 上架成功: 601099801015629
2026-04-10 18:16:20,680 | INFO | auto_listing | 进度: 14/30 - 正在处理商品: 601099808023150
2026-04-10 18:16:22,047 | INFO | auto_listing | 同意按钮不存在或不可见，跳过点击 - 601099808023150
2026-04-10 18:16:22,962 | INFO | auto_listing | 已点击打开采集箱，等待新页面打开 - 601099808023150
2026-04-10 18:16:23,005 | INFO | auto_listing | 新页面（采集箱）已打开 - 601099808023150
2026-04-10 18:16:26,693 | INFO | auto_listing | 检测到"已提交采集任务"，关闭采集箱页面 - 601099808023150
2026-04-10 18:16:26,720 | INFO | auto_listing | 采集箱新页面已自动关闭 - 601099808023150
2026-04-10 18:16:26,725 | INFO | auto_listing | ✅ 上架成功: 601099808023150
2026-04-10 18:16:27,730 | INFO | auto_listing | 进度: 15/30 - 正在处理商品: 601099981142275
2026-04-10 18:16:32,011 | INFO | auto_listing | 同意按钮不存在或不可见，跳过点击 - 601099981142275
2026-04-10 18:16:32,924 | INFO | auto_listing | 已点击打开采集箱，等待新页面打开 - 601099981142275
2026-04-10 18:16:32,959 | INFO | auto_listing | 新页面（采集箱）已打开 - 601099981142275
2026-04-10 18:16:36,571 | INFO | auto_listing | 检测到"已提交采集任务"，关闭采集箱页面 - 601099981142275
2026-04-10 18:16:36,598 | INFO | auto_listing | 采集箱新页面已自动关闭 - 601099981142275
2026-04-10 18:16:36,602 | INFO | auto_listing | ✅ 上架成功: 601099981142275
2026-04-10 18:16:37,611 | INFO | auto_listing | 进度: 16/30 - 正在处理商品: 601099981343579
2026-04-10 18:16:39,095 | INFO | auto_listing | 同意按钮不存在或不可见，跳过点击 - 601099981343579
2026-04-10 18:16:39,735 | INFO | auto_listing | 已点击打开采集箱，等待新页面打开 - 601099981343579
2026-04-10 18:16:39,772 | INFO | auto_listing | 新页面（采集箱）已打开 - 601099981343579
2026-04-10 18:16:49,790 | WARNING | auto_listing | 等待采集任务提交超时 - 601099981343579
2026-04-10 18:16:49,816 | INFO | auto_listing | 采集箱新页面已关闭（超时后） - 601099981343579
2026-04-10 18:16:49,816 | WARNING | auto_listing | ⚠️ 商品 601099981343579 采集失败，第 1/3 次重试，等待 2 秒 - 错误: 等待采集任务提交超时: Page.wait_for_selector: Timeout 10000ms exceeded.
Call log:
  - waiting for locator("tex
2026-04-10 18:16:55,427 | INFO | auto_listing | 同意按钮不存在或不可见，跳过点击 - 601099981343579
2026-04-10 18:16:56,346 | INFO | auto_listing | 已点击打开采集箱，等待新页面打开 - 601099981343579
2026-04-10 18:16:56,391 | INFO | auto_listing | 新页面（采集箱）已打开 - 601099981343579
2026-04-10 18:17:06,397 | WARNING | auto_listing | 等待采集任务提交超时 - 601099981343579
2026-04-10 18:17:06,423 | INFO | auto_listing | 采集箱新页面已关闭（超时后） - 601099981343579
2026-04-10 18:17:06,423 | WARNING | auto_listing | ⚠️ 商品 601099981343579 采集失败，第 2/3 次重试，等待 4 秒 - 错误: 等待采集任务提交超时: Page.wait_for_selector: Timeout 10000ms exceeded.
Call log:
  - waiting for locator("tex
2026-04-10 18:17:14,032 | INFO | auto_listing | 同意按钮不存在或不可见，跳过点击 - 601099981343579
2026-04-10 18:17:14,640 | INFO | auto_listing | 已点击打开采集箱，等待新页面打开 - 601099981343579
2026-04-10 18:17:14,697 | INFO | auto_listing | 新页面（采集箱）已打开 - 601099981343579
2026-04-10 18:17:24,713 | WARNING | auto_listing | 等待采集任务提交超时 - 601099981343579
2026-04-10 18:17:24,740 | INFO | auto_listing | 采集箱新页面已关闭（超时后） - 601099981343579
2026-04-10 18:17:24,740 | ERROR | auto_listing | ❌ 商品 601099981343579 采集失败，已重试 3 次 - 错误: 等待采集任务提交超时: Page.wait_for_selector: Timeout 10000ms exceeded.
Call log:
  - waiting for locator("text=已提交采集任务") to be visible

2026-04-10 18:17:25,744 | INFO | auto_listing | 进度: 17/30 - 正在处理商品: 601100040769753
2026-04-10 18:17:27,265 | INFO | auto_listing | 同意按钮不存在或不可见，跳过点击 - 601100040769753
2026-04-10 18:17:28,159 | INFO | auto_listing | 已点击打开采集箱，等待新页面打开 - 601100040769753
2026-04-10 18:17:28,217 | INFO | auto_listing | 新页面（采集箱）已打开 - 601100040769753
2026-04-10 18:17:31,867 | INFO | auto_listing | 检测到"已提交采集任务"，关闭采集箱页面 - 601100040769753
2026-04-10 18:17:31,894 | INFO | auto_listing | 采集箱新页面已自动关闭 - 601100040769753
2026-04-10 18:17:31,900 | INFO | auto_listing | ✅ 上架成功: 601100040769753
2026-04-10 18:17:32,905 | INFO | auto_listing | 进度: 18/30 - 正在处理商品: 601100043464824
2026-04-10 18:17:34,278 | INFO | auto_listing | 同意按钮不存在或不可见，跳过点击 - 601100043464824
2026-04-10 18:17:35,158 | INFO | auto_listing | 已点击打开采集箱，等待新页面打开 - 601100043464824
2026-04-10 18:17:35,206 | INFO | auto_listing | 新页面（采集箱）已打开 - 601100043464824
2026-04-10 18:17:38,857 | INFO | auto_listing | 检测到"已提交采集任务"，关闭采集箱页面 - 601100043464824
2026-04-10 18:17:38,887 | INFO | auto_listing | 采集箱新页面已自动关闭 - 601100043464824
2026-04-10 18:17:38,893 | INFO | auto_listing | ✅ 上架成功: 601100043464824
2026-04-10 18:17:39,895 | INFO | auto_listing | 进度: 19/30 - 正在处理商品: 601100043643432
2026-04-10 18:17:42,110 | INFO | auto_listing | 同意按钮不存在或不可见，跳过点击 - 601100043643432
2026-04-10 18:17:43,009 | INFO | auto_listing | 已点击打开采集箱，等待新页面打开 - 601100043643432
2026-04-10 18:17:43,052 | INFO | auto_listing | 新页面（采集箱）已打开 - 601100043643432
2026-04-10 18:17:46,968 | INFO | auto_listing | 检测到"已提交采集任务"，关闭采集箱页面 - 601100043643432
2026-04-10 18:17:47,001 | INFO | auto_listing | 采集箱新页面已自动关闭 - 601100043643432
2026-04-10 18:17:47,006 | INFO | auto_listing | ✅ 上架成功: 601100043643432
2026-04-10 18:17:48,020 | INFO | auto_listing | 进度: 20/30 - 正在处理商品: 601100070178755
2026-04-10 18:17:49,579 | INFO | auto_listing | 同意按钮不存在或不可见，跳过点击 - 601100070178755
2026-04-10 18:17:50,480 | INFO | auto_listing | 已点击打开采集箱，等待新页面打开 - 601100070178755
2026-04-10 18:17:50,523 | INFO | auto_listing | 新页面（采集箱）已打开 - 601100070178755
2026-04-10 18:17:54,177 | INFO | auto_listing | 检测到"已提交采集任务"，关闭采集箱页面 - 601100070178755
2026-04-10 18:17:54,208 | INFO | auto_listing | 采集箱新页面已自动关闭 - 601100070178755
2026-04-10 18:17:54,259 | INFO | auto_listing | ✅ 上架成功: 601100070178755
2026-04-10 18:17:55,261 | INFO | auto_listing | 进度: 21/30 - 正在处理商品: 601100124726825
2026-04-10 18:17:57,078 | INFO | auto_listing | 同意按钮不存在或不可见，跳过点击 - 601100124726825
2026-04-10 18:17:57,677 | INFO | auto_listing | 已点击打开采集箱，等待新页面打开 - 601100124726825
2026-04-10 18:17:57,718 | INFO | auto_listing | 新页面（采集箱）已打开 - 601100124726825
2026-04-10 18:18:07,733 | WARNING | auto_listing | 等待采集任务提交超时 - 601100124726825
2026-04-10 18:18:07,756 | INFO | auto_listing | 采集箱新页面已关闭（超时后） - 601100124726825
2026-04-10 18:18:07,756 | WARNING | auto_listing | ⚠️ 商品 601100124726825 采集失败，第 1/3 次重试，等待 2 秒 - 错误: 等待采集任务提交超时: Page.wait_for_selector: Timeout 10000ms exceeded.
Call log:
  - waiting for locator("tex
2026-04-10 18:18:13,429 | INFO | auto_listing | 同意按钮不存在或不可见，跳过点击 - 601100124726825
2026-04-10 18:18:14,024 | INFO | auto_listing | 已点击打开采集箱，等待新页面打开 - 601100124726825
2026-04-10 18:18:14,071 | INFO | auto_listing | 新页面（采集箱）已打开 - 601100124726825
2026-04-10 18:18:24,088 | WARNING | auto_listing | 等待采集任务提交超时 - 601100124726825
2026-04-10 18:18:24,110 | INFO | auto_listing | 采集箱新页面已关闭（超时后） - 601100124726825
2026-04-10 18:18:24,111 | WARNING | auto_listing | ⚠️ 商品 601100124726825 采集失败，第 2/3 次重试，等待 4 秒 - 错误: 等待采集任务提交超时: Page.wait_for_selector: Timeout 10000ms exceeded.
Call log:
  - waiting for locator("tex
2026-04-10 18:18:32,237 | INFO | auto_listing | 同意按钮不存在或不可见，跳过点击 - 601100124726825
2026-04-10 18:18:32,720 | INFO | auto_listing | 已点击打开采集箱，等待新页面打开 - 601100124726825
2026-04-10 18:18:32,774 | INFO | auto_listing | 新页面（采集箱）已打开 - 601100124726825
2026-04-10 18:18:42,785 | WARNING | auto_listing | 等待采集任务提交超时 - 601100124726825
2026-04-10 18:18:42,807 | INFO | auto_listing | 采集箱新页面已关闭（超时后） - 601100124726825
2026-04-10 18:18:42,807 | ERROR | auto_listing | ❌ 商品 601100124726825 采集失败，已重试 3 次 - 错误: 等待采集任务提交超时: Page.wait_for_selector: Timeout 10000ms exceeded.
Call log:
  - waiting for locator("text=已提交采集任务") to be visible

2026-04-10 18:18:43,818 | INFO | auto_listing | 进度: 22/30 - 正在处理商品: 601100159283892
2026-04-10 18:18:45,245 | INFO | auto_listing | 同意按钮不存在或不可见，跳过点击 - 601100159283892
2026-04-10 18:18:48,218 | INFO | auto_listing | 已点击打开采集箱，等待新页面打开 - 601100159283892
2026-04-10 18:18:49,288 | INFO | auto_listing | 新页面（采集箱）已打开 - 601100159283892
2026-04-10 18:18:57,212 | INFO | auto_listing | 检测到"已提交采集任务"，关闭采集箱页面 - 601100159283892
2026-04-10 18:18:57,237 | INFO | auto_listing | 采集箱新页面已自动关闭 - 601100159283892
2026-04-10 18:18:57,243 | INFO | auto_listing | ✅ 上架成功: 601100159283892
2026-04-10 18:18:58,249 | INFO | auto_listing | 进度: 23/30 - 正在处理商品: 601100431292772
2026-04-10 18:18:59,711 | INFO | auto_listing | 同意按钮不存在或不可见，跳过点击 - 601100431292772
2026-04-10 18:19:00,626 | INFO | auto_listing | 已点击打开采集箱，等待新页面打开 - 601100431292772
2026-04-10 18:19:00,663 | INFO | auto_listing | 新页面（采集箱）已打开 - 601100431292772
2026-04-10 18:19:04,233 | INFO | auto_listing | 检测到"已提交采集任务"，关闭采集箱页面 - 601100431292772
2026-04-10 18:19:04,259 | INFO | auto_listing | 采集箱新页面已自动关闭 - 601100431292772
2026-04-10 18:19:04,266 | INFO | auto_listing | ✅ 上架成功: 601100431292772
2026-04-10 18:19:05,271 | INFO | auto_listing | 进度: 24/30 - 正在处理商品: 601100588433619
2026-04-10 18:19:08,146 | INFO | auto_listing | 同意按钮不存在或不可见，跳过点击 - 601100588433619
2026-04-10 18:19:09,048 | INFO | auto_listing | 已点击打开采集箱，等待新页面打开 - 601100588433619
2026-04-10 18:19:09,090 | INFO | auto_listing | 新页面（采集箱）已打开 - 601100588433619
2026-04-10 18:19:12,719 | INFO | auto_listing | 检测到"已提交采集任务"，关闭采集箱页面 - 601100588433619
2026-04-10 18:19:12,751 | INFO | auto_listing | 采集箱新页面已自动关闭 - 601100588433619
2026-04-10 18:19:12,802 | INFO | auto_listing | ✅ 上架成功: 601100588433619
2026-04-10 18:19:13,809 | INFO | auto_listing | 进度: 25/30 - 正在处理商品: 601100847189754
2026-04-10 18:19:15,229 | INFO | auto_listing | 同意按钮不存在或不可见，跳过点击 - 601100847189754
2026-04-10 18:19:16,126 | INFO | auto_listing | 已点击打开采集箱，等待新页面打开 - 601100847189754
2026-04-10 18:19:16,162 | INFO | auto_listing | 新页面（采集箱）已打开 - 601100847189754
2026-04-10 18:19:19,782 | INFO | auto_listing | 检测到"已提交采集任务"，关闭采集箱页面 - 601100847189754
2026-04-10 18:19:19,809 | INFO | auto_listing | 采集箱新页面已自动关闭 - 601100847189754
2026-04-10 18:19:19,813 | INFO | auto_listing | ✅ 上架成功: 601100847189754
2026-04-10 18:19:20,822 | INFO | auto_listing | 进度: 26/30 - 正在处理商品: 601100949582769
2026-04-10 18:19:22,211 | INFO | auto_listing | 同意按钮不存在或不可见，跳过点击 - 601100949582769
2026-04-10 18:19:23,101 | INFO | auto_listing | 已点击打开采集箱，等待新页面打开 - 601100949582769
2026-04-10 18:19:23,151 | INFO | auto_listing | 新页面（采集箱）已打开 - 601100949582769
2026-04-10 18:19:26,777 | INFO | auto_listing | 检测到"已提交采集任务"，关闭采集箱页面 - 601100949582769
2026-04-10 18:19:26,807 | INFO | auto_listing | 采集箱新页面已自动关闭 - 601100949582769
2026-04-10 18:19:26,812 | INFO | auto_listing | ✅ 上架成功: 601100949582769
2026-04-10 18:19:27,807 | INFO | auto_listing | 进度: 27/30 - 正在处理商品: 601101054399606
2026-04-10 18:19:29,212 | INFO | auto_listing | 同意按钮不存在或不可见，跳过点击 - 601101054399606
2026-04-10 18:19:30,124 | INFO | auto_listing | 已点击打开采集箱，等待新页面打开 - 601101054399606
2026-04-10 18:19:30,174 | INFO | auto_listing | 新页面（采集箱）已打开 - 601101054399606
2026-04-10 18:19:40,176 | WARNING | auto_listing | 等待采集任务提交超时 - 601101054399606
2026-04-10 18:19:40,199 | INFO | auto_listing | 采集箱新页面已关闭（超时后） - 601101054399606
2026-04-10 18:19:40,199 | WARNING | auto_listing | ⚠️ 商品 601101054399606 采集失败，第 1/3 次重试，等待 2 秒 - 错误: 等待采集任务提交超时: Page.wait_for_selector: Timeout 10000ms exceeded.
Call log:
  - waiting for locator("tex
2026-04-10 18:19:45,861 | INFO | auto_listing | 同意按钮不存在或不可见，跳过点击 - 601101054399606
2026-04-10 18:19:46,758 | INFO | auto_listing | 已点击打开采集箱，等待新页面打开 - 601101054399606
2026-04-10 18:19:46,803 | INFO | auto_listing | 新页面（采集箱）已打开 - 601101054399606
2026-04-10 18:19:56,808 | WARNING | auto_listing | 等待采集任务提交超时 - 601101054399606
2026-04-10 18:19:56,836 | INFO | auto_listing | 采集箱新页面已关闭（超时后） - 601101054399606
2026-04-10 18:19:56,836 | WARNING | auto_listing | ⚠️ 商品 601101054399606 采集失败，第 2/3 次重试，等待 4 秒 - 错误: 等待采集任务提交超时: Page.wait_for_selector: Timeout 10000ms exceeded.
Call log:
  - waiting for locator("tex
2026-04-10 18:20:04,447 | INFO | auto_listing | 同意按钮不存在或不可见，跳过点击 - 601101054399606
2026-04-10 18:20:05,357 | INFO | auto_listing | 已点击打开采集箱，等待新页面打开 - 601101054399606
2026-04-10 18:20:05,404 | INFO | auto_listing | 新页面（采集箱）已打开 - 601101054399606
2026-04-10 18:20:15,406 | WARNING | auto_listing | 等待采集任务提交超时 - 601101054399606
2026-04-10 18:20:15,430 | INFO | auto_listing | 采集箱新页面已关闭（超时后） - 601101054399606
2026-04-10 18:20:15,431 | ERROR | auto_listing | ❌ 商品 601101054399606 采集失败，已重试 3 次 - 错误: 等待采集任务提交超时: Page.wait_for_selector: Timeout 10000ms exceeded.
Call log:
  - waiting for locator("text=已提交采集任务") to be visible

2026-04-10 18:20:16,439 | INFO | auto_listing | 进度: 28/30 - 正在处理商品: 601101135914241
2026-04-10 18:20:18,846 | INFO | auto_listing | 同意按钮不存在或不可见，跳过点击 - 601101135914241
2026-04-10 18:20:19,759 | INFO | auto_listing | 已点击打开采集箱，等待新页面打开 - 601101135914241
2026-04-10 18:20:19,811 | INFO | auto_listing | 新页面（采集箱）已打开 - 601101135914241
2026-04-10 18:20:23,386 | INFO | auto_listing | 检测到"已提交采集任务"，关闭采集箱页面 - 601101135914241
2026-04-10 18:20:23,410 | INFO | auto_listing | 采集箱新页面已自动关闭 - 601101135914241
2026-04-10 18:20:23,417 | INFO | auto_listing | ✅ 上架成功: 601101135914241
2026-04-10 18:20:24,428 | INFO | auto_listing | 进度: 29/30 - 正在处理商品: 601101149052383
2026-04-10 18:20:25,863 | INFO | auto_listing | 同意按钮不存在或不可见，跳过点击 - 601101149052383
2026-04-10 18:20:26,763 | INFO | auto_listing | 已点击打开采集箱，等待新页面打开 - 601101149052383
2026-04-10 18:20:26,804 | INFO | auto_listing | 新页面（采集箱）已打开 - 601101149052383
2026-04-10 18:20:30,383 | INFO | auto_listing | 检测到"已提交采集任务"，关闭采集箱页面 - 601101149052383
2026-04-10 18:20:30,406 | INFO | auto_listing | 采集箱新页面已自动关闭 - 601101149052383
2026-04-10 18:20:30,410 | INFO | auto_listing | ✅ 上架成功: 601101149052383
2026-04-10 18:20:31,412 | INFO | auto_listing | 进度: 30/30 - 正在处理商品: 601101474633520
2026-04-10 18:20:32,794 | INFO | auto_listing | 同意按钮不存在或不可见，跳过点击 - 601101474633520
2026-04-10 18:20:33,433 | INFO | auto_listing | 已点击打开采集箱，等待新页面打开 - 601101474633520
2026-04-10 18:20:33,463 | INFO | auto_listing | 新页面（采集箱）已打开 - 601101474633520
2026-04-10 18:20:43,474 | WARNING | auto_listing | 等待采集任务提交超时 - 601101474633520
2026-04-10 18:20:43,495 | INFO | auto_listing | 采集箱新页面已关闭（超时后） - 601101474633520
2026-04-10 18:20:43,495 | WARNING | auto_listing | ⚠️ 商品 601101474633520 采集失败，第 1/3 次重试，等待 2 秒 - 错误: 等待采集任务提交超时: Page.wait_for_selector: Timeout 10000ms exceeded.
Call log:
  - waiting for locator("tex
2026-04-10 18:20:49,095 | INFO | auto_listing | 同意按钮不存在或不可见，跳过点击 - 601101474633520
2026-04-10 18:20:49,604 | INFO | auto_listing | 已点击打开采集箱，等待新页面打开 - 601101474633520
2026-04-10 18:20:49,648 | INFO | auto_listing | 新页面（采集箱）已打开 - 601101474633520
2026-04-10 18:20:59,659 | WARNING | auto_listing | 等待采集任务提交超时 - 601101474633520
2026-04-10 18:20:59,685 | INFO | auto_listing | 采集箱新页面已关闭（超时后） - 601101474633520
2026-04-10 18:20:59,685 | WARNING | auto_listing | ⚠️ 商品 601101474633520 采集失败，第 2/3 次重试，等待 4 秒 - 错误: 等待采集任务提交超时: Page.wait_for_selector: Timeout 10000ms exceeded.
Call log:
  - waiting for locator("tex
2026-04-10 18:21:07,362 | INFO | auto_listing | 同意按钮不存在或不可见，跳过点击 - 601101474633520
2026-04-10 18:21:07,872 | INFO | auto_listing | 已点击打开采集箱，等待新页面打开 - 601101474633520
2026-04-10 18:21:07,906 | INFO | auto_listing | 新页面（采集箱）已打开 - 601101474633520
2026-04-10 18:21:17,920 | WARNING | auto_listing | 等待采集任务提交超时 - 601101474633520
2026-04-10 18:21:17,945 | INFO | auto_listing | 采集箱新页面已关闭（超时后） - 601101474633520
2026-04-10 18:21:17,945 | ERROR | auto_listing | ❌ 商品 601101474633520 采集失败，已重试 3 次 - 错误: 等待采集任务提交超时: Page.wait_for_selector: Timeout 10000ms exceeded.
Call log:
  - waiting for locator("text=已提交采集任务") to be visible

2026-04-10 18:21:17,946 | INFO | auto_listing | 采集任务完成 - 成功: 22, 失败: 8, 总耗时: 9分19秒
2026-04-10 18:21:17,951 | INFO | auto_listing | ✅ 已加载 40 个类目的属性配置
2026-04-10 18:21:17,951 | INFO | auto_listing | 开始处理店铺组: ['8249645', '4720369', '8368031']，商品数: 10
2026-04-10 18:21:18,495 | INFO | auto_listing | 实际采集成功:10
2026-04-10 18:21:19,214 | INFO | auto_listing | 2838012852:选择店铺成功
2026-04-10 18:21:19,221 | INFO | auto_listing | 2838012149:选择店铺成功
2026-04-10 18:21:19,248 | INFO | auto_listing | 2838011596:选择店铺成功
2026-04-10 18:21:19,750 | INFO | auto_listing | 获取商品信息：{'title': '[Wireless MP3 Player] Wireless 5.3 64GB MP3 Player | 2.4" Full Touch Screen Metal Cover Portable MP3 Player with Speaker Voice Recording, FM Radio Support 128GB MIC SD card TF card', 'itemNum': None, 'saleAttributes': [{'templatePid': '', 'pid': '', 'refPid': '', 'parentSpecId': 1001, 'name': '颜色', 'values': [{'vid': 0, 'skuKey': 'e90dfb84', 'name': 'Black'}]}], 'attributes': [{'templatePid': 398585, 'pid': 165, 'refPid': 170, 'name': '连接技术', 'values': [{'vid': 3631, 'name': 'USB', 'valueUnit': ''}]}, {'templatePid': 398581, 'pid': 668, 'refPid': 422, 'name': '支持的标准', 'values': [{'vid': 18151, 'name': 'mp3', 'valueUnit': ''}]}], 'skuMap': {';e90dfb84;': {'price': 226.23, 'originPrice': 226.23, 'stock': 99, 'itemNum': '601099808023150_Black', 'length': None, 'width': None, 'height': None, 'weight': None, 'isSensitive': '0', 'sensitiveTypes': [], 'sensitiveLimit': [], 'barCodeType': 'UPC', 'barCode': '', 'imgUrl': 'https://img.kwcdn.com/product/fancy/5e780626-d230-4176-bea6-54aa84fa9b26.jpg', 'suggestedPrice': '', 'suggestedPriceCurrencyType': 'CNY', 'goodsSkuId': None, 'isSupplierDisable': '0', 'numberOfPieces': '', 'skuClassification': 1, 'pieceUnitCode': 1, 'individuallyPacked': 0, 'netContentUnitCode': 1, 'netContentNumber': '', 'numberOfPiecesNew': '', 'pieceNewUnitCode': 1, 'mixedType': '', 'totalNetContentNumber': '', 'totalNetContentUnitCode': 1}}, 'sizeCharts': None, 'imgUrls': ['https://img.kwcdn.com/product/fancy/5e780626-d230-4176-bea6-54aa84fa9b26.jpg', 'https://img.kwcdn.com/product/fancy/f1069ce1-8cde-44bc-80b7-8aa6dc713d46.jpg', 'https://img.kwcdn.com/product/fancy/6577d431-86a1-45bd-aaf2-b20efbca61a1.jpg', 'https://img.kwcdn.com/product/fancy/b47a8fd8-2b72-4321-a3e7-d67479af1d2f.jpg', 'https://img.kwcdn.com/product/fancy/b09c6ada-f38a-46ae-9955-4c31ccfe7fd1.jpg'], 'goodsLayerDecorationReqs': [{'type': 'text', 'content': {'text': '[Easily Portable ]The exquisite and elegant MP3 player body is made of metal and glass, durable and counter-aging.. Ideal for walks, Conflictmel stays and outdoor activities, giving you the freedom of portability.[BT 5.3+ Speaker]The built-in speaker allows you to listen to soothing music without headphones. Thanks to the latest BT 5.3 technology, which offers fast and stable connections, you can easily pair it with most BTenabled devis.', 'textModuleDetails': {'fontFamily': 1, 'fontColor': '#333333', 'backgroundColor': '#ffffff', 'fontSize': 12, 'align': 'left'}}}, {'type': 'text', 'content': {'text': ' This music player supporindividuals lossl audio formaindividuals such as MP3, WMA, APE, FLAC, WAV, DRM, ALP, OGG, etc.[64GB Storage]Built-in 64GB memory (up to 128GB supported), which can store about 4,000 songs with lossl sound quality. This can greatly meet your needs for storing more songs, videos and audiobooks. It lasindividuals about 40 hours after charging for 2-3 hours, making it ideal for long journeys or flighindividuals.', 'textModuleDetails': {'fontFamily': 1, 'fontColor': '#333333', 'backgroundColor': '#ffffff', 'fontSize': 12, 'align': 'left'}}}, {'type': 'text', 'content': {'text': ' It saves your phone\'s battery and memory, so you can be l dependent on your phone and immerse yourself in the world of music.[2.4" Touch Screen + Easy to Use]The large high-definition touch screen makes menu navigation easy to understand and control. The single-sheet and nine-square grid desktop layout can be switched individually, allowing you to quickly select the functions you want. 11 screensaver wallpapers can satisfy your different situational needs and chois.', 'textModuleDetails': {'fontFamily': 1, 'fontColor': '#333333', 'backgroundColor': '#ffffff', 'fontSize': 12, 'align': 'left'}}}, {'type': 'text', 'content': {'text': '[Multi-function Digital MP3 Player + After-Transactions Policy]It has functions such as resume playba, bookmarks, equalizer, Alert clo, FM radio, recorder, pedometer, etc., and supporindividuals 28 languages. ldren and friends Surprise gift. We support it with a 12-month guarantee and 24-hour friendly customer servi. If you have any questions about the product, please contact Tihoosky directly.', 'textModuleDetails': {'fontFamily': 1, 'fontColor': '#333333', 'backgroundColor': '#ffffff', 'fontSize': 12, 'align': 'left'}}}, {'type': 'image', 'content': {'imgUrl': 'https://img.kwcdn.com/product/fancy/49895bd7-4803-45c2-a6f9-c557f1aa1785.jpg'}}, {'type': 'image', 'content': {'imgUrl': 'https://img.kwcdn.com/product/fancy/931e355b-8a45-4a7b-b059-77bef8bf79b6.jpg'}}, {'type': 'image', 'content': {'imgUrl': 'https://img.kwcdn.com/product/fancy/b0fd29f2-2a64-48b8-bd92-53dbe60c39c0.jpg'}}], 'outerPackageShape': None, 'outerPackageType': None, 'outerPackageImgUrls': [], 'productOriginCountry': 'CN', 'productOriginProvince': '43000000000006', 'productOriginCertFiles': [], 'currency': 'CNY', 'multiLanguageTitleMap': {'en': '[Wireless MP3 Player] Wireless 5.3 64GB MP3 Player | 2.4" Full Touch Screen Metal Cover Portable MP3 Player with Speaker Voice Recording, FM Radio Support 128GB MIC SD card TF card'}, 'mainImgVideoUrl': '', 'mainImgAppVideoId': '', 'personalizationSwitch': '0', 'technologyType': '1', 'firstType': '', 'twiceType': [], 'version': 1, 'sourceProductCertifications': [], 'sourceItemMetaInfo': {'source': 'temu', 'sourceNameFw': 'Temu', 'sourceAddress': None, 'sourceAddressFw': None, 'sourceItemId': '601099808023150', 'oriItemNum': None, 'maxSkuPrice': 226.23}, 'cateList': ['Electronics', 'Computer & Accessories'], 'sourceCid': 2732, 'originalSourceAttrs': [{'important': 1, 'values': ['Rechargeable Battery'], 'key': 'Battery Properties', 'referenceId': 0, 'enhanceDisplay': 0, 'refPid': 2153}, {'important': 1, 'values': ['Lithium Battery-Polymer'], 'key': 'Rechargeable Battery', 'referenceId': 0, 'enhanceDisplay': 0, 'refPid': 2147}, {'important': 1, 'values': ['USB'], 'key': 'Connectivity Technology', 'referenceId': 0, 'enhanceDisplay': 0, 'refPid': 170}, {'important': 1, 'values': ['Mp3'], 'key': 'Supported Standards', 'referenceId': 0, 'enhanceDisplay': 0, 'refPid': 422}, {'important': 1, 'values': ['Lcd'], 'key': 'Display Technology', 'referenceId': 0, 'enhanceDisplay': 0, 'refPid': 802}, {'important': 1, 'values': ['Micro Sd'], 'key': 'Media Type', 'referenceId': 0, 'enhanceDisplay': 0, 'refPid': 1160}, {'important': 1, 'enhanceIcon': 'https://aimg.kwcdn.com/upload_aimg/temu/bcdaa283-279a-4e66-a2ad-aa7279a10c46.png.slim.png', 'values': ['FM Radio', 'Voice recorder'], 'key': 'Special Features', 'referenceId': 0, 'enhanceDisplay': 0, 'refPid': 143}, {'values': ['See Product Details'], 'key': 'Voltage', 'referenceId': 0, 'enhanceDisplay': 0, 'refPid': 6677}, {'important': 1, 'values': ['wireless'], 'key': 'Wireless Property', 'referenceId': 0, 'enhanceDisplay': 0, 'refPid': 2149}, {'important': 1, 'values': ['Type-C Port Charging'], 'key': 'Product Charging Port', 'referenceId': 0, 'enhanceDisplay': 0, 'refPid': 6861}, {'important': 1, 'values': ['No'], 'key': 'Does It Support Coordinated Fast Charging?', 'referenceId': 0, 'enhanceDisplay': 0, 'refPid': 6848}, {'important': 1, 'values': ['No'], 'key': 'Does It Include A Charger?', 'referenceId': 0, 'enhanceDisplay': 0, 'refPid': 6852}, {'important': 1, 'values': ['1.7W'], 'key': 'Maximum Rated Power', 'referenceId': 0, 'enhanceDisplay': 0, 'refPid': 6857}, {'important': 1, 'values': ['0.4W'], 'key': 'Minimum Rated Power', 'referenceId': 0, 'enhanceDisplay': 0, 'refPid': 6856}, {'copyable': 1, 'values': ['PC597909'], 'key': 'Item ID', 'customProperty': 2, 'enhanceDisplay': 0}, {'values': ['Guangdong,China'], 'key': 'Origin', 'customProperty': 3}], 'editModel': 'site', 'cid': '2732', 'site': 'PDDKJ', 'shopIdAndGoodsModelReqMap': {}, 'sourceItemUrl': 'https://www.temu.com/search_result.html?search_key=601099808023150', 'source': 'temu', 'sourceSite': None, 'oldCid': '2732', 'outerGoodsUrl': '', 'inventoryRegion': 1, 'sizeAttributeValueGroupId': None, 'isBasePlate': 0, 'sourceList': [{'remark': None, 'sourceItemId': '601099808023150', 'source': 'temu', 'sourceSite': None, 'sourceItemUrl': 'https://www.temu.com/search_result.html?search_key=601099808023150'}], 'collectBoxDetailShopList': [{'shopId': '4720369', 'cid': '2732', 'minSkuPrice': 226.23, 'maxSkuPrice': 226.23, 'sizeTemplateId': None, 'isFullSave': 0, 'shopName': 'temu全托管102', 'breadcrumb': '电子>影音娱乐>MP3、MP4播放器', 'breadcrumbChinese': '电子>影音娱乐>MP3、MP4播放器', 'site': 'PDDKJ', 'currency': 'CNY', 'itemNum': None, 'brandId': None}, {'shopId': '8249645', 'cid': '2732', 'minSkuPrice': 226.23, 'maxSkuPrice': 226.23, 'sizeTemplateId': None, 'isFullSave': 0, 'shopName': 'temu全托管101', 'breadcrumb': '电子>影音娱乐>MP3、MP4播放器', 'breadcrumbChinese': '电子>影音娱乐>MP3、MP4播放器', 'site': 'PDDKJ', 'currency': 'CNY', 'itemNum': None, 'brandId': None}, {'shopId': '8368031', 'cid': '2732', 'minSkuPrice': 226.23, 'maxSkuPrice': 226.23, 'sizeTemplateId': None, 'isFullSave': 0, 'shopName': 'temu全托管103', 'breadcrumb': '电子>影音娱乐>MP3、MP4播放器', 'breadcrumbChinese': '电子>影音娱乐>MP3、MP4播放器', 'site': 'PDDKJ', 'currency': 'CNY', 'itemNum': None, 'brandId': None}], 'detailId': '2838012852', 'sourceNameFw': 'Temu', 'sourceAddress': None, 'sourceAddressFw': None, 'sourceItemId': '601099808023150', 'oriItemNum': None, 'maxSkuPrice': 226.23, 'generateItemNumSourceInfo': {'source': 'temu', 'sourceNameFw': 'Temu', 'sourceAddress': None, 'sourceAddressFw': None, 'sourceItemId': '601099808023150', 'oriItemNum': None, 'maxSkuPrice': 226.23}}
2026-04-10 18:21:19,751 | INFO | auto_listing | ✅ 找到类目 2732 的配置，包含 5 个属性
2026-04-10 18:21:19,751 | INFO | auto_listing | 商品类目ID: 2732, 使用配置修改商品信息
2026-04-10 18:21:19,751 | INFO | auto_listing | 已将属性替换为配置中的 5 个属性
2026-04-10 18:21:19,751 | INFO | auto_listing | 保存商品信息，类目ID: 2732
2026-04-10 18:21:19,753 | INFO | auto_listing | 获取商品信息：{'title': '一款采用镶金塑料制作的水果碗', 'itemNum': None, 'saleAttributes': [{'templatePid': '', 'pid': '', 'refPid': '', 'parentSpecId': 1001, 'name': '颜色', 'values': [{'vid': 0, 'skuKey': '454b22f9', 'name': '金色'}]}], 'attributes': [{'templatePid': 973127, 'pid': 89, 'refPid': 121, 'name': '材料', 'values': [{'vid': 2148, 'name': '塑料', 'valueUnit': ''}]}, {'templatePid': 973128, 'pid': 111, 'refPid': 278, 'name': '结束', 'values': [{'vid': 11782, 'name': '抛光金属', 'valueUnit': ''}]}, {'templatePid': 973131, 'pid': 126, 'refPid': 130, 'name': '主题', 'values': [{'vid': 24965, 'name': '新奇', 'valueUnit': ''}]}], 'skuMap': {';454b22f9;': {'price': 53.47, 'originPrice': 53.47, 'stock': 54, 'itemNum': '601099801015629_金色', 'length': None, 'width': None, 'height': None, 'weight': None, 'isSensitive': '0', 'sensitiveTypes': [], 'sensitiveLimit': [], 'barCodeType': 'UPC', 'barCode': '', 'imgUrl': 'https://img.kwcdn.com/product/fancy/67f1c043-9d4e-41a8-a575-d07c345a732b.jpg', 'suggestedPrice': '', 'suggestedPriceCurrencyType': 'CNY', 'goodsSkuId': None, 'isSupplierDisable': '0', 'numberOfPieces': '', 'skuClassification': 1, 'pieceUnitCode': 1, 'individuallyPacked': 0, 'netContentUnitCode': 1, 'netContentNumber': '', 'numberOfPiecesNew': '', 'pieceNewUnitCode': 1, 'mixedType': '', 'totalNetContentNumber': '', 'totalNetContentUnitCode': 1}}, 'sizeCharts': None, 'imgUrls': ['https://img.kwcdn.com/product/fancy/f9314bfa-3208-4e44-b0bf-2f3b738e257b.jpg', 'https://img.kwcdn.com/product/fancy/85c3ba79-9b45-4f52-91a7-132ed5be3d2e.jpg', 'https://img.kwcdn.com/product/fancy/53bbda2d-62ed-4abe-aa9d-ecae5feab78f.jpg', 'https://img.kwcdn.com/product/fancy/67f1c043-9d4e-41a8-a575-d07c345a732b.jpg', 'https://img.kwcdn.com/product/fancy/3b440be2-2185-4cf2-9797-ad0a9c4e9d6c.jpg'], 'goodsLayerDecorationReqs': [{'type': 'image', 'content': {'imgUrl': 'https://img.kwcdn.com/product/fancy/67f1c043-9d4e-41a8-a575-d07c345a732b.jpg'}}, {'type': 'image', 'content': {'imgUrl': 'https://img.kwcdn.com/product/fancy/f9314bfa-3208-4e44-b0bf-2f3b738e257b.jpg'}}, {'type': 'image', 'content': {'imgUrl': 'https://img.kwcdn.com/product/fancy/53bbda2d-62ed-4abe-aa9d-ecae5feab78f.jpg'}}, {'type': 'image', 'content': {'imgUrl': 'https://img.kwcdn.com/product/fancy/85c3ba79-9b45-4f52-91a7-132ed5be3d2e.jpg'}}, {'type': 'image', 'content': {'imgUrl': 'https://img.kwcdn.com/product/fancy/3b440be2-2185-4cf2-9797-ad0a9c4e9d6c.jpg'}}], 'outerPackageShape': None, 'outerPackageType': None, 'outerPackageImgUrls': [], 'productOriginCountry': 'CN', 'productOriginProvince': '43000000000006', 'productOriginCertFiles': [], 'currency': 'CNY', 'multiLanguageTitleMap': {'en': 'A fruit bowl made of gold-plated plastic'}, 'mainImgVideoUrl': '', 'mainImgAppVideoId': '', 'personalizationSwitch': '0', 'technologyType': '1', 'firstType': '', 'twiceType': [], 'version': 1, 'sourceProductCertifications': [], 'sourceItemMetaInfo': {'source': 'temu', 'sourceNameFw': 'Temu', 'sourceAddress': None, 'sourceAddressFw': None, 'sourceItemId': '601099801015629', 'oriItemNum': None, 'maxSkuPrice': 53.47}, 'cateList': ['家居厨房用品', '餐厅用品'], 'sourceCid': 10807, 'originalSourceAttrs': [{'important': 1, 'enhanceIcon': 'https://aimg.kwcdn.com/upload_aimg/temu/9ced962c-8099-4fce-b22a-4a2e77262854.png.slim.png', 'values': ['塑料'], 'key': '材料', 'referenceId': 0, 'enhanceDisplay': 0, 'refPid': 121}, {'values': ['抛光金属'], 'key': '结束', 'referenceId': 0, 'enhanceDisplay': 0, 'refPid': 278}, {'values': ['新奇'], 'key': '主题', 'referenceId': 0, 'enhanceDisplay': 0, 'refPid': 130}, {'copyable': 1, 'values': ['FL583105'], 'key': '商品编号', 'customProperty': 2, 'enhanceDisplay': 0}, {'values': ['Guangdong,China'], 'key': '产地', 'customProperty': 3}], 'editModel': 'site', 'cid': '10807', 'site': 'PDDKJ', 'shopIdAndGoodsModelReqMap': {}, 'sourceItemUrl': 'https://www.temu.com/search_result.html?search_key=601099801015629', 'source': 'temu', 'sourceSite': None, 'oldCid': '10807', 'outerGoodsUrl': '', 'inventoryRegion': 1, 'sizeAttributeValueGroupId': None, 'isBasePlate': 0, 'sourceList': [{'remark': None, 'sourceItemId': '601099801015629', 'source': 'temu', 'sourceSite': None, 'sourceItemUrl': 'https://www.temu.com/search_result.html?search_key=601099801015629'}], 'collectBoxDetailShopList': [{'shopId': '4720369', 'cid': '10807', 'minSkuPrice': 53.47, 'maxSkuPrice': 53.47, 'sizeTemplateId': None, 'isFullSave': 0, 'shopName': 'temu全托管102', 'breadcrumb': '家居、厨房用品>厨房和餐厅>餐具饮具>上菜用品>食器類>盘>甜点盘', 'breadcrumbChinese': '家居、厨房用品>厨房和餐厅>餐具饮具>上菜用品>食器類>盘>甜点盘', 'site': 'PDDKJ', 'currency': 'CNY', 'itemNum': None, 'brandId': None}, {'shopId': '8249645', 'cid': '10807', 'minSkuPrice': 53.47, 'maxSkuPrice': 53.47, 'sizeTemplateId': None, 'isFullSave': 0, 'shopName': 'temu全托管101', 'breadcrumb': '家居、厨房用品>厨房和餐厅>餐具饮具>上菜用品>食器類>盘>甜点盘', 'breadcrumbChinese': '家居、厨房用品>厨房和餐厅>餐具饮具>上菜用品>食器類>盘>甜点盘', 'site': 'PDDKJ', 'currency': 'CNY', 'itemNum': None, 'brandId': None}, {'shopId': '8368031', 'cid': '10807', 'minSkuPrice': 53.47, 'maxSkuPrice': 53.47, 'sizeTemplateId': None, 'isFullSave': 0, 'shopName': 'temu全托管103', 'breadcrumb': '家居、厨房用品>厨房和餐厅>餐具饮具>上菜用品>食器類>盘>甜点盘', 'breadcrumbChinese': '家居、厨房用品>厨房和餐厅>餐具饮具>上菜用品>食器類>盘>甜点盘', 'site': 'PDDKJ', 'currency': 'CNY', 'itemNum': None, 'brandId': None}], 'detailId': '2838012149', 'sourceNameFw': 'Temu', 'sourceAddress': None, 'sourceAddressFw': None, 'sourceItemId': '601099801015629', 'oriItemNum': None, 'maxSkuPrice': 53.47, 'generateItemNumSourceInfo': {'source': 'temu', 'sourceNameFw': 'Temu', 'sourceAddress': None, 'sourceAddressFw': None, 'sourceItemId': '601099801015629', 'oriItemNum': None, 'maxSkuPrice': 53.47}}
2026-04-10 18:21:19,754 | WARNING | auto_listing | ⚠️ 未找到类目 10807 的配置，使用默认配置
2026-04-10 18:21:19,754 | INFO | auto_listing | 商品类目ID: 10807, 使用配置修改商品信息
2026-04-10 18:21:19,758 | INFO | auto_listing | 商品 601099801015629 重试次数: 1, 状态: pending
2026-04-10 18:21:19,758 | ERROR | auto_listing | 发布失败：601099801015629-'NoneType' object has no attribute 'get'
2026-04-10 18:21:19,776 | INFO | auto_listing | 获取商品信息：{'title': 'MAYAPHILOS Kids Games Magnetic Tiles Road Set, Red Black Yellow Blue Green, with Extendable Magnetic Crane, City Construction Building Toys, for Preschool, 3+ Year Old Boys Girls, with Car, for Color Recognition Shape Recognition Concentration Hand-eye Coordination Creative Thinking Engineering Skills Motor Skills', 'itemNum': None, 'saleAttributes': [{'templatePid': '', 'pid': '', 'refPid': '', 'parentSpecId': 1001, 'name': '颜色', 'values': [{'vid': 0, 'skuKey': '4541e3d8', 'name': '22pcs'}, {'vid': 0, 'skuKey': '01fe304a', 'name': '38pcs'}, {'vid': 0, 'skuKey': 'f9f77f90', 'name': '20pcs'}, {'vid': 0, 'skuKey': '11436f46', 'name': '2pcs'}]}], 'attributes': [{'templatePid': 600238, 'pid': 1467, 'refPid': 1960, 'name': '品牌名', 'values': [{'vid': 0, 'name': 'MAYAPHILOS', 'valueUnit': ''}]}], 'skuMap': {';4541e3d8;': {'price': 77.91, 'originPrice': 77.91, 'stock': 64, 'itemNum': '601099756888552_22pcs', 'length': None, 'width': None, 'height': None, 'weight': None, 'isSensitive': '0', 'sensitiveTypes': [], 'sensitiveLimit': [], 'barCodeType': 'UPC', 'barCode': '', 'imgUrl': 'https://img.kwcdn.com/product/fancy/98fba762-2a13-4d46-b610-a2c2c10a753e.jpg', 'suggestedPrice': '', 'suggestedPriceCurrencyType': 'CNY', 'goodsSkuId': None, 'isSupplierDisable': '0', 'numberOfPieces': '', 'skuClassification': 1, 'pieceUnitCode': 1, 'individuallyPacked': 0, 'netContentUnitCode': 1, 'netContentNumber': '', 'numberOfPiecesNew': '', 'pieceNewUnitCode': 1, 'mixedType': '', 'totalNetContentNumber': '', 'totalNetContentUnitCode': 1}, ';01fe304a;': {'price': 134.45, 'originPrice': 134.45, 'stock': 28, 'itemNum': '601099756888552_38pcs', 'length': None, 'width': None, 'height': None, 'weight': None, 'isSensitive': '0', 'sensitiveTypes': [], 'sensitiveLimit': [], 'barCodeType': 'UPC', 'barCode': '', 'imgUrl': 'https://img.kwcdn.com/product/fancy/525db8b0-a2af-4f99-86f0-af3ab7ff1485.jpg', 'suggestedPrice': '', 'suggestedPriceCurrencyType': 'CNY', 'goodsSkuId': None, 'isSupplierDisable': '0', 'numberOfPieces': '', 'skuClassification': 1, 'pieceUnitCode': 1, 'individuallyPacked': 0, 'netContentUnitCode': 1, 'netContentNumber': '', 'numberOfPiecesNew': '', 'pieceNewUnitCode': 1, 'mixedType': '', 'totalNetContentNumber': '', 'totalNetContentUnitCode': 1}, ';f9f77f90;': {'price': 95.6, 'originPrice': 95.6, 'stock': 7, 'itemNum': '601099756888552_20pcs', 'length': None, 'width': None, 'height': None, 'weight': None, 'isSensitive': '0', 'sensitiveTypes': [], 'sensitiveLimit': [], 'barCodeType': 'UPC', 'barCode': '', 'imgUrl': 'https://img.kwcdn.com/product/fancy/3e20617a-f611-4768-b366-a9ad460720cf.jpg', 'suggestedPrice': '', 'suggestedPriceCurrencyType': 'CNY', 'goodsSkuId': None, 'isSupplierDisable': '0', 'numberOfPieces': '', 'skuClassification': 1, 'pieceUnitCode': 1, 'individuallyPacked': 0, 'netContentUnitCode': 1, 'netContentNumber': '', 'numberOfPiecesNew': '', 'pieceNewUnitCode': 1, 'mixedType': '', 'totalNetContentNumber': '', 'totalNetContentUnitCode': 1}, ';11436f46;': {'price': 59.54, 'originPrice': 59.54, 'stock': 0, 'itemNum': '601099756888552_2pcs', 'length': None, 'width': None, 'height': None, 'weight': None, 'isSensitive': '0', 'sensitiveTypes': [], 'sensitiveLimit': [], 'barCodeType': 'UPC', 'barCode': '', 'imgUrl': 'https://img.kwcdn.com/product/fancy/9cb3240e-0093-4000-82c6-5133f1e43664.jpg', 'suggestedPrice': '', 'suggestedPriceCurrencyType': 'CNY', 'goodsSkuId': None, 'isSupplierDisable': '0', 'numberOfPieces': '', 'skuClassification': 1, 'pieceUnitCode': 1, 'individuallyPacked': 0, 'netContentUnitCode': 1, 'netContentNumber': '', 'numberOfPiecesNew': '', 'pieceNewUnitCode': 1, 'mixedType': '', 'totalNetContentNumber': '', 'totalNetContentUnitCode': 1}}, 'sizeCharts': None, 'imgUrls': ['https://img.kwcdn.com/product/fancy/4d790dc8-90b4-4d28-8388-6581e81c9a9b.jpg', 'https://img.kwcdn.com/product/fancy/98fba762-2a13-4d46-b610-a2c2c10a753e.jpg', 'https://img.kwcdn.com/product/fancy/2ba7ecdb-2b84-4bf0-bed7-a3b23b566086.jpg', 'https://img.kwcdn.com/product/fancy/525db8b0-a2af-4f99-86f0-af3ab7ff1485.jpg', 'https://img.kwcdn.com/product/fancy/b82b8197-3ebd-4e4d-a612-859ba0dc6844.jpg', 'https://img.kwcdn.com/product/fancy/3e20617a-f611-4768-b366-a9ad460720cf.jpg', 'https://img.kwcdn.com/product/fancy/9ff9f5fe-304e-4497-bd4e-b8ea637bd00f.jpg', 'https://img.kwcdn.com/product/fancy/9cb3240e-0093-4000-82c6-5133f1e43664.jpg', 'https://img.kwcdn.com/product/fancy/2cdfe9d0-75c1-40a8-87af-f90b699c6d29.jpg', 'https://img.kwcdn.com/product/algo_check/auto/e2ddc53cf55b49e977ce529c08d5ed71_1733461086608.jpg'], 'goodsLayerDecorationReqs': [{'type': 'image', 'content': {'imgUrl': 'https://img.kwcdn.com/product/fancy/98fba762-2a13-4d46-b610-a2c2c10a753e.jpg'}}, {'type': 'image', 'content': {'imgUrl': 'https://img.kwcdn.com/product/fancy/4d790dc8-90b4-4d28-8388-6581e81c9a9b.jpg'}}, {'type': 'image', 'content': {'imgUrl': 'https://img.kwcdn.com/product/fancy/2ba7ecdb-2b84-4bf0-bed7-a3b23b566086.jpg'}}, {'type': 'image', 'content': {'imgUrl': 'https://img.kwcdn.com/product/fancy/b82b8197-3ebd-4e4d-a612-859ba0dc6844.jpg'}}, {'type': 'image', 'content': {'imgUrl': 'https://img.kwcdn.com/product/fancy/9ff9f5fe-304e-4497-bd4e-b8ea637bd00f.jpg'}}, {'type': 'image', 'content': {'imgUrl': 'https://img.kwcdn.com/product/fancy/2cdfe9d0-75c1-40a8-87af-f90b699c6d29.jpg'}}, {'type': 'image', 'content': {'imgUrl': 'https://img.kwcdn.com/product/algo_check/auto/e2ddc53cf55b49e977ce529c08d5ed71_1733461086608.jpg'}}, {'type': 'image', 'content': {'imgUrl': 'https://img.kwcdn.com/product/fancy/525db8b0-a2af-4f99-86f0-af3ab7ff1485.jpg'}}, {'type': 'image', 'content': {'imgUrl': 'https://img.kwcdn.com/product/fancy/3e20617a-f611-4768-b366-a9ad460720cf.jpg'}}, {'type': 'image', 'content': {'imgUrl': 'https://img.kwcdn.com/product/fancy/9cb3240e-0093-4000-82c6-5133f1e43664.jpg'}}], 'outerPackageShape': None, 'outerPackageType': None, 'outerPackageImgUrls': [], 'productOriginCountry': 'CN', 'productOriginProvince': '43000000000006', 'productOriginCertFiles': [], 'currency': 'CNY', 'multiLanguageTitleMap': {'en': 'MAYAPHILOS Kids Games Magnetic Tiles Road Set, Red Black Yellow Blue Green, with Extendable Magnetic Crane, City Construction Building Toys, for Preschool, 3+ Year Old Boys Girls, with Car, for Color Recognition Shape Recognition Concentration Hand-eye Coordination Creative Thinking Engineering Skills Motor Skills'}, 'mainImgVideoUrl': '', 'mainImgAppVideoId': '', 'personalizationSwitch': '0', 'technologyType': '1', 'firstType': '', 'twiceType': [], 'version': 1, 'sourceProductCertifications': [], 'sourceItemMetaInfo': {'source': 'temu', 'sourceNameFw': 'Temu', 'sourceAddress': None, 'sourceAddressFw': None, 'sourceItemId': '601099756888552', 'oriItemNum': None, 'maxSkuPrice': 134.45}, 'cateList': ['Toys & Games', 'Novelty & Gag Toys'], 'sourceCid': 25477, 'originalSourceAttrs': [{'important': 1, 'values': ['3 Years+'], 'key': 'Applicable Age Group', 'referenceId': 0, 'refPid': 1117}, {'values': ['MAYAPHILOS'], 'key': 'Brand', 'referenceId': 100280252, 'refPid': 1960}, {'important': 1, 'values': ['Other Plastic'], 'key': 'Major Material', 'referenceId': 0, 'refPid': 1920}, {'values': ['Red', 'Black', 'Yellow', 'Blue', 'Green'], 'key': 'Color', 'referenceId': 0, 'refPid': 63}, {'copyable': 1, 'values': ['LR493587'], 'key': 'Item ID', 'customProperty': 2}, {'values': ['Zhejiang,China'], 'key': 'Origin', 'customProperty': 3}], 'editModel': 'site', 'cid': '25477', 'site': 'PDDKJ', 'shopIdAndGoodsModelReqMap': {}, 'sourceItemUrl': 'https://www.temu.com/search_result.html?search_key=601099756888552', 'source': 'temu', 'sourceSite': None, 'oldCid': '25477', 'outerGoodsUrl': '', 'inventoryRegion': 1, 'sizeAttributeValueGroupId': None, 'isBasePlate': 0, 'sourceList': [{'remark': None, 'sourceItemId': '601099756888552', 'source': 'temu', 'sourceSite': None, 'sourceItemUrl': 'https://www.temu.com/search_result.html?search_key=601099756888552'}], 'collectBoxDetailShopList': [{'shopId': '4720369', 'cid': '25477', 'minSkuPrice': 59.54, 'maxSkuPrice': 134.45, 'sizeTemplateId': None, 'isFullSave': 0, 'shopName': 'temu全托管102', 'breadcrumb': '玩具与游戏>新奇玩具>磁力玩具', 'breadcrumbChinese': '玩具与游戏>新奇玩具>磁力玩具', 'site': 'PDDKJ', 'currency': 'CNY', 'itemNum': None, 'brandId': None}, {'shopId': '8249645', 'cid': '25477', 'minSkuPrice': 59.54, 'maxSkuPrice': 134.45, 'sizeTemplateId': None, 'isFullSave': 0, 'shopName': 'temu全托管101', 'breadcrumb': '玩具与游戏>新奇玩具>磁力玩具', 'breadcrumbChinese': '玩具与游戏>新奇玩具>磁力玩具', 'site': 'PDDKJ', 'currency': 'CNY', 'itemNum': None, 'brandId': None}, {'shopId': '8368031', 'cid': '25477', 'minSkuPrice': 59.54, 'maxSkuPrice': 134.45, 'sizeTemplateId': None, 'isFullSave': 0, 'shopName': 'temu全托管103', 'breadcrumb': '玩具与游戏>新奇玩具>磁力玩具', 'breadcrumbChinese': '玩具与游戏>新奇玩具>磁力玩具', 'site': 'PDDKJ', 'currency': 'CNY', 'itemNum': None, 'brandId': None}], 'detailId': '2838011596', 'sourceNameFw': 'Temu', 'sourceAddress': None, 'sourceAddressFw': None, 'sourceItemId': '601099756888552', 'oriItemNum': None, 'maxSkuPrice': 134.45, 'generateItemNumSourceInfo': {'source': 'temu', 'sourceNameFw': 'Temu', 'sourceAddress': None, 'sourceAddressFw': None, 'sourceItemId': '601099756888552', 'oriItemNum': None, 'maxSkuPrice': 134.45}}
2026-04-10 18:21:19,781 | INFO | auto_listing | ✅ 找到类目 25477 的配置，包含 3 个属性
2026-04-10 18:21:19,781 | INFO | auto_listing | 商品类目ID: 25477, 使用配置修改商品信息
2026-04-10 18:21:19,781 | INFO | auto_listing | 已将属性替换为配置中的 3 个属性
2026-04-10 18:21:19,782 | INFO | auto_listing | 保存商品信息，类目ID: 25477
2026-04-10 18:21:20,229 | INFO | auto_listing | 修改商品信息响应：{'result': 'fail', 'reason': '产品属性【无线属性】必填'}
2026-04-10 18:21:20,230 | INFO | auto_listing | 失败记录已保存到 D:\sd14\Auto_Listing\data\publish_fails.jsonl
2026-04-10 18:21:20,233 | INFO | auto_listing | 成功记录商品 601099808023150 的 2 个属性到CSV
2026-04-10 18:21:20,233 | ERROR | auto_listing | 保存失败: 产品属性【无线属性】必填
2026-04-10 18:21:20,505 | INFO | auto_listing | 2838011242:选择店铺成功
2026-04-10 18:21:20,617 | INFO | auto_listing | 2838012852:发布失败
2026-04-10 18:21:20,620 | INFO | auto_listing | 商品 601099808023150 重试次数: 1, 状态: pending
2026-04-10 18:21:21,021 | INFO | auto_listing | 获取商品信息：{'title': '64GB无线5.3 MP3播放器，儿童运动夹式迷你设计，HiFi音乐，1.5英寸TFT显示屏，音量控制，FM收音机，附赠计步器及耳机，可扩展至128GB MIC SD/TF卡', 'itemNum': None, 'saleAttributes': [{'templatePid': '', 'pid': '', 'refPid': '', 'parentSpecId': 1001, 'name': '颜色', 'values': [{'vid': 0, 'skuKey': 'e90dfb84', 'name': 'Black'}]}], 'attributes': [{'templatePid': 866177, 'pid': 1539, 'refPid': 2153, 'name': '电池属性', 'values': [{'vid': 52029, 'name': '可充电电池', 'valueUnit': ''}]}, {'templatePid': 870794, 'pid': 1535, 'refPid': 2147, 'name': '可充电电池', 'values': [{'vid': 52038, 'name': '锂电池--聚合物', 'valueUnit': ''}]}], 'skuMap': {';e90dfb84;': {'price': 174.06, 'originPrice': 174.06, 'stock': 99, 'itemNum': '601099745943708_Black', 'length': None, 'width': None, 'height': None, 'weight': None, 'isSensitive': '0', 'sensitiveTypes': [], 'sensitiveLimit': [], 'barCodeType': 'UPC', 'barCode': '', 'imgUrl': 'https://img.kwcdn.com/product/fancy/da9ed1be-c126-472c-afc9-f6771e28b85d.jpg', 'suggestedPrice': '', 'suggestedPriceCurrencyType': 'CNY', 'goodsSkuId': None, 'isSupplierDisable': '0', 'numberOfPieces': '', 'skuClassification': 1, 'pieceUnitCode': 1, 'individuallyPacked': 0, 'netContentUnitCode': 1, 'netContentNumber': '', 'numberOfPiecesNew': '', 'pieceNewUnitCode': 1, 'mixedType': '', 'totalNetContentNumber': '', 'totalNetContentUnitCode': 1}}, 'sizeCharts': None, 'imgUrls': ['https://img.kwcdn.com/product/fancy/da9ed1be-c126-472c-afc9-f6771e28b85d.jpg', 'https://img.kwcdn.com/product/fancy/8673d1ff-c061-4767-895b-b2f347235438.jpg', 'https://img.kwcdn.com/product/fancy/a1732f70-416d-4a22-8225-62ec20ef3c66.jpg', 'https://img.kwcdn.com/product/fancy/9e2a3230-8c97-4973-868c-391e8c06d797.jpg', 'https://img.kwcdn.com/product/fancy/84fa6f9f-6849-410f-a539-79cb5dcb6337.jpg', 'https://img.kwcdn.com/product/fancy/0b14d9ae-0bf2-4cb1-80ea-d0ee2f957a60.jpg', 'https://img.kwcdn.com/product/fancy/5db6005e-a4ac-432e-9d2b-32a6b095c37d.jpg'], 'goodsLayerDecorationReqs': [{'type': 'text', 'content': {'text': '播放器配备快速BT 5.3芯片，可更快、更稳定地连接蓝牙耳机和音箱（注：蓝牙功能无法与手机连接）。HIFI音质，为您提供更清晰、更优异的无线音频体验，确保高品质听觉享受内置64GB大容量存储空间，拥有大量歌曲时，可扩展至128GB外部存储助您轻松收纳心仪音乐。支持MP3/WMA/APE/FLAC/WAV/DRM/ALP等常见音频格式计步器与FM收音机功能：该播放器具备计步器和FM收音机功能，计步器可随时记录您的运动数据，当您使用计步器时，同时也能享受收听喜爱节目并随时保存背夹设计，便于携带，适用于跑步、骑行等多种运动场景。仅重24克，体积为6厘米*3.5厘米*1厘米，小巧便携多功能MP3播放器，集音乐、录音、FM收音机、文件夹、设置、蓝牙、日历、视频、秒表、播放暂停及AB循环于一体。该配置的MP3播放器支持28种语言，包括英语、德语、法语、意大利语、西班牙语', 'textModuleDetails': {'fontFamily': 1, 'fontColor': '#333333', 'backgroundColor': '#ffffff', 'fontSize': 12, 'align': 'left'}}}, {'type': 'image', 'content': {'imgUrl': 'https://img.kwcdn.com/product/fancy/fb57f9b1-8e76-47b8-b1a6-28aa5e68314e.jpg'}}], 'outerPackageShape': None, 'outerPackageType': None, 'outerPackageImgUrls': [], 'productOriginCountry': 'CN', 'productOriginProvince': '43000000000006', 'productOriginCertFiles': [], 'currency': 'CNY', 'multiLanguageTitleMap': {'en': "64GB wireless 5.3 MP3 player, mini clip-on design for children's sports, HiFi music, 1.5inch TFT display, volume control, FM radio, comes with a pedometer and headphones, expandable to 128GB with a MIC SD/TF card"}, 'mainImgVideoUrl': '', 'mainImgAppVideoId': '', 'personalizationSwitch': '0', 'technologyType': '1', 'firstType': '', 'twiceType': [], 'version': 1, 'sourceProductCertifications': [], 'sourceItemMetaInfo': {'source': 'temu', 'sourceNameFw': 'Temu', 'sourceAddress': None, 'sourceAddressFw': None, 'sourceItemId': '601099745943708', 'oriItemNum': None, 'maxSkuPrice': 174.06}, 'cateList': ['电子产品', '电脑和配件'], 'sourceCid': 2732, 'originalSourceAttrs': [{'important': 1, 'values': ['可充电电池'], 'key': '电池属性', 'referenceId': 0, 'refPid': 2153}, {'important': 1, 'values': ['锂电池--聚合物'], 'key': '可充电电池', 'referenceId': 0, 'refPid': 2147}, {'copyable': 1, 'values': ['EC471069'], 'key': '商品编号', 'customProperty': 2}, {'values': ['Guangdong,China'], 'key': '产地', 'customProperty': 3}], 'editModel': 'site', 'cid': '2732', 'site': 'PDDKJ', 'shopIdAndGoodsModelReqMap': {}, 'sourceItemUrl': 'https://www.temu.com/search_result.html?search_key=601099745943708', 'source': 'temu', 'sourceSite': None, 'oldCid': '2732', 'outerGoodsUrl': '', 'inventoryRegion': 1, 'sizeAttributeValueGroupId': None, 'isBasePlate': 0, 'sourceList': [{'remark': None, 'sourceItemId': '601099745943708', 'source': 'temu', 'sourceSite': None, 'sourceItemUrl': 'https://www.temu.com/search_result.html?search_key=601099745943708'}], 'collectBoxDetailShopList': [{'shopId': '4720369', 'cid': '2732', 'minSkuPrice': 174.06, 'maxSkuPrice': 174.06, 'sizeTemplateId': None, 'isFullSave': 0, 'shopName': 'temu全托管102', 'breadcrumb': '电子>影音娱乐>MP3、MP4播放器', 'breadcrumbChinese': '电子>影音娱乐>MP3、MP4播放器', 'site': 'PDDKJ', 'currency': 'CNY', 'itemNum': None, 'brandId': None}, {'shopId': '8249645', 'cid': '2732', 'minSkuPrice': 174.06, 'maxSkuPrice': 174.06, 'sizeTemplateId': None, 'isFullSave': 0, 'shopName': 'temu全托管101', 'breadcrumb': '电子>影音娱乐>MP3、MP4播放器', 'breadcrumbChinese': '电子>影音娱乐>MP3、MP4播放器', 'site': 'PDDKJ', 'currency': 'CNY', 'itemNum': None, 'brandId': None}, {'shopId': '8368031', 'cid': '2732', 'minSkuPrice': 174.06, 'maxSkuPrice': 174.06, 'sizeTemplateId': None, 'isFullSave': 0, 'shopName': 'temu全托管103', 'breadcrumb': '电子>影音娱乐>MP3、MP4播放器', 'breadcrumbChinese': '电子>影音娱乐>MP3、MP4播放器', 'site': 'PDDKJ', 'currency': 'CNY', 'itemNum': None, 'brandId': None}], 'detailId': '2838011242', 'sourceNameFw': 'Temu', 'sourceAddress': None, 'sourceAddressFw': None, 'sourceItemId': '601099745943708', 'oriItemNum': None, 'maxSkuPrice': 174.06, 'generateItemNumSourceInfo': {'source': 'temu', 'sourceNameFw': 'Temu', 'sourceAddress': None, 'sourceAddressFw': None, 'sourceItemId': '601099745943708', 'oriItemNum': None, 'maxSkuPrice': 174.06}}
2026-04-10 18:21:21,022 | INFO | auto_listing | ✅ 找到类目 2732 的配置，包含 5 个属性
2026-04-10 18:21:21,022 | INFO | auto_listing | 商品类目ID: 2732, 使用配置修改商品信息
2026-04-10 18:21:21,022 | INFO | auto_listing | 已将属性替换为配置中的 5 个属性
2026-04-10 18:21:21,022 | INFO | auto_listing | 保存商品信息，类目ID: 2732
2026-04-10 18:21:21,249 | INFO | auto_listing | 2838010723:选择店铺成功
2026-04-10 18:21:21,430 | INFO | auto_listing | 修改商品信息响应：{'result': 'fail', 'reason': '产品属性【无线属性】必填'}
2026-04-10 18:21:21,432 | INFO | auto_listing | 失败记录已保存到 D:\sd14\Auto_Listing\data\publish_fails.jsonl
2026-04-10 18:21:21,436 | INFO | auto_listing | 成功记录商品 601099745943708 的 2 个属性到CSV
2026-04-10 18:21:21,436 | ERROR | auto_listing | 保存失败: 产品属性【无线属性】必填
2026-04-10 18:21:21,807 | INFO | auto_listing | 获取商品信息：{'title': '这款1.8英寸MP3播放器自带64G TF卡，提供多种功能，包括音乐播放、电子书阅读、闹钟和录音功能，是运动和旅行的理想便携式音乐设备！', 'itemNum': None, 'saleAttributes': [{'templatePid': '', 'pid': '', 'refPid': '', 'parentSpecId': 1001, 'name': '颜色', 'values': [{'vid': 0, 'skuKey': '1ffd9e75', 'name': 'black'}]}], 'attributes': [{'templatePid': 866177, 'pid': 1539, 'refPid': 2153, 'name': '电池属性', 'values': [{'vid': 52029, 'name': '可充电电池', 'valueUnit': ''}]}, {'templatePid': 870794, 'pid': 1535, 'refPid': 2147, 'name': '可充电电池', 'values': [{'vid': 52038, 'name': '锂电池--聚合物', 'valueUnit': ''}]}, {'templatePid': 398581, 'pid': 668, 'refPid': 422, 'name': '支持的标准', 'values': [{'vid': 18151, 'name': 'mp3', 'valueUnit': ''}]}, {'templatePid': 398583, 'pid': 666, 'refPid': 802, 'name': '显示技术', 'values': [{'vid': 18126, 'name': '液晶显示器', 'valueUnit': ''}]}, {'templatePid': 398574, 'pid': 491, 'refPid': 1160, 'name': '媒体类型', 'values': [{'vid': 13754, 'name': '微型sd', 'valueUnit': ''}]}, {'templatePid': 602695, 'pid': 1467, 'refPid': 1960, 'name': '品牌名', 'values': [{'vid': 0, 'name': 'XBENDON', 'valueUnit': ''}]}, {'templatePid': 1198389, 'pid': 1485, 'refPid': 2028, 'name': '电池容量（mAh）', 'values': [{'vid': 0, 'name': '200', 'valueUnit': ''}]}], 'skuMap': {';1ffd9e75;': {'price': 196.39, 'originPrice': 196.39, 'stock': 19, 'itemNum': '601099736507455_black', 'length': None, 'width': None, 'height': None, 'weight': None, 'isSensitive': '0', 'sensitiveTypes': [], 'sensitiveLimit': [], 'barCodeType': 'UPC', 'barCode': '', 'imgUrl': 'https://img.kwcdn.com/product/fancy/c0441dd9-5887-4e7e-ac1b-56e1df26ccdd.jpg', 'suggestedPrice': '', 'suggestedPriceCurrencyType': 'CNY', 'goodsSkuId': None, 'isSupplierDisable': '0', 'numberOfPieces': '', 'skuClassification': 1, 'pieceUnitCode': 1, 'individuallyPacked': 0, 'netContentUnitCode': 1, 'netContentNumber': '', 'numberOfPiecesNew': '', 'pieceNewUnitCode': 1, 'mixedType': '', 'totalNetContentNumber': '', 'totalNetContentUnitCode': 1}}, 'sizeCharts': None, 'imgUrls': ['https://img.kwcdn.com/product/fancy/market/b2cae96089933a39e131bac5041fe3fd_7qdBPRi8Vzwk8.jpg', 'https://img.kwcdn.com/product/fancy/c0441dd9-5887-4e7e-ac1b-56e1df26ccdd.jpg', 'https://img.kwcdn.com/product/fancy/7524d92a-8c7c-49e3-8f68-1cc33beb2617.jpg', 'https://img.kwcdn.com/product/fancy/afda6b37-834a-43b8-87e4-66a56961696d.jpg', 'https://img.kwcdn.com/product/algo_check/auto/694b23fe1436971c26602d435abc2e62_1731215671152.jpg', 'https://img.kwcdn.com/product/open/215133cc15634b36b5eacc6b30ae096d-goods.jpeg', 'https://img.kwcdn.com/product/open/15a417a7d9a243c1a485dd4bebdd588f-goods.jpeg'], 'goodsLayerDecorationReqs': [{'type': 'image', 'content': {'imgUrl': 'https://img.kwcdn.com/product/fancy/c0441dd9-5887-4e7e-ac1b-56e1df26ccdd.jpg'}}, {'type': 'image', 'content': {'imgUrl': 'https://img.kwcdn.com/product/fancy/b5f85aaf-3dbf-4c93-8264-2b7dbfdd056a.jpg'}}, {'type': 'image', 'content': {'imgUrl': 'https://img.kwcdn.com/product/fancy/7524d92a-8c7c-49e3-8f68-1cc33beb2617.jpg'}}, {'type': 'image', 'content': {'imgUrl': 'https://img.kwcdn.com/product/fancy/afda6b37-834a-43b8-87e4-66a56961696d.jpg'}}, {'type': 'image', 'content': {'imgUrl': 'https://img.kwcdn.com/product/open/215133cc15634b36b5eacc6b30ae096d-goods.jpeg'}}, {'type': 'image', 'content': {'imgUrl': 'https://img.kwcdn.com/product/open/15a417a7d9a243c1a485dd4bebdd588f-goods.jpeg'}}], 'outerPackageShape': None, 'outerPackageType': None, 'outerPackageImgUrls': [], 'productOriginCountry': 'CN', 'productOriginProvince': '43000000000006', 'productOriginCertFiles': [], 'currency': 'CNY', 'multiLanguageTitleMap': {'en': 'This 1.8inch MP3 player comes with a 64GB TF card and offers a variety of functions, including music playback, e-book reading, alarm clock, and recording features, making it an ideal portable music device for sports and travel!'}, 'mainImgVideoUrl': '', 'mainImgAppVideoId': '', 'personalizationSwitch': '0', 'technologyType': '1', 'firstType': '', 'twiceType': [], 'version': 1, 'sourceProductCertifications': [], 'sourceItemMetaInfo': {'source': 'temu', 'sourceNameFw': 'Temu', 'sourceAddress': None, 'sourceAddressFw': None, 'sourceItemId': '601099736507455', 'oriItemNum': None, 'maxSkuPrice': 196.39}, 'cateList': ['电子产品', '电脑和配件'], 'sourceCid': 2732, 'originalSourceAttrs': [{'important': 1, 'values': ['可充电电池'], 'key': '电池属性', 'referenceId': 0, 'enhanceDisplay': 0, 'refPid': 2153}, {'important': 1, 'values': ['锂电池--聚合物'], 'key': '可充电电池', 'referenceId': 0, 'enhanceDisplay': 0, 'refPid': 2147}, {'important': 1, 'values': ['mp3'], 'key': '支持的标准', 'referenceId': 0, 'enhanceDisplay': 0, 'refPid': 422}, {'important': 1, 'values': ['液晶显示器'], 'key': '显示技术', 'referenceId': 0, 'enhanceDisplay': 0, 'refPid': 802}, {'important': 1, 'values': ['微型sd'], 'key': '媒体类型', 'referenceId': 0, 'enhanceDisplay': 0, 'refPid': 1160}, {'values': ['XBENDON'], 'key': '品牌名', 'referenceId': 1000000559014, 'enhanceDisplay': 0, 'refPid': 1960}, {'enhanceIcon': 'https://aimg.kwcdn.com/upload_aimg/temu/8dcd37b1-123a-4723-98c7-4c326c2ab3c0.png.slim.png', 'values': ['200'], 'key': '电池容量（mAh）', 'referenceId': 0, 'enhanceDisplay': 0, 'refPid': 2028}, {'copyable': 1, 'values': ['EP450598'], 'key': '商品编号', 'customProperty': 2, 'enhanceDisplay': 0}, {'values': ['Guangdong,China'], 'key': '产地', 'customProperty': 3}], 'editModel': 'site', 'cid': '2732', 'site': 'PDDKJ', 'shopIdAndGoodsModelReqMap': {}, 'sourceItemUrl': 'https://www.temu.com/search_result.html?search_key=601099736507455', 'source': 'temu', 'sourceSite': None, 'oldCid': '2732', 'outerGoodsUrl': '', 'inventoryRegion': 1, 'sizeAttributeValueGroupId': None, 'isBasePlate': 0, 'sourceList': [{'remark': None, 'sourceItemId': '601099736507455', 'source': 'temu', 'sourceSite': None, 'sourceItemUrl': 'https://www.temu.com/search_result.html?search_key=601099736507455'}], 'collectBoxDetailShopList': [{'shopId': '4720369', 'cid': '2732', 'minSkuPrice': 196.39, 'maxSkuPrice': 196.39, 'sizeTemplateId': None, 'isFullSave': 0, 'shopName': 'temu全托管102', 'breadcrumb': '电子>影音娱乐>MP3、MP4播放器', 'breadcrumbChinese': '电子>影音娱乐>MP3、MP4播放器', 'site': 'PDDKJ', 'currency': 'CNY', 'itemNum': None, 'brandId': None}, {'shopId': '8249645', 'cid': '2732', 'minSkuPrice': 196.39, 'maxSkuPrice': 196.39, 'sizeTemplateId': None, 'isFullSave': 0, 'shopName': 'temu全托管101', 'breadcrumb': '电子>影音娱乐>MP3、MP4播放器', 'breadcrumbChinese': '电子>影音娱乐>MP3、MP4播放器', 'site': 'PDDKJ', 'currency': 'CNY', 'itemNum': None, 'brandId': None}, {'shopId': '8368031', 'cid': '2732', 'minSkuPrice': 196.39, 'maxSkuPrice': 196.39, 'sizeTemplateId': None, 'isFullSave': 0, 'shopName': 'temu全托管103', 'breadcrumb': '电子>影音娱乐>MP3、MP4播放器', 'breadcrumbChinese': '电子>影音娱乐>MP3、MP4播放器', 'site': 'PDDKJ', 'currency': 'CNY', 'itemNum': None, 'brandId': None}], 'detailId': '2838010723', 'sourceNameFw': 'Temu', 'sourceAddress': None, 'sourceAddressFw': None, 'sourceItemId': '601099736507455', 'oriItemNum': None, 'maxSkuPrice': 196.39, 'generateItemNumSourceInfo': {'source': 'temu', 'sourceNameFw': 'Temu', 'sourceAddress': None, 'sourceAddressFw': None, 'sourceItemId': '601099736507455', 'oriItemNum': None, 'maxSkuPrice': 196.39}}
2026-04-10 18:21:21,811 | INFO | auto_listing | ✅ 找到类目 2732 的配置，包含 5 个属性
2026-04-10 18:21:21,811 | INFO | auto_listing | 商品类目ID: 2732, 使用配置修改商品信息
2026-04-10 18:21:21,811 | INFO | auto_listing | 已将属性替换为配置中的 5 个属性
2026-04-10 18:21:21,811 | INFO | auto_listing | 保存商品信息，类目ID: 2732
2026-04-10 18:21:21,871 | INFO | auto_listing | 2838011242:发布失败
2026-04-10 18:21:21,875 | INFO | auto_listing | 商品 601099745943708 重试次数: 1, 状态: pending
2026-04-10 18:21:22,083 | INFO | auto_listing | 修改商品信息响应：{'result': 'fail', 'reason': '该类目需要上传说明书，请上传后重试'}
2026-04-10 18:21:22,084 | INFO | auto_listing | 失败记录已保存到 D:\sd14\Auto_Listing\data\publish_fails.jsonl
2026-04-10 18:21:22,087 | INFO | auto_listing | 成功记录商品 601099756888552 的 1 个属性到CSV
2026-04-10 18:21:22,087 | INFO | auto_listing | 检测到需要添加说明书，正在添加说明书后重试...
2026-04-10 18:21:22,087 | INFO | auto_listing | ✅ 找到类目 25477 的配置，包含 3 个属性
2026-04-10 18:21:22,087 | INFO | auto_listing | 商品类目ID: 25477, 使用配置修改商品信息
2026-04-10 18:21:22,087 | INFO | auto_listing | 已将属性替换为配置中的 3 个属性
2026-04-10 18:21:22,088 | INFO | auto_listing | 保存商品信息，类目ID: 25477
2026-04-10 18:21:22,288 | INFO | auto_listing | 修改商品信息响应：{'result': 'fail', 'reason': '产品属性【无线属性】必填'}
2026-04-10 18:21:22,289 | INFO | auto_listing | 失败记录已保存到 D:\sd14\Auto_Listing\data\publish_fails.jsonl
2026-04-10 18:21:22,291 | INFO | auto_listing | 成功记录商品 601099736507455 的 7 个属性到CSV
2026-04-10 18:21:22,292 | ERROR | auto_listing | 保存失败: 产品属性【无线属性】必填
2026-04-10 18:21:22,641 | INFO | auto_listing | 2838010198:选择店铺成功
2026-04-10 18:21:22,692 | INFO | auto_listing | 2838010723:发布失败
2026-04-10 18:21:22,696 | INFO | auto_listing | 商品 601099736507455 重试次数: 1, 状态: pending
2026-04-10 18:21:22,720 | INFO | auto_listing | 修改商品信息响应：{'result': 'success', 'debugGStat': []}
2026-04-10 18:21:22,720 | INFO | auto_listing | 添加说明书后保存成功
2026-04-10 18:21:23,169 | INFO | auto_listing | 获取商品信息：{'title': '木制磁性字母迷宫学习玩具，启蒙智力发展早期教具精细运动技能玩具，儿童生日、万圣节、圣诞节礼物的感官玩具', 'itemNum': None, 'saleAttributes': [{'templatePid': '', 'pid': '', 'refPid': '', 'parentSpecId': 18012, 'name': '风格', 'values': [{'vid': 0, 'skuKey': 'ca2dbecc', 'name': '字母停车场'}]}], 'attributes': [{'templatePid': 1248051, 'pid': 1, 'refPid': 1920, 'name': '主体材质', 'values': [{'vid': 26020, 'name': '其它', 'valueUnit': ''}]}, {'templatePid': 1253651, 'pid': 13, 'refPid': 63, 'name': '颜色', 'values': [{'vid': 26419, 'name': '混合色', 'valueUnit': ''}]}], 'skuMap': {';ca2dbecc;': {'price': 57.42, 'originPrice': 57.42, 'stock': 11, 'itemNum': '601099692504373_字母停车场', 'length': None, 'width': None, 'height': None, 'weight': None, 'isSensitive': '0', 'sensitiveTypes': [], 'sensitiveLimit': [], 'barCodeType': 'UPC', 'barCode': '', 'imgUrl': 'https://img.kwcdn.com/product/fancy/5ef6539a-cc67-4e3f-9452-0c58274a1d6c.jpg', 'suggestedPrice': '', 'suggestedPriceCurrencyType': 'CNY', 'goodsSkuId': None, 'isSupplierDisable': '0', 'numberOfPieces': '', 'skuClassification': 1, 'pieceUnitCode': 1, 'individuallyPacked': 0, 'netContentUnitCode': 1, 'netContentNumber': '', 'numberOfPiecesNew': '', 'pieceNewUnitCode': 1, 'mixedType': '', 'totalNetContentNumber': '', 'totalNetContentUnitCode': 1}}, 'sizeCharts': None, 'imgUrls': ['https://img.kwcdn.com/product/fancy/5ef6539a-cc67-4e3f-9452-0c58274a1d6c.jpg', 'https://img.kwcdn.com/product/fancy/53e15108-48c3-4bd0-8d38-4077ab2e8a01.jpg', 'https://img.kwcdn.com/product/fancy/eba7ae00-78e6-4bd2-8ba2-cb12a315dedf.jpg', 'https://img.kwcdn.com/product/fancy/b3085f25-011d-4787-a7a6-c1a9260f231d.jpg', 'https://img.kwcdn.com/product/fancy/fa615996-bac3-4694-8ebc-cddd469fc3d9.jpg'], 'goodsLayerDecorationReqs': [{'type': 'image', 'content': {'imgUrl': 'https://img.kwcdn.com/product/fancy/b3085f25-011d-4787-a7a6-c1a9260f231d.jpg'}}, {'type': 'image', 'content': {'imgUrl': 'https://img.kwcdn.com/product/fancy/eba7ae00-78e6-4bd2-8ba2-cb12a315dedf.jpg'}}], 'outerPackageShape': None, 'outerPackageType': None, 'outerPackageImgUrls': [], 'productOriginCountry': 'CN', 'productOriginProvince': '43000000000006', 'productOriginCertFiles': [], 'currency': 'CNY', 'multiLanguageTitleMap': {'en': "Wooden magnetic letter maze learning toy, educational tool for early intellectual development and fine motor skills, sensory toy for children's birthday, Halloween, and Christmas gifts"}, 'mainImgVideoUrl': '', 'mainImgAppVideoId': '', 'personalizationSwitch': '0', 'technologyType': '1', 'firstType': '', 'twiceType': [], 'version': 1, 'sourceProductCertifications': [], 'sourceItemMetaInfo': {'source': 'temu', 'sourceNameFw': 'Temu', 'sourceAddress': None, 'sourceAddressFw': None, 'sourceItemId': '601099692504373', 'oriItemNum': None, 'maxSkuPrice': 57.42}, 'cateList': ['玩具与游戏', '新奇整蛊玩具'], 'sourceCid': 25477, 'originalSourceAttrs': [{'important': 1, 'values': ['3 岁+'], 'key': '适用年龄段', 'referenceId': 0, 'refPid': 1117}, {'important': 1, 'values': ['其它'], 'key': '主体材质', 'referenceId': 0, 'refPid': 1920}, {'values': ['混合色'], 'key': '颜色', 'referenceId': 0, 'refPid': 63}, {'copyable': 1, 'values': ['TC363442'], 'key': '商品编号', 'customProperty': 2}, {'values': ['Zhejiang,China'], 'key': '产地', 'customProperty': 3}], 'editModel': 'site', 'cid': '25477', 'site': 'PDDKJ', 'shopIdAndGoodsModelReqMap': {}, 'sourceItemUrl': 'https://www.temu.com/search_result.html?search_key=601099692504373', 'source': 'temu', 'sourceSite': None, 'oldCid': '25477', 'outerGoodsUrl': '', 'inventoryRegion': 1, 'sizeAttributeValueGroupId': None, 'isBasePlate': 0, 'sourceList': [{'remark': None, 'sourceItemId': '601099692504373', 'source': 'temu', 'sourceSite': None, 'sourceItemUrl': 'https://www.temu.com/search_result.html?search_key=601099692504373'}], 'collectBoxDetailShopList': [{'shopId': '4720369', 'cid': '25477', 'minSkuPrice': 57.42, 'maxSkuPrice': 57.42, 'sizeTemplateId': None, 'isFullSave': 0, 'shopName': 'temu全托管102', 'breadcrumb': '玩具与游戏>新奇玩具>磁力玩具', 'breadcrumbChinese': '玩具与游戏>新奇玩具>磁力玩具', 'site': 'PDDKJ', 'currency': 'CNY', 'itemNum': None, 'brandId': None}, {'shopId': '8249645', 'cid': '25477', 'minSkuPrice': 57.42, 'maxSkuPrice': 57.42, 'sizeTemplateId': None, 'isFullSave': 0, 'shopName': 'temu全托管101', 'breadcrumb': '玩具与游戏>新奇玩具>磁力玩具', 'breadcrumbChinese': '玩具与游戏>新奇玩具>磁力玩具', 'site': 'PDDKJ', 'currency': 'CNY', 'itemNum': None, 'brandId': None}, {'shopId': '8368031', 'cid': '25477', 'minSkuPrice': 57.42, 'maxSkuPrice': 57.42, 'sizeTemplateId': None, 'isFullSave': 0, 'shopName': 'temu全托管103', 'breadcrumb': '玩具与游戏>新奇玩具>磁力玩具', 'breadcrumbChinese': '玩具与游戏>新奇玩具>磁力玩具', 'site': 'PDDKJ', 'currency': 'CNY', 'itemNum': None, 'brandId': None}], 'detailId': '2838010198', 'sourceNameFw': 'Temu', 'sourceAddress': None, 'sourceAddressFw': None, 'sourceItemId': '601099692504373', 'oriItemNum': None, 'maxSkuPrice': 57.42, 'generateItemNumSourceInfo': {'source': 'temu', 'sourceNameFw': 'Temu', 'sourceAddress': None, 'sourceAddressFw': None, 'sourceItemId': '601099692504373', 'oriItemNum': None, 'maxSkuPrice': 57.42}}
2026-04-10 18:21:23,173 | INFO | auto_listing | ✅ 找到类目 25477 的配置，包含 3 个属性
2026-04-10 18:21:23,173 | INFO | auto_listing | 商品类目ID: 25477, 使用配置修改商品信息
2026-04-10 18:21:23,173 | INFO | auto_listing | 已将属性替换为配置中的 3 个属性
2026-04-10 18:21:23,173 | INFO | auto_listing | 保存商品信息，类目ID: 25477
2026-04-10 18:21:23,316 | INFO | auto_listing | 2838009464:选择店铺成功
2026-04-10 18:21:23,496 | INFO | auto_listing | 2838011596:发布成功
2026-04-10 18:21:23,621 | INFO | auto_listing | 修改商品信息响应：{'result': 'fail', 'reason': '该类目需要上传说明书，请上传后重试'}
2026-04-10 18:21:23,622 | INFO | auto_listing | 失败记录已保存到 D:\sd14\Auto_Listing\data\publish_fails.jsonl
2026-04-10 18:21:23,627 | INFO | auto_listing | 成功记录商品 601099692504373 的 2 个属性到CSV
2026-04-10 18:21:23,627 | INFO | auto_listing | 检测到需要添加说明书，正在添加说明书后重试...
2026-04-10 18:21:23,627 | INFO | auto_listing | ✅ 找到类目 25477 的配置，包含 3 个属性
2026-04-10 18:21:23,628 | INFO | auto_listing | 商品类目ID: 25477, 使用配置修改商品信息
2026-04-10 18:21:23,628 | INFO | auto_listing | 已将属性替换为配置中的 3 个属性
2026-04-10 18:21:23,628 | INFO | auto_listing | 保存商品信息，类目ID: 25477
2026-04-10 18:21:23,877 | INFO | auto_listing | 获取商品信息：{'title': "YFFIZQ 32GB MP3 Player Featuring Wireless 5.1, a 2.8'' Full Touch Screen, Designed for Music Enthusiasts. This Portable Hifi Lossless Sound MP4 Music Player Includes a Speaker, FM Radio, Recorder, E-Book Reader, Pedometer, Armband", 'itemNum': None, 'saleAttributes': [{'templatePid': '', 'pid': '', 'refPid': '', 'parentSpecId': 1001, 'name': '颜色', 'values': [{'vid': 0, 'skuKey': 'e90dfb84', 'name': 'Black'}, {'vid': 0, 'skuKey': '9594eec9', 'name': 'Blue'}]}], 'attributes': [{'templatePid': 398581, 'pid': 668, 'refPid': 422, 'name': '支持的标准', 'values': [{'vid': 18145, 'name': 'avi', 'valueUnit': ''}]}, {'templatePid': 602695, 'pid': 1467, 'refPid': 1960, 'name': '品牌名', 'values': [{'vid': 0, 'name': 'YFFIZQ', 'valueUnit': ''}]}], 'skuMap': {';e90dfb84;': {'price': 268.08, 'originPrice': 268.08, 'stock': 3, 'itemNum': '601099644495919_Black', 'length': None, 'width': None, 'height': None, 'weight': None, 'isSensitive': '0', 'sensitiveTypes': [], 'sensitiveLimit': [], 'barCodeType': 'UPC', 'barCode': '', 'imgUrl': 'https://img.kwcdn.com/product/fancy/95e94964-32f0-4b27-8677-5e395df13b45.jpg', 'suggestedPrice': '', 'suggestedPriceCurrencyType': 'CNY', 'goodsSkuId': None, 'isSupplierDisable': '0', 'numberOfPieces': '', 'skuClassification': 1, 'pieceUnitCode': 1, 'individuallyPacked': 0, 'netContentUnitCode': 1, 'netContentNumber': '', 'numberOfPiecesNew': '', 'pieceNewUnitCode': 1, 'mixedType': '', 'totalNetContentNumber': '', 'totalNetContentUnitCode': 1}, ';9594eec9;': {'price': 268.08, 'originPrice': 268.08, 'stock': 1, 'itemNum': '601099644495919_Blue', 'length': None, 'width': None, 'height': None, 'weight': None, 'isSensitive': '0', 'sensitiveTypes': [], 'sensitiveLimit': [], 'barCodeType': 'UPC', 'barCode': '', 'imgUrl': 'https://img.kwcdn.com/product/fancy/5d3e8eaa-d2a8-4a18-a4cf-b0574be5dc07.jpg', 'suggestedPrice': '', 'suggestedPriceCurrencyType': 'CNY', 'goodsSkuId': None, 'isSupplierDisable': '0', 'numberOfPieces': '', 'skuClassification': 1, 'pieceUnitCode': 1, 'individuallyPacked': 0, 'netContentUnitCode': 1, 'netContentNumber': '', 'numberOfPiecesNew': '', 'pieceNewUnitCode': 1, 'mixedType': '', 'totalNetContentNumber': '', 'totalNetContentUnitCode': 1}}, 'sizeCharts': None, 'imgUrls': ['https://img.kwcdn.com/product/fancy/fe64f450-a170-4964-861d-f7a29d974d79.jpg', 'https://img.kwcdn.com/product/fancy/95e94964-32f0-4b27-8677-5e395df13b45.jpg', 'https://img.kwcdn.com/product/fancy/ad9c8efc-f774-42dc-8ed0-abc5c9147de4.jpg', 'https://img.kwcdn.com/product/fancy/1f1f0df7-056f-4029-8fe6-d23488d75f1b.jpg', 'https://img.kwcdn.com/product/fancy/5d3e8eaa-d2a8-4a18-a4cf-b0574be5dc07.jpg', 'https://img.kwcdn.com/product/fancy/d7f5b219-d68b-4975-9508-80a8a98f0157.jpg', 'https://img.kwcdn.com/product/fancy/001797dc-a4de-4b52-b629-fa2f08d58bd7.jpg', 'https://img.kwcdn.com/product/fancy/1ef1246e-abae-4b85-8964-8dbba2669de2.jpg', 'https://img.kwcdn.com/product/fancy/b0011066-ccd0-4c10-9d2a-4afc69dda501.jpg', 'https://img.kwcdn.com/product/fancy/bacb87c4-6416-4796-864e-e5b4d29a1375.jpg'], 'goodsLayerDecorationReqs': [{'type': 'image', 'content': {'imgUrl': 'https://img.kwcdn.com/product/fancy/95e94964-32f0-4b27-8677-5e395df13b45.jpg'}}, {'type': 'image', 'content': {'imgUrl': 'https://img.kwcdn.com/product/fancy/fe64f450-a170-4964-861d-f7a29d974d79.jpg'}}, {'type': 'image', 'content': {'imgUrl': 'https://img.kwcdn.com/product/fancy/ad9c8efc-f774-42dc-8ed0-abc5c9147de4.jpg'}}, {'type': 'image', 'content': {'imgUrl': 'https://img.kwcdn.com/product/fancy/1f1f0df7-056f-4029-8fe6-d23488d75f1b.jpg'}}, {'type': 'image', 'content': {'imgUrl': 'https://img.kwcdn.com/product/fancy/d7f5b219-d68b-4975-9508-80a8a98f0157.jpg'}}, {'type': 'image', 'content': {'imgUrl': 'https://img.kwcdn.com/product/fancy/001797dc-a4de-4b52-b629-fa2f08d58bd7.jpg'}}, {'type': 'image', 'content': {'imgUrl': 'https://img.kwcdn.com/product/fancy/1ef1246e-abae-4b85-8964-8dbba2669de2.jpg'}}, {'type': 'image', 'content': {'imgUrl': 'https://img.kwcdn.com/product/fancy/b0011066-ccd0-4c10-9d2a-4afc69dda501.jpg'}}, {'type': 'image', 'content': {'imgUrl': 'https://img.kwcdn.com/product/fancy/bacb87c4-6416-4796-864e-e5b4d29a1375.jpg'}}], 'outerPackageShape': None, 'outerPackageType': None, 'outerPackageImgUrls': [], 'productOriginCountry': 'CN', 'productOriginProvince': '43000000000006', 'productOriginCertFiles': [], 'currency': 'CNY', 'multiLanguageTitleMap': {'en': "YFFIZQ 32GB MP3 Player Featuring Wireless 5.1, a 2.8'' Full Touch Screen, Designed for Music Enthusiasts. This Portable Hifi Lossless Sound MP4 Music Player Includes a Speaker, FM Radio, Recorder, E-Book Reader, Pedometer, Armband"}, 'mainImgVideoUrl': '', 'mainImgAppVideoId': '', 'personalizationSwitch': '0', 'technologyType': '1', 'firstType': '', 'twiceType': [], 'version': 1, 'sourceProductCertifications': [], 'sourceItemMetaInfo': {'source': 'temu', 'sourceNameFw': 'Temu', 'sourceAddress': None, 'sourceAddressFw': None, 'sourceItemId': '601099644495919', 'oriItemNum': None, 'maxSkuPrice': 268.08}, 'cateList': ['Electronics', 'Computer & Accessories'], 'sourceCid': 2732, 'originalSourceAttrs': [{'important': 1, 'values': ['Rechargeable Battery'], 'key': 'Battery Properties', 'referenceId': 0, 'enhanceDisplay': 0, 'refPid': 2153}, {'important': 1, 'values': ['Lithium Battery-Polymer'], 'key': 'Rechargeable Battery', 'referenceId': 0, 'enhanceDisplay': 0, 'refPid': 2147}, {'important': 1, 'values': ['Wireless'], 'key': 'Connectivity Technology', 'referenceId': 0, 'enhanceDisplay': 0, 'refPid': 170}, {'important': 1, 'values': ['Avi'], 'key': 'Supported Standards', 'referenceId': 0, 'enhanceDisplay': 0, 'refPid': 422}, {'important': 1, 'values': ['Lcd'], 'key': 'Display Technology', 'referenceId': 0, 'enhanceDisplay': 0, 'refPid': 802}, {'important': 1, 'values': ['Micro Sd'], 'key': 'Media Type', 'referenceId': 0, 'enhanceDisplay': 0, 'refPid': 1160}, {'important': 1, 'enhanceIcon': 'https://aimg.kwcdn.com/upload_aimg/temu/bcdaa283-279a-4e66-a2ad-aa7279a10c46.png.slim.png', 'values': ['Video Playback', 'FM Radio', 'Voice recorder'], 'key': 'Special Features', 'referenceId': 0, 'enhanceDisplay': 0, 'refPid': 143}, {'values': ['YFFIZQ'], 'key': 'Brand', 'referenceId': 411077927, 'enhanceDisplay': 0, 'refPid': 1960}, {'enhanceIcon': 'https://aimg.kwcdn.com/upload_aimg/temu/8dcd37b1-123a-4723-98c7-4c326c2ab3c0.png.slim.png', 'values': ['410'], 'key': 'Battery Capacity (mAh)', 'referenceId': 0, 'enhanceDisplay': 0, 'refPid': 2028}, {'values': ['See Product Details'], 'key': 'Voltage', 'referenceId': 0, 'enhanceDisplay': 0, 'refPid': 6677}, {'important': 1, 'values': ['wireless'], 'key': 'Wireless Property', 'referenceId': 0, 'enhanceDisplay': 0, 'refPid': 2149}, {'important': 1, 'values': ['Type-C Port Charging'], 'key': 'Product Charging Port', 'referenceId': 0, 'enhanceDisplay': 0, 'refPid': 6861}, {'important': 1, 'values': ['No'], 'key': 'Does It Support Coordinated Fast Charging?', 'referenceId': 0, 'enhanceDisplay': 0, 'refPid': 6848}, {'important': 1, 'values': ['No'], 'key': 'Does It Include A Charger?', 'referenceId': 0, 'enhanceDisplay': 0, 'refPid': 6852}, {'important': 1, 'values': ['1.7W'], 'key': 'Maximum Rated Power', 'referenceId': 0, 'enhanceDisplay': 0, 'refPid': 6857}, {'important': 1, 'values': ['0.4W'], 'key': 'Minimum Rated Power', 'referenceId': 0, 'enhanceDisplay': 0, 'refPid': 6856}, {'copyable': 1, 'values': ['GE265495'], 'key': 'Item ID', 'customProperty': 2, 'enhanceDisplay': 0}, {'values': ['Guangdong,China'], 'key': 'Origin', 'customProperty': 3}], 'editModel': 'site', 'cid': '2732', 'site': 'PDDKJ', 'shopIdAndGoodsModelReqMap': {}, 'sourceItemUrl': 'https://www.temu.com/search_result.html?search_key=601099644495919', 'source': 'temu', 'sourceSite': None, 'oldCid': '2732', 'outerGoodsUrl': '', 'inventoryRegion': 1, 'sizeAttributeValueGroupId': None, 'isBasePlate': 0, 'sourceList': [{'remark': None, 'sourceItemId': '601099644495919', 'source': 'temu', 'sourceSite': None, 'sourceItemUrl': 'https://www.temu.com/search_result.html?search_key=601099644495919'}], 'collectBoxDetailShopList': [{'shopId': '4720369', 'cid': '2732', 'minSkuPrice': 268.08, 'maxSkuPrice': 268.08, 'sizeTemplateId': None, 'isFullSave': 0, 'shopName': 'temu全托管102', 'breadcrumb': '电子>影音娱乐>MP3、MP4播放器', 'breadcrumbChinese': '电子>影音娱乐>MP3、MP4播放器', 'site': 'PDDKJ', 'currency': 'CNY', 'itemNum': None, 'brandId': None}, {'shopId': '8249645', 'cid': '2732', 'minSkuPrice': 268.08, 'maxSkuPrice': 268.08, 'sizeTemplateId': None, 'isFullSave': 0, 'shopName': 'temu全托管101', 'breadcrumb': '电子>影音娱乐>MP3、MP4播放器', 'breadcrumbChinese': '电子>影音娱乐>MP3、MP4播放器', 'site': 'PDDKJ', 'currency': 'CNY', 'itemNum': None, 'brandId': None}, {'shopId': '8368031', 'cid': '2732', 'minSkuPrice': 268.08, 'maxSkuPrice': 268.08, 'sizeTemplateId': None, 'isFullSave': 0, 'shopName': 'temu全托管103', 'breadcrumb': '电子>影音娱乐>MP3、MP4播放器', 'breadcrumbChinese': '电子>影音娱乐>MP3、MP4播放器', 'site': 'PDDKJ', 'currency': 'CNY', 'itemNum': None, 'brandId': None}], 'detailId': '2838009464', 'sourceNameFw': 'Temu', 'sourceAddress': None, 'sourceAddressFw': None, 'sourceItemId': '601099644495919', 'oriItemNum': None, 'maxSkuPrice': 268.08, 'generateItemNumSourceInfo': {'source': 'temu', 'sourceNameFw': 'Temu', 'sourceAddress': None, 'sourceAddressFw': None, 'sourceItemId': '601099644495919', 'oriItemNum': None, 'maxSkuPrice': 268.08}}
2026-04-10 18:21:23,878 | INFO | auto_listing | ✅ 找到类目 2732 的配置，包含 5 个属性
2026-04-10 18:21:23,878 | INFO | auto_listing | 商品类目ID: 2732, 使用配置修改商品信息
2026-04-10 18:21:23,878 | INFO | auto_listing | 已将属性替换为配置中的 5 个属性
2026-04-10 18:21:23,878 | INFO | auto_listing | 保存商品信息，类目ID: 2732
2026-04-10 18:21:24,156 | INFO | auto_listing | 2838009140:选择店铺成功
2026-04-10 18:21:24,185 | INFO | auto_listing | 修改商品信息响应：{'result': 'success', 'debugGStat': []}
2026-04-10 18:21:24,186 | INFO | auto_listing | 添加说明书后保存成功
2026-04-10 18:21:24,339 | INFO | auto_listing | 修改商品信息响应：{'result': 'fail', 'reason': '产品属性【无线属性】必填'}
2026-04-10 18:21:24,340 | INFO | auto_listing | 失败记录已保存到 D:\sd14\Auto_Listing\data\publish_fails.jsonl
2026-04-10 18:21:24,345 | INFO | auto_listing | 成功记录商品 601099644495919 的 2 个属性到CSV
2026-04-10 18:21:24,345 | ERROR | auto_listing | 保存失败: 产品属性【无线属性】必填
2026-04-10 18:21:24,724 | INFO | auto_listing | 获取商品信息：{'title': '68GB音乐播放器，MP3/MP4媒体播放器，无线5.0，便携式运动音箱带挂绳，高保真音质，电子书阅读器，闹钟录音机，含耳机，便携娱乐设备，时尚设计，坚固构造，数字录音机，科技爱好者，健身音乐，小巧便携，可靠设备，学生专用', 'itemNum': None, 'saleAttributes': [{'templatePid': '', 'pid': '', 'refPid': '', 'parentSpecId': 18014, 'name': '容量', 'values': [{'vid': 0, 'skuKey': 38027813, 'name': '黑色（4GB+64GB）'}]}], 'attributes': [{'templatePid': 866177, 'pid': 1539, 'refPid': 2153, 'name': '电池属性', 'values': [{'vid': 52029, 'name': '可充电电池', 'valueUnit': ''}]}, {'templatePid': 870794, 'pid': 1535, 'refPid': 2147, 'name': '可充电电池', 'values': [{'vid': 52038, 'name': '锂电池--聚合物', 'valueUnit': ''}]}, {'templatePid': 398585, 'pid': 165, 'refPid': 170, 'name': '连接技术', 'values': [{'vid': 3629, 'name': '蓝牙', 'valueUnit': ''}]}, {'templatePid': 398581, 'pid': 668, 'refPid': 422, 'name': '支持的标准', 'values': [{'vid': 18145, 'name': 'avi', 'valueUnit': ''}]}, {'templatePid': 398583, 'pid': 666, 'refPid': 802, 'name': '显示技术', 'values': [{'vid': 18126, 'name': '液晶显示器', 'valueUnit': ''}]}, {'templatePid': 398574, 'pid': 491, 'refPid': 1160, 'name': '媒体类型', 'values': [{'vid': 13754, 'name': '微型sd', 'valueUnit': ''}]}, {'templatePid': 398577, 'pid': 94, 'refPid': 143, 'name': '特殊功能', 'values': [{'vid': 12920, 'name': '高分辨率音频', 'valueUnit': ''}]}, {'templatePid': 602695, 'pid': 1467, 'refPid': 1960, 'name': '品牌名', 'values': [{'vid': 0, 'name': 'Cappsu', 'valueUnit': ''}]}, {'templatePid': 1198389, 'pid': 1485, 'refPid': 2028, 'name': '电池容量（mAh）', 'values': [{'vid': 0, 'name': '200', 'valueUnit': ''}]}, {'templatePid': 1254659, 'pid': 1155, 'refPid': 6677, 'name': '电压', 'values': [{'vid': 118285, 'name': '详见商品详情', 'valueUnit': ''}]}, {'templatePid': 1290260, 'pid': 1537, 'refPid': 2149, 'name': '无线属性', 'values': [{'vid': 51936, 'name': '含蓝牙功能', 'valueUnit': ''}]}, {'templatePid': 1290431, 'pid': 2030, 'refPid': 6861, 'name': '产品充电端口', 'values': [{'vid': 137925, 'name': 'type-c端口充电', 'valueUnit': ''}]}, {'templatePid': 1290464, 'pid': 2018, 'refPid': 6848, 'name': '是否支持协调快速充电', 'values': [{'vid': 127161, 'name': '否', 'valueUnit': ''}]}, {'templatePid': 1290497, 'pid': 2021, 'refPid': 6852, 'name': '是否含充电器', 'values': [{'vid': 127186, 'name': '否', 'valueUnit': ''}]}, {'templatePid': 1290530, 'pid': 2025, 'refPid': 6857, 'name': '最大额定功率', 'values': [{'vid': 0, 'name': '10W', 'valueUnit': ''}]}, {'templatePid': 1290563, 'pid': 2026, 'refPid': 6856, 'name': '最小额定功率', 'values': [{'vid': 0, 'name': '5W', 'valueUnit': ''}]}], 'skuMap': {';38027813;': {'price': 189.9, 'originPrice': 189.9, 'stock': 68, 'itemNum': '601099642934875_黑色（4GB+64GB）', 'length': None, 'width': None, 'height': None, 'weight': None, 'isSensitive': '0', 'sensitiveTypes': [], 'sensitiveLimit': [], 'barCodeType': 'UPC', 'barCode': '', 'imgUrl': 'https://img.kwcdn.com/product/fancy/af2b59ea-8f89-4ecd-86ab-a595d19d3c2c.jpg', 'suggestedPrice': '', 'suggestedPriceCurrencyType': 'CNY', 'goodsSkuId': None, 'isSupplierDisable': '0', 'numberOfPieces': '', 'skuClassification': 1, 'pieceUnitCode': 1, 'individuallyPacked': 0, 'netContentUnitCode': 1, 'netContentNumber': '', 'numberOfPiecesNew': '', 'pieceNewUnitCode': 1, 'mixedType': '', 'totalNetContentNumber': '', 'totalNetContentUnitCode': 1}}, 'sizeCharts': None, 'imgUrls': ['https://img.kwcdn.com/product/fancy/af2b59ea-8f89-4ecd-86ab-a595d19d3c2c.jpg', 'https://img.kwcdn.com/product/fancy/3e2e01ac-eba8-49dc-af8d-72b9503582fb.jpg', 'https://img.kwcdn.com/product/fancy/c2c532c6-52d0-4183-86ac-d4ea82f7104e.jpg', 'https://img.kwcdn.com/product/fancy/e624b266-236a-4724-9330-92c335fb5902.jpg', 'https://img.kwcdn.com/product/fancy/3807892f-de15-422d-9f69-15f1c0d30fce.jpg', 'https://img.kwcdn.com/product/fancy/99b70a90-c5f5-41c9-bb2e-8c067d8c309b.jpg', 'https://img.kwcdn.com/product/Fancyalgo/VirtualModelMatting/83623fd09c428c5acadae4027d6d0dde.jpg', 'https://img.kwcdn.com/product/Fancyalgo/VirtualModelMatting/660f9b27107dcb9dfb14c3e0789cf024.jpg'], 'goodsLayerDecorationReqs': [{'type': 'image', 'content': {'imgUrl': 'https://img.kwcdn.com/product/fancy/1a70a438-c910-47f2-99ec-8f97b9137f77.jpg'}}, {'type': 'image', 'content': {'imgUrl': 'https://img.kwcdn.com/product/fancy/6a5785a3-4b71-4530-8f29-99dbdd436a82.jpg'}}, {'type': 'image', 'content': {'imgUrl': 'https://img.kwcdn.com/product/fancy/adfb5b77-be3f-49dd-a1c1-404542802c99.jpg'}}, {'type': 'image', 'content': {'imgUrl': 'https://img.kwcdn.com/product/fancy/038b5d30-1c59-4dd1-99ed-a89cb1a70c0b.jpg'}}, {'type': 'image', 'content': {'imgUrl': 'https://img.kwcdn.com/product/fancy/9d3011b5-5a86-4835-b9b3-e443863dbff6.jpg'}}, {'type': 'image', 'content': {'imgUrl': 'https://img.kwcdn.com/product/fancy/088200bf-1fa1-42b7-a306-1aa502db42fd.jpg'}}, {'type': 'image', 'content': {'imgUrl': 'https://img.kwcdn.com/product/fancy/691c9c5f-bf4c-484a-b0fd-6ef3af9a0872.jpg'}}, {'type': 'image', 'content': {'imgUrl': 'https://img.kwcdn.com/product/fancy/ab22b91d-dc3a-4d15-b47e-18e8e4caeff3.jpg'}}], 'outerPackageShape': None, 'outerPackageType': None, 'outerPackageImgUrls': [], 'productOriginCountry': 'CN', 'productOriginProvince': '43000000000006', 'productOriginCertFiles': [], 'currency': 'CNY', 'multiLanguageTitleMap': {'en': '68GB music player, MP3/MP4 media player, wireless 5.0, portable sports speaker with lanyard, high-fidelity sound quality, e-book reader, alarm clock and recorder, includes headphones, portable entertainment device, stylish design, sturdy construction, digital recorder, for tech enthusiasts, fitness music, compact and portable, reliable device, student-specific'}, 'mainImgVideoUrl': '', 'mainImgAppVideoId': '', 'personalizationSwitch': '0', 'technologyType': '1', 'firstType': '', 'twiceType': [], 'version': 1, 'sourceProductCertifications': [], 'sourceItemMetaInfo': {'source': 'temu', 'sourceNameFw': 'Temu', 'sourceAddress': None, 'sourceAddressFw': None, 'sourceItemId': '601099642934875', 'oriItemNum': None, 'maxSkuPrice': 189.9}, 'cateList': ['电子产品', '电脑和配件'], 'sourceCid': 2732, 'originalSourceAttrs': [{'important': 1, 'values': ['可充电电池'], 'key': '电池属性', 'referenceId': 0, 'enhanceDisplay': 0, 'refPid': 2153}, {'important': 1, 'values': ['锂电池--聚合物'], 'key': '可充电电池', 'referenceId': 0, 'enhanceDisplay': 0, 'refPid': 2147}, {'important': 1, 'values': ['蓝牙'], 'key': '连接技术', 'referenceId': 0, 'enhanceDisplay': 0, 'refPid': 170}, {'important': 1, 'values': ['avi'], 'key': '支持的标准', 'referenceId': 0, 'enhanceDisplay': 0, 'refPid': 422}, {'important': 1, 'values': ['液晶显示器'], 'key': '显示技术', 'referenceId': 0, 'enhanceDisplay': 0, 'refPid': 802}, {'important': 1, 'values': ['微型sd'], 'key': '媒体类型', 'referenceId': 0, 'enhanceDisplay': 0, 'refPid': 1160}, {'important': 1, 'enhanceIcon': 'https://aimg.kwcdn.com/upload_aimg/temu/bcdaa283-279a-4e66-a2ad-aa7279a10c46.png.slim.png', 'values': ['高分辨率音频'], 'key': '特殊功能', 'referenceId': 0, 'enhanceDisplay': 0, 'refPid': 143}, {'values': ['Cappsu'], 'key': '品牌名', 'referenceId': 1000001041005, 'enhanceDisplay': 0, 'refPid': 1960}, {'enhanceIcon': 'https://aimg.kwcdn.com/upload_aimg/temu/8dcd37b1-123a-4723-98c7-4c326c2ab3c0.png.slim.png', 'values': ['200'], 'key': '电池容量（mAh）', 'referenceId': 0, 'enhanceDisplay': 0, 'refPid': 2028}, {'values': ['详见商品详情'], 'key': '电压', 'referenceId': 0, 'enhanceDisplay': 0, 'refPid': 6677}, {'important': 1, 'values': ['含蓝牙功能'], 'key': '无线属性', 'referenceId': 0, 'enhanceDisplay': 0, 'refPid': 2149}, {'important': 1, 'values': ['type-c端口充电'], 'key': '产品充电端口', 'referenceId': 0, 'enhanceDisplay': 0, 'refPid': 6861}, {'important': 1, 'values': ['否'], 'key': '是否支持协调快速充电', 'referenceId': 0, 'enhanceDisplay': 0, 'refPid': 6848}, {'important': 1, 'values': ['否'], 'key': '是否含充电器', 'referenceId': 0, 'enhanceDisplay': 0, 'refPid': 6852}, {'important': 1, 'values': ['10W'], 'key': '最大额定功率', 'referenceId': 0, 'enhanceDisplay': 0, 'refPid': 6857}, {'important': 1, 'values': ['5W'], 'key': '最小额定功率', 'referenceId': 0, 'enhanceDisplay': 0, 'refPid': 6856}, {'copyable': 1, 'values': ['KJ262256'], 'key': '商品编号', 'customProperty': 2, 'enhanceDisplay': 0}, {'values': ['Guangdong,China'], 'key': '产地', 'customProperty': 3}], 'editModel': 'site', 'cid': '2732', 'site': 'PDDKJ', 'shopIdAndGoodsModelReqMap': {}, 'sourceItemUrl': 'https://www.temu.com/search_result.html?search_key=601099642934875', 'source': 'temu', 'sourceSite': None, 'oldCid': '2732', 'outerGoodsUrl': '', 'inventoryRegion': 1, 'sizeAttributeValueGroupId': None, 'isBasePlate': 0, 'sourceList': [{'remark': None, 'sourceItemId': '601099642934875', 'source': 'temu', 'sourceSite': None, 'sourceItemUrl': 'https://www.temu.com/search_result.html?search_key=601099642934875'}], 'collectBoxDetailShopList': [{'shopId': '4720369', 'cid': '2732', 'minSkuPrice': 189.9, 'maxSkuPrice': 189.9, 'sizeTemplateId': None, 'isFullSave': 0, 'shopName': 'temu全托管102', 'breadcrumb': '电子>影音娱乐>MP3、MP4播放器', 'breadcrumbChinese': '电子>影音娱乐>MP3、MP4播放器', 'site': 'PDDKJ', 'currency': 'CNY', 'itemNum': None, 'brandId': None}, {'shopId': '8249645', 'cid': '2732', 'minSkuPrice': 189.9, 'maxSkuPrice': 189.9, 'sizeTemplateId': None, 'isFullSave': 0, 'shopName': 'temu全托管101', 'breadcrumb': '电子>影音娱乐>MP3、MP4播放器', 'breadcrumbChinese': '电子>影音娱乐>MP3、MP4播放器', 'site': 'PDDKJ', 'currency': 'CNY', 'itemNum': None, 'brandId': None}, {'shopId': '8368031', 'cid': '2732', 'minSkuPrice': 189.9, 'maxSkuPrice': 189.9, 'sizeTemplateId': None, 'isFullSave': 0, 'shopName': 'temu全托管103', 'breadcrumb': '电子>影音娱乐>MP3、MP4播放器', 'breadcrumbChinese': '电子>影音娱乐>MP3、MP4播放器', 'site': 'PDDKJ', 'currency': 'CNY', 'itemNum': None, 'brandId': None}], 'detailId': '2838009140', 'sourceNameFw': 'Temu', 'sourceAddress': None, 'sourceAddressFw': None, 'sourceItemId': '601099642934875', 'oriItemNum': None, 'maxSkuPrice': 189.9, 'generateItemNumSourceInfo': {'source': 'temu', 'sourceNameFw': 'Temu', 'sourceAddress': None, 'sourceAddressFw': None, 'sourceItemId': '601099642934875', 'oriItemNum': None, 'maxSkuPrice': 189.9}}
2026-04-10 18:21:24,727 | INFO | auto_listing | ✅ 找到类目 2732 的配置，包含 5 个属性
2026-04-10 18:21:24,727 | INFO | auto_listing | 商品类目ID: 2732, 使用配置修改商品信息
2026-04-10 18:21:24,727 | INFO | auto_listing | 已将属性替换为配置中的 5 个属性
2026-04-10 18:21:24,727 | INFO | auto_listing | 保存商品信息，类目ID: 2732
2026-04-10 18:21:24,770 | INFO | auto_listing | 2838009464:发布失败
2026-04-10 18:21:24,776 | INFO | auto_listing | 商品 601099644495919 重试次数: 1, 状态: pending
2026-04-10 18:21:24,935 | INFO | auto_listing | 2838010198:发布成功
2026-04-10 18:21:25,206 | INFO | auto_listing | 修改商品信息响应：{'result': 'fail', 'reason': '产品属性【无线属性】必填'}
2026-04-10 18:21:25,207 | INFO | auto_listing | 失败记录已保存到 D:\sd14\Auto_Listing\data\publish_fails.jsonl
2026-04-10 18:21:25,209 | INFO | auto_listing | 成功记录商品 601099642934875 的 16 个属性到CSV
2026-04-10 18:21:25,209 | ERROR | auto_listing | 保存失败: 产品属性【无线属性】必填
2026-04-10 18:21:25,438 | INFO | auto_listing | 2837994599:选择店铺成功
2026-04-10 18:21:25,658 | INFO | auto_listing | 2838009140:发布失败
2026-04-10 18:21:25,661 | INFO | auto_listing | 商品 601099642934875 重试次数: 1, 状态: pending
2026-04-10 18:21:25,716 | INFO | auto_listing | 2837994083:选择店铺成功
2026-04-10 18:21:25,951 | INFO | auto_listing | 获取商品信息：{'title': '64GB便携式MP3音乐播放器，带触摸屏、内置高清扬声器、FM收音机和电子书功能——运动与旅行的紧凑设计', 'itemNum': None, 'saleAttributes': [{'templatePid': '', 'pid': '', 'refPid': '', 'parentSpecId': 18014, 'name': '容量', 'values': [{'vid': 0, 'skuKey': '4e40aa0d', 'name': '64GB'}]}], 'attributes': [{'templatePid': 866177, 'pid': 1539, 'refPid': 2153, 'name': '电池属性', 'values': [{'vid': 52029, 'name': '可充电电池', 'valueUnit': ''}]}, {'templatePid': 870794, 'pid': 1535, 'refPid': 2147, 'name': '可充电电池', 'values': [{'vid': 52038, 'name': '锂电池--聚合物', 'valueUnit': ''}]}, {'templatePid': 398585, 'pid': 165, 'refPid': 170, 'name': '连接技术', 'values': [{'vid': 3629, 'name': '蓝牙', 'valueUnit': ''}]}, {'templatePid': 398581, 'pid': 668, 'refPid': 422, 'name': '支持的标准', 'values': [{'vid': 18151, 'name': 'mp3', 'valueUnit': ''}]}, {'templatePid': 398583, 'pid': 666, 'refPid': 802, 'name': '显示技术', 'values': [{'vid': 18126, 'name': '液晶显示器', 'valueUnit': ''}]}, {'templatePid': 398574, 'pid': 491, 'refPid': 1160, 'name': '媒体类型', 'values': [{'vid': 18131, 'name': 'sd卡', 'valueUnit': ''}]}, {'templatePid': 398577, 'pid': 94, 'refPid': 143, 'name': '特殊功能', 'values': [{'vid': 18137, 'name': '录音机', 'valueUnit': ''}]}, {'templatePid': 602695, 'pid': 1467, 'refPid': 1960, 'name': '品牌名', 'values': [{'vid': 0, 'name': 'EVISTA', 'valueUnit': ''}]}, {'templatePid': 1198389, 'pid': 1485, 'refPid': 2028, 'name': '电池容量（mAh）', 'values': [{'vid': 0, 'name': '200', 'valueUnit': ''}]}, {'templatePid': 1254659, 'pid': 1155, 'refPid': 6677, 'name': '电压', 'values': [{'vid': 118285, 'name': '详见商品详情', 'valueUnit': ''}]}, {'templatePid': 1290260, 'pid': 1537, 'refPid': 2149, 'name': '无线属性', 'values': [{'vid': 51936, 'name': '含蓝牙功能', 'valueUnit': ''}]}, {'templatePid': 1290431, 'pid': 2030, 'refPid': 6861, 'name': '产品充电端口', 'values': [{'vid': 137925, 'name': 'type-c端口充电', 'valueUnit': ''}]}, {'templatePid': 1290464, 'pid': 2018, 'refPid': 6848, 'name': '是否支持协调快速充电', 'values': [{'vid': 127161, 'name': '否', 'valueUnit': ''}]}, {'templatePid': 1290497, 'pid': 2021, 'refPid': 6852, 'name': '是否含充电器', 'values': [{'vid': 127186, 'name': '否', 'valueUnit': ''}]}, {'templatePid': 1290530, 'pid': 2025, 'refPid': 6857, 'name': '最大额定功率', 'values': [{'vid': 0, 'name': '1.25W', 'valueUnit': ''}]}, {'templatePid': 1290563, 'pid': 2026, 'refPid': 6856, 'name': '最小额定功率', 'values': [{'vid': 0, 'name': '0.05W', 'valueUnit': ''}]}], 'skuMap': {';4e40aa0d;': {'price': 228.15, 'originPrice': 228.15, 'stock': 1, 'itemNum': '601099517614977_64GB', 'length': None, 'width': None, 'height': None, 'weight': None, 'isSensitive': '0', 'sensitiveTypes': [], 'sensitiveLimit': [], 'barCodeType': 'UPC', 'barCode': '', 'imgUrl': 'https://img.kwcdn.com/product/Fancyalgo/VirtualModelMatting/0dc4fe7f5e88a08fc98f110fbc1f9fab.jpg', 'suggestedPrice': '', 'suggestedPriceCurrencyType': 'CNY', 'goodsSkuId': None, 'isSupplierDisable': '0', 'numberOfPieces': '', 'skuClassification': 1, 'pieceUnitCode': 1, 'individuallyPacked': 0, 'netContentUnitCode': 1, 'netContentNumber': '', 'numberOfPiecesNew': '', 'pieceNewUnitCode': 1, 'mixedType': '', 'totalNetContentNumber': '', 'totalNetContentUnitCode': 1}}, 'sizeCharts': None, 'imgUrls': ['https://img.kwcdn.com/product/Fancyalgo/VirtualModelMatting/0dc4fe7f5e88a08fc98f110fbc1f9fab.jpg', 'https://img.kwcdn.com/product/fancy/18c19094-ff93-4f2e-9712-a3fe3cf52de3.jpg', 'https://img.kwcdn.com/product/Fancyalgo/VirtualModelMatting/480f8251a0c648827252e23c0d6273bf.jpg', 'https://img.kwcdn.com/product/Fancyalgo/VirtualModelMatting/ad89b51a819e95f712866ddd99fc47d4.jpg', 'https://img.kwcdn.com/product/Fancyalgo/VirtualModelMatting/0cdd6655bcdd4bde911210861d482fed.jpg'], 'goodsLayerDecorationReqs': [{'type': 'image', 'content': {'imgUrl': 'https://img.kwcdn.com/product/fancy/18c19094-ff93-4f2e-9712-a3fe3cf52de3.jpg'}}, {'type': 'image', 'content': {'imgUrl': 'https://img.kwcdn.com/product/Fancyalgo/VirtualModelMatting/0dc4fe7f5e88a08fc98f110fbc1f9fab.jpg'}}, {'type': 'image', 'content': {'imgUrl': 'https://img.kwcdn.com/product/Fancyalgo/VirtualModelMatting/480f8251a0c648827252e23c0d6273bf.jpg'}}, {'type': 'image', 'content': {'imgUrl': 'https://img.kwcdn.com/product/Fancyalgo/VirtualModelMatting/ad89b51a819e95f712866ddd99fc47d4.jpg'}}, {'type': 'image', 'content': {'imgUrl': 'https://img.kwcdn.com/product/Fancyalgo/VirtualModelMatting/0cdd6655bcdd4bde911210861d482fed.jpg'}}], 'outerPackageShape': None, 'outerPackageType': None, 'outerPackageImgUrls': [], 'productOriginCountry': 'CN', 'productOriginProvince': '43000000000006', 'productOriginCertFiles': [], 'currency': 'CNY', 'multiLanguageTitleMap': {'en': '64GB portable MP3 music player with touch screen, built-in HD speaker, FM radio and e-book function - compact design for sports and travel'}, 'mainImgVideoUrl': '', 'mainImgAppVideoId': '', 'personalizationSwitch': '0', 'technologyType': '1', 'firstType': '', 'twiceType': [], 'version': 1, 'sourceProductCertifications': [], 'sourceItemMetaInfo': {'source': 'temu', 'sourceNameFw': 'Temu', 'sourceAddress': None, 'sourceAddressFw': None, 'sourceItemId': '601099517614977', 'oriItemNum': None, 'maxSkuPrice': 228.15}, 'cateList': ['电子产品', '电脑和配件'], 'sourceCid': 2732, 'originalSourceAttrs': [{'important': 1, 'values': ['可充电电池'], 'key': '电池属性', 'referenceId': 0, 'enhanceDisplay': 0, 'refPid': 2153}, {'important': 1, 'values': ['锂电池--聚合物'], 'key': '可充电电池', 'referenceId': 0, 'enhanceDisplay': 0, 'refPid': 2147}, {'important': 1, 'values': ['蓝牙'], 'key': '连接技术', 'referenceId': 0, 'enhanceDisplay': 0, 'refPid': 170}, {'important': 1, 'values': ['mp3'], 'key': '支持的标准', 'referenceId': 0, 'enhanceDisplay': 0, 'refPid': 422}, {'important': 1, 'values': ['液晶显示器'], 'key': '显示技术', 'referenceId': 0, 'enhanceDisplay': 0, 'refPid': 802}, {'important': 1, 'values': ['sd卡'], 'key': '媒体类型', 'referenceId': 0, 'enhanceDisplay': 0, 'refPid': 1160}, {'important': 1, 'enhanceIcon': 'https://aimg.kwcdn.com/upload_aimg/temu/bcdaa283-279a-4e66-a2ad-aa7279a10c46.png.slim.png', 'values': ['录音机'], 'key': '特殊功能', 'referenceId': 0, 'enhanceDisplay': 0, 'refPid': 143}, {'values': ['EVISTA'], 'key': '品牌名', 'referenceId': 500806878, 'enhanceDisplay': 0, 'refPid': 1960}, {'enhanceIcon': 'https://aimg.kwcdn.com/upload_aimg/temu/8dcd37b1-123a-4723-98c7-4c326c2ab3c0.png.slim.png', 'values': ['200'], 'key': '电池容量（mAh）', 'referenceId': 0, 'enhanceDisplay': 0, 'refPid': 2028}, {'values': ['详见商品详情'], 'key': '电压', 'referenceId': 0, 'enhanceDisplay': 0, 'refPid': 6677}, {'important': 1, 'values': ['含蓝牙功能'], 'key': '无线属性', 'referenceId': 0, 'enhanceDisplay': 0, 'refPid': 2149}, {'important': 1, 'values': ['type-c端口充电'], 'key': '产品充电端口', 'referenceId': 0, 'enhanceDisplay': 0, 'refPid': 6861}, {'important': 1, 'values': ['否'], 'key': '是否支持协调快速充电', 'referenceId': 0, 'enhanceDisplay': 0, 'refPid': 6848}, {'important': 1, 'values': ['否'], 'key': '是否含充电器', 'referenceId': 0, 'enhanceDisplay': 0, 'refPid': 6852}, {'important': 1, 'values': ['1.25W'], 'key': '最大额定功率', 'referenceId': 0, 'enhanceDisplay': 0, 'refPid': 6857}, {'important': 1, 'values': ['0.05W'], 'key': '最小额定功率', 'referenceId': 0, 'enhanceDisplay': 0, 'refPid': 6856}, {'copyable': 1, 'values': ['FB12213'], 'key': '商品编号', 'customProperty': 2, 'enhanceDisplay': 0}, {'values': ['Guangdong,China'], 'key': '产地', 'customProperty': 3}], 'editModel': 'site', 'cid': '2732', 'site': 'PDDKJ', 'shopIdAndGoodsModelReqMap': {}, 'sourceItemUrl': 'https://www.temu.com/search_result.html?search_key=601099517614977', 'source': 'temu', 'sourceSite': None, 'oldCid': '2732', 'outerGoodsUrl': '', 'inventoryRegion': 1, 'sizeAttributeValueGroupId': None, 'isBasePlate': 0, 'sourceList': [{'remark': None, 'sourceItemId': '601099517614977', 'source': 'temu', 'sourceSite': None, 'sourceItemUrl': 'https://www.temu.com/search_result.html?search_key=601099517614977'}], 'collectBoxDetailShopList': [{'shopId': '4720369', 'cid': '2732', 'minSkuPrice': 228.15, 'maxSkuPrice': 228.15, 'sizeTemplateId': None, 'isFullSave': 0, 'shopName': 'temu全托管102', 'breadcrumb': '电子>影音娱乐>MP3、MP4播放器', 'breadcrumbChinese': '电子>影音娱乐>MP3、MP4播放器', 'site': 'PDDKJ', 'currency': 'CNY', 'itemNum': None, 'brandId': None}, {'shopId': '8249645', 'cid': '2732', 'minSkuPrice': 228.15, 'maxSkuPrice': 228.15, 'sizeTemplateId': None, 'isFullSave': 0, 'shopName': 'temu全托管101', 'breadcrumb': '电子>影音娱乐>MP3、MP4播放器', 'breadcrumbChinese': '电子>影音娱乐>MP3、MP4播放器', 'site': 'PDDKJ', 'currency': 'CNY', 'itemNum': None, 'brandId': None}, {'shopId': '8368031', 'cid': '2732', 'minSkuPrice': 228.15, 'maxSkuPrice': 228.15, 'sizeTemplateId': None, 'isFullSave': 0, 'shopName': 'temu全托管103', 'breadcrumb': '电子>影音娱乐>MP3、MP4播放器', 'breadcrumbChinese': '电子>影音娱乐>MP3、MP4播放器', 'site': 'PDDKJ', 'currency': 'CNY', 'itemNum': None, 'brandId': None}], 'detailId': '2837994599', 'sourceNameFw': 'Temu', 'sourceAddress': None, 'sourceAddressFw': None, 'sourceItemId': '601099517614977', 'oriItemNum': None, 'maxSkuPrice': 228.15, 'generateItemNumSourceInfo': {'source': 'temu', 'sourceNameFw': 'Temu', 'sourceAddress': None, 'sourceAddressFw': None, 'sourceItemId': '601099517614977', 'oriItemNum': None, 'maxSkuPrice': 228.15}}
2026-04-10 18:21:25,956 | INFO | auto_listing | ✅ 找到类目 2732 的配置，包含 5 个属性
2026-04-10 18:21:25,956 | INFO | auto_listing | 商品类目ID: 2732, 使用配置修改商品信息
2026-04-10 18:21:25,956 | INFO | auto_listing | 已将属性替换为配置中的 5 个属性
2026-04-10 18:21:25,956 | INFO | auto_listing | 保存商品信息，类目ID: 2732
2026-04-10 18:21:26,260 | INFO | auto_listing | 获取商品信息：{'title': '3.0”电容触摸媒体MP3/MP4播放器音乐·视频·电子书·字典支持128G。不包括存储卡', 'itemNum': None, 'saleAttributes': [{'templatePid': '', 'pid': '', 'refPid': '', 'parentSpecId': 1001, 'name': '颜色', 'values': [{'vid': 0, 'skuKey': 'e90dfb84', 'name': 'Black'}]}], 'attributes': [{'templatePid': 866177, 'pid': 1539, 'refPid': 2153, 'name': '电池属性', 'values': [{'vid': 52029, 'name': '可充电电池', 'valueUnit': ''}]}, {'templatePid': 870794, 'pid': 1535, 'refPid': 2147, 'name': '可充电电池', 'values': [{'vid': 52038, 'name': '锂电池--聚合物', 'valueUnit': ''}]}, {'templatePid': 398585, 'pid': 165, 'refPid': 170, 'name': '连接技术', 'values': [{'vid': 18124, 'name': 'aux', 'valueUnit': ''}]}, {'templatePid': 398581, 'pid': 668, 'refPid': 422, 'name': '支持的标准', 'values': [{'vid': 18145, 'name': 'avi', 'valueUnit': ''}]}, {'templatePid': 398583, 'pid': 666, 'refPid': 802, 'name': '显示技术', 'values': [{'vid': 18126, 'name': '液晶显示器', 'valueUnit': ''}]}, {'templatePid': 398574, 'pid': 491, 'refPid': 1160, 'name': '媒体类型', 'values': [{'vid': 13754, 'name': '微型sd', 'valueUnit': ''}]}, {'templatePid': 398577, 'pid': 94, 'refPid': 143, 'name': '特殊功能', 'values': [{'vid': 18134, 'name': '视频播放', 'valueUnit': ''}]}, {'templatePid': 602695, 'pid': 1467, 'refPid': 1960, 'name': '品牌名', 'values': [{'vid': 0, 'name': 'CUREAR', 'valueUnit': ''}]}, {'templatePid': 1198389, 'pid': 1485, 'refPid': 2028, 'name': '电池容量（mAh）', 'values': [{'vid': 0, 'name': '4000', 'valueUnit': ''}]}, {'templatePid': 1254659, 'pid': 1155, 'refPid': 6677, 'name': '电压', 'values': [{'vid': 118289, 'name': '不适用', 'valueUnit': ''}]}], 'skuMap': {';e90dfb84;': {'price': 96.75, 'originPrice': 96.75, 'stock': 99, 'itemNum': '606539792401682_Black', 'length': None, 'width': None, 'height': None, 'weight': None, 'isSensitive': '0', 'sensitiveTypes': [], 'sensitiveLimit': [], 'barCodeType': 'UPC', 'barCode': '', 'imgUrl': 'https://img.kwcdn.com/product/fancy/762d5810-00bd-4b52-a01c-a634dc5e1dbf.jpg', 'suggestedPrice': '', 'suggestedPriceCurrencyType': 'CNY', 'goodsSkuId': None, 'isSupplierDisable': '0', 'numberOfPieces': '', 'skuClassification': 1, 'pieceUnitCode': 1, 'individuallyPacked': 0, 'netContentUnitCode': 1, 'netContentNumber': '', 'numberOfPiecesNew': '', 'pieceNewUnitCode': 1, 'mixedType': '', 'totalNetContentNumber': '', 'totalNetContentUnitCode': 1}}, 'sizeCharts': None, 'imgUrls': ['https://img.kwcdn.com/product/fancy/762d5810-00bd-4b52-a01c-a634dc5e1dbf.jpg', 'https://img.kwcdn.com/product/fancy/31673f65-1d2b-4a1b-a623-4121410801a9.jpg', 'https://img.kwcdn.com/product/fancy/52fa575f-0196-4b81-a699-8e4f701c1134.jpg', 'https://img.kwcdn.com/product/fancy/e8df8db1-6f94-451e-b83a-12dd5fefcffb.jpg', 'https://img.kwcdn.com/product/fancy/070ed557-cfc4-4a3b-845e-7d5d32464409.jpg', 'https://img.kwcdn.com/product/fancy/0ceaa86c-3a16-49f8-9454-1ef19cdf7492.jpg', 'https://img.kwcdn.com/product/fancy/2ea5e593-7175-475c-b981-07ab7d696e76.jpg', 'https://img.kwcdn.com/product/fancy/530046b9-422e-4876-bc2d-ba6bd0bd3684.jpg', 'https://img.kwcdn.com/product/fancy/eb363321-cd57-4e33-93d8-af81ae6e1a32.jpg'], 'goodsLayerDecorationReqs': [{'type': 'image', 'content': {'imgUrl': 'https://img.kwcdn.com/product/fancy/762d5810-00bd-4b52-a01c-a634dc5e1dbf.jpg'}}, {'type': 'image', 'content': {'imgUrl': 'https://img.kwcdn.com/product/fancy/14e804d5-2306-4b78-8171-7a859ffc06eb.jpg'}}, {'type': 'image', 'content': {'imgUrl': 'https://img.kwcdn.com/product/fancy/070ed557-cfc4-4a3b-845e-7d5d32464409.jpg'}}, {'type': 'image', 'content': {'imgUrl': 'https://img.kwcdn.com/product/fancy/530046b9-422e-4876-bc2d-ba6bd0bd3684.jpg'}}, {'type': 'image', 'content': {'imgUrl': 'https://img.kwcdn.com/product/fancy/2ea5e593-7175-475c-b981-07ab7d696e76.jpg'}}, {'type': 'image', 'content': {'imgUrl': 'https://img.kwcdn.com/product/fancy/eb363321-cd57-4e33-93d8-af81ae6e1a32.jpg'}}], 'outerPackageShape': None, 'outerPackageType': None, 'outerPackageImgUrls': [], 'productOriginCountry': 'CN', 'productOriginProvince': '43000000000006', 'productOriginCertFiles': [], 'currency': 'CNY', 'multiLanguageTitleMap': {'en': '3.0” Capacitive Touch Media MP3/MP4 Player Supports Music, Video, E-books, and Dictionaries, Supports 128GB. Does not include memory card'}, 'mainImgVideoUrl': '', 'mainImgAppVideoId': '', 'personalizationSwitch': '0', 'technologyType': '1', 'firstType': '', 'twiceType': [], 'version': 1, 'sourceProductCertifications': [], 'sourceItemMetaInfo': {'source': 'temu', 'sourceNameFw': 'Temu', 'sourceAddress': None, 'sourceAddressFw': None, 'sourceItemId': '606539792401682', 'oriItemNum': None, 'maxSkuPrice': 96.75}, 'cateList': ['电子产品', '电脑和配件'], 'sourceCid': 2732, 'originalSourceAttrs': [{'important': 1, 'values': ['可充电电池'], 'key': '电池属性', 'referenceId': 0, 'enhanceDisplay': 0, 'refPid': 2153}, {'important': 1, 'values': ['锂电池--聚合物'], 'key': '可充电电池', 'referenceId': 0, 'enhanceDisplay': 0, 'refPid': 2147}, {'important': 1, 'values': ['aux'], 'key': '连接技术', 'referenceId': 0, 'enhanceDisplay': 0, 'refPid': 170}, {'important': 1, 'values': ['avi'], 'key': '支持的标准', 'referenceId': 0, 'enhanceDisplay': 0, 'refPid': 422}, {'important': 1, 'values': ['液晶显示器'], 'key': '显示技术', 'referenceId': 0, 'enhanceDisplay': 0, 'refPid': 802}, {'important': 1, 'values': ['微型sd'], 'key': '媒体类型', 'referenceId': 0, 'enhanceDisplay': 0, 'refPid': 1160}, {'important': 1, 'enhanceIcon': 'https://aimg.kwcdn.com/upload_aimg/temu/bcdaa283-279a-4e66-a2ad-aa7279a10c46.png.slim.png', 'values': ['视频播放'], 'key': '特殊功能', 'referenceId': 0, 'enhanceDisplay': 0, 'refPid': 143}, {'values': ['CUREAR'], 'key': '品牌名', 'referenceId': 1000010243002, 'enhanceDisplay': 0, 'refPid': 1960}, {'enhanceIcon': 'https://aimg.kwcdn.com/upload_aimg/temu/8dcd37b1-123a-4723-98c7-4c326c2ab3c0.png.slim.png', 'values': ['4000'], 'key': '电池容量（mAh）', 'referenceId': 0, 'enhanceDisplay': 0, 'refPid': 2028}, {'values': ['不适用'], 'key': '电压', 'referenceId': 0, 'enhanceDisplay': 0, 'refPid': 6677}, {'copyable': 1, 'values': ['55M4W548G3'], 'key': '商品编号', 'customProperty': 2, 'enhanceDisplay': 0}, {'values': ['Guangdong,China'], 'key': '产地', 'customProperty': 3}], 'editModel': 'site', 'cid': '2732', 'site': 'PDDKJ', 'shopIdAndGoodsModelReqMap': {}, 'sourceItemUrl': 'https://www.temu.com/search_result.html?search_key=606539792401682', 'source': 'temu', 'sourceSite': None, 'oldCid': '2732', 'outerGoodsUrl': '', 'inventoryRegion': 1, 'sizeAttributeValueGroupId': None, 'isBasePlate': 0, 'sourceList': [{'remark': None, 'sourceItemId': '606539792401682', 'source': 'temu', 'sourceSite': None, 'sourceItemUrl': 'https://www.temu.com/search_result.html?search_key=606539792401682'}], 'collectBoxDetailShopList': [{'shopId': '4720369', 'cid': '2732', 'minSkuPrice': 96.75, 'maxSkuPrice': 96.75, 'sizeTemplateId': None, 'isFullSave': 0, 'shopName': 'temu全托管102', 'breadcrumb': '电子>影音娱乐>MP3、MP4播放器', 'breadcrumbChinese': '电子>影音娱乐>MP3、MP4播放器', 'site': 'PDDKJ', 'currency': 'CNY', 'itemNum': None, 'brandId': None}, {'shopId': '8249645', 'cid': '2732', 'minSkuPrice': 96.75, 'maxSkuPrice': 96.75, 'sizeTemplateId': None, 'isFullSave': 0, 'shopName': 'temu全托管101', 'breadcrumb': '电子>影音娱乐>MP3、MP4播放器', 'breadcrumbChinese': '电子>影音娱乐>MP3、MP4播放器', 'site': 'PDDKJ', 'currency': 'CNY', 'itemNum': None, 'brandId': None}, {'shopId': '8368031', 'cid': '2732', 'minSkuPrice': 96.75, 'maxSkuPrice': 96.75, 'sizeTemplateId': None, 'isFullSave': 0, 'shopName': 'temu全托管103', 'breadcrumb': '电子>影音娱乐>MP3、MP4播放器', 'breadcrumbChinese': '电子>影音娱乐>MP3、MP4播放器', 'site': 'PDDKJ', 'currency': 'CNY', 'itemNum': None, 'brandId': None}], 'detailId': '2837994083', 'sourceNameFw': 'Temu', 'sourceAddress': None, 'sourceAddressFw': None, 'sourceItemId': '606539792401682', 'oriItemNum': None, 'maxSkuPrice': 96.75, 'generateItemNumSourceInfo': {'source': 'temu', 'sourceNameFw': 'Temu', 'sourceAddress': None, 'sourceAddressFw': None, 'sourceItemId': '606539792401682', 'oriItemNum': None, 'maxSkuPrice': 96.75}}
2026-04-10 18:21:26,261 | INFO | auto_listing | ✅ 找到类目 2732 的配置，包含 5 个属性
2026-04-10 18:21:26,261 | INFO | auto_listing | 商品类目ID: 2732, 使用配置修改商品信息
2026-04-10 18:21:26,261 | INFO | auto_listing | 已将属性替换为配置中的 5 个属性
2026-04-10 18:21:26,261 | INFO | auto_listing | 保存商品信息，类目ID: 2732
2026-04-10 18:21:26,379 | INFO | auto_listing | 修改商品信息响应：{'result': 'fail', 'reason': '产品属性【无线属性】必填'}
2026-04-10 18:21:26,380 | INFO | auto_listing | 失败记录已保存到 D:\sd14\Auto_Listing\data\publish_fails.jsonl
2026-04-10 18:21:26,383 | INFO | auto_listing | 成功记录商品 601099517614977 的 16 个属性到CSV
2026-04-10 18:21:26,383 | ERROR | auto_listing | 保存失败: 产品属性【无线属性】必填
2026-04-10 18:21:26,690 | INFO | auto_listing | 修改商品信息响应：{'result': 'fail', 'reason': '产品属性【无线属性】必填'}
2026-04-10 18:21:26,690 | INFO | auto_listing | 失败记录已保存到 D:\sd14\Auto_Listing\data\publish_fails.jsonl
2026-04-10 18:21:26,697 | INFO | auto_listing | 成功记录商品 606539792401682 的 10 个属性到CSV
2026-04-10 18:21:26,697 | ERROR | auto_listing | 保存失败: 产品属性【无线属性】必填
2026-04-10 18:21:26,801 | INFO | auto_listing | 2837994599:发布失败
2026-04-10 18:21:26,805 | INFO | auto_listing | 商品 601099517614977 重试次数: 1, 状态: pending
2026-04-10 18:21:27,076 | INFO | auto_listing | 2837994083:发布失败
2026-04-10 18:21:27,080 | INFO | auto_listing | 商品 606539792401682 重试次数: 1, 状态: pending
2026-04-10 18:21:27,080 | INFO | auto_listing | 当前组完成
2026-04-10 18:21:27,080 | INFO | auto_listing | 开始处理店铺组: ['8248727', '8369148', '8371473']，商品数: 10
2026-04-10 18:21:27,673 | INFO | auto_listing | 实际采集成功:10
2026-04-10 18:21:28,269 | INFO | auto_listing | 2838023133:选择店铺成功
2026-04-10 18:21:28,308 | INFO | auto_listing | 2838022734:选择店铺成功
2026-04-10 18:21:28,359 | INFO | auto_listing | 2838023397:选择店铺成功
2026-04-10 18:21:28,851 | INFO | auto_listing | 获取商品信息：{'title': '儿童磁力机器人，配有35块磁力积木和收纳盒。这款堆叠机器人玩具是一款适合1岁及以上男孩和女孩的STEM教育玩具套装', 'itemNum': None, 'saleAttributes': [{'templatePid': '', 'pid': '', 'refPid': '', 'parentSpecId': 18012, 'name': '风格', 'values': [{'vid': 0, 'skuKey': 'd5ac84ed', 'name': '35 件磁性积木玩具'}]}], 'attributes': [{'templatePid': 1248051, 'pid': 1, 'refPid': 1920, 'name': '主体材质', 'values': [{'vid': 1608, 'name': 'ABS(ABS树脂)', 'valueUnit': ''}]}, {'templatePid': 1253651, 'pid': 13, 'refPid': 63, 'name': '颜色', 'values': [{'vid': 26419, 'name': '混合色', 'valueUnit': ''}]}], 'skuMap': {';d5ac84ed;': {'price': 96.55, 'originPrice': 96.55, 'stock': 14, 'itemNum': '601100588433619_35 件磁性积木玩具', 'length': None, 'width': None, 'height': None, 'weight': None, 'isSensitive': '0', 'sensitiveTypes': [], 'sensitiveLimit': [], 'barCodeType': 'UPC', 'barCode': '', 'imgUrl': 'https://img.kwcdn.com/product/fancy/e607507d-130a-4fd0-bf7a-aba5c4d9bec9.jpg', 'suggestedPrice': '', 'suggestedPriceCurrencyType': 'CNY', 'goodsSkuId': None, 'isSupplierDisable': '0', 'numberOfPieces': '', 'skuClassification': 1, 'pieceUnitCode': 1, 'individuallyPacked': 0, 'netContentUnitCode': 1, 'netContentNumber': '', 'numberOfPiecesNew': '', 'pieceNewUnitCode': 1, 'mixedType': '', 'totalNetContentNumber': '', 'totalNetContentUnitCode': 1}}, 'sizeCharts': None, 'imgUrls': ['https://img.kwcdn.com/product/fancy/e792be99-6a07-41d2-8926-b403f0a30497.jpg', 'https://img.kwcdn.com/product/fancy/225db163-59ff-4889-94cc-0d8afa3c0368.jpg', 'https://img.kwcdn.com/product/fancy/190f3c9f-cb30-4402-9078-06463bda76b3.jpg', 'https://img.kwcdn.com/product/fancy/ba0dc59d-50a6-4b2a-bc25-e08ab26d01a0.jpg', 'https://img.kwcdn.com/product/fancy/e607507d-130a-4fd0-bf7a-aba5c4d9bec9.jpg', 'https://img.kwcdn.com/product/fancy/93f8212f-ab33-4ea1-9597-486486f6f8eb.jpg', 'https://img.kwcdn.com/product/fancy/7199ea91-bb71-4c01-88c5-7fa0085def09.jpg', 'https://img.kwcdn.com/product/fancy/30cd20d0-aa09-430d-9548-7601fee27349.jpg', 'https://img.kwcdn.com/product/fancy/ea1e9433-52cc-4b72-81e2-44be37be10cd.jpg', 'https://img.kwcdn.com/product/fancy/1fba384d-b7cb-4ad1-a153-39e3370c6d90.jpg'], 'goodsLayerDecorationReqs': [{'type': 'text', 'content': {'text': '磁怪物玩具：适合3至4岁儿童的玩具，可以创造五种不同的磁怪物：一只眼怪物（3.5×5英寸）、贝壳怪物（3.2×4.1英寸）、角怪物（3.9×4.1英寸）、三只眼怪物（3×4.9英寸）、小龙怪物（4.2×4.3英寸）。', 'textModuleDetails': {'fontFamily': 1, 'fontColor': '#333333', 'backgroundColor': '#ffffff', 'fontSize': 12, 'align': 'left'}}}, {'type': 'image', 'content': {'imgUrl': 'https://img.kwcdn.com/product/fancy/e792be99-6a07-41d2-8926-b403f0a30497.jpg'}}, {'type': 'text', 'content': {'text': '增强多种能力：磁性玩具可以轻松连接，不易分解。不同的形状可以随机组合，让您根据自己的意愿创建各种机器人。您还可以按照说明书中的形状进行组装。', 'textModuleDetails': {'fontFamily': 1, 'fontColor': '#333333', 'backgroundColor': '#ffffff', 'fontSize': 12, 'align': 'left'}}}, {'type': 'image', 'content': {'imgUrl': 'https://img.kwcdn.com/product/fancy/30cd20d0-aa09-430d-9548-7601fee27349.jpg'}}, {'type': 'image', 'content': {'imgUrl': 'https://img.kwcdn.com/product/fancy/93f8212f-ab33-4ea1-9597-486486f6f8eb.jpg'}}, {'type': 'image', 'content': {'imgUrl': 'https://img.kwcdn.com/product/fancy/1fba384d-b7cb-4ad1-a153-39e3370c6d90.jpg'}}, {'type': 'image', 'content': {'imgUrl': 'https://img.kwcdn.com/product/fancy/ea1e9433-52cc-4b72-81e2-44be37be10cd.jpg'}}, {'type': 'image', 'content': {'imgUrl': 'https://img.kwcdn.com/product/fancy/225db163-59ff-4889-94cc-0d8afa3c0368.jpg'}}, {'type': 'image', 'content': {'imgUrl': 'https://img.kwcdn.com/product/fancy/7199ea91-bb71-4c01-88c5-7fa0085def09.jpg'}}, {'type': 'image', 'content': {'imgUrl': 'https://img.kwcdn.com/product/fancy/190f3c9f-cb30-4402-9078-06463bda76b3.jpg'}}, {'type': 'image', 'content': {'imgUrl': 'https://img.kwcdn.com/product/fancy/ba0dc59d-50a6-4b2a-bc25-e08ab26d01a0.jpg'}}, {'type': 'image', 'content': {'imgUrl': 'https://img.kwcdn.com/product/fancy/4dc0db49-be51-451c-bedd-12fe3d01e891.jpg'}}], 'outerPackageShape': None, 'outerPackageType': None, 'outerPackageImgUrls': [], 'productOriginCountry': 'CN', 'productOriginProvince': '43000000000006', 'productOriginCertFiles': [], 'currency': 'CNY', 'multiLanguageTitleMap': {'en': "Children's magnetic robot, comes with 35 magnetic building blocks and a storage box. This stacking robot toy is a STEM educational toy set suitable for boys and girls aged 1 and up"}, 'mainImgVideoUrl': '', 'mainImgAppVideoId': '', 'personalizationSwitch': '0', 'technologyType': '1', 'firstType': '', 'twiceType': [], 'version': 1, 'sourceProductCertifications': [], 'sourceItemMetaInfo': {'source': 'temu', 'sourceNameFw': 'Temu', 'sourceAddress': None, 'sourceAddressFw': None, 'sourceItemId': '601100588433619', 'oriItemNum': None, 'maxSkuPrice': 96.55}, 'cateList': ['玩具与游戏', '新奇整蛊玩具'], 'sourceCid': 25477, 'originalSourceAttrs': [{'important': 1, 'values': ['18 月+'], 'key': '适用年龄段', 'referenceId': 0, 'refPid': 1117}, {'important': 1, 'values': ['ABS(ABS树脂)'], 'key': '主体材质', 'referenceId': 0, 'refPid': 1920}, {'values': ['混合色'], 'key': '颜色', 'referenceId': 0, 'refPid': 63}, {'copyable': 1, 'values': ['HE1888820'], 'key': '商品编号', 'customProperty': 2}, {'values': ['Guangdong,China'], 'key': '产地', 'customProperty': 3}], 'editModel': 'site', 'cid': '25477', 'site': 'PDDKJ', 'shopIdAndGoodsModelReqMap': {}, 'sourceItemUrl': 'https://www.temu.com/search_result.html?search_key=601100588433619', 'source': 'temu', 'sourceSite': None, 'oldCid': '25477', 'outerGoodsUrl': '', 'inventoryRegion': 1, 'sizeAttributeValueGroupId': None, 'isBasePlate': 0, 'sourceList': [{'remark': None, 'sourceItemId': '601100588433619', 'source': 'temu', 'sourceSite': None, 'sourceItemUrl': 'https://www.temu.com/search_result.html?search_key=601100588433619'}], 'collectBoxDetailShopList': [{'shopId': '8248727', 'cid': '25477', 'minSkuPrice': 96.55, 'maxSkuPrice': 96.55, 'sizeTemplateId': None, 'isFullSave': 0, 'shopName': 'temu全托管104', 'breadcrumb': '玩具与游戏>新奇玩具>磁力玩具', 'breadcrumbChinese': '玩具与游戏>新奇玩具>磁力玩具', 'site': 'PDDKJ', 'currency': 'CNY', 'itemNum': None, 'brandId': None}, {'shopId': '8369148', 'cid': '25477', 'minSkuPrice': 96.55, 'maxSkuPrice': 96.55, 'sizeTemplateId': None, 'isFullSave': 0, 'shopName': 'temu全托管105', 'breadcrumb': '玩具与游戏>新奇玩具>磁力玩具', 'breadcrumbChinese': '玩具与游戏>新奇玩具>磁力玩具', 'site': 'PDDKJ', 'currency': 'CNY', 'itemNum': None, 'brandId': None}, {'shopId': '8371473', 'cid': '25477', 'minSkuPrice': 96.55, 'maxSkuPrice': 96.55, 'sizeTemplateId': None, 'isFullSave': 0, 'shopName': 'temu全托管106', 'breadcrumb': '玩具与游戏>新奇玩具>磁力玩具', 'breadcrumbChinese': '玩具与游戏>新奇玩具>磁力玩具', 'site': 'PDDKJ', 'currency': 'CNY', 'itemNum': None, 'brandId': None}], 'detailId': '2838022734', 'sourceNameFw': 'Temu', 'sourceAddress': None, 'sourceAddressFw': None, 'sourceItemId': '601100588433619', 'oriItemNum': None, 'maxSkuPrice': 96.55, 'generateItemNumSourceInfo': {'source': 'temu', 'sourceNameFw': 'Temu', 'sourceAddress': None, 'sourceAddressFw': None, 'sourceItemId': '601100588433619', 'oriItemNum': None, 'maxSkuPrice': 96.55}}
2026-04-10 18:21:28,853 | INFO | auto_listing | ✅ 找到类目 25477 的配置，包含 3 个属性
2026-04-10 18:21:28,853 | INFO | auto_listing | 商品类目ID: 25477, 使用配置修改商品信息
2026-04-10 18:21:28,853 | INFO | auto_listing | 已将属性替换为配置中的 3 个属性
2026-04-10 18:21:28,853 | INFO | auto_listing | 保存商品信息，类目ID: 25477
2026-04-10 18:21:28,855 | INFO | auto_listing | 获取商品信息：{'title': 'MP3 播放器/MP4 播放器，32G 机身内存，配有耳机线和数据线，适合户外运动和旅行携带。支持音乐播放、图像播放、电子书和其他功能', 'itemNum': None, 'saleAttributes': [{'templatePid': '', 'pid': '', 'refPid': '', 'parentSpecId': 1001, 'name': '颜色', 'values': [{'vid': 0, 'skuKey': '9c9aabab', 'name': '蓝色'}, {'vid': 0, 'skuKey': 'e90dfb84', 'name': 'Black'}, {'vid': 0, 'skuKey': 97542386, 'name': '粉色'}, {'vid': 0, 'skuKey': 'ab1e9e8a', 'name': '红色的'}, {'vid': 0, 'skuKey': '631b1f0c', 'name': '紫色的'}, {'vid': 0, 'skuKey': '889d9a19', 'name': 'Silvery'}, {'vid': 0, 'skuKey': 'd382816a', 'name': 'Green'}]}], 'attributes': [{'templatePid': 866177, 'pid': 1539, 'refPid': 2153, 'name': '电池属性', 'values': [{'vid': 52029, 'name': '可充电电池', 'valueUnit': ''}]}, {'templatePid': 870794, 'pid': 1535, 'refPid': 2147, 'name': '可充电电池', 'values': [{'vid': 52038, 'name': '锂电池--聚合物', 'valueUnit': ''}]}, {'templatePid': 398581, 'pid': 668, 'refPid': 422, 'name': '支持的标准', 'values': [{'vid': 18151, 'name': 'mp3', 'valueUnit': ''}]}, {'templatePid': 398583, 'pid': 666, 'refPid': 802, 'name': '显示技术', 'values': [{'vid': 18126, 'name': '液晶显示器', 'valueUnit': ''}]}, {'templatePid': 398574, 'pid': 491, 'refPid': 1160, 'name': '媒体类型', 'values': [{'vid': 18131, 'name': 'sd卡', 'valueUnit': ''}]}], 'skuMap': {';9c9aabab;': {'price': 212.83, 'originPrice': 212.83, 'stock': 15, 'itemNum': '601100847189754_蓝色', 'length': None, 'width': None, 'height': None, 'weight': None, 'isSensitive': '0', 'sensitiveTypes': [], 'sensitiveLimit': [], 'barCodeType': 'UPC', 'barCode': '', 'imgUrl': 'https://img.kwcdn.com/product/fancy/5fc7bbea-3aa8-490c-adc7-e9a2b0b542d2.jpg', 'suggestedPrice': '', 'suggestedPriceCurrencyType': 'CNY', 'goodsSkuId': None, 'isSupplierDisable': '0', 'numberOfPieces': '', 'skuClassification': 1, 'pieceUnitCode': 1, 'individuallyPacked': 0, 'netContentUnitCode': 1, 'netContentNumber': '', 'numberOfPiecesNew': '', 'pieceNewUnitCode': 1, 'mixedType': '', 'totalNetContentNumber': '', 'totalNetContentUnitCode': 1}, ';e90dfb84;': {'price': 93.68, 'originPrice': 93.68, 'stock': 14, 'itemNum': '601100847189754_Black', 'length': None, 'width': None, 'height': None, 'weight': None, 'isSensitive': '0', 'sensitiveTypes': [], 'sensitiveLimit': [], 'barCodeType': 'UPC', 'barCode': '', 'imgUrl': 'https://img.kwcdn.com/product/fancy/a42d0895-b1a0-4a21-bb6c-04cb6c1a260e.jpg', 'suggestedPrice': '', 'suggestedPriceCurrencyType': 'CNY', 'goodsSkuId': None, 'isSupplierDisable': '0', 'numberOfPieces': '', 'skuClassification': 1, 'pieceUnitCode': 1, 'individuallyPacked': 0, 'netContentUnitCode': 1, 'netContentNumber': '', 'numberOfPiecesNew': '', 'pieceNewUnitCode': 1, 'mixedType': '', 'totalNetContentNumber': '', 'totalNetContentUnitCode': 1}, ';97542386;': {'price': 206.76, 'originPrice': 206.76, 'stock': 4, 'itemNum': '601100847189754_粉色', 'length': None, 'width': None, 'height': None, 'weight': None, 'isSensitive': '0', 'sensitiveTypes': [], 'sensitiveLimit': [], 'barCodeType': 'UPC', 'barCode': '', 'imgUrl': 'https://img.kwcdn.com/product/fancy/b4b4970b-cf42-44da-88bd-849fcf4c491f.jpg', 'suggestedPrice': '', 'suggestedPriceCurrencyType': 'CNY', 'goodsSkuId': None, 'isSupplierDisable': '0', 'numberOfPieces': '', 'skuClassification': 1, 'pieceUnitCode': 1, 'individuallyPacked': 0, 'netContentUnitCode': 1, 'netContentNumber': '', 'numberOfPiecesNew': '', 'pieceNewUnitCode': 1, 'mixedType': '', 'totalNetContentNumber': '', 'totalNetContentUnitCode': 1}, ';ab1e9e8a;': {'price': 82.63, 'originPrice': 82.63, 'stock': 15, 'itemNum': '601100847189754_红色的', 'length': None, 'width': None, 'height': None, 'weight': None, 'isSensitive': '0', 'sensitiveTypes': [], 'sensitiveLimit': [], 'barCodeType': 'UPC', 'barCode': '', 'imgUrl': 'https://img.kwcdn.com/product/fancy/354e7642-ff55-4f6e-8086-94ce30906493.jpg', 'suggestedPrice': '', 'suggestedPriceCurrencyType': 'CNY', 'goodsSkuId': None, 'isSupplierDisable': '0', 'numberOfPieces': '', 'skuClassification': 1, 'pieceUnitCode': 1, 'individuallyPacked': 0, 'netContentUnitCode': 1, 'netContentNumber': '', 'numberOfPiecesNew': '', 'pieceNewUnitCode': 1, 'mixedType': '', 'totalNetContentNumber': '', 'totalNetContentUnitCode': 1}, ';631b1f0c;': {'price': 94.08, 'originPrice': 94.08, 'stock': 9, 'itemNum': '601100847189754_紫色的', 'length': None, 'width': None, 'height': None, 'weight': None, 'isSensitive': '0', 'sensitiveTypes': [], 'sensitiveLimit': [], 'barCodeType': 'UPC', 'barCode': '', 'imgUrl': 'https://img.kwcdn.com/product/fancy/94858f42-53af-4a15-ab0e-0d5058bcd2a7.jpg', 'suggestedPrice': '', 'suggestedPriceCurrencyType': 'CNY', 'goodsSkuId': None, 'isSupplierDisable': '0', 'numberOfPieces': '', 'skuClassification': 1, 'pieceUnitCode': 1, 'individuallyPacked': 0, 'netContentUnitCode': 1, 'netContentNumber': '', 'numberOfPiecesNew': '', 'pieceNewUnitCode': 1, 'mixedType': '', 'totalNetContentNumber': '', 'totalNetContentUnitCode': 1}, ';889d9a19;': {'price': 107.35, 'originPrice': 107.35, 'stock': 25, 'itemNum': '601100847189754_Silvery', 'length': None, 'width': None, 'height': None, 'weight': None, 'isSensitive': '0', 'sensitiveTypes': [], 'sensitiveLimit': [], 'barCodeType': 'UPC', 'barCode': '', 'imgUrl': 'https://img.kwcdn.com/product/fancy/8afaa2c5-7eff-4439-bd89-c2fc6f0e801a.jpg', 'suggestedPrice': '', 'suggestedPriceCurrencyType': 'CNY', 'goodsSkuId': None, 'isSupplierDisable': '0', 'numberOfPieces': '', 'skuClassification': 1, 'pieceUnitCode': 1, 'individuallyPacked': 0, 'netContentUnitCode': 1, 'netContentNumber': '', 'numberOfPiecesNew': '', 'pieceNewUnitCode': 1, 'mixedType': '', 'totalNetContentNumber': '', 'totalNetContentUnitCode': 1}, ';d382816a;': {'price': 93.68, 'originPrice': 93.68, 'stock': 11, 'itemNum': '601100847189754_Green', 'length': None, 'width': None, 'height': None, 'weight': None, 'isSensitive': '0', 'sensitiveTypes': [], 'sensitiveLimit': [], 'barCodeType': 'UPC', 'barCode': '', 'imgUrl': 'https://img.kwcdn.com/product/fancy/4b6a34a8-7918-47af-9e65-94775a681f3e.jpg', 'suggestedPrice': '', 'suggestedPriceCurrencyType': 'CNY', 'goodsSkuId': None, 'isSupplierDisable': '0', 'numberOfPieces': '', 'skuClassification': 1, 'pieceUnitCode': 1, 'individuallyPacked': 0, 'netContentUnitCode': 1, 'netContentNumber': '', 'numberOfPiecesNew': '', 'pieceNewUnitCode': 1, 'mixedType': '', 'totalNetContentNumber': '', 'totalNetContentUnitCode': 1}}, 'sizeCharts': None, 'imgUrls': ['https://img.kwcdn.com/product/fancy/5fc7bbea-3aa8-490c-adc7-e9a2b0b542d2.jpg', 'https://img.kwcdn.com/product/fancy/94858f42-53af-4a15-ab0e-0d5058bcd2a7.jpg', 'https://img.kwcdn.com/product/fancy/354e7642-ff55-4f6e-8086-94ce30906493.jpg', 'https://img.kwcdn.com/product/fancy/8afaa2c5-7eff-4439-bd89-c2fc6f0e801a.jpg', 'https://img.kwcdn.com/product/fancy/98703e4e-f880-4832-9444-0b10b2232863.jpg', 'https://img.kwcdn.com/product/fancy/938c76ac-5263-4f5c-85f2-2eb9f848750d.jpg', 'https://img.kwcdn.com/product/fancy/bcbfe273-6176-47f5-9fa9-204d03ea6769.jpg', 'https://img.kwcdn.com/product/fancy/a42d0895-b1a0-4a21-bb6c-04cb6c1a260e.jpg', 'https://img.kwcdn.com/product/fancy/c2306cb3-2bf4-4336-b052-e41148079ce3.jpg', 'https://img.kwcdn.com/product/fancy/b4b4970b-cf42-44da-88bd-849fcf4c491f.jpg', 'https://img.kwcdn.com/product/fancy/4b6a34a8-7918-47af-9e65-94775a681f3e.jpg'], 'goodsLayerDecorationReqs': [{'type': 'image', 'content': {'imgUrl': 'https://img.kwcdn.com/product/fancy/94858f42-53af-4a15-ab0e-0d5058bcd2a7.jpg'}}, {'type': 'image', 'content': {'imgUrl': 'https://img.kwcdn.com/product/fancy/5fc7bbea-3aa8-490c-adc7-e9a2b0b542d2.jpg'}}, {'type': 'image', 'content': {'imgUrl': 'https://img.kwcdn.com/product/fancy/354e7642-ff55-4f6e-8086-94ce30906493.jpg'}}, {'type': 'image', 'content': {'imgUrl': 'https://img.kwcdn.com/product/fancy/8afaa2c5-7eff-4439-bd89-c2fc6f0e801a.jpg'}}, {'type': 'image', 'content': {'imgUrl': 'https://img.kwcdn.com/product/fancy/98703e4e-f880-4832-9444-0b10b2232863.jpg'}}, {'type': 'image', 'content': {'imgUrl': 'https://img.kwcdn.com/product/fancy/938c76ac-5263-4f5c-85f2-2eb9f848750d.jpg'}}, {'type': 'image', 'content': {'imgUrl': 'https://img.kwcdn.com/product/fancy/bcbfe273-6176-47f5-9fa9-204d03ea6769.jpg'}}, {'type': 'image', 'content': {'imgUrl': 'https://img.kwcdn.com/product/fancy/c2306cb3-2bf4-4336-b052-e41148079ce3.jpg'}}, {'type': 'image', 'content': {'imgUrl': 'https://img.kwcdn.com/product/fancy/b4b4970b-cf42-44da-88bd-849fcf4c491f.jpg'}}, {'type': 'image', 'content': {'imgUrl': 'https://img.kwcdn.com/product/fancy/a42d0895-b1a0-4a21-bb6c-04cb6c1a260e.jpg'}}], 'outerPackageShape': None, 'outerPackageType': None, 'outerPackageImgUrls': [], 'productOriginCountry': 'CN', 'productOriginProvince': '43000000000006', 'productOriginCertFiles': [], 'currency': 'CNY', 'multiLanguageTitleMap': {'en': 'MP3/MP4 player, 32GB internal memory, comes with earphone cable and data cable, suitable for outdoor sports and travel. Supports music playback, image playback, e-book and other functions'}, 'mainImgVideoUrl': '', 'mainImgAppVideoId': '', 'personalizationSwitch': '0', 'technologyType': '1', 'firstType': '', 'twiceType': [], 'version': 1, 'sourceProductCertifications': [], 'sourceItemMetaInfo': {'source': 'temu', 'sourceNameFw': 'Temu', 'sourceAddress': None, 'sourceAddressFw': None, 'sourceItemId': '601100847189754', 'oriItemNum': None, 'maxSkuPrice': 212.83}, 'cateList': ['电子产品', '电脑和配件'], 'sourceCid': 2732, 'originalSourceAttrs': [{'important': 1, 'values': ['可充电电池'], 'key': '电池属性', 'referenceId': 0, 'refPid': 2153}, {'important': 1, 'values': ['锂电池--聚合物'], 'key': '可充电电池', 'referenceId': 0, 'refPid': 2147}, {'important': 1, 'values': ['mp3'], 'key': '支持的标准', 'referenceId': 0, 'refPid': 422}, {'important': 1, 'values': ['液晶显示器'], 'key': '显示技术', 'referenceId': 0, 'refPid': 802}, {'important': 1, 'values': ['sd卡'], 'key': '媒体类型', 'referenceId': 0, 'refPid': 1160}, {'copyable': 1, 'values': ['NE2262744'], 'key': '商品编号', 'customProperty': 2}, {'values': ['Guangdong,China'], 'key': '产地', 'customProperty': 3}], 'editModel': 'site', 'cid': '2732', 'site': 'PDDKJ', 'shopIdAndGoodsModelReqMap': {}, 'sourceItemUrl': 'https://www.temu.com/search_result.html?search_key=601100847189754', 'source': 'temu', 'sourceSite': None, 'oldCid': '2732', 'outerGoodsUrl': '', 'inventoryRegion': 1, 'sizeAttributeValueGroupId': None, 'isBasePlate': 0, 'sourceList': [{'remark': None, 'sourceItemId': '601100847189754', 'source': 'temu', 'sourceSite': None, 'sourceItemUrl': 'https://www.temu.com/search_result.html?search_key=601100847189754'}], 'collectBoxDetailShopList': [{'shopId': '8248727', 'cid': '2732', 'minSkuPrice': 82.63, 'maxSkuPrice': 212.83, 'sizeTemplateId': None, 'isFullSave': 0, 'shopName': 'temu全托管104', 'breadcrumb': '电子>影音娱乐>MP3、MP4播放器', 'breadcrumbChinese': '电子>影音娱乐>MP3、MP4播放器', 'site': 'PDDKJ', 'currency': 'CNY', 'itemNum': None, 'brandId': None}, {'shopId': '8369148', 'cid': '2732', 'minSkuPrice': 82.63, 'maxSkuPrice': 212.83, 'sizeTemplateId': None, 'isFullSave': 0, 'shopName': 'temu全托管105', 'breadcrumb': '电子>影音娱乐>MP3、MP4播放器', 'breadcrumbChinese': '电子>影音娱乐>MP3、MP4播放器', 'site': 'PDDKJ', 'currency': 'CNY', 'itemNum': None, 'brandId': None}, {'shopId': '8371473', 'cid': '2732', 'minSkuPrice': 82.63, 'maxSkuPrice': 212.83, 'sizeTemplateId': None, 'isFullSave': 0, 'shopName': 'temu全托管106', 'breadcrumb': '电子>影音娱乐>MP3、MP4播放器', 'breadcrumbChinese': '电子>影音娱乐>MP3、MP4播放器', 'site': 'PDDKJ', 'currency': 'CNY', 'itemNum': None, 'brandId': None}], 'detailId': '2838023133', 'sourceNameFw': 'Temu', 'sourceAddress': None, 'sourceAddressFw': None, 'sourceItemId': '601100847189754', 'oriItemNum': None, 'maxSkuPrice': 212.83, 'generateItemNumSourceInfo': {'source': 'temu', 'sourceNameFw': 'Temu', 'sourceAddress': None, 'sourceAddressFw': None, 'sourceItemId': '601100847189754', 'oriItemNum': None, 'maxSkuPrice': 212.83}}
2026-04-10 18:21:28,861 | INFO | auto_listing | ✅ 找到类目 2732 的配置，包含 5 个属性
2026-04-10 18:21:28,861 | INFO | auto_listing | 商品类目ID: 2732, 使用配置修改商品信息
2026-04-10 18:21:28,861 | INFO | auto_listing | 已将属性替换为配置中的 5 个属性
2026-04-10 18:21:28,861 | INFO | auto_listing | 保存商品信息，类目ID: 2732
2026-04-10 18:21:28,894 | INFO | auto_listing | 获取商品信息：{'title': '102pcs/116pcs Castle Magnetic Tiles, 3D STEM Toy Building Blocks, Pretend Castle Playset Theme Magnetic Structure, Preschool Learning And Interactive Toy Gifts for Boys Girls Age 3+, Halloween Christmas Gifts Party Gifts for Kids', 'itemNum': None, 'saleAttributes': [{'templatePid': '', 'pid': '', 'refPid': '', 'parentSpecId': 1001, 'name': '颜色', 'values': [{'vid': 0, 'skuKey': '935f7d49', 'name': '102PCS Magnetic Tiles'}, {'vid': 0, 'skuKey': '31fc03b6', 'name': '116PCS Magnetic Tiles'}]}], 'attributes': [{'templatePid': 600238, 'pid': 1467, 'refPid': 1960, 'name': '品牌名', 'values': [{'vid': 0, 'name': 'AFUNX', 'valueUnit': ''}]}], 'skuMap': {';935f7d49;': {'price': 163.81, 'originPrice': 163.81, 'stock': 15, 'itemNum': '601100949582769_102PCS Magnetic Tiles', 'length': None, 'width': None, 'height': None, 'weight': None, 'isSensitive': '0', 'sensitiveTypes': [], 'sensitiveLimit': [], 'barCodeType': 'UPC', 'barCode': '', 'imgUrl': 'https://img.kwcdn.com/product/fancy/1962759a-0431-4006-9491-e70acba47027.jpg', 'suggestedPrice': '', 'suggestedPriceCurrencyType': 'CNY', 'goodsSkuId': None, 'isSupplierDisable': '0', 'numberOfPieces': '', 'skuClassification': 1, 'pieceUnitCode': 1, 'individuallyPacked': 0, 'netContentUnitCode': 1, 'netContentNumber': '', 'numberOfPiecesNew': '', 'pieceNewUnitCode': 1, 'mixedType': '', 'totalNetContentNumber': '', 'totalNetContentUnitCode': 1}, ';31fc03b6;': {'price': 175.9, 'originPrice': 175.9, 'stock': 15, 'itemNum': '601100949582769_116PCS Magnetic Tiles', 'length': None, 'width': None, 'height': None, 'weight': None, 'isSensitive': '0', 'sensitiveTypes': [], 'sensitiveLimit': [], 'barCodeType': 'UPC', 'barCode': '', 'imgUrl': 'https://img.kwcdn.com/product/fancy/5fc5b532-3314-4bf9-83af-3bd7f29ea134.jpg', 'suggestedPrice': '', 'suggestedPriceCurrencyType': 'CNY', 'goodsSkuId': None, 'isSupplierDisable': '0', 'numberOfPieces': '', 'skuClassification': 1, 'pieceUnitCode': 1, 'individuallyPacked': 0, 'netContentUnitCode': 1, 'netContentNumber': '', 'numberOfPiecesNew': '', 'pieceNewUnitCode': 1, 'mixedType': '', 'totalNetContentNumber': '', 'totalNetContentUnitCode': 1}}, 'sizeCharts': None, 'imgUrls': ['https://img.kwcdn.com/product/fancy/25825ba4-e55a-49b6-b601-ee48d292aa55.jpg', 'https://img.kwcdn.com/product/fancy/45041807-02da-4ede-94e4-ba155fba9852.jpg', 'https://img.kwcdn.com/product/fancy/228185ce-1f47-4173-9ab0-1ded7ed6cb21.jpg', 'https://img.kwcdn.com/product/fancy/0f258682-493e-4383-8789-84630dacd53c.jpg', 'https://img.kwcdn.com/product/fancy/5718d3c4-7b14-4240-922d-3264671696e1.jpg', 'https://img.kwcdn.com/product/fancy/1962759a-0431-4006-9491-e70acba47027.jpg', 'https://img.kwcdn.com/product/fancy/5fc5b532-3314-4bf9-83af-3bd7f29ea134.jpg', 'https://img.kwcdn.com/product/fancy/ebea2c7b-2e72-4a5f-9a24-6b316f2fd3cf.jpg', 'https://img.kwcdn.com/product/fancy/421f540e-591f-4baf-bcc8-63e88a9cb997.jpg', 'https://img.kwcdn.com/product/fancy/d4e17907-52e2-4064-a924-451c995fa775.jpg'], 'goodsLayerDecorationReqs': [{'type': 'image', 'content': {'imgUrl': 'https://img.kwcdn.com/product/fancy/5be7363e-c9dc-4baf-a06a-80ad8cd6a009.jpg'}}, {'type': 'image', 'content': {'imgUrl': 'https://img.kwcdn.com/product/fancy/228185ce-1f47-4173-9ab0-1ded7ed6cb21.jpg'}}, {'type': 'image', 'content': {'imgUrl': 'https://img.kwcdn.com/product/fancy/0f258682-493e-4383-8789-84630dacd53c.jpg'}}], 'outerPackageShape': None, 'outerPackageType': None, 'outerPackageImgUrls': [], 'productOriginCountry': 'CN', 'productOriginProvince': '43000000000006', 'productOriginCertFiles': [], 'currency': 'CNY', 'multiLanguageTitleMap': {'en': '102pcs/116pcs Castle Magnetic Tiles, 3D STEM Toy Building Blocks, Pretend Castle Playset Theme Magnetic Structure, Preschool Learning And Interactive Toy Gifts for Boys Girls Age 3+, Halloween Christmas Gifts Party Gifts for Kids'}, 'mainImgVideoUrl': '', 'mainImgAppVideoId': '', 'personalizationSwitch': '0', 'technologyType': '1', 'firstType': '', 'twiceType': [], 'version': 1, 'sourceProductCertifications': [], 'sourceItemMetaInfo': {'source': 'temu', 'sourceNameFw': 'Temu', 'sourceAddress': None, 'sourceAddressFw': None, 'sourceItemId': '601100949582769', 'oriItemNum': None, 'maxSkuPrice': 175.9}, 'cateList': ['Toys & Games', 'Novelty & Gag Toys'], 'sourceCid': 25477, 'originalSourceAttrs': [{'important': 1, 'values': ['3 Years+'], 'key': 'Applicable Age Group', 'referenceId': 0, 'refPid': 1117}, {'values': ['AFUNX'], 'key': 'Brand', 'referenceId': 970203517, 'refPid': 1960}, {'important': 1, 'values': ['ABS'], 'key': 'Major Material', 'referenceId': 0, 'refPid': 1920}, {'values': ['Purple'], 'key': 'Color', 'referenceId': 0, 'refPid': 63}, {'copyable': 1, 'values': ['KF2392136'], 'key': 'Item ID', 'customProperty': 2}, {'values': ['Guangdong,China'], 'key': 'Origin', 'customProperty': 3}], 'editModel': 'site', 'cid': '25477', 'site': 'PDDKJ', 'shopIdAndGoodsModelReqMap': {}, 'sourceItemUrl': 'https://www.temu.com/search_result.html?search_key=601100949582769', 'source': 'temu', 'sourceSite': None, 'oldCid': '25477', 'outerGoodsUrl': '', 'inventoryRegion': 1, 'sizeAttributeValueGroupId': None, 'isBasePlate': 0, 'sourceList': [{'remark': None, 'sourceItemId': '601100949582769', 'source': 'temu', 'sourceSite': None, 'sourceItemUrl': 'https://www.temu.com/search_result.html?search_key=601100949582769'}], 'collectBoxDetailShopList': [{'shopId': '8248727', 'cid': '25477', 'minSkuPrice': 163.81, 'maxSkuPrice': 175.9, 'sizeTemplateId': None, 'isFullSave': 0, 'shopName': 'temu全托管104', 'breadcrumb': '玩具与游戏>新奇玩具>磁力玩具', 'breadcrumbChinese': '玩具与游戏>新奇玩具>磁力玩具', 'site': 'PDDKJ', 'currency': 'CNY', 'itemNum': None, 'brandId': None}, {'shopId': '8369148', 'cid': '25477', 'minSkuPrice': 163.81, 'maxSkuPrice': 175.9, 'sizeTemplateId': None, 'isFullSave': 0, 'shopName': 'temu全托管105', 'breadcrumb': '玩具与游戏>新奇玩具>磁力玩具', 'breadcrumbChinese': '玩具与游戏>新奇玩具>磁力玩具', 'site': 'PDDKJ', 'currency': 'CNY', 'itemNum': None, 'brandId': None}, {'shopId': '8371473', 'cid': '25477', 'minSkuPrice': 163.81, 'maxSkuPrice': 175.9, 'sizeTemplateId': None, 'isFullSave': 0, 'shopName': 'temu全托管106', 'breadcrumb': '玩具与游戏>新奇玩具>磁力玩具', 'breadcrumbChinese': '玩具与游戏>新奇玩具>磁力玩具', 'site': 'PDDKJ', 'currency': 'CNY', 'itemNum': None, 'brandId': None}], 'detailId': '2838023397', 'sourceNameFw': 'Temu', 'sourceAddress': None, 'sourceAddressFw': None, 'sourceItemId': '601100949582769', 'oriItemNum': None, 'maxSkuPrice': 175.9, 'generateItemNumSourceInfo': {'source': 'temu', 'sourceNameFw': 'Temu', 'sourceAddress': None, 'sourceAddressFw': None, 'sourceItemId': '601100949582769', 'oriItemNum': None, 'maxSkuPrice': 175.9}}
2026-04-10 18:21:28,897 | INFO | auto_listing | ✅ 找到类目 25477 的配置，包含 3 个属性
2026-04-10 18:21:28,897 | INFO | auto_listing | 商品类目ID: 25477, 使用配置修改商品信息
2026-04-10 18:21:28,897 | INFO | auto_listing | 已将属性替换为配置中的 3 个属性
2026-04-10 18:21:28,897 | INFO | auto_listing | 保存商品信息，类目ID: 25477
2026-04-10 18:21:29,276 | INFO | auto_listing | 修改商品信息响应：{'result': 'fail', 'reason': '该类目需要上传说明书，请上传后重试'}
2026-04-10 18:21:29,277 | INFO | auto_listing | 失败记录已保存到 D:\sd14\Auto_Listing\data\publish_fails.jsonl
2026-04-10 18:21:29,282 | INFO | auto_listing | 成功记录商品 601100588433619 的 2 个属性到CSV
2026-04-10 18:21:29,282 | INFO | auto_listing | 检测到需要添加说明书，正在添加说明书后重试...
2026-04-10 18:21:29,283 | INFO | auto_listing | ✅ 找到类目 25477 的配置，包含 3 个属性
2026-04-10 18:21:29,283 | INFO | auto_listing | 商品类目ID: 25477, 使用配置修改商品信息
2026-04-10 18:21:29,283 | INFO | auto_listing | 已将属性替换为配置中的 3 个属性
2026-04-10 18:21:29,283 | INFO | auto_listing | 保存商品信息，类目ID: 25477
2026-04-10 18:21:29,300 | INFO | auto_listing | 修改商品信息响应：{'result': 'fail', 'reason': '产品属性【无线属性】必填'}
2026-04-10 18:21:29,301 | INFO | auto_listing | 失败记录已保存到 D:\sd14\Auto_Listing\data\publish_fails.jsonl
2026-04-10 18:21:29,305 | INFO | auto_listing | 成功记录商品 601100847189754 的 5 个属性到CSV
2026-04-10 18:21:29,305 | ERROR | auto_listing | 保存失败: 产品属性【无线属性】必填
2026-04-10 18:21:29,321 | INFO | auto_listing | 修改商品信息响应：{'result': 'fail', 'reason': '该类目需要上传说明书，请上传后重试'}
2026-04-10 18:21:29,322 | INFO | auto_listing | 失败记录已保存到 D:\sd14\Auto_Listing\data\publish_fails.jsonl
2026-04-10 18:21:29,323 | INFO | auto_listing | 成功记录商品 601100949582769 的 1 个属性到CSV
2026-04-10 18:21:29,323 | INFO | auto_listing | 检测到需要添加说明书，正在添加说明书后重试...
2026-04-10 18:21:29,323 | INFO | auto_listing | ✅ 找到类目 25477 的配置，包含 3 个属性
2026-04-10 18:21:29,323 | INFO | auto_listing | 商品类目ID: 25477, 使用配置修改商品信息
2026-04-10 18:21:29,324 | INFO | auto_listing | 已将属性替换为配置中的 3 个属性
2026-04-10 18:21:29,324 | INFO | auto_listing | 保存商品信息，类目ID: 25477
2026-04-10 18:21:29,699 | INFO | auto_listing | 2838023133:发布失败
2026-04-10 18:21:29,704 | INFO | auto_listing | 商品 601100847189754 重试次数: 1, 状态: pending
2026-04-10 18:21:29,837 | INFO | auto_listing | 修改商品信息响应：{'result': 'success', 'debugGStat': []}
2026-04-10 18:21:29,837 | INFO | auto_listing | 添加说明书后保存成功
2026-04-10 18:21:29,907 | INFO | auto_listing | 修改商品信息响应：{'result': 'success', 'debugGStat': []}
2026-04-10 18:21:29,907 | INFO | auto_listing | 添加说明书后保存成功
2026-04-10 18:21:30,280 | INFO | auto_listing | 2838022415:选择店铺成功
2026-04-10 18:21:30,753 | INFO | auto_listing | 2838022734:发布成功
2026-04-10 18:21:30,771 | INFO | auto_listing | 2838023397:发布成功
2026-04-10 18:21:30,801 | INFO | auto_listing | 获取商品信息：{'title': 'Cappsu 无损播放器， HiFi MP3播放器，8GB+128GB 带无线连接，专业有线音频口，无损DSD DAC Flac，高分辨率音乐播放器，便携式铝合金播放器（带重低音耳机）', 'itemNum': None, 'saleAttributes': [{'templatePid': '', 'pid': '', 'refPid': '', 'parentSpecId': 18014, 'name': '容量', 'values': [{'vid': 0, 'skuKey': '704b9db2', 'name': '8GRAM+64GB SD卡'}, {'vid': 0, 'skuKey': '3bb6e528', 'name': '8GRAM+128GB SD卡'}]}], 'attributes': [{'templatePid': 866177, 'pid': 1539, 'refPid': 2153, 'name': '电池属性', 'values': [{'vid': 52029, 'name': '可充电电池', 'valueUnit': ''}]}, {'templatePid': 870794, 'pid': 1535, 'refPid': 2147, 'name': '可充电电池', 'values': [{'vid': 52038, 'name': '锂电池--聚合物', 'valueUnit': ''}]}, {'templatePid': 398585, 'pid': 165, 'refPid': 170, 'name': '连接技术', 'values': [{'vid': 3629, 'name': '蓝牙', 'valueUnit': ''}]}, {'templatePid': 398581, 'pid': 668, 'refPid': 422, 'name': '支持的标准', 'values': [{'vid': 18145, 'name': 'avi', 'valueUnit': ''}]}, {'templatePid': 398583, 'pid': 666, 'refPid': 802, 'name': '显示技术', 'values': [{'vid': 18126, 'name': '液晶显示器', 'valueUnit': ''}]}, {'templatePid': 398574, 'pid': 491, 'refPid': 1160, 'name': '媒体类型', 'values': [{'vid': 13754, 'name': '微型sd', 'valueUnit': ''}]}, {'templatePid': 602695, 'pid': 1467, 'refPid': 1960, 'name': '品牌名', 'values': [{'vid': 0, 'name': 'Cappsu', 'valueUnit': ''}]}, {'templatePid': 1198389, 'pid': 1485, 'refPid': 2028, 'name': '电池容量（mAh）', 'values': [{'vid': 0, 'name': '500', 'valueUnit': ''}]}, {'templatePid': 1254659, 'pid': 1155, 'refPid': 6677, 'name': '电压', 'values': [{'vid': 118285, 'name': '详见商品详情', 'valueUnit': ''}]}, {'templatePid': 1290260, 'pid': 1537, 'refPid': 2149, 'name': '无线属性', 'values': [{'vid': 51936, 'name': '含蓝牙功能', 'valueUnit': ''}]}, {'templatePid': 1290431, 'pid': 2030, 'refPid': 6861, 'name': '产品充电端口', 'values': [{'vid': 137925, 'name': 'type-c端口充电', 'valueUnit': ''}]}, {'templatePid': 1290464, 'pid': 2018, 'refPid': 6848, 'name': '是否支持协调快速充电', 'values': [{'vid': 127161, 'name': '否', 'valueUnit': ''}]}, {'templatePid': 1290497, 'pid': 2021, 'refPid': 6852, 'name': '是否含充电器', 'values': [{'vid': 127186, 'name': '否', 'valueUnit': ''}]}, {'templatePid': 1290530, 'pid': 2025, 'refPid': 6857, 'name': '最大额定功率', 'values': [{'vid': 0, 'name': '10W', 'valueUnit': ''}]}, {'templatePid': 1290563, 'pid': 2026, 'refPid': 6856, 'name': '最小额定功率', 'values': [{'vid': 0, 'name': '5W', 'valueUnit': ''}]}], 'skuMap': {';704b9db2;': {'price': 394.21, 'originPrice': 394.21, 'stock': 40, 'itemNum': '601100431292772_8GRAM+64GB SD卡', 'length': None, 'width': None, 'height': None, 'weight': None, 'isSensitive': '0', 'sensitiveTypes': [], 'sensitiveLimit': [], 'barCodeType': 'UPC', 'barCode': '', 'imgUrl': 'https://img.kwcdn.com/product/fancy/752f39ce-f102-4363-9d4f-4977594d4a1e.jpg', 'suggestedPrice': '', 'suggestedPriceCurrencyType': 'CNY', 'goodsSkuId': None, 'isSupplierDisable': '0', 'numberOfPieces': '', 'skuClassification': 1, 'pieceUnitCode': 1, 'individuallyPacked': 0, 'netContentUnitCode': 1, 'netContentNumber': '', 'numberOfPiecesNew': '', 'pieceNewUnitCode': 1, 'mixedType': '', 'totalNetContentNumber': '', 'totalNetContentUnitCode': 1}, ';3bb6e528;': {'price': 436.34, 'originPrice': 436.34, 'stock': 0, 'itemNum': '601100431292772_8GRAM+128GB SD卡', 'length': None, 'width': None, 'height': None, 'weight': None, 'isSensitive': '0', 'sensitiveTypes': [], 'sensitiveLimit': [], 'barCodeType': 'UPC', 'barCode': '', 'imgUrl': 'https://img.kwcdn.com/product/fancy/543acc78-287b-433b-8037-fdf89001b425.jpg', 'suggestedPrice': '', 'suggestedPriceCurrencyType': 'CNY', 'goodsSkuId': None, 'isSupplierDisable': '0', 'numberOfPieces': '', 'skuClassification': 1, 'pieceUnitCode': 1, 'individuallyPacked': 0, 'netContentUnitCode': 1, 'netContentNumber': '', 'numberOfPiecesNew': '', 'pieceNewUnitCode': 1, 'mixedType': '', 'totalNetContentNumber': '', 'totalNetContentUnitCode': 1}}, 'sizeCharts': None, 'imgUrls': ['https://img.kwcdn.com/product/fancy/6a9643ec-d07e-40bb-803d-c1e4f8590398.jpg', 'https://img.kwcdn.com/product/fancy/4147ccd9-3a53-4287-8a70-478e45001bac.jpg', 'https://img.kwcdn.com/product/fancy/d0049957-6c06-4564-a1c2-bbb1f47e2859.jpg', 'https://img.kwcdn.com/product/fancy/1781583d-1c9d-45e2-b848-ff745158ea6f.jpg', 'https://img.kwcdn.com/product/fancy/5f654ea9-895d-4d7b-b0c6-ca17874a46f5.jpg', 'https://img.kwcdn.com/product/fancy/d0b11d38-c024-46ec-b02a-d372ef3aec83.jpg', 'https://img.kwcdn.com/product/fancy/e066490b-70de-46b6-ac57-162cdfb4fb7c.jpg', 'https://img.kwcdn.com/product/fancy/752f39ce-f102-4363-9d4f-4977594d4a1e.jpg', 'https://img.kwcdn.com/product/fancy/543acc78-287b-433b-8037-fdf89001b425.jpg', 'https://img.kwcdn.com/product/fancy/032625d1-3ab9-441e-8361-7163aa3bc6e2.jpg'], 'goodsLayerDecorationReqs': [{'type': 'image', 'content': {'imgUrl': 'https://img.kwcdn.com/product/fancy/92fd7180-05ef-4f1d-abef-a64f3202b95d.jpg'}}, {'type': 'image', 'content': {'imgUrl': 'https://img.kwcdn.com/product/fancy/19fe24d3-7d6a-4e2c-9d5a-863d56dcdfa6.jpg'}}, {'type': 'image', 'content': {'imgUrl': 'https://img.kwcdn.com/product/fancy/ce565957-0e77-416c-b75f-eedfcde321d7.jpg'}}, {'type': 'image', 'content': {'imgUrl': 'https://img.kwcdn.com/product/fancy/b4869d87-8ee1-4683-a238-2abee96cd883.jpg'}}, {'type': 'image', 'content': {'imgUrl': 'https://img.kwcdn.com/product/fancy/1d1660d3-f0fd-4334-a951-df3a6528ccc7.jpg'}}], 'outerPackageShape': None, 'outerPackageType': None, 'outerPackageImgUrls': [], 'productOriginCountry': 'CN', 'productOriginProvince': '43000000000006', 'productOriginCertFiles': [], 'currency': 'CNY', 'multiLanguageTitleMap': {'en': 'Cappsu Lossless Player, HiFi MP3 Player, 8GB+128GB with wireless connection, professional wired audio port, lossless DSD DAC Flac, high-resolution music player, portable aluminum alloy player (with bass-heavy headphones)'}, 'mainImgVideoUrl': '', 'mainImgAppVideoId': '', 'personalizationSwitch': '0', 'technologyType': '1', 'firstType': '', 'twiceType': [], 'version': 1, 'sourceProductCertifications': [], 'sourceItemMetaInfo': {'source': 'temu', 'sourceNameFw': 'Temu', 'sourceAddress': None, 'sourceAddressFw': None, 'sourceItemId': '601100431292772', 'oriItemNum': None, 'maxSkuPrice': 436.34}, 'cateList': ['电子产品', '电脑和配件'], 'sourceCid': 2732, 'originalSourceAttrs': [{'important': 1, 'values': ['可充电电池'], 'key': '电池属性', 'referenceId': 0, 'enhanceDisplay': 0, 'refPid': 2153}, {'important': 1, 'values': ['锂电池--聚合物'], 'key': '可充电电池', 'referenceId': 0, 'enhanceDisplay': 0, 'refPid': 2147}, {'important': 1, 'values': ['蓝牙'], 'key': '连接技术', 'referenceId': 0, 'enhanceDisplay': 0, 'refPid': 170}, {'important': 1, 'values': ['avi'], 'key': '支持的标准', 'referenceId': 0, 'enhanceDisplay': 0, 'refPid': 422}, {'important': 1, 'values': ['液晶显示器'], 'key': '显示技术', 'referenceId': 0, 'enhanceDisplay': 0, 'refPid': 802}, {'important': 1, 'values': ['微型sd'], 'key': '媒体类型', 'referenceId': 0, 'enhanceDisplay': 0, 'refPid': 1160}, {'important': 1, 'enhanceIcon': 'https://aimg.kwcdn.com/upload_aimg/temu/bcdaa283-279a-4e66-a2ad-aa7279a10c46.png.slim.png', 'values': ['高分辨率音频', '均衡器'], 'key': '特殊功能', 'referenceId': 0, 'enhanceDisplay': 0, 'refPid': 143}, {'values': ['Cappsu'], 'key': '品牌名', 'referenceId': 1000001041005, 'enhanceDisplay': 0, 'refPid': 1960}, {'enhanceIcon': 'https://aimg.kwcdn.com/upload_aimg/temu/8dcd37b1-123a-4723-98c7-4c326c2ab3c0.png.slim.png', 'values': ['500'], 'key': '电池容量（mAh）', 'referenceId': 0, 'enhanceDisplay': 0, 'refPid': 2028}, {'values': ['详见商品详情'], 'key': '电压', 'referenceId': 0, 'enhanceDisplay': 0, 'refPid': 6677}, {'important': 1, 'values': ['含蓝牙功能'], 'key': '无线属性', 'referenceId': 0, 'enhanceDisplay': 0, 'refPid': 2149}, {'important': 1, 'values': ['type-c端口充电'], 'key': '产品充电端口', 'referenceId': 0, 'enhanceDisplay': 0, 'refPid': 6861}, {'important': 1, 'values': ['否'], 'key': '是否支持协调快速充电', 'referenceId': 0, 'enhanceDisplay': 0, 'refPid': 6848}, {'important': 1, 'values': ['否'], 'key': '是否含充电器', 'referenceId': 0, 'enhanceDisplay': 0, 'refPid': 6852}, {'important': 1, 'values': ['10W'], 'key': '最大额定功率', 'referenceId': 0, 'enhanceDisplay': 0, 'refPid': 6857}, {'important': 1, 'values': ['5W'], 'key': '最小额定功率', 'referenceId': 0, 'enhanceDisplay': 0, 'refPid': 6856}, {'copyable': 1, 'values': ['MK1721250'], 'key': '商品编号', 'customProperty': 2, 'enhanceDisplay': 0}, {'values': ['Guangdong,China'], 'key': '产地', 'customProperty': 3}], 'editModel': 'site', 'cid': '2732', 'site': 'PDDKJ', 'shopIdAndGoodsModelReqMap': {}, 'sourceItemUrl': 'https://www.temu.com/search_result.html?search_key=601100431292772', 'source': 'temu', 'sourceSite': None, 'oldCid': '2732', 'outerGoodsUrl': '', 'inventoryRegion': 1, 'sizeAttributeValueGroupId': None, 'isBasePlate': 0, 'sourceList': [{'remark': None, 'sourceItemId': '601100431292772', 'source': 'temu', 'sourceSite': None, 'sourceItemUrl': 'https://www.temu.com/search_result.html?search_key=601100431292772'}], 'collectBoxDetailShopList': [{'shopId': '8248727', 'cid': '2732', 'minSkuPrice': 394.21, 'maxSkuPrice': 436.34, 'sizeTemplateId': None, 'isFullSave': 0, 'shopName': 'temu全托管104', 'breadcrumb': '电子>影音娱乐>MP3、MP4播放器', 'breadcrumbChinese': '电子>影音娱乐>MP3、MP4播放器', 'site': 'PDDKJ', 'currency': 'CNY', 'itemNum': None, 'brandId': None}, {'shopId': '8369148', 'cid': '2732', 'minSkuPrice': 394.21, 'maxSkuPrice': 436.34, 'sizeTemplateId': None, 'isFullSave': 0, 'shopName': 'temu全托管105', 'breadcrumb': '电子>影音娱乐>MP3、MP4播放器', 'breadcrumbChinese': '电子>影音娱乐>MP3、MP4播放器', 'site': 'PDDKJ', 'currency': 'CNY', 'itemNum': None, 'brandId': None}, {'shopId': '8371473', 'cid': '2732', 'minSkuPrice': 394.21, 'maxSkuPrice': 436.34, 'sizeTemplateId': None, 'isFullSave': 0, 'shopName': 'temu全托管106', 'breadcrumb': '电子>影音娱乐>MP3、MP4播放器', 'breadcrumbChinese': '电子>影音娱乐>MP3、MP4播放器', 'site': 'PDDKJ', 'currency': 'CNY', 'itemNum': None, 'brandId': None}], 'detailId': '2838022415', 'sourceNameFw': 'Temu', 'sourceAddress': None, 'sourceAddressFw': None, 'sourceItemId': '601100431292772', 'oriItemNum': None, 'maxSkuPrice': 436.34, 'generateItemNumSourceInfo': {'source': 'temu', 'sourceNameFw': 'Temu', 'sourceAddress': None, 'sourceAddressFw': None, 'sourceItemId': '601100431292772', 'oriItemNum': None, 'maxSkuPrice': 436.34}}
2026-04-10 18:21:30,805 | INFO | auto_listing | ✅ 找到类目 2732 的配置，包含 5 个属性
2026-04-10 18:21:30,805 | INFO | auto_listing | 商品类目ID: 2732, 使用配置修改商品信息
2026-04-10 18:21:30,806 | INFO | auto_listing | 已将属性替换为配置中的 5 个属性
2026-04-10 18:21:30,806 | INFO | auto_listing | 保存商品信息，类目ID: 2732
2026-04-10 18:21:31,280 | INFO | auto_listing | 修改商品信息响应：{'result': 'fail', 'reason': '产品属性【无线属性】必填'}
2026-04-10 18:21:31,281 | INFO | auto_listing | 失败记录已保存到 D:\sd14\Auto_Listing\data\publish_fails.jsonl
2026-04-10 18:21:31,285 | INFO | auto_listing | 成功记录商品 601100431292772 的 15 个属性到CSV
2026-04-10 18:21:31,285 | ERROR | auto_listing | 保存失败: 产品属性【无线属性】必填
2026-04-10 18:21:31,511 | INFO | auto_listing | 2838022178:选择店铺成功
2026-04-10 18:21:31,566 | INFO | auto_listing | 2838019668:选择店铺成功
2026-04-10 18:21:31,671 | INFO | auto_listing | 2838022415:发布失败
2026-04-10 18:21:31,676 | INFO | auto_listing | 商品 601100431292772 重试次数: 1, 状态: pending
2026-04-10 18:21:32,033 | INFO | auto_listing | 获取商品信息：{'title': '64G+4G Hi-Fi音乐播放器 MP3/MP4，USB充电带挂绳接口，FM收音机，内置扬声器，电子书，闹钟，录音笔和耳机——运动与移动娱乐的完美选择，便携式音乐播放器，可扩展至128G', 'itemNum': None, 'saleAttributes': [{'templatePid': '', 'pid': '', 'refPid': '', 'parentSpecId': 15998553, 'name': '数量', 'values': [{'vid': 0, 'skuKey': 'dbbea7b1', 'name': '1个'}]}], 'attributes': [{'templatePid': 866177, 'pid': 1539, 'refPid': 2153, 'name': '电池属性', 'values': [{'vid': 52029, 'name': '可充电电池', 'valueUnit': ''}]}, {'templatePid': 870794, 'pid': 1535, 'refPid': 2147, 'name': '可充电电池', 'values': [{'vid': 52041, 'name': '锂电池--其他系列', 'valueUnit': ''}]}, {'templatePid': 398581, 'pid': 668, 'refPid': 422, 'name': '支持的标准', 'values': [{'vid': 18151, 'name': 'mp3', 'valueUnit': ''}]}, {'templatePid': 398583, 'pid': 666, 'refPid': 802, 'name': '显示技术', 'values': [{'vid': 18126, 'name': '液晶显示器', 'valueUnit': ''}]}, {'templatePid': 398574, 'pid': 491, 'refPid': 1160, 'name': '媒体类型', 'values': [{'vid': 18131, 'name': 'sd卡', 'valueUnit': ''}]}, {'templatePid': 1198389, 'pid': 1485, 'refPid': 2028, 'name': '电池容量（mAh）', 'values': [{'vid': 0, 'name': '220', 'valueUnit': ''}]}], 'skuMap': {';dbbea7b1;': {'price': 150.7, 'originPrice': 150.7, 'stock': 99, 'itemNum': '601100159283892_1个', 'length': None, 'width': None, 'height': None, 'weight': None, 'isSensitive': '0', 'sensitiveTypes': [], 'sensitiveLimit': [], 'barCodeType': 'UPC', 'barCode': '', 'imgUrl': 'https://img.kwcdn.com/product/fancy/68fd3405-c3c0-4401-8abf-003e3db98d05.jpg', 'suggestedPrice': '', 'suggestedPriceCurrencyType': 'CNY', 'goodsSkuId': None, 'isSupplierDisable': '0', 'numberOfPieces': '', 'skuClassification': 1, 'pieceUnitCode': 1, 'individuallyPacked': 0, 'netContentUnitCode': 1, 'netContentNumber': '', 'numberOfPiecesNew': '', 'pieceNewUnitCode': 1, 'mixedType': '', 'totalNetContentNumber': '', 'totalNetContentUnitCode': 1}}, 'sizeCharts': None, 'imgUrls': ['https://img.kwcdn.com/product/fancy/cfba0efd-9fd4-4e3f-9f66-98c8d3b1f7bd.jpg', 'https://img.kwcdn.com/product/fancy/989c2ecb-c6cc-45d6-8658-2336ff74a28f.jpg', 'https://img.kwcdn.com/product/fancy/d6f87d18-0d07-48d7-8d50-37f5895cf103.jpg', 'https://img.kwcdn.com/product/fancy/843ea584-ca20-45ad-a47f-6a19e46d8d5a.jpg', 'https://img.kwcdn.com/product/fancy/cbe83538-781d-49fb-9359-cd57cb21b274.jpg', 'https://img.kwcdn.com/product/fancy/68fd3405-c3c0-4401-8abf-003e3db98d05.jpg', 'https://img.kwcdn.com/product/fancy/00675ea9-112a-4f2e-bbbf-93a9ceaaff2d.jpg', 'https://img.kwcdn.com/product/fancy/5e8b64a5-3b48-49bb-95f9-e9c150e0c994.jpg', 'https://img.kwcdn.com/product/fancy/f7a1e38e-d3f3-46c4-a517-67db28cde6d3.jpg', 'https://img.kwcdn.com/product/fancy/028e3216-0c3f-4e74-b3e5-7e5741031489.jpg', 'https://img.kwcdn.com/product/fancy/7b7b36be-2f81-4deb-9b03-a13d28056ad3.jpg'], 'goodsLayerDecorationReqs': [{'type': 'image', 'content': {'imgUrl': 'https://img.kwcdn.com/product/fancy/759ce6f8-dee5-4a2e-b178-5b7516203c6d.jpg'}}, {'type': 'image', 'content': {'imgUrl': 'https://img.kwcdn.com/product/fancy/989c2ecb-c6cc-45d6-8658-2336ff74a28f.jpg'}}, {'type': 'image', 'content': {'imgUrl': 'https://img.kwcdn.com/product/fancy/00675ea9-112a-4f2e-bbbf-93a9ceaaff2d.jpg'}}, {'type': 'image', 'content': {'imgUrl': 'https://img.kwcdn.com/product/fancy/5e8b64a5-3b48-49bb-95f9-e9c150e0c994.jpg'}}, {'type': 'text', 'content': {'text': 'MP3播放器配备128GB大容量存储，轻松容纳数千首音乐，让您将所有喜爱的歌曲收纳其中。让小巧设备充满心仪之音，随时随地变身移动音乐库，尽享音乐盛宴内置强大的音频解码技术，能更好地将原声转化为最原始的声音，为您提供接近原版的HIFI级音效，让您享受更佳的音乐盛宴MP3播放器内置高清扬声器，无需佩戴耳机即可畅享音乐，解除头戴烦恼。当您想独自静音聆听时，也能轻松使用耳机，尽情享受专属时光多功能一体，音乐播放、FM收音机（需插入有线耳机）、录音功能、电子书阅读，小巧设计。使用此播放器，您可以安静享受自己的音乐，不被外界干扰，让心灵尽情放飞', 'textModuleDetails': {'fontFamily': 1, 'fontColor': '#333333', 'backgroundColor': '#ffffff', 'fontSize': 12, 'align': 'left'}}}], 'outerPackageShape': None, 'outerPackageType': None, 'outerPackageImgUrls': [], 'productOriginCountry': 'CN', 'productOriginProvince': '43000000000006', 'productOriginCertFiles': [], 'currency': 'CNY', 'multiLanguageTitleMap': {'en': '64G+4G Hi-Fi music player MP3/MP4, USB charging with lanyard interface, FM radio, built-in speaker, e-book, alarm clock, voice recorder and headphones – the perfect choice for sports and mobile entertainment, portable music player, expandable to 128G'}, 'mainImgVideoUrl': '', 'mainImgAppVideoId': '', 'personalizationSwitch': '0', 'technologyType': '1', 'firstType': '', 'twiceType': [], 'version': 1, 'sourceProductCertifications': [], 'sourceItemMetaInfo': {'source': 'temu', 'sourceNameFw': 'Temu', 'sourceAddress': None, 'sourceAddressFw': None, 'sourceItemId': '601100159283892', 'oriItemNum': None, 'maxSkuPrice': 150.7}, 'cateList': ['电子产品', '电脑和配件'], 'sourceCid': 2732, 'originalSourceAttrs': [{'important': 1, 'values': ['可充电电池'], 'key': '电池属性', 'referenceId': 0, 'enhanceDisplay': 0, 'refPid': 2153}, {'important': 1, 'values': ['锂电池--其他系列'], 'key': '可充电电池', 'referenceId': 0, 'enhanceDisplay': 0, 'refPid': 2147}, {'important': 1, 'values': ['mp3'], 'key': '支持的标准', 'referenceId': 0, 'enhanceDisplay': 0, 'refPid': 422}, {'important': 1, 'values': ['液晶显示器'], 'key': '显示技术', 'referenceId': 0, 'enhanceDisplay': 0, 'refPid': 802}, {'important': 1, 'values': ['sd卡'], 'key': '媒体类型', 'referenceId': 0, 'enhanceDisplay': 0, 'refPid': 1160}, {'enhanceIcon': 'https://aimg.kwcdn.com/upload_aimg/temu/8dcd37b1-123a-4723-98c7-4c326c2ab3c0.png.slim.png', 'values': ['220'], 'key': '电池容量（mAh）', 'referenceId': 0, 'enhanceDisplay': 0, 'refPid': 2028}, {'copyable': 1, 'values': ['UQ1305190'], 'key': '商品编号', 'customProperty': 2, 'enhanceDisplay': 0}, {'values': ['Guangdong,China'], 'key': '产地', 'customProperty': 3}], 'editModel': 'site', 'cid': '2732', 'site': 'PDDKJ', 'shopIdAndGoodsModelReqMap': {}, 'sourceItemUrl': 'https://www.temu.com/search_result.html?search_key=601100159283892', 'source': 'temu', 'sourceSite': None, 'oldCid': '2732', 'outerGoodsUrl': '', 'inventoryRegion': 1, 'sizeAttributeValueGroupId': None, 'isBasePlate': 0, 'sourceList': [{'remark': None, 'sourceItemId': '601100159283892', 'source': 'temu', 'sourceSite': None, 'sourceItemUrl': 'https://www.temu.com/search_result.html?search_key=601100159283892'}], 'collectBoxDetailShopList': [{'shopId': '8248727', 'cid': '2732', 'minSkuPrice': 150.7, 'maxSkuPrice': 150.7, 'sizeTemplateId': None, 'isFullSave': 0, 'shopName': 'temu全托管104', 'breadcrumb': '电子>影音娱乐>MP3、MP4播放器', 'breadcrumbChinese': '电子>影音娱乐>MP3、MP4播放器', 'site': 'PDDKJ', 'currency': 'CNY', 'itemNum': None, 'brandId': None}, {'shopId': '8369148', 'cid': '2732', 'minSkuPrice': 150.7, 'maxSkuPrice': 150.7, 'sizeTemplateId': None, 'isFullSave': 0, 'shopName': 'temu全托管105', 'breadcrumb': '电子>影音娱乐>MP3、MP4播放器', 'breadcrumbChinese': '电子>影音娱乐>MP3、MP4播放器', 'site': 'PDDKJ', 'currency': 'CNY', 'itemNum': None, 'brandId': None}, {'shopId': '8371473', 'cid': '2732', 'minSkuPrice': 150.7, 'maxSkuPrice': 150.7, 'sizeTemplateId': None, 'isFullSave': 0, 'shopName': 'temu全托管106', 'breadcrumb': '电子>影音娱乐>MP3、MP4播放器', 'breadcrumbChinese': '电子>影音娱乐>MP3、MP4播放器', 'site': 'PDDKJ', 'currency': 'CNY', 'itemNum': None, 'brandId': None}], 'detailId': '2838022178', 'sourceNameFw': 'Temu', 'sourceAddress': None, 'sourceAddressFw': None, 'sourceItemId': '601100159283892', 'oriItemNum': None, 'maxSkuPrice': 150.7, 'generateItemNumSourceInfo': {'source': 'temu', 'sourceNameFw': 'Temu', 'sourceAddress': None, 'sourceAddressFw': None, 'sourceItemId': '601100159283892', 'oriItemNum': None, 'maxSkuPrice': 150.7}}
2026-04-10 18:21:32,034 | INFO | auto_listing | ✅ 找到类目 2732 的配置，包含 5 个属性
2026-04-10 18:21:32,034 | INFO | auto_listing | 商品类目ID: 2732, 使用配置修改商品信息
2026-04-10 18:21:32,034 | INFO | auto_listing | 已将属性替换为配置中的 5 个属性
2026-04-10 18:21:32,034 | INFO | auto_listing | 保存商品信息，类目ID: 2732
2026-04-10 18:21:32,093 | INFO | auto_listing | 获取商品信息：{'title': '[Hi-Fi音乐播放器]4GB便携式数字音乐MP3播放器，内置扬声器，视频，录音，图片，FM收音机，电子书，支持扩展至128G，适合运动与旅行', 'itemNum': None, 'saleAttributes': [{'templatePid': '', 'pid': '', 'refPid': '', 'parentSpecId': 1001, 'name': '颜色', 'values': [{'vid': 0, 'skuKey': '9d2d1f62', 'name': '黑色'}]}], 'attributes': [{'templatePid': 866177, 'pid': 1539, 'refPid': 2153, 'name': '电池属性', 'values': [{'vid': 52029, 'name': '可充电电池', 'valueUnit': ''}]}, {'templatePid': 870794, 'pid': 1535, 'refPid': 2147, 'name': '可充电电池', 'values': [{'vid': 52038, 'name': '锂电池--聚合物', 'valueUnit': ''}]}, {'templatePid': 398581, 'pid': 668, 'refPid': 422, 'name': '支持的标准', 'values': [{'vid': 18151, 'name': 'mp3', 'valueUnit': ''}]}, {'templatePid': 398583, 'pid': 666, 'refPid': 802, 'name': '显示技术', 'values': [{'vid': 18127, 'name': 'led', 'valueUnit': ''}]}, {'templatePid': 398574, 'pid': 491, 'refPid': 1160, 'name': '媒体类型', 'values': [{'vid': 18131, 'name': 'sd卡', 'valueUnit': ''}]}, {'templatePid': 1198389, 'pid': 1485, 'refPid': 2028, 'name': '电池容量（mAh）', 'values': [{'vid': 0, 'name': '220', 'valueUnit': ''}]}, {'templatePid': 1254659, 'pid': 1155, 'refPid': 6677, 'name': '电压', 'values': [{'vid': 118285, 'name': '详见商品详情', 'valueUnit': ''}]}], 'skuMap': {';9d2d1f62;': {'price': 121.55, 'originPrice': 121.55, 'stock': 14, 'itemNum': '601100070178755_黑色', 'length': None, 'width': None, 'height': None, 'weight': None, 'isSensitive': '0', 'sensitiveTypes': [], 'sensitiveLimit': [], 'barCodeType': 'UPC', 'barCode': '', 'imgUrl': 'https://img.kwcdn.com/product/fancy/8a265052-ae7b-4a59-a234-aa1df4481113.jpg', 'suggestedPrice': '', 'suggestedPriceCurrencyType': 'CNY', 'goodsSkuId': None, 'isSupplierDisable': '0', 'numberOfPieces': '', 'skuClassification': 1, 'pieceUnitCode': 1, 'individuallyPacked': 0, 'netContentUnitCode': 1, 'netContentNumber': '', 'numberOfPiecesNew': '', 'pieceNewUnitCode': 1, 'mixedType': '', 'totalNetContentNumber': '', 'totalNetContentUnitCode': 1}}, 'sizeCharts': None, 'imgUrls': ['https://img.kwcdn.com/product/fancy/8a265052-ae7b-4a59-a234-aa1df4481113.jpg', 'https://img.kwcdn.com/product/fancy/3218504e-d83c-4844-a527-832029f4ea49.jpg', 'https://img.kwcdn.com/product/fancy/d9723df6-aad9-45d9-aaed-cf00fee3f3fc.jpg', 'https://img.kwcdn.com/product/fancy/012d0f5a-8f8c-40aa-aed7-f62426ce5a1e.jpg', 'https://img.kwcdn.com/product/fancy/59e02652-3627-469f-ad70-2419e1bbaf10.jpg', 'https://img.kwcdn.com/product/fancy/45ff4e6e-0fed-465a-9fed-169414a3ba3d.jpg', 'https://img.kwcdn.com/product/fancy/3354a2c0-d14f-4e68-b67d-293f14c6382e.jpg', 'https://img.kwcdn.com/product/fancy/1a796337-18a9-4be2-b6cc-2aef528dc3bc.jpg', 'https://img.kwcdn.com/product/fancy/6fc8cd13-eb22-428b-a5f3-838cd2fcf8d0.jpg', 'https://img.kwcdn.com/product/fancy/bfbb54de-c575-4acb-8216-ae9eadb570a5.jpg'], 'goodsLayerDecorationReqs': [{'type': 'image', 'content': {'imgUrl': 'https://img.kwcdn.com/product/fancy/6fc8cd13-eb22-428b-a5f3-838cd2fcf8d0.jpg'}}, {'type': 'image', 'content': {'imgUrl': 'https://img.kwcdn.com/product/fancy/8a265052-ae7b-4a59-a234-aa1df4481113.jpg'}}, {'type': 'image', 'content': {'imgUrl': 'https://img.kwcdn.com/product/fancy/012d0f5a-8f8c-40aa-aed7-f62426ce5a1e.jpg'}}, {'type': 'image', 'content': {'imgUrl': 'https://img.kwcdn.com/product/fancy/45ff4e6e-0fed-465a-9fed-169414a3ba3d.jpg'}}, {'type': 'text', 'content': {'text': '特点：【卓越音质】提供接近原声的高保真音质，支持多种音频格式，完美音质让热爱音乐的人成为必备设备，让您的工作与生活更加愉悦多功能：支持音乐播放、视频播放、录音、闹钟、图片浏览、FM收音机、Micro SD卡扩展[4GB 至 128GB] 内置 4GB 内存，支持最大 128GB 的 micro 卡扩展（不包括 micro 卡）。您可以下载数千首歌曲并存储大量文件[触控操作] 操作简单，为您带来视觉盛宴，全触控让互动体验发生质的变化【升级BT 5.0】支持蓝牙连接，可与蓝牙耳机和蓝牙音箱搭配使用，带来更佳体验多格式播放，无需转换即可直接播放，支持avi、amv等视频格式，并兼容MP3、APE、FLAC、WMA等音乐文件包装内含：1*  MP3播放器1*数据线1* 用户手册', 'textModuleDetails': {'fontFamily': 1, 'fontColor': '#333333', 'backgroundColor': '#ffffff', 'fontSize': 12, 'align': 'left'}}}], 'outerPackageShape': None, 'outerPackageType': None, 'outerPackageImgUrls': [], 'productOriginCountry': 'CN', 'productOriginProvince': '43000000000006', 'productOriginCertFiles': [], 'currency': 'CNY', 'multiLanguageTitleMap': {'en': '[Hi-Fi Music Player] 4GB portable digital music MP3 player, built-in speaker, video, recording, pictures, FM radio, e-book, supports expansion up to 128GB, suitable for sports and travel'}, 'mainImgVideoUrl': '', 'mainImgAppVideoId': '', 'personalizationSwitch': '0', 'technologyType': '1', 'firstType': '', 'twiceType': [], 'version': 1, 'sourceProductCertifications': [], 'sourceItemMetaInfo': {'source': 'temu', 'sourceNameFw': 'Temu', 'sourceAddress': None, 'sourceAddressFw': None, 'sourceItemId': '601100070178755', 'oriItemNum': None, 'maxSkuPrice': 121.55}, 'cateList': ['电子产品', '电脑和配件'], 'sourceCid': 2732, 'originalSourceAttrs': [{'important': 1, 'values': ['可充电电池'], 'key': '电池属性', 'referenceId': 0, 'enhanceDisplay': 0, 'refPid': 2153}, {'important': 1, 'values': ['锂电池--聚合物'], 'key': '可充电电池', 'referenceId': 0, 'enhanceDisplay': 0, 'refPid': 2147}, {'important': 1, 'values': ['mp3'], 'key': '支持的标准', 'referenceId': 0, 'enhanceDisplay': 0, 'refPid': 422}, {'important': 1, 'values': ['led'], 'key': '显示技术', 'referenceId': 0, 'enhanceDisplay': 0, 'refPid': 802}, {'important': 1, 'values': ['sd卡'], 'key': '媒体类型', 'referenceId': 0, 'enhanceDisplay': 0, 'refPid': 1160}, {'enhanceIcon': 'https://aimg.kwcdn.com/upload_aimg/temu/8dcd37b1-123a-4723-98c7-4c326c2ab3c0.png.slim.png', 'values': ['220'], 'key': '电池容量（mAh）', 'referenceId': 0, 'enhanceDisplay': 0, 'refPid': 2028}, {'values': ['详见商品详情'], 'key': '电压', 'referenceId': 0, 'enhanceDisplay': 0, 'refPid': 6677}, {'copyable': 1, 'values': ['CU1124379'], 'key': '商品编号', 'customProperty': 2, 'enhanceDisplay': 0}, {'values': ['Guangdong,China'], 'key': '产地', 'customProperty': 3}], 'editModel': 'site', 'cid': '2732', 'site': 'PDDKJ', 'shopIdAndGoodsModelReqMap': {}, 'sourceItemUrl': 'https://www.temu.com/search_result.html?search_key=601100070178755', 'source': 'temu', 'sourceSite': None, 'oldCid': '2732', 'outerGoodsUrl': '', 'inventoryRegion': 1, 'sizeAttributeValueGroupId': None, 'isBasePlate': 0, 'sourceList': [{'remark': None, 'sourceItemId': '601100070178755', 'source': 'temu', 'sourceSite': None, 'sourceItemUrl': 'https://www.temu.com/search_result.html?search_key=601100070178755'}], 'collectBoxDetailShopList': [{'shopId': '8248727', 'cid': '2732', 'minSkuPrice': 121.55, 'maxSkuPrice': 121.55, 'sizeTemplateId': None, 'isFullSave': 0, 'shopName': 'temu全托管104', 'breadcrumb': '电子>影音娱乐>MP3、MP4播放器', 'breadcrumbChinese': '电子>影音娱乐>MP3、MP4播放器', 'site': 'PDDKJ', 'currency': 'CNY', 'itemNum': None, 'brandId': None}, {'shopId': '8369148', 'cid': '2732', 'minSkuPrice': 121.55, 'maxSkuPrice': 121.55, 'sizeTemplateId': None, 'isFullSave': 0, 'shopName': 'temu全托管105', 'breadcrumb': '电子>影音娱乐>MP3、MP4播放器', 'breadcrumbChinese': '电子>影音娱乐>MP3、MP4播放器', 'site': 'PDDKJ', 'currency': 'CNY', 'itemNum': None, 'brandId': None}, {'shopId': '8371473', 'cid': '2732', 'minSkuPrice': 121.55, 'maxSkuPrice': 121.55, 'sizeTemplateId': None, 'isFullSave': 0, 'shopName': 'temu全托管106', 'breadcrumb': '电子>影音娱乐>MP3、MP4播放器', 'breadcrumbChinese': '电子>影音娱乐>MP3、MP4播放器', 'site': 'PDDKJ', 'currency': 'CNY', 'itemNum': None, 'brandId': None}], 'detailId': '2838019668', 'sourceNameFw': 'Temu', 'sourceAddress': None, 'sourceAddressFw': None, 'sourceItemId': '601100070178755', 'oriItemNum': None, 'maxSkuPrice': 121.55, 'generateItemNumSourceInfo': {'source': 'temu', 'sourceNameFw': 'Temu', 'sourceAddress': None, 'sourceAddressFw': None, 'sourceItemId': '601100070178755', 'oriItemNum': None, 'maxSkuPrice': 121.55}}
2026-04-10 18:21:32,094 | INFO | auto_listing | ✅ 找到类目 2732 的配置，包含 5 个属性
2026-04-10 18:21:32,094 | INFO | auto_listing | 商品类目ID: 2732, 使用配置修改商品信息
2026-04-10 18:21:32,094 | INFO | auto_listing | 已将属性替换为配置中的 5 个属性
2026-04-10 18:21:32,094 | INFO | auto_listing | 保存商品信息，类目ID: 2732
2026-04-10 18:21:32,243 | INFO | auto_listing | 2838019147:选择店铺成功
2026-04-10 18:21:32,477 | INFO | auto_listing | 修改商品信息响应：{'result': 'fail', 'reason': '产品属性【无线属性】必填'}
2026-04-10 18:21:32,478 | INFO | auto_listing | 失败记录已保存到 D:\sd14\Auto_Listing\data\publish_fails.jsonl
2026-04-10 18:21:32,480 | INFO | auto_listing | 成功记录商品 601100159283892 的 6 个属性到CSV
2026-04-10 18:21:32,480 | ERROR | auto_listing | 保存失败: 产品属性【无线属性】必填
2026-04-10 18:21:32,568 | INFO | auto_listing | 修改商品信息响应：{'result': 'fail', 'reason': '产品属性【无线属性】必填'}
2026-04-10 18:21:32,568 | INFO | auto_listing | 失败记录已保存到 D:\sd14\Auto_Listing\data\publish_fails.jsonl
2026-04-10 18:21:32,572 | INFO | auto_listing | 成功记录商品 601100070178755 的 7 个属性到CSV
2026-04-10 18:21:32,572 | ERROR | auto_listing | 保存失败: 产品属性【无线属性】必填
2026-04-10 18:21:32,776 | INFO | auto_listing | 获取商品信息：{'title': 'KeenPlus 64GB portable music player with wireless 5.0, built-in speakers, recording, FM radio, high fidelity audio, 2.4-inch full touch screen, Micro SD slot, MP3/MP4 player, rechargeable lithium polymer battery', 'itemNum': None, 'saleAttributes': [{'templatePid': '', 'pid': '', 'refPid': '', 'parentSpecId': 1001, 'name': '颜色', 'values': [{'vid': 0, 'skuKey': 'e90dfb84', 'name': 'Black'}, {'vid': 0, 'skuKey': '9594eec9', 'name': 'Blue'}, {'vid': 0, 'skuKey': '4a0b0dce', 'name': 'pink'}, {'vid': 0, 'skuKey': '25a81701', 'name': 'White'}, {'vid': 0, 'skuKey': 'd382816a', 'name': 'Green'}]}], 'attributes': [{'templatePid': 398581, 'pid': 668, 'refPid': 422, 'name': '支持的标准', 'values': [{'vid': 18145, 'name': 'avi', 'valueUnit': ''}]}, {'templatePid': 602695, 'pid': 1467, 'refPid': 1960, 'name': '品牌名', 'values': [{'vid': 0, 'name': 'KEENPLUS', 'valueUnit': ''}]}], 'skuMap': {';e90dfb84;': {'price': 162.38, 'originPrice': 162.38, 'stock': 10, 'itemNum': '601100043643432_Black', 'length': None, 'width': None, 'height': None, 'weight': None, 'isSensitive': '0', 'sensitiveTypes': [], 'sensitiveLimit': [], 'barCodeType': 'UPC', 'barCode': '', 'imgUrl': 'https://img.kwcdn.com/product/fancy/7a010870-c68c-4255-a798-dc20cb8f70b8.jpg', 'suggestedPrice': '', 'suggestedPriceCurrencyType': 'CNY', 'goodsSkuId': None, 'isSupplierDisable': '0', 'numberOfPieces': '', 'skuClassification': 1, 'pieceUnitCode': 1, 'individuallyPacked': 0, 'netContentUnitCode': 1, 'netContentNumber': '', 'numberOfPiecesNew': '', 'pieceNewUnitCode': 1, 'mixedType': '', 'totalNetContentNumber': '', 'totalNetContentUnitCode': 1}, ';9594eec9;': {'price': 162.38, 'originPrice': 162.38, 'stock': 10, 'itemNum': '601100043643432_Blue', 'length': None, 'width': None, 'height': None, 'weight': None, 'isSensitive': '0', 'sensitiveTypes': [], 'sensitiveLimit': [], 'barCodeType': 'UPC', 'barCode': '', 'imgUrl': 'https://img.kwcdn.com/product/fancy/62ee05c4-17ba-491e-8b1b-9447ddb03bb5.jpg', 'suggestedPrice': '', 'suggestedPriceCurrencyType': 'CNY', 'goodsSkuId': None, 'isSupplierDisable': '0', 'numberOfPieces': '', 'skuClassification': 1, 'pieceUnitCode': 1, 'individuallyPacked': 0, 'netContentUnitCode': 1, 'netContentNumber': '', 'numberOfPiecesNew': '', 'pieceNewUnitCode': 1, 'mixedType': '', 'totalNetContentNumber': '', 'totalNetContentUnitCode': 1}, ';4a0b0dce;': {'price': 162.38, 'originPrice': 162.38, 'stock': 10, 'itemNum': '601100043643432_pink', 'length': None, 'width': None, 'height': None, 'weight': None, 'isSensitive': '0', 'sensitiveTypes': [], 'sensitiveLimit': [], 'barCodeType': 'UPC', 'barCode': '', 'imgUrl': 'https://img.kwcdn.com/product/fancy/ed404439-d165-41e3-91a5-dcf66a4c92b0.jpg', 'suggestedPrice': '', 'suggestedPriceCurrencyType': 'CNY', 'goodsSkuId': None, 'isSupplierDisable': '0', 'numberOfPieces': '', 'skuClassification': 1, 'pieceUnitCode': 1, 'individuallyPacked': 0, 'netContentUnitCode': 1, 'netContentNumber': '', 'numberOfPiecesNew': '', 'pieceNewUnitCode': 1, 'mixedType': '', 'totalNetContentNumber': '', 'totalNetContentUnitCode': 1}, ';25a81701;': {'price': 248.69, 'originPrice': 248.69, 'stock': 10, 'itemNum': '601100043643432_White', 'length': None, 'width': None, 'height': None, 'weight': None, 'isSensitive': '0', 'sensitiveTypes': [], 'sensitiveLimit': [], 'barCodeType': 'UPC', 'barCode': '', 'imgUrl': 'https://img.kwcdn.com/product/fancy/45f332e7-13fd-478a-a431-a197c62c9848.jpg', 'suggestedPrice': '', 'suggestedPriceCurrencyType': 'CNY', 'goodsSkuId': None, 'isSupplierDisable': '0', 'numberOfPieces': '', 'skuClassification': 1, 'pieceUnitCode': 1, 'individuallyPacked': 0, 'netContentUnitCode': 1, 'netContentNumber': '', 'numberOfPiecesNew': '', 'pieceNewUnitCode': 1, 'mixedType': '', 'totalNetContentNumber': '', 'totalNetContentUnitCode': 1}, ';d382816a;': {'price': 248.69, 'originPrice': 248.69, 'stock': 10, 'itemNum': '601100043643432_Green', 'length': None, 'width': None, 'height': None, 'weight': None, 'isSensitive': '0', 'sensitiveTypes': [], 'sensitiveLimit': [], 'barCodeType': 'UPC', 'barCode': '', 'imgUrl': 'https://img.kwcdn.com/product/fancy/bd925617-cc56-4bcc-8c56-14d9246000bf.jpg', 'suggestedPrice': '', 'suggestedPriceCurrencyType': 'CNY', 'goodsSkuId': None, 'isSupplierDisable': '0', 'numberOfPieces': '', 'skuClassification': 1, 'pieceUnitCode': 1, 'individuallyPacked': 0, 'netContentUnitCode': 1, 'netContentNumber': '', 'numberOfPiecesNew': '', 'pieceNewUnitCode': 1, 'mixedType': '', 'totalNetContentNumber': '', 'totalNetContentUnitCode': 1}}, 'sizeCharts': None, 'imgUrls': ['https://img.kwcdn.com/product/fancy/ea735dd2-0f92-4ef8-84df-84d6c4b67d1f.jpg', 'https://img.kwcdn.com/product/fancy/4d674b0d-ec06-45c1-8eec-019a292dc6fc.jpg', 'https://img.kwcdn.com/product/fancy/7432a8c8-7226-480f-8274-218b616d7e3b.jpg', 'https://img.kwcdn.com/product/fancy/7e6b986c-54f4-4ede-b9a0-c8bcea7f22d7.jpg', 'https://img.kwcdn.com/product/fancy/7a010870-c68c-4255-a798-dc20cb8f70b8.jpg', 'https://img.kwcdn.com/product/fancy/62ee05c4-17ba-491e-8b1b-9447ddb03bb5.jpg', 'https://img.kwcdn.com/product/fancy/8abda2a1-8cc5-49b3-ab91-f3a410d2cd8f.jpg', 'https://img.kwcdn.com/product/fancy/ed404439-d165-41e3-91a5-dcf66a4c92b0.jpg', 'https://img.kwcdn.com/product/fancy/d4ce74c2-b02d-4cce-b146-46c1a1bb809e.jpg', 'https://img.kwcdn.com/product/fancy/45f332e7-13fd-478a-a431-a197c62c9848.jpg', 'https://img.kwcdn.com/product/fancy/bd925617-cc56-4bcc-8c56-14d9246000bf.jpg', 'https://img.kwcdn.com/product/fancy/f74a718a-6b50-405b-99be-08ab7c48f4a8.jpg', 'https://img.kwcdn.com/product/fancy/49614dc7-ccd9-4f70-83f7-1416d8eca60e.jpg', 'https://img.kwcdn.com/product/fancy/dd06c20f-1470-400c-b406-97292213c1a2.jpg', 'https://img.kwcdn.com/product/fancy/d592b1fa-7b95-40b3-83ef-b5bb1b213590.jpg'], 'goodsLayerDecorationReqs': [{'type': 'image', 'content': {'imgUrl': 'https://img.kwcdn.com/product/fancy/4d674b0d-ec06-45c1-8eec-019a292dc6fc.jpg'}}, {'type': 'image', 'content': {'imgUrl': 'https://img.kwcdn.com/product/fancy/ea735dd2-0f92-4ef8-84df-84d6c4b67d1f.jpg'}}, {'type': 'image', 'content': {'imgUrl': 'https://img.kwcdn.com/product/fancy/7432a8c8-7226-480f-8274-218b616d7e3b.jpg'}}, {'type': 'image', 'content': {'imgUrl': 'https://img.kwcdn.com/product/fancy/7e6b986c-54f4-4ede-b9a0-c8bcea7f22d7.jpg'}}, {'type': 'image', 'content': {'imgUrl': 'https://img.kwcdn.com/product/fancy/8abda2a1-8cc5-49b3-ab91-f3a410d2cd8f.jpg'}}, {'type': 'image', 'content': {'imgUrl': 'https://img.kwcdn.com/product/fancy/d4ce74c2-b02d-4cce-b146-46c1a1bb809e.jpg'}}, {'type': 'image', 'content': {'imgUrl': 'https://img.kwcdn.com/product/fancy/f74a718a-6b50-405b-99be-08ab7c48f4a8.jpg'}}, {'type': 'image', 'content': {'imgUrl': 'https://img.kwcdn.com/product/fancy/49614dc7-ccd9-4f70-83f7-1416d8eca60e.jpg'}}, {'type': 'image', 'content': {'imgUrl': 'https://img.kwcdn.com/product/fancy/dd06c20f-1470-400c-b406-97292213c1a2.jpg'}}, {'type': 'image', 'content': {'imgUrl': 'https://img.kwcdn.com/product/fancy/d592b1fa-7b95-40b3-83ef-b5bb1b213590.jpg'}}], 'outerPackageShape': None, 'outerPackageType': None, 'outerPackageImgUrls': [], 'productOriginCountry': 'CN', 'productOriginProvince': '43000000000006', 'productOriginCertFiles': [], 'currency': 'CNY', 'multiLanguageTitleMap': {'en': 'KeenPlus 64GB portable music player with wireless 5.0, built-in speakers, recording, FM radio, high fidelity audio, 2.4-inch full touch screen, Micro SD slot, MP3/MP4 player, rechargeable lithium polymer battery'}, 'mainImgVideoUrl': '', 'mainImgAppVideoId': '', 'personalizationSwitch': '0', 'technologyType': '1', 'firstType': '', 'twiceType': [], 'version': 1, 'sourceProductCertifications': [], 'sourceItemMetaInfo': {'source': 'temu', 'sourceNameFw': 'Temu', 'sourceAddress': None, 'sourceAddressFw': None, 'sourceItemId': '601100043643432', 'oriItemNum': None, 'maxSkuPrice': 248.69}, 'cateList': ['Electronics', 'Computer & Accessories'], 'sourceCid': 2732, 'originalSourceAttrs': [{'important': 1, 'values': ['Rechargeable Battery'], 'key': 'Battery Properties', 'referenceId': 0, 'enhanceDisplay': 0, 'refPid': 2153}, {'important': 1, 'values': ['Lithium Battery-Polymer'], 'key': 'Rechargeable Battery', 'referenceId': 0, 'enhanceDisplay': 0, 'refPid': 2147}, {'important': 1, 'values': ['Wireless'], 'key': 'Connectivity Technology', 'referenceId': 0, 'enhanceDisplay': 0, 'refPid': 170}, {'important': 1, 'values': ['Avi'], 'key': 'Supported Standards', 'referenceId': 0, 'enhanceDisplay': 0, 'refPid': 422}, {'important': 1, 'values': ['Lcd'], 'key': 'Display Technology', 'referenceId': 0, 'enhanceDisplay': 0, 'refPid': 802}, {'important': 1, 'values': ['Micro Sd'], 'key': 'Media Type', 'referenceId': 0, 'enhanceDisplay': 0, 'refPid': 1160}, {'important': 1, 'enhanceIcon': 'https://aimg.kwcdn.com/upload_aimg/temu/bcdaa283-279a-4e66-a2ad-aa7279a10c46.png.slim.png', 'values': ['Video Playback', 'FM Radio', 'Voice recorder'], 'key': 'Special Features', 'referenceId': 0, 'enhanceDisplay': 0, 'refPid': 143}, {'values': ['KEENPLUS'], 'key': 'Brand', 'referenceId': 349018165, 'enhanceDisplay': 0, 'refPid': 1960}, {'enhanceIcon': 'https://aimg.kwcdn.com/upload_aimg/temu/8dcd37b1-123a-4723-98c7-4c326c2ab3c0.png.slim.png', 'values': ['300'], 'key': 'Battery Capacity (mAh)', 'referenceId': 0, 'enhanceDisplay': 0, 'refPid': 2028}, {'values': ['See Product Details'], 'key': 'Voltage', 'referenceId': 0, 'enhanceDisplay': 0, 'refPid': 6677}, {'important': 1, 'values': ['wireless'], 'key': 'Wireless Property', 'referenceId': 0, 'enhanceDisplay': 0, 'refPid': 2149}, {'important': 1, 'values': ['Type-C Port Charging'], 'key': 'Product Charging Port', 'referenceId': 0, 'enhanceDisplay': 0, 'refPid': 6861}, {'important': 1, 'values': ['No'], 'key': 'Does It Support Coordinated Fast Charging?', 'referenceId': 0, 'enhanceDisplay': 0, 'refPid': 6848}, {'important': 1, 'values': ['No'], 'key': 'Does It Include A Charger?', 'referenceId': 0, 'enhanceDisplay': 0, 'refPid': 6852}, {'important': 1, 'values': ['1.5W'], 'key': 'Maximum Rated Power', 'referenceId': 0, 'enhanceDisplay': 0, 'refPid': 6857}, {'important': 1, 'values': ['0.75W'], 'key': 'Minimum Rated Power', 'referenceId': 0, 'enhanceDisplay': 0, 'refPid': 6856}, {'copyable': 1, 'values': ['JU1071289'], 'key': 'Item ID', 'customProperty': 2, 'enhanceDisplay': 0}, {'values': ['Guangdong,China'], 'key': 'Origin', 'customProperty': 3}], 'editModel': 'site', 'cid': '2732', 'site': 'PDDKJ', 'shopIdAndGoodsModelReqMap': {}, 'sourceItemUrl': 'https://www.temu.com/search_result.html?search_key=601100043643432', 'source': 'temu', 'sourceSite': None, 'oldCid': '2732', 'outerGoodsUrl': '', 'inventoryRegion': 1, 'sizeAttributeValueGroupId': None, 'isBasePlate': 0, 'sourceList': [{'remark': None, 'sourceItemId': '601100043643432', 'source': 'temu', 'sourceSite': None, 'sourceItemUrl': 'https://www.temu.com/search_result.html?search_key=601100043643432'}], 'collectBoxDetailShopList': [{'shopId': '8248727', 'cid': '2732', 'minSkuPrice': 162.38, 'maxSkuPrice': 248.69, 'sizeTemplateId': None, 'isFullSave': 0, 'shopName': 'temu全托管104', 'breadcrumb': '电子>影音娱乐>MP3、MP4播放器', 'breadcrumbChinese': '电子>影音娱乐>MP3、MP4播放器', 'site': 'PDDKJ', 'currency': 'CNY', 'itemNum': None, 'brandId': None}, {'shopId': '8369148', 'cid': '2732', 'minSkuPrice': 162.38, 'maxSkuPrice': 248.69, 'sizeTemplateId': None, 'isFullSave': 0, 'shopName': 'temu全托管105', 'breadcrumb': '电子>影音娱乐>MP3、MP4播放器', 'breadcrumbChinese': '电子>影音娱乐>MP3、MP4播放器', 'site': 'PDDKJ', 'currency': 'CNY', 'itemNum': None, 'brandId': None}, {'shopId': '8371473', 'cid': '2732', 'minSkuPrice': 162.38, 'maxSkuPrice': 248.69, 'sizeTemplateId': None, 'isFullSave': 0, 'shopName': 'temu全托管106', 'breadcrumb': '电子>影音娱乐>MP3、MP4播放器', 'breadcrumbChinese': '电子>影音娱乐>MP3、MP4播放器', 'site': 'PDDKJ', 'currency': 'CNY', 'itemNum': None, 'brandId': None}], 'detailId': '2838019147', 'sourceNameFw': 'Temu', 'sourceAddress': None, 'sourceAddressFw': None, 'sourceItemId': '601100043643432', 'oriItemNum': None, 'maxSkuPrice': 248.69, 'generateItemNumSourceInfo': {'source': 'temu', 'sourceNameFw': 'Temu', 'sourceAddress': None, 'sourceAddressFw': None, 'sourceItemId': '601100043643432', 'oriItemNum': None, 'maxSkuPrice': 248.69}}
2026-04-10 18:21:32,782 | INFO | auto_listing | ✅ 找到类目 2732 的配置，包含 5 个属性
2026-04-10 18:21:32,782 | INFO | auto_listing | 商品类目ID: 2732, 使用配置修改商品信息
2026-04-10 18:21:32,782 | INFO | auto_listing | 已将属性替换为配置中的 5 个属性
2026-04-10 18:21:32,782 | INFO | auto_listing | 保存商品信息，类目ID: 2732
2026-04-10 18:21:32,867 | INFO | auto_listing | 2838022178:发布失败
2026-04-10 18:21:32,870 | INFO | auto_listing | 商品 601100159283892 重试次数: 1, 状态: pending
2026-04-10 18:21:32,969 | INFO | auto_listing | 2838019668:发布失败
2026-04-10 18:21:32,973 | INFO | auto_listing | 商品 601100070178755 重试次数: 1, 状态: pending
2026-04-10 18:21:33,238 | INFO | auto_listing | 修改商品信息响应：{'result': 'fail', 'reason': '产品属性【无线属性】必填'}
2026-04-10 18:21:33,239 | INFO | auto_listing | 失败记录已保存到 D:\sd14\Auto_Listing\data\publish_fails.jsonl
2026-04-10 18:21:33,241 | INFO | auto_listing | 成功记录商品 601100043643432 的 2 个属性到CSV
2026-04-10 18:21:33,241 | ERROR | auto_listing | 保存失败: 产品属性【无线属性】必填
2026-04-10 18:21:33,485 | INFO | auto_listing | 2838018601:选择店铺成功
2026-04-10 18:21:33,610 | INFO | auto_listing | 2838019147:发布失败
2026-04-10 18:21:33,613 | INFO | auto_listing | 商品 601100043643432 重试次数: 1, 状态: pending
2026-04-10 18:21:33,696 | INFO | auto_listing | 2838018206:选择店铺成功
2026-04-10 18:21:33,994 | INFO | auto_listing | 获取商品信息：{'title': '高保真音乐播放器 - 最大支持128GB MP3/MP4播放，内置扬声器，电子书，闹钟，录音机及耳机 - 便携式运动与移动娱乐设备', 'itemNum': None, 'saleAttributes': [{'templatePid': '', 'pid': '', 'refPid': '', 'parentSpecId': 1001, 'name': '颜色', 'values': [{'vid': 0, 'skuKey': '9d2d1f62', 'name': '黑色'}]}], 'attributes': [{'templatePid': 866177, 'pid': 1539, 'refPid': 2153, 'name': '电池属性', 'values': [{'vid': 52029, 'name': '可充电电池', 'valueUnit': ''}]}, {'templatePid': 870794, 'pid': 1535, 'refPid': 2147, 'name': '可充电电池', 'values': [{'vid': 52038, 'name': '锂电池--聚合物', 'valueUnit': ''}]}, {'templatePid': 398585, 'pid': 165, 'refPid': 170, 'name': '连接技术', 'values': [{'vid': 3629, 'name': '蓝牙', 'valueUnit': ''}]}, {'templatePid': 398581, 'pid': 668, 'refPid': 422, 'name': '支持的标准', 'values': [{'vid': 18151, 'name': 'mp3', 'valueUnit': ''}]}, {'templatePid': 398583, 'pid': 666, 'refPid': 802, 'name': '显示技术', 'values': [{'vid': 18126, 'name': '液晶显示器', 'valueUnit': ''}]}, {'templatePid': 398574, 'pid': 491, 'refPid': 1160, 'name': '媒体类型', 'values': [{'vid': 18131, 'name': 'sd卡', 'valueUnit': ''}]}, {'templatePid': 602695, 'pid': 1467, 'refPid': 1960, 'name': '品牌名', 'values': [{'vid': 0, 'name': 'BELITA AMY', 'valueUnit': ''}]}, {'templatePid': 1290260, 'pid': 1537, 'refPid': 2149, 'name': '无线属性', 'values': [{'vid': 51936, 'name': '含蓝牙功能', 'valueUnit': ''}]}, {'templatePid': 1290431, 'pid': 2030, 'refPid': 6861, 'name': '产品充电端口', 'values': [{'vid': 137928, 'name': '其他端口充电', 'valueUnit': ''}]}], 'skuMap': {';9d2d1f62;': {'price': 113.28, 'originPrice': 113.28, 'stock': 18, 'itemNum': '601100043464824_黑色', 'length': None, 'width': None, 'height': None, 'weight': None, 'isSensitive': '0', 'sensitiveTypes': [], 'sensitiveLimit': [], 'barCodeType': 'UPC', 'barCode': '', 'imgUrl': 'https://img.kwcdn.com/product/fancy/1fe4c91b-63e2-449a-a7c8-a575a2bfccec.jpg', 'suggestedPrice': '', 'suggestedPriceCurrencyType': 'CNY', 'goodsSkuId': None, 'isSupplierDisable': '0', 'numberOfPieces': '', 'skuClassification': 1, 'pieceUnitCode': 1, 'individuallyPacked': 0, 'netContentUnitCode': 1, 'netContentNumber': '', 'numberOfPiecesNew': '', 'pieceNewUnitCode': 1, 'mixedType': '', 'totalNetContentNumber': '', 'totalNetContentUnitCode': 1}}, 'sizeCharts': None, 'imgUrls': ['https://img.kwcdn.com/product/fancy/3904f4c8-c031-48de-a05f-14de8134cf2f.jpg', 'https://img.kwcdn.com/product/fancy/1fe4c91b-63e2-449a-a7c8-a575a2bfccec.jpg', 'https://img.kwcdn.com/product/fancy/a6b4c569-cec3-4042-8170-d2a553029267.jpg', 'https://img.kwcdn.com/product/fancy/4b7bd7b9-7b0f-4a95-9939-64b8d77d0fd5.jpg', 'https://img.kwcdn.com/product/fancy/5b8396f6-8378-46ec-9594-fed157b6d059.jpg', 'https://img.kwcdn.com/product/fancy/8a8f6cba-3ea8-478d-b2e4-9511d3bb35f8.jpg', 'https://img.kwcdn.com/product/fancy/84f2b0f7-fc33-4b42-944c-368a8885c00e.jpg', 'https://img.kwcdn.com/product/fancy/eebdf8de-58f2-4a8e-8ed2-8011dfcc1452.jpg', 'https://img.kwcdn.com/product/fancy/0211c2f2-2f22-43e4-b2b2-fb656d80b9f1.jpg', 'https://img.kwcdn.com/product/fancy/ce1e565b-ac29-4d92-b695-cbdf0f9d6eb6.jpg'], 'goodsLayerDecorationReqs': [{'type': 'image', 'content': {'imgUrl': 'https://img.kwcdn.com/product/fancy/ce1e565b-ac29-4d92-b695-cbdf0f9d6eb6.jpg'}}, {'type': 'image', 'content': {'imgUrl': 'https://img.kwcdn.com/product/fancy/1fe4c91b-63e2-449a-a7c8-a575a2bfccec.jpg'}}, {'type': 'image', 'content': {'imgUrl': 'https://img.kwcdn.com/product/fancy/8a8f6cba-3ea8-478d-b2e4-9511d3bb35f8.jpg'}}, {'type': 'image', 'content': {'imgUrl': 'https://img.kwcdn.com/product/fancy/0211c2f2-2f22-43e4-b2b2-fb656d80b9f1.jpg'}}, {'type': 'image', 'content': {'imgUrl': 'https://img.kwcdn.com/product/fancy/a6b4c569-cec3-4042-8170-d2a553029267.jpg'}}, {'type': 'image', 'content': {'imgUrl': 'https://img.kwcdn.com/product/fancy/eebdf8de-58f2-4a8e-8ed2-8011dfcc1452.jpg'}}, {'type': 'image', 'content': {'imgUrl': 'https://img.kwcdn.com/product/fancy/84f2b0f7-fc33-4b42-944c-368a8885c00e.jpg'}}, {'type': 'image', 'content': {'imgUrl': 'https://img.kwcdn.com/product/fancy/4b7bd7b9-7b0f-4a95-9939-64b8d77d0fd5.jpg'}}, {'type': 'image', 'content': {'imgUrl': 'https://img.kwcdn.com/product/fancy/3904f4c8-c031-48de-a05f-14de8134cf2f.jpg'}}, {'type': 'image', 'content': {'imgUrl': 'https://img.kwcdn.com/product/fancy/5b8396f6-8378-46ec-9594-fed157b6d059.jpg'}}, {'type': 'text', 'content': {'text': '【升级BT 5.0】支持蓝牙连接，可与蓝牙耳机和蓝牙音箱搭配使用，带来更佳体验\n多格式播放，无需转换即可直接播放，支持avi、amv等视频格式，并兼容MP3、APE、FLAC、WMA等音乐文件内置4GB存储，支持最大128GB微型SD卡扩展（不含微型SD卡）。您可以下载数千首歌曲并存储大量文件【卓越音质】提供接近原声的高保真音质，支持多种音频格式，完美音质让热爱音乐的人士成为必备设备，让您的工作与生活更加愉悦\n多功能：支持音乐播放、视频播放、录音、闹钟、图片浏览、FM收音机、Micro SD卡扩展\n【快速充电】采用250mAh大容量锂离子电池与USB微型快充技术，享受24小时无间断使用', 'textModuleDetails': {'fontFamily': 1, 'fontColor': '#333333', 'backgroundColor': '#ffffff', 'fontSize': 12, 'align': 'left'}}}], 'outerPackageShape': None, 'outerPackageType': None, 'outerPackageImgUrls': [], 'productOriginCountry': 'CN', 'productOriginProvince': '43000000000006', 'productOriginCertFiles': [], 'currency': 'CNY', 'multiLanguageTitleMap': {'en': 'High-fidelity music player - Supports up to 128GB MP3/MP4 playback, built-in speaker, e-book, alarm clock, recorder and headphones - Portable device for sports and mobile entertainment'}, 'mainImgVideoUrl': '', 'mainImgAppVideoId': '', 'personalizationSwitch': '0', 'technologyType': '1', 'firstType': '', 'twiceType': [], 'version': 1, 'sourceProductCertifications': [], 'sourceItemMetaInfo': {'source': 'temu', 'sourceNameFw': 'Temu', 'sourceAddress': None, 'sourceAddressFw': None, 'sourceItemId': '601100043464824', 'oriItemNum': None, 'maxSkuPrice': 113.28}, 'cateList': ['电子产品', '电脑和配件'], 'sourceCid': 2732, 'originalSourceAttrs': [{'important': 1, 'values': ['可充电电池'], 'key': '电池属性', 'referenceId': 0, 'refPid': 2153}, {'important': 1, 'values': ['锂电池--聚合物'], 'key': '可充电电池', 'referenceId': 0, 'refPid': 2147}, {'important': 1, 'values': ['蓝牙'], 'key': '连接技术', 'referenceId': 0, 'refPid': 170}, {'important': 1, 'values': ['mp3'], 'key': '支持的标准', 'referenceId': 0, 'refPid': 422}, {'important': 1, 'values': ['液晶显示器'], 'key': '显示技术', 'referenceId': 0, 'refPid': 802}, {'important': 1, 'values': ['sd卡'], 'key': '媒体类型', 'referenceId': 0, 'refPid': 1160}, {'values': ['BELITA AMY'], 'key': '品牌名', 'referenceId': 298246344, 'refPid': 1960}, {'important': 1, 'values': ['含蓝牙功能'], 'key': '无线属性', 'referenceId': 0, 'refPid': 2149}, {'important': 1, 'values': ['其他端口充电'], 'key': '产品充电端口', 'referenceId': 0, 'refPid': 6861}, {'copyable': 1, 'values': ['HY1070365'], 'key': '商品编号', 'customProperty': 2}, {'values': ['HK'], 'key': '产地', 'customProperty': 3}], 'editModel': 'site', 'cid': '2732', 'site': 'PDDKJ', 'shopIdAndGoodsModelReqMap': {}, 'sourceItemUrl': 'https://www.temu.com/search_result.html?search_key=601100043464824', 'source': 'temu', 'sourceSite': None, 'oldCid': '2732', 'outerGoodsUrl': '', 'inventoryRegion': 1, 'sizeAttributeValueGroupId': None, 'isBasePlate': 0, 'sourceList': [{'remark': None, 'sourceItemId': '601100043464824', 'source': 'temu', 'sourceSite': None, 'sourceItemUrl': 'https://www.temu.com/search_result.html?search_key=601100043464824'}], 'collectBoxDetailShopList': [{'shopId': '8248727', 'cid': '2732', 'minSkuPrice': 113.28, 'maxSkuPrice': 113.28, 'sizeTemplateId': None, 'isFullSave': 0, 'shopName': 'temu全托管104', 'breadcrumb': '电子>影音娱乐>MP3、MP4播放器', 'breadcrumbChinese': '电子>影音娱乐>MP3、MP4播放器', 'site': 'PDDKJ', 'currency': 'CNY', 'itemNum': None, 'brandId': None}, {'shopId': '8369148', 'cid': '2732', 'minSkuPrice': 113.28, 'maxSkuPrice': 113.28, 'sizeTemplateId': None, 'isFullSave': 0, 'shopName': 'temu全托管105', 'breadcrumb': '电子>影音娱乐>MP3、MP4播放器', 'breadcrumbChinese': '电子>影音娱乐>MP3、MP4播放器', 'site': 'PDDKJ', 'currency': 'CNY', 'itemNum': None, 'brandId': None}, {'shopId': '8371473', 'cid': '2732', 'minSkuPrice': 113.28, 'maxSkuPrice': 113.28, 'sizeTemplateId': None, 'isFullSave': 0, 'shopName': 'temu全托管106', 'breadcrumb': '电子>影音娱乐>MP3、MP4播放器', 'breadcrumbChinese': '电子>影音娱乐>MP3、MP4播放器', 'site': 'PDDKJ', 'currency': 'CNY', 'itemNum': None, 'brandId': None}], 'detailId': '2838018601', 'sourceNameFw': 'Temu', 'sourceAddress': None, 'sourceAddressFw': None, 'sourceItemId': '601100043464824', 'oriItemNum': None, 'maxSkuPrice': 113.28, 'generateItemNumSourceInfo': {'source': 'temu', 'sourceNameFw': 'Temu', 'sourceAddress': None, 'sourceAddressFw': None, 'sourceItemId': '601100043464824', 'oriItemNum': None, 'maxSkuPrice': 113.28}}
2026-04-10 18:21:33,998 | INFO | auto_listing | ✅ 找到类目 2732 的配置，包含 5 个属性
2026-04-10 18:21:33,998 | INFO | auto_listing | 商品类目ID: 2732, 使用配置修改商品信息
2026-04-10 18:21:33,998 | INFO | auto_listing | 已将属性替换为配置中的 5 个属性
2026-04-10 18:21:33,998 | INFO | auto_listing | 保存商品信息，类目ID: 2732
2026-04-10 18:21:34,191 | INFO | auto_listing | 2838013483:选择店铺成功
2026-04-10 18:21:34,272 | INFO | auto_listing | 获取商品信息：{'title': '迷你MP3播放器 - 2.8英寸全触屏MP3播放器，带扬声器，高品质音频播放，语音录制功能，支持电子书，存储可扩展至128GB', 'itemNum': None, 'saleAttributes': [{'templatePid': '', 'pid': '', 'refPid': '', 'parentSpecId': 18014, 'name': '容量', 'values': [{'vid': 0, 'skuKey': '4e40aa0d', 'name': '64GB'}]}], 'attributes': [{'templatePid': 866177, 'pid': 1539, 'refPid': 2153, 'name': '电池属性', 'values': [{'vid': 52029, 'name': '可充电电池', 'valueUnit': ''}]}, {'templatePid': 870794, 'pid': 1535, 'refPid': 2147, 'name': '可充电电池', 'values': [{'vid': 52038, 'name': '锂电池--聚合物', 'valueUnit': ''}]}, {'templatePid': 398581, 'pid': 668, 'refPid': 422, 'name': '支持的标准', 'values': [{'vid': 18151, 'name': 'mp3', 'valueUnit': ''}]}, {'templatePid': 398583, 'pid': 666, 'refPid': 802, 'name': '显示技术', 'values': [{'vid': 18126, 'name': '液晶显示器', 'valueUnit': ''}]}, {'templatePid': 398574, 'pid': 491, 'refPid': 1160, 'name': '媒体类型', 'values': [{'vid': 18131, 'name': 'sd卡', 'valueUnit': ''}]}, {'templatePid': 602695, 'pid': 1467, 'refPid': 1960, 'name': '品牌名', 'values': [{'vid': 0, 'name': 'EVISTA', 'valueUnit': ''}]}, {'templatePid': 1198389, 'pid': 1485, 'refPid': 2028, 'name': '电池容量（mAh）', 'values': [{'vid': 0, 'name': '410', 'valueUnit': ''}]}, {'templatePid': 1290260, 'pid': 1537, 'refPid': 2149, 'name': '无线属性', 'values': [{'vid': 51936, 'name': '含蓝牙功能', 'valueUnit': ''}]}, {'templatePid': 1290431, 'pid': 2030, 'refPid': 6861, 'name': '产品充电端口', 'values': [{'vid': 137925, 'name': 'type-c端口充电', 'valueUnit': ''}]}, {'templatePid': 1290464, 'pid': 2018, 'refPid': 6848, 'name': '是否支持协调快速充电', 'values': [{'vid': 127161, 'name': '否', 'valueUnit': ''}]}, {'templatePid': 1290497, 'pid': 2021, 'refPid': 6852, 'name': '是否含充电器', 'values': [{'vid': 127186, 'name': '否', 'valueUnit': ''}]}, {'templatePid': 1290530, 'pid': 2025, 'refPid': 6857, 'name': '最大额定功率', 'values': [{'vid': 0, 'name': '1.7W', 'valueUnit': ''}]}, {'templatePid': 1290563, 'pid': 2026, 'refPid': 6856, 'name': '最小额定功率', 'values': [{'vid': 0, 'name': '0.4W', 'valueUnit': ''}]}], 'skuMap': {';4e40aa0d;': {'price': 247.06, 'originPrice': 247.06, 'stock': 6, 'itemNum': '601100040769753_64GB', 'length': None, 'width': None, 'height': None, 'weight': None, 'isSensitive': '0', 'sensitiveTypes': [], 'sensitiveLimit': [], 'barCodeType': 'UPC', 'barCode': '', 'imgUrl': 'https://img.kwcdn.com/product/fancy/a257597c-826c-4dd0-94f4-405938ead7f5.jpg', 'suggestedPrice': '', 'suggestedPriceCurrencyType': 'CNY', 'goodsSkuId': None, 'isSupplierDisable': '0', 'numberOfPieces': '', 'skuClassification': 1, 'pieceUnitCode': 1, 'individuallyPacked': 0, 'netContentUnitCode': 1, 'netContentNumber': '', 'numberOfPiecesNew': '', 'pieceNewUnitCode': 1, 'mixedType': '', 'totalNetContentNumber': '', 'totalNetContentUnitCode': 1}}, 'sizeCharts': None, 'imgUrls': ['https://img.kwcdn.com/product/fancy/125bc500-a283-44ee-abd1-e25d0bf9f5f6.jpg', 'https://img.kwcdn.com/product/algo_check/auto/7c16415ba9079063d7e86fe86fbb8ee3_1738919863487.jpg', 'https://img.kwcdn.com/product/algo_check/auto/e3f0ff0ec42c631dc5196cfd2a0680c7_1738919864367.jpg', 'https://img.kwcdn.com/product/algo_check/auto/01a52931c5c92a33dc772639834b6beb_1738919865354.jpg', 'https://img.kwcdn.com/product/fancy/a257597c-826c-4dd0-94f4-405938ead7f5.jpg', 'https://img.kwcdn.com/product/algo_check/auto/92f5eef3b3cfb92e9c1599565e795a78_1738919866570.jpg', 'https://img.kwcdn.com/product/fancy/c6099895-d269-4014-ae44-78fe6f40284e.jpg'], 'goodsLayerDecorationReqs': [{'type': 'image', 'content': {'imgUrl': 'https://img.kwcdn.com/product/algo_check/auto/7c16415ba9079063d7e86fe86fbb8ee3_1738919863487.jpg'}}, {'type': 'image', 'content': {'imgUrl': 'https://img.kwcdn.com/product/fancy/125bc500-a283-44ee-abd1-e25d0bf9f5f6.jpg'}}, {'type': 'image', 'content': {'imgUrl': 'https://img.kwcdn.com/product/algo_check/auto/e3f0ff0ec42c631dc5196cfd2a0680c7_1738919864367.jpg'}}, {'type': 'image', 'content': {'imgUrl': 'https://img.kwcdn.com/product/algo_check/auto/01a52931c5c92a33dc772639834b6beb_1738919865354.jpg'}}, {'type': 'image', 'content': {'imgUrl': 'https://img.kwcdn.com/product/algo_check/auto/92f5eef3b3cfb92e9c1599565e795a78_1738919866570.jpg'}}, {'type': 'image', 'content': {'imgUrl': 'https://img.kwcdn.com/product/fancy/c6099895-d269-4014-ae44-78fe6f40284e.jpg'}}], 'outerPackageShape': None, 'outerPackageType': None, 'outerPackageImgUrls': [], 'productOriginCountry': 'CN', 'productOriginProvince': '43000000000006', 'productOriginCertFiles': [], 'currency': 'CNY', 'multiLanguageTitleMap': {'en': 'Mini MP3 Player - 2.8inch Full Touchscreen MP3 Player with speaker, high-quality audio playback, voice recording function, supports e-books, storage expandable up to 128GB'}, 'mainImgVideoUrl': '', 'mainImgAppVideoId': '', 'personalizationSwitch': '0', 'technologyType': '1', 'firstType': '', 'twiceType': [], 'version': 1, 'sourceProductCertifications': [], 'sourceItemMetaInfo': {'source': 'temu', 'sourceNameFw': 'Temu', 'sourceAddress': None, 'sourceAddressFw': None, 'sourceItemId': '601100040769753', 'oriItemNum': None, 'maxSkuPrice': 247.06}, 'cateList': ['电子产品', '电脑和配件'], 'sourceCid': 2732, 'originalSourceAttrs': [{'important': 1, 'values': ['可充电电池'], 'key': '电池属性', 'referenceId': 0, 'enhanceDisplay': 0, 'refPid': 2153}, {'important': 1, 'values': ['锂电池--聚合物'], 'key': '可充电电池', 'referenceId': 0, 'enhanceDisplay': 0, 'refPid': 2147}, {'important': 1, 'values': ['mp3'], 'key': '支持的标准', 'referenceId': 0, 'enhanceDisplay': 0, 'refPid': 422}, {'important': 1, 'values': ['液晶显示器'], 'key': '显示技术', 'referenceId': 0, 'enhanceDisplay': 0, 'refPid': 802}, {'important': 1, 'values': ['sd卡'], 'key': '媒体类型', 'referenceId': 0, 'enhanceDisplay': 0, 'refPid': 1160}, {'values': ['EVISTA'], 'key': '品牌名', 'referenceId': 500806878, 'enhanceDisplay': 0, 'refPid': 1960}, {'enhanceIcon': 'https://aimg.kwcdn.com/upload_aimg/temu/8dcd37b1-123a-4723-98c7-4c326c2ab3c0.png.slim.png', 'values': ['410'], 'key': '电池容量（mAh）', 'referenceId': 0, 'enhanceDisplay': 0, 'refPid': 2028}, {'important': 1, 'values': ['含蓝牙功能'], 'key': '无线属性', 'referenceId': 0, 'enhanceDisplay': 0, 'refPid': 2149}, {'important': 1, 'values': ['type-c端口充电'], 'key': '产品充电端口', 'referenceId': 0, 'enhanceDisplay': 0, 'refPid': 6861}, {'important': 1, 'values': ['否'], 'key': '是否支持协调快速充电', 'referenceId': 0, 'enhanceDisplay': 0, 'refPid': 6848}, {'important': 1, 'values': ['否'], 'key': '是否含充电器', 'referenceId': 0, 'enhanceDisplay': 0, 'refPid': 6852}, {'important': 1, 'values': ['1.7W'], 'key': '最大额定功率', 'referenceId': 0, 'enhanceDisplay': 0, 'refPid': 6857}, {'important': 1, 'values': ['0.4W'], 'key': '最小额定功率', 'referenceId': 0, 'enhanceDisplay': 0, 'refPid': 6856}, {'copyable': 1, 'values': ['JB1067148'], 'key': '商品编号', 'customProperty': 2, 'enhanceDisplay': 0}, {'values': ['Guangdong,China'], 'key': '产地', 'customProperty': 3}], 'editModel': 'site', 'cid': '2732', 'site': 'PDDKJ', 'shopIdAndGoodsModelReqMap': {}, 'sourceItemUrl': 'https://www.temu.com/search_result.html?search_key=601100040769753', 'source': 'temu', 'sourceSite': None, 'oldCid': '2732', 'outerGoodsUrl': '', 'inventoryRegion': 1, 'sizeAttributeValueGroupId': None, 'isBasePlate': 0, 'sourceList': [{'remark': None, 'sourceItemId': '601100040769753', 'source': 'temu', 'sourceSite': None, 'sourceItemUrl': 'https://www.temu.com/search_result.html?search_key=601100040769753'}], 'collectBoxDetailShopList': [{'shopId': '8248727', 'cid': '2732', 'minSkuPrice': 247.06, 'maxSkuPrice': 247.06, 'sizeTemplateId': None, 'isFullSave': 0, 'shopName': 'temu全托管104', 'breadcrumb': '电子>影音娱乐>MP3、MP4播放器', 'breadcrumbChinese': '电子>影音娱乐>MP3、MP4播放器', 'site': 'PDDKJ', 'currency': 'CNY', 'itemNum': None, 'brandId': None}, {'shopId': '8369148', 'cid': '2732', 'minSkuPrice': 247.06, 'maxSkuPrice': 247.06, 'sizeTemplateId': None, 'isFullSave': 0, 'shopName': 'temu全托管105', 'breadcrumb': '电子>影音娱乐>MP3、MP4播放器', 'breadcrumbChinese': '电子>影音娱乐>MP3、MP4播放器', 'site': 'PDDKJ', 'currency': 'CNY', 'itemNum': None, 'brandId': None}, {'shopId': '8371473', 'cid': '2732', 'minSkuPrice': 247.06, 'maxSkuPrice': 247.06, 'sizeTemplateId': None, 'isFullSave': 0, 'shopName': 'temu全托管106', 'breadcrumb': '电子>影音娱乐>MP3、MP4播放器', 'breadcrumbChinese': '电子>影音娱乐>MP3、MP4播放器', 'site': 'PDDKJ', 'currency': 'CNY', 'itemNum': None, 'brandId': None}], 'detailId': '2838018206', 'sourceNameFw': 'Temu', 'sourceAddress': None, 'sourceAddressFw': None, 'sourceItemId': '601100040769753', 'oriItemNum': None, 'maxSkuPrice': 247.06, 'generateItemNumSourceInfo': {'source': 'temu', 'sourceNameFw': 'Temu', 'sourceAddress': None, 'sourceAddressFw': None, 'sourceItemId': '601100040769753', 'oriItemNum': None, 'maxSkuPrice': 247.06}}
2026-04-10 18:21:34,275 | INFO | auto_listing | ✅ 找到类目 2732 的配置，包含 5 个属性
2026-04-10 18:21:34,275 | INFO | auto_listing | 商品类目ID: 2732, 使用配置修改商品信息
2026-04-10 18:21:34,275 | INFO | auto_listing | 已将属性替换为配置中的 5 个属性
2026-04-10 18:21:34,275 | INFO | auto_listing | 保存商品信息，类目ID: 2732
2026-04-10 18:21:34,451 | INFO | auto_listing | 修改商品信息响应：{'result': 'fail', 'reason': '产品属性【无线属性】必填'}
2026-04-10 18:21:34,452 | INFO | auto_listing | 失败记录已保存到 D:\sd14\Auto_Listing\data\publish_fails.jsonl
2026-04-10 18:21:34,453 | INFO | auto_listing | 成功记录商品 601100043464824 的 9 个属性到CSV
2026-04-10 18:21:34,453 | ERROR | auto_listing | 保存失败: 产品属性【无线属性】必填
2026-04-10 18:21:34,674 | INFO | auto_listing | 修改商品信息响应：{'result': 'fail', 'reason': '产品属性【无线属性】必填'}
2026-04-10 18:21:34,675 | INFO | auto_listing | 失败记录已保存到 D:\sd14\Auto_Listing\data\publish_fails.jsonl
2026-04-10 18:21:34,679 | INFO | auto_listing | 成功记录商品 601100040769753 的 13 个属性到CSV
2026-04-10 18:21:34,679 | ERROR | auto_listing | 保存失败: 产品属性【无线属性】必填
2026-04-10 18:21:34,746 | INFO | auto_listing | 获取商品信息：{'title': 'KeenPlus 80GB Smart System 9.0 MP3 Player with Wireless 5.0 And WiFi, 4.3-inch 1080P Full Touch Screen MP4 Player with Spotify And Other Online Music Players, 2500mAh Large Battery, HIFI Sound MP4 Player with Speaker, Android Streaming Music Player Supports Online Music&offline Music&supports Play Store Download Any Application', 'itemNum': None, 'saleAttributes': [{'templatePid': '', 'pid': '', 'refPid': '', 'parentSpecId': 1001, 'name': '颜色', 'values': [{'vid': 0, 'skuKey': 'fd1bf69a', 'name': '16GB+64GB Memory Card'}]}], 'attributes': [{'templatePid': 398581, 'pid': 668, 'refPid': 422, 'name': '支持的标准', 'values': [{'vid': 18145, 'name': 'avi', 'valueUnit': ''}]}, {'templatePid': 602695, 'pid': 1467, 'refPid': 1960, 'name': '品牌名', 'values': [{'vid': 0, 'name': 'KEENPLUS', 'valueUnit': ''}]}], 'skuMap': {';fd1bf69a;': {'price': 372.76, 'originPrice': 372.76, 'stock': 15, 'itemNum': '601099981142275_16GB+64GB Memory Card', 'length': None, 'width': None, 'height': None, 'weight': None, 'isSensitive': '0', 'sensitiveTypes': [], 'sensitiveLimit': [], 'barCodeType': 'UPC', 'barCode': '', 'imgUrl': 'https://img.kwcdn.com/product/fancy/68f573f0-c345-4f4a-b652-3a0080815252.jpg', 'suggestedPrice': '', 'suggestedPriceCurrencyType': 'CNY', 'goodsSkuId': None, 'isSupplierDisable': '0', 'numberOfPieces': '', 'skuClassification': 1, 'pieceUnitCode': 1, 'individuallyPacked': 0, 'netContentUnitCode': 1, 'netContentNumber': '', 'numberOfPiecesNew': '', 'pieceNewUnitCode': 1, 'mixedType': '', 'totalNetContentNumber': '', 'totalNetContentUnitCode': 1}}, 'sizeCharts': None, 'imgUrls': ['https://img.kwcdn.com/product/fancy/a8860c8b-e223-4f59-a0f3-89c914fd095a.jpg', 'https://img.kwcdn.com/product/fancy/3aa36415-b9f7-4cce-8f98-29ac65673101.jpg', 'https://img.kwcdn.com/product/fancy/5deea365-6995-4e4a-a464-e164215bc3c3.jpg', 'https://img.kwcdn.com/product/fancy/f559eac3-c99f-4c7a-aa74-bd8d78f1fd93.jpg', 'https://img.kwcdn.com/product/fancy/340ba00f-92d1-4c57-81a0-279b348285da.jpg', 'https://img.kwcdn.com/product/fancy/68f573f0-c345-4f4a-b652-3a0080815252.jpg', 'https://img.kwcdn.com/product/fancy/bc8791aa-c34d-4f4b-86b6-b168c601dfd5.jpg', 'https://img.kwcdn.com/product/fancy/f6be51e2-89d1-4d3c-850f-c5061fce0a35.jpg', 'https://img.kwcdn.com/product/fancy/9be7237d-0b99-45c6-97ad-bd21a78d0f0a.jpg', 'https://img.kwcdn.com/product/fancy/d3e92684-6fb5-4a31-80b9-275bdaf713b4.jpg', 'https://img.kwcdn.com/product/fancy/329e7587-6ada-40e8-97ad-374399ca5cf1.jpg'], 'goodsLayerDecorationReqs': [{'type': 'image', 'content': {'imgUrl': 'https://img.kwcdn.com/product/fancy/3aa36415-b9f7-4cce-8f98-29ac65673101.jpg'}}, {'type': 'image', 'content': {'imgUrl': 'https://img.kwcdn.com/product/fancy/a8860c8b-e223-4f59-a0f3-89c914fd095a.jpg'}}, {'type': 'image', 'content': {'imgUrl': 'https://img.kwcdn.com/product/fancy/5deea365-6995-4e4a-a464-e164215bc3c3.jpg'}}, {'type': 'image', 'content': {'imgUrl': 'https://img.kwcdn.com/product/fancy/f559eac3-c99f-4c7a-aa74-bd8d78f1fd93.jpg'}}, {'type': 'image', 'content': {'imgUrl': 'https://img.kwcdn.com/product/fancy/340ba00f-92d1-4c57-81a0-279b348285da.jpg'}}, {'type': 'image', 'content': {'imgUrl': 'https://img.kwcdn.com/product/fancy/bc8791aa-c34d-4f4b-86b6-b168c601dfd5.jpg'}}, {'type': 'image', 'content': {'imgUrl': 'https://img.kwcdn.com/product/fancy/f6be51e2-89d1-4d3c-850f-c5061fce0a35.jpg'}}, {'type': 'image', 'content': {'imgUrl': 'https://img.kwcdn.com/product/fancy/9be7237d-0b99-45c6-97ad-bd21a78d0f0a.jpg'}}, {'type': 'image', 'content': {'imgUrl': 'https://img.kwcdn.com/product/fancy/d3e92684-6fb5-4a31-80b9-275bdaf713b4.jpg'}}, {'type': 'image', 'content': {'imgUrl': 'https://img.kwcdn.com/product/fancy/329e7587-6ada-40e8-97ad-374399ca5cf1.jpg'}}], 'outerPackageShape': None, 'outerPackageType': None, 'outerPackageImgUrls': [], 'productOriginCountry': 'CN', 'productOriginProvince': '43000000000006', 'productOriginCertFiles': [], 'currency': 'CNY', 'multiLanguageTitleMap': {'en': 'KeenPlus 80GB Smart System 9.0 MP3 Player with Wireless 5.0 And WiFi, 4.3-inch 1080P Full Touch Screen MP4 Player with Spotify And Other Online Music Players, 2500mAh Large Battery, HIFI Sound MP4 Player with Speaker, Android Streaming Music Player Supports Online Music&offline Music&supports Play Store Download Any Application'}, 'mainImgVideoUrl': '', 'mainImgAppVideoId': '', 'personalizationSwitch': '0', 'technologyType': '1', 'firstType': '', 'twiceType': [], 'version': 1, 'sourceProductCertifications': [], 'sourceItemMetaInfo': {'source': 'temu', 'sourceNameFw': 'Temu', 'sourceAddress': None, 'sourceAddressFw': None, 'sourceItemId': '601099981142275', 'oriItemNum': None, 'maxSkuPrice': 372.76}, 'cateList': ['Electronics', 'Computer & Accessories'], 'sourceCid': 2732, 'originalSourceAttrs': [{'important': 1, 'values': ['Rechargeable Battery'], 'key': 'Battery Properties', 'referenceId': 0, 'enhanceDisplay': 0, 'refPid': 2153}, {'important': 1, 'values': ['Lithium Battery-Polymer'], 'key': 'Rechargeable Battery', 'referenceId': 0, 'enhanceDisplay': 0, 'refPid': 2147}, {'important': 1, 'values': ['Wireless'], 'key': 'Connectivity Technology', 'referenceId': 0, 'enhanceDisplay': 0, 'refPid': 170}, {'important': 1, 'values': ['Avi'], 'key': 'Supported Standards', 'referenceId': 0, 'enhanceDisplay': 0, 'refPid': 422}, {'important': 1, 'values': ['Lcd'], 'key': 'Display Technology', 'referenceId': 0, 'enhanceDisplay': 0, 'refPid': 802}, {'important': 1, 'values': ['Micro Sd'], 'key': 'Media Type', 'referenceId': 0, 'enhanceDisplay': 0, 'refPid': 1160}, {'important': 1, 'enhanceIcon': 'https://aimg.kwcdn.com/upload_aimg/temu/bcdaa283-279a-4e66-a2ad-aa7279a10c46.png.slim.png', 'values': ['FM Radio', 'Voice recorder', 'Equalizer'], 'key': 'Special Features', 'referenceId': 0, 'enhanceDisplay': 0, 'refPid': 143}, {'values': ['KEENPLUS'], 'key': 'Brand', 'referenceId': 349018165, 'enhanceDisplay': 0, 'refPid': 1960}, {'enhanceIcon': 'https://aimg.kwcdn.com/upload_aimg/temu/8dcd37b1-123a-4723-98c7-4c326c2ab3c0.png.slim.png', 'values': ['2500'], 'key': 'Battery Capacity (mAh)', 'referenceId': 0, 'enhanceDisplay': 0, 'refPid': 2028}, {'values': ['See Product Details'], 'key': 'Voltage', 'referenceId': 0, 'enhanceDisplay': 0, 'refPid': 6677}, {'important': 1, 'values': ['wireless'], 'key': 'Wireless Property', 'referenceId': 0, 'enhanceDisplay': 0, 'refPid': 2149}, {'important': 1, 'values': ['Type-C Port Charging'], 'key': 'Product Charging Port', 'referenceId': 0, 'enhanceDisplay': 0, 'refPid': 6861}, {'important': 1, 'values': ['No'], 'key': 'Does It Support Coordinated Fast Charging?', 'referenceId': 0, 'enhanceDisplay': 0, 'refPid': 6848}, {'important': 1, 'values': ['No'], 'key': 'Does It Include A Charger?', 'referenceId': 0, 'enhanceDisplay': 0, 'refPid': 6852}, {'important': 1, 'values': ['4W'], 'key': 'Maximum Rated Power', 'referenceId': 0, 'enhanceDisplay': 0, 'refPid': 6857}, {'important': 1, 'values': ['2W'], 'key': 'Minimum Rated Power', 'referenceId': 0, 'enhanceDisplay': 0, 'refPid': 6856}, {'copyable': 1, 'values': ['LK945285'], 'key': 'Item ID', 'customProperty': 2, 'enhanceDisplay': 0}, {'values': ['Guangdong,China'], 'key': 'Origin', 'customProperty': 3}], 'editModel': 'site', 'cid': '2732', 'site': 'PDDKJ', 'shopIdAndGoodsModelReqMap': {}, 'sourceItemUrl': 'https://www.temu.com/search_result.html?search_key=601099981142275', 'source': 'temu', 'sourceSite': None, 'oldCid': '2732', 'outerGoodsUrl': '', 'inventoryRegion': 1, 'sizeAttributeValueGroupId': None, 'isBasePlate': 0, 'sourceList': [{'remark': None, 'sourceItemId': '601099981142275', 'source': 'temu', 'sourceSite': None, 'sourceItemUrl': 'https://www.temu.com/search_result.html?search_key=601099981142275'}], 'collectBoxDetailShopList': [{'shopId': '8248727', 'cid': '2732', 'minSkuPrice': 372.76, 'maxSkuPrice': 372.76, 'sizeTemplateId': None, 'isFullSave': 0, 'shopName': 'temu全托管104', 'breadcrumb': '电子>影音娱乐>MP3、MP4播放器', 'breadcrumbChinese': '电子>影音娱乐>MP3、MP4播放器', 'site': 'PDDKJ', 'currency': 'CNY', 'itemNum': None, 'brandId': None}, {'shopId': '8369148', 'cid': '2732', 'minSkuPrice': 372.76, 'maxSkuPrice': 372.76, 'sizeTemplateId': None, 'isFullSave': 0, 'shopName': 'temu全托管105', 'breadcrumb': '电子>影音娱乐>MP3、MP4播放器', 'breadcrumbChinese': '电子>影音娱乐>MP3、MP4播放器', 'site': 'PDDKJ', 'currency': 'CNY', 'itemNum': None, 'brandId': None}, {'shopId': '8371473', 'cid': '2732', 'minSkuPrice': 372.76, 'maxSkuPrice': 372.76, 'sizeTemplateId': None, 'isFullSave': 0, 'shopName': 'temu全托管106', 'breadcrumb': '电子>影音娱乐>MP3、MP4播放器', 'breadcrumbChinese': '电子>影音娱乐>MP3、MP4播放器', 'site': 'PDDKJ', 'currency': 'CNY', 'itemNum': None, 'brandId': None}], 'detailId': '2838013483', 'sourceNameFw': 'Temu', 'sourceAddress': None, 'sourceAddressFw': None, 'sourceItemId': '601099981142275', 'oriItemNum': None, 'maxSkuPrice': 372.76, 'generateItemNumSourceInfo': {'source': 'temu', 'sourceNameFw': 'Temu', 'sourceAddress': None, 'sourceAddressFw': None, 'sourceItemId': '601099981142275', 'oriItemNum': None, 'maxSkuPrice': 372.76}}
2026-04-10 18:21:34,747 | INFO | auto_listing | ✅ 找到类目 2732 的配置，包含 5 个属性
2026-04-10 18:21:34,747 | INFO | auto_listing | 商品类目ID: 2732, 使用配置修改商品信息
2026-04-10 18:21:34,747 | INFO | auto_listing | 已将属性替换为配置中的 5 个属性
2026-04-10 18:21:34,747 | INFO | auto_listing | 保存商品信息，类目ID: 2732
2026-04-10 18:21:34,835 | INFO | auto_listing | 2838018601:发布失败
2026-04-10 18:21:34,841 | INFO | auto_listing | 商品 601100043464824 重试次数: 1, 状态: pending
2026-04-10 18:21:35,054 | INFO | auto_listing | 2838018206:发布失败
2026-04-10 18:21:35,058 | INFO | auto_listing | 商品 601100040769753 重试次数: 1, 状态: pending
2026-04-10 18:21:35,187 | INFO | auto_listing | 修改商品信息响应：{'result': 'fail', 'reason': '产品属性【无线属性】必填'}
2026-04-10 18:21:35,187 | INFO | auto_listing | 失败记录已保存到 D:\sd14\Auto_Listing\data\publish_fails.jsonl
2026-04-10 18:21:35,194 | INFO | auto_listing | 成功记录商品 601099981142275 的 2 个属性到CSV
2026-04-10 18:21:35,194 | ERROR | auto_listing | 保存失败: 产品属性【无线属性】必填
2026-04-10 18:21:35,572 | INFO | auto_listing | 2838013483:发布失败
2026-04-10 18:21:35,576 | INFO | auto_listing | 商品 601099981142275 重试次数: 1, 状态: pending
2026-04-10 18:21:35,576 | INFO | auto_listing | 当前组完成
2026-04-10 18:21:35,576 | INFO | auto_listing | 开始处理店铺组: ['8248902', '8248832', '8246006']，商品数: 2
2026-04-10 18:21:36,070 | INFO | auto_listing | 实际采集成功:2
2026-04-10 18:21:36,644 | INFO | auto_listing | 2838026208:选择店铺成功
2026-04-10 18:21:36,670 | INFO | auto_listing | 2838025617:选择店铺成功
2026-04-10 18:21:37,215 | INFO | auto_listing | 获取商品信息：{'title': '磁力积木-100片装磁力积木-搭建磁铁，男女童磁性玩具，立方体拼搭玩具，万圣节、感恩节、圣诞节、复活节及生日礼物的完美选择', 'itemNum': None, 'saleAttributes': [{'templatePid': '', 'pid': '', 'refPid': '', 'parentSpecId': 1001, 'name': '颜色', 'values': [{'vid': 0, 'skuKey': '7d841238', 'name': '各式各样'}]}, {'templatePid': '', 'pid': '', 'refPid': '', 'parentSpecId': 18012, 'name': '风格', 'values': [{'vid': 0, 'skuKey': 'f10b950c', 'name': '未知惊喜'}]}], 'attributes': [{'templatePid': 600238, 'pid': 1467, 'refPid': 1960, 'name': '品牌名', 'values': [{'vid': 0, 'name': 'JXJ', 'valueUnit': ''}]}, {'templatePid': 1248051, 'pid': 1, 'refPid': 1920, 'name': '主体材质', 'values': [{'vid': 1608, 'name': 'ABS(ABS树脂)', 'valueUnit': ''}]}, {'templatePid': 1253651, 'pid': 13, 'refPid': 63, 'name': '颜色', 'values': [{'vid': 26419, 'name': '混合色', 'valueUnit': ''}]}], 'skuMap': {';7d841238;f10b950c;': {'price': 120.18, 'originPrice': 120.18, 'stock': 9, 'itemNum': '601101149052383_各式各样_未知惊喜', 'length': None, 'width': None, 'height': None, 'weight': None, 'isSensitive': '0', 'sensitiveTypes': [], 'sensitiveLimit': [], 'barCodeType': 'UPC', 'barCode': '', 'imgUrl': 'https://img.kwcdn.com/product/fancy/eddd93ab-ac88-4af0-a7b8-e6b39b50f3b7.jpg', 'suggestedPrice': '', 'suggestedPriceCurrencyType': 'CNY', 'goodsSkuId': None, 'isSupplierDisable': '0', 'numberOfPieces': '', 'skuClassification': 1, 'pieceUnitCode': 1, 'individuallyPacked': 0, 'netContentUnitCode': 1, 'netContentNumber': '', 'numberOfPiecesNew': '', 'pieceNewUnitCode': 1, 'mixedType': '', 'totalNetContentNumber': '', 'totalNetContentUnitCode': 1}}, 'sizeCharts': None, 'imgUrls': ['https://img.kwcdn.com/product/fancy/eddd93ab-ac88-4af0-a7b8-e6b39b50f3b7.jpg', 'https://img.kwcdn.com/product/fancy/1456beb0-9fb1-46e2-b0c5-58b7bb60f225.jpg', 'https://img.kwcdn.com/product/fancy/4cb6bd5c-6360-4847-a159-b88d99878ae8.jpg', 'https://img.kwcdn.com/product/fancy/869ed645-130a-43d2-86c0-42ca72069331.jpg', 'https://img.kwcdn.com/product/fancy/228ccafa-1f2f-414d-8fb5-68c6d15cb96f.jpg', 'https://img.kwcdn.com/product/fancy/6890af27-387f-40f5-9299-bcbb93d8f26b.jpg', 'https://img.kwcdn.com/product/fancy/411f750d-4ff8-4666-a174-0e5f8cba3e61.jpg', 'https://img.kwcdn.com/product/fancy/8e56649a-2d32-4051-ab4c-e0b27ff2b048.jpg'], 'goodsLayerDecorationReqs': [{'type': 'image', 'content': {'imgUrl': 'https://img.kwcdn.com/product/fancy/1456beb0-9fb1-46e2-b0c5-58b7bb60f225.jpg'}}, {'type': 'image', 'content': {'imgUrl': 'https://img.kwcdn.com/product/fancy/eddd93ab-ac88-4af0-a7b8-e6b39b50f3b7.jpg'}}, {'type': 'image', 'content': {'imgUrl': 'https://img.kwcdn.com/product/fancy/4cb6bd5c-6360-4847-a159-b88d99878ae8.jpg'}}, {'type': 'image', 'content': {'imgUrl': 'https://img.kwcdn.com/product/fancy/869ed645-130a-43d2-86c0-42ca72069331.jpg'}}, {'type': 'image', 'content': {'imgUrl': 'https://img.kwcdn.com/product/fancy/228ccafa-1f2f-414d-8fb5-68c6d15cb96f.jpg'}}, {'type': 'image', 'content': {'imgUrl': 'https://img.kwcdn.com/product/fancy/6890af27-387f-40f5-9299-bcbb93d8f26b.jpg'}}, {'type': 'image', 'content': {'imgUrl': 'https://img.kwcdn.com/product/fancy/411f750d-4ff8-4666-a174-0e5f8cba3e61.jpg'}}, {'type': 'image', 'content': {'imgUrl': 'https://img.kwcdn.com/product/fancy/8e56649a-2d32-4051-ab4c-e0b27ff2b048.jpg'}}], 'outerPackageShape': None, 'outerPackageType': None, 'outerPackageImgUrls': [], 'productOriginCountry': 'CN', 'productOriginProvince': '43000000000006', 'productOriginCertFiles': [], 'currency': 'CNY', 'multiLanguageTitleMap': {'en': 'Magnetic Building Blocks - 100-Piece Set - Magnetic Building Blocks for Building Structures, Magnetic Toys for Boys and Girls, Cube Building Toys, Perfect Gift for Halloween, Thanksgiving, Christmas, Easter, and Birthdays'}, 'mainImgVideoUrl': '', 'mainImgAppVideoId': '', 'personalizationSwitch': '0', 'technologyType': '1', 'firstType': '', 'twiceType': [], 'version': 1, 'sourceProductCertifications': [], 'sourceItemMetaInfo': {'source': 'temu', 'sourceNameFw': 'Temu', 'sourceAddress': None, 'sourceAddressFw': None, 'sourceItemId': '601101149052383', 'oriItemNum': None, 'maxSkuPrice': 120.18}, 'cateList': ['玩具与游戏', '新奇整蛊玩具'], 'sourceCid': 25477, 'originalSourceAttrs': [{'important': 1, 'values': ['3 岁+'], 'key': '适用年龄段', 'referenceId': 0, 'refPid': 1117}, {'values': ['JXJ'], 'key': '品牌名', 'referenceId': 1000000989001, 'refPid': 1960}, {'important': 1, 'values': ['ABS(ABS树脂)'], 'key': '主体材质', 'referenceId': 0, 'refPid': 1920}, {'values': ['混合色'], 'key': '颜色', 'referenceId': 0, 'refPid': 63}, {'copyable': 1, 'values': ['MX2699634'], 'key': '商品编号', 'customProperty': 2}, {'values': ['Zhejiang,China'], 'key': '产地', 'customProperty': 3}], 'editModel': 'site', 'cid': '25477', 'site': 'PDDKJ', 'shopIdAndGoodsModelReqMap': {}, 'sourceItemUrl': 'https://www.temu.com/search_result.html?search_key=601101149052383', 'source': 'temu', 'sourceSite': None, 'oldCid': '25477', 'outerGoodsUrl': '', 'inventoryRegion': 1, 'sizeAttributeValueGroupId': None, 'isBasePlate': 0, 'sourceList': [{'remark': None, 'sourceItemId': '601101149052383', 'source': 'temu', 'sourceSite': None, 'sourceItemUrl': 'https://www.temu.com/search_result.html?search_key=601101149052383'}], 'collectBoxDetailShopList': [{'shopId': '8246006', 'cid': '25477', 'minSkuPrice': 120.18, 'maxSkuPrice': 120.18, 'sizeTemplateId': None, 'isFullSave': 0, 'shopName': 'temu全托管110', 'breadcrumb': '玩具与游戏>新奇玩具>磁力玩具', 'breadcrumbChinese': '玩具与游戏>新奇玩具>磁力玩具', 'site': 'PDDKJ', 'currency': 'CNY', 'itemNum': None, 'brandId': None}, {'shopId': '8248832', 'cid': '25477', 'minSkuPrice': 120.18, 'maxSkuPrice': 120.18, 'sizeTemplateId': None, 'isFullSave': 0, 'shopName': 'temu全托管109', 'breadcrumb': '玩具与游戏>新奇玩具>磁力玩具', 'breadcrumbChinese': '玩具与游戏>新奇玩具>磁力玩具', 'site': 'PDDKJ', 'currency': 'CNY', 'itemNum': None, 'brandId': None}, {'shopId': '8248902', 'cid': '25477', 'minSkuPrice': 120.18, 'maxSkuPrice': 120.18, 'sizeTemplateId': None, 'isFullSave': 0, 'shopName': 'temu全托管108', 'breadcrumb': '玩具与游戏>新奇玩具>磁力玩具', 'breadcrumbChinese': '玩具与游戏>新奇玩具>磁力玩具', 'site': 'PDDKJ', 'currency': 'CNY', 'itemNum': None, 'brandId': None}], 'detailId': '2838026208', 'sourceNameFw': 'Temu', 'sourceAddress': None, 'sourceAddressFw': None, 'sourceItemId': '601101149052383', 'oriItemNum': None, 'maxSkuPrice': 120.18, 'generateItemNumSourceInfo': {'source': 'temu', 'sourceNameFw': 'Temu', 'sourceAddress': None, 'sourceAddressFw': None, 'sourceItemId': '601101149052383', 'oriItemNum': None, 'maxSkuPrice': 120.18}}
2026-04-10 18:21:37,217 | INFO | auto_listing | ✅ 找到类目 25477 的配置，包含 3 个属性
2026-04-10 18:21:37,217 | INFO | auto_listing | 商品类目ID: 25477, 使用配置修改商品信息
2026-04-10 18:21:37,217 | INFO | auto_listing | 已将属性替换为配置中的 3 个属性
2026-04-10 18:21:37,217 | INFO | auto_listing | 保存商品信息，类目ID: 25477
2026-04-10 18:21:37,619 | INFO | auto_listing | 修改商品信息响应：{'result': 'fail', 'reason': '该类目需要上传说明书，请上传后重试'}
2026-04-10 18:21:37,620 | INFO | auto_listing | 失败记录已保存到 D:\sd14\Auto_Listing\data\publish_fails.jsonl
2026-04-10 18:21:37,626 | INFO | auto_listing | 成功记录商品 601101149052383 的 3 个属性到CSV
2026-04-10 18:21:37,626 | INFO | auto_listing | 检测到需要添加说明书，正在添加说明书后重试...
2026-04-10 18:21:37,626 | INFO | auto_listing | ✅ 找到类目 25477 的配置，包含 3 个属性
2026-04-10 18:21:37,626 | INFO | auto_listing | 商品类目ID: 25477, 使用配置修改商品信息
2026-04-10 18:21:37,626 | INFO | auto_listing | 已将属性替换为配置中的 3 个属性
2026-04-10 18:21:37,626 | INFO | auto_listing | 保存商品信息，类目ID: 25477
2026-04-10 18:21:38,255 | INFO | auto_listing | 修改商品信息响应：{'result': 'success', 'debugGStat': []}
2026-04-10 18:21:38,255 | INFO | auto_listing | 添加说明书后保存成功
2026-04-10 18:21:38,288 | INFO | auto_listing | 获取商品信息：{'title': 'Magnetic Construction Block Set - 108pcs of Magnetic STEM Sensory Toys, Perfect for Birthday Presents for Children Aged 3 to 10, Suitable for Both Boys And Girls, Ideal for Day', 'itemNum': None, 'saleAttributes': [{'templatePid': '', 'pid': '', 'refPid': '', 'parentSpecId': 1001, 'name': '颜色', 'values': [{'vid': 0, 'skuKey': '027a3d9c', 'name': '108pcs'}]}], 'attributes': [{'templatePid': 589612, 'pid': 1141, 'refPid': 1117, 'name': '适用年龄段', 'values': [{'name': '3+', 'vid': 73672}]}, {'templatePid': 1248051, 'pid': 1, 'refPid': 1920, 'name': '主体材质', 'values': [{'name': 'PC(聚碳酸酯)', 'vid': 1562}]}, {'templatePid': 1253651, 'pid': 13, 'refPid': 63, 'name': '颜色', 'values': [{'name': '混合色', 'vid': 26419}]}], 'skuMap': {';027a3d9c;': {'price': 87.95, 'originPrice': 87.95, 'stock': 3, 'itemNum': '601101135914241_108pcs', 'length': None, 'width': None, 'height': None, 'weight': None, 'isSensitive': '0', 'sensitiveTypes': [], 'sensitiveLimit': [], 'barCodeType': 'UPC', 'barCode': '', 'imgUrl': 'https://img.kwcdn.com/product/fancy/2e81df27-47d2-4d38-ab8d-0355dc859ad6.jpg', 'suggestedPrice': '', 'suggestedPriceCurrencyType': 'CNY', 'goodsSkuId': None, 'isSupplierDisable': '0', 'numberOfPieces': '', 'skuClassification': 1, 'pieceUnitCode': 1, 'individuallyPacked': 0, 'netContentUnitCode': 1, 'netContentNumber': '', 'numberOfPiecesNew': '', 'pieceNewUnitCode': 1, 'mixedType': '', 'totalNetContentNumber': '', 'totalNetContentUnitCode': 1}}, 'sizeCharts': None, 'imgUrls': ['https://img.kwcdn.com/product/fancy/01fe88c3-9469-432c-bea8-feaec51173d7.jpg', 'https://img.kwcdn.com/product/fancy/2e81df27-47d2-4d38-ab8d-0355dc859ad6.jpg', 'https://img.kwcdn.com/product/fancy/44ac92e7-5f24-4c78-9cd6-8bec1836a609.jpg', 'https://img.kwcdn.com/product/fancy/220ad4dc-7d8f-402b-a61b-f5a65b48ffd7.jpg', 'https://img.kwcdn.com/product/fancy/faa88f08-935c-48e3-aaf0-7718ccbe4277.jpg', 'https://img.kwcdn.com/product/fancy/34420d38-4b04-467b-97c2-98c915f9b059.jpg'], 'goodsLayerDecorationReqs': [{'type': 'image', 'content': {'imgUrl': 'https://img.kwcdn.com/product/fancy/01fe88c3-9469-432c-bea8-feaec51173d7.jpg'}}, {'type': 'image', 'content': {'imgUrl': 'https://img.kwcdn.com/product/fancy/2e81df27-47d2-4d38-ab8d-0355dc859ad6.jpg'}}, {'type': 'image', 'content': {'imgUrl': 'https://img.kwcdn.com/product/fancy/faa88f08-935c-48e3-aaf0-7718ccbe4277.jpg'}}, {'type': 'image', 'content': {'imgUrl': 'https://img.kwcdn.com/product/fancy/34420d38-4b04-467b-97c2-98c915f9b059.jpg'}}, {'type': 'image', 'content': {'imgUrl': 'https://img.kwcdn.com/product/fancy/44ac92e7-5f24-4c78-9cd6-8bec1836a609.jpg'}}, {'type': 'image', 'content': {'imgUrl': 'https://img.kwcdn.com/product/fancy/220ad4dc-7d8f-402b-a61b-f5a65b48ffd7.jpg'}}], 'outerPackageShape': None, 'outerPackageType': None, 'outerPackageImgUrls': [], 'productOriginCountry': 'CN', 'productOriginProvince': '43000000000006', 'productOriginCertFiles': [], 'currency': 'CNY', 'multiLanguageTitleMap': {'en': 'Magnetic Construction Block Set - 108pcs of Magnetic STEM Sensory Toys, Perfect for Birthday Presents for Children Aged 3 to 10, Suitable for Both Boys And Girls, Ideal for Day'}, 'mainImgVideoUrl': '', 'mainImgAppVideoId': '', 'personalizationSwitch': '0', 'technologyType': '1', 'firstType': '', 'twiceType': [], 'version': 1, 'sourceProductCertifications': [], 'sourceItemMetaInfo': {'source': 'temu', 'sourceNameFw': 'Temu', 'sourceAddress': None, 'sourceAddressFw': None, 'sourceItemId': '601101135914241', 'oriItemNum': None, 'maxSkuPrice': 87.95}, 'cateList': ['Toys & Games', 'Novelty & Gag Toys'], 'sourceCid': 25477, 'originalSourceAttrs': [{'important': 1, 'values': ['3 Years+'], 'key': 'Applicable Age Group', 'referenceId': 0, 'refPid': 1117}, {'important': 1, 'values': ['Other Plastic'], 'key': 'Major Material', 'referenceId': 0, 'refPid': 1920}, {'values': ['Mixed Color'], 'key': 'Color', 'referenceId': 0, 'refPid': 63}, {'copyable': 1, 'values': ['DQ2680710'], 'key': 'Item ID', 'customProperty': 2}, {'values': ['Zhejiang,China'], 'key': 'Origin', 'customProperty': 3}], 'editModel': 'site', 'cid': '25477', 'site': 'PDDKJ', 'shopIdAndGoodsModelReqMap': {}, 'sourceItemUrl': 'https://www.temu.com/search_result.html?search_key=601101135914241', 'source': 'temu', 'sourceSite': None, 'oldCid': '25477', 'outerGoodsUrl': '', 'inventoryRegion': 1, 'sizeAttributeValueGroupId': None, 'isBasePlate': 0, 'sourceList': [{'remark': None, 'sourceItemId': '601101135914241', 'source': 'temu', 'sourceSite': None, 'sourceItemUrl': 'https://www.temu.com/search_result.html?search_key=601101135914241'}], 'collectBoxDetailShopList': [{'shopId': '8246006', 'cid': '25477', 'minSkuPrice': 87.95, 'maxSkuPrice': 87.95, 'sizeTemplateId': None, 'isFullSave': 0, 'shopName': 'temu全托管110', 'breadcrumb': '玩具与游戏>新奇玩具>磁力玩具', 'breadcrumbChinese': '玩具与游戏>新奇玩具>磁力玩具', 'site': 'PDDKJ', 'currency': 'CNY', 'itemNum': None, 'brandId': None}, {'shopId': '8248832', 'cid': '25477', 'minSkuPrice': 87.95, 'maxSkuPrice': 87.95, 'sizeTemplateId': None, 'isFullSave': 0, 'shopName': 'temu全托管109', 'breadcrumb': '玩具与游戏>新奇玩具>磁力玩具', 'breadcrumbChinese': '玩具与游戏>新奇玩具>磁力玩具', 'site': 'PDDKJ', 'currency': 'CNY', 'itemNum': None, 'brandId': None}, {'shopId': '8248902', 'cid': '25477', 'minSkuPrice': 87.95, 'maxSkuPrice': 87.95, 'sizeTemplateId': None, 'isFullSave': 0, 'shopName': 'temu全托管108', 'breadcrumb': '玩具与游戏>新奇玩具>磁力玩具', 'breadcrumbChinese': '玩具与游戏>新奇玩具>磁力玩具', 'site': 'PDDKJ', 'currency': 'CNY', 'itemNum': None, 'brandId': None}], 'detailId': '2838025617', 'sourceNameFw': 'Temu', 'sourceAddress': None, 'sourceAddressFw': None, 'sourceItemId': '601101135914241', 'oriItemNum': None, 'maxSkuPrice': 87.95, 'generateItemNumSourceInfo': {'source': 'temu', 'sourceNameFw': 'Temu', 'sourceAddress': None, 'sourceAddressFw': None, 'sourceItemId': '601101135914241', 'oriItemNum': None, 'maxSkuPrice': 87.95}}
2026-04-10 18:21:38,293 | INFO | auto_listing | ✅ 找到类目 25477 的配置，包含 3 个属性
2026-04-10 18:21:38,293 | INFO | auto_listing | 商品类目ID: 25477, 使用配置修改商品信息
2026-04-10 18:21:38,293 | INFO | auto_listing | 已将属性替换为配置中的 3 个属性
2026-04-10 18:21:38,293 | INFO | auto_listing | 保存商品信息，类目ID: 25477
2026-04-10 18:21:38,715 | INFO | auto_listing | 修改商品信息响应：{'result': 'fail', 'reason': '该类目需要上传说明书，请上传后重试'}
2026-04-10 18:21:38,715 | INFO | auto_listing | 失败记录已保存到 D:\sd14\Auto_Listing\data\publish_fails.jsonl
2026-04-10 18:21:38,719 | INFO | auto_listing | 成功记录商品 601101135914241 的 3 个属性到CSV
2026-04-10 18:21:38,719 | INFO | auto_listing | 检测到需要添加说明书，正在添加说明书后重试...
2026-04-10 18:21:38,719 | INFO | auto_listing | ✅ 找到类目 25477 的配置，包含 3 个属性
2026-04-10 18:21:38,719 | INFO | auto_listing | 商品类目ID: 25477, 使用配置修改商品信息
2026-04-10 18:21:38,719 | INFO | auto_listing | 已将属性替换为配置中的 3 个属性
2026-04-10 18:21:38,720 | INFO | auto_listing | 保存商品信息，类目ID: 25477
2026-04-10 18:21:39,021 | INFO | auto_listing | 2838026208:发布成功
2026-04-10 18:21:39,304 | INFO | auto_listing | 修改商品信息响应：{'result': 'success', 'debugGStat': []}
2026-04-10 18:21:39,304 | INFO | auto_listing | 添加说明书后保存成功
2026-04-10 18:21:40,058 | INFO | auto_listing | 2838025617:发布成功
2026-04-10 18:21:40,062 | INFO | auto_listing | 当前组完成
2026-04-10 18:21:40,062 | INFO | auto_listing | 店铺组 ['6665344', '6726509', '6666485'] 没有分配到商品，跳过
2026-04-10 18:21:40,063 | INFO | auto_listing | 店铺组 ['6726588', '7790171', '8625842'] 没有分配到商品，跳过
2026-04-10 18:21:40,063 | INFO | auto_listing | 店铺组 ['8248902', '8246209', '7822681'] 没有分配到商品，跳过
2026-04-10 18:21:40,063 | INFO | auto_listing | 店铺组 ['9262177'] 没有分配到商品，跳过
2026-04-10 18:21:40,064 | INFO | auto_listing | 🎯 全流程完成，总耗时：9分52秒
