2026-04-17 14:03:53,631 | INFO | temu_parcel_tracer | 🚀 开始第一阶段：爬取所有店铺数据、保存到数据库并将数据上传到钉钉表中
2026-04-17 14:03:53,631 | INFO | temu_parcel_tracer | ----------------开始爬取店铺2106-Temu全托管--仓库待收货的数据---------------------
2026-04-17 14:03:53,762 | INFO | temu_parcel_tracer | 正在获取第1页数据...
2026-04-17 14:03:54,131 | ERROR | temu_parcel_tracer | [2106-Temu全托管] 请求失败（第 1 次）: 403 Client Error: Forbidden for url: https://seller.kuajingmaihuo.com/bgSongbird-api/supplier/deliverGoods/management/pageQueryDeliveryBatch
2026-04-17 14:03:54,131 | INFO | temu_parcel_tracer | 2106-Temu全托管 - 第 1 次登录尝试
2026-04-17 14:03:58,731 | INFO | temu_parcel_tracer | 2106-Temu全托管 - start_api 返回: {'code': 0, 'msg': 'Success', 'data': {'action': 'startBrowserByCode', 'backgroundPluginId': 'ibecnpjmgcbdlgojmlfebfkmlaoeojgm', 'browserID': 102858352, 'browserPath': 'C:\\Users\\Administrator\\AppData\\Local\\env-kit\\Core\\chrome_64_140_202512152142\\hubstudio', 'debuggingPort': '56018', 'downloadPath': 'C:\\Users\\Administrator\\Desktop\\Hubstudio\\temu全托2106店（153店改）+半托代发1', 'duplicate': 4147, 'ip': '111.172.230.181', 'isDynamicIp': False, 'launcherPage': 'about:blank', 'proxyType': 'socks5', 'runMode': 2, 'webdriver': 'C:\\Users\\Administrator\\AppData\\Local\\env-kit\\Core\\chrome_64_140_202512152142\\webdriver.exe', 'containerId': 102858352, 'containerCode': '1036583528', 'statusCode': '0', 'err': '成功(Success)'}}
2026-04-17 14:03:58,732 | INFO | temu_parcel_tracer | 2106-Temu全托管 - 浏览器启动成功, 调试端口: 56018
2026-04-17 14:04:00,108 | INFO | temu_parcel_tracer | 2106-Temu全托管 - 已连接浏览器
2026-04-17 14:04:01,988 | INFO | temu_parcel_tracer | --------------------2106-Temu全托管 ------------------------ 开始登录...
2026-04-17 14:04:08,144 | ERROR | temu_parcel_tracer | 2106-Temu全托管 - 未出现取消按钮，跳过
2026-04-17 14:04:09,153 | ERROR | temu_parcel_tracer | 2106-Temu全托管 - 未出现进入按钮，跳过
2026-04-17 14:04:09,154 | INFO | temu_parcel_tracer | 2106-Temu全托管 - 登录成功
2026-04-17 14:04:09,154 | INFO | temu_parcel_tracer | 2106-Temu全托管 - 等待 agentseller Cookie 生效
2026-04-17 14:04:20,528 | INFO | temu_parcel_tracer | 2106-Temu全托管 - Cookie 已保存: D:\sd14\Temu_horizon\data\cookies\2106-Temu全托管_kuajingmaihuo_cookies.json
2026-04-17 14:04:20,528 | INFO | temu_parcel_tracer | 2106-Temu全托管 - Cookie 获取完成，准备关闭浏览器
2026-04-17 14:04:20,528 | INFO | temu_parcel_tracer | 2106-Temu全托管 - 登录成功（第 1 次）
2026-04-17 14:04:20,549 | INFO | temu_parcel_tracer | 2106-Temu全托管 - 已关闭Playwright连接
2026-04-17 14:04:21,810 | INFO | temu_parcel_tracer | 2106-Temu全托管 - 已发送停止浏览器请求
2026-04-17 14:04:32,693 | INFO | temu_parcel_tracer | 第 1 页获取到 11 条数据
2026-04-17 14:04:32,693 | INFO | temu_parcel_tracer | 已获取最后一页，停止获取
2026-04-17 14:04:32,693 | INFO | temu_parcel_tracer | ----------------开始上传(temu-发货揽收轨迹及丢件)的数据---------------------
2026-04-17 14:04:32,695 | INFO | temu_parcel_tracer | 准备上传 9 条记录...
2026-04-17 14:04:33,802 | INFO | temu_parcel_tracer | 
上传统计:
2026-04-17 14:04:33,802 | INFO | temu_parcel_tracer | 总记录数: 9
2026-04-17 14:04:33,802 | INFO | temu_parcel_tracer | 成功数量: 9
2026-04-17 14:04:33,802 | INFO | temu_parcel_tracer | 失败数量: 0
2026-04-17 14:04:33,802 | INFO | temu_parcel_tracer | 成功批次: 1
2026-04-17 14:04:33,802 | INFO | temu_parcel_tracer | 失败批次: 0
2026-04-17 14:04:33,802 | INFO | temu_parcel_tracer | 2106-Temu全托管 发货揽收轨迹数据爬取完成，共9条记录
2026-04-17 14:04:33,802 | INFO | temu_parcel_tracer | ----------------开始爬取店铺2106-Temu全托管--入库的数据---------------------
2026-04-17 14:04:33,948 | INFO | temu_parcel_tracer | 正在获取第 1 页数据...
2026-04-17 14:04:37,690 | ERROR | temu_parcel_tracer | [2106-Temu全托管] 请求失败（第 1 次）: 403 Client Error: Forbidden for url: https://agentseller.temu.com/mms/venom/api/supplier/purchase/manager/querySubOrderList
2026-04-17 14:04:37,690 | INFO | temu_parcel_tracer | 2106-Temu全托管 - 第 1 次登录尝试
2026-04-17 14:04:41,052 | INFO | temu_parcel_tracer | 2106-Temu全托管 - start_api 返回: {'code': 0, 'msg': 'Success', 'data': {'action': 'startBrowserByCode', 'backgroundPluginId': 'ibecnpjmgcbdlgojmlfebfkmlaoeojgm', 'browserID': 102858352, 'browserPath': 'C:\\Users\\Administrator\\AppData\\Local\\env-kit\\Core\\chrome_64_140_202512152142\\hubstudio', 'debuggingPort': '56363', 'downloadPath': 'C:\\Users\\Administrator\\Desktop\\Hubstudio\\temu全托2106店（153店改）+半托代发1', 'duplicate': 2898, 'ip': '111.172.230.181', 'isDynamicIp': False, 'launcherPage': 'about:blank', 'proxyType': 'socks5', 'runMode': 2, 'webdriver': 'C:\\Users\\Administrator\\AppData\\Local\\env-kit\\Core\\chrome_64_140_202512152142\\webdriver.exe', 'containerId': 102858352, 'containerCode': '1036583528', 'statusCode': '0', 'err': '成功(Success)'}}
2026-04-17 14:04:41,052 | INFO | temu_parcel_tracer | 2106-Temu全托管 - 浏览器启动成功, 调试端口: 56363
2026-04-17 14:04:42,411 | INFO | temu_parcel_tracer | 2106-Temu全托管 - 已连接浏览器
2026-04-17 14:04:42,819 | INFO | temu_parcel_tracer | --------------------2106-Temu全托管 ------------------------ 开始登录...
2026-04-17 14:04:48,233 | ERROR | temu_parcel_tracer | 2106-Temu全托管 - 未出现取消按钮，跳过
2026-04-17 14:04:48,275 | INFO | temu_parcel_tracer | 2106-Temu全托管 - 已点击进入
2026-04-17 14:04:48,275 | INFO | temu_parcel_tracer | 2106-Temu全托管 - 登录成功
2026-04-17 14:04:48,275 | INFO | temu_parcel_tracer | 2106-Temu全托管 - 等待 agentseller Cookie 生效
2026-04-17 14:04:55,738 | INFO | temu_parcel_tracer | 2106-Temu全托管 - Cookie 已保存: D:\sd14\Temu_horizon\data\cookies\2106-Temu全托管_cookies.json
2026-04-17 14:04:55,738 | INFO | temu_parcel_tracer | 2106-Temu全托管 - Cookie 获取完成，准备关闭浏览器
2026-04-17 14:04:55,738 | INFO | temu_parcel_tracer | 2106-Temu全托管 - 登录成功（第 1 次）
2026-04-17 14:04:55,756 | INFO | temu_parcel_tracer | 2106-Temu全托管 - 已关闭Playwright连接
2026-04-17 14:04:56,939 | INFO | temu_parcel_tracer | 2106-Temu全托管 - 已发送停止浏览器请求
2026-04-17 14:05:03,016 | WARNING | temu_parcel_tracer | 🚨 入库异常 | 店铺=2106-Temu全托管 | 备货单=WB260408613261 | 送货=50 | 入库=49
2026-04-17 14:05:03,016 | WARNING | temu_parcel_tracer | 🚨 入库异常 | 店铺=2106-Temu全托管 | 备货单=WB2604123695106 | 送货=121 | 入库=120
2026-04-17 14:05:03,016 | INFO | temu_parcel_tracer | ✓ 第 1 页获取到异常数据 5 条数据
2026-04-17 14:05:03,017 | INFO | temu_parcel_tracer | 当前页数据并且数据为当月产生的数据不足100条，可能是最后一页，停止获取
2026-04-17 14:05:03,017 | INFO | temu_parcel_tracer | ----------------开始上传(temu-入库情况)的数据---------------------
2026-04-17 14:05:03,019 | INFO | temu_parcel_tracer | 准备上传 2 条记录...
2026-04-17 14:05:04,289 | INFO | temu_parcel_tracer | 
上传统计:
2026-04-17 14:05:04,290 | INFO | temu_parcel_tracer | 总记录数: 2
2026-04-17 14:05:04,290 | INFO | temu_parcel_tracer | 成功数量: 2
2026-04-17 14:05:04,290 | INFO | temu_parcel_tracer | 失败数量: 0
2026-04-17 14:05:04,290 | INFO | temu_parcel_tracer | 成功批次: 1
2026-04-17 14:05:04,290 | INFO | temu_parcel_tracer | 失败批次: 0
2026-04-17 14:05:04,290 | INFO | temu_parcel_tracer | 2106-Temu全托管 入库情况数据爬取完成，共2条记录
2026-04-17 14:05:06,301 | INFO | temu_parcel_tracer | ----------------开始爬取店铺2103-Temu全托管--仓库待收货的数据---------------------
2026-04-17 14:05:06,443 | INFO | temu_parcel_tracer | 正在获取第1页数据...
2026-04-17 14:05:06,445 | INFO | temu_parcel_tracer | 2103-Temu全托管 - 第 1 次登录尝试
2026-04-17 14:05:10,363 | INFO | temu_parcel_tracer | 2103-Temu全托管 - start_api 返回: {'code': 0, 'msg': 'Success', 'data': {'action': 'startBrowserByCode', 'backgroundPluginId': 'cdgoddilnfionjljedagnobpdkhcnpii', 'browserID': 99890331, 'browserPath': 'C:\\Users\\Administrator\\AppData\\Local\\env-kit\\Core\\chrome_64_131_202501091017\\hubstudio', 'debuggingPort': '56595', 'downloadPath': 'C:\\Users\\Administrator\\Desktop\\Hubstudio\\temu全托2103店（113店改）+2108店+半托6号店+半托8号店', 'duplicate': 3427, 'ip': '1.194.218.235', 'isDynamicIp': False, 'launcherPage': 'about:blank', 'proxyType': 'socks5', 'runMode': 2, 'webdriver': 'C:\\Users\\Administrator\\AppData\\Local\\env-kit\\Core\\chrome_64_131_202501091017\\webdriver.exe', 'containerId': 99890331, 'containerCode': '1006903311', 'statusCode': '0', 'err': '成功(Success)'}}
2026-04-17 14:05:10,363 | INFO | temu_parcel_tracer | 2103-Temu全托管 - 浏览器启动成功, 调试端口: 56595
2026-04-17 14:05:11,736 | INFO | temu_parcel_tracer | 2103-Temu全托管 - 已连接浏览器
2026-04-17 14:05:13,059 | INFO | temu_parcel_tracer | --------------------2103-Temu全托管 ------------------------ 开始登录...
2026-04-17 14:05:19,225 | ERROR | temu_parcel_tracer | 2103-Temu全托管 - 未出现取消按钮，跳过
2026-04-17 14:05:19,262 | INFO | temu_parcel_tracer | 2103-Temu全托管 - 已点击进入
2026-04-17 14:05:19,263 | INFO | temu_parcel_tracer | 2103-Temu全托管 - 登录成功
2026-04-17 14:05:19,263 | INFO | temu_parcel_tracer | 2103-Temu全托管 - 等待 agentseller Cookie 生效
2026-04-17 14:05:30,471 | INFO | temu_parcel_tracer | 2103-Temu全托管 - Cookie 已保存: D:\sd14\Temu_horizon\data\cookies\2103-Temu全托管_kuajingmaihuo_cookies.json
2026-04-17 14:05:30,471 | INFO | temu_parcel_tracer | 2103-Temu全托管 - Cookie 获取完成，准备关闭浏览器
2026-04-17 14:05:30,472 | INFO | temu_parcel_tracer | 2103-Temu全托管 - 登录成功（第 1 次）
2026-04-17 14:05:30,484 | INFO | temu_parcel_tracer | 2103-Temu全托管 - 已关闭Playwright连接
2026-04-17 14:05:31,704 | INFO | temu_parcel_tracer | 2103-Temu全托管 - 已发送停止浏览器请求
2026-04-17 14:05:37,313 | INFO | temu_parcel_tracer | 第 1 页获取到 6 条数据
2026-04-17 14:05:37,314 | INFO | temu_parcel_tracer | 已获取最后一页，停止获取
2026-04-17 14:05:37,314 | INFO | temu_parcel_tracer | ----------------开始上传(temu-发货揽收轨迹及丢件)的数据---------------------
2026-04-17 14:05:37,314 | INFO | temu_parcel_tracer | 准备上传 1 条记录...
2026-04-17 14:05:39,797 | INFO | temu_parcel_tracer | 
上传统计:
2026-04-17 14:05:39,797 | INFO | temu_parcel_tracer | 总记录数: 1
2026-04-17 14:05:39,797 | INFO | temu_parcel_tracer | 成功数量: 1
2026-04-17 14:05:39,797 | INFO | temu_parcel_tracer | 失败数量: 0
2026-04-17 14:05:39,797 | INFO | temu_parcel_tracer | 成功批次: 1
2026-04-17 14:05:39,797 | INFO | temu_parcel_tracer | 失败批次: 0
2026-04-17 14:05:39,797 | INFO | temu_parcel_tracer | 2103-Temu全托管 发货揽收轨迹数据爬取完成，共1条记录
2026-04-17 14:05:39,797 | INFO | temu_parcel_tracer | ----------------开始爬取店铺2103-Temu全托管--入库的数据---------------------
2026-04-17 14:05:39,924 | INFO | temu_parcel_tracer | 正在获取第 1 页数据...
2026-04-17 14:05:42,222 | ERROR | temu_parcel_tracer | [2103-Temu全托管] 请求失败（第 1 次）: 403 Client Error: Forbidden for url: https://agentseller.temu.com/mms/venom/api/supplier/purchase/manager/querySubOrderList
2026-04-17 14:05:42,222 | INFO | temu_parcel_tracer | 2103-Temu全托管 - 第 1 次登录尝试
2026-04-17 14:05:45,228 | INFO | temu_parcel_tracer | 2103-Temu全托管 - start_api 返回: {'code': 0, 'msg': 'Success', 'data': {'action': 'startBrowserByCode', 'backgroundPluginId': 'cdgoddilnfionjljedagnobpdkhcnpii', 'browserID': 99890331, 'browserPath': 'C:\\Users\\Administrator\\AppData\\Local\\env-kit\\Core\\chrome_64_131_202501091017\\hubstudio', 'debuggingPort': '57110', 'downloadPath': 'C:\\Users\\Administrator\\Desktop\\Hubstudio\\temu全托2103店（113店改）+2108店+半托6号店+半托8号店', 'duplicate': 2602, 'ip': '1.194.218.235', 'isDynamicIp': False, 'launcherPage': 'about:blank', 'proxyType': 'socks5', 'runMode': 2, 'webdriver': 'C:\\Users\\Administrator\\AppData\\Local\\env-kit\\Core\\chrome_64_131_202501091017\\webdriver.exe', 'containerId': 99890331, 'containerCode': '1006903311', 'statusCode': '0', 'err': '成功(Success)'}}
2026-04-17 14:05:45,228 | INFO | temu_parcel_tracer | 2103-Temu全托管 - 浏览器启动成功, 调试端口: 57110
2026-04-17 14:05:46,590 | INFO | temu_parcel_tracer | 2103-Temu全托管 - 已连接浏览器
2026-04-17 14:05:47,004 | INFO | temu_parcel_tracer | --------------------2103-Temu全托管 ------------------------ 开始登录...
2026-04-17 14:05:53,195 | ERROR | temu_parcel_tracer | 2103-Temu全托管 - 未出现取消按钮，跳过
2026-04-17 14:05:53,227 | INFO | temu_parcel_tracer | 2103-Temu全托管 - 已点击进入
2026-04-17 14:05:53,227 | INFO | temu_parcel_tracer | 2103-Temu全托管 - 登录成功
2026-04-17 14:05:53,227 | INFO | temu_parcel_tracer | 2103-Temu全托管 - 等待 agentseller Cookie 生效
2026-04-17 14:06:01,372 | INFO | temu_parcel_tracer | 2103-Temu全托管 - Cookie 已保存: D:\sd14\Temu_horizon\data\cookies\2103-Temu全托管_cookies.json
2026-04-17 14:06:01,372 | INFO | temu_parcel_tracer | 2103-Temu全托管 - Cookie 获取完成，准备关闭浏览器
2026-04-17 14:06:01,372 | INFO | temu_parcel_tracer | 2103-Temu全托管 - 登录成功（第 1 次）
2026-04-17 14:06:01,386 | INFO | temu_parcel_tracer | 2103-Temu全托管 - 已关闭Playwright连接
2026-04-17 14:06:02,595 | INFO | temu_parcel_tracer | 2103-Temu全托管 - 已发送停止浏览器请求
2026-04-17 14:06:12,248 | INFO | temu_parcel_tracer | ✓ 第 1 页获取到异常数据 0 条数据
2026-04-17 14:06:12,250 | INFO | temu_parcel_tracer | 当前页数据并且数据为当月产生的数据不足100条，可能是最后一页，停止获取
2026-04-17 14:06:12,250 | INFO | temu_parcel_tracer | ----------------开始上传(temu-入库情况)的数据---------------------
2026-04-17 14:06:12,251 | INFO | temu_parcel_tracer | 准备上传 0 条记录...
2026-04-17 14:06:12,251 | INFO | temu_parcel_tracer | 
上传统计:
2026-04-17 14:06:12,251 | INFO | temu_parcel_tracer | 总记录数: 0
2026-04-17 14:06:12,251 | INFO | temu_parcel_tracer | 成功数量: 0
2026-04-17 14:06:12,251 | INFO | temu_parcel_tracer | 失败数量: 0
2026-04-17 14:06:12,251 | INFO | temu_parcel_tracer | 成功批次: 0
2026-04-17 14:06:12,251 | INFO | temu_parcel_tracer | 失败批次: 0
2026-04-17 14:06:12,251 | INFO | temu_parcel_tracer | 2103-Temu全托管 入库情况数据爬取完成，共0条记录
2026-04-17 14:06:14,261 | INFO | temu_parcel_tracer | ----------------开始爬取店铺2102-Temu全托管--仓库待收货的数据---------------------
2026-04-17 14:06:14,387 | INFO | temu_parcel_tracer | 正在获取第1页数据...
2026-04-17 14:06:14,387 | INFO | temu_parcel_tracer | 2102-Temu全托管 - 第 1 次登录尝试
2026-04-17 14:06:17,823 | INFO | temu_parcel_tracer | 2102-Temu全托管 - start_api 返回: {'code': 0, 'msg': 'Success', 'data': {'action': 'startBrowserByCode', 'backgroundPluginId': 'eeakakjccihhgkahpdohdfhkoheehanb', 'browserID': 102858197, 'browserPath': 'C:\\Users\\Administrator\\AppData\\Local\\env-kit\\Core\\chrome_64_131_202501091017\\hubstudio', 'debuggingPort': '57455', 'downloadPath': 'C:\\Users\\Administrator\\Desktop\\Hubstudio\\temu全托2102店（152店改）', 'duplicate': 3055, 'ip': '49.7.135.46', 'isDynamicIp': False, 'launcherPage': 'about:blank', 'proxyType': 'socks5', 'runMode': 2, 'webdriver': 'C:\\Users\\Administrator\\AppData\\Local\\env-kit\\Core\\chrome_64_131_202501091017\\webdriver.exe', 'containerId': 102858197, 'containerCode': '1036581979', 'statusCode': '0', 'err': '成功(Success)'}}
2026-04-17 14:06:17,823 | INFO | temu_parcel_tracer | 2102-Temu全托管 - 浏览器启动成功, 调试端口: 57455
2026-04-17 14:06:19,201 | INFO | temu_parcel_tracer | 2102-Temu全托管 - 已连接浏览器
2026-04-17 14:06:20,511 | INFO | temu_parcel_tracer | --------------------2102-Temu全托管 ------------------------ 开始登录...
2026-04-17 14:06:27,223 | ERROR | temu_parcel_tracer | 2102-Temu全托管 - 未出现取消按钮，跳过
2026-04-17 14:06:27,254 | INFO | temu_parcel_tracer | 2102-Temu全托管 - 已点击进入
2026-04-17 14:06:27,254 | INFO | temu_parcel_tracer | 2102-Temu全托管 - 登录成功
2026-04-17 14:06:27,254 | INFO | temu_parcel_tracer | 2102-Temu全托管 - 等待 agentseller Cookie 生效
2026-04-17 14:06:38,610 | INFO | temu_parcel_tracer | 命中授权方式一：确认授权并前往
2026-04-17 14:06:38,697 | INFO | temu_parcel_tracer | 授权流程完成
2026-04-17 14:06:44,731 | INFO | temu_parcel_tracer | 2102-Temu全托管 - Cookie 已保存: D:\sd14\Temu_horizon\data\cookies\2102-Temu全托管_kuajingmaihuo_cookies.json
2026-04-17 14:06:44,731 | INFO | temu_parcel_tracer | 2102-Temu全托管 - Cookie 获取完成，准备关闭浏览器
2026-04-17 14:06:44,731 | INFO | temu_parcel_tracer | 2102-Temu全托管 - 登录成功（第 1 次）
2026-04-17 14:06:44,746 | INFO | temu_parcel_tracer | 2102-Temu全托管 - 已关闭Playwright连接
2026-04-17 14:06:45,960 | INFO | temu_parcel_tracer | 2102-Temu全托管 - 已发送停止浏览器请求
2026-04-17 14:06:50,509 | INFO | temu_parcel_tracer | 第 1 页获取到 5 条数据
2026-04-17 14:06:50,509 | INFO | temu_parcel_tracer | 已获取最后一页，停止获取
2026-04-17 14:06:50,510 | INFO | temu_parcel_tracer | ----------------开始上传(temu-发货揽收轨迹及丢件)的数据---------------------
2026-04-17 14:06:50,510 | INFO | temu_parcel_tracer | 准备上传 0 条记录...
2026-04-17 14:06:50,510 | INFO | temu_parcel_tracer | 
上传统计:
2026-04-17 14:06:50,510 | INFO | temu_parcel_tracer | 总记录数: 0
2026-04-17 14:06:50,510 | INFO | temu_parcel_tracer | 成功数量: 0
2026-04-17 14:06:50,510 | INFO | temu_parcel_tracer | 失败数量: 0
2026-04-17 14:06:50,510 | INFO | temu_parcel_tracer | 成功批次: 0
2026-04-17 14:06:50,510 | INFO | temu_parcel_tracer | 失败批次: 0
2026-04-17 14:06:50,510 | INFO | temu_parcel_tracer | 2102-Temu全托管 发货揽收轨迹数据爬取完成，共0条记录
2026-04-17 14:06:50,510 | INFO | temu_parcel_tracer | ----------------开始爬取店铺2102-Temu全托管--入库的数据---------------------
2026-04-17 14:06:50,636 | INFO | temu_parcel_tracer | 正在获取第 1 页数据...
2026-04-17 14:06:53,473 | ERROR | temu_parcel_tracer | [2102-Temu全托管] 请求失败（第 1 次）: 403 Client Error: Forbidden for url: https://agentseller.temu.com/mms/venom/api/supplier/purchase/manager/querySubOrderList
2026-04-17 14:06:53,473 | INFO | temu_parcel_tracer | 2102-Temu全托管 - 第 1 次登录尝试
2026-04-17 14:06:56,526 | INFO | temu_parcel_tracer | 2102-Temu全托管 - start_api 返回: {'code': 0, 'msg': 'Success', 'data': {'action': 'startBrowserByCode', 'backgroundPluginId': 'eeakakjccihhgkahpdohdfhkoheehanb', 'browserID': 102858197, 'browserPath': 'C:\\Users\\Administrator\\AppData\\Local\\env-kit\\Core\\chrome_64_131_202501091017\\hubstudio', 'debuggingPort': '58095', 'downloadPath': 'C:\\Users\\Administrator\\Desktop\\Hubstudio\\temu全托2102店（152店改）', 'duplicate': 2590, 'ip': '49.7.135.46', 'isDynamicIp': False, 'launcherPage': 'about:blank', 'proxyType': 'socks5', 'runMode': 2, 'webdriver': 'C:\\Users\\Administrator\\AppData\\Local\\env-kit\\Core\\chrome_64_131_202501091017\\webdriver.exe', 'containerId': 102858197, 'containerCode': '1036581979', 'statusCode': '0', 'err': '成功(Success)'}}
2026-04-17 14:06:56,527 | INFO | temu_parcel_tracer | 2102-Temu全托管 - 浏览器启动成功, 调试端口: 58095
2026-04-17 14:06:57,905 | INFO | temu_parcel_tracer | 2102-Temu全托管 - 已连接浏览器
2026-04-17 14:06:58,410 | INFO | temu_parcel_tracer | --------------------2102-Temu全托管 ------------------------ 开始登录...
2026-04-17 14:07:04,257 | ERROR | temu_parcel_tracer | 2102-Temu全托管 - 未出现取消按钮，跳过
2026-04-17 14:07:04,295 | INFO | temu_parcel_tracer | 2102-Temu全托管 - 已点击进入
2026-04-17 14:07:04,296 | INFO | temu_parcel_tracer | 2102-Temu全托管 - 登录成功
2026-04-17 14:07:04,296 | INFO | temu_parcel_tracer | 2102-Temu全托管 - 等待 agentseller Cookie 生效
2026-04-17 14:07:12,389 | INFO | temu_parcel_tracer | 2102-Temu全托管 - Cookie 已保存: D:\sd14\Temu_horizon\data\cookies\2102-Temu全托管_cookies.json
2026-04-17 14:07:12,389 | INFO | temu_parcel_tracer | 2102-Temu全托管 - Cookie 获取完成，准备关闭浏览器
2026-04-17 14:07:12,389 | INFO | temu_parcel_tracer | 2102-Temu全托管 - 登录成功（第 1 次）
2026-04-17 14:07:12,408 | INFO | temu_parcel_tracer | 2102-Temu全托管 - 已关闭Playwright连接
2026-04-17 14:07:13,641 | INFO | temu_parcel_tracer | 2102-Temu全托管 - 已发送停止浏览器请求
2026-04-17 14:07:20,844 | INFO | temu_parcel_tracer | ✓ 第 1 页获取到异常数据 0 条数据
2026-04-17 14:07:20,844 | INFO | temu_parcel_tracer | 当前页数据并且数据为当月产生的数据不足100条，可能是最后一页，停止获取
2026-04-17 14:07:20,844 | INFO | temu_parcel_tracer | ----------------开始上传(temu-入库情况)的数据---------------------
2026-04-17 14:07:20,845 | INFO | temu_parcel_tracer | 准备上传 0 条记录...
2026-04-17 14:07:20,845 | INFO | temu_parcel_tracer | 
上传统计:
2026-04-17 14:07:20,845 | INFO | temu_parcel_tracer | 总记录数: 0
2026-04-17 14:07:20,845 | INFO | temu_parcel_tracer | 成功数量: 0
2026-04-17 14:07:20,845 | INFO | temu_parcel_tracer | 失败数量: 0
2026-04-17 14:07:20,845 | INFO | temu_parcel_tracer | 成功批次: 0
2026-04-17 14:07:20,845 | INFO | temu_parcel_tracer | 失败批次: 0
2026-04-17 14:07:20,845 | INFO | temu_parcel_tracer | 2102-Temu全托管 入库情况数据爬取完成，共0条记录
2026-04-17 14:07:22,848 | INFO | temu_parcel_tracer | ----------------开始爬取店铺2101-Temu全托管KA--仓库待收货的数据---------------------
2026-04-17 14:07:23,001 | INFO | temu_parcel_tracer | 正在获取第1页数据...
2026-04-17 14:07:23,001 | INFO | temu_parcel_tracer | 2101-Temu全托管KA - 第 1 次登录尝试
2026-04-17 14:07:26,478 | INFO | temu_parcel_tracer | 2101-Temu全托管KA - start_api 返回: {'code': 0, 'msg': 'Success', 'data': {'action': 'startBrowserByCode', 'backgroundPluginId': 'akgomnfmbbjjcajjhhilppefdmokndpj', 'browserID': 104355104, 'browserPath': 'C:\\Users\\Administrator\\AppData\\Local\\env-kit\\Core\\chrome_64_131_202501091017\\hubstudio', 'debuggingPort': '58487', 'downloadPath': 'C:\\Users\\Administrator\\Desktop\\Hubstudio\\temu全托2101号店（111店改）', 'duplicate': 3086, 'ip': '124.236.76.149', 'isDynamicIp': False, 'launcherPage': 'about:blank', 'proxyType': 'socks5', 'runMode': 2, 'webdriver': 'C:\\Users\\Administrator\\AppData\\Local\\env-kit\\Core\\chrome_64_131_202501091017\\webdriver.exe', 'containerId': 104355104, 'containerCode': '1051551049', 'statusCode': '0', 'err': '成功(Success)'}}
2026-04-17 14:07:26,478 | INFO | temu_parcel_tracer | 2101-Temu全托管KA - 浏览器启动成功, 调试端口: 58487
2026-04-17 14:07:27,941 | INFO | temu_parcel_tracer | 2101-Temu全托管KA - 已连接浏览器
2026-04-17 14:07:29,167 | INFO | temu_parcel_tracer | --------------------2101-Temu全托管KA ------------------------ 开始登录...
2026-04-17 14:07:35,495 | ERROR | temu_parcel_tracer | 2101-Temu全托管KA - 未出现取消按钮，跳过
2026-04-17 14:07:36,511 | ERROR | temu_parcel_tracer | 2101-Temu全托管KA - 未出现进入按钮，跳过
2026-04-17 14:07:36,512 | INFO | temu_parcel_tracer | 2101-Temu全托管KA - 登录成功
2026-04-17 14:07:36,512 | INFO | temu_parcel_tracer | 2101-Temu全托管KA - 等待 agentseller Cookie 生效
2026-04-17 14:07:47,775 | INFO | temu_parcel_tracer | 2101-Temu全托管KA - Cookie 已保存: D:\sd14\Temu_horizon\data\cookies\2101-Temu全托管KA_kuajingmaihuo_cookies.json
2026-04-17 14:07:47,775 | INFO | temu_parcel_tracer | 2101-Temu全托管KA - Cookie 获取完成，准备关闭浏览器
2026-04-17 14:07:47,775 | INFO | temu_parcel_tracer | 2101-Temu全托管KA - 登录成功（第 1 次）
2026-04-17 14:07:47,793 | INFO | temu_parcel_tracer | 2101-Temu全托管KA - 已关闭Playwright连接
2026-04-17 14:07:49,020 | INFO | temu_parcel_tracer | 2101-Temu全托管KA - 已发送停止浏览器请求
2026-04-17 14:08:06,872 | INFO | temu_parcel_tracer | 第 1 页获取到 23 条数据
2026-04-17 14:08:06,873 | INFO | temu_parcel_tracer | 已获取最后一页，停止获取
2026-04-17 14:08:06,873 | INFO | temu_parcel_tracer | ----------------开始上传(temu-发货揽收轨迹及丢件)的数据---------------------
2026-04-17 14:08:06,876 | INFO | temu_parcel_tracer | 准备上传 10 条记录...
2026-04-17 14:08:08,922 | INFO | temu_parcel_tracer | 
上传统计:
2026-04-17 14:08:08,922 | INFO | temu_parcel_tracer | 总记录数: 10
2026-04-17 14:08:08,922 | INFO | temu_parcel_tracer | 成功数量: 10
2026-04-17 14:08:08,922 | INFO | temu_parcel_tracer | 失败数量: 0
2026-04-17 14:08:08,922 | INFO | temu_parcel_tracer | 成功批次: 1
2026-04-17 14:08:08,922 | INFO | temu_parcel_tracer | 失败批次: 0
2026-04-17 14:08:08,922 | INFO | temu_parcel_tracer | 2101-Temu全托管KA 发货揽收轨迹数据爬取完成，共10条记录
2026-04-17 14:08:08,922 | INFO | temu_parcel_tracer | ----------------开始爬取店铺2101-Temu全托管KA--入库的数据---------------------
2026-04-17 14:08:09,053 | INFO | temu_parcel_tracer | 正在获取第 1 页数据...
2026-04-17 14:08:12,044 | ERROR | temu_parcel_tracer | [2101-Temu全托管KA] 请求失败（第 1 次）: 403 Client Error: Forbidden for url: https://agentseller.temu.com/mms/venom/api/supplier/purchase/manager/querySubOrderList
2026-04-17 14:08:12,044 | INFO | temu_parcel_tracer | 2101-Temu全托管KA - 第 1 次登录尝试
2026-04-17 14:08:15,216 | INFO | temu_parcel_tracer | 2101-Temu全托管KA - start_api 返回: {'code': 0, 'msg': 'Success', 'data': {'action': 'startBrowserByCode', 'backgroundPluginId': 'akgomnfmbbjjcajjhhilppefdmokndpj', 'browserID': 104355104, 'browserPath': 'C:\\Users\\Administrator\\AppData\\Local\\env-kit\\Core\\chrome_64_131_202501091017\\hubstudio', 'debuggingPort': '58975', 'downloadPath': 'C:\\Users\\Administrator\\Desktop\\Hubstudio\\temu全托2101号店（111店改）', 'duplicate': 2777, 'ip': '124.236.76.149', 'isDynamicIp': False, 'launcherPage': 'about:blank', 'proxyType': 'socks5', 'runMode': 2, 'webdriver': 'C:\\Users\\Administrator\\AppData\\Local\\env-kit\\Core\\chrome_64_131_202501091017\\webdriver.exe', 'containerId': 104355104, 'containerCode': '1051551049', 'statusCode': '0', 'err': '成功(Success)'}}
2026-04-17 14:08:15,216 | INFO | temu_parcel_tracer | 2101-Temu全托管KA - 浏览器启动成功, 调试端口: 58975
2026-04-17 14:08:16,575 | INFO | temu_parcel_tracer | 2101-Temu全托管KA - 已连接浏览器
2026-04-17 14:08:17,079 | INFO | temu_parcel_tracer | --------------------2101-Temu全托管KA ------------------------ 开始登录...
2026-04-17 14:08:23,179 | ERROR | temu_parcel_tracer | 2101-Temu全托管KA - 未出现取消按钮，跳过
2026-04-17 14:08:23,233 | INFO | temu_parcel_tracer | 2101-Temu全托管KA - 已点击进入
2026-04-17 14:08:23,233 | INFO | temu_parcel_tracer | 2101-Temu全托管KA - 登录成功
2026-04-17 14:08:23,233 | INFO | temu_parcel_tracer | 2101-Temu全托管KA - 等待 agentseller Cookie 生效
2026-04-17 14:08:31,467 | INFO | temu_parcel_tracer | 2101-Temu全托管KA - Cookie 已保存: D:\sd14\Temu_horizon\data\cookies\2101-Temu全托管KA_cookies.json
2026-04-17 14:08:31,467 | INFO | temu_parcel_tracer | 2101-Temu全托管KA - Cookie 获取完成，准备关闭浏览器
2026-04-17 14:08:31,467 | INFO | temu_parcel_tracer | 2101-Temu全托管KA - 登录成功（第 1 次）
2026-04-17 14:08:31,483 | INFO | temu_parcel_tracer | 2101-Temu全托管KA - 已关闭Playwright连接
2026-04-17 14:08:32,630 | INFO | temu_parcel_tracer | 2101-Temu全托管KA - 已发送停止浏览器请求
2026-04-17 14:08:37,991 | INFO | temu_parcel_tracer | ✓ 第 1 页获取到异常数据 0 条数据
2026-04-17 14:08:37,991 | INFO | temu_parcel_tracer | 当前页数据并且数据为当月产生的数据不足100条，可能是最后一页，停止获取
2026-04-17 14:08:37,992 | INFO | temu_parcel_tracer | ----------------开始上传(temu-入库情况)的数据---------------------
2026-04-17 14:08:37,993 | INFO | temu_parcel_tracer | 准备上传 0 条记录...
2026-04-17 14:08:37,993 | INFO | temu_parcel_tracer | 
上传统计:
2026-04-17 14:08:37,993 | INFO | temu_parcel_tracer | 总记录数: 0
2026-04-17 14:08:37,993 | INFO | temu_parcel_tracer | 成功数量: 0
2026-04-17 14:08:37,993 | INFO | temu_parcel_tracer | 失败数量: 0
2026-04-17 14:08:37,993 | INFO | temu_parcel_tracer | 成功批次: 0
2026-04-17 14:08:37,993 | INFO | temu_parcel_tracer | 失败批次: 0
2026-04-17 14:08:37,993 | INFO | temu_parcel_tracer | 2101-Temu全托管KA 入库情况数据爬取完成，共0条记录
2026-04-17 14:08:39,998 | INFO | temu_parcel_tracer | ----------------开始爬取店铺112-Temu全托管--仓库待收货的数据---------------------
2026-04-17 14:08:40,137 | INFO | temu_parcel_tracer | 正在获取第1页数据...
2026-04-17 14:08:40,138 | INFO | temu_parcel_tracer | 112-Temu全托管 - 第 1 次登录尝试
2026-04-17 14:08:44,056 | INFO | temu_parcel_tracer | 112-Temu全托管 - start_api 返回: {'code': 0, 'msg': 'Success', 'data': {'action': 'startBrowserByCode', 'backgroundPluginId': 'deogjmiglmamcbonclpnbppbclfgkgpg', 'browserID': 99848624, 'browserPath': 'C:\\Users\\Administrator\\AppData\\Local\\env-kit\\Core\\chrome_64_131_202501091017\\hubstudio', 'debuggingPort': '59228', 'downloadPath': 'C:\\Users\\Administrator\\Desktop\\Hubstudio\\temu全托112店', 'duplicate': 3468, 'ip': '36.111.32.150', 'isDynamicIp': False, 'launcherPage': 'about:blank', 'proxyType': 'socks5', 'runMode': 2, 'webdriver': 'C:\\Users\\Administrator\\AppData\\Local\\env-kit\\Core\\chrome_64_131_202501091017\\webdriver.exe', 'containerId': 99848624, 'containerCode': '1006486242', 'statusCode': '0', 'err': '成功(Success)'}}
2026-04-17 14:08:44,057 | INFO | temu_parcel_tracer | 112-Temu全托管 - 浏览器启动成功, 调试端口: 59228
2026-04-17 14:08:45,442 | INFO | temu_parcel_tracer | 112-Temu全托管 - 已连接浏览器
2026-04-17 14:08:46,471 | INFO | temu_parcel_tracer | --------------------112-Temu全托管 ------------------------ 开始登录...
2026-04-17 14:08:52,350 | ERROR | temu_parcel_tracer | 112-Temu全托管 - 未出现取消按钮，跳过
2026-04-17 14:08:52,386 | INFO | temu_parcel_tracer | 112-Temu全托管 - 已点击进入
2026-04-17 14:08:52,386 | INFO | temu_parcel_tracer | 112-Temu全托管 - 登录成功
2026-04-17 14:08:52,386 | INFO | temu_parcel_tracer | 112-Temu全托管 - 等待 agentseller Cookie 生效
2026-04-17 14:09:03,317 | INFO | temu_parcel_tracer | 112-Temu全托管 - Cookie 已保存: D:\sd14\Temu_horizon\data\cookies\112-Temu全托管_kuajingmaihuo_cookies.json
2026-04-17 14:09:03,317 | INFO | temu_parcel_tracer | 112-Temu全托管 - Cookie 获取完成，准备关闭浏览器
2026-04-17 14:09:03,317 | INFO | temu_parcel_tracer | 112-Temu全托管 - 登录成功（第 1 次）
2026-04-17 14:09:03,339 | INFO | temu_parcel_tracer | 112-Temu全托管 - 已关闭Playwright连接
2026-04-17 14:09:04,465 | INFO | temu_parcel_tracer | 112-Temu全托管 - 已发送停止浏览器请求
2026-04-17 14:09:11,896 | INFO | temu_parcel_tracer | 第 1 页获取到 9 条数据
2026-04-17 14:09:11,896 | INFO | temu_parcel_tracer | 已获取最后一页，停止获取
2026-04-17 14:09:11,896 | INFO | temu_parcel_tracer | ----------------开始上传(temu-发货揽收轨迹及丢件)的数据---------------------
2026-04-17 14:09:11,896 | INFO | temu_parcel_tracer | 准备上传 0 条记录...
2026-04-17 14:09:11,896 | INFO | temu_parcel_tracer | 
上传统计:
2026-04-17 14:09:11,896 | INFO | temu_parcel_tracer | 总记录数: 0
2026-04-17 14:09:11,896 | INFO | temu_parcel_tracer | 成功数量: 0
2026-04-17 14:09:11,897 | INFO | temu_parcel_tracer | 失败数量: 0
2026-04-17 14:09:11,897 | INFO | temu_parcel_tracer | 成功批次: 0
2026-04-17 14:09:11,897 | INFO | temu_parcel_tracer | 失败批次: 0
2026-04-17 14:09:11,897 | INFO | temu_parcel_tracer | 112-Temu全托管 发货揽收轨迹数据爬取完成，共0条记录
2026-04-17 14:09:11,897 | INFO | temu_parcel_tracer | ----------------开始爬取店铺112-Temu全托管--入库的数据---------------------
2026-04-17 14:09:12,036 | INFO | temu_parcel_tracer | 正在获取第 1 页数据...
2026-04-17 14:09:14,388 | ERROR | temu_parcel_tracer | [112-Temu全托管] 请求失败（第 1 次）: 403 Client Error: Forbidden for url: https://agentseller.temu.com/mms/venom/api/supplier/purchase/manager/querySubOrderList
2026-04-17 14:09:14,389 | INFO | temu_parcel_tracer | 112-Temu全托管 - 第 1 次登录尝试
2026-04-17 14:09:17,472 | INFO | temu_parcel_tracer | 112-Temu全托管 - start_api 返回: {'code': 0, 'msg': 'Success', 'data': {'action': 'startBrowserByCode', 'backgroundPluginId': 'deogjmiglmamcbonclpnbppbclfgkgpg', 'browserID': 99848624, 'browserPath': 'C:\\Users\\Administrator\\AppData\\Local\\env-kit\\Core\\chrome_64_131_202501091017\\hubstudio', 'debuggingPort': '59584', 'downloadPath': 'C:\\Users\\Administrator\\Desktop\\Hubstudio\\temu全托112店', 'duplicate': 2678, 'ip': '36.111.32.150', 'isDynamicIp': False, 'launcherPage': 'about:blank', 'proxyType': 'socks5', 'runMode': 2, 'webdriver': 'C:\\Users\\Administrator\\AppData\\Local\\env-kit\\Core\\chrome_64_131_202501091017\\webdriver.exe', 'containerId': 99848624, 'containerCode': '1006486242', 'statusCode': '0', 'err': '成功(Success)'}}
2026-04-17 14:09:17,472 | INFO | temu_parcel_tracer | 112-Temu全托管 - 浏览器启动成功, 调试端口: 59584
2026-04-17 14:09:18,834 | INFO | temu_parcel_tracer | 112-Temu全托管 - 已连接浏览器
2026-04-17 14:09:19,175 | INFO | temu_parcel_tracer | --------------------112-Temu全托管 ------------------------ 开始登录...
2026-04-17 14:09:24,519 | ERROR | temu_parcel_tracer | 112-Temu全托管 - 未出现取消按钮，跳过
2026-04-17 14:09:24,566 | INFO | temu_parcel_tracer | 112-Temu全托管 - 已点击进入
2026-04-17 14:09:24,566 | INFO | temu_parcel_tracer | 112-Temu全托管 - 登录成功
2026-04-17 14:09:24,566 | INFO | temu_parcel_tracer | 112-Temu全托管 - 等待 agentseller Cookie 生效
2026-04-17 14:09:34,486 | INFO | temu_parcel_tracer | 112-Temu全托管 - Cookie 已保存: D:\sd14\Temu_horizon\data\cookies\112-Temu全托管_cookies.json
2026-04-17 14:09:34,486 | INFO | temu_parcel_tracer | 112-Temu全托管 - Cookie 获取完成，准备关闭浏览器
2026-04-17 14:09:34,486 | INFO | temu_parcel_tracer | 112-Temu全托管 - 登录成功（第 1 次）
2026-04-17 14:09:34,512 | INFO | temu_parcel_tracer | 112-Temu全托管 - 已关闭Playwright连接
2026-04-17 14:09:35,547 | INFO | temu_parcel_tracer | 112-Temu全托管 - 已发送停止浏览器请求
2026-04-17 14:09:42,306 | INFO | temu_parcel_tracer | ✓ 第 1 页获取到异常数据 0 条数据
2026-04-17 14:09:42,306 | INFO | temu_parcel_tracer | 当前页数据并且数据为当月产生的数据不足100条，可能是最后一页，停止获取
2026-04-17 14:09:42,306 | INFO | temu_parcel_tracer | ----------------开始上传(temu-入库情况)的数据---------------------
2026-04-17 14:09:42,306 | INFO | temu_parcel_tracer | 准备上传 0 条记录...
2026-04-17 14:09:42,306 | INFO | temu_parcel_tracer | 
上传统计:
2026-04-17 14:09:42,306 | INFO | temu_parcel_tracer | 总记录数: 0
2026-04-17 14:09:42,306 | INFO | temu_parcel_tracer | 成功数量: 0
2026-04-17 14:09:42,307 | INFO | temu_parcel_tracer | 失败数量: 0
2026-04-17 14:09:42,307 | INFO | temu_parcel_tracer | 成功批次: 0
2026-04-17 14:09:42,307 | INFO | temu_parcel_tracer | 失败批次: 0
2026-04-17 14:09:42,307 | INFO | temu_parcel_tracer | 112-Temu全托管 入库情况数据爬取完成，共0条记录
2026-04-17 14:09:44,315 | INFO | temu_parcel_tracer | ----------------开始爬取店铺1108-Temu全托管--仓库待收货的数据---------------------
2026-04-17 14:09:44,453 | INFO | temu_parcel_tracer | 正在获取第1页数据...
2026-04-17 14:09:44,455 | INFO | temu_parcel_tracer | 1108-Temu全托管 - 第 1 次登录尝试
2026-04-17 14:09:47,833 | INFO | temu_parcel_tracer | 1108-Temu全托管 - start_api 返回: {'code': 0, 'msg': 'Success', 'data': {'action': 'startBrowserByCode', 'backgroundPluginId': 'oielegjolaoigkjpcikbcbepjdojkkja', 'browserID': 122453019, 'browserPath': 'C:\\Users\\Administrator\\AppData\\Local\\env-kit\\Core\\chrome_64_133_202505210948\\hubstudio', 'debuggingPort': '59843', 'downloadPath': 'C:\\Users\\Administrator\\Desktop\\Hubstudio\\temu全托1108号店', 'duplicate': 3038, 'ip': '1.194.218.235', 'isDynamicIp': False, 'launcherPage': 'about:blank', 'proxyType': 'socks5', 'runMode': 2, 'webdriver': 'C:\\Users\\Administrator\\AppData\\Local\\env-kit\\Core\\chrome_64_133_202505210948\\webdriver.exe', 'containerId': 122453019, 'containerCode': '1232530196', 'statusCode': '0', 'err': '成功(Success)'}}
2026-04-17 14:09:47,834 | INFO | temu_parcel_tracer | 1108-Temu全托管 - 浏览器启动成功, 调试端口: 59843
2026-04-17 14:09:49,240 | INFO | temu_parcel_tracer | 1108-Temu全托管 - 已连接浏览器
2026-04-17 14:09:50,395 | INFO | temu_parcel_tracer | --------------------1108-Temu全托管 ------------------------ 开始登录...
2026-04-17 14:09:55,166 | ERROR | temu_parcel_tracer | 1108-Temu全托管 - 未出现取消按钮，跳过
2026-04-17 14:09:56,185 | ERROR | temu_parcel_tracer | 1108-Temu全托管 - 未出现进入按钮，跳过
2026-04-17 14:09:56,185 | INFO | temu_parcel_tracer | 1108-Temu全托管 - 登录成功
2026-04-17 14:09:56,185 | INFO | temu_parcel_tracer | 1108-Temu全托管 - 等待 agentseller Cookie 生效
2026-04-17 14:10:09,202 | INFO | temu_parcel_tracer | 1108-Temu全托管 - Cookie 已保存: D:\sd14\Temu_horizon\data\cookies\1108-Temu全托管_kuajingmaihuo_cookies.json
2026-04-17 14:10:09,202 | INFO | temu_parcel_tracer | 1108-Temu全托管 - Cookie 获取完成，准备关闭浏览器
2026-04-17 14:10:09,202 | INFO | temu_parcel_tracer | 1108-Temu全托管 - 登录成功（第 1 次）
2026-04-17 14:10:09,216 | INFO | temu_parcel_tracer | 1108-Temu全托管 - 已关闭Playwright连接
2026-04-17 14:10:10,311 | INFO | temu_parcel_tracer | 1108-Temu全托管 - 已发送停止浏览器请求
2026-04-17 14:10:21,723 | INFO | temu_parcel_tracer | 第 1 页获取到 15 条数据
2026-04-17 14:10:21,723 | INFO | temu_parcel_tracer | 已获取最后一页，停止获取
2026-04-17 14:10:21,723 | INFO | temu_parcel_tracer | ----------------开始上传(temu-发货揽收轨迹及丢件)的数据---------------------
2026-04-17 14:10:21,724 | INFO | temu_parcel_tracer | 准备上传 1 条记录...
2026-04-17 14:10:23,283 | INFO | temu_parcel_tracer | 
上传统计:
2026-04-17 14:10:23,283 | INFO | temu_parcel_tracer | 总记录数: 1
2026-04-17 14:10:23,283 | INFO | temu_parcel_tracer | 成功数量: 1
2026-04-17 14:10:23,283 | INFO | temu_parcel_tracer | 失败数量: 0
2026-04-17 14:10:23,283 | INFO | temu_parcel_tracer | 成功批次: 1
2026-04-17 14:10:23,283 | INFO | temu_parcel_tracer | 失败批次: 0
2026-04-17 14:10:23,284 | INFO | temu_parcel_tracer | 1108-Temu全托管 发货揽收轨迹数据爬取完成，共1条记录
2026-04-17 14:10:23,284 | INFO | temu_parcel_tracer | ----------------开始爬取店铺1108-Temu全托管--入库的数据---------------------
2026-04-17 14:10:23,425 | INFO | temu_parcel_tracer | 正在获取第 1 页数据...
2026-04-17 14:10:28,350 | ERROR | temu_parcel_tracer | [1108-Temu全托管] 请求失败（第 1 次）: 403 Client Error: Forbidden for url: https://agentseller.temu.com/mms/venom/api/supplier/purchase/manager/querySubOrderList
2026-04-17 14:10:28,351 | INFO | temu_parcel_tracer | 1108-Temu全托管 - 第 1 次登录尝试
2026-04-17 14:10:31,528 | INFO | temu_parcel_tracer | 1108-Temu全托管 - start_api 返回: {'code': 0, 'msg': 'Success', 'data': {'action': 'startBrowserByCode', 'backgroundPluginId': 'oielegjolaoigkjpcikbcbepjdojkkja', 'browserID': 122453019, 'browserPath': 'C:\\Users\\Administrator\\AppData\\Local\\env-kit\\Core\\chrome_64_133_202505210948\\hubstudio', 'debuggingPort': '60197', 'downloadPath': 'C:\\Users\\Administrator\\Desktop\\Hubstudio\\temu全托1108号店', 'duplicate': 2728, 'ip': '1.194.218.235', 'isDynamicIp': False, 'launcherPage': 'about:blank', 'proxyType': 'socks5', 'runMode': 2, 'webdriver': 'C:\\Users\\Administrator\\AppData\\Local\\env-kit\\Core\\chrome_64_133_202505210948\\webdriver.exe', 'containerId': 122453019, 'containerCode': '1232530196', 'statusCode': '0', 'err': '成功(Success)'}}
2026-04-17 14:10:31,529 | INFO | temu_parcel_tracer | 1108-Temu全托管 - 浏览器启动成功, 调试端口: 60197
2026-04-17 14:10:32,949 | INFO | temu_parcel_tracer | 1108-Temu全托管 - 已连接浏览器
2026-04-17 14:10:33,371 | INFO | temu_parcel_tracer | --------------------1108-Temu全托管 ------------------------ 开始登录...
2026-04-17 14:10:38,143 | ERROR | temu_parcel_tracer | 1108-Temu全托管 - 未出现取消按钮，跳过
2026-04-17 14:10:38,186 | INFO | temu_parcel_tracer | 1108-Temu全托管 - 已点击进入
2026-04-17 14:10:38,186 | INFO | temu_parcel_tracer | 1108-Temu全托管 - 登录成功
2026-04-17 14:10:38,186 | INFO | temu_parcel_tracer | 1108-Temu全托管 - 等待 agentseller Cookie 生效
2026-04-17 14:10:46,479 | INFO | temu_parcel_tracer | 1108-Temu全托管 - Cookie 已保存: D:\sd14\Temu_horizon\data\cookies\1108-Temu全托管_cookies.json
2026-04-17 14:10:46,479 | INFO | temu_parcel_tracer | 1108-Temu全托管 - Cookie 获取完成，准备关闭浏览器
2026-04-17 14:10:46,479 | INFO | temu_parcel_tracer | 1108-Temu全托管 - 登录成功（第 1 次）
2026-04-17 14:10:46,498 | INFO | temu_parcel_tracer | 1108-Temu全托管 - 已关闭Playwright连接
2026-04-17 14:10:47,643 | INFO | temu_parcel_tracer | 1108-Temu全托管 - 已发送停止浏览器请求
2026-04-17 14:10:55,861 | INFO | temu_parcel_tracer | ✓ 第 1 页获取到异常数据 2 条数据
2026-04-17 14:10:55,861 | INFO | temu_parcel_tracer | 当前页数据并且数据为当月产生的数据不足100条，可能是最后一页，停止获取
2026-04-17 14:10:55,861 | INFO | temu_parcel_tracer | ----------------开始上传(temu-入库情况)的数据---------------------
2026-04-17 14:10:55,862 | INFO | temu_parcel_tracer | 准备上传 0 条记录...
2026-04-17 14:10:55,863 | INFO | temu_parcel_tracer | 
上传统计:
2026-04-17 14:10:55,863 | INFO | temu_parcel_tracer | 总记录数: 0
2026-04-17 14:10:55,863 | INFO | temu_parcel_tracer | 成功数量: 0
2026-04-17 14:10:55,863 | INFO | temu_parcel_tracer | 失败数量: 0
2026-04-17 14:10:55,863 | INFO | temu_parcel_tracer | 成功批次: 0
2026-04-17 14:10:55,863 | INFO | temu_parcel_tracer | 失败批次: 0
2026-04-17 14:10:55,863 | INFO | temu_parcel_tracer | 1108-Temu全托管 入库情况数据爬取完成，共0条记录
2026-04-17 14:10:57,867 | INFO | temu_parcel_tracer | ----------------开始爬取店铺1107-Temu全托管--仓库待收货的数据---------------------
2026-04-17 14:10:58,000 | INFO | temu_parcel_tracer | 正在获取第1页数据...
2026-04-17 14:10:58,001 | INFO | temu_parcel_tracer | 1107-Temu全托管 - 第 1 次登录尝试
2026-04-17 14:11:01,394 | INFO | temu_parcel_tracer | 1107-Temu全托管 - start_api 返回: {'code': 0, 'msg': 'Success', 'data': {'action': 'startBrowserByCode', 'backgroundPluginId': 'hmfimlmiknlbeifbaabjgkfnhkaiijaf', 'browserID': 122452738, 'browserPath': 'C:\\Users\\Administrator\\AppData\\Local\\env-kit\\Core\\chrome_64_133_202505210948\\hubstudio', 'debuggingPort': '60452', 'downloadPath': 'C:\\Users\\Administrator\\Desktop\\Hubstudio\\temu全托1107号店', 'duplicate': 2999, 'ip': '36.111.32.150', 'isDynamicIp': False, 'launcherPage': 'about:blank', 'proxyType': 'socks5', 'runMode': 2, 'webdriver': 'C:\\Users\\Administrator\\AppData\\Local\\env-kit\\Core\\chrome_64_133_202505210948\\webdriver.exe', 'containerId': 122452738, 'containerCode': '1232527381', 'statusCode': '0', 'err': '成功(Success)'}}
2026-04-17 14:11:01,395 | INFO | temu_parcel_tracer | 1107-Temu全托管 - 浏览器启动成功, 调试端口: 60452
2026-04-17 14:11:02,794 | INFO | temu_parcel_tracer | 1107-Temu全托管 - 已连接浏览器
2026-04-17 14:11:03,861 | INFO | temu_parcel_tracer | --------------------1107-Temu全托管 ------------------------ 开始登录...
2026-04-17 14:11:08,229 | ERROR | temu_parcel_tracer | 1107-Temu全托管 - 未出现取消按钮，跳过
2026-04-17 14:11:09,244 | ERROR | temu_parcel_tracer | 1107-Temu全托管 - 未出现进入按钮，跳过
2026-04-17 14:11:09,244 | INFO | temu_parcel_tracer | 1107-Temu全托管 - 登录成功
2026-04-17 14:11:09,244 | INFO | temu_parcel_tracer | 1107-Temu全托管 - 等待 agentseller Cookie 生效
2026-04-17 14:11:30,895 | INFO | temu_parcel_tracer | 1107-Temu全托管 - Cookie 已保存: D:\sd14\Temu_horizon\data\cookies\1107-Temu全托管_kuajingmaihuo_cookies.json
2026-04-17 14:11:30,895 | INFO | temu_parcel_tracer | 1107-Temu全托管 - Cookie 获取完成，准备关闭浏览器
2026-04-17 14:11:30,895 | INFO | temu_parcel_tracer | 1107-Temu全托管 - 登录成功（第 1 次）
2026-04-17 14:11:30,914 | INFO | temu_parcel_tracer | 1107-Temu全托管 - 已关闭Playwright连接
2026-04-17 14:11:32,187 | INFO | temu_parcel_tracer | 1107-Temu全托管 - 已发送停止浏览器请求
2026-04-17 14:11:50,063 | INFO | temu_parcel_tracer | 第 1 页获取到 24 条数据
2026-04-17 14:11:50,063 | INFO | temu_parcel_tracer | 已获取最后一页，停止获取
2026-04-17 14:11:50,064 | INFO | temu_parcel_tracer | ----------------开始上传(temu-发货揽收轨迹及丢件)的数据---------------------
2026-04-17 14:11:50,065 | INFO | temu_parcel_tracer | 准备上传 6 条记录...
2026-04-17 14:11:51,826 | INFO | temu_parcel_tracer | 
上传统计:
2026-04-17 14:11:51,826 | INFO | temu_parcel_tracer | 总记录数: 6
2026-04-17 14:11:51,826 | INFO | temu_parcel_tracer | 成功数量: 6
2026-04-17 14:11:51,826 | INFO | temu_parcel_tracer | 失败数量: 0
2026-04-17 14:11:51,826 | INFO | temu_parcel_tracer | 成功批次: 1
2026-04-17 14:11:51,826 | INFO | temu_parcel_tracer | 失败批次: 0
2026-04-17 14:11:51,826 | INFO | temu_parcel_tracer | 1107-Temu全托管 发货揽收轨迹数据爬取完成，共6条记录
2026-04-17 14:11:51,827 | INFO | temu_parcel_tracer | ----------------开始爬取店铺1107-Temu全托管--入库的数据---------------------
2026-04-17 14:11:51,969 | INFO | temu_parcel_tracer | 正在获取第 1 页数据...
2026-04-17 14:11:55,589 | ERROR | temu_parcel_tracer | [1107-Temu全托管] 请求失败（第 1 次）: 403 Client Error: Forbidden for url: https://agentseller.temu.com/mms/venom/api/supplier/purchase/manager/querySubOrderList
2026-04-17 14:11:55,589 | INFO | temu_parcel_tracer | 1107-Temu全托管 - 第 1 次登录尝试
2026-04-17 14:11:58,818 | INFO | temu_parcel_tracer | 1107-Temu全托管 - start_api 返回: {'code': 0, 'msg': 'Success', 'data': {'action': 'startBrowserByCode', 'backgroundPluginId': 'hmfimlmiknlbeifbaabjgkfnhkaiijaf', 'browserID': 122452738, 'browserPath': 'C:\\Users\\Administrator\\AppData\\Local\\env-kit\\Core\\chrome_64_133_202505210948\\hubstudio', 'debuggingPort': '60945', 'downloadPath': 'C:\\Users\\Administrator\\Desktop\\Hubstudio\\temu全托1107号店', 'duplicate': 2839, 'ip': '36.111.32.150', 'isDynamicIp': False, 'launcherPage': 'about:blank', 'proxyType': 'socks5', 'runMode': 2, 'webdriver': 'C:\\Users\\Administrator\\AppData\\Local\\env-kit\\Core\\chrome_64_133_202505210948\\webdriver.exe', 'containerId': 122452738, 'containerCode': '1232527381', 'statusCode': '0', 'err': '成功(Success)'}}
2026-04-17 14:11:58,819 | INFO | temu_parcel_tracer | 1107-Temu全托管 - 浏览器启动成功, 调试端口: 60945
2026-04-17 14:12:00,231 | INFO | temu_parcel_tracer | 1107-Temu全托管 - 已连接浏览器
2026-04-17 14:12:00,624 | INFO | temu_parcel_tracer | --------------------1107-Temu全托管 ------------------------ 开始登录...
2026-04-17 14:12:05,292 | ERROR | temu_parcel_tracer | 1107-Temu全托管 - 未出现取消按钮，跳过
2026-04-17 14:12:06,308 | ERROR | temu_parcel_tracer | 1107-Temu全托管 - 未出现进入按钮，跳过
2026-04-17 14:12:06,308 | INFO | temu_parcel_tracer | 1107-Temu全托管 - 登录成功
2026-04-17 14:12:06,308 | INFO | temu_parcel_tracer | 1107-Temu全托管 - 等待 agentseller Cookie 生效
2026-04-17 14:12:14,198 | INFO | temu_parcel_tracer | 1107-Temu全托管 - Cookie 已保存: D:\sd14\Temu_horizon\data\cookies\1107-Temu全托管_cookies.json
2026-04-17 14:12:14,198 | INFO | temu_parcel_tracer | 1107-Temu全托管 - Cookie 获取完成，准备关闭浏览器
2026-04-17 14:12:14,198 | INFO | temu_parcel_tracer | 1107-Temu全托管 - 登录成功（第 1 次）
2026-04-17 14:12:14,211 | INFO | temu_parcel_tracer | 1107-Temu全托管 - 已关闭Playwright连接
2026-04-17 14:12:15,252 | INFO | temu_parcel_tracer | 1107-Temu全托管 - 已发送停止浏览器请求
2026-04-17 14:12:19,240 | ERROR | temu_parcel_tracer | [1107-Temu全托管] 请求失败（第 2 次）: 403 Client Error: Forbidden for url: https://agentseller.temu.com/mms/venom/api/supplier/purchase/manager/querySubOrderList
2026-04-17 14:12:19,240 | INFO | temu_parcel_tracer | 1107-Temu全托管 - 第 1 次登录尝试
2026-04-17 14:12:22,343 | INFO | temu_parcel_tracer | 1107-Temu全托管 - start_api 返回: {'code': 0, 'msg': 'Success', 'data': {'action': 'startBrowserByCode', 'backgroundPluginId': 'hmfimlmiknlbeifbaabjgkfnhkaiijaf', 'browserID': 122452738, 'browserPath': 'C:\\Users\\Administrator\\AppData\\Local\\env-kit\\Core\\chrome_64_133_202505210948\\hubstudio', 'debuggingPort': '61252', 'downloadPath': 'C:\\Users\\Administrator\\Desktop\\Hubstudio\\temu全托1107号店', 'duplicate': 2688, 'ip': '36.111.32.150', 'isDynamicIp': False, 'launcherPage': 'about:blank', 'proxyType': 'socks5', 'runMode': 2, 'webdriver': 'C:\\Users\\Administrator\\AppData\\Local\\env-kit\\Core\\chrome_64_133_202505210948\\webdriver.exe', 'containerId': 122452738, 'containerCode': '1232527381', 'statusCode': '0', 'err': '成功(Success)'}}
2026-04-17 14:12:22,343 | INFO | temu_parcel_tracer | 1107-Temu全托管 - 浏览器启动成功, 调试端口: 61252
2026-04-17 14:12:23,757 | INFO | temu_parcel_tracer | 1107-Temu全托管 - 已连接浏览器
2026-04-17 14:12:24,133 | INFO | temu_parcel_tracer | --------------------1107-Temu全托管 ------------------------ 开始登录...
2026-04-17 14:12:29,168 | ERROR | temu_parcel_tracer | 1107-Temu全托管 - 未出现取消按钮，跳过
2026-04-17 14:12:29,204 | INFO | temu_parcel_tracer | 1107-Temu全托管 - 已点击进入
2026-04-17 14:12:29,204 | INFO | temu_parcel_tracer | 1107-Temu全托管 - 登录成功
2026-04-17 14:12:29,204 | INFO | temu_parcel_tracer | 1107-Temu全托管 - 等待 agentseller Cookie 生效
2026-04-17 14:12:37,620 | INFO | temu_parcel_tracer | 命中授权方式一：确认授权并前往
2026-04-17 14:12:37,698 | INFO | temu_parcel_tracer | 授权流程完成
2026-04-17 14:12:43,717 | INFO | temu_parcel_tracer | 1107-Temu全托管 - Cookie 已保存: D:\sd14\Temu_horizon\data\cookies\1107-Temu全托管_cookies.json
2026-04-17 14:12:43,717 | INFO | temu_parcel_tracer | 1107-Temu全托管 - Cookie 获取完成，准备关闭浏览器
2026-04-17 14:12:43,717 | INFO | temu_parcel_tracer | 1107-Temu全托管 - 登录成功（第 1 次）
2026-04-17 14:12:43,730 | INFO | temu_parcel_tracer | 1107-Temu全托管 - 已关闭Playwright连接
2026-04-17 14:12:44,815 | INFO | temu_parcel_tracer | 1107-Temu全托管 - 已发送停止浏览器请求
2026-04-17 14:12:51,089 | INFO | temu_parcel_tracer | ✓ 第 1 页获取到异常数据 3 条数据
2026-04-17 14:12:51,089 | INFO | temu_parcel_tracer | 当前页数据并且数据为当月产生的数据不足100条，可能是最后一页，停止获取
2026-04-17 14:12:51,089 | INFO | temu_parcel_tracer | ----------------开始上传(temu-入库情况)的数据---------------------
2026-04-17 14:12:51,090 | INFO | temu_parcel_tracer | 准备上传 0 条记录...
2026-04-17 14:12:51,090 | INFO | temu_parcel_tracer | 
上传统计:
2026-04-17 14:12:51,090 | INFO | temu_parcel_tracer | 总记录数: 0
2026-04-17 14:12:51,090 | INFO | temu_parcel_tracer | 成功数量: 0
2026-04-17 14:12:51,090 | INFO | temu_parcel_tracer | 失败数量: 0
2026-04-17 14:12:51,090 | INFO | temu_parcel_tracer | 成功批次: 0
2026-04-17 14:12:51,090 | INFO | temu_parcel_tracer | 失败批次: 0
2026-04-17 14:12:51,090 | INFO | temu_parcel_tracer | 1107-Temu全托管 入库情况数据爬取完成，共0条记录
2026-04-17 14:12:53,093 | INFO | temu_parcel_tracer | ----------------开始爬取店铺1106-Temu全托管--仓库待收货的数据---------------------
2026-04-17 14:12:53,230 | INFO | temu_parcel_tracer | 正在获取第1页数据...
2026-04-17 14:12:53,231 | INFO | temu_parcel_tracer | 1106-Temu全托管 - 第 1 次登录尝试
2026-04-17 14:12:56,571 | INFO | temu_parcel_tracer | 1106-Temu全托管 - start_api 返回: {'code': 0, 'msg': 'Success', 'data': {'action': 'startBrowserByCode', 'backgroundPluginId': 'ckmbonbfihibhagclccfhnmbcbfnlbnh', 'browserID': 109978213, 'browserPath': 'C:\\Users\\Administrator\\AppData\\Local\\env-kit\\Core\\chrome_64_131_202501091017\\hubstudio', 'debuggingPort': '61605', 'downloadPath': 'C:\\Users\\Administrator\\Desktop\\Hubstudio\\temu全托1106店', 'duplicate': 2892, 'ip': '36.111.32.150', 'isDynamicIp': False, 'launcherPage': 'about:blank', 'proxyType': 'socks5', 'runMode': 2, 'webdriver': 'C:\\Users\\Administrator\\AppData\\Local\\env-kit\\Core\\chrome_64_131_202501091017\\webdriver.exe', 'containerId': 109978213, 'containerCode': '1107782133', 'statusCode': '0', 'err': '成功(Success)'}}
2026-04-17 14:12:56,571 | INFO | temu_parcel_tracer | 1106-Temu全托管 - 浏览器启动成功, 调试端口: 61605
2026-04-17 14:12:57,962 | INFO | temu_parcel_tracer | 1106-Temu全托管 - 已连接浏览器
2026-04-17 14:12:59,301 | INFO | temu_parcel_tracer | --------------------1106-Temu全托管 ------------------------ 开始登录...
2026-04-17 14:13:05,112 | ERROR | temu_parcel_tracer | 1106-Temu全托管 - 未出现取消按钮，跳过
2026-04-17 14:13:06,128 | ERROR | temu_parcel_tracer | 1106-Temu全托管 - 未出现进入按钮，跳过
2026-04-17 14:13:06,128 | INFO | temu_parcel_tracer | 1106-Temu全托管 - 登录成功
2026-04-17 14:13:06,128 | INFO | temu_parcel_tracer | 1106-Temu全托管 - 等待 agentseller Cookie 生效
2026-04-17 14:13:21,824 | INFO | temu_parcel_tracer | 1106-Temu全托管 - Cookie 已保存: D:\sd14\Temu_horizon\data\cookies\1106-Temu全托管_kuajingmaihuo_cookies.json
2026-04-17 14:13:21,824 | INFO | temu_parcel_tracer | 1106-Temu全托管 - Cookie 获取完成，准备关闭浏览器
2026-04-17 14:13:21,824 | INFO | temu_parcel_tracer | 1106-Temu全托管 - 登录成功（第 1 次）
2026-04-17 14:13:21,842 | INFO | temu_parcel_tracer | 1106-Temu全托管 - 已关闭Playwright连接
2026-04-17 14:13:22,996 | INFO | temu_parcel_tracer | 1106-Temu全托管 - 已发送停止浏览器请求
2026-04-17 14:13:29,824 | INFO | temu_parcel_tracer | 第 1 页获取到 8 条数据
2026-04-17 14:13:29,824 | INFO | temu_parcel_tracer | 已获取最后一页，停止获取
2026-04-17 14:13:29,824 | INFO | temu_parcel_tracer | ----------------开始上传(temu-发货揽收轨迹及丢件)的数据---------------------
2026-04-17 14:13:29,825 | INFO | temu_parcel_tracer | 准备上传 0 条记录...
2026-04-17 14:13:29,825 | INFO | temu_parcel_tracer | 
上传统计:
2026-04-17 14:13:29,825 | INFO | temu_parcel_tracer | 总记录数: 0
2026-04-17 14:13:29,825 | INFO | temu_parcel_tracer | 成功数量: 0
2026-04-17 14:13:29,825 | INFO | temu_parcel_tracer | 失败数量: 0
2026-04-17 14:13:29,825 | INFO | temu_parcel_tracer | 成功批次: 0
2026-04-17 14:13:29,825 | INFO | temu_parcel_tracer | 失败批次: 0
2026-04-17 14:13:29,825 | INFO | temu_parcel_tracer | 1106-Temu全托管 发货揽收轨迹数据爬取完成，共0条记录
2026-04-17 14:13:29,825 | INFO | temu_parcel_tracer | ----------------开始爬取店铺1106-Temu全托管--入库的数据---------------------
2026-04-17 14:13:29,971 | INFO | temu_parcel_tracer | 正在获取第 1 页数据...
2026-04-17 14:13:31,556 | ERROR | temu_parcel_tracer | [1106-Temu全托管] 请求失败（第 1 次）: 403 Client Error: Forbidden for url: https://agentseller.temu.com/mms/venom/api/supplier/purchase/manager/querySubOrderList
2026-04-17 14:13:31,556 | INFO | temu_parcel_tracer | 1106-Temu全托管 - 第 1 次登录尝试
2026-04-17 14:13:35,062 | INFO | temu_parcel_tracer | 1106-Temu全托管 - start_api 返回: {'code': 0, 'msg': 'Success', 'data': {'action': 'startBrowserByCode', 'backgroundPluginId': 'ckmbonbfihibhagclccfhnmbcbfnlbnh', 'browserID': 109978213, 'browserPath': 'C:\\Users\\Administrator\\AppData\\Local\\env-kit\\Core\\chrome_64_131_202501091017\\hubstudio', 'debuggingPort': '61944', 'downloadPath': 'C:\\Users\\Administrator\\Desktop\\Hubstudio\\temu全托1106店', 'duplicate': 3017, 'ip': '36.111.32.150', 'isDynamicIp': False, 'launcherPage': 'about:blank', 'proxyType': 'socks5', 'runMode': 2, 'webdriver': 'C:\\Users\\Administrator\\AppData\\Local\\env-kit\\Core\\chrome_64_131_202501091017\\webdriver.exe', 'containerId': 109978213, 'containerCode': '1107782133', 'statusCode': '0', 'err': '成功(Success)'}}
2026-04-17 14:13:35,063 | INFO | temu_parcel_tracer | 1106-Temu全托管 - 浏览器启动成功, 调试端口: 61944
2026-04-17 14:13:36,425 | INFO | temu_parcel_tracer | 1106-Temu全托管 - 已连接浏览器
2026-04-17 14:13:36,800 | INFO | temu_parcel_tracer | --------------------1106-Temu全托管 ------------------------ 开始登录...
2026-04-17 14:13:42,593 | ERROR | temu_parcel_tracer | 1106-Temu全托管 - 未出现取消按钮，跳过
2026-04-17 14:13:42,622 | INFO | temu_parcel_tracer | 1106-Temu全托管 - 已点击进入
2026-04-17 14:13:42,622 | INFO | temu_parcel_tracer | 1106-Temu全托管 - 登录成功
2026-04-17 14:13:42,622 | INFO | temu_parcel_tracer | 1106-Temu全托管 - 等待 agentseller Cookie 生效
2026-04-17 14:13:50,268 | INFO | temu_parcel_tracer | 1106-Temu全托管 - Cookie 已保存: D:\sd14\Temu_horizon\data\cookies\1106-Temu全托管_cookies.json
2026-04-17 14:13:50,268 | INFO | temu_parcel_tracer | 1106-Temu全托管 - Cookie 获取完成，准备关闭浏览器
2026-04-17 14:13:50,268 | INFO | temu_parcel_tracer | 1106-Temu全托管 - 登录成功（第 1 次）
2026-04-17 14:13:50,286 | INFO | temu_parcel_tracer | 1106-Temu全托管 - 已关闭Playwright连接
2026-04-17 14:13:51,409 | INFO | temu_parcel_tracer | 1106-Temu全托管 - 已发送停止浏览器请求
2026-04-17 14:13:58,962 | INFO | temu_parcel_tracer | ✓ 第 1 页获取到异常数据 0 条数据
2026-04-17 14:13:58,962 | INFO | temu_parcel_tracer | 当前页数据并且数据为当月产生的数据不足100条，可能是最后一页，停止获取
2026-04-17 14:13:58,963 | INFO | temu_parcel_tracer | ----------------开始上传(temu-入库情况)的数据---------------------
2026-04-17 14:13:58,964 | INFO | temu_parcel_tracer | 准备上传 0 条记录...
2026-04-17 14:13:58,964 | INFO | temu_parcel_tracer | 
上传统计:
2026-04-17 14:13:58,964 | INFO | temu_parcel_tracer | 总记录数: 0
2026-04-17 14:13:58,964 | INFO | temu_parcel_tracer | 成功数量: 0
2026-04-17 14:13:58,964 | INFO | temu_parcel_tracer | 失败数量: 0
2026-04-17 14:13:58,964 | INFO | temu_parcel_tracer | 成功批次: 0
2026-04-17 14:13:58,964 | INFO | temu_parcel_tracer | 失败批次: 0
2026-04-17 14:13:58,964 | INFO | temu_parcel_tracer | 1106-Temu全托管 入库情况数据爬取完成，共0条记录
2026-04-17 14:14:00,979 | INFO | temu_parcel_tracer | ----------------开始爬取店铺1105-Temu全托管--仓库待收货的数据---------------------
2026-04-17 14:14:01,138 | INFO | temu_parcel_tracer | 正在获取第1页数据...
2026-04-17 14:14:01,140 | INFO | temu_parcel_tracer | 1105-Temu全托管 - 第 1 次登录尝试
2026-04-17 14:14:04,653 | INFO | temu_parcel_tracer | 1105-Temu全托管 - start_api 返回: {'code': 0, 'msg': 'Success', 'data': {'action': 'startBrowserByCode', 'backgroundPluginId': 'hedbcddcbnkifhfapobljhpmnkknmeci', 'browserID': 109977447, 'browserPath': 'C:\\Users\\Administrator\\AppData\\Local\\env-kit\\Core\\chrome_64_131_202501091017\\hubstudio', 'debuggingPort': '62182', 'downloadPath': 'C:\\Users\\Administrator\\Desktop\\Hubstudio\\temu全托1105店', 'duplicate': 3184, 'ip': '218.78.129.86', 'isDynamicIp': False, 'launcherPage': 'about:blank', 'proxyType': 'socks5', 'runMode': 2, 'webdriver': 'C:\\Users\\Administrator\\AppData\\Local\\env-kit\\Core\\chrome_64_131_202501091017\\webdriver.exe', 'containerId': 109977447, 'containerCode': '1107774478', 'statusCode': '0', 'err': '成功(Success)'}}
2026-04-17 14:14:04,654 | INFO | temu_parcel_tracer | 1105-Temu全托管 - 浏览器启动成功, 调试端口: 62182
2026-04-17 14:14:06,010 | INFO | temu_parcel_tracer | 1105-Temu全托管 - 已连接浏览器
2026-04-17 14:14:07,019 | INFO | temu_parcel_tracer | --------------------1105-Temu全托管 ------------------------ 开始登录...
2026-04-17 14:14:13,121 | ERROR | temu_parcel_tracer | 1105-Temu全托管 - 未出现取消按钮，跳过
2026-04-17 14:14:13,158 | INFO | temu_parcel_tracer | 1105-Temu全托管 - 已点击进入
2026-04-17 14:14:13,158 | INFO | temu_parcel_tracer | 1105-Temu全托管 - 登录成功
2026-04-17 14:14:13,158 | INFO | temu_parcel_tracer | 1105-Temu全托管 - 等待 agentseller Cookie 生效
2026-04-17 14:14:23,307 | INFO | temu_parcel_tracer | 1105-Temu全托管 - Cookie 已保存: D:\sd14\Temu_horizon\data\cookies\1105-Temu全托管_kuajingmaihuo_cookies.json
2026-04-17 14:14:23,307 | INFO | temu_parcel_tracer | 1105-Temu全托管 - Cookie 获取完成，准备关闭浏览器
2026-04-17 14:14:23,307 | INFO | temu_parcel_tracer | 1105-Temu全托管 - 登录成功（第 1 次）
2026-04-17 14:14:23,327 | INFO | temu_parcel_tracer | 1105-Temu全托管 - 已关闭Playwright连接
2026-04-17 14:14:24,483 | INFO | temu_parcel_tracer | 1105-Temu全托管 - 已发送停止浏览器请求
2026-04-17 14:14:46,065 | INFO | temu_parcel_tracer | 第 1 页获取到 28 条数据
2026-04-17 14:14:46,065 | INFO | temu_parcel_tracer | 已获取最后一页，停止获取
2026-04-17 14:14:46,065 | INFO | temu_parcel_tracer | ----------------开始上传(temu-发货揽收轨迹及丢件)的数据---------------------
2026-04-17 14:14:46,066 | INFO | temu_parcel_tracer | 准备上传 7 条记录...
2026-04-17 14:14:47,196 | INFO | temu_parcel_tracer | 
上传统计:
2026-04-17 14:14:47,196 | INFO | temu_parcel_tracer | 总记录数: 7
2026-04-17 14:14:47,196 | INFO | temu_parcel_tracer | 成功数量: 7
2026-04-17 14:14:47,196 | INFO | temu_parcel_tracer | 失败数量: 0
2026-04-17 14:14:47,196 | INFO | temu_parcel_tracer | 成功批次: 1
2026-04-17 14:14:47,196 | INFO | temu_parcel_tracer | 失败批次: 0
2026-04-17 14:14:47,196 | INFO | temu_parcel_tracer | 1105-Temu全托管 发货揽收轨迹数据爬取完成，共7条记录
2026-04-17 14:14:47,196 | INFO | temu_parcel_tracer | ----------------开始爬取店铺1105-Temu全托管--入库的数据---------------------
2026-04-17 14:14:47,324 | INFO | temu_parcel_tracer | 正在获取第 1 页数据...
2026-04-17 14:14:48,915 | ERROR | temu_parcel_tracer | [1105-Temu全托管] 请求失败（第 1 次）: 403 Client Error: Forbidden for url: https://agentseller.temu.com/mms/venom/api/supplier/purchase/manager/querySubOrderList
2026-04-17 14:14:48,915 | INFO | temu_parcel_tracer | 1105-Temu全托管 - 第 1 次登录尝试
2026-04-17 14:14:51,746 | INFO | temu_parcel_tracer | 1105-Temu全托管 - start_api 返回: {'code': 0, 'msg': 'Success', 'data': {'action': 'startBrowserByCode', 'backgroundPluginId': 'hedbcddcbnkifhfapobljhpmnkknmeci', 'browserID': 109977447, 'browserPath': 'C:\\Users\\Administrator\\AppData\\Local\\env-kit\\Core\\chrome_64_131_202501091017\\hubstudio', 'debuggingPort': '62638', 'downloadPath': 'C:\\Users\\Administrator\\Desktop\\Hubstudio\\temu全托1105店', 'duplicate': 2485, 'ip': '218.78.129.86', 'isDynamicIp': False, 'launcherPage': 'about:blank', 'proxyType': 'socks5', 'runMode': 2, 'webdriver': 'C:\\Users\\Administrator\\AppData\\Local\\env-kit\\Core\\chrome_64_131_202501091017\\webdriver.exe', 'containerId': 109977447, 'containerCode': '1107774478', 'statusCode': '0', 'err': '成功(Success)'}}
2026-04-17 14:14:51,746 | INFO | temu_parcel_tracer | 1105-Temu全托管 - 浏览器启动成功, 调试端口: 62638
2026-04-17 14:14:53,116 | INFO | temu_parcel_tracer | 1105-Temu全托管 - 已连接浏览器
2026-04-17 14:14:53,478 | INFO | temu_parcel_tracer | --------------------1105-Temu全托管 ------------------------ 开始登录...
2026-04-17 14:14:59,096 | ERROR | temu_parcel_tracer | 1105-Temu全托管 - 未出现取消按钮，跳过
2026-04-17 14:14:59,121 | INFO | temu_parcel_tracer | 1105-Temu全托管 - 已点击进入
2026-04-17 14:14:59,122 | INFO | temu_parcel_tracer | 1105-Temu全托管 - 登录成功
2026-04-17 14:14:59,122 | INFO | temu_parcel_tracer | 1105-Temu全托管 - 等待 agentseller Cookie 生效
2026-04-17 14:15:06,801 | INFO | temu_parcel_tracer | 1105-Temu全托管 - Cookie 已保存: D:\sd14\Temu_horizon\data\cookies\1105-Temu全托管_cookies.json
2026-04-17 14:15:06,801 | INFO | temu_parcel_tracer | 1105-Temu全托管 - Cookie 获取完成，准备关闭浏览器
2026-04-17 14:15:06,801 | INFO | temu_parcel_tracer | 1105-Temu全托管 - 登录成功（第 1 次）
2026-04-17 14:15:06,817 | INFO | temu_parcel_tracer | 1105-Temu全托管 - 已关闭Playwright连接
2026-04-17 14:15:07,968 | INFO | temu_parcel_tracer | 1105-Temu全托管 - 已发送停止浏览器请求
2026-04-17 14:15:14,270 | INFO | temu_parcel_tracer | ✓ 第 1 页获取到异常数据 1 条数据
2026-04-17 14:15:14,270 | INFO | temu_parcel_tracer | 当前页数据并且数据为当月产生的数据不足100条，可能是最后一页，停止获取
2026-04-17 14:15:14,270 | INFO | temu_parcel_tracer | ----------------开始上传(temu-入库情况)的数据---------------------
2026-04-17 14:15:14,270 | INFO | temu_parcel_tracer | 准备上传 0 条记录...
2026-04-17 14:15:14,271 | INFO | temu_parcel_tracer | 
上传统计:
2026-04-17 14:15:14,271 | INFO | temu_parcel_tracer | 总记录数: 0
2026-04-17 14:15:14,271 | INFO | temu_parcel_tracer | 成功数量: 0
2026-04-17 14:15:14,271 | INFO | temu_parcel_tracer | 失败数量: 0
2026-04-17 14:15:14,271 | INFO | temu_parcel_tracer | 成功批次: 0
2026-04-17 14:15:14,271 | INFO | temu_parcel_tracer | 失败批次: 0
2026-04-17 14:15:14,271 | INFO | temu_parcel_tracer | 1105-Temu全托管 入库情况数据爬取完成，共0条记录
2026-04-17 14:15:16,272 | INFO | temu_parcel_tracer | ----------------开始爬取店铺1104-Temu全托管--仓库待收货的数据---------------------
2026-04-17 14:15:16,406 | INFO | temu_parcel_tracer | 正在获取第1页数据...
2026-04-17 14:15:16,406 | INFO | temu_parcel_tracer | 1104-Temu全托管 - 第 1 次登录尝试
2026-04-17 14:15:19,511 | INFO | temu_parcel_tracer | 1104-Temu全托管 - start_api 返回: {'code': 0, 'msg': 'Success', 'data': {'action': 'startBrowserByCode', 'backgroundPluginId': 'ifmneobocilkpmpjmkahbfnpccjajnbm', 'browserID': 100261239, 'browserPath': 'C:\\Users\\Administrator\\AppData\\Local\\env-kit\\Core\\chrome_64_131_202501091017\\hubstudio', 'debuggingPort': '62868', 'downloadPath': 'C:\\Users\\Administrator\\Desktop\\Hubstudio\\temu全托1104店', 'duplicate': 2714, 'ip': '125.122.156.184', 'isDynamicIp': False, 'launcherPage': 'about:blank', 'proxyType': 'socks5', 'runMode': 2, 'webdriver': 'C:\\Users\\Administrator\\AppData\\Local\\env-kit\\Core\\chrome_64_131_202501091017\\webdriver.exe', 'containerId': 100261239, 'containerCode': '1010612394', 'statusCode': '0', 'err': '成功(Success)'}}
2026-04-17 14:15:19,511 | INFO | temu_parcel_tracer | 1104-Temu全托管 - 浏览器启动成功, 调试端口: 62868
2026-04-17 14:15:20,883 | INFO | temu_parcel_tracer | 1104-Temu全托管 - 已连接浏览器
2026-04-17 14:15:22,067 | INFO | temu_parcel_tracer | --------------------1104-Temu全托管 ------------------------ 开始登录...
2026-04-17 14:15:28,143 | ERROR | temu_parcel_tracer | 1104-Temu全托管 - 未出现取消按钮，跳过
2026-04-17 14:15:29,160 | ERROR | temu_parcel_tracer | 1104-Temu全托管 - 未出现进入按钮，跳过
2026-04-17 14:15:29,160 | INFO | temu_parcel_tracer | 1104-Temu全托管 - 登录成功
2026-04-17 14:15:29,160 | INFO | temu_parcel_tracer | 1104-Temu全托管 - 等待 agentseller Cookie 生效
2026-04-17 14:15:42,902 | INFO | temu_parcel_tracer | 1104-Temu全托管 - Cookie 已保存: D:\sd14\Temu_horizon\data\cookies\1104-Temu全托管_kuajingmaihuo_cookies.json
2026-04-17 14:15:42,902 | INFO | temu_parcel_tracer | 1104-Temu全托管 - Cookie 获取完成，准备关闭浏览器
2026-04-17 14:15:42,902 | INFO | temu_parcel_tracer | 1104-Temu全托管 - 登录成功（第 1 次）
2026-04-17 14:15:42,926 | INFO | temu_parcel_tracer | 1104-Temu全托管 - 已关闭Playwright连接
2026-04-17 14:15:44,443 | INFO | temu_parcel_tracer | 1104-Temu全托管 - 已发送停止浏览器请求
2026-04-17 14:15:57,005 | INFO | temu_parcel_tracer | 第 1 页获取到 15 条数据
2026-04-17 14:15:57,006 | INFO | temu_parcel_tracer | 已获取最后一页，停止获取
2026-04-17 14:15:57,006 | INFO | temu_parcel_tracer | ----------------开始上传(temu-发货揽收轨迹及丢件)的数据---------------------
2026-04-17 14:15:57,007 | INFO | temu_parcel_tracer | 准备上传 5 条记录...
2026-04-17 14:15:58,601 | INFO | temu_parcel_tracer | 
上传统计:
2026-04-17 14:15:58,601 | INFO | temu_parcel_tracer | 总记录数: 5
2026-04-17 14:15:58,601 | INFO | temu_parcel_tracer | 成功数量: 5
2026-04-17 14:15:58,601 | INFO | temu_parcel_tracer | 失败数量: 0
2026-04-17 14:15:58,601 | INFO | temu_parcel_tracer | 成功批次: 1
2026-04-17 14:15:58,601 | INFO | temu_parcel_tracer | 失败批次: 0
2026-04-17 14:15:58,602 | INFO | temu_parcel_tracer | 1104-Temu全托管 发货揽收轨迹数据爬取完成，共5条记录
2026-04-17 14:15:58,602 | INFO | temu_parcel_tracer | ----------------开始爬取店铺1104-Temu全托管--入库的数据---------------------
2026-04-17 14:15:58,724 | INFO | temu_parcel_tracer | 正在获取第 1 页数据...
2026-04-17 14:16:04,116 | ERROR | temu_parcel_tracer | [1104-Temu全托管] 请求失败（第 1 次）: 403 Client Error: Forbidden for url: https://agentseller.temu.com/mms/venom/api/supplier/purchase/manager/querySubOrderList
2026-04-17 14:16:04,116 | INFO | temu_parcel_tracer | 1104-Temu全托管 - 第 1 次登录尝试
2026-04-17 14:16:07,353 | INFO | temu_parcel_tracer | 1104-Temu全托管 - start_api 返回: {'code': 0, 'msg': 'Success', 'data': {'action': 'startBrowserByCode', 'backgroundPluginId': 'ifmneobocilkpmpjmkahbfnpccjajnbm', 'browserID': 100261239, 'browserPath': 'C:\\Users\\Administrator\\AppData\\Local\\env-kit\\Core\\chrome_64_131_202501091017\\hubstudio', 'debuggingPort': '63226', 'downloadPath': 'C:\\Users\\Administrator\\Desktop\\Hubstudio\\temu全托1104店', 'duplicate': 2796, 'ip': '125.122.156.184', 'isDynamicIp': False, 'launcherPage': 'about:blank', 'proxyType': 'socks5', 'runMode': 2, 'webdriver': 'C:\\Users\\Administrator\\AppData\\Local\\env-kit\\Core\\chrome_64_131_202501091017\\webdriver.exe', 'containerId': 100261239, 'containerCode': '1010612394', 'statusCode': '0', 'err': '成功(Success)'}}
2026-04-17 14:16:07,353 | INFO | temu_parcel_tracer | 1104-Temu全托管 - 浏览器启动成功, 调试端口: 63226
2026-04-17 14:16:08,710 | INFO | temu_parcel_tracer | 1104-Temu全托管 - 已连接浏览器
2026-04-17 14:16:09,043 | INFO | temu_parcel_tracer | --------------------1104-Temu全托管 ------------------------ 开始登录...
2026-04-17 14:16:14,602 | ERROR | temu_parcel_tracer | 1104-Temu全托管 - 未出现取消按钮，跳过
2026-04-17 14:16:14,641 | INFO | temu_parcel_tracer | 1104-Temu全托管 - 已点击进入
2026-04-17 14:16:14,641 | INFO | temu_parcel_tracer | 1104-Temu全托管 - 登录成功
2026-04-17 14:16:14,641 | INFO | temu_parcel_tracer | 1104-Temu全托管 - 等待 agentseller Cookie 生效
2026-04-17 14:16:22,252 | INFO | temu_parcel_tracer | 1104-Temu全托管 - Cookie 已保存: D:\sd14\Temu_horizon\data\cookies\1104-Temu全托管_cookies.json
2026-04-17 14:16:22,253 | INFO | temu_parcel_tracer | 1104-Temu全托管 - Cookie 获取完成，准备关闭浏览器
2026-04-17 14:16:22,253 | INFO | temu_parcel_tracer | 1104-Temu全托管 - 登录成功（第 1 次）
2026-04-17 14:16:22,271 | INFO | temu_parcel_tracer | 1104-Temu全托管 - 已关闭Playwright连接
2026-04-17 14:16:23,392 | INFO | temu_parcel_tracer | 1104-Temu全托管 - 已发送停止浏览器请求
2026-04-17 14:16:28,672 | INFO | temu_parcel_tracer | ✓ 第 1 页获取到异常数据 0 条数据
2026-04-17 14:16:28,673 | INFO | temu_parcel_tracer | 当前页数据并且数据为当月产生的数据不足100条，可能是最后一页，停止获取
2026-04-17 14:16:28,673 | INFO | temu_parcel_tracer | ----------------开始上传(temu-入库情况)的数据---------------------
2026-04-17 14:16:28,673 | INFO | temu_parcel_tracer | 准备上传 0 条记录...
2026-04-17 14:16:28,673 | INFO | temu_parcel_tracer | 
上传统计:
2026-04-17 14:16:28,673 | INFO | temu_parcel_tracer | 总记录数: 0
2026-04-17 14:16:28,673 | INFO | temu_parcel_tracer | 成功数量: 0
2026-04-17 14:16:28,673 | INFO | temu_parcel_tracer | 失败数量: 0
2026-04-17 14:16:28,673 | INFO | temu_parcel_tracer | 成功批次: 0
2026-04-17 14:16:28,673 | INFO | temu_parcel_tracer | 失败批次: 0
2026-04-17 14:16:28,674 | INFO | temu_parcel_tracer | 1104-Temu全托管 入库情况数据爬取完成，共0条记录
2026-04-17 14:16:30,676 | INFO | temu_parcel_tracer | ----------------开始爬取店铺1103-Temu全托管--仓库待收货的数据---------------------
2026-04-17 14:16:30,807 | INFO | temu_parcel_tracer | 正在获取第1页数据...
2026-04-17 14:16:30,809 | INFO | temu_parcel_tracer | 1103-Temu全托管 - 第 1 次登录尝试
2026-04-17 14:16:34,702 | INFO | temu_parcel_tracer | 1103-Temu全托管 - start_api 返回: {'code': 0, 'msg': 'Success', 'data': {'action': 'startBrowserByCode', 'backgroundPluginId': 'jpdodpkjmnaoinfefchdgfomfncffgoc', 'browserID': 100261119, 'browserPath': 'C:\\Users\\Administrator\\AppData\\Local\\env-kit\\Core\\chrome_64_131_202501091017\\hubstudio', 'debuggingPort': '63464', 'downloadPath': 'C:\\Users\\Administrator\\Desktop\\Hubstudio\\temu全托1103店-子账号', 'duplicate': 3422, 'ip': '218.78.129.68', 'isDynamicIp': False, 'launcherPage': 'about:blank', 'proxyType': 'socks5', 'runMode': 2, 'webdriver': 'C:\\Users\\Administrator\\AppData\\Local\\env-kit\\Core\\chrome_64_131_202501091017\\webdriver.exe', 'containerId': 100261119, 'containerCode': '1010611195', 'statusCode': '0', 'err': '成功(Success)'}}
2026-04-17 14:16:34,702 | INFO | temu_parcel_tracer | 1103-Temu全托管 - 浏览器启动成功, 调试端口: 63464
2026-04-17 14:16:36,069 | INFO | temu_parcel_tracer | 1103-Temu全托管 - 已连接浏览器
2026-04-17 14:16:37,402 | INFO | temu_parcel_tracer | --------------------1103-Temu全托管 ------------------------ 开始登录...
2026-04-17 14:16:43,131 | ERROR | temu_parcel_tracer | 1103-Temu全托管 - 未出现取消按钮，跳过
2026-04-17 14:16:43,178 | INFO | temu_parcel_tracer | 1103-Temu全托管 - 已点击进入
2026-04-17 14:16:43,178 | INFO | temu_parcel_tracer | 1103-Temu全托管 - 登录成功
2026-04-17 14:16:43,178 | INFO | temu_parcel_tracer | 1103-Temu全托管 - 等待 agentseller Cookie 生效
2026-04-17 14:16:54,202 | INFO | temu_parcel_tracer | 命中授权方式一：确认授权并前往
2026-04-17 14:16:54,281 | INFO | temu_parcel_tracer | 授权流程完成
2026-04-17 14:17:00,295 | INFO | temu_parcel_tracer | 1103-Temu全托管 - Cookie 已保存: D:\sd14\Temu_horizon\data\cookies\1103-Temu全托管_kuajingmaihuo_cookies.json
2026-04-17 14:17:00,295 | INFO | temu_parcel_tracer | 1103-Temu全托管 - Cookie 获取完成，准备关闭浏览器
2026-04-17 14:17:00,295 | INFO | temu_parcel_tracer | 1103-Temu全托管 - 登录成功（第 1 次）
2026-04-17 14:17:00,308 | INFO | temu_parcel_tracer | 1103-Temu全托管 - 已关闭Playwright连接
2026-04-17 14:17:01,485 | INFO | temu_parcel_tracer | 1103-Temu全托管 - 已发送停止浏览器请求
2026-04-17 14:17:08,907 | INFO | temu_parcel_tracer | 第 1 页获取到 9 条数据
2026-04-17 14:17:08,907 | INFO | temu_parcel_tracer | 已获取最后一页，停止获取
2026-04-17 14:17:08,907 | INFO | temu_parcel_tracer | ----------------开始上传(temu-发货揽收轨迹及丢件)的数据---------------------
2026-04-17 14:17:08,909 | INFO | temu_parcel_tracer | 准备上传 1 条记录...
2026-04-17 14:17:11,975 | INFO | temu_parcel_tracer | 
上传统计:
2026-04-17 14:17:11,975 | INFO | temu_parcel_tracer | 总记录数: 1
2026-04-17 14:17:11,975 | INFO | temu_parcel_tracer | 成功数量: 1
2026-04-17 14:17:11,975 | INFO | temu_parcel_tracer | 失败数量: 0
2026-04-17 14:17:11,976 | INFO | temu_parcel_tracer | 成功批次: 1
2026-04-17 14:17:11,976 | INFO | temu_parcel_tracer | 失败批次: 0
2026-04-17 14:17:11,976 | INFO | temu_parcel_tracer | 1103-Temu全托管 发货揽收轨迹数据爬取完成，共1条记录
2026-04-17 14:17:11,976 | INFO | temu_parcel_tracer | ----------------开始爬取店铺1103-Temu全托管--入库的数据---------------------
2026-04-17 14:17:12,106 | INFO | temu_parcel_tracer | 正在获取第 1 页数据...
2026-04-17 14:17:14,064 | ERROR | temu_parcel_tracer | [1103-Temu全托管] 请求失败（第 1 次）: 403 Client Error: Forbidden for url: https://agentseller.temu.com/mms/venom/api/supplier/purchase/manager/querySubOrderList
2026-04-17 14:17:14,064 | INFO | temu_parcel_tracer | 1103-Temu全托管 - 第 1 次登录尝试
2026-04-17 14:17:17,124 | INFO | temu_parcel_tracer | 1103-Temu全托管 - start_api 返回: {'code': 0, 'msg': 'Success', 'data': {'action': 'startBrowserByCode', 'backgroundPluginId': 'jpdodpkjmnaoinfefchdgfomfncffgoc', 'browserID': 100261119, 'browserPath': 'C:\\Users\\Administrator\\AppData\\Local\\env-kit\\Core\\chrome_64_131_202501091017\\hubstudio', 'debuggingPort': '63823', 'downloadPath': 'C:\\Users\\Administrator\\Desktop\\Hubstudio\\temu全托1103店-子账号', 'duplicate': 2617, 'ip': '218.78.129.68', 'isDynamicIp': False, 'launcherPage': 'about:blank', 'proxyType': 'socks5', 'runMode': 2, 'webdriver': 'C:\\Users\\Administrator\\AppData\\Local\\env-kit\\Core\\chrome_64_131_202501091017\\webdriver.exe', 'containerId': 100261119, 'containerCode': '1010611195', 'statusCode': '0', 'err': '成功(Success)'}}
2026-04-17 14:17:17,125 | INFO | temu_parcel_tracer | 1103-Temu全托管 - 浏览器启动成功, 调试端口: 63823
2026-04-17 14:17:18,486 | INFO | temu_parcel_tracer | 1103-Temu全托管 - 已连接浏览器
2026-04-17 14:17:18,841 | INFO | temu_parcel_tracer | --------------------1103-Temu全托管 ------------------------ 开始登录...
2026-04-17 14:17:24,222 | ERROR | temu_parcel_tracer | 1103-Temu全托管 - 未出现取消按钮，跳过
2026-04-17 14:17:24,263 | INFO | temu_parcel_tracer | 1103-Temu全托管 - 已点击进入
2026-04-17 14:17:24,263 | INFO | temu_parcel_tracer | 1103-Temu全托管 - 登录成功
2026-04-17 14:17:24,263 | INFO | temu_parcel_tracer | 1103-Temu全托管 - 等待 agentseller Cookie 生效
2026-04-17 14:17:31,903 | INFO | temu_parcel_tracer | 1103-Temu全托管 - Cookie 已保存: D:\sd14\Temu_horizon\data\cookies\1103-Temu全托管_cookies.json
2026-04-17 14:17:31,903 | INFO | temu_parcel_tracer | 1103-Temu全托管 - Cookie 获取完成，准备关闭浏览器
2026-04-17 14:17:31,903 | INFO | temu_parcel_tracer | 1103-Temu全托管 - 登录成功（第 1 次）
2026-04-17 14:17:31,923 | INFO | temu_parcel_tracer | 1103-Temu全托管 - 已关闭Playwright连接
2026-04-17 14:17:33,250 | INFO | temu_parcel_tracer | 1103-Temu全托管 - 已发送停止浏览器请求
2026-04-17 14:17:43,690 | INFO | temu_parcel_tracer | ✓ 第 1 页获取到异常数据 0 条数据
2026-04-17 14:17:43,690 | INFO | temu_parcel_tracer | 当前页数据并且数据为当月产生的数据不足100条，可能是最后一页，停止获取
2026-04-17 14:17:43,690 | INFO | temu_parcel_tracer | ----------------开始上传(temu-入库情况)的数据---------------------
2026-04-17 14:17:43,691 | INFO | temu_parcel_tracer | 准备上传 0 条记录...
2026-04-17 14:17:43,691 | INFO | temu_parcel_tracer | 
上传统计:
2026-04-17 14:17:43,691 | INFO | temu_parcel_tracer | 总记录数: 0
2026-04-17 14:17:43,691 | INFO | temu_parcel_tracer | 成功数量: 0
2026-04-17 14:17:43,691 | INFO | temu_parcel_tracer | 失败数量: 0
2026-04-17 14:17:43,691 | INFO | temu_parcel_tracer | 成功批次: 0
2026-04-17 14:17:43,691 | INFO | temu_parcel_tracer | 失败批次: 0
2026-04-17 14:17:43,691 | INFO | temu_parcel_tracer | 1103-Temu全托管 入库情况数据爬取完成，共0条记录
2026-04-17 14:17:45,706 | INFO | temu_parcel_tracer | ----------------开始爬取店铺1102-Temu全托管--仓库待收货的数据---------------------
2026-04-17 14:17:45,846 | INFO | temu_parcel_tracer | 正在获取第1页数据...
2026-04-17 14:17:45,847 | INFO | temu_parcel_tracer | 1102-Temu全托管 - 第 1 次登录尝试
2026-04-17 14:17:49,240 | INFO | temu_parcel_tracer | 1102-Temu全托管 - start_api 返回: {'code': 0, 'msg': 'Success', 'data': {'action': 'startBrowserByCode', 'backgroundPluginId': 'jelnoidfmcaagnefijmbgjihdibffamo', 'browserID': 100123686, 'browserPath': 'C:\\Users\\Administrator\\AppData\\Local\\env-kit\\Core\\chrome_64_131_202501091017\\hubstudio', 'debuggingPort': '64077', 'downloadPath': 'C:\\Users\\Administrator\\Desktop\\Hubstudio\\temu全托1102店', 'duplicate': 2937, 'ip': '125.94.230.83', 'isDynamicIp': False, 'launcherPage': 'about:blank', 'proxyType': 'socks5', 'runMode': 2, 'webdriver': 'C:\\Users\\Administrator\\AppData\\Local\\env-kit\\Core\\chrome_64_131_202501091017\\webdriver.exe', 'containerId': 100123686, 'containerCode': '1009236863', 'statusCode': '0', 'err': '成功(Success)'}}
2026-04-17 14:17:49,240 | INFO | temu_parcel_tracer | 1102-Temu全托管 - 浏览器启动成功, 调试端口: 64077
2026-04-17 14:17:50,629 | INFO | temu_parcel_tracer | 1102-Temu全托管 - 已连接浏览器
2026-04-17 14:17:51,949 | INFO | temu_parcel_tracer | --------------------1102-Temu全托管 ------------------------ 开始登录...
2026-04-17 14:17:58,115 | ERROR | temu_parcel_tracer | 1102-Temu全托管 - 未出现取消按钮，跳过
2026-04-17 14:17:58,137 | INFO | temu_parcel_tracer | 1102-Temu全托管 - 已点击进入
2026-04-17 14:17:58,137 | INFO | temu_parcel_tracer | 1102-Temu全托管 - 登录成功
2026-04-17 14:17:58,137 | INFO | temu_parcel_tracer | 1102-Temu全托管 - 等待 agentseller Cookie 生效
2026-04-17 14:18:08,955 | INFO | temu_parcel_tracer | 1102-Temu全托管 - Cookie 已保存: D:\sd14\Temu_horizon\data\cookies\1102-Temu全托管_kuajingmaihuo_cookies.json
2026-04-17 14:18:08,955 | INFO | temu_parcel_tracer | 1102-Temu全托管 - Cookie 获取完成，准备关闭浏览器
2026-04-17 14:18:08,955 | INFO | temu_parcel_tracer | 1102-Temu全托管 - 登录成功（第 1 次）
2026-04-17 14:18:08,975 | INFO | temu_parcel_tracer | 1102-Temu全托管 - 已关闭Playwright连接
2026-04-17 14:18:10,209 | INFO | temu_parcel_tracer | 1102-Temu全托管 - 已发送停止浏览器请求
2026-04-17 14:18:20,335 | INFO | temu_parcel_tracer | 第 1 页获取到 13 条数据
2026-04-17 14:18:20,335 | INFO | temu_parcel_tracer | 已获取最后一页，停止获取
2026-04-17 14:18:20,335 | INFO | temu_parcel_tracer | ----------------开始上传(temu-发货揽收轨迹及丢件)的数据---------------------
2026-04-17 14:18:20,336 | INFO | temu_parcel_tracer | 准备上传 0 条记录...
2026-04-17 14:18:20,336 | INFO | temu_parcel_tracer | 
上传统计:
2026-04-17 14:18:20,336 | INFO | temu_parcel_tracer | 总记录数: 0
2026-04-17 14:18:20,336 | INFO | temu_parcel_tracer | 成功数量: 0
2026-04-17 14:18:20,337 | INFO | temu_parcel_tracer | 失败数量: 0
2026-04-17 14:18:20,337 | INFO | temu_parcel_tracer | 成功批次: 0
2026-04-17 14:18:20,337 | INFO | temu_parcel_tracer | 失败批次: 0
2026-04-17 14:18:20,337 | INFO | temu_parcel_tracer | 1102-Temu全托管 发货揽收轨迹数据爬取完成，共0条记录
2026-04-17 14:18:20,337 | INFO | temu_parcel_tracer | ----------------开始爬取店铺1102-Temu全托管--入库的数据---------------------
2026-04-17 14:18:20,466 | INFO | temu_parcel_tracer | 正在获取第 1 页数据...
2026-04-17 14:18:43,060 | ERROR | temu_parcel_tracer | [1102-Temu全托管] 请求失败（第 1 次）: 403 Client Error: Forbidden for url: https://agentseller.temu.com/mms/venom/api/supplier/purchase/manager/querySubOrderList
2026-04-17 14:18:43,061 | INFO | temu_parcel_tracer | 1102-Temu全托管 - 第 1 次登录尝试
2026-04-17 14:18:45,986 | INFO | temu_parcel_tracer | 1102-Temu全托管 - start_api 返回: {'code': 0, 'msg': 'Success', 'data': {'action': 'startBrowserByCode', 'backgroundPluginId': 'jelnoidfmcaagnefijmbgjihdibffamo', 'browserID': 100123686, 'browserPath': 'C:\\Users\\Administrator\\AppData\\Local\\env-kit\\Core\\chrome_64_131_202501091017\\hubstudio', 'debuggingPort': '64649', 'downloadPath': 'C:\\Users\\Administrator\\Desktop\\Hubstudio\\temu全托1102店', 'duplicate': 2527, 'ip': '125.94.230.83', 'isDynamicIp': False, 'launcherPage': 'about:blank', 'proxyType': 'socks5', 'runMode': 2, 'webdriver': 'C:\\Users\\Administrator\\AppData\\Local\\env-kit\\Core\\chrome_64_131_202501091017\\webdriver.exe', 'containerId': 100123686, 'containerCode': '1009236863', 'statusCode': '0', 'err': '成功(Success)'}}
2026-04-17 14:18:45,986 | INFO | temu_parcel_tracer | 1102-Temu全托管 - 浏览器启动成功, 调试端口: 64649
2026-04-17 14:18:47,351 | INFO | temu_parcel_tracer | 1102-Temu全托管 - 已连接浏览器
2026-04-17 14:18:47,666 | INFO | temu_parcel_tracer | --------------------1102-Temu全托管 ------------------------ 开始登录...
2026-04-17 14:18:53,128 | ERROR | temu_parcel_tracer | 1102-Temu全托管 - 未出现取消按钮，跳过
2026-04-17 14:18:53,183 | INFO | temu_parcel_tracer | 1102-Temu全托管 - 已点击进入
2026-04-17 14:18:53,183 | INFO | temu_parcel_tracer | 1102-Temu全托管 - 登录成功
2026-04-17 14:18:53,183 | INFO | temu_parcel_tracer | 1102-Temu全托管 - 等待 agentseller Cookie 生效
2026-04-17 14:19:00,695 | INFO | temu_parcel_tracer | 1102-Temu全托管 - Cookie 已保存: D:\sd14\Temu_horizon\data\cookies\1102-Temu全托管_cookies.json
2026-04-17 14:19:00,696 | INFO | temu_parcel_tracer | 1102-Temu全托管 - Cookie 获取完成，准备关闭浏览器
2026-04-17 14:19:00,696 | INFO | temu_parcel_tracer | 1102-Temu全托管 - 登录成功（第 1 次）
2026-04-17 14:19:00,719 | INFO | temu_parcel_tracer | 1102-Temu全托管 - 已关闭Playwright连接
2026-04-17 14:19:02,004 | INFO | temu_parcel_tracer | 1102-Temu全托管 - 已发送停止浏览器请求
2026-04-17 14:19:11,291 | INFO | temu_parcel_tracer | ✓ 第 1 页获取到异常数据 0 条数据
2026-04-17 14:19:11,291 | INFO | temu_parcel_tracer | 当前页数据并且数据为当月产生的数据不足100条，可能是最后一页，停止获取
2026-04-17 14:19:11,291 | INFO | temu_parcel_tracer | ----------------开始上传(temu-入库情况)的数据---------------------
2026-04-17 14:19:11,292 | INFO | temu_parcel_tracer | 准备上传 0 条记录...
2026-04-17 14:19:11,292 | INFO | temu_parcel_tracer | 
上传统计:
2026-04-17 14:19:11,292 | INFO | temu_parcel_tracer | 总记录数: 0
2026-04-17 14:19:11,292 | INFO | temu_parcel_tracer | 成功数量: 0
2026-04-17 14:19:11,292 | INFO | temu_parcel_tracer | 失败数量: 0
2026-04-17 14:19:11,292 | INFO | temu_parcel_tracer | 成功批次: 0
2026-04-17 14:19:11,293 | INFO | temu_parcel_tracer | 失败批次: 0
2026-04-17 14:19:11,293 | INFO | temu_parcel_tracer | 1102-Temu全托管 入库情况数据爬取完成，共0条记录
2026-04-17 14:19:13,307 | INFO | temu_parcel_tracer | ----------------开始爬取店铺1101-Temu全托管--仓库待收货的数据---------------------
2026-04-17 14:19:13,448 | INFO | temu_parcel_tracer | 正在获取第1页数据...
2026-04-17 14:19:13,449 | INFO | temu_parcel_tracer | 1101-Temu全托管 - 第 1 次登录尝试
2026-04-17 14:19:16,645 | INFO | temu_parcel_tracer | 1101-Temu全托管 - start_api 返回: {'code': 0, 'msg': 'Success', 'data': {'action': 'startBrowserByCode', 'backgroundPluginId': 'ckhldkgdmajoifldkandjekhofbghdfh', 'browserID': 100260927, 'browserPath': 'C:\\Users\\Administrator\\AppData\\Local\\env-kit\\Core\\chrome_64_131_202501091017\\hubstudio', 'debuggingPort': '64955', 'downloadPath': 'C:\\Users\\Administrator\\Desktop\\Hubstudio\\temu全托1101店', 'duplicate': 2793, 'ip': '124.225.4.69', 'isDynamicIp': False, 'launcherPage': 'about:blank', 'proxyType': 'socks5', 'runMode': 2, 'webdriver': 'C:\\Users\\Administrator\\AppData\\Local\\env-kit\\Core\\chrome_64_131_202501091017\\webdriver.exe', 'containerId': 100260927, 'containerCode': '1010609275', 'statusCode': '0', 'err': '成功(Success)'}}
2026-04-17 14:19:16,645 | INFO | temu_parcel_tracer | 1101-Temu全托管 - 浏览器启动成功, 调试端口: 64955
2026-04-17 14:19:17,994 | INFO | temu_parcel_tracer | 1101-Temu全托管 - 已连接浏览器
2026-04-17 14:19:24,692 | INFO | temu_parcel_tracer | --------------------1101-Temu全托管 ------------------------ 开始登录...
2026-04-17 14:19:31,101 | ERROR | temu_parcel_tracer | 1101-Temu全托管 - 未出现取消按钮，跳过
2026-04-17 14:19:32,116 | ERROR | temu_parcel_tracer | 1101-Temu全托管 - 未出现进入按钮，跳过
2026-04-17 14:19:32,117 | INFO | temu_parcel_tracer | 1101-Temu全托管 - 登录成功
2026-04-17 14:19:32,117 | INFO | temu_parcel_tracer | 1101-Temu全托管 - 等待 agentseller Cookie 生效
2026-04-17 14:19:43,596 | INFO | temu_parcel_tracer | 1101-Temu全托管 - Cookie 已保存: D:\sd14\Temu_horizon\data\cookies\1101-Temu全托管_kuajingmaihuo_cookies.json
2026-04-17 14:19:43,596 | INFO | temu_parcel_tracer | 1101-Temu全托管 - Cookie 获取完成，准备关闭浏览器
2026-04-17 14:19:43,596 | INFO | temu_parcel_tracer | 1101-Temu全托管 - 登录成功（第 1 次）
2026-04-17 14:19:43,623 | INFO | temu_parcel_tracer | 1101-Temu全托管 - 已关闭Playwright连接
2026-04-17 14:19:44,846 | INFO | temu_parcel_tracer | 1101-Temu全托管 - 已发送停止浏览器请求
2026-04-17 14:20:13,215 | INFO | temu_parcel_tracer | 第 1 页获取到 36 条数据
2026-04-17 14:20:13,215 | INFO | temu_parcel_tracer | 已获取最后一页，停止获取
2026-04-17 14:20:13,215 | INFO | temu_parcel_tracer | ----------------开始上传(temu-发货揽收轨迹及丢件)的数据---------------------
2026-04-17 14:20:13,216 | INFO | temu_parcel_tracer | 准备上传 15 条记录...
2026-04-17 14:20:15,020 | INFO | temu_parcel_tracer | 
上传统计:
2026-04-17 14:20:15,020 | INFO | temu_parcel_tracer | 总记录数: 15
2026-04-17 14:20:15,020 | INFO | temu_parcel_tracer | 成功数量: 15
2026-04-17 14:20:15,020 | INFO | temu_parcel_tracer | 失败数量: 0
2026-04-17 14:20:15,020 | INFO | temu_parcel_tracer | 成功批次: 1
2026-04-17 14:20:15,020 | INFO | temu_parcel_tracer | 失败批次: 0
2026-04-17 14:20:15,021 | INFO | temu_parcel_tracer | 1101-Temu全托管 发货揽收轨迹数据爬取完成，共15条记录
2026-04-17 14:20:15,021 | INFO | temu_parcel_tracer | ----------------开始爬取店铺1101-Temu全托管--入库的数据---------------------
2026-04-17 14:20:15,149 | INFO | temu_parcel_tracer | 正在获取第 1 页数据...
2026-04-17 14:20:16,523 | ERROR | temu_parcel_tracer | [1101-Temu全托管] 请求失败（第 1 次）: 403 Client Error: Forbidden for url: https://agentseller.temu.com/mms/venom/api/supplier/purchase/manager/querySubOrderList
2026-04-17 14:20:16,523 | INFO | temu_parcel_tracer | 1101-Temu全托管 - 第 1 次登录尝试
2026-04-17 14:20:19,456 | INFO | temu_parcel_tracer | 1101-Temu全托管 - start_api 返回: {'code': 0, 'msg': 'Success', 'data': {'action': 'startBrowserByCode', 'backgroundPluginId': 'ckhldkgdmajoifldkandjekhofbghdfh', 'browserID': 100260927, 'browserPath': 'C:\\Users\\Administrator\\AppData\\Local\\env-kit\\Core\\chrome_64_131_202501091017\\hubstudio', 'debuggingPort': '49152', 'downloadPath': 'C:\\Users\\Administrator\\Desktop\\Hubstudio\\temu全托1101店', 'duplicate': 2601, 'ip': '124.225.4.69', 'isDynamicIp': False, 'launcherPage': 'about:blank', 'proxyType': 'socks5', 'runMode': 2, 'webdriver': 'C:\\Users\\Administrator\\AppData\\Local\\env-kit\\Core\\chrome_64_131_202501091017\\webdriver.exe', 'containerId': 100260927, 'containerCode': '1010609275', 'statusCode': '0', 'err': '成功(Success)'}}
2026-04-17 14:20:19,456 | INFO | temu_parcel_tracer | 1101-Temu全托管 - 浏览器启动成功, 调试端口: 49152
2026-04-17 14:20:20,825 | INFO | temu_parcel_tracer | 1101-Temu全托管 - 已连接浏览器
2026-04-17 14:20:21,214 | INFO | temu_parcel_tracer | --------------------1101-Temu全托管 ------------------------ 开始登录...
2026-04-17 14:20:27,143 | ERROR | temu_parcel_tracer | 1101-Temu全托管 - 未出现取消按钮，跳过
2026-04-17 14:20:27,171 | INFO | temu_parcel_tracer | 1101-Temu全托管 - 已点击进入
2026-04-17 14:20:27,171 | INFO | temu_parcel_tracer | 1101-Temu全托管 - 登录成功
2026-04-17 14:20:27,171 | INFO | temu_parcel_tracer | 1101-Temu全托管 - 等待 agentseller Cookie 生效
2026-04-17 14:20:34,810 | INFO | temu_parcel_tracer | 1101-Temu全托管 - Cookie 已保存: D:\sd14\Temu_horizon\data\cookies\1101-Temu全托管_cookies.json
2026-04-17 14:20:34,810 | INFO | temu_parcel_tracer | 1101-Temu全托管 - Cookie 获取完成，准备关闭浏览器
2026-04-17 14:20:34,810 | INFO | temu_parcel_tracer | 1101-Temu全托管 - 登录成功（第 1 次）
2026-04-17 14:20:34,828 | INFO | temu_parcel_tracer | 1101-Temu全托管 - 已关闭Playwright连接
2026-04-17 14:20:35,881 | INFO | temu_parcel_tracer | 1101-Temu全托管 - 已发送停止浏览器请求
2026-04-17 14:20:41,885 | INFO | temu_parcel_tracer | ✓ 第 1 页获取到异常数据 4 条数据
2026-04-17 14:20:43,676 | INFO | temu_parcel_tracer | 正在获取第 2 页数据...
2026-04-17 14:20:47,321 | INFO | temu_parcel_tracer | ✓ 第 2 页获取到异常数据 0 条数据
2026-04-17 14:20:47,322 | INFO | temu_parcel_tracer | 当前页数据并且数据为当月产生的数据不足100条，可能是最后一页，停止获取
2026-04-17 14:20:47,322 | INFO | temu_parcel_tracer | ----------------开始上传(temu-入库情况)的数据---------------------
2026-04-17 14:20:47,323 | INFO | temu_parcel_tracer | 准备上传 0 条记录...
2026-04-17 14:20:47,323 | INFO | temu_parcel_tracer | 
上传统计:
2026-04-17 14:20:47,323 | INFO | temu_parcel_tracer | 总记录数: 0
2026-04-17 14:20:47,323 | INFO | temu_parcel_tracer | 成功数量: 0
2026-04-17 14:20:47,323 | INFO | temu_parcel_tracer | 失败数量: 0
2026-04-17 14:20:47,323 | INFO | temu_parcel_tracer | 成功批次: 0
2026-04-17 14:20:47,323 | INFO | temu_parcel_tracer | 失败批次: 0
2026-04-17 14:20:47,324 | INFO | temu_parcel_tracer | 1101-Temu全托管 入库情况数据爬取完成，共0条记录
2026-04-17 14:20:49,330 | INFO | temu_parcel_tracer | ----------------开始爬取店铺110-Temu全托管KA--仓库待收货的数据---------------------
2026-04-17 14:20:49,464 | INFO | temu_parcel_tracer | 正在获取第1页数据...
2026-04-17 14:20:49,466 | INFO | temu_parcel_tracer | 110-Temu全托管KA - 第 1 次登录尝试
2026-04-17 14:20:53,166 | INFO | temu_parcel_tracer | 110-Temu全托管KA - start_api 返回: {'code': 0, 'msg': 'Success', 'data': {'action': 'startBrowserByCode', 'backgroundPluginId': 'komlifcoekddpkbgnlkbhoknnkcniofa', 'browserID': 104353651, 'browserPath': 'C:\\Users\\Administrator\\AppData\\Local\\env-kit\\Core\\chrome_64_131_202501091017\\hubstudio', 'debuggingPort': '49353', 'downloadPath': 'C:\\Users\\Administrator\\Desktop\\Hubstudio\\temu全托110号店+半托7号店', 'duplicate': 3278, 'ip': '121.14.201.248', 'isDynamicIp': False, 'launcherPage': 'about:blank', 'proxyType': 'socks5', 'runMode': 2, 'webdriver': 'C:\\Users\\Administrator\\AppData\\Local\\env-kit\\Core\\chrome_64_131_202501091017\\webdriver.exe', 'containerId': 104353651, 'containerCode': '1051536511', 'statusCode': '0', 'err': '成功(Success)'}}
2026-04-17 14:20:53,166 | INFO | temu_parcel_tracer | 110-Temu全托管KA - 浏览器启动成功, 调试端口: 49353
2026-04-17 14:20:54,609 | INFO | temu_parcel_tracer | 110-Temu全托管KA - 已连接浏览器
2026-04-17 14:20:55,642 | INFO | temu_parcel_tracer | --------------------110-Temu全托管KA ------------------------ 开始登录...
2026-04-17 14:21:01,361 | ERROR | temu_parcel_tracer | 110-Temu全托管KA - 未出现取消按钮，跳过
2026-04-17 14:21:02,381 | ERROR | temu_parcel_tracer | 110-Temu全托管KA - 未出现进入按钮，跳过
2026-04-17 14:21:02,382 | INFO | temu_parcel_tracer | 110-Temu全托管KA - 登录成功
2026-04-17 14:21:02,382 | INFO | temu_parcel_tracer | 110-Temu全托管KA - 等待 agentseller Cookie 生效
2026-04-17 14:21:14,340 | INFO | temu_parcel_tracer | 命中授权方式一：确认授权并前往
2026-04-17 14:21:14,399 | INFO | temu_parcel_tracer | 授权流程完成
2026-04-17 14:21:20,422 | INFO | temu_parcel_tracer | 110-Temu全托管KA - Cookie 已保存: D:\sd14\Temu_horizon\data\cookies\110-Temu全托管KA_kuajingmaihuo_cookies.json
2026-04-17 14:21:20,423 | INFO | temu_parcel_tracer | 110-Temu全托管KA - Cookie 获取完成，准备关闭浏览器
2026-04-17 14:21:20,423 | INFO | temu_parcel_tracer | 110-Temu全托管KA - 登录成功（第 1 次）
2026-04-17 14:21:20,440 | INFO | temu_parcel_tracer | 110-Temu全托管KA - 已关闭Playwright连接
2026-04-17 14:21:21,640 | INFO | temu_parcel_tracer | 110-Temu全托管KA - 已发送停止浏览器请求
2026-04-17 14:22:10,128 | ERROR | temu_parcel_tracer | [110-Temu全托管KA] 请求失败（第 1 次）: 403 Client Error: Forbidden for url: https://seller.kuajingmaihuo.com/bgSongbird-api/supplier/delivery/feedback/queryAllFeedbackRecordInfo
2026-04-17 14:22:10,128 | INFO | temu_parcel_tracer | 110-Temu全托管KA - 第 1 次登录尝试
2026-04-17 14:22:13,050 | INFO | temu_parcel_tracer | 110-Temu全托管KA - start_api 返回: {'code': 0, 'msg': 'Success', 'data': {'action': 'startBrowserByCode', 'backgroundPluginId': 'komlifcoekddpkbgnlkbhoknnkcniofa', 'browserID': 104353651, 'browserPath': 'C:\\Users\\Administrator\\AppData\\Local\\env-kit\\Core\\chrome_64_131_202501091017\\hubstudio', 'debuggingPort': '49973', 'downloadPath': 'C:\\Users\\Administrator\\Desktop\\Hubstudio\\temu全托110号店+半托7号店', 'duplicate': 2509, 'ip': '121.14.201.248', 'isDynamicIp': False, 'launcherPage': 'about:blank', 'proxyType': 'socks5', 'runMode': 2, 'webdriver': 'C:\\Users\\Administrator\\AppData\\Local\\env-kit\\Core\\chrome_64_131_202501091017\\webdriver.exe', 'containerId': 104353651, 'containerCode': '1051536511', 'statusCode': '0', 'err': '成功(Success)'}}
2026-04-17 14:22:13,050 | INFO | temu_parcel_tracer | 110-Temu全托管KA - 浏览器启动成功, 调试端口: 49973
2026-04-17 14:22:14,420 | INFO | temu_parcel_tracer | 110-Temu全托管KA - 已连接浏览器
2026-04-17 14:22:14,751 | INFO | temu_parcel_tracer | --------------------110-Temu全托管KA ------------------------ 开始登录...
2026-04-17 14:22:20,243 | ERROR | temu_parcel_tracer | 110-Temu全托管KA - 未出现取消按钮，跳过
2026-04-17 14:22:20,273 | INFO | temu_parcel_tracer | 110-Temu全托管KA - 已点击进入
2026-04-17 14:22:20,273 | INFO | temu_parcel_tracer | 110-Temu全托管KA - 登录成功
2026-04-17 14:22:20,273 | INFO | temu_parcel_tracer | 110-Temu全托管KA - 等待 agentseller Cookie 生效
2026-04-17 14:22:28,892 | INFO | temu_parcel_tracer | 命中授权方式一：确认授权并前往
2026-04-17 14:22:28,965 | INFO | temu_parcel_tracer | 授权流程完成
2026-04-17 14:22:35,008 | INFO | temu_parcel_tracer | 110-Temu全托管KA - Cookie 已保存: D:\sd14\Temu_horizon\data\cookies\110-Temu全托管KA_kuajingmaihuo_cookies.json
2026-04-17 14:22:35,008 | INFO | temu_parcel_tracer | 110-Temu全托管KA - Cookie 获取完成，准备关闭浏览器
2026-04-17 14:22:35,008 | INFO | temu_parcel_tracer | 110-Temu全托管KA - 登录成功（第 1 次）
2026-04-17 14:22:35,026 | INFO | temu_parcel_tracer | 110-Temu全托管KA - 已关闭Playwright连接
2026-04-17 14:22:36,114 | INFO | temu_parcel_tracer | 110-Temu全托管KA - 已发送停止浏览器请求
2026-04-17 14:22:42,795 | INFO | temu_parcel_tracer | 第 1 页获取到 69 条数据
2026-04-17 14:22:42,795 | INFO | temu_parcel_tracer | 已获取最后一页，停止获取
2026-04-17 14:22:42,795 | INFO | temu_parcel_tracer | ----------------开始上传(temu-发货揽收轨迹及丢件)的数据---------------------
2026-04-17 14:22:42,795 | INFO | temu_parcel_tracer | 准备上传 18 条记录...
2026-04-17 14:22:44,225 | INFO | temu_parcel_tracer | 
上传统计:
2026-04-17 14:22:44,225 | INFO | temu_parcel_tracer | 总记录数: 18
2026-04-17 14:22:44,225 | INFO | temu_parcel_tracer | 成功数量: 18
2026-04-17 14:22:44,225 | INFO | temu_parcel_tracer | 失败数量: 0
2026-04-17 14:22:44,225 | INFO | temu_parcel_tracer | 成功批次: 1
2026-04-17 14:22:44,225 | INFO | temu_parcel_tracer | 失败批次: 0
2026-04-17 14:22:44,226 | INFO | temu_parcel_tracer | 110-Temu全托管KA 发货揽收轨迹数据爬取完成，共18条记录
2026-04-17 14:22:44,226 | INFO | temu_parcel_tracer | ----------------开始爬取店铺110-Temu全托管KA--入库的数据---------------------
2026-04-17 14:22:44,360 | INFO | temu_parcel_tracer | 正在获取第 1 页数据...
2026-04-17 14:22:46,497 | ERROR | temu_parcel_tracer | [110-Temu全托管KA] 请求失败（第 1 次）: 403 Client Error: Forbidden for url: https://agentseller.temu.com/mms/venom/api/supplier/purchase/manager/querySubOrderList
2026-04-17 14:22:46,498 | INFO | temu_parcel_tracer | 110-Temu全托管KA - 第 1 次登录尝试
2026-04-17 14:22:49,579 | INFO | temu_parcel_tracer | 110-Temu全托管KA - start_api 返回: {'code': 0, 'msg': 'Success', 'data': {'action': 'startBrowserByCode', 'backgroundPluginId': 'komlifcoekddpkbgnlkbhoknnkcniofa', 'browserID': 104353651, 'browserPath': 'C:\\Users\\Administrator\\AppData\\Local\\env-kit\\Core\\chrome_64_131_202501091017\\hubstudio', 'debuggingPort': '50277', 'downloadPath': 'C:\\Users\\Administrator\\Desktop\\Hubstudio\\temu全托110号店+半托7号店', 'duplicate': 2706, 'ip': '121.14.201.248', 'isDynamicIp': False, 'launcherPage': 'about:blank', 'proxyType': 'socks5', 'runMode': 2, 'webdriver': 'C:\\Users\\Administrator\\AppData\\Local\\env-kit\\Core\\chrome_64_131_202501091017\\webdriver.exe', 'containerId': 104353651, 'containerCode': '1051536511', 'statusCode': '0', 'err': '成功(Success)'}}
2026-04-17 14:22:49,580 | INFO | temu_parcel_tracer | 110-Temu全托管KA - 浏览器启动成功, 调试端口: 50277
2026-04-17 14:22:50,943 | INFO | temu_parcel_tracer | 110-Temu全托管KA - 已连接浏览器
2026-04-17 14:22:51,237 | INFO | temu_parcel_tracer | --------------------110-Temu全托管KA ------------------------ 开始登录...
2026-04-17 14:22:57,193 | ERROR | temu_parcel_tracer | 110-Temu全托管KA - 未出现取消按钮，跳过
2026-04-17 14:22:57,254 | INFO | temu_parcel_tracer | 110-Temu全托管KA - 已点击进入
2026-04-17 14:22:57,254 | INFO | temu_parcel_tracer | 110-Temu全托管KA - 登录成功
2026-04-17 14:22:57,254 | INFO | temu_parcel_tracer | 110-Temu全托管KA - 等待 agentseller Cookie 生效
2026-04-17 14:23:05,798 | INFO | temu_parcel_tracer | 命中授权方式一：确认授权并前往
2026-04-17 14:23:05,882 | INFO | temu_parcel_tracer | 授权流程完成
2026-04-17 14:23:11,917 | INFO | temu_parcel_tracer | 110-Temu全托管KA - Cookie 已保存: D:\sd14\Temu_horizon\data\cookies\110-Temu全托管KA_cookies.json
2026-04-17 14:23:11,918 | INFO | temu_parcel_tracer | 110-Temu全托管KA - Cookie 获取完成，准备关闭浏览器
2026-04-17 14:23:11,918 | INFO | temu_parcel_tracer | 110-Temu全托管KA - 登录成功（第 1 次）
2026-04-17 14:23:11,942 | INFO | temu_parcel_tracer | 110-Temu全托管KA - 已关闭Playwright连接
2026-04-17 14:23:13,050 | INFO | temu_parcel_tracer | 110-Temu全托管KA - 已发送停止浏览器请求
2026-04-17 14:23:19,153 | INFO | temu_parcel_tracer | ✓ 第 1 页获取到异常数据 3 条数据
2026-04-17 14:23:19,153 | INFO | temu_parcel_tracer | 当前页数据并且数据为当月产生的数据不足100条，可能是最后一页，停止获取
2026-04-17 14:23:19,153 | INFO | temu_parcel_tracer | ----------------开始上传(temu-入库情况)的数据---------------------
2026-04-17 14:23:19,153 | INFO | temu_parcel_tracer | 准备上传 0 条记录...
2026-04-17 14:23:19,153 | INFO | temu_parcel_tracer | 
上传统计:
2026-04-17 14:23:19,153 | INFO | temu_parcel_tracer | 总记录数: 0
2026-04-17 14:23:19,153 | INFO | temu_parcel_tracer | 成功数量: 0
2026-04-17 14:23:19,153 | INFO | temu_parcel_tracer | 失败数量: 0
2026-04-17 14:23:19,153 | INFO | temu_parcel_tracer | 成功批次: 0
2026-04-17 14:23:19,153 | INFO | temu_parcel_tracer | 失败批次: 0
2026-04-17 14:23:19,154 | INFO | temu_parcel_tracer | 110-Temu全托管KA 入库情况数据爬取完成，共0条记录
2026-04-17 14:23:21,158 | INFO | temu_parcel_tracer | ----------------开始爬取店铺109-Temu全托管KA--仓库待收货的数据---------------------
2026-04-17 14:23:21,285 | INFO | temu_parcel_tracer | 正在获取第1页数据...
2026-04-17 14:23:21,286 | INFO | temu_parcel_tracer | 109-Temu全托管KA - 第 1 次登录尝试
2026-04-17 14:23:25,004 | INFO | temu_parcel_tracer | 109-Temu全托管KA - start_api 返回: {'code': 0, 'msg': 'Success', 'data': {'action': 'startBrowserByCode', 'backgroundPluginId': 'ohiahjpnifkljncpockjijkdiohieojm', 'browserID': 104329439, 'browserPath': 'C:\\Users\\Administrator\\AppData\\Local\\env-kit\\Core\\chrome_64_131_202501091017\\hubstudio', 'debuggingPort': '50571', 'downloadPath': 'C:\\Users\\Administrator\\Desktop\\Hubstudio\\temu全托109+半托3号-Geeray', 'duplicate': 3267, 'ip': '124.236.76.149', 'isDynamicIp': False, 'launcherPage': 'about:blank', 'proxyType': 'socks5', 'runMode': 2, 'webdriver': 'C:\\Users\\Administrator\\AppData\\Local\\env-kit\\Core\\chrome_64_131_202501091017\\webdriver.exe', 'containerId': 104329439, 'containerCode': '1051294393', 'statusCode': '0', 'err': '成功(Success)'}}
2026-04-17 14:23:25,004 | INFO | temu_parcel_tracer | 109-Temu全托管KA - 浏览器启动成功, 调试端口: 50571
2026-04-17 14:23:26,360 | INFO | temu_parcel_tracer | 109-Temu全托管KA - 已连接浏览器
2026-04-17 14:23:27,656 | INFO | temu_parcel_tracer | --------------------109-Temu全托管KA ------------------------ 开始登录...
2026-04-17 14:23:34,182 | ERROR | temu_parcel_tracer | 109-Temu全托管KA - 未出现取消按钮，跳过
2026-04-17 14:23:35,196 | ERROR | temu_parcel_tracer | 109-Temu全托管KA - 未出现进入按钮，跳过
2026-04-17 14:23:35,196 | INFO | temu_parcel_tracer | 109-Temu全托管KA - 登录成功
2026-04-17 14:23:35,196 | INFO | temu_parcel_tracer | 109-Temu全托管KA - 等待 agentseller Cookie 生效
2026-04-17 14:23:47,526 | INFO | temu_parcel_tracer | 109-Temu全托管KA - Cookie 已保存: D:\sd14\Temu_horizon\data\cookies\109-Temu全托管KA_kuajingmaihuo_cookies.json
2026-04-17 14:23:47,527 | INFO | temu_parcel_tracer | 109-Temu全托管KA - Cookie 获取完成，准备关闭浏览器
2026-04-17 14:23:47,527 | INFO | temu_parcel_tracer | 109-Temu全托管KA - 登录成功（第 1 次）
2026-04-17 14:23:47,553 | INFO | temu_parcel_tracer | 109-Temu全托管KA - 已关闭Playwright连接
2026-04-17 14:23:48,765 | INFO | temu_parcel_tracer | 109-Temu全托管KA - 已发送停止浏览器请求
2026-04-17 14:24:07,243 | INFO | temu_parcel_tracer | 第 1 页获取到 25 条数据
2026-04-17 14:24:07,244 | INFO | temu_parcel_tracer | 已获取最后一页，停止获取
2026-04-17 14:24:07,244 | INFO | temu_parcel_tracer | ----------------开始上传(temu-发货揽收轨迹及丢件)的数据---------------------
2026-04-17 14:24:07,245 | INFO | temu_parcel_tracer | 准备上传 10 条记录...
2026-04-17 14:24:08,512 | INFO | temu_parcel_tracer | 
上传统计:
2026-04-17 14:24:08,512 | INFO | temu_parcel_tracer | 总记录数: 10
2026-04-17 14:24:08,512 | INFO | temu_parcel_tracer | 成功数量: 10
2026-04-17 14:24:08,512 | INFO | temu_parcel_tracer | 失败数量: 0
2026-04-17 14:24:08,512 | INFO | temu_parcel_tracer | 成功批次: 1
2026-04-17 14:24:08,512 | INFO | temu_parcel_tracer | 失败批次: 0
2026-04-17 14:24:08,512 | INFO | temu_parcel_tracer | 109-Temu全托管KA 发货揽收轨迹数据爬取完成，共10条记录
2026-04-17 14:24:08,512 | INFO | temu_parcel_tracer | ----------------开始爬取店铺109-Temu全托管KA--入库的数据---------------------
2026-04-17 14:24:08,661 | INFO | temu_parcel_tracer | 正在获取第 1 页数据...
2026-04-17 14:24:12,519 | ERROR | temu_parcel_tracer | [109-Temu全托管KA] 请求失败（第 1 次）: 403 Client Error: Forbidden for url: https://agentseller.temu.com/mms/venom/api/supplier/purchase/manager/querySubOrderList
2026-04-17 14:24:12,520 | INFO | temu_parcel_tracer | 109-Temu全托管KA - 第 1 次登录尝试
2026-04-17 14:24:15,561 | INFO | temu_parcel_tracer | 109-Temu全托管KA - start_api 返回: {'code': 0, 'msg': 'Success', 'data': {'action': 'startBrowserByCode', 'backgroundPluginId': 'ohiahjpnifkljncpockjijkdiohieojm', 'browserID': 104329439, 'browserPath': 'C:\\Users\\Administrator\\AppData\\Local\\env-kit\\Core\\chrome_64_131_202501091017\\hubstudio', 'debuggingPort': '51145', 'downloadPath': 'C:\\Users\\Administrator\\Desktop\\Hubstudio\\temu全托109+半托3号-Geeray', 'duplicate': 2628, 'ip': '124.236.76.149', 'isDynamicIp': False, 'launcherPage': 'about:blank', 'proxyType': 'socks5', 'runMode': 2, 'webdriver': 'C:\\Users\\Administrator\\AppData\\Local\\env-kit\\Core\\chrome_64_131_202501091017\\webdriver.exe', 'containerId': 104329439, 'containerCode': '1051294393', 'statusCode': '0', 'err': '成功(Success)'}}
2026-04-17 14:24:15,561 | INFO | temu_parcel_tracer | 109-Temu全托管KA - 浏览器启动成功, 调试端口: 51145
2026-04-17 14:24:16,910 | INFO | temu_parcel_tracer | 109-Temu全托管KA - 已连接浏览器
2026-04-17 14:24:17,419 | INFO | temu_parcel_tracer | --------------------109-Temu全托管KA ------------------------ 开始登录...
2026-04-17 14:24:23,184 | ERROR | temu_parcel_tracer | 109-Temu全托管KA - 未出现取消按钮，跳过
2026-04-17 14:24:23,233 | INFO | temu_parcel_tracer | 109-Temu全托管KA - 已点击进入
2026-04-17 14:24:23,233 | INFO | temu_parcel_tracer | 109-Temu全托管KA - 登录成功
2026-04-17 14:24:23,233 | INFO | temu_parcel_tracer | 109-Temu全托管KA - 等待 agentseller Cookie 生效
2026-04-17 14:24:32,095 | INFO | temu_parcel_tracer | 109-Temu全托管KA - Cookie 已保存: D:\sd14\Temu_horizon\data\cookies\109-Temu全托管KA_cookies.json
2026-04-17 14:24:32,095 | INFO | temu_parcel_tracer | 109-Temu全托管KA - Cookie 获取完成，准备关闭浏览器
2026-04-17 14:24:32,095 | INFO | temu_parcel_tracer | 109-Temu全托管KA - 登录成功（第 1 次）
2026-04-17 14:24:32,109 | INFO | temu_parcel_tracer | 109-Temu全托管KA - 已关闭Playwright连接
2026-04-17 14:24:33,284 | INFO | temu_parcel_tracer | 109-Temu全托管KA - 已发送停止浏览器请求
2026-04-17 14:24:40,964 | INFO | temu_parcel_tracer | ✓ 第 1 页获取到异常数据 2 条数据
2026-04-17 14:24:40,964 | INFO | temu_parcel_tracer | 当前页数据并且数据为当月产生的数据不足100条，可能是最后一页，停止获取
2026-04-17 14:24:40,964 | INFO | temu_parcel_tracer | ----------------开始上传(temu-入库情况)的数据---------------------
2026-04-17 14:24:40,965 | INFO | temu_parcel_tracer | 准备上传 0 条记录...
2026-04-17 14:24:40,965 | INFO | temu_parcel_tracer | 
上传统计:
2026-04-17 14:24:40,965 | INFO | temu_parcel_tracer | 总记录数: 0
2026-04-17 14:24:40,965 | INFO | temu_parcel_tracer | 成功数量: 0
2026-04-17 14:24:40,965 | INFO | temu_parcel_tracer | 失败数量: 0
2026-04-17 14:24:40,965 | INFO | temu_parcel_tracer | 成功批次: 0
2026-04-17 14:24:40,965 | INFO | temu_parcel_tracer | 失败批次: 0
2026-04-17 14:24:40,965 | INFO | temu_parcel_tracer | 109-Temu全托管KA 入库情况数据爬取完成，共0条记录
2026-04-17 14:24:42,975 | INFO | temu_parcel_tracer | ----------------开始爬取店铺108-Temu全托管--仓库待收货的数据---------------------
2026-04-17 14:24:43,112 | INFO | temu_parcel_tracer | 正在获取第1页数据...
2026-04-17 14:24:43,113 | INFO | temu_parcel_tracer | 108-Temu全托管 - 第 1 次登录尝试
2026-04-17 14:24:46,488 | INFO | temu_parcel_tracer | 108-Temu全托管 - start_api 返回: {'code': 0, 'msg': 'Success', 'data': {'action': 'startBrowserByCode', 'backgroundPluginId': 'gobiecapkllflcacpgecmdakhoffglne', 'browserID': 104562169, 'browserPath': 'C:\\Users\\Administrator\\AppData\\Local\\env-kit\\Core\\chrome_64_131_202501091017\\hubstudio', 'debuggingPort': '51482', 'downloadPath': 'C:\\Users\\Administrator\\Desktop\\Hubstudio\\temu全托108店-YYDeeK BO子账号', 'duplicate': 2898, 'ip': '125.75.68.73', 'isDynamicIp': False, 'launcherPage': 'about:blank', 'proxyType': 'socks5', 'runMode': 2, 'webdriver': 'C:\\Users\\Administrator\\AppData\\Local\\env-kit\\Core\\chrome_64_131_202501091017\\webdriver.exe', 'containerId': 104562169, 'containerCode': '1053621692', 'statusCode': '0', 'err': '成功(Success)'}}
2026-04-17 14:24:46,488 | INFO | temu_parcel_tracer | 108-Temu全托管 - 浏览器启动成功, 调试端口: 51482
2026-04-17 14:24:47,856 | INFO | temu_parcel_tracer | 108-Temu全托管 - 已连接浏览器
2026-04-17 14:24:49,147 | INFO | temu_parcel_tracer | --------------------108-Temu全托管 ------------------------ 开始登录...
2026-04-17 14:24:55,340 | ERROR | temu_parcel_tracer | 108-Temu全托管 - 未出现取消按钮，跳过
2026-04-17 14:24:56,357 | ERROR | temu_parcel_tracer | 108-Temu全托管 - 未出现进入按钮，跳过
2026-04-17 14:24:56,357 | INFO | temu_parcel_tracer | 108-Temu全托管 - 登录成功
2026-04-17 14:24:56,358 | INFO | temu_parcel_tracer | 108-Temu全托管 - 等待 agentseller Cookie 生效
2026-04-17 14:25:07,767 | INFO | temu_parcel_tracer | 108-Temu全托管 - Cookie 已保存: D:\sd14\Temu_horizon\data\cookies\108-Temu全托管_kuajingmaihuo_cookies.json
2026-04-17 14:25:07,768 | INFO | temu_parcel_tracer | 108-Temu全托管 - Cookie 获取完成，准备关闭浏览器
2026-04-17 14:25:07,768 | INFO | temu_parcel_tracer | 108-Temu全托管 - 登录成功（第 1 次）
2026-04-17 14:25:07,780 | INFO | temu_parcel_tracer | 108-Temu全托管 - 已关闭Playwright连接
2026-04-17 14:25:08,928 | INFO | temu_parcel_tracer | 108-Temu全托管 - 已发送停止浏览器请求
2026-04-17 14:25:19,344 | INFO | temu_parcel_tracer | 第 1 页获取到 12 条数据
2026-04-17 14:25:19,344 | INFO | temu_parcel_tracer | 已获取最后一页，停止获取
2026-04-17 14:25:19,344 | INFO | temu_parcel_tracer | ----------------开始上传(temu-发货揽收轨迹及丢件)的数据---------------------
2026-04-17 14:25:19,345 | INFO | temu_parcel_tracer | 准备上传 2 条记录...
2026-04-17 14:25:20,995 | INFO | temu_parcel_tracer | 
上传统计:
2026-04-17 14:25:20,995 | INFO | temu_parcel_tracer | 总记录数: 2
2026-04-17 14:25:20,995 | INFO | temu_parcel_tracer | 成功数量: 2
2026-04-17 14:25:20,995 | INFO | temu_parcel_tracer | 失败数量: 0
2026-04-17 14:25:20,995 | INFO | temu_parcel_tracer | 成功批次: 1
2026-04-17 14:25:20,995 | INFO | temu_parcel_tracer | 失败批次: 0
2026-04-17 14:25:20,995 | INFO | temu_parcel_tracer | 108-Temu全托管 发货揽收轨迹数据爬取完成，共2条记录
2026-04-17 14:25:20,996 | INFO | temu_parcel_tracer | ----------------开始爬取店铺108-Temu全托管--入库的数据---------------------
2026-04-17 14:25:21,116 | INFO | temu_parcel_tracer | 正在获取第 1 页数据...
2026-04-17 14:25:23,153 | ERROR | temu_parcel_tracer | [108-Temu全托管] 请求失败（第 1 次）: 403 Client Error: Forbidden for url: https://agentseller.temu.com/mms/venom/api/supplier/purchase/manager/querySubOrderList
2026-04-17 14:25:23,153 | INFO | temu_parcel_tracer | 108-Temu全托管 - 第 1 次登录尝试
2026-04-17 14:25:26,212 | INFO | temu_parcel_tracer | 108-Temu全托管 - start_api 返回: {'code': 0, 'msg': 'Success', 'data': {'action': 'startBrowserByCode', 'backgroundPluginId': 'gobiecapkllflcacpgecmdakhoffglne', 'browserID': 104562169, 'browserPath': 'C:\\Users\\Administrator\\AppData\\Local\\env-kit\\Core\\chrome_64_131_202501091017\\hubstudio', 'debuggingPort': '51904', 'downloadPath': 'C:\\Users\\Administrator\\Desktop\\Hubstudio\\temu全托108店-YYDeeK BO子账号', 'duplicate': 2641, 'ip': '125.75.68.73', 'isDynamicIp': False, 'launcherPage': 'about:blank', 'proxyType': 'socks5', 'runMode': 2, 'webdriver': 'C:\\Users\\Administrator\\AppData\\Local\\env-kit\\Core\\chrome_64_131_202501091017\\webdriver.exe', 'containerId': 104562169, 'containerCode': '1053621692', 'statusCode': '0', 'err': '成功(Success)'}}
2026-04-17 14:25:26,212 | INFO | temu_parcel_tracer | 108-Temu全托管 - 浏览器启动成功, 调试端口: 51904
2026-04-17 14:25:27,575 | INFO | temu_parcel_tracer | 108-Temu全托管 - 已连接浏览器
2026-04-17 14:25:28,071 | INFO | temu_parcel_tracer | --------------------108-Temu全托管 ------------------------ 开始登录...
2026-04-17 14:25:34,225 | ERROR | temu_parcel_tracer | 108-Temu全托管 - 未出现取消按钮，跳过
2026-04-17 14:25:34,284 | INFO | temu_parcel_tracer | 108-Temu全托管 - 已点击进入
2026-04-17 14:25:34,284 | INFO | temu_parcel_tracer | 108-Temu全托管 - 登录成功
2026-04-17 14:25:34,284 | INFO | temu_parcel_tracer | 108-Temu全托管 - 等待 agentseller Cookie 生效
2026-04-17 14:25:42,516 | INFO | temu_parcel_tracer | 108-Temu全托管 - Cookie 已保存: D:\sd14\Temu_horizon\data\cookies\108-Temu全托管_cookies.json
2026-04-17 14:25:42,516 | INFO | temu_parcel_tracer | 108-Temu全托管 - Cookie 获取完成，准备关闭浏览器
2026-04-17 14:25:42,516 | INFO | temu_parcel_tracer | 108-Temu全托管 - 登录成功（第 1 次）
2026-04-17 14:25:42,533 | INFO | temu_parcel_tracer | 108-Temu全托管 - 已关闭Playwright连接
2026-04-17 14:25:43,540 | INFO | temu_parcel_tracer | 108-Temu全托管 - 已发送停止浏览器请求
2026-04-17 14:25:53,860 | INFO | temu_parcel_tracer | ✓ 第 1 页获取到异常数据 1 条数据
2026-04-17 14:25:53,860 | INFO | temu_parcel_tracer | 当前页数据并且数据为当月产生的数据不足100条，可能是最后一页，停止获取
2026-04-17 14:25:53,860 | INFO | temu_parcel_tracer | ----------------开始上传(temu-入库情况)的数据---------------------
2026-04-17 14:25:53,861 | INFO | temu_parcel_tracer | 准备上传 0 条记录...
2026-04-17 14:25:53,861 | INFO | temu_parcel_tracer | 
上传统计:
2026-04-17 14:25:53,861 | INFO | temu_parcel_tracer | 总记录数: 0
2026-04-17 14:25:53,862 | INFO | temu_parcel_tracer | 成功数量: 0
2026-04-17 14:25:53,862 | INFO | temu_parcel_tracer | 失败数量: 0
2026-04-17 14:25:53,862 | INFO | temu_parcel_tracer | 成功批次: 0
2026-04-17 14:25:53,862 | INFO | temu_parcel_tracer | 失败批次: 0
2026-04-17 14:25:53,862 | INFO | temu_parcel_tracer | 108-Temu全托管 入库情况数据爬取完成，共0条记录
2026-04-17 14:25:55,870 | INFO | temu_parcel_tracer | ----------------开始爬取店铺106-Temu全托管--仓库待收货的数据---------------------
2026-04-17 14:25:56,007 | INFO | temu_parcel_tracer | 正在获取第1页数据...
2026-04-17 14:25:56,007 | INFO | temu_parcel_tracer | 106-Temu全托管 - 第 1 次登录尝试
2026-04-17 14:25:59,464 | INFO | temu_parcel_tracer | 106-Temu全托管 - start_api 返回: {'code': 0, 'msg': 'Success', 'data': {'action': 'startBrowserByCode', 'backgroundPluginId': 'pngnekjgjoanofgpkpnjilfmdnlhikjk', 'browserID': 104315998, 'browserPath': 'C:\\Users\\Administrator\\AppData\\Local\\env-kit\\Core\\chrome_64_131_202501091017\\hubstudio', 'debuggingPort': '52151', 'downloadPath': 'C:\\Users\\Administrator\\Desktop\\Hubstudio\\temu全托106店-BAKAM', 'duplicate': 3183, 'ip': '121.229.211.102', 'isDynamicIp': False, 'launcherPage': 'about:blank', 'proxyType': 'socks5', 'runMode': 2, 'webdriver': 'C:\\Users\\Administrator\\AppData\\Local\\env-kit\\Core\\chrome_64_131_202501091017\\webdriver.exe', 'containerId': 104315998, 'containerCode': '1051159982', 'statusCode': '0', 'err': '成功(Success)'}}
2026-04-17 14:25:59,465 | INFO | temu_parcel_tracer | 106-Temu全托管 - 浏览器启动成功, 调试端口: 52151
2026-04-17 14:26:00,849 | INFO | temu_parcel_tracer | 106-Temu全托管 - 已连接浏览器
2026-04-17 14:26:00,858 | ERROR | temu_parcel_tracer | 106-Temu全托管 - 打开登录页失败: Page.goto: net::ERR_ABORTED at https://seller.kuajingmaihuo.com/login
Call log:
  - navigating to "https://seller.kuajingmaihuo.com/login", waiting until "domcontentloaded"

2026-04-17 14:26:00,858 | ERROR | temu_parcel_tracer | 106-Temu全托管 - 第 1 次失败: open_login_page 失败
Traceback (most recent call last):
  File "D:\sd14\Temu_horizon\core\login.py", line 255, in run
    result = await self.run_once()
  File "D:\sd14\Temu_horizon\core\login.py", line 238, in run_once
    raise Exception("open_login_page 失败")
Exception: open_login_page 失败
2026-04-17 14:26:00,877 | INFO | temu_parcel_tracer | 106-Temu全托管 - 已关闭Playwright连接
2026-04-17 14:26:01,965 | INFO | temu_parcel_tracer | 106-Temu全托管 - 已发送停止浏览器请求
2026-04-17 14:26:01,965 | INFO | temu_parcel_tracer | 106-Temu全托管 - 准备重试，等待 3 秒...
2026-04-17 14:26:04,979 | INFO | temu_parcel_tracer | 106-Temu全托管 - 第 2 次登录尝试
2026-04-17 14:26:07,838 | INFO | temu_parcel_tracer | 106-Temu全托管 - start_api 返回: {'code': 0, 'msg': 'Success', 'data': {'action': 'startBrowserByCode', 'backgroundPluginId': 'pngnekjgjoanofgpkpnjilfmdnlhikjk', 'browserID': 104315998, 'browserPath': 'C:\\Users\\Administrator\\AppData\\Local\\env-kit\\Core\\chrome_64_131_202501091017\\hubstudio', 'debuggingPort': '52245', 'downloadPath': 'C:\\Users\\Administrator\\Desktop\\Hubstudio\\temu全托106店-BAKAM', 'duplicate': 2489, 'ip': '121.229.211.102', 'isDynamicIp': False, 'launcherPage': 'about:blank', 'proxyType': 'socks5', 'runMode': 2, 'webdriver': 'C:\\Users\\Administrator\\AppData\\Local\\env-kit\\Core\\chrome_64_131_202501091017\\webdriver.exe', 'containerId': 104315998, 'containerCode': '1051159982', 'statusCode': '0', 'err': '成功(Success)'}}
2026-04-17 14:26:07,839 | INFO | temu_parcel_tracer | 106-Temu全托管 - 浏览器启动成功, 调试端口: 52245
2026-04-17 14:26:09,206 | INFO | temu_parcel_tracer | 106-Temu全托管 - 已连接浏览器
2026-04-17 14:26:10,470 | INFO | temu_parcel_tracer | --------------------106-Temu全托管 ------------------------ 开始登录...
2026-04-17 14:26:16,363 | ERROR | temu_parcel_tracer | 106-Temu全托管 - 未出现取消按钮，跳过
2026-04-17 14:26:17,387 | ERROR | temu_parcel_tracer | 106-Temu全托管 - 未出现进入按钮，跳过
2026-04-17 14:26:17,387 | INFO | temu_parcel_tracer | 106-Temu全托管 - 登录成功
2026-04-17 14:26:17,387 | INFO | temu_parcel_tracer | 106-Temu全托管 - 等待 agentseller Cookie 生效
2026-04-17 14:26:53,308 | ERROR | temu_parcel_tracer | 106-Temu全托管 - 第 2 次失败: Timeout 30000ms exceeded.
Traceback (most recent call last):
  File "D:\sd14\Temu_horizon\core\login.py", line 255, in run
    result = await self.run_once()
  File "D:\sd14\Temu_horizon\core\login.py", line 243, in run_once
    if not await self.save_cookies():
  File "D:\sd14\Temu_horizon\core\login.py", line 115, in save_cookies
    await self.page.wait_for_load_state("load")
  File "C:\ProgramData\anaconda3\envs\spider310\lib\site-packages\playwright\async_api\_generated.py", line 9088, in wait_for_load_state
    await self._impl_obj.wait_for_load_state(state=state, timeout=timeout)
  File "C:\ProgramData\anaconda3\envs\spider310\lib\site-packages\playwright\_impl\_page.py", line 575, in wait_for_load_state
    return await self._main_frame.wait_for_load_state(**locals_to_params(locals()))
  File "C:\ProgramData\anaconda3\envs\spider310\lib\site-packages\playwright\_impl\_frame.py", line 273, in wait_for_load_state
    return await self._wait_for_load_state_impl(state, timeout)
  File "C:\ProgramData\anaconda3\envs\spider310\lib\site-packages\playwright\_impl\_frame.py", line 301, in _wait_for_load_state_impl
    await waiter.result()
playwright._impl._errors.TimeoutError: Timeout 30000ms exceeded.
2026-04-17 14:26:53,324 | INFO | temu_parcel_tracer | 106-Temu全托管 - 已关闭Playwright连接
2026-04-17 14:26:54,402 | INFO | temu_parcel_tracer | 106-Temu全托管 - 已发送停止浏览器请求
2026-04-17 14:26:54,403 | INFO | temu_parcel_tracer | 106-Temu全托管 - 准备重试，等待 3 秒...
2026-04-17 14:26:57,417 | INFO | temu_parcel_tracer | 106-Temu全托管 - 第 3 次登录尝试
2026-04-17 14:27:00,075 | INFO | temu_parcel_tracer | 106-Temu全托管 - start_api 返回: {'code': 0, 'msg': 'Success', 'data': {'action': 'startBrowserByCode', 'backgroundPluginId': 'pngnekjgjoanofgpkpnjilfmdnlhikjk', 'browserID': 104315998, 'browserPath': 'C:\\Users\\Administrator\\AppData\\Local\\env-kit\\Core\\chrome_64_131_202501091017\\hubstudio', 'debuggingPort': '52631', 'downloadPath': 'C:\\Users\\Administrator\\Desktop\\Hubstudio\\temu全托106店-BAKAM', 'duplicate': 2305, 'ip': '121.229.211.102', 'isDynamicIp': False, 'launcherPage': 'about:blank', 'proxyType': 'socks5', 'runMode': 2, 'webdriver': 'C:\\Users\\Administrator\\AppData\\Local\\env-kit\\Core\\chrome_64_131_202501091017\\webdriver.exe', 'containerId': 104315998, 'containerCode': '1051159982', 'statusCode': '0', 'err': '成功(Success)'}}
2026-04-17 14:27:00,075 | INFO | temu_parcel_tracer | 106-Temu全托管 - 浏览器启动成功, 调试端口: 52631
2026-04-17 14:27:01,453 | INFO | temu_parcel_tracer | 106-Temu全托管 - 已连接浏览器
2026-04-17 14:27:01,464 | ERROR | temu_parcel_tracer | 106-Temu全托管 - 打开登录页失败: Page.goto: net::ERR_ABORTED at https://seller.kuajingmaihuo.com/login
Call log:
  - navigating to "https://seller.kuajingmaihuo.com/login", waiting until "domcontentloaded"

2026-04-17 14:27:01,464 | ERROR | temu_parcel_tracer | 106-Temu全托管 - 第 3 次失败: open_login_page 失败
Traceback (most recent call last):
  File "D:\sd14\Temu_horizon\core\login.py", line 255, in run
    result = await self.run_once()
  File "D:\sd14\Temu_horizon\core\login.py", line 238, in run_once
    raise Exception("open_login_page 失败")
Exception: open_login_page 失败
2026-04-17 14:27:01,482 | INFO | temu_parcel_tracer | 106-Temu全托管 - 已关闭Playwright连接
2026-04-17 14:27:02,476 | INFO | temu_parcel_tracer | 106-Temu全托管 - 已发送停止浏览器请求
2026-04-17 14:27:02,476 | INFO | temu_parcel_tracer | 106-Temu全托管 - 准备重试，等待 3 秒...
2026-04-17 14:27:05,480 | INFO | temu_parcel_tracer | 106-Temu全托管 - 第 4 次登录尝试
2026-04-17 14:27:08,169 | INFO | temu_parcel_tracer | 106-Temu全托管 - start_api 返回: {'code': 0, 'msg': 'Success', 'data': {'action': 'startBrowserByCode', 'backgroundPluginId': 'pngnekjgjoanofgpkpnjilfmdnlhikjk', 'browserID': 104315998, 'browserPath': 'C:\\Users\\Administrator\\AppData\\Local\\env-kit\\Core\\chrome_64_131_202501091017\\hubstudio', 'debuggingPort': '52722', 'downloadPath': 'C:\\Users\\Administrator\\Desktop\\Hubstudio\\temu全托106店-BAKAM', 'duplicate': 2304, 'ip': '121.229.211.102', 'isDynamicIp': False, 'launcherPage': 'about:blank', 'proxyType': 'socks5', 'runMode': 2, 'webdriver': 'C:\\Users\\Administrator\\AppData\\Local\\env-kit\\Core\\chrome_64_131_202501091017\\webdriver.exe', 'containerId': 104315998, 'containerCode': '1051159982', 'statusCode': '0', 'err': '成功(Success)'}}
2026-04-17 14:27:08,170 | INFO | temu_parcel_tracer | 106-Temu全托管 - 浏览器启动成功, 调试端口: 52722
2026-04-17 14:27:09,550 | INFO | temu_parcel_tracer | 106-Temu全托管 - 已连接浏览器
2026-04-17 14:27:09,563 | ERROR | temu_parcel_tracer | 106-Temu全托管 - 打开登录页失败: Page.goto: net::ERR_ABORTED at https://seller.kuajingmaihuo.com/login
Call log:
  - navigating to "https://seller.kuajingmaihuo.com/login", waiting until "domcontentloaded"

2026-04-17 14:27:09,563 | ERROR | temu_parcel_tracer | 106-Temu全托管 - 第 4 次失败: open_login_page 失败
Traceback (most recent call last):
  File "D:\sd14\Temu_horizon\core\login.py", line 255, in run
    result = await self.run_once()
  File "D:\sd14\Temu_horizon\core\login.py", line 238, in run_once
    raise Exception("open_login_page 失败")
Exception: open_login_page 失败
2026-04-17 14:27:09,580 | INFO | temu_parcel_tracer | 106-Temu全托管 - 已关闭Playwright连接
2026-04-17 14:27:10,514 | INFO | temu_parcel_tracer | 106-Temu全托管 - 已发送停止浏览器请求
2026-04-17 14:27:10,514 | INFO | temu_parcel_tracer | 106-Temu全托管 - 准备重试，等待 3 秒...
2026-04-17 14:27:13,524 | INFO | temu_parcel_tracer | 106-Temu全托管 - 第 5 次登录尝试
2026-04-17 14:27:16,478 | INFO | temu_parcel_tracer | 106-Temu全托管 - start_api 返回: {'code': 0, 'msg': 'Success', 'data': {'action': 'startBrowserByCode', 'backgroundPluginId': 'pngnekjgjoanofgpkpnjilfmdnlhikjk', 'browserID': 104315998, 'browserPath': 'C:\\Users\\Administrator\\AppData\\Local\\env-kit\\Core\\chrome_64_131_202501091017\\hubstudio', 'debuggingPort': '52815', 'downloadPath': 'C:\\Users\\Administrator\\Desktop\\Hubstudio\\temu全托106店-BAKAM', 'duplicate': 2558, 'ip': '121.229.211.102', 'isDynamicIp': False, 'launcherPage': 'about:blank', 'proxyType': 'socks5', 'runMode': 2, 'webdriver': 'C:\\Users\\Administrator\\AppData\\Local\\env-kit\\Core\\chrome_64_131_202501091017\\webdriver.exe', 'containerId': 104315998, 'containerCode': '1051159982', 'statusCode': '0', 'err': '成功(Success)'}}
2026-04-17 14:27:16,478 | INFO | temu_parcel_tracer | 106-Temu全托管 - 浏览器启动成功, 调试端口: 52815
2026-04-17 14:27:17,839 | INFO | temu_parcel_tracer | 106-Temu全托管 - 已连接浏览器
2026-04-17 14:27:18,238 | INFO | temu_parcel_tracer | --------------------106-Temu全托管 ------------------------ 开始登录...
2026-04-17 14:27:24,140 | ERROR | temu_parcel_tracer | 106-Temu全托管 - 未出现取消按钮，跳过
2026-04-17 14:27:24,179 | INFO | temu_parcel_tracer | 106-Temu全托管 - 已点击进入
2026-04-17 14:27:24,180 | INFO | temu_parcel_tracer | 106-Temu全托管 - 登录成功
2026-04-17 14:27:24,180 | INFO | temu_parcel_tracer | 106-Temu全托管 - 等待 agentseller Cookie 生效
2026-04-17 14:27:32,517 | INFO | temu_parcel_tracer | 106-Temu全托管 - Cookie 已保存: D:\sd14\Temu_horizon\data\cookies\106-Temu全托管_kuajingmaihuo_cookies.json
2026-04-17 14:27:32,517 | INFO | temu_parcel_tracer | 106-Temu全托管 - Cookie 获取完成，准备关闭浏览器
2026-04-17 14:27:32,517 | INFO | temu_parcel_tracer | 106-Temu全托管 - 登录成功（第 5 次）
2026-04-17 14:27:32,534 | INFO | temu_parcel_tracer | 106-Temu全托管 - 已关闭Playwright连接
2026-04-17 14:27:33,547 | INFO | temu_parcel_tracer | 106-Temu全托管 - 已发送停止浏览器请求
2026-04-17 14:28:00,738 | INFO | temu_parcel_tracer | 第 1 页获取到 36 条数据
2026-04-17 14:28:00,738 | INFO | temu_parcel_tracer | 已获取最后一页，停止获取
2026-04-17 14:28:00,739 | INFO | temu_parcel_tracer | ----------------开始上传(temu-发货揽收轨迹及丢件)的数据---------------------
2026-04-17 14:28:00,741 | INFO | temu_parcel_tracer | 准备上传 8 条记录...
2026-04-17 14:28:02,622 | INFO | temu_parcel_tracer | 
上传统计:
2026-04-17 14:28:02,622 | INFO | temu_parcel_tracer | 总记录数: 8
2026-04-17 14:28:02,622 | INFO | temu_parcel_tracer | 成功数量: 8
2026-04-17 14:28:02,623 | INFO | temu_parcel_tracer | 失败数量: 0
2026-04-17 14:28:02,623 | INFO | temu_parcel_tracer | 成功批次: 1
2026-04-17 14:28:02,623 | INFO | temu_parcel_tracer | 失败批次: 0
2026-04-17 14:28:02,623 | INFO | temu_parcel_tracer | 106-Temu全托管 发货揽收轨迹数据爬取完成，共8条记录
2026-04-17 14:28:02,623 | INFO | temu_parcel_tracer | ----------------开始爬取店铺106-Temu全托管--入库的数据---------------------
2026-04-17 14:28:02,764 | INFO | temu_parcel_tracer | 正在获取第 1 页数据...
2026-04-17 14:28:06,703 | ERROR | temu_parcel_tracer | [106-Temu全托管] 请求失败（第 1 次）: 403 Client Error: Forbidden for url: https://agentseller.temu.com/mms/venom/api/supplier/purchase/manager/querySubOrderList
2026-04-17 14:28:06,704 | INFO | temu_parcel_tracer | 106-Temu全托管 - 第 1 次登录尝试
2026-04-17 14:28:09,652 | INFO | temu_parcel_tracer | 106-Temu全托管 - start_api 返回: {'code': 0, 'msg': 'Success', 'data': {'action': 'startBrowserByCode', 'backgroundPluginId': 'pngnekjgjoanofgpkpnjilfmdnlhikjk', 'browserID': 104315998, 'browserPath': 'C:\\Users\\Administrator\\AppData\\Local\\env-kit\\Core\\chrome_64_131_202501091017\\hubstudio', 'debuggingPort': '53217', 'downloadPath': 'C:\\Users\\Administrator\\Desktop\\Hubstudio\\temu全托106店-BAKAM', 'duplicate': 2478, 'ip': '121.229.211.102', 'isDynamicIp': False, 'launcherPage': 'about:blank', 'proxyType': 'socks5', 'runMode': 2, 'webdriver': 'C:\\Users\\Administrator\\AppData\\Local\\env-kit\\Core\\chrome_64_131_202501091017\\webdriver.exe', 'containerId': 104315998, 'containerCode': '1051159982', 'statusCode': '0', 'err': '成功(Success)'}}
2026-04-17 14:28:09,652 | INFO | temu_parcel_tracer | 106-Temu全托管 - 浏览器启动成功, 调试端口: 53217
2026-04-17 14:28:11,024 | INFO | temu_parcel_tracer | 106-Temu全托管 - 已连接浏览器
2026-04-17 14:28:16,565 | INFO | temu_parcel_tracer | --------------------106-Temu全托管 ------------------------ 开始登录...
2026-04-17 14:28:22,126 | ERROR | temu_parcel_tracer | 106-Temu全托管 - 未出现取消按钮，跳过
2026-04-17 14:28:22,153 | INFO | temu_parcel_tracer | 106-Temu全托管 - 已点击进入
2026-04-17 14:28:22,153 | INFO | temu_parcel_tracer | 106-Temu全托管 - 登录成功
2026-04-17 14:28:22,153 | INFO | temu_parcel_tracer | 106-Temu全托管 - 等待 agentseller Cookie 生效
2026-04-17 14:28:29,650 | INFO | temu_parcel_tracer | 106-Temu全托管 - Cookie 已保存: D:\sd14\Temu_horizon\data\cookies\106-Temu全托管_cookies.json
2026-04-17 14:28:29,650 | INFO | temu_parcel_tracer | 106-Temu全托管 - Cookie 获取完成，准备关闭浏览器
2026-04-17 14:28:29,650 | INFO | temu_parcel_tracer | 106-Temu全托管 - 登录成功（第 1 次）
2026-04-17 14:28:29,671 | INFO | temu_parcel_tracer | 106-Temu全托管 - 已关闭Playwright连接
2026-04-17 14:28:30,749 | INFO | temu_parcel_tracer | 106-Temu全托管 - 已发送停止浏览器请求
2026-04-17 14:28:37,065 | INFO | temu_parcel_tracer | ✓ 第 1 页获取到异常数据 0 条数据
2026-04-17 14:28:37,065 | INFO | temu_parcel_tracer | 当前页数据并且数据为当月产生的数据不足100条，可能是最后一页，停止获取
2026-04-17 14:28:37,065 | INFO | temu_parcel_tracer | ----------------开始上传(temu-入库情况)的数据---------------------
2026-04-17 14:28:37,066 | INFO | temu_parcel_tracer | 准备上传 0 条记录...
2026-04-17 14:28:37,066 | INFO | temu_parcel_tracer | 
上传统计:
2026-04-17 14:28:37,066 | INFO | temu_parcel_tracer | 总记录数: 0
2026-04-17 14:28:37,066 | INFO | temu_parcel_tracer | 成功数量: 0
2026-04-17 14:28:37,066 | INFO | temu_parcel_tracer | 失败数量: 0
2026-04-17 14:28:37,066 | INFO | temu_parcel_tracer | 成功批次: 0
2026-04-17 14:28:37,066 | INFO | temu_parcel_tracer | 失败批次: 0
2026-04-17 14:28:37,066 | INFO | temu_parcel_tracer | 106-Temu全托管 入库情况数据爬取完成，共0条记录
2026-04-17 14:28:39,073 | INFO | temu_parcel_tracer | ----------------开始爬取店铺105-Temu全托管--仓库待收货的数据---------------------
2026-04-17 14:28:39,206 | INFO | temu_parcel_tracer | 正在获取第1页数据...
2026-04-17 14:28:39,208 | INFO | temu_parcel_tracer | 105-Temu全托管 - 第 1 次登录尝试
2026-04-17 14:28:42,606 | INFO | temu_parcel_tracer | 105-Temu全托管 - start_api 返回: {'code': 0, 'msg': 'Success', 'data': {'action': 'startBrowserByCode', 'backgroundPluginId': 'egdlpkdlagfommapeejeoihfohgccfih', 'browserID': 104314256, 'browserPath': 'C:\\Users\\Administrator\\AppData\\Local\\env-kit\\Core\\chrome_64_131_202501091017\\hubstudio', 'debuggingPort': '53464', 'downloadPath': 'C:\\Users\\Administrator\\Desktop\\Hubstudio\\temu全托105店-UNE LUCIOLE', 'duplicate': 2984, 'ip': '124.225.4.69', 'isDynamicIp': False, 'launcherPage': 'about:blank', 'proxyType': 'socks5', 'runMode': 2, 'webdriver': 'C:\\Users\\Administrator\\AppData\\Local\\env-kit\\Core\\chrome_64_131_202501091017\\webdriver.exe', 'containerId': 104314256, 'containerCode': '1051142565', 'statusCode': '0', 'err': '成功(Success)'}}
2026-04-17 14:28:42,606 | INFO | temu_parcel_tracer | 105-Temu全托管 - 浏览器启动成功, 调试端口: 53464
2026-04-17 14:28:43,951 | INFO | temu_parcel_tracer | 105-Temu全托管 - 已连接浏览器
2026-04-17 14:28:45,407 | INFO | temu_parcel_tracer | --------------------105-Temu全托管 ------------------------ 开始登录...
2026-04-17 14:28:51,109 | ERROR | temu_parcel_tracer | 105-Temu全托管 - 未出现取消按钮，跳过
2026-04-17 14:28:52,121 | ERROR | temu_parcel_tracer | 105-Temu全托管 - 未出现进入按钮，跳过
2026-04-17 14:28:52,121 | INFO | temu_parcel_tracer | 105-Temu全托管 - 登录成功
2026-04-17 14:28:52,121 | INFO | temu_parcel_tracer | 105-Temu全托管 - 等待 agentseller Cookie 生效
2026-04-17 14:29:14,901 | INFO | temu_parcel_tracer | 105-Temu全托管 - Cookie 已保存: D:\sd14\Temu_horizon\data\cookies\105-Temu全托管_kuajingmaihuo_cookies.json
2026-04-17 14:29:14,901 | INFO | temu_parcel_tracer | 105-Temu全托管 - Cookie 获取完成，准备关闭浏览器
2026-04-17 14:29:14,901 | INFO | temu_parcel_tracer | 105-Temu全托管 - 登录成功（第 1 次）
2026-04-17 14:29:14,923 | INFO | temu_parcel_tracer | 105-Temu全托管 - 已关闭Playwright连接
2026-04-17 14:29:16,131 | INFO | temu_parcel_tracer | 105-Temu全托管 - 已发送停止浏览器请求
2026-04-17 14:30:19,903 | INFO | temu_parcel_tracer | 第1次请求被限流，访问人数过多，请稍后重试，等待后重试...
2026-04-17 14:30:24,059 | INFO | temu_parcel_tracer | 第 1 页获取到 92 条数据
2026-04-17 14:30:24,060 | INFO | temu_parcel_tracer | 已获取最后一页，停止获取
2026-04-17 14:30:24,060 | INFO | temu_parcel_tracer | ----------------开始上传(temu-发货揽收轨迹及丢件)的数据---------------------
2026-04-17 14:30:24,061 | INFO | temu_parcel_tracer | 准备上传 34 条记录...
2026-04-17 14:30:26,012 | INFO | temu_parcel_tracer | 
上传统计:
2026-04-17 14:30:26,013 | INFO | temu_parcel_tracer | 总记录数: 34
2026-04-17 14:30:26,013 | INFO | temu_parcel_tracer | 成功数量: 34
2026-04-17 14:30:26,013 | INFO | temu_parcel_tracer | 失败数量: 0
2026-04-17 14:30:26,013 | INFO | temu_parcel_tracer | 成功批次: 1
2026-04-17 14:30:26,013 | INFO | temu_parcel_tracer | 失败批次: 0
2026-04-17 14:30:26,014 | INFO | temu_parcel_tracer | 105-Temu全托管 发货揽收轨迹数据爬取完成，共34条记录
2026-04-17 14:30:26,014 | INFO | temu_parcel_tracer | ----------------开始爬取店铺105-Temu全托管--入库的数据---------------------
2026-04-17 14:30:26,139 | INFO | temu_parcel_tracer | 正在获取第 1 页数据...
2026-04-17 14:30:28,769 | ERROR | temu_parcel_tracer | [105-Temu全托管] 请求失败（第 1 次）: 403 Client Error: Forbidden for url: https://agentseller.temu.com/mms/venom/api/supplier/purchase/manager/querySubOrderList
2026-04-17 14:30:28,769 | INFO | temu_parcel_tracer | 105-Temu全托管 - 第 1 次登录尝试
2026-04-17 14:30:31,815 | INFO | temu_parcel_tracer | 105-Temu全托管 - start_api 返回: {'code': 0, 'msg': 'Success', 'data': {'action': 'startBrowserByCode', 'backgroundPluginId': 'egdlpkdlagfommapeejeoihfohgccfih', 'browserID': 104314256, 'browserPath': 'C:\\Users\\Administrator\\AppData\\Local\\env-kit\\Core\\chrome_64_131_202501091017\\hubstudio', 'debuggingPort': '54389', 'downloadPath': 'C:\\Users\\Administrator\\Desktop\\Hubstudio\\temu全托105店-UNE LUCIOLE', 'duplicate': 2604, 'ip': '124.225.4.69', 'isDynamicIp': False, 'launcherPage': 'about:blank', 'proxyType': 'socks5', 'runMode': 2, 'webdriver': 'C:\\Users\\Administrator\\AppData\\Local\\env-kit\\Core\\chrome_64_131_202501091017\\webdriver.exe', 'containerId': 104314256, 'containerCode': '1051142565', 'statusCode': '0', 'err': '成功(Success)'}}
2026-04-17 14:30:31,815 | INFO | temu_parcel_tracer | 105-Temu全托管 - 浏览器启动成功, 调试端口: 54389
2026-04-17 14:30:33,179 | INFO | temu_parcel_tracer | 105-Temu全托管 - 已连接浏览器
2026-04-17 14:30:33,561 | INFO | temu_parcel_tracer | --------------------105-Temu全托管 ------------------------ 开始登录...
2026-04-17 14:30:39,167 | ERROR | temu_parcel_tracer | 105-Temu全托管 - 未出现取消按钮，跳过
2026-04-17 14:30:39,213 | INFO | temu_parcel_tracer | 105-Temu全托管 - 已点击进入
2026-04-17 14:30:39,213 | INFO | temu_parcel_tracer | 105-Temu全托管 - 登录成功
2026-04-17 14:30:39,213 | INFO | temu_parcel_tracer | 105-Temu全托管 - 等待 agentseller Cookie 生效
2026-04-17 14:30:47,306 | INFO | temu_parcel_tracer | 105-Temu全托管 - Cookie 已保存: D:\sd14\Temu_horizon\data\cookies\105-Temu全托管_cookies.json
2026-04-17 14:30:47,307 | INFO | temu_parcel_tracer | 105-Temu全托管 - Cookie 获取完成，准备关闭浏览器
2026-04-17 14:30:47,307 | INFO | temu_parcel_tracer | 105-Temu全托管 - 登录成功（第 1 次）
2026-04-17 14:30:47,323 | INFO | temu_parcel_tracer | 105-Temu全托管 - 已关闭Playwright连接
2026-04-17 14:30:48,453 | INFO | temu_parcel_tracer | 105-Temu全托管 - 已发送停止浏览器请求
2026-04-17 14:30:55,442 | WARNING | temu_parcel_tracer | 🚨 入库异常 | 店铺=105-Temu全托管 | 备货单=WB2604076064173 | 送货=68 | 入库=59
2026-04-17 14:30:55,443 | INFO | temu_parcel_tracer | ✓ 第 1 页获取到异常数据 8 条数据
2026-04-17 14:30:58,245 | INFO | temu_parcel_tracer | 正在获取第 2 页数据...
2026-04-17 14:31:03,592 | INFO | temu_parcel_tracer | ✓ 第 2 页获取到异常数据 3 条数据
2026-04-17 14:31:04,705 | INFO | temu_parcel_tracer | 正在获取第 3 页数据...
2026-04-17 14:31:08,837 | INFO | temu_parcel_tracer | ✓ 第 3 页获取到异常数据 1 条数据
2026-04-17 14:31:08,838 | INFO | temu_parcel_tracer | 当前页数据并且数据为当月产生的数据不足100条，可能是最后一页，停止获取
2026-04-17 14:31:08,839 | INFO | temu_parcel_tracer | ----------------开始上传(temu-入库情况)的数据---------------------
2026-04-17 14:31:08,841 | INFO | temu_parcel_tracer | 准备上传 1 条记录...
2026-04-17 14:31:10,412 | INFO | temu_parcel_tracer | 
上传统计:
2026-04-17 14:31:10,413 | INFO | temu_parcel_tracer | 总记录数: 1
2026-04-17 14:31:10,413 | INFO | temu_parcel_tracer | 成功数量: 1
2026-04-17 14:31:10,413 | INFO | temu_parcel_tracer | 失败数量: 0
2026-04-17 14:31:10,413 | INFO | temu_parcel_tracer | 成功批次: 1
2026-04-17 14:31:10,413 | INFO | temu_parcel_tracer | 失败批次: 0
2026-04-17 14:31:10,414 | INFO | temu_parcel_tracer | 105-Temu全托管 入库情况数据爬取完成，共1条记录
2026-04-17 14:31:12,417 | INFO | temu_parcel_tracer | ----------------开始爬取店铺104-Temu全托管--仓库待收货的数据---------------------
2026-04-17 14:31:12,542 | INFO | temu_parcel_tracer | 正在获取第1页数据...
2026-04-17 14:31:12,544 | INFO | temu_parcel_tracer | 104-Temu全托管 - 第 1 次登录尝试
2026-04-17 14:31:16,333 | INFO | temu_parcel_tracer | 104-Temu全托管 - start_api 返回: {'code': 0, 'msg': 'Success', 'data': {'action': 'startBrowserByCode', 'backgroundPluginId': 'chlkfnmgfghenbeelpneidfjbkpokonp', 'browserID': 104527083, 'browserPath': 'C:\\Users\\Administrator\\AppData\\Local\\env-kit\\Core\\chrome_64_131_202501091017\\hubstudio', 'debuggingPort': '54732', 'downloadPath': 'C:\\Users\\Administrator\\Desktop\\Hubstudio\\temu全托104店-YYDeeK子账号', 'duplicate': 3340, 'ip': '125.75.68.73', 'isDynamicIp': False, 'launcherPage': 'about:blank', 'proxyType': 'socks5', 'runMode': 2, 'webdriver': 'C:\\Users\\Administrator\\AppData\\Local\\env-kit\\Core\\chrome_64_131_202501091017\\webdriver.exe', 'containerId': 104527083, 'containerCode': '1053270835', 'statusCode': '0', 'err': '成功(Success)'}}
2026-04-17 14:31:16,333 | INFO | temu_parcel_tracer | 104-Temu全托管 - 浏览器启动成功, 调试端口: 54732
2026-04-17 14:31:17,695 | INFO | temu_parcel_tracer | 104-Temu全托管 - 已连接浏览器
2026-04-17 14:31:19,027 | INFO | temu_parcel_tracer | --------------------104-Temu全托管 ------------------------ 开始登录...
2026-04-17 14:31:25,228 | ERROR | temu_parcel_tracer | 104-Temu全托管 - 未出现取消按钮，跳过
2026-04-17 14:31:26,247 | ERROR | temu_parcel_tracer | 104-Temu全托管 - 未出现进入按钮，跳过
2026-04-17 14:31:26,247 | INFO | temu_parcel_tracer | 104-Temu全托管 - 登录成功
2026-04-17 14:31:26,247 | INFO | temu_parcel_tracer | 104-Temu全托管 - 等待 agentseller Cookie 生效
2026-04-17 14:31:38,350 | INFO | temu_parcel_tracer | 104-Temu全托管 - Cookie 已保存: D:\sd14\Temu_horizon\data\cookies\104-Temu全托管_kuajingmaihuo_cookies.json
2026-04-17 14:31:38,350 | INFO | temu_parcel_tracer | 104-Temu全托管 - Cookie 获取完成，准备关闭浏览器
2026-04-17 14:31:38,350 | INFO | temu_parcel_tracer | 104-Temu全托管 - 登录成功（第 1 次）
2026-04-17 14:31:38,363 | INFO | temu_parcel_tracer | 104-Temu全托管 - 已关闭Playwright连接
2026-04-17 14:31:39,641 | INFO | temu_parcel_tracer | 104-Temu全托管 - 已发送停止浏览器请求
2026-04-17 14:32:07,826 | INFO | temu_parcel_tracer | 第 1 页获取到 36 条数据
2026-04-17 14:32:07,826 | INFO | temu_parcel_tracer | 已获取最后一页，停止获取
2026-04-17 14:32:07,827 | INFO | temu_parcel_tracer | ----------------开始上传(temu-发货揽收轨迹及丢件)的数据---------------------
2026-04-17 14:32:07,829 | INFO | temu_parcel_tracer | 准备上传 10 条记录...
2026-04-17 14:32:10,497 | INFO | temu_parcel_tracer | 
上传统计:
2026-04-17 14:32:10,497 | INFO | temu_parcel_tracer | 总记录数: 10
2026-04-17 14:32:10,497 | INFO | temu_parcel_tracer | 成功数量: 10
2026-04-17 14:32:10,497 | INFO | temu_parcel_tracer | 失败数量: 0
2026-04-17 14:32:10,497 | INFO | temu_parcel_tracer | 成功批次: 1
2026-04-17 14:32:10,497 | INFO | temu_parcel_tracer | 失败批次: 0
2026-04-17 14:32:10,497 | INFO | temu_parcel_tracer | 104-Temu全托管 发货揽收轨迹数据爬取完成，共10条记录
2026-04-17 14:32:10,497 | INFO | temu_parcel_tracer | ----------------开始爬取店铺104-Temu全托管--入库的数据---------------------
2026-04-17 14:32:10,634 | INFO | temu_parcel_tracer | 正在获取第 1 页数据...
2026-04-17 14:32:12,094 | ERROR | temu_parcel_tracer | [104-Temu全托管] 请求失败（第 1 次）: 403 Client Error: Forbidden for url: https://agentseller.temu.com/mms/venom/api/supplier/purchase/manager/querySubOrderList
2026-04-17 14:32:12,094 | INFO | temu_parcel_tracer | 104-Temu全托管 - 第 1 次登录尝试
2026-04-17 14:32:15,081 | INFO | temu_parcel_tracer | 104-Temu全托管 - start_api 返回: {'code': 0, 'msg': 'Success', 'data': {'action': 'startBrowserByCode', 'backgroundPluginId': 'chlkfnmgfghenbeelpneidfjbkpokonp', 'browserID': 104527083, 'browserPath': 'C:\\Users\\Administrator\\AppData\\Local\\env-kit\\Core\\chrome_64_131_202501091017\\hubstudio', 'debuggingPort': '55254', 'downloadPath': 'C:\\Users\\Administrator\\Desktop\\Hubstudio\\temu全托104店-YYDeeK子账号', 'duplicate': 2528, 'ip': '125.75.68.73', 'isDynamicIp': False, 'launcherPage': 'about:blank', 'proxyType': 'socks5', 'runMode': 2, 'webdriver': 'C:\\Users\\Administrator\\AppData\\Local\\env-kit\\Core\\chrome_64_131_202501091017\\webdriver.exe', 'containerId': 104527083, 'containerCode': '1053270835', 'statusCode': '0', 'err': '成功(Success)'}}
2026-04-17 14:32:15,081 | INFO | temu_parcel_tracer | 104-Temu全托管 - 浏览器启动成功, 调试端口: 55254
2026-04-17 14:32:16,485 | INFO | temu_parcel_tracer | 104-Temu全托管 - 已连接浏览器
2026-04-17 14:32:16,982 | INFO | temu_parcel_tracer | --------------------104-Temu全托管 ------------------------ 开始登录...
2026-04-17 14:32:23,160 | ERROR | temu_parcel_tracer | 104-Temu全托管 - 未出现取消按钮，跳过
2026-04-17 14:32:23,191 | INFO | temu_parcel_tracer | 104-Temu全托管 - 已点击进入
2026-04-17 14:32:23,191 | INFO | temu_parcel_tracer | 104-Temu全托管 - 登录成功
2026-04-17 14:32:23,191 | INFO | temu_parcel_tracer | 104-Temu全托管 - 等待 agentseller Cookie 生效
2026-04-17 14:32:33,120 | INFO | temu_parcel_tracer | 104-Temu全托管 - Cookie 已保存: D:\sd14\Temu_horizon\data\cookies\104-Temu全托管_cookies.json
2026-04-17 14:32:33,120 | INFO | temu_parcel_tracer | 104-Temu全托管 - Cookie 获取完成，准备关闭浏览器
2026-04-17 14:32:33,120 | INFO | temu_parcel_tracer | 104-Temu全托管 - 登录成功（第 1 次）
2026-04-17 14:32:33,135 | INFO | temu_parcel_tracer | 104-Temu全托管 - 已关闭Playwright连接
2026-04-17 14:32:34,199 | INFO | temu_parcel_tracer | 104-Temu全托管 - 已发送停止浏览器请求
2026-04-17 14:32:40,543 | INFO | temu_parcel_tracer | ✓ 第 1 页获取到异常数据 4 条数据
2026-04-17 14:32:40,544 | INFO | temu_parcel_tracer | 当前页数据并且数据为当月产生的数据不足100条，可能是最后一页，停止获取
2026-04-17 14:32:40,544 | INFO | temu_parcel_tracer | ----------------开始上传(temu-入库情况)的数据---------------------
2026-04-17 14:32:40,546 | INFO | temu_parcel_tracer | 准备上传 0 条记录...
2026-04-17 14:32:40,546 | INFO | temu_parcel_tracer | 
上传统计:
2026-04-17 14:32:40,546 | INFO | temu_parcel_tracer | 总记录数: 0
2026-04-17 14:32:40,546 | INFO | temu_parcel_tracer | 成功数量: 0
2026-04-17 14:32:40,546 | INFO | temu_parcel_tracer | 失败数量: 0
2026-04-17 14:32:40,546 | INFO | temu_parcel_tracer | 成功批次: 0
2026-04-17 14:32:40,546 | INFO | temu_parcel_tracer | 失败批次: 0
2026-04-17 14:32:40,546 | INFO | temu_parcel_tracer | 104-Temu全托管 入库情况数据爬取完成，共0条记录
2026-04-17 14:32:42,554 | INFO | temu_parcel_tracer | ----------------开始爬取店铺103-Temu全托管--仓库待收货的数据---------------------
2026-04-17 14:32:42,698 | INFO | temu_parcel_tracer | 正在获取第1页数据...
2026-04-17 14:32:43,069 | ERROR | temu_parcel_tracer | [103-Temu全托管] 请求失败（第 1 次）: 403 Client Error: Forbidden for url: https://seller.kuajingmaihuo.com/bgSongbird-api/supplier/deliverGoods/management/pageQueryDeliveryBatch
2026-04-17 14:32:43,069 | INFO | temu_parcel_tracer | 103-Temu全托管 - 第 1 次登录尝试
2026-04-17 14:32:46,393 | INFO | temu_parcel_tracer | 103-Temu全托管 - start_api 返回: {'code': 0, 'msg': 'Success', 'data': {'action': 'startBrowserByCode', 'backgroundPluginId': 'cjlkadfgnhnogfgajjoffajniklimcmh', 'browserID': 104523239, 'browserPath': 'C:\\Users\\Administrator\\AppData\\Local\\env-kit\\Core\\chrome_64_131_202501091017\\hubstudio', 'debuggingPort': '55542', 'downloadPath': 'C:\\Users\\Administrator\\Desktop\\Hubstudio\\temu全托103店-PBee', 'duplicate': 2925, 'ip': '125.75.68.73', 'isDynamicIp': False, 'launcherPage': 'about:blank', 'proxyType': 'socks5', 'runMode': 2, 'webdriver': 'C:\\Users\\Administrator\\AppData\\Local\\env-kit\\Core\\chrome_64_131_202501091017\\webdriver.exe', 'containerId': 104523239, 'containerCode': '1053232390', 'statusCode': '0', 'err': '成功(Success)'}}
2026-04-17 14:32:46,393 | INFO | temu_parcel_tracer | 103-Temu全托管 - 浏览器启动成功, 调试端口: 55542
2026-04-17 14:32:47,765 | INFO | temu_parcel_tracer | 103-Temu全托管 - 已连接浏览器
2026-04-17 14:32:49,068 | INFO | temu_parcel_tracer | --------------------103-Temu全托管 ------------------------ 开始登录...
2026-04-17 14:32:55,409 | ERROR | temu_parcel_tracer | 103-Temu全托管 - 未出现取消按钮，跳过
2026-04-17 14:32:56,417 | ERROR | temu_parcel_tracer | 103-Temu全托管 - 未出现进入按钮，跳过
2026-04-17 14:32:56,418 | INFO | temu_parcel_tracer | 103-Temu全托管 - 登录成功
2026-04-17 14:32:56,418 | INFO | temu_parcel_tracer | 103-Temu全托管 - 等待 agentseller Cookie 生效
2026-04-17 14:33:08,433 | INFO | temu_parcel_tracer | 命中授权方式一：确认授权并前往
2026-04-17 14:33:08,517 | INFO | temu_parcel_tracer | 授权流程完成
2026-04-17 14:33:14,552 | INFO | temu_parcel_tracer | 103-Temu全托管 - Cookie 已保存: D:\sd14\Temu_horizon\data\cookies\103-Temu全托管_kuajingmaihuo_cookies.json
2026-04-17 14:33:14,552 | INFO | temu_parcel_tracer | 103-Temu全托管 - Cookie 获取完成，准备关闭浏览器
2026-04-17 14:33:14,552 | INFO | temu_parcel_tracer | 103-Temu全托管 - 登录成功（第 1 次）
2026-04-17 14:33:14,574 | INFO | temu_parcel_tracer | 103-Temu全托管 - 已关闭Playwright连接
2026-04-17 14:33:15,827 | INFO | temu_parcel_tracer | 103-Temu全托管 - 已发送停止浏览器请求
2026-04-17 14:34:07,185 | WARNING | temu_parcel_tracer | 🚨 入库异常 | 店铺=103-Temu全托管  备货单号：WB2604081339742
 状态：异常
 异常原因：已超过预约取货时间(2026-04-15 18:00:00)1天以上
2026-04-17 14:34:07,185 | WARNING | temu_parcel_tracer | 🚨 入库异常 | 店铺=103-Temu全托管  备货单号：WB2604113052833
 状态：异常
 异常原因：已超过预约取货时间(2026-04-15 18:00:00)1天以上
2026-04-17 14:34:07,185 | INFO | temu_parcel_tracer | 第 1 页获取到 66 条数据
2026-04-17 14:34:07,185 | INFO | temu_parcel_tracer | 已获取最后一页，停止获取
2026-04-17 14:34:07,185 | INFO | temu_parcel_tracer | ----------------开始上传(temu-发货揽收轨迹及丢件)的数据---------------------
2026-04-17 14:34:07,186 | INFO | temu_parcel_tracer | 准备上传 28 条记录...
2026-04-17 14:34:10,070 | INFO | temu_parcel_tracer | 
上传统计:
2026-04-17 14:34:10,071 | INFO | temu_parcel_tracer | 总记录数: 28
2026-04-17 14:34:10,071 | INFO | temu_parcel_tracer | 成功数量: 28
2026-04-17 14:34:10,071 | INFO | temu_parcel_tracer | 失败数量: 0
2026-04-17 14:34:10,071 | INFO | temu_parcel_tracer | 成功批次: 1
2026-04-17 14:34:10,072 | INFO | temu_parcel_tracer | 失败批次: 0
2026-04-17 14:34:10,072 | INFO | temu_parcel_tracer | 103-Temu全托管 发货揽收轨迹数据爬取完成，共28条记录
2026-04-17 14:34:10,072 | INFO | temu_parcel_tracer | ----------------开始爬取店铺103-Temu全托管--入库的数据---------------------
2026-04-17 14:34:10,228 | INFO | temu_parcel_tracer | 正在获取第 1 页数据...
2026-04-17 14:34:11,954 | ERROR | temu_parcel_tracer | [103-Temu全托管] 请求失败（第 1 次）: 403 Client Error: Forbidden for url: https://agentseller.temu.com/mms/venom/api/supplier/purchase/manager/querySubOrderList
2026-04-17 14:34:11,955 | INFO | temu_parcel_tracer | 103-Temu全托管 - 第 1 次登录尝试
2026-04-17 14:34:15,207 | INFO | temu_parcel_tracer | 103-Temu全托管 - start_api 返回: {'code': 0, 'msg': 'Success', 'data': {'action': 'startBrowserByCode', 'backgroundPluginId': 'cjlkadfgnhnogfgajjoffajniklimcmh', 'browserID': 104523239, 'browserPath': 'C:\\Users\\Administrator\\AppData\\Local\\env-kit\\Core\\chrome_64_131_202501091017\\hubstudio', 'debuggingPort': '56241', 'downloadPath': 'C:\\Users\\Administrator\\Desktop\\Hubstudio\\temu全托103店-PBee', 'duplicate': 2778, 'ip': '125.75.68.73', 'isDynamicIp': False, 'launcherPage': 'about:blank', 'proxyType': 'socks5', 'runMode': 2, 'webdriver': 'C:\\Users\\Administrator\\AppData\\Local\\env-kit\\Core\\chrome_64_131_202501091017\\webdriver.exe', 'containerId': 104523239, 'containerCode': '1053232390', 'statusCode': '0', 'err': '成功(Success)'}}
2026-04-17 14:34:15,207 | INFO | temu_parcel_tracer | 103-Temu全托管 - 浏览器启动成功, 调试端口: 56241
2026-04-17 14:34:16,580 | INFO | temu_parcel_tracer | 103-Temu全托管 - 已连接浏览器
2026-04-17 14:34:17,083 | INFO | temu_parcel_tracer | --------------------103-Temu全托管 ------------------------ 开始登录...
2026-04-17 14:34:23,218 | ERROR | temu_parcel_tracer | 103-Temu全托管 - 未出现取消按钮，跳过
2026-04-17 14:34:23,254 | INFO | temu_parcel_tracer | 103-Temu全托管 - 已点击进入
2026-04-17 14:34:23,254 | INFO | temu_parcel_tracer | 103-Temu全托管 - 登录成功
2026-04-17 14:34:23,254 | INFO | temu_parcel_tracer | 103-Temu全托管 - 等待 agentseller Cookie 生效
2026-04-17 14:34:32,446 | INFO | temu_parcel_tracer | 103-Temu全托管 - Cookie 已保存: D:\sd14\Temu_horizon\data\cookies\103-Temu全托管_cookies.json
2026-04-17 14:34:32,447 | INFO | temu_parcel_tracer | 103-Temu全托管 - Cookie 获取完成，准备关闭浏览器
2026-04-17 14:34:32,447 | INFO | temu_parcel_tracer | 103-Temu全托管 - 登录成功（第 1 次）
2026-04-17 14:34:32,464 | INFO | temu_parcel_tracer | 103-Temu全托管 - 已关闭Playwright连接
2026-04-17 14:34:33,670 | INFO | temu_parcel_tracer | 103-Temu全托管 - 已发送停止浏览器请求
2026-04-17 14:34:39,906 | WARNING | temu_parcel_tracer | 🚨 入库异常 | 店铺=103-Temu全托管 | 备货单=WB2604145500135 | 送货=16 | 入库=15
2026-04-17 14:34:39,906 | INFO | temu_parcel_tracer | ✓ 第 1 页获取到异常数据 3 条数据
2026-04-17 14:34:41,415 | INFO | temu_parcel_tracer | 正在获取第 2 页数据...
2026-04-17 14:34:44,845 | INFO | temu_parcel_tracer | ✓ 第 2 页获取到异常数据 1 条数据
2026-04-17 14:34:44,845 | INFO | temu_parcel_tracer | 当前页数据并且数据为当月产生的数据不足100条，可能是最后一页，停止获取
2026-04-17 14:34:44,846 | INFO | temu_parcel_tracer | ----------------开始上传(temu-入库情况)的数据---------------------
2026-04-17 14:34:44,849 | INFO | temu_parcel_tracer | 准备上传 1 条记录...
2026-04-17 14:34:45,940 | INFO | temu_parcel_tracer | 
上传统计:
2026-04-17 14:34:45,940 | INFO | temu_parcel_tracer | 总记录数: 1
2026-04-17 14:34:45,940 | INFO | temu_parcel_tracer | 成功数量: 1
2026-04-17 14:34:45,940 | INFO | temu_parcel_tracer | 失败数量: 0
2026-04-17 14:34:45,940 | INFO | temu_parcel_tracer | 成功批次: 1
2026-04-17 14:34:45,940 | INFO | temu_parcel_tracer | 失败批次: 0
2026-04-17 14:34:45,941 | INFO | temu_parcel_tracer | 103-Temu全托管 入库情况数据爬取完成，共1条记录
2026-04-17 14:34:47,954 | INFO | temu_parcel_tracer | ----------------开始爬取店铺102-Temu全托管--仓库待收货的数据---------------------
2026-04-17 14:34:48,084 | INFO | temu_parcel_tracer | 正在获取第1页数据...
2026-04-17 14:34:48,085 | INFO | temu_parcel_tracer | 102-Temu全托管 - 第 1 次登录尝试
2026-04-17 14:34:51,894 | INFO | temu_parcel_tracer | 102-Temu全托管 - start_api 返回: {'code': 0, 'msg': 'Success', 'data': {'action': 'startBrowserByCode', 'backgroundPluginId': 'aiknnnpfbnhmmkmkhfpbofgeoljmaakg', 'browserID': 104522336, 'browserPath': 'C:\\Users\\Administrator\\AppData\\Local\\env-kit\\Core\\chrome_64_131_202501091017\\hubstudio', 'debuggingPort': '56550', 'downloadPath': 'C:\\Users\\Administrator\\Desktop\\Hubstudio\\temu全托102店-PBear', 'duplicate': 3402, 'ip': '218.78.129.68', 'isDynamicIp': False, 'launcherPage': 'about:blank', 'proxyType': 'socks5', 'runMode': 2, 'webdriver': 'C:\\Users\\Administrator\\AppData\\Local\\env-kit\\Core\\chrome_64_131_202501091017\\webdriver.exe', 'containerId': 104522336, 'containerCode': '1053223369', 'statusCode': '0', 'err': '成功(Success)'}}
2026-04-17 14:34:51,895 | INFO | temu_parcel_tracer | 102-Temu全托管 - 浏览器启动成功, 调试端口: 56550
2026-04-17 14:34:53,278 | INFO | temu_parcel_tracer | 102-Temu全托管 - 已连接浏览器
2026-04-17 14:34:54,487 | INFO | temu_parcel_tracer | --------------------102-Temu全托管 ------------------------ 开始登录...
2026-04-17 14:35:00,177 | ERROR | temu_parcel_tracer | 102-Temu全托管 - 未出现取消按钮，跳过
2026-04-17 14:35:01,189 | ERROR | temu_parcel_tracer | 102-Temu全托管 - 未出现进入按钮，跳过
2026-04-17 14:35:01,189 | INFO | temu_parcel_tracer | 102-Temu全托管 - 登录成功
2026-04-17 14:35:01,189 | INFO | temu_parcel_tracer | 102-Temu全托管 - 等待 agentseller Cookie 生效
2026-04-17 14:35:12,538 | INFO | temu_parcel_tracer | 命中授权方式一：确认授权并前往
2026-04-17 14:35:12,617 | INFO | temu_parcel_tracer | 授权流程完成
2026-04-17 14:35:18,633 | INFO | temu_parcel_tracer | 102-Temu全托管 - Cookie 已保存: D:\sd14\Temu_horizon\data\cookies\102-Temu全托管_kuajingmaihuo_cookies.json
2026-04-17 14:35:18,633 | INFO | temu_parcel_tracer | 102-Temu全托管 - Cookie 获取完成，准备关闭浏览器
2026-04-17 14:35:18,633 | INFO | temu_parcel_tracer | 102-Temu全托管 - 登录成功（第 1 次）
2026-04-17 14:35:18,651 | INFO | temu_parcel_tracer | 102-Temu全托管 - 已关闭Playwright连接
2026-04-17 14:35:19,854 | INFO | temu_parcel_tracer | 102-Temu全托管 - 已发送停止浏览器请求
2026-04-17 14:36:15,219 | INFO | temu_parcel_tracer | 第 1 页获取到 73 条数据
2026-04-17 14:36:15,219 | INFO | temu_parcel_tracer | 已获取最后一页，停止获取
2026-04-17 14:36:15,220 | INFO | temu_parcel_tracer | ----------------开始上传(temu-发货揽收轨迹及丢件)的数据---------------------
2026-04-17 14:36:15,222 | INFO | temu_parcel_tracer | 准备上传 20 条记录...
2026-04-17 14:36:16,797 | INFO | temu_parcel_tracer | 
上传统计:
2026-04-17 14:36:16,797 | INFO | temu_parcel_tracer | 总记录数: 20
2026-04-17 14:36:16,797 | INFO | temu_parcel_tracer | 成功数量: 20
2026-04-17 14:36:16,797 | INFO | temu_parcel_tracer | 失败数量: 0
2026-04-17 14:36:16,797 | INFO | temu_parcel_tracer | 成功批次: 1
2026-04-17 14:36:16,797 | INFO | temu_parcel_tracer | 失败批次: 0
2026-04-17 14:36:16,797 | INFO | temu_parcel_tracer | 102-Temu全托管 发货揽收轨迹数据爬取完成，共20条记录
2026-04-17 14:36:16,798 | INFO | temu_parcel_tracer | ----------------开始爬取店铺102-Temu全托管--入库的数据---------------------
2026-04-17 14:36:16,937 | INFO | temu_parcel_tracer | 正在获取第 1 页数据...
2026-04-17 14:36:18,621 | ERROR | temu_parcel_tracer | [102-Temu全托管] 请求失败（第 1 次）: 403 Client Error: Forbidden for url: https://agentseller.temu.com/mms/venom/api/supplier/purchase/manager/querySubOrderList
2026-04-17 14:36:18,621 | INFO | temu_parcel_tracer | 102-Temu全托管 - 第 1 次登录尝试
2026-04-17 14:36:21,854 | INFO | temu_parcel_tracer | 102-Temu全托管 - start_api 返回: {'code': 0, 'msg': 'Success', 'data': {'action': 'startBrowserByCode', 'backgroundPluginId': 'aiknnnpfbnhmmkmkhfpbofgeoljmaakg', 'browserID': 104522336, 'browserPath': 'C:\\Users\\Administrator\\AppData\\Local\\env-kit\\Core\\chrome_64_131_202501091017\\hubstudio', 'debuggingPort': '57298', 'downloadPath': 'C:\\Users\\Administrator\\Desktop\\Hubstudio\\temu全托102店-PBear', 'duplicate': 2769, 'ip': '218.78.129.68', 'isDynamicIp': False, 'launcherPage': 'about:blank', 'proxyType': 'socks5', 'runMode': 2, 'webdriver': 'C:\\Users\\Administrator\\AppData\\Local\\env-kit\\Core\\chrome_64_131_202501091017\\webdriver.exe', 'containerId': 104522336, 'containerCode': '1053223369', 'statusCode': '0', 'err': '成功(Success)'}}
2026-04-17 14:36:21,854 | INFO | temu_parcel_tracer | 102-Temu全托管 - 浏览器启动成功, 调试端口: 57298
2026-04-17 14:36:23,299 | INFO | temu_parcel_tracer | 102-Temu全托管 - 已连接浏览器
2026-04-17 14:36:23,639 | INFO | temu_parcel_tracer | --------------------102-Temu全托管 ------------------------ 开始登录...
2026-04-17 14:36:29,099 | ERROR | temu_parcel_tracer | 102-Temu全托管 - 未出现取消按钮，跳过
2026-04-17 14:36:29,143 | INFO | temu_parcel_tracer | 102-Temu全托管 - 已点击进入
2026-04-17 14:36:29,143 | INFO | temu_parcel_tracer | 102-Temu全托管 - 登录成功
2026-04-17 14:36:29,143 | INFO | temu_parcel_tracer | 102-Temu全托管 - 等待 agentseller Cookie 生效
2026-04-17 14:36:37,131 | INFO | temu_parcel_tracer | 102-Temu全托管 - Cookie 已保存: D:\sd14\Temu_horizon\data\cookies\102-Temu全托管_cookies.json
2026-04-17 14:36:37,131 | INFO | temu_parcel_tracer | 102-Temu全托管 - Cookie 获取完成，准备关闭浏览器
2026-04-17 14:36:37,131 | INFO | temu_parcel_tracer | 102-Temu全托管 - 登录成功（第 1 次）
2026-04-17 14:36:37,148 | INFO | temu_parcel_tracer | 102-Temu全托管 - 已关闭Playwright连接
2026-04-17 14:36:38,383 | INFO | temu_parcel_tracer | 102-Temu全托管 - 已发送停止浏览器请求
2026-04-17 14:36:44,187 | INFO | temu_parcel_tracer | ✓ 第 1 页获取到异常数据 7 条数据
2026-04-17 14:36:44,187 | INFO | temu_parcel_tracer | 当前页数据并且数据为当月产生的数据不足100条，可能是最后一页，停止获取
2026-04-17 14:36:44,187 | INFO | temu_parcel_tracer | ----------------开始上传(temu-入库情况)的数据---------------------
2026-04-17 14:36:44,188 | INFO | temu_parcel_tracer | 准备上传 0 条记录...
2026-04-17 14:36:44,188 | INFO | temu_parcel_tracer | 
上传统计:
2026-04-17 14:36:44,188 | INFO | temu_parcel_tracer | 总记录数: 0
2026-04-17 14:36:44,188 | INFO | temu_parcel_tracer | 成功数量: 0
2026-04-17 14:36:44,188 | INFO | temu_parcel_tracer | 失败数量: 0
2026-04-17 14:36:44,188 | INFO | temu_parcel_tracer | 成功批次: 0
2026-04-17 14:36:44,188 | INFO | temu_parcel_tracer | 失败批次: 0
2026-04-17 14:36:44,188 | INFO | temu_parcel_tracer | 102-Temu全托管 入库情况数据爬取完成，共0条记录
2026-04-17 14:36:46,204 | INFO | temu_parcel_tracer | ----------------开始爬取店铺101-Temu全托管--仓库待收货的数据---------------------
2026-04-17 14:36:46,341 | INFO | temu_parcel_tracer | 正在获取第1页数据...
2026-04-17 14:36:46,342 | INFO | temu_parcel_tracer | 101-Temu全托管 - 第 1 次登录尝试
2026-04-17 14:36:50,079 | INFO | temu_parcel_tracer | 101-Temu全托管 - start_api 返回: {'code': 0, 'msg': 'Success', 'data': {'action': 'startBrowserByCode', 'backgroundPluginId': 'pmpkofebdgpmilhkkkbfgfflcgpnkihi', 'browserID': 104522087, 'browserPath': 'C:\\Users\\Administrator\\AppData\\Local\\env-kit\\Core\\chrome_64_131_202501091017\\hubstudio', 'debuggingPort': '57665', 'downloadPath': 'C:\\Users\\Administrator\\Desktop\\Hubstudio\\temu全托101店-HQCK', 'duplicate': 3281, 'ip': '118.253.177.190', 'isDynamicIp': False, 'launcherPage': 'about:blank', 'proxyType': 'socks5', 'runMode': 2, 'webdriver': 'C:\\Users\\Administrator\\AppData\\Local\\env-kit\\Core\\chrome_64_131_202501091017\\webdriver.exe', 'containerId': 104522087, 'containerCode': '1053220874', 'statusCode': '0', 'err': '成功(Success)'}}
2026-04-17 14:36:50,080 | INFO | temu_parcel_tracer | 101-Temu全托管 - 浏览器启动成功, 调试端口: 57665
2026-04-17 14:36:51,454 | INFO | temu_parcel_tracer | 101-Temu全托管 - 已连接浏览器
2026-04-17 14:36:52,533 | INFO | temu_parcel_tracer | --------------------101-Temu全托管 ------------------------ 开始登录...
2026-04-17 14:36:58,263 | ERROR | temu_parcel_tracer | 101-Temu全托管 - 未出现取消按钮，跳过
2026-04-17 14:36:59,273 | ERROR | temu_parcel_tracer | 101-Temu全托管 - 未出现进入按钮，跳过
2026-04-17 14:36:59,274 | INFO | temu_parcel_tracer | 101-Temu全托管 - 登录成功
2026-04-17 14:36:59,274 | INFO | temu_parcel_tracer | 101-Temu全托管 - 等待 agentseller Cookie 生效
2026-04-17 14:37:09,822 | INFO | temu_parcel_tracer | 101-Temu全托管 - Cookie 已保存: D:\sd14\Temu_horizon\data\cookies\101-Temu全托管_kuajingmaihuo_cookies.json
2026-04-17 14:37:09,822 | INFO | temu_parcel_tracer | 101-Temu全托管 - Cookie 获取完成，准备关闭浏览器
2026-04-17 14:37:09,822 | INFO | temu_parcel_tracer | 101-Temu全托管 - 登录成功（第 1 次）
2026-04-17 14:37:09,838 | INFO | temu_parcel_tracer | 101-Temu全托管 - 已关闭Playwright连接
2026-04-17 14:37:11,053 | INFO | temu_parcel_tracer | 101-Temu全托管 - 已发送停止浏览器请求
2026-04-17 14:38:25,539 | INFO | temu_parcel_tracer | 第 1 页获取到 100 条数据
2026-04-17 14:38:25,539 | INFO | temu_parcel_tracer | 已获取最后一页，停止获取
2026-04-17 14:38:25,539 | INFO | temu_parcel_tracer | ----------------开始上传(temu-发货揽收轨迹及丢件)的数据---------------------
2026-04-17 14:38:25,540 | INFO | temu_parcel_tracer | 准备上传 33 条记录...
2026-04-17 14:38:27,520 | INFO | temu_parcel_tracer | 
上传统计:
2026-04-17 14:38:27,520 | INFO | temu_parcel_tracer | 总记录数: 33
2026-04-17 14:38:27,520 | INFO | temu_parcel_tracer | 成功数量: 33
2026-04-17 14:38:27,520 | INFO | temu_parcel_tracer | 失败数量: 0
2026-04-17 14:38:27,520 | INFO | temu_parcel_tracer | 成功批次: 1
2026-04-17 14:38:27,520 | INFO | temu_parcel_tracer | 失败批次: 0
2026-04-17 14:38:27,521 | INFO | temu_parcel_tracer | 101-Temu全托管 发货揽收轨迹数据爬取完成，共33条记录
2026-04-17 14:38:27,521 | INFO | temu_parcel_tracer | ----------------开始爬取店铺101-Temu全托管--入库的数据---------------------
2026-04-17 14:38:27,711 | INFO | temu_parcel_tracer | 正在获取第 1 页数据...
2026-04-17 14:38:29,512 | ERROR | temu_parcel_tracer | [101-Temu全托管] 请求失败（第 1 次）: 403 Client Error: Forbidden for url: https://agentseller.temu.com/mms/venom/api/supplier/purchase/manager/querySubOrderList
2026-04-17 14:38:29,513 | INFO | temu_parcel_tracer | 101-Temu全托管 - 第 1 次登录尝试
2026-04-17 14:38:32,631 | INFO | temu_parcel_tracer | 101-Temu全托管 - start_api 返回: {'code': 0, 'msg': 'Success', 'data': {'action': 'startBrowserByCode', 'backgroundPluginId': 'pmpkofebdgpmilhkkkbfgfflcgpnkihi', 'browserID': 104522087, 'browserPath': 'C:\\Users\\Administrator\\AppData\\Local\\env-kit\\Core\\chrome_64_131_202501091017\\hubstudio', 'debuggingPort': '58975', 'downloadPath': 'C:\\Users\\Administrator\\Desktop\\Hubstudio\\temu全托101店-HQCK', 'duplicate': 2648, 'ip': '118.253.177.190', 'isDynamicIp': False, 'launcherPage': 'about:blank', 'proxyType': 'socks5', 'runMode': 2, 'webdriver': 'C:\\Users\\Administrator\\AppData\\Local\\env-kit\\Core\\chrome_64_131_202501091017\\webdriver.exe', 'containerId': 104522087, 'containerCode': '1053220874', 'statusCode': '0', 'err': '成功(Success)'}}
2026-04-17 14:38:32,631 | INFO | temu_parcel_tracer | 101-Temu全托管 - 浏览器启动成功, 调试端口: 58975
2026-04-17 14:38:33,988 | INFO | temu_parcel_tracer | 101-Temu全托管 - 已连接浏览器
2026-04-17 14:38:34,331 | INFO | temu_parcel_tracer | --------------------101-Temu全托管 ------------------------ 开始登录...
2026-04-17 14:38:40,161 | ERROR | temu_parcel_tracer | 101-Temu全托管 - 未出现取消按钮，跳过
2026-04-17 14:38:40,187 | INFO | temu_parcel_tracer | 101-Temu全托管 - 已点击进入
2026-04-17 14:38:40,188 | INFO | temu_parcel_tracer | 101-Temu全托管 - 登录成功
2026-04-17 14:38:40,188 | INFO | temu_parcel_tracer | 101-Temu全托管 - 等待 agentseller Cookie 生效
2026-04-17 14:38:47,921 | INFO | temu_parcel_tracer | 101-Temu全托管 - Cookie 已保存: D:\sd14\Temu_horizon\data\cookies\101-Temu全托管_cookies.json
2026-04-17 14:38:47,921 | INFO | temu_parcel_tracer | 101-Temu全托管 - Cookie 获取完成，准备关闭浏览器
2026-04-17 14:38:47,922 | INFO | temu_parcel_tracer | 101-Temu全托管 - 登录成功（第 1 次）
2026-04-17 14:38:47,948 | INFO | temu_parcel_tracer | 101-Temu全托管 - 已关闭Playwright连接
2026-04-17 14:38:49,078 | INFO | temu_parcel_tracer | 101-Temu全托管 - 已发送停止浏览器请求
2026-04-17 14:38:55,016 | WARNING | temu_parcel_tracer | 🚨 入库异常 | 店铺=101-Temu全托管 | 备货单=WB2604043433027 | 送货=36 | 入库=35
2026-04-17 14:38:55,016 | WARNING | temu_parcel_tracer | 🚨 入库异常 | 店铺=101-Temu全托管 | 备货单=WB2604085005714 | 送货=45 | 入库=39
2026-04-17 14:38:55,016 | INFO | temu_parcel_tracer | ✓ 第 1 页获取到异常数据 2 条数据
2026-04-17 14:38:56,775 | INFO | temu_parcel_tracer | 正在获取第 2 页数据...
2026-04-17 14:39:00,079 | INFO | temu_parcel_tracer | ✓ 第 2 页获取到异常数据 3 条数据
2026-04-17 14:39:00,079 | INFO | temu_parcel_tracer | 当前页数据并且数据为当月产生的数据不足100条，可能是最后一页，停止获取
2026-04-17 14:39:00,080 | INFO | temu_parcel_tracer | ----------------开始上传(temu-入库情况)的数据---------------------
2026-04-17 14:39:00,081 | INFO | temu_parcel_tracer | 准备上传 2 条记录...
2026-04-17 14:39:02,881 | INFO | temu_parcel_tracer | 
上传统计:
2026-04-17 14:39:02,881 | INFO | temu_parcel_tracer | 总记录数: 2
2026-04-17 14:39:02,881 | INFO | temu_parcel_tracer | 成功数量: 2
2026-04-17 14:39:02,882 | INFO | temu_parcel_tracer | 失败数量: 0
2026-04-17 14:39:02,882 | INFO | temu_parcel_tracer | 成功批次: 1
2026-04-17 14:39:02,882 | INFO | temu_parcel_tracer | 失败批次: 0
2026-04-17 14:39:02,882 | INFO | temu_parcel_tracer | 101-Temu全托管 入库情况数据爬取完成，共2条记录
2026-04-17 14:39:04,895 | INFO | temu_parcel_tracer | ✅ 所有店铺数据爬取完成
2026-04-17 14:39:04,895 | INFO | temu_parcel_tracer | 🚀 开始第二阶段：按门店查询异常数据并发送消息
2026-04-17 14:39:04,951 | INFO | temu_parcel_tracer | 已处理 2106-Temu全托管: 发货异常0条，入库差异2条
2026-04-17 14:39:05,007 | INFO | temu_parcel_tracer | 已处理 2103-Temu全托管: 发货异常0条，入库差异0条
2026-04-17 14:39:05,062 | INFO | temu_parcel_tracer | 已处理 2102-Temu全托管: 发货异常0条，入库差异0条
2026-04-17 14:39:05,115 | INFO | temu_parcel_tracer | 已处理 2101-Temu全托管KA: 发货异常0条，入库差异0条
2026-04-17 14:39:05,168 | INFO | temu_parcel_tracer | 已处理 112-Temu全托管: 发货异常0条，入库差异0条
2026-04-17 14:39:05,223 | INFO | temu_parcel_tracer | 已处理 1108-Temu全托管: 发货异常0条，入库差异0条
2026-04-17 14:39:05,276 | INFO | temu_parcel_tracer | 已处理 1107-Temu全托管: 发货异常0条，入库差异0条
2026-04-17 14:39:05,331 | INFO | temu_parcel_tracer | 已处理 1106-Temu全托管: 发货异常0条，入库差异0条
2026-04-17 14:39:05,384 | INFO | temu_parcel_tracer | 已处理 1105-Temu全托管: 发货异常0条，入库差异0条
2026-04-17 14:39:05,439 | INFO | temu_parcel_tracer | 已处理 1104-Temu全托管: 发货异常0条，入库差异0条
2026-04-17 14:39:05,493 | INFO | temu_parcel_tracer | 已处理 1103-Temu全托管: 发货异常0条，入库差异0条
2026-04-17 14:39:05,546 | INFO | temu_parcel_tracer | 已处理 1102-Temu全托管: 发货异常0条，入库差异0条
2026-04-17 14:39:05,598 | INFO | temu_parcel_tracer | 已处理 1101-Temu全托管: 发货异常0条，入库差异0条
2026-04-17 14:39:05,654 | INFO | temu_parcel_tracer | 已处理 110-Temu全托管KA: 发货异常0条，入库差异0条
2026-04-17 14:39:05,706 | INFO | temu_parcel_tracer | 已处理 109-Temu全托管KA: 发货异常0条，入库差异0条
2026-04-17 14:39:05,758 | INFO | temu_parcel_tracer | 已处理 108-Temu全托管: 发货异常0条，入库差异0条
2026-04-17 14:39:05,811 | INFO | temu_parcel_tracer | 已处理 106-Temu全托管: 发货异常0条，入库差异0条
2026-04-17 14:39:05,863 | INFO | temu_parcel_tracer | 已处理 105-Temu全托管: 发货异常0条，入库差异1条
2026-04-17 14:39:05,916 | INFO | temu_parcel_tracer | 已处理 104-Temu全托管: 发货异常0条，入库差异0条
2026-04-17 14:39:05,969 | INFO | temu_parcel_tracer | 已处理 103-Temu全托管: 发货异常2条，入库差异1条
2026-04-17 14:39:06,021 | INFO | temu_parcel_tracer | 已处理 102-Temu全托管: 发货异常0条，入库差异0条
2026-04-17 14:39:06,074 | INFO | temu_parcel_tracer | 已处理 101-Temu全托管: 发货异常0条，入库差异2条
2026-04-17 14:39:06,074 | INFO | temu_parcel_tracer | 🚀 开始第三阶段：发送各门店异常消息
2026-04-17 14:39:06,521 | INFO | temu_parcel_tracer | 已发送 2106-Temu全托管 的异常消息
2026-04-17 14:39:07,985 | INFO | temu_parcel_tracer | 已发送 105-Temu全托管 的异常消息
2026-04-17 14:39:09,440 | INFO | temu_parcel_tracer | 已发送 103-Temu全托管 的异常消息
2026-04-17 14:39:10,911 | INFO | temu_parcel_tracer | 已发送 101-Temu全托管 的异常消息
2026-04-17 14:39:11,926 | INFO | temu_parcel_tracer | 总结消息已发送
2026-04-17 14:39:11,926 | INFO | temu_parcel_tracer | 🎯 全流程完成，总耗时：35分18秒
