2026-06-21 12:08:36,776 | INFO | temu_site | 开始清除昨天报表的数据
2026-06-21 12:08:36,778 | INFO | temu_site | 
 删除所有记录
2026-06-21 12:08:50,337 | INFO | temu_site | 删除所有记录结果: None
2026-06-21 12:08:50,337 | INFO | temu_site | 开始清除今天报表的数据
2026-06-21 12:08:50,338 | INFO | temu_site | 
 删除所有记录
2026-06-21 12:08:51,429 | INFO | temu_site | 删除所有记录结果: 工作表为空，无需删除
2026-06-21 12:08:51,430 | INFO | temu_site | 正在爬取店铺---2106-Temu全托管---skc_sku_violate数据
2026-06-21 12:08:52,437 | ERROR | temu_site | [2106-Temu全托管] 请求失败（第 1 次）: 403 Client Error: Forbidden for url: https://agentseller.temu.com/api/kiana/mms/robin/searchForChainSupplier
2026-06-21 12:08:52,437 | INFO | temu_site | 2106-Temu全托管 - 第 1 次登录尝试
2026-06-21 12:08:55,543 | INFO | temu_site | 2106-Temu全托管 - start_api 返回: {'code': 0, 'msg': 'Success', 'data': {'action': 'startBrowserByCode', 'backgroundPluginId': 'ibecnpjmgcbdlgojmlfebfkmlaoeojgm', 'browserID': 102858352, 'browserPath': 'C:\\Users\\Administrator\\AppData\\Local\\env-kit\\Core\\chrome_64_140_202512152142\\hubstudio', 'debuggingPort': '64744', 'downloadPath': 'C:\\Users\\Administrator\\Desktop\\Hubstudio\\temu全托2106店（153店改）+半托代发1', 'duplicate': 2632, 'ip': '111.172.230.181', 'isDynamicIp': False, 'launcherPage': 'about:blank', 'proxyType': 'socks5', 'runMode': 2, 'webdriver': 'C:\\Users\\Administrator\\AppData\\Local\\env-kit\\Core\\chrome_64_140_202512152142\\webdriver.exe', 'containerId': 102858352, 'containerCode': '1036583528', 'statusCode': '0', 'err': '成功(Success)'}}
2026-06-21 12:08:55,543 | INFO | temu_site | 2106-Temu全托管 - 浏览器启动成功, 调试端口: 64744
2026-06-21 12:08:57,325 | INFO | temu_site | 2106-Temu全托管 - 已连接浏览器
2026-06-21 12:08:57,639 | ERROR | temu_site | 2106-Temu全托管 - 打开登录页失败: Page.goto: net::ERR_CONNECTION_CLOSED at https://seller.kuajingmaihuo.com/login
Call log:
  - navigating to "https://seller.kuajingmaihuo.com/login", waiting until "domcontentloaded"

2026-06-21 12:08:57,640 | ERROR | temu_site | 2106-Temu全托管 - 第 1 次失败: open_login_page 失败
Traceback (most recent call last):
  File "D:\sd14\Temu_horizon\core\base_client.py", line 62, in post
    resp.raise_for_status()
  File "C:\ProgramData\anaconda3\envs\spider310\lib\site-packages\requests\models.py", line 1026, in raise_for_status
    raise HTTPError(http_error_msg, response=self)
requests.exceptions.HTTPError: 403 Client Error: Forbidden for url: https://agentseller.temu.com/api/kiana/mms/robin/searchForChainSupplier

During handling of the above exception, another exception occurred:

Traceback (most recent call last):
  File "D:\sd14\Temu_horizon\core\login.py", line 256, in run
    result = await self.run_once()
  File "D:\sd14\Temu_horizon\core\login.py", line 239, in run_once
    raise Exception("open_login_page 失败")
Exception: open_login_page 失败
2026-06-21 12:08:57,728 | INFO | temu_site | 2106-Temu全托管 - 已关闭Playwright连接
2026-06-21 12:08:58,542 | INFO | temu_site | 2106-Temu全托管 - 已发送停止浏览器请求
2026-06-21 12:08:58,543 | INFO | temu_site | 2106-Temu全托管 - 准备重试，等待 3 秒...
2026-06-21 12:09:01,554 | INFO | temu_site | 2106-Temu全托管 - 第 2 次登录尝试
2026-06-21 12:09:04,596 | INFO | temu_site | 2106-Temu全托管 - start_api 返回: {'code': 0, 'msg': 'Success', 'data': {'action': 'startBrowserByCode', 'backgroundPluginId': 'ibecnpjmgcbdlgojmlfebfkmlaoeojgm', 'browserID': 102858352, 'browserPath': 'C:\\Users\\Administrator\\AppData\\Local\\env-kit\\Core\\chrome_64_140_202512152142\\hubstudio', 'debuggingPort': '64860', 'downloadPath': 'C:\\Users\\Administrator\\Desktop\\Hubstudio\\temu全托2106店（153店改）+半托代发1', 'duplicate': 2672, 'ip': '111.172.230.181', 'isDynamicIp': False, 'launcherPage': 'about:blank', 'proxyType': 'socks5', 'runMode': 2, 'webdriver': 'C:\\Users\\Administrator\\AppData\\Local\\env-kit\\Core\\chrome_64_140_202512152142\\webdriver.exe', 'containerId': 102858352, 'containerCode': '1036583528', 'statusCode': '0', 'err': '成功(Success)'}}
2026-06-21 12:09:04,597 | INFO | temu_site | 2106-Temu全托管 - 浏览器启动成功, 调试端口: 64860
2026-06-21 12:09:06,384 | INFO | temu_site | 2106-Temu全托管 - 已连接浏览器
2026-06-21 12:09:06,662 | ERROR | temu_site | 2106-Temu全托管 - 打开登录页失败: Page.goto: net::ERR_CONNECTION_CLOSED at https://seller.kuajingmaihuo.com/login
Call log:
  - navigating to "https://seller.kuajingmaihuo.com/login", waiting until "domcontentloaded"

2026-06-21 12:09:06,662 | ERROR | temu_site | 2106-Temu全托管 - 第 2 次失败: open_login_page 失败
Traceback (most recent call last):
  File "D:\sd14\Temu_horizon\core\base_client.py", line 62, in post
    resp.raise_for_status()
  File "C:\ProgramData\anaconda3\envs\spider310\lib\site-packages\requests\models.py", line 1026, in raise_for_status
    raise HTTPError(http_error_msg, response=self)
requests.exceptions.HTTPError: 403 Client Error: Forbidden for url: https://agentseller.temu.com/api/kiana/mms/robin/searchForChainSupplier

During handling of the above exception, another exception occurred:

Traceback (most recent call last):
  File "D:\sd14\Temu_horizon\core\login.py", line 256, in run
    result = await self.run_once()
  File "D:\sd14\Temu_horizon\core\login.py", line 239, in run_once
    raise Exception("open_login_page 失败")
Exception: open_login_page 失败
2026-06-21 12:09:06,691 | INFO | temu_site | 2106-Temu全托管 - 已关闭Playwright连接
2026-06-21 12:09:07,573 | INFO | temu_site | 2106-Temu全托管 - 已发送停止浏览器请求
2026-06-21 12:09:07,574 | INFO | temu_site | 2106-Temu全托管 - 准备重试，等待 3 秒...
2026-06-21 12:09:10,581 | INFO | temu_site | 2106-Temu全托管 - 第 3 次登录尝试
2026-06-21 12:09:13,687 | INFO | temu_site | 2106-Temu全托管 - start_api 返回: {'code': 0, 'msg': 'Success', 'data': {'action': 'startBrowserByCode', 'backgroundPluginId': 'ibecnpjmgcbdlgojmlfebfkmlaoeojgm', 'browserID': 102858352, 'browserPath': 'C:\\Users\\Administrator\\AppData\\Local\\env-kit\\Core\\chrome_64_140_202512152142\\hubstudio', 'debuggingPort': '64987', 'downloadPath': 'C:\\Users\\Administrator\\Desktop\\Hubstudio\\temu全托2106店（153店改）+半托代发1', 'duplicate': 2666, 'ip': '111.172.230.181', 'isDynamicIp': False, 'launcherPage': 'about:blank', 'proxyType': 'socks5', 'runMode': 2, 'webdriver': 'C:\\Users\\Administrator\\AppData\\Local\\env-kit\\Core\\chrome_64_140_202512152142\\webdriver.exe', 'containerId': 102858352, 'containerCode': '1036583528', 'statusCode': '0', 'err': '成功(Success)'}}
2026-06-21 12:09:13,688 | INFO | temu_site | 2106-Temu全托管 - 浏览器启动成功, 调试端口: 64987
2026-06-21 12:09:15,331 | INFO | temu_site | 2106-Temu全托管 - 已连接浏览器
2026-06-21 12:09:15,603 | ERROR | temu_site | 2106-Temu全托管 - 打开登录页失败: Page.goto: net::ERR_CONNECTION_CLOSED at https://seller.kuajingmaihuo.com/login
Call log:
  - navigating to "https://seller.kuajingmaihuo.com/login", waiting until "domcontentloaded"

2026-06-21 12:09:15,603 | ERROR | temu_site | 2106-Temu全托管 - 第 3 次失败: open_login_page 失败
Traceback (most recent call last):
  File "D:\sd14\Temu_horizon\core\base_client.py", line 62, in post
    resp.raise_for_status()
  File "C:\ProgramData\anaconda3\envs\spider310\lib\site-packages\requests\models.py", line 1026, in raise_for_status
    raise HTTPError(http_error_msg, response=self)
requests.exceptions.HTTPError: 403 Client Error: Forbidden for url: https://agentseller.temu.com/api/kiana/mms/robin/searchForChainSupplier

During handling of the above exception, another exception occurred:

Traceback (most recent call last):
  File "D:\sd14\Temu_horizon\core\login.py", line 256, in run
    result = await self.run_once()
  File "D:\sd14\Temu_horizon\core\login.py", line 239, in run_once
    raise Exception("open_login_page 失败")
Exception: open_login_page 失败
2026-06-21 12:09:15,626 | INFO | temu_site | 2106-Temu全托管 - 已关闭Playwright连接
2026-06-21 12:09:16,518 | INFO | temu_site | 2106-Temu全托管 - 已发送停止浏览器请求
2026-06-21 12:09:16,518 | INFO | temu_site | 2106-Temu全托管 - 准备重试，等待 3 秒...
2026-06-21 12:09:19,531 | INFO | temu_site | 2106-Temu全托管 - 第 4 次登录尝试
2026-06-21 12:09:22,663 | INFO | temu_site | 2106-Temu全托管 - start_api 返回: {'code': 0, 'msg': 'Success', 'data': {'action': 'startBrowserByCode', 'backgroundPluginId': 'ibecnpjmgcbdlgojmlfebfkmlaoeojgm', 'browserID': 102858352, 'browserPath': 'C:\\Users\\Administrator\\AppData\\Local\\env-kit\\Core\\chrome_64_140_202512152142\\hubstudio', 'debuggingPort': '65113', 'downloadPath': 'C:\\Users\\Administrator\\Desktop\\Hubstudio\\temu全托2106店（153店改）+半托代发1', 'duplicate': 2631, 'ip': '111.172.230.181', 'isDynamicIp': False, 'launcherPage': 'about:blank', 'proxyType': 'socks5', 'runMode': 2, 'webdriver': 'C:\\Users\\Administrator\\AppData\\Local\\env-kit\\Core\\chrome_64_140_202512152142\\webdriver.exe', 'containerId': 102858352, 'containerCode': '1036583528', 'statusCode': '0', 'err': '成功(Success)'}}
2026-06-21 12:09:22,664 | INFO | temu_site | 2106-Temu全托管 - 浏览器启动成功, 调试端口: 65113
2026-06-21 12:09:24,307 | INFO | temu_site | 2106-Temu全托管 - 已连接浏览器
2026-06-21 12:09:24,565 | ERROR | temu_site | 2106-Temu全托管 - 打开登录页失败: Page.goto: net::ERR_CONNECTION_CLOSED at https://seller.kuajingmaihuo.com/login
Call log:
  - navigating to "https://seller.kuajingmaihuo.com/login", waiting until "domcontentloaded"

2026-06-21 12:09:24,565 | ERROR | temu_site | 2106-Temu全托管 - 第 4 次失败: open_login_page 失败
Traceback (most recent call last):
  File "D:\sd14\Temu_horizon\core\base_client.py", line 62, in post
    resp.raise_for_status()
  File "C:\ProgramData\anaconda3\envs\spider310\lib\site-packages\requests\models.py", line 1026, in raise_for_status
    raise HTTPError(http_error_msg, response=self)
requests.exceptions.HTTPError: 403 Client Error: Forbidden for url: https://agentseller.temu.com/api/kiana/mms/robin/searchForChainSupplier

During handling of the above exception, another exception occurred:

Traceback (most recent call last):
  File "D:\sd14\Temu_horizon\core\login.py", line 256, in run
    result = await self.run_once()
  File "D:\sd14\Temu_horizon\core\login.py", line 239, in run_once
    raise Exception("open_login_page 失败")
Exception: open_login_page 失败
2026-06-21 12:09:24,588 | INFO | temu_site | 2106-Temu全托管 - 已关闭Playwright连接
2026-06-21 12:09:25,459 | INFO | temu_site | 2106-Temu全托管 - 已发送停止浏览器请求
2026-06-21 12:09:25,459 | INFO | temu_site | 2106-Temu全托管 - 准备重试，等待 3 秒...
2026-06-21 12:09:28,470 | INFO | temu_site | 2106-Temu全托管 - 第 5 次登录尝试
2026-06-21 12:09:32,017 | INFO | temu_site | 2106-Temu全托管 - start_api 返回: {'code': 0, 'msg': 'Success', 'data': {'action': 'startBrowserByCode', 'backgroundPluginId': 'ibecnpjmgcbdlgojmlfebfkmlaoeojgm', 'browserID': 102858352, 'browserPath': 'C:\\Users\\Administrator\\AppData\\Local\\env-kit\\Core\\chrome_64_140_202512152142\\hubstudio', 'debuggingPort': '65253', 'downloadPath': 'C:\\Users\\Administrator\\Desktop\\Hubstudio\\temu全托2106店（153店改）+半托代发1', 'duplicate': 3108, 'ip': '111.172.230.181', 'isDynamicIp': False, 'launcherPage': 'about:blank', 'proxyType': 'socks5', 'runMode': 2, 'webdriver': 'C:\\Users\\Administrator\\AppData\\Local\\env-kit\\Core\\chrome_64_140_202512152142\\webdriver.exe', 'containerId': 102858352, 'containerCode': '1036583528', 'statusCode': '0', 'err': '成功(Success)'}}
2026-06-21 12:09:32,018 | INFO | temu_site | 2106-Temu全托管 - 浏览器启动成功, 调试端口: 65253
2026-06-21 12:09:33,684 | INFO | temu_site | 2106-Temu全托管 - 已连接浏览器
2026-06-21 12:09:33,957 | ERROR | temu_site | 2106-Temu全托管 - 打开登录页失败: Page.goto: net::ERR_CONNECTION_CLOSED at https://seller.kuajingmaihuo.com/login
Call log:
  - navigating to "https://seller.kuajingmaihuo.com/login", waiting until "domcontentloaded"

2026-06-21 12:09:33,958 | ERROR | temu_site | 2106-Temu全托管 - 第 5 次失败: open_login_page 失败
Traceback (most recent call last):
  File "D:\sd14\Temu_horizon\core\base_client.py", line 62, in post
    resp.raise_for_status()
  File "C:\ProgramData\anaconda3\envs\spider310\lib\site-packages\requests\models.py", line 1026, in raise_for_status
    raise HTTPError(http_error_msg, response=self)
requests.exceptions.HTTPError: 403 Client Error: Forbidden for url: https://agentseller.temu.com/api/kiana/mms/robin/searchForChainSupplier

During handling of the above exception, another exception occurred:

Traceback (most recent call last):
  File "D:\sd14\Temu_horizon\core\login.py", line 256, in run
    result = await self.run_once()
  File "D:\sd14\Temu_horizon\core\login.py", line 239, in run_once
    raise Exception("open_login_page 失败")
Exception: open_login_page 失败
2026-06-21 12:09:33,981 | INFO | temu_site | 2106-Temu全托管 - 已关闭Playwright连接
2026-06-21 12:09:34,868 | INFO | temu_site | 2106-Temu全托管 - 已发送停止浏览器请求
2026-06-21 12:09:34,868 | INFO | temu_site | 2106-Temu全托管 - 准备重试，等待 3 秒...
2026-06-21 12:09:37,870 | INFO | temu_site | 2106-Temu全托管 - 第 6 次登录尝试
2026-06-21 12:09:40,701 | INFO | temu_site | 2106-Temu全托管 - start_api 返回: {'code': 0, 'msg': 'Success', 'data': {'action': 'startBrowserByCode', 'backgroundPluginId': 'ibecnpjmgcbdlgojmlfebfkmlaoeojgm', 'browserID': 102858352, 'browserPath': 'C:\\Users\\Administrator\\AppData\\Local\\env-kit\\Core\\chrome_64_140_202512152142\\hubstudio', 'debuggingPort': '65380', 'downloadPath': 'C:\\Users\\Administrator\\Desktop\\Hubstudio\\temu全托2106店（153店改）+半托代发1', 'duplicate': 2393, 'ip': '111.172.230.181', 'isDynamicIp': False, 'launcherPage': 'about:blank', 'proxyType': 'socks5', 'runMode': 2, 'webdriver': 'C:\\Users\\Administrator\\AppData\\Local\\env-kit\\Core\\chrome_64_140_202512152142\\webdriver.exe', 'containerId': 102858352, 'containerCode': '1036583528', 'statusCode': '0', 'err': '成功(Success)'}}
2026-06-21 12:09:40,702 | INFO | temu_site | 2106-Temu全托管 - 浏览器启动成功, 调试端口: 65380
2026-06-21 12:09:42,484 | INFO | temu_site | 2106-Temu全托管 - 已连接浏览器
2026-06-21 12:09:42,755 | ERROR | temu_site | 2106-Temu全托管 - 打开登录页失败: Page.goto: net::ERR_CONNECTION_CLOSED at https://seller.kuajingmaihuo.com/login
Call log:
  - navigating to "https://seller.kuajingmaihuo.com/login", waiting until "domcontentloaded"

2026-06-21 12:09:42,755 | ERROR | temu_site | 2106-Temu全托管 - 第 6 次失败: open_login_page 失败
Traceback (most recent call last):
  File "D:\sd14\Temu_horizon\core\base_client.py", line 62, in post
    resp.raise_for_status()
  File "C:\ProgramData\anaconda3\envs\spider310\lib\site-packages\requests\models.py", line 1026, in raise_for_status
    raise HTTPError(http_error_msg, response=self)
requests.exceptions.HTTPError: 403 Client Error: Forbidden for url: https://agentseller.temu.com/api/kiana/mms/robin/searchForChainSupplier

During handling of the above exception, another exception occurred:

Traceback (most recent call last):
  File "D:\sd14\Temu_horizon\core\login.py", line 256, in run
    result = await self.run_once()
  File "D:\sd14\Temu_horizon\core\login.py", line 239, in run_once
    raise Exception("open_login_page 失败")
Exception: open_login_page 失败
2026-06-21 12:09:42,797 | INFO | temu_site | 2106-Temu全托管 - 已关闭Playwright连接
2026-06-21 12:09:43,864 | INFO | temu_site | 2106-Temu全托管 - 已发送停止浏览器请求
2026-06-21 12:09:43,864 | ERROR | temu_site | 2106-Temu全托管 - 登录失败，已达到最大重试次数 6
2026-06-21 12:09:43,865 | ERROR | temu_site | 处理店铺 2106-Temu全托管 时出错: [2106-Temu全托管] 登录失败
2026-06-21 12:09:43,867 | INFO | temu_site | 正在爬取店铺---2103-Temu全托管---skc_sku_violate数据
2026-06-21 12:09:46,986 | ERROR | temu_site | [2103-Temu全托管] 请求失败（第 1 次）: 403 Client Error: Forbidden for url: https://agentseller.temu.com/api/kiana/mms/robin/searchForChainSupplier
2026-06-21 12:09:46,987 | INFO | temu_site | 2103-Temu全托管 - 第 1 次登录尝试
2026-06-21 12:09:51,688 | INFO | temu_site | 2103-Temu全托管 - start_api 返回: {'code': 0, 'msg': 'Success', 'data': {'action': 'startBrowserByCode', 'backgroundPluginId': 'cdgoddilnfionjljedagnobpdkhcnpii', 'browserID': 99890331, 'browserPath': 'C:\\Users\\Administrator\\AppData\\Local\\env-kit\\Core\\chrome_64_131_202501091017\\hubstudio', 'debuggingPort': '65507', 'downloadPath': 'C:\\Users\\Administrator\\Desktop\\Hubstudio\\temu全托2103店（113店改）+2108店+半托6号店+半托8号店', 'duplicate': 4340, 'ip': '1.194.218.235', 'isDynamicIp': False, 'launcherPage': 'about:blank', 'proxyType': 'socks5', 'runMode': 2, 'webdriver': 'C:\\Users\\Administrator\\AppData\\Local\\env-kit\\Core\\chrome_64_131_202501091017\\webdriver.exe', 'containerId': 99890331, 'containerCode': '1006903311', 'statusCode': '0', 'err': '成功(Success)'}}
2026-06-21 12:09:51,689 | INFO | temu_site | 2103-Temu全托管 - 浏览器启动成功, 调试端口: 65507
2026-06-21 12:09:53,504 | INFO | temu_site | 2103-Temu全托管 - 已连接浏览器
2026-06-21 12:09:53,870 | ERROR | temu_site | 2103-Temu全托管 - 打开登录页失败: Page.goto: net::ERR_CONNECTION_CLOSED at https://seller.kuajingmaihuo.com/login
Call log:
  - navigating to "https://seller.kuajingmaihuo.com/login", waiting until "domcontentloaded"

2026-06-21 12:09:53,870 | ERROR | temu_site | 2103-Temu全托管 - 第 1 次失败: open_login_page 失败
Traceback (most recent call last):
  File "D:\sd14\Temu_horizon\core\base_client.py", line 62, in post
    resp.raise_for_status()
  File "C:\ProgramData\anaconda3\envs\spider310\lib\site-packages\requests\models.py", line 1026, in raise_for_status
    raise HTTPError(http_error_msg, response=self)
requests.exceptions.HTTPError: 403 Client Error: Forbidden for url: https://agentseller.temu.com/api/kiana/mms/robin/searchForChainSupplier

During handling of the above exception, another exception occurred:

Traceback (most recent call last):
  File "D:\sd14\Temu_horizon\core\login.py", line 256, in run
    result = await self.run_once()
  File "D:\sd14\Temu_horizon\core\login.py", line 239, in run_once
    raise Exception("open_login_page 失败")
Exception: open_login_page 失败
2026-06-21 12:09:53,900 | INFO | temu_site | 2103-Temu全托管 - 已关闭Playwright连接
2026-06-21 12:09:54,776 | INFO | temu_site | 2103-Temu全托管 - 已发送停止浏览器请求
2026-06-21 12:09:54,777 | INFO | temu_site | 2103-Temu全托管 - 准备重试，等待 3 秒...
2026-06-21 12:09:57,778 | INFO | temu_site | 2103-Temu全托管 - 第 2 次登录尝试
2026-06-21 12:10:00,874 | INFO | temu_site | 2103-Temu全托管 - start_api 返回: {'code': 0, 'msg': 'Success', 'data': {'action': 'startBrowserByCode', 'backgroundPluginId': 'cdgoddilnfionjljedagnobpdkhcnpii', 'browserID': 99890331, 'browserPath': 'C:\\Users\\Administrator\\AppData\\Local\\env-kit\\Core\\chrome_64_131_202501091017\\hubstudio', 'debuggingPort': '49236', 'downloadPath': 'C:\\Users\\Administrator\\Desktop\\Hubstudio\\temu全托2103店（113店改）+2108店+半托6号店+半托8号店', 'duplicate': 2656, 'ip': '1.194.218.235', 'isDynamicIp': False, 'launcherPage': 'about:blank', 'proxyType': 'socks5', 'runMode': 2, 'webdriver': 'C:\\Users\\Administrator\\AppData\\Local\\env-kit\\Core\\chrome_64_131_202501091017\\webdriver.exe', 'containerId': 99890331, 'containerCode': '1006903311', 'statusCode': '0', 'err': '成功(Success)'}}
2026-06-21 12:10:00,875 | INFO | temu_site | 2103-Temu全托管 - 浏览器启动成功, 调试端口: 49236
2026-06-21 12:10:02,677 | INFO | temu_site | 2103-Temu全托管 - 已连接浏览器
2026-06-21 12:10:03,096 | ERROR | temu_site | 2103-Temu全托管 - 打开登录页失败: Page.goto: net::ERR_CONNECTION_CLOSED at https://seller.kuajingmaihuo.com/login
Call log:
  - navigating to "https://seller.kuajingmaihuo.com/login", waiting until "domcontentloaded"

2026-06-21 12:10:03,097 | ERROR | temu_site | 2103-Temu全托管 - 第 2 次失败: open_login_page 失败
Traceback (most recent call last):
  File "D:\sd14\Temu_horizon\core\base_client.py", line 62, in post
    resp.raise_for_status()
  File "C:\ProgramData\anaconda3\envs\spider310\lib\site-packages\requests\models.py", line 1026, in raise_for_status
    raise HTTPError(http_error_msg, response=self)
requests.exceptions.HTTPError: 403 Client Error: Forbidden for url: https://agentseller.temu.com/api/kiana/mms/robin/searchForChainSupplier

During handling of the above exception, another exception occurred:

Traceback (most recent call last):
  File "D:\sd14\Temu_horizon\core\login.py", line 256, in run
    result = await self.run_once()
  File "D:\sd14\Temu_horizon\core\login.py", line 239, in run_once
    raise Exception("open_login_page 失败")
Exception: open_login_page 失败
2026-06-21 12:10:03,121 | INFO | temu_site | 2103-Temu全托管 - 已关闭Playwright连接
2026-06-21 12:10:03,834 | INFO | temu_site | 2103-Temu全托管 - 已发送停止浏览器请求
2026-06-21 12:10:03,835 | INFO | temu_site | 2103-Temu全托管 - 准备重试，等待 3 秒...
2026-06-21 12:10:06,848 | INFO | temu_site | 2103-Temu全托管 - 第 3 次登录尝试
2026-06-21 12:10:09,722 | INFO | temu_site | 2103-Temu全托管 - start_api 返回: {'code': 0, 'msg': 'Success', 'data': {'action': 'startBrowserByCode', 'backgroundPluginId': 'cdgoddilnfionjljedagnobpdkhcnpii', 'browserID': 99890331, 'browserPath': 'C:\\Users\\Administrator\\AppData\\Local\\env-kit\\Core\\chrome_64_131_202501091017\\hubstudio', 'debuggingPort': '49344', 'downloadPath': 'C:\\Users\\Administrator\\Desktop\\Hubstudio\\temu全托2103店（113店改）+2108店+半托6号店+半托8号店', 'duplicate': 2525, 'ip': '1.194.218.235', 'isDynamicIp': False, 'launcherPage': 'about:blank', 'proxyType': 'socks5', 'runMode': 2, 'webdriver': 'C:\\Users\\Administrator\\AppData\\Local\\env-kit\\Core\\chrome_64_131_202501091017\\webdriver.exe', 'containerId': 99890331, 'containerCode': '1006903311', 'statusCode': '0', 'err': '成功(Success)'}}
2026-06-21 12:10:09,722 | INFO | temu_site | 2103-Temu全托管 - 浏览器启动成功, 调试端口: 49344
2026-06-21 12:10:11,388 | INFO | temu_site | 2103-Temu全托管 - 已连接浏览器
2026-06-21 12:10:11,399 | ERROR | temu_site | 2103-Temu全托管 - 打开登录页失败: Page.goto: net::ERR_ABORTED at https://seller.kuajingmaihuo.com/login
Call log:
  - navigating to "https://seller.kuajingmaihuo.com/login", waiting until "domcontentloaded"

2026-06-21 12:10:11,401 | ERROR | temu_site | 2103-Temu全托管 - 第 3 次失败: open_login_page 失败
Traceback (most recent call last):
  File "D:\sd14\Temu_horizon\core\base_client.py", line 62, in post
    resp.raise_for_status()
  File "C:\ProgramData\anaconda3\envs\spider310\lib\site-packages\requests\models.py", line 1026, in raise_for_status
    raise HTTPError(http_error_msg, response=self)
requests.exceptions.HTTPError: 403 Client Error: Forbidden for url: https://agentseller.temu.com/api/kiana/mms/robin/searchForChainSupplier

During handling of the above exception, another exception occurred:

Traceback (most recent call last):
  File "D:\sd14\Temu_horizon\core\login.py", line 256, in run
    result = await self.run_once()
  File "D:\sd14\Temu_horizon\core\login.py", line 239, in run_once
    raise Exception("open_login_page 失败")
Exception: open_login_page 失败
2026-06-21 12:10:11,424 | INFO | temu_site | 2103-Temu全托管 - 已关闭Playwright连接
2026-06-21 12:10:12,194 | INFO | temu_site | 2103-Temu全托管 - 已发送停止浏览器请求
2026-06-21 12:10:12,194 | INFO | temu_site | 2103-Temu全托管 - 准备重试，等待 3 秒...
2026-06-21 12:10:15,202 | INFO | temu_site | 2103-Temu全托管 - 第 4 次登录尝试
2026-06-21 12:10:18,269 | INFO | temu_site | 2103-Temu全托管 - start_api 返回: {'code': 0, 'msg': 'Success', 'data': {'action': 'startBrowserByCode', 'backgroundPluginId': 'cdgoddilnfionjljedagnobpdkhcnpii', 'browserID': 99890331, 'browserPath': 'C:\\Users\\Administrator\\AppData\\Local\\env-kit\\Core\\chrome_64_131_202501091017\\hubstudio', 'debuggingPort': '49474', 'downloadPath': 'C:\\Users\\Administrator\\Desktop\\Hubstudio\\temu全托2103店（113店改）+2108店+半托6号店+半托8号店', 'duplicate': 2645, 'ip': '1.194.218.235', 'isDynamicIp': False, 'launcherPage': 'about:blank', 'proxyType': 'socks5', 'runMode': 2, 'webdriver': 'C:\\Users\\Administrator\\AppData\\Local\\env-kit\\Core\\chrome_64_131_202501091017\\webdriver.exe', 'containerId': 99890331, 'containerCode': '1006903311', 'statusCode': '0', 'err': '成功(Success)'}}
2026-06-21 12:10:18,269 | INFO | temu_site | 2103-Temu全托管 - 浏览器启动成功, 调试端口: 49474
2026-06-21 12:10:19,893 | INFO | temu_site | 2103-Temu全托管 - 已连接浏览器
2026-06-21 12:10:20,279 | ERROR | temu_site | 2103-Temu全托管 - 打开登录页失败: Page.goto: net::ERR_CONNECTION_CLOSED at https://seller.kuajingmaihuo.com/login
Call log:
  - navigating to "https://seller.kuajingmaihuo.com/login", waiting until "domcontentloaded"

2026-06-21 12:10:20,279 | ERROR | temu_site | 2103-Temu全托管 - 第 4 次失败: open_login_page 失败
Traceback (most recent call last):
  File "D:\sd14\Temu_horizon\core\base_client.py", line 62, in post
    resp.raise_for_status()
  File "C:\ProgramData\anaconda3\envs\spider310\lib\site-packages\requests\models.py", line 1026, in raise_for_status
    raise HTTPError(http_error_msg, response=self)
requests.exceptions.HTTPError: 403 Client Error: Forbidden for url: https://agentseller.temu.com/api/kiana/mms/robin/searchForChainSupplier

During handling of the above exception, another exception occurred:

Traceback (most recent call last):
  File "D:\sd14\Temu_horizon\core\login.py", line 256, in run
    result = await self.run_once()
  File "D:\sd14\Temu_horizon\core\login.py", line 239, in run_once
    raise Exception("open_login_page 失败")
Exception: open_login_page 失败
2026-06-21 12:10:20,307 | INFO | temu_site | 2103-Temu全托管 - 已关闭Playwright连接
2026-06-21 12:10:21,174 | INFO | temu_site | 2103-Temu全托管 - 已发送停止浏览器请求
2026-06-21 12:10:21,174 | INFO | temu_site | 2103-Temu全托管 - 准备重试，等待 3 秒...
2026-06-21 12:10:24,179 | INFO | temu_site | 2103-Temu全托管 - 第 5 次登录尝试
2026-06-21 12:10:27,243 | INFO | temu_site | 2103-Temu全托管 - start_api 返回: {'code': 0, 'msg': 'Success', 'data': {'action': 'startBrowserByCode', 'backgroundPluginId': 'cdgoddilnfionjljedagnobpdkhcnpii', 'browserID': 99890331, 'browserPath': 'C:\\Users\\Administrator\\AppData\\Local\\env-kit\\Core\\chrome_64_131_202501091017\\hubstudio', 'debuggingPort': '49579', 'downloadPath': 'C:\\Users\\Administrator\\Desktop\\Hubstudio\\temu全托2103店（113店改）+2108店+半托6号店+半托8号店', 'duplicate': 2597, 'ip': '1.194.218.235', 'isDynamicIp': False, 'launcherPage': 'about:blank', 'proxyType': 'socks5', 'runMode': 2, 'webdriver': 'C:\\Users\\Administrator\\AppData\\Local\\env-kit\\Core\\chrome_64_131_202501091017\\webdriver.exe', 'containerId': 99890331, 'containerCode': '1006903311', 'statusCode': '0', 'err': '成功(Success)'}}
2026-06-21 12:10:27,244 | INFO | temu_site | 2103-Temu全托管 - 浏览器启动成功, 调试端口: 49579
2026-06-21 12:10:28,902 | INFO | temu_site | 2103-Temu全托管 - 已连接浏览器
2026-06-21 12:10:28,914 | ERROR | temu_site | 2103-Temu全托管 - 打开登录页失败: Page.goto: net::ERR_ABORTED at https://seller.kuajingmaihuo.com/login
Call log:
  - navigating to "https://seller.kuajingmaihuo.com/login", waiting until "domcontentloaded"

2026-06-21 12:10:28,920 | ERROR | temu_site | 2103-Temu全托管 - 第 5 次失败: open_login_page 失败
Traceback (most recent call last):
  File "D:\sd14\Temu_horizon\core\base_client.py", line 62, in post
    resp.raise_for_status()
  File "C:\ProgramData\anaconda3\envs\spider310\lib\site-packages\requests\models.py", line 1026, in raise_for_status
    raise HTTPError(http_error_msg, response=self)
requests.exceptions.HTTPError: 403 Client Error: Forbidden for url: https://agentseller.temu.com/api/kiana/mms/robin/searchForChainSupplier

During handling of the above exception, another exception occurred:

Traceback (most recent call last):
  File "D:\sd14\Temu_horizon\core\login.py", line 256, in run
    result = await self.run_once()
  File "D:\sd14\Temu_horizon\core\login.py", line 239, in run_once
    raise Exception("open_login_page 失败")
Exception: open_login_page 失败
2026-06-21 12:10:28,944 | INFO | temu_site | 2103-Temu全托管 - 已关闭Playwright连接
2026-06-21 12:10:29,774 | INFO | temu_site | 2103-Temu全托管 - 已发送停止浏览器请求
2026-06-21 12:10:29,774 | INFO | temu_site | 2103-Temu全托管 - 准备重试，等待 3 秒...
2026-06-21 12:10:32,778 | INFO | temu_site | 2103-Temu全托管 - 第 6 次登录尝试
2026-06-21 12:10:35,953 | INFO | temu_site | 2103-Temu全托管 - start_api 返回: {'code': 0, 'msg': 'Success', 'data': {'action': 'startBrowserByCode', 'backgroundPluginId': 'cdgoddilnfionjljedagnobpdkhcnpii', 'browserID': 99890331, 'browserPath': 'C:\\Users\\Administrator\\AppData\\Local\\env-kit\\Core\\chrome_64_131_202501091017\\hubstudio', 'debuggingPort': '49725', 'downloadPath': 'C:\\Users\\Administrator\\Desktop\\Hubstudio\\temu全托2103店（113店改）+2108店+半托6号店+半托8号店', 'duplicate': 2739, 'ip': '1.194.218.235', 'isDynamicIp': False, 'launcherPage': 'about:blank', 'proxyType': 'socks5', 'runMode': 2, 'webdriver': 'C:\\Users\\Administrator\\AppData\\Local\\env-kit\\Core\\chrome_64_131_202501091017\\webdriver.exe', 'containerId': 99890331, 'containerCode': '1006903311', 'statusCode': '0', 'err': '成功(Success)'}}
2026-06-21 12:10:35,954 | INFO | temu_site | 2103-Temu全托管 - 浏览器启动成功, 调试端口: 49725
2026-06-21 12:10:37,586 | INFO | temu_site | 2103-Temu全托管 - 已连接浏览器
2026-06-21 12:10:37,949 | ERROR | temu_site | 2103-Temu全托管 - 打开登录页失败: Page.goto: net::ERR_CONNECTION_CLOSED at https://seller.kuajingmaihuo.com/login
Call log:
  - navigating to "https://seller.kuajingmaihuo.com/login", waiting until "domcontentloaded"

2026-06-21 12:10:37,949 | ERROR | temu_site | 2103-Temu全托管 - 第 6 次失败: open_login_page 失败
Traceback (most recent call last):
  File "D:\sd14\Temu_horizon\core\base_client.py", line 62, in post
    resp.raise_for_status()
  File "C:\ProgramData\anaconda3\envs\spider310\lib\site-packages\requests\models.py", line 1026, in raise_for_status
    raise HTTPError(http_error_msg, response=self)
requests.exceptions.HTTPError: 403 Client Error: Forbidden for url: https://agentseller.temu.com/api/kiana/mms/robin/searchForChainSupplier

During handling of the above exception, another exception occurred:

Traceback (most recent call last):
  File "D:\sd14\Temu_horizon\core\login.py", line 256, in run
    result = await self.run_once()
  File "D:\sd14\Temu_horizon\core\login.py", line 239, in run_once
    raise Exception("open_login_page 失败")
Exception: open_login_page 失败
2026-06-21 12:10:37,981 | INFO | temu_site | 2103-Temu全托管 - 已关闭Playwright连接
2026-06-21 12:10:38,846 | INFO | temu_site | 2103-Temu全托管 - 已发送停止浏览器请求
2026-06-21 12:10:38,847 | ERROR | temu_site | 2103-Temu全托管 - 登录失败，已达到最大重试次数 6
2026-06-21 12:10:38,847 | ERROR | temu_site | 处理店铺 2103-Temu全托管 时出错: [2103-Temu全托管] 登录失败
2026-06-21 12:10:38,849 | INFO | temu_site | 正在爬取店铺---2102-Temu全托管---skc_sku_violate数据
2026-06-21 12:10:39,850 | ERROR | temu_site | [2102-Temu全托管] 请求失败（第 1 次）: 403 Client Error: Forbidden for url: https://agentseller.temu.com/api/kiana/mms/robin/searchForChainSupplier
2026-06-21 12:10:39,851 | INFO | temu_site | 2102-Temu全托管 - 第 1 次登录尝试
2026-06-21 12:10:43,277 | INFO | temu_site | 2102-Temu全托管 - start_api 返回: {'code': 0, 'msg': 'Success', 'data': {'action': 'startBrowserByCode', 'backgroundPluginId': 'eeakakjccihhgkahpdohdfhkoheehanb', 'browserID': 102858197, 'browserPath': 'C:\\Users\\Administrator\\AppData\\Local\\env-kit\\Core\\chrome_64_131_202501091017\\hubstudio', 'debuggingPort': '49835', 'downloadPath': 'C:\\Users\\Administrator\\Desktop\\Hubstudio\\temu全托2102店（152店改）', 'duplicate': 3048, 'ip': '49.7.135.46', 'isDynamicIp': False, 'launcherPage': 'about:blank', 'proxyType': 'socks5', 'runMode': 2, 'webdriver': 'C:\\Users\\Administrator\\AppData\\Local\\env-kit\\Core\\chrome_64_131_202501091017\\webdriver.exe', 'containerId': 102858197, 'containerCode': '1036581979', 'statusCode': '0', 'err': '成功(Success)'}}
2026-06-21 12:10:43,278 | INFO | temu_site | 2102-Temu全托管 - 浏览器启动成功, 调试端口: 49835
2026-06-21 12:10:44,936 | INFO | temu_site | 2102-Temu全托管 - 已连接浏览器
2026-06-21 12:10:45,418 | ERROR | temu_site | 2102-Temu全托管 - 打开登录页失败: Page.goto: net::ERR_CONNECTION_CLOSED at https://seller.kuajingmaihuo.com/login
Call log:
  - navigating to "https://seller.kuajingmaihuo.com/login", waiting until "domcontentloaded"

2026-06-21 12:10:45,419 | ERROR | temu_site | 2102-Temu全托管 - 第 1 次失败: open_login_page 失败
Traceback (most recent call last):
  File "D:\sd14\Temu_horizon\core\base_client.py", line 62, in post
    resp.raise_for_status()
  File "C:\ProgramData\anaconda3\envs\spider310\lib\site-packages\requests\models.py", line 1026, in raise_for_status
    raise HTTPError(http_error_msg, response=self)
requests.exceptions.HTTPError: 403 Client Error: Forbidden for url: https://agentseller.temu.com/api/kiana/mms/robin/searchForChainSupplier

During handling of the above exception, another exception occurred:

Traceback (most recent call last):
  File "D:\sd14\Temu_horizon\core\login.py", line 256, in run
    result = await self.run_once()
  File "D:\sd14\Temu_horizon\core\login.py", line 239, in run_once
    raise Exception("open_login_page 失败")
Exception: open_login_page 失败
2026-06-21 12:10:45,449 | INFO | temu_site | 2102-Temu全托管 - 已关闭Playwright连接
2026-06-21 12:10:46,294 | INFO | temu_site | 2102-Temu全托管 - 已发送停止浏览器请求
2026-06-21 12:10:46,295 | INFO | temu_site | 2102-Temu全托管 - 准备重试，等待 3 秒...
2026-06-21 12:10:49,295 | INFO | temu_site | 2102-Temu全托管 - 第 2 次登录尝试
2026-06-21 12:10:52,112 | INFO | temu_site | 2102-Temu全托管 - start_api 返回: {'code': 0, 'msg': 'Success', 'data': {'action': 'startBrowserByCode', 'backgroundPluginId': 'eeakakjccihhgkahpdohdfhkoheehanb', 'browserID': 102858197, 'browserPath': 'C:\\Users\\Administrator\\AppData\\Local\\env-kit\\Core\\chrome_64_131_202501091017\\hubstudio', 'debuggingPort': '49943', 'downloadPath': 'C:\\Users\\Administrator\\Desktop\\Hubstudio\\temu全托2102店（152店改）', 'duplicate': 2400, 'ip': '49.7.135.46', 'isDynamicIp': False, 'launcherPage': 'about:blank', 'proxyType': 'socks5', 'runMode': 2, 'webdriver': 'C:\\Users\\Administrator\\AppData\\Local\\env-kit\\Core\\chrome_64_131_202501091017\\webdriver.exe', 'containerId': 102858197, 'containerCode': '1036581979', 'statusCode': '0', 'err': '成功(Success)'}}
2026-06-21 12:10:52,112 | INFO | temu_site | 2102-Temu全托管 - 浏览器启动成功, 调试端口: 49943
2026-06-21 12:10:53,901 | INFO | temu_site | 2102-Temu全托管 - 已连接浏览器
2026-06-21 12:10:54,392 | ERROR | temu_site | 2102-Temu全托管 - 打开登录页失败: Page.goto: net::ERR_CONNECTION_CLOSED at https://seller.kuajingmaihuo.com/login
Call log:
  - navigating to "https://seller.kuajingmaihuo.com/login", waiting until "domcontentloaded"

2026-06-21 12:10:54,393 | ERROR | temu_site | 2102-Temu全托管 - 第 2 次失败: open_login_page 失败
Traceback (most recent call last):
  File "D:\sd14\Temu_horizon\core\base_client.py", line 62, in post
    resp.raise_for_status()
  File "C:\ProgramData\anaconda3\envs\spider310\lib\site-packages\requests\models.py", line 1026, in raise_for_status
    raise HTTPError(http_error_msg, response=self)
requests.exceptions.HTTPError: 403 Client Error: Forbidden for url: https://agentseller.temu.com/api/kiana/mms/robin/searchForChainSupplier

During handling of the above exception, another exception occurred:

Traceback (most recent call last):
  File "D:\sd14\Temu_horizon\core\login.py", line 256, in run
    result = await self.run_once()
  File "D:\sd14\Temu_horizon\core\login.py", line 239, in run_once
    raise Exception("open_login_page 失败")
Exception: open_login_page 失败
2026-06-21 12:10:54,422 | INFO | temu_site | 2102-Temu全托管 - 已关闭Playwright连接
2026-06-21 12:10:55,255 | INFO | temu_site | 2102-Temu全托管 - 已发送停止浏览器请求
2026-06-21 12:10:55,255 | INFO | temu_site | 2102-Temu全托管 - 准备重试，等待 3 秒...
2026-06-21 12:10:58,268 | INFO | temu_site | 2102-Temu全托管 - 第 3 次登录尝试
2026-06-21 12:11:01,267 | INFO | temu_site | 2102-Temu全托管 - start_api 返回: {'code': 0, 'msg': 'Success', 'data': {'action': 'startBrowserByCode', 'backgroundPluginId': 'eeakakjccihhgkahpdohdfhkoheehanb', 'browserID': 102858197, 'browserPath': 'C:\\Users\\Administrator\\AppData\\Local\\env-kit\\Core\\chrome_64_131_202501091017\\hubstudio', 'debuggingPort': '50055', 'downloadPath': 'C:\\Users\\Administrator\\Desktop\\Hubstudio\\temu全托2102店（152店改）', 'duplicate': 2572, 'ip': '49.7.135.46', 'isDynamicIp': False, 'launcherPage': 'about:blank', 'proxyType': 'socks5', 'runMode': 2, 'webdriver': 'C:\\Users\\Administrator\\AppData\\Local\\env-kit\\Core\\chrome_64_131_202501091017\\webdriver.exe', 'containerId': 102858197, 'containerCode': '1036581979', 'statusCode': '0', 'err': '成功(Success)'}}
2026-06-21 12:11:01,268 | INFO | temu_site | 2102-Temu全托管 - 浏览器启动成功, 调试端口: 50055
2026-06-21 12:11:02,950 | INFO | temu_site | 2102-Temu全托管 - 已连接浏览器
2026-06-21 12:11:03,442 | ERROR | temu_site | 2102-Temu全托管 - 打开登录页失败: Page.goto: net::ERR_CONNECTION_CLOSED at https://seller.kuajingmaihuo.com/login
Call log:
  - navigating to "https://seller.kuajingmaihuo.com/login", waiting until "domcontentloaded"

2026-06-21 12:11:03,443 | ERROR | temu_site | 2102-Temu全托管 - 第 3 次失败: open_login_page 失败
Traceback (most recent call last):
  File "D:\sd14\Temu_horizon\core\base_client.py", line 62, in post
    resp.raise_for_status()
  File "C:\ProgramData\anaconda3\envs\spider310\lib\site-packages\requests\models.py", line 1026, in raise_for_status
    raise HTTPError(http_error_msg, response=self)
requests.exceptions.HTTPError: 403 Client Error: Forbidden for url: https://agentseller.temu.com/api/kiana/mms/robin/searchForChainSupplier

During handling of the above exception, another exception occurred:

Traceback (most recent call last):
  File "D:\sd14\Temu_horizon\core\login.py", line 256, in run
    result = await self.run_once()
  File "D:\sd14\Temu_horizon\core\login.py", line 239, in run_once
    raise Exception("open_login_page 失败")
Exception: open_login_page 失败
2026-06-21 12:11:03,468 | INFO | temu_site | 2102-Temu全托管 - 已关闭Playwright连接
2026-06-21 12:11:04,291 | INFO | temu_site | 2102-Temu全托管 - 已发送停止浏览器请求
2026-06-21 12:11:04,291 | INFO | temu_site | 2102-Temu全托管 - 准备重试，等待 3 秒...
2026-06-21 12:11:07,293 | INFO | temu_site | 2102-Temu全托管 - 第 4 次登录尝试
2026-06-21 12:11:10,307 | INFO | temu_site | 2102-Temu全托管 - start_api 返回: {'code': 0, 'msg': 'Success', 'data': {'action': 'startBrowserByCode', 'backgroundPluginId': 'eeakakjccihhgkahpdohdfhkoheehanb', 'browserID': 102858197, 'browserPath': 'C:\\Users\\Administrator\\AppData\\Local\\env-kit\\Core\\chrome_64_131_202501091017\\hubstudio', 'debuggingPort': '50162', 'downloadPath': 'C:\\Users\\Administrator\\Desktop\\Hubstudio\\temu全托2102店（152店改）', 'duplicate': 2592, 'ip': '49.7.135.46', 'isDynamicIp': False, 'launcherPage': 'about:blank', 'proxyType': 'socks5', 'runMode': 2, 'webdriver': 'C:\\Users\\Administrator\\AppData\\Local\\env-kit\\Core\\chrome_64_131_202501091017\\webdriver.exe', 'containerId': 102858197, 'containerCode': '1036581979', 'statusCode': '0', 'err': '成功(Success)'}}
2026-06-21 12:11:10,308 | INFO | temu_site | 2102-Temu全托管 - 浏览器启动成功, 调试端口: 50162
2026-06-21 12:11:12,047 | INFO | temu_site | 2102-Temu全托管 - 已连接浏览器
2026-06-21 12:11:12,548 | ERROR | temu_site | 2102-Temu全托管 - 打开登录页失败: Page.goto: net::ERR_CONNECTION_CLOSED at https://seller.kuajingmaihuo.com/login
Call log:
  - navigating to "https://seller.kuajingmaihuo.com/login", waiting until "domcontentloaded"

2026-06-21 12:11:12,549 | ERROR | temu_site | 2102-Temu全托管 - 第 4 次失败: open_login_page 失败
Traceback (most recent call last):
  File "D:\sd14\Temu_horizon\core\base_client.py", line 62, in post
    resp.raise_for_status()
  File "C:\ProgramData\anaconda3\envs\spider310\lib\site-packages\requests\models.py", line 1026, in raise_for_status
    raise HTTPError(http_error_msg, response=self)
requests.exceptions.HTTPError: 403 Client Error: Forbidden for url: https://agentseller.temu.com/api/kiana/mms/robin/searchForChainSupplier

During handling of the above exception, another exception occurred:

Traceback (most recent call last):
  File "D:\sd14\Temu_horizon\core\login.py", line 256, in run
    result = await self.run_once()
  File "D:\sd14\Temu_horizon\core\login.py", line 239, in run_once
    raise Exception("open_login_page 失败")
Exception: open_login_page 失败
2026-06-21 12:11:12,579 | INFO | temu_site | 2102-Temu全托管 - 已关闭Playwright连接
2026-06-21 12:11:13,442 | INFO | temu_site | 2102-Temu全托管 - 已发送停止浏览器请求
2026-06-21 12:11:13,443 | INFO | temu_site | 2102-Temu全托管 - 准备重试，等待 3 秒...
2026-06-21 12:11:16,445 | INFO | temu_site | 2102-Temu全托管 - 第 5 次登录尝试
2026-06-21 12:11:19,385 | INFO | temu_site | 2102-Temu全托管 - start_api 返回: {'code': 0, 'msg': 'Success', 'data': {'action': 'startBrowserByCode', 'backgroundPluginId': 'eeakakjccihhgkahpdohdfhkoheehanb', 'browserID': 102858197, 'browserPath': 'C:\\Users\\Administrator\\AppData\\Local\\env-kit\\Core\\chrome_64_131_202501091017\\hubstudio', 'debuggingPort': '50276', 'downloadPath': 'C:\\Users\\Administrator\\Desktop\\Hubstudio\\temu全托2102店（152店改）', 'duplicate': 2518, 'ip': '49.7.135.46', 'isDynamicIp': False, 'launcherPage': 'about:blank', 'proxyType': 'socks5', 'runMode': 2, 'webdriver': 'C:\\Users\\Administrator\\AppData\\Local\\env-kit\\Core\\chrome_64_131_202501091017\\webdriver.exe', 'containerId': 102858197, 'containerCode': '1036581979', 'statusCode': '0', 'err': '成功(Success)'}}
2026-06-21 12:11:19,386 | INFO | temu_site | 2102-Temu全托管 - 浏览器启动成功, 调试端口: 50276
2026-06-21 12:11:21,035 | INFO | temu_site | 2102-Temu全托管 - 已连接浏览器
2026-06-21 12:11:21,046 | ERROR | temu_site | 2102-Temu全托管 - 打开登录页失败: Page.goto: net::ERR_ABORTED at https://seller.kuajingmaihuo.com/login
Call log:
  - navigating to "https://seller.kuajingmaihuo.com/login", waiting until "domcontentloaded"

2026-06-21 12:11:21,049 | ERROR | temu_site | 2102-Temu全托管 - 第 5 次失败: open_login_page 失败
Traceback (most recent call last):
  File "D:\sd14\Temu_horizon\core\base_client.py", line 62, in post
    resp.raise_for_status()
  File "C:\ProgramData\anaconda3\envs\spider310\lib\site-packages\requests\models.py", line 1026, in raise_for_status
    raise HTTPError(http_error_msg, response=self)
requests.exceptions.HTTPError: 403 Client Error: Forbidden for url: https://agentseller.temu.com/api/kiana/mms/robin/searchForChainSupplier

During handling of the above exception, another exception occurred:

Traceback (most recent call last):
  File "D:\sd14\Temu_horizon\core\login.py", line 256, in run
    result = await self.run_once()
  File "D:\sd14\Temu_horizon\core\login.py", line 239, in run_once
    raise Exception("open_login_page 失败")
Exception: open_login_page 失败
2026-06-21 12:11:21,074 | INFO | temu_site | 2102-Temu全托管 - 已关闭Playwright连接
2026-06-21 12:11:21,949 | INFO | temu_site | 2102-Temu全托管 - 已发送停止浏览器请求
2026-06-21 12:11:21,949 | INFO | temu_site | 2102-Temu全托管 - 准备重试，等待 3 秒...
2026-06-21 12:11:24,964 | INFO | temu_site | 2102-Temu全托管 - 第 6 次登录尝试
2026-06-21 12:11:28,111 | INFO | temu_site | 2102-Temu全托管 - start_api 返回: {'code': 0, 'msg': 'Success', 'data': {'action': 'startBrowserByCode', 'backgroundPluginId': 'eeakakjccihhgkahpdohdfhkoheehanb', 'browserID': 102858197, 'browserPath': 'C:\\Users\\Administrator\\AppData\\Local\\env-kit\\Core\\chrome_64_131_202501091017\\hubstudio', 'debuggingPort': '50389', 'downloadPath': 'C:\\Users\\Administrator\\Desktop\\Hubstudio\\temu全托2102店（152店改）', 'duplicate': 2701, 'ip': '49.7.135.46', 'isDynamicIp': False, 'launcherPage': 'about:blank', 'proxyType': 'socks5', 'runMode': 2, 'webdriver': 'C:\\Users\\Administrator\\AppData\\Local\\env-kit\\Core\\chrome_64_131_202501091017\\webdriver.exe', 'containerId': 102858197, 'containerCode': '1036581979', 'statusCode': '0', 'err': '成功(Success)'}}
2026-06-21 12:11:28,112 | INFO | temu_site | 2102-Temu全托管 - 浏览器启动成功, 调试端口: 50389
2026-06-21 12:11:29,751 | INFO | temu_site | 2102-Temu全托管 - 已连接浏览器
2026-06-21 12:11:30,242 | ERROR | temu_site | 2102-Temu全托管 - 打开登录页失败: Page.goto: net::ERR_CONNECTION_CLOSED at https://seller.kuajingmaihuo.com/login
Call log:
  - navigating to "https://seller.kuajingmaihuo.com/login", waiting until "domcontentloaded"

2026-06-21 12:11:30,242 | ERROR | temu_site | 2102-Temu全托管 - 第 6 次失败: open_login_page 失败
Traceback (most recent call last):
  File "D:\sd14\Temu_horizon\core\base_client.py", line 62, in post
    resp.raise_for_status()
  File "C:\ProgramData\anaconda3\envs\spider310\lib\site-packages\requests\models.py", line 1026, in raise_for_status
    raise HTTPError(http_error_msg, response=self)
requests.exceptions.HTTPError: 403 Client Error: Forbidden for url: https://agentseller.temu.com/api/kiana/mms/robin/searchForChainSupplier

During handling of the above exception, another exception occurred:

Traceback (most recent call last):
  File "D:\sd14\Temu_horizon\core\login.py", line 256, in run
    result = await self.run_once()
  File "D:\sd14\Temu_horizon\core\login.py", line 239, in run_once
    raise Exception("open_login_page 失败")
Exception: open_login_page 失败
2026-06-21 12:11:30,266 | INFO | temu_site | 2102-Temu全托管 - 已关闭Playwright连接
2026-06-21 12:11:31,239 | INFO | temu_site | 2102-Temu全托管 - 已发送停止浏览器请求
2026-06-21 12:11:31,240 | ERROR | temu_site | 2102-Temu全托管 - 登录失败，已达到最大重试次数 6
2026-06-21 12:11:31,240 | ERROR | temu_site | 处理店铺 2102-Temu全托管 时出错: [2102-Temu全托管] 登录失败
2026-06-21 12:11:31,256 | INFO | temu_site | 正在爬取店铺---2101-Temu全托管KA---skc_sku_violate数据
2026-06-21 12:11:32,284 | ERROR | temu_site | [2101-Temu全托管KA] 请求失败（第 1 次）: 403 Client Error: Forbidden for url: https://agentseller.temu.com/api/kiana/mms/robin/searchForChainSupplier
2026-06-21 12:11:32,285 | INFO | temu_site | 2101-Temu全托管KA - 第 1 次登录尝试
2026-06-21 12:11:35,415 | INFO | temu_site | 2101-Temu全托管KA - start_api 返回: {'code': 0, 'msg': 'Success', 'data': {'action': 'startBrowserByCode', 'backgroundPluginId': 'akgomnfmbbjjcajjhhilppefdmokndpj', 'browserID': 104355104, 'browserPath': 'C:\\Users\\Administrator\\AppData\\Local\\env-kit\\Core\\chrome_64_131_202501091017\\hubstudio', 'debuggingPort': '50502', 'downloadPath': 'C:\\Users\\Administrator\\Desktop\\Hubstudio\\temu全托2101号店（111店改）', 'duplicate': 2811, 'ip': '124.236.76.149', 'isDynamicIp': False, 'launcherPage': 'about:blank', 'proxyType': 'socks5', 'runMode': 2, 'webdriver': 'C:\\Users\\Administrator\\AppData\\Local\\env-kit\\Core\\chrome_64_131_202501091017\\webdriver.exe', 'containerId': 104355104, 'containerCode': '1051551049', 'statusCode': '0', 'err': '成功(Success)'}}
2026-06-21 12:11:35,416 | INFO | temu_site | 2101-Temu全托管KA - 浏览器启动成功, 调试端口: 50502
2026-06-21 12:11:37,086 | INFO | temu_site | 2101-Temu全托管KA - 已连接浏览器
2026-06-21 12:11:37,645 | ERROR | temu_site | 2101-Temu全托管KA - 打开登录页失败: Page.goto: net::ERR_CONNECTION_CLOSED at https://seller.kuajingmaihuo.com/login
Call log:
  - navigating to "https://seller.kuajingmaihuo.com/login", waiting until "domcontentloaded"

2026-06-21 12:11:37,645 | ERROR | temu_site | 2101-Temu全托管KA - 第 1 次失败: open_login_page 失败
Traceback (most recent call last):
  File "D:\sd14\Temu_horizon\core\base_client.py", line 62, in post
    resp.raise_for_status()
  File "C:\ProgramData\anaconda3\envs\spider310\lib\site-packages\requests\models.py", line 1026, in raise_for_status
    raise HTTPError(http_error_msg, response=self)
requests.exceptions.HTTPError: 403 Client Error: Forbidden for url: https://agentseller.temu.com/api/kiana/mms/robin/searchForChainSupplier

During handling of the above exception, another exception occurred:

Traceback (most recent call last):
  File "D:\sd14\Temu_horizon\core\login.py", line 256, in run
    result = await self.run_once()
  File "D:\sd14\Temu_horizon\core\login.py", line 239, in run_once
    raise Exception("open_login_page 失败")
Exception: open_login_page 失败
2026-06-21 12:11:37,677 | INFO | temu_site | 2101-Temu全托管KA - 已关闭Playwright连接
2026-06-21 12:11:38,538 | INFO | temu_site | 2101-Temu全托管KA - 已发送停止浏览器请求
2026-06-21 12:11:38,538 | INFO | temu_site | 2101-Temu全托管KA - 准备重试，等待 3 秒...
2026-06-21 12:11:41,549 | INFO | temu_site | 2101-Temu全托管KA - 第 2 次登录尝试
2026-06-21 12:11:44,699 | INFO | temu_site | 2101-Temu全托管KA - start_api 返回: {'code': 0, 'msg': 'Success', 'data': {'action': 'startBrowserByCode', 'backgroundPluginId': 'akgomnfmbbjjcajjhhilppefdmokndpj', 'browserID': 104355104, 'browserPath': 'C:\\Users\\Administrator\\AppData\\Local\\env-kit\\Core\\chrome_64_131_202501091017\\hubstudio', 'debuggingPort': '50620', 'downloadPath': 'C:\\Users\\Administrator\\Desktop\\Hubstudio\\temu全托2101号店（111店改）', 'duplicate': 2663, 'ip': '124.236.76.149', 'isDynamicIp': False, 'launcherPage': 'about:blank', 'proxyType': 'socks5', 'runMode': 2, 'webdriver': 'C:\\Users\\Administrator\\AppData\\Local\\env-kit\\Core\\chrome_64_131_202501091017\\webdriver.exe', 'containerId': 104355104, 'containerCode': '1051551049', 'statusCode': '0', 'err': '成功(Success)'}}
2026-06-21 12:11:44,699 | INFO | temu_site | 2101-Temu全托管KA - 浏览器启动成功, 调试端口: 50620
2026-06-21 12:11:46,336 | INFO | temu_site | 2101-Temu全托管KA - 已连接浏览器
2026-06-21 12:11:46,349 | ERROR | temu_site | 2101-Temu全托管KA - 打开登录页失败: Page.goto: net::ERR_ABORTED at https://seller.kuajingmaihuo.com/login
Call log:
  - navigating to "https://seller.kuajingmaihuo.com/login", waiting until "domcontentloaded"

2026-06-21 12:11:46,353 | ERROR | temu_site | 2101-Temu全托管KA - 第 2 次失败: open_login_page 失败
Traceback (most recent call last):
  File "D:\sd14\Temu_horizon\core\base_client.py", line 62, in post
    resp.raise_for_status()
  File "C:\ProgramData\anaconda3\envs\spider310\lib\site-packages\requests\models.py", line 1026, in raise_for_status
    raise HTTPError(http_error_msg, response=self)
requests.exceptions.HTTPError: 403 Client Error: Forbidden for url: https://agentseller.temu.com/api/kiana/mms/robin/searchForChainSupplier

During handling of the above exception, another exception occurred:

Traceback (most recent call last):
  File "D:\sd14\Temu_horizon\core\login.py", line 256, in run
    result = await self.run_once()
  File "D:\sd14\Temu_horizon\core\login.py", line 239, in run_once
    raise Exception("open_login_page 失败")
Exception: open_login_page 失败
2026-06-21 12:11:46,379 | INFO | temu_site | 2101-Temu全托管KA - 已关闭Playwright连接
2026-06-21 12:11:47,183 | INFO | temu_site | 2101-Temu全托管KA - 已发送停止浏览器请求
2026-06-21 12:11:47,184 | INFO | temu_site | 2101-Temu全托管KA - 准备重试，等待 3 秒...
2026-06-21 12:11:50,186 | INFO | temu_site | 2101-Temu全托管KA - 第 3 次登录尝试
2026-06-21 12:11:53,014 | INFO | temu_site | 2101-Temu全托管KA - start_api 返回: {'code': 0, 'msg': 'Success', 'data': {'action': 'startBrowserByCode', 'backgroundPluginId': 'akgomnfmbbjjcajjhhilppefdmokndpj', 'browserID': 104355104, 'browserPath': 'C:\\Users\\Administrator\\AppData\\Local\\env-kit\\Core\\chrome_64_131_202501091017\\hubstudio', 'debuggingPort': '50745', 'downloadPath': 'C:\\Users\\Administrator\\Desktop\\Hubstudio\\temu全托2101号店（111店改）', 'duplicate': 2396, 'ip': '124.236.76.149', 'isDynamicIp': False, 'launcherPage': 'about:blank', 'proxyType': 'socks5', 'runMode': 2, 'webdriver': 'C:\\Users\\Administrator\\AppData\\Local\\env-kit\\Core\\chrome_64_131_202501091017\\webdriver.exe', 'containerId': 104355104, 'containerCode': '1051551049', 'statusCode': '0', 'err': '成功(Success)'}}
2026-06-21 12:11:53,015 | INFO | temu_site | 2101-Temu全托管KA - 浏览器启动成功, 调试端口: 50745
2026-06-21 12:11:54,654 | INFO | temu_site | 2101-Temu全托管KA - 已连接浏览器
2026-06-21 12:11:55,192 | ERROR | temu_site | 2101-Temu全托管KA - 打开登录页失败: Page.goto: net::ERR_CONNECTION_CLOSED at https://seller.kuajingmaihuo.com/login
Call log:
  - navigating to "https://seller.kuajingmaihuo.com/login", waiting until "domcontentloaded"

2026-06-21 12:11:55,192 | ERROR | temu_site | 2101-Temu全托管KA - 第 3 次失败: open_login_page 失败
Traceback (most recent call last):
  File "D:\sd14\Temu_horizon\core\base_client.py", line 62, in post
    resp.raise_for_status()
  File "C:\ProgramData\anaconda3\envs\spider310\lib\site-packages\requests\models.py", line 1026, in raise_for_status
    raise HTTPError(http_error_msg, response=self)
requests.exceptions.HTTPError: 403 Client Error: Forbidden for url: https://agentseller.temu.com/api/kiana/mms/robin/searchForChainSupplier

During handling of the above exception, another exception occurred:

Traceback (most recent call last):
  File "D:\sd14\Temu_horizon\core\login.py", line 256, in run
    result = await self.run_once()
  File "D:\sd14\Temu_horizon\core\login.py", line 239, in run_once
    raise Exception("open_login_page 失败")
Exception: open_login_page 失败
2026-06-21 12:11:55,225 | INFO | temu_site | 2101-Temu全托管KA - 已关闭Playwright连接
2026-06-21 12:11:56,157 | INFO | temu_site | 2101-Temu全托管KA - 已发送停止浏览器请求
2026-06-21 12:11:56,157 | INFO | temu_site | 2101-Temu全托管KA - 准备重试，等待 3 秒...
2026-06-21 12:11:59,172 | INFO | temu_site | 2101-Temu全托管KA - 第 4 次登录尝试
2026-06-21 12:12:02,170 | INFO | temu_site | 2101-Temu全托管KA - start_api 返回: {'code': 0, 'msg': 'Success', 'data': {'action': 'startBrowserByCode', 'backgroundPluginId': 'akgomnfmbbjjcajjhhilppefdmokndpj', 'browserID': 104355104, 'browserPath': 'C:\\Users\\Administrator\\AppData\\Local\\env-kit\\Core\\chrome_64_131_202501091017\\hubstudio', 'debuggingPort': '50858', 'downloadPath': 'C:\\Users\\Administrator\\Desktop\\Hubstudio\\temu全托2101号店（111店改）', 'duplicate': 2541, 'ip': '124.236.76.149', 'isDynamicIp': False, 'launcherPage': 'about:blank', 'proxyType': 'socks5', 'runMode': 2, 'webdriver': 'C:\\Users\\Administrator\\AppData\\Local\\env-kit\\Core\\chrome_64_131_202501091017\\webdriver.exe', 'containerId': 104355104, 'containerCode': '1051551049', 'statusCode': '0', 'err': '成功(Success)'}}
2026-06-21 12:12:02,170 | INFO | temu_site | 2101-Temu全托管KA - 浏览器启动成功, 调试端口: 50858
2026-06-21 12:12:03,958 | INFO | temu_site | 2101-Temu全托管KA - 已连接浏览器
2026-06-21 12:12:03,972 | ERROR | temu_site | 2101-Temu全托管KA - 打开登录页失败: Page.goto: net::ERR_ABORTED at https://seller.kuajingmaihuo.com/login
Call log:
  - navigating to "https://seller.kuajingmaihuo.com/login", waiting until "domcontentloaded"

2026-06-21 12:12:03,975 | ERROR | temu_site | 2101-Temu全托管KA - 第 4 次失败: open_login_page 失败
Traceback (most recent call last):
  File "D:\sd14\Temu_horizon\core\base_client.py", line 62, in post
    resp.raise_for_status()
  File "C:\ProgramData\anaconda3\envs\spider310\lib\site-packages\requests\models.py", line 1026, in raise_for_status
    raise HTTPError(http_error_msg, response=self)
requests.exceptions.HTTPError: 403 Client Error: Forbidden for url: https://agentseller.temu.com/api/kiana/mms/robin/searchForChainSupplier

During handling of the above exception, another exception occurred:

Traceback (most recent call last):
  File "D:\sd14\Temu_horizon\core\login.py", line 256, in run
    result = await self.run_once()
  File "D:\sd14\Temu_horizon\core\login.py", line 239, in run_once
    raise Exception("open_login_page 失败")
Exception: open_login_page 失败
2026-06-21 12:12:04,001 | INFO | temu_site | 2101-Temu全托管KA - 已关闭Playwright连接
2026-06-21 12:12:04,898 | INFO | temu_site | 2101-Temu全托管KA - 已发送停止浏览器请求
2026-06-21 12:12:04,898 | INFO | temu_site | 2101-Temu全托管KA - 准备重试，等待 3 秒...
2026-06-21 12:12:07,902 | INFO | temu_site | 2101-Temu全托管KA - 第 5 次登录尝试
2026-06-21 12:12:10,994 | INFO | temu_site | 2101-Temu全托管KA - start_api 返回: {'code': 0, 'msg': 'Success', 'data': {'action': 'startBrowserByCode', 'backgroundPluginId': 'akgomnfmbbjjcajjhhilppefdmokndpj', 'browserID': 104355104, 'browserPath': 'C:\\Users\\Administrator\\AppData\\Local\\env-kit\\Core\\chrome_64_131_202501091017\\hubstudio', 'debuggingPort': '50992', 'downloadPath': 'C:\\Users\\Administrator\\Desktop\\Hubstudio\\temu全托2101号店（111店改）', 'duplicate': 2637, 'ip': '124.236.76.149', 'isDynamicIp': False, 'launcherPage': 'about:blank', 'proxyType': 'socks5', 'runMode': 2, 'webdriver': 'C:\\Users\\Administrator\\AppData\\Local\\env-kit\\Core\\chrome_64_131_202501091017\\webdriver.exe', 'containerId': 104355104, 'containerCode': '1051551049', 'statusCode': '0', 'err': '成功(Success)'}}
2026-06-21 12:12:10,995 | INFO | temu_site | 2101-Temu全托管KA - 浏览器启动成功, 调试端口: 50992
2026-06-21 12:12:12,615 | INFO | temu_site | 2101-Temu全托管KA - 已连接浏览器
2026-06-21 12:12:13,159 | ERROR | temu_site | 2101-Temu全托管KA - 打开登录页失败: Page.goto: net::ERR_CONNECTION_CLOSED at https://seller.kuajingmaihuo.com/login
Call log:
  - navigating to "https://seller.kuajingmaihuo.com/login", waiting until "domcontentloaded"

2026-06-21 12:12:13,159 | ERROR | temu_site | 2101-Temu全托管KA - 第 5 次失败: open_login_page 失败
Traceback (most recent call last):
  File "D:\sd14\Temu_horizon\core\base_client.py", line 62, in post
    resp.raise_for_status()
  File "C:\ProgramData\anaconda3\envs\spider310\lib\site-packages\requests\models.py", line 1026, in raise_for_status
    raise HTTPError(http_error_msg, response=self)
requests.exceptions.HTTPError: 403 Client Error: Forbidden for url: https://agentseller.temu.com/api/kiana/mms/robin/searchForChainSupplier

During handling of the above exception, another exception occurred:

Traceback (most recent call last):
  File "D:\sd14\Temu_horizon\core\login.py", line 256, in run
    result = await self.run_once()
  File "D:\sd14\Temu_horizon\core\login.py", line 239, in run_once
    raise Exception("open_login_page 失败")
Exception: open_login_page 失败
2026-06-21 12:12:13,184 | INFO | temu_site | 2101-Temu全托管KA - 已关闭Playwright连接
2026-06-21 12:12:14,049 | INFO | temu_site | 2101-Temu全托管KA - 已发送停止浏览器请求
2026-06-21 12:12:14,049 | INFO | temu_site | 2101-Temu全托管KA - 准备重试，等待 3 秒...
2026-06-21 12:12:17,055 | INFO | temu_site | 2101-Temu全托管KA - 第 6 次登录尝试
2026-06-21 12:12:20,063 | INFO | temu_site | 2101-Temu全托管KA - start_api 返回: {'code': 0, 'msg': 'Success', 'data': {'action': 'startBrowserByCode', 'backgroundPluginId': 'akgomnfmbbjjcajjhhilppefdmokndpj', 'browserID': 104355104, 'browserPath': 'C:\\Users\\Administrator\\AppData\\Local\\env-kit\\Core\\chrome_64_131_202501091017\\hubstudio', 'debuggingPort': '51105', 'downloadPath': 'C:\\Users\\Administrator\\Desktop\\Hubstudio\\temu全托2101号店（111店改）', 'duplicate': 2653, 'ip': '124.236.76.149', 'isDynamicIp': False, 'launcherPage': 'about:blank', 'proxyType': 'socks5', 'runMode': 2, 'webdriver': 'C:\\Users\\Administrator\\AppData\\Local\\env-kit\\Core\\chrome_64_131_202501091017\\webdriver.exe', 'containerId': 104355104, 'containerCode': '1051551049', 'statusCode': '0', 'err': '成功(Success)'}}
2026-06-21 12:12:20,063 | INFO | temu_site | 2101-Temu全托管KA - 浏览器启动成功, 调试端口: 51105
2026-06-21 12:12:21,881 | INFO | temu_site | 2101-Temu全托管KA - 已连接浏览器
2026-06-21 12:12:21,892 | ERROR | temu_site | 2101-Temu全托管KA - 打开登录页失败: Page.goto: net::ERR_ABORTED at https://seller.kuajingmaihuo.com/login
Call log:
  - navigating to "https://seller.kuajingmaihuo.com/login", waiting until "domcontentloaded"

2026-06-21 12:12:21,893 | ERROR | temu_site | 2101-Temu全托管KA - 第 6 次失败: open_login_page 失败
Traceback (most recent call last):
  File "D:\sd14\Temu_horizon\core\base_client.py", line 62, in post
    resp.raise_for_status()
  File "C:\ProgramData\anaconda3\envs\spider310\lib\site-packages\requests\models.py", line 1026, in raise_for_status
    raise HTTPError(http_error_msg, response=self)
requests.exceptions.HTTPError: 403 Client Error: Forbidden for url: https://agentseller.temu.com/api/kiana/mms/robin/searchForChainSupplier

During handling of the above exception, another exception occurred:

Traceback (most recent call last):
  File "D:\sd14\Temu_horizon\core\login.py", line 256, in run
    result = await self.run_once()
  File "D:\sd14\Temu_horizon\core\login.py", line 239, in run_once
    raise Exception("open_login_page 失败")
Exception: open_login_page 失败
2026-06-21 12:12:21,916 | INFO | temu_site | 2101-Temu全托管KA - 已关闭Playwright连接
2026-06-21 12:12:22,789 | INFO | temu_site | 2101-Temu全托管KA - 已发送停止浏览器请求
2026-06-21 12:12:22,789 | ERROR | temu_site | 2101-Temu全托管KA - 登录失败，已达到最大重试次数 6
2026-06-21 12:12:22,790 | ERROR | temu_site | 处理店铺 2101-Temu全托管KA 时出错: [2101-Temu全托管KA] 登录失败
2026-06-21 12:12:22,791 | INFO | temu_site | 正在爬取店铺---112-Temu全托管---skc_sku_violate数据
2026-06-21 12:12:23,951 | ERROR | temu_site | [112-Temu全托管] 请求失败（第 1 次）: 403 Client Error: Forbidden for url: https://agentseller.temu.com/api/kiana/mms/robin/searchForChainSupplier
2026-06-21 12:12:23,951 | INFO | temu_site | 112-Temu全托管 - 第 1 次登录尝试
2026-06-21 12:12:27,568 | INFO | temu_site | 112-Temu全托管 - start_api 返回: {'code': 0, 'msg': 'Success', 'data': {'action': 'startBrowserByCode', 'backgroundPluginId': 'deogjmiglmamcbonclpnbppbclfgkgpg', 'browserID': 99848624, 'browserPath': 'C:\\Users\\Administrator\\AppData\\Local\\env-kit\\Core\\chrome_64_131_202501091017\\hubstudio', 'debuggingPort': '51214', 'downloadPath': 'C:\\Users\\Administrator\\Desktop\\Hubstudio\\temu全托112店', 'duplicate': 3206, 'ip': '36.111.32.150', 'isDynamicIp': False, 'launcherPage': 'about:blank', 'proxyType': 'socks5', 'runMode': 2, 'webdriver': 'C:\\Users\\Administrator\\AppData\\Local\\env-kit\\Core\\chrome_64_131_202501091017\\webdriver.exe', 'containerId': 99848624, 'containerCode': '1006486242', 'statusCode': '0', 'err': '成功(Success)'}}
2026-06-21 12:12:27,569 | INFO | temu_site | 112-Temu全托管 - 浏览器启动成功, 调试端口: 51214
2026-06-21 12:12:29,332 | INFO | temu_site | 112-Temu全托管 - 已连接浏览器
2026-06-21 12:12:29,343 | ERROR | temu_site | 112-Temu全托管 - 打开登录页失败: Page.goto: net::ERR_ABORTED at https://seller.kuajingmaihuo.com/login
Call log:
  - navigating to "https://seller.kuajingmaihuo.com/login", waiting until "domcontentloaded"

2026-06-21 12:12:29,347 | ERROR | temu_site | 112-Temu全托管 - 第 1 次失败: open_login_page 失败
Traceback (most recent call last):
  File "D:\sd14\Temu_horizon\core\base_client.py", line 62, in post
    resp.raise_for_status()
  File "C:\ProgramData\anaconda3\envs\spider310\lib\site-packages\requests\models.py", line 1026, in raise_for_status
    raise HTTPError(http_error_msg, response=self)
requests.exceptions.HTTPError: 403 Client Error: Forbidden for url: https://agentseller.temu.com/api/kiana/mms/robin/searchForChainSupplier

During handling of the above exception, another exception occurred:

Traceback (most recent call last):
  File "D:\sd14\Temu_horizon\core\login.py", line 256, in run
    result = await self.run_once()
  File "D:\sd14\Temu_horizon\core\login.py", line 239, in run_once
    raise Exception("open_login_page 失败")
Exception: open_login_page 失败
2026-06-21 12:12:29,369 | INFO | temu_site | 112-Temu全托管 - 已关闭Playwright连接
2026-06-21 12:12:30,205 | INFO | temu_site | 112-Temu全托管 - 已发送停止浏览器请求
2026-06-21 12:12:30,205 | INFO | temu_site | 112-Temu全托管 - 准备重试，等待 3 秒...
2026-06-21 12:12:33,213 | INFO | temu_site | 112-Temu全托管 - 第 2 次登录尝试
2026-06-21 12:12:36,118 | INFO | temu_site | 112-Temu全托管 - start_api 返回: {'code': 0, 'msg': 'Success', 'data': {'action': 'startBrowserByCode', 'backgroundPluginId': 'deogjmiglmamcbonclpnbppbclfgkgpg', 'browserID': 99848624, 'browserPath': 'C:\\Users\\Administrator\\AppData\\Local\\env-kit\\Core\\chrome_64_131_202501091017\\hubstudio', 'debuggingPort': '51319', 'downloadPath': 'C:\\Users\\Administrator\\Desktop\\Hubstudio\\temu全托112店', 'duplicate': 2556, 'ip': '36.111.32.150', 'isDynamicIp': False, 'launcherPage': 'about:blank', 'proxyType': 'socks5', 'runMode': 2, 'webdriver': 'C:\\Users\\Administrator\\AppData\\Local\\env-kit\\Core\\chrome_64_131_202501091017\\webdriver.exe', 'containerId': 99848624, 'containerCode': '1006486242', 'statusCode': '0', 'err': '成功(Success)'}}
2026-06-21 12:12:36,119 | INFO | temu_site | 112-Temu全托管 - 浏览器启动成功, 调试端口: 51319
2026-06-21 12:12:37,944 | INFO | temu_site | 112-Temu全托管 - 已连接浏览器
2026-06-21 12:12:38,060 | ERROR | temu_site | 112-Temu全托管 - 打开登录页失败: Page.goto: net::ERR_CONNECTION_CLOSED at https://seller.kuajingmaihuo.com/login
Call log:
  - navigating to "https://seller.kuajingmaihuo.com/login", waiting until "domcontentloaded"

2026-06-21 12:12:38,060 | ERROR | temu_site | 112-Temu全托管 - 第 2 次失败: open_login_page 失败
Traceback (most recent call last):
  File "D:\sd14\Temu_horizon\core\base_client.py", line 62, in post
    resp.raise_for_status()
  File "C:\ProgramData\anaconda3\envs\spider310\lib\site-packages\requests\models.py", line 1026, in raise_for_status
    raise HTTPError(http_error_msg, response=self)
requests.exceptions.HTTPError: 403 Client Error: Forbidden for url: https://agentseller.temu.com/api/kiana/mms/robin/searchForChainSupplier

During handling of the above exception, another exception occurred:

Traceback (most recent call last):
  File "D:\sd14\Temu_horizon\core\login.py", line 256, in run
    result = await self.run_once()
  File "D:\sd14\Temu_horizon\core\login.py", line 239, in run_once
    raise Exception("open_login_page 失败")
Exception: open_login_page 失败
2026-06-21 12:12:38,089 | INFO | temu_site | 112-Temu全托管 - 已关闭Playwright连接
2026-06-21 12:12:38,968 | INFO | temu_site | 112-Temu全托管 - 已发送停止浏览器请求
2026-06-21 12:12:38,968 | INFO | temu_site | 112-Temu全托管 - 准备重试，等待 3 秒...
2026-06-21 12:12:41,970 | INFO | temu_site | 112-Temu全托管 - 第 3 次登录尝试
2026-06-21 12:12:45,078 | INFO | temu_site | 112-Temu全托管 - start_api 返回: {'code': 0, 'msg': 'Success', 'data': {'action': 'startBrowserByCode', 'backgroundPluginId': 'deogjmiglmamcbonclpnbppbclfgkgpg', 'browserID': 99848624, 'browserPath': 'C:\\Users\\Administrator\\AppData\\Local\\env-kit\\Core\\chrome_64_131_202501091017\\hubstudio', 'debuggingPort': '51426', 'downloadPath': 'C:\\Users\\Administrator\\Desktop\\Hubstudio\\temu全托112店', 'duplicate': 2700, 'ip': '36.111.32.150', 'isDynamicIp': False, 'launcherPage': 'about:blank', 'proxyType': 'socks5', 'runMode': 2, 'webdriver': 'C:\\Users\\Administrator\\AppData\\Local\\env-kit\\Core\\chrome_64_131_202501091017\\webdriver.exe', 'containerId': 99848624, 'containerCode': '1006486242', 'statusCode': '0', 'err': '成功(Success)'}}
2026-06-21 12:12:45,079 | INFO | temu_site | 112-Temu全托管 - 浏览器启动成功, 调试端口: 51426
2026-06-21 12:12:46,902 | INFO | temu_site | 112-Temu全托管 - 已连接浏览器
2026-06-21 12:12:47,012 | ERROR | temu_site | 112-Temu全托管 - 打开登录页失败: Page.goto: net::ERR_CONNECTION_CLOSED at https://seller.kuajingmaihuo.com/login
Call log:
  - navigating to "https://seller.kuajingmaihuo.com/login", waiting until "domcontentloaded"

2026-06-21 12:12:47,014 | ERROR | temu_site | 112-Temu全托管 - 第 3 次失败: open_login_page 失败
Traceback (most recent call last):
  File "D:\sd14\Temu_horizon\core\base_client.py", line 62, in post
    resp.raise_for_status()
  File "C:\ProgramData\anaconda3\envs\spider310\lib\site-packages\requests\models.py", line 1026, in raise_for_status
    raise HTTPError(http_error_msg, response=self)
requests.exceptions.HTTPError: 403 Client Error: Forbidden for url: https://agentseller.temu.com/api/kiana/mms/robin/searchForChainSupplier

During handling of the above exception, another exception occurred:

Traceback (most recent call last):
  File "D:\sd14\Temu_horizon\core\login.py", line 256, in run
    result = await self.run_once()
  File "D:\sd14\Temu_horizon\core\login.py", line 239, in run_once
    raise Exception("open_login_page 失败")
Exception: open_login_page 失败
2026-06-21 12:12:47,043 | INFO | temu_site | 112-Temu全托管 - 已关闭Playwright连接
2026-06-21 12:12:47,905 | INFO | temu_site | 112-Temu全托管 - 已发送停止浏览器请求
2026-06-21 12:12:47,905 | INFO | temu_site | 112-Temu全托管 - 准备重试，等待 3 秒...
2026-06-21 12:12:50,918 | INFO | temu_site | 112-Temu全托管 - 第 4 次登录尝试
2026-06-21 12:12:54,201 | INFO | temu_site | 112-Temu全托管 - start_api 返回: {'code': 0, 'msg': 'Success', 'data': {'action': 'startBrowserByCode', 'backgroundPluginId': 'deogjmiglmamcbonclpnbppbclfgkgpg', 'browserID': 99848624, 'browserPath': 'C:\\Users\\Administrator\\AppData\\Local\\env-kit\\Core\\chrome_64_131_202501091017\\hubstudio', 'debuggingPort': '51534', 'downloadPath': 'C:\\Users\\Administrator\\Desktop\\Hubstudio\\temu全托112店', 'duplicate': 2828, 'ip': '36.111.32.150', 'isDynamicIp': False, 'launcherPage': 'about:blank', 'proxyType': 'socks5', 'runMode': 2, 'webdriver': 'C:\\Users\\Administrator\\AppData\\Local\\env-kit\\Core\\chrome_64_131_202501091017\\webdriver.exe', 'containerId': 99848624, 'containerCode': '1006486242', 'statusCode': '0', 'err': '成功(Success)'}}
2026-06-21 12:12:54,201 | INFO | temu_site | 112-Temu全托管 - 浏览器启动成功, 调试端口: 51534
2026-06-21 12:12:55,905 | INFO | temu_site | 112-Temu全托管 - 已连接浏览器
2026-06-21 12:12:55,916 | ERROR | temu_site | 112-Temu全托管 - 打开登录页失败: Page.goto: net::ERR_ABORTED at https://seller.kuajingmaihuo.com/login
Call log:
  - navigating to "https://seller.kuajingmaihuo.com/login", waiting until "domcontentloaded"

2026-06-21 12:12:55,917 | ERROR | temu_site | 112-Temu全托管 - 第 4 次失败: open_login_page 失败
Traceback (most recent call last):
  File "D:\sd14\Temu_horizon\core\base_client.py", line 62, in post
    resp.raise_for_status()
  File "C:\ProgramData\anaconda3\envs\spider310\lib\site-packages\requests\models.py", line 1026, in raise_for_status
    raise HTTPError(http_error_msg, response=self)
requests.exceptions.HTTPError: 403 Client Error: Forbidden for url: https://agentseller.temu.com/api/kiana/mms/robin/searchForChainSupplier

During handling of the above exception, another exception occurred:

Traceback (most recent call last):
  File "D:\sd14\Temu_horizon\core\login.py", line 256, in run
    result = await self.run_once()
  File "D:\sd14\Temu_horizon\core\login.py", line 239, in run_once
    raise Exception("open_login_page 失败")
Exception: open_login_page 失败
2026-06-21 12:12:55,944 | INFO | temu_site | 112-Temu全托管 - 已关闭Playwright连接
2026-06-21 12:12:56,771 | INFO | temu_site | 112-Temu全托管 - 已发送停止浏览器请求
2026-06-21 12:12:56,771 | INFO | temu_site | 112-Temu全托管 - 准备重试，等待 3 秒...
2026-06-21 12:12:59,787 | INFO | temu_site | 112-Temu全托管 - 第 5 次登录尝试
2026-06-21 12:13:02,832 | INFO | temu_site | 112-Temu全托管 - start_api 返回: {'code': 0, 'msg': 'Success', 'data': {'action': 'startBrowserByCode', 'backgroundPluginId': 'deogjmiglmamcbonclpnbppbclfgkgpg', 'browserID': 99848624, 'browserPath': 'C:\\Users\\Administrator\\AppData\\Local\\env-kit\\Core\\chrome_64_131_202501091017\\hubstudio', 'debuggingPort': '51634', 'downloadPath': 'C:\\Users\\Administrator\\Desktop\\Hubstudio\\temu全托112店', 'duplicate': 2561, 'ip': '36.111.32.150', 'isDynamicIp': False, 'launcherPage': 'about:blank', 'proxyType': 'socks5', 'runMode': 2, 'webdriver': 'C:\\Users\\Administrator\\AppData\\Local\\env-kit\\Core\\chrome_64_131_202501091017\\webdriver.exe', 'containerId': 99848624, 'containerCode': '1006486242', 'statusCode': '0', 'err': '成功(Success)'}}
2026-06-21 12:13:02,832 | INFO | temu_site | 112-Temu全托管 - 浏览器启动成功, 调试端口: 51634
2026-06-21 12:13:04,452 | INFO | temu_site | 112-Temu全托管 - 已连接浏览器
2026-06-21 12:13:04,565 | ERROR | temu_site | 112-Temu全托管 - 打开登录页失败: Page.goto: net::ERR_CONNECTION_CLOSED at https://seller.kuajingmaihuo.com/login
Call log:
  - navigating to "https://seller.kuajingmaihuo.com/login", waiting until "domcontentloaded"

2026-06-21 12:13:04,565 | ERROR | temu_site | 112-Temu全托管 - 第 5 次失败: open_login_page 失败
Traceback (most recent call last):
  File "D:\sd14\Temu_horizon\core\base_client.py", line 62, in post
    resp.raise_for_status()
  File "C:\ProgramData\anaconda3\envs\spider310\lib\site-packages\requests\models.py", line 1026, in raise_for_status
    raise HTTPError(http_error_msg, response=self)
requests.exceptions.HTTPError: 403 Client Error: Forbidden for url: https://agentseller.temu.com/api/kiana/mms/robin/searchForChainSupplier

During handling of the above exception, another exception occurred:

Traceback (most recent call last):
  File "D:\sd14\Temu_horizon\core\login.py", line 256, in run
    result = await self.run_once()
  File "D:\sd14\Temu_horizon\core\login.py", line 239, in run_once
    raise Exception("open_login_page 失败")
Exception: open_login_page 失败
2026-06-21 12:13:04,586 | INFO | temu_site | 112-Temu全托管 - 已关闭Playwright连接
2026-06-21 12:13:05,415 | INFO | temu_site | 112-Temu全托管 - 已发送停止浏览器请求
2026-06-21 12:13:05,416 | INFO | temu_site | 112-Temu全托管 - 准备重试，等待 3 秒...
2026-06-21 12:13:08,424 | INFO | temu_site | 112-Temu全托管 - 第 6 次登录尝试
2026-06-21 12:13:11,394 | INFO | temu_site | 112-Temu全托管 - start_api 返回: {'code': 0, 'msg': 'Success', 'data': {'action': 'startBrowserByCode', 'backgroundPluginId': 'deogjmiglmamcbonclpnbppbclfgkgpg', 'browserID': 99848624, 'browserPath': 'C:\\Users\\Administrator\\AppData\\Local\\env-kit\\Core\\chrome_64_131_202501091017\\hubstudio', 'debuggingPort': '51747', 'downloadPath': 'C:\\Users\\Administrator\\Desktop\\Hubstudio\\temu全托112店', 'duplicate': 2520, 'ip': '36.111.32.150', 'isDynamicIp': False, 'launcherPage': 'about:blank', 'proxyType': 'socks5', 'runMode': 2, 'webdriver': 'C:\\Users\\Administrator\\AppData\\Local\\env-kit\\Core\\chrome_64_131_202501091017\\webdriver.exe', 'containerId': 99848624, 'containerCode': '1006486242', 'statusCode': '0', 'err': '成功(Success)'}}
2026-06-21 12:13:11,394 | INFO | temu_site | 112-Temu全托管 - 浏览器启动成功, 调试端口: 51747
2026-06-21 12:13:13,046 | INFO | temu_site | 112-Temu全托管 - 已连接浏览器
2026-06-21 12:13:13,165 | ERROR | temu_site | 112-Temu全托管 - 打开登录页失败: Page.goto: net::ERR_CONNECTION_CLOSED at https://seller.kuajingmaihuo.com/login
Call log:
  - navigating to "https://seller.kuajingmaihuo.com/login", waiting until "domcontentloaded"

2026-06-21 12:13:13,165 | ERROR | temu_site | 112-Temu全托管 - 第 6 次失败: open_login_page 失败
Traceback (most recent call last):
  File "D:\sd14\Temu_horizon\core\base_client.py", line 62, in post
    resp.raise_for_status()
  File "C:\ProgramData\anaconda3\envs\spider310\lib\site-packages\requests\models.py", line 1026, in raise_for_status
    raise HTTPError(http_error_msg, response=self)
requests.exceptions.HTTPError: 403 Client Error: Forbidden for url: https://agentseller.temu.com/api/kiana/mms/robin/searchForChainSupplier

During handling of the above exception, another exception occurred:

Traceback (most recent call last):
  File "D:\sd14\Temu_horizon\core\login.py", line 256, in run
    result = await self.run_once()
  File "D:\sd14\Temu_horizon\core\login.py", line 239, in run_once
    raise Exception("open_login_page 失败")
Exception: open_login_page 失败
2026-06-21 12:13:13,188 | INFO | temu_site | 112-Temu全托管 - 已关闭Playwright连接
2026-06-21 12:13:14,007 | INFO | temu_site | 112-Temu全托管 - 已发送停止浏览器请求
2026-06-21 12:13:14,007 | ERROR | temu_site | 112-Temu全托管 - 登录失败，已达到最大重试次数 6
2026-06-21 12:13:14,008 | ERROR | temu_site | 处理店铺 112-Temu全托管 时出错: [112-Temu全托管] 登录失败
2026-06-21 12:13:14,010 | INFO | temu_site | 正在爬取店铺---1108-Temu全托管---skc_sku_violate数据
2026-06-21 12:13:15,021 | ERROR | temu_site | [1108-Temu全托管] 请求失败（第 1 次）: 403 Client Error: Forbidden for url: https://agentseller.temu.com/api/kiana/mms/robin/searchForChainSupplier
2026-06-21 12:13:15,022 | INFO | temu_site | 1108-Temu全托管 - 第 1 次登录尝试
2026-06-21 12:13:18,396 | INFO | temu_site | 1108-Temu全托管 - start_api 返回: {'code': 0, 'msg': 'Success', 'data': {'action': 'startBrowserByCode', 'backgroundPluginId': 'oielegjolaoigkjpcikbcbepjdojkkja', 'browserID': 122453019, 'browserPath': 'C:\\Users\\Administrator\\AppData\\Local\\env-kit\\Core\\chrome_64_133_202505210948\\hubstudio', 'debuggingPort': '51858', 'downloadPath': 'C:\\Users\\Administrator\\Desktop\\Hubstudio\\temu全托1108号店', 'duplicate': 3021, 'ip': '1.194.218.235', 'isDynamicIp': False, 'launcherPage': 'about:blank', 'proxyType': 'socks5', 'runMode': 2, 'webdriver': 'C:\\Users\\Administrator\\AppData\\Local\\env-kit\\Core\\chrome_64_133_202505210948\\webdriver.exe', 'containerId': 122453019, 'containerCode': '1232530196', 'statusCode': '0', 'err': '成功(Success)'}}
2026-06-21 12:13:18,397 | INFO | temu_site | 1108-Temu全托管 - 浏览器启动成功, 调试端口: 51858
2026-06-21 12:13:20,323 | INFO | temu_site | 1108-Temu全托管 - 已连接浏览器
2026-06-21 12:13:20,338 | ERROR | temu_site | 1108-Temu全托管 - 打开登录页失败: Page.goto: net::ERR_ABORTED at https://seller.kuajingmaihuo.com/login
Call log:
  - navigating to "https://seller.kuajingmaihuo.com/login", waiting until "domcontentloaded"

2026-06-21 12:13:20,340 | ERROR | temu_site | 1108-Temu全托管 - 第 1 次失败: open_login_page 失败
Traceback (most recent call last):
  File "D:\sd14\Temu_horizon\core\base_client.py", line 62, in post
    resp.raise_for_status()
  File "C:\ProgramData\anaconda3\envs\spider310\lib\site-packages\requests\models.py", line 1026, in raise_for_status
    raise HTTPError(http_error_msg, response=self)
requests.exceptions.HTTPError: 403 Client Error: Forbidden for url: https://agentseller.temu.com/api/kiana/mms/robin/searchForChainSupplier

During handling of the above exception, another exception occurred:

Traceback (most recent call last):
  File "D:\sd14\Temu_horizon\core\login.py", line 256, in run
    result = await self.run_once()
  File "D:\sd14\Temu_horizon\core\login.py", line 239, in run_once
    raise Exception("open_login_page 失败")
Exception: open_login_page 失败
2026-06-21 12:13:20,367 | INFO | temu_site | 1108-Temu全托管 - 已关闭Playwright连接
2026-06-21 12:13:21,301 | INFO | temu_site | 1108-Temu全托管 - 已发送停止浏览器请求
2026-06-21 12:13:21,302 | INFO | temu_site | 1108-Temu全托管 - 准备重试，等待 3 秒...
2026-06-21 12:13:24,310 | INFO | temu_site | 1108-Temu全托管 - 第 2 次登录尝试
2026-06-21 12:13:27,749 | INFO | temu_site | 1108-Temu全托管 - start_api 返回: {'code': 0, 'msg': 'Success', 'data': {'action': 'startBrowserByCode', 'backgroundPluginId': 'oielegjolaoigkjpcikbcbepjdojkkja', 'browserID': 122453019, 'browserPath': 'C:\\Users\\Administrator\\AppData\\Local\\env-kit\\Core\\chrome_64_133_202505210948\\hubstudio', 'debuggingPort': '51961', 'downloadPath': 'C:\\Users\\Administrator\\Desktop\\Hubstudio\\temu全托1108号店', 'duplicate': 2977, 'ip': '1.194.218.235', 'isDynamicIp': False, 'launcherPage': 'about:blank', 'proxyType': 'socks5', 'runMode': 2, 'webdriver': 'C:\\Users\\Administrator\\AppData\\Local\\env-kit\\Core\\chrome_64_133_202505210948\\webdriver.exe', 'containerId': 122453019, 'containerCode': '1232530196', 'statusCode': '0', 'err': '成功(Success)'}}
2026-06-21 12:13:27,749 | INFO | temu_site | 1108-Temu全托管 - 浏览器启动成功, 调试端口: 51961
2026-06-21 12:13:29,486 | INFO | temu_site | 1108-Temu全托管 - 已连接浏览器
2026-06-21 12:13:29,500 | ERROR | temu_site | 1108-Temu全托管 - 打开登录页失败: Page.goto: net::ERR_ABORTED at https://seller.kuajingmaihuo.com/login
Call log:
  - navigating to "https://seller.kuajingmaihuo.com/login", waiting until "domcontentloaded"

2026-06-21 12:13:29,503 | ERROR | temu_site | 1108-Temu全托管 - 第 2 次失败: open_login_page 失败
Traceback (most recent call last):
  File "D:\sd14\Temu_horizon\core\base_client.py", line 62, in post
    resp.raise_for_status()
  File "C:\ProgramData\anaconda3\envs\spider310\lib\site-packages\requests\models.py", line 1026, in raise_for_status
    raise HTTPError(http_error_msg, response=self)
requests.exceptions.HTTPError: 403 Client Error: Forbidden for url: https://agentseller.temu.com/api/kiana/mms/robin/searchForChainSupplier

During handling of the above exception, another exception occurred:

Traceback (most recent call last):
  File "D:\sd14\Temu_horizon\core\login.py", line 256, in run
    result = await self.run_once()
  File "D:\sd14\Temu_horizon\core\login.py", line 239, in run_once
    raise Exception("open_login_page 失败")
Exception: open_login_page 失败
2026-06-21 12:13:29,528 | INFO | temu_site | 1108-Temu全托管 - 已关闭Playwright连接
2026-06-21 12:13:30,444 | INFO | temu_site | 1108-Temu全托管 - 已发送停止浏览器请求
2026-06-21 12:13:30,445 | INFO | temu_site | 1108-Temu全托管 - 准备重试，等待 3 秒...
2026-06-21 12:13:33,450 | INFO | temu_site | 1108-Temu全托管 - 第 3 次登录尝试
2026-06-21 12:13:36,432 | INFO | temu_site | 1108-Temu全托管 - start_api 返回: {'code': 0, 'msg': 'Success', 'data': {'action': 'startBrowserByCode', 'backgroundPluginId': 'oielegjolaoigkjpcikbcbepjdojkkja', 'browserID': 122453019, 'browserPath': 'C:\\Users\\Administrator\\AppData\\Local\\env-kit\\Core\\chrome_64_133_202505210948\\hubstudio', 'debuggingPort': '52068', 'downloadPath': 'C:\\Users\\Administrator\\Desktop\\Hubstudio\\temu全托1108号店', 'duplicate': 2592, 'ip': '1.194.218.235', 'isDynamicIp': False, 'launcherPage': 'about:blank', 'proxyType': 'socks5', 'runMode': 2, 'webdriver': 'C:\\Users\\Administrator\\AppData\\Local\\env-kit\\Core\\chrome_64_133_202505210948\\webdriver.exe', 'containerId': 122453019, 'containerCode': '1232530196', 'statusCode': '0', 'err': '成功(Success)'}}
2026-06-21 12:13:36,433 | INFO | temu_site | 1108-Temu全托管 - 浏览器启动成功, 调试端口: 52068
2026-06-21 12:13:38,148 | INFO | temu_site | 1108-Temu全托管 - 已连接浏览器
2026-06-21 12:13:38,559 | ERROR | temu_site | 1108-Temu全托管 - 打开登录页失败: Page.goto: net::ERR_CONNECTION_CLOSED at https://seller.kuajingmaihuo.com/login
Call log:
  - navigating to "https://seller.kuajingmaihuo.com/login", waiting until "domcontentloaded"

2026-06-21 12:13:38,559 | ERROR | temu_site | 1108-Temu全托管 - 第 3 次失败: open_login_page 失败
Traceback (most recent call last):
  File "D:\sd14\Temu_horizon\core\base_client.py", line 62, in post
    resp.raise_for_status()
  File "C:\ProgramData\anaconda3\envs\spider310\lib\site-packages\requests\models.py", line 1026, in raise_for_status
    raise HTTPError(http_error_msg, response=self)
requests.exceptions.HTTPError: 403 Client Error: Forbidden for url: https://agentseller.temu.com/api/kiana/mms/robin/searchForChainSupplier

During handling of the above exception, another exception occurred:

Traceback (most recent call last):
  File "D:\sd14\Temu_horizon\core\login.py", line 256, in run
    result = await self.run_once()
  File "D:\sd14\Temu_horizon\core\login.py", line 239, in run_once
    raise Exception("open_login_page 失败")
Exception: open_login_page 失败
2026-06-21 12:13:38,590 | INFO | temu_site | 1108-Temu全托管 - 已关闭Playwright连接
2026-06-21 12:13:39,447 | INFO | temu_site | 1108-Temu全托管 - 已发送停止浏览器请求
2026-06-21 12:13:39,448 | INFO | temu_site | 1108-Temu全托管 - 准备重试，等待 3 秒...
2026-06-21 12:13:42,463 | INFO | temu_site | 1108-Temu全托管 - 第 4 次登录尝试
2026-06-21 12:13:45,509 | INFO | temu_site | 1108-Temu全托管 - start_api 返回: {'code': 0, 'msg': 'Success', 'data': {'action': 'startBrowserByCode', 'backgroundPluginId': 'oielegjolaoigkjpcikbcbepjdojkkja', 'browserID': 122453019, 'browserPath': 'C:\\Users\\Administrator\\AppData\\Local\\env-kit\\Core\\chrome_64_133_202505210948\\hubstudio', 'debuggingPort': '52191', 'downloadPath': 'C:\\Users\\Administrator\\Desktop\\Hubstudio\\temu全托1108号店', 'duplicate': 2609, 'ip': '1.194.218.235', 'isDynamicIp': False, 'launcherPage': 'about:blank', 'proxyType': 'socks5', 'runMode': 2, 'webdriver': 'C:\\Users\\Administrator\\AppData\\Local\\env-kit\\Core\\chrome_64_133_202505210948\\webdriver.exe', 'containerId': 122453019, 'containerCode': '1232530196', 'statusCode': '0', 'err': '成功(Success)'}}
2026-06-21 12:13:45,509 | INFO | temu_site | 1108-Temu全托管 - 浏览器启动成功, 调试端口: 52191
2026-06-21 12:13:47,352 | INFO | temu_site | 1108-Temu全托管 - 已连接浏览器
2026-06-21 12:13:47,363 | ERROR | temu_site | 1108-Temu全托管 - 打开登录页失败: Page.goto: net::ERR_ABORTED at https://seller.kuajingmaihuo.com/login
Call log:
  - navigating to "https://seller.kuajingmaihuo.com/login", waiting until "domcontentloaded"

2026-06-21 12:13:47,371 | ERROR | temu_site | 1108-Temu全托管 - 第 4 次失败: open_login_page 失败
Traceback (most recent call last):
  File "D:\sd14\Temu_horizon\core\base_client.py", line 62, in post
    resp.raise_for_status()
  File "C:\ProgramData\anaconda3\envs\spider310\lib\site-packages\requests\models.py", line 1026, in raise_for_status
    raise HTTPError(http_error_msg, response=self)
requests.exceptions.HTTPError: 403 Client Error: Forbidden for url: https://agentseller.temu.com/api/kiana/mms/robin/searchForChainSupplier

During handling of the above exception, another exception occurred:

Traceback (most recent call last):
  File "D:\sd14\Temu_horizon\core\login.py", line 256, in run
    result = await self.run_once()
  File "D:\sd14\Temu_horizon\core\login.py", line 239, in run_once
    raise Exception("open_login_page 失败")
Exception: open_login_page 失败
2026-06-21 12:13:47,400 | INFO | temu_site | 1108-Temu全托管 - 已关闭Playwright连接
2026-06-21 12:13:48,277 | INFO | temu_site | 1108-Temu全托管 - 已发送停止浏览器请求
2026-06-21 12:13:48,278 | INFO | temu_site | 1108-Temu全托管 - 准备重试，等待 3 秒...
2026-06-21 12:13:51,279 | INFO | temu_site | 1108-Temu全托管 - 第 5 次登录尝试
2026-06-21 12:13:54,195 | INFO | temu_site | 1108-Temu全托管 - start_api 返回: {'code': 0, 'msg': 'Success', 'data': {'action': 'startBrowserByCode', 'backgroundPluginId': 'oielegjolaoigkjpcikbcbepjdojkkja', 'browserID': 122453019, 'browserPath': 'C:\\Users\\Administrator\\AppData\\Local\\env-kit\\Core\\chrome_64_133_202505210948\\hubstudio', 'debuggingPort': '52298', 'downloadPath': 'C:\\Users\\Administrator\\Desktop\\Hubstudio\\temu全托1108号店', 'duplicate': 2531, 'ip': '1.194.218.235', 'isDynamicIp': False, 'launcherPage': 'about:blank', 'proxyType': 'socks5', 'runMode': 2, 'webdriver': 'C:\\Users\\Administrator\\AppData\\Local\\env-kit\\Core\\chrome_64_133_202505210948\\webdriver.exe', 'containerId': 122453019, 'containerCode': '1232530196', 'statusCode': '0', 'err': '成功(Success)'}}
2026-06-21 12:13:54,195 | INFO | temu_site | 1108-Temu全托管 - 浏览器启动成功, 调试端口: 52298
2026-06-21 12:13:55,898 | INFO | temu_site | 1108-Temu全托管 - 已连接浏览器
2026-06-21 12:13:56,293 | ERROR | temu_site | 1108-Temu全托管 - 打开登录页失败: Page.goto: net::ERR_CONNECTION_CLOSED at https://seller.kuajingmaihuo.com/login
Call log:
  - navigating to "https://seller.kuajingmaihuo.com/login", waiting until "domcontentloaded"

2026-06-21 12:13:56,293 | ERROR | temu_site | 1108-Temu全托管 - 第 5 次失败: open_login_page 失败
Traceback (most recent call last):
  File "D:\sd14\Temu_horizon\core\base_client.py", line 62, in post
    resp.raise_for_status()
  File "C:\ProgramData\anaconda3\envs\spider310\lib\site-packages\requests\models.py", line 1026, in raise_for_status
    raise HTTPError(http_error_msg, response=self)
requests.exceptions.HTTPError: 403 Client Error: Forbidden for url: https://agentseller.temu.com/api/kiana/mms/robin/searchForChainSupplier

During handling of the above exception, another exception occurred:

Traceback (most recent call last):
  File "D:\sd14\Temu_horizon\core\login.py", line 256, in run
    result = await self.run_once()
  File "D:\sd14\Temu_horizon\core\login.py", line 239, in run_once
    raise Exception("open_login_page 失败")
Exception: open_login_page 失败
2026-06-21 12:13:56,316 | INFO | temu_site | 1108-Temu全托管 - 已关闭Playwright连接
2026-06-21 12:13:57,212 | INFO | temu_site | 1108-Temu全托管 - 已发送停止浏览器请求
2026-06-21 12:13:57,213 | INFO | temu_site | 1108-Temu全托管 - 准备重试，等待 3 秒...
2026-06-21 12:14:00,220 | INFO | temu_site | 1108-Temu全托管 - 第 6 次登录尝试
2026-06-21 12:14:03,428 | INFO | temu_site | 1108-Temu全托管 - start_api 返回: {'code': 0, 'msg': 'Success', 'data': {'action': 'startBrowserByCode', 'backgroundPluginId': 'oielegjolaoigkjpcikbcbepjdojkkja', 'browserID': 122453019, 'browserPath': 'C:\\Users\\Administrator\\AppData\\Local\\env-kit\\Core\\chrome_64_133_202505210948\\hubstudio', 'debuggingPort': '52417', 'downloadPath': 'C:\\Users\\Administrator\\Desktop\\Hubstudio\\temu全托1108号店', 'duplicate': 2757, 'ip': '1.194.218.235', 'isDynamicIp': False, 'launcherPage': 'about:blank', 'proxyType': 'socks5', 'runMode': 2, 'webdriver': 'C:\\Users\\Administrator\\AppData\\Local\\env-kit\\Core\\chrome_64_133_202505210948\\webdriver.exe', 'containerId': 122453019, 'containerCode': '1232530196', 'statusCode': '0', 'err': '成功(Success)'}}
2026-06-21 12:14:03,428 | INFO | temu_site | 1108-Temu全托管 - 浏览器启动成功, 调试端口: 52417
2026-06-21 12:14:05,272 | INFO | temu_site | 1108-Temu全托管 - 已连接浏览器
2026-06-21 12:14:05,284 | ERROR | temu_site | 1108-Temu全托管 - 打开登录页失败: Page.goto: net::ERR_ABORTED at https://seller.kuajingmaihuo.com/login
Call log:
  - navigating to "https://seller.kuajingmaihuo.com/login", waiting until "domcontentloaded"

2026-06-21 12:14:05,286 | ERROR | temu_site | 1108-Temu全托管 - 第 6 次失败: open_login_page 失败
Traceback (most recent call last):
  File "D:\sd14\Temu_horizon\core\base_client.py", line 62, in post
    resp.raise_for_status()
  File "C:\ProgramData\anaconda3\envs\spider310\lib\site-packages\requests\models.py", line 1026, in raise_for_status
    raise HTTPError(http_error_msg, response=self)
requests.exceptions.HTTPError: 403 Client Error: Forbidden for url: https://agentseller.temu.com/api/kiana/mms/robin/searchForChainSupplier

During handling of the above exception, another exception occurred:

Traceback (most recent call last):
  File "D:\sd14\Temu_horizon\core\login.py", line 256, in run
    result = await self.run_once()
  File "D:\sd14\Temu_horizon\core\login.py", line 239, in run_once
    raise Exception("open_login_page 失败")
Exception: open_login_page 失败
2026-06-21 12:14:05,314 | INFO | temu_site | 1108-Temu全托管 - 已关闭Playwright连接
2026-06-21 12:14:06,488 | INFO | temu_site | 1108-Temu全托管 - 已发送停止浏览器请求
2026-06-21 12:14:06,489 | ERROR | temu_site | 1108-Temu全托管 - 登录失败，已达到最大重试次数 6
2026-06-21 12:14:06,490 | ERROR | temu_site | 处理店铺 1108-Temu全托管 时出错: [1108-Temu全托管] 登录失败
2026-06-21 12:14:06,492 | INFO | temu_site | 正在爬取店铺---1107-Temu全托管---skc_sku_violate数据
2026-06-21 12:14:07,576 | INFO | temu_site | 店铺---1107-Temu全托管---没有违规数据
2026-06-21 12:14:07,587 | INFO | temu_site | 店铺---1107-Temu全托管---没有违规数据，跳过
2026-06-21 12:14:07,588 | INFO | temu_site | 正在爬取店铺---1106-Temu全托管---skc_sku_violate数据
2026-06-21 12:14:08,597 | ERROR | temu_site | [1106-Temu全托管] 请求失败（第 1 次）: 403 Client Error: Forbidden for url: https://agentseller.temu.com/api/kiana/mms/robin/searchForChainSupplier
2026-06-21 12:14:08,599 | INFO | temu_site | 1106-Temu全托管 - 第 1 次登录尝试
2026-06-21 12:14:11,701 | INFO | temu_site | 1106-Temu全托管 - start_api 返回: {'code': 0, 'msg': 'Success', 'data': {'action': 'startBrowserByCode', 'backgroundPluginId': 'ckmbonbfihibhagclccfhnmbcbfnlbnh', 'browserID': 109978213, 'browserPath': 'C:\\Users\\Administrator\\AppData\\Local\\env-kit\\Core\\chrome_64_131_202501091017\\hubstudio', 'debuggingPort': '52527', 'downloadPath': 'C:\\Users\\Administrator\\Desktop\\Hubstudio\\temu全托1106店', 'duplicate': 2735, 'ip': '36.111.32.150', 'isDynamicIp': False, 'launcherPage': 'about:blank', 'proxyType': 'socks5', 'runMode': 2, 'webdriver': 'C:\\Users\\Administrator\\AppData\\Local\\env-kit\\Core\\chrome_64_131_202501091017\\webdriver.exe', 'containerId': 109978213, 'containerCode': '1107782133', 'statusCode': '0', 'err': '成功(Success)'}}
2026-06-21 12:14:11,701 | INFO | temu_site | 1106-Temu全托管 - 浏览器启动成功, 调试端口: 52527
2026-06-21 12:14:13,334 | INFO | temu_site | 1106-Temu全托管 - 已连接浏览器
2026-06-21 12:14:13,345 | ERROR | temu_site | 1106-Temu全托管 - 打开登录页失败: Page.goto: net::ERR_ABORTED at https://seller.kuajingmaihuo.com/login
Call log:
  - navigating to "https://seller.kuajingmaihuo.com/login", waiting until "domcontentloaded"

2026-06-21 12:14:13,347 | ERROR | temu_site | 1106-Temu全托管 - 第 1 次失败: open_login_page 失败
Traceback (most recent call last):
  File "D:\sd14\Temu_horizon\core\base_client.py", line 62, in post
    resp.raise_for_status()
  File "C:\ProgramData\anaconda3\envs\spider310\lib\site-packages\requests\models.py", line 1026, in raise_for_status
    raise HTTPError(http_error_msg, response=self)
requests.exceptions.HTTPError: 403 Client Error: Forbidden for url: https://agentseller.temu.com/api/kiana/mms/robin/searchForChainSupplier

During handling of the above exception, another exception occurred:

Traceback (most recent call last):
  File "D:\sd14\Temu_horizon\core\login.py", line 256, in run
    result = await self.run_once()
  File "D:\sd14\Temu_horizon\core\login.py", line 239, in run_once
    raise Exception("open_login_page 失败")
Exception: open_login_page 失败
2026-06-21 12:14:13,373 | INFO | temu_site | 1106-Temu全托管 - 已关闭Playwright连接
2026-06-21 12:14:14,271 | INFO | temu_site | 1106-Temu全托管 - 已发送停止浏览器请求
2026-06-21 12:14:14,272 | INFO | temu_site | 1106-Temu全托管 - 准备重试，等待 3 秒...
2026-06-21 12:14:17,277 | INFO | temu_site | 1106-Temu全托管 - 第 2 次登录尝试
2026-06-21 12:14:20,224 | INFO | temu_site | 1106-Temu全托管 - start_api 返回: {'code': 0, 'msg': 'Success', 'data': {'action': 'startBrowserByCode', 'backgroundPluginId': 'ckmbonbfihibhagclccfhnmbcbfnlbnh', 'browserID': 109978213, 'browserPath': 'C:\\Users\\Administrator\\AppData\\Local\\env-kit\\Core\\chrome_64_131_202501091017\\hubstudio', 'debuggingPort': '52626', 'downloadPath': 'C:\\Users\\Administrator\\Desktop\\Hubstudio\\temu全托1106店', 'duplicate': 2529, 'ip': '36.111.32.150', 'isDynamicIp': False, 'launcherPage': 'about:blank', 'proxyType': 'socks5', 'runMode': 2, 'webdriver': 'C:\\Users\\Administrator\\AppData\\Local\\env-kit\\Core\\chrome_64_131_202501091017\\webdriver.exe', 'containerId': 109978213, 'containerCode': '1107782133', 'statusCode': '0', 'err': '成功(Success)'}}
2026-06-21 12:14:20,224 | INFO | temu_site | 1106-Temu全托管 - 浏览器启动成功, 调试端口: 52626
2026-06-21 12:14:21,866 | INFO | temu_site | 1106-Temu全托管 - 已连接浏览器
2026-06-21 12:14:21,993 | ERROR | temu_site | 1106-Temu全托管 - 打开登录页失败: Page.goto: net::ERR_CONNECTION_CLOSED at https://seller.kuajingmaihuo.com/login
Call log:
  - navigating to "https://seller.kuajingmaihuo.com/login", waiting until "domcontentloaded"

2026-06-21 12:14:21,994 | ERROR | temu_site | 1106-Temu全托管 - 第 2 次失败: open_login_page 失败
Traceback (most recent call last):
  File "D:\sd14\Temu_horizon\core\base_client.py", line 62, in post
    resp.raise_for_status()
  File "C:\ProgramData\anaconda3\envs\spider310\lib\site-packages\requests\models.py", line 1026, in raise_for_status
    raise HTTPError(http_error_msg, response=self)
requests.exceptions.HTTPError: 403 Client Error: Forbidden for url: https://agentseller.temu.com/api/kiana/mms/robin/searchForChainSupplier

During handling of the above exception, another exception occurred:

Traceback (most recent call last):
  File "D:\sd14\Temu_horizon\core\login.py", line 256, in run
    result = await self.run_once()
  File "D:\sd14\Temu_horizon\core\login.py", line 239, in run_once
    raise Exception("open_login_page 失败")
Exception: open_login_page 失败
2026-06-21 12:14:22,021 | INFO | temu_site | 1106-Temu全托管 - 已关闭Playwright连接
2026-06-21 12:14:22,878 | INFO | temu_site | 1106-Temu全托管 - 已发送停止浏览器请求
2026-06-21 12:14:22,878 | INFO | temu_site | 1106-Temu全托管 - 准备重试，等待 3 秒...
2026-06-21 12:14:25,891 | INFO | temu_site | 1106-Temu全托管 - 第 3 次登录尝试
2026-06-21 12:14:28,879 | INFO | temu_site | 1106-Temu全托管 - start_api 返回: {'code': 0, 'msg': 'Success', 'data': {'action': 'startBrowserByCode', 'backgroundPluginId': 'ckmbonbfihibhagclccfhnmbcbfnlbnh', 'browserID': 109978213, 'browserPath': 'C:\\Users\\Administrator\\AppData\\Local\\env-kit\\Core\\chrome_64_131_202501091017\\hubstudio', 'debuggingPort': '52733', 'downloadPath': 'C:\\Users\\Administrator\\Desktop\\Hubstudio\\temu全托1106店', 'duplicate': 2626, 'ip': '36.111.32.150', 'isDynamicIp': False, 'launcherPage': 'about:blank', 'proxyType': 'socks5', 'runMode': 2, 'webdriver': 'C:\\Users\\Administrator\\AppData\\Local\\env-kit\\Core\\chrome_64_131_202501091017\\webdriver.exe', 'containerId': 109978213, 'containerCode': '1107782133', 'statusCode': '0', 'err': '成功(Success)'}}
2026-06-21 12:14:28,880 | INFO | temu_site | 1106-Temu全托管 - 浏览器启动成功, 调试端口: 52733
2026-06-21 12:14:30,515 | INFO | temu_site | 1106-Temu全托管 - 已连接浏览器
2026-06-21 12:14:30,642 | ERROR | temu_site | 1106-Temu全托管 - 打开登录页失败: Page.goto: net::ERR_CONNECTION_CLOSED at https://seller.kuajingmaihuo.com/login
Call log:
  - navigating to "https://seller.kuajingmaihuo.com/login", waiting until "domcontentloaded"

2026-06-21 12:14:30,642 | ERROR | temu_site | 1106-Temu全托管 - 第 3 次失败: open_login_page 失败
Traceback (most recent call last):
  File "D:\sd14\Temu_horizon\core\base_client.py", line 62, in post
    resp.raise_for_status()
  File "C:\ProgramData\anaconda3\envs\spider310\lib\site-packages\requests\models.py", line 1026, in raise_for_status
    raise HTTPError(http_error_msg, response=self)
requests.exceptions.HTTPError: 403 Client Error: Forbidden for url: https://agentseller.temu.com/api/kiana/mms/robin/searchForChainSupplier

During handling of the above exception, another exception occurred:

Traceback (most recent call last):
  File "D:\sd14\Temu_horizon\core\login.py", line 256, in run
    result = await self.run_once()
  File "D:\sd14\Temu_horizon\core\login.py", line 239, in run_once
    raise Exception("open_login_page 失败")
Exception: open_login_page 失败
2026-06-21 12:14:30,663 | INFO | temu_site | 1106-Temu全托管 - 已关闭Playwright连接
2026-06-21 12:14:31,475 | INFO | temu_site | 1106-Temu全托管 - 已发送停止浏览器请求
2026-06-21 12:14:31,475 | INFO | temu_site | 1106-Temu全托管 - 准备重试，等待 3 秒...
2026-06-21 12:14:34,487 | INFO | temu_site | 1106-Temu全托管 - 第 4 次登录尝试
2026-06-21 12:14:37,231 | INFO | temu_site | 1106-Temu全托管 - start_api 返回: {'code': 0, 'msg': 'Success', 'data': {'action': 'startBrowserByCode', 'backgroundPluginId': 'ckmbonbfihibhagclccfhnmbcbfnlbnh', 'browserID': 109978213, 'browserPath': 'C:\\Users\\Administrator\\AppData\\Local\\env-kit\\Core\\chrome_64_131_202501091017\\hubstudio', 'debuggingPort': '52858', 'downloadPath': 'C:\\Users\\Administrator\\Desktop\\Hubstudio\\temu全托1106店', 'duplicate': 2347, 'ip': '36.111.32.150', 'isDynamicIp': False, 'launcherPage': 'about:blank', 'proxyType': 'socks5', 'runMode': 2, 'webdriver': 'C:\\Users\\Administrator\\AppData\\Local\\env-kit\\Core\\chrome_64_131_202501091017\\webdriver.exe', 'containerId': 109978213, 'containerCode': '1107782133', 'statusCode': '0', 'err': '成功(Success)'}}
2026-06-21 12:14:37,232 | INFO | temu_site | 1106-Temu全托管 - 浏览器启动成功, 调试端口: 52858
2026-06-21 12:14:38,862 | INFO | temu_site | 1106-Temu全托管 - 已连接浏览器
2026-06-21 12:14:38,874 | ERROR | temu_site | 1106-Temu全托管 - 打开登录页失败: Page.goto: net::ERR_ABORTED at https://seller.kuajingmaihuo.com/login
Call log:
  - navigating to "https://seller.kuajingmaihuo.com/login", waiting until "domcontentloaded"

2026-06-21 12:14:38,882 | ERROR | temu_site | 1106-Temu全托管 - 第 4 次失败: open_login_page 失败
Traceback (most recent call last):
  File "D:\sd14\Temu_horizon\core\base_client.py", line 62, in post
    resp.raise_for_status()
  File "C:\ProgramData\anaconda3\envs\spider310\lib\site-packages\requests\models.py", line 1026, in raise_for_status
    raise HTTPError(http_error_msg, response=self)
requests.exceptions.HTTPError: 403 Client Error: Forbidden for url: https://agentseller.temu.com/api/kiana/mms/robin/searchForChainSupplier

During handling of the above exception, another exception occurred:

Traceback (most recent call last):
  File "D:\sd14\Temu_horizon\core\login.py", line 256, in run
    result = await self.run_once()
  File "D:\sd14\Temu_horizon\core\login.py", line 239, in run_once
    raise Exception("open_login_page 失败")
Exception: open_login_page 失败
2026-06-21 12:14:38,904 | INFO | temu_site | 1106-Temu全托管 - 已关闭Playwright连接
2026-06-21 12:14:39,753 | INFO | temu_site | 1106-Temu全托管 - 已发送停止浏览器请求
2026-06-21 12:14:39,754 | INFO | temu_site | 1106-Temu全托管 - 准备重试，等待 3 秒...
2026-06-21 12:14:42,766 | INFO | temu_site | 1106-Temu全托管 - 第 5 次登录尝试
2026-06-21 12:14:46,199 | INFO | temu_site | 1106-Temu全托管 - start_api 返回: {'code': 0, 'msg': 'Success', 'data': {'action': 'startBrowserByCode', 'backgroundPluginId': 'ckmbonbfihibhagclccfhnmbcbfnlbnh', 'browserID': 109978213, 'browserPath': 'C:\\Users\\Administrator\\AppData\\Local\\env-kit\\Core\\chrome_64_131_202501091017\\hubstudio', 'debuggingPort': '52958', 'downloadPath': 'C:\\Users\\Administrator\\Desktop\\Hubstudio\\temu全托1106店', 'duplicate': 3041, 'ip': '36.111.32.150', 'isDynamicIp': False, 'launcherPage': 'about:blank', 'proxyType': 'socks5', 'runMode': 2, 'webdriver': 'C:\\Users\\Administrator\\AppData\\Local\\env-kit\\Core\\chrome_64_131_202501091017\\webdriver.exe', 'containerId': 109978213, 'containerCode': '1107782133', 'statusCode': '0', 'err': '成功(Success)'}}
2026-06-21 12:14:46,200 | INFO | temu_site | 1106-Temu全托管 - 浏览器启动成功, 调试端口: 52958
2026-06-21 12:14:47,845 | INFO | temu_site | 1106-Temu全托管 - 已连接浏览器
2026-06-21 12:14:47,856 | ERROR | temu_site | 1106-Temu全托管 - 打开登录页失败: Page.goto: net::ERR_ABORTED at https://seller.kuajingmaihuo.com/login
Call log:
  - navigating to "https://seller.kuajingmaihuo.com/login", waiting until "domcontentloaded"

2026-06-21 12:14:47,857 | ERROR | temu_site | 1106-Temu全托管 - 第 5 次失败: open_login_page 失败
Traceback (most recent call last):
  File "D:\sd14\Temu_horizon\core\base_client.py", line 62, in post
    resp.raise_for_status()
  File "C:\ProgramData\anaconda3\envs\spider310\lib\site-packages\requests\models.py", line 1026, in raise_for_status
    raise HTTPError(http_error_msg, response=self)
requests.exceptions.HTTPError: 403 Client Error: Forbidden for url: https://agentseller.temu.com/api/kiana/mms/robin/searchForChainSupplier

During handling of the above exception, another exception occurred:

Traceback (most recent call last):
  File "D:\sd14\Temu_horizon\core\login.py", line 256, in run
    result = await self.run_once()
  File "D:\sd14\Temu_horizon\core\login.py", line 239, in run_once
    raise Exception("open_login_page 失败")
Exception: open_login_page 失败
2026-06-21 12:14:47,886 | INFO | temu_site | 1106-Temu全托管 - 已关闭Playwright连接
2026-06-21 12:14:48,777 | INFO | temu_site | 1106-Temu全托管 - 已发送停止浏览器请求
2026-06-21 12:14:48,777 | INFO | temu_site | 1106-Temu全托管 - 准备重试，等待 3 秒...
2026-06-21 12:14:51,784 | INFO | temu_site | 1106-Temu全托管 - 第 6 次登录尝试
2026-06-21 12:14:54,597 | INFO | temu_site | 1106-Temu全托管 - start_api 返回: {'code': 0, 'msg': 'Success', 'data': {'action': 'startBrowserByCode', 'backgroundPluginId': 'ckmbonbfihibhagclccfhnmbcbfnlbnh', 'browserID': 109978213, 'browserPath': 'C:\\Users\\Administrator\\AppData\\Local\\env-kit\\Core\\chrome_64_131_202501091017\\hubstudio', 'debuggingPort': '53061', 'downloadPath': 'C:\\Users\\Administrator\\Desktop\\Hubstudio\\temu全托1106店', 'duplicate': 2479, 'ip': '36.111.32.150', 'isDynamicIp': False, 'launcherPage': 'about:blank', 'proxyType': 'socks5', 'runMode': 2, 'webdriver': 'C:\\Users\\Administrator\\AppData\\Local\\env-kit\\Core\\chrome_64_131_202501091017\\webdriver.exe', 'containerId': 109978213, 'containerCode': '1107782133', 'statusCode': '0', 'err': '成功(Success)'}}
2026-06-21 12:14:54,598 | INFO | temu_site | 1106-Temu全托管 - 浏览器启动成功, 调试端口: 53061
2026-06-21 12:14:56,241 | INFO | temu_site | 1106-Temu全托管 - 已连接浏览器
2026-06-21 12:14:56,362 | ERROR | temu_site | 1106-Temu全托管 - 打开登录页失败: Page.goto: net::ERR_CONNECTION_CLOSED at https://seller.kuajingmaihuo.com/login
Call log:
  - navigating to "https://seller.kuajingmaihuo.com/login", waiting until "domcontentloaded"

2026-06-21 12:14:56,362 | ERROR | temu_site | 1106-Temu全托管 - 第 6 次失败: open_login_page 失败
Traceback (most recent call last):
  File "D:\sd14\Temu_horizon\core\base_client.py", line 62, in post
    resp.raise_for_status()
  File "C:\ProgramData\anaconda3\envs\spider310\lib\site-packages\requests\models.py", line 1026, in raise_for_status
    raise HTTPError(http_error_msg, response=self)
requests.exceptions.HTTPError: 403 Client Error: Forbidden for url: https://agentseller.temu.com/api/kiana/mms/robin/searchForChainSupplier

During handling of the above exception, another exception occurred:

Traceback (most recent call last):
  File "D:\sd14\Temu_horizon\core\login.py", line 256, in run
    result = await self.run_once()
  File "D:\sd14\Temu_horizon\core\login.py", line 239, in run_once
    raise Exception("open_login_page 失败")
Exception: open_login_page 失败
2026-06-21 12:14:56,391 | INFO | temu_site | 1106-Temu全托管 - 已关闭Playwright连接
2026-06-21 12:14:57,182 | INFO | temu_site | 1106-Temu全托管 - 已发送停止浏览器请求
2026-06-21 12:14:57,182 | ERROR | temu_site | 1106-Temu全托管 - 登录失败，已达到最大重试次数 6
2026-06-21 12:14:57,184 | ERROR | temu_site | 处理店铺 1106-Temu全托管 时出错: [1106-Temu全托管] 登录失败
2026-06-21 12:14:57,185 | INFO | temu_site | 正在爬取店铺---1105-Temu全托管---skc_sku_violate数据
2026-06-21 12:14:58,194 | ERROR | temu_site | [1105-Temu全托管] 请求失败（第 1 次）: 403 Client Error: Forbidden for url: https://agentseller.temu.com/api/kiana/mms/robin/searchForChainSupplier
2026-06-21 12:14:58,195 | INFO | temu_site | 1105-Temu全托管 - 第 1 次登录尝试
2026-06-21 12:15:01,627 | INFO | temu_site | 1105-Temu全托管 - start_api 返回: {'code': 0, 'msg': 'Success', 'data': {'action': 'startBrowserByCode', 'backgroundPluginId': 'hedbcddcbnkifhfapobljhpmnkknmeci', 'browserID': 109977447, 'browserPath': 'C:\\Users\\Administrator\\AppData\\Local\\env-kit\\Core\\chrome_64_131_202501091017\\hubstudio', 'debuggingPort': '53174', 'downloadPath': 'C:\\Users\\Administrator\\Desktop\\Hubstudio\\temu全托1105店', 'duplicate': 3058, 'ip': '218.78.129.86', 'isDynamicIp': False, 'launcherPage': 'about:blank', 'proxyType': 'socks5', 'runMode': 2, 'webdriver': 'C:\\Users\\Administrator\\AppData\\Local\\env-kit\\Core\\chrome_64_131_202501091017\\webdriver.exe', 'containerId': 109977447, 'containerCode': '1107774478', 'statusCode': '0', 'err': '成功(Success)'}}
2026-06-21 12:15:01,627 | INFO | temu_site | 1105-Temu全托管 - 浏览器启动成功, 调试端口: 53174
2026-06-21 12:15:03,279 | INFO | temu_site | 1105-Temu全托管 - 已连接浏览器
2026-06-21 12:15:03,602 | ERROR | temu_site | 1105-Temu全托管 - 打开登录页失败: Page.goto: net::ERR_CONNECTION_CLOSED at https://seller.kuajingmaihuo.com/login
Call log:
  - navigating to "https://seller.kuajingmaihuo.com/login", waiting until "domcontentloaded"

2026-06-21 12:15:03,603 | ERROR | temu_site | 1105-Temu全托管 - 第 1 次失败: open_login_page 失败
Traceback (most recent call last):
  File "D:\sd14\Temu_horizon\core\base_client.py", line 62, in post
    resp.raise_for_status()
  File "C:\ProgramData\anaconda3\envs\spider310\lib\site-packages\requests\models.py", line 1026, in raise_for_status
    raise HTTPError(http_error_msg, response=self)
requests.exceptions.HTTPError: 403 Client Error: Forbidden for url: https://agentseller.temu.com/api/kiana/mms/robin/searchForChainSupplier

During handling of the above exception, another exception occurred:

Traceback (most recent call last):
  File "D:\sd14\Temu_horizon\core\login.py", line 256, in run
    result = await self.run_once()
  File "D:\sd14\Temu_horizon\core\login.py", line 239, in run_once
    raise Exception("open_login_page 失败")
Exception: open_login_page 失败
2026-06-21 12:15:03,626 | INFO | temu_site | 1105-Temu全托管 - 已关闭Playwright连接
2026-06-21 12:15:04,469 | INFO | temu_site | 1105-Temu全托管 - 已发送停止浏览器请求
2026-06-21 12:15:04,469 | INFO | temu_site | 1105-Temu全托管 - 准备重试，等待 3 秒...
2026-06-21 12:15:07,472 | INFO | temu_site | 1105-Temu全托管 - 第 2 次登录尝试
2026-06-21 12:15:10,511 | INFO | temu_site | 1105-Temu全托管 - start_api 返回: {'code': 0, 'msg': 'Success', 'data': {'action': 'startBrowserByCode', 'backgroundPluginId': 'hedbcddcbnkifhfapobljhpmnkknmeci', 'browserID': 109977447, 'browserPath': 'C:\\Users\\Administrator\\AppData\\Local\\env-kit\\Core\\chrome_64_131_202501091017\\hubstudio', 'debuggingPort': '53289', 'downloadPath': 'C:\\Users\\Administrator\\Desktop\\Hubstudio\\temu全托1105店', 'duplicate': 2656, 'ip': '218.78.129.86', 'isDynamicIp': False, 'launcherPage': 'about:blank', 'proxyType': 'socks5', 'runMode': 2, 'webdriver': 'C:\\Users\\Administrator\\AppData\\Local\\env-kit\\Core\\chrome_64_131_202501091017\\webdriver.exe', 'containerId': 109977447, 'containerCode': '1107774478', 'statusCode': '0', 'err': '成功(Success)'}}
2026-06-21 12:15:10,512 | INFO | temu_site | 1105-Temu全托管 - 浏览器启动成功, 调试端口: 53289
2026-06-21 12:15:12,151 | INFO | temu_site | 1105-Temu全托管 - 已连接浏览器
2026-06-21 12:15:12,163 | ERROR | temu_site | 1105-Temu全托管 - 打开登录页失败: Page.goto: net::ERR_ABORTED at https://seller.kuajingmaihuo.com/login
Call log:
  - navigating to "https://seller.kuajingmaihuo.com/login", waiting until "domcontentloaded"

2026-06-21 12:15:12,166 | ERROR | temu_site | 1105-Temu全托管 - 第 2 次失败: open_login_page 失败
Traceback (most recent call last):
  File "D:\sd14\Temu_horizon\core\base_client.py", line 62, in post
    resp.raise_for_status()
  File "C:\ProgramData\anaconda3\envs\spider310\lib\site-packages\requests\models.py", line 1026, in raise_for_status
    raise HTTPError(http_error_msg, response=self)
requests.exceptions.HTTPError: 403 Client Error: Forbidden for url: https://agentseller.temu.com/api/kiana/mms/robin/searchForChainSupplier

During handling of the above exception, another exception occurred:

Traceback (most recent call last):
  File "D:\sd14\Temu_horizon\core\login.py", line 256, in run
    result = await self.run_once()
  File "D:\sd14\Temu_horizon\core\login.py", line 239, in run_once
    raise Exception("open_login_page 失败")
Exception: open_login_page 失败
2026-06-21 12:15:12,188 | INFO | temu_site | 1105-Temu全托管 - 已关闭Playwright连接
2026-06-21 12:15:13,038 | INFO | temu_site | 1105-Temu全托管 - 已发送停止浏览器请求
2026-06-21 12:15:13,038 | INFO | temu_site | 1105-Temu全托管 - 准备重试，等待 3 秒...
2026-06-21 12:15:16,040 | INFO | temu_site | 1105-Temu全托管 - 第 3 次登录尝试
2026-06-21 12:15:19,074 | INFO | temu_site | 1105-Temu全托管 - start_api 返回: {'code': 0, 'msg': 'Success', 'data': {'action': 'startBrowserByCode', 'backgroundPluginId': 'hedbcddcbnkifhfapobljhpmnkknmeci', 'browserID': 109977447, 'browserPath': 'C:\\Users\\Administrator\\AppData\\Local\\env-kit\\Core\\chrome_64_131_202501091017\\hubstudio', 'debuggingPort': '53426', 'downloadPath': 'C:\\Users\\Administrator\\Desktop\\Hubstudio\\temu全托1105店', 'duplicate': 2670, 'ip': '218.78.129.86', 'isDynamicIp': False, 'launcherPage': 'about:blank', 'proxyType': 'socks5', 'runMode': 2, 'webdriver': 'C:\\Users\\Administrator\\AppData\\Local\\env-kit\\Core\\chrome_64_131_202501091017\\webdriver.exe', 'containerId': 109977447, 'containerCode': '1107774478', 'statusCode': '0', 'err': '成功(Success)'}}
2026-06-21 12:15:19,074 | INFO | temu_site | 1105-Temu全托管 - 浏览器启动成功, 调试端口: 53426
2026-06-21 12:15:20,710 | INFO | temu_site | 1105-Temu全托管 - 已连接浏览器
2026-06-21 12:15:20,721 | ERROR | temu_site | 1105-Temu全托管 - 打开登录页失败: Page.goto: net::ERR_ABORTED at https://seller.kuajingmaihuo.com/login
Call log:
  - navigating to "https://seller.kuajingmaihuo.com/login", waiting until "domcontentloaded"

2026-06-21 12:15:20,724 | ERROR | temu_site | 1105-Temu全托管 - 第 3 次失败: open_login_page 失败
Traceback (most recent call last):
  File "D:\sd14\Temu_horizon\core\base_client.py", line 62, in post
    resp.raise_for_status()
  File "C:\ProgramData\anaconda3\envs\spider310\lib\site-packages\requests\models.py", line 1026, in raise_for_status
    raise HTTPError(http_error_msg, response=self)
requests.exceptions.HTTPError: 403 Client Error: Forbidden for url: https://agentseller.temu.com/api/kiana/mms/robin/searchForChainSupplier

During handling of the above exception, another exception occurred:

Traceback (most recent call last):
  File "D:\sd14\Temu_horizon\core\login.py", line 256, in run
    result = await self.run_once()
  File "D:\sd14\Temu_horizon\core\login.py", line 239, in run_once
    raise Exception("open_login_page 失败")
Exception: open_login_page 失败
2026-06-21 12:15:20,746 | INFO | temu_site | 1105-Temu全托管 - 已关闭Playwright连接
2026-06-21 12:15:21,552 | INFO | temu_site | 1105-Temu全托管 - 已发送停止浏览器请求
2026-06-21 12:15:21,553 | INFO | temu_site | 1105-Temu全托管 - 准备重试，等待 3 秒...
2026-06-21 12:15:24,554 | INFO | temu_site | 1105-Temu全托管 - 第 4 次登录尝试
2026-06-21 12:15:27,328 | INFO | temu_site | 1105-Temu全托管 - start_api 返回: {'code': 0, 'msg': 'Success', 'data': {'action': 'startBrowserByCode', 'backgroundPluginId': 'hedbcddcbnkifhfapobljhpmnkknmeci', 'browserID': 109977447, 'browserPath': 'C:\\Users\\Administrator\\AppData\\Local\\env-kit\\Core\\chrome_64_131_202501091017\\hubstudio', 'debuggingPort': '53555', 'downloadPath': 'C:\\Users\\Administrator\\Desktop\\Hubstudio\\temu全托1105店', 'duplicate': 2357, 'ip': '218.78.129.86', 'isDynamicIp': False, 'launcherPage': 'about:blank', 'proxyType': 'socks5', 'runMode': 2, 'webdriver': 'C:\\Users\\Administrator\\AppData\\Local\\env-kit\\Core\\chrome_64_131_202501091017\\webdriver.exe', 'containerId': 109977447, 'containerCode': '1107774478', 'statusCode': '0', 'err': '成功(Success)'}}
2026-06-21 12:15:27,329 | INFO | temu_site | 1105-Temu全托管 - 浏览器启动成功, 调试端口: 53555
2026-06-21 12:15:28,958 | INFO | temu_site | 1105-Temu全托管 - 已连接浏览器
2026-06-21 12:15:28,978 | ERROR | temu_site | 1105-Temu全托管 - 打开登录页失败: Page.goto: net::ERR_ABORTED at https://seller.kuajingmaihuo.com/login
Call log:
  - navigating to "https://seller.kuajingmaihuo.com/login", waiting until "domcontentloaded"

2026-06-21 12:15:28,988 | ERROR | temu_site | 1105-Temu全托管 - 第 4 次失败: open_login_page 失败
Traceback (most recent call last):
  File "D:\sd14\Temu_horizon\core\base_client.py", line 62, in post
    resp.raise_for_status()
  File "C:\ProgramData\anaconda3\envs\spider310\lib\site-packages\requests\models.py", line 1026, in raise_for_status
    raise HTTPError(http_error_msg, response=self)
requests.exceptions.HTTPError: 403 Client Error: Forbidden for url: https://agentseller.temu.com/api/kiana/mms/robin/searchForChainSupplier

During handling of the above exception, another exception occurred:

Traceback (most recent call last):
  File "D:\sd14\Temu_horizon\core\login.py", line 256, in run
    result = await self.run_once()
  File "D:\sd14\Temu_horizon\core\login.py", line 239, in run_once
    raise Exception("open_login_page 失败")
Exception: open_login_page 失败
2026-06-21 12:15:29,016 | INFO | temu_site | 1105-Temu全托管 - 已关闭Playwright连接
2026-06-21 12:15:29,862 | INFO | temu_site | 1105-Temu全托管 - 已发送停止浏览器请求
2026-06-21 12:15:29,862 | INFO | temu_site | 1105-Temu全托管 - 准备重试，等待 3 秒...
2026-06-21 12:15:32,869 | INFO | temu_site | 1105-Temu全托管 - 第 5 次登录尝试
2026-06-21 12:15:35,874 | INFO | temu_site | 1105-Temu全托管 - start_api 返回: {'code': 0, 'msg': 'Success', 'data': {'action': 'startBrowserByCode', 'backgroundPluginId': 'hedbcddcbnkifhfapobljhpmnkknmeci', 'browserID': 109977447, 'browserPath': 'C:\\Users\\Administrator\\AppData\\Local\\env-kit\\Core\\chrome_64_131_202501091017\\hubstudio', 'debuggingPort': '53694', 'downloadPath': 'C:\\Users\\Administrator\\Desktop\\Hubstudio\\temu全托1105店', 'duplicate': 2546, 'ip': '218.78.129.86', 'isDynamicIp': False, 'launcherPage': 'about:blank', 'proxyType': 'socks5', 'runMode': 2, 'webdriver': 'C:\\Users\\Administrator\\AppData\\Local\\env-kit\\Core\\chrome_64_131_202501091017\\webdriver.exe', 'containerId': 109977447, 'containerCode': '1107774478', 'statusCode': '0', 'err': '成功(Success)'}}
2026-06-21 12:15:35,875 | INFO | temu_site | 1105-Temu全托管 - 浏览器启动成功, 调试端口: 53694
2026-06-21 12:15:37,527 | INFO | temu_site | 1105-Temu全托管 - 已连接浏览器
2026-06-21 12:15:37,873 | ERROR | temu_site | 1105-Temu全托管 - 打开登录页失败: Page.goto: net::ERR_CONNECTION_CLOSED at https://seller.kuajingmaihuo.com/login
Call log:
  - navigating to "https://seller.kuajingmaihuo.com/login", waiting until "domcontentloaded"

2026-06-21 12:15:37,873 | ERROR | temu_site | 1105-Temu全托管 - 第 5 次失败: open_login_page 失败
Traceback (most recent call last):
  File "D:\sd14\Temu_horizon\core\base_client.py", line 62, in post
    resp.raise_for_status()
  File "C:\ProgramData\anaconda3\envs\spider310\lib\site-packages\requests\models.py", line 1026, in raise_for_status
    raise HTTPError(http_error_msg, response=self)
requests.exceptions.HTTPError: 403 Client Error: Forbidden for url: https://agentseller.temu.com/api/kiana/mms/robin/searchForChainSupplier

During handling of the above exception, another exception occurred:

Traceback (most recent call last):
  File "D:\sd14\Temu_horizon\core\login.py", line 256, in run
    result = await self.run_once()
  File "D:\sd14\Temu_horizon\core\login.py", line 239, in run_once
    raise Exception("open_login_page 失败")
Exception: open_login_page 失败
2026-06-21 12:15:37,897 | INFO | temu_site | 1105-Temu全托管 - 已关闭Playwright连接
2026-06-21 12:15:38,848 | INFO | temu_site | 1105-Temu全托管 - 已发送停止浏览器请求
2026-06-21 12:15:38,849 | INFO | temu_site | 1105-Temu全托管 - 准备重试，等待 3 秒...
2026-06-21 12:15:41,864 | INFO | temu_site | 1105-Temu全托管 - 第 6 次登录尝试
2026-06-21 12:15:44,534 | INFO | temu_site | 1105-Temu全托管 - start_api 返回: {'code': 0, 'msg': 'Success', 'data': {'action': 'startBrowserByCode', 'backgroundPluginId': 'hedbcddcbnkifhfapobljhpmnkknmeci', 'browserID': 109977447, 'browserPath': 'C:\\Users\\Administrator\\AppData\\Local\\env-kit\\Core\\chrome_64_131_202501091017\\hubstudio', 'debuggingPort': '53808', 'downloadPath': 'C:\\Users\\Administrator\\Desktop\\Hubstudio\\temu全托1105店', 'duplicate': 2261, 'ip': '218.78.129.86', 'isDynamicIp': False, 'launcherPage': 'about:blank', 'proxyType': 'socks5', 'runMode': 2, 'webdriver': 'C:\\Users\\Administrator\\AppData\\Local\\env-kit\\Core\\chrome_64_131_202501091017\\webdriver.exe', 'containerId': 109977447, 'containerCode': '1107774478', 'statusCode': '0', 'err': '成功(Success)'}}
2026-06-21 12:15:44,535 | INFO | temu_site | 1105-Temu全托管 - 浏览器启动成功, 调试端口: 53808
2026-06-21 12:15:46,163 | INFO | temu_site | 1105-Temu全托管 - 已连接浏览器
2026-06-21 12:15:46,173 | ERROR | temu_site | 1105-Temu全托管 - 打开登录页失败: Page.goto: net::ERR_ABORTED at https://seller.kuajingmaihuo.com/login
Call log:
  - navigating to "https://seller.kuajingmaihuo.com/login", waiting until "domcontentloaded"

2026-06-21 12:15:46,180 | ERROR | temu_site | 1105-Temu全托管 - 第 6 次失败: open_login_page 失败
Traceback (most recent call last):
  File "D:\sd14\Temu_horizon\core\base_client.py", line 62, in post
    resp.raise_for_status()
  File "C:\ProgramData\anaconda3\envs\spider310\lib\site-packages\requests\models.py", line 1026, in raise_for_status
    raise HTTPError(http_error_msg, response=self)
requests.exceptions.HTTPError: 403 Client Error: Forbidden for url: https://agentseller.temu.com/api/kiana/mms/robin/searchForChainSupplier

During handling of the above exception, another exception occurred:

Traceback (most recent call last):
  File "D:\sd14\Temu_horizon\core\login.py", line 256, in run
    result = await self.run_once()
  File "D:\sd14\Temu_horizon\core\login.py", line 239, in run_once
    raise Exception("open_login_page 失败")
Exception: open_login_page 失败
2026-06-21 12:15:46,218 | INFO | temu_site | 1105-Temu全托管 - 已关闭Playwright连接
2026-06-21 12:15:47,030 | INFO | temu_site | 1105-Temu全托管 - 已发送停止浏览器请求
2026-06-21 12:15:47,031 | ERROR | temu_site | 1105-Temu全托管 - 登录失败，已达到最大重试次数 6
2026-06-21 12:15:47,032 | ERROR | temu_site | 处理店铺 1105-Temu全托管 时出错: [1105-Temu全托管] 登录失败
2026-06-21 12:15:47,033 | INFO | temu_site | 正在爬取店铺---1104-Temu全托管---skc_sku_violate数据
2026-06-21 12:15:48,045 | ERROR | temu_site | [1104-Temu全托管] 请求失败（第 1 次）: 403 Client Error: Forbidden for url: https://agentseller.temu.com/api/kiana/mms/robin/searchForChainSupplier
2026-06-21 12:15:48,046 | INFO | temu_site | 1104-Temu全托管 - 第 1 次登录尝试
2026-06-21 12:15:51,137 | INFO | temu_site | 1104-Temu全托管 - start_api 返回: {'code': 0, 'msg': 'Success', 'data': {'action': 'startBrowserByCode', 'backgroundPluginId': 'ifmneobocilkpmpjmkahbfnpccjajnbm', 'browserID': 100261239, 'browserPath': 'C:\\Users\\Administrator\\AppData\\Local\\env-kit\\Core\\chrome_64_131_202501091017\\hubstudio', 'debuggingPort': '53935', 'downloadPath': 'C:\\Users\\Administrator\\Desktop\\Hubstudio\\temu全托1104店', 'duplicate': 2719, 'ip': '125.122.156.184', 'isDynamicIp': False, 'launcherPage': 'about:blank', 'proxyType': 'socks5', 'runMode': 2, 'webdriver': 'C:\\Users\\Administrator\\AppData\\Local\\env-kit\\Core\\chrome_64_131_202501091017\\webdriver.exe', 'containerId': 100261239, 'containerCode': '1010612394', 'statusCode': '0', 'err': '成功(Success)'}}
2026-06-21 12:15:51,137 | INFO | temu_site | 1104-Temu全托管 - 浏览器启动成功, 调试端口: 53935
2026-06-21 12:15:52,777 | INFO | temu_site | 1104-Temu全托管 - 已连接浏览器
2026-06-21 12:15:52,792 | ERROR | temu_site | 1104-Temu全托管 - 打开登录页失败: Page.goto: net::ERR_ABORTED at https://seller.kuajingmaihuo.com/login
Call log:
  - navigating to "https://seller.kuajingmaihuo.com/login", waiting until "domcontentloaded"

2026-06-21 12:15:52,795 | ERROR | temu_site | 1104-Temu全托管 - 第 1 次失败: open_login_page 失败
Traceback (most recent call last):
  File "D:\sd14\Temu_horizon\core\base_client.py", line 62, in post
    resp.raise_for_status()
  File "C:\ProgramData\anaconda3\envs\spider310\lib\site-packages\requests\models.py", line 1026, in raise_for_status
    raise HTTPError(http_error_msg, response=self)
requests.exceptions.HTTPError: 403 Client Error: Forbidden for url: https://agentseller.temu.com/api/kiana/mms/robin/searchForChainSupplier

During handling of the above exception, another exception occurred:

Traceback (most recent call last):
  File "D:\sd14\Temu_horizon\core\login.py", line 256, in run
    result = await self.run_once()
  File "D:\sd14\Temu_horizon\core\login.py", line 239, in run_once
    raise Exception("open_login_page 失败")
Exception: open_login_page 失败
2026-06-21 12:15:52,822 | INFO | temu_site | 1104-Temu全托管 - 已关闭Playwright连接
2026-06-21 12:15:53,777 | INFO | temu_site | 1104-Temu全托管 - 已发送停止浏览器请求
2026-06-21 12:15:53,778 | INFO | temu_site | 1104-Temu全托管 - 准备重试，等待 3 秒...
2026-06-21 12:15:56,789 | INFO | temu_site | 1104-Temu全托管 - 第 2 次登录尝试
2026-06-21 12:15:59,833 | INFO | temu_site | 1104-Temu全托管 - start_api 返回: {'code': 0, 'msg': 'Success', 'data': {'action': 'startBrowserByCode', 'backgroundPluginId': 'ifmneobocilkpmpjmkahbfnpccjajnbm', 'browserID': 100261239, 'browserPath': 'C:\\Users\\Administrator\\AppData\\Local\\env-kit\\Core\\chrome_64_131_202501091017\\hubstudio', 'debuggingPort': '54034', 'downloadPath': 'C:\\Users\\Administrator\\Desktop\\Hubstudio\\temu全托1104店', 'duplicate': 2598, 'ip': '125.122.156.184', 'isDynamicIp': False, 'launcherPage': 'about:blank', 'proxyType': 'socks5', 'runMode': 2, 'webdriver': 'C:\\Users\\Administrator\\AppData\\Local\\env-kit\\Core\\chrome_64_131_202501091017\\webdriver.exe', 'containerId': 100261239, 'containerCode': '1010612394', 'statusCode': '0', 'err': '成功(Success)'}}
2026-06-21 12:15:59,834 | INFO | temu_site | 1104-Temu全托管 - 浏览器启动成功, 调试端口: 54034
2026-06-21 12:16:01,598 | INFO | temu_site | 1104-Temu全托管 - 已连接浏览器
2026-06-21 12:16:01,609 | ERROR | temu_site | 1104-Temu全托管 - 打开登录页失败: Page.goto: net::ERR_ABORTED at https://seller.kuajingmaihuo.com/login
Call log:
  - navigating to "https://seller.kuajingmaihuo.com/login", waiting until "domcontentloaded"

2026-06-21 12:16:01,609 | ERROR | temu_site | 1104-Temu全托管 - 第 2 次失败: open_login_page 失败
Traceback (most recent call last):
  File "D:\sd14\Temu_horizon\core\base_client.py", line 62, in post
    resp.raise_for_status()
  File "C:\ProgramData\anaconda3\envs\spider310\lib\site-packages\requests\models.py", line 1026, in raise_for_status
    raise HTTPError(http_error_msg, response=self)
requests.exceptions.HTTPError: 403 Client Error: Forbidden for url: https://agentseller.temu.com/api/kiana/mms/robin/searchForChainSupplier

During handling of the above exception, another exception occurred:

Traceback (most recent call last):
  File "D:\sd14\Temu_horizon\core\login.py", line 256, in run
    result = await self.run_once()
  File "D:\sd14\Temu_horizon\core\login.py", line 239, in run_once
    raise Exception("open_login_page 失败")
Exception: open_login_page 失败
2026-06-21 12:16:01,633 | INFO | temu_site | 1104-Temu全托管 - 已关闭Playwright连接
2026-06-21 12:16:02,474 | INFO | temu_site | 1104-Temu全托管 - 已发送停止浏览器请求
2026-06-21 12:16:02,474 | INFO | temu_site | 1104-Temu全托管 - 准备重试，等待 3 秒...
2026-06-21 12:16:05,480 | INFO | temu_site | 1104-Temu全托管 - 第 3 次登录尝试
2026-06-21 12:16:08,737 | INFO | temu_site | 1104-Temu全托管 - start_api 返回: {'code': 0, 'msg': 'Success', 'data': {'action': 'startBrowserByCode', 'backgroundPluginId': 'ifmneobocilkpmpjmkahbfnpccjajnbm', 'browserID': 100261239, 'browserPath': 'C:\\Users\\Administrator\\AppData\\Local\\env-kit\\Core\\chrome_64_131_202501091017\\hubstudio', 'debuggingPort': '54134', 'downloadPath': 'C:\\Users\\Administrator\\Desktop\\Hubstudio\\temu全托1104店', 'duplicate': 2691, 'ip': '125.122.156.184', 'isDynamicIp': False, 'launcherPage': 'about:blank', 'proxyType': 'socks5', 'runMode': 2, 'webdriver': 'C:\\Users\\Administrator\\AppData\\Local\\env-kit\\Core\\chrome_64_131_202501091017\\webdriver.exe', 'containerId': 100261239, 'containerCode': '1010612394', 'statusCode': '0', 'err': '成功(Success)'}}
2026-06-21 12:16:08,738 | INFO | temu_site | 1104-Temu全托管 - 浏览器启动成功, 调试端口: 54134
2026-06-21 12:16:10,393 | INFO | temu_site | 1104-Temu全托管 - 已连接浏览器
2026-06-21 12:16:10,708 | ERROR | temu_site | 1104-Temu全托管 - 打开登录页失败: Page.goto: net::ERR_CONNECTION_CLOSED at https://seller.kuajingmaihuo.com/login
Call log:
  - navigating to "https://seller.kuajingmaihuo.com/login", waiting until "domcontentloaded"

2026-06-21 12:16:10,708 | ERROR | temu_site | 1104-Temu全托管 - 第 3 次失败: open_login_page 失败
Traceback (most recent call last):
  File "D:\sd14\Temu_horizon\core\base_client.py", line 62, in post
    resp.raise_for_status()
  File "C:\ProgramData\anaconda3\envs\spider310\lib\site-packages\requests\models.py", line 1026, in raise_for_status
    raise HTTPError(http_error_msg, response=self)
requests.exceptions.HTTPError: 403 Client Error: Forbidden for url: https://agentseller.temu.com/api/kiana/mms/robin/searchForChainSupplier

During handling of the above exception, another exception occurred:

Traceback (most recent call last):
  File "D:\sd14\Temu_horizon\core\login.py", line 256, in run
    result = await self.run_once()
  File "D:\sd14\Temu_horizon\core\login.py", line 239, in run_once
    raise Exception("open_login_page 失败")
Exception: open_login_page 失败
2026-06-21 12:16:10,729 | INFO | temu_site | 1104-Temu全托管 - 已关闭Playwright连接
2026-06-21 12:16:11,642 | INFO | temu_site | 1104-Temu全托管 - 已发送停止浏览器请求
2026-06-21 12:16:11,642 | INFO | temu_site | 1104-Temu全托管 - 准备重试，等待 3 秒...
2026-06-21 12:16:14,654 | INFO | temu_site | 1104-Temu全托管 - 第 4 次登录尝试
2026-06-21 12:16:17,601 | INFO | temu_site | 1104-Temu全托管 - start_api 返回: {'code': 0, 'msg': 'Success', 'data': {'action': 'startBrowserByCode', 'backgroundPluginId': 'ifmneobocilkpmpjmkahbfnpccjajnbm', 'browserID': 100261239, 'browserPath': 'C:\\Users\\Administrator\\AppData\\Local\\env-kit\\Core\\chrome_64_131_202501091017\\hubstudio', 'debuggingPort': '54241', 'downloadPath': 'C:\\Users\\Administrator\\Desktop\\Hubstudio\\temu全托1104店', 'duplicate': 2584, 'ip': '125.122.156.184', 'isDynamicIp': False, 'launcherPage': 'about:blank', 'proxyType': 'socks5', 'runMode': 2, 'webdriver': 'C:\\Users\\Administrator\\AppData\\Local\\env-kit\\Core\\chrome_64_131_202501091017\\webdriver.exe', 'containerId': 100261239, 'containerCode': '1010612394', 'statusCode': '0', 'err': '成功(Success)'}}
2026-06-21 12:16:17,601 | INFO | temu_site | 1104-Temu全托管 - 浏览器启动成功, 调试端口: 54241
2026-06-21 12:16:19,241 | INFO | temu_site | 1104-Temu全托管 - 已连接浏览器
2026-06-21 12:16:19,252 | ERROR | temu_site | 1104-Temu全托管 - 打开登录页失败: Page.goto: net::ERR_ABORTED at https://seller.kuajingmaihuo.com/login
Call log:
  - navigating to "https://seller.kuajingmaihuo.com/login", waiting until "domcontentloaded"

2026-06-21 12:16:19,253 | ERROR | temu_site | 1104-Temu全托管 - 第 4 次失败: open_login_page 失败
Traceback (most recent call last):
  File "D:\sd14\Temu_horizon\core\base_client.py", line 62, in post
    resp.raise_for_status()
  File "C:\ProgramData\anaconda3\envs\spider310\lib\site-packages\requests\models.py", line 1026, in raise_for_status
    raise HTTPError(http_error_msg, response=self)
requests.exceptions.HTTPError: 403 Client Error: Forbidden for url: https://agentseller.temu.com/api/kiana/mms/robin/searchForChainSupplier

During handling of the above exception, another exception occurred:

Traceback (most recent call last):
  File "D:\sd14\Temu_horizon\core\login.py", line 256, in run
    result = await self.run_once()
  File "D:\sd14\Temu_horizon\core\login.py", line 239, in run_once
    raise Exception("open_login_page 失败")
Exception: open_login_page 失败
2026-06-21 12:16:19,283 | INFO | temu_site | 1104-Temu全托管 - 已关闭Playwright连接
2026-06-21 12:16:20,155 | INFO | temu_site | 1104-Temu全托管 - 已发送停止浏览器请求
2026-06-21 12:16:20,155 | INFO | temu_site | 1104-Temu全托管 - 准备重试，等待 3 秒...
2026-06-21 12:16:23,168 | INFO | temu_site | 1104-Temu全托管 - 第 5 次登录尝试
2026-06-21 12:16:25,980 | INFO | temu_site | 1104-Temu全托管 - start_api 返回: {'code': 0, 'msg': 'Success', 'data': {'action': 'startBrowserByCode', 'backgroundPluginId': 'ifmneobocilkpmpjmkahbfnpccjajnbm', 'browserID': 100261239, 'browserPath': 'C:\\Users\\Administrator\\AppData\\Local\\env-kit\\Core\\chrome_64_131_202501091017\\hubstudio', 'debuggingPort': '54341', 'downloadPath': 'C:\\Users\\Administrator\\Desktop\\Hubstudio\\temu全托1104店', 'duplicate': 2391, 'ip': '125.122.156.184', 'isDynamicIp': False, 'launcherPage': 'about:blank', 'proxyType': 'socks5', 'runMode': 2, 'webdriver': 'C:\\Users\\Administrator\\AppData\\Local\\env-kit\\Core\\chrome_64_131_202501091017\\webdriver.exe', 'containerId': 100261239, 'containerCode': '1010612394', 'statusCode': '0', 'err': '成功(Success)'}}
2026-06-21 12:16:25,981 | INFO | temu_site | 1104-Temu全托管 - 浏览器启动成功, 调试端口: 54341
2026-06-21 12:16:27,608 | INFO | temu_site | 1104-Temu全托管 - 已连接浏览器
2026-06-21 12:16:27,620 | ERROR | temu_site | 1104-Temu全托管 - 打开登录页失败: Page.goto: net::ERR_ABORTED at https://seller.kuajingmaihuo.com/login
Call log:
  - navigating to "https://seller.kuajingmaihuo.com/login", waiting until "domcontentloaded"

2026-06-21 12:16:27,629 | ERROR | temu_site | 1104-Temu全托管 - 第 5 次失败: open_login_page 失败
Traceback (most recent call last):
  File "D:\sd14\Temu_horizon\core\base_client.py", line 62, in post
    resp.raise_for_status()
  File "C:\ProgramData\anaconda3\envs\spider310\lib\site-packages\requests\models.py", line 1026, in raise_for_status
    raise HTTPError(http_error_msg, response=self)
requests.exceptions.HTTPError: 403 Client Error: Forbidden for url: https://agentseller.temu.com/api/kiana/mms/robin/searchForChainSupplier

During handling of the above exception, another exception occurred:

Traceback (most recent call last):
  File "D:\sd14\Temu_horizon\core\login.py", line 256, in run
    result = await self.run_once()
  File "D:\sd14\Temu_horizon\core\login.py", line 239, in run_once
    raise Exception("open_login_page 失败")
Exception: open_login_page 失败
2026-06-21 12:16:27,656 | INFO | temu_site | 1104-Temu全托管 - 已关闭Playwright连接
2026-06-21 12:16:28,437 | INFO | temu_site | 1104-Temu全托管 - 已发送停止浏览器请求
2026-06-21 12:16:28,437 | INFO | temu_site | 1104-Temu全托管 - 准备重试，等待 3 秒...
2026-06-21 12:16:31,446 | INFO | temu_site | 1104-Temu全托管 - 第 6 次登录尝试
2026-06-21 12:16:34,354 | INFO | temu_site | 1104-Temu全托管 - start_api 返回: {'code': 0, 'msg': 'Success', 'data': {'action': 'startBrowserByCode', 'backgroundPluginId': 'ifmneobocilkpmpjmkahbfnpccjajnbm', 'browserID': 100261239, 'browserPath': 'C:\\Users\\Administrator\\AppData\\Local\\env-kit\\Core\\chrome_64_131_202501091017\\hubstudio', 'debuggingPort': '54443', 'downloadPath': 'C:\\Users\\Administrator\\Desktop\\Hubstudio\\temu全托1104店', 'duplicate': 2526, 'ip': '125.122.156.184', 'isDynamicIp': False, 'launcherPage': 'about:blank', 'proxyType': 'socks5', 'runMode': 2, 'webdriver': 'C:\\Users\\Administrator\\AppData\\Local\\env-kit\\Core\\chrome_64_131_202501091017\\webdriver.exe', 'containerId': 100261239, 'containerCode': '1010612394', 'statusCode': '0', 'err': '成功(Success)'}}
2026-06-21 12:16:34,354 | INFO | temu_site | 1104-Temu全托管 - 浏览器启动成功, 调试端口: 54443
2026-06-21 12:16:36,067 | INFO | temu_site | 1104-Temu全托管 - 已连接浏览器
2026-06-21 12:16:36,079 | ERROR | temu_site | 1104-Temu全托管 - 打开登录页失败: Page.goto: net::ERR_ABORTED at https://seller.kuajingmaihuo.com/login
Call log:
  - navigating to "https://seller.kuajingmaihuo.com/login", waiting until "domcontentloaded"

2026-06-21 12:16:36,083 | ERROR | temu_site | 1104-Temu全托管 - 第 6 次失败: open_login_page 失败
Traceback (most recent call last):
  File "D:\sd14\Temu_horizon\core\base_client.py", line 62, in post
    resp.raise_for_status()
  File "C:\ProgramData\anaconda3\envs\spider310\lib\site-packages\requests\models.py", line 1026, in raise_for_status
    raise HTTPError(http_error_msg, response=self)
requests.exceptions.HTTPError: 403 Client Error: Forbidden for url: https://agentseller.temu.com/api/kiana/mms/robin/searchForChainSupplier

During handling of the above exception, another exception occurred:

Traceback (most recent call last):
  File "D:\sd14\Temu_horizon\core\login.py", line 256, in run
    result = await self.run_once()
  File "D:\sd14\Temu_horizon\core\login.py", line 239, in run_once
    raise Exception("open_login_page 失败")
Exception: open_login_page 失败
2026-06-21 12:16:36,109 | INFO | temu_site | 1104-Temu全托管 - 已关闭Playwright连接
2026-06-21 12:16:37,080 | INFO | temu_site | 1104-Temu全托管 - 已发送停止浏览器请求
2026-06-21 12:16:37,080 | ERROR | temu_site | 1104-Temu全托管 - 登录失败，已达到最大重试次数 6
2026-06-21 12:16:37,081 | ERROR | temu_site | 处理店铺 1104-Temu全托管 时出错: [1104-Temu全托管] 登录失败
2026-06-21 12:16:37,082 | INFO | temu_site | 正在爬取店铺---1103-Temu全托管---skc_sku_violate数据
2026-06-21 12:16:38,528 | ERROR | temu_site | [1103-Temu全托管] 请求失败（第 1 次）: 403 Client Error: Forbidden for url: https://agentseller.temu.com/api/kiana/mms/robin/searchForChainSupplier
2026-06-21 12:16:38,528 | INFO | temu_site | 1103-Temu全托管 - 第 1 次登录尝试
2026-06-21 12:16:41,861 | INFO | temu_site | 1103-Temu全托管 - start_api 返回: {'code': 0, 'msg': 'Success', 'data': {'action': 'startBrowserByCode', 'backgroundPluginId': 'jpdodpkjmnaoinfefchdgfomfncffgoc', 'browserID': 100261119, 'browserPath': 'C:\\Users\\Administrator\\AppData\\Local\\env-kit\\Core\\chrome_64_131_202501091017\\hubstudio', 'debuggingPort': '54542', 'downloadPath': 'C:\\Users\\Administrator\\Desktop\\Hubstudio\\temu全托1103店-子账号', 'duplicate': 2956, 'ip': '49.7.135.46', 'isDynamicIp': False, 'launcherPage': 'about:blank', 'proxyType': 'socks5', 'runMode': 2, 'webdriver': 'C:\\Users\\Administrator\\AppData\\Local\\env-kit\\Core\\chrome_64_131_202501091017\\webdriver.exe', 'containerId': 100261119, 'containerCode': '1010611195', 'statusCode': '0', 'err': '成功(Success)'}}
2026-06-21 12:16:41,861 | INFO | temu_site | 1103-Temu全托管 - 浏览器启动成功, 调试端口: 54542
2026-06-21 12:16:43,645 | INFO | temu_site | 1103-Temu全托管 - 已连接浏览器
2026-06-21 12:16:44,143 | ERROR | temu_site | 1103-Temu全托管 - 打开登录页失败: Page.goto: net::ERR_CONNECTION_CLOSED at https://seller.kuajingmaihuo.com/login
Call log:
  - navigating to "https://seller.kuajingmaihuo.com/login", waiting until "domcontentloaded"

2026-06-21 12:16:44,144 | ERROR | temu_site | 1103-Temu全托管 - 第 1 次失败: open_login_page 失败
Traceback (most recent call last):
  File "D:\sd14\Temu_horizon\core\base_client.py", line 62, in post
    resp.raise_for_status()
  File "C:\ProgramData\anaconda3\envs\spider310\lib\site-packages\requests\models.py", line 1026, in raise_for_status
    raise HTTPError(http_error_msg, response=self)
requests.exceptions.HTTPError: 403 Client Error: Forbidden for url: https://agentseller.temu.com/api/kiana/mms/robin/searchForChainSupplier

During handling of the above exception, another exception occurred:

Traceback (most recent call last):
  File "D:\sd14\Temu_horizon\core\login.py", line 256, in run
    result = await self.run_once()
  File "D:\sd14\Temu_horizon\core\login.py", line 239, in run_once
    raise Exception("open_login_page 失败")
Exception: open_login_page 失败
2026-06-21 12:16:44,182 | INFO | temu_site | 1103-Temu全托管 - 已关闭Playwright连接
2026-06-21 12:16:45,052 | INFO | temu_site | 1103-Temu全托管 - 已发送停止浏览器请求
2026-06-21 12:16:45,052 | INFO | temu_site | 1103-Temu全托管 - 准备重试，等待 3 秒...
2026-06-21 12:16:48,059 | INFO | temu_site | 1103-Temu全托管 - 第 2 次登录尝试
2026-06-21 12:16:50,888 | INFO | temu_site | 1103-Temu全托管 - start_api 返回: {'code': 0, 'msg': 'Success', 'data': {'action': 'startBrowserByCode', 'backgroundPluginId': 'jpdodpkjmnaoinfefchdgfomfncffgoc', 'browserID': 100261119, 'browserPath': 'C:\\Users\\Administrator\\AppData\\Local\\env-kit\\Core\\chrome_64_131_202501091017\\hubstudio', 'debuggingPort': '54650', 'downloadPath': 'C:\\Users\\Administrator\\Desktop\\Hubstudio\\temu全托1103店-子账号', 'duplicate': 2451, 'ip': '49.7.135.46', 'isDynamicIp': False, 'launcherPage': 'about:blank', 'proxyType': 'socks5', 'runMode': 2, 'webdriver': 'C:\\Users\\Administrator\\AppData\\Local\\env-kit\\Core\\chrome_64_131_202501091017\\webdriver.exe', 'containerId': 100261119, 'containerCode': '1010611195', 'statusCode': '0', 'err': '成功(Success)'}}
2026-06-21 12:16:50,889 | INFO | temu_site | 1103-Temu全托管 - 浏览器启动成功, 调试端口: 54650
2026-06-21 12:16:52,683 | INFO | temu_site | 1103-Temu全托管 - 已连接浏览器
2026-06-21 12:16:53,509 | ERROR | temu_site | 1103-Temu全托管 - 打开登录页失败: Page.goto: net::ERR_CONNECTION_CLOSED at https://seller.kuajingmaihuo.com/login
Call log:
  - navigating to "https://seller.kuajingmaihuo.com/login", waiting until "domcontentloaded"

2026-06-21 12:16:53,510 | ERROR | temu_site | 1103-Temu全托管 - 第 2 次失败: open_login_page 失败
Traceback (most recent call last):
  File "D:\sd14\Temu_horizon\core\base_client.py", line 62, in post
    resp.raise_for_status()
  File "C:\ProgramData\anaconda3\envs\spider310\lib\site-packages\requests\models.py", line 1026, in raise_for_status
    raise HTTPError(http_error_msg, response=self)
requests.exceptions.HTTPError: 403 Client Error: Forbidden for url: https://agentseller.temu.com/api/kiana/mms/robin/searchForChainSupplier

During handling of the above exception, another exception occurred:

Traceback (most recent call last):
  File "D:\sd14\Temu_horizon\core\login.py", line 256, in run
    result = await self.run_once()
  File "D:\sd14\Temu_horizon\core\login.py", line 239, in run_once
    raise Exception("open_login_page 失败")
Exception: open_login_page 失败
2026-06-21 12:16:53,537 | INFO | temu_site | 1103-Temu全托管 - 已关闭Playwright连接
2026-06-21 12:16:54,472 | INFO | temu_site | 1103-Temu全托管 - 已发送停止浏览器请求
2026-06-21 12:16:54,473 | INFO | temu_site | 1103-Temu全托管 - 准备重试，等待 3 秒...
2026-06-21 12:16:57,480 | INFO | temu_site | 1103-Temu全托管 - 第 3 次登录尝试
2026-06-21 12:17:00,539 | INFO | temu_site | 1103-Temu全托管 - start_api 返回: {'code': 0, 'msg': 'Success', 'data': {'action': 'startBrowserByCode', 'backgroundPluginId': 'jpdodpkjmnaoinfefchdgfomfncffgoc', 'browserID': 100261119, 'browserPath': 'C:\\Users\\Administrator\\AppData\\Local\\env-kit\\Core\\chrome_64_131_202501091017\\hubstudio', 'debuggingPort': '54784', 'downloadPath': 'C:\\Users\\Administrator\\Desktop\\Hubstudio\\temu全托1103店-子账号', 'duplicate': 2639, 'ip': '49.7.135.46', 'isDynamicIp': False, 'launcherPage': 'about:blank', 'proxyType': 'socks5', 'runMode': 2, 'webdriver': 'C:\\Users\\Administrator\\AppData\\Local\\env-kit\\Core\\chrome_64_131_202501091017\\webdriver.exe', 'containerId': 100261119, 'containerCode': '1010611195', 'statusCode': '0', 'err': '成功(Success)'}}
2026-06-21 12:17:00,539 | INFO | temu_site | 1103-Temu全托管 - 浏览器启动成功, 调试端口: 54784
2026-06-21 12:17:02,354 | INFO | temu_site | 1103-Temu全托管 - 已连接浏览器
2026-06-21 12:17:02,838 | ERROR | temu_site | 1103-Temu全托管 - 打开登录页失败: Page.goto: net::ERR_CONNECTION_CLOSED at https://seller.kuajingmaihuo.com/login
Call log:
  - navigating to "https://seller.kuajingmaihuo.com/login", waiting until "domcontentloaded"

2026-06-21 12:17:02,839 | ERROR | temu_site | 1103-Temu全托管 - 第 3 次失败: open_login_page 失败
Traceback (most recent call last):
  File "D:\sd14\Temu_horizon\core\base_client.py", line 62, in post
    resp.raise_for_status()
  File "C:\ProgramData\anaconda3\envs\spider310\lib\site-packages\requests\models.py", line 1026, in raise_for_status
    raise HTTPError(http_error_msg, response=self)
requests.exceptions.HTTPError: 403 Client Error: Forbidden for url: https://agentseller.temu.com/api/kiana/mms/robin/searchForChainSupplier

During handling of the above exception, another exception occurred:

Traceback (most recent call last):
  File "D:\sd14\Temu_horizon\core\login.py", line 256, in run
    result = await self.run_once()
  File "D:\sd14\Temu_horizon\core\login.py", line 239, in run_once
    raise Exception("open_login_page 失败")
Exception: open_login_page 失败
2026-06-21 12:17:02,870 | INFO | temu_site | 1103-Temu全托管 - 已关闭Playwright连接
2026-06-21 12:17:03,694 | INFO | temu_site | 1103-Temu全托管 - 已发送停止浏览器请求
2026-06-21 12:17:03,694 | INFO | temu_site | 1103-Temu全托管 - 准备重试，等待 3 秒...
2026-06-21 12:17:06,710 | INFO | temu_site | 1103-Temu全托管 - 第 4 次登录尝试
2026-06-21 12:17:09,392 | INFO | temu_site | 1103-Temu全托管 - start_api 返回: {'code': 0, 'msg': 'Success', 'data': {'action': 'startBrowserByCode', 'backgroundPluginId': 'jpdodpkjmnaoinfefchdgfomfncffgoc', 'browserID': 100261119, 'browserPath': 'C:\\Users\\Administrator\\AppData\\Local\\env-kit\\Core\\chrome_64_131_202501091017\\hubstudio', 'debuggingPort': '54891', 'downloadPath': 'C:\\Users\\Administrator\\Desktop\\Hubstudio\\temu全托1103店-子账号', 'duplicate': 2323, 'ip': '49.7.135.46', 'isDynamicIp': False, 'launcherPage': 'about:blank', 'proxyType': 'socks5', 'runMode': 2, 'webdriver': 'C:\\Users\\Administrator\\AppData\\Local\\env-kit\\Core\\chrome_64_131_202501091017\\webdriver.exe', 'containerId': 100261119, 'containerCode': '1010611195', 'statusCode': '0', 'err': '成功(Success)'}}
2026-06-21 12:17:09,392 | INFO | temu_site | 1103-Temu全托管 - 浏览器启动成功, 调试端口: 54891
2026-06-21 12:17:11,033 | INFO | temu_site | 1103-Temu全托管 - 已连接浏览器
2026-06-21 12:17:11,522 | ERROR | temu_site | 1103-Temu全托管 - 打开登录页失败: Page.goto: net::ERR_CONNECTION_CLOSED at https://seller.kuajingmaihuo.com/login
Call log:
  - navigating to "https://seller.kuajingmaihuo.com/login", waiting until "domcontentloaded"

2026-06-21 12:17:11,522 | ERROR | temu_site | 1103-Temu全托管 - 第 4 次失败: open_login_page 失败
Traceback (most recent call last):
  File "D:\sd14\Temu_horizon\core\base_client.py", line 62, in post
    resp.raise_for_status()
  File "C:\ProgramData\anaconda3\envs\spider310\lib\site-packages\requests\models.py", line 1026, in raise_for_status
    raise HTTPError(http_error_msg, response=self)
requests.exceptions.HTTPError: 403 Client Error: Forbidden for url: https://agentseller.temu.com/api/kiana/mms/robin/searchForChainSupplier

During handling of the above exception, another exception occurred:

Traceback (most recent call last):
  File "D:\sd14\Temu_horizon\core\login.py", line 256, in run
    result = await self.run_once()
  File "D:\sd14\Temu_horizon\core\login.py", line 239, in run_once
    raise Exception("open_login_page 失败")
Exception: open_login_page 失败
2026-06-21 12:17:11,544 | INFO | temu_site | 1103-Temu全托管 - 已关闭Playwright连接
2026-06-21 12:17:12,394 | INFO | temu_site | 1103-Temu全托管 - 已发送停止浏览器请求
2026-06-21 12:17:12,394 | INFO | temu_site | 1103-Temu全托管 - 准备重试，等待 3 秒...
2026-06-21 12:17:15,398 | INFO | temu_site | 1103-Temu全托管 - 第 5 次登录尝试
2026-06-21 12:17:18,061 | INFO | temu_site | 1103-Temu全托管 - start_api 返回: {'code': 0, 'msg': 'Success', 'data': {'action': 'startBrowserByCode', 'backgroundPluginId': 'jpdodpkjmnaoinfefchdgfomfncffgoc', 'browserID': 100261119, 'browserPath': 'C:\\Users\\Administrator\\AppData\\Local\\env-kit\\Core\\chrome_64_131_202501091017\\hubstudio', 'debuggingPort': '55000', 'downloadPath': 'C:\\Users\\Administrator\\Desktop\\Hubstudio\\temu全托1103店-子账号', 'duplicate': 2305, 'ip': '49.7.135.46', 'isDynamicIp': False, 'launcherPage': 'about:blank', 'proxyType': 'socks5', 'runMode': 2, 'webdriver': 'C:\\Users\\Administrator\\AppData\\Local\\env-kit\\Core\\chrome_64_131_202501091017\\webdriver.exe', 'containerId': 100261119, 'containerCode': '1010611195', 'statusCode': '0', 'err': '成功(Success)'}}
2026-06-21 12:17:18,062 | INFO | temu_site | 1103-Temu全托管 - 浏览器启动成功, 调试端口: 55000
2026-06-21 12:17:19,689 | INFO | temu_site | 1103-Temu全托管 - 已连接浏览器
2026-06-21 12:17:19,707 | ERROR | temu_site | 1103-Temu全托管 - 打开登录页失败: Page.goto: net::ERR_ABORTED at https://seller.kuajingmaihuo.com/login
Call log:
  - navigating to "https://seller.kuajingmaihuo.com/login", waiting until "domcontentloaded"

2026-06-21 12:17:19,710 | ERROR | temu_site | 1103-Temu全托管 - 第 5 次失败: open_login_page 失败
Traceback (most recent call last):
  File "D:\sd14\Temu_horizon\core\base_client.py", line 62, in post
    resp.raise_for_status()
  File "C:\ProgramData\anaconda3\envs\spider310\lib\site-packages\requests\models.py", line 1026, in raise_for_status
    raise HTTPError(http_error_msg, response=self)
requests.exceptions.HTTPError: 403 Client Error: Forbidden for url: https://agentseller.temu.com/api/kiana/mms/robin/searchForChainSupplier

During handling of the above exception, another exception occurred:

Traceback (most recent call last):
  File "D:\sd14\Temu_horizon\core\login.py", line 256, in run
    result = await self.run_once()
  File "D:\sd14\Temu_horizon\core\login.py", line 239, in run_once
    raise Exception("open_login_page 失败")
Exception: open_login_page 失败
2026-06-21 12:17:19,745 | INFO | temu_site | 1103-Temu全托管 - 已关闭Playwright连接
2026-06-21 12:17:20,593 | INFO | temu_site | 1103-Temu全托管 - 已发送停止浏览器请求
2026-06-21 12:17:20,594 | INFO | temu_site | 1103-Temu全托管 - 准备重试，等待 3 秒...
2026-06-21 12:17:23,605 | INFO | temu_site | 1103-Temu全托管 - 第 6 次登录尝试
2026-06-21 12:17:26,462 | INFO | temu_site | 1103-Temu全托管 - start_api 返回: {'code': 0, 'msg': 'Success', 'data': {'action': 'startBrowserByCode', 'backgroundPluginId': 'jpdodpkjmnaoinfefchdgfomfncffgoc', 'browserID': 100261119, 'browserPath': 'C:\\Users\\Administrator\\AppData\\Local\\env-kit\\Core\\chrome_64_131_202501091017\\hubstudio', 'debuggingPort': '55123', 'downloadPath': 'C:\\Users\\Administrator\\Desktop\\Hubstudio\\temu全托1103店-子账号', 'duplicate': 2422, 'ip': '49.7.135.46', 'isDynamicIp': False, 'launcherPage': 'about:blank', 'proxyType': 'socks5', 'runMode': 2, 'webdriver': 'C:\\Users\\Administrator\\AppData\\Local\\env-kit\\Core\\chrome_64_131_202501091017\\webdriver.exe', 'containerId': 100261119, 'containerCode': '1010611195', 'statusCode': '0', 'err': '成功(Success)'}}
2026-06-21 12:17:26,462 | INFO | temu_site | 1103-Temu全托管 - 浏览器启动成功, 调试端口: 55123
2026-06-21 12:17:28,113 | INFO | temu_site | 1103-Temu全托管 - 已连接浏览器
2026-06-21 12:17:28,602 | ERROR | temu_site | 1103-Temu全托管 - 打开登录页失败: Page.goto: net::ERR_CONNECTION_CLOSED at https://seller.kuajingmaihuo.com/login
Call log:
  - navigating to "https://seller.kuajingmaihuo.com/login", waiting until "domcontentloaded"

2026-06-21 12:17:28,602 | ERROR | temu_site | 1103-Temu全托管 - 第 6 次失败: open_login_page 失败
Traceback (most recent call last):
  File "D:\sd14\Temu_horizon\core\base_client.py", line 62, in post
    resp.raise_for_status()
  File "C:\ProgramData\anaconda3\envs\spider310\lib\site-packages\requests\models.py", line 1026, in raise_for_status
    raise HTTPError(http_error_msg, response=self)
requests.exceptions.HTTPError: 403 Client Error: Forbidden for url: https://agentseller.temu.com/api/kiana/mms/robin/searchForChainSupplier

During handling of the above exception, another exception occurred:

Traceback (most recent call last):
  File "D:\sd14\Temu_horizon\core\login.py", line 256, in run
    result = await self.run_once()
  File "D:\sd14\Temu_horizon\core\login.py", line 239, in run_once
    raise Exception("open_login_page 失败")
Exception: open_login_page 失败
2026-06-21 12:17:28,629 | INFO | temu_site | 1103-Temu全托管 - 已关闭Playwright连接
2026-06-21 12:17:29,644 | INFO | temu_site | 1103-Temu全托管 - 已发送停止浏览器请求
2026-06-21 12:17:29,644 | ERROR | temu_site | 1103-Temu全托管 - 登录失败，已达到最大重试次数 6
2026-06-21 12:17:29,646 | ERROR | temu_site | 处理店铺 1103-Temu全托管 时出错: [1103-Temu全托管] 登录失败
2026-06-21 12:17:29,649 | INFO | temu_site | 正在爬取店铺---1102-Temu全托管---skc_sku_violate数据
2026-06-21 12:17:30,665 | ERROR | temu_site | [1102-Temu全托管] 请求失败（第 1 次）: 403 Client Error: Forbidden for url: https://agentseller.temu.com/api/kiana/mms/robin/searchForChainSupplier
2026-06-21 12:17:30,666 | INFO | temu_site | 1102-Temu全托管 - 第 1 次登录尝试
2026-06-21 12:17:33,885 | INFO | temu_site | 1102-Temu全托管 - start_api 返回: {'code': 0, 'msg': 'Success', 'data': {'action': 'startBrowserByCode', 'backgroundPluginId': 'jelnoidfmcaagnefijmbgjihdibffamo', 'browserID': 100123686, 'browserPath': 'C:\\Users\\Administrator\\AppData\\Local\\env-kit\\Core\\chrome_64_131_202501091017\\hubstudio', 'debuggingPort': '55229', 'downloadPath': 'C:\\Users\\Administrator\\Desktop\\Hubstudio\\temu全托1102店', 'duplicate': 2879, 'ip': '125.122.156.184', 'isDynamicIp': False, 'launcherPage': 'about:blank', 'proxyType': 'socks5', 'runMode': 2, 'webdriver': 'C:\\Users\\Administrator\\AppData\\Local\\env-kit\\Core\\chrome_64_131_202501091017\\webdriver.exe', 'containerId': 100123686, 'containerCode': '1009236863', 'statusCode': '0', 'err': '成功(Success)'}}
2026-06-21 12:17:33,886 | INFO | temu_site | 1102-Temu全托管 - 浏览器启动成功, 调试端口: 55229
2026-06-21 12:17:35,774 | INFO | temu_site | 1102-Temu全托管 - 已连接浏览器
2026-06-21 12:17:36,095 | ERROR | temu_site | 1102-Temu全托管 - 打开登录页失败: Page.goto: net::ERR_CONNECTION_CLOSED at https://seller.kuajingmaihuo.com/login
Call log:
  - navigating to "https://seller.kuajingmaihuo.com/login", waiting until "domcontentloaded"

2026-06-21 12:17:36,095 | ERROR | temu_site | 1102-Temu全托管 - 第 1 次失败: open_login_page 失败
Traceback (most recent call last):
  File "D:\sd14\Temu_horizon\core\base_client.py", line 62, in post
    resp.raise_for_status()
  File "C:\ProgramData\anaconda3\envs\spider310\lib\site-packages\requests\models.py", line 1026, in raise_for_status
    raise HTTPError(http_error_msg, response=self)
requests.exceptions.HTTPError: 403 Client Error: Forbidden for url: https://agentseller.temu.com/api/kiana/mms/robin/searchForChainSupplier

During handling of the above exception, another exception occurred:

Traceback (most recent call last):
  File "D:\sd14\Temu_horizon\core\login.py", line 256, in run
    result = await self.run_once()
  File "D:\sd14\Temu_horizon\core\login.py", line 239, in run_once
    raise Exception("open_login_page 失败")
Exception: open_login_page 失败
2026-06-21 12:17:36,128 | INFO | temu_site | 1102-Temu全托管 - 已关闭Playwright连接
2026-06-21 12:17:37,125 | INFO | temu_site | 1102-Temu全托管 - 已发送停止浏览器请求
2026-06-21 12:17:37,126 | INFO | temu_site | 1102-Temu全托管 - 准备重试，等待 3 秒...
2026-06-21 12:17:40,135 | INFO | temu_site | 1102-Temu全托管 - 第 2 次登录尝试
2026-06-21 12:17:43,073 | INFO | temu_site | 1102-Temu全托管 - start_api 返回: {'code': 0, 'msg': 'Success', 'data': {'action': 'startBrowserByCode', 'backgroundPluginId': 'jelnoidfmcaagnefijmbgjihdibffamo', 'browserID': 100123686, 'browserPath': 'C:\\Users\\Administrator\\AppData\\Local\\env-kit\\Core\\chrome_64_131_202501091017\\hubstudio', 'debuggingPort': '55347', 'downloadPath': 'C:\\Users\\Administrator\\Desktop\\Hubstudio\\temu全托1102店', 'duplicate': 2506, 'ip': '125.122.156.184', 'isDynamicIp': False, 'launcherPage': 'about:blank', 'proxyType': 'socks5', 'runMode': 2, 'webdriver': 'C:\\Users\\Administrator\\AppData\\Local\\env-kit\\Core\\chrome_64_131_202501091017\\webdriver.exe', 'containerId': 100123686, 'containerCode': '1009236863', 'statusCode': '0', 'err': '成功(Success)'}}
2026-06-21 12:17:43,074 | INFO | temu_site | 1102-Temu全托管 - 浏览器启动成功, 调试端口: 55347
2026-06-21 12:17:44,859 | INFO | temu_site | 1102-Temu全托管 - 已连接浏览器
2026-06-21 12:17:44,872 | ERROR | temu_site | 1102-Temu全托管 - 打开登录页失败: Page.goto: net::ERR_ABORTED at https://seller.kuajingmaihuo.com/login
Call log:
  - navigating to "https://seller.kuajingmaihuo.com/login", waiting until "domcontentloaded"

2026-06-21 12:17:44,878 | ERROR | temu_site | 1102-Temu全托管 - 第 2 次失败: open_login_page 失败
Traceback (most recent call last):
  File "D:\sd14\Temu_horizon\core\base_client.py", line 62, in post
    resp.raise_for_status()
  File "C:\ProgramData\anaconda3\envs\spider310\lib\site-packages\requests\models.py", line 1026, in raise_for_status
    raise HTTPError(http_error_msg, response=self)
requests.exceptions.HTTPError: 403 Client Error: Forbidden for url: https://agentseller.temu.com/api/kiana/mms/robin/searchForChainSupplier

During handling of the above exception, another exception occurred:

Traceback (most recent call last):
  File "D:\sd14\Temu_horizon\core\login.py", line 256, in run
    result = await self.run_once()
  File "D:\sd14\Temu_horizon\core\login.py", line 239, in run_once
    raise Exception("open_login_page 失败")
Exception: open_login_page 失败
2026-06-21 12:17:44,902 | INFO | temu_site | 1102-Temu全托管 - 已关闭Playwright连接
2026-06-21 12:17:45,787 | INFO | temu_site | 1102-Temu全托管 - 已发送停止浏览器请求
2026-06-21 12:17:45,787 | INFO | temu_site | 1102-Temu全托管 - 准备重试，等待 3 秒...
2026-06-21 12:17:48,792 | INFO | temu_site | 1102-Temu全托管 - 第 3 次登录尝试
2026-06-21 12:17:51,836 | INFO | temu_site | 1102-Temu全托管 - start_api 返回: {'code': 0, 'msg': 'Success', 'data': {'action': 'startBrowserByCode', 'backgroundPluginId': 'jelnoidfmcaagnefijmbgjihdibffamo', 'browserID': 100123686, 'browserPath': 'C:\\Users\\Administrator\\AppData\\Local\\env-kit\\Core\\chrome_64_131_202501091017\\hubstudio', 'debuggingPort': '55450', 'downloadPath': 'C:\\Users\\Administrator\\Desktop\\Hubstudio\\temu全托1102店', 'duplicate': 2607, 'ip': '125.122.156.184', 'isDynamicIp': False, 'launcherPage': 'about:blank', 'proxyType': 'socks5', 'runMode': 2, 'webdriver': 'C:\\Users\\Administrator\\AppData\\Local\\env-kit\\Core\\chrome_64_131_202501091017\\webdriver.exe', 'containerId': 100123686, 'containerCode': '1009236863', 'statusCode': '0', 'err': '成功(Success)'}}
2026-06-21 12:17:51,836 | INFO | temu_site | 1102-Temu全托管 - 浏览器启动成功, 调试端口: 55450
2026-06-21 12:17:53,604 | INFO | temu_site | 1102-Temu全托管 - 已连接浏览器
2026-06-21 12:17:53,614 | ERROR | temu_site | 1102-Temu全托管 - 打开登录页失败: Page.goto: net::ERR_ABORTED at https://seller.kuajingmaihuo.com/login
Call log:
  - navigating to "https://seller.kuajingmaihuo.com/login", waiting until "domcontentloaded"

2026-06-21 12:17:53,616 | ERROR | temu_site | 1102-Temu全托管 - 第 3 次失败: open_login_page 失败
Traceback (most recent call last):
  File "D:\sd14\Temu_horizon\core\base_client.py", line 62, in post
    resp.raise_for_status()
  File "C:\ProgramData\anaconda3\envs\spider310\lib\site-packages\requests\models.py", line 1026, in raise_for_status
    raise HTTPError(http_error_msg, response=self)
requests.exceptions.HTTPError: 403 Client Error: Forbidden for url: https://agentseller.temu.com/api/kiana/mms/robin/searchForChainSupplier

During handling of the above exception, another exception occurred:

Traceback (most recent call last):
  File "D:\sd14\Temu_horizon\core\login.py", line 256, in run
    result = await self.run_once()
  File "D:\sd14\Temu_horizon\core\login.py", line 239, in run_once
    raise Exception("open_login_page 失败")
Exception: open_login_page 失败
2026-06-21 12:17:53,641 | INFO | temu_site | 1102-Temu全托管 - 已关闭Playwright连接
2026-06-21 12:17:54,581 | INFO | temu_site | 1102-Temu全托管 - 已发送停止浏览器请求
2026-06-21 12:17:54,582 | INFO | temu_site | 1102-Temu全托管 - 准备重试，等待 3 秒...
2026-06-21 12:17:57,587 | INFO | temu_site | 1102-Temu全托管 - 第 4 次登录尝试
2026-06-21 12:18:00,562 | INFO | temu_site | 1102-Temu全托管 - start_api 返回: {'code': 0, 'msg': 'Success', 'data': {'action': 'startBrowserByCode', 'backgroundPluginId': 'jelnoidfmcaagnefijmbgjihdibffamo', 'browserID': 100123686, 'browserPath': 'C:\\Users\\Administrator\\AppData\\Local\\env-kit\\Core\\chrome_64_131_202501091017\\hubstudio', 'debuggingPort': '55552', 'downloadPath': 'C:\\Users\\Administrator\\Desktop\\Hubstudio\\temu全托1102店', 'duplicate': 2469, 'ip': '125.122.156.184', 'isDynamicIp': False, 'launcherPage': 'about:blank', 'proxyType': 'socks5', 'runMode': 2, 'webdriver': 'C:\\Users\\Administrator\\AppData\\Local\\env-kit\\Core\\chrome_64_131_202501091017\\webdriver.exe', 'containerId': 100123686, 'containerCode': '1009236863', 'statusCode': '0', 'err': '成功(Success)'}}
2026-06-21 12:18:00,562 | INFO | temu_site | 1102-Temu全托管 - 浏览器启动成功, 调试端口: 55552
2026-06-21 12:18:02,315 | INFO | temu_site | 1102-Temu全托管 - 已连接浏览器
2026-06-21 12:18:02,327 | ERROR | temu_site | 1102-Temu全托管 - 打开登录页失败: Page.goto: net::ERR_ABORTED at https://seller.kuajingmaihuo.com/login
Call log:
  - navigating to "https://seller.kuajingmaihuo.com/login", waiting until "domcontentloaded"

2026-06-21 12:18:02,329 | ERROR | temu_site | 1102-Temu全托管 - 第 4 次失败: open_login_page 失败
Traceback (most recent call last):
  File "D:\sd14\Temu_horizon\core\base_client.py", line 62, in post
    resp.raise_for_status()
  File "C:\ProgramData\anaconda3\envs\spider310\lib\site-packages\requests\models.py", line 1026, in raise_for_status
    raise HTTPError(http_error_msg, response=self)
requests.exceptions.HTTPError: 403 Client Error: Forbidden for url: https://agentseller.temu.com/api/kiana/mms/robin/searchForChainSupplier

During handling of the above exception, another exception occurred:

Traceback (most recent call last):
  File "D:\sd14\Temu_horizon\core\login.py", line 256, in run
    result = await self.run_once()
  File "D:\sd14\Temu_horizon\core\login.py", line 239, in run_once
    raise Exception("open_login_page 失败")
Exception: open_login_page 失败
2026-06-21 12:18:02,356 | INFO | temu_site | 1102-Temu全托管 - 已关闭Playwright连接
2026-06-21 12:18:03,324 | INFO | temu_site | 1102-Temu全托管 - 已发送停止浏览器请求
2026-06-21 12:18:03,324 | INFO | temu_site | 1102-Temu全托管 - 准备重试，等待 3 秒...
2026-06-21 12:18:06,338 | INFO | temu_site | 1102-Temu全托管 - 第 5 次登录尝试
2026-06-21 12:18:09,515 | INFO | temu_site | 1102-Temu全托管 - start_api 返回: {'code': 0, 'msg': 'Success', 'data': {'action': 'startBrowserByCode', 'backgroundPluginId': 'jelnoidfmcaagnefijmbgjihdibffamo', 'browserID': 100123686, 'browserPath': 'C:\\Users\\Administrator\\AppData\\Local\\env-kit\\Core\\chrome_64_131_202501091017\\hubstudio', 'debuggingPort': '55649', 'downloadPath': 'C:\\Users\\Administrator\\Desktop\\Hubstudio\\temu全托1102店', 'duplicate': 2738, 'ip': '125.122.156.184', 'isDynamicIp': False, 'launcherPage': 'about:blank', 'proxyType': 'socks5', 'runMode': 2, 'webdriver': 'C:\\Users\\Administrator\\AppData\\Local\\env-kit\\Core\\chrome_64_131_202501091017\\webdriver.exe', 'containerId': 100123686, 'containerCode': '1009236863', 'statusCode': '0', 'err': '成功(Success)'}}
2026-06-21 12:18:09,516 | INFO | temu_site | 1102-Temu全托管 - 浏览器启动成功, 调试端口: 55649
2026-06-21 12:18:11,151 | INFO | temu_site | 1102-Temu全托管 - 已连接浏览器
2026-06-21 12:18:11,164 | ERROR | temu_site | 1102-Temu全托管 - 打开登录页失败: Page.goto: net::ERR_ABORTED at https://seller.kuajingmaihuo.com/login
Call log:
  - navigating to "https://seller.kuajingmaihuo.com/login", waiting until "domcontentloaded"

2026-06-21 12:18:11,171 | ERROR | temu_site | 1102-Temu全托管 - 第 5 次失败: open_login_page 失败
Traceback (most recent call last):
  File "D:\sd14\Temu_horizon\core\base_client.py", line 62, in post
    resp.raise_for_status()
  File "C:\ProgramData\anaconda3\envs\spider310\lib\site-packages\requests\models.py", line 1026, in raise_for_status
    raise HTTPError(http_error_msg, response=self)
requests.exceptions.HTTPError: 403 Client Error: Forbidden for url: https://agentseller.temu.com/api/kiana/mms/robin/searchForChainSupplier

During handling of the above exception, another exception occurred:

Traceback (most recent call last):
  File "D:\sd14\Temu_horizon\core\login.py", line 256, in run
    result = await self.run_once()
  File "D:\sd14\Temu_horizon\core\login.py", line 239, in run_once
    raise Exception("open_login_page 失败")
Exception: open_login_page 失败
2026-06-21 12:18:11,199 | INFO | temu_site | 1102-Temu全托管 - 已关闭Playwright连接
2026-06-21 12:18:12,070 | INFO | temu_site | 1102-Temu全托管 - 已发送停止浏览器请求
2026-06-21 12:18:12,070 | INFO | temu_site | 1102-Temu全托管 - 准备重试，等待 3 秒...
2026-06-21 12:18:15,084 | INFO | temu_site | 1102-Temu全托管 - 第 6 次登录尝试
2026-06-21 12:18:18,180 | INFO | temu_site | 1102-Temu全托管 - start_api 返回: {'code': 0, 'msg': 'Success', 'data': {'action': 'startBrowserByCode', 'backgroundPluginId': 'jelnoidfmcaagnefijmbgjihdibffamo', 'browserID': 100123686, 'browserPath': 'C:\\Users\\Administrator\\AppData\\Local\\env-kit\\Core\\chrome_64_131_202501091017\\hubstudio', 'debuggingPort': '55788', 'downloadPath': 'C:\\Users\\Administrator\\Desktop\\Hubstudio\\temu全托1102店', 'duplicate': 2698, 'ip': '125.122.156.184', 'isDynamicIp': False, 'launcherPage': 'about:blank', 'proxyType': 'socks5', 'runMode': 2, 'webdriver': 'C:\\Users\\Administrator\\AppData\\Local\\env-kit\\Core\\chrome_64_131_202501091017\\webdriver.exe', 'containerId': 100123686, 'containerCode': '1009236863', 'statusCode': '0', 'err': '成功(Success)'}}
2026-06-21 12:18:18,182 | INFO | temu_site | 1102-Temu全托管 - 浏览器启动成功, 调试端口: 55788
2026-06-21 12:18:19,821 | INFO | temu_site | 1102-Temu全托管 - 已连接浏览器
2026-06-21 12:18:20,129 | ERROR | temu_site | 1102-Temu全托管 - 打开登录页失败: Page.goto: net::ERR_CONNECTION_CLOSED at https://seller.kuajingmaihuo.com/login
Call log:
  - navigating to "https://seller.kuajingmaihuo.com/login", waiting until "domcontentloaded"

2026-06-21 12:18:20,129 | ERROR | temu_site | 1102-Temu全托管 - 第 6 次失败: open_login_page 失败
Traceback (most recent call last):
  File "D:\sd14\Temu_horizon\core\base_client.py", line 62, in post
    resp.raise_for_status()
  File "C:\ProgramData\anaconda3\envs\spider310\lib\site-packages\requests\models.py", line 1026, in raise_for_status
    raise HTTPError(http_error_msg, response=self)
requests.exceptions.HTTPError: 403 Client Error: Forbidden for url: https://agentseller.temu.com/api/kiana/mms/robin/searchForChainSupplier

During handling of the above exception, another exception occurred:

Traceback (most recent call last):
  File "D:\sd14\Temu_horizon\core\login.py", line 256, in run
    result = await self.run_once()
  File "D:\sd14\Temu_horizon\core\login.py", line 239, in run_once
    raise Exception("open_login_page 失败")
Exception: open_login_page 失败
2026-06-21 12:18:20,159 | INFO | temu_site | 1102-Temu全托管 - 已关闭Playwright连接
2026-06-21 12:18:21,033 | INFO | temu_site | 1102-Temu全托管 - 已发送停止浏览器请求
2026-06-21 12:18:21,033 | ERROR | temu_site | 1102-Temu全托管 - 登录失败，已达到最大重试次数 6
2026-06-21 12:18:21,034 | ERROR | temu_site | 处理店铺 1102-Temu全托管 时出错: [1102-Temu全托管] 登录失败
2026-06-21 12:18:21,036 | INFO | temu_site | 正在爬取店铺---1101-Temu全托管---skc_sku_violate数据
2026-06-21 12:18:23,190 | ERROR | temu_site | [1101-Temu全托管] 请求失败（第 1 次）: 403 Client Error: Forbidden for url: https://agentseller.temu.com/api/kiana/mms/robin/searchForChainSupplier
2026-06-21 12:18:23,191 | INFO | temu_site | 1101-Temu全托管 - 第 1 次登录尝试
2026-06-21 12:18:26,776 | INFO | temu_site | 1101-Temu全托管 - start_api 返回: {'code': 0, 'msg': 'Success', 'data': {'action': 'startBrowserByCode', 'backgroundPluginId': 'ckhldkgdmajoifldkandjekhofbghdfh', 'browserID': 100260927, 'browserPath': 'C:\\Users\\Administrator\\AppData\\Local\\env-kit\\Core\\chrome_64_131_202501091017\\hubstudio', 'debuggingPort': '55895', 'downloadPath': 'C:\\Users\\Administrator\\Desktop\\Hubstudio\\temu全托1101店', 'duplicate': 3182, 'ip': '124.225.4.69', 'isDynamicIp': False, 'launcherPage': 'about:blank', 'proxyType': 'socks5', 'runMode': 2, 'webdriver': 'C:\\Users\\Administrator\\AppData\\Local\\env-kit\\Core\\chrome_64_131_202501091017\\webdriver.exe', 'containerId': 100260927, 'containerCode': '1010609275', 'statusCode': '0', 'err': '成功(Success)'}}
2026-06-21 12:18:26,777 | INFO | temu_site | 1101-Temu全托管 - 浏览器启动成功, 调试端口: 55895
2026-06-21 12:18:28,424 | INFO | temu_site | 1101-Temu全托管 - 已连接浏览器
2026-06-21 12:18:28,436 | ERROR | temu_site | 1101-Temu全托管 - 打开登录页失败: Page.goto: net::ERR_ABORTED at https://seller.kuajingmaihuo.com/login
Call log:
  - navigating to "https://seller.kuajingmaihuo.com/login", waiting until "domcontentloaded"

2026-06-21 12:18:28,438 | ERROR | temu_site | 1101-Temu全托管 - 第 1 次失败: open_login_page 失败
Traceback (most recent call last):
  File "D:\sd14\Temu_horizon\core\base_client.py", line 62, in post
    resp.raise_for_status()
  File "C:\ProgramData\anaconda3\envs\spider310\lib\site-packages\requests\models.py", line 1026, in raise_for_status
    raise HTTPError(http_error_msg, response=self)
requests.exceptions.HTTPError: 403 Client Error: Forbidden for url: https://agentseller.temu.com/api/kiana/mms/robin/searchForChainSupplier

During handling of the above exception, another exception occurred:

Traceback (most recent call last):
  File "D:\sd14\Temu_horizon\core\login.py", line 256, in run
    result = await self.run_once()
  File "D:\sd14\Temu_horizon\core\login.py", line 239, in run_once
    raise Exception("open_login_page 失败")
Exception: open_login_page 失败
2026-06-21 12:18:28,458 | INFO | temu_site | 1101-Temu全托管 - 已关闭Playwright连接
2026-06-21 12:18:29,290 | INFO | temu_site | 1101-Temu全托管 - 已发送停止浏览器请求
2026-06-21 12:18:29,291 | INFO | temu_site | 1101-Temu全托管 - 准备重试，等待 3 秒...
2026-06-21 12:18:32,300 | INFO | temu_site | 1101-Temu全托管 - 第 2 次登录尝试
2026-06-21 12:18:35,027 | INFO | temu_site | 1101-Temu全托管 - start_api 返回: {'code': 0, 'msg': 'Success', 'data': {'action': 'startBrowserByCode', 'backgroundPluginId': 'ckhldkgdmajoifldkandjekhofbghdfh', 'browserID': 100260927, 'browserPath': 'C:\\Users\\Administrator\\AppData\\Local\\env-kit\\Core\\chrome_64_131_202501091017\\hubstudio', 'debuggingPort': '55995', 'downloadPath': 'C:\\Users\\Administrator\\Desktop\\Hubstudio\\temu全托1101店', 'duplicate': 2328, 'ip': '124.225.4.69', 'isDynamicIp': False, 'launcherPage': 'about:blank', 'proxyType': 'socks5', 'runMode': 2, 'webdriver': 'C:\\Users\\Administrator\\AppData\\Local\\env-kit\\Core\\chrome_64_131_202501091017\\webdriver.exe', 'containerId': 100260927, 'containerCode': '1010609275', 'statusCode': '0', 'err': '成功(Success)'}}
2026-06-21 12:18:35,028 | INFO | temu_site | 1101-Temu全托管 - 浏览器启动成功, 调试端口: 55995
2026-06-21 12:18:36,666 | INFO | temu_site | 1101-Temu全托管 - 已连接浏览器
2026-06-21 12:18:36,869 | ERROR | temu_site | 1101-Temu全托管 - 打开登录页失败: Page.goto: net::ERR_CONNECTION_CLOSED at https://seller.kuajingmaihuo.com/login
Call log:
  - navigating to "https://seller.kuajingmaihuo.com/login", waiting until "domcontentloaded"

2026-06-21 12:18:36,870 | ERROR | temu_site | 1101-Temu全托管 - 第 2 次失败: open_login_page 失败
Traceback (most recent call last):
  File "D:\sd14\Temu_horizon\core\base_client.py", line 62, in post
    resp.raise_for_status()
  File "C:\ProgramData\anaconda3\envs\spider310\lib\site-packages\requests\models.py", line 1026, in raise_for_status
    raise HTTPError(http_error_msg, response=self)
requests.exceptions.HTTPError: 403 Client Error: Forbidden for url: https://agentseller.temu.com/api/kiana/mms/robin/searchForChainSupplier

During handling of the above exception, another exception occurred:

Traceback (most recent call last):
  File "D:\sd14\Temu_horizon\core\login.py", line 256, in run
    result = await self.run_once()
  File "D:\sd14\Temu_horizon\core\login.py", line 239, in run_once
    raise Exception("open_login_page 失败")
Exception: open_login_page 失败
2026-06-21 12:18:36,901 | INFO | temu_site | 1101-Temu全托管 - 已关闭Playwright连接
2026-06-21 12:18:37,720 | INFO | temu_site | 1101-Temu全托管 - 已发送停止浏览器请求
2026-06-21 12:18:37,720 | INFO | temu_site | 1101-Temu全托管 - 准备重试，等待 3 秒...
2026-06-21 12:18:40,728 | INFO | temu_site | 1101-Temu全托管 - 第 3 次登录尝试
2026-06-21 12:18:43,536 | INFO | temu_site | 1101-Temu全托管 - start_api 返回: {'code': 0, 'msg': 'Success', 'data': {'action': 'startBrowserByCode', 'backgroundPluginId': 'ckhldkgdmajoifldkandjekhofbghdfh', 'browserID': 100260927, 'browserPath': 'C:\\Users\\Administrator\\AppData\\Local\\env-kit\\Core\\chrome_64_131_202501091017\\hubstudio', 'debuggingPort': '56104', 'downloadPath': 'C:\\Users\\Administrator\\Desktop\\Hubstudio\\temu全托1101店', 'duplicate': 2381, 'ip': '124.225.4.69', 'isDynamicIp': False, 'launcherPage': 'about:blank', 'proxyType': 'socks5', 'runMode': 2, 'webdriver': 'C:\\Users\\Administrator\\AppData\\Local\\env-kit\\Core\\chrome_64_131_202501091017\\webdriver.exe', 'containerId': 100260927, 'containerCode': '1010609275', 'statusCode': '0', 'err': '成功(Success)'}}
2026-06-21 12:18:43,537 | INFO | temu_site | 1101-Temu全托管 - 浏览器启动成功, 调试端口: 56104
2026-06-21 12:18:45,195 | INFO | temu_site | 1101-Temu全托管 - 已连接浏览器
2026-06-21 12:18:45,210 | ERROR | temu_site | 1101-Temu全托管 - 打开登录页失败: Page.goto: net::ERR_ABORTED at https://seller.kuajingmaihuo.com/login
Call log:
  - navigating to "https://seller.kuajingmaihuo.com/login", waiting until "domcontentloaded"

2026-06-21 12:18:45,211 | ERROR | temu_site | 1101-Temu全托管 - 第 3 次失败: open_login_page 失败
Traceback (most recent call last):
  File "D:\sd14\Temu_horizon\core\base_client.py", line 62, in post
    resp.raise_for_status()
  File "C:\ProgramData\anaconda3\envs\spider310\lib\site-packages\requests\models.py", line 1026, in raise_for_status
    raise HTTPError(http_error_msg, response=self)
requests.exceptions.HTTPError: 403 Client Error: Forbidden for url: https://agentseller.temu.com/api/kiana/mms/robin/searchForChainSupplier

During handling of the above exception, another exception occurred:

Traceback (most recent call last):
  File "D:\sd14\Temu_horizon\core\login.py", line 256, in run
    result = await self.run_once()
  File "D:\sd14\Temu_horizon\core\login.py", line 239, in run_once
    raise Exception("open_login_page 失败")
Exception: open_login_page 失败
2026-06-21 12:18:45,236 | INFO | temu_site | 1101-Temu全托管 - 已关闭Playwright连接
2026-06-21 12:18:46,021 | INFO | temu_site | 1101-Temu全托管 - 已发送停止浏览器请求
2026-06-21 12:18:46,023 | INFO | temu_site | 1101-Temu全托管 - 准备重试，等待 3 秒...
2026-06-21 12:18:49,038 | INFO | temu_site | 1101-Temu全托管 - 第 4 次登录尝试
2026-06-21 12:18:51,642 | INFO | temu_site | 1101-Temu全托管 - start_api 返回: {'code': 0, 'msg': 'Success', 'data': {'action': 'startBrowserByCode', 'backgroundPluginId': 'ckhldkgdmajoifldkandjekhofbghdfh', 'browserID': 100260927, 'browserPath': 'C:\\Users\\Administrator\\AppData\\Local\\env-kit\\Core\\chrome_64_131_202501091017\\hubstudio', 'debuggingPort': '56202', 'downloadPath': 'C:\\Users\\Administrator\\Desktop\\Hubstudio\\temu全托1101店', 'duplicate': 2240, 'ip': '124.225.4.69', 'isDynamicIp': False, 'launcherPage': 'about:blank', 'proxyType': 'socks5', 'runMode': 2, 'webdriver': 'C:\\Users\\Administrator\\AppData\\Local\\env-kit\\Core\\chrome_64_131_202501091017\\webdriver.exe', 'containerId': 100260927, 'containerCode': '1010609275', 'statusCode': '0', 'err': '成功(Success)'}}
2026-06-21 12:18:51,642 | INFO | temu_site | 1101-Temu全托管 - 浏览器启动成功, 调试端口: 56202
2026-06-21 12:18:53,297 | INFO | temu_site | 1101-Temu全托管 - 已连接浏览器
2026-06-21 12:18:53,309 | ERROR | temu_site | 1101-Temu全托管 - 打开登录页失败: Page.goto: net::ERR_ABORTED at https://seller.kuajingmaihuo.com/login
Call log:
  - navigating to "https://seller.kuajingmaihuo.com/login", waiting until "domcontentloaded"

2026-06-21 12:18:53,311 | ERROR | temu_site | 1101-Temu全托管 - 第 4 次失败: open_login_page 失败
Traceback (most recent call last):
  File "D:\sd14\Temu_horizon\core\base_client.py", line 62, in post
    resp.raise_for_status()
  File "C:\ProgramData\anaconda3\envs\spider310\lib\site-packages\requests\models.py", line 1026, in raise_for_status
    raise HTTPError(http_error_msg, response=self)
requests.exceptions.HTTPError: 403 Client Error: Forbidden for url: https://agentseller.temu.com/api/kiana/mms/robin/searchForChainSupplier

During handling of the above exception, another exception occurred:

Traceback (most recent call last):
  File "D:\sd14\Temu_horizon\core\login.py", line 256, in run
    result = await self.run_once()
  File "D:\sd14\Temu_horizon\core\login.py", line 239, in run_once
    raise Exception("open_login_page 失败")
Exception: open_login_page 失败
2026-06-21 12:18:53,337 | INFO | temu_site | 1101-Temu全托管 - 已关闭Playwright连接
2026-06-21 12:18:54,233 | INFO | temu_site | 1101-Temu全托管 - 已发送停止浏览器请求
2026-06-21 12:18:54,234 | INFO | temu_site | 1101-Temu全托管 - 准备重试，等待 3 秒...
2026-06-21 12:18:57,249 | INFO | temu_site | 1101-Temu全托管 - 第 5 次登录尝试
2026-06-21 12:19:00,197 | INFO | temu_site | 1101-Temu全托管 - start_api 返回: {'code': 0, 'msg': 'Success', 'data': {'action': 'startBrowserByCode', 'backgroundPluginId': 'ckhldkgdmajoifldkandjekhofbghdfh', 'browserID': 100260927, 'browserPath': 'C:\\Users\\Administrator\\AppData\\Local\\env-kit\\Core\\chrome_64_131_202501091017\\hubstudio', 'debuggingPort': '56302', 'downloadPath': 'C:\\Users\\Administrator\\Desktop\\Hubstudio\\temu全托1101店', 'duplicate': 2528, 'ip': '124.225.4.69', 'isDynamicIp': False, 'launcherPage': 'about:blank', 'proxyType': 'socks5', 'runMode': 2, 'webdriver': 'C:\\Users\\Administrator\\AppData\\Local\\env-kit\\Core\\chrome_64_131_202501091017\\webdriver.exe', 'containerId': 100260927, 'containerCode': '1010609275', 'statusCode': '0', 'err': '成功(Success)'}}
2026-06-21 12:19:00,197 | INFO | temu_site | 1101-Temu全托管 - 浏览器启动成功, 调试端口: 56302
2026-06-21 12:19:02,030 | INFO | temu_site | 1101-Temu全托管 - 已连接浏览器
2026-06-21 12:19:02,229 | ERROR | temu_site | 1101-Temu全托管 - 打开登录页失败: Page.goto: net::ERR_CONNECTION_CLOSED at https://seller.kuajingmaihuo.com/login
Call log:
  - navigating to "https://seller.kuajingmaihuo.com/login", waiting until "domcontentloaded"

2026-06-21 12:19:02,229 | ERROR | temu_site | 1101-Temu全托管 - 第 5 次失败: open_login_page 失败
Traceback (most recent call last):
  File "D:\sd14\Temu_horizon\core\base_client.py", line 62, in post
    resp.raise_for_status()
  File "C:\ProgramData\anaconda3\envs\spider310\lib\site-packages\requests\models.py", line 1026, in raise_for_status
    raise HTTPError(http_error_msg, response=self)
requests.exceptions.HTTPError: 403 Client Error: Forbidden for url: https://agentseller.temu.com/api/kiana/mms/robin/searchForChainSupplier

During handling of the above exception, another exception occurred:

Traceback (most recent call last):
  File "D:\sd14\Temu_horizon\core\login.py", line 256, in run
    result = await self.run_once()
  File "D:\sd14\Temu_horizon\core\login.py", line 239, in run_once
    raise Exception("open_login_page 失败")
Exception: open_login_page 失败
2026-06-21 12:19:02,258 | INFO | temu_site | 1101-Temu全托管 - 已关闭Playwright连接
2026-06-21 12:19:03,243 | INFO | temu_site | 1101-Temu全托管 - 已发送停止浏览器请求
2026-06-21 12:19:03,244 | INFO | temu_site | 1101-Temu全托管 - 准备重试，等待 3 秒...
2026-06-21 12:19:06,252 | INFO | temu_site | 1101-Temu全托管 - 第 6 次登录尝试
2026-06-21 12:19:09,322 | INFO | temu_site | 1101-Temu全托管 - start_api 返回: {'code': 0, 'msg': 'Success', 'data': {'action': 'startBrowserByCode', 'backgroundPluginId': 'ckhldkgdmajoifldkandjekhofbghdfh', 'browserID': 100260927, 'browserPath': 'C:\\Users\\Administrator\\AppData\\Local\\env-kit\\Core\\chrome_64_131_202501091017\\hubstudio', 'debuggingPort': '56409', 'downloadPath': 'C:\\Users\\Administrator\\Desktop\\Hubstudio\\temu全托1101店', 'duplicate': 2624, 'ip': '124.225.4.69', 'isDynamicIp': False, 'launcherPage': 'about:blank', 'proxyType': 'socks5', 'runMode': 2, 'webdriver': 'C:\\Users\\Administrator\\AppData\\Local\\env-kit\\Core\\chrome_64_131_202501091017\\webdriver.exe', 'containerId': 100260927, 'containerCode': '1010609275', 'statusCode': '0', 'err': '成功(Success)'}}
2026-06-21 12:19:09,322 | INFO | temu_site | 1101-Temu全托管 - 浏览器启动成功, 调试端口: 56409
2026-06-21 12:19:10,983 | INFO | temu_site | 1101-Temu全托管 - 已连接浏览器
2026-06-21 12:19:11,172 | ERROR | temu_site | 1101-Temu全托管 - 打开登录页失败: Page.goto: net::ERR_CONNECTION_CLOSED at https://seller.kuajingmaihuo.com/login
Call log:
  - navigating to "https://seller.kuajingmaihuo.com/login", waiting until "domcontentloaded"

2026-06-21 12:19:11,172 | ERROR | temu_site | 1101-Temu全托管 - 第 6 次失败: open_login_page 失败
Traceback (most recent call last):
  File "D:\sd14\Temu_horizon\core\base_client.py", line 62, in post
    resp.raise_for_status()
  File "C:\ProgramData\anaconda3\envs\spider310\lib\site-packages\requests\models.py", line 1026, in raise_for_status
    raise HTTPError(http_error_msg, response=self)
requests.exceptions.HTTPError: 403 Client Error: Forbidden for url: https://agentseller.temu.com/api/kiana/mms/robin/searchForChainSupplier

During handling of the above exception, another exception occurred:

Traceback (most recent call last):
  File "D:\sd14\Temu_horizon\core\login.py", line 256, in run
    result = await self.run_once()
  File "D:\sd14\Temu_horizon\core\login.py", line 239, in run_once
    raise Exception("open_login_page 失败")
Exception: open_login_page 失败
2026-06-21 12:19:11,197 | INFO | temu_site | 1101-Temu全托管 - 已关闭Playwright连接
2026-06-21 12:19:12,066 | INFO | temu_site | 1101-Temu全托管 - 已发送停止浏览器请求
2026-06-21 12:19:12,067 | ERROR | temu_site | 1101-Temu全托管 - 登录失败，已达到最大重试次数 6
2026-06-21 12:19:12,068 | ERROR | temu_site | 处理店铺 1101-Temu全托管 时出错: [1101-Temu全托管] 登录失败
2026-06-21 12:19:12,069 | INFO | temu_site | 正在爬取店铺---110-Temu全托管KA---skc_sku_violate数据
2026-06-21 12:19:13,088 | ERROR | temu_site | [110-Temu全托管KA] 请求失败（第 1 次）: 403 Client Error: Forbidden for url: https://agentseller.temu.com/api/kiana/mms/robin/searchForChainSupplier
2026-06-21 12:19:13,089 | INFO | temu_site | 110-Temu全托管KA - 第 1 次登录尝试
2026-06-21 12:19:16,861 | INFO | temu_site | 110-Temu全托管KA - start_api 返回: {'code': 0, 'msg': 'Success', 'data': {'action': 'startBrowserByCode', 'backgroundPluginId': 'komlifcoekddpkbgnlkbhoknnkcniofa', 'browserID': 104353651, 'browserPath': 'C:\\Users\\Administrator\\AppData\\Local\\env-kit\\Core\\chrome_64_131_202501091017\\hubstudio', 'debuggingPort': '56515', 'downloadPath': 'C:\\Users\\Administrator\\Desktop\\Hubstudio\\temu全托110号店+半托7号店', 'duplicate': 3283, 'ip': '121.14.201.248', 'isDynamicIp': False, 'launcherPage': 'about:blank', 'proxyType': 'socks5', 'runMode': 2, 'webdriver': 'C:\\Users\\Administrator\\AppData\\Local\\env-kit\\Core\\chrome_64_131_202501091017\\webdriver.exe', 'containerId': 104353651, 'containerCode': '1051536511', 'statusCode': '0', 'err': '成功(Success)'}}
2026-06-21 12:19:16,862 | INFO | temu_site | 110-Temu全托管KA - 浏览器启动成功, 调试端口: 56515
2026-06-21 12:19:18,514 | INFO | temu_site | 110-Temu全托管KA - 已连接浏览器
2026-06-21 12:19:18,527 | ERROR | temu_site | 110-Temu全托管KA - 打开登录页失败: Page.goto: net::ERR_ABORTED at https://seller.kuajingmaihuo.com/login
Call log:
  - navigating to "https://seller.kuajingmaihuo.com/login", waiting until "domcontentloaded"

2026-06-21 12:19:18,530 | ERROR | temu_site | 110-Temu全托管KA - 第 1 次失败: open_login_page 失败
Traceback (most recent call last):
  File "D:\sd14\Temu_horizon\core\base_client.py", line 62, in post
    resp.raise_for_status()
  File "C:\ProgramData\anaconda3\envs\spider310\lib\site-packages\requests\models.py", line 1026, in raise_for_status
    raise HTTPError(http_error_msg, response=self)
requests.exceptions.HTTPError: 403 Client Error: Forbidden for url: https://agentseller.temu.com/api/kiana/mms/robin/searchForChainSupplier

During handling of the above exception, another exception occurred:

Traceback (most recent call last):
  File "D:\sd14\Temu_horizon\core\login.py", line 256, in run
    result = await self.run_once()
  File "D:\sd14\Temu_horizon\core\login.py", line 239, in run_once
    raise Exception("open_login_page 失败")
Exception: open_login_page 失败
2026-06-21 12:19:18,553 | INFO | temu_site | 110-Temu全托管KA - 已关闭Playwright连接
2026-06-21 12:19:19,486 | INFO | temu_site | 110-Temu全托管KA - 已发送停止浏览器请求
2026-06-21 12:19:19,486 | INFO | temu_site | 110-Temu全托管KA - 准备重试，等待 3 秒...
2026-06-21 12:19:22,493 | INFO | temu_site | 110-Temu全托管KA - 第 2 次登录尝试
2026-06-21 12:19:25,518 | INFO | temu_site | 110-Temu全托管KA - start_api 返回: {'code': 0, 'msg': 'Success', 'data': {'action': 'startBrowserByCode', 'backgroundPluginId': 'komlifcoekddpkbgnlkbhoknnkcniofa', 'browserID': 104353651, 'browserPath': 'C:\\Users\\Administrator\\AppData\\Local\\env-kit\\Core\\chrome_64_131_202501091017\\hubstudio', 'debuggingPort': '56619', 'downloadPath': 'C:\\Users\\Administrator\\Desktop\\Hubstudio\\temu全托110号店+半托7号店', 'duplicate': 2586, 'ip': '121.14.201.248', 'isDynamicIp': False, 'launcherPage': 'about:blank', 'proxyType': 'socks5', 'runMode': 2, 'webdriver': 'C:\\Users\\Administrator\\AppData\\Local\\env-kit\\Core\\chrome_64_131_202501091017\\webdriver.exe', 'containerId': 104353651, 'containerCode': '1051536511', 'statusCode': '0', 'err': '成功(Success)'}}
2026-06-21 12:19:25,519 | INFO | temu_site | 110-Temu全托管KA - 浏览器启动成功, 调试端口: 56619
2026-06-21 12:19:27,155 | INFO | temu_site | 110-Temu全托管KA - 已连接浏览器
2026-06-21 12:19:27,168 | ERROR | temu_site | 110-Temu全托管KA - 打开登录页失败: Page.goto: net::ERR_ABORTED at https://seller.kuajingmaihuo.com/login
Call log:
  - navigating to "https://seller.kuajingmaihuo.com/login", waiting until "domcontentloaded"

2026-06-21 12:19:27,172 | ERROR | temu_site | 110-Temu全托管KA - 第 2 次失败: open_login_page 失败
Traceback (most recent call last):
  File "D:\sd14\Temu_horizon\core\base_client.py", line 62, in post
    resp.raise_for_status()
  File "C:\ProgramData\anaconda3\envs\spider310\lib\site-packages\requests\models.py", line 1026, in raise_for_status
    raise HTTPError(http_error_msg, response=self)
requests.exceptions.HTTPError: 403 Client Error: Forbidden for url: https://agentseller.temu.com/api/kiana/mms/robin/searchForChainSupplier

During handling of the above exception, another exception occurred:

Traceback (most recent call last):
  File "D:\sd14\Temu_horizon\core\login.py", line 256, in run
    result = await self.run_once()
  File "D:\sd14\Temu_horizon\core\login.py", line 239, in run_once
    raise Exception("open_login_page 失败")
Exception: open_login_page 失败
2026-06-21 12:19:27,194 | INFO | temu_site | 110-Temu全托管KA - 已关闭Playwright连接
2026-06-21 12:19:28,119 | INFO | temu_site | 110-Temu全托管KA - 已发送停止浏览器请求
2026-06-21 12:19:28,120 | INFO | temu_site | 110-Temu全托管KA - 准备重试，等待 3 秒...
2026-06-21 12:19:31,121 | INFO | temu_site | 110-Temu全托管KA - 第 3 次登录尝试
2026-06-21 12:19:34,278 | INFO | temu_site | 110-Temu全托管KA - start_api 返回: {'code': 0, 'msg': 'Success', 'data': {'action': 'startBrowserByCode', 'backgroundPluginId': 'komlifcoekddpkbgnlkbhoknnkcniofa', 'browserID': 104353651, 'browserPath': 'C:\\Users\\Administrator\\AppData\\Local\\env-kit\\Core\\chrome_64_131_202501091017\\hubstudio', 'debuggingPort': '56720', 'downloadPath': 'C:\\Users\\Administrator\\Desktop\\Hubstudio\\temu全托110号店+半托7号店', 'duplicate': 2758, 'ip': '121.14.201.248', 'isDynamicIp': False, 'launcherPage': 'about:blank', 'proxyType': 'socks5', 'runMode': 2, 'webdriver': 'C:\\Users\\Administrator\\AppData\\Local\\env-kit\\Core\\chrome_64_131_202501091017\\webdriver.exe', 'containerId': 104353651, 'containerCode': '1051536511', 'statusCode': '0', 'err': '成功(Success)'}}
2026-06-21 12:19:34,279 | INFO | temu_site | 110-Temu全托管KA - 浏览器启动成功, 调试端口: 56720
2026-06-21 12:19:35,910 | INFO | temu_site | 110-Temu全托管KA - 已连接浏览器
2026-06-21 12:19:35,922 | ERROR | temu_site | 110-Temu全托管KA - 打开登录页失败: Page.goto: net::ERR_ABORTED at https://seller.kuajingmaihuo.com/login
Call log:
  - navigating to "https://seller.kuajingmaihuo.com/login", waiting until "domcontentloaded"

2026-06-21 12:19:35,923 | ERROR | temu_site | 110-Temu全托管KA - 第 3 次失败: open_login_page 失败
Traceback (most recent call last):
  File "D:\sd14\Temu_horizon\core\base_client.py", line 62, in post
    resp.raise_for_status()
  File "C:\ProgramData\anaconda3\envs\spider310\lib\site-packages\requests\models.py", line 1026, in raise_for_status
    raise HTTPError(http_error_msg, response=self)
requests.exceptions.HTTPError: 403 Client Error: Forbidden for url: https://agentseller.temu.com/api/kiana/mms/robin/searchForChainSupplier

During handling of the above exception, another exception occurred:

Traceback (most recent call last):
  File "D:\sd14\Temu_horizon\core\login.py", line 256, in run
    result = await self.run_once()
  File "D:\sd14\Temu_horizon\core\login.py", line 239, in run_once
    raise Exception("open_login_page 失败")
Exception: open_login_page 失败
2026-06-21 12:19:35,952 | INFO | temu_site | 110-Temu全托管KA - 已关闭Playwright连接
2026-06-21 12:19:36,888 | INFO | temu_site | 110-Temu全托管KA - 已发送停止浏览器请求
2026-06-21 12:19:36,888 | INFO | temu_site | 110-Temu全托管KA - 准备重试，等待 3 秒...
2026-06-21 12:19:39,898 | INFO | temu_site | 110-Temu全托管KA - 第 4 次登录尝试
2026-06-21 12:19:43,188 | INFO | temu_site | 110-Temu全托管KA - start_api 返回: {'code': 0, 'msg': 'Success', 'data': {'action': 'startBrowserByCode', 'backgroundPluginId': 'komlifcoekddpkbgnlkbhoknnkcniofa', 'browserID': 104353651, 'browserPath': 'C:\\Users\\Administrator\\AppData\\Local\\env-kit\\Core\\chrome_64_131_202501091017\\hubstudio', 'debuggingPort': '56848', 'downloadPath': 'C:\\Users\\Administrator\\Desktop\\Hubstudio\\temu全托110号店+半托7号店', 'duplicate': 2717, 'ip': '121.14.201.248', 'isDynamicIp': False, 'launcherPage': 'about:blank', 'proxyType': 'socks5', 'runMode': 2, 'webdriver': 'C:\\Users\\Administrator\\AppData\\Local\\env-kit\\Core\\chrome_64_131_202501091017\\webdriver.exe', 'containerId': 104353651, 'containerCode': '1051536511', 'statusCode': '0', 'err': '成功(Success)'}}
2026-06-21 12:19:43,188 | INFO | temu_site | 110-Temu全托管KA - 浏览器启动成功, 调试端口: 56848
2026-06-21 12:19:44,822 | INFO | temu_site | 110-Temu全托管KA - 已连接浏览器
2026-06-21 12:19:44,833 | ERROR | temu_site | 110-Temu全托管KA - 打开登录页失败: Page.goto: net::ERR_ABORTED at https://seller.kuajingmaihuo.com/login
Call log:
  - navigating to "https://seller.kuajingmaihuo.com/login", waiting until "domcontentloaded"

2026-06-21 12:19:44,834 | ERROR | temu_site | 110-Temu全托管KA - 第 4 次失败: open_login_page 失败
Traceback (most recent call last):
  File "D:\sd14\Temu_horizon\core\base_client.py", line 62, in post
    resp.raise_for_status()
  File "C:\ProgramData\anaconda3\envs\spider310\lib\site-packages\requests\models.py", line 1026, in raise_for_status
    raise HTTPError(http_error_msg, response=self)
requests.exceptions.HTTPError: 403 Client Error: Forbidden for url: https://agentseller.temu.com/api/kiana/mms/robin/searchForChainSupplier

During handling of the above exception, another exception occurred:

Traceback (most recent call last):
  File "D:\sd14\Temu_horizon\core\login.py", line 256, in run
    result = await self.run_once()
  File "D:\sd14\Temu_horizon\core\login.py", line 239, in run_once
    raise Exception("open_login_page 失败")
Exception: open_login_page 失败
2026-06-21 12:19:44,859 | INFO | temu_site | 110-Temu全托管KA - 已关闭Playwright连接
2026-06-21 12:19:45,829 | INFO | temu_site | 110-Temu全托管KA - 已发送停止浏览器请求
2026-06-21 12:19:45,829 | INFO | temu_site | 110-Temu全托管KA - 准备重试，等待 3 秒...
2026-06-21 12:19:48,843 | INFO | temu_site | 110-Temu全托管KA - 第 5 次登录尝试
2026-06-21 12:19:52,018 | INFO | temu_site | 110-Temu全托管KA - start_api 返回: {'code': 0, 'msg': 'Success', 'data': {'action': 'startBrowserByCode', 'backgroundPluginId': 'komlifcoekddpkbgnlkbhoknnkcniofa', 'browserID': 104353651, 'browserPath': 'C:\\Users\\Administrator\\AppData\\Local\\env-kit\\Core\\chrome_64_131_202501091017\\hubstudio', 'debuggingPort': '56955', 'downloadPath': 'C:\\Users\\Administrator\\Desktop\\Hubstudio\\temu全托110号店+半托7号店', 'duplicate': 2770, 'ip': '121.14.201.248', 'isDynamicIp': False, 'launcherPage': 'about:blank', 'proxyType': 'socks5', 'runMode': 2, 'webdriver': 'C:\\Users\\Administrator\\AppData\\Local\\env-kit\\Core\\chrome_64_131_202501091017\\webdriver.exe', 'containerId': 104353651, 'containerCode': '1051536511', 'statusCode': '0', 'err': '成功(Success)'}}
2026-06-21 12:19:52,018 | INFO | temu_site | 110-Temu全托管KA - 浏览器启动成功, 调试端口: 56955
2026-06-21 12:19:53,650 | INFO | temu_site | 110-Temu全托管KA - 已连接浏览器
2026-06-21 12:19:53,783 | ERROR | temu_site | 110-Temu全托管KA - 打开登录页失败: Page.goto: net::ERR_CONNECTION_CLOSED at https://seller.kuajingmaihuo.com/login
Call log:
  - navigating to "https://seller.kuajingmaihuo.com/login", waiting until "domcontentloaded"

2026-06-21 12:19:53,783 | ERROR | temu_site | 110-Temu全托管KA - 第 5 次失败: open_login_page 失败
Traceback (most recent call last):
  File "D:\sd14\Temu_horizon\core\base_client.py", line 62, in post
    resp.raise_for_status()
  File "C:\ProgramData\anaconda3\envs\spider310\lib\site-packages\requests\models.py", line 1026, in raise_for_status
    raise HTTPError(http_error_msg, response=self)
requests.exceptions.HTTPError: 403 Client Error: Forbidden for url: https://agentseller.temu.com/api/kiana/mms/robin/searchForChainSupplier

During handling of the above exception, another exception occurred:

Traceback (most recent call last):
  File "D:\sd14\Temu_horizon\core\login.py", line 256, in run
    result = await self.run_once()
  File "D:\sd14\Temu_horizon\core\login.py", line 239, in run_once
    raise Exception("open_login_page 失败")
Exception: open_login_page 失败
2026-06-21 12:19:53,809 | INFO | temu_site | 110-Temu全托管KA - 已关闭Playwright连接
2026-06-21 12:19:54,755 | INFO | temu_site | 110-Temu全托管KA - 已发送停止浏览器请求
2026-06-21 12:19:54,756 | INFO | temu_site | 110-Temu全托管KA - 准备重试，等待 3 秒...
2026-06-21 12:19:57,768 | INFO | temu_site | 110-Temu全托管KA - 第 6 次登录尝试
2026-06-21 12:20:00,652 | INFO | temu_site | 110-Temu全托管KA - start_api 返回: {'code': 0, 'msg': 'Success', 'data': {'action': 'startBrowserByCode', 'backgroundPluginId': 'komlifcoekddpkbgnlkbhoknnkcniofa', 'browserID': 104353651, 'browserPath': 'C:\\Users\\Administrator\\AppData\\Local\\env-kit\\Core\\chrome_64_131_202501091017\\hubstudio', 'debuggingPort': '57064', 'downloadPath': 'C:\\Users\\Administrator\\Desktop\\Hubstudio\\temu全托110号店+半托7号店', 'duplicate': 2456, 'ip': '121.14.201.248', 'isDynamicIp': False, 'launcherPage': 'about:blank', 'proxyType': 'socks5', 'runMode': 2, 'webdriver': 'C:\\Users\\Administrator\\AppData\\Local\\env-kit\\Core\\chrome_64_131_202501091017\\webdriver.exe', 'containerId': 104353651, 'containerCode': '1051536511', 'statusCode': '0', 'err': '成功(Success)'}}
2026-06-21 12:20:00,652 | INFO | temu_site | 110-Temu全托管KA - 浏览器启动成功, 调试端口: 57064
2026-06-21 12:20:02,286 | INFO | temu_site | 110-Temu全托管KA - 已连接浏览器
2026-06-21 12:20:02,297 | ERROR | temu_site | 110-Temu全托管KA - 打开登录页失败: Page.goto: net::ERR_ABORTED at https://seller.kuajingmaihuo.com/login
Call log:
  - navigating to "https://seller.kuajingmaihuo.com/login", waiting until "domcontentloaded"

2026-06-21 12:20:02,301 | ERROR | temu_site | 110-Temu全托管KA - 第 6 次失败: open_login_page 失败
Traceback (most recent call last):
  File "D:\sd14\Temu_horizon\core\base_client.py", line 62, in post
    resp.raise_for_status()
  File "C:\ProgramData\anaconda3\envs\spider310\lib\site-packages\requests\models.py", line 1026, in raise_for_status
    raise HTTPError(http_error_msg, response=self)
requests.exceptions.HTTPError: 403 Client Error: Forbidden for url: https://agentseller.temu.com/api/kiana/mms/robin/searchForChainSupplier

During handling of the above exception, another exception occurred:

Traceback (most recent call last):
  File "D:\sd14\Temu_horizon\core\login.py", line 256, in run
    result = await self.run_once()
  File "D:\sd14\Temu_horizon\core\login.py", line 239, in run_once
    raise Exception("open_login_page 失败")
Exception: open_login_page 失败
2026-06-21 12:20:02,321 | INFO | temu_site | 110-Temu全托管KA - 已关闭Playwright连接
2026-06-21 12:20:03,230 | INFO | temu_site | 110-Temu全托管KA - 已发送停止浏览器请求
2026-06-21 12:20:03,231 | ERROR | temu_site | 110-Temu全托管KA - 登录失败，已达到最大重试次数 6
2026-06-21 12:20:03,232 | ERROR | temu_site | 处理店铺 110-Temu全托管KA 时出错: [110-Temu全托管KA] 登录失败
2026-06-21 12:20:03,234 | INFO | temu_site | 正在爬取店铺---109-Temu全托管KA---skc_sku_violate数据
2026-06-21 12:20:04,259 | ERROR | temu_site | [109-Temu全托管KA] 请求失败（第 1 次）: 403 Client Error: Forbidden for url: https://agentseller.temu.com/api/kiana/mms/robin/searchForChainSupplier
2026-06-21 12:20:04,259 | INFO | temu_site | 109-Temu全托管KA - 第 1 次登录尝试
2026-06-21 12:20:07,629 | INFO | temu_site | 109-Temu全托管KA - start_api 返回: {'code': 0, 'msg': 'Success', 'data': {'action': 'startBrowserByCode', 'backgroundPluginId': 'ohiahjpnifkljncpockjijkdiohieojm', 'browserID': 104329439, 'browserPath': 'C:\\Users\\Administrator\\AppData\\Local\\env-kit\\Core\\chrome_64_131_202501091017\\hubstudio', 'debuggingPort': '57168', 'downloadPath': 'C:\\Users\\Administrator\\Desktop\\Hubstudio\\temu全托109+半托3号-Geeray', 'duplicate': 2923, 'ip': '124.236.76.149', 'isDynamicIp': False, 'launcherPage': 'about:blank', 'proxyType': 'socks5', 'runMode': 2, 'webdriver': 'C:\\Users\\Administrator\\AppData\\Local\\env-kit\\Core\\chrome_64_131_202501091017\\webdriver.exe', 'containerId': 104329439, 'containerCode': '1051294393', 'statusCode': '0', 'err': '成功(Success)'}}
2026-06-21 12:20:07,630 | INFO | temu_site | 109-Temu全托管KA - 浏览器启动成功, 调试端口: 57168
2026-06-21 12:20:09,260 | INFO | temu_site | 109-Temu全托管KA - 已连接浏览器
2026-06-21 12:20:09,732 | ERROR | temu_site | 109-Temu全托管KA - 打开登录页失败: Page.goto: net::ERR_CONNECTION_CLOSED at https://seller.kuajingmaihuo.com/login
Call log:
  - navigating to "https://seller.kuajingmaihuo.com/login", waiting until "domcontentloaded"

2026-06-21 12:20:09,733 | ERROR | temu_site | 109-Temu全托管KA - 第 1 次失败: open_login_page 失败
Traceback (most recent call last):
  File "D:\sd14\Temu_horizon\core\base_client.py", line 62, in post
    resp.raise_for_status()
  File "C:\ProgramData\anaconda3\envs\spider310\lib\site-packages\requests\models.py", line 1026, in raise_for_status
    raise HTTPError(http_error_msg, response=self)
requests.exceptions.HTTPError: 403 Client Error: Forbidden for url: https://agentseller.temu.com/api/kiana/mms/robin/searchForChainSupplier

During handling of the above exception, another exception occurred:

Traceback (most recent call last):
  File "D:\sd14\Temu_horizon\core\login.py", line 256, in run
    result = await self.run_once()
  File "D:\sd14\Temu_horizon\core\login.py", line 239, in run_once
    raise Exception("open_login_page 失败")
Exception: open_login_page 失败
2026-06-21 12:20:09,756 | INFO | temu_site | 109-Temu全托管KA - 已关闭Playwright连接
2026-06-21 12:20:10,762 | INFO | temu_site | 109-Temu全托管KA - 已发送停止浏览器请求
2026-06-21 12:20:10,762 | INFO | temu_site | 109-Temu全托管KA - 准备重试，等待 3 秒...
2026-06-21 12:20:13,778 | INFO | temu_site | 109-Temu全托管KA - 第 2 次登录尝试
2026-06-21 12:20:16,932 | INFO | temu_site | 109-Temu全托管KA - start_api 返回: {'code': 0, 'msg': 'Success', 'data': {'action': 'startBrowserByCode', 'backgroundPluginId': 'ohiahjpnifkljncpockjijkdiohieojm', 'browserID': 104329439, 'browserPath': 'C:\\Users\\Administrator\\AppData\\Local\\env-kit\\Core\\chrome_64_131_202501091017\\hubstudio', 'debuggingPort': '57278', 'downloadPath': 'C:\\Users\\Administrator\\Desktop\\Hubstudio\\temu全托109+半托3号-Geeray', 'duplicate': 2715, 'ip': '124.236.76.149', 'isDynamicIp': False, 'launcherPage': 'about:blank', 'proxyType': 'socks5', 'runMode': 2, 'webdriver': 'C:\\Users\\Administrator\\AppData\\Local\\env-kit\\Core\\chrome_64_131_202501091017\\webdriver.exe', 'containerId': 104329439, 'containerCode': '1051294393', 'statusCode': '0', 'err': '成功(Success)'}}
2026-06-21 12:20:16,932 | INFO | temu_site | 109-Temu全托管KA - 浏览器启动成功, 调试端口: 57278
2026-06-21 12:20:18,586 | INFO | temu_site | 109-Temu全托管KA - 已连接浏览器
2026-06-21 12:20:18,596 | ERROR | temu_site | 109-Temu全托管KA - 打开登录页失败: Page.goto: net::ERR_ABORTED at https://seller.kuajingmaihuo.com/login
Call log:
  - navigating to "https://seller.kuajingmaihuo.com/login", waiting until "domcontentloaded"

2026-06-21 12:20:18,597 | ERROR | temu_site | 109-Temu全托管KA - 第 2 次失败: open_login_page 失败
Traceback (most recent call last):
  File "D:\sd14\Temu_horizon\core\base_client.py", line 62, in post
    resp.raise_for_status()
  File "C:\ProgramData\anaconda3\envs\spider310\lib\site-packages\requests\models.py", line 1026, in raise_for_status
    raise HTTPError(http_error_msg, response=self)
requests.exceptions.HTTPError: 403 Client Error: Forbidden for url: https://agentseller.temu.com/api/kiana/mms/robin/searchForChainSupplier

During handling of the above exception, another exception occurred:

Traceback (most recent call last):
  File "D:\sd14\Temu_horizon\core\login.py", line 256, in run
    result = await self.run_once()
  File "D:\sd14\Temu_horizon\core\login.py", line 239, in run_once
    raise Exception("open_login_page 失败")
Exception: open_login_page 失败
2026-06-21 12:20:18,626 | INFO | temu_site | 109-Temu全托管KA - 已关闭Playwright连接
2026-06-21 12:20:19,553 | INFO | temu_site | 109-Temu全托管KA - 已发送停止浏览器请求
2026-06-21 12:20:19,553 | INFO | temu_site | 109-Temu全托管KA - 准备重试，等待 3 秒...
2026-06-21 12:20:22,560 | INFO | temu_site | 109-Temu全托管KA - 第 3 次登录尝试
2026-06-21 12:20:25,483 | INFO | temu_site | 109-Temu全托管KA - start_api 返回: {'code': 0, 'msg': 'Success', 'data': {'action': 'startBrowserByCode', 'backgroundPluginId': 'ohiahjpnifkljncpockjijkdiohieojm', 'browserID': 104329439, 'browserPath': 'C:\\Users\\Administrator\\AppData\\Local\\env-kit\\Core\\chrome_64_131_202501091017\\hubstudio', 'debuggingPort': '57395', 'downloadPath': 'C:\\Users\\Administrator\\Desktop\\Hubstudio\\temu全托109+半托3号-Geeray', 'duplicate': 2482, 'ip': '124.236.76.149', 'isDynamicIp': False, 'launcherPage': 'about:blank', 'proxyType': 'socks5', 'runMode': 2, 'webdriver': 'C:\\Users\\Administrator\\AppData\\Local\\env-kit\\Core\\chrome_64_131_202501091017\\webdriver.exe', 'containerId': 104329439, 'containerCode': '1051294393', 'statusCode': '0', 'err': '成功(Success)'}}
2026-06-21 12:20:25,484 | INFO | temu_site | 109-Temu全托管KA - 浏览器启动成功, 调试端口: 57395
2026-06-21 12:20:27,126 | INFO | temu_site | 109-Temu全托管KA - 已连接浏览器
2026-06-21 12:20:27,137 | ERROR | temu_site | 109-Temu全托管KA - 打开登录页失败: Page.goto: net::ERR_ABORTED at https://seller.kuajingmaihuo.com/login
Call log:
  - navigating to "https://seller.kuajingmaihuo.com/login", waiting until "domcontentloaded"

2026-06-21 12:20:27,140 | ERROR | temu_site | 109-Temu全托管KA - 第 3 次失败: open_login_page 失败
Traceback (most recent call last):
  File "D:\sd14\Temu_horizon\core\base_client.py", line 62, in post
    resp.raise_for_status()
  File "C:\ProgramData\anaconda3\envs\spider310\lib\site-packages\requests\models.py", line 1026, in raise_for_status
    raise HTTPError(http_error_msg, response=self)
requests.exceptions.HTTPError: 403 Client Error: Forbidden for url: https://agentseller.temu.com/api/kiana/mms/robin/searchForChainSupplier

During handling of the above exception, another exception occurred:

Traceback (most recent call last):
  File "D:\sd14\Temu_horizon\core\login.py", line 256, in run
    result = await self.run_once()
  File "D:\sd14\Temu_horizon\core\login.py", line 239, in run_once
    raise Exception("open_login_page 失败")
Exception: open_login_page 失败
2026-06-21 12:20:27,166 | INFO | temu_site | 109-Temu全托管KA - 已关闭Playwright连接
2026-06-21 12:20:28,034 | INFO | temu_site | 109-Temu全托管KA - 已发送停止浏览器请求
2026-06-21 12:20:28,034 | INFO | temu_site | 109-Temu全托管KA - 准备重试，等待 3 秒...
2026-06-21 12:20:31,045 | INFO | temu_site | 109-Temu全托管KA - 第 4 次登录尝试
2026-06-21 12:20:34,214 | INFO | temu_site | 109-Temu全托管KA - start_api 返回: {'code': 0, 'msg': 'Success', 'data': {'action': 'startBrowserByCode', 'backgroundPluginId': 'ohiahjpnifkljncpockjijkdiohieojm', 'browserID': 104329439, 'browserPath': 'C:\\Users\\Administrator\\AppData\\Local\\env-kit\\Core\\chrome_64_131_202501091017\\hubstudio', 'debuggingPort': '57512', 'downloadPath': 'C:\\Users\\Administrator\\Desktop\\Hubstudio\\temu全托109+半托3号-Geeray', 'duplicate': 2694, 'ip': '124.236.76.149', 'isDynamicIp': False, 'launcherPage': 'about:blank', 'proxyType': 'socks5', 'runMode': 2, 'webdriver': 'C:\\Users\\Administrator\\AppData\\Local\\env-kit\\Core\\chrome_64_131_202501091017\\webdriver.exe', 'containerId': 104329439, 'containerCode': '1051294393', 'statusCode': '0', 'err': '成功(Success)'}}
2026-06-21 12:20:34,214 | INFO | temu_site | 109-Temu全托管KA - 浏览器启动成功, 调试端口: 57512
2026-06-21 12:20:36,760 | INFO | temu_site | 109-Temu全托管KA - 已连接浏览器
2026-06-21 12:20:36,774 | ERROR | temu_site | 109-Temu全托管KA - 打开登录页失败: Page.goto: net::ERR_ABORTED at https://seller.kuajingmaihuo.com/login
Call log:
  - navigating to "https://seller.kuajingmaihuo.com/login", waiting until "domcontentloaded"

2026-06-21 12:20:36,775 | ERROR | temu_site | 109-Temu全托管KA - 第 4 次失败: open_login_page 失败
Traceback (most recent call last):
  File "D:\sd14\Temu_horizon\core\base_client.py", line 62, in post
    resp.raise_for_status()
  File "C:\ProgramData\anaconda3\envs\spider310\lib\site-packages\requests\models.py", line 1026, in raise_for_status
    raise HTTPError(http_error_msg, response=self)
requests.exceptions.HTTPError: 403 Client Error: Forbidden for url: https://agentseller.temu.com/api/kiana/mms/robin/searchForChainSupplier

During handling of the above exception, another exception occurred:

Traceback (most recent call last):
  File "D:\sd14\Temu_horizon\core\login.py", line 256, in run
    result = await self.run_once()
  File "D:\sd14\Temu_horizon\core\login.py", line 239, in run_once
    raise Exception("open_login_page 失败")
Exception: open_login_page 失败
2026-06-21 12:20:36,803 | INFO | temu_site | 109-Temu全托管KA - 已关闭Playwright连接
2026-06-21 12:20:37,774 | INFO | temu_site | 109-Temu全托管KA - 已发送停止浏览器请求
2026-06-21 12:20:37,774 | INFO | temu_site | 109-Temu全托管KA - 准备重试，等待 3 秒...
2026-06-21 12:20:40,778 | INFO | temu_site | 109-Temu全托管KA - 第 5 次登录尝试
2026-06-21 12:20:43,707 | INFO | temu_site | 109-Temu全托管KA - start_api 返回: {'code': 0, 'msg': 'Success', 'data': {'action': 'startBrowserByCode', 'backgroundPluginId': 'ohiahjpnifkljncpockjijkdiohieojm', 'browserID': 104329439, 'browserPath': 'C:\\Users\\Administrator\\AppData\\Local\\env-kit\\Core\\chrome_64_131_202501091017\\hubstudio', 'debuggingPort': '57633', 'downloadPath': 'C:\\Users\\Administrator\\Desktop\\Hubstudio\\temu全托109+半托3号-Geeray', 'duplicate': 2495, 'ip': '124.236.76.149', 'isDynamicIp': False, 'launcherPage': 'about:blank', 'proxyType': 'socks5', 'runMode': 2, 'webdriver': 'C:\\Users\\Administrator\\AppData\\Local\\env-kit\\Core\\chrome_64_131_202501091017\\webdriver.exe', 'containerId': 104329439, 'containerCode': '1051294393', 'statusCode': '0', 'err': '成功(Success)'}}
2026-06-21 12:20:43,707 | INFO | temu_site | 109-Temu全托管KA - 浏览器启动成功, 调试端口: 57633
2026-06-21 12:20:45,369 | INFO | temu_site | 109-Temu全托管KA - 已连接浏览器
2026-06-21 12:20:45,912 | ERROR | temu_site | 109-Temu全托管KA - 打开登录页失败: Page.goto: net::ERR_CONNECTION_CLOSED at https://seller.kuajingmaihuo.com/login
Call log:
  - navigating to "https://seller.kuajingmaihuo.com/login", waiting until "domcontentloaded"

2026-06-21 12:20:45,913 | ERROR | temu_site | 109-Temu全托管KA - 第 5 次失败: open_login_page 失败
Traceback (most recent call last):
  File "D:\sd14\Temu_horizon\core\base_client.py", line 62, in post
    resp.raise_for_status()
  File "C:\ProgramData\anaconda3\envs\spider310\lib\site-packages\requests\models.py", line 1026, in raise_for_status
    raise HTTPError(http_error_msg, response=self)
requests.exceptions.HTTPError: 403 Client Error: Forbidden for url: https://agentseller.temu.com/api/kiana/mms/robin/searchForChainSupplier

During handling of the above exception, another exception occurred:

Traceback (most recent call last):
  File "D:\sd14\Temu_horizon\core\login.py", line 256, in run
    result = await self.run_once()
  File "D:\sd14\Temu_horizon\core\login.py", line 239, in run_once
    raise Exception("open_login_page 失败")
Exception: open_login_page 失败
2026-06-21 12:20:45,940 | INFO | temu_site | 109-Temu全托管KA - 已关闭Playwright连接
2026-06-21 12:20:46,924 | INFO | temu_site | 109-Temu全托管KA - 已发送停止浏览器请求
2026-06-21 12:20:46,925 | INFO | temu_site | 109-Temu全托管KA - 准备重试，等待 3 秒...
2026-06-21 12:20:49,929 | INFO | temu_site | 109-Temu全托管KA - 第 6 次登录尝试
2026-06-21 12:20:52,903 | INFO | temu_site | 109-Temu全托管KA - start_api 返回: {'code': 0, 'msg': 'Success', 'data': {'action': 'startBrowserByCode', 'backgroundPluginId': 'ohiahjpnifkljncpockjijkdiohieojm', 'browserID': 104329439, 'browserPath': 'C:\\Users\\Administrator\\AppData\\Local\\env-kit\\Core\\chrome_64_131_202501091017\\hubstudio', 'debuggingPort': '57744', 'downloadPath': 'C:\\Users\\Administrator\\Desktop\\Hubstudio\\temu全托109+半托3号-Geeray', 'duplicate': 2513, 'ip': '124.236.76.149', 'isDynamicIp': False, 'launcherPage': 'about:blank', 'proxyType': 'socks5', 'runMode': 2, 'webdriver': 'C:\\Users\\Administrator\\AppData\\Local\\env-kit\\Core\\chrome_64_131_202501091017\\webdriver.exe', 'containerId': 104329439, 'containerCode': '1051294393', 'statusCode': '0', 'err': '成功(Success)'}}
2026-06-21 12:20:52,903 | INFO | temu_site | 109-Temu全托管KA - 浏览器启动成功, 调试端口: 57744
2026-06-21 12:20:54,541 | INFO | temu_site | 109-Temu全托管KA - 已连接浏览器
2026-06-21 12:20:55,024 | ERROR | temu_site | 109-Temu全托管KA - 打开登录页失败: Page.goto: net::ERR_CONNECTION_CLOSED at https://seller.kuajingmaihuo.com/login
Call log:
  - navigating to "https://seller.kuajingmaihuo.com/login", waiting until "domcontentloaded"

2026-06-21 12:20:55,025 | ERROR | temu_site | 109-Temu全托管KA - 第 6 次失败: open_login_page 失败
Traceback (most recent call last):
  File "D:\sd14\Temu_horizon\core\base_client.py", line 62, in post
    resp.raise_for_status()
  File "C:\ProgramData\anaconda3\envs\spider310\lib\site-packages\requests\models.py", line 1026, in raise_for_status
    raise HTTPError(http_error_msg, response=self)
requests.exceptions.HTTPError: 403 Client Error: Forbidden for url: https://agentseller.temu.com/api/kiana/mms/robin/searchForChainSupplier

During handling of the above exception, another exception occurred:

Traceback (most recent call last):
  File "D:\sd14\Temu_horizon\core\login.py", line 256, in run
    result = await self.run_once()
  File "D:\sd14\Temu_horizon\core\login.py", line 239, in run_once
    raise Exception("open_login_page 失败")
Exception: open_login_page 失败
2026-06-21 12:20:55,047 | INFO | temu_site | 109-Temu全托管KA - 已关闭Playwright连接
2026-06-21 12:20:56,082 | INFO | temu_site | 109-Temu全托管KA - 已发送停止浏览器请求
2026-06-21 12:20:56,083 | ERROR | temu_site | 109-Temu全托管KA - 登录失败，已达到最大重试次数 6
2026-06-21 12:20:56,083 | ERROR | temu_site | 处理店铺 109-Temu全托管KA 时出错: [109-Temu全托管KA] 登录失败
2026-06-21 12:20:56,084 | INFO | temu_site | 正在爬取店铺---108-Temu全托管---skc_sku_violate数据
2026-06-21 12:20:57,117 | ERROR | temu_site | [108-Temu全托管] 请求失败（第 1 次）: 403 Client Error: Forbidden for url: https://agentseller.temu.com/api/kiana/mms/robin/searchForChainSupplier
2026-06-21 12:20:57,118 | INFO | temu_site | 108-Temu全托管 - 第 1 次登录尝试
2026-06-21 12:21:00,801 | INFO | temu_site | 108-Temu全托管 - start_api 返回: {'code': 0, 'msg': 'Success', 'data': {'action': 'startBrowserByCode', 'backgroundPluginId': 'gobiecapkllflcacpgecmdakhoffglne', 'browserID': 104562169, 'browserPath': 'C:\\Users\\Administrator\\AppData\\Local\\env-kit\\Core\\chrome_64_131_202501091017\\hubstudio', 'debuggingPort': '57850', 'downloadPath': 'C:\\Users\\Administrator\\Desktop\\Hubstudio\\temu全托108店-YYDeeK BO子账号', 'duplicate': 3301, 'ip': '125.122.156.184', 'isDynamicIp': False, 'launcherPage': 'about:blank', 'proxyType': 'socks5', 'runMode': 2, 'webdriver': 'C:\\Users\\Administrator\\AppData\\Local\\env-kit\\Core\\chrome_64_131_202501091017\\webdriver.exe', 'containerId': 104562169, 'containerCode': '1053621692', 'statusCode': '0', 'err': '成功(Success)'}}
2026-06-21 12:21:00,802 | INFO | temu_site | 108-Temu全托管 - 浏览器启动成功, 调试端口: 57850
2026-06-21 12:21:02,587 | INFO | temu_site | 108-Temu全托管 - 已连接浏览器
2026-06-21 12:21:02,598 | ERROR | temu_site | 108-Temu全托管 - 打开登录页失败: Page.goto: net::ERR_ABORTED at https://seller.kuajingmaihuo.com/login
Call log:
  - navigating to "https://seller.kuajingmaihuo.com/login", waiting until "domcontentloaded"

2026-06-21 12:21:02,602 | ERROR | temu_site | 108-Temu全托管 - 第 1 次失败: open_login_page 失败
Traceback (most recent call last):
  File "D:\sd14\Temu_horizon\core\base_client.py", line 62, in post
    resp.raise_for_status()
  File "C:\ProgramData\anaconda3\envs\spider310\lib\site-packages\requests\models.py", line 1026, in raise_for_status
    raise HTTPError(http_error_msg, response=self)
requests.exceptions.HTTPError: 403 Client Error: Forbidden for url: https://agentseller.temu.com/api/kiana/mms/robin/searchForChainSupplier

During handling of the above exception, another exception occurred:

Traceback (most recent call last):
  File "D:\sd14\Temu_horizon\core\login.py", line 256, in run
    result = await self.run_once()
  File "D:\sd14\Temu_horizon\core\login.py", line 239, in run_once
    raise Exception("open_login_page 失败")
Exception: open_login_page 失败
2026-06-21 12:21:02,630 | INFO | temu_site | 108-Temu全托管 - 已关闭Playwright连接
2026-06-21 12:21:03,560 | INFO | temu_site | 108-Temu全托管 - 已发送停止浏览器请求
2026-06-21 12:21:03,560 | INFO | temu_site | 108-Temu全托管 - 准备重试，等待 3 秒...
2026-06-21 12:21:06,563 | INFO | temu_site | 108-Temu全托管 - 第 2 次登录尝试
2026-06-21 12:21:09,445 | INFO | temu_site | 108-Temu全托管 - start_api 返回: {'code': 0, 'msg': 'Success', 'data': {'action': 'startBrowserByCode', 'backgroundPluginId': 'gobiecapkllflcacpgecmdakhoffglne', 'browserID': 104562169, 'browserPath': 'C:\\Users\\Administrator\\AppData\\Local\\env-kit\\Core\\chrome_64_131_202501091017\\hubstudio', 'debuggingPort': '57950', 'downloadPath': 'C:\\Users\\Administrator\\Desktop\\Hubstudio\\temu全托108店-YYDeeK BO子账号', 'duplicate': 2334, 'ip': '125.122.156.184', 'isDynamicIp': False, 'launcherPage': 'about:blank', 'proxyType': 'socks5', 'runMode': 2, 'webdriver': 'C:\\Users\\Administrator\\AppData\\Local\\env-kit\\Core\\chrome_64_131_202501091017\\webdriver.exe', 'containerId': 104562169, 'containerCode': '1053621692', 'statusCode': '0', 'err': '成功(Success)'}}
2026-06-21 12:21:09,445 | INFO | temu_site | 108-Temu全托管 - 浏览器启动成功, 调试端口: 57950
2026-06-21 12:21:11,083 | INFO | temu_site | 108-Temu全托管 - 已连接浏览器
2026-06-21 12:21:11,387 | ERROR | temu_site | 108-Temu全托管 - 打开登录页失败: Page.goto: net::ERR_CONNECTION_CLOSED at https://seller.kuajingmaihuo.com/login
Call log:
  - navigating to "https://seller.kuajingmaihuo.com/login", waiting until "domcontentloaded"

2026-06-21 12:21:11,387 | ERROR | temu_site | 108-Temu全托管 - 第 2 次失败: open_login_page 失败
Traceback (most recent call last):
  File "D:\sd14\Temu_horizon\core\base_client.py", line 62, in post
    resp.raise_for_status()
  File "C:\ProgramData\anaconda3\envs\spider310\lib\site-packages\requests\models.py", line 1026, in raise_for_status
    raise HTTPError(http_error_msg, response=self)
requests.exceptions.HTTPError: 403 Client Error: Forbidden for url: https://agentseller.temu.com/api/kiana/mms/robin/searchForChainSupplier

During handling of the above exception, another exception occurred:

Traceback (most recent call last):
  File "D:\sd14\Temu_horizon\core\login.py", line 256, in run
    result = await self.run_once()
  File "D:\sd14\Temu_horizon\core\login.py", line 239, in run_once
    raise Exception("open_login_page 失败")
Exception: open_login_page 失败
2026-06-21 12:21:11,417 | INFO | temu_site | 108-Temu全托管 - 已关闭Playwright连接
2026-06-21 12:21:12,269 | INFO | temu_site | 108-Temu全托管 - 已发送停止浏览器请求
2026-06-21 12:21:12,270 | INFO | temu_site | 108-Temu全托管 - 准备重试，等待 3 秒...
2026-06-21 12:21:15,271 | INFO | temu_site | 108-Temu全托管 - 第 3 次登录尝试
2026-06-21 12:21:18,177 | INFO | temu_site | 108-Temu全托管 - start_api 返回: {'code': 0, 'msg': 'Success', 'data': {'action': 'startBrowserByCode', 'backgroundPluginId': 'gobiecapkllflcacpgecmdakhoffglne', 'browserID': 104562169, 'browserPath': 'C:\\Users\\Administrator\\AppData\\Local\\env-kit\\Core\\chrome_64_131_202501091017\\hubstudio', 'debuggingPort': '58061', 'downloadPath': 'C:\\Users\\Administrator\\Desktop\\Hubstudio\\temu全托108店-YYDeeK BO子账号', 'duplicate': 2464, 'ip': '125.122.156.184', 'isDynamicIp': False, 'launcherPage': 'about:blank', 'proxyType': 'socks5', 'runMode': 2, 'webdriver': 'C:\\Users\\Administrator\\AppData\\Local\\env-kit\\Core\\chrome_64_131_202501091017\\webdriver.exe', 'containerId': 104562169, 'containerCode': '1053621692', 'statusCode': '0', 'err': '成功(Success)'}}
2026-06-21 12:21:18,177 | INFO | temu_site | 108-Temu全托管 - 浏览器启动成功, 调试端口: 58061
2026-06-21 12:21:19,915 | INFO | temu_site | 108-Temu全托管 - 已连接浏览器
2026-06-21 12:21:20,232 | ERROR | temu_site | 108-Temu全托管 - 打开登录页失败: Page.goto: net::ERR_CONNECTION_CLOSED at https://seller.kuajingmaihuo.com/login
Call log:
  - navigating to "https://seller.kuajingmaihuo.com/login", waiting until "domcontentloaded"

2026-06-21 12:21:20,232 | ERROR | temu_site | 108-Temu全托管 - 第 3 次失败: open_login_page 失败
Traceback (most recent call last):
  File "D:\sd14\Temu_horizon\core\base_client.py", line 62, in post
    resp.raise_for_status()
  File "C:\ProgramData\anaconda3\envs\spider310\lib\site-packages\requests\models.py", line 1026, in raise_for_status
    raise HTTPError(http_error_msg, response=self)
requests.exceptions.HTTPError: 403 Client Error: Forbidden for url: https://agentseller.temu.com/api/kiana/mms/robin/searchForChainSupplier

During handling of the above exception, another exception occurred:

Traceback (most recent call last):
  File "D:\sd14\Temu_horizon\core\login.py", line 256, in run
    result = await self.run_once()
  File "D:\sd14\Temu_horizon\core\login.py", line 239, in run_once
    raise Exception("open_login_page 失败")
Exception: open_login_page 失败
2026-06-21 12:21:20,260 | INFO | temu_site | 108-Temu全托管 - 已关闭Playwright连接
2026-06-21 12:21:21,161 | INFO | temu_site | 108-Temu全托管 - 已发送停止浏览器请求
2026-06-21 12:21:21,161 | INFO | temu_site | 108-Temu全托管 - 准备重试，等待 3 秒...
2026-06-21 12:21:24,165 | INFO | temu_site | 108-Temu全托管 - 第 4 次登录尝试
2026-06-21 12:21:26,943 | INFO | temu_site | 108-Temu全托管 - start_api 返回: {'code': 0, 'msg': 'Success', 'data': {'action': 'startBrowserByCode', 'backgroundPluginId': 'gobiecapkllflcacpgecmdakhoffglne', 'browserID': 104562169, 'browserPath': 'C:\\Users\\Administrator\\AppData\\Local\\env-kit\\Core\\chrome_64_131_202501091017\\hubstudio', 'debuggingPort': '58167', 'downloadPath': 'C:\\Users\\Administrator\\Desktop\\Hubstudio\\temu全托108店-YYDeeK BO子账号', 'duplicate': 2410, 'ip': '125.122.156.184', 'isDynamicIp': False, 'launcherPage': 'about:blank', 'proxyType': 'socks5', 'runMode': 2, 'webdriver': 'C:\\Users\\Administrator\\AppData\\Local\\env-kit\\Core\\chrome_64_131_202501091017\\webdriver.exe', 'containerId': 104562169, 'containerCode': '1053621692', 'statusCode': '0', 'err': '成功(Success)'}}
2026-06-21 12:21:26,943 | INFO | temu_site | 108-Temu全托管 - 浏览器启动成功, 调试端口: 58167
2026-06-21 12:21:28,584 | INFO | temu_site | 108-Temu全托管 - 已连接浏览器
2026-06-21 12:21:28,595 | ERROR | temu_site | 108-Temu全托管 - 打开登录页失败: Page.goto: net::ERR_ABORTED at https://seller.kuajingmaihuo.com/login
Call log:
  - navigating to "https://seller.kuajingmaihuo.com/login", waiting until "domcontentloaded"

2026-06-21 12:21:28,599 | ERROR | temu_site | 108-Temu全托管 - 第 4 次失败: open_login_page 失败
Traceback (most recent call last):
  File "D:\sd14\Temu_horizon\core\base_client.py", line 62, in post
    resp.raise_for_status()
  File "C:\ProgramData\anaconda3\envs\spider310\lib\site-packages\requests\models.py", line 1026, in raise_for_status
    raise HTTPError(http_error_msg, response=self)
requests.exceptions.HTTPError: 403 Client Error: Forbidden for url: https://agentseller.temu.com/api/kiana/mms/robin/searchForChainSupplier

During handling of the above exception, another exception occurred:

Traceback (most recent call last):
  File "D:\sd14\Temu_horizon\core\login.py", line 256, in run
    result = await self.run_once()
  File "D:\sd14\Temu_horizon\core\login.py", line 239, in run_once
    raise Exception("open_login_page 失败")
Exception: open_login_page 失败
2026-06-21 12:21:28,623 | INFO | temu_site | 108-Temu全托管 - 已关闭Playwright连接
2026-06-21 12:21:29,511 | INFO | temu_site | 108-Temu全托管 - 已发送停止浏览器请求
2026-06-21 12:21:29,512 | INFO | temu_site | 108-Temu全托管 - 准备重试，等待 3 秒...
2026-06-21 12:21:32,517 | INFO | temu_site | 108-Temu全托管 - 第 5 次登录尝试
2026-06-21 12:21:35,921 | INFO | temu_site | 108-Temu全托管 - start_api 返回: {'code': 0, 'msg': 'Success', 'data': {'action': 'startBrowserByCode', 'backgroundPluginId': 'gobiecapkllflcacpgecmdakhoffglne', 'browserID': 104562169, 'browserPath': 'C:\\Users\\Administrator\\AppData\\Local\\env-kit\\Core\\chrome_64_131_202501091017\\hubstudio', 'debuggingPort': '58305', 'downloadPath': 'C:\\Users\\Administrator\\Desktop\\Hubstudio\\temu全托108店-YYDeeK BO子账号', 'duplicate': 2583, 'ip': '125.122.156.184', 'isDynamicIp': False, 'launcherPage': 'about:blank', 'proxyType': 'socks5', 'runMode': 2, 'webdriver': 'C:\\Users\\Administrator\\AppData\\Local\\env-kit\\Core\\chrome_64_131_202501091017\\webdriver.exe', 'containerId': 104562169, 'containerCode': '1053621692', 'statusCode': '0', 'err': '成功(Success)'}}
2026-06-21 12:21:35,921 | INFO | temu_site | 108-Temu全托管 - 浏览器启动成功, 调试端口: 58305
2026-06-21 12:21:39,028 | INFO | temu_site | 108-Temu全托管 - 已连接浏览器
2026-06-21 12:21:39,350 | ERROR | temu_site | 108-Temu全托管 - 打开登录页失败: Page.goto: net::ERR_CONNECTION_CLOSED at https://seller.kuajingmaihuo.com/login
Call log:
  - navigating to "https://seller.kuajingmaihuo.com/login", waiting until "domcontentloaded"

2026-06-21 12:21:39,350 | ERROR | temu_site | 108-Temu全托管 - 第 5 次失败: open_login_page 失败
Traceback (most recent call last):
  File "D:\sd14\Temu_horizon\core\base_client.py", line 62, in post
    resp.raise_for_status()
  File "C:\ProgramData\anaconda3\envs\spider310\lib\site-packages\requests\models.py", line 1026, in raise_for_status
    raise HTTPError(http_error_msg, response=self)
requests.exceptions.HTTPError: 403 Client Error: Forbidden for url: https://agentseller.temu.com/api/kiana/mms/robin/searchForChainSupplier

During handling of the above exception, another exception occurred:

Traceback (most recent call last):
  File "D:\sd14\Temu_horizon\core\login.py", line 256, in run
    result = await self.run_once()
  File "D:\sd14\Temu_horizon\core\login.py", line 239, in run_once
    raise Exception("open_login_page 失败")
Exception: open_login_page 失败
2026-06-21 12:21:39,374 | INFO | temu_site | 108-Temu全托管 - 已关闭Playwright连接
2026-06-21 12:21:40,244 | INFO | temu_site | 108-Temu全托管 - 已发送停止浏览器请求
2026-06-21 12:21:40,245 | INFO | temu_site | 108-Temu全托管 - 准备重试，等待 3 秒...
2026-06-21 12:21:43,249 | INFO | temu_site | 108-Temu全托管 - 第 6 次登录尝试
2026-06-21 12:21:51,925 | INFO | temu_site | 108-Temu全托管 - start_api 返回: {'code': 0, 'msg': 'Success', 'data': {'action': 'startBrowserByCode', 'backgroundPluginId': 'gobiecapkllflcacpgecmdakhoffglne', 'browserID': 104562169, 'browserPath': 'C:\\Users\\Administrator\\AppData\\Local\\env-kit\\Core\\chrome_64_131_202501091017\\hubstudio', 'debuggingPort': '58449', 'downloadPath': 'C:\\Users\\Administrator\\Desktop\\Hubstudio\\temu全托108店-YYDeeK BO子账号', 'duplicate': 8363, 'ip': '125.122.156.184', 'isDynamicIp': False, 'launcherPage': 'about:blank', 'proxyType': 'socks5', 'runMode': 2, 'webdriver': 'C:\\Users\\Administrator\\AppData\\Local\\env-kit\\Core\\chrome_64_131_202501091017\\webdriver.exe', 'containerId': 104562169, 'containerCode': '1053621692', 'statusCode': '0', 'err': '成功(Success)'}}
2026-06-21 12:21:51,926 | INFO | temu_site | 108-Temu全托管 - 浏览器启动成功, 调试端口: 58449
2026-06-21 12:21:55,259 | INFO | temu_site | 108-Temu全托管 - 已连接浏览器
2026-06-21 12:21:55,573 | ERROR | temu_site | 108-Temu全托管 - 打开登录页失败: Page.goto: net::ERR_CONNECTION_CLOSED at https://seller.kuajingmaihuo.com/login
Call log:
  - navigating to "https://seller.kuajingmaihuo.com/login", waiting until "domcontentloaded"

2026-06-21 12:21:55,574 | ERROR | temu_site | 108-Temu全托管 - 第 6 次失败: open_login_page 失败
Traceback (most recent call last):
  File "D:\sd14\Temu_horizon\core\base_client.py", line 62, in post
    resp.raise_for_status()
  File "C:\ProgramData\anaconda3\envs\spider310\lib\site-packages\requests\models.py", line 1026, in raise_for_status
    raise HTTPError(http_error_msg, response=self)
requests.exceptions.HTTPError: 403 Client Error: Forbidden for url: https://agentseller.temu.com/api/kiana/mms/robin/searchForChainSupplier

During handling of the above exception, another exception occurred:

Traceback (most recent call last):
  File "D:\sd14\Temu_horizon\core\login.py", line 256, in run
    result = await self.run_once()
  File "D:\sd14\Temu_horizon\core\login.py", line 239, in run_once
    raise Exception("open_login_page 失败")
Exception: open_login_page 失败
2026-06-21 12:21:55,598 | INFO | temu_site | 108-Temu全托管 - 已关闭Playwright连接
2026-06-21 12:21:56,585 | INFO | temu_site | 108-Temu全托管 - 已发送停止浏览器请求
2026-06-21 12:21:56,585 | ERROR | temu_site | 108-Temu全托管 - 登录失败，已达到最大重试次数 6
2026-06-21 12:21:56,587 | ERROR | temu_site | 处理店铺 108-Temu全托管 时出错: [108-Temu全托管] 登录失败
2026-06-21 12:21:56,591 | INFO | temu_site | 正在爬取店铺---106-Temu全托管---skc_sku_violate数据
2026-06-21 12:21:57,601 | ERROR | temu_site | [106-Temu全托管] 请求失败（第 1 次）: 403 Client Error: Forbidden for url: https://agentseller.temu.com/api/kiana/mms/robin/searchForChainSupplier
2026-06-21 12:21:57,602 | INFO | temu_site | 106-Temu全托管 - 第 1 次登录尝试
2026-06-21 12:22:00,654 | INFO | temu_site | 106-Temu全托管 - start_api 返回: {'code': 0, 'msg': 'Success', 'data': {'action': 'startBrowserByCode', 'backgroundPluginId': 'pngnekjgjoanofgpkpnjilfmdnlhikjk', 'browserID': 104315998, 'browserPath': 'C:\\Users\\Administrator\\AppData\\Local\\env-kit\\Core\\chrome_64_131_202501091017\\hubstudio', 'debuggingPort': '58607', 'downloadPath': 'C:\\Users\\Administrator\\Desktop\\Hubstudio\\temu全托106店-BAKAM', 'duplicate': 2712, 'ip': '36.111.32.150', 'isDynamicIp': False, 'launcherPage': 'about:blank', 'proxyType': 'socks5', 'runMode': 2, 'webdriver': 'C:\\Users\\Administrator\\AppData\\Local\\env-kit\\Core\\chrome_64_131_202501091017\\webdriver.exe', 'containerId': 104315998, 'containerCode': '1051159982', 'statusCode': '0', 'err': '成功(Success)'}}
2026-06-21 12:22:00,655 | INFO | temu_site | 106-Temu全托管 - 浏览器启动成功, 调试端口: 58607
2026-06-21 12:22:13,193 | INFO | temu_site | 106-Temu全托管 - 已连接浏览器
2026-06-21 12:22:13,305 | ERROR | temu_site | 106-Temu全托管 - 打开登录页失败: Page.goto: net::ERR_CONNECTION_CLOSED at https://seller.kuajingmaihuo.com/login
Call log:
  - navigating to "https://seller.kuajingmaihuo.com/login", waiting until "domcontentloaded"

2026-06-21 12:22:13,306 | ERROR | temu_site | 106-Temu全托管 - 第 1 次失败: open_login_page 失败
Traceback (most recent call last):
  File "D:\sd14\Temu_horizon\core\base_client.py", line 62, in post
    resp.raise_for_status()
  File "C:\ProgramData\anaconda3\envs\spider310\lib\site-packages\requests\models.py", line 1026, in raise_for_status
    raise HTTPError(http_error_msg, response=self)
requests.exceptions.HTTPError: 403 Client Error: Forbidden for url: https://agentseller.temu.com/api/kiana/mms/robin/searchForChainSupplier

During handling of the above exception, another exception occurred:

Traceback (most recent call last):
  File "D:\sd14\Temu_horizon\core\login.py", line 256, in run
    result = await self.run_once()
  File "D:\sd14\Temu_horizon\core\login.py", line 239, in run_once
    raise Exception("open_login_page 失败")
Exception: open_login_page 失败
2026-06-21 12:22:13,326 | INFO | temu_site | 106-Temu全托管 - 已关闭Playwright连接
2026-06-21 12:22:14,313 | INFO | temu_site | 106-Temu全托管 - 已发送停止浏览器请求
2026-06-21 12:22:14,314 | INFO | temu_site | 106-Temu全托管 - 准备重试，等待 3 秒...
2026-06-21 12:22:17,316 | INFO | temu_site | 106-Temu全托管 - 第 2 次登录尝试
2026-06-21 12:22:20,419 | INFO | temu_site | 106-Temu全托管 - start_api 返回: {'code': 0, 'msg': 'Success', 'data': {'action': 'startBrowserByCode', 'backgroundPluginId': 'pngnekjgjoanofgpkpnjilfmdnlhikjk', 'browserID': 104315998, 'browserPath': 'C:\\Users\\Administrator\\AppData\\Local\\env-kit\\Core\\chrome_64_131_202501091017\\hubstudio', 'debuggingPort': '58789', 'downloadPath': 'C:\\Users\\Administrator\\Desktop\\Hubstudio\\temu全托106店-BAKAM', 'duplicate': 2660, 'ip': '36.111.32.150', 'isDynamicIp': False, 'launcherPage': 'about:blank', 'proxyType': 'socks5', 'runMode': 2, 'webdriver': 'C:\\Users\\Administrator\\AppData\\Local\\env-kit\\Core\\chrome_64_131_202501091017\\webdriver.exe', 'containerId': 104315998, 'containerCode': '1051159982', 'statusCode': '0', 'err': '成功(Success)'}}
2026-06-21 12:22:20,420 | INFO | temu_site | 106-Temu全托管 - 浏览器启动成功, 调试端口: 58789
2026-06-21 12:22:22,260 | INFO | temu_site | 106-Temu全托管 - 已连接浏览器
2026-06-21 12:22:22,387 | ERROR | temu_site | 106-Temu全托管 - 打开登录页失败: Page.goto: net::ERR_CONNECTION_CLOSED at https://seller.kuajingmaihuo.com/login
Call log:
  - navigating to "https://seller.kuajingmaihuo.com/login", waiting until "domcontentloaded"

2026-06-21 12:22:22,388 | ERROR | temu_site | 106-Temu全托管 - 第 2 次失败: open_login_page 失败
Traceback (most recent call last):
  File "D:\sd14\Temu_horizon\core\base_client.py", line 62, in post
    resp.raise_for_status()
  File "C:\ProgramData\anaconda3\envs\spider310\lib\site-packages\requests\models.py", line 1026, in raise_for_status
    raise HTTPError(http_error_msg, response=self)
requests.exceptions.HTTPError: 403 Client Error: Forbidden for url: https://agentseller.temu.com/api/kiana/mms/robin/searchForChainSupplier

During handling of the above exception, another exception occurred:

Traceback (most recent call last):
  File "D:\sd14\Temu_horizon\core\login.py", line 256, in run
    result = await self.run_once()
  File "D:\sd14\Temu_horizon\core\login.py", line 239, in run_once
    raise Exception("open_login_page 失败")
Exception: open_login_page 失败
2026-06-21 12:22:22,417 | INFO | temu_site | 106-Temu全托管 - 已关闭Playwright连接
2026-06-21 12:22:23,467 | INFO | temu_site | 106-Temu全托管 - 已发送停止浏览器请求
2026-06-21 12:22:23,468 | INFO | temu_site | 106-Temu全托管 - 准备重试，等待 3 秒...
2026-06-21 12:22:26,472 | INFO | temu_site | 106-Temu全托管 - 第 3 次登录尝试
2026-06-21 12:22:29,371 | INFO | temu_site | 106-Temu全托管 - start_api 返回: {'code': 0, 'msg': 'Success', 'data': {'action': 'startBrowserByCode', 'backgroundPluginId': 'pngnekjgjoanofgpkpnjilfmdnlhikjk', 'browserID': 104315998, 'browserPath': 'C:\\Users\\Administrator\\AppData\\Local\\env-kit\\Core\\chrome_64_131_202501091017\\hubstudio', 'debuggingPort': '58921', 'downloadPath': 'C:\\Users\\Administrator\\Desktop\\Hubstudio\\temu全托106店-BAKAM', 'duplicate': 2499, 'ip': '36.111.32.150', 'isDynamicIp': False, 'launcherPage': 'about:blank', 'proxyType': 'socks5', 'runMode': 2, 'webdriver': 'C:\\Users\\Administrator\\AppData\\Local\\env-kit\\Core\\chrome_64_131_202501091017\\webdriver.exe', 'containerId': 104315998, 'containerCode': '1051159982', 'statusCode': '0', 'err': '成功(Success)'}}
2026-06-21 12:22:29,372 | INFO | temu_site | 106-Temu全托管 - 浏览器启动成功, 调试端口: 58921
2026-06-21 12:22:31,242 | INFO | temu_site | 106-Temu全托管 - 已连接浏览器
2026-06-21 12:22:31,355 | ERROR | temu_site | 106-Temu全托管 - 打开登录页失败: Page.goto: net::ERR_CONNECTION_CLOSED at https://seller.kuajingmaihuo.com/login
Call log:
  - navigating to "https://seller.kuajingmaihuo.com/login", waiting until "domcontentloaded"

2026-06-21 12:22:31,355 | ERROR | temu_site | 106-Temu全托管 - 第 3 次失败: open_login_page 失败
Traceback (most recent call last):
  File "D:\sd14\Temu_horizon\core\base_client.py", line 62, in post
    resp.raise_for_status()
  File "C:\ProgramData\anaconda3\envs\spider310\lib\site-packages\requests\models.py", line 1026, in raise_for_status
    raise HTTPError(http_error_msg, response=self)
requests.exceptions.HTTPError: 403 Client Error: Forbidden for url: https://agentseller.temu.com/api/kiana/mms/robin/searchForChainSupplier

During handling of the above exception, another exception occurred:

Traceback (most recent call last):
  File "D:\sd14\Temu_horizon\core\login.py", line 256, in run
    result = await self.run_once()
  File "D:\sd14\Temu_horizon\core\login.py", line 239, in run_once
    raise Exception("open_login_page 失败")
Exception: open_login_page 失败
2026-06-21 12:22:31,379 | INFO | temu_site | 106-Temu全托管 - 已关闭Playwright连接
2026-06-21 12:22:32,253 | INFO | temu_site | 106-Temu全托管 - 已发送停止浏览器请求
2026-06-21 12:22:32,254 | INFO | temu_site | 106-Temu全托管 - 准备重试，等待 3 秒...
2026-06-21 12:22:35,260 | INFO | temu_site | 106-Temu全托管 - 第 4 次登录尝试
2026-06-21 12:22:38,215 | INFO | temu_site | 106-Temu全托管 - start_api 返回: {'code': 0, 'msg': 'Success', 'data': {'action': 'startBrowserByCode', 'backgroundPluginId': 'pngnekjgjoanofgpkpnjilfmdnlhikjk', 'browserID': 104315998, 'browserPath': 'C:\\Users\\Administrator\\AppData\\Local\\env-kit\\Core\\chrome_64_131_202501091017\\hubstudio', 'debuggingPort': '59033', 'downloadPath': 'C:\\Users\\Administrator\\Desktop\\Hubstudio\\temu全托106店-BAKAM', 'duplicate': 2529, 'ip': '36.111.32.150', 'isDynamicIp': False, 'launcherPage': 'about:blank', 'proxyType': 'socks5', 'runMode': 2, 'webdriver': 'C:\\Users\\Administrator\\AppData\\Local\\env-kit\\Core\\chrome_64_131_202501091017\\webdriver.exe', 'containerId': 104315998, 'containerCode': '1051159982', 'statusCode': '0', 'err': '成功(Success)'}}
2026-06-21 12:22:38,216 | INFO | temu_site | 106-Temu全托管 - 浏览器启动成功, 调试端口: 59033
2026-06-21 12:22:39,861 | INFO | temu_site | 106-Temu全托管 - 已连接浏览器
2026-06-21 12:22:39,873 | ERROR | temu_site | 106-Temu全托管 - 打开登录页失败: Page.goto: net::ERR_ABORTED at https://seller.kuajingmaihuo.com/login
Call log:
  - navigating to "https://seller.kuajingmaihuo.com/login", waiting until "domcontentloaded"

2026-06-21 12:22:39,878 | ERROR | temu_site | 106-Temu全托管 - 第 4 次失败: open_login_page 失败
Traceback (most recent call last):
  File "D:\sd14\Temu_horizon\core\base_client.py", line 62, in post
    resp.raise_for_status()
  File "C:\ProgramData\anaconda3\envs\spider310\lib\site-packages\requests\models.py", line 1026, in raise_for_status
    raise HTTPError(http_error_msg, response=self)
requests.exceptions.HTTPError: 403 Client Error: Forbidden for url: https://agentseller.temu.com/api/kiana/mms/robin/searchForChainSupplier

During handling of the above exception, another exception occurred:

Traceback (most recent call last):
  File "D:\sd14\Temu_horizon\core\login.py", line 256, in run
    result = await self.run_once()
  File "D:\sd14\Temu_horizon\core\login.py", line 239, in run_once
    raise Exception("open_login_page 失败")
Exception: open_login_page 失败
2026-06-21 12:22:39,899 | INFO | temu_site | 106-Temu全托管 - 已关闭Playwright连接
2026-06-21 12:22:40,680 | INFO | temu_site | 106-Temu全托管 - 已发送停止浏览器请求
2026-06-21 12:22:40,681 | INFO | temu_site | 106-Temu全托管 - 准备重试，等待 3 秒...
2026-06-21 12:22:43,684 | INFO | temu_site | 106-Temu全托管 - 第 5 次登录尝试
2026-06-21 12:22:46,598 | INFO | temu_site | 106-Temu全托管 - start_api 返回: {'code': 0, 'msg': 'Success', 'data': {'action': 'startBrowserByCode', 'backgroundPluginId': 'pngnekjgjoanofgpkpnjilfmdnlhikjk', 'browserID': 104315998, 'browserPath': 'C:\\Users\\Administrator\\AppData\\Local\\env-kit\\Core\\chrome_64_131_202501091017\\hubstudio', 'debuggingPort': '59135', 'downloadPath': 'C:\\Users\\Administrator\\Desktop\\Hubstudio\\temu全托106店-BAKAM', 'duplicate': 2473, 'ip': '36.111.32.150', 'isDynamicIp': False, 'launcherPage': 'about:blank', 'proxyType': 'socks5', 'runMode': 2, 'webdriver': 'C:\\Users\\Administrator\\AppData\\Local\\env-kit\\Core\\chrome_64_131_202501091017\\webdriver.exe', 'containerId': 104315998, 'containerCode': '1051159982', 'statusCode': '0', 'err': '成功(Success)'}}
2026-06-21 12:22:46,599 | INFO | temu_site | 106-Temu全托管 - 浏览器启动成功, 调试端口: 59135
2026-06-21 12:22:48,251 | INFO | temu_site | 106-Temu全托管 - 已连接浏览器
2026-06-21 12:22:48,261 | ERROR | temu_site | 106-Temu全托管 - 打开登录页失败: Page.goto: net::ERR_ABORTED at https://seller.kuajingmaihuo.com/login
Call log:
  - navigating to "https://seller.kuajingmaihuo.com/login", waiting until "domcontentloaded"

2026-06-21 12:22:48,262 | ERROR | temu_site | 106-Temu全托管 - 第 5 次失败: open_login_page 失败
Traceback (most recent call last):
  File "D:\sd14\Temu_horizon\core\base_client.py", line 62, in post
    resp.raise_for_status()
  File "C:\ProgramData\anaconda3\envs\spider310\lib\site-packages\requests\models.py", line 1026, in raise_for_status
    raise HTTPError(http_error_msg, response=self)
requests.exceptions.HTTPError: 403 Client Error: Forbidden for url: https://agentseller.temu.com/api/kiana/mms/robin/searchForChainSupplier

During handling of the above exception, another exception occurred:

Traceback (most recent call last):
  File "D:\sd14\Temu_horizon\core\login.py", line 256, in run
    result = await self.run_once()
  File "D:\sd14\Temu_horizon\core\login.py", line 239, in run_once
    raise Exception("open_login_page 失败")
Exception: open_login_page 失败
2026-06-21 12:22:48,279 | INFO | temu_site | 106-Temu全托管 - 已关闭Playwright连接
2026-06-21 12:22:49,105 | INFO | temu_site | 106-Temu全托管 - 已发送停止浏览器请求
2026-06-21 12:22:49,105 | INFO | temu_site | 106-Temu全托管 - 准备重试，等待 3 秒...
2026-06-21 12:22:52,112 | INFO | temu_site | 106-Temu全托管 - 第 6 次登录尝试
2026-06-21 12:22:54,939 | INFO | temu_site | 106-Temu全托管 - start_api 返回: {'code': 0, 'msg': 'Success', 'data': {'action': 'startBrowserByCode', 'backgroundPluginId': 'pngnekjgjoanofgpkpnjilfmdnlhikjk', 'browserID': 104315998, 'browserPath': 'C:\\Users\\Administrator\\AppData\\Local\\env-kit\\Core\\chrome_64_131_202501091017\\hubstudio', 'debuggingPort': '59234', 'downloadPath': 'C:\\Users\\Administrator\\Desktop\\Hubstudio\\temu全托106店-BAKAM', 'duplicate': 2403, 'ip': '36.111.32.150', 'isDynamicIp': False, 'launcherPage': 'about:blank', 'proxyType': 'socks5', 'runMode': 2, 'webdriver': 'C:\\Users\\Administrator\\AppData\\Local\\env-kit\\Core\\chrome_64_131_202501091017\\webdriver.exe', 'containerId': 104315998, 'containerCode': '1051159982', 'statusCode': '0', 'err': '成功(Success)'}}
2026-06-21 12:22:54,940 | INFO | temu_site | 106-Temu全托管 - 浏览器启动成功, 调试端口: 59234
2026-06-21 12:22:56,587 | INFO | temu_site | 106-Temu全托管 - 已连接浏览器
2026-06-21 12:22:56,701 | ERROR | temu_site | 106-Temu全托管 - 打开登录页失败: Page.goto: net::ERR_CONNECTION_CLOSED at https://seller.kuajingmaihuo.com/login
Call log:
  - navigating to "https://seller.kuajingmaihuo.com/login", waiting until "domcontentloaded"

2026-06-21 12:22:56,701 | ERROR | temu_site | 106-Temu全托管 - 第 6 次失败: open_login_page 失败
Traceback (most recent call last):
  File "D:\sd14\Temu_horizon\core\base_client.py", line 62, in post
    resp.raise_for_status()
  File "C:\ProgramData\anaconda3\envs\spider310\lib\site-packages\requests\models.py", line 1026, in raise_for_status
    raise HTTPError(http_error_msg, response=self)
requests.exceptions.HTTPError: 403 Client Error: Forbidden for url: https://agentseller.temu.com/api/kiana/mms/robin/searchForChainSupplier

During handling of the above exception, another exception occurred:

Traceback (most recent call last):
  File "D:\sd14\Temu_horizon\core\login.py", line 256, in run
    result = await self.run_once()
  File "D:\sd14\Temu_horizon\core\login.py", line 239, in run_once
    raise Exception("open_login_page 失败")
Exception: open_login_page 失败
2026-06-21 12:22:56,723 | INFO | temu_site | 106-Temu全托管 - 已关闭Playwright连接
2026-06-21 12:22:57,572 | INFO | temu_site | 106-Temu全托管 - 已发送停止浏览器请求
2026-06-21 12:22:57,572 | ERROR | temu_site | 106-Temu全托管 - 登录失败，已达到最大重试次数 6
2026-06-21 12:22:57,574 | ERROR | temu_site | 处理店铺 106-Temu全托管 时出错: [106-Temu全托管] 登录失败
2026-06-21 12:22:57,577 | INFO | temu_site | 正在爬取店铺---105-Temu全托管---skc_sku_violate数据
2026-06-21 12:22:58,605 | ERROR | temu_site | [105-Temu全托管] 请求失败（第 1 次）: 403 Client Error: Forbidden for url: https://agentseller.temu.com/api/kiana/mms/robin/searchForChainSupplier
2026-06-21 12:22:58,606 | INFO | temu_site | 105-Temu全托管 - 第 1 次登录尝试
2026-06-21 12:23:01,896 | INFO | temu_site | 105-Temu全托管 - start_api 返回: {'code': 0, 'msg': 'Success', 'data': {'action': 'startBrowserByCode', 'backgroundPluginId': 'egdlpkdlagfommapeejeoihfohgccfih', 'browserID': 104314256, 'browserPath': 'C:\\Users\\Administrator\\AppData\\Local\\env-kit\\Core\\chrome_64_131_202501091017\\hubstudio', 'debuggingPort': '59339', 'downloadPath': 'C:\\Users\\Administrator\\Desktop\\Hubstudio\\temu全托105店-UNE LUCIOLE', 'duplicate': 2960, 'ip': '124.225.4.69', 'isDynamicIp': False, 'launcherPage': 'about:blank', 'proxyType': 'socks5', 'runMode': 2, 'webdriver': 'C:\\Users\\Administrator\\AppData\\Local\\env-kit\\Core\\chrome_64_131_202501091017\\webdriver.exe', 'containerId': 104314256, 'containerCode': '1051142565', 'statusCode': '0', 'err': '成功(Success)'}}
2026-06-21 12:23:01,897 | INFO | temu_site | 105-Temu全托管 - 浏览器启动成功, 调试端口: 59339
2026-06-21 12:23:03,640 | INFO | temu_site | 105-Temu全托管 - 已连接浏览器
2026-06-21 12:23:03,654 | ERROR | temu_site | 105-Temu全托管 - 打开登录页失败: Page.goto: net::ERR_ABORTED at https://seller.kuajingmaihuo.com/login
Call log:
  - navigating to "https://seller.kuajingmaihuo.com/login", waiting until "domcontentloaded"

2026-06-21 12:23:03,655 | ERROR | temu_site | 105-Temu全托管 - 第 1 次失败: open_login_page 失败
Traceback (most recent call last):
  File "D:\sd14\Temu_horizon\core\base_client.py", line 62, in post
    resp.raise_for_status()
  File "C:\ProgramData\anaconda3\envs\spider310\lib\site-packages\requests\models.py", line 1026, in raise_for_status
    raise HTTPError(http_error_msg, response=self)
requests.exceptions.HTTPError: 403 Client Error: Forbidden for url: https://agentseller.temu.com/api/kiana/mms/robin/searchForChainSupplier

During handling of the above exception, another exception occurred:

Traceback (most recent call last):
  File "D:\sd14\Temu_horizon\core\login.py", line 256, in run
    result = await self.run_once()
  File "D:\sd14\Temu_horizon\core\login.py", line 239, in run_once
    raise Exception("open_login_page 失败")
Exception: open_login_page 失败
2026-06-21 12:23:03,682 | INFO | temu_site | 105-Temu全托管 - 已关闭Playwright连接
2026-06-21 12:23:04,920 | INFO | temu_site | 105-Temu全托管 - 已发送停止浏览器请求
2026-06-21 12:23:04,920 | INFO | temu_site | 105-Temu全托管 - 准备重试，等待 3 秒...
2026-06-21 12:23:07,937 | INFO | temu_site | 105-Temu全托管 - 第 2 次登录尝试
2026-06-21 12:23:10,773 | INFO | temu_site | 105-Temu全托管 - start_api 返回: {'code': 0, 'msg': 'Success', 'data': {'action': 'startBrowserByCode', 'backgroundPluginId': 'egdlpkdlagfommapeejeoihfohgccfih', 'browserID': 104314256, 'browserPath': 'C:\\Users\\Administrator\\AppData\\Local\\env-kit\\Core\\chrome_64_131_202501091017\\hubstudio', 'debuggingPort': '59445', 'downloadPath': 'C:\\Users\\Administrator\\Desktop\\Hubstudio\\temu全托105店-UNE LUCIOLE', 'duplicate': 2452, 'ip': '124.225.4.69', 'isDynamicIp': False, 'launcherPage': 'about:blank', 'proxyType': 'socks5', 'runMode': 2, 'webdriver': 'C:\\Users\\Administrator\\AppData\\Local\\env-kit\\Core\\chrome_64_131_202501091017\\webdriver.exe', 'containerId': 104314256, 'containerCode': '1051142565', 'statusCode': '0', 'err': '成功(Success)'}}
2026-06-21 12:23:10,774 | INFO | temu_site | 105-Temu全托管 - 浏览器启动成功, 调试端口: 59445
2026-06-21 12:23:12,409 | INFO | temu_site | 105-Temu全托管 - 已连接浏览器
2026-06-21 12:23:12,420 | ERROR | temu_site | 105-Temu全托管 - 打开登录页失败: Page.goto: net::ERR_ABORTED at https://seller.kuajingmaihuo.com/login
Call log:
  - navigating to "https://seller.kuajingmaihuo.com/login", waiting until "domcontentloaded"

2026-06-21 12:23:12,422 | ERROR | temu_site | 105-Temu全托管 - 第 2 次失败: open_login_page 失败
Traceback (most recent call last):
  File "D:\sd14\Temu_horizon\core\base_client.py", line 62, in post
    resp.raise_for_status()
  File "C:\ProgramData\anaconda3\envs\spider310\lib\site-packages\requests\models.py", line 1026, in raise_for_status
    raise HTTPError(http_error_msg, response=self)
requests.exceptions.HTTPError: 403 Client Error: Forbidden for url: https://agentseller.temu.com/api/kiana/mms/robin/searchForChainSupplier

During handling of the above exception, another exception occurred:

Traceback (most recent call last):
  File "D:\sd14\Temu_horizon\core\login.py", line 256, in run
    result = await self.run_once()
  File "D:\sd14\Temu_horizon\core\login.py", line 239, in run_once
    raise Exception("open_login_page 失败")
Exception: open_login_page 失败
2026-06-21 12:23:12,446 | INFO | temu_site | 105-Temu全托管 - 已关闭Playwright连接
2026-06-21 12:23:13,265 | INFO | temu_site | 105-Temu全托管 - 已发送停止浏览器请求
2026-06-21 12:23:13,266 | INFO | temu_site | 105-Temu全托管 - 准备重试，等待 3 秒...
2026-06-21 12:23:16,276 | INFO | temu_site | 105-Temu全托管 - 第 3 次登录尝试
2026-06-21 12:23:19,036 | INFO | temu_site | 105-Temu全托管 - start_api 返回: {'code': 0, 'msg': 'Success', 'data': {'action': 'startBrowserByCode', 'backgroundPluginId': 'egdlpkdlagfommapeejeoihfohgccfih', 'browserID': 104314256, 'browserPath': 'C:\\Users\\Administrator\\AppData\\Local\\env-kit\\Core\\chrome_64_131_202501091017\\hubstudio', 'debuggingPort': '59546', 'downloadPath': 'C:\\Users\\Administrator\\Desktop\\Hubstudio\\temu全托105店-UNE LUCIOLE', 'duplicate': 2330, 'ip': '124.225.4.69', 'isDynamicIp': False, 'launcherPage': 'about:blank', 'proxyType': 'socks5', 'runMode': 2, 'webdriver': 'C:\\Users\\Administrator\\AppData\\Local\\env-kit\\Core\\chrome_64_131_202501091017\\webdriver.exe', 'containerId': 104314256, 'containerCode': '1051142565', 'statusCode': '0', 'err': '成功(Success)'}}
2026-06-21 12:23:19,037 | INFO | temu_site | 105-Temu全托管 - 浏览器启动成功, 调试端口: 59546
2026-06-21 12:23:20,817 | INFO | temu_site | 105-Temu全托管 - 已连接浏览器
2026-06-21 12:23:21,005 | ERROR | temu_site | 105-Temu全托管 - 打开登录页失败: Page.goto: net::ERR_CONNECTION_CLOSED at https://seller.kuajingmaihuo.com/login
Call log:
  - navigating to "https://seller.kuajingmaihuo.com/login", waiting until "domcontentloaded"

2026-06-21 12:23:21,006 | ERROR | temu_site | 105-Temu全托管 - 第 3 次失败: open_login_page 失败
Traceback (most recent call last):
  File "D:\sd14\Temu_horizon\core\base_client.py", line 62, in post
    resp.raise_for_status()
  File "C:\ProgramData\anaconda3\envs\spider310\lib\site-packages\requests\models.py", line 1026, in raise_for_status
    raise HTTPError(http_error_msg, response=self)
requests.exceptions.HTTPError: 403 Client Error: Forbidden for url: https://agentseller.temu.com/api/kiana/mms/robin/searchForChainSupplier

During handling of the above exception, another exception occurred:

Traceback (most recent call last):
  File "D:\sd14\Temu_horizon\core\login.py", line 256, in run
    result = await self.run_once()
  File "D:\sd14\Temu_horizon\core\login.py", line 239, in run_once
    raise Exception("open_login_page 失败")
Exception: open_login_page 失败
2026-06-21 12:23:21,034 | INFO | temu_site | 105-Temu全托管 - 已关闭Playwright连接
2026-06-21 12:23:21,896 | INFO | temu_site | 105-Temu全托管 - 已发送停止浏览器请求
2026-06-21 12:23:21,897 | INFO | temu_site | 105-Temu全托管 - 准备重试，等待 3 秒...
2026-06-21 12:23:24,901 | INFO | temu_site | 105-Temu全托管 - 第 4 次登录尝试
2026-06-21 12:23:28,248 | INFO | temu_site | 105-Temu全托管 - start_api 返回: {'code': 0, 'msg': 'Success', 'data': {'action': 'startBrowserByCode', 'backgroundPluginId': 'egdlpkdlagfommapeejeoihfohgccfih', 'browserID': 104314256, 'browserPath': 'C:\\Users\\Administrator\\AppData\\Local\\env-kit\\Core\\chrome_64_131_202501091017\\hubstudio', 'debuggingPort': '59653', 'downloadPath': 'C:\\Users\\Administrator\\Desktop\\Hubstudio\\temu全托105店-UNE LUCIOLE', 'duplicate': 2925, 'ip': '124.225.4.69', 'isDynamicIp': False, 'launcherPage': 'about:blank', 'proxyType': 'socks5', 'runMode': 2, 'webdriver': 'C:\\Users\\Administrator\\AppData\\Local\\env-kit\\Core\\chrome_64_131_202501091017\\webdriver.exe', 'containerId': 104314256, 'containerCode': '1051142565', 'statusCode': '0', 'err': '成功(Success)'}}
2026-06-21 12:23:28,249 | INFO | temu_site | 105-Temu全托管 - 浏览器启动成功, 调试端口: 59653
2026-06-21 12:23:29,973 | INFO | temu_site | 105-Temu全托管 - 已连接浏览器
2026-06-21 12:23:30,172 | ERROR | temu_site | 105-Temu全托管 - 打开登录页失败: Page.goto: net::ERR_CONNECTION_CLOSED at https://seller.kuajingmaihuo.com/login
Call log:
  - navigating to "https://seller.kuajingmaihuo.com/login", waiting until "domcontentloaded"

2026-06-21 12:23:30,172 | ERROR | temu_site | 105-Temu全托管 - 第 4 次失败: open_login_page 失败
Traceback (most recent call last):
  File "D:\sd14\Temu_horizon\core\base_client.py", line 62, in post
    resp.raise_for_status()
  File "C:\ProgramData\anaconda3\envs\spider310\lib\site-packages\requests\models.py", line 1026, in raise_for_status
    raise HTTPError(http_error_msg, response=self)
requests.exceptions.HTTPError: 403 Client Error: Forbidden for url: https://agentseller.temu.com/api/kiana/mms/robin/searchForChainSupplier

During handling of the above exception, another exception occurred:

Traceback (most recent call last):
  File "D:\sd14\Temu_horizon\core\login.py", line 256, in run
    result = await self.run_once()
  File "D:\sd14\Temu_horizon\core\login.py", line 239, in run_once
    raise Exception("open_login_page 失败")
Exception: open_login_page 失败
2026-06-21 12:23:30,195 | INFO | temu_site | 105-Temu全托管 - 已关闭Playwright连接
2026-06-21 12:23:30,932 | INFO | temu_site | 105-Temu全托管 - 已发送停止浏览器请求
2026-06-21 12:23:30,932 | INFO | temu_site | 105-Temu全托管 - 准备重试，等待 3 秒...
2026-06-21 12:23:33,947 | INFO | temu_site | 105-Temu全托管 - 第 5 次登录尝试
2026-06-21 12:23:36,500 | INFO | temu_site | 105-Temu全托管 - start_api 返回: {'code': 0, 'msg': 'Success', 'data': {'action': 'startBrowserByCode', 'backgroundPluginId': 'egdlpkdlagfommapeejeoihfohgccfih', 'browserID': 104314256, 'browserPath': 'C:\\Users\\Administrator\\AppData\\Local\\env-kit\\Core\\chrome_64_131_202501091017\\hubstudio', 'debuggingPort': '59763', 'downloadPath': 'C:\\Users\\Administrator\\Desktop\\Hubstudio\\temu全托105店-UNE LUCIOLE', 'duplicate': 2234, 'ip': '124.225.4.69', 'isDynamicIp': False, 'launcherPage': 'about:blank', 'proxyType': 'socks5', 'runMode': 2, 'webdriver': 'C:\\Users\\Administrator\\AppData\\Local\\env-kit\\Core\\chrome_64_131_202501091017\\webdriver.exe', 'containerId': 104314256, 'containerCode': '1051142565', 'statusCode': '0', 'err': '成功(Success)'}}
2026-06-21 12:23:36,500 | INFO | temu_site | 105-Temu全托管 - 浏览器启动成功, 调试端口: 59763
2026-06-21 12:23:38,297 | INFO | temu_site | 105-Temu全托管 - 已连接浏览器
2026-06-21 12:23:38,491 | ERROR | temu_site | 105-Temu全托管 - 打开登录页失败: Page.goto: net::ERR_CONNECTION_CLOSED at https://seller.kuajingmaihuo.com/login
Call log:
  - navigating to "https://seller.kuajingmaihuo.com/login", waiting until "domcontentloaded"

2026-06-21 12:23:38,491 | ERROR | temu_site | 105-Temu全托管 - 第 5 次失败: open_login_page 失败
Traceback (most recent call last):
  File "D:\sd14\Temu_horizon\core\base_client.py", line 62, in post
    resp.raise_for_status()
  File "C:\ProgramData\anaconda3\envs\spider310\lib\site-packages\requests\models.py", line 1026, in raise_for_status
    raise HTTPError(http_error_msg, response=self)
requests.exceptions.HTTPError: 403 Client Error: Forbidden for url: https://agentseller.temu.com/api/kiana/mms/robin/searchForChainSupplier

During handling of the above exception, another exception occurred:

Traceback (most recent call last):
  File "D:\sd14\Temu_horizon\core\login.py", line 256, in run
    result = await self.run_once()
  File "D:\sd14\Temu_horizon\core\login.py", line 239, in run_once
    raise Exception("open_login_page 失败")
Exception: open_login_page 失败
2026-06-21 12:23:38,513 | INFO | temu_site | 105-Temu全托管 - 已关闭Playwright连接
2026-06-21 12:23:39,391 | INFO | temu_site | 105-Temu全托管 - 已发送停止浏览器请求
2026-06-21 12:23:39,391 | INFO | temu_site | 105-Temu全托管 - 准备重试，等待 3 秒...
2026-06-21 12:23:42,395 | INFO | temu_site | 105-Temu全托管 - 第 6 次登录尝试
2026-06-21 12:23:44,948 | INFO | temu_site | 105-Temu全托管 - start_api 返回: {'code': 0, 'msg': 'Success', 'data': {'action': 'startBrowserByCode', 'backgroundPluginId': 'egdlpkdlagfommapeejeoihfohgccfih', 'browserID': 104314256, 'browserPath': 'C:\\Users\\Administrator\\AppData\\Local\\env-kit\\Core\\chrome_64_131_202501091017\\hubstudio', 'debuggingPort': '59886', 'downloadPath': 'C:\\Users\\Administrator\\Desktop\\Hubstudio\\temu全托105店-UNE LUCIOLE', 'duplicate': 2153, 'ip': '124.225.4.69', 'isDynamicIp': False, 'launcherPage': 'about:blank', 'proxyType': 'socks5', 'runMode': 2, 'webdriver': 'C:\\Users\\Administrator\\AppData\\Local\\env-kit\\Core\\chrome_64_131_202501091017\\webdriver.exe', 'containerId': 104314256, 'containerCode': '1051142565', 'statusCode': '0', 'err': '成功(Success)'}}
2026-06-21 12:23:44,948 | INFO | temu_site | 105-Temu全托管 - 浏览器启动成功, 调试端口: 59886
2026-06-21 12:23:46,806 | INFO | temu_site | 105-Temu全托管 - 已连接浏览器
2026-06-21 12:23:47,038 | ERROR | temu_site | 105-Temu全托管 - 打开登录页失败: Page.goto: net::ERR_CONNECTION_CLOSED at https://seller.kuajingmaihuo.com/login
Call log:
  - navigating to "https://seller.kuajingmaihuo.com/login", waiting until "domcontentloaded"

2026-06-21 12:23:47,039 | ERROR | temu_site | 105-Temu全托管 - 第 6 次失败: open_login_page 失败
Traceback (most recent call last):
  File "D:\sd14\Temu_horizon\core\base_client.py", line 62, in post
    resp.raise_for_status()
  File "C:\ProgramData\anaconda3\envs\spider310\lib\site-packages\requests\models.py", line 1026, in raise_for_status
    raise HTTPError(http_error_msg, response=self)
requests.exceptions.HTTPError: 403 Client Error: Forbidden for url: https://agentseller.temu.com/api/kiana/mms/robin/searchForChainSupplier

During handling of the above exception, another exception occurred:

Traceback (most recent call last):
  File "D:\sd14\Temu_horizon\core\login.py", line 256, in run
    result = await self.run_once()
  File "D:\sd14\Temu_horizon\core\login.py", line 239, in run_once
    raise Exception("open_login_page 失败")
Exception: open_login_page 失败
2026-06-21 12:23:47,061 | INFO | temu_site | 105-Temu全托管 - 已关闭Playwright连接
2026-06-21 12:23:47,903 | INFO | temu_site | 105-Temu全托管 - 已发送停止浏览器请求
2026-06-21 12:23:47,903 | ERROR | temu_site | 105-Temu全托管 - 登录失败，已达到最大重试次数 6
2026-06-21 12:23:47,905 | ERROR | temu_site | 处理店铺 105-Temu全托管 时出错: [105-Temu全托管] 登录失败
2026-06-21 12:23:47,906 | INFO | temu_site | 正在爬取店铺---104-Temu全托管---skc_sku_violate数据
2026-06-21 12:23:48,947 | ERROR | temu_site | [104-Temu全托管] 请求失败（第 1 次）: 403 Client Error: Forbidden for url: https://agentseller.temu.com/api/kiana/mms/robin/searchForChainSupplier
2026-06-21 12:23:48,948 | INFO | temu_site | 104-Temu全托管 - 第 1 次登录尝试
2026-06-21 12:23:52,422 | INFO | temu_site | 104-Temu全托管 - start_api 返回: {'code': 0, 'msg': 'Success', 'data': {'action': 'startBrowserByCode', 'backgroundPluginId': 'chlkfnmgfghenbeelpneidfjbkpokonp', 'browserID': 104527083, 'browserPath': 'C:\\Users\\Administrator\\AppData\\Local\\env-kit\\Core\\chrome_64_131_202501091017\\hubstudio', 'debuggingPort': '60000', 'downloadPath': 'C:\\Users\\Administrator\\Desktop\\Hubstudio\\temu全托104店-YYDeeK子账号', 'duplicate': 2543, 'ip': '125.122.156.184', 'isDynamicIp': False, 'launcherPage': 'about:blank', 'proxyType': 'socks5', 'runMode': 2, 'webdriver': 'C:\\Users\\Administrator\\AppData\\Local\\env-kit\\Core\\chrome_64_131_202501091017\\webdriver.exe', 'containerId': 104527083, 'containerCode': '1053270835', 'statusCode': '0', 'err': '成功(Success)'}}
2026-06-21 12:23:52,422 | INFO | temu_site | 104-Temu全托管 - 浏览器启动成功, 调试端口: 60000
2026-06-21 12:23:54,240 | INFO | temu_site | 104-Temu全托管 - 已连接浏览器
2026-06-21 12:23:54,533 | ERROR | temu_site | 104-Temu全托管 - 打开登录页失败: Page.goto: net::ERR_CONNECTION_CLOSED at https://seller.kuajingmaihuo.com/login
Call log:
  - navigating to "https://seller.kuajingmaihuo.com/login", waiting until "domcontentloaded"

2026-06-21 12:23:54,533 | ERROR | temu_site | 104-Temu全托管 - 第 1 次失败: open_login_page 失败
Traceback (most recent call last):
  File "D:\sd14\Temu_horizon\core\base_client.py", line 62, in post
    resp.raise_for_status()
  File "C:\ProgramData\anaconda3\envs\spider310\lib\site-packages\requests\models.py", line 1026, in raise_for_status
    raise HTTPError(http_error_msg, response=self)
requests.exceptions.HTTPError: 403 Client Error: Forbidden for url: https://agentseller.temu.com/api/kiana/mms/robin/searchForChainSupplier

During handling of the above exception, another exception occurred:

Traceback (most recent call last):
  File "D:\sd14\Temu_horizon\core\login.py", line 256, in run
    result = await self.run_once()
  File "D:\sd14\Temu_horizon\core\login.py", line 239, in run_once
    raise Exception("open_login_page 失败")
Exception: open_login_page 失败
2026-06-21 12:23:54,566 | INFO | temu_site | 104-Temu全托管 - 已关闭Playwright连接
2026-06-21 12:23:55,388 | INFO | temu_site | 104-Temu全托管 - 已发送停止浏览器请求
2026-06-21 12:23:55,389 | INFO | temu_site | 104-Temu全托管 - 准备重试，等待 3 秒...
2026-06-21 12:23:58,399 | INFO | temu_site | 104-Temu全托管 - 第 2 次登录尝试
2026-06-21 12:24:01,612 | INFO | temu_site | 104-Temu全托管 - start_api 返回: {'code': 0, 'msg': 'Success', 'data': {'action': 'startBrowserByCode', 'backgroundPluginId': 'chlkfnmgfghenbeelpneidfjbkpokonp', 'browserID': 104527083, 'browserPath': 'C:\\Users\\Administrator\\AppData\\Local\\env-kit\\Core\\chrome_64_131_202501091017\\hubstudio', 'debuggingPort': '60109', 'downloadPath': 'C:\\Users\\Administrator\\Desktop\\Hubstudio\\temu全托104店-YYDeeK子账号', 'duplicate': 2857, 'ip': '125.122.156.184', 'isDynamicIp': False, 'launcherPage': 'about:blank', 'proxyType': 'socks5', 'runMode': 2, 'webdriver': 'C:\\Users\\Administrator\\AppData\\Local\\env-kit\\Core\\chrome_64_131_202501091017\\webdriver.exe', 'containerId': 104527083, 'containerCode': '1053270835', 'statusCode': '0', 'err': '成功(Success)'}}
2026-06-21 12:24:01,613 | INFO | temu_site | 104-Temu全托管 - 浏览器启动成功, 调试端口: 60109
2026-06-21 12:24:03,363 | INFO | temu_site | 104-Temu全托管 - 已连接浏览器
2026-06-21 12:24:03,686 | ERROR | temu_site | 104-Temu全托管 - 打开登录页失败: Page.goto: net::ERR_CONNECTION_CLOSED at https://seller.kuajingmaihuo.com/login
Call log:
  - navigating to "https://seller.kuajingmaihuo.com/login", waiting until "domcontentloaded"

2026-06-21 12:24:03,686 | ERROR | temu_site | 104-Temu全托管 - 第 2 次失败: open_login_page 失败
Traceback (most recent call last):
  File "D:\sd14\Temu_horizon\core\base_client.py", line 62, in post
    resp.raise_for_status()
  File "C:\ProgramData\anaconda3\envs\spider310\lib\site-packages\requests\models.py", line 1026, in raise_for_status
    raise HTTPError(http_error_msg, response=self)
requests.exceptions.HTTPError: 403 Client Error: Forbidden for url: https://agentseller.temu.com/api/kiana/mms/robin/searchForChainSupplier

During handling of the above exception, another exception occurred:

Traceback (most recent call last):
  File "D:\sd14\Temu_horizon\core\login.py", line 256, in run
    result = await self.run_once()
  File "D:\sd14\Temu_horizon\core\login.py", line 239, in run_once
    raise Exception("open_login_page 失败")
Exception: open_login_page 失败
2026-06-21 12:24:03,710 | INFO | temu_site | 104-Temu全托管 - 已关闭Playwright连接
2026-06-21 12:24:04,538 | INFO | temu_site | 104-Temu全托管 - 已发送停止浏览器请求
2026-06-21 12:24:04,538 | INFO | temu_site | 104-Temu全托管 - 准备重试，等待 3 秒...
2026-06-21 12:24:07,546 | INFO | temu_site | 104-Temu全托管 - 第 3 次登录尝试
2026-06-21 12:24:10,475 | INFO | temu_site | 104-Temu全托管 - start_api 返回: {'code': 0, 'msg': 'Success', 'data': {'action': 'startBrowserByCode', 'backgroundPluginId': 'chlkfnmgfghenbeelpneidfjbkpokonp', 'browserID': 104527083, 'browserPath': 'C:\\Users\\Administrator\\AppData\\Local\\env-kit\\Core\\chrome_64_131_202501091017\\hubstudio', 'debuggingPort': '60216', 'downloadPath': 'C:\\Users\\Administrator\\Desktop\\Hubstudio\\temu全托104店-YYDeeK子账号', 'duplicate': 2470, 'ip': '125.122.156.184', 'isDynamicIp': False, 'launcherPage': 'about:blank', 'proxyType': 'socks5', 'runMode': 2, 'webdriver': 'C:\\Users\\Administrator\\AppData\\Local\\env-kit\\Core\\chrome_64_131_202501091017\\webdriver.exe', 'containerId': 104527083, 'containerCode': '1053270835', 'statusCode': '0', 'err': '成功(Success)'}}
2026-06-21 12:24:10,475 | INFO | temu_site | 104-Temu全托管 - 浏览器启动成功, 调试端口: 60216
2026-06-21 12:24:12,126 | INFO | temu_site | 104-Temu全托管 - 已连接浏览器
2026-06-21 12:24:12,138 | ERROR | temu_site | 104-Temu全托管 - 打开登录页失败: Page.goto: net::ERR_ABORTED at https://seller.kuajingmaihuo.com/login
Call log:
  - navigating to "https://seller.kuajingmaihuo.com/login", waiting until "domcontentloaded"

2026-06-21 12:24:12,145 | ERROR | temu_site | 104-Temu全托管 - 第 3 次失败: open_login_page 失败
Traceback (most recent call last):
  File "D:\sd14\Temu_horizon\core\base_client.py", line 62, in post
    resp.raise_for_status()
  File "C:\ProgramData\anaconda3\envs\spider310\lib\site-packages\requests\models.py", line 1026, in raise_for_status
    raise HTTPError(http_error_msg, response=self)
requests.exceptions.HTTPError: 403 Client Error: Forbidden for url: https://agentseller.temu.com/api/kiana/mms/robin/searchForChainSupplier

During handling of the above exception, another exception occurred:

Traceback (most recent call last):
  File "D:\sd14\Temu_horizon\core\login.py", line 256, in run
    result = await self.run_once()
  File "D:\sd14\Temu_horizon\core\login.py", line 239, in run_once
    raise Exception("open_login_page 失败")
Exception: open_login_page 失败
2026-06-21 12:24:12,171 | INFO | temu_site | 104-Temu全托管 - 已关闭Playwright连接
2026-06-21 12:24:13,022 | INFO | temu_site | 104-Temu全托管 - 已发送停止浏览器请求
2026-06-21 12:24:13,023 | INFO | temu_site | 104-Temu全托管 - 准备重试，等待 3 秒...
2026-06-21 12:24:16,025 | INFO | temu_site | 104-Temu全托管 - 第 4 次登录尝试
2026-06-21 12:24:18,792 | INFO | temu_site | 104-Temu全托管 - start_api 返回: {'code': 0, 'msg': 'Success', 'data': {'action': 'startBrowserByCode', 'backgroundPluginId': 'chlkfnmgfghenbeelpneidfjbkpokonp', 'browserID': 104527083, 'browserPath': 'C:\\Users\\Administrator\\AppData\\Local\\env-kit\\Core\\chrome_64_131_202501091017\\hubstudio', 'debuggingPort': '60318', 'downloadPath': 'C:\\Users\\Administrator\\Desktop\\Hubstudio\\temu全托104店-YYDeeK子账号', 'duplicate': 2383, 'ip': '125.122.156.184', 'isDynamicIp': False, 'launcherPage': 'about:blank', 'proxyType': 'socks5', 'runMode': 2, 'webdriver': 'C:\\Users\\Administrator\\AppData\\Local\\env-kit\\Core\\chrome_64_131_202501091017\\webdriver.exe', 'containerId': 104527083, 'containerCode': '1053270835', 'statusCode': '0', 'err': '成功(Success)'}}
2026-06-21 12:24:18,792 | INFO | temu_site | 104-Temu全托管 - 浏览器启动成功, 调试端口: 60318
2026-06-21 12:24:20,424 | INFO | temu_site | 104-Temu全托管 - 已连接浏览器
2026-06-21 12:24:20,435 | ERROR | temu_site | 104-Temu全托管 - 打开登录页失败: Page.goto: net::ERR_ABORTED at https://seller.kuajingmaihuo.com/login
Call log:
  - navigating to "https://seller.kuajingmaihuo.com/login", waiting until "domcontentloaded"

2026-06-21 12:24:20,436 | ERROR | temu_site | 104-Temu全托管 - 第 4 次失败: open_login_page 失败
Traceback (most recent call last):
  File "D:\sd14\Temu_horizon\core\base_client.py", line 62, in post
    resp.raise_for_status()
  File "C:\ProgramData\anaconda3\envs\spider310\lib\site-packages\requests\models.py", line 1026, in raise_for_status
    raise HTTPError(http_error_msg, response=self)
requests.exceptions.HTTPError: 403 Client Error: Forbidden for url: https://agentseller.temu.com/api/kiana/mms/robin/searchForChainSupplier

During handling of the above exception, another exception occurred:

Traceback (most recent call last):
  File "D:\sd14\Temu_horizon\core\login.py", line 256, in run
    result = await self.run_once()
  File "D:\sd14\Temu_horizon\core\login.py", line 239, in run_once
    raise Exception("open_login_page 失败")
Exception: open_login_page 失败
2026-06-21 12:24:20,457 | INFO | temu_site | 104-Temu全托管 - 已关闭Playwright连接
2026-06-21 12:24:21,310 | INFO | temu_site | 104-Temu全托管 - 已发送停止浏览器请求
2026-06-21 12:24:21,311 | INFO | temu_site | 104-Temu全托管 - 准备重试，等待 3 秒...
2026-06-21 12:24:24,317 | INFO | temu_site | 104-Temu全托管 - 第 5 次登录尝试
2026-06-21 12:24:26,848 | INFO | temu_site | 104-Temu全托管 - start_api 返回: {'code': 0, 'msg': 'Success', 'data': {'action': 'startBrowserByCode', 'backgroundPluginId': 'chlkfnmgfghenbeelpneidfjbkpokonp', 'browserID': 104527083, 'browserPath': 'C:\\Users\\Administrator\\AppData\\Local\\env-kit\\Core\\chrome_64_131_202501091017\\hubstudio', 'debuggingPort': '60416', 'downloadPath': 'C:\\Users\\Administrator\\Desktop\\Hubstudio\\temu全托104店-YYDeeK子账号', 'duplicate': 2192, 'ip': '125.122.156.184', 'isDynamicIp': False, 'launcherPage': 'about:blank', 'proxyType': 'socks5', 'runMode': 2, 'webdriver': 'C:\\Users\\Administrator\\AppData\\Local\\env-kit\\Core\\chrome_64_131_202501091017\\webdriver.exe', 'containerId': 104527083, 'containerCode': '1053270835', 'statusCode': '0', 'err': '成功(Success)'}}
2026-06-21 12:24:26,848 | INFO | temu_site | 104-Temu全托管 - 浏览器启动成功, 调试端口: 60416
2026-06-21 12:24:28,495 | INFO | temu_site | 104-Temu全托管 - 已连接浏览器
2026-06-21 12:24:28,507 | ERROR | temu_site | 104-Temu全托管 - 打开登录页失败: Page.goto: net::ERR_ABORTED at https://seller.kuajingmaihuo.com/login
Call log:
  - navigating to "https://seller.kuajingmaihuo.com/login", waiting until "domcontentloaded"

2026-06-21 12:24:28,511 | ERROR | temu_site | 104-Temu全托管 - 第 5 次失败: open_login_page 失败
Traceback (most recent call last):
  File "D:\sd14\Temu_horizon\core\base_client.py", line 62, in post
    resp.raise_for_status()
  File "C:\ProgramData\anaconda3\envs\spider310\lib\site-packages\requests\models.py", line 1026, in raise_for_status
    raise HTTPError(http_error_msg, response=self)
requests.exceptions.HTTPError: 403 Client Error: Forbidden for url: https://agentseller.temu.com/api/kiana/mms/robin/searchForChainSupplier

During handling of the above exception, another exception occurred:

Traceback (most recent call last):
  File "D:\sd14\Temu_horizon\core\login.py", line 256, in run
    result = await self.run_once()
  File "D:\sd14\Temu_horizon\core\login.py", line 239, in run_once
    raise Exception("open_login_page 失败")
Exception: open_login_page 失败
2026-06-21 12:24:28,534 | INFO | temu_site | 104-Temu全托管 - 已关闭Playwright连接
2026-06-21 12:24:29,377 | INFO | temu_site | 104-Temu全托管 - 已发送停止浏览器请求
2026-06-21 12:24:29,378 | INFO | temu_site | 104-Temu全托管 - 准备重试，等待 3 秒...
2026-06-21 12:24:32,390 | INFO | temu_site | 104-Temu全托管 - 第 6 次登录尝试
2026-06-21 12:24:35,460 | INFO | temu_site | 104-Temu全托管 - start_api 返回: {'code': 0, 'msg': 'Success', 'data': {'action': 'startBrowserByCode', 'backgroundPluginId': 'chlkfnmgfghenbeelpneidfjbkpokonp', 'browserID': 104527083, 'browserPath': 'C:\\Users\\Administrator\\AppData\\Local\\env-kit\\Core\\chrome_64_131_202501091017\\hubstudio', 'debuggingPort': '60524', 'downloadPath': 'C:\\Users\\Administrator\\Desktop\\Hubstudio\\temu全托104店-YYDeeK子账号', 'duplicate': 2604, 'ip': '125.122.156.184', 'isDynamicIp': False, 'launcherPage': 'about:blank', 'proxyType': 'socks5', 'runMode': 2, 'webdriver': 'C:\\Users\\Administrator\\AppData\\Local\\env-kit\\Core\\chrome_64_131_202501091017\\webdriver.exe', 'containerId': 104527083, 'containerCode': '1053270835', 'statusCode': '0', 'err': '成功(Success)'}}
2026-06-21 12:24:35,460 | INFO | temu_site | 104-Temu全托管 - 浏览器启动成功, 调试端口: 60524
2026-06-21 12:24:37,128 | INFO | temu_site | 104-Temu全托管 - 已连接浏览器
2026-06-21 12:24:37,444 | ERROR | temu_site | 104-Temu全托管 - 打开登录页失败: Page.goto: net::ERR_CONNECTION_CLOSED at https://seller.kuajingmaihuo.com/login
Call log:
  - navigating to "https://seller.kuajingmaihuo.com/login", waiting until "domcontentloaded"

2026-06-21 12:24:37,444 | ERROR | temu_site | 104-Temu全托管 - 第 6 次失败: open_login_page 失败
Traceback (most recent call last):
  File "D:\sd14\Temu_horizon\core\base_client.py", line 62, in post
    resp.raise_for_status()
  File "C:\ProgramData\anaconda3\envs\spider310\lib\site-packages\requests\models.py", line 1026, in raise_for_status
    raise HTTPError(http_error_msg, response=self)
requests.exceptions.HTTPError: 403 Client Error: Forbidden for url: https://agentseller.temu.com/api/kiana/mms/robin/searchForChainSupplier

During handling of the above exception, another exception occurred:

Traceback (most recent call last):
  File "D:\sd14\Temu_horizon\core\login.py", line 256, in run
    result = await self.run_once()
  File "D:\sd14\Temu_horizon\core\login.py", line 239, in run_once
    raise Exception("open_login_page 失败")
Exception: open_login_page 失败
2026-06-21 12:24:37,476 | INFO | temu_site | 104-Temu全托管 - 已关闭Playwright连接
2026-06-21 12:24:38,260 | INFO | temu_site | 104-Temu全托管 - 已发送停止浏览器请求
2026-06-21 12:24:38,261 | ERROR | temu_site | 104-Temu全托管 - 登录失败，已达到最大重试次数 6
2026-06-21 12:24:38,261 | ERROR | temu_site | 处理店铺 104-Temu全托管 时出错: [104-Temu全托管] 登录失败
2026-06-21 12:24:38,263 | INFO | temu_site | 正在爬取店铺---103-Temu全托管---skc_sku_violate数据
2026-06-21 12:24:39,308 | ERROR | temu_site | [103-Temu全托管] 请求失败（第 1 次）: 403 Client Error: Forbidden for url: https://agentseller.temu.com/api/kiana/mms/robin/searchForChainSupplier
2026-06-21 12:24:39,309 | INFO | temu_site | 103-Temu全托管 - 第 1 次登录尝试
2026-06-21 12:24:42,761 | INFO | temu_site | 103-Temu全托管 - start_api 返回: {'code': 0, 'msg': 'Success', 'data': {'action': 'startBrowserByCode', 'backgroundPluginId': 'cjlkadfgnhnogfgajjoffajniklimcmh', 'browserID': 104523239, 'browserPath': 'C:\\Users\\Administrator\\AppData\\Local\\env-kit\\Core\\chrome_64_131_202501091017\\hubstudio', 'debuggingPort': '60655', 'downloadPath': 'C:\\Users\\Administrator\\Desktop\\Hubstudio\\temu全托103店-PBee', 'duplicate': 3062, 'ip': '36.111.32.150', 'isDynamicIp': False, 'launcherPage': 'about:blank', 'proxyType': 'socks5', 'runMode': 2, 'webdriver': 'C:\\Users\\Administrator\\AppData\\Local\\env-kit\\Core\\chrome_64_131_202501091017\\webdriver.exe', 'containerId': 104523239, 'containerCode': '1053232390', 'statusCode': '0', 'err': '成功(Success)'}}
2026-06-21 12:24:42,762 | INFO | temu_site | 103-Temu全托管 - 浏览器启动成功, 调试端口: 60655
2026-06-21 12:24:44,396 | INFO | temu_site | 103-Temu全托管 - 已连接浏览器
2026-06-21 12:24:44,504 | ERROR | temu_site | 103-Temu全托管 - 打开登录页失败: Page.goto: net::ERR_CONNECTION_CLOSED at https://seller.kuajingmaihuo.com/login
Call log:
  - navigating to "https://seller.kuajingmaihuo.com/login", waiting until "domcontentloaded"

2026-06-21 12:24:44,505 | ERROR | temu_site | 103-Temu全托管 - 第 1 次失败: open_login_page 失败
Traceback (most recent call last):
  File "D:\sd14\Temu_horizon\core\base_client.py", line 62, in post
    resp.raise_for_status()
  File "C:\ProgramData\anaconda3\envs\spider310\lib\site-packages\requests\models.py", line 1026, in raise_for_status
    raise HTTPError(http_error_msg, response=self)
requests.exceptions.HTTPError: 403 Client Error: Forbidden for url: https://agentseller.temu.com/api/kiana/mms/robin/searchForChainSupplier

During handling of the above exception, another exception occurred:

Traceback (most recent call last):
  File "D:\sd14\Temu_horizon\core\login.py", line 256, in run
    result = await self.run_once()
  File "D:\sd14\Temu_horizon\core\login.py", line 239, in run_once
    raise Exception("open_login_page 失败")
Exception: open_login_page 失败
2026-06-21 12:24:44,525 | INFO | temu_site | 103-Temu全托管 - 已关闭Playwright连接
2026-06-21 12:24:45,380 | INFO | temu_site | 103-Temu全托管 - 已发送停止浏览器请求
2026-06-21 12:24:45,381 | INFO | temu_site | 103-Temu全托管 - 准备重试，等待 3 秒...
2026-06-21 12:24:48,392 | INFO | temu_site | 103-Temu全托管 - 第 2 次登录尝试
2026-06-21 12:24:51,103 | INFO | temu_site | 103-Temu全托管 - start_api 返回: {'code': 0, 'msg': 'Success', 'data': {'action': 'startBrowserByCode', 'backgroundPluginId': 'cjlkadfgnhnogfgajjoffajniklimcmh', 'browserID': 104523239, 'browserPath': 'C:\\Users\\Administrator\\AppData\\Local\\env-kit\\Core\\chrome_64_131_202501091017\\hubstudio', 'debuggingPort': '60765', 'downloadPath': 'C:\\Users\\Administrator\\Desktop\\Hubstudio\\temu全托103店-PBee', 'duplicate': 2307, 'ip': '36.111.32.150', 'isDynamicIp': False, 'launcherPage': 'about:blank', 'proxyType': 'socks5', 'runMode': 2, 'webdriver': 'C:\\Users\\Administrator\\AppData\\Local\\env-kit\\Core\\chrome_64_131_202501091017\\webdriver.exe', 'containerId': 104523239, 'containerCode': '1053232390', 'statusCode': '0', 'err': '成功(Success)'}}
2026-06-21 12:24:51,104 | INFO | temu_site | 103-Temu全托管 - 浏览器启动成功, 调试端口: 60765
2026-06-21 12:24:52,740 | INFO | temu_site | 103-Temu全托管 - 已连接浏览器
2026-06-21 12:24:52,752 | ERROR | temu_site | 103-Temu全托管 - 打开登录页失败: Page.goto: net::ERR_ABORTED at https://seller.kuajingmaihuo.com/login
Call log:
  - navigating to "https://seller.kuajingmaihuo.com/login", waiting until "domcontentloaded"

2026-06-21 12:24:52,754 | ERROR | temu_site | 103-Temu全托管 - 第 2 次失败: open_login_page 失败
Traceback (most recent call last):
  File "D:\sd14\Temu_horizon\core\base_client.py", line 62, in post
    resp.raise_for_status()
  File "C:\ProgramData\anaconda3\envs\spider310\lib\site-packages\requests\models.py", line 1026, in raise_for_status
    raise HTTPError(http_error_msg, response=self)
requests.exceptions.HTTPError: 403 Client Error: Forbidden for url: https://agentseller.temu.com/api/kiana/mms/robin/searchForChainSupplier

During handling of the above exception, another exception occurred:

Traceback (most recent call last):
  File "D:\sd14\Temu_horizon\core\login.py", line 256, in run
    result = await self.run_once()
  File "D:\sd14\Temu_horizon\core\login.py", line 239, in run_once
    raise Exception("open_login_page 失败")
Exception: open_login_page 失败
2026-06-21 12:24:52,779 | INFO | temu_site | 103-Temu全托管 - 已关闭Playwright连接
2026-06-21 12:24:53,638 | INFO | temu_site | 103-Temu全托管 - 已发送停止浏览器请求
2026-06-21 12:24:53,639 | INFO | temu_site | 103-Temu全托管 - 准备重试，等待 3 秒...
2026-06-21 12:24:56,653 | INFO | temu_site | 103-Temu全托管 - 第 3 次登录尝试
2026-06-21 12:24:59,520 | INFO | temu_site | 103-Temu全托管 - start_api 返回: {'code': 0, 'msg': 'Success', 'data': {'action': 'startBrowserByCode', 'backgroundPluginId': 'cjlkadfgnhnogfgajjoffajniklimcmh', 'browserID': 104523239, 'browserPath': 'C:\\Users\\Administrator\\AppData\\Local\\env-kit\\Core\\chrome_64_131_202501091017\\hubstudio', 'debuggingPort': '60864', 'downloadPath': 'C:\\Users\\Administrator\\Desktop\\Hubstudio\\temu全托103店-PBee', 'duplicate': 2474, 'ip': '36.111.32.150', 'isDynamicIp': False, 'launcherPage': 'about:blank', 'proxyType': 'socks5', 'runMode': 2, 'webdriver': 'C:\\Users\\Administrator\\AppData\\Local\\env-kit\\Core\\chrome_64_131_202501091017\\webdriver.exe', 'containerId': 104523239, 'containerCode': '1053232390', 'statusCode': '0', 'err': '成功(Success)'}}
2026-06-21 12:24:59,521 | INFO | temu_site | 103-Temu全托管 - 浏览器启动成功, 调试端口: 60864
2026-06-21 12:25:01,150 | INFO | temu_site | 103-Temu全托管 - 已连接浏览器
2026-06-21 12:25:01,299 | ERROR | temu_site | 103-Temu全托管 - 打开登录页失败: Page.goto: net::ERR_CONNECTION_CLOSED at https://seller.kuajingmaihuo.com/login
Call log:
  - navigating to "https://seller.kuajingmaihuo.com/login", waiting until "domcontentloaded"

2026-06-21 12:25:01,300 | ERROR | temu_site | 103-Temu全托管 - 第 3 次失败: open_login_page 失败
Traceback (most recent call last):
  File "D:\sd14\Temu_horizon\core\base_client.py", line 62, in post
    resp.raise_for_status()
  File "C:\ProgramData\anaconda3\envs\spider310\lib\site-packages\requests\models.py", line 1026, in raise_for_status
    raise HTTPError(http_error_msg, response=self)
requests.exceptions.HTTPError: 403 Client Error: Forbidden for url: https://agentseller.temu.com/api/kiana/mms/robin/searchForChainSupplier

During handling of the above exception, another exception occurred:

Traceback (most recent call last):
  File "D:\sd14\Temu_horizon\core\login.py", line 256, in run
    result = await self.run_once()
  File "D:\sd14\Temu_horizon\core\login.py", line 239, in run_once
    raise Exception("open_login_page 失败")
Exception: open_login_page 失败
2026-06-21 12:25:01,329 | INFO | temu_site | 103-Temu全托管 - 已关闭Playwright连接
2026-06-21 12:25:02,134 | INFO | temu_site | 103-Temu全托管 - 已发送停止浏览器请求
2026-06-21 12:25:02,134 | INFO | temu_site | 103-Temu全托管 - 准备重试，等待 3 秒...
2026-06-21 12:25:05,136 | INFO | temu_site | 103-Temu全托管 - 第 4 次登录尝试
2026-06-21 12:25:08,023 | INFO | temu_site | 103-Temu全托管 - start_api 返回: {'code': 0, 'msg': 'Success', 'data': {'action': 'startBrowserByCode', 'backgroundPluginId': 'cjlkadfgnhnogfgajjoffajniklimcmh', 'browserID': 104523239, 'browserPath': 'C:\\Users\\Administrator\\AppData\\Local\\env-kit\\Core\\chrome_64_131_202501091017\\hubstudio', 'debuggingPort': '60975', 'downloadPath': 'C:\\Users\\Administrator\\Desktop\\Hubstudio\\temu全托103店-PBee', 'duplicate': 2515, 'ip': '36.111.32.150', 'isDynamicIp': False, 'launcherPage': 'about:blank', 'proxyType': 'socks5', 'runMode': 2, 'webdriver': 'C:\\Users\\Administrator\\AppData\\Local\\env-kit\\Core\\chrome_64_131_202501091017\\webdriver.exe', 'containerId': 104523239, 'containerCode': '1053232390', 'statusCode': '0', 'err': '成功(Success)'}}
2026-06-21 12:25:08,024 | INFO | temu_site | 103-Temu全托管 - 浏览器启动成功, 调试端口: 60975
2026-06-21 12:25:09,694 | INFO | temu_site | 103-Temu全托管 - 已连接浏览器
2026-06-21 12:25:09,806 | ERROR | temu_site | 103-Temu全托管 - 打开登录页失败: Page.goto: net::ERR_CONNECTION_CLOSED at https://seller.kuajingmaihuo.com/login
Call log:
  - navigating to "https://seller.kuajingmaihuo.com/login", waiting until "domcontentloaded"

2026-06-21 12:25:09,806 | ERROR | temu_site | 103-Temu全托管 - 第 4 次失败: open_login_page 失败
Traceback (most recent call last):
  File "D:\sd14\Temu_horizon\core\base_client.py", line 62, in post
    resp.raise_for_status()
  File "C:\ProgramData\anaconda3\envs\spider310\lib\site-packages\requests\models.py", line 1026, in raise_for_status
    raise HTTPError(http_error_msg, response=self)
requests.exceptions.HTTPError: 403 Client Error: Forbidden for url: https://agentseller.temu.com/api/kiana/mms/robin/searchForChainSupplier

During handling of the above exception, another exception occurred:

Traceback (most recent call last):
  File "D:\sd14\Temu_horizon\core\login.py", line 256, in run
    result = await self.run_once()
  File "D:\sd14\Temu_horizon\core\login.py", line 239, in run_once
    raise Exception("open_login_page 失败")
Exception: open_login_page 失败
2026-06-21 12:25:09,830 | INFO | temu_site | 103-Temu全托管 - 已关闭Playwright连接
2026-06-21 12:25:10,718 | INFO | temu_site | 103-Temu全托管 - 已发送停止浏览器请求
2026-06-21 12:25:10,718 | INFO | temu_site | 103-Temu全托管 - 准备重试，等待 3 秒...
2026-06-21 12:25:13,730 | INFO | temu_site | 103-Temu全托管 - 第 5 次登录尝试
2026-06-21 12:25:16,829 | INFO | temu_site | 103-Temu全托管 - start_api 返回: {'code': 0, 'msg': 'Success', 'data': {'action': 'startBrowserByCode', 'backgroundPluginId': 'cjlkadfgnhnogfgajjoffajniklimcmh', 'browserID': 104523239, 'browserPath': 'C:\\Users\\Administrator\\AppData\\Local\\env-kit\\Core\\chrome_64_131_202501091017\\hubstudio', 'debuggingPort': '61081', 'downloadPath': 'C:\\Users\\Administrator\\Desktop\\Hubstudio\\temu全托103店-PBee', 'duplicate': 2637, 'ip': '36.111.32.150', 'isDynamicIp': False, 'launcherPage': 'about:blank', 'proxyType': 'socks5', 'runMode': 2, 'webdriver': 'C:\\Users\\Administrator\\AppData\\Local\\env-kit\\Core\\chrome_64_131_202501091017\\webdriver.exe', 'containerId': 104523239, 'containerCode': '1053232390', 'statusCode': '0', 'err': '成功(Success)'}}
2026-06-21 12:25:16,829 | INFO | temu_site | 103-Temu全托管 - 浏览器启动成功, 调试端口: 61081
2026-06-21 12:25:18,469 | INFO | temu_site | 103-Temu全托管 - 已连接浏览器
2026-06-21 12:25:18,585 | ERROR | temu_site | 103-Temu全托管 - 打开登录页失败: Page.goto: net::ERR_CONNECTION_CLOSED at https://seller.kuajingmaihuo.com/login
Call log:
  - navigating to "https://seller.kuajingmaihuo.com/login", waiting until "domcontentloaded"

2026-06-21 12:25:18,585 | ERROR | temu_site | 103-Temu全托管 - 第 5 次失败: open_login_page 失败
Traceback (most recent call last):
  File "D:\sd14\Temu_horizon\core\base_client.py", line 62, in post
    resp.raise_for_status()
  File "C:\ProgramData\anaconda3\envs\spider310\lib\site-packages\requests\models.py", line 1026, in raise_for_status
    raise HTTPError(http_error_msg, response=self)
requests.exceptions.HTTPError: 403 Client Error: Forbidden for url: https://agentseller.temu.com/api/kiana/mms/robin/searchForChainSupplier

During handling of the above exception, another exception occurred:

Traceback (most recent call last):
  File "D:\sd14\Temu_horizon\core\login.py", line 256, in run
    result = await self.run_once()
  File "D:\sd14\Temu_horizon\core\login.py", line 239, in run_once
    raise Exception("open_login_page 失败")
Exception: open_login_page 失败
2026-06-21 12:25:18,609 | INFO | temu_site | 103-Temu全托管 - 已关闭Playwright连接
2026-06-21 12:25:19,459 | INFO | temu_site | 103-Temu全托管 - 已发送停止浏览器请求
2026-06-21 12:25:19,459 | INFO | temu_site | 103-Temu全托管 - 准备重试，等待 3 秒...
2026-06-21 12:25:22,472 | INFO | temu_site | 103-Temu全托管 - 第 6 次登录尝试
2026-06-21 12:25:25,307 | INFO | temu_site | 103-Temu全托管 - start_api 返回: {'code': 0, 'msg': 'Success', 'data': {'action': 'startBrowserByCode', 'backgroundPluginId': 'cjlkadfgnhnogfgajjoffajniklimcmh', 'browserID': 104523239, 'browserPath': 'C:\\Users\\Administrator\\AppData\\Local\\env-kit\\Core\\chrome_64_131_202501091017\\hubstudio', 'debuggingPort': '61189', 'downloadPath': 'C:\\Users\\Administrator\\Desktop\\Hubstudio\\temu全托103店-PBee', 'duplicate': 2444, 'ip': '36.111.32.150', 'isDynamicIp': False, 'launcherPage': 'about:blank', 'proxyType': 'socks5', 'runMode': 2, 'webdriver': 'C:\\Users\\Administrator\\AppData\\Local\\env-kit\\Core\\chrome_64_131_202501091017\\webdriver.exe', 'containerId': 104523239, 'containerCode': '1053232390', 'statusCode': '0', 'err': '成功(Success)'}}
2026-06-21 12:25:25,307 | INFO | temu_site | 103-Temu全托管 - 浏览器启动成功, 调试端口: 61189
2026-06-21 12:25:26,968 | INFO | temu_site | 103-Temu全托管 - 已连接浏览器
2026-06-21 12:25:26,979 | ERROR | temu_site | 103-Temu全托管 - 打开登录页失败: Page.goto: net::ERR_ABORTED at https://seller.kuajingmaihuo.com/login
Call log:
  - navigating to "https://seller.kuajingmaihuo.com/login", waiting until "domcontentloaded"

2026-06-21 12:25:26,982 | ERROR | temu_site | 103-Temu全托管 - 第 6 次失败: open_login_page 失败
Traceback (most recent call last):
  File "D:\sd14\Temu_horizon\core\base_client.py", line 62, in post
    resp.raise_for_status()
  File "C:\ProgramData\anaconda3\envs\spider310\lib\site-packages\requests\models.py", line 1026, in raise_for_status
    raise HTTPError(http_error_msg, response=self)
requests.exceptions.HTTPError: 403 Client Error: Forbidden for url: https://agentseller.temu.com/api/kiana/mms/robin/searchForChainSupplier

During handling of the above exception, another exception occurred:

Traceback (most recent call last):
  File "D:\sd14\Temu_horizon\core\login.py", line 256, in run
    result = await self.run_once()
  File "D:\sd14\Temu_horizon\core\login.py", line 239, in run_once
    raise Exception("open_login_page 失败")
Exception: open_login_page 失败
2026-06-21 12:25:27,007 | INFO | temu_site | 103-Temu全托管 - 已关闭Playwright连接
2026-06-21 12:25:27,808 | INFO | temu_site | 103-Temu全托管 - 已发送停止浏览器请求
2026-06-21 12:25:27,808 | ERROR | temu_site | 103-Temu全托管 - 登录失败，已达到最大重试次数 6
2026-06-21 12:25:27,809 | ERROR | temu_site | 处理店铺 103-Temu全托管 时出错: [103-Temu全托管] 登录失败
2026-06-21 12:25:27,810 | INFO | temu_site | 正在爬取店铺---102-Temu全托管---skc_sku_violate数据
2026-06-21 12:25:28,837 | ERROR | temu_site | [102-Temu全托管] 请求失败（第 1 次）: 403 Client Error: Forbidden for url: https://agentseller.temu.com/api/kiana/mms/robin/searchForChainSupplier
2026-06-21 12:25:28,838 | INFO | temu_site | 102-Temu全托管 - 第 1 次登录尝试
2026-06-21 12:25:32,070 | INFO | temu_site | 102-Temu全托管 - start_api 返回: {'code': 0, 'msg': 'Success', 'data': {'action': 'startBrowserByCode', 'backgroundPluginId': 'aiknnnpfbnhmmkmkhfpbofgeoljmaakg', 'browserID': 104522336, 'browserPath': 'C:\\Users\\Administrator\\AppData\\Local\\env-kit\\Core\\chrome_64_131_202501091017\\hubstudio', 'debuggingPort': '61286', 'downloadPath': 'C:\\Users\\Administrator\\Desktop\\Hubstudio\\temu全托102店-PBear', 'duplicate': 2949, 'ip': '218.78.129.68', 'isDynamicIp': False, 'launcherPage': 'about:blank', 'proxyType': 'socks5', 'runMode': 2, 'webdriver': 'C:\\Users\\Administrator\\AppData\\Local\\env-kit\\Core\\chrome_64_131_202501091017\\webdriver.exe', 'containerId': 104522336, 'containerCode': '1053223369', 'statusCode': '0', 'err': '成功(Success)'}}
2026-06-21 12:25:32,070 | INFO | temu_site | 102-Temu全托管 - 浏览器启动成功, 调试端口: 61286
2026-06-21 12:25:33,840 | INFO | temu_site | 102-Temu全托管 - 已连接浏览器
2026-06-21 12:25:33,851 | ERROR | temu_site | 102-Temu全托管 - 打开登录页失败: Page.goto: net::ERR_ABORTED at https://seller.kuajingmaihuo.com/login
Call log:
  - navigating to "https://seller.kuajingmaihuo.com/login", waiting until "domcontentloaded"

2026-06-21 12:25:33,854 | ERROR | temu_site | 102-Temu全托管 - 第 1 次失败: open_login_page 失败
Traceback (most recent call last):
  File "D:\sd14\Temu_horizon\core\base_client.py", line 62, in post
    resp.raise_for_status()
  File "C:\ProgramData\anaconda3\envs\spider310\lib\site-packages\requests\models.py", line 1026, in raise_for_status
    raise HTTPError(http_error_msg, response=self)
requests.exceptions.HTTPError: 403 Client Error: Forbidden for url: https://agentseller.temu.com/api/kiana/mms/robin/searchForChainSupplier

During handling of the above exception, another exception occurred:

Traceback (most recent call last):
  File "D:\sd14\Temu_horizon\core\login.py", line 256, in run
    result = await self.run_once()
  File "D:\sd14\Temu_horizon\core\login.py", line 239, in run_once
    raise Exception("open_login_page 失败")
Exception: open_login_page 失败
2026-06-21 12:25:33,875 | INFO | temu_site | 102-Temu全托管 - 已关闭Playwright连接
2026-06-21 12:25:34,793 | INFO | temu_site | 102-Temu全托管 - 已发送停止浏览器请求
2026-06-21 12:25:34,793 | INFO | temu_site | 102-Temu全托管 - 准备重试，等待 3 秒...
2026-06-21 12:25:37,800 | INFO | temu_site | 102-Temu全托管 - 第 2 次登录尝试
2026-06-21 12:25:40,571 | INFO | temu_site | 102-Temu全托管 - start_api 返回: {'code': 0, 'msg': 'Success', 'data': {'action': 'startBrowserByCode', 'backgroundPluginId': 'aiknnnpfbnhmmkmkhfpbofgeoljmaakg', 'browserID': 104522336, 'browserPath': 'C:\\Users\\Administrator\\AppData\\Local\\env-kit\\Core\\chrome_64_131_202501091017\\hubstudio', 'debuggingPort': '61402', 'downloadPath': 'C:\\Users\\Administrator\\Desktop\\Hubstudio\\temu全托102店-PBear', 'duplicate': 2409, 'ip': '218.78.129.68', 'isDynamicIp': False, 'launcherPage': 'about:blank', 'proxyType': 'socks5', 'runMode': 2, 'webdriver': 'C:\\Users\\Administrator\\AppData\\Local\\env-kit\\Core\\chrome_64_131_202501091017\\webdriver.exe', 'containerId': 104522336, 'containerCode': '1053223369', 'statusCode': '0', 'err': '成功(Success)'}}
2026-06-21 12:25:40,572 | INFO | temu_site | 102-Temu全托管 - 浏览器启动成功, 调试端口: 61402
2026-06-21 12:25:42,373 | INFO | temu_site | 102-Temu全托管 - 已连接浏览器
2026-06-21 12:25:42,384 | ERROR | temu_site | 102-Temu全托管 - 打开登录页失败: Page.goto: net::ERR_ABORTED at https://seller.kuajingmaihuo.com/login
Call log:
  - navigating to "https://seller.kuajingmaihuo.com/login", waiting until "domcontentloaded"

2026-06-21 12:25:42,394 | ERROR | temu_site | 102-Temu全托管 - 第 2 次失败: open_login_page 失败
Traceback (most recent call last):
  File "D:\sd14\Temu_horizon\core\base_client.py", line 62, in post
    resp.raise_for_status()
  File "C:\ProgramData\anaconda3\envs\spider310\lib\site-packages\requests\models.py", line 1026, in raise_for_status
    raise HTTPError(http_error_msg, response=self)
requests.exceptions.HTTPError: 403 Client Error: Forbidden for url: https://agentseller.temu.com/api/kiana/mms/robin/searchForChainSupplier

During handling of the above exception, another exception occurred:

Traceback (most recent call last):
  File "D:\sd14\Temu_horizon\core\login.py", line 256, in run
    result = await self.run_once()
  File "D:\sd14\Temu_horizon\core\login.py", line 239, in run_once
    raise Exception("open_login_page 失败")
Exception: open_login_page 失败
2026-06-21 12:25:42,416 | INFO | temu_site | 102-Temu全托管 - 已关闭Playwright连接
2026-06-21 12:25:43,238 | INFO | temu_site | 102-Temu全托管 - 已发送停止浏览器请求
2026-06-21 12:25:43,239 | INFO | temu_site | 102-Temu全托管 - 准备重试，等待 3 秒...
2026-06-21 12:25:46,251 | INFO | temu_site | 102-Temu全托管 - 第 3 次登录尝试
2026-06-21 12:25:49,791 | INFO | temu_site | 102-Temu全托管 - start_api 返回: {'code': 0, 'msg': 'Success', 'data': {'action': 'startBrowserByCode', 'backgroundPluginId': 'aiknnnpfbnhmmkmkhfpbofgeoljmaakg', 'browserID': 104522336, 'browserPath': 'C:\\Users\\Administrator\\AppData\\Local\\env-kit\\Core\\chrome_64_131_202501091017\\hubstudio', 'debuggingPort': '61504', 'downloadPath': 'C:\\Users\\Administrator\\Desktop\\Hubstudio\\temu全托102店-PBear', 'duplicate': 3096, 'ip': '218.78.129.68', 'isDynamicIp': False, 'launcherPage': 'about:blank', 'proxyType': 'socks5', 'runMode': 2, 'webdriver': 'C:\\Users\\Administrator\\AppData\\Local\\env-kit\\Core\\chrome_64_131_202501091017\\webdriver.exe', 'containerId': 104522336, 'containerCode': '1053223369', 'statusCode': '0', 'err': '成功(Success)'}}
2026-06-21 12:25:49,792 | INFO | temu_site | 102-Temu全托管 - 浏览器启动成功, 调试端口: 61504
2026-06-21 12:25:51,577 | INFO | temu_site | 102-Temu全托管 - 已连接浏览器
2026-06-21 12:25:51,590 | ERROR | temu_site | 102-Temu全托管 - 打开登录页失败: Page.goto: net::ERR_ABORTED at https://seller.kuajingmaihuo.com/login
Call log:
  - navigating to "https://seller.kuajingmaihuo.com/login", waiting until "domcontentloaded"

2026-06-21 12:25:51,594 | ERROR | temu_site | 102-Temu全托管 - 第 3 次失败: open_login_page 失败
Traceback (most recent call last):
  File "D:\sd14\Temu_horizon\core\base_client.py", line 62, in post
    resp.raise_for_status()
  File "C:\ProgramData\anaconda3\envs\spider310\lib\site-packages\requests\models.py", line 1026, in raise_for_status
    raise HTTPError(http_error_msg, response=self)
requests.exceptions.HTTPError: 403 Client Error: Forbidden for url: https://agentseller.temu.com/api/kiana/mms/robin/searchForChainSupplier

During handling of the above exception, another exception occurred:

Traceback (most recent call last):
  File "D:\sd14\Temu_horizon\core\login.py", line 256, in run
    result = await self.run_once()
  File "D:\sd14\Temu_horizon\core\login.py", line 239, in run_once
    raise Exception("open_login_page 失败")
Exception: open_login_page 失败
2026-06-21 12:25:51,624 | INFO | temu_site | 102-Temu全托管 - 已关闭Playwright连接
2026-06-21 12:25:52,533 | INFO | temu_site | 102-Temu全托管 - 已发送停止浏览器请求
2026-06-21 12:25:52,534 | INFO | temu_site | 102-Temu全托管 - 准备重试，等待 3 秒...
2026-06-21 12:25:55,544 | INFO | temu_site | 102-Temu全托管 - 第 4 次登录尝试
2026-06-21 12:25:58,534 | INFO | temu_site | 102-Temu全托管 - start_api 返回: {'code': 0, 'msg': 'Success', 'data': {'action': 'startBrowserByCode', 'backgroundPluginId': 'aiknnnpfbnhmmkmkhfpbofgeoljmaakg', 'browserID': 104522336, 'browserPath': 'C:\\Users\\Administrator\\AppData\\Local\\env-kit\\Core\\chrome_64_131_202501091017\\hubstudio', 'debuggingPort': '61605', 'downloadPath': 'C:\\Users\\Administrator\\Desktop\\Hubstudio\\temu全托102店-PBear', 'duplicate': 2574, 'ip': '218.78.129.68', 'isDynamicIp': False, 'launcherPage': 'about:blank', 'proxyType': 'socks5', 'runMode': 2, 'webdriver': 'C:\\Users\\Administrator\\AppData\\Local\\env-kit\\Core\\chrome_64_131_202501091017\\webdriver.exe', 'containerId': 104522336, 'containerCode': '1053223369', 'statusCode': '0', 'err': '成功(Success)'}}
2026-06-21 12:25:58,535 | INFO | temu_site | 102-Temu全托管 - 浏览器启动成功, 调试端口: 61605
2026-06-21 12:26:00,196 | INFO | temu_site | 102-Temu全托管 - 已连接浏览器
2026-06-21 12:26:00,208 | ERROR | temu_site | 102-Temu全托管 - 打开登录页失败: Page.goto: net::ERR_ABORTED at https://seller.kuajingmaihuo.com/login
Call log:
  - navigating to "https://seller.kuajingmaihuo.com/login", waiting until "domcontentloaded"

2026-06-21 12:26:00,213 | ERROR | temu_site | 102-Temu全托管 - 第 4 次失败: open_login_page 失败
Traceback (most recent call last):
  File "D:\sd14\Temu_horizon\core\base_client.py", line 62, in post
    resp.raise_for_status()
  File "C:\ProgramData\anaconda3\envs\spider310\lib\site-packages\requests\models.py", line 1026, in raise_for_status
    raise HTTPError(http_error_msg, response=self)
requests.exceptions.HTTPError: 403 Client Error: Forbidden for url: https://agentseller.temu.com/api/kiana/mms/robin/searchForChainSupplier

During handling of the above exception, another exception occurred:

Traceback (most recent call last):
  File "D:\sd14\Temu_horizon\core\login.py", line 256, in run
    result = await self.run_once()
  File "D:\sd14\Temu_horizon\core\login.py", line 239, in run_once
    raise Exception("open_login_page 失败")
Exception: open_login_page 失败
2026-06-21 12:26:00,234 | INFO | temu_site | 102-Temu全托管 - 已关闭Playwright连接
2026-06-21 12:26:01,105 | INFO | temu_site | 102-Temu全托管 - 已发送停止浏览器请求
2026-06-21 12:26:01,106 | INFO | temu_site | 102-Temu全托管 - 准备重试，等待 3 秒...
2026-06-21 12:26:04,110 | INFO | temu_site | 102-Temu全托管 - 第 5 次登录尝试
2026-06-21 12:26:07,076 | INFO | temu_site | 102-Temu全托管 - start_api 返回: {'code': 0, 'msg': 'Success', 'data': {'action': 'startBrowserByCode', 'backgroundPluginId': 'aiknnnpfbnhmmkmkhfpbofgeoljmaakg', 'browserID': 104522336, 'browserPath': 'C:\\Users\\Administrator\\AppData\\Local\\env-kit\\Core\\chrome_64_131_202501091017\\hubstudio', 'debuggingPort': '61705', 'downloadPath': 'C:\\Users\\Administrator\\Desktop\\Hubstudio\\temu全托102店-PBear', 'duplicate': 2530, 'ip': '218.78.129.68', 'isDynamicIp': False, 'launcherPage': 'about:blank', 'proxyType': 'socks5', 'runMode': 2, 'webdriver': 'C:\\Users\\Administrator\\AppData\\Local\\env-kit\\Core\\chrome_64_131_202501091017\\webdriver.exe', 'containerId': 104522336, 'containerCode': '1053223369', 'statusCode': '0', 'err': '成功(Success)'}}
2026-06-21 12:26:07,078 | INFO | temu_site | 102-Temu全托管 - 浏览器启动成功, 调试端口: 61705
2026-06-21 12:26:08,712 | INFO | temu_site | 102-Temu全托管 - 已连接浏览器
2026-06-21 12:26:08,725 | ERROR | temu_site | 102-Temu全托管 - 打开登录页失败: Page.goto: net::ERR_ABORTED at https://seller.kuajingmaihuo.com/login
Call log:
  - navigating to "https://seller.kuajingmaihuo.com/login", waiting until "domcontentloaded"

2026-06-21 12:26:08,728 | ERROR | temu_site | 102-Temu全托管 - 第 5 次失败: open_login_page 失败
Traceback (most recent call last):
  File "D:\sd14\Temu_horizon\core\base_client.py", line 62, in post
    resp.raise_for_status()
  File "C:\ProgramData\anaconda3\envs\spider310\lib\site-packages\requests\models.py", line 1026, in raise_for_status
    raise HTTPError(http_error_msg, response=self)
requests.exceptions.HTTPError: 403 Client Error: Forbidden for url: https://agentseller.temu.com/api/kiana/mms/robin/searchForChainSupplier

During handling of the above exception, another exception occurred:

Traceback (most recent call last):
  File "D:\sd14\Temu_horizon\core\login.py", line 256, in run
    result = await self.run_once()
  File "D:\sd14\Temu_horizon\core\login.py", line 239, in run_once
    raise Exception("open_login_page 失败")
Exception: open_login_page 失败
2026-06-21 12:26:08,754 | INFO | temu_site | 102-Temu全托管 - 已关闭Playwright连接
2026-06-21 12:26:09,567 | INFO | temu_site | 102-Temu全托管 - 已发送停止浏览器请求
2026-06-21 12:26:09,567 | INFO | temu_site | 102-Temu全托管 - 准备重试，等待 3 秒...
2026-06-21 12:26:12,572 | INFO | temu_site | 102-Temu全托管 - 第 6 次登录尝试
2026-06-21 12:26:15,339 | INFO | temu_site | 102-Temu全托管 - start_api 返回: {'code': 0, 'msg': 'Success', 'data': {'action': 'startBrowserByCode', 'backgroundPluginId': 'aiknnnpfbnhmmkmkhfpbofgeoljmaakg', 'browserID': 104522336, 'browserPath': 'C:\\Users\\Administrator\\AppData\\Local\\env-kit\\Core\\chrome_64_131_202501091017\\hubstudio', 'debuggingPort': '61822', 'downloadPath': 'C:\\Users\\Administrator\\Desktop\\Hubstudio\\temu全托102店-PBear', 'duplicate': 2317, 'ip': '218.78.129.68', 'isDynamicIp': False, 'launcherPage': 'about:blank', 'proxyType': 'socks5', 'runMode': 2, 'webdriver': 'C:\\Users\\Administrator\\AppData\\Local\\env-kit\\Core\\chrome_64_131_202501091017\\webdriver.exe', 'containerId': 104522336, 'containerCode': '1053223369', 'statusCode': '0', 'err': '成功(Success)'}}
2026-06-21 12:26:15,339 | INFO | temu_site | 102-Temu全托管 - 浏览器启动成功, 调试端口: 61822
2026-06-21 12:26:16,968 | INFO | temu_site | 102-Temu全托管 - 已连接浏览器
2026-06-21 12:26:17,302 | ERROR | temu_site | 102-Temu全托管 - 打开登录页失败: Page.goto: net::ERR_CONNECTION_CLOSED at https://seller.kuajingmaihuo.com/login
Call log:
  - navigating to "https://seller.kuajingmaihuo.com/login", waiting until "domcontentloaded"

2026-06-21 12:26:17,302 | ERROR | temu_site | 102-Temu全托管 - 第 6 次失败: open_login_page 失败
Traceback (most recent call last):
  File "D:\sd14\Temu_horizon\core\base_client.py", line 62, in post
    resp.raise_for_status()
  File "C:\ProgramData\anaconda3\envs\spider310\lib\site-packages\requests\models.py", line 1026, in raise_for_status
    raise HTTPError(http_error_msg, response=self)
requests.exceptions.HTTPError: 403 Client Error: Forbidden for url: https://agentseller.temu.com/api/kiana/mms/robin/searchForChainSupplier

During handling of the above exception, another exception occurred:

Traceback (most recent call last):
  File "D:\sd14\Temu_horizon\core\login.py", line 256, in run
    result = await self.run_once()
  File "D:\sd14\Temu_horizon\core\login.py", line 239, in run_once
    raise Exception("open_login_page 失败")
Exception: open_login_page 失败
2026-06-21 12:26:17,328 | INFO | temu_site | 102-Temu全托管 - 已关闭Playwright连接
2026-06-21 12:26:18,169 | INFO | temu_site | 102-Temu全托管 - 已发送停止浏览器请求
2026-06-21 12:26:18,169 | ERROR | temu_site | 102-Temu全托管 - 登录失败，已达到最大重试次数 6
2026-06-21 12:26:18,170 | ERROR | temu_site | 处理店铺 102-Temu全托管 时出错: [102-Temu全托管] 登录失败
2026-06-21 12:26:18,171 | INFO | temu_site | 正在爬取店铺---101-Temu全托管---skc_sku_violate数据
2026-06-21 12:26:19,199 | ERROR | temu_site | [101-Temu全托管] 请求失败（第 1 次）: 403 Client Error: Forbidden for url: https://agentseller.temu.com/api/kiana/mms/robin/searchForChainSupplier
2026-06-21 12:26:19,200 | INFO | temu_site | 101-Temu全托管 - 第 1 次登录尝试
2026-06-21 12:26:22,545 | INFO | temu_site | 101-Temu全托管 - start_api 返回: {'code': 0, 'msg': 'Success', 'data': {'action': 'startBrowserByCode', 'backgroundPluginId': 'pmpkofebdgpmilhkkkbfgfflcgpnkihi', 'browserID': 104522087, 'browserPath': 'C:\\Users\\Administrator\\AppData\\Local\\env-kit\\Core\\chrome_64_131_202501091017\\hubstudio', 'debuggingPort': '61928', 'downloadPath': 'C:\\Users\\Administrator\\Desktop\\Hubstudio\\temu全托101店-HQCK', 'duplicate': 2958, 'ip': '118.253.177.190', 'isDynamicIp': False, 'launcherPage': 'about:blank', 'proxyType': 'socks5', 'runMode': 2, 'webdriver': 'C:\\Users\\Administrator\\AppData\\Local\\env-kit\\Core\\chrome_64_131_202501091017\\webdriver.exe', 'containerId': 104522087, 'containerCode': '1053220874', 'statusCode': '0', 'err': '成功(Success)'}}
2026-06-21 12:26:22,545 | INFO | temu_site | 101-Temu全托管 - 浏览器启动成功, 调试端口: 61928
2026-06-21 12:26:24,196 | INFO | temu_site | 101-Temu全托管 - 已连接浏览器
2026-06-21 12:26:24,466 | ERROR | temu_site | 101-Temu全托管 - 打开登录页失败: Page.goto: net::ERR_CONNECTION_CLOSED at https://seller.kuajingmaihuo.com/login
Call log:
  - navigating to "https://seller.kuajingmaihuo.com/login", waiting until "domcontentloaded"

2026-06-21 12:26:24,467 | ERROR | temu_site | 101-Temu全托管 - 第 1 次失败: open_login_page 失败
Traceback (most recent call last):
  File "D:\sd14\Temu_horizon\core\base_client.py", line 62, in post
    resp.raise_for_status()
  File "C:\ProgramData\anaconda3\envs\spider310\lib\site-packages\requests\models.py", line 1026, in raise_for_status
    raise HTTPError(http_error_msg, response=self)
requests.exceptions.HTTPError: 403 Client Error: Forbidden for url: https://agentseller.temu.com/api/kiana/mms/robin/searchForChainSupplier

During handling of the above exception, another exception occurred:

Traceback (most recent call last):
  File "D:\sd14\Temu_horizon\core\login.py", line 256, in run
    result = await self.run_once()
  File "D:\sd14\Temu_horizon\core\login.py", line 239, in run_once
    raise Exception("open_login_page 失败")
Exception: open_login_page 失败
2026-06-21 12:26:24,492 | INFO | temu_site | 101-Temu全托管 - 已关闭Playwright连接
2026-06-21 12:26:25,366 | INFO | temu_site | 101-Temu全托管 - 已发送停止浏览器请求
2026-06-21 12:26:25,366 | INFO | temu_site | 101-Temu全托管 - 准备重试，等待 3 秒...
2026-06-21 12:26:28,372 | INFO | temu_site | 101-Temu全托管 - 第 2 次登录尝试
2026-06-21 12:26:31,214 | INFO | temu_site | 101-Temu全托管 - start_api 返回: {'code': 0, 'msg': 'Success', 'data': {'action': 'startBrowserByCode', 'backgroundPluginId': 'pmpkofebdgpmilhkkkbfgfflcgpnkihi', 'browserID': 104522087, 'browserPath': 'C:\\Users\\Administrator\\AppData\\Local\\env-kit\\Core\\chrome_64_131_202501091017\\hubstudio', 'debuggingPort': '62035', 'downloadPath': 'C:\\Users\\Administrator\\Desktop\\Hubstudio\\temu全托101店-HQCK', 'duplicate': 2421, 'ip': '118.253.177.190', 'isDynamicIp': False, 'launcherPage': 'about:blank', 'proxyType': 'socks5', 'runMode': 2, 'webdriver': 'C:\\Users\\Administrator\\AppData\\Local\\env-kit\\Core\\chrome_64_131_202501091017\\webdriver.exe', 'containerId': 104522087, 'containerCode': '1053220874', 'statusCode': '0', 'err': '成功(Success)'}}
2026-06-21 12:26:31,215 | INFO | temu_site | 101-Temu全托管 - 浏览器启动成功, 调试端口: 62035
2026-06-21 12:26:33,007 | INFO | temu_site | 101-Temu全托管 - 已连接浏览器
2026-06-21 12:26:33,269 | ERROR | temu_site | 101-Temu全托管 - 打开登录页失败: Page.goto: net::ERR_CONNECTION_CLOSED at https://seller.kuajingmaihuo.com/login
Call log:
  - navigating to "https://seller.kuajingmaihuo.com/login", waiting until "domcontentloaded"

2026-06-21 12:26:33,269 | ERROR | temu_site | 101-Temu全托管 - 第 2 次失败: open_login_page 失败
Traceback (most recent call last):
  File "D:\sd14\Temu_horizon\core\base_client.py", line 62, in post
    resp.raise_for_status()
  File "C:\ProgramData\anaconda3\envs\spider310\lib\site-packages\requests\models.py", line 1026, in raise_for_status
    raise HTTPError(http_error_msg, response=self)
requests.exceptions.HTTPError: 403 Client Error: Forbidden for url: https://agentseller.temu.com/api/kiana/mms/robin/searchForChainSupplier

During handling of the above exception, another exception occurred:

Traceback (most recent call last):
  File "D:\sd14\Temu_horizon\core\login.py", line 256, in run
    result = await self.run_once()
  File "D:\sd14\Temu_horizon\core\login.py", line 239, in run_once
    raise Exception("open_login_page 失败")
Exception: open_login_page 失败
2026-06-21 12:26:33,308 | INFO | temu_site | 101-Temu全托管 - 已关闭Playwright连接
2026-06-21 12:26:34,168 | INFO | temu_site | 101-Temu全托管 - 已发送停止浏览器请求
2026-06-21 12:26:34,169 | INFO | temu_site | 101-Temu全托管 - 准备重试，等待 3 秒...
2026-06-21 12:26:37,179 | INFO | temu_site | 101-Temu全托管 - 第 3 次登录尝试
2026-06-21 12:26:40,221 | INFO | temu_site | 101-Temu全托管 - start_api 返回: {'code': 0, 'msg': 'Success', 'data': {'action': 'startBrowserByCode', 'backgroundPluginId': 'pmpkofebdgpmilhkkkbfgfflcgpnkihi', 'browserID': 104522087, 'browserPath': 'C:\\Users\\Administrator\\AppData\\Local\\env-kit\\Core\\chrome_64_131_202501091017\\hubstudio', 'debuggingPort': '62155', 'downloadPath': 'C:\\Users\\Administrator\\Desktop\\Hubstudio\\temu全托101店-HQCK', 'duplicate': 2626, 'ip': '118.253.177.190', 'isDynamicIp': False, 'launcherPage': 'about:blank', 'proxyType': 'socks5', 'runMode': 2, 'webdriver': 'C:\\Users\\Administrator\\AppData\\Local\\env-kit\\Core\\chrome_64_131_202501091017\\webdriver.exe', 'containerId': 104522087, 'containerCode': '1053220874', 'statusCode': '0', 'err': '成功(Success)'}}
2026-06-21 12:26:40,221 | INFO | temu_site | 101-Temu全托管 - 浏览器启动成功, 调试端口: 62155
2026-06-21 12:26:41,968 | INFO | temu_site | 101-Temu全托管 - 已连接浏览器
2026-06-21 12:26:41,980 | ERROR | temu_site | 101-Temu全托管 - 打开登录页失败: Page.goto: net::ERR_ABORTED at https://seller.kuajingmaihuo.com/login
Call log:
  - navigating to "https://seller.kuajingmaihuo.com/login", waiting until "domcontentloaded"

2026-06-21 12:26:41,981 | ERROR | temu_site | 101-Temu全托管 - 第 3 次失败: open_login_page 失败
Traceback (most recent call last):
  File "D:\sd14\Temu_horizon\core\base_client.py", line 62, in post
    resp.raise_for_status()
  File "C:\ProgramData\anaconda3\envs\spider310\lib\site-packages\requests\models.py", line 1026, in raise_for_status
    raise HTTPError(http_error_msg, response=self)
requests.exceptions.HTTPError: 403 Client Error: Forbidden for url: https://agentseller.temu.com/api/kiana/mms/robin/searchForChainSupplier

During handling of the above exception, another exception occurred:

Traceback (most recent call last):
  File "D:\sd14\Temu_horizon\core\login.py", line 256, in run
    result = await self.run_once()
  File "D:\sd14\Temu_horizon\core\login.py", line 239, in run_once
    raise Exception("open_login_page 失败")
Exception: open_login_page 失败
2026-06-21 12:26:42,019 | INFO | temu_site | 101-Temu全托管 - 已关闭Playwright连接
2026-06-21 12:26:42,904 | INFO | temu_site | 101-Temu全托管 - 已发送停止浏览器请求
2026-06-21 12:26:42,905 | INFO | temu_site | 101-Temu全托管 - 准备重试，等待 3 秒...
2026-06-21 12:26:45,906 | INFO | temu_site | 101-Temu全托管 - 第 4 次登录尝试
2026-06-21 12:26:48,849 | INFO | temu_site | 101-Temu全托管 - start_api 返回: {'code': 0, 'msg': 'Success', 'data': {'action': 'startBrowserByCode', 'backgroundPluginId': 'pmpkofebdgpmilhkkkbfgfflcgpnkihi', 'browserID': 104522087, 'browserPath': 'C:\\Users\\Administrator\\AppData\\Local\\env-kit\\Core\\chrome_64_131_202501091017\\hubstudio', 'debuggingPort': '62254', 'downloadPath': 'C:\\Users\\Administrator\\Desktop\\Hubstudio\\temu全托101店-HQCK', 'duplicate': 2506, 'ip': '118.253.177.190', 'isDynamicIp': False, 'launcherPage': 'about:blank', 'proxyType': 'socks5', 'runMode': 2, 'webdriver': 'C:\\Users\\Administrator\\AppData\\Local\\env-kit\\Core\\chrome_64_131_202501091017\\webdriver.exe', 'containerId': 104522087, 'containerCode': '1053220874', 'statusCode': '0', 'err': '成功(Success)'}}
2026-06-21 12:26:48,849 | INFO | temu_site | 101-Temu全托管 - 浏览器启动成功, 调试端口: 62254
2026-06-21 12:26:50,496 | INFO | temu_site | 101-Temu全托管 - 已连接浏览器
2026-06-21 12:26:50,508 | ERROR | temu_site | 101-Temu全托管 - 打开登录页失败: Page.goto: net::ERR_ABORTED at https://seller.kuajingmaihuo.com/login
Call log:
  - navigating to "https://seller.kuajingmaihuo.com/login", waiting until "domcontentloaded"

2026-06-21 12:26:50,509 | ERROR | temu_site | 101-Temu全托管 - 第 4 次失败: open_login_page 失败
Traceback (most recent call last):
  File "D:\sd14\Temu_horizon\core\base_client.py", line 62, in post
    resp.raise_for_status()
  File "C:\ProgramData\anaconda3\envs\spider310\lib\site-packages\requests\models.py", line 1026, in raise_for_status
    raise HTTPError(http_error_msg, response=self)
requests.exceptions.HTTPError: 403 Client Error: Forbidden for url: https://agentseller.temu.com/api/kiana/mms/robin/searchForChainSupplier

During handling of the above exception, another exception occurred:

Traceback (most recent call last):
  File "D:\sd14\Temu_horizon\core\login.py", line 256, in run
    result = await self.run_once()
  File "D:\sd14\Temu_horizon\core\login.py", line 239, in run_once
    raise Exception("open_login_page 失败")
Exception: open_login_page 失败
2026-06-21 12:26:50,536 | INFO | temu_site | 101-Temu全托管 - 已关闭Playwright连接
2026-06-21 12:26:51,362 | INFO | temu_site | 101-Temu全托管 - 已发送停止浏览器请求
2026-06-21 12:26:51,362 | INFO | temu_site | 101-Temu全托管 - 准备重试，等待 3 秒...
2026-06-21 12:26:54,373 | INFO | temu_site | 101-Temu全托管 - 第 5 次登录尝试
2026-06-21 12:26:57,117 | INFO | temu_site | 101-Temu全托管 - start_api 返回: {'code': 0, 'msg': 'Success', 'data': {'action': 'startBrowserByCode', 'backgroundPluginId': 'pmpkofebdgpmilhkkkbfgfflcgpnkihi', 'browserID': 104522087, 'browserPath': 'C:\\Users\\Administrator\\AppData\\Local\\env-kit\\Core\\chrome_64_131_202501091017\\hubstudio', 'debuggingPort': '62351', 'downloadPath': 'C:\\Users\\Administrator\\Desktop\\Hubstudio\\temu全托101店-HQCK', 'duplicate': 2311, 'ip': '118.253.177.190', 'isDynamicIp': False, 'launcherPage': 'about:blank', 'proxyType': 'socks5', 'runMode': 2, 'webdriver': 'C:\\Users\\Administrator\\AppData\\Local\\env-kit\\Core\\chrome_64_131_202501091017\\webdriver.exe', 'containerId': 104522087, 'containerCode': '1053220874', 'statusCode': '0', 'err': '成功(Success)'}}
2026-06-21 12:26:57,117 | INFO | temu_site | 101-Temu全托管 - 浏览器启动成功, 调试端口: 62351
2026-06-21 12:26:58,902 | INFO | temu_site | 101-Temu全托管 - 已连接浏览器
2026-06-21 12:26:58,913 | ERROR | temu_site | 101-Temu全托管 - 打开登录页失败: Page.goto: net::ERR_ABORTED at https://seller.kuajingmaihuo.com/login
Call log:
  - navigating to "https://seller.kuajingmaihuo.com/login", waiting until "domcontentloaded"

2026-06-21 12:26:58,917 | ERROR | temu_site | 101-Temu全托管 - 第 5 次失败: open_login_page 失败
Traceback (most recent call last):
  File "D:\sd14\Temu_horizon\core\base_client.py", line 62, in post
    resp.raise_for_status()
  File "C:\ProgramData\anaconda3\envs\spider310\lib\site-packages\requests\models.py", line 1026, in raise_for_status
    raise HTTPError(http_error_msg, response=self)
requests.exceptions.HTTPError: 403 Client Error: Forbidden for url: https://agentseller.temu.com/api/kiana/mms/robin/searchForChainSupplier

During handling of the above exception, another exception occurred:

Traceback (most recent call last):
  File "D:\sd14\Temu_horizon\core\login.py", line 256, in run
    result = await self.run_once()
  File "D:\sd14\Temu_horizon\core\login.py", line 239, in run_once
    raise Exception("open_login_page 失败")
Exception: open_login_page 失败
2026-06-21 12:26:58,937 | INFO | temu_site | 101-Temu全托管 - 已关闭Playwright连接
2026-06-21 12:26:59,780 | INFO | temu_site | 101-Temu全托管 - 已发送停止浏览器请求
2026-06-21 12:26:59,781 | INFO | temu_site | 101-Temu全托管 - 准备重试，等待 3 秒...
2026-06-21 12:27:02,783 | INFO | temu_site | 101-Temu全托管 - 第 6 次登录尝试
2026-06-21 12:27:05,630 | INFO | temu_site | 101-Temu全托管 - start_api 返回: {'code': 0, 'msg': 'Success', 'data': {'action': 'startBrowserByCode', 'backgroundPluginId': 'pmpkofebdgpmilhkkkbfgfflcgpnkihi', 'browserID': 104522087, 'browserPath': 'C:\\Users\\Administrator\\AppData\\Local\\env-kit\\Core\\chrome_64_131_202501091017\\hubstudio', 'debuggingPort': '62454', 'downloadPath': 'C:\\Users\\Administrator\\Desktop\\Hubstudio\\temu全托101店-HQCK', 'duplicate': 2475, 'ip': '118.253.177.190', 'isDynamicIp': False, 'launcherPage': 'about:blank', 'proxyType': 'socks5', 'runMode': 2, 'webdriver': 'C:\\Users\\Administrator\\AppData\\Local\\env-kit\\Core\\chrome_64_131_202501091017\\webdriver.exe', 'containerId': 104522087, 'containerCode': '1053220874', 'statusCode': '0', 'err': '成功(Success)'}}
2026-06-21 12:27:05,631 | INFO | temu_site | 101-Temu全托管 - 浏览器启动成功, 调试端口: 62454
2026-06-21 12:27:07,359 | INFO | temu_site | 101-Temu全托管 - 已连接浏览器
2026-06-21 12:27:07,612 | ERROR | temu_site | 101-Temu全托管 - 打开登录页失败: Page.goto: net::ERR_CONNECTION_CLOSED at https://seller.kuajingmaihuo.com/login
Call log:
  - navigating to "https://seller.kuajingmaihuo.com/login", waiting until "domcontentloaded"

2026-06-21 12:27:07,612 | ERROR | temu_site | 101-Temu全托管 - 第 6 次失败: open_login_page 失败
Traceback (most recent call last):
  File "D:\sd14\Temu_horizon\core\base_client.py", line 62, in post
    resp.raise_for_status()
  File "C:\ProgramData\anaconda3\envs\spider310\lib\site-packages\requests\models.py", line 1026, in raise_for_status
    raise HTTPError(http_error_msg, response=self)
requests.exceptions.HTTPError: 403 Client Error: Forbidden for url: https://agentseller.temu.com/api/kiana/mms/robin/searchForChainSupplier

During handling of the above exception, another exception occurred:

Traceback (most recent call last):
  File "D:\sd14\Temu_horizon\core\login.py", line 256, in run
    result = await self.run_once()
  File "D:\sd14\Temu_horizon\core\login.py", line 239, in run_once
    raise Exception("open_login_page 失败")
Exception: open_login_page 失败
2026-06-21 12:27:07,634 | INFO | temu_site | 101-Temu全托管 - 已关闭Playwright连接
2026-06-21 12:27:08,427 | INFO | temu_site | 101-Temu全托管 - 已发送停止浏览器请求
2026-06-21 12:27:08,427 | ERROR | temu_site | 101-Temu全托管 - 登录失败，已达到最大重试次数 6
2026-06-21 12:27:08,428 | ERROR | temu_site | 处理店铺 101-Temu全托管 时出错: [101-Temu全托管] 登录失败
2026-06-21 12:27:08,432 | INFO | temu_site | 准备上传 0 条记录...
2026-06-21 12:27:08,433 | INFO | temu_site | 
上传统计:
2026-06-21 12:27:08,433 | INFO | temu_site | 总记录数: 0
2026-06-21 12:27:08,433 | INFO | temu_site | 成功数量: 0
2026-06-21 12:27:08,433 | INFO | temu_site | 失败数量: 0
2026-06-21 12:27:08,433 | INFO | temu_site | 成功批次: 0
2026-06-21 12:27:08,433 | INFO | temu_site | 失败批次: 0
2026-06-21 12:27:08,435 | INFO | temu_site | 准备上传 0 条记录...
2026-06-21 12:27:08,435 | INFO | temu_site | 
上传统计:
2026-06-21 12:27:08,435 | INFO | temu_site | 总记录数: 0
2026-06-21 12:27:08,435 | INFO | temu_site | 成功数量: 0
2026-06-21 12:27:08,436 | INFO | temu_site | 失败数量: 0
2026-06-21 12:27:08,436 | INFO | temu_site | 成功批次: 0
2026-06-21 12:27:08,436 | INFO | temu_site | 失败批次: 0
2026-06-21 12:27:08,436 | INFO | temu_site | 🎯 全流程完成，总耗时：18分31秒
