发现日期,来源平台,商品ID,图片,产品名称,上架日期,总销量,月销量,托管模式,在售站点,产品链接,类目
1776162844258,temu,602625776925078,https://img.kwcdn.com/local-goods-image/21a488c39c/4970994b-ee62-4ec4-8f4b-60c52aef7304_4000x4000.jpeg.format.jpg,Authentic R36S Game Console 64gb or 128gb Retro Handheld 3.5 Inch IPS Screen Portable Gaming Device,2026-02-09T01:24:02.295+00:00,2200,2013,半托,美国,https://www.temu.com/search_result.html?search_key=602625776925078&search_method=user&region=211&regionCnName=%E7%BE%8E%E5%9B%BD,玩具与游戏
1776162844258,temu,601105724350286,https://img.kwcdn.com/product/fancy/970127e3-7283-4a96-8efd-1dac6125af5f.jpg,1:18高速越野遥控卡车，2.4GHz快速响应，抗震耐摔机身，适合攀爬多种地形赛车，生日、圣诞节、万圣节礼物.25英里/小时遥控车 遥控漂移车 转向装载机 遥控卡车 怪兽卡车,2026-01-15T02:17:20.067+00:00,8663,8607,半托,美国,https://www.temu.com/search_result.html?search_key=601105724350286&search_method=user&region=211&regionCnName=%E7%BE%8E%E5%9B%BD,玩具与游戏
1776162844258,temu,601100677277001,https://img.kwcdn.com/product/open/64468c8ff8f0457682d16ac6cbbd598c-goods.jpeg,可爱泰迪熊吊坠项链，四色可选,2026-02-07T15:21:39.384+00:00,5747,5254,半托,美国,https://www.temu.com/search_result.html?search_key=601100677277001&search_method=user&region=211&regionCnName=%E7%BE%8E%E5%9B%BD,玩具与游戏
1776162844258,temu,601105385712794,https://img.kwcdn.com/product/open/2800d2583370440bb0b0d2e327773386-goods.jpeg,"1:12 Scale Miniature Dollhouse Nightstand - & Pastel Doll Bedside Cabinet with Bedside Table for Dolls House Furniture, Doll, Mini Room Decor for Collectors & ' Role-Play Scenes",2026-04-05T17:29:53.106+00:00,2516,2513,半托,美国,https://www.temu.com/search_result.html?search_key=601105385712794&search_method=user&region=211&regionCnName=%E7%BE%8E%E5%9B%BD,玩具与游戏
1776162844258,temu,606446443938765,https://img.kwcdn.com/product/fancy/8c2d489c-58f2-46b4-87aa-ec4a794731f5.jpg,一款有趣的馒头挤压玩具，手工柔软设计，缓慢回弹且富有粘性。适合作为办公室、圣诞节、万圣节、复活节及生日礼物。挤压粘贴的趣味游戏。桌面装饰（附蒸笼）,2026-04-05T13:18:38.094+00:00,997,997,全托,美国,https://www.temu.com/search_result.html?search_key=606446443938765&search_method=user&region=211&regionCnName=%E7%BE%8E%E5%9B%BD,玩具与游戏
1776162844258,temu,605662813779883,https://img.kwcdn.com/product/fancy/ffa9cf09-b37e-4d71-a4ec-5fb4943f7ebc.jpg,一款全新3D卡通装饰品，一个可以无限挤压的解压模拟魔方玩具。是圣诞节、派对、生日、学校奖励的有趣礼物，也是送给孙辈的好礼物。,2026-02-02T19:28:23.041+00:00,10000,8076,全托,美国,https://www.temu.com/search_result.html?search_key=605662813779883&search_method=user&region=211&regionCnName=%E7%BE%8E%E5%9B%BD,玩具与游戏
1776162844258,temu,606133246867735,https://img.kwcdn.com/product/fancy/bfd48ae3-4492-49cc-9b05-98cdb592b57f.jpg,"Wood Card Box Organizer Suitable for Playing Cards Storage Case with Deck Holder - Wood Deck for Poker,, Travel & Gifts - Wood Case for Card Collectors",2026-02-12T06:24:15.399+00:00,8460,8454,半托,美国,https://www.temu.com/search_result.html?search_key=606133246867735&search_method=user&region=211&regionCnName=%E7%BE%8E%E5%9B%BD,玩具与游戏
1776162844258,temu,605800856662730,https://img.kwcdn.com/product/fancy/d3a5280b-06f2-4aba-afa0-4d5b24d9563f.jpg,饺子软软的，搭配 2026 年新款可变形面包挤压减压球，非常适合作为万圣节、感恩节或圣诞节的礼物，也可作为赠品，柔软可捏玩的挤压玩具,2026-04-07T02:04:58.772+00:00,557,557,全托,美国,https://www.temu.com/search_result.html?search_key=605800856662730&search_method=user&region=211&regionCnName=%E7%BE%8E%E5%9B%BD,玩具与游戏
1776162844258,temu,605883199233349,https://img.kwcdn.com/product/fancy/da4fd011-cc66-42aa-8680-d8aa6e4aaf4c.jpg,1 件 三维卡通装饰品模拟立方体 | 无限挤压玩具，混合色彩，非常适合复活节，万圣节，圣诞节、生日、派对礼物以及学校奖品使用。,2026-03-27T04:43:23.121+00:00,2681,2681,全托,美国,https://www.temu.com/search_result.html?search_key=605883199233349&search_method=user&region=211&regionCnName=%E7%BE%8E%E5%9B%BD,玩具与游戏
1776162844258,temu,605504906590671,https://img.kwcdn.com/product/open/634179822abc402c95b67ed360359b33-goods.jpeg,2件装巨型泡泡球，透明 TPR 水充泡泡球，耐用且易于充气，巨型充气水球 沙滩球 庭院游戏 软胶水球，充气道具，防漏设计，庭院、海滩及户外娱乐无需电费，适合家庭聚会和水上活动,2026-03-28T02:10:55.654+00:00,910,910,全托,美国,https://www.temu.com/search_result.html?search_key=605504906590671&search_method=user&region=211&regionCnName=%E7%BE%8E%E5%9B%BD,玩具与游戏
1776162844258,temu,605574431395475,https://img.kwcdn.com/product/open/2e13fb3b48db49bdbb12655555c363c5-goods.jpeg,1个解压捏捏方块玩具，儿童减压捏捏球放松神器，冰感软糖方块，适用于自闭症儿童的感官玩具，课堂奖品玩具，情人节圣诞节万圣节礼物，复活节礼篮填充物，办公室休闲，桌面配饰,2026-03-02T14:24:48.684+00:00,16000,13388,全托,美国,https://www.temu.com/search_result.html?search_key=605574431395475&search_method=user&region=211&regionCnName=%E7%BE%8E%E5%9B%BD,玩具与游戏
1776162844258,temu,605936617883606,https://img.kwcdn.com/product/fancy/f22c3d21-53f8-4f7f-bef2-19251d3eeaa5.jpg,"Spanish 50-Card Party Game Do You Know Me? - Fun Family Board Game for Couples, Friends & Game Night - Travel Game",2026-02-06T04:46:39.812+00:00,8900,4394,全托,美国,https://www.temu.com/search_result.html?search_key=605936617883606&search_method=user&region=211&regionCnName=%E7%BE%8E%E5%9B%BD,玩具与游戏
1776162844258,temu,605979097819203,https://img.kwcdn.com/product/open/207d66210fb540298ebcc35481d93241-goods.jpeg,1个可扭捏柔软面包造型捏捏乐玩具，适合男孩。柔软饺子造型解压球玩具，适用于自闭症及多动症儿童的感官玩具，办公室休闲用品，复活节、情人节、生日及斋月的最佳礼物,2026-04-07T14:29:32.370+00:00,909,909,全托,美国,https://www.temu.com/search_result.html?search_key=605979097819203&search_method=user&region=211&regionCnName=%E7%BE%8E%E5%9B%BD,玩具与游戏
1776162844258,temu,606080230860430,https://img.kwcdn.com/product/open/03b733057a1b42209c107e4cebdf3929-goods.jpeg,1个塔巴软胶玩具，水下生物主题冰块造型，内含海洋生物造型填充物，挤压减压玩具，麦芽糖凝胶慢回弹，适用于办公桌面玩具、感官刺激玩具、生日礼物、节日礼物、圣诞礼物,2026-02-24T04:19:11.355+00:00,12000,11848,全托,美国,https://www.temu.com/search_result.html?search_key=606080230860430&search_method=user&region=211&regionCnName=%E7%BE%8E%E5%9B%BD,玩具与游戏
1776162844258,temu,606209348334860,https://img.kwcdn.com/product/fancy/ff62aeff-510a-4109-9039-cdcb4bc3a5de.jpg,高级渡镭射银扑克牌 - 完美适合家庭聚会、派对、宿舍和礼物 | 理想的圣诞节、万圣节、感恩节选择,2026-02-09T08:22:32.610+00:00,3199,2954,全托,美国,https://www.temu.com/search_result.html?search_key=606209348334860&search_method=user&region=211&regionCnName=%E7%BE%8E%E5%9B%BD,玩具与游戏
1776162844258,temu,606461140819535,https://img.kwcdn.com/product/open/d660f2ae5315446c858d8c171429fa2d-goods.jpeg,双人装充气式成人水上吊床躺椅 - 耐用PVC材质，可折叠条纹充气泳池浮垫，适用于泳池派对和夏日礼品,2026-02-03T03:49:12.230+00:00,9750,8180,全托,美国,https://www.temu.com/search_result.html?search_key=606461140819535&search_method=user&region=211&regionCnName=%E7%BE%8E%E5%9B%BD,玩具与游戏
1776162844258,temu,605615837537838,https://img.kwcdn.com/product/fancy/9b134002-ea50-4122-be66-db0dc10d5e97.jpg,音乐蜜蜂玩具手机 ，早教学习设备-不含电池，内置 灯光和歌曲|，儿童手机，(圣诞节、万圣节、复活节、儿童节)青少年互动送礼的理想礼物,2026-01-25T14:01:04.138+00:00,8035,4482,全托,美国,https://www.temu.com/search_result.html?search_key=605615837537838&search_method=user&region=211&regionCnName=%E7%BE%8E%E5%9B%BD,玩具与游戏
1776162844258,temu,606592539935871,https://img.kwcdn.com/product/fancy/fbb9b445-72f5-4203-ada5-06703e6d7353.jpg,"Shun Fei's Adorable Pink Cartoon Animal Squeeze Toy, a Slow-rebound Textured Sensory Stress-relief Toy, Helps Alleviate Stress and Is Suitable as a Giveaway for Classrooms, Offices, or Parties. It's the Perfect Gift for Children, Teens",2026-01-21T03:15:31.607+00:00,23000,9548,全托,美国,https://www.temu.com/search_result.html?search_key=606592539935871&search_method=user&region=211&regionCnName=%E7%BE%8E%E5%9B%BD,玩具与游戏
1776162844258,temu,605823875036021,https://img.kwcdn.com/product/fancy/61d3b901-c49f-407d-9ce5-7789ea420610.jpg,TABA可爱趴着的小猫捏捏玩具，柔软慢回弹可拉伸玩具，美观便携，适合生日派对和节日礼物的理想选择，课堂奖品，淘气猫设计，完美适用在儿童节复活节情人节等节日的礼物。,2026-03-26T14:52:02.694+00:00,2434,2434,全托,美国,https://www.temu.com/search_result.html?search_key=605823875036021&search_method=user&region=211&regionCnName=%E7%BE%8E%E5%9B%BD,玩具与游戏
1776162844258,temu,606350075622474,https://img.kwcdn.com/product/fancy/927b26b4-756d-48f9-a534-00be9e800e43.jpg,"1 Box Sanrio Family - Mengmeng Collectible Card - Classic Bag - Forest Language Melody - Part 2, Each Box Contains 36 Packs Of 3 Cards, Featuring Classic Characters, Vibrant Trading Cards with Iconic Characters, High Quality Materials",2026-04-11T02:56:46.607+00:00,464,464,半托,美国,https://www.temu.com/search_result.html?search_key=606350075622474&search_method=user&region=211&regionCnName=%E7%BE%8E%E5%9B%BD,玩具与游戏
1776162844258,temu,606340546175334,https://img.kwcdn.com/product/fancy/cff9ad42-3792-4929-b900-44c1465c73eb.jpg,定制黏土写实卡通人偶定制人偶 - 3D定制 - 树脂工艺 - 亲友赠礼 - 圣诞礼物 - 独特收藏品,2026-02-10T01:13:30.165+00:00,1291,1289,全托,美国,https://www.temu.com/search_result.html?search_key=606340546175334&search_method=user&region=211&regionCnName=%E7%BE%8E%E5%9B%BD,玩具与游戏
1776162844258,temu,605621407604652,https://img.kwcdn.com/product/fancy/502b892a-8644-461f-80d1-12a91eae0b93.jpg,"LOVFEN 1000 Card Toploaders, 3x4 Baseball Card Protection Case, Premium Standard Size Trading Hard Plastic Card Holder, Perfect for Sports Football, Magic, Parties, And Baseball",2026-03-04T10:13:00.386+00:00,2053,2053,半托,美国,https://www.temu.com/search_result.html?search_key=605621407604652&search_method=user&region=211&regionCnName=%E7%BE%8E%E5%9B%BD,玩具与游戏
1776162844258,temu,605636641307142,https://img.kwcdn.com/product/open/7650ef3674d341dba6a6c556c9059dfa-goods.jpeg,20张派对卡片——专为聚会设计的快速趣味游戏，适合朋友同学重聚活动，既是装饰佳品也是派对好礼,2026-02-03T00:58:16.755+00:00,2669,2652,全托,美国,https://www.temu.com/search_result.html?search_key=605636641307142&search_method=user&region=211&regionCnName=%E7%BE%8E%E5%9B%BD,玩具与游戏
1776162844258,temu,605893064274563,https://img.kwcdn.com/product/fancy/ffced81e-f770-4338-ba7b-ef7a81cc72cc.jpg,"1pc Vintage Wooden Money Saving Box with Puzzle Numbers - Handcrafted, Multi-Slot Deposit Tank for Financial Planning & Savings Goals, Saving Money Box",2026-02-26T03:13:37.839+00:00,326,326,半托,美国,https://www.temu.com/search_result.html?search_key=605893064274563&search_method=user&region=211&regionCnName=%E7%BE%8E%E5%9B%BD,玩具与游戏
1776162844258,temu,606086203545323,https://img.kwcdn.com/product/open/d2dc79bd2376476a9e254029755da5c7-goods.jpeg,1个装糖珠填充超柔软捏捏熊减压球 - 3.5英寸高密度慢回弹感官玩具，适用于课堂奖励和派对礼品，无毒凝胶质感触觉解压玩具（颜色随机）,2026-04-06T10:42:33.336+00:00,340,340,半托,美国,https://www.temu.com/search_result.html?search_key=606086203545323&search_method=user&region=211&regionCnName=%E7%BE%8E%E5%9B%BD,玩具与游戏
1776162844258,temu,605819915578361,https://img.kwcdn.com/product/open/2395c120c5554f4287a0cef0bc2c2755-goods.jpeg,4个趣味炫彩磨砂冰块挤压玩具，外观类似冰块，这些独特且有趣的可拉伸玩具是柔软的感官玩具，非常适合课堂奖励，是完美的节日礼物，新奇玩具 ，挤压玩具,2026-03-24T10:50:02.127+00:00,2208,2208,全托,美国,https://www.temu.com/search_result.html?search_key=605819915578361&search_method=user&region=211&regionCnName=%E7%BE%8E%E5%9B%BD,玩具与游戏
1776162844258,temu,606089022124349,https://img.kwcdn.com/product/open/eb1f9c03edda4fd8865cf3c01b499300-goods.jpeg,【已授权】1pc 三丽鸥 三丽鸥美乐蒂系列主题派对活动单步跳跃游戏垫 适用于团队建设活动，野餐、生日、乔迁新居，户外活动派对家庭必备好物，是完美的圣诞节万圣节复活节感恩节生日礼物,2026-03-22T21:21:57.589+00:00,1388,1388,全托,美国,https://www.temu.com/search_result.html?search_key=606089022124349&search_method=user&region=211&regionCnName=%E7%BE%8E%E5%9B%BD,玩具与游戏
1776162844258,temu,606329741614376,https://img.kwcdn.com/product/fancy/c454a3d4-e736-496d-a2a2-92a0e5b10f8e.jpg,魔法小方块拼装积木，创意拼插对颜色认知手眼协调力锻炼趣味益智玩具,2026-03-29T19:06:01.925+00:00,1193,774,全托,美国,https://www.temu.com/search_result.html?search_key=606329741614376&search_method=user&region=211&regionCnName=%E7%BE%8E%E5%9B%BD,玩具与游戏
1776162844258,temu,605625501202991,https://img.kwcdn.com/product/open/83ba3af3c96543929c404ea4672107cd-goods.jpeg,随机1/3个装 按摩球 squishy 玩具 粒状纹理 触感球 TPR 软慢回弹 可重复挤压 儿童 幼儿园 活动 青少年 放学后 办公室 桌面 圣诞节 填充袜 万圣节 赠品 生日派个 礼物 复活节礼物 2026,2026-01-23T12:39:51.247+00:00,3581,3052,全托,美国,https://www.temu.com/search_result.html?search_key=605625501202991&search_method=user&region=211&regionCnName=%E7%BE%8E%E5%9B%BD,玩具与游戏
1776162844258,temu,606260887914316,https://img.kwcdn.com/product/fancy/7366a987-580d-4a74-86a8-b15b1d746981.jpg,3D精美雕刻纪念币，美国250周年纪念币 白头海雕硬币 1776——2026周年纪念币 新奇纪念币 双面历史设计收藏级纪念币，250年历史纪念礼品，适用于圣诞、万圣节、情人节 礼品和展示 纪念币礼物,2026-02-07T03:26:51.549+00:00,5807,4721,全托,美国,https://www.temu.com/search_result.html?search_key=606260887914316&search_method=user&region=211&regionCnName=%E7%BE%8E%E5%9B%BD,玩具与游戏
1776162844258,temu,601105799524531,https://img.kwcdn.com/product/fancy/288fe53e-6ee7-4417-b22c-92d1bcbcbe5f.jpg,空间几何图形-球体-的捏捏乐挤压玩具，纯色简单款式设计挤压玩具，手感绝佳，可挤压乐趣，手指锻炼，柔软质地，慢回弹，适合办公桌玩具、个人收藏、生日礼物、节日礼物、圣诞礼物。随机颜色,2026-02-26T18:23:03.308+00:00,2616,1632,全托,美国,https://www.temu.com/search_result.html?search_key=601105799524531&search_method=user&region=211&regionCnName=%E7%BE%8E%E5%9B%BD,玩具与游戏
1776162844258,temu,605795353779054,https://img.kwcdn.com/product/open/dd2ae1f96d764ea59bf04e651bc29d84-goods.jpeg,双人折叠式童车，可拆卸遮阳篷，可调节推拉把手，减震万向轮，安全带，大容量储物袋及零食托盘,2026-03-04T16:59:00.908+00:00,466,461,半托,美国,https://www.temu.com/search_result.html?search_key=605795353779054&search_method=user&region=211&regionCnName=%E7%BE%8E%E5%9B%BD,玩具与游戏
1776162844258,temu,601104000723935,https://img.kwcdn.com/product/fancy/520be558-b0c6-4e3c-9fa0-d7efda403d5f.jpg,可爱小熊挤压玩具，慢回弹，趣味设计，高品质材料，非常适合装进礼品袋和皮纳塔，课堂奖励，派对礼物，生日，周年纪念日，万圣节和圣诞节礼物，情人节礼物，母亲节礼物,2026-03-06T17:29:24.418+00:00,4414,4160,全托,美国,https://www.temu.com/search_result.html?search_key=601104000723935&search_method=user&region=211&regionCnName=%E7%BE%8E%E5%9B%BD,玩具与游戏
1776162844258,temu,602270192256396,https://img.kwcdn.com/local-goods-image/20150c20000/3127a631-d55f-42eb-b4b6-67b3d76d6c4f.jpeg,1个装 - 柔软黄油棒感官指尖玩具，缓解焦虑，保湿柔软压力球，趣味创意成人儿童疗愈玩具,2026-03-19T03:51:33.216+00:00,462,462,半托,美国,https://www.temu.com/search_result.html?search_key=602270192256396&search_method=user&region=211&regionCnName=%E7%BE%8E%E5%9B%BD,玩具与游戏
1776162844258,temu,605808037360574,https://img.kwcdn.com/product/fancy/26437235-dd18-4ca7-9efc-0bf44c797c8c.jpg,"1pc Playful And Vibrant Frosted Cube of Ice Squeeze Toys, Designed to Look Like Ice Cubes, These Unique And Enjoyable Stretchable Toys Serve As Soft Sensory Items, Great for Classroom Incentives, Perfect for Holiday Presents",2026-01-26T10:43:02.818+00:00,16000,7072,全托,美国,https://www.temu.com/search_result.html?search_key=605808037360574&search_method=user&region=211&regionCnName=%E7%BE%8E%E5%9B%BD,玩具与游戏
1776162844258,temu,606331956244784,https://img.kwcdn.com/product/fancy/15d5b4a1-a6c1-4c88-aa70-e8e8ccf0800a.jpg,雪花造型解压玩具，雪花冰块挤压玩具，天蓝色挤压放松玩具 慢回弹三维麦芽糖玩具 触感柔软舒适-非常适合在工作中、学习期间或放松时使用。它是办公桌上的绝佳选择，也适合复活节、万圣节和圣诞节等场合。这款小型玩具,2026-03-16T06:13:02.475+00:00,5483,4740,全托,美国,https://www.temu.com/search_result.html?search_key=606331956244784&search_method=user&region=211&regionCnName=%E7%BE%8E%E5%9B%BD,玩具与游戏
1776162844258,temu,602640373113255,https://img.kwcdn.com/local-goods-image/211a2a4303e/4d695332-3b44-44d1-9bee-7e2915d12bda.jpeg,病毒式饺子捏捏乐 - 随机饺子盒，7色饺子捏捏玩具（随机4件装）,2026-03-28T00:39:15.366+00:00,1482,1482,半托,美国,https://www.temu.com/search_result.html?search_key=602640373113255&search_method=user&region=211&regionCnName=%E7%BE%8E%E5%9B%BD,玩具与游戏
1776162844258,temu,606070902724570,https://img.kwcdn.com/product/fancy/bd8b934a-c656-4abf-8f63-1caab8db818c.jpg,92pcs S-T（ARI）LOMO卡片套装，音乐爱好者理想之选 | 非常适合粉丝收藏、剪贴簿装饰和装饰房间照片墙 | 个面印刷照片卡，60张卡+32张贴纸,2026-04-10T10:57:51.815+00:00,468,468,半托,美国,https://www.temu.com/search_result.html?search_key=606070902724570&search_method=user&region=211&regionCnName=%E7%BE%8E%E5%9B%BD,玩具与游戏
1776162844258,temu,605751934318270,https://img.kwcdn.com/product/fancy/6f91d767-60d6-45b4-8fc3-0354dd301803.jpg,"23pcs Colorful Bottle Matching Game Set - Teens' Educational Board Game to Enhance Memory & Logic, Fun Bottle Guessing Challenge, Ideal for Halloween Or Birthday Gifts, Educational Toy | Playful Design",2026-01-31T12:46:59.441+00:00,5400,3320,全托,美国,https://www.temu.com/search_result.html?search_key=605751934318270&search_method=user&region=211&regionCnName=%E7%BE%8E%E5%9B%BD,玩具与游戏
1776162844258,temu,605712407208991,https://img.kwcdn.com/product/fancy/229d4e0e-036d-44c8-821f-3809524afbd6.jpg,7色充气泡泡球 - TPR水充泡泡，适合户外娱乐、海滩派对活动和节日庆祝 - 坚固耐用，易于充气，多色可选，适合团体娱乐（随机颜色）,2026-02-07T10:02:54.387+00:00,949,786,全托,美国,https://www.temu.com/search_result.html?search_key=605712407208991&search_method=user&region=211&regionCnName=%E7%BE%8E%E5%9B%BD,玩具与游戏
1776162844258,temu,606205858670782,https://img.kwcdn.com/product/open/e97e65682773456499088702356e8dd4-goods.jpeg,One Soft 触感压力球 - 慢慢上升的慢动作玩具，旨在缓解焦虑，适合儿童和成人。非常适合作为生日和派对礼物、桌面装饰品、复活节礼物和情人节礼物,2026-01-21T01:09:28.269+00:00,3037,2513,全托,美国,https://www.temu.com/search_result.html?search_key=606205858670782&search_method=user&region=211&regionCnName=%E7%BE%8E%E5%9B%BD,玩具与游戏
1776162844258,temu,605851725221860,https://img.kwcdn.com/product/open/3cf41f20f2974ee0898468f7c1cff50e-goods.jpeg,HefengCL Taba趣味纹理球挤压玩具 - 开裂设计，柔软慢回弹挤压球，有趣好玩的感官玩具，便携小派对用品，学校生日/课堂奖品，乐趣好玩的聚会玩具,2026-03-18T14:19:17.098+00:00,1666,1666,全托,美国,https://www.temu.com/search_result.html?search_key=605851725221860&search_method=user&region=211&regionCnName=%E7%BE%8E%E5%9B%BD,玩具与游戏
1776162844258,temu,606363900053139,https://img.kwcdn.com/product/fancy/6728dffd-f058-4624-b654-ebec4c0c433f.jpg,【已授权】1pc 三丽鸥 三丽鸥系列主题派个活动单步跳跃游戏垫 适用于团队建设活动，野餐、生日、乔迁新居，户外活动派个家庭必备好物，是完美的圣诞节万圣节复活节感恩节生日礼物,2026-03-22T21:21:58.381+00:00,622,622,全托,美国,https://www.temu.com/search_result.html?search_key=606363900053139&search_method=user&region=211&regionCnName=%E7%BE%8E%E5%9B%BD,玩具与游戏
1776162844258,temu,605948361951496,https://img.kwcdn.com/product/fancy/295ef292-af31-4309-b619-28e4619fedf1.jpg,"32 Colorful Fidget Spinner Party Favors - Mini Fidget Spinner Toys, Intricately Designed And Vibrant in Color (Green, Red, Yellow, Orange, Purple, Pink) - Perfect for Birthday Party Gifts, Classroom Rewards, Halloween And Christmas Gifts",2026-04-04T20:34:55.388+00:00,1700,1700,全托,美国,https://www.temu.com/search_result.html?search_key=605948361951496&search_method=user&region=211&regionCnName=%E7%BE%8E%E5%9B%BD,玩具与游戏
1776162844258,temu,606414902786571,https://img.kwcdn.com/product/fancy/54437342-2170-4589-9bd6-aa9d01575cf0.jpg,1个装 按摩玩具 squishy 压力立方体，儿童压力球 squishies 缓解压力，冰 squishy 立方体 糖球，适合自闭症儿童的感官玩具，课堂奖励玩具 按摩玩具，情人节斋月圣诞节万圣节礼物,2026-03-06T20:37:22.264+00:00,7540,7109,全托,美国,https://www.temu.com/search_result.html?search_key=606414902786571&search_method=user&region=211&regionCnName=%E7%BE%8E%E5%9B%BD,玩具与游戏
1776162844258,temu,606513754122886,https://img.kwcdn.com/product/fancy/397c957f-48b4-448b-8d0d-6810bff1fcfa.jpg,"Replica Coin 3D Relief Coin 250th Anniversary Commemorative Coin, Bald Eagle Coin 1776-2026 Anniversary Commemorative Coin, Novelty Commemorative Coin, Double Sided Historical Design, Collectible Commemorative Coin, 250th Anniversary Commemorative",2026-01-31T03:56:20.311+00:00,11000,4835,全托,美国,https://www.temu.com/search_result.html?search_key=606513754122886&search_method=user&region=211&regionCnName=%E7%BE%8E%E5%9B%BD,玩具与游戏
1776162844258,temu,605618723243740,https://img.kwcdn.com/product/fancy/484b7a62-ddf3-4ac5-8484-644890539c57.jpg,挤压球玩具，理想的复活节礼物便携式玩具有趣的手作球玩具，假日购物者，- 非常适合露营或旅行，户外游戏时间，完美适合万圣节、感恩节及圣诞礼物，最佳圣诞选择，适合解压的球形玩具，适合与朋友分享的玩具，Taba Squishy可爱柔软的挤压球，可拉伸的手工玩具，圣诞节、感恩节、万圣节的完美礼物，适合作为装饰品，增强专注力,2026-03-22T10:32:58.853+00:00,2986,2986,全托,美国,https://www.temu.com/search_result.html?search_key=605618723243740&search_method=user&region=211&regionCnName=%E7%BE%8E%E5%9B%BD,玩具与游戏
1776162844258,temu,606259478651068,https://img.kwcdn.com/product/fancy/ea6e5ffc-fffa-489d-b0eb-ff8ae87c3b37.jpg,14/28pcs硅胶弹跳感官玩具，给孙子们的圣诞节的礼物，迷你推泡泡挤压玩具，适合儿童，适合男孩的女孩的玩具，适合作为派对礼物、好礼袋填充物、课堂奖品，复活节/万圣节/圣诞节礼物（随机颜色和款式）,2026-02-27T02:40:35.586+00:00,4689,4490,全托,美国,https://www.temu.com/search_result.html?search_key=606259478651068&search_method=user&region=211&regionCnName=%E7%BE%8E%E5%9B%BD,玩具与游戏
1776162844258,temu,606234983909149,https://img.kwcdn.com/product/fmket/871ac32f7cd9b727f5719a79096df0f4.jpg,1000pcs卡通小黄鸭积木玩具，3D立体组装模型摆件，适合用作办公桌面或房间的创意装饰品，生日礼物，无需电池，手工工艺品套装，适用于派个游戏，以及万圣节，圣诞节和新年的礼物,2026-02-24T12:58:48.931+00:00,1133,720,全托,美国,https://www.temu.com/search_result.html?search_key=606234983909149&search_method=user&region=211&regionCnName=%E7%BE%8E%E5%9B%BD,玩具与游戏
1776162844258,temu,605572820747023,https://img.kwcdn.com/product/fancy/9fc5c013-3a4f-4612-8c0f-51dac02efe17.jpg,《这个词》——一款来自西班牙的流行迷你纸牌游戏，内含50张卡片，是朋友与家人聚会的绝佳选择，亦是节日赠礼的上佳礼品。派对游戏,2026-02-12T09:12:14.053+00:00,12000,7748,全托,美国,https://www.temu.com/search_result.html?search_key=605572820747023&search_method=user&region=211&regionCnName=%E7%BE%8E%E5%9B%BD,玩具与游戏
1776162844258,temu,605791461434497,https://img.kwcdn.com/product/open/db94bf75689144898654bba8138f5395-goods.jpeg,"Skeleton Rider Motorcycle Wind Spinner, Metal Kinetic Garden Wind Sculpture, Outdoor Yard Decor",2026-03-26T00:24:05.181+00:00,782,782,半托,美国,https://www.temu.com/search_result.html?search_key=605791461434497&search_method=user&region=211&regionCnName=%E7%BE%8E%E5%9B%BD,玩具与游戏
1776162844258,temu,606432351112497,https://img.kwcdn.com/product/fancy/f960071a-cb23-4ae3-9777-7a19ae9c6dba.jpg,50张哈利波特元素卡通贴纸，水彩涂鸦贴纸，可用于笔记本电脑、手机、笔记本电脑装饰，适合粉丝周边，返校季礼物,2026-03-09T02:06:12.411+00:00,4019,3796,全托,美国,https://www.temu.com/search_result.html?search_key=606432351112497&search_method=user&region=211&regionCnName=%E7%BE%8E%E5%9B%BD,玩具与游戏
1776162844258,temu,601105368480217,https://img.kwcdn.com/product/fancy/ddafe598-9c60-4ec0-85af-ee7910421178.jpg,16片益智拼图，包含动物、交通工具、水果和蔬菜主题 - 鲜艳的配个拼图，专为早期学习、认知成长、配个游戏活动和协调和运动技能的发展而设计,2026-03-23T15:39:23.921+00:00,989,989,全托,美国,https://www.temu.com/search_result.html?search_key=601105368480217&search_method=user&region=211&regionCnName=%E7%BE%8E%E5%9B%BD,玩具与游戏
1776162844258,temu,601105818394383,https://img.kwcdn.com/product/fmket/ca215ad5dc87ae4fa738d8a5cd07253e.jpg,50个彩虹7色海洋球-防挤安全，适合儿童，生日泳池玩具，圣诞派对礼物，帐篷和户外游戏，海滩玩具，玩笑设计，安全，耐用玩具，安全，耐用玩具,2026-01-17T12:19:55.332+00:00,4323,1431,全托,美国,https://www.temu.com/search_result.html?search_key=601105818394383&search_method=user&region=211&regionCnName=%E7%BE%8E%E5%9B%BD,玩具与游戏
1776162844258,temu,605505510590248,https://img.kwcdn.com/product/algo_check/auto/f8dd766b6378cba8b41bfd7ed7e15136_1760173699275.jpg,3个夏季儿童烟花水枪玩具 适合户外泳池，沙滩派对游戏道具，泳池打水仗 拍照道具 男孩女孩生日惊喜礼物,2026-02-03T06:12:34.680+00:00,3321,3033,全托,美国,https://www.temu.com/search_result.html?search_key=605505510590248&search_method=user&region=211&regionCnName=%E7%BE%8E%E5%9B%BD,玩具与游戏
1776162844258,temu,606359605062310,https://img.kwcdn.com/product/fancy/5d3fa435-49de-4650-9a05-d960ee18279e.jpg,一本专为儿童设计的练习册，旨在帮助他们掌握时间概念，包含阅读和数学练习。非常适合课堂使用，也是返校礼物、生日礼物和节日礼物的理想选择,2026-03-14T08:11:46.336+00:00,1768,1768,全托,美国,https://www.temu.com/search_result.html?search_key=606359605062310&search_method=user&region=211&regionCnName=%E7%BE%8E%E5%9B%BD,玩具与游戏
1776162844258,temu,605993995960888,https://img.kwcdn.com/product/open/1c3f54b0291d4ac69237e01ebf9759c7-goods.jpeg,"Multiple Drone Models With Cameras: E88, E99, X6 PRO. Foldable Remote-controlled Quadcopter Drone, Suitable For Beginners To Remotely Control Drones, A Gift Suitable For Both Men And Women, Equipped With Optical Flow Positioning Technology And Intel",2026-03-03T15:04:25.976+00:00,2400,2361,半托,美国,https://www.temu.com/search_result.html?search_key=605993995960888&search_method=user&region=211&regionCnName=%E7%BE%8E%E5%9B%BD,玩具与游戏
1776162844258,temu,606050367469147,https://img.kwcdn.com/product/open/556d7845945e4def9d4fa5d7e241ae08-goods.jpeg,专业折叠国际象棋套装，含棋子和2个备用卒子 - 高级礼品盒，旅行友好型便携式桌面游戏，适用于跳棋和国际象棋策略，适用于33个场景,2026-03-23T06:31:01.453+00:00,960,960,全托,美国,https://www.temu.com/search_result.html?search_key=606050367469147&search_method=user&region=211&regionCnName=%E7%BE%8E%E5%9B%BD,玩具与游戏
1776162844258,temu,605757839909303,https://img.kwcdn.com/product/fancy/b1803fd7-9db1-4c2a-ac3d-cb145a918689.jpg,美国250周年纪念币 白头海雕硬币 1776——2026周年纪念币 新奇纪念币 双面历史设计收藏级纪念币，250年历史纪念礼品，适用于圣诞、万圣节、情人节 礼品和展示 纪念币礼物,2026-01-30T05:29:42.819+00:00,4085,901,全托,美国,https://www.temu.com/search_result.html?search_key=605757839909303&search_method=user&region=211&regionCnName=%E7%BE%8E%E5%9B%BD,玩具与游戏
1776162844258,temu,605654894897819,https://img.kwcdn.com/product/open/8a63c4c75c374f5db10205f76e288939-goods.jpeg,兒童動物/交通工具/蔬果雙面配對拼圖套裝——色彩鮮豔的動物與蔬菜圖案，寓教於樂的益智遊戲,2026-03-05T12:00:17.034+00:00,2252,2252,全托,美国,https://www.temu.com/search_result.html?search_key=605654894897819&search_method=user&region=211&regionCnName=%E7%BE%8E%E5%9B%BD,玩具与游戏
1776162844258,temu,606226863734398,https://img.kwcdn.com/product/open/8d7678e9bf99438ebe680ec3d6e5ceb7-goods.jpeg,专业国际象棋套装，包含33件，包括16个黑色棋子、16个白色棋子和1个棋盘。采用优质礼盒包装，非常适合旅行，也是国际象棋爱好者的绝佳选择,2026-04-02T12:53:23.750+00:00,552,552,全托,美国,https://www.temu.com/search_result.html?search_key=606226863734398&search_method=user&region=211&regionCnName=%E7%BE%8E%E5%9B%BD,玩具与游戏
1776162844258,temu,606465368668167,https://img.kwcdn.com/product/fancy/588d43f5-c5b6-48e0-ae6d-f7c8b561062c.jpg,24枚复活节兔子彩蛋，采用混色搭配，主题为复活节，适用于复活节派对礼物、迷你兔子装饰品、节日礼篮填充蛋等场景。,2026-03-03T05:50:29.248+00:00,452,452,半托,美国,https://www.temu.com/search_result.html?search_key=606465368668167&search_method=user&region=211&regionCnName=%E7%BE%8E%E5%9B%BD,玩具与游戏
1776162844258,temu,605899573816407,https://img.kwcdn.com/product/fancy/2832163f-afd4-4f05-ba51-83df906d2d9b.jpg,1/3/6pcs宝宝洗澡玩具，堆叠小船与动物手指玩偶，幼儿感官挤压漂浮玩具，浴缸淋浴水上游戏礼品，圣诞袜填充礼物,2026-02-19T03:59:32.493+00:00,1213,625,全托,美国,https://www.temu.com/search_result.html?search_key=605899573816407&search_method=user&region=211&regionCnName=%E7%BE%8E%E5%9B%BD,玩具与游戏
1776162844258,temu,605722943276656,https://img.kwcdn.com/product/fancy/4acf7246-1094-4ff4-9289-4cffb80cde54.jpg,三只装彩色串珠感官指环 - 可调节减压放松焦虑指环，多色可选，成人适用，用于手指按摩，适合上班族,2026-02-08T08:04:00.383+00:00,1870,1017,全托,美国,https://www.temu.com/search_result.html?search_key=605722943276656&search_method=user&region=211&regionCnName=%E7%BE%8E%E5%9B%BD,玩具与游戏
1776162844258,temu,605679255414355,https://img.kwcdn.com/product/fancy/d8193c96-5fa8-4081-8382-b218ea995e7d.jpg,"1-Pack/3-Pack Colorful Inflatable Beach Balls, Rainbow Striped Inflatable Balls for Kids' Water Play, Pool Party Decoration Balls, Summer Beach Balls, Summer Party Decoration Balls, The Best Choice for Summer Parties",2026-03-26T19:33:35.135+00:00,888,888,全托,美国,https://www.temu.com/search_result.html?search_key=605679255414355&search_method=user&region=211&regionCnName=%E7%BE%8E%E5%9B%BD,玩具与游戏
1776162844258,temu,606446980837980,https://img.kwcdn.com/product/fancy/00f2ebe5-78ce-4ebd-a9ae-de9549edb6a3.jpg,任何派对的必备品！单臂强盗饮酒游戏玩具 - 拉动杠杆，体验刺激的惩罚挑战,2026-03-25T10:41:48.347+00:00,931,931,全托,美国,https://www.temu.com/search_result.html?search_key=606446980837980&search_method=user&region=211&regionCnName=%E7%BE%8E%E5%9B%BD,玩具与游戏
1776162844258,temu,605847161792879,https://img.kwcdn.com/product/fancy/b98f4e4c-8c75-4631-9562-bfac380b557c.jpg,1/10遥控赛车轮胎 拉力赛公路轮胎 塑料轮毂 适用于田宫TT01 TT02 XV01 TA06 PTG2 I KYOSHO WR8 HSP升级配件,2026-02-25T08:05:44.701+00:00,642,642,半托,美国,https://www.temu.com/search_result.html?search_key=605847161792879&search_method=user&region=211&regionCnName=%E7%BE%8E%E5%9B%BD,玩具与游戏
1776162844258,temu,606041307774968,https://img.kwcdn.com/product/aisc_image/fancy/opt/947b5694cb0c50079d2969d4d11d1e7f_Ii5f6IpRpVshD.jpg,搞笑假电源插座贴纸 - 完美适用于办公室恶作剧和笑话，插头贴纸 办公室整蛊,2026-02-01T11:53:15.236+00:00,1337,1009,全托,美国,https://www.temu.com/search_result.html?search_key=606041307774968&search_method=user&region=211&regionCnName=%E7%BE%8E%E5%9B%BD,玩具与游戏
1776162844258,temu,606080499301091,https://img.kwcdn.com/product/open/ab7dc694b7414e41a52671d7db205f59-goods.jpeg,6/16/26件装迷你蛇形魔方玩具套装 - 魔方益智玩具，适合初学者训练，锻炼手部灵活性，课堂奖励，礼品袋填充物，完美的节日礼物，价格实惠，品质卓越,2026-01-31T09:55:44.034+00:00,5798,2614,全托,美国,https://www.temu.com/search_result.html?search_key=606080499301091&search_method=user&region=211&regionCnName=%E7%BE%8E%E5%9B%BD,玩具与游戏
1776162844258,temu,605718916746462,https://img.kwcdn.com/product/fancy/b47a637a-8653-4275-aa4b-439fed74744f.jpg,海洋清凉夏日微风，搭配冰块，营造疗愈的绿色果冻质地。它被贝壳、海星和其他小型海洋主题饰品装饰。柔软且,2026-02-06T10:12:19.176+00:00,4339,3734,全托,美国,https://www.temu.com/search_result.html?search_key=605718916746462&search_method=user&region=211&regionCnName=%E7%BE%8E%E5%9B%BD,玩具与游戏
1776162844258,temu,605856624148179,https://img.kwcdn.com/product/fancy/bb5ed8df-c193-43fa-898d-22bbb9c806c8.jpg,Christmas/Halloween/Beach Toy/model Toy Set/A Set of 10pcs/Children's Simulation Large-sized Screw Repair and Storage Tool Toys/Male and Female Playhouse Sets/Holiday Gifts/Party Game Props/Increase Interactivity/Exercise Hand Foot Eye Coordination,2026-01-29T01:13:27.047+00:00,3700,2400,全托,美国,https://www.temu.com/search_result.html?search_key=605856624148179&search_method=user&region=211&regionCnName=%E7%BE%8E%E5%9B%BD,玩具与游戏
1776162844258,temu,605994331562701,https://img.kwcdn.com/product/fancy/0e162386-ec31-447c-8637-7416bc3367d8.jpg,"Dobble Friends Themed Card Game, Central Perk Café Spot It Matching Pattern Board Game, Classic American TV Show Merchandise Party Game, Quick Reaction and Observation Skills Training for Adults, Teens, and Children, Board Game for Friend Gatherings",2026-03-06T17:17:43.040+00:00,2100,1350,全托,美国,https://www.temu.com/search_result.html?search_key=605994331562701&search_method=user&region=211&regionCnName=%E7%BE%8E%E5%9B%BD,玩具与游戏
1776162844258,temu,606404970702838,https://img.kwcdn.com/product/fancy/44dbcba9-1151-4f9d-a1a9-0461150ffb67.jpg,"Replica Coin 3D Relief Coin - U.S. 250th Anniversary Commemorative Coin - Bald Eagle Coin 1776-2026 Novelty Commemorative Coin Double-sided Historical Design Collector's Grade Commemorative Coin, 250-Year Historical Anniversary Gift",2026-02-12T06:40:56.502+00:00,2200,652,全托,美国,https://www.temu.com/search_result.html?search_key=606404970702838&search_method=user&region=211&regionCnName=%E7%BE%8E%E5%9B%BD,玩具与游戏
1776162844258,temu,601104838751066,https://img.kwcdn.com/product/fancy/eff0ff04-5be6-4638-97d5-344ced80b963.jpg,"STORY Sensory Learning Toy - 7-Page Interactive Activity Binder with Peg Puzzle-like Tasks, Fine Motor Skills & ABC/Number/Shape Matching Games for, Boys & Girls (Autism-Friendly Preschool Curriculum)",2026-01-19T23:03:28.373+00:00,40000,823,半托,美国,https://www.temu.com/search_result.html?search_key=601104838751066&search_method=user&region=211&regionCnName=%E7%BE%8E%E5%9B%BD,玩具与游戏
1776162844258,temu,605710528181538,https://img.kwcdn.com/product/fancy/4b49045e-a5ca-4fb5-b522-57eff4d3a199.jpg,娃娃屋房子造型置物架 微缩书房客厅卧室场景装饰,2026-03-05T16:28:06.576+00:00,2667,2609,全托,美国,https://www.temu.com/search_result.html?search_key=605710528181538&search_method=user&region=211&regionCnName=%E7%BE%8E%E5%9B%BD,玩具与游戏
1776162844258,temu,606485568450637,https://img.kwcdn.com/product/fancy/cad745f1-8aea-428f-bf59-391160e21463.jpg,40厘米/15.74英寸 卡哇伊高地牛 毛绒玩具 柔软毛绒玩具 可爱粉色白色浅棕色 高地牛毛绒玩具 完美的情人节、复活节或生日礼物，送给女孩,2026-02-19T06:23:54.145+00:00,3792,2192,全托,美国,https://www.temu.com/search_result.html?search_key=606485568450637&search_method=user&region=211&regionCnName=%E7%BE%8E%E5%9B%BD,玩具与游戏
1776162844258,temu,606593747882529,https://img.kwcdn.com/product/fancy/d93f27a3-d35c-434a-9463-f6dc3c2fdfdb.jpg,"Cute Maltose Cat Head Squeeze Toy, Soft and Slow Rebound TPR Retractable Toy, Beautiful and Portable, Ideal for Birthday and Holiday Gifts, Classroom Prizes, Naughty Cat Design, Slow Rebound Material",2026-03-24T06:30:06.872+00:00,2500,2500,全托,美国,https://www.temu.com/search_result.html?search_key=606593747882529&search_method=user&region=211&regionCnName=%E7%BE%8E%E5%9B%BD,玩具与游戏
1776162844258,temu,605568794217756,https://img.kwcdn.com/product/fancy/9692c550-f563-4857-8403-c38462053ce5.jpg,MINISO 史努比夏季旅行系列实用3D挂件（行走姿势）– 耐用PVC材质，坚固钥匙扣，尺寸紧凑，非常适合包包装饰、钥匙收纳和旅行使用（1个装）,2026-04-02T04:08:53.452+00:00,904,904,全托,美国,https://www.temu.com/search_result.html?search_key=605568794217756&search_method=user&region=211&regionCnName=%E7%BE%8E%E5%9B%BD,玩具与游戏
1776162844258,temu,605740928452484,https://img.kwcdn.com/product/fancy/5f0dce0f-7905-443b-bc4b-03af05362bba.jpg,8/16/24pcs指尖新奇陀螺，复活节元素设计，适用儿童礼品/课堂奖励/复活节/派对礼品篮子填充物,2026-03-05T08:41:13.272+00:00,1094,1094,全托,美国,https://www.temu.com/search_result.html?search_key=605740928452484&search_method=user&region=211&regionCnName=%E7%BE%8E%E5%9B%BD,玩具与游戏
1776162844258,temu,606401548141137,https://img.kwcdn.com/product/open/6e17bb8df5814d82a8f5c1f95ac54052-goods.jpeg,"About 24 Out of 64 Mini Wooden Red Ladybugs with Stickers, These Adhesive Decorative Items Are Ideal for Projects, Card Crafting, Garden Party Decor, Handmade Stickers, And Are Great for Room Embellishment",2026-03-03T00:48:27.284+00:00,695,600,全托,美国,https://www.temu.com/search_result.html?search_key=606401548141137&search_method=user&region=211&regionCnName=%E7%BE%8E%E5%9B%BD,玩具与游戏
1776162844258,temu,606326319090756,https://img.kwcdn.com/product/fancy/6fa4357c-f3ae-4df1-bbe8-1d84999d9f8f.jpg,巨型泡泡棒套装，户外大泡泡玩具，适合儿童和家庭娱乐的大泡泡机,2026-04-02T09:07:43.888+00:00,664,664,全托,美国,https://www.temu.com/search_result.html?search_key=606326319090756&search_method=user&region=211&regionCnName=%E7%BE%8E%E5%9B%BD,玩具与游戏
1776162844258,temu,603012147861642,https://img.kwcdn.com/local-goods-image/20150c22e52/6aef8198-2b94-479d-aad5-80c5e97d8c43.jpeg,"Pressure relief toys - simulated bread soft slow rebound - soft skin touch sticky mud texture - Non-Toxic Material, Desk Decor with Slow Rising Feature, Fidget Game",2026-01-21T01:36:30.756+00:00,1900,1335,半托,美国,https://www.temu.com/search_result.html?search_key=603012147861642&search_method=user&region=211&regionCnName=%E7%BE%8E%E5%9B%BD,玩具与游戏
1776162844258,temu,606187739298354,https://img.kwcdn.com/product/fancy/3b2e39c2-acfc-4cbc-84ba-182a6e5d7870.jpg,"8件/套,迷你微缩仿真模型,化妆刷套装,小摆件,1/6,1/12娃娃屋，娃娃屋配件装饰，模型屋配件，拍摄道具，微景观摆件 Miniatures装饰，小礼物，赠品，家居摆件",2026-02-07T05:30:52.407+00:00,1092,594,全托,美国,https://www.temu.com/search_result.html?search_key=606187739298354&search_method=user&region=211&regionCnName=%E7%BE%8E%E5%9B%BD,玩具与游戏
1776162844258,temu,606254982372358,https://img.kwcdn.com/product/open/488d61f46ef04ab0bd95653f7952f43c-goods.jpeg,250/500张贴纸，多样设计含3D立体款式、字母数字、蝴蝶鱼类、恐龙等贴纸拼图，激发创造性思维与动手能力，美术用品，儿童贴纸与拼贴装饰，装饰性贴纸拼图——无需用电，可爱卡通表情贴纸，趣味主题装饰，DIY艺术贴纸，设计新颖有趣,2026-01-29T07:53:03.993+00:00,8549,3475,全托,美国,https://www.temu.com/search_result.html?search_key=606254982372358&search_method=user&region=211&regionCnName=%E7%BE%8E%E5%9B%BD,玩具与游戏
1776162844258,temu,605798306548248,https://img.kwcdn.com/product/open/5e7e55563bb340e794871d9cae46638f-goods.jpeg,"Colorful Snowflake Ice Cube Squeeze Toy, Fidget Colorful Snowflake Cube, Soft-feeling Squeeze Toy, Party Gift | Office Toy | Holiday Gift | Children's Birthday Gift | Back-to-school Gift",2026-02-03T00:13:21.166+00:00,3900,2887,全托,美国,https://www.temu.com/search_result.html?search_key=605798306548248&search_method=user&region=211&regionCnName=%E7%BE%8E%E5%9B%BD,玩具与游戏
1776162844258,temu,605942523523033,https://img.kwcdn.com/product/fancy/b6b3873f-3b3e-42b5-b369-baf7c326827d.jpg,"Children's Wooden Sorting Toys, Geometric Fruit-Shaped Building Blocks, Rope-Wearing Educational Board Games, Christmas, Thanksgiving And Easter Gifts for Children Over 3 Years Old",2026-02-22T12:13:39.743+00:00,1500,844,全托,美国,https://www.temu.com/search_result.html?search_key=605942523523033&search_method=user&region=211&regionCnName=%E7%BE%8E%E5%9B%BD,玩具与游戏
1776162844258,temu,606070298776856,https://img.kwcdn.com/product/open/ab01284c41a9437b8d3076a0ab3f1a07-goods.jpeg,27件亚克力水晶宝石沙滩玩具 | 1个宝盒 + 26颗带孔钻石，颜色混搭，是儿童礼物的理想之选，夏天沙滩装饰物，泳池沙滩玩具,2026-02-02T15:15:03.451+00:00,1111,904,全托,美国,https://www.temu.com/search_result.html?search_key=606070298776856&search_method=user&region=211&regionCnName=%E7%BE%8E%E5%9B%BD,玩具与游戏
1776162844258,temu,601105517809303,https://img.kwcdn.com/product/fancy/84782b25-cca4-48ff-9489-c3af4c399238.jpg,1个或3个夏季儿童烟花水枪玩具 适合户外泳池，沙滩派对游戏道具，泳池打水仗 拍照道具 男孩女孩生日惊喜礼物,2026-02-14T14:13:15.239+00:00,12000,9266,全托,美国,https://www.temu.com/search_result.html?search_key=601105517809303&search_method=user&region=211&regionCnName=%E7%BE%8E%E5%9B%BD,玩具与游戏
1776162844258,temu,602443509296475,https://img.kwcdn.com/local-goods-image/88641159/44cb7638-cd74-43f8-a39d-7b6c66f250d1.jpeg,TOPPS复古棒球神秘单张保护板——发现一枚拥有50至100年历史的棒球卡 | 适合所有年龄段儿童与收藏家的完美礼物,2026-01-23T15:33:50.019+00:00,1586,611,半托,美国,https://www.temu.com/search_result.html?search_key=602443509296475&search_method=user&region=211&regionCnName=%E7%BE%8E%E5%9B%BD,玩具与游戏
1776162844258,temu,603176170303392,https://img.kwcdn.com/local-goods-image/211a2a44a38/6d30cd35-50bb-4abe-ae16-bfb63cbe00b3_1000x1000.jpeg.format.jpg,升级英雄增强包 | 皮卡丘卡牌游戏 | ME: 升级英雄 (ASC),2026-03-27T19:02:59.224+00:00,329,329,半托,美国,https://www.temu.com/search_result.html?search_key=603176170303392&search_method=user&region=211&regionCnName=%E7%BE%8E%E5%9B%BD,玩具与游戏
1776162844258,temu,605507725195541,https://img.kwcdn.com/product/fancy/158ee78d-a9d2-4676-9d84-0d5db2cf9246.jpg,一款趣味馒头挤压玩具，采用手工软胶设计，回弹缓慢且粘性佳。适合作为办公室、圣诞节、万圣节、复活节及生日的赠礼。挤压粘贴的趣味游戏。桌面装饰（附蒸笼）,2026-04-08T01:07:42.920+00:00,468,468,全托,美国,https://www.temu.com/search_result.html?search_key=605507725195541&search_method=user&region=211&regionCnName=%E7%BE%8E%E5%9B%BD,玩具与游戏
1776162844258,temu,606245117342321,https://img.kwcdn.com/product/open/7aababb2c7e74325871c37d41695d48c-goods.jpeg,2个复刻币《无上之爱复活》纪念币 - 收藏级宗教纪念币，适合展示，可作为基督徒礼物、教会历史纪念品 - 基于历史原型的复刻品，复活节的理想礼物,2026-03-29T02:51:15.791+00:00,961,961,全托,美国,https://www.temu.com/search_result.html?search_key=606245117342321&search_method=user&region=211&regionCnName=%E7%BE%8E%E5%9B%BD,玩具与游戏
1776162844258,temu,606392287129037,https://img.kwcdn.com/product/fancy/62e5dc03-8fbb-4135-8f5c-9849e7a330b6.jpg,3D立体浮雕硬币 复制币 为退伍军人而设”纪念币，DD-214 美军退伍军人双面挑战币 ，混合颜色，退伍军人和军事收藏家的礼物 生日礼物 3D立体币,2026-01-30T15:59:01.736+00:00,1038,943,全托,美国,https://www.temu.com/search_result.html?search_key=606392287129037&search_method=user&region=211&regionCnName=%E7%BE%8E%E5%9B%BD,玩具与游戏
1776162844258,temu,602685906491244,https://img.kwcdn.com/local-goods-image/212a0c3850/c605eec6-53ae-4165-8d24-7b9c72a92266_3264x3264.jpeg.format.jpg,【极品宝可梦三重威胁超稀有战斗套装】| 85+张宝可梦卡 | 保证3张双色或超稀有卡！| 包含20张全彩和稀有卡！| 儿童和收藏家的完美礼物！,2026-02-07T01:11:06.000+00:00,2597,1416,半托,美国,https://www.temu.com/search_result.html?search_key=602685906491244&search_method=user&region=211&regionCnName=%E7%BE%8E%E5%9B%BD,玩具与游戏
1776162844258,temu,605597718154950,https://img.kwcdn.com/product/fancy/b9fb5419-7f13-4af5-8f0f-e9d9b8581e3a.jpg,巨型彩色挤压球玩具 柔软 慢回弹 有趣感官玩具 非常适合同学礼物 生日礼物 节日礼物 课堂奖品 是缓解焦虑最佳的玩具,2026-03-31T16:30:01.563+00:00,962,962,全托,美国,https://www.temu.com/search_result.html?search_key=605597718154950&search_method=user&region=211&regionCnName=%E7%BE%8E%E5%9B%BD,玩具与游戏
1776162844258,temu,605646976030543,https://img.kwcdn.com/product/fancy/b6b615e6-3027-4156-b3a5-eeff57bb78ff.jpg,手写暗影之书第四卷：占卜与幻象打造卡片 解锁占卜奥秘，唤醒内在先知 精美手写暗影之书第三卷 天目仪式,2026-01-20T03:02:30.304+00:00,1884,641,全托,美国,https://www.temu.com/search_result.html?search_key=605646976030543&search_method=user&region=211&regionCnName=%E7%BE%8E%E5%9B%BD,玩具与游戏
1776162844258,temu,605805352951028,https://img.kwcdn.com/product/open/d6d83a7d806746f8a802f3cfbec7f3b7-goods.jpeg,手工Tpr章鱼挤压玩具 | 透明紫色，慢回弹趣味，派对、生日、万圣节、圣诞节的理想选择,2026-01-25T12:05:43.002+00:00,2404,1442,全托,美国,https://www.temu.com/search_result.html?search_key=605805352951028&search_method=user&region=211&regionCnName=%E7%BE%8E%E5%9B%BD,玩具与游戏
1776162844258,temu,606313501287106,https://img.kwcdn.com/product/fancy/6a9e4894-e750-4f95-a6c9-e403c0dab9b3.jpg,50/100枚金色塑料游戏金币 | 适用于派对礼品、寻宝游戏及派对用品 - 品牌：Valporia，颜色：金色,2026-03-22T14:22:30.668+00:00,972,972,全托,美国,https://www.temu.com/search_result.html?search_key=606313501287106&search_method=user&region=211&regionCnName=%E7%BE%8E%E5%9B%BD,玩具与游戏
1776162844258,temu,605519939002093,https://img.kwcdn.com/product/fancy/6cbef82d-f90e-4e54-b1cd-46cd9cf0cb80.jpg,30pcs可爱柔软的凝胶玩具，混合颜色，挤压玩具，迷你可爱挤压物品，派个礼物、课堂奖励、万圣节和圣诞节的完美选择，送礼佳品，感官游戏物品，迷你减压球，可爱设计，趣味美学，，耐用可挤压结构，适合教师、家长奖励小朋友,2026-03-21T13:54:45.234+00:00,3516,2490,全托,美国,https://www.temu.com/search_result.html?search_key=605519939002093&search_method=user&region=211&regionCnName=%E7%BE%8E%E5%9B%BD,玩具与游戏
1776162844258,temu,605595168029032,https://img.kwcdn.com/product/fancy/1327df20-2a54-4397-a7c8-b74be65a9a51.jpg,彩色温度变色赛车玩具，随机颜色款式，玩具变色小赛车，炫酷温度变色，理想的节日礼物，生日礼物，复活节礼物，毕业礼物 圣诞节礼物 万圣节,2026-02-09T10:18:36.676+00:00,2441,2084,全托,美国,https://www.temu.com/search_result.html?search_key=605595168029032&search_method=user&region=211&regionCnName=%E7%BE%8E%E5%9B%BD,玩具与游戏
1776162846163,temu,605733076706005,https://img.kwcdn.com/product/fancy/80988b2e-172e-4cfc-b5a6-57473c94736b.jpg,彩色木制堆叠平衡块、平衡思维和数学教育玩具、颜色识别/认知学习开发、拼接匹配游戏教育玩具,2026-03-27T02:15:15.639+00:00,2805,2490,全托,美国,https://www.temu.com/search_result.html?search_key=605733076706005&search_method=user&region=211&regionCnName=%E7%BE%8E%E5%9B%BD,母婴用品
1776162846163,temu,605742136432459,https://img.kwcdn.com/product/fancy/7f86bb4f-049e-40b8-becf-0fd8f3465aed.jpg,taba彩色雪花冰块捏捏，1/3pcs压力软球，男女儿童感官玩具，压力玩具，礼物冰块软玩具，挤压放松玩具，感官游戏，趣味设计，彩色软玩具，柔软材料，弹性质地，触觉玩具,2026-01-21T07:35:23.378+00:00,2701,2244,全托,美国,https://www.temu.com/search_result.html?search_key=605742136432459&search_method=user&region=211&regionCnName=%E7%BE%8E%E5%9B%BD,玩具与游戏
1776162846163,temu,606212435370547,https://img.kwcdn.com/product/fancy/3867a5a8-cbc1-466e-bdb9-1852d15f906b.jpg,32 页儿童阿拉伯字母练习本，含描红书写训练，助力儿童单词学习，是阿拉伯字母学习用书，适用于开学季、新学期学习辅助材料，也可作儿童课堂学习资料，是返校季好礼之选,2026-01-24T08:05:16.736+00:00,8548,2822,全托,美国,https://www.temu.com/search_result.html?search_key=606212435370547&search_method=user&region=211&regionCnName=%E7%BE%8E%E5%9B%BD,玩具与游戏
1776162846163,temu,605989097037792,https://img.kwcdn.com/product/fancy/78b7d4ba-beaf-4011-8ce0-3dea2b04e256.jpg,"Various Models of Rotating Squeeze Cube Toys, Tie-Dye Squeeze Blocks, And Sensory Toys That Can Be Pinched And Twisted. These Tactile Toys Provide an Excellent Fingertip Feel And Are Filled with a Soft Core",2026-03-26T01:33:37.341+00:00,10000,2460,全托,美国,https://www.temu.com/search_result.html?search_key=605989097037792&search_method=user&region=211&regionCnName=%E7%BE%8E%E5%9B%BD,玩具与游戏
1776162846163,temu,605939503597898,https://img.kwcdn.com/product/open/64079f5cb224464bacfc6ed0adc922e5-goods.jpeg,"Creative 3D Pop-Up Finger, Prank Gift Box for Adult Relax and Jokes, Novel and Fun Surprise Gift",2026-03-25T01:01:33.099+00:00,511,511,全托,美国,https://www.temu.com/search_result.html?search_key=605939503597898&search_method=user&region=211&regionCnName=%E7%BE%8E%E5%9B%BD,玩具与游戏
1776162846163,temu,606583815826439,https://img.kwcdn.com/product/fancy/9b93e5d0-577e-4f2b-9abf-3c48252fc369.jpg,"8/15/32pcs Slowly Rising Soft Toys, Cute and Cuddly Doughnuts, Birthday Gifts, Small Gift Bags, Classroom Rewards, Carnival Prizes, Easter, Halloween and Christmas Party Giveaways, Random Styles",2026-02-02T06:35:03.675+00:00,578,578,全托,美国,https://www.temu.com/search_result.html?search_key=606583815826439&search_method=user&region=211&regionCnName=%E7%BE%8E%E5%9B%BD,玩具与游戏
1776162846163,temu,606464160679347,https://img.kwcdn.com/product/open/7f71a234f89f49ba90d3bf2ecc5358ef-goods.jpeg,"Harry Potter House Crest Banners Suitable for Slytherin Gryffindor Ravenclaw Hufflepuff Themed Party Backdrop with House Colors & Crests for Dorm Room Decor, Themed Party Supplies, Wizarding World Collection for Fans",2026-03-28T18:50:46.754+00:00,890,890,全托,美国,https://www.temu.com/search_result.html?search_key=606464160679347&search_method=user&region=211&regionCnName=%E7%BE%8E%E5%9B%BD,玩具与游戏
1776162846163,temu,606470536060584,https://img.kwcdn.com/product/fancy/ae5874da-8302-4300-a422-0bb23f511d1c.jpg,1个海洋贝壳冰块软萌玩具 - 缓解压力指尖玩具，办公室解压必备，可爱疗愈焦虑缓解器，创意发泄,2026-02-01T12:44:03.315+00:00,1706,863,全托,美国,https://www.temu.com/search_result.html?search_key=606470536060584&search_method=user&region=211&regionCnName=%E7%BE%8E%E5%9B%BD,玩具与游戏
1776162846163,temu,601099795401747,https://img.kwcdn.com/product/fancy/d1c7731b-bc0a-4ae4-8641-d7897403004b.jpg,不锈钢扭曲线缆开口手链，配仿珍珠点缀 - 银色镀层，复合贝壳,2026-02-02T20:02:51.953+00:00,1047,1042,半托,美国,https://www.temu.com/search_result.html?search_key=601099795401747&search_method=user&region=211&regionCnName=%E7%BE%8E%E5%9B%BD,玩具与游戏
1776162846163,temu,605516784883191,https://img.kwcdn.com/product/fancy/525aec2d-cd24-4231-b3ca-4cbdbdd80f76.jpg,"1盒 桌面纸牌游戏玩具，朋友户外聚会，生日派对，50张卡片精心设计。可随身携带，一份自我肯定，陪你重建内心的平静与力量。 ，是万圣节,圣诞节,感恩节，情人节，送朋友爱人亲人的完美礼物！",2026-02-10T01:06:17.797+00:00,1775,932,全托,美国,https://www.temu.com/search_result.html?search_key=605516784883191&search_method=user&region=211&regionCnName=%E7%BE%8E%E5%9B%BD,玩具与游戏
1776162846163,temu,606428727234809,https://img.kwcdn.com/product/fancy/f2f05440-fc7a-4318-9f34-50b446031597.jpg,新款大号DIY 场景贴纸，DIY房子贴纸，3D立体小屋微缩场景贴纸儿童diy手帐益智玩具贴画，景观贴纸，手册贴纸，手分类贴纸小房子场景，可重复使用，多种规格可选择,2026-04-01T04:14:18.918+00:00,571,571,全托,美国,https://www.temu.com/search_result.html?search_key=606428727234809&search_method=user&region=211&regionCnName=%E7%BE%8E%E5%9B%BD,玩具与游戏
1776162846163,temu,601101920658327,https://img.kwcdn.com/product/open/0edef9e0d7e442d689bcf07444e8ab3f-goods.jpeg,50张动漫学校与办公室装饰贴纸 - 可爱动漫角色，自粘粉彩涂鸦贴纸，适用于剪贴簿、手帐本、DIY手工艺品、午餐盒、笔记本电脑、水瓶 - 动漫迷和日本流行艺术爱好者的完美选择，多彩插画,2026-02-26T15:22:42.345+00:00,1639,1639,全托,美国,https://www.temu.com/search_result.html?search_key=601101920658327&search_method=user&region=211&regionCnName=%E7%BE%8E%E5%9B%BD,玩具与游戏
1776162846163,temu,601105219698778,https://img.kwcdn.com/product/fancy/50e37d81-869d-457d-bde4-b20c13ff700a.jpg,1PC水鸟口哨可以按注水量改变口哨吹出鸟叫声户外浴室水玩具精美男孩女孩礼品派个生日礼物袋玩具礼品赠品万圣节圣诞节复活节礼物,2026-01-31T07:38:53.775+00:00,18000,12763,全托,美国,https://www.temu.com/search_result.html?search_key=601105219698778&search_method=user&region=211&regionCnName=%E7%BE%8E%E5%9B%BD,玩具与游戏
1776162846163,temu,606305716663594,https://img.kwcdn.com/product/fancy/372392a8-230a-43bd-a92c-1ad098c6c9de.jpg,2000pcs Collectible Figurines hip-hop兔子卡通积木套装，适合用作办公桌面或房间的创意装饰品，生日礼物，无需电池，手工工艺品套装，适用于派对游戏用品|复活节礼物,2026-01-23T16:01:23.158+00:00,886,422,全托,美国,https://www.temu.com/search_result.html?search_key=606305716663594&search_method=user&region=211&regionCnName=%E7%BE%8E%E5%9B%BD,玩具与游戏
1776162846163,temu,605750860601640,https://img.kwcdn.com/product/open/c3efb60f1d324a779f21ce0f2c567795-goods.jpeg,单件装夏季儿童烟花水枪玩具 | 适用于户外泳池、沙滩派对、泳池比赛、拍照道具、男女童生日惊喜礼物，混色ABS材质,2026-03-25T15:35:20.450+00:00,787,787,全托,美国,https://www.temu.com/search_result.html?search_key=605750860601640&search_method=user&region=211&regionCnName=%E7%BE%8E%E5%9B%BD,玩具与游戏
1776162846163,temu,605921853947211,https://img.kwcdn.com/product/fancy/54a09b33-b7a0-4ccc-bbb3-158bc0f2888a.jpg,宝宝木质小象敲击玩具，益智早教听力打击乐器小象敲琴儿童木质玩具手指锻炼拇指琴，玩具敲击板，多功能动手动脑亲子玩具，圣诞节礼物，非电动,2026-01-26T14:48:49.350+00:00,1073,723,全托,美国,https://www.temu.com/search_result.html?search_key=605921853947211&search_method=user&region=211&regionCnName=%E7%BE%8E%E5%9B%BD,母婴用品
1776162846163,temu,605672209014150,https://img.kwcdn.com/product/open/a833a99ef08449b89ab14202ed438e33-goods.jpeg,大富翁游戏棋盘 6人用大尺寸35厘米/13.78英寸 - 内含：1个圆形棋盘、24颗6色骰子、2个骰子。经典骰子棋盘游戏，适合6人玩，带编号棋子（1-6） - 家庭游戏夜、饮酒游戏、圣诞节及万圣节 - 国际象棋快车道及6人用大富翁游戏棋盘 - 经典骰子棋盘游戏带编号棋子,2026-01-25T02:53:08.214+00:00,4768,2540,全托,美国,https://www.temu.com/search_result.html?search_key=605672209014150&search_method=user&region=211&regionCnName=%E7%BE%8E%E5%9B%BD,玩具与游戏
1776162846163,temu,606084794300148,https://img.kwcdn.com/product/fancy/63d53dff-b6ed-4898-95c7-fbae306ee5cd.jpg,2PCS仿真迷你香料瓶-娃娃屋创意模型-拍摄场景道具,2026-02-02T13:44:25.815+00:00,1171,590,全托,美国,https://www.temu.com/search_result.html?search_key=606084794300148&search_method=user&region=211&regionCnName=%E7%BE%8E%E5%9B%BD,玩具与游戏
1776162846163,temu,605980372908242,https://img.kwcdn.com/product/fancy/87e5d903-0a51-4224-87b8-e2d678edb80a.jpg,气球/小房子/飞行屋模型集建筑小摆件，新年、圣诞节、斋月、复活节礼物，创意组装，重力积木，详细组装，精密制作，可重复使用的建筑件模型，组装套件，礼物创意,2026-02-12T03:35:39.753+00:00,681,590,全托,美国,https://www.temu.com/search_result.html?search_key=605980372908242&search_method=user&region=211&regionCnName=%E7%BE%8E%E5%9B%BD,玩具与游戏
1776162846163,temu,606273705716743,https://img.kwcdn.com/product/fancy/19744287-2f97-451c-b15c-333d1485e0e6.jpg,1pcs/2pcs 3D打印可动水母玩具玩偶模型 渐变炫彩一体成型 全身关节可动 解压创意桌面摆件 学生党潮玩手办 家居办公个性装饰 儿童生日等节日送礼礼物 收藏海洋生物玩具,2026-03-29T07:33:38.338+00:00,560,560,全托,美国,https://www.temu.com/search_result.html?search_key=606273705716743&search_method=user&region=211&regionCnName=%E7%BE%8E%E5%9B%BD,玩具与游戏
1776162846163,temu,601105719539267,https://img.kwcdn.com/product/fancy/9c6c8ee4-cd8e-48ea-b48f-1ea8b7b12c08.jpg,梦幻神奇动物系列-奇幻幸运独角兽捏捏乐挤压玩具，缤纷色彩质地柔软，捏捏乐挤压玩具，橡胶可爱造型，慢回弹设计，桌面装饰，金粉闪片填充物挤压玩具，适合办公玩耍，放松作用，更适合个人收藏，摆件，生日礼物，圣诞礼物和节日礼物,2026-01-24T08:45:31.402+00:00,1969,1116,全托,美国,https://www.temu.com/search_result.html?search_key=601105719539267&search_method=user&region=211&regionCnName=%E7%BE%8E%E5%9B%BD,玩具与游戏
1776162846163,temu,605583289762360,https://img.kwcdn.com/product/fancy/ef23f2d5-8c05-49eb-9fef-6872ff7214bc.jpg,帕尼尼 2026 国际足联 365 Adrenalyn XL惊喜卡包| 球迷礼物 纸牌游戏 球星卡 官方球星卡 足球星卡 球迷礼物,2026-04-08T13:26:48.127+00:00,342,342,全托,美国,https://www.temu.com/search_result.html?search_key=605583289762360&search_method=user&region=211&regionCnName=%E7%BE%8E%E5%9B%BD,玩具与游戏
1776162846163,temu,606010370586433,https://img.kwcdn.com/product/fancy/d121fc46-3802-4ce3-aea0-9e300796fb3b.jpg,爱心摆件挂饰 按键解压,2026-03-27T06:54:41.373+00:00,497,497,全托,美国,https://www.temu.com/search_result.html?search_key=606010370586433&search_method=user&region=211&regionCnName=%E7%BE%8E%E5%9B%BD,玩具与游戏
1776162846163,temu,606487850136740,https://img.kwcdn.com/product/fancy/77a0f8d6-9c90-451c-902b-13116260d456.jpg,"麦芽糖球捏捏，慢回弹,随意拉扯不变形，放松解压玩具，挤压玩具，适合派对小礼物",2026-01-18T10:34:18.794+00:00,1066,685,全托,美国,https://www.temu.com/search_result.html?search_key=606487850136740&search_method=user&region=211&regionCnName=%E7%BE%8E%E5%9B%BD,玩具与游戏
1776162846163,temu,606522545402558,https://img.kwcdn.com/product/open/a20c4c800e97465aa3fcbb482e3ee33e-goods.jpeg,复活节新奇玩具 2件套小龙与蛋 - 复活节游戏梦幻人偶套装（1龙+1蛋），耐用塑料汽车内部装饰配件模型收藏品和玩具，家居室内装饰工艺品。复活节节日主题装饰，彩色车载展示摆件，办公桌面装饰。馈赠亲友孩童的完美生日礼物,2026-03-30T17:03:19.123+00:00,745,745,全托,美国,https://www.temu.com/search_result.html?search_key=606522545402558&search_method=user&region=211&regionCnName=%E7%BE%8E%E5%9B%BD,玩具与游戏
1776162846163,temu,606422888714414,https://img.kwcdn.com/product/open/ab60ced8e2d34c5a9ecc5a384fe7f450-goods.jpeg,40件装1:12比例娃娃屋地板，木质地板，娃娃屋配件，迷你家居装饰品，1:12娃娃屋家居装饰物品,2026-03-12T04:34:46.767+00:00,826,657,全托,美国,https://www.temu.com/search_result.html?search_key=606422888714414&search_method=user&region=211&regionCnName=%E7%BE%8E%E5%9B%BD,玩具与游戏
1776162846163,temu,605681335767270,https://img.kwcdn.com/product/open/231b7629204f468981fed77c3fbb80c3-goods.jpeg,花瓣造型卡通旋转玩具，早期启蒙益智玩具，适合在浴缸、餐桌、浴室洗澡玩具，理想的生日玩具礼物，圣诞节万圣节礼物,2026-02-09T14:16:51.137+00:00,3808,2723,全托,美国,https://www.temu.com/search_result.html?search_key=605681335767270&search_method=user&region=211&regionCnName=%E7%BE%8E%E5%9B%BD,玩具与游戏
1776162846163,temu,606509727626292,https://img.kwcdn.com/product/open/03b733057a1b42209c107e4cebdf3929-goods.jpeg,Taba 弹力玩具，Fufu 弹力玩具指尖玩具 - 蓝色海洋小动物冰块弹力玩具迷你玩具，慢回弹3D麦芽糖玩具，可挤压和揉捏的趣味玩具，卡通小图案设计，引人入胜的蓝色慢回弹软玩具，儿童喜爱,2026-02-24T04:18:45.643+00:00,9307,7717,全托,美国,https://www.temu.com/search_result.html?search_key=606509727626292&search_method=user&region=211&regionCnName=%E7%BE%8E%E5%9B%BD,玩具与游戏
1776162846163,temu,606006679599814,https://img.kwcdn.com/product/fancy/4f6bb18f-9b27-4d6b-97f1-3aa0bbab31b5.jpg,2026新款幼儿学习平板电脑，三语学习玩具，带音乐和声音，12个月男孩女孩语音治疗玩具，12个月音乐宝宝生日玩具，幼儿教育玩具圣诞礼物，适合英语,2026-02-04T07:51:15.974+00:00,4762,1774,全托,美国,https://www.temu.com/search_result.html?search_key=606006679599814&search_method=user&region=211&regionCnName=%E7%BE%8E%E5%9B%BD,玩具与游戏
1776162846163,temu,605563492618198,https://img.kwcdn.com/product/fancy/2df30f52-16c5-40ac-b288-f907aa8941ad.jpg,16张闪卡 包含32个物种的生长周期卡片，鸡，鸭，鸟类，乌龟，蝴蝶，蜻蜓，向日葵等，双面彩色印刷，带收纳环,2026-02-01T05:32:55.892+00:00,2884,1335,全托,美国,https://www.temu.com/search_result.html?search_key=605563492618198&search_method=user&region=211&regionCnName=%E7%BE%8E%E5%9B%BD,玩具与游戏
1776162846163,temu,606058487628602,https://img.kwcdn.com/product/open/27cc3238161b41dda722325bc0e1a89b-goods.jpeg,Taba 1/2/3 彩色磨砂冰块挤压玩具，柔软橡胶材质 - 低回弹软萌玩具，缓解办公室压力，课堂奖励，生日派对礼物，节日礼品（随机颜色）。非常适合日常、愚人节,2026-03-29T05:34:56.300+00:00,2239,1377,全托,美国,https://www.temu.com/search_result.html?search_key=606058487628602&search_method=user&region=211&regionCnName=%E7%BE%8E%E5%9B%BD,玩具与游戏
1776162846163,temu,606263035417273,https://img.kwcdn.com/product/fancy/6cbd082f-2bc3-441e-9eeb-b77edd6370f2.jpg,"Children's Bathroom Windmill Toy, Colorful Water Play Toy, Looks Very Beautiful When Spinning, for Fun Bathtub/Pool Playtime, Perfect Children's Birthday Gift, Holiday Gift",2026-02-03T05:42:08.121+00:00,4600,3055,全托,美国,https://www.temu.com/search_result.html?search_key=606263035417273&search_method=user&region=211&regionCnName=%E7%BE%8E%E5%9B%BD,母婴用品
1776162846163,temu,605754014686078,https://img.kwcdn.com/product/fancy/5913ec90-7a26-49b1-91c4-a466611d8994.jpg,2个紫色章鱼Q弹趣味DIY章鱼 手打泡泡挤压玩具 - 缓慢回弹，柔软触感，节日聚会派对必备，可爱外观，感官玩具，柔软的触感，假日派对必备复活节和送给朋友的最佳礼物,2026-03-21T13:49:21.515+00:00,361,361,全托,美国,https://www.temu.com/search_result.html?search_key=605754014686078&search_method=user&region=211&regionCnName=%E7%BE%8E%E5%9B%BD,玩具与游戏
1776162846163,temu,605787099352634,https://img.kwcdn.com/product/fancy/6fdaf5fc-778c-49d5-9fb1-ddc96e7a5e6b.jpg,静音篮球（5号，7.09英寸）- 不真空包装 - 2025升级款无气软泡球，静音设计，适合静音篮球和室内训练 - 真实触感，更高弹性，无噪音,2026-03-19T14:38:40.213+00:00,986,986,全托,美国,https://www.temu.com/search_result.html?search_key=605787099352634&search_method=user&region=211&regionCnName=%E7%BE%8E%E5%9B%BD,玩具与游戏
1776162846163,temu,606252633523237,https://img.kwcdn.com/product/open/5ee76bcc3eda4604a43d587745d2c1d5-goods.jpeg,1个粘性塔巴饼干软软压压乐玩具 | 超柔软缓解压力挤压玩具，儿童卡哇伊饼干感官压力球，可爱设计，缓解焦虑派个礼物，适合男孩和女孩，办公室休闲，复活节篮子填充物,2026-04-07T10:26:19.123+00:00,324,324,全托,美国,https://www.temu.com/search_result.html?search_key=606252633523237&search_method=user&region=211&regionCnName=%E7%BE%8E%E5%9B%BD,玩具与游戏
1776162846163,temu,601104873259356,https://img.kwcdn.com/product/fancy/2307e197-ede4-40b3-aa79-7511439230f7.jpg,74厘米/29英寸儿童回旋镖板，室内/室外派对游戏玩具，含12或18个球——完美的夏日礼物或圣诞/万圣节礼品（球体颜色随机）,2026-01-30T12:15:51.782+00:00,9266,4908,全托,美国,https://www.temu.com/search_result.html?search_key=601104873259356&search_method=user&region=211&regionCnName=%E7%BE%8E%E5%9B%BD,玩具与游戏
1776162846163,temu,605954535951311,https://img.kwcdn.com/product/fancy/c83d8d61-9bd4-4787-8d9b-1f264ab183ae.jpg,"Unsolved Caes: Cold Case Murder Mystery Game, A Real Crime Scene Investigation Featuring Autopsy Reports Interviews And Clues, A Detective Game for Individuals Or Teams Aged 14 And Above, an Engaging Detective Experience with Printed Materials",2026-03-04T11:54:48.206+00:00,1900,1662,全托,美国,https://www.temu.com/search_result.html?search_key=605954535951311&search_method=user&region=211&regionCnName=%E7%BE%8E%E5%9B%BD,玩具与游戏
1776162846163,temu,606443356934181,https://img.kwcdn.com/product/fancy/226adebc-f871-468a-8db6-e2a702c33eff.jpg,3D打印可活动关节的煎蛋Pop Fidget 桌面创意摆件礼物,2026-03-19T03:20:29.868+00:00,998,998,全托,美国,https://www.temu.com/search_result.html?search_key=606443356934181&search_method=user&region=211&regionCnName=%E7%BE%8E%E5%9B%BD,玩具与游戏
1776162846163,temu,605676436873133,https://img.kwcdn.com/product/fancy/2cbee194-0e8d-4014-91df-0f6aa6b4f751.jpg,宝宝卡通蜜蜂造型摇铃，婴儿安抚摇铃玩具，圣诞节万圣节生日礼物，拍摄道具,2026-02-25T19:41:58.551+00:00,826,826,全托,美国,https://www.temu.com/search_result.html?search_key=605676436873133&search_method=user&region=211&regionCnName=%E7%BE%8E%E5%9B%BD,玩具与游戏
1776162846163,temu,605873200022946,https://img.kwcdn.com/product/fancy/7b46f420-f856-469e-be16-04ed176e621a.jpg,两套加厚成人PVC充气泳池浮垫——条纹水筏、泳池吊床。适用于成人泳池、海滨及其他水上活动。多功能PVC泳池浮具，集躺椅与漂流功能于一体，是旅行的理想之选,2026-03-24T04:33:27.227+00:00,847,847,全托,美国,https://www.temu.com/search_result.html?search_key=605873200022946&search_method=user&region=211&regionCnName=%E7%BE%8E%E5%9B%BD,玩具与游戏
1776162846163,temu,605674088030102,https://img.kwcdn.com/product/fmket/e8bad8367107f21ea8906ed5048cc7e8.jpg,"Classic Poker Card Set | Essential Party Game for Gatherings, Tabletop Games & Festive Fun, Durable & Portable Playing Cards, Card Stock Material, Suitable for",2026-01-29T02:11:58.799+00:00,4600,2068,全托,美国,https://www.temu.com/search_result.html?search_key=605674088030102&search_method=user&region=211&regionCnName=%E7%BE%8E%E5%9B%BD,玩具与游戏
1776162846163,temu,606010102111470,https://img.kwcdn.com/product/algo_check/auto/c39d9c1bbb47bdab1150cfa12a739cc2_1770169020954.jpg,塔巴捏捏猫爪解压玩具，柔软果冻猫咪挤压减压玩具，亲子互动玩具，休闲伴侣，黑色感官解压玩具，情人节礼物佳选，办公休闲好礼,2026-03-05T12:03:54.077+00:00,1242,1123,全托,美国,https://www.temu.com/search_result.html?search_key=606010102111470&search_method=user&region=211&regionCnName=%E7%BE%8E%E5%9B%BD,玩具与游戏
1776162846163,temu,605987352238663,https://img.kwcdn.com/product/fancy/31c56fed-3244-4efc-abc5-2eb7913ba614.jpg,88件套蜂巢钓鱼游戏组亲子互动 | 3-8岁儿童STEM精细动作训练玩具 | 磁力钓竿多人家庭桌游 | 课堂派个生日礼物 | 万圣节/圣诞节教育礼品。（4个季节通用）,2026-01-19T10:33:47.217+00:00,949,401,全托,美国,https://www.temu.com/search_result.html?search_key=605987352238663&search_method=user&region=211&regionCnName=%E7%BE%8E%E5%9B%BD,玩具与游戏
1776162846163,temu,605875750186090,https://img.kwcdn.com/product/open/88413ca078104644b428fc6377daf8c3-goods.jpeg,3件装 3D打印动物-毒蛇，3D打印蛇玩具 可活动蛇骨 3D打印动物模型摆件 创意趣味玩具 节日礼物送朋友,2026-03-27T11:22:46.686+00:00,895,895,全托,美国,https://www.temu.com/search_result.html?search_key=605875750186090&search_method=user&region=211&regionCnName=%E7%BE%8E%E5%9B%BD,玩具与游戏
1776162846163,temu,606025604237123,https://img.kwcdn.com/product/fancy/d131809c-7bc5-4392-bd15-5b8567119e66.jpg,20件迷你切割水果蔬菜披萨组合 - 过家家厨房玩具，仿真食物儿童玩具过家家玩具不开刃,2026-03-05T09:35:05.819+00:00,1622,1413,全托,美国,https://www.temu.com/search_result.html?search_key=606025604237123&search_method=user&region=211&regionCnName=%E7%BE%8E%E5%9B%BD,玩具与游戏
1776162846163,temu,606032986216548,https://img.kwcdn.com/product/fancy/0357e11b-fa66-4cac-9b39-b81e0bbe3148.jpg,"Yahweh Most High 基督教挑战硬币,基督教耶稣挑战硬币与刺冠,生活在他的承诺信仰和十字纪念硬币,男士女士宗教礼物",2026-02-16T07:56:40.163+00:00,2544,2192,全托,美国,https://www.temu.com/search_result.html?search_key=606032986216548&search_method=user&region=211&regionCnName=%E7%BE%8E%E5%9B%BD,玩具与游戏
1776162846163,temu,605808104434716,https://img.kwcdn.com/product/fancy/475ba661-8a8e-4c7f-abb1-ded0cf2c3a43.jpg,"Wooden Cat Maze Puzzle, Adult Brain-Teasing Mind Training, Irregular-Shaped Storage Tray, Stress-Relieving and Boredom-Busting Gadget",2026-04-02T16:09:19.295+00:00,637,637,全托,美国,https://www.temu.com/search_result.html?search_key=605808104434716&search_method=user&region=211&regionCnName=%E7%BE%8E%E5%9B%BD,玩具与游戏
1776162846163,temu,606461610546472,https://img.kwcdn.com/product/open/df3dd88d1d554860a08705f4b891850c-goods.jpeg,"55 Playing Cards, Plastic Poker Cards - an Ideal Choice for Christmas, Halloween, Thanksgiving Gifts, And Game Nights. Stylish And Durable, They Make a Perfect Holiday Travel Gift",2026-03-30T04:13:35.468+00:00,818,818,全托,美国,https://www.temu.com/search_result.html?search_key=606461610546472&search_method=user&region=211&regionCnName=%E7%BE%8E%E5%9B%BD,玩具与游戏
1776162846163,temu,605517053324713,https://img.kwcdn.com/product/fancy/5c592c5b-f610-48ac-b496-0ef82615957f.jpg,1件双面感官活动板——适用于社交情感学习与创意拼图游戏，专为提升儿童精细动作技能和娱乐玩法设计，多色可选，万圣节与圣诞节赠礼佳品,2026-01-19T14:37:55.558+00:00,1584,812,全托,美国,https://www.temu.com/search_result.html?search_key=605517053324713&search_method=user&region=211&regionCnName=%E7%BE%8E%E5%9B%BD,玩具与游戏
1776162846163,temu,606027013540083,https://img.kwcdn.com/product/fancy/42380d7b-5da7-4851-8b40-93ed0eefac96.jpg,1个超柔软吐司捏捏玩具，非常适合办公桌摆放，可作为复活节和生日派对赠予同学与学生的礼物，互动玩耍玩具，Taba捏捏玩具/儿童玩具，吐司造型解压神器，圣诞礼物填充物，馈赠佳品首选，感官游戏玩具,2026-03-02T14:52:51.682+00:00,1725,1604,全托,美国,https://www.temu.com/search_result.html?search_key=606027013540083&search_method=user&region=211&regionCnName=%E7%BE%8E%E5%9B%BD,玩具与游戏
1776162846163,temu,606062245702522,https://img.kwcdn.com/product/fancy/14d74ebc-9941-4e1a-ade2-0236370bc942.jpg,"RHRU 情人节、复活节、圣诞、炫酷DIY创意复古压铸装饰品金属卡车，农舍迷你皮卡卡车玩具-儿童和男孩的可打开的车门拉式卡车，1:38合金皮卡，分层托盘装饰，家用桌面Mantel室内礼品，情人节圣诞节复活节装饰品，收藏玩具车, 情人节礼物, 送给孙辈的主题派对、生日、圣诞、复活节小礼物",2026-02-09T10:28:44.666+00:00,558,500,全托,美国,https://www.temu.com/search_result.html?search_key=606062245702522&search_method=user&region=211&regionCnName=%E7%BE%8E%E5%9B%BD,玩具与游戏
1776162846163,temu,606427720582942,https://img.kwcdn.com/product/fancy/e609c1d6-6627-41b9-b64a-8b53802533fa.jpg,一款微缩咖啡机场景摆件，Dollhouse娃娃屋，模型屋配件，娃娃屋玩具，玩具屋装饰，微缩食玩，拍摄道具，微景观摆件 Miniatures装饰，小礼物，赠品，家居摆件,2026-01-19T09:22:54.791+00:00,1485,780,全托,美国,https://www.temu.com/search_result.html?search_key=606427720582942&search_method=user&region=211&regionCnName=%E7%BE%8E%E5%9B%BD,玩具与游戏
1776162846163,temu,601104523751281,https://img.kwcdn.com/product/fancy/395485f3-627f-4aed-a494-027bbd3893e0.jpg,"Cute Pickle'S Life Adult Coloring Book | Fun Cartoon Patterns, Creative Fun for Everyday Life, Mixed Color, Paper Material",2026-02-13T13:15:13.830+00:00,581,565,全托,美国,https://www.temu.com/search_result.html?search_key=601104523751281&search_method=user&region=211&regionCnName=%E7%BE%8E%E5%9B%BD,玩具与游戏
1776162846163,temu,605929101698375,https://img.kwcdn.com/product/fancy/37a24d7a-08ed-4d29-b85a-8f633a4d27ca.jpg,一包彩色串珠感官指环 - 可调节减压放松焦虑安抚指环，多色可选，适用于成人，指部按摩器，办公室职员适用,2026-02-08T08:03:58.775+00:00,2453,1119,全托,美国,https://www.temu.com/search_result.html?search_key=605929101698375&search_method=user&region=211&regionCnName=%E7%BE%8E%E5%9B%BD,玩具与游戏
1776162846163,temu,606070701421328,https://img.kwcdn.com/product/fancy/3d7db094-d8f0-47eb-a753-5ee66dc312df.jpg,"复制币《荆棘冠》纪念挑战 | 居住在他的诺言中，新奇纪念币 挑战币系列 浮雕工艺 立体雕刻 金属挑战币 万圣节礼物 决策硬币 搞怪纪念币 整蛊玩具 收藏纪念币 圣诞节礼物 高品质印刷, 精雕细琢, 精密雕刻, 耐用金属, 收藏套装",2026-01-30T05:29:43.082+00:00,1351,385,全托,美国,https://www.temu.com/search_result.html?search_key=606070701421328&search_method=user&region=211&regionCnName=%E7%BE%8E%E5%9B%BD,玩具与游戏
1776162846163,temu,606269679229352,https://img.kwcdn.com/product/open/6b9e21d50c964d16a9f49f2bdbdbff38-goods.jpeg,"Hand Painted Cat Squishy Toys, Large Ultra-Soft Kitty Squeeze Fidget Toys for Stress Relief, Kawaii Squishies Sticky Animal Toys for Kids, Decompression Sensory Balls Toys for Autism, Valentine'S Day Easter Ramadan Gifts (Random Color)",2026-03-05T12:03:55.335+00:00,533,483,全托,美国,https://www.temu.com/search_result.html?search_key=606269679229352&search_method=user&region=211&regionCnName=%E7%BE%8E%E5%9B%BD,玩具与游戏
1776162846163,temu,605823271017577,https://img.kwcdn.com/product/open/86be22c047f046a6bca7174cd6c92ec0-goods.jpeg,"6pcs Mini Colorful Flowers Suitable for Tiny Landscape Decor, Resin Miniature Blossoms for DIY Crafts, - Vibrant for, Dioramas, Making(Multi-Color Options)",2026-04-03T08:32:21.109+00:00,322,322,全托,美国,https://www.temu.com/search_result.html?search_key=605823271017577&search_method=user&region=211&regionCnName=%E7%BE%8E%E5%9B%BD,玩具与游戏
1776162846163,temu,606058353371080,https://img.kwcdn.com/product/fancy/20319f75-e145-4643-a70a-a302c34afcb0.jpg,14/28/56/80pcs 迷你可爱卡哇伊扭蛋玩具 - 完美的口香糖机、派对礼品和惊喜奖品 - 理想的幼儿园、万圣节、感恩节、圣诞节和复活节庆祝活动的礼物,2026-01-19T15:24:01.626+00:00,5972,1590,全托,美国,https://www.temu.com/search_result.html?search_key=606058353371080&search_method=user&region=211&regionCnName=%E7%BE%8E%E5%9B%BD,玩具与游戏
1776162846163,temu,606267263272822,https://img.kwcdn.com/product/fancy/391ed4b0-a975-4034-912b-3c3af5828235.jpg,"2pcs Underwater Glider, Swimming Training Toy - Self Propelled, Glides Underwater, Adjusting The Wing Angle Results in Different Gliding Performance, Summer Outdoor Swimming Pool Gift for Kids & Teenagers",2026-03-25T02:42:01.672+00:00,1100,1100,全托,美国,https://www.temu.com/search_result.html?search_key=606267263272822&search_method=user&region=211&regionCnName=%E7%BE%8E%E5%9B%BD,玩具与游戏
1776162846163,temu,606315111879965,https://img.kwcdn.com/product/fancy/59b29590-2656-4a1c-8081-1f7326d479e4.jpg,6pcs挤压玩具章鱼，可爱的章鱼形状的柔软压力球/彩色珠子填充的玩具，儿童学堂和生日的礼物，派对的奖品，适合儿童和，可作为圣诞节、复活节，万圣节、感恩节礼物/彩色柔软球/透明球,2026-01-30T13:44:41.754+00:00,4020,1927,全托,美国,https://www.temu.com/search_result.html?search_key=606315111879965&search_method=user&region=211&regionCnName=%E7%BE%8E%E5%9B%BD,玩具与游戏
1776162846163,temu,606497044019404,https://img.kwcdn.com/product/open/5ccb8a5a98784e7e9a5caf1be0684a79-goods.jpeg,超柔软儿童毛绒搪胶玩偶｜兔熊羊萌趣造型，床头桌面装饰可爱填充动物，陪伴孩子的极好礼物，适用于生日和节日礼物推荐,2026-03-27T10:28:36.570+00:00,672,672,全托,美国,https://www.temu.com/search_result.html?search_key=606497044019404&search_method=user&region=211&regionCnName=%E7%BE%8E%E5%9B%BD,玩具与游戏
1776162846163,temu,605623286604495,https://img.kwcdn.com/product/open/ea38732b8e3f463da66f19137dc24b3a-goods.jpeg,20只混色兔子造型装饰彩蛋，可爱卡通迷你饰品，派对礼品与节日赠品，礼篮填充物，房间与桌面场景装饰，儿童DIY手工装饰，有趣惊喜装饰彩蛋,2026-02-07T01:43:42.343+00:00,1349,337,半托,美国,https://www.temu.com/search_result.html?search_key=605623286604495&search_method=user&region=211&regionCnName=%E7%BE%8E%E5%9B%BD,玩具与游戏
1776162846163,temu,605974131785466,https://img.kwcdn.com/product/fancy/3905afd4-a8c8-45f9-abdb-ed7223233b3e.jpg,方形冰块捏捏，手部感官玩具，手感柔软不易变形，适合节日派对礼物，圣诞节，万圣节 生日礼物,2026-03-26T09:27:56.348+00:00,989,989,全托,美国,https://www.temu.com/search_result.html?search_key=605974131785466&search_method=user&region=211&regionCnName=%E7%BE%8E%E5%9B%BD,玩具与游戏
1776162846163,temu,606127005772767,https://img.kwcdn.com/product/fancy/4a684fca-fe90-4063-8d6c-3d2cd0b02d8a.jpg,一款柔和渐变色星空闪粉泳圈 - 充气泳池浮圈，适合儿童和家庭海滩及泳池派对必备品，适合夏季游泳用品，圣诞节，万圣节，复活节,2026-03-29T02:28:07.812+00:00,308,308,全托,美国,https://www.temu.com/search_result.html?search_key=606127005772767&search_method=user&region=211&regionCnName=%E7%BE%8E%E5%9B%BD,玩具与游戏
1776162846163,temu,606561871225890,https://img.kwcdn.com/product/open/a89928af24d140e2bb95aba44b84afef-goods.jpeg,50pcs Harry Potter Stickers Scratch Resistant Decals Wizarding World Element Design for Laptop Water Bottle Journal Luggage Decoration Magic Theme Pack,2026-04-04T18:18:29.443+00:00,708,708,全托,美国,https://www.temu.com/search_result.html?search_key=606561871225890&search_method=user&region=211&regionCnName=%E7%BE%8E%E5%9B%BD,玩具与游戏
1776162846163,temu,605580404079311,https://img.kwcdn.com/product/fancy/cb92cb64-4984-4d2a-8991-48903ac43b44.jpg,"A Set of Task Cards for Verbal Relaxation with Buckles, Containing 100 Different Questions; WH Questions; Verbal Relaxation Resources; Functional Task Cards; Teaching Cards, Gifts for Teachers, And Vocabulary Flashcards",2026-01-26T12:37:45.527+00:00,3800,3261,全托,美国,https://www.temu.com/search_result.html?search_key=605580404079311&search_method=user&region=211&regionCnName=%E7%BE%8E%E5%9B%BD,玩具与游戏
1776162846163,temu,606075667504271,https://img.kwcdn.com/product/open/df26dc9174ec44e79873046773a4b08f-goods.jpeg,"1个可爱的考拉挤压玩具 可爱袋鼠软萌玩具 Taba Squishy, Fufu Squishy Fidget Toy-柔软毛绒袋鼠背包挂饰，灰色TPR解压发泄软萌礼物 适合办公桌/书桌/卧室的趣味新奇玩具，教学奖励，生日派对礼物，圣诞节/情人节/万圣节礼物，考拉填充动物",2026-02-15T11:59:41.554+00:00,1219,686,全托,美国,https://www.temu.com/search_result.html?search_key=606075667504271&search_method=user&region=211&regionCnName=%E7%BE%8E%E5%9B%BD,玩具与游戏
1776162846163,temu,606407722128219,https://img.kwcdn.com/product/fancy/a4e80946-f3fa-4465-8221-d9a9a54ee0cd.jpg,趣味水枪玩具3岁+！户外打水仗 孩子夏日玩到停不下来，夏季泳池玩具，夏季水枪，聚会和海滩派对玩具,2026-02-08T16:16:34.752+00:00,1659,1221,全托,美国,https://www.temu.com/search_result.html?search_key=606407722128219&search_method=user&region=211&regionCnName=%E7%BE%8E%E5%9B%BD,玩具与游戏
1776162846163,temu,606585090860154,https://img.kwcdn.com/product/fancy/49a34eae-4c7e-4417-87b7-4f5bdf547779.jpg,"Crow Oracle Cards Deck - A Set of 55 Cards-Animal Spirit Cards for Intuitive Readings, Daily Insight & Mindfulness Practice - Divination Cards for Self-Reflection & Spiritual Guidance",2026-04-01T15:56:18.043+00:00,447,447,全托,美国,https://www.temu.com/search_result.html?search_key=606585090860154&search_method=user&region=211&regionCnName=%E7%BE%8E%E5%9B%BD,玩具与游戏
1776162846163,temu,601103687666072,https://img.kwcdn.com/product/fancy/77615083-2435-43b5-949c-7b27ca1dc136.jpg,立方体雪花挤压玩具 ，蓝冰方块挤压玩具，美观慢回弹捏捏乐玩具- 柔软挤压玩具，适合课堂奖品、万圣节/圣诞节/复活节派对礼物，最佳圣诞佳选,2026-03-26T09:27:56.136+00:00,1043,1043,全托,美国,https://www.temu.com/search_result.html?search_key=601103687666072&search_method=user&region=211&regionCnName=%E7%BE%8E%E5%9B%BD,玩具与游戏
1776162846163,temu,605619260117609,https://img.kwcdn.com/product/fancy/d3fd86d2-06c6-4be0-ae17-28dcbb68be41.jpg,"Set of Two Baby Room Essentials for Infants Aged 0-12 Months Featuring Engaging Educational Toys, Adorable Handheld Rattles with Vibrant Animal Patterns, And Sensory Stimulating Buzzers That Help Enhance Motor Skills And Hand-Eye Coordination",2026-03-06T17:29:28.676+00:00,964,905,全托,美国,https://www.temu.com/search_result.html?search_key=605619260117609&search_method=user&region=211&regionCnName=%E7%BE%8E%E5%9B%BD,母婴用品
1776162846163,temu,606292060026951,https://img.kwcdn.com/product/fancy/9d17d5b7-0910-4cc8-939a-e5435463163e.jpg,儿童音乐玩具、吉他与弦乐器玩具、尤克里里玩具、益智教育玩具,2026-03-11T06:37:42.079+00:00,1915,1812,全托,美国,https://www.temu.com/search_result.html?search_key=606292060026951&search_method=user&region=211&regionCnName=%E7%BE%8E%E5%9B%BD,玩具与游戏
1776162846163,temu,606298133385207,https://img.kwcdn.com/product/fancy/63f2b714-d801-46d3-b22e-330c2fda9a7c.jpg,3D打印KiFlip磁吸滑板 - 哑光质感多图案创意解压小玩具（附专用滑板收纳盒）,2026-03-02T12:01:29.986+00:00,1706,1285,全托,美国,https://www.temu.com/search_result.html?search_key=606298133385207&search_method=user&region=211&regionCnName=%E7%BE%8E%E5%9B%BD,玩具与游戏
1776162846163,temu,606307931238769,https://img.kwcdn.com/product/algo_check/auto/692a4ea252c509265f3553067314474f_1774254133130.jpg,捏捏乐，大家都在玩的捏捏乐，工作之余玩一玩，开心快乐，下班没事捏一捏，开心快乐，追剧没事捏一捏，开心快乐。捏捏乐带给你无尽快乐，随身携带方便快乐。,2026-04-02T14:52:24.265+00:00,348,348,全托,美国,https://www.temu.com/search_result.html?search_key=606307931238769&search_method=user&region=211&regionCnName=%E7%BE%8E%E5%9B%BD,玩具与游戏
1776162846163,temu,606187806386088,https://img.kwcdn.com/product/fancy/7c9fea09-5773-4d8a-88b6-32a6d0b0faab.jpg,28片多人多米诺骨牌游戏，创意棋牌游戏，经典桌面游戏，多人家庭数学游戏，厚实白色完整骨牌，个六套组合,2026-03-27T11:20:20.626+00:00,425,425,全托,美国,https://www.temu.com/search_result.html?search_key=606187806386088&search_method=user&region=211&regionCnName=%E7%BE%8E%E5%9B%BD,玩具与游戏
1776162846163,temu,605959971776869,https://img.kwcdn.com/product/fancy/daa8205b-8823-46a6-bc3e-3f522e0a0c03.jpg,婴儿玩具绕珠串珠儿童宝宝益智积木早教启蒙教育复活节万圣节圣诞节感恩节送礼,2026-03-31T22:22:58.970+00:00,503,503,全托,美国,https://www.temu.com/search_result.html?search_key=605959971776869&search_method=user&region=211&regionCnName=%E7%BE%8E%E5%9B%BD,母婴用品
1776162846163,temu,606198946473147,https://img.kwcdn.com/product/open/32de682398364bb994e586a71eafa453-goods.jpeg,2D平面250年自由纪念币 美利坚合众国1776-2026四百年纪念纪念品 艺术设计收藏人偶复制品 2D平面,2026-03-19T14:27:14.261+00:00,514,514,半托,美国,https://www.temu.com/search_result.html?search_key=606198946473147&search_method=user&region=211&regionCnName=%E7%BE%8E%E5%9B%BD,玩具与游戏
1776162846163,temu,606283302297411,https://img.kwcdn.com/product/fancy/7d17f61e-7784-4cd4-b05b-392a1d15dcf6.jpg,手工树脂展示柜 - 便携娃娃盒、密室盒及收藏品储物箱 - 适用于桌面、卧室、客厅装饰 - 万圣节与圣诞佳礼，存储柜、陈列架、篮筐、家居整理神器,2026-01-29T08:39:21.901+00:00,892,892,全托,美国,https://www.temu.com/search_result.html?search_key=606283302297411&search_method=user&region=211&regionCnName=%E7%BE%8E%E5%9B%BD,玩具与游戏
1776162846163,temu,606455436528988,https://img.kwcdn.com/product/fancy/45b76b85-7c46-4f9a-977b-548e9baf77c9.jpg,"Simulated Food Squishy Toy - Hand Sensory & Squeeze Toy · Desktop Decoration - Suitable for Christmas, Halloween, and Holiday Party Gifts",2026-03-26T19:16:00.917+00:00,418,418,全托,美国,https://www.temu.com/search_result.html?search_key=606455436528988&search_method=user&region=211&regionCnName=%E7%BE%8E%E5%9B%BD,玩具与游戏
1776162846163,temu,606478857542132,https://img.kwcdn.com/product/fancy/9f9f23ed-4f65-4738-b694-4a871f4e66bf.jpg,四色串珠感官指环套装 - 可调节减压指环，缓解焦虑与压力，多色成人款，指部按摩器，适合上班族使用,2026-02-14T16:26:21.236+00:00,877,495,全托,美国,https://www.temu.com/search_result.html?search_key=606478857542132&search_method=user&region=211&regionCnName=%E7%BE%8E%E5%9B%BD,玩具与游戏
1776162846163,temu,605640667811176,https://img.kwcdn.com/product/open/d05d01ed9c614470a84bd830601cc1de-goods.jpeg,"Fairy Grandma Credit Card Sticker, Suitable for EBT, Transit Keys, Credit Cards, Debit Cards, Bank Card Protectors, Bubble-Free Design, High Quality, Specifically for Small Chip Cards",2026-02-25T10:09:58.674+00:00,483,469,全托,美国,https://www.temu.com/search_result.html?search_key=605640667811176&search_method=user&region=211&regionCnName=%E7%BE%8E%E5%9B%BD,玩具与游戏
1776162846163,temu,601104764247115,https://img.kwcdn.com/product/open/35bee730372b44d6b0eb2a38b9c2a44e-goods.jpeg,"10pcs, Inflatable Beach Ball Set - Colorful Six-Color Ball, Suitable for Hawaiian Beach Water Games and Pool Party Toys, Durable PVC Material, Fun Accessory for Summer Games, Beach and Pool Activities, Beach Toys, Funny Design, High-Quality Balls",2026-03-21T02:26:20.818+00:00,509,509,全托,美国,https://www.temu.com/search_result.html?search_key=601104764247115&search_method=user&region=211&regionCnName=%E7%BE%8E%E5%9B%BD,玩具与游戏
1776162846163,temu,605609260900194,https://img.kwcdn.com/product/fancy/537f8a46-ce69-4542-9e56-29d09b1b1a90.jpg,15pcs 蝾螈挤压玩具派对礼品包，挤压玩具儿童派对礼品，适用于生日派对、复活节彩蛋填充物、课堂奖励、嘉年华奖品，情人节/圣诞节/万圣节/复活节/新年礼物，款式随机,2026-03-04T23:35:53.163+00:00,698,599,全托,美国,https://www.temu.com/search_result.html?search_key=605609260900194&search_method=user&region=211&regionCnName=%E7%BE%8E%E5%9B%BD,玩具与游戏
1776162846163,temu,605739854705775,https://img.kwcdn.com/product/fancy/7316927f-9500-4714-99e8-83fdc3468178.jpg,儿童学习机，婴儿早教机，语言可切换（英语、法语、西班牙语），宝宝点读笔，儿童平板电脑，婴幼儿玩具，宝宝礼物，儿童礼品,2026-02-15T15:35:40.464+00:00,486,319,全托,美国,https://www.temu.com/search_result.html?search_key=605739854705775&search_method=user&region=211&regionCnName=%E7%BE%8E%E5%9B%BD,母婴用品
1776162846163,temu,605828102848570,https://img.kwcdn.com/product/fancy/3a4fd932-e2f5-4968-9095-68efc97ef7ff.jpg,手工乐趣，8张贴纸，DIY创意绘画。简约有趣的3D贴纸套装，适合手工艺与艺术初学者，DIY艺术贴纸1套，教学与生日礼物皆宜,2026-03-20T03:53:06.860+00:00,896,896,全托,美国,https://www.temu.com/search_result.html?search_key=605828102848570&search_method=user&region=211&regionCnName=%E7%BE%8E%E5%9B%BD,玩具与游戏
1776162846163,temu,606550261368430,https://img.kwcdn.com/product/fancy/869d3dce-150a-4391-a232-76c909c14244.jpg,晚餐后娱乐——朋友们的逻辑挑战游戏，（内含50个谜题）激发内心侦探精神，锻炼思维能力，适合聚会与社交活动,2026-02-20T05:08:50.178+00:00,1221,976,全托,美国,https://www.temu.com/search_result.html?search_key=606550261368430&search_method=user&region=211&regionCnName=%E7%BE%8E%E5%9B%BD,玩具与游戏
1776162846163,temu,601105635070278,https://img.kwcdn.com/product/fancy/c373e3c6-3f00-4ee0-a97a-021521c79508.jpg,一卷500个小眼睛贴纸，设计精美，多种款式可选，非常适合用于剪贴簿、日记本、笔记本电脑、保险杠、滑板、冰箱、行李箱、水瓶等,2026-03-29T04:02:18.889+00:00,1153,1153,全托,美国,https://www.temu.com/search_result.html?search_key=601105635070278&search_method=user&region=211&regionCnName=%E7%BE%8E%E5%9B%BD,玩具与游戏
1776162846163,temu,606267867264697,https://img.kwcdn.com/product/open/b5ba665d5481407fa7a1742cba662588-goods.jpeg,恶搞放屁喷雾，派对整蛊必备神器。这款气味喷雾具有逼真气味，是令人捧腹的道具、整蛊玩具和游戏工具。趣味新颖的整蛊礼物，愚人节恶作剧的完美选择,2026-01-25T05:24:15.870+00:00,1422,665,半托,美国,https://www.temu.com/search_result.html?search_key=606267867264697&search_method=user&region=211&regionCnName=%E7%BE%8E%E5%9B%BD,玩具与游戏
1776162846163,temu,602399754272719,https://img.kwcdn.com/local-goods-image/211a2a45e42/e2b0d322-0454-4013-a2a7-b22ccc909159_3000x3000.jpeg.format.jpg,岩石绘画套装 - 夜光岩石套装，6-12岁儿童美术工艺品，美术用品玩具，儿童工艺颜料套装，男孩女孩生日派对礼物玩具美术工艺品,2026-03-08T01:29:27.440+00:00,610,610,半托,美国,https://www.temu.com/search_result.html?search_key=602399754272719&search_method=user&region=211&regionCnName=%E7%BE%8E%E5%9B%BD,玩具与游戏
1776162846163,temu,603023329862643,https://img.kwcdn.com/local-goods-image/3879e702/d446ff3e-4b72-4b36-b899-19bc4330793d.jpeg,宝可梦集换式卡牌游戏：100张散装英文卡牌,2026-01-31T07:05:05.614+00:00,960,868,半托,美国,https://www.temu.com/search_result.html?search_key=603023329862643&search_method=user&region=211&regionCnName=%E7%BE%8E%E5%9B%BD,玩具与游戏
1776162846163,temu,606238607804952,https://img.kwcdn.com/product/fancy/6357f4ae-a70a-41b1-9958-30e48efa817b.jpg,"24个装 ""意大利脑腐"" 儿童派对礼品套装 | ""Tung-Tung-Sahur""，派对礼品袋填充物，女孩和男孩礼物，情人节和复活节装饰品，包含24个悬挂装饰品，装饰派对和房间，塑料制成",2026-01-26T16:57:45.030+00:00,715,498,全托,美国,https://www.temu.com/search_result.html?search_key=606238607804952&search_method=user&region=211&regionCnName=%E7%BE%8E%E5%9B%BD,玩具与游戏
1776162846163,temu,606330546973143,https://img.kwcdn.com/product/fmket/dbb2aec3b76de5aa1115eac2bfc599d4.jpg,柔软的草莓麻薯球挤压软球捏捏玩具 慢回弹指尖柔软玩具手工创意玩具 发泄感官球形玩具 办公室，学校和家庭的最棒放松玩具 圣诞节，感恩节，复活节，情人节 情人节和新的一年送给亲人朋友和爱人的最棒礼物 狂欢节和嘉年华的挼感玩具,2026-03-08T02:10:40.758+00:00,835,722,全托,美国,https://www.temu.com/search_result.html?search_key=606330546973143&search_method=user&region=211&regionCnName=%E7%BE%8E%E5%9B%BD,玩具与游戏
1776162846163,temu,601105680957572,https://img.kwcdn.com/product/open/65fb52f14b4e47c2aea51c6a00071a13-goods.jpeg,可爱长条猫毛绒玩偶 柔软呆萌外观设计 适合生日，圣诞节，新年送给朋友家人完美礼物,2026-02-20T01:42:37.585+00:00,633,352,全托,美国,https://www.temu.com/search_result.html?search_key=601105680957572&search_method=user&region=211&regionCnName=%E7%BE%8E%E5%9B%BD,玩具与游戏
1776162846163,temu,605517120392175,https://img.kwcdn.com/product/fancy/5a487cdb-c431-47ad-85eb-7b47ba843572.jpg,互动户外火箭发射玩具套装 - 手踏式彩色塑料火箭，适合复活节、万圣节、圣诞礼物，适用于年轻人,2026-03-27T01:59:33.594+00:00,440,440,全托,美国,https://www.temu.com/search_result.html?search_key=605517120392175&search_method=user&region=211&regionCnName=%E7%BE%8E%E5%9B%BD,玩具与游戏
1776162846163,temu,605691267925495,https://img.kwcdn.com/product/open/a6fb808afee84fb4b7a4bd2b05e986ba-goods.jpeg,3D打印逼真蜥蜴多关节灵活可动激光渐变热销模型公仔多色,2026-03-07T04:49:12.387+00:00,753,679,半托,美国,https://www.temu.com/search_result.html?search_key=605691267925495&search_method=user&region=211&regionCnName=%E7%BE%8E%E5%9B%BD,玩具与游戏
1776162846163,temu,605770187904491,https://img.kwcdn.com/product/fancy/7f4d1d41-3e7b-4a63-b86f-e559266848de.jpg,"4件套STEM 儿童建筑玩具车套件，沙箱挖掘机 建筑卡车 自卸起重机 水泥搅拌车, 鼓励动手学习和富有想像的游戏 - 万圣节、圣诞节和青少年节的完美礼物",2026-02-27T20:54:55.630+00:00,860,841,半托,美国,https://www.temu.com/search_result.html?search_key=605770187904491&search_method=user&region=211&regionCnName=%E7%BE%8E%E5%9B%BD,玩具与游戏
1776162846163,temu,605999163393548,https://img.kwcdn.com/product/fancy/68badf1b-de31-45da-a873-009763965136.jpg,8/16/32/48件迷你可爱猫爪软胶玩具 - 带闪光纸屑和心形细节的柔软挤压动物爪子玩具，混合粉彩色，适合作为复活节彩蛋篮填充物及万圣节/圣诞派对袋装饰，猫咪玩具,2026-01-21T12:14:53.337+00:00,3009,1325,全托,美国,https://www.temu.com/search_result.html?search_key=605999163393548&search_method=user&region=211&regionCnName=%E7%BE%8E%E5%9B%BD,玩具与游戏
1776162846163,temu,606560461893210,https://img.kwcdn.com/product/fancy/bee18491-791e-4b4d-a57f-3cac1f4351ca.jpg,迷你置物架与甜点展示套装，含精致分层设计，微缩仿真超市娃娃屋装饰，饮品零食展示架模型，适用于桌面展示柜、娃娃收藏家、精细工艺、模型家具、建筑套件,2026-03-01T16:41:15.696+00:00,537,441,全托,美国,https://www.temu.com/search_result.html?search_key=606560461893210&search_method=user&region=211&regionCnName=%E7%BE%8E%E5%9B%BD,玩具与游戏
1776162846163,temu,606037750959798,https://img.kwcdn.com/product/fancy/d6d94c46-9624-4ea2-bf6c-e43e07da2c81.jpg,美国250周年纪念奖章 | 双面历史设计收藏品，非常适合圣诞节、万圣节、情人节和复活节送礼 | 混色,2026-02-25T06:55:37.991+00:00,1061,614,半托,美国,https://www.temu.com/search_result.html?search_key=606037750959798&search_method=user&region=211&regionCnName=%E7%BE%8E%E5%9B%BD,玩具与游戏
1776162846163,temu,606184249638227,https://img.kwcdn.com/product/open/7756ada51d804397bfc1c46a1aeb090e-goods.jpeg,"儿童恐龙充气不倒翁拳击袋, 搞笑整蛊玩具 . 多色卡通造型儿童不倒翁玩具, 独特姿势造型，耐用橡胶结构，充气型气袋玩具 - 便于携带室内/室外游戏 完美的万圣节/复活节/圣诞节的派对礼物, 适合三岁以上的孩子, 耐用材质，适合孩子室内和室外游戏/3+",2026-01-19T14:15:54.323+00:00,1342,738,全托,美国,https://www.temu.com/search_result.html?search_key=606184249638227&search_method=user&region=211&regionCnName=%E7%BE%8E%E5%9B%BD,玩具与游戏
1776162849612,temu,606209214111398,https://img.kwcdn.com/product/open/b87a826735e9474ebcb3aa91143244f0-goods.jpeg,50件魔法发光贴纸 - 灯笼、花卉、鸟类、叶子、星星、花朵 - 粉彩与鲜艳色彩，适用于手机壳、日记本、计划本、笔记本电脑、旅行、手工艺品 - 剪贴簿装饰 - 适合手工和个性化设计，创意图案，无痕胶粘，笔记本装饰，耐用材质，花卉图案，日记本收藏,2026-02-23T06:34:33.838+00:00,2231,943,全托,美国,https://www.temu.com/search_result.html?search_key=606209214111398&search_method=user&region=211&regionCnName=%E7%BE%8E%E5%9B%BD,玩具与游戏
1776162849612,temu,601104047720319,https://img.kwcdn.com/product/open/7557b96e872a4111b39fe2df344d9483-goods.jpeg,"1/2pcs of New Blue Snowflake Ice Cubes to Squeeze - Slow Rebound Textured Toys, Perfect As Portable Party Gifts for Birthdays, Family Gatherings, And Holidays, Featuring Mixed Colors, Cube of Ice Toys, Festive Gifts, Player Designs",2026-03-27T01:25:53.017+00:00,903,903,全托,美国,https://www.temu.com/search_result.html?search_key=601104047720319&search_method=user&region=211&regionCnName=%E7%BE%8E%E5%9B%BD,玩具与游戏
1776162849612,temu,605748444678273,https://img.kwcdn.com/product/fancy/e06efaa8-65b1-443e-9bda-914ccfd476f1.jpg,【如何画三丽鸥】三丽鸥儿童绘画本、一步一步的绘画和绘画着色书、craft kit卡通趣味涂鸦简笔画早教启蒙涂色画画本- 创意艺术活动，适用于教室、家庭或礼物,2026-02-05T17:48:03.165+00:00,2505,1668,全托,美国,https://www.temu.com/search_result.html?search_key=605748444678273&search_method=user&region=211&regionCnName=%E7%BE%8E%E5%9B%BD,玩具与游戏
1776162849612,temu,605818237851613,https://img.kwcdn.com/product/fancy/fd30910c-6139-420f-9501-1167525241d5.jpg,"[Egg-shaped Matching Pairs] Egg-shaped Matching Pairs, Shape-matching Game, Colorful Plastic Number and Shape Sorting Game, Suitable for Kindergarten Activities | Early Learning Toy | Ideal Choice for Birthday Gifts or Easter",2026-01-21T01:13:43.538+00:00,619,556,全托,美国,https://www.temu.com/search_result.html?search_key=605818237851613&search_method=user&region=211&regionCnName=%E7%BE%8E%E5%9B%BD,玩具与游戏
1776162849612,temu,605873200036708,https://img.kwcdn.com/product/fancy/6b614545-c103-4b02-8d68-df9c51e2a6bc.jpg,"51 Get-to-Know-Each-Other Cards (Do You Really Know Me?), a Q&A Game Card Set for Ages 14+, Suitable for Friends, Couples, and Family",2026-03-26T05:47:11.791+00:00,719,719,全托,美国,https://www.temu.com/search_result.html?search_key=605873200036708&search_method=user&region=211&regionCnName=%E7%BE%8E%E5%9B%BD,玩具与游戏
1776162849612,temu,606094189540342,https://img.kwcdn.com/product/fancy/8a7efaf0-d886-4c60-bcf3-5bd9eb790c43.jpg,"13/25pcs Party Gift Package – Stretchable Toy Dog Toy Set Combination, with Various Shapes, Desktop Toys And Decorations, Perfect for Small Gifts, Classroom Prizes, Easter And Birthday Gifts, Party Gift Fillers",2026-01-31T02:14:35.983+00:00,3767,1985,全托,美国,https://www.temu.com/search_result.html?search_key=606094189540342&search_method=user&region=211&regionCnName=%E7%BE%8E%E5%9B%BD,玩具与游戏
1776162849612,temu,606459865703485,https://img.kwcdn.com/product/fancy/efb3a662-74c4-4a42-81b8-8457adc795a5.jpg,4/7件混装多款式儿童派对礼品套装 - 彩色磨砂迷你麦芽糖果套装 - 软捏课堂玩具 - 彩色冰块挤压玩具套装 - 办公室手指玩具 - 儿童桌面装饰 - 学生奖品 - 派对礼品,2026-03-25T12:02:05.154+00:00,921,921,全托,美国,https://www.temu.com/search_result.html?search_key=606459865703485&search_method=user&region=211&regionCnName=%E7%BE%8E%E5%9B%BD,玩具与游戏
1776162849612,temu,605597785230379,https://img.kwcdn.com/product/fancy/417d8c4f-01b4-4b65-8476-3d53104d9d75.jpg,美国250周年纪念币 (1776-2026) - 精致3D白头鹰浮雕硬币，双面历史设计收藏币，高质感复刻纪念章,2026-03-20T08:39:08.863+00:00,445,445,全托,美国,https://www.temu.com/search_result.html?search_key=605597785230379&search_method=user&region=211&regionCnName=%E7%BE%8E%E5%9B%BD,玩具与游戏
1776162849612,temu,605649660389610,https://img.kwcdn.com/product/fancy/20ca24f7-f360-45dc-925a-416623412d58.jpg,身穿牛仔装的30厘米/11.5英寸玩偶是理想之选。DIY设计让玩偶服装易于定制，既适合收藏也适合娱乐。它是赠予挚爱的特别礼物,2026-01-26T13:04:20.475+00:00,1173,691,全托,美国,https://www.temu.com/search_result.html?search_key=605649660389610&search_method=user&region=211&regionCnName=%E7%BE%8E%E5%9B%BD,玩具与游戏
1776162849612,temu,605968561762764,https://img.kwcdn.com/product/open/98d2e5ae69e0469ba676b82b837767d2-goods.jpeg,"80pcs of Mini Red Ladybug Stickers - Self-Adhesive And Reusable Decorative Items for Crafts, Card Creation, Garden Party Decor, And Room Setup, Featuring a Red Design, Craft Stickers, And Craft Materials",2026-01-30T16:13:47.155+00:00,3300,2145,全托,美国,https://www.temu.com/search_result.html?search_key=605968561762764&search_method=user&region=211&regionCnName=%E7%BE%8E%E5%9B%BD,玩具与游戏
1776162849612,temu,606025671397351,https://img.kwcdn.com/product/fancy/d4c28cfc-a051-4687-98ca-f131acb8fc85.jpg,加厚型充气泳池浮床双件套（成人适用）——双色加厚充气躺椅与泳池浮条，适用于泳池、湖泊、海滩及庭院派对，为各年龄段人群带来水上乐趣,2026-03-31T08:04:54.018+00:00,494,494,半托,美国,https://www.temu.com/search_result.html?search_key=606025671397351&search_method=user&region=211&regionCnName=%E7%BE%8E%E5%9B%BD,玩具与游戏
1776162849612,temu,606221964828974,https://img.kwcdn.com/product/fancy/d4f86995-d2a6-4d52-846e-459388bf225f.jpg,20/60个透明PVC模型展示盒，适用于1/64比例模型，透明，方形，塑料，礼品收纳盒，汽车模型收纳盒,2026-02-10T21:32:27.764+00:00,1137,969,全托,美国,https://www.temu.com/search_result.html?search_key=606221964828974&search_method=user&region=211&regionCnName=%E7%BE%8E%E5%9B%BD,玩具与游戏
1776162849612,temu,606234581246246,https://img.kwcdn.com/product/fancy/69387be7-9596-4e8e-87ef-352177cf4c5b.jpg,《速唱挑战》爆笑卡牌游戏——多人派对娱乐，适合亲友聚会、单身派对及游戏之夜,2026-02-02T06:44:35.344+00:00,1086,566,全托,美国,https://www.temu.com/search_result.html?search_key=606234581246246&search_method=user&region=211&regionCnName=%E7%BE%8E%E5%9B%BD,玩具与游戏
1776162849612,temu,605521885123159,https://img.kwcdn.com/product/fancy/e9631418-64d8-4708-9a79-8b243469b6d9.jpg,三丽鸥1pc蜜桃挂件呆萌可爱腮红包包挂饰桃子库洛米挂件Hellokitty女生情人节礼物节日礼物,2026-02-08T06:30:43.250+00:00,1469,1120,全托,美国,https://www.temu.com/search_result.html?search_key=605521885123159&search_method=user&region=211&regionCnName=%E7%BE%8E%E5%9B%BD,玩具与游戏
1776162849612,temu,605578189460690,https://img.kwcdn.com/product/fancy/8a7efaf0-d886-4c60-bcf3-5bd9eb790c43.jpg,22pcs 伸缩玩具小狗，随意造型，桌面小玩具、装饰品，非常适合儿童的小礼物、课堂奖品，派对礼品包填充物。,2026-02-24T18:26:52.322+00:00,3433,3071,全托,美国,https://www.temu.com/search_result.html?search_key=605578189460690&search_method=user&region=211&regionCnName=%E7%BE%8E%E5%9B%BD,玩具与游戏
1776162849612,temu,605804547693434,https://img.kwcdn.com/product/fancy/88383107-c84b-4ec3-93c4-46fa76619b74.jpg,喜欢大黄蜂的朋友，这款模型玩具变形金刚帅气炫酷，喜欢变形金刚的朋友不要错过，也可以送给你身边喜欢变形金刚的朋友！,2026-02-26T04:39:43.138+00:00,1673,1506,全托,美国,https://www.temu.com/search_result.html?search_key=605804547693434&search_method=user&region=211&regionCnName=%E7%BE%8E%E5%9B%BD,玩具与游戏
1776162849612,temu,606403561382281,https://img.kwcdn.com/product/fmket/f5902b620bbdf877e769b10f7209bc05.jpg,可爱仓鼠造型捏捏乐玩具，高品质感官玩具，白黄配色，柔软有趣的感官游戏，非常适合作为圣诞、万圣节及生日礼物、办公室礼品和小礼物，节日装饰礼品。是朋友聚会或办公室放松的小玩具,2026-01-20T05:12:14.880+00:00,5276,2665,全托,美国,https://www.temu.com/search_result.html?search_key=606403561382281&search_method=user&region=211&regionCnName=%E7%BE%8E%E5%9B%BD,玩具与游戏
1776162849612,temu,606560394780669,https://img.kwcdn.com/product/open/d77fda388aba40e5b684d01560597fa1-goods.jpeg,神秘恶搞弹出手指礼盒-成人整蛊趣味惊喜礼物-创意新奇搞怪-减压放松好物,2026-03-30T04:59:28.476+00:00,532,532,全托,美国,https://www.temu.com/search_result.html?search_key=606560394780669&search_method=user&region=211&regionCnName=%E7%BE%8E%E5%9B%BD,玩具与游戏
1776162849612,temu,601105147473674,https://img.kwcdn.com/product/fancy/32f1658a-e778-4a9e-a122-ad049c5676df.jpg,Cute Frog Puppet Funny Animal Hand Puppet Soft Stuffed Plush Toy Kawaii Room Decor Suitable for Performance Storytelling Great Birthday Gifts Interactive Puppet for Storytelling,2026-02-05T20:44:06.126+00:00,596,501,全托,美国,https://www.temu.com/search_result.html?search_key=601105147473674&search_method=user&region=211&regionCnName=%E7%BE%8E%E5%9B%BD,玩具与游戏
1776162849612,temu,601105241533671,https://img.kwcdn.com/product/fancy/8d338185-7065-48f5-8fb3-aecde85680bd.jpg,"[Double Fan Bubble Machine] 1/ 2 Sets - Party Essential, Atmosphere Bubble Machine, Indoor and Outdoor Children's Toys, Wedding, Birthday, Halloween and Christmas Gifts (excluding Batteries and Foam Liquid), Activities and Entertainment",2026-03-23T02:24:22.046+00:00,530,530,半托,美国,https://www.temu.com/search_result.html?search_key=601105241533671&search_method=user&region=211&regionCnName=%E7%BE%8E%E5%9B%BD,玩具与游戏
1776162849612,temu,602297211942773,https://img.kwcdn.com/local-goods-image/211a2a43278/07f410a0-ed94-4c05-a391-c17e49508db3_800x800.jpeg.format.jpg,宝可梦闪粉卡包——内含40张随机卡牌（含箔卡）。您收到的卡牌可能与图片所示有所不同,2026-02-11T07:51:23.150+00:00,4554,1901,半托,美国,https://www.temu.com/search_result.html?search_key=602297211942773&search_method=user&region=211&regionCnName=%E7%BE%8E%E5%9B%BD,玩具与游戏
1776162849612,temu,602381500698825,https://img.kwcdn.com/local-goods-image/211a2a42166/dfa113fb-a65e-4165-83f1-dbaf32c9ef48_892x892.png,【宝可梦】神秘蛋 | 超级稀有或双稀有卡牌，带展示盒 | EX、V、VMAX、VSTAR | 包含10张免费全彩卡 | 完美的儿童和收藏家的礼物,2026-03-06T23:40:14.018+00:00,2295,2027,半托,美国,https://www.temu.com/search_result.html?search_key=602381500698825&search_method=user&region=211&regionCnName=%E7%BE%8E%E5%9B%BD,玩具与游戏
1776162849612,temu,605866824685874,https://img.kwcdn.com/product/open/0f71e8931029430c9f01bae860e25d6d-goods.jpeg,50张动漫主题贴纸 日式卡通漫画动漫周边贴纸贴花 漫粉爱好者收藏的礼物 可用于手机壳 电脑 滑板 水杯等装饰,2026-02-09T02:37:24.895+00:00,1537,763,全托,美国,https://www.temu.com/search_result.html?search_key=605866824685874&search_method=user&region=211&regionCnName=%E7%BE%8E%E5%9B%BD,玩具与游戏
1776162849612,temu,606209079896039,https://img.kwcdn.com/product/fancy/263db8ef-75b7-4ab7-bd25-1a21f890f05c.jpg,互动刺猬玩具 | 重点培养精细运动技能，7键手眼协调教育按压玩具，帮助宝宝提高手指灵活性和集中力 - 适合派对和特殊场合，非电子产品,2026-02-09T02:40:42.978+00:00,2648,2006,全托,美国,https://www.temu.com/search_result.html?search_key=606209079896039&search_method=user&region=211&regionCnName=%E7%BE%8E%E5%9B%BD,玩具与游戏
1776162849612,temu,601104769225007,https://img.kwcdn.com/product/open/a40ea6b6feb2457d8af63a4b0d05ef46-goods.jpeg,"4pcs Glowing Sticky Balls, Squishy Stress Ball, Glow in The Dark Toys Stick to The Wall, Squeeze Toys for Kids for Birthday Gift, Party Favors & Prizes Random Colors",2026-03-31T11:13:08.734+00:00,564,564,全托,美国,https://www.temu.com/search_result.html?search_key=601104769225007&search_method=user&region=211&regionCnName=%E7%BE%8E%E5%9B%BD,玩具与游戏
1776162849612,temu,606291355368751,https://img.kwcdn.com/product/fancy/f0424711-0555-4824-bacb-5f0a4c990515.jpg,3/6/12件可变形的旋转玩具，有趣的感官玩具，适合成年人使用的可变形链条 DIY 机器人旋转玩具，指尖好玩陀螺玩具，适合儿童的课堂奖品。,2026-01-18T13:24:59.975+00:00,2862,1284,全托,美国,https://www.temu.com/search_result.html?search_key=606291355368751&search_method=user&region=211&regionCnName=%E7%BE%8E%E5%9B%BD,玩具与游戏
1776162849612,temu,606521203259468,https://img.kwcdn.com/product/fancy/34e7460e-30f7-471d-916a-16862521f707.jpg,1支/2支/4支浪花烟花水枪，2026新款水枪，情侣浪漫烟花造型水枪，沙滩泳池水枪，高压拉出式喷水玩具，适用于沐浴、泳池、沙滩派个娱乐,2026-03-18T05:00:17.674+00:00,683,683,全托,美国,https://www.temu.com/search_result.html?search_key=606521203259468&search_method=user&region=211&regionCnName=%E7%BE%8E%E5%9B%BD,玩具与游戏
1776162849612,temu,606570930922591,https://img.kwcdn.com/product/fancy/409c027d-5ca0-4cc3-86c8-d6b7a9abf081.jpg,Crystal Ball Bubble Squishy Toy - Stress Relief Fidget for Kids & Adults,2026-01-31T10:13:31.352+00:00,1000,554,全托,美国,https://www.temu.com/search_result.html?search_key=606570930922591&search_method=user&region=211&regionCnName=%E7%BE%8E%E5%9B%BD,玩具与游戏
1776162849613,temu,601104756830755,https://img.kwcdn.com/product/fancy/63a109fc-c621-47ad-94cb-fea9daa839f0.jpg,玩具屋装饰，Dollhouse迷你复古怀旧天平秤、砝码模型，古典秤，BJD微缩场景道具模型配件，袖珍场景装饰，是业余爱好者和爱好者的收藏礼物,2026-03-09T06:44:43.947+00:00,492,361,全托,美国,https://www.temu.com/search_result.html?search_key=601104756830755&search_method=user&region=211&regionCnName=%E7%BE%8E%E5%9B%BD,玩具与游戏
1776162849613,temu,601105547367830,https://img.kwcdn.com/product/open/f76c338fedc847a588013c8f430b107f-goods.jpeg,1个柔软逼真牛奶盒挤压玩具 趣味减压玩具 慢回弹感官玩具 卡通造型软胶玩具 成人解压玩具 派对佳礼 圣诞/万圣节/复活节/情人节礼物,2026-02-02T01:23:25.432+00:00,622,316,全托,美国,https://www.temu.com/search_result.html?search_key=601105547367830&search_method=user&region=211&regionCnName=%E7%BE%8E%E5%9B%BD,玩具与游戏
1776162849613,temu,606033791565273,https://img.kwcdn.com/product/fancy/0102fe7d-1d66-497f-b0b9-8a333d957a23.jpg,金属手柄RGB发光光剑 卢克光剑 激光剑 16色变换LED 可切换声光玩具 适用于礼物、万圣节礼物、圣诞礼物,2026-01-26T16:42:09.491+00:00,1012,457,半托,美国,https://www.temu.com/search_result.html?search_key=606033791565273&search_method=user&region=211&regionCnName=%E7%BE%8E%E5%9B%BD,玩具与游戏
1776162849613,temu,606090968333399,https://img.kwcdn.com/product/fancy/f391ae01-5ab5-472f-adf8-c719848f9ee1.jpg,3件/巨型泡泡球，透明 TPR 水充泡泡球，耐用且易于充气，巨型充气水球 沙滩球 庭院游戏 软胶水球，充气道具，防漏设计，庭院、海滩及户外娱乐无需电费，适合家庭聚会和水上活动,2026-01-26T16:26:39.270+00:00,2416,1310,全托,美国,https://www.temu.com/search_result.html?search_key=606090968333399&search_method=user&region=211&regionCnName=%E7%BE%8E%E5%9B%BD,玩具与游戏
1776162849613,temu,606096269917959,https://img.kwcdn.com/product/open/78095a1b241b4074add7d6860304dc18-goods.jpeg,"Taba-Cute Stress-Relief Toy • Soft & Adorable • Slowly When Squeezed • Squishy Toys for Relieving Stress • Perfect for Kids, Teens & Adults • Relaxation at The Office",2026-02-22T12:42:04.591+00:00,2800,2046,全托,美国,https://www.temu.com/search_result.html?search_key=606096269917959&search_method=user&region=211&regionCnName=%E7%BE%8E%E5%9B%BD,玩具与游戏
1776162849613,temu,606258606230200,https://img.kwcdn.com/product/open/e5dba6229dae43ce88330a03bce79e8b-goods.jpeg,可爱举手小猫Taba挤压玩具 柔软萌趣慢回弹感官互动趣味桌面摆件 亲子互动办公室减压玩具 适用于儿童青少年及成人 圣诞节情人节感恩节复活节新年节日礼物派对装饰生日礼物圣诞袜填充物,2026-02-02T02:52:20.007+00:00,2345,1306,全托,美国,https://www.temu.com/search_result.html?search_key=606258606230200&search_method=user&region=211&regionCnName=%E7%BE%8E%E5%9B%BD,玩具与游戏
1776162849613,temu,606334841931990,https://img.kwcdn.com/product/open/d28623f5b1f34c2f9a45973ce9dc52f8-goods.jpeg,200件套透明胶囊盒（不含硬币）——多隔间硬壳收藏纪念币收纳展示盒，采用耐用塑料与安全密封盖设计，适用于硬币存储、保护与展示，是收藏家用的硬币夹、保护套、收藏册及整理器，也可用作钱币收藏用品与纪念品保管者，兼具简约收纳与透明展示功能。,2026-01-30T06:17:36.464+00:00,1105,529,全托,美国,https://www.temu.com/search_result.html?search_key=606334841931990&search_method=user&region=211&regionCnName=%E7%BE%8E%E5%9B%BD,玩具与游戏
1776162849613,temu,601104010473963,https://img.kwcdn.com/product/fancy/1bffc5c3-b84f-4655-9c21-ca1a91ca36e0.jpg,9.4英寸磁力象棋套装 折叠便携 旅行游戏，英寸可折叠磁力象棋，儿童成人旅行友好型益智玩具，互动游戏，极简象棋,2026-01-27T03:07:42.683+00:00,548,423,半托,美国,https://www.temu.com/search_result.html?search_key=601104010473963&search_method=user&region=211&regionCnName=%E7%BE%8E%E5%9B%BD,玩具与游戏
1776162849613,temu,605609059520608,https://img.kwcdn.com/product/aisc_image/algo/opt/1d2b26c5-f185-4afa-95f1-c8b737e10ab4.jpg,1套15件交通标志模型立牌- 迷你路口灯模型-交通路障摆件- DIY贴纸仿真交通牌-非常适合创意装饰-很棒的生日礼物,2026-03-28T08:41:51.410+00:00,811,811,全托,美国,https://www.temu.com/search_result.html?search_key=605609059520608&search_method=user&region=211&regionCnName=%E7%BE%8E%E5%9B%BD,玩具与游戏
1776162849613,temu,606543483399400,https://img.kwcdn.com/product/fancy/d14cdc55-b7de-433c-a614-738cdc490d75.jpg,沐浴玩具，可爱橡皮鸭玩具，色彩鲜艳、经久耐用、可漂浮且互动性强的婴儿洗澡玩具，是馈赠儿童的完美礼物，让洗澡时光充满欢乐，男孩玩具，女孩玩具,2026-02-06T08:22:33.915+00:00,945,604,全托,美国,https://www.temu.com/search_result.html?search_key=606543483399400&search_method=user&region=211&regionCnName=%E7%BE%8E%E5%9B%BD,母婴用品
1776162849613,temu,601101095159867,https://img.kwcdn.com/product/open/2024-09-20/1726802120517-69ad29ce523849a9942f1e4b7666dfc6-goods.jpeg,50pcs 酷炫赛车跑车贴纸，卡通涂鸦贴纸，乙烯基装饰贴纸，水瓶汽车杯电脑吉他自行车摩托车滑板头盔行李日记，DIY剪贴簿贴纸包，男孩和女孩的礼物,2026-03-06T23:51:12.644+00:00,10000,370,半托,美国,https://www.temu.com/search_result.html?search_key=601101095159867&search_method=user&region=211&regionCnName=%E7%BE%8E%E5%9B%BD,玩具与游戏
1776162849613,temu,601105469392302,https://img.kwcdn.com/product/fancy/66616085-c91f-4ac4-a947-ff4db150262d.jpg,卡通熊猫跳跳球玩具 双球带手柄 儿童弹力球 耐用可调节握柄 户外弹跳球 附赠气筒与充气针,2026-02-26T10:38:30.172+00:00,593,527,半托,美国,https://www.temu.com/search_result.html?search_key=601105469392302&search_method=user&region=211&regionCnName=%E7%BE%8E%E5%9B%BD,玩具与游戏
1776162849613,temu,602855020839112,https://img.kwcdn.com/local-goods-image/a8acc8f8/de1fb4e4-7521-41ac-a674-cf2dd20ccac4.jpeg,韩国版 Pokémon TCG：伊维斯英雄增强包,2026-03-02T03:22:42.117+00:00,1158,934,半托,美国,https://www.temu.com/search_result.html?search_key=602855020839112&search_method=user&region=211&regionCnName=%E7%BE%8E%E5%9B%BD,玩具与游戏
1776162849613,temu,605718044332916,https://img.kwcdn.com/product/open/5bb5486b4a4b4c4885ae1550a0bb6931-goods.jpeg,50件迷你耶稣雕像套装——多彩宗教小摆件，适用于家庭装饰点缀及宗教节日礼品赠送，如周日礼拜、学校洗礼、万圣节、感恩节、圣诞节、复活节等场合,2026-03-03T01:35:40.337+00:00,828,709,半托,美国,https://www.temu.com/search_result.html?search_key=605718044332916&search_method=user&region=211&regionCnName=%E7%BE%8E%E5%9B%BD,玩具与游戏
1776162849613,temu,605915612831933,https://img.kwcdn.com/product/fancy/98869b1d-74a2-48e6-a07c-d36bc045bdc2.jpg,1个 Taba 弹力玩具，可爱水母挤压玩具，粘性指尖玩具，缓解压力，柔软可爱玩具，周年纪念日的完美礼物，复活节彩蛋填充物，斋月礼物和办公室休闲，桌面装饰品（鱿鱼）,2026-03-07T08:42:44.534+00:00,1474,1345,全托,美国,https://www.temu.com/search_result.html?search_key=605915612831933&search_method=user&region=211&regionCnName=%E7%BE%8E%E5%9B%BD,玩具与游戏
1776162849613,temu,605558392336717,https://img.kwcdn.com/product/fancy/1001af5c-e164-4c30-851a-d1b95705f010.jpg,透明笑脸压力球 | 低回弹，适合3岁以上儿童，圣诞节、复活节、新年礼物的理想选择，办公室和课堂奖励的完美之选,2026-02-16T09:40:59.159+00:00,784,518,全托,美国,https://www.temu.com/search_result.html?search_key=605558392336717&search_method=user&region=211&regionCnName=%E7%BE%8E%E5%9B%BD,玩具与游戏
1776162849613,temu,605671403659878,https://img.kwcdn.com/product/fancy/3b51775f-4732-44ab-9e11-7a9d62db0956.jpg,婴儿硅胶遥控器，电视/DVD/手机遥控器造型，作为磨牙玩具。柔软、可咀嚼，婴儿安全，易于清洁，具有感官玩具功能,2026-02-07T02:11:41.689+00:00,979,720,半托,美国,https://www.temu.com/search_result.html?search_key=605671403659878&search_method=user&region=211&regionCnName=%E7%BE%8E%E5%9B%BD,玩具与游戏
1776162849613,temu,606558985513702,https://img.kwcdn.com/product/fancy/6b6e1236-fb09-490a-a726-2cdd9c9ff3c1.jpg,1件装圆点沙滩球充气PVC戏水球彩色条纹球户外泳池泳池沙滩派个装饰充球户外活动,2026-01-26T00:05:20.342+00:00,2793,1808,全托,美国,https://www.temu.com/search_result.html?search_key=606558985513702&search_method=user&region=211&regionCnName=%E7%BE%8E%E5%9B%BD,玩具与游戏
1776162849613,temu,601101769076729,https://img.kwcdn.com/product/fancy/e22feb43-82e7-400c-aa25-f28c9d2a5f9e.jpg,28件墨西哥主题生日庆祝装饰品套装，包含12英寸的绿色、橙色、紫色和红色牛奶球，适合传统仪式、周年纪念和舞会,2026-03-05T10:34:27.870+00:00,629,314,全托,美国,https://www.temu.com/search_result.html?search_key=601101769076729&search_method=user&region=211&regionCnName=%E7%BE%8E%E5%9B%BD,玩具与游戏
1776162849613,temu,605533964741468,https://img.kwcdn.com/product/fancy/d8fafb83-5b9a-438d-a799-3663694ad071.jpg,3D雕刻纪念币，这是一组以基督教信仰为主题的纪念币，币面设计元素：祈祷的双手、摊开的圣经、祥云、十字架等通常作为信仰信物、礼物或收藏品,2026-02-01T17:37:05.907+00:00,933,521,全托,美国,https://www.temu.com/search_result.html?search_key=605533964741468&search_method=user&region=211&regionCnName=%E7%BE%8E%E5%9B%BD,玩具与游戏
1776162849613,temu,605922994796331,https://img.kwcdn.com/product/fancy/887de4f0-d614-48f3-8364-70e17bf8014b.jpg,透明雏菊充气式泳圈，夏季泳池的时尚单品，好看耐用，儿童水上派对的完美选择，夏日礼品,2026-03-28T02:07:58.991+00:00,359,359,全托,美国,https://www.temu.com/search_result.html?search_key=605922994796331&search_method=user&region=211&regionCnName=%E7%BE%8E%E5%9B%BD,玩具与游戏
1776162849613,temu,605927491091684,https://img.kwcdn.com/product/fancy/e7bc15f1-ae98-47d6-8525-b4a0daf6763e.jpg,5合1儿童即时打印相机 -即时打印照片，相机拥有大头贴，小游戏功能，8倍数码变焦，1080P高清屏幕，摄影 - USB线，挂绳，三卷打印纸 - 完美的万圣节圣诞节生日礼物,2026-02-07T05:40:41.505+00:00,709,453,全托,美国,https://www.temu.com/search_result.html?search_key=605927491091684&search_method=user&region=211&regionCnName=%E7%BE%8E%E5%9B%BD,玩具与游戏
1776162849613,temu,605951381888769,https://img.kwcdn.com/product/fancy/526eaf8a-9185-4d92-9c1f-a30d3d6c258b.jpg,"A Set of Speech Relaxation Task Cards with a Portable Loop, Containing 100 Different Questions; WH Questions; Speech Relaxation Resources; Functional Task Cards; Teaching Cards, Teacher Gifts, New Vocabulary Cards, 2D Flat",2026-01-20T18:07:05.998+00:00,2400,943,全托,美国,https://www.temu.com/search_result.html?search_key=605951381888769&search_method=user&region=211&regionCnName=%E7%BE%8E%E5%9B%BD,玩具与游戏
1776162849613,temu,606091438085679,https://img.kwcdn.com/product/fancy/14720161-4e1a-4230-8050-fc90fa564e30.jpg,Thickened PVC Tube Toss Game - A Great Choice for Indoor/Outdoor Parent-Child Interactive Sports,2026-02-13T06:37:50.811+00:00,592,499,全托,美国,https://www.temu.com/search_result.html?search_key=606091438085679&search_method=user&region=211&regionCnName=%E7%BE%8E%E5%9B%BD,玩具与游戏
1776162849613,temu,606116268370424,https://img.kwcdn.com/product/fancy/db8c44d2-dfb8-49fa-8d58-ef80f2b05f64.jpg,"泳池浮圈儿童游泳环,充气游泳管环玩具,沙滩充气管漂浮玩具,适合儿童成人 – 多种颜色和尺寸 – 海滩、湖泊和泳池派对漂浮",2026-03-29T03:08:00.460+00:00,391,391,全托,美国,https://www.temu.com/search_result.html?search_key=606116268370424&search_method=user&region=211&regionCnName=%E7%BE%8E%E5%9B%BD,玩具与游戏
1776162849613,temu,606214649948767,https://img.kwcdn.com/product/fancy/6619668b-8828-44f2-8d2e-11273290b5ae.jpg,15件装可拉伸狗狗玩具套装，多功能可塑形礼品包，适用于派对与生日——儿童礼品，随机颜色——趣味狗狗造型设计，是课堂奖品与派对赠品的完美选择。适合作为圣诞节与万圣节礼物,2026-03-29T18:25:24.308+00:00,940,870,全托,美国,https://www.temu.com/search_result.html?search_key=606214649948767&search_method=user&region=211&regionCnName=%E7%BE%8E%E5%9B%BD,玩具与游戏
1776162849613,temu,606455772108799,https://img.kwcdn.com/product/fancy/9b58839e-06ef-4b82-b2db-9c4f96d0697e.jpg,模型道具 | 适合模型收藏家、节日礼物、办公桌装饰、新年礼物、混合颜色、其他材质,2026-02-07T16:55:32.711+00:00,895,514,全托,美国,https://www.temu.com/search_result.html?search_key=606455772108799&search_method=user&region=211&regionCnName=%E7%BE%8E%E5%9B%BD,玩具与游戏
1776162849613,temu,601105039744434,https://img.kwcdn.com/product/fancy/e96e618d-723d-46e2-87b2-6dd042e5d918.jpg,新奇玩具UFO飞行悬浮球，新款升级六角梅花UFO回旋飞碟智能感应飞行球器，悬浮球儿童玩具圣诞节新年派对礼物,2026-01-31T15:14:31.622+00:00,5077,1867,半托,美国,https://www.temu.com/search_result.html?search_key=601105039744434&search_method=user&region=211&regionCnName=%E7%BE%8E%E5%9B%BD,玩具与游戏
1776162849613,temu,605607516055506,https://img.kwcdn.com/product/open/00b9aaf1a17b41b68c3fac5c738f9917-goods.jpeg,1/2/3/4件 成人焦虑缓解刺感刺激工具，3D打印防焦虑钥匙扣，助专注力提升，缓解皮肤抓挠习惯，青少年减压好礼,2026-01-30T20:21:22.072+00:00,1014,653,全托,美国,https://www.temu.com/search_result.html?search_key=605607516055506&search_method=user&region=211&regionCnName=%E7%BE%8E%E5%9B%BD,玩具与游戏
1776162849613,temu,605763946826946,https://img.kwcdn.com/product/fancy/53083128-039b-48e2-9be8-05e1f55885e1.jpg,BABYTRIBAL 8.5英寸儿童液晶绘图板儿童彩色液晶写字板，用触控笔释放创造力，可擦除屏幕教育玩具，完美的生日、圣诞节、万圣节和复活节儿童礼物,2026-01-30T19:53:02.935+00:00,20000,566,半托,美国,https://www.temu.com/search_result.html?search_key=605763946826946&search_method=user&region=211&regionCnName=%E7%BE%8E%E5%9B%BD,玩具与游戏
1776162849613,temu,606027147752014,https://img.kwcdn.com/product/fancy/38c45b56-9c45-4706-9fad-5b68457e46d1.jpg,从照片定制3D模型 | 未涂色 | DIY个性化定制 | 老年人和家庭纪念品 | 高真实度忠实于生活的模型细节恢复,2026-03-28T07:39:31.409+00:00,368,368,全托,美国,https://www.temu.com/search_result.html?search_key=606027147752014&search_method=user&region=211&regionCnName=%E7%BE%8E%E5%9B%BD,玩具与游戏
1776162849613,temu,606151299142546,https://img.kwcdn.com/product/open/c6695ec92cf04bc1a93fb5b53da3843b-goods.jpeg,1个流动图案魔方挤压玩具，感官玩具，旋转抓握魔方，适合儿童和成人，柔软触感，手部锻炼，缓慢上升感官玩具，缓解焦虑压力，课堂奖励玩具的指尖玩具,2026-03-26T01:33:38.338+00:00,1435,840,全托,美国,https://www.temu.com/search_result.html?search_key=606151299142546&search_method=user&region=211&regionCnName=%E7%BE%8E%E5%9B%BD,玩具与游戏
1776162849613,temu,606531504454595,https://img.kwcdn.com/product/open/a360a27a2ade47b281b81dfc981f64b6-goods.jpeg,趣味按压玩具，鸭头可360度旋转，摇摇晃晃的鸭子经久耐用且抗摔，婴幼儿爬行期卡通发条鸭子儿童益智玩具，派对/万圣节/圣诞节/新年礼物,2026-02-09T14:16:50.732+00:00,620,326,全托,美国,https://www.temu.com/search_result.html?search_key=606531504454595&search_method=user&region=211&regionCnName=%E7%BE%8E%E5%9B%BD,玩具与游戏
1776162849613,temu,601105824421534,https://img.kwcdn.com/product/open/1e50c6309d8a45758758c296a91c2284-goods.jpeg,女孩时尚设计师套装，时尚设计绘画套装，儿童涂色书，20页涂色页，4张服装贴纸，6张材料纸，2张装饰模板，混合颜色，创意艺术手工活动，儿童生日圣诞礼物,2026-01-28T01:37:45.890+00:00,666,492,全托,美国,https://www.temu.com/search_result.html?search_key=601105824421534&search_method=user&region=211&regionCnName=%E7%BE%8E%E5%9B%BD,玩具与游戏
1776162849613,temu,603273780149462,https://img.kwcdn.com/local-goods-image/212a0c35d4/13b67303-d9d7-4893-8d2e-21977282513d_800x800.jpeg.format.jpg,Pokémon TCG: Mega Charizard Tin (4 packs + 1 Promo) [1 RANDOM TIN],2026-02-27T21:40:49.460+00:00,458,396,半托,美国,https://www.temu.com/search_result.html?search_key=603273780149462&search_method=user&region=211&regionCnName=%E7%BE%8E%E5%9B%BD,玩具与游戏
1776162849613,temu,605664961219075,https://img.kwcdn.com/product/fancy/ebf96b17-403b-4212-b5f6-40a8f3181b7f.jpg,8层立体停车场轨道套装，高23.62inch（含2辆赛车、弯道漂移道与直升机停机坪），DIY组装益智玩具，促进亲子互动与手眼协调，适合作为男孩女孩的生日圣诞礼物,2026-02-05T02:38:41.642+00:00,894,735,全托,美国,https://www.temu.com/search_result.html?search_key=605664961219075&search_method=user&region=211&regionCnName=%E7%BE%8E%E5%9B%BD,玩具与游戏
1776162849613,temu,605719923367744,https://img.kwcdn.com/product/fancy/dc9c41d7-93dd-44cb-baec-b66ecaa955eb.jpg,幼儿互动忙碌书《我的身体，我的器官》，教育感官活动闪卡，认知技能开发，学前学习玩具，学校用品，旅行玩具，儿童返校礼物，万圣节礼物，圣诞礼物,2026-02-19T02:00:40.901+00:00,975,861,全托,美国,https://www.temu.com/search_result.html?search_key=605719923367744&search_method=user&region=211&regionCnName=%E7%BE%8E%E5%9B%BD,玩具与游戏
1776162849613,temu,605726030299788,https://img.kwcdn.com/product/open/5b7a2831482d4a2f81a36edc4b3f8178-goods.jpeg,一对迷你手可以让任何人高兴。这些恶作剧礼物使用假小手，用于服装和实用恶作剧,2026-03-01T17:00:37.300+00:00,345,344,半托,美国,https://www.temu.com/search_result.html?search_key=605726030299788&search_method=user&region=211&regionCnName=%E7%BE%8E%E5%9B%BD,玩具与游戏
1776162849613,temu,605815486417806,https://img.kwcdn.com/product/fancy/b0cd3750-158a-4216-9e58-f933c4279f01.jpg,6/10/20件套小龙与蛋 - 可动动作人偶模型套装（3/5/10龙+3/5/10蛋），耐用塑料奇幻模型收藏品与玩偶礼品，家居室内装饰工艺品。圣诞节日主题装饰，彩色车载展示摆件，办公桌面装饰。馈赠亲友孩童的完美生日礼物,2026-02-21T06:18:07.587+00:00,1429,473,全托,美国,https://www.temu.com/search_result.html?search_key=605815486417806&search_method=user&region=211&regionCnName=%E7%BE%8E%E5%9B%BD,玩具与游戏
1776162849613,temu,605906754455157,https://img.kwcdn.com/product/open/cf3796fe67f34499b63a5e4d0abf8802-goods.jpeg,26个A-Z字母学习练习册、涂色活动，适合家庭学校的益智辅助，字母学习游戏，儿童学习工作簿，教育材料,2026-03-27T16:29:13.135+00:00,987,810,全托,美国,https://www.temu.com/search_result.html?search_key=605906754455157&search_method=user&region=211&regionCnName=%E7%BE%8E%E5%9B%BD,玩具与游戏
1776162849613,temu,605932322971028,https://img.kwcdn.com/product/open/fe6d9008b16d4937901dc271698bbc99-goods.jpeg,Set of 100 Magnetic Building Blocks | Vibrant Cube Construction Kit | Innovative Physics Educational Toy | Perfect Gift for Boys And Girls for Christmas And Birthdays,2026-02-12T06:40:34.544+00:00,837,510,半托,美国,https://www.temu.com/search_result.html?search_key=605932322971028&search_method=user&region=211&regionCnName=%E7%BE%8E%E5%9B%BD,玩具与游戏
1776162849613,temu,606185726020241,https://img.kwcdn.com/product/fancy/bee22f37-087f-4356-ad11-3fab015c21aa.jpg,10pcs充气六色沙滩球，户外海滩游戏彩虹沙滩球，PVC加厚便携式可折叠圆形球，适合游泳池和海滩多人运动派对,2026-03-13T08:29:55.411+00:00,1439,810,全托,美国,https://www.temu.com/search_result.html?search_key=606185726020241&search_method=user&region=211&regionCnName=%E7%BE%8E%E5%9B%BD,玩具与游戏
1776162849613,temu,606445437310101,https://img.kwcdn.com/product/fancy/17ccdcf3-7066-49e9-83c1-15e3bc4606e4.jpg,Asmodee Dobble 哈利·波特卡牌游戏 | 魔法世界霍格沃茨版 | 包含赫敏、罗恩、赫德薇、魔杖、生物、宿舍徽章 | 快速观察反应 | 家庭乐趣旅行便携金属盒 | 完美的圣诞节礼物，适合填充圣诞袜,2026-01-26T11:14:03.587+00:00,915,453,全托,美国,https://www.temu.com/search_result.html?search_key=606445437310101&search_method=user&region=211&regionCnName=%E7%BE%8E%E5%9B%BD,玩具与游戏
1776162849613,temu,601105648027890,https://img.kwcdn.com/product/fancy/5ce2a60d-3b34-482e-86e8-a4db96ea59e2.jpg,"升级款42根木棍，6个小球，木制木棍玩具，木制益智玩具，多人互动桌游，亲子游戏，培养逻辑思维和空间思维，生日礼物，各种节日的完美礼物。, 教育游戏,亲子活动,逻辑思维游戏,脑筋急转弯玩具,家庭乐趣",2025-12-07T07:07:38.035+00:00,983,477,半托,美国,https://www.temu.com/search_result.html?search_key=601105648027890&search_method=user&region=211&regionCnName=%E7%BE%8E%E5%9B%BD,母婴用品
1776162849613,temu,605643754806501,https://img.kwcdn.com/product/fancy/912b329a-f734-4a59-9e64-979ab687a4d8.jpg,"DIY Electric Magnetic Track Car Set - Multi-functional Interlocking Race Track, Supports Vertical and Inverted Operation, a Fun Building Toy for Children Aged 3-8, New Year's Gift, Back-to-School Gift",2026-02-07T02:53:55.266+00:00,940,780,全托,美国,https://www.temu.com/search_result.html?search_key=605643754806501&search_method=user&region=211&regionCnName=%E7%BE%8E%E5%9B%BD,玩具与游戏
1776162849613,temu,605948764613364,https://img.kwcdn.com/product/fancy/efe4cafd-7b71-4d99-9427-54330f7048db.jpg,3枚精美3D雕刻纪念币，美国建国250周年纪念币，精美设计并配备防尘保护壳，爱国者及历史爱好者的收藏佳品，金属质感，也可作为礼物赠送,2026-03-27T09:52:12.991+00:00,382,382,全托,美国,https://www.temu.com/search_result.html?search_key=605948764613364&search_method=user&region=211&regionCnName=%E7%BE%8E%E5%9B%BD,玩具与游戏
1776162849613,temu,606465234412739,https://img.kwcdn.com/product/fancy/755a1faf-f13e-41f0-8cb3-9a581c1709b6.jpg,2套手指按钮减压玩具 机械键盘按键帽 办公室减压放松挂绳.,2026-03-27T05:33:56.304+00:00,516,516,全托,美国,https://www.temu.com/search_result.html?search_key=606465234412739&search_method=user&region=211&regionCnName=%E7%BE%8E%E5%9B%BD,玩具与游戏
1776162849613,temu,601103597357963,https://img.kwcdn.com/product/fancy/2ab6b57b-f908-47b5-bc3f-6cd361a58679.jpg,磁性积木套装，教育用ABS建筑玩具，STEM感官游戏，适合儿童，创意生日、万圣节、圣诞节礼物,2026-03-11T03:02:50.910+00:00,1043,750,全托,美国,https://www.temu.com/search_result.html?search_key=601103597357963&search_method=user&region=211&regionCnName=%E7%BE%8E%E5%9B%BD,玩具与游戏
1776162849613,temu,601105568172999,https://img.kwcdn.com/product/fancy/76b265d3-c870-4389-819a-12d8a66b3e3c.jpg,7件赛车主题派个装饰，红白格子数字气球，铝制结气球，适合生日庆祝，赛车和格子旗图案，非常适合赛车爱好者，赛车主题生日装饰,2026-02-05T06:26:53.046+00:00,1205,618,全托,美国,https://www.temu.com/search_result.html?search_key=601105568172999&search_method=user&region=211&regionCnName=%E7%BE%8E%E5%9B%BD,玩具与游戏
1776162849613,temu,605554835581213,https://img.kwcdn.com/product/fancy/7f91c2da-17fd-4c30-8bbd-485845177e83.jpg,双人钓鱼玩具，伸缩式鱼形玩具，适合男孩和女孩的教育早期学习棋盘游戏益智玩具,2026-03-20T08:04:44.629+00:00,822,750,全托,美国,https://www.temu.com/search_result.html?search_key=605554835581213&search_method=user&region=211&regionCnName=%E7%BE%8E%E5%9B%BD,玩具与游戏
1776162849613,temu,605687442687786,https://img.kwcdn.com/product/fancy/6dda269f-a46f-45d0-9003-cccf641de13e.jpg,"1/12微缩仿真乳液瓶,微型仿真模型，娃娃屋洗浴用具配件，迷你瓶子，逼真的迷你拍摄道具",2026-03-27T01:48:29.928+00:00,361,361,全托,美国,https://www.temu.com/search_result.html?search_key=605687442687786&search_method=user&region=211&regionCnName=%E7%BE%8E%E5%9B%BD,玩具与游戏
1776162849613,temu,605831525416487,https://img.kwcdn.com/product/fmket/bebbd7831f99e48d4e025bab8f983e40.jpg,15个3D迷宫儿童益智玩具 | 迷你滚球手动游戏益智玩具，教育解压玩具，新奇创意生日派对礼物，课堂奖品，混合颜色，方形,2026-02-07T13:14:06.229+00:00,1360,873,全托,美国,https://www.temu.com/search_result.html?search_key=605831525416487&search_method=user&region=211&regionCnName=%E7%BE%8E%E5%9B%BD,玩具与游戏
1776162849613,temu,605957555879922,https://img.kwcdn.com/product/fancy/6967438f-1f7d-4072-b807-5c73fb037d2c.jpg,专为1000/1500片拼图设计 - 带6个抽屉的拼图板，6合1拼图桌，集成6个抽屉，内置毛毡拼图板，便携可折叠设计，适合在家中多种用途,2026-01-30T12:51:10.874+00:00,466,371,全托,美国,https://www.temu.com/search_result.html?search_key=605957555879922&search_method=user&region=211&regionCnName=%E7%BE%8E%E5%9B%BD,玩具与游戏
1776162849613,temu,606158144277027,https://img.kwcdn.com/product/open/ab68e4db598a44d097ecf4450294b0ed-goods.jpeg,适合家庭游戏之夜的大型6人桌游——经典国际象棋策略骰子游戏，配备编号棋子（1-6）、24个彩色骰子及骰盅，适合6人快速派对游戏，适用于圣诞节、万圣节派对,2026-03-25T06:04:41.074+00:00,344,344,半托,美国,https://www.temu.com/search_result.html?search_key=606158144277027&search_method=user&region=211&regionCnName=%E7%BE%8E%E5%9B%BD,玩具与游戏
1776162849613,temu,606470603146672,https://img.kwcdn.com/product/open/11bad44b400e485aa96a11cbd2bfabe5-goods.jpeg,10件装迷你3D打印龙玩具 可动水晶龙 既可作解压玩具 又可作行政桌饰 居家办公与收藏皆宜,2026-04-02T12:16:44.640+00:00,334,334,全托,美国,https://www.temu.com/search_result.html?search_key=606470603146672&search_method=user&region=211&regionCnName=%E7%BE%8E%E5%9B%BD,玩具与游戏
1776162849613,temu,601103845802783,https://img.kwcdn.com/product/fmket/26daa9c8b4ba4bf672a225e3d66c22f1.jpg,便携式18.5英寸儿童足球门，高度可调 - 易于组装的室内/室外足球网，适合男孩和女孩，坚固框架配柔软边缘，轻量化运动玩具，适用于后院、游乐场、生日派对游戏 - 理想礼物,2026-02-13T02:30:20.531+00:00,529,529,全托,美国,https://www.temu.com/search_result.html?search_key=601103845802783&search_method=user&region=211&regionCnName=%E7%BE%8E%E5%9B%BD,玩具与游戏
1776162849613,temu,605711534803183,https://img.kwcdn.com/product/fancy/e7f807e0-4591-4a87-ab60-f54f1ae0dc37.jpg,[已授权，保留标题]三丽鸥系列库洛米美乐蒂主题方形大容量存钱罐，可爱造型硬币收纳盒，适合年轻人的理想礼物和桌面装饰品,2026-01-31T04:27:50.694+00:00,3545,1345,全托,美国,https://www.temu.com/search_result.html?search_key=605711534803183&search_method=user&region=211&regionCnName=%E7%BE%8E%E5%9B%BD,玩具与游戏
1776162849613,temu,605748444661309,https://img.kwcdn.com/product/fmket/cf58e24f21fc613c56632ac03bac6891.jpg,【如何画三丽鸥】三丽鸥儿童绘画本、一步一步的绘画和绘画着色书、craft kit卡通趣味涂鸦简笔画早教启蒙涂色画画本- 创意艺术活动，适用于教室、家庭或礼物,2026-02-02T07:51:58.457+00:00,1397,404,全托,美国,https://www.temu.com/search_result.html?search_key=605748444661309&search_method=user&region=211&regionCnName=%E7%BE%8E%E5%9B%BD,玩具与游戏
1776162849613,temu,605827565978689,https://img.kwcdn.com/product/fancy/532ead83-5c72-495f-ab8d-6c985795266a.jpg,50个彩虹7色海洋球-防挤安全，适合儿童，生日泳池玩具，圣诞派对礼物，帐篷和户外游戏，海滩玩具，玩笑设计，安全，耐用玩具，安全，耐用玩具,2026-04-04T16:01:47.500+00:00,325,325,全托,美国,https://www.temu.com/search_result.html?search_key=605827565978689&search_method=user&region=211&regionCnName=%E7%BE%8E%E5%9B%BD,玩具与游戏
1776162849613,temu,605900580424509,https://img.kwcdn.com/product/fancy/4c52dcbe-0d4d-4694-aec3-050ef6c58219.jpg,50张 哈利波特水彩学院风贴纸套装 防水不干胶 手机壳/笔记本/水杯装饰 生日圣诞治愈小礼,2026-03-25T14:48:36.747+00:00,301,301,全托,美国,https://www.temu.com/search_result.html?search_key=605900580424509&search_method=user&region=211&regionCnName=%E7%BE%8E%E5%9B%BD,玩具与游戏
1776162849613,temu,606069225036060,https://img.kwcdn.com/product/fancy/fa834de0-fc23-48f8-9717-f2f14bc1fdb4.jpg,两包可爱水豚卡片，每包5张，共10张，神秘盲盒款式与包装随机，是水豚爱好者的完美礼物,2026-02-08T02:17:31.299+00:00,2144,1247,全托,美国,https://www.temu.com/search_result.html?search_key=606069225036060&search_method=user&region=211&regionCnName=%E7%BE%8E%E5%9B%BD,玩具与游戏
1776162849613,temu,606479193071827,https://img.kwcdn.com/product/fancy/c757d0d1-35a3-420e-9e44-4fc514a5bfc3.jpg,Shun Fei3 个/5 个压力球套装 - 柔软球感统刺激玩具，有助于缓解焦虑 - 挤压球派个奖品，大量装 - 教室奖品 - 生日用品 - 万圣节用品,2026-03-26T09:44:32.287+00:00,369,369,全托,美国,https://www.temu.com/search_result.html?search_key=606479193071827&search_method=user&region=211&regionCnName=%E7%BE%8E%E5%9B%BD,玩具与游戏
1776162849613,temu,602357979026155,https://img.kwcdn.com/local-goods-image/21a4886cc6/25ed1883-3c9b-47bc-93ac-966bb02f46d6_881x881.jpeg.format.jpg,永动力桌面玩具 复古新奇玩具（红色）- STEM，学校科学复古快乐Dippy Dunking Bobbing Magic Famous Original Water Sippy Toy 热力学老师必备课堂用品设备，非常棒的项目小工具,2026-03-24T04:43:30.842+00:00,349,349,半托,美国,https://www.temu.com/search_result.html?search_key=602357979026155&search_method=user&region=211&regionCnName=%E7%BE%8E%E5%9B%BD,玩具与游戏
1776162849613,temu,605572082555764,https://img.kwcdn.com/product/fancy/1143cc64-b56c-4eab-a183-84803aed5856.jpg,1本复古厨房设计花卉食谱书配粉色搅拌机封面 - 螺旋装订食谱收纳与手账，紧凑尺寸适合烘焙与烹饪，可爱家居厨师礼物含心形镂空图案及测量换算指南 - 耐用计划页用于餐饮规划 5.5x8.3英寸,2026-01-29T14:17:35.372+00:00,683,485,全托,美国,https://www.temu.com/search_result.html?search_key=605572082555764&search_method=user&region=211&regionCnName=%E7%BE%8E%E5%9B%BD,玩具与游戏
1776162849613,temu,605620870688974,https://img.kwcdn.com/product/fancy/d685254d-8131-43cf-bdd8-ef1c0d52a9e1.jpg,海洋的宠物 美丽贝壳慢回弹捏捏乐 颜值与手感并存送礼佳品,2026-03-24T12:36:49.870+00:00,1721,690,全托,美国,https://www.temu.com/search_result.html?search_key=605620870688974&search_method=user&region=211&regionCnName=%E7%BE%8E%E5%9B%BD,玩具与游戏
1776162849613,temu,605653955351212,https://img.kwcdn.com/product/open/0b01dec184c84679b434b67b25e48578-goods.jpeg,10pcs收藏盒银币收纳盒 | 40毫米硬币收纳盒，硬币收藏收纳容器,2026-02-08T04:07:10.054+00:00,2623,1497,全托,美国,https://www.temu.com/search_result.html?search_key=605653955351212&search_method=user&region=211&regionCnName=%E7%BE%8E%E5%9B%BD,玩具与游戏
1776162849613,temu,605654693546104,https://img.kwcdn.com/product/open/34f5e82ac8174deb918cc002116921b6-goods.jpeg,2只装可爱小熊长颈鹿手摇组合玩具，锻炼儿童抓握能力，促进动物颜色认知,2026-03-31T17:47:57.553+00:00,719,690,全托,美国,https://www.temu.com/search_result.html?search_key=605654693546104&search_method=user&region=211&regionCnName=%E7%BE%8E%E5%9B%BD,母婴用品
1776162849613,temu,605679993586567,https://img.kwcdn.com/product/fancy/86db192f-e7e7-4b0c-b76b-0ff0ec93b011.jpg,炫彩四色手持球 - 振动抓握玩具，带音乐符号，采用空心结构设计，易于握持，非常适合婴儿早期发展，绝佳节日礼物,2026-02-09T17:25:47.713+00:00,1118,877,全托,美国,https://www.temu.com/search_result.html?search_key=605679993586567&search_method=user&region=211&regionCnName=%E7%BE%8E%E5%9B%BD,玩具与游戏
1776162849613,temu,605723278837976,https://img.kwcdn.com/product/fancy/6296ab7c-b221-4b92-a12d-d1e57c3fe2cd.jpg,个性化定制100/200/300/400PCS 多尺寸3/4/5/6/7/8/9/10CM，白色背景， 您自己的个性化贴纸 方形标签 LOGO/图片/文字定制 封口贴 地址标签 感谢 手作贴纸 商业包装贴纸 节日贴纸 纪念贴纸,2026-03-26T09:11:15.883+00:00,1076,690,全托,美国,https://www.temu.com/search_result.html?search_key=605723278837976&search_method=user&region=211&regionCnName=%E7%BE%8E%E5%9B%BD,玩具与游戏
1776162849613,temu,605733345136066,https://img.kwcdn.com/product/open/d408d0ce9da94668a4db16e801c3f265-goods.jpeg,1个塔巴猫爪挤压玩具，可爱猫爪解压玩具，柔软果冻猫咪挤压减压玩具，黑色感官解压玩具，儿童桌面办公休闲用品，猫狗玩具,2026-03-05T12:03:55.430+00:00,426,392,全托,美国,https://www.temu.com/search_result.html?search_key=605733345136066&search_method=user&region=211&regionCnName=%E7%BE%8E%E5%9B%BD,玩具与游戏
1776162849613,temu,605820989346441,https://img.kwcdn.com/product/open/f9c36bb9b0ac46a39abe977812febba0-goods.jpeg,3个装，1盎司 99% 纯银鹰雕像 - 全新设计，密封包装，高品质末端，耐用防腐蚀金属，自制珠宝制作，家居装饰，工艺材料，收藏礼品,2026-03-20T19:17:57.700+00:00,353,353,半托,美国,https://www.temu.com/search_result.html?search_key=605820989346441&search_method=user&region=211&regionCnName=%E7%BE%8E%E5%9B%BD,玩具与游戏
1776162849613,temu,605839444288225,https://img.kwcdn.com/product/open/4df243a640bc43c6809727c57dcc8f21-goods.jpeg,PANINI NBA TOP CLASS 经典集换式卡牌系列，每包包含 6 张卡片，提供机会寻找 NBA 明星签名卡，卡牌设计精美，是 NBA 粉丝的必备之选，也是收藏家的完美礼物,2026-03-05T13:59:36.653+00:00,526,379,全托,美国,https://www.temu.com/search_result.html?search_key=605839444288225&search_method=user&region=211&regionCnName=%E7%BE%8E%E5%9B%BD,玩具与游戏
1776162853218,temu,605884205859454,https://img.kwcdn.com/product/open/86af24c9768743349e3115d6c12bce12-goods.jpeg,成人适用双面感官石 - 多彩触感减压圆盘，含光滑与凸起纹理图案，便携式专注力辅助工具，适用于办公室、居家、旅行、生日、圣诞节的静音专注力礼品,2026-03-04T15:52:24.459+00:00,944,904,全托,美国,https://www.temu.com/search_result.html?search_key=605884205859454&search_method=user&region=211&regionCnName=%E7%BE%8E%E5%9B%BD,玩具与游戏
1776162853218,temu,606083720576779,https://img.kwcdn.com/product/open/43d94c46020e4d5e9f9d839261593046-goods.jpeg,一款可爱的零钱罐套装，带硬币槽和盖子，有多种颜色可选，用于储蓄、家居装饰储物罐，糖果色系（5.5+2.9英寸）,2026-02-13T07:23:58.953+00:00,397,325,全托,美国,https://www.temu.com/search_result.html?search_key=606083720576779&search_method=user&region=211&regionCnName=%E7%BE%8E%E5%9B%BD,玩具与游戏
1776162853218,temu,606113047113341,https://img.kwcdn.com/product/open/02fd0e90f97045759b2d344d66fe8eb2-goods.jpeg,神秘恶搞弹出手指礼盒，成人整蛊趣味惊喜礼物，创意新奇搞怪减压,2026-03-30T01:16:19.568+00:00,322,322,全托,美国,https://www.temu.com/search_result.html?search_key=606113047113341&search_method=user&region=211&regionCnName=%E7%BE%8E%E5%9B%BD,玩具与游戏
1776162853218,temu,606147608172975,https://img.kwcdn.com/product/open/bc129a0f0bdc47778d73ec5182a5a819-goods.jpeg,8/24件装小龙蛋可动摆件玩具套装，迷你可爱造型设计，耐用塑料，奇幻模型收藏品及玩偶礼品，家居室内装饰工艺品。复活节，圣诞节及节日主题装饰品，汽车展示摆件，办公桌摆件。送给朋友、家人和孩子的完美生日礼物,2026-03-20T06:52:00.283+00:00,6944,690,全托,美国,https://www.temu.com/search_result.html?search_key=606147608172975&search_method=user&region=211&regionCnName=%E7%BE%8E%E5%9B%BD,玩具与游戏
1776162853218,temu,606538383068339,https://img.kwcdn.com/product/fancy/cb0cd4bf-7efc-4332-8a64-b904d8aa6003.jpg,300pcs经典混色马卡龙扭扭棒DIY手工制作毛条,2026-03-10T17:44:44.031+00:00,442,438,全托,美国,https://www.temu.com/search_result.html?search_key=606538383068339&search_method=user&region=211&regionCnName=%E7%BE%8E%E5%9B%BD,玩具与游戏
1776162853218,temu,601105769240345,https://img.kwcdn.com/product/fancy/a4505940-efe5-4221-9ef7-59dd7ee95b4f.jpg,磁性涂鸦板 - 可擦写重复使用的磁性画板，配磁性彩笔与磁性画棒，适合儿童使用 - 便携式益智玩具，圣诞、生日、旅行佳礼（ABS材质）,2026-03-08T11:44:31.269+00:00,858,660,全托,美国,https://www.temu.com/search_result.html?search_key=601105769240345&search_method=user&region=211&regionCnName=%E7%BE%8E%E5%9B%BD,玩具与游戏
1776162853218,temu,605630064610156,https://img.kwcdn.com/product/fancy/4b806d66-66bc-463d-a9da-268ad99eecf6.jpg,互动学习忙碌书——贴纸颜色分类活动玩具，寓教于乐，适合儿童，是学龄前儿童的理想选择，有助于语言发展，是一本学习活动书。适合男孩女孩的圣诞礼物,2026-03-01T07:34:26.465+00:00,698,557,全托,美国,https://www.temu.com/search_result.html?search_key=605630064610156&search_method=user&region=211&regionCnName=%E7%BE%8E%E5%9B%BD,玩具与游戏
1776162853218,temu,605691536345805,https://img.kwcdn.com/product/fancy/2300b459-9835-4405-ab41-2ff9c9c0fb7f.jpg,1个 Taba 软Q 水母玩具，专为缓解焦虑和放松而设计的软Q指尖玩具。它是成人的理想桌面配件，非常适合填充礼品袋、课堂奖励，以及作为复活节假日派个活动的用品。,2026-01-25T13:55:21.400+00:00,1114,595,全托,美国,https://www.temu.com/search_result.html?search_key=605691536345805&search_method=user&region=211&regionCnName=%E7%BE%8E%E5%9B%BD,玩具与游戏
1776162853218,temu,605727708045128,https://img.kwcdn.com/product/fancy/bb03350e-79ae-4188-a062-b1f868b8d86f.jpg,"Deformable Car 2 Sets of 1 Building Block Set, Yellow ABS Model Kit, Creative Home Decoration, Ideal Gift for Christmas/Halloween/Thanksgiving, Etc.|Sturdy Structure, Vivid Display",2026-03-17T08:46:55.572+00:00,421,421,全托,美国,https://www.temu.com/search_result.html?search_key=605727708045128&search_method=user&region=211&regionCnName=%E7%BE%8E%E5%9B%BD,玩具与游戏
1776162853218,temu,605805084572012,https://img.kwcdn.com/product/fancy/f5635d3a-f379-45de-8203-7969a9fb7693.jpg,1个透明防尘收纳袋，便携式收纳盒，高透明度收纳袋，娃娃收纳袋，7.09英寸系列娃娃收纳袋，多功能设计，适用于可穿戴服装娃娃收纳,2026-02-12T04:40:30.920+00:00,850,422,全托,美国,https://www.temu.com/search_result.html?search_key=605805084572012&search_method=user&region=211&regionCnName=%E7%BE%8E%E5%9B%BD,玩具与游戏
1776162853218,temu,605837431038161,https://img.kwcdn.com/product/open/fe1eb340d9af4a5b85c57115f9c43eb2-goods.jpeg,20片卡通动物拼图滑动拼图益智玩具，适合儿童派对礼品、解压玩具批量采购、课堂宝藏盒玩具、儿童皮纳塔填充物、男女童玩具、儿童礼品袋填充物、儿童生日礼物、圣诞礼物、圣诞袜填充物、批量礼品、派对礼品、男孩玩具、女孩玩具，万圣节、复活节、嘉年华、感恩节礼物的理想选择（随机款式）,2026-01-21T02:52:56.427+00:00,705,558,全托,美国,https://www.temu.com/search_result.html?search_key=605837431038161&search_method=user&region=211&regionCnName=%E7%BE%8E%E5%9B%BD,玩具与游戏
1776162853218,temu,605868166877917,https://img.kwcdn.com/product/fancy/a1f89ee2-4d3e-47ac-9330-7d448f59c347.jpg,20pcs彩色彩虹弹力球-为孩子们提供明亮的多种颜色的完美派对礼物，用于生日派对礼物和散装嘉年华奖品复活节圣诞节情人节礼物,2026-01-20T03:26:04.257+00:00,6055,2031,全托,美国,https://www.temu.com/search_result.html?search_key=605868166877917&search_method=user&region=211&regionCnName=%E7%BE%8E%E5%9B%BD,玩具与游戏
1776162853218,temu,605890044392429,https://img.kwcdn.com/product/fancy/2feb4817-2523-42e5-944b-543bd45e57e5.jpg,弹力十足的趣味DIY手工泡泡章鱼，紫蓝双色嘟嘴章鱼，质地如黏土般细腻，触感极佳。节日派对的完美解压玩具，派对礼品、柔软触感、感官玩具、派对用品、办公室装饰、派对生日/圣诞趣味礼物、新奇玩具、创意玩具，色彩缤纷、柔软可爱，是派对礼品和课堂奖励的理想选择。适合全球节日的礼品,2026-01-25T05:38:06.512+00:00,1007,860,全托,美国,https://www.temu.com/search_result.html?search_key=605890044392429&search_method=user&region=211&regionCnName=%E7%BE%8E%E5%9B%BD,玩具与游戏
1776162853218,temu,605908633535933,https://img.kwcdn.com/product/fancy/0c6b7358-2693-4999-bc58-1efabbddec94.jpg,儿童泳池跳水环玩具，可迅速沉入水中进行游泳训练的游戏，包含 2 件套或 4 件套泳池跳水玩具。,2026-03-22T05:20:22.660+00:00,512,512,全托,美国,https://www.temu.com/search_result.html?search_key=605908633535933&search_method=user&region=211&regionCnName=%E7%BE%8E%E5%9B%BD,玩具与游戏
1776162853218,temu,605988627277175,https://img.kwcdn.com/product/open/38aaf6e30f6642ac933610af1571ec4b-goods.jpeg,4PCS迷你西方龙蛋套装，可爱小龙造型赠送蛋壳，游戏梦幻家居桌面/户外装饰摆件，坚硬塑料材质，西方龙爱好者的纪念品，儿童玩具，可用于桌面、书房、客厅以及户外装饰使用，复活节藏蛋游戏装饰品，惊喜礼盒创意装扮，复活节、圣诞节、新年，一件最好的玩具礼物,2026-03-29T05:42:31.043+00:00,591,591,全托,美国,https://www.temu.com/search_result.html?search_key=605988627277175&search_method=user&region=211&regionCnName=%E7%BE%8E%E5%9B%BD,玩具与游戏
1776162853218,temu,606258069397025,https://img.kwcdn.com/product/open/4596b98d0e104bdc98ee53a207c3776e-goods.jpeg,1PC大耳朵猴子毛绒玩偶，动物造型毛绒公仔，大眼睛微笑表情的毛绒玩具，从圣诞节、情人节、感恩节等节日礼，到儿童、情侣、家人、挚友的专属惊喜，多场景送礼需求全满足，送礼超有面！,2026-03-25T10:22:33.347+00:00,987,660,全托,美国,https://www.temu.com/search_result.html?search_key=606258069397025&search_method=user&region=211&regionCnName=%E7%BE%8E%E5%9B%BD,玩具与游戏
1776162853218,temu,606342156774476,https://img.kwcdn.com/product/fancy/89b9f897-1435-413e-82ec-8281098b8226.jpg,绘画机器人，可充电四合一绘画/学习/拼写/音乐互动教育机器人绘画机，附100张卡片和12支彩色笔，适合3-8岁男女童的生日和圣诞学习玩具,2026-02-13T02:07:42.889+00:00,826,505,半托,美国,https://www.temu.com/search_result.html?search_key=606342156774476&search_method=user&region=211&regionCnName=%E7%BE%8E%E5%9B%BD,玩具与游戏
1776162853218,temu,606402353461544,https://img.kwcdn.com/product/fancy/0354aa4b-939e-4c28-8667-0ff17cce4f52.jpg,"Miniature Refrigerator, White Double-Door Model, Dollhouse Kitchen Furniture, Dollhouse Miniature Furniture, Kitchen Scene Decorative Ornament, Doors Do Not Open, Holiday Gift",2026-01-25T07:47:04.148+00:00,653,323,全托,美国,https://www.temu.com/search_result.html?search_key=606402353461544&search_method=user&region=211&regionCnName=%E7%BE%8E%E5%9B%BD,玩具与游戏
1776162853218,temu,606556435367667,https://img.kwcdn.com/product/fancy/f3b8c7a1-d8c5-4005-8325-24c71a53aebe.jpg,新款3D卡通摆件，减压仿真魔方，立体捏捏解压玩具，无限放松,2026-02-02T13:26:59.352+00:00,1611,1347,全托,美国,https://www.temu.com/search_result.html?search_key=606556435367667&search_method=user&region=211&regionCnName=%E7%BE%8E%E5%9B%BD,玩具与游戏
1776162853218,temu,606594016375123,https://img.kwcdn.com/product/fancy/5aa6d615-cbc8-4546-b3e9-e2a9aa3d3633.jpg,"24pcs Snowflake Bubble Wands, No Liquid, Holiday Wedding Party Supplies, Bubbles for Kids Party Favors, Kids Birthday Gifts, Treasure Box Toys for Classroom, Easter Basket Stuffers, Kids Toys for Girls Boys, Goodie Bags Stuffers for Kids, Party",2026-02-04T04:23:22.622+00:00,4700,2835,全托,美国,https://www.temu.com/search_result.html?search_key=606594016375123&search_method=user&region=211&regionCnName=%E7%BE%8E%E5%9B%BD,玩具与游戏
1776162853218,temu,601101594336138,https://img.kwcdn.com/product/fancy/5932c5e9-5dc6-4c84-940f-fc817a89bc16.jpg,4/8/20个装 32英寸 充气剑 充气海盗剑 海盗派对礼物，适用于主题派对生日游泳Cosplay万圣节服装配饰舞台道具,2025-10-09T08:46:07.694+00:00,15000,601,半托,美国,https://www.temu.com/search_result.html?search_key=601101594336138&search_method=user&region=211&regionCnName=%E7%BE%8E%E5%9B%BD,玩具与游戏
1776162853218,temu,605591074357700,https://img.kwcdn.com/product/fancy/019f67ec-6aa1-4103-91d0-d997f0767723.jpg,NeslGenc 几何形状活动板-几何形状减压板，硅胶减压板适合儿童和青少年，带有12根硅胶条和便携收纳袋-理想的礼物选择（细节形状颜色随机）,2026-03-05T15:23:29.949+00:00,995,630,全托,美国,https://www.temu.com/search_result.html?search_key=605591074357700&search_method=user&region=211&regionCnName=%E7%BE%8E%E5%9B%BD,玩具与游戏
1776162853218,temu,605712541428211,https://img.kwcdn.com/product/open/81d9c5453ca04ae9b7a3db6c06e1a5a1-goods.jpeg,"复制币12枚美国250周年纪念币，精美礼品收藏纪念币, 历史纪念品展示, 收藏家礼物, 美国纪念币, 收藏级复制币, 黄色纪念币, 经典硬币设计, 高级复制币, 精细硬币复制品, 历史爱好者礼物, 使用场景/场合",2026-03-19T17:32:42.532+00:00,310,310,半托,美国,https://www.temu.com/search_result.html?search_key=605712541428211&search_method=user&region=211&regionCnName=%E7%BE%8E%E5%9B%BD,玩具与游戏
1776162853218,temu,606198208244911,https://img.kwcdn.com/product/fancy/43cbc48f-729e-440c-a183-0c42a9d52659.jpg,15个迷你石头剪刀布钥匙扣，适合儿童派对礼品、批量解压玩具、儿童生日礼物、圣诞礼物、圣诞袜填充物、课堂宝藏盒玩具、男孩女孩玩具、儿童礼品袋填充物、儿童派对皮纳塔填充物、派对礼品、批量礼物、男孩玩具、女孩玩具，万圣节、复活节、嘉年华、感恩节礼物的理想选择（随机发货）,2026-01-29T06:57:10.197+00:00,766,383,全托,美国,https://www.temu.com/search_result.html?search_key=606198208244911&search_method=user&region=211&regionCnName=%E7%BE%8E%E5%9B%BD,玩具与游戏
1776162853218,temu,606266122433637,https://img.kwcdn.com/product/fancy/3b510e2b-6980-4e0a-a5de-039045e79dcd.jpg,5个颜色可选 文艺复兴的回响：骸骨与王冠的巴洛克棋局 凯尔特雕工 国际象棋棋子,2026-01-23T15:25:05.957+00:00,1111,443,全托,美国,https://www.temu.com/search_result.html?search_key=606266122433637&search_method=user&region=211&regionCnName=%E7%BE%8E%E5%9B%BD,玩具与游戏
1776162853218,temu,606277027597396,https://img.kwcdn.com/product/fancy/bf1b4b01-36a7-4709-9f8c-6fe322e7e995.jpg,【买一送一】2pcs美西螈捏捏乐蝾螈捏捏可爱蝾螈挤压玩具，软乎乎卡哇伊捏捏乐玩具-柔软可挤压拉伸，受欢迎的派对玩具礼物用品，手感好解压玩具，万圣节/圣诞节/复活节/生日派对礼物袋子填充物，开学课堂奖励用品，可爱慢回弹迷你美西螈玩具——适用于生日礼物、嘉年华奖品、派对礼包及趣味派对装饰，耐用可挤压，圣诞袜填充佳品,2026-01-26T08:30:37.690+00:00,1098,681,半托,美国,https://www.temu.com/search_result.html?search_key=606277027597396&search_method=user&region=211&regionCnName=%E7%BE%8E%E5%9B%BD,玩具与游戏
1776162853218,temu,606388059256808,https://img.kwcdn.com/product/open/458dd9856fbb4a7e868c94eea1ccf7c5-goods.jpeg,草莓蓝莓蛋糕TPR软胶挤压玩具 - 慢回弹感官手指玩具 - 适用于办公桌与房间桌面装饰 - 圣诞节、复活节及节日礼物的理想之选,2026-03-09T19:03:41.420+00:00,447,327,全托,美国,https://www.temu.com/search_result.html?search_key=606388059256808&search_method=user&region=211&regionCnName=%E7%BE%8E%E5%9B%BD,玩具与游戏
1776162853218,temu,606510465780460,https://img.kwcdn.com/product/fancy/5b143020-54c3-4f9a-b4f7-8bdb0da3a3ad.jpg,"LOVFEN Premium Aluminum Alloy Card Collector's Case - 6-Compartment Storage Box for PSA/BGS/CSG/CCG/PCS/TCG Graded Cards, Secure Locking Design, Ideal for Sports, Basketball & Anime Trading Cards, Large Capa",2026-03-07T02:33:51.346+00:00,686,608,半托,美国,https://www.temu.com/search_result.html?search_key=606510465780460&search_method=user&region=211&regionCnName=%E7%BE%8E%E5%9B%BD,玩具与游戏
1776162853218,temu,606539792404454,https://img.kwcdn.com/product/fancy/b0b41644-2d40-4357-9b39-38d6055f6f14.jpg,财神爷招财纳福招财进宝纪念币 财运风水办公室 适合新年开业乔迁商务伴手礼收藏纪念章工艺品,2026-01-25T12:16:39.698+00:00,1235,465,全托,美国,https://www.temu.com/search_result.html?search_key=606539792404454&search_method=user&region=211&regionCnName=%E7%BE%8E%E5%9B%BD,玩具与游戏
1776162853218,temu,606572273092227,https://img.kwcdn.com/product/fancy/3fe8c612-fb2e-4cda-b8fb-37263bf60ecb.jpg,3D雕刻纪念币，美国250周年纪念币，精美收藏硬币，历史爱好者收藏硬币，纪念礼物,2026-02-01T17:37:05.488+00:00,2042,1495,全托,美国,https://www.temu.com/search_result.html?search_key=606572273092227&search_method=user&region=211&regionCnName=%E7%BE%8E%E5%9B%BD,玩具与游戏
1776162853218,temu,606583748702526,https://img.kwcdn.com/product/fancy/95877d08-81b7-4710-915f-6520385beee1.jpg,48件赛车玩具套装｜3岁以上儿童适用｜回力小车+四层停车场+赛道地图｜男孩生日节日礼物,2026-02-18T19:10:03.015+00:00,692,448,半托,美国,https://www.temu.com/search_result.html?search_key=606583748702526&search_method=user&region=211&regionCnName=%E7%BE%8E%E5%9B%BD,玩具与游戏
1776162853218,temu,601105688276081,https://img.kwcdn.com/product/fancy/a42402ff-ec51-4fce-b4dc-ad5497e2f99b.jpg,婴儿呼吸训练玩具，宝宝吹口哨小鸟玩具，洗澡时光乐趣，感官游戏婴儿用品，促进肺部发育，独特的圣诞万圣节生日礼物,2026-02-27T10:07:46.169+00:00,510,455,全托,美国,https://www.temu.com/search_result.html?search_key=601105688276081&search_method=user&region=211&regionCnName=%E7%BE%8E%E5%9B%BD,玩具与游戏
1776162853218,temu,602282447982334,https://img.kwcdn.com/local-goods-image/212a0c52d0/905d5879-8e88-4b65-a0ac-e00658ce5786_1536x1536.png,帕尼尼足球神秘珍藏卡片——装裱于高级展示盒的足球卡 | 新秀、球星、签名或插页卡片均有保障！| 儿童与收藏者的完美礼物,2026-01-25T01:27:47.156+00:00,2020,820,半托,美国,https://www.temu.com/search_result.html?search_key=602282447982334&search_method=user&region=211&regionCnName=%E7%BE%8E%E5%9B%BD,玩具与游戏
1776162853218,temu,603280222601872,https://img.kwcdn.com/local-goods-image/211a2a41644/e9042ff9-97de-4205-b92b-81f09c1266c2_1152x1152.png.format.jpg,2020 NFL 赛程足球卡牌套装（40张卡片）,2026-03-10T12:47:46.358+00:00,789,772,半托,美国,https://www.temu.com/search_result.html?search_key=603280222601872&search_method=user&region=211&regionCnName=%E7%BE%8E%E5%9B%BD,玩具与游戏
1776162853218,temu,605535306922549,https://img.kwcdn.com/product/open/1c72ffcb170241f0a236032f6f9345fd-goods.jpeg,"适用于1000/ 1500片拼图-带6格抽屉的拼图板, 六合一拼图桌, 内置6个抽屉, 一块整合的毛毡拼图板, 设计便携可折叠, 适合家庭多功能使用, 成人及爱好者便携拼图收纳系统",2026-02-03T06:19:45.727+00:00,1490,785,全托,美国,https://www.temu.com/search_result.html?search_key=605535306922549&search_method=user&region=211&regionCnName=%E7%BE%8E%E5%9B%BD,玩具与游戏
1776162853218,temu,605559399015046,https://img.kwcdn.com/product/fancy/f8319d54-8c5f-4a44-94a9-48704b547a89.jpg,3D打印棕色马玩具马 手办人物 多关节 铰链可动,2026-03-10T02:16:50.760+00:00,789,746,全托,美国,https://www.temu.com/search_result.html?search_key=605559399015046&search_method=user&region=211&regionCnName=%E7%BE%8E%E5%9B%BD,玩具与游戏
1776162853218,temu,605569331081149,https://img.kwcdn.com/product/open/795af04a2aba492ea57aeec71edb3e99-goods.jpeg,10枚美国250周年纪念币 - 1776 - 2026周年纪念币 - 收藏级纪念币，采用双重历史图案，250年历史纪念礼品,2026-03-08T02:55:25.990+00:00,1236,1235,半托,美国,https://www.temu.com/search_result.html?search_key=605569331081149&search_method=user&region=211&regionCnName=%E7%BE%8E%E5%9B%BD,玩具与游戏
1776162853218,temu,605597583917953,https://img.kwcdn.com/product/fancy/12482830-4ab7-4c3c-9ef5-3cc09750f312.jpg,随机20件迷你动物积木配件玩具套装，自由 DIY 动物园场景，适合动物园主题生日礼物、圣诞礼物、万圣节礼物 情人节礼物,2026-01-29T11:44:05.879+00:00,1802,1337,全托,美国,https://www.temu.com/search_result.html?search_key=605597583917953&search_method=user&region=211&regionCnName=%E7%BE%8E%E5%9B%BD,玩具与游戏
1776162853218,temu,605619796935629,https://img.kwcdn.com/product/fancy/6005e40f-aa43-4570-96d2-93e8fd7456a6.jpg,玩具枪 仿真连发软弹 儿童玩具枪 重达850g 包含50弹头16弹壳，850g 生日礼物 万圣节圣诞节送人最佳礼物 长步枪,2026-03-23T01:59:13.722+00:00,624,600,全托,美国,https://www.temu.com/search_result.html?search_key=605619796935629&search_method=user&region=211&regionCnName=%E7%BE%8E%E5%9B%BD,玩具与游戏
1776162853218,temu,605635567546678,https://img.kwcdn.com/product/open/fdc8b368fcd34bbfb1fcb0113262b1e3-goods.jpeg,微型彩色铅笔和笔筒、娃娃屋DIY配件、娃娃屋书房装饰道具和摄影道具,2026-02-25T01:54:26.828+00:00,1477,590,半托,美国,https://www.temu.com/search_result.html?search_key=605635567546678&search_method=user&region=211&regionCnName=%E7%BE%8E%E5%9B%BD,玩具与游戏
1776162853218,temu,605722976873584,https://img.kwcdn.com/product/fancy/17fae954-ec4c-494b-863e-b214c394428e.jpg,"[Spiral Star Toy] 3D Printed Sensory Relax Star With Handle, Colorful Fractal Expanding Hexagonal Spinning Spiral Star Toy For Office Desk Relax (2pcs Set)",2025-12-31T04:33:34.540+00:00,4600,2081,全托,美国,https://www.temu.com/search_result.html?search_key=605722976873584&search_method=user&region=211&regionCnName=%E7%BE%8E%E5%9B%BD,玩具与游戏
1776162853218,temu,606042851260453,https://img.kwcdn.com/product/fancy/132ea08a-dbeb-4773-b5f6-e53385c04664.jpg,"Harry Potter Daily Prophet Lenticular Poster with 3 Switching Magic Designs Suitable for Dorms/Living Rooms/Party Backdrops, Wizarding Newspaper Decor for Fans, Back to School Gift Idea for Harry Potter Collectors",2026-03-25T00:14:17.829+00:00,326,326,全托,美国,https://www.temu.com/search_result.html?search_key=606042851260453&search_method=user&region=211&regionCnName=%E7%BE%8E%E5%9B%BD,玩具与游戏
1776162853218,temu,606080901944697,https://img.kwcdn.com/product/fancy/2a897cc1-0190-459e-818b-723e8857dab2.jpg,20个预先填充的复活节彩蛋，带水豚软玩具 | 蛋壳内填充缓慢上升的软玩具，课堂奖励，复活节彩蛋寻找游戏，复活节派对礼物，男孩和女孩的礼物填充物 - 红色、黄色、绿色、紫色各种颜色混合,2026-01-21T03:09:53.664+00:00,1601,1329,全托,美国,https://www.temu.com/search_result.html?search_key=606080901944697&search_method=user&region=211&regionCnName=%E7%BE%8E%E5%9B%BD,玩具与游戏
1776162853218,temu,606284510283376,https://img.kwcdn.com/product/fancy/369ff9ed-f489-42f9-9387-621ee6fc5134.jpg,灵感霓虹神谕卡塔罗牌带电子指南书 初学者荧光主题占卜塔罗牌便携迷你版 万圣节圣诞节感恩节未来命运礼物,2026-02-10T05:26:37.290+00:00,463,415,全托,美国,https://www.temu.com/search_result.html?search_key=606284510283376&search_method=user&region=211&regionCnName=%E7%BE%8E%E5%9B%BD,玩具与游戏
1776162853218,temu,606334170854771,https://img.kwcdn.com/product/fancy/d01709dd-1cb6-4266-97e5-aaaaea9ed420.jpg,7/11PCS娃娃屋Dollhouse迷你时尚的眼镜模型摆件-鲜艳颜色DIY设计-美观装饰品-适用于娃娃屋装饰-娃娃屋配件-拍摄场景道具-微景观手工工艺品-模型收藏品-完美的节日礼物-颜色款式随机,2026-02-05T06:43:08.391+00:00,1383,755,全托,美国,https://www.temu.com/search_result.html?search_key=606334170854771&search_method=user&region=211&regionCnName=%E7%BE%8E%E5%9B%BD,玩具与游戏
1776162853218,temu,606509392083517,https://img.kwcdn.com/product/open/0867a445943e43d4a8a3bb7e09f3fc64-goods.jpeg,蛇蛋套裝可動關節人偶雕像，3D列印 - 可擺姿勢關節玩偶，隨機顏色，龍蛋，花園裝飾 - 桌面收藏擺件 - 節日生日禮物 - 聖誕節、萬聖節與復活節禮品，地區款,2026-03-19T16:32:09.154+00:00,926,600,全托,美国,https://www.temu.com/search_result.html?search_key=606509392083517&search_method=user&region=211&regionCnName=%E7%BE%8E%E5%9B%BD,玩具与游戏
1776162853218,temu,601103415726245,https://img.kwcdn.com/product/fancy/56247f8b-5d1c-4c45-9efe-281ca3e45b49.jpg,醉酒冒险之夜——成人情侣卡牌游戏，内含50张挑战卡片，打造浪漫欢乐游戏夜，加深亲密互动与欢声笑语，18岁以上适用，周年纪念、约会之夜、派对活动的完美选择,2026-02-06T08:37:33.251+00:00,1597,671,全托,美国,https://www.temu.com/search_result.html?search_key=601103415726245&search_method=user&region=211&regionCnName=%E7%BE%8E%E5%9B%BD,玩具与游戏
1776162853218,temu,605648855120119,https://img.kwcdn.com/product/open/7364016b75e74833b3d1677fb3f55279-goods.jpeg,1 皮克. 普莱博奇牌- 《猜字游戏》、《词汇单词拼写挑战桌游》、《猜字游戏》、《适合成年人的便携式书籍设计棋盘游戏》,2026-03-04T10:36:42.520+00:00,593,568,半托,美国,https://www.temu.com/search_result.html?search_key=605648855120119&search_method=user&region=211&regionCnName=%E7%BE%8E%E5%9B%BD,玩具与游戏
1776162853218,temu,605692341642594,https://img.kwcdn.com/product/fancy/877d9f2a-86f6-4a57-a194-21c541bc68e7.jpg,软弹枪升级版玩具套装（含120发子弹+12个弹夹+2个弹匣），泡沫手枪适用于户外运动射击游戏——炫酷连发玩具枪教育模型，用于户外射击游戏、万圣节及作为男女童生日礼物（黑色）,2026-02-05T02:42:58.946+00:00,1213,678,全托,美国,https://www.temu.com/search_result.html?search_key=605692341642594&search_method=user&region=211&regionCnName=%E7%BE%8E%E5%9B%BD,玩具与游戏
1776162853218,temu,605721802426618,https://img.kwcdn.com/product/open/07b967d19fcb403a93f62cc86361c3f6-goods.jpeg,5件套可擦写旅行棋盘，可擦写旅行，车载，可擦写，旅行，含猜字与井字棋 -便携式3.94x3.94英寸，适用于旅行、课堂、家庭教育、派对 - 可擦写表面，适合圣诞、新年、情人节及派对活动的家庭游戏夜满足11个节日中可以使用的产品,2026-03-23T02:46:05.952+00:00,982,570,全托,美国,https://www.temu.com/search_result.html?search_key=605721802426618&search_method=user&region=211&regionCnName=%E7%BE%8E%E5%9B%BD,玩具与游戏
1776162853218,temu,605914337788825,https://img.kwcdn.com/product/fancy/c4df690b-2219-4e98-8a87-7d5359715246.jpg,32/16片哥特复兴黑白国际象棋 | 科幻凯尔特编织艺术龙纹 - 哑光聚合物镂空几何结构桌面游戏，适合休闲玩耍,2026-03-01T03:57:54.869+00:00,875,737,全托,美国,https://www.temu.com/search_result.html?search_key=605914337788825&search_method=user&region=211&regionCnName=%E7%BE%8E%E5%9B%BD,玩具与游戏
1776162853218,temu,605994331528741,https://img.kwcdn.com/product/open/f4c2b2773b5b4aab996d4f95ab4b136f-goods.jpeg,"HefengCL Bee Suction Cup Toy Set - Multicolor (,) Stackable Suction Cup Stacking Game with Bee Characters, Parent-Child Interactive Brain Development Gift for,, & Girls - Bath, Car, Travel Toys",2026-02-03T13:56:46.353+00:00,558,339,全托,美国,https://www.temu.com/search_result.html?search_key=605994331528741&search_method=user&region=211&regionCnName=%E7%BE%8E%E5%9B%BD,玩具与游戏
1776162853218,temu,606048018634108,https://img.kwcdn.com/product/fancy/dd6a8061-c34d-4717-9d5f-31e0c939fabc.jpg,亲子互动射击游戏——鸭子狩猎玩具，提升手眼协调能力，趣味射击计分游戏，适合3岁以上亲子互动，采用安全材质制作,2026-01-25T08:44:52.485+00:00,2535,1214,全托,美国,https://www.temu.com/search_result.html?search_key=606048018634108&search_method=user&region=211&regionCnName=%E7%BE%8E%E5%9B%BD,玩具与游戏
1776162853218,temu,606187907054348,https://img.kwcdn.com/product/fancy/45d21703-d795-4f64-b8d8-f9728712f4db.jpg,"Infant Piano Gym with Animal Themes Available in Six Styles, Designed for Early Education And Cognitive Development, Featuring a Soft Play Mat for Boys And Girls with Adorable Animal Character Designs",2026-01-15T12:48:16.736+00:00,850,395,全托,美国,https://www.temu.com/search_result.html?search_key=606187907054348&search_method=user&region=211&regionCnName=%E7%BE%8E%E5%9B%BD,玩具与游戏
1776162853218,temu,606244177833704,https://img.kwcdn.com/product/open/bfe80fc3357f4bc78d05ffdc4e619c0c-goods.jpeg,1020件扭扭棒纯色加花杆，共有20种颜色可供选择，升级机密加厚毛条，数量足够，可适用多种项目，DIY手工工艺，适用于初学者,2026-03-04T08:41:49.441+00:00,2517,617,半托,美国,https://www.temu.com/search_result.html?search_key=606244177833704&search_method=user&region=211&regionCnName=%E7%BE%8E%E5%9B%BD,玩具与游戏
1776162853218,temu,606268739690719,https://img.kwcdn.com/product/fancy/b0fa228f-0036-4384-835e-68512b02ad8e.jpg,2/4件户外彩色充气沙滩球玩具 最适合作为沙滩 泳池 户外充气游戏 是夏日泳池最佳的玩具拍档,2026-03-29T15:00:55.705+00:00,333,333,全托,美国,https://www.temu.com/search_result.html?search_key=606268739690719&search_method=user&region=211&regionCnName=%E7%BE%8E%E5%9B%BD,玩具与游戏
1776162853218,temu,606305381123928,https://img.kwcdn.com/product/fancy/06718fa8-d2e9-49d1-ad5c-ff6396fd83b1.jpg,动漫三丽鸥凯蒂猫贴纸 卡通镂空贴纸 可爱猫咪闪光镭射贴纸 三丽鸥手账素材贴纸 粉丝礼物,2026-03-26T08:01:59.536+00:00,382,382,全托,美国,https://www.temu.com/search_result.html?search_key=606305381123928&search_method=user&region=211&regionCnName=%E7%BE%8E%E5%9B%BD,玩具与游戏
1776162853218,temu,606596298080194,https://img.kwcdn.com/product/open/9b0227c697d841d78900ab3eea016df4-goods.jpeg,2026年美利坚合众国独立250周年纪念奖章12枚套装 | 1776-2026重制版硬币，带塑料盒和鹰挑战币徽章，金色铁币,2026-01-03T01:38:40.397+00:00,2323,431,半托,美国,https://www.temu.com/search_result.html?search_key=606596298080194&search_method=user&region=211&regionCnName=%E7%BE%8E%E5%9B%BD,玩具与游戏
1776162853218,temu,601104541558516,https://img.kwcdn.com/product/open/ea6f05faa28d4d849d7a836646af45e5-goods.jpeg,50张海洋夏日水彩贴纸 - 自粘蓝色海岸风格装饰贴，适用于DIY笔记本电脑、行李箱、滑板、摩托车及旅行装饰，耐用艺术设计贴纸，持久牢固，手工爱好者的完美选择,2026-02-28T15:07:22.230+00:00,577,467,全托,美国,https://www.temu.com/search_result.html?search_key=601104541558516&search_method=user&region=211&regionCnName=%E7%BE%8E%E5%9B%BD,玩具与游戏
1776162853218,temu,601105704885466,https://img.kwcdn.com/product/fancy/5050e028-7f7f-4475-954d-162e2be874af.jpg,1pc麦芽糖流纹鸡蛋慢回弹创意儿童搞怪捏捏趣味,2026-03-29T04:42:05.098+00:00,1080,817,全托,美国,https://www.temu.com/search_result.html?search_key=601105704885466&search_method=user&region=211&regionCnName=%E7%BE%8E%E5%9B%BD,玩具与游戏
1776162853218,temu,602452904518060,https://img.kwcdn.com/local-goods-image/21a488cbd6/63084ba7-2b8b-42f8-b317-10a3fc8e3fe4_1500x1500.jpeg.format.jpg,40张随机复古棒球卡，内含3包随机旧式密封火漆包——新手收藏家之选,2026-01-28T18:09:38.366+00:00,3681,2019,半托,美国,https://www.temu.com/search_result.html?search_key=602452904518060&search_method=user&region=211&regionCnName=%E7%BE%8E%E5%9B%BD,玩具与游戏
1776162853218,temu,602947362596836,https://img.kwcdn.com/local-goods-image/212a0c35d4/c31c18aa-e050-4b13-8b94-e9f70e3c98b8_800x800.jpeg.format.jpg,2026 Topps Series 1 棒球节日罐装（鸡蛋）– 59 张卡片 + 独家变体,2026-03-02T14:04:12.369+00:00,764,622,半托,美国,https://www.temu.com/search_result.html?search_key=602947362596836&search_method=user&region=211&regionCnName=%E7%BE%8E%E5%9B%BD,玩具与游戏
1776162853218,temu,603157815994228,https://img.kwcdn.com/local-goods-image/212a0cd258/919829d8-b3e2-4889-9308-ed94802ecf90_1024x1024.png,"Pokémon Mystery Slab | Ultra or Double Rare Card in Slab | EX, V, VMAX, VSTAR | Includes 10 BONUS Holo Cards | Perfect Gift for Kids & Collectors",2026-03-03T19:18:45.275+00:00,932,771,半托,美国,https://www.temu.com/search_result.html?search_key=603157815994228&search_method=user&region=211&regionCnName=%E7%BE%8E%E5%9B%BD,玩具与游戏
1776162853218,temu,605689388848644,https://img.kwcdn.com/product/fancy/ce68c5ac-ae9e-4682-952d-fa974e75d1b5.jpg,八件套新奇趣味炫酷发射玩具,2026-01-24T05:25:50.676+00:00,1942,705,全托,美国,https://www.temu.com/search_result.html?search_key=605689388848644&search_method=user&region=211&regionCnName=%E7%BE%8E%E5%9B%BD,玩具与游戏
1776162853218,temu,606047548892996,https://img.kwcdn.com/product/fancy/eeaf6e32-b1e3-437e-9207-2ec298d875ce.jpg,1/2件装重型水上躺椅成人充气泳池浮床，，派对夏日海滩湖泊乐趣用吹气游泳筏,2026-03-16T04:32:08.234+00:00,350,350,半托,美国,https://www.temu.com/search_result.html?search_key=606047548892996&search_method=user&region=211&regionCnName=%E7%BE%8E%E5%9B%BD,玩具与游戏
1776162853218,temu,606285516911210,https://img.kwcdn.com/product/fancy/70611233-934b-4311-a80f-33243dcebcef.jpg,2件 60寸粉色堆叠爱心铝膜气球，印有“love you”和“MOM”的字样，适合母亲节派个装扮，生日、家庭聚会装饰，打造温馨且有趣的节日氛围。,2026-03-27T08:46:57.288+00:00,413,413,全托,美国,https://www.temu.com/search_result.html?search_key=606285516911210&search_method=user&region=211&regionCnName=%E7%BE%8E%E5%9B%BD,玩具与游戏
1776162853218,temu,606501943007990,https://img.kwcdn.com/product/fancy/aecf3f65-945b-401e-ad64-7a5d84650579.jpg,15件逼真假蟑螂 - 黑色和橙色塑胶昆虫道具，非电动派对装饰品，适合万圣节、圣诞节和恶作剧,2026-03-04T04:33:00.273+00:00,618,540,全托,美国,https://www.temu.com/search_result.html?search_key=606501943007990&search_method=user&region=211&regionCnName=%E7%BE%8E%E5%9B%BD,玩具与游戏
1776162853218,temu,605590067711092,https://img.kwcdn.com/product/fancy/829287e9-1c4e-4c2b-91a5-c5160683067d.jpg,"Nostalgic Lyric Showdown Featuring Legendary HIP-HOP & R&B Lyrics, Comprising 100 Cards And Guidelines. A Timeless Music-Themed Board Game Perfect for Festive Gatherings",2026-02-10T15:46:44.753+00:00,981,664,全托,美国,https://www.temu.com/search_result.html?search_key=605590067711092&search_method=user&region=211&regionCnName=%E7%BE%8E%E5%9B%BD,玩具与游戏
1776162853218,temu,605623018222830,https://img.kwcdn.com/product/fancy/4cd3993d-b6c0-4ef7-b8fd-ec4e85a4a3ea.jpg,"Colorful Fidget Spinner Toy - Gradient Colorful Metal Fidget Spinner with 6 Unique Designs, Relax Fidget Toy for Kids, Birthday Christmas Gift, Novelty Fidget Toy for Relax & Play, Fidget Spinner Toy, Playful Design, Durable Construction",2026-03-26T13:19:30.689+00:00,685,510,全托,美国,https://www.temu.com/search_result.html?search_key=605623018222830&search_method=user&region=211&regionCnName=%E7%BE%8E%E5%9B%BD,玩具与游戏
1776162853218,temu,605624964340390,https://img.kwcdn.com/product/fancy/abf90836-4c58-4c80-84bf-cc4e3483c123.jpg,可爱塔巴猫挤压玩具、桌面摆件、派对礼物、办公室装饰、班级奖品、节日礼品、课堂奖励、返校季礼物、儿童礼品、感官玩具、圣诞小礼物、派对赠品、圣诞节/情人节/感恩节/复活节/圣诞佳节的完美赠礼,2026-01-27T07:53:36.309+00:00,1455,739,全托,美国,https://www.temu.com/search_result.html?search_key=605624964340390&search_method=user&region=211&regionCnName=%E7%BE%8E%E5%9B%BD,玩具与游戏
1776162853218,temu,605673014305290,https://img.kwcdn.com/product/fancy/967af0f9-cecf-4767-bcf6-cf6c6a380483.jpg,1个可爱蓬松贴纸 | 超萌3D奖励贴纸，水瓶装饰贴纸，手机壳贴纸，笔记本贴纸，相册贴纸 | 混色，光面，自粘，一次性使用，聚氯乙烯材质,2026-02-22T05:00:57.957+00:00,1464,354,全托,美国,https://www.temu.com/search_result.html?search_key=605673014305290&search_method=user&region=211&regionCnName=%E7%BE%8E%E5%9B%BD,玩具与游戏
1776162853218,temu,605817969428470,https://img.kwcdn.com/product/open/732a967b9d8741b7a5f3647e41b7657f-goods.jpeg,巨型草莓配饰猫爪TABA挤压玩具，儿童感官解压玩具，新奇玩具触感柔软回弹缓慢，生日与节日聚会的完美派对礼物，高品质平价儿童玩具,2026-02-05T06:31:46.143+00:00,672,552,全托,美国,https://www.temu.com/search_result.html?search_key=605817969428470&search_method=user&region=211&regionCnName=%E7%BE%8E%E5%9B%BD,玩具与游戏
1776162853218,temu,605856892596861,https://img.kwcdn.com/product/fancy/69573f21-b4df-4637-85b2-1b0e07f6998f.jpg,可爱幻彩小熊，慢回弹高弹性，拉扯不变形，适合办公室桌面玩具，挤压玩具，生日礼物，派对礼物,2026-01-25T11:58:50.526+00:00,4902,4146,全托,美国,https://www.temu.com/search_result.html?search_key=605856892596861&search_method=user&region=211&regionCnName=%E7%BE%8E%E5%9B%BD,玩具与游戏
1776162853218,temu,605990304997247,https://img.kwcdn.com/product/fancy/548c6770-af17-45dc-a4ad-735d5dc7474f.jpg,"Set of 6 Animal Basketball Bath Toys | Blue Plastic, Perfect for Bath Time And Beach Fun, Great Gift for Valentine'S Day Or Birthdays",2026-02-02T20:31:53.182+00:00,3500,872,全托,美国,https://www.temu.com/search_result.html?search_key=605990304997247&search_method=user&region=211&regionCnName=%E7%BE%8E%E5%9B%BD,玩具与游戏
1776162853218,temu,606061440396396,https://img.kwcdn.com/product/fancy/c8576581-ac80-4e13-b93e-6a6b63828d68.jpg,1个胖嘟嘟海豹压压乐玩具 | 新奇TPR玩具，适用于办公室、教室奖励、节日派个用品，适用于情人节、万圣节、感恩节、圣诞节、生日礼物 - HefengCL混合颜色,2026-03-25T01:03:58.887+00:00,581,510,全托,美国,https://www.temu.com/search_result.html?search_key=606061440396396&search_method=user&region=211&regionCnName=%E7%BE%8E%E5%9B%BD,玩具与游戏
1776162853218,temu,606097410742798,https://img.kwcdn.com/product/fancy/7ba043bd-9ca2-47d6-b03b-4e1f9c079394.jpg,液晶手写板8.2寸 涂鸦板 画板 亲子互动 万圣节 圣诞节 孩子的完美返校礼物送朋友送亲戚的礼物,2026-01-17T14:19:59.729+00:00,2361,1045,半托,美国,https://www.temu.com/search_result.html?search_key=606097410742798&search_method=user&region=211&regionCnName=%E7%BE%8E%E5%9B%BD,玩具与游戏
1776162853218,temu,606374704557731,https://img.kwcdn.com/product/open/e12b2e7f955b4416a01aa281bee05dcf-goods.jpeg,阻止他逃脱！玩家合作卡牌游戏，策略桌游，内含69张卡牌，适合派对互动游戏、家庭聚会游戏之夜，便携尺寸适合旅行休闲，绝佳礼物,2026-02-07T03:15:49.603+00:00,717,538,全托,美国,https://www.temu.com/search_result.html?search_key=606374704557731&search_method=user&region=211&regionCnName=%E7%BE%8E%E5%9B%BD,玩具与游戏
1776162853218,temu,606407923498755,https://img.kwcdn.com/product/fancy/47b60651-766f-475a-89ce-5ae450b11634.jpg,2/3个波点沙滩球，可充气PVC水上游戏球，多彩条纹球，户外泳池沙滩派对装饰充气球，适用于户外活动。趣味沙滩玩具球，派对与生日礼品套装，学校奖品，以及户外夏日活动的趣味玩具,2026-03-28T07:52:03.769+00:00,374,374,全托,美国,https://www.temu.com/search_result.html?search_key=606407923498755&search_method=user&region=211&regionCnName=%E7%BE%8E%E5%9B%BD,玩具与游戏
1776162853218,temu,601103582861997,https://img.kwcdn.com/product/open/cdd8366de2fd4382b97f10e1958d6763-goods.jpeg,"Bubble Bottles Available in Packs of 6, 12, 24, Or 36 (4Oz Solution), Perfect for Children Aged 3 And Up. These Bubble Solutions Come with Wands And Are Ideal As for Party Favors Or Summer Outdoor Toys for",2026-02-07T03:36:33.821+00:00,865,511,半托,美国,https://www.temu.com/search_result.html?search_key=601103582861997&search_method=user&region=211&regionCnName=%E7%BE%8E%E5%9B%BD,玩具与游戏
1776162853218,temu,605507456734442,https://img.kwcdn.com/product/open/b864bec0ae834f9e9172b08b4aa0e6e2-goods.jpeg,10枚亚克力美国250周年纪念币 - 1776 - 2026周年纪念币 ，采用双重历史图案，250年历史纪念礼品,2026-03-19T18:46:26.969+00:00,622,480,半托,美国,https://www.temu.com/search_result.html?search_key=605507456734442&search_method=user&region=211&regionCnName=%E7%BE%8E%E5%9B%BD,玩具与游戏
1776162853218,temu,605715024425299,https://img.kwcdn.com/product/fancy/c6d2868e-146e-4f16-9673-e96fcece1ab4.jpg,红蓝创意发光双剑玩具，互为刀鞘，双剑组合，PC材质安全无开刃，甩动伸长、LED酷炫灯光，角色扮演和收藏玩具，男孩、女孩喜爱的刀剑玩具，新年礼物,2026-02-03T07:34:05.530+00:00,1683,753,全托,美国,https://www.temu.com/search_result.html?search_key=605715024425299&search_method=user&region=211&regionCnName=%E7%BE%8E%E5%9B%BD,玩具与游戏
1776162853218,temu,605746028716056,https://img.kwcdn.com/product/fancy/64fc6078-a207-495a-a056-2386d7a01703.jpg,3D打印九尾狐，多关节可动，幻想远古生物，幻想生物爱好者必备收藏，桌面摆件模型，适合当作各种节日礼物,2026-02-04T06:32:48.421+00:00,938,436,全托,美国,https://www.temu.com/search_result.html?search_key=605746028716056&search_method=user&region=211&regionCnName=%E7%BE%8E%E5%9B%BD,玩具与游戏
1776162853218,temu,605882326821775,https://img.kwcdn.com/product/fancy/6b34359b-0e97-40f0-a345-d89c9caeac70.jpg,一件幸运护身符硬币与挑战令牌——多功能高尔夫标记器，扑克牌托架，适用于扑克之夜、高尔夫球场，男士礼品，锦标赛与纸牌游戏专用硬币,2026-02-27T17:56:06.292+00:00,402,402,半托,美国,https://www.temu.com/search_result.html?search_key=605882326821775&search_method=user&region=211&regionCnName=%E7%BE%8E%E5%9B%BD,玩具与游戏
1776162853218,temu,605898231647721,https://img.kwcdn.com/product/open/70d2b42fc86043f0aea5bfe1d1f19a66-goods.jpeg,1PC返校季酷炫礼物毛绒玩偶，动物造型毛绒玩具，有大象/蚂蚁/兔子三种不同款式可选择的毛绒公仔，Toys for Boys and Girls，Cooltoys favors for kids,2026-02-06T09:58:25.733+00:00,698,426,全托,美国,https://www.temu.com/search_result.html?search_key=605898231647721&search_method=user&region=211&regionCnName=%E7%BE%8E%E5%9B%BD,玩具与游戏
1776162853218,temu,606124858304170,https://img.kwcdn.com/product/fancy/920bc385-be4c-4c4a-974b-a9a3d456fd81.jpg,2件装巨型泡泡球，透明 TPR 水充泡泡球，耐用且易于充气，巨型充气水球 沙滩球 庭院游戏 软胶水球，充气道具，防漏设计，庭院、海滩及户外娱乐无需电费，适合家庭聚会和水上活动,2026-04-06T04:25:13.027+00:00,485,480,全托,美国,https://www.temu.com/search_result.html?search_key=606124858304170&search_method=user&region=211&regionCnName=%E7%BE%8E%E5%9B%BD,玩具与游戏
1776162853218,temu,606248539946510,https://img.kwcdn.com/product/open/7d92f054546a462b933a9a341aae7c19-goods.jpeg,1个大型30厘米（11.8英寸）可动关节龙模型+1个OPP袋 - 灵活TPU可摆姿势龙模型，带可动腿、手臂、颈部 - 万圣节用鲜艳紫色/粉色/绿色/蓝色/粉色,2026-01-27T12:12:41.868+00:00,1620,530,半托,美国,https://www.temu.com/search_result.html?search_key=606248539946510&search_method=user&region=211&regionCnName=%E7%BE%8E%E5%9B%BD,玩具与游戏
1776162853218,temu,606288335442298,https://img.kwcdn.com/product/fancy/cf06cad6-83f7-4919-a421-0c99a05da694.jpg,250周年庆典自由鹰扑克牌，1776-2026纪念扑克牌，标准尺寸高级扑克牌，游戏之夜和情怀收藏家的收藏纪念品,2026-03-31T06:04:15.496+00:00,494,480,半托,美国,https://www.temu.com/search_result.html?search_key=606288335442298&search_method=user&region=211&regionCnName=%E7%BE%8E%E5%9B%BD,玩具与游戏
1776162853218,temu,606366047557126,https://img.kwcdn.com/product/open/a74d11ca4af345d091267d13ddf8eed2-goods.jpeg,6pcs 复刻币《无上之爱复活》纪念币 - 收藏级宗教纪念币，适合展示，可作为基督徒礼物、教会历史纪念品 - 基于历史原型的复刻品,2026-03-05T02:19:53.954+00:00,390,315,半托,美国,https://www.temu.com/search_result.html?search_key=606366047557126&search_method=user&region=211&regionCnName=%E7%BE%8E%E5%9B%BD,玩具与游戏
1776162853218,temu,606409064301549,https://img.kwcdn.com/product/fancy/1d9b3a62-60aa-4c2b-841c-7b005d67d44a.jpg,"1/12 Scale Fitness Equipment Mini Model, Dollhouse Scene Decoration Model, Treadmill, Weightlifting Set, Miniature Gym, Weight Bench Press Barbell Model, Dollhouse Decor, Photography Props",2026-02-12T08:30:35.040+00:00,677,481,全托,美国,https://www.temu.com/search_result.html?search_key=606409064301549&search_method=user&region=211&regionCnName=%E7%BE%8E%E5%9B%BD,玩具与游戏
1776162853218,temu,606416580510376,https://img.kwcdn.com/product/open/7980ec19cd704eac9b0593c23d528ac5-goods.jpeg,"56pcs 250th Anniversary of the United States Stickers | High Quality, Glossy Paper, Self-Adhesive, Perfect for Decorating Phone, Laptop, Tablet, Water Bottles, Scrapbook, Journaling, Car, Handmade Card, Art & Crafts, Gift Bags, Envelope Seals",2026-03-06T23:44:57.093+00:00,418,406,全托,美国,https://www.temu.com/search_result.html?search_key=606416580510376&search_method=user&region=211&regionCnName=%E7%BE%8E%E5%9B%BD,玩具与游戏
1776162853218,temu,606480333951459,https://img.kwcdn.com/product/fancy/71108ca0-1480-4365-8953-3ac46767559c.jpg,玉米洞游戏套装 红色/蓝色游戏板+6个豆袋+1个便携包，室内外通用，适合儿童成人/露营旅行/派对聚会/沙滩庭院娱乐 圣诞节礼物 万圣节礼物 派对用品,2026-01-30T23:07:09.141+00:00,353,340,半托,美国,https://www.temu.com/search_result.html?search_key=606480333951459&search_method=user&region=211&regionCnName=%E7%BE%8E%E5%9B%BD,玩具与游戏
1776162853218,temu,606498587551422,https://img.kwcdn.com/product/fancy/dee003a8-3814-47ad-b029-3fdddf2baf3c.jpg,"30cm/11.81in Furry Cat Plush Toy Sanhua Cat, Siamese Cat, Grey Cat Doll Soft Stuffed Animal Kitten Doll Perfect for Halloween, Easter, Christmas & Birthday Gifts",2026-03-15T20:58:44.449+00:00,577,480,全托,美国,https://www.temu.com/search_result.html?search_key=606498587551422&search_method=user&region=211&regionCnName=%E7%BE%8E%E5%9B%BD,玩具与游戏
1776162853218,temu,606548113853833,https://img.kwcdn.com/product/fancy/23f7258e-45b8-42ed-8000-d2709019a765.jpg,"X世代耐用者纪念币 3D立体浮雕硬币 世代纪念币- The Badass Generation- 双面复古骷髅挑战硬币- X 世代致敬装备, 适合男士和女士的坚固复古礼物 | 双面精致设计 铁质材料",2026-02-02T16:07:23.368+00:00,2912,1234,全托,美国,https://www.temu.com/search_result.html?search_key=606548113853833&search_method=user&region=211&regionCnName=%E7%BE%8E%E5%9B%BD,玩具与游戏
1776162853218,temu,601105813204187,https://img.kwcdn.com/product/open/32ed28d3c43a4a49954aeb5d51cbedf5-goods.jpeg,双面动力旋转锥体2件套——3D打印螺旋新奇桌面玩具，旋转玩具益智开发螺旋三维结构指尖饰品双色，漩涡玩具万圣节、圣诞节、感恩节完美礼物,2026-02-06T13:21:58.936+00:00,1081,601,全托,美国,https://www.temu.com/search_result.html?search_key=601105813204187&search_method=user&region=211&regionCnName=%E7%BE%8E%E5%9B%BD,玩具与游戏
1776162853218,temu,605545239052105,https://img.kwcdn.com/product/fancy/c227b0ba-8445-4ed5-a5d0-6390a2cfc216.jpg,1/2件恶作剧创意双面反水枪，3种颜色可供选择，理想的恶作剧发布玩具为愚人节和复活节,2026-03-25T12:45:45.115+00:00,399,399,全托,美国,https://www.temu.com/search_result.html?search_key=605545239052105&search_method=user&region=211&regionCnName=%E7%BE%8E%E5%9B%BD,玩具与游戏
1776162853218,temu,605990573464560,https://img.kwcdn.com/product/fancy/1ed7ef86-a9be-4cfa-935f-3df319912c1f.jpg,13/26/39件儿童派个礼包的平衡滚珠迷宫玩具礼物包，聚会和/学堂的礼物手眼协调性训练，卡通图案，色彩丰富，适合给小朋友的小礼物，生日礼物，派个礼物，复活节/万圣节/圣诞节的礼物,2026-01-21T01:17:29.559+00:00,1324,301,全托,美国,https://www.temu.com/search_result.html?search_key=605990573464560&search_method=user&region=211&regionCnName=%E7%BE%8E%E5%9B%BD,玩具与游戏
1776162853218,temu,606089626109015,https://img.kwcdn.com/product/fancy/22a4dbc0-8fe4-4f55-81e2-545bd1f37a16.jpg,"1200pcs Giraffe Cartoon Building Blocks Animal Toy Set, Suitable for Use as Creative Desk or Room Decorations, Birthday Gifts, No Batteries Required, Handicraft Kit, Suitable for Party Games, and as Gifts for Halloween, Christmas, and New Year",2026-03-06T14:21:40.669+00:00,610,450,全托,美国,https://www.temu.com/search_result.html?search_key=606089626109015&search_method=user&region=211&regionCnName=%E7%BE%8E%E5%9B%BD,玩具与游戏
1776162853218,temu,606179820406780,https://img.kwcdn.com/product/open/268ec6d726d74f06a84e2258f639d71d-goods.jpeg,逼真三明治饼干玩具 | TPR材质，混色，女孩男孩皆可，非常适合复活节、情人节、生日、课堂奖励 - 合丰CL,2026-02-02T17:11:54.637+00:00,341,321,全托,美国,https://www.temu.com/search_result.html?search_key=606179820406780&search_method=user&region=211&regionCnName=%E7%BE%8E%E5%9B%BD,玩具与游戏
1776162853218,temu,606214448587241,https://img.kwcdn.com/product/fancy/0b612a37-8af6-4bdd-a3d9-8aae7c8ca6d5.jpg,木制形状组合匹配儿童益智玩具 农场动物捉虫几何数字游戏车 教育积木玩具 儿童复活节生日开学季礼物,2026-01-30T15:43:33.010+00:00,790,592,半托,美国,https://www.temu.com/search_result.html?search_key=606214448587241&search_method=user&region=211&regionCnName=%E7%BE%8E%E5%9B%BD,玩具与游戏
1776162853218,temu,606254982359169,https://img.kwcdn.com/product/fancy/6013f9b6-57d0-46f9-a38c-8ad7a18eac3c.jpg,户外沙包投掷体育运动游戏,2026-02-13T06:37:08.169+00:00,708,471,全托,美国,https://www.temu.com/search_result.html?search_key=606254982359169&search_method=user&region=211&regionCnName=%E7%BE%8E%E5%9B%BD,玩具与游戏
1776162856515,temu,606522545434806,https://img.kwcdn.com/product/fancy/4165139a-0edc-41d3-ade0-d8e59296a67b.jpg,"New Bubble Machine Toy for Kids, Produces 15000+ Bubbles Per Minute, with LED Lights and Portable Design, Suitable for Boys and Girls Ages 3+, Ideal for Weddings and Birthday Parties",2026-03-03T01:20:44.681+00:00,531,457,全托,美国,https://www.temu.com/search_result.html?search_key=606522545434806&search_method=user&region=211&regionCnName=%E7%BE%8E%E5%9B%BD,玩具与游戏
1776162856515,temu,605518932341121,https://img.kwcdn.com/product/fancy/f19a6ec0-08bf-4951-97b2-47c98043973d.jpg,2合1变形车积木模型套装 ABS环保材质 红蓝色积木 桌面的完美装饰 送家人朋友的完美礼物 无需电池 不带电的积木,2026-02-06T03:50:34.317+00:00,643,553,全托,美国,https://www.temu.com/search_result.html?search_key=605518932341121&search_method=user&region=211&regionCnName=%E7%BE%8E%E5%9B%BD,玩具与游戏
1776162856515,temu,605612347888567,https://img.kwcdn.com/product/fancy/bbfb8631-cdea-45af-9f9f-881d1f2da64e.jpg,"2pcs Strawberry Mochi Balls. Slowly Rebound Squeeze Ball-Shaped Toys. The Best Toys for Office, School, And Home. Best Gifts to Give Relatives, Friends, And Loved Ones on Halloween, Christmas, Thanksgiving, Easter, Valentine'S Day, And New Year",2026-02-05T05:31:19.052+00:00,870,828,全托,美国,https://www.temu.com/search_result.html?search_key=605612347888567&search_method=user&region=211&regionCnName=%E7%BE%8E%E5%9B%BD,玩具与游戏
1776162856515,temu,605618857416057,https://img.kwcdn.com/product/fancy/4a9b7f15-8aad-42af-9367-a706afd00deb.jpg,全新3D卡通摆件，仿真方块，立体捏捏玩具，尽情放松身心，海洋立方体挤压乐趣，天蓝色挤压放松玩具，新奇挤压玩具，慢回弹麦芽玩具，挤压乐趣玩具，可爱柔软，减压立方体，慢回弹软压力球，柔软舒适触感，办公室玩具,2026-04-13T10:05:05.173+00:00,374,374,全托,美国,https://www.temu.com/search_result.html?search_key=605618857416057&search_method=user&region=211&regionCnName=%E7%BE%8E%E5%9B%BD,玩具与游戏
1776162856515,temu,605712742776511,https://img.kwcdn.com/product/20237f049c/2db4c2db-f7c6-4716-b945-3b6c964065c8_800x800.jpeg,可爱章鱼捏捏挤压玩具，TABA水母挤压玩具，三色可选，办公室玩具，完美的圣诞礼物袋填充物，派对礼物，课堂奖励，节日礼品,2026-01-30T03:18:08.584+00:00,3307,1200,全托,美国,https://www.temu.com/search_result.html?search_key=605712742776511&search_method=user&region=211&regionCnName=%E7%BE%8E%E5%9B%BD,玩具与游戏
1776162856515,temu,605730727938104,https://img.kwcdn.com/product/fancy/85c3d9f2-5881-471f-b9cd-166280e90e84.jpg,斯塔洛3件套迷你可爱猫咪与鱼缸摆件，迷你树脂桌面装饰，创意娃娃屋装饰品,2026-02-21T14:59:03.815+00:00,382,304,全托,美国,https://www.temu.com/search_result.html?search_key=605730727938104&search_method=user&region=211&regionCnName=%E7%BE%8E%E5%9B%BD,玩具与游戏
1776162856515,temu,605752471200075,https://img.kwcdn.com/product/open/3a25e1aa49684d33bf1fe51192e99f26-goods.jpeg,K-POP填色书（含动漫与K-POP角色）、K-POP填色书、漫画书、K-POP主题角色素描本、绘画练习手册、成人艺术绘画书、描摹本、创意涂色本、生日礼物、复活节礼物,2026-01-26T15:06:29.827+00:00,407,306,全托,美国,https://www.temu.com/search_result.html?search_key=605752471200075&search_method=user&region=211&regionCnName=%E7%BE%8E%E5%9B%BD,玩具与游戏
1776162856515,temu,605831726737706,https://img.kwcdn.com/product/open/baf8250d6687475f8f549cb647b98ee9-goods.jpeg,3D打印螺旋塔解压指尖玩具——八角螺旋楼梯指尖小工具带手柄，多彩感官桌面玩具，缓解焦虑与提升专注力，3D打印几何桌面螺旋解压神器,2026-03-24T03:12:33.199+00:00,597,420,半托,美国,https://www.temu.com/search_result.html?search_key=605831726737706&search_method=user&region=211&regionCnName=%E7%BE%8E%E5%9B%BD,玩具与游戏
1776162856515,temu,606051776724255,https://img.kwcdn.com/product/fancy/170b8c11-9469-4479-82b1-a67266bb8760.jpg,12/24个迷你蝾螈捏捏派对玩具套装 - 柔软迷你慢回弹玩具，可爱动物慢回弹玩具，生日儿童派对玩具套装，孙辈圣诞礼物，圣诞袜填充物，适合作为男孩女孩的礼物，多种慢回弹玩具用于课堂奖励，派对随机款式，复活节/万圣节/圣诞节礼物,2026-01-19T15:24:01.836+00:00,1223,539,全托,美国,https://www.temu.com/search_result.html?search_key=606051776724255&search_method=user&region=211&regionCnName=%E7%BE%8E%E5%9B%BD,玩具与游戏
1776162856515,temu,606071573831470,https://img.kwcdn.com/product/fancy/2fffca5f-1a8a-48d2-b808-12a5e71f583b.jpg,带指南的正版塔罗牌套装 - 78张传统塔罗牌，用于预测未来、占卜和精神洞察,2026-03-23T12:07:06.562+00:00,646,420,全托,美国,https://www.temu.com/search_result.html?search_key=606071573831470&search_method=user&region=211&regionCnName=%E7%BE%8E%E5%9B%BD,玩具与游戏
1776162856515,temu,606114590608330,https://img.kwcdn.com/product/fancy/7064684d-3a10-4c86-8f71-29554189a0da.jpg,成人加厚免充气浮力折叠水椅——适用于湖泊、泳池或海滩的快速折叠躺椅，稳固浮力底座无需打气泵，便携设计适合12种场景，轻巧便携专为成人及青少年设计,2026-01-25T11:52:20.011+00:00,780,386,全托,美国,https://www.temu.com/search_result.html?search_key=606114590608330&search_method=user&region=211&regionCnName=%E7%BE%8E%E5%9B%BD,玩具与游戏
1776162856515,temu,606140897319190,https://img.kwcdn.com/product/fancy/f325ee3b-953f-4218-85ec-9c0b50ca5a71.jpg,DEEPLAN三合一EDC触感滑动口袋配件，紧凑金属桌面摆件，采用顺滑旋转设计，便携日常携带工具，适用于办公桌、居家、旅行、候补时段使用，是馈赠亲友同事的理想礼品之选,2026-01-19T14:07:46.642+00:00,1264,425,全托,美国,https://www.temu.com/search_result.html?search_key=606140897319190&search_method=user&region=211&regionCnName=%E7%BE%8E%E5%9B%BD,玩具与游戏
1776162856515,temu,606181900825954,https://img.kwcdn.com/product/fancy/ec7e849a-0c1d-477f-966d-e8788f6a275e.jpg,粉红色/蓝色高容量自动水枪-远距离、耐用的玩具，带有双弹匣，符合人体工学的握把，非常适合夏季泳池和户外娱乐，玩具枪,2026-03-14T03:50:00.379+00:00,864,820,半托,美国,https://www.temu.com/search_result.html?search_key=606181900825954&search_method=user&region=211&regionCnName=%E7%BE%8E%E5%9B%BD,玩具与游戏
1776162856515,temu,606471341335811,https://img.kwcdn.com/product/fancy/7b1c101c-ab5d-4c18-be7d-1237f7046652.jpg,"飞机弹射玩具套装(3件装)一一发射与追逐泡沫滑翔机, 适合户外探险的精彩礼物适用于3至12岁儿童",2026-02-06T09:36:19.750+00:00,1209,913,半托,美国,https://www.temu.com/search_result.html?search_key=606471341335811&search_method=user&region=211&regionCnName=%E7%BE%8E%E5%9B%BD,玩具与游戏
1776162856515,temu,606558717102814,https://img.kwcdn.com/product/open/9263ed6d419a4a409a469fa9051536a5-goods.jpeg,20只彩色亮丽蝴蝶戒指，PVC软胶玩具，适合儿童派对礼品、生日礼物、圣诞礼物、课堂宝藏盒玩具、男女童玩具、儿童礼品袋填充物、派对彩蛋填充物、派对礼品、批量礼品、男孩玩具、女孩玩具，万圣节、复活节、嘉年华、感恩节理想礼物（随机发货）,2026-02-07T07:33:09.137+00:00,845,417,全托,美国,https://www.temu.com/search_result.html?search_key=606558717102814&search_method=user&region=211&regionCnName=%E7%BE%8E%E5%9B%BD,玩具与游戏
1776162856515,temu,605559734524432,https://img.kwcdn.com/product/fancy/195d6430-809f-4ee6-9455-b52c49b809e4.jpg,"Rubber TCG Playmat Compatible for EDH Card Zones Suitable for TCG/CCG Trading Card Game with Storage Pouch, Stitched Edges & Non-Slip Base - Right/Left-Handed Layout, Gift for Teens &, Card Game Accessory for Tabletop Gaming",2026-02-22T09:32:34.650+00:00,803,415,全托,美国,https://www.temu.com/search_result.html?search_key=605559734524432&search_method=user&region=211&regionCnName=%E7%BE%8E%E5%9B%BD,玩具与游戏
1776162856515,temu,605940845782037,https://img.kwcdn.com/product/fancy/34fa68ef-1462-4cf2-a25f-0fe9f2e612b8.jpg,1PC圆形挑拣垫 - 皮肤抠抓焦虑症与拔毛癖专用解压玩具，自闭症及压力缓解感官抠垫，硅胶抠垫附镊子,2026-03-30T04:56:01.588+00:00,690,390,全托,美国,https://www.temu.com/search_result.html?search_key=605940845782037&search_method=user&region=211&regionCnName=%E7%BE%8E%E5%9B%BD,玩具与游戏
1776162856515,temu,606184853601871,https://img.kwcdn.com/product/fancy/bbe71eb2-147b-4271-b7da-c7ed859e0191.jpg,1副加厚耐磨成人扑克牌 - 家庭、露营、旅行、聚会适用纸质扑克 - 持久耐用，适用于锦标赛与休闲娱乐,2026-02-15T14:02:40.268+00:00,3858,3484,全托,美国,https://www.temu.com/search_result.html?search_key=606184853601871&search_method=user&region=211&regionCnName=%E7%BE%8E%E5%9B%BD,玩具与游戏
1776162856515,temu,606187470853954,https://img.kwcdn.com/product/fancy/1020e529-db91-47e6-8d84-8638ad1715d5.jpg,柴犬骨宠物玩具 | 柔软耐咬，小型犬适用，卡通图案，聚氯乙烯材质，无需电池,2026-01-19T08:48:08.997+00:00,914,407,全托,美国,https://www.temu.com/search_result.html?search_key=606187470853954&search_method=user&region=211&regionCnName=%E7%BE%8E%E5%9B%BD,玩具与游戏
1776162856515,temu,606243104116822,https://img.kwcdn.com/product/open/0b01dec184c84679b434b67b25e48578-goods.jpeg,10pcs收藏盒银币收纳盒 | 40毫米硬币收纳盒，硬币收藏收纳容器,2026-03-22T04:03:38.616+00:00,476,390,全托,美国,https://www.temu.com/search_result.html?search_key=606243104116822&search_method=user&region=211&regionCnName=%E7%BE%8E%E5%9B%BD,玩具与游戏
1776162856515,temu,606490937135743,https://img.kwcdn.com/product/open/54fa1658aba34681a593619cebe0d6ee-goods.jpeg,母亲节适用5张装波波气球贴纸——多色预裁字母数字，气球DIY装饰贴，派对布置，母亲节礼物优选，适用于迎婴派对、庆典活动（纸质材质）,2026-03-19T10:45:27.332+00:00,471,390,全托,美国,https://www.temu.com/search_result.html?search_key=606490937135743&search_method=user&region=211&regionCnName=%E7%BE%8E%E5%9B%BD,玩具与游戏
1776162856515,temu,606558314452418,https://img.kwcdn.com/product/open/beda58b1654e43f19ae86159bd389b57-goods.jpeg,"1:18 Formula Racing Car Building Blocks Set | Large ABS Construction Blocks, Ideal for Christmas, Halloween, Valentine's, New Year, Birthday Gifts, Enhances Manual Skills, Decorative Home Office Ornament",2026-02-14T16:04:38.513+00:00,931,384,全托,美国,https://www.temu.com/search_result.html?search_key=606558314452418&search_method=user&region=211&regionCnName=%E7%BE%8E%E5%9B%BD,玩具与游戏
1776162856515,temu,601101595185613,https://img.kwcdn.com/product/fancy/298bf509-4e6b-43a6-aeab-c9ae6217537f.jpg,6件套18英寸篮球气球派对用品铝箔气球运动主题生日派对装饰品,2025-12-20T03:59:04.157+00:00,4814,385,半托,美国,https://www.temu.com/search_result.html?search_key=601101595185613&search_method=user&region=211&regionCnName=%E7%BE%8E%E5%9B%BD,玩具与游戏
1776162856515,temu,601105412760051,https://img.kwcdn.com/product/fancy/e3b4e0b1-7142-4fba-bb62-6fed888b5b0b.jpg,指尖滑板，日常携带扑克推压解压玩具，猫爪推卡感官玩具，适用于焦虑症、多动症、自闭症，成人青少年炫酷小工具，红色款,2026-03-27T05:31:53.857+00:00,592,360,全托,美国,https://www.temu.com/search_result.html?search_key=601105412760051&search_method=user&region=211&regionCnName=%E7%BE%8E%E5%9B%BD,玩具与游戏
1776162856515,temu,601105649127797,https://img.kwcdn.com/product/fancy/1304ca66-c62d-450e-8619-3b8bb9e763e8.jpg,"Book Flower Building Blocks, Miniature Building Blocks, Simulated Floral Building Blocks, Book Block Models, Building Block Ornament Toys, Roses, Chrysanthemums, Tulips, Osmanthus, Daisies, Sunflowers, Jasmine, ABS Material, Floral Theme, Desktop",2026-02-18T02:22:54.512+00:00,884,509,全托,美国,https://www.temu.com/search_result.html?search_key=601105649127797&search_method=user&region=211&regionCnName=%E7%BE%8E%E5%9B%BD,玩具与游戏
1776162856515,temu,601105745673200,https://img.kwcdn.com/product/fancy/21855a5d-974c-49b7-a6b0-634864bdb464.jpg,6个2.48英寸橘色篮球玩具、派对游戏礼品、有趣的弹跳球、塑料减压弹性球、办公玩具，体育教学用品、学校学生奖品,2026-01-21T02:39:09.763+00:00,886,542,全托,美国,https://www.temu.com/search_result.html?search_key=601105745673200&search_method=user&region=211&regionCnName=%E7%BE%8E%E5%9B%BD,玩具与游戏
1776162856515,temu,605550339264720,https://img.kwcdn.com/product/open/7a8c44511a1d48d3aaec6703542c6921-goods.jpeg,10支装星星造型迷你泡泡棒，无需液体，儿童派对小礼物，课堂宝藏盒玩具，课堂奖品，复活节篮子填充物，男女童通用玩具，儿童礼品袋填充物，儿童生日礼物，皮纳塔填充物派对小礼品，派对小礼品，户外玩具，批量礼品，男童玩具，女童玩具，圣诞礼物，万圣节、复活节、嘉年华、感恩节理想赠礼（随机款式）,2026-02-10T07:34:38.862+00:00,2309,1564,全托,美国,https://www.temu.com/search_result.html?search_key=605550339264720&search_method=user&region=211&regionCnName=%E7%BE%8E%E5%9B%BD,玩具与游戏
1776162856515,temu,605582283103377,https://img.kwcdn.com/product/fancy/c32ed276-21cd-44ce-9486-e85e21488ac0.jpg,6/12/18/24个装多件派对礼品包 | 预先填充的复活节彩蛋，带有软软的玩具，填充了复活节篮里的玩具，合成橡胶，男孩和女孩混合颜色,2026-03-06T17:29:09.509+00:00,441,360,全托,美国,https://www.temu.com/search_result.html?search_key=605582283103377&search_method=user&region=211&regionCnName=%E7%BE%8E%E5%9B%BD,玩具与游戏
1776162856515,temu,605590067735529,https://img.kwcdn.com/product/fancy/015c2c43-04c3-479f-922b-95b7e1a4f2dc.jpg,零点大赛卡牌游戏，试图收集尽可能少的积分！揭示并交换卡牌上的线条，以减少您的卡牌的总值。但请记住：所有玩家的卡牌，游戏一结束，会呈现出激烈的竞争的多人棋盘游戏,2026-02-14T11:44:47.354+00:00,566,373,全托,美国,https://www.temu.com/search_result.html?search_key=605590067735529&search_method=user&region=211&regionCnName=%E7%BE%8E%E5%9B%BD,玩具与游戏
1776162856515,temu,605755423971613,https://img.kwcdn.com/product/open/5b4d0e2293de4630859216894b92aa6c-goods.jpeg,定制宠物枕头：你的猫或狗的趣味照片 - 柔软轻便,2026-03-24T12:00:21.219+00:00,551,360,全托,美国,https://www.temu.com/search_result.html?search_key=605755423971613&search_method=user&region=211&regionCnName=%E7%BE%8E%E5%9B%BD,玩具与游戏
1776162856515,temu,605914606220401,https://img.kwcdn.com/product/fancy/30fc2b08-0a2a-4260-ba50-c140f83f998b.jpg,building blocks set儿童电动钓鱼游戏玩具，带音乐的旋转钓鱼板，色彩缤纷的鱼，互动家庭游戏，适合 3 岁以上幼儿男孩女孩的教育玩具,2026-01-18T12:50:16.749+00:00,775,332,半托,美国,https://www.temu.com/search_result.html?search_key=605914606220401&search_method=user&region=211&regionCnName=%E7%BE%8E%E5%9B%BD,玩具与游戏
1776162856515,temu,606248003040936,https://img.kwcdn.com/product/open/78eab0f32107458dbf3543dbf30ec823-goods.jpeg,成人彩虹电子琴灯光音乐可弹奏钢琴多功能音乐袖珍琴，婚礼伴手礼,2026-01-26T14:55:40.684+00:00,692,465,半托,美国,https://www.temu.com/search_result.html?search_key=606248003040936&search_method=user&region=211&regionCnName=%E7%BE%8E%E5%9B%BD,玩具与游戏
1776162856515,temu,606364839603188,https://img.kwcdn.com/product/fancy/c0e4904d-6968-4d9a-9ae9-5a14bfbed7ac.jpg,"Kids' Automatic Bubble Maker, 47-Inch Tall Stand-Up Device with Lights, Perfect for Outdoor Celebrations (Bubble Solution Not Provided)",2026-04-04T16:58:52.552+00:00,482,360,半托,美国,https://www.temu.com/search_result.html?search_key=606364839603188&search_method=user&region=211&regionCnName=%E7%BE%8E%E5%9B%BD,玩具与游戏
1776162856515,temu,606412419744605,https://img.kwcdn.com/product/fancy/b510a71e-8690-48f7-8525-b4a1fdb9c653.jpg,儿童恐龙积木拼插玩具套装，diy创意组装拼装大恐龙积木，适合小朋友互动礼物,2026-03-31T14:21:13.349+00:00,404,360,全托,美国,https://www.temu.com/search_result.html?search_key=606412419744605&search_method=user&region=211&regionCnName=%E7%BE%8E%E5%9B%BD,玩具与游戏
1776162856515,temu,606453490411424,https://img.kwcdn.com/product/open/ae6b06065c114d949a10ae127b6e6fb3-goods.jpeg,My Little Worry Bear - When Things Get Tough and You Feel Like You're on Your Own - Hold Me Tight Because I Am Here | A Beautifully Crafted Gift Set | Including a Greeting Card & Multi-purpose Plush Toy Pillows · Little Bear Party Favors and Best Friend,2026-03-07T06:02:12.542+00:00,1000,964,全托,美国,https://www.temu.com/search_result.html?search_key=606453490411424&search_method=user&region=211&regionCnName=%E7%BE%8E%E5%9B%BD,玩具与游戏
1776162856515,temu,606466241085895,https://img.kwcdn.com/product/fancy/28fba0db-aaf6-46a8-b01c-3544ad4f27b7.jpg,3D打印新奇陀螺 圆形爱心解压神器 萝卜塔Fractal Fidget Hexagon,2026-01-18T01:25:08.660+00:00,1033,502,全托,美国,https://www.temu.com/search_result.html?search_key=606466241085895&search_method=user&region=211&regionCnName=%E7%BE%8E%E5%9B%BD,玩具与游戏
1776162856515,temu,606512613261619,https://img.kwcdn.com/product/open/b608ec346bb8499db484a298acafab09-goods.jpeg,趣味爆笑，表情柔软，脚踏挤压软玩具，指尖挤压趣味派对礼物，趣味可爱的塔巴，柔软有弹性，圣诞节、万圣节和新年礼物,2026-03-24T11:32:01.799+00:00,512,360,全托,美国,https://www.temu.com/search_result.html?search_key=606512613261619&search_method=user&region=211&regionCnName=%E7%BE%8E%E5%9B%BD,玩具与游戏
1776162856515,temu,606557106465905,https://img.kwcdn.com/product/fancy/37ae9935-bb7a-43a0-bea1-87ab7e1d934f.jpg,6/12个装 立方体水滴挤压球玩具 派对礼品套装 方块挤压球与立方体 学校与生日派对礼品套装 - 复活节派对礼物、生日礼物及优质礼袋填充物、复活节装饰品，随机款式袋装（无盒）,2026-01-23T12:39:54.712+00:00,5146,1514,全托,美国,https://www.temu.com/search_result.html?search_key=606557106465905&search_method=user&region=211&regionCnName=%E7%BE%8E%E5%9B%BD,玩具与游戏
1776162856515,temu,605584363487053,https://img.kwcdn.com/product/open/3109c31b5739445880bc6106a3fb2214-goods.jpeg,2件套迷你娃娃屋烛台与蜡烛套装 | 采用3D打印技术打造，实现高精度与逼真设计。用途广泛：适用于娃娃屋装饰、DIY微缩模型、摄影道具及节日派对布置。是娃娃屋收藏家与装饰爱好者的必备配件,2026-03-11T03:36:27.859+00:00,341,330,全托,美国,https://www.temu.com/search_result.html?search_key=605584363487053&search_method=user&region=211&regionCnName=%E7%BE%8E%E5%9B%BD,玩具与游戏
1776162856515,temu,605592148114092,https://img.kwcdn.com/product/open/2ac34b508d9348999776d4d86a8bcf9f-goods.jpeg,"【已授权】1pc 三丽鸥Sanrio主题派个活动单步跳跃游戏垫，适合生日、新年、圣诞节、及节日礼物, 庆祝活动，趣味派个配件， 互动游戏, 团队挑战垫",2026-03-07T12:15:45.951+00:00,406,330,全托,美国,https://www.temu.com/search_result.html?search_key=605592148114092&search_method=user&region=211&regionCnName=%E7%BE%8E%E5%9B%BD,玩具与游戏
1776162856515,temu,605702005305128,https://img.kwcdn.com/product/fancy/b2012330-d972-4e6b-bb84-a5c517891d59.jpg,1:32合金垃圾车玩具，城市环卫模拟玩具，手动回力操作，适合作为3岁以上男女童的生日礼物或圣诞礼物,2026-02-09T02:50:47.755+00:00,654,573,全托,美国,https://www.temu.com/search_result.html?search_key=605702005305128&search_method=user&region=211&regionCnName=%E7%BE%8E%E5%9B%BD,玩具与游戏
1776162856515,temu,605831055703367,https://img.kwcdn.com/product/fancy/8c076650-ab14-403d-b9e0-ee2d174cd0fb.jpg,儿童游泳漂浮圈带水枪 | 4-9岁男孩女孩充气水上座椅，理想的夏季生日礼物，混合颜色PVC材质,2026-02-13T08:48:40.035+00:00,459,355,半托,美国,https://www.temu.com/search_result.html?search_key=605831055703367&search_method=user&region=211&regionCnName=%E7%BE%8E%E5%9B%BD,玩具与游戏
1776162856515,temu,605849644822784,https://img.kwcdn.com/product/fancy/f9a9ab19-5d5d-442b-aef9-0964508ba100.jpg,LOTFANCY扑克牌2包装 | 波克尔尺寸，标准索引，纸质材料，适合派对娱乐和纸牌游戏，圣诞节、万圣节、感恩节的完美礼物,2026-01-30T07:24:11.332+00:00,989,374,半托,美国,https://www.temu.com/search_result.html?search_key=605849644822784&search_method=user&region=211&regionCnName=%E7%BE%8E%E5%9B%BD,玩具与游戏
1776162856515,temu,605897225019224,https://img.kwcdn.com/product/open/493d4962a5334bf29818be1f3cfbe011-goods.jpeg,2件装80cm/15.74in巨型泡泡球，透明TPR水充泡泡球，耐用且易于充气，巨型充气水球|沙滩球|庭院游戏|软胶水球，充气道具，防漏设计，庭院、海滩及户外娱乐无需电费，适合家庭聚会和水上活动，非常棒的圣诞节、万圣节礼物。,2026-03-28T02:10:56.555+00:00,311,311,全托,美国,https://www.temu.com/search_result.html?search_key=605897225019224&search_method=user&region=211&regionCnName=%E7%BE%8E%E5%9B%BD,玩具与游戏
1776162856515,temu,605934067766764,https://img.kwcdn.com/product/fancy/a3dd4b1b-686a-42c7-bc83-8d60d610318d.jpg,1個小巧、趣味且超可愛的水豚造型毛絨玩具，旨在提供情緒支持。它是送給男女朋友的生日或情人節的完美禮物，內含一隻迷人的鴨子，可當作正能量的居家裝飾品。,2026-02-21T12:34:49.502+00:00,1930,902,全托,美国,https://www.temu.com/search_result.html?search_key=605934067766764&search_method=user&region=211&regionCnName=%E7%BE%8E%E5%9B%BD,玩具与游戏
1776162856515,temu,606013122034566,https://img.kwcdn.com/product/open/204ef0c1d72b4450857b0aaeb640124f-goods.jpeg,提拉球 - 一款专为家庭聚会设计的多人游戏，采用符合人体工程学的手柄和气球式设计。采用耐用的PP材料制成，颜色多样（蓝色、粉色、黄色、绿色）。这款游戏有助于发展运动技能,2026-01-15T02:21:46.696+00:00,1672,756,全托,美国,https://www.temu.com/search_result.html?search_key=606013122034566&search_method=user&region=211&regionCnName=%E7%BE%8E%E5%9B%BD,玩具与游戏
1776162856515,temu,606237534087210,https://img.kwcdn.com/product/open/c2b674e709594e1ab00b15fc2cf212e2-goods.jpeg,"心跳爱心币 | 手持纪念品 心脏脉搏线情侣设计 纪念礼物 情侣周年纪念 婚礼 情人节 浪漫口袋令, 铁质材料, 混色",2026-01-10T08:42:17.886+00:00,1190,300,半托,美国,https://www.temu.com/search_result.html?search_key=606237534087210&search_method=user&region=211&regionCnName=%E7%BE%8E%E5%9B%BD,玩具与游戏
1776162856515,temu,606256324517551,https://img.kwcdn.com/product/fancy/9a33ed1b-26a9-49cc-b433-92078a3ff5d2.jpg,6件/5件娃娃屋装饰魔法套装 微缩魔法书籍 迷你魔法药水 微缩书架 魔法球 魔法火焰适用于1：12娃娃屋装饰摆件,2026-03-05T23:17:29.063+00:00,927,469,全托,美国,https://www.temu.com/search_result.html?search_key=606256324517551&search_method=user&region=211&regionCnName=%E7%BE%8E%E5%9B%BD,玩具与游戏
1776162856515,temu,606422418999494,https://img.kwcdn.com/product/open/584d3e51c82a4267af26e0e580e55a09-goods.jpeg,奶油填充仿真饼干 | 柔软、糊糊、弹性TPR挤出玩具，适合生日、圣诞节、情人节、复活节礼物 | 价廉性高,2026-03-06T01:55:39.602+00:00,601,491,全托,美国,https://www.temu.com/search_result.html?search_key=606422418999494&search_method=user&region=211&regionCnName=%E7%BE%8E%E5%9B%BD,玩具与游戏
1776162856515,temu,606504291812845,https://img.kwcdn.com/product/fancy/854f68f1-f513-4c1e-940a-7a368585973a.jpg,"企鹅婴儿玩具0-6-12个月，毛绒动物玩偶，带质感吊环，响铃和脆纸声音，新生儿腹部时间玩具，适合0-6-12个月男女宝宝,作为情人节,万圣节 圣诞节 复活节 生日礼物",2026-02-12T09:35:45.028+00:00,549,389,半托,美国,https://www.temu.com/search_result.html?search_key=606504291812845&search_method=user&region=211&regionCnName=%E7%BE%8E%E5%9B%BD,母婴用品
1776162856515,temu,606513754177115,https://img.kwcdn.com/product/open/f0a690bd857d4d8e80aebc5ac0b6df55-goods.jpeg,（非玩具）4件装Dollhouse娃娃屋12分微缩场景迷你食玩蜡烛复古摆件模型 成人及14岁以上青少年收藏级微型家具装饰,2026-01-28T20:08:46.720+00:00,802,324,全托,美国,https://www.temu.com/search_result.html?search_key=606513754177115&search_method=user&region=211&regionCnName=%E7%BE%8E%E5%9B%BD,玩具与游戏
1776162856515,temu,606544221590950,https://img.kwcdn.com/product/open/6691e5f3b65640a498a53f785a09e7b2-goods.jpeg,"Miniature Dining Set for Pretend Play | Includes Table, Chairs, Utensils, And Realistic Food, Retro Green Color with Rich Texture, Detailed And Lifelike for Simulating Dining Scenes, Compatible with Doll Play",2026-02-03T11:18:37.051+00:00,832,784,全托,美国,https://www.temu.com/search_result.html?search_key=606544221590950&search_method=user&region=211&regionCnName=%E7%BE%8E%E5%9B%BD,玩具与游戏
1776162856515,temu,601103358353515,https://img.kwcdn.com/product/open/cd07222f7acc4dcfb71155e5bfe2c3a7-goods.jpeg,10/20/30 PCS 基督教派对邮票、男孩、女孩的宗教圣经礼物、复活节耶稣诞生派对用品、课堂奖励、嘉年华奖品、礼品袋和皮纳塔填充物,2026-03-13T05:07:48.267+00:00,639,300,全托,美国,https://www.temu.com/search_result.html?search_key=601103358353515&search_method=user&region=211&regionCnName=%E7%BE%8E%E5%9B%BD,玩具与游戏
1776162856515,temu,601103582782355,https://img.kwcdn.com/product/fancy/8355ffb1-cdc1-45c5-bacb-47ef8a1f2b39.jpg,3层透明亚克力展示架 - 现代简约设计，27英寸高带3格收纳，可放置小雕像、模型套装，坚固耐用多功能模块化收藏架,2026-02-22T12:29:58.996+00:00,564,422,全托,美国,https://www.temu.com/search_result.html?search_key=601103582782355&search_method=user&region=211&regionCnName=%E7%BE%8E%E5%9B%BD,玩具与游戏
1776162856515,temu,601103683558387,https://img.kwcdn.com/product/fancy/9fdb8fdb-fdc7-45fc-8d35-9659df3fbae6.jpg,大容量自动存钱罐，带数字键盘锁和真钱投币槽（无取款功能）——储蓄盒，ABS材质存钱罐，适合生日派对或日常使用——颜色编码（金色）,2026-02-02T16:18:17.332+00:00,756,315,半托,美国,https://www.temu.com/search_result.html?search_key=601103683558387&search_method=user&region=211&regionCnName=%E7%BE%8E%E5%9B%BD,玩具与游戏
1776162856515,temu,601105102774228,https://img.kwcdn.com/product/open/44d0700b6ced4746b6df083a71812412-goods.jpeg,柔软毛绒芭蕾舞咖啡杯娃娃 - 形状像带粉色连衣裙的咖啡杯，是生日、圣诞节、复活节和万圣节庆祝活动的理想礼物,2026-02-07T17:00:23.668+00:00,895,342,全托,美国,https://www.temu.com/search_result.html?search_key=601105102774228&search_method=user&region=211&regionCnName=%E7%BE%8E%E5%9B%BD,玩具与游戏
1776162856515,temu,603197645107555,https://img.kwcdn.com/local-goods-image/211a2a4a1cc/5c32326d-1f2a-43de-8ffb-7162cf12cc61_1052x1052.png,POP MART怪獸系列×Hello Kitty和朋友們 LABUBU 乙烯基毛絨鑰匙扣 1個 盲盒 可愛風 卡哇伊 三麗鷗包包掛飾 盲盒,2026-03-27T03:37:46.365+00:00,317,300,半托,美国,https://www.temu.com/search_result.html?search_key=603197645107555&search_method=user&region=211&regionCnName=%E7%BE%8E%E5%9B%BD,玩具与游戏
1776162856515,temu,605513597161705,https://img.kwcdn.com/product/fancy/35d47901-4f8b-4901-ae65-ebf912e967ee.jpg,12/24个恐龙软萌玩具 | 可爱挤压玩具派对礼物，儿童课堂奖励礼品，生日和节日礼物的理想选择 - 多种颜色混搭，HOOLYUK出品,2026-02-14T15:50:34.880+00:00,1405,786,全托,美国,https://www.temu.com/search_result.html?search_key=605513597161705&search_method=user&region=211&regionCnName=%E7%BE%8E%E5%9B%BD,玩具与游戏
1776162856515,temu,605599328752502,https://img.kwcdn.com/product/fancy/76170ed7-df3f-4ce7-beee-9a1c78f0149a.jpg,永生花仿真花花朵积木小颗粒拼装桌面玩具摆件，适合6岁以上，生日礼物，圣诞节礼物，情人节礼物,2026-02-05T06:53:10.563+00:00,581,306,全托,美国,https://www.temu.com/search_result.html?search_key=605599328752502&search_method=user&region=211&regionCnName=%E7%BE%8E%E5%9B%BD,玩具与游戏
1776162856515,temu,605692274539239,https://img.kwcdn.com/product/open/123b7892144540e6b14de45231cdef4c-goods.jpeg,塔巴软萌卡通海豹趣味挤压软胶玩具，超柔软、可爱又解压的指尖感官玩具。设计有趣，富有创意且互动性强，适合桌面装饰，也是派对的可爱礼物,2026-03-23T07:37:19.552+00:00,313,300,全托,美国,https://www.temu.com/search_result.html?search_key=605692274539239&search_method=user&region=211&regionCnName=%E7%BE%8E%E5%9B%BD,玩具与游戏
1776162856515,temu,605700864490747,https://img.kwcdn.com/product/open/c9bf831d106f48068827b79c793538e8-goods.jpeg,1個粉色笑臉史萊姆，柔軟且慢回彈的TPR材質軟軟玩具。這款可愛的笑臉設計非常適合用作辦公室桌面玩具、課堂獎勵或兒童感官玩具。是聖誕節的絕佳禮物。,2026-03-29T04:06:22.528+00:00,311,300,全托,美国,https://www.temu.com/search_result.html?search_key=605700864490747&search_method=user&region=211&regionCnName=%E7%BE%8E%E5%9B%BD,玩具与游戏
1776162856515,temu,605745760305687,https://img.kwcdn.com/product/fancy/9945f226-95ce-43ed-8665-d2d48f8d29ab.jpg,13/26/39件装儿童派对礼品套装 - 迷你旋转陀螺玩具组，多种颜色款式随机混装。适用于课堂奖励、3岁以上男女童玩具赠礼、节日小礼物、派对小礼品，趣味十足且便于携带。复活节礼品（无盒装）,2026-01-28T20:01:08.927+00:00,5541,1658,全托,美国,https://www.temu.com/search_result.html?search_key=605745760305687&search_method=user&region=211&regionCnName=%E7%BE%8E%E5%9B%BD,玩具与游戏
1776162856515,temu,605767503599132,https://img.kwcdn.com/product/fancy/e17dfd71-221d-40c4-965a-18af87ecb0ee.jpg,MOC动物鸟类野鸽模型积木创意套装拼装建筑积木玩具，朋友生日礼物、圣诞礼物、万圣节礼物，易于组装，适合送礼与收藏,2026-02-25T17:01:24.216+00:00,585,334,全托,美国,https://www.temu.com/search_result.html?search_key=605767503599132&search_method=user&region=211&regionCnName=%E7%BE%8E%E5%9B%BD,玩具与游戏
1776162856515,temu,605823807894777,https://img.kwcdn.com/product/fancy/4151e4a0-e0db-40d6-9d7e-454a75e14e0f.jpg,3D打印猴子手办，关节可活动，炫酷的颜色，随机的眼睛，适合3岁以上儿童玩家,2026-03-24T03:12:11.764+00:00,3042,300,全托,美国,https://www.temu.com/search_result.html?search_key=605823807894777&search_method=user&region=211&regionCnName=%E7%BE%8E%E5%9B%BD,玩具与游戏
1776162856515,temu,605859644037093,https://img.kwcdn.com/product/open/b43549c3f88148dea4d7c6629389ef5e-goods.jpeg,复制币，10件自制玩具钱，美国250周年纪念硬币 - 双面高浮雕作品，“上帝保佑我们”| 250年自由纪念币，美国挑战币 1776-2026，十字爱国纪念品，礼物首选,2026-03-19T14:22:10.109+00:00,307,300,半托,美国,https://www.temu.com/search_result.html?search_key=605859644037093&search_method=user&region=211&regionCnName=%E7%BE%8E%E5%9B%BD,玩具与游戏
1776162856515,temu,605868837966920,https://img.kwcdn.com/product/open/6289f960617c494392a8e1c7ef74bf88-goods.jpeg,"塔巴软垫猫爪放松玩具，可爱三色挤压玩具, 可爱好看的巨无霸毛绒超大猫爪捏捏乐猫爪-带软TPR材料的粘性指尖玩具,耐用结构，趣味配件，寻求乐趣的人，高品质材料，乐趣爱好者一件完美的节日礼品。送给家人，爱人和朋友，非常适合派对礼物、放松玩具 | 趣味设计 | 耐用Squishies，Squishy玩具，ASMR玩具，缓解压力玩具，感官玩具，Squishy-uri玩具，用于放松玩具",2026-02-25T13:54:14.823+00:00,719,391,全托,美国,https://www.temu.com/search_result.html?search_key=605868837966920&search_method=user&region=211&regionCnName=%E7%BE%8E%E5%9B%BD,玩具与游戏
1776162856515,temu,605890648340042,https://img.kwcdn.com/product/open/07fcab67d386419d9bdcccc00c461b06-goods.jpeg,1个 Taba 软Q 水母玩具，专为缓解焦虑和放松而设计的软Q指尖玩具。它是成人的理想桌面配件，非常适合填充礼品袋、课堂奖励，以及作为复活节假日派个活动的用品。,2026-02-05T03:38:35.166+00:00,7980,4717,全托,美国,https://www.temu.com/search_result.html?search_key=605890648340042&search_method=user&region=211&regionCnName=%E7%BE%8E%E5%9B%BD,玩具与游戏
1776162856515,temu,605921048625353,https://img.kwcdn.com/product/fancy/2f4efb54-f518-4a97-b922-50fef422a6d9.jpg,趣味多彩小熊塔巴拉伸挤压玩具，TPR材质挤压玩具，奖品及课堂/派对礼品——课堂奖励、小型派对赠品、缤纷小熊宝宝、俏皮设计、办公室玩具,2026-03-28T03:24:02.932+00:00,631,300,全托,美国,https://www.temu.com/search_result.html?search_key=605921048625353&search_method=user&region=211&regionCnName=%E7%BE%8E%E5%9B%BD,玩具与游戏
1776162856515,temu,605977017444679,https://img.kwcdn.com/product/fancy/016303a0-f34f-4bd5-a083-6a9ab33660b7.jpg,逼真蛇毛绒玩具 - 柔软的爬行动物填充玩偶，采用逼真设计，有多种颜色可选，是儿童和成人都喜欢的可爱礼物,2026-03-15T20:58:44.859+00:00,346,300,全托,美国,https://www.temu.com/search_result.html?search_key=605977017444679&search_method=user&region=211&regionCnName=%E7%BE%8E%E5%9B%BD,玩具与游戏
1776162856515,temu,606011108775118,https://img.kwcdn.com/product/fancy/d5442ceb-152f-45b4-87c5-42a3b89edb20.jpg,1件充气点点沙滩球，PVC材质多色可选择塑料球，水上娱乐，泳池派个，海滩派个的最佳选择,2026-03-25T10:40:47.235+00:00,399,300,全托,美国,https://www.temu.com/search_result.html?search_key=606011108775118&search_method=user&region=211&regionCnName=%E7%BE%8E%E5%9B%BD,玩具与游戏
1776162856515,temu,606028691307715,https://img.kwcdn.com/product/fancy/6f78d2c5-2885-444d-ad7d-93d1dbb00fe8.jpg,4 件装/ 星种占卜师、保罗·巴尔比耶里 星座占星术 塔罗牌、《和谐塔罗牌组》、《漂泊之魂塔罗牌套组》,2026-01-15T06:51:07.315+00:00,474,353,半托,美国,https://www.temu.com/search_result.html?search_key=606028691307715&search_method=user&region=211&regionCnName=%E7%BE%8E%E5%9B%BD,玩具与游戏
1776162856515,temu,606269679187894,https://img.kwcdn.com/product/fancy/60973b80-6831-4f49-b0a4-0b5475736676.jpg,1张/10张装，定制气球贴纸（3.54英寸×7.87英寸），生日派对装饰贴纸（不含气球），户外露营氛围装饰（仅含贴纸），定制骑行头盔贴纸（不含头盔），定制自行车贴纸，个性化生日派对装饰标签，定制求婚装饰气球标签（仅含贴纸），适用于周年庆装饰、公司年会装饰、生日气球、轮滑及骑行活动,2026-02-25T16:52:34.707+00:00,535,353,全托,美国,https://www.temu.com/search_result.html?search_key=606269679187894&search_method=user&region=211&regionCnName=%E7%BE%8E%E5%9B%BD,玩具与游戏
1776162856515,temu,606319339788532,https://img.kwcdn.com/product/open/61ebbb0edf884a7ca72ffc98f8bc15a8-goods.jpeg,Taba欢乐透明笑脸球，柔软回弹感官玩具，欢乐表情捏捏乐玩具 | 采用超柔软慢回弹材质，搭配可爱治愈的笑脸设计，质地柔软,2026-03-27T08:19:46.009+00:00,323,300,全托,美国,https://www.temu.com/search_result.html?search_key=606319339788532&search_method=user&region=211&regionCnName=%E7%BE%8E%E5%9B%BD,玩具与游戏
1776162856515,temu,606324708499736,https://img.kwcdn.com/product/fancy/14626543-aa0b-4e8d-ad58-9c45c3fec21f.jpg,婴幼儿可爱卡通兔子布书，早教宝宝撕不坏布书，儿童动物认知启蒙玩具，宝宝动手动脑触觉玩具，多功能感官玩具，早教益智亲子游戏，吸引宝宝注意，圣诞节万圣节生日礼物,2026-03-31T17:42:35.497+00:00,320,300,全托,美国,https://www.temu.com/search_result.html?search_key=606324708499736&search_method=user&region=211&regionCnName=%E7%BE%8E%E5%9B%BD,母婴用品
1776162856515,temu,606485769769951,https://img.kwcdn.com/product/fancy/ce5f3036-fbcd-4e52-a2ac-f3610bd5b1d4.jpg,"Harry Potter Marauders Map, Magic School Replica, for Treasure Hunt & Decor, Hogwarts Style Backdrop, The Ultimate Adventure Starter for the New Term",2026-03-09T02:06:09.843+00:00,2500,2207,全托,美国,https://www.temu.com/search_result.html?search_key=606485769769951&search_method=user&region=211&regionCnName=%E7%BE%8E%E5%9B%BD,玩具与游戏
1776162856515,temu,601102999159298,https://img.kwcdn.com/product/open/f6edfc1258b14f64a0b945f5004db295-goods.jpeg,一套20个彩色刺球，外观类似刺猬，这些迷你感官玩具非常适合缓解压力，也是送给儿童的绝佳派对礼物、课堂奖励和大批量指尖玩具的理想选择。它们非常适合装进宝箱、Piñata填充物。,2026-02-02T01:49:20.886+00:00,1066,467,全托,美国,https://www.temu.com/search_result.html?search_key=601102999159298&search_method=user&region=211&regionCnName=%E7%BE%8E%E5%9B%BD,玩具与游戏
1776162856515,temu,605544433737488,https://img.kwcdn.com/product/fancy/51f18ef6-c4c9-4783-80db-cd1d7060663f.jpg,可爱高地牛毛绒玩具 仿真动物填充玩偶 高地牛安抚玩具 桌面摆件 家居装饰 房间装饰 沙发装饰 节日礼物 生日礼物 亲友馈赠佳品,2026-02-08T11:45:12.412+00:00,815,349,全托,美国,https://www.temu.com/search_result.html?search_key=605544433737488&search_method=user&region=211&regionCnName=%E7%BE%8E%E5%9B%BD,玩具与游戏
1776162856515,temu,605925612093360,https://img.kwcdn.com/product/fancy/1ff9e37a-84ac-4edc-ac0c-1485bb38a8e6.jpg,一套4件（22inch+32inch+50inch+60inch）金色充气镜面反光4D铝箔气球-可重复使用的迪斯科球，适合生日派对装饰、圣诞节、新的一年、婚礼和活动，采用反光铝箔设计，完美的装饰，反光装饰 | 巨型球体设计 | 自密封功能，镜子派对气球。派对装饰、派对气球,2026-03-02T09:23:59.597+00:00,470,382,半托,美国,https://www.temu.com/search_result.html?search_key=605925612093360&search_method=user&region=211&regionCnName=%E7%BE%8E%E5%9B%BD,玩具与游戏
1776162856515,temu,605979567605755,https://img.kwcdn.com/product/fancy/60c378ce-7160-4bbb-a6db-149f083341ff.jpg,1件装3D打印螺旋锥玩具，14岁以上青少年和成人的时尚解压弹出树，专注力辅助工具，手持解压玩具，耐用塑料，高品质打印，弹性解压玩具，办公室职员，ADHD专注力工具,2026-02-01T10:10:33.152+00:00,755,623,全托,美国,https://www.temu.com/search_result.html?search_key=605979567605755&search_method=user&region=211&regionCnName=%E7%BE%8E%E5%9B%BD,玩具与游戏
1776162856515,temu,606013658858077,https://img.kwcdn.com/product/open/b44b180b81284dfc8f5f582f82972189-goods.jpeg,1张3D浮雕兔子和草莓玩具贴纸 | 精致制作PVC贴纸，适用于手机美甲、手工装饰，以及作为女士的可爱创意装饰 - 混色，一次性使用,2026-02-07T05:34:57.091+00:00,2188,634,全托,美国,https://www.temu.com/search_result.html?search_key=606013658858077&search_method=user&region=211&regionCnName=%E7%BE%8E%E5%9B%BD,玩具与游戏
1776162856515,temu,606157808703251,https://img.kwcdn.com/product/fancy/a5e9d228-2ffb-4918-b13d-29b22d39a959.jpg,《快唱吧！》：家庭聚会必备游戏 - 2到10人玩的趣味快乐唱歌挑战，包含125首歌词卡片，250个字，配有粉色和黑色麦克风,2026-02-24T04:35:24.347+00:00,462,319,全托,美国,https://www.temu.com/search_result.html?search_key=606157808703251&search_method=user&region=211&regionCnName=%E7%BE%8E%E5%9B%BD,玩具与游戏
1776162856515,temu,606320749021438,https://img.kwcdn.com/product/fancy/d82ad670-6fc0-4800-b347-dfccb676c88d.jpg,21/31/48套装儿童轨道滑滑乐DIY拼装戏水玩具，宝宝浴室洗澡滑道小鱼转转乐玩具，趣味沐浴壁挂吸盘积木益智拼装玩水玩具，圣诞节礼物，万圣节礼物，节日礼物,2026-01-28T16:46:27.755+00:00,1162,516,全托,美国,https://www.temu.com/search_result.html?search_key=606320749021438&search_method=user&region=211&regionCnName=%E7%BE%8E%E5%9B%BD,母婴用品
1776162856515,temu,606483085397471,https://img.kwcdn.com/product/open/58aa48d1ddad4c78801299beca1404f1-goods.jpeg,10枚复刻币《无上之爱复活》纪念币 - 收藏级宗教纪念币，适合展示，可作为基督徒礼物、教会历史纪念品 - 基于历史原型的复刻品,2026-03-11T16:34:35.704+00:00,313,312,半托,美国,https://www.temu.com/search_result.html?search_key=606483085397471&search_method=user&region=211&regionCnName=%E7%BE%8E%E5%9B%BD,玩具与游戏
1776162856515,temu,601105531677921,https://img.kwcdn.com/product/fancy/bab59166-897b-4b7c-9833-d18069c25bfb.jpg,"Self-Launching Construction Toy Gun - Comes with Bullet Shells, a STEM Building Set Featuring a Genuine Launching System, Safe And Colorful Blocks for Teens And Adults, a Parent-Child Assembly Kit",2026-01-23T14:03:48.082+00:00,1200,533,半托,美国,https://www.temu.com/search_result.html?search_key=601105531677921&search_method=user&region=211&regionCnName=%E7%BE%8E%E5%9B%BD,玩具与游戏
1776162856515,temu,603132583096512,https://img.kwcdn.com/local-goods-image/20ef5f02d0/f376ec38-7bbb-474b-b5c4-6bba16f9039e_1200x1200.jpeg.format.jpg,LEGO Minions Jetboard 30678 Polybag,2026-02-06T08:06:31.505+00:00,907,437,半托,美国,https://www.temu.com/search_result.html?search_key=603132583096512&search_method=user&region=211&regionCnName=%E7%BE%8E%E5%9B%BD,玩具与游戏
1776162856515,temu,605643217939959,https://img.kwcdn.com/product/fmket/09f7e01bef2571052a0a8b5a659f954c.jpg,成年人及家庭的经典策略 - 将相同颜色的 4 个圆片连成一行 | 由木制部件组成的教育性拼图板，非常适合家庭野餐、露营、旅行和聚会活动,2026-02-02T14:11:15.852+00:00,470,413,全托,美国,https://www.temu.com/search_result.html?search_key=605643217939959&search_method=user&region=211&regionCnName=%E7%BE%8E%E5%9B%BD,游戏及配件
1776162856515,temu,605701468464228,https://img.kwcdn.com/product/fancy/9d6b755e-f408-4a70-b43b-00d4f9982c27.jpg,"67/83/121pcs Multi-functional 3D Track Car, Educational DIY Assembly Parking Toy, Children's Electric Suspended Track Car Set, Halloween/Christmas/Birthday Gift",2026-02-17T11:33:42.218+00:00,918,428,全托,美国,https://www.temu.com/search_result.html?search_key=605701468464228&search_method=user&region=211&regionCnName=%E7%BE%8E%E5%9B%BD,玩具与游戏
1776162856515,temu,605814077157524,https://img.kwcdn.com/product/fancy/b7d8eaef-e7e9-4d91-8655-9cd52b9a0fe4.jpg,三件套活力趣味恶作剧玩具,2026-01-24T06:40:52.376+00:00,2709,843,全托,美国,https://www.temu.com/search_result.html?search_key=605814077157524&search_method=user&region=211&regionCnName=%E7%BE%8E%E5%9B%BD,玩具与游戏
1776162856515,temu,605831592556727,https://img.kwcdn.com/product/fancy/e941c024-13c5-4fcf-945c-bc618a159fe1.jpg,三支装爆笑恶作剧发射器 | 采用鲜艳ABS材质制成,2026-02-10T17:20:26.580+00:00,523,468,全托,美国,https://www.temu.com/search_result.html?search_key=605831592556727&search_method=user&region=211&regionCnName=%E7%BE%8E%E5%9B%BD,玩具与游戏
1776162856515,temu,605926685834154,https://img.kwcdn.com/product/fancy/985ae4ed-f4b8-4e51-b42e-9a721c0664e2.jpg,Movable! 1:6 Full Alloy Soft Tail Mountain Bike Model | Soft Tail Shock Rebound | 360 Degree Wheel Rotation | Simulation Mountain Bicycle Toy | Alloy Mountain Downhill Bike | Fully Functional Movable Joints | Realistic Tire Tread | Can Stand / Can G,2026-02-10T05:22:20.805+00:00,978,404,全托,美国,https://www.temu.com/search_result.html?search_key=605926685834154&search_method=user&region=211&regionCnName=%E7%BE%8E%E5%9B%BD,玩具与游戏
1776162856515,temu,605973125167871,https://img.kwcdn.com/product/fancy/3dee97f1-c0ff-49c9-9f6d-d19db17211ce.jpg,KemiTo高级透明卡套，适用于社保卡、医保卡及信用卡——采用耐用PVC材质，安全存储，情人节与开学季礼品优选,2026-01-27T21:37:32.535+00:00,823,496,半托,美国,https://www.temu.com/search_result.html?search_key=605973125167871&search_method=user&region=211&regionCnName=%E7%BE%8E%E5%9B%BD,玩具与游戏
1776162856515,temu,605973393582217,https://img.kwcdn.com/product/fancy/dc967d00-033b-4aee-8d70-fe2652969926.jpg,1套海盗桶破坏派对游戏及活动套装，适合儿童赠送的礼物 - 亲子互动玩具 - 儿童教育玩具，适用于万圣节、圣诞节等节日，适合圣诞节、新年、情人节、派对活动、万圣节/感恩节/圣诞节/复活节等场合赠送。旅行游戏、口袋游戏,2026-01-18T13:44:20.220+00:00,4768,1718,全托,美国,https://www.temu.com/search_result.html?search_key=605973393582217&search_method=user&region=211&regionCnName=%E7%BE%8E%E5%9B%BD,玩具与游戏
1776162856515,temu,606031576953434,https://img.kwcdn.com/product/open/db89a1b847ff4d8b9b7bd2d80481754b-goods.jpeg,1件装 和风CL 1件装 适用于派对礼品、解压捏捏玩具 - TPR材质草莓捏捏玩具，可爱多巴捏捏乐，可作桌面摆件、礼品袋填充物、复活节篮子填充物、办公室休闲用品,2026-03-07T02:15:40.899+00:00,558,483,全托,美国,https://www.temu.com/search_result.html?search_key=606031576953434&search_method=user&region=211&regionCnName=%E7%BE%8E%E5%9B%BD,玩具与游戏
1776162856515,temu,606081036177379,https://img.kwcdn.com/product/fancy/b70be7de-60fd-4e07-b6f4-fe47e0d87eec.jpg,54张孔雀主题扑克牌，配有精美独特的插图，采用防滑冷箔压花纹理设计。品质卓越，是娱乐消遣和节日馈赠的完美之选,2026-02-20T07:30:39.210+00:00,504,304,全托,美国,https://www.temu.com/search_result.html?search_key=606081036177379&search_method=user&region=211&regionCnName=%E7%BE%8E%E5%9B%BD,玩具与游戏
1776162856515,temu,606290415867729,https://img.kwcdn.com/product/fancy/1f27d1e6-1997-4617-8def-9fa6d3cfd292.jpg,1个欢乐表情捏捏乐玩具 | 采用超柔软慢回弹材质，搭配可爱治愈的笑脸设计。质地顺滑不粘手，轻轻一捏便迅速回弹，有效缓解压力。选用安全环保材料制成，是办公室、学习或日常通勤的便携减压好伴侣。无论是馈赠好友还是馈赠孩童，都是绝佳选择,2026-02-04T05:58:38.046+00:00,1450,614,全托,美国,https://www.temu.com/search_result.html?search_key=606290415867729&search_method=user&region=211&regionCnName=%E7%BE%8E%E5%9B%BD,玩具与游戏
1776162856515,temu,606478052197753,https://img.kwcdn.com/product/open/cd5cf87b82d44c5fb5f0828013001f52-goods.jpeg,3个金属YoYo球 - 带YoYo绳的金属铁YoYo，适合户外/运动、爱好、派个爱好 - 耐用YoYo游戏收藏品（多色）,2026-01-29T03:05:09.820+00:00,694,432,全托,美国,https://www.temu.com/search_result.html?search_key=606478052197753&search_method=user&region=211&regionCnName=%E7%BE%8E%E5%9B%BD,玩具与游戏
1776162856515,temu,606489058106467,https://img.kwcdn.com/product/open/8a628f92357c4b9685102a9ed8ee452f-goods.jpeg,pvc材质 水豚 随机一个 趴姿 卡皮巴拉 角色手办 是礼物的最佳选择 周边,2026-02-01T07:57:34.268+00:00,412,320,全托,美国,https://www.temu.com/search_result.html?search_key=606489058106467&search_method=user&region=211&regionCnName=%E7%BE%8E%E5%9B%BD,玩具与游戏
1776162856515,temu,606552677305965,https://img.kwcdn.com/product/fancy/7f942637-0f81-46ce-bf90-ee73e13a6008.jpg,微缩哥特式雕花屏风 娃娃屋适配 复古精致,2026-03-09T14:06:29.069+00:00,351,301,全托,美国,https://www.temu.com/search_result.html?search_key=606552677305965&search_method=user&region=211&regionCnName=%E7%BE%8E%E5%9B%BD,玩具与游戏
1776162856515,temu,606562340948782,https://img.kwcdn.com/product/open/c5e4eb1a5b9d47b9b3397f5371e1af2e-goods.jpeg,5件套1比12的娃娃屋配件，仿真微缩迷你杯模型，微缩场景摆件模型,2026-01-28T09:00:23.658+00:00,2228,607,全托,美国,https://www.temu.com/search_result.html?search_key=606562340948782&search_method=user&region=211&regionCnName=%E7%BE%8E%E5%9B%BD,玩具与游戏
1776162856515,temu,606564958218025,https://img.kwcdn.com/product/fancy/18b7537e-3ae9-43f7-90f9-b821a4814468.jpg,复制硬币--幸运加持】圣帕特里克节纪念币 四叶草浮雕设计 节日礼品,2026-02-09T07:22:35.128+00:00,615,378,全托,美国,https://www.temu.com/search_result.html?search_key=606564958218025&search_method=user&region=211&regionCnName=%E7%BE%8E%E5%9B%BD,玩具与游戏
1776162859795,temu,605966078684464,https://img.kwcdn.com/product/fancy/3b446887-02e6-43a7-8755-23b772e53baa.jpg,帕尼尼 2026 国际足联 365 Adrenalyn XL 卡 | 球迷礼物 纸牌游戏 足球 送给家人/朋友/足球爱好者理想礼物,2026-03-05T21:57:28.292+00:00,481,369,全托,美国,https://www.temu.com/search_result.html?search_key=605966078684464&search_method=user&region=211&regionCnName=%E7%BE%8E%E5%9B%BD,玩具与游戏
1776162859795,temu,606185390473597,https://img.kwcdn.com/product/fancy/19239ada-b4bf-417e-9d43-e5e6a05da4a4.jpg,2D平面硬币 复制挑战币 美国250周年纪念半世纪纪念币 | 纪念币收藏品，经典纪念币，成人和青少年的完美节日和生日礼物，铁质材料 2025新款军事纪念币收藏,2026-03-01T02:51:55.823+00:00,450,300,全托,美国,https://www.temu.com/search_result.html?search_key=606185390473597&search_method=user&region=211&regionCnName=%E7%BE%8E%E5%9B%BD,玩具与游戏
1776162859795,temu,606194315927253,https://img.kwcdn.com/product/open/277ff85688e041889ae8972fbcc3b704-goods.jpeg,8/16/32件装复活节钥匙扣玩具儿童派对礼物，含兔子泡泡玩具钥匙扣，适合作为儿童复活节彩蛋填充物，男孩女孩复活节篮子礼物，派对赠品，复活节新年彩蛋狩猎礼物，随机款式儿童派对礼包,2026-02-03T21:39:00.521+00:00,3891,2081,全托,美国,https://www.temu.com/search_result.html?search_key=606194315927253&search_method=user&region=211&regionCnName=%E7%BE%8E%E5%9B%BD,玩具与游戏
1776162859795,temu,606293905526916,https://img.kwcdn.com/product/fancy/8c669695-58c6-4822-a835-370ac2d01789.jpg,千语蝶-精致蝴蝶3D金属立体拼装拼图-14+人群手工DIY拼装益智玩具-礼品摆放送女友,2026-01-27T02:31:28.776+00:00,2346,1809,全托,美国,https://www.temu.com/search_result.html?search_key=606293905526916&search_method=user&region=211&regionCnName=%E7%BE%8E%E5%9B%BD,玩具与游戏
1776162859795,temu,606307461482044,https://img.kwcdn.com/product/fancy/c53ae34c-6117-4443-a49b-2bb705f1019f.jpg,"Slow Rebound Soft and Cute Cat Toys - Realistic Squeezed TPR Plush Little Cat, Fluffy Cat to Pinch, Office Stress-relieving Toy Ornaments, Photo Props, Class Rewards, Indoor Home Decorations, Cute Gray, Pink, Yellow and White Little Cat Cuties",2026-03-02T02:06:44.831+00:00,829,618,全托,美国,https://www.temu.com/search_result.html?search_key=606307461482044&search_method=user&region=211&regionCnName=%E7%BE%8E%E5%9B%BD,玩具与游戏
1776162859795,temu,606489460750003,https://img.kwcdn.com/product/fancy/3ef22781-1e8e-4c85-9d1a-82bfc22823ef.jpg,一件装 粉色木质存钱盒 室内桌面木质摆件存钱罐，家庭计划存钱罐，可存可取存钱盒,2026-01-24T08:10:28.931+00:00,747,304,全托,美国,https://www.temu.com/search_result.html?search_key=606489460750003&search_method=user&region=211&regionCnName=%E7%BE%8E%E5%9B%BD,玩具与游戏
1776162859795,temu,601099787879808,https://img.kwcdn.com/product/Fancyalgo/VirtualModelMatting/1512990aca514c24c8a8f56deff288bd.jpg,24入迷你手指射擊遊戲機，籃球場，互動桌上遊戲，適合派個、節慶，是生日派個禮物、Piñata填充物、兒童聖誕禮物的完美選擇，也是萬聖節的理想禮物,2026-01-21T02:52:54.227+00:00,3364,1907,全托,美国,https://www.temu.com/search_result.html?search_key=601099787879808&search_method=user&region=211&regionCnName=%E7%BE%8E%E5%9B%BD,玩具与游戏
1776162859795,temu,601105364533529,https://img.kwcdn.com/product/fancy/c606d510-2fb5-4cb1-bf53-a30ee49e4112.jpg,可爱兔子毛绒玩具 卡通兔子动物玩偶 柔软填充玩偶抱枕 陪伴玩偶 舒适沙发装饰摆件 亲友生日节日礼物,2026-02-10T02:44:24.808+00:00,1125,652,全托,美国,https://www.temu.com/search_result.html?search_key=601105364533529&search_method=user&region=211&regionCnName=%E7%BE%8E%E5%9B%BD,玩具与游戏
1776162859795,temu,601105648313440,https://img.kwcdn.com/product/open/c2bcbed46b964524a16732be0f9f32b7-goods.jpeg,（四个季节都可以适用）彩色-自行车链条指尖陀螺 - 静音 CNC 加工不锈钢齿轮桌面玩具，适合成年人 | 蒸汽朋克装饰减压与专注工具（办公室适用）（机械艺术品收藏品）解压,2026-02-01T09:28:30.626+00:00,1832,1294,全托,美国,https://www.temu.com/search_result.html?search_key=601105648313440&search_method=user&region=211&regionCnName=%E7%BE%8E%E5%9B%BD,玩具与游戏
1776162859795,temu,602724561171661,https://img.kwcdn.com/local-goods-image/212a0c18d8/f8d286ee-c10b-4664-99db-e54164599bba_1500x1500.jpeg.format.jpg,任天堂超级马里奥与路易吉2毛绒玩偶套装 8.5英寸,2026-02-07T07:34:54.362+00:00,586,327,半托,美国,https://www.temu.com/search_result.html?search_key=602724561171661&search_method=user&region=211&regionCnName=%E7%BE%8E%E5%9B%BD,玩具与游戏
1776162859795,temu,605591409920535,https://img.kwcdn.com/product/fancy/cf4366b5-4c24-40cf-a4b2-5753f19be3bc.jpg,"[Reusable Jelly Sticker Books] 3pcs Reusable Jelly Sticker Books | Creative Multi-Theme Cartoon Sticker Toy, Portable Quiet Busy Paste Sticker Book, Children Jelly Sticker Toy Gifts, Paper Material, Mixed Colors, Static Cling Mounting",2026-02-11T05:13:15.836+00:00,1900,1191,全托,美国,https://www.temu.com/search_result.html?search_key=605591409920535&search_method=user&region=211&regionCnName=%E7%BE%8E%E5%9B%BD,玩具与游戏
1776162859795,temu,605671672111139,https://img.kwcdn.com/product/open/2ec27814a3664a0d8db90423a7b120a8-goods.jpeg,蜘蛛发射器套装，蜘蛛网射击玩具，发射器手腕配件，青少年玩具，青少年礼物，复活节户外/派对用品礼品包 儿童派对礼品包,2026-01-14T20:39:55.052+00:00,1813,853,半托,美国,https://www.temu.com/search_result.html?search_key=605671672111139&search_method=user&region=211&regionCnName=%E7%BE%8E%E5%9B%BD,玩具与游戏
1776162859795,temu,605735425558527,https://img.kwcdn.com/product/open/83f5033a6ae245ccad8b7a00f3262a85-goods.jpeg,卡哇伊恐怖风景：一首充满诡异魅力的涂色哀歌，（22页升级加厚纸）涂色书，情人节，生日和其他节日。绘画和学校用品，书籍，颜料,2026-01-26T15:55:47.947+00:00,705,331,全托,美国,https://www.temu.com/search_result.html?search_key=605735425558527&search_method=user&region=211&regionCnName=%E7%BE%8E%E5%9B%BD,玩具与游戏
1776162859795,temu,605809916387971,https://img.kwcdn.com/product/fancy/abf02df6-1e2c-46dd-bce1-d616ed238889.jpg,8PCS迷你文具套装-精致小巧铅笔盒-装着可爱三角尺-多功能圆规-完美适配娃娃屋-打造微缩精致学习场景-娃娃屋的完美选择,2026-02-06T10:07:57.662+00:00,1501,727,全托,美国,https://www.temu.com/search_result.html?search_key=605809916387971&search_method=user&region=211&regionCnName=%E7%BE%8E%E5%9B%BD,玩具与游戏
1776162859795,temu,606131703413527,https://img.kwcdn.com/product/fancy/512bf648-ad0b-49a3-a15e-565d984cd0ff.jpg,可爱软萌大象毛绒玩具 超柔软填充动物伙伴 适合全年龄段拥抱玩偶 温馨礼物馈赠亲友 情人节复活节暖心家居装饰 节日派对佳品,2026-03-03T05:01:22.528+00:00,434,330,全托,美国,https://www.temu.com/search_result.html?search_key=606131703413527&search_method=user&region=211&regionCnName=%E7%BE%8E%E5%9B%BD,玩具与游戏
1776162859795,temu,606247130627111,https://img.kwcdn.com/product/open/a325e67b89094503802599d2a70770a6-goods.jpeg,1/4pcs 3D Printed Fidget Spinner Structural Design Desktop Relax Toy Gift for Friends,2026-02-15T11:55:54.458+00:00,1800,989,全托,美国,https://www.temu.com/search_result.html?search_key=606247130627111&search_method=user&region=211&regionCnName=%E7%BE%8E%E5%9B%BD,玩具与游戏
1776162859795,temu,606282899623974,https://img.kwcdn.com/product/algo_framework/ImageCm2InAlgo/dea6cdf2-f76b-11f0-b274-0a580aae2ec3.jpg,婴儿游戏健身房婴儿游戏垫，带钢琴的游戏垫，带有可拆卸游戏拱的游戏垫、婴儿游戏玩具、婴儿和幼儿的翻滚时间活动垫,2026-02-09T18:11:20.943+00:00,1284,700,全托,美国,https://www.temu.com/search_result.html?search_key=606282899623974&search_method=user&region=211&regionCnName=%E7%BE%8E%E5%9B%BD,玩具与游戏
1776162859795,temu,606333298409275,https://img.kwcdn.com/product/fancy/bc50f57c-e046-4e59-8123-06106fa6abcc.jpg,1%的动漫人偶，身高21.5厘米，主角是一位白发的日本风格女孩。这是一种适合汽车内饰或卧室的装饰品,2026-03-07T10:03:29.403+00:00,556,462,全托,美国,https://www.temu.com/search_result.html?search_key=606333298409275&search_method=user&region=211&regionCnName=%E7%BE%8E%E5%9B%BD,玩具与游戏
1776162859795,temu,606375174343424,https://img.kwcdn.com/product/open/1e9d2dc3578749caa2e9896e205010d6-goods.jpeg,2个装大型塔巴软糖果草莓玩具，舒缓益智玩具套装，升级卡哇伊塔巴软糖果，适合派个礼物、圣诞礼物、糖果袋填充物、复活节篮子填充物、礼物、办公室休闲、桌面配件、猫狗玩具,2026-03-06T01:55:41.595+00:00,853,791,全托,美国,https://www.temu.com/search_result.html?search_key=606375174343424&search_method=user&region=211&regionCnName=%E7%BE%8E%E5%9B%BD,玩具与游戏
1776162859795,temu,606462147445211,https://img.kwcdn.com/product/fancy/00fe3f5c-3015-45d7-a9ac-eb2b01bc41b9.jpg,25张舒缓策略卡片，包含正念与应个技巧、自我调节、情绪调节、心理健康等内容，非常适合房间装饰，情绪调节闪卡，正念支持和焦虑管理卡片，平静角落卡片，心理健康放松工具，睡前减压，提升自尊，缓解焦虑，自我关爱。,2026-03-06T17:51:10.147+00:00,723,652,全托,美国,https://www.temu.com/search_result.html?search_key=606462147445211&search_method=user&region=211&regionCnName=%E7%BE%8E%E5%9B%BD,玩具与游戏
1776162859795,temu,606515834488699,https://img.kwcdn.com/product/fancy/3dda9a86-b507-4bc9-8b80-5fce67a50417.jpg,"Panini 2026 FIFA 365 Adrenalyn XL Cards | Fan Gift Card Game, Top Club Football Cards, Official Football Cards, Must-Have for Fans",2026-03-05T17:18:39.488+00:00,424,319,全托,美国,https://www.temu.com/search_result.html?search_key=606515834488699&search_method=user&region=211&regionCnName=%E7%BE%8E%E5%9B%BD,玩具与游戏
1776162859795,temu,606561132973683,https://img.kwcdn.com/product/fancy/7d4ee28f-6f6f-4ce7-9134-cb026f74ca20.jpg,24件套三丽欧创意儿童派个礼品套装，三丽鸥盲盒，适合复活节、圣诞节、新年倒计时礼物、派个装饰，也是婚礼、单身派个、生日派个等的完美之选，可作为学生和儿童的奖励，内含随机钥匙扣、吊坠、百搭包包挂钩。凯蒂猫装饰适合母亲节礼物、生日礼物、男女情人节礼物，完美的派个礼物！开学季礼物。,2026-01-26T15:50:27.597+00:00,1710,843,全托,美国,https://www.temu.com/search_result.html?search_key=606561132973683&search_method=user&region=211&regionCnName=%E7%BE%8E%E5%9B%BD,玩具与游戏
1776162859795,temu,601101685603650,https://img.kwcdn.com/product/fancy/17d86a29-6d2b-433c-8253-560fab8019da.jpg,"16pcs Pack 12inch Holy Communion Balloons - Religious Latex Baptism Balloons Suitable for Christening, Boys & Girls First Confiramtion, Child Dedication Party Decorations, God Bless Balloons",2026-03-08T11:02:45.250+00:00,844,517,全托,美国,https://www.temu.com/search_result.html?search_key=601101685603650&search_method=user&region=211&regionCnName=%E7%BE%8E%E5%9B%BD,玩具与游戏
1776162859795,temu,601102514370006,https://img.kwcdn.com/product/fancy/4dd11832-a39d-4f7a-91f1-f67c3845e9ea.jpg,16只蓝桃色性别揭晓气球，12英寸男女宝宝装饰气球，适用于性别揭晓主题派对装饰、团聚派对、订婚、婚礼、新娘送礼会、生日惊喜,2026-03-08T11:14:12.408+00:00,646,321,全托,美国,https://www.temu.com/search_result.html?search_key=601102514370006&search_method=user&region=211&regionCnName=%E7%BE%8E%E5%9B%BD,玩具与游戏
1776162859795,temu,603215529621654,https://img.kwcdn.com/local-goods-image/57e01dd8/a1930b0e-ceca-4ac4-84f4-63f29c533026.jpeg,【火红版 & 紫版】白色火焰 散装增强包,2026-04-05T00:28:25.158+00:00,853,319,半托,美国,https://www.temu.com/search_result.html?search_key=603215529621654&search_method=user&region=211&regionCnName=%E7%BE%8E%E5%9B%BD,玩具与游戏
1776162859795,temu,605576310406945,https://img.kwcdn.com/product/fancy/7856e986-223c-4fb8-b385-799ab5874795.jpg,1+1套装 2026年限定版掌上游戏机与手表礼盒套装 适合男孩，3.0英寸大屏便携游戏系统无卡顿，送给游戏爱好者的圣诞礼物（手表颜色随机）,2026-02-28T08:57:47.860+00:00,572,468,半托,美国,https://www.temu.com/search_result.html?search_key=605576310406945&search_method=user&region=211&regionCnName=%E7%BE%8E%E5%9B%BD,玩具与游戏
1776162859795,temu,605649794598933,https://img.kwcdn.com/product/open/0fd6b44780824069ad49dfbabf12a883-goods.jpeg,定制金币 | 激光雕刻，耐腐蚀，送给家人和朋友的理想选择，爱意和告白的完美礼物，情人节的独特记忆礼物,2026-02-06T03:13:42.957+00:00,1024,376,全托,美国,https://www.temu.com/search_result.html?search_key=605649794598933&search_method=user&region=211&regionCnName=%E7%BE%8E%E5%9B%BD,玩具与游戏
1776162859795,temu,605701502029791,https://img.kwcdn.com/product/open/540c7938719f48e7bccb577423f189ab-goods.jpeg,1pc自由女神纪念币复制品,2026-02-07T05:13:40.703+00:00,478,459,半托,美国,https://www.temu.com/search_result.html?search_key=605701502029791&search_method=user&region=211&regionCnName=%E7%BE%8E%E5%9B%BD,玩具与游戏
1776162859795,temu,605825150119807,https://img.kwcdn.com/product/fancy/391ee546-18ed-4ee7-8092-1ff4eceeb1f4.jpg,三层魔方益智玩具 - 纯色可旋转脑力挑战器，顺滑无卡顿，多色可选（蓝/红/黄） - 适合初学者的圣诞礼物，提升空间感知与问题解决能力,2026-02-07T12:58:43.540+00:00,1166,1023,全托,美国,https://www.temu.com/search_result.html?search_key=605825150119807&search_method=user&region=211&regionCnName=%E7%BE%8E%E5%9B%BD,玩具与游戏
1776162859795,temu,605899506731288,https://img.kwcdn.com/product/open/a9d687b8fd0e4717a549beb9b2198dc0-goods.jpeg,"Taba Transparent or Semi-transparent Pink Cheerful Smiling Face Ball Squeeze Toy - Slow Rebound, Squeeze Toy/Taba Squeeze Toy, Soft Taba Fingertip Toy, Ideal Easter/Thanksgiving/small Family Party Toy, Ideal Party Gift, Perfect Toy for Office",2026-03-02T12:35:32.046+00:00,551,483,全托,美国,https://www.temu.com/search_result.html?search_key=605899506731288&search_method=user&region=211&regionCnName=%E7%BE%8E%E5%9B%BD,玩具与游戏
1776162859795,temu,606032113852568,https://img.kwcdn.com/product/fancy/b09a4cf1-2560-4f24-b521-14d437a19f06.jpg,"The New E88 PRO MAX Drone Comes With A Remote Control, Built-in 4K Dual Cameras, Two Batteries, Motors And Obstacle Avoidance Function, One-hour Safe Return, LED Lights, A Foldable Quadcopter Drone, Equipped With Maintenance Tools And Spare Propelle",2026-03-12T01:42:14.229+00:00,592,587,半托,美国,https://www.temu.com/search_result.html?search_key=606032113852568&search_method=user&region=211&regionCnName=%E7%BE%8E%E5%9B%BD,玩具与游戏
1776162859795,temu,606306521953502,https://img.kwcdn.com/product/fancy/81a7936b-4699-4fbf-8283-82128ddb19ce.jpg,"32-Page Math Fractions Workbook: Color-Coded Visual & Interactive Exercises - Step-by-Step Lessons, Fun Activities & Assessments - for Homeschooling & Classroom Learning - Fractions, Decimals, Percents, Ratios, Workbook, Engaging Practice",2026-02-20T13:21:35.951+00:00,2100,1270,全托,美国,https://www.temu.com/search_result.html?search_key=606306521953502&search_method=user&region=211&regionCnName=%E7%BE%8E%E5%9B%BD,玩具与游戏
1776162859795,temu,606425707311764,https://img.kwcdn.com/product/open/edede1d7289d4a8cb9abbe08ff6a0964-goods.jpeg,1本20×20螺旋装订成人复活节涂色书 | 24页厚纸，特色是带花篮的复活节兔子，激发想象力，缓解压力和放松身心，是送给朋友和家人的理想礼物,2026-02-02T21:11:35.169+00:00,1809,1404,全托,美国,https://www.temu.com/search_result.html?search_key=606425707311764&search_method=user&region=211&regionCnName=%E7%BE%8E%E5%9B%BD,玩具与游戏
1776162859795,temu,606489058064441,https://img.kwcdn.com/product/fancy/93764ccf-3c70-41be-aa82-7af76e81d741.jpg,MOC动物系列树蛙模型积木创意套装拼装建筑积木玩具 朋友生日礼物/圣诞礼物/万圣节礼物,2026-02-04T06:21:37.358+00:00,599,310,全托,美国,https://www.temu.com/search_result.html?search_key=606489058064441&search_method=user&region=211&regionCnName=%E7%BE%8E%E5%9B%BD,玩具与游戏
1776162859795,temu,601103357859880,https://img.kwcdn.com/product/fancy/f73fe54a-f82e-49b1-be3b-67aa049bf6f6.jpg,"8 Bulk Teddy Bears, Small Khaki Plush Toys, Stuffed Animals in Bulk, Small Soft Bears, Plush Decorations for Weddings, Birthdays, Christmas, And Parties",2026-01-26T01:05:10.428+00:00,684,324,半托,美国,https://www.temu.com/search_result.html?search_key=601103357859880&search_method=user&region=211&regionCnName=%E7%BE%8E%E5%9B%BD,玩具与游戏
1776162859795,temu,605521616672818,https://img.kwcdn.com/product/open/c9d725f37df84a67a9e04161f7cf0ce1-goods.jpeg,65块海景主题桌游棋盘，海边逃脱游戏积木麻将套装，迷你麻将组，图案麻将游戏，海滨桌游，适合派对聚会的家庭桌游，耐用且便携，完美的节日礼物,2026-01-31T03:08:23.335+00:00,748,496,全托,美国,https://www.temu.com/search_result.html?search_key=605521616672818&search_method=user&region=211&regionCnName=%E7%BE%8E%E5%9B%BD,玩具与游戏
1776162859795,temu,605605905417020,https://img.kwcdn.com/product/open/795af04a2aba492ea57aeec71edb3e99-goods.jpeg,10件自制挑战币 3D立体浮雕硬币 美国250周年纪念币 1776——2026周年纪念币 纪念币 双面历史设计收藏级纪念币，250年历史纪念礼品，适用于圣诞、万圣节、情人节 礼品和展示 纪念币礼物 类目：玩具钱与收银机,2026-01-25T07:30:23.771+00:00,1614,358,半托,美国,https://www.temu.com/search_result.html?search_key=605605905417020&search_method=user&region=211&regionCnName=%E7%BE%8E%E5%9B%BD,玩具与游戏
1776162859795,temu,605736297967042,https://img.kwcdn.com/product/open/6a78a0a45b114b548196c545136f259f-goods.jpeg,专业折叠国际象棋套装，含棋子和2个备用卒子 - 高级礼品盒，旅行友好型便携式桌面游戏，适用于跳棋和国际象棋策略，适用于33个场景,2026-02-28T08:35:39.886+00:00,371,355,半托,美国,https://www.temu.com/search_result.html?search_key=605736297967042&search_method=user&region=211&regionCnName=%E7%BE%8E%E5%9B%BD,玩具与游戏
1776162859795,temu,605888299500827,https://img.kwcdn.com/product/open/26f0467a2bbc428fb1ed18089f8dd517-goods.jpeg,教你如何绘画：包含200+ 步骤绘画书 - 一本绘画爱好者绘制任何事物的指南，绘画指南，生日和圣诞礼物，创意学习绘画与填色，包含趣味插图与高品质纸张，年轻艺术家步骤指南,2026-03-04T17:31:37.500+00:00,2390,1677,全托,美国,https://www.temu.com/search_result.html?search_key=605888299500827&search_method=user&region=211&regionCnName=%E7%BE%8E%E5%9B%BD,玩具与游戏
1776162859795,temu,606213643287808,https://img.kwcdn.com/product/fancy/2c43f74b-7a85-432e-a5d7-5d8ee7680e85.jpg,"奇特桃花潭盆景树屋积木套装，娱乐缓压玩具，植物花卉树屋建筑微型迷你积木套装 ，新奇桃花潭颗粒堆叠积木适合成年青少年，迷你桃花潭办公摆件 ，圣诞礼物，情人节礼物,",2026-02-13T00:52:07.206+00:00,1225,730,全托,美国,https://www.temu.com/search_result.html?search_key=606213643287808&search_method=user&region=211&regionCnName=%E7%BE%8E%E5%9B%BD,玩具与游戏
1776162859795,temu,606318064693168,https://img.kwcdn.com/product/fancy/d9d62343-04f7-4022-a9e7-b409d16b4b49.jpg,8/16/32pcs摇摆玩具/摇摆玩偶/儿童派对礼品包/礼品袋填充物/适合儿童的摇摆玩具 感官玩具/适用于旅行的摇摆玩具/摇摆玩具奖品/适合男孩女孩的奖品/恐龙造型万圣节/感恩节/圣诞节复活节礼物,2026-01-17T07:42:31.202+00:00,564,303,全托,美国,https://www.temu.com/search_result.html?search_key=606318064693168&search_method=user&region=211&regionCnName=%E7%BE%8E%E5%9B%BD,玩具与游戏
1776162859795,temu,606404098272499,https://img.kwcdn.com/product/fancy/bef87e9b-be2b-48fc-9d8f-fec663233311.jpg,一套6个趣味手指弹弓忍者玩具，儿童的引人入胜玩具，非常适合派对、课堂中的宝箱，以及作为男孩和女孩的礼物。非常适合装进礼品袋、圣诞礼物，以及各种庆祝活动，如万圣节、复活节。,2026-01-19T01:34:47.587+00:00,937,669,全托,美国,https://www.temu.com/search_result.html?search_key=606404098272499&search_method=user&region=211&regionCnName=%E7%BE%8E%E5%9B%BD,玩具与游戏
1776162859795,temu,606444967554328,https://img.kwcdn.com/product/open/32179ffeec9d4e34a43dc1f5fc6bcf1f-goods.jpeg,Panini 2026 FIFA 365 Adrenalyn XL Surprise Pack | Collectible Fan Gift Trading Card Game Star Cards Official Star Cards Football Merchandise Fan Good Gift,2026-03-04T05:46:12.849+00:00,684,342,全托,美国,https://www.temu.com/search_result.html?search_key=606444967554328&search_method=user&region=211&regionCnName=%E7%BE%8E%E5%9B%BD,玩具与游戏
1776162859795,temu,606547174375904,https://img.kwcdn.com/product/fancy/b7bb48ee-3518-43a1-9389-1a2ab93083a6.jpg,超萌兔子情侣抱枕，两种颜色可选。这款娃娃带有蝴蝶结和波点，眼睛大且面红娇羞。非常适合复活节、情人节、生日、新年庆祝活动。,2026-01-25T13:26:54.257+00:00,1237,381,全托,美国,https://www.temu.com/search_result.html?search_key=606547174375904&search_method=user&region=211&regionCnName=%E7%BE%8E%E5%9B%BD,玩具与游戏
1776162859795,temu,601102317235706,https://img.kwcdn.com/product/open/8e75b35e44354a639cc3bf517a20d998-goods.jpeg,200张卡通动物主题2D平面贴纸，不重复精美装饰，适用于节日礼物、庆祝派对和家居装饰，班级奖励、生日礼物、自行车、滑板车、行李箱、笔记本、水瓶，2D平面,2026-02-06T05:11:34.102+00:00,890,358,半托,美国,https://www.temu.com/search_result.html?search_key=601102317235706&search_method=user&region=211&regionCnName=%E7%BE%8E%E5%9B%BD,玩具与游戏
1776162859795,temu,601105069347862,https://img.kwcdn.com/product/open/3fe00eaeacdb4746b54170afae7767ff-goods.jpeg,"300pcs Bible Verse Stickers Compatible for all Devices - Non-Repeating Bible Quotes with John 3:16, Psalms, Proverbs - Removable Self-Adhesive Christian Decals Suitable for Church, School, Home, Car, Laptop, Phone Case - High-Resolution Print,",2026-01-05T10:38:32.285+00:00,447,315,半托,美国,https://www.temu.com/search_result.html?search_key=601105069347862&search_method=user&region=211&regionCnName=%E7%BE%8E%E5%9B%BD,玩具与游戏
1776162859795,temu,601105788886762,https://img.kwcdn.com/product/fancy/5f80ce66-4466-4fee-9112-e3639d37b942.jpg,统一定制【金色】水晶贴，贴纸个性化定制，UV转印透明品牌，丝网印刷，自粘字母剥离膜热压高品质贴纸，适用于包装盒、贺卡、婚礼、生日，商业品牌推广。,2026-03-06T04:27:11.363+00:00,390,364,全托,美国,https://www.temu.com/search_result.html?search_key=601105788886762&search_method=user&region=211&regionCnName=%E7%BE%8E%E5%9B%BD,玩具与游戏
1776162859795,temu,601105808264567,https://img.kwcdn.com/product/fancy/0c402d55-c94a-4c48-bc48-1a463aadc6b4.jpg,40件，磁性积木玩具套装，益智磁性积木拼搭套装，磁性积木玩具套装，儿童礼物磁性玩具，颜色和款式随机,2026-01-18T07:14:15.233+00:00,1502,749,全托,美国,https://www.temu.com/search_result.html?search_key=601105808264567&search_method=user&region=211&regionCnName=%E7%BE%8E%E5%9B%BD,玩具与游戏
1776162859795,temu,605510543722374,https://img.kwcdn.com/product/open/e571f91ad1c247289880e1a07792944e-goods.jpeg,"Prefilled Easter Eggs Containing Cute Slow Rising Fast Food Squishies | Ideal For Egg Hunts, Classroom Rewards, Easter Birthday Presents, Mixed Color, Thermoplastic Polyurethane Material",2026-02-27T15:08:57.652+00:00,406,399,全托,美国,https://www.temu.com/search_result.html?search_key=605510543722374&search_method=user&region=211&regionCnName=%E7%BE%8E%E5%9B%BD,玩具与游戏
1776162859795,temu,605520207443534,https://img.kwcdn.com/product/fancy/2d4b8469-6d15-4f51-841a-b0ce31cba0cb.jpg,"3D 打印耐用材质可变形折叠魔方—便携多面翻转拼图立方体，办公室摆件,注意力辅助神器，无聊克星,艺术工艺手持玩具，携带方便，创意新奇圣诞、新年、各种节日礼物",2026-02-24T13:14:34.186+00:00,519,362,全托,美国,https://www.temu.com/search_result.html?search_key=605520207443534&search_method=user&region=211&regionCnName=%E7%BE%8E%E5%9B%BD,玩具与游戏
1776162859795,temu,605527992040780,https://img.kwcdn.com/product/fancy/29e30a07-ed03-4d57-b251-8488fcdd4edf.jpg,1个逼真柔软牛奶盒挤压玩具摆件，趣味慢回弹解压玩具派个装饰品，趣味圣诞节感恩节新年派个礼物，家居装饰派个礼物生日礼物，复活节礼物,2026-03-07T08:19:45.635+00:00,967,803,全托,美国,https://www.temu.com/search_result.html?search_key=605527992040780&search_method=user&region=211&regionCnName=%E7%BE%8E%E5%9B%BD,玩具与游戏
1776162859795,temu,605654425138844,https://img.kwcdn.com/product/open/06f61dc8b81b44f8b72f65e79ba73294-goods.jpeg,3D感官忙碌板立方体，带20根彩色棒，纹理活动拼图块，用于手指练习、手眼协调和空间思维，光滑边缘设计桌面游戏工具，适合家庭办公室旅行，创意解压指尖玩具，青少年礼物,2026-03-05T06:17:09.500+00:00,438,344,全托,美国,https://www.temu.com/search_result.html?search_key=605654425138844&search_method=user&region=211&regionCnName=%E7%BE%8E%E5%9B%BD,玩具与游戏
1776162859795,temu,605669793041290,https://img.kwcdn.com/product/fancy/3c26cabb-6c90-4f3e-9215-9824df43dc08.jpg,黑色手枪玩具模型，模型级别半自动抛壳手枪玩具，适合作为角色扮演的玩具手枪道具，适合节日礼物送礼,2026-01-26T19:14:07.397+00:00,1382,552,全托,美国,https://www.temu.com/search_result.html?search_key=605669793041290&search_method=user&region=211&regionCnName=%E7%BE%8E%E5%9B%BD,玩具与游戏
1776162859795,temu,605707776672996,https://img.kwcdn.com/product/fancy/b6b31911-0aa2-45bb-bd03-b812f5bebcb8.jpg,"24pcs Kids' Kitchen Toy Set - Realistic Food Toys in Bright Colors, Including Vegetables, Fruits, Etc. - Durable Material - Ideal for Pretend Play and Holiday Gifts",2026-02-04T12:52:38.541+00:00,497,319,全托,美国,https://www.temu.com/search_result.html?search_key=605707776672996&search_method=user&region=211&regionCnName=%E7%BE%8E%E5%9B%BD,玩具与游戏
1776162859795,temu,605737304603787,https://img.kwcdn.com/product/fancy/e6dbb0e6-247a-4283-b97a-0acdee7d9222.jpg,"Card Deck Box with TCG Card Sleeves 100CT, Trading Card Storage Box Holds 120+ Sleeved Cards, PU Leather Card Box, Matte Back & Clear Front, 66x91mm, Collectible Card Storage, Dynamic Design, Protective Cover, CCG Card Protector",2026-02-09T11:20:04.101+00:00,611,326,全托,美国,https://www.temu.com/search_result.html?search_key=605737304603787&search_method=user&region=211&regionCnName=%E7%BE%8E%E5%9B%BD,玩具与游戏
1776162859795,temu,605809916396647,https://img.kwcdn.com/product/fancy/817f5c22-3015-4384-bced-6b1a1a5bfb06.jpg,"21英寸六弦仿木纹塑料吉他橙色咖啡色，设计巧妙、结构精细, 新颖独特，适合初学者，适合青少年新手简单练习吉它男女音乐吉他，也可以用于家居装饰摆设不错的选择，聚会派对，适合情人节圣帕节斋月复活节母亲节新年生日礼物，",2026-02-09T23:07:15.819+00:00,418,336,全托,美国,https://www.temu.com/search_result.html?search_key=605809916396647&search_method=user&region=211&regionCnName=%E7%BE%8E%E5%9B%BD,玩具与游戏
1776162859795,temu,605817298339822,https://img.kwcdn.com/product/fancy/5b24d8b0-11dc-49b4-aa8f-959c216bc4af.jpg,1个熊猫挤压玩具，柔软有弹性，萌趣熊猫慢回弹解压玩具。适合青少年和成人的感官玩具。是圣诞礼物、万圣节小礼物、复活节篮子填充物、情人节礼物及派对礼品的完美选择,2026-02-02T20:29:46.706+00:00,889,348,全托,美国,https://www.temu.com/search_result.html?search_key=605817298339822&search_method=user&region=211&regionCnName=%E7%BE%8E%E5%9B%BD,玩具与游戏
1776162859795,temu,605908163749075,https://img.kwcdn.com/product/fancy/3263caf3-3b95-46d7-a96e-0c7d98cb1ac1.jpg,47寸复活节站立破壳鸡铝膜气球 超大的尺寸摆放在复活节派对或者聚会中 使现场的气氛变得更有复活节的气息让人们更能愉悦的玩耍,2026-02-02T07:40:06.170+00:00,3902,1696,全托,美国,https://www.temu.com/search_result.html?search_key=605908163749075&search_method=user&region=211&regionCnName=%E7%BE%8E%E5%9B%BD,玩具与游戏
1776162859795,temu,605981312395890,https://img.kwcdn.com/product/fmket/e68e53d2a4bffb5289edfc20c7e70658.jpg,1PC创意牛顿摆永动仪，决策幸运球桌面摆件，可协助决策的减压球，办公室解压神器，家居书桌创意礼品,2026-02-06T00:35:20.631+00:00,610,359,全托,美国,https://www.temu.com/search_result.html?search_key=605981312395890&search_method=user&region=211&regionCnName=%E7%BE%8E%E5%9B%BD,玩具与游戏
1776162859795,temu,605982990139199,https://img.kwcdn.com/product/fancy/2f116358-fe8a-4b55-a979-c93e93c6d00e.jpg,1PC旋转环兔子蛋，缓解手指压力神器，平面与立体设计结合 立体展现兔子蛋精致可爱设计形象，突显节日氛围感，高质感环保PLA材质，适用于复活节增加趣味 适用于居家、办公桌面缓解手指压力、趣味解压解乏 贴心时尚的送人礼物,2026-02-07T05:12:10.071+00:00,912,502,全托,美国,https://www.temu.com/search_result.html?search_key=605982990139199&search_method=user&region=211&regionCnName=%E7%BE%8E%E5%9B%BD,玩具与游戏
1776162859795,temu,606003324155335,https://img.kwcdn.com/product/fancy/a16c996b-5d42-4928-b2ea-41308be82a30.jpg,24件套三丽欧库洛米创意儿童派个礼品套装，三丽欧盲盒，儿童派个礼袋填充物，女孩礼物，适合复活节、圣诞节、新年倒计时礼物、派个装饰，也是婚礼、单身派个、生日派个等的完美之选，可作为学生和儿童的奖励，创意系列吊坠和配件。开学季和毕业季礼物。,2026-02-27T19:06:49.472+00:00,452,385,全托,美国,https://www.temu.com/search_result.html?search_key=606003324155335&search_method=user&region=211&regionCnName=%E7%BE%8E%E5%9B%BD,玩具与游戏
1776162859795,temu,606175122831172,https://img.kwcdn.com/product/open/ed1a82ad88c54854b9828a50d23dc934-goods.jpeg,"20pcs Mini Cute Burger Pull-Back Cars, Children's Toy for Birthday Parties, Suitable for Christmas, Piñata Fillers, and Children's Holiday Gifts. Classroom Reward Items (Random)",2026-01-27T11:18:24.553+00:00,578,332,全托,美国,https://www.temu.com/search_result.html?search_key=606175122831172&search_method=user&region=211&regionCnName=%E7%BE%8E%E5%9B%BD,玩具与游戏
1776162859795,temu,606394501698104,https://img.kwcdn.com/product/open/14e9cf61eb01456294913dbef701f2a0-goods.jpeg,40英寸数字铝箔气球，足球主题设计，适用于生日派对装饰和足球赛事布置,2026-03-07T00:47:00.923+00:00,699,532,全托,美国,https://www.temu.com/search_result.html?search_key=606394501698104&search_method=user&region=211&regionCnName=%E7%BE%8E%E5%9B%BD,玩具与游戏
1776162859795,temu,606409064333032,https://img.kwcdn.com/product/open/2c26fe0983b343b191e7b2f2d10084d8-goods.jpeg,"Sanrio Hello Kitty 9.84inch, a Sitting Posture Holding Strawberry Kulomi Melody Plush Toy, Decompression Toy, Home Decoration Ornament, Doll for Girlfriend's Ideal Choice, Perfect Birthday Gift, Holiday Gift",2026-02-22T02:31:22.805+00:00,520,447,半托,美国,https://www.temu.com/search_result.html?search_key=606409064333032&search_method=user&region=211&regionCnName=%E7%BE%8E%E5%9B%BD,玩具与游戏
1776162859795,temu,601104844414298,https://img.kwcdn.com/product/fancy/6a48ff56-0bec-4ec7-92b1-e40f42418fa5.jpg,2只装弹性复活节兔子拉管玩具 | 柔韧螺旋四肢与强力吸盘，可摆出多种姿势，提升视觉/触觉能力，适合旅行与室内娱乐，圣诞节、复活节馈赠儿童佳品,2026-01-30T06:26:29.151+00:00,770,572,全托,美国,https://www.temu.com/search_result.html?search_key=601104844414298&search_method=user&region=211&regionCnName=%E7%BE%8E%E5%9B%BD,玩具与游戏
1776162859795,temu,601105724646182,https://img.kwcdn.com/product/fancy/54426414-5f14-47b1-be7c-1fa88f9ce0bf.jpg,1PC 卡哇伊卡通图案存钱罐 精致可爱卡通储蓄罐 创意圆柱体存钱罐 生日礼物 家居摆件 节日装饰,2026-02-06T03:18:52.756+00:00,802,328,全托,美国,https://www.temu.com/search_result.html?search_key=601105724646182&search_method=user&region=211&regionCnName=%E7%BE%8E%E5%9B%BD,玩具与游戏
1776162859795,temu,605552755215315,https://img.kwcdn.com/product/fancy/73cc330c-b164-489b-b2a6-d1393c60a539.jpg,"Toy Made of Wooden Stacking Blocks, a Game for Sorting Shapes with Color And Shape Matching, Designed to Enhance Fine Motor Skills, Safe For, an Educational Puzzle, Perfect As a Learning Tower for Christmas",2026-02-14T07:07:14.750+00:00,1300,722,半托,美国,https://www.temu.com/search_result.html?search_key=605552755215315&search_method=user&region=211&regionCnName=%E7%BE%8E%E5%9B%BD,母婴用品
1776162859795,temu,605600536711813,https://img.kwcdn.com/product/fancy/b7139bb4-8d93-47e1-ab45-18ddc56b00c7.jpg,"Cute Hamster Squeeze Toy, Upgraded High-Quality Sensory Toy, Suitable as Office Fidget Toys and Small Gifts, Holiday Decoration Gifts. Party Stress-Relief Mini Toy, Christmas, Thanksgiving, Easter Gift, Gift Bag Filler",2026-02-09T02:56:06.928+00:00,546,481,全托,美国,https://www.temu.com/search_result.html?search_key=605600536711813&search_method=user&region=211&regionCnName=%E7%BE%8E%E5%9B%BD,玩具与游戏
1776162859795,temu,605639325615305,https://img.kwcdn.com/product/fancy/9be0f67a-122e-4b73-b346-fd2f991117ea.jpg,"Premium 1280-Pocket Trading Card Binder with 20-Pocket Convenient Ringless Side-Loading Album. Features a High-quality, Durable PU Cover Made from Acid-free and PVC-free Materials That Meet Archival Preservation Standards. Easily Organize Your Entire",2026-01-16T12:55:45.940+00:00,917,338,全托,美国,https://www.temu.com/search_result.html?search_key=605639325615305&search_method=user&region=211&regionCnName=%E7%BE%8E%E5%9B%BD,玩具与游戏
1776162859795,temu,605842531290851,https://img.kwcdn.com/product/open/a85cee7e9e1c435b94cc73392cbd1bcd-goods.jpeg,复活节彩蛋填充玩具套装 - 内含降落伞玩具的预装彩蛋填充物，适合4-12岁男女童的复活节礼物创意及户外游戏,2026-02-22T10:54:03.524+00:00,658,445,半托,美国,https://www.temu.com/search_result.html?search_key=605842531290851&search_method=user&region=211&regionCnName=%E7%BE%8E%E5%9B%BD,玩具与游戏
1776162859795,temu,605857026812548,https://img.kwcdn.com/product/fmket/ac8dc912d0d7875fd676fd2319881c9c.jpg,一款42厘米/16.54英寸柔软亚麻兔子娃娃，填充棉绒的毛绒玩具，穿着潮流服装，由亚麻面料制成，非常适合作为儿童礼物，也可以用作幼儿园装饰品,2026-02-20T09:42:25.383+00:00,734,303,全托,美国,https://www.temu.com/search_result.html?search_key=605857026812548&search_method=user&region=211&regionCnName=%E7%BE%8E%E5%9B%BD,玩具与游戏
1776162859795,temu,605940241810702,https://img.kwcdn.com/product/algo_check/auto/7d96d0c53e4b03a5ca9b70e10ec1b794_1766848124910.jpg,15件-笑脸表情可爱表情海绵挤压玩具，手捏按压回弹儿童球，多种表情包搞怪有趣，适用于学校活动奖品以及派对聚会游戏互动礼品男孩女孩儿童节礼物-生日礼物,2026-01-27T01:46:41.915+00:00,999,418,全托,美国,https://www.temu.com/search_result.html?search_key=605940241810702&search_method=user&region=211&regionCnName=%E7%BE%8E%E5%9B%BD,玩具与游戏
1776162859795,temu,606015001043864,https://img.kwcdn.com/product/fancy/a1eb925a-aac7-473a-845b-d0a7734fcae0.jpg,Shirune 1件装 娃娃屋微缩吊灯 1:12比例 微缩场景模型吊灯 五头吊顶灯 奢华娃娃屋装饰配件,2026-02-27T00:11:04.271+00:00,1368,446,全托,美国,https://www.temu.com/search_result.html?search_key=606015001043864&search_method=user&region=211&regionCnName=%E7%BE%8E%E5%9B%BD,玩具与游戏
1776162859795,temu,606057883655058,https://img.kwcdn.com/product/fancy/a4b1df34-6d95-4399-bb31-3301c551a276.jpg,"1 Miniature Realistic Simulation Stroller for Dollhouse Decoration, Pink/Purple Lifelike Stroller with Folding Basket and Safety Belt - Ideal Birthday Gift for Doll Lovers, Dollhouse Decor, Suitable for Dollhouse DIY Scenes, Model Enthusiasts",2026-03-13T08:41:04.083+00:00,408,368,全托,美国,https://www.temu.com/search_result.html?search_key=606057883655058&search_method=user&region=211&regionCnName=%E7%BE%8E%E5%9B%BD,玩具与游戏
1776162859795,temu,606107007309977,https://img.kwcdn.com/product/fancy/6ce3ca38-29f1-4894-a97f-910d06e7b8be.jpg,【买一送一】25张装硬质顶部装载卡片保护壳+ 赠卡盒，适用于体育卡收藏卡硬塑料亚克力防护套，标准尺寸交易卡收纳用品,2026-02-18T05:16:21.298+00:00,371,371,半托,美国,https://www.temu.com/search_result.html?search_key=606107007309977&search_method=user&region=211&regionCnName=%E7%BE%8E%E5%9B%BD,玩具与游戏
1776162859795,temu,606253237504823,https://img.kwcdn.com/product/fancy/963492a5-5345-4472-8d83-47d709566eb6.jpg,一款木质小熊喂食游戏盒 含30种食物游戏块 学习分类与颜色识别 提升手眼协调 训练使用餐具 独立进食练习 培养幼儿精细动作 专注力与生活技能 帮助宝宝练习抓握、喂养与分类能力 适合圣诞节 复活节 开学季 男女孩生日完美礼物,2026-02-02T07:18:19.000+00:00,992,640,全托,美国,https://www.temu.com/search_result.html?search_key=606253237504823&search_method=user&region=211&regionCnName=%E7%BE%8E%E5%9B%BD,母婴用品
1776162859795,temu,606406782616219,https://img.kwcdn.com/product/fancy/36870863-3aba-470e-aa1c-6608367093ca.jpg,一款42厘米/16.54英寸柔软亚麻兔子娃娃，填充棉绒的毛绒玩具，穿着潮流服装，由亚麻面料制成，非常适合作为儿童礼物，也可以用作幼儿园装饰品,2026-01-14T00:44:41.416+00:00,877,379,半托,美国,https://www.temu.com/search_result.html?search_key=606406782616219&search_method=user&region=211&regionCnName=%E7%BE%8E%E5%9B%BD,玩具与游戏
1776162859795,temu,606441142357756,https://img.kwcdn.com/product/fancy/017fda86-014a-41c5-bb47-008348188a89.jpg,59英寸立式复活节兔子夹铝膜气球——一粉一蓝两只兔子，手持彩蛋造型，萌趣可亲。用这两只气球装饰房间，能让室内氛围更添节日气息，让人更真切地感受复活节的独特韵味,2026-02-07T02:39:04.232+00:00,3686,2050,全托,美国,https://www.temu.com/search_result.html?search_key=606441142357756&search_method=user&region=211&regionCnName=%E7%BE%8E%E5%9B%BD,玩具与游戏
1776162859795,temu,606559857932992,https://img.kwcdn.com/product/open/198b1577c11447658be9fdf8f3ae55ed-goods.jpeg,三色魔方挤压玩具，麦芽糖软耐用，感官刺激玩具，旋转挤压魔方 - 挤压玩具，锻炼手指，桌面玩具，课堂奖励，节日礼物,2026-03-10T03:42:31.243+00:00,1870,1761,全托,美国,https://www.temu.com/search_result.html?search_key=606559857932992&search_method=user&region=211&regionCnName=%E7%BE%8E%E5%9B%BD,玩具与游戏
1776162859795,temu,601105586226206,https://img.kwcdn.com/product/open/6f7ff13d2fa34c769d3817b11e87c93e-goods.jpeg,"Labrador Sheriff Plush Toy - Soft Huggable Police Dog Doll with Sheriff Badge & Uniform, Cuddly Gift for & (Birthday, Christmas, Easter) - Stuffed Animal for Bedtime & Role Play",2026-01-25T08:17:13.876+00:00,1200,593,全托,美国,https://www.temu.com/search_result.html?search_key=601105586226206&search_method=user&region=211&regionCnName=%E7%BE%8E%E5%9B%BD,玩具与游戏
1776162859795,temu,605530206636607,https://img.kwcdn.com/product/fancy/732b07b1-d0e0-4cdd-b7c3-cdd5cc56d39a.jpg,复活节59寸站立堆叠款铝膜气球 有兔子 小鸡还有蛋 在复活节这天将这个 堆叠款放置在复活节派对或者聚会中 使房间的氛围变得更好 更有复活节的气息,2026-02-02T12:37:45.327+00:00,1193,567,全托,美国,https://www.temu.com/search_result.html?search_key=605530206636607&search_method=user&region=211&regionCnName=%E7%BE%8E%E5%9B%BD,玩具与游戏
1776162859795,temu,605739250763355,https://img.kwcdn.com/product/fancy/554da714-54f9-493c-9cc9-657073b3005b.jpg,"4pcs Floating Bath Learning Toy • Letter, Number, and Animal Water Games • Made of ABS Material • Children's Bathroom Toy",2026-02-08T12:23:59.792+00:00,773,372,全托,美国,https://www.temu.com/search_result.html?search_key=605739250763355&search_method=user&region=211&regionCnName=%E7%BE%8E%E5%9B%BD,母婴用品
1776162859795,temu,605852866029125,https://img.kwcdn.com/product/open/9207d60a286148b7b1d1b191f9e5f3f0-goods.jpeg,13PCS/16PCS/19PCS呆萌可爱迷你龙3D打印装饰品，独特可爱的家居装饰、办公室装饰与汽车摆件，适合万圣节、复活节、圣诞节、父亲节、母亲节、生日派对的礼物,2026-03-04T13:36:25.714+00:00,484,334,全托,美国,https://www.temu.com/search_result.html?search_key=605852866029125&search_method=user&region=211&regionCnName=%E7%BE%8E%E5%9B%BD,玩具与游戏
1776162859795,temu,605875683098009,https://img.kwcdn.com/product/open/928fe02b0ed64c9b81100e65bd671182-goods.jpeg,暗区突围周边模型 Hangya 手刺 | 酷炫战术风格收藏手工模型摆件，游戏道具，男孩礼物收藏，纪念模型，混色PVC材质,2026-01-09T09:32:28.322+00:00,373,371,半托,美国,https://www.temu.com/search_result.html?search_key=605875683098009&search_method=user&region=211&regionCnName=%E7%BE%8E%E5%9B%BD,玩具与游戏
1776162859795,temu,606368463478345,https://img.kwcdn.com/product/open/6288b416f9d84e65b74d83d4c9362e1e-goods.jpeg,"Taba Durable Soft and Cute Chicken Toy - A Sensory Toy with a Relaxing Touch on Your Fingertips, a Fun and Adorable Squeezing Gift, Perfect for Birthday Party Presents",2026-02-27T12:40:45.942+00:00,735,598,全托,美国,https://www.temu.com/search_result.html?search_key=606368463478345&search_method=user&region=211&regionCnName=%E7%BE%8E%E5%9B%BD,玩具与游戏
1776162859795,temu,606481944546543,https://img.kwcdn.com/product/fancy/e6bf0a80-0869-4523-8539-81f48fe31db7.jpg,"1 Pack/2 Packs, Store-Themed Stickers, Shop Management Storage Scene Stickers, Collage Decorative Stickers, Fun Stationery Stickers for Collages, Scrapbooks, Photo Albums, Phone Cases, Diaries, Calendars, And Greeting Cards",2026-02-25T15:27:21.842+00:00,518,308,全托,美国,https://www.temu.com/search_result.html?search_key=606481944546543&search_method=user&region=211&regionCnName=%E7%BE%8E%E5%9B%BD,玩具与游戏
1776162859795,temu,606497044013526,https://img.kwcdn.com/product/open/cc1364774dc94fd685e2482743bb5063-goods.jpeg,儿童化妆套装，可水洗，套装，美甲套装，公主玩具与生日礼物，适合3岁及以上女童，是情人节、圣诞节及返校季礼物的完美选择,2026-03-10T02:17:12.401+00:00,324,323,半托,美国,https://www.temu.com/search_result.html?search_key=606497044013526&search_method=user&region=211&regionCnName=%E7%BE%8E%E5%9B%BD,玩具与游戏
1776162859795,temu,606549187592974,https://img.kwcdn.com/product/fancy/123f386d-bdd4-45d2-b14d-2ebe4f53a014.jpg,可爱泰迪熊毛绒玩具 卡通熊抱着小熊/迷你熊玩偶 趣味软萌互动公仔 温馨家居沙发装饰 卧室书桌摆件 亲友馈赠佳品,2026-02-07T19:33:54.262+00:00,430,318,全托,美国,https://www.temu.com/search_result.html?search_key=606549187592974&search_method=user&region=211&regionCnName=%E7%BE%8E%E5%9B%BD,玩具与游戏
1776162859795,temu,601099537769324,https://img.kwcdn.com/product/fancy/4e0ab3c7-e932-4f58-abc1-eaa52ce478bf.jpg,25cm Axolotl毛绒玩偶抱枕柔软可爱的Axolotl毛绒枕头家居装饰,2026-01-28T07:47:08.236+00:00,3755,1394,全托,美国,https://www.temu.com/search_result.html?search_key=601099537769324&search_method=user&region=211&regionCnName=%E7%BE%8E%E5%9B%BD,玩具与游戏
1776162859795,temu,601099807227065,https://img.kwcdn.com/product/fmket/194e17513289b817b927c93a07bda665.jpg,6合1学习益智套装玩具，堆叠玩具，26件婴儿玩具，儿童感官学习玩具，布书，婴儿洗澡时间乐趣，适合6个月以上男孩女孩，生日礼物,2026-01-30T16:01:03.471+00:00,744,415,半托,美国,https://www.temu.com/search_result.html?search_key=601099807227065&search_method=user&region=211&regionCnName=%E7%BE%8E%E5%9B%BD,玩具与游戏
1776162859795,temu,601101501067272,https://img.kwcdn.com/product/fancy/e83df081-11ff-47f0-a3c1-36afd3c96456.jpg,1套公主花装和上衣设计套装，适合11.8英寸娃娃 - 聚酯纤维，生动的花卉图案，女孩的完美礼物（娃娃不包括在内），娃娃服装 | 乐观的设计 | 耐用的布料，娃娃配件,2026-03-04T02:45:10.005+00:00,1437,458,半托,美国,https://www.temu.com/search_result.html?search_key=601101501067272&search_method=user&region=211&regionCnName=%E7%BE%8E%E5%9B%BD,玩具与游戏
1776162859795,temu,601102951462709,https://img.kwcdn.com/product/fancy/52e1de80-9738-40b8-a23d-1245a072d0c6.jpg,大容量自动卷钱储蓄罐，带数字密码的ABS材质密码箱，儿童卡通存款机玩具,2026-02-09T22:16:02.268+00:00,732,309,半托,美国,https://www.temu.com/search_result.html?search_key=601102951462709&search_method=user&region=211&regionCnName=%E7%BE%8E%E5%9B%BD,玩具与游戏
1776162859795,temu,601103601381695,https://img.kwcdn.com/product/fancy/6cbe02a3-6cff-424a-8c51-b411cf6f2d8e.jpg,"A Box of Romantic Couple'S Card Games, Adult Fun Tabletop Conversation Cards, Ice-Breaking Interaction Tools to Deepen Relationships, Suitable for Game Date Nights, Couple'S Leisure Vacations, And Entertainment Games. A Perfect Gift for Boyfriends",2026-01-30T10:19:31.979+00:00,607,331,全托,美国,https://www.temu.com/search_result.html?search_key=601103601381695&search_method=user&region=211&regionCnName=%E7%BE%8E%E5%9B%BD,玩具与游戏
1776162859795,temu,601103832558795,https://img.kwcdn.com/product/fancy/fa483c41-1fa5-4eb3-9649-203954b2855e.jpg,[日常女巫塔罗牌] 78张烫金边卡组，采用耐用纸张制作，配以金属铁盒包装。万圣节、圣诞节或感恩节的理想礼物,2026-02-11T08:32:55.836+00:00,669,340,全托,美国,https://www.temu.com/search_result.html?search_key=601103832558795&search_method=user&region=211&regionCnName=%E7%BE%8E%E5%9B%BD,玩具与游戏
1776162859795,temu,601104196905855,https://img.kwcdn.com/product/fancy/3881cf28-efc3-4e25-a54b-eb099ea70fa3.jpg,100件贴画贴纸哑光黑色幽默主题适用于塑胶玻璃金属不规则形状手机壳、笔记型电脑、水瓶、剪贴簿日记本 - 奇特装饰贴纸包，一次性使用彩色贴花DIY粘贴贴纸,2026-02-11T15:52:08.395+00:00,889,397,全托,美国,https://www.temu.com/search_result.html?search_key=601104196905855&search_method=user&region=211&regionCnName=%E7%BE%8E%E5%9B%BD,玩具与游戏
1776162859795,temu,601104938748361,https://img.kwcdn.com/product/fmket/6183f383f1564add9c245d734739181d.jpg,派对小礼品小灰猫娃娃毛绒玩具可爱的小猫头带尾巴小猫家居装饰节日礼物,2026-03-22T13:48:18.519+00:00,1031,368,全托,美国,https://www.temu.com/search_result.html?search_key=601104938748361&search_method=user&region=211&regionCnName=%E7%BE%8E%E5%9B%BD,玩具与游戏
1776162859795,temu,601105130983262,https://img.kwcdn.com/product/fancy/5fca6a9b-bf25-4c8f-8031-23e7109c20fc.jpg,500級邏輯挑戰 | 3D益智拼圖 | 空間推理棋盤計時器，隨身攜帶 | 適合居家、學校或辦公桌 - 成人、青少年和學生的批判性思維訓練 - 完美的教育禮物 - 非常適合聖誕節和萬聖節,2026-03-06T22:45:28.374+00:00,358,316,全托,美国,https://www.temu.com/search_result.html?search_key=601105130983262&search_method=user&region=211&regionCnName=%E7%BE%8E%E5%9B%BD,玩具与游戏
1776162859795,temu,601105288535987,https://img.kwcdn.com/product/open/7bbcd8192a7a4f24a88f67a3adfc1a00-goods.jpeg,慢回弹面包挤压玩具 - 超柔软减压游戏，亲肤糯米泥质感，适合放松与感官游戏,2026-01-19T14:03:57.116+00:00,844,669,半托,美国,https://www.temu.com/search_result.html?search_key=601105288535987&search_method=user&region=211&regionCnName=%E7%BE%8E%E5%9B%BD,玩具与游戏
1776162859795,temu,601105572420338,https://img.kwcdn.com/product/fancy/db4f6000-77b1-4db2-a3d7-d5ad5e9c2ad0.jpg,三丽鸥凯蒂猫金色纪念币 - 带标志性笑脸与品牌标识的镀金硬币，配透明保护盒，适合成人收藏 - 展示摆件与粉丝礼品（收藏级货币）,2026-01-29T16:40:25.836+00:00,642,343,全托,美国,https://www.temu.com/search_result.html?search_key=601105572420338&search_method=user&region=211&regionCnName=%E7%BE%8E%E5%9B%BD,玩具与游戏
1776162859795,temu,601105639219220,https://img.kwcdn.com/product/fancy/4c830286-d5f6-42b5-af6a-916348fae8d2.jpg,50张卡套，12色哑光/透明卡牌保护套，顶部加载式卡套，尺寸9.1x6.6厘米/3.58x2.6英寸，适用于标准MTG、PTCG、OCG、DTCG集换式卡牌、棒球卡、运动卡及其他高宽小于91毫米/66毫米的卡片,2026-01-05T07:48:14.661+00:00,1160,479,全托,美国,https://www.temu.com/search_result.html?search_key=601105639219220&search_method=user&region=211&regionCnName=%E7%BE%8E%E5%9B%BD,玩具与游戏
1776162863127,temu,601105770400482,https://img.kwcdn.com/product/fmket/1d5424feddaa4d620e0b4a2c73bc4976.jpg,12/24只装 多款可爱水豚挤压玩具，慢回弹玩具，情人节派对礼物，复活节礼物，新年朋友礼物，礼篮填充物，情侣礼盒填充物，课堂奖励 - 多样混装,2026-01-19T14:03:57.643+00:00,1033,503,全托,美国,https://www.temu.com/search_result.html?search_key=601105770400482&search_method=user&region=211&regionCnName=%E7%BE%8E%E5%9B%BD,玩具与游戏
1776162863127,temu,601105795339407,https://img.kwcdn.com/product/fancy/9d2ee36f-fc41-4f83-9df9-820eb8556c25.jpg,42件，磁性创意拼搭游戏套装，磁力积木玩具，多功能造型组装磁性积木，儿童益智玩具，3D磁力积木棒，颜色和款式随机，无需用电,2026-01-18T06:42:11.161+00:00,626,484,全托,美国,https://www.temu.com/search_result.html?search_key=601105795339407&search_method=user&region=211&regionCnName=%E7%BE%8E%E5%9B%BD,玩具与游戏
1776162863127,temu,601105807240229,https://img.kwcdn.com/product/fancy/942aeb50-e849-4e94-9906-4df8d3a98d24.jpg,50页老年人椅子瑜伽练习册——含坐姿瑜伽体式指南、椅子深蹲、平衡训练与拉伸内容，采用螺旋线圈装订（无需拆线），可作为家庭、健身房、疗养院的健身日志与计划本。圣诞袜填充小礼物，圣诞袜填充小礼物,2025-12-22T04:57:59.715+00:00,953,667,半托,美国,https://www.temu.com/search_result.html?search_key=601105807240229&search_method=user&region=211&regionCnName=%E7%BE%8E%E5%9B%BD,玩具与游戏
1776162863127,temu,602215875996291,https://img.kwcdn.com/local-goods-image/21a4886834/7b6b274e-5e91-4a00-b5e2-7bf296f2c3af_1080x1080.png,宝可梦100张宝可梦卡牌套装（含传说超稀有卡牌）- 内含Krudcards卡盒,2026-01-24T20:33:41.239+00:00,570,314,半托,美国,https://www.temu.com/search_result.html?search_key=602215875996291&search_method=user&region=211&regionCnName=%E7%BE%8E%E5%9B%BD,玩具与游戏
1776162863127,temu,602275737078763,https://img.kwcdn.com/local-goods-image/212a0ccbb8/6e5d0830-4fe6-4ace-b20a-a56caba4d8fa_1600x1600.jpeg.format.jpg,"2025 Panini Phoenix NFL Football Mega Box – 4 Pyramid Parallels, 6 Rookies, Fuego Inserts!",2026-02-12T23:30:00.559+00:00,445,343,半托,美国,https://www.temu.com/search_result.html?search_key=602275737078763&search_method=user&region=211&regionCnName=%E7%BE%8E%E5%9B%BD,玩具与游戏
1776162863127,temu,602304728164956,https://img.kwcdn.com/local-goods-image/21a4884cc8/692a2acd-ec74-4588-8187-3c7e0cd68916_1200x1200.png,[JP] Pokemon Munikis Zero M3 Booster Box - Mega Series - Japanese - Nihil Zero,2026-02-05T08:27:54.821+00:00,849,368,半托,美国,https://www.temu.com/search_result.html?search_key=602304728164956&search_method=user&region=211&regionCnName=%E7%BE%8E%E5%9B%BD,玩具与游戏
1776162863127,temu,602348751569975,https://img.kwcdn.com/local-goods-image/212a0caebc/e67ce9b3-6142-4aeb-95e1-1668cdaa4569_1080x1080.png,Pokemon Cards - Pokemon Pack 1x SEALED AUTHENTIC Black Bolt Korean + BONUS HOLOGRAPHIC CARD AND DECK BOX!,2026-02-12T07:36:48.122+00:00,1100,521,半托,美国,https://www.temu.com/search_result.html?search_key=602348751569975&search_method=user&region=211&regionCnName=%E7%BE%8E%E5%9B%BD,玩具与游戏
1776162863127,temu,602400291187071,https://img.kwcdn.com/local-goods-image/212a0c6ef8/d0dfe211-5700-48bf-b805-59c5853126c4_1024x1024.png,宝可梦神秘保护盒 | 超稀有或双稀有卡牌展示盒 | EX、V、VMAX、VStar | 适合所有年龄段儿童与收藏家的完美礼物,2026-02-12T09:31:02.582+00:00,1367,574,半托,美国,https://www.temu.com/search_result.html?search_key=602400291187071&search_method=user&region=211&regionCnName=%E7%BE%8E%E5%9B%BD,玩具与游戏
1776162863127,temu,602586585373767,https://img.kwcdn.com/local-goods-image/212a0c35d4/8d7c6fed-65e0-4c68-b707-99a32b2bfff0_800x800.png,宝可梦超极进化：升华英雄精英训练师礼盒,2026-03-05T16:49:18.608+00:00,719,667,半托,美国,https://www.temu.com/search_result.html?search_key=602586585373767&search_method=user&region=211&regionCnName=%E7%BE%8E%E5%9B%BD,玩具与游戏
1776162863127,temu,602648325521851,https://img.kwcdn.com/local-goods-image/211a2a4b39c/4ab888cc-c27e-4072-ab81-88d434ad4d69_800x800.jpeg.format.jpg,双倍宝可梦箔纸包——内含80张随机箔卡。您的卡牌可能与图片中所示有所不同,2026-01-30T13:31:25.362+00:00,1269,579,半托,美国,https://www.temu.com/search_result.html?search_key=602648325521851&search_method=user&region=211&regionCnName=%E7%BE%8E%E5%9B%BD,玩具与游戏
1776162863127,temu,602875958757248,https://img.kwcdn.com/local-goods-image/212a0c342c/e3f6863b-09a8-4174-a95a-a4decfc4da00_912x912.png,宝可梦伊布睡姿系列盲盒 - 可爱卡哇伊伊布进化睡姿手办 - 瓦波尔 西维尔 Espeon 雪盾 Leafeon 冰盾 - 桌面摆件 随机玩具,2026-02-01T10:19:46.774+00:00,978,803,半托,美国,https://www.temu.com/search_result.html?search_key=602875958757248&search_method=user&region=211&regionCnName=%E7%BE%8E%E5%9B%BD,玩具与游戏
1776162863127,temu,605507121204667,https://img.kwcdn.com/product/fancy/9a42fa3e-21ff-4b1e-b62a-60d9b74b6e15.jpg,"14/28pcs Party Favor Pack, Easter Gift | Bunny Bubble Relax Board Gift Prizes for Boys and Girls, Bulk Mini Bunny Birthday Activity Rewards, Party Favors for Boys and Girls, Easter Basket Fillers, Classroom Prize Supplies",2026-01-30T01:03:20.281+00:00,997,435,全托,美国,https://www.temu.com/search_result.html?search_key=605507121204667&search_method=user&region=211&regionCnName=%E7%BE%8E%E5%9B%BD,玩具与游戏
1776162863127,temu,605535038452260,https://img.kwcdn.com/product/fancy/b68ff9bc-50e5-46b9-a05d-5bfcac64bbfd.jpg,一套4张的摩擦式转印贴纸，图案为玫瑰和牡丹花卉设计，适用于装饰家具、冰箱、橱柜、剪贴簿和窗户，尺寸为24厘米x11厘米，是手工制作项目和贴纸装饰的理想之选。,2026-02-15T06:07:14.923+00:00,799,521,全托,美国,https://www.temu.com/search_result.html?search_key=605535038452260&search_method=user&region=211&regionCnName=%E7%BE%8E%E5%9B%BD,玩具与游戏
1776162863127,temu,605541682258530,https://img.kwcdn.com/product/fancy/87a0b85e-f8e6-4945-801d-6e51c605f5c6.jpg,复活节恐龙蛋 霸王龙恐龙蛋DIY拼装 扭蛋积木玩具 手指恐龙玩具 课堂小礼物 复活节玩具,2026-02-23T12:33:20.675+00:00,1413,1039,全托,美国,https://www.temu.com/search_result.html?search_key=605541682258530&search_method=user&region=211&regionCnName=%E7%BE%8E%E5%9B%BD,玩具与游戏
1776162863127,temu,605543829757594,https://img.kwcdn.com/product/fancy/6b14c1cd-aa61-45a7-808e-49413fefa79d.jpg,7/14/28/40个装恐龙手指弹射玩具，儿童派对小礼物，粘性恐龙飞弹射玩具，适合男孩女孩生日礼包、复活节篮子填充物、情人节圣诞礼物，万圣节/感恩节/圣诞节/复活节赠礼,2026-03-03T01:13:26.209+00:00,1142,402,全托,美国,https://www.temu.com/search_result.html?search_key=605543829757594&search_method=user&region=211&regionCnName=%E7%BE%8E%E5%9B%BD,玩具与游戏
1776162863127,temu,605552419647330,https://img.kwcdn.com/product/fancy/8a5b8096-1540-442b-8b9f-168bc45ca065.jpg,12英寸发光LED兔子毛绒玩具，适合儿童，可爱软萌抱枕伴侣，男孩女孩生日/圣诞/复活节装饰礼物,2026-02-20T13:54:54.071+00:00,721,399,半托,美国,https://www.temu.com/search_result.html?search_key=605552419647330&search_method=user&region=211&regionCnName=%E7%BE%8E%E5%9B%BD,玩具与游戏
1776162863127,temu,605556110684011,https://img.kwcdn.com/product/open/5f466d1d6dbf40be9b97460a066c65dc-goods.jpeg,"32-page Time Learning Guidebook with 200+ Questions, a Children's Time Recognition Practice Workbook. Helps Children Learn to Tell Time Through Various Fun Game Formats. A Children's Educational Material Workbook, a Teaching Aid for Both School and",2026-01-29T11:35:01.418+00:00,1700,555,全托,美国,https://www.temu.com/search_result.html?search_key=605556110684011&search_method=user&region=211&regionCnName=%E7%BE%8E%E5%9B%BD,玩具与游戏
1776162863127,temu,605575572240266,https://img.kwcdn.com/product/fancy/bfe12d68-aa5e-417e-a7da-5073c36fe940.jpg,"Spanish Language Travel Card Game - Portable Party Board Game Suitable for Road Trips, Vacations & Game Nights | Hilarious Spanish Conversation Starters & Icebreakers | Compact Pocket-Sized Card Set, Travel-Friendly for &, Perfect Gift for Birthdays",2026-02-01T08:30:03.299+00:00,2100,711,全托,美国,https://www.temu.com/search_result.html?search_key=605575572240266&search_method=user&region=211&regionCnName=%E7%BE%8E%E5%9B%BD,玩具与游戏
1776162863127,temu,605577719710583,https://img.kwcdn.com/product/fancy/b5914703-9b82-4ad3-8cc8-f356e40ab95f.jpg,PU皮革饮酒游戏手柄，专为互动派对、闺蜜聚会及单身告别活动设计。适合21岁及以上玩家，容纳2至8名参与者，无需用电或额外道具,2026-01-19T02:46:30.315+00:00,1054,652,半托,美国,https://www.temu.com/search_result.html?search_key=605577719710583&search_method=user&region=211&regionCnName=%E7%BE%8E%E5%9B%BD,玩具与游戏
1776162863127,temu,605578256579587,https://img.kwcdn.com/product/fancy/5824f756-8c66-4292-8ec0-c8148f820cdb.jpg,8/18/36件卡哇伊小猫抓挤压玩具，非常可爱柔软的彩色猫爪，很棒的儿童生日礼物，完美的节日装饰礼品,2026-01-20T11:22:49.875+00:00,1491,394,全托,美国,https://www.temu.com/search_result.html?search_key=605578256579587&search_method=user&region=211&regionCnName=%E7%BE%8E%E5%9B%BD,玩具与游戏
1776162863127,temu,605590873079191,https://img.kwcdn.com/product/open/e69cce38de9642c29a72eb7683d6dd8c-goods.jpeg,成人定制拼图，个性化您的照片、情侣照、艺术画、风景图、宠物肖像 定格美好瞬间 ——高品质纸质材料，完美礼物创意，圣诞节礼物，无框设计,2026-03-03T08:51:23.566+00:00,1397,642,全托,美国,https://www.temu.com/search_result.html?search_key=605590873079191&search_method=user&region=211&regionCnName=%E7%BE%8E%E5%9B%BD,玩具与游戏
1776162863127,temu,605593020548764,https://img.kwcdn.com/product/open/87ee0dbd96e44e3c8364ed27a0cfdcdf-goods.jpeg,儿童软弹发射器，幽默互动玩具，让父母和孩子一起享受软弹射击乐趣,2026-02-09T10:36:13.254+00:00,798,534,全托,美国,https://www.temu.com/search_result.html?search_key=605593020548764&search_method=user&region=211&regionCnName=%E7%BE%8E%E5%9B%BD,玩具与游戏
1776162863127,temu,605593758740668,https://img.kwcdn.com/product/open/5fd9dc79181345d1b64b10e710b9d717-goods.jpeg,适用于手机、水瓶、手账的闪粉贴纸——自粘塑料光面贴花，含可爱动物与爱心图案，无需裁剪，轻松撕贴3D立体泡泡贴,2026-03-01T09:58:17.502+00:00,1044,791,全托,美国,https://www.temu.com/search_result.html?search_key=605593758740668&search_method=user&region=211&regionCnName=%E7%BE%8E%E5%9B%BD,玩具与游戏
1776162863127,temu,605601342023498,https://img.kwcdn.com/product/open/9260ee3c7eaa4bb39d94495dca9405c9-goods.jpeg,2枚手工黄铜骰子 - 抛光桌面游戏骰子，耐用铜材质，完美适用于酒吧配件与创意礼品，动作游戏类型，游戏骰子,2026-01-27T09:32:35.273+00:00,991,459,全托,美国,https://www.temu.com/search_result.html?search_key=605601342023498&search_method=user&region=211&regionCnName=%E7%BE%8E%E5%9B%BD,玩具与游戏
1776162863127,temu,605608455544500,https://img.kwcdn.com/product/open/1d09d8f673f943bcb5268a93af739f23-goods.jpeg,12个春季水彩花卉兔子转印贴纸装饰，防水贴花，适用于马克杯，咖啡杯，玻璃杯，花瓶，笔记本电脑，手机壳，贺卡、插图、挂饰派对装饰，礼品盒、礼物包装装饰，学校用品、日记本、手账贴，复活节派对装饰,2026-01-25T10:46:22.348+00:00,1721,463,全托,美国,https://www.temu.com/search_result.html?search_key=605608455544500&search_method=user&region=211&regionCnName=%E7%BE%8E%E5%9B%BD,玩具与游戏
1776162863127,temu,605615837570668,https://img.kwcdn.com/product/fancy/f7bafe11-5ac6-4888-b9a1-173bd8008c0e.jpg,科技感黑色玩具手枪模型，银黑色玩具手枪带半自动抛壳玩具，适合节日送礼,2026-01-20T03:25:14.896+00:00,1570,307,全托,美国,https://www.temu.com/search_result.html?search_key=605615837570668&search_method=user&region=211&regionCnName=%E7%BE%8E%E5%9B%BD,玩具与游戏
1776162863127,temu,605628655356190,https://img.kwcdn.com/product/fancy/775ccfbc-e66d-4c43-b334-00be6688a732.jpg,婚礼定制扑克牌 - 个性化照片胶片礼物，适用于庆祝活动、游戏之夜和特殊场合 - 具有趣味设计和高品质纸张的独特纪念品，送给爱人,2026-02-27T11:48:22.172+00:00,1201,844,全托,美国,https://www.temu.com/search_result.html?search_key=605628655356190&search_method=user&region=211&regionCnName=%E7%BE%8E%E5%9B%BD,玩具与游戏
1776162863127,temu,605646439208986,https://img.kwcdn.com/product/open/dc268a7558a04b5bb192991c9d6d72f2-goods.jpeg,儿童野餐桌，安全PP材质桌凳套装，配可拆卸折叠遮阳伞，户外活动桌椅组合，最多可容纳4名儿童，适用于后院、花园、户外及室内使用,2026-01-20T02:01:28.168+00:00,2225,1426,半托,美国,https://www.temu.com/search_result.html?search_key=605646439208986&search_method=user&region=211&regionCnName=%E7%BE%8E%E5%9B%BD,玩具与游戏
1776162863127,temu,605647512951429,https://img.kwcdn.com/product/fancy/fce50613-1464-48f7-8be3-0226c3a16f23.jpg,"A Charming and Heartwarming Coloring Book for Adults and Teens, Featuring Mysterious Creatures, Spooky Legends, and Eerie Art Moments. with 24 Exquisite Illustrations Depicting the Mothman and His Fantastical World, It's Perfect for Adults, Teens",2026-02-09T21:51:27.989+00:00,1000,602,全托,美国,https://www.temu.com/search_result.html?search_key=605647512951429&search_method=user&region=211&regionCnName=%E7%BE%8E%E5%9B%BD,玩具与游戏
1776162863127,temu,605664961202073,https://img.kwcdn.com/product/fancy/ef50f950-57dc-46b4-9bc0-8ea7b565a67d.jpg,7层立体停车场轨道套装，高21.65inch（含2辆赛车、弯道漂移道与直升机停机坪），DIY组装益智玩具，促进亲子互动与手眼协调，适合作为男孩女孩的生日圣诞礼物,2026-02-05T02:53:29.927+00:00,1115,816,全托,美国,https://www.temu.com/search_result.html?search_key=605664961202073&search_method=user&region=211&regionCnName=%E7%BE%8E%E5%9B%BD,玩具与游戏
1776162863127,temu,605687711148411,https://img.kwcdn.com/product/fancy/3aab35ee-89b9-46d8-87cc-ba50dd6911f5.jpg,"This Felt Puzzle Table Holds 1000/1500 Puzzle Pieces, Features 6-color Drawers, A Tiltable Design, And A 2-in-1 Stand Cover. The Lightweight Felt Puzzle Is Suitable for Adults And Is Portable.",2026-02-12T08:31:08.294+00:00,952,469,半托,美国,https://www.temu.com/search_result.html?search_key=605687711148411&search_method=user&region=211&regionCnName=%E7%BE%8E%E5%9B%BD,玩具与游戏
1776162863127,temu,605704622595402,https://img.kwcdn.com/product/open/397e6adfe88543c9a3be94310e2fa322-goods.jpeg,"Playful 3D Printed Monkey Statue - Whimsical Home, Desk, Car, or Office Decor - Perfect Holiday Gift for Christmas, Halloween, Valentine's, Easter",2026-03-06T03:39:05.106+00:00,356,322,半托,美国,https://www.temu.com/search_result.html?search_key=605704622595402&search_method=user&region=211&regionCnName=%E7%BE%8E%E5%9B%BD,玩具与游戏
1776162863127,temu,605705495003969,https://img.kwcdn.com/product/fancy/3de29fe6-6790-4ba1-9b9d-3419e4577ea4.jpg,"8pcs Prank Shooting Toys - Shooting Funny Launcher Gloves, Hero Dart Launcher, Role-Playing Clothing Additions, Outdoor Entertainment And Party Games",2026-02-02T10:28:47.984+00:00,1400,1114,全托,美国,https://www.temu.com/search_result.html?search_key=605705495003969&search_method=user&region=211&regionCnName=%E7%BE%8E%E5%9B%BD,玩具与游戏
1776162863128,temu,605737573018558,https://img.kwcdn.com/product/fancy/b2d6286c-727b-460f-bf09-7a9ec439edbe.jpg,经典民族风合金十字架吊坠编织弹性手链，非常适合基督教洗礼礼物或作为假珠宝玩具,2026-01-13T22:06:54.610+00:00,672,308,半托,美国,https://www.temu.com/search_result.html?search_key=605737573018558&search_method=user&region=211&regionCnName=%E7%BE%8E%E5%9B%BD,玩具与游戏
1776162863128,temu,605741868005775,https://img.kwcdn.com/product/open/147532195f2c448ea30b9f68f8b36c14-goods.jpeg,"1pc Taba Squishy, 这款新颖时尚的纹理挤压草球玩具是一款慢回弹麦芽糖凝胶玩具（Fidget）（新颖产品）。它的设计很有创意，是返校的好礼物。它也非常适合圣诞节，万圣节，感恩节和新年。这是一个又酷又实惠的新年玩具",2026-01-23T13:11:39.699+00:00,2367,930,全托,美国,https://www.temu.com/search_result.html?search_key=605741868005775&search_method=user&region=211&regionCnName=%E7%BE%8E%E5%9B%BD,玩具与游戏
1776162863128,temu,605744149715326,https://img.kwcdn.com/product/open/f7ff234dfd384f3dbc7f9e4b03901272-goods.jpeg,50張復古電影院貼紙，特色是Y2K時期卡通設計，幽默又時尚，視覺上也很舒適。這些乙烯基貼紙非常適合裝飾自行車、溜冰鞋、水瓶、安全帽。,2026-02-24T05:05:18.806+00:00,1188,690,全托,美国,https://www.temu.com/search_result.html?search_key=605744149715326&search_method=user&region=211&regionCnName=%E7%BE%8E%E5%9B%BD,玩具与游戏
1776162863128,temu,605750189487972,https://img.kwcdn.com/product/open/243fef7db43c4940b03ca09610224d98-goods.jpeg,56张透明干枯玫瑰花朵涂鸦贴纸充满活力的贴纸贴花，适用于水瓶、笔记本电脑、手机、行李箱、滑板、吉他，派对装饰,2026-03-03T01:39:27.930+00:00,444,349,全托,美国,https://www.temu.com/search_result.html?search_key=605750189487972&search_method=user&region=211&regionCnName=%E7%BE%8E%E5%9B%BD,玩具与游戏
1776162863128,temu,605753209410670,https://img.kwcdn.com/product/fancy/4c66a9ed-b755-4d7b-9422-919d80d66a62.jpg,复制硬币---科幻恐怖纪念币，异形电影纪念币，太空恐怖美学外星人纪念币，电影爱好者的礼物，科幻迷喜欢的收藏硬币/挑战币，幸运币,2026-02-10T09:12:56.262+00:00,1644,805,全托,美国,https://www.temu.com/search_result.html?search_key=605753209410670&search_method=user&region=211&regionCnName=%E7%BE%8E%E5%9B%BD,玩具与游戏
1776162863128,temu,605753813379139,https://img.kwcdn.com/product/fancy/bab0896c-0931-4074-bb42-88e3a0a6c6c5.jpg,三丽鸥凯蒂猫毛绒玩具家居卧室摆件生日礼物派对礼品情人节礼物纪念品伴手礼,2026-02-21T02:08:35.269+00:00,1380,821,全托,美国,https://www.temu.com/search_result.html?search_key=605753813379139&search_method=user&region=211&regionCnName=%E7%BE%8E%E5%9B%BD,玩具与游戏
1776162863128,temu,605772536755078,https://img.kwcdn.com/product/open/1ff2966280ff4684b05252daca6c9e91-goods.jpeg,Mini Stationery Set - a Delicate And Compact Pencil Case - Contains a Cute Triangular Ruler - a Multifunctional Compass - Perfectly Suited for Dollhouses - Creates a Miniature Exquisite Learning Environment - The Ideal Choice for Dollhouses,2026-03-01T16:41:14.832+00:00,394,309,全托,美国,https://www.temu.com/search_result.html?search_key=605772536755078&search_method=user&region=211&regionCnName=%E7%BE%8E%E5%9B%BD,玩具与游戏
1776162863128,temu,605773946026603,https://img.kwcdn.com/product/fancy/2b30bccb-9414-46f1-a107-ef73409362f9.jpg,"9pcs - 4 Cat Beds + 5 Pet Cat Dollhouse Miniature Landscape Creative Resin Kitten Bed Set, Creative Miniature Scene Ornament DIY Dollhouse Cute Miniature Car Desktop Decoration, Miniature Scene Photography Prop Accessories",2026-02-23T09:44:28.477+00:00,997,699,全托,美国,https://www.temu.com/search_result.html?search_key=605773946026603&search_method=user&region=211&regionCnName=%E7%BE%8E%E5%9B%BD,玩具与游戏
1776162863128,temu,605775825097122,https://img.kwcdn.com/product/fancy/c5141777-65b5-4b50-a5af-0f51edca4aec.jpg,"16pcs Snowflake Bubble Wands, No Liquid, Holiday Wedding Party Supplies, Bubbles for Kids Pabble Wands, No Liquid, Holiday Wedding Party Supplies, Bubbles for Kids Party Favors, Kids Birthday Gifts, Treasure Box Toys for Classroom, Easter Basket",2026-02-07T04:03:49.755+00:00,916,468,全托,美国,https://www.temu.com/search_result.html?search_key=605775825097122&search_method=user&region=211&regionCnName=%E7%BE%8E%E5%9B%BD,玩具与游戏
1776162863128,temu,605778442317402,https://img.kwcdn.com/product/fancy/663c9bd8-f5b4-4773-9575-85dff091b755.jpg,"130pcs Magnetic Building Blocks Set with Magnetic Base - STEM Learning Toys for Kids Ages 3-6, Magnetic Construction Set with Interlocking Bricks, Large & Small Blocks, Stable Magnetic Base, Building Blocks Set",2026-02-14T06:40:27.404+00:00,709,536,半托,美国,https://www.temu.com/search_result.html?search_key=605778442317402&search_method=user&region=211&regionCnName=%E7%BE%8E%E5%9B%BD,玩具与游戏
1776162863128,temu,605804010769105,https://img.kwcdn.com/product/fancy/34223d03-776b-4cb1-a5b3-39c8addb8a0d.jpg,“你了解我有多好？”西班牙语家庭聚会桌游 - 50张迷你卡片游戏，晚餐后娱乐、破冰、团队游戏之夜必备，适合家庭、情侣、朋友和派对，游戏之夜,2026-02-08T09:01:23.849+00:00,657,312,全托,美国,https://www.temu.com/search_result.html?search_key=605804010769105&search_method=user&region=211&regionCnName=%E7%BE%8E%E5%9B%BD,玩具与游戏
1776162863128,temu,605817969426858,https://img.kwcdn.com/product/fancy/90b6ad65-b354-4927-9c16-1352f3fdfdfb.jpg,户外娱乐棋盘游戏 扭动室内玩具 扭动身体 适合儿童成人运动互动 家庭朋友聚会玩具 万圣节/感恩节/圣诞礼物 游戏礼物,2026-02-28T07:08:35.021+00:00,1398,490,全托,美国,https://www.temu.com/search_result.html?search_key=605817969426858&search_method=user&region=211&regionCnName=%E7%BE%8E%E5%9B%BD,玩具与游戏
1776162863128,temu,605835149292775,https://img.kwcdn.com/product/fancy/ad990167-843b-4133-a0ae-b169823acf2d.jpg,"Geometric Buckle Ring for Children's Puzzle Toys, Splicing Circular Ring for Children's Puzzle Toys to Relieve Boredom, Chain Buckle for Parent-child Interaction",2026-02-06T11:57:43.316+00:00,919,359,全托,美国,https://www.temu.com/search_result.html?search_key=605835149292775&search_method=user&region=211&regionCnName=%E7%BE%8E%E5%9B%BD,玩具与游戏
1776162863128,temu,605837296790477,https://img.kwcdn.com/product/fancy/c19170b6-845d-493d-bbec-f6ddd99d232a.jpg,"超炫酷造型暴虐龙霸王龙积木拼装玩具，侏罗纪恐龙系列，关节可灵活转动，益智拼装积木玩具，适合送家人/亲人/朋友,生日和节日礼物的首选",2026-01-29T00:55:51.832+00:00,618,434,全托,美国,https://www.temu.com/search_result.html?search_key=605837296790477&search_method=user&region=211&regionCnName=%E7%BE%8E%E5%9B%BD,玩具与游戏
1776162863128,temu,605838236306929,https://img.kwcdn.com/product/open/638630c25cb3405c8a980599d03f3fc4-goods.jpeg,"6 Black Golden Colored Dice | Durable Acrylic, Classic Design for Card or Dice Games, Ideal for Party Gifts and Home Entertainment",2026-01-27T06:07:51.915+00:00,953,615,全托,美国,https://www.temu.com/search_result.html?search_key=605838236306929&search_method=user&region=211&regionCnName=%E7%BE%8E%E5%9B%BD,玩具与游戏
1776162863128,temu,605842397096230,https://img.kwcdn.com/product/fancy/8bd1cbcd-9848-4630-9a51-0d17ab877c79.jpg,儿童六边形拼图玩具 - 木质益智玩具，带可扩展框架，高饱和度色块，适合作为毕业、万圣节、圣诞节、新年礼物，亲子互动学习游戏，拼图玩具,2026-02-25T19:30:56.168+00:00,492,313,全托,美国,https://www.temu.com/search_result.html?search_key=605842397096230&search_method=user&region=211&regionCnName=%E7%BE%8E%E5%9B%BD,玩具与游戏
1776162863128,temu,605845618292924,https://img.kwcdn.com/product/open/a12ecd4c188b4fb687212f7667dc3fd9-goods.jpeg,3件/套 娃娃屋微缩报纸杂志+眼镜+咖啡杯套装 适配1:12 用于多个场景搭建道具 适合娃娃屋装饰 收藏者装饰使用 娃娃屋爱好者的礼物 收藏品,2026-01-22T06:39:16.418+00:00,1192,780,全托,美国,https://www.temu.com/search_result.html?search_key=605845618292924&search_method=user&region=211&regionCnName=%E7%BE%8E%E5%9B%BD,玩具与游戏
1776162863128,temu,605851523874146,https://img.kwcdn.com/product/open/593608737dff4125a7c8a87b4566c638-goods.jpeg,可折叠防滑拼图板，带缓冲边缘和颜色编码游戏垫 - 便携式可折叠拼图盘，适用于家庭、旅行、派对 - 轻便收纳，耐用拼图桌垫,2026-02-24T14:45:17.667+00:00,985,697,全托,美国,https://www.temu.com/search_result.html?search_key=605851523874146&search_method=user&region=211&regionCnName=%E7%BE%8E%E5%9B%BD,玩具与游戏
1776162863128,temu,605871119685874,https://img.kwcdn.com/product/open/71222682900448858d16dda45c3dc7ea-goods.jpeg,"for Children's Oral Muscle Training Water-Fillable Bird Call Whistle Toy Suitable for Ages 0-3, Water-Circulating Blowing Trainer with Bird Sounds, Multicolor Fillable Flute Gift for Speech & Phonics Learning, Holiday Gift for",2026-02-20T06:48:40.727+00:00,1300,1066,全托,美国,https://www.temu.com/search_result.html?search_key=605871119685874&search_method=user&region=211&regionCnName=%E7%BE%8E%E5%9B%BD,玩具与游戏
1776162863128,temu,605873938215126,https://img.kwcdn.com/product/fancy/e72fffd7-8588-49ec-a0de-3ee904fc8814.jpg,8/16件装复活节弹跳泡泡玩具 复活节篮子填充物 派对礼品 派对用品 圣诞袜填充物 儿童礼物 适合男孩女孩幼儿 适用于教室百宝箱奖品 多种款式混装,2026-02-14T13:38:10.896+00:00,910,606,全托,美国,https://www.temu.com/search_result.html?search_key=605873938215126&search_method=user&region=211&regionCnName=%E7%BE%8E%E5%9B%BD,玩具与游戏
1776162863128,temu,605888567997914,https://img.kwcdn.com/product/open/c0864d591a984e43836430ae34fdd5f0-goods.jpeg,2 雅威活水信仰币 双面宗教收藏品，金色调希伯来经文设计，理想礼物，适合圣诞节、情人节、万圣节礼物和学习纪念品、派对礼品,2026-03-01T05:58:23.200+00:00,1242,867,半托,美国,https://www.temu.com/search_result.html?search_key=605888567997914&search_method=user&region=211&regionCnName=%E7%BE%8E%E5%9B%BD,玩具与游戏
1776162863128,temu,605890983869229,https://img.kwcdn.com/product/fancy/22139e8b-1fdb-4e8a-8428-3d15402670fc.jpg,三丽鸥星空凯蒂猫毛绒玩具家居卧室摆件生日礼物伴手礼情人节礼物派对礼品纪念品适合亲子互动的毛绒玩具,2026-02-21T16:09:18.890+00:00,965,390,全托,美国,https://www.temu.com/search_result.html?search_key=605890983869229&search_method=user&region=211&regionCnName=%E7%BE%8E%E5%9B%BD,玩具与游戏
1776162863128,temu,605896084133467,https://img.kwcdn.com/product/fancy/42c21c50-d6bc-40f1-85b4-88ae73848ae4.jpg,超萌水豚毛绒玩具 棕色水豚填充动物玩具 柔软蓬松可抱 可爱鸡头带毛绒玩具 家居装饰 卧室装饰 书桌小伴侣 情人节礼物 节日礼物,2026-01-25T14:29:07.015+00:00,1072,494,全托,美国,https://www.temu.com/search_result.html?search_key=605896084133467&search_method=user&region=211&regionCnName=%E7%BE%8E%E5%9B%BD,玩具与游戏
1776162863128,temu,605904405654814,https://img.kwcdn.com/product/fancy/9db78b6b-ad56-47ce-9e5f-200b6e43e429.jpg,2x2、3x3、4x4方格魔方，高难度速拧魔方，成人3D益智魔方，生日礼物/节日佳礼,2026-02-17T09:18:29.494+00:00,734,551,全托,美国,https://www.temu.com/search_result.html?search_key=605904405654814&search_method=user&region=211&regionCnName=%E7%BE%8E%E5%9B%BD,玩具与游戏
1776162863128,temu,605914740415866,https://img.kwcdn.com/product/fancy/1af56b95-8d2f-4a0b-b797-c93c7184222b.jpg,24只装预填充动物造型彩蛋玩具，适用于复活节寻蛋游戏、复活节篮填充物、复活节派对礼品及课堂奖励用品随机发货,2026-03-01T02:19:35.208+00:00,1797,1584,全托,美国,https://www.temu.com/search_result.html?search_key=605914740415866&search_method=user&region=211&regionCnName=%E7%BE%8E%E5%9B%BD,玩具与游戏
1776162863128,temu,605932322928285,https://img.kwcdn.com/product/fancy/f3aaac4f-5acc-42bc-942a-ff7beecd61ae.jpg,2026新款无人机，全新配备2块电池，高清2.4英寸屏幕遥控器，高清摄像头和无刷电机，折叠臂，续航时间高达45分钟，具有避障功能，操作简单,2026-01-29T10:14:15.078+00:00,1497,567,半托,美国,https://www.temu.com/search_result.html?search_key=605932322928285&search_method=user&region=211&regionCnName=%E7%BE%8E%E5%9B%BD,玩具与游戏
1776162863128,temu,605932322956496,https://img.kwcdn.com/product/fancy/f330ab37-835d-4670-b021-24850c907896.jpg,奶酪造型机械按钮吊坠钥匙扣 - 亮黄色，馈赠友人佳品与日常配饰，休闲饰品 | 亮黄色钥匙扣 | 耐用塑料材质,2026-02-07T08:18:04.030+00:00,4340,945,全托,美国,https://www.temu.com/search_result.html?search_key=605932322956496&search_method=user&region=211&regionCnName=%E7%BE%8E%E5%9B%BD,玩具与游戏
1776162863128,temu,605934671760104,https://img.kwcdn.com/product/fancy/e8e9a4d6-1024-4533-b742-77ca62974db7.jpg,1:12比例迷你四扇折叠式竹制屏风 - 古风障子格子屏，适用于娃娃屋微缩模型、迷你书房/茶室隔断家具及配件,2026-03-17T08:16:28.184+00:00,995,444,半托,美国,https://www.temu.com/search_result.html?search_key=605934671760104&search_method=user&region=211&regionCnName=%E7%BE%8E%E5%9B%BD,玩具与游戏
1776162863128,temu,605938496957776,https://img.kwcdn.com/product/fancy/2c10c089-0951-4715-a05f-1cb8b6672ab4.jpg,墨菲定律儿童版：8-12 岁奇幻图画书 | 42 个实用思维概念与 28 条有效生活智慧原则 | 生动漫画，课堂与睡前必读之物,2026-01-15T01:57:51.875+00:00,1160,389,半托,美国,https://www.temu.com/search_result.html?search_key=605938496957776&search_method=user&region=211&regionCnName=%E7%BE%8E%E5%9B%BD,玩具与游戏
1776162863128,temu,605968293286932,https://img.kwcdn.com/product/fancy/6d52d399-074f-4f86-95a8-b9d518cf7253.jpg,益智画板涂鸦玩具，儿童学习素描板，学习练习字母 画画教具 彩色可擦写涂鸦平板 可重复使用，适合男孩和女孩的复活节派对礼物（配件颜色随机）,2026-03-02T02:44:16.214+00:00,1237,938,全托,美国,https://www.temu.com/search_result.html?search_key=605968293286932&search_method=user&region=211&regionCnName=%E7%BE%8E%E5%9B%BD,玩具与游戏
1776162863128,temu,605972051417632,https://img.kwcdn.com/product/fancy/a8aa4292-53e5-4ac0-b6e7-44f1299ee92c.jpg,2件套 足球篮球比赛助威喇叭 朋友聚会活动喇叭-手推加油喇叭,2026-03-06T03:40:39.275+00:00,470,376,全托,美国,https://www.temu.com/search_result.html?search_key=605972051417632&search_method=user&region=211&regionCnName=%E7%BE%8E%E5%9B%BD,玩具与游戏
1776162863128,temu,605976816121449,https://img.kwcdn.com/product/open/1077ff3cccf34edb967c5f3f71a0e874-goods.jpeg,"Squeezable Fluid Cube Toy • Enjoyable Slow-Rising Texture • Offered in Three Sizes (Small, Medium, Large) • Great for Stress Relief at The Office • Excellent Option for Holiday Relaxation Presents • Perfect for Both Boys And Girls",2026-03-05T12:09:21.410+00:00,896,742,全托,美国,https://www.temu.com/search_result.html?search_key=605976816121449&search_method=user&region=211&regionCnName=%E7%BE%8E%E5%9B%BD,玩具与游戏
1776162863128,temu,605978762298451,https://img.kwcdn.com/product/fancy/01a35ad4-b4a6-49ec-ae87-a280b04864c4.jpg,1set装海盗桶放松整蛊玩具，亲子关系的升温品，绝佳的儿童礼物，家人放松的神器，派对游戏的必备品，好玩有趣刺激,2026-01-21T01:09:28.712+00:00,1344,1002,全托,美国,https://www.temu.com/search_result.html?search_key=605978762298451&search_method=user&region=211&regionCnName=%E7%BE%8E%E5%9B%BD,玩具与游戏
1776162863128,temu,605991110321799,https://img.kwcdn.com/product/fancy/083f8fe7-ee92-4540-91f6-e43dff92b749.jpg,4件 站立生日造型气球套装，颜色非常的高端大气，适合生日派对，让你拥有不一样的生日气氛,2026-03-12T02:33:18.856+00:00,455,323,全托,美国,https://www.temu.com/search_result.html?search_key=605991110321799&search_method=user&region=211&regionCnName=%E7%BE%8E%E5%9B%BD,玩具与游戏
1776162863128,temu,605993727580989,https://img.kwcdn.com/product/open/de26f0f7d46942e8b6695e61a42b656c-goods.jpeg,1张透明3D凝胶贴纸，非常适合装饰手账、笔记本和剪贴簿 - 具有鲜艳的立体卡通设计，非常适合日记、剪贴簿和计划,2026-02-10T05:43:10.596+00:00,746,617,全托,美国,https://www.temu.com/search_result.html?search_key=605993727580989&search_method=user&region=211&regionCnName=%E7%BE%8E%E5%9B%BD,玩具与游戏
1776162863128,temu,605999431835712,https://img.kwcdn.com/product/fancy/da3def63-f490-45e6-b60a-9bb27ea54064.jpg,手工树脂展示柜 - 便携娃娃盒、密室盒及收藏品储物箱 - 适用于桌面、卧室、客厅装饰 - 万圣节与圣诞佳礼，存储柜、陈列架、篮筐、家居整理神器,2026-02-02T20:49:59.604+00:00,816,454,全托,美国,https://www.temu.com/search_result.html?search_key=605999431835712&search_method=user&region=211&regionCnName=%E7%BE%8E%E5%9B%BD,玩具与游戏
1776162863128,temu,606021577733672,https://img.kwcdn.com/product/fancy/a9a7021a-76f8-4013-8605-2e7ce5bb3fed.jpg,新款7件树脂骰子套装DND龙与地下城RPG游戏手工多面体骰子D&D包括D20 D12 D10 D8 D6 D4,2026-01-17T14:51:56.284+00:00,1807,949,全托,美国,https://www.temu.com/search_result.html?search_key=606021577733672&search_method=user&region=211&regionCnName=%E7%BE%8E%E5%9B%BD,玩具与游戏
1776162863128,temu,606030167688590,https://img.kwcdn.com/product/fancy/7639c1cb-bf34-4e44-a97b-7f72ea87fd85.jpg,"100 CT Card Sleeves, Ultra Clear Front & Matte End Back, Standard Size Matte Art Sleeve",2026-02-25T17:03:01.948+00:00,1400,655,全托,美国,https://www.temu.com/search_result.html?search_key=606030167688590&search_method=user&region=211&regionCnName=%E7%BE%8E%E5%9B%BD,玩具与游戏
1776162863128,temu,606042918333773,https://img.kwcdn.com/product/fancy/35352ab7-ec56-4098-afc0-501219168005.jpg,多色解压荔枝球，麦芽糖凝胶软触感记忆凝胶解压玩具，感官刺激玩具，适用于自闭症/ADHD患者的感官刺激球，办公室指尖解压球，课堂奖励，节日礼物,2026-02-07T08:37:30.511+00:00,1391,412,全托,美国,https://www.temu.com/search_result.html?search_key=606042918333773&search_method=user&region=211&regionCnName=%E7%BE%8E%E5%9B%BD,玩具与游戏
1776162863128,temu,606052313617841,https://img.kwcdn.com/product/fancy/af9473ff-912c-4f56-9cc2-3227610f3777.jpg,"Automatic Bubble Gun for Kids-Dinosaur Bubble Gun Funny Automatic Bubble Maker Toy for Young People, Durable Plastic, Perfect for Parties and Outdoor Play, Young People Play Durable Plastic",2026-01-28T16:49:37.522+00:00,713,510,全托,美国,https://www.temu.com/search_result.html?search_key=606052313617841&search_method=user&region=211&regionCnName=%E7%BE%8E%E5%9B%BD,玩具与游戏
1776162863128,temu,606053051797734,https://img.kwcdn.com/product/fancy/98869b1d-74a2-48e6-a07c-d36bc045bdc2.jpg,"1pc Taba Squishy Toys • Adorable Jellyfish Squeeze Toys • Sticky Fidget Toys for Stress Relief • Soft Cute Toys • Perfect Gifts for Anniversaries, Easter Basket Fillers, Ramadan Presents, And Office Leisure • Desk Additions (Squid)",2026-03-06T01:55:42.840+00:00,807,634,全托,美国,https://www.temu.com/search_result.html?search_key=606053051797734&search_method=user&region=211&regionCnName=%E7%BE%8E%E5%9B%BD,玩具与游戏
1776162863128,temu,606055266414712,https://img.kwcdn.com/product/fancy/c4abe451-a4c9-499f-87c3-e0a4c4386f98.jpg,"33pcs Large Group Easter Bingo Game with Bunny & Egg Cards - Paper Bingo Party Suitable for Adults,, Spring Parties, Easter Egg Hunt, Activities - Spring Party Favors, Bingo Cards for Group Games, Easter Bunny Egg Hunt Gifts",2026-03-02T20:47:46.322+00:00,753,543,全托,美国,https://www.temu.com/search_result.html?search_key=606055266414712&search_method=user&region=211&regionCnName=%E7%BE%8E%E5%9B%BD,玩具与游戏
1776162863128,temu,606082109950156,https://img.kwcdn.com/product/fancy/09015d56-3fe2-4c12-84b2-2f230df627bd.jpg,"中世纪骑士战甲主题扑克牌 ,不同骑士铠甲 / 徽章 / 战马插画 双面压纹工艺加厚卡牌 耐磨耐折纸牌 收藏把玩桌游，送礼，珍藏专属牌",2026-02-02T20:06:01.315+00:00,623,335,全托,美国,https://www.temu.com/search_result.html?search_key=606082109950156&search_method=user&region=211&regionCnName=%E7%BE%8E%E5%9B%BD,玩具与游戏
1776162863128,temu,606085599560179,https://img.kwcdn.com/product/fancy/d917a5c4-d955-4c97-b2de-104a042c17e5.jpg,"1pc Christmas Gift Exchange Dice (0. 62 Inch), Stainless Steel Dice - Ideal for 2026 Christmas Party Games, Perfect for Group Gift Swapping. This 6-sided Stainless Steel Dice Features Festive Holiday Designs, Requires No Power Supply, and Is Great",2026-01-19T08:42:51.974+00:00,3200,1074,半托,美国,https://www.temu.com/search_result.html?search_key=606085599560179&search_method=user&region=211&regionCnName=%E7%BE%8E%E5%9B%BD,玩具与游戏
1776162863128,temu,606100296451259,https://img.kwcdn.com/product/open/db89a1b847ff4d8b9b7bd2d80481754b-goods.jpeg,"1pc Taba Squishy Relax Strawberry, Cute Strawberry Squeezing, Adorable Sticky Relaxation, Transparent Relaxation Supplies, Perfect Desktop Accessories, Relax Gifts, Relaxation Gifts, Playful Design, Cute Strawberry, Durable Plastic",2026-03-14T11:24:42.248+00:00,1000,848,全托,美国,https://www.temu.com/search_result.html?search_key=606100296451259&search_method=user&region=211&regionCnName=%E7%BE%8E%E5%9B%BD,玩具与游戏
1776162863128,temu,606106470430230,https://img.kwcdn.com/product/fancy/048173ef-24c2-46f7-abeb-97db1cd4167e.jpg,古铜色青铜幸运护身符比基尼青年挑战硬币套装 1 件 - 理想的高尔夫标记和扑克卡保管人，男士完美礼物,2026-02-07T06:55:47.761+00:00,1676,960,半托,美国,https://www.temu.com/search_result.html?search_key=606106470430230&search_method=user&region=211&regionCnName=%E7%BE%8E%E5%9B%BD,玩具与游戏
1776162863128,temu,606111369371018,https://img.kwcdn.com/product/fancy/4abf1f8d-9fed-4386-85ae-18c22a20cb55.jpg,"20Cm/7.87In Cartoon Adorable Wemmbu Plush Toys with Soft Expressions, Stuffed Animal Dolls for Desktop Companionship, Emotional Support, Room Decor, Holiday Gifts, And Birthday Presents for Children, Including Easter And Valentine'S Day",2026-02-09T01:29:42.188+00:00,527,365,全托,美国,https://www.temu.com/search_result.html?search_key=606111369371018&search_method=user&region=211&regionCnName=%E7%BE%8E%E5%9B%BD,玩具与游戏
1776162863128,temu,606112980039516,https://img.kwcdn.com/product/fancy/bf59fc73-77ad-4681-bcfe-1bddfdf33e54.jpg,"10/20/40pcs彩色弹力球 - 多种鲜艳色彩，适用于生日、万圣节,复活节，圣诞节，派个礼品，狂欢节及户外玩耍的派个纪念品 - 有趣的彩罐填充物、礼品袋填充物、男孩女孩的玩具礼物、儿童弹力球、狂欢节用品",2026-01-26T19:09:21.566+00:00,1199,485,全托,美国,https://www.temu.com/search_result.html?search_key=606112980039516&search_method=user&region=211&regionCnName=%E7%BE%8E%E5%9B%BD,玩具与游戏
1776162863128,temu,606118550033065,https://img.kwcdn.com/product/open/606d5922b01743fba2e4cce6c42e0a49-goods.jpeg,2件装婴儿摇铃玩具，笑脸造型摇铃，采用安全ABS材质，摇晃时发出清脆铃声，是理想的礼物选择,2026-03-05T10:10:24.966+00:00,1562,1097,全托,美国,https://www.temu.com/search_result.html?search_key=606118550033065&search_method=user&region=211&regionCnName=%E7%BE%8E%E5%9B%BD,玩具与游戏
1776162863128,temu,606127609742136,https://img.kwcdn.com/product/fancy/b47248e2-98bd-44e4-9744-972cedf8c582.jpg,"ETB Acrylic Case, 6mm+6mm+3mm Thick Clear Acrylic ETB Display Box With Magnetic Lid-ETB Protector Case For Collectors, UV Resistant, Stackable Design",2026-03-21T13:48:12.614+00:00,1200,982,半托,美国,https://www.temu.com/search_result.html?search_key=606127609742136&search_method=user&region=211&regionCnName=%E7%BE%8E%E5%9B%BD,玩具与游戏
1776162863128,temu,606158614056132,https://img.kwcdn.com/product/fancy/e6e6d11e-f9cf-4ece-b2f6-4e2eb02132e4.jpg,Taba-Squishy 可挤压麦芽糖冰块，回弹慢，非常适合作为生日或节日派对礼物，缓解压力的玩具，以及优质感官游戏玩具,2026-01-23T10:17:32.596+00:00,4068,514,全托,美国,https://www.temu.com/search_result.html?search_key=606158614056132&search_method=user&region=211&regionCnName=%E7%BE%8E%E5%9B%BD,玩具与游戏
1776162863128,temu,606169653419798,https://img.kwcdn.com/product/fancy/bfc762f5-84b9-4db2-b055-0e9b23008b62.jpg,"6个2.0x2.0英寸纪念引用蜡烛标签贴纸 - ""因为我爱的人在天堂""带有蝴蝶的乙烯基贴纸，完美的礼物给家人、朋友和同事，适合家庭和办公室装饰，适合圣诞节、复活节、圣帕特里克节、情人节、纪念家居装饰|复古风格贴纸|乙烯基贴纸",2026-01-02T13:33:23.170+00:00,1527,523,全托,美国,https://www.temu.com/search_result.html?search_key=606169653419798&search_method=user&region=211&regionCnName=%E7%BE%8E%E5%9B%BD,玩具与游戏
1776162863128,temu,606189215671235,https://img.kwcdn.com/product/fancy/ce4123d7-57ee-43b3-be38-e07e6104f031.jpg,儿童派对礼包 - 10/20/30件复活节彩蛋组合玩具，派对生日礼品套装奖品，适合3岁以上男女童，含兔子泡泡解压钥匙扣玩具，非电动无羽毛随机款式，适用于复活节篮子填充及派对赠礼,2026-01-28T20:01:11.511+00:00,7055,2156,全托,美国,https://www.temu.com/search_result.html?search_key=606189215671235&search_method=user&region=211&regionCnName=%E7%BE%8E%E5%9B%BD,玩具与游戏
1776162863128,temu,606195792365792,https://img.kwcdn.com/product/fancy/ae2617cd-d5f2-4cd1-9d37-200b7ec6e6a9.jpg,25颗粒2×2磁性立方体，六种图案，磁性积木磁铁玩具，猴子。熊猫等图案，学习教育磁铁玩具，生日礼物，创意游戏，磁性立方体益智，磁性立方体套装，磁性立方体玩具，磁性积木玩具，促进手眼协调、脑力训练、提高集中力，益智拼图早期开发玩具，培养认知技能，大人小孩互动玩具，聚会竞技游戏，圣诞礼物，万圣节礼物，复活节礼物,2026-01-27T07:53:31.248+00:00,1970,706,全托,美国,https://www.temu.com/search_result.html?search_key=606195792365792&search_method=user&region=211&regionCnName=%E7%BE%8E%E5%9B%BD,玩具与游戏
1776162863128,temu,606196194975568,https://img.kwcdn.com/product/fancy/fcd6b5af-5646-4dc8-b107-52a186c1733e.jpg,1 件模型房屋家具，双层上下，双层床单和枕头，迷你家居配件，迷你床，上下双层设计，适合公主房间，无电，圣诞节礼物，生日礼物，节日礼物，耐用PC材质，仿真室内家具娃娃套装摆饰，适用于卧室模型摆件、装饰玩具屋微型模型,2026-02-06T03:09:46.884+00:00,793,334,全托,美国,https://www.temu.com/search_result.html?search_key=606196194975568&search_method=user&region=211&regionCnName=%E7%BE%8E%E5%9B%BD,玩具与游戏
1776162863128,temu,606215790818608,https://img.kwcdn.com/product/fancy/5188c69d-3746-4ab6-be9d-efb18879f217.jpg,6只装复活节兔子毛绒玩具套装——可爱软萌填充动物，适用于寻蛋游戏、节日装饰与礼篮填充，是馈赠孩童的完美礼物、春日派对礼品及可收藏的兔子伙伴,2026-02-26T07:15:18.071+00:00,718,585,全托,美国,https://www.temu.com/search_result.html?search_key=606215790818608&search_method=user&region=211&regionCnName=%E7%BE%8E%E5%9B%BD,玩具与游戏
1776162863128,temu,606225924236295,https://img.kwcdn.com/product/algo_check/auto/34f356a48be702a5686471c38c83a527_1772078393654.jpg,定制拼图500/1000片。送给亲人、宠物、生日、母亲节和周年纪念日的绝佳礼物,2026-03-08T12:17:30.015+00:00,470,423,全托,美国,https://www.temu.com/search_result.html?search_key=606225924236295&search_method=user&region=211&regionCnName=%E7%BE%8E%E5%9B%BD,玩具与游戏
1776162863128,temu,606230017844080,https://img.kwcdn.com/product/fancy/969724b2-5906-4fb8-bec3-210a0ff164f6.jpg,10/20/30个 复活节玩具挤压玩具，tpr材质，有趣的派对和生日的礼物，适合3-6岁的男孩和女孩的玩具，复活节团子捏捏，挤压玩具非电动，无羽毛，可爱，适合教室礼品填充物，适合复活节礼物篮子，派对礼物，随机风格,2026-01-21T02:25:38.637+00:00,968,374,全托,美国,https://www.temu.com/search_result.html?search_key=606230017844080&search_method=user&region=211&regionCnName=%E7%BE%8E%E5%9B%BD,玩具与游戏
1776162863128,temu,606248137234323,https://img.kwcdn.com/product/open/dcdf589e03e147e1bc8e4a52101a8eb2-goods.jpeg,12pcs 3D Maze Memory Ball Puzzle Toys 3D Gravity Memory Sequential Maze Ball for Kids Adults Brain Teaser Educational Puzzle Toys Novelty Toys Creativity Birthday Event Party Christmas Halloween Favors Classroom Prize,2026-01-28T07:21:23.136+00:00,736,482,全托,美国,https://www.temu.com/search_result.html?search_key=606248137234323&search_method=user&region=211&regionCnName=%E7%BE%8E%E5%9B%BD,玩具与游戏
1776162863128,temu,606262766979235,https://img.kwcdn.com/product/fancy/cabd1513-d3ab-4f25-a670-08721dbfe90a.jpg,"Adult and Children's Coloring Book, Bold and Simple, Minimalist yet Bold Designs, for Relaxation, Featuring Animals, Landscapes, Flowers, Patterns, and Cute Things, Valentine's Day, Ramadan, New Year's Gift, Back-to-school Season Gift",2026-02-11T13:00:44.323+00:00,426,317,全托,美国,https://www.temu.com/search_result.html?search_key=606262766979235&search_method=user&region=211&regionCnName=%E7%BE%8E%E5%9B%BD,玩具与游戏
1776162863128,temu,606263974951748,https://img.kwcdn.com/product/fancy/11d59a61-ba14-46a9-8a34-cbe219a999dc.jpg,"Miniature Finger Basketball Toys for 6/12/24 Players | On-The-Go Shooting Game Featuring a Hoop And Vibrant Balls | Ideal Party Favors for Children, Halloween And Christmas Presents, Assorted Colors, Entertaining Design",2026-01-21T01:12:56.392+00:00,729,351,全托,美国,https://www.temu.com/search_result.html?search_key=606263974951748&search_method=user&region=211&regionCnName=%E7%BE%8E%E5%9B%BD,玩具与游戏
1776162863128,temu,606265719795154,https://img.kwcdn.com/product/fmket/685b7db964d565dcd6c455eb14fffe28.jpg,超萌水豚主题零食袋，内含三只迷你水豚毛绒玩具，非常适合家居装饰、沙发装饰，以及作为可爱、蓬松的伙伴。是生日礼物、解压玩具和派对礼品的理想选择,2026-02-06T00:24:59.130+00:00,709,390,全托,美国,https://www.temu.com/search_result.html?search_key=606265719795154&search_method=user&region=211&regionCnName=%E7%BE%8E%E5%9B%BD,玩具与游戏
1776162863128,temu,606271289845358,https://img.kwcdn.com/product/fancy/0f64f879-6ca7-465c-8564-b52c7d28f6a9.jpg,"4pcs Floating Bath Learning Bathroom Toy - Letter, Number, And Animal Water Games, Made of ABS Material, Bathroom Toy",2026-02-25T19:35:18.122+00:00,690,434,全托,美国,https://www.temu.com/search_result.html?search_key=606271289845358&search_method=user&region=211&regionCnName=%E7%BE%8E%E5%9B%BD,玩具与游戏
1776162863128,temu,606288939419572,https://img.kwcdn.com/product/fancy/21fa1014-085a-4459-8074-f632428f4457.jpg,手工编织的灰色兔子摇铃玩具做工精细，宝宝手摇铃内置护耳铃铛吸引宝宝注意力有助于发展听觉与形状认知能力，宝宝抓握玩具柔软耐用细节丰富，新生儿纪念礼物，非常适合宝宝的礼物,2026-01-24T07:18:49.310+00:00,758,331,全托,美国,https://www.temu.com/search_result.html?search_key=606288939419572&search_method=user&region=211&regionCnName=%E7%BE%8E%E5%9B%BD,玩具与游戏
1776162863128,temu,606315917187458,https://img.kwcdn.com/product/algo_framework/ImageCm2InAlgo/590be46c-ea0e-11f0-81a0-0a580aa83d90.jpg,电子早教爬楼梯鸭子儿童玩具，灯光音乐会爬楼梯益智玩具，圣诞礼物,2026-01-18T02:42:26.054+00:00,549,449,全托,美国,https://www.temu.com/search_result.html?search_key=606315917187458&search_method=user&region=211&regionCnName=%E7%BE%8E%E5%9B%BD,玩具与游戏
1776162863128,temu,606318601557218,https://img.kwcdn.com/product/open/ea5ef202e8de4bb799eedbdd8d3dc882-goods.jpeg,潜水环/儿童游泳辅助玩具 多彩浮力训练环 泳池浴缸两用浮圈 初学者游泳教学 增强水性 安全趣味戏水,2026-01-23T12:36:52.652+00:00,534,333,全托,美国,https://www.temu.com/search_result.html?search_key=606318601557218&search_method=user&region=211&regionCnName=%E7%BE%8E%E5%9B%BD,玩具与游戏
1776162863128,temu,606321554362317,https://img.kwcdn.com/product/fancy/af5678aa-012b-4b4f-93f7-c900c72cbadd.jpg,Taba趣味泡泡章鱼挤压玩具，可爱蓝色章鱼Taba软软的玩具，带慢回弹和柔软指尖触感的感官玩具，节日聚会和派对必备，趣味设计，柔韧纹理，缓解手部紧张,2026-02-23T13:19:14.757+00:00,499,341,全托,美国,https://www.temu.com/search_result.html?search_key=606321554362317&search_method=user&region=211&regionCnName=%E7%BE%8E%E5%9B%BD,玩具与游戏
1776162865775,temu,606323567610237,https://img.kwcdn.com/product/open/5d6da742efee4c2680ace0685c71b5fa-goods.jpeg,6 Packs Easter Basket Stuffers Toys for Kids - Prefilled Easter Eggs Stuffers with Parachute Toys for Kids - Easter Egg Fillers Ideas Gifts Outdoor Games for 3-12 Year Old Boys Girls,2026-03-04T18:00:52.195+00:00,435,360,半托,美国,https://www.temu.com/search_result.html?search_key=606323567610237&search_method=user&region=211&regionCnName=%E7%BE%8E%E5%9B%BD,玩具与游戏
1776162865775,temu,606330412739117,https://img.kwcdn.com/product/fancy/0f39036c-1953-4ffb-9263-6a002d330d1d.jpg,13/26pcs迷你蝾螈章鱼挤压慢回弹式派个玩具 - 软质缓慢上升的可爱动物玩具，复活节，圣诞节和生日的礼物，学堂的奖品，是送给孙辈的圣诞礼物、袜子填充物、儿童生日派个玩具套装。,2026-02-02T01:50:57.323+00:00,2473,1073,全托,美国,https://www.temu.com/search_result.html?search_key=606330412739117&search_method=user&region=211&regionCnName=%E7%BE%8E%E5%9B%BD,玩具与游戏
1776162865775,temu,606336049856728,https://img.kwcdn.com/product/open/878856a9e1d04616bb7488c94d30a53a-goods.jpeg,（已授权）1pc MINISO斯图尔特公仔柔软黄色毛绒动物，具有表达性眼睛和蓬松耳朵，拥抱感给粉丝，收藏电影纪念品，毛绒动物，收藏品，展示品，耐用缝合，粉丝收藏家，情人节、复活节礼物,2026-01-26T04:01:20.221+00:00,714,303,半托,美国,https://www.temu.com/search_result.html?search_key=606336049856728&search_method=user&region=211&regionCnName=%E7%BE%8E%E5%9B%BD,玩具与游戏
1776162865775,temu,606337392069320,https://img.kwcdn.com/product/fancy/9d8b64f0-6554-4b7a-9b75-692f7c898210.jpg,1盎司99%纯银鹰雕像 - 新款设计，密封包装，优质工艺，耐用防腐金属，自制珠宝制作，家居装饰，手工艺材料，收藏礼品,2026-03-06T01:37:11.863+00:00,462,349,半托,美国,https://www.temu.com/search_result.html?search_key=606337392069320&search_method=user&region=211&regionCnName=%E7%BE%8E%E5%9B%BD,玩具与游戏
1776162865775,temu,606342962074447,https://img.kwcdn.com/product/fancy/ebce64e8-229a-4198-9813-2b1fcc1109dd.jpg,感官立方体挤压玩具 儿童成人适用 柔软TPR材质 锻炼手部力量 旋转指尖陀螺 舒缓压力 派对礼品 三种尺寸 小号中号大号,2026-03-09T15:19:25.678+00:00,682,655,全托,美国,https://www.temu.com/search_result.html?search_key=606342962074447&search_method=user&region=211&regionCnName=%E7%BE%8E%E5%9B%BD,玩具与游戏
1776162865775,temu,606344572710270,https://img.kwcdn.com/product/fancy/20975a15-11c7-4215-87d8-ad2a7fc16caa.jpg,2026全新升级屏幕遥控四轴飞行器，配备FPV屏幕、双摄像头、避障功能、无刷电机和可折叠遥控器。可选普通型号（不含屏幕）和T型号。,2026-03-12T15:13:58.001+00:00,908,898,半托,美国,https://www.temu.com/search_result.html?search_key=606344572710270&search_method=user&region=211&regionCnName=%E7%BE%8E%E5%9B%BD,玩具与游戏
1776162865775,temu,606347055758462,https://img.kwcdn.com/product/fancy/d5f3702e-e76e-479d-8ffa-e22483cabe2d.jpg,82个超大透明波波球套装，12英寸波波球粉色蝴蝶结套装，露营派对装饰，派对装饰，婚礼生日派对装饰用品，32个节日通用最佳礼物,2026-01-25T08:20:32.223+00:00,1403,842,全托,美国,https://www.temu.com/search_result.html?search_key=606347055758462&search_method=user&region=211&regionCnName=%E7%BE%8E%E5%9B%BD,玩具与游戏
1776162865775,temu,606355108805344,https://img.kwcdn.com/product/open/74a1ae22a11e422bab5a66847d0787f6-goods.jpeg,"Taba Squishy, Fufu Squishy Fidget Toy - Blue Ocean Small Animal Ice Cube Squishy Toy, Slow Rebound 3D Maltose Toy, Squeezable and Kneadable Fun Toy, Cartoon Small Pattern Design, Interesting Blue Slow Rebound Soft Toy Loved by Children, Small Gifts",2026-02-26T00:42:21.180+00:00,1900,1772,全托,美国,https://www.temu.com/search_result.html?search_key=606355108805344&search_method=user&region=211&regionCnName=%E7%BE%8E%E5%9B%BD,玩具与游戏
1776162865775,temu,606359672184727,https://img.kwcdn.com/product/fancy/692dcabb-1af2-4644-b7be-139e31f0e233.jpg,成人数独拼图：中等到非常困难的数独拼图，用于放松、缓解压力和大脑训练,2026-03-05T12:54:59.484+00:00,1531,921,全托,美国,https://www.temu.com/search_result.html?search_key=606359672184727&search_method=user&region=211&regionCnName=%E7%BE%8E%E5%9B%BD,玩具与游戏
1776162865775,temu,606374167683744,https://img.kwcdn.com/product/fancy/0d2de316-1529-46bb-b050-c7e222c00a20.jpg,娃娃屋美发沙龙套装 | 配件微缩模型、场景装饰与摄影道具，生日与圣诞礼物的完美选择，模型收藏品,2026-01-28T05:39:16.112+00:00,935,457,全托,美国,https://www.temu.com/search_result.html?search_key=606374167683744&search_method=user&region=211&regionCnName=%E7%BE%8E%E5%9B%BD,玩具与游戏
1776162865775,temu,606374436169983,https://img.kwcdn.com/product/fancy/08d1e2c4-e8d5-491f-9598-28c2d3cf20f2.jpg,DEEPLAN Chaos Pendulum 是一款时尚的桌面摆件，采用单杆和双杆摆动设计。这款紧凑型手动摆件非常适合日常办公使用，也是送给朋友、伴侣、丈夫或父亲的体贴礼物。,2026-01-19T04:20:53.181+00:00,988,412,全托,美国,https://www.temu.com/search_result.html?search_key=606374436169983&search_method=user&region=211&regionCnName=%E7%BE%8E%E5%9B%BD,玩具与游戏
1776162865775,temu,606376583625436,https://img.kwcdn.com/product/open/82c74f0411b549689b9cfced795ce17d-goods.jpeg,1个趣味恶作剧玩具手拉球玩具，多色拉力训练玩具，家庭户外互动拔河球，趣味户外活动，增强力量和协调能力,2026-01-31T17:29:35.395+00:00,908,439,全托,美国,https://www.temu.com/search_result.html?search_key=606376583625436&search_method=user&region=211&regionCnName=%E7%BE%8E%E5%9B%BD,玩具与游戏
1776162865775,temu,606401413921520,https://img.kwcdn.com/product/fancy/eb54e1db-79f4-4434-8d34-c6035564b59f.jpg,3/6只装塔巴泡沫章鱼，可爱趣味儿童玩具,2026-01-28T19:02:23.996+00:00,1366,639,全托,美国,https://www.temu.com/search_result.html?search_key=606401413921520&search_method=user&region=211&regionCnName=%E7%BE%8E%E5%9B%BD,玩具与游戏
1776162865775,temu,606421949248038,https://img.kwcdn.com/product/fancy/dcc7d409-8c21-4021-be7c-b0a98e91cbbe.jpg,成人定制拼图，个性化您的照片、情侣照、艺术画、风景图、宠物肖像 定格美好瞬间 ——高品质纸质材料，完美礼物创意，节日礼物，无框设计,2026-02-01T13:39:12.771+00:00,1806,1391,全托,美国,https://www.temu.com/search_result.html?search_key=606421949248038&search_method=user&region=211&regionCnName=%E7%BE%8E%E5%9B%BD,玩具与游戏
1776162865775,temu,606434028817221,https://img.kwcdn.com/product/fancy/651aaa72-0da3-4493-aace-79f0411b66ea.jpg,儿童派个礼品包24件石头剪刀布猜拳钥匙扣挂饰玩具组合，适合3岁以上的男孩和女孩的玩具，派个和学堂和生日的礼物迷你指尖游戏玩具，书包吊坠生日派个礼物，课堂奖品，互动趣味游戏玩具，复活节。圣诞节礼物填充袋,2026-01-21T02:25:36.779+00:00,1998,590,全托,美国,https://www.temu.com/search_result.html?search_key=606434028817221&search_method=user&region=211&regionCnName=%E7%BE%8E%E5%9B%BD,玩具与游戏
1776162865775,temu,606445303093379,https://img.kwcdn.com/product/fancy/dbbd5dfb-ad4b-4929-875d-dae82abbef93.jpg,24张复活节表情贴纸，自制复活节贴纸，含彩蛋兔子小鸡农场动物羔羊脸贴，适用于家庭学校教室派对礼品用品,2026-01-25T12:25:20.400+00:00,1593,965,全托,美国,https://www.temu.com/search_result.html?search_key=606445303093379&search_method=user&region=211&regionCnName=%E7%BE%8E%E5%9B%BD,玩具与游戏
1776162865775,temu,606452282450351,https://img.kwcdn.com/product/open/a1e7005b81b9477faa58a9170acf6cc6-goods.jpeg,梦幻战斗龙 玩具垫 | 23.62x11.81英寸防滑橡胶桌垫，带区域，兼容集换式卡牌游戏、桌面游戏、游戏配件，缝边23.62x11.81英寸（60x30厘米）,2026-01-30T13:53:19.666+00:00,1078,468,全托,美国,https://www.temu.com/search_result.html?search_key=606452282450351&search_method=user&region=211&regionCnName=%E7%BE%8E%E5%9B%BD,玩具与游戏
1776162865775,temu,606467985928660,https://img.kwcdn.com/product/algo_framework/ImageCm2InAlgo/99449baa-137b-11f1-b2a3-0a580aa2314b.jpg,1个装[超柔软黄油棒夹夹乐]慢回弹解压神器 办公室压力缓解小玩具亲肤舒适疗愈排气道道具 通用摆件 儿童和成人通用,2026-02-03T23:23:24.778+00:00,2713,1773,全托,美国,https://www.temu.com/search_result.html?search_key=606467985928660&search_method=user&region=211&regionCnName=%E7%BE%8E%E5%9B%BD,玩具与游戏
1776162865775,temu,606478522006404,https://img.kwcdn.com/product/fancy/fb87405a-758e-4888-8f4a-f2ec082c9107.jpg,60张/盒 哈利波特人物透明贴纸礼盒 可爱手账贴纸套装 水杯手机壳高透装饰 魔法世界周边收藏礼物,2026-03-04T00:35:52.065+00:00,824,510,全托,美国,https://www.temu.com/search_result.html?search_key=606478522006404&search_method=user&region=211&regionCnName=%E7%BE%8E%E5%9B%BD,玩具与游戏
1776162865775,temu,606486105275264,https://img.kwcdn.com/product/open/3241fff858f54a7886e8e04196455008-goods.jpeg,4件套可变形机器人吸盘伸缩弹簧管玩具派对礼包 高品质创意感官趣味玩具 圣诞新年情人节复活节母亲节父亲节毕业季纪念品 儿童派对互动游戏亲子互动道具 课堂奖励办公桌装饰 益智小礼物,2026-01-23T03:41:41.726+00:00,728,549,全托,美国,https://www.temu.com/search_result.html?search_key=606486105275264&search_method=user&region=211&regionCnName=%E7%BE%8E%E5%9B%BD,玩具与游戏
1776162865775,temu,606486105295838,https://img.kwcdn.com/product/fancy/938bb3a6-4e74-4717-939c-365174f2345f.jpg,变形金刚 蜜蜂 和 金刚守护者 动作模型雕像，大头动作模型，适用于客厅、电视柜、卧室、室内装饰、生日礼物,2026-01-23T14:13:37.271+00:00,888,593,全托,美国,https://www.temu.com/search_result.html?search_key=606486105295838&search_method=user&region=211&regionCnName=%E7%BE%8E%E5%9B%BD,玩具与游戏
1776162865775,temu,606489058090057,https://img.kwcdn.com/product/open/f4eb08c89c4044fda29204d55154cf8c-goods.jpeg,K-POP涂色书，K-POP主题人物素描本，漫画书，动漫女孩，绘画教程，成人艺术练习，描摹书，创意涂色活动，生日礼物，复活节礼物,2026-03-05T07:26:09.356+00:00,586,433,全托,美国,https://www.temu.com/search_result.html?search_key=606489058090057&search_method=user&region=211&regionCnName=%E7%BE%8E%E5%9B%BD,玩具与游戏
1776162865775,temu,606501943009481,https://img.kwcdn.com/product/fancy/ce3d1d06-85d2-45ef-96da-eb16e8a4daa4.jpg,"1pc/ 2pcs High Quality 2011 Battle Master Semi-automatic Soft Toy Gun, Including 1 Magazine, 6 Bullets, 20 Actual Combat Simulation Ammunition, Simulation Training Model, Safe ABS Plastic Material, Cartridge Case Discharge Design",2026-01-27T04:23:19.623+00:00,465,335,半托,美国,https://www.temu.com/search_result.html?search_key=606501943009481&search_method=user&region=211&regionCnName=%E7%BE%8E%E5%9B%BD,玩具与游戏
1776162865775,temu,606514223932892,https://img.kwcdn.com/product/open/44ba521bc9b94746bd9a9ad27bc31110-goods.jpeg,麻将练习板 - 一个井井有条的瓷砖布局，对新手和技能提升至关重要。这是一个有用的麻将爱好者支持工具。它坚固耐用。,2026-03-07T12:00:06.479+00:00,559,497,半托,美国,https://www.temu.com/search_result.html?search_key=606514223932892&search_method=user&region=211&regionCnName=%E7%BE%8E%E5%9B%BD,玩具与游戏
1776162865775,temu,606517378009490,https://img.kwcdn.com/product/fancy/4d5fa650-0cec-4bf0-b2a5-9c2d44d05ec0.jpg,"Automatic Ejection Block Toy Gun - Containing Bullet Shells, STEM Building Set Equipped with Realistic Firing Mechanism, Tactical Building Block Handle Set - Multiplayer Strategy Collaborative Toy Shooting Game for Outdoor Team Activities & Festival",2026-01-25T04:52:17.545+00:00,1000,569,半托,美国,https://www.temu.com/search_result.html?search_key=606517378009490&search_method=user&region=211&regionCnName=%E7%BE%8E%E5%9B%BD,玩具与游戏
1776162865775,temu,606517512214434,https://img.kwcdn.com/product/open/11e37905ff7f4e71bba1e92a5e836be6-goods.jpeg,10只装彩色软体毛毛虫拉伸玩具，解压玩具批量感官玩具，适用于儿童派对礼品、复活节篮子填充物、课堂奖励、儿童生日礼物、圣诞礼物、教室宝藏盒玩具、男女童玩具、儿童礼品袋填充物、派对礼品、男孩玩具，万圣节、复活节、嘉年华、感恩节理想礼物（随机发货）,2026-02-07T16:47:17.037+00:00,1461,610,全托,美国,https://www.temu.com/search_result.html?search_key=606517512214434&search_method=user&region=211&regionCnName=%E7%BE%8E%E5%9B%BD,玩具与游戏
1776162865775,temu,606522075669636,https://img.kwcdn.com/product/fancy/2ed190ec-f025-41f6-b6f5-8ba2517e52c8.jpg,渔夫小屋木质拼装模型套件，手工diy3D木质拼图渔村小屋建筑模型，适合送给朋友家人的节日礼物,2026-01-19T20:18:47.447+00:00,1463,420,全托,美国,https://www.temu.com/search_result.html?search_key=606522075669636&search_method=user&region=211&regionCnName=%E7%BE%8E%E5%9B%BD,玩具与游戏
1776162865775,temu,606530866899710,https://img.kwcdn.com/product/open/62d5f5af9559404082f31822838e0a1e-goods.jpeg,92张B型偶像V成员照片卡套装 - 包括60张LOMO卡和32张迷你贴纸，双面高清优质纸张制成，是粉丝收藏、演唱会互换的理想K-Pop商品,2026-03-06T04:18:23.610+00:00,412,334,全托,美国,https://www.temu.com/search_result.html?search_key=606530866899710&search_method=user&region=211&regionCnName=%E7%BE%8E%E5%9B%BD,玩具与游戏
1776162865775,temu,606539792367689,https://img.kwcdn.com/product/fancy/8e70cb5f-04cb-42cc-9cf8-84d4c44db2f3.jpg,"A Box of Tabletop Card Game Toys for Friends' Outdoor Gatherings, Entertainment, and Birthday Parties. Fun Brain Teasers Is an Educational Card Set Containing 50 Fun Mental Challenges, Encouraging Quick Thinking and Rapid Responses for Non-stop Play!",2026-01-31T05:32:49.125+00:00,1000,450,全托,美国,https://www.temu.com/search_result.html?search_key=606539792367689&search_method=user&region=211&regionCnName=%E7%BE%8E%E5%9B%BD,玩具与游戏
1776162865775,temu,606540866135088,https://img.kwcdn.com/product/fancy/64b7beff-6127-4c00-9158-347554171c83.jpg,24页温馨的爱涂色书，描绘了甜蜜的情侣、温馨的家、温柔的拥抱、平静的日常场景、爱心以及各种迷人的卡哇伊风格细节，适合成人、青少年、初学者以及所有热爱温馨浪漫、可爱爱情美学和轻松涂色的人,2026-02-09T17:26:35.368+00:00,1515,603,全托,美国,https://www.temu.com/search_result.html?search_key=606540866135088&search_method=user&region=211&regionCnName=%E7%BE%8E%E5%9B%BD,玩具与游戏
1776162865775,temu,606542745186322,https://img.kwcdn.com/product/open/b5ba665d5481407fa7a1742cba662588-goods.jpeg,恶搞放屁喷雾，派对整蛊必备神器。这款气味喷雾具有逼真气味，是令人捧腹的道具、整蛊玩具和游戏工具。趣味新颖的整蛊礼物，愚人节恶作剧的完美选择,2026-01-25T10:46:38.003+00:00,720,369,半托,美国,https://www.temu.com/search_result.html?search_key=606542745186322&search_method=user&region=211&regionCnName=%E7%BE%8E%E5%9B%BD,玩具与游戏
1776162865775,temu,606545295311840,https://img.kwcdn.com/product/fancy/7f0327e6-7c8b-4769-b69b-85ec939455f4.jpg,爆款16英寸大型LCD写字板，可擦除电子涂鸦板，便携式绘图板，适用于办公室、家庭、学校，男孩女孩的理想玩具礼物。儿童节/生日礼物,2026-01-25T19:00:00.690+00:00,801,314,半托,美国,https://www.temu.com/search_result.html?search_key=606545295311840&search_method=user&region=211&regionCnName=%E7%BE%8E%E5%9B%BD,玩具与游戏
1776162865775,temu,606546771689582,https://img.kwcdn.com/product/open/94d6e3f426834e9a9230c53769469405-goods.jpeg,55张美国250周年纪念贴纸 | 复古美学，非常适合装饰手机、水瓶、剪贴簿、日记本、汽车、笔记本电脑、礼品袋、信封、派个装饰 | 混色，纸质材料，自粘,2026-01-24T07:17:55.196+00:00,870,350,全托,美国,https://www.temu.com/search_result.html?search_key=606546771689582&search_method=user&region=211&regionCnName=%E7%BE%8E%E5%9B%BD,玩具与游戏
1776162865775,temu,606556703812903,https://img.kwcdn.com/product/fancy/cb716575-0ced-4ecc-aa26-192de552f32d.jpg,角色手办玩偶 十二星座随机盲盒新款可爱多种颜色小雕像 拥有富有表情的眼睛和独特的姿势 情人节周边潮玩盲盒 送女友节日礼物 白羊座、金牛座、双子座、巨蟹座、狮子座、处女座、天秤座、天蝎座、射手座、摩羯座、水瓶座、双鱼座随机盲盒,2026-02-01T02:39:17.195+00:00,816,521,全托,美国,https://www.temu.com/search_result.html?search_key=606556703812903&search_method=user&region=211&regionCnName=%E7%BE%8E%E5%9B%BD,玩具与游戏
1776162865775,temu,606559388178871,https://img.kwcdn.com/product/fancy/c11961c6-242e-4a47-8760-2a777855dd13.jpg,2026款新款E88 E99 PROK无人机配备高清屏幕与摄像头，双电池续航40分钟，采用无刷电机、避障功能、可折叠四轴飞行器及一键返航功能。适合初学者，是生日与节日的绝佳礼物,2026-01-26T11:31:46.334+00:00,955,538,半托,美国,https://www.temu.com/search_result.html?search_key=606559388178871&search_method=user&region=211&regionCnName=%E7%BE%8E%E5%9B%BD,玩具与游戏
1776162865775,temu,606583480234449,https://img.kwcdn.com/product/open/b599612f94384907befae82d25070040-goods.jpeg,1个流动图案魔方挤压玩具，专为感官游戏设计，具有旋转和抓握功能，适合儿童和成人。触感柔软，有助于手部锻炼,2026-03-10T01:37:04.987+00:00,1450,1018,全托,美国,https://www.temu.com/search_result.html?search_key=606583480234449&search_method=user&region=211&regionCnName=%E7%BE%8E%E5%9B%BD,玩具与游戏
1776162865775,temu,606594284801064,https://img.kwcdn.com/product/fancy/f98a1425-e43f-4a41-8daf-d9732959bd67.jpg,神奇的蜂鸟魔术道具，书签礼物，纸制+塑料材质，创意礼物魔术小鸟，桌面表演，节日派对惊喜恶作剧 趣味礼物,2026-02-01T11:53:16.266+00:00,424,334,全托,美国,https://www.temu.com/search_result.html?search_key=606594284801064&search_method=user&region=211&regionCnName=%E7%BE%8E%E5%9B%BD,玩具与游戏
1776162865775,temu,605707239825836,https://img.kwcdn.com/product/fancy/de81d38c-a9c4-4098-ab4e-81824b467450.jpg,成人饮酒轮盘游戏套装 | 包括耐压结构酒杯轮盘，趣味酒吧派对游戏设备，适合成人，非常适合游戏之夜、单身派对、生日聚会和家庭酒吧娱乐,2026-01-23T12:21:11.422+00:00,7774,7411,半托,美国,https://www.temu.com/search_result.html?search_key=605707239825836&search_method=user&region=211&regionCnName=%E7%BE%8E%E5%9B%BD,玩具与游戏
1776162865775,temu,605855214840561,https://img.kwcdn.com/product/open/ac8534c0c1e94c6ba315b77aa7e8c08c-goods.jpeg,塔巴泡泡鱿鱼挤压玩具，泥泞质感慢回弹玩具，亲子互动桌面玩具，适用于儿童节、情人节、万圣节、圣诞节及生日派对，也是馈赠亲友的理想之选,2026-03-25T06:28:11.113+00:00,2016,2016,全托,美国,https://www.temu.com/search_result.html?search_key=605855214840561&search_method=user&region=211&regionCnName=%E7%BE%8E%E5%9B%BD,玩具与游戏
1776162865775,temu,605875347527512,https://img.kwcdn.com/product/fancy/9a052ae2-1017-4793-afda-be9a19fdf4d2.jpg,创意捏捏乐人偶趣味玩具，搞笑捏捏人偶玩具，适合作派对与生日礼物、生日礼包、学校奖品，质地柔软且高弹性。适合作为办公室、家庭、派对及生日礼物，供同事恶作剧玩耍,2026-03-24T14:51:19.575+00:00,772,772,全托,美国,https://www.temu.com/search_result.html?search_key=605875347527512&search_method=user&region=211&regionCnName=%E7%BE%8E%E5%9B%BD,玩具与游戏
1776162865775,temu,605906754443979,https://img.kwcdn.com/product/fancy/60de3769-6f6c-44b1-9fb6-4e3423de8544.jpg,"3D Printed Slime Stress Ball for Adults - Realistic Sensory Fidget Toy with Slime, Durable Plastic Relief, Ideal for Bedtime, Travel, and Office Use, Holiday Gift (Valentine's Day, Easter, Birthday, Holidays)",2026-02-22T07:15:34.624+00:00,402,402,全托,美国,https://www.temu.com/search_result.html?search_key=605906754443979&search_method=user&region=211&regionCnName=%E7%BE%8E%E5%9B%BD,玩具与游戏
1776162865775,temu,605942456408517,https://img.kwcdn.com/product/aisc_image/algo/opt/fba4da3f44e8460daab24ca95303c541-goods.jpeg,"1/2pcs加厚型充气泳池浮床 男女通用 充气躺椅与泳池浮条， pvc+牛津布材质，适用于泳池、湖泊、海滩及庭院派对，户外水上乐趣，夏日水上、乐趣像老板一样漂浮，像王者一样放松、小酌、晒太阳、漂浮 - 完美夏日、""Ditch the Basic Float, Upgrade to Ultimate Comfort""Pool Party EssentialSummer Pool AcssoryBayard Pool FloatLake Float ChairBeach Pool LoungerVacation Pool GearAdjustable Pool FloatFoldable Pool",2026-03-21T02:59:28.624+00:00,936,936,全托,美国,https://www.temu.com/search_result.html?search_key=605942456408517&search_method=user&region=211&regionCnName=%E7%BE%8E%E5%9B%BD,玩具与游戏
1776162865775,temu,605966481379580,https://img.kwcdn.com/product/open/f2d4194e03c14385a400fbdaf5748e44-goods.jpeg,"2pcs Taba Squishy - Four-Color Cat Squeeze Toys, Slow-Rising Textured Toys/Office Desk Decor/Easter Basket Fillers/Classroom Rewards/Children's Toys, Stress-Relief Squeeze Toys for Christmas/Children's Day/Halloween/Birthday Party Gifts",2026-03-26T07:56:03.861+00:00,888,888,全托,美国,https://www.temu.com/search_result.html?search_key=605966481379580&search_method=user&region=211&regionCnName=%E7%BE%8E%E5%9B%BD,玩具与游戏
1776162865775,temu,606065399793619,https://img.kwcdn.com/product/fancy/de1c5fd2-ad25-4366-9909-9f080abd7d72.jpg,"Acrylic Stackable Display Box, Suitable for The English Booster Bundle, Featuring a Transparent Magnetic Closure Storage Box Designed for Trading Cards, Collectibles, And Sports Memorabilia. Please Confirm The Product Dimensions Before Purchasing",2026-03-18T11:22:17.758+00:00,1000,1000,全托,美国,https://www.temu.com/search_result.html?search_key=606065399793619&search_method=user&region=211&regionCnName=%E7%BE%8E%E5%9B%BD,玩具与游戏
1776162865775,temu,606134656195152,https://img.kwcdn.com/product/open/bb48194a58654b039e84459647cc6a7d-goods.jpeg,定制双面宠物照片造型枕头 3D打印 猫狗兔子，动物图像装饰枕头，任何猫狗兔子动物宠物纪念枕头，猫狗纪念品独特宠物毛绒靠垫枕头,2026-03-27T11:32:32.117+00:00,451,451,全托,美国,https://www.temu.com/search_result.html?search_key=606134656195152&search_method=user&region=211&regionCnName=%E7%BE%8E%E5%9B%BD,玩具与游戏
1776162865775,temu,606332761518202,https://img.kwcdn.com/product/fancy/4139a350-f9c6-4ecd-b6bd-ec1765fccbcd.jpg,"Realistic 3D Printed Viper Figurine - Flexible and Freely Movable - Portable and Easy to Carry. Suitable as a Gift for Easter, Christmas, St. Patrick's Day, April Fool's Day, Thanksgiving, National Flag Day, Mother's Day, and Arbor Day",2026-03-28T16:11:16.639+00:00,1500,1500,全托,美国,https://www.temu.com/search_result.html?search_key=606332761518202&search_method=user&region=211&regionCnName=%E7%BE%8E%E5%9B%BD,玩具与游戏
1776162865775,temu,606369872762532,https://img.kwcdn.com/product/open/fefab009f54a493ea09e9fdad0b85b2f-goods.jpeg,84 张基督教复活节耶稣主题 UV DTF 转印贴纸，DIY 家居装饰创意贴花，适用于家具、16 盎司玻璃杯和镜子，是创意家居装饰项目的理想之选（仅含转印贴纸）。,2026-02-18T18:41:24.028+00:00,840,840,全托,美国,https://www.temu.com/search_result.html?search_key=606369872762532&search_method=user&region=211&regionCnName=%E7%BE%8E%E5%9B%BD,玩具与游戏
1776162865775,temu,606408326096493,https://img.kwcdn.com/product/fancy/caac0807-29bb-4c8b-af83-eb126c7314d7.jpg,4 件装柔软解压玩具 挤压式减压立方体，适合成人和儿童使用，具有缓慢上升的减压球，小巧柔软的玩具可用于课堂奖励、派对礼品,2026-03-25T05:39:30.829+00:00,934,934,全托,美国,https://www.temu.com/search_result.html?search_key=606408326096493&search_method=user&region=211&regionCnName=%E7%BE%8E%E5%9B%BD,玩具与游戏
1776162865775,temu,606521605868700,https://img.kwcdn.com/product/open/e8fb4e04548c4c72b2a9c1a79a197af3-goods.jpeg,"A Versatile 3-In-1 Foldable Foam Pool Chair That Floats, Eliminating The Need for Inflation. It Includes a Roomy Floating Hammock with a Swim Base, Ensuring Stable Buoyancy for Relaxation by The Pool Or Lake",2026-03-27T17:12:45.000+00:00,626,626,半托,美国,https://www.temu.com/search_result.html?search_key=606521605868700&search_method=user&region=211&regionCnName=%E7%BE%8E%E5%9B%BD,玩具与游戏
