发现日期,来源平台,商品ID,图片,产品名称,上架日期,总销量,月销量,托管模式,在售站点,产品链接,类目
1777254254612,temu,606256928523627,https://img.kwcdn.com/product/fmket/7fa2de33e98899720e67211cb9d47d35.jpg,2个趣味炫彩磨砂冰块挤压玩具，外观类似冰块，这些独特且有趣的可拉伸玩具是柔软的感官玩具，非常适合课堂奖励，是完美的节日礼物,2026-03-29T17:31:58.118+00:00,8739,8739,全托,美国,https://www.temu.com/search_result.html?search_key=606256928523627&search_method=user&region=211&regionCnName=%E7%BE%8E%E5%9B%BD,玩具与游戏
1777254254612,temu,605662813779883,https://img.kwcdn.com/product/fancy/ec19654f-40c0-45f7-ad20-aaabb152a07b.jpg,一款全新3D卡通装饰品，一个可以无限挤压的解压模拟魔方玩具。是圣诞节、派对、生日、学校奖励的有趣礼物，也是送给孙辈的好礼物。,2026-02-02T19:28:23.041+00:00,15000,10556,全托,美国,https://www.temu.com/search_result.html?search_key=605662813779883&search_method=user&region=211&regionCnName=%E7%BE%8E%E5%9B%BD,玩具与游戏
1777254254612,temu,606486977725484,https://img.kwcdn.com/product/fancy/1356a2c0-5f69-4036-8987-5c128b5e7139.jpg,大量馒头玩具套装组合游戏玩具，派对生日热门减压回弹玩具，校园奖品。有趣的派对生日礼物（每套3个，1个馒头+2个蒸笼）,2026-04-13T08:53:33.472+00:00,999,999,全托,美国,https://www.temu.com/search_result.html?search_key=606486977725484&search_method=user&region=211&regionCnName=%E7%BE%8E%E5%9B%BD,玩具与游戏
1777254254612,temu,606446443938765,https://img.kwcdn.com/product/fancy/f402cf7f-602d-4a80-a065-f827c872591e.jpg,一款有趣的馒头挤压玩具，手工柔软设计，缓慢回弹且富有粘性。适合作为办公室、圣诞节、万圣节、复活节及生日礼物。挤压粘贴的趣味游戏。桌面装饰（附蒸笼）,2026-04-05T13:18:38.094+00:00,10000,10000,全托,美国,https://www.temu.com/search_result.html?search_key=606446443938765&search_method=user&region=211&regionCnName=%E7%BE%8E%E5%9B%BD,玩具与游戏
1777254254612,temu,606426848194322,https://img.kwcdn.com/product/fancy/231c1953-75eb-404b-a043-794f78eefb6b.jpg,饺子软绵绵，2026 年新款可变形面包挤压减压球搭配，有助于放松身心，非常适合作为万圣节、感恩节或圣诞节的礼物，也是派对赠品,2026-04-07T15:42:55.287+00:00,8959,8959,全托,美国,https://www.temu.com/search_result.html?search_key=606426848194322&search_method=user&region=211&regionCnName=%E7%BE%8E%E5%9B%BD,玩具与游戏
1777254254612,temu,605883199233349,https://img.kwcdn.com/product/fancy/3381eba7-26b8-45a4-ab33-4621a8f6a7bb.jpg,1 件 三维卡通装饰品模拟立方体 | 无限挤压玩具，混合色彩，非常适合复活节，万圣节，圣诞节、生日、派个礼物以及学校奖品使用。,2026-03-27T04:43:23.121+00:00,5727,5652,全托,美国,https://www.temu.com/search_result.html?search_key=605883199233349&search_method=user&region=211&regionCnName=%E7%BE%8E%E5%9B%BD,玩具与游戏
1777254254612,temu,605800856662730,https://img.kwcdn.com/product/fancy/d3a5280b-06f2-4aba-afa0-4d5b24d9563f.jpg,饺子软软的，搭配 2026 年新款可变形面包挤压减压球，非常适合作为万圣节、感恩节或圣诞节的礼物，也可作为赠品，柔软可捏玩的挤压玩具,2026-04-07T02:04:58.772+00:00,557,557,全托,美国,https://www.temu.com/search_result.html?search_key=605800856662730&search_method=user&region=211&regionCnName=%E7%BE%8E%E5%9B%BD,玩具与游戏
1777254254612,temu,605504906590671,https://img.kwcdn.com/product/open/965b29cd6e784f20bb92ac3a4725eb00-goods.jpeg,2件装巨型泡泡球，透明 TPR 水充泡泡球，耐用且易于充气，巨型充气水球 沙滩球 庭院游戏 软胶水球，充气道具，防漏设计，庭院、海滩及户外娱乐无需电费，适合家庭聚会和水上活动,2026-03-28T02:10:55.654+00:00,910,910,全托,美国,https://www.temu.com/search_result.html?search_key=605504906590671&search_method=user&region=211&regionCnName=%E7%BE%8E%E5%9B%BD,玩具与游戏
1777254254612,temu,606241493490681,https://img.kwcdn.com/product/fancy/743f531c-46b3-418d-b1a2-9371ee1a70c5.jpg,萌趣小螃蟹 谁能拒绝这只可爱萌萌的小螃蟹捏捏乐 圆滚滚的萌态+通透果冻质感，颜值与手感双在线，捏一捏，所有不开心都被揉碎啦 半透果冻质感，颜值超高夏日氛围感拉满，一眼就爱上,2026-03-27T05:48:20.991+00:00,4626,4583,全托,美国,https://www.temu.com/search_result.html?search_key=606241493490681&search_method=user&region=211&regionCnName=%E7%BE%8E%E5%9B%BD,玩具与游戏
1777254254612,temu,605505510590248,https://img.kwcdn.com/product/fancy/b030d25d-10cb-4fc6-a15a-c33a2a2cd39d.jpg,3个夏季儿童烟花水枪玩具 适合户外泳池，沙滩派对游戏道具，泳池打水仗 拍照道具 男孩女孩生日惊喜礼物,2026-02-03T06:12:34.680+00:00,7882,6610,全托,美国,https://www.temu.com/search_result.html?search_key=605505510590248&search_method=user&region=211&regionCnName=%E7%BE%8E%E5%9B%BD,玩具与游戏
1777254254612,temu,606301488826734,https://img.kwcdn.com/product/fancy/d1867050-e8ff-4363-8b99-46d66187b71f.jpg,20件装可爱柔软凝胶玩具，混色可选，挤压玩具，迷你可爱捏捏乐，派对礼物、课堂奖励、万圣节与圣诞节的完美选择，绝佳赠礼创意，可爱设计，趣味美学，耐用可挤压结构，适合教师与家长奖励儿童,2026-03-31T04:14:46.000+00:00,2456,2456,全托,美国,https://www.temu.com/search_result.html?search_key=606301488826734&search_method=user&region=211&regionCnName=%E7%BE%8E%E5%9B%BD,玩具与游戏
1777254254612,temu,605596510171895,https://img.kwcdn.com/product/fancy/a53695c2-4950-47f7-8854-06a574ac210f.jpg,饥饿鸭喂食游戏套装（含12个海绵球与气枪）——室内外射击玩具，增进亲子互动、派对游戏、手眼协调与运动技能培养，适合户外玩耍（赠礼佳品）,2026-03-25T10:12:44.745+00:00,4859,4541,全托,美国,https://www.temu.com/search_result.html?search_key=605596510171895&search_method=user&region=211&regionCnName=%E7%BE%8E%E5%9B%BD,玩具与游戏
1777254254612,temu,605979097819203,https://img.kwcdn.com/product/open/207d66210fb540298ebcc35481d93241-goods.jpeg,1个可扭捏柔软面包造型捏捏乐玩具，适合男孩。柔软饺子造型解压球玩具，适用于自闭症及多动症儿童的感官玩具，办公室休闲用品，复活节、情人节、生日及斋月的最佳礼物,2026-04-07T14:29:32.370+00:00,909,909,全托,美国,https://www.temu.com/search_result.html?search_key=605979097819203&search_method=user&region=211&regionCnName=%E7%BE%8E%E5%9B%BD,玩具与游戏
1777254254612,temu,605823875036021,https://img.kwcdn.com/product/fancy/d93f27a3-d35c-434a-9463-f6dc3c2fdfdb.jpg,"TABA Adorable Lying-Down Kitten Squeeze Toy, Soft Slow-rebound Stretchable Toy, Aesthetically Pleasing and Portable, an Ideal Choice for Birthday Parties and Holiday Gifts, Classroom Prizes, with a Mischievous Cat Design, Perfect for Gifts",2026-03-26T14:52:02.694+00:00,9000,8580,全托,美国,https://www.temu.com/search_result.html?search_key=605823875036021&search_method=user&region=211&regionCnName=%E7%BE%8E%E5%9B%BD,玩具与游戏
1777254254612,temu,605890648340042,https://img.kwcdn.com/product/open/07fcab67d386419d9bdcccc00c461b06-goods.jpeg,1个 Taba 弹力水母玩具，弹力指尖玩具，缓解焦虑和放松|完美的桌面配件，礼品袋填充物，课堂奖品，节日派个活动礼品用品，适用于复活节、万圣节、感恩节,2026-02-05T03:38:35.166+00:00,10000,4834,全托,美国,https://www.temu.com/search_result.html?search_key=605890648340042&search_method=user&region=211&regionCnName=%E7%BE%8E%E5%9B%BD,玩具与游戏
1777254254612,temu,605725745098204,https://img.kwcdn.com/product/open/bd6d12ce004f4e88a9c3f7c3b4f81ee8-goods.jpeg,"4pcs麻将卡 2026,4 张 Mah Jongg 卡大号打印,易于阅读的规则卡,适用于麻将初学者的完美麻将配件和礼物",2026-04-24T12:59:06.025+00:00,878,878,半托,美国,https://www.temu.com/search_result.html?search_key=605725745098204&search_method=user&region=211&regionCnName=%E7%BE%8E%E5%9B%BD,玩具与游戏
1777254254612,temu,606461140819535,https://img.kwcdn.com/product/open/a188fe43f6b04fbd98df5a10ba629adf-goods.jpeg,双人装充气式成人水上吊床躺椅 - 耐用PVC材质，可折叠条纹充气泳池浮垫，适用于泳池派对和夏日礼品,2026-02-03T03:49:12.230+00:00,8376,3612,全托,美国,https://www.temu.com/search_result.html?search_key=606461140819535&search_method=user&region=211&regionCnName=%E7%BE%8E%E5%9B%BD,玩具与游戏
1777254254612,temu,606138280031810,https://img.kwcdn.com/product/fancy/8a36fc8c-cb9d-4d1b-a9ad-949e1a504b39.jpg,"shun Fei 1pc炫彩包子捏捏乐 带有蒸笼,儿童益智感官玩具 用于校园奖品 派个礼物 完美的节日/生日礼物.",2026-03-31T16:08:44.880+00:00,12000,8280,全托,美国,https://www.temu.com/search_result.html?search_key=606138280031810&search_method=user&region=211&regionCnName=%E7%BE%8E%E5%9B%BD,玩具与游戏
1777254254612,temu,601104000723935,https://img.kwcdn.com/product/fancy/35923168-20ab-4817-9486-5319fffba35c.jpg,可爱小熊挤压玩具，慢回弹，趣味设计，高品质材料，非常适合装进礼品袋和皮纳塔，课堂奖励，派对礼物，生日，周年纪念日，万圣节和圣诞节礼物，情人节礼物，母亲节礼物,2026-03-06T17:29:24.418+00:00,7597,6658,全托,美国,https://www.temu.com/search_result.html?search_key=601104000723935&search_method=user&region=211&regionCnName=%E7%BE%8E%E5%9B%BD,玩具与游戏
1777254254612,temu,606209348334860,https://img.kwcdn.com/product/fancy/ff62aeff-510a-4109-9039-cdcb4bc3a5de.jpg,高级渡镭射银扑克牌 - 完美适合家庭聚会、派对、宿舍和礼物 | 理想的圣诞节、万圣节、感恩节选择,2026-02-09T08:22:32.610+00:00,3199,2954,全托,美国,https://www.temu.com/search_result.html?search_key=606209348334860&search_method=user&region=211&regionCnName=%E7%BE%8E%E5%9B%BD,玩具与游戏
1777254254612,temu,601105517809303,https://img.kwcdn.com/product/fancy/84782b25-cca4-48ff-9489-c3af4c399238.jpg,"1 or 3 Summer Kids' Firework Water Gun Toys, Suitable for Outdoor Pool and Beach Party Game Props, Pool Water Fights, Photo Props, Birthday Surprise Gifts for Boys and Girls",2026-02-14T14:13:15.239+00:00,17000,10149,全托,美国,https://www.temu.com/search_result.html?search_key=601105517809303&search_method=user&region=211&regionCnName=%E7%BE%8E%E5%9B%BD,玩具与游戏
1777254254612,temu,605648519528776,https://img.kwcdn.com/product/open/8876aa1ec03d4875988083b94174c3ee-goods.jpeg,一套游戏动物毛绒玩具，一个大型 23.62 英寸 / 11.81 英寸 3D 龙蛋套装，适合作为复活节、圣诞节、万圣节、感恩节和情人节的酷炫彩色桌面装饰，采用印刷龙模型，汽车装饰品,2026-04-18T21:23:41.300+00:00,8396,7110,全托,美国,https://www.temu.com/search_result.html?search_key=605648519528776&search_method=user&region=211&regionCnName=%E7%BE%8E%E5%9B%BD,玩具与游戏
1777254254612,temu,605647177368727,https://img.kwcdn.com/product/fancy/cc27d19b-9707-4bfe-9093-5b99a107714e.jpg,儿童游泳圈带转向把手（方向盘不能动）与喇叭，赛车主题，充气水上座椅，PVC材质，3-6岁适用,2026-03-23T02:04:23.114+00:00,3642,3086,全托,美国,https://www.temu.com/search_result.html?search_key=605647177368727&search_method=user&region=211&regionCnName=%E7%BE%8E%E5%9B%BD,玩具与游戏
1777254254612,temu,606509727626292,https://img.kwcdn.com/product/open/f866924cec1e4e5ca33799b14d1e000d-goods.jpeg,"Taba Squishy, Fufu Squishy Fidget Toy - Blue Ocean Small Animal Cube of Ice Squishy Mini Toy, Slow Rebound 3D Maltose Toy, Squeezable and Kneadable Fun Toy, Cartoon Small Pattern Design, Interesting Blue Slow Rebound Soft Toy Loved by Children",2026-02-24T04:18:45.643+00:00,10000,6852,全托,美国,https://www.temu.com/search_result.html?search_key=606509727626292&search_method=user&region=211&regionCnName=%E7%BE%8E%E5%9B%BD,玩具与游戏
1777254254612,temu,606226729547278,https://img.kwcdn.com/product/fancy/940caf73-9ddc-4f6f-bfee-edbe3dd566ea.jpg,雪花立方体挤压乐趣，天蓝色挤压放松玩具，新奇挤压玩具，慢回弹麦芽玩具，挤压乐趣玩具，可爱柔软，减压立方体，慢回弹软压力球，柔软舒适触感，办公室玩具,2026-04-18T12:29:02.615+00:00,8270,6090,全托,美国,https://www.temu.com/search_result.html?search_key=606226729547278&search_method=user&region=211&regionCnName=%E7%BE%8E%E5%9B%BD,玩具与游戏
1777254254612,temu,606094793493404,https://img.kwcdn.com/product/fancy/30707ea5-2bc5-4c45-8c9a-85dc0fe1e36a.jpg,Shun Fei 3pcs/6pcs/8pcs-彩色创意挤压面团球 - 各种颜色激发想象的玩耍乐趣，适用于教室、办公室、派个礼品及放松活动、课堂放松工具,2026-03-26T09:44:32.730+00:00,3535,3388,全托,美国,https://www.temu.com/search_result.html?search_key=606094793493404&search_method=user&region=211&regionCnName=%E7%BE%8E%E5%9B%BD,玩具与游戏
1777254254612,temu,606089022124349,https://img.kwcdn.com/product/open/eb1f9c03edda4fd8865cf3c01b499300-goods.jpeg,【已授权】1pc 三丽鸥 三丽鸥美乐蒂系列主题派对活动单步跳跃游戏垫 适用于团队建设活动，野餐、生日、乔迁新居，户外活动派对家庭必备好物，是完美的圣诞节万圣节复活节感恩节生日礼物,2026-03-22T21:21:57.589+00:00,1388,1388,全托,美国,https://www.temu.com/search_result.html?search_key=606089022124349&search_method=user&region=211&regionCnName=%E7%BE%8E%E5%9B%BD,玩具与游戏
1777254254612,temu,605687308516419,https://img.kwcdn.com/product/fancy/a0ae3a24-4070-42b8-8fd2-d4f011affb59.jpg,Shun Fei 炫彩包子捏捏乐，带蒸笼收纳，儿童益智解压玩具，桌面摆件，儿童节日/生日礼物、减压好物。,2026-04-13T06:14:28.365+00:00,16000,5730,全托,美国,https://www.temu.com/search_result.html?search_key=605687308516419&search_method=user&region=211&regionCnName=%E7%BE%8E%E5%9B%BD,玩具与游戏
1777254254612,temu,605733076706005,https://img.kwcdn.com/product/fancy/80988b2e-172e-4cfc-b5a6-57473c94736b.jpg,彩色木制堆叠平衡块、平衡思维和数学教育玩具、颜色识别/认知学习开发、拼接匹配游戏教育玩具,2026-03-27T02:15:15.639+00:00,4489,4054,全托,美国,https://www.temu.com/search_result.html?search_key=605733076706005&search_method=user&region=211&regionCnName=%E7%BE%8E%E5%9B%BD,母婴用品
1777254254612,temu,606513754122886,https://img.kwcdn.com/product/fancy/7b75992f-c877-4b33-8a67-c66e2df154c1.jpg,"Replica Coin 3D Relief Coin 250th Anniversary Commemorative Coin, Bald Eagle Coin 1776-2026 Anniversary Commemorative Coin, Novelty Commemorative Coin, Double Sided Historical Design, Collectible Commemorative Coin, 250th Anniversary Commemorative",2026-01-31T03:56:20.311+00:00,13000,5805,全托,美国,https://www.temu.com/search_result.html?search_key=606513754122886&search_method=user&region=211&regionCnName=%E7%BE%8E%E5%9B%BD,玩具与游戏
1777254254612,temu,605990774759222,https://img.kwcdn.com/product/fancy/dd64ffec-fb36-4b54-afb8-e308d0de31c4.jpg,2/4/12件装儿童水枪，泡沫水枪，彩色水枪，棒状水枪，泡沫喷水枪，超级水炮，夏季水战玩具，适用于儿童泳池、沙滩及其他户外水上活动，成人、幼儿及儿童均可使用,2026-03-21T15:36:53.206+00:00,2771,2577,全托,美国,https://www.temu.com/search_result.html?search_key=605990774759222&search_method=user&region=211&regionCnName=%E7%BE%8E%E5%9B%BD,玩具与游戏
1777254254612,temu,605572820747023,https://img.kwcdn.com/product/fancy/e4c23bfb-b7d4-4d6e-8f1b-c6f08fe71866.jpg,《这个词》——一款来自西班牙的流行迷你纸牌游戏，内含50张卡片，是朋友与家人聚会的绝佳选择，亦是节日赠礼的上佳礼品。派对游戏,2026-02-12T09:12:14.053+00:00,16000,5070,全托,美国,https://www.temu.com/search_result.html?search_key=605572820747023&search_method=user&region=211&regionCnName=%E7%BE%8E%E5%9B%BD,玩具与游戏
1777254254612,temu,606307394408182,https://img.kwcdn.com/product/fancy/1e5c0bf8-7432-4a00-b01d-a22b62179f9e.jpg,"3/6/9pcs Cube Water Drop Party Gift Pack of Squishy Balls, Multi-item Party Favor Packs of Colorful and Fun Toys, Suitable for Children's Party Gifts. Party Gift Sets for Halloween, Birthday, Christmas, and Easter (gifts, Fillers, Easter Eggs)",2026-03-25T18:35:34.224+00:00,2600,2514,全托,美国,https://www.temu.com/search_result.html?search_key=606307394408182&search_method=user&region=211&regionCnName=%E7%BE%8E%E5%9B%BD,玩具与游戏
1777254254612,temu,605716232373874,https://img.kwcdn.com/product/fancy/3d591ea5-b194-4ef5-8129-0546a4ebafc2.jpg,一款顺飞鳄鱼牙齿玩具游戏，适合儿童玩。鳄鱼咬手指——模拟牙医的游戏。是一款有趣的玩具。版本为 2025 年。适合 3 岁及以上儿童玩。,2026-04-12T07:03:01.203+00:00,10000,5040,全托,美国,https://www.temu.com/search_result.html?search_key=605716232373874&search_method=user&region=211&regionCnName=%E7%BE%8E%E5%9B%BD,玩具与游戏
1777254254612,temu,606096269917959,https://img.kwcdn.com/product/open/387ac060f85245c29a3ac3df62763589-goods.jpeg,"Taba-Cute Is a Stress-Relief Toy That Is Soft, Adorable, And Designed to Slowly When Squeezed. These Squishy Toys Are Perfect for Relieving Stress And Are Suitable for Kids, Teens, And Adults Alike. They Can Be Used for Relaxation at The Office",2026-02-22T12:42:04.591+00:00,4800,2900,全托,美国,https://www.temu.com/search_result.html?search_key=606096269917959&search_method=user&region=211&regionCnName=%E7%BE%8E%E5%9B%BD,玩具与游戏
1777254254612,temu,606080230860430,https://img.kwcdn.com/product/open/03b733057a1b42209c107e4cebdf3929-goods.jpeg,1个塔巴捏捏乐，水下生物主题冰块造型捏捏玩具，内含海洋生物造型挤压玩具，麦芽糖凝胶慢回弹，适用于办公桌面玩具、感官刺激玩具、生日礼物、节日礼物、圣诞礼物,2026-02-24T04:19:11.355+00:00,15000,12471,全托,美国,https://www.temu.com/search_result.html?search_key=606080230860430&search_method=user&region=211&regionCnName=%E7%BE%8E%E5%9B%BD,玩具与游戏
1777254254612,temu,605919773618777,https://img.kwcdn.com/product/open/03ba39ef3d044c85982422c137634c5a-goods.jpeg,(HefengCL 玩具) 3 件装随机色柔软 闪粉眼泪水滴捏捏乐玩具，透明果冻质感解压指尖玩具，非常适合圣诞节、复活节、生日派个及课堂奖励,2026-04-12T18:13:43.375+00:00,1126,1126,半托,美国,https://www.temu.com/search_result.html?search_key=605919773618777&search_method=user&region=211&regionCnName=%E7%BE%8E%E5%9B%BD,玩具与游戏
1777254254612,temu,606414902786571,https://img.kwcdn.com/product/fancy/54437342-2170-4589-9bd6-aa9d01575cf0.jpg,1个装 按摩玩具 squishy 压力立方体，儿童压力球 squishies 缓解压力，冰 squishy 立方体 糖球，适合自闭症儿童的感官玩具，课堂奖励玩具 按摩玩具，情人节斋月圣诞节万圣节礼物,2026-03-06T20:37:22.264+00:00,10000,7340,全托,美国,https://www.temu.com/search_result.html?search_key=606414902786571&search_method=user&region=211&regionCnName=%E7%BE%8E%E5%9B%BD,玩具与游戏
1777254254612,temu,606080834835613,https://img.kwcdn.com/product/fancy/98399c32-c0fe-4221-a9ac-ce7bb9cffd0a.jpg,"Replica Coin Collectible Religious Coin ""Resurrection of Supreme Love"" - Suitable for Display Christian Gift & Church Historical Souvenir, Replica of Historical Prototypes with Historical, Non-monetary Commemorative Token for Display Or",2026-03-24T00:45:30.678+00:00,2700,2602,半托,美国,https://www.temu.com/search_result.html?search_key=606080834835613&search_method=user&region=211&regionCnName=%E7%BE%8E%E5%9B%BD,玩具与游戏
1777254254612,temu,606070902724570,https://img.kwcdn.com/product/fancy/bd8b934a-c656-4abf-8f63-1caab8db818c.jpg,92pcs S-T（ARI）LOMO卡片套装，音乐爱好者理想之选 | 非常适合粉丝收藏、剪贴簿装饰和装饰房间照片墙 | 个面印刷照片卡，60张卡+32张贴纸,2026-04-10T10:57:51.815+00:00,468,468,半托,美国,https://www.temu.com/search_result.html?search_key=606070902724570&search_method=user&region=211&regionCnName=%E7%BE%8E%E5%9B%BD,玩具与游戏
1777254254612,temu,605751934318270,https://img.kwcdn.com/product/fancy/6f91d767-60d6-45b4-8fc3-0354dd301803.jpg,"23pcs Colorful Bottle Matching Game Set - Teens' Educational Board Game to Enhance Memory & Logic, Fun Bottle Guessing Challenge, Ideal for Halloween Or Birthday Gifts, Educational Toy | Playful Design",2026-01-31T12:46:59.441+00:00,5400,3320,全托,美国,https://www.temu.com/search_result.html?search_key=605751934318270&search_method=user&region=211&regionCnName=%E7%BE%8E%E5%9B%BD,玩具与游戏
1777254254612,temu,606553818106369,https://img.kwcdn.com/product/fancy/eaa11da4-6eb4-4d23-b86a-f5d90b0ba2df.jpg,MINISO 迪士尼 史迪奇 在身边系列 盲盒手办，时尚桌面摆件，家居装饰，汽车展示，节日礼物收藏，随机款式 1个,2026-04-15T23:13:44.122+00:00,1028,1028,全托,美国,https://www.temu.com/search_result.html?search_key=606553818106369&search_method=user&region=211&regionCnName=%E7%BE%8E%E5%9B%BD,玩具与游戏
1777254254612,temu,605712407208991,https://img.kwcdn.com/product/fancy/229d4e0e-036d-44c8-821f-3809524afbd6.jpg,7色充气泡泡球 - TPR水充泡泡，适合户外娱乐、海滩派对活动和节日庆祝 - 坚固耐用，易于充气，多色可选，适合团体娱乐（随机颜色）,2026-02-07T10:02:54.387+00:00,949,786,全托,美国,https://www.temu.com/search_result.html?search_key=605712407208991&search_method=user&region=211&regionCnName=%E7%BE%8E%E5%9B%BD,玩具与游戏
1777254254612,temu,605618723243740,https://img.kwcdn.com/product/fancy/484b7a62-ddf3-4ac5-8484-644890539c57.jpg,挤压球玩具，理想的复活节礼物便携式玩具有趣的手作球玩具，假日购物者，- 非常适合露营或旅行，户外游戏时间，完美适合万圣节、感恩节及圣诞礼物，最佳圣诞选择，适合解压的球形玩具，适合与朋友分享的玩具，Taba Squishy可爱柔软的挤压球，可拉伸的手工玩具，圣诞节、感恩节、万圣节的完美礼物，适合作为装饰品，增强专注力,2026-03-22T10:32:58.853+00:00,2986,2986,全托,美国,https://www.temu.com/search_result.html?search_key=605618723243740&search_method=user&region=211&regionCnName=%E7%BE%8E%E5%9B%BD,玩具与游戏
1777254254613,temu,605915612831933,https://img.kwcdn.com/product/fancy/98869b1d-74a2-48e6-a07c-d36bc045bdc2.jpg,1个 Taba 弹力玩具，可爱水母挤压玩具，粘性指尖玩具，缓解压力，柔软可爱玩具，周年纪念日的完美礼物，复活节彩蛋填充物，斋月礼物和办公室休闲，桌面装饰品（鱿鱼）,2026-03-07T08:42:44.534+00:00,2138,1155,全托,美国,https://www.temu.com/search_result.html?search_key=605915612831933&search_method=user&region=211&regionCnName=%E7%BE%8E%E5%9B%BD,玩具与游戏
1777254254613,temu,606043119704320,https://img.kwcdn.com/product/fancy/f62c1961-c9e4-4af4-885e-003235c63d76.jpg,1/2/3件炫彩兔子捏捏，新奇挤压玩具 手部感官玩具 节日派对礼物 适合复活节装饰 万圣节 圣诞节,2026-02-11T06:04:10.328+00:00,3314,1751,全托,美国,https://www.temu.com/search_result.html?search_key=606043119704320&search_method=user&region=211&regionCnName=%E7%BE%8E%E5%9B%BD,玩具与游戏
1777254254613,temu,605654894897819,https://img.kwcdn.com/product/open/8a63c4c75c374f5db10205f76e288939-goods.jpeg,动物/车辆/水果蔬菜/双面配对拼图套装，适合儿童 - 充满活力的动物和蔬菜设计的益智学习游戏,2026-03-05T12:00:17.034+00:00,7577,4792,全托,美国,https://www.temu.com/search_result.html?search_key=605654894897819&search_method=user&region=211&regionCnName=%E7%BE%8E%E5%9B%BD,玩具与游戏
1777254254613,temu,605772939380674,https://img.kwcdn.com/product/fancy/ff62aeff-510a-4109-9039-cdcb4bc3a5de.jpg,高级镭射银色扑克牌——家庭聚会、派对、宿舍及馈赠佳品 | 圣诞节、万圣节与感恩节的理想之选,2026-03-30T13:33:59.407+00:00,1307,1307,半托,美国,https://www.temu.com/search_result.html?search_key=605772939380674&search_method=user&region=211&regionCnName=%E7%BE%8E%E5%9B%BD,玩具与游戏
1777254254613,temu,606260887914316,https://img.kwcdn.com/product/fancy/7366a987-580d-4a74-86a8-b15b1d746981.jpg,3D精美雕刻纪念币，美国250周年纪念币 白头海雕硬币 1776——2026周年纪念币 新奇纪念币 双面历史设计收藏级纪念币，250年历史纪念礼品，适用于圣诞、万圣节、情人节 礼品和展示 纪念币礼物,2026-02-07T03:26:51.549+00:00,7587,5615,全托,美国,https://www.temu.com/search_result.html?search_key=606260887914316&search_method=user&region=211&regionCnName=%E7%BE%8E%E5%9B%BD,玩具与游戏
1777254254613,temu,606292060026951,https://img.kwcdn.com/product/fancy/ef10a95c-0391-4527-a966-8a66d81a7482.jpg,儿童音乐玩具、吉他与弦乐器玩具、尤克里里玩具、益智教育玩具,2026-03-11T06:37:42.079+00:00,3358,2433,全托,美国,https://www.temu.com/search_result.html?search_key=606292060026951&search_method=user&region=211&regionCnName=%E7%BE%8E%E5%9B%BD,玩具与游戏
1777254254613,temu,601105368480217,https://img.kwcdn.com/product/fancy/ddafe598-9c60-4ec0-85af-ee7910421178.jpg,16片益智拼图，包含动物、交通工具、水果和蔬菜主题 - 鲜艳的配个拼图，专为早期学习、认知成长、配个游戏活动和协调和运动技能的发展而设计,2026-03-23T15:39:23.921+00:00,989,989,全托,美国,https://www.temu.com/search_result.html?search_key=601105368480217&search_method=user&region=211&regionCnName=%E7%BE%8E%E5%9B%BD,玩具与游戏
1777254254613,temu,606050367469147,https://img.kwcdn.com/product/open/556d7845945e4def9d4fa5d7e241ae08-goods.jpeg,专业折叠国际象棋套装，含棋子和2个备用卒子 - 高级礼品盒，旅行友好型便携式桌面游戏，适用于跳棋和国际象棋策略，适用于33个场景,2026-03-23T06:31:01.453+00:00,960,960,全托,美国,https://www.temu.com/search_result.html?search_key=606050367469147&search_method=user&region=211&regionCnName=%E7%BE%8E%E5%9B%BD,玩具与游戏
1777254254613,temu,601105082489825,https://img.kwcdn.com/product/fancy/36639717-2fc8-4e79-856e-d22448c54697.jpg,青蛙平衡数学玩具 - 绿色塑料，互动的重量堆叠和计数游戏，适合年轻人，理想的逻辑思维和智力发展，教育玩具 | 互动学习 | 耐用玩具,2026-04-01T05:51:59.603+00:00,3798,3420,全托,美国,https://www.temu.com/search_result.html?search_key=601105082489825&search_method=user&region=211&regionCnName=%E7%BE%8E%E5%9B%BD,玩具与游戏
1777254254613,temu,605583289717715,https://img.kwcdn.com/product/fancy/b4129948-1f10-4b39-81ad-29c4987eb1df.jpg,2026赛季Panini 365 Adrenalyn XL惊喜卡包 每包6张 世界顶级俱乐部球队球员特惠卡集 精美工艺卡牌游戏,2026-04-06T03:48:28.134+00:00,942,942,全托,美国,https://www.temu.com/search_result.html?search_key=605583289717715&search_method=user&region=211&regionCnName=%E7%BE%8E%E5%9B%BD,玩具与游戏
1777254254613,temu,602685906491244,https://img.kwcdn.com/local-goods-image/212a0c3850/c605eec6-53ae-4165-8d24-7b9c72a92266_3264x3264.jpeg.format.jpg,【极品宝可梦三重威胁超稀有战斗套装】| 85+张宝可梦卡 | 保证3张双色或超稀有卡！| 包含20张全彩和稀有卡！| 儿童和收藏家的完美礼物！,2026-02-07T01:11:06.000+00:00,3208,1441,半托,美国,https://www.temu.com/search_result.html?search_key=602685906491244&search_method=user&region=211&regionCnName=%E7%BE%8E%E5%9B%BD,玩具与游戏
1777254254613,temu,605823807894777,https://img.kwcdn.com/product/fancy/ca9d1ee7-0b4d-4e57-bb23-fecf0a5b5646.jpg,"A 3D Printed Monkey Figurine with Movable Joints, Vibrant Colors, And Random Eyes, Suitable for Children Aged 3 And Above",2026-03-24T03:12:11.764+00:00,4900,4156,全托,美国,https://www.temu.com/search_result.html?search_key=605823807894777&search_method=user&region=211&regionCnName=%E7%BE%8E%E5%9B%BD,玩具与游戏
1777254254613,temu,605841658894905,https://img.kwcdn.com/product/fancy/b7268ca0-d623-42b0-b23c-29f483ff203f.jpg,1件毕业季61寸超大GARD站立 毕业快乐 在毕业季上少不了气球的装饰将这些气球装饰在房间中 可实现场的氛围变得更加完美 派对装饰物 毕业季派对,2026-04-16T11:25:13.390+00:00,543,543,全托,美国,https://www.temu.com/search_result.html?search_key=605841658894905&search_method=user&region=211&regionCnName=%E7%BE%8E%E5%9B%BD,玩具与游戏
1777254254613,temu,606446980837980,https://img.kwcdn.com/product/fancy/daadc2c8-77e9-4fc4-84d1-d6a001f5ae86.jpg,任何派对的必备品！单臂强盗饮酒游戏玩具 - 拉动杠杆，体验刺激的惩罚挑战,2026-03-25T10:41:48.347+00:00,931,931,全托,美国,https://www.temu.com/search_result.html?search_key=606446980837980&search_method=user&region=211&regionCnName=%E7%BE%8E%E5%9B%BD,玩具与游戏
1777254254613,temu,605513228076216,https://img.kwcdn.com/product/fancy/9964c622-776a-48e6-8d44-97ceea4a9261.jpg,桃花池主题-高难度-成人完美礼物-圣诞节、万圣节和感恩节的理想选择,2026-03-24T15:40:29.123+00:00,2103,1642,全托,美国,https://www.temu.com/search_result.html?search_key=605513228076216&search_method=user&region=211&regionCnName=%E7%BE%8E%E5%9B%BD,玩具与游戏
1777254254613,temu,602452904518060,https://img.kwcdn.com/local-goods-image/21a488cbd6/63084ba7-2b8b-42f8-b317-10a3fc8e3fe4_1500x1500.jpeg.format.jpg,45张随机复古棒球卡，含3包随机旧封蜡包装——新手收藏家之选,2026-01-28T18:09:38.366+00:00,4243,1904,半托,美国,https://www.temu.com/search_result.html?search_key=602452904518060&search_method=user&region=211&regionCnName=%E7%BE%8E%E5%9B%BD,玩具与游戏
1777254254613,temu,606134656195152,https://img.kwcdn.com/product/fmket/63e61a83fdc8507d8872d6d0a67d8c93.jpg,定制双面宠物照片造型枕头 3D打印 猫狗兔子，动物图像装饰枕头，任何猫狗兔子动物宠物纪念枕头，猫狗纪念品独特宠物毛绒靠垫枕头,2026-03-27T11:32:32.117+00:00,2457,2007,全托,美国,https://www.temu.com/search_result.html?search_key=606134656195152&search_method=user&region=211&regionCnName=%E7%BE%8E%E5%9B%BD,玩具与游戏
1777254254613,temu,605596577329439,https://img.kwcdn.com/product/fancy/5f5efa0d-aabc-46d0-9c64-58f88e30e77c.jpg,"(Shun Fei) Children's Swimming Ring, Durable and Thick, Striped Swim Ring, Available in Two Colors of Blue and Pink, Essential for Summer Pool Parties and Beach Play, Fashionable Shooting, Soft and Comfortable",2026-03-25T04:11:40.770+00:00,1700,1620,全托,美国,https://www.temu.com/search_result.html?search_key=605596577329439&search_method=user&region=211&regionCnName=%E7%BE%8E%E5%9B%BD,玩具与游戏
1777254254613,temu,605740123169013,https://img.kwcdn.com/product/fancy/58d13a7d-1033-4b2e-a3cb-e86c082eeed4.jpg,"1盒 桌面纸牌游戏玩具，朋友户外聚会玩，生日派对，50张精心设计卡牌。可随身携带，帮你建立稳定的情绪调节能力，陪你重建内心的平静与力量 ，是万圣节,圣诞节,感恩节，情人节，送朋友爱人亲人的完美礼物！",2026-02-09T19:19:29.465+00:00,2400,855,全托,美国,https://www.temu.com/search_result.html?search_key=605740123169013&search_method=user&region=211&regionCnName=%E7%BE%8E%E5%9B%BD,玩具与游戏
1777254254613,temu,606459865703485,https://img.kwcdn.com/product/fancy/0d4f1b8e-4909-4e6b-9097-cf245f7e6633.jpg,4/7件混装多款式儿童派对礼品套装 - 彩色磨砂迷你麦芽糖果套装 - 软捏课堂玩具 - 彩色冰块挤压玩具套装 - 办公室手指玩具 - 儿童桌面装饰 - 学生奖品 - 派对礼品,2026-03-25T12:02:05.154+00:00,1858,1790,全托,美国,https://www.temu.com/search_result.html?search_key=606459865703485&search_method=user&region=211&regionCnName=%E7%BE%8E%E5%9B%BD,玩具与游戏
1777254254613,temu,605710528181538,https://img.kwcdn.com/product/fancy/4b49045e-a5ca-4fb5-b522-57eff4d3a199.jpg,娃娃屋房子造型置物架 微缩书房客厅卧室场景装饰,2026-03-05T16:28:06.576+00:00,2667,2609,全托,美国,https://www.temu.com/search_result.html?search_key=605710528181538&search_method=user&region=211&regionCnName=%E7%BE%8E%E5%9B%BD,玩具与游戏
1777254254613,temu,606247130627111,https://img.kwcdn.com/product/open/a325e67b89094503802599d2a70770a6-goods.jpeg,1/4个 3D打印指尖陀螺 结构设计 桌面解压玩具 赠友好礼,2026-02-15T11:55:54.458+00:00,2434,1261,全托,美国,https://www.temu.com/search_result.html?search_key=606247130627111&search_method=user&region=211&regionCnName=%E7%BE%8E%E5%9B%BD,玩具与游戏
1777254254613,temu,605521952223066,https://img.kwcdn.com/product/open/93328ce063e7421096201ab17863a5dc-goods.jpeg,十件自制挑战币 3D立体浮雕硬币 美国250周年纪念币 1776——2026周年纪念币 纪念币 双面历史设计收藏级纪念币，250年历史纪念礼品，适用于圣诞、万圣节、情人节 礼品和展示 纪念币礼物 类目：玩具钱与收银机,2026-03-26T15:03:27.900+00:00,1193,1193,半托,美国,https://www.temu.com/search_result.html?search_key=605521952223066&search_method=user&region=211&regionCnName=%E7%BE%8E%E5%9B%BD,玩具与游戏
1777254254613,temu,605620870688974,https://img.kwcdn.com/product/fancy/8435080c-9b9a-4ade-afe8-03ca195ed43e.jpg,海洋的宠物 美丽贝壳慢回弹捏捏乐 颜值与手感并存送礼佳品,2026-03-24T12:36:49.870+00:00,3214,2793,全托,美国,https://www.temu.com/search_result.html?search_key=605620870688974&search_method=user&region=211&regionCnName=%E7%BE%8E%E5%9B%BD,玩具与游戏
1777254254613,temu,605762067765464,https://img.kwcdn.com/product/open/aebfe4cde3aa4d6788a3be75769126f2-goods.jpeg,54张金箔红系列标准扑克牌 | 采用白芯纸材质，表面覆以优质磨砂涂层，坚固耐用 | 适用于扑克游戏、魔术表演及恶作剧场景 | 万圣节、新年及其他节日派对的必备道具,2026-03-21T05:58:13.158+00:00,2106,2038,全托,美国,https://www.temu.com/search_result.html?search_key=605762067765464&search_method=user&region=211&regionCnName=%E7%BE%8E%E5%9B%BD,玩具与游戏
1777254254613,temu,606025604237123,https://img.kwcdn.com/product/fancy/d131809c-7bc5-4392-bd15-5b8567119e66.jpg,20件迷你切割水果蔬菜披萨组合 - 过家家厨房玩具，仿真食物儿童玩具过家家玩具不开刃,2026-03-05T09:35:05.819+00:00,2597,1813,全托,美国,https://www.temu.com/search_result.html?search_key=606025604237123&search_method=user&region=211&regionCnName=%E7%BE%8E%E5%9B%BD,玩具与游戏
1777254254613,temu,606100296451259,https://img.kwcdn.com/product/open/1e9d2dc3578749caa2e9896e205010d6-goods.jpeg,1个塔巴捏捏乐草莓，可爱草莓挤压玩具，萌趣粘粘解压神器，透明解压用品，完美桌面小物，放松好礼，减压礼物，俏皮设计，可爱草莓造型，耐用塑料材质，复活节篮子填充佳品，派对小礼品,2026-03-14T11:24:42.248+00:00,1467,936,全托,美国,https://www.temu.com/search_result.html?search_key=606100296451259&search_method=user&region=211&regionCnName=%E7%BE%8E%E5%9B%BD,玩具与游戏
1777254254613,temu,605954535951311,https://img.kwcdn.com/product/fancy/c83d8d61-9bd4-4787-8d9b-1f264ab183ae.jpg,未解案件：冷案谋杀谜案游戏 - 真实的犯罪现场调查，包括尸检报告、采访和线索 | 14岁以上的单人或团队侦探游戏 | 有趣的侦探体验，纸质材料，侦探游戏，真实的犯罪现场，详细的尸检报告，节日礼物佳品,2026-03-04T11:54:48.206+00:00,2702,1714,全托,美国,https://www.temu.com/search_result.html?search_key=605954535951311&search_method=user&region=211&regionCnName=%E7%BE%8E%E5%9B%BD,玩具与游戏
1777254254613,temu,605584900364223,https://img.kwcdn.com/product/fancy/19258277-7e8b-41c2-8416-e5e1778e03bc.jpg,已授权Hello Kitty大号玩偶35cm/13.78inch玫瑰哈喽kitty公仔凯蒂猫美乐蒂玩偶毛绒玩具kt女孩最好的生日礼物,2026-03-05T20:38:42.160+00:00,1325,1227,半托,美国,https://www.temu.com/search_result.html?search_key=605584900364223&search_method=user&region=211&regionCnName=%E7%BE%8E%E5%9B%BD,玩具与游戏
1777254254613,temu,606042918333773,https://img.kwcdn.com/product/open/a3c4a4e13676442e8120e8c1e293b162-goods.jpeg,多色解压荔枝球，麦芽糖凝胶软触感记忆凝胶解压玩具，感官刺激玩具，适用于自闭症/ADHD患者的感官刺激球，办公室指尖解压球，课堂奖励，节日礼物,2026-02-07T08:37:30.511+00:00,1988,707,全托,美国,https://www.temu.com/search_result.html?search_key=606042918333773&search_method=user&region=211&regionCnName=%E7%BE%8E%E5%9B%BD,玩具与游戏
1777254254613,temu,606328869248667,https://img.kwcdn.com/product/fancy/e3902e2d-7b6a-4c2f-a583-4bfddeb72e2e.jpg,水鸟哨玩具，戏水玩具可通过调节水量改变音效，儿童户外派对礼品，无需电池，酷玩具圣诞生日礼物，男女童适用,2026-04-01T02:19:26.659+00:00,1446,1446,全托,美国,https://www.temu.com/search_result.html?search_key=606328869248667&search_method=user&region=211&regionCnName=%E7%BE%8E%E5%9B%BD,玩具与游戏
1777254254613,temu,605669591775242,https://img.kwcdn.com/product/fancy/3398419b-f781-49dd-b5a7-da70f13cbb41.jpg,巨型泡泡球，透明注水泡泡球，耐用易充气，巨型充气水球，沙滩球，庭院游戏，软橡胶水球，充气道具，防漏设计，适用于庭院、沙滩及户外娱乐，是家庭聚会和水上活动的完美选择,2026-03-30T18:11:35.937+00:00,989,989,全托,美国,https://www.temu.com/search_result.html?search_key=605669591775242&search_method=user&region=211&regionCnName=%E7%BE%8E%E5%9B%BD,玩具与游戏
1777254254613,temu,601102948116528,https://img.kwcdn.com/product/fancy/ad8ddee2-ddd4-417f-8f31-220e35340af0.jpg,有趣的脸球-悲伤的眼睛和嘴巴，成人和青少年放松的玩具，圣诞袜填充器，新奇的派对礼物或书桌装饰-黑色，富有表现力的眼睛和嘴巴设计，古怪的礼物，俏皮的美学，光滑的质地，青少年礼物万圣节/圣诞节礼物,2026-03-26T12:23:33.998+00:00,1396,1310,全托,美国,https://www.temu.com/search_result.html?search_key=601102948116528&search_method=user&region=211&regionCnName=%E7%BE%8E%E5%9B%BD,玩具与游戏
1777254254613,temu,605597718154950,https://img.kwcdn.com/product/fancy/b9fb5419-7f13-4af5-8f0f-e9d9b8581e3a.jpg,巨型彩色挤压球玩具 柔软 慢回弹 有趣感官玩具 非常适合同学礼物 生日礼物 节日礼物 课堂奖品 是缓解焦虑最佳的玩具,2026-03-31T16:30:01.563+00:00,962,962,全托,美国,https://www.temu.com/search_result.html?search_key=605597718154950&search_method=user&region=211&regionCnName=%E7%BE%8E%E5%9B%BD,玩具与游戏
1777254254613,temu,605763946826946,https://img.kwcdn.com/product/fancy/53083128-039b-48e2-9be8-05e1f55885e1.jpg,BABYTRIBAL 8.5英寸儿童液晶绘图板儿童彩色液晶写字板，用触控笔释放创造力，可擦除屏幕教育玩具，完美的生日、圣诞节、万圣节和复活节儿童礼物,2026-01-30T19:53:02.935+00:00,20000,511,半托,美国,https://www.temu.com/search_result.html?search_key=605763946826946&search_method=user&region=211&regionCnName=%E7%BE%8E%E5%9B%BD,玩具与游戏
1777254254613,temu,606331956244784,https://img.kwcdn.com/product/fancy/15d5b4a1-a6c1-4c88-aa70-e8e8ccf0800a.jpg,雪花造型解压玩具，雪花冰块挤压玩具，天蓝色挤压放松玩具 慢回弹三维麦芽糖玩具 触感柔软舒适-非常适合在工作中、学习期间或放松时使用。它是办公桌上的绝佳选择，也适合复活节、万圣节和圣诞节等场合。这款小型玩具,2026-03-16T06:13:02.475+00:00,6887,5007,全托,美国,https://www.temu.com/search_result.html?search_key=606331956244784&search_method=user&region=211&regionCnName=%E7%BE%8E%E5%9B%BD,玩具与游戏
1777254254613,temu,605595168029032,https://img.kwcdn.com/product/fancy/1327df20-2a54-4397-a7c8-b74be65a9a51.jpg,彩色温度变色赛车玩具，随机颜色款式，玩具变色小赛车，炫酷温度变色，理想的节日礼物，生日礼物，复活节礼物，毕业礼物 圣诞节礼物 万圣节,2026-02-09T10:18:36.676+00:00,2441,2084,全托,美国,https://www.temu.com/search_result.html?search_key=605595168029032&search_method=user&region=211&regionCnName=%E7%BE%8E%E5%9B%BD,玩具与游戏
1777254254613,temu,606151299142546,https://img.kwcdn.com/product/open/b599612f94384907befae82d25070040-goods.jpeg,1个流动图案魔方挤压玩具，感官玩具，旋转抓握魔方，适合儿童和成人，柔软触感，手部锻炼，缓慢上升感官玩具，缓解焦虑压力，课堂奖励玩具的指尖玩具,2026-03-26T01:33:38.338+00:00,3883,2490,全托,美国,https://www.temu.com/search_result.html?search_key=606151299142546&search_method=user&region=211&regionCnName=%E7%BE%8E%E5%9B%BD,玩具与游戏
1777254254613,temu,606260820813507,https://img.kwcdn.com/product/fancy/5a98e6d1-c8fa-4d4e-bde3-eb72b9f73d29.jpg,"9/18/27 Party Gift Package Toy Set - Colorful And Suitable for Parties And Outdoor Activities for Students - Fun Plastic Party Gifts for Teenagers, for Outdoor Beaches And Summer Activities",2026-03-31T00:59:48.698+00:00,937,937,全托,美国,https://www.temu.com/search_result.html?search_key=606260820813507&search_method=user&region=211&regionCnName=%E7%BE%8E%E5%9B%BD,玩具与游戏
1777254254613,temu,605989097037792,https://img.kwcdn.com/product/fancy/78b7d4ba-beaf-4011-8ce0-3dea2b04e256.jpg,"Various Models of Rotating Squeeze Cube Toys, Tie-Dye Squeeze Blocks, And Sensory Toys That Can Be Pinched And Twisted. These Tactile Toys Provide an Excellent Fingertip Feel And Are Filled with a Soft Core",2026-03-26T01:33:37.341+00:00,10000,2460,全托,美国,https://www.temu.com/search_result.html?search_key=605989097037792&search_method=user&region=211&regionCnName=%E7%BE%8E%E5%9B%BD,玩具与游戏
1777254254613,temu,606359605062310,https://img.kwcdn.com/product/fancy/5d3fa435-49de-4650-9a05-d960ee18279e.jpg,"Math Clock Time Workbook, Workbook for Children to Learn How to Tell Time, Including Worksheets for Reading And Math, Perfect for Classroom Teaching And Back-To-School Supplies, Birthday/Festival Gift",2026-03-14T08:11:46.336+00:00,3700,3413,全托,美国,https://www.temu.com/search_result.html?search_key=606359605062310&search_method=user&region=211&regionCnName=%E7%BE%8E%E5%9B%BD,玩具与游戏
1777254254613,temu,601100518336178,https://img.kwcdn.com/product/fmket/cbfcccb872caeb90d1136065b9b3103f.jpg,"Creative 3D Printed Animal Toy, Multicolor Gradient Three-Headed Dragon Toy, Random Twisting Standing And Lying, Movable Wings, Handmade Artistic Animal Toy, Exquisite And Majestic Halloween Carnival Festival Gift, Toy Figure",2026-03-08T10:56:25.570+00:00,2800,1899,全托,美国,https://www.temu.com/search_result.html?search_key=601100518336178&search_method=user&region=211&regionCnName=%E7%BE%8E%E5%9B%BD,玩具与游戏
1777254254613,temu,605939503597898,https://img.kwcdn.com/product/open/64079f5cb224464bacfc6ed0adc922e5-goods.jpeg,"Creative 3D Pop-Up Finger, Prank Gift Box for Adult Relax and Jokes, Novel and Fun Surprise Gift",2026-03-25T01:01:33.099+00:00,511,511,全托,美国,https://www.temu.com/search_result.html?search_key=605939503597898&search_method=user&region=211&regionCnName=%E7%BE%8E%E5%9B%BD,玩具与游戏
1777254254613,temu,606485769769951,https://img.kwcdn.com/product/fancy/ce5f3036-fbcd-4e52-a2ac-f3610bd5b1d4.jpg,哈利波特活点地图 魔法学院复刻地图 可寻宝可装饰 霍格沃茨风格背景 新学期冒险启动器,2026-03-09T02:06:09.843+00:00,2926,1898,全托,美国,https://www.temu.com/search_result.html?search_key=606485769769951&search_method=user&region=211&regionCnName=%E7%BE%8E%E5%9B%BD,玩具与游戏
1777254254613,temu,606117744747959,https://img.kwcdn.com/product/fancy/179522ab-7300-48de-9a62-0d1b015a6062.jpg,101PCS/2PCS 20英寸 巨型透明波波球铝膜气球 粉色花瓣 红色花瓣 红色玫瑰花造型装饰 粉色玫瑰花造型装饰 套装 露营派对布置装饰 聚会派对装饰 婚礼生日派对装饰用品,2026-03-24T12:11:32.140+00:00,1680,1304,全托,美国,https://www.temu.com/search_result.html?search_key=606117744747959&search_method=user&region=211&regionCnName=%E7%BE%8E%E5%9B%BD,玩具与游戏
1777254254613,temu,605940845782037,https://img.kwcdn.com/product/fancy/34fa68ef-1462-4cf2-a25f-0fe9f2e612b8.jpg,1PC圆形挑拣垫 - 皮肤抠抓焦虑症与拔毛癖专用解压玩具，自闭症及压力缓解感官抠垫，硅胶抠垫附镊子,2026-03-30T04:56:01.588+00:00,1698,1698,全托,美国,https://www.temu.com/search_result.html?search_key=605940845782037&search_method=user&region=211&regionCnName=%E7%BE%8E%E5%9B%BD,玩具与游戏
1777254254613,temu,606375174343424,https://img.kwcdn.com/product/open/03bb7ca7c421450fb30f25b7e9464a2a-goods.jpeg,2个装大型塔巴软糖果草莓玩具，舒缓益智玩具套装，升级卡哇伊塔巴软糖果，适合派个礼物、圣诞礼物、糖果袋填充物、复活节篮子填充物、礼物、办公室休闲、桌面配件、猫狗玩具,2026-03-06T01:55:41.595+00:00,1266,797,全托,美国,https://www.temu.com/search_result.html?search_key=606375174343424&search_method=user&region=211&regionCnName=%E7%BE%8E%E5%9B%BD,玩具与游戏
1777254254613,temu,605873200022946,https://img.kwcdn.com/product/fancy/7a563d09-6ae3-4585-bedf-d04aaed49c02.jpg,"2 Sets of Thickened Adult PVC Inflatable Pool Floats – Striped Water Raft, Swimming Pool Float Hammock. Suitable for Adult Pools, Seaside, and Other Water Activities. Multi-functional PVC Pool Float with Lounger and Rafting Features, Ideal for Travel",2026-03-24T04:33:27.227+00:00,2000,2000,全托,美国,https://www.temu.com/search_result.html?search_key=605873200022946&search_method=user&region=211&regionCnName=%E7%BE%8E%E5%9B%BD,玩具与游戏
1777254254613,temu,606364302707264,https://img.kwcdn.com/product/fancy/66a52fff-aaf8-4fc6-acfc-81afa0178158.jpg,7/14pcs Novel Squishy Toys Kid Party Gift Bags Sensory Toy Sets for Boys and Girls Party Gifts for Christmas Halloween Easter New Year Birthday Gifts Gift Bag Fillers Classroom Rewards Assorted Varieties,2026-04-07T15:16:19.822+00:00,759,759,全托,美国,https://www.temu.com/search_result.html?search_key=606364302707264&search_method=user&region=211&regionCnName=%E7%BE%8E%E5%9B%BD,玩具与游戏
1777254254613,temu,606398125541274,https://img.kwcdn.com/product/fancy/b0a6b9d2-27b6-43a3-9429-995aa72dfb50.jpg,3个装吸盘旋转玩具，手指抓握旋转玩具，卡通洗澡玩具,2026-04-17T05:02:11.138+00:00,874,874,全托,美国,https://www.temu.com/search_result.html?search_key=606398125541274&search_method=user&region=211&regionCnName=%E7%BE%8E%E5%9B%BD,玩具与游戏
1777254254613,temu,606252633523237,https://img.kwcdn.com/product/open/5ee76bcc3eda4604a43d587745d2c1d5-goods.jpeg,"1 Sticky Tabba Cookie Soft and Squishy Relax Toy | Super Soft Stress-relieving Squeeze Toy, a Cute Kid-friendly Cookie Sensory Stress Ball with a Lovely Design, Perfect for Easing Anxiety as a Gift, Suitable for Boys and Girls, for Office Relaxation",2026-04-07T10:26:19.123+00:00,830,830,全托,美国,https://www.temu.com/search_result.html?search_key=606252633523237&search_method=user&region=211&regionCnName=%E7%BE%8E%E5%9B%BD,玩具与游戏
1777254254613,temu,601101594159276,https://img.kwcdn.com/product/fancy/37b1651a-48b7-4277-9af5-d67bbb0ab1a1.jpg,1个31英寸熊抱蛋糕铝箔气球 - 多彩波点设计，耐用可重复使用生日、圣诞节、万圣节、感恩节、情人节派对装饰 - 节日家居户外装饰，可爱角色气球，多彩图案,2026-03-22T01:20:20.770+00:00,37000,2174,半托,美国,https://www.temu.com/search_result.html?search_key=601101594159276&search_method=user&region=211&regionCnName=%E7%BE%8E%E5%9B%BD,玩具与游戏
1777254254613,temu,601105830495532,https://img.kwcdn.com/product/fancy/22325535-26b0-4217-a615-9107ed4e68e3.jpg,聚会必备！单臂强盗饮酒游戏设备 - 拉动杠杆，体验刺激的惩罚挑战,2026-04-21T06:27:48.441+00:00,8215,5485,全托,美国,https://www.temu.com/search_result.html?search_key=601105830495532&search_method=user&region=211&regionCnName=%E7%BE%8E%E5%9B%BD,玩具与游戏
1777254254613,temu,605679255414355,https://img.kwcdn.com/product/fancy/3d3be069-5dc0-49a0-895d-a81566c0eeb1.jpg,1个/3个装彩色充气沙滩球，彩虹条纹充气球儿童戏水玩具球，泳池派对装饰球，夏季海滩球，夏日派对装饰球，夏季派对的最佳选择,2026-03-26T19:33:35.135+00:00,1674,1610,全托,美国,https://www.temu.com/search_result.html?search_key=605679255414355&search_method=user&region=211&regionCnName=%E7%BE%8E%E5%9B%BD,玩具与游戏
1777254254613,temu,605809715075943,https://img.kwcdn.com/product/fancy/3cd9d2ac-f0fe-4bf9-8c5c-30f60122765f.jpg,"2pcs Summer Water Balloons. As They Are Filled with Water, They Keep Expanding. Perfect for Outdoor Activities in Summer, Such As Water Parties. Also Suitable for Halloween, Christmas, Easter, And Other Parties. Water Additions for Parties",2026-04-08T04:15:30.635+00:00,681,681,全托,美国,https://www.temu.com/search_result.html?search_key=605809715075943&search_method=user&region=211&regionCnName=%E7%BE%8E%E5%9B%BD,玩具与游戏
1777254254613,temu,606181900825954,https://img.kwcdn.com/product/fancy/4d49eb52-44af-47ad-b7cc-cb60fdaf1c7a.jpg,粉藍雙色大容量自動水槍——遠射程耐用玩具，配備雙彈匣與人體工學握把，夏日泳池與戶外娛樂的理想之選，玩具水槍,2026-03-14T03:50:00.379+00:00,1278,967,半托,美国,https://www.temu.com/search_result.html?search_key=606181900825954&search_method=user&region=211&regionCnName=%E7%BE%8E%E5%9B%BD,玩具与游戏
1777254256416,temu,605750860601640,https://img.kwcdn.com/product/open/c3efb60f1d324a779f21ce0f2c567795-goods.jpeg,单件装夏季儿童烟花水枪玩具 | 适用于户外泳池、沙滩派对、泳池比赛、拍照道具、男女童生日惊喜礼物，混色ABS材质,2026-03-25T15:35:20.450+00:00,787,787,全托,美国,https://www.temu.com/search_result.html?search_key=605750860601640&search_method=user&region=211&regionCnName=%E7%BE%8E%E5%9B%BD,玩具与游戏
1777254256416,temu,606424969097988,https://img.kwcdn.com/product/fancy/ef28e02c-cac2-46f8-b365-48e6b03fad55.jpg,成人用漂浮泳池椅1/2件，舒适水上吊床，柔软面料，适用于夏季游泳池、海滩及湖畔,2026-03-30T09:03:51.157+00:00,757,757,半托,美国,https://www.temu.com/search_result.html?search_key=606424969097988&search_method=user&region=211&regionCnName=%E7%BE%8E%E5%9B%BD,玩具与游戏
1777254256416,temu,606508117017089,https://img.kwcdn.com/product/fancy/52513cc9-8a0b-46e8-8a91-f6732651da13.jpg,胖胖海豹塔巴挤压玩具——慢回弹软质解压玩具，新奇捏捏乐。按压它们能缓解工作学习的紧张感（趣味玩法，新奇小物）。完美桌面玩具、课堂奖励、派对用品及节日礼物（情人节/万圣节/感恩节/圣诞节/生日），儿童纪念品，超酷又实惠的玩具,2026-03-26T19:15:59.466+00:00,985,844,全托,美国,https://www.temu.com/search_result.html?search_key=606508117017089&search_method=user&region=211&regionCnName=%E7%BE%8E%E5%9B%BD,玩具与游戏
1777254256416,temu,605635013900156,https://img.kwcdn.com/product/open/d054207a6f194891a27d20d6d5547e9d-goods.jpeg,1/4pcsTaba Squishy-软萌猫咪挤压玩具， 慢回弹质感玩具/办公室桌面摆件/复活节篮子填充物/课堂奖励/儿童玩具，圣诞节/儿童节/万圣节/生日派对挤压解压玩具礼物,2026-04-15T12:53:58.606+00:00,326,326,全托,美国,https://www.temu.com/search_result.html?search_key=605635013900156&search_method=user&region=211&regionCnName=%E7%BE%8E%E5%9B%BD,玩具与游戏
1777254256416,temu,606455436528988,https://img.kwcdn.com/product/fancy/45b76b85-7c46-4f9a-977b-548e9baf77c9.jpg,仿真食物捏捏，手部感官玩具，挤压玩具，桌面装饰，适合圣诞节，万圣节 节日派对礼物,2026-03-26T19:16:00.917+00:00,1117,1072,全托,美国,https://www.temu.com/search_result.html?search_key=606455436528988&search_method=user&region=211&regionCnName=%E7%BE%8E%E5%9B%BD,玩具与游戏
1777254256416,temu,605733479396104,https://img.kwcdn.com/product/fancy/7e40b386-0efd-4668-93b9-40ecb0c6f599.jpg,"Shun Fei 2pcs Soft Buns Pressure Balls, Buns Soft Toys, Sensory Toys, Squeeze Dough Balls for Stress Relief Toys, Soft Stress-Relieving Toys, Elastic Pressure Balls for Squeezing Toys, Hyperactivity Disorder",2026-04-11T03:16:42.383+00:00,965,965,全托,美国,https://www.temu.com/search_result.html?search_key=605733479396104&search_method=user&region=211&regionCnName=%E7%BE%8E%E5%9B%BD,玩具与游戏
1777254256416,temu,606010102111470,https://img.kwcdn.com/product/fancy/fefb5124-df02-43f3-b4b5-22df423b79d1.jpg,塔巴捏捏猫爪解压玩具，柔软果冻猫咪挤压减压玩具，亲子互动玩具，休闲伴侣，黑色感官解压玩具，情人节礼物佳选，办公休闲好礼,2026-03-05T12:03:54.077+00:00,2199,1727,全托,美国,https://www.temu.com/search_result.html?search_key=606010102111470&search_method=user&region=211&regionCnName=%E7%BE%8E%E5%9B%BD,玩具与游戏
1777254256416,temu,606420271499090,https://img.kwcdn.com/product/fancy/caa00d14-fe02-4182-b865-a6f5650bbc2b.jpg,1pc/2pcs/3pcs 3D打印恐龙 迅猛龙关节可活动玩具仿真骨骼恐龙礼物小摆件,2026-04-17T03:25:28.811+00:00,581,581,全托,美国,https://www.temu.com/search_result.html?search_key=606420271499090&search_method=user&region=211&regionCnName=%E7%BE%8E%E5%9B%BD,玩具与游戏
1777254256416,temu,605559399015046,https://img.kwcdn.com/product/fancy/f8319d54-8c5f-4a44-94a9-48704b547a89.jpg,3D打印棕色马玩具马 手办人物 多关节 铰链可动,2026-03-10T02:16:50.760+00:00,1487,1211,全托,美国,https://www.temu.com/search_result.html?search_key=605559399015046&search_method=user&region=211&regionCnName=%E7%BE%8E%E5%9B%BD,玩具与游戏
1777254256416,temu,606021913283503,https://img.kwcdn.com/product/fancy/d8d1d41d-6381-4224-9504-25ce9b118b3d.jpg,海洋魔方可挤玩具 | 有趣的蓝色慢回弹软玩具，学校奖励，按压玩具，便携式放松挤压玩具，适合复活节、情人节、圣诞节,2026-03-25T04:47:28.763+00:00,1568,1519,全托,美国,https://www.temu.com/search_result.html?search_key=606021913283503&search_method=user&region=211&regionCnName=%E7%BE%8E%E5%9B%BD,玩具与游戏
1777254256416,temu,606056675682108,https://img.kwcdn.com/product/open/9ff7b0831853425d9b2b6b8af8e2b847-goods.jpeg,Fidget 蚯蚓玩具，真3D打印玩具，趣味口袋蚯蚓Fidget玩具，成人静音抵抗减压玩具，成人桌面Fidget,2026-03-31T04:59:22.985+00:00,1205,1205,全托,美国,https://www.temu.com/search_result.html?search_key=606056675682108&search_method=user&region=211&regionCnName=%E7%BE%8E%E5%9B%BD,玩具与游戏
1777254256416,temu,606423626921349,https://img.kwcdn.com/product/fancy/5ea07ec3-1884-4035-abd9-f1930194f487.jpg,超柔软包子挤压玩具，带蒸笼收纳盒，约3.1英寸大小，具有超柔软的质地和可爱的包子外观，非常适合作为玩具，是桌面摆件的理想选择，也是日/生日礼物的绝佳选择,2026-04-13T07:04:22.835+00:00,748,748,全托,美国,https://www.temu.com/search_result.html?search_key=606423626921349&search_method=user&region=211&regionCnName=%E7%BE%8E%E5%9B%BD,玩具与游戏
1777254256416,temu,605542353323368,https://img.kwcdn.com/product/fancy/ce5bc121-033c-42ba-ae1d-182e9825d5b2.jpg,2/3件豹纹蝴蝶结铝膜气球套装 豹纹斑点的蝴蝶节外观是那么的独特 可用在生日派个 狂欢节 母亲节 等节日派个场合,2026-04-06T04:20:08.556+00:00,908,908,全托,美国,https://www.temu.com/search_result.html?search_key=605542353323368&search_method=user&region=211&regionCnName=%E7%BE%8E%E5%9B%BD,玩具与游戏
1777254256416,temu,605754014686078,https://img.kwcdn.com/product/fancy/be3e356b-8a0c-4523-bdc9-07941264c8e0.jpg,2个紫色章鱼Q弹趣味DIY章鱼 手打泡泡挤压玩具 - 缓慢回弹，柔软触感，节日聚会派对必备，可爱外观，感官玩具，柔软的触感，假日派对必备复活节和送给朋友的最佳礼物,2026-03-21T13:49:21.515+00:00,882,659,全托,美国,https://www.temu.com/search_result.html?search_key=605754014686078&search_method=user&region=211&regionCnName=%E7%BE%8E%E5%9B%BD,玩具与游戏
1777254256416,temu,605993995960888,https://img.kwcdn.com/product/open/1c3f54b0291d4ac69237e01ebf9759c7-goods.jpeg,多款带摄像头无人机：E88、E99、X6 PRO。可折叠遥控四轴飞行器，无人机，适合初学者遥控，无人机，适合男女，配备光流定位技术和英特尔。,2026-03-03T15:04:25.976+00:00,3185,2393,半托,美国,https://www.temu.com/search_result.html?search_key=605993995960888&search_method=user&region=211&regionCnName=%E7%BE%8E%E5%9B%BD,玩具与游戏
1777254256416,temu,603176170303392,https://img.kwcdn.com/local-goods-image/211a2a44a38/6d30cd35-50bb-4abe-ae16-bfb63cbe00b3_1000x1000.jpeg.format.jpg,升级英雄增强包 | 皮卡丘卡牌游戏 | ME: 升级英雄 (ASC),2026-03-27T19:02:59.224+00:00,715,689,半托,美国,https://www.temu.com/search_result.html?search_key=603176170303392&search_method=user&region=211&regionCnName=%E7%BE%8E%E5%9B%BD,玩具与游戏
1777254256416,temu,605796293290689,https://img.kwcdn.com/product/fancy/ab6d6386-5d92-4415-92d6-f6a5da5a1681.jpg,"36个柔软玩具,卡哇伊挤压儿童派对礼物，玩具课堂生日圣诞礼物礼品袋迷你动物麻糬软感官玩具随机",2026-03-26T01:33:34.427+00:00,8913,1980,全托,美国,https://www.temu.com/search_result.html?search_key=605796293290689&search_method=user&region=211&regionCnName=%E7%BE%8E%E5%9B%BD,玩具与游戏
1777254256416,temu,606010370586433,https://img.kwcdn.com/product/fancy/d121fc46-3802-4ce3-aea0-9e300796fb3b.jpg,爱心摆件挂饰 按键解压,2026-03-27T06:54:41.373+00:00,497,497,全托,美国,https://www.temu.com/search_result.html?search_key=606010370586433&search_method=user&region=211&regionCnName=%E7%BE%8E%E5%9B%BD,玩具与游戏
1777254256416,temu,606522545402558,https://img.kwcdn.com/product/open/a20c4c800e97465aa3fcbb482e3ee33e-goods.jpeg,复活节新奇玩具 2件套小龙与蛋 - 复活节游戏梦幻人偶套装（1龙+1蛋），耐用塑料汽车内部装饰配件模型收藏品和玩具，家居室内装饰工艺品。复活节节日主题装饰，彩色车载展示摆件，办公桌面装饰。馈赠亲友孩童的完美生日礼物,2026-03-30T17:03:19.123+00:00,745,745,全托,美国,https://www.temu.com/search_result.html?search_key=606522545402558&search_method=user&region=211&regionCnName=%E7%BE%8E%E5%9B%BD,玩具与游戏
1777254256416,temu,605936617883606,https://img.kwcdn.com/product/fancy/f22c3d21-53f8-4f7f-bef2-19251d3eeaa5.jpg,西班牙语50张卡片派对游戏《你了解我吗？》——适合情侣、朋友和游戏之夜的趣味家庭桌游——旅行游戏,2026-02-06T04:46:39.812+00:00,10000,3816,全托,美国,https://www.temu.com/search_result.html?search_key=605936617883606&search_method=user&region=211&regionCnName=%E7%BE%8E%E5%9B%BD,玩具与游戏
1777254256416,temu,605681335767270,https://img.kwcdn.com/product/open/231b7629204f468981fed77c3fbb80c3-goods.jpeg,花瓣造型卡通旋转玩具，早期启蒙益智玩具，适合在浴缸、餐桌、浴室洗澡玩具，理想的生日玩具礼物，圣诞节万圣节礼物,2026-02-09T14:16:51.137+00:00,3808,2723,全托,美国,https://www.temu.com/search_result.html?search_key=605681335767270&search_method=user&region=211&regionCnName=%E7%BE%8E%E5%9B%BD,玩具与游戏
1777254256416,temu,605974131785466,https://img.kwcdn.com/product/fancy/3b3e1de5-ff29-4542-ade1-f5582f61400c.jpg,方形冰块捏捏，手部感官玩具，手感柔软不易变形，适合节日派对礼物，圣诞节，万圣节 生日礼物,2026-03-26T09:27:56.348+00:00,1487,1384,全托,美国,https://www.temu.com/search_result.html?search_key=605974131785466&search_method=user&region=211&regionCnName=%E7%BE%8E%E5%9B%BD,玩具与游戏
1777254256416,temu,606082579687223,https://img.kwcdn.com/product/fancy/f4ca7fdd-6823-4dd1-8593-588bc22a935a.jpg,"5毫米亚克力可堆叠展示盒，适用于Booster Box，透明磁性封口收纳盒，专为交易卡、收藏品及体育纪念品设计,购买前请确认产品尺寸",2026-03-29T14:37:44.228+00:00,946,946,全托,美国,https://www.temu.com/search_result.html?search_key=606082579687223&search_method=user&region=211&regionCnName=%E7%BE%8E%E5%9B%BD,玩具与游戏
1777254256416,temu,605519939002093,https://img.kwcdn.com/product/fancy/6cbef82d-f90e-4e54-b1cd-46cd9cf0cb80.jpg,30pcs可爱柔软的凝胶玩具，混合颜色，挤压玩具，迷你可爱挤压物品，派个礼物、课堂奖励、万圣节和圣诞节的完美选择，送礼佳品，感官游戏物品，迷你减压球，可爱设计，趣味美学，，耐用可挤压结构，适合教师、家长奖励小朋友,2026-03-21T13:54:45.234+00:00,3763,1896,全托,美国,https://www.temu.com/search_result.html?search_key=605519939002093&search_method=user&region=211&regionCnName=%E7%BE%8E%E5%9B%BD,玩具与游戏
1777254256416,temu,605577786790739,https://img.kwcdn.com/product/open/0319b1fe31274dcba14d1071016748d9-goods.jpeg,可动人偶蜘蛛侠，收藏蜘蛛侠钥匙扣漫威系列， 动漫人物雕像,2026-04-18T08:46:46.270+00:00,407,407,全托,美国,https://www.temu.com/search_result.html?search_key=605577786790739&search_method=user&region=211&regionCnName=%E7%BE%8E%E5%9B%BD,玩具与游戏
1777254256416,temu,605609260900194,https://img.kwcdn.com/product/fancy/780da902-08e6-4d9e-a530-22323cfcbe7f.jpg,"15pcs of Salamander Squeeze Toys for Party Gift Bags, Suitable for Party Favors, Birthday Parties, Easter Egg Fillers, Classroom Rewards, Carnival Prizes, And Gifts for Valentine'S Day, Christmas, Halloween, Easter, And New Year, with Styles",2026-03-04T23:35:53.163+00:00,1400,1158,全托,美国,https://www.temu.com/search_result.html?search_key=605609260900194&search_method=user&region=211&regionCnName=%E7%BE%8E%E5%9B%BD,玩具与游戏
1777254256416,temu,606180961286706,https://img.kwcdn.com/product/algo_check/auto/fae060461393b2fcc5a95ad0f237152b_1774858272366.jpg,2件母亲节粉色玫瑰花站立铝膜气球加赠送贺卡 粉色的花朵是那么的好看 将它装饰在母亲节这天 生日派个 感恩节 等场合都可使用,2026-04-06T02:05:50.314+00:00,494,494,全托,美国,https://www.temu.com/search_result.html?search_key=606180961286706&search_method=user&region=211&regionCnName=%E7%BE%8E%E5%9B%BD,玩具与游戏
1777254256416,temu,605578189460690,https://img.kwcdn.com/product/fancy/8a7efaf0-d886-4c60-bcf3-5bd9eb790c43.jpg,22pcs 伸缩玩具小狗，随意造型，桌面小玩具、装饰品，非常适合儿童的小礼物、课堂奖品，派对礼品包填充物。,2026-02-24T18:26:52.322+00:00,3947,738,全托,美国,https://www.temu.com/search_result.html?search_key=605578189460690&search_method=user&region=211&regionCnName=%E7%BE%8E%E5%9B%BD,玩具与游戏
1777254256416,temu,605694287829249,https://img.kwcdn.com/product/fancy/f5a59bf9-26e5-4408-bd5a-bbc0dd2ef70f.jpg,巨型泡泡球，透明 水充泡泡球，耐用且易于充气，巨型充气水球 沙滩球 庭院游戏 水球，充气道具，防漏设计，庭院、海滩及户外娱乐无需电费，适合家庭聚会和水上活动，随机颜色,2026-04-18T11:12:38.468+00:00,302,302,全托,美国,https://www.temu.com/search_result.html?search_key=605694287829249&search_method=user&region=211&regionCnName=%E7%BE%8E%E5%9B%BD,玩具与游戏
1777254256417,temu,605853470025179,https://img.kwcdn.com/product/open/10cd764e155544c09e0aeb3f50c14762-goods.jpeg,250周年庆典自由鹰扑克牌，1776-2026纪念扑克牌，标准尺寸高级扑克牌，游戏之夜和情怀收藏家的收藏纪念品,2026-04-06T17:02:24.392+00:00,613,613,半托,美国,https://www.temu.com/search_result.html?search_key=605853470025179&search_method=user&region=211&regionCnName=%E7%BE%8E%E5%9B%BD,玩具与游戏
1777254256417,temu,606306521953502,https://img.kwcdn.com/product/fancy/bf5ce915-da69-4d01-995d-31cd0479f796.jpg,32 页数学分数练习册：彩色编码视觉与互动练习 - 逐步课程、有趣活动及评估 - 家庭学校和课堂学习- 分数、小数、百分比、比例，工作簿，引人入胜的练习，结构良好的内容，教育设计，学习辅助工具，教师资源,2026-02-20T13:21:35.951+00:00,2362,738,全托,美国,https://www.temu.com/search_result.html?search_key=606306521953502&search_method=user&region=211&regionCnName=%E7%BE%8E%E5%9B%BD,玩具与游戏
1777254256417,temu,606550060049133,https://img.kwcdn.com/product/fancy/5c94402b-989c-40cc-bbed-34feb46d8409.jpg,40个麻糬软胶可爱玩具套装，混色卡哇伊迷你软胶玩具，派个礼物，迷你软胶小物件适合作为派个礼物、猫咪玩具、圣诞好心情袋填充物、圣诞袜填充物,2026-03-25T06:36:15.095+00:00,2417,1860,全托,美国,https://www.temu.com/search_result.html?search_key=606550060049133&search_method=user&region=211&regionCnName=%E7%BE%8E%E5%9B%BD,玩具与游戏
1777254256417,temu,603157815994228,https://img.kwcdn.com/local-goods-image/21140d6a4b8/45f73db1-e065-41ef-a69d-4b21e7fb27d4_1600x1600.jpeg.format.jpg,【宝可梦神秘板】超级稀有或双稀有卡牌，包含EX、V、VMAX、VSTAR系列 | 内含10张BONUS全彩卡 | 儿童和收藏家的完美礼物,2026-03-03T19:18:45.275+00:00,1294,576,半托,美国,https://www.temu.com/search_result.html?search_key=603157815994228&search_method=user&region=211&regionCnName=%E7%BE%8E%E5%9B%BD,玩具与游戏
1777254256417,temu,605820184032696,https://img.kwcdn.com/product/open/51011dd0c26e444eaa81e21d566a8627-goods.jpeg,1/2个装 叶子设计 漂浮躺椅 - 成人充气泳池椅，便携式夏季沙滩漂浮，适用于海滩、湖泊和泳池派对,2026-04-12T04:37:01.577+00:00,469,469,半托,美国,https://www.temu.com/search_result.html?search_key=605820184032696&search_method=user&region=211&regionCnName=%E7%BE%8E%E5%9B%BD,玩具与游戏
1777254256417,temu,605828102848570,https://img.kwcdn.com/product/fancy/468d08e7-b027-4916-894c-8dbd7c4c47ff.jpg,手工乐趣，8张贴纸，DIY创意绘画。简约有趣的3D贴纸套装，适合手工艺与艺术初学者，DIY艺术贴纸1套，教学与生日礼物皆宜,2026-03-20T03:53:06.860+00:00,2408,1945,全托,美国,https://www.temu.com/search_result.html?search_key=605828102848570&search_method=user&region=211&regionCnName=%E7%BE%8E%E5%9B%BD,玩具与游戏
1777254256417,temu,606058487628602,https://img.kwcdn.com/product/open/27cc3238161b41dda722325bc0e1a89b-goods.jpeg,Taba 1/2/3 彩色磨砂冰块挤压玩具，柔软橡胶材质 - 低回弹软萌玩具，缓解办公室压力，课堂奖励，生日派对礼物，节日礼品（随机颜色）。非常适合日常、愚人节,2026-03-29T05:34:56.300+00:00,2239,1377,全托,美国,https://www.temu.com/search_result.html?search_key=606058487628602&search_method=user&region=211&regionCnName=%E7%BE%8E%E5%9B%BD,玩具与游戏
1777254256417,temu,601103415726245,https://img.kwcdn.com/product/fancy/56247f8b-5d1c-4c45-9efe-281ca3e45b49.jpg,醉酒冒险之夜——成人情侣卡牌游戏，内含50张挑战卡片，打造浪漫欢乐游戏夜，加深亲密互动与欢声笑语，18岁以上适用，周年纪念、约会之夜、派对活动的完美选择,2026-02-06T08:37:33.251+00:00,1773,603,全托,美国,https://www.temu.com/search_result.html?search_key=601103415726245&search_method=user&region=211&regionCnName=%E7%BE%8E%E5%9B%BD,玩具与游戏
1777254256417,temu,606479193071827,https://img.kwcdn.com/product/fancy/c56aed93-8785-44f0-ae16-db31507308d6.jpg,Shun Fei 挤压球套装 3个/5个装 - squishy 球玩具 - 挤压球派个礼物装大包 - 课堂奖品 - 生日万圣节,2026-03-26T09:44:32.287+00:00,1190,1120,全托,美国,https://www.temu.com/search_result.html?search_key=606479193071827&search_method=user&region=211&regionCnName=%E7%BE%8E%E5%9B%BD,玩具与游戏
1777254256417,temu,606538785745318,https://img.kwcdn.com/product/fancy/f843c8ac-e7e4-4fc4-b1cc-c71429e197a1.jpg,3D打印雕像 多件小象雕像摆件 铰链式可活动 适合三岁以上,2026-04-18T22:32:42.610+00:00,311,311,全托,美国,https://www.temu.com/search_result.html?search_key=606538785745318&search_method=user&region=211&regionCnName=%E7%BE%8E%E5%9B%BD,玩具与游戏
1777254256417,temu,605990304997247,https://img.kwcdn.com/product/fancy/3924556b-a6a2-4dc2-bfbc-9b61b7297a2e.jpg,6个动物篮球圈洗澡玩具 | 蓝色塑料，非常适合沐浴和海滩娱乐，情人节生日礼物,2026-02-02T20:31:53.182+00:00,4421,1549,全托,美国,https://www.temu.com/search_result.html?search_key=605990304997247&search_method=user&region=211&regionCnName=%E7%BE%8E%E5%9B%BD,玩具与游戏
1777254256417,temu,606185726020241,https://img.kwcdn.com/product/fancy/bee22f37-087f-4356-ad11-3fab015c21aa.jpg,10pcs充气六色沙滩球，户外海滩游戏彩虹沙滩球，PVC加厚便携式可折叠圆形球，适合游泳池和海滩多人运动派对,2026-03-13T08:29:55.411+00:00,2886,2321,全托,美国,https://www.temu.com/search_result.html?search_key=606185726020241&search_method=user&region=211&regionCnName=%E7%BE%8E%E5%9B%BD,玩具与游戏
1777254256417,temu,605813674461102,https://img.kwcdn.com/product/fancy/9005f633-4554-477d-804f-b71ce87347ae.jpg,1PC多功能拼图盒架与拼图海报支架、桌面艺术品装饰架、 耐用塑料材质，拼图爱好者和艺术品展示的理想选择，组装时方便查看图片、为您的拼图盒打造专属”展示台“，适用各类拼图盒,2026-03-16T01:31:46.648+00:00,1235,1140,全托,美国,https://www.temu.com/search_result.html?search_key=605813674461102&search_method=user&region=211&regionCnName=%E7%BE%8E%E5%9B%BD,玩具与游戏
1777254256417,temu,606268739690719,https://img.kwcdn.com/product/fancy/b0fa228f-0036-4384-835e-68512b02ad8e.jpg,2/4件户外彩色充气沙滩球玩具 最适合作为沙滩 泳池 户外充气游戏 是夏日泳池最佳的玩具拍档,2026-03-29T15:00:55.705+00:00,1040,1040,全托,美国,https://www.temu.com/search_result.html?search_key=606268739690719&search_method=user&region=211&regionCnName=%E7%BE%8E%E5%9B%BD,玩具与游戏
1777254256417,temu,606411815778418,https://img.kwcdn.com/product/aisc_image/fancy/opt/1721181471617-eb35fe2898e44a9fa865125420c62a1f-goods.jpeg,1个 减压宠物奶酪老鼠 捏捏乐奶酪捏捏球 发泄松鼠杯 恶作剧玩具 解压玩具,2026-04-21T22:33:35.385+00:00,384,384,全托,美国,https://www.temu.com/search_result.html?search_key=606411815778418&search_method=user&region=211&regionCnName=%E7%BE%8E%E5%9B%BD,玩具与游戏
1777254256417,temu,602381500698825,https://img.kwcdn.com/local-goods-image/21140d6a4b8/2c1731c2-238f-4b3c-9bb0-8193c681f05f_1600x1600.jpeg.format.jpg,【宝可梦】神秘蛋 | 超级稀有或双稀有卡牌，带展示盒 | EX、V、VMAX、VSTAR | 包含10张免费全彩卡 | 完美的儿童和收藏家的礼物,2026-03-06T23:40:14.018+00:00,2855,1636,半托,美国,https://www.temu.com/search_result.html?search_key=602381500698825&search_method=user&region=211&regionCnName=%E7%BE%8E%E5%9B%BD,玩具与游戏
1777254256417,temu,605583289762360,https://img.kwcdn.com/product/fancy/886891eb-2504-4dab-bd2a-69fcac250183.jpg,帕尼尼 2026 国际足联 365 Adrenalyn XL惊喜卡包| 球迷礼物 纸牌游戏 球星卡 官方球星卡 足球星卡 球迷礼物,2026-04-08T13:26:48.127+00:00,986,986,全托,美国,https://www.temu.com/search_result.html?search_key=605583289762360&search_method=user&region=211&regionCnName=%E7%BE%8E%E5%9B%BD,玩具与游戏
1777254256417,temu,605780052948595,https://img.kwcdn.com/product/fancy/eec21098-7fc1-4d20-8233-6507d04a04dd.jpg,小号 Simple Dimple Fidget 指尖奶酪滑块 旋转自由翻转新奇陀螺参,2026-02-12T07:26:34.941+00:00,1732,1093,全托,美国,https://www.temu.com/search_result.html?search_key=605780052948595&search_method=user&region=211&regionCnName=%E7%BE%8E%E5%9B%BD,玩具与游戏
1777254256417,temu,605782603093782,https://img.kwcdn.com/product/fancy/a621bf9f-978e-409c-bbcd-5047c2641baf.jpg,多语言PDF指南 78张卡片 尺寸：12 X 17 Cm/ 2.75 X 4.72 英寸 创新插图设计 时光见证 有效利用您的24小时 精明生活主题,2026-04-13T05:31:45.725+00:00,775,775,全托,美国,https://www.temu.com/search_result.html?search_key=605782603093782&search_method=user&region=211&regionCnName=%E7%BE%8E%E5%9B%BD,玩具与游戏
1777254256417,temu,605982050642755,https://img.kwcdn.com/product/fancy/0f7fd01d-ccf1-4b10-b859-de5b7e614dd2.jpg,糯米糍挤压球玩具，理想的复活节礼物便携式玩具有趣的手作球玩具，假日购物者，- 非常适合后院、露营或旅行，户外游戏时间，趣味设计，完美适合万圣节、感恩节及圣诞礼物，最佳圣诞选择,2026-04-02T14:40:34.106+00:00,5212,1620,全托,美国,https://www.temu.com/search_result.html?search_key=605982050642755&search_method=user&region=211&regionCnName=%E7%BE%8E%E5%9B%BD,玩具与游戏
1777254256417,temu,606163781434895,https://img.kwcdn.com/product/fancy/af13ed2c-de37-49a7-987b-5b6f159945f3.jpg,"新款西班牙流行的迷你卡牌游戏，非常适合与朋友和家人聚会，以及作为节日礼物。这款卡牌游戏增添乐趣，是一个绝佳的选择！, 社交娱乐,派对游戏,互动游戏玩法,吸引人的卡片,团体活动,礼品购物者,西班牙语使用者 valentines",2026-04-10T04:34:05.266+00:00,991,991,全托,美国,https://www.temu.com/search_result.html?search_key=606163781434895&search_method=user&region=211&regionCnName=%E7%BE%8E%E5%9B%BD,玩具与游戏
1777254256417,temu,606504560239039,https://img.kwcdn.com/product/fancy/25bcae41-007f-4db2-b44f-b51f6b346f22.jpg,"Vintage Style Playing Cards, Easter Playing Cards, Standard Deck, 54 Unique Watercolor Illustrations, Size 3.46*2.48 Inches, Made of Blue Core Paper, High-End Playing Cards, Thick And Durable, Resistant to Bending, Suitable for Party Entertainment",2026-03-23T22:46:49.206+00:00,911,839,全托,美国,https://www.temu.com/search_result.html?search_key=606504560239039&search_method=user&region=211&regionCnName=%E7%BE%8E%E5%9B%BD,玩具与游戏
1777254256417,temu,601100872980870,https://img.kwcdn.com/product/fancy/b2b30aba-ddad-4e25-a083-a537441fe004.jpg,"只可爱章鱼弹力玩具，慢回弹玩具感官玩具适合儿童课堂奖品，派对袋填充物，复活节彩蛋填充物 - 随机颜色品袋 - 多种颜色,，手指小玩具",2026-03-25T13:27:16.506+00:00,1153,1072,全托,美国,https://www.temu.com/search_result.html?search_key=601100872980870&search_method=user&region=211&regionCnName=%E7%BE%8E%E5%9B%BD,玩具与游戏
1777254256417,temu,606379200891637,https://img.kwcdn.com/product/fancy/07722e4b-4b25-47fe-ba58-d87e4e7c480a.jpg,2pcs打印小海龟+蛋套装，内含小海龟，家居装饰礼物，聚会派对用品，毕业礼物，花园装饰品，3D列印收藏艺术品，惊喜礼物，生日礼物【乌龟眼睛颜色随机】,2026-03-29T21:21:42.627+00:00,931,931,全托,美国,https://www.temu.com/search_result.html?search_key=606379200891637&search_method=user&region=211&regionCnName=%E7%BE%8E%E5%9B%BD,玩具与游戏
1777254256417,temu,606432351112497,https://img.kwcdn.com/product/fancy/f960071a-cb23-4ae3-9777-7a19ae9c6dba.jpg,"50pcs Harry Potter Elements Cartoon Stickers, Watercolor Graffiti Stickers, Can Be Used for Laptops, Cell Phones, Laptop Decorations, Suitable for Fan Peripherals Gifts, Back to School Season",2026-03-09T02:06:12.411+00:00,4900,3544,全托,美国,https://www.temu.com/search_result.html?search_key=606432351112497&search_method=user&region=211&regionCnName=%E7%BE%8E%E5%9B%BD,玩具与游戏
1777254256417,temu,606521203259468,https://img.kwcdn.com/product/fancy/02a760ea-ed16-498d-a3fa-133b5e65c757.jpg,1支/2支/4支浪花烟花水枪，2026新款水枪，情侣浪漫烟花造型水枪，沙滩泳池水枪，高压拉出式喷水玩具，适用于沐浴、泳池、沙滩派个娱乐,2026-03-18T05:00:17.674+00:00,1711,1590,全托,美国,https://www.temu.com/search_result.html?search_key=606521203259468&search_method=user&region=211&regionCnName=%E7%BE%8E%E5%9B%BD,玩具与游戏
1777254256417,temu,606027013540083,https://img.kwcdn.com/product/fancy/42380d7b-5da7-4851-8b40-93ed0eefac96.jpg,1个超柔软吐司捏捏玩具，非常适合办公桌摆放，可作为复活节和生日派对赠予同学与学生的礼物，互动玩耍玩具，Taba捏捏玩具/儿童玩具，吐司造型解压神器，圣诞礼物填充物，馈赠佳品首选，感官游戏玩具,2026-03-02T14:52:51.682+00:00,1725,1604,全托,美国,https://www.temu.com/search_result.html?search_key=606027013540083&search_method=user&region=211&regionCnName=%E7%BE%8E%E5%9B%BD,玩具与游戏
1777254256417,temu,606279946864812,https://img.kwcdn.com/product/fancy/85c29f74-e658-4617-871f-d22e24d8217a.jpg,2026新款升級版玩具槍，配備子彈與武器配件套裝，兩色可選，採用經典配色組合，空彈匣掛停功能，完美拋殼，組裝齊全，安全有趣，適合兒童與青少年，是一份令人愉悅的禮物,2026-03-28T03:16:50.284+00:00,782,782,全托,美国,https://www.temu.com/search_result.html?search_key=606279946864812&search_method=user&region=211&regionCnName=%E7%BE%8E%E5%9B%BD,玩具与游戏
1777254256417,temu,605851725221860,https://img.kwcdn.com/product/fancy/37d1631b-f6b9-4931-942f-267ab96b1ec9.jpg,HefengCL Taba趣味纹理球挤压玩具 - 开裂设计，柔软慢回弹挤压球，有趣好玩的感官玩具，便携小派对用品，学校生日/课堂奖品，乐趣好玩的聚会玩具,2026-03-18T14:19:17.098+00:00,2626,2233,全托,美国,https://www.temu.com/search_result.html?search_key=605851725221860&search_method=user&region=211&regionCnName=%E7%BE%8E%E5%9B%BD,玩具与游戏
1777254256417,temu,606540866135088,https://img.kwcdn.com/product/fancy/64b7beff-6127-4c00-9158-347554171c83.jpg,24页温馨的爱涂色书，描绘了甜蜜的情侣、温馨的家、温柔的拥抱、平静的日常场景、爱心以及各种迷人的卡哇伊风格细节，适合成人、青少年、初学者以及所有热爱温馨浪漫、可爱爱情美学和轻松涂色的人,2026-02-09T17:26:35.368+00:00,1627,421,全托,美国,https://www.temu.com/search_result.html?search_key=606540866135088&search_method=user&region=211&regionCnName=%E7%BE%8E%E5%9B%BD,玩具与游戏
1777254256417,temu,605823271017577,https://img.kwcdn.com/product/open/86be22c047f046a6bca7174cd6c92ec0-goods.jpeg,"6pcs Mini Colorful Flowers Suitable for Tiny Landscape Decor, Resin Miniature Blossoms for DIY Crafts, - Vibrant for, Dioramas, Making(Multi-Color Options)",2026-04-03T08:32:21.109+00:00,736,736,全托,美国,https://www.temu.com/search_result.html?search_key=605823271017577&search_method=user&region=211&regionCnName=%E7%BE%8E%E5%9B%BD,玩具与游戏
1777254256417,temu,606041307774968,https://img.kwcdn.com/product/aisc_image/fancy/opt/1708786699720-201fc1e367884a318ea79ca8290b716f-goods.jpeg,搞笑假电源插座贴纸 - 完美适用于办公室恶作剧和笑话，插头贴纸 办公室整蛊,2026-02-01T11:53:15.236+00:00,2229,1307,全托,美国,https://www.temu.com/search_result.html?search_key=606041307774968&search_method=user&region=211&regionCnName=%E7%BE%8E%E5%9B%BD,玩具与游戏
1777254256417,temu,606194584403164,https://img.kwcdn.com/product/fancy/d7b28a68-4419-4405-8e6d-b4b936a97927.jpg,"Charming Plush Toy of The Hyalophora Cecropia, a Soft Cartoon Representation of The Cecropia Moth. Great for Halloween Decorations, Lovely Home Accents, And an Excellent Gift Choice for Both for Halloween And Christmas",2026-03-27T15:03:48.635+00:00,601,556,全托,美国,https://www.temu.com/search_result.html?search_key=606194584403164&search_method=user&region=211&regionCnName=%E7%BE%8E%E5%9B%BD,玩具与游戏
1777254256417,temu,606267263272822,https://img.kwcdn.com/product/fancy/391ed4b0-a975-4034-912b-3c3af5828235.jpg,"2pcs Underwater Glider, Swimming Training Toy - Self Propelled, Glides Underwater, Adjusting The Wing Angle Results in Different Gliding Performance, Summer Outdoor Swimming Pool Gift for Kids & Teenagers",2026-03-25T02:42:01.672+00:00,1100,1100,全托,美国,https://www.temu.com/search_result.html?search_key=606267263272822&search_method=user&region=211&regionCnName=%E7%BE%8E%E5%9B%BD,玩具与游戏
1777254256417,temu,606559857932992,https://img.kwcdn.com/product/open/cdf201fcb5264209b0694b4e111dad6e-goods.jpeg,三色魔方挤压玩具，麦芽糖软耐用，感官刺激玩具，旋转挤压魔方 - 挤压玩具，锻炼手指，桌面玩具，课堂奖励，节日礼物,2026-03-10T03:42:31.243+00:00,2217,1435,全托,美国,https://www.temu.com/search_result.html?search_key=606559857932992&search_method=user&region=211&regionCnName=%E7%BE%8E%E5%9B%BD,玩具与游戏
1777254256417,temu,605577249928122,https://img.kwcdn.com/product/fancy/abb0b084-f592-4dec-b6bd-612009d877ca.jpg,2件套，花仙子主题微缩小书（3种款式可选）+ 1个微缩羽毛书签（4种款式随机发货），纸质/金属材质，迷你家居摆件，用于模型屋装饰、成人DIY手工场景布置,2026-03-26T04:42:14.907+00:00,1479,1306,全托,美国,https://www.temu.com/search_result.html?search_key=605577249928122&search_method=user&region=211&regionCnName=%E7%BE%8E%E5%9B%BD,玩具与游戏
1777254256417,temu,605578323701415,https://img.kwcdn.com/product/fancy/4d29aa8f-3389-475c-b470-563685e8cb14.jpg,"2pcs Giant Bubble Balls, Transparent TPR Water-Filled Bubble Balls, Durable and Easy to Inflate, Giant Inflatable Water Balls, Beach Balls, Yard Games, Soft Rubber Water Balls, Inflatable Props, Leak-Proof Design, for Yard, Beach, and Outdoor Fun",2026-03-28T15:05:00.991+00:00,727,727,全托,美国,https://www.temu.com/search_result.html?search_key=605578323701415&search_method=user&region=211&regionCnName=%E7%BE%8E%E5%9B%BD,玩具与游戏
1777254256417,temu,606298804439453,https://img.kwcdn.com/product/open/638630c25cb3405c8a980599d03f3fc4-goods.jpeg,6颗黑金配色骰子/D6标号1-6/经典设计/亚克力桌游配件/家庭娱乐/派对礼品/骰子礼品/耐用骰子/战争游戏骰子/游戏骰子/战吼骰子/卡牌或骰子游戏/骰子/桌面游戏/超大骰子/游戏/独特骰子/家庭娱乐活动/桌面游戏必备/亚克力骰子/黑金骰子/极简游戏美学/耐用亚克力材质,2026-04-03T16:58:20.886+00:00,456,456,全托,美国,https://www.temu.com/search_result.html?search_key=606298804439453&search_method=user&region=211&regionCnName=%E7%BE%8E%E5%9B%BD,玩具与游戏
1777254256417,temu,606033053332020,https://img.kwcdn.com/product/fancy/30f50def-b3e5-4b21-88f1-4cb4e93eef0a.jpg,1个/2个/4个 squishy 饺子，2026新款包子压力球，带包装，缓解压力，放松手部，是万圣节、感恩节或圣诞节礼物的理想选择，派个礼品,2026-04-19T08:58:50.668+00:00,474,474,全托,美国,https://www.temu.com/search_result.html?search_key=606033053332020&search_method=user&region=211&regionCnName=%E7%BE%8E%E5%9B%BD,玩具与游戏
1777254256417,temu,606036945660224,https://img.kwcdn.com/product/open/e205b6f038554f57b86527cc2f99c98f-goods.jpeg,"Decision Lucky Coin - Double-Sided Yes/No, Antique Silver Gray, Decorative Floral Design, Collectible Souvenir Badge, Perfect Gift",2026-03-14T09:11:57.963+00:00,996,679,全托,美国,https://www.temu.com/search_result.html?search_key=606036945660224&search_method=user&region=211&regionCnName=%E7%BE%8E%E5%9B%BD,玩具与游戏
1777254256417,temu,606569387419812,https://img.kwcdn.com/product/fancy/016a5d06-9a0d-4153-8f08-5dc0b2256391.jpg,64页儿童学习活动书：学习字词：通过字母提高学习能力,2026-03-28T02:33:03.511+00:00,1459,1440,全托,美国,https://www.temu.com/search_result.html?search_key=606569387419812&search_method=user&region=211&regionCnName=%E7%BE%8E%E5%9B%BD,玩具与游戏
1777254256417,temu,605748444678273,https://img.kwcdn.com/product/fancy/e06efaa8-65b1-443e-9bda-914ccfd476f1.jpg,【如何画三丽鸥】三丽鸥儿童绘画本、一步一步的绘画和绘画着色书、craft kit卡通趣味涂鸦简笔画早教启蒙涂色画画本- 创意艺术活动，适用于教室、家庭或礼物,2026-02-05T17:48:03.165+00:00,2957,1067,全托,美国,https://www.temu.com/search_result.html?search_key=605748444678273&search_method=user&region=211&regionCnName=%E7%BE%8E%E5%9B%BD,玩具与游戏
1777254256417,temu,605912391596574,https://img.kwcdn.com/product/fancy/65c8ca28-7dc7-4377-8651-47c54b3b59b0.jpg,动物人偶磁性积木套装 - 适合3+岁STEM启蒙益智玩具，创意家居装饰摆件，理想的复活节/圣诞节/斋月节礼物,2026-03-13T07:08:38.947+00:00,1459,1099,全托,美国,https://www.temu.com/search_result.html?search_key=605912391596574&search_method=user&region=211&regionCnName=%E7%BE%8E%E5%9B%BD,玩具与游戏
1777254256417,temu,606258606230200,https://img.kwcdn.com/product/open/e5dba6229dae43ce88330a03bce79e8b-goods.jpeg,可爱举手小猫塔巴捏捏玩具 柔软萌趣慢回弹感官互动趣味桌面摆件 亲子圣诞情人节感恩节复活节新年节日礼物派对装饰生日礼品圣诞袜填充物,2026-02-02T02:52:20.007+00:00,3361,1625,全托,美国,https://www.temu.com/search_result.html?search_key=606258606230200&search_method=user&region=211&regionCnName=%E7%BE%8E%E5%9B%BD,玩具与游戏
1777254256417,temu,605523160199105,https://img.kwcdn.com/product/aisc_image/fancy/opt/tS1Fc701e8f0b-f8ef-4b94-b2df-9c1b5dcee241.jpg,3件装儿童水上玩具，发条小丑鱼，适合作为节日礼物或纪念品，室内外皆宜，夏季沐浴玩具,2026-04-07T07:06:47.863+00:00,825,825,全托,美国,https://www.temu.com/search_result.html?search_key=605523160199105&search_method=user&region=211&regionCnName=%E7%BE%8E%E5%9B%BD,母婴用品
1777254256417,temu,605593758740668,https://img.kwcdn.com/product/open/56848b476c5b4ee0a8973d8d438b80e1-goods.jpeg,适用于手机、水瓶、手账的闪粉贴纸——自粘塑料光面贴花，含可爱动物与爱心图案，无需裁剪，轻松撕贴3D立体泡泡贴,2026-03-01T09:58:17.502+00:00,1391,833,全托,美国,https://www.temu.com/search_result.html?search_key=605593758740668&search_method=user&region=211&regionCnName=%E7%BE%8E%E5%9B%BD,玩具与游戏
1777254256417,temu,605900177815952,https://img.kwcdn.com/product/fancy/d090b12c-2b28-479a-b3ee-7480e0c59fc6.jpg,自动填充电动水枪，带LED灯光秀的脉冲喷射水枪，40英尺远程快速射击水枪，USB可充电大容量水枪，适合儿童和成人使用，成人水枪适用于泳池海滩后院,2026-04-15T04:55:45.842+00:00,411,411,半托,美国,https://www.temu.com/search_result.html?search_key=605900177815952&search_method=user&region=211&regionCnName=%E7%BE%8E%E5%9B%BD,玩具与游戏
1777254256417,temu,601103582861997,https://img.kwcdn.com/product/open/cdd8366de2fd4382b97f10e1958d6763-goods.jpeg,"Bubble Bottles Available in Packs of 6, 12, 24, Or 36 (4Oz Solution), Perfect for Children Aged 3 And Up. These Bubble Solutions Come with Wands And Are Ideal As for Party Favors Or Summer Outdoor Toys for",2026-02-07T03:36:33.821+00:00,910,549,半托,美国,https://www.temu.com/search_result.html?search_key=601103582861997&search_method=user&region=211&regionCnName=%E7%BE%8E%E5%9B%BD,玩具与游戏
1777254256417,temu,605831726737706,https://img.kwcdn.com/product/open/29c0a462eda94e7ea546620d5841ad81-goods.jpeg,3D打印螺旋塔解压指尖玩具——八角螺旋楼梯指尖小工具带手柄，多彩感官桌面玩具，缓解焦虑与提升专注力，3D打印几何桌面螺旋解压神器,2026-03-24T03:12:33.199+00:00,872,833,半托,美国,https://www.temu.com/search_result.html?search_key=605831726737706&search_method=user&region=211&regionCnName=%E7%BE%8E%E5%9B%BD,玩具与游戏
1777254256417,temu,605959971776869,https://img.kwcdn.com/product/fancy/daa8205b-8823-46a6-bc3e-3f522e0a0c03.jpg,婴儿玩具绕珠串珠儿童宝宝益智积木早教启蒙教育复活节万圣节圣诞节感恩节送礼,2026-03-31T22:22:58.970+00:00,503,503,全托,美国,https://www.temu.com/search_result.html?search_key=605959971776869&search_method=user&region=211&regionCnName=%E7%BE%8E%E5%9B%BD,母婴用品
1777254256417,temu,606025671397351,https://img.kwcdn.com/product/fancy/d4c28cfc-a051-4687-98ca-f131acb8fc85.jpg,加厚型充气泳池浮床双件套（成人适用）——双色加厚充气躺椅与泳池浮条，适用于泳池、湖泊、海滩及庭院派对，为各年龄段人群带来水上乐趣,2026-03-31T08:04:54.018+00:00,452,452,半托,美国,https://www.temu.com/search_result.html?search_key=606025671397351&search_method=user&region=211&regionCnName=%E7%BE%8E%E5%9B%BD,玩具与游戏
1777254256417,temu,606080499301091,https://img.kwcdn.com/product/open/0da41bd7724e4413bb9b88f64301f2f0-goods.jpeg,6/16/26件装迷你蛇形魔方玩具套装 - 魔方益智玩具，适合初学者训练，锻炼手部灵活性，课堂奖励，礼品袋填充物，完美的节日礼物，价格实惠，品质卓越,2026-01-31T09:55:44.034+00:00,6951,2146,全托,美国,https://www.temu.com/search_result.html?search_key=606080499301091&search_method=user&region=211&regionCnName=%E7%BE%8E%E5%9B%BD,玩具与游戏
1777254256417,temu,606198946473147,https://img.kwcdn.com/product/open/32de682398364bb994e586a71eafa453-goods.jpeg,2D平面250年自由纪念币 美利坚合众国1776-2026四百年纪念纪念品 艺术设计收藏人偶复制品 2D平面,2026-03-19T14:27:14.261+00:00,514,514,半托,美国,https://www.temu.com/search_result.html?search_key=606198946473147&search_method=user&region=211&regionCnName=%E7%BE%8E%E5%9B%BD,玩具与游戏
1777254256417,temu,606321621442513,https://img.kwcdn.com/product/fancy/9373ee95-b042-4747-83e3-db9c250ec3e0.jpg,35cm六人鲁多飞行橡胶棋盘套装，套装含有：35cm大圆盘棋盘+飞行棋盘+24个棋子6种颜色+2个筛子。多人参与棋盘游戏，橡胶棋盘可以折叠收纳，可以做电脑鼠标垫使用，棋盘套装适合家庭成员互动，户外派对游戏，逻辑思维能力，开发智力，教育意义，适合朋友聚会，送礼理想节日礼品，开发大脑，锻炼逻辑思维能力，多人互动，朋友派对聚会用品，2026理想节日礼物，portable game Valentine Wedding，大型35cm橡胶棋盘套装合集，2~六人聚会游戏,2026-04-16T02:15:29.065+00:00,472,472,全托,美国,https://www.temu.com/search_result.html?search_key=606321621442513&search_method=user&region=211&regionCnName=%E7%BE%8E%E5%9B%BD,玩具与游戏
1777254256417,temu,606583480234449,https://img.kwcdn.com/product/open/b599612f94384907befae82d25070040-goods.jpeg,1个流动图案魔方挤压玩具，专为感官游戏设计，具有旋转和抓握功能，适合儿童和成人。触感柔软，有助于手部锻炼,2026-03-10T01:37:04.987+00:00,1545,539,全托,美国,https://www.temu.com/search_result.html?search_key=606583480234449&search_method=user&region=211&regionCnName=%E7%BE%8E%E5%9B%BD,玩具与游戏
1777254256417,temu,603236836688707,https://img.kwcdn.com/local-goods-image/21140d663c0/0ee54607-a739-48f6-ab97-a629a7c907bd_3100x3100.jpeg.format.jpg,宝可梦卡牌对战套装（51张） | 含1张超稀有卡牌 | 10张现代全息箔卡 | 儿童与收藏家的绝佳礼物,2026-04-09T01:03:11.995+00:00,370,370,半托,美国,https://www.temu.com/search_result.html?search_key=603236836688707&search_method=user&region=211&regionCnName=%E7%BE%8E%E5%9B%BD,玩具与游戏
1777254256417,temu,605828706861768,https://img.kwcdn.com/product/fancy/f9db0180-a0ed-41b3-8efa-35f9f4eba4fb.jpg,"Cuddly for Capybara Plush - A Soft Toy Perfect for Birthdays And Holidays, Ideal for Bedtime Snuggles And Room Decoration, Great for Fans of for Capybaras",2026-03-17T15:18:34.098+00:00,2200,1491,全托,美国,https://www.temu.com/search_result.html?search_key=605828706861768&search_method=user&region=211&regionCnName=%E7%BE%8E%E5%9B%BD,玩具与游戏
1777254256417,temu,606187739298354,https://img.kwcdn.com/product/fancy/3b2e39c2-acfc-4cbc-84ba-182a6e5d7870.jpg,"8件/套,迷你微缩仿真模型,化妆刷套装,小摆件,1/6,1/12娃娃屋，娃娃屋配件装饰，模型屋配件，拍摄道具，微景观摆件 Miniatures装饰，小礼物，赠品，家居摆件",2026-02-07T05:30:52.407+00:00,1464,604,全托,美国,https://www.temu.com/search_result.html?search_key=606187739298354&search_method=user&region=211&regionCnName=%E7%BE%8E%E5%9B%BD,玩具与游戏
1777254256417,temu,606278940203576,https://img.kwcdn.com/product/fancy/84b22fc3-851b-449a-8b45-86c46890718a.jpg,幸运币决策币好运币选择币双面是否YES/NO挑战币希望币办公室减压神器,2026-04-09T04:06:50.704+00:00,504,504,全托,美国,https://www.temu.com/search_result.html?search_key=606278940203576&search_method=user&region=211&regionCnName=%E7%BE%8E%E5%9B%BD,玩具与游戏
1777254256417,temu,601104764247115,https://img.kwcdn.com/product/open/35bee730372b44d6b0eb2a38b9c2a44e-goods.jpeg,"10pcs, Inflatable Beach Ball Set - Colorful Six-Color Ball, Suitable for Hawaiian Beach Water Games and Pool Party Toys, Durable PVC Material, Fun Accessory for Summer Games, Beach and Pool Activities, Beach Toys, Funny Design, High-Quality Balls",2026-03-21T02:26:20.818+00:00,509,509,全托,美国,https://www.temu.com/search_result.html?search_key=601104764247115&search_method=user&region=211&regionCnName=%E7%BE%8E%E5%9B%BD,玩具与游戏
1777254256417,temu,606032986216548,https://img.kwcdn.com/product/fancy/0357e11b-fa66-4cac-9b39-b81e0bbe3148.jpg,"Yahweh Most High 基督教挑战硬币,基督教耶稣挑战硬币与刺冠,生活在他的承诺信仰和十字纪念硬币,男士女士宗教礼物，附带保护盒",2026-02-16T07:56:40.163+00:00,3429,2140,全托,美国,https://www.temu.com/search_result.html?search_key=606032986216548&search_method=user&region=211&regionCnName=%E7%BE%8E%E5%9B%BD,玩具与游戏
1777254256417,temu,606348196598762,https://img.kwcdn.com/product/fancy/07de73ad-2811-41db-af3d-54c24d531821.jpg,彩色键盘按压玩具，按钮键盘点击器钥匙链，适合放松的按压玩具礼物（多色）,2026-03-28T07:05:12.109+00:00,1780,1290,全托,美国,https://www.temu.com/search_result.html?search_key=606348196598762&search_method=user&region=211&regionCnName=%E7%BE%8E%E5%9B%BD,玩具与游戏
1777254256417,temu,606545765074621,https://img.kwcdn.com/product/fancy/29cc81be-4ab8-428c-86d5-84593f048d9d.jpg,3D打印的可活动关节海水龙，水族管装饰主题摆件，色彩鲜艳，拥有仿真的眼睛，圣诞节、万圣节、复活节、光明节和感恩节等所有节日的理想礼物，适用3+儿童玩具,2026-04-15T13:20:50.262+00:00,480,480,全托,美国,https://www.temu.com/search_result.html?search_key=606545765074621&search_method=user&region=211&regionCnName=%E7%BE%8E%E5%9B%BD,玩具与游戏
1777254256417,temu,601105635070278,https://img.kwcdn.com/product/fancy/c373e3c6-3f00-4ee0-a97a-021521c79508.jpg,一卷500个小眼睛贴纸，设计精美，多种款式可选，非常适合用于剪贴簿、日记本、笔记本电脑、保险杠、滑板、冰箱、行李箱、水瓶等,2026-03-29T04:02:18.889+00:00,1153,1153,全托,美国,https://www.temu.com/search_result.html?search_key=601105635070278&search_method=user&region=211&regionCnName=%E7%BE%8E%E5%9B%BD,玩具与游戏
1777254256417,temu,605767570657582,https://img.kwcdn.com/product/open/7b8b0ef0a1504fe6bde8f85038dc25d0-goods.jpeg,2入擠壓糖果造型解壓玩具 - 彩色紋理表面，彩虹糖果擠壓玩具，柔軟緩慢彈跳，非常適合青少年在辦公室和教室的桌面上使用。非常適合聖誕節、復活節和生日禮物,2026-04-18T03:13:45.284+00:00,359,359,全托,美国,https://www.temu.com/search_result.html?search_key=605767570657582&search_method=user&region=211&regionCnName=%E7%BE%8E%E5%9B%BD,玩具与游戏
1777254256417,temu,605817298339822,https://img.kwcdn.com/product/fancy/ff6077cc-5f98-4df4-9752-a0a0e6b39500.jpg,1个熊猫挤压玩具，柔软有弹性，萌趣熊猫慢回弹解压玩具。适合青少年和成人的感官玩具。是圣诞礼物、万圣节小礼物、复活节篮子填充物、情人节礼物及派对礼品的完美选择,2026-02-02T20:29:46.706+00:00,1185,445,全托,美国,https://www.temu.com/search_result.html?search_key=605817298339822&search_method=user&region=211&regionCnName=%E7%BE%8E%E5%9B%BD,玩具与游戏
1777254256417,temu,606127005756784,https://img.kwcdn.com/product/fancy/470394d9-26b9-4215-aaf8-0f43aa6ec3c2.jpg,手指计数数学玩具，带数字积木，3-5岁儿童数学辅助教具，益智玩具学校用品，男孩女孩生日礼物,2026-03-27T01:59:31.044+00:00,846,846,全托,美国,https://www.temu.com/search_result.html?search_key=606127005756784&search_method=user&region=211&regionCnName=%E7%BE%8E%E5%9B%BD,玩具与游戏
1777254256417,temu,602739056709073,https://img.kwcdn.com/local-goods-image/211a2a41644/b7cfda24-7f58-4cb2-bc42-8f3e83382ccc_2730x2730.png,马特尔游戏 UNO 水豚卡牌游戏，适合儿童、成人和家庭，包含卡牌和电影灵感的特殊规则,2026-03-05T01:06:21.612+00:00,363,335,半托,美国,https://www.temu.com/search_result.html?search_key=602739056709073&search_method=user&region=211&regionCnName=%E7%BE%8E%E5%9B%BD,玩具与游戏
1777254256417,temu,605517120392175,https://img.kwcdn.com/product/fancy/b7c9aadd-b572-454d-a774-191d2f7e67cb.jpg,互动户外火箭发射玩具套装 - 手踏式彩色塑料火箭，适合复活节、万圣节、圣诞礼物，适用于年轻人,2026-03-27T01:59:33.594+00:00,440,440,全托,美国,https://www.temu.com/search_result.html?search_key=605517120392175&search_method=user&region=211&regionCnName=%E7%BE%8E%E5%9B%BD,玩具与游戏
1777254256417,temu,606594016375123,https://img.kwcdn.com/product/fancy/5aa6d615-cbc8-4546-b3e9-e2a9aa3d3633.jpg,24支装雪花泡泡棒，无需液体，节日婚庆派对用品，儿童派对赠品泡泡，儿童生日礼物，课堂宝藏盒玩具，复活节篮子填充物，男女童玩具，儿童礼品袋填充物，皮纳塔填充物派对赠品，派对礼品，户外玩具，批量礼品，男孩玩具，女孩玩具，圣诞礼物，万圣节、复活节、狂欢节、感恩节礼物的理想选择（随机款式）,2026-02-04T04:23:22.622+00:00,5560,2684,全托,美国,https://www.temu.com/search_result.html?search_key=606594016375123&search_method=user&region=211&regionCnName=%E7%BE%8E%E5%9B%BD,玩具与游戏
1777254256417,temu,605528931594171,https://img.kwcdn.com/product/fancy/36faa6d8-4e90-4b4d-b3c0-611f77993f08.jpg,"Portable Resin Dice Bag with Removable Sponge and Resin Dice Tray, Suitable for Role-playing Dice Sets, Dice Display Cases, and Storage for Role-playing and Other Tabletop Game Dice. Holds up to 70 Dice. Birthday Gift, Christmas Gift",2026-04-03T11:31:01.178+00:00,526,526,全托,美国,https://www.temu.com/search_result.html?search_key=605528931594171&search_method=user&region=211&regionCnName=%E7%BE%8E%E5%9B%BD,游戏及配件
1777254259608,temu,605564901886470,https://img.kwcdn.com/product/fancy/7a3acab4-1cbf-4cd7-b9be-714dbfc0d0ab.jpg,5件 16寸马卡龙色字母气球套装，”生日快乐“铝膜气球套装用于生日派对聚会装饰周年纪念日节日庆祝背景墙户外派对现场氛围拍照装饰气球用品 32个节日通用最精美的礼品,2026-04-01T02:25:13.873+00:00,657,657,全托,美国,https://www.temu.com/search_result.html?search_key=605564901886470&search_method=user&region=211&regionCnName=%E7%BE%8E%E5%9B%BD,玩具与游戏
1777254259608,temu,605875750186090,https://img.kwcdn.com/product/open/88413ca078104644b428fc6377daf8c3-goods.jpeg,3件装 3D打印动物-毒蛇，3D打印蛇玩具 可活动蛇骨 3D打印动物模型摆件 创意趣味玩具 节日礼物送朋友,2026-03-27T11:22:46.686+00:00,1265,1128,全托,美国,https://www.temu.com/search_result.html?search_key=605875750186090&search_method=user&region=211&regionCnName=%E7%BE%8E%E5%9B%BD,玩具与游戏
1777254259608,temu,606463221157300,https://img.kwcdn.com/product/fancy/938bd4f6-cf24-4f55-9050-77e0759ba4d6.jpg,12件装喷水玩具套装（含4个抽拉式泡沫喷水器+8个水花球）| 儿童泳池玩具 | 夏季户外沙滩泳池后院戏水玩具 | 颜色随机,2026-03-22T04:32:01.059+00:00,944,809,全托,美国,https://www.temu.com/search_result.html?search_key=606463221157300&search_method=user&region=211&regionCnName=%E7%BE%8E%E5%9B%BD,玩具与游戏
1777254259608,temu,605533964741468,https://img.kwcdn.com/product/fancy/d8fafb83-5b9a-438d-a799-3663694ad071.jpg,3D雕刻纪念币，这是一组以基督教信仰为主题的纪念币，币面设计元素：祈祷的双手、摊开的圣经、祥云、十字架等通常作为信仰信物、礼物或收藏品,2026-02-01T17:37:05.907+00:00,1209,546,全托,美国,https://www.temu.com/search_result.html?search_key=605533964741468&search_method=user&region=211&regionCnName=%E7%BE%8E%E5%9B%BD,玩具与游戏
1777254259608,temu,605554701357645,https://img.kwcdn.com/product/fancy/1b67114f-7362-473a-926b-329d4927cadb.jpg,"Children's DIY Sticker Puzzle Drawing Book, Including Sticker Puzzles and Creative 3D Stickers with Various Themes, Portable, Quiet and Busy Handmade Sticker Book, an Ideal Birthday Gift for Children",2026-03-30T16:48:27.368+00:00,329,329,全托,美国,https://www.temu.com/search_result.html?search_key=605554701357645&search_method=user&region=211&regionCnName=%E7%BE%8E%E5%9B%BD,玩具与游戏
1777254259608,temu,605948361991195,https://img.kwcdn.com/product/fancy/2e6df25e-fa79-498c-bd71-bfbb4f256efe.jpg,500张三丽鸥凯蒂猫贴纸卷 - 多彩封口贴，适用于手账装饰、礼品包装、派对礼品及DIY手工艺 - 哑光质感，家居、办公及商业场景皆宜,2026-03-31T08:23:03.769+00:00,1449,1110,全托,美国,https://www.temu.com/search_result.html?search_key=605948361991195&search_method=user&region=211&regionCnName=%E7%BE%8E%E5%9B%BD,玩具与游戏
1777254259608,temu,606273705716743,https://img.kwcdn.com/product/fancy/19744287-2f97-451c-b15c-333d1485e0e6.jpg,1pcs/2pcs 3D打印可动水母玩具玩偶模型 渐变炫彩一体成型 全身关节可动 解压创意桌面摆件 学生党潮玩手办 家居办公个性装饰 儿童生日等节日送礼礼物 收藏海洋生物玩具,2026-03-29T07:33:38.338+00:00,1263,1110,全托,美国,https://www.temu.com/search_result.html?search_key=606273705716743&search_method=user&region=211&regionCnName=%E7%BE%8E%E5%9B%BD,玩具与游戏
1777254259608,temu,606297328047471,https://img.kwcdn.com/product/fancy/84297017-1963-46c4-bfca-0a2706c13d5e.jpg,6件套喷水玩具 | 泳池玩具 | 可伸缩泡沫水枪管 | 远距离户外夏季水上乐趣，适用于泳池、海滩、庭院和草坪 | 适合儿童的引人入胜的水战礼物 | 颜色随机,2026-03-25T12:45:44.242+00:00,1404,1184,全托,美国,https://www.temu.com/search_result.html?search_key=606297328047471&search_method=user&region=211&regionCnName=%E7%BE%8E%E5%9B%BD,玩具与游戏
1777254259608,temu,606306589086070,https://img.kwcdn.com/product/fancy/95820245-06f1-4d87-b6a9-d9d3eb94ca0d.jpg,彩色球拼图益智游戏，儿童成人脑力训练桌面玩具，逻辑思维启蒙益智玩具，便携旅行礼物,2026-04-15T22:11:32.377+00:00,428,428,全托,美国,https://www.temu.com/search_result.html?search_key=606306589086070&search_method=user&region=211&regionCnName=%E7%BE%8E%E5%9B%BD,玩具与游戏
1777254259608,temu,601101594110738,https://img.kwcdn.com/product/fancy/9aef0fe1-70e2-40c4-b686-53d1527f70f1.jpg,"50pcs Pastel乳胶气球，10""多彩氢气球，用于淋浴，生日，婚礼，彩虹主题派对装饰，3-6岁",2026-03-29T12:54:20.786+00:00,21000,1080,半托,美国,https://www.temu.com/search_result.html?search_key=601101594110738&search_method=user&region=211&regionCnName=%E7%BE%8E%E5%9B%BD,玩具与游戏
1777254259608,temu,601104769225007,https://img.kwcdn.com/product/open/a40ea6b6feb2457d8af63a4b0d05ef46-goods.jpeg,4只装夜光粘粘球，柔软解压捏捏球，可吸附墙面的夜光玩具，成人儿童生日礼物、派对礼品及奖品（颜色随机）,2026-03-31T11:13:08.734+00:00,1118,1080,全托,美国,https://www.temu.com/search_result.html?search_key=601104769225007&search_method=user&region=211&regionCnName=%E7%BE%8E%E5%9B%BD,玩具与游戏
1777254259608,temu,605509738432614,https://img.kwcdn.com/product/fancy/124af942-d346-4484-851c-6f19afd60f48.jpg,8件装烟花水枪玩具套装，浪漫烟花水枪，可伸缩水枪套装，户外沙滩戏水玩具，是家庭娱乐和户外游戏的理想之选,2026-03-24T05:11:07.851+00:00,500,469,全托,美国,https://www.temu.com/search_result.html?search_key=605509738432614&search_method=user&region=211&regionCnName=%E7%BE%8E%E5%9B%BD,玩具与游戏
1777254259608,temu,605815486417806,https://img.kwcdn.com/product/fancy/d2eb6ec6-3056-46a5-ba49-febd13dd1190.jpg,6/10/20件套小龙与蛋 - 可动动作人偶模型套装（3/5/10龙+3/5/10蛋），耐用塑料奇幻模型收藏品与玩偶礼品，家居室内装饰工艺品。圣诞节日主题装饰，彩色车载展示摆件，办公桌面装饰。馈赠亲友孩童的完美生日礼物,2026-02-21T06:18:07.587+00:00,1822,696,全托,美国,https://www.temu.com/search_result.html?search_key=605815486417806&search_method=user&region=211&regionCnName=%E7%BE%8E%E5%9B%BD,玩具与游戏
1777254259608,temu,601105147473674,https://img.kwcdn.com/product/fancy/3a4c1c07-7091-4899-8dab-9fe87f1b60a8.jpg,Cute Frog Puppet Funny Animal Hand Puppet Soft Stuffed Plush Toy Kawaii Room Decor Suitable for Performance Storytelling Great Birthday Gifts Interactive Puppet for Storytelling,2026-02-05T20:44:06.126+00:00,596,501,全托,美国,https://www.temu.com/search_result.html?search_key=601105147473674&search_method=user&region=211&regionCnName=%E7%BE%8E%E5%9B%BD,玩具与游戏
1777254259608,temu,605721399768001,https://img.kwcdn.com/product/fancy/843421b7-2618-4e76-a312-4b16c990a81c.jpg,4/6 Pack-4 Rows Trading Card Storage Box 3120 Count Collector Cards Box White Sports Card Storage Boxes Card Sorting Tray Cases Cards Collection Trading Cards Box for Soccer Basketball Cards,2026-04-04T08:01:06.983+00:00,328,328,半托,美国,https://www.temu.com/search_result.html?search_key=605721399768001&search_method=user&region=211&regionCnName=%E7%BE%8E%E5%9B%BD,玩具与游戏
1777254259608,temu,605721802426618,https://img.kwcdn.com/product/open/07b967d19fcb403a93f62cc86361c3f6-goods.jpeg,5件套可擦写旅行棋盘，可擦写旅行，车载，可擦写，旅行，含猜字与井字棋 -便携式3.94x3.94英寸，适用于旅行、课堂、家庭教育、派对 - 可擦写表面，适合圣诞、新年、情人节及派对活动的家庭游戏夜满足11个节日中可以使用的产品,2026-03-23T02:46:05.952+00:00,1475,1093,全托,美国,https://www.temu.com/search_result.html?search_key=605721802426618&search_method=user&region=211&regionCnName=%E7%BE%8E%E5%9B%BD,玩具与游戏
1777254259608,temu,605781797788589,https://img.kwcdn.com/product/fancy/08327552-e59b-4e32-a94b-2637555ac544.jpg,"Math – 100 Days of Fractions, And Telling The Time: Workbook for Children to Learn How to Tell Time Workbook Ages 3+ – – Grades K-4 – Reproducible Practice 100 Pages",2026-04-11T16:08:36.330+00:00,610,610,全托,美国,https://www.temu.com/search_result.html?search_key=605781797788589&search_method=user&region=211&regionCnName=%E7%BE%8E%E5%9B%BD,玩具与游戏
1777254259608,temu,606209079896039,https://img.kwcdn.com/product/fancy/263db8ef-75b7-4ab7-bd25-1a21f890f05c.jpg,互动刺猬玩具 | 重点培养精细运动技能，7键手眼协调教育按压玩具，帮助宝宝提高手指灵活性和集中力 - 适合派对和特殊场合，非电子产品,2026-02-09T02:40:42.978+00:00,2648,2006,全托,美国,https://www.temu.com/search_result.html?search_key=606209079896039&search_method=user&region=211&regionCnName=%E7%BE%8E%E5%9B%BD,玩具与游戏
1777254259609,temu,606560461893210,https://img.kwcdn.com/product/fancy/1dcbc703-013e-4fd8-a3bc-675b5b4b414e.jpg,迷你置物架与甜点展示套装，含精致分层设计，微缩仿真超市娃娃屋装饰，饮品零食展示架模型，适用于桌面展示柜、娃娃收藏家、精细工艺、模型家具、建筑套件,2026-03-01T16:41:15.696+00:00,909,684,全托,美国,https://www.temu.com/search_result.html?search_key=606560461893210&search_method=user&region=211&regionCnName=%E7%BE%8E%E5%9B%BD,玩具与游戏
1777254259609,temu,606335647220967,https://img.kwcdn.com/product/fancy/7fd85ce3-48fa-4fd3-a912-6bd562d6e34d.jpg,"60-Inch X-Large Inflatable Water Tank Pool Float for Adults, Blow-Up Ride-On with Spray Guns And 16'' Beach Ball, Swimming Pool Floaty for Outdoor Lake River, Friends Family Battle Floating Rafts Party Toys, Summer Beach Water Fun Games Floaties",2026-02-24T11:33:56.831+00:00,619,425,半托,美国,https://www.temu.com/search_result.html?search_key=606335647220967&search_method=user&region=211&regionCnName=%E7%BE%8E%E5%9B%BD,玩具与游戏
1777254259609,temu,606368060818922,https://img.kwcdn.com/product/fancy/d3c32a52-608c-4262-a98d-e02f17a1944d.jpg,"柔软捏捏玩具,适合成人和儿童缓解放松球,课堂奖励玩具礼品和复活节篮子填充物",2026-03-30T03:38:18.214+00:00,1126,1020,全托,美国,https://www.temu.com/search_result.html?search_key=606368060818922&search_method=user&region=211&regionCnName=%E7%BE%8E%E5%9B%BD,玩具与游戏
1777254259609,temu,606478119332015,https://img.kwcdn.com/product/fancy/6b1f033f-8594-4d7a-b49a-7b1e479d7170.jpg,日光浴泳池漂浮躺椅，40.5英寸x45.6英寸 网眼PVC水上吊床，漂浮躺椅水上沙发沙滩垫，适用于泳池海滩 的漂浮躺椅，带枕头的水上躺椅。,2026-03-23T09:38:18.641+00:00,474,469,半托,美国,https://www.temu.com/search_result.html?search_key=606478119332015&search_method=user&region=211&regionCnName=%E7%BE%8E%E5%9B%BD,玩具与游戏
1777254259609,temu,602855020839112,https://img.kwcdn.com/local-goods-image/a8acc8f8/de1fb4e4-7521-41ac-a674-cf2dd20ccac4.jpeg,韩国版 Pokémon TCG：伊维斯英雄增强包,2026-03-02T03:22:42.117+00:00,1579,1111,半托,美国,https://www.temu.com/search_result.html?search_key=602855020839112&search_method=user&region=211&regionCnName=%E7%BE%8E%E5%9B%BD,玩具与游戏
1777254259609,temu,605874139586335,https://img.kwcdn.com/product/open/d3dc9fc7c9554b33aa88f02eb0e2322b-goods.jpeg,1件装动物按压点读配对游戏玩具 - 适合男孩女孩的数字/字母配对，耐用ABS材质学习游戏，锻炼手眼协调与反应速度，趣味生日礼物,2026-04-13T02:43:36.764+00:00,326,326,全托,美国,https://www.temu.com/search_result.html?search_key=605874139586335&search_method=user&region=211&regionCnName=%E7%BE%8E%E5%9B%BD,玩具与游戏
1777254259609,temu,606226863734398,https://img.kwcdn.com/product/open/6ddc01fd8d3b4c3cbe7638cf3d456b58-goods.jpeg,专业国际象棋套装，包含33件，包括16个黑色棋子、16个白色棋子和1个棋盘。采用优质礼盒包装，非常适合旅行，也是国际象棋爱好者的绝佳选择,2026-04-02T12:53:23.750+00:00,796,796,全托,美国,https://www.temu.com/search_result.html?search_key=606226863734398&search_method=user&region=211&regionCnName=%E7%BE%8E%E5%9B%BD,玩具与游戏
1777254259609,temu,601104643565051,https://img.kwcdn.com/product/open/8d51877135714c79ae0b235be48aa63a-goods.jpeg,103件装鼠尾草绿金色气球拱门套装，含18/10/5英寸鼠尾草绿、沙白、金色乳胶气球，适用于60岁生日主题派对装饰、家庭聚会布置、影楼摄影背景、各类节日摄影背景、圣诞派对装饰、新年夜、情人节派对、毕业典礼背景墙、圣诞节、新年庆典、元旦、运动主题派对装饰,2026-01-15T04:51:24.724+00:00,2401,347,全托,美国,https://www.temu.com/search_result.html?search_key=601104643565051&search_method=user&region=211&regionCnName=%E7%BE%8E%E5%9B%BD,玩具与游戏
1777254259609,temu,605644358821249,https://img.kwcdn.com/product/fancy/c82d5893-4ed2-4611-8e98-b2b70d4108c4.jpg,"54pcs Custom Photo Playing Cards, Personalized Wedding Poker Deck, Customized Beach Wedding Photo Gift for Bride and Groom, Unique Anniversary Keepsake",2026-04-01T01:51:34.527+00:00,780,780,全托,美国,https://www.temu.com/search_result.html?search_key=605644358821249&search_method=user&region=211&regionCnName=%E7%BE%8E%E5%9B%BD,玩具与游戏
1777254259609,temu,605656975255543,https://img.kwcdn.com/product/fancy/6d749d53-d0fe-4dbc-ad53-bbab67768752.jpg,54件1副迷你创意扑克牌模型套装，装饰摆件旅行游戏，小扑克牌，适合新奇派对游戏和礼物，扑克配件，手工制作，新奇派对游戏,2026-04-15T15:05:10.500+00:00,1525,960,全托,美国,https://www.temu.com/search_result.html?search_key=605656975255543&search_method=user&region=211&regionCnName=%E7%BE%8E%E5%9B%BD,玩具与游戏
1777254259609,temu,606543483399400,https://img.kwcdn.com/product/fancy/5f6004bd-dd25-469f-ae1b-74ec70d28f70.jpg,沐浴玩具，可爱橡皮鸭玩具，色彩鲜艳、经久耐用、可漂浮且互动性强的婴儿洗澡玩具，是馈赠儿童的完美礼物，让洗澡时光充满欢乐，男孩玩具，女孩玩具,2026-02-06T08:22:33.915+00:00,945,604,全托,美国,https://www.temu.com/search_result.html?search_key=606543483399400&search_method=user&region=211&regionCnName=%E7%BE%8E%E5%9B%BD,母婴用品
1777254259609,temu,601103687666072,https://img.kwcdn.com/product/fancy/97619bfd-e862-4075-a1e5-ffc9983101f8.jpg,立方体雪花挤压玩具 ，蓝冰方块挤压玩具，美观慢回弹捏捏乐玩具- 柔软挤压玩具，适合课堂奖品、万圣节/圣诞节/复活节派对礼物，最佳圣诞佳选,2026-03-26T09:27:56.136+00:00,2839,2751,全托,美国,https://www.temu.com/search_result.html?search_key=601103687666072&search_method=user&region=211&regionCnName=%E7%BE%8E%E5%9B%BD,玩具与游戏
1777254259609,temu,605787703335592,https://img.kwcdn.com/product/fancy/93534266-49a0-4b5b-bea6-cd382f65f003.jpg,自动填充电动水枪，带LED灯光秀的脉冲喷射水枪，40英尺远距离快速射击水枪，USB可充电大容量水枪，适合儿童和成人，成人水枪适用于游泳池、沙滩、后院,2026-03-20T21:49:55.284+00:00,457,380,半托,美国,https://www.temu.com/search_result.html?search_key=605787703335592&search_method=user&region=211&regionCnName=%E7%BE%8E%E5%9B%BD,玩具与游戏
1777254259609,temu,606359672184727,https://img.kwcdn.com/product/fancy/692dcabb-1af2-4644-b7be-139e31f0e233.jpg,成人数独拼图：中等到非常困难的数独拼图，用于放松、缓解压力和大脑训练,2026-03-05T12:54:59.484+00:00,1710,750,全托,美国,https://www.temu.com/search_result.html?search_key=606359672184727&search_method=user&region=211&regionCnName=%E7%BE%8E%E5%9B%BD,玩具与游戏
1777254259609,temu,606594888792529,https://img.kwcdn.com/product/fancy/c4bf98d5-1f94-4097-900b-bd73d83c4b13.jpg,全视觉幸运币 | 777 数字幸运币 | 财富赐福英雄 | 宇宙与命运对齐纪念币 | 精美雕刻的神秘符号和星星图案 | 财富、财运和勇气的象征 | 适合作为收藏品,2026-04-12T21:57:32.834+00:00,309,309,半托,美国,https://www.temu.com/search_result.html?search_key=606594888792529&search_method=user&region=211&regionCnName=%E7%BE%8E%E5%9B%BD,玩具与游戏
1777254259609,temu,601101594336138,https://img.kwcdn.com/product/fancy/a8205eac-138a-4aa4-8f8b-aeae7ee28264.jpg,4/8/20个装 32英寸 充气剑 充气海盗剑 海盗派对礼物，适用于主题派对生日游泳Cosplay万圣节服装配饰舞台道具,2025-10-09T08:46:07.694+00:00,15000,539,半托,美国,https://www.temu.com/search_result.html?search_key=601101594336138&search_method=user&region=211&regionCnName=%E7%BE%8E%E5%9B%BD,玩具与游戏
1777254259609,temu,605619796935629,https://img.kwcdn.com/product/fancy/81bc77c5-e7b4-4e28-a0d5-32cd10cdd6bd.jpg,玩具槍，模擬連續射擊軟彈，重 850G，包含 50 顆彈頭和 16 個彈殼，850G，生日禮物，萬聖節和聖誕節最佳禮物，長槍,2026-03-23T01:59:13.722+00:00,916,690,全托,美国,https://www.temu.com/search_result.html?search_key=605619796935629&search_method=user&region=211&regionCnName=%E7%BE%8E%E5%9B%BD,玩具与游戏
1777254259609,temu,606014397072236,https://img.kwcdn.com/product/open/7777fa51050445ee9958beef15d30a2c-goods.jpeg,"1pc Big Cat Paw Squeeze Toys, Ultra Soft Cat Paw Squishy Toy, Squeeze Paw Fidget Toys for Anxiety Relaxation, Cute Sticky Squishies for Kids, Perfect Gifts for Easter Basket Fillers, Ramadan Birthday Gifts, Office Leisure, Desk Accessary",2026-03-17T08:01:33.413+00:00,706,513,全托,美国,https://www.temu.com/search_result.html?search_key=606014397072236&search_method=user&region=211&regionCnName=%E7%BE%8E%E5%9B%BD,玩具与游戏
1777254259609,temu,606022852787698,https://img.kwcdn.com/product/fancy/04b3808b-ea49-4286-a020-0a84159da393.jpg,12枚套装【6枚纪念币+6个亚克力保护盒】2026年美国独立250周年纪念章套装 - 1776-2026年复刻币，附赠塑料盒与鹰形挑战币徽章,2026-03-24T14:53:09.110+00:00,1649,1558,半托,美国,https://www.temu.com/search_result.html?search_key=606022852787698&search_method=user&region=211&regionCnName=%E7%BE%8E%E5%9B%BD,玩具与游戏
1777254259609,temu,606198946479892,https://img.kwcdn.com/product/fancy/e6b5d296-b7c3-4174-abff-4a90f4ebc292.jpg,20块娃娃屋迷你仿真地板，玩偶屋diy配件微缩模型，1：12比例模型屋装修场景装饰摆件和摄影道具，微景观手工工艺品，节日送礼完美选择，沙盘模型收藏品,2026-03-31T09:09:55.110+00:00,739,739,全托,美国,https://www.temu.com/search_result.html?search_key=606198946479892&search_method=user&region=211&regionCnName=%E7%BE%8E%E5%9B%BD,玩具与游戏
1777254259609,temu,606404970702838,https://img.kwcdn.com/product/fancy/1c9e2ce2-7788-4c5c-be85-d0309147ad72.jpg,3D立体浮雕硬币 美国250周年纪念币 白头海雕硬币 1776——2026周年纪念币 新奇纪念币 双面历史设计收藏级纪念币，250年历史纪念礼品，适用于圣诞、万圣节、情人节 礼品和展示,2026-02-12T06:40:56.502+00:00,2602,702,全托,美国,https://www.temu.com/search_result.html?search_key=606404970702838&search_method=user&region=211&regionCnName=%E7%BE%8E%E5%9B%BD,玩具与游戏
1777254259609,temu,606533014389849,https://img.kwcdn.com/product/open/367b0b7626064fba856bc78c95b5f2a1-goods.jpeg,数字填色涂色书：数字趣味涂色（加减法主题），绘画教程，绘画学习用品，适合儿童学习绘画,2026-03-24T10:24:52.808+00:00,573,508,全托,美国,https://www.temu.com/search_result.html?search_key=606533014389849&search_method=user&region=211&regionCnName=%E7%BE%8E%E5%9B%BD,玩具与游戏
1777254259609,temu,601100232844958,https://img.kwcdn.com/product/fancy/d3e13f03-0e37-49f3-9336-90eb4213af45.jpg,24个粉红色和白色乳胶气球，带有“最好的妈妈”和“快乐母亲节”的信息，12英寸玫瑰和桃子设计，完美用于母亲节派对装饰，派对气球|节日气球簇|乳胶气球套装，母亲节礼物给妈妈,2026-03-02T14:08:08.624+00:00,634,380,全托,美国,https://www.temu.com/search_result.html?search_key=601100232844958&search_method=user&region=211&regionCnName=%E7%BE%8E%E5%9B%BD,玩具与游戏
1777254259609,temu,601105601258594,https://img.kwcdn.com/product/algo_check/auto/c7c279c7d037d94738907878cd20f8dc_1764575640705.jpg,4-Pack Retractable 4-Section Large Trumpet Cheerleading Props (Random Colors),2026-03-17T13:39:20.610+00:00,586,519,全托,美国,https://www.temu.com/search_result.html?search_key=601105601258594&search_method=user&region=211&regionCnName=%E7%BE%8E%E5%9B%BD,玩具与游戏
1777254259609,temu,605890245710425,https://img.kwcdn.com/product/open/cd819cada70f48fcb521963f8f7d508a-goods.jpeg,丑丑鱼玩具——可挤压玩耍，防水，儿童沐浴玩具。柔软挤压鱼玩具，有助缓解焦虑，满足感官游戏需求。可爱小动物，触感柔软。是节日、办公室礼品及生日礼物的完美选择,2026-04-01T12:11:46.887+00:00,490,490,全托,美国,https://www.temu.com/search_result.html?search_key=605890245710425&search_method=user&region=211&regionCnName=%E7%BE%8E%E5%9B%BD,玩具与游戏
1777254259609,temu,605916686577476,https://img.kwcdn.com/product/fancy/5baf8d48-e25e-4b4b-be2c-5e7185872c68.jpg,24 只ZIRVHINE 2英寸蓝白红独立日小鸭子，专为独立日选的一款鸭子，色系鲜明，独立日派对用品，节日聚会用品 儿童派对礼品 儿童派对礼品包,2026-03-10T11:37:28.219+00:00,674,625,全托,美国,https://www.temu.com/search_result.html?search_key=605916686577476&search_method=user&region=211&regionCnName=%E7%BE%8E%E5%9B%BD,玩具与游戏
1777254259609,temu,605994331528741,https://img.kwcdn.com/product/open/5b33311681864cd582b0d97785859ea4-goods.jpeg,和风CL蜜蜂吸盘玩具套装 - 多色可叠加吸盘堆叠游戏，含蜜蜂角色，亲子互动益智开发礼物，适合男孩女孩 - 浴缸、车载、旅行玩具,2026-02-03T13:56:46.353+00:00,745,367,全托,美国,https://www.temu.com/search_result.html?search_key=605994331528741&search_method=user&region=211&regionCnName=%E7%BE%8E%E5%9B%BD,玩具与游戏
1777254259609,temu,606091438085679,https://img.kwcdn.com/product/fancy/14720161-4e1a-4230-8050-fc90fa564e30.jpg,Thickened PVC Tube Toss Game - A Great Choice for Indoor/Outdoor Parent-Child Interactive Sports,2026-02-13T06:37:50.811+00:00,592,499,全托,美国,https://www.temu.com/search_result.html?search_key=606091438085679&search_method=user&region=211&regionCnName=%E7%BE%8E%E5%9B%BD,玩具与游戏
1777254259609,temu,606116268370424,https://img.kwcdn.com/product/fancy/db8c44d2-dfb8-49fa-8d58-ef80f2b05f64.jpg,"泳池浮圈儿童游泳环,充气游泳管环玩具,沙滩充气管漂浮玩具,适合儿童成人 – 多种颜色和尺寸 – 海滩、湖泊和泳池派对漂浮",2026-03-29T03:08:00.460+00:00,391,391,全托,美国,https://www.temu.com/search_result.html?search_key=606116268370424&search_method=user&region=211&regionCnName=%E7%BE%8E%E5%9B%BD,玩具与游戏
1777254259609,temu,606214649948767,https://img.kwcdn.com/product/fancy/6619668b-8828-44f2-8d2e-11273290b5ae.jpg,15件装可拉伸狗狗玩具套装，多功能可塑形礼品包，适用于派对与生日——儿童礼品，随机颜色——趣味狗狗造型设计，是课堂奖品与派对赠品的完美选择。适合作为圣诞节与万圣节礼物,2026-03-29T18:25:24.308+00:00,940,870,全托,美国,https://www.temu.com/search_result.html?search_key=606214649948767&search_method=user&region=211&regionCnName=%E7%BE%8E%E5%9B%BD,玩具与游戏
1777254259609,temu,606243104098154,https://img.kwcdn.com/product/open/71c0095a38ef494a86b419c054c58efb-goods.jpeg,1个超大尺寸 Taba 草莓猫爪，安全TPR材质，Fufu squishy 感官减压指尖玩具，适合办公室休闲| 猫玩具| 学校用品| 新年| 生日| 派个礼物| 猫玩具 |嘉年华奖品| 情人节礼物| 斋月礼物| Eas,2026-03-27T04:43:21.795+00:00,791,641,全托,美国,https://www.temu.com/search_result.html?search_key=606243104098154&search_method=user&region=211&regionCnName=%E7%BE%8E%E5%9B%BD,玩具与游戏
1777254259609,temu,606455772108799,https://img.kwcdn.com/product/fancy/9b58839e-06ef-4b82-b2db-9c4f96d0697e.jpg,模型道具 | 适合模型收藏家、节日礼物、办公桌装饰、新年礼物、混合颜色、其他材质,2026-02-07T16:55:32.711+00:00,895,514,全托,美国,https://www.temu.com/search_result.html?search_key=606455772108799&search_method=user&region=211&regionCnName=%E7%BE%8E%E5%9B%BD,玩具与游戏
1777254259609,temu,606464160679347,https://img.kwcdn.com/product/open/7c111ba457964c329204a6925d7e5670-goods.jpeg,哈利波特魔法学院院徽挂旗 斯特莱林/格兰芬多/拉文克劳/赫奇帕奇 主题派对背景布置+宿舍节日装饰 魔法世界粉丝收藏必备,2026-03-28T18:50:46.754+00:00,1283,870,全托,美国,https://www.temu.com/search_result.html?search_key=606464160679347&search_method=user&region=211&regionCnName=%E7%BE%8E%E5%9B%BD,玩具与游戏
1777254259609,temu,606150225451335,https://img.kwcdn.com/product/fancy/b600459b-15de-4f6b-a624-7698bc007333.jpg,1/6 BJD 娃娃专用传统迷你乐福鞋，时尚配饰，兼容 Azone/Obitsu 22/24/26 身体，娃娃鞋,2026-03-27T18:49:38.328+00:00,544,544,全托,美国,https://www.temu.com/search_result.html?search_key=606150225451335&search_method=user&region=211&regionCnName=%E7%BE%8E%E5%9B%BD,玩具与游戏
1777254259609,temu,606436780287695,https://img.kwcdn.com/product/open/028cd57b4bf0440686b0571dbdd899d6-goods.jpeg,60PCS青蛙平衡数学玩具 - 绿色塑料，互动的重量堆叠和计数游戏，适合年轻人，理想的逻辑思维和智力发展，教育玩具 | 互动学习 | 数学玩具、节日/生日礼物,2026-04-10T02:13:56.094+00:00,309,309,全托,美国,https://www.temu.com/search_result.html?search_key=606436780287695&search_method=user&region=211&regionCnName=%E7%BE%8E%E5%9B%BD,玩具与游戏
1777254259609,temu,605602080220719,https://img.kwcdn.com/product/fancy/b41e7505-a6de-436a-97f1-97d43f88f015.jpg,儿童泡沫水枪 2支/4支/6支装，泳池沙滩水上玩具，远射程泡沫水枪，夏日派对与海滩日乐趣，适合儿童户外玩耍玩具,2026-03-26T01:56:52.171+00:00,320,313,全托,美国,https://www.temu.com/search_result.html?search_key=605602080220719&search_method=user&region=211&regionCnName=%E7%BE%8E%E5%9B%BD,玩具与游戏
1777254259609,temu,605664961219075,https://img.kwcdn.com/product/fancy/ebf96b17-403b-4212-b5f6-40a8f3181b7f.jpg,8层立体停车场轨道套装，高23.62inch（含2辆赛车、弯道漂移道与直升机停机坪），DIY组装益智玩具，促进亲子互动与手眼协调，适合作为男孩女孩的生日圣诞礼物,2026-02-05T02:38:41.642+00:00,894,735,全托,美国,https://www.temu.com/search_result.html?search_key=605664961219075&search_method=user&region=211&regionCnName=%E7%BE%8E%E5%9B%BD,玩具与游戏
1777254259609,temu,605726030299788,https://img.kwcdn.com/product/open/5b7a2831482d4a2f81a36edc4b3f8178-goods.jpeg,一对迷你手可以让任何人高兴。这些恶作剧礼物使用假小手，用于服装和实用恶作剧,2026-03-01T17:00:37.300+00:00,345,344,半托,美国,https://www.temu.com/search_result.html?search_key=605726030299788&search_method=user&region=211&regionCnName=%E7%BE%8E%E5%9B%BD,玩具与游戏
1777254259609,temu,605979567605755,https://img.kwcdn.com/product/fmket/5bd9d58c3eb715016e8eca5eb9a76e3e.jpg,1件装3D打印螺旋锥玩具，14岁以上青少年和成人的时尚解压弹出树，专注力辅助工具，手持解压玩具，耐用塑料，高品质打印，弹性解压玩具，办公室职员，ADHD专注力工具,2026-02-01T10:10:33.152+00:00,1162,350,全托,美国,https://www.temu.com/search_result.html?search_key=605979567605755&search_method=user&region=211&regionCnName=%E7%BE%8E%E5%9B%BD,玩具与游戏
1777254259609,temu,606407923498755,https://img.kwcdn.com/product/fancy/47b60651-766f-475a-89ce-5ae450b11634.jpg,2/3个波点沙滩球，可充气PVC水上游戏球，多彩条纹球，户外泳池沙滩派对装饰充气球，适用于户外活动。趣味沙滩玩具球，派对与生日礼品套装，学校奖品，以及户外夏日活动的趣味玩具,2026-03-28T07:52:03.769+00:00,530,530,全托,美国,https://www.temu.com/search_result.html?search_key=606407923498755&search_method=user&region=211&regionCnName=%E7%BE%8E%E5%9B%BD,玩具与游戏
1777254259609,temu,606572273092227,https://img.kwcdn.com/product/fancy/084590c9-2388-43c0-be3b-13c0843fc4d5.jpg,3D雕刻纪念币，美国250周年纪念币，精美收藏硬币，历史爱好者收藏硬币，纪念礼物,2026-02-01T17:37:05.488+00:00,2808,1408,全托,美国,https://www.temu.com/search_result.html?search_key=606572273092227&search_method=user&region=211&regionCnName=%E7%BE%8E%E5%9B%BD,玩具与游戏
1777254259609,temu,605835149292775,https://img.kwcdn.com/product/fancy/eaa49a49-6acb-434c-8bf9-015cdba0320c.jpg,几何扣环儿童益智类玩具拼接圆环儿童益智玩具解闷连环扣亲子互动,2026-02-06T11:57:43.316+00:00,1112,341,全托,美国,https://www.temu.com/search_result.html?search_key=605835149292775&search_method=user&region=211&regionCnName=%E7%BE%8E%E5%9B%BD,玩具与游戏
1777254259609,temu,605945543375462,https://img.kwcdn.com/product/fancy/651945de-74b5-4d1a-aeef-9978a5d391cc.jpg,JXJ橡胶小鸭 - 20/100/200只装 2英寸儿童漂浮鸭子 - 沐浴玩具套装 - 派对礼品、生日、洗澡玩耍，男女童适用，复活节、万圣节、感恩节、圣诞节及生日礼物的理想选择,2026-04-07T00:27:37.508+00:00,376,376,半托,美国,https://www.temu.com/search_result.html?search_key=605945543375462&search_method=user&region=211&regionCnName=%E7%BE%8E%E5%9B%BD,玩具与游戏
1777254259609,temu,606064728732262,https://img.kwcdn.com/product/fancy/3f6ce5dd-2559-4870-ab76-2a555e76e3c3.jpg,6/9件装充气六色沙滩球，儿童玩具，户外沙滩游戏彩虹沙滩球，PVC加厚便携可折叠圆球，适用于泳池和沙滩上的多人运动派对,2026-03-27T10:56:05.288+00:00,369,355,全托,美国,https://www.temu.com/search_result.html?search_key=606064728732262&search_method=user&region=211&regionCnName=%E7%BE%8E%E5%9B%BD,玩具与游戏
1777254259609,temu,606344572710270,https://img.kwcdn.com/product/fancy/20975a15-11c7-4215-87d8-ad2a7fc16caa.jpg,"The Upgraded Quadcopter In 2026 Features Regular Remote Control And Screen Control, Dual 4K Cameras, Obstacle Avoidance, Brushless Motors, And Foldable Remote Control. It Comes In Three Models: Standard Edition (without Screen)",2026-03-12T15:13:58.001+00:00,1300,1156,半托,美国,https://www.temu.com/search_result.html?search_key=606344572710270&search_method=user&region=211&regionCnName=%E7%BE%8E%E5%9B%BD,玩具与游戏
1777254259609,temu,606509392083517,https://img.kwcdn.com/product/open/a3072cdde3c74dedbe65b37e39e9a38f-goods.jpeg,"Snake Egg Set Articulated Figure Statue, 3D Printed - Poseable Joint Doll Toy, Random Color, Dragon Egg, Garden Decoration - Desktop Collectible Ornament - Holiday Birthday Gift - Christmas, Halloween, and Easter Gift, Regional",2026-03-19T16:32:09.154+00:00,1100,492,全托,美国,https://www.temu.com/search_result.html?search_key=606509392083517&search_method=user&region=211&regionCnName=%E7%BE%8E%E5%9B%BD,玩具与游戏
1777254259609,temu,601103597357963,https://img.kwcdn.com/product/fancy/2ab6b57b-f908-47b5-bc3f-6cd361a58679.jpg,磁性积木套装，教育用ABS建筑玩具，STEM感官游戏，适合儿童，创意生日、万圣节、圣诞节礼物,2026-03-11T03:02:50.910+00:00,1043,750,全托,美国,https://www.temu.com/search_result.html?search_key=601103597357963&search_method=user&region=211&regionCnName=%E7%BE%8E%E5%9B%BD,玩具与游戏
1777254259609,temu,605829579284221,https://img.kwcdn.com/product/fancy/730e8fa4-c4fe-482d-a4bf-67569992c927.jpg,"28/48/68pcs - 1 Set Large Macaron Magnetic Designer Building Block Set, Magnetic Building Blocks Toy, Magnetic Blocks for Kids, Educational Toy, Birthday Gift, Random Colors, Christmas Stocking Stuffer, Suitable for Boys and Girls, STEM Educational",2026-03-28T04:55:20.235+00:00,1200,750,全托,美国,https://www.temu.com/search_result.html?search_key=605829579284221&search_method=user&region=211&regionCnName=%E7%BE%8E%E5%9B%BD,玩具与游戏
1777254259609,temu,605831525416487,https://img.kwcdn.com/product/fmket/bebbd7831f99e48d4e025bab8f983e40.jpg,15个3D迷宫儿童益智玩具 | 迷你滚球手动游戏益智玩具，教育解压玩具，新奇创意生日派对礼物，课堂奖品，混合颜色，方形,2026-02-07T13:14:06.229+00:00,1360,873,全托,美国,https://www.temu.com/search_result.html?search_key=605831525416487&search_method=user&region=211&regionCnName=%E7%BE%8E%E5%9B%BD,玩具与游戏
1777254259609,temu,605838840323296,https://img.kwcdn.com/product/open/04b2e234532b4286b1c27e08b1a597e8-goods.jpeg,2件手腕水枪，蜘蛛发射器沙滩玩具，安全材质户外戏水，夏日泳池派对礼物（适合男孩女孩）,2026-03-25T04:11:41.946+00:00,449,419,全托,美国,https://www.temu.com/search_result.html?search_key=605838840323296&search_method=user&region=211&regionCnName=%E7%BE%8E%E5%9B%BD,玩具与游戏
1777254259609,temu,605888567997914,https://img.kwcdn.com/product/open/c0864d591a984e43836430ae34fdd5f0-goods.jpeg,2 雅威活水信仰币 双面宗教收藏品，金色调希伯来经文设计，理想礼物，适合圣诞节、情人节、万圣节礼物和学习纪念品、派对礼品,2026-03-01T05:58:23.200+00:00,1528,845,半托,美国,https://www.temu.com/search_result.html?search_key=605888567997914&search_method=user&region=211&regionCnName=%E7%BE%8E%E5%9B%BD,玩具与游戏
1777254259609,temu,606517982029287,https://img.kwcdn.com/product/fancy/c7f341a2-7ef0-48eb-a23f-d8cbb372938c.jpg,1:12微缩小模型家具，褐色架空床头柜，鞋架，小巧精致，复古微缩家居场景装设，玩具屋装设摆件，创意的家居礼物,2026-03-11T18:18:07.352+00:00,644,451,全托,美国,https://www.temu.com/search_result.html?search_key=606517982029287&search_method=user&region=211&regionCnName=%E7%BE%8E%E5%9B%BD,玩具与游戏
1777254259609,temu,606595694090738,https://img.kwcdn.com/product/fancy/dee60bd8-d334-4ed8-817b-621b47afbb15.jpg,1/2件装 挤压玩具套装，含流动图案冰块与蓝色海洋冰块。挤压玩具——儿童派对礼品包，内部柔软，适合作为儿童派对礼品，促进精细动作技能发展——结构耐用——派对折扣（颜色随机），趣味设计适用于节日聚会，采用优质材料。可作为万圣节、圣诞节、复活节礼物及儿童派对礼品,2026-04-02T00:57:24.068+00:00,802,750,全托,美国,https://www.temu.com/search_result.html?search_key=606595694090738&search_method=user&region=211&regionCnName=%E7%BE%8E%E5%9B%BD,玩具与游戏
1777254259609,temu,601103845802783,https://img.kwcdn.com/product/fmket/26daa9c8b4ba4bf672a225e3d66c22f1.jpg,便携式18.5英寸儿童足球门，高度可调 - 易于组装的室内/室外足球网，适合男孩和女孩，坚固框架配柔软边缘，轻量化运动玩具，适用于后院、游乐场、生日派对游戏 - 理想礼物,2026-02-13T02:30:20.531+00:00,529,529,全托,美国,https://www.temu.com/search_result.html?search_key=601103845802783&search_method=user&region=211&regionCnName=%E7%BE%8E%E5%9B%BD,玩具与游戏
1777254259609,temu,605552755215315,https://img.kwcdn.com/product/fancy/73cc330c-b164-489b-b2a6-d1393c60a539.jpg,"Toy Made of Wooden Stacking Blocks, a Game for Sorting Shapes with Color And Shape Matching, Designed to Enhance Fine Motor Skills, Safe For, an Educational Puzzle, Perfect As a Learning Tower for Christmas",2026-02-14T07:07:14.750+00:00,2100,1124,半托,美国,https://www.temu.com/search_result.html?search_key=605552755215315&search_method=user&region=211&regionCnName=%E7%BE%8E%E5%9B%BD,母婴用品
1777254259609,temu,605584766161733,https://img.kwcdn.com/product/fancy/aba135e7-b81c-48be-b360-16daa79584bd.jpg,1本可爱神秘生物森林涂色书 -24页厚纸，完美适合创意放松与趣味手工 - 是送给家人，孩子和朋友的完美礼物，适合万圣节、感恩节，情人节、圣诞节，生日，新年等节日聚会赠送。,2026-03-30T01:21:32.079+00:00,410,410,全托,美国,https://www.temu.com/search_result.html?search_key=605584766161733&search_method=user&region=211&regionCnName=%E7%BE%8E%E5%9B%BD,玩具与游戏
1777254259609,temu,605852866029125,https://img.kwcdn.com/product/open/9207d60a286148b7b1d1b191f9e5f3f0-goods.jpeg,13PCS/16PCS/19PCS呆萌可爱迷你龙3D打印装饰品，独特可爱的家居装饰、办公室装饰与汽车摆件，适合万圣节、复活节、圣诞节、父亲节、母亲节、生日派对的礼物,2026-03-04T13:36:25.714+00:00,605,306,全托,美国,https://www.temu.com/search_result.html?search_key=605852866029125&search_method=user&region=211&regionCnName=%E7%BE%8E%E5%9B%BD,玩具与游戏
1777254259609,temu,606072714675682,https://img.kwcdn.com/product/open/65e55ce71c1b460ca973c205e7f6f67b-goods.jpeg,紫外线激活夜光3D打印蛇形机器人——柔性可摆姿势机身，适用于夜光照明，紫外线吸收发光，可作为办公室装饰、暗室、派对的新奇收藏礼品（无需修改）,2026-03-25T15:14:04.594+00:00,587,537,半托,美国,https://www.temu.com/search_result.html?search_key=606072714675682&search_method=user&region=211&regionCnName=%E7%BE%8E%E5%9B%BD,玩具与游戏
1777254259609,temu,606419600424542,https://img.kwcdn.com/product/fancy/ac585c65-d462-48c5-b228-e0f2586a55c8.jpg,3件装仿真蛋糕揉捏玩具，柔软慢回弹，解压捏捏乐，趣味设计派对礼品,2026-04-15T22:58:07.367+00:00,305,305,全托,美国,https://www.temu.com/search_result.html?search_key=606419600424542&search_method=user&region=211&regionCnName=%E7%BE%8E%E5%9B%BD,玩具与游戏
1777254259609,temu,606531504454595,https://img.kwcdn.com/product/open/a360a27a2ade47b281b81dfc981f64b6-goods.jpeg,趣味按压玩具，鸭头可360度旋转，摇摇晃晃的鸭子经久耐用且抗摔，婴幼儿爬行期卡通发条鸭子儿童益智玩具，派对/万圣节/圣诞节/新年礼物,2026-02-09T14:16:50.732+00:00,811,424,全托,美国,https://www.temu.com/search_result.html?search_key=606531504454595&search_method=user&region=211&regionCnName=%E7%BE%8E%E5%9B%BD,玩具与游戏
1777254259609,temu,606542006946860,https://img.kwcdn.com/product/open/634ebf05a95442d28331dbf4c1abcb1b-goods.jpeg,解压捏捏方块、儿童放松减压球、冰感捏捏方糖球、自闭症与焦虑症儿童感官玩具、课堂奖励用指尖玩具,2026-03-31T00:51:38.907+00:00,3698,720,全托,美国,https://www.temu.com/search_result.html?search_key=606542006946860&search_method=user&region=211&regionCnName=%E7%BE%8E%E5%9B%BD,玩具与游戏
1777254259609,temu,606583748702526,https://img.kwcdn.com/product/fancy/f26c40d0-36f5-4f42-b850-389b2b36fe22.jpg,48件赛车玩具套装｜3岁以上儿童适用｜回力小车+四层停车场+赛道地图｜男孩生日节日礼物,2026-02-18T19:10:03.015+00:00,985,563,半托,美国,https://www.temu.com/search_result.html?search_key=606583748702526&search_method=user&region=211&regionCnName=%E7%BE%8E%E5%9B%BD,玩具与游戏
1777254259609,temu,601102947124289,https://img.kwcdn.com/product/fancy/7da94d90-52ed-4c71-937f-e20fd69b5536.jpg,全自动儿童玩具泡泡枪，手持式泡泡机，出泡量大，一秒出泡不费劲，两种颜色可选，适用于各种节日欢庆，户外玩耍、亲子互动等（不含电池和泡泡液）,2026-03-25T01:22:32.079+00:00,445,445,全托,美国,https://www.temu.com/search_result.html?search_key=601102947124289&search_method=user&region=211&regionCnName=%E7%BE%8E%E5%9B%BD,玩具与游戏
1777254259609,temu,601105688276081,https://img.kwcdn.com/product/fancy/a42402ff-ec51-4fce-b4dc-ad5497e2f99b.jpg,婴儿呼吸训练玩具，宝宝吹口哨小鸟玩具，洗澡时光乐趣，感官游戏婴儿用品，促进肺部发育，独特的圣诞万圣节生日礼物,2026-02-27T10:07:46.169+00:00,1119,866,全托,美国,https://www.temu.com/search_result.html?search_key=601105688276081&search_method=user&region=211&regionCnName=%E7%BE%8E%E5%9B%BD,玩具与游戏
1777254259609,temu,605679993586567,https://img.kwcdn.com/product/fancy/86db192f-e7e7-4b0c-b76b-0ff0ec93b011.jpg,炫彩四色手持球 - 振动抓握玩具，带音乐符号，采用空心结构设计，易于握持，非常适合婴儿早期发展，绝佳节日礼物,2026-02-09T17:25:47.713+00:00,1118,877,全托,美国,https://www.temu.com/search_result.html?search_key=605679993586567&search_method=user&region=211&regionCnName=%E7%BE%8E%E5%9B%BD,玩具与游戏
1777254259609,temu,605784482141596,https://img.kwcdn.com/product/fancy/f17d80da-6d77-446d-a1a5-ea46b026fc41.jpg,mini方块麦芽糖捏捏乐 Q弹慢回弹，治愈所有不开心 手感软糯不粘手，无聊必备小玩具 颜色通透好看，拍照出片，送礼自留都合适,2026-03-29T17:48:31.855+00:00,410,410,全托,美国,https://www.temu.com/search_result.html?search_key=605784482141596&search_method=user&region=211&regionCnName=%E7%BE%8E%E5%9B%BD,玩具与游戏
1777254259609,temu,605820989346441,https://img.kwcdn.com/product/open/f9c36bb9b0ac46a39abe977812febba0-goods.jpeg,3个装，1盎司 99% 纯银鹰雕像 - 全新设计，密封包装，高品质末端，耐用防腐蚀金属，自制珠宝制作，家居装饰，工艺材料，收藏礼品,2026-03-20T19:17:57.700+00:00,353,353,半托,美国,https://www.temu.com/search_result.html?search_key=605820989346441&search_method=user&region=211&regionCnName=%E7%BE%8E%E5%9B%BD,玩具与游戏
1777254259609,temu,605884205859454,https://img.kwcdn.com/product/open/86af24c9768743349e3115d6c12bce12-goods.jpeg,成人适用双面感官石 - 多彩触感减压圆盘，含光滑与凸起纹理图案，便携式专注力辅助工具，适用于办公室、居家、旅行、生日、圣诞节的静音专注力礼品,2026-03-04T15:52:24.459+00:00,944,904,全托,美国,https://www.temu.com/search_result.html?search_key=605884205859454&search_method=user&region=211&regionCnName=%E7%BE%8E%E5%9B%BD,玩具与游戏
1777254259609,temu,606042851260453,https://img.kwcdn.com/product/fancy/132ea08a-dbeb-4773-b5f6-e53385c04664.jpg,哈利波特预言家日报光栅海报 三种魔法图案动态切换 宿舍/客厅/派对背景 粉丝收藏装饰两相宜 返校季好礼,2026-03-25T00:14:17.829+00:00,440,440,全托,美国,https://www.temu.com/search_result.html?search_key=606042851260453&search_method=user&region=211&regionCnName=%E7%BE%8E%E5%9B%BD,玩具与游戏
1777254259609,temu,606113047113341,https://img.kwcdn.com/product/open/02fd0e90f97045759b2d344d66fe8eb2-goods.jpeg,神秘恶搞弹出手指礼盒，成人整蛊趣味惊喜礼物，创意新奇搞怪减压,2026-03-30T01:16:19.568+00:00,322,322,全托,美国,https://www.temu.com/search_result.html?search_key=606113047113341&search_method=user&region=211&regionCnName=%E7%BE%8E%E5%9B%BD,玩具与游戏
1777254259609,temu,606131300698485,https://img.kwcdn.com/product/fancy/cf8351c9-cc12-41ac-89f8-2b131ab0e85c.jpg,12只趣味重力小鸟平衡玩具，科学平衡摆，重力挑战物理摆锤，办公用品配件——无需羽毛，无需电池，适用于派对装饰与赠礼，万圣节、圣诞节皆宜,2026-03-27T08:23:42.967+00:00,491,471,全托,美国,https://www.temu.com/search_result.html?search_key=606131300698485&search_method=user&region=211&regionCnName=%E7%BE%8E%E5%9B%BD,玩具与游戏
1777254259609,temu,606255049444162,https://img.kwcdn.com/product/open/7590981713374262ae2dbb5301f8e1a8-goods.jpeg,taba软玩具趣味企鹅挤压玩具，柔软耐用squishy缓解压力和焦虑的感官玩具，适用于课堂奖励，桌面摆件，复活节儿童节礼品，万圣节圣诞节最佳礼物,2026-04-07T11:48:26.611+00:00,374,374,全托,美国,https://www.temu.com/search_result.html?search_key=606255049444162&search_method=user&region=211&regionCnName=%E7%BE%8E%E5%9B%BD,玩具与游戏
1777254259609,temu,606392891074782,https://img.kwcdn.com/product/fancy/c1988568-6e85-4680-9b8d-682166edee60.jpg,1个/2个装水枪夏日泳池玩具迷你按压水枪一秒出水射程超远，泳池派对、后院必备，适合户外游戏沙滩玩耍，男孩女孩最好的礼物生日礼物派对礼物,2026-03-25T15:50:04.182+00:00,510,384,全托,美国,https://www.temu.com/search_result.html?search_key=606392891074782&search_method=user&region=211&regionCnName=%E7%BE%8E%E5%9B%BD,玩具与游戏
1777254259609,temu,606465234412739,https://img.kwcdn.com/product/fancy/755a1faf-f13e-41f0-8cb3-9a581c1709b6.jpg,2套手指按钮减压玩具 机械键盘按键帽 办公室减压放松挂绳.,2026-03-27T05:33:56.304+00:00,530,530,全托,美国,https://www.temu.com/search_result.html?search_key=606465234412739&search_method=user&region=211&regionCnName=%E7%BE%8E%E5%9B%BD,玩具与游戏
1777254259609,temu,606538383068339,https://img.kwcdn.com/product/fancy/cb0cd4bf-7efc-4332-8a64-b904d8aa6003.jpg,300pcs经典混色马卡龙扭扭棒DIY手工制作毛条,2026-03-10T17:44:44.031+00:00,442,438,全托,美国,https://www.temu.com/search_result.html?search_key=606538383068339&search_method=user&region=211&regionCnName=%E7%BE%8E%E5%9B%BD,玩具与游戏
1777254259609,temu,601105557841234,https://img.kwcdn.com/product/open/d93977e7212046088432b4c30a005a74-goods.jpeg,1个上弦小鸭水上玩具——会扑动、游动、漂浮的浴缸/泳池戏水玩具，可爱洗澡玩具，儿童圣诞礼物,2026-03-25T05:11:38.196+00:00,838,519,全托,美国,https://www.temu.com/search_result.html?search_key=601105557841234&search_method=user&region=211&regionCnName=%E7%BE%8E%E5%9B%BD,玩具与游戏
1777254259609,temu,601105769240345,https://img.kwcdn.com/product/fancy/a4505940-efe5-4221-9ef7-59dd7ee95b4f.jpg,磁性涂鸦板 - 可擦写重复使用的磁性画板，配磁性彩笔与磁性画棒，适合儿童使用 - 便携式益智玩具，圣诞、生日、旅行佳礼（ABS材质）,2026-03-08T11:44:31.269+00:00,858,660,全托,美国,https://www.temu.com/search_result.html?search_key=601105769240345&search_method=user&region=211&regionCnName=%E7%BE%8E%E5%9B%BD,玩具与游戏
1777254259609,temu,602947362596836,https://img.kwcdn.com/local-goods-image/212a0c35d4/78871d47-63a8-4b03-b6c3-7d74a5011f94_800x800.jpeg.format.jpg,2026 Topps Series 1 棒球节日罐装（鸡蛋）– 59 张卡片 + 独家变体,2026-03-02T14:04:12.369+00:00,1145,525,半托,美国,https://www.temu.com/search_result.html?search_key=602947362596836&search_method=user&region=211&regionCnName=%E7%BE%8E%E5%9B%BD,玩具与游戏
1777254259609,temu,605569331081149,https://img.kwcdn.com/product/open/795af04a2aba492ea57aeec71edb3e99-goods.jpeg,10枚美国250周年纪念币 - 1776 - 2026周年纪念币 - 收藏级纪念币，采用双重历史图案，250年历史纪念礼品,2026-03-08T02:55:25.990+00:00,1472,661,半托,美国,https://www.temu.com/search_result.html?search_key=605569331081149&search_method=user&region=211&regionCnName=%E7%BE%8E%E5%9B%BD,玩具与游戏
1777254259609,temu,605836961280500,https://img.kwcdn.com/product/fancy/3f6cafad-970d-4540-bcd1-3ce51f8a5b6b.jpg,"Portable Inflatable Adult Limbo Game Set - Durable Inflatable Limbo Game Set Fun And Safe Limbo Stick Suitable for Family Festivals, Gatherings, Interactive Outdoor Activities",2026-02-26T10:31:28.211+00:00,395,391,半托,美国,https://www.temu.com/search_result.html?search_key=605836961280500&search_method=user&region=211&regionCnName=%E7%BE%8E%E5%9B%BD,玩具与游戏
1777254259609,temu,605988627277175,https://img.kwcdn.com/product/open/38aaf6e30f6642ac933610af1571ec4b-goods.jpeg,4PCS迷你西方龙蛋套装，可爱小龙造型赠送蛋壳，游戏梦幻家居桌面/户外装饰摆件，坚硬塑料材质，西方龙爱好者的纪念品，儿童玩具，可用于桌面、书房、客厅以及户外装饰使用，复活节藏蛋游戏装饰品，惊喜礼盒创意装扮，复活节、圣诞节、新年，一件最好的玩具礼物,2026-03-29T05:42:31.043+00:00,591,591,全托,美国,https://www.temu.com/search_result.html?search_key=605988627277175&search_method=user&region=211&regionCnName=%E7%BE%8E%E5%9B%BD,玩具与游戏
1777254259609,temu,606098014733633,https://img.kwcdn.com/product/fancy/4113ff8c-0458-4b05-88b8-99ab5daba290.jpg,定制宠物抱枕 - 双面印花造型照片枕，含宠物、毛绒玩具及泰迪熊毛绒枕，毛绒玩偶偶像、人脸、装饰抱枕，可个性化定制的圣诞节/母亲节/父亲节礼物,2026-04-02T07:39:45.613+00:00,439,439,全托,美国,https://www.temu.com/search_result.html?search_key=606098014733633&search_method=user&region=211&regionCnName=%E7%BE%8E%E5%9B%BD,玩具与游戏
1777254263025,temu,606258069397025,https://img.kwcdn.com/product/open/4596b98d0e104bdc98ee53a207c3776e-goods.jpeg,1PC大耳朵猴子毛绒玩偶，动物造型毛绒公仔，大眼睛微笑表情的毛绒玩具，从圣诞节、情人节、感恩节等节日礼，到儿童、情侣、家人、挚友的专属惊喜，多场景送礼需求全满足，送礼超有面！,2026-03-25T10:22:33.347+00:00,987,660,全托,美国,https://www.temu.com/search_result.html?search_key=606258069397025&search_method=user&region=211&regionCnName=%E7%BE%8E%E5%9B%BD,玩具与游戏
1777254263025,temu,606421211023876,https://img.kwcdn.com/product/fancy/9fceb16b-a903-4129-8bb2-8e5f69929316.jpg,《Don't Say It》——Poet版西班牙热门派对纸牌，50张精选词卡采用圆角防刮手工艺。极致便携，随处开启欢乐时光，是露营、旅行及各类聚会的社交必选，也是极具国际范的节日伴手礼,2026-04-06T17:44:33.096+00:00,670,660,全托,美国,https://www.temu.com/search_result.html?search_key=606421211023876&search_method=user&region=211&regionCnName=%E7%BE%8E%E5%9B%BD,玩具与游戏
1777254263025,temu,606484360458158,https://img.kwcdn.com/product/fmket/e95f4873900a2e6255c8adb5ee9709c9.jpg,三丽鸥儿童绘画本、一步一步的绘画和绘画着色书、卡通趣味涂鸦简笔画幼儿园早教启蒙涂色画画本- 创意艺术活动，适用于教室、家庭或礼物,2026-02-02T07:51:56.889+00:00,1693,610,全托,美国,https://www.temu.com/search_result.html?search_key=606484360458158&search_method=user&region=211&regionCnName=%E7%BE%8E%E5%9B%BD,玩具与游戏
1777254263025,temu,606512613261619,https://img.kwcdn.com/product/open/b608ec346bb8499db484a298acafab09-goods.jpeg,趣味爆笑，表情柔软，脚踏挤压软玩具，指尖挤压趣味派对礼物，趣味可爱的塔巴，柔软有弹性，圣诞节、万圣节和新年礼物,2026-03-24T11:32:01.799+00:00,866,676,全托,美国,https://www.temu.com/search_result.html?search_key=606512613261619&search_method=user&region=211&regionCnName=%E7%BE%8E%E5%9B%BD,玩具与游戏
1777254263025,temu,601105274714907,https://img.kwcdn.com/product/fancy/5701469c-643b-4a22-94c3-c233633299a3.jpg,"Instant Printer Camera for Kids with Instant Photo Printing in 1 Second, 3-in-1 MP3 Player, Puzzle Games & 10x Zoom - 2.4” HD Screen, 32GB Card/USB Cable/Lanyard/Storage Bag Included - USB- Children's Device (/) -",2026-02-07T05:40:40.009+00:00,588,418,半托,美国,https://www.temu.com/search_result.html?search_key=601105274714907&search_method=user&region=211&regionCnName=%E7%BE%8E%E5%9B%BD,玩具与游戏
1777254263025,temu,605641338940095,https://img.kwcdn.com/product/open/531f1a1ab61c4601853ebc0f08dec3c2-goods.jpeg,鲜艳花朵造型按压玩具，旨在缓解情绪、增强精细运动技能，是课堂教学的理想之选,2026-04-23T17:38:10.121+00:00,1727,630,全托,美国,https://www.temu.com/search_result.html?search_key=605641338940095&search_method=user&region=211&regionCnName=%E7%BE%8E%E5%9B%BD,玩具与游戏
1777254263025,temu,605671873456874,https://img.kwcdn.com/product/open/8db731122ce949d9b042d103fa0581b7-goods.jpeg,12PCS桌面鹅春季服装，有趣的夏季派个十足服装，两种款式可选，趣味印花衣服+丝带圆帽+小熊挎包（不含鹅），适用于7英寸迷你鹅，活动派个用品,2026-03-03T15:18:13.056+00:00,698,463,半托,美国,https://www.temu.com/search_result.html?search_key=605671873456874&search_method=user&region=211&regionCnName=%E7%BE%8E%E5%9B%BD,玩具与游戏
1777254263025,temu,605849644822784,https://img.kwcdn.com/product/fancy/f9a9ab19-5d5d-442b-aef9-0964508ba100.jpg,"2 Packs LOTFANCY Playing Cards | Poker Size, Standard Index, Paper Material, Ideal for Party Entertainment and Card Games, Perfect for Christmas, Halloween, Thanksgiving Gifts",2026-01-30T07:24:11.332+00:00,1400,613,半托,美国,https://www.temu.com/search_result.html?search_key=605849644822784&search_method=user&region=211&regionCnName=%E7%BE%8E%E5%9B%BD,玩具与游戏
1777254263025,temu,606181900839343,https://img.kwcdn.com/product/fancy/f802c16c-d3d6-4ec8-973d-c600b5534ed7.jpg,流纹立方体挤压玩具，感官玩具，旋转捏捏方块 - 适合儿童和成人，多动症，自闭症 - 耐用材质，- 舒缓指尖陀螺，柔软质感，摆动设计 - 派对礼物，适合男孩和女孩,2026-03-31T00:42:45.983+00:00,3084,630,全托,美国,https://www.temu.com/search_result.html?search_key=606181900839343&search_method=user&region=211&regionCnName=%E7%BE%8E%E5%9B%BD,玩具与游戏
1777254263025,temu,606562944920789,https://img.kwcdn.com/product/open/6718d5c6b74d423d86f73eb1e37429a1-goods.jpeg,10件套 耶稣老鹰纪念币，高级复制币 2D立体硬币 配透明保护盒，独立精美包装，适合作为珍品礼品。包含收藏级纪念币、历史文物展陈品、收藏家礼品、美国纪念币、可收藏复刻币及历史爱好者专属礼品,2026-03-19T07:03:08.957+00:00,456,448,半托,美国,https://www.temu.com/search_result.html?search_key=606562944920789&search_method=user&region=211&regionCnName=%E7%BE%8E%E5%9B%BD,玩具与游戏
1777254263025,temu,605529199985820,https://img.kwcdn.com/product/fancy/461b6c98-3208-4a6a-bbbd-2ef70be01913.jpg,3/5 件柔软可挤压玩具，适合成人和儿童使用，用于轻松放松、课堂奖励玩具、礼物以及复活节礼品篮填充物。儿童多件派对赠品套装,2026-04-16T05:28:36.029+00:00,670,600,全托,美国,https://www.temu.com/search_result.html?search_key=605529199985820&search_method=user&region=211&regionCnName=%E7%BE%8E%E5%9B%BD,玩具与游戏
1777254263025,temu,605635567546678,https://img.kwcdn.com/product/open/fdc8b368fcd34bbfb1fcb0113262b1e3-goods.jpeg,微型彩色铅笔和笔筒、娃娃屋DIY配件、娃娃屋书房装饰道具和摄影道具,2026-02-25T01:54:26.828+00:00,1477,590,半托,美国,https://www.temu.com/search_result.html?search_key=605635567546678&search_method=user&region=211&regionCnName=%E7%BE%8E%E5%9B%BD,玩具与游戏
1777254263025,temu,605888299500827,https://img.kwcdn.com/product/open/26f0467a2bbc428fb1ed18089f8dd517-goods.jpeg,教你如何绘画：包含200+ 步骤绘画书 - 一本绘画爱好者绘制任何事物的指南，绘画指南，生日和圣诞礼物，创意学习绘画与填色，包含趣味插图与高品质纸张，年轻艺术家步骤指南,2026-03-04T17:31:37.500+00:00,2625,913,全托,美国,https://www.temu.com/search_result.html?search_key=605888299500827&search_method=user&region=211&regionCnName=%E7%BE%8E%E5%9B%BD,玩具与游戏
1777254263025,temu,606095330399549,https://img.kwcdn.com/product/fancy/d352afdb-3c49-458d-a8bb-290671a33a14.jpg,复古电话亭灯饰雕像 - 带电话图标的英式老式电话亭造型，适用于家庭办公室的立式桌面装饰、分层托盘桌饰，情人节、复活节、新年、周年纪念日礼物，高8.5英寸,2026-03-29T23:48:47.588+00:00,316,316,半托,美国,https://www.temu.com/search_result.html?search_key=606095330399549&search_method=user&region=211&regionCnName=%E7%BE%8E%E5%9B%BD,玩具与游戏
1777254263025,temu,606162841901490,https://img.kwcdn.com/product/fancy/4979ee25-9aa7-447a-9fd6-b516dd20334e.jpg,骰子彩色骰子套装 - 透明收纳盒，多种颜色可选，数学游戏、玩家及教育活动必备 - 耐用便携，便于整理,2026-04-02T13:17:14.133+00:00,405,405,全托,美国,https://www.temu.com/search_result.html?search_key=606162841901490&search_method=user&region=211&regionCnName=%E7%BE%8E%E5%9B%BD,玩具与游戏
1777254263025,temu,606187806386088,https://img.kwcdn.com/product/fancy/8e6e7a10-2cc8-4107-9486-bca10cacae9c.jpg,28片多人多米诺骨牌游戏，创意棋牌游戏，经典桌面游戏，多人家庭数学游戏，厚实白色完整骨牌，个六套组合,2026-03-27T11:20:20.626+00:00,891,841,全托,美国,https://www.temu.com/search_result.html?search_key=606187806386088&search_method=user&region=211&regionCnName=%E7%BE%8E%E5%9B%BD,玩具与游戏
1777254263025,temu,606334439241610,https://img.kwcdn.com/product/fancy/fb81db22-aade-43c0-8078-b8ed3b1cf500.jpg,3/6个杂耍球设置为初学者，质量迷你耐用杂耍球套件，软，容易为初学者杂耍,2026-04-01T01:52:23.207+00:00,488,488,全托,美国,https://www.temu.com/search_result.html?search_key=606334439241610&search_method=user&region=211&regionCnName=%E7%BE%8E%E5%9B%BD,玩具与游戏
1777254263025,temu,606522545434806,https://img.kwcdn.com/product/fancy/4165139a-0edc-41d3-ade0-d8e59296a67b.jpg,兒童泡泡機玩具，每分鐘產生15000+個泡泡，配備LED燈與便攜設計，適合3歲以上男女童，婚禮生日派對佳品,2026-03-03T01:20:44.681+00:00,760,417,全托,美国,https://www.temu.com/search_result.html?search_key=606522545434806&search_method=user&region=211&regionCnName=%E7%BE%8E%E5%9B%BD,玩具与游戏
1777254263025,temu,601105241533671,https://img.kwcdn.com/product/open/10835273657245e19bbf9597cfc9c2d2-goods.jpeg,[双风扇泡泡机]1/2台 - 派对必备，氛围感泡沐制造机，室内外儿童玩具，婚礼、生日、万圣节及圣诞节礼物（不含电池与泡沫液），活动娱乐,2026-03-23T02:24:22.046+00:00,812,708,半托,美国,https://www.temu.com/search_result.html?search_key=601105241533671&search_method=user&region=211&regionCnName=%E7%BE%8E%E5%9B%BD,玩具与游戏
1777254263025,temu,601105469392302,https://img.kwcdn.com/product/fancy/a3eec8ce-253e-4c82-bd4c-c32948d79768.jpg,"Cartoon Panda Jumping Ball Toys Double Ball with Handle Kids' Bouncy Ball Durable Adjustable Grip Outdoor Bouncing Ball, Send Gas Cylinder And Gas Needle",2026-02-26T10:38:30.172+00:00,926,683,半托,美国,https://www.temu.com/search_result.html?search_key=601105469392302&search_method=user&region=211&regionCnName=%E7%BE%8E%E5%9B%BD,玩具与游戏
1777254263025,temu,605520207443534,https://img.kwcdn.com/product/fancy/2d4b8469-6d15-4f51-841a-b0ce31cba0cb.jpg,"3D 打印耐用材质可变形折叠魔方—便携多面翻转拼图立方体，办公室摆件,注意力辅助神器，无聊克星,艺术工艺手持玩具，携带方便，创意新奇圣诞、新年、各种节日礼物",2026-02-24T13:14:34.186+00:00,721,385,全托,美国,https://www.temu.com/search_result.html?search_key=605520207443534&search_method=user&region=211&regionCnName=%E7%BE%8E%E5%9B%BD,玩具与游戏
1777254263025,temu,605560606921191,https://img.kwcdn.com/product/fancy/ea777f76-3233-42f9-a251-adaa8d543879.jpg,一款7.87英寸高的动漫雕像，非常适合桌面装饰和作为收藏模型，描绘了赤壁战役中的一个角色，适合作为万圣节和圣诞节的礼物。,2026-04-18T13:22:11.756+00:00,404,404,全托,美国,https://www.temu.com/search_result.html?search_key=605560606921191&search_method=user&region=211&regionCnName=%E7%BE%8E%E5%9B%BD,玩具与游戏
1777254263025,temu,605817432556991,https://img.kwcdn.com/product/open/4a01e145964342f2a4c66354d795bc70-goods.jpeg,大约 25/65PCS迷你木质红色瓢虫，带贴纸可粘贴装饰配件，适用于DIY手工艺、卡片制作、花园派对装饰，手工贴纸，完美适用于房间装饰,2026-03-25T12:14:23.486+00:00,553,434,全托,美国,https://www.temu.com/search_result.html?search_key=605817432556991&search_method=user&region=211&regionCnName=%E7%BE%8E%E5%9B%BD,玩具与游戏
1777254263025,temu,605914337788825,https://img.kwcdn.com/product/fancy/c4df690b-2219-4e98-8a87-7d5359715246.jpg,32/16片哥特复兴黑白国际象棋 | 科幻凯尔特编织艺术龙纹 - 哑光聚合物镂空几何结构桌面游戏，适合休闲玩耍,2026-03-01T03:57:54.869+00:00,875,737,全托,美国,https://www.temu.com/search_result.html?search_key=605914337788825&search_method=user&region=211&regionCnName=%E7%BE%8E%E5%9B%BD,玩具与游戏
1777254263025,temu,605985406047568,https://img.kwcdn.com/product/open/b14f3db027ec4ae19ae4e50fdb1bfe94-goods.jpeg,塔巴仿真大号红色草莓挤压玩具，柔软可捏，是一款迷人的仿真水果挤压玩具，水果主题礼品。可缓解压力与焦虑，适合办公室和学校使用。是极佳的课堂奖励、生日派对礼物、节日赠品以及儿童派对玩具。请勿取下透明包装袋，它是玩具的一部分！,2026-03-05T14:20:50.695+00:00,386,308,全托,美国,https://www.temu.com/search_result.html?search_key=605985406047568&search_method=user&region=211&regionCnName=%E7%BE%8E%E5%9B%BD,玩具与游戏
1777254263025,temu,606118415830634,https://img.kwcdn.com/product/fancy/e428924c-d074-4c15-8eb8-94c9ccd6d27f.jpg,100张道具钞票，派对道具、游戏纸币、摄影创意纸币.适用于电影、电视剧、派对、艺术装饰、生日、婚礼、酒吧、圣诞节、万圣节，也是感恩节的理想选择,2026-03-26T01:53:42.597+00:00,897,570,全托,美国,https://www.temu.com/search_result.html?search_key=606118415830634&search_method=user&region=211&regionCnName=%E7%BE%8E%E5%9B%BD,玩具与游戏
1777254263025,temu,606162506332348,https://img.kwcdn.com/product/Fancyalgo/VirtualModelMatting/05a7ea40f826c729b4b7eeafd7d311b5.jpg,24件儿童切水果玩具厨房蔬菜切切乐男女孩益智过家家套装,2026-03-04T17:35:09.241+00:00,712,413,全托,美国,https://www.temu.com/search_result.html?search_key=606162506332348&search_method=user&region=211&regionCnName=%E7%BE%8E%E5%9B%BD,玩具与游戏
1777254263025,temu,606305381123928,https://img.kwcdn.com/product/fancy/06718fa8-d2e9-49d1-ad5c-ff6396fd83b1.jpg,动漫三丽鸥凯蒂猫贴纸 卡通镂空贴纸 可爱猫咪闪光镭射贴纸 三丽鸥手账素材贴纸 粉丝礼物,2026-03-26T08:01:59.536+00:00,382,382,全托,美国,https://www.temu.com/search_result.html?search_key=606305381123928&search_method=user&region=211&regionCnName=%E7%BE%8E%E5%9B%BD,玩具与游戏
1777254263025,temu,606412419744605,https://img.kwcdn.com/product/fancy/b510a71e-8690-48f7-8525-b4a1fdb9c653.jpg,儿童恐龙积木拼插玩具套装，diy创意组装拼装大恐龙积木，适合小朋友互动礼物,2026-03-31T14:21:13.349+00:00,596,570,全托,美国,https://www.temu.com/search_result.html?search_key=606412419744605&search_method=user&region=211&regionCnName=%E7%BE%8E%E5%9B%BD,玩具与游戏
1777254263025,temu,606535698740103,https://img.kwcdn.com/product/fancy/ac7882a4-c775-45ec-bf24-a6927aa4f610.jpg,欢呼发声用具，2026年足球世界杯手持式气动喇叭，适用于体育赛事、声音响亮，适用于紧急警示、划船、露营、比赛派对用品、节日庆典礼品，万圣节、圣诞节活动及生日派对用品,2026-03-21T05:41:18.568+00:00,384,349,全托,美国,https://www.temu.com/search_result.html?search_key=606535698740103&search_method=user&region=211&regionCnName=%E7%BE%8E%E5%9B%BD,玩具与游戏
1777254263025,temu,606544221590950,https://img.kwcdn.com/product/open/6691e5f3b65640a498a53f785a09e7b2-goods.jpeg,过家家餐具套装 | 包括餐桌、椅子、餐具和逼真食物，复古绿色搭配丰富纹理，细节精致逼真，模拟餐饮场景，兼容娃娃玩具,2026-02-03T11:18:37.051+00:00,898,848,全托,美国,https://www.temu.com/search_result.html?search_key=606544221590950&search_method=user&region=211&regionCnName=%E7%BE%8E%E5%9B%BD,玩具与游戏
1777254263025,temu,601099610148805,https://img.kwcdn.com/product/fancy/6558d8df-d1df-4faa-9356-3878b6e94d97.jpg,"100pcs Wooden Ladybug & Bee Crafts - Red Cartoon Embellishments for DIY Scrapbooking, Party Decor, Garden & Home Accents",2026-04-06T16:25:37.089+00:00,689,540,全托,美国,https://www.temu.com/search_result.html?search_key=601099610148805&search_method=user&region=211&regionCnName=%E7%BE%8E%E5%9B%BD,玩具与游戏
1777254263025,temu,601104541558516,https://img.kwcdn.com/product/open/ea6f05faa28d4d849d7a836646af45e5-goods.jpeg,50张海洋夏日水彩贴纸 - 自粘蓝色海岸风格装饰贴，适用于DIY笔记本电脑、行李箱、滑板、摩托车及旅行装饰，耐用艺术设计贴纸，持久牢固，手工爱好者的完美选择,2026-02-28T15:07:22.230+00:00,577,467,全托,美国,https://www.temu.com/search_result.html?search_key=601104541558516&search_method=user&region=211&regionCnName=%E7%BE%8E%E5%9B%BD,玩具与游戏
1777254263025,temu,601105704885466,https://img.kwcdn.com/product/fancy/5050e028-7f7f-4475-954d-162e2be874af.jpg,1pc麦芽糖流纹鸡蛋慢回弹创意儿童搞怪捏捏趣味,2026-03-29T04:42:05.098+00:00,1080,817,全托,美国,https://www.temu.com/search_result.html?search_key=601105704885466&search_method=user&region=211&regionCnName=%E7%BE%8E%E5%9B%BD,玩具与游戏
1777254263025,temu,602408210001178,https://img.kwcdn.com/local-goods-image/20195051ba8/8d242f56-267a-4360-9a71-095a3e48ead0.jpeg,"COSTWAY Oversized 4 in A Row Storage Bag, Carrying Bag for 4-to-Score Giant Game Set, Large Capacity, Wearable Oxford Cloth, Spacious & Sturdy Storing Bag, Game Set Not Included",2026-01-28T06:53:31.230+00:00,415,390,半托,美国,https://www.temu.com/search_result.html?search_key=602408210001178&search_method=user&region=211&regionCnName=%E7%BE%8E%E5%9B%BD,玩具与游戏
1777254263025,temu,605676436873133,https://img.kwcdn.com/product/fancy/2cbee194-0e8d-4014-91df-0f6aa6b4f751.jpg,宝宝卡通蜜蜂造型摇铃，婴儿安抚摇铃玩具，圣诞节万圣节生日礼物，拍摄道具,2026-02-25T19:41:58.551+00:00,1541,587,全托,美国,https://www.temu.com/search_result.html?search_key=605676436873133&search_method=user&region=211&regionCnName=%E7%BE%8E%E5%9B%BD,玩具与游戏
1777254263025,temu,605809916387971,https://img.kwcdn.com/product/fancy/9b6de898-1f62-4cfd-8a28-c135266cf495.jpg,8pcs Mini Stationery Set - Exquisite and Compact Pencil Case - Includes an Adorable Triangle Ruler - Multi-Functional Compass - Perfectly Suited for Dollhouses - Create a Miniature and Exquisite Learning Scene - The Perfect Choice for Dollhouses,2026-02-06T10:07:57.662+00:00,1900,720,全托,美国,https://www.temu.com/search_result.html?search_key=605809916387971&search_method=user&region=211&regionCnName=%E7%BE%8E%E5%9B%BD,玩具与游戏
1777254263025,temu,605863939038339,https://img.kwcdn.com/product/fancy/47e34642-2bb5-46c7-a425-cfd4ea4c44be.jpg,[已授权，保留标题]三丽鸥系列库洛米美乐蒂主题方形存钱罐，造型硬币收纳盒，适合年轻人的理想礼物和桌面装饰品，三丽鸥爱好者的最佳选择，节日聚会送朋友的完美礼物,2026-04-03T14:56:53.847+00:00,630,540,全托,美国,https://www.temu.com/search_result.html?search_key=605863939038339&search_method=user&region=211&regionCnName=%E7%BE%8E%E5%9B%BD,玩具与游戏
1777254263025,temu,605897225019224,https://img.kwcdn.com/product/open/438c86d99dad4554822e87e0837b022b-goods.jpeg,2件装80cm/15.74in巨型泡泡球，透明TPR水充泡泡球，耐用且易于充气，巨型充气水球|沙滩球|庭院游戏|软胶水球，充气道具，防漏设计，庭院、海滩及户外娱乐无需电费，适合家庭聚会和水上活动，非常棒的圣诞节、万圣节礼物。,2026-03-28T02:10:56.555+00:00,888,540,全托,美国,https://www.temu.com/search_result.html?search_key=605897225019224&search_method=user&region=211&regionCnName=%E7%BE%8E%E5%9B%BD,玩具与游戏
1777254263025,temu,605949704172669,https://img.kwcdn.com/product/algo_check/auto/d3f8666b61d60d3e3d864c4cd6052f2c_1770078991253.jpg,肥肥鸡解压玩具，肉质浓郁慢回弹泥质，柔软蓬松，放松身心玩具，慢回弹纹理玩具，趣味玩具，趣味派对和生日礼物，好玩礼物，派对，最佳生日和课堂奖品,2026-03-05T02:00:11.246+00:00,549,399,全托,美国,https://www.temu.com/search_result.html?search_key=605949704172669&search_method=user&region=211&regionCnName=%E7%BE%8E%E5%9B%BD,玩具与游戏
1777254263025,temu,606118550033065,https://img.kwcdn.com/product/open/606d5922b01743fba2e4cce6c42e0a49-goods.jpeg,2件装婴儿摇铃玩具，笑脸造型摇铃，采用安全ABS材质，摇晃时发出清脆铃声，是理想的礼物选择,2026-03-05T10:10:24.966+00:00,1751,680,全托,美国,https://www.temu.com/search_result.html?search_key=606118550033065&search_method=user&region=211&regionCnName=%E7%BE%8E%E5%9B%BD,玩具与游戏
1777254263025,temu,606138951143366,https://img.kwcdn.com/product/fancy/7c5d7312-afa6-49d7-bd9a-afac6049f0e8.jpg,儿童益智教育，多功能益智英文点读机，集数学、英语、单词、语音、音乐多功能于一体，触摸语音点读机，多功能平板学习工具，儿童玩具，适合3岁以上男孩女孩，音乐玩具 生日礼物，AAA电池供电（不带电池）,2026-03-20T10:38:14.642+00:00,1306,1056,全托,美国,https://www.temu.com/search_result.html?search_key=606138951143366&search_method=user&region=211&regionCnName=%E7%BE%8E%E5%9B%BD,玩具与游戏
1777254263025,temu,606215052615620,https://img.kwcdn.com/product/fancy/3044cbaf-5523-448e-aa40-9622d3066c76.jpg,条纹充气式游泳池浮圈 | 波浪边缘设计，腋下环形设计，可叠放，适用于家庭海滩和聚会场所 - 单件,2026-03-30T13:23:11.363+00:00,355,355,全托,美国,https://www.temu.com/search_result.html?search_key=606215052615620&search_method=user&region=211&regionCnName=%E7%BE%8E%E5%9B%BD,玩具与游戏
1777254263025,temu,606330412739117,https://img.kwcdn.com/product/fmket/298c217fc27df7d3b2371250b7a3d600.jpg,"13/26pcs Mini Salamander Octopus Squeezable Slow-Rebounding Party Toy - A Soft, Slowly Rising Cute Animal Toy for Easter, Christmas And Birthday Gifts, School Awards, a Christmas Gift for Grandchildren, Stocking Filler, a Birthday Party Toy Set",2026-02-02T01:50:57.323+00:00,2600,416,全托,美国,https://www.temu.com/search_result.html?search_key=606330412739117&search_method=user&region=211&regionCnName=%E7%BE%8E%E5%9B%BD,玩具与游戏
1777254263025,temu,606501943007990,https://img.kwcdn.com/product/fancy/aecf3f65-945b-401e-ad64-7a5d84650579.jpg,15件逼真假蟑螂 - 黑色和橙色塑胶昆虫道具，非电动派对装饰品，适合万圣节、圣诞节和恶作剧,2026-03-04T04:33:00.273+00:00,618,540,全托,美国,https://www.temu.com/search_result.html?search_key=606501943007990&search_method=user&region=211&regionCnName=%E7%BE%8E%E5%9B%BD,玩具与游戏
1777254263025,temu,606593009702829,https://img.kwcdn.com/product/fancy/43d68a7c-f665-483e-9d98-4b6991679285.jpg,多面体钻石麦芽糖捏捏乐 可随意捏扁、拉长、按压，感受独特的软糯触感，松手后会慢慢回弹 通透的色彩和几何切面，颜值较高，兼具装饰性 体积小巧，可随手放入口袋，随时随地把玩。,2026-03-27T05:30:42.338+00:00,314,305,全托,美国,https://www.temu.com/search_result.html?search_key=606593009702829&search_method=user&region=211&regionCnName=%E7%BE%8E%E5%9B%BD,玩具与游戏
1777254263025,temu,601101593823995,https://img.kwcdn.com/product/fancy/03634980-0703-4f71-acf8-f166d99de6df.jpg,50个混合动物手腕气球 - 10种独特款式，鲜艳多彩，耐用铝箔材质，适用于生日派对、复活节装饰及主题庆典（8岁以上）,2025-12-30T13:29:38.021+00:00,19000,356,半托,美国,https://www.temu.com/search_result.html?search_key=601101593823995&search_method=user&region=211&regionCnName=%E7%BE%8E%E5%9B%BD,玩具与游戏
1777254263025,temu,602627924418795,https://img.kwcdn.com/local-goods-image/212a0c0848/fcbc3279-8d7a-43ee-b0b5-4a75c8ba5090_1000x1000.jpeg.format.jpg,Pokemon Scarlet & Violet 151 Booster Pack,2026-03-28T16:36:47.427+00:00,789,539,半托,美国,https://www.temu.com/search_result.html?search_key=602627924418795&search_method=user&region=211&regionCnName=%E7%BE%8E%E5%9B%BD,玩具与游戏
1777254263025,temu,605516784883191,https://img.kwcdn.com/product/fancy/d68c6f9a-cf06-4365-a28b-0ff448a7c826.jpg,"1盒 桌面纸牌游戏玩具，朋友户外聚会，生日派对，50张卡片精心设计。可随身携带，一份自我肯定，陪你重建内心的平静与力量。 ，是万圣节,圣诞节,感恩节，情人节，送朋友爱人亲人的完美礼物！",2026-02-10T01:06:17.797+00:00,2122,841,全托,美国,https://www.temu.com/search_result.html?search_key=605516784883191&search_method=user&region=211&regionCnName=%E7%BE%8E%E5%9B%BD,玩具与游戏
1777254263025,temu,605727708045128,https://img.kwcdn.com/product/fancy/bb03350e-79ae-4188-a062-b1f868b8d86f.jpg,可变形汽车2台1积木套装，黄色ABS模型套件，创意家居装饰，圣诞节/万圣节/感恩节等理想礼物|结构坚固，展示生动,2026-03-17T08:46:55.572+00:00,816,698,全托,美国,https://www.temu.com/search_result.html?search_key=605727708045128&search_method=user&region=211&regionCnName=%E7%BE%8E%E5%9B%BD,玩具与游戏
1777254263025,temu,605817969428470,https://img.kwcdn.com/product/open/732a967b9d8741b7a5f3647e41b7657f-goods.jpeg,巨型草莓配饰猫爪TABA挤压玩具，儿童感官解压玩具，新奇玩具触感柔软回弹缓慢，生日与节日聚会的完美派对礼物，高品质平价儿童玩具,2026-02-05T06:31:46.143+00:00,672,552,全托,美国,https://www.temu.com/search_result.html?search_key=605817969428470&search_method=user&region=211&regionCnName=%E7%BE%8E%E5%9B%BD,玩具与游戏
1777254263025,temu,605848503957444,https://img.kwcdn.com/product/fancy/39cc2bac-a908-4121-bd48-6ed2e7f985ae.jpg,1件整蛊玩具充气鲨鱼，海洋主题派对装饰，适用于生日派对、 嘉年华、各种节日派对礼品,2026-03-31T15:26:47.535+00:00,346,346,全托,美国,https://www.temu.com/search_result.html?search_key=605848503957444&search_method=user&region=211&regionCnName=%E7%BE%8E%E5%9B%BD,玩具与游戏
1777254263025,temu,606059494266185,https://img.kwcdn.com/product/open/00a31a44018e46d18b04f9f41dbfd355-goods.jpeg,"Peluche de demonio Kuromi de Sanrio, bonito y suave al tacto, bloque de color morado y , regalo de cumpleaños para niños, regalo de Pascua",2026-03-30T15:26:24.084+00:00,436,436,全托,美国,https://www.temu.com/search_result.html?search_key=606059494266185&search_method=user&region=211&regionCnName=%E7%BE%8E%E5%9B%BD,玩具与游戏
1777254263025,temu,606068017064315,https://img.kwcdn.com/product/open/4b158bf590ac47abbeb96fa51d4d27a0-goods.jpeg,限量版超级跑车积木拼搭套装 - 1:14比例，1288片 | 耐用ABS材质，炫酷尾翼设计，逼真轮胎 | 这款积木拼装车模是趣味DIY收藏品，非常适合作为派对礼物或生日赠礼,2026-01-02T06:56:37.667+00:00,1023,597,半托,美国,https://www.temu.com/search_result.html?search_key=606068017064315&search_method=user&region=211&regionCnName=%E7%BE%8E%E5%9B%BD,玩具与游戏
1777254263025,temu,606342156774476,https://img.kwcdn.com/product/fancy/1e59bab8-8bb7-405b-9d9d-80e54f6bfe9d.jpg,绘画机器人，可充电四合一绘画/学习/拼写/音乐互动教育机器人绘画机，附100张卡片和12支彩色笔，适合3-8岁男女童的生日和圣诞学习玩具,2026-02-13T02:07:42.889+00:00,1047,430,半托,美国,https://www.temu.com/search_result.html?search_key=606342156774476&search_method=user&region=211&regionCnName=%E7%BE%8E%E5%9B%BD,玩具与游戏
1777254263025,temu,606348934790271,https://img.kwcdn.com/product/open/45a6e09f6c724397bcd0888f5dc4aeff-goods.jpeg,充气香蕉棒道道具 单人派对氛围装饰品 家庭游泳安全工具,2026-03-08T11:03:40.980+00:00,505,434,全托,美国,https://www.temu.com/search_result.html?search_key=606348934790271&search_method=user&region=211&regionCnName=%E7%BE%8E%E5%9B%BD,玩具与游戏
1777254263025,temu,602758384065073,https://img.kwcdn.com/local-goods-image/212a0c4d04/9d4345f9-52f0-45ea-8c3b-f1bb776a41e8_894x894.jpeg.format.jpg,2025 Topps Allen & Ginter 棒球 Fat Pack Lot (3 包) – MLB 明星、新秀和流行文化插牌,2026-03-02T14:04:12.055+00:00,454,435,半托,美国,https://www.temu.com/search_result.html?search_key=602758384065073&search_method=user&region=211&regionCnName=%E7%BE%8E%E5%9B%BD,玩具与游戏
1777254263025,temu,605507456734442,https://img.kwcdn.com/product/open/b864bec0ae834f9e9172b08b4aa0e6e2-goods.jpeg,10枚亚克力美国250周年纪念币 - 1776 - 2026周年纪念币 ，采用双重历史图案，250年历史纪念礼品,2026-03-19T18:46:26.969+00:00,622,480,半托,美国,https://www.temu.com/search_result.html?search_key=605507456734442&search_method=user&region=211&regionCnName=%E7%BE%8E%E5%9B%BD,玩具与游戏
1777254263025,temu,605579934318559,https://img.kwcdn.com/product/fancy/ed2ee9dc-ba6a-4a95-8abe-31f5c778a972.jpg,塔巴爪爪捏捏乐玩具，透明猫爪福福软萌捏捏玩具，柔软爪爪感官解压玩具，可爱解压玩具助放松，儿童假日派对礼品及赠品,2026-03-31T04:07:00.890+00:00,758,480,全托,美国,https://www.temu.com/search_result.html?search_key=605579934318559&search_method=user&region=211&regionCnName=%E7%BE%8E%E5%9B%BD,玩具与游戏
1777254263025,temu,605580672504674,https://img.kwcdn.com/product/fancy/dc47893a-bc56-4585-aff9-c03f3fd27c04.jpg,2026届毕业典礼专用杯 - 100只装14盎司毕业主题塑料杯，多色可选，毕业派对必备 | 毕业庆典纪念杯 | 毕业派对装饰及用品,2026-03-03T02:58:31.253+00:00,489,410,半托,美国,https://www.temu.com/search_result.html?search_key=605580672504674&search_method=user&region=211&regionCnName=%E7%BE%8E%E5%9B%BD,玩具与游戏
1777254263025,temu,605739854705775,https://img.kwcdn.com/product/fancy/27fd332d-9fa7-4622-8851-e73d7b88abf4.jpg,"Children's Learning Machine, Baby Learning Machine, Language Switchable - English, French, Spanish, Baby Reading Pen, Kids Tablet, Baby Toys, Baby Gifts, Children's Gifts",2026-02-15T15:35:40.464+00:00,714,446,全托,美国,https://www.temu.com/search_result.html?search_key=605739854705775&search_method=user&region=211&regionCnName=%E7%BE%8E%E5%9B%BD,母婴用品
1777254263025,temu,605788911284502,https://img.kwcdn.com/product/open/f12a6f9e45394c6a97e5fbde794d78f2-goods.jpeg,户外沙滩球，夏季泳池玩具，亲子水上玩具，海滩派对道具,2026-03-21T10:42:27.275+00:00,557,408,全托,美国,https://www.temu.com/search_result.html?search_key=605788911284502&search_method=user&region=211&regionCnName=%E7%BE%8E%E5%9B%BD,玩具与游戏
1777254263025,temu,605882326821775,https://img.kwcdn.com/product/fancy/6b34359b-0e97-40f0-a345-d89c9caeac70.jpg,一件幸运护身符硬币与挑战令牌——多功能高尔夫标记器，扑克牌托架，适用于扑克之夜、高尔夫球场，男士礼品，锦标赛与纸牌游戏专用硬币,2026-02-27T17:56:06.292+00:00,402,402,半托,美国,https://www.temu.com/search_result.html?search_key=605882326821775&search_method=user&region=211&regionCnName=%E7%BE%8E%E5%9B%BD,玩具与游戏
1777254263025,temu,606313501287106,https://img.kwcdn.com/product/fancy/6a9e4894-e750-4f95-a6c9-e403c0dab9b3.jpg,"50/100pcs Golden Coins Plastic Play Golden Treasure Coins | Suitable for Party Favors, Treasure Hunt Games, and Party Supplies - Brand: Valporia, Color: Golden",2026-03-22T14:22:30.668+00:00,2000,1825,全托,美国,https://www.temu.com/search_result.html?search_key=606313501287106&search_method=user&region=211&regionCnName=%E7%BE%8E%E5%9B%BD,玩具与游戏
1777254263025,temu,606496909787340,https://img.kwcdn.com/product/fancy/977b27e9-209d-4578-8748-e70fc9939ffd.jpg,"12-inch (approximately 12.01inch) Inflatable Beach Ball for Summer, in Bulk, in Rainbow Colors, Suitable for Swimming Pool Water Games, Children's Summer Beach Party Gift",2026-04-01T01:40:22.407+00:00,445,445,全托,美国,https://www.temu.com/search_result.html?search_key=606496909787340&search_method=user&region=211&regionCnName=%E7%BE%8E%E5%9B%BD,玩具与游戏
1777254263025,temu,601104756830755,https://img.kwcdn.com/product/fancy/63a109fc-c621-47ad-94cb-fea9daa839f0.jpg,玩具屋装饰，Dollhouse迷你复古怀旧天平秤、砝码模型，古典秤，BJD微缩场景道具模型配件，袖珍场景装饰，是业余爱好者和爱好者的收藏礼物,2026-03-09T06:44:43.947+00:00,765,485,全托,美国,https://www.temu.com/search_result.html?search_key=601104756830755&search_method=user&region=211&regionCnName=%E7%BE%8E%E5%9B%BD,玩具与游戏
1777254263025,temu,605863402111643,https://img.kwcdn.com/product/fancy/999309ba-261f-403b-8964-fcc0ddd0edf7.jpg,2026马到成功扑克牌 55张 每张马图案不重复 加厚纸张 洗牌丝滑 携带方便 适合家庭聚会 派对用品 精美艺术品 成人及朋友适用桌游卡牌,2026-04-03T01:12:56.247+00:00,315,315,全托,美国,https://www.temu.com/search_result.html?search_key=605863402111643&search_method=user&region=211&regionCnName=%E7%BE%8E%E5%9B%BD,玩具与游戏
1777254263025,temu,605973125167871,https://img.kwcdn.com/product/fancy/3dee97f1-c0ff-49c9-9f6d-d19db17211ce.jpg,KemiTo高级透明卡套，适用于社保卡、医保卡及信用卡——采用耐用PVC材质，安全存储，情人节与开学季礼品优选,2026-01-27T21:37:32.535+00:00,939,326,半托,美国,https://www.temu.com/search_result.html?search_key=605973125167871&search_method=user&region=211&regionCnName=%E7%BE%8E%E5%9B%BD,玩具与游戏
1777254263025,temu,606069225036060,https://img.kwcdn.com/product/fancy/fa834de0-fc23-48f8-9717-f2f14bc1fdb4.jpg,两包可爱水豚卡片，每包5张，共10张，神秘盲盒款式与包装随机，是水豚爱好者的完美礼物,2026-02-08T02:17:31.299+00:00,2671,1225,全托,美国,https://www.temu.com/search_result.html?search_key=606069225036060&search_method=user&region=211&regionCnName=%E7%BE%8E%E5%9B%BD,玩具与游戏
1777254263025,temu,606112644469524,https://img.kwcdn.com/product/open/9eb24027bee6457e96fbf23fd0ac855e-goods.jpeg,Taba squishy立方体流纹冰块挤压玩具，儿童挤压捏捏球放松神器，冰感软糖方块，适用于自闭症儿童的感官玩具，课堂奖品玩具，情人节圣诞节万圣节礼物，复活节礼篮填充物，办公室休闲，桌面配饰,2026-03-16T16:28:53.772+00:00,3713,2493,全托,美国,https://www.temu.com/search_result.html?search_key=606112644469524&search_method=user&region=211&regionCnName=%E7%BE%8E%E5%9B%BD,玩具与游戏
1777254263025,temu,606202369032657,https://img.kwcdn.com/product/fancy/236a50a1-95ca-4520-b292-b4dd991c76d0.jpg,可爱奔跑的高地牛毛绒玩具 卡哇伊柔软填充动物与泰迪熊 萌宠毛茸茸奶牛 家居装饰佳品 适用于复活节、圣诞节、万圣节及生日 深受亲友喜爱的热门礼物,2026-03-27T11:56:23.568+00:00,982,450,全托,美国,https://www.temu.com/search_result.html?search_key=606202369032657&search_method=user&region=211&regionCnName=%E7%BE%8E%E5%9B%BD,玩具与游戏
1777254263025,temu,606214448587241,https://img.kwcdn.com/product/fancy/0b612a37-8af6-4bdd-a3d9-8aae7c8ca6d5.jpg,木制形状组合匹配儿童益智玩具 农场动物捉虫几何数字游戏车 教育积木玩具 儿童复活节生日开学季礼物,2026-01-30T15:43:33.010+00:00,790,592,半托,美国,https://www.temu.com/search_result.html?search_key=606214448587241&search_method=user&region=211&regionCnName=%E7%BE%8E%E5%9B%BD,玩具与游戏
1777254263025,temu,606243104116822,https://img.kwcdn.com/product/open/0b01dec184c84679b434b67b25e48578-goods.jpeg,"10pcs Collection Box Silver Coin Storage Box | 40Mm Coin Storage Box, Coin Collection Storage Container",2026-03-22T04:03:38.616+00:00,648,566,全托,美国,https://www.temu.com/search_result.html?search_key=606243104116822&search_method=user&region=211&regionCnName=%E7%BE%8E%E5%9B%BD,玩具与游戏
1777254263025,temu,606333298409275,https://img.kwcdn.com/product/fancy/bc50f57c-e046-4e59-8123-06106fa6abcc.jpg,1pc Anime Figure • 21.5cm Tall • Girl with White Hair in Japanese Style • Decorative Piece for Car Interiors or Bedrooms,2026-03-07T10:03:29.403+00:00,680,467,全托,美国,https://www.temu.com/search_result.html?search_key=606333298409275&search_method=user&region=211&regionCnName=%E7%BE%8E%E5%9B%BD,玩具与游戏
1777254263025,temu,606549187592974,https://img.kwcdn.com/product/fancy/123f386d-bdd4-45d2-b14d-2ebe4f53a014.jpg,可爱泰迪熊毛绒玩具 卡通熊抱着小熊/迷你熊玩偶 趣味软萌互动公仔 温馨家居沙发装饰 卧室书桌摆件 亲友馈赠佳品,2026-02-07T19:33:54.262+00:00,653,416,全托,美国,https://www.temu.com/search_result.html?search_key=606549187592974&search_method=user&region=211&regionCnName=%E7%BE%8E%E5%9B%BD,玩具与游戏
1777254263025,temu,606585829085521,https://img.kwcdn.com/product/fancy/fd908745-6a25-457d-9dfb-c5346f857eba.jpg,16个装派个礼品套装，足球图案互动指尖旋转器，非常适合派个礼物、课堂奖励、糖果袋填充物、节日礼物、儿童酷炫玩具，随机款式,2026-02-06T13:11:15.171+00:00,698,339,全托,美国,https://www.temu.com/search_result.html?search_key=606585829085521&search_method=user&region=211&regionCnName=%E7%BE%8E%E5%9B%BD,玩具与游戏
1777254263025,temu,605518932341121,https://img.kwcdn.com/product/fancy/f19a6ec0-08bf-4951-97b2-47c98043973d.jpg,2合1变形车积木模型套装 ABS环保材质 红蓝色积木 桌面的完美装饰 送家人朋友的完美礼物 无需电池 不带电的积木,2026-02-06T03:50:34.317+00:00,643,553,全托,美国,https://www.temu.com/search_result.html?search_key=605518932341121&search_method=user&region=211&regionCnName=%E7%BE%8E%E5%9B%BD,玩具与游戏
1777254263025,temu,605552688102315,https://img.kwcdn.com/product/fancy/f3d2f88a-253c-4ae3-9d59-e2c931af1546.jpg,1/2副经典黑色多米诺骨牌套装，内含28枚经典黑色骨牌，附带收纳盒，是馈赠亲友的完美节日礼物，便携设计适合家庭与派对游戏 | 精美包装搭配高级印刷图案，是感恩节、万圣节、圣诞节的理想选择,2026-03-26T04:45:51.176+00:00,425,409,半托,美国,https://www.temu.com/search_result.html?search_key=605552688102315&search_method=user&region=211&regionCnName=%E7%BE%8E%E5%9B%BD,玩具与游戏
1777254263025,temu,605618857416057,https://img.kwcdn.com/product/fancy/4a9b7f15-8aad-42af-9367-a706afd00deb.jpg,全新3D卡通摆件，仿真方块，立体捏捏玩具，尽情放松身心，海洋立方体挤压乐趣，天蓝色挤压放松玩具，新奇挤压玩具，慢回弹麦芽玩具，挤压乐趣玩具，可爱柔软，减压立方体，慢回弹软压力球，柔软舒适触感，办公室玩具,2026-04-13T10:05:05.173+00:00,374,374,全托,美国,https://www.temu.com/search_result.html?search_key=605618857416057&search_method=user&region=211&regionCnName=%E7%BE%8E%E5%9B%BD,玩具与游戏
1777254263025,temu,605692341642594,https://img.kwcdn.com/product/fancy/877d9f2a-86f6-4a57-a194-21c541bc68e7.jpg,软弹枪升级版玩具套装（含120发子弹+12个弹夹+2个弹匣），泡沫手枪适用于户外运动射击游戏——炫酷连发玩具枪教育模型，用于户外射击游戏、万圣节及作为男女童生日礼物（黑色）,2026-02-05T02:42:58.946+00:00,1534,763,全托,美国,https://www.temu.com/search_result.html?search_key=605692341642594&search_method=user&region=211&regionCnName=%E7%BE%8E%E5%9B%BD,玩具与游戏
1777254263025,temu,605944603852632,https://img.kwcdn.com/product/fancy/9d630361-cdc4-4cbe-aeb7-352e96040bea.jpg,3D立体浮雕硬币 美国250周年纪念币 带有裂纹的自由钟纪念币 1776——2026周年纪念币 自由纪念币 新奇纪念币 双面历史设计收藏级纪念币， 适用于和平礼物 情人节 礼品和展示 纪念币礼物,2026-03-04T03:05:33.212+00:00,422,312,全托,美国,https://www.temu.com/search_result.html?search_key=605944603852632&search_method=user&region=211&regionCnName=%E7%BE%8E%E5%9B%BD,玩具与游戏
1777254263025,temu,606009431044891,https://img.kwcdn.com/product/fancy/e7bbe754-28b7-4018-ace8-a40bb60e581b.jpg,充气泳池水滑梯 - 耐用 PVC 泳池浮标，条纹设计，粉红色和白色条纹，非常适合海滩、泳池派对和夏季乐趣，条纹游泳圈带手柄。适合用于水上拍照和装饰！,2026-04-06T07:43:28.033+00:00,668,420,全托,美国,https://www.temu.com/search_result.html?search_key=606009431044891&search_method=user&region=211&regionCnName=%E7%BE%8E%E5%9B%BD,玩具与游戏
1777254263025,temu,606032113852568,https://img.kwcdn.com/product/fancy/b09a4cf1-2560-4f24-b521-14d437a19f06.jpg,全新E88 PRO MAX无人机，配备遥控器，内置4K双摄像头，两块电池，电机和避障功能，一小时安全返航，LED灯，折叠四轴飞行器，无人机，配备维护工具和备用螺旋桨,2026-03-12T01:42:14.229+00:00,774,501,半托,美国,https://www.temu.com/search_result.html?search_key=606032113852568&search_method=user&region=211&regionCnName=%E7%BE%8E%E5%9B%BD,玩具与游戏
1777254263025,temu,606071573831470,https://img.kwcdn.com/product/fancy/2fffca5f-1a8a-48d2-b808-12a5e71f583b.jpg,带指南的正版塔罗牌套装 - 78张传统塔罗牌，用于预测未来、占卜和精神洞察,2026-03-23T12:07:06.562+00:00,646,420,全托,美国,https://www.temu.com/search_result.html?search_key=606071573831470&search_method=user&region=211&regionCnName=%E7%BE%8E%E5%9B%BD,玩具与游戏
1777254263025,temu,606110362772784,https://img.kwcdn.com/product/fancy/fa688701-c7d4-420f-a999-5e9d66e49955.jpg,28个可爱柔软的挤压玩具，颜色多样，适合挤压玩耍。是迷你可爱挤压玩具的绝佳选择，适用于赠送礼物、课堂奖励、万圣节和圣诞节等场合。也是送礼佳品，感官游戏玩具，迷你减压球，设计可爱，美观趣味，结构耐用且可挤压。非常适合教师和家长用来奖励小朋友。,2026-04-06T00:52:33.250+00:00,389,389,全托,美国,https://www.temu.com/search_result.html?search_key=606110362772784&search_method=user&region=211&regionCnName=%E7%BE%8E%E5%9B%BD,玩具与游戏
1777254263025,temu,606324708499736,https://img.kwcdn.com/product/fancy/14626543-aa0b-4e8d-ad58-9c45c3fec21f.jpg,"Adorable Cartoon Rabbit Cloth Book for Infants and Toddlers, Tear-Resistant Book for Babies, Children's Animal Cognition Enlightenment Toy, Hands-On and Brain-Stimulating Tactile Toy for Babies, Multifunctional Sensory Toy, and Cognitive Parent-Child",2026-03-31T17:42:35.497+00:00,486,420,全托,美国,https://www.temu.com/search_result.html?search_key=606324708499736&search_method=user&region=211&regionCnName=%E7%BE%8E%E5%9B%BD,母婴用品
1777254263025,temu,606502412715348,https://img.kwcdn.com/product/fancy/b7b315f7-c165-471b-b581-fa7ed8f63e5a.jpg,一个可动的人偶身体，配有裤子+鞋子。他们肌肉发达，线条棱角分明，充满力量感，1：6比例完美复刻健身达人的体态。关节灵活，能轻松摆出各种造型各种姿势，可塑性极强。非常的适合收藏，家居摆件，绘画艺术，礼物等,2026-03-30T00:10:01.246+00:00,456,420,全托,美国,https://www.temu.com/search_result.html?search_key=606502412715348&search_method=user&region=211&regionCnName=%E7%BE%8E%E5%9B%BD,玩具与游戏
1777254263025,temu,606531403797611,https://img.kwcdn.com/product/fancy/65809a9d-f781-49af-bc23-622133542768.jpg,娃娃屋6款颜色迷你沙发，圣诞节，万圣节，复活节，娃娃屋配件装饰，模型行装饰摆件,2026-03-17T11:36:21.146+00:00,736,580,全托,美国,https://www.temu.com/search_result.html?search_key=606531403797611&search_method=user&region=211&regionCnName=%E7%BE%8E%E5%9B%BD,玩具与游戏
1777254263025,temu,606557844693007,https://img.kwcdn.com/product/open/c1b5d9b25fd8433e8eeaf7f4ec16350a-goods.jpeg,TABA葡萄立方可挤压玩具，触感柔软的捏捏乐感官刺激玩具，是大、小肌肉群的绝佳减压工具。新颖的旋转挤压立方体——非常适合手指锻炼，可作桌面装饰、课堂奖励，亦是圣诞节、万圣节和感恩节的佳礼,2026-04-12T15:56:58.698+00:00,878,420,全托,美国,https://www.temu.com/search_result.html?search_key=606557844693007&search_method=user&region=211&regionCnName=%E7%BE%8E%E5%9B%BD,玩具与游戏
1777254263025,temu,606580930106266,https://img.kwcdn.com/product/fancy/1c0688ac-496b-4182-a76b-7faa6074e804.jpg,缤纷仿真饺子捏捏乐玩具派对礼盒。造型可爱，质地柔软。慢回弹设计。家居装饰品。生日礼物,2026-04-16T11:40:59.172+00:00,439,420,全托,美国,https://www.temu.com/search_result.html?search_key=606580930106266&search_method=user&region=211&regionCnName=%E7%BE%8E%E5%9B%BD,玩具与游戏
1777254263025,temu,601105580922644,https://img.kwcdn.com/product/fancy/7736028b-ad56-4471-91e9-2be67e0c02db.jpg,感统训练家用手脚并用运动游戏垫户外游戏道具团建聚会使用建议18岁以上使用,2026-04-03T02:17:30.420+00:00,430,390,全托,美国,https://www.temu.com/search_result.html?search_key=601105580922644&search_method=user&region=211&regionCnName=%E7%BE%8E%E5%9B%BD,玩具与游戏
1777254263025,temu,605550943269495,https://img.kwcdn.com/product/fancy/60b74e3a-ecef-4dca-872e-cd3a45e7ee5a.jpg,1个超大黄油棒面包挤压玩具，慢发酵玩具，派个礼物，新奇挤压玩具，完美节日礼物，学校比赛奖品，课堂奖励,2026-04-18T16:55:18.751+00:00,435,390,全托,美国,https://www.temu.com/search_result.html?search_key=605550943269495&search_method=user&region=211&regionCnName=%E7%BE%8E%E5%9B%BD,玩具与游戏
1777254263025,temu,605580806710770,https://img.kwcdn.com/product/fancy/f775cbab-514c-4e23-a82a-d731ca6cc24e.jpg,1个西瓜造型猫爪挤压玩具，成人趣味指尖玩具，非常适合填充复活节彩蛋，是青少年派个、情人节、生日和复活节篮子的绝佳礼物,2026-03-25T06:36:14.461+00:00,513,438,全托,美国,https://www.temu.com/search_result.html?search_key=605580806710770&search_method=user&region=211&regionCnName=%E7%BE%8E%E5%9B%BD,玩具与游戏
1777254263025,temu,605712541428211,https://img.kwcdn.com/product/open/81d9c5453ca04ae9b7a3db6c06e1a5a1-goods.jpeg,"复制币12枚美国250周年纪念币，精美礼品收藏纪念币, 历史纪念品展示, 收藏家礼物, 美国纪念币, 收藏级复制币, 黄色纪念币, 经典硬币设计, 高级复制币, 精细硬币复制品, 历史爱好者礼物, 使用场景/场合",2026-03-19T17:32:42.532+00:00,560,395,半托,美国,https://www.temu.com/search_result.html?search_key=605712541428211&search_method=user&region=211&regionCnName=%E7%BE%8E%E5%9B%BD,玩具与游戏
1777254263025,temu,605745424774414,https://img.kwcdn.com/product/fancy/c797d867-e392-4869-aebc-58fc460695e4.jpg,"2PCS 金色、银色、绿色变形指尖陀螺，青少年缓解压力感官玩具,适合男孩和女孩,适合派对礼品，趣味变形链 DIY 机器人转盘,新学期回到学校指尖减压陀螺玩具课堂奖品",2026-03-27T02:15:15.335+00:00,526,390,全托,美国,https://www.temu.com/search_result.html?search_key=605745424774414&search_method=user&region=211&regionCnName=%E7%BE%8E%E5%9B%BD,玩具与游戏
1777254263025,temu,605866824685874,https://img.kwcdn.com/product/open/0f71e8931029430c9f01bae860e25d6d-goods.jpeg,50张动漫主题贴纸 日式卡通漫画动漫周边贴纸贴花 漫粉爱好者收藏的礼物 可用于手机壳 电脑 滑板 水杯等装饰,2026-02-09T02:37:24.895+00:00,1866,767,全托,美国,https://www.temu.com/search_result.html?search_key=605866824685874&search_method=user&region=211&regionCnName=%E7%BE%8E%E5%9B%BD,玩具与游戏
1777254263025,temu,605900580424509,https://img.kwcdn.com/product/fancy/58dd8e9e-26e4-4ac2-8d52-8aba24516c19.jpg,50张 哈利波特水彩学院风贴纸套装 防水不干胶 手机壳/笔记本/水杯装饰 生日圣诞治愈小礼,2026-03-25T14:48:36.747+00:00,448,390,全托,美国,https://www.temu.com/search_result.html?search_key=605900580424509&search_method=user&region=211&regionCnName=%E7%BE%8E%E5%9B%BD,玩具与游戏
1777254263025,temu,605932322971028,https://img.kwcdn.com/product/open/fe6d9008b16d4937901dc271698bbc99-goods.jpeg,100片磁力积木玩具 | 彩色魔方拼装套装 | 创意物理学学习玩具 | 男孩女孩的理想圣诞节和生日礼物,2026-02-12T06:40:34.544+00:00,1091,463,半托,美国,https://www.temu.com/search_result.html?search_key=605932322971028&search_method=user&region=211&regionCnName=%E7%BE%8E%E5%9B%BD,玩具与游戏
1777254263025,temu,606072916048590,https://img.kwcdn.com/product/fancy/c98fc040-600d-4292-af73-f35a7e68a29e.jpg,"1pc 儿童闪光星星与浮力棒图案充气游泳圈,夏日海滩、湖泊及派对乐趣，适合儿童户外和家庭后院的游泳玩具",2026-04-04T22:58:04.555+00:00,552,390,全托,美国,https://www.temu.com/search_result.html?search_key=606072916048590&search_method=user&region=211&regionCnName=%E7%BE%8E%E5%9B%BD,玩具与游戏
1777254263025,temu,606184853601871,https://img.kwcdn.com/product/fancy/bbe71eb2-147b-4271-b7da-c7ed859e0191.jpg,1副加厚耐磨成人扑克牌 - 家庭、露营、旅行、聚会适用纸质扑克 - 持久耐用，适用于锦标赛与休闲娱乐,2026-02-15T14:02:40.268+00:00,3858,3484,全托,美国,https://www.temu.com/search_result.html?search_key=606184853601871&search_method=user&region=211&regionCnName=%E7%BE%8E%E5%9B%BD,玩具与游戏
1777254266263,temu,606248539946510,https://img.kwcdn.com/product/open/7d92f054546a462b933a9a341aae7c19-goods.jpeg,1个大型30厘米（11.8英寸）可动关节龙模型+1个OPP袋 - 灵活TPU可摆姿势龙模型，带可动腿、手臂、颈部 - 万圣节用鲜艳紫色/粉色/绿色/蓝色/粉色,2026-01-27T12:12:41.868+00:00,1824,423,半托,美国,https://www.temu.com/search_result.html?search_key=606248539946510&search_method=user&region=211&regionCnName=%E7%BE%8E%E5%9B%BD,玩具与游戏
1777254266263,temu,606378664014679,https://img.kwcdn.com/product/fancy/7a905a81-cf04-43ed-adcd-1eb8b73af89e.jpg,有趣的羊驼毛绒公仔,2026-03-27T10:40:34.955+00:00,437,390,全托,美国,https://www.temu.com/search_result.html?search_key=606378664014679&search_method=user&region=211&regionCnName=%E7%BE%8E%E5%9B%BD,玩具与游戏
1777254266263,temu,606490937135743,https://img.kwcdn.com/product/open/54fa1658aba34681a593619cebe0d6ee-goods.jpeg,母亲节适用5张装波波气球贴纸——多色预裁字母数字，气球DIY装饰贴，派对布置，母亲节礼物优选，适用于迎婴派对、庆典活动（纸质材质）,2026-03-19T10:45:27.332+00:00,471,390,全托,美国,https://www.temu.com/search_result.html?search_key=606490937135743&search_method=user&region=211&regionCnName=%E7%BE%8E%E5%9B%BD,玩具与游戏
1777254266263,temu,601101595185613,https://img.kwcdn.com/product/fancy/298bf509-4e6b-43a6-aeab-c9ae6217537f.jpg,6件套18英寸篮球气球派对用品铝箔气球运动主题生日派对装饰品,2025-12-20T03:59:04.157+00:00,4814,385,半托,美国,https://www.temu.com/search_result.html?search_key=601101595185613&search_method=user&region=211&regionCnName=%E7%BE%8E%E5%9B%BD,玩具与游戏
1777254266263,temu,601105039744434,https://img.kwcdn.com/product/fancy/e96e618d-723d-46e2-87b2-6dd042e5d918.jpg,新奇玩具UFO飞行悬浮球，新款升级六角梅花UFO回旋飞碟智能感应飞行球器，悬浮球儿童玩具圣诞节新年派对礼物,2026-01-31T15:14:31.622+00:00,5436,1583,半托,美国,https://www.temu.com/search_result.html?search_key=601105039744434&search_method=user&region=211&regionCnName=%E7%BE%8E%E5%9B%BD,玩具与游戏
1777254266263,temu,602258121026786,https://img.kwcdn.com/local-goods-image/211a2a493b2/16fb63a1-c164-4869-b0a2-96afec5c284d_1600x1600.jpeg.format.jpg,2024/25 Topps Chrome NBL篮球工厂密封珍藏盲盒,2026-04-01T18:01:11.872+00:00,804,360,半托,美国,https://www.temu.com/search_result.html?search_key=602258121026786&search_method=user&region=211&regionCnName=%E7%BE%8E%E5%9B%BD,玩具与游戏
1777254266263,temu,605697307704975,https://img.kwcdn.com/product/fancy/f1f346b9-b611-4a7e-8ffb-813af6c6725f.jpg,充气泳池吊床，多功能四合一充气床，成人多管漂浮网椅，夏季乐趣和泳池聚会的理想选择,2026-03-17T16:45:12.835+00:00,524,459,全托,美国,https://www.temu.com/search_result.html?search_key=605697307704975&search_method=user&region=211&regionCnName=%E7%BE%8E%E5%9B%BD,玩具与游戏
1777254266263,temu,605899506709995,https://img.kwcdn.com/product/fancy/7ca7b3da-5c38-4f01-b19b-9600510a913a.jpg,1件微型木质装饰品，“Yes You Can”字母设计，迷你娃娃屋装饰画，农舍木框微型标牌，手工双层娃娃屋挂饰挂件励志装饰画，乡村风分层托盘,2026-03-01T10:04:16.685+00:00,827,787,半托,美国,https://www.temu.com/search_result.html?search_key=605899506709995&search_method=user&region=211&regionCnName=%E7%BE%8E%E5%9B%BD,玩具与游戏
1777254266263,temu,606183511450529,https://img.kwcdn.com/product/fancy/4a3c37b3-6fba-4a55-a84d-1eeb29006967.jpg,温馨外星人生活涂色书，奇幻的太空主题：可爱的外星人与行星、舒适的 UFO 之旅、月球野餐、太空宠物和星际冒险，简单的线条使其非常适合儿童、初学者和老年人，完美的礼物选择！,2026-04-02T02:08:22.910+00:00,446,360,全托,美国,https://www.temu.com/search_result.html?search_key=606183511450529&search_method=user&region=211&regionCnName=%E7%BE%8E%E5%9B%BD,玩具与游戏
1777254266263,temu,606385374882499,https://img.kwcdn.com/product/fancy/4bd51f82-45dd-428a-abc9-5fe215060b20.jpg,"Inflatable Pirate Sword Balloons for Children, Available in Four Colors, Resembling Curved Cutlasses And Persian Scimitars. These Aluminum Foil Balloons Are Perfect for Birthday Parties, Cosplay Props",2026-04-07T15:42:59.009+00:00,366,360,全托,美国,https://www.temu.com/search_result.html?search_key=606385374882499&search_method=user&region=211&regionCnName=%E7%BE%8E%E5%9B%BD,玩具与游戏
1777254266263,temu,606431814207110,https://img.kwcdn.com/product/fancy/5b92275f-2d4f-488b-8629-6ae5be98ef44.jpg,（SIXSEVEN）婴儿感官玩具 月月音乐动物毛绒玩具 婴儿一个月老胖时间带镜子皱纹鼓手，迎婴礼品，复活节篮子，填充物婴儿玩具，男孩/女孩玩具，婴儿产品，万圣节，圣诞节,2026-03-29T07:30:49.542+00:00,724,360,全托,美国,https://www.temu.com/search_result.html?search_key=606431814207110&search_method=user&region=211&regionCnName=%E7%BE%8E%E5%9B%BD,玩具与游戏
1777254266263,temu,606436243392014,https://img.kwcdn.com/product/open/f22b7e3ac0c64b469fbf3281490c5ead-goods.jpeg,拼读CVC练习册：启蒙学习者跟读、描摹与造句（含视觉辅助），教师认可的居家教学与课堂资源，适合小读者与小作者的趣味学习工具,2026-04-02T12:32:56.589+00:00,355,355,全托,美国,https://www.temu.com/search_result.html?search_key=606436243392014&search_method=user&region=211&regionCnName=%E7%BE%8E%E5%9B%BD,玩具与游戏
1777254266263,temu,601105130983262,https://img.kwcdn.com/product/fancy/5fca6a9b-bf25-4c8f-8031-23e7109c20fc.jpg,500级逻辑游戏 | 3D益智拼图 | 空间思维国际象棋便携式计时器挑战 | 旅行居家学校桌面 - 成人青少年学生批判性问题解决者 - 教育礼品玩具 - 圣诞节万圣节礼物,2026-03-06T22:45:28.374+00:00,524,357,全托,美国,https://www.temu.com/search_result.html?search_key=601105130983262&search_method=user&region=211&regionCnName=%E7%BE%8E%E5%9B%BD,玩具与游戏
1777254266263,temu,602640373113255,https://img.kwcdn.com/local-goods-image/211a2a4303e/4ff3a5fc-b3d4-4426-a0a8-b22f892fb416.jpeg,病毒式饺子捏捏乐 - 随机饺子盒，7色饺子捏捏玩具（随机4件装）,2026-03-28T00:39:15.366+00:00,2774,330,半托,美国,https://www.temu.com/search_result.html?search_key=602640373113255&search_method=user&region=211&regionCnName=%E7%BE%8E%E5%9B%BD,玩具与游戏
1777254266263,temu,605541950687324,https://img.kwcdn.com/product/fancy/b1e4bba5-8de9-4918-9268-0bcde2188fbd.jpg,视觉化沟通日程卡片 - 60张全场景插画识字卡 - 专为非语言沟通及ADHD儿童设计 - 每日作息规律管理图 - 语言治疗辅助教具 - 家庭与课堂视觉时间表,2026-03-20T15:04:53.684+00:00,397,312,全托,美国,https://www.temu.com/search_result.html?search_key=605541950687324&search_method=user&region=211&regionCnName=%E7%BE%8E%E5%9B%BD,玩具与游戏
1777254266263,temu,605592148114092,https://img.kwcdn.com/product/open/2ac34b508d9348999776d4d86a8bcf9f-goods.jpeg,"【已授权】1pc 三丽鸥Sanrio主题派个活动单步跳跃游戏垫，适合生日、新年、圣诞节、及节日礼物, 庆祝活动，趣味派个配件， 互动游戏, 团队挑战垫",2026-03-07T12:15:45.951+00:00,406,330,全托,美国,https://www.temu.com/search_result.html?search_key=605592148114092&search_method=user&region=211&regionCnName=%E7%BE%8E%E5%9B%BD,玩具与游戏
1777254266263,temu,605719923360424,https://img.kwcdn.com/product/fancy/147b83a6-0e6d-4384-8aa1-145b04d12d97.jpg,SYNCFUN加厚型充氣泳池浮床雙件套（成人適用）——粉藍雙色加厚充氣躺椅與泳池浮條，適用於泳池、湖泊、海灘及庭院派對，為各年齡段人群帶來水上樂趣,2026-02-09T02:59:15.382+00:00,1582,1250,半托,美国,https://www.temu.com/search_result.html?search_key=605719923360424&search_method=user&region=211&regionCnName=%E7%BE%8E%E5%9B%BD,玩具与游戏
1777254266263,temu,605764081043203,https://img.kwcdn.com/product/fancy/0b888f6d-31eb-4ca3-b807-f86754e86b4f.jpg,100PCS 粉色可爱小猪佩奇涂鸦贴纸，趣味搞怪的小猪佩奇和小猪乔治贴纸，可以装饰手机，笔记本，水杯，行李箱的防水轮滑和自行车骑行贴纸，适合节日的礼物首选,2026-04-01T13:16:11.775+00:00,362,330,全托,美国,https://www.temu.com/search_result.html?search_key=605764081043203&search_method=user&region=211&regionCnName=%E7%BE%8E%E5%9B%BD,玩具与游戏
1777254266263,temu,605778173913803,https://img.kwcdn.com/product/fancy/856b47f6-e9e6-474e-a48b-cfbf3ad89be7.jpg,"Replica Coin 250th Anniversary Commemorative Coin of the United States, Exquisite Gift Collection Commemorative Coin, Historical Souvenir Display, Collector's Gift, American Commemorative Coin, Collector's Copy Coin, Yellow Commemorative Coin",2026-03-28T08:50:33.691+00:00,348,330,全托,美国,https://www.temu.com/search_result.html?search_key=605778173913803&search_method=user&region=211&regionCnName=%E7%BE%8E%E5%9B%BD,玩具与游戏
1777254266263,temu,605778576513852,https://img.kwcdn.com/product/open/318d2db1394f4802ad66be7956307104-goods.jpeg,宠物爪印压花印章 | 独特的足迹印章工具，手工艺术品，适用于薄纸和叶子，浅灰色塑料，是宠物纪念礼品的理想选择，尺寸为8.51厘米 x 2.49厘米,2026-04-04T10:19:06.909+00:00,327,327,全托,美国,https://www.temu.com/search_result.html?search_key=605778576513852&search_method=user&region=211&regionCnName=%E7%BE%8E%E5%9B%BD,玩具与游戏
1777254266263,temu,605795756405647,https://img.kwcdn.com/product/fancy/a6eab7f2-52e1-474b-a5bf-688a57198d86.jpg,"Endless Cube Sensory Toy for Dinosaur Color Sorting, Featuring Multiple Colors And Constructed from Sturdy Plastic",2026-04-10T23:10:28.296+00:00,423,330,全托,美国,https://www.temu.com/search_result.html?search_key=605795756405647&search_method=user&region=211&regionCnName=%E7%BE%8E%E5%9B%BD,玩具与游戏
1777254266263,temu,605889037728544,https://img.kwcdn.com/product/algo_check/auto/a36325e6462dcb051b07ec07a8aafa0c_1770459793420.jpg,"50片.创意贴纸, 瞬间点亮空间.中世纪诡影·抽象诡异主题贴纸亮面乙烯基材质，高精度切割设计，装饰手机电脑行李箱笔记本水杯 -Suitable for rollerskating and cycling, Cycling stickers and decals",2026-03-30T17:54:47.560+00:00,358,330,全托,美国,https://www.temu.com/search_result.html?search_key=605889037728544&search_method=user&region=211&regionCnName=%E7%BE%8E%E5%9B%BD,玩具与游戏
1777254266263,temu,605923531713785,https://img.kwcdn.com/product/fancy/b8f39631-2209-45e9-8af4-b8850ee55f27.jpg,透明闪粉蓝水母 新奇治愈小物 海洋风桌面摆件 可用力握在手里,2026-03-24T14:14:56.478+00:00,307,307,半托,美国,https://www.temu.com/search_result.html?search_key=605923531713785&search_method=user&region=211&regionCnName=%E7%BE%8E%E5%9B%BD,玩具与游戏
1777254266263,temu,605972051417632,https://img.kwcdn.com/product/fancy/258fd5f4-9dba-4642-a711-395e996e4ef5.jpg,2件套 足球篮球比赛助威喇叭 朋友聚会活动喇叭-手推加油喇叭,2026-03-06T03:40:39.275+00:00,621,387,全托,美国,https://www.temu.com/search_result.html?search_key=605972051417632&search_method=user&region=211&regionCnName=%E7%BE%8E%E5%9B%BD,玩具与游戏
1777254266263,temu,605999364693978,https://img.kwcdn.com/product/open/73779c59efd74150b01fe4b2769d651c-goods.jpeg,"A Crystal Snake Stress Relief Toy, a Gentle Sensory Item, Amusing Gag Gift for Parties, Ideal for Office Desk Toys, Festive Decorations, And Presents",2026-03-25T13:51:07.723+00:00,753,638,全托,美国,https://www.temu.com/search_result.html?search_key=605999364693978&search_method=user&region=211&regionCnName=%E7%BE%8E%E5%9B%BD,玩具与游戏
1777254266263,temu,606065399793619,https://img.kwcdn.com/product/fancy/de1c5fd2-ad25-4366-9909-9f080abd7d72.jpg,"亚克力可堆叠展示盒，适用于English Booster Bundle，透明磁性封口收纳盒，专为交易卡、收藏品及体育纪念品设计,购买前请确认产品尺寸，适合老款 English Booster Bundle",2026-03-18T11:22:17.758+00:00,1818,1542,全托,美国,https://www.temu.com/search_result.html?search_key=606065399793619&search_method=user&region=211&regionCnName=%E7%BE%8E%E5%9B%BD,玩具与游戏
1777254266263,temu,606269679187894,https://img.kwcdn.com/product/fancy/60973b80-6831-4f49-b0a4-0b5475736676.jpg,1张/10张装，定制气球贴纸（3.54英寸×7.87英寸），生日派对装饰贴纸（不含气球），户外露营氛围装饰（仅含贴纸），定制骑行头盔贴纸（不含头盔），定制自行车贴纸，个性化生日派对装饰标签，定制求婚装饰气球标签（仅含贴纸），适用于周年庆装饰、公司年会装饰、生日气球、轮滑及骑行活动,2026-02-25T16:52:34.707+00:00,694,364,全托,美国,https://www.temu.com/search_result.html?search_key=606269679187894&search_method=user&region=211&regionCnName=%E7%BE%8E%E5%9B%BD,玩具与游戏
1777254266263,temu,606269679229352,https://img.kwcdn.com/product/open/d3324d437b4f40bdb022a5c65368d7ff-goods.jpeg,手绘猫咪软萌玩具，大型超柔软猫咪挤压解压玩具，卡哇伊软萌粘粘动物玩具儿童款，解压感官球玩具，适合自闭症儿童，情人节复活节斋月礼物（颜色随机）,2026-03-05T12:03:55.335+00:00,782,619,全托,美国,https://www.temu.com/search_result.html?search_key=606269679229352&search_method=user&region=211&regionCnName=%E7%BE%8E%E5%9B%BD,玩具与游戏
1777254266263,temu,606290885579372,https://img.kwcdn.com/product/open/e34fc89054fb4f0db393c0fb3f2f2d5f-goods.jpeg,22件/44件装迷你透明亚克力支架，适用于展示硬币、棒球卡、收藏品——现代简约桌面画架式支架，适用于家庭、办公室、陈列柜——供集换式卡牌与钱币经销商使用的微型展示架,2026-03-11T09:53:46.839+00:00,492,426,半托,美国,https://www.temu.com/search_result.html?search_key=606290885579372&search_method=user&region=211&regionCnName=%E7%BE%8E%E5%9B%BD,玩具与游戏
1777254266263,temu,606496842738899,https://img.kwcdn.com/product/fancy/f42b3032-331f-40da-a169-33d48d8fd85e.jpg,Shun Fei带手柄的条纹充气泳圈浮环，蓝白/粉白配色，适用于泳池/海滩/海滨，有儿童和成人4种尺寸，是送给男孩女孩们的夏日海滩派对必备礼物。,2026-03-16T12:57:00.069+00:00,425,327,全托,美国,https://www.temu.com/search_result.html?search_key=606496842738899&search_method=user&region=211&regionCnName=%E7%BE%8E%E5%9B%BD,玩具与游戏
1777254266263,temu,606508116995623,https://img.kwcdn.com/product/fancy/0edd27df-0079-4848-97dd-3fc22bdaea59.jpg,成人充气过山车游戏 - 坚固耐用且趣味的过山车游戏套装，非常适合家庭活动、聚会和户外活动,2026-03-02T05:20:57.741+00:00,446,373,半托,美国,https://www.temu.com/search_result.html?search_key=606508116995623&search_method=user&region=211&regionCnName=%E7%BE%8E%E5%9B%BD,玩具与游戏
1777254266263,temu,606566300361787,https://img.kwcdn.com/product/fancy/a1b5f64f-8f12-4c18-8fc4-04ce4d8d0af0.jpg,集换式卡牌扫描支架与ManaBox兼容TCG扫描站，适用于万智牌、Magic Apps及TCG应用程序，可收纳带保护套/无保护套的集换式卡牌，兼具派对用品与收藏家圣诞礼物功能,2026-03-31T16:37:37.243+00:00,402,330,全托,美国,https://www.temu.com/search_result.html?search_key=606566300361787&search_method=user&region=211&regionCnName=%E7%BE%8E%E5%9B%BD,玩具与游戏
1777254266263,temu,606585090860154,https://img.kwcdn.com/product/fancy/8578a830-32e6-4b85-9ff6-545ca1056346.jpg,乌鸦神谕卡组 - 55张动物精神卡牌，用于直觉解读、每日洞见与正念练习 - 用于自我反思与精神指引的占卜卡牌,2026-04-01T15:56:18.043+00:00,905,330,全托,美国,https://www.temu.com/search_result.html?search_key=606585090860154&search_method=user&region=211&regionCnName=%E7%BE%8E%E5%9B%BD,玩具与游戏
1777254266263,temu,601104523751281,https://img.kwcdn.com/product/fancy/395485f3-627f-4aed-a494-027bbd3893e0.jpg,"Cute Little Cucumber Life Adult Coloring Book - Fun Cartoon Patterns, Bringing Creative Fun to Embellish Daily Life",2026-02-13T13:15:13.830+00:00,1000,871,全托,美国,https://www.temu.com/search_result.html?search_key=601104523751281&search_method=user&region=211&regionCnName=%E7%BE%8E%E5%9B%BD,玩具与游戏
1777254266263,temu,601105799524531,https://img.kwcdn.com/product/fancy/c70baf36-07ff-4e25-9de3-a565d14ddf47.jpg,空间几何图形-球体-的捏捏乐挤压玩具，纯色简单款式设计挤压玩具，手感绝佳，可挤压乐趣，手指锻炼，柔软质地，慢回弹，适合办公桌玩具、个人收藏、生日礼物、节日礼物、圣诞礼物。随机颜色,2026-02-26T18:23:03.308+00:00,3725,2202,全托,美国,https://www.temu.com/search_result.html?search_key=601105799524531&search_method=user&region=211&regionCnName=%E7%BE%8E%E5%9B%BD,玩具与游戏
1777254266263,temu,602357979026155,https://img.kwcdn.com/local-goods-image/21a4886cc6/25ed1883-3c9b-47bc-93ac-966bb02f46d6_881x881.jpeg.format.jpg,"Perpetual Motion Desk Toy Vintage Novelty (Red) - STEM, School Science Retro Happy Dippy Dunking Bobbing Magic Famous Original Water Sippy Toy Thermodynamics Teacher Must Have For Classrooms Supplies Equipment A Great Gadget for Projects",2026-03-24T04:43:30.842+00:00,605,575,半托,美国,https://www.temu.com/search_result.html?search_key=602357979026155&search_method=user&region=211&regionCnName=%E7%BE%8E%E5%9B%BD,玩具与游戏
1777254266263,temu,605612549239346,https://img.kwcdn.com/product/fancy/a7e93c6e-7f94-44c0-9b57-780530d9f3f0.jpg,原创神谕卡牌套装，动物主题，54张优质卡牌，适合初学者和专业人士，个人珍藏卡牌，纸牌游戏，算命玩具,2026-03-02T20:47:46.261+00:00,900,386,全托,美国,https://www.temu.com/search_result.html?search_key=605612549239346&search_method=user&region=211&regionCnName=%E7%BE%8E%E5%9B%BD,玩具与游戏
1777254266263,temu,605628655356190,https://img.kwcdn.com/product/fancy/012a71a4-5042-4c13-a9f6-a024a1417b2a.jpg,婚礼定制扑克牌 - 个性化照片胶片礼物，适用于庆祝活动、游戏之夜和特殊场合 - 具有趣味设计和高品质纸张的独特纪念品，送给爱人,2026-02-27T11:48:22.172+00:00,1479,755,全托,美国,https://www.temu.com/search_result.html?search_key=605628655356190&search_method=user&region=211&regionCnName=%E7%BE%8E%E5%9B%BD,玩具与游戏
1777254266263,temu,605663350635349,https://img.kwcdn.com/product/fancy/b1937c8b-2876-4810-8163-802e1a0501ef.jpg,1:64精美独木舟模型 | 微缩景观装饰 | 塑料DIY套件，用于创意桌面场景模型与摄影道具,2026-02-18T07:40:26.005+00:00,1205,433,全托,美国,https://www.temu.com/search_result.html?search_key=605663350635349&search_method=user&region=211&regionCnName=%E7%BE%8E%E5%9B%BD,玩具与游戏
1777254266263,temu,605767503599132,https://img.kwcdn.com/product/fancy/e17dfd71-221d-40c4-965a-18af87ecb0ee.jpg,MOC动物鸟类野鸽模型积木创意套装拼装建筑积木玩具，朋友生日礼物、圣诞礼物、万圣节礼物，易于组装，适合送礼与收藏,2026-02-25T17:01:24.216+00:00,585,334,全托,美国,https://www.temu.com/search_result.html?search_key=605767503599132&search_method=user&region=211&regionCnName=%E7%BE%8E%E5%9B%BD,玩具与游戏
1777254266263,temu,605948361951496,https://img.kwcdn.com/product/fancy/295ef292-af31-4309-b619-28e4619fedf1.jpg,32件多彩指尖陀螺派对礼品 - 迷你指尖陀螺玩具，设计精巧，色彩鲜艳（绿色、红色、黄色、橙色、紫色、粉色）- 非常适合生日派对礼物、课堂奖励、万圣节和圣诞节礼物儿童派对礼品包,2026-04-04T20:34:55.388+00:00,2310,300,全托,美国,https://www.temu.com/search_result.html?search_key=605948361951496&search_method=user&region=211&regionCnName=%E7%BE%8E%E5%9B%BD,玩具与游戏
1777254266263,temu,606165794672693,https://img.kwcdn.com/product/open/6420f8e19796451e9436f235ff19f8e1-goods.jpeg,儿童体能训练敏捷圈 室内外跳圈圈玩具 幼儿园感统训练器材 亲子互动跳房子道具,2026-04-24T11:59:28.764+00:00,464,300,全托,美国,https://www.temu.com/search_result.html?search_key=606165794672693&search_method=user&region=211&regionCnName=%E7%BE%8E%E5%9B%BD,玩具与游戏
1777254266263,temu,606244177833704,https://img.kwcdn.com/product/open/6850d49ec411486ba169fe7f60db98bd-goods.jpeg,1020件扭扭棒纯色加花杆，共有20种颜色可供选择，升级机密加厚毛条，数量足够，可适用多种项目，DIY手工工艺，适用于初学者,2026-03-04T08:41:49.441+00:00,2776,506,半托,美国,https://www.temu.com/search_result.html?search_key=606244177833704&search_method=user&region=211&regionCnName=%E7%BE%8E%E5%9B%BD,玩具与游戏
1777254266263,temu,606357726051283,https://img.kwcdn.com/product/open/7975af09f7d543d8af1852f6fd2511b5-goods.jpeg,适合初学者，快速，光滑，耐用，趣味玩具游戏，逻辑训练玩具，| 成人益智脑力挑战与策略游戏 | 快速解题挑战 | 坚固积木设计 | 单块可旋转魔方，锻炼逻辑思维与空间能力,2026-04-18T00:17:02.987+00:00,353,300,全托,美国,https://www.temu.com/search_result.html?search_key=606357726051283&search_method=user&region=211&regionCnName=%E7%BE%8E%E5%9B%BD,玩具与游戏
1777254266263,temu,606535564513534,https://img.kwcdn.com/product/fancy/27642091-7f03-4517-81ef-018f580b244d.jpg,3个装吸盘旋转玩具，手指抓握旋转玩具，卡通洗澡玩具,2026-04-06T02:46:04.635+00:00,466,300,全托,美国,https://www.temu.com/search_result.html?search_key=606535564513534&search_method=user&region=211&regionCnName=%E7%BE%8E%E5%9B%BD,玩具与游戏
1777254266263,temu,601102317235706,https://img.kwcdn.com/product/open/8e75b35e44354a639cc3bf517a20d998-goods.jpeg,200张卡通动物主题2D平面贴纸，不重复精美装饰，适用于节日礼物、庆祝派对和家居装饰，班级奖励、生日礼物、自行车、滑板车、行李箱、笔记本、水瓶，2D平面,2026-02-06T05:11:34.102+00:00,1052,337,半托,美国,https://www.temu.com/search_result.html?search_key=601102317235706&search_method=user&region=211&regionCnName=%E7%BE%8E%E5%9B%BD,玩具与游戏
1777254266263,temu,601103580605966,https://img.kwcdn.com/product/fancy/9f527157-2889-4671-a1fe-fe065d5688e6.jpg,"2pcs Fun Receiver: Outdoor And Indoor Hand-eye Coordination Toys, Parent-child Interaction, Improve Hand-eye Coordination, Promote Parental Interaction - Includes 2 Racket And 4 Balls",2026-02-06T09:08:09.081+00:00,361,342,半托,美国,https://www.temu.com/search_result.html?search_key=601103580605966&search_method=user&region=211&regionCnName=%E7%BE%8E%E5%9B%BD,玩具与游戏
1777254266263,temu,605584363487053,https://img.kwcdn.com/product/open/3109c31b5739445880bc6106a3fb2214-goods.jpeg,2件套迷你娃娃屋烛台与蜡烛套装 | 采用3D打印技术打造，实现高精度与逼真设计。用途广泛：适用于娃娃屋装饰、DIY微缩模型、摄影道具及节日派对布置。是娃娃屋收藏家与装饰爱好者的必备配件,2026-03-11T03:36:27.859+00:00,493,332,全托,美国,https://www.temu.com/search_result.html?search_key=605584363487053&search_method=user&region=211&regionCnName=%E7%BE%8E%E5%9B%BD,玩具与游戏
1777254266263,temu,605679926500944,https://img.kwcdn.com/product/open/5d78d8d86e3e4e6bbeafdcdfdc9997cd-goods.jpeg,8件套迷你复刻版魔法复古书籍套装，万圣节装饰品，圣诞小礼物，娃娃屋配件，模型房屋装饰，模型房屋配件，微缩食物玩具，摄影道具，微缩景观装饰，微缩模型装饰品,2026-03-16T03:20:47.220+00:00,475,404,全托,美国,https://www.temu.com/search_result.html?search_key=605679926500944&search_method=user&region=211&regionCnName=%E7%BE%8E%E5%9B%BD,玩具与游戏
1777254266263,temu,605753209410670,https://img.kwcdn.com/product/fancy/55a19cf1-3621-43de-bc93-40423dacf3d3.jpg,复制硬币---科幻恐怖纪念币，异形电影纪念币，太空恐怖美学外星人纪念币，电影爱好者的礼物，科幻迷喜欢的收藏硬币/挑战币，幸运币,2026-02-10T09:12:56.262+00:00,1826,626,全托,美国,https://www.temu.com/search_result.html?search_key=605753209410670&search_method=user&region=211&regionCnName=%E7%BE%8E%E5%9B%BD,玩具与游戏
1777254266263,temu,605859644037093,https://img.kwcdn.com/product/open/b43549c3f88148dea4d7c6629389ef5e-goods.jpeg,复制币，10件自制玩具钱，美国250周年纪念硬币 - 双面高浮雕作品，“上帝保佑我们”| 250年自由纪念币，美国挑战币 1776-2026，十字爱国纪念品，礼物首选,2026-03-19T14:22:10.109+00:00,490,445,半托,美国,https://www.temu.com/search_result.html?search_key=605859644037093&search_method=user&region=211&regionCnName=%E7%BE%8E%E5%9B%BD,玩具与游戏
1777254266263,temu,605988627272076,https://img.kwcdn.com/product/fancy/bb7dc83d-420f-4585-8cd9-a0db3fbae20f.jpg,1:12微缩窗子，2种尺寸塑料迷你娃娃屋装饰DIY窗户,2026-03-09T00:22:16.872+00:00,563,348,全托,美国,https://www.temu.com/search_result.html?search_key=605988627272076&search_method=user&region=211&regionCnName=%E7%BE%8E%E5%9B%BD,玩具与游戏
1777254266263,temu,606158144277027,https://img.kwcdn.com/product/open/44da6c39f49f45f2bfbb4190b2509c40-goods.jpeg,"6-player Game Board, Large Size: 35cm/ 13.78 Inches-Includes: 1 Round Game Board, 24 Dice in 6 Colors, and 1 Dice Cup. Classic Dice Board Game for 6 Players, Featuring Numbered Pieces(1-6) - Perfect for Family Game Nights, Party Games",2026-03-25T06:04:41.074+00:00,461,442,半托,美国,https://www.temu.com/search_result.html?search_key=606158144277027&search_method=user&region=211&regionCnName=%E7%BE%8E%E5%9B%BD,玩具与游戏
1777254266263,temu,606342962074447,https://img.kwcdn.com/product/open/5e15f8656b7f47859d76e3494ad81803-goods.jpeg,感官立方体挤压玩具 儿童成人适用 柔软TPR材质 锻炼手部力量 旋转指尖陀螺 舒缓压力 派对礼品 三种尺寸 小号中号大号,2026-03-09T15:19:25.678+00:00,956,670,全托,美国,https://www.temu.com/search_result.html?search_key=606342962074447&search_method=user&region=211&regionCnName=%E7%BE%8E%E5%9B%BD,玩具与游戏
1777254266263,temu,606401548141137,https://img.kwcdn.com/product/open/587b421f41c54ff38718e940d435127d-goods.jpeg,大约 24/64PCS迷你木质红色瓢虫，带贴纸可粘贴装饰配件，适用于DIY手工艺、卡片制作、花园派对装饰，手工贴纸，完美适用于房间装饰,2026-03-03T00:48:27.284+00:00,899,554,全托,美国,https://www.temu.com/search_result.html?search_key=606401548141137&search_method=user&region=211&regionCnName=%E7%BE%8E%E5%9B%BD,玩具与游戏
1777254266263,temu,606412822402614,https://img.kwcdn.com/product/fancy/bb7e15a1-3988-4196-9f11-4eb5d72a2299.jpg,三丽鸥儿童绘画本、一步一步的绘画和绘画着色书、卡通趣味涂鸦简笔画幼儿园早教启蒙涂色画画本- 创意艺术活动，适用于教室、家庭或礼物craft kit,2026-02-05T14:27:41.928+00:00,1762,333,全托,美国,https://www.temu.com/search_result.html?search_key=606412822402614&search_method=user&region=211&regionCnName=%E7%BE%8E%E5%9B%BD,玩具与游戏
1777254266263,temu,606422418999494,https://img.kwcdn.com/product/open/584d3e51c82a4267af26e0e580e55a09-goods.jpeg,"Cream-Filled Simulation Cookies | Soft, Chewy, And Bouncy Tpr Extrusion Toys Suitable For Birthday, Christmas, Day, Valentine'S Day, Easter Gifts | Cost-Effective And Affordable",2026-03-06T01:55:39.602+00:00,663,399,全托,美国,https://www.temu.com/search_result.html?search_key=606422418999494&search_method=user&region=211&regionCnName=%E7%BE%8E%E5%9B%BD,玩具与游戏
1777254266263,temu,601105589101764,https://img.kwcdn.com/product/open/454adcef297b4c9bba3b94c76aca5f32-goods.jpeg,"50张 质感贴纸合集，瞬间点亮空间，透明水彩鸟贴纸 - 哑光表面，适用于塑料、玻璃、金属、异形手机壳-Suitable for rollerskating and cycling,Cycling stiers and decals",2026-01-09T01:57:53.543+00:00,996,428,全托,美国,https://www.temu.com/search_result.html?search_key=601105589101764&search_method=user&region=211&regionCnName=%E7%BE%8E%E5%9B%BD,玩具与游戏
1777254266263,temu,603273780149462,https://img.kwcdn.com/local-goods-image/212a0c35d4/13b67303-d9d7-4893-8d2e-21977282513d_800x800.jpeg.format.jpg,宝可梦集换式卡牌：超梦火龙铁盒（4包+1个宣传卡）[随机铁盒],2026-02-27T21:40:49.460+00:00,780,490,半托,美国,https://www.temu.com/search_result.html?search_key=603273780149462&search_method=user&region=211&regionCnName=%E7%BE%8E%E5%9B%BD,玩具与游戏
1777254266263,temu,605719386497105,https://img.kwcdn.com/product/open/a20a0a42d7d94123b8e7c29b107968a9-goods.jpeg,三支装烟花水枪玩具，烟花泼水枪，浪漫闪光水枪，适用于户外夏季泳池沙滩娱乐，高压水枪套装（儿童与成人通用），颜色随机,2026-03-05T09:23:37.718+00:00,419,351,全托,美国,https://www.temu.com/search_result.html?search_key=605719386497105&search_method=user&region=211&regionCnName=%E7%BE%8E%E5%9B%BD,玩具与游戏
1777254266263,temu,605746028716056,https://img.kwcdn.com/product/fancy/64fc6078-a207-495a-a056-2386d7a01703.jpg,3D打印九尾狐，多关节可动，幻想远古生物，幻想生物爱好者必备收藏，桌面摆件模型，适合当作各种节日礼物,2026-02-04T06:32:48.421+00:00,1066,320,全托,美国,https://www.temu.com/search_result.html?search_key=605746028716056&search_method=user&region=211&regionCnName=%E7%BE%8E%E5%9B%BD,玩具与游戏
1777254266263,temu,605914807554451,https://img.kwcdn.com/product/fancy/51700e4e-65e0-44dd-bd14-40559a38af57.jpg,2000片超大拼图桌面带盖，41.78*31.68英寸，可折叠便携式防滑拼图板，带有六个抽屉可用于拼图分类，带有支撑功能的支架，快速收纳拼图工具，折叠可作为宠物垫子游戏桌，完美的生日礼物 ，圣诞礼物。,2026-02-27T10:03:56.050+00:00,1456,490,全托,美国,https://www.temu.com/search_result.html?search_key=605914807554451&search_method=user&region=211&regionCnName=%E7%BE%8E%E5%9B%BD,玩具与游戏
1777254266263,temu,605926685834154,https://img.kwcdn.com/product/fancy/985ae4ed-f4b8-4e51-b42e-9a721c0664e2.jpg,Movable! 1:6 Full Alloy Soft Tail Mountain Bike Model | Soft Tail Shock Rebound | 360 Degree Wheel Rotation | Simulation Mountain Bicycle Toy | Alloy Mountain Downhill Bike | Fully Functional Movable Joints | Realistic Tire Tread | Can Stand / Can G,2026-02-10T05:22:20.805+00:00,978,404,全托,美国,https://www.temu.com/search_result.html?search_key=605926685834154&search_method=user&region=211&regionCnName=%E7%BE%8E%E5%9B%BD,玩具与游戏
1777254266263,temu,606006679599814,https://img.kwcdn.com/product/fancy/af44bfa6-44f2-4331-8115-36705823edaf.jpg,2026新款幼儿学习平板电脑，三语学习玩具，带音乐和声音，12个月男孩女孩语音治疗玩具，12个月音乐宝宝生日玩具，幼儿教育玩具圣诞礼物，适合英语,2026-02-04T07:51:15.974+00:00,4859,1285,全托,美国,https://www.temu.com/search_result.html?search_key=606006679599814&search_method=user&region=211&regionCnName=%E7%BE%8E%E5%9B%BD,玩具与游戏
1777254266263,temu,606008424393571,https://img.kwcdn.com/product/open/9537cb6984474cbf9889dda1e6bb9c6c-goods.jpeg,"正能量毛绒小熊，带盒装，My Little Worry Bear，附有贺卡-口袋大小的熊抱，party favors，最好的朋友纪念品，Plush Toy Pillows.泰迪熊毛绒玩具，适合婚礼派对、适合情人节。母亲节。父亲节、圣诞节、感恩节,新年礼物",2026-03-07T01:09:59.910+00:00,532,349,全托,美国,https://www.temu.com/search_result.html?search_key=606008424393571&search_method=user&region=211&regionCnName=%E7%BE%8E%E5%9B%BD,玩具与游戏
1777254266263,temu,606062245702522,https://img.kwcdn.com/product/fancy/14d74ebc-9941-4e1a-ade2-0236370bc942.jpg,"RHRU Valentine'S Day, Easter, Christmas, Cool Creative Retro Die-Cast Decorative Metal Truck, Mini Pickup Truck Toy for Cottages - a Pull Truck with Openable Doors for Children And Boys, 1:38 Alloy Pickup, Layered Tray Decoration",2026-02-09T10:28:44.666+00:00,967,709,全托,美国,https://www.temu.com/search_result.html?search_key=606062245702522&search_method=user&region=211&regionCnName=%E7%BE%8E%E5%9B%BD,玩具与游戏
1777254266263,temu,606390743612128,https://img.kwcdn.com/product/open/d8cb2075e2ce4b52867e2794926c6353-goods.jpeg,三丽鸥旗下Hello Kitty与库洛米等人气角色的立体贴纸，是装饰手机和笔记本电脑的绝佳选择。这些可爱的贴纸也是馈赠佳品,2026-03-22T14:13:55.709+00:00,331,310,全托,美国,https://www.temu.com/search_result.html?search_key=606390743612128&search_method=user&region=211&regionCnName=%E7%BE%8E%E5%9B%BD,玩具与游戏
1777254266263,temu,606456308977210,https://img.kwcdn.com/product/fancy/a1e6085b-a7d4-4d16-aee6-bca8aa6d2380.jpg,2D 幸运四叶草777硬币，闪耀的光彩和幸运象征，象征着好运与财富，字样“GOOD LUCK”传递着祝福与好运，富有传统幸运符号，色彩鲜艳、细节精致，传递着正能量与祝福，是作为个人收藏，还是送给亲朋好友，都是送上幸运与祝福的理想选择，带来满满的好运与幸福。,2026-02-09T07:22:33.782+00:00,1279,425,全托,美国,https://www.temu.com/search_result.html?search_key=606456308977210&search_method=user&region=211&regionCnName=%E7%BE%8E%E5%9B%BD,玩具与游戏
1777254266263,temu,606482112328184,https://img.kwcdn.com/product/fancy/e382a3bd-130e-43fb-b48a-a9e218a1703d.jpg,1件充气巨型大号足球，PVC材质加厚耐用便携式大型气球，适用于水上派对，泳池派对，海滩派对娱乐用品,2026-03-18T02:56:10.401+00:00,1194,750,全托,美国,https://www.temu.com/search_result.html?search_key=606482112328184&search_method=user&region=211&regionCnName=%E7%BE%8E%E5%9B%BD,玩具与游戏
1777254266263,temu,606530866899710,https://img.kwcdn.com/product/open/62d5f5af9559404082f31822838e0a1e-goods.jpeg,92张B型偶像V成员照片卡套装 - 包括60张LOMO卡和32张迷你贴纸，双面高清优质纸张制成，是粉丝收藏、演唱会互换的理想K-Pop商品,2026-03-06T04:18:23.610+00:00,578,372,全托,美国,https://www.temu.com/search_result.html?search_key=606530866899710&search_method=user&region=211&regionCnName=%E7%BE%8E%E5%9B%BD,玩具与游戏
1777254266263,temu,606564958218025,https://img.kwcdn.com/product/fancy/18b7537e-3ae9-43f7-90f9-b821a4814468.jpg,复制硬币--幸运加持】圣帕特里克节纪念币 四叶草浮雕设计 节日礼品,2026-02-09T07:22:35.128+00:00,615,378,全托,美国,https://www.temu.com/search_result.html?search_key=606564958218025&search_method=user&region=211&regionCnName=%E7%BE%8E%E5%9B%BD,玩具与游戏
1777254266263,temu,603280222601872,https://img.kwcdn.com/local-goods-image/211a2a41644/e9042ff9-97de-4205-b92b-81f09c1266c2_1152x1152.png.format.jpg,2020 NFL 赛程足球卡牌套装（40张卡片）,2026-03-10T12:47:46.358+00:00,1169,774,半托,美国,https://www.temu.com/search_result.html?search_key=603280222601872&search_method=user&region=211&regionCnName=%E7%BE%8E%E5%9B%BD,玩具与游戏
1777254266263,temu,605513597161705,https://img.kwcdn.com/product/fancy/35d47901-4f8b-4901-ae65-ebf912e967ee.jpg,12/24个新款恐龙软萌玩具 可爱挤压玩具 派个礼物 教室奖励礼物 儿童生日礼物 节日礼物 - 多种颜色,2026-02-14T15:50:34.880+00:00,1647,453,全托,美国,https://www.temu.com/search_result.html?search_key=605513597161705&search_method=user&region=211&regionCnName=%E7%BE%8E%E5%9B%BD,玩具与游戏
1777254266263,temu,605593020548764,https://img.kwcdn.com/product/open/fd4fa86b19744eb2a0a72ceeed2daf2e-goods.jpeg,"Soft Bullet Launcher for Kids, a Humorous Interactive Toy for Parents And Children to Enjoy Shooting Soft Bullets Together",2026-02-09T10:36:13.254+00:00,954,340,全托,美国,https://www.temu.com/search_result.html?search_key=605593020548764&search_method=user&region=211&regionCnName=%E7%BE%8E%E5%9B%BD,玩具与游戏
1777254266263,temu,605597785230379,https://img.kwcdn.com/product/fancy/417d8c4f-01b4-4b65-8476-3d53104d9d75.jpg,"U.S. 250Th Anniversary Commemorative Coin (1776-2026) - Exquisite 3D Bald Eagle Relief Coin, Double-Sided Historical Design Collectible Coin, High-Quality Replica Commemorative Medal",2026-03-20T08:39:08.863+00:00,815,740,全托,美国,https://www.temu.com/search_result.html?search_key=605597785230379&search_method=user&region=211&regionCnName=%E7%BE%8E%E5%9B%BD,玩具与游戏
1777254266263,temu,605851523874146,https://img.kwcdn.com/product/open/593608737dff4125a7c8a87b4566c638-goods.jpeg,可折叠防滑拼图板，带缓冲边缘和颜色编码游戏垫 - 便携式可折叠拼图盘，适用于家庭、旅行、派对 - 轻便收纳，耐用拼图桌垫,2026-02-24T14:45:17.667+00:00,1150,716,全托,美国,https://www.temu.com/search_result.html?search_key=605851523874146&search_method=user&region=211&regionCnName=%E7%BE%8E%E5%9B%BD,玩具与游戏
1777254266263,temu,605940241810702,https://img.kwcdn.com/product/algo_check/auto/7d96d0c53e4b03a5ca9b70e10ec1b794_1766848124910.jpg,15件-笑脸表情可爱表情海绵挤压玩具，手捏按压回弹儿童球，多种表情包搞怪有趣，适用于学校活动奖品以及派个聚会游戏互动礼品男孩女孩儿童节礼物-生日礼物,2026-01-27T01:46:41.915+00:00,1055,361,全托,美国,https://www.temu.com/search_result.html?search_key=605940241810702&search_method=user&region=211&regionCnName=%E7%BE%8E%E5%9B%BD,玩具与游戏
1777254266263,temu,606194315927253,https://img.kwcdn.com/product/open/277ff85688e041889ae8972fbcc3b704-goods.jpeg,8/16/32件装复活节钥匙扣玩具儿童派对礼物，含兔子泡泡玩具钥匙扣，适合作为儿童复活节彩蛋填充物，男孩女孩复活节篮子礼物，派对赠品，复活节新年彩蛋狩猎礼物，随机款式儿童派对礼包,2026-02-03T21:39:00.521+00:00,3891,2081,全托,美国,https://www.temu.com/search_result.html?search_key=606194315927253&search_method=user&region=211&regionCnName=%E7%BE%8E%E5%9B%BD,玩具与游戏
1777254266263,temu,606210354966557,https://img.kwcdn.com/product/fancy/8540fae4-c57f-409f-9125-a65b1704eea5.jpg,"Dollhouse Mini Seat 5pcs Set, 6 Color Choices, Christmas, Halloween, Dollhouse Additions Decoration Ornaments Model",2026-03-26T18:57:35.296+00:00,389,367,全托,美国,https://www.temu.com/search_result.html?search_key=606210354966557&search_method=user&region=211&regionCnName=%E7%BE%8E%E5%9B%BD,玩具与游戏
1777254266263,temu,606562944970715,https://img.kwcdn.com/product/open/55122c4f23224131becce86a10491807-goods.jpeg,一本34页的动物水彩画练习册，配有16幅插图，可爱的猫咪为主题的螺旋装订的水彩速写本，适合初学者的水彩纸，使用优质纸张制作的放松且易于上色的水彩填色书，初学至专业绘画者都可以使用，适合送给喜欢绘画的朋友，美术生礼物，适合生日、母亲节，节日、或复活节，,2026-03-23T07:51:06.514+00:00,2198,1612,全托,美国,https://www.temu.com/search_result.html?search_key=606562944970715&search_method=user&region=211&regionCnName=%E7%BE%8E%E5%9B%BD,玩具与游戏
1777254266263,temu,606579789257357,https://img.kwcdn.com/product/fancy/eec4bd97-3f56-47b2-b373-bae963dbe44d.jpg,"GOANDO Inflatable Tanning Pool with Water Sprinkler - 77"" X 48"" - Oversized Sunbathing Lounge Float with Spray Cooler · for Backyard Beach Pool Party",2026-01-31T19:43:34.167+00:00,364,306,半托,美国,https://www.temu.com/search_result.html?search_key=606579789257357&search_method=user&region=211&regionCnName=%E7%BE%8E%E5%9B%BD,玩具与游戏
1777254266263,temu,601103358353515,https://img.kwcdn.com/product/open/cd07222f7acc4dcfb71155e5bfe2c3a7-goods.jpeg,10/20/30 PCS 基督教派对邮票、男孩、女孩的宗教圣经礼物、复活节耶稣诞生派对用品、课堂奖励、嘉年华奖品、礼品袋和皮纳塔填充物,2026-03-13T05:07:48.267+00:00,1038,657,全托,美国,https://www.temu.com/search_result.html?search_key=601103358353515&search_method=user&region=211&regionCnName=%E7%BE%8E%E5%9B%BD,玩具与游戏
1777254266263,temu,603163184696935,https://img.kwcdn.com/local-goods-image/180430b3/65f986f1-cd92-468e-adc7-70d3d482cb47/ba97796ca773f595516f9261e30e5874.jpeg,SYNCFUN 12只装沙滩球 - 散装经典沙滩球充气泳池玩具，适用于游戏、成人儿童生日派对用品组合套装，彩虹色充气夏威夷风情装饰礼品,2026-03-21T10:37:30.221+00:00,426,343,半托,美国,https://www.temu.com/search_result.html?search_key=603163184696935&search_method=user&region=211&regionCnName=%E7%BE%8E%E5%9B%BD,玩具与游戏
1777254266263,temu,605619260117609,https://img.kwcdn.com/product/fancy/d3fd86d2-06c6-4be0-ae17-28dcbb68be41.jpg,婴儿房必备用品套装（0-12个月），包含引人入胜的益智玩具、可爱的手持摇铃（搭配鲜艳的动物图案），以及刺激感官的嗡嗡声，帮助提升运动技能和手眼协调能力（两件套）,2026-03-06T17:29:28.676+00:00,1252,788,全托,美国,https://www.temu.com/search_result.html?search_key=605619260117609&search_method=user&region=211&regionCnName=%E7%BE%8E%E5%9B%BD,母婴用品
1777254266263,temu,605910311228184,https://img.kwcdn.com/product/open/874cf40839584536b17ad418a0a934ce-goods.jpeg,3个装沙滩球套装 - 38Cm/15英寸足球造型，非常适合泳池足球、夏季海滩、泳池活动和派对必备品,2026-03-25T01:58:08.975+00:00,718,559,全托,美国,https://www.temu.com/search_result.html?search_key=605910311228184&search_method=user&region=211&regionCnName=%E7%BE%8E%E5%9B%BD,玩具与游戏
1777254266263,temu,605934067766764,https://img.kwcdn.com/product/fancy/a3dd4b1b-686a-42c7-bc83-8d60d610318d.jpg,1个小巧、趣味且可爱的水豚玩偶，旨在提供情感支持。它是送给男女朋友的生日或情人节的完美礼物，配有一个迷人的鸭子，既是积极的家居装饰品。,2026-02-21T12:34:49.502+00:00,2384,1084,全托,美国,https://www.temu.com/search_result.html?search_key=605934067766764&search_method=user&region=211&regionCnName=%E7%BE%8E%E5%9B%BD,玩具与游戏
1777254266263,temu,605981647964806,https://img.kwcdn.com/product/fancy/0c82449a-22cc-459b-adc0-9e5a93176570.jpg,"Set of Beach Toys for Summer Outdoor Fun, Including Sand Play Tools, a Beach Shovel, Water Play Toys for The Bathroom, Party Game Additions, Festival Gifts, And Items to Boost Interaction, Available in Various Colors And Styles",2026-03-26T04:13:05.844+00:00,338,304,全托,美国,https://www.temu.com/search_result.html?search_key=605981647964806&search_method=user&region=211&regionCnName=%E7%BE%8E%E5%9B%BD,玩具与游戏
1777254266263,temu,606256861397194,https://img.kwcdn.com/product/fancy/504c0d4e-0356-4b45-84ee-3a73fe687e38.jpg,顺飞1个/5个/10个 儿童软软压力球 感官挤压球坐立不安玩具、多色面团球、减压挤压球、彩色拉伸球自闭症感官玩具、自闭症儿童，室内外儿童成人学校解压礼物- 圣诞节、万圣节、感恩节完美礼物,2026-03-11T04:50:52.376+00:00,2831,2590,全托,美国,https://www.temu.com/search_result.html?search_key=606256861397194&search_method=user&region=211&regionCnName=%E7%BE%8E%E5%9B%BD,玩具与游戏
1777254266263,temu,606282899623974,https://img.kwcdn.com/product/algo_framework/ImageCm2InAlgo/dea6cdf2-f76b-11f0-b274-0a580aae2ec3.jpg,婴儿游戏健身房婴儿游戏垫，带钢琴的游戏垫，带有可拆卸游戏拱的游戏垫、婴儿游戏玩具、婴儿和幼儿的翻滚时间活动垫,2026-02-09T18:11:20.943+00:00,1284,700,全托,美国,https://www.temu.com/search_result.html?search_key=606282899623974&search_method=user&region=211&regionCnName=%E7%BE%8E%E5%9B%BD,玩具与游戏
1777254266263,temu,606330949623030,https://img.kwcdn.com/product/fmket/b5b26687db0c514d9cafdb304a20e25a.jpg,可爱高地牛毛绒玩具，这些柔软的卡通牛是完美的填充动物。它们是您的家居装饰品的绝佳选择，适合作为圣诞节、万圣节和生日礼物，送给朋友或参加派对。,2026-02-05T20:44:06.669+00:00,603,321,全托,美国,https://www.temu.com/search_result.html?search_key=606330949623030&search_method=user&region=211&regionCnName=%E7%BE%8E%E5%9B%BD,玩具与游戏
1777254266263,temu,606394501698104,https://img.kwcdn.com/product/open/14e9cf61eb01456294913dbef701f2a0-goods.jpeg,40英寸数字铝箔气球，足球主题设计，适用于生日派对装饰和足球赛事布置,2026-03-07T00:47:00.923+00:00,853,470,全托,美国,https://www.temu.com/search_result.html?search_key=606394501698104&search_method=user&region=211&regionCnName=%E7%BE%8E%E5%9B%BD,玩具与游戏
1777254266263,temu,606480333951459,https://img.kwcdn.com/product/fancy/71108ca0-1480-4365-8953-3ac46767559c.jpg,玉米洞游戏套装 红色/蓝色游戏板+6个豆袋，室内外通用，适合儿童成人/露营旅行/派对聚会/沙滩庭院娱乐 圣诞节礼物 万圣节礼物 派对用品,2026-01-30T23:07:09.141+00:00,487,454,半托,美国,https://www.temu.com/search_result.html?search_key=606480333951459&search_method=user&region=211&regionCnName=%E7%BE%8E%E5%9B%BD,玩具与游戏
1777254266263,temu,606482280099779,https://img.kwcdn.com/product/open/30228c20f96a4c6784305f6d088ef3d1-goods.jpeg,1：50仿真合金头工程车玩具，运输车辆卡车玩具套装，罐体车 垃圾车 箱体车 青少年玩具车模型，作为儿童节礼物，万圣节礼物，圣诞节礼物,2026-02-14T12:53:51.452+00:00,548,349,全托,美国,https://www.temu.com/search_result.html?search_key=606482280099779&search_method=user&region=211&regionCnName=%E7%BE%8E%E5%9B%BD,玩具与游戏
1777254266263,temu,602400828027664,https://img.kwcdn.com/local-goods-image/211a2a48124/4b682f78-4f16-4010-9d80-196183840396_800x800.png,宝可梦代币套装——10枚宝可梦官方收藏级TCG代币（款式随机）,2026-03-13T09:20:47.688+00:00,530,346,半托,美国,https://www.temu.com/search_result.html?search_key=602400828027664&search_method=user&region=211&regionCnName=%E7%BE%8E%E5%9B%BD,玩具与游戏
1777254266263,temu,602443509296475,https://img.kwcdn.com/local-goods-image/212a0cb8ac/90febfe4-4fe5-455c-957e-0320de0440c8_1250x1250.png,TOPPS复古棒球神秘单张保护板——发现一枚拥有50至100年历史的棒球卡 | 适合所有年龄段儿童与收藏家的完美礼物,2026-01-23T15:33:50.019+00:00,1758,452,半托,美国,https://www.temu.com/search_result.html?search_key=602443509296475&search_method=user&region=211&regionCnName=%E7%BE%8E%E5%9B%BD,玩具与游戏
1777254266263,temu,602648325521851,https://img.kwcdn.com/local-goods-image/211a2a4b39c/4ab888cc-c27e-4072-ab81-88d434ad4d69_800x800.jpeg.format.jpg,双倍宝可梦箔纸包——内含80张随机箔卡。您的卡牌可能与图片中所示有所不同,2026-01-30T13:31:25.362+00:00,1398,399,半托,美国,https://www.temu.com/search_result.html?search_key=602648325521851&search_method=user&region=211&regionCnName=%E7%BE%8E%E5%9B%BD,玩具与游戏
1777254266263,temu,605591074357700,https://img.kwcdn.com/product/fancy/91dd0a57-7c94-4485-95fa-acf9f3f8b170.jpg,NeslGenc 几何形状活动板-几何形状减压板，硅胶减压板适合儿童和青少年，带有12根硅胶条和便携收纳袋-理想的礼物选择（细节形状颜色随机）,2026-03-05T15:23:29.949+00:00,2166,1295,全托,美国,https://www.temu.com/search_result.html?search_key=605591074357700&search_method=user&region=211&regionCnName=%E7%BE%8E%E5%9B%BD,玩具与游戏
1777254266263,temu,605730727938104,https://img.kwcdn.com/product/fancy/85c3d9f2-5881-471f-b9cd-166280e90e84.jpg,斯塔洛3件套迷你可爱猫咪与鱼缸摆件，迷你树脂桌面装饰，创意娃娃屋装饰品,2026-02-21T14:59:03.815+00:00,664,519,全托,美国,https://www.temu.com/search_result.html?search_key=605730727938104&search_method=user&region=211&regionCnName=%E7%BE%8E%E5%9B%BD,玩具与游戏
1777254266263,temu,605798306548248,https://img.kwcdn.com/product/open/5e7e55563bb340e794871d9cae46638f-goods.jpeg,多彩雪花冰塊擠壓玩具，解壓多彩雪花方塊，手感柔軟的擠壓玩具，派對禮物 | 辦公室玩具 | 節日禮物 | 兒童生日禮物 | 返校季禮物,2026-02-03T00:13:21.166+00:00,5105,2908,全托,美国,https://www.temu.com/search_result.html?search_key=605798306548248&search_method=user&region=211&regionCnName=%E7%BE%8E%E5%9B%BD,玩具与游戏
1777254266263,temu,605825150119807,https://img.kwcdn.com/product/fancy/391ee546-18ed-4ee7-8092-1ff4eceeb1f4.jpg,三层魔方益智玩具 - 纯色可旋转脑力挑战器，顺滑无卡顿，多色可选（蓝/红/黄） - 适合初学者的圣诞礼物，提升空间感知与问题解决能力,2026-02-07T12:58:43.540+00:00,1166,1023,全托,美国,https://www.temu.com/search_result.html?search_key=605825150119807&search_method=user&region=211&regionCnName=%E7%BE%8E%E5%9B%BD,玩具与游戏
1777254269345,temu,606083720576779,https://img.kwcdn.com/product/open/43d94c46020e4d5e9f9d839261593046-goods.jpeg,"1个可爱便士罐，带硬币槽和盖子，储蓄罐，多色便士罐，家居装饰储物罐，糖果色（, ）- 5.5+2.9英寸",2026-02-13T07:23:58.953+00:00,471,331,全托,美国,https://www.temu.com/search_result.html?search_key=606083720576779&search_method=user&region=211&regionCnName=%E7%BE%8E%E5%9B%BD,玩具与游戏
1777254269345,temu,606409064301549,https://img.kwcdn.com/product/fancy/15b794f8-08fe-4893-8212-46e85d8c5df3.jpg,"1/12 Scale Fitness Equipment Mini Model, Dollhouse Scene Decoration Model, Treadmill, Weightlifting Set, Miniature Gym, Weight Bench Press Barbell Model, Dollhouse Decor, Photography Props",2026-02-12T08:30:35.040+00:00,835,339,全托,美国,https://www.temu.com/search_result.html?search_key=606409064301549&search_method=user&region=211&regionCnName=%E7%BE%8E%E5%9B%BD,玩具与游戏
1777254269345,temu,606418593743375,https://img.kwcdn.com/product/fancy/4e2cb914-3458-4f04-ac0e-69e51d4bff9f.jpg,500pcs/1000pcs成人拼图大型拼图礼品家庭互动、拼图DIY家居装饰、为生日，情人节，母亲节，感恩节，复活节，而设计的优质家庭趣味拼图，送礼，深得拼图爱好喜爱,2026-02-17T23:20:50.805+00:00,681,462,全托,美国,https://www.temu.com/search_result.html?search_key=606418593743375&search_method=user&region=211&regionCnName=%E7%BE%8E%E5%9B%BD,玩具与游戏
1777254269345,temu,606451275766188,https://img.kwcdn.com/product/fancy/9faccc32-cb8e-4cb9-81f7-0cfd4e39f2ed.jpg,適用於PKMN增強盒的壓克力展示盒，專為PKMN增強盒設計，採用可堆疊設計，厚度為6mm+6mm+3mm，配有磁性蓋，提供清晰可見度,2026-03-20T09:40:27.313+00:00,630,584,半托,美国,https://www.temu.com/search_result.html?search_key=606451275766188&search_method=user&region=211&regionCnName=%E7%BE%8E%E5%9B%BD,玩具与游戏
1777254269345,temu,606465972655521,https://img.kwcdn.com/product/fancy/2e181d3c-f22f-49a9-9ef1-53d5d7fe6b6a.jpg,32件龙蛋套装装饰品 | 包括16个龙和16个蛋，龙高4.92英寸，蛋直径2.2英寸，混合颜色，塑料材质，TULINGWANJU官方授权，非常适合家庭、办公室和派对装饰,2026-01-28T07:14:34.190+00:00,560,359,半托,美国,https://www.temu.com/search_result.html?search_key=606465972655521&search_method=user&region=211&regionCnName=%E7%BE%8E%E5%9B%BD,玩具与游戏
1777254269345,temu,605623018222830,https://img.kwcdn.com/product/fancy/4cd3993d-b6c0-4ef7-b8fd-ec4e85a4a3ea.jpg,"Colorful Fidget Spinner Toy - Gradient Colorful Metal Fidget Spinner with 6 Unique Designs, Relax Fidget Toy for Kids, Birthday Christmas Gift, Novelty Fidget Toy for Relax & Play, Fidget Spinner Toy, Playful Design, Durable Construction",2026-03-26T13:19:30.689+00:00,1200,1161,全托,美国,https://www.temu.com/search_result.html?search_key=605623018222830&search_method=user&region=211&regionCnName=%E7%BE%8E%E5%9B%BD,玩具与游戏
1777254269345,temu,605644895693778,https://img.kwcdn.com/product/open/7e864347f1b44c089facf6d5add67a64-goods.jpeg,4件装夏季水炮玩具，适用于户外泳池和沙滩派对游戏，是水战和摄影道具的完美选择，也是男孩女孩生日惊喜的理想礼物,2026-03-27T00:55:15.980+00:00,465,448,全托,美国,https://www.temu.com/search_result.html?search_key=605644895693778&search_method=user&region=211&regionCnName=%E7%BE%8E%E5%9B%BD,玩具与游戏
1777254269345,temu,605736297967042,https://img.kwcdn.com/product/open/6a78a0a45b114b548196c545136f259f-goods.jpeg,专业折叠国际象棋套装，含棋子和2个备用卒子 - 高级礼品盒，旅行友好型便携式桌面游戏，适用于跳棋和国际象棋策略，适用于33个场景,2026-02-28T08:35:39.886+00:00,371,355,半托,美国,https://www.temu.com/search_result.html?search_key=605736297967042&search_method=user&region=211&regionCnName=%E7%BE%8E%E5%9B%BD,玩具与游戏
1777254269345,temu,605813875833886,https://img.kwcdn.com/product/open/2b4791276ed24db79529fa9c1e7c8fc5-goods.jpeg,8个彩色风动蝴蝶玩具，非常适合儿童派个礼物、课堂奖励、复活节篮子填充物、指尖玩具批量、课堂宝箱玩具、儿童派个礼物、皮纳塔填充物、女孩男孩儿童玩具,2026-03-20T02:31:47.558+00:00,656,323,全托,美国,https://www.temu.com/search_result.html?search_key=605813875833886&search_method=user&region=211&regionCnName=%E7%BE%8E%E5%9B%BD,玩具与游戏
1777254269345,temu,605831055703367,https://img.kwcdn.com/product/fancy/8c076650-ab14-403d-b9e0-ee2d174cd0fb.jpg,儿童游泳漂浮圈带水枪，充气水上座椅，适合3岁以上男孩女孩,2026-02-13T08:48:40.035+00:00,697,398,半托,美国,https://www.temu.com/search_result.html?search_key=605831055703367&search_method=user&region=211&regionCnName=%E7%BE%8E%E5%9B%BD,玩具与游戏
1777254269345,temu,605839444288225,https://img.kwcdn.com/product/open/4df243a640bc43c6809727c57dcc8f21-goods.jpeg,PANINI NBA TOP CLASS 经典集换式卡牌系列，每包包含 6 张卡片，提供机会寻找 NBA 明星签名卡，卡牌设计精美，是 NBA 粉丝的必备之选，也是收藏家的完美礼物,2026-03-05T13:59:36.653+00:00,616,317,全托,美国,https://www.temu.com/search_result.html?search_key=605839444288225&search_method=user&region=211&regionCnName=%E7%BE%8E%E5%9B%BD,玩具与游戏
1777254269345,temu,605908633535933,https://img.kwcdn.com/product/fancy/228477a9-8af9-4f45-a1c6-34ea86254744.jpg,儿童泳池跳水环玩具，可迅速沉入水中进行游泳训练的游戏，包含 2 件套或 4 件套泳池跳水玩具。,2026-03-22T05:20:22.660+00:00,931,811,全托,美国,https://www.temu.com/search_result.html?search_key=605908633535933&search_method=user&region=211&regionCnName=%E7%BE%8E%E5%9B%BD,玩具与游戏
1777254269345,temu,605991110321799,https://img.kwcdn.com/product/fancy/083f8fe7-ee92-4540-91f6-e43dff92b749.jpg,4件 站立生日造型气球套装，颜色非常的高端大气，适合生日派对，让你拥有不一样的生日气氛,2026-03-12T02:33:18.856+00:00,641,372,全托,美国,https://www.temu.com/search_result.html?search_key=605991110321799&search_method=user&region=211&regionCnName=%E7%BE%8E%E5%9B%BD,玩具与游戏
1777254269345,temu,606113047089095,https://img.kwcdn.com/product/open/8a0bda8e266c4446ab964b17ef864f0a-goods.jpeg,250周年鹰纪念币 混色铁币 适合历史爱好者收藏者节日礼物 历史250年,2026-03-25T18:46:31.530+00:00,388,385,半托,美国,https://www.temu.com/search_result.html?search_key=606113047089095&search_method=user&region=211&regionCnName=%E7%BE%8E%E5%9B%BD,玩具与游戏
1777254269345,temu,606502412758968,https://img.kwcdn.com/product/fancy/39d506ce-803c-4a72-a090-a57d14f80dc4.jpg,新奇复古高脚电话亭灯，电话亭灯情人节复活节装饰摆件，家居装饰办公室桌面摆件雕像礼物，适用于家庭办公室的分层托盘桌面装饰，新年礼物，周年纪念日礼物，8.5英寸,2026-03-13T10:50:54.004+00:00,1260,950,半托,美国,https://www.temu.com/search_result.html?search_key=606502412758968&search_method=user&region=211&regionCnName=%E7%BE%8E%E5%9B%BD,玩具与游戏
1777254269345,temu,601105364533529,https://img.kwcdn.com/product/fancy/5e8da9ec-cff8-4667-a1fc-2de5333f20c1.jpg,可爱兔子毛绒玩具 卡通兔子动物玩偶 柔软填充玩偶抱枕 陪伴玩偶 舒适沙发装饰摆件 亲友生日节日礼物,2026-02-10T02:44:24.808+00:00,1289,320,全托,美国,https://www.temu.com/search_result.html?search_key=601105364533529&search_method=user&region=211&regionCnName=%E7%BE%8E%E5%9B%BD,玩具与游戏
1777254269345,temu,601105788886762,https://img.kwcdn.com/product/fancy/5f80ce66-4466-4fee-9112-e3639d37b942.jpg,统一定制【金色】水晶贴，贴纸个性化定制，UV转印透明品牌，丝网印刷，自粘字母剥离膜热压高品质贴纸，适用于包装盒、贺卡、婚礼、生日，商业品牌推广。,2026-03-06T04:27:11.363+00:00,390,364,全托,美国,https://www.temu.com/search_result.html?search_key=601105788886762&search_method=user&region=211&regionCnName=%E7%BE%8E%E5%9B%BD,玩具与游戏
1777254269345,temu,605503899985786,https://img.kwcdn.com/product/fancy/5d25c4c9-1c33-42ef-b9a7-48f021cd9e17.jpg,4件套泳池玩具 | 水枪套装 | 亮彩拉出式喷水管 | 户外夏季水上玩耍，适用于泳池、海滩、花园 | 圣诞节复活节礼物，送给男孩和女孩,2026-03-11T06:29:06.065+00:00,642,350,全托,美国,https://www.temu.com/search_result.html?search_key=605503899985786&search_method=user&region=211&regionCnName=%E7%BE%8E%E5%9B%BD,玩具与游戏
1777254269345,temu,605510543722374,https://img.kwcdn.com/product/open/e571f91ad1c247289880e1a07792944e-goods.jpeg,"Prefilled Easter Eggs Containing Cute Slow Rising Fast Food Squishies | Ideal For Egg Hunts, Classroom Rewards, Easter Birthday Presents, Mixed Color, Thermoplastic Polyurethane Material",2026-02-27T15:08:57.652+00:00,406,399,全托,美国,https://www.temu.com/search_result.html?search_key=605510543722374&search_method=user&region=211&regionCnName=%E7%BE%8E%E5%9B%BD,玩具与游戏
1777254269345,temu,605654425138844,https://img.kwcdn.com/product/open/06f61dc8b81b44f8b72f65e79ba73294-goods.jpeg,3D感官忙碌板立方体，带20根彩色棒，纹理活动拼图块，用于手指练习、手眼协调和空间思维，光滑边缘设计桌面游戏工具，适合家庭办公室旅行，创意解压指尖玩具，青少年礼物,2026-03-05T06:17:09.500+00:00,438,344,全托,美国,https://www.temu.com/search_result.html?search_key=605654425138844&search_method=user&region=211&regionCnName=%E7%BE%8E%E5%9B%BD,玩具与游戏
1777254269345,temu,605718044332916,https://img.kwcdn.com/product/open/5bb5486b4a4b4c4885ae1550a0bb6931-goods.jpeg,50件迷你耶稣雕像套装——多彩宗教小摆件，适用于家庭装饰点缀及宗教节日礼品赠送，如周日礼拜、学校洗礼、万圣节、感恩节、圣诞节、复活节等场合,2026-03-03T01:35:40.337+00:00,968,488,半托,美国,https://www.temu.com/search_result.html?search_key=605718044332916&search_method=user&region=211&regionCnName=%E7%BE%8E%E5%9B%BD,玩具与游戏
1777254269345,temu,605842397096230,https://img.kwcdn.com/product/fancy/60e304c8-ad10-41d7-9241-170c8bdbbb38.jpg,儿童六边形拼图玩具 - 木质益智玩具，带可扩展框架，高饱和度色块，适合作为毕业、万圣节、圣诞节、新年礼物，亲子互动学习游戏，拼图玩具,2026-02-25T19:30:56.168+00:00,618,320,全托,美国,https://www.temu.com/search_result.html?search_key=605842397096230&search_method=user&region=211&regionCnName=%E7%BE%8E%E5%9B%BD,玩具与游戏
1777254269345,temu,606205254687864,https://img.kwcdn.com/product/open/a33cef27e4aa4c89917389e57090c512-goods.jpeg,塔巴粉色草莓挤压玩具——一款趣味逼真的草莓造型手指感官刺激与放松玩具。具备缓冲回弹特性，既是生日礼物也是派对装饰。是圣诞节、复活节和斋月的绝佳赠礼,2026-02-27T12:40:46.227+00:00,465,397,全托,美国,https://www.temu.com/search_result.html?search_key=606205254687864&search_method=user&region=211&regionCnName=%E7%BE%8E%E5%9B%BD,玩具与游戏
1777254269345,temu,606409064333032,https://img.kwcdn.com/product/open/2c26fe0983b343b191e7b2f2d10084d8-goods.jpeg,"Sanrio Hello Kitty 9.84inch, a Sitting Posture Holding Strawberry Kulomi Melody Plush Toy, Decompression Toy, Home Decoration Ornament, Doll for Girlfriend's Ideal Choice, Perfect Birthday Gift, Holiday Gift",2026-02-22T02:31:22.805+00:00,520,447,半托,美国,https://www.temu.com/search_result.html?search_key=606409064333032&search_method=user&region=211&regionCnName=%E7%BE%8E%E5%9B%BD,玩具与游戏
1777254269345,temu,606497044013526,https://img.kwcdn.com/product/open/cc1364774dc94fd685e2482743bb5063-goods.jpeg,"Children's Makeup Sets, Washable, Sets, Nail Art Sets, Princess Toys And Birthday Gifts, Suitable for Girls Aged 3 And Up, Are The Perfect Choice for Valentine's Day, Christmas And Back-to-school Gifts.",2026-03-10T02:17:12.401+00:00,490,357,半托,美国,https://www.temu.com/search_result.html?search_key=606497044013526&search_method=user&region=211&regionCnName=%E7%BE%8E%E5%9B%BD,玩具与游戏
1777254269345,temu,605525408346618,https://img.kwcdn.com/product/fancy/aff80add-815f-463c-a9ff-3121c64b4921.jpg,"Blue Snowflake Cube of Ice Squishy Toy - Cube of Ice Squeeze Toy with Snowflake Inside, Slow Rebound Sensory Toy, Taba Clay, Party Favor Bag Filler Toy, Sensory Toy, Holiday Gift, Snowflake Design Soft Texture, Party Toy",2026-03-24T13:26:00.464+00:00,491,376,全托,美国,https://www.temu.com/search_result.html?search_key=605525408346618&search_method=user&region=211&regionCnName=%E7%BE%8E%E5%9B%BD,玩具与游戏
1777254269345,temu,605527992040780,https://img.kwcdn.com/product/fancy/29e30a07-ed03-4d57-b251-8488fcdd4edf.jpg,1个逼真柔软牛奶盒挤压玩具摆件，趣味慢回弹解压玩具派个装饰品，趣味圣诞节感恩节新年派个礼物，家居装饰派个礼物生日礼物，复活节礼物,2026-03-07T08:19:45.635+00:00,1188,762,全托,美国,https://www.temu.com/search_result.html?search_key=605527992040780&search_method=user&region=211&regionCnName=%E7%BE%8E%E5%9B%BD,玩具与游戏
1777254269345,temu,605545574532003,https://img.kwcdn.com/product/open/b8268579fc7a4d128bc496c120c5d697-goods.jpeg,1个哥特骷髅骰子 - 黑色和金色树脂六面体d6骰子，带骷髅面孔胶囊，耐用桌面角色扮演游戏、棋盘游戏配件、派对游戏、主题房间装饰（兼容D&D类系统）,2026-03-25T12:10:20.711+00:00,358,357,半托,美国,https://www.temu.com/search_result.html?search_key=605545574532003&search_method=user&region=211&regionCnName=%E7%BE%8E%E5%9B%BD,玩具与游戏
1777254269345,temu,605599328752502,https://img.kwcdn.com/product/fancy/0509692c-28c0-4c27-92a6-780f7789b958.jpg,永生花仿真花花朵积木小颗粒拼装桌面玩具摆件，适合6岁以上，生日礼物，圣诞节礼物，情人节礼物,2026-02-05T06:53:10.563+00:00,740,328,全托,美国,https://www.temu.com/search_result.html?search_key=605599328752502&search_method=user&region=211&regionCnName=%E7%BE%8E%E5%9B%BD,玩具与游戏
1777254269345,temu,605600536711813,https://img.kwcdn.com/product/fancy/b7139bb4-8d93-47e1-ab45-18ddc56b00c7.jpg,可爱仓鼠挤压玩具，升级款高品质感官玩具，适合办公室指尖玩具和小礼物，节日装饰礼品。聚会、缓压小玩具，圣诞节、感恩节、复活节礼品、礼品包填充物,2026-02-09T02:56:06.928+00:00,748,555,全托,美国,https://www.temu.com/search_result.html?search_key=605600536711813&search_method=user&region=211&regionCnName=%E7%BE%8E%E5%9B%BD,玩具与游戏
1777254269345,temu,605647512951429,https://img.kwcdn.com/product/fancy/fce50613-1464-48f7-8be3-0226c3a16f23.jpg,一本可爱又温馨的成人及青少年涂色书，包含神秘生物、恐怖传说和诡异艺术时刻，24幅精美插图，描绘了蛾人和它奇幻的世界，非常适合成人、青少年以及任何需要创意放松的人！,2026-02-09T21:51:27.989+00:00,1173,524,全托,美国,https://www.temu.com/search_result.html?search_key=605647512951429&search_method=user&region=211&regionCnName=%E7%BE%8E%E5%9B%BD,玩具与游戏
1777254269345,temu,605842531290851,https://img.kwcdn.com/product/open/a85cee7e9e1c435b94cc73392cbd1bcd-goods.jpeg,复活节彩蛋填充玩具套装 - 内含降落伞玩具的预装彩蛋填充物，适合4-12岁男女童的复活节礼物创意及户外游戏,2026-02-22T10:54:03.524+00:00,658,445,半托,美国,https://www.temu.com/search_result.html?search_key=605842531290851&search_method=user&region=211&regionCnName=%E7%BE%8E%E5%9B%BD,玩具与游戏
1777254269345,temu,605948764613364,https://img.kwcdn.com/product/fancy/5bd5a4f2-ff30-4197-9246-ef059aaa566b.jpg,3枚精美3D雕刻纪念币，美国建国250周年纪念币，精美设计并配备防尘保护壳，爱国者及历史爱好者的收藏佳品，金属质感，也可作为礼物赠送,2026-03-27T09:52:12.991+00:00,621,603,全托,美国,https://www.temu.com/search_result.html?search_key=605948764613364&search_method=user&region=211&regionCnName=%E7%BE%8E%E5%9B%BD,玩具与游戏
1777254269345,temu,605999431835712,https://img.kwcdn.com/product/fancy/da3def63-f490-45e6-b60a-9bb27ea54064.jpg,手工树脂展示柜 - 便携娃娃盒、密室盒及收藏品储物箱 - 适用于桌面、卧室、客厅装饰 - 万圣节与圣诞佳礼，存储柜、陈列架、篮筐、家居整理神器,2026-02-02T20:49:59.604+00:00,923,315,全托,美国,https://www.temu.com/search_result.html?search_key=605999431835712&search_method=user&region=211&regionCnName=%E7%BE%8E%E5%9B%BD,玩具与游戏
1777254269345,temu,606015001043864,https://img.kwcdn.com/product/fancy/a1eb925a-aac7-473a-845b-d0a7734fcae0.jpg,Shirune 1件装 娃娃屋微缩吊灯 1:12比例 微缩场景模型吊灯 五头吊顶灯 奢华娃娃屋装饰配件,2026-02-27T00:11:04.271+00:00,1368,446,全托,美国,https://www.temu.com/search_result.html?search_key=606015001043864&search_method=user&region=211&regionCnName=%E7%BE%8E%E5%9B%BD,玩具与游戏
1777254269345,temu,606057883655058,https://img.kwcdn.com/product/fancy/a4b1df34-6d95-4399-bb31-3301c551a276.jpg,"1 Miniature Realistic Simulation Stroller for Dollhouse Decoration, Pink/Purple Lifelike Stroller with Folding Basket and Safety Belt - Ideal Birthday Gift for Doll Lovers, Dollhouse Decor, Suitable for Dollhouse DIY Scenes, Model Enthusiasts",2026-03-13T08:41:04.083+00:00,408,368,全托,美国,https://www.temu.com/search_result.html?search_key=606057883655058&search_method=user&region=211&regionCnName=%E7%BE%8E%E5%9B%BD,玩具与游戏
1777254269345,temu,606067547283340,https://img.kwcdn.com/product/fancy/5f494f72-1bee-47a4-866d-069a3cdfa066.jpg,1件充气巨型大号彩色球，PVC材质加厚耐用便携式大型气球，夏季水上游戏球，适用于泳池海边派对多人投掷游戏,2026-03-25T05:03:38.128+00:00,634,481,全托,美国,https://www.temu.com/search_result.html?search_key=606067547283340&search_method=user&region=211&regionCnName=%E7%BE%8E%E5%9B%BD,玩具与游戏
1777254269345,temu,606098954232337,https://img.kwcdn.com/product/fancy/6811c9f8-2a0d-4074-8367-e46a49912758.jpg,超大號骨牌套裝 - 28枚經典白色骨牌，附收納盒，便攜設計，適合家庭遊戲、派對遊戲及團隊建設活動。桌遊,2026-01-31T02:25:36.493+00:00,664,483,半托,美国,https://www.temu.com/search_result.html?search_key=606098954232337&search_method=user&region=211&regionCnName=%E7%BE%8E%E5%9B%BD,玩具与游戏
1777254269345,temu,606111369371018,https://img.kwcdn.com/product/fancy/4abf1f8d-9fed-4386-85ae-18c22a20cb55.jpg,20Cm/7.87In 卡通可爱 Wemmbu 毛绒玩具，带柔软表情，填充动物娃娃，适合桌面陪伴、情绪支持、房间装饰、节日礼物和儿童生日礼物，包括复活节和情人节,2026-02-09T01:29:42.188+00:00,663,381,全托,美国,https://www.temu.com/search_result.html?search_key=606111369371018&search_method=user&region=211&regionCnName=%E7%BE%8E%E5%9B%BD,玩具与游戏
1777254269345,temu,606239882866943,https://img.kwcdn.com/product/fancy/dede0676-40bd-4265-a386-c604f27b27c2.jpg,一套6个Grimdark 40K 战斗指示器 | 桌面RPG和战争游戏的提醒令牌和部署区域标记,2026-03-24T11:09:45.193+00:00,926,642,全托,美国,https://www.temu.com/search_result.html?search_key=606239882866943&search_method=user&region=211&regionCnName=%E7%BE%8E%E5%9B%BD,玩具与游戏
1777254269345,temu,606262766979235,https://img.kwcdn.com/product/fancy/cabd1513-d3ab-4f25-a670-08721dbfe90a.jpg,成人和儿童涂色书，大胆而简单，简约而大胆的设计，放松身心，包含动物、风景、花卉、图案、可爱事物，情人节，斋月节，新年礼物，开学季礼物,2026-02-11T13:00:44.323+00:00,616,323,全托,美国,https://www.temu.com/search_result.html?search_key=606262766979235&search_method=user&region=211&regionCnName=%E7%BE%8E%E5%9B%BD,玩具与游戏
1777254269345,temu,606459530181190,https://img.kwcdn.com/product/fancy/ccde432f-549f-41eb-ab09-558fad2726dc.jpg,12PCS婴幼儿洗澡玩具套装(6只可堆叠浮船+6只动物手偶) 宝宝沐浴戏水玩具 益智早教男女孩 亲子互动,2026-02-09T17:25:48.305+00:00,612,341,全托,美国,https://www.temu.com/search_result.html?search_key=606459530181190&search_method=user&region=211&regionCnName=%E7%BE%8E%E5%9B%BD,玩具与游戏
1777254269345,temu,606466442386106,https://img.kwcdn.com/product/fancy/b8899069-5681-498d-908b-427ef2e16603.jpg,"1/6pcs Firework Shaped Water Guns, Large Capacity Retractable Water Blasters, Suitable for Outdoor Pool, Beach Party Game Props, Pool Water Battles, Photography Props, Boys And Girls Birthday Surprise Gifts, Summer Beach And Water Festival",2026-03-25T07:35:18.270+00:00,829,818,全托,美国,https://www.temu.com/search_result.html?search_key=606466442386106&search_method=user&region=211&regionCnName=%E7%BE%8E%E5%9B%BD,玩具与游戏
1777254269345,temu,606481944546543,https://img.kwcdn.com/product/fancy/e6bf0a80-0869-4523-8539-81f48fe31db7.jpg,1pack/2packs，商店主题贴纸，店铺经营收纳场景贴纸，拼贴装饰贴纸 趣味文具贴纸DIY拼贴剪贴簿相册手机壳日记日历贺卡,2026-02-25T15:27:21.842+00:00,649,341,全托,美国,https://www.temu.com/search_result.html?search_key=606481944546543&search_method=user&region=211&regionCnName=%E7%BE%8E%E5%9B%BD,玩具与游戏
1777254269345,temu,606515834488699,https://img.kwcdn.com/product/fancy/3dda9a86-b507-4bc9-8b80-5fce67a50417.jpg,帕尼尼 2026 国际足联 365 Adrenalyn XL 卡 | 球迷礼物 纸牌游戏 顶级俱乐部 足球卡牌 官方足球 卡 球迷必备,2026-03-05T17:18:39.488+00:00,513,325,全托,美国,https://www.temu.com/search_result.html?search_key=606515834488699&search_method=user&region=211&regionCnName=%E7%BE%8E%E5%9B%BD,玩具与游戏
1777254269345,temu,601103310674918,https://img.kwcdn.com/product/fancy/25e32118-5e34-4293-acc4-819d716f7620.jpg,18pcs 可折叠手推车，大容量田径器材运输车，全地形折叠宠物推车，重型多功能运货车，适用于购物、户外海滩、园艺、钓鱼等场景——完美的圣诞礼物,2026-03-01T06:05:56.806+00:00,581,312,半托,美国,https://www.temu.com/search_result.html?search_key=601103310674918&search_method=user&region=211&regionCnName=%E7%BE%8E%E5%9B%BD,玩具与游戏
1777254269345,temu,605559734524432,https://img.kwcdn.com/product/fancy/195d6430-809f-4ee6-9455-b52c49b809e4.jpg,橡胶TCG游戏垫，适用于EDH卡牌区域，兼容TCG/CCG集换式卡牌游戏，配收纳袋、锁边工艺与防滑底座——左右手通用布局，青少年及成人礼品，桌面游戏卡牌配件,2026-02-22T09:32:34.650+00:00,922,319,全托,美国,https://www.temu.com/search_result.html?search_key=605559734524432&search_method=user&region=211&regionCnName=%E7%BE%8E%E5%9B%BD,玩具与游戏
1777254269345,temu,605576310406945,https://img.kwcdn.com/product/fancy/48977b0e-7572-4e99-a4af-5f6f4ef7a91b.jpg,"1+1 Bundle 2026 Limited Edition Handheld Game Console & Watch Gift Set Suitable for Boys, 3.0-inch Large Screen Portable Gaming System with No Lag, Christmas Present for,, Game Enthusiasts (No Color-Specific Watch)",2026-02-28T08:57:47.860+00:00,611,389,半托,美国,https://www.temu.com/search_result.html?search_key=605576310406945&search_method=user&region=211&regionCnName=%E7%BE%8E%E5%9B%BD,玩具与游戏
1777254269345,temu,605875683098009,https://img.kwcdn.com/product/open/928fe02b0ed64c9b81100e65bd671182-goods.jpeg,暗区突围周边模型 Hangya 手刺 | 酷炫战术风格收藏手工模型摆件，游戏道具，男孩礼物收藏，纪念模型，混色PVC材质,2026-01-09T09:32:28.322+00:00,373,371,半托,美国,https://www.temu.com/search_result.html?search_key=605875683098009&search_method=user&region=211&regionCnName=%E7%BE%8E%E5%9B%BD,玩具与游戏
1777254269345,temu,605925612093360,https://img.kwcdn.com/product/fancy/7b249e27-fa0d-423b-b64b-85e9031ca22c.jpg,一套4件（22inch+32inch+50inch+60inch）金色充气镜面反光4D铝箔气球-可重复使用的迪斯科球，适合生日派对装饰、圣诞节、新的一年、婚礼和活动，采用反光铝箔设计，完美的装饰，反光装饰 | 巨型球体设计 | 自密封功能，镜子派对气球。派对装饰、派对气球,2026-03-02T09:23:59.597+00:00,617,398,半托,美国,https://www.temu.com/search_result.html?search_key=605925612093360&search_method=user&region=211&regionCnName=%E7%BE%8E%E5%9B%BD,玩具与游戏
1777254269345,temu,606053051797734,https://img.kwcdn.com/product/open/03e287f7c8cf463caa39640beb82fd84-goods.jpeg,1个 Taba 弹力玩具，可爱水母挤压玩具，粘性指尖玩具，缓解压力，柔软可爱玩具，周年纪念日的完美礼物，复活节彩蛋填充物，斋月礼物和办公室休闲，桌面装饰品（鱿鱼）,2026-03-06T01:55:42.840+00:00,939,545,全托,美国,https://www.temu.com/search_result.html?search_key=606053051797734&search_method=user&region=211&regionCnName=%E7%BE%8E%E5%9B%BD,玩具与游戏
1777254269345,temu,606097343651941,https://img.kwcdn.com/product/open/1162193d7cb94fb8b093cb56ea1cb610-goods.jpeg,蒸汽技术小型船只划桨船模型 | 手工组装材料套件玩具，木制，黄色,2026-02-22T02:22:39.972+00:00,550,418,全托,美国,https://www.temu.com/search_result.html?search_key=606097343651941&search_method=user&region=211&regionCnName=%E7%BE%8E%E5%9B%BD,玩具与游戏
1777254269345,temu,606113114229087,https://img.kwcdn.com/product/fancy/93f34241-5e2a-4f65-b865-51482304c89d.jpg,小马宝莉卡片辉月包第9弹SC碧琪柔柔友谊永恒盲盒卡牌，专用纸牌游戏，,2026-02-12T09:54:07.707+00:00,555,319,全托,美国,https://www.temu.com/search_result.html?search_key=606113114229087&search_method=user&region=211&regionCnName=%E7%BE%8E%E5%9B%BD,玩具与游戏
1777254269345,temu,606189215671235,https://img.kwcdn.com/product/fancy/ce4123d7-57ee-43b3-be38-e07e6104f031.jpg,儿童派对礼包 - 10/20/30件复活节彩蛋组合玩具，派对生日礼品套装奖品，适合3岁以上男女童，含兔子泡泡解压钥匙扣玩具，非电动无羽毛随机款式，适用于复活节篮子填充及派对赠礼,2026-01-28T20:01:11.511+00:00,7350,1062,全托,美国,https://www.temu.com/search_result.html?search_key=606189215671235&search_method=user&region=211&regionCnName=%E7%BE%8E%E5%9B%BD,玩具与游戏
1777254269345,temu,606291757996598,https://img.kwcdn.com/product/open/653ab71a36f145e28e4c85502a9c015e-goods.jpeg,1PC 卡通贝壳硅胶包 单肩斜挎零钱包 时尚装饰钱包 过家家道具提包,2026-03-06T08:58:01.420+00:00,396,305,全托,美国,https://www.temu.com/search_result.html?search_key=606291757996598&search_method=user&region=211&regionCnName=%E7%BE%8E%E5%9B%BD,玩具与游戏
1777254269345,temu,606297864943534,https://img.kwcdn.com/product/open/ce7d495466d9444d8a73218e4249462c-goods.jpeg,104片益智积木，小颗粒可插入积木，派个礼物，益智玩具/叠叠乐积木玩具，适合男孩和女孩的创意和想象力游戏，生日礼物/圣诞节袜子填充物,2026-03-06T07:31:48.539+00:00,522,349,全托,美国,https://www.temu.com/search_result.html?search_key=606297864943534&search_method=user&region=211&regionCnName=%E7%BE%8E%E5%9B%BD,玩具与游戏
1777254269345,temu,606298133385207,https://img.kwcdn.com/product/fancy/9a00cec6-dc8d-44ea-9d8b-7c270872f51e.jpg,3D打印KiFlip磁吸滑板 - 哑光质感多图案创意解压小玩具（附专用滑板收纳盒）,2026-03-02T12:01:29.986+00:00,1999,1145,全托,美国,https://www.temu.com/search_result.html?search_key=606298133385207&search_method=user&region=211&regionCnName=%E7%BE%8E%E5%9B%BD,玩具与游戏
1777254269345,temu,606334170854771,https://img.kwcdn.com/product/fancy/0988b2a2-4613-4952-b60c-23498274656b.jpg,7/11pcs Dollhouse Miniature Fashion Glasses Model Ornaments - Vibrant Colors DIY Design - Aesthetic Decorations - Suitable for Dollhouse Decor - Dollhouse Accessories - Photography Scene Props - Miniature Landscape Handicrafts - Model Collectibles ,2026-02-05T06:43:08.391+00:00,1700,677,全托,美国,https://www.temu.com/search_result.html?search_key=606334170854771&search_method=user&region=211&regionCnName=%E7%BE%8E%E5%9B%BD,玩具与游戏
1777254269345,temu,606337392069320,https://img.kwcdn.com/product/fancy/328f4e02-e429-4c44-9d4a-0b7a82433a77.jpg,1盎司99%纯银鹰雕像 - 新款设计，密封包装，优质工艺，耐用防腐金属，自制珠宝制作，家居装饰，手工艺材料，收藏礼品,2026-03-06T01:37:11.863+00:00,625,330,半托,美国,https://www.temu.com/search_result.html?search_key=606337392069320&search_method=user&region=211&regionCnName=%E7%BE%8E%E5%9B%BD,玩具与游戏
1777254269345,temu,601101501067272,https://img.kwcdn.com/product/fancy/e83df081-11ff-47f0-a3c1-36afd3c96456.jpg,1套公主花装和上衣设计套装，适合11.8英寸娃娃 - 聚酯纤维，生动的花卉图案，女孩的完美礼物（娃娃不包括在内），娃娃服装 | 乐观的设计 | 耐用的布料，娃娃配件,2026-03-04T02:45:10.005+00:00,1437,458,半托,美国,https://www.temu.com/search_result.html?search_key=601101501067272&search_method=user&region=211&regionCnName=%E7%BE%8E%E5%9B%BD,玩具与游戏
1777254269345,temu,601102999159298,https://img.kwcdn.com/product/open/f6edfc1258b14f64a0b945f5004db295-goods.jpeg,一套20个彩色刺球，外观类似刺猬，这些迷你感官玩具非常适合缓解压力，也是送给儿童的绝佳派对礼物、课堂奖励和大批量指尖玩具的理想选择。它们非常适合装进宝箱、Piñata填充物。,2026-02-02T01:49:20.886+00:00,1217,485,全托,美国,https://www.temu.com/search_result.html?search_key=601102999159298&search_method=user&region=211&regionCnName=%E7%BE%8E%E5%9B%BD,玩具与游戏
1777254269345,temu,601103601381695,https://img.kwcdn.com/product/fancy/6cbe02a3-6cff-424a-8c51-b411cf6f2d8e.jpg,"A Box of Romantic Couple'S Card Games, Adult Fun Tabletop Conversation Cards, Ice-Breaking Interaction Tools to Deepen Relationships, Suitable for Game Date Nights, Couple'S Leisure Vacations, And Entertainment Games. A Perfect Gift for Boyfriends",2026-01-30T10:19:31.979+00:00,607,331,全托,美国,https://www.temu.com/search_result.html?search_key=601103601381695&search_method=user&region=211&regionCnName=%E7%BE%8E%E5%9B%BD,玩具与游戏
1777254269345,temu,601104438456528,https://img.kwcdn.com/product/fancy/1b7a3b3e-f3ee-424f-9a2b-5cbb87f7dd91.jpg,MINISO海贼王恶魔果实3D挂饰。采用优质PVC材质制作，细节生动精致，完美还原海贼王世界中恶魔果实的独特纹理与形态。可为包包、钥匙扣增添动漫魅力，也可作为家居装饰点缀空间（单只装）,2026-03-12T05:30:34.004+00:00,547,319,全托,美国,https://www.temu.com/search_result.html?search_key=601104438456528&search_method=user&region=211&regionCnName=%E7%BE%8E%E5%9B%BD,玩具与游戏
1777254269345,temu,601105568172999,https://img.kwcdn.com/product/fancy/76b265d3-c870-4389-819a-12d8a66b3e3c.jpg,7件赛车主题派个装饰，红白格子数字气球，铝制结气球，适合生日庆祝，赛车和格子旗图案，非常适合赛车爱好者，赛车主题生日装饰,2026-02-05T06:26:53.046+00:00,1333,605,全托,美国,https://www.temu.com/search_result.html?search_key=601105568172999&search_method=user&region=211&regionCnName=%E7%BE%8E%E5%9B%BD,玩具与游戏
1777254269345,temu,601105648027890,https://img.kwcdn.com/product/fancy/5ce2a60d-3b34-482e-86e8-a4db96ea59e2.jpg,"Upgrade 42 Wooden Sticks, 6 Small Balls, Wooden Stick Toys, Wooden Educational Toys, Multi-person Interactive Board, Parent-child Games, Cultivate Logical Thinking Spatial Thinking, Birthday Gifts, Perfect Gifts for Various Festivals.,, Family Fun",2025-12-07T07:07:38.035+00:00,1100,315,半托,美国,https://www.temu.com/search_result.html?search_key=601105648027890&search_method=user&region=211&regionCnName=%E7%BE%8E%E5%9B%BD,母婴用品
1777254269345,temu,601105813204187,https://img.kwcdn.com/product/open/7cd1c14329a142e3828cffca04fbd699-goods.jpeg,双面动力旋转锥体2件套——3D打印螺旋新奇桌面玩具，旋转玩具益智开发螺旋三维结构指尖饰品双色，漩涡玩具万圣节、圣诞节、感恩节完美礼物,2026-02-06T13:21:58.936+00:00,1295,386,全托,美国,https://www.temu.com/search_result.html?search_key=601105813204187&search_method=user&region=211&regionCnName=%E7%BE%8E%E5%9B%BD,玩具与游戏
1777254269345,temu,602444851459533,https://img.kwcdn.com/local-goods-image/20add70243/66e39612-1fd1-46eb-be87-006666dbe22b_1000x1000.jpeg.format.jpg,"Floor Puzzles For Kids, Magical Mermaid/ Farm Animals Puzzles For Kids Ages 3+, Large Jigsaw Puzzles, Education Preschool Tools For Boys Girls 3+ 4 5 6+ Years Old, Intelligence Challenging Educational Gift, for Christmas Xmas Birthday",2026-03-01T10:11:52.290+00:00,1100,803,半托,美国,https://www.temu.com/search_result.html?search_key=602444851459533&search_method=user&region=211&regionCnName=%E7%BE%8E%E5%9B%BD,玩具与游戏
1777254269345,temu,602586585373767,https://img.kwcdn.com/local-goods-image/212a0c35d4/8d7c6fed-65e0-4c68-b707-99a32b2bfff0_800x800.png,宝可梦超极进化：升华英雄精英训练师礼盒,2026-03-05T16:49:18.608+00:00,926,368,半托,美国,https://www.temu.com/search_result.html?search_key=602586585373767&search_method=user&region=211&regionCnName=%E7%BE%8E%E5%9B%BD,玩具与游戏
1777254269345,temu,602870053181181,https://img.kwcdn.com/local-goods-image/212a0c628c/4f0bc8ab-ebb6-4ae2-9974-e22ac5867b76_919x919.jpeg.format.jpg,2025年 Panini Prizm Draft Picks 足球 Blaster 盒 – 绿色脉冲 & 紫色波浪平行版,2026-03-02T14:04:06.959+00:00,417,308,半托,美国,https://www.temu.com/search_result.html?search_key=602870053181181&search_method=user&region=211&regionCnName=%E7%BE%8E%E5%9B%BD,玩具与游戏
1777254269345,temu,605506047459265,https://img.kwcdn.com/product/fancy/480b7561-24ce-49fc-a93a-d5773f51494a.jpg,堆积积木玩具，幼儿积木，140件儿童积木套装，STEM积木玩具，儿童互锁积木,2026-03-01T13:25:28.922+00:00,390,334,半托,美国,https://www.temu.com/search_result.html?search_key=605506047459265&search_method=user&region=211&regionCnName=%E7%BE%8E%E5%9B%BD,玩具与游戏
1777254269345,temu,605527522299962,https://img.kwcdn.com/product/fancy/770a6cd8-4ee2-430f-8d6b-1607552a1f1e.jpg,超萌巧克力饼干触感玩具，柔软慢回弹PU材质，无毒，儿童安全，趣味彩色设计，带有微笑脸和巧克力碎片装饰,2026-04-10T22:17:25.097+00:00,840,484,半托,美国,https://www.temu.com/search_result.html?search_key=605527522299962&search_method=user&region=211&regionCnName=%E7%BE%8E%E5%9B%BD,玩具与游戏
1777254269345,temu,605530206636607,https://img.kwcdn.com/product/fancy/732b07b1-d0e0-4cdd-b7c3-cdd5cc56d39a.jpg,"59-Inch Standing Stackable Aluminum Film Balloons for Easter, Featuring Rabbits, Chicks, And Eggs. Place This Stackable Balloon at Easter Parties Or Gatherings on Easter Day to Enhance The Room'S Atmosphere And Bring a Stronger Easter Vibe",2026-02-02T12:37:45.327+00:00,1200,302,全托,美国,https://www.temu.com/search_result.html?search_key=605530206636607&search_method=user&region=211&regionCnName=%E7%BE%8E%E5%9B%BD,玩具与游戏
1777254269345,temu,605535038452260,https://img.kwcdn.com/product/fancy/b68ff9bc-50e5-46b9-a05d-5bfcac64bbfd.jpg,一套4张的摩擦式转印贴纸，图案为玫瑰和牡丹花卉设计，适用于装饰家具、冰箱、橱柜、剪贴簿和窗户，尺寸为24厘米x11厘米，是手工制作项目和贴纸装饰的理想之选。,2026-02-15T06:07:14.923+00:00,1009,375,全托,美国,https://www.temu.com/search_result.html?search_key=605535038452260&search_method=user&region=211&regionCnName=%E7%BE%8E%E5%9B%BD,玩具与游戏
1777254269345,temu,605541682258530,https://img.kwcdn.com/product/fancy/14757f2c-593c-4c36-9651-83a6384c76f7.jpg,复活节恐龙蛋 霸王龙恐龙蛋DIY拼装 扭蛋积木玩具 手指恐龙玩具 课堂小礼物 复活节玩具,2026-02-23T12:33:20.675+00:00,1556,615,全托,美国,https://www.temu.com/search_result.html?search_key=605541682258530&search_method=user&region=211&regionCnName=%E7%BE%8E%E5%9B%BD,玩具与游戏
1777254269345,temu,605541682274656,https://img.kwcdn.com/product/fancy/107be024-3f10-4e28-9593-9464d8077ff4.jpg,3D立体浮雕硬币 美国独立250周年纪念币（1776-2026） - 双面收藏币，适合收藏家与历史爱好者，历史纪念礼品，250年历史纪念礼品，适用于圣诞、万圣节、情人节 礼品和展示,2026-02-12T06:40:53.444+00:00,1297,666,全托,美国,https://www.temu.com/search_result.html?search_key=605541682274656&search_method=user&region=211&regionCnName=%E7%BE%8E%E5%9B%BD,玩具与游戏
1777254269345,temu,605541816440562,https://img.kwcdn.com/product/open/f8acdf14c9224295bb36711b5d8b9a1f-goods.jpeg,一本16幅34页精美图案的螺旋装订水彩素描本，专业水彩纸加厚不易渗透，基础线稿分步骤绘画教程，使用优质纸张制作的放松且易于上色的水彩填色书，送朋友，亲人复活节，生日的礼物,2026-03-27T03:57:49.479+00:00,533,501,全托,美国,https://www.temu.com/search_result.html?search_key=605541816440562&search_method=user&region=211&regionCnName=%E7%BE%8E%E5%9B%BD,玩具与游戏
1777254269345,temu,605543829757594,https://img.kwcdn.com/product/fancy/6b14c1cd-aa61-45a7-808e-49413fefa79d.jpg,7/14/28/40个装恐龙手指弹射玩具，儿童派对小礼物，粘性恐龙飞弹射玩具，适合男孩女孩生日礼包、复活节篮子填充物、情人节圣诞礼物，万圣节/感恩节/圣诞节/复活节赠礼,2026-03-03T01:13:26.209+00:00,1142,402,全托,美国,https://www.temu.com/search_result.html?search_key=605543829757594&search_method=user&region=211&regionCnName=%E7%BE%8E%E5%9B%BD,玩具与游戏
1777254269345,temu,605550339264720,https://img.kwcdn.com/product/fancy/f51ffd6b-02fb-46f0-acd4-b8f320dd1ca0.jpg,10支装星星造型迷你泡泡棒，无需液体，儿童派对小礼物，课堂宝藏盒玩具，课堂奖品，复活节篮子填充物，男女童通用玩具，儿童礼品袋填充物，儿童生日礼物，皮纳塔填充物派对小礼品，派对小礼品，户外玩具，批量礼品，男童玩具，女童玩具，圣诞礼物，万圣节、复活节、嘉年华、感恩节理想赠礼（随机款式）,2026-02-10T07:34:38.862+00:00,2447,663,全托,美国,https://www.temu.com/search_result.html?search_key=605550339264720&search_method=user&region=211&regionCnName=%E7%BE%8E%E5%9B%BD,玩具与游戏
1777254269345,temu,605590067711092,https://img.kwcdn.com/product/fancy/829287e9-1c4e-4c2b-91a5-c5160683067d.jpg,"Throwback Lyric Battle Battle of Iconic HIP- HOP & R & B Lyrics INCLUDES: 100 CARDS ANDINSTRUCTIONS Classic Music-Themed Board Game, Suitable for Holiday Parties",2026-02-10T15:46:44.753+00:00,1000,462,全托,美国,https://www.temu.com/search_result.html?search_key=605590067711092&search_method=user&region=211&regionCnName=%E7%BE%8E%E5%9B%BD,玩具与游戏
1777254269346,temu,605590873079191,https://img.kwcdn.com/product/open/e69cce38de9642c29a72eb7683d6dd8c-goods.jpeg,"Adult Custom Puzzle | Personalize Your Photos, Couple Photos, Art Paintings, Landscape Pictures, Pet Portraits - Capture Beautiful Moments - High-Quality Cardboard Material, Perfect Gift Idea, Christmas Gift, Frameless Design, Color",2026-03-03T08:51:23.566+00:00,1400,398,全托,美国,https://www.temu.com/search_result.html?search_key=605590873079191&search_method=user&region=211&regionCnName=%E7%BE%8E%E5%9B%BD,玩具与游戏
1777254269346,temu,605591409920535,https://img.kwcdn.com/product/fancy/565443b3-e45b-4569-af58-7e63d7b08787.jpg,3本装可重复使用果冻贴纸书 | 创意多主题卡通贴纸玩具，便携式安静忙碌贴贴书，儿童果冻贴纸玩具礼物，纸质材料，混合颜色，静电吸附安装,2026-02-11T05:13:15.836+00:00,1946,702,全托,美国,https://www.temu.com/search_result.html?search_key=605591409920535&search_method=user&region=211&regionCnName=%E7%BE%8E%E5%9B%BD,玩具与游戏
1777254269346,temu,605630064610156,https://img.kwcdn.com/product/fancy/4b806d66-66bc-463d-a9da-268ad99eecf6.jpg,"Interactive Learning Busy Book - Color Sorting Activity Toy with Stickers, Flashcards Educational & Engaging for Kids, Ideal for Preschoolers, Language Development, Learning Activity Book, Christmas Gifts for Boys Girls",2026-03-01T07:34:26.465+00:00,956,569,全托,美国,https://www.temu.com/search_result.html?search_key=605630064610156&search_method=user&region=211&regionCnName=%E7%BE%8E%E5%9B%BD,玩具与游戏
1777254269346,temu,605648855120119,https://img.kwcdn.com/product/open/7364016b75e74833b3d1677fb3f55279-goods.jpeg,1 皮克. 普莱博奇牌- 《猜字游戏》、《词汇单词拼写挑战桌游》、《猜字游戏》、《适合成年人的便携式书籍设计棋盘游戏》,2026-03-04T10:36:42.520+00:00,746,539,半托,美国,https://www.temu.com/search_result.html?search_key=605648855120119&search_method=user&region=211&regionCnName=%E7%BE%8E%E5%9B%BD,玩具与游戏
1777254269346,temu,605663015058928,https://img.kwcdn.com/product/open/94aee270f69e40f3a39e421eb7929b61-goods.jpeg,减压机械键盘钥匙扣——四键敲击钥匙扣，带清脆声效，采用耐用塑料材质，适合日常及出行时缓解压力,2026-02-09T08:11:24.901+00:00,1853,633,全托,美国,https://www.temu.com/search_result.html?search_key=605663015058928&search_method=user&region=211&regionCnName=%E7%BE%8E%E5%9B%BD,玩具与游戏
1777254269346,temu,605664961202073,https://img.kwcdn.com/product/fancy/ef50f950-57dc-46b4-9bc0-8ea7b565a67d.jpg,7层立体停车场轨道套装，高21.65inch（含2辆赛车、弯道漂移道与直升机停机坪），DIY组装益智玩具，促进亲子互动与手眼协调，适合作为男孩女孩的生日圣诞礼物,2026-02-05T02:53:29.927+00:00,1218,527,全托,美国,https://www.temu.com/search_result.html?search_key=605664961202073&search_method=user&region=211&regionCnName=%E7%BE%8E%E5%9B%BD,玩具与游戏
1777254269346,temu,605671403659878,https://img.kwcdn.com/product/fancy/3b51775f-4732-44ab-9e11-7a9d62db0956.jpg,"A Silicone Remote Control Designed for Babies, Shaped Like a Tv/Dvd/Mobile Phone Remote, Serves As a Teething Toy. It Is Soft, Chewable, Safe for Infants, Easy to Clean, And Acts As a Sensory Toy",2026-02-07T02:11:41.689+00:00,1200,586,半托,美国,https://www.temu.com/search_result.html?search_key=605671403659878&search_method=user&region=211&regionCnName=%E7%BE%8E%E5%9B%BD,玩具与游戏
1777254269346,temu,605691267925495,https://img.kwcdn.com/product/open/a6fb808afee84fb4b7a4bd2b05e986ba-goods.jpeg,"3D Printed Realistic Posable Lizard Figurine - Multi-Joint Flexible Movable Model with Laser Gradient Colors (//) - Collectible Action Figure for Hobbyists, Reptile Lovers & Educational Display",2026-03-07T04:49:12.387+00:00,1000,546,半托,美国,https://www.temu.com/search_result.html?search_key=605691267925495&search_method=user&region=211&regionCnName=%E7%BE%8E%E5%9B%BD,玩具与游戏
1777254269346,temu,605693348258096,https://img.kwcdn.com/product/open/119ecd0b5ba046c892a53b5eb9753b84-goods.jpeg,新款魔方流动图案压模玩具，感官玩具，旋转抓握魔方，适合儿童，触感柔软，手部锻炼，耐用TPR材质，3种尺寸可选（小号、中号、大号），舒缓安抚玩具，柔软质地,2026-03-06T18:31:37.896+00:00,1489,401,全托,美国,https://www.temu.com/search_result.html?search_key=605693348258096&search_method=user&region=211&regionCnName=%E7%BE%8E%E5%9B%BD,玩具与游戏
1777254269346,temu,605701468464228,https://img.kwcdn.com/product/fancy/9d6b755e-f408-4a70-b43b-00d4f9982c27.jpg,"67/83/121 pièces Voiture de Piste 3D Multifonctionnelle, Jouet Éducatif DIY à Assembler, Ensemble de Voiture Électrique Suspendue pour Enfants, Cadeau pour Halloween/Noël/Anniversaire",2026-02-17T11:33:42.218+00:00,1000,325,全托,美国,https://www.temu.com/search_result.html?search_key=605701468464228&search_method=user&region=211&regionCnName=%E7%BE%8E%E5%9B%BD,玩具与游戏
1777254269346,temu,605712742776511,https://img.kwcdn.com/product/fancy/0de05893-9cba-4a24-b86c-619866de0ce5.jpg,可爱章鱼捏捏挤压玩具，TABA水母挤压玩具，三色可选，办公室玩具，完美的圣诞礼物袋填充物，派对礼物，课堂奖励，节日礼品,2026-01-30T03:18:08.584+00:00,3506,643,全托,美国,https://www.temu.com/search_result.html?search_key=605712742776511&search_method=user&region=211&regionCnName=%E7%BE%8E%E5%9B%BD,玩具与游戏
1777254269346,temu,605716836393425,https://img.kwcdn.com/product/fancy/79dfba5a-dae9-4c7b-8e4e-c89225f0933e.jpg,沙滩折叠桶，收纳桶/儿童沙滩戏水桶，户外手提桶/男女童戏水收纳桶/派对游戏道具/节日礼品,2026-03-25T00:48:19.262+00:00,558,521,全托,美国,https://www.temu.com/search_result.html?search_key=605716836393425&search_method=user&region=211&regionCnName=%E7%BE%8E%E5%9B%BD,玩具与游戏
1777254269346,temu,605717507456964,https://img.kwcdn.com/product/fancy/a97c1ff1-dd71-46d8-9b37-a95b514659e4.jpg,38寸巨型粉色蝴蝶结两个- 优雅派对装饰，质感粉色生日、婚礼、订婚气球 - 用于背景拍照、桌花摆设、餐桌装饰 - 派对装饰气球，精致蝴蝶结，光滑质感32个节日通用最精美的礼物,2026-03-16T07:21:40.416+00:00,490,436,全托,美国,https://www.temu.com/search_result.html?search_key=605717507456964&search_method=user&region=211&regionCnName=%E7%BE%8E%E5%9B%BD,玩具与游戏
1777254269346,temu,605717574570681,https://img.kwcdn.com/product/fancy/7db2963d-094b-4011-a0d3-7fbff5798916.jpg,可爱微笑小水母捏捏，手部感官玩具，挤压玩具，生日礼物或节日派对礼物,2026-02-02T19:28:23.282+00:00,1195,480,全托,美国,https://www.temu.com/search_result.html?search_key=605717574570681&search_method=user&region=211&regionCnName=%E7%BE%8E%E5%9B%BD,玩具与游戏
1777254269346,temu,605719923367744,https://img.kwcdn.com/product/fancy/37310038-4225-4cb5-993b-c96fb9bd9a62.jpg,"Interactive Busy Book for Youngsters, My Body, My Organs, Educational Sensory Activity Flash Cards, Cognitive Skill Development, Preschool Learning Toy, School Supplies, Travel Toy, Back to School Gift for Kids, Halloween Gift, Christmas Gifts",2026-02-19T02:00:40.901+00:00,1200,574,全托,美国,https://www.temu.com/search_result.html?search_key=605719923367744&search_method=user&region=211&regionCnName=%E7%BE%8E%E5%9B%BD,玩具与游戏
1777254269346,temu,605722943276656,https://img.kwcdn.com/product/fancy/23144f82-bb2e-4854-9711-90471625ae46.jpg,三只装彩色串珠感官指环 - 可调节减压放松焦虑指环，多色可选，成人适用，用于手指按摩，适合上班族,2026-02-08T08:04:00.383+00:00,2546,1558,全托,美国,https://www.temu.com/search_result.html?search_key=605722943276656&search_method=user&region=211&regionCnName=%E7%BE%8E%E5%9B%BD,玩具与游戏
1777254269346,temu,605744149715326,https://img.kwcdn.com/product/open/f7ff234dfd384f3dbc7f9e4b03901272-goods.jpeg,50张复古电影院贴纸，采用Y2K时期卡通设计，幽默时尚，美观。这些乙烯基贴纸非常适合装饰自行车、轮滑鞋、水瓶、头盔。,2026-02-24T05:05:18.806+00:00,1415,707,全托,美国,https://www.temu.com/search_result.html?search_key=605744149715326&search_method=user&region=211&regionCnName=%E7%BE%8E%E5%9B%BD,玩具与游戏
1777254269346,temu,605750189487972,https://img.kwcdn.com/product/open/243fef7db43c4940b03ca09610224d98-goods.jpeg,56张透明干枯玫瑰花朵涂鸦贴纸充满活力的贴纸贴花，适用于水瓶、笔记本电脑、手机、行李箱、滑板、吉他，派对装饰,2026-03-03T01:39:27.930+00:00,578,351,全托,美国,https://www.temu.com/search_result.html?search_key=605750189487972&search_method=user&region=211&regionCnName=%E7%BE%8E%E5%9B%BD,玩具与游戏
1777254269346,temu,605770187904491,https://img.kwcdn.com/product/fancy/7f4d1d41-3e7b-4a63-b86f-e559266848de.jpg,"4pcs STEM Children's Construction Toy Vehicle Kit, Sandbox Excavator Construction Truck Dump Crane Cement Mixer, Encourages Hands-on Learning Imaginative Play-Perfect Gift for Halloween, Christmas",2026-02-27T20:54:55.630+00:00,1200,861,半托,美国,https://www.temu.com/search_result.html?search_key=605770187904491&search_method=user&region=211&regionCnName=%E7%BE%8E%E5%9B%BD,玩具与游戏
1777254269346,temu,605775825097122,https://img.kwcdn.com/product/fancy/c5141777-65b5-4b50-a5af-0f51edca4aec.jpg,16支雪花泡泡棒，无需液体，节日婚礼派对用品，儿童泡泡棒，无需液体，节日婚礼派对用品，儿童派对礼品，儿童生日礼物，课堂宝藏盒玩具，复活节篮子填充物，男女童玩具，儿童礼品袋填充物，儿童派对礼品，皮纳塔填充物，派对礼品，户外玩具，批量礼物，男孩玩具，女孩玩具，圣诞礼物，万圣节、复活节、嘉年华、感恩节礼物的理想选择（随机）,2026-02-07T04:03:49.755+00:00,1045,499,全托,美国,https://www.temu.com/search_result.html?search_key=605775825097122&search_method=user&region=211&regionCnName=%E7%BE%8E%E5%9B%BD,玩具与游戏
1777254269346,temu,605778442317402,https://img.kwcdn.com/product/fancy/663c9bd8-f5b4-4773-9575-85dff091b755.jpg,"130pcs-Magnetic Building Blocks Set with Magnetic Base - STEM Learning Toys for Kids Ages 3-6, Magnetic Construction Set with Interlocking Bricks, Large And Small Blocks, Stable Magnetic Base, Building Blocks Set",2026-02-14T06:40:27.404+00:00,787,344,半托,美国,https://www.temu.com/search_result.html?search_key=605778442317402&search_method=user&region=211&regionCnName=%E7%BE%8E%E5%9B%BD,玩具与游戏
1777254271957,temu,605779784483392,https://img.kwcdn.com/product/open/06d7b16250164e40bc608deae61c9a5a-goods.jpeg,一套24款成人数独拼图，难度中等至高。非常适合作为礼物送给朋友，适合老年人，是乔迁和圣诞礼物的理想选择,2026-03-20T03:44:06.158+00:00,1343,1026,全托,美国,https://www.temu.com/search_result.html?search_key=605779784483392&search_method=user&region=211&regionCnName=%E7%BE%8E%E5%9B%BD,玩具与游戏
1777254271957,temu,605787099352634,https://img.kwcdn.com/product/fancy/84c0db8d-33aa-49f1-9321-608ae30c19dc.jpg,静音篮球（5号，7.09英寸）- 不真空包装 - 2025升级款无气软泡球，静音设计，适合静音篮球和室内训练 - 真实触感，更高弹性，无噪音,2026-03-19T14:38:40.213+00:00,1353,1101,全托,美国,https://www.temu.com/search_result.html?search_key=605787099352634&search_method=user&region=211&regionCnName=%E7%BE%8E%E5%9B%BD,玩具与游戏
1777254271957,temu,605791327204201,https://img.kwcdn.com/product/fancy/d4d08910-ad56-480b-8619-480388a66d51.jpg,50张哈利波特复古水彩艺术贴纸 不重复手绘Q版人物系列 潮牌行李箱滑板电脑装饰 独特设计粉丝收藏,2026-03-05T04:47:34.719+00:00,1501,644,全托,美国,https://www.temu.com/search_result.html?search_key=605791327204201&search_method=user&region=211&regionCnName=%E7%BE%8E%E5%9B%BD,玩具与游戏
1777254271957,temu,605794280002982,https://img.kwcdn.com/product/fancy/300b31e5-0def-4214-ae30-95802e31a1c2.jpg,2026新款逼真机器人棕色小狗，仿真小狗玩具，可走路和吠叫，超可爱毛绒机器人小狗，人工智能宠物走路、吠叫、摇尾巴互动玩具，不带电池，生日礼物万圣节和圣诞节的最佳选择,2026-03-18T02:18:08.428+00:00,601,506,半托,美国,https://www.temu.com/search_result.html?search_key=605794280002982&search_method=user&region=211&regionCnName=%E7%BE%8E%E5%9B%BD,玩具与游戏
1777254271957,temu,605802333098431,https://img.kwcdn.com/product/algo_check/auto/23f7fd6e4128fb96837b3ee35b782dc5_1745261706246.jpg,1/2pcs充气弧形泳池面游泳圈-防水、耐用、更安全的PVC泳池浮球，适合夏季娱乐，棕榈树和云朵的热带海滩设计，充气泳池,2026-03-24T04:33:28.702+00:00,933,770,全托,美国,https://www.temu.com/search_result.html?search_key=605802333098431&search_method=user&region=211&regionCnName=%E7%BE%8E%E5%9B%BD,玩具与游戏
1777254271957,temu,605804547693434,https://img.kwcdn.com/product/fancy/88383107-c84b-4ec3-93c4-46fa76619b74.jpg,"for Those Who Love Bumblebee, This Transformers Model Toy Is Stylish and Cool. Fans of Transformers Shouldn't Miss It, and It Also Makes a Great Gift for Friends Who Adore Transformers!",2026-02-26T04:39:43.138+00:00,1900,900,全托,美国,https://www.temu.com/search_result.html?search_key=605804547693434&search_method=user&region=211&regionCnName=%E7%BE%8E%E5%9B%BD,玩具与游戏
1777254271957,temu,605819915578361,https://img.kwcdn.com/product/open/2395c120c5554f4287a0cef0bc2c2755-goods.jpeg,4个趣味炫彩磨砂冰块挤压玩具，外观类似冰块，这些独特且有趣的可拉伸玩具是柔软的感官玩具，非常适合课堂奖励，是完美的节日礼物，新奇玩具 ，挤压玩具,2026-03-24T10:50:02.127+00:00,3631,3138,全托,美国,https://www.temu.com/search_result.html?search_key=605819915578361&search_method=user&region=211&regionCnName=%E7%BE%8E%E5%9B%BD,玩具与游戏
1777254271957,temu,605831592556727,https://img.kwcdn.com/product/fancy/e941c024-13c5-4fcf-945c-bc618a159fe1.jpg,三支装爆笑恶作剧发射器 | 采用鲜艳ABS材质制成,2026-02-10T17:20:26.580+00:00,624,336,全托,美国,https://www.temu.com/search_result.html?search_key=605831592556727&search_method=user&region=211&regionCnName=%E7%BE%8E%E5%9B%BD,玩具与游戏
1777254271957,temu,605873200036708,https://img.kwcdn.com/product/fancy/6b614545-c103-4b02-8d68-df9c51e2a6bc.jpg,51张可以相互了解的卡牌，(你真的了解我吗）适合14岁以上人群，朋友情侣与家人的问答游戏卡牌,2026-03-26T05:47:11.791+00:00,1317,1258,全托,美国,https://www.temu.com/search_result.html?search_key=605873200036708&search_method=user&region=211&regionCnName=%E7%BE%8E%E5%9B%BD,玩具与游戏
1777254271957,temu,605899506683846,https://img.kwcdn.com/product/fancy/29f8f4a9-c8ce-4493-b6a1-ed42fa91b999.jpg,三丽鸥认证可爱圆柱形毛绒抱枕，适合办公室与居家放松使用,2026-03-20T10:14:32.854+00:00,475,336,半托,美国,https://www.temu.com/search_result.html?search_key=605899506683846&search_method=user&region=211&regionCnName=%E7%BE%8E%E5%9B%BD,玩具与游戏
1777254271957,temu,605899573816407,https://img.kwcdn.com/product/fancy/2832163f-afd4-4f05-ba51-83df906d2d9b.jpg,"1/3/6pcs Bath Toys, Stacking Boats And Animal Finger Puppets, Toddler Sensory Squeeze Floating Toys, Bathtub Shower Water Game Gifts, Christmas Stocking Stuffer Gifts",2026-02-19T03:59:32.493+00:00,1500,583,全托,美国,https://www.temu.com/search_result.html?search_key=605899573816407&search_method=user&region=211&regionCnName=%E7%BE%8E%E5%9B%BD,玩具与游戏
1777254271957,temu,605904405654814,https://img.kwcdn.com/product/fancy/9db78b6b-ad56-47ce-9e5f-200b6e43e429.jpg,2x2、3x3、4x4方格魔方，高难度速拧魔方，成人3D益智魔方，生日礼物/节日佳礼,2026-02-17T09:18:29.494+00:00,796,438,全托,美国,https://www.temu.com/search_result.html?search_key=605904405654814&search_method=user&region=211&regionCnName=%E7%BE%8E%E5%9B%BD,玩具与游戏
1777254271957,temu,605914740415866,https://img.kwcdn.com/product/fancy/6760f9e2-213e-445c-af96-742b58be3d9c.jpg,24只装预填充动物造型彩蛋玩具，适用于复活节寻蛋游戏、复活节篮填充物、复活节派对礼品及课堂奖励用品随机发货,2026-03-01T02:19:35.208+00:00,1797,773,全托,美国,https://www.temu.com/search_result.html?search_key=605914740415866&search_method=user&region=211&regionCnName=%E7%BE%8E%E5%9B%BD,玩具与游戏
1777254271957,temu,605934671760104,https://img.kwcdn.com/product/fancy/e8e9a4d6-1024-4533-b742-77ca62974db7.jpg,1:12比例迷你四扇折叠式竹制屏风 - 古风障子格子屏，适用于娃娃屋微缩模型、迷你书房/茶室隔断家具及配件,2026-03-17T08:16:28.184+00:00,1160,328,半托,美国,https://www.temu.com/search_result.html?search_key=605934671760104&search_method=user&region=211&regionCnName=%E7%BE%8E%E5%9B%BD,玩具与游戏
1777254271957,temu,605944670948274,https://img.kwcdn.com/product/fancy/dcd8bd76-e38d-4d04-9975-328433d3c8bf.jpg,"Translucent Blue Cute Jellyfish TABA Squeeze Toy, Soft Touch, Slow Rebound, Compact & Portable Novelty Toy, Perfect Party Gift for Holiday Gatherings and Birthdays, High-Quality & Affordable Kids' Toys, Party Bag Fillers for Kids, Classroom Reward",2026-04-02T07:40:35.447+00:00,768,346,全托,美国,https://www.temu.com/search_result.html?search_key=605944670948274&search_method=user&region=211&regionCnName=%E7%BE%8E%E5%9B%BD,玩具与游戏
1777254271957,temu,605966078684464,https://img.kwcdn.com/product/fancy/7a0e3acd-4678-476c-92bd-c1742c3fdf69.jpg,帕尼尼 2026 国际足联 365 Adrenalyn XL 卡 | 球迷礼物 纸牌游戏 足球 送给家人/朋友/足球爱好者理想礼物,2026-03-05T21:57:28.292+00:00,599,317,全托,美国,https://www.temu.com/search_result.html?search_key=605966078684464&search_method=user&region=211&regionCnName=%E7%BE%8E%E5%9B%BD,玩具与游戏
1777254271957,temu,605968293286932,https://img.kwcdn.com/product/fancy/9f15dce6-06c9-4e7d-b913-e0f9ece5cfe7.jpg,益智画板涂鸦玩具，儿童学习素描板，学习练习字母 画画教具 彩色可擦写涂鸦平板 可重复使用，适合男孩和女孩的复活节派对礼物（配件颜色随机）,2026-03-02T02:44:16.214+00:00,1498,541,全托,美国,https://www.temu.com/search_result.html?search_key=605968293286932&search_method=user&region=211&regionCnName=%E7%BE%8E%E5%9B%BD,玩具与游戏
1777254271957,temu,605976816121449,https://img.kwcdn.com/product/open/586b8d796eda4befa06cb3ce08edbf6e-goods.jpeg,"Squeezable Fluid Cube Toy, Enjoyable Slow-Rising Texture, Offered in Three Sizes (Small, Medium, Large), Great for Stress Relief at The Office, an Excellent Option for Relaxation Presents, Perfect for Both Boys And Girls Holiday",2026-03-05T12:09:21.410+00:00,1000,540,全托,美国,https://www.temu.com/search_result.html?search_key=605976816121449&search_method=user&region=211&regionCnName=%E7%BE%8E%E5%9B%BD,玩具与游戏
1777254271957,temu,606037750959798,https://img.kwcdn.com/product/fancy/d6d94c46-9624-4ea2-bf6c-e43e07da2c81.jpg,美国250周年纪念奖章 | 双面历史设计收藏品，非常适合圣诞节、万圣节、情人节和复活节送礼 | 混色,2026-02-25T06:55:37.991+00:00,1109,446,半托,美国,https://www.temu.com/search_result.html?search_key=606037750959798&search_method=user&region=211&regionCnName=%E7%BE%8E%E5%9B%BD,玩具与游戏
1777254271957,temu,606055266414712,https://img.kwcdn.com/product/fancy/c4abe451-a4c9-499f-87c3-e0a4c4386f98.jpg,"33pcs Large Group Easter Bingo Game with Bunny & Egg Cards - Paper Bingo Party Suitable for Adults,, Spring Parties, Easter Egg Hunt, Activities - Spring Party Favors, Bingo Cards for Group Games, Easter Bunny Egg Hunt Gifts",2026-03-02T20:47:46.322+00:00,753,543,全托,美国,https://www.temu.com/search_result.html?search_key=606055266414712&search_method=user&region=211&regionCnName=%E7%BE%8E%E5%9B%BD,玩具与游戏
1777254271957,temu,606082109950156,https://img.kwcdn.com/product/fancy/09015d56-3fe2-4c12-84b2-2f230df627bd.jpg,"中世纪骑士战甲主题扑克牌 ,不同骑士铠甲 / 徽章 / 战马插画 双面压纹工艺加厚卡牌 耐磨耐折纸牌 收藏把玩桌游，送礼，珍藏专属牌",2026-02-02T20:06:01.315+00:00,623,335,全托,美国,https://www.temu.com/search_result.html?search_key=606082109950156&search_method=user&region=211&regionCnName=%E7%BE%8E%E5%9B%BD,玩具与游戏
1777254271957,temu,606106470430230,https://img.kwcdn.com/product/fancy/048173ef-24c2-46f7-abeb-97db1cd4167e.jpg,古铜色青铜幸运护身符比基尼青年挑战硬币套装 1 件 - 理想的高尔夫标记和扑克卡保管人，男士完美礼物,2026-02-07T06:55:47.761+00:00,1676,960,半托,美国,https://www.temu.com/search_result.html?search_key=606106470430230&search_method=user&region=211&regionCnName=%E7%BE%8E%E5%9B%BD,玩具与游戏
1777254271957,temu,606127609742136,https://img.kwcdn.com/product/fancy/b47248e2-98bd-44e4-9744-972cedf8c582.jpg,"ETB Acrylic Case, 6mm+6mm+3mm Thick Clear Acrylic ETB Display Box With Magnetic Lid-ETB Protector Case For Collectors, UV Resistant, Stackable Design",2026-03-21T13:48:12.614+00:00,1400,989,半托,美国,https://www.temu.com/search_result.html?search_key=606127609742136&search_method=user&region=211&regionCnName=%E7%BE%8E%E5%9B%BD,玩具与游戏
1777254271957,temu,606127743941045,https://img.kwcdn.com/product/fancy/b8b705fe-40fb-4f3c-973b-9e39c17f2020.jpg,12/24只可爱小鸭捏捏玩具，慢回弹捏捏乐，生日礼物，复活节篮子填充物，课堂交换礼物，课堂奖励的理想选择 - 多种款式混装,2026-02-12T03:45:35.539+00:00,1754,629,全托,美国,https://www.temu.com/search_result.html?search_key=606127743941045&search_method=user&region=211&regionCnName=%E7%BE%8E%E5%9B%BD,玩具与游戏
1777254271957,temu,606215790818608,https://img.kwcdn.com/product/fancy/5188c69d-3746-4ab6-be9d-efb18879f217.jpg,6只装复活节兔子毛绒玩具套装——可爱软萌填充动物，适用于寻蛋游戏、节日装饰与礼篮填充，是馈赠孩童的完美礼物、春日派对礼品及可收藏的兔子伙伴,2026-02-26T07:15:18.071+00:00,718,585,全托,美国,https://www.temu.com/search_result.html?search_key=606215790818608&search_method=user&region=211&regionCnName=%E7%BE%8E%E5%9B%BD,玩具与游戏
1777254271957,temu,606259478651068,https://img.kwcdn.com/product/fancy/ea6e5ffc-fffa-489d-b0eb-ff8ae87c3b37.jpg,14/28pcs硅胶弹跳感官玩具，给孙子们的圣诞节的礼物，迷你推泡泡挤压玩具，适合儿童，适合男孩的女孩的玩具，适合作为派对礼物、好礼袋填充物、课堂奖品，复活节/万圣节/圣诞节礼物（随机颜色和款式）,2026-02-27T02:40:35.586+00:00,5747,2030,全托,美国,https://www.temu.com/search_result.html?search_key=606259478651068&search_method=user&region=211&regionCnName=%E7%BE%8E%E5%9B%BD,玩具与游戏
1777254271957,temu,606271289845358,https://img.kwcdn.com/product/fancy/0f64f879-6ca7-465c-8564-b52c7d28f6a9.jpg,"4pcs Floating Bath Learning Bathroom Toy - Letter, Number, And Animal Water Games, Made of ABS Material, Bathroom Toy",2026-02-25T19:35:18.122+00:00,690,434,全托,美国,https://www.temu.com/search_result.html?search_key=606271289845358&search_method=user&region=211&regionCnName=%E7%BE%8E%E5%9B%BD,玩具与游戏
1777254271957,temu,606284510283376,https://img.kwcdn.com/product/fancy/369ff9ed-f489-42f9-9387-621ee6fc5134.jpg,灵感霓虹神谕卡塔罗牌带电子指南书 初学者荧光主题占卜塔罗牌便携迷你版 万圣节圣诞节感恩节未来命运礼物,2026-02-10T05:26:37.290+00:00,985,516,全托,美国,https://www.temu.com/search_result.html?search_key=606284510283376&search_method=user&region=211&regionCnName=%E7%BE%8E%E5%9B%BD,玩具与游戏
1777254271957,temu,606302797428976,https://img.kwcdn.com/product/fancy/f8bb93b7-4ea3-44f2-9a69-da23ff201701.jpg,1PC 可爱卡哇伊卡通笑脸图案只进不出存钱罐 创意密封马口铁钱罐 只进不出储蓄罐 家居装饰 生日礼物节日礼物 厂家直销,2026-02-05T03:19:20.205+00:00,667,314,全托,美国,https://www.temu.com/search_result.html?search_key=606302797428976&search_method=user&region=211&regionCnName=%E7%BE%8E%E5%9B%BD,玩具与游戏
1777254271957,temu,606307461482044,https://img.kwcdn.com/product/fancy/bdab467d-ea0c-4f0b-9ed0-d7376eedb69c.jpg,"Slow Rebound Soft and Cute Cat Toys - Realistic Squeezed TPR Plush Little Cat / Fluffy Cat to Pinch - Office Stress-relieving Toy Ornaments, Photo Props, Class Rewards, Indoor Home Decorations - Cute Gray, Pink, Yellow and White Little Cat Cuties",2026-03-02T02:06:44.831+00:00,1100,544,全托,美国,https://www.temu.com/search_result.html?search_key=606307461482044&search_method=user&region=211&regionCnName=%E7%BE%8E%E5%9B%BD,玩具与游戏
1777254271957,temu,606310280099262,https://img.kwcdn.com/product/fancy/422a650f-bb4e-4669-b89d-96e97de6ad15.jpg,72张西班牙语母亲节拉丁裔语录短语UV DTF贴纸，彩色UV DTF转印贴纸，高粘度UV DTF转印纸，适用于艺术和手工贴纸，可用于钥匙扣、小吊坠和马克杯（仅含贴纸）,2026-03-02T02:11:51.785+00:00,442,351,全托,美国,https://www.temu.com/search_result.html?search_key=606310280099262&search_method=user&region=211&regionCnName=%E7%BE%8E%E5%9B%BD,玩具与游戏
1777254271957,temu,606355108805344,https://img.kwcdn.com/product/open/74a1ae22a11e422bab5a66847d0787f6-goods.jpeg,"Taba Squishy, Fufu Squishy Fidget Toy - Blue Ocean Small Animal Ice Cube Squishy Toy, Slow Rebound 3D Maltose Toy, Squeezable and Kneadable Fun Toy, Cartoon Small Pattern Design, Interesting Blue Slow Rebound Soft Toy Loved by Children, Small Gifts",2026-02-26T00:42:21.180+00:00,2000,1048,全托,美国,https://www.temu.com/search_result.html?search_key=606355108805344&search_method=user&region=211&regionCnName=%E7%BE%8E%E5%9B%BD,玩具与游戏
1777254271957,temu,606376583625436,https://img.kwcdn.com/product/open/1355a1578a114a7dbdf63e7b4046d4c1-goods.jpeg,1个趣味恶作剧玩具手拉球玩具，多色拉力训练玩具，家庭户外互动拔河球，趣味户外活动，增强力量和协调能力,2026-01-31T17:29:35.395+00:00,1048,354,全托,美国,https://www.temu.com/search_result.html?search_key=606376583625436&search_method=user&region=211&regionCnName=%E7%BE%8E%E5%9B%BD,玩具与游戏
1777254271957,temu,606408527459327,https://img.kwcdn.com/product/fancy/37deb43c-345a-4017-ae35-44338bf7435c.jpg,"Shun Fei Throwing and Catching Balls with Rainbow Tails, Fun Colorful Sports Ball Playground Toys for School, Camping, Outdoor Activities, Healthy and Interesting Games.",2026-03-21T21:38:05.803+00:00,851,520,全托,美国,https://www.temu.com/search_result.html?search_key=606408527459327&search_method=user&region=211&regionCnName=%E7%BE%8E%E5%9B%BD,玩具与游戏
1777254271957,temu,606416580510376,https://img.kwcdn.com/product/open/7980ec19cd704eac9b0593c23d528ac5-goods.jpeg,"56pcs 250th Anniversary of the United States Stickers | High Quality, Glossy Paper, Self-Adhesive, Perfect for Decorating Phone, Laptop, Tablet, Water Bottles, Scrapbook, Journaling, Car, Handmade Card, Art & Crafts, Gift Bags, Envelope Seals",2026-03-06T23:44:57.093+00:00,738,636,全托,美国,https://www.temu.com/search_result.html?search_key=606416580510376&search_method=user&region=211&regionCnName=%E7%BE%8E%E5%9B%BD,玩具与游戏
1777254271957,temu,606443356921564,https://img.kwcdn.com/product/fancy/6d047924-d8b9-4cf0-81ac-bd1acfa12074.jpg,"Aro inflable de natación con asa para niños, flotador de piscina engrosado, ideal para tomar el sol y nadar",2026-03-24T04:33:28.584+00:00,495,436,全托,美国,https://www.temu.com/search_result.html?search_key=606443356921564&search_method=user&region=211&regionCnName=%E7%BE%8E%E5%9B%BD,玩具与游戏
1777254271957,temu,606462147445211,https://img.kwcdn.com/product/fancy/00fe3f5c-3015-45d7-a9ac-eb2b01bc41b9.jpg,25张舒缓策略卡片，包含正念与应个技巧、自我调节、情绪调节、心理健康等内容，非常适合房间装饰，情绪调节闪卡，正念支持和焦虑管理卡片，平静角落卡片，心理健康放松工具，睡前减压，提升自尊，缓解焦虑，自我关爱。,2026-03-06T17:51:10.147+00:00,944,567,全托,美国,https://www.temu.com/search_result.html?search_key=606462147445211&search_method=user&region=211&regionCnName=%E7%BE%8E%E5%9B%BD,玩具与游戏
1777254271957,temu,606471341335811,https://img.kwcdn.com/product/fancy/7b1c101c-ab5d-4c18-be7d-1237f7046652.jpg,"飞机弹射玩具套装(3件装)一一发射与追逐泡沫滑翔机, 适合户外探险的精彩礼物适用于3至12岁儿童",2026-02-06T09:36:19.750+00:00,1254,866,半托,美国,https://www.temu.com/search_result.html?search_key=606471341335811&search_method=user&region=211&regionCnName=%E7%BE%8E%E5%9B%BD,玩具与游戏
1777254271957,temu,606478522006404,https://img.kwcdn.com/product/fancy/fb87405a-758e-4888-8f4a-f2ec082c9107.jpg,60张/盒 哈利波特人物透明贴纸礼盒 可爱手账贴纸套装 水杯手机壳高透装饰 魔法世界周边收藏礼物,2026-03-04T00:35:52.065+00:00,887,386,全托,美国,https://www.temu.com/search_result.html?search_key=606478522006404&search_method=user&region=211&regionCnName=%E7%BE%8E%E5%9B%BD,玩具与游戏
1777254271957,temu,606478857542132,https://img.kwcdn.com/product/fancy/cbd33e38-8170-44ad-ab13-25c47a472ef2.jpg,四色串珠感官指环套装 - 可调节减压指环，缓解焦虑与压力，多色成人款，指部按摩器，适合上班族使用,2026-02-14T16:26:21.236+00:00,1431,884,全托,美国,https://www.temu.com/search_result.html?search_key=606478857542132&search_method=user&region=211&regionCnName=%E7%BE%8E%E5%9B%BD,玩具与游戏
1777254271957,temu,606498587551422,https://img.kwcdn.com/product/fancy/d0f91642-1af3-4c05-b0f3-cac4c7ed5e3a.jpg,30厘米/11.81英寸毛绒猫玩偶 三花猫/暹罗猫/灰猫软填充玩具 万圣节/复活节/圣诞节及生日礼物优选,2026-03-15T20:58:44.449+00:00,804,449,全托,美国,https://www.temu.com/search_result.html?search_key=606498587551422&search_method=user&region=211&regionCnName=%E7%BE%8E%E5%9B%BD,玩具与游戏
1777254271957,temu,606517512214434,https://img.kwcdn.com/product/open/11e37905ff7f4e71bba1e92a5e836be6-goods.jpeg,10只装彩色软体毛毛虫拉伸玩具，解压玩具批量感官玩具，适用于儿童派对礼品、复活节篮子填充物、课堂奖励、儿童生日礼物、圣诞礼物、教室宝藏盒玩具、男女童玩具、儿童礼品袋填充物、派对礼品、男孩玩具，万圣节、复活节、嘉年华、感恩节理想礼物（随机发货）,2026-02-07T16:47:17.037+00:00,1461,610,全托,美国,https://www.temu.com/search_result.html?search_key=606517512214434&search_method=user&region=211&regionCnName=%E7%BE%8E%E5%9B%BD,玩具与游戏
1777254271957,temu,606522344101373,https://img.kwcdn.com/product/fancy/e87fe8d5-21ca-4721-b48e-0857c8e8ef57.jpg,采购产品纪念章，挑战币徽章，幸运币纪念币决策币收藏工艺品圣诞节万圣节礼物家庭活动摆件节日派对新奇硬币,2026-02-22T03:03:49.051+00:00,642,402,全托,美国,https://www.temu.com/search_result.html?search_key=606522344101373&search_method=user&region=211&regionCnName=%E7%BE%8E%E5%9B%BD,玩具与游戏
1777254271957,temu,606580057718391,https://img.kwcdn.com/product/fancy/0c166c7b-62ba-44c5-919d-7b0dcede84be.jpg,"1个手工小鸡挤压玩具，Taba Squishy, Fufu Squishy Fidget Toy- 慢回弹质感玩具, 儿童派对礼品，/复活节生日派对学生朋友礼物/趣味可爱圣诞节收藏品/课堂奖励/儿童玩具",2026-04-05T11:41:09.455+00:00,1072,301,全托,美国,https://www.temu.com/search_result.html?search_key=606580057718391&search_method=user&region=211&regionCnName=%E7%BE%8E%E5%9B%BD,玩具与游戏
1777254271957,temu,605552017010246,https://img.kwcdn.com/product/fancy/d93a1790-a64e-4fb6-bc1e-842a8dcdeb5d.jpg,饺子捏捏乐玩具，多彩饺子减压捏捏球解压感官玩具，挤压面团球放松手部玩具，带蒸笼造型可拉伸桌面玩具,2026-04-16T17:26:09.497+00:00,843,843,全托,美国,https://www.temu.com/search_result.html?search_key=605552017010246&search_method=user&region=211&regionCnName=%E7%BE%8E%E5%9B%BD,玩具与游戏
1777254271957,temu,605791461434497,https://img.kwcdn.com/product/fancy/240dfc8e-7fcb-4817-9715-80c3d06f7c43.jpg,"Skeleton Rider Motorcycle Wind Spinner, Metal Kinetic Garden Wind Sculpture, Outdoor Yard Decor",2026-03-26T00:24:05.181+00:00,1000,1000,半托,美国,https://www.temu.com/search_result.html?search_key=605791461434497&search_method=user&region=211&regionCnName=%E7%BE%8E%E5%9B%BD,玩具与游戏
1777254271957,temu,605926216037004,https://img.kwcdn.com/product/fancy/6aaa7313-febe-4855-91ed-d13e880630fe.jpg,"5/10/15pcs Chameleon Model Ornaments, Realistic Fantasy Game Toy Decorations, Detailed Plastic Chameleon Models, Perfect Desktop Home Decor Ornaments, Plastic Material, Multiple Vibrant Colors Available, Random Eye Colors, Children's Toys",2026-03-28T15:08:00.791+00:00,1200,1200,全托,美国,https://www.temu.com/search_result.html?search_key=605926216037004&search_method=user&region=211&regionCnName=%E7%BE%8E%E5%9B%BD,玩具与游戏
1777254271957,temu,605942456408517,https://img.kwcdn.com/product/fancy/db9c997f-c04c-44fa-8922-d6144fccfd60.jpg,"1/2pcs加厚型充气泳池浮床 男女通用 充气躺椅与泳池浮条， pvc+牛津布材质，适用于泳池、湖泊、海滩及庭院派对，户外水上乐趣，夏日水上、乐趣像老板一样漂浮，像王者一样放松、小酌、晒太阳、漂浮 - 完美夏日、""Ditch the Basic Float, Upgrade to Ultimate Comfort""Pool Party EssentialSummer Pool AcssoryBayard Pool FloatLake Float ChairBeach Pool LoungerVacation Pool GearAdjustable Pool FloatFoldable Pool",2026-03-21T02:59:28.624+00:00,936,936,全托,美国,https://www.temu.com/search_result.html?search_key=605942456408517&search_method=user&region=211&regionCnName=%E7%BE%8E%E5%9B%BD,玩具与游戏
1777254271957,temu,606561871225890,https://img.kwcdn.com/product/open/a89928af24d140e2bb95aba44b84afef-goods.jpeg,50pcs Harry Potter Stickers Scratch Resistant Decals Wizarding World Element Design for Laptop Water Bottle Journal Luggage Decoration Magic Theme Pack,2026-04-04T18:18:29.443+00:00,1100,1100,全托,美国,https://www.temu.com/search_result.html?search_key=606561871225890&search_method=user&region=211&regionCnName=%E7%BE%8E%E5%9B%BD,玩具与游戏
