发现日期,来源平台,商品ID,图片,产品名称,上架日期,总销量,月销量,托管模式,在售站点,产品链接,类目
1776650595839,temu,601105385712794,https://img.kwcdn.com/product/open/2800d2583370440bb0b0d2e327773386-goods.jpeg,"1:12 Scale Miniature Dollhouse Nightstand - & Pastel Doll Bedside Cabinet with Bedside Table for Dolls House Furniture, Doll, Mini Room Decor for Collectors & ' Role-Play Scenes",2026-04-05T17:29:53.106+00:00,2516,2513,半托,美国,https://www.temu.com/search_result.html?search_key=601105385712794&search_method=user&region=211&regionCnName=%E7%BE%8E%E5%9B%BD,玩具与游戏
1776650595839,temu,606446443938765,https://img.kwcdn.com/product/fancy/8c2d489c-58f2-46b4-87aa-ec4a794731f5.jpg,一款有趣的馒头挤压玩具，手工柔软设计，缓慢回弹且富有粘性。适合作为办公室、圣诞节、万圣节、复活节及生日礼物。挤压粘贴的趣味游戏。桌面装饰（附蒸笼）,2026-04-05T13:18:38.094+00:00,997,997,全托,美国,https://www.temu.com/search_result.html?search_key=606446443938765&search_method=user&region=211&regionCnName=%E7%BE%8E%E5%9B%BD,玩具与游戏
1776650595839,temu,606414902786571,https://img.kwcdn.com/product/fancy/54437342-2170-4589-9bd6-aa9d01575cf0.jpg,1个装 按摩玩具 squishy 压力立方体，儿童压力球 squishies 缓解压力，冰 squishy 立方体 糖球，适合自闭症儿童的感官玩具，课堂奖励玩具 按摩玩具，情人节斋月圣诞节万圣节礼物,2026-03-06T20:37:22.264+00:00,9911,7811,全托,美国,https://www.temu.com/search_result.html?search_key=606414902786571&search_method=user&region=211&regionCnName=%E7%BE%8E%E5%9B%BD,玩具与游戏
1776650595839,temu,601105517809303,https://img.kwcdn.com/product/fancy/84782b25-cca4-48ff-9489-c3af4c399238.jpg,1个或3个夏季儿童烟花水枪玩具 适合户外泳池，沙滩派对游戏道具，泳池打水仗 拍照道具 男孩女孩生日惊喜礼物,2026-02-14T14:13:15.239+00:00,15000,10377,全托,美国,https://www.temu.com/search_result.html?search_key=601105517809303&search_method=user&region=211&regionCnName=%E7%BE%8E%E5%9B%BD,玩具与游戏
1776650595839,temu,605574431395475,https://img.kwcdn.com/product/open/2e13fb3b48db49bdbb12655555c363c5-goods.jpeg,1个解压捏捏方块玩具，儿童减压捏捏球放松神器，冰感软糖方块，适用于自闭症儿童的感官玩具，课堂奖品玩具，情人节圣诞节万圣节礼物，复活节礼篮填充物，办公室休闲，桌面配饰,2026-03-02T14:24:48.684+00:00,19000,14369,全托,美国,https://www.temu.com/search_result.html?search_key=605574431395475&search_method=user&region=211&regionCnName=%E7%BE%8E%E5%9B%BD,玩具与游戏
1776650595839,temu,606486977725484,https://img.kwcdn.com/product/fancy/1356a2c0-5f69-4036-8987-5c128b5e7139.jpg,大量馒头玩具套装组合游戏玩具，派对生日热门减压回弹玩具，校园奖品。有趣的派对生日礼物（每套3个，1个馒头+2个蒸笼）,2026-04-13T08:53:33.472+00:00,999,999,全托,美国,https://www.temu.com/search_result.html?search_key=606486977725484&search_method=user&region=211&regionCnName=%E7%BE%8E%E5%9B%BD,玩具与游戏
1776650595839,temu,606133246867735,https://img.kwcdn.com/product/fancy/bfd48ae3-4492-49cc-9b05-98cdb592b57f.jpg,"Wood Card Box Organizer Suitable for Playing Cards Storage Case with Deck Holder - Wood Deck for Poker,, Travel & Gifts - Wood Case for Card Collectors",2026-02-12T06:24:15.399+00:00,8460,8454,半托,美国,https://www.temu.com/search_result.html?search_key=606133246867735&search_method=user&region=211&regionCnName=%E7%BE%8E%E5%9B%BD,玩具与游戏
1776650595839,temu,605800856662730,https://img.kwcdn.com/product/fancy/d3a5280b-06f2-4aba-afa0-4d5b24d9563f.jpg,饺子软软的，搭配 2026 年新款可变形面包挤压减压球，非常适合作为万圣节、感恩节或圣诞节的礼物，也可作为赠品，柔软可捏玩的挤压玩具,2026-04-07T02:04:58.772+00:00,557,557,全托,美国,https://www.temu.com/search_result.html?search_key=605800856662730&search_method=user&region=211&regionCnName=%E7%BE%8E%E5%9B%BD,玩具与游戏
1776650595839,temu,605504906590671,https://img.kwcdn.com/product/open/634179822abc402c95b67ed360359b33-goods.jpeg,2件装巨型泡泡球，透明 TPR 水充泡泡球，耐用且易于充气，巨型充气水球 沙滩球 庭院游戏 软胶水球，充气道具，防漏设计，庭院、海滩及户外娱乐无需电费，适合家庭聚会和水上活动,2026-03-28T02:10:55.654+00:00,910,910,全托,美国,https://www.temu.com/search_result.html?search_key=605504906590671&search_method=user&region=211&regionCnName=%E7%BE%8E%E5%9B%BD,玩具与游戏
1776650595839,temu,605966481379580,https://img.kwcdn.com/product/open/7801ea34f93244c89fdb921ff3e5667d-goods.jpeg,2pcsTaba Squishy-四色猫咪挤压玩具， 慢回弹质感玩具/办公室桌面摆件/复活节篮子填充物/课堂奖励/儿童玩具，圣诞节/儿童节/万圣节/生日派对挤压解压玩具礼物,2026-03-26T07:56:03.861+00:00,3429,3429,全托,美国,https://www.temu.com/search_result.html?search_key=605966481379580&search_method=user&region=211&regionCnName=%E7%BE%8E%E5%9B%BD,玩具与游戏
1776650595839,temu,606301488826734,https://img.kwcdn.com/product/fancy/d1867050-e8ff-4363-8b99-46d66187b71f.jpg,20件装可爱柔软凝胶玩具，混色可选，挤压玩具，迷你可爱捏捏乐，派对礼物、课堂奖励、万圣节与圣诞节的完美选择，绝佳赠礼创意，可爱设计，趣味美学，耐用可挤压结构，适合教师与家长奖励儿童,2026-03-31T04:14:46.000+00:00,2456,2456,全托,美国,https://www.temu.com/search_result.html?search_key=606301488826734&search_method=user&region=211&regionCnName=%E7%BE%8E%E5%9B%BD,玩具与游戏
1776650595839,temu,606080230860430,https://img.kwcdn.com/product/open/03b733057a1b42209c107e4cebdf3929-goods.jpeg,1个塔巴捏捏乐，水下生物主题冰块造型捏捏玩具，内含海洋生物造型挤压玩具，麦芽糖凝胶慢回弹，适用于办公桌面玩具、感官刺激玩具、生日礼物、节日礼物、圣诞礼物,2026-02-24T04:19:11.355+00:00,14000,13322,全托,美国,https://www.temu.com/search_result.html?search_key=606080230860430&search_method=user&region=211&regionCnName=%E7%BE%8E%E5%9B%BD,玩具与游戏
1776650595839,temu,605662813779883,https://img.kwcdn.com/product/algo_check/auto/79f09cca2e503b336a9743dc62fd4171_1769084170201.jpg,一款全新3D卡通装饰品，一个可以无限挤压的解压模拟魔方玩具。是圣诞节、派对、生日、学校奖励的有趣礼物，也是送给孙辈的好礼物。,2026-02-02T19:28:23.041+00:00,12000,9340,全托,美国,https://www.temu.com/search_result.html?search_key=605662813779883&search_method=user&region=211&regionCnName=%E7%BE%8E%E5%9B%BD,玩具与游戏
1776650595839,temu,605505510590248,https://img.kwcdn.com/product/fancy/84782b25-cca4-48ff-9489-c3af4c399238.jpg,3个夏季儿童烟花水枪玩具 适合户外泳池，沙滩派对游戏道具，泳池打水仗 拍照道具 男孩女孩生日惊喜礼物,2026-02-03T06:12:34.680+00:00,7419,6147,全托,美国,https://www.temu.com/search_result.html?search_key=605505510590248&search_method=user&region=211&regionCnName=%E7%BE%8E%E5%9B%BD,玩具与游戏
1776650595839,temu,605979097819203,https://img.kwcdn.com/product/open/207d66210fb540298ebcc35481d93241-goods.jpeg,1个可扭捏柔软面包造型捏捏乐玩具，适合男孩。柔软饺子造型解压球玩具，适用于自闭症及多动症儿童的感官玩具，办公室休闲用品，复活节、情人节、生日及斋月的最佳礼物,2026-04-07T14:29:32.370+00:00,909,909,全托,美国,https://www.temu.com/search_result.html?search_key=605979097819203&search_method=user&region=211&regionCnName=%E7%BE%8E%E5%9B%BD,玩具与游戏
1776650595839,temu,601104000723935,https://img.kwcdn.com/product/fancy/35923168-20ab-4817-9486-5319fffba35c.jpg,可爱小熊挤压玩具，慢回弹，趣味设计，高品质材料，非常适合装进礼品袋和皮纳塔，课堂奖励，派对礼物，生日，周年纪念日，万圣节和圣诞节礼物，情人节礼物，母亲节礼物,2026-03-06T17:29:24.418+00:00,6075,5594,全托,美国,https://www.temu.com/search_result.html?search_key=601104000723935&search_method=user&region=211&regionCnName=%E7%BE%8E%E5%9B%BD,玩具与游戏
1776650595839,temu,606209348334860,https://img.kwcdn.com/product/fancy/ff62aeff-510a-4109-9039-cdcb4bc3a5de.jpg,高级渡镭射银扑克牌 - 完美适合家庭聚会、派对、宿舍和礼物 | 理想的圣诞节、万圣节、感恩节选择,2026-02-09T08:22:32.610+00:00,3199,2954,全托,美国,https://www.temu.com/search_result.html?search_key=606209348334860&search_method=user&region=211&regionCnName=%E7%BE%8E%E5%9B%BD,玩具与游戏
1776650595839,temu,605856892596861,https://img.kwcdn.com/product/fancy/69573f21-b4df-4637-85b2-1b0e07f6998f.jpg,可爱幻彩小熊，慢回弹高弹性，拉扯不变形，适合办公室桌面玩具，挤压玩具，生日礼物，派对礼物,2026-01-25T11:58:50.526+00:00,6299,5518,全托,美国,https://www.temu.com/search_result.html?search_key=605856892596861&search_method=user&region=211&regionCnName=%E7%BE%8E%E5%9B%BD,玩具与游戏
1776650595839,temu,606461140819535,https://img.kwcdn.com/product/open/d660f2ae5315446c858d8c171429fa2d-goods.jpeg,双人装充气式成人水上吊床躺椅 - 耐用PVC材质，可折叠条纹充气泳池浮垫，适用于泳池派对和夏日礼品,2026-02-03T03:49:12.230+00:00,9750,8180,全托,美国,https://www.temu.com/search_result.html?search_key=606461140819535&search_method=user&region=211&regionCnName=%E7%BE%8E%E5%9B%BD,玩具与游戏
1776650595839,temu,606226326856280,https://img.kwcdn.com/product/aisc_image/algo/opt/a650c40fbfa640cc941446ff0afa86f3-goods.jpeg,路易幸运钓鱼币卡附硬币 - 适用于钓鱼爱好者、收藏家和垂钓者，用于锦标赛、礼品、钓鱼主题派对的道具钱币令牌 - 为鱼竿、渔具箱和钓鱼装备增添新奇好运,2026-04-03T01:30:56.403+00:00,1264,1264,半托,美国,https://www.temu.com/search_result.html?search_key=606226326856280&search_method=user&region=211&regionCnName=%E7%BE%8E%E5%9B%BD,玩具与游戏
1776650595839,temu,605823875036021,https://img.kwcdn.com/product/fancy/61d3b901-c49f-407d-9ce5-7789ea420610.jpg,TABA可爱趴着的小猫捏捏玩具，柔软慢回弹可拉伸玩具，美观便携，适合生日派对和节日礼物的理想选择，课堂奖品，淘气猫设计，完美适用在儿童节复活节情人节等节日的礼物。,2026-03-26T14:52:02.694+00:00,2434,2434,全托,美国,https://www.temu.com/search_result.html?search_key=605823875036021&search_method=user&region=211&regionCnName=%E7%BE%8E%E5%9B%BD,玩具与游戏
1776650595839,temu,606340546175334,https://img.kwcdn.com/product/fancy/cff9ad42-3792-4929-b900-44c1465c73eb.jpg,定制黏土写实卡通人偶定制人偶 - 3D定制 - 树脂工艺 - 亲友赠礼 - 圣诞礼物 - 独特收藏品,2026-02-10T01:13:30.165+00:00,1291,1289,全托,美国,https://www.temu.com/search_result.html?search_key=606340546175334&search_method=user&region=211&regionCnName=%E7%BE%8E%E5%9B%BD,玩具与游戏
1776650595839,temu,605621407604652,https://img.kwcdn.com/product/fancy/502b892a-8644-461f-80d1-12a91eae0b93.jpg,"LOVFEN 1000 Card Toploaders, 3x4 Baseball Card Protection Case, Premium Standard Size Trading Hard Plastic Card Holder, Perfect for Sports Football, Magic, Parties, And Baseball",2026-03-04T10:13:00.386+00:00,2053,2053,半托,美国,https://www.temu.com/search_result.html?search_key=605621407604652&search_method=user&region=211&regionCnName=%E7%BE%8E%E5%9B%BD,玩具与游戏
1776650595839,temu,605936617883606,https://img.kwcdn.com/product/fancy/fe614193-f444-4d94-a7f3-1b4000cdaa9f.jpg,"Spanish 50-Card Party Game Do You Know Me? - Fun Family Board Game for Couples, Friends & Game Night - Travel Game",2026-02-06T04:46:39.812+00:00,9700,4305,全托,美国,https://www.temu.com/search_result.html?search_key=605936617883606&search_method=user&region=211&regionCnName=%E7%BE%8E%E5%9B%BD,玩具与游戏
1776650595839,temu,606408326096493,https://img.kwcdn.com/product/fancy/caac0807-29bb-4c8b-af83-eb126c7314d7.jpg,4 件装柔软解压玩具 挤压式减压立方体，适合成人和儿童使用，具有缓慢上升的减压球，小巧柔软的玩具可用于课堂奖励、派对礼品,2026-03-25T05:39:30.829+00:00,3302,3302,全托,美国,https://www.temu.com/search_result.html?search_key=606408326096493&search_method=user&region=211&regionCnName=%E7%BE%8E%E5%9B%BD,玩具与游戏
1776650595839,temu,605819915578361,https://img.kwcdn.com/product/open/2395c120c5554f4287a0cef0bc2c2755-goods.jpeg,4个趣味炫彩磨砂冰块挤压玩具，外观类似冰块，这些独特且有趣的可拉伸玩具是柔软的感官玩具，非常适合课堂奖励，是完美的节日礼物，新奇玩具 ，挤压玩具,2026-03-24T10:50:02.127+00:00,2208,2208,全托,美国,https://www.temu.com/search_result.html?search_key=605819915578361&search_method=user&region=211&regionCnName=%E7%BE%8E%E5%9B%BD,玩具与游戏
1776650595839,temu,606260887914316,https://img.kwcdn.com/product/fancy/b49e87c3-ca67-49ca-8dd8-acee687e9588.jpg,"3D Exquisite Carved Commemorative Coin, 250Th Anniversary Coin of The United States, Bald Eagle Coin, 1776-2026 Anniversary Coin, Novelty Commemorative Coin, Double-Sided Historical Design Collectible Coin, a Gift Celebrating 250 Years of History",2026-02-07T03:26:51.549+00:00,6700,5119,全托,美国,https://www.temu.com/search_result.html?search_key=606260887914316&search_method=user&region=211&regionCnName=%E7%BE%8E%E5%9B%BD,玩具与游戏
1776650595839,temu,606089022124349,https://img.kwcdn.com/product/open/eb1f9c03edda4fd8865cf3c01b499300-goods.jpeg,【已授权】1pc 三丽鸥 三丽鸥美乐蒂系列主题派对活动单步跳跃游戏垫 适用于团队建设活动，野餐、生日、乔迁新居，户外活动派对家庭必备好物，是完美的圣诞节万圣节复活节感恩节生日礼物,2026-03-22T21:21:57.589+00:00,1388,1388,全托,美国,https://www.temu.com/search_result.html?search_key=606089022124349&search_method=user&region=211&regionCnName=%E7%BE%8E%E5%9B%BD,玩具与游戏
1776650595839,temu,605890648340042,https://img.kwcdn.com/product/open/07fcab67d386419d9bdcccc00c461b06-goods.jpeg,1个 Taba 弹力水母玩具，弹力指尖玩具，缓解焦虑和放松|完美的桌面配件，礼品袋填充物，课堂奖品，节日派个活动礼品用品，适用于复活节、万圣节、感恩节,2026-02-05T03:38:35.166+00:00,8819,4467,全托,美国,https://www.temu.com/search_result.html?search_key=605890648340042&search_method=user&region=211&regionCnName=%E7%BE%8E%E5%9B%BD,玩具与游戏
1776650595839,temu,606408258996076,https://img.kwcdn.com/product/fancy/d8ecd7d1-1cc1-4a23-b769-a0a793eb346b.jpg,动物躲猫猫卡通弹跳盒玩具 - 可爱早教互动趣味活动玩具，带移动眼睛的互动教育玩具，消失和出现的物体，适合幼儿和儿童礼物，教育游戏,2026-02-06T09:58:22.737+00:00,2572,1637,全托,美国,https://www.temu.com/search_result.html?search_key=606408258996076&search_method=user&region=211&regionCnName=%E7%BE%8E%E5%9B%BD,玩具与游戏
1776650595839,temu,605716232373874,https://img.kwcdn.com/product/fancy/2405e3ee-bd89-439e-bb15-264ff286aafc.jpg,一款顺飞鳄鱼牙齿玩具游戏，适合儿童玩。鳄鱼咬手指——模拟牙医的游戏。是一款有趣的玩具。版本为 2025 年。适合 3 岁及以上儿童玩。,2026-04-12T07:03:01.203+00:00,10000,5040,全托,美国,https://www.temu.com/search_result.html?search_key=605716232373874&search_method=user&region=211&regionCnName=%E7%BE%8E%E5%9B%BD,玩具与游戏
1776650595839,temu,605572820747023,https://img.kwcdn.com/product/fancy/91ca9fcc-8767-4201-bb0a-d07acb1f44c5.jpg,《这个词》——一款来自西班牙的流行迷你纸牌游戏，内含50张卡片，是朋友与家人聚会的绝佳选择，亦是节日赠礼的上佳礼品。派对游戏,2026-02-12T09:12:14.053+00:00,14000,7996,全托,美国,https://www.temu.com/search_result.html?search_key=605572820747023&search_method=user&region=211&regionCnName=%E7%BE%8E%E5%9B%BD,玩具与游戏
1776650595839,temu,605968561762764,https://img.kwcdn.com/product/open/98d2e5ae69e0469ba676b82b837767d2-goods.jpeg,80张迷你红色瓢虫贴纸 - 自粘可重复使用装饰品，适用于手工制作、卡片制作、花园派个装饰和房间布置，采用红色设计，工艺贴纸和工艺材料,2026-01-30T16:13:47.155+00:00,3860,2273,全托,美国,https://www.temu.com/search_result.html?search_key=605968561762764&search_method=user&region=211&regionCnName=%E7%BE%8E%E5%9B%BD,玩具与游戏
1776650595839,temu,606070902724570,https://img.kwcdn.com/product/fancy/bd8b934a-c656-4abf-8f63-1caab8db818c.jpg,92pcs S-T（ARI）LOMO卡片套装，音乐爱好者理想之选 | 非常适合粉丝收藏、剪贴簿装饰和装饰房间照片墙 | 个面印刷照片卡，60张卡+32张贴纸,2026-04-10T10:57:51.815+00:00,468,468,半托,美国,https://www.temu.com/search_result.html?search_key=606070902724570&search_method=user&region=211&regionCnName=%E7%BE%8E%E5%9B%BD,玩具与游戏
1776650595839,temu,605751934318270,https://img.kwcdn.com/product/fancy/6f91d767-60d6-45b4-8fc3-0354dd301803.jpg,"23pcs Colorful Bottle Matching Game Set - Teens' Educational Board Game to Enhance Memory & Logic, Fun Bottle Guessing Challenge, Ideal for Halloween Or Birthday Gifts, Educational Toy | Playful Design",2026-01-31T12:46:59.441+00:00,5400,3320,全托,美国,https://www.temu.com/search_result.html?search_key=605751934318270&search_method=user&region=211&regionCnName=%E7%BE%8E%E5%9B%BD,玩具与游戏
1776650595839,temu,606513754122886,https://img.kwcdn.com/product/fancy/7b75992f-c877-4b33-8a67-c66e2df154c1.jpg,复刻币 3D浮雕硬币 250周年纪念币，白头鹰纪念币 1776-2026周年纪念币，创意纪念币，双面历史设计，收藏纪念币，250周年纪念礼品，适用于圣诞节、万圣节、情人节礼物及展示纪念币礼品,2026-01-31T03:56:20.311+00:00,12000,4958,全托,美国,https://www.temu.com/search_result.html?search_key=606513754122886&search_method=user&region=211&regionCnName=%E7%BE%8E%E5%9B%BD,玩具与游戏
1776650595839,temu,606254982372358,https://img.kwcdn.com/product/open/488d61f46ef04ab0bd95653f7952f43c-goods.jpeg,"250/500pcs of Stickers, with Diverse Designs, Including 3D Options, Letters, Numbers, Butterflies, Fish, Dinosaurs and Other Sticker Puzzles, Stickers, Enhancing the Ability to for THINK and Act Creatively, Art Supplies, Children's Sticker",2026-01-29T07:53:03.993+00:00,8900,3589,全托,美国,https://www.temu.com/search_result.html?search_key=606254982372358&search_method=user&region=211&regionCnName=%E7%BE%8E%E5%9B%BD,玩具与游戏
1776650595839,temu,605712407208991,https://img.kwcdn.com/product/fancy/229d4e0e-036d-44c8-821f-3809524afbd6.jpg,7色充气泡泡球 - TPR水充泡泡，适合户外娱乐、海滩派对活动和节日庆祝 - 坚固耐用，易于充气，多色可选，适合团体娱乐（随机颜色）,2026-02-07T10:02:54.387+00:00,949,786,全托,美国,https://www.temu.com/search_result.html?search_key=605712407208991&search_method=user&region=211&regionCnName=%E7%BE%8E%E5%9B%BD,玩具与游戏
1776650595839,temu,606315111879965,https://img.kwcdn.com/product/fancy/59b29590-2656-4a1c-8081-1f7326d479e4.jpg,6pcs挤压玩具章鱼，可爱的章鱼形状的柔软压力球/彩色珠子填充的玩具，儿童学堂和生日的礼物，派对的奖品，适合儿童和，可作为圣诞节、复活节，万圣节、感恩节礼物/彩色柔软球/透明球,2026-01-30T13:44:41.754+00:00,4648,1579,全托,美国,https://www.temu.com/search_result.html?search_key=606315111879965&search_method=user&region=211&regionCnName=%E7%BE%8E%E5%9B%BD,玩具与游戏
1776650595839,temu,605687308516419,https://img.kwcdn.com/product/fancy/a0ae3a24-4070-42b8-8fd2-d4f011affb59.jpg,Shun Fei 炫彩包子捏捏乐，带蒸笼收纳，儿童益智解压玩具，桌面摆件，儿童节日/生日礼物、减压好物。,2026-04-13T06:14:28.365+00:00,16000,4320,全托,美国,https://www.temu.com/search_result.html?search_key=605687308516419&search_method=user&region=211&regionCnName=%E7%BE%8E%E5%9B%BD,玩具与游戏
1776650595839,temu,606241493490681,https://img.kwcdn.com/product/fancy/8998a3b7-7d7d-411b-8fe9-947fcb5937b3.jpg,萌趣小螃蟹 谁能拒绝这只可爱萌萌的小螃蟹捏捏乐 圆滚滚的萌态+通透果冻质感，颜值与手感双在线，捏一捏，所有不开心都被揉碎啦 半透果冻质感，颜值超高夏日氛围感拉满，一眼就爱上,2026-03-27T05:48:20.991+00:00,3280,3280,全托,美国,https://www.temu.com/search_result.html?search_key=606241493490681&search_method=user&region=211&regionCnName=%E7%BE%8E%E5%9B%BD,玩具与游戏
1776650595839,temu,606363900053139,https://img.kwcdn.com/product/fancy/6728dffd-f058-4624-b654-ebec4c0c433f.jpg,【已授权】1pc 三丽鸥 三丽鸥系列主题派个活动单步跳跃游戏垫 适用于团队建设活动，野餐、生日、乔迁新居，户外活动派个家庭必备好物，是完美的圣诞节万圣节复活节感恩节生日礼物,2026-03-22T21:21:58.381+00:00,622,622,全托,美国,https://www.temu.com/search_result.html?search_key=606363900053139&search_method=user&region=211&regionCnName=%E7%BE%8E%E5%9B%BD,玩具与游戏
1776650595839,temu,605618723243740,https://img.kwcdn.com/product/fancy/484b7a62-ddf3-4ac5-8484-644890539c57.jpg,挤压球玩具，理想的复活节礼物便携式玩具有趣的手作球玩具，假日购物者，- 非常适合露营或旅行，户外游戏时间，完美适合万圣节、感恩节及圣诞礼物，最佳圣诞选择，适合解压的球形玩具，适合与朋友分享的玩具，Taba Squishy可爱柔软的挤压球，可拉伸的手工玩具，圣诞节、感恩节、万圣节的完美礼物，适合作为装饰品，增强专注力,2026-03-22T10:32:58.853+00:00,2986,2986,全托,美国,https://www.temu.com/search_result.html?search_key=605618723243740&search_method=user&region=211&regionCnName=%E7%BE%8E%E5%9B%BD,玩具与游戏
1776650595839,temu,601105368480217,https://img.kwcdn.com/product/fancy/ddafe598-9c60-4ec0-85af-ee7910421178.jpg,16片益智拼图，包含动物、交通工具、水果和蔬菜主题 - 鲜艳的配个拼图，专为早期学习、认知成长、配个游戏活动和协调和运动技能的发展而设计,2026-03-23T15:39:23.921+00:00,989,989,全托,美国,https://www.temu.com/search_result.html?search_key=601105368480217&search_method=user&region=211&regionCnName=%E7%BE%8E%E5%9B%BD,玩具与游戏
1776650595839,temu,605851725221860,https://img.kwcdn.com/product/fancy/37d1631b-f6b9-4931-942f-267ab96b1ec9.jpg,HefengCL Taba趣味纹理球挤压玩具 - 开裂设计，柔软慢回弹挤压球，有趣好玩的感官玩具，便携小派对用品，学校生日/课堂奖品，乐趣好玩的聚会玩具,2026-03-18T14:19:17.098+00:00,2350,2109,全托,美国,https://www.temu.com/search_result.html?search_key=605851725221860&search_method=user&region=211&regionCnName=%E7%BE%8E%E5%9B%BD,玩具与游戏
1776650595839,temu,606461610546472,https://img.kwcdn.com/product/open/df3dd88d1d554860a08705f4b891850c-goods.jpeg,55张扑克牌、塑料扑克卡-圣诞节、万圣节、感恩节礼物和游戏之夜的理想选择。时尚耐用，是假日旅行礼品的完美选择,2026-03-30T04:13:35.468+00:00,1590,1590,全托,美国,https://www.temu.com/search_result.html?search_key=606461610546472&search_method=user&region=211&regionCnName=%E7%BE%8E%E5%9B%BD,玩具与游戏
1776650595839,temu,605871119685874,https://img.kwcdn.com/product/open/8115f6a1c96a447cbe11575da345d6cb-goods.jpeg,0-3岁水鸟口哨 水循环仿鸟鸣 儿童口肌训练笛 儿童可加水哨子玩具 趣味发音启蒙吹气训练器 节日好礼物,2026-02-20T06:48:40.727+00:00,1964,1650,全托,美国,https://www.temu.com/search_result.html?search_key=605871119685874&search_method=user&region=211&regionCnName=%E7%BE%8E%E5%9B%BD,玩具与游戏
1776650595839,temu,606050367469147,https://img.kwcdn.com/product/open/556d7845945e4def9d4fa5d7e241ae08-goods.jpeg,专业折叠国际象棋套装，含棋子和2个备用卒子 - 高级礼品盒，旅行友好型便携式桌面游戏，适用于跳棋和国际象棋策略，适用于33个场景,2026-03-23T06:31:01.453+00:00,960,960,全托,美国,https://www.temu.com/search_result.html?search_key=606050367469147&search_method=user&region=211&regionCnName=%E7%BE%8E%E5%9B%BD,玩具与游戏
1776650595839,temu,605654894897819,https://img.kwcdn.com/product/open/8a63c4c75c374f5db10205f76e288939-goods.jpeg,兒童動物/交通工具/蔬果雙面配對拼圖套裝——色彩鮮豔的動物與蔬菜圖案，寓教於樂的益智遊戲,2026-03-05T12:00:17.034+00:00,2252,2252,全托,美国,https://www.temu.com/search_result.html?search_key=605654894897819&search_method=user&region=211&regionCnName=%E7%BE%8E%E5%9B%BD,玩具与游戏
1776650595839,temu,605883199233349,https://img.kwcdn.com/product/fancy/3381eba7-26b8-45a4-ab33-4621a8f6a7bb.jpg,1 件 三维卡通装饰品模拟立方体 | 无限挤压玩具，混合色彩，非常适合复活节，万圣节，圣诞节、生日、派个礼物以及学校奖品使用。,2026-03-27T04:43:23.121+00:00,3474,3450,全托,美国,https://www.temu.com/search_result.html?search_key=605883199233349&search_method=user&region=211&regionCnName=%E7%BE%8E%E5%9B%BD,玩具与游戏
1776650595839,temu,606080834835613,https://img.kwcdn.com/product/fancy/98399c32-c0fe-4221-a9ac-ce7bb9cffd0a.jpg,复刻币《无上之爱复活》纪念币 - 收藏级宗教纪念币，适合展示，可作为基督徒礼物、教会历史纪念品 - 基于历史原型的复刻品,2026-03-24T00:45:30.678+00:00,1843,1843,半托,美国,https://www.temu.com/search_result.html?search_key=606080834835613&search_method=user&region=211&regionCnName=%E7%BE%8E%E5%9B%BD,玩具与游戏
1776650595839,temu,606277329589363,https://img.kwcdn.com/product/fancy/2af638f0-f865-449b-b17b-fa919e3af76d.jpg,"3D打印渐变多种颜色龙皇玩具玩偶【 11.8in/30cm】【20.9in/53cm】两款尺寸可选龙皇手办收藏艺术品 全身关节可动摆件 解压治愈万圣节复活节,有趣的创意桌面装饰礼物 家居装饰品房间办公室摆放饰品雕像摆件 多色渐变龙皇玩具、游戏动物玩偶",2026-04-02T04:46:50.621+00:00,993,993,全托,美国,https://www.temu.com/search_result.html?search_key=606277329589363&search_method=user&region=211&regionCnName=%E7%BE%8E%E5%9B%BD,玩具与游戏
1776650595839,temu,606446980837980,https://img.kwcdn.com/product/fancy/00f2ebe5-78ce-4ebd-a9ae-de9549edb6a3.jpg,任何派对的必备品！单臂强盗饮酒游戏玩具 - 拉动杠杆，体验刺激的惩罚挑战,2026-03-25T10:41:48.347+00:00,931,931,全托,美国,https://www.temu.com/search_result.html?search_key=606446980837980&search_method=user&region=211&regionCnName=%E7%BE%8E%E5%9B%BD,玩具与游戏
1776650595839,temu,606185726020241,https://img.kwcdn.com/product/fancy/bee22f37-087f-4356-ad11-3fab015c21aa.jpg,10pcs充气六色沙滩球，户外海滩游戏彩虹沙滩球，PVC加厚便携式可折叠圆形球，适合游泳池和海滩多人运动派对,2026-03-13T08:29:55.411+00:00,2265,1870,全托,美国,https://www.temu.com/search_result.html?search_key=606185726020241&search_method=user&region=211&regionCnName=%E7%BE%8E%E5%9B%BD,玩具与游戏
1776650595839,temu,606332761518202,https://img.kwcdn.com/product/fancy/4139a350-f9c6-4ecd-b6bd-ec1765fccbcd.jpg,逼真的3D打印蝰蛇摆件-灵活自由可动-随身携带方便适用于复活节、圣诞节、圣帕特里克节、愚人节、感恩节、国旗日、母亲节、植树节礼品，推荐汽车、客厅、房间装饰摆件。,2026-03-28T16:11:16.639+00:00,2135,2135,全托,美国,https://www.temu.com/search_result.html?search_key=606332761518202&search_method=user&region=211&regionCnName=%E7%BE%8E%E5%9B%BD,玩具与游戏
1776650595839,temu,605566713852126,https://img.kwcdn.com/product/fancy/44a0457f-e3b8-4b12-92e1-d233321e5399.jpg,儿童音乐玩具飞机，旋转玩具车，可在多个方向移动，具有声光效果 - 非常适合夜间娱乐，适合派对、家庭活动、游戏、团队活动、户外玩耍,2026-01-25T15:26:32.803+00:00,2619,1362,半托,美国,https://www.temu.com/search_result.html?search_key=605566713852126&search_method=user&region=211&regionCnName=%E7%BE%8E%E5%9B%BD,玩具与游戏
1776650595839,temu,606096269917959,https://img.kwcdn.com/product/open/387ac060f85245c29a3ac3df62763589-goods.jpeg,"Taba-Cute Is a Stress-Relief Toy That Is Soft, Adorable, And Designed to Slowly When Squeezed. These Squishy Toys Are Perfect for Relieving Stress And Are Suitable for Kids, Teens, And Adults Alike. They Can Be Used for Relaxation at The Office",2026-02-22T12:42:04.591+00:00,3700,2247,全托,美国,https://www.temu.com/search_result.html?search_key=606096269917959&search_method=user&region=211&regionCnName=%E7%BE%8E%E5%9B%BD,玩具与游戏
1776650595839,temu,606359605062310,https://img.kwcdn.com/product/fancy/5d3fa435-49de-4650-9a05-d960ee18279e.jpg,"Math Clock Time Workbook, Workbook for Children to Learn How to Tell Time, Including Worksheets for Reading And Math, Perfect for Classroom Teaching And Back-To-School Supplies, Birthday/Festival Gift",2026-03-14T08:11:46.336+00:00,3100,3004,全托,美国,https://www.temu.com/search_result.html?search_key=606359605062310&search_method=user&region=211&regionCnName=%E7%BE%8E%E5%9B%BD,玩具与游戏
1776650595839,temu,606542006946860,https://img.kwcdn.com/product/open/4a946ce4cc94455dabd0dde2c23e93cb-goods.jpeg,"Squishy Fidget Toys Stress Cube, Stress Balls for Kids Relax, Ice Squishy Cube Sugar Balls, Sensory Toys for Kids with Autism an Danxiety Disorder, Fidgets for Classroom Prize.",2026-03-31T00:51:38.907+00:00,3400,3000,全托,美国,https://www.temu.com/search_result.html?search_key=606542006946860&search_method=user&region=211&regionCnName=%E7%BE%8E%E5%9B%BD,玩具与游戏
1776650595839,temu,605710528181538,https://img.kwcdn.com/product/fancy/4b49045e-a5ca-4fb5-b522-57eff4d3a199.jpg,娃娃屋房子造型置物架 微缩书房客厅卧室场景装饰,2026-03-05T16:28:06.576+00:00,2667,2609,全托,美国,https://www.temu.com/search_result.html?search_key=605710528181538&search_method=user&region=211&regionCnName=%E7%BE%8E%E5%9B%BD,玩具与游戏
1776650595839,temu,606464160679347,https://img.kwcdn.com/product/open/7c111ba457964c329204a6925d7e5670-goods.jpeg,哈利波特魔法学院院徽挂旗 斯特莱林/格兰芬多/拉文克劳/赫奇帕奇 主题派对背景布置+宿舍节日装饰 魔法世界粉丝收藏必备,2026-03-28T18:50:46.754+00:00,1281,1281,全托,美国,https://www.temu.com/search_result.html?search_key=606464160679347&search_method=user&region=211&regionCnName=%E7%BE%8E%E5%9B%BD,玩具与游戏
1776650595839,temu,606485568450637,https://img.kwcdn.com/product/fancy/cad745f1-8aea-428f-bf59-391160e21463.jpg,40厘米/15.74英寸 卡哇伊高地牛 毛绒玩具 柔软毛绒玩具 可爱粉色白色浅棕色 高地牛毛绒玩具 完美的情人节、复活节或生日礼物，送给女孩,2026-02-19T06:23:54.145+00:00,3792,2192,全托,美国,https://www.temu.com/search_result.html?search_key=606485568450637&search_method=user&region=211&regionCnName=%E7%BE%8E%E5%9B%BD,玩具与游戏
1776650595839,temu,606509727626292,https://img.kwcdn.com/product/fancy/3d814d9c-b0bd-4129-997c-304025360011.jpg,"Taba Squishy, Fufu Squishy Fidget Toy - Blue Ocean Small Animal Cube of Ice Squishy Mini Toy, Slow Rebound 3D Maltose Toy, Squeezable and Kneadable Fun Toy, Cartoon Small Pattern Design, Interesting Blue Slow Rebound Soft Toy Loved by Children",2026-02-24T04:18:45.643+00:00,10000,6678,全托,美国,https://www.temu.com/search_result.html?search_key=606509727626292&search_method=user&region=211&regionCnName=%E7%BE%8E%E5%9B%BD,玩具与游戏
1776650595839,temu,605772939380674,https://img.kwcdn.com/product/fancy/313be9ee-90f6-42cb-acfb-eda2a6cc5282.jpg,高级镭射银色扑克牌——家庭聚会、派对、宿舍及馈赠佳品 | 圣诞节、万圣节与感恩节的理想之选,2026-03-30T13:33:59.407+00:00,698,698,半托,美国,https://www.temu.com/search_result.html?search_key=605772939380674&search_method=user&region=211&regionCnName=%E7%BE%8E%E5%9B%BD,玩具与游戏
1776650595839,temu,605740928452484,https://img.kwcdn.com/product/fancy/5f0dce0f-7905-443b-bc4b-03af05362bba.jpg,8/16/24pcs指尖新奇陀螺，复活节元素设计，适用儿童礼品/课堂奖励/复活节/派对礼品篮子填充物,2026-03-05T08:41:13.272+00:00,1094,1094,全托,美国,https://www.temu.com/search_result.html?search_key=605740928452484&search_method=user&region=211&regionCnName=%E7%BE%8E%E5%9B%BD,玩具与游戏
1776650595839,temu,605519939002093,https://img.kwcdn.com/product/fancy/6cbef82d-f90e-4e54-b1cd-46cd9cf0cb80.jpg,30pcs可爱柔软的凝胶玩具，混合颜色，挤压玩具，迷你可爱挤压物品，派个礼物、课堂奖励、万圣节和圣诞节的完美选择，送礼佳品，感官游戏物品，迷你减压球，可爱设计，趣味美学，，耐用可挤压结构，适合教师、家长奖励小朋友,2026-03-21T13:54:45.234+00:00,3693,2790,全托,美国,https://www.temu.com/search_result.html?search_key=605519939002093&search_method=user&region=211&regionCnName=%E7%BE%8E%E5%9B%BD,玩具与游戏
1776650595839,temu,605521952223066,https://img.kwcdn.com/product/open/93328ce063e7421096201ab17863a5dc-goods.jpeg,十件自制挑战币 3D立体浮雕硬币 美国250周年纪念币 1776——2026周年纪念币 纪念币 双面历史设计收藏级纪念币，250年历史纪念礼品，适用于圣诞、万圣节、情人节 礼品和展示 纪念币礼物 类目：玩具钱与收银机,2026-03-26T15:03:27.900+00:00,1193,1193,半托,美国,https://www.temu.com/search_result.html?search_key=605521952223066&search_method=user&region=211&regionCnName=%E7%BE%8E%E5%9B%BD,玩具与游戏
1776650595839,temu,605942523523033,https://img.kwcdn.com/product/fancy/b6b3873f-3b3e-42b5-b369-baf7c326827d.jpg,"Children's Wooden Sorting Toys, Geometric Fruit-Shaped Building Blocks, Rope-Wearing Educational Board Games, Christmas, Thanksgiving And Easter Gifts for Children Over 3 Years Old",2026-02-22T12:13:39.743+00:00,1500,844,全托,美国,https://www.temu.com/search_result.html?search_key=605942523523033&search_method=user&region=211&regionCnName=%E7%BE%8E%E5%9B%BD,玩具与游戏
1776650595839,temu,601103687666072,https://img.kwcdn.com/product/fancy/cdfcbd96-9dcc-4cfa-83c4-fabd859401d2.jpg,"Cube Snowflake Squeeze Toy, Blue Ice Cube Squeeze Toy, Aesthetic Slow-Rising Relax Squishy Toy - Soft Squeeze Toy, Suitable for Classroom Prizes, Halloween/Christmas/Easter Party Gifts, The Best Christmas Choice",2026-03-26T09:27:56.136+00:00,1700,1700,全托,美国,https://www.temu.com/search_result.html?search_key=601103687666072&search_method=user&region=211&regionCnName=%E7%BE%8E%E5%9B%BD,玩具与游戏
1776650595839,temu,606022852787698,https://img.kwcdn.com/product/fancy/04b3808b-ea49-4286-a020-0a84159da393.jpg,12枚套装【6枚纪念币+6个亚克力保护盒】2026年美国独立250周年纪念章套装 - 1776-2026年复刻币，附赠塑料盒与鹰形挑战币徽章,2026-03-24T14:53:09.110+00:00,1282,1282,半托,美国,https://www.temu.com/search_result.html?search_key=606022852787698&search_method=user&region=211&regionCnName=%E7%BE%8E%E5%9B%BD,玩具与游戏
1776650595839,temu,603176170303392,https://img.kwcdn.com/local-goods-image/211a2a44a38/6d30cd35-50bb-4abe-ae16-bfb63cbe00b3_1000x1000.jpeg.format.jpg,升级英雄增强包 | 皮卡丘卡牌游戏 | ME: 升级英雄 (ASC),2026-03-27T19:02:59.224+00:00,329,329,半托,美国,https://www.temu.com/search_result.html?search_key=603176170303392&search_method=user&region=211&regionCnName=%E7%BE%8E%E5%9B%BD,玩具与游戏
1776650595839,temu,605823807894777,https://img.kwcdn.com/product/fancy/ca9d1ee7-0b4d-4e57-bb23-fecf0a5b5646.jpg,3D打印猴子手办，关节可活动，炫酷的颜色，随机的眼睛，适合3岁以上儿童玩家,2026-03-24T03:12:11.764+00:00,3832,2580,全托,美国,https://www.temu.com/search_result.html?search_key=605823807894777&search_method=user&region=211&regionCnName=%E7%BE%8E%E5%9B%BD,玩具与游戏
1776650595839,temu,606245117342321,https://img.kwcdn.com/product/open/7aababb2c7e74325871c37d41695d48c-goods.jpeg,2个复刻币《无上之爱复活》纪念币 - 收藏级宗教纪念币，适合展示，可作为基督徒礼物、教会历史纪念品 - 基于历史原型的复刻品，复活节的理想礼物,2026-03-29T02:51:15.791+00:00,961,961,全托,美国,https://www.temu.com/search_result.html?search_key=606245117342321&search_method=user&region=211&regionCnName=%E7%BE%8E%E5%9B%BD,玩具与游戏
1776650595839,temu,605795689275710,https://img.kwcdn.com/product/fancy/69feac93-d646-453c-ab3f-d7d305d6b032.jpg,"100pcs K-POP Girl Group KAT-SEVE Member Theme Mixed Colors Self-Adhesive Irregular Shaped Stickers Suitable for Phone Cases, Suitcases, Laptops, And PC Decorative Stickers",2026-02-07T17:59:29.199+00:00,3100,1312,全托,美国,https://www.temu.com/search_result.html?search_key=605795689275710&search_method=user&region=211&regionCnName=%E7%BE%8E%E5%9B%BD,玩具与游戏
1776650595839,temu,605597718154950,https://img.kwcdn.com/product/fancy/b9fb5419-7f13-4af5-8f0f-e9d9b8581e3a.jpg,巨型彩色挤压球玩具 柔软 慢回弹 有趣感官玩具 非常适合同学礼物 生日礼物 节日礼物 课堂奖品 是缓解焦虑最佳的玩具,2026-03-31T16:30:01.563+00:00,962,962,全托,美国,https://www.temu.com/search_result.html?search_key=605597718154950&search_method=user&region=211&regionCnName=%E7%BE%8E%E5%9B%BD,玩具与游戏
1776650595839,temu,606313501287106,https://img.kwcdn.com/product/fancy/6a9e4894-e750-4f95-a6c9-e403c0dab9b3.jpg,50/100枚金色塑料游戏金币 | 适用于派对礼品、寻宝游戏及派对用品 - 品牌：Valporia，颜色：金色,2026-03-22T14:22:30.668+00:00,972,972,全托,美国,https://www.temu.com/search_result.html?search_key=606313501287106&search_method=user&region=211&regionCnName=%E7%BE%8E%E5%9B%BD,玩具与游戏
1776650595839,temu,605595168029032,https://img.kwcdn.com/product/fancy/1327df20-2a54-4397-a7c8-b74be65a9a51.jpg,彩色温度变色赛车玩具，随机颜色款式，玩具变色小赛车，炫酷温度变色，理想的节日礼物，生日礼物，复活节礼物，毕业礼物 圣诞节礼物 万圣节,2026-02-09T10:18:36.676+00:00,2441,2084,全托,美国,https://www.temu.com/search_result.html?search_key=605595168029032&search_method=user&region=211&regionCnName=%E7%BE%8E%E5%9B%BD,玩具与游戏
1776650595839,temu,605989097037792,https://img.kwcdn.com/product/fancy/78b7d4ba-beaf-4011-8ce0-3dea2b04e256.jpg,"Various Models of Rotating Squeeze Cube Toys, Tie-Dye Squeeze Blocks, And Sensory Toys That Can Be Pinched And Twisted. These Tactile Toys Provide an Excellent Fingertip Feel And Are Filled with a Soft Core",2026-03-26T01:33:37.341+00:00,10000,2460,全托,美国,https://www.temu.com/search_result.html?search_key=605989097037792&search_method=user&region=211&regionCnName=%E7%BE%8E%E5%9B%BD,玩具与游戏
1776650595839,temu,606043119704320,https://img.kwcdn.com/product/fancy/f62c1961-c9e4-4af4-885e-003235c63d76.jpg,1/2/3件炫彩兔子捏捏，新奇挤压玩具 手部感官玩具 节日派对礼物 适合复活节装饰 万圣节 圣诞节,2026-02-11T06:04:10.328+00:00,2721,1567,全托,美国,https://www.temu.com/search_result.html?search_key=606043119704320&search_method=user&region=211&regionCnName=%E7%BE%8E%E5%9B%BD,玩具与游戏
1776650595839,temu,605939503597898,https://img.kwcdn.com/product/open/64079f5cb224464bacfc6ed0adc922e5-goods.jpeg,"Creative 3D Pop-Up Finger, Prank Gift Box for Adult Relax and Jokes, Novel and Fun Surprise Gift",2026-03-25T01:01:33.099+00:00,511,511,全托,美国,https://www.temu.com/search_result.html?search_key=605939503597898&search_method=user&region=211&regionCnName=%E7%BE%8E%E5%9B%BD,玩具与游戏
1776650595839,temu,606485769769951,https://img.kwcdn.com/product/fancy/ce5f3036-fbcd-4e52-a2ac-f3610bd5b1d4.jpg,哈利波特活点地图 魔法学院复刻地图 可寻宝可装饰 霍格沃茨风格背景 新学期冒险启动器,2026-03-09T02:06:09.843+00:00,2926,1898,全托,美国,https://www.temu.com/search_result.html?search_key=606485769769951&search_method=user&region=211&regionCnName=%E7%BE%8E%E5%9B%BD,玩具与游戏
1776650595839,temu,605584900364223,https://img.kwcdn.com/product/fancy/19258277-7e8b-41c2-8416-e5e1778e03bc.jpg,已授权Hello Kitty大号玩偶35cm/13.78inch玫瑰哈喽kitty公仔凯蒂猫美乐蒂玩偶毛绒玩具kt女孩最好的生日礼物,2026-03-05T20:38:42.160+00:00,786,726,半托,美国,https://www.temu.com/search_result.html?search_key=605584900364223&search_method=user&region=211&regionCnName=%E7%BE%8E%E5%9B%BD,玩具与游戏
1776650595839,temu,605934067766764,https://img.kwcdn.com/product/fancy/a3dd4b1b-686a-42c7-bc83-8d60d610318d.jpg,1个小巧、趣味且可爱的水豚玩偶，旨在提供情感支持。它是送给男女朋友的生日或情人节的完美礼物，配有一个迷人的鸭子，既是积极的家居装饰品。,2026-02-21T12:34:49.502+00:00,2278,1053,全托,美国,https://www.temu.com/search_result.html?search_key=605934067766764&search_method=user&region=211&regionCnName=%E7%BE%8E%E5%9B%BD,玩具与游戏
1776650595839,temu,605656975255543,https://img.kwcdn.com/product/fancy/967bb714-15b6-485c-8f14-0d0514cd9545.jpg,54件1副迷你创意扑克牌模型套装，装饰摆件旅行游戏，小扑克牌，适合新奇派对游戏和礼物，扑克配件，手工制作，新奇派对游戏,2026-04-15T15:05:10.500+00:00,635,635,全托,美国,https://www.temu.com/search_result.html?search_key=605656975255543&search_method=user&region=211&regionCnName=%E7%BE%8E%E5%9B%BD,玩具与游戏
1776650595839,temu,601101594336138,https://img.kwcdn.com/product/fancy/5932c5e9-5dc6-4c84-940f-fc817a89bc16.jpg,4/8/20个装 32英寸 充气剑 充气海盗剑 海盗派对礼物，适用于主题派对生日游泳Cosplay万圣节服装配饰舞台道具,2025-10-09T08:46:07.694+00:00,15000,673,半托,美国,https://www.temu.com/search_result.html?search_key=601101594336138&search_method=user&region=211&regionCnName=%E7%BE%8E%E5%9B%BD,玩具与游戏
1776650595839,temu,606094793493404,https://img.kwcdn.com/product/fancy/f65c774b-05d7-4b54-885f-cd4cc99aa49b.jpg,Shun Fei 3个装/6个装/8个装-彩色创意减压面团球 - 各种颜色激发想象的玩耍乐趣，挤压时能有效缓解压力并舒缓紧张情绪,2026-03-26T09:44:32.730+00:00,2676,2280,全托,美国,https://www.temu.com/search_result.html?search_key=606094793493404&search_method=user&region=211&regionCnName=%E7%BE%8E%E5%9B%BD,玩具与游戏
1776650595839,temu,601099795401747,https://img.kwcdn.com/product/fancy/d1c7731b-bc0a-4ae4-8641-d7897403004b.jpg,不锈钢扭曲线缆开口手链，配仿珍珠点缀 - 银色镀层，复合贝壳,2026-02-02T20:02:51.953+00:00,1047,1042,半托,美国,https://www.temu.com/search_result.html?search_key=601099795401747&search_method=user&region=211&regionCnName=%E7%BE%8E%E5%9B%BD,玩具与游戏
1776650595839,temu,601105219698778,https://img.kwcdn.com/product/fancy/50e37d81-869d-457d-bde4-b20c13ff700a.jpg,1PC水鸟口哨可以按注水量改变口哨吹出鸟叫声户外浴室水玩具精美男孩女孩礼品派个生日礼物袋玩具礼品赠品万圣节圣诞节复活节礼物,2026-01-31T07:38:53.775+00:00,18000,12763,全托,美国,https://www.temu.com/search_result.html?search_key=601105219698778&search_method=user&region=211&regionCnName=%E7%BE%8E%E5%9B%BD,玩具与游戏
1776650595839,temu,606214515724089,https://img.kwcdn.com/product/fancy/c1833a56-f48c-4b70-9cfc-b55f5ae386ce.jpg,整蛊玩具炫彩渐变方块捏捏乐慢回弹减压神器办公室搞怪创意礼物,2026-04-02T05:59:54.695+00:00,506,506,半托,美国,https://www.temu.com/search_result.html?search_key=606214515724089&search_method=user&region=211&regionCnName=%E7%BE%8E%E5%9B%BD,玩具与游戏
1776650595839,temu,606328869248667,https://img.kwcdn.com/product/fancy/f49b20cf-5bbc-45a3-ab0e-0add66bc281b.jpg,水鸟哨玩具，戏水玩具可通过调节水量改变音效，儿童户外派对礼品，无需电池，酷玩具圣诞生日礼物，男女童适用,2026-04-01T02:19:26.659+00:00,804,804,全托,美国,https://www.temu.com/search_result.html?search_key=606328869248667&search_method=user&region=211&regionCnName=%E7%BE%8E%E5%9B%BD,玩具与游戏
1776650595839,temu,605750860601640,https://img.kwcdn.com/product/open/c3efb60f1d324a779f21ce0f2c567795-goods.jpeg,单件装夏季儿童烟花水枪玩具 | 适用于户外泳池、沙滩派对、泳池比赛、拍照道具、男女童生日惊喜礼物，混色ABS材质,2026-03-25T15:35:20.450+00:00,787,787,全托,美国,https://www.temu.com/search_result.html?search_key=605750860601640&search_method=user&region=211&regionCnName=%E7%BE%8E%E5%9B%BD,玩具与游戏
1776650595839,temu,605733479396104,https://img.kwcdn.com/product/fancy/7e40b386-0efd-4668-93b9-40ecb0c6f599.jpg,"Shun Fei 2pcs Soft Buns Pressure Balls, Buns Soft Toys, Sensory Toys, Squeeze Dough Balls for Stress Relief Toys, Soft Stress-Relieving Toys, Elastic Pressure Balls for Squeezing Toys, Hyperactivity Disorder",2026-04-11T03:16:42.383+00:00,965,965,全托,美国,https://www.temu.com/search_result.html?search_key=605733479396104&search_method=user&region=211&regionCnName=%E7%BE%8E%E5%9B%BD,玩具与游戏
1776650595839,temu,606307931238769,https://img.kwcdn.com/product/fancy/b5fd7af8-4764-4c7f-be94-7b348a3d8737.jpg,可扭扭的软团压压球玩具，指尖玩具，玩具，办公室休闲用品，复活节、情人节、生日和斋月节的最佳礼物,2026-04-02T14:52:24.265+00:00,802,802,全托,美国,https://www.temu.com/search_result.html?search_key=606307931238769&search_method=user&region=211&regionCnName=%E7%BE%8E%E5%9B%BD,玩具与游戏
1776650595839,temu,606583815826439,https://img.kwcdn.com/product/fmket/092dc49d781d7e400dd23f8356849220.jpg,8/15/32pcs缓慢上升型软质玩具，柔软可爱的甜甜圈，生日礼物，小礼品袋，课堂奖励，狂欢节奖品，复活节，万圣节和圣诞节派对赠品 随机款式,2026-02-02T06:35:03.675+00:00,7367,2786,全托,美国,https://www.temu.com/search_result.html?search_key=606583815826439&search_method=user&region=211&regionCnName=%E7%BE%8E%E5%9B%BD,玩具与游戏
1776650595839,temu,605980372908242,https://img.kwcdn.com/product/fancy/87e5d903-0a51-4224-87b8-e2d678edb80a.jpg,气球/小房子/飞行屋模型集建筑小摆件，新年、圣诞节、斋月、复活节礼物，创意组装，重力积木，详细组装，精密制作，可重复使用的建筑件模型，组装套件，礼物创意,2026-02-12T03:35:39.753+00:00,681,590,全托,美国,https://www.temu.com/search_result.html?search_key=605980372908242&search_method=user&region=211&regionCnName=%E7%BE%8E%E5%9B%BD,玩具与游戏
1776650595839,temu,606056675682108,https://img.kwcdn.com/product/open/873494b689f34bde8c80f589c0316dbf-goods.jpeg,Fidget 蚯蚓玩具，真3D打印玩具，趣味口袋蚯蚓Fidget玩具，成人静音抵抗减压玩具，成人桌面Fidget,2026-03-31T04:59:22.985+00:00,751,751,全托,美国,https://www.temu.com/search_result.html?search_key=606056675682108&search_method=user&region=211&regionCnName=%E7%BE%8E%E5%9B%BD,玩具与游戏
1776650595839,temu,606191967153594,https://img.kwcdn.com/product/fancy/411edb1a-700f-4d4c-91ab-1ad13d4ff12b.jpg,1 个/2 个迷你填充小面包配着手偶玩具。这些是极具质感的玩具，您可以亲手握持。它们是 2026 年的新设计，颜色随机搭配,2026-04-01T15:21:46.393+00:00,2753,2100,全托,美国,https://www.temu.com/search_result.html?search_key=606191967153594&search_method=user&region=211&regionCnName=%E7%BE%8E%E5%9B%BD,玩具与游戏
1776650595839,temu,606432351112497,https://img.kwcdn.com/product/fancy/f960071a-cb23-4ae3-9777-7a19ae9c6dba.jpg,50张哈利波特元素卡通贴纸，水彩涂鸦贴纸，可用于笔记本电脑、手机、笔记本电脑装饰，适合粉丝周边，返校季礼物,2026-03-09T02:06:12.411+00:00,4917,3561,全托,美国,https://www.temu.com/search_result.html?search_key=606432351112497&search_method=user&region=211&regionCnName=%E7%BE%8E%E5%9B%BD,玩具与游戏
1776650595839,temu,605719923360424,https://img.kwcdn.com/product/aisc_image/algo/opt/2358f518c9f049b49f013153fce1e479-goods.jpeg,SYNCFUN加厚型充气泳池浮床双件套（成人适用）——粉蓝双色加厚充气躺椅与泳池浮条，适用于泳池、湖泊、海滩及庭院派对，为各年龄段人群带来水上乐趣,2026-02-09T02:59:15.382+00:00,1569,1270,半托,美国,https://www.temu.com/search_result.html?search_key=605719923360424&search_method=user&region=211&regionCnName=%E7%BE%8E%E5%9B%BD,玩具与游戏
1776650595839,temu,605648519528776,https://img.kwcdn.com/product/open/8876aa1ec03d4875988083b94174c3ee-goods.jpeg,一套游戏动物毛绒玩具，一个大型 23.62 英寸 / 11.81 英寸 3D 龙蛋套装，适合作为复活节、圣诞节、万圣节、感恩节和情人节的酷炫彩色桌面装饰，采用印刷龙模型，汽车装饰品,2026-04-18T21:23:41.300+00:00,7541,2040,全托,美国,https://www.temu.com/search_result.html?search_key=605648519528776&search_method=user&region=211&regionCnName=%E7%BE%8E%E5%9B%BD,玩具与游戏
1776650597462,temu,605940845782037,https://img.kwcdn.com/product/fancy/34fa68ef-1462-4cf2-a25f-0fe9f2e612b8.jpg,1PC圆形挑拣垫 - 皮肤抠抓焦虑症与拔毛癖专用解压玩具，自闭症及压力缓解感官抠垫，硅胶抠垫附镊子,2026-03-30T04:56:01.588+00:00,1200,1200,全托,美国,https://www.temu.com/search_result.html?search_key=605940845782037&search_method=user&region=211&regionCnName=%E7%BE%8E%E5%9B%BD,玩具与游戏
1776650597462,temu,606331956244784,https://img.kwcdn.com/product/fancy/15d5b4a1-a6c1-4c88-aa70-e8e8ccf0800a.jpg,雪花造型解压玩具，雪花冰块挤压玩具，天蓝色挤压放松玩具 慢回弹三维麦芽糖玩具 触感柔软舒适-非常适合在工作中、学习期间或放松时使用。它是办公桌上的绝佳选择，也适合复活节、万圣节和圣诞节等场合。这款小型玩具,2026-03-16T06:13:02.475+00:00,6235,5131,全托,美国,https://www.temu.com/search_result.html?search_key=606331956244784&search_method=user&region=211&regionCnName=%E7%BE%8E%E5%9B%BD,玩具与游戏
1776650597462,temu,606259478651068,https://img.kwcdn.com/product/fancy/ea6e5ffc-fffa-489d-b0eb-ff8ae87c3b37.jpg,14/28pcs硅胶弹跳感官玩具，给孙子们的圣诞节的礼物，迷你推泡泡挤压玩具，适合儿童，适合男孩的女孩的玩具，适合作为派对礼物、好礼袋填充物、课堂奖品，复活节/万圣节/圣诞节礼物（随机颜色和款式）,2026-02-27T02:40:35.586+00:00,5567,2661,全托,美国,https://www.temu.com/search_result.html?search_key=606259478651068&search_method=user&region=211&regionCnName=%E7%BE%8E%E5%9B%BD,玩具与游戏
1776650597462,temu,606292060026951,https://img.kwcdn.com/product/fancy/6682ac8c-5dfd-490d-9938-2d2c305a8ac0.jpg,儿童音乐玩具、吉他与弦乐器玩具、尤克里里玩具、益智教育玩具,2026-03-11T06:37:42.079+00:00,2514,2054,全托,美国,https://www.temu.com/search_result.html?search_key=606292060026951&search_method=user&region=211&regionCnName=%E7%BE%8E%E5%9B%BD,玩具与游戏
1776650597462,temu,606010370586433,https://img.kwcdn.com/product/fancy/d121fc46-3802-4ce3-aea0-9e300796fb3b.jpg,爱心摆件挂饰 按键解压,2026-03-27T06:54:41.373+00:00,497,497,全托,美国,https://www.temu.com/search_result.html?search_key=606010370586433&search_method=user&region=211&regionCnName=%E7%BE%8E%E5%9B%BD,玩具与游戏
1776650597462,temu,606080499301091,https://img.kwcdn.com/product/open/0da41bd7724e4413bb9b88f64301f2f0-goods.jpeg,6/16/26件装迷你蛇形魔方玩具套装 - 魔方益智玩具，适合初学者训练，锻炼手部灵活性，课堂奖励，礼品袋填充物，完美的节日礼物，价格实惠，品质卓越,2026-01-31T09:55:44.034+00:00,6554,2325,全托,美国,https://www.temu.com/search_result.html?search_key=606080499301091&search_method=user&region=211&regionCnName=%E7%BE%8E%E5%9B%BD,玩具与游戏
1776650597462,temu,606522545402558,https://img.kwcdn.com/product/open/a20c4c800e97465aa3fcbb482e3ee33e-goods.jpeg,复活节新奇玩具 2件套小龙与蛋 - 复活节游戏梦幻人偶套装（1龙+1蛋），耐用塑料汽车内部装饰配件模型收藏品和玩具，家居室内装饰工艺品。复活节节日主题装饰，彩色车载展示摆件，办公桌面装饰。馈赠亲友孩童的完美生日礼物,2026-03-30T17:03:19.123+00:00,745,745,全托,美国,https://www.temu.com/search_result.html?search_key=606522545402558&search_method=user&region=211&regionCnName=%E7%BE%8E%E5%9B%BD,玩具与游戏
1776650597462,temu,605681335767270,https://img.kwcdn.com/product/open/231b7629204f468981fed77c3fbb80c3-goods.jpeg,花瓣造型卡通旋转玩具，早期启蒙益智玩具，适合在浴缸、餐桌、浴室洗澡玩具，理想的生日玩具礼物，圣诞节万圣节礼物,2026-02-09T14:16:51.137+00:00,3808,2723,全托,美国,https://www.temu.com/search_result.html?search_key=605681335767270&search_method=user&region=211&regionCnName=%E7%BE%8E%E5%9B%BD,玩具与游戏
1776650597462,temu,606423626921349,https://img.kwcdn.com/product/fancy/5a641e0b-4f7b-48b8-8115-a6bfa1d03822.jpg,超柔软包子挤压玩具，带蒸笼收纳盒，约3.1英寸大小，具有超柔软的质地和可爱的包子外观，非常适合作为玩具，是桌面摆件的理想选择，也是日/生日礼物的绝佳选择,2026-04-13T07:04:22.835+00:00,578,578,全托,美国,https://www.temu.com/search_result.html?search_key=606423626921349&search_method=user&region=211&regionCnName=%E7%BE%8E%E5%9B%BD,玩具与游戏
1776650597462,temu,605808104434716,https://img.kwcdn.com/product/fancy/57c40b35-e183-4646-89f4-a18547359d99.jpg,木质猫咪迷宫拼图 成人烧脑思维训练 异形收纳盘 解压解闷神器,2026-04-02T16:09:19.295+00:00,827,827,全托,美国,https://www.temu.com/search_result.html?search_key=605808104434716&search_method=user&region=211&regionCnName=%E7%BE%8E%E5%9B%BD,玩具与游戏
1776650597462,temu,606258606230200,https://img.kwcdn.com/product/open/e5dba6229dae43ce88330a03bce79e8b-goods.jpeg,可爱举手小猫Taba挤压玩具 柔软萌趣慢回弹感官互动趣味桌面摆件 亲子互动办公室减压玩具 适用于儿童青少年及成人 圣诞节情人节感恩节复活节新年节日礼物派对装饰生日礼物圣诞袜填充物,2026-02-02T02:52:20.007+00:00,2856,1290,全托,美国,https://www.temu.com/search_result.html?search_key=606258606230200&search_method=user&region=211&regionCnName=%E7%BE%8E%E5%9B%BD,玩具与游戏
1776650597462,temu,605507725195541,https://img.kwcdn.com/product/fancy/9a9462f2-f34b-49a7-9c6c-caf1b0af6d2d.jpg,一款趣味馒头挤压玩具，采用手工软胶设计，回弹缓慢且粘性佳。适合作为办公室、圣诞节、万圣节、复活节及生日的赠礼。挤压粘贴的趣味游戏。桌面装饰（附蒸笼）,2026-04-08T01:07:42.920+00:00,839,839,全托,美国,https://www.temu.com/search_result.html?search_key=605507725195541&search_method=user&region=211&regionCnName=%E7%BE%8E%E5%9B%BD,玩具与游戏
1776650597462,temu,606550060049133,https://img.kwcdn.com/product/fancy/0dee1238-de4a-474c-b777-79e8566f2677.jpg,40个麻糬软胶可爱玩具套装，混色卡哇伊迷你软胶玩具，派个礼物，迷你软胶小物件适合作为派个礼物、猫咪玩具、圣诞好心情袋填充物、圣诞袜填充物,2026-03-25T06:36:15.095+00:00,2417,1860,全托,美国,https://www.temu.com/search_result.html?search_key=606550060049133&search_method=user&region=211&regionCnName=%E7%BE%8E%E5%9B%BD,玩具与游戏
1776650597462,temu,606058487628602,https://img.kwcdn.com/product/open/27cc3238161b41dda722325bc0e1a89b-goods.jpeg,Taba 1/2/3 彩色磨砂冰块挤压玩具，柔软橡胶材质 - 低回弹软萌玩具，缓解办公室压力，课堂奖励，生日派对礼物，节日礼品（随机颜色）。非常适合日常、愚人节,2026-03-29T05:34:56.300+00:00,2239,1377,全托,美国,https://www.temu.com/search_result.html?search_key=606058487628602&search_method=user&region=211&regionCnName=%E7%BE%8E%E5%9B%BD,玩具与游戏
1776650597462,temu,606070298776856,https://img.kwcdn.com/product/open/5b29c7a080d443adaf2d6c330c9b9ab6-goods.jpeg,27件亚克力水晶宝石沙滩玩具 | 1个宝盒 + 26颗带孔钻石，颜色混搭，是儿童礼物的理想之选，夏天沙滩装饰物，泳池沙滩玩具,2026-02-02T15:15:03.451+00:00,1697,1228,全托,美国,https://www.temu.com/search_result.html?search_key=606070298776856&search_method=user&region=211&regionCnName=%E7%BE%8E%E5%9B%BD,玩具与游戏
1776650597462,temu,606263035417273,https://img.kwcdn.com/product/fancy/6cbd082f-2bc3-441e-9eeb-b77edd6370f2.jpg,"Children's Bathroom Windmill Toy, Colorful Water Play Toy, Looks Very Beautiful When Spinning, for Fun Bathtub/Pool Playtime, Perfect Children's Birthday Gift, Holiday Gift",2026-02-03T05:42:08.121+00:00,4600,3055,全托,美国,https://www.temu.com/search_result.html?search_key=606263035417273&search_method=user&region=211&regionCnName=%E7%BE%8E%E5%9B%BD,母婴用品
1776650597462,temu,606594016375123,https://img.kwcdn.com/product/fancy/5aa6d615-cbc8-4546-b3e9-e2a9aa3d3633.jpg,24支装雪花泡泡棒，无需液体，节日婚庆派对用品，儿童派对赠品泡泡，儿童生日礼物，课堂宝藏盒玩具，复活节篮子填充物，男女童玩具，儿童礼品袋填充物，皮纳塔填充物派对赠品，派对礼品，户外玩具，批量礼品，男孩玩具，女孩玩具，圣诞礼物，万圣节、复活节、狂欢节、感恩节礼物的理想选择（随机款式）,2026-02-04T04:23:22.622+00:00,5160,2820,全托,美国,https://www.temu.com/search_result.html?search_key=606594016375123&search_method=user&region=211&regionCnName=%E7%BE%8E%E5%9B%BD,玩具与游戏
1776650597462,temu,605646506264571,https://img.kwcdn.com/product/fancy/7c1ce814-318b-4881-b7f3-c289e1961d7c.jpg,多彩可挤压球：柔软慢回弹玩具——完美适用于办公桌、收藏家，可作为生日、节日及圣诞礼物，适合任何场合,2026-04-05T16:11:06.918+00:00,1051,1051,全托,美国,https://www.temu.com/search_result.html?search_key=605646506264571&search_method=user&region=211&regionCnName=%E7%BE%8E%E5%9B%BD,玩具与游戏
1776650597462,temu,605679255414355,https://img.kwcdn.com/product/fancy/d8193c96-5fa8-4081-8382-b218ea995e7d.jpg,1个/3个装彩色充气沙滩球，彩虹条纹充气球儿童戏水玩具球，泳池派对装饰球，夏季海滩球，夏日派对装饰球，夏季派对的最佳选择,2026-03-26T19:33:35.135+00:00,1287,1287,全托,美国,https://www.temu.com/search_result.html?search_key=605679255414355&search_method=user&region=211&regionCnName=%E7%BE%8E%E5%9B%BD,玩具与游戏
1776650597462,temu,605763946826946,https://img.kwcdn.com/product/fancy/53083128-039b-48e2-9be8-05e1f55885e1.jpg,BABYTRIBAL 8.5英寸儿童液晶绘图板儿童彩色液晶写字板，用触控笔释放创造力，可擦除屏幕教育玩具，完美的生日、圣诞节、万圣节和复活节儿童礼物,2026-01-30T19:53:02.935+00:00,20000,566,半托,美国,https://www.temu.com/search_result.html?search_key=605763946826946&search_method=user&region=211&regionCnName=%E7%BE%8E%E5%9B%BD,玩具与游戏
1776650597462,temu,606010102111470,https://img.kwcdn.com/product/fancy/b475fe7d-ddce-460d-bb13-c79d107d59c9.jpg,塔巴捏捏猫爪解压玩具，柔软果冻猫咪挤压减压玩具，亲子互动玩具，休闲伴侣，黑色感官解压玩具，情人节礼物佳选，办公休闲好礼,2026-03-05T12:03:54.077+00:00,1836,1496,全托,美国,https://www.temu.com/search_result.html?search_key=606010102111470&search_method=user&region=211&regionCnName=%E7%BE%8E%E5%9B%BD,玩具与游戏
1776650597462,temu,605559399015046,https://img.kwcdn.com/product/fancy/f8319d54-8c5f-4a44-94a9-48704b547a89.jpg,3D打印棕色马玩具马 手办人物 多关节 铰链可动,2026-03-10T02:16:50.760+00:00,1131,957,全托,美国,https://www.temu.com/search_result.html?search_key=605559399015046&search_method=user&region=211&regionCnName=%E7%BE%8E%E5%9B%BD,玩具与游戏
1776650597462,temu,606041307774968,https://img.kwcdn.com/product/aisc_image/fancy/opt/1708786699720-201fc1e367884a318ea79ca8290b716f-goods.jpeg,搞笑假电源插座贴纸 - 完美适用于办公室恶作剧和笑话，插头贴纸 办公室整蛊,2026-02-01T11:53:15.236+00:00,1872,1140,全托,美国,https://www.temu.com/search_result.html?search_key=606041307774968&search_method=user&region=211&regionCnName=%E7%BE%8E%E5%9B%BD,玩具与游戏
1776650597462,temu,606443356934181,https://img.kwcdn.com/product/fancy/226adebc-f871-468a-8db6-e2a702c33eff.jpg,3D打印可活动关节的煎蛋Pop Fidget 桌面创意摆件礼物,2026-03-19T03:20:29.868+00:00,2088,1899,全托,美国,https://www.temu.com/search_result.html?search_key=606443356934181&search_method=user&region=211&regionCnName=%E7%BE%8E%E5%9B%BD,玩具与游戏
1776650597462,temu,606487850136740,https://img.kwcdn.com/product/fancy/77a0f8d6-9c90-451c-902b-13116260d456.jpg,"麦芽糖球捏捏，慢回弹,随意拉扯不变形，放松解压玩具，挤压玩具，适合派对小礼物",2026-01-18T10:34:18.794+00:00,1422,907,全托,美国,https://www.temu.com/search_result.html?search_key=606487850136740&search_method=user&region=211&regionCnName=%E7%BE%8E%E5%9B%BD,玩具与游戏
1776650597462,temu,602685906491244,https://img.kwcdn.com/local-goods-image/212a0c3850/c605eec6-53ae-4165-8d24-7b9c72a92266_3264x3264.jpeg.format.jpg,【极品宝可梦三重威胁超稀有战斗套装】| 85+张宝可梦卡 | 保证3张双色或超稀有卡！| 包含20张全彩和稀有卡！| 儿童和收藏家的完美礼物！,2026-02-07T01:11:06.000+00:00,2854,1400,半托,美国,https://www.temu.com/search_result.html?search_key=602685906491244&search_method=user&region=211&regionCnName=%E7%BE%8E%E5%9B%BD,玩具与游戏
1776650597462,temu,605583289762360,https://img.kwcdn.com/product/fancy/3a27677b-8661-43d6-bec6-ba4638d9c0ae.jpg,帕尼尼 2026 国际足联 365 Adrenalyn XL惊喜卡包| 球迷礼物 纸牌游戏 球星卡 官方球星卡 足球星卡 球迷礼物,2026-04-08T13:26:48.127+00:00,986,986,全托,美国,https://www.temu.com/search_result.html?search_key=605583289762360&search_method=user&region=211&regionCnName=%E7%BE%8E%E5%9B%BD,玩具与游戏
1776650597462,temu,605593758740668,https://img.kwcdn.com/product/open/56848b476c5b4ee0a8973d8d438b80e1-goods.jpeg,适用于手机、水瓶、手账的闪粉贴纸——自粘塑料光面贴花，含可爱动物与爱心图案，无需裁剪，轻松撕贴3D立体泡泡贴,2026-03-01T09:58:17.502+00:00,1199,800,全托,美国,https://www.temu.com/search_result.html?search_key=605593758740668&search_method=user&region=211&regionCnName=%E7%BE%8E%E5%9B%BD,玩具与游戏
1776650597462,temu,605922994796331,https://img.kwcdn.com/product/fancy/887de4f0-d614-48f3-8364-70e17bf8014b.jpg,透明雏菊充气式泳圈，夏季泳池的时尚单品，好看耐用，儿童水上派对的完美选择，夏日礼品,2026-03-28T02:07:58.991+00:00,741,741,全托,美国,https://www.temu.com/search_result.html?search_key=605922994796331&search_method=user&region=211&regionCnName=%E7%BE%8E%E5%9B%BD,玩具与游戏
1776650597462,temu,606379200891637,https://img.kwcdn.com/product/fancy/07722e4b-4b25-47fe-ba58-d87e4e7c480a.jpg,2pcs打印小海龟+蛋套装，内含小海龟，家居装饰礼物，聚会派对用品，毕业礼物，花园装饰品，3D列印收藏艺术品，惊喜礼物，生日礼物【乌龟眼睛颜色随机】,2026-03-29T21:21:42.627+00:00,931,931,全托,美国,https://www.temu.com/search_result.html?search_key=606379200891637&search_method=user&region=211&regionCnName=%E7%BE%8E%E5%9B%BD,玩具与游戏
1776650597462,temu,606521203259468,https://img.kwcdn.com/product/fancy/02a760ea-ed16-498d-a3fa-133b5e65c757.jpg,1支/2支/4支浪花烟花水枪，2026新款水枪，情侣浪漫烟花造型水枪，沙滩泳池水枪，高压拉出式喷水玩具，适用于沐浴、泳池、沙滩派个娱乐,2026-03-18T05:00:17.674+00:00,1711,1590,全托,美国,https://www.temu.com/search_result.html?search_key=606521203259468&search_method=user&region=211&regionCnName=%E7%BE%8E%E5%9B%BD,玩具与游戏
1776650597462,temu,605915612831933,https://img.kwcdn.com/product/fancy/98869b1d-74a2-48e6-a07c-d36bc045bdc2.jpg,1个 Taba 弹力玩具，可爱水母挤压玩具，粘性指尖玩具，缓解压力，柔软可爱玩具，周年纪念日的完美礼物，复活节彩蛋填充物，斋月礼物和办公室休闲，桌面装饰品（鱿鱼）,2026-03-07T08:42:44.534+00:00,1788,1205,全托,美国,https://www.temu.com/search_result.html?search_key=605915612831933&search_method=user&region=211&regionCnName=%E7%BE%8E%E5%9B%BD,玩具与游戏
1776650597462,temu,606027013540083,https://img.kwcdn.com/product/fancy/42380d7b-5da7-4851-8b40-93ed0eefac96.jpg,1个超柔软吐司捏捏玩具，非常适合办公桌摆放，可作为复活节和生日派对赠予同学与学生的礼物，互动玩耍玩具，Taba捏捏玩具/儿童玩具，吐司造型解压神器，圣诞礼物填充物，馈赠佳品首选，感官游戏玩具,2026-03-02T14:52:51.682+00:00,1725,1604,全托,美国,https://www.temu.com/search_result.html?search_key=606027013540083&search_method=user&region=211&regionCnName=%E7%BE%8E%E5%9B%BD,玩具与游戏
1776650597462,temu,606042918333773,https://img.kwcdn.com/product/open/a3c4a4e13676442e8120e8c1e293b162-goods.jpeg,多色解压荔枝球，麦芽糖凝胶软触感记忆凝胶解压玩具，感官刺激玩具，适用于自闭症/ADHD患者的感官刺激球，办公室指尖解压球，课堂奖励，节日礼物,2026-02-07T08:37:30.511+00:00,1612,449,全托,美国,https://www.temu.com/search_result.html?search_key=606042918333773&search_method=user&region=211&regionCnName=%E7%BE%8E%E5%9B%BD,玩具与游戏
1776650597462,temu,605669591775242,https://img.kwcdn.com/product/fancy/3398419b-f781-49dd-b5a7-da70f13cbb41.jpg,"Giant Bubble Ball, Transparent Water-filled Bubble Ball, Durable and Easy to Inflate, Giant Inflatable Water Ball, Beach Ball, Yard Game, Soft Rubber Water Ball, Inflatable Prop, Leak-proof Design, Suitable for Yard, Beach and Outdoor Entertainment",2026-03-30T18:11:35.937+00:00,622,622,全托,美国,https://www.temu.com/search_result.html?search_key=605669591775242&search_method=user&region=211&regionCnName=%E7%BE%8E%E5%9B%BD,玩具与游戏
1776650597462,temu,605899506709995,https://img.kwcdn.com/product/fancy/7ca7b3da-5c38-4f01-b19b-9600510a913a.jpg,1件微型木质装饰品，“Yes You Can”字母设计，迷你娃娃屋装饰画，农舍木框微型标牌，手工双层娃娃屋挂饰挂件励志装饰画，乡村风分层托盘,2026-03-01T10:04:16.685+00:00,753,714,半托,美国,https://www.temu.com/search_result.html?search_key=605899506709995&search_method=user&region=211&regionCnName=%E7%BE%8E%E5%9B%BD,玩具与游戏
1776650597462,temu,606478857542132,https://img.kwcdn.com/product/fancy/cbd33e38-8170-44ad-ab13-25c47a472ef2.jpg,四色串珠感官指环套装 - 可调节减压指环，缓解焦虑与压力，多色成人款，指部按摩器，适合上班族使用,2026-02-14T16:26:21.236+00:00,1340,821,全托,美国,https://www.temu.com/search_result.html?search_key=606478857542132&search_method=user&region=211&regionCnName=%E7%BE%8E%E5%9B%BD,玩具与游戏
1776650597462,temu,605527992040780,https://img.kwcdn.com/product/fancy/7010c593-5209-4e16-9b19-d8ee72ab709a.jpg,"1pc Realistic Soft Milk Carton Squeeze Toy Ornament, Fun Slow-Bouncing Stress Relief Toy Party Decorations, Fun Christmas Thanksgiving New Year Party Gifts, Home Decor Party Gifts Birthday Gifts, Easter Gifts",2026-03-07T08:19:45.635+00:00,1100,884,全托,美国,https://www.temu.com/search_result.html?search_key=605527992040780&search_method=user&region=211&regionCnName=%E7%BE%8E%E5%9B%BD,玩具与游戏
1776650597462,temu,606065399793619,https://img.kwcdn.com/product/fancy/de1c5fd2-ad25-4366-9909-9f080abd7d72.jpg,"亚克力可堆叠展示盒，适用于English Booster Bundle，透明磁性封口收纳盒，专为交易卡、收藏品及体育纪念品设计,购买前请确认产品尺寸，适合老款 English Booster Bundle",2026-03-18T11:22:17.758+00:00,1712,1571,全托,美国,https://www.temu.com/search_result.html?search_key=606065399793619&search_method=user&region=211&regionCnName=%E7%BE%8E%E5%9B%BD,玩具与游戏
1776650597462,temu,606267263272822,https://img.kwcdn.com/product/fancy/391ed4b0-a975-4034-912b-3c3af5828235.jpg,"2pcs Underwater Glider, Swimming Training Toy - Self Propelled, Glides Underwater, Adjusting The Wing Angle Results in Different Gliding Performance, Summer Outdoor Swimming Pool Gift for Kids & Teenagers",2026-03-25T02:42:01.672+00:00,1100,1100,全托,美国,https://www.temu.com/search_result.html?search_key=606267263272822&search_method=user&region=211&regionCnName=%E7%BE%8E%E5%9B%BD,玩具与游戏
1776650597462,temu,606559857932992,https://img.kwcdn.com/product/open/cdf201fcb5264209b0694b4e111dad6e-goods.jpeg,三色魔方挤压玩具，麦芽糖软耐用，感官刺激玩具，旋转挤压魔方 - 挤压玩具，锻炼手指，桌面玩具，课堂奖励，节日礼物,2026-03-10T03:42:31.243+00:00,2217,1435,全托,美国,https://www.temu.com/search_result.html?search_key=606559857932992&search_method=user&region=211&regionCnName=%E7%BE%8E%E5%9B%BD,玩具与游戏
1776650597462,temu,606025604237123,https://img.kwcdn.com/product/fancy/d131809c-7bc5-4392-bd15-5b8567119e66.jpg,20件迷你切割水果蔬菜披萨组合 - 过家家厨房玩具，仿真食物儿童玩具过家家玩具不开刃,2026-03-05T09:35:05.819+00:00,2054,1625,全托,美国,https://www.temu.com/search_result.html?search_key=606025604237123&search_method=user&region=211&regionCnName=%E7%BE%8E%E5%9B%BD,玩具与游戏
1776650597462,temu,606532477502808,https://img.kwcdn.com/product/fancy/bc7bfc0b-60bb-4572-b31e-f3417ae2709c.jpg,银色玩具枪，战术设计，目标练习，户外休闲游戏，Cosplay，收藏，竞技射击，技能训练，爱好者，射击爱好者,2026-03-29T06:55:28.698+00:00,659,659,全托,美国,https://www.temu.com/search_result.html?search_key=606532477502808&search_method=user&region=211&regionCnName=%E7%BE%8E%E5%9B%BD,玩具与游戏
1776650597462,temu,605609260900194,https://img.kwcdn.com/product/fancy/780da902-08e6-4d9e-a530-22323cfcbe7f.jpg,15pcs 蝾螈挤压玩具派对礼品包，挤压玩具儿童派对礼品，适用于生日派对、复活节彩蛋填充物、课堂奖励、嘉年华奖品，情人节/圣诞节/万圣节/复活节/新年礼物，款式随机,2026-03-04T23:35:53.163+00:00,1026,825,全托,美国,https://www.temu.com/search_result.html?search_key=605609260900194&search_method=user&region=211&regionCnName=%E7%BE%8E%E5%9B%BD,玩具与游戏
1776650597462,temu,605605167204283,https://img.kwcdn.com/product/fancy/8735dc7b-ca57-48d0-8bd0-f4e4dab1f352.jpg,13pcs多派对儿童派对礼物包，玩具的礼物，玩具的组合，学堂和生日的礼物，扩展吸盘投掷套装 - 室内外派对礼物，竞技互动游戏，适合活动、团队建设、家庭聚会及节日赠送的趣味娱乐，复活节/万圣节/圣诞节的礼物,2026-03-29T07:46:04.723+00:00,503,503,全托,美国,https://www.temu.com/search_result.html?search_key=605605167204283&search_method=user&region=211&regionCnName=%E7%BE%8E%E5%9B%BD,玩具与游戏
1776650597462,temu,602381500698825,https://img.kwcdn.com/local-goods-image/211a2a4420e/8aa82f16-5774-4fb1-9854-67b180bac85a_1600x1600.jpeg.format.jpg,【宝可梦】神秘蛋 | 超级稀有或双稀有卡牌，带展示盒 | EX、V、VMAX、VSTAR | 包含10张免费全彩卡 | 完美的儿童和收藏家的礼物,2026-03-06T23:40:14.018+00:00,2585,1834,半托,美国,https://www.temu.com/search_result.html?search_key=602381500698825&search_method=user&region=211&regionCnName=%E7%BE%8E%E5%9B%BD,玩具与游戏
1776650597462,temu,605554701393553,https://img.kwcdn.com/product/open/06ec075cfc9e4ae6a4620ca5af297ed4-goods.jpeg,LUDO游戏棋盘 6人用大尺寸 35厘米/13.78英寸 - 内含：1个圆形棋盘垫、24枚6色棋子、2个骰子。经典骰子棋盘游戏，适合6人玩，棋子带数字标记（1-6）- 家庭游戏之夜、圣诞节及万圣节适用 - 快速通道版,2026-03-24T02:08:49.275+00:00,884,884,半托,美国,https://www.temu.com/search_result.html?search_key=605554701393553&search_method=user&region=211&regionCnName=%E7%BE%8E%E5%9B%BD,玩具与游戏
1776650597462,temu,601103582861997,https://img.kwcdn.com/product/open/cdd8366de2fd4382b97f10e1958d6763-goods.jpeg,"Bubble Bottles Available in Packs of 6, 12, 24, Or 36 (4Oz Solution), Perfect for Children Aged 3 And Up. These Bubble Solutions Come with Wands And Are Ideal As for Party Favors Or Summer Outdoor Toys for",2026-02-07T03:36:33.821+00:00,910,549,半托,美国,https://www.temu.com/search_result.html?search_key=601103582861997&search_method=user&region=211&regionCnName=%E7%BE%8E%E5%9B%BD,玩具与游戏
1776650597462,temu,605959971776869,https://img.kwcdn.com/product/fancy/daa8205b-8823-46a6-bc3e-3f522e0a0c03.jpg,婴儿玩具绕珠串珠儿童宝宝益智积木早教启蒙教育复活节万圣节圣诞节感恩节送礼,2026-03-31T22:22:58.970+00:00,503,503,全托,美国,https://www.temu.com/search_result.html?search_key=605959971776869&search_method=user&region=211&regionCnName=%E7%BE%8E%E5%9B%BD,母婴用品
1776650597462,temu,606025671397351,https://img.kwcdn.com/product/fancy/d4c28cfc-a051-4687-98ca-f131acb8fc85.jpg,加厚型充气泳池浮床双件套（成人适用）——双色加厚充气躺椅与泳池浮条，适用于泳池、湖泊、海滩及庭院派对，为各年龄段人群带来水上乐趣,2026-03-31T08:04:54.018+00:00,452,452,半托,美国,https://www.temu.com/search_result.html?search_key=606025671397351&search_method=user&region=211&regionCnName=%E7%BE%8E%E5%9B%BD,玩具与游戏
1776650597462,temu,606198946473147,https://img.kwcdn.com/product/open/32de682398364bb994e586a71eafa453-goods.jpeg,2D平面250年自由纪念币 美利坚合众国1776-2026四百年纪念纪念品 艺术设计收藏人偶复制品 2D平面,2026-03-19T14:27:14.261+00:00,514,514,半托,美国,https://www.temu.com/search_result.html?search_key=606198946473147&search_method=user&region=211&regionCnName=%E7%BE%8E%E5%9B%BD,玩具与游戏
1776650597462,temu,605583289717715,https://img.kwcdn.com/product/fancy/b4129948-1f10-4b39-81ad-29c4987eb1df.jpg,2026赛季Panini 365 Adrenalyn XL惊喜卡包 每包6张 世界顶级俱乐部球队球员特惠卡集 精美工艺卡牌游戏,2026-04-06T03:48:28.134+00:00,736,736,全托,美国,https://www.temu.com/search_result.html?search_key=605583289717715&search_method=user&region=211&regionCnName=%E7%BE%8E%E5%9B%BD,玩具与游戏
1776650597462,temu,601104764247115,https://img.kwcdn.com/product/open/35bee730372b44d6b0eb2a38b9c2a44e-goods.jpeg,"10pcs, Inflatable Beach Ball Set - Colorful Six-Color Ball, Suitable for Hawaiian Beach Water Games and Pool Party Toys, Durable PVC Material, Fun Accessory for Summer Games, Beach and Pool Activities, Beach Toys, Funny Design, High-Quality Balls",2026-03-21T02:26:20.818+00:00,509,509,全托,美国,https://www.temu.com/search_result.html?search_key=601104764247115&search_method=user&region=211&regionCnName=%E7%BE%8E%E5%9B%BD,玩具与游戏
1776650597462,temu,605828102848570,https://img.kwcdn.com/product/fancy/3a4fd932-e2f5-4968-9095-68efc97ef7ff.jpg,手工乐趣，8张贴纸，DIY创意绘画。简约有趣的3D贴纸套装，适合手工艺与艺术初学者，DIY艺术贴纸1套，教学与生日礼物皆宜,2026-03-20T03:53:06.860+00:00,896,896,全托,美国,https://www.temu.com/search_result.html?search_key=605828102848570&search_method=user&region=211&regionCnName=%E7%BE%8E%E5%9B%BD,玩具与游戏
1776650597462,temu,606307461482044,https://img.kwcdn.com/product/fancy/bbe424fb-3c32-4cd6-a0c1-221f7fbc540b.jpg,慢回弹软萌猫玩具 - 逼真挤压TPR毛绒小猫，蓬松捏捏猫，办公室减压玩具摆件，拍照道具，课堂奖励，室内家居装饰，可爱灰色、粉色、黄色与白色小猫萌宠，适合小型派对礼物、复活节、圣诞节及生日赠礼,2026-03-02T02:06:44.831+00:00,1043,592,全托,美国,https://www.temu.com/search_result.html?search_key=606307461482044&search_method=user&region=211&regionCnName=%E7%BE%8E%E5%9B%BD,玩具与游戏
1776650597462,temu,606348196598762,https://img.kwcdn.com/product/fancy/07de73ad-2811-41db-af3d-54c24d531821.jpg,彩色键盘按压玩具，按钮键盘点击器钥匙链，适合放松的按压玩具礼物（多色）,2026-03-28T07:05:12.109+00:00,1780,1290,全托,美国,https://www.temu.com/search_result.html?search_key=606348196598762&search_method=user&region=211&regionCnName=%E7%BE%8E%E5%9B%BD,玩具与游戏
1776650597462,temu,601105635070278,https://img.kwcdn.com/product/fancy/c373e3c6-3f00-4ee0-a97a-021521c79508.jpg,一卷500个小眼睛贴纸，设计精美，多种款式可选，非常适合用于剪贴簿、日记本、笔记本电脑、保险杠、滑板、冰箱、行李箱、水瓶等,2026-03-29T04:02:18.889+00:00,1153,1153,全托,美国,https://www.temu.com/search_result.html?search_key=601105635070278&search_method=user&region=211&regionCnName=%E7%BE%8E%E5%9B%BD,玩具与游戏
1776650597462,temu,605523160175976,https://img.kwcdn.com/product/open/fb06079cab4d49dbb762978468f05bde-goods.jpeg,"50张复古女性语录涂鸦贴纸, 适用于滑板、头盔、自行车、汽车保险杠、水瓶、骑行装饰贴纸，Suitable For Roller Skating And Cycling、Cycling Stickers And Decals",2026-04-08T03:30:37.727+00:00,515,515,全托,美国,https://www.temu.com/search_result.html?search_key=605523160175976&search_method=user&region=211&regionCnName=%E7%BE%8E%E5%9B%BD,玩具与游戏
1776650597462,temu,606407722128219,https://img.kwcdn.com/product/fancy/a4e80946-f3fa-4465-8221-d9a9a54ee0cd.jpg,趣味水枪玩具3岁+！户外打水仗 孩子夏日玩到停不下来，夏季泳池玩具，夏季水枪，聚会和海滩派对玩具,2026-02-08T16:16:34.752+00:00,2116,1379,全托,美国,https://www.temu.com/search_result.html?search_key=606407722128219&search_method=user&region=211&regionCnName=%E7%BE%8E%E5%9B%BD,玩具与游戏
1776650597462,temu,603023329862643,https://img.kwcdn.com/local-goods-image/3879e702/d446ff3e-4b72-4b36-b899-19bc4330793d.jpeg,宝可梦集换式卡牌游戏：100张散装英文卡牌,2026-01-31T07:05:05.614+00:00,960,868,半托,美国,https://www.temu.com/search_result.html?search_key=603023329862643&search_method=user&region=211&regionCnName=%E7%BE%8E%E5%9B%BD,玩具与游戏
1776650597462,temu,605740123169013,https://img.kwcdn.com/product/fancy/58d13a7d-1033-4b2e-a3cb-e86c082eeed4.jpg,"1 Box Tabletop Card Game | 50 Thoughtfully Designed Cards for Outdoor Gatherings and Birthday Parties, Portable to Cultivate Emotional Regulation Skills and Inner Peace, Ideal Gift for Halloween, Christmas, Thanksgiving, Valentine'S Day",2026-02-09T19:19:29.465+00:00,2300,900,全托,美国,https://www.temu.com/search_result.html?search_key=605740123169013&search_method=user&region=211&regionCnName=%E7%BE%8E%E5%9B%BD,玩具与游戏
1776650597462,temu,605804547693434,https://img.kwcdn.com/product/fancy/88383107-c84b-4ec3-93c4-46fa76619b74.jpg,喜欢大黄蜂的朋友，这款模型玩具变形金刚帅气炫酷，喜欢变形金刚的朋友不要错过，也可以送给你身边喜欢变形金刚的朋友！,2026-02-26T04:39:43.138+00:00,1880,1359,全托,美国,https://www.temu.com/search_result.html?search_key=605804547693434&search_method=user&region=211&regionCnName=%E7%BE%8E%E5%9B%BD,玩具与游戏
1776650597462,temu,606238607804952,https://img.kwcdn.com/product/fancy/6357f4ae-a70a-41b1-9958-30e48efa817b.jpg,"24个装 ""意大利脑腐"" 儿童派对礼品套装 | ""Tung-Tung-Sahur""，派对礼品袋填充物，女孩和男孩礼物，情人节和复活节装饰品，包含24个悬挂装饰品，装饰派对和房间，塑料制成",2026-01-26T16:57:45.030+00:00,715,498,全托,美国,https://www.temu.com/search_result.html?search_key=606238607804952&search_method=user&region=211&regionCnName=%E7%BE%8E%E5%9B%BD,玩具与游戏
1776650597462,temu,605517120392175,https://img.kwcdn.com/product/fancy/5a487cdb-c431-47ad-85eb-7b47ba843572.jpg,互动户外火箭发射玩具套装 - 手踏式彩色塑料火箭，适合复活节、万圣节、圣诞礼物，适用于年轻人,2026-03-27T01:59:33.594+00:00,440,440,全托,美国,https://www.temu.com/search_result.html?search_key=605517120392175&search_method=user&region=211&regionCnName=%E7%BE%8E%E5%9B%BD,玩具与游戏
1776650597462,temu,606479193071827,https://img.kwcdn.com/product/fancy/c757d0d1-35a3-420e-9e44-4fc514a5bfc3.jpg,Shun Fei 挤压球套装 3个/5个装 - squishy 球玩具 - 挤压球派个礼物装大包 - 课堂奖品 - 生日万圣节,2026-03-26T09:44:32.287+00:00,765,765,全托,美国,https://www.temu.com/search_result.html?search_key=606479193071827&search_method=user&region=211&regionCnName=%E7%BE%8E%E5%9B%BD,玩具与游戏
1776650597462,temu,605774818440876,https://img.kwcdn.com/product/fancy/851e3702-fa2d-40ce-9add-acad3aa5c0df.jpg,磁性蜜蜂采摘与桌面钓鱼游戏，可调节头带，教育性焦点玩具，适合 3 岁以上儿童，家庭聚会出游时的室内/室外游戏，白象礼品，适合成人赠送。,2026-03-31T09:34:06.325+00:00,742,742,全托,美国,https://www.temu.com/search_result.html?search_key=605774818440876&search_method=user&region=211&regionCnName=%E7%BE%8E%E5%9B%BD,玩具与游戏
1776650597462,temu,606037750959798,https://img.kwcdn.com/product/fancy/d6d94c46-9624-4ea2-bf6c-e43e07da2c81.jpg,美国250周年纪念奖章 | 双面历史设计收藏品，非常适合圣诞节、万圣节、情人节和复活节送礼 | 混色,2026-02-25T06:55:37.991+00:00,1061,614,半托,美国,https://www.temu.com/search_result.html?search_key=606037750959798&search_method=user&region=211&regionCnName=%E7%BE%8E%E5%9B%BD,玩具与游戏
1776650597462,temu,606560461893210,https://img.kwcdn.com/product/fancy/bee18491-791e-4b4d-a57f-3cac1f4351ca.jpg,迷你置物架与甜点展示套装，含精致分层设计，微缩仿真超市娃娃屋装饰，饮品零食展示架模型，适用于桌面展示柜、娃娃收藏家、精细工艺、模型家具、建筑套件,2026-03-01T16:41:15.696+00:00,861,667,全托,美国,https://www.temu.com/search_result.html?search_key=606560461893210&search_method=user&region=211&regionCnName=%E7%BE%8E%E5%9B%BD,玩具与游戏
1776650597462,temu,605993995960888,https://img.kwcdn.com/product/open/1c3f54b0291d4ac69237e01ebf9759c7-goods.jpeg,多款带摄像头无人机：E88、E99、X6 PRO。可折叠遥控四轴飞行器，无人机，适合初学者遥控，无人机，适合男女，配备光流定位技术和英特尔。,2026-03-03T15:04:25.976+00:00,2777,2565,半托,美国,https://www.temu.com/search_result.html?search_key=605993995960888&search_method=user&region=211&regionCnName=%E7%BE%8E%E5%9B%BD,玩具与游戏
1776650597462,temu,606094189540342,https://img.kwcdn.com/product/fancy/8a7efaf0-d886-4c60-bcf3-5bd9eb790c43.jpg,"13/25pcs Party Gift Package – Stretchable Toy Dog Toy Set Combination, with Various Shapes, Desktop Toys And Decorations, Perfect for Small Gifts, Classroom Prizes, Easter And Birthday Gifts, Party Gift Fillers",2026-01-31T02:14:35.983+00:00,3767,1985,全托,美国,https://www.temu.com/search_result.html?search_key=606094189540342&search_method=user&region=211&regionCnName=%E7%BE%8E%E5%9B%BD,玩具与游戏
1776650597462,temu,605926216037004,https://img.kwcdn.com/product/fancy/6aaa7313-febe-4855-91ed-d13e880630fe.jpg,5/10/15PCS变色龙模型摆件，逼真梦幻游戏玩具摆件，精细塑料变色龙模型，完美桌面家居装饰摆件，塑料材质，炫彩多色可选，眼睛颜色随机，儿童玩具，可用于客厅、书桌、办公室、商店等装饰使用，玩具手办玩偶套装，游戏梦幻人偶，节日用品，桌面摆件，派对装饰，母亲节、父亲节、儿童节、复活节、万圣节、圣诞节，一件最好的变色龙礼物,2026-03-28T15:08:00.791+00:00,704,704,全托,美国,https://www.temu.com/search_result.html?search_key=605926216037004&search_method=user&region=211&regionCnName=%E7%BE%8E%E5%9B%BD,玩具与游戏
1776650597462,temu,606174250369727,https://img.kwcdn.com/product/open/3aaf677ba2e84286947be406f27bf90d-goods.jpeg,2PCS迷你仿真洗衣液模型摆件（无化学品，不可涂抹）-适用于娃娃屋场景装饰及摄影道具-收藏级模型-完美节日礼物选择-随机款式,2026-03-30T14:39:26.515+00:00,617,617,全托,美国,https://www.temu.com/search_result.html?search_key=606174250369727&search_method=user&region=211&regionCnName=%E7%BE%8E%E5%9B%BD,玩具与游戏
1776650597462,temu,606221964828974,https://img.kwcdn.com/product/fancy/d4f86995-d2a6-4d52-846e-459388bf225f.jpg,20/60个透明PVC模型展示盒，适用于1/64比例模型，透明，方形，塑料，礼品收纳盒，汽车模型收纳盒,2026-02-10T21:32:27.764+00:00,1137,969,全托,美国,https://www.temu.com/search_result.html?search_key=606221964828974&search_method=user&region=211&regionCnName=%E7%BE%8E%E5%9B%BD,玩具与游戏
1776650597462,temu,606416580510376,https://img.kwcdn.com/product/open/7980ec19cd704eac9b0593c23d528ac5-goods.jpeg,56张美国独立250周年纪念贴纸 | 高品质亮面纸，自粘，非常适合装饰手机、笔记本电脑、平板电脑、水瓶、剪贴簿、日记本、汽车、手工卡片、艺术和手工艺品、礼品袋、信封封口,2026-03-06T23:44:57.093+00:00,555,517,全托,美国,https://www.temu.com/search_result.html?search_key=606416580510376&search_method=user&region=211&regionCnName=%E7%BE%8E%E5%9B%BD,玩具与游戏
1776650597462,temu,606424969097988,https://img.kwcdn.com/product/fancy/ef28e02c-cac2-46f8-b365-48e6b03fad55.jpg,1/2个装 可调节漂浮泳池椅 成人款，舒适水上吊床，柔软面料,2026-03-30T09:03:51.157+00:00,373,373,半托,美国,https://www.temu.com/search_result.html?search_key=606424969097988&search_method=user&region=211&regionCnName=%E7%BE%8E%E5%9B%BD,玩具与游戏
1776650597462,temu,605782603093782,https://img.kwcdn.com/product/fancy/a621bf9f-978e-409c-bbcd-5047c2641baf.jpg,Multilingual PDF Guide 78 Cards Dimensions: 12 X 17 Cm/ 2.75 X 4.72 Inches Innovative Illustrated Design Witness to Time Utilize Your 24 Hours Efficiently And Mindfully Life Themes,2026-04-13T05:31:45.725+00:00,559,559,全托,美国,https://www.temu.com/search_result.html?search_key=605782603093782&search_method=user&region=211&regionCnName=%E7%BE%8E%E5%9B%BD,玩具与游戏
1776650597462,temu,606252633523237,https://img.kwcdn.com/product/open/5ee76bcc3eda4604a43d587745d2c1d5-goods.jpeg,1个粘性塔巴饼干软软压压乐玩具 | 超柔软缓解压力挤压玩具，儿童卡哇伊饼干感官压力球，可爱设计，缓解焦虑派个礼物，适合男孩和女孩，办公室休闲，复活节篮子填充物,2026-04-07T10:26:19.123+00:00,691,691,全托,美国,https://www.temu.com/search_result.html?search_key=606252633523237&search_method=user&region=211&regionCnName=%E7%BE%8E%E5%9B%BD,玩具与游戏
1776650597462,temu,606268739690719,https://img.kwcdn.com/product/fancy/fcccc02b-b734-4422-a501-d562e5b0472a.jpg,2/4件户外彩色充气沙滩球玩具 最适合作为沙滩 泳池 户外充气游戏 是夏日泳池最佳的玩具拍档,2026-03-29T15:00:55.705+00:00,632,632,全托,美国,https://www.temu.com/search_result.html?search_key=606268739690719&search_method=user&region=211&regionCnName=%E7%BE%8E%E5%9B%BD,玩具与游戏
1776650597462,temu,606277329627120,https://img.kwcdn.com/product/fancy/8e93d22d-5593-42a1-918f-8e04664fddea.jpg,2D暖心治愈系猴子浮雕纪念币 复古做旧工艺收藏币 桌面装饰解压小摆件仅作装饰与收藏用途,2026-04-01T11:26:15.444+00:00,780,780,全托,美国,https://www.temu.com/search_result.html?search_key=606277329627120&search_method=user&region=211&regionCnName=%E7%BE%8E%E5%9B%BD,玩具与游戏
1776650597462,temu,601105147473674,https://img.kwcdn.com/product/fancy/32f1658a-e778-4a9e-a122-ad049c5676df.jpg,Cute Frog Puppet Funny Animal Hand Puppet Soft Stuffed Plush Toy Kawaii Room Decor Suitable for Performance Storytelling Great Birthday Gifts Interactive Puppet for Storytelling,2026-02-05T20:44:06.126+00:00,596,501,全托,美国,https://www.temu.com/search_result.html?search_key=601105147473674&search_method=user&region=211&regionCnName=%E7%BE%8E%E5%9B%BD,玩具与游戏
1776650597462,temu,602297211942773,https://img.kwcdn.com/local-goods-image/211a2a43278/07f410a0-ed94-4c05-a391-c17e49508db3_800x800.jpeg.format.jpg,宝可梦闪粉卡包——内含40张随机卡牌（含箔卡）。您收到的卡牌可能与图片所示有所不同,2026-02-11T07:51:23.150+00:00,4554,1901,半托,美国,https://www.temu.com/search_result.html?search_key=602297211942773&search_method=user&region=211&regionCnName=%E7%BE%8E%E5%9B%BD,玩具与游戏
1776650597462,temu,606209079896039,https://img.kwcdn.com/product/fancy/263db8ef-75b7-4ab7-bd25-1a21f890f05c.jpg,互动刺猬玩具 | 重点培养精细运动技能，7键手眼协调教育按压玩具，帮助宝宝提高手指灵活性和集中力 - 适合派对和特殊场合，非电子产品,2026-02-09T02:40:42.978+00:00,2648,2006,全托,美国,https://www.temu.com/search_result.html?search_key=606209079896039&search_method=user&region=211&regionCnName=%E7%BE%8E%E5%9B%BD,玩具与游戏
1776650597462,temu,606357323381352,https://img.kwcdn.com/product/open/c62ed271bbfa47a7ac4924fd9bf9adb1-goods.jpeg,"Horse-themed Playing Cards, 54 Non-repeating Illustrated Playing Cards Set, Exquisite Horse Illustrations, Thickened Cardstock with Smooth Feel, Strong Durability, Playing Card Surface with Cold-stamped Anti-slip Texture Craftsmanship",2026-03-31T06:38:27.390+00:00,795,795,全托,美国,https://www.temu.com/search_result.html?search_key=606357323381352&search_method=user&region=211&regionCnName=%E7%BE%8E%E5%9B%BD,玩具与游戏
1776650597462,temu,606428727234809,https://img.kwcdn.com/product/fancy/f30828e0-7a89-4b9e-945e-1c84af5da2ac.jpg,新款大号DIY 场景贴纸，DIY房子贴纸，3D立体小屋微缩场景贴纸儿童diy手帐益智玩具贴画，景观贴纸，手册贴纸，手分类贴纸小房子场景，可重复使用，多种规格可选择,2026-04-01T04:14:18.918+00:00,1004,1004,全托,美国,https://www.temu.com/search_result.html?search_key=606428727234809&search_method=user&region=211&regionCnName=%E7%BE%8E%E5%9B%BD,玩具与游戏
1776650597462,temu,606550261368430,https://img.kwcdn.com/product/fancy/869d3dce-150a-4391-a232-76c909c14244.jpg,晚餐后娱乐——朋友们的逻辑挑战游戏，（内含50个谜题）激发内心侦探精神，锻炼思维能力，适合聚会与社交活动,2026-02-20T05:08:50.178+00:00,1521,1099,全托,美国,https://www.temu.com/search_result.html?search_key=606550261368430&search_method=user&region=211&regionCnName=%E7%BE%8E%E5%9B%BD,玩具与游戏
1776650597462,temu,606368060818922,https://img.kwcdn.com/product/fancy/d3c32a52-608c-4262-a98d-e02f17a1944d.jpg,"柔软捏捏玩具,适合成人和儿童缓解放松球,课堂奖励玩具礼品和复活节篮子填充物",2026-03-30T03:38:18.214+00:00,1126,1020,全托,美国,https://www.temu.com/search_result.html?search_key=606368060818922&search_method=user&region=211&regionCnName=%E7%BE%8E%E5%9B%BD,玩具与游戏
1776650597462,temu,606570930922591,https://img.kwcdn.com/product/fancy/409c027d-5ca0-4cc3-86c8-d6b7a9abf081.jpg,Crystal Ball Bubble Squishy Toy - Stress Relief Fidget for Kids & Adults,2026-01-31T10:13:31.352+00:00,1000,554,全托,美国,https://www.temu.com/search_result.html?search_key=606570930922591&search_method=user&region=211&regionCnName=%E7%BE%8E%E5%9B%BD,玩具与游戏
1776650597462,temu,605954535951311,https://img.kwcdn.com/product/fancy/c83d8d61-9bd4-4787-8d9b-1f264ab183ae.jpg,"Unsolved Case: Cold Case Murder Mystery Game - Real Crime Scene Investigation with Autopsy Report, Interviews, And Clues | Single Or Team Detective Game for Ages 14+ | Engaging Detective Experience, Paper Materials, Detective Game, Real Crime Scene",2026-03-04T11:54:48.206+00:00,2300,1685,全托,美国,https://www.temu.com/search_result.html?search_key=605954535951311&search_method=user&region=211&regionCnName=%E7%BE%8E%E5%9B%BD,玩具与游戏
1776650597462,temu,606090968333399,https://img.kwcdn.com/product/fancy/f391ae01-5ab5-472f-adf8-c719848f9ee1.jpg,3件/巨型泡泡球，透明 TPR 水充泡泡球，耐用且易于充气，巨型充气水球 沙滩球 庭院游戏 软胶水球，充气道具，防漏设计，庭院、海滩及户外娱乐无需电费，适合家庭聚会和水上活动,2026-01-26T16:26:39.270+00:00,2416,1310,全托,美国,https://www.temu.com/search_result.html?search_key=606090968333399&search_method=user&region=211&regionCnName=%E7%BE%8E%E5%9B%BD,玩具与游戏
1776650597462,temu,606226863734398,https://img.kwcdn.com/product/open/6ddc01fd8d3b4c3cbe7638cf3d456b58-goods.jpeg,专业国际象棋套装，包含33件，包括16个黑色棋子、16个白色棋子和1个棋盘。采用优质礼盒包装，非常适合旅行，也是国际象棋爱好者的绝佳选择,2026-04-02T12:53:23.750+00:00,796,796,全托,美国,https://www.temu.com/search_result.html?search_key=606226863734398&search_method=user&region=211&regionCnName=%E7%BE%8E%E5%9B%BD,玩具与游戏
1776650597462,temu,601105601258594,https://img.kwcdn.com/product/fancy/1f7aec3c-b00c-4a7e-bdb5-35b268739b65.jpg,4个装 伸缩四节大号喇叭活动加油助威道具（颜色随机）,2026-03-17T13:39:20.610+00:00,507,463,全托,美国,https://www.temu.com/search_result.html?search_key=601105601258594&search_method=user&region=211&regionCnName=%E7%BE%8E%E5%9B%BD,玩具与游戏
1776650597462,temu,605609059520608,https://img.kwcdn.com/product/aisc_image/algo/opt/1d2b26c5-f185-4afa-95f1-c8b737e10ab4.jpg,1套15件交通标志模型立牌- 迷你路口灯模型-交通路障摆件- DIY贴纸仿真交通牌-非常适合创意装饰-很棒的生日礼物,2026-03-28T08:41:51.410+00:00,1168,960,全托,美国,https://www.temu.com/search_result.html?search_key=605609059520608&search_method=user&region=211&regionCnName=%E7%BE%8E%E5%9B%BD,玩具与游戏
1776650597462,temu,605623018222830,https://img.kwcdn.com/product/fancy/4cd3993d-b6c0-4ef7-b8fd-ec4e85a4a3ea.jpg,多彩的发呆旋转玩具 - 梯度色彩金属发呆旋转玩具，拥有 6 种独特设计，适合儿童放松使用的发呆玩具，生日和圣诞节礼物，用于放松和玩耍的奇特发呆玩具，发呆旋转玩具，有趣的设计，坚固的构造,2026-03-26T13:19:30.689+00:00,929,929,全托,美国,https://www.temu.com/search_result.html?search_key=605623018222830&search_method=user&region=211&regionCnName=%E7%BE%8E%E5%9B%BD,玩具与游戏
1776650597462,temu,606082579687223,https://img.kwcdn.com/product/fancy/eafc04d4-57e7-48d3-986c-de724b1edc66.jpg,"5毫米亚克力可堆叠展示盒，适用于Booster Box，透明磁性封口收纳盒，专为交易卡、收藏品及体育纪念品设计,购买前请确认产品尺寸",2026-03-29T14:37:44.228+00:00,913,913,全托,美国,https://www.temu.com/search_result.html?search_key=606082579687223&search_method=user&region=211&regionCnName=%E7%BE%8E%E5%9B%BD,玩具与游戏
1776650597462,temu,606543483399400,https://img.kwcdn.com/product/fancy/d14cdc55-b7de-433c-a614-738cdc490d75.jpg,沐浴玩具，可爱橡皮鸭玩具，色彩鲜艳、经久耐用、可漂浮且互动性强的婴儿洗澡玩具，是馈赠儿童的完美礼物，让洗澡时光充满欢乐，男孩玩具，女孩玩具,2026-02-06T08:22:33.915+00:00,945,604,全托,美国,https://www.temu.com/search_result.html?search_key=606543483399400&search_method=user&region=211&regionCnName=%E7%BE%8E%E5%9B%BD,母婴用品
1776650597462,temu,606595694090738,https://img.kwcdn.com/product/fancy/88a2a4ca-ecb5-40ef-81ee-69e41e966c26.jpg,1/2件装 挤压玩具套装，含流动图案冰块与蓝色海洋冰块。挤压玩具——儿童派对礼品包，内部柔软，适合作为儿童派对礼品，促进精细动作技能发展——结构耐用——派对折扣（颜色随机），趣味设计适用于节日聚会，采用优质材料。可作为万圣节、圣诞节、复活节礼物及儿童派对礼品,2026-04-02T00:57:24.068+00:00,745,745,全托,美国,https://www.temu.com/search_result.html?search_key=606595694090738&search_method=user&region=211&regionCnName=%E7%BE%8E%E5%9B%BD,玩具与游戏
1776650597462,temu,601101095159867,https://img.kwcdn.com/product/open/2024-09-20/1726802120517-69ad29ce523849a9942f1e4b7666dfc6-goods.jpeg,50pcs 酷炫赛车跑车贴纸，卡通涂鸦贴纸，乙烯基装饰贴纸，水瓶汽车杯电脑吉他自行车摩托车滑板头盔行李日记，DIY剪贴簿贴纸包，男孩和女孩的礼物,2026-03-06T23:51:12.644+00:00,10000,370,半托,美国,https://www.temu.com/search_result.html?search_key=601101095159867&search_method=user&region=211&regionCnName=%E7%BE%8E%E5%9B%BD,玩具与游戏
1776650597462,temu,601105039744434,https://img.kwcdn.com/product/fancy/e96e618d-723d-46e2-87b2-6dd042e5d918.jpg,新奇玩具UFO飞行悬浮球，新款升级六角梅花UFO回旋飞碟智能感应飞行球器，悬浮球儿童玩具圣诞节新年派对礼物,2026-01-31T15:14:31.622+00:00,5323,1691,半托,美国,https://www.temu.com/search_result.html?search_key=601105039744434&search_method=user&region=211&regionCnName=%E7%BE%8E%E5%9B%BD,玩具与游戏
1776650597462,temu,603012147861642,https://img.kwcdn.com/local-goods-image/20150c22e52/543c03fc-5ddb-44ea-bd39-4401d35bd51e.jpeg,缓压玩具 - 仿真面包软慢回弹 - 柔软触感黏土质感 - 无毒材质，带慢回弹特性的桌面装饰，指尖游戏,2026-01-21T01:36:30.756+00:00,2209,1446,半托,美国,https://www.temu.com/search_result.html?search_key=603012147861642&search_method=user&region=211&regionCnName=%E7%BE%8E%E5%9B%BD,玩具与游戏
1776650597462,temu,605719386497105,https://img.kwcdn.com/product/open/a20a0a42d7d94123b8e7c29b107968a9-goods.jpeg,三支装烟花水枪玩具，烟花泼水枪，浪漫闪光水枪，适用于户外夏季泳池沙滩娱乐，高压水枪套装（儿童与成人通用），颜色随机,2026-03-05T09:23:37.718+00:00,342,308,全托,美国,https://www.temu.com/search_result.html?search_key=605719386497105&search_method=user&region=211&regionCnName=%E7%BE%8E%E5%9B%BD,玩具与游戏
1776650600790,temu,605787099352634,https://img.kwcdn.com/product/fancy/6fdaf5fc-778c-49d5-9fb1-ddc96e7a5e6b.jpg,"Ballon de basket silencieux (N°5, 7.09 pouces) - Non emballé sous vide - Ballon de basket en mousse souple sans air amélioré 2025, conception silencieuse, adapté au dribble silencieux et à l'entraînement en intérieur - Toucher réel, plus d'élasticité, sans bruit",2026-03-19T14:38:40.213+00:00,1200,930,全托,美国,https://www.temu.com/search_result.html?search_key=605787099352634&search_method=user&region=211&regionCnName=%E7%BE%8E%E5%9B%BD,玩具与游戏
1776650600790,temu,605916686577476,https://img.kwcdn.com/product/fancy/5baf8d48-e25e-4b4b-be2c-5e7185872c68.jpg,24 只ZIRVHINE 2英寸蓝白红独立日小鸭子，专为独立日选的一款鸭子，色系鲜明，独立日派对用品，节日聚会用品 儿童派对礼品 儿童派对礼品包,2026-03-10T11:37:28.219+00:00,487,465,全托,美国,https://www.temu.com/search_result.html?search_key=605916686577476&search_method=user&region=211&regionCnName=%E7%BE%8E%E5%9B%BD,玩具与游戏
1776650600790,temu,605948361991195,https://img.kwcdn.com/product/fancy/2e6df25e-fa79-498c-bd71-bfbb4f256efe.jpg,500张三丽鸥凯蒂猫贴纸卷 - 多彩封口贴，适用于手账装饰、礼品包装、派个礼品及DIY手工艺 - 哑光质感，家居、办公及商业场景皆宜,2026-03-31T08:23:03.769+00:00,1326,930,全托,美国,https://www.temu.com/search_result.html?search_key=605948361991195&search_method=user&region=211&regionCnName=%E7%BE%8E%E5%9B%BD,玩具与游戏
1776650600790,temu,606359672184727,https://img.kwcdn.com/product/fancy/692dcabb-1af2-4644-b7be-139e31f0e233.jpg,成人数独拼图：中等到非常困难的数独拼图，用于放松、缓解压力和大脑训练,2026-03-05T12:54:59.484+00:00,1710,750,全托,美国,https://www.temu.com/search_result.html?search_key=606359672184727&search_method=user&region=211&regionCnName=%E7%BE%8E%E5%9B%BD,玩具与游戏
1776650600790,temu,601104769225007,https://img.kwcdn.com/product/open/a40ea6b6feb2457d8af63a4b0d05ef46-goods.jpeg,4只装夜光粘粘球，柔软解压捏捏球，可吸附墙面的夜光玩具，成人儿童生日礼物、派对礼品及奖品（颜色随机）,2026-03-31T11:13:08.734+00:00,1082,900,全托,美国,https://www.temu.com/search_result.html?search_key=601104769225007&search_method=user&region=211&regionCnName=%E7%BE%8E%E5%9B%BD,玩具与游戏
1776650600790,temu,605855214840561,https://img.kwcdn.com/product/open/ac8534c0c1e94c6ba315b77aa7e8c08c-goods.jpeg,塔巴泡泡鱿鱼挤压玩具，泥泞质感慢回弹玩具，亲子互动桌面玩具，适用于儿童节、情人节、万圣节、圣诞节及生日派对，也是馈赠亲友的理想之选,2026-03-25T06:28:11.113+00:00,2971,900,全托,美国,https://www.temu.com/search_result.html?search_key=605855214840561&search_method=user&region=211&regionCnName=%E7%BE%8E%E5%9B%BD,玩具与游戏
1776650600790,temu,606083720545252,https://img.kwcdn.com/product/open/54b92b94f1a248e1a117b60ed7fa6ff1-goods.jpeg,柔软塔巴流动纹理方块挤压玩具，旋转捏捏方块，质地柔软，出色的指尖触觉感统玩具，内芯柔软的解压挤压玩具，复活节/儿童节、派对礼物，男女童皆宜,2026-03-29T07:28:58.350+00:00,912,900,全托,美国,https://www.temu.com/search_result.html?search_key=606083720545252&search_method=user&region=211&regionCnName=%E7%BE%8E%E5%9B%BD,玩具与游戏
1776650600790,temu,606127005756784,https://img.kwcdn.com/product/fancy/470394d9-26b9-4215-aaf8-0f43aa6ec3c2.jpg,手指计数数学玩具，带数字积木，3-5岁儿童数学辅助教具，益智玩具学校用品，男孩女孩生日礼物,2026-03-27T01:59:31.044+00:00,484,484,全托,美国,https://www.temu.com/search_result.html?search_key=606127005756784&search_method=user&region=211&regionCnName=%E7%BE%8E%E5%9B%BD,玩具与游戏
1776650600790,temu,606422888714414,https://img.kwcdn.com/product/open/ab60ced8e2d34c5a9ecc5a384fe7f450-goods.jpeg,40件装1:12比例娃娃屋地板，木质地板，娃娃屋配件，迷你家居装饰品，1:12娃娃屋家居装饰物品,2026-03-12T04:34:46.767+00:00,1156,843,全托,美国,https://www.temu.com/search_result.html?search_key=606422888714414&search_method=user&region=211&regionCnName=%E7%BE%8E%E5%9B%BD,玩具与游戏
1776650600790,temu,602304728164956,https://img.kwcdn.com/local-goods-image/21a4884cc8/692a2acd-ec74-4588-8187-3c7e0cd68916_1200x1200.png,【商品标题】宝可梦 Munikis Zero M3 增强盒 - Mega系列 - 日版 - Zero Nothing,2026-02-05T08:27:54.821+00:00,920,399,半托,美国,https://www.temu.com/search_result.html?search_key=602304728164956&search_method=user&region=211&regionCnName=%E7%BE%8E%E5%9B%BD,玩具与游戏
1776650600790,temu,602444851459533,https://img.kwcdn.com/local-goods-image/212a0ca4cc/825a63bd-f688-44f0-ae29-41233c0d8429_2000x2000.jpeg.format.jpg,儿童地板拼图，魔法美人鱼/农场动物拼图，适合3岁以上儿童，大型拼图，学前教育工具，适合3岁以上男孩女孩，4岁 5岁 6岁以上，智力挑战益智礼物，圣诞节生日礼物,2026-03-01T10:11:52.290+00:00,859,604,半托,美国,https://www.temu.com/search_result.html?search_key=602444851459533&search_method=user&region=211&regionCnName=%E7%BE%8E%E5%9B%BD,玩具与游戏
1776650600790,temu,605579934318559,https://img.kwcdn.com/product/fancy/ed2ee9dc-ba6a-4a95-8abe-31f5c778a972.jpg,塔巴爪爪捏捏乐玩具，透明猫爪福福软萌捏捏玩具，柔软爪爪感官解压玩具，可爱解压玩具助放松，儿童假日派对礼品及赠品,2026-03-31T04:07:00.890+00:00,497,497,全托,美国,https://www.temu.com/search_result.html?search_key=605579934318559&search_method=user&region=211&regionCnName=%E7%BE%8E%E5%9B%BD,玩具与游戏
1776650600790,temu,605619260117609,https://img.kwcdn.com/product/fancy/d3fd86d2-06c6-4be0-ae17-28dcbb68be41.jpg,婴儿房必备用品套装（0-12个月），包含引人入胜的益智玩具、可爱的手持摇铃（搭配鲜艳的动物图案），以及刺激感官的嗡嗡声，帮助提升运动技能和手眼协调能力（两件套）,2026-03-06T17:29:28.676+00:00,1181,942,全托,美国,https://www.temu.com/search_result.html?search_key=605619260117609&search_method=user&region=211&regionCnName=%E7%BE%8E%E5%9B%BD,母婴用品
1776650600790,temu,605927491091684,https://img.kwcdn.com/product/fancy/e7bc15f1-ae98-47d6-8525-b4a0daf6763e.jpg,5合1儿童即时打印相机 -即时打印照片，相机拥有大头贴，小游戏功能，8倍数码变焦，1080P高清屏幕，摄影 - USB线，挂绳，三卷打印纸 - 完美的万圣节圣诞节生日礼物,2026-02-07T05:40:41.505+00:00,709,453,全托,美国,https://www.temu.com/search_result.html?search_key=605927491091684&search_method=user&region=211&regionCnName=%E7%BE%8E%E5%9B%BD,玩具与游戏
1776650600790,temu,606091438085679,https://img.kwcdn.com/product/fancy/14720161-4e1a-4230-8050-fc90fa564e30.jpg,Thickened PVC Tube Toss Game - A Great Choice for Indoor/Outdoor Parent-Child Interactive Sports,2026-02-13T06:37:50.811+00:00,592,499,全托,美国,https://www.temu.com/search_result.html?search_key=606091438085679&search_method=user&region=211&regionCnName=%E7%BE%8E%E5%9B%BD,玩具与游戏
1776650600790,temu,606116268370424,https://img.kwcdn.com/product/fancy/db8c44d2-dfb8-49fa-8d58-ef80f2b05f64.jpg,"泳池浮圈儿童游泳环,充气游泳管环玩具,沙滩充气管漂浮玩具,适合儿童成人 – 多种颜色和尺寸 – 海滩、湖泊和泳池派对漂浮",2026-03-29T03:08:00.460+00:00,391,391,全托,美国,https://www.temu.com/search_result.html?search_key=606116268370424&search_method=user&region=211&regionCnName=%E7%BE%8E%E5%9B%BD,玩具与游戏
1776650600790,temu,606214649948767,https://img.kwcdn.com/product/fancy/6619668b-8828-44f2-8d2e-11273290b5ae.jpg,15件装可拉伸狗狗玩具套装，多功能可塑形礼品包，适用于派对与生日——儿童礼品，随机颜色——趣味狗狗造型设计，是课堂奖品与派对赠品的完美选择。适合作为圣诞节与万圣节礼物,2026-03-29T18:25:24.308+00:00,940,870,全托,美国,https://www.temu.com/search_result.html?search_key=606214649948767&search_method=user&region=211&regionCnName=%E7%BE%8E%E5%9B%BD,玩具与游戏
1776650600790,temu,606279946864812,https://img.kwcdn.com/product/fancy/c09f5814-85b1-4fad-8af9-4b08c39cd86e.jpg,"2026 NEW Upgraded Toy Gun with Bullets and Weapon Accessory Kit, Available in Two Colors, Featuring a Classic Color Combination, Empty Magazine Hang-Up, Perfect Shell Ejection, Complete Additions, Safe And Fun, Suitable for Children",2026-03-28T03:16:50.284+00:00,375,375,全托,美国,https://www.temu.com/search_result.html?search_key=606279946864812&search_method=user&region=211&regionCnName=%E7%BE%8E%E5%9B%BD,玩具与游戏
1776650600790,temu,606455772108799,https://img.kwcdn.com/product/fancy/9b58839e-06ef-4b82-b2db-9c4f96d0697e.jpg,模型道具 | 适合模型收藏家、节日礼物、办公桌装饰、新年礼物、混合颜色、其他材质,2026-02-07T16:55:32.711+00:00,895,514,全托,美国,https://www.temu.com/search_result.html?search_key=606455772108799&search_method=user&region=211&regionCnName=%E7%BE%8E%E5%9B%BD,玩具与游戏
1776650600790,temu,605835149292775,https://img.kwcdn.com/product/fancy/ad990167-843b-4133-a0ae-b169823acf2d.jpg,"Geometric Buckle Ring for Children's Puzzle Toys, Splicing Circular Ring for Children's Puzzle Toys to Relieve Boredom, Chain Buckle for Parent-child Interaction",2026-02-06T11:57:43.316+00:00,1000,325,全托,美国,https://www.temu.com/search_result.html?search_key=605835149292775&search_method=user&region=211&regionCnName=%E7%BE%8E%E5%9B%BD,玩具与游戏
1776650600790,temu,606334439241610,https://img.kwcdn.com/product/fancy/fb81db22-aade-43c0-8078-b8ed3b1cf500.jpg,3/6个杂耍球设置为初学者，质量迷你耐用杂耍球套件，软，容易为初学者杂耍,2026-04-01T01:52:23.207+00:00,474,474,全托,美国,https://www.temu.com/search_result.html?search_key=606334439241610&search_method=user&region=211&regionCnName=%E7%BE%8E%E5%9B%BD,玩具与游戏
1776650600790,temu,606344572710270,https://img.kwcdn.com/product/fancy/20975a15-11c7-4215-87d8-ad2a7fc16caa.jpg,2026升级款四轴飞行器，具有普通遥控和FPV屏幕控制，双4K摄像头，避障功能，无刷电机，可折叠遥控器。共有三种型号：标准版（不含屏幕）,2026-03-12T15:13:58.001+00:00,1031,1006,半托,美国,https://www.temu.com/search_result.html?search_key=606344572710270&search_method=user&region=211&regionCnName=%E7%BE%8E%E5%9B%BD,玩具与游戏
1776650600790,temu,606466442386106,https://img.kwcdn.com/product/fancy/ca283807-1ac1-4edd-9cc0-611f7d1757e1.jpg,1/6件装儿童烟花造型水枪，大容量抽拉式水弹枪，适用于户外泳池、沙滩派个游戏道具、泳池水战、拍照道具、男女童生日惊喜礼物、夏日海滩及水上狂欢节,2026-03-25T07:35:18.270+00:00,611,611,全托,美国,https://www.temu.com/search_result.html?search_key=606466442386106&search_method=user&region=211&regionCnName=%E7%BE%8E%E5%9B%BD,玩具与游戏
1776650600790,temu,606526840381031,https://img.kwcdn.com/product/open/f179f60039b7453f8ca9f676b85e2e57-goods.jpeg,DIY科学实验划艇，STEMA科技小型船模型，手工组装材料套装玩具,2026-03-28T13:35:33.357+00:00,961,840,全托,美国,https://www.temu.com/search_result.html?search_key=606526840381031&search_method=user&region=211&regionCnName=%E7%BE%8E%E5%9B%BD,玩具与游戏
1776650600790,temu,605630064610156,https://img.kwcdn.com/product/fancy/4b806d66-66bc-463d-a9da-268ad99eecf6.jpg,互动学习忙碌书——贴纸颜色分类活动玩具，寓教于乐，适合儿童，是学龄前儿童的理想选择，有助于语言发展，是一本学习活动书。适合男孩女孩的圣诞礼物,2026-03-01T07:34:26.465+00:00,811,566,全托,美国,https://www.temu.com/search_result.html?search_key=605630064610156&search_method=user&region=211&regionCnName=%E7%BE%8E%E5%9B%BD,玩具与游戏
1776650600790,temu,605664961219075,https://img.kwcdn.com/product/fancy/ebf96b17-403b-4212-b5f6-40a8f3181b7f.jpg,8层立体停车场轨道套装，高23.62inch（含2辆赛车、弯道漂移道与直升机停机坪），DIY组装益智玩具，促进亲子互动与手眼协调，适合作为男孩女孩的生日圣诞礼物,2026-02-05T02:38:41.642+00:00,894,735,全托,美国,https://www.temu.com/search_result.html?search_key=605664961219075&search_method=user&region=211&regionCnName=%E7%BE%8E%E5%9B%BD,玩具与游戏
1776650600790,temu,605726030299788,https://img.kwcdn.com/product/open/5b7a2831482d4a2f81a36edc4b3f8178-goods.jpeg,一对迷你手可以让任何人高兴。这些恶作剧礼物使用假小手，用于服装和实用恶作剧,2026-03-01T17:00:37.300+00:00,345,344,半托,美国,https://www.temu.com/search_result.html?search_key=605726030299788&search_method=user&region=211&regionCnName=%E7%BE%8E%E5%9B%BD,玩具与游戏
1776650600790,temu,605733076706005,https://img.kwcdn.com/product/fancy/80988b2e-172e-4cfc-b5a6-57473c94736b.jpg,"Colorful Wooden Stacking Balance Blocks, Balance Thinking and Math Educational Toy, Color Recognition/Cognitive Learning Development, Interlocking Matching Game Educational Toy",2026-03-27T02:15:15.639+00:00,3500,810,全托,美国,https://www.temu.com/search_result.html?search_key=605733076706005&search_method=user&region=211&regionCnName=%E7%BE%8E%E5%9B%BD,母婴用品
1776650600790,temu,605813674461102,https://img.kwcdn.com/product/fancy/9005f633-4554-477d-804f-b71ce87347ae.jpg,1PC多功能拼图盒架与拼图海报支架、桌面艺术品装饰架、 耐用塑料材质，拼图爱好者和艺术品展示的理想选择，组装时方便查看图片、为您的拼图盒打造专属”展示台“，适用各类拼图盒,2026-03-16T01:31:46.648+00:00,901,865,全托,美国,https://www.temu.com/search_result.html?search_key=605813674461102&search_method=user&region=211&regionCnName=%E7%BE%8E%E5%9B%BD,玩具与游戏
1776650600790,temu,606407923498755,https://img.kwcdn.com/product/fancy/47b60651-766f-475a-89ce-5ae450b11634.jpg,2/3个波点沙滩球，可充气PVC水上游戏球，多彩条纹球，户外泳池沙滩派对装饰充气球，适用于户外活动。趣味沙滩玩具球，派对与生日礼品套装，学校奖品，以及户外夏日活动的趣味玩具,2026-03-28T07:52:03.769+00:00,530,530,全托,美国,https://www.temu.com/search_result.html?search_key=606407923498755&search_method=user&region=211&regionCnName=%E7%BE%8E%E5%9B%BD,玩具与游戏
1776650600790,temu,606521605868700,https://img.kwcdn.com/product/open/9af22050aa8449fba22d0b024505f138-goods.jpeg,多功能三合一可折叠泡沫泳池椅，可漂浮，无需充气。它包括一个宽敞的漂浮吊床，带有游泳底座，确保在泳池或湖边放松时稳定漂浮。,2026-03-27T17:12:45.000+00:00,1048,810,半托,美国,https://www.temu.com/search_result.html?search_key=606521605868700&search_method=user&region=211&regionCnName=%E7%BE%8E%E5%9B%BD,玩具与游戏
1776650600790,temu,606593143901893,https://img.kwcdn.com/product/open/d0bca3fefed943469f55595fcc35cc4d-goods.jpeg,78片闪粉泡沫字母贴纸，自粘式大小写字母贴花，适用于DIY手工与装饰,2026-04-02T04:23:58.933+00:00,443,443,全托,美国,https://www.temu.com/search_result.html?search_key=606593143901893&search_method=user&region=211&regionCnName=%E7%BE%8E%E5%9B%BD,玩具与游戏
1776650600790,temu,601102947124289,https://img.kwcdn.com/product/fancy/4f455246-3e02-4eef-b2a2-2a742dcc54a1.jpg,全自动儿童玩具泡泡枪，手持式泡泡机，出泡量大，一秒出泡不费劲，两种颜色可选，适用于各种节日欢庆，户外玩耍、亲子互动等（不含电池和泡泡液）,2026-03-25T01:22:32.079+00:00,415,415,全托,美国,https://www.temu.com/search_result.html?search_key=601102947124289&search_method=user&region=211&regionCnName=%E7%BE%8E%E5%9B%BD,玩具与游戏
1776650600790,temu,605643754806501,https://img.kwcdn.com/product/fancy/912b329a-f734-4a59-9e64-979ab687a4d8.jpg,"DIY Electric Magnetic Track Car Set - Multi-functional Interlocking Race Track, Supports Vertical and Inverted Operation, a Fun Building Toy for Children Aged 3-8, New Year's Gift, Back-to-School Gift",2026-02-07T02:53:55.266+00:00,940,780,全托,美国,https://www.temu.com/search_result.html?search_key=605643754806501&search_method=user&region=211&regionCnName=%E7%BE%8E%E5%9B%BD,玩具与游戏
1776650600790,temu,605853470025179,https://img.kwcdn.com/product/open/10cd764e155544c09e0aeb3f50c14762-goods.jpeg,250周年庆典自由鹰扑克牌，1776-2026纪念扑克牌，标准尺寸高级扑克牌，游戏之夜和情怀收藏家的收藏纪念品,2026-04-06T17:02:24.392+00:00,367,367,半托,美国,https://www.temu.com/search_result.html?search_key=605853470025179&search_method=user&region=211&regionCnName=%E7%BE%8E%E5%9B%BD,玩具与游戏
1776650600790,temu,605875750186090,https://img.kwcdn.com/product/open/88413ca078104644b428fc6377daf8c3-goods.jpeg,3件装 3D打印动物-毒蛇，3D打印蛇玩具 可活动蛇骨 3D打印动物模型摆件 创意趣味玩具 节日礼物送朋友,2026-03-27T11:22:46.686+00:00,1102,780,全托,美国,https://www.temu.com/search_result.html?search_key=605875750186090&search_method=user&region=211&regionCnName=%E7%BE%8E%E5%9B%BD,玩具与游戏
1776650600790,temu,605932322956496,https://img.kwcdn.com/product/fancy/f330ab37-835d-4670-b021-24850c907896.jpg,奶酪造型机械按钮吊坠钥匙扣 - 亮黄色，馈赠友人佳品与日常配饰，休闲饰品 | 亮黄色钥匙扣 | 耐用塑料材质,2026-02-07T08:18:04.030+00:00,4450,660,全托,美国,https://www.temu.com/search_result.html?search_key=605932322956496&search_method=user&region=211&regionCnName=%E7%BE%8E%E5%9B%BD,玩具与游戏
1776650600790,temu,606297328047471,https://img.kwcdn.com/product/fancy/3a61245c-c580-4c06-924c-dde2662c43f2.jpg,6件套喷水玩具 | 泳池玩具 | 可伸缩泡沫水枪管 | 远距离户外夏季水上乐趣，适用于泳池、海滩、庭院和草坪 | 适合儿童的引人入胜的水战礼物 | 颜色随机,2026-03-25T12:45:44.242+00:00,1072,780,全托,美国,https://www.temu.com/search_result.html?search_key=606297328047471&search_method=user&region=211&regionCnName=%E7%BE%8E%E5%9B%BD,玩具与游戏
1776650600790,temu,601103358353515,https://img.kwcdn.com/product/open/cd07222f7acc4dcfb71155e5bfe2c3a7-goods.jpeg,10/20/30 PCS 基督教派对邮票、男孩、女孩的宗教圣经礼物、复活节耶稣诞生派对用品、课堂奖励、嘉年华奖品、礼品袋和皮纳塔填充物,2026-03-13T05:07:48.267+00:00,932,737,全托,美国,https://www.temu.com/search_result.html?search_key=601103358353515&search_method=user&region=211&regionCnName=%E7%BE%8E%E5%9B%BD,玩具与游戏
1776650600790,temu,601103597357963,https://img.kwcdn.com/product/fancy/2ab6b57b-f908-47b5-bc3f-6cd361a58679.jpg,磁性积木套装，教育用ABS建筑玩具，STEM感官游戏，适合儿童，创意生日、万圣节、圣诞节礼物,2026-03-11T03:02:50.910+00:00,1043,750,全托,美国,https://www.temu.com/search_result.html?search_key=601103597357963&search_method=user&region=211&regionCnName=%E7%BE%8E%E5%9B%BD,玩具与游戏
1776650600790,temu,605831525416487,https://img.kwcdn.com/product/fmket/bebbd7831f99e48d4e025bab8f983e40.jpg,15个3D迷宫儿童益智玩具 | 迷你滚球手动游戏益智玩具，教育解压玩具，新奇创意生日派对礼物，课堂奖品，混合颜色，方形,2026-02-07T13:14:06.229+00:00,1360,873,全托,美国,https://www.temu.com/search_result.html?search_key=605831525416487&search_method=user&region=211&regionCnName=%E7%BE%8E%E5%9B%BD,玩具与游戏
1776650600790,temu,606110899636034,https://img.kwcdn.com/product/open/b6e41b83a47846c8b9106b45e7960611-goods.jpeg,2件/套 1:12比例微缩盲窗模型，用于娃娃屋，非功能性百叶窗装饰，迷你家居配件，娃娃屋客厅卧室窗户装饰，迷你房屋场景摆件，娃娃屋微缩景观摄影道具,2026-04-06T03:07:11.615+00:00,509,509,全托,美国,https://www.temu.com/search_result.html?search_key=606110899636034&search_method=user&region=211&regionCnName=%E7%BE%8E%E5%9B%BD,玩具与游戏
1776650600790,temu,601103845802783,https://img.kwcdn.com/product/fmket/26daa9c8b4ba4bf672a225e3d66c22f1.jpg,便携式18.5英寸儿童足球门，高度可调 - 易于组装的室内/室外足球网，适合男孩和女孩，坚固框架配柔软边缘，轻量化运动玩具，适用于后院、游乐场、生日派对游戏 - 理想礼物,2026-02-13T02:30:20.531+00:00,529,529,全托,美国,https://www.temu.com/search_result.html?search_key=601103845802783&search_method=user&region=211&regionCnName=%E7%BE%8E%E5%9B%BD,玩具与游戏
1776650600790,temu,601105469392302,https://img.kwcdn.com/product/fancy/66616085-c91f-4ac4-a947-ff4db150262d.jpg,卡通熊猫跳跳球玩具 双球带手柄 儿童弹力球 耐用可调节握柄 户外弹跳球 附赠气筒与充气针,2026-02-26T10:38:30.172+00:00,807,647,半托,美国,https://www.temu.com/search_result.html?search_key=601105469392302&search_method=user&region=211&regionCnName=%E7%BE%8E%E5%9B%BD,玩具与游戏
1776650600790,temu,602400828027664,https://img.kwcdn.com/local-goods-image/211a2a48124/4b682f78-4f16-4010-9d80-196183840396_800x800.png,宝可梦代币套装——10枚宝可梦官方收藏级TCG代币（款式随机）,2026-03-13T09:20:47.688+00:00,437,341,半托,美国,https://www.temu.com/search_result.html?search_key=602400828027664&search_method=user&region=211&regionCnName=%E7%BE%8E%E5%9B%BD,玩具与游戏
1776650600790,temu,605781797788589,https://img.kwcdn.com/product/fancy/08327552-e59b-4e32-a94b-2637555ac544.jpg,Mathematics – A Workbook on Fractions And Time-Telling: Designed for Kids Aged 3 And Up – Suitable for Grades K-4 – Includes 100 Reproducible Practice Pages,2026-04-11T16:08:36.330+00:00,424,424,全托,美国,https://www.temu.com/search_result.html?search_key=605781797788589&search_method=user&region=211&regionCnName=%E7%BE%8E%E5%9B%BD,玩具与游戏
1776650600790,temu,605897225019224,https://img.kwcdn.com/product/fancy/93d673d7-9e5a-48d6-a7b3-6bfb06053877.jpg,2件装80cm/15.74in巨型泡泡球，透明TPR水充泡泡球，耐用且易于充气，巨型充气水球|沙滩球|庭院游戏|软胶水球，充气道具，防漏设计，庭院、海滩及户外娱乐无需电费，适合家庭聚会和水上活动，非常棒的圣诞节、万圣节礼物。,2026-03-28T02:10:56.555+00:00,618,618,全托,美国,https://www.temu.com/search_result.html?search_key=605897225019224&search_method=user&region=211&regionCnName=%E7%BE%8E%E5%9B%BD,玩具与游戏
1776650600790,temu,605929101698375,https://img.kwcdn.com/product/fancy/690c0785-1d64-4719-942e-1862b09fe781.jpg,一包彩色串珠感官指环 - 可调节减压放松焦虑安抚指环，多色可选，适用于成人，指部按摩器，办公室职员适用,2026-02-08T08:03:58.775+00:00,2786,1004,全托,美国,https://www.temu.com/search_result.html?search_key=605929101698375&search_method=user&region=211&regionCnName=%E7%BE%8E%E5%9B%BD,玩具与游戏
1776650600790,temu,605653955351212,https://img.kwcdn.com/product/open/0b01dec184c84679b434b67b25e48578-goods.jpeg,10pcs收藏盒银币收纳盒 | 40毫米硬币收纳盒，硬币收藏收纳容器,2026-02-08T04:07:10.054+00:00,2623,1497,全托,美国,https://www.temu.com/search_result.html?search_key=605653955351212&search_method=user&region=211&regionCnName=%E7%BE%8E%E5%9B%BD,玩具与游戏
1776650600790,temu,605654693546104,https://img.kwcdn.com/product/open/34f5e82ac8174deb918cc002116921b6-goods.jpeg,2只装可爱小熊长颈鹿手摇组合玩具，锻炼儿童抓握能力，促进动物颜色认知,2026-03-31T17:47:57.553+00:00,719,690,全托,美国,https://www.temu.com/search_result.html?search_key=605654693546104&search_method=user&region=211&regionCnName=%E7%BE%8E%E5%9B%BD,母婴用品
1776650600790,temu,605679993586567,https://img.kwcdn.com/product/fancy/86db192f-e7e7-4b0c-b76b-0ff0ec93b011.jpg,炫彩四色手持球 - 振动抓握玩具，带音乐符号，采用空心结构设计，易于握持，非常适合婴儿早期发展，绝佳节日礼物,2026-02-09T17:25:47.713+00:00,1118,877,全托,美国,https://www.temu.com/search_result.html?search_key=605679993586567&search_method=user&region=211&regionCnName=%E7%BE%8E%E5%9B%BD,玩具与游戏
1776650600790,temu,605697307704975,https://img.kwcdn.com/product/fancy/f1f346b9-b611-4a7e-8ffb-813af6c6725f.jpg,充氣泳池吊床，多功能四合一充氣床，多管漂浮網椅，適合夏季樂趣和泳池聚會,2026-03-17T16:45:12.835+00:00,398,364,全托,美国,https://www.temu.com/search_result.html?search_key=605697307704975&search_method=user&region=211&regionCnName=%E7%BE%8E%E5%9B%BD,玩具与游戏
1776650600790,temu,605717507456964,https://img.kwcdn.com/product/fancy/a97c1ff1-dd71-46d8-9b37-a95b514659e4.jpg,"Two 38-inch Giant Pink Bows - Elegant Party Decorations, Textured Pink Balloons for Birthdays, Weddings, Engagements - Perfect for Photo Backdrops, Table Centerpieces, and Dining Table Decor - Party Decoration Balloons, Exquisite Bows",2026-03-16T07:21:40.416+00:00,460,424,全托,美国,https://www.temu.com/search_result.html?search_key=605717507456964&search_method=user&region=211&regionCnName=%E7%BE%8E%E5%9B%BD,玩具与游戏
1776650600790,temu,605730727938104,https://img.kwcdn.com/product/fmket/7892f6d0cf374b12bc72de10a98db27f.jpg,斯塔洛3件套迷你可爱猫咪与鱼缸摆件，迷你树脂桌面装饰，创意娃娃屋装饰品,2026-02-21T14:59:03.815+00:00,560,449,全托,美国,https://www.temu.com/search_result.html?search_key=605730727938104&search_method=user&region=211&regionCnName=%E7%BE%8E%E5%9B%BD,玩具与游戏
1776650600790,temu,605795756405647,https://img.kwcdn.com/product/fancy/a6eab7f2-52e1-474b-a5bf-688a57198d86.jpg,无尽魔方感官玩具，用于恐龙颜色分类，采用多种颜色和坚固的塑料制成,2026-04-10T23:10:28.296+00:00,322,322,全托,美国,https://www.temu.com/search_result.html?search_key=605795756405647&search_method=user&region=211&regionCnName=%E7%BE%8E%E5%9B%BD,玩具与游戏
1776650600790,temu,605820989346441,https://img.kwcdn.com/product/open/f9c36bb9b0ac46a39abe977812febba0-goods.jpeg,3个装，1盎司 99% 纯银鹰雕像 - 全新设计，密封包装，高品质末端，耐用防腐蚀金属，自制珠宝制作，家居装饰，工艺材料，收藏礼品,2026-03-20T19:17:57.700+00:00,353,353,半托,美国,https://www.temu.com/search_result.html?search_key=605820989346441&search_method=user&region=211&regionCnName=%E7%BE%8E%E5%9B%BD,玩具与游戏
1776650600790,temu,605884205859454,https://img.kwcdn.com/product/open/86af24c9768743349e3115d6c12bce12-goods.jpeg,成人适用双面感官石 - 多彩触感减压圆盘，含光滑与凸起纹理图案，便携式专注力辅助工具，适用于办公室、居家、旅行、生日、圣诞节的静音专注力礼品,2026-03-04T15:52:24.459+00:00,944,904,全托,美国,https://www.temu.com/search_result.html?search_key=605884205859454&search_method=user&region=211&regionCnName=%E7%BE%8E%E5%9B%BD,玩具与游戏
1776650600790,temu,606042851260453,https://img.kwcdn.com/product/fancy/132ea08a-dbeb-4773-b5f6-e53385c04664.jpg,哈利波特预言家日报光栅海报 三种魔法图案动态切换 宿舍/客厅/派对背景 粉丝收藏装饰两相宜 返校季好礼,2026-03-25T00:14:17.829+00:00,440,440,全托,美国,https://www.temu.com/search_result.html?search_key=606042851260453&search_method=user&region=211&regionCnName=%E7%BE%8E%E5%9B%BD,玩具与游戏
1776650600790,temu,606113047113341,https://img.kwcdn.com/product/open/02fd0e90f97045759b2d344d66fe8eb2-goods.jpeg,神秘恶搞弹出手指礼盒，成人整蛊趣味惊喜礼物，创意新奇搞怪减压,2026-03-30T01:16:19.568+00:00,322,322,全托,美国,https://www.temu.com/search_result.html?search_key=606113047113341&search_method=user&region=211&regionCnName=%E7%BE%8E%E5%9B%BD,玩具与游戏
1776650600790,temu,606278940203576,https://img.kwcdn.com/product/fancy/84b22fc3-851b-449a-8b45-86c46890718a.jpg,幸运币决策币好运币选择币双面是否YES/NO挑战币希望币办公室减压神器,2026-04-09T04:06:50.704+00:00,357,357,全托,美国,https://www.temu.com/search_result.html?search_key=606278940203576&search_method=user&region=211&regionCnName=%E7%BE%8E%E5%9B%BD,玩具与游戏
1776650600790,temu,606465234412739,https://img.kwcdn.com/product/fancy/755a1faf-f13e-41f0-8cb3-9a581c1709b6.jpg,2套手指按钮减压玩具 机械键盘按键帽 办公室减压放松挂绳.,2026-03-27T05:33:56.304+00:00,530,530,全托,美国,https://www.temu.com/search_result.html?search_key=606465234412739&search_method=user&region=211&regionCnName=%E7%BE%8E%E5%9B%BD,玩具与游戏
1776650600790,temu,606538383068339,https://img.kwcdn.com/product/fancy/cb0cd4bf-7efc-4332-8a64-b904d8aa6003.jpg,300pcs经典混色马卡龙扭扭棒DIY手工制作毛条,2026-03-10T17:44:44.031+00:00,442,438,全托,美国,https://www.temu.com/search_result.html?search_key=606538383068339&search_method=user&region=211&regionCnName=%E7%BE%8E%E5%9B%BD,玩具与游戏
1776650600790,temu,601100232844958,https://img.kwcdn.com/product/fancy/d3e13f03-0e37-49f3-9336-90eb4213af45.jpg,24个粉红色和白色乳胶气球，带有“最好的妈妈”和“快乐母亲节”的信息，12英寸玫瑰和桃子设计，完美用于母亲节派对装饰，派对气球|节日气球簇|乳胶气球套装，母亲节礼物给妈妈,2026-03-02T14:08:08.624+00:00,568,339,全托,美国,https://www.temu.com/search_result.html?search_key=601100232844958&search_method=user&region=211&regionCnName=%E7%BE%8E%E5%9B%BD,玩具与游戏
1776650600790,temu,601105688276081,https://img.kwcdn.com/product/fancy/a42402ff-ec51-4fce-b4dc-ad5497e2f99b.jpg,婴儿呼吸训练玩具，宝宝吹口哨小鸟玩具，洗澡时光乐趣，感官游戏婴儿用品，促进肺部发育，独特的圣诞万圣节生日礼物,2026-02-27T10:07:46.169+00:00,936,741,全托,美国,https://www.temu.com/search_result.html?search_key=601105688276081&search_method=user&region=211&regionCnName=%E7%BE%8E%E5%9B%BD,玩具与游戏
1776650600790,temu,601105769240345,https://img.kwcdn.com/product/fancy/a4505940-efe5-4221-9ef7-59dd7ee95b4f.jpg,磁性涂鸦板 - 可擦写重复使用的磁性画板，配磁性彩笔与磁性画棒，适合儿童使用 - 便携式益智玩具，圣诞、生日、旅行佳礼（ABS材质）,2026-03-08T11:44:31.269+00:00,858,660,全托,美国,https://www.temu.com/search_result.html?search_key=601105769240345&search_method=user&region=211&regionCnName=%E7%BE%8E%E5%9B%BD,玩具与游戏
1776650600790,temu,605597785230379,https://img.kwcdn.com/product/fancy/417d8c4f-01b4-4b65-8476-3d53104d9d75.jpg,"U.S. 250Th Anniversary Commemorative Coin (1776-2026) - Exquisite 3D Bald Eagle Relief Coin, Double-Sided Historical Design Collectible Coin, High-Quality Replica Commemorative Medal",2026-03-20T08:39:08.863+00:00,612,598,全托,美国,https://www.temu.com/search_result.html?search_key=605597785230379&search_method=user&region=211&regionCnName=%E7%BE%8E%E5%9B%BD,玩具与游戏
1776650600790,temu,605691267925495,https://img.kwcdn.com/product/open/a6fb808afee84fb4b7a4bd2b05e986ba-goods.jpeg,3D打印逼真蜥蜴多关节灵活可动激光渐变热销模型公仔多色,2026-03-07T04:49:12.387+00:00,960,647,半托,美国,https://www.temu.com/search_result.html?search_key=605691267925495&search_method=user&region=211&regionCnName=%E7%BE%8E%E5%9B%BD,玩具与游戏
1776650600790,temu,605757839909303,https://img.kwcdn.com/product/fancy/b1803fd7-9db1-4c2a-ac3d-cb145a918689.jpg,美国250周年纪念币 白头海雕硬币 1776——2026周年纪念币 新奇纪念币 双面历史设计收藏级纪念币，250年历史纪念礼品，适用于圣诞、万圣节、情人节 礼品和展示 纪念币礼物,2026-01-30T05:29:42.819+00:00,4429,934,全托,美国,https://www.temu.com/search_result.html?search_key=605757839909303&search_method=user&region=211&regionCnName=%E7%BE%8E%E5%9B%BD,玩具与游戏
1776650600790,temu,605906754455157,https://img.kwcdn.com/product/open/cf3796fe67f34499b63a5e4d0abf8802-goods.jpeg,"A Workbook for Practicing The 26 Letters A-Z, Featuring Coloring Activities, Suitable for Educational Support at for Home And School, Letter Learning Games, And Materials for Education",2026-03-27T16:29:13.135+00:00,1100,660,全托,美国,https://www.temu.com/search_result.html?search_key=605906754455157&search_method=user&region=211&regionCnName=%E7%BE%8E%E5%9B%BD,玩具与游戏
1776650600790,temu,605988627277175,https://img.kwcdn.com/product/open/38aaf6e30f6642ac933610af1571ec4b-goods.jpeg,4PCS迷你西方龙蛋套装，可爱小龙造型赠送蛋壳，游戏梦幻家居桌面/户外装饰摆件，坚硬塑料材质，西方龙爱好者的纪念品，儿童玩具，可用于桌面、书房、客厅以及户外装饰使用，复活节藏蛋游戏装饰品，惊喜礼盒创意装扮，复活节、圣诞节、新年，一件最好的玩具礼物,2026-03-29T05:42:31.043+00:00,591,591,全托,美国,https://www.temu.com/search_result.html?search_key=605988627277175&search_method=user&region=211&regionCnName=%E7%BE%8E%E5%9B%BD,玩具与游戏
1776650600790,temu,606039227380489,https://img.kwcdn.com/product/open/c9c736debfa047baba249e68d9e40060-goods.jpeg,"3/5pcs of Swirl Marbled Cube of Ice Sensory Squeeze Toy, Featuring a Maltose Texture TABA Design, Enhances Fine Motor Skills - Perfect for Holiday Gifts, Party Favors, And Classroom Rewards, High Quality Yet Affordable Kids' Toys",2026-03-30T16:11:42.763+00:00,363,363,半托,美国,https://www.temu.com/search_result.html?search_key=606039227380489&search_method=user&region=211&regionCnName=%E7%BE%8E%E5%9B%BD,玩具与游戏
1776650600790,temu,606100296451259,https://img.kwcdn.com/product/open/1e9d2dc3578749caa2e9896e205010d6-goods.jpeg,1个塔巴捏捏乐草莓，可爱草莓挤压玩具，萌趣粘粘解压神器，透明解压用品，完美桌面小物，放松好礼，减压礼物，俏皮设计，可爱草莓造型，耐用塑料材质，复活节篮子填充佳品，派对小礼品,2026-03-14T11:24:42.248+00:00,1222,821,全托,美国,https://www.temu.com/search_result.html?search_key=606100296451259&search_method=user&region=211&regionCnName=%E7%BE%8E%E5%9B%BD,玩具与游戏
1776650600790,temu,606258069397025,https://img.kwcdn.com/product/open/4596b98d0e104bdc98ee53a207c3776e-goods.jpeg,1PC大耳朵猴子毛绒玩偶，动物造型毛绒公仔，大眼睛微笑表情的毛绒玩具，从圣诞节、情人节、感恩节等节日礼，到儿童、情侣、家人、挚友的专属惊喜，多场景送礼需求全满足，送礼超有面！,2026-03-25T10:22:33.347+00:00,987,660,全托,美国,https://www.temu.com/search_result.html?search_key=606258069397025&search_method=user&region=211&regionCnName=%E7%BE%8E%E5%9B%BD,玩具与游戏
1776650600790,temu,606296254332270,https://img.kwcdn.com/product/fancy/b86e304e-2b68-4bba-96f7-f15dc4ea9386.jpg,4pcs 颜色随机，夏季烟花水枪玩具 | 适用于户外泳池、沙滩派个、泳池大战、拍照道具、儿童生日惊喜礼物，多种颜色,2026-03-27T00:45:10.483+00:00,361,361,全托,美国,https://www.temu.com/search_result.html?search_key=606296254332270&search_method=user&region=211&regionCnName=%E7%BE%8E%E5%9B%BD,玩具与游戏
1776650600790,temu,606374704557731,https://img.kwcdn.com/product/open/e12b2e7f955b4416a01aa281bee05dcf-goods.jpeg,阻止他逃脱！玩家合作卡牌游戏，策略桌游，内含69张卡牌，适合派对互动游戏、家庭聚会游戏之夜，便携尺寸适合旅行休闲，绝佳礼物,2026-02-07T03:15:49.603+00:00,937,686,全托,美国,https://www.temu.com/search_result.html?search_key=606374704557731&search_method=user&region=211&regionCnName=%E7%BE%8E%E5%9B%BD,玩具与游戏
1776650600790,temu,606434632808221,https://img.kwcdn.com/product/fancy/25cdb2e7-9dbd-4ec0-a726-426e1bfe43bd.jpg,"Flowing Sand Bear Squeeze Toy This Is a Cute And Fun Little Toy from China, Featuring a Round Bear Shape, Wrapped in Transparent Soft Rubber with Sparkling Glitter Inside, Both Beautiful And Fun. Gently Squeeze It",2026-03-29T18:48:08.147+00:00,576,576,全托,美国,https://www.temu.com/search_result.html?search_key=606434632808221&search_method=user&region=211&regionCnName=%E7%BE%8E%E5%9B%BD,玩具与游戏
1776650600790,temu,606489058064441,https://img.kwcdn.com/product/fancy/93764ccf-3c70-41be-aa82-7af76e81d741.jpg,MOC动物系列树蛙模型积木创意套装拼装建筑积木玩具 朋友生日礼物/圣诞礼物/万圣节礼物,2026-02-04T06:21:37.358+00:00,735,386,全托,美国,https://www.temu.com/search_result.html?search_key=606489058064441&search_method=user&region=211&regionCnName=%E7%BE%8E%E5%9B%BD,玩具与游戏
1776650600790,temu,606556435367667,https://img.kwcdn.com/product/fancy/f3b8c7a1-d8c5-4005-8325-24c71a53aebe.jpg,新款3D卡通摆件，减压仿真魔方，立体捏捏解压玩具，无限放松,2026-02-02T13:26:59.352+00:00,1611,1347,全托,美国,https://www.temu.com/search_result.html?search_key=606556435367667&search_method=user&region=211&regionCnName=%E7%BE%8E%E5%9B%BD,玩具与游戏
1776650600790,temu,606562944920789,https://img.kwcdn.com/product/open/6718d5c6b74d423d86f73eb1e37429a1-goods.jpeg,10件套 耶稣老鹰纪念币，高级复制币 2D立体硬币 配透明保护盒，独立精美包装，适合作为珍品礼品。包含收藏级纪念币、历史文物展陈品、收藏家礼品、美国纪念币、可收藏复刻币及历史爱好者专属礼品,2026-03-19T07:03:08.957+00:00,320,320,半托,美国,https://www.temu.com/search_result.html?search_key=606562944920789&search_method=user&region=211&regionCnName=%E7%BE%8E%E5%9B%BD,玩具与游戏
1776650600790,temu,606583748702526,https://img.kwcdn.com/product/fancy/f26c40d0-36f5-4f42-b850-389b2b36fe22.jpg,48件赛车玩具套装｜3岁以上儿童适用｜回力小车+四层停车场+赛道地图｜男孩生日节日礼物,2026-02-18T19:10:03.015+00:00,817,462,半托,美国,https://www.temu.com/search_result.html?search_key=606583748702526&search_method=user&region=211&regionCnName=%E7%BE%8E%E5%9B%BD,玩具与游戏
1776650600790,temu,601100391200704,https://img.kwcdn.com/product/fancy/c379f497-57fc-4305-ba63-cd99f42a13c0.jpg,不同款式的挤压彩虹捏捏-麦芽糖捏捏玩具，捏捏乐肌大力糖果放松慢反弹小玩具，有趣的派对和生日的礼物，学堂的奖品,2026-04-01T03:14:29.259+00:00,366,366,全托,美国,https://www.temu.com/search_result.html?search_key=601100391200704&search_method=user&region=211&regionCnName=%E7%BE%8E%E5%9B%BD,玩具与游戏
1776650600790,temu,605591074357700,https://img.kwcdn.com/product/fancy/019f67ec-6aa1-4103-91d0-d997f0767723.jpg,NeslGenc 几何形状活动板-几何形状减压板，硅胶减压板适合儿童和青少年，带有12根硅胶条和便携收纳袋-理想的礼物选择（细节形状颜色随机）,2026-03-05T15:23:29.949+00:00,995,630,全托,美国,https://www.temu.com/search_result.html?search_key=605591074357700&search_method=user&region=211&regionCnName=%E7%BE%8E%E5%9B%BD,玩具与游戏
1776650600790,temu,605625501202991,https://img.kwcdn.com/product/open/15af5b22e7c84a358b6503e25f4ddaba-goods.jpeg,随机1/3个装 按摩球 squishy 玩具 粒状纹理 触感球 TPR 软慢回弹 可重复挤压 儿童 幼儿园 活动 青少年 放学后 办公室 桌面 圣诞节 填充袜 万圣节 赠品 生日派个 礼物 复活节礼物 2026,2026-01-23T12:39:51.247+00:00,4894,3687,全托,美国,https://www.temu.com/search_result.html?search_key=605625501202991&search_method=user&region=211&regionCnName=%E7%BE%8E%E5%9B%BD,玩具与游戏
1776650600790,temu,605908633535933,https://img.kwcdn.com/product/fancy/0c6b7358-2693-4999-bc58-1efabbddec94.jpg,儿童泳池跳水环玩具，可迅速沉入水中进行游泳训练的游戏，包含 2 件套或 4 件套泳池跳水玩具。,2026-03-22T05:20:22.660+00:00,756,630,全托,美国,https://www.temu.com/search_result.html?search_key=605908633535933&search_method=user&region=211&regionCnName=%E7%BE%8E%E5%9B%BD,玩具与游戏
1776650600790,temu,606531403797611,https://img.kwcdn.com/product/fancy/f9df8025-3e22-4b0a-9056-7a1d67993bc8.jpg,娃娃屋6款颜色迷你沙发，圣诞节，万圣节，复活节，娃娃屋配件装饰，模型行装饰摆件,2026-03-17T11:36:21.146+00:00,642,581,全托,美国,https://www.temu.com/search_result.html?search_key=606531403797611&search_method=user&region=211&regionCnName=%E7%BE%8E%E5%9B%BD,玩具与游戏
1776650600790,temu,601102948116528,https://img.kwcdn.com/product/fancy/ad8ddee2-ddd4-417f-8f31-220e35340af0.jpg,有趣的脸球-悲伤的眼睛和嘴巴，成人和青少年放松的玩具，圣诞袜填充器，新奇的派对礼物或书桌装饰-黑色，富有表现力的眼睛和嘴巴设计，古怪的礼物，俏皮的美学，光滑的质地，青少年礼物万圣节/圣诞节礼物,2026-03-26T12:23:33.998+00:00,962,600,全托,美国,https://www.temu.com/search_result.html?search_key=601102948116528&search_method=user&region=211&regionCnName=%E7%BE%8E%E5%9B%BD,玩具与游戏
1776650600790,temu,603273780149462,https://img.kwcdn.com/local-goods-image/212a0c35d4/7ff22e40-c682-40f6-b00f-30b32c139519_800x800.jpeg.format.jpg,Pokémon TCG: Mega Charizard Tin (4 packs + 1 Promo) [1 RANDOM TIN],2026-02-27T21:40:49.460+00:00,634,432,半托,美国,https://www.temu.com/search_result.html?search_key=603273780149462&search_method=user&region=211&regionCnName=%E7%BE%8E%E5%9B%BD,玩具与游戏
1776650600790,temu,605527522299962,https://img.kwcdn.com/product/fancy/770a6cd8-4ee2-430f-8d6b-1607552a1f1e.jpg,超萌巧克力饼干触感玩具，柔软慢回弹PU材质，无毒，儿童安全，趣味彩色设计，带有微笑脸和巧克力碎片装饰,2026-04-10T22:17:25.097+00:00,807,458,半托,美国,https://www.temu.com/search_result.html?search_key=605527522299962&search_method=user&region=211&regionCnName=%E7%BE%8E%E5%9B%BD,玩具与游戏
1776650600790,temu,605564901886470,https://img.kwcdn.com/product/fancy/7a3acab4-1cbf-4cd7-b9be-714dbfc0d0ab.jpg,"5pcs 16-Inch Macaron Color Letter Balloon Set, ""Happy Birthday"" Foil Balloon Kit for Birthday Party Decorations, Anniversary Celebrations, Festive Background Walls, Outdoor Party Atmosphere, Photo Decoration Balloon Supplies, Universal Holiday Gift",2026-04-01T02:25:13.873+00:00,401,401,全托,美国,https://www.temu.com/search_result.html?search_key=605564901886470&search_method=user&region=211&regionCnName=%E7%BE%8E%E5%9B%BD,玩具与游戏
1776650600790,temu,605619796935629,https://img.kwcdn.com/product/fancy/6005e40f-aa43-4570-96d2-93e8fd7456a6.jpg,玩具枪 仿真连发软弹 儿童玩具枪 重达850g 包含50弹头16弹壳，850g 生日礼物 万圣节圣诞节送人最佳礼物 长步枪,2026-03-23T01:59:13.722+00:00,624,600,全托,美国,https://www.temu.com/search_result.html?search_key=605619796935629&search_method=user&region=211&regionCnName=%E7%BE%8E%E5%9B%BD,玩具与游戏
1776650600790,temu,605635567546678,https://img.kwcdn.com/product/open/fdc8b368fcd34bbfb1fcb0113262b1e3-goods.jpeg,微型彩色铅笔和笔筒、娃娃屋DIY配件、娃娃屋书房装饰道具和摄影道具,2026-02-25T01:54:26.828+00:00,1477,590,半托,美国,https://www.temu.com/search_result.html?search_key=605635567546678&search_method=user&region=211&regionCnName=%E7%BE%8E%E5%9B%BD,玩具与游戏
1776650600790,temu,605748444678273,https://img.kwcdn.com/product/fancy/e06efaa8-65b1-443e-9bda-914ccfd476f1.jpg,【如何画三丽鸥】三丽鸥儿童绘画本、一步一步的绘画和绘画着色书、craft kit卡通趣味涂鸦简笔画早教启蒙涂色画画本- 创意艺术活动，适用于教室、家庭或礼物,2026-02-05T17:48:03.165+00:00,2728,1205,全托,美国,https://www.temu.com/search_result.html?search_key=605748444678273&search_method=user&region=211&regionCnName=%E7%BE%8E%E5%9B%BD,玩具与游戏
1776650600790,temu,605888567997914,https://img.kwcdn.com/product/open/c0864d591a984e43836430ae34fdd5f0-goods.jpeg,2 雅威活水信仰币 双面宗教收藏品，金色调希伯来经文设计，理想礼物，适合圣诞节、情人节、万圣节礼物和学习纪念品、派对礼品,2026-03-01T05:58:23.200+00:00,1317,690,半托,美国,https://www.temu.com/search_result.html?search_key=605888567997914&search_method=user&region=211&regionCnName=%E7%BE%8E%E5%9B%BD,玩具与游戏
1776650600790,temu,605921048625353,https://img.kwcdn.com/product/fancy/2f4efb54-f518-4a97-b922-50fef422a6d9.jpg,趣味多彩小熊塔巴拉伸挤压玩具，TPR材质挤压玩具，奖品及课堂/派对礼品——课堂奖励、小型派对赠品、缤纷小熊宝宝、俏皮设计、办公室玩具,2026-03-28T03:24:02.932+00:00,948,600,全托,美国,https://www.temu.com/search_result.html?search_key=605921048625353&search_method=user&region=211&regionCnName=%E7%BE%8E%E5%9B%BD,玩具与游戏
1776650600790,temu,605994331562701,https://img.kwcdn.com/product/fancy/0e162386-ec31-447c-8637-7416bc3367d8.jpg,"Dobble Friends Themed Card Game, Central Perk Café Spot It Matching Pattern Board Game, Classic American TV Show Merchandise Party Game, Quick Reaction and Observation Skills Training for Adults, Teens, and Children, Board Game for Friend Gatherings",2026-03-06T17:17:43.040+00:00,2500,1330,全托,美国,https://www.temu.com/search_result.html?search_key=605994331562701&search_method=user&region=211&regionCnName=%E7%BE%8E%E5%9B%BD,玩具与游戏
1776650600790,temu,606095330399549,https://img.kwcdn.com/product/fancy/d352afdb-3c49-458d-a8bb-290671a33a14.jpg,复古电话亭灯饰雕像 - 带电话图标的英式老式电话亭造型，适用于家庭办公室的立式桌面装饰、分层托盘桌饰，情人节、复活节、新年、周年纪念日礼物，高8.5英寸,2026-03-29T23:48:47.588+00:00,316,316,半托,美国,https://www.temu.com/search_result.html?search_key=606095330399549&search_method=user&region=211&regionCnName=%E7%BE%8E%E5%9B%BD,玩具与游戏
1776650600790,temu,606212435370547,https://img.kwcdn.com/product/fancy/3867a5a8-cbc1-466e-bdb9-1852d15f906b.jpg,32 页儿童阿拉伯字母练习本，含描红书写训练，助力儿童单词学习，是阿拉伯字母学习用书，适用于开学季、新学期学习辅助材料，也可作儿童课堂学习资料，是返校季好礼之选,2026-01-24T08:05:16.736+00:00,9385,2677,全托,美国,https://www.temu.com/search_result.html?search_key=606212435370547&search_method=user&region=211&regionCnName=%E7%BE%8E%E5%9B%BD,玩具与游戏
1776650600790,temu,606256861397194,https://img.kwcdn.com/product/fancy/129552bd-933d-4a8b-a5ac-493f9699da3d.jpg,顺飞1个/5个/10个 儿童软软压力球 感官挤压球坐立不安玩具、多色面团球、减压挤压球、彩色拉伸球自闭症感官玩具、自闭症儿童，室内外儿童成人学校解压礼物- 圣诞节、万圣节、感恩节完美礼物,2026-03-11T04:50:52.376+00:00,2265,2163,全托,美国,https://www.temu.com/search_result.html?search_key=606256861397194&search_method=user&region=211&regionCnName=%E7%BE%8E%E5%9B%BD,玩具与游戏
1776650600790,temu,606515834488699,https://img.kwcdn.com/product/fancy/3dda9a86-b507-4bc9-8b80-5fce67a50417.jpg,帕尼尼 2026 国际足联 365 Adrenalyn XL 卡 | 球迷礼物 纸牌游戏 顶级俱乐部 足球卡牌 官方足球 卡 球迷必备,2026-03-05T17:18:39.488+00:00,497,340,全托,美国,https://www.temu.com/search_result.html?search_key=606515834488699&search_method=user&region=211&regionCnName=%E7%BE%8E%E5%9B%BD,玩具与游戏
1776650600790,temu,605569331081149,https://img.kwcdn.com/product/open/795af04a2aba492ea57aeec71edb3e99-goods.jpeg,10枚美国250周年纪念币 - 1776 - 2026周年纪念币 - 收藏级纪念币，采用双重历史图案，250年历史纪念礼品,2026-03-08T02:55:25.990+00:00,1422,755,半托,美国,https://www.temu.com/search_result.html?search_key=605569331081149&search_method=user&region=211&regionCnName=%E7%BE%8E%E5%9B%BD,玩具与游戏
1776650604003,temu,605890245710425,https://img.kwcdn.com/product/open/cd819cada70f48fcb521963f8f7d508a-goods.jpeg,丑丑鱼玩具——可挤压玩耍，防水，儿童沐浴玩具。柔软挤压鱼玩具，有助缓解焦虑，满足感官游戏需求。可爱小动物，触感柔软。是节日、办公室礼品及生日礼物的完美选择,2026-04-01T12:11:46.887+00:00,302,302,全托,美国,https://www.temu.com/search_result.html?search_key=605890245710425&search_method=user&region=211&regionCnName=%E7%BE%8E%E5%9B%BD,玩具与游戏
1776650604003,temu,605914337788825,https://img.kwcdn.com/product/fancy/c4df690b-2219-4e98-8a87-7d5359715246.jpg,32/16片哥特复兴黑白国际象棋 | 科幻凯尔特编织艺术龙纹 - 哑光聚合物镂空几何结构桌面游戏，适合休闲玩耍,2026-03-01T03:57:54.869+00:00,875,737,全托,美国,https://www.temu.com/search_result.html?search_key=605914337788825&search_method=user&region=211&regionCnName=%E7%BE%8E%E5%9B%BD,玩具与游戏
1776650604003,temu,605935745483679,https://img.kwcdn.com/product/fancy/74d43e74-515b-4f3d-983d-a90a6543ea4c.jpg,"1:12 Dollhouse Chicken Coop, Miniature Outdoor Rustic Hen House, Three Egg Varieties, Pocket-Sized Garden-Style Distressed, Lightweight and Exquisite Gift, Dollhouse Additions, Dollhouse Furniture, Mixed Color",2026-03-28T17:46:35.374+00:00,773,570,全托,美国,https://www.temu.com/search_result.html?search_key=605935745483679&search_method=user&region=211&regionCnName=%E7%BE%8E%E5%9B%BD,玩具与游戏
1776650604003,temu,606284510283376,https://img.kwcdn.com/product/fancy/369ff9ed-f489-42f9-9387-621ee6fc5134.jpg,灵感霓虹神谕卡塔罗牌带电子指南书 初学者荧光主题占卜塔罗牌便携迷你版 万圣节圣诞节感恩节未来命运礼物,2026-02-10T05:26:37.290+00:00,907,563,全托,美国,https://www.temu.com/search_result.html?search_key=606284510283376&search_method=user&region=211&regionCnName=%E7%BE%8E%E5%9B%BD,玩具与游戏
1776650604003,temu,606305381123928,https://img.kwcdn.com/product/fancy/06718fa8-d2e9-49d1-ad5c-ff6396fd83b1.jpg,动漫三丽鸥凯蒂猫贴纸 卡通镂空贴纸 可爱猫咪闪光镭射贴纸 三丽鸥手账素材贴纸 粉丝礼物,2026-03-26T08:01:59.536+00:00,382,382,全托,美国,https://www.temu.com/search_result.html?search_key=606305381123928&search_method=user&region=211&regionCnName=%E7%BE%8E%E5%9B%BD,玩具与游戏
1776650604003,temu,606498587551422,https://img.kwcdn.com/product/fancy/d0f91642-1af3-4c05-b0f3-cac4c7ed5e3a.jpg,30厘米/11.81英寸毛绒猫玩偶 三花猫/暹罗猫/灰猫软填充玩具 万圣节/复活节/圣诞节及生日礼物优选,2026-03-15T20:58:44.449+00:00,711,423,全托,美国,https://www.temu.com/search_result.html?search_key=606498587551422&search_method=user&region=211&regionCnName=%E7%BE%8E%E5%9B%BD,玩具与游戏
1776650604003,temu,601100872980870,https://img.kwcdn.com/product/fancy/b2b30aba-ddad-4e25-a083-a537441fe004.jpg,"只可爱章鱼弹力玩具，慢回弹玩具感官玩具适合儿童课堂奖品，派对袋填充物，复活节彩蛋填充物 - 随机颜色品袋 - 多种颜色,，手指小玩具",2026-03-25T13:27:16.506+00:00,1049,540,全托,美国,https://www.temu.com/search_result.html?search_key=601100872980870&search_method=user&region=211&regionCnName=%E7%BE%8E%E5%9B%BD,玩具与游戏
1776650604003,temu,601102366640017,https://img.kwcdn.com/product/fancy/c7315c95-d80a-477c-b6c1-6af1d0a5d419.jpg,"New and interesting Chinese simulated steamed bun toy, funny prank for office and home, venting and squeezing fun, holiday party activity gift supplies, Halloween, Christmas Thanksgiving gift",2026-03-28T13:57:38.284+00:00,423,423,全托,美国,https://www.temu.com/search_result.html?search_key=601102366640017&search_method=user&region=211&regionCnName=%E7%BE%8E%E5%9B%BD,玩具与游戏
1776650604003,temu,601104541558516,https://img.kwcdn.com/product/open/ea6f05faa28d4d849d7a836646af45e5-goods.jpeg,50张海洋夏日水彩贴纸 - 自粘蓝色海岸风格装饰贴，适用于DIY笔记本电脑、行李箱、滑板、摩托车及旅行装饰，耐用艺术设计贴纸，持久牢固，手工爱好者的完美选择,2026-02-28T15:07:22.230+00:00,577,467,全托,美国,https://www.temu.com/search_result.html?search_key=601104541558516&search_method=user&region=211&regionCnName=%E7%BE%8E%E5%9B%BD,玩具与游戏
1776650604003,temu,601105704885466,https://img.kwcdn.com/product/fancy/5050e028-7f7f-4475-954d-162e2be874af.jpg,1pc麦芽糖流纹鸡蛋慢回弹创意儿童搞怪捏捏趣味,2026-03-29T04:42:05.098+00:00,1080,817,全托,美国,https://www.temu.com/search_result.html?search_key=601105704885466&search_method=user&region=211&regionCnName=%E7%BE%8E%E5%9B%BD,玩具与游戏
1776650604003,temu,603132583096512,https://img.kwcdn.com/local-goods-image/20ef5f02d0/cfd5e4e5-88c5-4787-a2a4-444e381e397e_1280x1280.jpeg.format.jpg,LEGO 小黄人飞板 30678 多件装,2026-02-06T08:06:31.505+00:00,1016,335,半托,美国,https://www.temu.com/search_result.html?search_key=603132583096512&search_method=user&region=211&regionCnName=%E7%BE%8E%E5%9B%BD,玩具与游戏
1776650604003,temu,603157815994228,https://img.kwcdn.com/local-goods-image/212a0cd258/919829d8-b3e2-4889-9308-ed94802ecf90_1024x1024.png,"Pokémon Mystery Slab | Ultra or Double Rare Card in Slab | EX, V, VMAX, VSTAR | Includes 10 BONUS Holo Cards | Perfect Gift for Kids & Collectors",2026-03-03T19:18:45.275+00:00,932,771,半托,美国,https://www.temu.com/search_result.html?search_key=603157815994228&search_method=user&region=211&regionCnName=%E7%BE%8E%E5%9B%BD,玩具与游戏
1776650604003,temu,605802333098431,https://img.kwcdn.com/product/fancy/4be266ff-5fc4-48e3-bff3-8ed34b5a32a9.jpg,"1/2pcs Inflatable Curved Pool Surface Swimming Ring - A, Durable And Safer PVC Swimming Pool Float, Suitable for Summer Entertainment. with a Tropical Beach Design Featuring Palm Trees And Clouds, This Inflatable Pool",2026-03-24T04:33:28.702+00:00,592,540,全托,美国,https://www.temu.com/search_result.html?search_key=605802333098431&search_method=user&region=211&regionCnName=%E7%BE%8E%E5%9B%BD,玩具与游戏
1776650604003,temu,605899573816407,https://img.kwcdn.com/product/fancy/2832163f-afd4-4f05-ba51-83df906d2d9b.jpg,1/3/6pcs宝宝洗澡玩具，堆叠小船与动物手指玩偶，幼儿感官挤压漂浮玩具，浴缸淋浴水上游戏礼品，圣诞袜填充礼物,2026-02-19T03:59:32.493+00:00,1458,582,全托,美国,https://www.temu.com/search_result.html?search_key=605899573816407&search_method=user&region=211&regionCnName=%E7%BE%8E%E5%9B%BD,玩具与游戏
1776650604003,temu,606047548892996,https://img.kwcdn.com/product/fancy/eeaf6e32-b1e3-437e-9207-2ec298d875ce.jpg,1/2件装重型水上躺椅成人充气泳池浮床，，派对夏日海滩湖泊乐趣用吹气游泳筏,2026-03-16T04:32:08.234+00:00,350,350,半托,美国,https://www.temu.com/search_result.html?search_key=606047548892996&search_method=user&region=211&regionCnName=%E7%BE%8E%E5%9B%BD,玩具与游戏
1776650604003,temu,606195792365792,https://img.kwcdn.com/product/fancy/5e80ea98-ecd0-4e38-9ef6-5272e16937ed.jpg,25颗粒2×2磁性立方体，六种图案，磁性积木磁铁玩具，猴子。熊猫等图案，学习教育磁铁玩具，生日礼物，创意游戏，磁性立方体益智，磁性立方体套装，磁性立方体玩具，磁性积木玩具，促进手眼协调、脑力训练、提高集中力，益智拼图早期开发玩具，培养认知技能，大人小孩互动玩具，聚会竞技游戏，圣诞礼物，万圣节礼物，复活节礼物,2026-01-27T07:53:31.248+00:00,2118,725,全托,美国,https://www.temu.com/search_result.html?search_key=606195792365792&search_method=user&region=211&regionCnName=%E7%BE%8E%E5%9B%BD,玩具与游戏
1776650604003,temu,606285516911210,https://img.kwcdn.com/product/fancy/70611233-934b-4311-a80f-33243dcebcef.jpg,"2pcs of 60-Inch Pink Stacked Heart Aluminum Film Balloons, Printed with The Words ""Love You"" And ""MOM"". Suitable for Mother'S Day Party Decoration, Birthday, Family Gathering, Creating a Warm And Fun Festive Atmosphere",2026-03-27T08:46:57.288+00:00,551,540,全托,美国,https://www.temu.com/search_result.html?search_key=606285516911210&search_method=user&region=211&regionCnName=%E7%BE%8E%E5%9B%BD,玩具与游戏
1776650604003,temu,606501943007990,https://img.kwcdn.com/product/fancy/aecf3f65-945b-401e-ad64-7a5d84650579.jpg,15件逼真假蟑螂 - 黑色和橙色塑胶昆虫道具，非电动派对装饰品，适合万圣节、圣诞节和恶作剧,2026-03-04T04:33:00.273+00:00,618,540,全托,美国,https://www.temu.com/search_result.html?search_key=606501943007990&search_method=user&region=211&regionCnName=%E7%BE%8E%E5%9B%BD,玩具与游戏
1776650604003,temu,601105364533529,https://img.kwcdn.com/product/fancy/16d80764-b73c-4074-b6a6-60edc62f9973.jpg,可爱兔子毛绒玩具 卡通兔子动物玩偶 柔软填充玩偶抱枕 陪伴玩偶 舒适沙发装饰摆件 亲友生日节日礼物,2026-02-10T02:44:24.808+00:00,1230,453,全托,美国,https://www.temu.com/search_result.html?search_key=601105364533529&search_method=user&region=211&regionCnName=%E7%BE%8E%E5%9B%BD,玩具与游戏
1776650604003,temu,601105700513872,https://img.kwcdn.com/product/fancy/fc21c89e-2586-4b9a-b3e0-52da3d40cb40.jpg,动物图案宝宝学习板早教学习布书，培养宝宝动手协调能力，颜色认知，送给宝宝圣诞节礼物,2026-02-04T03:17:28.102+00:00,3125,1469,全托,美国,https://www.temu.com/search_result.html?search_key=601105700513872&search_method=user&region=211&regionCnName=%E7%BE%8E%E5%9B%BD,玩具与游戏
1776650604003,temu,602855020839112,https://img.kwcdn.com/local-goods-image/89ee568b/d0eaebdf-5079-44c7-96a0-e20627370c93.jpeg,韩国版 Pokémon TCG：伊维斯英雄增强包,2026-03-02T03:22:42.117+00:00,1410,1016,半托,美国,https://www.temu.com/search_result.html?search_key=602855020839112&search_method=user&region=211&regionCnName=%E7%BE%8E%E5%9B%BD,玩具与游戏
1776650604003,temu,602875958757248,https://img.kwcdn.com/local-goods-image/212a0c342c/e3f6863b-09a8-4174-a95a-a4decfc4da00_912x912.png,宝可梦伊布睡姿系列盲盒 - 可爱卡哇伊伊布进化睡姿手办 - 瓦波尔 西维尔 Espeon 雪盾 Leafeon 冰盾 - 桌面摆件 随机玩具,2026-02-01T10:19:46.774+00:00,1043,783,半托,美国,https://www.temu.com/search_result.html?search_key=602875958757248&search_method=user&region=211&regionCnName=%E7%BE%8E%E5%9B%BD,玩具与游戏
1776650604003,temu,605504235534384,https://img.kwcdn.com/product/fancy/4c97a9a0-fee5-4f72-a08b-886af439ce60.jpg,"85pcs Pretend Play Food Sets for Kids Kitchen, Cutting Toy Food with 2 Baskets, Play Kitchen Accessories for Toddlers, Fake Food with Pizza Veggies Fruits, Kids Kitchen Toys, Boys Girls GiftChristmas",2026-03-25T07:24:29.837+00:00,662,510,半托,美国,https://www.temu.com/search_result.html?search_key=605504235534384&search_method=user&region=211&regionCnName=%E7%BE%8E%E5%9B%BD,玩具与游戏
1776650604003,temu,605671873456874,https://img.kwcdn.com/product/open/68cca9ecfa9346648e6a58a1a12471d6-goods.jpeg,12PCS桌面鹅春季服装，有趣的夏季派个十足服装，两种款式可选，趣味印花衣服+丝带圆帽+小熊挎包（不含鹅），适用于7英寸迷你鹅，活动派个用品,2026-03-03T15:18:13.056+00:00,571,405,半托,美国,https://www.temu.com/search_result.html?search_key=605671873456874&search_method=user&region=211&regionCnName=%E7%BE%8E%E5%9B%BD,玩具与游戏
1776650604003,temu,605808037360574,https://img.kwcdn.com/product/fancy/26437235-dd18-4ca7-9efc-0bf44c797c8c.jpg,"1pc Fun Colorful Frosted Cube of Ice Squeeze Toys, Simulated Ice Cubes, Novel And Fun Stretchable Toys, Soft Sensory Toys, Classroom Rewards, Ideal for Holiday Gifts, Fun Classroom New Year Reward Items, Gift Bag Fillers",2026-01-26T10:43:02.818+00:00,17000,4558,全托,美国,https://www.temu.com/search_result.html?search_key=605808037360574&search_method=user&region=211&regionCnName=%E7%BE%8E%E5%9B%BD,玩具与游戏
1776650604003,temu,605817969428470,https://img.kwcdn.com/product/open/732a967b9d8741b7a5f3647e41b7657f-goods.jpeg,巨型草莓配饰猫爪TABA挤压玩具，儿童感官解压玩具，新奇玩具触感柔软回弹缓慢，生日与节日聚会的完美派对礼物，高品质平价儿童玩具,2026-02-05T06:31:46.143+00:00,672,552,全托,美国,https://www.temu.com/search_result.html?search_key=605817969428470&search_method=user&region=211&regionCnName=%E7%BE%8E%E5%9B%BD,玩具与游戏
1776650604003,temu,605831055703367,https://img.kwcdn.com/product/fancy/8c076650-ab14-403d-b9e0-ee2d174cd0fb.jpg,儿童游泳漂浮圈带水枪 | 4-9岁男孩女孩充气水上座椅，理想的夏季生日礼物，混合颜色PVC材质,2026-02-13T08:48:40.035+00:00,607,384,半托,美国,https://www.temu.com/search_result.html?search_key=605831055703367&search_method=user&region=211&regionCnName=%E7%BE%8E%E5%9B%BD,玩具与游戏
1776650604003,temu,605929907054720,https://img.kwcdn.com/product/fancy/9e2c90ba-05c5-463d-b433-37e71760ee41.jpg,儿童液晶手写板 | 多彩涂鸦画板 | 绘画绘画 | 可重复使用便携式益智玩具。男女孩生日、返校、斋月、复活节礼物,2026-03-23T15:11:51.235+00:00,728,510,全托,美国,https://www.temu.com/search_result.html?search_key=605929907054720&search_method=user&region=211&regionCnName=%E7%BE%8E%E5%9B%BD,玩具与游戏
1776650604003,temu,605999364693978,https://img.kwcdn.com/product/open/73779c59efd74150b01fe4b2769d651c-goods.jpeg,"A Crystal Snake Stress Relief Toy, a Gentle Sensory Item, Amusing Gag Gift for Parties, Ideal for Office Desk Toys, Festive Decorations, And Presents",2026-03-25T13:51:07.723+00:00,667,510,全托,美国,https://www.temu.com/search_result.html?search_key=605999364693978&search_method=user&region=211&regionCnName=%E7%BE%8E%E5%9B%BD,玩具与游戏
1776650604003,temu,606009431044891,https://img.kwcdn.com/product/fancy/242ea224-a87c-4060-bbf5-091ad9c24254.jpg,充气泳池水滑梯 - 耐用 PVC 泳池浮标，条纹设计，粉红色和白色条纹，非常适合海滩、泳池派对和夏季乐趣，条纹游泳圈带手柄。适合用于水上拍照和装饰！,2026-04-06T07:43:28.033+00:00,305,305,全托,美国,https://www.temu.com/search_result.html?search_key=606009431044891&search_method=user&region=211&regionCnName=%E7%BE%8E%E5%9B%BD,玩具与游戏
1776650604003,temu,606179753340880,https://img.kwcdn.com/product/open/d0aa7fc4e15f42ccbfb65c05884fb40e-goods.jpeg,80枚迷你红色瓢虫贴纸 | 自粘可重复使用塑料工艺贴纸，适用于手工制作、贺卡制作、花园派对装饰及房间布置,2026-03-30T01:13:34.165+00:00,377,377,全托,美国,https://www.temu.com/search_result.html?search_key=606179753340880&search_method=user&region=211&regionCnName=%E7%BE%8E%E5%9B%BD,玩具与游戏
1776650604003,temu,606181900825954,https://img.kwcdn.com/product/fancy/4d49eb52-44af-47ad-b7cc-cb60fdaf1c7a.jpg,粉红色/蓝色高容量自动水枪-远距离、耐用的玩具，带有双弹匣，符合人体工学的握把，非常适合夏季泳池和户外娱乐，玩具枪,2026-03-14T03:50:00.379+00:00,1045,867,半托,美国,https://www.temu.com/search_result.html?search_key=606181900825954&search_method=user&region=211&regionCnName=%E7%BE%8E%E5%9B%BD,玩具与游戏
1776650604003,temu,606342156774476,https://img.kwcdn.com/product/fancy/1e59bab8-8bb7-405b-9d9d-80e54f6bfe9d.jpg,"Drawing Robot, Rechargeable Four in Interactive Educational Robot Drawing Machine, with 100 Cards and Color Pens, 3-8-year-old Boys and Girls Birthday and Christmas Learning Toys.",2026-02-13T02:07:42.889+00:00,964,449,半托,美国,https://www.temu.com/search_result.html?search_key=606342156774476&search_method=user&region=211&regionCnName=%E7%BE%8E%E5%9B%BD,玩具与游戏
1776650604003,temu,606385374882499,https://img.kwcdn.com/product/fancy/7c82d7be-801d-4b74-99f4-22192db01312.jpg,"Inflatable Pirate Sword Balloons for Children, Available in Four Colors, Resembling Curved Cutlasses And Persian Scimitars. These Aluminum Foil Balloons Are Perfect for Birthday Parties, Cosplay Props",2026-04-07T15:42:59.009+00:00,302,302,全托,美国,https://www.temu.com/search_result.html?search_key=606385374882499&search_method=user&region=211&regionCnName=%E7%BE%8E%E5%9B%BD,玩具与游戏
1776650604003,temu,606456308977210,https://img.kwcdn.com/product/fancy/a1e6085b-a7d4-4d16-aee6-bca8aa6d2380.jpg,2D 幸运四叶草777硬币，闪耀的光彩和幸运象征，象征着好运与财富，字样“GOOD LUCK”传递着祝福与好运，富有传统幸运符号，色彩鲜艳、细节精致，传递着正能量与祝福，是作为个人收藏，还是送给亲朋好友，都是送上幸运与祝福的理想选择，带来满满的好运与幸福。,2026-02-09T07:22:33.782+00:00,1196,415,全托,美国,https://www.temu.com/search_result.html?search_key=606456308977210&search_method=user&region=211&regionCnName=%E7%BE%8E%E5%9B%BD,玩具与游戏
1776650604003,temu,605507456734442,https://img.kwcdn.com/product/open/b864bec0ae834f9e9172b08b4aa0e6e2-goods.jpeg,10枚亚克力美国250周年纪念币 - 1776 - 2026周年纪念币 ，采用双重历史图案，250年历史纪念礼品,2026-03-19T18:46:26.969+00:00,622,480,半托,美国,https://www.temu.com/search_result.html?search_key=605507456734442&search_method=user&region=211&regionCnName=%E7%BE%8E%E5%9B%BD,玩具与游戏
1776650604003,temu,605552688102315,https://img.kwcdn.com/product/fancy/f3d2f88a-253c-4ae3-9d59-e2c931af1546.jpg,"1/2pcs Classic Black Domino Set with 28 Classic Black Dominos, with Case Perfect Holiday Present for Family & Friends, Portable Design for Family And Party Games | Elegant Packaging with Premium Graphics, Ideal for Thanksgiving, Halloween, Christmas",2026-03-26T04:45:51.176+00:00,325,325,半托,美国,https://www.temu.com/search_result.html?search_key=605552688102315&search_method=user&region=211&regionCnName=%E7%BE%8E%E5%9B%BD,玩具与游戏
1776650604003,temu,605671403659878,https://img.kwcdn.com/product/fancy/3b51775f-4732-44ab-9e11-7a9d62db0956.jpg,婴儿硅胶遥控器，电视/DVD/手机遥控器造型，作为磨牙玩具。柔软、可咀嚼，婴儿安全，易于清洁，具有感官玩具功能,2026-02-07T02:11:41.689+00:00,1193,681,半托,美国,https://www.temu.com/search_result.html?search_key=605671403659878&search_method=user&region=211&regionCnName=%E7%BE%8E%E5%9B%BD,玩具与游戏
1776650604003,temu,605715024425299,https://img.kwcdn.com/product/fancy/c6d2868e-146e-4f16-9673-e96fcece1ab4.jpg,红蓝创意发光双剑玩具，互为刀鞘，双剑组合，PC材质安全无开刃，甩动伸长、LED酷炫灯光，角色扮演和收藏玩具，男孩、女孩喜爱的刀剑玩具，新年礼物,2026-02-03T07:34:05.530+00:00,1683,753,全托,美国,https://www.temu.com/search_result.html?search_key=605715024425299&search_method=user&region=211&regionCnName=%E7%BE%8E%E5%9B%BD,玩具与游戏
1776650604003,temu,605727708045128,https://img.kwcdn.com/product/fancy/bb03350e-79ae-4188-a062-b1f868b8d86f.jpg,可变形汽车2台1积木套装，黄色ABS模型套件，创意家居装饰，圣诞节/万圣节/感恩节等理想礼物|结构坚固，展示生动,2026-03-17T08:46:55.572+00:00,627,560,全托,美国,https://www.temu.com/search_result.html?search_key=605727708045128&search_method=user&region=211&regionCnName=%E7%BE%8E%E5%9B%BD,玩具与游戏
1776650604003,temu,605882326821775,https://img.kwcdn.com/product/fancy/6b34359b-0e97-40f0-a345-d89c9caeac70.jpg,一件幸运护身符硬币与挑战令牌——多功能高尔夫标记器，扑克牌托架，适用于扑克之夜、高尔夫球场，男士礼品，锦标赛与纸牌游戏专用硬币,2026-02-27T17:56:06.292+00:00,402,402,半托,美国,https://www.temu.com/search_result.html?search_key=605882326821775&search_method=user&region=211&regionCnName=%E7%BE%8E%E5%9B%BD,玩具与游戏
1776650604003,temu,606205254687864,https://img.kwcdn.com/product/open/40873a28b26d45e987315235222571ae-goods.jpeg,塔巴粉色草莓挤压玩具——一款趣味逼真的草莓造型手指感官刺激与放松玩具。具备缓冲回弹特性，既是生日礼物也是派对装饰。是圣诞节、复活节和斋月的绝佳赠礼,2026-02-27T12:40:46.227+00:00,453,403,全托,美国,https://www.temu.com/search_result.html?search_key=606205254687864&search_method=user&region=211&regionCnName=%E7%BE%8E%E5%9B%BD,玩具与游戏
1776650604003,temu,606409064301549,https://img.kwcdn.com/product/fancy/1d9b3a62-60aa-4c2b-841c-7b005d67d44a.jpg,"1/12 Scale Fitness Equipment Mini Model, Dollhouse Scene Decoration Model, Treadmill, Weightlifting Set, Miniature Gym, Weight Bench Press Barbell Model, Dollhouse Decor, Photography Props",2026-02-12T08:30:35.040+00:00,677,481,全托,美国,https://www.temu.com/search_result.html?search_key=606409064301549&search_method=user&region=211&regionCnName=%E7%BE%8E%E5%9B%BD,玩具与游戏
1776650604003,temu,601103415726245,https://img.kwcdn.com/product/fancy/56247f8b-5d1c-4c45-9efe-281ca3e45b49.jpg,醉酒冒险之夜——成人情侣卡牌游戏，内含50张挑战卡片，打造浪漫欢乐游戏夜，加深亲密互动与欢声笑语，18岁以上适用，周年纪念、约会之夜、派对活动的完美选择,2026-02-06T08:37:33.251+00:00,1697,674,全托,美国,https://www.temu.com/search_result.html?search_key=601103415726245&search_method=user&region=211&regionCnName=%E7%BE%8E%E5%9B%BD,玩具与游戏
1776650604003,temu,601105813204187,https://img.kwcdn.com/product/open/32ed28d3c43a4a49954aeb5d51cbedf5-goods.jpeg,双面动力旋转锥体2件套——3D打印螺旋新奇桌面玩具，旋转玩具益智开发螺旋三维结构指尖饰品双色，漩涡玩具万圣节、圣诞节、感恩节完美礼物,2026-02-06T13:21:58.936+00:00,1081,601,全托,美国,https://www.temu.com/search_result.html?search_key=601105813204187&search_method=user&region=211&regionCnName=%E7%BE%8E%E5%9B%BD,玩具与游戏
1776650604003,temu,605512422769088,https://img.kwcdn.com/product/fancy/075d9887-b493-46cb-85dc-14f159abfd9e.jpg,随机1PC 独家收藏足球卡限量版 限量版卡片| 纸牌游戏 收藏粉丝礼物，包含罗纳尔多和梅西 足球礼物 世界杯粉丝收藏品,2026-04-06T09:36:59.298+00:00,300,300,全托,美国,https://www.temu.com/search_result.html?search_key=605512422769088&search_method=user&region=211&regionCnName=%E7%BE%8E%E5%9B%BD,玩具与游戏
1776650604003,temu,605533360723518,https://img.kwcdn.com/product/fancy/db625325-b89f-4a3b-9721-cd01f92c2a23.jpg,1枚3D制作的星座硬币 - 双面彩色浮雕12星象符号，收藏纪念礼物，炫酷占星主题艺术，耐用金属材质，适合星座爱好者与独特礼品选择，天文图案精美雕刻，占星装饰,2026-03-29T16:11:50.718+00:00,1016,450,全托,美国,https://www.temu.com/search_result.html?search_key=605533360723518&search_method=user&region=211&regionCnName=%E7%BE%8E%E5%9B%BD,玩具与游戏
1776650604003,temu,605552755215315,https://img.kwcdn.com/product/fancy/73cc330c-b164-489b-b2a6-d1393c60a539.jpg,"Toy Made of Wooden Stacking Blocks, a Game for Sorting Shapes with Color And Shape Matching, Designed to Enhance Fine Motor Skills, Safe For, an Educational Puzzle, Perfect As a Learning Tower for Christmas",2026-02-14T07:07:14.750+00:00,1800,948,半托,美国,https://www.temu.com/search_result.html?search_key=605552755215315&search_method=user&region=211&regionCnName=%E7%BE%8E%E5%9B%BD,母婴用品
1776650604003,temu,605582484418741,https://img.kwcdn.com/product/open/108bb1b9ab344a86bc57f4dfc7bb4428-goods.jpeg,仿真西瓜半切水果微缩可食用玩具树脂小配件DIY钥匙扣挂件奶油胶材料,2026-03-04T08:59:07.076+00:00,490,382,全托,美国,https://www.temu.com/search_result.html?search_key=605582484418741&search_method=user&region=211&regionCnName=%E7%BE%8E%E5%9B%BD,玩具与游戏
1776650604003,temu,605596577329439,https://img.kwcdn.com/product/fancy/35f8c6eb-ddf3-471c-adb6-2e1fff836077.jpg,(Shun Fei) 儿童泳圈，耐用加厚 ，条纹泳圈，蓝色粉色两种颜色可以选择，夏日泳池派对，海边游玩必备，时尚射击，柔软舒适,2026-03-25T04:11:40.770+00:00,847,450,全托,美国,https://www.temu.com/search_result.html?search_key=605596577329439&search_method=user&region=211&regionCnName=%E7%BE%8E%E5%9B%BD,玩具与游戏
1776650604003,temu,605620736500987,https://img.kwcdn.com/product/fancy/6fa8810d-e92e-4c3c-a28c-1563bec5e7b4.jpg,New Arrival Children Foot-Operated Rocket Launcher Toy Foot Pedal for Boys And Girls Outdoor Play,2026-04-03T16:13:07.488+00:00,397,397,全托,美国,https://www.temu.com/search_result.html?search_key=605620736500987&search_method=user&region=211&regionCnName=%E7%BE%8E%E5%9B%BD,玩具与游戏
1776650604003,temu,605631138333275,https://img.kwcdn.com/product/fancy/c7002135-ad44-45c6-bc69-7d09bb6737a5.jpg,"Pretend Play Children's Kitchen Toy Set, Miniature Simulation Kitchen Toy Role-Playing Set, Cooking Learning Mini Game, DIY Scene Kitchen Toy, Enhances Fun and Experience in Play, Helps Cultivate Children's Interests and Hobbies, Improves Hands-On",2026-01-27T03:07:09.180+00:00,2600,1095,全托,美国,https://www.temu.com/search_result.html?search_key=605631138333275&search_method=user&region=211&regionCnName=%E7%BE%8E%E5%9B%BD,玩具与游戏
1776650604003,temu,605722943276656,https://img.kwcdn.com/product/fancy/23144f82-bb2e-4854-9711-90471625ae46.jpg,三只装彩色串珠感官指环 - 可调节减压放松焦虑指环，多色可选，成人适用，用于手指按摩，适合上班族,2026-02-08T08:04:00.383+00:00,2433,1479,全托,美国,https://www.temu.com/search_result.html?search_key=605722943276656&search_method=user&region=211&regionCnName=%E7%BE%8E%E5%9B%BD,玩具与游戏
1776650604003,temu,606089626109015,https://img.kwcdn.com/product/fancy/22a4dbc0-8fe4-4f55-81e2-545bd1f37a16.jpg,"1200pcs Giraffe Cartoon Building Blocks Animal Toy Set, Suitable for Use as Creative Desk or Room Decorations, Birthday Gifts, No Batteries Required, Handicraft Kit, Suitable for Party Games, and as Gifts for Halloween, Christmas, and New Year",2026-03-06T14:21:40.669+00:00,610,450,全托,美国,https://www.temu.com/search_result.html?search_key=606089626109015&search_method=user&region=211&regionCnName=%E7%BE%8E%E5%9B%BD,玩具与游戏
1776650604003,temu,606118415830634,https://img.kwcdn.com/product/fancy/e428924c-d074-4c15-8eb8-94c9ccd6d27f.jpg,100张道具钞票，派对道具、游戏纸币、摄影创意纸币.适用于电影、电视剧、派对、艺术装饰、生日、婚礼、酒吧、圣诞节、万圣节，也是感恩节的理想选择,2026-03-26T01:53:42.597+00:00,878,450,全托,美国,https://www.temu.com/search_result.html?search_key=606118415830634&search_method=user&region=211&regionCnName=%E7%BE%8E%E5%9B%BD,玩具与游戏
1776650604003,temu,606179820406780,https://img.kwcdn.com/product/open/268ec6d726d74f06a84e2258f639d71d-goods.jpeg,逼真三明治饼干玩具 | TPR材质，混色，女孩男孩皆可，非常适合复活节、情人节、生日、课堂奖励 - 合丰CL,2026-02-02T17:11:54.637+00:00,341,321,全托,美国,https://www.temu.com/search_result.html?search_key=606179820406780&search_method=user&region=211&regionCnName=%E7%BE%8E%E5%9B%BD,玩具与游戏
1776650604003,temu,606214448587241,https://img.kwcdn.com/product/fancy/0b612a37-8af6-4bdd-a3d9-8aae7c8ca6d5.jpg,木制形状组合匹配儿童益智玩具 农场动物捉虫几何数字游戏车 教育积木玩具 儿童复活节生日开学季礼物,2026-01-30T15:43:33.010+00:00,790,592,半托,美国,https://www.temu.com/search_result.html?search_key=606214448587241&search_method=user&region=211&regionCnName=%E7%BE%8E%E5%9B%BD,玩具与游戏
1776650604003,temu,606247130627111,https://img.kwcdn.com/product/open/a325e67b89094503802599d2a70770a6-goods.jpeg,1/4个 3D打印指尖陀螺 结构设计 桌面解压玩具 赠友好礼,2026-02-15T11:55:54.458+00:00,2124,1096,全托,美国,https://www.temu.com/search_result.html?search_key=606247130627111&search_method=user&region=211&regionCnName=%E7%BE%8E%E5%9B%BD,玩具与游戏
1776650604003,temu,606288335442298,https://img.kwcdn.com/product/fancy/cf06cad6-83f7-4919-a421-0c99a05da694.jpg,250周年庆典自由鹰扑克牌，1776-2026纪念扑克牌，标准尺寸高级扑克牌，游戏之夜和情怀收藏家的收藏纪念品,2026-03-31T06:04:15.496+00:00,629,450,半托,美国,https://www.temu.com/search_result.html?search_key=606288335442298&search_method=user&region=211&regionCnName=%E7%BE%8E%E5%9B%BD,玩具与游戏
1776650604003,temu,606302797428976,https://img.kwcdn.com/product/fancy/398c4d03-7200-43e2-83ca-d9d80ca88437.jpg,"1pc Cute Kawaii Cartoon Joyful Face Design Money Box, Creative Sealed Tin Coin Bank, Home Decor, Birthday Gift Holiday Gift, Direct from Manufacturer",2026-02-05T03:19:20.205+00:00,527,305,全托,美国,https://www.temu.com/search_result.html?search_key=606302797428976&search_method=user&region=211&regionCnName=%E7%BE%8E%E5%9B%BD,玩具与游戏
1776650604003,temu,606326319090756,https://img.kwcdn.com/product/fancy/f7846059-60cf-447f-8e63-48d05b6aaa65.jpg,"Enormous Bubble Wand Set, Big Bubble Maker Toy for Outdoor Play, Large Soap Bubble Maker for Kids And Family Fun",2026-04-02T09:07:43.888+00:00,1800,450,全托,美国,https://www.temu.com/search_result.html?search_key=606326319090756&search_method=user&region=211&regionCnName=%E7%BE%8E%E5%9B%BD,玩具与游戏
1776650604003,temu,601105274714907,https://img.kwcdn.com/product/fancy/5701469c-643b-4a22-94c3-c233633299a3.jpg,儿童即时打印相机：1秒快速冲印照片，集MP3播放器、益智游戏与10倍变焦于一体 - 2.4英寸高清屏幕，附赠32GB存储卡/USB线/挂绳/收纳袋 - USB接口儿童设备,2026-02-07T05:40:40.009+00:00,463,346,半托,美国,https://www.temu.com/search_result.html?search_key=601105274714907&search_method=user&region=211&regionCnName=%E7%BE%8E%E5%9B%BD,玩具与游戏
1776650604003,temu,601105799524531,https://img.kwcdn.com/product/fancy/24a1bd3d-123b-4ec1-a891-c4c278dd6445.jpg,空間幾何造型 - 球體 - 擠壓玩具，純色簡約設計擠壓玩具，手感出眾，擠壓樂趣，手指鍛鍊，柔軟質感，慢回彈，適合桌面玩具、個人收藏、生日禮物、節日禮物、聖誕禮物。顏色隨機,2026-02-26T18:23:03.308+00:00,3261,1974,全托,美国,https://www.temu.com/search_result.html?search_key=601105799524531&search_method=user&region=211&regionCnName=%E7%BE%8E%E5%9B%BD,玩具与游戏
1776650604003,temu,602357979026155,https://img.kwcdn.com/local-goods-image/21a4886cc6/25ed1883-3c9b-47bc-93ac-966bb02f46d6_881x881.jpeg.format.jpg,永动力桌面玩具 复古新奇玩具（红色）- STEM，学校科学复古快乐Dippy Dunking Bobbing Magic Famous Original Water Sippy Toy 热力学老师必备课堂用品设备，非常棒的项目小工具,2026-03-24T04:43:30.842+00:00,496,420,半托,美国,https://www.temu.com/search_result.html?search_key=602357979026155&search_method=user&region=211&regionCnName=%E7%BE%8E%E5%9B%BD,玩具与游戏
1776650604003,temu,605518932341121,https://img.kwcdn.com/product/fancy/f19a6ec0-08bf-4951-97b2-47c98043973d.jpg,2合1变形车积木模型套装 ABS环保材质 红蓝色积木 桌面的完美装饰 送家人朋友的完美礼物 无需电池 不带电的积木,2026-02-06T03:50:34.317+00:00,643,553,全托,美国,https://www.temu.com/search_result.html?search_key=605518932341121&search_method=user&region=211&regionCnName=%E7%BE%8E%E5%9B%BD,玩具与游戏
1776650604003,temu,605541816440562,https://img.kwcdn.com/product/open/f8acdf14c9224295bb36711b5d8b9a1f-goods.jpeg,一本16幅34页精美图案的螺旋装订水彩素描本，专业水彩纸加厚不易渗透，基础线稿分步骤绘画教程，使用优质纸张制作的放松且易于上色的水彩填色书，送朋友，亲人复活节，生日的礼物,2026-03-27T03:57:49.479+00:00,494,420,全托,美国,https://www.temu.com/search_result.html?search_key=605541816440562&search_method=user&region=211&regionCnName=%E7%BE%8E%E5%9B%BD,玩具与游戏
1776650604003,temu,605612347888567,https://img.kwcdn.com/product/fancy/bbfb8631-cdea-45af-9f9f-881d1f2da64e.jpg,"2pcs Strawberry Mochi Balls. Slowly Rebound Squeeze Ball-Shaped Toys. The Best Toys for Office, School, And Home. Best Gifts to Give Relatives, Friends, And Loved Ones on Halloween, Christmas, Thanksgiving, Easter, Valentine'S Day, And New Year",2026-02-05T05:31:19.052+00:00,870,828,全托,美国,https://www.temu.com/search_result.html?search_key=605612347888567&search_method=user&region=211&regionCnName=%E7%BE%8E%E5%9B%BD,玩具与游戏
1776650604003,temu,605618857416057,https://img.kwcdn.com/product/fancy/4a9b7f15-8aad-42af-9367-a706afd00deb.jpg,全新3D卡通摆件，仿真方块，立体捏捏玩具，尽情放松身心，海洋立方体挤压乐趣，天蓝色挤压放松玩具，新奇挤压玩具，慢回弹麦芽玩具，挤压乐趣玩具，可爱柔软，减压立方体，慢回弹软压力球，柔软舒适触感，办公室玩具,2026-04-13T10:05:05.173+00:00,374,374,全托,美国,https://www.temu.com/search_result.html?search_key=605618857416057&search_method=user&region=211&regionCnName=%E7%BE%8E%E5%9B%BD,玩具与游戏
1776650604003,temu,605712742776511,https://img.kwcdn.com/product/20237f049c/2db4c2db-f7c6-4716-b945-3b6c964065c8_800x800.jpeg,可爱章鱼捏捏挤压玩具，TABA水母挤压玩具，三色可选，办公室玩具，完美的圣诞礼物袋填充物，派对礼物，课堂奖励，节日礼品,2026-01-30T03:18:08.584+00:00,3307,1200,全托,美国,https://www.temu.com/search_result.html?search_key=605712742776511&search_method=user&region=211&regionCnName=%E7%BE%8E%E5%9B%BD,玩具与游戏
1776650604003,temu,605849644822784,https://img.kwcdn.com/product/fancy/f9a9ab19-5d5d-442b-aef9-0964508ba100.jpg,LOTFANCY扑克牌2包装 | 波克尔尺寸，标准索引，纸质材料，适合派对娱乐和纸牌游戏，圣诞节、万圣节、感恩节的完美礼物,2026-01-30T07:24:11.332+00:00,1310,537,半托,美国,https://www.temu.com/search_result.html?search_key=605849644822784&search_method=user&region=211&regionCnName=%E7%BE%8E%E5%9B%BD,玩具与游戏
1776650604003,temu,605925612093360,https://img.kwcdn.com/product/fancy/1ff9e37a-84ac-4edc-ac0c-1485bb38a8e6.jpg,一套4件（22inch+32inch+50inch+60inch）金色充气镜面反光4D铝箔气球-可重复使用的迪斯科球，适合生日派对装饰、圣诞节、新的一年、婚礼和活动，采用反光铝箔设计，完美的装饰，反光装饰 | 巨型球体设计 | 自密封功能，镜子派对气球。派对装饰、派对气球,2026-03-02T09:23:59.597+00:00,536,410,半托,美国,https://www.temu.com/search_result.html?search_key=605925612093360&search_method=user&region=211&regionCnName=%E7%BE%8E%E5%9B%BD,玩具与游戏
1776650604003,temu,606008424393571,https://img.kwcdn.com/product/open/9537cb6984474cbf9889dda1e6bb9c6c-goods.jpeg,"正能量毛绒小熊，带盒装，My Little Worry Bear，附有贺卡-口袋大小的熊抱，party favors，最好的朋友纪念品，Plush Toy Pillows.泰迪熊毛绒玩具，适合婚礼派对、适合情人节。母亲节。父亲节、圣诞节、感恩节,新年礼物",2026-03-07T01:09:59.910+00:00,474,304,全托,美国,https://www.temu.com/search_result.html?search_key=606008424393571&search_method=user&region=211&regionCnName=%E7%BE%8E%E5%9B%BD,玩具与游戏
1776650604003,temu,606052313617841,https://img.kwcdn.com/product/fancy/af9473ff-912c-4f56-9cc2-3227610f3777.jpg,儿童自动泡泡枪 - 恐龙泡泡枪有趣的自动泡泡制造器玩具，适合年轻人，耐用的塑料，非常适合派对和户外玩耍，年轻人玩耍耐用的塑料,2026-01-28T16:49:37.522+00:00,830,577,全托,美国,https://www.temu.com/search_result.html?search_key=606052313617841&search_method=user&region=211&regionCnName=%E7%BE%8E%E5%9B%BD,玩具与游戏
1776650604003,temu,606071573831470,https://img.kwcdn.com/product/fancy/2fffca5f-1a8a-48d2-b808-12a5e71f583b.jpg,带指南的正版塔罗牌套装 - 78张传统塔罗牌，用于预测未来、占卜和精神洞察,2026-03-23T12:07:06.562+00:00,646,420,全托,美国,https://www.temu.com/search_result.html?search_key=606071573831470&search_method=user&region=211&regionCnName=%E7%BE%8E%E5%9B%BD,玩具与游戏
1776650604003,temu,606075667504271,https://img.kwcdn.com/product/fancy/299a7fd0-b007-459d-b7a8-1f5378f89793.jpg,"1个可爱的考拉挤压玩具 可爱袋鼠软萌玩具 Taba Squishy, Fufu Squishy Fidget Toy-柔软毛绒袋鼠背包挂饰，灰色TPR解压发泄软萌礼物 适合办公桌/书桌/卧室的趣味新奇玩具，教学奖励，生日派对礼物，圣诞节/情人节/万圣节礼物，考拉填充动物",2026-02-15T11:59:41.554+00:00,1480,708,全托,美国,https://www.temu.com/search_result.html?search_key=606075667504271&search_method=user&region=211&regionCnName=%E7%BE%8E%E5%9B%BD,玩具与游戏
1776650604003,temu,606098014733633,https://img.kwcdn.com/product/fancy/4113ff8c-0458-4b05-88b8-99ab5daba290.jpg,定制宠物抱枕 - 双面印花造型照片枕，含宠物、毛绒玩具及泰迪熊毛绒枕，毛绒玩偶偶像、人脸、装饰抱枕，可个性化定制的圣诞节/母亲节/父亲节礼物,2026-04-02T07:39:45.613+00:00,304,304,全托,美国,https://www.temu.com/search_result.html?search_key=606098014733633&search_method=user&region=211&regionCnName=%E7%BE%8E%E5%9B%BD,玩具与游戏
1776650604003,temu,606107812603733,https://img.kwcdn.com/product/open/98ee2226d18442e79b799670fc35f133-goods.jpeg,数字涂色书 | 有趣的加减法涂色，数字涂色，绘画和学习用品，数学计算，儿童创意涂色书，包含各种卡通图案和插图,2026-03-24T10:43:47.458+00:00,685,420,全托,美国,https://www.temu.com/search_result.html?search_key=606107812603733&search_method=user&region=211&regionCnName=%E7%BE%8E%E5%9B%BD,玩具与游戏
1776650604003,temu,606243104098154,https://img.kwcdn.com/product/open/71c0095a38ef494a86b419c054c58efb-goods.jpeg,1个超大尺寸 Taba 草莓猫爪，安全TPR材质，Fufu squishy 感官减压指尖玩具，适合办公室休闲| 猫玩具| 学校用品| 新年| 生日| 派对礼物| 猫玩具 |嘉年华奖品| 情人节礼物| 斋月礼物| Eas,2026-03-27T04:43:21.795+00:00,556,420,全托,美国,https://www.temu.com/search_result.html?search_key=606243104098154&search_method=user&region=211&regionCnName=%E7%BE%8E%E5%9B%BD,玩具与游戏
1776650604003,temu,606572273092227,https://img.kwcdn.com/product/fancy/3fe8c612-fb2e-4cda-b8fb-37263bf60ecb.jpg,3D雕刻纪念币，美国250周年纪念币，精美收藏硬币，历史爱好者收藏硬币，纪念礼物,2026-02-01T17:37:05.488+00:00,2585,1865,全托,美国,https://www.temu.com/search_result.html?search_key=606572273092227&search_method=user&region=211&regionCnName=%E7%BE%8E%E5%9B%BD,玩具与游戏
1776650604003,temu,606583480234449,https://img.kwcdn.com/product/open/c6695ec92cf04bc1a93fb5b53da3843b-goods.jpeg,1个流动图案魔方挤压玩具，专为感官游戏设计，具有旋转和抓握功能，适合儿童和成人。触感柔软，有助于手部锻炼,2026-03-10T01:37:04.987+00:00,1495,669,全托,美国,https://www.temu.com/search_result.html?search_key=606583480234449&search_method=user&region=211&regionCnName=%E7%BE%8E%E5%9B%BD,玩具与游戏
1776650604003,temu,602408210001178,https://img.kwcdn.com/local-goods-image/20195051ba8/56ce7538-1a76-46c8-81d0-f16edefd93fa.jpeg,COSTWAY 超大号 4 件装收纳袋，巨型游戏套装4件装提携袋，大容量，耐穿牛津布，宽敞坚固的存储袋，不含游戏套装,2026-01-28T06:53:31.230+00:00,318,304,半托,美国,https://www.temu.com/search_result.html?search_key=602408210001178&search_method=user&region=211&regionCnName=%E7%BE%8E%E5%9B%BD,玩具与游戏
1776650604003,temu,605559734524432,https://img.kwcdn.com/product/fancy/195d6430-809f-4ee6-9455-b52c49b809e4.jpg,"Rubber TCG Playmat Compatible for EDH Card Zones Suitable for TCG/CCG Trading Card Game with Storage Pouch, Stitched Edges & Non-Slip Base - Right/Left-Handed Layout, Gift for Teens &, Card Game Accessory for Tabletop Gaming",2026-02-22T09:32:34.650+00:00,803,415,全托,美国,https://www.temu.com/search_result.html?search_key=605559734524432&search_method=user&region=211&regionCnName=%E7%BE%8E%E5%9B%BD,玩具与游戏
1776650604003,temu,605563492618198,https://img.kwcdn.com/product/fancy/2df30f52-16c5-40ac-b288-f907aa8941ad.jpg,16张闪卡 包含32个物种的生长周期卡片，鸡，鸭，鸟类，乌龟，蝴蝶，蜻蜓，向日葵等，双面彩色印刷，带收纳环,2026-02-01T05:32:55.892+00:00,3268,1145,全托,美国,https://www.temu.com/search_result.html?search_key=605563492618198&search_method=user&region=211&regionCnName=%E7%BE%8E%E5%9B%BD,玩具与游戏
1776650604003,temu,605779784483392,https://img.kwcdn.com/product/open/06d7b16250164e40bc608deae61c9a5a-goods.jpeg,一套24款成人数独拼图，难度中等至高。非常适合作为礼物送给朋友，适合老年人，是乔迁和圣诞礼物的理想选择,2026-03-20T03:44:06.158+00:00,1253,1150,全托,美国,https://www.temu.com/search_result.html?search_key=605779784483392&search_method=user&region=211&regionCnName=%E7%BE%8E%E5%9B%BD,玩具与游戏
1776650604003,temu,605831592556727,https://img.kwcdn.com/product/fancy/e941c024-13c5-4fcf-945c-bc618a159fe1.jpg,三支装爆笑恶作剧发射器 | 采用鲜艳ABS材质制成,2026-02-10T17:20:26.580+00:00,607,403,全托,美国,https://www.temu.com/search_result.html?search_key=605831592556727&search_method=user&region=211&regionCnName=%E7%BE%8E%E5%9B%BD,玩具与游戏
1776650604003,temu,605900580424509,https://img.kwcdn.com/product/fancy/58dd8e9e-26e4-4ac2-8d52-8aba24516c19.jpg,50张 哈利波特水彩学院风贴纸套装 防水不干胶 手机壳/笔记本/水杯装饰 生日圣诞治愈小礼,2026-03-25T14:48:36.747+00:00,448,390,全托,美国,https://www.temu.com/search_result.html?search_key=605900580424509&search_method=user&region=211&regionCnName=%E7%BE%8E%E5%9B%BD,玩具与游戏
1776650604003,temu,605991110321799,https://img.kwcdn.com/product/fancy/083f8fe7-ee92-4540-91f6-e43dff92b749.jpg,4件 站立生日造型气球套装，颜色非常的高端大气，适合生日派对，让你拥有不一样的生日气氛,2026-03-12T02:33:18.856+00:00,575,363,全托,美国,https://www.temu.com/search_result.html?search_key=605991110321799&search_method=user&region=211&regionCnName=%E7%BE%8E%E5%9B%BD,玩具与游戏
1776650604003,temu,606113047089095,https://img.kwcdn.com/product/open/8a0bda8e266c4446ab964b17ef864f0a-goods.jpeg,250周年鹰纪念币 混色铁币 适合历史爱好者收藏者节日礼物 历史250年,2026-03-25T18:46:31.530+00:00,342,342,半托,美国,https://www.temu.com/search_result.html?search_key=606113047089095&search_method=user&region=211&regionCnName=%E7%BE%8E%E5%9B%BD,玩具与游戏
1776650604003,temu,606184853601871,https://img.kwcdn.com/product/fancy/bbe71eb2-147b-4271-b7da-c7ed859e0191.jpg,1副加厚耐磨成人扑克牌 - 家庭、露营、旅行、聚会适用纸质扑克 - 持久耐用，适用于锦标赛与休闲娱乐,2026-02-15T14:02:40.268+00:00,3858,3484,全托,美国,https://www.temu.com/search_result.html?search_key=606184853601871&search_method=user&region=211&regionCnName=%E7%BE%8E%E5%9B%BD,玩具与游戏
1776650604003,temu,606260820813507,https://img.kwcdn.com/product/fancy/5a98e6d1-c8fa-4d4e-bde3-eb72b9f73d29.jpg,9/18/27件儿童派对礼品包玩具套装五颜六色的适合派对和户外的学生的礼物-给青少年的有趣的塑料派对礼物，户外海滩和夏季活动，夏日大战。海滩配件|俏皮的设计|耐用的,2026-03-31T00:59:48.698+00:00,867,390,全托,美国,https://www.temu.com/search_result.html?search_key=606260820813507&search_method=user&region=211&regionCnName=%E7%BE%8E%E5%9B%BD,玩具与游戏
1776650604003,temu,606318601557218,https://img.kwcdn.com/product/open/ea5ef202e8de4bb799eedbdd8d3dc882-goods.jpeg,潜水环/儿童游泳辅助玩具 多彩浮力训练环 泳池浴缸两用浮圈 初学者游泳教学 增强水性 安全趣味戏水,2026-01-23T12:36:52.652+00:00,598,319,全托,美国,https://www.temu.com/search_result.html?search_key=606318601557218&search_method=user&region=211&regionCnName=%E7%BE%8E%E5%9B%BD,玩具与游戏
1776650604003,temu,606490937135743,https://img.kwcdn.com/product/open/54fa1658aba34681a593619cebe0d6ee-goods.jpeg,母亲节适用5张装波波气球贴纸——多色预裁字母数字，气球DIY装饰贴，派对布置，母亲节礼物优选，适用于迎婴派对、庆典活动（纸质材质）,2026-03-19T10:45:27.332+00:00,471,390,全托,美国,https://www.temu.com/search_result.html?search_key=606490937135743&search_method=user&region=211&regionCnName=%E7%BE%8E%E5%9B%BD,玩具与游戏
1776650604003,temu,606558314452418,https://img.kwcdn.com/product/open/beda58b1654e43f19ae86159bd389b57-goods.jpeg,"1:18 Formula Racing Car Building Blocks Set | Large ABS Construction Blocks, Ideal for Christmas, Halloween, Valentine's, New Year, Birthday Gifts, Enhances Manual Skills, Decorative Home Office Ornament",2026-02-14T16:04:38.513+00:00,931,384,全托,美国,https://www.temu.com/search_result.html?search_key=606558314452418&search_method=user&region=211&regionCnName=%E7%BE%8E%E5%9B%BD,玩具与游戏
1776650604003,temu,606585090860154,https://img.kwcdn.com/product/fancy/8578a830-32e6-4b85-9ff6-545ca1056346.jpg,乌鸦神谕卡组 - 55张动物精神卡牌，用于直觉解读、每日洞见与正念练习 - 用于自我反思与精神指引的占卜卡牌,2026-04-01T15:56:18.043+00:00,764,390,全托,美国,https://www.temu.com/search_result.html?search_key=606585090860154&search_method=user&region=211&regionCnName=%E7%BE%8E%E5%9B%BD,玩具与游戏
1776650604003,temu,601101595185613,https://img.kwcdn.com/product/fancy/298bf509-4e6b-43a6-aeab-c9ae6217537f.jpg,6件套18英寸篮球气球派对用品铝箔气球运动主题生日派对装饰品,2025-12-20T03:59:04.157+00:00,4814,385,半托,美国,https://www.temu.com/search_result.html?search_key=601101595185613&search_method=user&region=211&regionCnName=%E7%BE%8E%E5%9B%BD,玩具与游戏
1776650604003,temu,601102317235706,https://img.kwcdn.com/product/open/8e75b35e44354a639cc3bf517a20d998-goods.jpeg,200张卡通动物主题2D平面贴纸，不重复精美装饰，适用于节日礼物、庆祝派对和家居装饰，班级奖励、生日礼物、自行车、滑板车、行李箱、笔记本、水瓶，2D平面,2026-02-06T05:11:34.102+00:00,965,348,半托,美国,https://www.temu.com/search_result.html?search_key=601102317235706&search_method=user&region=211&regionCnName=%E7%BE%8E%E5%9B%BD,玩具与游戏
1776650604003,temu,601105649127797,https://img.kwcdn.com/product/fancy/1304ca66-c62d-450e-8619-3b8bb9e763e8.jpg,"Book Flower Building Blocks, Miniature Building Blocks, Simulated Floral Building Blocks, Book Block Models, Building Block Ornament Toys, Roses, Chrysanthemums, Tulips, Osmanthus, Daisies, Sunflowers, Jasmine, ABS Material, Floral Theme, Desktop",2026-02-18T02:22:54.512+00:00,884,509,全托,美国,https://www.temu.com/search_result.html?search_key=601105649127797&search_method=user&region=211&regionCnName=%E7%BE%8E%E5%9B%BD,玩具与游戏
1776650604003,temu,605580672504674,https://img.kwcdn.com/product/fancy/7fc0b97c-1e4b-4d42-a23c-fcd709532aa8.jpg,2026届毕业典礼专用杯 - 100只装14盎司毕业主题塑料杯，多色可选，毕业派对必备 | 毕业庆典纪念杯 | 毕业派对装饰及用品,2026-03-03T02:58:31.253+00:00,368,335,半托,美国,https://www.temu.com/search_result.html?search_key=605580672504674&search_method=user&region=211&regionCnName=%E7%BE%8E%E5%9B%BD,玩具与游戏
1776650604003,temu,605582283103377,https://img.kwcdn.com/product/fancy/c32ed276-21cd-44ce-9486-e85e21488ac0.jpg,6/12/18/24个装多件派对礼品包 | 预先填充的复活节彩蛋，带有软软的玩具，填充了复活节篮里的玩具，合成橡胶，男孩和女孩混合颜色,2026-03-06T17:29:09.509+00:00,441,360,全托,美国,https://www.temu.com/search_result.html?search_key=605582283103377&search_method=user&region=211&regionCnName=%E7%BE%8E%E5%9B%BD,玩具与游戏
1776650604003,temu,605590067735529,https://img.kwcdn.com/product/fancy/015c2c43-04c3-479f-922b-95b7e1a4f2dc.jpg,零点大赛卡牌游戏，试图收集尽可能少的积分！揭示并交换卡牌上的线条，以减少您的卡牌的总值。但请记住：所有玩家的卡牌，游戏一结束，会呈现出激烈的竞争的多人棋盘游戏,2026-02-14T11:44:47.354+00:00,566,373,全托,美国,https://www.temu.com/search_result.html?search_key=605590067735529&search_method=user&region=211&regionCnName=%E7%BE%8E%E5%9B%BD,玩具与游戏
1776650607167,temu,606068017064315,https://img.kwcdn.com/product/open/4b158bf590ac47abbeb96fa51d4d27a0-goods.jpeg,限量版超级跑车积木游戏套装 - 1:14比例，1288颗粒 | 采用耐用ABS材质，炫酷尾翼设计与逼真轮胎 | 这款积木拼装赛车模型是趣味十足的DIY收藏品，堪称派对赠礼或生日礼物的完美选择,2026-01-02T06:56:37.667+00:00,1006,613,半托,美国,https://www.temu.com/search_result.html?search_key=606068017064315&search_method=user&region=211&regionCnName=%E7%BE%8E%E5%9B%BD,玩具与游戏
1776650607167,temu,606072714675682,https://img.kwcdn.com/product/open/65e55ce71c1b460ca973c205e7f6f67b-goods.jpeg,紫外线激活夜光3D打印蛇形机器人——柔性可摆姿势机器人，具备紫外线吸收发光功能，可作夜灯使用，适合14岁以上人士的新奇收藏品，亦是办公室或暗室装饰的独特礼品——紫外线激活夜光功能,2026-03-25T15:14:04.594+00:00,459,426,半托,美国,https://www.temu.com/search_result.html?search_key=606072714675682&search_method=user&region=211&regionCnName=%E7%BE%8E%E5%9B%BD,玩具与游戏
1776650607167,temu,606189215671235,https://img.kwcdn.com/product/fancy/ce4123d7-57ee-43b3-be38-e07e6104f031.jpg,"Children's Party Gift Pack - 10/20/30pcs Easter Eggs Combo Toys, Party and Birthday Gift Set's Prizes, Suitable for Boys and Girls Aged 3+, Includes Rabbit Bubble Relax Keychain Toy, Non-electric, No Feathers, Random Style, Suitable for Easter Basket",2026-01-28T20:01:11.511+00:00,7200,1588,全托,美国,https://www.temu.com/search_result.html?search_key=606189215671235&search_method=user&region=211&regionCnName=%E7%BE%8E%E5%9B%BD,玩具与游戏
1776650607167,temu,606261357680630,https://img.kwcdn.com/product/fancy/a9c0c159-ac3d-4c9e-afc0-7e17f6d16738.jpg,随机选择6款常规款和2款隐藏多色美味甜点下午茶猫咪系列。完美潮流盲盒装饰品，送亲朋好友。,2026-03-24T13:29:07.314+00:00,372,360,全托,美国,https://www.temu.com/search_result.html?search_key=606261357680630&search_method=user&region=211&regionCnName=%E7%BE%8E%E5%9B%BD,玩具与游戏
1776650607167,temu,606334170854771,https://img.kwcdn.com/product/fancy/780c4521-571a-485f-8a72-f5f79597bbb4.jpg,7/11PCS娃娃屋Dollhouse迷你时尚的眼镜模型摆件-鲜艳颜色DIY设计-美观装饰品-适用于娃娃屋装饰-娃娃屋配件-拍摄场景道具-微景观手工工艺品-模型收藏品-完美的节日礼物-颜色款式随机,2026-02-05T06:43:08.391+00:00,1579,685,全托,美国,https://www.temu.com/search_result.html?search_key=606334170854771&search_method=user&region=211&regionCnName=%E7%BE%8E%E5%9B%BD,玩具与游戏
1776650607167,temu,606465972655521,https://img.kwcdn.com/product/fancy/2e181d3c-f22f-49a9-9ef1-53d5d7fe6b6a.jpg,32件龙蛋套装装饰品 | 包括16个龙和16个蛋，龙高4.92英寸，蛋直径2.2英寸，混合颜色，塑料材质，TULINGWANJU官方授权，非常适合家庭、办公室和派对装饰,2026-01-28T07:14:34.190+00:00,491,300,半托,美国,https://www.temu.com/search_result.html?search_key=606465972655521&search_method=user&region=211&regionCnName=%E7%BE%8E%E5%9B%BD,玩具与游戏
1776650607167,temu,606548113853833,https://img.kwcdn.com/product/fancy/c78e08b2-6693-4a9d-9b75-81c301e63087.jpg,"X世代耐用者纪念币 3D立体浮雕硬币 世代纪念币- The Badass Generation- 双面复古骷髅挑战硬币- X 世代致敬装备, 适合男士和女士的坚固复古礼物 | 双面精致设计 铁质材料",2026-02-02T16:07:23.368+00:00,3231,1161,全托,美国,https://www.temu.com/search_result.html?search_key=606548113853833&search_method=user&region=211&regionCnName=%E7%BE%8E%E5%9B%BD,玩具与游戏
1776650607167,temu,602282447982334,https://img.kwcdn.com/local-goods-image/212a0c52d0/905d5879-8e88-4b65-a0ac-e00658ce5786_1536x1536.png,帕尼尼足球神秘珍藏卡片——装裱于高级展示盒的足球卡 | 新秀、球星、签名或插页卡片均有保障！| 儿童与收藏者的完美礼物,2026-01-25T01:27:47.156+00:00,2191,625,半托,美国,https://www.temu.com/search_result.html?search_key=602282447982334&search_method=user&region=211&regionCnName=%E7%BE%8E%E5%9B%BD,玩具与游戏
1776650607167,temu,605535038452260,https://img.kwcdn.com/product/fancy/b68ff9bc-50e5-46b9-a05d-5bfcac64bbfd.jpg,一套4张的摩擦式转印贴纸，图案为玫瑰和牡丹花卉设计，适用于装饰家具、冰箱、橱柜、剪贴簿和窗户，尺寸为24厘米x11厘米，是手工制作项目和贴纸装饰的理想之选。,2026-02-15T06:07:14.923+00:00,931,424,全托,美国,https://www.temu.com/search_result.html?search_key=605535038452260&search_method=user&region=211&regionCnName=%E7%BE%8E%E5%9B%BD,玩具与游戏
1776650607167,temu,605590269099261,https://img.kwcdn.com/product/fancy/772157f5-0400-499b-af80-f888d5eeb274.jpg,"A Lavish Poker Deck Designed for Elegance, Showcasing a Distinctive And Luxurious Visual Style, Consisting of 54 Beautifully Illustrated Cards with Embossing on Both Sides, Made from High-Quality Black Core Paper. Ideal for Presents, Family Fun",2026-03-31T07:43:17.666+00:00,397,330,全托,美国,https://www.temu.com/search_result.html?search_key=605590269099261&search_method=user&region=211&regionCnName=%E7%BE%8E%E5%9B%BD,玩具与游戏
1776650607167,temu,605592148114092,https://img.kwcdn.com/product/open/2ac34b508d9348999776d4d86a8bcf9f-goods.jpeg,"【已授权】1pc 三丽鸥Sanrio主题派个活动单步跳跃游戏垫，适合生日、新年、圣诞节、及节日礼物, 庆祝活动，趣味派个配件， 互动游戏, 团队挑战垫",2026-03-07T12:15:45.951+00:00,406,330,全托,美国,https://www.temu.com/search_result.html?search_key=605592148114092&search_method=user&region=211&regionCnName=%E7%BE%8E%E5%9B%BD,玩具与游戏
1776650607167,temu,605846088065896,https://img.kwcdn.com/product/fancy/1ee47541-7f52-4b5b-ad6c-5a21d63b02cd.jpg,复古相机拼插积木，优雅黑，优质ABS颗粒，复古相机创意拼装玩具，适合收藏展示，摄影师怀旧礼物，摆件家居装饰，生日礼物，情人节礼物，圣诞礼物，男生礼物，女生礼物，摄影爱好者的完美礼物,2026-04-06T02:25:06.343+00:00,331,330,全托,美国,https://www.temu.com/search_result.html?search_key=605846088065896&search_method=user&region=211&regionCnName=%E7%BE%8E%E5%9B%BD,玩具与游戏
1776650607167,temu,606183511450529,https://img.kwcdn.com/product/fancy/4a3c37b3-6fba-4a55-a84d-1eeb29006967.jpg,温馨外星人生活涂色书，奇幻的太空主题：可爱的外星人与行星、舒适的 UFO 之旅、月球野餐、太空宠物和星际冒险，简单的线条使其非常适合儿童、初学者和老年人，完美的礼物选择！,2026-04-02T02:08:22.910+00:00,336,330,全托,美国,https://www.temu.com/search_result.html?search_key=606183511450529&search_method=user&region=211&regionCnName=%E7%BE%8E%E5%9B%BD,玩具与游戏
1776650607167,temu,606187739298354,https://img.kwcdn.com/product/fancy/3b2e39c2-acfc-4cbc-84ba-182a6e5d7870.jpg,"8件/套,迷你微缩仿真模型,化妆刷套装,小摆件,1/6,1/12娃娃屋，娃娃屋配件装饰，模型屋配件，拍摄道具，微景观摆件 Miniatures装饰，小礼物，赠品，家居摆件",2026-02-07T05:30:52.407+00:00,1341,622,全托,美国,https://www.temu.com/search_result.html?search_key=606187739298354&search_method=user&region=211&regionCnName=%E7%BE%8E%E5%9B%BD,玩具与游戏
1776650607167,temu,606392891074782,https://img.kwcdn.com/product/fancy/21bf7113-a7dd-45d2-8fe5-0e6a6d6a859a.jpg,1个/2个装水枪夏日泳池玩具迷你按压水枪一秒出水射程超远，泳池派对、后院必备，适合户外游戏沙滩玩耍，男孩女孩最好的礼物生日礼物派对礼物,2026-03-25T15:50:04.182+00:00,399,330,全托,美国,https://www.temu.com/search_result.html?search_key=606392891074782&search_method=user&region=211&regionCnName=%E7%BE%8E%E5%9B%BD,玩具与游戏
1776650607167,temu,606397186021292,https://img.kwcdn.com/product/fancy/8020cf72-74a0-4bb4-a3a6-3ce8d8f17986.jpg,"Nordic Style Cute Mini Doll, Little Mouse Educational Toy, Knitted Mouse Plush, Hand Puppet for Role Play, Unique Plush Toy - Christmas And Halloween Gift",2026-03-30T09:11:45.813+00:00,354,330,全托,美国,https://www.temu.com/search_result.html?search_key=606397186021292&search_method=user&region=211&regionCnName=%E7%BE%8E%E5%9B%BD,玩具与游戏
1776650607167,temu,606421949248038,https://img.kwcdn.com/product/fancy/dcc7d409-8c21-4021-be7c-b0a98e91cbbe.jpg,成人定制拼图，个性化您的照片、情侣照、艺术画、风景图、宠物肖像 定格美好瞬间 ——高品质纸质材料，完美礼物创意，节日礼物，无框设计,2026-02-01T13:39:12.771+00:00,2049,1196,全托,美国,https://www.temu.com/search_result.html?search_key=606421949248038&search_method=user&region=211&regionCnName=%E7%BE%8E%E5%9B%BD,玩具与游戏
1776650607167,temu,606504291812845,https://img.kwcdn.com/product/fancy/854f68f1-f513-4c1e-940a-7a368585973a.jpg,"企鹅婴儿玩具0-6-12个月，毛绒动物玩偶，带质感吊环，响铃和脆纸声音，新生儿腹部时间玩具，适合0-6-12个月男女宝宝,作为情人节,万圣节 圣诞节 复活节 生日礼物",2026-02-12T09:35:45.028+00:00,549,389,半托,美国,https://www.temu.com/search_result.html?search_key=606504291812845&search_method=user&region=211&regionCnName=%E7%BE%8E%E5%9B%BD,母婴用品
1776650607167,temu,606513754177115,https://img.kwcdn.com/product/open/f0a690bd857d4d8e80aebc5ac0b6df55-goods.jpeg,（非玩具）4件装Dollhouse娃娃屋12分微缩场景迷你食玩蜡烛复古摆件模型 成人及14岁以上青少年收藏级微型家具装饰,2026-01-28T20:08:46.720+00:00,802,324,全托,美国,https://www.temu.com/search_result.html?search_key=606513754177115&search_method=user&region=211&regionCnName=%E7%BE%8E%E5%9B%BD,玩具与游戏
1776650607167,temu,606520767030843,https://img.kwcdn.com/product/fancy/c3550664-d63a-4c93-82f5-58af695cc919.jpg,1pcs45厘米活力卡通手柄球大龙球色彩明亮卡通可爱带凸起刺激按摩，弹跳玩了与锻炼平衡完美选择图案随机,2026-03-26T12:57:40.144+00:00,449,330,全托,美国,https://www.temu.com/search_result.html?search_key=606520767030843&search_method=user&region=211&regionCnName=%E7%BE%8E%E5%9B%BD,玩具与游戏
1776650607167,temu,601103582782355,https://img.kwcdn.com/product/fancy/8355ffb1-cdc1-45c5-bacb-47ef8a1f2b39.jpg,3层透明亚克力展示架 - 现代简约设计，27英寸高带3格收纳，可放置小雕像、模型套装，坚固耐用多功能模块化收藏架,2026-02-22T12:29:58.996+00:00,564,422,全托,美国,https://www.temu.com/search_result.html?search_key=601103582782355&search_method=user&region=211&regionCnName=%E7%BE%8E%E5%9B%BD,玩具与游戏
1776650607167,temu,601103683558387,https://img.kwcdn.com/product/fancy/9fdb8fdb-fdc7-45fc-8d35-9659df3fbae6.jpg,大容量自动存钱罐，带数字键盘锁和真钱投币槽（无取款功能）——储蓄盒，ABS材质存钱罐，适合生日派对或日常使用——颜色编码（金色）,2026-02-02T16:18:17.332+00:00,756,315,半托,美国,https://www.temu.com/search_result.html?search_key=601103683558387&search_method=user&region=211&regionCnName=%E7%BE%8E%E5%9B%BD,玩具与游戏
1776650607167,temu,601105102774228,https://img.kwcdn.com/product/open/44d0700b6ced4746b6df083a71812412-goods.jpeg,柔软毛绒芭蕾舞咖啡杯娃娃 - 形状像带粉色连衣裙的咖啡杯，是生日、圣诞节、复活节和万圣节庆祝活动的理想礼物,2026-02-07T17:00:23.668+00:00,895,342,全托,美国,https://www.temu.com/search_result.html?search_key=601105102774228&search_method=user&region=211&regionCnName=%E7%BE%8E%E5%9B%BD,玩具与游戏
1776650607167,temu,602947362596836,https://img.kwcdn.com/local-goods-image/212a0c35d4/c31c18aa-e050-4b13-8b94-e9f70e3c98b8_800x800.jpeg.format.jpg,2026 Topps Series 1 棒球节日罐装（鸡蛋）– 59 张卡片 + 独家变体,2026-03-02T14:04:12.369+00:00,990,619,半托,美国,https://www.temu.com/search_result.html?search_key=602947362596836&search_method=user&region=211&regionCnName=%E7%BE%8E%E5%9B%BD,玩具与游戏
1776650607167,temu,602989238581082,https://img.kwcdn.com/local-goods-image/211a2a4076c/5e0f4ea1-2d78-4a6c-98c9-cbfd2586c269_1500x1500.jpeg.format.jpg,乐高极速冠军布加迪愿景大赛车超跑拼搭玩具套装 - 77253,2026-03-28T15:17:47.390+00:00,315,300,半托,美国,https://www.temu.com/search_result.html?search_key=602989238581082&search_method=user&region=211&regionCnName=%E7%BE%8E%E5%9B%BD,玩具与游戏
1776650607167,temu,605692274539239,https://img.kwcdn.com/product/open/123b7892144540e6b14de45231cdef4c-goods.jpeg,塔巴软萌卡通海豹趣味挤压软胶玩具，超柔软、可爱又解压的指尖感官玩具。设计有趣，富有创意且互动性强，适合桌面装饰，也是派对的可爱礼物,2026-03-23T07:37:19.552+00:00,313,300,全托,美国,https://www.temu.com/search_result.html?search_key=605692274539239&search_method=user&region=211&regionCnName=%E7%BE%8E%E5%9B%BD,玩具与游戏
1776650607167,temu,605745760305687,https://img.kwcdn.com/product/fancy/9945f226-95ce-43ed-8665-d2d48f8d29ab.jpg,13/26/39件装儿童派对礼品套装 - 迷你旋转陀螺玩具组，多种颜色款式随机混装。适用于课堂奖励、3岁以上男女童玩具赠礼、节日小礼物、派对小礼品，趣味十足且便于携带。复活节礼品（无盒装）,2026-01-28T20:01:08.927+00:00,5541,1658,全托,美国,https://www.temu.com/search_result.html?search_key=605745760305687&search_method=user&region=211&regionCnName=%E7%BE%8E%E5%9B%BD,玩具与游戏
1776650607167,temu,605767503599132,https://img.kwcdn.com/product/fancy/e17dfd71-221d-40c4-965a-18af87ecb0ee.jpg,MOC动物鸟类野鸽模型积木创意套装拼装建筑积木玩具，朋友生日礼物、圣诞礼物、万圣节礼物，易于组装，适合送礼与收藏,2026-02-25T17:01:24.216+00:00,585,334,全托,美国,https://www.temu.com/search_result.html?search_key=605767503599132&search_method=user&region=211&regionCnName=%E7%BE%8E%E5%9B%BD,玩具与游戏
1776650607167,temu,605817298339822,https://img.kwcdn.com/product/fancy/ff6077cc-5f98-4df4-9752-a0a0e6b39500.jpg,1个熊猫挤压玩具，柔软有弹性，萌趣熊猫慢回弹解压玩具。适合青少年和成人的感官玩具。是圣诞礼物、万圣节小礼物、复活节篮子填充物、情人节礼物及派对礼品的完美选择,2026-02-02T20:29:46.706+00:00,1052,369,全托,美国,https://www.temu.com/search_result.html?search_key=605817298339822&search_method=user&region=211&regionCnName=%E7%BE%8E%E5%9B%BD,玩具与游戏
1776650607167,temu,605827565978689,https://img.kwcdn.com/product/fancy/3844343c-9ec8-4711-8aff-edb39a5ca7f2.jpg,50个彩虹7色海洋球-防挤安全，适合儿童，生日泳池玩具，圣诞派对礼物，帐篷和户外游戏，海滩玩具，玩笑设计，安全，耐用玩具，安全，耐用玩具,2026-04-04T16:01:47.500+00:00,512,300,全托,美国,https://www.temu.com/search_result.html?search_key=605827565978689&search_method=user&region=211&regionCnName=%E7%BE%8E%E5%9B%BD,玩具与游戏
1776650607167,temu,605948361951496,https://img.kwcdn.com/product/fancy/295ef292-af31-4309-b619-28e4619fedf1.jpg,32件多彩指尖陀螺派对礼品 - 迷你指尖陀螺玩具，设计精巧，色彩鲜艳（绿色、红色、黄色、橙色、紫色、粉色）- 非常适合生日派对礼物、课堂奖励、万圣节和圣诞节礼物儿童派对礼品包,2026-04-04T20:34:55.388+00:00,2310,300,全托,美国,https://www.temu.com/search_result.html?search_key=605948361951496&search_method=user&region=211&regionCnName=%E7%BE%8E%E5%9B%BD,玩具与游戏
1776650607167,temu,605948764613364,https://img.kwcdn.com/product/fancy/5bd5a4f2-ff30-4197-9246-ef059aaa566b.jpg,3枚精美3D雕刻纪念币，美国建国250周年纪念币，精美设计并配备防尘保护壳，爱国者及历史爱好者的收藏佳品，金属质感，也可作为礼物赠送,2026-03-27T09:52:12.991+00:00,546,300,全托,美国,https://www.temu.com/search_result.html?search_key=605948764613364&search_method=user&region=211&regionCnName=%E7%BE%8E%E5%9B%BD,玩具与游戏
1776650607167,temu,605949704172669,https://img.kwcdn.com/product/algo_check/auto/d3f8666b61d60d3e3d864c4cd6052f2c_1770078991253.jpg,肥肥鸡解压玩具，肉质浓郁慢回弹泥质，柔软蓬松，放松身心玩具，慢回弹纹理玩具，趣味玩具，趣味派对和生日礼物，好玩礼物，派对，最佳生日和课堂奖品,2026-03-05T02:00:11.246+00:00,496,369,全托,美国,https://www.temu.com/search_result.html?search_key=605949704172669&search_method=user&region=211&regionCnName=%E7%BE%8E%E5%9B%BD,玩具与游戏
1776650607167,temu,606070701421328,https://img.kwcdn.com/product/fancy/2ba26306-465f-4a8a-aa20-6440456a4910.jpg,"复制币《荆棘冠》纪念挑战 | 居住在他的诺言中，新奇纪念币 挑战币系列 浮雕工艺 立体雕刻 金属挑战币 万圣节礼物 决策硬币 搞怪纪念币 整蛊玩具 收藏纪念币 圣诞节礼物 高品质印刷, 精雕细琢, 精密雕刻, 耐用金属, 收藏套装",2026-01-30T05:29:43.082+00:00,1414,372,全托,美国,https://www.temu.com/search_result.html?search_key=606070701421328&search_method=user&region=211&regionCnName=%E7%BE%8E%E5%9B%BD,玩具与游戏
1776650607167,temu,606269679187894,https://img.kwcdn.com/product/fancy/60973b80-6831-4f49-b0a4-0b5475736676.jpg,1张/10张装，定制气球贴纸（3.54英寸×7.87英寸），生日派对装饰贴纸（不含气球），户外露营氛围装饰（仅含贴纸），定制骑行头盔贴纸（不含头盔），定制自行车贴纸，个性化生日派对装饰标签，定制求婚装饰气球标签（仅含贴纸），适用于周年庆装饰、公司年会装饰、生日气球、轮滑及骑行活动,2026-02-25T16:52:34.707+00:00,535,353,全托,美国,https://www.temu.com/search_result.html?search_key=606269679187894&search_method=user&region=211&regionCnName=%E7%BE%8E%E5%9B%BD,玩具与游戏
1776650607167,temu,606357726051283,https://img.kwcdn.com/product/open/7975af09f7d543d8af1852f6fd2511b5-goods.jpeg,适合初学者，快速，光滑，耐用，趣味玩具游戏，逻辑训练玩具，| 成人益智脑力挑战与策略游戏 | 快速解题挑战 | 坚固积木设计 | 单块可旋转魔方，锻炼逻辑思维与空间能力,2026-04-18T00:17:02.987+00:00,353,300,全托,美国,https://www.temu.com/search_result.html?search_key=606357726051283&search_method=user&region=211&regionCnName=%E7%BE%8E%E5%9B%BD,玩具与游戏
1776650607167,temu,606375174343424,https://img.kwcdn.com/product/open/1e9d2dc3578749caa2e9896e205010d6-goods.jpeg,2个装大型塔巴软糖果草莓玩具，舒缓益智玩具套装，升级卡哇伊塔巴软糖果，适合派个礼物、圣诞礼物、糖果袋填充物、复活节篮子填充物、礼物、办公室休闲、桌面配件、猫狗玩具,2026-03-06T01:55:41.595+00:00,1007,757,全托,美国,https://www.temu.com/search_result.html?search_key=606375174343424&search_method=user&region=211&regionCnName=%E7%BE%8E%E5%9B%BD,玩具与游戏
1776650607167,temu,606443356921564,https://img.kwcdn.com/product/fancy/6d047924-d8b9-4cf0-81ac-bd1acfa12074.jpg,儿童游泳圈 泳池必备充气加厚带手柄游泳圈，日光浴与游泳最佳选择,2026-03-24T04:33:28.584+00:00,354,300,全托,美国,https://www.temu.com/search_result.html?search_key=606443356921564&search_method=user&region=211&regionCnName=%E7%BE%8E%E5%9B%BD,玩具与游戏
1776650607167,temu,606483085397471,https://img.kwcdn.com/product/open/58aa48d1ddad4c78801299beca1404f1-goods.jpeg,"10 Replica Coins 'Resurrection of Supreme Love' Commemorative Coins - Collectible Religious Commemorative Coins, Suitable for Display, Can Be Used as Christian Gifts, Church Historical Souvenirs - Replicas Based on Historical Prototypes",2026-03-11T16:34:35.704+00:00,384,345,半托,美国,https://www.temu.com/search_result.html?search_key=606483085397471&search_method=user&region=211&regionCnName=%E7%BE%8E%E5%9B%BD,玩具与游戏
1776650607167,temu,606497044013526,https://img.kwcdn.com/product/open/cc1364774dc94fd685e2482743bb5063-goods.jpeg,儿童化妆套装，可水洗，套装，美甲套装，公主玩具与生日礼物，适合3岁及以上女童，是情人节、圣诞节及返校季礼物的完美选择,2026-03-10T02:17:12.401+00:00,430,378,半托,美国,https://www.temu.com/search_result.html?search_key=606497044013526&search_method=user&region=211&regionCnName=%E7%BE%8E%E5%9B%BD,玩具与游戏
1776650607167,temu,606550731132990,https://img.kwcdn.com/product/fancy/51b708d0-5736-4dd7-9a6a-d96f95edf8df.jpg,超柔大象毛绒玩具 仿真大型毛绒玩偶 双色可选 - 柔软可抱填充动物玩具 男女童适用 万圣节圣诞节生日节日礼物 儿童房装饰,2026-03-31T01:14:43.076+00:00,434,300,全托,美国,https://www.temu.com/search_result.html?search_key=606550731132990&search_method=user&region=211&regionCnName=%E7%BE%8E%E5%9B%BD,玩具与游戏
1776650607167,temu,605794280002982,https://img.kwcdn.com/product/fancy/300b31e5-0def-4214-ae30-95802e31a1c2.jpg,2026新款逼真机器人棕色小狗，仿真小狗玩具，可走路和吠叫，超可爱毛绒机器人小狗，人工智能宠物走路、吠叫、摇尾巴互动玩具，不带电池，生日礼物万圣节和圣诞节的最佳选择,2026-03-18T02:18:08.428+00:00,551,526,半托,美国,https://www.temu.com/search_result.html?search_key=605794280002982&search_method=user&region=211&regionCnName=%E7%BE%8E%E5%9B%BD,玩具与游戏
1776650607167,temu,606053051797734,https://img.kwcdn.com/product/fancy/98869b1d-74a2-48e6-a07c-d36bc045bdc2.jpg,1个 Taba 弹力玩具，可爱水母挤压玩具，粘性指尖玩具，缓解压力，柔软可爱玩具，周年纪念日的完美礼物，复活节彩蛋填充物，斋月礼物和办公室休闲，桌面装饰品（鱿鱼）,2026-03-06T01:55:42.840+00:00,911,577,全托,美国,https://www.temu.com/search_result.html?search_key=606053051797734&search_method=user&region=211&regionCnName=%E7%BE%8E%E5%9B%BD,玩具与游戏
1776650607167,temu,606269679229352,https://img.kwcdn.com/product/open/9f4b0d5e562c47eb83ff2c57574f1308-goods.jpeg,手绘猫咪软萌玩具，大型超柔软猫咪挤压解压玩具，卡哇伊软萌粘粘动物玩具儿童款，解压感官球玩具，适合自闭症儿童，情人节复活节斋月礼物（颜色随机）,2026-03-05T12:03:55.335+00:00,661,545,全托,美国,https://www.temu.com/search_result.html?search_key=606269679229352&search_method=user&region=211&regionCnName=%E7%BE%8E%E5%9B%BD,玩具与游戏
1776650607167,temu,606320749021438,https://img.kwcdn.com/product/fancy/d82ad670-6fc0-4800-b347-dfccb676c88d.jpg,21/31/48套装儿童轨道滑滑乐DIY拼装戏水玩具，宝宝浴室洗澡滑道小鱼转转乐玩具，趣味沐浴壁挂吸盘积木益智拼装玩水玩具，圣诞节礼物，万圣节礼物，节日礼物,2026-01-28T16:46:27.755+00:00,1162,516,全托,美国,https://www.temu.com/search_result.html?search_key=606320749021438&search_method=user&region=211&regionCnName=%E7%BE%8E%E5%9B%BD,母婴用品
1776650607167,temu,606342962074447,https://img.kwcdn.com/product/open/5e15f8656b7f47859d76e3494ad81803-goods.jpeg,感官立方体挤压玩具 儿童成人适用 柔软TPR材质 锻炼手部力量 旋转指尖陀螺 舒缓压力 派对礼品 三种尺寸 小号中号大号,2026-03-09T15:19:25.678+00:00,956,670,全托,美国,https://www.temu.com/search_result.html?search_key=606342962074447&search_method=user&region=211&regionCnName=%E7%BE%8E%E5%9B%BD,玩具与游戏
1776650607167,temu,606401548141137,https://img.kwcdn.com/product/open/587b421f41c54ff38718e940d435127d-goods.jpeg,大约 24/64PCS迷你木质红色瓢虫，带贴纸可粘贴装饰配件，适用于DIY手工艺、卡片制作、花园派对装饰，手工贴纸，完美适用于房间装饰,2026-03-03T00:48:27.284+00:00,843,602,全托,美国,https://www.temu.com/search_result.html?search_key=606401548141137&search_method=user&region=211&regionCnName=%E7%BE%8E%E5%9B%BD,玩具与游戏
1776650607167,temu,606489058090057,https://img.kwcdn.com/product/open/f4eb08c89c4044fda29204d55154cf8c-goods.jpeg,K-POP涂色书，K-POP主题人物素描本，漫画书，动漫女孩，绘画教程，成人艺术练习，描摹书，创意涂色活动，生日礼物，复活节礼物,2026-03-05T07:26:09.356+00:00,662,473,全托,美国,https://www.temu.com/search_result.html?search_key=606489058090057&search_method=user&region=211&regionCnName=%E7%BE%8E%E5%9B%BD,玩具与游戏
1776650607167,temu,606526907460043,https://img.kwcdn.com/product/fancy/d333068f-da1f-4449-8684-b94e5185a2a0.jpg,娃娃屋迷你花藤套装（3件）- 鲜艳逼真花朵，包含粉色和白色玫瑰，用于装饰场景,2026-01-26T03:06:37.296+00:00,473,359,全托,美国,https://www.temu.com/search_result.html?search_key=606526907460043&search_method=user&region=211&regionCnName=%E7%BE%8E%E5%9B%BD,玩具与游戏
1776650607167,temu,601105589101764,https://img.kwcdn.com/product/open/454adcef297b4c9bba3b94c76aca5f32-goods.jpeg,"50张 质感贴纸合集，瞬间点亮空间，透明水彩鸟贴纸 - 哑光表面，适用于塑料、玻璃、金属、异形手机壳-Suitable for rollerskating and cycling,Cycling stiers and decals",2026-01-09T01:57:53.543+00:00,996,428,全托,美国,https://www.temu.com/search_result.html?search_key=601105589101764&search_method=user&region=211&regionCnName=%E7%BE%8E%E5%9B%BD,玩具与游戏
1776650607167,temu,605687711148411,https://img.kwcdn.com/product/fancy/af886dc1-894a-4135-80a0-0c99652590d9.jpg,可存放1000/1500片拼图，带6色抽屉的毛毡拼图板，可倾斜拼图板配2合1支架盖，轻质毛毡拼图适合成人使用，便携拼图桌,2026-02-12T08:31:08.294+00:00,1016,350,半托,美国,https://www.temu.com/search_result.html?search_key=605687711148411&search_method=user&region=211&regionCnName=%E7%BE%8E%E5%9B%BD,玩具与游戏
1776650607167,temu,605798306548248,https://img.kwcdn.com/product/open/5e7e55563bb340e794871d9cae46638f-goods.jpeg,"Colorful Snowflake Ice Cube Squeeze Toy, Fidget Colorful Snowflake Cube, Soft-feeling Squeeze Toy, Party Gift | Office Toy | Holiday Gift | Children's Birthday Gift | Back-to-school Gift",2026-02-03T00:13:21.166+00:00,4800,3094,全托,美国,https://www.temu.com/search_result.html?search_key=605798306548248&search_method=user&region=211&regionCnName=%E7%BE%8E%E5%9B%BD,玩具与游戏
1776650607167,temu,605926685834154,https://img.kwcdn.com/product/fancy/985ae4ed-f4b8-4e51-b42e-9a721c0664e2.jpg,Movable! 1:6 Full Alloy Soft Tail Mountain Bike Model | Soft Tail Shock Rebound | 360 Degree Wheel Rotation | Simulation Mountain Bicycle Toy | Alloy Mountain Downhill Bike | Fully Functional Movable Joints | Realistic Tire Tread | Can Stand / Can G,2026-02-10T05:22:20.805+00:00,978,404,全托,美国,https://www.temu.com/search_result.html?search_key=605926685834154&search_method=user&region=211&regionCnName=%E7%BE%8E%E5%9B%BD,玩具与游戏
1776650607167,temu,605990304997247,https://img.kwcdn.com/product/fancy/548c6770-af17-45dc-a4ad-735d5dc7474f.jpg,6件套动物篮球洗澡玩具 | 蓝色塑料，非常适合洗澡和海滩乐趣，是情人节或生日的绝佳礼物,2026-02-02T20:31:53.182+00:00,3940,1221,全托,美国,https://www.temu.com/search_result.html?search_key=605990304997247&search_method=user&region=211&regionCnName=%E7%BE%8E%E5%9B%BD,玩具与游戏
1776650607167,temu,606006679599814,https://img.kwcdn.com/product/fancy/af44bfa6-44f2-4331-8115-36705823edaf.jpg,2026新款幼儿学习平板电脑，三语学习玩具，带音乐和声音，12个月男孩女孩语音治疗玩具，12个月音乐宝宝生日玩具，幼儿教育玩具圣诞礼物，适合英语,2026-02-04T07:51:15.974+00:00,4859,1285,全托,美国,https://www.temu.com/search_result.html?search_key=606006679599814&search_method=user&region=211&regionCnName=%E7%BE%8E%E5%9B%BD,玩具与游戏
1776650607167,temu,606062245702522,https://img.kwcdn.com/product/fancy/14d74ebc-9941-4e1a-ade2-0236370bc942.jpg,"RHRU Valentine'S Day, Easter, Christmas, Cool Creative Retro Die-Cast Decorative Metal Truck, Mini Pickup Truck Toy for Cottages - a Pull Truck with Openable Doors for Children And Boys, 1:38 Alloy Pickup, Layered Tray Decoration",2026-02-09T10:28:44.666+00:00,967,709,全托,美国,https://www.temu.com/search_result.html?search_key=606062245702522&search_method=user&region=211&regionCnName=%E7%BE%8E%E5%9B%BD,玩具与游戏
1776650607167,temu,606545295311840,https://img.kwcdn.com/product/fancy/d329705e-f0d9-4beb-8dcc-7ce248fd91cc.jpg,"Popular 16-inch Large LCD Writing Board, Erasable Electronic Doodle Board, Portable Drawing Tablet, Suitable for Office, Home, School, Ideal Toy Gift for Boys and Girls. Children's Day/Birthday Gift",2026-01-25T19:00:00.690+00:00,865,319,半托,美国,https://www.temu.com/search_result.html?search_key=606545295311840&search_method=user&region=211&regionCnName=%E7%BE%8E%E5%9B%BD,玩具与游戏
1776650607167,temu,606564958218025,https://img.kwcdn.com/product/fancy/18b7537e-3ae9-43f7-90f9-b821a4814468.jpg,复制硬币--幸运加持】圣帕特里克节纪念币 四叶草浮雕设计 节日礼品,2026-02-09T07:22:35.128+00:00,615,378,全托,美国,https://www.temu.com/search_result.html?search_key=606564958218025&search_method=user&region=211&regionCnName=%E7%BE%8E%E5%9B%BD,玩具与游戏
1776650607167,temu,605578189460690,https://img.kwcdn.com/product/fancy/8a7efaf0-d886-4c60-bcf3-5bd9eb790c43.jpg,22pcs 伸缩玩具小狗，随意造型，桌面小玩具、装饰品，非常适合儿童的小礼物、课堂奖品，派对礼品包填充物。,2026-02-24T18:26:52.322+00:00,3694,1363,全托,美国,https://www.temu.com/search_result.html?search_key=605578189460690&search_method=user&region=211&regionCnName=%E7%BE%8E%E5%9B%BD,玩具与游戏
1776650607167,temu,605669793041290,https://img.kwcdn.com/product/fancy/3c26cabb-6c90-4f3e-9215-9824df43dc08.jpg,黑色手枪玩具模型，模型级别半自动抛壳手枪玩具，适合作为角色扮演的玩具手枪道具，适合节日礼物送礼,2026-01-26T19:14:07.397+00:00,1460,489,全托,美国,https://www.temu.com/search_result.html?search_key=605669793041290&search_method=user&region=211&regionCnName=%E7%BE%8E%E5%9B%BD,玩具与游戏
1776650607167,temu,605739854705775,https://img.kwcdn.com/product/fancy/7316927f-9500-4714-99e8-83fdc3468178.jpg,儿童学习机，婴儿早教机，语言可切换（英语、法语、西班牙语），宝宝点读笔，儿童平板电脑，婴幼儿玩具，宝宝礼物，儿童礼品,2026-02-15T15:35:40.464+00:00,586,374,全托,美国,https://www.temu.com/search_result.html?search_key=605739854705775&search_method=user&region=211&regionCnName=%E7%BE%8E%E5%9B%BD,母婴用品
1776650607167,temu,605813875833886,https://img.kwcdn.com/product/open/2b4791276ed24db79529fa9c1e7c8fc5-goods.jpeg,8个彩色手摇蝴蝶玩具，非常适合儿童派个礼物、课堂奖励、复活节篮子填充物、批量安慰玩具、课堂宝箱玩具、儿童派个礼物、儿童玩具（适合女孩和男孩）,2026-03-20T02:31:47.558+00:00,627,416,全托,美国,https://www.temu.com/search_result.html?search_key=605813875833886&search_method=user&region=211&regionCnName=%E7%BE%8E%E5%9B%BD,玩具与游戏
1776650607167,temu,605859644037093,https://img.kwcdn.com/product/open/4f8def84487d486d80c735716b075a65-goods.jpeg,复制币，10件自制玩具钱，美国250周年纪念硬币 - 双面高浮雕作品，“上帝保佑我们”| 250年自由纪念币，美国挑战币 1776-2026，十字爱国纪念品，礼物首选,2026-03-19T14:22:10.109+00:00,409,408,半托,美国,https://www.temu.com/search_result.html?search_key=605859644037093&search_method=user&region=211&regionCnName=%E7%BE%8E%E5%9B%BD,玩具与游戏
1776650607167,temu,605940241810702,https://img.kwcdn.com/product/algo_check/auto/7d96d0c53e4b03a5ca9b70e10ec1b794_1766848124910.jpg,15件-笑脸表情可爱表情海绵挤压玩具，手捏按压回弹儿童球，多种表情包搞怪有趣，适用于学校活动奖品以及派个聚会游戏互动礼品男孩女孩儿童节礼物-生日礼物,2026-01-27T01:46:41.915+00:00,1055,361,全托,美国,https://www.temu.com/search_result.html?search_key=605940241810702&search_method=user&region=211&regionCnName=%E7%BE%8E%E5%9B%BD,玩具与游戏
1776650607167,temu,606194315927253,https://img.kwcdn.com/product/open/277ff85688e041889ae8972fbcc3b704-goods.jpeg,8/16/32件装复活节钥匙扣玩具儿童派对礼物，含兔子泡泡玩具钥匙扣，适合作为儿童复活节彩蛋填充物，男孩女孩复活节篮子礼物，派对赠品，复活节新年彩蛋狩猎礼物，随机款式儿童派对礼包,2026-02-03T21:39:00.521+00:00,3891,2081,全托,美国,https://www.temu.com/search_result.html?search_key=606194315927253&search_method=user&region=211&regionCnName=%E7%BE%8E%E5%9B%BD,玩具与游戏
1776650607167,temu,606418593743375,https://img.kwcdn.com/product/fancy/4e2cb914-3458-4f04-ac0e-69e51d4bff9f.jpg,500pcs/1000pcs成人拼图大型拼图礼品家庭互动、拼图DIY家居装饰、为生日，情人节，母亲节，感恩节，复活节，而设计的优质家庭趣味拼图，送礼，深得拼图爱好喜爱,2026-02-17T23:20:50.805+00:00,573,394,全托,美国,https://www.temu.com/search_result.html?search_key=606418593743375&search_method=user&region=211&regionCnName=%E7%BE%8E%E5%9B%BD,玩具与游戏
1776650607167,temu,606509392083517,https://img.kwcdn.com/product/open/0867a445943e43d4a8a3bb7e09f3fc64-goods.jpeg,蛇蛋套装可动人偶雕像，3D打印-关节可动玩偶玩具，颜色随机，龙蛋，花园装饰-桌面收藏摆件-节日生日礼物-圣诞节、万圣节和复活节礼物，地区,2026-03-19T16:32:09.154+00:00,1056,517,全托,美国,https://www.temu.com/search_result.html?search_key=606509392083517&search_method=user&region=211&regionCnName=%E7%BE%8E%E5%9B%BD,玩具与游戏
1776650607167,temu,606514223932892,https://img.kwcdn.com/product/open/c655baa356904c5b928112ec4d13b0f4-goods.jpeg,麻将练习板 - 清晰的卡牌布局，初学者和提高技能的必备品。是麻将爱好者的实用辅助工具。稳定耐用，帮助快速掌握卡牌图案。不含麻将,2026-03-07T12:00:06.479+00:00,668,313,半托,美国,https://www.temu.com/search_result.html?search_key=606514223932892&search_method=user&region=211&regionCnName=%E7%BE%8E%E5%9B%BD,玩具与游戏
1776650607167,temu,605674088030102,https://img.kwcdn.com/product/fmket/e2c1dff93d742e88f6c9e43059921650.jpg,经典扑克牌套装 - 聚会游戏必备，桌面游戏与节日娱乐，耐用便携的扑克牌,2026-01-29T02:11:58.799+00:00,4769,2021,全托,美国,https://www.temu.com/search_result.html?search_key=605674088030102&search_method=user&region=211&regionCnName=%E7%BE%8E%E5%9B%BD,玩具与游戏
1776650607167,temu,605972051417632,https://img.kwcdn.com/product/fancy/a8aa4292-53e5-4ac0-b6e7-44f1299ee92c.jpg,"2pcs Set of Football Basketball Competition Cheer Megaphones, Friends Gathering Activity Megaphones - Hand-Pushed Cheer Megaphones",2026-03-06T03:40:39.275+00:00,581,385,全托,美国,https://www.temu.com/search_result.html?search_key=605972051417632&search_method=user&region=211&regionCnName=%E7%BE%8E%E5%9B%BD,玩具与游戏
1776650607167,temu,606282899623974,https://img.kwcdn.com/product/algo_framework/ImageCm2InAlgo/dea6cdf2-f76b-11f0-b274-0a580aae2ec3.jpg,婴儿游戏健身房婴儿游戏垫，带钢琴的游戏垫，带有可拆卸游戏拱的游戏垫、婴儿游戏玩具、婴儿和幼儿的翻滚时间活动垫,2026-02-09T18:11:20.943+00:00,1284,700,全托,美国,https://www.temu.com/search_result.html?search_key=606282899623974&search_method=user&region=211&regionCnName=%E7%BE%8E%E5%9B%BD,玩具与游戏
1776650607167,temu,606330949623030,https://img.kwcdn.com/product/fancy/d4a0d72d-d692-4fdf-97ec-46ad5c0a1dce.jpg,可爱高地牛毛绒玩具，这些柔软的卡通牛是完美的填充动物。它们是您的家居装饰品的绝佳选择，适合作为圣诞节、万圣节和生日礼物，送给朋友或参加派对。,2026-02-05T20:44:06.669+00:00,543,304,全托,美国,https://www.temu.com/search_result.html?search_key=606330949623030&search_method=user&region=211&regionCnName=%E7%BE%8E%E5%9B%BD,玩具与游戏
1776650607167,temu,606333298409275,https://img.kwcdn.com/product/fancy/bc50f57c-e046-4e59-8123-06106fa6abcc.jpg,1%的动漫人偶，身高21.5厘米，主角是一位白发的日本风格女孩。这是一种适合汽车内饰或卧室的装饰品,2026-03-07T10:03:29.403+00:00,556,462,全托,美国,https://www.temu.com/search_result.html?search_key=606333298409275&search_method=user&region=211&regionCnName=%E7%BE%8E%E5%9B%BD,玩具与游戏
1776650607167,temu,606422418999494,https://img.kwcdn.com/product/open/031f2f19f7c8436c98e2f658fb4dc252-goods.jpeg,奶油填充仿真饼干 | 柔软、糊糊、弹性TPR挤出玩具，适合生日、圣诞节、情人节、复活节礼物 | 价廉性高,2026-03-06T01:55:39.602+00:00,660,422,全托,美国,https://www.temu.com/search_result.html?search_key=606422418999494&search_method=user&region=211&regionCnName=%E7%BE%8E%E5%9B%BD,玩具与游戏
1776650607167,temu,606462147445211,https://img.kwcdn.com/product/fancy/00fe3f5c-3015-45d7-a9ac-eb2b01bc41b9.jpg,25张舒缓策略卡片，包含正念与应个技巧、自我调节、情绪调节、心理健康等内容，非常适合房间装饰，情绪调节闪卡，正念支持和焦虑管理卡片，平静角落卡片，心理健康放松工具，睡前减压，提升自尊，缓解焦虑，自我关爱。,2026-03-06T17:51:10.147+00:00,723,652,全托,美国,https://www.temu.com/search_result.html?search_key=606462147445211&search_method=user&region=211&regionCnName=%E7%BE%8E%E5%9B%BD,玩具与游戏
1776650607167,temu,606558717102814,https://img.kwcdn.com/product/open/9263ed6d419a4a409a469fa9051536a5-goods.jpeg,20只彩色亮丽蝴蝶戒指，PVC软胶玩具，适合儿童派对礼品、生日礼物、圣诞礼物、课堂宝藏盒玩具、男女童玩具、儿童礼品袋填充物、派对彩蛋填充物、派对礼品、批量礼品、男孩玩具、女孩玩具，万圣节、复活节、嘉年华、感恩节理想礼物（随机发货）,2026-02-07T07:33:09.137+00:00,948,361,全托,美国,https://www.temu.com/search_result.html?search_key=606558717102814&search_method=user&region=211&regionCnName=%E7%BE%8E%E5%9B%BD,玩具与游戏
1776650607167,temu,603215529621654,https://img.kwcdn.com/local-goods-image/57e01dd8/a1930b0e-ceca-4ac4-84f4-63f29c533026.jpeg,【火红版 & 紫版】白色火焰 散装增强包,2026-04-05T00:28:25.158+00:00,853,319,半托,美国,https://www.temu.com/search_result.html?search_key=603215529621654&search_method=user&region=211&regionCnName=%E7%BE%8E%E5%9B%BD,玩具与游戏
1776650607167,temu,605599328752502,https://img.kwcdn.com/product/fancy/76170ed7-df3f-4ce7-beee-9a1c78f0149a.jpg,永生花仿真花花朵积木小颗粒拼装桌面玩具摆件，适合6岁以上，生日礼物，圣诞节礼物，情人节礼物,2026-02-05T06:53:10.563+00:00,715,335,全托,美国,https://www.temu.com/search_result.html?search_key=605599328752502&search_method=user&region=211&regionCnName=%E7%BE%8E%E5%9B%BD,玩具与游戏
1776650607167,temu,605701502029791,https://img.kwcdn.com/product/open/540c7938719f48e7bccb577423f189ab-goods.jpeg,1pc自由女神纪念币复制品,2026-02-07T05:13:40.703+00:00,478,459,半托,美国,https://www.temu.com/search_result.html?search_key=605701502029791&search_method=user&region=211&regionCnName=%E7%BE%8E%E5%9B%BD,玩具与游戏
1776650607167,temu,605825150119807,https://img.kwcdn.com/product/fancy/391ee546-18ed-4ee7-8092-1ff4eceeb1f4.jpg,三层魔方益智玩具 - 纯色可旋转脑力挑战器，顺滑无卡顿，多色可选（蓝/红/黄） - 适合初学者的圣诞礼物，提升空间感知与问题解决能力,2026-02-07T12:58:43.540+00:00,1166,1023,全托,美国,https://www.temu.com/search_result.html?search_key=605825150119807&search_method=user&region=211&regionCnName=%E7%BE%8E%E5%9B%BD,玩具与游戏
1776650607167,temu,605828706861768,https://img.kwcdn.com/product/fancy/6ac4a6d4-1f5a-46d1-9159-fe92775c1e04.jpg,卡皮巴拉毛绒玩具 - 柔软的玩具，非常适合生日和节日，是睡前拥抱和房间装饰的理想选择，对卡皮巴拉的粉丝非常适合,2026-03-17T15:18:34.098+00:00,1911,1369,全托,美国,https://www.temu.com/search_result.html?search_key=605828706861768&search_method=user&region=211&regionCnName=%E7%BE%8E%E5%9B%BD,玩具与游戏
1776650607167,temu,605888299500827,https://img.kwcdn.com/product/open/26f0467a2bbc428fb1ed18089f8dd517-goods.jpeg,教你如何绘画：包含200+ 步骤绘画书 - 一本绘画爱好者绘制任何事物的指南，绘画指南，生日和圣诞礼物，创意学习绘画与填色，包含趣味插图与高品质纸张，年轻艺术家步骤指南,2026-03-04T17:31:37.500+00:00,2507,1317,全托,美国,https://www.temu.com/search_result.html?search_key=605888299500827&search_method=user&region=211&regionCnName=%E7%BE%8E%E5%9B%BD,玩具与游戏
1776650607167,temu,606031576953434,https://img.kwcdn.com/product/open/db89a1b847ff4d8b9b7bd2d80481754b-goods.jpeg,"1pc HefengCL 1pc Suitable for Party Favors, Squishy Fidget Toys - TPR Squishy Toys with Strawberry Squishies, Kawaii Taba Squishy for &, Desk Accessory, Gifts for Goodie Bags, Easter Basket Fillers, Office Leisure",2026-03-07T02:15:40.899+00:00,657,309,全托,美国,https://www.temu.com/search_result.html?search_key=606031576953434&search_method=user&region=211&regionCnName=%E7%BE%8E%E5%9B%BD,玩具与游戏
1776650607167,temu,606069225036060,https://img.kwcdn.com/product/fancy/fa834de0-fc23-48f8-9717-f2f14bc1fdb4.jpg,两包可爱水豚卡片，每包5张，共10张，神秘盲盒款式与包装随机，是水豚爱好者的完美礼物,2026-02-08T02:17:31.299+00:00,2360,1192,全托,美国,https://www.temu.com/search_result.html?search_key=606069225036060&search_method=user&region=211&regionCnName=%E7%BE%8E%E5%9B%BD,玩具与游戏
1776650607167,temu,606083720576779,https://img.kwcdn.com/product/open/43d94c46020e4d5e9f9d839261593046-goods.jpeg,"1个可爱便士罐，带硬币槽和盖子，储蓄罐，多色便士罐，家居装饰储物罐，糖果色（, ）- 5.5+2.9英寸",2026-02-13T07:23:58.953+00:00,471,331,全托,美国,https://www.temu.com/search_result.html?search_key=606083720576779&search_method=user&region=211&regionCnName=%E7%BE%8E%E5%9B%BD,玩具与游戏
1776650607167,temu,606425707311764,https://img.kwcdn.com/product/open/edede1d7289d4a8cb9abbe08ff6a0964-goods.jpeg,1本20×20螺旋装订成人复活节涂色书 | 24页厚纸，特色是带花篮的复活节兔子，激发想象力，缓解压力和放松身心，是送给朋友和家人的理想礼物,2026-02-02T21:11:35.169+00:00,1809,1404,全托,美国,https://www.temu.com/search_result.html?search_key=606425707311764&search_method=user&region=211&regionCnName=%E7%BE%8E%E5%9B%BD,玩具与游戏
1776650607167,temu,606486105275264,https://img.kwcdn.com/product/open/3241fff858f54a7886e8e04196455008-goods.jpeg,4件套可变形机器人吸盘伸缩弹簧管玩具派对礼包 高品质创意感官趣味玩具 圣诞新年情人节复活节母亲节父亲节毕业季纪念品 儿童派对互动游戏亲子互动道具 课堂奖励办公桌装饰 益智小礼物,2026-01-23T03:41:41.726+00:00,828,383,全托,美国,https://www.temu.com/search_result.html?search_key=606486105275264&search_method=user&region=211&regionCnName=%E7%BE%8E%E5%9B%BD,玩具与游戏
1776650607167,temu,602758384065073,https://img.kwcdn.com/local-goods-image/212a0c4d04/9d4345f9-52f0-45ea-8c3b-f1bb776a41e8_894x894.jpeg.format.jpg,"2025 Topps Allen & Ginter Baseball Fat Pack Lot (3 Packs) – MLB Stars, Rookies & Pop Culture Inserts",2026-03-02T14:04:12.055+00:00,438,420,半托,美国,https://www.temu.com/search_result.html?search_key=602758384065073&search_method=user&region=211&regionCnName=%E7%BE%8E%E5%9B%BD,玩具与游戏
1776650607167,temu,605736297967042,https://img.kwcdn.com/product/open/6a78a0a45b114b548196c545136f259f-goods.jpeg,专业折叠国际象棋套装，含棋子和2个备用卒子 - 高级礼品盒，旅行友好型便携式桌面游戏，适用于跳棋和国际象棋策略，适用于33个场景,2026-02-28T08:35:39.886+00:00,371,355,半托,美国,https://www.temu.com/search_result.html?search_key=605736297967042&search_method=user&region=211&regionCnName=%E7%BE%8E%E5%9B%BD,玩具与游戏
1776650607167,temu,605976816121449,https://img.kwcdn.com/product/open/586b8d796eda4befa06cb3ce08edbf6e-goods.jpeg,"Squeezable Fluid Cube Toy, Enjoyable Slow-Rising Texture, Offered in Three Sizes (Small, Medium, Large), Great for Stress Relief at The Office, an Excellent Option for Holiday Relaxation Presents, Perfect for Both Boys And Girls",2026-03-05T12:09:21.410+00:00,1000,612,全托,美国,https://www.temu.com/search_result.html?search_key=605976816121449&search_method=user&region=211&regionCnName=%E7%BE%8E%E5%9B%BD,玩具与游戏
1776650607167,temu,606267867264697,https://img.kwcdn.com/product/open/b5ba665d5481407fa7a1742cba662588-goods.jpeg,恶搞放屁喷雾，派对整蛊必备神器。这款气味喷雾具有逼真气味，是令人捧腹的道具、整蛊玩具和游戏工具。趣味新颖的整蛊礼物，愚人节恶作剧的完美选择,2026-01-25T05:24:15.870+00:00,1527,575,半托,美国,https://www.temu.com/search_result.html?search_key=606267867264697&search_method=user&region=211&regionCnName=%E7%BE%8E%E5%9B%BD,玩具与游戏
1776650607167,temu,606404970702838,https://img.kwcdn.com/product/fancy/1c9e2ce2-7788-4c5c-be85-d0309147ad72.jpg,3D立体浮雕硬币 美国250周年纪念币 白头海雕硬币 1776——2026周年纪念币 新奇纪念币 双面历史设计收藏级纪念币，250年历史纪念礼品，适用于圣诞、万圣节、情人节 礼品和展示,2026-02-12T06:40:56.502+00:00,2458,629,全托,美国,https://www.temu.com/search_result.html?search_key=606404970702838&search_method=user&region=211&regionCnName=%E7%BE%8E%E5%9B%BD,玩具与游戏
1776650607167,temu,606522545434806,https://img.kwcdn.com/product/fancy/dfc0035f-c12a-4c72-9057-dfba63f83d3b.jpg,新款泡泡机儿童玩具，大量出泡每分钟 15000+，带灯光可手提，适合3+岁男女孩，婚礼生日派对专用泡泡机,2026-03-03T01:20:44.681+00:00,642,420,全托,美国,https://www.temu.com/search_result.html?search_key=606522545434806&search_method=user&region=211&regionCnName=%E7%BE%8E%E5%9B%BD,玩具与游戏
1776650607167,temu,606540866135088,https://img.kwcdn.com/product/fancy/64b7beff-6127-4c00-9158-347554171c83.jpg,24页温馨的爱涂色书，描绘了甜蜜的情侣、温馨的家、温柔的拥抱、平静的日常场景、爱心以及各种迷人的卡哇伊风格细节，适合成人、青少年、初学者以及所有热爱温馨浪漫、可爱爱情美学和轻松涂色的人,2026-02-09T17:26:35.368+00:00,1576,513,全托,美国,https://www.temu.com/search_result.html?search_key=606540866135088&search_method=user&region=211&regionCnName=%E7%BE%8E%E5%9B%BD,玩具与游戏
1776650607167,temu,606549187592974,https://img.kwcdn.com/product/fancy/bb6e05ff-d965-4cc2-97ad-54f1407c8a2c.jpg,Cute Teddy Bear Plush Toy Cartoon Bear Holding A Little/Mini Bear Dolls Funny Soft Stuffed Interactive Doll Cozy Home Sofa Decor Plush for Bedroom Desk Decoration Items Gift for Family and Friends,2026-02-07T19:33:54.262+00:00,536,376,全托,美国,https://www.temu.com/search_result.html?search_key=606549187592974&search_method=user&region=211&regionCnName=%E7%BE%8E%E5%9B%BD,玩具与游戏
1776650607167,temu,606549187609155,https://img.kwcdn.com/product/fancy/073acf11-0d67-4af9-ba6a-48796e9c51ad.jpg,4件装可重复使用儿童魔法蜡笔书 - 8种可爱主题：熊猫、海洋、动物园、水果和恐龙，非常适合旅行活动和幼儿教育礼物,2026-03-01T15:37:05.403+00:00,1580,758,全托,美国,https://www.temu.com/search_result.html?search_key=606549187609155&search_method=user&region=211&regionCnName=%E7%BE%8E%E5%9B%BD,玩具与游戏
1776650607167,temu,601105069347862,https://img.kwcdn.com/product/open/3fe00eaeacdb4746b54170afae7767ff-goods.jpeg,"300pcs Bible Verse Stickers Compatible for all Devices - Non-Repeating Bible Quotes with John 3:16, Psalms, Proverbs - Removable Self-Adhesive Christian Decals Suitable for Church, School, Home, Car, Laptop, Phone Case - High-Resolution Print,",2026-01-05T10:38:32.285+00:00,447,315,半托,美国,https://www.temu.com/search_result.html?search_key=601105069347862&search_method=user&region=211&regionCnName=%E7%BE%8E%E5%9B%BD,玩具与游戏
1776650607167,temu,601105572420338,https://img.kwcdn.com/product/fancy/db4f6000-77b1-4db2-a3d7-d5ad5e9c2ad0.jpg,三丽鸥凯蒂猫金色纪念币 - 带标志性笑脸与品牌标识的镀金硬币，配透明保护盒，适合成人收藏 - 展示摆件与粉丝礼品（收藏级货币）,2026-01-29T16:40:25.836+00:00,715,305,全托,美国,https://www.temu.com/search_result.html?search_key=601105572420338&search_method=user&region=211&regionCnName=%E7%BE%8E%E5%9B%BD,玩具与游戏
1776650607167,temu,601105788886762,https://img.kwcdn.com/product/fancy/5f80ce66-4466-4fee-9112-e3639d37b942.jpg,统一定制【金色】水晶贴，贴纸个性化定制，UV转印透明品牌，丝网印刷，自粘字母剥离膜热压高品质贴纸，适用于包装盒、贺卡、婚礼、生日，商业品牌推广。,2026-03-06T04:27:11.363+00:00,390,364,全托,美国,https://www.temu.com/search_result.html?search_key=601105788886762&search_method=user&region=211&regionCnName=%E7%BE%8E%E5%9B%BD,玩具与游戏
1776650607167,temu,602586585373767,https://img.kwcdn.com/local-goods-image/212a0c35d4/8d7c6fed-65e0-4c68-b707-99a32b2bfff0_800x800.png,宝可梦超极进化：升华英雄精英训练师礼盒,2026-03-05T16:49:18.608+00:00,870,444,半托,美国,https://www.temu.com/search_result.html?search_key=602586585373767&search_method=user&region=211&regionCnName=%E7%BE%8E%E5%9B%BD,玩具与游戏
1776650612038,temu,605503899985786,https://img.kwcdn.com/product/fancy/5d25c4c9-1c33-42ef-b9a7-48f021cd9e17.jpg,4件套泳池玩具 | 水枪套装 | 亮彩拉出式喷水管 | 户外夏季水上玩乐，适用于泳池、海滩、花园 | 圣诞节复活节礼物，送给男孩女孩,2026-03-11T06:29:06.065+00:00,552,320,全托,美国,https://www.temu.com/search_result.html?search_key=605503899985786&search_method=user&region=211&regionCnName=%E7%BE%8E%E5%9B%BD,玩具与游戏
1776650612038,temu,605510543722374,https://img.kwcdn.com/product/open/e571f91ad1c247289880e1a07792944e-goods.jpeg,"Prefilled Easter Eggs Containing Cute Slow Rising Fast Food Squishies | Ideal For Egg Hunts, Classroom Rewards, Easter Birthday Presents, Mixed Color, Thermoplastic Polyurethane Material",2026-02-27T15:08:57.652+00:00,406,399,全托,美国,https://www.temu.com/search_result.html?search_key=605510543722374&search_method=user&region=211&regionCnName=%E7%BE%8E%E5%9B%BD,玩具与游戏
1776650612038,temu,605612549239346,https://img.kwcdn.com/product/fancy/a7e93c6e-7f94-44c0-9b57-780530d9f3f0.jpg,原创神谕卡牌套装，动物主题，54张优质卡牌，适合初学者和专业人士，个人珍藏卡牌，纸牌游戏，算命玩具,2026-03-02T20:47:46.261+00:00,852,406,全托,美国,https://www.temu.com/search_result.html?search_key=605612549239346&search_method=user&region=211&regionCnName=%E7%BE%8E%E5%9B%BD,玩具与游戏
1776650612038,temu,605647512951429,https://img.kwcdn.com/product/fancy/fce50613-1464-48f7-8be3-0226c3a16f23.jpg,"A Charming and Heartwarming Coloring Book for Adults and Teens, Featuring Mysterious Creatures, Spooky Legends, and Eerie Art Moments. with 24 Exquisite Illustrations Depicting the Mothman and His Fantastical World, It's Perfect for Adults, Teens",2026-02-09T21:51:27.989+00:00,1100,531,全托,美国,https://www.temu.com/search_result.html?search_key=605647512951429&search_method=user&region=211&regionCnName=%E7%BE%8E%E5%9B%BD,玩具与游戏
1776650612038,temu,605654425138844,https://img.kwcdn.com/product/open/06f61dc8b81b44f8b72f65e79ba73294-goods.jpeg,3D感官忙碌板立方体，带20根彩色棒，纹理活动拼图块，用于手指练习、手眼协调和空间思维，光滑边缘设计桌面游戏工具，适合家庭办公室旅行，创意解压指尖玩具，青少年礼物,2026-03-05T06:17:09.500+00:00,438,344,全托,美国,https://www.temu.com/search_result.html?search_key=605654425138844&search_method=user&region=211&regionCnName=%E7%BE%8E%E5%9B%BD,玩具与游戏
1776650612038,temu,605676436873133,https://img.kwcdn.com/product/fancy/2cbee194-0e8d-4014-91df-0f6aa6b4f751.jpg,宝宝卡通蜜蜂造型摇铃，婴儿安抚摇铃玩具，圣诞节万圣节生日礼物，拍摄道具,2026-02-25T19:41:58.551+00:00,1198,523,全托,美国,https://www.temu.com/search_result.html?search_key=605676436873133&search_method=user&region=211&regionCnName=%E7%BE%8E%E5%9B%BD,玩具与游戏
1776650612038,temu,605701468464228,https://img.kwcdn.com/product/fancy/9d6b755e-f408-4a70-b43b-00d4f9982c27.jpg,"67/83/121pcs Multi-functional 3D Track Car, Educational DIY Assembly Parking Toy, Children's Electric Suspended Track Car Set, Halloween/Christmas/Birthday Gift",2026-02-17T11:33:42.218+00:00,1000,380,全托,美国,https://www.temu.com/search_result.html?search_key=605701468464228&search_method=user&region=211&regionCnName=%E7%BE%8E%E5%9B%BD,玩具与游戏
1776650612038,temu,605737304603787,https://img.kwcdn.com/product/fancy/e6dbb0e6-247a-4283-b97a-0acdee7d9222.jpg,"Card Deck Box with TCG Card Sleeves 100CT, Trading Card Storage Box Holds 120+ Sleeved Cards, PU Leather Card Box, Matte Back & Clear Front, 66x91mm, Collectible Card Storage, Dynamic Design, Protective Cover, CCG Card Protector",2026-02-09T11:20:04.101+00:00,611,326,全托,美国,https://www.temu.com/search_result.html?search_key=605737304603787&search_method=user&region=211&regionCnName=%E7%BE%8E%E5%9B%BD,玩具与游戏
1776650612038,temu,605852866029125,https://img.kwcdn.com/product/open/af4a4dc6394b4820ab6c2d5f31e0d88f-goods.jpeg,13PCS/16PCS/19PCS呆萌可爱迷你龙3D打印装饰品，独特可爱的家居装饰、办公室装饰与汽车摆件，适合万圣节、复活节、圣诞节、父亲节、母亲节、生日派对的礼物,2026-03-04T13:36:25.714+00:00,557,301,全托,美国,https://www.temu.com/search_result.html?search_key=605852866029125&search_method=user&region=211&regionCnName=%E7%BE%8E%E5%9B%BD,玩具与游戏
1776650612038,temu,605904405654814,https://img.kwcdn.com/product/fancy/9db78b6b-ad56-47ce-9e5f-200b6e43e429.jpg,2x2、3x3、4x4方格魔方，高难度速拧魔方，成人3D益智魔方，生日礼物/节日佳礼,2026-02-17T09:18:29.494+00:00,791,433,全托,美国,https://www.temu.com/search_result.html?search_key=605904405654814&search_method=user&region=211&regionCnName=%E7%BE%8E%E5%9B%BD,玩具与游戏
1776650612038,temu,605908163749075,https://img.kwcdn.com/product/fancy/3263caf3-3b95-46d7-a96e-0c7d98cb1ac1.jpg,47寸复活节站立破壳鸡铝膜气球 超大的尺寸摆放在复活节派对或者聚会中 使现场的气氛变得更有复活节的气息让人们更能愉悦的玩耍,2026-02-02T07:40:06.170+00:00,3902,1696,全托,美国,https://www.temu.com/search_result.html?search_key=605908163749075&search_method=user&region=211&regionCnName=%E7%BE%8E%E5%9B%BD,玩具与游戏
1776650612038,temu,605932322971028,https://img.kwcdn.com/product/open/fe6d9008b16d4937901dc271698bbc99-goods.jpeg,100pcs Magnetic Building Blocks Toy | Colorful Cube Construction Set | Creative Physics Learning Toy | Ideal Christmas And Birthday Gift for Boys And Girls,2026-02-12T06:40:34.544+00:00,946,467,半托,美国,https://www.temu.com/search_result.html?search_key=605932322971028&search_method=user&region=211&regionCnName=%E7%BE%8E%E5%9B%BD,玩具与游戏
1776650612038,temu,606098954232337,https://img.kwcdn.com/product/fancy/6811c9f8-2a0d-4074-8367-e46a49912758.jpg,超大多米诺骨牌套装 - 28块白色经典骨牌，人造革收纳盒，便携设计，家庭游戏，派对游戏，适合聚会、团建活动。桌面游戏,2026-01-31T02:25:36.493+00:00,562,382,半托,美国,https://www.temu.com/search_result.html?search_key=606098954232337&search_method=user&region=211&regionCnName=%E7%BE%8E%E5%9B%BD,玩具与游戏
1776650612038,temu,606335647220967,https://img.kwcdn.com/product/fancy/7fd85ce3-48fa-4fd3-a912-6bd562d6e34d.jpg,60英寸超大号充气水池漂浮垫（成人款），附带喷枪和16英寸沙滩球，可充气骑乘式泳池浮具，适用于户外湖泊河流，亲友家庭对战漂流筏派对玩具，夏季沙滩水上趣味游戏浮具,2026-02-24T11:33:56.831+00:00,543,350,半托,美国,https://www.temu.com/search_result.html?search_key=606335647220967&search_method=user&region=211&regionCnName=%E7%BE%8E%E5%9B%BD,玩具与游戏
1776650612038,temu,606337392069320,https://img.kwcdn.com/product/fancy/328f4e02-e429-4c44-9d4a-0b7a82433a77.jpg,1盎司99%纯银鹰雕像 - 新款设计，密封包装，优质工艺，耐用防腐金属，自制珠宝制作，家居装饰，手工艺材料，收藏礼品,2026-03-06T01:37:11.863+00:00,549,319,半托,美国,https://www.temu.com/search_result.html?search_key=606337392069320&search_method=user&region=211&regionCnName=%E7%BE%8E%E5%9B%BD,玩具与游戏
1776650612038,temu,606374167683744,https://img.kwcdn.com/product/fancy/168203d4-36c4-47dd-9fb7-ef4dd699edb5.jpg,娃娃屋美发沙龙套装 | 配件微缩模型、场景装饰与摄影道具，生日与圣诞礼物的完美选择，模型收藏品,2026-01-28T05:39:16.112+00:00,1179,524,全托,美国,https://www.temu.com/search_result.html?search_key=606374167683744&search_method=user&region=211&regionCnName=%E7%BE%8E%E5%9B%BD,玩具与游戏
1776650612038,temu,606409064333032,https://img.kwcdn.com/product/open/2c26fe0983b343b191e7b2f2d10084d8-goods.jpeg,"Sanrio Hello Kitty 9.84inch, a Sitting Posture Holding Strawberry Kulomi Melody Plush Toy, Decompression Toy, Home Decoration Ornament, Doll for Girlfriend's Ideal Choice, Perfect Birthday Gift, Holiday Gift",2026-02-22T02:31:22.805+00:00,520,447,半托,美国,https://www.temu.com/search_result.html?search_key=606409064333032&search_method=user&region=211&regionCnName=%E7%BE%8E%E5%9B%BD,玩具与游戏
1776650612038,temu,606508116995623,https://img.kwcdn.com/product/fancy/0edd27df-0079-4848-97dd-3fc22bdaea59.jpg,成人充气过山车游戏 - 坚固耐用且趣味的过山车游戏套装，非常适合家庭活动、聚会和户外活动,2026-03-02T05:20:57.741+00:00,371,327,半托,美国,https://www.temu.com/search_result.html?search_key=606508116995623&search_method=user&region=211&regionCnName=%E7%BE%8E%E5%9B%BD,玩具与游戏
1776650612038,temu,601104844414298,https://img.kwcdn.com/product/fancy/6a48ff56-0bec-4ec7-92b1-e40f42418fa5.jpg,2只装弹性复活节兔子拉管玩具 | 柔韧螺旋四肢与强力吸盘，可摆出多种姿势，提升视觉/触觉能力，适合旅行与室内娱乐，圣诞节、复活节馈赠儿童佳品,2026-01-30T06:26:29.151+00:00,770,572,全托,美国,https://www.temu.com/search_result.html?search_key=601104844414298&search_method=user&region=211&regionCnName=%E7%BE%8E%E5%9B%BD,玩具与游戏
1776650612038,temu,602452904518060,https://img.kwcdn.com/local-goods-image/21a488cbd6/63084ba7-2b8b-42f8-b317-10a3fc8e3fe4_1500x1500.jpeg.format.jpg,45张随机复古棒球卡，含3包随机旧封蜡包装——新手收藏家之选,2026-01-28T18:09:38.366+00:00,3919,1889,半托,美国,https://www.temu.com/search_result.html?search_key=602452904518060&search_method=user&region=211&regionCnName=%E7%BE%8E%E5%9B%BD,玩具与游戏
1776650612038,temu,605600536711813,https://img.kwcdn.com/product/fancy/b7139bb4-8d93-47e1-ab45-18ddc56b00c7.jpg,"Cute Hamster Squeeze Toy, Upgraded High-Quality Sensory Toy, Suitable as Office Fidget Toys and Small Gifts, Holiday Decoration Gifts. Party Stress-Relief Mini Toy, Christmas, Thanksgiving, Easter Gift, Gift Bag Filler",2026-02-09T02:56:06.928+00:00,546,481,全托,美国,https://www.temu.com/search_result.html?search_key=605600536711813&search_method=user&region=211&regionCnName=%E7%BE%8E%E5%9B%BD,玩具与游戏
1776650612038,temu,605679926500944,https://img.kwcdn.com/product/open/5d78d8d86e3e4e6bbeafdcdfdc9997cd-goods.jpeg,8件套迷你复刻版魔法复古书籍套装，万圣节装饰品，圣诞小礼物，娃娃屋配件，模型房屋装饰，模型房屋配件，微缩食物玩具，摄影道具，微缩景观装饰，微缩模型装饰品,2026-03-16T03:20:47.220+00:00,390,366,全托,美国,https://www.temu.com/search_result.html?search_key=605679926500944&search_method=user&region=211&regionCnName=%E7%BE%8E%E5%9B%BD,玩具与游戏
1776650612038,temu,605750189487972,https://img.kwcdn.com/product/open/243fef7db43c4940b03ca09610224d98-goods.jpeg,56张透明干枯玫瑰花朵涂鸦贴纸充满活力的贴纸贴花，适用于水瓶、笔记本电脑、手机、行李箱、滑板、吉他，派对装饰,2026-03-03T01:39:27.930+00:00,541,374,全托,美国,https://www.temu.com/search_result.html?search_key=605750189487972&search_method=user&region=211&regionCnName=%E7%BE%8E%E5%9B%BD,玩具与游戏
1776650612038,temu,605815486417806,https://img.kwcdn.com/product/fancy/b0cd3750-158a-4216-9e58-f933c4279f01.jpg,"6/10/20pcs Set Little Dragon And Egg - Movable Action Figure Model Set (3/5/10 Dragons + 3/5/10 Eggs), Durable Plastic Fantasy Model Collectibles And Doll Gifts, Home Interior Decoration Crafts. Christmas Holiday Theme Decoration",2026-02-21T06:18:07.587+00:00,1600,559,全托,美国,https://www.temu.com/search_result.html?search_key=605815486417806&search_method=user&region=211&regionCnName=%E7%BE%8E%E5%9B%BD,玩具与游戏
1776650612038,temu,605842531290851,https://img.kwcdn.com/product/open/a85cee7e9e1c435b94cc73392cbd1bcd-goods.jpeg,复活节彩蛋填充玩具套装 - 内含降落伞玩具的预装彩蛋填充物，适合4-12岁男女童的复活节礼物创意及户外游戏,2026-02-22T10:54:03.524+00:00,658,445,半托,美国,https://www.temu.com/search_result.html?search_key=605842531290851&search_method=user&region=211&regionCnName=%E7%BE%8E%E5%9B%BD,玩具与游戏
1776650612038,temu,605890044392429,https://img.kwcdn.com/product/fancy/e8307f06-4c5b-42a9-9fc8-28f1299844b8.jpg,弹力十足的趣味DIY手工泡泡章鱼，紫蓝双色嘟嘴章鱼，质地如黏土般细腻，触感极佳。节日派对的完美解压玩具，派对礼品、柔软触感、感官玩具、派对用品、办公室装饰、派对生日/圣诞趣味礼物、新奇玩具、创意玩具，色彩缤纷、柔软可爱，是派对礼品和课堂奖励的理想选择。适合全球节日的礼品,2026-01-25T05:38:06.512+00:00,1066,420,全托,美国,https://www.temu.com/search_result.html?search_key=605890044392429&search_method=user&region=211&regionCnName=%E7%BE%8E%E5%9B%BD,玩具与游戏
1776650612038,temu,605981312395890,https://img.kwcdn.com/product/open/c6c51140c4704d81a4db2718bc3e697b-goods.jpeg,"1pc Creative Newton'S Cradle Perpetual Motion Instrument, Decision-Making Lucky Ball Desktop Ornament, Stress Relief Ball That Can Assist in Decision-Making, Office Decompression Artifact, Home Desk Creative Gift",2026-02-06T00:35:20.631+00:00,662,323,全托,美国,https://www.temu.com/search_result.html?search_key=605981312395890&search_method=user&region=211&regionCnName=%E7%BE%8E%E5%9B%BD,玩具与游戏
1776650612038,temu,605999431835712,https://img.kwcdn.com/product/fancy/da3def63-f490-45e6-b60a-9bb27ea54064.jpg,手工树脂展示柜 - 便携娃娃盒、密室盒及收藏品储物箱 - 适用于桌面、卧室、客厅装饰 - 万圣节与圣诞佳礼，存储柜、陈列架、篮筐、家居整理神器,2026-02-02T20:49:59.604+00:00,923,315,全托,美国,https://www.temu.com/search_result.html?search_key=605999431835712&search_method=user&region=211&regionCnName=%E7%BE%8E%E5%9B%BD,玩具与游戏
1776650612038,temu,606015001043864,https://img.kwcdn.com/product/fancy/a1eb925a-aac7-473a-845b-d0a7734fcae0.jpg,Shirune 1件装 娃娃屋微缩吊灯 1:12比例 微缩场景模型吊灯 五头吊顶灯 奢华娃娃屋装饰配件,2026-02-27T00:11:04.271+00:00,1368,446,全托,美国,https://www.temu.com/search_result.html?search_key=606015001043864&search_method=user&region=211&regionCnName=%E7%BE%8E%E5%9B%BD,玩具与游戏
1776650612038,temu,606057883655058,https://img.kwcdn.com/product/fancy/a4b1df34-6d95-4399-bb31-3301c551a276.jpg,"1 Miniature Realistic Simulation Stroller for Dollhouse Decoration, Pink/Purple Lifelike Stroller with Folding Basket and Safety Belt - Ideal Birthday Gift for Doll Lovers, Dollhouse Decor, Suitable for Dollhouse DIY Scenes, Model Enthusiasts",2026-03-13T08:41:04.083+00:00,408,368,全托,美国,https://www.temu.com/search_result.html?search_key=606057883655058&search_method=user&region=211&regionCnName=%E7%BE%8E%E5%9B%BD,玩具与游戏
1776650612038,temu,606084794300148,https://img.kwcdn.com/product/fancy/63d53dff-b6ed-4898-95c7-fbae306ee5cd.jpg,"2pcs Miniature Spice Bottles | Dollhouse Creative Models - Filming Scene Props, Mixed Color, Made of Plastic",2026-02-02T13:44:25.815+00:00,1300,509,全托,美国,https://www.temu.com/search_result.html?search_key=606084794300148&search_method=user&region=211&regionCnName=%E7%BE%8E%E5%9B%BD,玩具与游戏
1776650612038,temu,606111369371018,https://img.kwcdn.com/product/fancy/4abf1f8d-9fed-4386-85ae-18c22a20cb55.jpg,20Cm/7.87In 卡通可爱 Wemmbu 毛绒玩具，带柔软表情，填充动物娃娃，适合桌面陪伴、情绪支持、房间装饰、节日礼物和儿童生日礼物，包括复活节和情人节,2026-02-09T01:29:42.188+00:00,663,381,全托,美国,https://www.temu.com/search_result.html?search_key=606111369371018&search_method=user&region=211&regionCnName=%E7%BE%8E%E5%9B%BD,玩具与游戏
1776650612038,temu,606228407284480,https://img.kwcdn.com/product/fancy/26028f65-00b1-4b40-b4bb-36ebcd400bf6.jpg,"Time: A Coloring Book for Adults And Teens Featuring Adorable And Cozy Daily Relaxation Activities (Cozy Space Coloring), with 24 Hand-Drawn Illustrations to Color, Perfect for Valentine'S Day, Ramadan, New Year, And Back-To-School Gifts!",2026-03-09T02:57:49.513+00:00,555,321,全托,美国,https://www.temu.com/search_result.html?search_key=606228407284480&search_method=user&region=211&regionCnName=%E7%BE%8E%E5%9B%BD,玩具与游戏
1776650612038,temu,606441142357756,https://img.kwcdn.com/product/fancy/017fda86-014a-41c5-bb47-008348188a89.jpg,59英寸站立式兔子夹铝膜气球，内含一只粉色兔子夹和一只蓝色兔子夹。两只兔子均手持复活节彩蛋，造型亲切可爱。用这两只气球装饰房间能营造浓郁的复活节氛围，让人更真切地感受到节日特色。适用于生日派对、儿童聚会及其他节庆场合,2026-02-07T02:39:04.232+00:00,3715,1080,全托,美国,https://www.temu.com/search_result.html?search_key=606441142357756&search_method=user&region=211&regionCnName=%E7%BE%8E%E5%9B%BD,玩具与游戏
1776650612038,temu,606459530181190,https://img.kwcdn.com/product/fancy/ccde432f-549f-41eb-ab09-558fad2726dc.jpg,12PCS婴幼儿洗澡玩具套装(6只可堆叠浮船+6只动物手偶) 宝宝沐浴戏水玩具 益智早教男女孩 亲子互动,2026-02-09T17:25:48.305+00:00,612,341,全托,美国,https://www.temu.com/search_result.html?search_key=606459530181190&search_method=user&region=211&regionCnName=%E7%BE%8E%E5%9B%BD,玩具与游戏
1776650612038,temu,605513597161705,https://img.kwcdn.com/product/fancy/4f534c1a-e396-43c6-931e-941b74431826.jpg,12/24个新款恐龙软萌玩具 可爱挤压玩具 派个礼物 教室奖励礼物 儿童生日礼物 节日礼物 - 多种颜色,2026-02-14T15:50:34.880+00:00,1554,530,全托,美国,https://www.temu.com/search_result.html?search_key=605513597161705&search_method=user&region=211&regionCnName=%E7%BE%8E%E5%9B%BD,玩具与游戏
1776650612038,temu,605520207443534,https://img.kwcdn.com/product/fancy/2d4b8469-6d15-4f51-841a-b0ce31cba0cb.jpg,"3D 打印耐用材质可变形折叠魔方—便携多面翻转拼图立方体，办公室摆件,注意力辅助神器，无聊克星,艺术工艺手持玩具，携带方便，创意新奇圣诞、新年、各种节日礼物",2026-02-24T13:14:34.186+00:00,642,380,全托,美国,https://www.temu.com/search_result.html?search_key=605520207443534&search_method=user&region=211&regionCnName=%E7%BE%8E%E5%9B%BD,玩具与游戏
1776650612038,temu,605530206636607,https://img.kwcdn.com/product/fancy/732b07b1-d0e0-4cdd-b7c3-cdd5cc56d39a.jpg,复活节59寸站立堆叠款铝膜气球 有兔子 小鸡还有蛋 在复活节这天将这个 堆叠款放置在复活节派对或者聚会中 使房间的氛围变得更好 更有复活节的气息,2026-02-02T12:37:45.327+00:00,1193,567,全托,美国,https://www.temu.com/search_result.html?search_key=605530206636607&search_method=user&region=211&regionCnName=%E7%BE%8E%E5%9B%BD,玩具与游戏
1776650612038,temu,605541682274656,https://img.kwcdn.com/product/fancy/107be024-3f10-4e28-9593-9464d8077ff4.jpg,3D立体浮雕硬币 美国独立250周年纪念币（1776-2026） - 双面收藏币，适合收藏家与历史爱好者，历史纪念礼品，250年历史纪念礼品，适用于圣诞、万圣节、情人节 礼品和展示,2026-02-12T06:40:53.444+00:00,1201,701,全托,美国,https://www.temu.com/search_result.html?search_key=605541682274656&search_method=user&region=211&regionCnName=%E7%BE%8E%E5%9B%BD,玩具与游戏
1776650612038,temu,605541950687324,https://img.kwcdn.com/product/fancy/b1e4bba5-8de9-4918-9268-0bcde2188fbd.jpg,视觉化沟通日程卡片 - 60张全场景插画识字卡 - 专为非语言沟通及ADHD儿童设计 - 每日作息规律管理图 - 语言治疗辅助教具 - 家庭与课堂视觉时间表,2026-03-20T15:04:53.684+00:00,339,300,全托,美国,https://www.temu.com/search_result.html?search_key=605541950687324&search_method=user&region=211&regionCnName=%E7%BE%8E%E5%9B%BD,玩具与游戏
1776650612038,temu,605544433737488,https://img.kwcdn.com/product/fancy/51f18ef6-c4c9-4783-80db-cd1d7060663f.jpg,可爱高地牛毛绒玩具 仿真动物填充玩偶 高地牛安抚玩具 桌面摆件 家居装饰 房间装饰 沙发装饰 节日礼物 生日礼物 亲友馈赠佳品,2026-02-08T11:45:12.412+00:00,965,433,全托,美国,https://www.temu.com/search_result.html?search_key=605544433737488&search_method=user&region=211&regionCnName=%E7%BE%8E%E5%9B%BD,玩具与游戏
1776650612038,temu,605584363487053,https://img.kwcdn.com/product/open/3109c31b5739445880bc6106a3fb2214-goods.jpeg,2件套迷你娃娃屋烛台与蜡烛套装 | 采用3D打印技术打造，实现高精度与逼真设计。用途广泛：适用于娃娃屋装饰、DIY微缩模型、摄影道具及节日派对布置。是娃娃屋收藏家与装饰爱好者的必备配件,2026-03-11T03:36:27.859+00:00,426,360,全托,美国,https://www.temu.com/search_result.html?search_key=605584363487053&search_method=user&region=211&regionCnName=%E7%BE%8E%E5%9B%BD,玩具与游戏
1776650612038,temu,605590067711092,https://img.kwcdn.com/product/fancy/829287e9-1c4e-4c2b-91a5-c5160683067d.jpg,怀旧歌词对决，包含经典HIP-HOP和R&B歌词，共100张卡牌和指南。是一款完美的音乐主题桌游，适合节日聚会。,2026-02-10T15:46:44.753+00:00,999,546,全托,美国,https://www.temu.com/search_result.html?search_key=605590067711092&search_method=user&region=211&regionCnName=%E7%BE%8E%E5%9B%BD,玩具与游戏
1776650612038,temu,605718044332916,https://img.kwcdn.com/product/open/5bb5486b4a4b4c4885ae1550a0bb6931-goods.jpeg,50件迷你耶稣雕像套装——多彩宗教小摆件，适用于家庭装饰点缀及宗教节日礼品赠送，如周日礼拜、学校洗礼、万圣节、感恩节、圣诞节、复活节等场合,2026-03-03T01:35:40.337+00:00,916,527,半托,美国,https://www.temu.com/search_result.html?search_key=605718044332916&search_method=user&region=211&regionCnName=%E7%BE%8E%E5%9B%BD,玩具与游戏
1776650612038,temu,605851523874146,https://img.kwcdn.com/product/fmket/1aee9b61fde19e8c7f841ccf7f549dfb.jpg,可折叠防滑拼图板，带缓冲边缘和颜色编码游戏垫 - 便携式可折叠拼图盘，适用于家庭、旅行、派对 - 轻便收纳，耐用拼图桌垫,2026-02-24T14:45:17.667+00:00,1099,707,全托,美国,https://www.temu.com/search_result.html?search_key=605851523874146&search_method=user&region=211&regionCnName=%E7%BE%8E%E5%9B%BD,玩具与游戏
1776650612038,temu,605875683098009,https://img.kwcdn.com/product/open/928fe02b0ed64c9b81100e65bd671182-goods.jpeg,暗区突围周边模型 Hangya 手刺 | 酷炫战术风格收藏手工模型摆件，游戏道具，男孩礼物收藏，纪念模型，混色PVC材质,2026-01-09T09:32:28.322+00:00,373,371,半托,美国,https://www.temu.com/search_result.html?search_key=605875683098009&search_method=user&region=211&regionCnName=%E7%BE%8E%E5%9B%BD,玩具与游戏
1776650612038,temu,606244177833704,https://img.kwcdn.com/product/open/e90acb8c06904557a1cc72b6c444c633-goods.jpeg,1020件扭扭棒纯色加花杆，共有20种颜色可供选择，升级机密加厚毛条，数量足够，可适用多种项目，DIY手工工艺，适用于初学者,2026-03-04T08:41:49.441+00:00,2714,528,半托,美国,https://www.temu.com/search_result.html?search_key=606244177833704&search_method=user&region=211&regionCnName=%E7%BE%8E%E5%9B%BD,玩具与游戏
1776650612038,temu,606262766979235,https://img.kwcdn.com/product/fancy/34946d68-10c0-4cf1-9b3b-92c5c501ae0a.jpg,成人和儿童涂色书，大胆而简单，简约而大胆的设计，放松身心，包含动物、风景、花卉、图案、可爱事物，情人节，斋月节，新年礼物，开学季礼物,2026-02-11T13:00:44.323+00:00,514,321,全托,美国,https://www.temu.com/search_result.html?search_key=606262766979235&search_method=user&region=211&regionCnName=%E7%BE%8E%E5%9B%BD,玩具与游戏
1776650612038,temu,606298133385207,https://img.kwcdn.com/product/fancy/9a00cec6-dc8d-44ea-9d8b-7c270872f51e.jpg,3D打印KiFlip磁吸滑板 - 哑光质感多图案创意解压小玩具（附专用滑板收纳盒）,2026-03-02T12:01:29.986+00:00,1999,1145,全托,美国,https://www.temu.com/search_result.html?search_key=606298133385207&search_method=user&region=211&regionCnName=%E7%BE%8E%E5%9B%BD,玩具与游戏
1776650612038,temu,606484360458158,https://img.kwcdn.com/product/fmket/e95f4873900a2e6255c8adb5ee9709c9.jpg,三丽鸥儿童绘画本、一步一步的绘画和绘画着色书、卡通趣味涂鸦简笔画幼儿园早教启蒙涂色画画本- 创意艺术活动，适用于教室、家庭或礼物,2026-02-02T07:51:56.889+00:00,1561,611,全托,美国,https://www.temu.com/search_result.html?search_key=606484360458158&search_method=user&region=211&regionCnName=%E7%BE%8E%E5%9B%BD,玩具与游戏
1776650612038,temu,606510465780460,https://img.kwcdn.com/product/fancy/5b143020-54c3-4f9a-b4f7-8bdb0da3a3ad.jpg,LOVFEN 高级铝合金卡牌收藏盒 - 六格分装收纳盒，适用于PSA/BGS/CSG/CCG/PCS/TCG评级卡牌，带安全锁扣设计，专为体育、篮球及动漫集换式卡牌打造，大容量存储,2026-03-07T02:33:51.346+00:00,870,703,半托,美国,https://www.temu.com/search_result.html?search_key=606510465780460&search_method=user&region=211&regionCnName=%E7%BE%8E%E5%9B%BD,玩具与游戏
1776650612038,temu,601099807227065,https://img.kwcdn.com/product/fmket/194e17513289b817b927c93a07bda665.jpg,6合1学习益智套装玩具，堆叠玩具，26件婴儿玩具，儿童感官学习玩具，布书，婴儿洗澡时间乐趣，适合6个月以上男孩女孩，生日礼物,2026-01-30T16:01:03.471+00:00,744,415,半托,美国,https://www.temu.com/search_result.html?search_key=601099807227065&search_method=user&region=211&regionCnName=%E7%BE%8E%E5%9B%BD,玩具与游戏
1776650612038,temu,601101501067272,https://img.kwcdn.com/product/fancy/e83df081-11ff-47f0-a3c1-36afd3c96456.jpg,1套公主花装和上衣设计套装，适合11.8英寸娃娃 - 聚酯纤维，生动的花卉图案，女孩的完美礼物（娃娃不包括在内），娃娃服装 | 乐观的设计 | 耐用的布料，娃娃配件,2026-03-04T02:45:10.005+00:00,1437,458,半托,美国,https://www.temu.com/search_result.html?search_key=601101501067272&search_method=user&region=211&regionCnName=%E7%BE%8E%E5%9B%BD,玩具与游戏
1776650612038,temu,601102999159298,https://img.kwcdn.com/product/open/f6edfc1258b14f64a0b945f5004db295-goods.jpeg,一套20个彩色刺球，外观类似刺猬，这些迷你感官玩具非常适合缓解压力，也是送给儿童的绝佳派对礼物、课堂奖励和大批量指尖玩具的理想选择。它们非常适合装进宝箱、Piñata填充物。,2026-02-02T01:49:20.886+00:00,1171,484,全托,美国,https://www.temu.com/search_result.html?search_key=601102999159298&search_method=user&region=211&regionCnName=%E7%BE%8E%E5%9B%BD,玩具与游戏
1776650612038,temu,601103310674918,https://img.kwcdn.com/product/fancy/5d1a9f5f-9df2-4b14-8689-46676161a0c6.jpg,18pcs 可折叠手推车，大容量田径器材运输车，全地形折叠宠物推车，重型多功能运货车，适用于购物、户外海滩、园艺、钓鱼等场景——完美的圣诞礼物,2026-03-01T06:05:56.806+00:00,544,378,半托,美国,https://www.temu.com/search_result.html?search_key=601103310674918&search_method=user&region=211&regionCnName=%E7%BE%8E%E5%9B%BD,玩具与游戏
1776650612038,temu,601103601381695,https://img.kwcdn.com/product/fancy/6cbe02a3-6cff-424a-8c51-b411cf6f2d8e.jpg,"A Box of Romantic Couple'S Card Games, Adult Fun Tabletop Conversation Cards, Ice-Breaking Interaction Tools to Deepen Relationships, Suitable for Game Date Nights, Couple'S Leisure Vacations, And Entertainment Games. A Perfect Gift for Boyfriends",2026-01-30T10:19:31.979+00:00,607,331,全托,美国,https://www.temu.com/search_result.html?search_key=601103601381695&search_method=user&region=211&regionCnName=%E7%BE%8E%E5%9B%BD,玩具与游戏
1776650612038,temu,601103832558795,https://img.kwcdn.com/product/fancy/fa483c41-1fa5-4eb3-9649-203954b2855e.jpg,[日常女巫塔罗牌] 78张烫金边卡组，采用耐用纸张制作，配以金属铁盒包装。万圣节、圣诞节或感恩节的理想礼物,2026-02-11T08:32:55.836+00:00,669,340,全托,美国,https://www.temu.com/search_result.html?search_key=601103832558795&search_method=user&region=211&regionCnName=%E7%BE%8E%E5%9B%BD,玩具与游戏
1776650612038,temu,601104438456528,https://img.kwcdn.com/product/fancy/1b7a3b3e-f3ee-424f-9a2b-5cbb87f7dd91.jpg,MINISO海贼王恶魔果实3D挂饰。采用优质PVC材质制作，细节生动精致，完美还原海贼王世界中恶魔果实的独特纹理与形态。可为包包、钥匙扣增添动漫魅力，也可作为家居装饰点缀空间（单只装）,2026-03-12T05:30:34.004+00:00,547,319,全托,美国,https://www.temu.com/search_result.html?search_key=601104438456528&search_method=user&region=211&regionCnName=%E7%BE%8E%E5%9B%BD,玩具与游戏
1776650612038,temu,601104523751281,https://img.kwcdn.com/product/fancy/395485f3-627f-4aed-a494-027bbd3893e0.jpg,可爱小黄瓜生活成人涂色书 - 趣味DIY卡通图案，带来创意乐趣点缀日常生活,2026-02-13T13:15:13.830+00:00,922,819,全托,美国,https://www.temu.com/search_result.html?search_key=601104523751281&search_method=user&region=211&regionCnName=%E7%BE%8E%E5%9B%BD,玩具与游戏
1776650612038,temu,601104756830755,https://img.kwcdn.com/product/fancy/63a109fc-c621-47ad-94cb-fea9daa839f0.jpg,"Dollhouse Miniature Vintage Nostalgic Scale Model with Weights, Classical Balance Scale, BJD Miniature Scene Prop Accessory, Pocket-sized Scene Decoration, a Collectible Gift for Hobbyists and Enthusiasts",2026-03-09T06:44:43.947+00:00,697,471,全托,美国,https://www.temu.com/search_result.html?search_key=601104756830755&search_method=user&region=211&regionCnName=%E7%BE%8E%E5%9B%BD,玩具与游戏
1776650612038,temu,601104938748361,https://img.kwcdn.com/product/fmket/6183f383f1564add9c245d734739181d.jpg,"Cute Little Gray Cat Plush Toy for Party Favors, Featuring a Small Cat with a Head And Tail, Perfect for Home Decoration And Holiday Gifts",2026-03-22T13:48:18.519+00:00,1200,505,全托,美国,https://www.temu.com/search_result.html?search_key=601104938748361&search_method=user&region=211&regionCnName=%E7%BE%8E%E5%9B%BD,玩具与游戏
1776650612038,temu,601105130983262,https://img.kwcdn.com/product/fancy/5fca6a9b-bf25-4c8f-8031-23e7109c20fc.jpg,500级逻辑游戏 | 3D益智拼图 | 空间思维国际象棋便携式计时器挑战 | 旅行居家学校桌面 - 成人青少年学生批判性问题解决者 - 教育礼品玩具 - 圣诞节万圣节礼物,2026-03-06T22:45:28.374+00:00,471,342,全托,美国,https://www.temu.com/search_result.html?search_key=601105130983262&search_method=user&region=211&regionCnName=%E7%BE%8E%E5%9B%BD,玩具与游戏
1776650612039,temu,601105568172999,https://img.kwcdn.com/product/fancy/76b265d3-c870-4389-819a-12d8a66b3e3c.jpg,7件赛车主题派个装饰，红白格子数字气球，铝制结气球，适合生日庆祝，赛车和格子旗图案，非常适合赛车爱好者，赛车主题生日装饰,2026-02-05T06:26:53.046+00:00,1333,605,全托,美国,https://www.temu.com/search_result.html?search_key=601105568172999&search_method=user&region=211&regionCnName=%E7%BE%8E%E5%9B%BD,玩具与游戏
1776650612039,temu,601105639219220,https://img.kwcdn.com/product/fancy/4c830286-d5f6-42b5-af6a-916348fae8d2.jpg,50张卡套，12色哑光/透明卡牌保护套，顶部加载式卡套，尺寸9.1x6.6厘米/3.58x2.6英寸，适用于标准MTG、PTCG、OCG、DTCG集换式卡牌、棒球卡、运动卡及其他高宽小于91毫米/66毫米的卡片,2026-01-05T07:48:14.661+00:00,1160,479,全托,美国,https://www.temu.com/search_result.html?search_key=601105639219220&search_method=user&region=211&regionCnName=%E7%BE%8E%E5%9B%BD,玩具与游戏
1776650612039,temu,601105648313440,https://img.kwcdn.com/product/fancy/1333a2a2-a7d3-48f8-a519-691a46c671fe.jpg,（四个季节都可以适用）彩色-自行车链条指尖陀螺 - 静音 CNC 加工不锈钢齿轮桌面玩具，适合成年人 | 蒸汽朋克装饰减压与专注工具（办公室适用）（机械艺术品收藏品）解压,2026-02-01T09:28:30.626+00:00,1988,884,全托,美国,https://www.temu.com/search_result.html?search_key=601105648313440&search_method=user&region=211&regionCnName=%E7%BE%8E%E5%9B%BD,玩具与游戏
1776650612039,temu,601105680957572,https://img.kwcdn.com/product/fmket/8ee4b31fcc9f7e6232afacb12844591f.jpg,可爱长条猫毛绒玩偶 柔软呆萌外观设计 适合生日，圣诞节，新年送给朋友家人完美礼物,2026-02-20T01:42:37.585+00:00,799,429,全托,美国,https://www.temu.com/search_result.html?search_key=601105680957572&search_method=user&region=211&regionCnName=%E7%BE%8E%E5%9B%BD,玩具与游戏
1776650612039,temu,602348751569975,https://img.kwcdn.com/local-goods-image/212a0caebc/e67ce9b3-6142-4aeb-95e1-1668cdaa4569_1080x1080.png,宝可梦卡牌 - 宝可梦封包1x原装密封黑闪电韩版+赠送全息卡片与卡盒！,2026-02-12T07:36:48.122+00:00,1340,532,半托,美国,https://www.temu.com/search_result.html?search_key=602348751569975&search_method=user&region=211&regionCnName=%E7%BE%8E%E5%9B%BD,玩具与游戏
1776650612039,temu,602400291187071,https://img.kwcdn.com/local-goods-image/212a0c6ef8/d0dfe211-5700-48bf-b805-59c5853126c4_1024x1024.png,宝可梦神秘保护盒 | 超稀有或双稀有卡牌展示盒 | EX、V、VMAX、VStar | 适合所有年龄段儿童与收藏家的完美礼物,2026-02-12T09:31:02.582+00:00,1367,574,半托,美国,https://www.temu.com/search_result.html?search_key=602400291187071&search_method=user&region=211&regionCnName=%E7%BE%8E%E5%9B%BD,玩具与游戏
1776650612039,temu,602648325521851,https://img.kwcdn.com/local-goods-image/211a2a4b39c/4ab888cc-c27e-4072-ab81-88d434ad4d69_800x800.jpeg.format.jpg,双倍宝可梦箔纸包——内含80张随机箔卡。您的卡牌可能与图片中所示有所不同,2026-01-30T13:31:25.362+00:00,1269,579,半托,美国,https://www.temu.com/search_result.html?search_key=602648325521851&search_method=user&region=211&regionCnName=%E7%BE%8E%E5%9B%BD,玩具与游戏
1776650612039,temu,602724561171661,https://img.kwcdn.com/local-goods-image/212a0c18d8/f8d286ee-c10b-4664-99db-e54164599bba_1500x1500.jpeg.format.jpg,任天堂超级马里奥与路易吉2毛绒玩偶套装 8.5英寸,2026-02-07T07:34:54.362+00:00,621,313,半托,美国,https://www.temu.com/search_result.html?search_key=602724561171661&search_method=user&region=211&regionCnName=%E7%BE%8E%E5%9B%BD,玩具与游戏
1776650612039,temu,602870053181181,https://img.kwcdn.com/local-goods-image/212a0c628c/4f0bc8ab-ebb6-4ae2-9974-e22ac5867b76_919x919.jpeg.format.jpg,2025年 Panini Prizm Draft Picks 足球 Blaster 盒 – 绿色脉冲 & 紫色波浪平行版,2026-03-02T14:04:06.959+00:00,417,308,半托,美国,https://www.temu.com/search_result.html?search_key=602870053181181&search_method=user&region=211&regionCnName=%E7%BE%8E%E5%9B%BD,玩具与游戏
1776650612039,temu,603280222601872,https://img.kwcdn.com/local-goods-image/211a2a41644/e9042ff9-97de-4205-b92b-81f09c1266c2_1152x1152.png.format.jpg,2020 NFL SCORE Football Fat Pack (40 Cards),2026-03-10T12:47:46.358+00:00,930,854,半托,美国,https://www.temu.com/search_result.html?search_key=603280222601872&search_method=user&region=211&regionCnName=%E7%BE%8E%E5%9B%BD,玩具与游戏
1776650612039,temu,605535306922549,https://img.kwcdn.com/product/open/1c72ffcb170241f0a236032f6f9345fd-goods.jpeg,"适用于1000/ 1500片拼图-带6格抽屉的拼图板, 六合一拼图桌, 内置6个抽屉, 一块整合的毛毡拼图板, 设计便携可折叠, 适合家庭多功能使用, 成人及爱好者便携拼图收纳系统",2026-02-03T06:19:45.727+00:00,1691,621,全托,美国,https://www.temu.com/search_result.html?search_key=605535306922549&search_method=user&region=211&regionCnName=%E7%BE%8E%E5%9B%BD,玩具与游戏
1776650612039,temu,605541682258530,https://img.kwcdn.com/product/fancy/14757f2c-593c-4c36-9651-83a6384c76f7.jpg,复活节恐龙蛋 霸王龙恐龙蛋DIY拼装 扭蛋积木玩具 手指恐龙玩具 课堂小礼物 复活节玩具,2026-02-23T12:33:20.675+00:00,1485,838,全托,美国,https://www.temu.com/search_result.html?search_key=605541682258530&search_method=user&region=211&regionCnName=%E7%BE%8E%E5%9B%BD,玩具与游戏
1776650612039,temu,605543829757594,https://img.kwcdn.com/product/fancy/6b14c1cd-aa61-45a7-808e-49413fefa79d.jpg,7/14/28/40个装恐龙手指弹射玩具，儿童派对小礼物，粘性恐龙飞弹射玩具，适合男孩女孩生日礼包、复活节篮子填充物、情人节圣诞礼物，万圣节/感恩节/圣诞节/复活节赠礼,2026-03-03T01:13:26.209+00:00,1142,402,全托,美国,https://www.temu.com/search_result.html?search_key=605543829757594&search_method=user&region=211&regionCnName=%E7%BE%8E%E5%9B%BD,玩具与游戏
1776650612039,temu,605550339264720,https://img.kwcdn.com/product/fancy/f51ffd6b-02fb-46f0-acd4-b8f320dd1ca0.jpg,10支装星星造型迷你泡泡棒，无需液体，儿童派对小礼物，课堂宝藏盒玩具，课堂奖品，复活节篮子填充物，男女童通用玩具，儿童礼品袋填充物，儿童生日礼物，皮纳塔填充物派对小礼品，派对小礼品，户外玩具，批量礼品，男童玩具，女童玩具，圣诞礼物，万圣节、复活节、嘉年华、感恩节理想赠礼（随机款式）,2026-02-10T07:34:38.862+00:00,2447,663,全托,美国,https://www.temu.com/search_result.html?search_key=605550339264720&search_method=user&region=211&regionCnName=%E7%BE%8E%E5%9B%BD,玩具与游戏
1776650612039,temu,605576310406945,https://img.kwcdn.com/product/fancy/48977b0e-7572-4e99-a4af-5f6f4ef7a91b.jpg,1+1套装 2026年限定版掌上游戏机与手表礼盒套装 适合男孩，3.0英寸大屏便携游戏系统无卡顿，送给游戏爱好者的圣诞礼物（手表颜色随机）,2026-02-28T08:57:47.860+00:00,602,435,半托,美国,https://www.temu.com/search_result.html?search_key=605576310406945&search_method=user&region=211&regionCnName=%E7%BE%8E%E5%9B%BD,玩具与游戏
1776650612039,temu,605590873079191,https://img.kwcdn.com/product/open/e69cce38de9642c29a72eb7683d6dd8c-goods.jpeg,成人定制拼图，个性化您的照片、情侣照、艺术画、风景图、宠物肖像 定格美好瞬间 ——高品质纸质材料，完美礼物创意，圣诞节礼物，无框设计,2026-03-03T08:51:23.566+00:00,1397,642,全托,美国,https://www.temu.com/search_result.html?search_key=605590873079191&search_method=user&region=211&regionCnName=%E7%BE%8E%E5%9B%BD,玩具与游戏
1776650612039,temu,605591409920535,https://img.kwcdn.com/product/fancy/565443b3-e45b-4569-af58-7e63d7b08787.jpg,3本装可重复使用果冻贴纸书 | 创意多主题卡通贴纸玩具，便携式安静忙碌贴贴书，儿童果冻贴纸玩具礼物，纸质材料，混合颜色，静电吸附安装,2026-02-11T05:13:15.836+00:00,1930,866,全托,美国,https://www.temu.com/search_result.html?search_key=605591409920535&search_method=user&region=211&regionCnName=%E7%BE%8E%E5%9B%BD,玩具与游戏
1776650612039,temu,605593020548764,https://img.kwcdn.com/product/open/87ee0dbd96e44e3c8364ed27a0cfdcdf-goods.jpeg,儿童软弹发射器，幽默互动玩具，让父母和孩子一起享受软弹射击乐趣,2026-02-09T10:36:13.254+00:00,798,534,全托,美国,https://www.temu.com/search_result.html?search_key=605593020548764&search_method=user&region=211&regionCnName=%E7%BE%8E%E5%9B%BD,玩具与游戏
1776650612039,temu,605626440714775,https://img.kwcdn.com/product/fancy/057f8172-0ee2-442f-abe7-a3b00ed1afa6.jpg,500pcs/1000pcs拼图大型拼图礼品家庭互动、拼图DIY家居装饰、为生日，万圣节，感恩节，复活节而设计的优质家庭趣味拼图，送礼，深得拼图爱好喜爱,2026-01-27T18:55:02.562+00:00,1756,530,全托,美国,https://www.temu.com/search_result.html?search_key=605626440714775&search_method=user&region=211&regionCnName=%E7%BE%8E%E5%9B%BD,玩具与游戏
1776650612039,temu,605628655356190,https://img.kwcdn.com/product/fancy/775ccfbc-e66d-4c43-b334-00be6688a732.jpg,"Personalized Poker Cards for Weddings - Custom Photo Film Gifts for Celebrations, Game Nights, And Special Occasions - A Unique Keepsake for Loved Ones with Fun Designs And High-Quality Paper",2026-02-27T11:48:22.172+00:00,1300,759,全托,美国,https://www.temu.com/search_result.html?search_key=605628655356190&search_method=user&region=211&regionCnName=%E7%BE%8E%E5%9B%BD,玩具与游戏
1776650612039,temu,605643217939959,https://img.kwcdn.com/product/open/a67674d062fb4d04a54879c30083c3a5-goods.jpeg,成年人及家庭的经典策略 - 将相同颜色的 4 个圆片连成一行 | 由木制部件组成的教育性拼图板，非常适合家庭野餐、露营、旅行和聚会活动,2026-02-02T14:11:15.852+00:00,569,383,全托,美国,https://www.temu.com/search_result.html?search_key=605643217939959&search_method=user&region=211&regionCnName=%E7%BE%8E%E5%9B%BD,游戏及配件
1776650612039,temu,605648855120119,https://img.kwcdn.com/product/open/7364016b75e74833b3d1677fb3f55279-goods.jpeg,"1 Pick Priebuqi Card - ""Word Guessing Game"", ""Vocabulary Spelling Challenge Board Game"", ""Word Guessing Game"", ""Portable Book Design Board Game for Adults""",2026-03-04T10:36:42.520+00:00,746,539,半托,美国,https://www.temu.com/search_result.html?search_key=605648855120119&search_method=user&region=211&regionCnName=%E7%BE%8E%E5%9B%BD,玩具与游戏
1776650612039,temu,605664961202073,https://img.kwcdn.com/product/fancy/ef50f950-57dc-46b4-9bc0-8ea7b565a67d.jpg,7层立体停车场轨道套装，高21.65inch（含2辆赛车、弯道漂移道与直升机停机坪），DIY组装益智玩具，促进亲子互动与手眼协调，适合作为男孩女孩的生日圣诞礼物,2026-02-05T02:53:29.927+00:00,1218,527,全托,美国,https://www.temu.com/search_result.html?search_key=605664961202073&search_method=user&region=211&regionCnName=%E7%BE%8E%E5%9B%BD,玩具与游戏
1776650612039,temu,605668182486534,https://img.kwcdn.com/product/fancy/a5fc7aad-71eb-44a8-86e2-181caad06a0f.jpg,"Wall-climbing Gecko - Wall-climbing Remote Control Toy, Rechargeable Lizard Toy, RC Remote Control Robot, Equipped with LED Eyes, Dual-mode Floor And Wall Drive, Suitable As A Birthday Gift for Boys And Girls Aged 3 And Above, Halloween/Christmas",2026-01-27T01:25:35.794+00:00,1700,602,半托,美国,https://www.temu.com/search_result.html?search_key=605668182486534&search_method=user&region=211&regionCnName=%E7%BE%8E%E5%9B%BD,玩具与游戏
1776650612039,temu,605692341642594,https://img.kwcdn.com/product/fancy/877d9f2a-86f6-4a57-a194-21c541bc68e7.jpg,软弹枪升级版玩具套装（含120发子弹+12个弹夹+2个弹匣），泡沫手枪适用于户外运动射击游戏——炫酷连发玩具枪教育模型，用于户外射击游戏、万圣节及作为男女童生日礼物（黑色）,2026-02-05T02:42:58.946+00:00,1425,735,全托,美国,https://www.temu.com/search_result.html?search_key=605692341642594&search_method=user&region=211&regionCnName=%E7%BE%8E%E5%9B%BD,玩具与游戏
1776650612039,temu,605693348258096,https://img.kwcdn.com/product/open/9ceabdc23ebd4fc0b64e5fe111037543-goods.jpeg,新款魔方流动图案压模玩具，感官玩具，旋转抓握魔方，适合儿童，触感柔软，手部锻炼，耐用TPR材质，3种尺寸可选（小号、中号、大号），舒缓安抚玩具，柔软质地,2026-03-06T18:31:37.896+00:00,1485,695,全托,美国,https://www.temu.com/search_result.html?search_key=605693348258096&search_method=user&region=211&regionCnName=%E7%BE%8E%E5%9B%BD,玩具与游戏
1776650612039,temu,605711534803183,https://img.kwcdn.com/product/fancy/2dae596e-5fc3-4831-8c22-94480fa4345c.jpg,[已授权，保留标题]三丽鸥系列库洛米美乐蒂主题方形大容量存钱罐，可爱造型硬币收纳盒，适合年轻人的理想礼物和桌面装饰品,2026-01-31T04:27:50.694+00:00,3641,937,全托,美国,https://www.temu.com/search_result.html?search_key=605711534803183&search_method=user&region=211&regionCnName=%E7%BE%8E%E5%9B%BD,玩具与游戏
1776650612039,temu,605712541428211,https://img.kwcdn.com/product/open/81d9c5453ca04ae9b7a3db6c06e1a5a1-goods.jpeg,"复制币12枚美国250周年纪念币，精美礼品收藏纪念币, 历史纪念品展示, 收藏家礼物, 美国纪念币, 收藏级复制币, 黄色纪念币, 经典硬币设计, 高级复制币, 精细硬币复制品, 历史爱好者礼物, 使用场景/场合",2026-03-19T17:32:42.532+00:00,464,449,半托,美国,https://www.temu.com/search_result.html?search_key=605712541428211&search_method=user&region=211&regionCnName=%E7%BE%8E%E5%9B%BD,玩具与游戏
1776650612039,temu,605719923367744,https://img.kwcdn.com/product/fancy/dc9c41d7-93dd-44cb-baec-b66ecaa955eb.jpg,幼儿互动忙碌书《我的身体，我的器官》，教育感官活动闪卡，认知技能开发，学前学习玩具，学校用品，旅行玩具，儿童返校礼物，万圣节礼物，圣诞礼物,2026-02-19T02:00:40.901+00:00,1175,790,全托,美国,https://www.temu.com/search_result.html?search_key=605719923367744&search_method=user&region=211&regionCnName=%E7%BE%8E%E5%9B%BD,玩具与游戏
1776650612039,temu,605733345136066,https://img.kwcdn.com/product/open/da36f78c672240f8ad3c6b724df6410e-goods.jpeg,"1pc Taba Squishy Cat Paw Squeeze Toys, Cute Cat Paw Squishy Toys for Relax, Soft Jelly Kitty Squeeze Fidget Toys, Black Sensory Fidget Decompression Toy for Kids, Desk Accessary Office Leisure, Cat & Dog Toys",2026-03-05T12:03:55.430+00:00,455,336,全托,美国,https://www.temu.com/search_result.html?search_key=605733345136066&search_method=user&region=211&regionCnName=%E7%BE%8E%E5%9B%BD,玩具与游戏
1776650612039,temu,605741868005775,https://img.kwcdn.com/product/open/147532195f2c448ea30b9f68f8b36c14-goods.jpeg,"1pc Taba Squishy, 这款新颖时尚的纹理挤压草球玩具是一款慢回弹麦芽糖凝胶玩具（Fidget）（新颖产品）。它的设计很有创意，是返校的好礼物。它也非常适合圣诞节，万圣节，感恩节和新年。这是一个又酷又实惠的新年玩具",2026-01-23T13:11:39.699+00:00,2367,930,全托,美国,https://www.temu.com/search_result.html?search_key=605741868005775&search_method=user&region=211&regionCnName=%E7%BE%8E%E5%9B%BD,玩具与游戏
1776650612039,temu,605744149715326,https://img.kwcdn.com/product/open/f7ff234dfd384f3dbc7f9e4b03901272-goods.jpeg,50张复古电影院贴纸，采用Y2K时期卡通设计，幽默时尚，美观。这些乙烯基贴纸非常适合装饰自行车、轮滑鞋、水瓶、头盔。,2026-02-24T05:05:18.806+00:00,1415,707,全托,美国,https://www.temu.com/search_result.html?search_key=605744149715326&search_method=user&region=211&regionCnName=%E7%BE%8E%E5%9B%BD,玩具与游戏
1776650612039,temu,605746028716056,https://img.kwcdn.com/product/fancy/64fc6078-a207-495a-a056-2386d7a01703.jpg,3D打印九尾狐，多关节可动，幻想远古生物，幻想生物爱好者必备收藏，桌面摆件模型，适合当作各种节日礼物,2026-02-04T06:32:48.421+00:00,1046,344,全托,美国,https://www.temu.com/search_result.html?search_key=605746028716056&search_method=user&region=211&regionCnName=%E7%BE%8E%E5%9B%BD,玩具与游戏
1776650612039,temu,605753209410670,https://img.kwcdn.com/product/fancy/4c66a9ed-b755-4d7b-9422-919d80d66a62.jpg,复制硬币---科幻恐怖纪念币，异形电影纪念币，太空恐怖美学外星人纪念币，电影爱好者的礼物，科幻迷喜欢的收藏硬币/挑战币，幸运币,2026-02-10T09:12:56.262+00:00,1644,805,全托,美国,https://www.temu.com/search_result.html?search_key=605753209410670&search_method=user&region=211&regionCnName=%E7%BE%8E%E5%9B%BD,玩具与游戏
1776650612039,temu,605770187904491,https://img.kwcdn.com/product/fancy/7f4d1d41-3e7b-4a63-b86f-e559266848de.jpg,"4件套STEM 儿童建筑玩具车套件，沙箱挖掘机 建筑卡车 自卸起重机 水泥搅拌车, 鼓励动手学习和富有想像的游戏 - 万圣节、圣诞节和青少年节的完美礼物",2026-02-27T20:54:55.630+00:00,1134,969,半托,美国,https://www.temu.com/search_result.html?search_key=605770187904491&search_method=user&region=211&regionCnName=%E7%BE%8E%E5%9B%BD,玩具与游戏
1776650612039,temu,605773946026603,https://img.kwcdn.com/product/fancy/2b30bccb-9414-46f1-a107-ef73409362f9.jpg,"9pcs - 4 Cat Beds + 5 Pet Cat Dollhouse Miniature Landscape Creative Resin Kitten Bed Set, Creative Miniature Scene Ornament DIY Dollhouse Cute Miniature Car Desktop Decoration, Miniature Scene Photography Prop Accessories",2026-02-23T09:44:28.477+00:00,997,699,全托,美国,https://www.temu.com/search_result.html?search_key=605773946026603&search_method=user&region=211&regionCnName=%E7%BE%8E%E5%9B%BD,玩具与游戏
1776650612039,temu,605775825097122,https://img.kwcdn.com/product/fancy/c5141777-65b5-4b50-a5af-0f51edca4aec.jpg,"16pcs Snowflake Bubble Wands, No Liquid, Holiday Wedding Party Supplies, Bubbles for Kids Pabble Wands, No Liquid, Holiday Wedding Party Supplies, Bubbles for Kids Party Favors, Kids Birthday Gifts, Treasure Box Toys for Classroom, Easter Basket",2026-02-07T04:03:49.755+00:00,1000,486,全托,美国,https://www.temu.com/search_result.html?search_key=605775825097122&search_method=user&region=211&regionCnName=%E7%BE%8E%E5%9B%BD,玩具与游戏
1776650612039,temu,605778442317402,https://img.kwcdn.com/product/fancy/663c9bd8-f5b4-4773-9575-85dff091b755.jpg,130PCS-磁性积木套装带磁性底座 - 适合3-6岁儿童的STEM学习玩具，带互锁砖块的磁性建筑套装，大块和小块积木，稳定的磁性底座，积木套装,2026-02-14T06:40:27.404+00:00,766,414,半托,美国,https://www.temu.com/search_result.html?search_key=605778442317402&search_method=user&region=211&regionCnName=%E7%BE%8E%E5%9B%BD,玩具与游戏
1776650615064,temu,605780052948595,https://img.kwcdn.com/product/fancy/eec21098-7fc1-4d20-8233-6507d04a04dd.jpg,小号 Simple Dimple Fidget 指尖奶酪滑块 旋转自由翻转新奇陀螺参,2026-02-12T07:26:34.941+00:00,1530,1156,全托,美国,https://www.temu.com/search_result.html?search_key=605780052948595&search_method=user&region=211&regionCnName=%E7%BE%8E%E5%9B%BD,玩具与游戏
1776650615064,temu,605791327204201,https://img.kwcdn.com/product/fancy/d4d08910-ad56-480b-8619-480388a66d51.jpg,50张哈利波特复古水彩艺术贴纸 不重复手绘Q版人物系列 潮牌行李箱滑板电脑装饰 独特设计粉丝收藏,2026-03-05T04:47:34.719+00:00,1501,644,全托,美国,https://www.temu.com/search_result.html?search_key=605791327204201&search_method=user&region=211&regionCnName=%E7%BE%8E%E5%9B%BD,玩具与游戏
1776650615064,temu,605804010769105,https://img.kwcdn.com/product/fancy/34223d03-776b-4cb1-a5b3-39c8addb8a0d.jpg,“你了解我有多好？”西班牙语家庭聚会桌游 - 50张迷你卡片游戏，晚餐后娱乐、破冰、团队游戏之夜必备，适合家庭、情侣、朋友和派对，游戏之夜,2026-02-08T09:01:23.849+00:00,712,311,全托,美国,https://www.temu.com/search_result.html?search_key=605804010769105&search_method=user&region=211&regionCnName=%E7%BE%8E%E5%9B%BD,玩具与游戏
1776650615064,temu,605817969426858,https://img.kwcdn.com/product/fancy/90b6ad65-b354-4927-9c16-1352f3fdfdfb.jpg,户外娱乐棋盘游戏 扭动室内玩具 扭动身体 适合儿童成人运动互动 家庭朋友聚会玩具 万圣节/感恩节/圣诞礼物 游戏礼物,2026-02-28T07:08:35.021+00:00,1398,490,全托,美国,https://www.temu.com/search_result.html?search_key=605817969426858&search_method=user&region=211&regionCnName=%E7%BE%8E%E5%9B%BD,玩具与游戏
1776650615064,temu,605818237851613,https://img.kwcdn.com/product/fancy/fd30910c-6139-420f-9501-1167525241d5.jpg,益智形状对对蛋，对对碰形状，色彩缤纷的塑料数字与形状分类游戏，适合幼儿园活动使用 | 早期学习玩具 | 是生日礼物或复活节的理想选择,2026-01-21T01:13:43.538+00:00,844,660,全托,美国,https://www.temu.com/search_result.html?search_key=605818237851613&search_method=user&region=211&regionCnName=%E7%BE%8E%E5%9B%BD,玩具与游戏
1776650615064,temu,605839444288225,https://img.kwcdn.com/product/open/4df243a640bc43c6809727c57dcc8f21-goods.jpeg,PANINI NBA TOP CLASS 经典集换式卡牌系列，每包包含 6 张卡片，提供机会寻找 NBA 明星签名卡，卡牌设计精美，是 NBA 粉丝的必备之选，也是收藏家的完美礼物,2026-03-05T13:59:36.653+00:00,603,353,全托,美国,https://www.temu.com/search_result.html?search_key=605839444288225&search_method=user&region=211&regionCnName=%E7%BE%8E%E5%9B%BD,玩具与游戏
1776650615064,temu,605842397096230,https://img.kwcdn.com/product/fancy/60e304c8-ad10-41d7-9241-170c8bdbbb38.jpg,儿童六边形拼图玩具 - 木质益智玩具，带可扩展框架，高饱和度色块，适合作为毕业、万圣节、圣诞节、新年礼物，亲子互动学习游戏，拼图玩具,2026-02-25T19:30:56.168+00:00,555,300,全托,美国,https://www.temu.com/search_result.html?search_key=605842397096230&search_method=user&region=211&regionCnName=%E7%BE%8E%E5%9B%BD,玩具与游戏
1776650615064,temu,605856624148179,https://img.kwcdn.com/product/fancy/bb5ed8df-c193-43fa-898d-22bbb9c806c8.jpg,圣诞/万圣节/沙滩玩具/模型玩具套装/10件套/儿童仿真大号螺丝拆装收纳工具玩具/男女通用过家家套装/节日礼物/派对游戏道具/提升互动性/锻炼手眼脚协调能力/颜色款式随机,2026-01-29T01:13:27.047+00:00,4526,2391,全托,美国,https://www.temu.com/search_result.html?search_key=605856624148179&search_method=user&region=211&regionCnName=%E7%BE%8E%E5%9B%BD,玩具与游戏
1776650615064,temu,605873938215126,https://img.kwcdn.com/product/fancy/e72fffd7-8588-49ec-a0de-3ee904fc8814.jpg,8/16件装复活节弹跳泡泡玩具 复活节篮子填充物 派对礼品 派对用品 圣诞袜填充物 儿童礼物 适合男孩女孩幼儿 适用于教室百宝箱奖品 多种款式混装,2026-02-14T13:38:10.896+00:00,910,606,全托,美国,https://www.temu.com/search_result.html?search_key=605873938215126&search_method=user&region=211&regionCnName=%E7%BE%8E%E5%9B%BD,玩具与游戏
1776650615064,temu,605898231647721,https://img.kwcdn.com/product/open/67a8b0b2f6e04652be33721efa5736f6-goods.jpeg,1PC返校季酷炫礼物毛绒玩偶，动物造型毛绒玩具，有大象/蚂蚁/兔子三种不同款式可选择的毛绒公仔，Toys for Boys and Girls，Cooltoys favors for kids,2026-02-06T09:58:25.733+00:00,834,400,全托,美国,https://www.temu.com/search_result.html?search_key=605898231647721&search_method=user&region=211&regionCnName=%E7%BE%8E%E5%9B%BD,玩具与游戏
1776650615064,temu,605899506731288,https://img.kwcdn.com/product/open/a9d687b8fd0e4717a549beb9b2198dc0-goods.jpeg,塔巴透明或半透明粉色笑脸球挤压玩具 - 慢回弹，挤压玩具/塔巴挤压玩具，柔软塔巴指尖玩具，理想的复活节/感恩节/小型家庭聚会玩具，理想的派对礼物，办公室和课堂奖励的完美玩具,2026-03-02T12:35:32.046+00:00,583,394,全托,美国,https://www.temu.com/search_result.html?search_key=605899506731288&search_method=user&region=211&regionCnName=%E7%BE%8E%E5%9B%BD,玩具与游戏
1776650615064,temu,605912391596574,https://img.kwcdn.com/product/fancy/65c8ca28-7dc7-4377-8651-47c54b3b59b0.jpg,动物人偶磁性积木套装 - 适合3+岁STEM启蒙益智玩具，创意家居装饰摆件，理想的复活节/圣诞节/斋月节礼物,2026-03-13T07:08:38.947+00:00,1168,950,全托,美国,https://www.temu.com/search_result.html?search_key=605912391596574&search_method=user&region=211&regionCnName=%E7%BE%8E%E5%9B%BD,玩具与游戏
1776650615064,temu,605914740415866,https://img.kwcdn.com/product/fancy/6760f9e2-213e-445c-af96-742b58be3d9c.jpg,24只装预填充动物造型彩蛋玩具，适用于复活节寻蛋游戏、复活节篮填充物、复活节派对礼品及课堂奖励用品随机发货,2026-03-01T02:19:35.208+00:00,1797,773,全托,美国,https://www.temu.com/search_result.html?search_key=605914740415866&search_method=user&region=211&regionCnName=%E7%BE%8E%E5%9B%BD,玩具与游戏
1776650615064,temu,605921317113091,https://img.kwcdn.com/product/fancy/b2fcd362-fa98-4348-9c41-af44fd2145cb.jpg,"12/24pcs Easter Stickers | Easter Basket Stuffers, Easter Egg Decorating, Bunny Stickers, Easter Activities, Party Favors, Games, Crafts, Gifts Bags | Paper, Cartoon Pattern, Mixed Color, Self-adhesive, Single Use",2026-01-27T22:55:08.664+00:00,2100,330,全托,美国,https://www.temu.com/search_result.html?search_key=605921317113091&search_method=user&region=211&regionCnName=%E7%BE%8E%E5%9B%BD,玩具与游戏
1776650615064,temu,605932322928285,https://img.kwcdn.com/product/fancy/f3aaac4f-5acc-42bc-942a-ff7beecd61ae.jpg,2026新款无人机，全新配备2块电池，高清2.4英寸屏幕遥控器，高清摄像头和无刷电机，折叠臂，续航时间高达45分钟，具有避障功能，操作简单,2026-01-29T10:14:15.078+00:00,1497,567,半托,美国,https://www.temu.com/search_result.html?search_key=605932322928285&search_method=user&region=211&regionCnName=%E7%BE%8E%E5%9B%BD,玩具与游戏
1776650615064,temu,605934671760104,https://img.kwcdn.com/product/fancy/e8e9a4d6-1024-4533-b742-77ca62974db7.jpg,1:12比例迷你四扇折叠式竹制屏风 - 古风障子格子屏，适用于娃娃屋微缩模型、迷你书房/茶室隔断家具及配件,2026-03-17T08:16:28.184+00:00,995,444,半托,美国,https://www.temu.com/search_result.html?search_key=605934671760104&search_method=user&region=211&regionCnName=%E7%BE%8E%E5%9B%BD,玩具与游戏
1776650615064,temu,605957555879922,https://img.kwcdn.com/product/fancy/6967438f-1f7d-4072-b807-5c73fb037d2c.jpg,专为1000/1500片拼图设计 - 带6个抽屉的拼图板，6合1拼图桌，集成6个抽屉，内置毛毡拼图板，便携可折叠设计，适合在家中多种用途,2026-01-30T12:51:10.874+00:00,620,448,全托,美国,https://www.temu.com/search_result.html?search_key=605957555879922&search_method=user&region=211&regionCnName=%E7%BE%8E%E5%9B%BD,玩具与游戏
1776650615064,temu,605966078684464,https://img.kwcdn.com/product/fancy/3b446887-02e6-43a7-8755-23b772e53baa.jpg,帕尼尼 2026 国际足联 365 Adrenalyn XL 卡 | 球迷礼物 纸牌游戏 足球 送给家人/朋友/足球爱好者理想礼物,2026-03-05T21:57:28.292+00:00,563,335,全托,美国,https://www.temu.com/search_result.html?search_key=605966078684464&search_method=user&region=211&regionCnName=%E7%BE%8E%E5%9B%BD,玩具与游戏
1776650615064,temu,605968293286932,https://img.kwcdn.com/product/fancy/43696427-7982-4826-85fa-e1fcdb465b84.jpg,益智画板涂鸦玩具，儿童学习素描板，学习练习字母 画画教具 彩色可擦写涂鸦平板 可重复使用，适合男孩和女孩的复活节派对礼物（配件颜色随机）,2026-03-02T02:44:16.214+00:00,1382,682,全托,美国,https://www.temu.com/search_result.html?search_key=605968293286932&search_method=user&region=211&regionCnName=%E7%BE%8E%E5%9B%BD,玩具与游戏
1776650615064,temu,605973125167871,https://img.kwcdn.com/product/fancy/3dee97f1-c0ff-49c9-9f6d-d19db17211ce.jpg,KemiTo高级透明卡套，适用于社保卡、医保卡及信用卡——采用耐用PVC材质，安全存储，情人节与开学季礼品优选,2026-01-27T21:37:32.535+00:00,901,334,半托,美国,https://www.temu.com/search_result.html?search_key=605973125167871&search_method=user&region=211&regionCnName=%E7%BE%8E%E5%9B%BD,玩具与游戏
1776650615064,temu,605994331528741,https://img.kwcdn.com/product/open/5b33311681864cd582b0d97785859ea4-goods.jpeg,和风CL蜜蜂吸盘玩具套装 - 多色可叠加吸盘堆叠游戏，含蜜蜂角色，亲子互动益智开发礼物，适合男孩女孩 - 浴缸、车载、旅行玩具,2026-02-03T13:56:46.353+00:00,702,369,全托,美国,https://www.temu.com/search_result.html?search_key=605994331528741&search_method=user&region=211&regionCnName=%E7%BE%8E%E5%9B%BD,玩具与游戏
1776650615064,temu,606014397072236,https://img.kwcdn.com/product/open/7777fa51050445ee9958beef15d30a2c-goods.jpeg,1个大型猫爪挤压玩具，超柔软猫爪软萌玩具，挤压猫爪指尖玩具，缓解焦虑放松，萌趣粘性软糖，儿童完美礼物，复活节篮子填充物，斋月生日礼物，办公室休闲，桌面配件,2026-03-17T08:01:33.413+00:00,553,456,全托,美国,https://www.temu.com/search_result.html?search_key=606014397072236&search_method=user&region=211&regionCnName=%E7%BE%8E%E5%9B%BD,玩具与游戏
1776650615064,temu,606032113852568,https://img.kwcdn.com/product/fancy/5086fb08-5329-4087-98cf-d141ba7538a2.jpg,全新E88 PRO MAX无人机，配备遥控器，内置4K双摄像头，两块电池，电机和避障功能，一小时安全返航，LED灯，折叠四轴飞行器，无人机，配备维护工具和备用螺旋桨,2026-03-12T01:42:14.229+00:00,691,601,半托,美国,https://www.temu.com/search_result.html?search_key=606032113852568&search_method=user&region=211&regionCnName=%E7%BE%8E%E5%9B%BD,玩具与游戏
1776650615064,temu,606033791565273,https://img.kwcdn.com/product/fancy/0102fe7d-1d66-497f-b0b9-8a333d957a23.jpg,金属手柄RGB发光光剑 卢克光剑 激光剑 16色变换LED 可切换声光玩具 适用于礼物、万圣节礼物、圣诞礼物,2026-01-26T16:42:09.491+00:00,1189,530,半托,美国,https://www.temu.com/search_result.html?search_key=606033791565273&search_method=user&region=211&regionCnName=%E7%BE%8E%E5%9B%BD,玩具与游戏
1776650615064,temu,606036945660224,https://img.kwcdn.com/product/open/e205b6f038554f57b86527cc2f99c98f-goods.jpeg,决策幸运币-双面是/否，古董银灰色，装饰花卉设计，可收藏纪念品徽章，完美礼物,2026-03-14T09:11:57.963+00:00,844,646,全托,美国,https://www.temu.com/search_result.html?search_key=606036945660224&search_method=user&region=211&regionCnName=%E7%BE%8E%E5%9B%BD,玩具与游戏
1776650615064,temu,606055266414712,https://img.kwcdn.com/product/fancy/c4abe451-a4c9-499f-87c3-e0a4c4386f98.jpg,"33pcs Large Group Easter Bingo Game with Bunny & Egg Cards - Paper Bingo Party Suitable for Adults,, Spring Parties, Easter Egg Hunt, Activities - Spring Party Favors, Bingo Cards for Group Games, Easter Bunny Egg Hunt Gifts",2026-03-02T20:47:46.322+00:00,753,543,全托,美国,https://www.temu.com/search_result.html?search_key=606055266414712&search_method=user&region=211&regionCnName=%E7%BE%8E%E5%9B%BD,玩具与游戏
1776650615064,temu,606082109950156,https://img.kwcdn.com/product/fancy/09015d56-3fe2-4c12-84b2-2f230df627bd.jpg,"中世纪骑士战甲主题扑克牌 ,不同骑士铠甲 / 徽章 / 战马插画 双面压纹工艺加厚卡牌 耐磨耐折纸牌 收藏把玩桌游，送礼，珍藏专属牌",2026-02-02T20:06:01.315+00:00,623,335,全托,美国,https://www.temu.com/search_result.html?search_key=606082109950156&search_method=user&region=211&regionCnName=%E7%BE%8E%E5%9B%BD,玩具与游戏
1776650615064,temu,606085599560179,https://img.kwcdn.com/product/fancy/d917a5c4-d955-4c97-b2de-104a042c17e5.jpg,"1pc Christmas Gift Exchange Dice (0. 62 Inch), Stainless Steel Dice - Ideal for 2026 Christmas Party Games, Perfect for Group Gift Swapping. This 6-sided Stainless Steel Dice Features Festive Holiday Designs, Requires No Power Supply, and Is Great",2026-01-19T08:42:51.974+00:00,3200,1074,半托,美国,https://www.temu.com/search_result.html?search_key=606085599560179&search_method=user&region=211&regionCnName=%E7%BE%8E%E5%9B%BD,玩具与游戏
1776650615064,temu,606092310473866,https://img.kwcdn.com/product/open/587b421f41c54ff38718e940d435127d-goods.jpeg,大约 23/63PCS迷你木质红色瓢虫，带贴纸可粘贴装饰配件，适用于DIY手工艺、卡片制作、花园派对装饰，手工贴纸，完美适用于房间装饰,2026-03-03T00:48:27.373+00:00,429,302,全托,美国,https://www.temu.com/search_result.html?search_key=606092310473866&search_method=user&region=211&regionCnName=%E7%BE%8E%E5%9B%BD,玩具与游戏
1776650615064,temu,606106470430230,https://img.kwcdn.com/product/fancy/048173ef-24c2-46f7-abeb-97db1cd4167e.jpg,古铜色青铜幸运护身符比基尼青年挑战硬币套装 1 件 - 理想的高尔夫标记和扑克卡保管人，男士完美礼物,2026-02-07T06:55:47.761+00:00,1676,960,半托,美国,https://www.temu.com/search_result.html?search_key=606106470430230&search_method=user&region=211&regionCnName=%E7%BE%8E%E5%9B%BD,玩具与游戏
1776650615064,temu,606112980039516,https://img.kwcdn.com/product/fancy/bf59fc73-77ad-4681-bcfe-1bddfdf33e54.jpg,"10/20/40pcs彩色弹力球 - 多种鲜艳色彩，适用于生日、万圣节,复活节，圣诞节，派个礼品，狂欢节及户外玩耍的派个纪念品 - 有趣的彩罐填充物、礼品袋填充物、男孩女孩的玩具礼物、儿童弹力球、狂欢节用品",2026-01-26T19:09:21.566+00:00,1295,373,全托,美国,https://www.temu.com/search_result.html?search_key=606112980039516&search_method=user&region=211&regionCnName=%E7%BE%8E%E5%9B%BD,玩具与游戏
1776650615064,temu,606118550033065,https://img.kwcdn.com/product/open/46189df7d141402c82ffedeccd3e794e-goods.jpeg,2件装婴儿摇铃玩具，笑脸造型摇铃，采用安全ABS材质，摇晃时发出清脆铃声，是理想的礼物选择,2026-03-05T10:10:24.966+00:00,1658,885,全托,美国,https://www.temu.com/search_result.html?search_key=606118550033065&search_method=user&region=211&regionCnName=%E7%BE%8E%E5%9B%BD,玩具与游戏
1776650615064,temu,606127609742136,https://img.kwcdn.com/product/fancy/b47248e2-98bd-44e4-9744-972cedf8c582.jpg,"ETB Acrylic Case, 6mm+6mm+3mm Thick Clear Acrylic ETB Display Box With Magnetic Lid-ETB Protector Case For Collectors, UV Resistant, Stackable Design",2026-03-21T13:48:12.614+00:00,1200,981,半托,美国,https://www.temu.com/search_result.html?search_key=606127609742136&search_method=user&region=211&regionCnName=%E7%BE%8E%E5%9B%BD,玩具与游戏
1776650615064,temu,606131703413527,https://img.kwcdn.com/product/fancy/512bf648-ad0b-49a3-a15e-565d984cd0ff.jpg,可爱软萌大象毛绒玩具 超柔软填充动物伙伴 适合全年龄段拥抱玩偶 温馨礼物馈赠亲友 情人节复活节暖心家居装饰 节日派对佳品,2026-03-03T05:01:22.528+00:00,506,306,全托,美国,https://www.temu.com/search_result.html?search_key=606131703413527&search_method=user&region=211&regionCnName=%E7%BE%8E%E5%9B%BD,玩具与游戏
1776650615064,temu,606162506332348,https://img.kwcdn.com/product/Fancyalgo/VirtualModelMatting/05a7ea40f826c729b4b7eeafd7d311b5.jpg,"24pcs Children's Fruit Cutting Toy Kitchen Vegetable Cutting Playset for Boys and Girls, Educational Pretend Play Set",2026-03-04T17:35:09.241+00:00,672,436,全托,美国,https://www.temu.com/search_result.html?search_key=606162506332348&search_method=user&region=211&regionCnName=%E7%BE%8E%E5%9B%BD,玩具与游戏
1776650615064,temu,606196194975568,https://img.kwcdn.com/product/fancy/fcd6b5af-5646-4dc8-b107-52a186c1733e.jpg,1 件模型房屋家具，双层上下，双层床单和枕头，迷你家居配件，迷你床，上下双层设计，适合公主房间，无电，圣诞节礼物，生日礼物，节日礼物，耐用PC材质，仿真室内家具娃娃套装摆饰，适用于卧室模型摆件、装饰玩具屋微型模型,2026-02-06T03:09:46.884+00:00,793,334,全托,美国,https://www.temu.com/search_result.html?search_key=606196194975568&search_method=user&region=211&regionCnName=%E7%BE%8E%E5%9B%BD,玩具与游戏
1776650615064,temu,606215790818608,https://img.kwcdn.com/product/fancy/5188c69d-3746-4ab6-be9d-efb18879f217.jpg,6只装复活节兔子毛绒玩具套装——可爱软萌填充动物，适用于寻蛋游戏、节日装饰与礼篮填充，是馈赠孩童的完美礼物、春日派对礼品及可收藏的兔子伙伴,2026-02-26T07:15:18.071+00:00,718,585,全托,美国,https://www.temu.com/search_result.html?search_key=606215790818608&search_method=user&region=211&regionCnName=%E7%BE%8E%E5%9B%BD,玩具与游戏
1776650615064,temu,606225924236295,https://img.kwcdn.com/product/algo_check/auto/34f356a48be702a5686471c38c83a527_1772078393654.jpg,定制拼图500/1000片。送给亲人、宠物、生日、母亲节和周年纪念日的绝佳礼物,2026-03-08T12:17:30.015+00:00,513,363,全托,美国,https://www.temu.com/search_result.html?search_key=606225924236295&search_method=user&region=211&regionCnName=%E7%BE%8E%E5%9B%BD,玩具与游戏
1776650615064,temu,606234581246246,https://img.kwcdn.com/product/fancy/69387be7-9596-4e8e-87ef-352177cf4c5b.jpg,"Sing It Fast Hilarious Singing Challenge Card Game - Multiplayer Party Game for Friends & Family, Ideal for Holiday Gatherings, Bachelorette Parties & Game Nights",2026-02-02T06:44:35.344+00:00,1100,490,全托,美国,https://www.temu.com/search_result.html?search_key=606234581246246&search_method=user&region=211&regionCnName=%E7%BE%8E%E5%9B%BD,玩具与游戏
1776650615064,temu,606248003040936,https://img.kwcdn.com/product/open/5cb5df14c948464fbe7c0a3c2eb0f33f-goods.jpeg,"Colorful Electronic Keyboard for Adults Featuring Light-Up Music, a Playable Piano, And a Versatile Pocket Design, Perfect As a Wedding Present",2026-01-26T14:55:40.684+00:00,721,410,半托,美国,https://www.temu.com/search_result.html?search_key=606248003040936&search_method=user&region=211&regionCnName=%E7%BE%8E%E5%9B%BD,玩具与游戏
1776650615064,temu,606248137234323,https://img.kwcdn.com/product/open/dcdf589e03e147e1bc8e4a52101a8eb2-goods.jpeg,12pcs 3D Maze Memory Ball Puzzle Toys 3D Gravity Memory Sequential Maze Ball for Kids Adults Brain Teaser Educational Puzzle Toys Novelty Toys Creativity Birthday Event Party Christmas Halloween Favors Classroom Prize,2026-01-28T07:21:23.136+00:00,736,482,全托,美国,https://www.temu.com/search_result.html?search_key=606248137234323&search_method=user&region=211&regionCnName=%E7%BE%8E%E5%9B%BD,玩具与游戏
1776650615064,temu,606248539946510,https://img.kwcdn.com/product/open/7d92f054546a462b933a9a341aae7c19-goods.jpeg,1个大型30厘米（11.8英寸）可动关节龙模型+1个OPP袋 - 灵活TPU可摆姿势龙模型，带可动腿、手臂、颈部 - 万圣节用鲜艳紫色/粉色/绿色/蓝色/粉色,2026-01-27T12:12:41.868+00:00,1741,458,半托,美国,https://www.temu.com/search_result.html?search_key=606248539946510&search_method=user&region=211&regionCnName=%E7%BE%8E%E5%9B%BD,玩具与游戏
1776650615064,temu,606254982359169,https://img.kwcdn.com/product/fancy/6013f9b6-57d0-46f9-a38c-8ad7a18eac3c.jpg,户外沙包投掷体育运动游戏,2026-02-13T06:37:08.169+00:00,827,406,全托,美国,https://www.temu.com/search_result.html?search_key=606254982359169&search_method=user&region=211&regionCnName=%E7%BE%8E%E5%9B%BD,玩具与游戏
1776650615064,temu,606265719795154,https://img.kwcdn.com/product/fmket/685b7db964d565dcd6c455eb14fffe28.jpg,超萌水豚主题零食袋，内含三只迷你水豚毛绒玩具，非常适合家居装饰、沙发装饰，以及作为可爱、蓬松的伙伴。是生日礼物、解压玩具和派对礼品的理想选择,2026-02-06T00:24:59.130+00:00,709,390,全托,美国,https://www.temu.com/search_result.html?search_key=606265719795154&search_method=user&region=211&regionCnName=%E7%BE%8E%E5%9B%BD,玩具与游戏
1776650615064,temu,606271289845358,https://img.kwcdn.com/product/fancy/0f64f879-6ca7-465c-8564-b52c7d28f6a9.jpg,"4pcs Floating Bath Learning Bathroom Toy - Letter, Number, And Animal Water Games, Made of ABS Material, Bathroom Toy",2026-02-25T19:35:18.122+00:00,690,434,全托,美国,https://www.temu.com/search_result.html?search_key=606271289845358&search_method=user&region=211&regionCnName=%E7%BE%8E%E5%9B%BD,玩具与游戏
1776650615064,temu,606290415867729,https://img.kwcdn.com/product/fancy/7c9974a6-b1d9-4c71-9cf4-4cf6df415d51.jpg,1個歡樂表情捏捏樂玩具 | 採用超柔軟慢回彈材質，搭配可愛治癒的笑臉設計。質地順滑不粘手，輕輕一捏便迅速回彈，有效緩解壓力。選用安全環保材料製成，是辦公室、學習或日常通勤的便攜減壓好伴侶。無論是饋贈好友還是饋贈孩童，都是絕佳選擇,2026-02-04T05:58:38.046+00:00,1495,329,全托,美国,https://www.temu.com/search_result.html?search_key=606290415867729&search_method=user&region=211&regionCnName=%E7%BE%8E%E5%9B%BD,玩具与游戏
1776650615064,temu,606310280099262,https://img.kwcdn.com/product/fancy/422a650f-bb4e-4669-b89d-96e97de6ad15.jpg,72张西班牙语母亲节拉丁裔语录短语UV DTF贴纸，彩色UV DTF转印贴纸，高粘度UV DTF转印纸，适用于艺术和手工贴纸，可用于钥匙扣、小吊坠和马克杯（仅含贴纸）,2026-03-02T02:11:51.785+00:00,442,351,全托,美国,https://www.temu.com/search_result.html?search_key=606310280099262&search_method=user&region=211&regionCnName=%E7%BE%8E%E5%9B%BD,玩具与游戏
1776650615064,temu,606317662044522,https://img.kwcdn.com/product/fancy/1a4f0152-daaa-429b-8fee-fab6bf9eb84c.jpg,儿童磁性服装拼图玩具 - 教育角色扮演游戏， 包括闪卡和词汇卡 - 便携式礼物，适合宝宝，年轻人玩耍时间，有趣的设计，耐用的结构，带衣服的纸娃娃,2026-03-10T16:48:13.227+00:00,429,305,全托,美国,https://www.temu.com/search_result.html?search_key=606317662044522&search_method=user&region=211&regionCnName=%E7%BE%8E%E5%9B%BD,玩具与游戏
1776650615064,temu,606330412739117,https://img.kwcdn.com/product/fmket/298c217fc27df7d3b2371250b7a3d600.jpg,"13/26pcs Mini Salamander Octopus Squeezable Slow-Rebounding Party Toy - A Soft, Slowly Rising Cute Animal Toy for Easter, Christmas And Birthday Gifts, School Awards, a Christmas Gift for Grandchildren, Stocking Filler, a Birthday Party Toy Set",2026-02-02T01:50:57.323+00:00,2500,530,全托,美国,https://www.temu.com/search_result.html?search_key=606330412739117&search_method=user&region=211&regionCnName=%E7%BE%8E%E5%9B%BD,玩具与游戏
1776650615064,temu,606336049856728,https://img.kwcdn.com/product/open/878856a9e1d04616bb7488c94d30a53a-goods.jpeg,（已授权）1pc MINISO斯图尔特公仔柔软黄色毛绒动物，具有表达性眼睛和蓬松耳朵，拥抱感给粉丝，收藏电影纪念品，毛绒动物，收藏品，展示品，耐用缝合，粉丝收藏家，情人节、复活节礼物,2026-01-26T04:01:20.221+00:00,714,303,半托,美国,https://www.temu.com/search_result.html?search_key=606336049856728&search_method=user&region=211&regionCnName=%E7%BE%8E%E5%9B%BD,玩具与游戏
1776650615064,temu,606355108805344,https://img.kwcdn.com/product/open/74a1ae22a11e422bab5a66847d0787f6-goods.jpeg,"Taba Squishy, Fufu Squishy Fidget Toy - Blue Ocean Small Animal Ice Cube Squishy Toy, Slow Rebound 3D Maltose Toy, Squeezable and Kneadable Fun Toy, Cartoon Small Pattern Design, Interesting Blue Slow Rebound Soft Toy Loved by Children, Small Gifts",2026-02-26T00:42:21.180+00:00,1900,1772,全托,美国,https://www.temu.com/search_result.html?search_key=606355108805344&search_method=user&region=211&regionCnName=%E7%BE%8E%E5%9B%BD,玩具与游戏
1776650615064,temu,606376583625436,https://img.kwcdn.com/product/open/82c74f0411b549689b9cfced795ce17d-goods.jpeg,1个趣味恶作剧玩具手拉球玩具，多色拉力训练玩具，家庭户外互动拔河球，趣味户外活动，增强力量和协调能力,2026-01-31T17:29:35.395+00:00,908,439,全托,美国,https://www.temu.com/search_result.html?search_key=606376583625436&search_method=user&region=211&regionCnName=%E7%BE%8E%E5%9B%BD,玩具与游戏
1776650615064,temu,606394501698104,https://img.kwcdn.com/product/open/14e9cf61eb01456294913dbef701f2a0-goods.jpeg,40-Inch Digital Aluminum Foil Balloon Featuring Football Designs for Birthday Party Decorations And Soccer Event Setups,2026-03-07T00:47:00.923+00:00,759,488,全托,美国,https://www.temu.com/search_result.html?search_key=606394501698104&search_method=user&region=211&regionCnName=%E7%BE%8E%E5%9B%BD,玩具与游戏
1776650615064,temu,606412822402614,https://img.kwcdn.com/product/fancy/bb7e15a1-3988-4196-9f11-4eb5d72a2299.jpg,三丽鸥儿童绘画本、一步一步的绘画和绘画着色书、卡通趣味涂鸦简笔画幼儿园早教启蒙涂色画画本- 创意艺术活动，适用于教室、家庭或礼物craft kit,2026-02-05T14:27:41.928+00:00,1663,469,全托,美国,https://www.temu.com/search_result.html?search_key=606412822402614&search_method=user&region=211&regionCnName=%E7%BE%8E%E5%9B%BD,玩具与游戏
1776650615064,temu,606445303093379,https://img.kwcdn.com/product/fancy/dbbd5dfb-ad4b-4929-875d-dae82abbef93.jpg,24张复活节表情贴纸，自制复活节贴纸，含彩蛋兔子小鸡农场动物羔羊脸贴，适用于家庭学校教室派对礼品用品,2026-01-25T12:25:20.400+00:00,1593,965,全托,美国,https://www.temu.com/search_result.html?search_key=606445303093379&search_method=user&region=211&regionCnName=%E7%BE%8E%E5%9B%BD,玩具与游戏
1776650615064,temu,606445437310101,https://img.kwcdn.com/product/fancy/15ca6075-0a6a-4ace-a2d8-290e977fd4f0.jpg,Asmodee Dobble 哈利·波特卡牌游戏 | 魔法世界霍格沃茨版 | 包含赫敏、罗恩、赫德薇、魔杖、生物、宿舍徽章 | 快速观察反应 | 家庭乐趣旅行便携金属盒 | 完美的圣诞节礼物，适合填充圣诞袜,2026-01-26T11:14:03.587+00:00,1026,504,全托,美国,https://www.temu.com/search_result.html?search_key=606445437310101&search_method=user&region=211&regionCnName=%E7%BE%8E%E5%9B%BD,玩具与游戏
1776650615064,temu,606471341335811,https://img.kwcdn.com/product/fancy/7b1c101c-ab5d-4c18-be7d-1237f7046652.jpg,"飞机弹射玩具套装(3件装)一一发射与追逐泡沫滑翔机, 适合户外探险的精彩礼物适用于3至12岁儿童",2026-02-06T09:36:19.750+00:00,1254,866,半托,美国,https://www.temu.com/search_result.html?search_key=606471341335811&search_method=user&region=211&regionCnName=%E7%BE%8E%E5%9B%BD,玩具与游戏
1776650615064,temu,606478052197753,https://img.kwcdn.com/product/open/cd5cf87b82d44c5fb5f0828013001f52-goods.jpeg,3个金属YoYo球 - 带YoYo绳的金属铁YoYo，适合户外/运动、爱好、派个爱好 - 耐用YoYo游戏收藏品（多色）,2026-01-29T03:05:09.820+00:00,809,312,全托,美国,https://www.temu.com/search_result.html?search_key=606478052197753&search_method=user&region=211&regionCnName=%E7%BE%8E%E5%9B%BD,玩具与游戏
1776650615064,temu,606478522006404,https://img.kwcdn.com/product/fancy/fb87405a-758e-4888-8f4a-f2ec082c9107.jpg,60张/盒 哈利波特人物透明贴纸礼盒 可爱手账贴纸套装 水杯手机壳高透装饰 魔法世界周边收藏礼物,2026-03-04T00:35:52.065+00:00,887,386,全托,美国,https://www.temu.com/search_result.html?search_key=606478522006404&search_method=user&region=211&regionCnName=%E7%BE%8E%E5%9B%BD,玩具与游戏
1776650615064,temu,606480333951459,https://img.kwcdn.com/product/fancy/e6f86082-fbd9-4adc-980e-c74228bc2067.jpg,玉米洞游戏套装 红色/蓝色游戏板+6个豆袋+1个便携包，室内外通用，适合儿童成人/露营旅行/派对聚会/沙滩庭院娱乐 圣诞节礼物 万圣节礼物 派对用品,2026-01-30T23:07:09.141+00:00,440,425,半托,美国,https://www.temu.com/search_result.html?search_key=606480333951459&search_method=user&region=211&regionCnName=%E7%BE%8E%E5%9B%BD,玩具与游戏
1776650615064,temu,606481944546543,https://img.kwcdn.com/product/fancy/e6bf0a80-0869-4523-8539-81f48fe31db7.jpg,1pack/2packs，商店主题贴纸，店铺经营收纳场景贴纸，拼贴装饰贴纸 趣味文具贴纸DIY拼贴剪贴簿相册手机壳日记日历贺卡,2026-02-25T15:27:21.842+00:00,586,325,全托,美国,https://www.temu.com/search_result.html?search_key=606481944546543&search_method=user&region=211&regionCnName=%E7%BE%8E%E5%9B%BD,玩具与游戏
1776650615064,temu,606482112328184,https://img.kwcdn.com/product/fancy/cd5dd242-667b-4011-9f06-9d75215c30d9.jpg,1件充气巨型大号足球，PVC材质加厚耐用便携式大型气球，适用于水上派对，泳池派对，海滩派对娱乐用品,2026-03-18T02:56:10.401+00:00,1131,792,全托,美国,https://www.temu.com/search_result.html?search_key=606482112328184&search_method=user&region=211&regionCnName=%E7%BE%8E%E5%9B%BD,玩具与游戏
1776650615064,temu,606501943009481,https://img.kwcdn.com/product/fancy/4db013eb-4310-4cf9-b247-0228fbcdc889.jpg,1件/2件装 高品质2011款战斗大师半自动软弹玩具枪，含1个弹匣、6发子弹、20枚实战模拟弹药，模拟训练模型，安全ABS塑料材质，弹壳弹射设计，适用于亲子户外射击游戏及圣诞/生日/新年礼物,2026-01-27T04:23:19.623+00:00,509,303,半托,美国,https://www.temu.com/search_result.html?search_key=606501943009481&search_method=user&region=211&regionCnName=%E7%BE%8E%E5%9B%BD,玩具与游戏
1776650615064,temu,606517512214434,https://img.kwcdn.com/product/open/11e37905ff7f4e71bba1e92a5e836be6-goods.jpeg,10只装彩色软体毛毛虫拉伸玩具，解压玩具批量感官玩具，适用于儿童派对礼品、复活节篮子填充物、课堂奖励、儿童生日礼物、圣诞礼物、教室宝藏盒玩具、男女童玩具、儿童礼品袋填充物、派对礼品、男孩玩具，万圣节、复活节、嘉年华、感恩节理想礼物（随机发货）,2026-02-07T16:47:17.037+00:00,1461,610,全托,美国,https://www.temu.com/search_result.html?search_key=606517512214434&search_method=user&region=211&regionCnName=%E7%BE%8E%E5%9B%BD,玩具与游戏
1776650615064,temu,606517982029287,https://img.kwcdn.com/product/fancy/c7f341a2-7ef0-48eb-a23f-d8cbb372938c.jpg,1:12比例微縮傢俱，棕色床頭櫃床尾櫃，鞋架，小巧精緻，復古微縮家居場景佈置，娃娃屋配件，創意家居禮品,2026-03-11T18:18:07.352+00:00,560,455,全托,美国,https://www.temu.com/search_result.html?search_key=606517982029287&search_method=user&region=211&regionCnName=%E7%BE%8E%E5%9B%BD,玩具与游戏
1776650615064,temu,606530866899710,https://img.kwcdn.com/product/open/7e6b479b1537495b9fa8481b8801392a-goods.jpeg,92张B型偶像V成员照片卡套装 - 包括60张LOMO卡和32张迷你贴纸，双面高清优质纸张制成，是粉丝收藏、演唱会互换的理想K-Pop商品,2026-03-06T04:18:23.610+00:00,507,372,全托,美国,https://www.temu.com/search_result.html?search_key=606530866899710&search_method=user&region=211&regionCnName=%E7%BE%8E%E5%9B%BD,玩具与游戏
1776650615064,temu,606531504454595,https://img.kwcdn.com/product/open/a360a27a2ade47b281b81dfc981f64b6-goods.jpeg,趣味按压玩具，鸭头可360度旋转，摇摇晃晃的鸭子经久耐用且抗摔，婴幼儿爬行期卡通发条鸭子儿童益智玩具，派对/万圣节/圣诞节/新年礼物,2026-02-09T14:16:50.732+00:00,757,387,全托,美国,https://www.temu.com/search_result.html?search_key=606531504454595&search_method=user&region=211&regionCnName=%E7%BE%8E%E5%9B%BD,玩具与游戏
1776650615064,temu,606539792416370,https://img.kwcdn.com/product/fancy/ec6bf1d0-7e36-482d-915f-dcd7f6023e98.jpg,12张复活节造型贴纸，自制复活节贴纸，复活节彩蛋兔子小鸡农场动物小羊脸贴纸，适用于家庭学校教室派个礼物用品,2026-01-27T07:44:25.108+00:00,8587,1481,全托,美国,https://www.temu.com/search_result.html?search_key=606539792416370&search_method=user&region=211&regionCnName=%E7%BE%8E%E5%9B%BD,玩具与游戏
1776650615064,temu,606544221590950,https://img.kwcdn.com/product/open/6691e5f3b65640a498a53f785a09e7b2-goods.jpeg,过家家餐具套装 | 包括餐桌、椅子、餐具和逼真食物，复古绿色搭配丰富纹理，细节精致逼真，模拟餐饮场景，兼容娃娃玩具,2026-02-03T11:18:37.051+00:00,871,822,全托,美国,https://www.temu.com/search_result.html?search_key=606544221590950&search_method=user&region=211&regionCnName=%E7%BE%8E%E5%9B%BD,玩具与游戏
1776650615064,temu,606559388178871,https://img.kwcdn.com/product/fancy/c11961c6-242e-4a47-8760-2a777855dd13.jpg,2026款新款E88 E99 PROK无人机配备高清屏幕与摄像头，双电池续航40分钟，采用无刷电机、避障功能、可折叠四轴飞行器及一键返航功能。适合初学者，是生日与节日的绝佳礼物,2026-01-26T11:31:46.334+00:00,955,538,半托,美国,https://www.temu.com/search_result.html?search_key=606559388178871&search_method=user&region=211&regionCnName=%E7%BE%8E%E5%9B%BD,玩具与游戏
1776650615064,temu,601104047720319,https://img.kwcdn.com/product/open/2be6800f4d59467d862567bc87e7ce32-goods.jpeg,"1/2pcs New Blue Snowflake Cube of Ice Squishies - Slow Rebound Textured Toys, with Portable Party Gifts for Birthdays, Family Gatherings And Holidays, Mixed Colors, Cube of Ice Toys, Holiday Gifts, Player Design, Choice for Gifting",2026-03-27T01:25:53.017+00:00,1100,1100,全托,美国,https://www.temu.com/search_result.html?search_key=601104047720319&search_method=user&region=211&regionCnName=%E7%BE%8E%E5%9B%BD,玩具与游戏
1776650615064,temu,605552017010246,https://img.kwcdn.com/product/fancy/d93a1790-a64e-4fb6-bc1e-842a8dcdeb5d.jpg,饺子捏捏乐玩具，多彩饺子减压捏捏球解压感官玩具，挤压面团球放松手部玩具，带蒸笼造型可拉伸桌面玩具,2026-04-16T17:26:09.497+00:00,843,843,全托,美国,https://www.temu.com/search_result.html?search_key=605552017010246&search_method=user&region=211&regionCnName=%E7%BE%8E%E5%9B%BD,玩具与游戏
1776650615064,temu,605554835581213,https://img.kwcdn.com/product/fancy/da06e2f8-58ab-41a9-b731-617398c68fab.jpg,"Two-player Fishing Toy, Telescopic Fish-shaped Toy, Educational Early Learning Board Game Puzzle Toy for Boys and Girls",2026-03-20T08:04:44.629+00:00,1000,1000,全托,美国,https://www.temu.com/search_result.html?search_key=605554835581213&search_method=user&region=211&regionCnName=%E7%BE%8E%E5%9B%BD,玩具与游戏
1776650615064,temu,605791461434497,https://img.kwcdn.com/product/fancy/240dfc8e-7fcb-4817-9715-80c3d06f7c43.jpg,"Skeleton Rider Motorcycle Wind Spinner, Metal Kinetic Garden Wind Sculpture, Outdoor Yard Decor",2026-03-26T00:24:05.181+00:00,1000,1000,半托,美国,https://www.temu.com/search_result.html?search_key=605791461434497&search_method=user&region=211&regionCnName=%E7%BE%8E%E5%9B%BD,玩具与游戏
1776650615064,temu,605906754443979,https://img.kwcdn.com/product/fancy/60de3769-6f6c-44b1-9fb6-4e3423de8544.jpg,"3D Printed Slime Stress Ball for Adults - Realistic Sensory Fidget Toy with Slime, Durable Plastic Relief, Ideal for Bedtime, Travel, and Office Use, Holiday Gift (Valentine's Day, Easter, Birthday, Holidays)",2026-02-22T07:15:34.624+00:00,402,402,全托,美国,https://www.temu.com/search_result.html?search_key=605906754443979&search_method=user&region=211&regionCnName=%E7%BE%8E%E5%9B%BD,玩具与游戏
1776650615064,temu,605942456408517,https://img.kwcdn.com/product/aisc_image/algo/opt/fba4da3f44e8460daab24ca95303c541-goods.jpeg,"1/2pcs加厚型充气泳池浮床 男女通用 充气躺椅与泳池浮条， pvc+牛津布材质，适用于泳池、湖泊、海滩及庭院派对，户外水上乐趣，夏日水上、乐趣像老板一样漂浮，像王者一样放松、小酌、晒太阳、漂浮 - 完美夏日、""Ditch the Basic Float, Upgrade to Ultimate Comfort""Pool Party EssentialSummer Pool AcssoryBayard Pool FloatLake Float ChairBeach Pool LoungerVacation Pool GearAdjustable Pool FloatFoldable Pool",2026-03-21T02:59:28.624+00:00,936,936,全托,美国,https://www.temu.com/search_result.html?search_key=605942456408517&search_method=user&region=211&regionCnName=%E7%BE%8E%E5%9B%BD,玩具与游戏
1776650615064,temu,606502412758968,https://img.kwcdn.com/product/fancy/39d506ce-803c-4a72-a090-a57d14f80dc4.jpg,新奇复古高脚电话亭灯，电话亭灯情人节复活节装饰摆件，家居装饰办公室桌面摆件雕像礼物，适用于家庭办公室的分层托盘桌面装饰，新年礼物，周年纪念日礼物，8.5英寸,2026-03-13T10:50:54.004+00:00,1253,1149,半托,美国,https://www.temu.com/search_result.html?search_key=606502412758968&search_method=user&region=211&regionCnName=%E7%BE%8E%E5%9B%BD,玩具与游戏
1776650615064,temu,606512613261619,https://img.kwcdn.com/product/open/b608ec346bb8499db484a298acafab09-goods.jpeg,趣味爆笑，表情柔软，脚踏挤压软玩具，指尖挤压趣味派对礼物，趣味可爱的塔巴，柔软有弹性，圣诞节、万圣节和新年礼物,2026-03-24T11:32:01.799+00:00,501,501,全托,美国,https://www.temu.com/search_result.html?search_key=606512613261619&search_method=user&region=211&regionCnName=%E7%BE%8E%E5%9B%BD,玩具与游戏
1776650615064,temu,606561871225890,https://img.kwcdn.com/product/open/a89928af24d140e2bb95aba44b84afef-goods.jpeg,50pcs Harry Potter Stickers Scratch Resistant Decals Wizarding World Element Design for Laptop Water Bottle Journal Luggage Decoration Magic Theme Pack,2026-04-04T18:18:29.443+00:00,1100,1100,全托,美国,https://www.temu.com/search_result.html?search_key=606561871225890&search_method=user&region=211&regionCnName=%E7%BE%8E%E5%9B%BD,玩具与游戏
