发现日期,来源平台,商品ID,图片,产品名称,产品链接,上架日期,月销量,在售站点,类目
1777254360574,亚马逊,B0F2TDPJN8,https://m.media-amazon.com/images/I/519YNz6gATL._AC_US200_.jpg,"Montessori Spielzeug Busy Board ab 1 Jahr, Activity Board aus Holz, Motorikspielzeug mit 13 Schaltern 24 LED-Leuchten, Lernspielzeug für Kinder 1-3 Jahre Baby Spielzeug & Geschenk für Jungen & Mädchen",https://www.amazon.de/dp/B0F2TDPJN8?th=1,1775520000000,100,德国,婴幼儿
1777254360574,亚马逊,B0CTTYRJJY,https://m.media-amazon.com/images/I/51FovkYLARL._AC_US200_.jpg,QUNREDA Ferngesteuertes Stunt Auto Pink 4WD 2.4GHz Mädchen RC Car Doppelseitig 360° Flip Rotation LED Licht Modularer Akku Robustes Outdoor Spielzeug 6‑12 Jahre Geburtstags Weihnachts Geschenk,https://www.amazon.de/dp/B0CTTYRJJY?th=1,1775088000000,100,德国,遥控模型
1777254360574,亚马逊,B0GD64NJTR,https://m.media-amazon.com/images/I/51-hWlhZPDL._AC_US200_.jpg,"6 Stück Ostern Geschenktüten,Ostertüten Zum Befüllen Geschenktüten,Osterhasentüten Geschenktüte zu Ostern für Kinder und Erwachsene(20X20X15 CM)",https://www.amazon.de/dp/B0GD64NJTR?th=1,1774915200000,300,德国,派对及娱乐商品
1777254360574,亚马逊,B0GDTGLSV5,https://m.media-amazon.com/images/I/5193Xc9AQ+L._AC_US200_.jpg,"Generisch Magnetspiel,Magnetisches Schachspiel, Tischspiele,Tragbares Schach Magnetisch Magnetisches Spiel für Erwachsene Partyzubehör für Familientreffen (40I)",https://www.amazon.de/dp/B0GDTGLSV5?th=1,1774828800000,100,德国,游戏
1777254360574,亚马逊,B0DDKC681V,https://m.media-amazon.com/images/I/51eI9cP3itL._AC_US200_.jpg,"URMYWO 2800+ Loom Bänder Set, 32 Farben Loom Bänder Zubehör, Bunte Gummibänder Loops, Gummis Set für Armbänder, Kinder Anfänger Basteln DIY, Geschenk für Mädchen",https://www.amazon.de/dp/B0DDKC681V?th=1,1774828800000,400,德国,工艺
1777254360574,亚马逊,B0GKDQ4CG6,https://m.media-amazon.com/images/I/411sdKcd+ML._AC_US200_.jpg,"Kommunion Geschenke für Mädchen Jungen, Geldgeschenk Kommunion Verpackung Holz mit Reagenzglas, Geschenke zur Erstkommunion, Kleine Kommunionsgeschenke",https://www.amazon.de/dp/B0GKDQ4CG6?th=1,1774742400000,200,德国,派对
1777254360574,亚马逊,B0GTYN9GZ2,https://m.media-amazon.com/images/I/41oDQcOQGrL._AC_US200_.jpg,"Project Hail Mary Plüschtier, 20 cm Alien Kuscheltier, Film Inspiriertes Stofftier Rocky Plüschfigur, Weiches Sci-Fi Plüschtier für Kinder & Erwachsene, Geschenk zu Weihnachten & Geburtstag (Rocky)",https://www.amazon.de/dp/B0GTYN9GZ2?th=1,1774656000000,100,德国,Plüsch-Spielzeug
1777254360576,亚马逊,B0FPVZ7Y2G,https://m.media-amazon.com/images/I/712RRqgnCzL._AC_US200_.jpg,"X-Arena Starter-Set – 6 Battle-Tops mit 2 Startern, Beschleunigungsbahn & Schutzdach, Geschenk für Jungen & Mädchen ab 6 J",https://www.amazon.de/dp/B0FPVZ7Y2G?th=1,1774569600000,100,德国,游戏
1777254360576,亚马逊,B0GHNKKB93,https://m.media-amazon.com/images/I/516Ssa+8oUL._AC_US200_.jpg,"Tortendeko Jugendweihe 2026 aus Holz, Tortenstecker Stern Cake Topper Jugendweihe Deko Junge Mädchen",https://www.amazon.de/dp/B0GHNKKB93?th=1,1774569600000,100,德国,派对
1777254360576,亚马逊,B0GKL1H9RT,https://m.media-amazon.com/images/I/41gC-C-LfaL._AC_US200_.jpg,"Jugendweihe Deko Junge & Mädchen - Endlich Erwachsen! - 24 Stück Luftballons Jugendweihe 2026 Ballon Weiß, Gold & Blau - Hängende Dekoration für Jugendliche (12 Zoll)",https://www.amazon.de/dp/B0GKL1H9RT?th=1,1774569600000,100,德国,派对
1777254360576,亚马逊,B0GS5D4RS6,https://m.media-amazon.com/images/I/41HK-oP9uqL._AC_US200_.jpg,Dumpling Squishy mit Dampfgaraufsatz Dumpling Squishy Mystery XXL (Rosa),https://www.amazon.de/dp/B0GS5D4RS6?th=1,1774569600000,100,德国,党-
1777254360576,亚马逊,B0GTVYB8FX,https://m.media-amazon.com/images/I/61FNIlAbCsL._AC_US200_.jpg,Fotokarten einer koreanischen Boygroup Idol Albumkarten Team Fanartikel Fotokarten Geschenk für Fans,https://www.amazon.de/dp/B0GTVYB8FX?th=1,1774483200000,100,德国,收藏玩具
1777254360576,亚马逊,B0FPVKT2VZ,https://m.media-amazon.com/images/I/81ZPbbrWD5L._AC_US200_.jpg,"X-Arena Starter-Set – mit 6 X-Tops, 2 Startern & Arena, Ultimatives Battle-Set für Kinder ab 6 J",https://www.amazon.de/dp/B0FPVKT2VZ?th=1,1774396800000,100,德国,游戏
1777254360576,亚马逊,B0GSZKZWG1,https://m.media-amazon.com/images/I/51lfkXIwnuL._AC_US200_.jpg,LYAILOOGXL Sammelalbum für Pokemon 400 Karten: 50 Seiten bietet Platz für 400 Karten - Verabschiede dich von unordentlichen Karten - Besonders geeignet für Kartensammler,https://www.amazon.de/dp/B0GSZKZWG1?th=1,1774396800000,300,德国,收藏玩具
1777254360576,亚马逊,B0G8GL71W8,https://m.media-amazon.com/images/I/519fyRVBhEL._AC_US200_.jpg,"Anginne Raketen Spielzeug, Einhorn Geschenk Mädchen Outdoor Spielzeug ab 3 4 5 6 7 8 Jahre Outdoor Spiele Garten Spielzeug Kinder für Draußen Kinderspielzeug Ostergeschenke Kinder",https://www.amazon.de/dp/B0G8GL71W8?th=1,1774396800000,100,德国,体育
1777254360576,亚马逊,B0GN2Q89C5,https://m.media-amazon.com/images/I/41HRe7In-FL._AC_US200_.jpg,ELSA & Anna Freundebuch Kindergarten Mädchen Inkl. Sticker - Offiziell Lizensiertes Disney Produkt - Freundschaftsbuch Kindergarten Freundebuch Mädchen Meine Kindergartenfreunde Buch 20x20,https://www.amazon.de/dp/B0GN2Q89C5?th=1,1774396800000,100,德国,学校用品
1777254360576,亚马逊,B0GN2T3L29,https://m.media-amazon.com/images/I/418UNh5oh3L._AC_US200_.jpg,ELSA Freundebuch Kindergarten Mädchen Inkl. Sticker - Offiziell Lizensiertes Disney Produkt - Freundschaftsbuch Kindergarten Freundebuch Mädchen Meine Kindergartenfreunde Buch 20x20,https://www.amazon.de/dp/B0GN2T3L29?th=1,1774396800000,100,德国,学校用品
1777254360576,亚马逊,B0GPWTTC7L,https://m.media-amazon.com/images/I/41CxAjpqbaL._AC_US200_.jpg,"Dumpling Squishy, 4 Stück Dumpling Squishy Mystery, Dumplings Fidget Toys Anti Stress Spielzeug, Glitter Dumpling Squeeze Stressball Kinder Erwachsene, Squeeze Toy für ADHD Autismus",https://www.amazon.de/dp/B0GPWTTC7L?th=1,1774396800000,100,德国,党-
1777254360576,亚马逊,B0GTNTNDWF,https://m.media-amazon.com/images/I/41F6qYjZlxL._AC_US200_.jpg,"Generisch Air Hockey Hover Puck, Floating Hockey Mit 2 Roten Lufthockey Drücken, Tragbares Tischspiel Tischhockey Schwebepuck Für Kinder, AirhockeyBrettspiel Spielzeug Geschenk",https://www.amazon.de/dp/B0GTNTNDWF?th=1,1774396800000,200,德国,游戏
1777254360576,亚马逊,B0GFXH7Y4T,https://m.media-amazon.com/images/I/5193Xc9AQ+L._AC_US200_.jpg,"Generisch Magnetspiel,Magnetisches Schachspiel, Tischspiele,Tragbares Schach Magnetisch Magnetisches Spiel für Erwachsene Partyzubehör für Familientreffen (40J)",https://www.amazon.de/dp/B0GFXH7Y4T?th=1,1774310400000,100,德国,游戏
1777254360576,亚马逊,B0G8ZSMPVF,https://m.media-amazon.com/images/I/71u9aCu-CFL._AC_US200_.jpg,"Magnetisches Schachspiel,Tragbares Magnetisches Schachspiel,Tragbares Schach Magnetisch Magnetisches Spiel für Erwachsene Partyzubehör für Familientreffen (40G)",https://www.amazon.de/dp/B0G8ZSMPVF?th=1,1774310400000,200,德国,游戏
1777254360576,亚马逊,B0FHB2LT9G,https://m.media-amazon.com/images/I/518rMQ7f+EL._AC_US200_.jpg,"Magnetspiel,Magnet Spiel,Magnetisches Schachspiel,Magnetsteine,Campingspiele mit Magnetic,Tisch Magnetspiel für Kinder & Erwachsene,Partyzubehör für Familientreffen",https://www.amazon.de/dp/B0FHB2LT9G?th=1,1774310400000,300,德国,游戏
1777254360576,亚马逊,B0GFLRKHFT,https://m.media-amazon.com/images/I/513-B4JsOaL._AC_US200_.jpg,"Mini Tudou Kinderwaschbecken Spielzeug,Spielspüle Spielzeug mit Automatischem Wasserzyklus-System, Elektrischer Geschirrspüler, Rollenspiel Spielzeug für Kinder, Mädchen und Jungen ab 3 Jahren(Blau)",https://www.amazon.de/dp/B0GFLRKHFT?th=1,1774310400000,100,德国,儿童角色扮演游戏
1777254360576,亚马逊,B0DMW2L84B,https://m.media-amazon.com/images/I/518+R1rg1nL._AC_US200_.jpg,"SLEMAKO Bügelperlen Set, 10600 Stück Steckperlen mit Aufbewahrungsbox, Bügelperlen Platten, Benutzerführung, DIY Gestalten von Schmuck, Deko, Verzierungen und 3d Kinder Geschenk Bastelideen",https://www.amazon.de/dp/B0DMW2L84B?th=1,1774310400000,100,德国,工艺
1777254360576,亚马逊,B0GBW74ZB2,https://m.media-amazon.com/images/I/51f-hAZ4pYL._AC_US200_.jpg,"Gel Blaster,Elektrospielzeug Mit Harzkugeln&Schutzbrille, Geburtstage,Partys,Ostern,Outdoor-Shooting&Teamspiele Und Erwachsene,Entdecke Die Spannung!",https://www.amazon.de/dp/B0GBW74ZB2?th=1,1774224000000,100,德国,儿童角色扮演游戏
1777254360576,亚马逊,B0GRLK36S1,https://m.media-amazon.com/images/I/41Usb1xbY8L._AC_US200_.jpg,"Dumpling Squishy,Glitter Dumpling Squishy Mystery mit Dampfgarer,Stress Relief Sensory Ball Wirkt Angstlösend Und Hat Eine Schnelle,Stressabbau-Spielzeug für Erwachsene",https://www.amazon.de/dp/B0GRLK36S1?th=1,1774224000000,100,德国,党-
1777254360576,亚马逊,B0GDD75B2Y,https://m.media-amazon.com/images/I/51MOwTLhQaL._AC_US200_.jpg,"Funtopia 201 Stück Schrumpffolie, Schrumpffolie Set Achlüsselanhänger mit 12 vorgestanzten Platten (75 Motive) & 24 Blanko-Folien, Locher & Zubehör, Kreatives Basteln für Kinder & Erwachsene",https://www.amazon.de/dp/B0GDD75B2Y?th=1,1774224000000,100,德国,工艺
1777254360576,亚马逊,B0GSW6K127,https://m.media-amazon.com/images/I/41RQ4GJz3BL._AC_US200_.jpg,"DENKRIESEN Easy Peasy – Nix für Erbsenzähler! | Kartenspiel ab 8 Jahren, Familienspiel für 2–6 Spieler, taktisches Ablegespiel mit Aktionskarten, witzig & strategisch für Spieleabend",https://www.amazon.de/dp/B0GSW6K127?th=1,1774224000000,100,德国,游戏
1777254360576,亚马逊,B0GT6B7JVM,https://m.media-amazon.com/images/I/61FS6B7XhfL._AC_US200_.jpg,Ballongas [für 20 Luftballons]– Helium Balloon Gas für bis zu [20 Luftballons] – Ballongas - Helium Gasflasche klein inkl. STAHLMANN ® Informationsblatt,https://www.amazon.de/dp/B0GT6B7JVM?th=1,1774224000000,300,德国,派对
1777254360576,亚马逊,B0GT2LWDK3,"https://m.media-amazon.com/images/I/41C5biMCfZL._AC_SR200,200_.jpg",Squishy Anti Stress Spielzeug Nice Cube - Riesen Eiswürfel mit Malzsyrup Extrem Belastbarer Knautschball für Kinder & Erwachsene - Sensory Fidget Toy bei Stress Autismus,https://www.amazon.de/dp/B0GT2LWDK3?th=1,1774224000000,100,德国,党-
1777254360576,亚马逊,B0GT4Q4BYS,https://m.media-amazon.com/images/I/41OchqtbBoL._AC_US200_.jpg,"Qualle Squishy, Quallen Quetschspielzeug, Glitzernde Qualle Squishies, Fidget Toys Sensorisches Anti Stressball für Kinder und Erwachsene, Weihnachts Geburtstagsgeschenke 8.2cm (Mintgrün)",https://www.amazon.de/dp/B0GT4Q4BYS?th=1,1774137600000,100,德国,党-
1777254360576,亚马逊,B0GHN8LZJP,https://m.media-amazon.com/images/I/51nkRcQSj7L._AC_US200_.jpg,"Tortendeko Kommunion, Cake Topper Kommunion Deko Junge Mädchen, Erstkommunion Kuchen Deko aus Holz",https://www.amazon.de/dp/B0GHN8LZJP?th=1,1774051200000,200,德国,派对
1777254360576,亚马逊,B0GT13M7H5,https://m.media-amazon.com/images/I/41T7m0LtPdL._AC_US200_.jpg,"Beyblade X Rocket Griffon H UX Infinity Starter Pack Set, Takara Tomy Kreisel (Balance-Typ) und Starter, Kampfkreisel Spiel, Spielzeug, ab 8 Jahren",https://www.amazon.de/dp/B0GT13M7H5?th=1,1774051200000,100,德国,婴幼儿
1777254360576,亚马逊,B0GT16T8TX,https://m.media-amazon.com/images/I/71CQuq5dE2L._AC_US200_.jpg,"Beyblade X Strike Dran 4-50FF BX Infinity Starter Pack Set mit Takara Tomy Kreisel (Angriffs-Typ) und Starter, Kampfkreisel Spiel, Spielzeug, ab 8 Jahren",https://www.amazon.de/dp/B0GT16T8TX?th=1,1774051200000,100,德国,游戏
1777254360576,亚马逊,B0GDQB6R7Y,https://m.media-amazon.com/images/I/419mCahSQEL._AC_US200_.jpg,"300ml*2 Wasserpistolen für Kinder & Wasserpistole Erwachsene, Wasserspritzpistole mit 8 Meter Schussweite, Auslaufsicherer Super Soaker Spritzpistole Wasser Spielzeug Sommer Pool",https://www.amazon.de/dp/B0GDQB6R7Y?th=1,1774051200000,100,德国,体育
1777254360576,亚马逊,B0G5F6M573,https://m.media-amazon.com/images/I/71lBF6yBh4L._AC_US200_.jpg,Luftballons Schneeflock Geburtstag Deko Mädchen- Els Geburtstagsdeko Prinzessin Folienballons Happy Birthday Balloon Kindergeburtstag Deko Girlande für Froze Thema Party Supplies Deko,https://www.amazon.de/dp/B0G5F6M573?th=1,1773964800000,100,德国,派对
1777254360576,亚马逊,B0GSZ2WQRR,https://m.media-amazon.com/images/I/41BmW91jxdL._AC_US200_.jpg,"Glitter Dumpling Squishy Mystery, Rainbow Mystery Squishy Bun, Glitter Dumpling mit Dampfgarer, Stressabbau-Spielzeug für Erwachsene Ideal als Partygeschenk oder für die Goodie Bag Zufällige Farbe 1PC",https://www.amazon.de/dp/B0GSZ2WQRR?th=1,1773964800000,200,德国,党-
1777254360576,亚马逊,B0GR66YPF7,https://m.media-amazon.com/images/I/41fge09ZfPL._AC_US200_.jpg,"Giant Dumpling Squishy, Glitter Dumpling Squishy Mystery, Squishys Dumplings Toy with Steamer Box, Dumpling Squishys Stress Ball for DIY Design, Decompression Dough for Adults (violett)",https://www.amazon.de/dp/B0GR66YPF7?th=1,1773964800000,100,德国,党-
1777254360576,亚马逊,B0GFVLKM14,https://m.media-amazon.com/images/I/41nnMWN2WOL._AC_US200_.jpg,"Seifenblasenmaschine für Kinder, Wiederaufladbare Tanzende Sonnenblumen-Seifenblasenmacher mit LED-Licht, Automatischer Seifenblasenbläser mit 3 Modi, luftblasen Maschine für Party Geschenk",https://www.amazon.de/dp/B0GFVLKM14?th=1,1773964800000,100,德国,体育
1777254360576,亚马逊,B0GKY8KS6R,https://m.media-amazon.com/images/I/41hdb4YX8XL._AC_US200_.jpg,"Sandkasten Abdeckung 155 x 155cm, 210D Oxford Sandkastenabdeckung, Abdeckplane Sandkasten mit Gummizug Kordelzug und Aufbewahrungsbeutel, Wasserfeste Abdeckung für Sandkiste Pool Garten, Quadrat",https://www.amazon.de/dp/B0GKY8KS6R?th=1,1773964800000,100,德国,体育
1777254360576,亚马逊,B0G25MSG76,https://m.media-amazon.com/images/I/51KmSp59d0L._AC_US200_.jpg,"WOOBLO Magnetische Bausteine, 67 Teile Magnetbausteine, Magnetspiel STEM Magnetbausteine, Montessori Spielzeug ab 3 Jahre, Magnete Spielzeug ab 3 4 5 Jahre, Bausatz Geschenk für Kinder Jungen Mädchen",https://www.amazon.de/dp/B0G25MSG76?th=1,1773964800000,100,德国,建筑-
1777254360576,亚马逊,B0GSX22WVK,https://m.media-amazon.com/images/I/71OUlJOUFhL._AC_US200_.jpg,TRUMPFSTARS Fußball Weltstars Kartenspiel 3 in 1 – Trumpf Quartett Schwarzer Peter – 50 Karten Mega Pack – Fußball Stars Karten Spiel ab 6 Jahre – für 2 oder mehr Spieler – plastikfreie Verpackung,https://www.amazon.de/dp/B0GSX22WVK?th=1,1773878400000,400,德国,游戏
1777254360576,亚马逊,B0GJYYLLD8,https://m.media-amazon.com/images/I/41YO0TDZUKL._AC_US200_.jpg,"CNMTCCO 8 Stück Magnetische Fidget Toys aus Silikon Leise Magnetkugeln Sensorik Spielzeug, Anti-Stress & Konzentrationshilfe für Erwachsene und Jugendliche, ADHS Fidget Bälle (Grün)",https://www.amazon.de/dp/B0GJYYLLD8?th=1,1773878400000,100,德国,党-
1777254360576,亚马逊,B0GQLLDDXV,https://m.media-amazon.com/images/I/71VlrJc1taL._AC_US200_.jpg,"Karten Sammelalbum, 4-Poket 440 Taschen Hefte für Karten mit 55 Seiten Rot",https://www.amazon.de/dp/B0GQLLDDXV?th=1,1773878400000,100,德国,收藏玩具
1777254360576,亚马逊,B0GPR9HB69,https://m.media-amazon.com/images/I/61UpolCGqaL._AC_US200_.jpg,"Fun4kid 12 x Einladungskarten Kindergeburtstag Junge mit passenden Umschlägen – für Kinder, Jungen - Vorgefüllte Karten auf Deutsch für Geburtstagsparty und Feier",https://www.amazon.de/dp/B0GPR9HB69?th=1,1773878400000,100,德国,派对
1777254360576,亚马逊,B0GMQFDWTC,https://m.media-amazon.com/images/I/51PqIyZxgwL._AC_US200_.jpg,"ELONEO Nestschaukel Outdoor & Indoor mit 120 cm Durchmesser | Tellerschaukel bis 300kg belastbar | höhenverstellbare Hängeschaukel inkl. Kissen, Griffen und Zubehör-Set | Premium Schaukel",https://www.amazon.de/dp/B0GMQFDWTC?th=1,1773878400000,200,德国,体育
1777254360576,亚马逊,B0GSFRJBL1,https://m.media-amazon.com/images/I/61BoIQO3sKL._AC_US200_.jpg,"Mitgebsel Kindergeburtstag Gastgeschenke, 82pcs Hunter-Anime Design Mitbringsel Set mit Geschenktüten Schnapparmbänder Schlüsselanhänger Aufkleber, Party Kleine Geschenke & Give Aways für Mädchen",https://www.amazon.de/dp/B0GSFRJBL1?th=1,1773792000000,100,德国,派对
1777254360576,亚马逊,B0GRHHD358,https://m.media-amazon.com/images/I/41fwBJxCb-L._AC_US200_.jpg,"30 Deko-Eier Ostern, 6cm Kunststoff Ostereier zum Bemalen, 30 Aufhänger für Ostereier, Plastikeier Weiß, Eier zum Bemalen und Aufhängen, Osterhandwerk, Ostern Basteln für Dekoration und Geschenk",https://www.amazon.de/dp/B0GRHHD358?th=1,1773792000000,300,德国,派对及娱乐商品
1777254360576,亚马逊,B0GQZ2HF9G,https://m.media-amazon.com/images/I/51y7O7qj6cL._SS200_.jpg,"ROMANVIC Demon Hunter Kpop Tattoo Kinder,8 Blätt Hunters Temporäre Klebetattoos Kinder, 180+ Demon HunterTattoos für Kindergeburtstag Party Deko Hautfreundliche Temporäre Kindertattoos",https://www.amazon.de/dp/B0GQZ2HF9G?th=1,1773792000000,300,德国,儿童角色扮演游戏
1777254360576,亚马逊,B0GRTW6ZZQ,https://m.media-amazon.com/images/I/414pr-8xhHL._AC_US200_.jpg,"Dumpling Squishies 2026, Squishiest Bun Dumplings with Steamer Box, 10 cm Glitter Dumpling Dampfgarer, Giant Extra Large Squishy Dumpling Stress Relief Sensory Ball Anxiety Relief Toys Kids & Adults",https://www.amazon.de/dp/B0GRTW6ZZQ?th=1,1773792000000,100,德国,党-
1777254360576,亚马逊,B0GMQQ9T56,https://m.media-amazon.com/images/I/91I9pOV2V3L._AC_US200_.jpg,"ELONEO Nestschaukel Outdoor & Indoor mit 120 cm Durchmesser | Tellerschaukel bis 300kg belastbar | höhenverstellbare Hängeschaukel inkl. Kissen, Griffen und Zubehör-Set | Premium Schaukel",https://www.amazon.de/dp/B0GMQQ9T56?th=1,1773792000000,100,德国,体育
1777254360576,亚马逊,B0GFD72N2S,"https://m.media-amazon.com/images/I/51pb+GNQX0L._AC_SR200,200_.jpg",12 Stück Masken Geburtstag Deko Maske Cartoon Mask Papier Masken Geburtstagsdeko Charakter Cosplay Partyzubehör (KPP),https://www.amazon.de/dp/B0GFD72N2S?th=1,1773705600000,100,德国,儿童角色扮演游戏
1777254360576,亚马逊,B0FHHNS3VC,"https://m.media-amazon.com/images/I/51LeshPSlxL._AC_SR200,200_.jpg",Papierdrachen Bastelset für Kinder - 8 Papiermasken zum Ausmalen & Basteln - Kreativ-Set inkl. Gummizug - verschiedene Motive - ideal für Kindergeburtstag & Fasching - ab 3 Jahren,https://www.amazon.de/dp/B0FHHNS3VC?th=1,1773705600000,100,德国,儿童角色扮演游戏
1777254360576,亚马逊,B0GSFX184F,https://m.media-amazon.com/images/I/81hDFye0WWL._AC_US200_.jpg,"Sammelkarten Album für Pokemon Karten,4-Taschen Kartenmappe,400 Karten Kapazität,wasserdicht, PU-Leder,mit Reißverschluss, perfekt für Sammler",https://www.amazon.de/dp/B0GSFX184F?th=1,1773705600000,100,德国,收藏玩具
1777254360576,亚马逊,B0GSW5BD5M,https://m.media-amazon.com/images/I/511oPqaAheL._AC_US200_.jpg,"Stadt Land VOLLPFOSTEN® Family Edition – A4 Spielblock, lustiges Wortspiel mit 26 Kategorien, Familienspiel für Kinder & Erwachsene ab 9 Jahren, für 2+ Spieler, ideal für gemeinsame Familienzeit",https://www.amazon.de/dp/B0GSW5BD5M?th=1,1773705600000,200,德国,游戏
1777254360576,亚马逊,B0GS9SHNCK,https://m.media-amazon.com/images/I/41EqH1p8lmL._AC_US200_.jpg,"Dumpling Squishy, Mystery Dumpling Fidget Toys, Anti Stress Spielzeug, Lustige Groß Glitzer Bao Bun Quetschball Für Kinder Und Erwachsene, 2026 Neu Knödel, Stress Angstlinderung Soft Bao Bun",https://www.amazon.de/dp/B0GS9SHNCK?th=1,1773705600000,100,德国,党-
1777254360576,亚马逊,B0GH6TGV6J,https://m.media-amazon.com/images/I/51qYeFxx3WL._SS200_.jpg,3 Stück Tortendeko Kommunion Kreuz Gold Cake Topper für Taufe Konfirmation Torte Deko Acryl Kuchenaufsatz,https://www.amazon.de/dp/B0GH6TGV6J?th=1,1773705600000,100,德国,派对
1777254360576,亚马逊,B0GHN96QM2,https://m.media-amazon.com/images/I/51lCOD0aSeL._AC_US200_.jpg,"Tortendeko Kommunion, 30 Stück Tortenstecker Cake Topper Kommunion, Fisch Eukalyptus Cupcake Topper Deko Torte, Muffin Deko Erstkommunion für Jungen und Mädchen",https://www.amazon.de/dp/B0GHN96QM2?th=1,1773705600000,100,德国,Party & Dekoration
1777254360576,亚马逊,B0GFC8HPLJ,https://m.media-amazon.com/images/I/715LwR6K6CL._AC_US200_.jpg,Nabance Fingerfarben Kinder Ungiftig mit Schwammaufsatz 12 Farben 50ml Fußabdruck Baby Farbe Fussabdruck Fingermalfarben Babysichere Abwaschbar Geschenke für frühkindliches Lernen Malen,https://www.amazon.de/dp/B0GFC8HPLJ?th=1,1773705600000,100,德国,工艺
1777254360576,亚马逊,B0GL1MJXK6,https://m.media-amazon.com/images/I/51yWMQpRQRL._AC_US200_.jpg,jerryvon Hund Spielzeug Kinder-Spielzeug Ab 2 Jahre Mädchen Dog Spiel Kuscheltier Hund Mit Leine der Läuft und Bellt Interaktiver Laufender Für Kinder Junge Mädchen 2 3 4 Jahre Geschenkideen,https://www.amazon.de/dp/B0GL1MJXK6?th=1,1773619200000,100,德国,电子玩具
1777254360576,亚马逊,B0GFDSJ29G,https://m.media-amazon.com/images/I/519Hr0Y2fqL._AC_US200_.jpg,"FRUSE Kinderwaschbecken Spielzeug,Spielspüle Spielzeug mit Elektrischen Wasserhahn,Spielzeugzubehör für die Spielküche,Wasserspielzeug,Angelspielzeug,Waschbecken für Kinder ab 3 Jahre(Grün)",https://www.amazon.de/dp/B0GFDSJ29G?th=1,1773619200000,100,德国,儿童角色扮演游戏
1777254360576,亚马逊,B0GSK5LB8B,https://m.media-amazon.com/images/I/41-Ktiqhf3L._AC_US200_.jpg,IMPOSTOR - FAMILY-Edition | Wer ist der Hochstapler? | Imposter Wortspiel als Familienspiel | Geburtstagsgeschenk-e Kinder 9 10 11 12 Jahre | Kartenspiel-e Trend | Gesellschaftsspiel-e | Wortspiel-e,https://www.amazon.de/dp/B0GSK5LB8B?th=1,1773619200000,500,德国,游戏
1777254360576,亚马逊,B0GSFPQH1T,https://m.media-amazon.com/images/I/515rh9YufKL._AC_US200_.jpg,"Sammelkarten Album für Pokemon Karten, 4-Taschen Kartenmappe, 400 Karten Kapazität, PU-Leder, wasserdicht, mit Reißverschluss, perfekt für Sammler",https://www.amazon.de/dp/B0GSFPQH1T?th=1,1773619200000,100,德国,收藏玩具
1777254360576,亚马逊,B0GLV8Z3FJ,https://m.media-amazon.com/images/I/51p74EO5nyL._AC_US200_.jpg,Book Nook Kit für Erwachsene - CRIOLPO DIY Miniatur Haus Holzpuzzle 3D Puppenhaus - Buchstütze für Bücherregal Deko mit Led Licht Kreatives Geschenk für Leser,https://www.amazon.de/dp/B0GLV8Z3FJ?th=1,1773532800000,100,德国,拼图
1777254360576,亚马逊,B0GLRDKMFJ,https://m.media-amazon.com/images/I/41HF8ngFQLL._AC_US200_.jpg,"tonies Toniebox 2 Bundle Incl. My First Dschungel Set, Pink, Audioplayer für Hörbücher, Lieder, Einschlafen und Tonieplay für Kinder",https://www.amazon.de/dp/B0GLRDKMFJ?th=1,1773532800000,100,德国,电子玩具
1777254360576,亚马逊,B0GS5ZQ3LM,https://m.media-amazon.com/images/I/51r4tWnVASL._AC_US200_.jpg,555 Stück Wasserbomben Selbstschließend: Wasserballons mit 4 Wasserhahn Anschluss - 30 Sekunden Schnellfüller - Ideal für Kinder Poolparty & Wasserschlacht im Garten - perfekt für berufstätige Eltern,https://www.amazon.de/dp/B0GS5ZQ3LM?th=1,1773532800000,100,德国,体育
1777254360576,亚马逊,B0GRGRD5R6,https://m.media-amazon.com/images/I/510egXGcfFL._AC_US200_.jpg,"Air Hockey Hover Puck, Portable Air Hockey mit 2 Roten Lufthockey Drücken, Hockeyspielzeug für Innen und Außen, Simuliertes Hockeyspiel für Kinder Erwachsene",https://www.amazon.de/dp/B0GRGRD5R6?th=1,1773532800000,100,德国,游戏
1777254360576,亚马逊,B0GKZTBNP8,https://m.media-amazon.com/images/I/615WSL2Ia9L._AC_US200_.jpg,"4 Stück Tortendeko Konfirmation, inkl. Taube & Fisch & Kreuz & Zur Konfirmation Tortenstecker, Cake Topper aus Acryl, Gold Kuchendeko Torte Deko für Junge Mädchen Kuchen Dekoration",https://www.amazon.de/dp/B0GKZTBNP8?th=1,1773446400000,100,德国,派对
1777254360576,亚马逊,B0GKZTFZ7Z,https://m.media-amazon.com/images/I/41n3LIRALRL._AC_US200_.jpg,"4 Stück Tortendeko Taufe, inkl. Taube & Fisch & Kreuz & Zur Taufe Tortenstecker, Cake Topper aus Acryl, Gold Kuchendeko Torte Deko für Junge Mädchen Kuchen Dekoration",https://www.amazon.de/dp/B0GKZTFZ7Z?th=1,1773446400000,100,德国,派对
1777254360576,亚马逊,B0GKFPVJ6C,https://m.media-amazon.com/images/I/616POctC4RL._AC_US200_.jpg,Tortenstecker Jugendweihe Deko Junge & Mädchen - Tortendeko Jugendweihe 2026 Cake Topper aus Acryl mit Eukalyptus Design - Originelle Kuchen Deko für Jugendliche,https://www.amazon.de/dp/B0GKFPVJ6C?th=1,1773446400000,100,德国,派对
1777254360576,亚马逊,B0GKG5XGFY,https://m.media-amazon.com/images/I/41qlu++l2eL._AC_US200_.jpg,"Tortendeko Kommunion Junge & Mädchen - Zur Kommunion Tortenstecker mit Elegantes Eukalyptus Design - inkl. Taube, Fisch & Kreuz Cake Topper aus Acryl - Erstkommunion Deko Gold",https://www.amazon.de/dp/B0GKG5XGFY?th=1,1773446400000,100,德国,派对
1777254360576,亚马逊,B0GCZJHYWN,https://m.media-amazon.com/images/I/51QnRixVbCL._AC_US200_.jpg,"Wingyz Pool Spielzeug, Haifisch Luftmatratze Kinder mit Wasserpistole,Aufblasbares Schwimmtier Boot 3-12 Jahre, Wasserspielzeug Planschbecken Garten, Geschenk Jungen & Mädchen",https://www.amazon.de/dp/B0GCZJHYWN?th=1,1773446400000,100,德国,体育
1777254360576,亚马逊,B0GRMFPDBM,https://m.media-amazon.com/images/I/51gTUYX++3L._AC_US200_.jpg,"Seifenblasen Zigaretten, Bubble Puff Zigaretten, Smoke Seifenblasen, Zigarettens Seifenblasens, Neuheit Geschenke für Damen Herren",https://www.amazon.de/dp/B0GRMFPDBM?th=1,1773446400000,100,德国,体育
1777254360576,亚马逊,B07RPVTDPX,https://m.media-amazon.com/images/I/41mkS7UOlWL._AC_US200_.jpg,"BECO Schwimmgürtel Kinder 3-6 Jahre, einstellbare Schwimmhilfe für Kinder mit 5 Blockelementen & Sicherheitsverschluss, Schwimmtrainer geeignet für 19-30 kg",https://www.amazon.de/dp/B07RPVTDPX?th=1,1773446400000,200,德国,体育
1777254360576,亚马逊,B0GJJ9QV5N,https://m.media-amazon.com/images/I/51pfkweLTfL._AC_US200_.jpg,"Sammelkarten Album, 4 -Taschen PU Leder Karten Sammelalbum, 50 Seiten 400 Karten Kapazität Wasserdicht Card Binder, SammelHeft Ordner Buch, Kartenmappe, Geschenke von Sammlern und Kindern.",https://www.amazon.de/dp/B0GJJ9QV5N?th=1,1773360000000,100,德国,收藏玩具
1777254360576,亚马逊,B0GK91CZLV,https://m.media-amazon.com/images/I/71kRfUkQn7L._AC_US200_.jpg,1. Geburtstag Mädchen Luftballon 1. Geburtstag Cartoon-Thema Folienballon und Helium Ballons Geburtstagsdeko 1 Jahr Set für Kindergeburtstag und Partydeko,https://www.amazon.de/dp/B0GK91CZLV?th=1,1773360000000,100,德国,派对
1777254360576,亚马逊,B0G6LCY4LC,https://m.media-amazon.com/images/I/712qLvbkJgL._AC_US200_.jpg,Sammelkarten Album Karten Sammelalbum Sammelheft Binder Trading Card Album Card folder Hefter Ordner (50Pcs Seiten für 400 Karten),https://www.amazon.de/dp/B0G6LCY4LC?th=1,1773360000000,100,德国,收藏玩具
1777254360576,亚马逊,B0GLQZJKKS,https://m.media-amazon.com/images/I/71lAfywJk8L._AC_US200_.jpg,"tonies Toniebox 2 Bundle Incl. My First Dschungel Set, Meeresgrün, Audioplayer für Hörbücher, Lieder, Einschlafen und Tonieplay für Kinder",https://www.amazon.de/dp/B0GLQZJKKS?th=1,1773360000000,100,德国,电子玩具
1777254360576,亚马逊,B0FGY172DT,https://m.media-amazon.com/images/I/516Woma8RIL._AC_US200_.jpg,"MGA's Miniverse Make It Mini Taco Bell Series 1 - Mini-Sammlerstücke, DIY, Kunstharz-Bastelspiel, Nachgebildete Lebensmittel, Nicht Essbar, Für Sammler & Kinder ab 8",https://www.amazon.de/dp/B0FGY172DT?th=1,1773360000000,100,德国,儿童角色扮演游戏
1777254360576,亚马逊,B0GJ59CBVX,https://m.media-amazon.com/images/I/71Fz1cgfjfL._AC_US200_.jpg,"Lehoo Castle Montessori Spielzeug ab 3 4 5 Jahre, Kinder Werkzeugkoffer mit Werkzeug Motorikspielzeug Holzspielzeug Schraubendreher Busy Board, ADHS & Autismus Sensorik Spielzeug Geschenke",https://www.amazon.de/dp/B0GJ59CBVX?th=1,1773360000000,100,德国,儿童角色扮演游戏
1777254360576,亚马逊,B0GNSY3G7T,https://m.media-amazon.com/images/I/417QAJ8XAvL._AC_US200_.jpg,I TÜV geprüfte Schwimmlernhilfe für Kinder 1–8 Jahre I Sicherer Auftrieb ohne Luftverlust I Sofort einsatzbereit I Inkl. Sportbeutel & Schwimmabzeichen,https://www.amazon.de/dp/B0GNSY3G7T?th=1,1773360000000,100,德国,体育
1777254360576,亚马逊,B0GHS24ZQM,https://m.media-amazon.com/images/I/512MhUrVMHL._AC_US200_.jpg,"Puzzle 1000 Teile Erwachsene Turtle Klassische Puzzle Erwachsene 70 X 50cm, 1000-Teile-Puzzle Geeignet zur Wanddekoration und Zur Vorbeugung Altersbedingter Amnesie mit 1:1-Poster",https://www.amazon.de/dp/B0GHS24ZQM?th=1,1773360000000,100,德国,拼图
1777254360576,亚马逊,B0FX19HNG5,https://m.media-amazon.com/images/I/91V1uFzT4iL._AC_US200_.jpg,"Pokémon-Sammelkartenspiel: Premium-Poster-Kollektion Mega-Entwicklung – Erhabene Helden: Mega-Lucario (1 holografische Promokarte, 1 doppelseitiges Poster und 10 Boosterpacks)",https://www.amazon.de/dp/B0FX19HNG5?th=1,1773360000000,500,德国,爱好
1777254360576,亚马逊,B0GMQM7F6Z,https://m.media-amazon.com/images/I/51xTydyakYL._AC_US200_.jpg,"ELONEO Nestschaukel Outdoor & Indoor mit 120 cm Durchmesser | Tellerschaukel bis 300kg belastbar | höhenverstellbare Hängeschaukel inkl. Kissen, Griffen und Zubehör-Set | Premium Schaukel",https://www.amazon.de/dp/B0GMQM7F6Z?th=1,1773360000000,200,德国,体育
1777254360576,亚马逊,B0GKMX3FFC,https://m.media-amazon.com/images/I/71vKje3uTKL._AC_US200_.jpg,"PANTASY Prager Astronomische Uhr Klemmbaustein Set, Gotischer Uhrturm Architekturmodell mit Beweglichen Astronomischen Zifferblättern, Historisches Wahrzeichen Sammlermodell für Erwachsene",https://www.amazon.de/dp/B0GKMX3FFC?th=1,1773273600000,200,德国,建筑-
1777254360576,亚马逊,B0GHRYBGP9,https://m.media-amazon.com/images/I/51hXO895UyL._AC_US200_.jpg,"Puzzle 1000 Teile Erwachsene Castle 1000-Teile-Puzzle 70 X 50cm, Klassische Puzzles Erwachsene Geeignet als Wanddekoration und Geschenk mit 1:1-Poster und Geschenkbox",https://www.amazon.de/dp/B0GHRYBGP9?th=1,1773273600000,100,德国,拼图
1777254360576,亚马逊,B0GK61X55K,https://m.media-amazon.com/images/I/5138GHhXL+L._AC_US200_.jpg,"Highttoy Leuchtender Flüssigsilikon Große Squishy Bastelset Kinder, 480ml 1:1 Verhältnis Gemischt Squishy Selber Machen Set mit 9 Formen & Zubehör, Stressabbau Sensorik Spielzeug ab 6 Jahre",https://www.amazon.de/dp/B0GK61X55K?th=1,1773273600000,100,德国,党-
1777254360576,亚马逊,B0GKLVV36F,https://m.media-amazon.com/images/I/51iKRV0V5XL._AC_US200_.jpg,"PANTASY Dinosaurier Museum Klemmbaustein Set, Barockes Architekturmodell mit Erweiterbaren Ausstellungshallen, Modulares Straßenmodell, Sammler Gebäude mit Interaktivem Display für Erwachsene",https://www.amazon.de/dp/B0GKLVV36F?th=1,1773273600000,100,德国,建筑-
1777254360576,亚马逊,B0GPPVR5H8,https://m.media-amazon.com/images/I/51vWrZE0QPL._AC_US200_.jpg,MUTKIND® 1500x Bügelperlen Groß 10mm [10 Tolle Pastell Farben] - Für Kinder ab 3 Jahren - Extra Leicht zu Greifen - XL Große Bügelperlen Maxi Steckperlen Set - Inkl. 50 kreativen Vorlagen zum Download,https://www.amazon.de/dp/B0GPPVR5H8?th=1,1773273600000,600,德国,工艺
1777254360576,亚马逊,B0GLR5SJCS,https://m.media-amazon.com/images/I/31EZnwbiyqL._AC_US200_.jpg,"tonies Toniebox 2 Bundle Incl. My First Bauernhof Set, Meeresgrün, Audioplayer für Hörbücher, Lieder, Einschlafen und Tonieplay für Kinder",https://www.amazon.de/dp/B0GLR5SJCS?th=1,1773273600000,200,德国,电子玩具
1777254360576,亚马逊,B0GNTKPDK7,https://m.media-amazon.com/images/I/41qhJSEZReL._AC_US200_.jpg,I TÜV geprüfte Schwimmlernhilfe für Kinder 1–8 Jahre I Sicherer Auftrieb ohne Luftverlust I Sofort einsatzbereit I Inkl. Sportbeutel & Schwimmabzeichen,https://www.amazon.de/dp/B0GNTKPDK7?th=1,1773273600000,200,德国,体育
1777254360576,亚马逊,B0GHYKLBD6,https://m.media-amazon.com/images/I/51zFEKe8niL._AC_US200_.jpg,"Sandspielzeug Strandspielzeug Junge Mädchen mit Faltbarer Eimer Kinder Sandkasten Spielzeug, 19 PCS Sandförmchen Sandschaufel Kinder, Reise Sand Spielzeug ab 3 Jahr",https://www.amazon.de/dp/B0GHYKLBD6?th=1,1773273600000,200,德国,体育
1777254360576,亚马逊,B0GS2L6HCV,https://m.media-amazon.com/images/I/41BmW91jxdL._AC_US200_.jpg,"Glitter Dumpling Squishy Mystery, Glitter Dumpling mit Dampfgarer, Rainbow Mystery Squishy Bun, Stressabbau-Spielzeug für Erwachsene Ideal als Partygeschenk oder für die Goodie Bag Zufällige Farbe 1PC",https://www.amazon.de/dp/B0GS2L6HCV?th=1,1773273600000,200,德国,党-
1777254360576,亚马逊,B0GRTVT5YN,https://m.media-amazon.com/images/I/414pr-8xhHL._AC_US200_.jpg,"Dumpling Squishies 2026, Squishiest Bun Dumplings with Steamer Box, 10 cm Glitter Dumpling Dampfgarer, Giant Extra Large Squishy Dumpling Stress Relief Sensory Ball Anxiety Relief Toys Kids & Adults",https://www.amazon.de/dp/B0GRTVT5YN?th=1,1773273600000,200,德国,党-
1777254360576,亚马逊,B0GPRF5R4N,https://m.media-amazon.com/images/I/41z9YeiLO7L._AC_US200_.jpg,"Malle Sticker Set 135 Stück – 21 Motive | UV-beständig, wasserfest, Vinyl 90µm | Malle Aufkleber für JGA, Ballermann Party & Festival | Sauf Sticker Mallorca Accessoires",https://www.amazon.de/dp/B0GPRF5R4N?th=1,1773273600000,100,德国,派对
1777254360576,亚马逊,B0GQLGYCW2,https://m.media-amazon.com/images/I/51DRm8AdJRL._AC_US200_.jpg,"50 Stück Partygeschirr Set,Kindergeburtstag Geschirr Set,Partygeschirr Geburtstag,Kindergeburtstag Deko mit Teller Becher Servietten,Party Geschirr für 10 Gäste",https://www.amazon.de/dp/B0GQLGYCW2?th=1,1773273600000,100,德国,派对
1777254360576,亚马逊,B0GS1YZ4KJ,https://m.media-amazon.com/images/I/61pzRXE+86L._AC_US200_.jpg,Wassermuschel Sandmuschel Sandkasten 2-teilig aus Kunststoff Muschel mit Deckel (pink mit Sterne),https://www.amazon.de/dp/B0GS1YZ4KJ?th=1,1773187200000,100,德国,体育
1777254360576,亚马逊,B0BZRVM77M,https://m.media-amazon.com/images/I/51O6iHMBdPL._AC_US200_.jpg,"Gemmicc Magnetische Bausteine, Magnetspielzeug für Kinder, STEM-zertifiziertes Lernspielzeug, 3D Magnet-Puzzle & Stapelblöcke für Jungen und Mädchen, 55-teiliges Starter-Set",https://www.amazon.de/dp/B0BZRVM77M?th=1,1773187200000,100,德国,建筑-
1777254360576,亚马逊,B0G6D59113,https://m.media-amazon.com/images/I/51HROo3Fy+L._SS200_.jpg,"3 Stück Furzspray Scherzartikel - Stinkbomben Fart Spray für Erwachsene, Prank Artikel, Pupsspray, Stinkspray Halloween Karneval Aprilscherz Prank Sachen, Nicht Giftig, DREI Düfte",https://www.amazon.de/dp/B0G6D59113?th=1,1773187200000,100,德国,党-
1777254360576,亚马逊,B0G7GLFLTP,https://m.media-amazon.com/images/I/51FRnIXDkgL._AC_US200_.jpg,"AOKITO 5000+ Loom Bänder Set für Kinder, 64 Farben DIY Gummibänder mit Perlen Haken Charms und Aufbewahrungsbox, Armbänder Selber Machen Zubehör, Geschenke für Mädchen Jungs",https://www.amazon.de/dp/B0G7GLFLTP?th=1,1773187200000,100,德国,工艺
1777254360648,亚马逊,B0GVMQHWBS,https://m.media-amazon.com/images/I/51qe7958loL._AC_US200_.jpg,"AhfuLife 8 Packs World Flag Bunting for World Cup Party Decorations 2026, 48 Teams Include Czechia, Bosnia & Herzegovina and Sweden Flags Double Sides Fabric Banner for World Cup Football Garden Decor",https://www.amazon.co.uk/dp/B0GVMQHWBS?th=1,1775088000000,200,英国,Party Supplies
1777254360649,亚马逊,B0GTYXHT39,https://m.media-amazon.com/images/I/512Cxssv4OL._AC_US200_.jpg,"Random Dumpling Squishy Mystery Box-Glitter Dumpling Squishy Box, 10+1 Colors Dumplings Squishy Toy, Unique Gifts for Kids and Adults ,More Surprises (Random-1pcs)",https://www.amazon.co.uk/dp/B0GTYXHT39?th=1,1774656000000,300,英国,Novelty & Gag Toys
1777254360649,亚马逊,B0GTW7ZPRC,https://m.media-amazon.com/images/I/41ut9P+VwBL._AC_US200_.jpg,Toyland® Pastel Rainbow Squishy Bao Dumpling Sensory Fidget Toy with Plastic Steamer Box - Squeeze Toys for Kids - Ages 3+ - 1 Chosen At Random,https://www.amazon.co.uk/dp/B0GTW7ZPRC?th=1,1774656000000,1000,英国,Novelty & Gag Toys
1777254360649,亚马逊,B0GLR815DN,"https://m.media-amazon.com/images/I/31i04HmLSML._AC_SR200,200_.jpg",Bald Cap costume kit with sunglasses- Pitbull costume fancy dress Mr Worldwide - Music festival fancy dress party Accesory,https://www.amazon.co.uk/dp/B0GLR815DN?th=1,1774569600000,200,英国,Dress Up & Pretend Play
1777254360649,亚马逊,B0G66LCW88,https://m.media-amazon.com/images/I/71UckYJNbAL._AC_US200_.jpg,Ravensburger K-Pop Demon Hunters 100 Piece XXL Jigsaw for Kids Ages 6+ Large Format Character Puzzle,https://www.amazon.co.uk/dp/B0G66LCW88?th=1,1774569600000,300,英国,Jigsaws & Puzzles
1777254360649,亚马逊,B0GSBFPKMW,https://m.media-amazon.com/images/I/61abvBsWNWL._AC_US200_.jpg,"Dumpling Squishys - Colorful Squishy Dumpling Stress Balls, Dumpling Squishy Toy With Steamer Box, Cute Steamed Bun Fidget Toys for Anxiety Relief (#H)",https://www.amazon.co.uk/dp/B0GSBFPKMW?th=1,1774569600000,300,英国,Novelty & Gag Toys
1777254360649,亚马逊,B0GR4BGZDL,https://m.media-amazon.com/images/I/41+MWwohMIL._AC_US200_.jpg,"6 PCS Mystery Dumpling Squishy Toy with Steamer Box, Jumbo Dumpling Squishy Stress Ball, Soft Squeeze Anxiety Relief Fidget Toy, Cute Steamer Bun Sensory Toy for Kids Teens Adults",https://www.amazon.co.uk/dp/B0GR4BGZDL?th=1,1774483200000,200,英国,Novelty & Gag Toys
1777254360649,亚马逊,B0GTLCDBKB,https://m.media-amazon.com/images/I/41OZE8YbMHL._AC_US200_.jpg,"Butter Squishy, Salted Butter Design Stress Relief Squishies for Desk, Anxiety Relief Fidget Toy Sensory Toys for Adults & Kids, Funny-Themed Office Decor",https://www.amazon.co.uk/dp/B0GTLCDBKB?th=1,1774483200000,200,英国,Novelty & Gag Toys
1777254360649,亚马逊,B0GQSK2MGP,https://m.media-amazon.com/images/I/31wWgeyE16L._AC_US200_.jpg,"Cheese Squishy,Squishy Cheese,Big Cheese Squishy Stress Ball Realistic Design,Lovely Unbreakable Cute Cheese Cute Toy Soft Foam Stress Toy for Men Women for Stress Relief Squeeze Ball",https://www.amazon.co.uk/dp/B0GQSK2MGP?th=1,1774396800000,200,英国,Novelty & Gag Toys
1777254360649,亚马逊,B0GS19XQTR,https://m.media-amazon.com/images/I/41Pc2DmfGyL._AC_US200_.jpg,"Butter Squishy, Butter Stick Squishy Stress Ball, Soft Butter Squishys Stress Relief Block, Portable Decompression Squeeze Butter Toy, Anxiety Relief Fidget Toy for Kids Adults Office Home",https://www.amazon.co.uk/dp/B0GS19XQTR?th=1,1774310400000,1000,英国,Novelty & Gag Toys
1777254360649,亚马逊,B0GPWKJCDC,https://m.media-amazon.com/images/I/41CxAjpqbaL._AC_US200_.jpg,"Dumpling Squishy Toys, 4Pcs Mystery Squishy Dumpling Toy, Dumplings Fidget Sensory Toys Anxiety Relief, Cute Squishies Dumplings Stress Balls for Adults Kids",https://www.amazon.co.uk/dp/B0GPWKJCDC?th=1,1774310400000,300,英国,Novelty & Gag Toys
1777254360649,亚马逊,B0GSR6JXN9,https://m.media-amazon.com/images/I/41CxachJcFL._AC_US200_.jpg,Toyland® Glitter Pink Squishy Bao Dumpling Sensory Fidget Toy with Plastic Steamer Box - Squeeze Toys for Kids - Ages 3+,https://www.amazon.co.uk/dp/B0GSR6JXN9?th=1,1774310400000,1000,英国,Novelty & Gag Toys
1777254360649,亚马逊,B0GSR46F2Q,https://m.media-amazon.com/images/I/41DQ+7L2UJL._AC_US200_.jpg,Toyland® Metallic Silver Squishy Bao Dumpling Sensory Fidget Toy with Plastic Steamer Box - Squeeze Toys for Kids - Ages 3+,https://www.amazon.co.uk/dp/B0GSR46F2Q?th=1,1774310400000,500,英国,Novelty & Gag Toys
1777254360649,亚马逊,B0GSR2BL1K,https://m.media-amazon.com/images/I/41t0leVvTEL._AC_US200_.jpg,Toyland® Metallic Gold Squishy Bao Dumpling Sensory Fidget Toy with Plastic Steamer Box - Squeeze Toys for Kids - Ages 3+,https://www.amazon.co.uk/dp/B0GSR2BL1K?th=1,1774310400000,2000,英国,Novelty & Gag Toys
1777254360649,亚马逊,B0GMRFKR7D,https://m.media-amazon.com/images/I/714RBRmzpcL._AC_US200_.jpg,Lottie Brooks - The Extremely Embarrassing Life of Lottie Brooks (Book 1),https://www.amazon.co.uk/dp/B0GMRFKR7D?th=1,1774137600000,200,英国,婴儿和幼儿玩具
1777254360649,亚马逊,B0GT9BFVLJ,https://m.media-amazon.com/images/I/31UAkwj2dML._AC_US200_.jpg,"Cheese Squishy, Various Shapes Big Brain Cheese Stress Ball Realistic Design, Anxiety Relief Fidget Toy Sensory Toys For Adults & Kids (I(Cheese+butter))",https://www.amazon.co.uk/dp/B0GT9BFVLJ?th=1,1774137600000,900,英国,Novelty & Gag Toys
1777254360649,亚马逊,B0GT58F9FG,https://m.media-amazon.com/images/I/41+UNc9-tcL._AC_US200_.jpg,"Dumpling Squishy, Glitter Steamed Bun Stress Ball, Soft Squeeze Fidget Toy for Stress and Anxiety Relief, Cute Squishy Toy (H)",https://www.amazon.co.uk/dp/B0GT58F9FG?th=1,1774137600000,200,英国,Novelty & Gag Toys
1777254360649,亚马逊,B0GT537H53,https://m.media-amazon.com/images/I/41axub-hFGL._AC_US200_.jpg,"Dumpling Squishy,10Cm Giant Mystery Dumplings Squishy,Glitter Squishy Dumpling Squeeze Toy ,Portable Decompression Sensory Toy, Anxiety Relief Fidget Toy For Kids Adults (Dumpling Squishy,Pink)",https://www.amazon.co.uk/dp/B0GT537H53?th=1,1774137600000,1000,英国,Novelty & Gag Toys
1777254360649,亚马逊,B0GT86TY2N,https://m.media-amazon.com/images/I/31jwHnHpe4L._AC_US200_.jpg,"Butter Squishy, Cheese Squishy, Salted Butter Design Stress Relief Squishies for Desk, 4oz Replica Sensory Fidget for Adults, Funny-Themed Office Decor (6CM Cheese and Butter)",https://www.amazon.co.uk/dp/B0GT86TY2N?th=1,1774051200000,2000,英国,Novelty & Gag Toys
1777254360649,亚马逊,B0GT4RR76D,https://m.media-amazon.com/images/I/71q3IcmsSWL._AC_US200_.jpg,"Dumpling Squishy, Glitter Dumpling Squishies Toy, Stress Relief Squishy Toys, Portable Decompression Squeeze Toy, Soft Squeeze Decompression Dough, Cute Steamed Bun Fidget Toys Anxiety Relief (A)",https://www.amazon.co.uk/dp/B0GT4RR76D?th=1,1774051200000,200,英国,Novelty & Gag Toys
1777254360649,亚马逊,B0GMR4RZ2G,https://m.media-amazon.com/images/I/712AztDSN8L._AC_US200_.jpg,Tonies Audio Character - The Wiggles: Dorothy Dinosaur,https://www.amazon.co.uk/dp/B0GMR4RZ2G?th=1,1773964800000,900,英国,婴儿和幼儿玩具
1777254360649,亚马逊,B0GGHH3XHL,https://m.media-amazon.com/images/I/81IumlXByxL._AC_US200_.jpg,Pokémon TCG: Mega Evolution—Perfect Order Booster Display (18 Booster Packs),https://www.amazon.co.uk/dp/B0GGHH3XHL?th=1,1773964800000,2000,英国,Games & Accessories
1777254360649,亚马逊,B0GMQTGNM1,https://m.media-amazon.com/images/I/61QtrHL33+L._AC_US200_.jpg,TONIES Peppa Pig: The New Baby Audio Classic Tonie Character,https://www.amazon.co.uk/dp/B0GMQTGNM1?th=1,1773964800000,400,英国,婴儿和幼儿玩具
1777254360649,亚马逊,B0GMRVXD2K,https://m.media-amazon.com/images/I/713y2ktHEKL._AC_US200_.jpg,tonies audio character Postman Pat [UK],https://www.amazon.co.uk/dp/B0GMRVXD2K?th=1,1773964800000,600,英国,婴儿和幼儿玩具
1777254360649,亚马逊,B0GGJFYZ9V,https://m.media-amazon.com/images/I/51pCTJXDWAL._AC_US200_.jpg,"Mini Resin Animals Figures (Set of 60) | 60 Styles No Repeat, Glow in the Dark, Great for Micro Landscape Potted Garden Aquarium Dollhouse Decor (Small)",https://www.amazon.co.uk/dp/B0GGJFYZ9V?th=1,1773964800000,200,英国,Dolls & Accessories
1777254360649,亚马逊,B0GSZRKBWZ,https://m.media-amazon.com/images/I/417SkHjDzHL._AC_US200_.jpg,"Glitter Jellyfish Squishy Toy, Stress Relief Fidget Toy for Kids & Adults, Soft TPR Sensory Toy with Wiggly Tentacles, Portable Anxiety Relief Squeeze Ball for Office, School & Travel (Pink)",https://www.amazon.co.uk/dp/B0GSZRKBWZ?th=1,1773964800000,400,英国,Novelty & Gag Toys
1777254360649,亚马逊,B0GSZBHVZV,https://m.media-amazon.com/images/I/31E2sxYA6aL._AC_US200_.jpg,"Glitter Jellyfish Squishy Toy, Stress Relief Fidget Toy for Kids & Adults, Soft TPR Sensory Toy with Wiggly Tentacles, Portable Anxiety Relief Squeeze Ball for Office, School & Travel (Blue)",https://www.amazon.co.uk/dp/B0GSZBHVZV?th=1,1773964800000,1000,英国,Novelty & Gag Toys
1777254360649,亚马逊,B0GT8NSF9J,https://m.media-amazon.com/images/I/31UAkwj2dML._AC_US200_.jpg,"Butter Squishy, Cheese Squishy, Big Cheese Squishy Stress Ball Realistic Design, Slow-Rebound Shapeable Squeeze Ball Sensory Fidget Toy Relieves Stress for Kids and Adults (2pcs-B)",https://www.amazon.co.uk/dp/B0GT8NSF9J?th=1,1773964800000,500,英国,Novelty & Gag Toys
1777254360649,亚马逊,B0GS8XMFB2,https://m.media-amazon.com/images/I/31GX1X0tcbL._AC_US200_.jpg,"Dumpling Squishies Toy, Giant Glitter Dumpling Squishy, Colorful Dumplings Stress Balls Fidget Sensory Toy,Squeeze Dough Ball Stress Relief Hand Toys with Food Steamer Stretchy Desk Toys (Pink)",https://www.amazon.co.uk/dp/B0GS8XMFB2?th=1,1773964800000,700,英国,Novelty & Gag Toys
1777254360649,亚马逊,B0GGHFC7Q6,https://m.media-amazon.com/images/I/51z6F7bQGnL._AC_US200_.jpg,"24 Pack Easter Eggs Fillers with Girls Bracelets Necklace Rings, Gifts for Girls Easter Basket Stuffers Gifts for Kids Egg Hunt Kit",https://www.amazon.co.uk/dp/B0GGHFC7Q6?th=1,1773878400000,200,英国,Party Supplies
1777254360649,亚马逊,B0GSZ222CX,https://m.media-amazon.com/images/I/51GZHjO1KUL._AC_US200_.jpg,"12pcs Dumpling-shaped Soft And Cute Toys | Giant Dumpling Squishys, Cute Soft Glitter Calming For Relaxation Boys Girls Children Adults Students Home Office Classroom",https://www.amazon.co.uk/dp/B0GSZ222CX?th=1,1773878400000,300,英国,Novelty & Gag Toys
1777254360649,亚马逊,B0GSZPXLHN,https://m.media-amazon.com/images/I/31-lwf2ooVL._AC_US200_.jpg,"Glitter Jellyfish Squishy Toy, Stress Relief Fidget Toy for Kids & Adults, Soft TPR Sensory Toy with Wiggly Tentacles, Portable Anxiety Relief Squeeze Ball for Office, School & Travel (Purple)",https://www.amazon.co.uk/dp/B0GSZPXLHN?th=1,1773878400000,300,英国,Novelty & Gag Toys
1777254360649,亚马逊,B0GQYG6FKS,https://m.media-amazon.com/images/I/61OlkKBUpKL._AC_US200_.jpg,"Chocolate Squeeze Fidget Toy, Chocolate Shaped Slow-Rising Squishy Toy, Soft Silicone Stress Relief Toys For Adults Kids, Office School Home Travel Use",https://www.amazon.co.uk/dp/B0GQYG6FKS?th=1,1773878400000,200,英国,Novelty & Gag Toys
1777254360649,亚马逊,B0GSZH53PH,https://m.media-amazon.com/images/I/416jOnRZHWL._AC_US200_.jpg,"Water Drop Fidget Stress Ball, Squishy Stress Ball, Ice Squishy Stress Cube-Drop Malt Sugar Balls Sensory for Anxiety Stress Easter Party Favors (Blue)",https://www.amazon.co.uk/dp/B0GSZH53PH?th=1,1773878400000,200,英国,Novelty & Gag Toys
1777254360649,亚马逊,B0GSZGG6RB,https://m.media-amazon.com/images/I/3186UWc1NPL._AC_US200_.jpg,"Water Drop Fidget Stress Ball, Squishy Stress Ball, Ice Squishy Stress Cube-Drop Malt Sugar Balls Sensory for Anxiety Stress Easter Party Favors (Pink)",https://www.amazon.co.uk/dp/B0GSZGG6RB?th=1,1773878400000,500,英国,Novelty & Gag Toys
1777254360649,亚马逊,B0GT11LZQV,https://m.media-amazon.com/images/I/411J6-n3KeL._AC_US200_.jpg,"Nice Cube, Ice Cube Stress Relief Fidget Toys, Squishy Color Doh Cube Squeeze Toys for Kids Adults, Sensory Hand Exercise Stress Balls for Autism Anxiety Relief (Purple)",https://www.amazon.co.uk/dp/B0GT11LZQV?th=1,1773878400000,900,英国,Novelty & Gag Toys
1777254360649,亚马逊,B0GSZF783B,https://m.media-amazon.com/images/I/412KVCovoTL._AC_US200_.jpg,"Squishys, Squishies, Butter Squishy, Realistic Butter Bar Slow Rising Squeeze Stress Relief Sensory Fidget for Adults Anxiety Relief Calming Tactile Portable Soft",https://www.amazon.co.uk/dp/B0GSZF783B?th=1,1773878400000,300,英国,Novelty & Gag Toys
1777254360649,亚马逊,B0GRGSR6SF,https://m.media-amazon.com/images/I/41jLkuF4h6L._AC_US200_.jpg,"Dumpling Squishies Toy, Dumpling Squishy Mystery Box, Fun Mini DumplingSquishies Glitter Toy, Soft Squishy Stress Relief & Rebounding Sensory Fidget Toy for Adults (Blue)",https://www.amazon.co.uk/dp/B0GRGSR6SF?th=1,1773792000000,200,英国,Novelty & Gag Toys
1777254360649,亚马逊,B0G64FZCK2,https://m.media-amazon.com/images/I/51Mp1R-aeEL._AC_US200_.jpg,"Chennyfun Frog Bubble Machine for Kids, Bubble Blower with 2 Bottles of Solutions, Automatic Bubble Maker Machine Blaster, Indoor Outdoor Toy Garden Games for Baby Children Gift Party Favor",https://www.amazon.co.uk/dp/B0G64FZCK2?th=1,1773792000000,200,英国,体育玩具与户外
1777254360649,亚马逊,B0GQXN6X9Y,https://m.media-amazon.com/images/I/413ryLRWWnL._AC_US200_.jpg,"Cheese Squishy Cube Stress Ball, Squishy Cheese Sensory, Slow-Rebound Shapeable Squeeze, Soft Squeeze Doug For Adults, Anxiety Relief",https://www.amazon.co.uk/dp/B0GQXN6X9Y?th=1,1773792000000,300,英国,Novelty & Gag Toys
1777254360649,亚马逊,B0GKNM2L2V,https://m.media-amazon.com/images/I/51cdInuH21L._AC_US200_.jpg,"12 Pcs Easter Eggs Filled with Bunny Toys, Prefilled Easter Eggs for Easter Egg Hunt, Easter Gifts for Kids, Basket Stuffers and Party Favors",https://www.amazon.co.uk/dp/B0GKNM2L2V?th=1,1773792000000,200,英国,Novelty & Gag Toys
1777254360649,亚马逊,B0GSJ72PZX,https://m.media-amazon.com/images/I/710ryiM3xsL._AC_US200_.jpg,"Glitter Dumpling Squishy, Giant Dumpling Squishys Toy With Steamer Box, Dumplings Squishy, Cute Soft Squeeze Dough Hand Fidget Toys, Stress Relief Dumplings Squishys Squeeze Toy (#A)",https://www.amazon.co.uk/dp/B0GSJ72PZX?th=1,1773792000000,200,英国,Novelty & Gag Toys
1777254360649,亚马逊,B0GGNKW67Z,https://m.media-amazon.com/images/I/41p0FHCvT6L._AC_US200_.jpg,"Pop Up Toys for 1-2 Year Old Boys Girls, Montessori Wooden Toy for 12-18+ Months Kids, Colour Sorting Sensory Toy for Toddlers Age 1-3, Fine Motor Skills Educational Toys 1st Birthday Gifts Presents",https://www.amazon.co.uk/dp/B0GGNKW67Z?th=1,1773792000000,300,英国,婴儿和幼儿玩具
1777254360649,亚马逊,B0GQRWCXSW,https://m.media-amazon.com/images/I/31ysVVtgM6L._AC_US200_.jpg,"2Pcs Butter Stick Slow Rising, Cute Viral Gadgets Fidget, Stress Relief Gifts Decoration for Office Home Travel Work Adult Women",https://www.amazon.co.uk/dp/B0GQRWCXSW?th=1,1773792000000,300,英国,Novelty & Gag Toys
1777254360649,亚马逊,B0GSYJXNSG,https://m.media-amazon.com/images/I/61A5cgGYxML._AC_US200_.jpg,"Dumpling Squishy Toy with Steamer Box, Dumpling Mystery Box, Cute Slow Rising Sensory Stress Relief Toy for Kids & Adults, Sensory Stress Ball Squeeze Toys for Kids & Adults (B)",https://www.amazon.co.uk/dp/B0GSYJXNSG?th=1,1773792000000,200,英国,Novelty & Gag Toys
1777254360649,亚马逊,B0G28PLLWT,https://m.media-amazon.com/images/I/712gL82JXNL._AC_US200_.jpg,"Squeeze Toys for Kids,3.75in*2.8in,Durable Stress Relief Toys,Not Easy to Fall Off,Autism Stress Relief,Stress Balls for Adults and Children,Classroom Prizes,Safe & Fun Fidget Toys (Blue)",https://www.amazon.co.uk/dp/B0G28PLLWT?th=1,1773792000000,200,英国,Novelty & Gag Toys
1777254360649,亚马逊,B0GQY8LWJD,https://m.media-amazon.com/images/I/41zGtImOAWL._AC_US200_.jpg,"Squeeze Butter Toy ,Butter Stick Squishy Stress Toy,Slow Rebound Cute Butter Squeeze Stress Balls,5.5 x 1.4 inch Stress Relief Sensory Toys for Adults,Funny-Themed Office Decor (1PCS)",https://www.amazon.co.uk/dp/B0GQY8LWJD?th=1,1773705600000,600,英国,Novelty & Gag Toys
1777254360649,亚马逊,B0GSQJ816S,https://m.media-amazon.com/images/I/41mV8nSrr0L._AC_US200_.jpg,"Butter Squishy, Soft Butter Squishys Stress Relief Block,Squeeze Butter Stress Toy, Portable Decompression Sensory Toy, Anxiety Relief Fidget Toy for Kids Adults Office Home (Butter Squishy,2PCS)",https://www.amazon.co.uk/dp/B0GSQJ816S?th=1,1773705600000,200,英国,Novelty & Gag Toys
1777254360649,亚马逊,B0GSQGXNMV,https://m.media-amazon.com/images/I/31PN7itUQuL._AC_US200_.jpg,"Butter Squishy, Soft Butter Squishys Stress Relief Block,Squeeze Butter Stress Toy, Portable Decompression Sensory Toy, Anxiety Relief Fidget Toy for Kids Adults Office Home (Butter Squishy,1PC)",https://www.amazon.co.uk/dp/B0GSQGXNMV?th=1,1773705600000,1000,英国,Novelty & Gag Toys
1777254360649,亚马逊,B0GSPZPSDZ,https://m.media-amazon.com/images/I/31fdhSEo93L._AC_US200_.jpg,"Butter Squishy, Soft Cheese Squishys Stress Relief Block,Squeeze Cheese Stress Toy, Portable Decompression Sensory Toy, Anxiety Relief Fidget Toy for Kids Adults Office Home (2PCS)",https://www.amazon.co.uk/dp/B0GSPZPSDZ?th=1,1773705600000,1000,英国,Novelty & Gag Toys
1777254360649,亚马逊,B0G7Y3VKJX,https://m.media-amazon.com/images/I/41GuM8GtpEL._AC_US200_.jpg,"QIFU Pastel Balloons, 12 Inch Easter Balloons Macaron Multicoloured Latex Balloons Assorted Pastel Rainbow Party Balloon for Kids Birthday Easter Decorations Baby Shower Unicorn Theme Birthday",https://www.amazon.co.uk/dp/B0G7Y3VKJX?th=1,1773705600000,200,英国,Party Supplies
1777254360649,亚马逊,B0FGDQQZ9F,https://m.media-amazon.com/images/I/41F6sb54EfL._AC_US200_.jpg,"Giant Glitter Dumpling, Blue Giant Squishy Dumpling Stress Toy Cute Steamer Bun Design Stress & Anxiety Relief Squishy Dumplings Toys for Adults Kids",https://www.amazon.co.uk/dp/B0FGDQQZ9F?th=1,1773619200000,500,英国,Novelty & Gag Toys
1777254360649,亚马逊,B0GSHRT5JH,https://m.media-amazon.com/images/I/41Nibvw6V5L._AC_US200_.jpg,"Glitter Dumpling Squishy, Giant Dumpling Squishys Toy With Steamer Box, Dumplings Squishy, Cute Soft Squeeze Dough Hand Fidget Toys, Stress Relief Dumplings Squishys Squeeze Toy (#H)",https://www.amazon.co.uk/dp/B0GSHRT5JH?th=1,1773619200000,200,英国,Novelty & Gag Toys
1777254360649,亚马逊,B0GSJ6G6GJ,https://m.media-amazon.com/images/I/41axub-hFGL._AC_US200_.jpg,"Giant Dumpling Squishy, Colorful Dumpling Stress Fidget, Glitter Dumplings Squishies Toy, Stress Relief Squishy Toys, Cute Soft Glitter Calming for Relaxation Boys Girls Children Adults (A)",https://www.amazon.co.uk/dp/B0GSJ6G6GJ?th=1,1773619200000,300,英国,Novelty & Gag Toys
1777254360649,亚马逊,B0GJ59CBVX,https://m.media-amazon.com/images/I/51HntOisKcL._AC_US200_.jpg,"Lehoo Castle Montessori Toys for 3 4 5 Year Old Boys Girls, Wooden Screwdriver Board Set with Anti-Lost Keys & Real Locks, Fine Motor Skills Toddler Travel Toys & Kids Tool Kit",https://www.amazon.co.uk/dp/B0GJ59CBVX?th=1,1773532800000,200,英国,Dress Up & Pretend Play
1777254360649,亚马逊,B0GSD81C5F,https://m.media-amazon.com/images/I/71Ny77iekhL._AC_US200_.jpg,"Dumpling Squishies, Glitter Dumpling Toy, Colorful Dumplings Stress Relife Toy, Stuffers with Food Steamer Desk Toys (1 Pack-Random Color)",https://www.amazon.co.uk/dp/B0GSD81C5F?th=1,1773532800000,600,英国,Novelty & Gag Toys
1777254360649,亚马逊,B0GDFVB34N,https://m.media-amazon.com/images/I/61JdpORd63L._AC_US200_.jpg,"Kids Walkie Talkies 2 Pack for Boys Girls Age 3-8, Long Range Walkie Talkie for Kids, Toys for 3 4 5 6 7 8 Year Old Boys Girls, Outdoor Camping Adventure Toy, Birthday (Purple-Pink)",https://www.amazon.co.uk/dp/B0GDFVB34N?th=1,1773532800000,200,英国,Electronic Toys
1777254360649,亚马逊,B0GQSG6T3Z,https://m.media-amazon.com/images/I/41ROlVsfssL._AC_US200_.jpg,"Dumpling Squishy Toy, Big Mystery Dumplings Squishies Box, Cute Bao Bun Fidget Real Office Desk Decor for Adult, Soft Sensory Squeeze Ball with Steamer for Anxiety Stress Relief, Surprise Gift (Pink)",https://www.amazon.co.uk/dp/B0GQSG6T3Z?th=1,1773532800000,200,英国,Novelty & Gag Toys
1777254360649,亚马逊,B0FGH4VZYB,https://m.media-amazon.com/images/I/41v6fWruO3L._AC_US200_.jpg,"16pcs 3D Cake Topper,Birthday Cake Toppers,Action Figures Cake Toppers,Cake Topper Cupcake Toppers for Boys",https://www.amazon.co.uk/dp/B0FGH4VZYB?th=1,1773532800000,300,英国,Party Supplies
1777254360649,亚马逊,B0GSBZTMTT,https://m.media-amazon.com/images/I/41FIhkm1LkL._AC_US200_.jpg,"Dumpling Squishys - Colorful Squishy Dumpling Stress Balls, Dumpling Squishy Toy With Steamer Box, Cute Steamed Bun Fidget Toys for Anxiety Relief (#E)",https://www.amazon.co.uk/dp/B0GSBZTMTT?th=1,1773532800000,300,英国,Novelty & Gag Toys
1777254360649,亚马逊,B0G8DSQ519,https://m.media-amazon.com/images/I/71atv7fZFjL._AC_US200_.jpg,"Squeeze Toys Squishy Cubes – Soft 1.37in Mini Squishy Cube with Durable Structure,A fun stress ball toy for autistic users, suitable for adults and children aged 3+ (Blue)",https://www.amazon.co.uk/dp/B0G8DSQ519?th=1,1773532800000,200,英国,Novelty & Gag Toys
1777254360649,亚马逊,B0GQ9CN1L6,https://m.media-amazon.com/images/I/51UVUaTXCiL._AC_US200_.jpg,"25pcs Cake Decorations with 24pcs Cupcake Toppers, 1pcs Cake Topper Birthday Party Supplies Birthday Celebrations Party Supplies",https://www.amazon.co.uk/dp/B0GQ9CN1L6?th=1,1773446400000,600,英国,Party Supplies
1777254360649,亚马逊,B0GKFW91VX,https://m.media-amazon.com/images/I/51vlGA+CwHL._AC_US200_.jpg,"2026 My Realistic Bunny Toy, Easter Bunny, Electronic Pet Plush Bunny Toy with Hopping Jumping, Twitching, Shaking Ears, Easter Toy Gift, Interactive Birthday Gift (brown)",https://www.amazon.co.uk/dp/B0GKFW91VX?th=1,1773446400000,200,英国,Electronic Toys
1777254360649,亚马逊,B0GSJ41GF3,https://m.media-amazon.com/images/I/71Xnd70JNiL._AC_US200_.jpg,"Dumpling Squishies Toy, Giant Glitter Dumpling, Colorful Dumplings Stress Balls Fidget Sensory Toy,Squeeze Dough Ball Stress Relief Hand Toys With Steamer (Color E)",https://www.amazon.co.uk/dp/B0GSJ41GF3?th=1,1773446400000,200,英国,Novelty & Gag Toys
1777254360649,亚马逊,B0GSFL9VP2,https://m.media-amazon.com/images/I/61tEXPsN5cL._AC_US200_.jpg,"Dumpling Squishy, Squishy Dumpling Toy, Mystery Dumpling Squishy, Large Dumpling Squishy Stress Ball, Jumbo Rainbow Mystery Squishy Sensory Toys, Gaint Mystery Dumplings for Anxiety Relief (Glitter B)",https://www.amazon.co.uk/dp/B0GSFL9VP2?th=1,1773446400000,200,英国,Novelty & Gag Toys
1777254360649,亚马逊,B0GSFR7SG5,https://m.media-amazon.com/images/I/31PN7itUQuL._AC_US200_.jpg,"Cheese Squishy, Squishy Cheese Sugar Cube SquishySensory Toy, Big Brain CheeseStress Ball Realistic Design, Anxiety Relief Fidget Toy Sensory Toys For Adults & Kids (1PC)",https://www.amazon.co.uk/dp/B0GSFR7SG5?th=1,1773446400000,200,英国,Novelty & Gag Toys
1777254360649,亚马逊,B0GS8V4S9J,https://m.media-amazon.com/images/I/41IDzezmIgL._AC_US200_.jpg,"Butter Squishy, Cheese Squishy, Salted Butter Design Stress Relief Squishies for Desk, 4oz Replica Sensory Fidget for Adults, Funny-Themed Office Decor (1PCS)",https://www.amazon.co.uk/dp/B0GS8V4S9J?th=1,1773446400000,400,英国,Novelty & Gag Toys
1777254360649,亚马逊,B0G8GFSNYN,https://m.media-amazon.com/images/I/51ZmMoVmNzL._AC_US200_.jpg,"Anginne Rockets Toys Launcher Toy for Kids 3-12 Year Old Boys Girls, 8 Foam Rockets Outdoor Garden Jump Rocket Toys with Adjustable Launch Angle, Educational Birthday Gift with Space Theme Stickers",https://www.amazon.co.uk/dp/B0G8GFSNYN?th=1,1773360000000,200,英国,Sports Toys & Outdoor
1777254360649,亚马逊,B0GCDMNDX6,https://m.media-amazon.com/images/I/51suFycwU8L._AC_US200_.jpg,"6 Pcs Golden Easter Eggs Prefilled with Animal Plush Toys, Cute Easter Basket Fillers & Egg Hunt Surprise Gift for Kids",https://www.amazon.co.uk/dp/B0GCDMNDX6?th=1,1773273600000,700,英国,Party Supplies
1777254360649,亚马逊,B0GRJC61L7,https://m.media-amazon.com/images/I/718im4mev9L._AC_US200_.jpg,50 Pokémon Cards Bulk Bundle | Guaranteed 3 Shiny Foil Holo Cards | Uncommons & Commons Assorted Lot | Official Cards from TCG Packs with Shinys - Toys & Gamers,https://www.amazon.co.uk/dp/B0GRJC61L7?th=1,1773187200000,400,英国,Games & Accessories
1777254360649,亚马逊,B0GKMMMD5B,https://m.media-amazon.com/images/I/51LBvAqEreL._AC_US200_.jpg,"Gifts for 5 6 7 8 9 10 Year Old Girls: Diamond Painting Art Keychain Kits, Unicorn Gifts Craft Kits for Kids Girls Toys age 5 6 7 8, Gem Arts and Crafts for Kids age 5-12, 5 6 7 8 Year Old Girl Gifts",https://www.amazon.co.uk/dp/B0GKMMMD5B?th=1,1773187200000,200,英国,Arts & Crafts
1777254360649,亚马逊,B0GGCCLCJM,https://m.media-amazon.com/images/I/51sLFQvZTDL._AC_US200_.jpg,Pokémon TCG: Mega Evolution—Perfect Order Triple Pack (1 Foil Promo Card & 3 Booster Packs),https://www.amazon.co.uk/dp/B0GGCCLCJM?th=1,1773187200000,4000,英国,Games & Accessories
1777254360649,亚马逊,B0GS1T3J8M,https://m.media-amazon.com/images/I/31HrzYuHYhL._AC_US200_.jpg,"Jumbo Big Strawberry Squishy Lovely Cute Strawberry Slow Rising Squishies Soft Foam Stress Squishy for Men Women Birthday Gifts,046uf",https://www.amazon.co.uk/dp/B0GS1T3J8M?th=1,1773187200000,300,英国,Novelty & Gag Toys
1777254360649,亚马逊,B0FM4DHHS8,https://m.media-amazon.com/images/I/515UySCSTZL._AC_US200_.jpg,"Prefilled Easter Eggs with Squishy Toys - 24 Pack Filled Easter Basket Stuffers Party Favors, Slow Rising Stress Reliever Toys Fillers for Easter Eggs Hunt",https://www.amazon.co.uk/dp/B0FM4DHHS8?th=1,1773100800000,300,英国,Novelty & Gag Toys
1777254360649,亚马逊,B0GR5TM2WC,https://m.media-amazon.com/images/I/61g5b0hEDdL._AC_US200_.jpg,Boredgame – Car Games for Kids & Families | 50 Screen-Free Travel Games | Road Trip Activities | Travel Card Game Ages 4+,https://www.amazon.co.uk/dp/B0GR5TM2WC?th=1,1773100800000,200,英国,Games & Accessories
1777254360649,亚马逊,B0GRVDKCVX,https://m.media-amazon.com/images/I/412JZ9I9hZL._AC_US200_.jpg,"Cheese Squishy, Soft Cheese Squishy Stress Relief Block,Cheese Squeeze Stress Toy, Portable Decompression Sensory Toy, Anxiety Relief Calming Fidget Toy for Kids Adults Office Home Travel (6cm)",https://www.amazon.co.uk/dp/B0GRVDKCVX?th=1,1773100800000,300,英国,Novelty & Gag Toys
1777254360649,亚马逊,B0GRLLNSFM,https://m.media-amazon.com/images/I/61NZJidRSdL._AC_US200_.jpg,"Butter Squishy Squish Toys, Slow Rebound Cute Butter Squeeze Stress Balls, 5.5 x 1.4 inch Stress Relief Sensory Toys for Adults",https://www.amazon.co.uk/dp/B0GRLLNSFM?th=1,1773014400000,600,英国,Novelty & Gag Toys
1777254360649,亚马逊,B0GRHMTTQC,https://m.media-amazon.com/images/I/51rg8Z4f-oL._AC_US200_.jpg,"10cm Giant Cheese Squishy with Clay Inside, Squishy Cheese, Squishys Sensory Toy, Slow-Rebound Shapeable Squeeze Ball, Cheeses Sensory Fidget Toy, Relieves Stress Gift for Kid Adult (1.)",https://www.amazon.co.uk/dp/B0GRHMTTQC?th=1,1772928000000,300,英国,Novelty & Gag Toys
1777254360649,亚马逊,B0GRB1D3YK,https://m.media-amazon.com/images/I/51SiK-7wGYL._AC_US200_.jpg,"4PCS Squishy Fidget Toys Stress Cube, Nice Squishy Cube, Ice Cubes Stress Relief Fidget Toys, Sensory Squeeze Toys for Kids & Adults, Not Easy to Fall Off Sensory Toys for Boys Girls Age 3+",https://www.amazon.co.uk/dp/B0GRB1D3YK?th=1,1772928000000,200,英国,Novelty & Gag Toys
1777254360649,亚马逊,B0G6D9JP7F,https://m.media-amazon.com/images/I/81-C58lcNIL._AC_US200_.jpg,"GleamGlee Extra Strong Fart Spray Prank Set – Insanely Potent Real Stink Spray + Quick Odor Fix – Hilarious Gag Gifts for Prankster, Parties, Adults & Pranks Gifts - Non Toxic",https://www.amazon.co.uk/dp/B0G6D9JP7F?th=1,1772928000000,200,英国,新奇恶搞玩具
1777254360649,亚马逊,B0GL5Y73S3,https://m.media-amazon.com/images/I/71ZIKJGwqNL._AC_US200_.jpg,"12 Pcs Easter Bunny Mini Squeeze Balls, Easter Basket Stuffers, Easter Egg Fillers, Squishies Stress Relief Fidget for Women and Men Gifts Party Favors",https://www.amazon.co.uk/dp/B0GL5Y73S3?th=1,1772841600000,200,英国,Novelty & Gag Toys
1777254360649,亚马逊,B0GD15TQ84,https://m.media-amazon.com/images/I/41sc3Rp+a4L._AC_US200_.jpg,"1Pcs 5cm Fidget Toys Squishy Stress Doh Cube, Giant Stress Balls for Kids Adults Squishy Anxiety Stress Relief Ice Fidget Cube Sugar Balls, Sensory Toys for Kids with Autism",https://www.amazon.co.uk/dp/B0GD15TQ84?th=1,1772841600000,200,英国,Novelty & Gag Toys
1777254360649,亚马逊,B0GD7T9JFV,https://m.media-amazon.com/images/I/816sedPeELL._AC_US200_.jpg,"Solihigh15pcs Easter Balloons,12 Inch Happy Easter Day Decorations Balloon, Easter Egg Latex Balloons,Bunny Egg Sheep Chick Balloon for Hunt Games Party Supplies",https://www.amazon.co.uk/dp/B0GD7T9JFV?th=1,1772755200000,300,英国,Party Supplies
1777254360649,亚马逊,B0GLRHKJST,https://m.media-amazon.com/images/I/71Qe1WcKdZL._AC_US200_.jpg,"Clementoni KPOP Demon Hunters Puzzle 104 Pieces for Kids Age 6+, Made in Italy, Screen Free Play That Builds Focus, Problem Solving and Patience, Fun Gift for Creative Learning",https://www.amazon.co.uk/dp/B0GLRHKJST?th=1,1772755200000,200,英国,Jigsaws & Puzzles
1777254360649,亚马逊,B0G91PH4ZT,https://m.media-amazon.com/images/I/51HL5OC6efL._AC_US200_.jpg,Rolife 3D Puzzle Red London Telephone Box Wooden Model Kit for Adults to Build Blossom Book Booth Building Set with LED Light Kit Home Decoration Birthday Gifts Creative Gift Idea for Travellers,https://www.amazon.co.uk/dp/B0G91PH4ZT?th=1,1772755200000,200,英国,Jigsaws & Puzzles
1777254360649,亚马逊,B0GR63MSX8,https://m.media-amazon.com/images/I/412JZ9I9hZL._AC_US200_.jpg,"Cheese Squishy, Squishy Cheese Sugar Cube SquishySensory Toy, Big Brain CheeseStress Ball Realistic Design, Anxiety Relief Fidget Toy Sensory Toys For Adults & Kids (6CM)",https://www.amazon.co.uk/dp/B0GR63MSX8?th=1,1772755200000,300,英国,Novelty & Gag Toys
1777254360649,亚马逊,B0G7GVRDSY,https://m.media-amazon.com/images/I/71cdmoGS6wL._AC_US200_.jpg,"Doh Nice Ice Cube Squishy Toys, 4PCS Stress Balls for Adults Kids, Sensory Stress Relief Toys Fidget Cubes, Squeeze Balls for Autism Anxiety Relief Stocking Fillers",https://www.amazon.co.uk/dp/B0G7GVRDSY?th=1,1772668800000,300,英国,Novelty & Gag Toys
1777254360649,亚马逊,B0GQTCM7JD,https://m.media-amazon.com/images/I/61HCYRh7YKL._AC_US200_.jpg,"Dumpling Squishies, Glitter Dumpling Mystery Box, Colorful Dumplings Stress Balls Fidget Sensory Toy, Easter Basket Stuffers, Stocking Stuffers with Food Steamer Stretchy Desk Toys",https://www.amazon.co.uk/dp/B0GQTCM7JD?th=1,1772668800000,200,英国,Novelty & Gag Toys
1777254360649,亚马逊,B0GKTZP6ZS,https://m.media-amazon.com/images/I/41eJjUZ2h8L._AC_US200_.jpg,"Happy Easter Banner|Easter Hanging Decorations|Paper Bunny Carrot Egg Bunting for Home,School,Party and Easter Egg Hunt",https://www.amazon.co.uk/dp/B0GKTZP6ZS?th=1,1772668800000,200,英国,Party Supplies
1777254360649,亚马逊,B0GCF9VG9V,https://m.media-amazon.com/images/I/41mnxRLWMBL._AC_US200_.jpg,"24 Pack Large 9.5cm Plastic Easter Eggs Fillable - Colorful Jumbo Eggs for Easter Egg Hunt, Party Favors & Basket Stuffers",https://www.amazon.co.uk/dp/B0GCF9VG9V?th=1,1772582400000,200,英国,Party Supplies
1777254360649,亚马逊,B0G7B147QQ,https://m.media-amazon.com/images/I/41iabHh0wpL._AC_US200_.jpg,"6 Packs Light Up Bath Toys for 1 2 3 Year Old, Farm Animals Water Activated Bathtub Toys with Flashing LED Light, Pool Toys for Boys Girls Baby Toddlers Birthday Gifts Presents",https://www.amazon.co.uk/dp/B0G7B147QQ?th=1,1772582400000,200,英国,婴儿和幼儿玩具
1777254360649,亚马逊,B0GQPPT788,https://m.media-amazon.com/images/I/51KQMKq6COL._AC_US200_.jpg,"215 Pieces Magnetic Balls Fidget Toys for Adults & Teens - Creative Stacking Magnet Balls for Desk Stress Relief, 8 Vibrant Colors, Buckyballs Building Blocks",https://www.amazon.co.uk/dp/B0GQPPT788?th=1,1772582400000,500,英国,Learning & Education
1777254360649,亚马逊,B0GL82FK94,https://m.media-amazon.com/images/I/81HM3YKMn5L._AC_US200_.jpg,Aphmau MeeMeows Mystery Plush Royals Litter 9 Collectible Soft Toys Royals Collection YouTube Toys 8 to Collect,https://www.amazon.co.uk/dp/B0GL82FK94?th=1,1772496000000,300,英国,Soft Toys
1777254360649,亚马逊,B0GH8PSYBK,https://m.media-amazon.com/images/I/71ZWipwYswL._AC_US200_.jpg,"6 Pack Light Up Bath Toys for Toddlers, No Hole No Mould Bathtub Cars, LED Sensory Bath Time Toys for 1 2 3+ Year Olds, Baby Shower Toy for Boys & Girls",https://www.amazon.co.uk/dp/B0GH8PSYBK?th=1,1772496000000,200,英国,婴儿和幼儿玩具
1777254360649,亚马逊,B0FY66RDTP,https://m.media-amazon.com/images/I/51ig6V64PaL._AC_US200_.jpg,"MOMUSE Hatching Unicorn Eggs for Kids 6PCS, Rainbow Surprise Eggs with Mini Unicorns & Butterflies & Reusable Charm Pouches, Blind Box Craft Kits for Kids 3-5, Birthday Gift for Girls Boys 3 4 5 6 7 8",https://www.amazon.co.uk/dp/B0FY66RDTP?th=1,1772496000000,300,英国,Novelty & Gag Toys
1777254360649,亚马逊,B0G5WTF3MN,https://m.media-amazon.com/images/I/61MPvxPCyHL._AC_US200_.jpg,"Baby Light Up Bath Toys: 6 Pack Dinosaur Water Activated Bath Toys for 1 2 Year Old, No Hole Water Toys for Toddler Bathtub/ Swimming/Pool, Baby Shower Birthday Gifts for Boys & Girls",https://www.amazon.co.uk/dp/B0G5WTF3MN?th=1,1772409600000,300,英国,婴儿和幼儿玩具
1777254360649,亚马逊,B0DG3YZN28,https://m.media-amazon.com/images/I/41gneyN4hrL._AC_US200_.jpg,"Pushpeel Sensory Activity Board: Silicone Fidget Toy for Calming, Stress, Anxiety, ADHD & Autism | Silent, No Mess | Kids 3+ & Adults | Includes Portable Travel Bag & 11 Strings (Granite)",https://www.amazon.co.uk/dp/B0DG3YZN28?th=1,1772409600000,200,英国,Novelty & Gag Toys
1777254360649,亚马逊,B0CRXK3Z1B,https://m.media-amazon.com/images/I/81vNJuFiy4L._AC_US200_.jpg,"Pushpeel Sensory Activity Board: Silicone Fidget Toy for Calming, Stress, Anxiety, ADHD & Autism | Silent, No Mess | Kids 3+ & Adults | Includes Portable Travel Bag & 11 Strings",https://www.amazon.co.uk/dp/B0CRXK3Z1B?th=1,1772409600000,400,英国,Novelty & Gag Toys
1777254360649,亚马逊,B0G2SB8LTC,https://m.media-amazon.com/images/I/51xW735Q-GL._AC_US200_.jpg,"Light Up Bath Toys for 1 2 3 Year Old, Baby Ocean Water Toys for 6-12-18 Months with Flashing LED Lights, Baby Shower Birthday Gifts for Bathtub Toddler Kids Toys Age 1-3 (6 Pack)",https://www.amazon.co.uk/dp/B0G2SB8LTC?th=1,1772409600000,300,英国,婴儿和幼儿玩具
1777254360649,亚马逊,B0GMKRVJZ4,https://m.media-amazon.com/images/I/41BxBKVisTL._AC_US200_.jpg,Toyland® Squishy Bao Dumpling Sensory Fidget Toy with Plastic Steamer Box - Squeeze Toys for Kids - 1 Chosen At Random - Ages 3+,https://www.amazon.co.uk/dp/B0GMKRVJZ4?th=1,1772409600000,3000,英国,Novelty & Gag Toys
1777254360657,亚马逊,B0GTW7ZPRC,https://m.media-amazon.com/images/I/41ut9P+VwBL._AC_US200_.jpg,Toyland® Arcoíris Pastel Juguete sensorial antiestrés con Forma de Bao en Caja vaporera de plástico - Juguetes para apretar para niños - A Partir de 3 años - 1 Unidad elegida al Azar,https://www.amazon.es/dp/B0GTW7ZPRC?th=1,1774569600000,100,西班牙,原创和插科打诨的礼物
1777254360657,亚马逊,B0GSR6JXN9,https://m.media-amazon.com/images/I/41CxachJcFL._AC_US200_.jpg,Toyland® Purpurina Rosa Juguete sensorial antiestrés con Forma de Bao en Caja vaporera de plástico - Juguetes para apretar para niños - A Partir de 3 años,https://www.amazon.es/dp/B0GSR6JXN9?th=1,1774569600000,100,西班牙,原创和插科打诨的礼物
1777254360657,亚马逊,B0GSR2BL1K,https://m.media-amazon.com/images/I/41t0leVvTEL._AC_US200_.jpg,Toyland® Oro Metálico Juguete sensorial antiestrés con Forma de Bao blandito en Caja vaporera de plástico - Juguetes para apretar para niños - A Partir de 3 años,https://www.amazon.es/dp/B0GSR2BL1K?th=1,1774483200000,100,西班牙,原创和插科打诨的礼物
1777254360657,亚马逊,B0G5NYCLJW,https://m.media-amazon.com/images/I/41UDQtr+8-L._AC_US200_.jpg,"HGRGHH Huevos de Pascua para Pintar, Set Manualidades Pascua 530 Piezas, Huevos y Conejo de Pascua de Madera, Kit DIY Manualidades Niños con Pegatinas y Acuarelas, Decoración y Regalo",https://www.amazon.es/dp/B0G5NYCLJW?th=1,1774310400000,100,西班牙,创意活动
1777254360657,亚马逊,B0GLRHKJST,https://m.media-amazon.com/images/I/71Qe1WcKdZL._AC_US200_.jpg,"Clementoni - Netflix K-Pop: Demon Hunters HUNTR/X Super Color - Puzzle Infantil de 104 Piezas, Edad 6+, Escena de Acción Musical, 38 x 27 cm, 21762",https://www.amazon.es/dp/B0GLRHKJST?th=1,1773964800000,100,西班牙,拼图和拼板游戏
1777254360657,亚马逊,B0GGJ2YJQ5,https://m.media-amazon.com/images/I/81G-pRlFD2L._AC_US200_.jpg,Pokémon: Expositor de Sobres de Mejora de Megaevolución-Equilibrio JCC Pokémon (18 Sobres de Mejora),https://www.amazon.es/dp/B0GGJ2YJQ5?th=1,1773964800000,900,西班牙,Juegos y accesorios
1777254360657,亚马逊,B0GK61X55K,https://m.media-amazon.com/images/I/81Vch9GsqYL._AC_US200_.jpg,"Highttoy Kit Squishy Grande Silicona Líquida Luminoso Bricolaje, 480ml AB Proporción 1:1 Squishy Goma de Silicona Avec 9 Moldes y Accesorios, Juguetes Sensoriales Antiestrés, Regalos Niños 6+ Años",https://www.amazon.es/dp/B0GK61X55K?th=1,1773619200000,100,西班牙,原创和插科打诨的礼物
1777254360657,亚马逊,B0GS6XKCVZ,https://m.media-amazon.com/images/I/7143hIAbKfL._AC_US200_.jpg,"Album Adrenalyn XL Mundial 2026 | Megapack Lanzamiento Adrenalyn FIFA World Cup 2026 con Cartas de Futbol, Archivador y Sobres | Album de cromos Futbol Copa Mundial Panini (Álbum Cartas Adrenalyn)",https://www.amazon.es/dp/B0GS6XKCVZ?th=1,1773532800000,500,西班牙,收藏品
1777254360657,亚马逊,B0FY2M6N3G,https://m.media-amazon.com/images/I/61FF0IpaZML._AC_US200_.jpg,"Juguetes de Entrenamiento, 7 en 1 Interactivos Juguetes Multimode 5 Patrone Juguete Interactivo para Jugar Interiores y Exteriores, Pasadores de Chaveta",https://www.amazon.es/dp/B0FY2M6N3G?th=1,1773446400000,200,西班牙,游戏和配件
1777254360657,亚马逊,B0GGBWZZ68,https://m.media-amazon.com/images/I/81rorz-zcOL._AC_US200_.jpg,"Álbum cartas con cremallera, 65 hojas 520 tarjeteros + 50 Fundas transparentes individuales. Archivador cartas coleccionables de gran capacidad, ideal para juegos niños 10 a 12 años",https://www.amazon.es/dp/B0GGBWZZ68?th=1,1773273600000,100,西班牙,收藏品
1777254360657,亚马逊,B0GS5ZLZS6,https://m.media-amazon.com/images/I/91y6rob1J0L._AC_US200_.jpg,inoua Juego de Cartas rápido de Reflejos 6-7 | Juego Familiar Infantil de Velocidad y atención | Partidas de 6-7 Minutos | 2-7 Jugadores | Juego portátil Divertido para niños y Adultos,https://www.amazon.es/dp/B0GS5ZLZS6?th=1,1773273600000,400,西班牙,游戏和配件
1777254360657,亚马逊,B0DQPK7QCV,https://m.media-amazon.com/images/I/51+4YppA2xL._AC_US200_.jpg,"SULOLI 30 Pizea Manos Pegajosas, Animales Mrinos Adhesivas, Juguetes Regalo de Fiestas de Cumpleaños y Recompensas de Aula",https://www.amazon.es/dp/B0DQPK7QCV?th=1,1773273600000,100,西班牙,原创和插科打诨的礼物
1777254360657,亚马逊,B0GMR6QZV6,https://m.media-amazon.com/images/I/81TJqNiZJmL._AC_US200_.jpg,"Pokémon: Colección Ilustración Primer Compañero de JCC Pokémon (Serie 1) (3 Cartas de promoción, 2 Sobres de Mejora y 1 Hoja con Pegatinas)",https://www.amazon.es/dp/B0GMR6QZV6?th=1,1773187200000,900,西班牙,游戏和配件
1777254360657,亚马逊,B0GR5VL18W,https://m.media-amazon.com/images/I/51UDMePZluL._AC_US200_.jpg,"Dumplings Squishy, Mystery Dumpling Squishy Sorpresas con Brillo, Antiestres Squeeze Fidget Toy para Adultos",https://www.amazon.es/dp/B0GR5VL18W?th=1,1773100800000,100,西班牙,Regalos originales y de broma
1777254360657,亚马逊,B0GQ4K7J58,https://m.media-amazon.com/images/I/51CleYlFMYL._AC_US200_.jpg,"BONNYCO Puzzle de Madera con 50 Plantillas y 32 Botones. Mosaico Infantil para Motricidad Fina, Rompecabezas y Juguetes Niños 2 Años, Juegos Educativos Montessori y Regalos de Cumpleaños",https://www.amazon.es/dp/B0GQ4K7J58?th=1,1772755200000,200,西班牙,拼图和拼板游戏
1777254360657,亚马逊,B0FX19JX78,https://m.media-amazon.com/images/I/91w4okXtL-L._AC_US200_.jpg,"Pokémon: Colección con póster prémium Mega-Gardevoir de Megaevolución-Héroes Ascendentes (1 Carta holográfica de promoción, 1 póster Impreso por ambas Caras y 10 Sobres de Mejora)",https://www.amazon.es/dp/B0FX19JX78?th=1,1772668800000,700,西班牙,游戏和配件
1777254360657,亚马逊,B0GQWRNJ92,https://m.media-amazon.com/images/I/51qZX6QXNzL._AC_US200_.jpg,"TIN BOX Serie ORO 2025 2026 Liga de futbol, Lata Grande con cartas especiales",https://www.amazon.es/dp/B0GQWRNJ92?th=1,1772668800000,100,西班牙,收藏品
1777254360657,亚马逊,B0GNZQ2XNB,https://m.media-amazon.com/images/I/91B3jOqR5JL._AC_US200_.jpg,"BONNYCO Puzzle XXL Sistema Solar para Niños con 70 Piezas Grandes. Rompecabezas Redondo Planetas 58 x 58 cm, 15 Tarjetas, 4 Figuras y Guía. Juegos Educativos, Regalos, Juguetes Niños 4 Años",https://www.amazon.es/dp/B0GNZQ2XNB?th=1,1772668800000,400,西班牙,拼图和拼板游戏
1777254360657,亚马逊,B0GNZD6QJG,https://m.media-amazon.com/images/I/919oZnCFVHL._AC_US200_.jpg,"BONNYCO Puzzle XXL Mapa Mundi Niños con 70 Piezas Grandes. Rompecabezas Redondo con Animales, 58 x 58 cm, 15 Tarjetas, 4 Figuras y Guía. Juegos Educativos, Regalos, Juguetes Niños 4 Años",https://www.amazon.es/dp/B0GNZD6QJG?th=1,1772582400000,100,西班牙,拼图和拼板游戏
1777254360657,亚马逊,B0FX1C91HR,https://m.media-amazon.com/images/I/91EDiSPOI4L._AC_US200_.jpg,"Pokémon: Colección con póster prémium Mega-Lucario de Megaevolución-Héroes Ascendentes (1 Carta holográfica de promoción, 1 póster Impreso por ambas Caras y 10 Sobres de Mejora)",https://www.amazon.es/dp/B0FX1C91HR?th=1,1772496000000,300,西班牙,游戏和配件
1777254360657,亚马逊,B0GMQ94GYV,https://m.media-amazon.com/images/I/81aOQRzJMCL._AC_US200_.jpg,"Album de Cartas Coleccionables, Album para Cartas con Cremallera, Carpeta de Tarjetas de PU Impermeable, Regalo para Niños, 400 Bolsillos, Rojo",https://www.amazon.es/dp/B0GMQ94GYV?th=1,1772496000000,100,西班牙,收藏品
1777254360657,亚马逊,B0G961WTL3,https://m.media-amazon.com/images/I/71orNPV1dQL._AC_US200_.jpg,"K-POP IDOL Juguete Musical Micrófono Inspirado en el K-Pop con Grabación de Voz, Sonidos Integrados para una Experiencia de Actuación Real Fans a Partir de 3 Años de Edad",https://www.amazon.es/dp/B0G961WTL3?th=1,1772496000000,100,西班牙,婴儿和早期儿童
1777254360657,亚马逊,B0GK5X3317,https://m.media-amazon.com/images/I/81NrAiG6BUL._AC_US200_.jpg,"EUCOCO Juguetes Niños 2 3 4 5 6 Años, Camión de Transporte de 156 cm con 8 Mini Coches Regalo Niño Niña 2-6 Años Camiones de Juguete para Niños",https://www.amazon.es/dp/B0GK5X3317?th=1,1772496000000,100,西班牙,汽车
1777254360657,亚马逊,B0GKGKVMP5,https://m.media-amazon.com/images/I/51Iyf6G5URL._AC_US200_.jpg,"BONNYCO Peonza Madera Galaxia, Pack 40 Regalos Cumpleaños Niños Colegio. Detalles Cumpleaños Niños, Relleno Piñata Infantil. Regalitos Invitados Espacio, Regalos Alumnos Primaria. Juguetes Sorpresas",https://www.amazon.es/dp/B0GKGKVMP5?th=1,1772496000000,200,西班牙,婴儿和早期儿童
1777254360657,亚马逊,B0GPR1H7P7,https://m.media-amazon.com/images/I/71kMDwBHlCL._AC_US200_.jpg,Panini Copa Mundial de la FIFA 2026 Trading Cards Game Caja de 24 Fundas,https://www.amazon.es/dp/B0GPR1H7P7?th=1,1772236800000,100,西班牙,收藏品
1777254360657,亚马逊,B0GMKRVJZ4,https://m.media-amazon.com/images/I/71L-vlaIaqL._AC_US200_.jpg,Toyland® Juguete sensorial Squishy Bao Dumpling con Recipiente de Vapor de plástico - Juguetes para apretar para niños - 1 seleccionado al Azar - A Partir de 3 años,https://www.amazon.es/dp/B0GMKRVJZ4?th=1,1772236800000,300,西班牙,原创和插科打诨的礼物
1777254360657,亚马逊,B0GL43PZSS,https://m.media-amazon.com/images/I/61yRRhXSs5L._AC_US200_.jpg,"Muñeca de dibujos animados cantando de 26 cm con ojos 5D, muñeca de personaje de moda con compañero de tigre azul, para fanáticos de las muñecas, regalos de cumpleaños",https://www.amazon.es/dp/B0GL43PZSS?th=1,1772150400000,100,西班牙,娃娃和配件
1777254360657,亚马逊,B0GFN57Z8N,https://m.media-amazon.com/images/I/71-QmBbHFOL._AC_US200_.jpg,"Dislocati Micrófono para Niños con Altavoz, Juguete Regalo para Niñas de 3 Años en Adelante, Soporte Ajustable 47-108 cm, Inalámbrico con Bluetooth, Luces LED, Morado",https://www.amazon.es/dp/B0GFN57Z8N?th=1,1772064000000,100,西班牙,电子玩具
1777254360657,亚马逊,B0FK23475S,https://m.media-amazon.com/images/I/81gvil-lqaL._AC_US200_.jpg,"Monster High Skullector Muñeca Coleccionable de Coraline con Chubasquero Amarillo y Accesorios de muñeca de Trapo, Figura de Gato y Soporte para muñeca, JHK65",https://www.amazon.es/dp/B0FK23475S?th=1,1771977600000,100,西班牙,娃娃和配件
1777254360657,亚马逊,B0GMRC58KQ,https://m.media-amazon.com/images/I/81Eo5Qll8pL._AC_US200_.jpg,Pokémon: Lata Mega-Charizard de JCC Pokémon: Mega-Charizard X ex de JCC Pokémon (4 Sobres de Mejora y 1 Carta holográfica de promoción),https://www.amazon.es/dp/B0GMRC58KQ?th=1,1771891200000,800,西班牙,游戏和配件
1777254360657,亚马逊,B0GMXN3R3Y,https://m.media-amazon.com/images/I/71Ks3mTJ90L._AC_US200_.jpg,Sweet Twins Series – Twin Pack. Incluye 2 Figuras coleccionables gemelas Sorpresa y 1 Checklist.,https://www.amazon.es/dp/B0GMXN3R3Y?th=1,1771804800000,200,西班牙,娃娃和人物
1777254360657,亚马逊,B0G36DYL88,https://m.media-amazon.com/images/I/61NOEhkSUyL._AC_US200_.jpg,Funko Pop! Animation: Netflix - KPOP Demon Hunters - Zoey - Figura de Vinilo Coleccionable - Idea de Regalo - Mercancía Oficial - Juguetes para niños y Adultos - Figura Modelo para coleccionistas,https://www.amazon.es/dp/B0G36DYL88?th=1,1771545600000,100,西班牙,收藏品
1777254360657,亚马逊,B0GMY4NTWX,https://m.media-amazon.com/images/I/71c5Rz7DLDL._AC_US200_.jpg,"Smoothie Fun Park Bear Twins. Casita con Parque de Atracciones en Forma de Smoothie: Incluye 1 Smoothie, 2 Figuras exclusivas “Color Reveal” y 3 Accesorios",https://www.amazon.es/dp/B0GMY4NTWX?th=1,1771545600000,100,西班牙,娃娃和配件
1777254360657,亚马逊,B0GMYD2HYX,https://m.media-amazon.com/images/I/71vI3ly4ylL._AC_US200_.jpg,"Cherry House Puppy Twins. Casita en Forma de Cereza: Incluye 1 Cherry House, 2 Gemelos exclusivos y 6 Accesorios",https://www.amazon.es/dp/B0GMYD2HYX?th=1,1771545600000,100,西班牙,娃娃和配件
1777254360657,亚马逊,B0GMY8869C,https://m.media-amazon.com/images/I/81eA4+VRHAL._AC_US200_.jpg,"Smoothie Fun Park Kitten Twins. Casita con Parque de Atracciones en Forma de Smoothie: Incluye 1 Smoothie, 2 Figuras exclusivas “Color Reveal” y 3 Accesorios",https://www.amazon.es/dp/B0GMY8869C?th=1,1771545600000,200,西班牙,娃娃和配件
1777254360657,亚马逊,B0G71JCKS8,https://m.media-amazon.com/images/I/81tyvCFsBdL._AC_US200_.jpg,Álbum de Cartas Coleccionables PREMIUM 1080 Cartas | Binder Profesional con 60 Páginas y Fundas Integradas | Album para Cartas TCG | Card Binder de Alta Capacidad,https://www.amazon.es/dp/B0G71JCKS8?th=1,1771372800000,200,西班牙,收藏品
1777254360657,亚马逊,B0G2RMLF8C,https://m.media-amazon.com/images/I/81iup+XV3NL._AC_US200_.jpg,"Unicornios Para Niñas, Juego Piedras para Pintar Manualidades Niñas 5 6 7 8 9 10 Años Juguetes Niña 4 5 6 Años Manualidades Pinturas para Niños Cumpleaños Pascua Unicornio Regalo Niña 3 4 5 Años",https://www.amazon.es/dp/B0G2RMLF8C?th=1,1771372800000,100,西班牙,创意活动
1777254360657,亚马逊,B0G36CJG5Y,https://m.media-amazon.com/images/I/61WNb-Ut4nL._AC_US200_.jpg,Funko Pop! Animation: Netflix - KPOP Demon Hunters - Rumi - 1 in 6 Chance of Receiving The Rare Chase Variant (Glow in The Dark) - Los Estilos varían - Figura de Vinilo Coleccionable,https://www.amazon.es/dp/B0G36CJG5Y?th=1,1771286400000,100,西班牙,收藏品
1777254360657,亚马逊,B0GLQ676VQ,https://m.media-amazon.com/images/I/81a0uSUKIKL._AC_US200_.jpg,Dungeons & Dragons D&D Caja de Inicio: Héroes de Las Tierras fronterizas,https://www.amazon.es/dp/B0GLQ676VQ?th=1,1771027200000,200,西班牙,游戏和配件
1777254360657,亚马逊,B0GMX4FZ67,https://m.media-amazon.com/images/I/513j5ha7mOL._AC_US200_.jpg,"Hitster Rock, Juego de Mesa Adultos y diviertido, Juego de Mesa Musical, a Partir de 16 años, de 2 a 10 Jugadores, App Gratuita, Juego de Fiesta, Español (ES)",https://www.amazon.es/dp/B0GMX4FZ67?th=1,1771027200000,100,西班牙,游戏和配件
1777254360657,亚马逊,B0GMR6ZK3R,https://m.media-amazon.com/images/I/81hAqQAQ2cL._AC_US200_.jpg,Pokémon: Lata Mega-Charizard de JCC Pokémon: Mega-Charizard Y ex de JCC Pokémon (4 Sobres de Mejora y 1 Carta holográfica de promoción),https://www.amazon.es/dp/B0GMR6ZK3R?th=1,1770940800000,500,西班牙,游戏和配件
1777254360657,亚马逊,B0G4NQ9LVW,https://m.media-amazon.com/images/I/71kuuLeyRCL._AC_US200_.jpg,"Pokémon: Minilata Megaevolución-Héroes Ascendentes: Zorua y Cramorant (1 Pegatina, 1 Tarjeta Pokémon ilustrada y 2 Sobres de Mejora)",https://www.amazon.es/dp/B0G4NQ9LVW?th=1,1770940800000,200,西班牙,游戏和配件
1777254360657,亚马逊,B0G4NQK15P,https://m.media-amazon.com/images/I/71DN7YrgdEL._AC_US200_.jpg,"Pokémon: Minilata Megaevolución-Héroes Ascendentes: Clefairy y Chikorita (1 Pegatina, 1 Tarjeta Pokémon ilustrada y 2 Sobres de Mejora)",https://www.amazon.es/dp/B0G4NQK15P?th=1,1770940800000,100,西班牙,Juegos y accesorios
1777254360657,亚马逊,B0G4NS1BCR,https://m.media-amazon.com/images/I/71bc5uVnSWL._AC_US200_.jpg,"Pokémon: Minilata Megaevolución-Héroes Ascendentes: Pikachu y Tepig (1 Pegatina, 1 Tarjeta Pokémon ilustrada y 2 Sobres de Mejora)",https://www.amazon.es/dp/B0G4NS1BCR?th=1,1770940800000,200,西班牙,游戏和配件
1777254360657,亚马逊,B0G4NS6SJY,https://m.media-amazon.com/images/I/71paXkKaTbL._AC_US200_.jpg,"Pokémon: Minilata Megaevolución-Héroes Ascendentes: Togepi y Totodile (1 Pegatina, 1 Tarjeta Pokémon ilustrada y 2 Sobres de Mejora)",https://www.amazon.es/dp/B0G4NS6SJY?th=1,1770940800000,100,西班牙,游戏和配件
1777254360657,亚马逊,B0G4NT35J8,https://m.media-amazon.com/images/I/71G7uT1xPHL._AC_US200_.jpg,"Pokémon: Minilata Megaevolución-Héroes Ascendentes: Riolu y Darumaka (1 Pegatina, 1 Tarjeta Pokémon ilustrada y 2 Sobres de Mejora)",https://www.amazon.es/dp/B0G4NT35J8?th=1,1770940800000,100,西班牙,Juegos y accesorios
1777254360657,亚马逊,B0G5QFX98Q,https://m.media-amazon.com/images/I/71H-Nr7EVPL._AC_US200_.jpg,Panini - FIFA World Cup 2026 Adrenalyn XL™ - Tin Box - 192 Cartas + Cartas edición Limitada - para coleccionar y Conseguir Cartas Especiales - 4 Modelos - Entrega aleatoria - Colección Oficial,https://www.amazon.es/dp/B0G5QFX98Q?th=1,1770940800000,100,西班牙,Juegos y accesorios
1777254360657,亚马逊,B0GJTMVP5X,https://m.media-amazon.com/images/I/513QayIHwZL._AC_US200_.jpg,"Edibaby, Triciclo Bebé 1 Año | Correpasillos Ligero | Primera Bicicleta de Equilibrio para Bebés | Bici sin Pedales | Juguete Niño 1-2 Años Ideal como Regalo (Menta)",https://www.amazon.es/dp/B0GJTMVP5X?th=1,1770595200000,100,西班牙,户外和运动
1777254360657,亚马逊,B0GDZYHDKC,https://m.media-amazon.com/images/I/81W-N+HsefL._AC_US200_.jpg,"ZMLM Libros de Colorear Magico Agua, Reutilizable Libro Colorear para 3-5 Años Detalles Cumpleaños Niños - Bolsitas cumpleaños infantiles - Regalos Cumpleaños Niños Colegio (Clásico 16)",https://www.amazon.es/dp/B0GDZYHDKC?th=1,1770595200000,100,西班牙,创意活动
1777254360657,亚马逊,B0G5QGZJK3,https://m.media-amazon.com/images/I/41V+5bhHsbL._AC_US200_.jpg,FIFA World Cup 2026 Adrenalyn XL Dream Box,https://www.amazon.es/dp/B0G5QGZJK3?th=1,1770595200000,100,西班牙,Juegos y accesorios
1777254360657,亚马逊,B0FSDZ8SN5,https://m.media-amazon.com/images/I/910MW2ymAfL._AC_US200_.jpg,Cryptic Killers Juego de Asesinato y Misterio sin Resolver Investigación del expediente de un Caso con Pistas/Pruebas de Detectives - Resuelve el Crimen - Asesinato EN EL Magic Mirror Casino,https://www.amazon.es/dp/B0FSDZ8SN5?th=1,1770508800000,100,西班牙,游戏和配件
1777254360657,亚马逊,B0G7HV1J57,https://m.media-amazon.com/images/I/91uNTjKsymL._AC_US200_.jpg,"Pokémon: Colección con Pin Deluxe Primeros Compañeros de Megaevolución-Héroes Ascendentes (3 Cartas holográficas de promoción, 1 Pin Deluxe y 5 Sobres de Mejora)",https://www.amazon.es/dp/B0G7HV1J57?th=1,1770336000000,1000,西班牙,游戏和配件
1777254360657,亚马逊,B0GGJ74MWD,https://m.media-amazon.com/images/I/813brnur54L._AC_US200_.jpg,Pokémon: Lote de Sobres de Mejora de Megaevolución-Equilibrio JCC Pokémon (6 Sobres de Mejora),https://www.amazon.es/dp/B0GGJ74MWD?th=1,1770336000000,1000,西班牙,Juegos y accesorios
1777254360657,亚马逊,B0GGHXWSDC,https://m.media-amazon.com/images/I/81gQnDlRmhL._AC_US200_.jpg,"Pokémon: Caja de Entrenador Élite de Megaevolución-Equilibrio JCC Pokémon (1 Carta de promoción con ilustración expandida, 9 Sobres de Mejora y Accesorios prémium)",https://www.amazon.es/dp/B0GGHXWSDC?th=1,1770336000000,2000,西班牙,游戏和配件
1777254360657,亚马逊,B0CVQTM54Y,https://m.media-amazon.com/images/I/616sN358ykL._AC_US200_.jpg,Panini Stranger Things 2 - Citas Desde el Otro Lado Blister 8 Fundas,https://www.amazon.es/dp/B0CVQTM54Y?th=1,1769990400000,200,西班牙,收藏品
1777254360657,亚马逊,B0G4RYC1YJ,https://m.media-amazon.com/images/I/41YyXkuv11L._AC_US200_.jpg,Álbum para 440 Cartas Magic y YugiOh - 55 Páginas con Cremallera Impermeable | Carpeta de Colección Portátil de Cuero PU | Regalo Ideal para Niños y Coleccionistas,https://www.amazon.es/dp/B0G4RYC1YJ?th=1,1769817600000,100,西班牙,收藏品
1777254360657,亚马逊,B08HH4R2TZ,https://m.media-amazon.com/images/I/614O58DH5EL._AC_US200_.jpg,Funko Pop! Television: Stranger Things Season 5 - Eleven - Figura de Vinilo Coleccionable - Idea de Regalo - Mercancía Oficial - Juguetes para niños y Adultos - Figura Modelo para coleccionistas,https://www.amazon.es/dp/B08HH4R2TZ?th=1,1769817600000,100,西班牙,收藏品
1777254360657,亚马逊,B0GGHP4ZQN,https://m.media-amazon.com/images/I/811vzVhxBlL._AC_US200_.jpg,"Pokémon: Lote de latas Poké Ball de JCC Pokémon: Poké, Super y Ultra (9 Sobres de Mejora de JCC Pokémon y 6 Hojas con Pegatinas)",https://www.amazon.es/dp/B0GGHP4ZQN?th=1,1769731200000,100,西班牙,Juegos y accesorios
1777254360657,亚马逊,B0G87F8D5K,https://m.media-amazon.com/images/I/712lR7lKPrL._AC_US200_.jpg,"Mazo de Commander de Secretos de Strixhaven, de Magic: The Gathering - Quándrix sin límite (Versión en Español)",https://www.amazon.es/dp/B0G87F8D5K?th=1,1769558400000,300,西班牙,Juegos y accesorios
1777254360657,亚马逊,B0GHZ51921,https://m.media-amazon.com/images/I/71fPdKgAoBL._AC_US200_.jpg,"9 in 1 Juguetes Montessori Niña Niño, Cubos Actividades Madera Bancos con Martillo Juego de Pesca Frutas con Instrumentos Musicales Xilofono, Juguetes Sensoriales Educativos Regalo Cumpleaños Pascua",https://www.amazon.es/dp/B0GHZ51921?th=1,1769558400000,200,西班牙,婴儿和早期儿童
1777254360657,亚马逊,B0G877P78D,https://m.media-amazon.com/images/I/71WbfF9ZR-L._AC_US200_.jpg,"Mazo de Commander de Secretos de Strixhaven, de Magic: The Gathering - Pestilencia de Flosmarcitus (Versión en Español)",https://www.amazon.es/dp/B0G877P78D?th=1,1769558400000,200,西班牙,Juegos y accesorios
1777254360657,亚马逊,B0G8781J5W,https://m.media-amazon.com/images/I/71uetQRrPyL._AC_US200_.jpg,Magic: The Gathering Commander's Deck of Secrets of Strixhaven - Plumargéntum Influence,https://www.amazon.es/dp/B0G8781J5W?th=1,1769558400000,200,西班牙,Juegos y accesorios
1777254360657,亚马逊,B0G866V9ZF,https://m.media-amazon.com/images/I/817+k+TlxQL._AC_US200_.jpg,Magic: The Gathering Strixhaven Secrets Bundle,https://www.amazon.es/dp/B0G866V9ZF?th=1,1769558400000,100,西班牙,Juegos y accesorios
1777254360657,亚马逊,B0G8742ZNG,https://m.media-amazon.com/images/I/71th0spIAYL._AC_US200_.jpg,Magic: The Gathering Commander's Deck of Secrets of Strixhaven - Plumargentum Influence,https://www.amazon.es/dp/B0G8742ZNG?th=1,1769558400000,100,西班牙,Juegos y accesorios
1777254360688,亚马逊,B0GSJD4JDM,https://m.media-amazon.com/images/I/41qBBKw2AfL._AC_US200_.jpg,"Dumplings Squishy, Glitter Dumpling Squishy Toy with Steamer Box,Cute Glitter Rainbow Dumplings Squishiest avec Visage,Stress & Anxiety Relief Toys Géant Relief Sensory Ball Soft Squeeze Sensory Toys",https://www.amazon.fr/dp/B0GSJD4JDM?th=1,1775260800000,100,法国,花哨的玩具和小玩意
1777254360688,亚马逊,B0GVT7Y8PQ,https://m.media-amazon.com/images/I/31+LqfW0McL._AC_US200_.jpg,"Squishy Aliment Mignon Forme au Choix - Fraise, Banane, Cacahuète - Jouet Sensoriel Anti-Stress Retour Lent - Cadeau Kawaii pour Enfant et Adulte (Cacahuète)",https://www.amazon.fr/dp/B0GVT7Y8PQ?th=1,1775260800000,400,法国,花哨的玩具和小玩意
1777254360688,亚马逊,B0GL7Y8WL5,https://m.media-amazon.com/images/I/517fIA58EkL._AC_US200_.jpg,"Fozcmisw Kit de Perles Bijoux Enfant 6-12 Ans, 2600+ Perles Création de Bracelets Fille, Jeu de Loisir Créatif avec Plateau Tourneur, Coffret Cadeau Anniversaire pour Enfant",https://www.amazon.fr/dp/B0GL7Y8WL5?th=1,1774828800000,100,法国,创意休闲活动
1777254360688,亚马逊,B0GRJ9R3YH,https://m.media-amazon.com/images/I/71wB57RCQuL._AC_US200_.jpg,STARAOKÉ – Jeu de société Musical et drôle - Jeu d'Ambiance Entre Amis ou en Famille - Attrapez la réplique de Micro et Chantez Avant Les Autres ! Dès 8 Ans - 2 à 8 Joueurs - 350 Cartes Chant,https://www.amazon.fr/dp/B0GRJ9R3YH?th=1,1774569600000,200,法国,棋盘游戏
1777254360688,亚马逊,B0GS6Q2J2K,https://m.media-amazon.com/images/I/41BmW91jxdL._AC_US200_.jpg,Glitter Dumpling Squishy avec Visage Jouet sensoriel Balle Anti Stress Géante Forme Ravioli boîte à Vapeur Jouet Coloré Boulettes Boîte Vapeur sensoriel la Maison l'école la Salle 2026,https://www.amazon.fr/dp/B0GS6Q2J2K?th=1,1774483200000,200,法国,花哨的玩具和小玩意
1777254360688,亚马逊,B0DTK1ZLC9,https://m.media-amazon.com/images/I/518GtNGzaZL._AC_US200_.jpg,"VEVOR Panier de Basket-Ball Enfants, Hauteur Réglable, 190 cm, Base Remplissable, Ballons de Basket, Pompe à Air, Installation Facile, pour Tout-Petits 3-8 Ans, Garçons, Filles, Intérieur, Extérieur",https://www.amazon.fr/dp/B0DTK1ZLC9?th=1,1774396800000,100,法国,户外游戏和运动
1777254360688,亚马逊,B0GNZRXNVH,https://m.media-amazon.com/images/I/71cLG5wjYkL._AC_US200_.jpg,"Flowers - Jeu de Construction Florale 3D, 63 à 114 pièces, 8 modèles Assortis (Tournesol, Rose, Tulipe, Lavande, etc.), Jeu créatif pour Les Enfants dès 6 Ans.",https://www.amazon.fr/dp/B0GNZRXNVH?th=1,1774310400000,100,法国,Jeux de construction
1777254360688,亚马逊,B0GRV2H52R,https://m.media-amazon.com/images/I/71LGotwT0LL._AC_US200_.jpg,"Tampons Enfant Auto-Encreurs 12 Pièces, Kit de Tampons Plastique k pop pour Activités Créatives, Mes Premiers Tampons Demon Hunters pour Fête et Anniversaire, Cadeau et Récompense pour Sachets Cadeaux",https://www.amazon.fr/dp/B0GRV2H52R?th=1,1774310400000,100,法国,创意休闲活动
1777254360688,亚马逊,B0GGGMN8FX,https://m.media-amazon.com/images/I/41JLeGYu4YL._AC_US200_.jpg,"Drone avec Caméra 4K UHD pour Adultes et Débutants,40+ min de vol,Drone Mini Télécommandé Pliable WIFI avec Moteur sans Balais,Double Caméra,Selfie par Gestes,Moins 249g",https://www.amazon.fr/dp/B0GGGMN8FX?th=1,1774051200000,100,法国,遥控玩具
1777254360688,亚马逊,B0GSW6V9N2,https://m.media-amazon.com/images/I/51omDXxHVxL._AC_US200_.jpg,"Squishy Aliment Mignon Forme au Choix - Fraise, Banane, Cacahuète,Pêche,Beurre,Pastèque,Dumpling,Pain,Tofu- Jouet Sensoriel Anti-Stress Retour Lent - Cadeau Kawaii pour Enfant et Adulte (4 PCS)",https://www.amazon.fr/dp/B0GSW6V9N2?th=1,1774051200000,500,法国,花哨的玩具和小玩意
1777254360688,亚马逊,B0GSZ294DJ,https://m.media-amazon.com/images/I/41Yej1H1LuL._AC_US200_.jpg,"Squishy Pomme, Jouet Transparent en Forme de Pomme Verte, Balle Souple à Presser pour Bureau, École ou Cadeau Original (Pink)",https://www.amazon.fr/dp/B0GSZ294DJ?th=1,1773964800000,100,法国,花哨的玩具和小玩意
1777254360688,亚马逊,B0FYPCFCG9,https://m.media-amazon.com/images/I/61QWM37qlCL._AC_US200_.jpg,"Balle Anti-Stress Ice Cube Flocon 5 cm – Cube Squishy Fidget Sensoriel à Presser pour Enfants et Adultes, Jouet Relaxant, Boîte Cadeau (Blue)",https://www.amazon.fr/dp/B0FYPCFCG9?th=1,1773878400000,100,法国,花哨的玩具和小玩意
1777254360688,亚马逊,B0GL8P9Y9L,https://m.media-amazon.com/images/I/71UCqjGxmhL._AC_US200_.jpg,"Cartes à raconter pour Enfants I 150 Questions adaptées aux Enfants I Un Cadeau Qui renforce la Relation Parent-Enfant et la Pleine Conscience I Jeu éducatif pour Fille et garçon à partir de 6, 7 Ans",https://www.amazon.fr/dp/B0GL8P9Y9L?th=1,1773705600000,200,法国,教育和科学游戏
1777254360688,亚马逊,B0GS8X7CVY,https://m.media-amazon.com/images/I/811rorTRVYL._AC_US200_.jpg,"Classeur Carte,Capacité de 50 pages de 400 Cartes, Porte Cartes,Organisateur de cartes,Porte Cartes en cuir Imperméable Fermeture éclair, un cadeau les garçons et les filles - p400",https://www.amazon.fr/dp/B0GS8X7CVY?th=1,1773705600000,100,法国,收藏玩具
1777254360688,亚马逊,B0GSGWM2QW,https://m.media-amazon.com/images/I/31NBDOhgVAL._AC_US200_.jpg,"Butter Squishy,Jouets Anti-Stress en Forme de Bâtonnets Beurre,Ultra Doux et à Lent,Fidget Squeeze Toy,Beurre Squishy Stick pour Enfant et Adulte pour Bureau École Apaisement (1 Pieces)",https://www.amazon.fr/dp/B0GSGWM2QW?th=1,1773619200000,200,法国,花哨的玩具和小玩意
1777254360688,亚马逊,B0GS5Q4P28,https://m.media-amazon.com/images/I/21dzW8g4oIL._AC_US200_.jpg,"Taba Squishy, jouet à serrer en forme de cacahuète, boule anti-stress sûre, jouet de stress réaliste en forme de cacahuète, boules anti-stress non toxiques, jouets sensoriels Fidget pour enfants et",https://www.amazon.fr/dp/B0GS5Q4P28?th=1,1773619200000,100,法国,花哨的玩具和小玩意
1777254360688,亚马逊,B0G2C68VTZ,https://m.media-amazon.com/images/I/21mt7+6KxFL._AC_US200_.jpg,"tonies Figurine Disney/Pixar- Vice-Versa - Personnage Audio pour conteuse Toniebox, 3 Ans et Plus - boîte à Histoires Vendue séparément",https://www.amazon.fr/dp/B0G2C68VTZ?th=1,1773532800000,100,法国,儿童电子游戏
1777254360688,亚马逊,B0FXGDLPR7,https://m.media-amazon.com/images/I/818FmFLa1-L._AC_US200_.jpg,"KINSPORY Peintures à Doigts Enfants 12 x 36 ml – Peintures Lavables pour Tout-Petits, Non Toxiques, Sans Danger pour les Mains et Pieds, Fournitures Artistiques Préscolaires Cadeaux Créatifs",https://www.amazon.fr/dp/B0FXGDLPR7?th=1,1773532800000,100,法国,创意休闲活动
1777254360688,亚马逊,B0GS5VV32Q,https://m.media-amazon.com/images/I/51OH-NO18OL._AC_US200_.jpg,"Classeur Carte, Album Carte Porte, 4 Poche Binder Capacité 400 Cartes, Livre Carte Cuir Imperméable Cahier",https://www.amazon.fr/dp/B0GS5VV32Q?th=1,1773532800000,100,法国,收藏玩具
1777254360688,亚马逊,B0GFJYCHHD,https://m.media-amazon.com/images/I/41A+XiZQRqL._AC_US200_.jpg,"Jeu Magnétique de Stratégie, Échiquier magnétique,Jeu d'échecs de Combat magnétique, Jeu de Société Portable avec 20 Pièces Aimantées et Corde de Jeu, Jeu de Réflexion 2-4 Joueurs",https://www.amazon.fr/dp/B0GFJYCHHD?th=1,1773532800000,100,法国,棋盘游戏
1777254360688,亚马逊,B0GQ3JZFD8,https://m.media-amazon.com/images/I/61XLMfPhMFL._AC_US200_.jpg,BARRADO Peluche Marsupilami - 30 cm - 16003017,https://www.amazon.fr/dp/B0GQ3JZFD8?th=1,1773446400000,200,法国,抱枕玩具
1777254360688,亚马逊,B0GLRLHNJV,https://m.media-amazon.com/images/I/715ksWUeeWL._AC_US200_.jpg,"Clementoni – Puzzle 104 pièces Super K-Pop Demon Hunters – Dès 6 Ans – Grand Format 48,5 x 33,5 cm – Idée Cadeau Jeu de société",https://www.amazon.fr/dp/B0GLRLHNJV?th=1,1773360000000,100,法国,拼图
1777254360688,亚马逊,B0GS6NFHL9,https://m.media-amazon.com/images/I/71u2SuL+lCL._AC_US200_.jpg,Glitter Dumpling Squishy Jouet sensoriel Balle Anti Stress Géante en Forme De Ravioli avec boîte à Vapeur Jouet Coloré De Boulettes Boîte À Vapeur sensoriel Amusant la Maison l'école la Salle 2026,https://www.amazon.fr/dp/B0GS6NFHL9?th=1,1773360000000,100,法国,花哨的玩具和小玩意
1777254360688,亚马逊,B0G69M3WZ4,https://m.media-amazon.com/images/I/41QqlTj7h5L._AC_US200_.jpg,"MOONTOY Cadeau Jouet Enfant Voiture Bebe 1 an,4 Pièces Jouet Lapin pour Bébé 1 an,Cadeau Bebe Voitures à Friction pour Bébé 1 2 3 Ans,Pâques Cadeau Anniversaire Garçons Filles",https://www.amazon.fr/dp/B0G69M3WZ4?th=1,1773273600000,100,法国,汽车
1777254360688,亚马逊,B0GD6GW4YN,https://m.media-amazon.com/images/I/51yjBhNdj9L._AC_US200_.jpg,"Brouette pour Enfants, 13pcs Brouette Jardin, Kit de Jeu avec Outils de Jardinage pour Enfants, Outillage de Jardin pour Enfants avec Brouette, Bêche, Autocollants, Rateau, pour Plage(A)",https://www.amazon.fr/dp/B0GD6GW4YN?th=1,1773273600000,100,法国,户外游戏和运动
1777254360688,亚马逊,B0GS5XX7BT,https://m.media-amazon.com/images/I/41BmW91jxdL._AC_US200_.jpg,"Dumplings Squishy, Glitter Dumpling Squishy Toy with Steamer Box,Cute Glitter Rainbow Dumplings Squishiest avec Visage,Stress & Anxiety Relief Toys Géant Relief Sensory Ball Soft Squeeze Sensory Toys",https://www.amazon.fr/dp/B0GS5XX7BT?th=1,1773273600000,200,法国,花哨的玩具和小玩意
1777254360688,亚马逊,B0GS6HJ9HS,https://m.media-amazon.com/images/I/61l-7Z+pf+L._AC_US200_.jpg,Générique Lot de 56 Cartes Françaises et Officielles - 5 Brillantes et 1 Ultra Rare (V ou EX) - Cartes à Collectionner - Idéal pour Les Enfants - sans énergies et doublons,https://www.amazon.fr/dp/B0GS6HJ9HS?th=1,1773273600000,100,法国,Jeux de société
1777254360688,亚马逊,B0G6D59113,https://m.media-amazon.com/images/I/81zGlrLMuOL._AC_US200_.jpg,"3 Pièces Spray Puant - Boule Puante Puissante, Fart Spray Qui Pue, Farce et Attrape Adulte, Objet Prank Odeur para Halloween Carnaval Prank Stuff (Non Toxique)",https://www.amazon.fr/dp/B0G6D59113?th=1,1773273600000,300,法国,花哨的玩具和小玩意
1777254360688,亚马逊,B0G2C4BYF4,https://m.media-amazon.com/images/I/21oI7j-082L._AC_US200_.jpg,"tonies Figurine Peppa Pig - La Nouvelle Petite Sœur - Personnage Audio pour conteuse Toniebox 2, 3 Ans et Plus - boîte à Histoires Vendue séparément",https://www.amazon.fr/dp/B0G2C4BYF4?th=1,1773187200000,100,法国,儿童电子游戏
1777254360688,亚马逊,B0FR8BRGFR,https://m.media-amazon.com/images/I/41+-aVZ5HIL._AC_US200_.jpg,"Classeur Carte Pokemon, Album Porte Carte à Collectionner 4 Poche, Livre Rangement Carte Carnet, 30 Pages Capacité de 240",https://www.amazon.fr/dp/B0FR8BRGFR?th=1,1773187200000,100,法国,收藏玩具
1777254360688,亚马逊,B0BZRVM77M,https://m.media-amazon.com/images/I/51O6iHMBdPL._AC_US200_.jpg,"Gemmicc Tuiles Magnétiques, Jeux de Construction Magnétiques pour Enfants, Jouets Éducatifs STEM, Blocs Magnétiques à Empiler pour Garçons et Filles, Set de Démarrage 55 Pièces",https://www.amazon.fr/dp/B0BZRVM77M?th=1,1773187200000,100,法国,建筑游戏
1777254360688,亚马逊,B0GS16W78T,https://m.media-amazon.com/images/I/21dzW8g4oIL._AC_US200_.jpg,"Squishy Aliment Mignon Forme au Choix - Fraise, Banane, Fromage, Cacahuète - Jouet Sensoriel Anti-Stress Retour Lent - Cadeau Kawaii pour Enfant et Adulte",https://www.amazon.fr/dp/B0GS16W78T?th=1,1773187200000,100,法国,花哨的玩具和小玩意
1777254360688,亚马逊,B0GQ33JPXD,https://m.media-amazon.com/images/I/81Glg1OABoL._AC_US200_.jpg,"Lubibi 12 Pcs Remplis d'Oeufs de Pâques avec Canards en Caoutchouc, Oeufs de Pâques Colorés Lumineux Remplisseurs de Paniers de Pâques pour Bain Amusant Squirt Squeaker Duckies Canards Cadeaux Jouet",https://www.amazon.fr/dp/B0GQ33JPXD?th=1,1773100800000,100,法国,花哨的玩具和小玩意
1777254360688,亚马逊,B0GQZ2B94P,https://m.media-amazon.com/images/I/8194pivbCaL._AC_US200_.jpg,"50 PCS Classeur Carte,400 Cartes Album Porte Carte,Portable Album de Collection,Imperméable Albums pour Cartes à Collectionner Stockage",https://www.amazon.fr/dp/B0GQZ2B94P?th=1,1773100800000,100,法国,收藏玩具
1777254360688,亚马逊,B0FYP25F22,https://m.media-amazon.com/images/I/61EwJC5kphL._AC_US200_.jpg,"Balle Anti-Stress Ice Cube 3,5 cm – Cube Squishy Fidget Sensoriel pour Enfants et Adultes, Jouet à Presser, Boîte Cadeau（3.5cm (Blue)",https://www.amazon.fr/dp/B0FYP25F22?th=1,1773100800000,100,法国,花哨的玩具和小玩意
1777254360688,亚马逊,B0GGK97VD2,https://m.media-amazon.com/images/I/81-nu-SMToL._AC_US200_.jpg,Pokémon : présentoir de boosters Méga-Évolution – Équilibre Parfait (18 boosters) du JCC Pokémon,https://www.amazon.fr/dp/B0GGK97VD2?th=1,1773014400000,1000,法国,收藏玩具
1777254360688,亚马逊,B0GMKRVJZ4,https://m.media-amazon.com/images/I/41BxBKVisTL._AC_US200_.jpg,Toyland® Bourrelette Bao Squishy avec boîte Vapeur en Plastique - Jouet Anti-Stress pour Enfants - 1 aléatoire - Dès 3 Ans,https://www.amazon.fr/dp/B0GMKRVJZ4?th=1,1773014400000,100,法国,花哨的玩具和小玩意
1777254360688,亚马逊,B0GLRHKJST,https://m.media-amazon.com/images/I/41Ng13O7shL._AC_US200_.jpg,Clementoni – Puzzle 104 pièces K-Pop Demon Hunters – Dès 6 Ans – Format 38 x 27 cm – Puzzle Enfant – Idée Cadeau Jeu de société,https://www.amazon.fr/dp/B0GLRHKJST?th=1,1772928000000,100,法国,拼图
1777254360688,亚马逊,B0GQD9KKR6,https://m.media-amazon.com/images/I/61igICfY5GL._AC_US200_.jpg,Lot de 15 Cartes Françaises Neuves et Authentiques - Comprend 1 Ultra Rare + 14 Brillantes - sans Double - sans Carte Énergie,https://www.amazon.fr/dp/B0GQD9KKR6?th=1,1772928000000,100,法国,棋盘游戏
1777254360688,亚马逊,B0GRGPG5V5,https://m.media-amazon.com/images/I/716PA+r43cL._AC_US200_.jpg,"Lot De 2 Claviers Anti-Stress - Clavier Anti-Stress Lumineux 4 Touches, Clavier Mécanique Lumineux RGB Claviers Antistress À Clics, Porte-clés Décompression Portable pour en-fants Et Adultes",https://www.amazon.fr/dp/B0GRGPG5V5?th=1,1772841600000,100,法国,花哨的玩具和小玩意
1777254360688,亚马逊,B0G7X3RM6K,https://m.media-amazon.com/images/I/51Kie5DrQgL._AC_US200_.jpg,"URMYWO Aqua Gelz Set, 3D Magic Water Elf avec 20 Aquagels et 24 Moules | Jeux Créatif DIY Favorisant Créativité et Motricité Fine | Activités Manuelles, Jouet Enfant Cadeau Dès 3 Ans",https://www.amazon.fr/dp/B0G7X3RM6K?th=1,1772755200000,200,法国,创意休闲活动
1777254360688,亚马逊,B0GLRYBYML,https://m.media-amazon.com/images/I/71O+yBldB3L._AC_US200_.jpg,"Clementoni – Puzzle 180 pièces Super K-Pop Demon Hunters – Dès 7 Ans – Format 48,5 x 33,5 cm – Idée Cadeau Jeu de société",https://www.amazon.fr/dp/B0GLRYBYML?th=1,1772668800000,100,法国,拼图
1777254360688,亚马逊,B0GLR7DWZS,https://m.media-amazon.com/images/I/412FvjoNwWL._AC_US200_.jpg,"Clementoni – Puzzle 300 pièces Super K-Pop Demon Hunters – Dès 9 Ans – Grand Format 48,5 x 33,5 cm – Idée Cadeau Jeu de société",https://www.amazon.fr/dp/B0GLR7DWZS?th=1,1772668800000,100,法国,拼图
1777254360688,亚马逊,B0GK15RMS9,https://m.media-amazon.com/images/I/41VU9TqYqoL._AC_US200_.jpg,"Mieryd Jouet Montessori Enfant 1 an, 10 en 1 Jeux en Bois Bebe Jouet Cube Musicaux Fille Garcon avec Xylophone, Jeu Pêche & Marteau, Jouet d'activité Educatif Interactif Cadeau Anniversaire 1 2 Ans",https://www.amazon.fr/dp/B0GK15RMS9?th=1,1772668800000,100,法国,幼儿玩具和婴儿玩具
1777254360688,亚马逊,B07PH9KQMN,https://m.media-amazon.com/images/I/81HDtUuPTSL._AC_US200_.jpg,"Red Notice : Le Million ou la Prison – Duel asymétrique 2 Joueurs, Bluff, déduction et Programmation, 10 Plus, Blackrock Games",https://www.amazon.fr/dp/B07PH9KQMN?th=1,1772150400000,100,法国,棋盘游戏
1777254360688,亚马逊,B0GH12YBBH,https://m.media-amazon.com/images/I/61Uk5-AxJVL._AC_US200_.jpg,"NauotK Planche Montessori, Busy Board en Bois pour Bébé 3+ Ans, Activity Board avec 19 Lumiere, Motricité Bébé Jouet Educatif Sensoriel, Voyage Portable Tableau d’activité Cadeau pour Garçons & Filles",https://www.amazon.fr/dp/B0GH12YBBH?th=1,1772150400000,100,法国,教育和科学游戏
1777254360688,亚马逊,B0GC3ZDTWR,https://m.media-amazon.com/images/I/51CSLcI6HhL._AC_US200_.jpg,"Cadeau Paques Enfant 3-10 Ans, 5 Oeufs de Paques Spinning avec Lumières et Musique - Pâques Enfant pour Chasse aux Oeufs - Toupies à Œufs de Pâques Jouets",https://www.amazon.fr/dp/B0GC3ZDTWR?th=1,1772150400000,400,法国,花哨的玩具和小玩意
1777254360688,亚马逊,B0GJF5YVDV,https://m.media-amazon.com/images/I/71Qx4gSrsIL._AC_US200_.jpg,"Lansay – ZLASH – Jeu de Lancer et rattrapage Enfant 6 Ans+ – Raquettes avec Missile siffleur – Jeu d’adresse en Plein air – Activité Sportive extérieure Jardin, Parc, Plage – À Deux Joueurs",https://www.amazon.fr/dp/B0GJF5YVDV?th=1,1772064000000,100,法国,户外游戏和运动
1777254360688,亚马逊,B0FK23475S,https://m.media-amazon.com/images/I/41ss81SITAL._AC_US200_.jpg,"Monster High Skullector Poupée Coraline avec imperméable jaune, robe et accessoires, poupée de chiffon, figurine de chat et socle poupée, JHK65",https://www.amazon.fr/dp/B0FK23475S?th=1,1771977600000,100,法国,Poupées et accessoires
1777254360688,亚马逊,B0GFLWPHY9,https://m.media-amazon.com/images/I/71wcp3L40CL._AC_US200_.jpg,"Dislocati Microphone pour Enfants avec Support, Micro Karaoke Enfant avec Support et Lumière, Cadeau Anniversaire Fille 3-12 Ans, Micros Enfant avec Lumières Multicolores, Bluetooth/TF/USB (Rose)",https://www.amazon.fr/dp/B0GFLWPHY9?th=1,1771977600000,100,法国,儿童的电子游戏
1777254360688,亚马逊,B0G52MQXS4,https://m.media-amazon.com/images/I/51ig6V64PaL._AC_US200_.jpg,"MOMUSE Œuf à Éclore Licorne pour Enfants 6 PCS, Cadeau Fille 4 Ans,Cadeaux de Pâques, Petits Cadeaux pour Anniversaire d'enfants Filles Garçons 3 4 5 6 7 8 Ans",https://www.amazon.fr/dp/B0G52MQXS4?th=1,1771977600000,200,法国,塑像
1777254360688,亚马逊,B0G8TQBVVH,https://m.media-amazon.com/images/I/81EGBLh00dL._AC_US200_.jpg,"Pandapop 2 in 1 Outils Enfant, Débroussailleuse Enfant avec Lumière, Souffleur Feuille avec Son, Kit Jardinage avec Ceinture Et Gants, Jouet Enfant 3 Ans Garçon",https://www.amazon.fr/dp/B0G8TQBVVH?th=1,1771891200000,100,法国,仿制游戏、服装和配件
1777254360688,亚马逊,B0F9X19V1K,https://m.media-amazon.com/images/I/81il+u14nxL._AC_US200_.jpg,"BIC Kids Kid Couleur Feutres de Coloriage à Pointe Moyenne - Couleurs Assorties, Etui Carton de 36",https://www.amazon.fr/dp/B0F9X19V1K?th=1,1771891200000,200,法国,创意休闲活动
1777254360688,亚马逊,B0FHKQ7R1P,https://m.media-amazon.com/images/I/81PdE4pFheL._AC_US200_.jpg,Xerteam Lot de 5 costumes de pirate pour enfant - 22 accessoires de pirate - Décoration d'anniversaire d'enfant - Costume de jeu de rôle pour enfants de 4 à 7 ans,https://www.amazon.fr/dp/B0FHKQ7R1P?th=1,1771804800000,100,法国,仿制游戏、服装和配件
1777254360688,亚马逊,B0G1Y1XP9Q,https://m.media-amazon.com/images/I/71uFZPdl11L._AC_US200_.jpg,Squishmallows Bouquet Hello Kitty et Ses Amis Micromallows Original,https://www.amazon.fr/dp/B0G1Y1XP9Q?th=1,1771632000000,100,法国,抱枕玩具
1777254360688,亚马逊,B0GNSP9YQT,https://m.media-amazon.com/images/I/91+UDnVxhAL._AC_US200_.jpg,Pokémon : Blister amélioré de 2 boosters (2 boosters et 3 Cartes Promo Brillantes) du JCC Pokémon,https://www.amazon.fr/dp/B0GNSP9YQT?th=1,1771545600000,1000,法国,收藏玩具
1777254360688,亚马逊,B0GNNWJHKJ,https://m.media-amazon.com/images/I/81q7gxuINSL._AC_US200_.jpg,Dungeons & Dragons D&D Boîte d’Initiation: Les Héros des Confins du Pays,https://www.amazon.fr/dp/B0GNNWJHKJ?th=1,1771459200000,200,法国,棋盘游戏
1777254360688,亚马逊,B0GLHF4V2Q,https://m.media-amazon.com/images/I/314Jm2IxCUL._AC_US200_.jpg,"Legami - Super Soft! Peluche, Motif Ladybug, Format Mini, avec Carte d'identité Personnalisable, Tient Debout Tout Seul, 14 x 15 x 12 cm",https://www.amazon.fr/dp/B0GLHF4V2Q?th=1,1771459200000,100,法国,抱枕玩具
1777254360688,亚马逊,B0GK9XK2N4,https://m.media-amazon.com/images/I/61CBFfYi8fL._AC_US200_.jpg,Flip 7: with a Vengeance Jeu de Cartes | Jeu Standalone Press Your Luck | Cartes d’Action Take-That | Jeu Rapide Familial et de Soirée dès 8 Ans,https://www.amazon.fr/dp/B0GK9XK2N4?th=1,1771372800000,300,法国,棋盘游戏
1777254360688,亚马逊,B0GD1MYSX5,https://m.media-amazon.com/images/I/61sjhSKzGwL._AC_US200_.jpg,"Blackrock Games Mozaïk – Jeu d’Association & de stratégie Familial – 1‑4 Joueurs, 10 Ans+, Parties 20–30 Min – 89 Illustrations Originales, Mode Solo – de Blam",https://www.amazon.fr/dp/B0GD1MYSX5?th=1,1771200000000,100,法国,棋盘游戏
1777254360688,亚马逊,B0FDGZ34XT,https://m.media-amazon.com/images/I/41OPnCPxq1L._AC_US200_.jpg,"Gui Gui Beurre Slime, Les Plus Beaux slimes créés par tes Soins, suis 5 étapes pour embellir Ton Slime, 13 slimes Gui Gui parfumés et 4 Fabuleuses Textures à créer",https://www.amazon.fr/dp/B0FDGZ34XT?th=1,1771200000000,200,法国,花哨的玩具和小玩意
1777254360688,亚马逊,B0FX1C7CCY,https://m.media-amazon.com/images/I/91XpNx7D3SL._AC_US200_.jpg,"Pokémon : Collection Poster Premium Méga-Évolution – Héros Transcendants – Méga-Gardevoir (1 Carte Promo Brillante, 1 Poster Double Face et 10 boosters)",https://www.amazon.fr/dp/B0FX1C7CCY?th=1,1771200000000,3000,法国,收藏玩具
1777254360688,亚马逊,B0FX1F9R28,https://m.media-amazon.com/images/I/91woziWT9eL._AC_US200_.jpg,"Pokémon : Collection Poster Premium Méga-Évolution – Héros Transcendants – Méga-Lucario (1 Carte Promo Brillante, 1 Poster Double Face et 10 boosters)",https://www.amazon.fr/dp/B0FX1F9R28?th=1,1771200000000,3000,法国,收藏玩具
1777254360688,亚马逊,B0G36CJG5Y,https://m.media-amazon.com/images/I/61WNb-Ut4nL._AC_US200_.jpg,Funko Pop Animation: Netflix - Kpop Demon Hunters - Rumi - 1 in 6 Chance of Receiving The Rare Chase Variant (Glow in The Dark) - Styles Vary - Figurine en Vinyle de Collection,https://www.amazon.fr/dp/B0G36CJG5Y?th=1,1771113600000,200,法国,收藏玩具
1777254360688,亚马逊,B0GKQ6NP2F,https://m.media-amazon.com/images/I/61uzQkBXbRL._AC_US200_.jpg,Lot de 50 Cartes Françaises Neuves et Authentiques - Comprend 10 Cartes Brillantes - sans Double - sans Carte Énergie - sans Dresseur,https://www.amazon.fr/dp/B0GKQ6NP2F?th=1,1771027200000,100,法国,棋盘游戏
1777254360688,亚马逊,B0GM87V5JT,https://m.media-amazon.com/images/I/51p1OFFin4L._AC_US200_.jpg,Yu-Gi-Oh! Pack de 3 boosters Tuckbox Collection Rareté V - 15 Cartes - 3 Pochettes recharges incluses - Dès 6 Ans - 1ère édition française,https://www.amazon.fr/dp/B0GM87V5JT?th=1,1770768000000,100,法国,棋盘游戏
1777254360688,亚马逊,B0G545G8QR,https://m.media-amazon.com/images/I/71+-tl6F02L._AC_US200_.jpg,Canal Toys - Squish Squish - Squishy Factory - Crée Tes Squishy Tout Moelleux & Colorés - Ajoute des Paillettes & Customise-Les - Idée Cadeau Enfant Dès 6 Ans - Loisir Créatif - SQI 001,https://www.amazon.fr/dp/B0G545G8QR?th=1,1770768000000,300,法国,Jouets fantaisie et gadgets
1777254360688,亚马逊,B0GHZVJ2S3,https://m.media-amazon.com/images/I/51uxrHcawFL._AC_US200_.jpg,"tonies Figurine Mes comptines de la Maternelle : Personnage avec chansons pour conteuse Toniebox, chansons pour Enfants 1 Ans et Plus - boîte à Musique Vendue séparément",https://www.amazon.fr/dp/B0GHZVJ2S3?th=1,1770768000000,200,法国,儿童电子游戏
1777254360688,亚马逊,B0GMQRYY31,https://m.media-amazon.com/images/I/8159XIXhflL._AC_US200_.jpg,"Pokémon : Collection Illustration Premiers Partenaires – Série 1 (3 Cartes Promo, 2 boosters et 1 Page d’Autocollants) du JCC Pokémon",https://www.amazon.fr/dp/B0GMQRYY31?th=1,1770768000000,5000,法国,收藏玩具
1777254360688,亚马逊,B0GLHWYYHH,https://m.media-amazon.com/images/I/61Yg5rJMyaL._AC_US200_.jpg,BARRADO Peluche Marsupilami Live Action - 20cm - 16002985,https://www.amazon.fr/dp/B0GLHWYYHH?th=1,1770508800000,200,法国,抱枕玩具
1777254360688,亚马逊,B0FCYTHV6D,https://m.media-amazon.com/images/I/71+HtTwmOgL._AC_US200_.jpg,"Beyblade X Starter Pack Feather Phoenix 2-60N BX, toupie Takara Tomy de Type défense avec Lanceur, toupies de compétition, dès 8 Ans",https://www.amazon.fr/dp/B0FCYTHV6D?th=1,1770422400000,100,法国,棋盘游戏
1777254360688,亚马逊,B0G1BDML8G,https://m.media-amazon.com/images/I/51pbHXBceAL._AC_US200_.jpg,"Craze Magic Slime Octopus - Poulpe en Slime Enfant Ultra Extensible et Collante, Brille dans Le Noir, pailleté et Multicolore - Gadgets Amusants et Petits Cadeaux pour Enfants",https://www.amazon.fr/dp/B0G1BDML8G?th=1,1770422400000,100,法国,花哨的玩具和小玩意
1777254360688,亚马逊,B0FCYVGG58,https://m.media-amazon.com/images/I/41ZV29RvyKL._AC_US200_.jpg,"Beyblade X Starter Pack Rudder Phoenix 4-70LF UX, toupie Takara Tomy de Type Attaque avec Lanceur, toupies de compétition, dès 8 Ans",https://www.amazon.fr/dp/B0FCYVGG58?th=1,1770422400000,100,法国,棋盘游戏
1777254360688,亚马逊,B0GCWMR9H6,"https://m.media-amazon.com/images/I/41sqZEFlV5L._AC_SR200,200_.jpg","Costume de cosplay Animes pour Enfant, Déguisement Carnavals Enfant Fille, Animes Cosplay Costume, Deguisements Filles pour Carnivals Halloween Partys",https://www.amazon.fr/dp/B0GCWMR9H6?th=1,1770336000000,100,法国,仿制游戏、服装和配件
1777254360688,亚马逊,B0G1C8TGLW,https://m.media-amazon.com/images/I/81uCFwu4HxL._AC_US200_.jpg,"MOONTOY Cadeau Anniversaire Enfants Invités, 12 Œufs avec 12 Blocs & 4 Autocollants, DIY Mini Jouet de Construction, Calendrier de l'avent pour Garçons et Filles 6+, Ferme de Carottes avec Lapin",https://www.amazon.fr/dp/B0G1C8TGLW?th=1,1770249600000,100,法国,Jeux de construction
1777254360688,亚马逊,B0FYP9L89J,https://m.media-amazon.com/images/I/51pdXMI3mlL._AC_US200_.jpg,"MOONTOY Cadeau Anniversaire Enfants Invités, 12 Œufs avec 12 Blocs & 4 Autocollants, DIY Mini Jouet de Construction, Calendrier de l'avent pour Enfants de 6+ Ans Garçons Filles, Inclut Lapin & Mouton",https://www.amazon.fr/dp/B0FYP9L89J?th=1,1770249600000,100,法国,Jeux de construction
1777254360688,亚马逊,B0GHPV1VDN,https://m.media-amazon.com/images/I/41q2kkG22OL._AC_US200_.jpg,BARRADO Peluche Marsupilami bébé en œuf - 20 cm - 16002968,https://www.amazon.fr/dp/B0GHPV1VDN?th=1,1770249600000,100,法国,抱枕玩具
1777254360688,亚马逊,B0GHZR6LLL,https://m.media-amazon.com/images/I/71MRAc-hyaL._AC_US200_.jpg,Panini SKIFIDOL Italian BRAINROT Trading Cards Game 2 Blister 5 Pochettes,https://www.amazon.fr/dp/B0GHZR6LLL?th=1,1770163200000,100,法国,收藏玩具
1777254360688,亚马逊,B0GKQDBCB7,https://m.media-amazon.com/images/I/71VD2FmAwRL._AC_US200_.jpg,GeeKe 216 Perles Magnétiques remonter Kit Créatif à Assembler et Démêler,https://www.amazon.fr/dp/B0GKQDBCB7?th=1,1770163200000,100,法国,Jouets fantaisie et gadgets
1777254360688,亚马逊,B0G369FC5R,https://m.media-amazon.com/images/I/61MRZfI5f4L._AC_US200_.jpg,Funko Pop Animation: Netflix - Kpop Demon Hunters - Mira - Figurine en Vinyle de Collection - Idée Cadeau - Produit Officiel - Jouets pour Enfants et Adultes - Figurine modèle pour collectionneurs,https://www.amazon.fr/dp/B0G369FC5R?th=1,1770163200000,100,法国,收藏玩具
1777254360688,亚马逊,B0G36DYL88,https://m.media-amazon.com/images/I/61NOEhkSUyL._AC_US200_.jpg,Funko Pop Animation: Netflix - Kpop Demon Hunters - Zoey - Figurine en Vinyle de Collection - Idée Cadeau - Produit Officiel - Jouets pour Enfants et Adultes - Figurine modèle pour collectionneurs,https://www.amazon.fr/dp/B0G36DYL88?th=1,1770163200000,100,法国,收藏玩具
1777254360688,亚马逊,B0GCWSRPZ6,"https://m.media-amazon.com/images/I/41sqZEFlV5L._AC_SR200,200_.jpg","Costume de cosplay Animes pour Enfant, Déguisement Carnavals Enfant Fille, Animes Cosplay Costume, Deguisements Filles pour Carnivals Halloween Partys",https://www.amazon.fr/dp/B0GCWSRPZ6?th=1,1769990400000,100,法国,仿制游戏、服装和配件
1777254360688,亚马逊,B0G4VNY3XT,https://m.media-amazon.com/images/I/617Kbpnv9DL._AC_US200_.jpg,"KEFU Embouts à Mâcher pour Crayons, Lot de 8, Accessoires Sensoriels pour Enfants avec Autisme et TDAH",https://www.amazon.fr/dp/B0G4VNY3XT?th=1,1769904000000,100,法国,教育和科学游戏
1777254360688,亚马逊,B0GGKJH8RR,https://m.media-amazon.com/images/I/61Yg5rJMyaL._AC_US200_.jpg,BARRADO - Peluche Marsupilami Live Action - 30 cm - 16002949,https://www.amazon.fr/dp/B0GGKJH8RR?th=1,1769904000000,100,法国,抱枕玩具
1777254360688,亚马逊,B00HVLIIP0,https://m.media-amazon.com/images/I/71zU-KbtRXL._AC_US200_.jpg,Deck Commander Magic: The Gathering Les Secrets de Strixhaven - Pestilence de Flestrefleur (Version Française),https://www.amazon.fr/dp/B00HVLIIP0?th=1,1769904000000,300,法国,Jeux de société
1777254360688,亚马逊,B0GGJ7JF7J,https://m.media-amazon.com/images/I/81eCzHAg9LL._AC_US200_.jpg,Pokémon : Lot de boosters Méga-Évolution – Équilibre Parfait (6 boosters) du JCC Pokémon,https://www.amazon.fr/dp/B0GGJ7JF7J?th=1,1769817600000,3000,法国,收藏玩具
1777254360688,亚马逊,B08HJ7N3ZZ,https://m.media-amazon.com/images/I/31w8RucmYaL._AC_US200_.jpg,Funko Pop! Keychain: Netflix - Kpop Demon Hunters - Mira - Porte-clés Porte-clés Fantaisie - Mini-Figurine de Collection - Petit Cadeau de Noël - Idée Cadeau - Produit Officiel,https://www.amazon.fr/dp/B08HJ7N3ZZ?th=1,1769731200000,100,法国,收藏玩具
1777254360688,亚马逊,B0FDB2DFDH,https://m.media-amazon.com/images/I/41jnFJq31aL._AC_US200_.jpg,"Gui Gui Brilliant Slime, Les Plus Beaux slimes créés par tes Soins, suis 5 étapes pour embellir Ton Slime, 13 slimes Gui Gui parfumés et 4 Fabuleuses Textures à créer",https://www.amazon.fr/dp/B0FDB2DFDH?th=1,1769644800000,300,法国,花哨的玩具和小玩意
1777254360688,亚马逊,B0G4NRXZSD,https://m.media-amazon.com/images/I/71DN7YrgdEL._AC_US200_.jpg,"Pokémon : Mini-boîte Méga-Évolution – Héros Transcendants – Mélofée et Germignon (1 Page d’Autocollants, 1 Carte Artistique et 2 boosters)",https://www.amazon.fr/dp/B0G4NRXZSD?th=1,1769644800000,100,法国,收藏玩具
1777254360688,亚马逊,B0D9BZN3R5,https://m.media-amazon.com/images/I/41EM9gHu1yL._AC_US200_.jpg,"KIDYWOLF - KIDYDRAW Mini - Kawai - Tablette à Dessiner Enfant LCD 8,2"" - Ardoise Magique avec 30 Calques - Jeu Éducatif & Créatif Nomade dès 4 Ans",https://www.amazon.fr/dp/B0D9BZN3R5?th=1,1769644800000,200,法国,教育和科学游戏
1777254360688,亚马逊,B0G87BQY89,https://m.media-amazon.com/images/I/71pXOUB9HHL._AC_US200_.jpg,Deck Commander Magic: The Gathering Les Secrets de Strixhaven - Esprit de Forsapience (Version Française),https://www.amazon.fr/dp/B0G87BQY89?th=1,1769558400000,100,法国,Jeux de société
1777254360688,亚马逊,B0G87BP3SZ,https://m.media-amazon.com/images/I/71nXkpSftFL._AC_US200_.jpg,Deck Commander Magic: The Gathering Les Secrets de Strixhaven - Talent de Prismari (Version Française),https://www.amazon.fr/dp/B0G87BP3SZ?th=1,1769558400000,100,法国,Jeux de société
1777254360688,亚马逊,B0G876ML5T,https://m.media-amazon.com/images/I/81Yk5Q0DwCL._AC_US200_.jpg,Bundle Magic: The Gathering Les Secrets de Strixhaven (Version Française),https://www.amazon.fr/dp/B0G876ML5T?th=1,1769558400000,100,法国,Jeux de société
1777254360688,亚马逊,B0G8782H7B,https://m.media-amazon.com/images/I/71MJkGDkXKL._AC_US200_.jpg,Deck Commander Magic: The Gathering Les Secrets de Strixhaven - Quandrix sans limites (Version Française),https://www.amazon.fr/dp/B0G8782H7B?th=1,1769558400000,100,法国,Jeux de société
1777254360688,亚马逊,B0G887PSYK,https://m.media-amazon.com/images/I/71jZoYxuqZL._AC_US200_.jpg,Deck Commander Magic: The Gathering Les Secrets de Strixhaven - Influence de Plumargent (Version Française),https://www.amazon.fr/dp/B0G887PSYK?th=1,1769558400000,300,法国,Jeux de société
1777254360688,亚马逊,B0FPYB5C2J,https://m.media-amazon.com/images/I/812WusnXvKL._AC_US200_.jpg,"LEGO Star Wars 75424 Smart Play : l’Attaque du AT-St sur Endor - Set Compatible - Jouet Interactif - 2 Smart Tags & Minifigurine de Wicket - Idée Cadeau dès 8 Ans pour Garçon, Fille ou Fan Adulte",https://www.amazon.fr/dp/B0FPYB5C2J?th=1,1769472000000,100,法国,Jeux de construction
1777254360688,亚马逊,B0GHZ51921,https://m.media-amazon.com/images/I/71fPdKgAoBL._AC_US200_.jpg,"Mieryd Jouet Montessori Enfant 1 an, 9 en 1 Jeux en Bois Bebe Jouet Educatif Fille Garcon avec Xylophone, Jeu Pêche & Marteau, Jouet d'activité Musicaux Interactif Cadeau Anniversaire 2 Ans",https://www.amazon.fr/dp/B0GHZ51921?th=1,1769472000000,200,法国,幼儿玩具和婴儿玩具
1777254361515,亚马逊,B0GT49WX2R,https://m.media-amazon.com/images/I/41zPPTAKgnL._AC_US200_.jpg,"Emotional Support Dinosaur Set Friendship Gifts, 5 Tiny Dinosaur with Carrying Basket, Best Friend Birthday Gifts for Women Bestie Adult, Stress Relief Funny Gifts (Dinosaur)",https://www.amazon.com/dp/B0GT49WX2R?th=1,1776988800000,200,美国,填充的动物
1777254361515,亚马逊,B0GTDVQS4T,https://m.media-amazon.com/images/I/21gqk6x381L._AC_US200_.jpg,"Soft Foam Ball Pit for Toddlers 35.4"", Soft Round Kiddie Playpen Baby Ball Pit for Kids & Dog with Soft Memory Sponge, Ideal Gift for Babies Indoor and Outdoor Play(Balls not Included) Apricot Yellow",https://www.amazon.com/dp/B0GTDVQS4T?th=1,1776902400000,200,美国,Sports & Outdoor Play
1777254361515,亚马逊,B0GVJP5D8V,https://m.media-amazon.com/images/I/41o6upb7sYL._AC_US200_.jpg,"MAMAGIFTREE 40th Birthday Gifts Decorations Card for Women Men Him Her -Have a Dill-ightful Birthday! Handmade Crochet Crown Pickle, 40 Year Old Bday Gift for Mom Dad Friend Sister Wife Husband",https://www.amazon.com/dp/B0GVJP5D8V?th=1,1776729600000,1000,美国,填充的动物
1777254361515,亚马逊,B0GXWHHTPB,https://m.media-amazon.com/images/I/51MhpElQ5CL._AC_US200_.jpg,"Acrylic Puzzles Suncatcher Window Hanging, 8.9 Inch Sun Catcher Puzzle Garden Decoration for Women Men Mom Birthday Gift Home Decor (Vivid Tree)",https://www.amazon.com/dp/B0GXWHHTPB?th=1,1776729600000,200,美国,拼图
1777254361515,亚马逊,B0GHQC4XCL,https://m.media-amazon.com/images/I/51ZSYF0nJ+L._AC_US200_.jpg,Ditucu Palm-Sized Elephant Stuffed Animals Cute Soft Mino Plush Doll Small Plushies Toys Gifts for Kids Grey 6.7 inch,https://www.amazon.com/dp/B0GHQC4XCL?th=1,1776643200000,300,美国,填充的动物
1777254361515,亚马逊,B0GL27GHZF,https://m.media-amazon.com/images/I/51kIijWMCkL._AC_US200_.jpg,"168Pcs Daisy Balloon Arch Garland Kit, Pink Green Blue Yellow Purple Confetti Daisy Wild Flower Balloons for Mothers Day Boho Two Groovy One Birthday Baby in Bloom Baby Shower Spring Party Decorations",https://www.amazon.com/dp/B0GL27GHZF?th=1,1776384000000,200,美国,派对用品
1777254361515,亚马逊,B0GRGGYNB4,https://m.media-amazon.com/images/I/41XkiCpjZdL._AC_US200_.jpg,"Axolotl Squishy Stress Relief Toy – Glitter Fidget Toy Cute Salamander Squeeze Toy for Kids & Adults, Sensory Anxiety Relief Squishy Toy, Party Favor Desk Fidget (Pink)",https://www.amazon.com/dp/B0GRGGYNB4?th=1,1776297600000,200,美国,Novelty & Gag Toys
1777254361515,亚马逊,B0GTDXNBKQ,https://m.media-amazon.com/images/I/61n908rKNZL._AC_US200_.jpg,55 PCS Gold Cards Packs Rare Golden Cards Deck Box Gold Foil Card for Fans/Kids/Collectors Gifts (No Duplicates),https://www.amazon.com/dp/B0GTDXNBKQ?th=1,1776297600000,600,美国,游戏
1777254361515,亚马逊,B0GX5QKL2J,https://m.media-amazon.com/images/I/41pIQgnBWeL._AC_US200_.jpg,"2Pack Cheese Squishy Toy - Soft Stretchy Stress Ball, Sensory Fidget Toy for Kids & Adults, Anxiety Relief Desk Decor,Funny Food Theme Squeeze Cheese for Office & Home",https://www.amazon.com/dp/B0GX5QKL2J?th=1,1776211200000,200,美国,Novelty & Gag Toys
1777254361515,亚马逊,B0GRGBCT2T,https://m.media-amazon.com/images/I/41PdycisGBL._AC_US200_.jpg,"Axolotl Squishy Stress Relief Toy – Glitter Fidget Toy Cute Salamander Squeeze Toy for Kids & Adults, Sensory Anxiety Relief Squishy Toy, Party Favor Desk Fidget (Purple)",https://www.amazon.com/dp/B0GRGBCT2T?th=1,1776211200000,200,美国,Novelty & Gag Toys
1777254361515,亚马逊,B0GWCN169X,https://m.media-amazon.com/images/I/61rozt3b+0L._AC_US200_.jpg,"Glitter Dumpling Squishies, 2026 Upgrade Dumpling Squishies Mystery Box, Colorful Dumplings Stress Balls Fidget Sensory Toy, Stocking Stuffers with Food Steamer Stretchy Desk Toys (Clear Pink)",https://www.amazon.com/dp/B0GWCN169X?th=1,1776211200000,200,美国,Novelty & Gag Toys
1777254361515,亚马逊,B0GVPSQKPH,https://m.media-amazon.com/images/I/51TKh5JcZAL._AC_US200_.jpg,"JA-RU Jumbo Squishy Strawberry Stretchy Toy (1 Pack) Stress Relief Toys | Sensory Foodie Toys for Children, Kids and Fidget for Adults. Great Fruty Party Favor Supply. 4561-1",https://www.amazon.com/dp/B0GVPSQKPH?th=1,1776038400000,200,美国,Novelty & Gag Toys
1777254361515,亚马逊,B0GS4D979X,https://m.media-amazon.com/images/I/51R2pNU0N0L._AC_US200_.jpg,"2026 Dumpling Squishy Toy, Mystery Dumpling Squishy Box, Fidget Sensory Stress Ball for Adults & Teens, Squeeze Stress Relief Toy, Easter Basket Stuffers & Stocking Stuffers (Pink)",https://www.amazon.com/dp/B0GS4D979X?th=1,1776038400000,1000,美国,Novelty & Gag Toys
1777254361515,亚马逊,B0GWM5T9BC,https://m.media-amazon.com/images/I/511x+jqlFFL._AC_US200_.jpg,"Dumpling Squishies Mystery Box, 2026 Upgrade 10 Colors Random Mystery Glitter Dumpling Squishies Toy Gift Box, Colorful Stress Balls Fidget Sensory Toy with Steamer for Kids Adults",https://www.amazon.com/dp/B0GWM5T9BC?th=1,1775952000000,200,美国,Novelty & Gag Toys
1777254361515,亚马逊,B0GWQTJ7JN,https://m.media-amazon.com/images/I/51dyOmgJQaL._AC_US200_.jpg,"Acrylic Puzzles Suncatcher Window Hanging, 83 Pieces 7.4 Inch Sun Catcher Acrylic Puzzles Garden Decoration for Women Men Mom Birthday Gift Home Decor (Wisteria in Glasslight)",https://www.amazon.com/dp/B0GWQTJ7JN?th=1,1775952000000,200,美国,拼图
1777254361515,亚马逊,B0GWQZ3458,https://m.media-amazon.com/images/I/513WbHS+84L._AC_US200_.jpg,"Acrylic Puzzles Suncatcher Window Hanging, 83 Pieces 7.4 Inch Sun Catcher Acrylic Puzzles Garden Decoration for Women Men Mom Birthday Gift Home Decor (Azure Bloom Whisper)",https://www.amazon.com/dp/B0GWQZ3458?th=1,1775865600000,200,美国,拼图
1777254361515,亚马逊,B0GWCQM7H6,https://m.media-amazon.com/images/I/41+eP8q8rWL._AC_US200_.jpg,"Dumpling Squishies, New Mystery Glitter Dumpling Squishies Box, Colorful Dumplings Stress Balls Fidget Sensory Toy, Soft Squeeze Decompression Dough for Anxiety Relief Fidget (Color L, 1pcs)",https://www.amazon.com/dp/B0GWCQM7H6?th=1,1775779200000,300,美国,Novelty & Gag Toys
1777254361515,亚马逊,B0GSKT54ZY,https://m.media-amazon.com/images/I/410er4J2cxL._AC_US200_.jpg,"Glitter Dumpling, Glitter Dumpling Squishy with Box, Dumplings Sensory Squeeze Toy for Stress Relief (Golden)",https://www.amazon.com/dp/B0GSKT54ZY?th=1,1775779200000,200,美国,Novelty & Gag Toys
1777254361515,亚马逊,B0DQXV4ZSZ,https://m.media-amazon.com/images/I/41YMQ2fZXuL._AC_US200_.jpg,Magnet Game with String for Family Game Night & Travel & Camping - Magnetic Chess Games with Full-Size Stones - Fun Portable Two Player Strategy for Adults Teens and Kids,https://www.amazon.com/dp/B0DQXV4ZSZ?th=1,1775779200000,500,美国,游戏
1777254361515,亚马逊,B0GV2BR2KT,https://m.media-amazon.com/images/I/41Vw-KHhDtL._AC_US200_.jpg,"2 Packs Yellow Cheese Squishy Slow Rising, Squishy Squeeze Cheese Block, Soft Novelty Toy, Stress Balls for Adults Rebounding Sensory Squishys Cheese",https://www.amazon.com/dp/B0GV2BR2KT?th=1,1775779200000,600,美国,Novelty & Gag Toys
1777254361515,亚马逊,B0GSCVYW9G,https://m.media-amazon.com/images/I/41Rf-at9y7L._AC_US200_.jpg,"Butter Squishy, Slow Rising Squishy, Stress Relief & Sensory Toys Squeeze Toy Soft Butter Squishy Toy Creative Gift for Office Desk & Classroom 1 piece",https://www.amazon.com/dp/B0GSCVYW9G?th=1,1775779200000,600,美国,Novelty & Gag Toys
1777254361515,亚马逊,B0GWMC64VP,https://m.media-amazon.com/images/I/51vp4ot5LRL._AC_US200_.jpg,"HYES Basketball Arcade Game Indoor Outdoor, Kids Basketball Hoop with 4 Balls & Pump, Single Shot Basketball Game at Home, Carnival Games Sport Toys for Boys Girls Teens",https://www.amazon.com/dp/B0GWMC64VP?th=1,1775692800000,200,美国,体育
1777254361515,亚马逊,B0GT4VSLR2,https://m.media-amazon.com/images/I/41Jx1qs3bNL._AC_US200_.jpg,"Bubble Cigarette Blower Toy, 2 Pack Bubble Stress Relief Toy Mini Bubble Blower Bubble Sticks Relaxation Birthday Party Gift for Men Women",https://www.amazon.com/dp/B0GT4VSLR2?th=1,1775692800000,200,美国,体育
1777254361515,亚马逊,B0GRCBKXLB,https://m.media-amazon.com/images/I/41PDpYhDd1L._AC_US200_.jpg,"Disney Store Official Cars Wishables Shimmer Series - Disney Blind Box Plush - 5 Inch Mystery Toys with Detailed Micro Plush Sculpting, Embroidered Stars & Accents (Contains 1 Mystery Plushy)",https://www.amazon.com/dp/B0GRCBKXLB?th=1,1775692800000,500,美国,填充的动物
1777254361515,亚马逊,B0G9L77VTX,https://m.media-amazon.com/images/I/61PmZVM092L._AC_US200_.jpg,"Inflatable Pool Floats for Adults ，2 Pack Floating Lounge Chair & Pool Noodle, Thickened Durable Design with Air Pump, Ideal for Summer Pool Parties, Beach & Lake Relaxation",https://www.amazon.com/dp/B0G9L77VTX?th=1,1775692800000,200,美国,体育
1777254361515,亚马逊,B0GF8964H8,https://m.media-amazon.com/images/I/51ByYDNFzIL._AC_US200_.jpg,"48 PCS Grad Cupcake Toppers, 6 Styles Graduation Cake Topper, Congrats Graduation Decorations 2026, Glittery Black and Blue Cap and Diploma Cake Picks for Grad Decor Party Supplies",https://www.amazon.com/dp/B0GF8964H8?th=1,1775692800000,600,美国,Party Supplies
1777254361515,亚马逊,B0GSKVYC97,https://m.media-amazon.com/images/I/71JTPToF-pL._AC_US200_.jpg,"Glitter Dumpling, Glitter Dumpling Squishy with Box, Dumplings Sensory Squeeze Toy for Stress Relief (Blue)",https://www.amazon.com/dp/B0GSKVYC97?th=1,1775606400000,300,美国,Novelty & Gag Toys
1777254361515,亚马逊,B0GTYW2XY9,https://m.media-amazon.com/images/I/41qdUVXrTWL._AC_US200_.jpg,"Butter Squishy Slow Rising Stress Relief Toy, Realistic Butter Stick Squeeze Toy, Soft PU Foam Fidget Toy for Anxiety & Sensory Relief, Cute Desk Decor for Kids & Adults, Office & School(2PCS)",https://www.amazon.com/dp/B0GTYW2XY9?th=1,1775606400000,700,美国,Novelty & Gag Toys
1777254361515,亚马逊,B0GTYYKNPW,https://m.media-amazon.com/images/I/61w3e5epl-L._AC_US200_.jpg,"Butter Squishy, Slow Rising Butter Squeeze Toy, Soft Sensory Fidget Toy for Stress Relief, Anxiety Relief Squeeze Ball, Cute Realistic Butter Stick Toy for Adults Kids Gifts (1PC)",https://www.amazon.com/dp/B0GTYYKNPW?th=1,1775606400000,500,美国,Novelty & Gag Toys
1777254361515,亚马逊,B0GV21M7ZC,https://m.media-amazon.com/images/I/610fb-b93TL._AC_US200_.jpg,"1PCS Giant Dumpling Squishy Toy, Mystery Box Style Soft Squeeze Fidget Toy, Cute Dumpling Sensory Stress Relief Toy for Adults & Kids, Desk Decor Gift (Pink)",https://www.amazon.com/dp/B0GV21M7ZC?th=1,1775606400000,300,美国,新颖性
1777254361515,亚马逊,B0GV3SCR7W,https://m.media-amazon.com/images/I/31kbieIegYL._AC_US200_.jpg,"Carrot Squishy, Slow Rising Stress Relief, 2026 New Realistic Carrot Shaped Squeezes Balls, Soft Cute Fruit Anxiety Relief Dough Decompression Gift",https://www.amazon.com/dp/B0GV3SCR7W?th=1,1775606400000,400,美国,Novelty & Gag Toys
1777254361515,亚马逊,B0GVS26VLS,https://m.media-amazon.com/images/I/41a3Uo3KQgL._AC_US200_.jpg,"Butter Squishy Toy, Slow Rising Fidget Squishy Butter Stick, Sensory Squeeze Toys for Stress Relief, Party Favors Gift for Adults Kids (1 Pack)",https://www.amazon.com/dp/B0GVS26VLS?th=1,1775520000000,700,美国,Novelty & Gag Toys
1777254361515,亚马逊,B004FJF71O,https://m.media-amazon.com/images/I/91zENB77doL._AC_US200_.jpg,"Orbeez Color Pack Refill Kit (Teal, Orange, Blue) by Maya Group",https://www.amazon.com/dp/B004FJF71O?th=1,1775520000000,200,美国,艺术
1777254361515,亚马逊,B0GVYCPJMQ,https://m.media-amazon.com/images/I/413-hsn42xL._AC_US200_.jpg,"Peanut Squishies - Peanut Stress Balls Fidget Toys Adults,Cute Anxiety Relief Toy,Squeeze Dough Ball Stress Relief Hand Toys,Soft Squeeze Decompression Dough for Kids,Party Favors (Green, 2.76 in)",https://www.amazon.com/dp/B0GVYCPJMQ?th=1,1775520000000,200,美国,Novelty & Gag Toys
1777254361515,亚马逊,B0GTVH1PCV,https://m.media-amazon.com/images/I/51kyQgJaxsL._AC_US200_.jpg,"Slow Rebound Cute Butter Squeeze Stress Balls, 2026 Upgraded Squeeze Ball Realistic Butter Stick Soft Squeeze Toys, Upgrade Wet Slow Rebound Stress Relief Toy Stress Relief Fidget Toys (1pcs)",https://www.amazon.com/dp/B0GTVH1PCV?th=1,1775520000000,300,美国,Novelty & Gag Toys
1777254361515,亚马逊,B0GG1VP73T,https://m.media-amazon.com/images/I/41wca8FNYiL._AC_US200_.jpg,"20 Pack Squishy Stress Cubes Fidget Toys, Squishy Ball, Squishy Fidget Toys for Anxiety Relief, Squeeze Balls for Adults, Party Favors, Birthday Gifts, Goodie Bag Stuffers",https://www.amazon.com/dp/B0GG1VP73T?th=1,1775433600000,1000,美国,Novelty & Gag Toys
1777254361515,亚马逊,B0GTTVF5RH,https://m.media-amazon.com/images/I/4173W8lcU1L._AC_US200_.jpg,"Ice Cream Squeeze Squishy, Summer Sensory Stress Relief, Soft Slow Rising Sensory Fidget Toy, 2026 New Slow Rise Relief Fidget Sensory for Anxiety Stress Party Favors",https://www.amazon.com/dp/B0GTTVF5RH?th=1,1775433600000,600,美国,Novelty & Gag Toys
1777254361515,亚马逊,B0FVW7PV2F,https://m.media-amazon.com/images/I/81LmCeoZdHL._AC_US200_.jpg,Neon Glitter Fidgety Putty Toy for Kids (1 Set (5 Tins)),https://www.amazon.com/dp/B0FVW7PV2F?th=1,1775347200000,200,美国,新颖性
1777254361515,亚马逊,B0GS474L3M,https://m.media-amazon.com/images/I/519Yvt1mvcL._AC_US200_.jpg,"2026 Dumpling Squishy Toy, Mystery Dumpling Squishy Box, Fidget Sensory Stress Ball for Adults & Teens, Squeeze Stress Relief Toy, Easter Basket Stuffers & Stocking Stuffers (Blue)",https://www.amazon.com/dp/B0GS474L3M?th=1,1775347200000,200,美国,Novelty & Gag Toys
1777254361515,亚马逊,B0FDFFBJXW,https://m.media-amazon.com/images/I/41svFoLqe-L._AC_US200_.jpg,"Gel Ball Blaster Automatic & Semi Auto with High Speed Magazine, Gel Splatter Blaster 160+ FPS, Removable Battery, Splatter Ball Blaster Outdoor Battle Toy Product for Ages 14+, Black",https://www.amazon.com/dp/B0FDFFBJXW?th=1,1775260800000,200,美国,Sports & Outdoor Play
1777254361515,亚马逊,B0FDFBTMB5,https://m.media-amazon.com/images/I/41TW8v7fWcL._AC_US200_.jpg,"Gel Ball Blaster Automatic & Semi Auto with High Speed Magazine, Gel Splatter Blaster 160+ FPS, Removable Battery, Splatter Ball Blaster Outdoor Battle Toy Product for Ages 14+, Silver",https://www.amazon.com/dp/B0FDFBTMB5?th=1,1775260800000,200,美国,Sports & Outdoor Play
1777254361515,亚马逊,B0GSJJX6QB,https://m.media-amazon.com/images/I/41wpLF-YdJL._AC_US200_.jpg,"Axolotl Squishy Stress Ball, Soft TPR Slow Rising Squeeze Toy, Cute Axolotl Fidget Toy for Stress Relief, Handheld Anxiety Calming Sensory Toys for Adults, Birthday Party Gift and Christmas (Pink)",https://www.amazon.com/dp/B0GSJJX6QB?th=1,1775174400000,400,美国,Novelty & Gag Toys
1777254361515,亚马逊,B0GKLP5B61,https://m.media-amazon.com/images/I/51g9gcG5NIL._AC_US200_.jpg,"AGENTLAN 4 Seasons Stackable Sensory Bin，Mini Sandbox for Spring, Summer, Fall & Winter. Sensory Toys with Play Sand for Toddlers Boys and Girls, Kids Toys Gift Sand Box for Age 3 4 5 6 7 8",https://www.amazon.com/dp/B0GKLP5B61?th=1,1775174400000,500,美国,艺术
1777254361515,亚马逊,B0G7W57WM6,https://m.media-amazon.com/images/I/51yh07vXyrL._AC_US200_.jpg,"Cosweet 36 Set Paintable Flower Pot Craft Kit - Bulk Resin Pots with Trays, Watercolor Pens, Plant Labels, and Stickers, DIY Gardening Gift for Kids, Fun Activity for Boys and Girls",https://www.amazon.com/dp/B0G7W57WM6?th=1,1775174400000,1000,美国,艺术
1777254361515,亚马逊,B0GTMNK1LJ,https://m.media-amazon.com/images/I/41EaTmIdHfL._AC_US200_.jpg,"Slow Rebound Cute Butter Squeeze Stress Balls, 2026 New Squeeze Ball Realistic Butter Stick Soft Squeeze Toys, Upgrade Stress Relief Fidget Toys Wet Slow Rebound Stress Relief Toy (1, Yellow) (2Pcs)",https://www.amazon.com/dp/B0GTMNK1LJ?th=1,1775174400000,600,美国,Novelty & Gag Toys
1777254361515,亚马逊,B0GTDLKM5Q,https://m.media-amazon.com/images/I/5173xhIPcUL._AC_US200_.jpg,"Slow Rising Dumpling Squishy Butter Squeeze Toys Pack Sensory Stress Relief Squishies Soft & Stretchy Fidget Toys for Anxiety Relief Party Favors (2, Yellow)",https://www.amazon.com/dp/B0GTDLKM5Q?th=1,1775174400000,400,美国,Novelty & Gag Toys
1777254361515,亚马逊,B0GTDRHDV2,https://m.media-amazon.com/images/I/41q+QZSVqAL._AC_US200_.jpg,"Slow Rising Dumpling Squishy Butter Squeeze Toys Pack Sensory Stress Relief Squishies Soft & Stretchy Fidget Toys for Anxiety Relief Party Favors (1, Yellow)",https://www.amazon.com/dp/B0GTDRHDV2?th=1,1775174400000,1000,美国,Novelty & Gag Toys
1777254361515,亚马逊,B0GT5MKL4Y,https://m.media-amazon.com/images/I/41KTYAYOzTL._AC_US200_.jpg,"Fidget Toys Super Solid Squeeze Ball Sensory for Stress Relief,Birthday, Easter Basket Stuffers and Party Favors Kawaii Toys Stretchy Desk Toys Squeeze Novelty Gag Gift for Anxiety Relief,Blue",https://www.amazon.com/dp/B0GT5MKL4Y?th=1,1775088000000,300,美国,Novelty & Gag Toys
1777254361515,亚马逊,B0GHYQGQT5,https://m.media-amazon.com/images/I/51t0wbH80NL._AC_US200_.jpg,"2026 Upgraded Water Table for Toddlers, 3-Tier Water Sand Play Table with Water Pump & Water Toy Accessories, Summer Outdoor Activity Sensory Playset, Outside Water Play Toy for Boys Girls Age 3-5 4-6",https://www.amazon.com/dp/B0GHYQGQT5?th=1,1775088000000,200,美国,运动与户外游戏
1777254361515,亚马逊,B0GV7WMW3R,https://m.media-amazon.com/images/I/41wwgrBaanL._AC_US200_.jpg,"YRIOWMI Electric Water Gun,Full Automatic Electric Squirt Gun 28-32 FT Range Water Pistol Blaster Soaker,Water Playing Toys for Outdoor Yard Beach Pool(Light Black)",https://www.amazon.com/dp/B0GV7WMW3R?th=1,1775088000000,500,美国,体育
1777254361515,亚马逊,B0GT8VVCBY,https://m.media-amazon.com/images/I/412-pPM0zPL._AC_US200_.jpg,"Glitter Dumpling, Glitter Dumpling Squishy with Box, Dumplings Sensory Squeeze Toy for Stress Relief (White)",https://www.amazon.com/dp/B0GT8VVCBY?th=1,1775088000000,400,美国,Novelty & Gag Toys
1777254361515,亚马逊,B0GT8W49TG,https://m.media-amazon.com/images/I/61eouZulmiL._AC_US200_.jpg,"Glitter Dumpling, Glitter Dumpling Squishy with Box, Dumplings Sensory Squeeze Toy for Stress Relief (Red)",https://www.amazon.com/dp/B0GT8W49TG?th=1,1775088000000,200,美国,Novelty & Gag Toys
1777254361515,亚马逊,B0GT94BQ5B,https://m.media-amazon.com/images/I/71Vo+5eHM0L._AC_US200_.jpg,"Glitter Dumpling, Glitter Dumpling Squishy with Box, Dumplings Sensory Squeeze Toy for Stress Relief (Gold)",https://www.amazon.com/dp/B0GT94BQ5B?th=1,1775088000000,500,美国,Novelty & Gag Toys
1777254361515,亚马逊,B0GTZLXGD1,https://m.media-amazon.com/images/I/41cuIz-GD8L._AC_US200_.jpg,"2026 Upgraded Slow Rebound Butter Squeeze Stress Balls, Soft Butter Stick Squishies Toy, Slow Rising Sensory Fidget Toy for Stress Relief & Calming（2PCS）",https://www.amazon.com/dp/B0GTZLXGD1?th=1,1775088000000,3000,美国,Novelty & Gag Toys
1777254361515,亚马逊,B0GLPHHGJ3,https://m.media-amazon.com/images/I/41bS2rxUxYL._AC_US200_.jpg,Hooqict Happy Birthday Banner Cat Birthday Decorations Party Banner Garland Sign for Girls Kids 1st 2nd 3rd Funny Cat Themed Birthday Party Decorations Supplies,https://www.amazon.com/dp/B0GLPHHGJ3?th=1,1775088000000,200,美国,Party Supplies
1777254361515,亚马逊,B0G6YJT24P,https://m.media-amazon.com/images/I/515OkXp7wPL._AC_US200_.jpg,"EagleStone Bubble Guns Bubble Machine for Toddlers, 10,000 Bubbles/Min Automatic Bubble Blower with Lights, 4 Pre-Filled Solutions, Light Up Bubble Blaster Outdoor Easter Birthday Gifts for Boys Girls",https://www.amazon.com/dp/B0G6YJT24P?th=1,1775088000000,200,美国,体育
1777254361515,亚马逊,B0GS8X68TF,https://m.media-amazon.com/images/I/41DTig9kTpL._AC_US200_.jpg,2pcs Squeezable Fruit Ball Realistic Strawberry Model Squishy Ultra Moldable Slow Rise Party Favor Pressure Release,https://www.amazon.com/dp/B0GS8X68TF?th=1,1775088000000,400,美国,Novelty & Gag Toys
1777254361515,亚马逊,B0GSJ8G5Y1,https://m.media-amazon.com/images/I/41vI83Y-4-L._AC_US200_.jpg,"Glitter Dumpling Squishy, 2026 New Bun Squeeze Stress Relief Ball with Steamer Box for Stress Relief, More Surprises (Rainbow)",https://www.amazon.com/dp/B0GSJ8G5Y1?th=1,1775088000000,400,美国,Novelty & Gag Toys
1777254361515,亚马逊,B0GSJ6QHF9,https://m.media-amazon.com/images/I/41azQSPFSIL._AC_US200_.jpg,"Glitter Dumpling Squishy, 2026 New Bun Squeeze Stress Relief Ball with Steamer Box for Stress Relief, More Surprises (Blue)",https://www.amazon.com/dp/B0GSJ6QHF9?th=1,1775088000000,600,美国,Novelty & Gag Toys
1777254361515,亚马逊,B0GSJ4C3B4,https://m.media-amazon.com/images/I/41lJ4+Mu8cL._AC_US200_.jpg,"Glitter Dumpling Squishy, 2026 New Bun Squeeze Stress Relief Ball with Steamer Box for Stress Relief, More Surprises (White)",https://www.amazon.com/dp/B0GSJ4C3B4?th=1,1775088000000,2000,美国,Novelty & Gag Toys
1777254361515,亚马逊,B0GVJD3VTB,https://m.media-amazon.com/images/I/51Dqx6+kLdL._AC_US200_.jpg,"3-Tier Toddler Kids Water Sand Table With Umbrella - Summer Outdoor Toys with Stable Design, Multifunctional Sensory Learning Pool Beach Backyard Activity Playset Gifts for Boys Girls(Breeze)",https://www.amazon.com/dp/B0GVJD3VTB?th=1,1775001600000,200,美国,运动与户外游戏
1777254361515,亚马逊,B0GHN3Y7WL,https://m.media-amazon.com/images/I/51Dqx6+kLdL._AC_US200_.jpg,"3-Tier Toddler Kids Water Sand Table With Umbrella - Summer Outdoor Toys with Stable Design, Multifunctional Sensory Learning Pool Beach Backyard Activity Playset Gifts for Boys Girls(Breeze)",https://www.amazon.com/dp/B0GHN3Y7WL?th=1,1775001600000,200,美国,运动与户外游戏
1777254361515,亚马逊,B0GS1S9BDD,https://m.media-amazon.com/images/I/413cAThFzlL._AC_US200_.jpg,"Glitter Dumpling, Dumplings Sensory Squeeze Toy, 2026 New Glitter Dumpling Squishy Box, Stress Relief, Soft Squeeze Decompression Dough",https://www.amazon.com/dp/B0GS1S9BDD?th=1,1775001600000,300,美国,Novelty & Gag Toys
1777254361515,亚马逊,B0GLNKN3MX,https://m.media-amazon.com/images/I/51ipHgDlrPL._AC_US200_.jpg,"Boy Toys Age 3-12,Binoculars for Kids with Bird Watching Manual&Compass,Outdoor Camping Backyard Toddler Toys,3 4 5 6 7 8 9 10 11 12 Year Old Xmas Birthday Gifts,3-4 4-6 6-8 8-12 Year Old Kids Gift",https://www.amazon.com/dp/B0GLNKN3MX?th=1,1775001600000,300,美国,体育
1777254361515,亚马逊,B0GSQDMT3H,https://m.media-amazon.com/images/I/51xPMH+s17L._AC_US200_.jpg,"Glitter Dumpling Squishy, Viral Squishy Dumpling Mystery Box, Bao Bun Squeeze Toy,Stress Relief Fidget Toys (Golden)",https://www.amazon.com/dp/B0GSQDMT3H?th=1,1775001600000,1000,美国,Novelty & Gag Toys
1777254361515,亚马逊,B0GTQ543CD,https://m.media-amazon.com/images/I/71mrGomlEVL._AC_US200_.jpg,"8 Pcs Cute Anime Birthday Cake Toppers, Snow Theme Princess Cake Decorations Perfect for Birthday Parties, Themed Parties, and Everyday Celebrations",https://www.amazon.com/dp/B0GTQ543CD?th=1,1775001600000,300,美国,派对用品
1777254361515,亚马逊,B0GTTSB185,https://m.media-amazon.com/images/I/41xvkcV5tlL._AC_US200_.jpg,"Nee Doh Nice Cube for Kids Adults, Fidget Toys Slow Rising Fidget Cube Sensory for Anxiety Stress Relief High Density, Squishies Ice Squeeze Ball, Fidgets for Classroom Prize Toys (2#b)",https://www.amazon.com/dp/B0GTTSB185?th=1,1775001600000,400,美国,Novelty & Gag Toys
1777254361515,亚马逊,B0GT8X9G93,https://m.media-amazon.com/images/I/41O2JJixbTL._AC_US200_.jpg,"Glitter Dumpling, Glitter Dumpling Squishy with Box, Dumplings Sensory Squeeze Toy for Stress Relief (Blue)",https://www.amazon.com/dp/B0GT8X9G93?th=1,1775001600000,400,美国,Novelty & Gag Toys
1777254361515,亚马逊,B0GRQBDPWH,https://m.media-amazon.com/images/I/41xVjovRjgL._AC_US200_.jpg,"Dumpling Squishy, Dumpling Squishy Mystery Box, Cute Big Squishy Dumpling Stress Ball Fidget Sensory Toy for Adults Anxiety Relief, Novelty Squeeze Ball for Office Desk (Pink)",https://www.amazon.com/dp/B0GRQBDPWH?th=1,1775001600000,1000,美国,新颖性
1777254361515,亚马逊,B0GRQG8GJ5,https://m.media-amazon.com/images/I/41l9TFOt1lL._AC_US200_.jpg,"Dumpling Squishy, Dumpling Squishy Mystery Box, Cute Big Squishy Dumpling Stress Ball Fidget Sensory Toy for Adults Anxiety Relief, Novelty Squeeze Ball for Office Desk (Purple)",https://www.amazon.com/dp/B0GRQG8GJ5?th=1,1775001600000,1000,美国,新颖性
1777254361515,亚马逊,B0GRQ29KC8,https://m.media-amazon.com/images/I/41kgNiv1y2L._AC_US200_.jpg,"Dumpling Squishy, Dumpling Squishy Mystery Box, Cute Big Squishy Dumpling Stress Ball Fidget Sensory Toy for Adults Anxiety Relief, Novelty Squeeze Ball for Office Desk (Blue)",https://www.amazon.com/dp/B0GRQ29KC8?th=1,1775001600000,500,美国,新颖性
1777254361515,亚马逊,B0GRQ6M33J,https://m.media-amazon.com/images/I/41PdAt8aALL._AC_US200_.jpg,"Dumpling Squishy, Dumpling Squishy Mystery Box, Cute Big Squishy Dumpling Stress Ball Fidget Sensory Toy for Adults Anxiety Relief, Novelty Squeeze Ball for Office Desk (Green)",https://www.amazon.com/dp/B0GRQ6M33J?th=1,1775001600000,500,美国,新颖性
1777254361515,亚马逊,B0CND95YBG,https://m.media-amazon.com/images/I/51WzG2maOQL._AC_US200_.jpg,"Aviski 24Pcs 3.15'' Painted Jumbo Large Iridescent Marble Easter Eggs for Kids Basket Bag Stuffers Fillers, Easter Hunt Game, Toys Filling Treats and Easter Theme Party Favor",https://www.amazon.com/dp/B0CND95YBG?th=1,1775001600000,300,美国,Party Supplies
1777254361515,亚马逊,B0GT9HZQNK,https://m.media-amazon.com/images/I/51Ocq7Lu-QL._AC_US200_.jpg,"Capybara Squishy Glitter, Sparkly Capybara Squishy for Adults,Soft Squeeze Decompression Dough for Anxiety Relief Fidget, Kids Easter Basket Stuffers(Pink+Blue)",https://www.amazon.com/dp/B0GT9HZQNK?th=1,1775001600000,400,美国,Novelty & Gag Toys
1777254361515,亚马逊,B0G4MD838B,https://m.media-amazon.com/images/I/61jNyPx4DiL._AC_US200_.jpg,"55pcs Cartoon BT21 Stickers for Kids,Cute BT21 Waterproof Vinyl Stickers for Adult Teen Girl Laptop Skateboard Water Bottle Bike Guitar Travel Case Helmet Notebook Scrapbook",https://www.amazon.com/dp/B0G4MD838B?th=1,1775001600000,200,美国,艺术
1777254361515,亚马逊,B0GRTLJ2Z9,https://m.media-amazon.com/images/I/51US1Grru5L._AC_US200_.jpg,"Glitter Dumpling Squishy Mystery Box Squeeze Toy, Easter Squishy Dumpling Fidget Toys for Adults, Stress Relief Sensory Toy(LightBlue)",https://www.amazon.com/dp/B0GRTLJ2Z9?th=1,1775001600000,200,美国,Novelty & Gag Toys
1777254361515,亚马逊,B0GRTLRNY1,https://m.media-amazon.com/images/I/5161aL8sZ7L._AC_US200_.jpg,"Glitter Dumpling Squishy Mystery Box Squeeze Toy, Easter Squishy Dumpling Fidget Toys for Adults, Stress Relief Sensory Toy(Purple)",https://www.amazon.com/dp/B0GRTLRNY1?th=1,1775001600000,200,美国,Novelty & Gag Toys
1777254361515,亚马逊,B0GRTM98X6,https://m.media-amazon.com/images/I/51VF8QF+idL._AC_US200_.jpg,"Glitter Dumpling Squishy Mystery Box Squeeze Toy, Easter Squishy Dumpling Fidget Toys for Adults, Stress Relief Sensory Toy(Pink)",https://www.amazon.com/dp/B0GRTM98X6?th=1,1775001600000,300,美国,Novelty & Gag Toys
1777254361515,亚马逊,B0GSHZZCBR,https://m.media-amazon.com/images/I/41BtLnuOwqL._AC_US200_.jpg,"Glitter Dumpling Squishy, 2026 New Bun Squeeze Stress Relief Ball with Steamer Box for Stress Relief, More Surprises (Yellow)",https://www.amazon.com/dp/B0GSHZZCBR?th=1,1775001600000,700,美国,Novelty & Gag Toys
1777254361515,亚马逊,B0GF8F574N,https://m.media-amazon.com/images/I/513tJD2AKGL._AC_US200_.jpg,"48 PCS Graduation Cupcake Toppers, Glittery 6 Styles Congrats Grad Cake Topper, Black and Red Graduation Decorations 2026, Cap and Diploma Cake Picks for Grad Party Supplies",https://www.amazon.com/dp/B0GF8F574N?th=1,1775001600000,400,美国,Party Supplies
1777254361515,亚马逊,B0GT9HBB3P,https://m.media-amazon.com/images/I/51JkqDGhuRL._AC_US200_.jpg,"2026 New Glitter Dumpling Squishy, Random Mystery Dumpling Squishy Glitter with Food Steamer, Soft Slow Rising Squeeze, Stress Relief (Random*4)",https://www.amazon.com/dp/B0GT9HBB3P?th=1,1774915200000,300,美国,Novelty & Gag Toys
1777254361515,亚马逊,B0GSQ8L8ND,https://m.media-amazon.com/images/I/41dIV8e5pPL._AC_US200_.jpg,"Glitter Dumpling Squishy, Viral Squishy Dumpling Mystery Box, Bao Bun Squeeze Toy,Stress Relief Fidget Toys (Pink)",https://www.amazon.com/dp/B0GSQ8L8ND?th=1,1774915200000,700,美国,Novelty & Gag Toys
1777254361515,亚马逊,B0GTH43QHN,https://m.media-amazon.com/images/I/61+WGmzqukL._AC_US200_.jpg,"Dumpling Squishy, Mystery Squishy Dumpling Box, Fidget Toys Adults & Teens, Stocking Stuffers, Sensory Stress Ball Squeeze Toys for Stress Relief",https://www.amazon.com/dp/B0GTH43QHN?th=1,1774915200000,700,美国,Novelty & Gag Toys
1777254361515,亚马逊,B0GSN61X1V,https://m.media-amazon.com/images/I/51XRBZJYFTL._AC_US200_.jpg,"Glitter Dumpling Squishy,Rare Style Sugar Filled Squishies Dumpling Mystery Box, Viral Bao Bun Squeeze Toy,Stress Relief Fidget Toys (Blue)",https://www.amazon.com/dp/B0GSN61X1V?th=1,1774915200000,400,美国,Novelty & Gag Toys
1777254361515,亚马逊,B0GSN3991T,https://m.media-amazon.com/images/I/51fAfEpgG9L._AC_US200_.jpg,"Glitter Dumpling Squishy,Rare Style Sugar Squishies Dumpling Mystery Box, Viral Bao Bun Squeeze Toy,Stress Relief Fidget Toys (Purple)",https://www.amazon.com/dp/B0GSN3991T?th=1,1774915200000,300,美国,Novelty & Gag Toys
1777254361515,亚马逊,B0GSFXBSK4,https://m.media-amazon.com/images/I/51tELvhxD8L._AC_US200_.jpg,"Butter Squishy Slow Rising Stress Relief Toy, Realistic Butter Stick Squeeze Toy, Soft PU Foam Fidget Toy for Anxiety & Sensory Relief, Cute Desk Decor for Kids & Adults, Office & School(1PCS)",https://www.amazon.com/dp/B0GSFXBSK4?th=1,1774915200000,800,美国,Novelty & Gag Toys
1777254361515,亚马逊,B0GSRNBRRM,https://m.media-amazon.com/images/I/51NGMyjCEPL._AC_US200_.jpg,"Dumpling Squishies, Glitter Dumpling Squishies Box, Colorful Dumpling Stress Balls, Soft Squeeze Decompression Dough, Fidget Sensory Toy for Anxiety Stress Relief for Children Adult, Transparent",https://www.amazon.com/dp/B0GSRNBRRM?th=1,1774915200000,300,美国,Novelty & Gag Toys
1777254361515,亚马逊,B0GTGYZ2Y6,https://m.media-amazon.com/images/I/41TKyZ03DLL._AC_US200_.jpg,"2 Pcs Dumpling Squishy, Mystery Squishy Dumpling Box, Fidget Toys Adults & Teens, Stocking Stuffers, Sensory Stress Ball Squeeze Toys for Stress Relief (greenpurple)",https://www.amazon.com/dp/B0GTGYZ2Y6?th=1,1774915200000,700,美国,Novelty & Gag Toys
1777254361515,亚马逊,B0GTY93GZY,https://m.media-amazon.com/images/I/21R2B8Wy0ML._AC_US200_.jpg,"Nee Doh Ice Cream Squeeze Squishy, Ultra Soft Slow Rise Sensory Fidget Toy, Ice Cream Cone Squishy, Classroom Prize Party Favors (1#Pink)",https://www.amazon.com/dp/B0GTY93GZY?th=1,1774915200000,800,美国,Novelty & Gag Toys
1777254361515,亚马逊,B0GSMBFFLF,https://m.media-amazon.com/images/I/41YN-h7A6mL._AC_US200_.jpg,"Dumpling Squishy – Soft TPR Squeeze Toy, Slow Rising Stress Relief Fidget, Cute Bao Bun Desk Decoration, Soft Handheld Relaxation Toy for Office Home (Green)",https://www.amazon.com/dp/B0GSMBFFLF?th=1,1774915200000,900,美国,Novelty & Gag Toys
1777254361515,亚马逊,B0GL1SXHJL,https://m.media-amazon.com/images/I/51LOzc3k4eL._AC_US200_.jpg,"Baby Pool Float with Sprinkler, Inflatable Baby Splash Pad with Stackable Rings Game, Baby Splash Mat with Canopy & Backrest for Toddlers Garden, Beach, Backyard and Bathroom (Pink)",https://www.amazon.com/dp/B0GL1SXHJL?th=1,1774915200000,200,美国,体育
1777254361515,亚马逊,B0GSJ3C1D2,https://m.media-amazon.com/images/I/41iw-Xa3OFL._AC_US200_.jpg,"Cheese Squeeze, Soft Squishy Cheese Block Squeeze Fidget Toy, Mini Slow Rebound Sensory Toy for Stress Relief, Cute Novelty Desk Decor & Party Favors for Kids Adults",https://www.amazon.com/dp/B0GSJ3C1D2?th=1,1774915200000,400,美国,Novelty & Gag Toys
1777254361515,亚马逊,B0GJSS82D7,https://m.media-amazon.com/images/I/51SnuQu4x7L._AC_US200_.jpg,"12-Piece Slime Glue Set, DIY Butter Glue, Stress-Relieving Toys, Handmade Toys, Children's Birthday Party Gifts, Slime kit for Boys Girls (Blue)",https://www.amazon.com/dp/B0GJSS82D7?th=1,1774915200000,300,美国,新颖性
1777254361515,亚马逊,B0GS1C7QT3,https://m.media-amazon.com/images/I/41e45KcXWnL._AC_US200_.jpg,"Dumpling Squishies, Glitter Dumpling Mystery Box, 2026 Upgraded Dumplings Stress Balls Fidget Sensory Balls, Squeeze Dough Ball Stress Relief Hand with Food Steamer, Relaxation Gift (Glitter Blue)",https://www.amazon.com/dp/B0GS1C7QT3?th=1,1774915200000,400,美国,Novelty & Gag Toys
1777254361515,亚马逊,B0GT5YKNCQ,https://m.media-amazon.com/images/I/41Bvx-qAU-L._AC_US200_.jpg,Dumpling Squishy Mystery Dumpling Squishy Stress Balls Fidget Sensory Toy Soft Squeeze Decompression Dough for Adults (White),https://www.amazon.com/dp/B0GT5YKNCQ?th=1,1774915200000,300,美国,Novelty & Gag Toys
1777254361515,亚马逊,B0GT5T3CDQ,https://m.media-amazon.com/images/I/419EwyP8+2L._AC_US200_.jpg,Dumpling Squishy Mystery Dumpling Squishy Stress Balls Fidget Sensory Toy Soft Squeeze Decompression Dough for Adults (Yellow),https://www.amazon.com/dp/B0GT5T3CDQ?th=1,1774915200000,300,美国,Novelty & Gag Toys
1777254361515,亚马逊,B0GT5T8793,https://m.media-amazon.com/images/I/616ZAtpxr-L._AC_US200_.jpg,Dumpling Squishy Mystery Dumpling Squishy Stress Balls Fidget Sensory Toy Soft Squeeze Decompression Dough for Adults (Green),https://www.amazon.com/dp/B0GT5T8793?th=1,1774915200000,400,美国,Novelty & Gag Toys
1777254361515,亚马逊,B0GCCLQ9C5,https://m.media-amazon.com/images/I/51UX1E2rRhL._AC_US200_.jpg,"Led Drawing Board with 13 Light Effects, 16"" Rechargeable Glow Doodle LED Note Board with Colors, Neon Light Up Drawing Tablet Gifts for Kids for Easter Birthday Christmas Gift Ideas",https://www.amazon.com/dp/B0GCCLQ9C5?th=1,1774915200000,500,美国,艺术
1777254361515,亚马逊,B0GVDVC9PW,https://m.media-amazon.com/images/I/51ndoBPX5-L._AC_US200_.jpg,"2 Pack Large Electric Water Guns for Adults & Kids, Automatic Squirt Guns with LED Light, 730CC High Capacity Water Gun with 26-33FT Long Range & Battery Powered for Summer Outdoor Toy Gift",https://www.amazon.com/dp/B0GVDVC9PW?th=1,1774828800000,300,美国,体育
1777254361515,亚马逊,B0GVDW9X84,https://m.media-amazon.com/images/I/41HAqUWvs8L._AC_US200_.jpg,"RG56PRO Retro Handheld Game Console - 5.5 Inch IPS Screen,31000+ Classic 3D Games,5000mAh Battery, Open Linux System,Portable Console with 128G TF Card - Birthday Gift for Boyfriend (Black)",https://www.amazon.com/dp/B0GVDW9X84?th=1,1774828800000,300,美国,儿童电子产品
1777254362461,亚马逊,B0GPRM3ZJP,https://m.media-amazon.com/images/I/71nr2-uv2QL._AC_US200_.jpg,FIFA World Cup 2026 Trading Cards Game Special Box (8 Hüllen + 10 Karten Limited Edition),https://www.amazon.de/dp/B0GPRM3ZJP?th=1,1773187200000,200,德国,游戏
1777254362461,亚马逊,B0GD69MD1K,https://m.media-amazon.com/images/I/517vUMC0q2L._AC_US200_.jpg,"Schubkarre für Kinder, 13 Gartenwerkzeug Set für Kinder, Gartenset mit Schubkarre Kind, Kinderschubkarre mit Schaufel, Rechen, Gießkanne, Handschuhe, Sticker, Gartengeräte Garten (Farbig)",https://www.amazon.de/dp/B0GD69MD1K?th=1,1773187200000,100,德国,体育
1777254362461,亚马逊,B0GDFN39NR,https://m.media-amazon.com/images/I/41FCErlQ06L._AC_US200_.jpg,"Lehoo Castle Montessori Spielzeug ab 1 Jahr, Hammerspiel mit Xylophon & Zahnrädern, Holz Motorikspielzeug mit Integrierter Aufbewahrung, Sicheres Lernspielzeug Geschenk für Mädchen 1 2 3 Jahre",https://www.amazon.de/dp/B0GDFN39NR?th=1,1773100800000,100,德国,婴幼儿
1777254362461,亚马逊,B0GCLBXTXP,https://m.media-amazon.com/images/I/51O2l09YcbL._AC_US200_.jpg,"12 Stück Ostereier mit Magnetic Holz Eisenbahn Kinder,Ostergeschenke Kinder,Ostern Deko,Füllungen für Ostereier, unverzichtbare Füllungen für Körbchen und Partygeschenke",https://www.amazon.de/dp/B0GCLBXTXP?th=1,1773100800000,200,德国,派对
1777254362461,亚马逊,B0GMFVYKSP,https://m.media-amazon.com/images/I/51KU6LDA2FL._AC_US200_.jpg,"Cake Topper Kommunion, 24 Stück Fisch Eukalyptus Cupcake Torte Deko, Zur Kommunion Erstkommunion Tortendeko Junge Mädchen, Personalisiert Muffin Deko Party",https://www.amazon.de/dp/B0GMFVYKSP?th=1,1773100800000,100,德国,Party & Dekoration
1777254362461,亚马逊,B0GQMN9CD5,https://m.media-amazon.com/images/I/51Em2EFpI7L._AC_US200_.jpg,"2026 3D - 216 Tragbares Montage Bauspielzeug, Casual Tabletop Games, Büro-Stressabbau/Angstlinderung Desktop-Spielzeug, Geschenke für Erwachsene",https://www.amazon.de/dp/B0GQMN9CD5?th=1,1773100800000,100,德国,游戏
1777254362461,亚马逊,B0GR5PDLD9,https://m.media-amazon.com/images/I/51MAHyDUwCL._AC_US200_.jpg,World Cup 2026 Adrenalyn XL - WM Trading Cards Sammelkarten - 1 Mappe + 3 Booster,https://www.amazon.de/dp/B0GR5PDLD9?th=1,1773100800000,100,德国,爱好
1777254362461,亚马逊,B08MQ8F4K3,https://m.media-amazon.com/images/I/518QUwXT4cL._AC_US200_.jpg,"DJI Mini 4K/DJI Mini 2 Intelligent Flight Battery, Kompatibilität: DJI Mini 4K, DJI Mini 2 SE, DJI Mini 2, DJI Mini SE",https://www.amazon.de/dp/B08MQ8F4K3?th=1,1773100800000,300,德国,遥控模型
1777254362461,亚马逊,B0GDFQB8RG,https://m.media-amazon.com/images/I/51VafhQiVzL._AC_US200_.jpg,"Lehoo Castle Montessori Spielzeug ab 1 Jahr, Hammerspiel mit Xylophon & Zahnrädern, Holz Motorikspielzeug mit Integrierter Aufbewahrung, Sicheres Lernspielzeug Geschenk für Jungen 1 2 3 Jahre",https://www.amazon.de/dp/B0GDFQB8RG?th=1,1773100800000,100,德国,婴幼儿
1777254362461,亚马逊,B0GH77QZCH,https://m.media-amazon.com/images/I/31J407mwPjL._AC_US200_.jpg,1 Stück Tortendeko Kommunion Kreuz in Gold Cake Topper für Konfirmation Taufe Torte Kuchen Dekoration aus Acryl,https://www.amazon.de/dp/B0GH77QZCH?th=1,1773100800000,100,德国,派对
1777254362461,亚马逊,B0G7ZD11WC,https://m.media-amazon.com/images/I/513fcavhHnL._AC_US200_.jpg,"Tortendeko Konfirmation, 3 Stück Kuchen Deko Konfirmation Deko Cake Topper Holz mit LED Lichterkette, Eukalyptus Tortendekoration Junge Mädchen",https://www.amazon.de/dp/B0G7ZD11WC?th=1,1773100800000,100,德国,派对
1777254362461,亚马逊,B0GFCMNWRR,https://m.media-amazon.com/images/I/51vrHOgnGDL._AC_US200_.jpg,"HONHHUO Osterkranz Bastelset Kinder – 12 DIY Osterkränze aus selbstklebendem EVA Schaumstoff, Bastelset für Osterdeko, Osterbasteln und Ostergeschenke, für Kindergarten, Schule und Familie",https://www.amazon.de/dp/B0GFCMNWRR?th=1,1773014400000,100,德国,工艺
1777254362461,亚马逊,B0GJZPWRPB,https://m.media-amazon.com/images/I/71QMtegVgXL._AC_US200_.jpg,"Tortendeko Kommunion mit LED Lichterkette, Tortenstecker Kommunion Holz & 36 Stück Holz Fische Tischdeko & Fisch Taube Cake Topper, Erstkommunion deko Junge Mädchen Geschenke Gastgeschenke",https://www.amazon.de/dp/B0GJZPWRPB?th=1,1773014400000,100,德国,派对
1777254362461,亚马逊,B0G2Y7DRHS,https://m.media-amazon.com/images/I/51lH4IA3aXL._AC_US200_.jpg,"Ostergeschenke Kinder, 12 vormontierte Ostereier mit Figurenspielzeug, Geeignet Ostereiersuche, Osterkorbfüllungen, Dekoration für Osterfeiern, Ostereschenke für Mädchen & Jungen ab 3 Jahren.",https://www.amazon.de/dp/B0G2Y7DRHS?th=1,1773014400000,100,德国,派对
1777254362461,亚马逊,B0GLRHKJST,https://m.media-amazon.com/images/I/71Qe1WcKdZL._AC_US200_.jpg,"Clementoni Kpop Demon Hunters Puzzle 104 Teile - Puzzle 37,9 x 26,9 cm cm für Kinder ab 6 Jahre - Puzzle von Clementoni 25028",https://www.amazon.de/dp/B0GLRHKJST?th=1,1773014400000,100,德国,拼图
1777254362461,亚马逊,B0GPR2GS2K,https://m.media-amazon.com/images/I/61gBka2PDAL._AC_US200_.jpg,Panini FIFA Weltmeisterschaft 2026 Trading Cards Spiel Blister 7 Packungen + 4 Karten Limitierte Auflage,https://www.amazon.de/dp/B0GPR2GS2K?th=1,1773014400000,100,德国,游戏
1777254362461,亚马逊,B0GG7JCVK6,https://m.media-amazon.com/images/I/41bVaxcz2DL._AC_US200_.jpg,"100%Mosel Tischdeko-Set – Eukalyptuskranz & Fisch (25–50 Gäste) – Komplettset für Kommunion & Konfirmation mit Vlies Tischläufer, Airlaid Servietten, Streudeko & Satinband",https://www.amazon.de/dp/B0GG7JCVK6?th=1,1772928000000,500,德国,派对
1777254362461,亚马逊,B0G7YDGQTF,https://m.media-amazon.com/images/I/41WnTpiTx4L._AC_US200_.jpg,"Tortendeko Konfirmation mit LED Lichterkette, Cake Topper Zur Konfirmation aus Holz & Fisch Taube Kuchen Deko, Tortenstecker Deko Junge Mädchen Geschenke Gastgeschenke, Konfirmationsgeschenke",https://www.amazon.de/dp/B0G7YDGQTF?th=1,1772841600000,100,德国,派对
1777254362461,亚马逊,B0GQZCL65Z,https://m.media-amazon.com/images/I/71RzTRNDx0L._AC_US200_.jpg,Panini FIFA WC 2026 AXL Trading Cards (Special Box),https://www.amazon.de/dp/B0GQZCL65Z?th=1,1772841600000,300,德国,爱好
1777254362461,亚马逊,B0G6JCN7B6,https://m.media-amazon.com/images/I/515ZavdmMmL._AC_US200_.jpg,"12 Stück Schachteln mit Ostereiern, die Zungenspielzeuge als Ostergeschenke enthalten,Ostergeschenke für Kinder, Füllungen für Ostereier, unverzichtbare Füllungen für Körbchen und Partygeschenke (A)",https://www.amazon.de/dp/B0G6JCN7B6?th=1,1772841600000,100,德国,派对
1777254362461,亚马逊,B0GRH5Q858,https://m.media-amazon.com/images/I/31+f8HjddGL._AC_US200_.jpg,"Butterstick-Quetschspielzeuge, Langsam Aufsteigendes Butter Form Sensorik Spielzeug, Zur Entspannung Bei Angstzuständen, Ideal Für Kinder Und Erwachsene",https://www.amazon.de/dp/B0GRH5Q858?th=1,1772841600000,500,德国,党-
1777254362461,亚马逊,B0G34N2PD1,https://m.media-amazon.com/images/I/51gRzePwz9L._AC_US200_.jpg,"17 Stück Pixe Mini Figuren Set Nicht Essbare Junge, Pixe Figuren Tortendeko, Cartoon Mini Tortenfiguren, Kuchen Deko Kindergeburtstag, Cake Topper für Party Supplies (A)",https://www.amazon.de/dp/B0G34N2PD1?th=1,1772755200000,100,德国,Party & Dekoration
1777254362461,亚马逊,B0G8JK82CD,https://m.media-amazon.com/images/I/41+hpEWByML._AC_US200_.jpg,"24 Ostereier aus Kunststoff mit Schnur, perfekte Osterdekoration zum Aufhängen im Freien, Ostereier in 3 Farben, Gold, Hellblau, Hellgrün, Weiß, 6 cm x 4 cm große in 7 verschiedenen Designs",https://www.amazon.de/dp/B0G8JK82CD?th=1,1772755200000,100,德国,派对及娱乐商品
1777254362461,亚马逊,B0GD1FZXYY,https://m.media-amazon.com/images/I/51Emr2u5+0L._AC_US200_.jpg,"12er-Pack Ostereier, mit Plüschhasen, Füllmaterial für Osternkörbchen, Osterspielzeug für Kinder, geeignet als Ostergeschenk Souvenir,party favors (Plüschhase)",https://www.amazon.de/dp/B0GD1FZXYY?th=1,1772755200000,100,德国,派对
1777254362461,亚马逊,B0GQTYGH4H,https://m.media-amazon.com/images/I/51PBkmQfebL._AC_US200_.jpg,216 Pads schaffen eine kleine Welt für Jungen und Mädchen,https://www.amazon.de/dp/B0GQTYGH4H?th=1,1772755200000,100,德国,建筑-
1777254362461,亚马逊,B0GGR89PLM,https://m.media-amazon.com/images/I/51rqpYJ4qvL._AC_US200_.jpg,"SYHLN Montessori Spielzeug holzpuzzle ab 1 2 3 Jahr, Greifpuzzle Steckpuzzle Sortierspiel fur Madchen Jungen Kinder 12-36 Monate, Geschenk fur Ostern Geburtstag Weihnachten",https://www.amazon.de/dp/B0GGR89PLM?th=1,1772755200000,100,德国,婴幼儿
1777254362461,亚马逊,B0GCMZLM8B,https://m.media-amazon.com/images/I/51O2l09YcbL._AC_US200_.jpg,"12 magnetische Holz-Zug-Ostereier für Kinder, Kinder-Zug-Set-Geschenkbox, Eiersuche-Überraschung und Partygeschenk, Osterkorb-Füllmaterial,party favors",https://www.amazon.de/dp/B0GCMZLM8B?th=1,1772755200000,200,德国,派对
1777254362461,亚马逊,B0FGXZ17J3,https://m.media-amazon.com/images/I/410tuysRA-L._AC_US200_.jpg,"MGA's Miniverse Make It Mini Cafe Serie 6 – Mini-Sammlerstücke aus Harz zum Selbermachen und Ausstellen, mit Nachgebildeten Zutaten, Nicht Essbar – für Sammler und Kinder ab 8 Jahren",https://www.amazon.de/dp/B0FGXZ17J3?th=1,1772755200000,300,德国,娃娃机
1777254362461,亚马逊,B0G6DBBS8K,https://m.media-amazon.com/images/I/41-oBncOhIL._AC_US200_.jpg,"Tortendeko Konfirmation mit LED Lichterkette, Meine Konfirmation Cake Topper Holz, Eukalyptus Tortenstecker Deko Junge Mädchen Geschenke Gastgeschenke, Konfirmationsgeschenke Junge Mädchen",https://www.amazon.de/dp/B0G6DBBS8K?th=1,1772755200000,200,德国,派对
1777254362461,亚马逊,B0G7Z3GX6N,https://m.media-amazon.com/images/I/41r+FLbigUL._AC_US200_.jpg,"Kommunion Tortendeko Holz mit LED Lichterkette - inkl. Zur Kommunion Cake Topper, 1 Schutzengel und 1 Taube Tortenstecker, Kuchen Deko Erstkommunion Tortendeko Mädchen Jungen",https://www.amazon.de/dp/B0G7Z3GX6N?th=1,1772755200000,100,德国,派对
1777254362461,亚马逊,B0GGYT896P,https://m.media-amazon.com/images/I/512YQ+3q9WL._AC_US200_.jpg,"GoTilo Oster Bastelset Kinder aus Holz 24 Stück – Magnet Set zum Bemalen mit Malstiften, Osterdeko als Kühlschrankmagnet, Kreatives Basteln für Kindergarten & Familie",https://www.amazon.de/dp/B0GGYT896P?th=1,1772668800000,200,德国,工艺
1777254362461,亚马逊,B0G6SPGW5G,https://m.media-amazon.com/images/I/51mt14wkYXL._AC_US200_.jpg,"Doloowee Sand und Wassertisch für Kleinkinder, 4-Tier Wassertisch Spielzeug, Wasserspieltisch Outdoor Strandspielzeug, Groß Spieltisch Sommer-Wasserspielzeug für Jungen Mädchen 2 3 4 5 6 7 Jahre",https://www.amazon.de/dp/B0G6SPGW5G?th=1,1772668800000,100,德国,体育
1777254362461,亚马逊,B0GNMPTVYM,https://m.media-amazon.com/images/I/51gSltRDiEL._AC_US200_.jpg,"Nordstern Ostereier zum Aufhängen 24er Pack mit Muster - Osterdeko, Frühlingsdeko für Innen und Außen - Bunte Plastikeier in 6 Mustern",https://www.amazon.de/dp/B0GNMPTVYM?th=1,1772668800000,100,德国,派对及娱乐商品
1777254362461,亚马逊,B0G7X3RM6K,https://m.media-amazon.com/images/I/51Kie5DrQgL._AC_US200_.jpg,"URMYWO Magic Water Gel Toy Kit, DIY 3D Magisches Wassergel-Spielzeug, Aqua Gelz Set mit 20 Farben & 24 Formen, Kreatives Spielzeug Geschenk für Kinder ab 3+, Jungen und Mädchen",https://www.amazon.de/dp/B0G7X3RM6K?th=1,1772668800000,100,德国,工艺
1777254362461,亚马逊,B0G64SL7HP,https://m.media-amazon.com/images/I/41Gp5ePGfuL._AC_US200_.jpg,"Tortendeko Konfirmation Tortendeko, 9 Stück Cake Topper Konfirmation Deko Torte Papier Kuchen Deko, Taube Fisch Tortendekoration Junge Mädchen",https://www.amazon.de/dp/B0G64SL7HP?th=1,1772668800000,100,德国,派对
1777254362461,亚马逊,B0GBWWP4PH,https://m.media-amazon.com/images/I/81JE2J5VbdL._AC_US200_.jpg,"UNGLINGA Edelstein-Ausgrabungsset für Kinder, Jungen & Mädchen – Geburtstagsgeschenk-Idee mit 15 echten Edelsteinen & Fossilien, inkl. Werkzeug, pädagogisches Geologie-S.T.E.M. Spielzeug",https://www.amazon.de/dp/B0GBWWP4PH?th=1,1772582400000,100,德国,实验
1777254362461,亚马逊,B0GQB6NZGQ,https://m.media-amazon.com/images/I/410jeNvlfrL._AC_US200_.jpg,"6x ""Hoppelige Ostergrüße"" als Samenbomben Mitgebsel Kinder Ostern Geschenke | Blumensamen Tütchen als Osternest Füllung & kleine Ostergeschenke Kinder | Mitbringsel Osterüberraschung mit Ostergedicht",https://www.amazon.de/dp/B0GQB6NZGQ?th=1,1772582400000,200,德国,派对
1777254362461,亚马逊,B0GCX7WZBM,https://m.media-amazon.com/images/I/41YgGXgAc1L._AC_US200_.jpg,"30pcs Mitgebsel Kommunion Gastgeschenke, 10x Glücksbringer Herz mit Fisch, Kommunion Deko für Kindergeburtstag, Gastgeschenk, Kindergarten, Taufe, Kommunion, Einschulung",https://www.amazon.de/dp/B0GCX7WZBM?th=1,1772582400000,100,德国,派对
1777254362461,亚马逊,B0GGHHY4VG,https://m.media-amazon.com/images/I/51RXgDI6S9L._AC_US200_.jpg,"GoTilo Fensterbilder Ostern Bastelset Kinder, 24 Stück DIY Fensterbilder Ostern Set, Ostern Basteln Kinder, Oster Fensterdeko Basteln, Kreativset für Kindergarten, Schule & Zuhause",https://www.amazon.de/dp/B0GGHHY4VG?th=1,1772582400000,100,德国,工艺
1777254362461,亚马逊,B0GHNRWS4Z,https://m.media-amazon.com/images/I/71uTlz+62bL._AC_US200_.jpg,LYAILOOGXL Pokemon Sammelalbum 400 Karten: Sammelkarten Album mit 50 Abnehmbaren Hüllen - PU-Material mit wasserdichter Oberfläche - Sammelmappe Geschenk für Kartensammler,https://www.amazon.de/dp/B0GHNRWS4Z?th=1,1772582400000,100,德国,收藏玩具
1777254362461,亚马逊,B0GCD9R9JJ,https://m.media-amazon.com/images/I/417iYoH-QmL._AC_US200_.jpg,"Wasserpistole für Kinder und Erwachsene, 600ml Wasserspritzpistole Groß Super Soaker, 8-10m (26-33 ft) Reichweite Spritzpistole Wasser Spielzeug für Sommer, Garten (600ml)",https://www.amazon.de/dp/B0GCD9R9JJ?th=1,1772582400000,100,德国,体育
1777254362461,亚马逊,B0DG4X3LZ2,https://m.media-amazon.com/images/I/615OUNn4YfL._AC_US200_.jpg,"Osterhasenkostüm, Hasenkostüm, Kostüme für Erwachsene, Ostermaskott Kostüm",https://www.amazon.de/dp/B0DG4X3LZ2?th=1,1772496000000,100,德国,儿童角色扮演游戏
1777254362461,亚马逊,B0GP9KWLMZ,https://m.media-amazon.com/images/I/71QOMyLSGTL._AC_US200_.jpg,"LEGO Minecraft (30732) Alex' Begegnung am Lagerfeuer, bauset",https://www.amazon.de/dp/B0GP9KWLMZ?th=1,1772496000000,200,德国,建筑-
1777254362461,亚马逊,B0GF4134B4,https://m.media-amazon.com/images/I/811LIsNJv9L._AC_US200_.jpg,"Ostergeschenk-Set für Kinder, 12 befüllte Ostereier mit Spielzeug - Ideal zum Befüllen von Osternestern, für die Eiersuche, als Partygeschenke, Schulfüllungen und Klassenpreise für Jungen und Mädchen",https://www.amazon.de/dp/B0GF4134B4?th=1,1772496000000,100,德国,派对
1777254362461,亚马逊,B0GHQCT4HN,https://m.media-amazon.com/images/I/51IdKfPcZAL._AC_US200_.jpg,"Cake Topper Kommunion, Tortendeko Kommunion Holz & 36 Stück Fische Tischdeko & Fisch Kreuz Kuchen Deko, Erstkommunion Deko Junge Mädchen Geschenke Gastgeschenke, Kommunionsgeschenk",https://www.amazon.de/dp/B0GHQCT4HN?th=1,1772496000000,100,德国,派对
1777254362461,亚马逊,B0G6KQTWQ8,https://m.media-amazon.com/images/I/51UwckwYCOL._AC_US200_.jpg,"JONRRYIN Sand Wassertisch für Kleinkinder, 3-Tier Kinder Sand Wassertisch Spielzeug, Wasserspieltisch Outdoor Strandspielzeug, Groß Spieltisch Sommer-Wasserspielzeug für Jungen Mädchen 3 4 5 6 7 Jahr",https://www.amazon.de/dp/B0G6KQTWQ8?th=1,1772496000000,100,德国,体育
1777254362461,亚马逊,B0G7XZMFXF,https://m.media-amazon.com/images/I/51Lz7qvzIUL._AC_US200_.jpg,"Doloowee Wasserspieltisch für Kinder, Sand und Wasser Tisch Spielzeug mit Zubehör, 4-Tier Aktivität-Tisch für Toddler, Sommer Strand Spielzeug für Kinder 2 3 4 5 Jahre Alt",https://www.amazon.de/dp/B0G7XZMFXF?th=1,1772496000000,100,德国,体育
1777254362461,亚马逊,B0GGY3WYFR,https://m.media-amazon.com/images/I/51Wc5KfVNvL._AC_US200_.jpg,"HONHHUO Ostern Basteln Kinder Fensterbilder Set – 24-teiliges Osterbastelset mit Osterhasen & Ostereiern, Bunte Fensterdeko mit Buntglas-Effekt, Bastelspaß für Kindergarten, Schule & Familie",https://www.amazon.de/dp/B0GGY3WYFR?th=1,1772409600000,100,德国,工艺
1777254362461,亚马逊,B0FS72FPF2,https://m.media-amazon.com/images/I/312LTwOwx3L._AC_US200_.jpg,"4 Stück Squishy Stressbälle Antistressball, Stressbälle Doh Fidget Cube, Regenbogen Squeeze Bälle Quetschball für Erwachsene ADHS, Angst, OCD Angst abbauen und Beruhigung",https://www.amazon.de/dp/B0FS72FPF2?th=1,1772409600000,100,德国,党-
1777254362461,亚马逊,B0G7DMQJLS,https://m.media-amazon.com/images/I/514s+AM3M7L._AC_US200_.jpg,"ZKKZ 12 Stück gefüllte Ostereier mit niedlichen Figuren, Lustige Osterei-Füllungen für Kinder, Osterkorb-Füller für Jugendliche, Partygeschenke für Kinder, Jungen und Mädchen",https://www.amazon.de/dp/B0G7DMQJLS?th=1,1772409600000,100,德国,派对
1777254362461,亚马逊,B0G6KDLTYS,https://m.media-amazon.com/images/I/51U1LnNiwNL._AC_US200_.jpg,"30 Stück Taufe Luftballons, Meine Taufe Ballon Deko Junge Mädchen, Luftballons Kommunion für Erstkommunion Partydeko",https://www.amazon.de/dp/B0G6KDLTYS?th=1,1772409600000,100,德国,派对
1777254362461,亚马逊,B0GL3F2BFJ,https://m.media-amazon.com/images/I/71MI80DPdCL._AC_US200_.jpg,"2 Stück Tastaturs Fidget Spielzeug | 4-TastenStressabbau Schlüsselanhänger, Button Fidget Spiel Für Erwachsene - Mechanischer Keyboard clicker Spielzeug Für Büro, Kinder & Erwachsene Geschenk",https://www.amazon.de/dp/B0GL3F2BFJ?th=1,1772409600000,100,德国,党-
1777254362461,亚马逊,B0GMGMQNYV,https://m.media-amazon.com/images/I/51UWkzD57IL._AC_US200_.jpg,"iKidiki 99 Stück Magnetische Bausteine Reiseset, Spielzeug ab 3 4 5 6 Jahre Junge Mädchen Reisespiele Kinder Ostergeschenke Junge 3-6 Jahre Flugzeug Beschäftigung Kinder Magnetische Blöcke",https://www.amazon.de/dp/B0GMGMQNYV?th=1,1772409600000,100,德国,建筑-
1777254362461,亚马逊,B0G6DBHC6Y,https://m.media-amazon.com/images/I/41DLy9YunCL._AC_US200_.jpg,"Tortendeko Kommunion mit LED Lichterkette, Meine Kommunion Cake Topper Holz, Eukalyptus Tortenstecker, Erstkommunion deko Junge Mädchen Geschenke, Kommunionsgeschenke, Elegant Kuchen Deko",https://www.amazon.de/dp/B0G6DBHC6Y?th=1,1772409600000,200,德国,派对
1777254362461,亚马逊,B0G3SSDK74,https://m.media-amazon.com/images/I/412daHdEK6L._AC_US200_.jpg,"FIRST TO WORST — Das Kartenspiel, bei dem Ihr erraten müsst, wie eure Freunde und Familie Dinge bewerten | Lustiges Ranking- und Ratespiel für Spieleabende, Partys und als originelle Geschenkidee",https://www.amazon.de/dp/B0G3SSDK74?th=1,1772323200000,100,德国,游戏
1777254362461,亚马逊,B0GGJ7QDMJ,https://m.media-amazon.com/images/I/913Llyta4zL._AC_US200_.jpg,"Pokémon (Sammelkartenspiel), PKM ME03 3-Pack-Blister",https://www.amazon.de/dp/B0GGJ7QDMJ?th=1,1772323200000,2000,德国,爱好
1777254362461,亚马逊,B0F5HHJ9S3,https://m.media-amazon.com/images/I/71opvGmQznL._AC_US200_.jpg,"Furzspray Extrastarkes, Flüssiger Furzspray, Stinkspray für Lustige Streichparty, Spray Prank for Adults, Flüssiger Stinkspray Extra Starke, 30ML",https://www.amazon.de/dp/B0F5HHJ9S3?th=1,1772323200000,100,德国,党-
1777254362461,亚马逊,B0GQJLL718,https://m.media-amazon.com/images/I/71kVUP-rbTL._AC_US200_.jpg,Pokemon Karten Deutsch - 50 Originale Karten mit 5 Holo und Seltenen Karten + 1x EX/V oder FullArt + inkl. DrisoCard Versandschutz/Sammeldeckbox,https://www.amazon.de/dp/B0GQJLL718?th=1,1772323200000,200,德国,爱好
1777254362461,亚马逊,B0GJM3B9KZ,https://m.media-amazon.com/images/I/71aNptgz3qL._AC_US200_.jpg,"2 Stück Tastatur Fidget Spielzeug, Tastatur Schlüsselanhänger mit LED Licht, Lustige Fidget Toys Tastatur, Spielzeug Tastatur in 4 Farbigen Tasten für Stressabbau, Alle Zielgruppen",https://www.amazon.de/dp/B0GJM3B9KZ?th=1,1772236800000,100,德国,党-
1777254362461,亚马逊,B0GFN57Z8N,https://m.media-amazon.com/images/I/514WV2yIAdL._AC_US200_.jpg,"Karaoke Maschine Kinder mit 2 Bluetooth Mikrofon und Verstellbarer Mikrofon Ständer, Geschenk Spielzeug Mädchen 3-12 Jahre Karaoke Mikrofon Ostergeschenke Kinder mit 5 Toneffekten & LED-Lichtern",https://www.amazon.de/dp/B0GFN57Z8N?th=1,1772236800000,300,德国,电子玩具
1777254362461,亚马逊,B0GQ3DL78K,https://m.media-amazon.com/images/I/413d6UM-3XL._AC_US200_.jpg,"2 Stück Tastatur Fidget, Fidget Toys Tastatur Mit LED Licht, 4-Tasten Fidgets Spielzeug Mit Befriedigendem Klickgefühl Zum Stressabbau, Anti Stress Spielzeug Für Erwachsene In Büro,Schule,Reisen",https://www.amazon.de/dp/B0GQ3DL78K?th=1,1772236800000,100,德国,党-
1777254362461,亚马逊,B0GN9KM2ZX,https://m.media-amazon.com/images/I/61ShFKsrkIL._AC_US200_.jpg,Panini FIFA World Cup 2026™ Adrenalyn XL™ Trading Cards (Fatpack Box),https://www.amazon.de/dp/B0GN9KM2ZX?th=1,1772236800000,300,德国,爱好
1777254362461,亚马逊,B0GPDVM5MG,https://m.media-amazon.com/images/I/417o-mZ9YkL._AC_US200_.jpg,melu kids® Namensaufkleber Kinder für Schule & Kita (75 Stück) - Personalisierte Aufkleber mit Namen für Stifte und alle Schulsachen - Wasserfest in Spülmaschine (Bonbon),https://www.amazon.de/dp/B0GPDVM5MG?th=1,1772236800000,100,德国,工艺
1777254362461,亚马逊,B0GK111V28,https://m.media-amazon.com/images/I/81haQs9eO5L._AC_US200_.jpg,"Geburtstagskrone Kinder, Geburtstagskrone Stoff Verstellbar, Geburtstags Krone Musselin mit Auswechselbaren Zahlen von 0-9, Krone Geburtstag Unisex für Kindergeburtstag Party",https://www.amazon.de/dp/B0GK111V28?th=1,1772150400000,100,德国,派对
1777254362461,亚马逊,B0G5PKLLZ5,https://m.media-amazon.com/images/I/51JfhIojINL._AC_US200_.jpg,"Schwimmring Baby, Baby Schwimmring ab 6-36 Monate mit Sonnendach, Schwimmreifen Baby Verstellbarer Sicherheitssitz, UPF50+ Baby Schwimmring mit Sonnendach, Schwimmhilfe Kinder 1-3 Jahre",https://www.amazon.de/dp/B0G5PKLLZ5?th=1,1772150400000,100,德国,体育
1777254362461,亚马逊,B0GQB927G1,https://m.media-amazon.com/images/I/81qAN9Y7vhL._AC_US200_.jpg,"Tortendeko Geburtstag Kinder – 11 Stück Cake Topper Set im Kpop-Stil, Happy Birthday Tortenaufsatz & Cupcake Toppers, Kuchen Deko für Mädchen & Jungen, Party Dekoration modern & beliebt",https://www.amazon.de/dp/B0GQB927G1?th=1,1772150400000,100,德国,Party & Dekoration
1777254362461,亚马逊,B0GDTPXKL8,https://m.media-amazon.com/images/I/61uimkfvYLL._AC_US200_.jpg,"gelrovaled Malen Nach Zahlen Erwachsene, DIY Handgemalt Ölgemälde Kit für Anfänger und Erwachsene Mit 3-Pinseln und Acrylfarbe, Ohne Rahmen 40X50CM (Flowers)",https://www.amazon.de/dp/B0GDTPXKL8?th=1,1772150400000,100,德国,工艺
1777254362461,亚马逊,B0GPRJKBXJ,https://m.media-amazon.com/images/I/41R1mhhaLmL._AC_US200_.jpg,FIFA World Cup 2026 Trading Cards Game Blister Premium Gold (1 Premium Hülle + 4 Exklusive Limitierte Karten),https://www.amazon.de/dp/B0GPRJKBXJ?th=1,1772150400000,200,德国,游戏
1777254362461,亚马逊,B0GHQ29Q54,https://m.media-amazon.com/images/I/514v1M+yZ2L._AC_US200_.jpg,"burgkidz Magnetische Bausteine Reisespielzeug für Mädchen: 42 Teile Glitzer Diamant Magnetische Tiles Metallbox für Auto & Flugzeug – 90 Minuten Beschäftigung, 45s Aufräumen – Geschenk ab 3-6 Jahren",https://www.amazon.de/dp/B0GHQ29Q54?th=1,1772150400000,100,德国,建筑-
1777254362461,亚马逊,B0G653YGBQ,https://m.media-amazon.com/images/I/41y131aybiL._AC_US200_.jpg,"Tortendeko Kommunion, Cake Topper Kommunion Deko Torte Hochwertiges Papier, Eukalyptusblatt-Dekoration KommunionTortendeko Kuchen Deko Erstkommunion Deko Tortendekoration der Kommunionstorte",https://www.amazon.de/dp/B0G653YGBQ?th=1,1772150400000,100,德国,派对
1777254362461,亚马逊,B0GNSYGRY6,https://m.media-amazon.com/images/I/61lbt2iFNSL._AC_US200_.jpg,Schwimmnudel Set 160 cm – Poolnudel & Schwimmhilfe in verschiedenen Mengen & Verbinder-Varianten – 9 Farben zur Auswahl,https://www.amazon.de/dp/B0GNSYGRY6?th=1,1772064000000,100,德国,体育
1777254362461,亚马逊,B0GPDCBZTN,https://m.media-amazon.com/images/I/61njjSPygML._AC_US200_.jpg,Premium Tower Handyhalterung für Hitster Musikspiel – Stabiler Smartphone Ständer Turm für QR Code Scan – Zubehör kompatibel mit Hitster Party & Original,https://www.amazon.de/dp/B0GPDCBZTN?th=1,1772064000000,100,德国,游戏
1777254362461,亚马逊,B0G6Z4MWZQ,https://m.media-amazon.com/images/I/51lzjyj3dFL._AC_US200_.jpg,"12 Stück Tortenfiguren-Set für Torten & Cupcakes, Cartoon-Kuchendeko, Party-Spielzeugfiguren, Geburtstagstorten-Deko für Kuchen, Cupcakes & Partys (A 12-teiliges Cartoon-Kuchendeko)",https://www.amazon.de/dp/B0G6Z4MWZQ?th=1,1772064000000,100,德国,派对
1777254362461,亚马逊,B0GC6BQQL7,https://m.media-amazon.com/images/I/51G-GgkadTL._AC_US200_.jpg,"76CM Große Osterdekoration für Kinder 4-9, Osterhase Klett Dartscheibe mit 12 Klettbällen, Ostereier Wurfspiel & Partyspiel, Osterkorb Geschenk & Bastelspielzeug OsterGeschenke für Kinder 3–10 Jahre",https://www.amazon.de/dp/B0GC6BQQL7?th=1,1772064000000,300,德国,派对
1777254362461,亚马逊,B0G6KD7ZV6,https://m.media-amazon.com/images/I/51pKKLlyBWL._AC_US200_.jpg,"30 Stück Taufe Luftballons, Meine Taufe Ballon Deko Junge Mädchen, Luftballons Kommunion für Erstkommunion Partydeko",https://www.amazon.de/dp/B0G6KD7ZV6?th=1,1772064000000,100,德国,派对
1777254362461,亚马逊,B0GFBXYWLB,https://m.media-amazon.com/images/I/61NZZKnY6dL._AC_US200_.jpg,Edurino Figur Ari Gesunde Ernährung ab 4 Jahren inkl. App | Innovatives & digitales Lernspiel | Lebensmittel anbauen | Küchenfertigkeiten üben | Gesunde Gewohnheiten kennenlernen,https://www.amazon.de/dp/B0GFBXYWLB?th=1,1771977600000,500,德国,实验
1777254362461,亚马逊,B0GFBMCN1Q,https://m.media-amazon.com/images/I/616Bx4cmjcL._AC_US200_.jpg,Edurino Figur Robin Geometrie & Zahlenmuster ab 4 Jahren inkl. App | Innovatives & digitales Lernspiel | Zahlenmuster erkennen | Geometrie und Symmetrie entdecken | Formenmuster gestalten,https://www.amazon.de/dp/B0GFBMCN1Q?th=1,1771977600000,100,德国,实验
1777254362461,亚马逊,B0GP8MFM6V,https://m.media-amazon.com/images/I/61kdKQJnpTL._AC_US200_.jpg,Edurino Figur Yuki Kunst & Gestalten ab 4 Jahren inkl. App | Innovatives & digitales Lernspiel | Kreativer Ausdruck | Digitale Werkzeuge | Animation | Kreative Achtsamkeit,https://www.amazon.de/dp/B0GP8MFM6V?th=1,1771977600000,200,德国,实验
1777254362461,亚马逊,B07KWVWX6L,https://m.media-amazon.com/images/I/71ertdxTzzL._AC_US200_.jpg,"„Super Mario Galaxy“-Film: Yoshi Egg 9„ / 23 cm Spielset mit 1,5“ großen Actionfiguren, offiziell lizenziert von Jakks Pacific, inklusive 4 cm großen Minifiguren, interaktives Spielset, ab 3 Jahren",https://www.amazon.de/dp/B07KWVWX6L?th=1,1771977600000,200,德国,Spielzeugfiguren
1777254362461,亚马逊,B0G52MQXS4,https://m.media-amazon.com/images/I/51ig6V64PaL._AC_US200_.jpg,"MOMUSE Einhorn Schlüpf-Ei für Kinder 6 PCS, Bastelset Kinder, Geschenk Mädchen 4 Jahre, Ostergeschenke Mitgebsel Kindergeburtstag Mädchen Jungen 3 4 5 6 7 8 Jahre",https://www.amazon.de/dp/B0G52MQXS4?th=1,1771977600000,100,德国,Spielzeugfiguren
1777254362461,亚马逊,B0GG8TVP6W,https://m.media-amazon.com/images/I/51vlis8nt5L._AC_US200_.jpg,"Ostern Basteln Kinder Osterbaum Bastelset Holz mit Osterei Baum und 3 Hasen Aufstellern, Osterdeko Holz Tischdeko zum Bemalen, Osterbaum Deko für Kindergarten, Schule, Familie und Frühlingsdeko",https://www.amazon.de/dp/B0GG8TVP6W?th=1,1771977600000,100,德国,工艺
1777254362461,亚马逊,B0GHMCB6XV,https://m.media-amazon.com/images/I/51Y4L+hhueL._AC_US200_.jpg,"Isisyu Ostern Basteln Kinder, 12 Stück Ostern Bastelset Ostereier Osterküken Hasen mit Selbstklebenden zum Basteln Kreative Kunsthandwerk Bastelhandwerk für Osterdeko, Ostergeschenke",https://www.amazon.de/dp/B0GHMCB6XV?th=1,1771977600000,100,德国,工艺
1777254362461,亚马逊,B0GMQ8P918,https://m.media-amazon.com/images/I/31-yscZ92mL._AC_US200_.jpg,OUTDOOR ACTIVE Kinder Metallschubkarre pink 561,https://www.amazon.de/dp/B0GMQ8P918?th=1,1771977600000,100,德国,体育
1777254362461,亚马逊,B0GMKF17V6,https://m.media-amazon.com/images/I/61RTyQbe8KL._AC_US200_.jpg,NSV - 5401 - QWIXX GEMIXXT - Zusatzblöcke,https://www.amazon.de/dp/B0GMKF17V6?th=1,1771977600000,300,德国,游戏
1777254362461,亚马逊,B0GFBPKPY2,https://m.media-amazon.com/images/I/61UBiZCr+jL._AC_US200_.jpg,Edurino Figur Ollie Probleme lösen & Argumentieren ab 4 Jahren inkl. App | Innovatives & digitales Lernspiel | Probleme Identifizieren und erkennen | Lösungen Finden | Strategisch Denken,https://www.amazon.de/dp/B0GFBPKPY2?th=1,1771977600000,100,德国,实验
1777254362461,亚马逊,B0GNN4YWPQ,https://m.media-amazon.com/images/I/41Lu2wSkZwL._AC_US200_.jpg,"Pokemon Karten Deutsch 50 Karten Set Original - kompatibel mit Pokemon Karten in exklusiver SLEEVEE Geschenkbox inkl. begehrter Holo-Sammelkarten Kinder zu Geburtstag, Ostern, Weihnachten & Nikolaus",https://www.amazon.de/dp/B0GNN4YWPQ?th=1,1771891200000,1000,德国,爱好
1777254362461,亚马逊,B0G8TQBVVH,https://m.media-amazon.com/images/I/516lzu4FluL._AC_US200_.jpg,"Pandapop 2 in 1 Werkzeug Kinder, Rasenmäher Kinder mit Lichteffekt & Kinder Laubbläser mit Geräusch, Gartenspielzeug Kinder ab 3 Jahre, Spielzeug für draußen mit Werkzeuggürtel",https://www.amazon.de/dp/B0G8TQBVVH?th=1,1771891200000,100,德国,儿童角色扮演游戏
1777254362461,亚马逊,B0G6FCSZ35,https://m.media-amazon.com/images/I/51do7VcA3QL._AC_US200_.jpg,"KOSMOS 654306 Fun Science Jelly Pops, Fruchtgummi-Labor für Gummi-Drops, Experimentierkasten für Kinder ab 8-12 Jahre, DIY",https://www.amazon.de/dp/B0G6FCSZ35?th=1,1771891200000,100,德国,实验
1777254362461,亚马逊,B0GLQGDVGP,https://m.media-amazon.com/images/I/81Aq813-EeL._AC_US200_.jpg,"Kosmos 741969 Tricky Teams, Kartenspiel, spannendes Stichspiel mit wechselnden Bündnissen, Marc-Uwe Kling, Jan Cronauer, Florian Biege, für 3-6 Personen ab 10 Jahre, Kurze Runden",https://www.amazon.de/dp/B0GLQGDVGP?th=1,1771891200000,100,德国,游戏
1777254362461,亚马逊,B0GMY96JS6,https://m.media-amazon.com/images/I/61Jxi-cOdxL._AC_US200_.jpg,Bundle mit Topps Match Attax Champions League 2025/26 Trading Cards + Exklusive Collect-it Hüllen (1 Blister),https://www.amazon.de/dp/B0GMY96JS6?th=1,1771891200000,200,德国,爱好
1777254362461,亚马逊,B0G7Y8KT5D,https://m.media-amazon.com/images/I/51hX4l6TfWL._AC_US200_.jpg,"Jugendweihe 2026 Tortendeko Deko Holz mit LED, mit Stern und springender Jugend-Figur Cake Topper, Originelle Tortenaufleger Mädchen & Junge - Alles Gute zur JUGENDWEIHE",https://www.amazon.de/dp/B0G7Y8KT5D?th=1,1771891200000,100,德国,派对
1777254362461,亚马逊,B0G7Y94C24,https://m.media-amazon.com/images/I/51ugISe-8qL._AC_US200_.jpg,"Tortendeko Kommunion Holz mit LED Lichterkette - inkl. Zur Kommunion Deko Torte, 1 Fisch und 1 Taube Tortenstecker, Kuchen Deko Erstkommunion Tortendeko Mädchen Jungen",https://www.amazon.de/dp/B0G7Y94C24?th=1,1771891200000,100,德国,派对
1777254362461,亚马逊,B0GHVY85QP,https://m.media-amazon.com/images/I/41N3IDJasML._AC_US200_.jpg,Konfirmation Deko Konfirmation Girlande Gold mit Glitzer Konfirmation Banner Mädchen Junge Firmung zum Aufhängen für Wand Fenster Tisch,https://www.amazon.de/dp/B0GHVY85QP?th=1,1771804800000,100,德国,派对
1777254362461,亚马逊,B0GGJBGWD1,https://m.media-amazon.com/images/I/41mWDFIkTmL._AC_US200_.jpg,Pokémon-Sammelkartenspiel: Boosterpack-Display Mega-Entwicklung – Optimale Ordnung (enthält 18 Boosterpacks),https://www.amazon.de/dp/B0GGJBGWD1?th=1,1771804800000,1000,德国,爱好
1777254362461,亚马逊,B01N9RQMLL,https://m.media-amazon.com/images/I/81WQXZTh42L._AC_US200_.jpg,LEGO Icons Der Astronaut - Miniatur Raumschiff Modellbau für Erwachsene - Austellungsset inkl. Ryland Grace Minifigur & Rocky Figur - Science Fiction Geschenk für Film- und Buchfans - 11389,https://www.amazon.de/dp/B01N9RQMLL?th=1,1771804800000,100,德国,建筑玩具
1777254362461,亚马逊,B0GPD3WP5P,https://m.media-amazon.com/images/I/31QvbYj-R8L._AC_US200_.jpg,"TRENDHAUS 967947 - XXL Anti-Stress Squeeze Super Ente, ca. 13 x 33 x 10 cm, Squishy in Enten-Form, Stressball für Kinder und Erwachsene",https://www.amazon.de/dp/B0GPD3WP5P?th=1,1771804800000,100,德国,党-
1777254362461,亚马逊,B0GPCR2KX3,https://m.media-amazon.com/images/I/61SJqg4-6VL._AC_US200_.jpg,"TRENDHAUS 967923 - XXL Anti-Stress Squeeze Super Badeente, ca. 19 x 15,5 x 14 cm, Squishy in Enten-Form, Stressball für Kinder und Erwachsene",https://www.amazon.de/dp/B0GPCR2KX3?th=1,1771804800000,100,德国,党-
1777254362461,亚马逊,B0GPDGJM77,https://m.media-amazon.com/images/I/31G2ha3+FwL._AC_US200_.jpg,"TRENDHAUS 967770 - XXL Anti-Stress Squeeze Super Cheese, ca. 9,5 x 9,5 x 8 cm, Squishy in Käse-Form, Stressball für Kinder und Erwachsene",https://www.amazon.de/dp/B0GPDGJM77?th=1,1771804800000,400,德国,党-
1777254362461,亚马逊,B0GLYRPBPG,https://m.media-amazon.com/images/I/81ri+SHNc+L._AC_US200_.jpg,"GLÜCKSWOLKE Pantomime Spiel für Kinder - lustiges Familienspiel I Mit 100 Spielkarten I Indoor & Outdoor Spielzeug Kinderspiel I Spiele ab 4, 5, 6, 7, 8, 9 Jahre I Geschenk für Junge & Mädchen",https://www.amazon.de/dp/B0GLYRPBPG?th=1,1771718400000,1000,德国,游戏
1777254362461,亚马逊,B0G346TKH7,https://m.media-amazon.com/images/I/51PP4yLz2gL._AC_US200_.jpg,"Generisch Magnetspiel,Magnetisches Schachspiel, Tischspiele,Tragbares Schach Magnetisch Magnetisches Spiel für Erwachsene Partyzubehör für Familientreffen (24E)",https://www.amazon.de/dp/B0G346TKH7?th=1,1771632000000,300,德国,游戏
1777254362479,亚马逊,B0GHSMHG16,https://m.media-amazon.com/images/I/412HMAaHcuL._AC_US200_.jpg,"Easter Gifts for Kids 3Pcs Easter Bunny Squishy Balls Toy,Stress Ball for Kids,EasterBasket Fillers,Fidget Rabbit Squeeze Toys,Party Favors Gifts for Adults Children",https://www.amazon.co.uk/dp/B0GHSMHG16?th=1,1772323200000,200,英国,Novelty & Gag Toys
1777254362479,亚马逊,B0GKZWS9HC,https://m.media-amazon.com/images/I/41QfIIY-qPL._AC_US200_.jpg,"6 Pcs Easter Bunny Balloons, White Easter Rabbit Head Foil Balloon, Bow Bunny Head Balloons with Ribbon Kit, Rabbit Themed Balloon for School Parades Spring Party Supplies Decorations",https://www.amazon.co.uk/dp/B0GKZWS9HC?th=1,1772323200000,200,英国,Party Supplies
1777254362479,亚马逊,B0GQ362HQB,https://m.media-amazon.com/images/I/41KIREC+d4L._AC_US200_.jpg,"555 PCS Water Balloons, 10 Second Rapid-Filling Self-Sealing Water Bombs, Water Balloons for Kids Easy Fill, Eco-Friendly, for Outdoor Garden, Beach, Pool Party Fight, Water Toy",https://www.amazon.co.uk/dp/B0GQ362HQB?th=1,1772323200000,500,英国,Sports Toys & Outdoor
1777254362479,亚马逊,B0GDXM5HHH,https://m.media-amazon.com/images/I/51jYWDlqU1L._AC_US200_.jpg,"Dislocati Kids Karaoke Machine 2 Microphones, Girls Toys Age 3 4 5 6 7 8 9 10 Year Old Girls Gifts Kids Microphone and Stand Girls Birthday Presents Bluetooth Speaker with LED Lights",https://www.amazon.co.uk/dp/B0GDXM5HHH?th=1,1772236800000,300,英国,Electronic Toys
1777254362479,亚马逊,B0GLPKB2KQ,https://m.media-amazon.com/images/I/515ZUy-FxLL._AC_US200_.jpg,"3D Printed Dragon Egg with Dragon (28.5cm) Inside, 3D Printed Articulated Crystal Animals Easter Toys & Decor, Unique Easter Gift for Kids, Teens, Adults, Collectors, Rainbow Color",https://www.amazon.co.uk/dp/B0GLPKB2KQ?th=1,1772236800000,200,英国,Play Figures
1777254362479,亚马逊,B0GKVBG7SR,https://m.media-amazon.com/images/I/41zpXPzs0BL._AC_US200_.jpg,"10 Pcs Squeeze Cube, Ice Cube Shape Fidget Toy, Stress Relief Sensory Toy for Gift & Party (Assorted Colors: Purple, Blue, Green, Pink, Clear, White)",https://www.amazon.co.uk/dp/B0GKVBG7SR?th=1,1772150400000,400,英国,Novelty & Gag Toys
1777254362479,亚马逊,B0GJLR2F8R,https://m.media-amazon.com/images/I/515Azs505cL._AC_US200_.jpg,"Gifts for 5 6 7 8 9 Year Old Girls, Diamond Art and Craft Kit for Kids Age 6-10, Birthday Present for 6 7 8 9 10 Years Olds Girls Toys, Bead & Diamond Painting Keyring, Creative Keychain Gift for Girl",https://www.amazon.co.uk/dp/B0GJLR2F8R?th=1,1772150400000,200,英国,Arts & Crafts
1777254362479,亚马逊,B0GCJBPYXR,https://m.media-amazon.com/images/I/51LQUtl5lrL._AC_US200_.jpg,"Gift for 6 7 5 8 9 Years Old Girls, Diamond Painting Arts and Crafts for Kids Age 7 8 9 10 11 12 Years Old Girl Gifts, DIY Butterfly Night Light Craft Birthday Presents Toys for 6-12 Girls Room Decor",https://www.amazon.co.uk/dp/B0GCJBPYXR?th=1,1772150400000,200,英国,Arts & Crafts
1777254362479,亚马逊,B0G4L94F1F,https://m.media-amazon.com/images/I/51z9DlC2NZL._AC_US200_.jpg,"Kids Party Bag Fillers Toy Set, 12 Pcs Mini Cars, Fidget & Maze Toys with Reusable Egg Storage Box, Party Favours, Classroom Rewards for Boys & Girls Age 3-12",https://www.amazon.co.uk/dp/B0G4L94F1F?th=1,1772064000000,200,英国,Party Supplies
1777254362479,亚马逊,B0G6ZL62TX,https://m.media-amazon.com/images/I/41OHpCPZ7QL._AC_US200_.jpg,"Wootoyz Baby Toys for 0 3 6 9 12 Months Rattle Toys with Storage Box,Newborn Toys for 0-12 Months Infant Toys Wrist Socks Set 0-6 Months Baby Teething Sensory Toys for Babies 6-18 Months Newborn Gift",https://www.amazon.co.uk/dp/B0G6ZL62TX?th=1,1772064000000,200,英国,婴儿和幼儿玩具
1777254362479,亚马逊,B0GPW3MFQQ,"https://m.media-amazon.com/images/I/21M+UlPmvIL._AC_SR200,200_.jpg",Cheese Squishy Lovely Unbreakable Cute Cheese Cute Toy Soft Foam Stress Toy for Men Women for Stress Relief Squeeze Ball,https://www.amazon.co.uk/dp/B0GPW3MFQQ?th=1,1772064000000,300,英国,Novelty & Gag Toys
1777254362479,亚马逊,B0GFLH13CW,https://m.media-amazon.com/images/I/41hcbK-211L._AC_US200_.jpg,"4 Pcs Easter Foil Balloons, Bunny and Carrot Balloons, Cute Rabbit Balloon for Easter Party Decorations, Easter Hunt Game, Spring Celebration, Birthday, Photo Props, Home, Garden Classroom Decor",https://www.amazon.co.uk/dp/B0GFLH13CW?th=1,1771977600000,200,英国,Party Supplies
1777254362479,亚马逊,B0FGY172D4,https://m.media-amazon.com/images/I/71wYe+OwlqL._AC_US200_.jpg,"MGA's Miniverse Make It Mini Animals Series 2 - Includes 1 Animal Figure with Accessories, Mini Collectibles, 8 to Collect, For Collectors and Children Ages 8+",https://www.amazon.co.uk/dp/B0FGY172D4?th=1,1771977600000,500,英国,Play Figures
1777254362479,亚马逊,B0DMPPS7JR,https://m.media-amazon.com/images/I/71YZsniyuEL._AC_US200_.jpg,Jaques of London Waddles the Duck Wooden Push Along Toy for Toddlers | Walking Duck Push Toy for 1 Year Old | Classic Wooden Duck Toy | First Birthday Gift for Boys and Girls | Since 1795,https://www.amazon.co.uk/dp/B0DMPPS7JR?th=1,1771977600000,200,英国,婴儿和幼儿玩具
1777254362479,亚马逊,B0FK1GVJFV,https://m.media-amazon.com/images/I/81Ip7-mqYTL._AC_US200_.jpg,"Monster High x Wednesday Doll, Morticia Addams Collectible in Black and Crimson Velvet Dress with Jewelry, Show-Inspired Heels and Doll Stand, JLK99",https://www.amazon.co.uk/dp/B0FK1GVJFV?th=1,1771977600000,500,英国,Dolls & Accessories
1777254362479,亚马逊,B0GJ777PBW,https://m.media-amazon.com/images/I/41AhwOkSCQL._AC_US200_.jpg,TY Praline Rabbit Easter Beanie Bellies 14cm Soft Plush Toy Cuddly Collectible Stuffed Toy Easter Gift for Kids,https://www.amazon.co.uk/dp/B0GJ777PBW?th=1,1771977600000,200,英国,Soft Toys
1777254362479,亚马逊,B0G5Z5JXJM,https://m.media-amazon.com/images/I/51l-0Vt9SCL._AC_US200_.jpg,Nuby Fun Watering Can Baby Bath Toy - Easy Hold Handle | Outdoor Play | Suitable from 6 Months (Pink),https://www.amazon.co.uk/dp/B0G5Z5JXJM?th=1,1771977600000,200,英国,婴儿和幼儿玩具
1777254362479,亚马逊,B0G16JJ5MR,https://m.media-amazon.com/images/I/61e1CKnSJxL._AC_US200_.jpg,"Furby Furblets STAR WARS™ Grogu Collectible Electronic Plush Toy, Officially Licensed",https://www.amazon.co.uk/dp/B0G16JJ5MR?th=1,1771891200000,200,英国,Electronic Toys
1777254362479,亚马逊,B0GJ6XMQ9F,https://m.media-amazon.com/images/I/31wtHOXDMgL._AC_US200_.jpg,TY Sprout Rabbit Easter Beanie Bellies 14cm Soft Plush Toy Cuddly Collectible Stuffed Toy Easter Gift for Kids,https://www.amazon.co.uk/dp/B0GJ6XMQ9F?th=1,1771891200000,200,英国,Soft Toys
1777254362479,亚马逊,B0DM9SVDJS,https://m.media-amazon.com/images/I/51CFeAqex-L._AC_US200_.jpg,Jaques of London Dinosaur Dominoes | Wooden Dominoes for Children | Dinosaur Game for Kids | Classic Matching Game for 1 Year Old and Above | Children's Games | Since 1795,https://www.amazon.co.uk/dp/B0DM9SVDJS?th=1,1771891200000,200,英国,Games & Accessories
1777254362479,亚马逊,B0GM2SMHH6,https://m.media-amazon.com/images/I/71p3BI2hhYL._AC_US200_.jpg,"Cryptic Killers Peaky Blinders Unsolved Murder Mystery Game - Cold Case Files Investigation Detective Evidence & Crime File - Individuals, Date Nights & Party Games",https://www.amazon.co.uk/dp/B0GM2SMHH6?th=1,1771891200000,500,英国,Games & Accessories
1777254362479,亚马逊,B0GM1DL3RQ,https://m.media-amazon.com/images/I/715zrAA1rNL._AC_US200_.jpg,"K-Pop Demon Hunters Assorted 500pcs Sticker Book, Official Licensed Sticker Collection, Decorative Stickers for Journals, Laptops and Fans",https://www.amazon.co.uk/dp/B0GM1DL3RQ?th=1,1771804800000,400,英国,爱好
1777254362479,亚马逊,B0GP4M9R6R,https://m.media-amazon.com/images/I/41yhw1s-MiL._AC_US200_.jpg,LEGO Cute Easter Bunny Polybag/Paperbag 30716,https://www.amazon.co.uk/dp/B0GP4M9R6R?th=1,1771804800000,400,英国,Building & Construction Toys
1777254362479,亚马逊,B0G3CSF9TF,https://m.media-amazon.com/images/I/91v1CF1K0nL._AC_US200_.jpg,"Pokémon TCG: Mega Evolution—Ascended Heroes Premium Poster Collection—Mega Gardevoir (1 Foil Promo Card, 1 Double-Sided Poster & 10 Booster Packs)",https://www.amazon.co.uk/dp/B0G3CSF9TF?th=1,1771632000000,2000,英国,Games & Accessories
1777254362479,亚马逊,B0D4F8CC8Q,https://m.media-amazon.com/images/I/31PTW0OTzPL._AC_US200_.jpg,Squishmallows Original 12-Inch Tulip the Purple Chick in Egg - Official Jazwares Plush (Amazon Exclusive),https://www.amazon.co.uk/dp/B0D4F8CC8Q?th=1,1771632000000,200,英国,Dolls & Accessories
1777254362479,亚马逊,B0GP9F3LP9,https://m.media-amazon.com/images/I/61Ml9qZqgvL._AC_US200_.jpg,Premium Mystery Card Bundle – 50 Genuine Trading Cards with 10 Holo Cards + 1 Guaranteed Special Rare – No Duplicates – Collectible Pack,https://www.amazon.co.uk/dp/B0GP9F3LP9?th=1,1771632000000,400,英国,Games & Accessories
1777254362479,亚马逊,B01N9RQMLL,https://m.media-amazon.com/images/I/41rMslRxdoL._AC_US200_.jpg,LEGO Icons Project Hail Mary - Miniature Spaceship Model Kit for Adults - Display Set w/Ryland Grace Minifigure & Rocky Figure - Sci-Fi Gift for Movie & Book Fans - 11389,https://www.amazon.co.uk/dp/B01N9RQMLL?th=1,1771632000000,800,英国,Hobbies
1777254362479,亚马逊,B082MJ88PC,https://m.media-amazon.com/images/I/51rnMZlpJDL._AC_US200_.jpg,Jaques of London Hook the Frog | Magnetic Fishing Game for Kids | Frog Game with Number Cards | Hand Eye Coordination Game for 2 Year Olds and Above | Frog Toy | Since 1795,https://www.amazon.co.uk/dp/B082MJ88PC?th=1,1771632000000,300,英国,Learning & Education
1777254362479,亚马逊,B0GG8WPMJR,https://m.media-amazon.com/images/I/51rmqWlsLUL._AC_US200_.jpg,"Montessori Wooden Toys for 1-2 Year Olds: Toddler Toys Gifts for 1-3 Year Old Girls 1st Birthday Baby Presents for Boys, Educational Preschool Puzzles for Kids Colour Sorting Sensory Toy 12-18 Months",https://www.amazon.co.uk/dp/B0GG8WPMJR?th=1,1771632000000,300,英国,Jigsaws & Puzzles
1777254362479,亚马逊,B0GP8X6BT9,https://m.media-amazon.com/images/I/71RCdmh2YvL._AC_US200_.jpg,"Easter Bonnet Decoration Kit - 16 Pieces Bonet Accessories Includes Bunny, Chick, Carrot & Spring Decoration Set for Kids - DIY Easter Hat Decorating Kit for Parades, Arts & Crafts - Gift for Kids",https://www.amazon.co.uk/dp/B0GP8X6BT9?th=1,1771545600000,200,英国,Arts & Crafts
1777254362479,亚马逊,B0GP1QMYNN,https://m.media-amazon.com/images/I/817k-mSGqkL._AC_US200_.jpg,"Peppa Pig Brian the Guinea Pig, Soft Toy, Sound Effects",https://www.amazon.co.uk/dp/B0GP1QMYNN?th=1,1771545600000,400,英国,Soft Toys
1777254362479,亚马逊,B0GP1TQD4T,https://m.media-amazon.com/images/I/81xr-zyC--L._AC_US200_.jpg,evelay Large Bingo Dabbers Pack of 6 | Mixed Colour Felt Tip Markers 40ml | Ticket Dobbers in Display Box | Smooth Clean Marking Pens for Bingo Games,https://www.amazon.co.uk/dp/B0GP1TQD4T?th=1,1771545600000,200,英国,Games & Accessories
1777254362479,亚马逊,B0GP1N5V7G,https://m.media-amazon.com/images/I/51GptVs9pFL._AC_US200_.jpg,Grow A Garden - Mystery Collectible Plush - Blind Box Assortment - Series 1 - Pet Collection - Cozy Cute Stuffed Animal Toys - Includes DLC Code Redeemable on Roblox - Officially Licensed by PhatMojo,https://www.amazon.co.uk/dp/B0GP1N5V7G?th=1,1771545600000,200,英国,Soft Toys
1777254362479,亚马逊,B0FGDQ61HK,https://m.media-amazon.com/images/I/61-vwgo9ZZL._AC_US200_.jpg,"Giant Glitter Dumpling, Purple Giant Squishy Dumpling Stress Cute Steamer Bun Design Stress & Anxiety Relief Squishy Dumplings for Adults home (F)",https://www.amazon.co.uk/dp/B0FGDQ61HK?th=1,1771545600000,300,英国,Novelty & Gag Toys
1777254362479,亚马逊,B0GDXFJ8XZ,https://m.media-amazon.com/images/I/514WV2yIAdL._AC_US200_.jpg,"Dislocati Girls Toys Age 3-12, Karaoke Machine 2 Microphones with Adjustable Stand Birthday Gifts for Girls Microphone for Kids Toys Age 3 4 5 6 7 8 9 10 Year Old Girl Gifts",https://www.amazon.co.uk/dp/B0GDXFJ8XZ?th=1,1771545600000,400,英国,Electronic Toys
1777254362479,亚马逊,B0FCYSDBVS,https://m.media-amazon.com/images/I/51tbi+dcNYL._AC_US200_.jpg,"Beyblade X Calibur Samurai 6-70M BX & Obsidian Shell 3-85S BX Takara Tomy Dual Pack Set with 2 Right-Spinning Tops, Battling Tops Game Toys, Ages 8+",https://www.amazon.co.uk/dp/B0FCYSDBVS?th=1,1771459200000,200,英国,Games & Accessories
1777254362479,亚马逊,B0GP6ZY64K,https://m.media-amazon.com/images/I/410tqfnyWBL._AC_US200_.jpg,"PMS Chocolate Easter Egg Plushie, Huggable Easter Treat, Soft Toy with Embroidered Face",https://www.amazon.co.uk/dp/B0GP6ZY64K?th=1,1771459200000,300,英国,Soft Toys
1777254362479,亚马逊,B0GKPQ44XY,https://m.media-amazon.com/images/I/51IomZ9VfkL._AC_US200_.jpg,Pokemon Card Mega Assorted Card Bundle Pack | 20 English Pokemon Cards with 1 Special Card | Mega Evolutions & Rare Cards | Perfect for Pokémon TCG | Pokémon Booster | That Mouse Fashion,https://www.amazon.co.uk/dp/B0GKPQ44XY?th=1,1771372800000,200,英国,Games & Accessories
1777254362479,亚马逊,B0GL85P3HN,https://m.media-amazon.com/images/I/419r9mTozOL._AC_US200_.jpg,"Cartoon Birthday Cake Toppers,Cartoon Party Decorations - cake topper cupcake toppers, Birthday Party Decorations",https://www.amazon.co.uk/dp/B0GL85P3HN?th=1,1771372800000,300,英国,Party Supplies
1777254362479,亚马逊,B0GL43PZSS,https://m.media-amazon.com/images/I/61yRRhXSs5L._AC_US200_.jpg,"26CM Singing Doll with 5D Eyes, Fashion Character Doll For Doll Fans, Birthday Gifts",https://www.amazon.co.uk/dp/B0GL43PZSS?th=1,1771372800000,500,英国,Dolls & Accessories
1777254362479,亚马逊,B09M9KBW6Y,https://m.media-amazon.com/images/I/31qceGLrXEL._AC_US200_.jpg,Squishmallows Original 7.5-Inch Mak the Lavender Cat - Official Jazwares Plush,https://www.amazon.co.uk/dp/B09M9KBW6Y?th=1,1771372800000,200,英国,Dolls & Accessories
1777254362479,亚马逊,B0GLZQGY5F,https://m.media-amazon.com/images/I/6180ptThTeL._AC_US200_.jpg,Topps UCC Match Attax Extra 2026 - Mega Tin - Blitzballers - contains 48 cards including 3 Blitzballers LE cards.,https://www.amazon.co.uk/dp/B0GLZQGY5F?th=1,1771286400000,400,英国,Games & Accessories
1777254362479,亚马逊,B0G6TJHQB3,https://m.media-amazon.com/images/I/51aKThHAJDL._AC_US200_.jpg,"24 Pack Pre Filled Easter Eggs For Kids with Bunny Carrot Jewelry & Hair Clips for Girls Easter Basket Stuffers Egg Hunt Kit, Party Favors Classroom Prize Filler Gifts for Kids Treasure Box Age3+",https://www.amazon.co.uk/dp/B0G6TJHQB3?th=1,1771200000000,200,英国,Party Supplies
1777254362479,亚马逊,B0G1T2MKR4,https://m.media-amazon.com/images/I/71Rj+1hgQEL._AC_US200_.jpg,"GSrenyu 6 Pcs Easter Bunny Ears Headband Plush Rabbit Ears Headbands With Glitter For Women Girls, Cosplay Costume Fancy Dress Up Hair Accessories For Party Favor Decoration",https://www.amazon.co.uk/dp/B0G1T2MKR4?th=1,1771113600000,200,英国,Dress Up & Pretend Play
1777254362479,亚马逊,B0GLZ3L2GB,https://m.media-amazon.com/images/I/61Wjz6G-ThL._AC_US200_.jpg,Topps UCC Match Attax Extra 2026 - Mega Tin - Goliaths - contains 48 cards including 3 Goliaths LE cards.,https://www.amazon.co.uk/dp/B0GLZ3L2GB?th=1,1771113600000,300,英国,Games & Accessories
1777254362479,亚马逊,B0GKQTF3Q2,https://m.media-amazon.com/images/I/418gSmZrVnL._AC_US200_.jpg,Gump Surface Gel-Filled Stress Ball | Ultra-Squishy Fidget Toy for Stress Relief & Focus | Anxiety Ball for Adults & Teens | Sensory Squeeze Toy | Dew,https://www.amazon.co.uk/dp/B0GKQTF3Q2?th=1,1771113600000,400,英国,Novelty & Gag Toys
1777254362479,亚马逊,B0G36DYL88,https://m.media-amazon.com/images/I/41TYe0+u6eL._AC_US200_.jpg,Funko POP! Animation: Netflix - KPOP Demon Hunters - Zoey - Collectable Vinyl Figure - Gift Idea - Official Merchandise - Toys For Kids & Adults - Model Figure for Collectors and Display,https://www.amazon.co.uk/dp/B0G36DYL88?th=1,1771113600000,400,英国,爱好
1777254362479,亚马逊,B0GKQQ1YJK,https://m.media-amazon.com/images/I/81Nv4+kDfSL._AC_US200_.jpg,Gump Surface Gel-Filled Stress Ball | Ultra-Squishy Fidget Toy for Stress Relief & Focus | Anxiety Ball for Adults & Teens | Sensory Squeeze Toy | Mist,https://www.amazon.co.uk/dp/B0GKQQ1YJK?th=1,1771113600000,400,英国,Novelty & Gag Toys
1777254362479,亚马逊,B0G369FC5R,https://m.media-amazon.com/images/I/61MRZfI5f4L._AC_US200_.jpg,Funko POP! Animation: Netflix - KPOP Demon Hunters - Mira - Collectable Vinyl Figure - Gift Idea - Official Merchandise - Toys For Kids & Adults - Model Figure for Collectors and Display,https://www.amazon.co.uk/dp/B0G369FC5R?th=1,1771113600000,300,英国,爱好
1777254362479,亚马逊,B0G36CJG5Y,https://m.media-amazon.com/images/I/61WNb-Ut4nL._AC_US200_.jpg,Funko POP! Animation: Netflix - KPOP Demon Hunters - Rumi - 1 in 6 chance of receiving the rare Chase variant (Glow in the Dark) - Styles Vary - Collectable Vinyl Figure - Gift Idea,https://www.amazon.co.uk/dp/B0G36CJG5Y?th=1,1771113600000,300,英国,爱好
1777254362479,亚马逊,B0GMYXD4HQ,https://m.media-amazon.com/images/I/71mjW25h6NL._AC_US200_.jpg,LEGO DC Batman: Bruce Wayne and the Batsuit (30726) Paper Bag/Polybag,https://www.amazon.co.uk/dp/B0GMYXD4HQ?th=1,1771027200000,500,英国,Building & Construction Toys
1777254362479,亚马逊,B0GHTNGD84,https://m.media-amazon.com/images/I/51Yjoh3gQ+L._AC_US200_.jpg,"Liquid Silicone BIG Squishy Making Kit, 480ml All-in-one Beginner Kit for Squishy Maker,Glow in the Dark Squishy Toys with 9 Molds,Sensory Fidget Toys,Gift for Kids Ages 6-12",https://www.amazon.co.uk/dp/B0GHTNGD84?th=1,1771027200000,200,英国,Novelty & Gag Toys
1777254362479,亚马逊,B0GKXZLM52,https://m.media-amazon.com/images/I/61CKm1TY-DL._AC_US200_.jpg,"30 x 72 Inch Easter Colouring Tablecloth for Kids,Easter Arts and Crafts for Kids,Eggs Painting Kit for Teaching Activities,Gifts, Decorations",https://www.amazon.co.uk/dp/B0GKXZLM52?th=1,1771027200000,200,英国,艺术与工艺
1777254362479,亚马逊,B0G5S61BHK,https://m.media-amazon.com/images/I/81nGH9w+H3L._AC_US200_.jpg,Pokémon TCG: Mega Charizard Tin - Mega Charizard X ex (4 boosters & 1 foil promo card),https://www.amazon.co.uk/dp/B0G5S61BHK?th=1,1770940800000,1000,英国,Games & Accessories
1777254362479,亚马逊,B0GKQSWLMS,https://m.media-amazon.com/images/I/414+-IFMMvL._AC_US200_.jpg,Gump Surface Gel-Filled Stress Ball | Ultra-Squishy Fidget Toy for Stress Relief & Focus | Anxiety Ball for Adults & Teens | Sensory Squeeze Toy | Moon,https://www.amazon.co.uk/dp/B0GKQSWLMS?th=1,1770940800000,300,英国,Novelty & Gag Toys
1777254362479,亚马逊,B0GGNMMCS1,https://m.media-amazon.com/images/I/51rqpYJ4qvL._AC_US200_.jpg,Wooden Shape Peg Puzzles for Toddlers 1 2 3 Year Old Boys Girls Gifts: Shape Sorter & Color Match Baby Puzzles 12-18-24 Months - Montessori Toys for 1 2 3 Year Old Toddler Learning Activities,https://www.amazon.co.uk/dp/B0GGNMMCS1?th=1,1770854400000,200,英国,Jigsaws & Puzzles
1777254362479,亚马逊,B0GCYP78CG,https://m.media-amazon.com/images/I/517RiTQEfIL._AC_US200_.jpg,Easter Gifts for Kids - 76cm Easter Decorations Kids Dart Board Set with 12 Sticky Balls Indoor & Outdoor Party Games Toys Gifts for 3 4 5 6 7 8 9 10 11 12+ Year Old Boys Girls and Adult Easter Bunny,https://www.amazon.co.uk/dp/B0GCYP78CG?th=1,1770854400000,200,英国,Sports Toys & Outdoor
1777254362479,亚马逊,B0G6FMMH5N,https://m.media-amazon.com/images/I/71tVRqsXCiL._AC_US200_.jpg,"Henbrandt 1 x Multicolour Magic Growing Crystal Tree Science Experiment Kit - Educational STEM Toy for Kids, Rainbow Colour Crystals, Easy Assembly, 10cm Height",https://www.amazon.co.uk/dp/B0G6FMMH5N?th=1,1770768000000,200,英国,Learning & Education
1777254362479,亚马逊,B0GHWDJC6H,https://m.media-amazon.com/images/I/51xY9jD+YSL._AC_US200_.jpg,Easter Stickers for Kids 16 Sheets Bunny and Egg Stickers for Easter Crafts Classroom Activities Scrapbooking Easter Basket Fillers Party Bag Fillers,https://www.amazon.co.uk/dp/B0GHWDJC6H?th=1,1770768000000,300,英国,Arts & Crafts
1777254362479,亚马逊,B0GLZ8TR29,https://m.media-amazon.com/images/I/61edbgiG+HL._AC_US200_.jpg,Topps UCC Match Attax Extra 2026 - Mega Multipack - contains 48 cards plus 3 random Electrix LE cards and a random Facsimile Pro-View Signature Style card.,https://www.amazon.co.uk/dp/B0GLZ8TR29?th=1,1770768000000,600,英国,Games & Accessories
1777254362479,亚马逊,B0GKFQR2HG,https://m.media-amazon.com/images/I/41cYEeEUc4L._AC_US200_.jpg,"Kouamor Easter Stuffing Pocket Hug Plush Bunny Toys, Stuffed Animad Rabbit Doll, Easter Bunny In A Box, Cute Mini Rabbit Pocket Hug Gifts, Lovely Sleeping Bunny Plush Toy for Children Friend (white)",https://www.amazon.co.uk/dp/B0GKFQR2HG?th=1,1770681600000,200,英国,Soft Toys
1777254362479,亚马逊,B0GM7KBQN7,https://m.media-amazon.com/images/I/51Em2EFpI7L._AC_US200_.jpg,"3D - 216 Challenge Puzzle Games, Small Logic Mind Puzzle Box Toy Removing Assembling Creatively Stacking, Educational Teaching Aid, Anti Stress Pastime Gift Idea",https://www.amazon.co.uk/dp/B0GM7KBQN7?th=1,1770681600000,200,英国,Jigsaws & Puzzles
1777254362479,亚马逊,B0GDX93WMQ,https://m.media-amazon.com/images/I/51c8oOAQ7xL._AC_US200_.jpg,"Wootoyz Walkie Talkies, Video Walkie Talkies for Kids Toy Age 3 4 5 Year Old Girl Gifts for 5 6 7 8 Year Olds Girl Boys Toys Age 3-12 Sensory Toys for Autism Girls Birthday Presents Pink Purple",https://www.amazon.co.uk/dp/B0GDX93WMQ?th=1,1770681600000,300,英国,Electronic Toys
1777254362479,亚马逊,B0FHJBF5G4,https://m.media-amazon.com/images/I/410rnINl80L._AC_US200_.jpg,"Blow Pop Series - Soft Collectable Plush Characters, 3 to Collect Including Cherry, Watermelon and Blue Razz, For All Ages",https://www.amazon.co.uk/dp/B0FHJBF5G4?th=1,1770681600000,300,英国,Dolls & Accessories
1777254362479,亚马逊,B0GLPYBBN4,https://m.media-amazon.com/images/I/51b0YJ8eurL._AC_US200_.jpg,Personalised Banners for Event Banners and Signs Personalised Flag Customised Banner Personalised PVC Vinyl Banner Perfect for Indoor Outdoor Use,https://www.amazon.co.uk/dp/B0GLPYBBN4?th=1,1770681600000,200,英国,Party Supplies
1777254362479,亚马逊,B0GD116D6B,https://m.media-amazon.com/images/I/51PoEIn1thL._AC_US200_.jpg,"Easter Gifts for Kids, Diamond Art Kits, Girls Birthday Presents, Arts and Crafts for Kids, Gifts for 6 7 8 9 10 Year Old Girls, 12 Pcs Diamond Art Painting Kits, Easter Crafts for Kids",https://www.amazon.co.uk/dp/B0GD116D6B?th=1,1770681600000,300,英国,Arts & Crafts
1777254362479,亚马逊,B0FCYVGG58,https://m.media-amazon.com/images/I/714ExLwC-aL._AC_US200_.jpg,"Beyblade X Rudder Phoenix 4-70LF UX Starter Pack Set with Takara Tomy Attack Type Top and Launcher, Battling Tops Game Toys, Ages 8+",https://www.amazon.co.uk/dp/B0FCYVGG58?th=1,1770595200000,500,英国,Games & Accessories
1777254362479,亚马逊,B0GDY3XDY5,https://m.media-amazon.com/images/I/51GdKIV1NaL._AC_US200_.jpg,Kids Bath Toys for 1 2 3 Year Old: Fun Duck Blue Toys for 2 3 4 Year Old Boy - Popular Gifts for Boys Age 1-3 - Bathtub Toys for Baby Boys 12+ Months,https://www.amazon.co.uk/dp/B0GDY3XDY5?th=1,1770595200000,500,英国,婴儿和幼儿玩具
1777254362479,亚马逊,B0GLQVJCX9,https://m.media-amazon.com/images/I/41C3IQ61aYL._AC_US200_.jpg,"Kpop Demon Hunters Personalised Birthday Banner for Kids – Custom Name and age Party Decoration, Large 4.5ft x 1.3ft (140cm x 40cm), Theme Party Backdrop for Boys and Girls",https://www.amazon.co.uk/dp/B0GLQVJCX9?th=1,1770422400000,200,英国,Party Supplies
1777254362479,亚马逊,B0G8Z3CMWY,https://m.media-amazon.com/images/I/41OTcGxA3vL._AC_US200_.jpg,"4 Pcs Dumpling Squishy Toys, Taba Squishy for Easter Gifts, Fufu Squishy Fidget Toys for Kids & Adults Anxiety Stress Relief, Novelty Easter Presents for Decompression",https://www.amazon.co.uk/dp/B0G8Z3CMWY?th=1,1770422400000,300,英国,Novelty & Gag Toys
1777254362479,亚马逊,B0GLGJQ9Q5,https://m.media-amazon.com/images/I/71UUG5Uq3YL._AC_US200_.jpg,"Peppa Pig Talking George, Plush Toy With Speech & Sound Effects, Pre-School Soft Toy",https://www.amazon.co.uk/dp/B0GLGJQ9Q5?th=1,1770336000000,200,英国,Soft Toys
1777254362479,亚马逊,B0GK2QQ93N,https://m.media-amazon.com/images/I/91ufEUJZoiL._AC_US200_.jpg,Ravensburger Disney Lorcana Trading Card Game for Adults and Kids 8 Years Up - Set 11: Winterspell - Collectable TCG,https://www.amazon.co.uk/dp/B0GK2QQ93N?th=1,1770249600000,200,英国,Games & Accessories
1777254362479,亚马逊,B0FJ9KMJRN,https://m.media-amazon.com/images/I/417FGDEinEL._AC_US200_.jpg,Speks Gump Stress Balls | Ultra Soft Squishy Fidget Toy for Adults & Teens | Stress Relief & Desk Toy | Cool,https://www.amazon.co.uk/dp/B0FJ9KMJRN?th=1,1770249600000,200,英国,Novelty & Gag Toys
1777254362479,亚马逊,B0GJ3BP42H,https://m.media-amazon.com/images/I/51V6NBWKGWL._AC_US200_.jpg,XIMISHOP 50Pcs 3D Printed Mini Animals，Cute Flexible Movable Joint 3D Printed Animal Fidget Toy for Home Office Desk Decoration Kids Party Favors Toys,https://www.amazon.co.uk/dp/B0GJ3BP42H?th=1,1770163200000,200,英国,Play Figures
1777254362479,亚马逊,B0GKQ3L618,https://m.media-amazon.com/images/I/31x1KMOuQZL._AC_US200_.jpg,Speks Mini Gump Loop Gel-Filled Stress Balls | Ultra Soft Squishy Fidget Toy for Adults & Teens | Stress Relief & Desk Toy,https://www.amazon.co.uk/dp/B0GKQ3L618?th=1,1770163200000,300,英国,Novelty & Gag Toys
1777254362479,亚马逊,B0GHL3J8ST,https://m.media-amazon.com/images/I/414PFFwF20L._AC_US200_.jpg,"Easter Mochi Squishy Toys, 24Pcs Stress Relief Squishies for Kids Boys Girls Toddlers, Easter Basket Stuffers Egg Fillers",https://www.amazon.co.uk/dp/B0GHL3J8ST?th=1,1770076800000,500,英国,Novelty & Gag Toys
1777254362479,亚马逊,B0GFGJ265M,https://m.media-amazon.com/images/I/41awRGeYCbL._AC_US200_.jpg,Talking Tables 24 x Rainbow Birthday Candles for Cake Decorations Birthday Party Celebrations with Bright Rainbow Multicolour Wax Design for Fun Gatherings Cake Topper Candles Eco Packaging 6cm,https://www.amazon.co.uk/dp/B0GFGJ265M?th=1,1769990400000,300,英国,Party Supplies
1777254362479,亚马逊,B0GDXLQ76X,https://m.media-amazon.com/images/I/51fUz66pmpL._AC_US200_.jpg,"Wootoyz Video Walkie Talkies for Kids, Toys for 4 5 6 Year Old Boy Girl Gift for 3-12 Year Olds Boys Toys Age 4-9 Walkie Talkie Outdoor Toy Sensory Birthday Gifts Boys Toddler Blue Green",https://www.amazon.co.uk/dp/B0GDXLQ76X?th=1,1769990400000,200,英国,Electronic Toys
1777254362479,亚马逊,B0GKQBRYXW,https://m.media-amazon.com/images/I/41SbB5S5JyL._AC_US200_.jpg,Gump Surface Gel-Filled Stress Ball | Ultra-Squishy Fidget Toy for Stress Relief & Focus | Anxiety Ball for Adults & Teens | Sensory Squeeze Toy | Warm Mix 2 Pack,https://www.amazon.co.uk/dp/B0GKQBRYXW?th=1,1769990400000,600,英国,Novelty & Gag Toys
1777254362479,亚马逊,B0GDXNXJ6H,https://m.media-amazon.com/images/I/51bsOCdDygL._AC_US200_.jpg,"Wootoyz Boy Toys for 3-10 Year Old Girl, Video Walkie Talkies for Kids Outdoor Toy Age 4-12 Year Old Boy Girl Gift for 4 5 6 7 Year Old Boy Gift Age 5 6 7 8 Boy Camping Accessories Sensory Toys",https://www.amazon.co.uk/dp/B0GDXNXJ6H?th=1,1769904000000,200,英国,Electronic Toys
1777254362479,亚马逊,B0CRXCSLTX,https://m.media-amazon.com/images/I/41NCf6Y-3yL._AC_US200_.jpg,"Pushpeel Sensory Activity Board: Silicone Fidget Toy for Calming, Stress, Anxiety, ADHD & Autism | Silent, No Mess | Kids 3+ & Adults | Includes Portable Travel Bag & 11 Strings - Easter Gift (Spruce)",https://www.amazon.co.uk/dp/B0CRXCSLTX?th=1,1769904000000,300,英国,Novelty & Gag Toys
1777254362479,亚马逊,B0G5S8VQHV,https://m.media-amazon.com/images/I/81QbGE9b7DL._AC_US200_.jpg,Pokémon TCG: Mega Charizard Tin - Mega Charizard Y ex (4 boosters & 1 foil promo card),https://www.amazon.co.uk/dp/B0G5S8VQHV?th=1,1769817600000,700,英国,Games & Accessories
1777254362479,亚马逊,B0GGXW94N2,"https://m.media-amazon.com/images/I/41WmeAPlakL._AC_SR200,200_.jpg","SIOTMERA Bunny Ears Headband, Fluffy Bendable Rabbit Ears Hairband for Adults, Plush Animal Costume Accessories for Easter, Halloween, Christmas, World Book Day, Cosplay Fancy Dress Party",https://www.amazon.co.uk/dp/B0GGXW94N2?th=1,1769817600000,200,英国,Dress Up & Pretend Play
1777254362479,亚马逊,B0GGX4MC1J,"https://m.media-amazon.com/images/I/31TLh2HvgqL._AC_SR200,200_.jpg","SIOTMERA Bunny Ears Headband, Fluffy Bendable Rabbit Ears Hairband for Adults, Plush Animal Costume Accessories for Easter, Halloween, Christmas, World Book Day, Cosplay Fancy Dress Party",https://www.amazon.co.uk/dp/B0GGX4MC1J?th=1,1769817600000,300,英国,Dress Up & Pretend Play
1777254362479,亚马逊,B0FPXDYG89,https://m.media-amazon.com/images/I/81RxmyJewUL._AC_US200_.jpg,"LEGO | Disney Piglet's Birthday Fun - Building Toy w/Cute Animal Figure, Birthday Cake & Collectible Minifigure - Gift Idea for 9+ Year Old Girls & Fans - 43305",https://www.amazon.co.uk/dp/B0FPXDYG89?th=1,1769817600000,400,英国,Building & Construction Toys
1777254362479,亚马逊,B0GF94MXSQ,https://m.media-amazon.com/images/I/41V1x0ka0IL._AC_US200_.jpg,"Pokémon TCG: Poké Ball Tin Bundle—Poké Ball, Great Ball & Ultra Ball (9 Pokémon TCG Booster Packs & 6 Sticker Sheets)",https://www.amazon.co.uk/dp/B0GF94MXSQ?th=1,1769817600000,1000,英国,Games & Accessories
1777254362479,亚马逊,B0GHFXMBPY,https://m.media-amazon.com/images/I/61e-sZpdqIL._AC_US200_.jpg,"Ultimate 50 Card Bundle - Guaranteed 5 Holos + 1 Ultra Rare Shiny Card (EX, GX, V, VMAX, or Full Art) Plus Trading Shack UK Card, Compatible with Pokemon TCG",https://www.amazon.co.uk/dp/B0GHFXMBPY?th=1,1769817600000,1000,英国,Games & Accessories
1777254362479,亚马逊,B0GKBJSPBS,https://m.media-amazon.com/images/I/61wYE8k0+aL._AC_US200_.jpg,CATAN - On The Road | Strategic Travel Family Card Game | Ages 10+ | 3-4 Players | 15 Minutes Playing Time,https://www.amazon.co.uk/dp/B0GKBJSPBS?th=1,1769731200000,300,英国,Games & Accessories
1777254362479,亚马逊,B0GF1TTGSJ,https://m.media-amazon.com/images/I/41CaYCqIamL._AC_US200_.jpg,"Pokémon TCG: Poké Ball Tin Bundle—Poké Ball, Premier Ball & Repeat Ball (9 Pokémon TCG Booster Packs & 6 Sticker Sheets)",https://www.amazon.co.uk/dp/B0GF1TTGSJ?th=1,1769731200000,1000,英国,Games & Accessories
1777254362479,亚马逊,B08HH4R2TZ,https://m.media-amazon.com/images/I/614O58DH5EL._AC_US200_.jpg,Funko POP! Television: Stranger Things Season 5 - Eleven - Collectable Vinyl Figure - Gift Idea - Official Merchandise - Toys For Kids & Adults - Model Figure for Collectors and Display,https://www.amazon.co.uk/dp/B08HH4R2TZ?th=1,1769731200000,200,英国,爱好
1777254362479,亚马逊,B0G876DLQT,https://m.media-amazon.com/images/I/81X6kVEO4DL._AC_US200_.jpg,Magic: The Gathering Secrets of Strixhaven - Play Booster Box (English Version),https://www.amazon.co.uk/dp/B0G876DLQT?th=1,1769558400000,200,英国,Games & Accessories
1777254362479,亚马逊,B0G866V9ZF,https://m.media-amazon.com/images/I/817+k+TlxQL._AC_US200_.jpg,Magic: The Gathering Secrets of Strixhaven - Bundle (English Version),https://www.amazon.co.uk/dp/B0G866V9ZF?th=1,1769558400000,600,英国,Games & Accessories
1777254362479,亚马逊,B0GK9XK2N4,https://m.media-amazon.com/images/I/51KuiGRGaLL._AC_US200_.jpg,USAopoly | Flip 7 With A Vengeance | Party Card Game | Ages 8+ | 3+ Players | 20+ Minutes Playing Time,https://www.amazon.co.uk/dp/B0GK9XK2N4?th=1,1769558400000,1000,英国,Games & Accessories
1777254362479,亚马逊,B0G86Z17Y8,https://m.media-amazon.com/images/I/71N6j7chRTL._AC_US200_.jpg,Magic: The Gathering Secrets of Strixhaven Commander Deck - Witherbloom Pestilence (English Version),https://www.amazon.co.uk/dp/B0G86Z17Y8?th=1,1769558400000,400,英国,Games & Accessories
1777254362479,亚马逊,B0G874G6HD,https://m.media-amazon.com/images/I/71cKZFmdG2L._AC_US200_.jpg,Magic: The Gathering Secrets of Strixhaven Commander Deck - Quandrix Unlimited (English Version),https://www.amazon.co.uk/dp/B0G874G6HD?th=1,1769558400000,400,英国,Games & Accessories
1777254362479,亚马逊,B0G87JBK84,https://m.media-amazon.com/images/I/71D9zaGkEtL._AC_US200_.jpg,Magic: The Gathering Secrets of Strixhaven Commander Deck - Prismari Artistry (English Version),https://www.amazon.co.uk/dp/B0G87JBK84?th=1,1769558400000,500,英国,Games & Accessories
1777254362479,亚马逊,B0G887STC9,https://m.media-amazon.com/images/I/71UNnlp6awL._AC_US200_.jpg,Magic: The Gathering Secrets of Strixhaven Commander Deck - Lorehold Spirit (English Version),https://www.amazon.co.uk/dp/B0G887STC9?th=1,1769558400000,500,英国,Games & Accessories
1777254362479,亚马逊,B0FPXT4B9J,https://m.media-amazon.com/images/I/81FNzmfpyLL._AC_US200_.jpg,"LEGO Star Wars 75420 SMART Play: Luke's Landspeeder - Compatible Interactive Toy Set incl. SMART Tag and Luke Skywalker Minifigure - Gift Idea for 6+ Year Old Boys, Girls & Adult Fans",https://www.amazon.co.uk/dp/B0FPXT4B9J?th=1,1769472000000,200,英国,Play Figures
1777254362479,亚马逊,B0GFGGH574,https://m.media-amazon.com/images/I/71thipd+DqL._AC_US200_.jpg,"Talking Tables 20 x Rainbow Twisted Birthday Candles for Cake Decorations with Tall Spiral Wax Design for Anniversary Party Cake Topper Candles Eco Packaging, Yellow, Pink, Orange, Blue, Green 15cm",https://www.amazon.co.uk/dp/B0GFGGH574?th=1,1769472000000,200,英国,Party Supplies
1777254362479,亚马逊,B0FPYB5C2J,https://m.media-amazon.com/images/I/81cGT5J4pWL._AC_US200_.jpg,"LEGO Star Wars 75424 SMART Play: AT-ST Attack on Endor - Compatible Interactive Toy Set incl. 2 SMART Tags and Wicket Minifigure - Gift Idea for 8+ Year Old Boys, Girls & Adult Fans",https://www.amazon.co.uk/dp/B0FPYB5C2J?th=1,1769472000000,200,英国,Building & Construction Toys
1777254363437,亚马逊,B0GT98LG59,https://m.media-amazon.com/images/I/41snJIL5rSL._AC_US200_.jpg,"Mini Drone with Camera, 4K HD FPV Drone, Altitude Hold, Gesture Selfie, One key Return/Emergency Stop, 3D Flips, Waypoint Fly, 2 Batteries, Foldable Drones for Kids and Beginners",https://www.amazon.com/dp/B0GT98LG59?th=1,1774828800000,300,美国,遥控
1777254363437,亚马逊,B0GHXSPNP5,https://m.media-amazon.com/images/I/81c4a2hzQRL._AC_US200_.jpg,Quanquer 1000cc Water Guns for Kids Adults - 3 Pack Fast-Fill Super Squirt Blaster Soaker with 32 Feet Shooting Range Pump Action Summer Gift Outdoor Toys for Swimming Pool Beach Water Fighting,https://www.amazon.com/dp/B0GHXSPNP5?th=1,1774828800000,300,美国,体育
1777254363437,亚马逊,B0GH85SS8B,https://m.media-amazon.com/images/I/51EOQ4RghgL._AC_US200_.jpg,"Water Sand Table with Umbrella for Toddler Kids - 3-Tier Summer Toys, Outdoor Backyard Beach Poolside Playset with Stable Design, Sensory Learning Activity Game Gifts for Boys Niños(Sky Blue)",https://www.amazon.com/dp/B0GH85SS8B?th=1,1774828800000,200,美国,运动与户外游戏
1777254363437,亚马逊,B0GSN6MPZZ,https://m.media-amazon.com/images/I/51VV7j07x1L._AC_US200_.jpg,"Sugar Dumpling Squishy, Glitter Squishies Dumpling Mystery Box, Viral Bao Bun Squeeze Toy,Stress Relief Fidget Toys (Pink)",https://www.amazon.com/dp/B0GSN6MPZZ?th=1,1774828800000,1000,美国,Novelty & Gag Toys
1777254363437,亚马逊,B0GS2PHPYJ,https://m.media-amazon.com/images/I/51k+Y-yFnlL._AC_US200_.jpg,18 Set 7 Inch Mini Desk Goose Outfits Headwear Mini Hats Accessories Small Desk Outfits Hat Accessory Costumes for Magnetic Geese Statue Key Holder Table Decor (Bright),https://www.amazon.com/dp/B0GS2PHPYJ?th=1,1774828800000,500,美国,新颖性
1777254363437,亚马逊,B0GSD8GL2H,https://m.media-amazon.com/images/I/5142vAdqdfL._AC_US200_.jpg,"140 Pcs Play Money Kids Set, Number Learning & Counting Toys, Educational Counting Toys for Kids Ages 3+, Develop Early Math Skills,Birthday Party and Holida,Videos Music Party",https://www.amazon.com/dp/B0GSD8GL2H?th=1,1774828800000,300,美国,扮靓
1777254363437,亚马逊,B0GS1DW8CZ,https://m.media-amazon.com/images/I/41AEqF+iMJL._AC_US200_.jpg,"Dumpling Squishy Mystery Box, Stress Relief Fidget for Adults & Teens, Stocking Stuffers Gift, Soft Squeeze Stress Balls (Yellow)",https://www.amazon.com/dp/B0GS1DW8CZ?th=1,1774828800000,400,美国,Novelty & Gag Toys
1777254363437,亚马逊,B0GSZGPFYQ,https://m.media-amazon.com/images/I/41NZPHsLZDL._AC_US200_.jpg,2 Pcs Slow Rising Dumpling Squishy Butter Squeeze Toys Pack Sensory Stress Relief Squishies Soft & Stretchy Fidget Toys for Anxiety Relief Party Favors Dumpling Squishy Butter (2pcs),https://www.amazon.com/dp/B0GSZGPFYQ?th=1,1774828800000,1000,美国,Novelty & Gag Toys
1777254363437,亚马逊,B0GT9P7B9T,https://m.media-amazon.com/images/I/41SgEOcrpXL._AC_US200_.jpg,"Glitter Highland Cow Squishies Fidget Toy, Soft Slow Rising Stress Relief Ball, Cute Sensory Squeeze Toy for Adults & Kids, Anxiety Relief Desk Decor, Easter Basket Stuffer for Cow Lovers (Pink)",https://www.amazon.com/dp/B0GT9P7B9T?th=1,1774828800000,300,美国,Novelty & Gag Toys
1777254363437,亚马逊,B0GTVHVH8M,https://m.media-amazon.com/images/I/41Kuglca-LL._AC_US200_.jpg,"Peanut Squishies Toys,Peanut Squishies Slow Rising Stress Relief Toy,Squeeze Dough Ball Stress Relief HandToys,TabaSquishies for Easter Gifts,Cute Anxiety Relief Toys, for Adults (Yellow-2pcs)",https://www.amazon.com/dp/B0GTVHVH8M?th=1,1774828800000,200,美国,Novelty & Gag Toys
1777254363437,亚马逊,B0GTQ1TVDL,https://m.media-amazon.com/images/I/51yIEr9J0yL._AC_US200_.jpg,"Demon Movie Hunters Birthday Party Supplies, 86pcs Birthday Party decorations Set Included 12 Bracelets, 12 Acrylic Pins, 12 Keychains, 50 Stickers, for Boys and Girls Cartoon Theme Party",https://www.amazon.com/dp/B0GTQ1TVDL?th=1,1774828800000,1000,美国,Party Supplies
1777254363437,亚马逊,B0GTZMYGT5,https://m.media-amazon.com/images/I/41IXq5sbkAL._AC_US200_.jpg,Carrot Squishy Realistic Strawberry Squishy Giant Strawberries Stress Relief Toy Jumbo Slow Rise Fruits Squeezable Toy Ball Dragon Fruit Soft Anxiety Toys Pressure Release Fidget Adults,https://www.amazon.com/dp/B0GTZMYGT5?th=1,1774828800000,200,美国,Novelty & Gag Toys
1777254363437,亚马逊,B0GV3Q8KS9,https://m.media-amazon.com/images/I/41CzcE-h0lL._AC_US200_.jpg,Nee doh Nice Cube - Sensory Toy with a Super Solid Squish Nice Square Shape Anxiety Sensory Squishy Fidget Toy Ice Cube Slow Rise (#004),https://www.amazon.com/dp/B0GV3Q8KS9?th=1,1774828800000,900,美国,Novelty & Gag Toys
1777254363437,亚马逊,B0GSMDJ7T4,https://m.media-amazon.com/images/I/41LoHDQsjAL._AC_US200_.jpg,"2Pcs Lizard Button Keychain,Portable Keyboard Fidget Toys,Specially Designed for Those Facing High Work and Study Stress，Rechargeable Animal Design (with Sound Effects & Colorful Lights)",https://www.amazon.com/dp/B0GSMDJ7T4?th=1,1774828800000,200,美国,Novelty & Gag Toys
1777254363437,亚马逊,B0GTV8DPCK,https://m.media-amazon.com/images/I/41tQLIlHWwL._AC_US200_.jpg,"Coconut Oil Squishy Stress Sugar Balls Non-Rebounding Gel Jelly Crunchy Squish Ball Handmade Moldable Sensory Anxiety Reliever Slow Rising Squishies Improving Focus Fidget Squeeze Toy(3MIX,1.6in)",https://www.amazon.com/dp/B0GTV8DPCK?th=1,1774828800000,200,美国,Novelty & Gag Toys
1777254363437,亚马逊,B0GSVDZ93G,https://m.media-amazon.com/images/I/41p+uuXvwuL._AC_US200_.jpg,"2026 New Big Squishy Dumpling,Dumpling Squishy, Rainbow Dumplings, Cute Anxiety Relief Fidget , Soft Squeeze Decompression Dough for Adults(Purple)",https://www.amazon.com/dp/B0GSVDZ93G?th=1,1774828800000,200,美国,Novelty & Gag Toys
1777254363437,亚马逊,B0GTPXJJ43,https://m.media-amazon.com/images/I/51MhpElQ5CL._AC_US200_.jpg,"Acrylic Puzzles Suncatcher Window Hanging, 83 Pieces 7.4 Inch Sun Catcher Acrylic Puzzles Garden Decoration for Women Men Mom Birthday Gift Home Decor (Vivid Tree)",https://www.amazon.com/dp/B0GTPXJJ43?th=1,1774828800000,300,美国,拼图
1777254363437,亚马逊,B0GTKZ1W1H,https://m.media-amazon.com/images/I/51pqiKp9yTL._AC_US200_.jpg,"Acrylic Puzzles Suncatcher Window Hanging, 83 Pieces 7.4 Inch Sun Catcher Acrylic Puzzles Garden Decoration for Women Men Mom Birthday Gift Home Decor (Emerald Flame Hummingbird)",https://www.amazon.com/dp/B0GTKZ1W1H?th=1,1774828800000,400,美国,拼图
1777254363437,亚马逊,B0GTQS77GL,https://m.media-amazon.com/images/I/41Z8peRhNRL._AC_US200_.jpg,"Ice Cream Squeeze Squishy, Ice Cream Cone Squishy, Slow Rise Sensory Fidget Toy,Easter Basket Stuffers Party Favors Summer Sensory Stress Relief (Sky-Blue)",https://www.amazon.com/dp/B0GTQS77GL?th=1,1774828800000,200,美国,Novelty & Gag Toys
1777254363437,亚马逊,B0GSQ6T3VW,https://m.media-amazon.com/images/I/41YPNL6SM3L._AC_US200_.jpg,"Realistic Banana Squishy – Soft Scented Stress Relief Toy with Slow Rising, It Measures 5.2 inches by 1.4 inches, Fun Sensory Squeeze Toy for Children, Great for Gifts and Party Prizes.",https://www.amazon.com/dp/B0GSQ6T3VW?th=1,1774828800000,800,美国,Novelty & Gag Toys
1777254363437,亚马逊,B0GRV4RT7D,https://m.media-amazon.com/images/I/61+CWgpGLuL._AC_US200_.jpg,"2026 Upgrade Glitter Dumpling SquishyBox,Dumplings Sensory Squeeze Toy for Stress Relief,Anxiety Relief Fidget (Transparent/Red)",https://www.amazon.com/dp/B0GRV4RT7D?th=1,1774828800000,200,美国,Novelty & Gag Toys
1777254363437,亚马逊,B0GT4WRNRD,https://m.media-amazon.com/images/I/41xR-huKLaL._AC_US200_.jpg,"Dream Drop Squishy,Water Drop Fidget Stress Ball,Ice Squishy Stress Moldable Slow Rise Relaxing Sensory Fidget Stress, Squeeze Ball Stress Relief for Anxiety Relief (4#Purple)",https://www.amazon.com/dp/B0GT4WRNRD?th=1,1774742400000,200,美国,Novelty & Gag Toys
1777254363437,亚马逊,B07W7ZGGKK,https://m.media-amazon.com/images/I/516CKEjVN5L._AC_US200_.jpg,"Toys for 3 Year Old Boys - Stem Kids Toys Boys 3-5, Large Race Track, 3 Year Old Boy Gift, Car Toys Rescue Playset for 4 Year Boy Birthday Gift Educational Learning Thinking Motor Skill Montessori Toy",https://www.amazon.com/dp/B07W7ZGGKK?th=1,1774742400000,300,美国,车辆
1777254363437,亚马逊,B0GTQ1CVCZ,https://m.media-amazon.com/images/I/31Ly+-CDx5L._AC_US200_.jpg,"Giant Butter Squishy – Jumbo Squishy Butter Stick, Large & Mini Squeezy Butter Toy, 14oz Stress Relief Slow Rising Fun (1pcs)",https://www.amazon.com/dp/B0GTQ1CVCZ?th=1,1774742400000,200,美国,Novelty & Gag Toys
1777254363437,亚马逊,B0GSY7B78B,https://m.media-amazon.com/images/I/71VanKHkDyL._AC_US200_.jpg,"Cartoon Theme Birthday Party Supplies Decorations, Including Birthday Banner, Tablecloth, Backdrop, Hanging Swirls, Balloons, Cake Toppers for Cool Party",https://www.amazon.com/dp/B0GSY7B78B?th=1,1774742400000,400,美国,派对用品
1777254363437,亚马逊,B0GS12DV2D,https://m.media-amazon.com/images/I/61YvLFwrWuL._AC_US200_.jpg,"Glitter Dumpling, Glitter Dumpling Squishy Box, Dumplings Squishy, Anxiety Relief Fidget, Simulated Steamed Bun Toy ,Office Home Relaxation Soft Stress Ball Bun Squeeze Fidget Toy",https://www.amazon.com/dp/B0GS12DV2D?th=1,1774742400000,400,美国,Novelty & Gag Toys
1777254363437,亚马逊,B0GTTQVJR2,https://m.media-amazon.com/images/I/415CgR5GnuL._AC_US200_.jpg,"Nice Cube for Kids Adults, Fidget Toys Slow Rising Fidget Cube Sensory for Anxiety Stress Relief High Density, Squishies Ice Squeeze Ball, Fidgets for Classroom Prize Toys (1#a)",https://www.amazon.com/dp/B0GTTQVJR2?th=1,1774742400000,2000,美国,Novelty & Gag Toys
1777254363437,亚马逊,B0GT92TSHL,https://m.media-amazon.com/images/I/51vFsfqvKwL._AC_US200_.jpg,"24pcs Make a face Toy Story Stickers,Make Your Own Stickers,Mixed & Matched with 8 Designed Characters(3 of Each) for Party Favors Supplies, Reward, Decor,Gift Idea",https://www.amazon.com/dp/B0GT92TSHL?th=1,1774742400000,400,美国,艺术
1777254363437,亚马逊,B0GSS83G5S,https://m.media-amazon.com/images/I/418hiwIu6tL._AC_US200_.jpg,Dumpling Squishy Mystery Box 2 Pcs - 2026 Upgraded Dumplings Squishes for Adults Teens Squeeze Easter Basket Stuffers & Stocking Stuff Smiling Pink and White,https://www.amazon.com/dp/B0GSS83G5S?th=1,1774742400000,1000,美国,Novelty & Gag Toys
1777254363437,亚马逊,B0GT4CGQKL,https://m.media-amazon.com/images/I/61NhHKDD8tL._AC_US200_.jpg,"Dumpling Squishies, New Mystery Glitter Dumpling Squishies Box, Colorful Dumplings Stress Balls Fidget Sensory Toy, Soft Squeeze Decompression Dough for Anxiety Relief Fidget (A Pink, 1pcs)",https://www.amazon.com/dp/B0GT4CGQKL?th=1,1774742400000,2000,美国,Novelty & Gag Toys
1777254363437,亚马逊,B0GR3V17BD,https://m.media-amazon.com/images/I/41WMR3xPqYL._AC_US200_.jpg,"Mah Jong 2026 Cards Office Revision Standard 4.7 inch * 6 inch Print American Mah Jong Card, 4 PCS",https://www.amazon.com/dp/B0GR3V17BD?th=1,1774742400000,200,美国,游戏
1777254363437,亚马逊,B0GS1BHBFV,https://m.media-amazon.com/images/I/71HT8q5oeUL._AC_US200_.jpg,"Dumpling Squishy Mystery Box, Stress Relief Fidget for Adults & Teens, Stocking Stuffers Gift, Soft Squeeze Stress Balls (Purple)",https://www.amazon.com/dp/B0GS1BHBFV?th=1,1774742400000,900,美国,Novelty & Gag Toys
1777254363437,亚马逊,B0GS92XPW7,https://m.media-amazon.com/images/I/41Y2wMFqQ5L._AC_US200_.jpg,"Dumpling Squishy,Dumpling Squishy Mystery Box， Glitter Sensory Fidget Balls Stress Relief Hand Toy for Adults & Teens, Easter BasketStuffers with Mini Food Steamer Stretchy Desk Toys (Purple)",https://www.amazon.com/dp/B0GS92XPW7?th=1,1774742400000,200,美国,Novelty & Gag Toys
1777254363437,亚马逊,B0GS934LGH,https://m.media-amazon.com/images/I/41RVf0SVvUL._AC_US200_.jpg,"Dumpling Squishy,Dumpling Squishy Mystery Box， Glitter Sensory Fidget Balls Stress Relief Hand Toy for Adults & Teens, Easter BasketStuffers with Mini Food Steamer Stretchy Desk Toys (Blue)",https://www.amazon.com/dp/B0GS934LGH?th=1,1774742400000,400,美国,Novelty & Gag Toys
1777254363437,亚马逊,B0GTVC6XRX,https://m.media-amazon.com/images/I/4155fTlk8OL._AC_US200_.jpg,"Coconut Oil Squishy Stress Sugar Balls Non-Rebounding Gel Jelly Crunchy Squish Ball Handmade Moldable Sensory Anxiety Reliever Slow Rising Squishies Improving Focus Fidget Squeeze Toy(2MIXD,1.6in)",https://www.amazon.com/dp/B0GTVC6XRX?th=1,1774742400000,400,美国,Novelty & Gag Toys
1777254363437,亚马逊,B0GSJQNPQB,https://m.media-amazon.com/images/I/41iJ-p0ZAsL._AC_US200_.jpg,"2 Pack Butter Squishy Toys, Slow Rebound Cute Butter Squeeze Stress Balls, 5.7x1.6 inch Realistic Butter Stick Soft Squeeze Stress Relief Sensory Toys for Adults Gifts",https://www.amazon.com/dp/B0GSJQNPQB?th=1,1774742400000,200,美国,Novelty & Gag Toys
1777254363437,亚马逊,B0GSZC4WZL,https://m.media-amazon.com/images/I/41r152cZM1L._AC_US200_.jpg,"Premium Big Block Cube – 35% Larger Than The Standard Cube, Adults - Sensory Fidget for Stress Relief, Focus & Play – Colorful, Durable, Gift-Ready",https://www.amazon.com/dp/B0GSZC4WZL?th=1,1774742400000,200,美国,Novelty & Gag Toys
1777254363437,亚马逊,B0GRTS7QR9,https://m.media-amazon.com/images/I/51JYpyCJfEL._AC_US200_.jpg,"Glitter Dumpling Squishy Mystery Box Squeeze Toy, Easter Squishy Dumpling Fidget Toys for Adults, Stress Relief Sensory Toy(Gold)",https://www.amazon.com/dp/B0GRTS7QR9?th=1,1774742400000,300,美国,Novelty & Gag Toys
1777254363437,亚马逊,B0GS97BJ8L,https://m.media-amazon.com/images/I/516kXH4a55L._AC_US200_.jpg,"Dumpling Squishy,Dumpling Squishy Mystery Box， Glitter Sensory Fidget Balls Stress Relief Hand Toy for Adults & Teens, Easter BasketStuffers with Mini Food Steamer Stretchy Desk Toys (Gold Style 2)",https://www.amazon.com/dp/B0GS97BJ8L?th=1,1774742400000,400,美国,Novelty & Gag Toys
1777254363437,亚马逊,B0GS4GG6JX,https://m.media-amazon.com/images/I/41uhONtkyBL._AC_US200_.jpg,"Dumpling Squishy Toy, Dumpling Squishy with Steamer, Soft Slow Rebound Squishy Dumpling Toy, Sensory Fidget Stress Ball for Kids & Adults(Purple)",https://www.amazon.com/dp/B0GS4GG6JX?th=1,1774742400000,300,美国,Novelty & Gag Toys
1777254363437,亚马逊,B0GRTZMQV2,https://m.media-amazon.com/images/I/41Kfz+r6pGL._AC_US200_.jpg,"2026 Upgrade Glitter Dumpling SquishyBox,Dumplings Sensory Squeeze Toy for Stress Relief,Anxiety Relief Fidget (Transparent/White)",https://www.amazon.com/dp/B0GRTZMQV2?th=1,1774742400000,300,美国,Novelty & Gag Toys
1777254363437,亚马逊,B0GT5JRSB8,https://m.media-amazon.com/images/I/51CPOvkcLFL._AC_US200_.jpg,"2026 New Dumpling Squishy Mystery Box - Surprise Dumpling Squishy, Rare Dumplings Bun Stress Relief Fidget Set, Random Colors (6 Packs)",https://www.amazon.com/dp/B0GT5JRSB8?th=1,1774656000000,200,美国,Novelty & Gag Toys
1777254363437,亚马逊,B0GTBS89BH,https://m.media-amazon.com/images/I/41DintueYwL._AC_US200_.jpg,"2 Pack Slow Rising Squishy Butter Stick, Slow Rising Squeeze Stress Relief Squishies for Office & Desk Use, Food Fidget Toy for Office School",https://www.amazon.com/dp/B0GTBS89BH?th=1,1774656000000,900,美国,Novelty & Gag Toys
1777254363437,亚马逊,B0GTQ79LQZ,https://m.media-amazon.com/images/I/61AUsBCxmaL._AC_US200_.jpg,"62PCS Astronaut Stickers, Astrophage Fuel Space Theme, for Laptops, Guitars, Notebooks and More",https://www.amazon.com/dp/B0GTQ79LQZ?th=1,1774656000000,300,美国,艺术
1777254363437,亚马逊,B0GSR2ZF9H,https://m.media-amazon.com/images/I/61C4aFtsGIL._AC_US200_.jpg,"Colorful Dumpling Squishy Stress Balls Fidget Toys for Adults & Teens, Mystery Soft Dumpling Squeeze Toy Box, Sensory Stress Relief Squeeze Toys (Pink)",https://www.amazon.com/dp/B0GSR2ZF9H?th=1,1774656000000,500,美国,Novelty & Gag Toys
1777254363437,亚马逊,B0GTZY6BSY,https://m.media-amazon.com/images/I/510R4TMsCEL._AC_US200_.jpg,"Large Mahjong Mat - 32.4x32.4 Inch, 3mm Thick - Minimal Crease Marks, Non-Slip Noise Reduction Gaming Mat for Mahjong/Poker/Board Games/Card Games/Dominoes",https://www.amazon.com/dp/B0GTZY6BSY?th=1,1774656000000,300,美国,游戏和配件
1777254363437,亚马逊,B0GSF5WX33,https://m.media-amazon.com/images/I/41Q31aeX9cL._AC_US200_.jpg,Dumpling Squishy Mystery Dumpling Squishy Stress Balls Fidget Sensory Toy Soft Squeeze Decompression Dough (Blue),https://www.amazon.com/dp/B0GSF5WX33?th=1,1774656000000,500,美国,Novelty & Gag Toys
1777254363437,亚马逊,B0GS1DJ15L,https://m.media-amazon.com/images/I/41gP8Vi41mL._AC_US200_.jpg,"Dumpling Squishy Mystery Box, Stress Relief Fidget for Adults & Teens, Stocking Stuffers Gift, Soft Squeeze Stress Balls (Green)",https://www.amazon.com/dp/B0GS1DJ15L?th=1,1774656000000,500,美国,Novelty & Gag Toys
1777254363437,亚马逊,B0GTZ5QZN4,"https://m.media-amazon.com/images/I/31wJflGK+FL._AC_SR200,200_.jpg","Rainbow Cake Squeeze Squishy Ball,Slow Rise Fidget Squeeze,Relief Squishies Stress Ball Sensory for Anxiety Stress",https://www.amazon.com/dp/B0GTZ5QZN4?th=1,1774656000000,200,美国,Novelty & Gag Toys
1777254363437,亚马逊,B0GS24WLD8,https://m.media-amazon.com/images/I/518gqLznxVL._AC_US200_.jpg,"Glitter Dumpling, Glitter Dumpling Squishy with Box, 6 Color Options Dumplings Squishy Toy for Stress Relief (Blue)",https://www.amazon.com/dp/B0GS24WLD8?th=1,1774656000000,800,美国,Novelty & Gag Toys
1777254363437,亚马逊,B0GS255SQ5,https://m.media-amazon.com/images/I/51JZkgKfIRL._AC_US200_.jpg,"Glitter Dumpling, Glitter Dumpling Squishy with Box, 6 Color Options Dumplings Squishy Toy for Stress Relief (Red)",https://www.amazon.com/dp/B0GS255SQ5?th=1,1774656000000,700,美国,Novelty & Gag Toys
1777254363437,亚马逊,B0GS4WG25C,https://m.media-amazon.com/images/I/41T1a80hLVL._AC_US200_.jpg,"Dumpling Squishy Toy, Dumpling Squishy with Steamer, Soft Slow Rebound Squishy Dumpling Toy, Sensory Fidget Stress Ball for Kids & Adults(Pink)",https://www.amazon.com/dp/B0GS4WG25C?th=1,1774656000000,300,美国,Novelty & Gag Toys
1777254363437,亚马逊,B0GTTSB1MT,https://m.media-amazon.com/images/I/31lKcD1AoiL._AC_US200_.jpg,Carrot Squishy 2026 New Fruit Stress Balls Stress Relief Jumbo Carrot Squishy for Stress Relief Anxiety Sensory Gifts for Adults (Carrot),https://www.amazon.com/dp/B0GTTSB1MT?th=1,1774656000000,200,美国,Novelty & Gag Toys
1777254363437,亚马逊,B0GSB4MNBJ,https://m.media-amazon.com/images/I/41Pkr7vq7cL._AC_US200_.jpg,"2pcs Slow Rebound Cute Butter Squeeze Stress Balls, 2026 New Squeeze Ball Realistic Butter Stick Soft Squeeze Toys,for Anxiety and Stress Relief, for Adults (Yellow)",https://www.amazon.com/dp/B0GSB4MNBJ?th=1,1774656000000,1000,美国,Novelty & Gag Toys
1777254363437,亚马逊,B0GL1GQFV4,https://m.media-amazon.com/images/I/41bqYBuT-vL._AC_US200_.jpg,"Magic Bouncing Ball 6-Light Dual Form – Pop up, Meta Ball Metaball Transforming Design – Flying Saucer Bouncy – Interactive Bouncing Balls for Children Dogs Pets Toys (Blue)",https://www.amazon.com/dp/B0GL1GQFV4?th=1,1774656000000,200,美国,新颖性
1777254363437,亚马逊,B0GSHR5ZDF,https://m.media-amazon.com/images/I/41MrQeYXV5L._AC_US200_.jpg,"Cheese Squishy,Soft Squishy Cheese Block Squeeze Fidget Toy, Mini Stress Relief Sensory Toy - Fidget Novelty Toy and Gift for Kids and Adults",https://www.amazon.com/dp/B0GSHR5ZDF?th=1,1774656000000,600,美国,Novelty & Gag Toys
1777254363437,亚马逊,B0GS993Q8G,https://m.media-amazon.com/images/I/41a3Uo3KQgL._AC_US200_.jpg,"Butter Squishy Toy, Slow Rising Fidget Squishy Butter Stick, Sensory Squeeze Toys for Stress Relief, Party Favors Gift for Adults Kids (2 Pack)",https://www.amazon.com/dp/B0GS993Q8G?th=1,1774569600000,200,美国,Novelty & Gag Toys
1777254363437,亚马逊,B0GT4WVCPZ,https://m.media-amazon.com/images/I/41z+X2geuvL._AC_US200_.jpg,"Nee Doh Dream Drop,Water Drop Fidget Stress Ball,Ice Squishy Stress Moldable Slow Rise Relaxing Sensory Fidget Stress, Squeeze Dough Ball Stress Relief for Anxiety Relief (3#Pink)",https://www.amazon.com/dp/B0GT4WVCPZ?th=1,1774569600000,300,美国,Novelty & Gag Toys
1777254363437,亚马逊,B0GJS35PFC,https://m.media-amazon.com/images/I/41lfmJCaX5L._AC_US200_.jpg,"Mystery Dice Set Bundle with EVA Carry Case – Polyhedral Dice Blind Bag Includes 5 Resin Sets in Tubes + 1 Premium Set – RPG Gift for DND, TCG & Tabletop Games (Bundle with EVA Carry Case)",https://www.amazon.com/dp/B0GJS35PFC?th=1,1774569600000,600,美国,游戏和配件
1777254363437,亚马逊,B0GSPCSXT1,https://m.media-amazon.com/images/I/512CDFibE5L._AC_US200_.jpg,"4 Packs Keyboard Fidget Keychain, Keyboard with Lights Clicker Fidget Stress Relief Keyboard, Fidget Clicker Gifts for Kids Easter Christmas",https://www.amazon.com/dp/B0GSPCSXT1?th=1,1774569600000,300,美国,Novelty & Gag Toys
1777254363437,亚马逊,B0GTWF6NLJ,https://m.media-amazon.com/images/I/41BBNF6L43L._AC_US200_.jpg,"Ice Cream Squeeze Squishy, Summer Sensory Stress Relief，2026 New Relief Fidget Sensory Toy for Anxiety Stress Everyone, Party Favors (Purple)",https://www.amazon.com/dp/B0GTWF6NLJ?th=1,1774569600000,200,美国,Novelty & Gag Toys
1777254363437,亚马逊,B0GSMK92XL,https://m.media-amazon.com/images/I/61WRSxxij4L._AC_US200_.jpg,"Dumpling Squishy – Soft TPR Squeeze Toy, Slow Rising Stress Relief Fidget, Cute Bao Bun Desk Decoration, Soft Handheld Relaxation Toy for Office Home (White)",https://www.amazon.com/dp/B0GSMK92XL?th=1,1774569600000,900,美国,Novelty & Gag Toys
1777254363437,亚马逊,B0GTV3YP2Q,https://m.media-amazon.com/images/I/41eCDaBK6ML._AC_US200_.jpg,"Doh Nice Cube for Kids Adults, Fidget Toys Slow Rising Fidget Cube Sensory for Anxiety Stress Relief High Density, Squishies Ice Squeeze Ball, Fidgets for Classroom Prize Toys (3#c)",https://www.amazon.com/dp/B0GTV3YP2Q?th=1,1774569600000,1000,美国,Novelty & Gag Toys
1777254363437,亚马逊,B0GTFK75MH,https://m.media-amazon.com/images/I/717LXa8higL._AC_US200_.jpg,"2026 New 4pcs Squishy Dumpling,Dumpling Squishy, Rainbow Dumplings, Cute Anxiety Relief Fidget , Soft Squeeze Decompression Dough for Adults",https://www.amazon.com/dp/B0GTFK75MH?th=1,1774569600000,500,美国,Novelty & Gag Toys
1777254363437,亚马逊,B0G8DW6Y4S,https://m.media-amazon.com/images/I/51r9G5td2XL._AC_US200_.jpg,"K'ONLE Reusable Water Coloring Books for Toddlers, Clean & Easy Painting & Doodle Book Toys for Kids Ages 1-3, 2-4 | Paint with Water Activity Book, Travel Gift for Boys & Girls-Mermaid",https://www.amazon.com/dp/B0G8DW6Y4S?th=1,1774569600000,200,美国,艺术
1777254363437,亚马逊,B0GSW1WFPW,https://m.media-amazon.com/images/I/31HSyNbmeNL._AC_US200_.jpg,"Dumpling Squishes Stress Balls with Steamer, Cute Anxiety Relief Toy, Soft Squeeze Decompression Dough for Adults, Simulation Food Squishies Bun (Purple)",https://www.amazon.com/dp/B0GSW1WFPW?th=1,1774569600000,1000,美国,Novelty & Gag Toys
1777254363437,亚马逊,B0GSDTJG6N,https://m.media-amazon.com/images/I/61V+yfZZKfL._AC_US200_.jpg,"Glitter Dumpling Squishy, 2026 New Squishy Dumpling Mystery Box Glitter Bao Bun Squeeze Toy for Stress Relief (Gold)",https://www.amazon.com/dp/B0GSDTJG6N?th=1,1774569600000,200,美国,Novelty & Gag Toys
1777254363437,亚马逊,B0GRQGSF4D,https://m.media-amazon.com/images/I/4198qnWDDfL._AC_US200_.jpg,"Dumpling Squishy, Dumpling Squishy Mystery Box, Cute Big Squishy Dumpling Stress Ball Fidget Sensory Toy for Adults Anxiety Relief, Novelty Squeeze Ball for Office Desk (Peach Red)",https://www.amazon.com/dp/B0GRQGSF4D?th=1,1774569600000,500,美国,新颖性
1777254363437,亚马逊,B0GHRZRJYF,https://m.media-amazon.com/images/I/51HNtMI9rcL._AC_US200_.jpg,2 Pack Bunny Cloud Slime Kit for Girls Boys - Scented Fluffy Cloud Slime with Cute Bunny Charms - Non-Sticky Sensory Fidget Toys for Stress Relief & ASMR - DIY Slime Gift for Kids,https://www.amazon.com/dp/B0GHRZRJYF?th=1,1774569600000,200,美国,新颖性
1777254363437,亚马逊,B0GS25GV4C,https://m.media-amazon.com/images/I/41zEJbtjxJL._AC_US200_.jpg,"2Pcs Butter Stress Toy,Slow Rebound Cute Butter Squeeze Stress Balls,Slow Rising Dumpling Squishy Butter Squeeze Toy Sensory Stress Relief,Slow Rising Fidget Toys for Relaxation,Office Desk Decor",https://www.amazon.com/dp/B0GS25GV4C?th=1,1774569600000,1000,美国,Novelty & Gag Toys
1777254363437,亚马逊,B0GSK44B9Z,https://m.media-amazon.com/images/I/51E-YcrW+sL._AC_US200_.jpg,"latest Mario Party Tableware, 20 Plates and 20 Napkins and Tablecloth71 '' x 42 ''Super Bros Birthday Party Decorate Supplies",https://www.amazon.com/dp/B0GSK44B9Z?th=1,1774569600000,400,美国,派对用品
1777254363437,亚马逊,B0GS59DDBQ,https://m.media-amazon.com/images/I/51aGgQX7E5L._AC_US200_.jpg,"America 250th Anniversary Commemorative Coin,USA 250th Anniversary Coin Challenge,for Patriotism,250 Year American Anniversary Coin American Eagle & Patriotic Symbols Collectible (Style 3)",https://www.amazon.com/dp/B0GS59DDBQ?th=1,1774569600000,200,美国,新颖性
1777254363437,亚马逊,B0GSQH9YDR,"https://m.media-amazon.com/images/I/31dMP48GZGL._AC_SR200,200_.jpg","3D Printed Credit Card Wand Tap to Pay, Starlight Magic Wand Tap-to-Pay Card Holder, Star Magic Wands Digital Payment Star Wands for Easy Checkout, Suitable Scenarios for Card Payment (Gold)",https://www.amazon.com/dp/B0GSQH9YDR?th=1,1774569600000,300,美国,扮靓
1777254363437,亚马逊,B0GTL6C9S2,https://m.media-amazon.com/images/I/41rrYWiGKnL._AC_US200_.jpg,"2Pack Slow Rising Dumpling Squishy Butter Squeeze Toys, Slow Rising Squishy,Squeeze Ball Realistic Butter Stick Soft Squeeze Toys for Anxiety and Stress Relief, Party, Gifts",https://www.amazon.com/dp/B0GTL6C9S2?th=1,1774569600000,1000,美国,Novelty & Gag Toys
1777254363437,亚马逊,B0GTWQLPHS,https://m.media-amazon.com/images/I/81ZPbNDRlTL._AC_US200_.jpg,"12 Pack Easter Eggs Filled with Die-cast Racing Cars Toys, Cars Easter Basket Stuffers Fillers for Boys Toddlers Kids, Easter Egg Stuffers Easter Gift for Eggs Hunt Party Favors Easter Prize",https://www.amazon.com/dp/B0GTWQLPHS?th=1,1774569600000,300,美国,Party Supplies
1777254363437,亚马逊,B0GSTQ3DTL,https://m.media-amazon.com/images/I/51sVHUxJsdL._AC_US200_.jpg,"4 Pack Stress Cube Stress Ball for Anxiety Stress Relief, Ice Cubes Sensory Fidget Toys for Adults & Kids, Square Squeeze Toys Gifts for Girls Boys Party Favors, Classroom Prizes, Birthday Toy Gift",https://www.amazon.com/dp/B0GSTQ3DTL?th=1,1774569600000,300,美国,Novelty & Gag Toys
1777254363437,亚马逊,B0GSRLNGNZ,https://m.media-amazon.com/images/I/41ZZLC8twRL._AC_US200_.jpg,"Dumpling Squishy Mystery Box Fidget Toys, Stress Relief Sensory Toys with Steamer Box, Giant Squeeze Toys for Gift (Pink)",https://www.amazon.com/dp/B0GSRLNGNZ?th=1,1774569600000,200,美国,Novelty & Gag Toys
1777254363437,亚马逊,B0GRTVHDN7,https://m.media-amazon.com/images/I/61NF0HaV1vL._AC_US200_.jpg,"Dumpling Squishy Mystery Box Fidget Toys for Kids & Adults, Stress Relief Sensory Toys with Steamer Box, Giant Squeeze Toys for Gift (White)",https://www.amazon.com/dp/B0GRTVHDN7?th=1,1774569600000,300,美国,Novelty & Gag Toys
1777254363437,亚马逊,B0GMCPS8ZT,https://m.media-amazon.com/images/I/61AnTRmJylL._AC_US200_.jpg,"24PACK 3D Printed Dragon Eggs, Easter Basket Stuffers for Children and Teens, Unique Easter Toys & Gifts for Boys, Mini Articulated Dragon Toys for Kids.",https://www.amazon.com/dp/B0GMCPS8ZT?th=1,1774569600000,400,美国,玩具图
1777254363437,亚马逊,B0GK53H144,https://m.media-amazon.com/images/I/715vUchHJ6L._AC_US200_.jpg,"Playing Cards, Cute Black Cat Playing Cards, Floral Cats Themed Deck of Cards for Game Nights, Premium Standard Size Poker Cards for Card Games, Parties, Travel, Casino Games & Cat Lover Gifts",https://www.amazon.com/dp/B0GK53H144?th=1,1774569600000,300,美国,游戏
1777254363437,亚马逊,B0GT2TWQ9C,https://m.media-amazon.com/images/I/41+sXPnhe5L._AC_US200_.jpg,"Butter Squishy, Slow Rebound Cute Butter Squeeze Stress Balls, Realistic Butter Stick Soft Squeeze Toys, Sensory Stress Relief Squishies Soft & Stretchy Fidget Toys for Anxiety Relief Party Favors",https://www.amazon.com/dp/B0GT2TWQ9C?th=1,1774569600000,500,美国,Novelty & Gag Toys
1777254363437,亚马逊,B0GSFWMN1C,https://m.media-amazon.com/images/I/41uSaFoGlaL._AC_US200_.jpg,"Flashing Dumplings,Soft and Cute Flashing Dumpling Toy,Dumpling Stress-Relieving Ball,Elastic Tabletop Toy,Soft and Squeezable Stress-Relieving Dough (Purple)",https://www.amazon.com/dp/B0GSFWMN1C?th=1,1774569600000,500,美国,Novelty & Gag Toys
1777254363437,亚马逊,B0GL1H7SPJ,https://m.media-amazon.com/images/I/51L2oWGCAmL._AC_US200_.jpg,"2 Pack Water Gun for Kids & Adults – 300cc Long Range Squirt Gun Blaster, Powerful Water Gun for Pool Beach Outdoor Summer Water Squirter Summer Fight Toys for Boys Girls",https://www.amazon.com/dp/B0GL1H7SPJ?th=1,1774569600000,200,美国,体育
1777254363437,亚马逊,B0GSGFVDRQ,https://m.media-amazon.com/images/I/41ch2gv+LzL._AC_US200_.jpg,"Novelty Squeeze Stress Ball, Realistic Butter Shaped Fidget Toy, Slow Rebound Gel Stress Reliever for Adults, Office Desk Decor",https://www.amazon.com/dp/B0GSGFVDRQ?th=1,1774569600000,1000,美国,新颖性
1777254363437,亚马逊,B0GTV5BYR9,https://m.media-amazon.com/images/I/71GXZMuKLGL._AC_US200_.jpg,"Squishy Stress Cube,Slow Rise Fidget Cube Squishies Sensory for Anxiety Stress Relief Soft High Density Ice Squeeze Ball",https://www.amazon.com/dp/B0GTV5BYR9?th=1,1774569600000,200,美国,Novelty & Gag Toys
1777254363437,亚马逊,B0GSS8NPDS,https://m.media-amazon.com/images/I/41KH032nJ4L._AC_US200_.jpg,"Dumpling Squishy Mystery Box, Viral Squishy Dumpling Toy, Bao Bun Squeeze Stress Relief Fidget Toys for Holiday & Birthday Gifts (Green)",https://www.amazon.com/dp/B0GSS8NPDS?th=1,1774569600000,500,美国,Novelty & Gag Toys
1777254363437,亚马逊,B0GSS8WND8,https://m.media-amazon.com/images/I/416OxfIl40L._AC_US200_.jpg,"Dumpling Squishy Mystery Box, Viral Squishy Dumpling Toy, Bao Bun Squeeze Stress Relief Fidget Toys for Holiday & Birthday Gifts (Pink)",https://www.amazon.com/dp/B0GSS8WND8?th=1,1774569600000,2000,美国,Novelty & Gag Toys
1777254363437,亚马逊,B0GRZZ3M49,https://m.media-amazon.com/images/I/51xPymto3kL._AC_US200_.jpg,"New Butter Squishy Slow Rising Stress Relief Toy, Realistic Butter Stick Squeeze Toy, Soft PU Foam Fidget Toy for Anxiety & Sensory Relief, Cute Desk Decor for Kids & Adults, Office & School(1PCS)",https://www.amazon.com/dp/B0GRZZ3M49?th=1,1774569600000,400,美国,Novelty & Gag Toys
1777254363437,亚马逊,B0GV13PWDV,https://m.media-amazon.com/images/I/51tPy0g4X2L._AC_US200_.jpg,Wooden USA Travel Map Puzzle Us Maps Tracker Journey Board with Pin for The United States Traveling with Elements Sticker Rv Vacations Home Classroom Wall Art Home Decor for Families Couples(1PC),https://www.amazon.com/dp/B0GV13PWDV?th=1,1774569600000,600,美国,拼图
1777254363437,亚马逊,B0GRBLL8D6,https://m.media-amazon.com/images/I/41-T3iRfXRL._AC_US200_.jpg,"Cheese Squishy Cube Block, Squishy Fidget Toys for Adults & Teens, Easter Basket Stuffers, Stocking Stuffers, Sensory Stress Ball Squeeze Toys for Stress Relief (Yellow 2.8 in)",https://www.amazon.com/dp/B0GRBLL8D6?th=1,1774569600000,300,美国,Novelty & Gag Toys
1777254363437,亚马逊,B0GSQW52Y4,https://m.media-amazon.com/images/I/31fe3OcdWSL._AC_US200_.jpg,"Cute Duck Squishy Sugar Stress Ball,Soft Duck Stress Relief Sugar Ball Toys and Moldable Slow Rise Relaxing Sensory Fidget Stress for Anxiety Relief (Yellow)",https://www.amazon.com/dp/B0GSQW52Y4?th=1,1774569600000,1000,美国,Novelty & Gag Toys
1777254363437,亚马逊,B0GTPYHR5W,https://m.media-amazon.com/images/I/41eONwvqpjL._AC_US200_.jpg,"Squishy Stress Cube for Adults,2026 Squishy Slow Rising Fidget Cube Squeeze Sensory for Anxiety Stress Relief High Density Ice Squeeze Ball Cubes (01-Blue)",https://www.amazon.com/dp/B0GTPYHR5W?th=1,1774569600000,200,美国,Novelty & Gag Toys
1777254363437,亚马逊,B0GSF8898Q,https://m.media-amazon.com/images/I/417NWZBqVnL._AC_US200_.jpg,"Glitter Dumpling, Glitter Dumpling Squishy with Box, Colorful Dumplings Stress Balls Fidget Toy, Dumplings Sensory Desk Toy for Stress Relief (Colorful)",https://www.amazon.com/dp/B0GSF8898Q?th=1,1774569600000,600,美国,Novelty & Gag Toys
1777254363437,亚马逊,B0GTQDMCQ7,https://m.media-amazon.com/images/I/31wJflGK+FL._AC_US200_.jpg,"Rainbow Cake Squishies,2026 Jumbo Slow Rising Fidget Squeeze,Soft Relief Squishy Stress,Squeeze Ball Sensory for Anxiety Stress Party Favors Colorful Squishy (Rainbow)",https://www.amazon.com/dp/B0GTQDMCQ7?th=1,1774569600000,600,美国,Novelty & Gag Toys
1777254363437,亚马逊,B0GT87HQD8,https://m.media-amazon.com/images/I/41g8elALlPL._AC_US200_.jpg,"Dumpling Squishy, Dumpling Squishy Mystery Box, Glitter Dumplings Mystery Box, Colorful Dumplings Stress Balls Fidget Sensory Toy, Easter Basket Stuffers Party Favors (Purple)",https://www.amazon.com/dp/B0GT87HQD8?th=1,1774569600000,300,美国,Novelty & Gag Toys
1777254363437,亚马逊,B0GT81QV4H,https://m.media-amazon.com/images/I/41n5yBVxt8L._AC_US200_.jpg,"Dumpling Squishy, Dumpling Squishy Mystery Box, Glitter Dumplings Mystery Box, Colorful Dumplings Stress Balls Fidget Sensory Toy, Easter Basket Stuffers Party Favors (Blue)",https://www.amazon.com/dp/B0GT81QV4H?th=1,1774569600000,400,美国,Novelty & Gag Toys
1777254363437,亚马逊,B0GTFLQWST,https://m.media-amazon.com/images/I/51UjvCR3A8L._AC_US200_.jpg,"Dumpling Squishies, Glitter Dumpling Mystery Box, 2026 Upgraded Dumplings Stress Balls Fidget Sensory Balls, Squeeze Dough Ball Stress Relief Hand with Food Steamer, Relaxation Gift (Purple)",https://www.amazon.com/dp/B0GTFLQWST?th=1,1774569600000,400,美国,Novelty & Gag Toys
1777254363437,亚马逊,B0GS1DR4T2,https://m.media-amazon.com/images/I/41vnjaeOWCL._AC_US200_.jpg,"Dumpling Squishies, Glitter Dumpling Mystery Box, 2026 Upgraded Dumplings Stress Balls Fidget Sensory Balls, Squeeze Dough Ball Stress Relief Hand with Food Steamer, Relaxation Gift (Glitter White)",https://www.amazon.com/dp/B0GS1DR4T2?th=1,1774569600000,800,美国,Novelty & Gag Toys
1777254363437,亚马逊,B079CH7PLF,https://m.media-amazon.com/images/I/61ig9IQaxlL._AC_US200_.jpg,"Fat Brain Toys Original Dimpl Brand Baby Toy, Sensory Toys for Babies 10 Months+, Interactive Baby Toys, Fidget Toys, 1 Piece",https://www.amazon.com/dp/B079CH7PLF?th=1,1774569600000,300,美国,婴幼儿
1777254363437,亚马逊,B0GT3SH8GG,https://m.media-amazon.com/images/I/51bZXNpctyL._AC_US200_.jpg,Foleto 4Pcs 2026 New mah-Jong Cards Guide Rules American Official Revision | Mahjong 2026 Mahjong Card - Large Print,https://www.amazon.com/dp/B0GT3SH8GG?th=1,1774569600000,200,美国,游戏
1777254364040,亚马逊,B0G545G8QR,https://m.media-amazon.com/images/I/814fEGkBvcL._AC_US200_.jpg,"Squish Squish DIY Squishy Factory, Craft Kit- Make Your Own Colourful, Satisfying Squishies | Create your own squishys| sensory Craft Activity Set for kids 6+",https://www.amazon.co.uk/dp/B0G545G8QR?th=1,1769472000000,200,英国,Novelty & Gag Toys
1777254364040,亚马逊,B0FHKKZ31K,https://m.media-amazon.com/images/I/519GH9KOTjL._AC_US200_.jpg,"Hot Wheels Formula 1 1:64 Scale Die-Cast 5-Pack, Set of 5 Officially Licensed Race Cars, Collectible Toy Cars for Play or Display, Father’s Day Gift, for Kids & Collectors, JLN11",https://www.amazon.co.uk/dp/B0FHKKZ31K?th=1,1769472000000,2000,英国,Play Vehicles
1777254364221,亚马逊,B0G4RCJYM5,https://m.media-amazon.com/images/I/71+K-7NvoeL._AC_US200_.jpg,Eli® Kinderwerkzeug Set ab 6 Jahre inkl Kindersäge - Hammer - Holzraspel - Schutzhandschuhe - echtes Werkzeug Set für alle junge Baumeister und Bauarbeiter - Säge für Kinder - Geschenkidee,https://www.amazon.de/dp/B0G4RCJYM5?th=1,1771632000000,100,德国,儿童角色扮演游戏
1777254364221,亚马逊,B0GHPW75XL,https://m.media-amazon.com/images/I/71wtAkj17jL._AC_US200_.jpg,"HABA Sachenmacher Erstes Schneiden Regenbogen-Einhörner (3er Set) – Schneiden Lernen ab 3 Jahren, Einhorn Bastel-Set für Kinder, Kindergarten, Kita & Zuhause",https://www.amazon.de/dp/B0GHPW75XL?th=1,1771632000000,100,德国,工艺
1777254364221,亚马逊,B0GLY2H35H,https://m.media-amazon.com/images/I/81pFdKULbwL._AC_US200_.jpg,"Karten Sammelalbum, Sammelkarten Album, 900 Taschen Sammelmappe, Tragbar Wasserdicht Sammelheft, Sammelkarten Ordner, Karten Heft, Geschenk für Sammler, Jungen, Mädchen",https://www.amazon.de/dp/B0GLY2H35H?th=1,1771632000000,100,德国,收藏玩具
1777254364221,亚马逊,B0GGRPXJHJ,https://m.media-amazon.com/images/I/41dRaqRi9hL._AC_US200_.jpg,"Gecko Wandflitzer - Ferngesteuerter Eidechse Spielzeug Kinder RC Roboter mit Leuchtende Augen, Aufladbar Interaktiv Lizard Spielzeug Geburtstag Geschenk Ostergeschenke Jungen Mädchen ab 3 Jahre",https://www.amazon.de/dp/B0GGRPXJHJ?th=1,1771632000000,100,德国,电子玩具
1777254364221,亚马逊,B0GCMD9PKT,https://m.media-amazon.com/images/I/415HW2SKC0L._AC_US200_.jpg,"Ostern Basteln Kinder, Komplettes Osterbastelset für 16 Fensterbilder & PET-Aufkleber，Kinder mit Schere, Farbige Schnur,Osterbasteln mit Kindern, Kreative DIY Ostereier Hasen für Frühling Osterdeko",https://www.amazon.de/dp/B0GCMD9PKT?th=1,1771632000000,100,德国,工艺
1777254364221,亚马逊,B0G4F91VDK,https://m.media-amazon.com/images/I/71+wcCI7b5L._AC_US200_.jpg,"Festicy 12 Ostereier XXL I 15 x 10 cm große, Bunte, Ostereier zum Befüllen I mit Perlen- und Tattoo Stickern für Ostern I Plastikeier zum Befüllen",https://www.amazon.de/dp/B0G4F91VDK?th=1,1771545600000,100,德国,派对及娱乐商品
1777254364221,亚马逊,B0GDX4KPMC,https://m.media-amazon.com/images/I/51WO2LqSo2L._AC_US200_.jpg,"Ostergeschenke für Kinder, 12 Stück Ostereier gefüllt mit Prinzessin-Spielzeug für Mädchen, Ostereier Perfekt für Osterkörbchen, Deko für Party, Klassenzimmer & Osteranreize Perfekte Partygeschenke",https://www.amazon.de/dp/B0GDX4KPMC?th=1,1771545600000,100,德国,派对
1777254364221,亚马逊,B0GLZWMKRL,https://m.media-amazon.com/images/I/614GdpSSZRL._AC_US200_.jpg,"tonies Toniebox 2 Bundle Incl. Die Neue Häschenschule - Ostern, Meeresgrün, Audioplayer für Hörbücher, Lieder, Einschlafen und Tonieplay für Kinder",https://www.amazon.de/dp/B0GLZWMKRL?th=1,1771545600000,100,德国,电子玩具
1777254364221,亚马逊,B0GHXXM9V9,https://m.media-amazon.com/images/I/5171PTSP5mL._AC_US200_.jpg,"Ostergeschenke für Kinder, 24 Stück Ostereier gefüllt mit Kaninchen-Anhänger für Mädchen, Ostereier Perfekt für Osterkörbchen, Deko für Party, Klassenzimmer & Osteranreize Perfekte Partygeschenke",https://www.amazon.de/dp/B0GHXXM9V9?th=1,1771545600000,200,德国,派对
1777254364221,亚马逊,B0GLZ8TR29,https://m.media-amazon.com/images/I/61edbgiG+HL._AC_US200_.jpg,Topps UCC Match Attax Extra 2026 - Mega Multipack - enthält 48 Karten Plus 3 zufällige Electrix LE-Karten und eine zufällige Faksimile Pro-View Signature Style-Karte,https://www.amazon.de/dp/B0GLZ8TR29?th=1,1771545600000,100,德国,游戏
1777254364221,亚马逊,B0GGTJKV2R,https://m.media-amazon.com/images/I/41V9queZAJL._AC_US200_.jpg,"Mama, bitte erzähl mir deine Geschichte - Persönliches Erinnerungsbuch zum Ausfüllen | Mit Stammbaum & 250+ Fragen | Geschenk zum Geburtstag, Muttertag, Weihnachten | Hochwertig & edel",https://www.amazon.de/dp/B0GGTJKV2R?th=1,1771545600000,100,德国,学校用品
1777254364221,亚马逊,B0GM1CK7C8,https://m.media-amazon.com/images/I/51tiejg3P4L._AC_US200_.jpg,Topps UCC Match Attax Extra 2026 - X Tin - enthält 64 Karten sowie eine X Greats-LE-Karte und eine zusätzliche Electrix-LE-Karte.,https://www.amazon.de/dp/B0GM1CK7C8?th=1,1771459200000,300,德国,游戏
1777254364221,亚马逊,B0GP1KGSSJ,https://m.media-amazon.com/images/I/71ssVxF9toL._AC_US200_.jpg,Topps Match Attax EXTRA 2025/2026 – ECO‑Pack 39 Karten 2 Electrix Limited Editions + 1 Exklusive X‑Calibre Karte UEFA Champions League Trading Cards,https://www.amazon.de/dp/B0GP1KGSSJ?th=1,1771459200000,100,德国,爱好
1777254364221,亚马逊,B0GDZM6LC3,https://m.media-amazon.com/images/I/51KFiZAgx9L._AC_US200_.jpg,"Dreamon 29 Stück Sandspielzeug Farm für Kinder ab 3 Jahr, Strandspielzeug mit 2 faltbaren Eimern, 22 Sandformen Tier & Schloss, Sandkasten Spielzeug mit Werkzeugen und Aufbewahrungsbeutel",https://www.amazon.de/dp/B0GDZM6LC3?th=1,1771459200000,100,德国,体育
1777254364221,亚马逊,B0GM11S2QY,https://m.media-amazon.com/images/I/712B31fuilL._AC_US200_.jpg,Topps UCC Match Attax Extra 2026 - Mega Multipack - enthält 48 Karten sowie 3 zufällige Electrix-LE-Karten und eine zufällige Facsimile Pro-View Signature-Style-Karte.,https://www.amazon.de/dp/B0GM11S2QY?th=1,1771459200000,500,德国,游戏
1777254364221,亚马逊,B0GNM7TTKZ,https://m.media-amazon.com/images/I/41OgxYPqVJL._AC_US200_.jpg,Dungeons & Dragons Starter Set: Helden der Grenzlande | D&D Fantasy-Abenteuerspiel für 3–5 Spieler (Deutsche Version),https://www.amazon.de/dp/B0GNM7TTKZ?th=1,1771459200000,500,德国,游戏
1777254364221,亚马逊,B0FDB3S72T,https://m.media-amazon.com/images/I/411s2r7VbbL._AC_US200_.jpg,"GUI GUI Klar Schleim, der allerschönste Schleim – von dir kreiert Befolge 5 Styling-Schritte und Lass deinen Schleim erstrahlen, 13 Verschiedene duftende GUI GUI-Schleime mit 4 tollen Texturen",https://www.amazon.de/dp/B0FDB3S72T?th=1,1771459200000,300,德国,党-
1777254364221,亚马逊,B0GN95K1GD,https://m.media-amazon.com/images/I/61Dcne++OoL._AC_US200_.jpg,Panini FIFA World Cup 2026™ Adrenalyn XL™ Trading Cards (Premium Box),https://www.amazon.de/dp/B0GN95K1GD?th=1,1771459200000,200,德国,爱好
1777254364221,亚马逊,B0GLZ449VV,https://m.media-amazon.com/images/I/71i9xZAoGTL._AC_US200_.jpg,"Sammelalbum für Karten, Sammelkarten Album, 50 Seiten 900 Taschen, PU Wasserdicht, Reißverschluss, Karten Ordner Heft, Geschenk für Card Sammler und Kinder (900)",https://www.amazon.de/dp/B0GLZ449VV?th=1,1771372800000,100,德国,收藏玩具
1777254364221,亚马逊,B0GL6QCYLK,https://m.media-amazon.com/images/I/51B0PS9xb5L._AC_US200_.jpg,"Joyreal Busy Board ab 1 Jahr, Montessori Spielzeug Baby Activity Board Holzspielzeug Lernspielzeug Sensorik Spielzeug, Motorikspielzeug mit 19 LED, Geschenk Jungen und Mädch ab 1 2 3 Jahr (Bauernhof)",https://www.amazon.de/dp/B0GL6QCYLK?th=1,1771372800000,100,德国,婴幼儿
1777254364221,亚马逊,B0FDB2DFDH,https://m.media-amazon.com/images/I/81jpw-2PdZL._AC_US200_.jpg,"GUI GUI Glanz Schleim, der allerschönste Schleim – von dir kreiert Befolge 5 Styling-Schritte und Lass deinen Schleim erstrahlen, 13 Verschiedene duftende GUI GUI-Schleime mit 4 tollen Texturen",https://www.amazon.de/dp/B0FDB2DFDH?th=1,1771372800000,500,德国,党-
1777254364221,亚马逊,B0G5Q6V59K,https://m.media-amazon.com/images/I/51y7x3GaENL._AC_US200_.jpg,FIFA WM 2026 Adrenalyn XL Multipack,https://www.amazon.de/dp/B0G5Q6V59K?th=1,1771372800000,200,德国,游戏
1777254364221,亚马逊,B0GNMQJHGF,https://m.media-amazon.com/images/I/41pJ9unVJdL._AC_US200_.jpg,"Nordstern Papier Ostereier 12er Set - Weiße Osterdeko zum Bemalen, Basteln und Aufhängen - Frühlingsdeko, Osterdekoration fürs Osternest",https://www.amazon.de/dp/B0GNMQJHGF?th=1,1771372800000,100,德国,派对及娱乐商品
1777254364221,亚马逊,B0GNMHPT2H,https://m.media-amazon.com/images/I/4167t-Zj+ML._AC_US200_.jpg,"Nordstern Ostereier zum Aufhängen 24er Pack mit Motiv - Osterdeko, Frühlingsdeko für Innen und Außen - Bunte Plastikeier in 4 Motiven",https://www.amazon.de/dp/B0GNMHPT2H?th=1,1771372800000,300,德国,派对及娱乐商品
1777254364221,亚马逊,B0G1YWZVG2,https://m.media-amazon.com/images/I/31Vrd9bSWUL._AC_US200_.jpg,"Squishmallows SQCR09459 - Tinley der Axolotl mit Blumen 19 cm, offizielles Jazwares Plüsch, superweiches Kuscheltier",https://www.amazon.de/dp/B0G1YWZVG2?th=1,1771372800000,100,德国,娃娃机
1777254364221,亚马逊,B01MTWBPPI,https://m.media-amazon.com/images/I/817aQDIBKML._AC_US200_.jpg,"LEGO DUPLO 3-in-1 Baufahrzeuge - Pädagogisches Montessori Spielzeug für Kleinkinder mit Lastwagen, Bagger und Radlader - Geburtstagsgeschenk für Jungen und Mädchen ab 2 Jahren - 10475",https://www.amazon.de/dp/B01MTWBPPI?th=1,1771286400000,1000,德国,建筑-
1777254364221,亚马逊,B01NAEKPWW,https://m.media-amazon.com/images/I/81ok+qf3opL._AC_US200_.jpg,"LEGO DUPLO Town Löschauto mit Schlauch und Feuerwehrmann- Lernspielzeug für Motorik - Rotes Feuerwehrauto mit Leiter, Figur und Eichhörnchen - Geschenk für Jungen und Mädchen ab 2 Jahren - 10473",https://www.amazon.de/dp/B01NAEKPWW?th=1,1771286400000,600,德国,建筑-
1777254364221,亚马逊,B0GLVLHH9J,https://m.media-amazon.com/images/I/61E8KD3WIiL._AC_US200_.jpg,"tonies Hörfigur für Toniebox, Peppa Pig – Peppa und das Neue Baby, 6 herzerwärmende Geschichten für Kinder ab 3 Jahren, Spielzeit ca. 45 Minuten",https://www.amazon.de/dp/B0GLVLHH9J?th=1,1771286400000,200,德国,婴幼儿
1777254364221,亚马逊,B0GLT7VSFG,https://m.media-amazon.com/images/I/41TLNHSmOnL._AC_US200_.jpg,"tonies Hörfigur für Toniebox, Die Schlümpfe – Wer ist heftiger? & 3 weitere Abenteuer, Hörspiel für Kinder ab 5 Jahren, Spielzeit ca. 59 Minuten",https://www.amazon.de/dp/B0GLT7VSFG?th=1,1771286400000,100,德国,婴幼儿
1777254364221,亚马逊,B0G6CWPYHD,https://m.media-amazon.com/images/I/41C7Bg4CzFL._AC_US200_.jpg,"Cake Topper Konfirmation, 24 Stück Taube Fisch Eukalyptus Cupcake Torte Deko, Zur Konfirmation Tortendeko Junge Mädchen Geschenke, Konfirmationsgeschenke, Personalisiert Muffin Deko Party",https://www.amazon.de/dp/B0G6CWPYHD?th=1,1771286400000,100,德国,派对
1777254364221,亚马逊,B0G64VB7HY,https://m.media-amazon.com/images/I/712lv3kD3JL._AC_US200_.jpg,"Cake Topper Kommunion, 24 Stück Taube Fisch Eukalyptus Cupcake Torte Deko, Zur Kommunion Erstkommunion Tortendeko Junge Mädchen, Personalisiert Muffin Deko Party Geschenke Kommunionkuchendekorationen",https://www.amazon.de/dp/B0G64VB7HY?th=1,1771286400000,100,德国,派对
1777254364221,亚马逊,B0GGTMQ21T,https://m.media-amazon.com/images/I/51ogPEpPOCL._AC_US200_.jpg,"Papa, bitte erzähl mir deine Geschichte - Persönliches Erinnerungsbuch zum Ausfüllen | Mit Stammbaum & 250+ Fragen | Geschenk zum Geburtstag, Vatertag, Weihnachten | Hochwertig & edel",https://www.amazon.de/dp/B0GGTMQ21T?th=1,1771200000000,200,德国,学校用品
1777254364221,亚马逊,B0GLX8TV16,https://m.media-amazon.com/images/I/41ChD32mR1L._AC_US200_.jpg,Magnetische Fidget Toys - Antistress Spielzeug mit Magnetkugeln - Focus Dots für Stressabbau und Konzentration (Schwarz-Grau),https://www.amazon.de/dp/B0GLX8TV16?th=1,1771200000000,100,德国,党-
1777254364221,亚马逊,B0G7Y85L7T,https://m.media-amazon.com/images/I/51rNQDMIAlL._AC_US200_.jpg,"Blue Orange, Got Five!, DE-Version, Schnelles Familienspiel für 2-4 Spieler ab 8 Jahren, Knacke den Code mit deinen Schlussfolgerungen, 15 Minuten Spielzeit pro Partie",https://www.amazon.de/dp/B0G7Y85L7T?th=1,1771200000000,100,德国,游戏
1777254364221,亚马逊,B0FDGZ34XT,https://m.media-amazon.com/images/I/41OPnCPxq1L._AC_US200_.jpg,"GUI GUI Butter Schleim, der allerschönste Schleim – von dir kreiert Befolge 5 Styling-Schritte und Lass deinen Schleim erstrahlen, 13 Verschiedene duftende GUI GUI-Schleime mit 4 tollen Texturen",https://www.amazon.de/dp/B0FDGZ34XT?th=1,1771200000000,400,德国,党-
1777254364221,亚马逊,B0GL792VKH,https://m.media-amazon.com/images/I/51Lm0jQm3eL._AC_US200_.jpg,"Joyreal Montessori Busy Board 2 in 1 ab 1 Jahr, Holz Motorikspielzeug Sensorik Montessori Spielzeug Mit 20 LED Lichtern 19 Motorik, Geschenk für 1 2 3 Jahre Jungen und Mädchen",https://www.amazon.de/dp/B0GL792VKH?th=1,1771113600000,100,德国,婴幼儿
1777254364221,亚马逊,B0G5Q6TQHM,https://m.media-amazon.com/images/I/81b6szKb2bL._AC_US200_.jpg,FIFA World Cup 2026 Adrenalyn XL Starter Pack,https://www.amazon.de/dp/B0G5Q6TQHM?th=1,1771113600000,800,德国,游戏
1777254364221,亚马逊,B0GJRCHSVZ,https://m.media-amazon.com/images/I/51ngqJ8gM9L._AC_US200_.jpg,Giftota Abschiedsgeschenk Kollegin & Kollege - Pocket Hug Schildkröte - Dankeschön Geschenk - Jobwechsel Geschenke für Frauen & Männer - Mutmacher - Glücksbringer - Personalisierte Geschenke,https://www.amazon.de/dp/B0GJRCHSVZ?th=1,1771113600000,100,德国,派对和笑话文章
1777254364221,亚马逊,B0GLHF4V2Q,https://m.media-amazon.com/images/I/611GFBBrN8L._AC_US200_.jpg,"Legami - Super Soft Plüschtier, Ladybug-Motiv, Mini-Format, mit personalisierbarem Ausweis, Steht von selbst, 14 x 15 x 12 cm",https://www.amazon.de/dp/B0GLHF4V2Q?th=1,1771027200000,100,德国,毛绒玩具
1777254364221,亚马逊,B0GK93JDL5,"https://m.media-amazon.com/images/I/41Rwwea93+L._AC_SR200,200_.jpg","Legami - Wonderwow Federmäppchen, 2 Fächer und Stifthalter innen, Innenfach mit Netzstoff, Reißverschluss, 23 x 11 x 5 cm",https://www.amazon.de/dp/B0GK93JDL5?th=1,1771027200000,200,德国,学校用品
1777254364221,亚马逊,B0GFLWPHY9,https://m.media-amazon.com/images/I/51jYWDlqU1L._AC_US200_.jpg,"Karaoke Maschine und 2 Mikrofon Kinder mit Verstellbarer Ständer, Geschenk Spielzeug für Mädchen 3-12 Jahre Karaoke Microphone Set mit Bluetooth-/TF-Karten-/USB-/AUX-Unterstützung Oster Geschenke",https://www.amazon.de/dp/B0GFLWPHY9?th=1,1771027200000,100,德国,电子玩具
1777254364221,亚马逊,B0GCV3S9XB,https://m.media-amazon.com/images/I/81cyNBMJKXL._AC_US200_.jpg,12x Neon Party EINLADUNGSKARTEN KINDERGEBURTSTAG Mädchen Junge - die leuchtend bunten PARTY Karten sind die Regenbogen EINLADUNG für Jungen Kinder Teenager Gamer GEBURTSTAG Lasertag Karaoke Gaming,https://www.amazon.de/dp/B0GCV3S9XB?th=1,1771027200000,100,德国,派对
1777254364221,亚马逊,B0G5QK84GS,https://m.media-amazon.com/images/I/411HsXKN3lL._AC_US200_.jpg,FIFA World Cup 2026 Adrenalyn XL Pocket Tin,https://www.amazon.de/dp/B0G5QK84GS?th=1,1771027200000,200,德国,游戏
1777254364221,亚马逊,B0GJRWZT3J,https://m.media-amazon.com/images/I/51wKWFNEZjL._AC_US200_.jpg,Giftota Geschenke für Mama - Muttertagsgeschenk - Pocket Hug Schildkröte - Geburtstagsgeschenk für Mama - Geschenke für Frauen - Glücksbringer - Dankeschön Geschenkidee von Tochter & Sohn,https://www.amazon.de/dp/B0GJRWZT3J?th=1,1771027200000,100,德国,派对和笑话文章
1777254364221,亚马逊,B0GJRSP83Y,https://m.media-amazon.com/images/I/51u2eYaRyiL._AC_US200_.jpg,"Giftota Geburtstagsgeschenk Frauen & Männer - Pocket Hug - Positive Schildkröte - Glücksbringer & Mutmacher - Geschenke für Freundin, Jungen, Mädchen, Kollegen, Papa, Mama, Opa, Oma, Bruder, Schwester",https://www.amazon.de/dp/B0GJRSP83Y?th=1,1771027200000,100,德国,派对和笑话文章
1777254364221,亚马逊,B0GLQFDYQ3,https://m.media-amazon.com/images/I/81imuzrgqhL._AC_US200_.jpg,"Krimidinner 2 Personen La Dolce Vita - Krimi Dinner Date Night Edition - Krimispiel für Erwachsene, Crime Dinner Date Ideen für Paare, Geschenk für Partner, Paar Geschenk",https://www.amazon.de/dp/B0GLQFDYQ3?th=1,1770940800000,200,德国,游戏
1777254364221,亚马逊,B0G4RN1B2Q,https://m.media-amazon.com/images/I/71nOQoiukLL._AC_US200_.jpg,"Pokémon-Sammelkartenspiel: Mini-Tin-Box Mega-Entwicklung – Erhabene Helden: Togepi und Karnimani (1 Stickerbogen, 1 Pokémon-Bildkarte und 2 Boosterpacks)",https://www.amazon.de/dp/B0G4RN1B2Q?th=1,1770940800000,2000,德国,爱好
1777254364221,亚马逊,B0G4RKXRK6,https://m.media-amazon.com/images/I/71CbS6ylBaL._AC_US200_.jpg,"Pokémon-Sammelkartenspiel: Mini-Tin-Box Mega-Entwicklung – Erhabene Helden: Riolu und Flampion (1 Stickerbogen, 1 Pokémon-Bildkarte und 2 Boosterpacks)",https://www.amazon.de/dp/B0G4RKXRK6?th=1,1770940800000,1000,德国,爱好
1777254364221,亚马逊,B0G6KM2DYS,https://m.media-amazon.com/images/I/51PeZ+DORvL._AC_US200_.jpg,"Zefy 10mm Bügelperlen mit 4 Steckplatten, 1100 Stück 11 Farben Groß Bügelperlen Set Maxi Steckperlen für Kinder ab 3 Jahren (Pastell)",https://www.amazon.de/dp/B0G6KM2DYS?th=1,1770940800000,100,德国,工艺
1777254364221,亚马逊,B0FWJ5Z7FW,https://m.media-amazon.com/images/I/51Rz0-FkcrL._AC_US200_.jpg,"Dreamon Kinder Abenteuer Entdecker Bug Set, mit Schmetterlingsfangnetz, Insektenbeobachtungskäfig aus Holz, Becherlupen, Insektenfänger, Spielzeug für Draußen ab 3-7 Jahre, Geschenk 3-7 Jahre Junge",https://www.amazon.de/dp/B0FWJ5Z7FW?th=1,1770940800000,100,德国,实验
1777254364221,亚马逊,B0G5QGZJK3,https://m.media-amazon.com/images/I/41V+5bhHsbL._AC_US200_.jpg,FIFA World Cup 2026 Adrenalyn XL Dream Box,https://www.amazon.de/dp/B0G5QGZJK3?th=1,1770940800000,200,德国,游戏
1777254364221,亚马逊,B0G5Q2TZ47,https://m.media-amazon.com/images/I/711xTik8kEL._AC_US200_.jpg,FIFA Fussball-Weltmeisterschaft 2026 Adrenalyn XL Premium Gold,https://www.amazon.de/dp/B0G5Q2TZ47?th=1,1770940800000,200,德国,游戏
1777254364221,亚马逊,B0GMKKJTDN,https://m.media-amazon.com/images/I/51Ta1nG-VyL._AC_US200_.jpg,Steckenpferde Set aus Pappe | 10 Stück zum Bemalen und Spielen | Pferde Bastelset zum Zusammenstecken | Hobby Horsing für Kinder Party und Geburtstage | Ohne Kleben | Zubehör Kindergeburtstag,https://www.amazon.de/dp/B0GMKKJTDN?th=1,1770854400000,100,德国,婴幼儿
1777254364221,亚马逊,B0BJV7H62K,https://m.media-amazon.com/images/I/61WTKKLv5DL._AC_US200_.jpg,"Haisito Lipo Ladegerät 80W 6A Lipo Balancer für LiPo/Li-Ion/Life (1-6S) und NiMH/NiCd (1-15S), RC Akku Ladegerät mit LED-Bildschirm, Netzteil und XT60 / Deans/JST/Futaba-Adapter",https://www.amazon.de/dp/B0BJV7H62K?th=1,1770854400000,100,德国,遥控模型
1777254364221,亚马逊,B0GF1NKYVP,https://m.media-amazon.com/images/I/51c8oOAQ7xL._AC_US200_.jpg,"Walkie Talkie Kinder mit Video, Geschenk Mädchen 3 4 5 6 7 8 Jahre Walky Talky Kinder Aufladbar Spielzeug ab 3-12 Jahre Mädchen Geschenkideen Funkgerät Kinder Oster Geschenke Spielzeug für Draußen",https://www.amazon.de/dp/B0GF1NKYVP?th=1,1770854400000,100,德国,电子玩具
1777254364221,亚马逊,B0GKHFK4BL,https://m.media-amazon.com/images/I/31uymBrMgDL._AC_US200_.jpg,"SIGG - LUMO Kinder Lunchbox Plus 2 in 1 - Made in Germany - Innenschale & Auslaufsichere Snackbox - Mikrowellen- & Spülmaschinengeeignet - BPA-frei - Leicht - Für Schule, Kita & Freizeit - 800ML",https://www.amazon.de/dp/B0GKHFK4BL?th=1,1770854400000,100,德国,学校用品
1777254364221,亚马逊,B0G2Y22L6L,https://m.media-amazon.com/images/I/41wOx+GGe3L._AC_US200_.jpg,WOLKENGLÜCK® Trapez Schaukel für Kinder [Indoor & Outdoor] - 2-in-1 Hängeschaukel mit Trapezstange aus Holz und 2 Turnringen - höhenverstellbar 120cm bis 150 cm & belastbar bis 150 kg,https://www.amazon.de/dp/B0G2Y22L6L?th=1,1770854400000,200,德国,体育
1777254364221,亚马逊,B0GCVCZTT7,https://m.media-amazon.com/images/I/51LJymuGM-L._AC_US200_.jpg,VULAVA 12x Popstars EINLADUNGSKARTEN Kindergeburtstag Mdchen Junge - die K-Pop Party Karten sind die EINLADUNG fr Teenager Jungen Kinder Geburtstag Monster Jger Geburtstagseinladung Karaoke Glitzer,https://www.amazon.de/dp/B0GCVCZTT7?th=1,1770854400000,400,德国,派对
1777254364221,亚马逊,B0GK9XK2N4,https://m.media-amazon.com/images/I/51KuiGRGaLL._AC_US200_.jpg,Flip 7: with a Vengeance Kartenspiel | Standalone Press-Your-Luck-Spiel | Take-that-Aktionskarten | Schnelles Familien- und Partyspiel ab 8 Jahren,https://www.amazon.de/dp/B0GK9XK2N4?th=1,1770768000000,500,德国,游戏
1777254364221,亚马逊,B0G658CCZ4,https://m.media-amazon.com/images/I/51AOXOWPAdL._AC_US200_.jpg,"Stadt Land Fussball Spiele, Kleine Fussball Geschenke Junge ab 9 10 11 12 13 14 Jahre, Ostergeschenke, Ostern Kommunion Konfirmation Jugendweihe Firmung Geschenke, Fanartikel Geschenkideen Kartenspiel",https://www.amazon.de/dp/B0G658CCZ4?th=1,1770768000000,100,德国,游戏
1777254364221,亚马逊,B0GM1FBZTQ,https://m.media-amazon.com/images/I/71jXD2fT0dL._AC_US200_.jpg,"Topps UCC Match Attax Extra 2026 - Mega Tin - Blitzballers - enthält 48 Karten, darunter 3 Blitzballers-LE-Karten.",https://www.amazon.de/dp/B0GM1FBZTQ?th=1,1770768000000,300,德国,游戏
1777254364221,亚马逊,B0GLV9CVC4,https://m.media-amazon.com/images/I/41ciXsxmvgL._AC_US200_.jpg,"tonies Hörfigur für Toniebox, Küken Pitti – Oster- und Frühlingsgeschichten, Hörspiel mit Liedern für Kinder ab 3 Jahren, Spielzeit ca. 50 Minuten",https://www.amazon.de/dp/B0GLV9CVC4?th=1,1770768000000,400,德国,电子玩具
1777254364221,亚马逊,B0GHMRZ7WN,https://m.media-amazon.com/images/I/515cu1h-eIL._AC_US200_.jpg,"JOYEASE Ostern Basteln Kinder, 24 Stück DIY Holzanhänger Bastelset Ostern, Osterbasteln mit Kindern, Ostergeschenke Kinder, Holz Ostereier zum Bemalen, Osterdeko Basteln",https://www.amazon.de/dp/B0GHMRZ7WN?th=1,1770768000000,100,德国,工艺
1777254364221,亚马逊,B0FRNM4WTC,https://m.media-amazon.com/images/I/71ctTD10cEL._AC_US200_.jpg,"Simba Baff Paints Bademalstifte – 10 Farben zum Malen in der Badewanne, herausdrehbare Minen, abwaschbar, wasserlöslich, fördert Kreativität und Motorik, je 10g, ab 3 Jahre",https://www.amazon.de/dp/B0FRNM4WTC?th=1,1770768000000,100,德国,婴幼儿
1777254364221,亚马逊,B0GCTXH88T,https://m.media-amazon.com/images/I/81sf+yJMemL._AC_US200_.jpg,VULAVA 12x Popstars EINLADUNGSKARTEN Kindergeburtstag Mdchen Junge + 12x Umschlge - die K-Pop Party Karten sind die EINLADUNG fr Teenager Jungen Kinder Geburtstag Monster Jger Karaoke Glitzer Anime,https://www.amazon.de/dp/B0GCTXH88T?th=1,1770768000000,200,德国,派对
1777254364221,亚马逊,B0GLVGNVTY,https://m.media-amazon.com/images/I/712PCExnCOL._AC_US200_.jpg,"tonies Hörfigur für Toniebox, Der Grüffelo & Das Grüffelokind (Neuauflage 2026), 2 Hörspiel-Klassiker für Kinder ab 3 Jahren, Spielzeit ca. 52 Minuten",https://www.amazon.de/dp/B0GLVGNVTY?th=1,1770768000000,1000,德国,婴幼儿
1777254364221,亚马逊,B0GLT9JTC9,https://m.media-amazon.com/images/I/51wTr8cLnQL._AC_US200_.jpg,"tonies Hörfigur für Toniebox, Die Giraffenaffen Partyhits, Die besten Hits zum Mitsingen und Tanzen für Kinder ab 6 Jahren, Spielzeit ca. 60 Minuten",https://www.amazon.de/dp/B0GLT9JTC9?th=1,1770768000000,800,德国,婴幼儿
1777254364221,亚马逊,B08HH6KL6S,https://m.media-amazon.com/images/I/713HcyNVNDL._AC_US200_.jpg,Funko POP! Television: Netflix - One Piece - Chopper - Flocked - Sammelbare Vinylfigur - Geschenkidee - Offizielles Merchandise - Spielzeug für Kinder & Erwachsene - Modellfigur für Sammler,https://www.amazon.de/dp/B08HH6KL6S?th=1,1770768000000,200,德国,爱好
1777254364221,亚马逊,B0GHRVQB8W,https://m.media-amazon.com/images/I/5181MAQhmEL._SS200_.jpg,120 Glitzer Tattoos hautfreundlich I Zauberhaftes Geschenk für Mädchen und Jungen I Dermatologisch SEHR GUT I Glitzer Tattoo Made in Germany I Kindertattoos Glitzer I Geschenk 5 jährige Mädchen,https://www.amazon.de/dp/B0GHRVQB8W?th=1,1770768000000,200,德国,儿童角色扮演游戏
1777254364221,亚马逊,B0GMJQPMSQ,https://m.media-amazon.com/images/I/41GnR0xgiPL._AC_US200_.jpg,"Big Potato - OK Play - 2026 Edition. Das Perfekte Reisespiel für Familie und Freunde | Für 2-4 Spieler, leichtes Strategiespiel für Jede Gelegenheit (Deutsche Ausgabe)",https://www.amazon.de/dp/B0GMJQPMSQ?th=1,1770681600000,400,德国,游戏
1777254364221,亚马逊,B0FLY11V2T,https://m.media-amazon.com/images/I/4178by2o7xL._AC_US200_.jpg,"iCrayon Soja- und Bienenwachs-Wachsmalstifte für Kleinkinder – 12 Farben, natürliche ungiftige Wachsmalstifte, extra dick & griffig für kleine Hände, bruchfest",https://www.amazon.de/dp/B0FLY11V2T?th=1,1770681600000,100,德国,工艺
1777254364221,亚马逊,B0GHZ51921,https://m.media-amazon.com/images/I/41IThI0YJRL._AC_US200_.jpg,"Montessori Spielzeug Kinder 1 Jahre, Baby Holzspielzeug Motorikspielzeug Hammerspiel Steckspiel Kleinkind Spiele Kinderspielzeug Ostern Geburtstags Geschenk Junge Mädchen Lernspielzeug Motorikwürfel",https://www.amazon.de/dp/B0GHZ51921?th=1,1770681600000,100,德国,婴幼儿
1777254364221,亚马逊,B0DZFZP6BD,https://m.media-amazon.com/images/I/51euiOQnM8L._AC_US200_.jpg,"HUKUMA Einzugsgeschenke Wohnung, Einweihungsgeschenk Wohnung, Viel Glück im Neuen Zuhause,Glücksbringer Gestrickte Vierblättriges, Neues Zuhause Neues Haus Neue Wohnung Hauskauf Geschenke",https://www.amazon.de/dp/B0DZFZP6BD?th=1,1770681600000,100,德国,Plüsch-Spielzeug
1777254364221,亚马逊,B0G652L7JL,https://m.media-amazon.com/images/I/71SPj7cZd+L._AC_US200_.jpg,"Stadt Land Girl, Geschenk für Coole Teenager Mädchen ab 10 11 12 13 14 Jahre, Spiel zum Mädelsabend, A6 Junior Kartenspiel Geschenkideen, Ostergeschenke Kommunion Konfirmation Geburtstag Geschenke",https://www.amazon.de/dp/B0G652L7JL?th=1,1770595200000,100,德国,游戏
1777254364221,亚马逊,B0GLGGS9Y8,https://m.media-amazon.com/images/I/51HkRQOfe8L._AC_US200_.jpg,"Sammelkarten Album, Karten Sammelalbum, 50 Seiten 400 Sammelalbum Karten Kapazität, Tragbarer Wasserdichter Sammelalbum, Mit Reißverschluss Sammelkartenalben, Karten Album Geschenk für Kinder",https://www.amazon.de/dp/B0GLGGS9Y8?th=1,1770595200000,200,德国,收藏玩具
1777254364221,亚马逊,B0GDYGMVY2,https://m.media-amazon.com/images/I/51TCxuS6TIL._AC_US200_.jpg,"Bikasun Kommunion Deko Partygeschirr Set, Fisch Eukalyptus Servietten und Pappteller Becher, für Taufe, Konfirmation und mehr, für Mädchen Junge mit Spruch Schön dass du da bist",https://www.amazon.de/dp/B0GDYGMVY2?th=1,1770508800000,100,德国,派对
1777254364221,亚马逊,B0GGDW55WL,https://m.media-amazon.com/images/I/71hWdvv+ZiL._AC_US200_.jpg,"4 Blätter Temporäre Tattoos, Langanhaltend 2 Wochen Wasserfest Schwarz Tattoo Mandala Fake Klebetattoos zum Aufkleben Gesicht Hals Arm für Mädchen Frauen Mann",https://www.amazon.de/dp/B0GGDW55WL?th=1,1770508800000,100,德国,儿童角色扮演游戏
1777254364221,亚马逊,B0GKWTG1JN,https://m.media-amazon.com/images/I/61UZtD0KllL._AC_US200_.jpg,"Lulubug Bastelset Kinder, 600 Teile | mit Perlen, Glitzer-Pompons, Bastelpapier, Washi Tape, Sticker uvm | Bastelkoffer mit Bastelanleitung | Bastelbox für Mädchen & Jungen | DIY Scrapbook | Boho",https://www.amazon.de/dp/B0GKWTG1JN?th=1,1770508800000,100,德国,工艺
1777254364221,亚马逊,B0G39414SX,https://m.media-amazon.com/images/I/51HLhrNcq9L._AC_US200_.jpg,Piucrty Mitgebsel Kindergeburtstag Gastgeschenke Leuchtspielzeug Kinder Propeller 12 Stück Give Aways 5-10 Jahre Leuchtendes Fliegendes Spielzeug Mitbringsel Geburtstag Party Beschäftigung Geschenke,https://www.amazon.de/dp/B0G39414SX?th=1,1770508800000,100,德国,派对
1777254364221,亚马逊,B0GCHH54WL,https://m.media-amazon.com/images/I/51dhsXQPetL._AC_US200_.jpg,"YESHIN Mini RC Gabelstapler Spielzeug aus Metall, Fernsteuerbarer Gabelstapler mit App-Programmierung, Tempomat & Geschwindigkeitsregelung, Hebbare Gabel, Sound & LED-Licht, USB-aufladbar",https://www.amazon.de/dp/B0GCHH54WL?th=1,1770508800000,100,德国,遥控模型
1777254364221,亚马逊,B0G5QG3KMG,https://m.media-amazon.com/images/I/410B6z-lqSL._AC_US200_.jpg,FIFA WM 2026 Adrenalyn XL Multiset,https://www.amazon.de/dp/B0G5QG3KMG?th=1,1770508800000,800,德国,游戏
1777254364221,亚马逊,B0GJM7VZFY,https://m.media-amazon.com/images/I/71ExC1dQV4L._AC_US200_.jpg,Stadt Land Fluss Ostern NEST MINI Ratespiel für die Familie zum Osterfest mit 12 Easter-Kategorien lustiges Familienspiel Quiz Partyspiel Osterfeiertage Geschenk-Idee DIN A6-Block | 50 Blatt,https://www.amazon.de/dp/B0GJM7VZFY?th=1,1770422400000,100,德国,游戏
1777254364221,亚马逊,B0CYQGYG8C,https://m.media-amazon.com/images/I/513Tp2D0rtL._AC_US200_.jpg,HABA Bella Bee - Buntes Würfelbecherspiel ab 4 Jahren - Funktioniert wie 6 gewinnt - Einfache Regeln für schnellen Spielspaß - Perfekt für den Urlaub - 2010885001,https://www.amazon.de/dp/B0CYQGYG8C?th=1,1770422400000,100,德国,游戏
1777254364221,亚马逊,B0GHNHWKRL,https://m.media-amazon.com/images/I/51Yogz0KqyL._AC_US200_.jpg,"Tortendeko Konfirmation aus Holz, Tortenstecker Cake Topper Konfirmation Deko für Jungen Mädchen",https://www.amazon.de/dp/B0GHNHWKRL?th=1,1770422400000,100,德国,派对
1777254364221,亚马逊,B0GG4R2QNK,https://m.media-amazon.com/images/I/71elXP09FEL._AC_US200_.jpg,"Drohne mit Kamera 4K, Lokalisierung des Lichtstroms in der Schwebe, 360°-Hindernisvermeidungskopf, Bürstenloser Motor, Ferngesteuerte Drohne mit 2 Akkus – Schwarz",https://www.amazon.de/dp/B0GG4R2QNK?th=1,1770422400000,100,德国,遥控模型
1777254364221,亚马逊,B0GHY788S8,https://m.media-amazon.com/images/I/81U1cqowF1L._AC_US200_.jpg,"12 Einladungskarten mit 12 Umschlag,12 Runder Aufkleber,Kindergeburtstags Party Einladungen,Deutsch Stit Children,Birthday Party (E",https://www.amazon.de/dp/B0GHY788S8?th=1,1770422400000,100,德国,派对
1777254364221,亚马逊,B0GKPLXNRQ,https://m.media-amazon.com/images/I/51Mn6FSXmeL._AC_US200_.jpg,"Kinder Basketballkorb, Mini Basketballkorb, Inklusive 2 Basketbälle Einfache Montage, Höhenverstellbarer Basketballkorb für Drinnen und Drauße, Geeignet für Kinder von 3 bis 8 Jahren",https://www.amazon.de/dp/B0GKPLXNRQ?th=1,1770422400000,100,德国,运动与户外
1777254364221,亚马逊,B0GBTGRWBF,https://m.media-amazon.com/images/I/41jZJz9+7CL._AC_US200_.jpg,"Indoor-Fußball-Trainingsball für Zuhause, Standardgröße 4, weicher und sicherer Fußball für Teenager von 3–12, Dribbling, Training",https://www.amazon.de/dp/B0GBTGRWBF?th=1,1770422400000,100,德国,运动与户外
1777254364221,亚马逊,B0G4M48MMY,https://m.media-amazon.com/images/I/51IQf1NG9lL._AC_US200_.jpg,Giftota Cake Topper zur Konfirmation aus Holz mit LED Lichterkette - Tortendeko Konfirmation Deko für Junge Mädchen,https://www.amazon.de/dp/B0G4M48MMY?th=1,1770422400000,100,德国,派对
1777254364221,亚马逊,B0GLFLVR4C,https://m.media-amazon.com/images/I/41746GVx4iL._AC_US200_.jpg,"Fidget Toys Tastatur mit LED Licht, Tastatur Fidget Toy Clicker Schlüsselanhänger, Antistress Spielzeug für Erwachsene, Leuchtendes Keyboard Klicker Fidget Toy zum Stressabbau (2er Set)",https://www.amazon.de/dp/B0GLFLVR4C?th=1,1770336000000,100,德国,党-
1777254364221,亚马逊,B0GHD8887W,https://m.media-amazon.com/images/I/418BUFvX7ML._AC_US200_.jpg,"Elektrisch Wasserpistole für Kinder, Elektrische Wasser Pistole mit großer Reichweite, Spritzpistolen Water Gun mit LED-Licht Spielzeug für Erwachsene Jungen Mädchen (Pistole Schwarz)",https://www.amazon.de/dp/B0GHD8887W?th=1,1770336000000,200,德国,体育
1777254364221,亚马逊,B0GGHN67KL,https://m.media-amazon.com/images/I/51NmIsMfMTL._AC_US200_.jpg,"JOMBY 2 Stück 3D-gedruckte Dracheneier, geheimnisvolles Drachenei, leuchtet im Dunkeln, UV-reaktiv, bewegliches Kristalldrachen-Spielzeug für Kinder ab 3 Jahren, Jungen und Mädchen, Heimdekoration",https://www.amazon.de/dp/B0GGHN67KL?th=1,1770336000000,200,德国,Spielzeugfiguren
1777254364221,亚马逊,B0G5FCGDJM,https://m.media-amazon.com/images/I/61Tb+VgW07L._AC_US200_.jpg,"DPKOW Ostern Ausmalen Poster für Kinder, Papier Bemalbare Tischdecke Beschäftigung Kinder Ostern Basteln Geschenk, Ostertischdecke Ausmalbilder, Malaktivität, Ostereier Blume Körbe Hasen Küken",https://www.amazon.de/dp/B0G5FCGDJM?th=1,1770249600000,100,德国,派对
1777254364221,亚马逊,B0GD1L1M9H,https://m.media-amazon.com/images/I/81q1ZYC7QKL._AC_US200_.jpg,"KOSMOS 685737 EXIT® Das Puzzle Die DREI ??? Toteninsel, 500 Teile Escape Game Puzzle mit exklusiver Die DREI Fragezeichen Geschichte",https://www.amazon.de/dp/B0GD1L1M9H?th=1,1770163200000,300,德国,拼图
1777254364221,亚马逊,B0FYP9L89J,https://m.media-amazon.com/images/I/51pdXMI3mlL._AC_US200_.jpg,"MOONTOY Mitgebsel Kindergeburtstag Gastgeschenke, 12 Eier mit 12 Mini Bausteinset & 4 Stickern, Bausteine Konstruktionsspielzeug, DIY Geburtstag Party Geschenke 6+ Jungen und Mädchen, inkl. Hase Schaf",https://www.amazon.de/dp/B0FYP9L89J?th=1,1770163200000,100,德国,建筑-
1777254364221,亚马逊,B0G36CJG5Y,https://m.media-amazon.com/images/I/415rC19M-uL._AC_US200_.jpg,Funko POP! Animation: Netflix - KPOP Demon Hunters - Rumi - 1 in 6 Chance of Receiving the Rare Chase Variant (Glow in the Dark) - Stile variieren - Sammelbare Vinylfigur - Geschenkidee,https://www.amazon.de/dp/B0G36CJG5Y?th=1,1770163200000,100,德国,爱好
1777254364221,亚马逊,B0GD1S8JYS,https://m.media-amazon.com/images/I/51LtDNqDWPL._AC_US200_.jpg,"Kosmos 685546 EXIT® - Das Spiel Kids - Rätselspaß im Meer, Rätselspiel ab 5 Jahre für 1-4 Kinder, mehrfach spielbar, Escape Room Spiel, EXIT Game, Kinderspiel",https://www.amazon.de/dp/B0GD1S8JYS?th=1,1770163200000,300,德国,游戏
1777254364221,亚马逊,B0GJBB8Z99,https://m.media-amazon.com/images/I/7105WHUkn8L._AC_US200_.jpg,"Ostergeschenke Kinder, 10 Blätter Oster Tattoo, 80+ Leuchtende Temporäre Tattoos Kleine Ostergeschenke für Kinder, Mitgebsel Ostern Geschenke, Osterkorb Füller, Tattoo für Osterdekoration",https://www.amazon.de/dp/B0GJBB8Z99?th=1,1770076800000,100,德国,儿童角色扮演游戏
1777254364221,亚马逊,B0FP1BSTPS,https://m.media-amazon.com/images/I/51RMj1FXehL._AC_US200_.jpg,"Ostergeschenke Kinder, 28"" (71 cm) Faltbarer Dart Board mit 12 Bällen & 4 Dart Brettspielen, Ostern Geschenke Kinder 4-12 Jahre, Ostern Geschenk Jungen Mädchen 9 Jahre zum Geburtstag Weihnachten",https://www.amazon.de/dp/B0FP1BSTPS?th=1,1770076800000,200,德国,派对
1777254364221,亚马逊,B0GHQSWD6T,https://m.media-amazon.com/images/I/51vqJYE8w+L._AC_US200_.jpg,"Drachen Kinder, Regenbogen Flugdrachen Kinderdrachen ab 3 Jahren - 64x75cm - inkl. 100m Drachenschnur und Streifenschwänze, Flugspielzeug Geschenke für Kinder",https://www.amazon.de/dp/B0GHQSWD6T?th=1,1770076800000,100,德国,体育
1777254365791,亚马逊,B0GJ2VBWTR,https://m.media-amazon.com/images/I/41-ZozuQ+DL._AC_US200_.jpg,"21-teiliges Tortenfiguren-Set für Torten & Cupcakes, Cartoon-Kuchendeko, Party-Spielzeugfiguren, Geburtstagstorten-Deko für Kuchen, Cupcakes & Partys",https://www.amazon.de/dp/B0GJ2VBWTR?th=1,1770076800000,100,德国,派对
1777254365791,亚马逊,B0GJDL58S3,https://m.media-amazon.com/images/I/51Kpj4bg8DL._AC_US200_.jpg,"Sammelalbum für Karten, 900 Karten Kapazität, 50 Seiten, Sammelkarten Album, Hefte Sammelkarten, Tragbarer Wasserdichter Sammelheft Ordner, Geschenk für Kinder und Sammler (900)",https://www.amazon.de/dp/B0GJDL58S3?th=1,1770076800000,200,德国,收藏玩具
1777254365791,亚马逊,B0G7DL2H7T,https://m.media-amazon.com/images/I/41aqEPfi0TL._AC_US200_.jpg,"Mikroskop für Kinder, Temodu 2.0"" Bildschirm, 1000X USB Tragbares Taschenmikroskop, Wiederaufladbares Tragbares Mikroskop, Mikroskope Anschluss an PC, Science draussen ab 3 Jahren (382-Blue)",https://www.amazon.de/dp/B0G7DL2H7T?th=1,1770076800000,200,德国,实验
1777254365791,亚马逊,B0G5Z1WDTV,https://m.media-amazon.com/images/I/81NJZ7ew4xL._AC_US200_.jpg,"4 Stück Flugzeug Spielzeug Styropor Flugzeuge für Kinder - Spielzeug für Draußen Styroporflieger Flieger, Planes Airplane Wurfgleiter, Kindertagsgeschenke, Junge Mädchen Geburtstagsgeschenke",https://www.amazon.de/dp/B0G5Z1WDTV?th=1,1770076800000,100,德国,汽车
1777254365791,亚马逊,B0GGXXP5KK,https://m.media-amazon.com/images/I/41O2TQkUF+L._AC_US200_.jpg,"Nähmaschine Anfänger mit 12 Stichmustern Nähzubehör-Set Nähmaschine Elektrisch mit 42 Teilen Zubehör, Leicht Tragbar für DIY & Handarbeit - für Kinder & Erwachsene (Lila/Weiß)",https://www.amazon.de/dp/B0GGXXP5KK?th=1,1769990400000,100,德国,工艺
1777254365791,亚马逊,B0GH2CVYV4,https://m.media-amazon.com/images/I/412eFqbRcOL._AC_US200_.jpg,"HABA Stacking Challenge Einhorn – Das ultimative Unicorn Stapel-Duell mit 300 Levels, kompaktes Geschicklichkeitsspiel ab 6 Jahren, ideales Reisespiel & Mitbringsel - 2013866001",https://www.amazon.de/dp/B0GH2CVYV4?th=1,1769990400000,100,德国,游戏
1777254365791,亚马逊,B0GGRMS8LZ,https://m.media-amazon.com/images/I/718KNlmpPBL._AC_US200_.jpg,"HABA Stacking Challenge Animals – Das fesselnde Tier-Stapel-Duell mit 300 Levels, kompaktes Geschicklichkeitsspiel ab 6 Jahren, ideales Reisespiel & Mitbringsel für unterwegs – 2013867001",https://www.amazon.de/dp/B0GGRMS8LZ?th=1,1769990400000,100,德国,游戏
1777254365791,亚马逊,B0FPXQLVBV,https://m.media-amazon.com/images/I/81lbuo8klsL._AC_US200_.jpg,LEGO Star Wars 75426 SMART Play: Millennium Falke Modell - Kompatibles Interaktives Spielzeug inkl. 4 SMART Tags und 4 Minifiguren - Geschenkidee für Jungen und Mädchen ab 9 Jahren und erwachsene Fans,https://www.amazon.de/dp/B0FPXQLVBV?th=1,1769990400000,400,德国,建筑-
1777254365791,亚马逊,B0GJDHXBS7,https://m.media-amazon.com/images/I/81aVvXY9ZuL._AC_US200_.jpg,HABA 3 + 4 = Krabbeltier – Lustiges Mathe-Lernspiel für Kinder ab 6 Jahren – Rechnen Lernen bis 10 & Gedächtnistraining Einschulung & 1. Klasse – 2013336001,https://www.amazon.de/dp/B0GJDHXBS7?th=1,1769990400000,200,德国,游戏
1777254365791,亚马逊,B0GHY9CXYM,https://m.media-amazon.com/images/I/81TLLnJlCfL._AC_US200_.jpg,"HABA Terra Kids Pocket-Frisbee 2er-Set – Mini-Wurfscheiben aus weichem Silikon – Pink/Gelb – für Kinder ab 4 Jahren – Outdoor-Frisbees für Park, Strand & Camping – 2013659001",https://www.amazon.de/dp/B0GHY9CXYM?th=1,1769990400000,100,德国,派对
1777254365791,亚马逊,B0GJ69FN4N,https://m.media-amazon.com/images/I/71-a8vzPe4L._AC_US200_.jpg,Bubble Brothers 5L Seifenblasenflüssigkeit für Riesenseifenblasen & Seifenblasen – Premium Nachfüllkanister für Kindergeburtstag & Outdoor Spaß XXL unplatzbare Seifenblasen,https://www.amazon.de/dp/B0GJ69FN4N?th=1,1769990400000,100,德国,体育
1777254365791,亚马逊,B0GHP459GD,https://m.media-amazon.com/images/I/41v8KRCmHIL._AC_US200_.jpg,"Depesche 13445 TOPModel - Pocket Malbuch in praktischer Größe mit 120 Seiten zum Designen von Outfits, Malheft mit Stickerbogen und Spiralbindung",https://www.amazon.de/dp/B0GHP459GD?th=1,1769990400000,100,德国,工艺
1777254365791,亚马逊,B0CRL195PW,https://m.media-amazon.com/images/I/717C0c5qejL._AC_US200_.jpg,"Skirfy Elektrische Wasserpistole, automatische Wasseraufnahme, Wasserpistole für Erwachsene und Kinder, batteriebetriebene Spritzpistole mit automatischem Wasserstrahl, Spielzeug für Pool",https://www.amazon.de/dp/B0CRL195PW?th=1,1769904000000,100,德国,体育
1777254365791,亚马逊,B0GJP2LY1D,https://m.media-amazon.com/images/I/6175RC1OL5L._AC_US200_.jpg,Generisch 216-teiliger 3D-Bausatz,https://www.amazon.de/dp/B0GJP2LY1D?th=1,1769904000000,100,德国,爱好
1777254365791,亚马逊,B0GFH3Z1HH,https://m.media-amazon.com/images/I/41H+Rx-0pEL._AC_US200_.jpg,Würfelblock A6 – 5er Set Ersatz-Punkteblöcke | Je Block 50 Seiten | Qualitätspapier | Für Würfelspiele,https://www.amazon.de/dp/B0GFH3Z1HH?th=1,1769904000000,700,德国,游戏
1777254365791,亚马逊,B0GKHBNGC5,https://m.media-amazon.com/images/I/41qyCeVzRPL._AC_US200_.jpg,"Majestic Sport Rocks, Sensorische Balanciersteine für Kinder – 5er Set – Belastbar, Fördert Gleichgewicht, Motorik & Koordination – Indoor & Outdoor",https://www.amazon.de/dp/B0GKHBNGC5?th=1,1769904000000,200,德国,体育
1777254365791,亚马逊,B0G1YYYJYF,https://m.media-amazon.com/images/I/61Ab5yJAR2L._AC_US200_.jpg,"Squishmallows SQCR09449 - Akiyo die Sakura-Jackalope 19 cm, offizielles Jazwares Plüsch, superweiches Kuscheltier",https://www.amazon.de/dp/B0G1YYYJYF?th=1,1769904000000,100,德国,娃娃机
1777254365791,亚马逊,B0GH7TWK7L,https://m.media-amazon.com/images/I/61WCB86iEVL._AC_US200_.jpg,"moses. Glitzernde Klebe-Ohrringe – 30 Paar funkelnde Sticker-Ohrringe mit Glitzer und holografischer Veredelung, Schmuckspaß für Kinder ab 3 Jahren",https://www.amazon.de/dp/B0GH7TWK7L?th=1,1769817600000,100,德国,儿童角色扮演游戏
1777254365791,亚马逊,B0FG74QXJB,https://m.media-amazon.com/images/I/81PfC1VxSkL._AC_US200_.jpg,"PLEGBLE Drohne mit Kamera 4K für Kinder, Mini Drohne Erwachsene, Bürstenlosem Motor FPV RC Drone mit 5G WiFi, Höhenhaltung, 3D Flip, Kopflos Modus, Flugbahn, Spielzeug Geschenke für Jungen ab 8 Jahre",https://www.amazon.de/dp/B0FG74QXJB?th=1,1769817600000,200,德国,遥控模型
1777254365791,亚马逊,B0GDTD5KGC,https://m.media-amazon.com/images/I/71nmsy6nl6L._AC_US200_.jpg,"24 Stück Ostereier zum Befüllen, osterei, Ostern kinder für oster geschenke, Geschenk ostern für Kinder zum Basteln zu Oster Osterdeko Zum Füllen von Süßigkeiten und Kindergeschenken an Ostereier",https://www.amazon.de/dp/B0GDTD5KGC?th=1,1769731200000,100,德国,派对及娱乐商品
1777254365791,亚马逊,B0GF8DM14F,https://m.media-amazon.com/images/I/815-BOvsyvL._AC_US200_.jpg,"Pokémon-Sammelkartenspiel: Tin-Box-Bundle Pokéball – Pokéball, Premierball & Wiederball (9 Boosterpacks des Pokémon-Sammelkartenspiels & 6 Stickerbögen)",https://www.amazon.de/dp/B0GF8DM14F?th=1,1769731200000,400,德国,爱好
1777254365791,亚马逊,B0GF8KDB7G,https://m.media-amazon.com/images/I/81xjfZeWdpL._AC_US200_.jpg,"Pokémon-Sammelkartenspiel: Tin-Box-Bundle Pokéball – Pokéball, Superball & Hyperball (9 Boosterpacks des Pokémon-Sammelkartenspiels & 6 Stickerbögen)",https://www.amazon.de/dp/B0GF8KDB7G?th=1,1769731200000,700,德国,爱好
1777254365791,亚马逊,B0GFWDN6Q9,https://m.media-amazon.com/images/I/51DlReYIn2L._AC_US200_.jpg,Angeln Spielzeug 45 Stück Magnetisches Angelspiel Badespielzeug Badewannenspielzeug Wasserspielzeug Badewanne Für Kleinkinder Kindern Spielzeug Outdoor Spiele Lernspiel Kinder,https://www.amazon.de/dp/B0GFWDN6Q9?th=1,1769731200000,100,德国,婴幼儿
1777254365791,亚马逊,B0G39M84W9,https://m.media-amazon.com/images/I/51n8vglCdSL._AC_US200_.jpg,"BLOT Kinder Fingerfarben mit 12 Farben (36 ml), Ungiftige & Auswaschbare Kinderfingerfarben, Babyfreundliche Farbe für Hände und Füße, Künstlermaterial für Kinder, Ab 3+",https://www.amazon.de/dp/B0G39M84W9?th=1,1769731200000,100,德国,工艺
1777254365791,亚马逊,B0G5X391B9,https://m.media-amazon.com/images/I/41gjGL1rcPL._AC_US200_.jpg,"Lehoo Castle Holz Montessori Kinder Schlagzeugset Spielzeug ab 1- 3 Jahre mädchen , Musikinstrumente für Kinder mit Xylophon Trommel, Musikspielzeug für Babys im Vorschulalter, Lernspielzeug Geschenk",https://www.amazon.de/dp/B0G5X391B9?th=1,1769731200000,100,德国,乐器
1777254365791,亚马逊,B0FXGYHT1S,https://m.media-amazon.com/images/I/71jXfqjdxZL._AC_US200_.jpg,"Fakjank F417PRO Drohne mit Kamera 1080P für Kinder und Erwachsene, Mini Drohne mit Bildschirm, Duale 90° Linse, LED, Optischer Fluss, Anfänger Drohne, Modularer Akku, Headless, 3D-Flip, Koffer",https://www.amazon.de/dp/B0FXGYHT1S?th=1,1769644800000,100,德国,遥控模型
1777254365791,亚马逊,B0GG6LJWMX,https://m.media-amazon.com/images/I/71dEGA68TwL._AC_US200_.jpg,"25 pcs K-pop Tortendeko Mädchen Set,Hunters Demon Tortendekoration Cake Topper,Kuchen Deko Kindergeburtstag,zum Dekorieren von Cupcakes Kindergeburtstag Cake Topper Set,Happy Birthday Tortenaufsatz",https://www.amazon.de/dp/B0GG6LJWMX?th=1,1769644800000,100,德国,Party & Dekoration
1777254365791,亚马逊,B0GHPPBNSF,https://m.media-amazon.com/images/I/81p3Xds807L._AC_US200_.jpg,"Kosmos 686390 Fourth Wing Puzzle - Dragons, offiziell Lizenziertes, hochwertiges, rundes 500 Teile Puzzle, die Drachen Tairn und Andarna über Navarre, für Fans, als Geschenk für Junge Erwachsene",https://www.amazon.de/dp/B0GHPPBNSF?th=1,1769644800000,100,德国,拼图
1777254365791,亚马逊,B0GC3RTL8Z,"https://m.media-amazon.com/images/I/41WmeJleZ9L._AC_SR200,200_.jpg","Tucnoeu 10pcs Partyhüte, Partyhüte für Kuscheltiere, Kleine Party hüte Kuscheltiere, Perfekt für Geburtstagsfeiern, Kinder und Erwachsene",https://www.amazon.de/dp/B0GC3RTL8Z?th=1,1769644800000,100,德国,派对
1777254365791,亚马逊,B0GJSMV6YW,https://m.media-amazon.com/images/I/51hYbODsTdL._AC_US200_.jpg,"LearnToy Montessori 7-in-1 Aktivitätsset für Kleinkinder 18–36 Monate – Spielzeug mit Stapelblöcken, Beißring & Sensorik-Spiel, Geschenkidee",https://www.amazon.de/dp/B0GJSMV6YW?th=1,1769644800000,100,德国,婴幼儿
1777254365791,亚马逊,B0G4RB4CQD,https://m.media-amazon.com/images/I/91NFsMUIwFL._AC_US200_.jpg,"QUOKKA Puzzle Für Erwachsene – 500 Teiliges Puzzle Zum Thema Bauernhof, Originelle Collage, Vom Künstler Handgefertigt, Einzigartig Geschnittene Teile Mit Gutem Griff, FSC Zertifiziert Und Recycelba",https://www.amazon.de/dp/B0G4RB4CQD?th=1,1769644800000,100,德国,拼图
1777254365791,亚马逊,B0GHKC8537,https://m.media-amazon.com/images/I/818NwvsHCYL._AC_US200_.jpg,"10 Stück Feuerfarben Pulver, Magisches Feuerfarben, Feuerfarbenwechselpulver, Bunte Farbwechsel Feuerfarben Set für Camping, Partys Flammenzauber in Feuerschale, Lagerfeuer, Kamin, 15g x 10",https://www.amazon.de/dp/B0GHKC8537?th=1,1769558400000,100,德国,派对
1777254365791,亚马逊,B0FZRMMPTB,https://m.media-amazon.com/images/I/51W7vlH3ShL._AC_US200_.jpg,"Ostereier zum Bemalen Ostern Basteln Kinder, Plastikeier zum Bemalen, DIY Färben Ostereier zum Aufhängen, Malset Kinder mit 25PCS Weiße Eier Plastik Lanyards Farbige Stifte Sticker, Ostergeschenke",https://www.amazon.de/dp/B0FZRMMPTB?th=1,1769558400000,100,德国,工艺
1777254365791,亚马逊,B0GGJ2PCPN,https://m.media-amazon.com/images/I/51Ion9dj6EL._AC_US200_.jpg,"Pokémon (Sammelkartenspiel), PKM ME03 Top-Trainer-Box",https://www.amazon.de/dp/B0GGJ2PCPN?th=1,1769558400000,6000,德国,爱好
1777254365791,亚马逊,B0GGJ6D8RQ,https://m.media-amazon.com/images/I/81sYMcD+RZL._AC_US200_.jpg,Pokémon-Sammelkartenspiel: Boosterbundle Mega-Entwicklung – Optimale Ordnung (6 Boosterpacks),https://www.amazon.de/dp/B0GGJ6D8RQ?th=1,1769558400000,6000,德国,爱好
1777254365791,亚马逊,B0G86Z17Y8,https://m.media-amazon.com/images/I/71N6j7chRTL._AC_US200_.jpg,Magic: The Gathering Geheimnisse von Strixhaven Commander-Deck – Blütenwelk-Pestilenz (Englische Version),https://www.amazon.de/dp/B0G86Z17Y8?th=1,1769558400000,100,德国,游戏
1777254365791,亚马逊,B0G866V9ZF,https://m.media-amazon.com/images/I/517hMCsLppL._AC_US200_.jpg,Magic: The Gathering Geheimnisse von Strixhaven (Englische Version),https://www.amazon.de/dp/B0G866V9ZF?th=1,1769558400000,100,德国,游戏
1777254365791,亚马逊,B0G8ZB7YCJ,https://m.media-amazon.com/images/I/711xngkbGOL._AC_US200_.jpg,Magic: The Gathering Geheimnisse von Strixhaven Commander-Deck – Kundhort-Geist (Deutsche Version),https://www.amazon.de/dp/B0G8ZB7YCJ?th=1,1769558400000,100,德国,游戏
1777254365791,亚马逊,B0GH12YBBH,https://m.media-amazon.com/images/I/51CNHZYvyML._AC_US200_.jpg,"Nauotk Busy Board Montessori Spielzeug für Babys ab 2 Jahr, Motorikspielzeug mit 19 LED, Holzspielzeug Sensorik, Lernspielzeug für Kleinkinder, Geschenk Jungen und Mädch ab 2 3 4 Jahr",https://www.amazon.de/dp/B0GH12YBBH?th=1,1769558400000,200,德国,实验
1777254365791,亚马逊,B0GK5X3317,https://m.media-amazon.com/images/I/81NrAiG6BUL._AC_US200_.jpg,"EUCOCO Kinderspielzeug ab 2 3 4 5 6 Jahre, Auto Transporter Geschenk Junge 2-6 Jahre, LKW Spielzeug 158 cm Truck Spielzeugauto mit 8 Rennautos Ostergeschenke für Kinder",https://www.amazon.de/dp/B0GK5X3317?th=1,1769558400000,200,德国,汽车
1777254365791,亚马逊,B0G7Z383SB,https://m.media-amazon.com/images/I/41kFIeLc4mL._AC_US200_.jpg,"Tortendeko Konfirmation mit LED Lichterkette, Tortenaufleger Konfirmation aus Holz, Arche Noah & Fisch Cake Topper, Deko & Konfirmationsgeschenk für Jungen und Mädchen",https://www.amazon.de/dp/B0G7Z383SB?th=1,1769558400000,100,德国,派对
1777254365791,亚马逊,B0G87BJ9F3,https://m.media-amazon.com/images/I/71plmRUWcKL._AC_US200_.jpg,Magic: The Gathering Geheimnisse von Strixhaven Sammler-Booster (Englische Version),https://www.amazon.de/dp/B0G87BJ9F3?th=1,1769558400000,100,德国,游戏
1777254365791,亚马逊,B0G8Y6PWNZ,https://m.media-amazon.com/images/I/71CZHj+e9RL._AC_US200_.jpg,Magic: The Gathering Geheimnisse von Strixhaven Commander-Deck – Blütenwelk-Pestilenz (Deutsche Version),https://www.amazon.de/dp/B0G8Y6PWNZ?th=1,1769558400000,200,德国,游戏
1777254365791,亚马逊,B0G874G6HD,https://m.media-amazon.com/images/I/71cKZFmdG2L._AC_US200_.jpg,Magic: The Gathering Geheimnisse von Strixhaven Commander-Deck – Quandrix ohne Limit (Englische Version),https://www.amazon.de/dp/B0G874G6HD?th=1,1769558400000,100,德国,游戏
1777254365791,亚马逊,B0G8YSMXK6,https://m.media-amazon.com/images/I/71fHDynMrRL._AC_US200_.jpg,Magic: The Gathering Geheimnisse von Strixhaven Commander-Deck – Silberkiel-Charisma (Deutsche Version),https://www.amazon.de/dp/B0G8YSMXK6?th=1,1769558400000,200,德国,游戏
1777254365791,亚马逊,B0G87JBK84,https://m.media-amazon.com/images/I/71D9zaGkEtL._AC_US200_.jpg,Magic: The Gathering Geheimnisse von Strixhaven Commander-Deck – Prismari-Kunstfertigkeit (Englische Version),https://www.amazon.de/dp/B0G87JBK84?th=1,1769558400000,100,德国,游戏
1777254365791,亚马逊,B0G887STC9,https://m.media-amazon.com/images/I/71UNnlp6awL._AC_US200_.jpg,Magic: The Gathering Geheimnisse von Strixhaven Commander-Deck – Kundhort-Geist (Englische Version),https://www.amazon.de/dp/B0G887STC9?th=1,1769558400000,100,德国,游戏
1777254365791,亚马逊,B0G8YNVWQ2,https://m.media-amazon.com/images/I/81PW69coUfL._AC_US200_.jpg,Magic: The Gathering Geheimnisse von Strixhaven – Sammler-Booster-Display (Deutsche Version),https://www.amazon.de/dp/B0G8YNVWQ2?th=1,1769558400000,100,德国,游戏
1777254365791,亚马逊,B0G8YSBCRV,https://m.media-amazon.com/images/I/71arv+NizyL._AC_US200_.jpg,Magic: The Gathering Geheimnisse von Strixhaven Commander-Deck – Quandrix ohne Limit (Deutsche Version),https://www.amazon.de/dp/B0G8YSBCRV?th=1,1769558400000,100,德国,游戏
1777254365791,亚马逊,B0G81828NR,https://m.media-amazon.com/images/I/51Ry2l+U77L._AC_US200_.jpg,"YPLUS Wassermalbuch für Kinder ab 3-6 Jahre - Malbuch mit Wasserfarben, 8 Farben & Magisches Malen - Malbuch ab 3 mit Wasserpen, Basteln ab 4 Jahre, Themen - Tiere",https://www.amazon.de/dp/B0G81828NR?th=1,1769558400000,100,德国,工艺
1777254365791,亚马逊,B0GC6NM7QW,https://m.media-amazon.com/images/I/51LDTdgx6aL._AC_US200_.jpg,iLAND Basteln Mit Kindern Modelliermasse Lufttrocknend Bastelset Mädchen 7 Jahre Clay Bäckerei DIY Set Basteln Geschenke Für 12 Jährige Mädchen Lustige Geburtstagsgeschenke Spielzeug Kreativ,https://www.amazon.de/dp/B0GC6NM7QW?th=1,1769558400000,100,德国,工艺
1777254365791,亚马逊,B0FPXS67NL,https://m.media-amazon.com/images/I/81UFJL8k-KL._AC_US200_.jpg,LEGO Star Wars 75425 SMART Play: Mos Eisley Cantina - Kompatibles Interaktives Spielzeug inkl. 3 SMART Tags und 2 Minifiguren - Geschenkidee für Jungen und Mädchen ab 8 Jahren & Erwachsene Fans,https://www.amazon.de/dp/B0FPXS67NL?th=1,1769472000000,200,德国,建筑-
1777254365791,亚马逊,B0GJZLDY41,https://m.media-amazon.com/images/I/51jSOHPq1wL._AC_US200_.jpg,"SpielLieb® Montessori Quiet Book ab 1 Jahr - interaktives Busy Board ab 1 Jahr mit Fahrzeugen - Quiet Book & Motorikspielzeug, ideale Beschäftigung für Autofahrten - Geschenk Junge & Mädchen (Rot)",https://www.amazon.de/dp/B0GJZLDY41?th=1,1769472000000,300,德国,实验
1777254365791,亚马逊,B0GJK57WP6,https://m.media-amazon.com/images/I/41EKYaIrEgL._AC_US200_.jpg,"Bruder 02741 - Man TGA Absetzcontainer LKW - 1:16 Fahrzeuge, Lastwagen, Laster, Baufahrzeug, Baustelle, Spielzeug ab 3 Jahre",https://www.amazon.de/dp/B0GJK57WP6?th=1,1769472000000,100,德国,汽车
1777254365791,亚马逊,B0GGJB4QDW,https://m.media-amazon.com/images/I/81ytKTMex7L._AC_US200_.jpg,"Pokémon-Sammelkartenspiel: Illustrations-Kollektion Erste Partner: Serie 1 (3 Promokarten, 2 Boosterpacks und 1 Stickerbogen)",https://www.amazon.de/dp/B0GGJB4QDW?th=1,1769472000000,4000,德国,爱好
1777254365791,亚马逊,B0FPYB5C2J,https://m.media-amazon.com/images/I/81-haT7tgRL._AC_US200_.jpg,LEGO Star Wars 75424 SMART Play: AT-ST Angriff auf Endor - Kompatibles Interaktives Spielzeug inkl. 2 SMART Tags und Wicket Minifigur - Geschenk für Jungen und Mädchen ab 8 Jahren und Erwachsene Fans,https://www.amazon.de/dp/B0FPYB5C2J?th=1,1769472000000,300,德国,建筑-
1777254365791,亚马逊,B0GHPSKT19,https://m.media-amazon.com/images/I/31HWxfU5kGL._AC_US200_.jpg,"EUROtops 2 Magische Osterküken – Interaktive Plüschküken, Piepen bei Berührung, Perfekte Tisch-Deko, Kuschelig und Überraschend für Osterbrunch und Mitbringsel",https://www.amazon.de/dp/B0GHPSKT19?th=1,1769472000000,100,德国,毛绒玩具
1777254365791,亚马逊,B0G6KGX2T7,https://m.media-amazon.com/images/I/51Y9LTRANnL._AC_US200_.jpg,"Sammelalbum für Pokemon Karten, 50 Seiten 900 Karten Kapazität Sammelkarten Album Sammelmappe Karten Ordner Heft, Tragbar Wasserdicht PU-Material Sammelkartenalben, Geschenk für Kinder (YB900)",https://www.amazon.de/dp/B0G6KGX2T7?th=1,1769472000000,100,德国,收藏玩具
1777254365791,亚马逊,B0G7F26ZBD,https://m.media-amazon.com/images/I/513fzE9XLXL._AC_US200_.jpg,Giftota Geschenke für Mama - Muttertagsgeschenk - Geburtstagsgeschenk für Mama - Geschenke für Frauen - Dankeschön Geschenk - Pocket Hug Vergissmeinnicht - Glücksbringer - Gehäkelte Blumen,https://www.amazon.de/dp/B0G7F26ZBD?th=1,1769472000000,100,德国,派对和笑话文章
1777254365931,亚马逊,B0GSF5LQ8C,https://m.media-amazon.com/images/I/51je+a-YZwL._AC_US200_.jpg,"2026 Upgrade 4Pcs Glitter Dumpling,Giant Dumpling Squishy, Mega Rainbow Dumplings, Cute Anxiety Relief Fidget , Soft Squeeze Decompression Dough for Adult.",https://www.amazon.com/dp/B0GSF5LQ8C?th=1,1774569600000,500,美国,Novelty & Gag Toys
1777254365931,亚马逊,B0GSRXW8TC,https://m.media-amazon.com/images/I/71dKp0UXdQL._AC_US200_.jpg,"Glitter Dumpling Squishy Mystery Box,Slow Rising Glitter Squishy Toy,Anxiety Relief Fidget,Simulation Food Squishies Bun (Dumpling H)",https://www.amazon.com/dp/B0GSRXW8TC?th=1,1774569600000,300,美国,Novelty & Gag Toys
1777254365931,亚马逊,B0GS96F2V9,https://m.media-amazon.com/images/I/61qnq32R8eL._AC_US200_.jpg,"Slow Rebound Cute Butter Squeeze Stress Balls, 2026 New Realistic Soft Butter Stick Fidget Toy,Slow Rising Portable Squishy for Adults Anxiety & Stress Relief, Sensory Gifts for Office, Home",https://www.amazon.com/dp/B0GS96F2V9?th=1,1774569600000,200,美国,Novelty & Gag Toys
1777254365931,亚马逊,B0GSVVVQP8,https://m.media-amazon.com/images/I/51vM79FH8PL._AC_US200_.jpg,Slow Rebound Cute Butter Squeeze Stress Balls，Slow Rising Squishy，Stress Balls，Upgrade Stress Relief Fidget Toys Wet Slow Rebound Stress Relief Toy,https://www.amazon.com/dp/B0GSVVVQP8?th=1,1774483200000,1000,美国,Novelty & Gag Toys
1777254365931,亚马逊,B0GS1X2M8J,https://m.media-amazon.com/images/I/618jDZRzSFL._AC_US200_.jpg,"52PCS-Kuromi Birthday Party Supplies, Party Decorations Set Include Banner, Balloons, Hanging Swirls, Cake Cupcake Toppers, Tablecloth for Girls Kuromi Theme Party..",https://www.amazon.com/dp/B0GS1X2M8J?th=1,1774483200000,200,美国,派对用品
1777254365931,亚马逊,B0GS8YGHXN,https://m.media-amazon.com/images/I/51Hb9BallfL._AC_US200_.jpg,"Squishy Butter, Butter Squishies, Butter Stick Slow Rising Squishy Toy, Slow Rebound Stress Relief Fidget Toys (1 Pcs)",https://www.amazon.com/dp/B0GS8YGHXN?th=1,1774483200000,300,美国,Novelty & Gag Toys
1777254365931,亚马逊,B0GK7M7YDQ,https://m.media-amazon.com/images/I/51qcfy71D+L._AC_US200_.jpg,"2027 Upgraded Toddlers 1-3 Water Table with Electric Pump, Kids Water Table with Faucet Play Food Accessories Fishing Toy, Kitchen Play Sink Toys for Girl Boy Age 4-8 (Pink)",https://www.amazon.com/dp/B0GK7M7YDQ?th=1,1774483200000,200,美国,运动与户外游戏
1777254365931,亚马逊,B0GT144XYL,https://m.media-amazon.com/images/I/41ZwlzNWHGL._AC_US200_.jpg,"Yellow Cheese Squeeze Toy,Soft Sensory Stress Relief Toy for Adults,Soft Novelty , Rebounding Sensory, Theme Cheese Cubes Squishy ,Suitable for All Ages（1.97in）",https://www.amazon.com/dp/B0GT144XYL?th=1,1774483200000,900,美国,Novelty & Gag Toys
1777254365931,亚马逊,B0GTRHR8NK,https://m.media-amazon.com/images/I/41JCzKUzErL._AC_US200_.jpg,Bubble Cigarette Pack Realistic Fake Cigarette Bubble Blower with Solution Mini Bubble Toy for Stress Relief Funny Adult Gag Gift and Party Favor,https://www.amazon.com/dp/B0GTRHR8NK?th=1,1774483200000,300,美国,体育
1777254365931,亚马逊,B0GGR2HMMF,https://m.media-amazon.com/images/I/51DRnc1luEL._AC_US200_.jpg,"Collapsible Beach Sand Toys for Kids Toddlers, Collapsible Sand Bucket with Water Wheel Sifter Shovels Set with Mesh Bag and Sand Molds, Travel Beach Sandbox Toys for Boys Girls 3 4 5 6 7 8 9 10+",https://www.amazon.com/dp/B0GGR2HMMF?th=1,1774483200000,300,美国,运动与户外游戏
1777254365931,亚马逊,B0GTTZT7Y2,https://m.media-amazon.com/images/I/4134rLiNVFL._AC_US200_.jpg,"Ice Cube Squishy Stress Toy for Kids Adults, Fidget Toys Slow Rising Fidget Cube Sensory for Anxiety Stress Relief High Density, Squishies Ice Squeeze Ball, Fidgets for Classroom Prize Toys (4#d)",https://www.amazon.com/dp/B0GTTZT7Y2?th=1,1774483200000,500,美国,Novelty & Gag Toys
1777254365931,亚马逊,B0GSQZ22JF,https://m.media-amazon.com/images/I/415B+tIeduL._AC_US200_.jpg,"Colorful Dumpling Squishy Stress Balls Fidget Toys for Adults & Teens, Mystery Soft Dumpling Squeeze Toy Box, Sensory Stress Relief Squeeze Toys (Purple)",https://www.amazon.com/dp/B0GSQZ22JF?th=1,1774483200000,200,美国,Novelty & Gag Toys
1777254365931,亚马逊,B0GT4FF9LB,https://m.media-amazon.com/images/I/41M+cvcXiOL._AC_US200_.jpg,"Glitter Babies Doll Squishies Stress Toy – 4"" Soft Squeezable Fidget Toy, Cute Sparkly Sensory Decompression Doll for Adults, Portable Desk Decor & Anxiety Relief Gift (Pink)",https://www.amazon.com/dp/B0GT4FF9LB?th=1,1774483200000,200,美国,Novelty & Gag Toys
1777254365931,亚马逊,B0GTQ515L6,https://m.media-amazon.com/images/I/513YeBwgwcL._AC_US200_.jpg,"25 Pcs Korean Idol Movie Cake Decorations, Cartoon Movie Cake and Cupcake Toppers Set, Cartoon Animation Theme for Kids Birthday Celebrations",https://www.amazon.com/dp/B0GTQ515L6?th=1,1774483200000,1000,美国,派对用品
1777254365931,亚马逊,B0GS54Y9GL,https://m.media-amazon.com/images/I/51-CWZk4M+L._AC_US200_.jpg,"Glitter Dumpling Squishy,Dumpling Squishies,Glitter Dumpling Mystery Box,Colorful Dumpling Stress Balls Fidget,Jumbo Squishy Toy with Steamer Box,Soft Squeeze Decompression Dough (Glitter Red)",https://www.amazon.com/dp/B0GS54Y9GL?th=1,1774483200000,600,美国,Novelty & Gag Toys
1777254365931,亚马逊,B0GS58CZ81,https://m.media-amazon.com/images/I/416cyVi83IL._AC_US200_.jpg,"Glitter Dumpling Squishy,Dumpling Squishies,Glitter Dumpling Mystery Box,Colorful Dumpling Stress Balls Fidget,Jumbo Squishy Toy with Steamer Box,Soft Squeeze Decompression Dough (Purple)",https://www.amazon.com/dp/B0GS58CZ81?th=1,1774483200000,900,美国,Novelty & Gag Toys
1777254365931,亚马逊,B0GS5DQR5J,https://m.media-amazon.com/images/I/51m7NaAWVuL._AC_US200_.jpg,"Glitter Dumpling Squishy,Dumpling Squishies,Glitter Dumpling Mystery Box,Colorful Dumpling Stress Balls Fidget,Jumbo Squishy Toy with Steamer Box,Soft Squeeze Decompression Dough (Glitter Blue)",https://www.amazon.com/dp/B0GS5DQR5J?th=1,1774483200000,900,美国,Novelty & Gag Toys
1777254365931,亚马逊,B0GS5B3MSS,https://m.media-amazon.com/images/I/51ofjgBXrXL._AC_US200_.jpg,"Glitter Dumpling Squishy,Dumpling Squishies,Glitter Dumpling Mystery Box,Colorful Dumpling Stress Balls Fidget,Jumbo Squishy Toy with Steamer Box,Soft Squeeze Decompression Dough (Glitter Gold)",https://www.amazon.com/dp/B0GS5B3MSS?th=1,1774483200000,1000,美国,Novelty & Gag Toys
1777254365931,亚马逊,B0GS5664L2,https://m.media-amazon.com/images/I/41eAlmkL8CL._AC_US200_.jpg,"Glitter Dumpling Squishy,Dumpling Squishies,Glitter Dumpling Mystery Box,Colorful Dumpling Stress Balls Fidget,Jumbo Squishy Toy with Steamer Box,Soft Squeeze Decompression Dough (Green)",https://www.amazon.com/dp/B0GS5664L2?th=1,1774483200000,600,美国,Novelty & Gag Toys
1777254365931,亚马逊,B0GTVMKF8G,https://m.media-amazon.com/images/I/41KOtPsXZ4L._AC_US200_.jpg,"Mahjong Cards 2026, 4Pcs Official Revision Game Cards with Covers - Premium Waterproof Latest Version Mahjong Score Cards, Clear Large Print, Easy-to-Read & Understanding for Mahjong Fans",https://www.amazon.com/dp/B0GTVMKF8G?th=1,1774483200000,1000,美国,游戏
1777254365931,亚马逊,B0GS68LJ77,https://m.media-amazon.com/images/I/413pi7JvA8L._AC_US200_.jpg,"Slow Rebound Cute Butter Squeeze Stress Balls, 2026 New Realistic Soft Butter Stick Fidget Toy,Slow Rising Portable Squishy for Adults Anxiety & Stress Relief, Sensory Gifts for Office, Home（4pcs",https://www.amazon.com/dp/B0GS68LJ77?th=1,1774483200000,900,美国,Novelty & Gag Toys
1777254365931,亚马逊,B0GQGYPZH1,https://m.media-amazon.com/images/I/61WLvSWUmqL._AC_US200_.jpg,"LINAYE 150Pcs Funny Nurse Stickers Vinyl Waterproof Non-Repeating Adhesive Nursing Healthcare Medical Stickers Decals Bulk for Nurse Week Water Bottles, Planner, Cups, Laptop for Kids Adults",https://www.amazon.com/dp/B0GQGYPZH1?th=1,1774483200000,500,美国,艺术
1777254365931,亚马逊,B0GS59VPDZ,https://m.media-amazon.com/images/I/61V72HhEfJL._AC_US200_.jpg,"America 250th Anniversary Commemorative Coin,USA 250th Anniversary Coin Challenge,for Patriotism,250 Year American Anniversary Coin American Eagle & Patriotic Symbols Collectible (Style 2)",https://www.amazon.com/dp/B0GS59VPDZ?th=1,1774483200000,600,美国,新颖性
1777254365931,亚马逊,B0GRMMTGCM,https://m.media-amazon.com/images/I/51Ux2jiCP5L._AC_US200_.jpg,"4 Packs Fidget Keyboard Keychain Toy, Keyboard with LED Lights Clicker Fidget Stress Relief Keyboard, Fidget Clicker Gifts for Kids Easter Christmas (Clear)",https://www.amazon.com/dp/B0GRMMTGCM?th=1,1774483200000,200,美国,Novelty & Gag Toys
1777254365931,亚马逊,B0GF46Y89K,https://m.media-amazon.com/images/I/41vQHv0QtRL._AC_US200_.jpg,Speks Odds Soft Silicone Fidget Magnets | Silent Stress Relief Toys | Textured Magnetic Balls for Adults & Teens 14+ | Purple Puffs,https://www.amazon.com/dp/B0GF46Y89K?th=1,1774483200000,300,美国,新颖性
1777254365931,亚马逊,B0FT1D9MS9,https://m.media-amazon.com/images/I/51Fi-fTC5eL._AC_US200_.jpg,YoYa Toys Musheez Unicorn Stress Balls 3-Pack – Squishy Sensory Fidget Toys for Kids – Fun Stretchy Squeeze Balls – Sparkly Magical Unicorn-Shaped Squishies Calming Toy – Great Gift for Boys & Girls,https://www.amazon.com/dp/B0FT1D9MS9?th=1,1774483200000,400,美国,Novelty & Gag Toys
1777254365931,亚马逊,B0GTYFZ6W9,https://m.media-amazon.com/images/I/31G6vS6RvDL._AC_US200_.jpg,"Ice Cream Squeeze Squishy, Ultra Soft Slow Rise Sensory Fidget Toy, Ice Cream Cone Squishy, Classroom Prize Party Favors (2#Sky Blue)",https://www.amazon.com/dp/B0GTYFZ6W9?th=1,1774483200000,1000,美国,Novelty & Gag Toys
1777254365931,亚马逊,B0GSL8RZD9,https://m.media-amazon.com/images/I/41YiYXvcmdL._AC_US200_.jpg,"Dumpling Squishy – Soft TPR Squeeze Toy, Slow Rising Stress Relief Fidget, Cute Bao Bun Desk Decoration, Soft Handheld Relaxation Toy for Office Home (Yellow)",https://www.amazon.com/dp/B0GSL8RZD9?th=1,1774483200000,900,美国,Novelty & Gag Toys
1777254365931,亚马逊,B0FTFSND1S,https://m.media-amazon.com/images/I/51RtmGFUZCL._AC_US200_.jpg,"Playful Paths Dot Markers Activity Kit for Toddlers and Kids, 12 washable colors, Dot Paint Set With Free Activity Book, dot paint markers, washable markers for toddler, washable dot paints for kids",https://www.amazon.com/dp/B0FTFSND1S?th=1,1774483200000,400,美国,艺术
1777254365931,亚马逊,B0GGXRKTRP,https://m.media-amazon.com/images/I/51GHK5spXzL._AC_US200_.jpg,Aowplc Spring Make-a-Face Stickers for Kids 48 Sheets Mix 'n Match Cute Spring Crafts & Party Favors,https://www.amazon.com/dp/B0GGXRKTRP?th=1,1774483200000,600,美国,艺术
1777254365931,亚马逊,B0GSZXK55W,https://m.media-amazon.com/images/I/31HTbS5COVL._AC_US200_.jpg,Slow Rising Dumpling Squishy Butter Squeeze Toys Pack Sensory Stress Relief Squishies Soft & Stretchy Fidget Toys for Anxiety Relief Party Favors Dumpling Squishy Butter (1pc),https://www.amazon.com/dp/B0GSZXK55W?th=1,1774483200000,1000,美国,Novelty & Gag Toys
1777254365931,亚马逊,B0GR7P915X,https://m.media-amazon.com/images/I/51qZcol4z-L._AC_US200_.jpg,"41pc Mario Birthday Party Tablewares Set, 20 Plates, 20 Napkins and 1 Tablecloth ，Mario Party Decorations",https://www.amazon.com/dp/B0GR7P915X?th=1,1774483200000,300,美国,派对用品
1777254365931,亚马逊,B0GSZLPTL3,https://m.media-amazon.com/images/I/41NZPHsLZDL._AC_US200_.jpg,"Slow Rising Squishy，Taba Squishy, Stress Balls，Party Favor Gift (Butter stick-2pcs)",https://www.amazon.com/dp/B0GSZLPTL3?th=1,1774483200000,2000,美国,Novelty & Gag Toys
1777254365931,亚马逊,B0GJRV7FSJ,https://m.media-amazon.com/images/I/519aqSNCjLL._AC_US200_.jpg,"4Pcs Glow in The Dark Animal Ice Cube Stress Balls for Kids & Adults – Slow-Rising Squishy Sensory Fidget Toys, Anxiety Relief Squishies for Classroom, Therapy & Quiet Focus",https://www.amazon.com/dp/B0GJRV7FSJ?th=1,1774483200000,400,美国,Novelty & Gag Toys
1777254365931,亚马逊,B0GSQPT6DB,https://m.media-amazon.com/images/I/31StpigDp-L._AC_US200_.jpg,"Cute Duck Squishy Sugar Stress Ball,Soft Duck Stress Relief Sugar Ball Toys and Moldable Slow Rise Relaxing Sensory Fidget Stress for Anxiety Relief(Pink)",https://www.amazon.com/dp/B0GSQPT6DB?th=1,1774483200000,1000,美国,Novelty & Gag Toys
1777254365931,亚马逊,B0GTQ13VM7,https://m.media-amazon.com/images/I/51pqiKp9yTL._AC_US200_.jpg,"Acrylic Puzzles Suncatcher Window Hanging, 83 Pieces 7.4 Inch Sun Catcher Acrylic Puzzles Garden Decoration for Women Men Mom Birthday Gift Home Decor (Emerald Flame Hummingbird)",https://www.amazon.com/dp/B0GTQ13VM7?th=1,1774483200000,400,美国,拼图
1777254365931,亚马逊,B0GSHQX9QJ,https://m.media-amazon.com/images/I/41ZIfsZfMML._AC_US200_.jpg,"Dumpling Squishy, Dumpling Squishy Mystery Box, Glitter Dumplings Mystery Box, Colorful Dumplings Stress Balls Fidget Sensory Toy, Easter Basket Stuffers Party Favors (Glitter Red)",https://www.amazon.com/dp/B0GSHQX9QJ?th=1,1774483200000,900,美国,Novelty & Gag Toys
1777254365931,亚马逊,B0GSZ93Y73,https://m.media-amazon.com/images/I/41y-P9C7O+L._AC_US200_.jpg,"Premium Big Block Cube – 35% Larger Than The Standard Cube, Adults - Sensory Fidget for Stress Relief, Focus & Play – Colorful, Durable, Gift-Ready",https://www.amazon.com/dp/B0GSZ93Y73?th=1,1774483200000,300,美国,Novelty & Gag Toys
1777254365931,亚马逊,B0GTLLJSGR,https://m.media-amazon.com/images/I/518MapS1tEL._AC_US200_.jpg,"6Pcs Demon Anime Figures Set, Slayer Characters for Anime Fans (Rice Ball)",https://www.amazon.com/dp/B0GTLLJSGR?th=1,1774483200000,200,美国,玩具图
1777254365931,亚马逊,B0GTYBX4M2,https://m.media-amazon.com/images/I/61Bdp9UaB0L._AC_US200_.jpg,"Billeeit 5Pcs Water Skipping Balls for Pool Play, Swimming Pool Bouncing Ball for Kids 4-8-12 and Adults, River Lake Ocean Beach Toys with 1 Football, 2 Round Balls and 2 Discs(Watermelon Theme)",https://www.amazon.com/dp/B0GTYBX4M2?th=1,1774483200000,200,美国,体育
1777254365931,亚马逊,B0GTR5C31F,https://m.media-amazon.com/images/I/41d145pPO+L._AC_US200_.jpg,Dumpling Squishy Stress Balls Fidget Sensory Toy Mystery Dumpling Squishy Soft Squeeze Decompression Dough for Adults (White-A),https://www.amazon.com/dp/B0GTR5C31F?th=1,1774483200000,300,美国,Novelty & Gag Toys
1777254365931,亚马逊,B0GTQ1G35Y,https://m.media-amazon.com/images/I/41+SPaVim1L._AC_US200_.jpg,Dumpling Squishy Stress Balls Fidget Sensory Toy Mystery Dumpling Squishy Soft Squeeze Decompression Dough for Adults (Purple-A),https://www.amazon.com/dp/B0GTQ1G35Y?th=1,1774483200000,700,美国,Novelty & Gag Toys
1777254365931,亚马逊,B0GKC1K887,https://m.media-amazon.com/images/I/31uVY-9NIiL._AC_US200_.jpg,"Culture Fly Dandy's World 12"" Plush Toys I Officially Licensed Collectable Plush Dolls (Shelly)",https://www.amazon.com/dp/B0GKC1K887?th=1,1774483200000,800,美国,填充的动物
1777254365931,亚马逊,B0GHR9LGCD,https://m.media-amazon.com/images/I/51+g3LYCT7L._AC_US200_.jpg,"Dusty Pink Balloon Arch Kit,145Pcs Retro Blush Pink Sand White Cream Neutral Metallic Champagne Gold Balloons Different Size for Baby Shower Bridal Anniversary Birthday Party Decoration",https://www.amazon.com/dp/B0GHR9LGCD?th=1,1774483200000,200,美国,派对用品
1777254365931,亚马逊,B0GK6SQHLV,https://m.media-amazon.com/images/I/51W6YIFBx+L._AC_US200_.jpg,"2027 Upgraded Toddlers 1-3 Water Table with Electric Pump, Kids Water Table with Faucet Play Food Accessories Fishing Toy, Kitchen Play Sink Toys for Girl Boy Age 4-8 (Blue)",https://www.amazon.com/dp/B0GK6SQHLV?th=1,1774483200000,400,美国,运动与户外游戏
1777254365931,亚马逊,B0GTV6X1VN,https://m.media-amazon.com/images/I/51Nq0PAGEhL._AC_US200_.jpg,"Dumpling Squishies, 2026 Squishies Dumpling Mystery Advent Countdown Calendar, 24 PCS Random Surprise Squishies Toys, Stress Relief Sensory Fidget Toy for Anxiety Relief Hand Relax, Birthday Gifts",https://www.amazon.com/dp/B0GTV6X1VN?th=1,1774483200000,2000,美国,Novelty & Gag Toys
1777254365931,亚马逊,B0GLFMSN3Y,https://m.media-amazon.com/images/I/41J5-xVRHCL._AC_US200_.jpg,DIYDEC 1:12 Scale Miniatures Office Desk Set 14pcs Dollhouse Office Including Mini Computers Desks Office Chair Keyboard Mouse Folder Books Potted Plants for Tiny Stuff Dollhouse Figurines,https://www.amazon.com/dp/B0GLFMSN3Y?th=1,1774483200000,200,美国,娃娃
1777254365931,亚马逊,B0GC4MS8QN,https://m.media-amazon.com/images/I/51u7osTR72L._AC_US200_.jpg,Baby Bath Toys for Kids Ages 1-3 2-4 Toddler Bathtub Water Toys with 3 Strong Suction Cups Battery-Free Duck Waterfall Sensory Shower Toys with Stacking Cups for 18+ Months Boys Girls Birthday Gifts,https://www.amazon.com/dp/B0GC4MS8QN?th=1,1774483200000,200,美国,婴幼儿
1777254365931,亚马逊,B0GS4YBLJG,https://m.media-amazon.com/images/I/418dPJpfAZL._AC_US200_.jpg,"Slow Rising Butter Squishy, Dumpling Squishy Stick Stress Relief Ball for Adults and Teens, Cute Sensory Fidget Gadget, Soft Anxiety Relief with Wet Rebound, Squeeze & Squish Stress Reliever",https://www.amazon.com/dp/B0GS4YBLJG?th=1,1774483200000,1000,美国,Novelty & Gag Toys
1777254365931,亚马逊,B0GQXJLXHZ,https://m.media-amazon.com/images/I/61Sh6jnOQzL._AC_US200_.jpg,Dumpling Squishy Toy,https://www.amazon.com/dp/B0GQXJLXHZ?th=1,1774396800000,300,美国,Novelty & Gag Toys
1777254365931,亚马逊,B0GTRJ9HQG,https://m.media-amazon.com/images/I/41KyjrhGwnL._AC_US200_.jpg,"DIY Stress Ball Making Kit ,15 PCS TPR Skins with Expander & Vacuum Tool, Complete Squishy Maker Kit for Adults Kids, ASMR Sensory Stress Relief Toys, Customizable Self-Care Gift for Office & Anxiety",https://www.amazon.com/dp/B0GTRJ9HQG?th=1,1774396800000,500,美国,Novelty & Gag Toys
1777254365931,亚马逊,B0GKN568XK,https://m.media-amazon.com/images/I/517D+s5rZnL._AC_US200_.jpg,"2027 Upgraded Toddler Sand Water Table Toy with Electric Water Pump, Kids Sand Water with Faucet/Play Food Accessories/Fishing Toy, Kitchen Play Sink Toys for Girl Boy Age 3+ (Pink)",https://www.amazon.com/dp/B0GKN568XK?th=1,1774396800000,200,美国,运动与户外游戏
1777254365931,亚马逊,B0GKN78XFY,https://m.media-amazon.com/images/I/51OjTy71LKL._AC_US200_.jpg,"2027 Upgraded Toddler Sand Water Table Toy with Electric Water Pump, Kids Sand Water with Faucet/Play Food Accessories/Fishing Toy, Kitchen Play Sink Toys for Girl Boy Age 3+ (Blue)",https://www.amazon.com/dp/B0GKN78XFY?th=1,1774396800000,200,美国,运动与户外游戏
1777254365931,亚马逊,B0GSYPCJTW,https://m.media-amazon.com/images/I/41xmyrFwzLL._AC_US200_.jpg,"Dumpling Squishes Stress Balls with Steamer, Cute Anxiety Relief Toy, Soft Squeeze Decompression Dough for Adults, Simulation Food Squishies Bun (Blue)",https://www.amazon.com/dp/B0GSYPCJTW?th=1,1774396800000,400,美国,Novelty & Gag Toys
1777254365931,亚马逊,B0GSYYXT8Z,https://m.media-amazon.com/images/I/314D9iDqypL._AC_US200_.jpg,"Dumpling Squishes Stress Balls with Steamer, Cute Anxiety Relief Toy, Soft Squeeze Decompression Dough for Adults, Simulation Food Squishies Bun (Milky White)",https://www.amazon.com/dp/B0GSYYXT8Z?th=1,1774396800000,200,美国,Novelty & Gag Toys
1777254365931,亚马逊,B0GTM842LQ,https://m.media-amazon.com/images/I/412Suz459TL._AC_US200_.jpg,"9.5 Inch Giant Butter Squishy Toy, Large Slow Rising Butter-Shaped Squeeze Toy, Realistic Food Squishies, Fun Party Favor & Valentine’s Day Gift for Adults (1PCS, 9.5 Inch)",https://www.amazon.com/dp/B0GTM842LQ?th=1,1774396800000,200,美国,Novelty & Gag Toys
1777254365931,亚马逊,B0GG53DX3X,https://m.media-amazon.com/images/I/31QH+Fgu+wL._AC_US200_.jpg,"Light-Up Jumbo Spinner Toy – LED Spinning Wand with Flashing Lights, Party Favor Gift for Kids, Peeps Blue Bunny",https://www.amazon.com/dp/B0GG53DX3X?th=1,1774396800000,200,美国,新颖性
1777254365931,亚马逊,B0FT1GR7SQ,https://m.media-amazon.com/images/I/51H8UAO5CGL._AC_US200_.jpg,YoYa Toys Musheez Axolotl Stress Balls 3 Pack – Squishy Sensory Fidget Toys for Kids – Stretchy Squeeze Balls – Cute Axolotl Squishies – Calming Stress Relief Toy – Great Kawaii Gift for Boys Girls,https://www.amazon.com/dp/B0FT1GR7SQ?th=1,1774396800000,600,美国,Novelty & Gag Toys
1777254365931,亚马逊,B0GS6ZHC87,https://m.media-amazon.com/images/I/31lCCOhFKyL._AC_US200_.jpg,"2026 Upgraded Slow Rebound Butter Squeeze Stress Balls, Easter Basket Stuffers, Soft Butter Stick Squishies Toy, Slow Rising Sensory Fidget Toy for Stress Relief & Calming",https://www.amazon.com/dp/B0GS6ZHC87?th=1,1774396800000,3000,美国,Novelty & Gag Toys
1777254365931,亚马逊,B0GL11PQG1,https://m.media-amazon.com/images/I/51MYgGNQPkL._AC_US200_.jpg,"Ayeboovi Water Baseball Gloves Bouncing Ball Set for Pool Toys Beach Games,2 Baseball Style Glove for Catch Skipping Ball, Birthday Gift for Boy Girl Kid Age 8-12 & Adult Teen, Blue",https://www.amazon.com/dp/B0GL11PQG1?th=1,1774396800000,300,美国,体育
1777254365931,亚马逊,B0GK12VNJ6,https://m.media-amazon.com/images/I/410p7YlYn3L._AC_US200_.jpg,"Pink Flower First Communion Plates and Napkins, 9-Inch Disposable Paper Plates for Girls, Religious Baptism Party Supplies Decorations，serve for 20",https://www.amazon.com/dp/B0GK12VNJ6?th=1,1774396800000,200,美国,派对用品
1777254365931,亚马逊,B0GRZTQNQ5,https://m.media-amazon.com/images/I/41MyVbugQ9L._AC_US200_.jpg,"Dumpling Squishy, Mystery Dumpling Squishy, Dumplings Sensory Squeeze Toys for Stress Relief, Soft Squeeze Decompression Dough for Adults Classroom Prizes & Party Favors (Green)",https://www.amazon.com/dp/B0GRZTQNQ5?th=1,1774396800000,700,美国,Novelty & Gag Toys
1777254365931,亚马逊,B0GH6FZSTM,https://m.media-amazon.com/images/I/51lQpKENx9L._AC_US200_.jpg,"Beach Toys, Farm Theme Sand Toys for Kids Boys and Girls with 2 Truck, 2 Collapsible Bucket, Sand Castle Building Kit, Molds, Mesh Bag, Farm Animals, Tools, Indoor Outdoor Toys for Kids Ages 3-10",https://www.amazon.com/dp/B0GH6FZSTM?th=1,1774396800000,200,美国,运动与户外游戏
1777254365931,亚马逊,B0GTQ3P8CR,https://m.media-amazon.com/images/I/511hitxNrXL._AC_US200_.jpg,"Dumpling Squishies Mystery Box, 10 Colors Random Mystery Glitter Dumpling Squishies Toy Gift Box, Colorful Stress Balls Fidget Sensory Toy Desk Toys for Kids Adults (2-pcs, One Size)",https://www.amazon.com/dp/B0GTQ3P8CR?th=1,1774396800000,1000,美国,Novelty & Gag Toys
1777254365931,亚马逊,B0GTM4K534,https://m.media-amazon.com/images/I/51qNfeVSiFL._AC_US200_.jpg,Big Butter Squishy 14 Oz Large & Mini Butter Stick Squishy 2026 New Giant Realistic Bread Slow Rising Stress Relief Fidget Toy Soft Squeeze Ball Party Favor Gift Jumbo Squeezy Cheese(14 Oz),https://www.amazon.com/dp/B0GTM4K534?th=1,1774396800000,200,美国,Novelty & Gag Toys
1777254365931,亚马逊,B0GTQ28MDT,https://m.media-amazon.com/images/I/71TAbAIkiIL._AC_US200_.jpg,"For Demon Movie Hunters Honeycomb 8Pcs Table Centerpiece,Demon Movie Hunters Birthday Party Supplies Table Decorations for Kids Party Decorations",https://www.amazon.com/dp/B0GTQ28MDT?th=1,1774396800000,200,美国,派对用品
1777254365931,亚马逊,B0GTR5QRK4,https://m.media-amazon.com/images/I/71uRA2-wy9L._AC_US200_.jpg,"PRO Drone with Camera for Adults 4K,Brushless Motors Drone for Kids Beginners,40mins Flight Time with 2 Batteries,FPV Foldable RC Quadcopter,Toys Gifts for Teen Boys Girls, Beginner（Grey）",https://www.amazon.com/dp/B0GTR5QRK4?th=1,1774396800000,300,美国,遥控
1777254365931,亚马逊,B0GQYLZVXW,https://m.media-amazon.com/images/I/415mp9J-m4L._AC_US200_.jpg,"2Pcs Yellow Cheese Squishy Toys, Slow Squeeze Cheese Stress Ball，Big Cheese Block Squishy，Soft Stress Relieving Cubes Squishy Cheese，Recess and Work Gifts Suitable for Children and Adults",https://www.amazon.com/dp/B0GQYLZVXW?th=1,1774396800000,300,美国,Novelty & Gag Toys
1777254365931,亚马逊,B0GS9YPY3D,https://m.media-amazon.com/images/I/41oqqKAqapL._AC_US200_.jpg,"2.2 Inch Slow Rise Fidget Toys,Squishies Ice Cube Shape, Sensory Toy for Kids, Stress Relief Squeeze Balls, Easter Basket Stuffers for Boys Girl(Blue)",https://www.amazon.com/dp/B0GS9YPY3D?th=1,1774396800000,500,美国,Novelty & Gag Toys
1777254365931,亚马逊,B0GSBLY99S,https://m.media-amazon.com/images/I/41eQ1Y07w9L._AC_US200_.jpg,"2.2 Inch Slow Rise Fidget Toys，Squishies Ice Cube Shape, Sensory Toy for Kids, Stress Relief Squeeze Balls, Easter Basket Stuffers for Boys Girl(Green)",https://www.amazon.com/dp/B0GSBLY99S?th=1,1774396800000,300,美国,Novelty & Gag Toys
1777254365931,亚马逊,B0GR9LYTH9,https://m.media-amazon.com/images/I/81gz3taxFQL._AC_US200_.jpg,"HGDEER Cross Bracelet for Girls, Adjustable Bracelet Baptism Confirmation First Communion Religious Birthday Easter Christmas Gift with Quote Card & Gift Pouch",https://www.amazon.com/dp/B0GR9LYTH9?th=1,1774396800000,300,美国,扮靓
1777254365931,亚马逊,B0GTPWFYVP,https://m.media-amazon.com/images/I/41i6n5T+sdL._AC_US200_.jpg,"Squishy Stress Cube for Adults,2026 Squishy Slow Rising Cube Squeeze Sensory for Anxiety Stress Relief High Density Ice Squeeze Ball Cubes (01-Purple)",https://www.amazon.com/dp/B0GTPWFYVP?th=1,1774396800000,400,美国,Novelty & Gag Toys
1777254365931,亚马逊,B0GSJKHMQ7,https://m.media-amazon.com/images/I/41Yq4EvuiGL._AC_US200_.jpg,"2026 New Cute Duck Squishy Sugar Stress Ball,Soft Duck Stress Relief Sugar Ball Toys and Moldable Slow Rise Relaxing Sensory Fidget Stress for Anxiety Relief(Pink)",https://www.amazon.com/dp/B0GSJKHMQ7?th=1,1774396800000,200,美国,Novelty & Gag Toys
1777254365931,亚马逊,B0GSZ3GHZZ,https://m.media-amazon.com/images/I/5160+D0sQhL._AC_US200_.jpg,"Acrylic Puzzles Suncatcher Window Hanging, 83 Pieces 7.4 Inch Sun Catcher Acrylic Puzzles Garden Decoration for Women Men Mom Birthday Gift Home Decor (Chasing the Sun Sea)",https://www.amazon.com/dp/B0GSZ3GHZZ?th=1,1774396800000,200,美国,拼图
1777254365931,亚马逊,B0GT7YD65G,https://m.media-amazon.com/images/I/41Z7aTrLKqL._AC_US200_.jpg,"Dumpling Squishy, Dumpling Squishy Mystery Box, Glitter Dumplings Mystery Box, Colorful Dumplings Stress Balls Fidget Sensory Toy, Easter Basket Stuffers Party Favors (Pink)",https://www.amazon.com/dp/B0GT7YD65G?th=1,1774396800000,1000,美国,Novelty & Gag Toys
1777254365931,亚马逊,B0GTQVVD8D,https://m.media-amazon.com/images/I/41BodffbqxL._AC_US200_.jpg,"Ice Cream Squeeze Squishy, Ice Cream Cone Squishy, Slow Rise Sensory Fidget Toy,Easter Basket Stuffers Party Favors Summer Sensory Stress Relief (Pink)",https://www.amazon.com/dp/B0GTQVVD8D?th=1,1774396800000,300,美国,Novelty & Gag Toys
1777254365931,亚马逊,B0GSZDFH5Q,https://m.media-amazon.com/images/I/41qy-1hh-UL._AC_US200_.jpg,"Premium Big Block Cube – 35% Larger Than The Standard Cube, Adults - Sensory Fidget for Stress Relief, Focus & Play – Colorful, Durable, Gift-Ready",https://www.amazon.com/dp/B0GSZDFH5Q?th=1,1774396800000,500,美国,Novelty & Gag Toys
1777254365931,亚马逊,B0GSZBT9FW,https://m.media-amazon.com/images/I/31czibezi2L._AC_US200_.jpg,"Premium Big Block Cube – 35% Larger Than The Standard Cube, Adults - Sensory Fidget for Stress Relief, Focus & Play – Colorful, Durable, Gift-Ready",https://www.amazon.com/dp/B0GSZBT9FW?th=1,1774396800000,300,美国,Novelty & Gag Toys
1777254365931,亚马逊,B0GS1CW53R,https://m.media-amazon.com/images/I/41WMyZF+csL._AC_US200_.jpg,"INJORA D19 0.7"" ModuWheel Wheels for Axial SCX30 Redcat Ascent-32 (MW7006)",https://www.amazon.com/dp/B0GS1CW53R?th=1,1774396800000,200,美国,遥控
1777254365931,亚马逊,B0GTNK7Q6T,https://m.media-amazon.com/images/I/31uyeNS-oVL._AC_US200_.jpg,"In The Swim Pool Noodles – Soft Large Foam Noodles for Extra Buoyancy - Floating Training Device, Exercise Aid, Pool Toy - 7 Color Patterns - 20 and 40 Packs",https://www.amazon.com/dp/B0GTNK7Q6T?th=1,1774396800000,200,美国,体育
1777254365931,亚马逊,B0GS5RRGFP,https://m.media-amazon.com/images/I/41O0-GsWQ0L._AC_US200_.jpg,"Glitter Dumpling,Glitter Dumpling Squishy Box,2026 New Bun Squeeze Stress Relief Ball with Steamer Box for Stress Relief (Blue)",https://www.amazon.com/dp/B0GS5RRGFP?th=1,1774396800000,200,美国,Novelty & Gag Toys
1777254365931,亚马逊,B0GGF6R5BN,https://m.media-amazon.com/images/I/31ewbpA59oL._AC_US200_.jpg,"Culture Fly Dandy's World 12"" Plush Toys I Officially Licensed Collectable Plush Dolls (Sprout)",https://www.amazon.com/dp/B0GGF6R5BN?th=1,1774396800000,700,美国,填充的动物
1777254365931,亚马逊,B0GKP736Q8,https://m.media-amazon.com/images/I/51DVjoWZ01L._AC_US200_.jpg,"Water Gun for Kids, 2 Pack Squirt Gun for Girls Toddlers Pool Toys, Small Water Guns Blaster Soaker Ages 3-12 for Summer Outdoor Beach Party Game",https://www.amazon.com/dp/B0GKP736Q8?th=1,1774396800000,200,美国,体育
1777254365931,亚马逊,B0GHY5VGT8,https://m.media-amazon.com/images/I/41xcqcBPmoL._AC_US200_.jpg,"Water Guns for Kids, 2 Pack Mini Squirt Guns with Trigger Small Water Blaster Pistol Toys for Boys Girls Toddlers Summer Outdoor Yard Swimming Pool Beach Water Fighting Party Favors (Teal)",https://www.amazon.com/dp/B0GHY5VGT8?th=1,1774310400000,500,美国,体育
1777254365931,亚马逊,B0GSPCNLLJ,https://m.media-amazon.com/images/I/61tjZ8gSaVL._AC_US200_.jpg,"Dumpling Squishy - Glitter Stress Ball Fidget Toy, Soft Squeeze Decompression Toy, Mystery Dumpling Squishy Box for Kids Easter Basket and Stocking Stuffers",https://www.amazon.com/dp/B0GSPCNLLJ?th=1,1774310400000,200,美国,Novelty & Gag Toys
1777254365931,亚马逊,B0GS8TZJK9,https://m.media-amazon.com/images/I/41c1YaVE5pL._AC_US200_.jpg,"Yellow Cheese Squeeze Toy, Easter Basket Stuffers for Kids Teens, Soft Simulation Food Squeeze Toy, Cute Desk Decor, Birthday Gift for Girls Boys, Office Classroom Fidget Pack",https://www.amazon.com/dp/B0GS8TZJK9?th=1,1774310400000,2000,美国,Novelty & Gag Toys
1777254365931,亚马逊,B0GS5FFDBF,https://m.media-amazon.com/images/I/61PZuMviApL._AC_US200_.jpg,"Axolotls Squishies Fidget Stress Ball,Cute Squishies Axolotls Toy,Easter Basket Stuffers, Stress Ball Squeeze Toys for Stress Relief(Pink)",https://www.amazon.com/dp/B0GS5FFDBF?th=1,1774310400000,800,美国,Novelty & Gag Toys
1777254365931,亚马逊,B0GT4Y736Q,https://m.media-amazon.com/images/I/41vZy9M1g1L._AC_US200_.jpg,"Dream Drop Squishy,Water Drop Fidget Stress Ball,Ice Squishy Stress Moldable Slow Rise Relaxing Sensory Fidget Stress, Squeeze Ball Stress Relief for Anxiety Relief (1#Blue)",https://www.amazon.com/dp/B0GT4Y736Q?th=1,1774310400000,1000,美国,Novelty & Gag Toys
1777254365931,亚马逊,B0GSBJR3HX,https://m.media-amazon.com/images/I/31hg6lLnWNL._AC_US200_.jpg,"Bananas Fruit Squeeze Toys, Banana Squishies for Stress Relief Stress, Stretchy Fidget Toys for Fun Easter Basket Stuffer Gift Birthday Party",https://www.amazon.com/dp/B0GSBJR3HX?th=1,1774310400000,400,美国,Novelty & Gag Toys
1777254365931,亚马逊,B0GRBNMY31,https://m.media-amazon.com/images/I/41-T3iRfXRL._AC_US200_.jpg,"Cheese Squishy Cube Block, Squishy Fidget Toys for Adults & Teens, Easter Basket Stuffers, Stocking Stuffers, Sensory Stress Ball Squeeze Toys for Stress Relief (Yellow 4 in)",https://www.amazon.com/dp/B0GRBNMY31?th=1,1774310400000,200,美国,Novelty & Gag Toys
1777254365931,亚马逊,B0GL86JYNX,https://m.media-amazon.com/images/I/51BGpUL9F6L._AC_US200_.jpg,"60Pcs Reusable Water Balloons, Cotton Water Balls, Water Balloons for Kids, Summer Toys and Out, Water Splash Balls, Water Balloon Game",https://www.amazon.com/dp/B0GL86JYNX?th=1,1774310400000,200,美国,体育
1777254365931,亚马逊,B0GSGQKTK4,https://m.media-amazon.com/images/I/41c1YaVE5pL._AC_US200_.jpg,"Cheese Squishies Toy,Squishies Cheese Slow Rising Squeeze Block, Stress Balls for Adults,Stress & Anxiety Relief Fidget Gift",https://www.amazon.com/dp/B0GSGQKTK4?th=1,1774310400000,1000,美国,Novelty & Gag Toys
1777254365931,亚马逊,B0GL7C3VGS,https://m.media-amazon.com/images/I/51V7uJf5HzL._AC_US200_.jpg,"Squishy Pack, Fidget Toys Kit, Include taba Squishies Party Favors for Kids 4-8 8-12 Treasure Box Toys for Classroom Birthday Xmas Gifts for Girls Boys Goodie Bag Stocking Stuffers for Teens",https://www.amazon.com/dp/B0GL7C3VGS?th=1,1774310400000,400,美国,Novelty & Gag Toys
1777254365931,亚马逊,B0GRZM15J4,https://m.media-amazon.com/images/I/61pHok2SXwL._AC_US200_.jpg,"Dumpling Squishies Mystery Box, Giant Dumpling Squishy Stress Relief Desk Fidget, Jumbo Soft Squeeze Decompression with Steamer Box for Office, Home Desk Decor, Easter Basket Stuffers(Pure White)",https://www.amazon.com/dp/B0GRZM15J4?th=1,1774310400000,400,美国,Novelty & Gag Toys
1777254365931,亚马逊,B0GRZ5BS3D,https://m.media-amazon.com/images/I/41iFutVrBYL._AC_US200_.jpg,"Dumpling Squishies Mystery Box, Giant Dumpling Squishy Stress Relief Desk Fidget, Jumbo Soft Squeeze Decompression with Steamer Box for Office, Home Desk Decor, Easter Basket Stuffers(Pure Purple)",https://www.amazon.com/dp/B0GRZ5BS3D?th=1,1774310400000,400,美国,Novelty & Gag Toys
1777254365931,亚马逊,B0GRV48T71,https://m.media-amazon.com/images/I/51x3vEtCKqL._AC_US200_.jpg,"Dream Squishy Drop Stress Balls, Cube Squishies Anxiety Stress Relief Ice Squishy Drop Malt Sugar Balls, Soft Sensory Calming Toys for Kids Teens, Party Favors & Classroom Prizes for Kids - Blue",https://www.amazon.com/dp/B0GRV48T71?th=1,1774310400000,200,美国,Novelty & Gag Toys
1777254365931,亚马逊,B0FJG36N9T,https://m.media-amazon.com/images/I/71SQ45AAJfL._AC_US200_.jpg,Squishmallows Original Micromallows Plush 20-Pack (Amazon Exclusive),https://www.amazon.com/dp/B0FJG36N9T?th=1,1774310400000,200,美国,填充的动物
1777254365931,亚马逊,B0GSR1KPDK,https://m.media-amazon.com/images/I/41rzVaphHdL._AC_US200_.jpg,"Colorful Dumpling Squishy Stress Balls Fidget Toys Adults Teens, Mystery Squishy Dumpling Box, Easter Basket Stuffers, Stocking Stuffers, Sensory Stress Ball Squeeze Toys for Stress Relief (Green)",https://www.amazon.com/dp/B0GSR1KPDK?th=1,1774310400000,200,美国,Novelty & Gag Toys
1777254365931,亚马逊,B0GSK89MDG,https://m.media-amazon.com/images/I/312EUIQ3k2L._AC_US200_.jpg,2Pcs Cheese Squishy Cube Block Squishy Fidget Toys Easy Sqweezy Cheesy Slow Rising Stocking Stuffers Sensory / Fidget Novelty Toy for Stress Relief,https://www.amazon.com/dp/B0GSK89MDG?th=1,1774310400000,1000,美国,Novelty & Gag Toys
1777254365931,亚马逊,B0GRGLBS6Y,https://m.media-amazon.com/images/I/41QwSL8jErL._AC_US200_.jpg,"2-Pack Slow Rising Butter Squishy Toy, Scented Stress Balls for Calming & Relaxation, Soft Fidget Sensory Toy for Desk Decor & Party Favors, Great Gift for Adults & Kids",https://www.amazon.com/dp/B0GRGLBS6Y?th=1,1774310400000,1000,美国,Novelty & Gag Toys
1777254367786,亚马逊,B0GS5F6R29,https://m.media-amazon.com/images/I/41VlNrPEwIL._AC_US200_.jpg,"Glitter Dumpling Squishy,Dumpling Squishies,Glitter Dumpling Mystery Box,Colorful Dumpling Stress Balls Fidget,Jumbo Squishy Toy with Steamer Box,Soft Squeeze Decompression Dough (Glitter White)",https://www.amazon.com/dp/B0GS5F6R29?th=1,1774310400000,1000,美国,Novelty & Gag Toys
1777254367786,亚马逊,B0GSS7VYXC,https://m.media-amazon.com/images/I/41kdblc-xzL._AC_US200_.jpg,"Giant Dumpling Squishy Jumbo Size, Soft Slow Rising Stress Ball, Large Squishy Dumpling for Desk Office Home Study Adults, Fun Fidget Item for Squeezing and Stress Relief (White, Extra Large)",https://www.amazon.com/dp/B0GSS7VYXC?th=1,1774310400000,200,美国,Novelty & Gag Toys
1777254367786,亚马逊,B0GSPYJ2YJ,https://m.media-amazon.com/images/I/31Y8t8SE9uL._AC_US200_.jpg,"2026New Crunchy Squishy Noisy Stress Balls Ice Skin Fidget Sensory Toys for Anxiety Stress Relief Focus Relaxing, (2pcs) Pink+Blue, Easter Gifts",https://www.amazon.com/dp/B0GSPYJ2YJ?th=1,1774310400000,1000,美国,Novelty & Gag Toys
1777254367786,亚马逊,B0GQ48LRS5,https://m.media-amazon.com/images/I/71m4dJSFCeL._AC_US200_.jpg,"Dumpling Squishy, Mystery Squishy Dumpling Box, Soft Squeeze Dough Ball for Stress Relief, Stretchy Bun with Mini Food Steamer Desk Fidget Toy for Adults Office Home (Green)",https://www.amazon.com/dp/B0GQ48LRS5?th=1,1774310400000,700,美国,Novelty & Gag Toys
1777254367786,亚马逊,B0FC67SVBV,https://m.media-amazon.com/images/I/41d5fTk1-mL._AC_US200_.jpg,"Original 300+ Ferrite Putty Multicolor, Sensory Stones for Desk & Office Decoration, Adult Fidget Stress Relief, Ferrite Stones Gift Item",https://www.amazon.com/dp/B0FC67SVBV?th=1,1774310400000,600,美国,新颖性
1777254367786,亚马逊,B0G6YX59QZ,https://m.media-amazon.com/images/I/5180lII2JBL._AC_US200_.jpg,"EagleStone Bubble Guns Machine for Toddlers, Automatic Light Up Bubble Blower with 4 Pre-Filled Bubble Solution, 10,000 Bubbles/Minute, Outdoor, Birthday, Easter, for Boys and Girls 3+",https://www.amazon.com/dp/B0G6YX59QZ?th=1,1774310400000,300,美国,体育
1777254367786,亚马逊,B0GTMVRTDP,https://m.media-amazon.com/images/I/41XrOKdhBTL._AC_US200_.jpg,"Slow Rebound Cute Butter Squeeze Stress Balls, 2026 New Squeeze Ball Realistic Butter Stick Soft Squeeze Toys, Upgrade Stress Relief Fidget Toys Wet Slow Rebound Stress Relief Toy (1, Yellow) (1Pcs)",https://www.amazon.com/dp/B0GTMVRTDP?th=1,1774310400000,3000,美国,Novelty & Gag Toys
1777254367786,亚马逊,B0GSJ6WV41,https://m.media-amazon.com/images/I/41wpLF-YdJL._AC_US200_.jpg,"Axolotl Squishy Stress Ball, Soft TPR Slow Rising Squeeze Toy, Cute Axolotl Fidget Toy for Stress Relief, Handheld Anxiety Calming Sensory Toys for Adults, Birthday Party Gift and Christmas (Pink)",https://www.amazon.com/dp/B0GSJ6WV41?th=1,1774310400000,400,美国,Novelty & Gag Toys
1777254367786,亚马逊,B0GT9RXJ6P,https://m.media-amazon.com/images/I/41Rutu-79jL._AC_US200_.jpg,"Glitter Highland Cow Squishies Fidget Toy, Soft Slow Rising Stress Relief Ball, Cute Sensory Squeeze Toy for Adults & Kids, Anxiety Relief Desk Decor, Easter Basket Stuffer for Cow Lovers (Blue)",https://www.amazon.com/dp/B0GT9RXJ6P?th=1,1774310400000,400,美国,Novelty & Gag Toys
1777254367786,亚马逊,B0GHQN762M,https://m.media-amazon.com/images/I/41GVJaIbsAL._AC_US200_.jpg,"Kids Pool Floats with Water Gun, Shark Toddler Inflatable Pool Toys for Kids Age 3-8 Years Old, Summer Outdoor Water, Beach, Swimming Pool Toys Gift for Boys and Girls",https://www.amazon.com/dp/B0GHQN762M?th=1,1774310400000,500,美国,体育
1777254367786,亚马逊,B0GTPZY4XK,https://m.media-amazon.com/images/I/511x+jqlFFL._AC_US200_.jpg,"Dumpling Squishies Mystery Box, 10 Colors Random Mystery Glitter Dumpling Squishies Toy Gift Box, Colorful Stress Balls Fidget Sensory Toy Desk Toys for Kids Adults (1pcs, One Size)",https://www.amazon.com/dp/B0GTPZY4XK?th=1,1774310400000,3000,美国,Novelty & Gag Toys
1777254367786,亚马逊,B0FZ9TCYSB,https://m.media-amazon.com/images/I/51w+OIf6+FL._AC_US200_.jpg,"QANIY 48PCS Invisible Ink Pen with UV Black Light Party Favor for Kids, Magic Marker for Secret Messages, Writing Information for Birthdays, Easter, Halloween, for Students",https://www.amazon.com/dp/B0FZ9TCYSB?th=1,1774310400000,300,美国,新颖性
1777254367786,亚马逊,B0GHQQWC6H,https://m.media-amazon.com/images/I/51aJoqHXtqL._AC_US200_.jpg,"24-Pack Flocked Collectible Figures for Kids, 2.4"" & 2"" Standing/Sitting Cute Mini Animal Dolls, Party Favors, Goodie Bag Stuffers, Birthday Gifts for Girls Boys",https://www.amazon.com/dp/B0GHQQWC6H?th=1,1774310400000,1000,美国,Party Supplies
1777254367786,亚马逊,B0GS1WYHDS,https://m.media-amazon.com/images/I/51JILQvZdgL._AC_US200_.jpg,"Glitter Dumpling, Glitter Dumpling Squishy with Box, 6 Color Options Dumplings Squishy Toy for Stress Relief (White)",https://www.amazon.com/dp/B0GS1WYHDS?th=1,1774310400000,2000,美国,Novelty & Gag Toys
1777254367786,亚马逊,B0GSBFLF12,https://m.media-amazon.com/images/I/51QahdQ1E4L._AC_US200_.jpg,"2.2 Inch Slow Rise Fidget Toys，Squishies Ice Cube Shape, Sensory Toy for Kids, Stress Relief Squeeze Balls, Easter Basket Stuffers for Boys Girl(Orange)",https://www.amazon.com/dp/B0GSBFLF12?th=1,1774310400000,300,美国,Novelty & Gag Toys
1777254367786,亚马逊,B0GSB942FM,https://m.media-amazon.com/images/I/41BLTT4bEeL._AC_US200_.jpg,"2.2 Inch Slow Rise Fidget Toys,Squishies Ice Cube Shape, Sensory Toy for Kids, Stress Relief Squeeze Balls, Easter Basket Stuffers for Boys Girl(Pink)",https://www.amazon.com/dp/B0GSB942FM?th=1,1774310400000,700,美国,Novelty & Gag Toys
1777254367786,亚马逊,B0GRHLMM8S,https://m.media-amazon.com/images/I/51++bBM3P9L._AC_US200_.jpg,"Foam Remote Control Airplanes, RC Planes with Light, RC Airplane Fighter Jet for Kids Adults 8-16, 360° Flip, Stunt Roll, Drones for Kids 8-12, Airplane Toy Gifts for Kids Boys(Red)",https://www.amazon.com/dp/B0GRHLMM8S?th=1,1774310400000,200,美国,遥控
1777254367786,亚马逊,B0GS4NJ91M,https://m.media-amazon.com/images/I/51zRMAsAEdL._AC_US200_.jpg,Dumpling Squishy Mystery Box Glitter Gluten Free Wrappers with Steamer Stress Relief Toy Crazy Fun Mini Bao Bun Surprise Squishies Generic Cute Sparkly Anxiety Fidget Blind Glittery (Yellow),https://www.amazon.com/dp/B0GS4NJ91M?th=1,1774310400000,300,美国,Novelty & Gag Toys
1777254367786,亚马逊,B0GS4KQH9M,https://m.media-amazon.com/images/I/51B-ZOlP2FL._AC_US200_.jpg,Dumpling Squishy Mystery Box Glitter Gluten Free Wrappers with Steamer Stress Relief Toy Crazy Fun Mini Bao Bun Surprise Squishies Generic Cute Sparkly Anxiety Fidget Blind Glittery (Blue),https://www.amazon.com/dp/B0GS4KQH9M?th=1,1774310400000,300,美国,Novelty & Gag Toys
1777254367786,亚马逊,B0GS5BJ386,https://m.media-amazon.com/images/I/51GUiapn-yL._AC_US200_.jpg,Dumpling Squishy Mystery Box Glitter Gluten Free Wrappers with Steamer Stress Relief Toy Crazy Fun Mini Bao Bun Surprise Squishies Generic Cute Sparkly Anxiety Fidget Blind Glittery (red),https://www.amazon.com/dp/B0GS5BJ386?th=1,1774310400000,200,美国,Novelty & Gag Toys
1777254367786,亚马逊,B0GT54C3QS,https://m.media-amazon.com/images/I/31gH+FnKeKL._AC_US200_.jpg,"Nee Doh Ice Cream, Ice Cream Design Squeeze Stress Ball, Cute Squishy Moldable Slow Rise Relaxing Sensory Fidget Stress, Squeeze Ball Relief for Anxiety Relief (1#B)",https://www.amazon.com/dp/B0GT54C3QS?th=1,1774310400000,400,美国,Novelty & Gag Toys
1777254367786,亚马逊,B0GSZDZH9R,https://m.media-amazon.com/images/I/41eONwvqpjL._AC_US200_.jpg,"FQZWONG Premium Big Block Cube – 35% Larger Than The Standard Cube, Adults - Sensory Fidget for Stress Relief, Focus & Play – Colorful, Durable, Gift-Ready",https://www.amazon.com/dp/B0GSZDZH9R?th=1,1774310400000,500,美国,Novelty & Gag Toys
1777254367786,亚马逊,B0GTF4BXS4,https://m.media-amazon.com/images/I/41UzHEfL+5L._AC_US200_.jpg,"Magic Water-Activated Glowing Swimming Fish, Neon Deep-Sea Disco, Interactive Colorful Robot Fish, Swimming Robotic Luminous Function, Waterproof Aquarium Bath Time Fun(4pcs)",https://www.amazon.com/dp/B0GTF4BXS4?th=1,1774310400000,400,美国,婴幼儿
1777254367786,亚马逊,B0GCZH3LF4,https://m.media-amazon.com/images/I/41+TMyA6puL._AC_US200_.jpg,"Skirfy 2 Pack Electric Water Guns for Adults Kids, Powerful Automatic Squirt Gun, High Powered Shooting, Strongest Auto Water Blaster, Long Range, Pool Water Toy Outdoor Game",https://www.amazon.com/dp/B0GCZH3LF4?th=1,1774310400000,500,美国,体育
1777254367786,亚马逊,B0GSJNZ3CY,https://m.media-amazon.com/images/I/41NW85BJX3L._AC_US200_.jpg,Dumpling Squishy Mystery Dumpling Squishy Stress Balls Fidget Sensory Toy Soft Squeeze Decompression Dough for Adults (Yellow-A),https://www.amazon.com/dp/B0GSJNZ3CY?th=1,1774310400000,1000,美国,Novelty & Gag Toys
1777254367786,亚马逊,B0GSFRP3D4,https://m.media-amazon.com/images/I/41gv7VRB1kL._AC_US200_.jpg,Dumpling Squishy Mystery Dumpling Squishy Stress Balls Fidget Sensory Toy Soft Squeeze Decompression Dough (Pink),https://www.amazon.com/dp/B0GSFRP3D4?th=1,1774310400000,300,美国,Novelty & Gag Toys
1777254367786,亚马逊,B0GSQVC79K,https://m.media-amazon.com/images/I/31FKtgss9dL._AC_US200_.jpg,"2026New Dumpling Squishy, Dumpling Mystery Box, Colorful Dumplings Soft Squeeze Decompression Dough for Anxiety Relief Fidget with Food Steamer Stretchy Desk Toys(Rainbow Colors) Easter",https://www.amazon.com/dp/B0GSQVC79K?th=1,1774310400000,1000,美国,Novelty & Gag Toys
1777254367786,亚马逊,B0GSYBT4RN,https://m.media-amazon.com/images/I/31yKwxwuawL._AC_US200_.jpg,"Cheese Squishy Slow Rising, Squishy Cheese Stress Relief Fidget, Soft Squeeze Sensory Relaxation Item, Kawaii Food Design, Anti-Anxiety Desk Toy Alternative, 2PCS",https://www.amazon.com/dp/B0GSYBT4RN?th=1,1774310400000,700,美国,新颖性
1777254367786,亚马逊,B0GJSWT4QR,https://m.media-amazon.com/images/I/51lC0WvXayL._AC_US200_.jpg,"Mini Magnetic Tiles Road Travel Essentials Set — Portable STEM Sensory Magnetic Building Blocks for Toddlers & Preschool, Compact Travel Toys for 3+ Boys & Girls, Easter Birthday Gift",https://www.amazon.com/dp/B0GJSWT4QR?th=1,1774310400000,300,美国,建筑玩具
1777254367786,亚马逊,B0GT2T9F5Y,https://m.media-amazon.com/images/I/41kHRugHbOL._AC_US200_.jpg,"Giant Cheese Squishy – Slow Rising Sensory Fidget Toy, Jumbo Squeeze Cheese Cube for Stress Relief, Soft Hand Squeeze Toys, Portable Calming Gift for Adults Office Desk (Medium-2.96"")",https://www.amazon.com/dp/B0GT2T9F5Y?th=1,1774224000000,500,美国,Novelty & Gag Toys
1777254367786,亚马逊,B0GSG3VV2Q,https://m.media-amazon.com/images/I/41dCkNwzG1L._AC_US200_.jpg,"Crunchy Squishy,Glitter Dumpling Squishy,Sand Squishys,Stress Ball, Stress Ball, Noisy Ice Skin Balls, Portable Desktop Relief Toys for Adults Classroom Prizes Carnival Rewards Birthday",https://www.amazon.com/dp/B0GSG3VV2Q?th=1,1774224000000,200,美国,Novelty & Gag Toys
1777254367786,亚马逊,B0GTKGGZWK,https://m.media-amazon.com/images/I/51ssk4+a2iL._AC_US200_.jpg,"Gigilli Fidget Spinner 9 Pack, Classroom Prize Pop Fidget Spinners for Kids, Sensory Fidget Toys Bulk with Autism, Anxiety Stress Relief Toys, Party Favors Goodie Bag Stuffers Gifts for Kids",https://www.amazon.com/dp/B0GTKGGZWK?th=1,1774224000000,600,美国,新颖性
1777254367786,亚马逊,B0GSV56K7F,https://m.media-amazon.com/images/I/41Wp6RkXOUL._AC_US200_.jpg,"Bear Stress Ball Toy Squishies Toys, Sugar Filled Maltose Squeeze Squishies for Sensory Fidget Relief, Cute Animal Shape Squeeze Ball, Party Favors Easter Basket Stuffers for Teens Adults",https://www.amazon.com/dp/B0GSV56K7F?th=1,1774224000000,300,美国,Novelty & Gag Toys
1777254367786,亚马逊,B0GS5BBZCF,https://m.media-amazon.com/images/I/41jmIPxisTL._AC_US200_.jpg,"Axolotls Squishies Fidget Stress Ball,Cute Squishies Axolotls Toy,Easter Basket Stuffers, Stress Ball Squeeze Toys for Stress Relief(Blue)",https://www.amazon.com/dp/B0GS5BBZCF?th=1,1774224000000,1000,美国,Novelty & Gag Toys
1777254367786,亚马逊,B0GTF4GLRY,https://m.media-amazon.com/images/I/51f2sGhNKLL._AC_US200_.jpg,"15 Ft Flexible Race Track for Kids, DIY Car Track Set with 2 Toy Cars & 3 Suction Cup Ramps, Easter Basket Stuffers for Teens & Boys Girls, Creative Easter Gifts for Kids, Blue & Red",https://www.amazon.com/dp/B0GTF4GLRY?th=1,1774224000000,600,美国,车辆
1777254367786,亚马逊,B0GMFG996B,https://m.media-amazon.com/images/I/51DTdWhnauL._AC_US200_.jpg,Jasonwell Pool Games Toys Floats -2Pack Inflatable Dinosaur Pool Floats with Blow Up Toy Hammers Ride on Pool Floaties for Kids Teens Adults Lounge Raft Summer Lake Beach Party Decorations,https://www.amazon.com/dp/B0GMFG996B?th=1,1774224000000,400,美国,体育
1777254367786,亚马逊,B0GT2GDNG7,https://m.media-amazon.com/images/I/61qrdewYKfL._AC_US200_.jpg,"Giant Cheese Squishy – Slow Rising Sensory Fidget Toy, Jumbo Squeeze Cheese Cube for Stress Relief, Soft Hand Squeeze Toys, Portable Calming Gift for Adults Office Desk (Small-2.4"")",https://www.amazon.com/dp/B0GT2GDNG7?th=1,1774224000000,1000,美国,Novelty & Gag Toys
1777254367786,亚马逊,B0GSR8YLHY,https://m.media-amazon.com/images/I/31aPNfjI3HL._AC_US200_.jpg,"Strawberry Squeeze Toy, Soft Strawberry Squishy Toy, Rebounding Sensory,Help for Relax,Focus,Soft Flexible Elastic Rubber Sensory Cheese for & Adults, Stress Balls for Adults",https://www.amazon.com/dp/B0GSR8YLHY?th=1,1774224000000,200,美国,Novelty & Gag Toys
1777254367786,亚马逊,B0GTBG5MT4,https://m.media-amazon.com/images/I/41fZrLzAyOL._AC_US200_.jpg,"Bubble Blower Set with 2 Wands with Refillable Bottle, Ideal for Relaxation & Holiday Parties",https://www.amazon.com/dp/B0GTBG5MT4?th=1,1774224000000,500,美国,体育
1777254367786,亚马逊,B0GL85QXRH,https://m.media-amazon.com/images/I/51BGpUL9F6L._AC_US200_.jpg,"60PCS Reusable Water Balloons, Water Balloons.Cotton Water Balls, Water Splash Balls, Water Balloon Game, Summer Toys and Out, Water Balloons for Kids",https://www.amazon.com/dp/B0GL85QXRH?th=1,1774224000000,200,美国,体育
1777254367786,亚马逊,B0GKFDNQQW,https://m.media-amazon.com/images/I/41I5LkmmYOL._AC_US200_.jpg,"49+1 Black Glitter 50th Birthday Cake Topper for Men Women, Happy 50th Birthday Cake Decorations, 50th Birthday Party Decorations, Funny Fifty Years Old Birthday Supplies",https://www.amazon.com/dp/B0GKFDNQQW?th=1,1774224000000,200,美国,派对用品
1777254367786,亚马逊,B0GTB75FV7,https://m.media-amazon.com/images/I/41RhlUVnIxL._AC_US200_.jpg,Bubble Blower Set with 2Wands and Refillable Bottle Perfect Relaxation Gift for Men Women Holiday Parties 3-5 Days,https://www.amazon.com/dp/B0GTB75FV7?th=1,1774224000000,1000,美国,体育
1777254367786,亚马逊,B0GRLN3QZL,https://m.media-amazon.com/images/I/51yGPDQsmGL._AC_US200_.jpg,"25Pcs Demon Movie Hunters Cake Decorations with 24pcs Cupcake Toppers, 1pcs Happy Birthday Cake Topper, Cartoon Themed Party Supplies, Perfect for Birthday Party Decorations",https://www.amazon.com/dp/B0GRLN3QZL?th=1,1774224000000,800,美国,Party Supplies
1777254367786,亚马逊,B0GSZP8SKD,https://m.media-amazon.com/images/I/41EaHMlW4PL._AC_US200_.jpg,"Dragon Fruit Squishies, 2026 New Giant Jumbo Slow Rising Fidget Toy, Realistic Fruit Stress Ball for Adults, Cute Sensory Fidget Toy, Anxiety Relief Squeezes Toys for Desk Companion (1pcs)",https://www.amazon.com/dp/B0GSZP8SKD?th=1,1774224000000,200,美国,Novelty & Gag Toys
1777254367786,亚马逊,B0G921KSZ9,https://m.media-amazon.com/images/I/51BEGL2RCiL._AC_US200_.jpg,"Inflatable Pool Floats for Adults, Heart Shape Pool Lounge Float Chair with Cup Holders and 50W Fast Electric Air Inflator, Blow up Floaties Pool Toys for Beach,Lakes, Pool Summer Singles Party",https://www.amazon.com/dp/B0G921KSZ9?th=1,1774224000000,400,美国,体育
1777254367786,亚马逊,B0GT4R1LZ6,https://m.media-amazon.com/images/I/51CQCrnUhvL._AC_US200_.jpg,"24PCS Flocked Mini Action Figures Set, Cute Figurines Bulk, Small Collectible Toys for Room Decor, Classroom Rewards, Party Favors, Birthday Gifts",https://www.amazon.com/dp/B0GT4R1LZ6?th=1,1774224000000,1000,美国,Toy Figures & Playsets
1777254367786,亚马逊,B0GS5CB34F,https://m.media-amazon.com/images/I/41yxpXsarnL._AC_US200_.jpg,"Glitter Dumpling Squishy,Dumpling Squishies,Glitter Dumpling Mystery Box,Colorful Dumpling Stress Balls Fidget,Jumbo Squishy Toy with Steamer Box,Soft Squeeze Decompression Dough (Blue)",https://www.amazon.com/dp/B0GS5CB34F?th=1,1774224000000,1000,美国,Novelty & Gag Toys
1777254367786,亚马逊,B0GRPF4V9Q,https://m.media-amazon.com/images/I/41WG+7+Io-L._AC_US200_.jpg,"Slow Rising Squishy Butter Bread Squishy, Sensory Fidget Toys for Adults & Teens ADHD Anxiety Relief, Realistic Bread Squishies with Butter Scent, Fun Party Favors & Stocking Stuffers Gift (White)",https://www.amazon.com/dp/B0GRPF4V9Q?th=1,1774224000000,300,美国,Novelty & Gag Toys
1777254367786,亚马逊,B0GT7MYNNM,https://m.media-amazon.com/images/I/51oD5JTavgL._AC_US200_.jpg,"New Glitter Dumpling Squishy Mystery Box - Surprise Dumpling Squishy in Mini Steamer, No Duplicate Glitter Dumplings Toy Mystery for Party Favors (Mystery-4Pcs)",https://www.amazon.com/dp/B0GT7MYNNM?th=1,1774224000000,300,美国,Novelty & Gag Toys
1777254367786,亚马逊,B0GT7VH8NZ,https://m.media-amazon.com/images/I/41lncjz8fhL._AC_US200_.jpg,"New Glitter Dumpling Squishy Mystery Box - Surprise Dumpling Squishy in Mini Steamer, No Duplicate Glitter Dumplings Toy Mystery for Party Favors (Mystery-3Pcs)",https://www.amazon.com/dp/B0GT7VH8NZ?th=1,1774224000000,200,美国,Novelty & Gag Toys
1777254367786,亚马逊,B0GT7CSYDS,https://m.media-amazon.com/images/I/71Q3MArRpNL._AC_US200_.jpg,"New Glitter Dumpling Squishy Mystery Box - Surprise Dumpling Squishy in Mini Steamer, No Duplicate Glitter Dumplings Toy Mystery for Party Favors (Mystery-2Pc)",https://www.amazon.com/dp/B0GT7CSYDS?th=1,1774224000000,700,美国,Novelty & Gag Toys
1777254367786,亚马逊,B0GT1BS1X2,https://m.media-amazon.com/images/I/41PJXg+Z9HL._AC_US200_.jpg,3Pcs Classic Squishy Fidget Toys Sensory Slow Rise Jumbo Squishy Heart Stress Balls Toy Big Squishies Slow Rising Fidget Squeeze Toys Love Shape Stress & Anxiety Relief for Adults and Kids,https://www.amazon.com/dp/B0GT1BS1X2?th=1,1774224000000,900,美国,Novelty & Gag Toys
1777254367786,亚马逊,B0GT5R6DYB,https://m.media-amazon.com/images/I/51AilzOgBuL._AC_US200_.jpg,"2026 New Dumpling Squishy Mystery Box - Surprise Dumpling Squishy, Rare Dumplings Bun Stress Relief Fidget Set, Random Colors (3 Packs)",https://www.amazon.com/dp/B0GT5R6DYB?th=1,1774224000000,200,美国,Novelty & Gag Toys
1777254367786,亚马逊,B0GF1MXDTQ,https://m.media-amazon.com/images/I/51BzyQG6zmL._AC_US200_.jpg,"YUJUN 12PCS Fridge Magnets for Kids,Cute Vivid Forest Animals Refrigerator Magnets Toys for Fridge Baby Educational Present Full Back Magnetic Toddler Magnets",https://www.amazon.com/dp/B0GF1MXDTQ?th=1,1774224000000,300,美国,新颖性
1777254367786,亚马逊,B0GSS5P8NP,https://m.media-amazon.com/images/I/41ejw7Pe-LL._AC_US200_.jpg,"Giant Dumpling Squishy Jumbo Size, Soft Slow Rising Stress Ball, Large Squishy Dumpling for Desk Office Home Study Adults, Fun Fidget Item for Squeezing and Stress Relief (Pink, Extra Large)",https://www.amazon.com/dp/B0GSS5P8NP?th=1,1774224000000,600,美国,Novelty & Gag Toys
1777254367786,亚马逊,B0GT5M9YL5,https://m.media-amazon.com/images/I/51gkZlYGewL._AC_US200_.jpg,"2026 New Dumpling Squishy Mystery Box - Surprise Dumpling Squishy, Rare Dumplings Bun Stress Relief Fidget Set, Random Colors (4 Packs)",https://www.amazon.com/dp/B0GT5M9YL5?th=1,1774224000000,200,美国,Novelty & Gag Toys
1777254367786,亚马逊,B0GGYX1X53,https://m.media-amazon.com/images/I/51h0BF7D+SL._AC_US200_.jpg,"Jar Melo Washable Tempera Paint for Kids Age 4-6, Non-Toxic Toddler Painting Set, Tempera Paints for School Art, Crafts, Finger Paints 8 Colors",https://www.amazon.com/dp/B0GGYX1X53?th=1,1774224000000,200,美国,艺术
1777254367786,亚马逊,B0GTDKHCD9,https://m.media-amazon.com/images/I/41bBy3MUVwL._AC_US200_.jpg,"Dumpling Squeeze Toys, Glitter Dumpling Squeeze Toy with Steamer Box, Soft Dough Dumpling Stress Ball, Sensory Mystery Gifts for Kids & Adults, Classroom Prizes & Party Favors (A-Yellow)",https://www.amazon.com/dp/B0GTDKHCD9?th=1,1774224000000,200,美国,Novelty & Gag Toys
1777254367786,亚马逊,B0GTDR4XHK,https://m.media-amazon.com/images/I/41kcEdHq5QL._AC_US200_.jpg,"Dumpling Squeeze Toys, Glitter Dumpling Squeeze Toy with Steamer Box, Soft Dough Dumpling Stress Ball, Sensory Mystery Gifts for Kids & Adults, Classroom Prizes & Party Favors (A-White)",https://www.amazon.com/dp/B0GTDR4XHK?th=1,1774224000000,300,美国,Novelty & Gag Toys
1777254367786,亚马逊,B0GTDNYZD9,https://m.media-amazon.com/images/I/41ZuK+8wrjL._AC_US200_.jpg,"Dumpling Squeeze Toys, Glitter Dumpling Squeeze Toy with Steamer Box, Soft Dough Dumpling Stress Ball, Sensory Mystery Gifts for Kids & Adults, Classroom Prizes & Party Favors (B-Rainbow)",https://www.amazon.com/dp/B0GTDNYZD9?th=1,1774224000000,400,美国,Novelty & Gag Toys
1777254367786,亚马逊,B0GLQ846XD,https://m.media-amazon.com/images/I/51sueI5kyBL._AC_US200_.jpg,"Pizza Slime Kit for Kids, Satisfying ASMR Cheese Pull Cloud, Butter, Jelly & Ice Cream Food Slime, Non-Sticky Variety Pack, Blind Bag Charms, Arts and Crafts,Party, Birthday Gift Girls Boys Ages 5-12",https://www.amazon.com/dp/B0GLQ846XD?th=1,1774224000000,200,美国,新颖性
1777254367786,亚马逊,B0GTJZ33KZ,https://m.media-amazon.com/images/I/21tPtCcPklL._AC_US200_.jpg,"New Squeeze Ball Realistic Butter Stick Soft Squeeze Toys, Upgrade Stress Relief Fidget Toys Wet Slow Rebound Stress Relief Toy，Slow Rebound Cute Butter Squeeze Stress Balls (Beige-Beige-Smile)",https://www.amazon.com/dp/B0GTJZ33KZ?th=1,1774224000000,300,美国,Novelty & Gag Toys
1777254367786,亚马逊,B0GTJQTT41,https://m.media-amazon.com/images/I/41jmFl22oiL._AC_US200_.jpg,"2PCS Baby Squishy Glitter Slow Rising, Squishy Babies Sensory Fidget for Stress Relief, Soft Cute Squeeze, Desk Decor & Gift",https://www.amazon.com/dp/B0GTJQTT41?th=1,1774224000000,800,美国,新颖性
1777254367786,亚马逊,B0GTB7L6BY,https://m.media-amazon.com/images/I/41CcFmwpscL._AC_US200_.jpg,"Realistic Slow Rebound Cute Butter Squishy Toy-2026 New Slow Rising Butter Squeeze Stress Balls for Anxiety Relief, Soft Sensory Fidget Toy for Kids & Adults, Fun Office Desk School Gift (2 Pcs)",https://www.amazon.com/dp/B0GTB7L6BY?th=1,1774224000000,600,美国,Novelty & Gag Toys
1777254367786,亚马逊,B0GRZV8V4Y,https://m.media-amazon.com/images/I/31hGo-PwHTL._AC_US200_.jpg,"Dumpling Squishy, Mystery Dumpling Squishy, Dumplings Sensory Squeeze Toys for Stress Relief, Soft Squeeze Decompression Dough for Adults Classroom Prizes & Party Favors (Purple)",https://www.amazon.com/dp/B0GRZV8V4Y?th=1,1774224000000,800,美国,Novelty & Gag Toys
1777254367786,亚马逊,B0GTH5HH1Z,https://m.media-amazon.com/images/I/41KdNT1SKYL._AC_US200_.jpg,"2 PCS Slow Rising Butter Squishy Toy, Soft Butter Squishy Stick, Slow Rebound Cute Butter Squeeze Stress Balls Stress Relief & Fidget Toys, for Stress Relief Anxiety Sensory Gifts",https://www.amazon.com/dp/B0GTH5HH1Z?th=1,1774224000000,700,美国,Novelty & Gag Toys
1777254367786,亚马逊,B0GRN2RWZ5,https://m.media-amazon.com/images/I/415NCuUmrFL._AC_US200_.jpg,"Dumpling Squishy Toys, Giant Mystery Squishy Dumpling Toy Fidget Sensory Stress Ball, Cute Steamer Bun Design, Glitter Dumpling Toys Stress & Anxiety Relief Toy (Blue)",https://www.amazon.com/dp/B0GRN2RWZ5?th=1,1774224000000,200,美国,Novelty & Gag Toys
1777254367786,亚马逊,B0GSD3HFF1,https://m.media-amazon.com/images/I/412EBLpP8gL._AC_US200_.jpg,"Cute Duck Squishy Sugar Stress Ball,Soft Duck Stress Relief Sugar Ball Squishy Ultra Squishy and Moldable Slow Rise Relaxing (Green)",https://www.amazon.com/dp/B0GSD3HFF1?th=1,1774224000000,400,美国,Novelty & Gag Toys
1777254367786,亚马逊,B0GSD8L54G,https://m.media-amazon.com/images/I/41KDeBRafqL._AC_US200_.jpg,"Cute Duck Squishy Sugar Stress Ball,Soft Duck Stress Relief Sugar Ball Squishy Ultra Squishy and Moldable Slow Rise Relaxing (Pink)",https://www.amazon.com/dp/B0GSD8L54G?th=1,1774224000000,500,美国,Novelty & Gag Toys
1777254367786,亚马逊,B0GSQ61PSB,https://m.media-amazon.com/images/I/417SuE5dPeL._AC_US200_.jpg,"Axolotl Squishy Stress Ball, Axolotls Squishies Fidget Stress Ball, Cute Squishies Axolotls Toy, Animal Stress Relief Axolotl Toys, Stretchy Squeeze Toys for Birthday Party Gift (Pink)",https://www.amazon.com/dp/B0GSQ61PSB?th=1,1774224000000,800,美国,Novelty & Gag Toys
1777254367786,亚马逊,B0GBVGVHYN,https://m.media-amazon.com/images/I/512MbY5vabL._AC_US200_.jpg,"CUTE STONE Kids Gardening Set, Plant Growing Kit with Wheelbarrow, 3 Metal Garden Tools & Kids Grow House with Upgraded Irrigation, Outdoor Indoor STEM Toys for Toddlers 3+",https://www.amazon.com/dp/B0GBVGVHYN?th=1,1774224000000,300,美国,体育
1777254367786,亚马逊,B0GTHDHWDF,https://m.media-amazon.com/images/I/413-hsn42xL._AC_US200_.jpg,"Peach Squeezes Balls Sensory Fidget Toy Set Slow Rising Fruit Squishies Office Desk Stress Relief Birthday Gifts Girls Boys Stocking Stuffers Classroom Prize Easter Basket (Green Apples, 1pcs)",https://www.amazon.com/dp/B0GTHDHWDF?th=1,1774224000000,200,美国,Novelty & Gag Toys
1777254367786,亚马逊,B0GTLGSTMG,https://m.media-amazon.com/images/I/511KmklMwiL._AC_US200_.jpg,"Solo Mahjong Board, Mahjong Practice Board Solo Play American Mahjong Tiles, 3D Printed Practice Rack Training Tool Portable Games Accessory (Style A-Purple-7.32*6.25in) (A-Pink, 7.32 * 6.25in)",https://www.amazon.com/dp/B0GTLGSTMG?th=1,1774224000000,200,美国,游戏
1777254367786,亚马逊,B0GFD6SPTF,https://m.media-amazon.com/images/I/51fivWS3r+L._AC_US200_.jpg,"JoyCat Dinosaur Water Coloring Book for Toddlers 3-5, Reusable No-Mess Water Painting Book with Water Pen, 13 Activity Pages, Travel Toy Gift for Boys & Girls",https://www.amazon.com/dp/B0GFD6SPTF?th=1,1774224000000,300,美国,艺术
1777254367786,亚马逊,B0GT7ZB7ZP,https://m.media-amazon.com/images/I/61U+W-AqfiL._AC_US200_.jpg,"Personalized Graduation Cake Topper, Graduation Decoration, Congrats Decor Senior Cake Topper Seniors 2026, Grad Party",https://www.amazon.com/dp/B0GT7ZB7ZP?th=1,1774224000000,500,美国,Party Supplies
1777254367786,亚马逊,B0GSZCLZJD,https://m.media-amazon.com/images/I/41kHRugHbOL._AC_US200_.jpg,"Giant Cheese Squishy – Slow Rising Sensory Fidget Toy, Jumbo Squeeze Cheese Cube for Stress Relief, Soft Hand Squeeze Toys, Portable Calming Gift for Adults Office Desk (Large-3.94"")",https://www.amazon.com/dp/B0GSZCLZJD?th=1,1774224000000,200,美国,Novelty & Gag Toys
1777254367786,亚马逊,B0GT2NJSQ3,https://m.media-amazon.com/images/I/41kHRugHbOL._AC_US200_.jpg,"Giant Cheese Squishy – Slow Rising Sensory Fidget Toy, Jumbo Squeeze Cheese Cube for Stress Relief, Soft Hand Squeeze Toys, Portable Calming Gift for Adults Office Desk, Yellow (Medium-2.96"")",https://www.amazon.com/dp/B0GT2NJSQ3?th=1,1774224000000,1000,美国,Novelty & Gag Toys
1777254367786,亚马逊,B0GT58MVJX,https://m.media-amazon.com/images/I/613Uhv+9J0L._AC_US200_.jpg,"FQZWONG Ice Cube Squeeze Toys Summer Sensory Stress Relief Slow Rising Ice Cube Stress Balls for Adults Easter Basket Stuffers Sensory Fidget for Stress Relief Easter Gifts Stretchy Desk Toys,3-Blue",https://www.amazon.com/dp/B0GT58MVJX?th=1,1774224000000,500,美国,Novelty & Gag Toys
1777254367786,亚马逊,B0GT8JNM6B,https://m.media-amazon.com/images/I/31Jk8ncxDlL._AC_US200_.jpg,"FQZWONG 1 Packs Dream Drop Stress Balls for Adults Fidget Adults, Fidgets Silicone Sensory for Autism, ADHD, Sensory Stress Relief Birthday Day Gifts1",https://www.amazon.com/dp/B0GT8JNM6B?th=1,1774224000000,1000,美国,Novelty & Gag Toys
1777254367786,亚马逊,B0GT81TKKM,https://m.media-amazon.com/images/I/61L0QHre--L._AC_US200_.jpg,"FQZWONG 1 Packs Dream Drop Stress Balls for Adults Fidget Adults, Fidgets Silicone Sensory for Autism, ADHD, Sensory Stress Relief Birthday Day Gifts1",https://www.amazon.com/dp/B0GT81TKKM?th=1,1774224000000,200,美国,Novelty & Gag Toys
1777254367786,亚马逊,B0GT8HGBSH,https://m.media-amazon.com/images/I/51F40yNiu-L._AC_US200_.jpg,"FQZWONG 1 Packs Dream Drop Stress Balls for Adults Fidget Adults, Fidgets Silicone Sensory for Autism, ADHD, Sensory Stress Relief Birthday Day Gifts1",https://www.amazon.com/dp/B0GT8HGBSH?th=1,1774224000000,200,美国,Novelty & Gag Toys
1777254367786,亚马逊,B0GQZ5NN44,https://m.media-amazon.com/images/I/61RLxicFpHL._AC_US200_.jpg,"Make-a-face Stickers Sheets Make Your Own Stickers,Mixed & Matched with 8 Designed Characters(3 of Each) for Party Favors Supplies, Reward, Decor,Gift Idea",https://www.amazon.com/dp/B0GQZ5NN44?th=1,1774224000000,500,美国,艺术
1777254367786,亚马逊,B0GTFBGF6N,https://m.media-amazon.com/images/I/31-7v6BDLoL._AC_US200_.jpg,"Magic Water-Activated Glowing Swimming Fish, Neon Deep-Sea Disco, Interactive Colorful Robot Fish, Swimming Robotic Luminous Function, Waterproof Aquarium Bath Time Fun(Orange)",https://www.amazon.com/dp/B0GTFBGF6N?th=1,1774224000000,300,美国,婴幼儿
1777254367786,亚马逊,B0GTF6R66H,https://m.media-amazon.com/images/I/31xD46B-SZL._AC_US200_.jpg,"Magic Water-Activated Glowing Swimming Fish, Neon Deep-Sea Disco, Interactive Colorful Robot Fish, Swimming Robotic Luminous Function, Waterproof Aquarium Bath Time Fun(Yellow)",https://www.amazon.com/dp/B0GTF6R66H?th=1,1774224000000,300,美国,婴幼儿
1777254367786,亚马逊,B0GJ5JZY1Y,https://m.media-amazon.com/images/I/71aHCYQd8ZL._AC_US200_.jpg,"12 Pcs Cross Fidget Toy, Textured Worry Pocket Cross, Quiet Sensory Toy for Autism ADHD, Stress Relief, Christian Prayer Cross Fidget for Church Giveaways, Sunday School, Classroom Prizes.",https://www.amazon.com/dp/B0GJ5JZY1Y?th=1,1774224000000,200,美国,Novelty & Gag Toys
1777254367786,亚马逊,B0GRP92N3H,https://m.media-amazon.com/images/I/31riLLUCVjL._AC_US200_.jpg,Dumpling Squishy Mystery Dumpling Squishy Stress Balls Fidget Sensory Toy Soft Squeeze Decompression Dough (red),https://www.amazon.com/dp/B0GRP92N3H?th=1,1774224000000,300,美国,Novelty & Gag Toys
1777254367786,亚马逊,B0GRP8Y7DC,https://m.media-amazon.com/images/I/31qVx1jG-FL._AC_US200_.jpg,Dumpling Squishy Mystery Dumpling Squishy Stress Balls Fidget Sensory Toy Soft Squeeze Decompression Dough (Blue),https://www.amazon.com/dp/B0GRP8Y7DC?th=1,1774224000000,600,美国,Novelty & Gag Toys
1777254367786,亚马逊,B0GTB1KSF2,https://m.media-amazon.com/images/I/51yfEufI0fL._AC_US200_.jpg,"2026 New Glitter Dumpling Squishy, Random Mystery Dumpling Squishy Glitter with Food Steamer, Soft Slow Rising Squeeze, Stress Relief (Random*2)",https://www.amazon.com/dp/B0GTB1KSF2?th=1,1774224000000,200,美国,Novelty & Gag Toys
1777254367786,亚马逊,B0GRV5VLGC,https://m.media-amazon.com/images/I/51bFLSZyNVL._AC_US200_.jpg,"Sex Games Dice Board Game & Gaming Cards for Two Adults, Super Fun Bedroom Game for Date Night, Romantic Anniversary & Valentines Gifts",https://www.amazon.com/dp/B0GRV5VLGC?th=1,1774224000000,200,美国,游戏
1777254367786,亚马逊,B0GS8P4PBS,https://m.media-amazon.com/images/I/31SumUQuMSL._AC_US200_.jpg,"Pink Dumpling Squishies with Box,New Mystery Squishys Dumplings Stress Relief Balls Fidget Sensory Toy,Bao Bun with Food Steamer Stretchy Desk Squeeze Toys",https://www.amazon.com/dp/B0GS8P4PBS?th=1,1774224000000,200,美国,新颖性
1777254367786,亚马逊,B0GSZBPBC5,https://m.media-amazon.com/images/I/51ynTMM84KL._AC_US200_.jpg,"Squishy Stress Cube – Slow Rising Fidget Toys for Adults, Sensory Squeeze Toy with Shells, Soft Hand Toy for Office Desk Anxiety Relief (1Pcs)",https://www.amazon.com/dp/B0GSZBPBC5?th=1,1774224000000,600,美国,Novelty & Gag Toys
1777254367786,亚马逊,B0GT8GH915,https://m.media-amazon.com/images/I/71GXZMuKLGL._AC_US200_.jpg,"FQZWONG Premium Big Block Cube – 35% Larger Than The Standard Cube, Adults - Sensory Fidget for Stress Relief, Focus & Play – Colorful, Durable, Gift-Ready1",https://www.amazon.com/dp/B0GT8GH915?th=1,1774137600000,500,美国,Novelty & Gag Toys
1777254367786,亚马逊,B0GS1NP7Y4,https://m.media-amazon.com/images/I/81Q3KPaHMXL._AC_US200_.jpg,"80Pcs Demon Hunters Stickers, Waterproof Vinyl Decals for Laptop, Water Bottle, Skateboard, Phone – Korean Hip Hop Aesthetic Holiday Gift for Fans",https://www.amazon.com/dp/B0GS1NP7Y4?th=1,1774137600000,2000,美国,艺术
1777254367786,亚马逊,B0GSZD2SMV,https://m.media-amazon.com/images/I/31a8dsnXtwL._AC_US200_.jpg,"Fidget Stress Balls, Fidgets Prizes Bulk-Sensory Balls-Stress Balls for Adults -Classroom Prize-Goodie Bag Stuffers, Sensory for Autistic Autism",https://www.amazon.com/dp/B0GSZD2SMV?th=1,1774137600000,200,美国,Novelty & Gag Toys
1777254367786,亚马逊,B0GSV3ZDWG,https://m.media-amazon.com/images/I/41iU0PExYzL._AC_US200_.jpg,"RTTUIOP Squishy Squishies Toys Stress Cube Fidget Toys Stress Balls for Kids, Adults Squeeze Squishies Anxiety Stress Relief, Ice Squishy Cube Sugar Balls Sensory Toy Nice Ball Cubes with Box Orange",https://www.amazon.com/dp/B0GSV3ZDWG?th=1,1774137600000,200,美国,Novelty & Gag Toys
1777254367786,亚马逊,B0GSV13RN6,https://m.media-amazon.com/images/I/41pg939ioZL._AC_US200_.jpg,"RTTUIOP Squishy Squishies Toys Stress Cube Fidget Toys Stress Balls for Kids, Adults Squeeze Squishies Anxiety Stress Relief, Ice Squishy Cube Sugar Balls Sensory Toy Nice Ball Cubes with Box Purple",https://www.amazon.com/dp/B0GSV13RN6?th=1,1774137600000,300,美国,Novelty & Gag Toys
1777254367786,亚马逊,B0GSZ1S5PY,https://m.media-amazon.com/images/I/41QpN4FtVnL._AC_US200_.jpg,"Dumpling Squishy Mystery Set - 10 Random Glitter Colors Fidget Squishy, Secret Reveal Box, Slow Rise Squeeze Ball Stress Relief, Collectible Party Favor Gift(Random-1pc)",https://www.amazon.com/dp/B0GSZ1S5PY?th=1,1774137600000,300,美国,Novelty & Gag Toys
1777254367786,亚马逊,B0GF78RQNZ,https://m.media-amazon.com/images/I/71UzYEflK6L._AC_US200_.jpg,"Hugut 2026 Upgraded 3-Tier Water Table for Ages 3–8 – Outdoor Backyard Sensory Activity Table with Fun Water Play Accessories, Summer Gift for Boys and Girls",https://www.amazon.com/dp/B0GF78RQNZ?th=1,1774137600000,700,美国,运动与户外游戏
1777254367786,亚马逊,B0GSFZ7176,https://m.media-amazon.com/images/I/41H3zMpnVGL._AC_US200_.jpg,"Cheese Squishy Toy Slow Rising, Soft Squishy Cheese Block Squeeze Fidget Toy, Mini Stress Relief Sensory Toy for Kids Adults, Cute Desk Toy Gift (1PCS)",https://www.amazon.com/dp/B0GSFZ7176?th=1,1774137600000,1000,美国,Novelty & Gag Toys
1777254367786,亚马逊,B0F2DS49RN,https://m.media-amazon.com/images/I/51FYAePtNbL._AC_US200_.jpg,"MorTime 22.5ft Slip Water Slide with Sprinklers, Slip and Slide with 2 Inflatable Bodyboards and Splash Pool Waterslide Backyard Lawn Outdoor Water Toy",https://www.amazon.com/dp/B0F2DS49RN?th=1,1774137600000,300,美国,体育
1777254369643,亚马逊,B0GJ4WZYJB,https://m.media-amazon.com/images/I/51S2ghawZ0L._AC_US200_.jpg,"BLUEYE Stink Spray,Extra Strong,Potent Stink Smell,Hilarious Gag Gifts,Funny Pranks Stuff for Adults,Stocking Stuffers -April Fools-Non Toxic Bad Gas",https://www.amazon.com/dp/B0GJ4WZYJB?th=1,1774137600000,1000,美国,新颖性
1777254369643,亚马逊,B0GRGWR7R7,https://m.media-amazon.com/images/I/41ALjCrbb-L._AC_US200_.jpg,"Cheese Squeeze Block, Yellow Cheese Squeeze ToyHelp for Relax,Focus, Sensory Cheese for & Adults（3.9in）",https://www.amazon.com/dp/B0GRGWR7R7?th=1,1774137600000,500,美国,Novelty & Gag Toys
1777254369643,亚马逊,B0GTDYH6XF,https://m.media-amazon.com/images/I/41zLA1PqntL._AC_US200_.jpg,"Dumpling Squeeze Toys, Glitter Dumpling Squeeze Toy with Steamer Box, Soft Dough Dumpling Stress Ball, Sensory Mystery Gifts for Kids & Adults, Classroom Prizes & Party Favors (A-Purple)",https://www.amazon.com/dp/B0GTDYH6XF?th=1,1774137600000,400,美国,Novelty & Gag Toys
1777254369643,亚马逊,B0GSQ8NN79,https://m.media-amazon.com/images/I/41tHieYx29L._AC_US200_.jpg,"Glitter Dumpling Squishy, Viral Squishy Dumpling Mystery Box, Bao Bun Squeeze Toy,Stress Relief Fidget Toys (Blue)",https://www.amazon.com/dp/B0GSQ8NN79?th=1,1774137600000,700,美国,Novelty & Gag Toys
1777254369643,亚马逊,B0GR1DNPD5,https://m.media-amazon.com/images/I/412osCYTlNL._AC_US200_.jpg,"Bubble Cigarette Pack – Realistic Fake Cigarette Bubble Blower, Mini Cigarette Bubbles Maker for Stress Relief, Fun Party Gift for Adults",https://www.amazon.com/dp/B0GR1DNPD5?th=1,1774137600000,200,美国,体育
1777254369643,亚马逊,B0GQCM1878,https://m.media-amazon.com/images/I/61X1Zefrd5L._AC_US200_.jpg,"Dumpling Squishy Stress Relief Fidget Toy with Steamer Realistic Steamed Bun Sensory Squeeze, Cute Squishy Dumpling Desk Decor for Adults & Teens, Easter Gifts, Christmas & Birthday Gift (White)",https://www.amazon.com/dp/B0GQCM1878?th=1,1774137600000,200,美国,Novelty & Gag Toys
1777254369643,亚马逊,B0GS9PZHLM,https://m.media-amazon.com/images/I/71dl3P9kNXL._AC_US200_.jpg,"2PC Squishy Fidget Stress Axolotl Toy, Axolotl Squishy Malt Sugar Stress Balls for Adults Kids, Cute Animal Sensory Toys, Squeeze Stretchy Axolotl Stress Toys for Party Favors (Pink)",https://www.amazon.com/dp/B0GS9PZHLM?th=1,1774137600000,400,美国,Novelty & Gag Toys
1777254369643,亚马逊,B0GT4QK5KQ,https://m.media-amazon.com/images/I/41GKA3V0QCL._AC_US200_.jpg,"Giant Strawberry Squishy Jumbo, Squeezy Strawberry Stress Ball, Jumbo Squishy Strawberry Fidget Adults, Squishy Toys Large Strawberry, Party Favor Slow Rise Pressure Release Toy (3.14 x 1.96 in)",https://www.amazon.com/dp/B0GT4QK5KQ?th=1,1774137600000,200,美国,Novelty & Gag Toys
1777254369643,亚马逊,B0GRMK9YD8,https://m.media-amazon.com/images/I/41KA+yC9cGL._AC_US200_.jpg,Lemoneon Glitter Dumpling Squishy Mystery Box 2 Pcs - 2026 Upgraded Dumplings Squishes for Adults Teens Squeeze Easter Basket Stuffers & Stocking Stuff Smiling White and Gold,https://www.amazon.com/dp/B0GRMK9YD8?th=1,1774137600000,1000,美国,Novelty & Gag Toys
1777254369643,亚马逊,B0GGJ2XWLW,https://m.media-amazon.com/images/I/41ImiusH0zL._AC_US200_.jpg,"Pre-Assembled Graduation Cupcake Toppers 48 PCS, Class of 2026 Mini Cake Decorations Grad Cap & Diploma, Food & Appetizer Picks for Graduation Party",https://www.amazon.com/dp/B0GGJ2XWLW?th=1,1774137600000,200,美国,Party Supplies
1777254369643,亚马逊,B0GK9BS4VQ,https://m.media-amazon.com/images/I/41bFQpIELgL._AC_US200_.jpg,Junyobee Water Table Pump - Whale Rechargeable Water Pump for Water Table Accessories - Battery Powered Water Pump Continuous Flow 3 Hours Non-Stop Fun - Summer Outdoor Water Toys (Blue),https://www.amazon.com/dp/B0GK9BS4VQ?th=1,1774137600000,400,美国,运动与户外游戏
1777254369643,亚马逊,B0GSMZVF1H,https://m.media-amazon.com/images/I/513ou2MWCFL._AC_US200_.jpg,"Glitter Dumpling Squishy,Rare Style Sugar Squishies Dumpling Mystery Box, Viral Bao Bun Food Squeeze Toy,Stress Relief Fidget Toys (Green)",https://www.amazon.com/dp/B0GSMZVF1H?th=1,1774137600000,300,美国,Novelty & Gag Toys
1777254369643,亚马逊,B0GR8K5GN5,https://m.media-amazon.com/images/I/41GQdV0Yb2L._AC_US200_.jpg,"Dumpling Squishies, Giant Glitter Dumpling, Colorful Dumplings Stress Balls Fidget Sensory Stress Ball,Squeeze Dough Ball Stress Relief Hand Stress Ball with Food Steamer Stretchy Desk (Green)",https://www.amazon.com/dp/B0GR8K5GN5?th=1,1774137600000,300,美国,新颖性
1777254369643,亚马逊,B0GS5HMC3C,https://m.media-amazon.com/images/I/418TmnRDAHL._AC_US200_.jpg,"Glitter Dumpling Squishy,Dumpling Squishies,Glitter Dumpling Mystery Box,Colorful Dumpling Stress Balls Fidget,Jumbo Squishy Toy with Steamer Box,Soft Squeeze Decompression Dough (White)",https://www.amazon.com/dp/B0GS5HMC3C?th=1,1774137600000,800,美国,Novelty & Gag Toys
1777254369643,亚马逊,B0GS6Q7Q6N,https://m.media-amazon.com/images/I/4156hM5OAkL._AC_US200_.jpg,"Dumpling Squishy Mystery Box Realistic Dumpling Squishy with Steamer Basket, Sensory Fidget for Adults & Teens, Big Stress Relief Ball, Easter Basket Stuffers & Sensory Gift (Purple)",https://www.amazon.com/dp/B0GS6Q7Q6N?th=1,1774137600000,300,美国,Novelty & Gag Toys
1777254369643,亚马逊,B0GS6Q1S4Q,https://m.media-amazon.com/images/I/41quNXBFdwL._AC_US200_.jpg,"Dumpling Squishy Mystery Box Realistic Dumpling Squishy with Steamer Basket, Sensory Fidget for Adults & Teens, Big Stress Relief Ball, Easter Basket Stuffers & Sensory Gift",https://www.amazon.com/dp/B0GS6Q1S4Q?th=1,1774137600000,300,美国,Novelty & Gag Toys
1777254369643,亚马逊,B0GQ2VTSQX,https://m.media-amazon.com/images/I/51+zU3cdwCL._AC_US200_.jpg,"50 Pcs Mini 3D Printed Animals Figurines Set, 3D Printed Toys for Kids, Easter Basket Stuffers for Boys and Girls, School Classroom Prizes, Party Favors, Flexible Articulated Fidget Toys",https://www.amazon.com/dp/B0GQ2VTSQX?th=1,1774137600000,1000,美国,玩具图
1777254369643,亚马逊,B0GTDRY53M,https://m.media-amazon.com/images/I/41iCstaAu5L._AC_US200_.jpg,"Dumpling Squeeze Toys, Glitter Dumpling Squeeze Toy with Steamer Box, Soft Dough Dumpling Stress Ball, Sensory Mystery Gifts for Kids & Adults, Classroom Prizes & Party Favors (Random-2Pcs)",https://www.amazon.com/dp/B0GTDRY53M?th=1,1774137600000,200,美国,Novelty & Gag Toys
1777254369643,亚马逊,B0GTDWF3LC,https://m.media-amazon.com/images/I/41hpyh2OyrL._AC_US200_.jpg,"Dumpling Squeeze Toys, Glitter Dumpling Squeeze Toy with Steamer Box, Soft Dough Dumpling Stress Ball, Sensory Mystery Gifts for Kids & Adults, Classroom Prizes & Party Favors (A-Blue)",https://www.amazon.com/dp/B0GTDWF3LC?th=1,1774137600000,1000,美国,Novelty & Gag Toys
1777254369643,亚马逊,B0GTF1FY1T,https://m.media-amazon.com/images/I/61rV1l5pzvL._AC_US200_.jpg,"Dumpling Squeeze Toys, Glitter Dumpling Squeeze Toy with Steamer Box, Soft Dough Dumpling Stress Ball, Sensory Mystery Gifts for Kids & Adults, Classroom Prizes & Party Favors (A-Pink)",https://www.amazon.com/dp/B0GTF1FY1T?th=1,1774137600000,900,美国,Novelty & Gag Toys
1777254369643,亚马逊,B0GS2ZFTSR,https://m.media-amazon.com/images/I/41D+SgCkATL._AC_US200_.jpg,"Glitter Axolotls Squishies Toy, Stretchy Axolotls Stress Ball, Soft Squeeze Sensory Fidget Toys for Kids Adults, Cute Easter Basket Stuffers Party Favors Classroom Prizes (Blue)",https://www.amazon.com/dp/B0GS2ZFTSR?th=1,1774137600000,900,美国,Novelty & Gag Toys
1777254369643,亚马逊,B0GSL37WY8,https://m.media-amazon.com/images/I/412xanq7pEL._AC_US200_.jpg,"Dumpling Squishy – Soft TPR Squeeze Toy, Slow Rising Stress Relief Fidget, Cute Bao Bun Desk Decoration, Soft Handheld Relaxation Toy for Office Home (Purple)",https://www.amazon.com/dp/B0GSL37WY8?th=1,1774137600000,1000,美国,Novelty & Gag Toys
1777254369643,亚马逊,B0GQ3RNXSL,https://m.media-amazon.com/images/I/41d4P+EJ+1L._AC_US200_.jpg,"Dumpling Squishy,Giant Glitter Dumpling,Mystery Squishy Dumplings Box,Jumbo Squishy Toy with Steamer Box,Soft Squeeze Decompression Dough,Easter Basket Stuffers (White)",https://www.amazon.com/dp/B0GQ3RNXSL?th=1,1774137600000,500,美国,Novelty & Gag Toys
1777254369643,亚马逊,B0GQ3PRKXL,https://m.media-amazon.com/images/I/41yPejdBvCL._AC_US200_.jpg,"Dumpling Squishy,Giant Glitter Dumpling,Mystery Squishy Dumplings Box,Jumbo Squishy Toy with Steamer Box,Soft Squeeze Decompression Dough,Easter Basket Stuffers (Pink)",https://www.amazon.com/dp/B0GQ3PRKXL?th=1,1774137600000,600,美国,Novelty & Gag Toys
1777254369643,亚马逊,B0GQ3VWR8K,https://m.media-amazon.com/images/I/414y8YNg-dL._AC_US200_.jpg,"Dumpling Squishy,Giant Glitter Dumpling,Mystery Squishy Dumplings Box,Jumbo Squishy Toy with Steamer Box,Soft Squeeze Decompression Dough,Easter Basket Stuffers (Yellow)",https://www.amazon.com/dp/B0GQ3VWR8K?th=1,1774137600000,600,美国,Novelty & Gag Toys
1777254369643,亚马逊,B0GS29C15P,https://m.media-amazon.com/images/I/51ow8tOjDYL._AC_US200_.jpg,"Glitter Dumpling, Glitter Dumpling Squishy with Box, 6 Color Options Dumplings Squishy Toy for Stress Relief (Gold)",https://www.amazon.com/dp/B0GS29C15P?th=1,1774137600000,1000,美国,Novelty & Gag Toys
1777254369643,亚马逊,B0GRMLLGK6,https://m.media-amazon.com/images/I/51g6T4+DODL._AC_US200_.jpg,Lemoneon Glitter Dumpling Squishy Mystery Box 2 Pcs - 2026 Upgraded Dumplings Squishes for Adults Teens Squeeze Easter Basket Stuffers & Stocking Stuff Sad White and Gold,https://www.amazon.com/dp/B0GRMLLGK6?th=1,1774137600000,700,美国,Novelty & Gag Toys
1777254369643,亚马逊,B0GSF6CP4J,https://m.media-amazon.com/images/I/41OH7mH21gL._AC_US200_.jpg,"Glitter Dumpling, Glitter Dumpling Squishy with Box, Colorful Dumplings Stress Balls Fidget Toy, Dumplings Sensory Desk Toy for Stress Relief (Gold+White)",https://www.amazon.com/dp/B0GSF6CP4J?th=1,1774137600000,200,美国,Novelty & Gag Toys
1777254369643,亚马逊,B0FSC7NL5X,https://m.media-amazon.com/images/I/51HTXaZgl9L._AC_US200_.jpg,"KingSom Splash Pad Sprinkler for Kids,Flamingo Splash Pad for Toddlers,Thicken Toddler Sprinkler Pool,Splash Play Mat Summer Outdoor Water Toys, Inflatable Splash Pad for Kids,Backyard Baby Kid Pool",https://www.amazon.com/dp/B0FSC7NL5X?th=1,1774137600000,200,美国,体育
1777254369643,亚马逊,B0GRPM2FQC,https://m.media-amazon.com/images/I/31SBELWy-KL._AC_US200_.jpg,Dumpling Squishy Mystery Dumpling Squishy Stress Balls Fidget Sensory Toy Soft Squeeze Decompression Dough (Green),https://www.amazon.com/dp/B0GRPM2FQC?th=1,1774137600000,300,美国,Novelty & Gag Toys
1777254369643,亚马逊,B0GRPP2B8K,https://m.media-amazon.com/images/I/31V31OEg7eL._AC_US200_.jpg,Dumpling Squishy Mystery Dumpling Squishy Stress Balls Fidget Sensory Toy Soft Squeeze Decompression Dough (White),https://www.amazon.com/dp/B0GRPP2B8K?th=1,1774137600000,300,美国,Novelty & Gag Toys
1777254369643,亚马逊,B0GRPGLW6L,https://m.media-amazon.com/images/I/31Z-SPkQIjL._AC_US200_.jpg,Dumpling Squishy Mystery Dumpling Squishy Stress Balls Fidget Sensory Toy Soft Squeeze Decompression Dough (Purple),https://www.amazon.com/dp/B0GRPGLW6L?th=1,1774137600000,800,美国,Novelty & Gag Toys
1777254369643,亚马逊,B0GSCZFHGC,https://m.media-amazon.com/images/I/41P+EIaXVNL._AC_US200_.jpg,Dumpling Squishy Stress Balls Fidget Sensory Toy Mystery Dumpling Squishy Soft Squeeze Decompression Dough for Adults (Pink-A),https://www.amazon.com/dp/B0GSCZFHGC?th=1,1774137600000,800,美国,Novelty & Gag Toys
1777254369643,亚马逊,B0GRLZ7966,https://m.media-amazon.com/images/I/416NQDuSqTL._AC_US200_.jpg,"Cheese Squishy (6cm),Cheese Block Squeeze Toy,Squishies Stress Relief Fidget Toy,Stocking Stuffer Novelty Gifts for Birthday (2.4 inch)",https://www.amazon.com/dp/B0GRLZ7966?th=1,1774137600000,5000,美国,Novelty & Gag Toys
1777254369643,亚马逊,B0GT5P86Y5,https://m.media-amazon.com/images/I/416jOnRZHWL._AC_US200_.jpg,"Dream Drop Squishy Stress Ball,Water Drop Fidget Stress Ball,Ice Squishy Stress Cube-Drop Malt Sugar Balls Sensory for Anxiety Stress Easter Party Favors (Blue)",https://www.amazon.com/dp/B0GT5P86Y5?th=1,1774051200000,700,美国,Novelty & Gag Toys
1777254369643,亚马逊,B0GFNMG7N5,https://m.media-amazon.com/images/I/51Z-gAJYIwL._AC_US200_.jpg,"24pcs Prefilled Easter Eggs with Animal Squishy Toys, Party Favors for Kids, Easter Basket Stuffers Egg Hunt Egg Fillers Mochi Squeeze Toys for Boys Girls, Birthday Gifts, Classroom Prizes",https://www.amazon.com/dp/B0GFNMG7N5?th=1,1774051200000,300,美国,Party Supplies
1777254369643,亚马逊,B0GT4ZHCCR,https://m.media-amazon.com/images/I/41q8A9ijGsL._AC_US200_.jpg,"Fidget Toys Super Solid Squeeze Ball Sensory for Stress Relief,Birthday, Easter Basket Stuffers and Party Favors Kawaii Toys Stretchy Desk Toys Squeeze Novelty Gag Gift for Anxiety Relief,Pink",https://www.amazon.com/dp/B0GT4ZHCCR?th=1,1774051200000,800,美国,Novelty & Gag Toys
1777254369643,亚马逊,B0G6Z7775B,https://m.media-amazon.com/images/I/51Q6zCb0PIL._AC_US200_.jpg,"EagleStone 32 Pcs Star Bubble Wands Bulk for Kids, 8 Color Mini Bubble Party Favors, Goodie Bag Stuffers, Classroom Prizes, Birthday Gifts, Easter Basket, Carnival, Summer Outdoor Toys for Toddlers",https://www.amazon.com/dp/B0G6Z7775B?th=1,1774051200000,500,美国,体育
1777254369643,亚马逊,B0GS4GN722,https://m.media-amazon.com/images/I/51UwI9otv5L._AC_US200_.jpg,"Glitter Dumpling, Glitter Dumpling Squishy Box, Dumplings Squishy, Anxiety Relief Fidget, Soft Squeeze Decompression Dough (Yellow)",https://www.amazon.com/dp/B0GS4GN722?th=1,1774051200000,600,美国,Novelty & Gag Toys
1777254369643,亚马逊,B0GDWDTZMW,https://m.media-amazon.com/images/I/51tH-w29ptL._AC_US200_.jpg,Spring Wildflower Party Decorations 48 PCS Flower Cupcake Toppers Baby in Bloom Cake Topper Baby Shower Decorations Wildflower Cupcake Toppers for Gilrs Women Birthday Party Decor,https://www.amazon.com/dp/B0GDWDTZMW?th=1,1774051200000,200,美国,Party Supplies
1777254369643,亚马逊,B0GRTSL8LT,https://m.media-amazon.com/images/I/71eAMGSM-VL._AC_US200_.jpg,"4 Pack Dumpling Squishies, Colorful Dumplings Stress Balls Fidget with Mystery Box Easter Basket Stuffers Stocking Stuffers with Food Steamer Stretchy",https://www.amazon.com/dp/B0GRTSL8LT?th=1,1774051200000,200,美国,Novelty & Gag Toys
1777254369643,亚马逊,B0GRN25XTX,https://m.media-amazon.com/images/I/41W3XZp0vvL._AC_US200_.jpg,"Dumpling Squishy, Glitter Dumpling,Dumplings Style Stress Balls for Adults and Kids, Cute Steamer Basket Design with Squeezable Bun Stress Relief Fidget Toys (Clear Glitter 1 PC)",https://www.amazon.com/dp/B0GRN25XTX?th=1,1774051200000,200,美国,Novelty & Gag Toys
1777254369643,亚马逊,B0GRN26QSY,https://m.media-amazon.com/images/I/51dXVof-2wL._AC_US200_.jpg,"Dumpling Squishy, Glitter Dumpling, Dumplings Style Stress Balls for Adults and Kids, Cute Steamer Basket Design with Squeezable Bun Stress Relief Fidget Toys (Gold Glitter 1 PC)",https://www.amazon.com/dp/B0GRN26QSY?th=1,1774051200000,200,美国,Novelty & Gag Toys
1777254369643,亚马逊,B0GHQHHNLK,https://m.media-amazon.com/images/I/51PLjxZaLiL._AC_US200_.jpg,"6 Pack Fidget Toys Bulk for Kids & Adults,Sensory Travel Must Have,Autism Anxiety Stress Calm Down Must Have,Treasure Classroom School Prizes Birthday Easter Gifts for Kids 5-7-8-12 Year Old",https://www.amazon.com/dp/B0GHQHHNLK?th=1,1774051200000,200,美国,Novelty & Gag Toys
1777254369643,亚马逊,B0GSS5PWSV,https://m.media-amazon.com/images/I/31ns4uGyH9L._AC_US200_.jpg,"New Squeeze Ball Realistic Butter Stick Soft Squeeze Toys, Upgrade Stress Relief Fidget Toys Wet Slow Rebound Stress Relief Toy，Slow Rebound Cute Butter Squeeze Stress Balls (Beige-Smile)",https://www.amazon.com/dp/B0GSS5PWSV?th=1,1774051200000,400,美国,Novelty & Gag Toys
1777254369643,亚马逊,B0GSS5F87R,https://m.media-amazon.com/images/I/41Reg0B9EqL._AC_US200_.jpg,"Giant Dumpling Squishy Jumbo Size, Soft Slow Rising Stress Ball, Large Squishy Dumpling for Desk Office Home Study Adults, Fun Fidget Item for Squeezing and Stress Relief (Purple, Extra Large)",https://www.amazon.com/dp/B0GSS5F87R?th=1,1774051200000,500,美国,Novelty & Gag Toys
1777254369643,亚马逊,B0GS6Q43KM,https://m.media-amazon.com/images/I/41nKsXlesrL._AC_US200_.jpg,"Dumpling Squishy Mystery Box Realistic Dumpling Squishy with Steamer Basket, Sensory Fidget for Adults & Teens, Big Stress Relief Ball, Easter Basket Stuffers & Sensory Gift (Green)",https://www.amazon.com/dp/B0GS6Q43KM?th=1,1774051200000,200,美国,Novelty & Gag Toys
1777254369643,亚马逊,B0GS6MBZMN,https://m.media-amazon.com/images/I/51dvYFPeiAL._AC_US200_.jpg,"Dumpling Squishy Mystery Box Realistic Dumpling Squishy with Steamer Basket, Sensory Fidget for Adults & Teens, Big Stress Relief Ball, Easter Basket Stuffers & Sensory Gift (Yellow)",https://www.amazon.com/dp/B0GS6MBZMN?th=1,1774051200000,200,美国,Novelty & Gag Toys
1777254369643,亚马逊,B0GPXJ8N9Y,https://m.media-amazon.com/images/I/71NpPoEdmaL._AC_US200_.jpg,"Butter Squishy, Slow Rising Squishy Butter Stick, Realistic Butter Shaped Squeeze Toy Slow Rising Squishies for Stress Relief Fidget Toys (1pcs)",https://www.amazon.com/dp/B0GPXJ8N9Y?th=1,1774051200000,700,美国,Novelty & Gag Toys
1777254369643,亚马逊,B0GSS8NK69,https://m.media-amazon.com/images/I/415GvS6JkfL._AC_US200_.jpg,New -Dumpling Squishies & Dumpling Squishy Mystery Box ，Soft TPR Sensory Stress Ball Fidget Toy (Colorful Blue),https://www.amazon.com/dp/B0GSS8NK69?th=1,1774051200000,200,美国,Novelty & Gag Toys
1777254369643,亚马逊,B0GSS96VNT,https://m.media-amazon.com/images/I/41FRL-sLfUL._AC_US200_.jpg,New -Dumpling Squishies & Dumpling Squishy Mystery Box ，Soft TPR Sensory Stress Ball Fidget Toy (Colorful Yellow),https://www.amazon.com/dp/B0GSS96VNT?th=1,1774051200000,200,美国,Novelty & Gag Toys
1777254369643,亚马逊,B0GSZT4826,https://m.media-amazon.com/images/I/41CDklu-hpL._AC_US200_.jpg,"Coconut Oil Squishies,2026 New Coconut Oil Stress Ball,Slow Rising Squishies Stress Relief Fidget Toys for Work, Or Relaxation, Non-Sticky, Easy to Clean, Improving Focus",https://www.amazon.com/dp/B0GSZT4826?th=1,1774051200000,300,美国,Novelty & Gag Toys
1777254369643,亚马逊,B0GSYQG2PP,https://m.media-amazon.com/images/I/51TZWALwYfL._AC_US200_.jpg,"Random Glitter Dumpling - Rare New Glitter Dumpling Squishy,Fun Dumplings Ball Stress Relief Fidget for Playing, Party, Alone (1*pcs)",https://www.amazon.com/dp/B0GSYQG2PP?th=1,1774051200000,700,美国,Novelty & Gag Toys
1777254369643,亚马逊,B0GF4GM1ZM,https://m.media-amazon.com/images/I/41Na+aeOaHL._AC_US200_.jpg,Speks Odds Soft Silicone Fidget Magnets | Silent Stress Relief Toys | Textured Magnetic Balls for Adults & Teens 14+ | Green Spurs,https://www.amazon.com/dp/B0GF4GM1ZM?th=1,1774051200000,300,美国,新颖性
1777254369643,亚马逊,B0GS2VFYT1,https://m.media-amazon.com/images/I/413fGLQkySL._AC_US200_.jpg,"Glitter Axolotls Squishies Toy, Stretchy Axolotls Stress Ball, Soft Squeeze Sensory Fidget Toys for Kids Adults, Cute Easter Basket Stuffers Party Favors Classroom Prizes （Pink）",https://www.amazon.com/dp/B0GS2VFYT1?th=1,1774051200000,800,美国,Novelty & Gag Toys
1777254369643,亚马逊,B0GS1F9VMH,https://m.media-amazon.com/images/I/41lrRRYXOWL._AC_US200_.jpg,"Dumpling Squishy Mystery Box, Stress Relief Fidget for Adults & Teens, Stocking Stuffers Gift, Soft Squeeze Stress Balls (White)",https://www.amazon.com/dp/B0GS1F9VMH?th=1,1774051200000,800,美国,Novelty & Gag Toys
1777254369643,亚马逊,B0GSWMWZ3L,https://m.media-amazon.com/images/I/41Xv98pan6L._AC_US200_.jpg,"New Squeeze Ball Realistic Butter Stick Soft Squeeze Toys, Upgrade Stress Relief Fidget Toys Wet Slow Rebound Stress Relief Toy，Slow Rebound Cute Butter Squeeze Stress Balls (Beige+Beige)",https://www.amazon.com/dp/B0GSWMWZ3L?th=1,1774051200000,200,美国,Novelty & Gag Toys
1777254369643,亚马逊,B0GSSJV5JP,https://m.media-amazon.com/images/I/41ApB56MB0L._AC_US200_.jpg,"New Squeeze Ball Realistic Butter Stick Soft Squeeze Toys, Upgrade Stress Relief Fidget Toys Wet Slow Rebound Stress Relief Toy，Slow Rebound Cute Butter Squeeze Stress Balls (Beige)",https://www.amazon.com/dp/B0GSSJV5JP?th=1,1774051200000,6000,美国,Novelty & Gag Toys
1777254369643,亚马逊,B0GRMLYZ9T,https://m.media-amazon.com/images/I/41dQ0mMYfWL._AC_US200_.jpg,Lemoneon Glitter Dumpling Squishy Mystery Box 2 Pcs - 2026 Upgraded Dumplings Squishes for Adults Teens Squeeze Easter Basket Stuffers & Stocking Stuff Shocked Confused White and Gold,https://www.amazon.com/dp/B0GRMLYZ9T?th=1,1774051200000,600,美国,Novelty & Gag Toys
1777254369643,亚马逊,B0GS8Z4RV9,https://m.media-amazon.com/images/I/41l4hDGhTbL._AC_US200_.jpg,"Dumpling Squishy,Dumpling Squishy Mystery Box， Glitter Sensory Fidget Balls Stress Relief Hand Toy for Adults & Teens, Easter BasketStuffers with Mini Food Steamer Stretchy Desk Toys (red)",https://www.amazon.com/dp/B0GS8Z4RV9?th=1,1774051200000,700,美国,Novelty & Gag Toys
1777254369643,亚马逊,B0GRMFZLCN,https://m.media-amazon.com/images/I/41T6t0zfm3L._AC_US200_.jpg,"Dumpling Squishy Toys, Giant Mystery Squishy Dumpling Toy Fidget Sensory Stress Ball, Cute Steamer Bun Design, Glitter Dumpling Toys Stress & Anxiety Relief Toy (Pink)",https://www.amazon.com/dp/B0GRMFZLCN?th=1,1774051200000,300,美国,Novelty & Gag Toys
1777254369643,亚马逊,B0GS4P57Y8,https://m.media-amazon.com/images/I/41GIwj2RxJL._AC_US200_.jpg,"Glitter Dumpling,Blue Glitter Dumpling Squishies Box,Squeeze Dough Ball Stress Relief Hand Toys with Food Steamer Stretchy Desk Toys for Adults(Blue)",https://www.amazon.com/dp/B0GS4P57Y8?th=1,1774051200000,200,美国,新颖性
1777254369643,亚马逊,B0GS53JBW7,https://m.media-amazon.com/images/I/41Smh8-esAL._AC_US200_.jpg,"Glitter Dumpling, 2026 New Glitter Dumpling Squishy with Box, Dumplings Sensory Squeeze Toy for Stress Relief, Adult Soft Squeeze Decompression Dough for Anxiety Relief Fidget",https://www.amazon.com/dp/B0GS53JBW7?th=1,1774051200000,1000,美国,Novelty & Gag Toys
1777254369643,亚马逊,B0GT963ZCP,https://m.media-amazon.com/images/I/51qSXC+xb2L._AC_US200_.jpg,"2026 Easter Golden Egg Drop Stress Balls 14 Pack, Easters Egg Fillers, Stress Relief Squishies, Classroom Party Favors, Easter Basket Stuffers",https://www.amazon.com/dp/B0GT963ZCP?th=1,1774051200000,300,美国,Novelty & Gag Toys
1777254369643,亚马逊,B0GSZ584QZ,https://m.media-amazon.com/images/I/41HAqUWvs8L._AC_US200_.jpg,"RG56PRO Retro Handheld Game Console - 5.5 Inch IPS Screen,31000+ Classic 3D Games,5000mAh Battery, Open Linux System,Portable Console with 128G TF Card - Birthday Gift for Boyfriend (Black)",https://www.amazon.com/dp/B0GSZ584QZ?th=1,1774051200000,400,美国,儿童电子产品
1777254369643,亚马逊,B0GRBWHWGG,https://m.media-amazon.com/images/I/41-T3iRfXRL._AC_US200_.jpg,"Cheese Squishy Cube Block, Squishy Fidget Toys for Adults & Teens, Easter Basket Stocking Stuffers, Sensory Stress Ball Squeeze Toys for Stress Relief (Yellow 2.4 in)",https://www.amazon.com/dp/B0GRBWHWGG?th=1,1774051200000,2000,美国,Novelty & Gag Toys
1777254369643,亚马逊,B0GT3HG1XQ,https://m.media-amazon.com/images/I/61t3TxfwikL._AC_US200_.jpg,"Glitter Dumpling Squishies Stress Ball – Soft Silicone Baozi Squeezable Toy, Mini 2.16inch Decompression Ball Fidget Toy for Adults, Slow Rising Bun Fidget Portable Anxiety Relief Desk Decor (Pink)",https://www.amazon.com/dp/B0GT3HG1XQ?th=1,1774051200000,200,美国,Novelty & Gag Toys
1777254369643,亚马逊,B0GFDLW2M4,https://m.media-amazon.com/images/I/51kA75G1Q9L._AC_US200_.jpg,"JoyCat Ocean Water Coloring Book for Toddlers 3-5, Reusable No-Mess Water Painting Book with Water Pen, 13 Activity Pages, Travel Toy Gift for Boys & Girls",https://www.amazon.com/dp/B0GFDLW2M4?th=1,1774051200000,700,美国,艺术
1777254369643,亚马逊,B0GSZ3B4PP,https://m.media-amazon.com/images/I/613Uhv+9J0L._AC_US200_.jpg,"Premium Big Block Cube – 35% Larger Than The Standard Cube, Adults - Sensory Fidget for Stress Relief, Focus & Play – Colorful, Durable, Gift-Ready",https://www.amazon.com/dp/B0GSZ3B4PP?th=1,1774051200000,4000,美国,Novelty & Gag Toys
1777254369643,亚马逊,B0GSVS3L2K,https://m.media-amazon.com/images/I/31FeaI1W0jL._AC_US200_.jpg,"Slow Rising Butter Squishy Fidget Toys,Stress Balls,Dumpling Squishy,Taba Squishy,Fidget Toys for Adults,Teens, and Those with ADHD",https://www.amazon.com/dp/B0GSVS3L2K?th=1,1774051200000,1000,美国,Novelty & Gag Toys
1777254369643,亚马逊,B0GFL9CJZK,https://m.media-amazon.com/images/I/51xugEFzDsL._AC_US200_.jpg,"24 Pack Octopus Stress Balls Set for Kids Adults, Cute Squishy Squeeze Fidget Toys for Anxiety Stress Relief, Perfect Party Favors Easter Basket Stuffers Birthday Gifts",https://www.amazon.com/dp/B0GFL9CJZK?th=1,1774051200000,200,美国,Novelty & Gag Toys
1777254369643,亚马逊,B0GSDT76D8,https://m.media-amazon.com/images/I/41P+EIaXVNL._AC_US200_.jpg,Dumpling Squishy Stress Balls Fidget Sensory Toy Mystery Dumpling Squishy Soft Squeeze Decompression Dough for Adults (Pink),https://www.amazon.com/dp/B0GSDT76D8?th=1,1773964800000,700,美国,Novelty & Gag Toys
1777254369643,亚马逊,B0GT5CFSKW,https://m.media-amazon.com/images/I/41wqBtKq2FL._AC_US200_.jpg,"Dream Drop Squishy Stress Ball,Water Drop Fidget Stress Ball,Ice Squishy Stress Cube-Drop Malt Sugar Balls Sensory for Anxiety Stress Easter Party Favors (2Pcs-A)",https://www.amazon.com/dp/B0GT5CFSKW?th=1,1773964800000,200,美国,Novelty & Gag Toys
1777254369643,亚马逊,B0GQSKSN8N,https://m.media-amazon.com/images/I/41qJkUf3yWL._AC_US200_.jpg,"2026 American Mahjongg Rule Reference Cards 4-Pack, Large Print Easy to Read, Waterproof Tear-Resistant Mah Jongg Guide Cards, Mahjong Accessories for Game Night Club Seniors",https://www.amazon.com/dp/B0GQSKSN8N?th=1,1773964800000,200,美国,游戏
1777254369643,亚马逊,B0GK75ZB99,https://m.media-amazon.com/images/I/71D-+x5gT0L._AC_US200_.jpg,"For Stitch birthday party supplies, 9Psc honeycomb center decorations, Stitch party decorations, double-sided desktop , center decorations for parties",https://www.amazon.com/dp/B0GK75ZB99?th=1,1773964800000,400,美国,派对用品
1777254369643,亚马逊,B0GGH4KF3M,https://m.media-amazon.com/images/I/51x2zw7BIsL._AC_US200_.jpg,"2 Packs Easter 3D Printed Dinosaur Toys for Boys 3-5 Years, Skeleton T-Rex Figure with Large Storage Crystal Eggs, Easter and Birthday Gifts Fidget Toys for 3 4 5 6 7 8 9 10 11 12 Years Old Boys Girls",https://www.amazon.com/dp/B0GGH4KF3M?th=1,1773964800000,400,美国,玩具图
1777254369643,亚马逊,B0GS1CXZVR,https://m.media-amazon.com/images/I/31YQN3-iOkL._AC_US200_.jpg,"Shapeable Squishy Stress Ball - Vacuum Fillable Sensory Fidget Toy for Adults & Kids, Soft Elastic Squeeze Toy for Anxiety Relief, Calming Birthday Gift, Random Color",https://www.amazon.com/dp/B0GS1CXZVR?th=1,1773964800000,500,美国,Novelty & Gag Toys
1777254369643,亚马逊,B0GGRKQJS2,https://m.media-amazon.com/images/I/411u31V+-UL._AC_US200_.jpg,"Mothers Day Banner Decorations, Happy Mothers Day Banner, Glitter Mother's Day Banner Mother's Day Decorations for Party Supplies",https://www.amazon.com/dp/B0GGRKQJS2?th=1,1773964800000,300,美国,Party Supplies
1777254369643,亚马逊,B0GS2H95MS,https://m.media-amazon.com/images/I/41pLuebKpPL._AC_US200_.jpg,"2pcs Axolotl Squishy Toy, Stress Relief Toy Slow Rising Squeeze Toy, Cute Axolotl Fidget Toy for Stress Relief and Focus , Anxiety Calming Sensory Toy for Adults (Pink Seated Axolotl)",https://www.amazon.com/dp/B0GS2H95MS?th=1,1773964800000,300,美国,Novelty & Gag Toys
1777254369643,亚马逊,B0GKGN2FRW,https://m.media-amazon.com/images/I/41AyCNDtcUL._AC_US200_.jpg,"Bubble Machine, Rechargeable Dual-Nozzle Bubble Machine with Remote Control, 30000+ Bubbles Per Minute, RGB Lights, Bubble Machine for Kids, Weddings, Birthday Parties, Outdoor Activities",https://www.amazon.com/dp/B0GKGN2FRW?th=1,1773964800000,400,美国,体育
1777254369643,亚马逊,B0GSQGTSBY,https://m.media-amazon.com/images/I/41CNBlRnk8L._AC_US200_.jpg,"Glitter Dumpling Squishy, Viral Squishy Dumpling Mystery Box, Bao Bun Squeeze Toy,Stress Relief Fidget Toys (Clear)",https://www.amazon.com/dp/B0GSQGTSBY?th=1,1773964800000,600,美国,Novelty & Gag Toys
1777254369643,亚马逊,B0GS4KVHLD,https://m.media-amazon.com/images/I/518odBQIYpL._AC_US200_.jpg,"SHULI 48 Pack 3D Printed Animal Set, Fidget Sensory Toys for Kids & Adults, Eco-Friendly PLA Mini Figurines, Easter Basket Stuffers & Party Favors for Classroom Rewards",https://www.amazon.com/dp/B0GS4KVHLD?th=1,1773964800000,200,美国,玩具图
1777254369643,亚马逊,B0GGMN233B,https://m.media-amazon.com/images/I/51pT-yA+QxL._AC_US200_.jpg,"K TOMOTO 15FT Replacement Track Set Builder Pieces, Compatible with 1:64 Diecast Cars, 36-Piece Straight Track Set, Connectors Included, 15 Feet of Track(Persimmon)",https://www.amazon.com/dp/B0GGMN233B?th=1,1773964800000,200,美国,车辆
1777254369643,亚马逊,B0GT76FTPJ,https://m.media-amazon.com/images/I/41UBKHIExPL._AC_US200_.jpg,"Butter Squeeze Stress Balls, 2026 New Slow Rebound Squishy Butter Squeeze Taba Squishy, Stress Balls，Stress Relief & Fidget Toys for ADHD，Party Favor Gift (Butter-1PC)",https://www.amazon.com/dp/B0GT76FTPJ?th=1,1773964800000,200,美国,Novelty & Gag Toys
1777254369643,亚马逊,B0GKBJSPBS,https://m.media-amazon.com/images/I/61wYE8k0+aL._AC_US200_.jpg,"CATAN On The Road - Portable Card Game Edition of CATAN for Travel & Quick Play, Build Trade & Settle Anywhere, Family Fun for Kids & Adults, Ages 10+, 3-4 Players, 15 Minute Playtime",https://www.amazon.com/dp/B0GKBJSPBS?th=1,1773964800000,900,美国,游戏
1777254369643,亚马逊,B0GR8W846Z,https://m.media-amazon.com/images/I/41PkcMUIgaL._AC_US200_.jpg,"Dumpling Squishies, Giant Glitter Dumpling, Colorful Dumplings Stress Balls Fidget Sensory Stress Ball,Squeeze Dough Ball Stress Relief Hand Stress Ball with Food Steamer Stretchy Desk (Blue)",https://www.amazon.com/dp/B0GR8W846Z?th=1,1773964800000,300,美国,新颖性
1777254369643,亚马逊,B0DZVV3MQ1,https://m.media-amazon.com/images/I/41kL0lMkSUL._AC_US200_.jpg,"Squishy Stress Cube for Kids Adults, Slow Rising Stretchy Ice Cube Sugar Balls Squeeze Toys for Boys Girls, Sensory Fidget Toys Stress Balls Anxiety Relief for Autism, Ideal Gifts, Ages 3+",https://www.amazon.com/dp/B0DZVV3MQ1?th=1,1773964800000,400,美国,Novelty & Gag Toys
1777254369643,亚马逊,B0GJ6JSR4B,https://m.media-amazon.com/images/I/51ANQXf95NL._AC_US200_.jpg,"Easter Eggs, Colorful 3D Printed Bunny Eggs Fillers Toys, Suitable for Easter Basket Stuffers, Party Favors, Kids Gifts, Egg Hunts and Desktop Decor",https://www.amazon.com/dp/B0GJ6JSR4B?th=1,1773964800000,500,美国,玩具图
1777254369643,亚马逊,B0GQJYL2WG,https://m.media-amazon.com/images/I/71fM6-7n3LL._AC_US200_.jpg,Tonies Up Audio Toy Figure from Disney & Pixar,https://www.amazon.com/dp/B0GQJYL2WG?th=1,1773964800000,600,美国,儿童电子产品
1777254369643,亚马逊,B0GRTZ7FC2,https://m.media-amazon.com/images/I/41z+etDqwfL._AC_US200_.jpg,"Dumpling Squishies, Glitter Dumpling Mystery Box, Easter Basket Stuffers, Ideal for Adults & Teens, Fun Gifts for Stress-Free Moments(Pink)",https://www.amazon.com/dp/B0GRTZ7FC2?th=1,1773964800000,300,美国,Novelty & Gag Toys
1777254369643,亚马逊,B0GHN3L8F5,https://m.media-amazon.com/images/I/51zNFnH6xRL._AC_US200_.jpg,"DEERC 2-Pack RC Boats for Kids, Fast Remote Control Boat with 4×1200mAh Batteries, 120 Min Runtime, 7 LED Lights Mode, Capsize Recovery, 2.4GHz Racing, Pool & Lake Toy",https://www.amazon.com/dp/B0GHN3L8F5?th=1,1773964800000,300,美国,遥控
1777254369643,亚马逊,B0GSGD9VK2,https://m.media-amazon.com/images/I/31Mi5ttQ5FL._AC_US200_.jpg,"Crunchy Squishy,Glitter Dumpling Squishy,Sand Squishys,Stress Ball, Stress Ball, Noisy Ice Skin Balls, Portable Desktop Relief Toys for Adults Classroom Prizes Carnival Rewards Birthday",https://www.amazon.com/dp/B0GSGD9VK2?th=1,1773964800000,200,美国,Novelty & Gag Toys
1777254369643,亚马逊,B0GT5N93NR,https://m.media-amazon.com/images/I/51GQbpUyDUL._AC_US200_.jpg,"2026 New Dumpling Squishy Mystery Box - Surprise Dumpling Squishy, Rare Dumplings Bun Stress Relief Fidget Set, Random Colors (1 Pack)",https://www.amazon.com/dp/B0GT5N93NR?th=1,1773964800000,200,美国,Novelty & Gag Toys
1777254369643,亚马逊,B0GSS71CGJ,https://m.media-amazon.com/images/I/41JaTtZIgSL._AC_US200_.jpg,New -Dumpling Squishies & Dumpling Squishy Mystery Box ，Soft TPR Sensory Stress Ball Fidget Toy (Pink+Blue),https://www.amazon.com/dp/B0GSS71CGJ?th=1,1773964800000,400,美国,Novelty & Gag Toys
1777254369643,亚马逊,B0GL7RP9MW,https://m.media-amazon.com/images/I/51CxRRTfOrL._AC_US200_.jpg,"21Pcs Taba Toys Pack - Big Squishy Fidget Stress Relief Squeze Toys Kit, Includ Animals, Strawberry, Paw, Banana, Donut, Hamster, Chick, Cute Squishies Squishys Birthday for Girls Kids",https://www.amazon.com/dp/B0GL7RP9MW?th=1,1773964800000,500,美国,Novelty & Gag Toys
1777254369643,亚马逊,B0GF43KNFP,https://m.media-amazon.com/images/I/61SKOd6pEUL._AC_US200_.jpg,Speks Odds Soft Silicone Fidget Magnets | Silent Stress Relief Toys | Textured Magnetic Balls for Adults & Teens 14+ | Pink Swirls,https://www.amazon.com/dp/B0GF43KNFP?th=1,1773964800000,300,美国,新颖性
1777254369643,亚马逊,B0GF3SZN2R,https://m.media-amazon.com/images/I/41YSk8ezamL._AC_US200_.jpg,Speks Odds Soft Silicone Fidget Magnets | Silent Stress Relief Toys | Textured Magnetic Balls for Adults & Teens 14+ | Blue Lines,https://www.amazon.com/dp/B0GF3SZN2R?th=1,1773964800000,500,美国,新颖性
1777254369643,亚马逊,B0GKLT6C1J,https://m.media-amazon.com/images/I/41eakAcXElL._AC_US200_.jpg,Blur Focus & Thinking Putty | Soft Airy Sensory Fidget Putty for Teens and Adults | Non-Sticky and Stress Relief Toy for Office and Meetings | Forest,https://www.amazon.com/dp/B0GKLT6C1J?th=1,1773964800000,900,美国,新颖性
1777254369643,亚马逊,B0GRZNBP8M,https://m.media-amazon.com/images/I/41FA+yeWrtL._AC_US200_.jpg,"2.1 inches Dumpling Squishies Stretchy Stress Balls with Toy Steamer, Fidget Sensory Desk Decor, for Birthdays and Holidays, Ideal for Christmas Stocking Stuffers.(Pink)",https://www.amazon.com/dp/B0GRZNBP8M?th=1,1773964800000,300,美国,Novelty & Gag Toys
1777254369643,亚马逊,B0GQ4J9STC,https://m.media-amazon.com/images/I/41D9W3tDzXL._AC_US200_.jpg,"Dumpling Squishy, Mystery Squishy Dumpling Box, Soft Squeeze Dough Ball for Stress Relief, Stretchy Bun with Mini Food Steamer Desk Fidget Toy for Adults Office Home (Yellow)",https://www.amazon.com/dp/B0GQ4J9STC?th=1,1773964800000,200,美国,Novelty & Gag Toys
1777254371569,亚马逊,B0GQ4FDBFL,https://m.media-amazon.com/images/I/41C1AQbgHmL._AC_US200_.jpg,"Dumpling Squishy, Mystery Squishy Dumpling Box, Soft Squeeze Dough Ball for Stress Relief, Stretchy Bun with Mini Food Steamer Desk Fidget Toy for Adults Office Home (Purple)",https://www.amazon.com/dp/B0GQ4FDBFL?th=1,1773964800000,500,美国,Novelty & Gag Toys
1777254371569,亚马逊,B0GL241H5T,https://m.media-amazon.com/images/I/41dM6yCXVEL._AC_US200_.jpg,"Sensory Squeezing Water Bath Toys for Toddlers,3PCS Bath Tub Pool Floating Toys for Babies Kids 1-3，Textured Fidget Toys Stocking Stuffers Gifts for Boy Girl 18+ Months",https://www.amazon.com/dp/B0GL241H5T?th=1,1773964800000,200,美国,婴幼儿
1777254371569,亚马逊,B0GSFD9WPR,https://m.media-amazon.com/images/I/61BJckAQ0CL._AC_US200_.jpg,"Slow Rising Squishy,Slow Rebound Cute Butter Squeeze Stress Balls, Realistic Butter Stick Soft Squeeze Toys,Stress Relief Sensory Toys (Butter stick-1pcs)",https://www.amazon.com/dp/B0GSFD9WPR?th=1,1773964800000,400,美国,Novelty & Gag Toys
1777254371569,亚马逊,B0GSSW6CPP,https://m.media-amazon.com/images/I/31Oeo+biJuL._AC_US200_.jpg,FQZWONG Birthday Party Favors Always Returns to Its Square Shape Squeeze Ball Set Stress Relief & Fidget for ADHD Sensory Squeeze Stress Balls Increase Entertainment Ages 3 and Up,https://www.amazon.com/dp/B0GSSW6CPP?th=1,1773964800000,400,美国,Novelty & Gag Toys
1777254371569,亚马逊,B0GSTWFFQ6,https://m.media-amazon.com/images/I/61+V9XNv9KL._AC_US200_.jpg,"RTTUIOP Squishy Squishies Toys Stress Cube Fidget Toys Stress Balls for Kids, Adults Squeeze Squishies Anxiety Stress Relief, Ice Squishy Cube Sugar Balls Sensory Toy Nice Ball Cubes with Box Pink",https://www.amazon.com/dp/B0GSTWFFQ6?th=1,1773964800000,600,美国,Novelty & Gag Toys
1777254371569,亚马逊,B0GP1R5S63,https://m.media-amazon.com/images/I/9137+IfxM5L._AC_US200_.jpg,"7 Inch Red & Blue Dodgeball Set - (2-Pack) with Pump - Kickball Playground Balls for Kids - Indoor & Outdoor Gym Sports Balls for Dodgeball, Four Square, PE, Recess & Backyard Games",https://www.amazon.com/dp/B0GP1R5S63?th=1,1773964800000,200,美国,体育
1777254371569,亚马逊,B0GSQK15JF,https://m.media-amazon.com/images/I/51qDENy5RTL._AC_US200_.jpg,"Glitter Dumpling Squishy - Random Dumpling Squishy Mystery Box, 10 Colors Dumplings Squishy Toy, More Surprises (Random-4PC)",https://www.amazon.com/dp/B0GSQK15JF?th=1,1773964800000,2000,美国,Novelty & Gag Toys
1777254371569,亚马逊,B0GNB7ZPGT,https://m.media-amazon.com/images/I/51FdCoh3f4L._AC_US200_.jpg,Train Sound Effects Machine - 16 Sounds - Gifts for Teen Boys - Gift for 7 8 9 10 11 12 Year Old Boys - Cool Gadgets - Train Whistle for Kids & Adults - Fun Toys for Boys 8-10 - Easter Basket Stuffer,https://www.amazon.com/dp/B0GNB7ZPGT?th=1,1773964800000,400,美国,新颖性
1777254371569,亚马逊,B0GLGFLMWY,https://m.media-amazon.com/images/I/61QXDU4b0EL._AC_US200_.jpg,"Demon Theme Hunters Birthday Party Supplies, 108 Pcs Party Decorations Merch Set for Boys and Girls Cartoon Theme Party",https://www.amazon.com/dp/B0GLGFLMWY?th=1,1773964800000,1000,美国,Party Supplies
1777254371569,亚马逊,B0GKG1YRCJ,https://m.media-amazon.com/images/I/51j82qKGC5L._AC_US200_.jpg,"Magnetic Chess Game with String & 20 Stones，Board Games for 2 Player Games for Kids & Adults, for Family & Party & Travel (Blue)",https://www.amazon.com/dp/B0GKG1YRCJ?th=1,1773964800000,200,美国,游戏
1777254371569,亚马逊,B0GSXYWY2K,https://m.media-amazon.com/images/I/71yKEfxfNcL._AC_US200_.jpg,"Glitter Dumpling Squishy with Box, 2026 New Squeeze Toy for Stress Relief Balls Fidget Sensory Toy, Soft Dumplings Squishies",https://www.amazon.com/dp/B0GSXYWY2K?th=1,1773964800000,200,美国,Novelty & Gag Toys
1777254371569,亚马逊,B0GSPLDFP8,https://m.media-amazon.com/images/I/41IWj5eX1JL._AC_US200_.jpg,"2PCS Carrot Recorder Pen, Multi-Function Voice Recording Pens with Ballpoint Writing Tool, Carrot Pen Recorders 20s Playback Feature for Children Learning, Cute 60-Second Voice Recorder for Kids",https://www.amazon.com/dp/B0GSPLDFP8?th=1,1773964800000,200,美国,学习
1777254371569,亚马逊,B0GHBJV67C,https://m.media-amazon.com/images/I/41bmxVyj6AL._AC_US200_.jpg,"Dumpling Squishy Mystery Box, Dumplings Squeeze Stress Balls for Kids & Adults, Sensory Fidget Toys for Anxiety Relief, Crazy Fun Surprise Dumpling Ideal Gift for Boys,Girls,Teens(Pink)",https://www.amazon.com/dp/B0GHBJV67C?th=1,1773964800000,1000,美国,Novelty & Gag Toys
1777254371569,亚马逊,B0GH6MC3WT,https://m.media-amazon.com/images/I/519-fWDcwXL._AC_US200_.jpg,"24PCS Video Game Pens, 4-in-1 Multicolor Ballpoint Pens, Fun Game Controller & Console Design, Fun Pens, Gaming Party Favors, Birthday Decorations, Party Supplies",https://www.amazon.com/dp/B0GH6MC3WT?th=1,1773964800000,200,美国,Party Supplies
1777254371569,亚马逊,B0GK5XVN75,https://m.media-amazon.com/images/I/51A7Rn-1J9L._AC_US200_.jpg,"2 Pack Electric Water Guns for Adults & Kids, Automatic Squirt Guns with 33FT Range & 400CC Tank, Muzzle Flash LED Light, Outdoor Summer Pool Water Toys (Black & Blue)",https://www.amazon.com/dp/B0GK5XVN75?th=1,1773964800000,200,美国,体育
1777254371569,亚马逊,B0GT5V6SMP,https://m.media-amazon.com/images/I/51XREuyN8PL._AC_US200_.jpg,"Glitter Dumpling Squishy Box Bulk,4Inch Surprise Dumpling Squishy Stress Ball,Squishy Bun,Random 14 Colors Mystery Gift Box for Adult Classroom Prizes Party Favor(random-5pcs)",https://www.amazon.com/dp/B0GT5V6SMP?th=1,1773964800000,200,美国,Novelty & Gag Toys
1777254371569,亚马逊,B0GT638QQM,https://m.media-amazon.com/images/I/71cyvaI1TVL._AC_US200_.jpg,"Glitter Dumpling Squishy Box Bulk,4Inch Surprise Dumpling Squishy Stress Ball,Squishy Bun,Random 14 Colors Mystery Gift Box for Adult Classroom Prizes Party Favor (random-3pcs)",https://www.amazon.com/dp/B0GT638QQM?th=1,1773964800000,200,美国,Novelty & Gag Toys
1777254371569,亚马逊,B0GRSND84Z,https://m.media-amazon.com/images/I/41GXGZKzOTL._AC_US200_.jpg,"Dumpling Squishy Mystery Box Squeeze Toy, Squishy Dumpling Fidget Toys for Adults, Stress Relief Sensory Toy(Pink)",https://www.amazon.com/dp/B0GRSND84Z?th=1,1773964800000,200,美国,Novelty & Gag Toys
1777254371569,亚马逊,B0GSJWXFS2,https://m.media-amazon.com/images/I/413no86dwgL._AC_US200_.jpg,Dumpling Squishy Stress Balls Fidget Sensory Toy Mystery Dumpling Squishy Soft Squeeze Decompression Dough for Adults (Purole-b),https://www.amazon.com/dp/B0GSJWXFS2?th=1,1773964800000,1000,美国,Novelty & Gag Toys
1777254371569,亚马逊,B0GSHMN5LH,https://m.media-amazon.com/images/I/51mqJPYlkNL._AC_US200_.jpg,"Axolotl Squishy Stress Ball, Soft TPR Slow Rebound Squeeze Ball, Cute Axolotl Fidget Ball for Stress Relief, Anxiety Sensory Gifts for Birthday, Party Favors (Pink)",https://www.amazon.com/dp/B0GSHMN5LH?th=1,1773964800000,300,美国,Novelty & Gag Toys
1777254371569,亚马逊,B0G15LW8KV,https://m.media-amazon.com/images/I/31oZhbQeP9L._AC_US200_.jpg,My Mario Pipes Playset by TOMY Toomies - Pouring Toddler Water Toys for Bath or Pool with Suction Cups - Officially Licensed Mario Toys - Ages 2 Years and Up,https://www.amazon.com/dp/B0G15LW8KV?th=1,1773964800000,1000,美国,婴幼儿
1777254371569,亚马逊,B0GT57JG49,https://m.media-amazon.com/images/I/41ucUDJoWdL._AC_US200_.jpg,"4 in 1 Math Roller Stamp Set, Math Stamp Roller, Randomized Addition Subtraction Multiplication Division Practice Tool, Roller Digital Teaching Stamps W/Refill Ink,Fun Math Gift for Kids,Classroom Use",https://www.amazon.com/dp/B0GT57JG49?th=1,1773964800000,200,美国,艺术
1777254371569,亚马逊,B0GF6D1KRV,https://m.media-amazon.com/images/I/61YtTDc6cNL._AC_US200_.jpg,"Party Favors for Kids - 24 Packs Handheld Water Ring Toss Game, Goodie Bags Stuffers for Kids Birthday Party Supplies, Classroom Prize Rewards Bulk, End of The Year Gifts for Students",https://www.amazon.com/dp/B0GF6D1KRV?th=1,1773964800000,500,美国,游戏
1777254371569,亚马逊,B0GGY9HW9N,https://m.media-amazon.com/images/I/51UfgTP5d5L._AC_US200_.jpg,"Miucat 96 Pcs Golf Party Decorations Golf Party Supplies Plates and Napkins, Disposable Tableware for Golf Ball Themed Birthday Party Baby Shower Serves 24",https://www.amazon.com/dp/B0GGY9HW9N?th=1,1773964800000,200,美国,派对用品
1777254371569,亚马逊,B0G8JRTMNX,https://m.media-amazon.com/images/I/51JyJlb2zHL._AC_US200_.jpg,"Emotional Support Capybara Plush Set, 5 Soft Squishy Toys Stuffed Animal with Carrying Basket, Cute Cuddly for Loved Ones of All Ages, Stress Relief Funny Gifts (Capybara)",https://www.amazon.com/dp/B0G8JRTMNX?th=1,1773878400000,200,美国,填充的动物
1777254371569,亚马逊,B0GCH64258,https://m.media-amazon.com/images/I/7180gV5XriL._AC_US200_.jpg,"Fish Card Game for Adults, 2 Pack, The Grown Up Go Fish Card Game You've Always Wanted, Night Party Family Interactive Fun, Gag Gift for Frie",https://www.amazon.com/dp/B0GCH64258?th=1,1773878400000,1000,美国,游戏
1777254371569,亚马逊,B0GT14JYFY,https://m.media-amazon.com/images/I/51JNGKswBcL._AC_US200_.jpg,"JOICEE 50 Pcs Mini 3D Printed Animal Figurines Set, Articulated Flexible Fidget Toys Cute Desk Pets Decor for Kids Party Favors Birthday Gifts Classroom Rewards Office Home Decorations",https://www.amazon.com/dp/B0GT14JYFY?th=1,1773878400000,700,美国,玩具图
1777254371569,亚马逊,B0GSZDRSSY,https://m.media-amazon.com/images/I/31BTrLy7FoL._AC_US200_.jpg,"1 Packs Dream Drop Stress Balls for Adults Fidget Adults, Fidgets Silicone Sensory for Autism, ADHD, Sensory Stress Relief Birthday Day Gifts",https://www.amazon.com/dp/B0GSZDRSSY?th=1,1773878400000,400,美国,Novelty & Gag Toys
1777254371569,亚马逊,B0GSZB8GVW,https://m.media-amazon.com/images/I/416jOnRZHWL._AC_US200_.jpg,"1 Packs Dream Drop Stress Balls for Adults Fidget Adults, Fidgets Silicone Sensory for Autism, ADHD, Sensory Stress Relief Birthday Day Gifts",https://www.amazon.com/dp/B0GSZB8GVW?th=1,1773878400000,500,美国,Novelty & Gag Toys
1777254371569,亚马逊,B0GSZ39MNG,https://m.media-amazon.com/images/I/61HwzCYJWyL._AC_US200_.jpg,INJORA +3mm Planet Axles with Brass Steering Knuckles for 1/30 Axial SCX30,https://www.amazon.com/dp/B0GSZ39MNG?th=1,1773878400000,200,美国,遥控
1777254371569,亚马逊,B0GSXL3897,https://m.media-amazon.com/images/I/71oB5pcqn9L._AC_US200_.jpg,50 Pokemon Cards Plus 1 Ultra Rare Legendary Pokemon Card | Bundle with Kanto Kings Deck Box | Guaranteed Authentic,https://www.amazon.com/dp/B0GSXL3897?th=1,1773878400000,200,美国,游戏
1777254371569,亚马逊,B0GSZ8X6RW,https://m.media-amazon.com/images/I/31uoAFXuG3L._AC_US200_.jpg,"Rainbow Cake Squishies,Jumbo Slow Rising Fidget Squeeze,Soft Relief Squishy Stress,Squeeze Ball Sensory for Anxiety Stress Party Favors Colorful",https://www.amazon.com/dp/B0GSZ8X6RW?th=1,1773878400000,300,美国,Novelty & Gag Toys
1777254371569,亚马逊,B0GKQS539C,https://m.media-amazon.com/images/I/51q0UoaxreL._AC_US200_.jpg,"24 Pack Prefilled Mystery Eggs with Axolotl Squishy Toys, Party Favor Toys for Kids, Classroom Prizes, Treasure Box Toys, Goodie Bag Fillers, Small Fidget Sensory Toys Bulk",https://www.amazon.com/dp/B0GKQS539C?th=1,1773878400000,400,美国,Party Supplies
1777254371569,亚马逊,B0GS52XNF4,https://m.media-amazon.com/images/I/41JSrmw2Q5L._AC_US200_.jpg,"Glitter Dumpling, Glitter Dumpling Squishy Box, Dumplings Squishy, Anxiety Relief Fidget, Soft Squeeze Decompression Dough (White)",https://www.amazon.com/dp/B0GS52XNF4?th=1,1773878400000,800,美国,Novelty & Gag Toys
1777254371569,亚马逊,B0GS4KZTRL,https://m.media-amazon.com/images/I/51Yew1Wzp+L._AC_US200_.jpg,"Glitter Dumpling, Glitter Dumpling Squishy Box, Dumplings Squishy, Anxiety Relief Fidget, Soft Squeeze Decompression Dough (Blue)",https://www.amazon.com/dp/B0GS4KZTRL?th=1,1773878400000,700,美国,Novelty & Gag Toys
1777254371569,亚马逊,B0GR9FPH5B,https://m.media-amazon.com/images/I/61gt4LymQcL._AC_US200_.jpg,"Dumpling Squishy Toys, Mystery Dumpling Squishy-Slow Rising Stress Relief Fidget Ball, Soft Squeeze Decompression Toy for Adults & Kids, Cute Steamer Basket Gift Set (Pink)",https://www.amazon.com/dp/B0GR9FPH5B?th=1,1773878400000,200,美国,Novelty & Gag Toys
1777254371569,亚马逊,B0GKXKXL4P,https://m.media-amazon.com/images/I/81o4SO1LO-L._AC_US200_.jpg,"CraftyTime 4pack Diamond Art Painting Kits for Kids,Cartoon Diamond Art for Kids Ages 4-8-12,Easy Cartoon Gem Kit Crafts Beginners for Gift Home Wall Decor(6x6inch)",https://www.amazon.com/dp/B0GKXKXL4P?th=1,1773878400000,200,美国,艺术
1777254371569,亚马逊,B0G1BNVPSR,https://m.media-amazon.com/images/I/61zPTTeckGL._AC_US200_.jpg,"Magnetic Blocks, 100PCS Magnetic Building Blocks, Stacking Magnets for Kids, Sensory Toy for STEM Constructions Magnet Blocks for Boys Girls Age 3+, Christmas Birthday Gifts",https://www.amazon.com/dp/B0G1BNVPSR?th=1,1773878400000,200,美国,建筑玩具
1777254371569,亚马逊,B0GT2DC4VK,https://m.media-amazon.com/images/I/21WawiR7gcL._AC_US200_.jpg,Ice Cream Squishy Fidget Toys Summer Squeeze Sensory Slow Rise Fidget Squishy Stress Ball Relief Easter Basket Stuffers Squishies Slow Rising Fidget Toy Party Favors for Anxiety Relief Birthday Gift,https://www.amazon.com/dp/B0GT2DC4VK?th=1,1773878400000,700,美国,Novelty & Gag Toys
1777254371569,亚马逊,B0GSZH3W91,https://m.media-amazon.com/images/I/41Wu3hKVt6L._AC_US200_.jpg,"Cheese Squishy, 2026 New 4.73 Inch Ultra-Soft Slow Rising Jumbo Squishy Cheese, Stress Relief Toy for Adults, Focus & Relaxation Aid (2.36 * 2.36 in)",https://www.amazon.com/dp/B0GSZH3W91?th=1,1773878400000,400,美国,Novelty & Gag Toys
1777254371569,亚马逊,B0GR3ZXW5P,https://m.media-amazon.com/images/I/81WabL8+5QL._AC_US200_.jpg,"50 PCS Pokémon Stickers Cute Cartoon Monster Stickers,Japanese Anime Stickers,Vinyl Sticker for Water Bottle Laptop Phone Scrapbooking Journaling for Adults Teens for Party Supply Favor Decor (PKM)",https://www.amazon.com/dp/B0GR3ZXW5P?th=1,1773878400000,500,美国,艺术
1777254371569,亚马逊,B0GSVJ2GZD,https://m.media-amazon.com/images/I/31QLxAQ7tiL._AC_US200_.jpg,"Carrot Squishies Stress Relief Toy – Slow Rising Squeeze Carrot Fidget Ball, Realistic Vegetable Fidget Toy for Adults, Portable Anxiety Relief Tool & Cute Desk Decor (1pc)",https://www.amazon.com/dp/B0GSVJ2GZD?th=1,1773878400000,300,美国,Novelty & Gag Toys
1777254371569,亚马逊,B0GS5FX4ND,https://m.media-amazon.com/images/I/41eTlHIrlpL._AC_US200_.jpg,"Glitter Dumpling Squishy,Dumpling Squishies,Glitter Dumpling Mystery Box,Colorful Dumpling Stress Balls Fidget,Jumbo Squishy Toy with Steamer Box,Soft Squeeze Decompression Dough (Pink)",https://www.amazon.com/dp/B0GS5FX4ND?th=1,1773878400000,800,美国,Novelty & Gag Toys
1777254371569,亚马逊,B0GHNND55Q,https://m.media-amazon.com/images/I/51hSMAcyRyL._AC_US200_.jpg,"JOYIN 24 Pcs 3D Printed Articulated Mini Dragons, Flexible Crystal Dragon Fidget Toy Set, 3D Printed Animals for Party Favors, Classroom Prizes, Goodie Bag Fillers & Desk Decor",https://www.amazon.com/dp/B0GHNND55Q?th=1,1773878400000,400,美国,新颖性
1777254371569,亚马逊,B0GS69CM3Y,https://m.media-amazon.com/images/I/41XsM+hqp7L._AC_US200_.jpg,"Slow Rebound Cute Butter Squeeze Stress Balls, 2026 New Realistic Soft Butter Stick Fidget Toy,Slow Rising Portable Squishy for Adults Anxiety & Stress Relief, Sensory Gifts for Office, Home（1pcs）",https://www.amazon.com/dp/B0GS69CM3Y?th=1,1773878400000,800,美国,Novelty & Gag Toys
1777254371569,亚马逊,B0GS61SBF9,https://m.media-amazon.com/images/I/41MBVqn+HlL._AC_US200_.jpg,"Slow Rebound Cute Butter Squeeze Stress Balls, 2026 New Realistic Soft Butter Stick Fidget Toy,Slow Rising Portable Squishy for Adults Anxiety & Stress Relief, Sensory Gifts for Office, Home (2pcs)",https://www.amazon.com/dp/B0GS61SBF9?th=1,1773878400000,2000,美国,Novelty & Gag Toys
1777254371569,亚马逊,B0GRPNSKT2,https://m.media-amazon.com/images/I/41m1t87XUcL._AC_US200_.jpg,"Slow Rising Squishy Butter Bread Squishy, Sensory Fidget Toys for Adults & Teens ADHD Anxiety Relief, Realistic Bread Squishies with Butter Scent, Fun Party Favors & Stocking Stuffers Gift (Yellow)",https://www.amazon.com/dp/B0GRPNSKT2?th=1,1773878400000,800,美国,Novelty & Gag Toys
1777254371569,亚马逊,B0GJ4L1M7P,https://m.media-amazon.com/images/I/41RJe-C1bhL._AC_US200_.jpg,"Kids Pool Floats with Water Gun, Unicorn Toddler Inflatable Pool Toys for Kids Age 3-8 Years Old, Summer Outdoor Water, Beach, Swimming Pool Toys Gift for Boys and Girls",https://www.amazon.com/dp/B0GJ4L1M7P?th=1,1773878400000,300,美国,体育
1777254371569,亚马逊,B0GJ46TD34,https://m.media-amazon.com/images/I/41BHeOT18qL._AC_US200_.jpg,"Kids Pool Floats with Water Gun, Mermaid Toddler Inflatable Pool Toys for Kids Age 3-8 Years Old, Summer Outdoor Water, Beach, Swimming Pool Toys Gift for Girls",https://www.amazon.com/dp/B0GJ46TD34?th=1,1773878400000,600,美国,体育
1777254371569,亚马逊,B0GSQRK6LB,https://m.media-amazon.com/images/I/51qpYID4LeL._AC_US200_.jpg,"Whoopee Cushion 4 PCS Whoopee Cushion Toys for Kids, 7” Whoopee Cushion Toys - Extra Loud Prank Sound, Durable Rip-proof Material for Prank Gifts, Party Jokes & Family Games for whoopie",https://www.amazon.com/dp/B0GSQRK6LB?th=1,1773878400000,400,美国,新颖性
1777254371569,亚马逊,B0GRTMG4Y6,https://m.media-amazon.com/images/I/61yXzqkV8OL._AC_US200_.jpg,500pcs Demon Movie Hunters Stickers for Birthday Party Supplies for Demon Movie Hunters Birthday Decorations,https://www.amazon.com/dp/B0GRTMG4Y6?th=1,1773878400000,200,美国,艺术
1777254371569,亚马逊,B0GRV1Q8MF,https://m.media-amazon.com/images/I/51TbQI+knSL._AC_US200_.jpg,"Dumpling Squishies,3.4inch Colorful Dumpling Stress Balls, Fidget Sensory Toy, Squeeze Dough Ball Stress Relief Hand Toys with Food Steamer,Dumpling Squishy Mystery Box, 2 Colors Random (1pack)",https://www.amazon.com/dp/B0GRV1Q8MF?th=1,1773878400000,900,美国,Novelty & Gag Toys
1777254371569,亚马逊,B0GT284CVJ,https://m.media-amazon.com/images/I/81R+D6erv-L._AC_US200_.jpg,Buffalo Games - Charles Wysocki Wistful Letter 300 Oversized Piece Jigsaw Puzzle Americana Cozy Interior Scene,https://www.amazon.com/dp/B0GT284CVJ?th=1,1773878400000,200,美国,拼图
1777254371569,亚马逊,B0GD58R9Z6,https://m.media-amazon.com/images/I/51Kdbdy82vL._AC_US200_.jpg,"Capybara Microwavable Weighted Stuffed Animals Plushies, Heating Pad Animal for Stress Period Cramps, Lavender Scented Heat&Cold Compress Capybara Plush Toys Gifts for Girls Boys Adults",https://www.amazon.com/dp/B0GD58R9Z6?th=1,1773878400000,200,美国,填充的动物
1777254371569,亚马逊,B0FJMQC7S3,https://m.media-amazon.com/images/I/815N3xqEaWL._AC_US200_.jpg,"BumBumz 4.5-inch Golden Girls 4-Pack - Rose, Dorothy, Blanche, and Sophia - from the Makers of Original Squishmallows - Ages 3+",https://www.amazon.com/dp/B0FJMQC7S3?th=1,1773878400000,600,美国,填充的动物
1777254371569,亚马逊,B0G2BS7N35,https://m.media-amazon.com/images/I/81V2a6fTIJL._AC_US200_.jpg,"Arm Floaties for Kids, 2 Pack Inflatable Pool Floaties, Soft Fabric-Covered Arm Bands for Toddlers 3-5-6-12 Years, Swimming Floater Sleeves for Children, Pink",https://www.amazon.com/dp/B0G2BS7N35?th=1,1773878400000,200,美国,体育
1777254371569,亚马逊,B0G2BQJFT1,https://m.media-amazon.com/images/I/81hU+91MwAL._AC_US200_.jpg,"2 Pack Arm Floaties for Kids, Soft Fabric-Covered Inflatable Pool Floats, Learn-to-Swim Arm Bands for Boys Girls 3-5-6-12 Years",https://www.amazon.com/dp/B0G2BQJFT1?th=1,1773878400000,200,美国,体育
1777254371569,亚马逊,B0GT1QT4YS,https://m.media-amazon.com/images/I/61ml465P6-L._AC_US200_.jpg,"DSS Games I Hate My Friends [Hilarious Roast Party Game for Adults | Funny Friend Card Game for Game Night, Bachelorette Parties, College Parties & Girls Trips | Ages 17+ | 3+ Players]",https://www.amazon.com/dp/B0GT1QT4YS?th=1,1773878400000,200,美国,游戏
1777254371569,亚马逊,B0GT28HDW6,https://m.media-amazon.com/images/I/81oPvi0K9JL._AC_US200_.jpg,"Buffalo Games – Cauldwell's Country Store - 1000 Piece Jigsaw Puzzle - Premium Gold Collection Giftable Puzzle for Adults – Precision-Cut Pieces, Beautiful Artwork",https://www.amazon.com/dp/B0GT28HDW6?th=1,1773878400000,200,美国,拼图
1777254371569,亚马逊,B0GP1GRZ75,https://m.media-amazon.com/images/I/81T+xGsyOyL._AC_US200_.jpg,"Buffalo Games – 300 Charles Wysocki: Wednesday Night Checkers Oversized Piece Jigsaw Puzzle Larger Shapes - Great for Adults, Seniors, Family, Kids, Easy to Grip",https://www.amazon.com/dp/B0GP1GRZ75?th=1,1773878400000,200,美国,拼图
1777254371569,亚马逊,B0GSWRFF9Q,https://m.media-amazon.com/images/I/51m8bvksYML._AC_US200_.jpg,"hand2mind Numberblocks 31-40 MathLink Cubes Activity Set - Learn Numbers & Early Math Skills, Preschool and Kindergarten Learning Activities, Educational Toys for Kids, Counting Math Manipulatives",https://www.amazon.com/dp/B0GSWRFF9Q?th=1,1773878400000,2000,美国,学习
1777254371569,亚马逊,B0GSS8QJSB,https://m.media-amazon.com/images/I/41mnAHPoy3L._AC_US200_.jpg,New -Dumpling Squishies & Dumpling Squishy Mystery Box ，Soft TPR Sensory Stress Ball Fidget Toy (Purple+Pink),https://www.amazon.com/dp/B0GSS8QJSB?th=1,1773878400000,200,美国,Novelty & Gag Toys
1777254371569,亚马逊,B0GSSDW3M2,https://m.media-amazon.com/images/I/61hzUFb2cjL._AC_US200_.jpg,New -Dumpling Squishies & Dumpling Squishy Mystery Box ，Soft TPR Sensory Stress Ball Fidget Toy (Colorful White),https://www.amazon.com/dp/B0GSSDW3M2?th=1,1773878400000,600,美国,Novelty & Gag Toys
1777254371569,亚马逊,B0GS641NR4,https://m.media-amazon.com/images/I/41Td4L9-VbL._AC_US200_.jpg,"2PCS Slow Rebound Cute Butter Squeeze Stress Balls, 2026 New Squeeze Ball Realistic Butter Stick Soft Squeeze Toys, Upgrade Stress Relief Fidget Toys Wet Slow Rebound Stress Relief Toy (Beige)",https://www.amazon.com/dp/B0GS641NR4?th=1,1773878400000,1000,美国,Novelty & Gag Toys
1777254371569,亚马逊,B0GSYMRHH3,https://m.media-amazon.com/images/I/51KymuuRM2L._AC_US200_.jpg,"Random Glitter Dumpling - Rare New Glitter Dumpling Squishy,Fun Dumplings Ball Stress Relief Fidget for Playing, Party, Alone (2*pcs)",https://www.amazon.com/dp/B0GSYMRHH3?th=1,1773878400000,200,美国,Novelty & Gag Toys
1777254371569,亚马逊,B0GJRWR9Y6,https://m.media-amazon.com/images/I/51SGLo4VfRL._AC_US200_.jpg,"Fidget Spinner 6 Pack, Light up Sensory Fidget Toys Adults Kids with Autism ADHD, Kids Treasure Prize Box Toys for Classroom Party Favors Bags Pinata Stuffers Glow Travel Toys Anxiety Stress Relief",https://www.amazon.com/dp/B0GJRWR9Y6?th=1,1773878400000,300,美国,新颖性
1777254371569,亚马逊,B0GLNS2MHL,https://m.media-amazon.com/images/I/51Hk4P9YLeL._AC_US200_.jpg,"15pcs Taba Squishy Toys Kit, Squishies Fidget Toys for Kids & Adults with Box,Stress Relief Toys Classroom Party Favors for Kids 4-8 8-12, Sensory Fidget Birthday Easter Gifts Easter Basket Stuffers",https://www.amazon.com/dp/B0GLNS2MHL?th=1,1773878400000,200,美国,Novelty & Gag Toys
1777254371569,亚马逊,B0GL1Q8TN2,https://m.media-amazon.com/images/I/41E0JF+RkKL._AC_US200_.jpg,"Sensory Squeezing Water Bath Toys for Toddlers,3PCS Bath Tub Pool Floating Toys for Babies Kids 1-3，Textured Fidget Toys Stocking Stuffers Gifts for Boys Girls 18+ Months",https://www.amazon.com/dp/B0GL1Q8TN2?th=1,1773878400000,500,美国,婴幼儿
1777254371569,亚马逊,B0GRYMXSFV,https://m.media-amazon.com/images/I/410CRVCQ8BL._AC_US200_.jpg,"Dumpling Squishies Mystery Box, Giant Dumpling Squishy Stress Relief Desk Fidget, Jumbo Soft Squeeze Decompression with Steamer Box for Office, Home Desk Decor, Easter Basket Stuffers(White)",https://www.amazon.com/dp/B0GRYMXSFV?th=1,1773878400000,600,美国,Novelty & Gag Toys
1777254371569,亚马逊,B0GRTZ3NYS,https://m.media-amazon.com/images/I/41yHci-EFdL._AC_US200_.jpg,"Dumpling Squishies, Glitter Dumpling Mystery Box, Easter Basket Stuffers, Ideal for Adults & Teens, Fun Gifts for Stress-Free Moments (White)",https://www.amazon.com/dp/B0GRTZ3NYS?th=1,1773878400000,300,美国,Novelty & Gag Toys
1777254371569,亚马逊,B0GQ3PB7ZH,https://m.media-amazon.com/images/I/414h1JG1hHL._AC_US200_.jpg,"Dumpling Squishy,Giant Glitter Dumpling,Mystery Squishy Dumplings Box,Jumbo Squishy Toy with Steamer Box,Soft Squeeze Decompression Dough Suitable for Adult use in Offices and Homes (Green)",https://www.amazon.com/dp/B0GQ3PB7ZH?th=1,1773878400000,800,美国,Novelty & Gag Toys
1777254371569,亚马逊,B0GSQNXKZV,https://m.media-amazon.com/images/I/51iLYNvt67L._AC_US200_.jpg,"Glitter Dumpling Squishy - Random Dumpling Squishy Mystery Box, 10 Colors Dumplings Squishy Toy, More Surprises (Random-6PC)",https://www.amazon.com/dp/B0GSQNXKZV?th=1,1773878400000,300,美国,Novelty & Gag Toys
1777254371569,亚马逊,B0GSQRY9JJ,https://m.media-amazon.com/images/I/51EFYeSK7cL._AC_US200_.jpg,"Glitter Dumpling Squishy - Random Dumpling Squishy Mystery Box, 10 Colors Dumplings Squishy Toy, More Surprises (Random-3PC)",https://www.amazon.com/dp/B0GSQRY9JJ?th=1,1773878400000,700,美国,Novelty & Gag Toys
1777254371569,亚马逊,B0GSQMTG4D,https://m.media-amazon.com/images/I/811AXXG8ydL._AC_US200_.jpg,"Glitter Dumpling Squishy - Random Dumpling Squishy Mystery Box, 10 Colors Dumplings Squishy Toy, More Surprises (Random-2PC)",https://www.amazon.com/dp/B0GSQMTG4D?th=1,1773878400000,1000,美国,Novelty & Gag Toys
1777254371569,亚马逊,B0GRZWG2BK,https://m.media-amazon.com/images/I/410oLsK80ZL._AC_US200_.jpg,"Dumpling Squishy, Mystery Dumpling Squishy, Dumplings Sensory Squeeze Toy for Stress Relief, Soft Squeeze Decompression Dough for Adults Classroom Prizes & Party Favors（White）",https://www.amazon.com/dp/B0GRZWG2BK?th=1,1773878400000,1000,美国,Novelty & Gag Toys
1777254371569,亚马逊,B0GFVM577W,https://m.media-amazon.com/images/I/61Y+h-JH58L._AC_US200_.jpg,"TERRAMUS 59"" Windmill Water Sprinkler for Kids Summer Toys, 360° Spinning Splash Water Toy, Upgraded Double Sided with 6 Blades, Outdoor Backyard Games Summer Fun for Boys Girls Dogs & Garden Watering",https://www.amazon.com/dp/B0GFVM577W?th=1,1773878400000,400,美国,体育
1777254371569,亚马逊,B0GSZZ3Y3S,https://m.media-amazon.com/images/I/41O6gh0OghL._AC_US200_.jpg,"Drone with Camera 1080P HD,Mini Drone for Beginners Kids Adults,Foldable RC Quadcopter with Stable Hover,Trajectory Flight,One Key Take Off/Land,2 Batteries,Toys for Boys and Girls（Black)",https://www.amazon.com/dp/B0GSZZ3Y3S?th=1,1773878400000,500,美国,遥控
1777254371569,亚马逊,B0GMGCBGWW,https://m.media-amazon.com/images/I/51t9SEhksBL._AC_US200_.jpg,"30Pcs Feliz Día De Las Madres Cake Topper, Acrylic Feliz Dia Mamá Cupcake Toppers Flower Heart Carving Mirror Spanish Happy Mothers Day Cake Decorations for Birthday Party Supplies Gift (2 Designs)",https://www.amazon.com/dp/B0GMGCBGWW?th=1,1773878400000,300,美国,Party Supplies
1777254371569,亚马逊,B0GKN7R9W5,https://m.media-amazon.com/images/I/51O+Hw6izPL._AC_US200_.jpg,"Ansoufien Giant Easter Coloring Poster - 72"" x 30"" Large Paper Tablecover with 24 Paint Pens - Arts and Crafts for Toddlers, Classroom Group Activity, Easter Basket Stuffer Gifts & Party Favors",https://www.amazon.com/dp/B0GKN7R9W5?th=1,1773878400000,400,美国,派对用品
1777254371569,亚马逊,B0GSPXQ92C,https://m.media-amazon.com/images/I/41uFt4wm98L._AC_US200_.jpg,"Crunchy Noisy Stress Balls Ice Skin Fidget Sensory Toys Soft Moldable Squeeze Balls for Office Desk, Squishy Relaxing",https://www.amazon.com/dp/B0GSPXQ92C?th=1,1773878400000,200,美国,Novelty & Gag Toys
1777254371569,亚马逊,B0GSTZH7WL,https://m.media-amazon.com/images/I/61L+bWh74+L._AC_US200_.jpg,"Mahjong Cards 2026, 4 PCS Mah Jongg Card Large Print, Easy to Read Rule Cards for Mah Jongg, Perfect Mahjong Accessories and Gifts for Mahjong Beginners",https://www.amazon.com/dp/B0GSTZH7WL?th=1,1773878400000,900,美国,游戏
1777254371569,亚马逊,B0GT3TQCJB,https://m.media-amazon.com/images/I/715K-7nlooL._AC_US200_.jpg,"2026 Easter Golden Egg Treasure Hunt Mystery 10-Piece Set, Easter Gifts for Family & Friends (1 Set)",https://www.amazon.com/dp/B0GT3TQCJB?th=1,1773878400000,500,美国,Novelty & Gag Toys
1777254371569,亚马逊,B0GCYTN1LN,https://m.media-amazon.com/images/I/41WuqHzzV5L._AC_US200_.jpg,"Skirfy Electric Water Gun Toys,Auto Suction Water Guns for Adults&Kids,Squirt Guns Battery Powered Automatic Water Blasts,Pool Beach Outdoor Party Toys for Kids（Black）",https://www.amazon.com/dp/B0GCYTN1LN?th=1,1773878400000,500,美国,体育
1777254371569,亚马逊,B0GSZPQTT6,https://m.media-amazon.com/images/I/710LHa5piLL._AC_US200_.jpg,"INJORA 41 * 14mm 0.7"" Cling On Tires for 1/30 Axial SCX30 Upgrade (T7020)",https://www.amazon.com/dp/B0GSZPQTT6?th=1,1773878400000,200,美国,遥控
1777254371569,亚马逊,B0GRSN71CX,https://m.media-amazon.com/images/I/41St0j2NSCL._AC_US200_.jpg,"Dumpling Squishy Mystery Box Squeeze Toy, Squishy Dumpling Fidget Toys for Adults, Stress Relief Sensory Toy(Green)",https://www.amazon.com/dp/B0GRSN71CX?th=1,1773878400000,200,美国,Novelty & Gag Toys
1777254371569,亚马逊,B0GM7FJJXN,https://m.media-amazon.com/images/I/51+YU4b8pPL._AC_US200_.jpg,"24 Colors Tempera Paint Sticks,Washable Paint Sticks for Kids,Non-Toxic,90s Quick Drying, Allergen Free and High Coverage Solid Tempera Paint Stick,Ideal Gifts for Kids and Toddlers",https://www.amazon.com/dp/B0GM7FJJXN?th=1,1773878400000,200,美国,艺术
1777254371569,亚马逊,B0GSQSNW7J,https://m.media-amazon.com/images/I/31ozGi1A8aL._AC_US200_.jpg,"2 Pack Coconut Oil Squishy - Coconut Oil Stress Ball, Handmade Malleable Clear Jelly Bubblegum Texture Coconut Oil Squish (Blue+Pink)",https://www.amazon.com/dp/B0GSQSNW7J?th=1,1773878400000,900,美国,Novelty & Gag Toys
1777254371569,亚马逊,B0GL75H25F,https://m.media-amazon.com/images/I/41qD5eosVqL._AC_US200_.jpg,"Action Figures Set, 5 Pcs Game Figures Toys with Light, Movable Toys Dolls with Light, Collectible Gifts and Cake Toppers",https://www.amazon.com/dp/B0GL75H25F?th=1,1773878400000,400,美国,玩具图
1777254371569,亚马逊,B0GK6NJ57T,https://m.media-amazon.com/images/I/51m1SWyoUCL._AC_US200_.jpg,"Magnetic Tiles Princess Toys, Princess Castle Travel Magnetic Blocks with Metal Box & 2 Dolls, Mini Magnet Tiles for Girls Pretend Play, Magnet STEM Sensory Gifts for Toddlers 3-5 4-8 8-12 Years Old",https://www.amazon.com/dp/B0GK6NJ57T?th=1,1773878400000,200,美国,建筑玩具
1777254371569,亚马逊,B0GLYRTHRK,https://m.media-amazon.com/images/I/51rw8VYMhsL._AC_US200_.jpg,"24 Pcs Superhero Themed Stampers, Superhero Birthday Party Supplies, Goody Bag Treat Bag Stuff for Superhero Birthday Party Gifts",https://www.amazon.com/dp/B0GLYRTHRK?th=1,1773878400000,200,美国,艺术
1777254371569,亚马逊,B0GLNNJJD5,https://m.media-amazon.com/images/I/81t1QZfQxsL._AC_US200_.jpg,"Automatic Flower Bubble Machine for Kid, Handheld&Standing 2 in1 Rechargeable Bubble Maker with Lights for Parties, 28in to 41in Adjustment Height Bubble Machine for Toddlers,Idea for Outdoor Toy",https://www.amazon.com/dp/B0GLNNJJD5?th=1,1773792000000,1000,美国,体育
1777254371569,亚马逊,B0GSRJGWJ2,https://m.media-amazon.com/images/I/41208A6oRmL._AC_US200_.jpg,"Squishies Cake Slow Rising Squish,Soft Cake Stree Relief,Cute Squeeze Squishy Relaxing Sensory Fidget Stress for Anxiety Relief",https://www.amazon.com/dp/B0GSRJGWJ2?th=1,1773792000000,300,美国,Novelty & Gag Toys
1777254371569,亚马逊,B0GSR4CTTB,https://m.media-amazon.com/images/I/71niiVGT+eL._AC_US200_.jpg,"10 Pcs Squishies Fidget Toys, Ice Cube Squeezes Toys Stress Cubes Sensory Squishies Ball for Adults Kids, Ice Cube Style Anxiety Relief Stress Toy, Classroom Prizes Party Favors",https://www.amazon.com/dp/B0GSR4CTTB?th=1,1773792000000,200,美国,Novelty & Gag Toys
1777254371569,亚马逊,B0GJZYL6YK,https://m.media-amazon.com/images/I/51Pfc1HCawL._AC_US200_.jpg,"Iyoyo Mini Basketballs,3 Pack 6"" Inch Small Basketball Set with Pump Over The Door Mini Hoop Basketball Replacement Toy for Toddlers,Kids,Teenagers for Pool,Indoors,Outdoors",https://www.amazon.com/dp/B0GJZYL6YK?th=1,1773792000000,200,美国,体育
1777254371569,亚马逊,B0G6YW7YZM,https://m.media-amazon.com/images/I/81OaSywrUzL._AC_US200_.jpg,"EagleStone 200 PCS Mini Bubble Wands in 10 Colors, Bulk Party Favors for Kids, Birthday, Easter Basket Stuffer, Christmas, Valentine’s, Carnival, Classroom Prizes, Goodie Bag Stuffers for Boys & Girls",https://www.amazon.com/dp/B0G6YW7YZM?th=1,1773792000000,200,美国,体育
1777254371569,亚马逊,B0GSDZ64HV,https://m.media-amazon.com/images/I/81uCTou7XaL._AC_US200_.jpg,"Unique 16 Pack KPop Plates and Napkins - 16 KPop Birthday Plates, 16 Napkins - K Pop Demon Hunters Party Decorations and Suplies - Officially Licensed",https://www.amazon.com/dp/B0GSDZ64HV?th=1,1773792000000,400,美国,派对用品
1777254371569,亚马逊,B0GSVGZZBX,https://m.media-amazon.com/images/I/41L+C1yvYLL._AC_US200_.jpg,"LEGO Easter Decorations – 312-Piece Spring Building Set with Bunny, Chick, Sheep, Daffodil & Colorful Eggs, Seasonal Holiday Decor Toy Gift for Kids Boys & Girls – 40890",https://www.amazon.com/dp/B0GSVGZZBX?th=1,1773792000000,200,美国,建筑玩具
1777254371569,亚马逊,B0G7Y2X96J,https://m.media-amazon.com/images/I/8148VrdHgWL._AC_US200_.jpg,"StarOcean 2026 Large Foldable Pool,Non-Inflatable Swimming Pool for Kid,Adult Collapsible Pool Hard Plastic,Overthickened Extra Large Foldable Pool,Portable Folding Kid Pool for Backyard,118""x73""x20""",https://www.amazon.com/dp/B0G7Y2X96J?th=1,1773792000000,200,美国,体育
1777254371569,亚马逊,B0G51RV1WB,https://m.media-amazon.com/images/I/51J3NjQMBmL._AC_US200_.jpg,"Donut Stress Ball - Cool Sensory Squishy Nice Squeeze Fidget Cute Squish Toy - 2.75"" Donut",https://www.amazon.com/dp/B0G51RV1WB?th=1,1773792000000,300,美国,Novelty & Gag Toys
1777254371569,亚马逊,B0G51LYNX2,https://m.media-amazon.com/images/I/71ZEYY4VbPL._AC_US200_.jpg,"Donut Stress Ball - Cool Sensory Squishy Nice Squeeze Fidget Cute Squish Toy - 2.75"" Donut",https://www.amazon.com/dp/B0G51LYNX2?th=1,1773792000000,200,美国,Novelty & Gag Toys
1777254373944,亚马逊,B0G51MJM6V,https://m.media-amazon.com/images/I/61J8VpaNmSL._AC_US200_.jpg,"Donut Stress Ball - Cool Sensory Squishy Nice Squeeze Fidget Cute Squish Toy - 2.75"" Donut",https://www.amazon.com/dp/B0G51MJM6V?th=1,1773792000000,300,美国,Novelty & Gag Toys
1777254373944,亚马逊,B0GRV1SRD3,https://m.media-amazon.com/images/I/515itomIG5L._AC_US200_.jpg,"Dumpling Squishies,3.4inch Colorful Dumpling Stress Balls, Fidget Sensory Toy, Squeeze Dough Ball Stress Relief Hand Toys with Food Steamer, Dumpling Squishy Mystery Box, 6 Colors Random(1pack)",https://www.amazon.com/dp/B0GRV1SRD3?th=1,1773792000000,600,美国,Novelty & Gag Toys
1777254373944,亚马逊,B0GSRN8XXW,https://m.media-amazon.com/images/I/51rSIl9iD4L._AC_US200_.jpg,"Dumpling Squishies, Glitter Dumpling Squishy, Fun Sensory Fidget Toy for Kids and Adults, Desk Fidget for Home, School and,Random Color (1pc)",https://www.amazon.com/dp/B0GSRN8XXW?th=1,1773792000000,300,美国,Novelty & Gag Toys
1777254373944,亚马逊,B0GSRQTPF5,https://m.media-amazon.com/images/I/81zW6vJiIXL._AC_US200_.jpg,"Dumpling Squishies, Glitter Dumpling Squishy, Fun Sensory Fidget Toy for Kids and Adults, Desk Fidget for Home, School and,Random Color (4pcs)",https://www.amazon.com/dp/B0GSRQTPF5?th=1,1773792000000,800,美国,Novelty & Gag Toys
1777254373944,亚马逊,B0G5YL8FVW,https://m.media-amazon.com/images/I/51wDHHHbGbL._AC_US200_.jpg,"VOMAOK Easter Eggs Filled with Sticky Hands –24 Pack Pre-Filled Easter Eggs with 24 Assorted Sticky Hands Toys, Easter Basket Stuffers for Kids, Party Favors",https://www.amazon.com/dp/B0G5YL8FVW?th=1,1773792000000,700,美国,Party Supplies
1777254373944,亚马逊,B0GCHX3NJW,https://m.media-amazon.com/images/I/81VkJ7vmk8L._AC_US200_.jpg,"100pcs Holographic Baseball Waterproof Vinyl Stickers - Cool Baseball Decor & Party Favors for Goodie Bag, Water Bottle, Classroom Prizes",https://www.amazon.com/dp/B0GCHX3NJW?th=1,1773792000000,200,美国,艺术
1777254373944,亚马逊,B0FJMS5QMZ,https://m.media-amazon.com/images/I/7195alHJilL._AC_US200_.jpg,Star Wars™ Micro Galaxy Squadron Fiend Fighter - 5-inch Vehicle with 1-Inch Micro Figure Accessory,https://www.amazon.com/dp/B0FJMS5QMZ?th=1,1773792000000,400,美国,玩具图
1777254373944,亚马逊,B0GRSJZ7D1,https://m.media-amazon.com/images/I/518FaZMYFhL._AC_US200_.jpg,Pokemon Birthday Banner and Hanging Foil Backdrop - Pokemon Birthday Decorations - Themed Party Supplies - Officially Licensed,https://www.amazon.com/dp/B0GRSJZ7D1?th=1,1773792000000,400,美国,Party Supplies
1777254373944,亚马逊,B0G8DYW3C6,https://m.media-amazon.com/images/I/41DUvU04bVL._AC_US200_.jpg,"Lehoo Castle Kids Guitar Set, Dinosaur Guitar for Toddlers 1-3, Wooden Montessori Musical Instruments 7 in 1 with Ukulele/Tambourine/Maracas/Flute, Mini Band Set Birthday Gift for Boys Girls",https://www.amazon.com/dp/B0G8DYW3C6?th=1,1773792000000,300,美国,学习
1777254373944,亚马逊,B0GKM9PZQJ,https://m.media-amazon.com/images/I/51JNGKswBcL._AC_US200_.jpg,"JOICEE 50 Pcs Mini 3D Printed Animal Figurines Set, Articulated Flexible Fidget Toys Cute Desk Pets Decor for Kids Party Favors Birthday Gifts Classroom Rewards Office Home Decorations",https://www.amazon.com/dp/B0GKM9PZQJ?th=1,1773792000000,800,美国,玩具图
1777254373944,亚马逊,B0GGGTJY8Z,https://m.media-amazon.com/images/I/716aZV-g3sL._AC_US200_.jpg,"Stranger Birthday Party Supplies, 86pcs Birthday Party Decorations Set Included 12 Bracelets, 12 Acrylic Pins, 12 Keychains, 50 Stickers, for Boys and Girls Cartoon Theme Party",https://www.amazon.com/dp/B0GGGTJY8Z?th=1,1773792000000,400,美国,Party Supplies
1777254373944,亚马逊,B0GSV5QTJ6,https://m.media-amazon.com/images/I/41C5biMCfZL._AC_US200_.jpg,"RTTUIOP Squishy Squishies Toys Stress Cube Fidget Toys Stress Balls for Kids, Adults Squeeze Squishies Anxiety Stress Relief, Ice Squishy Cube Sugar Balls Sensory Toy Nice Ball Cubes with Box Blue",https://www.amazon.com/dp/B0GSV5QTJ6?th=1,1773792000000,2000,美国,Novelty & Gag Toys
1777254373944,亚马逊,B0GSJPQGJN,https://m.media-amazon.com/images/I/41dTl19kiQL._AC_US200_.jpg,"Cute Duck Squishy Sugar Stress Ball,Soft Duck Stress Relief Sugar Ball Squishy Ultra Squishy and Moldable Slow Rise Relaxing Sensory Stress for Anxiety",https://www.amazon.com/dp/B0GSJPQGJN?th=1,1773792000000,600,美国,Novelty & Gag Toys
1777254373944,亚马逊,B0GBKKXDL1,https://m.media-amazon.com/images/I/51MhdPhoadL._AC_US200_.jpg,12 Pack Easter Eggs Squeeze Toys Stress Balls Squishy Toys for Kids Boys Girls Easter Basket Stuffers Egg Fillers Easter Egg Hunt Party Favors Gifts,https://www.amazon.com/dp/B0GBKKXDL1?th=1,1773792000000,1000,美国,Novelty & Gag Toys
1777254373944,亚马逊,B0GRD83QCB,https://m.media-amazon.com/images/I/41DfJ9cZHgL._AC_US200_.jpg,"HYPERI DIY Mothers Day Crafts for Kids Handprint Art, Handprints Wooden Rose Flower Bouquet, Mothers Day Gifts for Mom from Kids, for Grandma from Grandkids, Mothers Day Keepsake Craft",https://www.amazon.com/dp/B0GRD83QCB?th=1,1773792000000,400,美国,艺术
1777254373944,亚马逊,B0GSQPZPWK,https://m.media-amazon.com/images/I/51w2NmcoDcL._AC_US200_.jpg,"Glitter Dumpling Squishy - Random Dumpling Squishy Mystery Box, 10 Colors Dumplings Squishy Toy, More Surprises (Random-1PC)",https://www.amazon.com/dp/B0GSQPZPWK?th=1,1773792000000,4000,美国,Novelty & Gag Toys
1777254373944,亚马逊,B0GK16D2WL,https://m.media-amazon.com/images/I/51DIK63UkxL._AC_US200_.jpg,"Dxldfks 12PCS 3D Printed Dragon with Egg, Small Articulated Crystal Dragons Eggs for Easter Basket Stuffers Home Office Decoration Executive Desk Toys",https://www.amazon.com/dp/B0GK16D2WL?th=1,1773792000000,200,美国,新颖性
1777254373944,亚马逊,B0GQMKQKPD,https://m.media-amazon.com/images/I/41ADXbix5JL._AC_US200_.jpg,"Dumpling Squishies Toy, Giant Glitter Dumpling, Colorful Steamed Bun Stress Balls Fidget Sensory Toy,Squeeze Dough Ball Stress Relief Hand Toys with Food Steamer Stretchy Desk Toys (Pink)",https://www.amazon.com/dp/B0GQMKQKPD?th=1,1773792000000,1000,美国,Novelty & Gag Toys
1777254373944,亚马逊,B0GQN4GXMZ,https://m.media-amazon.com/images/I/41h1sj+-K2L._AC_US200_.jpg,"Dumpling Squishies Toy, Giant Glitter Dumpling, Colorful Steamed Bun Stress Balls Fidget Sensory Toy,Squeeze Dough Ball Stress Relief Hand Toys with Food Steamer Stretchy Desk Toys (Blue)",https://www.amazon.com/dp/B0GQN4GXMZ?th=1,1773792000000,1000,美国,Novelty & Gag Toys
1777254373944,亚马逊,B0GH1Y7SZ6,https://m.media-amazon.com/images/I/412SHgUxb3L._AC_US200_.jpg,Urban Infant Non-Toxic Sidewalk Chalk for Toddlers 1-3 and Kids - Washable Outdoor Jumbo Chalk - The Very Hungry Caterpillar,https://www.amazon.com/dp/B0GH1Y7SZ6?th=1,1773792000000,300,美国,艺术
1777254373944,亚马逊,B0GR4W42RB,https://m.media-amazon.com/images/I/51zy5HYMXiL._AC_US200_.jpg,40Pcs Happy Mothers Day Cake Topper Acrylic Heart Cupcake Toppers Flower Carving Mirror Mothers Day Cake Decorations for Birthday Party Supplies Gift (2 Designs),https://www.amazon.com/dp/B0GR4W42RB?th=1,1773792000000,200,美国,Party Supplies
1777254373944,亚马逊,B0GQXR5NWJ,https://m.media-amazon.com/images/I/41x4EH6rJkL._AC_US200_.jpg,"Bubble Cigarette Blower Kit, 2 Pack Mini Bubble Blower Sticks Stress Relief Toy for Men Women, Birthday Christmas Party Gift",https://www.amazon.com/dp/B0GQXR5NWJ?th=1,1773792000000,1000,美国,体育
1777254373944,亚马逊,B0GDWCFBMG,https://m.media-amazon.com/images/I/517o78DNeTL._AC_US200_.jpg,"Electric Water Gun for Adults Kids,Realistic SMG,Rechargeable,Automatic Squirt Watergun,for Boys Girls,Pool Party Outdoor Toy,Summer Game,Long Range,2026 LED Electric Water Guns(2 Pack Pink Red,Black)",https://www.amazon.com/dp/B0GDWCFBMG?th=1,1773792000000,500,美国,体育
1777254373944,亚马逊,B0GSYLSMJW,https://m.media-amazon.com/images/I/41yf0Uv6rWL._AC_US200_.jpg,"Coconut Oil Stress Ball, Slow Rising Coconut Oil Squishy, Soft Non-Sticky Desk Fidget for Stress Relief, Easy to Clean, Portable Squeeze for Home, Office and Adults(4pc)",https://www.amazon.com/dp/B0GSYLSMJW?th=1,1773792000000,200,美国,Novelty & Gag Toys
1777254373944,亚马逊,B0GSVKC6MN,https://m.media-amazon.com/images/I/41dwAkO-1rL._AC_US200_.jpg,"Giant Dumpling Squishy, 2026 Soft Dumpling Stress Ball with Steamer Box, Easter Gift Squeeze Stress Relief Sensory Figure Decor for Desk Office Home Relaxation (White+Gold)",https://www.amazon.com/dp/B0GSVKC6MN?th=1,1773792000000,2000,美国,Novelty & Gag Toys
1777254373944,亚马逊,B0GG5LV1GN,https://m.media-amazon.com/images/I/814BnhPK5IL._AC_US200_.jpg,"Qudoustar 100 Pack 3 Inch Large Fillable Plastic Easter Eggs Bulk Includes 6 Surprise Golden Eggs, Bright Colors Empty Eggs for Easter Hunt Basket Stuffers Party Favors",https://www.amazon.com/dp/B0GG5LV1GN?th=1,1773792000000,200,美国,Party Supplies
1777254373944,亚马逊,B0G51PD3VG,https://m.media-amazon.com/images/I/517hE+slGuL._AC_US200_.jpg,"Cloud Stress Ball - Nice Sensory Squishy Squeeze Cute Fidget Toy with Slow Rise Squish - 3"" Cloud",https://www.amazon.com/dp/B0G51PD3VG?th=1,1773792000000,400,美国,Novelty & Gag Toys
1777254373944,亚马逊,B0G51RMM8D,https://m.media-amazon.com/images/I/71qYlt3iYwL._AC_US200_.jpg,"Cloud Stress Ball - Nice Sensory Squishy Squeeze Cute Fidget Toy with Slow Rise Squish - 3"" Cloud",https://www.amazon.com/dp/B0G51RMM8D?th=1,1773792000000,600,美国,Novelty & Gag Toys
1777254373944,亚马逊,B0GLPNNZ18,https://m.media-amazon.com/images/I/61yKLnvH90L._AC_US200_.jpg,"Impossmaker 8"" 3D Printed Dragon Eggs, Mystery Crystal Dragon Egg for Easter Basket Stuffers, Unique Easter Toys & Decor, Fantasy Tabletop Decor Gifts for Kids & Collectors (6 Pack)",https://www.amazon.com/dp/B0GLPNNZ18?th=1,1773792000000,400,美国,玩具图
1777254373944,亚马逊,B0GSRVNM5M,https://m.media-amazon.com/images/I/51iyRzmml8L._AC_US200_.jpg,"Squishy Squeeze Strawberry Giant Jumbo Big 7&4 Inch Slow Rising Stress Ball, Realistic Fruit Squeeze Toy for Relief, Adults Kids Sensory Fidget Strawberry Squishy Gifts Party Favor(RED+Pink)",https://www.amazon.com/dp/B0GSRVNM5M?th=1,1773792000000,300,美国,Novelty & Gag Toys
1777254373944,亚马逊,B0GSRFGH4Z,https://m.media-amazon.com/images/I/51n4w24nayL._AC_US200_.jpg,"Squishy Squeeze Strawberry Giant Jumbo Big 7 Inch Slow Rising Stress Ball, Realistic Fruit Squeeze Toy for Relief, Adults Kids Sensory Fidget Strawberry Squishy Gifts Party Favor(7 Inch Red)",https://www.amazon.com/dp/B0GSRFGH4Z?th=1,1773792000000,2000,美国,Novelty & Gag Toys
1777254373944,亚马逊,B0GHN8542Z,https://m.media-amazon.com/images/I/61yFPNa2Q5L._AC_US200_.jpg,"Squishy Ice Cube Fidget Toy, Sugar Ball Stress Cube for Kids Adults, Soft Squishies Stress Relief Sensory Toy for Autism, Classroom Prize Toy Party Favor",https://www.amazon.com/dp/B0GHN8542Z?th=1,1773705600000,400,美国,Novelty & Gag Toys
1777254373944,亚马逊,B0GQ9QXJKX,https://m.media-amazon.com/images/I/71f49BAxA+L._AC_US200_.jpg,"Mah Jong 2025 Card Large Print Official Revision, Easy to Read Rule Cards, 4-Pack",https://www.amazon.com/dp/B0GQ9QXJKX?th=1,1773705600000,500,美国,游戏
1777254373944,亚马逊,B0GSFQYWTK,https://m.media-amazon.com/images/I/61GxoQggLcL._AC_US200_.jpg,"Demon Hunters 11.5'' Fashion Doll for,Articulated Girl Group Doll,Perfect Christmas and Birthdays Toy Gift for Girls Fans (03)",https://www.amazon.com/dp/B0GSFQYWTK?th=1,1773705600000,700,美国,娃娃
1777254373944,亚马逊,B0G4M6ZNCS,https://m.media-amazon.com/images/I/51i5EMJJ3IL._AC_US200_.jpg,Fancy Land Easter Story Wooden Puzzle 12Pcs Religious Wood Eggs Peg Puzzle Set for Holy Week Christian Gifts Easter Basket Stuffers Sunday School Party Favor Church Activity Classroom Game Supplies,https://www.amazon.com/dp/B0G4M6ZNCS?th=1,1773705600000,200,美国,拼图
1777254373944,亚马逊,B0G29SNWZ5,https://m.media-amazon.com/images/I/51nSJPa7mXL._AC_US200_.jpg,Treasure Cove Flower Foam Stickers Self-Adhesive Spring Foam Sticker Cartoon Flower Shapes Decals for Kids DIY Crafts School Classrooms Scrapbooking Art Decor 306Pcs,https://www.amazon.com/dp/B0G29SNWZ5?th=1,1773705600000,200,美国,艺术
1777254373944,亚马逊,B0GGXNQZF1,https://m.media-amazon.com/images/I/513eFINe-CL._AC_US200_.jpg,"60Pcs Mini Squishies Toys, Fidget Toys, Taba Squishies, Party Favors for Kids 4-8 8-12, Birthday Christmas Goodie Bag Fillers, Cute Squishys Pack, Stress Relief, Anxiety Toys for Boys Girls",https://www.amazon.com/dp/B0GGXNQZF1?th=1,1773705600000,300,美国,Novelty & Gag Toys
1777254373944,亚马逊,B0G2RCZFDR,https://m.media-amazon.com/images/I/61w+e1g7vzL._AC_US200_.jpg,Fancy Land Holographic Religious Stickers 50Pcs Waterproof Jesus Christian Sticker Bible Verse Vinyl Decals for Water Bottle Laptop Journal Decorations Gifts,https://www.amazon.com/dp/B0G2RCZFDR?th=1,1773705600000,200,美国,艺术
1777254373944,亚马逊,B0GFKFX6VD,https://m.media-amazon.com/images/I/41CeXQOfH7L._AC_US200_.jpg,"Electric Water Gun for Kids 8-12 Years Old, Transparent Automatic Water Gun, high Power IP67 Waterproof, Classic Summer Pool Toys for Kids (Black)",https://www.amazon.com/dp/B0GFKFX6VD?th=1,1773705600000,200,美国,体育
1777254373944,亚马逊,B0G2BMFJTL,https://m.media-amazon.com/images/I/512LiNIRBtL._AC_US200_.jpg,"15 Ft Flexible Race Track for Kids, DIY Car Track Set with 2 Toy Cars & 3 Suction Cup Ramps, Easter Basket Stuffers for Teens & Boys Girls, Creative Easter Gifts for Kids, Orange",https://www.amazon.com/dp/B0G2BMFJTL?th=1,1773705600000,200,美国,车辆
1777254373944,亚马逊,B0GMFGSC3X,https://m.media-amazon.com/images/I/51iOiL7oqTL._AC_US200_.jpg,Jasonwell Pool Games Toys Floats -2Pack Inflatable Dinosaur Pool Floats with Blow Up Toy Hammers Ride on Pool Floaties for Kids Teens Adults Lounge Raft Summer Lake Beach Party Decorations,https://www.amazon.com/dp/B0GMFGSC3X?th=1,1773705600000,300,美国,体育
1777254373944,亚马逊,B0GJZY21VR,https://m.media-amazon.com/images/I/51cVU6e4WWL._AC_US200_.jpg,"JIXZEN 3 Rolls 1500 PCS Animal Stickers for Kids, 24 Cute Farm/Ocean/Wild Designs with Motivational Words, Reward Stickers for Toddlers 2-4, Classroom School Supplies (1.0 Inch)",https://www.amazon.com/dp/B0GJZY21VR?th=1,1773705600000,500,美国,艺术
1777254373944,亚马逊,B0GLP2WWL1,https://m.media-amazon.com/images/I/51U1eB8dPmL._AC_US200_.jpg,27pcs Demon Hunters Cake Decorations with 30pcs Cupcake Toppers Party Supplies for Kpop Themed Birthday Decorations,https://www.amazon.com/dp/B0GLP2WWL1?th=1,1773705600000,1000,美国,Party Supplies
1777254373944,亚马逊,B0GL7GDNRC,https://m.media-amazon.com/images/I/61-MOfXzyiL._AC_US200_.jpg,"Wooden Mud Kitchen for Kids, Outdoor Play Kitchen with Real Running Water Sink, Mud Table, Gravity Water Tank, Planting Box, Critter Observation Box, 12-Pc Accessory Kit, Toddler Gift, Age 3+",https://www.amazon.com/dp/B0GL7GDNRC?th=1,1773705600000,700,美国,扮靓
1777254373944,亚马逊,B0G5VQC5ZW,https://m.media-amazon.com/images/I/51VF+YRJyOL._AC_US200_.jpg,"150 PCS 3 Inch Large Plastic Easter Eggs Bulk Include Surprise Golden Eggs, Colorful Fillable Empty Eggs for Easter Basket Stuffers Fillers Easter Hunt Filling Party Favors Classroom Prize Supplies",https://www.amazon.com/dp/B0G5VQC5ZW?th=1,1773705600000,200,美国,Party Supplies
1777254373944,亚马逊,B0GSQDZ5PD,https://m.media-amazon.com/images/I/41FINNhuqOL._AC_US200_.jpg,"Squishies Stress Cube Toys, Adults Squishies Anxiety Relief Maltose Ball, Gel Filled Stretchy Stress Balls for Anxiety Relief, Sensory & Focus, Novel Design Cool Colorful Fidgets Cubes",https://www.amazon.com/dp/B0GSQDZ5PD?th=1,1773705600000,200,美国,Novelty & Gag Toys
1777254373944,亚马逊,B0GS825K8X,https://m.media-amazon.com/images/I/418fl1TK4TL._AC_US200_.jpg,"Squishies Stress Cube Toys, Adults Squishies Anxiety Relief Maltose Ball, Gel Filled Stretchy Stress Balls for Anxiety Relief, Sensory & Focus, Novel Design Cool Colorful Fidgets Cubes",https://www.amazon.com/dp/B0GS825K8X?th=1,1773705600000,300,美国,Novelty & Gag Toys
1777254373944,亚马逊,B0GS8116X6,https://m.media-amazon.com/images/I/41bRrovFs2L._AC_US200_.jpg,"Squishies Stress Cube Toys, Adults Squishies Anxiety Relief Maltose Ball, Gel Filled Stretchy Stress Balls for Anxiety Relief, Sensory & Focus, Novel Design Cool Colorful Fidgets Cubes",https://www.amazon.com/dp/B0GS8116X6?th=1,1773705600000,200,美国,Novelty & Gag Toys
1777254373944,亚马逊,B0GS89CYHN,https://m.media-amazon.com/images/I/41k6+y2wZ5L._AC_US200_.jpg,"Squishies Stress Cube Toys, Adults Squishies Anxiety Relief Maltose Ball, Gel Filled Stretchy Stress Balls for Anxiety Relief, Sensory & Focus, Novel Design Cool Colorful Fidgets Cubes",https://www.amazon.com/dp/B0GS89CYHN?th=1,1773705600000,300,美国,Novelty & Gag Toys
1777254373944,亚马逊,B0G9NZD8Z1,https://m.media-amazon.com/images/I/51FvAbClTGL._AC_US200_.jpg,Kids Tool Set Toddlers Tool Kit Kid Toddler Tools Belt 3 4 5 Year Old Construction Tools Toys for Boys Birthday Gifts Age 3 4 5,https://www.amazon.com/dp/B0G9NZD8Z1?th=1,1773705600000,200,美国,扮靓
1777254373944,亚马逊,B0GD11SPVX,https://m.media-amazon.com/images/I/412GSMPoT5L._AC_US200_.jpg,"Bow Cake Toppers 18 PCS Black Ribbon Bows for Cake with 1 PCS Happy Birthday Cakes Topper Coquette Themed Bow Birthday Decorations for Wedding, Bridal Shower, Baby Shower, Bachelorette",https://www.amazon.com/dp/B0GD11SPVX?th=1,1773705600000,200,美国,派对用品
1777254373944,亚马逊,B0GS7521YT,https://m.media-amazon.com/images/I/41TrkLoD0OL._AC_US200_.jpg,"Butter Squishy Toy, Slow Rising Fidget Squishy Butter Stick, Sensory Squeeze Toys for Stress Relief, Party Favors Gift for Adults (1 Pack)",https://www.amazon.com/dp/B0GS7521YT?th=1,1773705600000,700,美国,Novelty & Gag Toys
1777254373944,亚马逊,B0GS8SZS7F,https://m.media-amazon.com/images/I/31Nm8eKQP+L._AC_US200_.jpg,"Green Dumpling Squishies with Box,New Mystery Squishys Dumplings Stress Relief Balls Fidget Sensory Toy,Bao Bun with Food Steamer Stretchy Desk Squeeze Toys",https://www.amazon.com/dp/B0GS8SZS7F?th=1,1773705600000,200,美国,Novelty & Gag Toys
1777254373944,亚马逊,B0GSSB6WQR,https://m.media-amazon.com/images/I/61HYnGrCw8L._AC_US200_.jpg,Yu-Gi-Oh! Rarity Collection 5 Booster Box,https://www.amazon.com/dp/B0GSSB6WQR?th=1,1773705600000,1000,美国,游戏
1777254373944,亚马逊,B0GR8JT4KF,https://m.media-amazon.com/images/I/410ItcFeibL._AC_US200_.jpg,"Dumpling Squishies, Giant Glitter Dumpling, Colorful Dumplings Stress Balls Fidget Sensory Stress Ball,Squeeze Dough Ball Stress Relief Hand Stress Ball with Food Steamer Stretchy Desk (Pink)",https://www.amazon.com/dp/B0GR8JT4KF?th=1,1773705600000,200,美国,新颖性
1777254373944,亚马逊,B0GR8CFXMB,https://m.media-amazon.com/images/I/41SROLeV8qL._AC_US200_.jpg,"Dumpling Squishies Toy,Mystery Squishy Dumpling Box,Cute Anxiety Relief Fidget Toy,Jumbo Squishy Toy with Steamer Box,Soft Squeeze Decompression Dough for Adults& Kids (White)",https://www.amazon.com/dp/B0GR8CFXMB?th=1,1773705600000,300,美国,Novelty & Gag Toys
1777254373944,亚马逊,B0GR8GD2T5,https://m.media-amazon.com/images/I/61G5tCeP-7L._AC_US200_.jpg,"Dumpling Squishies Toy,Mystery Squishy Dumpling Box,Cute Anxiety Relief Fidget Toy,Jumbo Squishy Toy with Steamer Box,Soft Squeeze Decompression Dough for Adults& Kids (Pink)",https://www.amazon.com/dp/B0GR8GD2T5?th=1,1773705600000,600,美国,Novelty & Gag Toys
1777254373944,亚马逊,B0GJK514K4,https://m.media-amazon.com/images/I/516Gk5z-RAL._AC_US200_.jpg,"VICHTOP 10Pcs Kids Gardening Tools Set - Wheelbarrow Toys with Shovel, Rake, Hoe and Leaf Rake for Outdoor Backyard Play, STEM Educational Toys, for Toddler Boys & Girls Ages 3 4 5",https://www.amazon.com/dp/B0GJK514K4?th=1,1773705600000,600,美国,体育
1777254373944,亚马逊,B0GJZ8ZS71,https://m.media-amazon.com/images/I/41uLkqdbV+L._AC_US200_.jpg,"Cute Cartoon Cake Topper Anime Theme Cake Decoration Suitable For Boys And Girls Birthday Cake Toppers, Cartoon Blue Theme Birthday Party Decorations (Blue)",https://www.amazon.com/dp/B0GJZ8ZS71?th=1,1773705600000,500,美国,派对用品
1777254373944,亚马逊,B0GLFB5LJM,https://m.media-amazon.com/images/I/412Jb5HDUfL._AC_US200_.jpg,"Wooden Mud Kitchen for Kids Outdoor - Play Kitchen with Real Running Water Sink & Removable Sink, 10-Piece Accessory Set with Stainless Steel Cookware & Planter Pots, Montessori Toy Gift for Ages 3+",https://www.amazon.com/dp/B0GLFB5LJM?th=1,1773705600000,400,美国,扮靓
1777254373944,亚马逊,B0GS4K1NSD,https://m.media-amazon.com/images/I/31-DcDAFFYL._AC_US200_.jpg,"Yellow Cheese Squeeze Toy,Cheese Squeeze Block, Rebounding Sensory,Help for Relax,Focus, Sensory Cheese for & Adults, Food Theme Cheese Cubes Squishy Toys,Focus,Stress Balls for Adults",https://www.amazon.com/dp/B0GS4K1NSD?th=1,1773705600000,600,美国,Novelty & Gag Toys
1777254373944,亚马逊,B0GKV46KG7,https://m.media-amazon.com/images/I/41V9SVwopIL._AC_US200_.jpg,"Dumpling Squishy, Mystery Squishy Dumpling Box, Sensory Stress Ball Squeeze Toys for Stress Relief, Cute Soft Decompression Dough, Birthday Gift (Pink)",https://www.amazon.com/dp/B0GKV46KG7?th=1,1773705600000,900,美国,Novelty & Gag Toys
1777254373944,亚马逊,B0GSS7G1Z9,https://m.media-amazon.com/images/I/51S2qs04ijL._AC_US200_.jpg,"Dumpling Glitter, Dumpling Glitter Squishies, Dumplings Squishies, Stress Relief Fidget, Soft Squeeze Decompression Dough, Giant Glitters Dumplings (4PC)",https://www.amazon.com/dp/B0GSS7G1Z9?th=1,1773705600000,500,美国,Novelty & Gag Toys
1777254373944,亚马逊,B0GSQZWYRR,https://m.media-amazon.com/images/I/51e1eT0oz7L._AC_US200_.jpg,"Giant Butter Squishy – Jumbo Squishy Butter Stick, Large & Mini Squeezy Butter Toy, 14oz Stress Relief Slow Rising Fun (1pc*24cm/9.45in)",https://www.amazon.com/dp/B0GSQZWYRR?th=1,1773705600000,1000,美国,Novelty & Gag Toys
1777254373944,亚马逊,B0GFJ9XF95,https://m.media-amazon.com/images/I/51p4v4H4lYL._AC_US200_.jpg,"VATOS Water Sprinkler Outdoor Yard Toy for Kids, Smile Face Rainbow Splash Toy with 8 Wiggle Tubes 4 Nozzle, Backyard Lawn Water Sprinkler, Summer Family Games, Fun Water Toys for Kids 3-8 Boy Girl",https://www.amazon.com/dp/B0GFJ9XF95?th=1,1773705600000,500,美国,体育
1777254373944,亚马逊,B0GM4H2G5K,https://m.media-amazon.com/images/I/51IG8rX6JQL._AC_US200_.jpg,"Fungi Fun 30 PCS Cute Plush Keychains Bulk – Funny Monster Stuffed Keychain, Party Favors , Classroom Prizes, Goodie Bag Fillers, Treasure Box , Birthday Gifts for Boys Girls",https://www.amazon.com/dp/B0GM4H2G5K?th=1,1773705600000,200,美国,Party Supplies
1777254373944,亚马逊,B0GCGX6CB3,https://m.media-amazon.com/images/I/51mAa5IfUDL._AC_US200_.jpg,"CUTE STONE 70+ PCS Kids Play Kitchen Accessories, Pretend Cooking Toys with Peelable & Cuttable Play Food, Cookware, Tableware & Utensils, Shopping Basket, Tray, Educational Gift for Girls & Boys",https://www.amazon.com/dp/B0GCGX6CB3?th=1,1773705600000,200,美国,扮靓
1777254373944,亚马逊,B0GJS11RMT,https://m.media-amazon.com/images/I/51gt7a5PE5L._AC_US200_.jpg,"Pool Toys for Kids & Adults, 2-in-1 Pool Basketball Game & Dart Board Game Set, Pool Party Games for Kids Ages 6+ and Adults, Family Backyard Pool Games",https://www.amazon.com/dp/B0GJS11RMT?th=1,1773705600000,300,美国,体育
1777254373944,亚马逊,B0GSLYVRKW,https://m.media-amazon.com/images/I/41mnAHPoy3L._AC_US200_.jpg,New 2026-Dumpling Squishies & Dumpling Squishy Mystery Box Squishy Dumpling (Purple+Pink),https://www.amazon.com/dp/B0GSLYVRKW?th=1,1773705600000,300,美国,Novelty & Gag Toys
1777254373944,亚马逊,B0GSLPHYC7,https://m.media-amazon.com/images/I/41dCJGg5G+L._AC_US200_.jpg,New 2026-Dumpling Squishies & Dumpling Squishy Mystery Box Squishy Dumpling (Purple+Pink+Blue+Green),https://www.amazon.com/dp/B0GSLPHYC7?th=1,1773705600000,400,美国,Novelty & Gag Toys
1777254373944,亚马逊,B0GSLJ391K,https://m.media-amazon.com/images/I/41ES51S5OYL._AC_US200_.jpg,New 2026-Dumpling Squishies & Dumpling Squishy Mystery Box Squishy Dumpling (Pink+Blue),https://www.amazon.com/dp/B0GSLJ391K?th=1,1773705600000,400,美国,Novelty & Gag Toys
1777254373944,亚马逊,B0GSLR4F2G,https://m.media-amazon.com/images/I/41JaTtZIgSL._AC_US200_.jpg,New 2026-Dumpling Squishies & Dumpling Squishy Mystery Box Squishy Dumpling (Purple+Blue),https://www.amazon.com/dp/B0GSLR4F2G?th=1,1773705600000,300,美国,Novelty & Gag Toys
1777254373944,亚马逊,B0GSLH97NW,https://m.media-amazon.com/images/I/41tQZXo796L._AC_US200_.jpg,New 2026-Dumpling Squishies & Dumpling Squishy Mystery Box Squishy Dumpling (Purple+Pink+Blue),https://www.amazon.com/dp/B0GSLH97NW?th=1,1773705600000,200,美国,Novelty & Gag Toys
1777254373944,亚马逊,B0GSBH1PSH,https://m.media-amazon.com/images/I/51LNU2RhPvL._AC_US200_.jpg,"Duck Squishy Sugar Stress Ball,Gaint Duck Squishies Stress Ball Slow Rise Relaxing Sensory Squeeze Toy for Stress Relief 1pcs Pink",https://www.amazon.com/dp/B0GSBH1PSH?th=1,1773705600000,200,美国,Novelty & Gag Toys
1777254373944,亚马逊,B0GQ3WNM4Q,https://m.media-amazon.com/images/I/41vrS0DkTrL._AC_US200_.jpg,"Dumpling Squishy,Giant Glitter Dumpling,Mystery Squishy Dumplings Box,Jumbo Squishy Toy with Steamer Box,Soft Squeeze Decompression Dough,Easter Basket Stuffers (Purple)",https://www.amazon.com/dp/B0GQ3WNM4Q?th=1,1773705600000,600,美国,Novelty & Gag Toys
1777254373944,亚马逊,B0GMFHY6ZV,https://m.media-amazon.com/images/I/71HNhQey5TL._AC_US200_.jpg,Takara Tomy CX-15 Booster Raguna Rage FE4-55Y,https://www.amazon.com/dp/B0GMFHY6ZV?th=1,1773705600000,300,美国,游戏
1777254373944,亚马逊,B0GMDYS21K,https://m.media-amazon.com/images/I/61N7ksTpjhL._AC_US200_.jpg,Takara Tomy CX-14 Starter Nightfortress GV8-70UN,https://www.amazon.com/dp/B0GMDYS21K?th=1,1773705600000,200,美国,游戏
1777254373944,亚马逊,B0GDFYPWX4,https://m.media-amazon.com/images/I/41gfNBHmIsL._AC_US200_.jpg,YENING Foam Climbing Blocks for Toddlers 1-3 Baby Climbing Toys for 1 Year Old Soft Play Set for Babies 6-12 Months Indoor 8 Piece,https://www.amazon.com/dp/B0GDFYPWX4?th=1,1773705600000,500,美国,婴幼儿
1777254373944,亚马逊,B0GSGGJC63,https://m.media-amazon.com/images/I/41i72BAAXpL._AC_US200_.jpg,"Glitter Dumpling, Glitter Dumpling Squishies with Box,Dumplings Stress Balls Fidget Sensory Balls,Dumplings Sensory Squeeze Toy for Stress Relief",https://www.amazon.com/dp/B0GSGGJC63?th=1,1773705600000,200,美国,Novelty & Gag Toys
1777254373944,亚马逊,B0GL7VRXPN,https://m.media-amazon.com/images/I/41jpz5G3n+L._AC_US200_.jpg,"Water Table Pump, Battery Powered Continuous Water Pump for Water Table, Cordless Octopus Rechargeable Magnetic Pump, No Drill Installation, Outdoor Water Play Accessory for Kids (Pink)",https://www.amazon.com/dp/B0GL7VRXPN?th=1,1773705600000,500,美国,体育
1777254373944,亚马逊,B0GL81HQGJ,https://m.media-amazon.com/images/I/41zbJZTyGNL._AC_US200_.jpg,"Water Table Pump, Battery Powered Continuous Water Pump for Water Table, Cordless Octopus Rechargeable Magnetic Pump, No Drill Installation, Outdoor Water Play Accessory for Kids (Blue)",https://www.amazon.com/dp/B0GL81HQGJ?th=1,1773705600000,1000,美国,体育
1777254373944,亚马逊,B0GL83TZC9,https://m.media-amazon.com/images/I/41LeKGhG+SL._AC_US200_.jpg,"Water Table Pump, Battery Powered Continuous Water Pump for Water Table, Cordless Octopus Rechargeable Magnetic Pump, No Drill Installation, Outdoor Water Play Accessory for Kids (Green)",https://www.amazon.com/dp/B0GL83TZC9?th=1,1773705600000,2000,美国,体育
1777254373944,亚马逊,B0GKX51YX4,https://m.media-amazon.com/images/I/510tFAFhfcL._AC_US200_.jpg,"Left Right Roll Dice Game Set - 3 Wood Dice & 36 Plastic Chips in Wooden Box, Fun Family Party Dice Games for Adults, Teens & Friends, Black",https://www.amazon.com/dp/B0GKX51YX4?th=1,1773705600000,300,美国,游戏
1777254373944,亚马逊,B0GDW2G3W2,https://m.media-amazon.com/images/I/41YCRiUsIxL._AC_US200_.jpg,"Electric Water Gun for Adults Kids Ages 4+,Rechargeable,Automatic Squirt Watergun,Ideal Gift Toys for Summer Game,Backyard,Beach,Long Range,2026 Super Powerful LED Blaster Electric Water Guns(Blue)",https://www.amazon.com/dp/B0GDW2G3W2?th=1,1773705600000,200,美国,体育
1777254373944,亚马逊,B0GLHJPZVS,https://m.media-amazon.com/images/I/51LnVi+mdRL._AC_US200_.jpg,"8-Pack 3D Printed Fidget Toys, Rainbow Gradient Spiral Cone & Gear Set, Impossible Passthrough Sensory Toys for Stress Relief, Party Favors Fantasy Gifts",https://www.amazon.com/dp/B0GLHJPZVS?th=1,1773705600000,300,美国,新颖性
1777254373944,亚马逊,B0GSH4D2Q9,https://m.media-amazon.com/images/I/61qURo2KCEL._AC_US200_.jpg,"Jumbo Dumpling Squishy for Adults, 4/6/10 Inch Giant Big Dumpling Stress Ball, Soft Squeeze Decompression Dough, Anxiety Relief Fidget, Adult Fidget Tool (Pink M: 15cm/5.9 Inch)",https://www.amazon.com/dp/B0GSH4D2Q9?th=1,1773705600000,300,美国,Novelty & Gag Toys
1777254373944,亚马逊,B0GPQ8RNTZ,https://m.media-amazon.com/images/I/81uh0Vd-50L._AC_US200_.jpg,"24 Sheets Make Your Own Super Mario Bros. Stickers, Make a Face Sticker, Classic Cartoon Game Decals, Art Craft Party Supplies for Party Decoration, Reward, Decor, Gift Idea (MLA)",https://www.amazon.com/dp/B0GPQ8RNTZ?th=1,1773705600000,300,美国,艺术
1777254373944,亚马逊,B0GG5XTCL7,https://m.media-amazon.com/images/I/51zNwZR8yuL._AC_US200_.jpg,"Qudoustar 200 Pack Easter Eggs Bulk 2.4 Inch Includes 6 Surprise Golden Eggs, Bright Colors Empty Fillable Plastic Eggs for Easter Hunt, Easter Basket Stuffers Fillers Party Favors Classroom Prize",https://www.amazon.com/dp/B0GG5XTCL7?th=1,1773705600000,200,美国,Party Supplies
1777254373944,亚马逊,B0GSK3P84L,https://m.media-amazon.com/images/I/619iRBi6yML._AC_US200_.jpg,"Dumpling Squishies Toy, 2026 New Glitter Dumpling Mystery Box Colorful Dumplings Stress Balls Fidget Sensory Toy for Stress Relief (Glitter Blue)",https://www.amazon.com/dp/B0GSK3P84L?th=1,1773705600000,600,美国,Novelty & Gag Toys
1777254373944,亚马逊,B0GSJTVT9J,https://m.media-amazon.com/images/I/61-RRhytfEL._AC_US200_.jpg,"Dumpling Squishies Toy, 2026 New Glitter Dumpling Mystery Box Colorful Dumplings Stress Balls Fidget Sensory Toy for Stress Relief (Glitter Gold)",https://www.amazon.com/dp/B0GSJTVT9J?th=1,1773705600000,1000,美国,Novelty & Gag Toys
1777254373944,亚马逊,B0GSJYHV36,https://m.media-amazon.com/images/I/51IGftm8p-L._AC_US200_.jpg,"Dumpling Squishies Toy, 2026 New Glitter Dumpling Mystery Box Colorful Dumplings Stress Balls Fidget Sensory Toy for Stress Relief (Glitter Red)",https://www.amazon.com/dp/B0GSJYHV36?th=1,1773705600000,500,美国,Novelty & Gag Toys
1777254373944,亚马逊,B0GSK5BCLB,https://m.media-amazon.com/images/I/51boI+R7IBL._AC_US200_.jpg,"Dumpling Squishies Toy, 2026 New Glitter Dumpling Mystery Box Colorful Dumplings Stress Balls Fidget Sensory Toy for Stress Relief (Glitter White)",https://www.amazon.com/dp/B0GSK5BCLB?th=1,1773705600000,2000,美国,Novelty & Gag Toys
1777254373944,亚马逊,B0GS65CDJX,https://m.media-amazon.com/images/I/31Z9mRsve6L._AC_US200_.jpg,Super Cheese Squishy Big Giant Large Cube Block Slow Rising Squeeze Toy squeezable Stress Relief Original Sensory / Fidget Novelty Toy and Gift for Adults (4in),https://www.amazon.com/dp/B0GS65CDJX?th=1,1773705600000,300,美国,Novelty & Gag Toys
1777254373944,亚马逊,B0G48N1ZMK,https://m.media-amazon.com/images/I/51vjQYKqsDL._AC_US200_.jpg,PartyWoo White Linking Balloons 100pcs 6 Inch White Link Balloons for Wedding Baby Shower Birthday Bridal Shower Graduation Engagement Princess Anniversary Party Decorations White-y13,https://www.amazon.com/dp/B0G48N1ZMK?th=1,1773705600000,200,美国,派对用品
1777254373944,亚马逊,B0GRSV4S2T,https://m.media-amazon.com/images/I/41+ti9M6LsL._AC_US200_.jpg,"Dumpling Squishy Mystery Box Squeeze Toy, Squishy Dumpling Fidget Toys for Adults, Stress Relief Sensory Toy(Purple)",https://www.amazon.com/dp/B0GRSV4S2T?th=1,1773705600000,200,美国,Novelty & Gag Toys
1777254373944,亚马逊,B0GSRXGJXK,https://m.media-amazon.com/images/I/71wUN6vy5UL._AC_US200_.jpg,"48Pcs - Kitty Birthday Party Decorations Set, with Banner, Balloons, Cake Topper, Cupcake Toppers, Hanging Swirls, Tablecloth",https://www.amazon.com/dp/B0GSRXGJXK?th=1,1773705600000,700,美国,派对用品
1777254373944,亚马逊,B0GQKMYTPV,https://m.media-amazon.com/images/I/313VQo-109L._AC_US200_.jpg,"Yellow Cheese Squishy Slow Rising, Squishy Squeeze Cheese Block, Soft Novelty Toy, Stress Balls for Adults Rebounding Sensory Squishys Cheese (2.75in)",https://www.amazon.com/dp/B0GQKMYTPV?th=1,1773705600000,600,美国,Novelty & Gag Toys
1777254373944,亚马逊,B0GSQV2KPC,https://m.media-amazon.com/images/I/41EhhSKgmlL._AC_US200_.jpg,"Carrot Squishy, Squishy Strawberry Dragon Fruit Realistic Model Giant Carrot Stress Relief Toy Moldable Slow Rise Relaxing Sensory Fidget Stress Ball for Easter Basket Stuffers Gifts(Dragon)",https://www.amazon.com/dp/B0GSQV2KPC?th=1,1773705600000,200,美国,Novelty & Gag Toys
1777254373944,亚马逊,B0GSQZJ3CR,https://m.media-amazon.com/images/I/41Zefd7p5GL._AC_US200_.jpg,"Carrot Squishy, Squishy Strawberry Dragon Fruit Realistic Model Giant Carrot Stress Relief Toy Moldable Slow Rise Relaxing Sensory Fidget Stress Ball for Easter Basket Stuffers Gifts(Strawberry)",https://www.amazon.com/dp/B0GSQZJ3CR?th=1,1773705600000,400,美国,Novelty & Gag Toys
1777254373944,亚马逊,B0GSQYXLL7,https://m.media-amazon.com/images/I/41hk1l9gWjL._AC_US200_.jpg,"Carrot Squishy, Squishy Strawberry Dragon Fruit Realistic Model Giant Carrot Stress Relief Toy Moldable Slow Rise Relaxing Sensory Fidget Stress Ball for Easter Basket Stuffers Gifts(Carrot)",https://www.amazon.com/dp/B0GSQYXLL7?th=1,1773705600000,2000,美国,Novelty & Gag Toys
1777254376082,亚马逊,B0G7HG968V,https://m.media-amazon.com/images/I/41cXoLS2VGL._AC_US200_.jpg,"Kiddie Pool with Slide Inflatable Play Center Wading Lounge Kids Pool, Coconut Palm Sprinkler, Water Game Play Center, 95''x75''x40'', White (Blue-White)",https://www.amazon.com/dp/B0G7HG968V?th=1,1773705600000,200,美国,体育
1777254376082,亚马逊,B0G51KSP6B,https://m.media-amazon.com/images/I/91KzYhNtSYL._AC_US200_.jpg,"Cool Ice Cube with Snowflakes - Nice Sensory Squishy Squeeze Cute Fidget Toy with Slow Rise Squish - 2.25"" Cube",https://www.amazon.com/dp/B0G51KSP6B?th=1,1773619200000,500,美国,Novelty & Gag Toys
1777254376082,亚马逊,B0GS5N55QQ,https://m.media-amazon.com/images/I/517N4so+xTL._AC_US200_.jpg,2026 New Glitter Dumpling337,https://www.amazon.com/dp/B0GS5N55QQ?th=1,1773619200000,200,美国,Novelty & Gag Toys
1777254376082,亚马逊,B0GSJCMGSP,https://m.media-amazon.com/images/I/61+XVIDfZZL._AC_US200_.jpg,Squishy Stress Ball for Adults Water Drop Fidget Squishy Stress Squishy Malt Sugar Sensory Balls for Anxiety Stress Relief Pink,https://www.amazon.com/dp/B0GSJCMGSP?th=1,1773619200000,300,美国,Novelty & Gag Toys
1777254376082,亚马逊,B0GSFHVL5K,https://m.media-amazon.com/images/I/61+XVIDfZZL._AC_US200_.jpg,"RTTUIOP Dream Squishy Drop Squishy Stress Ball,Water Drop Fidget Stress Ball,Ice Squishys Stress Cube-Drop Malt Sugar Balls Sensory for Relief Anxiety Pink",https://www.amazon.com/dp/B0GSFHVL5K?th=1,1773619200000,400,美国,Novelty & Gag Toys
1777254376082,亚马逊,B0GSFHHKQM,https://m.media-amazon.com/images/I/61bmEXcodsL._AC_US200_.jpg,"RTTUIOP Dream Squishy Drop Squishy Stress Ball,Water Drop Fidget Stress Ball,Ice Squishys Stress Cube-Drop Malt Sugar Balls Sensory for Relief Anxiety Purple",https://www.amazon.com/dp/B0GSFHHKQM?th=1,1773619200000,300,美国,Novelty & Gag Toys
1777254376082,亚马逊,B0G51PKX2Q,https://m.media-amazon.com/images/I/51IQDdMJd+L._AC_US200_.jpg,"Cool Ice Cube with Snowflakes - Nice Sensory Squishy Squeeze Cute Fidget Toy with Slow Rise Squish - 2.25"" Cube",https://www.amazon.com/dp/B0G51PKX2Q?th=1,1773619200000,300,美国,Novelty & Gag Toys
1777254376082,亚马逊,B0GRTRMHJK,https://m.media-amazon.com/images/I/51nbWdIdG9L._AC_US200_.jpg,"Easter Eggs Stress Balls Squishy Toys, Marble Pattern Squeeze Fidget Toys, Easter Egg Fillers, Easter Basket Stuffers, Prefilled Easter Eggs, Easter Gifts, Party Favors & Easter Decor（Pink+Yellow）",https://www.amazon.com/dp/B0GRTRMHJK?th=1,1773619200000,200,美国,Novelty & Gag Toys
1777254376082,亚马逊,B0GDWQSJ2T,https://m.media-amazon.com/images/I/51BwPLSa87L._AC_US200_.jpg,"24Pcs Kids Sunglasses Bulk Party Favors with UV 400 Protection, Neon Sunglasses for Kids Age 3-8 Boys Girls for Summer Beach Preschool Classroom Prizes Birthday Gift Goodie Bags Stuffers",https://www.amazon.com/dp/B0GDWQSJ2T?th=1,1773619200000,200,美国,Party Supplies
1777254376082,亚马逊,B0GS6WGGJD,https://m.media-amazon.com/images/I/31vSVIu52yL._AC_US200_.jpg,Sonny Angel Cherry Blossom HIPPERS - Original Decorative Mini Figure/Limited Edition Series - 1 Sealed Blind Box,https://www.amazon.com/dp/B0GS6WGGJD?th=1,1773619200000,400,美国,新颖性
1777254376082,亚马逊,B0FHX1ZB12,https://m.media-amazon.com/images/I/81DPH1eSaML._AC_US200_.jpg,"HAPPY HAUL Peanuts Mindful Mondays Collectible Figures, Surprise Collectible Toy Figure in Blind Box with Snoopy and Woodstock, 2.75 Inches Tall, Short-Run Drop, Ages 8 and up",https://www.amazon.com/dp/B0FHX1ZB12?th=1,1773619200000,1000,美国,玩具图
1777254376082,亚马逊,B0FX6ZZ7F6,https://m.media-amazon.com/images/I/81bGZPjN8UL._AC_US200_.jpg,"HAPPY HAUL Disney Scents of Style Clip-On Blind Box Plush, Scented Vinyl-Head Plush Clip-On Collectible Toy, 4.5-Inch Stuffed Toy, Short-Run Drop, Ages 8 and up",https://www.amazon.com/dp/B0FX6ZZ7F6?th=1,1773619200000,500,美国,填充的动物
1777254376082,亚马逊,B0GLPFF6VF,https://m.media-amazon.com/images/I/51NucCvQqVL._AC_US200_.jpg,"52 Pcs Mini 3D Printed Animals, Articulated Flexible Wiglets Toys, 3D Printed Fidget Toys Bulk with 3D Printed Axolotl, Party Favors Goodie Bag Stuffers Classroom Rewards for Kids",https://www.amazon.com/dp/B0GLPFF6VF?th=1,1773619200000,500,美国,玩具图
1777254376082,亚马逊,B0G5V785NR,https://m.media-amazon.com/images/I/51371L0blrL._AC_US200_.jpg,"Tub Works® Bugs™ Light Up Bath Toys, 6 Pack | Water-Activated Light Up Toys Flash & Change Color | Easy-Grip Baby Girl & Toddler Bath Toys | Glow Bugs for Kids | Sensory Bathtub Toys with Bath Lights",https://www.amazon.com/dp/B0G5V785NR?th=1,1773619200000,3000,美国,婴幼儿
1777254376082,亚马逊,B0GPH9GG28,https://m.media-amazon.com/images/I/41rOH8mg5jL._SS200_.jpg,"Itzy Ritzy Bath Squirter Toys – Set of 3 Textured, Pasta-Shaped Bath Toys & 1 Sprinkle Strainer – Itzy Splash Pals Promote Sensory Play, Cause & Effect, & Motor Skill Development – 6 Mos & Up (Pasta)",https://www.amazon.com/dp/B0GPH9GG28?th=1,1773619200000,200,美国,婴幼儿
1777254376082,亚马逊,B0GGHRT8B8,https://m.media-amazon.com/images/I/51SC41nHBUL._AC_US200_.jpg,"Dinosaur Kids Pop up Play Tent, Playhouse for Kids Indoor Outdoor, Foldable Toddler Tent, Toy House for Girls and Boys Gift",https://www.amazon.com/dp/B0GGHRT8B8?th=1,1773619200000,400,美国,体育
1777254376082,亚马逊,B0GS9PCGNS,https://m.media-amazon.com/images/I/31AkLc6tIzL._AC_US200_.jpg,"Strawberry Squishy, Realistic Strawberry Ball Relieve Stress and Anxiety,Party Favor Slow Rise Pressure Release Toy",https://www.amazon.com/dp/B0GS9PCGNS?th=1,1773619200000,500,美国,Novelty & Gag Toys
1777254376082,亚马逊,B0GS8Q4VDJ,https://m.media-amazon.com/images/I/41N+Y9rn3FL._AC_US200_.jpg,"Squishies Stress Cube Toys, Adults Squishies Anxiety Relief Maltose Ball, Gel Filled Stretchy Stress Balls for Anxiety Relief, Sensory & Focus, Novel Design Cool Colorful Fidgets Cubes",https://www.amazon.com/dp/B0GS8Q4VDJ?th=1,1773619200000,300,美国,Novelty & Gag Toys
1777254376082,亚马逊,B0GRR575HK,https://m.media-amazon.com/images/I/81J4Xdii2FL._AC_US200_.jpg,"Korean Idol Demon Movie Birthday Party Decorations, 9PCS Korean Idol Movie Theme Balloons Decoration for Girls Boys & Adults Birthday Decorations and Party Supplies",https://www.amazon.com/dp/B0GRR575HK?th=1,1773619200000,400,美国,派对用品
1777254376082,亚马逊,B0FV3VYTK9,https://m.media-amazon.com/images/I/81MHyP0b+NL._AC_US200_.jpg,"Happy HAUL Harry Potter™ Cliff Hangers Hover Figures Assortment, Surprise Collectible Toy Figure in Blind Box with Display Stand, 2 Inches Tall, Short-Run Drop, Ages 8 and up",https://www.amazon.com/dp/B0FV3VYTK9?th=1,1773619200000,400,美国,玩具图
1777254376082,亚马逊,B0G6K74MFV,https://m.media-amazon.com/images/I/51g-T6a0ZJL._AC_US200_.jpg,"StarOcean 2026 Large Inflatable Play Center,Kiddie Pool with Water Slide&Sprinkler,120''x70""x50''Inflatable Toddler Pool with Slide,BlowUp Water Play for Toldder,Inflatable Water Park for Kid Backyard",https://www.amazon.com/dp/B0G6K74MFV?th=1,1773619200000,800,美国,体育
1777254376082,亚马逊,B0GL791C5G,https://m.media-amazon.com/images/I/714dqZKJv0L._AC_US200_.jpg,"Anime Super Hero Action Figures Set, Collectible Warrior Figurines, 7.8Inch Energy Style Character Models for Display, Party Favors & Gift Collection (6PCS)",https://www.amazon.com/dp/B0GL791C5G?th=1,1773619200000,400,美国,玩具图
1777254376082,亚马逊,B0GRLS5JTD,https://m.media-amazon.com/images/I/317QzLtEBJL._AC_US200_.jpg,"Dumpling Squishies Mystery Box, Squishies Dumpling Toys for Teens & Adults, Easter Basket Stuffers, Sensory Stress Ball Squeeze Toys for Stress Relief",https://www.amazon.com/dp/B0GRLS5JTD?th=1,1773619200000,500,美国,Novelty & Gag Toys
1777254376082,亚马逊,B0GL7MJT7M,https://m.media-amazon.com/images/I/515P9DfH62L._AC_US200_.jpg,"Anime Super Hero Action Figures Set, Collectible Warrior Figurines, 7.8Inch Energy Style Character Models for Display, Party Favors & Gift Collection (8PCS)",https://www.amazon.com/dp/B0GL7MJT7M?th=1,1773619200000,400,美国,玩具图
1777254376082,亚马逊,B0GR18F7PP,https://m.media-amazon.com/images/I/41hb5ZbYYIL._AC_US200_.jpg,"Bubble Cigarette Pack – Realistic Fake Cigarette Bubble Blower with Bubble Solution, Mini Cigarette Bubbles Maker for Stress Relief, Fun Party Gift for Adults",https://www.amazon.com/dp/B0GR18F7PP?th=1,1773619200000,600,美国,体育
1777254376082,亚马逊,B0GSMLZ69H,https://m.media-amazon.com/images/I/318J3LBZbhL._AC_US200_.jpg,"Butter Squishy Toys,Soft Slow Rising Butter Stick Squishy,Realistic Food Squishies ,Taba Squishy Stress Relief Squeeze Toy (Large)",https://www.amazon.com/dp/B0GSMLZ69H?th=1,1773619200000,400,美国,Novelty & Gag Toys
1777254376082,亚马逊,B0G6K96BQ7,https://m.media-amazon.com/images/I/51ysUu3D-+L._AC_US200_.jpg,"Extra Large Inflatable Pool With Lights,Upgraded Solar Powered Blow Up Pool For Adults,Inflatable Kids Swimming Pool with Seat& Backrest,Big Inflatable Kids Pool For Backyard,120x73x20IN-White",https://www.amazon.com/dp/B0G6K96BQ7?th=1,1773619200000,300,美国,体育
1777254376082,亚马逊,B0GRBC9PWL,https://m.media-amazon.com/images/I/41x1fUSeDiL._AC_US200_.jpg,"2 Pcs Butter Squishy Toys for Kids, Slow Rising Squishy Butter Stick, Slow Rise Squishies, Stress Relief Fidget Toys Party Favors for Kids Birthday Gifts(5.5inch)",https://www.amazon.com/dp/B0GRBC9PWL?th=1,1773619200000,500,美国,Novelty & Gag Toys
1777254376082,亚马逊,B0GGRN6SK6,https://m.media-amazon.com/images/I/51qKgB0QAZL._AC_US200_.jpg,"KUBUSFLY Beach Toys for Kids Toddlers, Sand Castle Toys with 4 Beach Bucket and Shovels, Ice Cream Travel Sand Toys for Sandbox & Mesh Bag, Essentials Toy for Toddlers Kids Baby Boys Girls Age 3-10",https://www.amazon.com/dp/B0GGRN6SK6?th=1,1773619200000,500,美国,运动与户外游戏
1777254376082,亚马逊,B0G51PM89Y,https://m.media-amazon.com/images/I/51IQDdMJd+L._AC_US200_.jpg,"Cool Ice Cube with Snowflakes - Nice Sensory Squishy Squeeze Cute Fidget Toy with Slow Rise Squish - 2.25"" Cube",https://www.amazon.com/dp/B0G51PM89Y?th=1,1773619200000,300,美国,Novelty & Gag Toys
1777254376082,亚马逊,B0GJPT29RB,https://m.media-amazon.com/images/I/51xvm9IewRL._AC_US200_.jpg,"100 Piece Puzzles for Kids Ages 4-6 6-8 8-10, 100 Piece Dinosaur Learning Educational Jigsaw Puzzles, Kids Puzzles Ages 5-8 Gifts for Girls Boys - Every Piece is Unique",https://www.amazon.com/dp/B0GJPT29RB?th=1,1773619200000,200,美国,拼图
1777254376082,亚马逊,B0GHYMXDDJ,https://m.media-amazon.com/images/I/51dXr2jKWrL._AC_US200_.jpg,"Preschool Kindergarten Graduation Gifts for Boy Girl 32 PCS, Grad Mini Bubbles Party Favor Supplies for Kid, Class of 2026 Gifts Party Decorations for Students, End of School Goodie Treat Bag Stuffers",https://www.amazon.com/dp/B0GHYMXDDJ?th=1,1773619200000,200,美国,体育
1777254376082,亚马逊,B0GH13NVWV,https://m.media-amazon.com/images/I/41TwVYWqCnL._AC_US200_.jpg,"Pikler Triangle Set, 7 in 1 Foldable Climbing Toys Set for Kids, Baby Jungle Gym with Ramp & Arch, Wooden Montessori Climbing Set Indoor for Toddler (Colorful)",https://www.amazon.com/dp/B0GH13NVWV?th=1,1773619200000,200,美国,婴幼儿
1777254376082,亚马逊,B0GHNPRTKP,https://m.media-amazon.com/images/I/51ss-gu-0cL._AC_US200_.jpg,Water Table Pump Kids Toys: Firefighter Water Table Pump Continuous Flow Adjustable Water Pressure 12V Safe Plug-in Long Cord No Drilling Kids Outdoor Water Play Toys Accessories for Toddlers 1-3 4-8,https://www.amazon.com/dp/B0GHNPRTKP?th=1,1773619200000,600,美国,运动与户外游戏
1777254376082,亚马逊,B0GSCGR58G,https://m.media-amazon.com/images/I/41pJFTPaDSL._AC_US200_.jpg,"Dumpling Squishies, Mystery Glitter Dumpling Squishies Box, Colorful Dumplings Stress Balls Fidget Sensory Toy, Soft Squeeze Decompression Dough for Adult",https://www.amazon.com/dp/B0GSCGR58G?th=1,1773619200000,200,美国,Novelty & Gag Toys
1777254376082,亚马逊,B0GFMQL1C3,https://m.media-amazon.com/images/I/41VHvxbdakL._AC_US200_.jpg,"4-in-1 Electric Water Table for Toddlers 1-5, Kids Play Sink with Running Water & Cloud Faucet, Sensory Toddler Water Activity Table with Fishing Game, Outdoor/Indoor Toy Gift for Boys & Girls",https://www.amazon.com/dp/B0GFMQL1C3?th=1,1773619200000,300,美国,运动与户外游戏
1777254376082,亚马逊,B0GCZSJS6G,https://m.media-amazon.com/images/I/51tbMxYBSdL._AC_US200_.jpg,"Jasonwell Kiddie Baby Pool with Canopy - Foldable Infant Toddler Kids Pool with Shade Baby Beach Essentials Tent Swimming Wading Pools for Toddlers 1-3 + Kids Dogs Ball Pit Backyard Water Play G, 48""",https://www.amazon.com/dp/B0GCZSJS6G?th=1,1773619200000,300,美国,体育
1777254376082,亚马逊,B0GCZPTHRD,https://m.media-amazon.com/images/I/71aMOnix7wL._AC_US200_.jpg,"Jasonwell Kiddie Baby Pool with Canopy - Foldable Infant Toddler Kids Pool with Shade Baby Beach Essentials Tent Swimming Wading Pools for Toddlers 1-3 + Kids Dogs Ball Pit Backyard Water Play R, 48""",https://www.amazon.com/dp/B0GCZPTHRD?th=1,1773619200000,200,美国,体育
1777254376082,亚马逊,B0GBWYHDTW,https://m.media-amazon.com/images/I/81YLw8W+BSL._AC_US200_.jpg,30PCS Starfish Conch Shells Coral Cake Decorations with Ball Beach Themed Ocean Summer Birthday Supplies,https://www.amazon.com/dp/B0GBWYHDTW?th=1,1773619200000,200,美国,派对用品
1777254376082,亚马逊,B0GS688MD2,https://m.media-amazon.com/images/I/310cAugYDML._AC_US200_.jpg,"Squishy Stress Cube for Adults,Squishy Slow Rising Fidget Cube Sensory for Anxiety Stress Relief High Density Ice Squeeze Ball Cubes Purple (Pink)",https://www.amazon.com/dp/B0GS688MD2?th=1,1773619200000,200,美国,Novelty & Gag Toys
1777254376082,亚马逊,B0GRV81YTQ,https://m.media-amazon.com/images/I/412Rd-iVLXL._AC_US200_.jpg,"Stress Bear Taba Squishy Balls 2pc Set, Pink & Blue Gummy Bear Squishy, Sugar Squishy Stress Relief Squeeze Toys for Kids Adults, Valentines Day Birthday Gifts Party Favors",https://www.amazon.com/dp/B0GRV81YTQ?th=1,1773619200000,700,美国,Novelty & Gag Toys
1777254376082,亚马逊,B0G48PPMXZ,https://m.media-amazon.com/images/I/41L7XiJZhdL._AC_US200_.jpg,PartyWoo Metallic Gold Linking Balloons 100pcs 6 Inch Gold Link Balloons for Birthday Wedding Anniversary Graduation Bachelorette Retirement Engagement Disco Party Decorations Gold-G101,https://www.amazon.com/dp/B0G48PPMXZ?th=1,1773619200000,200,美国,派对用品
1777254376082,亚马逊,B0GC5HW7GX,https://m.media-amazon.com/images/I/81Et5AiGbML._AC_US200_.jpg,"Yunaking Bubbles Solution Concentrated 64oz (Makes 5 Gallons), Non-Toxic Bubbles Refills for Bubble Machine, Gun, Wand, Mower, Giant Bubble Toys for Kids Parties Outdoor Easter Wedding(Red+Blue)",https://www.amazon.com/dp/B0GC5HW7GX?th=1,1773619200000,400,美国,体育
1777254376082,亚马逊,B0GHTMJ52R,https://m.media-amazon.com/images/I/61AupKlEH7L._AC_US200_.jpg,159 Pcs Popular Birthday Decorations Party Tableware Set for Themed Celebration for Boys Girls Party Supplies For A Neon Stage Look Includes Tablecloth Plates Cups Serve 24 Guests,https://www.amazon.com/dp/B0GHTMJ52R?th=1,1773619200000,300,美国,派对用品
1777254376082,亚马逊,B0GRHHBZ5J,https://m.media-amazon.com/images/I/31HhBeSQH-L._AC_US200_.jpg,"Yellow Cheese Squeeze Toy,Soft Novelty Toy, Rebounding Sensory,Help for Relax,Focus, Sensory Cheese for & Adults, Food Theme Cheese Cubes Squishy Toys,Stress Balls for Adults ( Yellow)",https://www.amazon.com/dp/B0GRHHBZ5J?th=1,1773619200000,4000,美国,Novelty & Gag Toys
1777254376082,亚马逊,B0GKFWGPKJ,https://m.media-amazon.com/images/I/71Ak7UgDVgL._AC_US200_.jpg,"Realistic Bunny Toy,Interactive Hopping Rabbit Plush Toy, with Lifelike Movements, Walking, Sounds & Twitching Nose, Soft Stuffed Animal Easter Gift for Toddlers Kids (Brown)",https://www.amazon.com/dp/B0GKFWGPKJ?th=1,1773532800000,300,美国,填充的动物
1777254376082,亚马逊,B0GSNKYWCP,https://m.media-amazon.com/images/I/61iASa8YuFL._AC_US200_.jpg,"LED Glowing Splash Pad Sprinkler for Kids & Dogs, 60"" Non-Slip Outdoor Water Toys Toddler Sprinkler Pool Splash Pad/Play Mat,LED Light Boys Girls Yard Sprinkler Pool for Age 1 2 3 4 5 6 7 8 9",https://www.amazon.com/dp/B0GSNKYWCP?th=1,1773532800000,700,美国,体育
1777254376082,亚马逊,B0GRJC1LKJ,https://m.media-amazon.com/images/I/51gcde4O0uL._AC_US200_.jpg,"Lucky Egg Official Grab The Mic – Family Karaoke Board Game w/Foam Mic, 8+ Ages, 2-10 Players - Games for Bad Singers w/ 240 Lyrics (120 Cards) Second Edition",https://www.amazon.com/dp/B0GRJC1LKJ?th=1,1773532800000,500,美国,游戏
1777254376082,亚马逊,B0G2KT584G,https://m.media-amazon.com/images/I/51GhPLdaEnL._AC_US200_.jpg,Fancy Land Passover Bingo Game for Kids Adults Passover Pesach Party Bingo Cards Family Seder Night Activities Decorations Favors Supplies 24 Players,https://www.amazon.com/dp/B0G2KT584G?th=1,1773532800000,200,美国,游戏和配件
1777254376082,亚马逊,B0GS597Q7Z,https://m.media-amazon.com/images/I/51pw049vE2L._AC_US200_.jpg,"4Pcs Glitter Duck Squeezes,Soft Cute Stress Relief Ball for Adults & Teens,Fun Decompression Duck Squishies Gift for Office Desk Party Favors Easter Basket Stuffer",https://www.amazon.com/dp/B0GS597Q7Z?th=1,1773532800000,200,美国,Novelty & Gag Toys
1777254376082,亚马逊,B0GS5BV5B4,https://m.media-amazon.com/images/I/51pw049vE2L._AC_US200_.jpg,"2Pcs Glitter Duck Squeezes,Soft Cute Stress Relief Ball for Adults & Teens,Fun Decompression Duck Squishies Gift for Office Desk Party Favors Easter Basket Stuffer",https://www.amazon.com/dp/B0GS5BV5B4?th=1,1773532800000,400,美国,Novelty & Gag Toys
1777254376082,亚马逊,B0GQVM2PNC,https://m.media-amazon.com/images/I/51-5FbUVTkL._AC_US200_.jpg,"Viral Studios ¿Cómo Se Dice? – Hilarious Spanish Party Card Game, “Chancla” Included | Funny Latino Game for Families & Adults Game Night | Spanish Trivia for No Sabo Kids | 3+ Players",https://www.amazon.com/dp/B0GQVM2PNC?th=1,1773532800000,800,美国,游戏
1777254376082,亚马逊,B0GRM54MK9,https://m.media-amazon.com/images/I/412GBFSlmrL._AC_US200_.jpg,"Butter Squishy- Slow Rising Fidget Toys, Novelty Stress Relief Squeeze Toy for Adults & Kids, Party Favors Gift Sensory Toy (2 PCS)",https://www.amazon.com/dp/B0GRM54MK9?th=1,1773532800000,700,美国,Novelty & Gag Toys
1777254376082,亚马逊,B0GJRZJGVR,https://m.media-amazon.com/images/I/51OggxNGNkL._AC_US200_.jpg,2 in 1 Magnetic Maze Board for Kids Montessori Toys Double-Sided Counting Magnetic Alphabet Letters ABC Magnets Puzzles 3-5 Age Boys and Girls Birthday Gifts,https://www.amazon.com/dp/B0GJRZJGVR?th=1,1773532800000,200,美国,新颖性
1777254376082,亚马逊,B0GRT88R8D,https://m.media-amazon.com/images/I/51KUpClYFEL._AC_US200_.jpg,"Easter Basket Stuffers Mini Bunny Hug, Handmade Cute Plush Rabbit Gift with Card in Box, Soft Bunny for Women & Men, Easter Gifts, Birthday & Mother's Day (Pink)",https://www.amazon.com/dp/B0GRT88R8D?th=1,1773532800000,200,美国,填充的动物
1777254376082,亚马逊,B0GD6TY4RY,https://m.media-amazon.com/images/I/61I07XCI-qL._AC_US200_.jpg,"124 PCS Easter Egg Fillers, Easter Basket Stuffers, Easter Party Favors for Kids Boys Girls, Easter Egg Stuffers, Bulk Easter Toys, Easter Gifts, Pinata Goodie Bags Stuffers, Classroom Prizes",https://www.amazon.com/dp/B0GD6TY4RY?th=1,1773532800000,500,美国,Party Supplies
1777254376082,亚马逊,B0GDH3Z667,https://m.media-amazon.com/images/I/514tJEt9k4L._AC_US200_.jpg,"Remote Controlled Sound Prank - Farts, Burps, Screaming Goat, Air Horn, Phone Ringtone, Crickets, Baby Crying, Cat, Dog - 26 Different Realistic Sounds - Wireless",https://www.amazon.com/dp/B0GDH3Z667?th=1,1773532800000,200,美国,新颖性
1777254376082,亚马逊,B0GFDP9Z21,https://m.media-amazon.com/images/I/51wrqYYrY8L._AC_US200_.jpg,"Outdoor Games Kit,Outside Toys,39 Pieces Outdoor Carnival Games,Yard Game,Potato Sack Race Bags for Kids Adults, Egg Spoon Relay Race, 3 Legged Race Bands, Birthday Party Yard Lawn Easter Games",https://www.amazon.com/dp/B0GFDP9Z21?th=1,1773532800000,200,美国,体育
1777254376082,亚马逊,B0GHNCF58H,https://m.media-amazon.com/images/I/51YngXpeG7L._AC_US200_.jpg,"MarcZero 11Pcs Silicone Beach Toys,Collapsible Sand Bucket,Modern Baby Beach Toys,Travel Friendly Beach Set,Silicone Bucket,Shovel,Sand Molds,Beach Bag,Silicone Sand Toys for Toddlers,Kids(Peach Pink)",https://www.amazon.com/dp/B0GHNCF58H?th=1,1773532800000,200,美国,运动与户外游戏
1777254376082,亚马逊,B0GRR2HJVR,https://m.media-amazon.com/images/I/41tyNlrgZaL._AC_US200_.jpg,"Glitter Dumpling Squishy Toy,Glitter Dumpling Squishy Box,Soft Slow Rebound Squeeze Toy,Easter Basket Stuffers Gift for Teens & Adults (White)",https://www.amazon.com/dp/B0GRR2HJVR?th=1,1773532800000,200,美国,Novelty & Gag Toys
1777254376082,亚马逊,B0GJCTFHHM,https://m.media-amazon.com/images/I/516-jOeM1ZL._AC_US200_.jpg,Water Squirt Guns Toys for Kids: Leakproof Super Water Gun for Boys Girls Adults - Small Outdoor Water Gun Toy for Pool Beach Swimming Summer Games Yard Party (2 Pack),https://www.amazon.com/dp/B0GJCTFHHM?th=1,1773532800000,200,美国,体育
1777254376082,亚马逊,B0GLFDZV2Y,https://m.media-amazon.com/images/I/41heQDDbD9L._AC_US200_.jpg,"12 Pack Easter Basket Stuffers with Girls Jewelry Bracelets, Easter Eggs Gifts, Egg Hunt Surprise Toys, Easter Basket Stuffers for Girls Toddler Teens",https://www.amazon.com/dp/B0GLFDZV2Y?th=1,1773532800000,500,美国,Party Supplies
1777254376082,亚马逊,B0GKXKXMC4,https://m.media-amazon.com/images/I/512n5t4lSpL._AC_US200_.jpg,"Easter Bingo Game for Kids, Ultimate 24-Player Party Card Game for Classroom, School & Family Activities, Fun Easter Basket Stuffers, Party Favors & Supplies",https://www.amazon.com/dp/B0GKXKXMC4?th=1,1773532800000,400,美国,游戏和配件
1777254376082,亚马逊,B0GL1LLVP5,https://m.media-amazon.com/images/I/51RVRqinVQL._AC_US200_.jpg,"Palksky Bubble Machine for Kids Toddlers, Flower Bubble Maker with Lights for Parties, Rechargeable Automatic Bubbles Blower Machine for Outdoor Wedding Birthday Party",https://www.amazon.com/dp/B0GL1LLVP5?th=1,1773532800000,800,美国,体育
1777254376082,亚马逊,B0GLG29XPJ,https://m.media-amazon.com/images/I/51MDAAZPwfL._AC_US200_.jpg,Cinco De Mayo Decorations Wooden Table Centerpiece 11.8 x 6.6 Inches Taco Bar Decorations Cactus Sombrero Taco Bar Tabletop Tiered Tray Decor for Mexican Fiesta Party Decor Supplies,https://www.amazon.com/dp/B0GLG29XPJ?th=1,1773532800000,200,美国,派对用品
1777254376082,亚马逊,B0GKM6VQ1K,https://m.media-amazon.com/images/I/31Gai-rUnJL._AC_US200_.jpg,100 pcs Movie Props Suitable for Party Magic Stage Performance Video Shooting,https://www.amazon.com/dp/B0GKM6VQ1K?th=1,1773532800000,500,美国,扮靓
1777254376082,亚马逊,B0GQXVJPSS,https://m.media-amazon.com/images/I/41wdSYbrE0L._AC_US200_.jpg,"2 Pcs Large Dumpling Squishy Sensory Toy, Slow Rising Squishy, Fidget Toys Stress Ball for Adults & Teens, Mystery Squishy Dumpling Box, Squeeze Stress Relief Hand Gifts for Anxiety",https://www.amazon.com/dp/B0GQXVJPSS?th=1,1773532800000,300,美国,Novelty & Gag Toys
1777254376082,亚马逊,B0GS6PVY85,https://m.media-amazon.com/images/I/41momZZiHpL._AC_US200_.jpg,New -Dumpling Squishies & Dumpling Squishy Mystery Box ，Soft TPR Sensory Stress Ball Fidget Toy (Blue),https://www.amazon.com/dp/B0GS6PVY85?th=1,1773532800000,500,美国,Novelty & Gag Toys
1777254376082,亚马逊,B0GQTG4R8D,https://m.media-amazon.com/images/I/51TQ0Yt-CLL._AC_US200_.jpg,Bubble Stress Relief Toy Mini Bubble Blower Bubble Sticks Relaxation Birthday Christmas Party Gift for Men Women (Bubble Water with Empty Bottle),https://www.amazon.com/dp/B0GQTG4R8D?th=1,1773532800000,800,美国,体育
1777254376082,亚马逊,B0GRXN4HTM,https://m.media-amazon.com/images/I/41LVVMFomHL._AC_US200_.jpg,Dumpling Squishies – Mystery Dumpling Box Colorful Stress Balls & Fidget Sensory Toy Soft Squeeze Decompression Dough for Anxiety Relief Perfect for Kids & Easter Basket Stuffers（White）,https://www.amazon.com/dp/B0GRXN4HTM?th=1,1773532800000,300,美国,Novelty & Gag Toys
1777254376082,亚马逊,B0GHQM451Y,https://m.media-amazon.com/images/I/51HUSJq4ZFL._AC_US200_.jpg,"EULRGAUS Beach Toys, 36 PCS Sand Toys with Construction Vehicles, Collapsible Bucket, Princess & Prince and Ice Cream Toys, Sand Castle Building Kit, Beach Shovel, Beach Games for Kids, Boys and Girls",https://www.amazon.com/dp/B0GHQM451Y?th=1,1773532800000,700,美国,运动与户外游戏
1777254376082,亚马逊,B0GRFNYCBQ,https://m.media-amazon.com/images/I/31q0AIibkcL._AC_US200_.jpg,"Yellow Cheese Squeeze Toy,Stress Balls for Adults ,Soft Novelty , Rebounding Sensory, Theme Cheese Cubes Squishy ,Suitable for All Ages 3.9 inches (Large)",https://www.amazon.com/dp/B0GRFNYCBQ?th=1,1773532800000,300,美国,Novelty & Gag Toys
1777254376082,亚马逊,B0GS92H9HL,https://m.media-amazon.com/images/I/51Dr7JhypzL._AC_US200_.jpg,USA 250th Anniversary Coin 1776-2026 3D America 250 Merchandise for Patriotic Celebration 4th of July Independence Day Gifts for Veterans & History Lover,https://www.amazon.com/dp/B0GS92H9HL?th=1,1773532800000,200,美国,新颖性
1777254376082,亚马逊,B0GS65HH76,https://m.media-amazon.com/images/I/31Z9mRsve6L._AC_US200_.jpg,Super Cheese Squishy Big Giant Large Cube Block Slow Rising Squeeze Toy squeezable Stress Relief Original Sensory / Fidget Novelty Toy and Gift for Adults (3in),https://www.amazon.com/dp/B0GS65HH76?th=1,1773532800000,600,美国,Novelty & Gag Toys
1777254376082,亚马逊,B0GS64LYVR,https://m.media-amazon.com/images/I/31Z9mRsve6L._AC_US200_.jpg,Super Cheese Squishy Big Giant Large Cube Block Slow Rising Squeeze Toy squeezable Stress Relief Original Sensory / Fidget Novelty Toy and Gift for Adults (5in),https://www.amazon.com/dp/B0GS64LYVR?th=1,1773532800000,400,美国,Novelty & Gag Toys
1777254376082,亚马逊,B0GS5Y5V19,https://m.media-amazon.com/images/I/31Z9mRsve6L._AC_US200_.jpg,Super Cheese Squishy Big Giant Large Cube Block Slow Rising Squeeze Toy squeezable Stress Relief Original Sensory / Fidget Novelty Toy and Gift for Adults (2.6in),https://www.amazon.com/dp/B0GS5Y5V19?th=1,1773532800000,1000,美国,Novelty & Gag Toys
1777254376082,亚马逊,B0GQLDGLVJ,https://m.media-amazon.com/images/I/41EHAbns15L._AC_US200_.jpg,1pc Slow Rising Squishy Butter,https://www.amazon.com/dp/B0GQLDGLVJ?th=1,1773446400000,300,美国,Novelty & Gag Toys
1777254376082,亚马逊,B0GQXTMH85,https://m.media-amazon.com/images/I/610thIHanmL._AC_US200_.jpg,Dumpling for Adults (Red),https://www.amazon.com/dp/B0GQXTMH85?th=1,1773446400000,200,美国,Novelty & Gag Toys
1777254376082,亚马逊,B0GRSYSD2D,https://m.media-amazon.com/images/I/61+RLGFG1vL._AC_US200_.jpg,"Giant Dumpling Squishy Stress Relief Desk Fidget ,Jumbo Soft Squeeze Decompression Squishy with Steamer Box, Funny Office Desk Decor & Relaxation Gift, Easter Basket Stuffers(Pink Cute Face)",https://www.amazon.com/dp/B0GRSYSD2D?th=1,1773446400000,300,美国,新颖性
1777254376082,亚马逊,B0GSGCQ1K4,https://m.media-amazon.com/images/I/51BeGpEB2LL._AC_US200_.jpg,"4Pcs Electric Water Gun for Kids Adults, Automatic Squirt Gun Pistol with Water Spray Sound and Led Light, Leak-Proof Rechargeable Watergun for Summer Outdoor Pool Beach Toys for Boys (Black+Blue)",https://www.amazon.com/dp/B0GSGCQ1K4?th=1,1773446400000,1000,美国,体育
1777254376082,亚马逊,B0GRT4HPGW,https://m.media-amazon.com/images/I/41LVVMFomHL._AC_US200_.jpg,"Giant Dumpling Squishy Stress Relief Desk Fidget ,Jumbo Soft Squeeze Decompression Squishy with Steamer Box, Funny Office Desk Decor & Relaxation Gift, Easter Basket Stuffers(White Cute Face)",https://www.amazon.com/dp/B0GRT4HPGW?th=1,1773446400000,200,美国,新颖性
1777254376082,亚马逊,B0GCRTQ31M,https://m.media-amazon.com/images/I/41YwyBdc-TL._AC_US200_.jpg,"Reflex Sticks Game, Drop Sticks Game, 3 Adjustable Speed Modes Hand-Eye Coordination Reaction Time Training Challenge Toys, Catch Falling Sticks Game for Adults & Kids",https://www.amazon.com/dp/B0GCRTQ31M?th=1,1773446400000,200,美国,游戏
1777254376082,亚马逊,B0GRMKL7V8,https://m.media-amazon.com/images/I/412GBFSlmrL._AC_US200_.jpg,"Butter Squishy- Slow Rising Fidget Toys, Novelty Stress Relief Butter Squeeze Toy for Adults & Kids, Party Favors Gift Sensory Toy (1 PC)",https://www.amazon.com/dp/B0GRMKL7V8?th=1,1773446400000,1000,美国,Novelty & Gag Toys
1777254376082,亚马逊,B0GSJ5FGJ6,https://m.media-amazon.com/images/I/41KfmTUj8SL._AC_US200_.jpg,"Jelly Filled Gummy Bear Squishy Toy, Sensory Squishy Toy with Jelly-Like Filling, Squishy Stress Relief & Sensory Fun (Blue)",https://www.amazon.com/dp/B0GSJ5FGJ6?th=1,1773446400000,400,美国,Novelty & Gag Toys
1777254376082,亚马逊,B0BVR8FBF9,https://m.media-amazon.com/images/I/912dIi04RCL._AC_US200_.jpg,"Bayer Design Reborn Baby Doll Car Seat with Sun Shade Canopy - Grey-Green Stars, Portable Doll Carseat for 18"" Dolls",https://www.amazon.com/dp/B0BVR8FBF9?th=1,1773446400000,300,美国,娃娃
1777254376082,亚马逊,B0GGGW8FNY,https://m.media-amazon.com/images/I/51tpyjUKoWL._AC_US200_.jpg,"2 Packs 3D Printed Dinosaur Toys for 3-5 Years Boys, Skeleton T-Rex Figure with Large Storage Crystal Eggs, Great Easter and Birthday Gifts Fidget Toys for 3 4 5 6 7 8 9 10 11 12 Years Old Boys Girls",https://www.amazon.com/dp/B0GGGW8FNY?th=1,1773446400000,300,美国,玩具图
1777254376082,亚马逊,B0GCZ1VFSK,https://m.media-amazon.com/images/I/61Iv3siqoUL._AC_US200_.jpg,Summer Water Toys Magical Quick Fill Water Balloons for Pools and Water Companions 1184 Balloons (BG),https://www.amazon.com/dp/B0GCZ1VFSK?th=1,1773446400000,300,美国,体育
1777254376082,亚马逊,B0GHMVVXXL,https://m.media-amazon.com/images/I/5107SfuLrzL._AC_US200_.jpg,"Easter Dinosaur Toys for Kids, 6 Pack Filled Easter Egg with Dinosaur Tongue Out Squeeze Toys, Funny Novelty Toys for Boys & Girls,Perfect for Easter Hunt,Basket Stuffers & Party Favors",https://www.amazon.com/dp/B0GHMVVXXL?th=1,1773446400000,700,美国,Party Supplies
1777254376082,亚马逊,B0GRTNQYCW,https://m.media-amazon.com/images/I/41IxHOWG9yL._AC_US200_.jpg,"Bubble Blower Set with 2 Wands & Refillable Solution Bottle, Creative Stress Relief Item for Relaxation for Office & Party Use",https://www.amazon.com/dp/B0GRTNQYCW?th=1,1773446400000,400,美国,体育
1777254376082,亚马逊,B0GS7HRCLN,https://m.media-amazon.com/images/I/81PmM5dT4oL._AC_US200_.jpg,Enduring Liberty Half Dollar 1776-2026 America 250th Anniversary 1-Year Issue Uncirculated Roll Philadelphia Mint (P Mint),https://www.amazon.com/dp/B0GS7HRCLN?th=1,1773446400000,200,美国,新颖性
1777254376082,亚马逊,B0GSFS7Q4X,https://m.media-amazon.com/images/I/41xIBe+6T-L._AC_US200_.jpg,"Glitter Dumpling, Glitter Dumpling Squishy Box, Squishies Stress Ball, Anxiety Relief Fidget, Soft Squeeze Decompression Dough, Relaxation Gift (C)",https://www.amazon.com/dp/B0GSFS7Q4X?th=1,1773446400000,400,美国,Novelty & Gag Toys
1777254376082,亚马逊,B0GSFMZ48L,https://m.media-amazon.com/images/I/41f3hn4iMjL._AC_US200_.jpg,"Glitter Dumpling, Glitter Dumpling Squishy Box, Squishies Stress Ball, Anxiety Relief Fidget, Soft Squeeze Decompression Dough, Relaxation Gift (G)",https://www.amazon.com/dp/B0GSFMZ48L?th=1,1773446400000,1000,美国,Novelty & Gag Toys
1777254376082,亚马逊,B0GS18PHNH,https://m.media-amazon.com/images/I/31TyxOTU2sL._AC_US200_.jpg,"Glitter Cute Duck Squishy Sugar Stress Ball,Soft Duck Stress Relief Sugar Ball Squishy Ultra Squishy and Moldable Slow Rise Relaxing Sensory Fidget Stress for Anxiety Relief (Blue)",https://www.amazon.com/dp/B0GS18PHNH?th=1,1773446400000,200,美国,Novelty & Gag Toys
1777254376082,亚马逊,B0G5X2C19J,https://m.media-amazon.com/images/I/41GoVsM7FeL._AC_US200_.jpg,"Tub Works® Under the Sea™ Light Up Bath Toys, 6 Pack | Water-Activated Light Up Toys Flash & Change Color | Easy-Grip Baby & Toddler Bath Toys | Sensory Bathtub Toys with Bath Lights for Kids Bath",https://www.amazon.com/dp/B0G5X2C19J?th=1,1773446400000,4000,美国,婴幼儿
1777254376082,亚马逊,B0GCJRYF95,https://m.media-amazon.com/images/I/51PEFVD5GaL._AC_US200_.jpg,"TOY Life Daisy Bubble Machine with LED Lights and Music, Automatic Bubble Maker for Indoor Outdoor Birthday Parties, Easter, Wedding, Portable Battery Operated Bubbles Blower Gift for Girls Boys",https://www.amazon.com/dp/B0GCJRYF95?th=1,1773446400000,600,美国,体育
1777254376082,亚马逊,B0GR8VCV6S,https://m.media-amazon.com/images/I/41vb-G66I9L._AC_US200_.jpg,"Dumpling Squishies, Giant Glitter Dumpling, Colorful Dumplings Stress Balls Fidget Sensory Stress Ball,Squeeze Dough Ball Stress Relief Hand Stress Ball with Food Steamer Stretchy Desk (White)",https://www.amazon.com/dp/B0GR8VCV6S?th=1,1773446400000,200,美国,新颖性
1777254376082,亚马逊,B0GS9QBZZ4,https://m.media-amazon.com/images/I/51bBHhwySGL._AC_US200_.jpg,"Dumpling Squishy Mystery Box, Glitter Dumpling, Dumplings Style Stress Balls for Adults and Kids, Cute Steamer Basket Design with Squeezable Bun Stress Relief Fidget Toys (4 PCS)",https://www.amazon.com/dp/B0GS9QBZZ4?th=1,1773446400000,600,美国,Novelty & Gag Toys
1777254376082,亚马逊,B0GH6B3JS2,https://m.media-amazon.com/images/I/517hFxgGpqL._AC_US200_.jpg,"Beach Toys, Creative Sand Toys for Kids Boys and Girls, Sand Castle Building Kit with Stack Castle Buckets, Tools, Mesh Bags, Character Molds for Role Play, Outdoor Toys for Toddlers Kids Ages 3-10",https://www.amazon.com/dp/B0GH6B3JS2?th=1,1773446400000,200,美国,运动与户外游戏
1777254376082,亚马逊,B0GQLP47D6,https://m.media-amazon.com/images/I/41BDG2I24vL._AC_US200_.jpg,"Dumpling Squishies Toy,Mystery Squishy Dumpling Box,Cute Anxiety Relief Fidget Toy,Jumbo Squishy Toy with Steamer Box,Soft Squeeze Decompression Dough for Adults& Kids (Blue)",https://www.amazon.com/dp/B0GQLP47D6?th=1,1773446400000,600,美国,Novelty & Gag Toys
1777254376082,亚马逊,B0GS6LMMSH,https://m.media-amazon.com/images/I/41iEIdLALEL._AC_US200_.jpg,New -Dumpling Squishies & Dumpling Squishy Mystery Box ，Soft TPR Sensory Stress Ball Fidget Toy (Purple),https://www.amazon.com/dp/B0GS6LMMSH?th=1,1773446400000,200,美国,Novelty & Gag Toys
1777254378030,亚马逊,B0GS6Y48TC,https://m.media-amazon.com/images/I/41Uo5GGmUsL._AC_US200_.jpg,New -Dumpling Squishies & Dumpling Squishy Mystery Box ，Soft TPR Sensory Stress Ball Fidget Toy (Pink),https://www.amazon.com/dp/B0GS6Y48TC?th=1,1773446400000,2000,美国,Novelty & Gag Toys
1777254378030,亚马逊,B0GRY6CRPX,https://m.media-amazon.com/images/I/41cj5YkvxmL._AC_US200_.jpg,Dumpling Squishies – Mystery Dumpling Box Colorful Stress Balls & Fidget Sensory Toy Soft Squeeze Decompression Dough for Anxiety Relief Perfect for Kids & Easter Basket Stuffers（Pink）,https://www.amazon.com/dp/B0GRY6CRPX?th=1,1773446400000,400,美国,Novelty & Gag Toys
1777254378030,亚马逊,B0GQ45JMGV,https://m.media-amazon.com/images/I/41VXZiSvjrL._AC_US200_.jpg,"Dumpling Squishy, Mystery Squishy Dumpling Box, Soft Squeeze Dough Ball for Stress Relief, Stretchy Bun with Mini Food Steamer Desk Fidget Toy for Adults Office Home (White)",https://www.amazon.com/dp/B0GQ45JMGV?th=1,1773446400000,300,美国,新颖性
1777254378030,亚马逊,B0GDQM26CP,https://m.media-amazon.com/images/I/51bcVZMIpWL._AC_US200_.jpg,"Electric Water Gun for Kids Adults, Light Up Powerful Automatic Squirt Gun Watergun, Long Range, Summer Outdoor Beach Pool Party Toy Gift (Blue)",https://www.amazon.com/dp/B0GDQM26CP?th=1,1773446400000,500,美国,体育
1777254378030,亚马逊,B0GCJB71X9,https://m.media-amazon.com/images/I/41A4eXbcFML._AC_US200_.jpg,"Pakoo Electric Water Gun for Adults Kids, Auto-Refill Water Blaster with LED Lights 32FT Long Range High-Power Waterproof Squirt Gun Summer Outdoor Pool & Beach Battle Toys for Boys Girls",https://www.amazon.com/dp/B0GCJB71X9?th=1,1773446400000,300,美国,体育
1777254378030,亚马逊,B0GRT4FKYG,https://m.media-amazon.com/images/I/41Q3yx7dYKL._AC_US200_.jpg,"Flashing Dumplings,Soft and Cute Flashing Dumpling Toy,Dumpling Stress-Relieving Ball,Elastic Tabletop Toy,Soft and Squeezable Stress-Relieving Dough (White)",https://www.amazon.com/dp/B0GRT4FKYG?th=1,1773446400000,1000,美国,Novelty & Gag Toys
1777254378030,亚马逊,B0GJCSBK6M,https://m.media-amazon.com/images/I/41FCphNx7OL._AC_US200_.jpg,"Snowflake Ice Cube Squishy Toy, Big Size 7cm Stress Relief Fidget Toys for Adults, Sensory Squishy Toys for Anxiety Relief and Focus, Soft Slow Rise Squeeze Toy for Stress (Blue)",https://www.amazon.com/dp/B0GJCSBK6M?th=1,1773446400000,300,美国,Novelty & Gag Toys
1777254378030,亚马逊,B0GRFKTNRW,https://m.media-amazon.com/images/I/41xYH3o9VPL._AC_US200_.jpg,"Dumpling Squishy Mystery Box, Super Soft Slow Rising TPR Tear-Resistant Smiley Face Dumpling Toy, Fidget Sensory Toys for Easter Basket Stuffers, Parties, Classroom Prizes Adults Kids (Green)",https://www.amazon.com/dp/B0GRFKTNRW?th=1,1773446400000,1000,美国,Novelty & Gag Toys
1777254378030,亚马逊,B0GSG9Y137,https://m.media-amazon.com/images/I/41-glPXz4KL._AC_US200_.jpg,"Glitter Dumpling, Glitter Dumpling Squishies with Box,Dumplings Stress Balls Fidget Sensory Balls,Dumplings Sensory Squeeze Toy for Stress Relief",https://www.amazon.com/dp/B0GSG9Y137?th=1,1773446400000,2000,美国,Novelty & Gag Toys
1777254378030,亚马逊,B0D2WXN3WT,https://m.media-amazon.com/images/I/41qGtMLlyTL._AC_US200_.jpg,"FoxVilla Assembly Completed T13 Action Figure, Titan 13 3D Printed Action Figure, 3D Printed Titan13, Assembled Dummy 13 Lucky 13 Toy Figure",https://www.amazon.com/dp/B0D2WXN3WT?th=1,1773446400000,1000,美国,玩具图
1777254378030,亚马逊,B0GSH6DCY9,https://m.media-amazon.com/images/I/5103x4STHmL._AC_US200_.jpg,"Dumpling Squishies, Glitter Dumpling Mystery Box, Colorful Dumplings Stress Balls Fidget Sensory Toy, Stocking Stuffers with Food Steamer Stretchy Desk Toys",https://www.amazon.com/dp/B0GSH6DCY9?th=1,1773446400000,1000,美国,Novelty & Gag Toys
1777254378030,亚马逊,B0GCBP5XRM,https://m.media-amazon.com/images/I/51a4FKMJqeL._AC_US200_.jpg,"Ball Pit Balls, Safe Non-Toxic BPA-Free Crush-Proof Plastic Balls for Toddlers, Gift for Kids Birthday & Christmas, for Indoor Playpens, Party Decorations & Amusement Activities",https://www.amazon.com/dp/B0GCBP5XRM?th=1,1773446400000,200,美国,体育
1777254378030,亚马逊,B0GQ3M9SYC,https://m.media-amazon.com/images/I/61yPSUrjFkL._AC_US200_.jpg,"9Pcs for Kpop Demon Movie Hunters Birthday Party Decorations, Honeycomb Centerpieces for Toy Demon Movie Hunters Decorations, Double Sided Table Decorations Centerpieces Party.",https://www.amazon.com/dp/B0GQ3M9SYC?th=1,1773446400000,200,美国,派对用品
1777254378030,亚马逊,B0GRHVFDT5,https://m.media-amazon.com/images/I/51hLVEgjg0L._AC_US200_.jpg,"Foam Remote Control Airplanes, RC Planes with Light, RC Airplane Fighter Jet for Kids Adults 8-16, 360° Flip, Stunt Roll, Drones for Kids 8-12, Airplane Toy Gifts for Kids Boys(Blue)",https://www.amazon.com/dp/B0GRHVFDT5?th=1,1773446400000,1000,美国,遥控
1777254378030,亚马逊,B0GCZPT35Q,https://m.media-amazon.com/images/I/41mxJEuGM1L._AC_US200_.jpg,"Jasonwell Kiddie Baby Pool with Canopy - Foldable Infant Toddler Kids Pool with Shade Baby Beach Essentials Tent Swimming Wading Pools for Toddlers 1-3 + Kids Dogs Ball Pit Backyard Water Play R, 40""",https://www.amazon.com/dp/B0GCZPT35Q?th=1,1773446400000,200,美国,体育
1777254378030,亚马逊,B0GRQBR9Y4,https://m.media-amazon.com/images/I/51s5vgSB0fL._AC_US200_.jpg,"Glitter Dumpling Squishy Box, Stress Relief Squeeze for Adults, Anxiety Relief Fidget Toy for Office Desk, Relaxing Sensory Toy for Focus and Calm (Gold+White)",https://www.amazon.com/dp/B0GRQBR9Y4?th=1,1773446400000,600,美国,Novelty & Gag Toys
1777254378030,亚马逊,B0GS6VSRY2,https://m.media-amazon.com/images/I/614ieDY10fL._AC_US200_.jpg,"Squishy Stress Cube for Adults,Squishy Slow Rising Fidget Cube Sensory for Anxiety Stress Relief High Density Ice Squeeze Ball Cubes Purple (Green)",https://www.amazon.com/dp/B0GS6VSRY2?th=1,1773446400000,200,美国,Novelty & Gag Toys
1777254378030,亚马逊,B0GL723Y9P,https://m.media-amazon.com/images/I/71e5pI-ETFL._AC_US200_.jpg,"Easter Bunny Toy,Hopping Bunny Toy,Hopping Rabbit Plush Bunny Toy, Walks, Jumps, Sounds an Ideal Surprise Gift for Toddlers,Easter Toys for Toddlers(Brown)",https://www.amazon.com/dp/B0GL723Y9P?th=1,1773446400000,400,美国,填充的动物
1777254378030,亚马逊,B0GJSTS72K,https://m.media-amazon.com/images/I/41GLJrGrBOL._AC_US200_.jpg,"Pakoo Electric Water Gun for Adults Kids, High-Capacity Automatic Squirt Gun with LED Lights, 32FT Long Range Transparent Water Blaster, Summer Outdoor Pool & Beach Party Toys for Boys Girls",https://www.amazon.com/dp/B0GJSTS72K?th=1,1773446400000,200,美国,体育
1777254378030,亚马逊,B0GGNLH99S,https://m.media-amazon.com/images/I/81JePgsXldL._AC_US200_.jpg,"QPAU Inflatable Swimming Pool, Full-Sized Blow Up Pool with Seats and Backrests, Kiddie Pool for Outdoor & Backyard, for Family Summer Time Fun, Clear Blue",https://www.amazon.com/dp/B0GGNLH99S?th=1,1773446400000,200,美国,体育
1777254378030,亚马逊,B0GS1RG4K5,https://m.media-amazon.com/images/I/41kljp16KOL._AC_US200_.jpg,"Mystery Dumpling Squishy, Squishy Dumpling Toy, Easter Basket Stuffers, Squeeze Dough Ball Stress Relief Hand Toys with Food Steamer Stretchy Desk Toys (A-Blue)",https://www.amazon.com/dp/B0GS1RG4K5?th=1,1773360000000,200,美国,Novelty & Gag Toys
1777254378030,亚马逊,B0GHNDG57P,https://m.media-amazon.com/images/I/41SmwO752KL._AC_US200_.jpg,"Squishy Ice Cube Fidget Toy, Sugar Ball Stress Cube for Kids Adults, Soft Squishies Stress Relief Sensory Toy for Autism, Classroom Prize Toy Party Favor",https://www.amazon.com/dp/B0GHNDG57P?th=1,1773360000000,300,美国,Novelty & Gag Toys
1777254378030,亚马逊,B0GRBQQVQV,https://m.media-amazon.com/images/I/71uJX2H5cPL._AC_US200_.jpg,"Retro Game Console, Wireless Retro Game Console, Built-in 9 Emulators, 4K HDMI Output, Dual 2.4GHz, Built-in 24500 Games, Plug and Play Video Games, Black",https://www.amazon.com/dp/B0GRBQQVQV?th=1,1773360000000,200,美国,儿童电子产品
1777254378030,亚马逊,B0G5Y68B27,https://m.media-amazon.com/images/I/51PE4gM+yjL._AC_US200_.jpg,"42 Pack Prefilled Easter Eggs with Plush Bunnies,Pre Filled Easter Eggs with Stuffed Toys Inside,Easter Basket Stuffers for Kids,Easter Egg Hunt,Classroom Prize",https://www.amazon.com/dp/B0G5Y68B27?th=1,1773360000000,200,美国,Party Supplies
1777254378030,亚马逊,B0GR12XB4V,https://m.media-amazon.com/images/I/71i2lizhi6L._AC_US200_.jpg,"32Pcs Demon Movie Hunters Birthday Party Supplies, Party Decorations Set Include Banner, Balloons, Hanging Swirls, Cake Cupcake Toppers, Tablecloth for Boys Girls Demon Hunters Theme Party.",https://www.amazon.com/dp/B0GR12XB4V?th=1,1773360000000,1000,美国,派对用品
1777254378030,亚马逊,B0GLH63CTW,https://m.media-amazon.com/images/I/51BSVreqnaL._AC_US200_.jpg,"12 Pack Prefilled Easter Eggs with Toys Inside, Pullback Diecast Cars for Kids Boys Toddler Easter Basket Stuffers Hunt, Favor for Kids Goodie Bags Stuffers Classroom Carnival Prizes, Pinatas, Gift",https://www.amazon.com/dp/B0GLH63CTW?th=1,1773360000000,400,美国,Party Supplies
1777254378030,亚马逊,B0GPQMKYR1,https://m.media-amazon.com/images/I/51j6fbX5FTL._AC_US200_.jpg,"28pcs Monster Truck Playset with Arena Playmat, 1:64 Mini Toy Trucks with Interchangeable Car Shells, Ramps & Barrels, DIY Racing Game Birthday Gifts for Boys Kids Ages 6-12",https://www.amazon.com/dp/B0GPQMKYR1?th=1,1773360000000,200,美国,车辆
1777254378030,亚马逊,B0FKPNZQ1Q,https://m.media-amazon.com/images/I/81UiLXiM3pL._AC_US200_.jpg,CarTuned™ Lowrider Series 2-1987 Chevy C10,https://www.amazon.com/dp/B0FKPNZQ1Q?th=1,1773360000000,300,美国,车辆
1777254378030,亚马逊,B0GL1H7R5B,https://m.media-amazon.com/images/I/41BrhNoC6GL._AC_US200_.jpg,"Desk Goose 7 inches Cute Office Decor Statue, Magnetic Goose Key Holder with Positive Vibes– Funny Desk Decor for Home Office, Birthday Gifts for Women Mom Men Friends",https://www.amazon.com/dp/B0GL1H7R5B?th=1,1773360000000,400,美国,新颖性
1777254378030,亚马逊,B0GHP2L8W8,https://m.media-amazon.com/images/I/51T3MMajuhL._AC_US200_.jpg,KLT Fidget Toys Bulk for Kids: 100 Pack Textured Spinner Rings - Fun Fidgets for Student Classroom Prize - Small Stress Toys for Autism Calming - Goodie Bags Stuffers for Party Favors,https://www.amazon.com/dp/B0GHP2L8W8?th=1,1773360000000,600,美国,Novelty & Gag Toys
1777254378030,亚马逊,B0G92QWT39,https://m.media-amazon.com/images/I/81tZGr3fuEL._AC_US200_.jpg,"Magnetic Blocks Baseplate - 4PCS Blue Base Boards for Minecraft Magnetic Building Blocks to Build, Play, and Display Creations | 4"" x 4"" Base Plate for Kids Birthday Gifts | Toy for Boys & Girls",https://www.amazon.com/dp/B0G92QWT39?th=1,1773360000000,200,美国,建筑玩具
1777254378030,亚马逊,B0G1TYVLKY,https://m.media-amazon.com/images/I/71zadKfrVrL._AC_US200_.jpg,"Transformers Icons Optimus Prime 6.75-Inch Voyager Class Action Figure that Converts to Autobot Logo Symbol, Display Stand, Robot Toys for Ages 8+",https://www.amazon.com/dp/B0G1TYVLKY?th=1,1773360000000,200,美国,玩具图
1777254378030,亚马逊,B0GHW97DD1,https://m.media-amazon.com/images/I/71LZC9yFvVL._AC_US200_.jpg,"POP MART Star Wars Grogu Tiny But Mighty Series Figures,Collectible Holiday & Birthday for Kids & Adults-Single Box",https://www.amazon.com/dp/B0GHW97DD1?th=1,1773360000000,300,美国,玩具图
1777254378030,亚马逊,B0G26LFLZN,https://m.media-amazon.com/images/I/41RNaewhbHL._AC_US200_.jpg,"Calico Critters Cottontail Rabbit Family, Set of 4 Collectible Doll Figures",https://www.amazon.com/dp/B0G26LFLZN?th=1,1773360000000,200,美国,娃娃
1777254378030,亚马逊,B0GM2CZ4CF,https://m.media-amazon.com/images/I/51xcIZgmiTL._AC_US200_.jpg,"3PC Little Ouchies Fidget ,Pain Stim Fidgets with Clicker Button and Spinner, for Anxiety and Stress Reduction,Portable Stress Relief Spiky Fidget Keychain",https://www.amazon.com/dp/B0GM2CZ4CF?th=1,1773360000000,200,美国,Novelty & Gag Toys
1777254378030,亚马逊,B0GDW8WPYD,https://m.media-amazon.com/images/I/41uGX49VSUL._AC_US200_.jpg,"Water Slide Toys for Step2 Rain Showers Water Table Accessories, Quick-Install Summer Outdoor Water Play Table Toys Track Building Set with 6 Duck-Face Rolling Balls for Toddlers Kids Ages 3+",https://www.amazon.com/dp/B0GDW8WPYD?th=1,1773360000000,700,美国,运动与户外游戏
1777254378030,亚马逊,B0GS4SGCWJ,https://m.media-amazon.com/images/I/31az345bV1L._AC_US200_.jpg,"Slow Rebound Cute Butter Squeeze Stress Balls, 2026 Upgraded Squeeze Ball Realistic Butter Stick Soft Squeeze Balls, Upgrade Stress Balls for Stress Relief Anxiety Sensory Gifts (1pcs)",https://www.amazon.com/dp/B0GS4SGCWJ?th=1,1773360000000,400,美国,Novelty & Gag Toys
1777254378030,亚马逊,B0GSCGT5DH,https://m.media-amazon.com/images/I/31wJflGK+FL._AC_US200_.jpg,"Rainbow Cake Squishies,Jumbo Slow Rising Fidget Squeeze,Soft Relief Squishy Stress,Squeeze Ball Sensory for Anxiety Stress Party Favors Colorful",https://www.amazon.com/dp/B0GSCGT5DH?th=1,1773360000000,300,美国,Novelty & Gag Toys
1777254378030,亚马逊,B0GK8NMY7Z,https://m.media-amazon.com/images/I/51ONonXuSXL._AC_US200_.jpg,"Dinosaur Bubble Gun for Kids - Bubble Machine with Bubble in Bubble, 1000+ Bubbles/Min Bubble Blower Toy, Toddler Outdoor Toys Birthday Easter for 3 4 5 6 7 8 Year Old Girls",https://www.amazon.com/dp/B0GK8NMY7Z?th=1,1773360000000,300,美国,体育
1777254378030,亚马逊,B0G6K1WSJK,https://m.media-amazon.com/images/I/51k9ph4eJvL._AC_US200_.jpg,"2026 Large Foldable Pool,Non-Inflatable Pool for Adult,Foldable Swimming Pool,Plastic Kiddie Portable Pool,Collapsible Kid Pool for Backyard,Oversized Easy Setup Family Pool for Adult,7.5FT",https://www.amazon.com/dp/B0G6K1WSJK?th=1,1773360000000,200,美国,体育
1777254378030,亚马逊,B0FKNZ3LH1,https://m.media-amazon.com/images/I/81ETNFpG-4L._AC_US200_.jpg,CarTuned™ Lowrider Series 2-1958 Chevy Impala,https://www.amazon.com/dp/B0FKNZ3LH1?th=1,1773360000000,200,美国,车辆
1777254378030,亚马逊,B0FM493F3F,https://m.media-amazon.com/images/I/51-6O7ksHOL._AC_US200_.jpg,"Goodie Bags Stuffers for Kids - 24PCS Animal Squishy Toys Party Favors, Slow Rising Fidget Toy Stress Relief, Pinata Stuffers, Classroom Treasure Chest Prizes Birthday Gifts for Boys Girls",https://www.amazon.com/dp/B0FM493F3F?th=1,1773360000000,200,美国,Novelty & Gag Toys
1777254378030,亚马逊,B0GS1TL71K,https://m.media-amazon.com/images/I/51F0n5HkJ-L._AC_US200_.jpg,"Strawberry Squishy, Realistic Strawberry Stress Ball, Squeezable Toy Fruit Ball (1)",https://www.amazon.com/dp/B0GS1TL71K?th=1,1773360000000,300,美国,Novelty & Gag Toys
1777254378030,亚马逊,B0GJGNGCZ7,https://m.media-amazon.com/images/I/51S8kKPNPNL._AC_US200_.jpg,"500PCS Fillable Plastic Easter Eggs, Empty Easter Eggs for Egg Hunt, Party Favors, Basket Stuffers, Classroom Prizes, Holiday Decorations",https://www.amazon.com/dp/B0GJGNGCZ7?th=1,1773360000000,600,美国,Party Supplies
1777254378030,亚马逊,B0GQXQVN34,https://m.media-amazon.com/images/I/51z6VapYdyL._AC_US200_.jpg,"K Pop Demon Birthday Party Supplies , 9Pcs Honeycomb Centerpieces for Toy K Pop Demon Decorations, Double Sided Table Decorations Centerpieces Party.",https://www.amazon.com/dp/B0GQXQVN34?th=1,1773360000000,1000,美国,派对用品
1777254378030,亚马逊,B0GRM9NFH6,https://m.media-amazon.com/images/I/71OeEEx6LvL._AC_US200_.jpg,"2pcs Demon Movie Hunters Porch Sign Door Hanging Banner, Demon Movie Hunters Birthday Party Supplies Party Wall Decorations",https://www.amazon.com/dp/B0GRM9NFH6?th=1,1773360000000,400,美国,Party Supplies
1777254378030,亚马逊,B0GH8LNW62,https://m.media-amazon.com/images/I/71MdG2WI7UL._AC_US200_.jpg,"Gatling-Style Electric Water Gun with LED – 55ft Squirt Gun with 3000cc Backpack Tank, Super Water Toy Guns for Kids & Adults",https://www.amazon.com/dp/B0GH8LNW62?th=1,1773360000000,200,美国,体育
1777254378030,亚马逊,B0GKG8LMK2,https://m.media-amazon.com/images/I/61Eg16uMUML._AC_US200_.jpg,"24P 3D Printed Dragon Eggs, Mystery Crystal Dragon Egg for Easter Basket Stuffers, Unique Easter Toys & Decor, Fantasy Tabletop Decor for Kids & Collectors",https://www.amazon.com/dp/B0GKG8LMK2?th=1,1773360000000,1000,美国,玩具图
1777254378030,亚马逊,B0GLGSQ532,https://m.media-amazon.com/images/I/31hYrHYhBwL._AC_US200_.jpg,"3-in-1 Musical Crawling Turtle Baby Toy - Tummy Time Toy with Smart Obstacle Avoidance, Push-and-Pop Sensory Shell & Sleep Soothing, Baby Infant Toys for 0-12 Months",https://www.amazon.com/dp/B0GLGSQ532?th=1,1773360000000,200,美国,婴幼儿
1777254378030,亚马逊,B0FQKXCQ2F,https://m.media-amazon.com/images/I/71HrxQJoGmL._AC_US200_.jpg,"G.I. Joe Classified Series #194, Zanya and Dreadnok Chameleon (Swamp Skier), Collectible 6 Inch Action Figure and Vehicle Set with 10 Accessories",https://www.amazon.com/dp/B0FQKXCQ2F?th=1,1773360000000,400,美国,玩具图
1777254378030,亚马逊,B0G72YB7SW,https://m.media-amazon.com/images/I/5102yWQjptL._AC_US200_.jpg,"300 Pack Colorful Fillable Easter Eggs with 6 Surprise Golden Eggs, 2.4 Inch Plastic Easter Egg Empty for Easter Hunt Party Favors Easter Basket Stuffers Fillers Classroom Prizes for Kids Boys Girls",https://www.amazon.com/dp/B0G72YB7SW?th=1,1773360000000,300,美国,Party Supplies
1777254378030,亚马逊,B0GGY491N5,https://m.media-amazon.com/images/I/51YBVEWoRyL._AC_US200_.jpg,"225Pack Prefilled Easter Eggs with Toys Inside for Easter Egg Hunting Basket Stuffers, Surprise Plastic Eggs Filled with Bulk Toys, Easter Party Supplies Gifts Classroom Prize for Kids",https://www.amazon.com/dp/B0GGY491N5?th=1,1773360000000,1000,美国,Party Supplies
1777254378030,亚马逊,B0GGG7ZL1J,"https://m.media-amazon.com/images/I/51y8JLHFMZL._AC_SR200,200_.jpg","80 Pack Prefilled Easter Eggs with Toys Inside, Plastic Eggs Fillers for Toys Bulk, Easter Basket Stuffers,Easter Eggs Hunt Games Classroom Prizes, Easter Party Supplies Gifts for Kids",https://www.amazon.com/dp/B0GGG7ZL1J?th=1,1773360000000,1000,美国,Party Supplies
1777254378030,亚马逊,B0GQH7ZKG7,https://m.media-amazon.com/images/I/41rBMsR-keL._AC_US200_.jpg,"Dumpling Squishy Toy, Dumpling Squishy Mystery Box, Colorful Dumplings Stress Balls Fidget Sensory Toy, Squeeze Dough Ball Stress Relief Hand Toys with Food Steamer Stretchy Desk Toys(Purplish Pink)",https://www.amazon.com/dp/B0GQH7ZKG7?th=1,1773360000000,600,美国,Novelty & Gag Toys
1777254378030,亚马逊,B0GQHF8MK9,https://m.media-amazon.com/images/I/41WX+RlM8VL._AC_US200_.jpg,"Dumpling Squishy Toy, Dumpling Squishy Mystery Box, Colorful Dumplings Stress Balls Fidget Sensory Toy, Squeeze Dough Ball Stress Relief Hand Toys with Food Steamer Stretchy Desk Toys (Pink)",https://www.amazon.com/dp/B0GQHF8MK9?th=1,1773360000000,1000,美国,Novelty & Gag Toys
1777254378030,亚马逊,B0GJSC6XG4,https://m.media-amazon.com/images/I/41sWHqHU4ML._AC_US200_.jpg,"Oversized Dense Gel Stress Cube (2.55"") - Anxiety Relief Fidget Toy - Larger, Firmer, Slow-Rise - Dual-Reinforced Leak-Proof Design - Premium Sensory Gift for Adults & Teens",https://www.amazon.com/dp/B0GJSC6XG4?th=1,1773360000000,500,美国,Novelty & Gag Toys
1777254378030,亚马逊,B0GJSBQV9V,https://m.media-amazon.com/images/I/41kss8qhB+L._AC_US200_.jpg,"Oversized Dense Gel Stress Cube (2.55"") - Anxiety Relief Fidget Toy - Larger, Firmer, Slow-Rise - Dual-Reinforced Leak-Proof Design - Premium Sensory Gift for Adults & Teens",https://www.amazon.com/dp/B0GJSBQV9V?th=1,1773360000000,700,美国,Novelty & Gag Toys
1777254378030,亚马逊,B0GKFZWB37,https://m.media-amazon.com/images/I/51pCZdADuBL._AC_US200_.jpg,"24 Pack Prefilled Easter Eggs with Axolotl Slow Squishy Toys, Easter Basket Stuffers, Easter Eggs Filled Squishy Toy for Kids, Easter Gift, Axolotl Party Favors",https://www.amazon.com/dp/B0GKFZWB37?th=1,1773360000000,500,美国,Novelty & Gag Toys
1777254378030,亚马逊,B0GPXXRXQQ,https://m.media-amazon.com/images/I/51je+a-YZwL._AC_US200_.jpg,"2026 New 4pcs Squishy Dumpling,Dumpling Squishy, Rainbow Dumplings, Cute Anxiety Relief Fidget , Soft Squeeze Decompression Dough for Adults",https://www.amazon.com/dp/B0GPXXRXQQ?th=1,1773360000000,400,美国,Novelty & Gag Toys
1777254378030,亚马逊,B0GJPCGYVW,https://m.media-amazon.com/images/I/81UcoOgWA6L._AC_US200_.jpg,Water Balloon Launcher Slingshots for Kids with 12 Pcs Reusable Water Balloons Pool Toys for 3-10 Years Old Boys & Girls Outdoor Backyard Water Games Beach Toy,https://www.amazon.com/dp/B0GJPCGYVW?th=1,1773360000000,200,美国,体育
1777254378030,亚马逊,B0GPQ2QMJ9,https://m.media-amazon.com/images/I/61x8upCPApL._AC_US200_.jpg,50Pcs Manga Jujutsu Kaisen Stickers Mixed Pack Cool Movie Cartoon Anime Stickers Decorative Sticker for Teens Adults Waterproof Sticker for Water Bottle Laptop (ZSHZ),https://www.amazon.com/dp/B0GPQ2QMJ9?th=1,1773360000000,200,美国,艺术
1777254378030,亚马逊,B0GGRHLXXH,https://m.media-amazon.com/images/I/51veTtyJeEL._AC_US200_.jpg,"Gytera 60 PCS Easter Squishy Fidget Toys, 24pcs Eggs Shells & Bunny, Hamster, Ice Cubes, Squishies Stress Balls for Stress Relief, Easter Basket Stuffers Easter Gifts",https://www.amazon.com/dp/B0GGRHLXXH?th=1,1773360000000,200,美国,Novelty & Gag Toys
1777254378030,亚马逊,B0GSBTQFF6,https://m.media-amazon.com/images/I/41XZjbSmSoL._AC_US200_.jpg,"Toymendous Squishy Cherries, Jumbo Sweet Fruit Stress Toy, Twin Cherry Fidget Fun, 5.5 Inch Squishy Fruit, Fidget Sensory Food, Jumbo Strss Relief Toy or Kids & Adults, Easter Basket Stuffer",https://www.amazon.com/dp/B0GSBTQFF6?th=1,1773360000000,1000,美国,Novelty & Gag Toys
1777254378030,亚马逊,B0GQLW1BRP,https://m.media-amazon.com/images/I/41+2GduKREL._AC_US200_.jpg,Dumpling Squishy Mystery Box 2026 Upgraded White - Dumplings Squishes for Adults Teens Squeeze Easter Basket Stuffers & Stocking Stuff,https://www.amazon.com/dp/B0GQLW1BRP?th=1,1773360000000,1000,美国,派对用品
1777254378030,亚马逊,B0GS3R4X7K,https://m.media-amazon.com/images/I/513hcL3GmqL._AC_US200_.jpg,"Taboom Bulk Easter Plastic Eggs 104 Count 2.3 Inch Empty Colored & Gold Fillable Egg with Strong Snap-Tight Seal For Easter Egg Hunts, Party Favors, Fillers & Basket Stuffers",https://www.amazon.com/dp/B0GS3R4X7K?th=1,1773360000000,1000,美国,派对用品
1777254378030,亚马逊,B0GS49K4YH,https://m.media-amazon.com/images/I/81pgF02+5+L._AC_US200_.jpg,"Taboom Easter Plastic Eggs 26 Count 2.3 Inch Empty Colored & Gold Fillable Egg with Strong Snap-Tight Seal For Easter Egg Hunts, Party Favors, Fillers & Basket Stuffers",https://www.amazon.com/dp/B0GS49K4YH?th=1,1773360000000,1000,美国,派对用品
1777254378030,亚马逊,B0GRH1DSJC,https://m.media-amazon.com/images/I/41ohyB7NkKL._AC_US200_.jpg,"1pc Glitter Dumpling, Dumpling Squishy, Mega Rainbow Dumplings, Large Stress Relief Sensory Ball, Anxiety Relief Fidget, Soft Squeeze Decompression Dough (1pc Glitter White)",https://www.amazon.com/dp/B0GRH1DSJC?th=1,1773360000000,600,美国,Novelty & Gag Toys
1777254378030,亚马逊,B0GS6M1R8F,https://m.media-amazon.com/images/I/41MJ9GoHFGL._AC_US200_.jpg,"Squishy Stress Cube for Adults,Squishy Slow Rising Fidget Cube Sensory for Anxiety Stress Relief High Density Ice Squeeze Ball Cubes Purple (Orange)",https://www.amazon.com/dp/B0GS6M1R8F?th=1,1773360000000,400,美国,Novelty & Gag Toys
1777254378030,亚马逊,B0GS6WBJ3K,https://m.media-amazon.com/images/I/41nTCeKIS8L._AC_US200_.jpg,"Squishy Stress Cube for Adults,Squishy Slow Rising Fidget Cube Sensory for Anxiety Stress Relief High Density Ice Squeeze Ball Cubes Purple (Purple)",https://www.amazon.com/dp/B0GS6WBJ3K?th=1,1773360000000,3000,美国,Novelty & Gag Toys
1777254378030,亚马逊,B0GS1QJ6CK,https://m.media-amazon.com/images/I/71naZP4OmaL._AC_US200_.jpg,"Dumpling Squishy, Glitter Mystery Dumplings Box, Squishy Dumpling Stress Relieving Toy, Soft Squeeze Decompression Dough, Easter Basket Stuffers,with Food Steamer Stretchy Desk Toys (White-B)",https://www.amazon.com/dp/B0GS1QJ6CK?th=1,1773360000000,600,美国,Novelty & Gag Toys
1777254378030,亚马逊,B0GRWG2T6X,https://m.media-amazon.com/images/I/41BV6xrF+RL._AC_US200_.jpg,"Dumpling Squishy, Glitter Dumpling Squishy, Squishiest Dumplings with Steamer Box, Stress & Anxiety Relief Toys for Kids & Adults Non-Edible (Glitter White)",https://www.amazon.com/dp/B0GRWG2T6X?th=1,1773360000000,300,美国,Novelty & Gag Toys
1777254378030,亚马逊,B0G7YNQ99Q,https://m.media-amazon.com/images/I/51AgkolFiZL._AC_US200_.jpg,"40FT Double Slip and Water Slides for Kids Adults Backyard, Extra Long Lawn Water Slides with 2 Bodyboards, Heavy Duty, Giant Inflatable Water Slip Toys with Crash Pad for Summer Outdoor Party",https://www.amazon.com/dp/B0G7YNQ99Q?th=1,1773360000000,200,美国,体育
1777254378030,亚马逊,B0GRMQBQM9,https://m.media-amazon.com/images/I/41Smh8-esAL._AC_US200_.jpg,"2026 New Glitter Dumpling Squishy Box, Stress Relief, Soft Squeeze Decompression Dough, Glitter Dumpling Squishy for Stress Relief (Transparent)",https://www.amazon.com/dp/B0GRMQBQM9?th=1,1773360000000,300,美国,Novelty & Gag Toys
1777254378030,亚马逊,B0GQK99KMQ,https://m.media-amazon.com/images/I/313VQo-109L._AC_US200_.jpg,"Yellow Cheese Squishy Slow Rising, Squishy Squeeze Cheese Block, Soft Novelty Toy, Stress Balls for Adults Rebounding Sensory Squishys Cheese (3.93in)",https://www.amazon.com/dp/B0GQK99KMQ?th=1,1773360000000,500,美国,Novelty & Gag Toys
1777254378030,亚马逊,B0GLG2LZT1,https://m.media-amazon.com/images/I/41KGPWu-LOL._AC_US200_.jpg,"Hopping Rabbit Plush Bunny Toy,My Realistic Bunny Toy,Vitality Bliss Bunny,Rabbit Plush Interactive Toys,Wiggle Ears Twitch Nose,Electric Rabbit Toys,Birthday Gift for Easter Toddler(Pink)",https://www.amazon.com/dp/B0GLG2LZT1?th=1,1773360000000,200,美国,填充的动物
1777254378030,亚马逊,B0G72RHDKX,https://m.media-amazon.com/images/I/51BrajGmtLL._AC_US200_.jpg,"200 Pack 3 Inch Large Easter Eggs Bulk Include 6 Surprise Golden Eggs, Bright Colors Fillable Empty Plastic Easter Egg for Easter Hunt, Easter Basket Fillers, Easter Party Favors",https://www.amazon.com/dp/B0G72RHDKX?th=1,1773273600000,200,美国,Party Supplies
1777254378030,亚马逊,B0G29M7KDY,https://m.media-amazon.com/images/I/811D+LhwJdL._AC_US200_.jpg,Treasure Cove 350Pcs Easter Foam Stickers Glitter Spring Sticker Foam Easter Egg Bunny Flower Label for Kids DIY Crafts Home Decoration Party Favors Supplies,https://www.amazon.com/dp/B0G29M7KDY?th=1,1773273600000,200,美国,艺术
1777254378030,亚马逊,B0GS5N6XD5,https://m.media-amazon.com/images/I/61pQL8Z3QuL._AC_US200_.jpg,"Squishy Butter Stick, Slow Rebound Cute Butter Squeeze Stress Balls Realistic Butter Stick Soft Squishy Slow Rise Squishies Stress Relief Fidget (1PC)",https://www.amazon.com/dp/B0GS5N6XD5?th=1,1773273600000,400,美国,Novelty & Gag Toys
1777254378030,亚马逊,B0GL31NT8K,https://m.media-amazon.com/images/I/51zfCzeqEbL._AC_US200_.jpg,"300 Pcs Plastic Easter Eggs Bulk, 2.2"" Easter Eggs Fillable, Bright Colors Plastic Eggs Bulks for Easter Egg Hunt, Filling Treats and Party Favor, Easter Basket Stuffers Fillers for Kids Toddlers",https://www.amazon.com/dp/B0GL31NT8K?th=1,1773273600000,300,美国,Party Supplies
1777254378030,亚马逊,B0GGYVWGWB,https://m.media-amazon.com/images/I/61qPl6mWxnL._AC_US200_.jpg,"LINAYE 344 PCS Easter Eggs Fillers Stuffers for Kids, Easter Egg Hunt Toys Fillers Party Favors Gifts Goodie Treat Basket Stuffers Bulk Treasure Box Toys Classroom Prize for Kids",https://www.amazon.com/dp/B0GGYVWGWB?th=1,1773273600000,200,美国,Party Supplies
1777254378030,亚马逊,B0G6ZBRGWX,https://m.media-amazon.com/images/I/511hlu1sFLL._AC_US200_.jpg,"36 Pcs Golden Easter Eggs Plastic, 2.3"" Fillable Shiny Gold Metallic Plastic Easter Eggs Empty for Easter Hunt,Party Favor,Basket Stuffers Fillers,Classroom Prize",https://www.amazon.com/dp/B0G6ZBRGWX?th=1,1773273600000,400,美国,Party Supplies
1777254378030,亚马逊,B0GDFQYSNN,https://m.media-amazon.com/images/I/51fm3q3rA7L._AC_US200_.jpg,PartyWoo Baby Shark Family Foil Balloons 37pcs Baby Shark Family Pink Round Star Mylar Happy Birthday Letter Balloons for Boys and Girls Under the Sea Kids Birthday Party Decorations,https://www.amazon.com/dp/B0GDFQYSNN?th=1,1773273600000,200,美国,派对用品
1777254378030,亚马逊,B0GMW2LNVL,https://m.media-amazon.com/images/I/51gbGPX6AxL._AC_US200_.jpg,"3-Pack Demon Witch Figure Hunter Merch: 11.5"" Poseable Anime Action Doll Set, Kpop Style Cake Toppers, Easter Egg Fillers, Spring Basket Stuffers, Kids Birthday Party Favors & Desktop Decorations",https://www.amazon.com/dp/B0GMW2LNVL?th=1,1773273600000,200,美国,玩具图
1777254378030,亚马逊,B0GD7FL6JV,https://m.media-amazon.com/images/I/61ycjyIP7HL._AC_US200_.jpg,"127Pcs Easter Egg Fillers, Easter Party Favors, Easter Egg Stuffers, Easter Basket Stuffers for Kids Girls Boys, Easter Gifts, Easter Toys, Treasure Box Toys, Classroom Prizes, Goodie Bags Stuffers",https://www.amazon.com/dp/B0GD7FL6JV?th=1,1773273600000,400,美国,Party Supplies
1777254378030,亚马逊,B0GG6FMX89,https://m.media-amazon.com/images/I/41-pJcpPIIL._AC_US200_.jpg,"Qudoustar 18 Pack 6 Inch Jumbo Easter Eggs, Colorful Giant Plastic Fillable Eggs Bulk, for Easter Hunt Basket Stuffers Party Favors Classroom Prize Supplies Kids Boys Girls",https://www.amazon.com/dp/B0GG6FMX89?th=1,1773273600000,200,美国,Party Supplies
1777254378030,亚马逊,B0GS1X33B5,https://m.media-amazon.com/images/I/61RYI46BzeL._AC_US200_.jpg,"Dumpling Squishy, Glitter Dumplings Mystery Box, Squishy Dumpling Stress Relieving Toy, Soft Squeeze Decompression Dough, Easter Basket Stuffers,with Food Steamer Stretchy Desk Toys (White-B)",https://www.amazon.com/dp/B0GS1X33B5?th=1,1773273600000,400,美国,Novelty & Gag Toys
1777254378030,亚马逊,B0FSPRM65K,https://m.media-amazon.com/images/I/51Xx3CPR05L._AC_US200_.jpg,"12 Pack Prefilled Easter Eggs with Squeeze Stress Relief Toys Inside, Filled Easter Eggs for Kids, Easter Basket Stuffers, Eggs Hunts, Classroom Prize Supplies",https://www.amazon.com/dp/B0FSPRM65K?th=1,1773273600000,200,美国,Party Supplies
1777254378030,亚马逊,B0GCHYCFGS,https://m.media-amazon.com/images/I/51KgDRImHlL._AC_US200_.jpg,"25Pcs 3D Printed Animals , Articulated Fidget Toy, Desk Pet for Students, Pocket Pets for Anxiety Relief, 3D Printed Fidgets Bulk for Classroom Prizes, Birthday Gifts, Easter Basket Essentials",https://www.amazon.com/dp/B0GCHYCFGS?th=1,1773273600000,400,美国,玩具图
1777254378030,亚马逊,B0FS85CY5W,https://m.media-amazon.com/images/I/51LvwIoPxvL._AC_US200_.jpg,"12 Pack Prefilled Easter Eggs Filled with Animal Finger Puppets for Easter Basket Stuffers Fillers, Easter Eggs Hunt, Easter Gifts for Kids, Easter Party Favors Classroom Prizes Reward",https://www.amazon.com/dp/B0FS85CY5W?th=1,1773273600000,200,美国,Party Supplies
1777254378030,亚马逊,B0GGNFCTVF,https://m.media-amazon.com/images/I/51vu1CDn4PL._AC_US200_.jpg,"165PCS Prefilled Easter Eggs with Toys Inside, Easter Eggs Fillers Basket Stuffers Easter Hunt Games Party Favor Supplies Classroom Prize for Kids",https://www.amazon.com/dp/B0GGNFCTVF?th=1,1773273600000,800,美国,Party Supplies
1777254378030,亚马逊,B0GCF5NRLV,https://m.media-amazon.com/images/I/5184JhYWwkL._AC_US200_.jpg,"Rechargeable Bubble Machine with RGB Lights: 30,000 Bubbles/Min Storm, Auto 360° Rotation, Battery% Display - Remote Control Bubble Maker for Romantic Wedding, Kids Party & Outdoor Events",https://www.amazon.com/dp/B0GCF5NRLV?th=1,1773273600000,200,美国,体育
1777254378030,亚马逊,B0GS23SHZ7,https://m.media-amazon.com/images/I/41UMQnASuhL._AC_US200_.jpg,"Slow Rebound Cute Butter Squeeze Stress Balls, Upgraded Squeeze Ball Realistic Butter Stick Soft Squeeze Toys, Upgrade Wet Slow Rebound Stress Relief Toy Stress Relief Fidget Toys (1 Pcs)",https://www.amazon.com/dp/B0GS23SHZ7?th=1,1773273600000,1000,美国,Novelty & Gag Toys
1777254378030,亚马逊,B0GHNM3882,https://m.media-amazon.com/images/I/51Eya54W+cL._AC_US200_.jpg,"MarcZero 11Pcs Silicone Beach Toys,Collapsible Sand Bucket,Modern Baby Beach Toys,Travel Friendly Beach Set,Silicone Bucket,Shovel,Sand Molds, Beach Bag,Silicone Sand Toys for Toddlers, Kids (Pink)",https://www.amazon.com/dp/B0GHNM3882?th=1,1773273600000,200,美国,运动与户外游戏
1777254378030,亚马逊,B0GCLHNZ54,https://m.media-amazon.com/images/I/61fH8XvmBEL._AC_US200_.jpg,"Cleboen City Car and Truck Surprise Egg Set for Kids, 12 Pack Blind Eggs with Alloy Car Toys Inside, Ideal Gift for Boys Birthday, Easter Egg Hunt Basket Stuffers Filler, Easter Gifts Party Favors",https://www.amazon.com/dp/B0GCLHNZ54?th=1,1773273600000,200,美国,Party Supplies
1777254378030,亚马逊,B0GD73T8S9,https://m.media-amazon.com/images/I/61I1n6D4b1L._AC_US200_.jpg,"126 Pcs Easter Egg Fillers for Kids Boys Girls, Easter Basket Stuffers, Easter Egg Stuffers, Easter Party Favors, Easter Gifts Toys, Goodie Bags Stuffers, Treasure Box Toys, Classroom Prizes",https://www.amazon.com/dp/B0GD73T8S9?th=1,1773273600000,400,美国,Party Supplies
1777254378030,亚马逊,B0GCZNZZGW,https://m.media-amazon.com/images/I/41Foq+tRWeL._AC_US200_.jpg,"Bow Cake Toppers 18 PCS Pink Ribbon Bows for Cake with 1 PCS Happy Birthday Cakes Topper Coquette Themed Bow Birthday Decorations for Wedding, Bridal Shower, Baby Shower, Bachelorette",https://www.amazon.com/dp/B0GCZNZZGW?th=1,1773273600000,400,美国,派对用品
1777254378030,亚马逊,B0G5XTY6HM,https://m.media-amazon.com/images/I/61Z3Rtpt9uL._AC_US200_.jpg,"JoyCat 2 Packs Reusable Water Coloring Book for Toddlers 3-5, 28 Pages Alphabet & Number Tracing Magic Water Drawing Book, Mess-Free Preschool Learning Toys, Educational Gift for Boys Girls",https://www.amazon.com/dp/B0G5XTY6HM?th=1,1773273600000,200,美国,艺术
1777254378030,亚马逊,B0GKNCKGGF,https://m.media-amazon.com/images/I/41lAr2IpAcL._AC_US200_.jpg,"Magnetic Chess Game, Magnet Game with String, 20 Full-Size Stones, Adjustable String, Portable Storage Bag, for Kids and Adults, Easy and Fun, 2-4 Players, Ages 6+",https://www.amazon.com/dp/B0GKNCKGGF?th=1,1773273600000,300,美国,新颖性
1777254378030,亚马逊,B0GJCYCD79,https://m.media-amazon.com/images/I/51izoyc3yfL._AC_US200_.jpg,"REGUICORP 80PCS Glass Marbles, 14mm & 16mm Sizes Marbles Bulk, Solid Round Marbles for Board Games, DIY Decorations and Home Furnishings, Party Decorations (5 Color Mix)",https://www.amazon.com/dp/B0GJCYCD79?th=1,1773273600000,600,美国,体育
1777254378030,亚马逊,B0GRZYWDBG,https://m.media-amazon.com/images/I/3156AUGqpfL._AC_US200_.jpg,"Glitter Cute Duck Squishy Sugar Stress Ball,Soft Duck Stress Relief Sugar Ball Squishy Ultra Squishy and Moldable Slow Rise Relaxing Sensory Fidget Stress for Anxiety Relief (Pink)",https://www.amazon.com/dp/B0GRZYWDBG?th=1,1773273600000,700,美国,Novelty & Gag Toys
1777254379950,亚马逊,B0GG2K8K92,https://m.media-amazon.com/images/I/5175xa3yFqL._AC_US200_.jpg,"Lehoo Castle Unicorn Sensory Table with Sand, Indoor Outdoor Sand Table with Lid for Toddlers Kids, Upgraded Adjustable Legs, Red & Blue Play Sand Art Kit, Preschool Learning Activities Gifts",https://www.amazon.com/dp/B0GG2K8K92?th=1,1773273600000,400,美国,艺术
1777254379950,亚马逊,B0GG2FDJZJ,https://m.media-amazon.com/images/I/5106lEQ00LL._AC_US200_.jpg,"Lehoo Castle Dinosaur Sensory Table with Sand, Sand Table with Lid & 16 Dinosaurs, Adjustable Legs, Indoor Outdoor Play, Role Play Beach Toy, Birthday Gift for Boys Girls",https://www.amazon.com/dp/B0GG2FDJZJ?th=1,1773273600000,200,美国,艺术
1777254379950,亚马逊,B0GRRLHZVL,https://m.media-amazon.com/images/I/51Wm6fYfPYL._AC_US200_.jpg,"Dumpling Squishy Mystery Box, Slow Rising Glitter Squishy Dumpling Toy, Anxiety Relief Fidget, Easter Basket Stuffers Party Favors (Red)",https://www.amazon.com/dp/B0GRRLHZVL?th=1,1773273600000,200,美国,Novelty & Gag Toys
1777254379950,亚马逊,B0GRR5CDYS,https://m.media-amazon.com/images/I/51QjuPUAAUL._AC_US200_.jpg,"Dumpling Squishy Mystery Box, Slow Rising Glitter Squishy Dumpling Toy, Anxiety Relief Fidget, Easter Basket Stuffers Party Favors (Blue)",https://www.amazon.com/dp/B0GRR5CDYS?th=1,1773273600000,800,美国,Novelty & Gag Toys
1777254379950,亚马逊,B0GLFGF86Z,https://m.media-amazon.com/images/I/41XGHBrhmkL._AC_US200_.jpg,"2026 Water Table Pump with Huge Water Output, Upgraded Octopus Water Pump for Water Table, 3H Non-Stop Fun for Step 2, Rechargeable Water Table Accessories for Kids Toddlers Summer Outdoor Water Toys",https://www.amazon.com/dp/B0GLFGF86Z?th=1,1773273600000,500,美国,运动与户外游戏
1777254379950,亚马逊,B0GK8J1D4P,https://m.media-amazon.com/images/I/515uc5kMeIL._AC_US200_.jpg,"24 Pack Mini Puzzle Cubes Party Favors for Kids, 3x3 Mini Magic Cube Puzzle Prize Set for Kids School Rewards, 1.18inch Bulk Small Toys for Party, Birthday, Christmas Stocking",https://www.amazon.com/dp/B0GK8J1D4P?th=1,1773273600000,300,美国,拼图
1777254379950,亚马逊,B0GHRMP48K,https://m.media-amazon.com/images/I/51tWZtz2IEL._AC_US200_.jpg,"Jesus Cross Flower Building Set, Religious Cross Collectibles Jesus Catholic Building Toys, Christian Crucifix Floral Decor Display, Easter, Christian, Birthday Gift for Kids, Women & Adults (381 PCS)",https://www.amazon.com/dp/B0GHRMP48K?th=1,1773273600000,200,美国,建筑玩具
1777254379950,亚马逊,B0GH62R7LC,https://m.media-amazon.com/images/I/616PTXbxO-L._AC_US200_.jpg,"Morphique Zoo Series - Animal Eraser Blind Boxes, 4Pcs Blind Boxes, Erasable Puzzle Cute Figures, Desktop Pets for Kids, Classroom Rewards, Back to School Supplies, Party Gifts.",https://www.amazon.com/dp/B0GH62R7LC?th=1,1773273600000,200,美国,艺术
1777254379950,亚马逊,B0GLG39TXQ,https://m.media-amazon.com/images/I/417JZLIV61L._AC_US200_.jpg,Cinco de Mayo Decorations Wooden Centerpieces Happy Cinco de Mayo Party Table Decorations 11.8x5.2 Inch for Mexican Fiesta Party Decorations Taco Bar Table Sign for Home Kitchen Patriotic,https://www.amazon.com/dp/B0GLG39TXQ?th=1,1773273600000,200,美国,派对用品
1777254379950,亚马逊,B0GRQYTC5H,https://m.media-amazon.com/images/I/51P5a3TQpCL._AC_US200_.jpg,"Dumpling Squishy Mystery Box, Slow Rising Glitter Squishy Dumpling Toy, Anxiety Relief Fidget, Easter Basket Stuffers Party Favors (Green)",https://www.amazon.com/dp/B0GRQYTC5H?th=1,1773273600000,400,美国,Novelty & Gag Toys
1777254379950,亚马逊,B0GD5CG8J4,https://m.media-amazon.com/images/I/41zpgWg8k9L._AC_US200_.jpg,"Bunny Microwavable Weighted Stuffed Animals,Heating Pad Animal for Period Cramps&Pain,Lavender Scented Heatable&Coolable Bunny Plushies Toy for Stress Relief,Gifts for Girls Kids Women",https://www.amazon.com/dp/B0GD5CG8J4?th=1,1773273600000,200,美国,填充的动物
1777254379950,亚马逊,B0GJZNT3Q5,https://m.media-amazon.com/images/I/51a5kUQQa+L._AC_US200_.jpg,"Water Sprinkler for Kids, 2-in-1 Crab Sprinkler with 3 Spray Patterns & 4 Bean Bags for Toss Game, Attaches to Garden Hose, Summer Backyard Lawn Outdoor Water Toy for Boys & Girls Ages 3–8",https://www.amazon.com/dp/B0GJZNT3Q5?th=1,1773273600000,200,美国,体育
1777254379950,亚马逊,B0GGJ1SDVW,https://m.media-amazon.com/images/I/41gTo9GrdnL._AC_US200_.jpg,"Super Electric Water Gun, Powerful 425CC High Capacity Automatic Squirt Guns Up to 32 FT Range for Swimming Pool Party Beach Outdoor Activity",https://www.amazon.com/dp/B0GGJ1SDVW?th=1,1773273600000,200,美国,体育
1777254379950,亚马逊,B0GK1H32CX,https://m.media-amazon.com/images/I/51Gc03+OzDL._AC_US200_.jpg,"Cactus Bubble Machine, Automatic Bubble Blower with Music & Wiggle Action, Portable Handheld Bubble Maker with Lights, Birthday Gifts for Toddlers, Party Favors Toys, Easter Basket Stuffers for Kids",https://www.amazon.com/dp/B0GK1H32CX?th=1,1773273600000,900,美国,体育
1777254379950,亚马逊,B0GQ411T31,https://m.media-amazon.com/images/I/51BMdXWJZqL._AC_US200_.jpg,"Rechargeable 2-in-1 Separable Magnetic Sound Effects Machine,16 Hilarious Sounds,Volume Adjustment,Prank Gifts Toys for Boys Girls,Stocking Stuffer for 6 7 8 9 10 11 12 13 Year Old Boys Toys Gifts",https://www.amazon.com/dp/B0GQ411T31?th=1,1773273600000,300,美国,新颖性
1777254379950,亚马逊,B0GR98B1J5,https://m.media-amazon.com/images/I/31kckmxVxgL._AC_US200_.jpg,"Peach Squishies Slow Rising Stress Relief Toy, Realistic Peach Shaped Fruit Squeezable Balls, Big Squeezable Peaches,Soft Flexible Fidget Toys Decompression Gift for Adults",https://www.amazon.com/dp/B0GR98B1J5?th=1,1773273600000,200,美国,Novelty & Gag Toys
1777254379950,亚马逊,B0GL1QT8TV,https://m.media-amazon.com/images/I/41s+ZkKt5YL._AC_US200_.jpg,"6 Pcs Reusable Water Balloons, Pool Beach Water Toys for Kids, Refillable Water Balloons, Non-magnetic, Quick Fill, Self-seal, Soft Silicone Water Ballons - Outdoor Summer Toys for Kids Ages 3-12",https://www.amazon.com/dp/B0GL1QT8TV?th=1,1773273600000,200,美国,体育
1777254379950,亚马逊,B0GS3ZYK12,https://m.media-amazon.com/images/I/81nWP5YwfZL._AC_US200_.jpg,"Taboom Bulk Easter Plastic Eggs 260 Count 2.3 Inch Empty Colored & Gold Fillable Egg with Strong Snap-Tight Seal For Easter Egg Hunts, Party Favors, Fillers & Basket Stuffers",https://www.amazon.com/dp/B0GS3ZYK12?th=1,1773273600000,500,美国,派对用品
1777254379950,亚马逊,B0GR4X1RRY,https://m.media-amazon.com/images/I/31q0AIibkcL._AC_US200_.jpg,"Yellow Cheese Squeeze Toy,Stress Balls for Adults ,Soft Novelty , Rebounding Sensory, Theme Cheese Cubes Squishy ,Suitable for All Ages 1.97 inches (Small)",https://www.amazon.com/dp/B0GR4X1RRY?th=1,1773273600000,1000,美国,Novelty & Gag Toys
1777254379950,亚马逊,B0GS8LK7Z6,https://m.media-amazon.com/images/I/31X-4blD+sL._AC_US200_.jpg,YOXIER Stress Relief Toys Squeeze Butter Toy Set Slow Rising Soft Fidget Toys for Stress Relief Anxiety Sensory Gifts for Adults Kids (2pc),https://www.amazon.com/dp/B0GS8LK7Z6?th=1,1773273600000,200,美国,Novelty & Gag Toys
1777254379950,亚马逊,B0GF7VYP35,https://m.media-amazon.com/images/I/51YNVSYQ7rL._AC_US200_.jpg,"Remote Control Boat for Kids, RC Boat for Pool, Lake, River and Pond with LED Lights, Self-Righting, Waterproof, Fast Speed Racing Electric Boats 2 Speed Modes 60mins Rechargeable Batteries",https://www.amazon.com/dp/B0GF7VYP35?th=1,1773273600000,1000,美国,遥控
1777254379950,亚马逊,B0GR3VJ8SJ,https://m.media-amazon.com/images/I/41x39-eEeXL._AC_US200_.jpg,"Glitter Dumpling Squishies, 2026 Upgrade Dumpling Squishies Mystery Box, Colorful Dumplings Stress Balls Fidget Sensory Toy, Stocking Stuffers with Food Steamer Stretchy Desk Toys (Glitter Blue)",https://www.amazon.com/dp/B0GR3VJ8SJ?th=1,1773273600000,200,美国,Novelty & Gag Toys
1777254379950,亚马逊,B0GS8ZVZQH,https://m.media-amazon.com/images/I/413xQONWDdL._AC_US200_.jpg,"2026 FPV Drone with 1080P Dual HD Cameras Upgraded Version RC Quadcopter for Adults, Beginner WiFi RC Drone Live Video 2",https://www.amazon.com/dp/B0GS8ZVZQH?th=1,1773273600000,200,美国,遥控
1777254379950,亚马逊,B0GR4C513X,https://m.media-amazon.com/images/I/41nDMSkHfHL._AC_US200_.jpg,"Aries Cake Topper – Zodiac Birthday Decoration for Aries Season, Horoscope Party Supplies for Baby or Adult Birthday (Aries baby golden)",https://www.amazon.com/dp/B0GR4C513X?th=1,1773273600000,200,美国,派对用品
1777254379950,亚马逊,B0G1M7XGQD,https://m.media-amazon.com/images/I/718c9XO+xFL._AC_US200_.jpg,"Aries Cake Topper – Zodiac Birthday Decoration for Aries Season, Horoscope Party Supplies for Baby or Adult Birthday (Aries Baby black)",https://www.amazon.com/dp/B0G1M7XGQD?th=1,1773273600000,200,美国,派对用品
1777254379950,亚马逊,B0GQ3DGFVQ,https://m.media-amazon.com/images/I/817FpAnkO3L._AC_US200_.jpg,"50pcs Cartoon Monster Poke Ball Anime Stickers Mixed Pack,Anime Sticker for Teens Waterproof Stickers for Water Bottle Laptop Luggage Helmet Skateboard Guitar (Ball)",https://www.amazon.com/dp/B0GQ3DGFVQ?th=1,1773273600000,200,美国,艺术
1777254379950,亚马逊,B0GQ2FZ4JM,https://m.media-amazon.com/images/I/51Fi1KvT+GL._AC_US200_.jpg,"CypherX Easter Good Behavior Tokens – 25 Coins of Goodness & 5 Customizable Blank Tokens | Teach Christian Values & Good Manners | ""He is Risen"" Cross Design | Perfect for Easter & Family Activities",https://www.amazon.com/dp/B0GQ2FZ4JM?th=1,1773273600000,200,美国,游戏
1777254379950,亚马逊,B0GLWRBXPS,https://m.media-amazon.com/images/I/71H-+gGHA2L._AC_US200_.jpg,"Wall Hanging Decorations Easter Egg Garland - 8pcs Rainbow Easter Streamers Banner Inside Indoor Party Decoration Favors, Spring Home Classroom Office Ceiling Decor Panduola",https://www.amazon.com/dp/B0GLWRBXPS?th=1,1773273600000,200,美国,Party Supplies
1777254379950,亚马逊,B0GJZXKLG8,https://m.media-amazon.com/images/I/515-2qRMeAL._AC_US200_.jpg,"Water Table for Toddlers 1-3，Water Table with Pump，Role Play Sensory Toys，Toy Kitchen Sets for Kids Ages 4-8, Play Sink with Running Water & Electric Faucet，Outdoor Toys for Toddlers 1-3(Pink)",https://www.amazon.com/dp/B0GJZXKLG8?th=1,1773273600000,200,美国,运动与户外游戏
1777254379950,亚马逊,B0GK12BNP4,https://m.media-amazon.com/images/I/51txPYAG0eL._AC_US200_.jpg,"Water Table for Toddlers 1-3 with Electric Water Pump, Sand and Water Table for Kids Ages 4-8 Play Sink with Running Water & Electric Faucet, Role Play Sensory Toys",https://www.amazon.com/dp/B0GK12BNP4?th=1,1773273600000,200,美国,运动与户外游戏
1777254379950,亚马逊,B0GLKGBCQK,https://m.media-amazon.com/images/I/41wJRlYuuVL._AC_US200_.jpg,"Hopping Rabbit Plush Bunny Toy,My Realistic Bunny Toy,Vitality Bliss Bunny,Rabbit Plush Interactive Toys,Wiggle Ears Twitch Nose,Electric Rabbit Toys,Birthday Gift for Easter Toddler(Brown)",https://www.amazon.com/dp/B0GLKGBCQK?th=1,1773273600000,300,美国,填充的动物
1777254379950,亚马逊,B0GRFDPYF7,https://m.media-amazon.com/images/I/51ApOioxDwL._AC_US200_.jpg,"Personalized Wedding Cake Charm, Custom Monogram Side Topper - 30 colors to choose from",https://www.amazon.com/dp/B0GRFDPYF7?th=1,1773273600000,200,美国,派对用品
1777254379950,亚马逊,B0GRWHF9YT,https://m.media-amazon.com/images/I/51pt7aHEpwL._AC_US200_.jpg,"Dumpling Squishy, 2PCS Glitter Dumpling Squishy Toys, Squishies Dumplings with Mystery Steamer Box, Stress & Anxiety Relief Toys for Kids & Adults Non-Edible (Glitter White Gold)",https://www.amazon.com/dp/B0GRWHF9YT?th=1,1773273600000,1000,美国,Novelty & Gag Toys
1777254379950,亚马逊,B0GJLGSKZL,https://m.media-amazon.com/images/I/81q4rAgY37L._AC_US200_.jpg,"8 Pack Prefilled Easter Eggs with Princess Dolls, Princess Eggs Fillers Easter Basket Stuffers for Toddler Kids Girls, Party Favors Surprise Essentials Gifts",https://www.amazon.com/dp/B0GJLGSKZL?th=1,1773273600000,500,美国,Party Supplies
1777254379950,亚马逊,B0GR92TV3R,https://m.media-amazon.com/images/I/41EMZGDD5bL._AC_US200_.jpg,"2026 New Shimmering Dumpling Squishies, Dumpling Squishy, Colorful Dumplings Stress Balls Fidget Sensory, Squeeze Dough Ball Stress Relief Hand with Food Steamer Stretchy Desk (White)",https://www.amazon.com/dp/B0GR92TV3R?th=1,1773273600000,300,美国,Novelty & Gag Toys
1777254379950,亚马逊,B0GR95XF1D,https://m.media-amazon.com/images/I/41eVKMUlKvL._AC_US200_.jpg,"2026 New Shimmering Dumpling Squishies, Dumpling Squishy, Colorful Dumplings Stress Balls Fidget Sensory, Squeeze Dough Ball Stress Relief Hand with Food Steamer Stretchy Desk (Golden)",https://www.amazon.com/dp/B0GR95XF1D?th=1,1773273600000,700,美国,Novelty & Gag Toys
1777254379950,亚马逊,B0GRWCXNPV,https://m.media-amazon.com/images/I/41eDHcF-ZpL._AC_US200_.jpg,"ORB Easy Sqweezy Snugglies Jumbo Squishy Panda - Stretch, Squeeze, Snuggle This Big, Fun, Slow Rising and Extra Soft Toy Panda for Stress Relief - Stretchy and Squishy Fidget Toy for Kids and Adults",https://www.amazon.com/dp/B0GRWCXNPV?th=1,1773273600000,200,美国,Novelty & Gag Toys
1777254379950,亚马逊,B0GMKR6JD4,https://m.media-amazon.com/images/I/41ffXSlbhjL._AC_US200_.jpg,"Fathers Day Dad Gift for Dad Husband from Daughter Son Wife, Anniversary Birthday Bridal Shower Wedding Couples Gifts for Men Women, Date Night Food Dice Games, Stocking Stuffers for Men Women Adults",https://www.amazon.com/dp/B0GMKR6JD4?th=1,1773273600000,500,美国,游戏
1777254379950,亚马逊,B0GGBHL69S,https://m.media-amazon.com/images/I/61qU-MF51vL._AC_US200_.jpg,"Video Walkie Talkies for Kids, Kids Walkie Talkies 2 Pack with 3 Voice Changers, Rechargeable Toy for 3-12 Year Old Boys Girls, 1000Ft Video Intercom for Camping Hiking Birthday Gift (Blue-Pink)",https://www.amazon.com/dp/B0GGBHL69S?th=1,1773273600000,200,美国,儿童电子产品
1777254379950,亚马逊,B0G734NWQ4,https://m.media-amazon.com/images/I/819cQq7EEfL._AC_US200_.jpg,"150 Pack 3 Inch Large Easter Eggs Bulk Include 6 Surprise Golden Eggs, Bright Colors Fillable Empty Plastic Easter Egg for Easter Hunt, Easter Basket Fillers, Easter Party Favors",https://www.amazon.com/dp/B0G734NWQ4?th=1,1773187200000,200,美国,Party Supplies
1777254379950,亚马逊,B0GS212KQP,https://m.media-amazon.com/images/I/41PjAdA4hCL._AC_US200_.jpg,"Mystery Dumpling Squishy, Squishy Dumpling Toy, Easter Basket Stuffers, Squeeze Dough Ball Stress Relief Hand Toys with Food Steamer Stretchy Desk Toys (A-Gold)",https://www.amazon.com/dp/B0GS212KQP?th=1,1773187200000,200,美国,Novelty & Gag Toys
1777254379950,亚马逊,B0G66CP7V2,https://m.media-amazon.com/images/I/51uD5diNXkL._AC_US200_.jpg,"42 Pack Prefilled Easter Eggs with Plush Bunnies,Pre Filled Easter Eggs with Stuffed Toys Inside,Easter Basket Stuffers Fillers for Kids Easter Egg Hunt,Classroom Prize Supplies",https://www.amazon.com/dp/B0G66CP7V2?th=1,1773187200000,200,美国,Party Supplies
1777254379950,亚马逊,B0GGBKVCCZ,https://m.media-amazon.com/images/I/61SeqC7+vYL._AC_US200_.jpg,"Peeps Easter Light Up Bunny Toys for Kids – 3 Pack LED Glow Party Favors for Easter Baskets, Classroom Exchange Gifts, Candy-Free Spring Toys & Holiday Giveaways",https://www.amazon.com/dp/B0GGBKVCCZ?th=1,1773187200000,300,美国,Party Supplies
1777254379950,亚马逊,B0GRL16H9H,https://m.media-amazon.com/images/I/51+yRWbu5EL._AC_US200_.jpg,"Toy for Adults, Novelty Gifts",https://www.amazon.com/dp/B0GRL16H9H?th=1,1773187200000,200,美国,Novelty & Gag Toys
1777254379950,亚马逊,B0GJLMLY92,https://m.media-amazon.com/images/I/51FpHCLObjL._AC_US200_.jpg,"US Citizenship Flash Cards 2026, 128 USCIS Civics Test Questions and Answers, Bilingual English and Spanish Study Guide, Tarjetas de Ciudadania 2026, Preguntas para La Ciudadania 2026",https://www.amazon.com/dp/B0GJLMLY92?th=1,1773187200000,600,美国,学习
1777254379950,亚马逊,B0GHSFG5S6,https://m.media-amazon.com/images/I/516hDUQgxBL._AC_US200_.jpg,"2 Pack Inflatable Pool Floats Adult,Plus Size 4-in-1 Multifunctional Pool Hammock Floating Lounge Chairs,Suitable for Vacation,Leisure,Pool Parties",https://www.amazon.com/dp/B0GHSFG5S6?th=1,1773187200000,300,美国,体育
1777254379950,亚马逊,B0GGYSJKFW,https://m.media-amazon.com/images/I/91QMmXP4N6L._AC_US200_.jpg,"100 Pcs Car Theme Cartoon Stickers, Movies Cute Stickers, Can Be Used to Customize Items Like Phones, Tablets, Water Bottles, Guitars, Suitcases, Scooters, and More Into Your own Unique Possessions.",https://www.amazon.com/dp/B0GGYSJKFW?th=1,1773187200000,300,美国,艺术
1777254379950,亚马逊,B0GD1GPC1F,https://m.media-amazon.com/images/I/61RxQUsbtrL._AC_US200_.jpg,Left Right Center dice Game Prime Set Bundle (3 Pack),https://www.amazon.com/dp/B0GD1GPC1F?th=1,1773187200000,200,美国,游戏
1777254379950,亚马逊,B0GS2H468D,https://m.media-amazon.com/images/I/312uRaO8PXL._AC_US200_.jpg,"Small Mini Cheese Squishy - Tiny Soft Rising Food Squeeze Toys, Stress Relief, Sensory Fidget for Adults Yellow Soft Novelty Cute Party Favors (2 Inch)",https://www.amazon.com/dp/B0GS2H468D?th=1,1773187200000,200,美国,Novelty & Gag Toys
1777254379950,亚马逊,B0GH53WWGX,https://m.media-amazon.com/images/I/5126xwUI-fL._AC_US200_.jpg,"YQUQWN 48 Pcs Easter Egg Filler Set, Includes 24 Plastic Easter Eggs 24 Plush Bunny Toys, DIY Perfect for Kids' Easter Basket Stuffers Easter Egg Hunts Easter Party Favors",https://www.amazon.com/dp/B0GH53WWGX?th=1,1773187200000,400,美国,Party Supplies
1777254379950,亚马逊,B0GRVQTN2W,https://m.media-amazon.com/images/I/41YaTr54efL._AC_US200_.jpg,"Glitter Bear Stress Ball – Sugar Bear Squishies, Slow Rise Stress Relief Fidget Toys for Adults, Soft Flexible Sensory Tool with Random Colors, 5.5cm (Random 1 Pack)",https://www.amazon.com/dp/B0GRVQTN2W?th=1,1773187200000,500,美国,Novelty & Gag Toys
1777254379950,亚马逊,B0GJRYJWXP,https://m.media-amazon.com/images/I/81IJuFViSWL._AC_US200_.jpg,"EagleGrove Electric Water Gun with Lights, 2 Batteries, 350CC, 26-29FT & Recoil Effects, Automatic Water Guns Blaster Squirt Gun, Water Toys for Swimming Pool Party Beach Outdoor Play",https://www.amazon.com/dp/B0GJRYJWXP?th=1,1773187200000,400,美国,体育
1777254379950,亚马逊,B0GGYZNTQ9,https://m.media-amazon.com/images/I/515F6ZmVwzL._AC_US200_.jpg,"FURWEY 17.6lbs Play Sand,Natural Brown Sensory Sand,Suitable for Children to Shaping, Squeezing and Molding（Without Molds）",https://www.amazon.com/dp/B0GGYZNTQ9?th=1,1773187200000,400,美国,艺术
1777254379950,亚马逊,B0FSC53K28,https://m.media-amazon.com/images/I/51HQM5Vgh+L._AC_US200_.jpg,"12 Pack Prefilled Easter Eggs with Toys Inside, Easter Eggs Filled Pull Back Racing Cars for Kids Easter Basket Stuffers, Easter Party Favors Supplies",https://www.amazon.com/dp/B0FSC53K28?th=1,1773187200000,300,美国,Party Supplies
1777254379950,亚马逊,B0GG4DDK27,https://m.media-amazon.com/images/I/51RwNZt3CtL._AC_US200_.jpg,"Bubble Gun Toys for Kids 4-8: Automatic Bubble Blaster with 2 Bottles Refill Solution - Bubble Gun for Toddlers 1-3, Summer Outdoor Toys for Easter Birthday Wedding Party Gift (Pink, Purple)",https://www.amazon.com/dp/B0GG4DDK27?th=1,1773187200000,400,美国,体育
1777254379950,亚马逊,B0GR5MB2DS,https://m.media-amazon.com/images/I/31wVw+wGsDL._AC_US200_.jpg,"2Pack Cheese Squishy Toy - Super Soft Stretchy Stress Ball, Sensory Fidget Toy for Kids & Adults, Anxiety Relief Desk Decor, Funny Food Theme Easter Gift for Stress Relief",https://www.amazon.com/dp/B0GR5MB2DS?th=1,1773187200000,1000,美国,Novelty & Gag Toys
1777254379950,亚马逊,B0GMBV97QF,https://m.media-amazon.com/images/I/512Cn+HMTPL._AC_US200_.jpg,"Water Guns for Kids, Mini Squirt Guns 140 Shots Per Fill, Summer Water Blaster Pool Beach Toys（2 Pack ）",https://www.amazon.com/dp/B0GMBV97QF?th=1,1773187200000,800,美国,体育
1777254379950,亚马逊,B0GFW4PS6Q,https://m.media-amazon.com/images/I/71pDOGi4NzL._AC_US200_.jpg,Fidget Sensory Sticks for Kids: 4 Pack Thickened & Flexible Silicone Fidget Stick - Fidget Stress Toy for Kids Autism ADHD Calming - Quiet Fidgets for Classroom Focus Prizes - Travel Calm Essentials,https://www.amazon.com/dp/B0GFW4PS6Q?th=1,1773187200000,200,美国,Novelty & Gag Toys
1777254379950,亚马逊,B0GJCH63VS,https://m.media-amazon.com/images/I/51VXoOimFQL._AC_US200_.jpg,"2026 Sand Water Table Toys for Toddlers 1-3 3-5 with Umbrella, 3-Tier Kids Outdoor Water Tables Toy, Auto Electric Pump Sensory Play Water Table for Girls 4-8, Beach Summer Water Toy, Pink&Purple",https://www.amazon.com/dp/B0GJCH63VS?th=1,1773187200000,600,美国,运动与户外游戏
1777254379950,亚马逊,B0GDQLV1HS,https://m.media-amazon.com/images/I/51mqyYFcGFL._AC_US200_.jpg,"Wee Wonders 3-Tier Water Table for Toddlers, Kids Sand Water Table with Adjustable Umbrella, Sand Toys & Fishing Game, Sensory Table Activity Playset for Outdoor Beach, Summer Toys for Girls Boys 3-5",https://www.amazon.com/dp/B0GDQLV1HS?th=1,1773187200000,300,美国,运动与户外游戏
1777254379950,亚马逊,B0G2CHKYTB,https://m.media-amazon.com/images/I/61UWKD5z7cL._AC_US200_.jpg,"Clever Fox Play Busy Book for Toddlers 1-3 Year-Old – Baby Busy Board Book – Montessori Felt Activity Board for Learning Fine Motor Skills, Car Airplane Travel Toy – Birthday Gift for Boys Ages 1+",https://www.amazon.com/dp/B0G2CHKYTB?th=1,1773187200000,300,美国,扮靓
1777254379950,亚马逊,B0GRR2HS6J,https://m.media-amazon.com/images/I/41hYWguUUtL._AC_US200_.jpg,"Dumpling Squishy Mystery Box, Slow Rising Glitter Squishy Dumpling Toy, Anxiety Relief Fidget, Easter Basket Stuffers Party Favors (Pink)",https://www.amazon.com/dp/B0GRR2HS6J?th=1,1773187200000,3000,美国,Novelty & Gag Toys
1777254379950,亚马逊,B0GFVN3VP7,https://m.media-amazon.com/images/I/51t1EqHsHwL._AC_US200_.jpg,"Upgraded Toddler Sand Water Table Toy with Electric Water Pump, Kids Sand Water with Faucet/Play Food Accessories/Fishing Toy, Kitchen Play Sink Toys for Girl Boy Age 3+ (Blue)",https://www.amazon.com/dp/B0GFVN3VP7?th=1,1773187200000,200,美国,运动与户外游戏
1777254379950,亚马逊,B0FYCDWWJK,https://m.media-amazon.com/images/I/61Hi9TnsAdL._AC_US200_.jpg,Gold Fidget Spinner Magic Orb Anxiety Toys Stress Relief Reducer Fidget Hand Spinner Toy Finger Spinners Toy Focus Fidgeting Restless Novelty Gift for Adults Kids,https://www.amazon.com/dp/B0FYCDWWJK?th=1,1773187200000,300,美国,新颖性
1777254379950,亚马逊,B0GGZ1GJCY,https://m.media-amazon.com/images/I/51cA7a+LnxL._AC_US200_.jpg,"Electric Water Guns for Kids Adults, 2 Pack Powerful Automatic Squirt Gun Water Blaster, 26-32 Ft Range, 1800CC Large Capacity, Summer Outdoor Swimming Pool Water Toys, Watergun Gift for Kids & Adults",https://www.amazon.com/dp/B0GGZ1GJCY?th=1,1773187200000,500,美国,体育
1777254379950,亚马逊,B0GKFG7KWP,https://m.media-amazon.com/images/I/51XUWhe+0wL._AC_US200_.jpg,"Drofex 12P Easter 3D Printed Dragon Eggs, Mystery Crystal Dragon Egg for Easter Basket Stuffers, Unique Easter Toys & Decor, Fantasy Tabletop Decor for Kids & Collectors",https://www.amazon.com/dp/B0GKFG7KWP?th=1,1773187200000,900,美国,玩具图
1777254379950,亚马逊,B0GKFD8YPK,https://m.media-amazon.com/images/I/61k0MZ6Q+JL._AC_US200_.jpg,"Drofex 24PCS Easter 3D Printed Dragon Eggs, Prefilled Easter Dragon Egg with Dragon Toy for Basket Stuffers, Goodie Bag Fillers, Classroom Prize Supplies, Unique Easter Basket Essentials for Kids",https://www.amazon.com/dp/B0GKFD8YPK?th=1,1773187200000,700,美国,玩具图
1777254379950,亚马逊,B0G61JGT85,https://m.media-amazon.com/images/I/71YRQ6Gmo0L._AC_US200_.jpg,"xo, Fetti Pop Star Cupcake Toppers and Wrappers - 24 Pc Set | Birthday Party Supplies, Concert Theme, Iridescent Foil, Fandom Decor, Music Party, Purple Holographic",https://www.amazon.com/dp/B0G61JGT85?th=1,1773187200000,200,美国,Party Supplies
1777254379950,亚马逊,B0G4TL2CD2,https://m.media-amazon.com/images/I/816qCf09dXL._AC_US200_.jpg,"Montessori Busy Board for Toddlers – Sensory Busy Book with Buckles, Zippers, Letters, Animals, Toddler Activities – Fine Motor Skills Development Learning for Boys Girls Travel Activity",https://www.amazon.com/dp/B0G4TL2CD2?th=1,1773187200000,200,美国,婴幼儿
1777254379950,亚马逊,B0G5FX9JDV,https://m.media-amazon.com/images/I/51BZXII0yLL._AC_US200_.jpg,"CUTE STONE Kids Gardening Set with Toy Wheelbarrow, Indoor & Outdoor Yard Play, Kids Garden Tools & Toddler Gardening Kit with Gloves, Pots & Watering Can, Educational Garden Toys for Boys & Girls",https://www.amazon.com/dp/B0G5FX9JDV?th=1,1773187200000,300,美国,体育
1777254379950,亚马逊,B0GQ9GVR31,https://m.media-amazon.com/images/I/41tAAoWiaTL._AC_US200_.jpg,"Retro Handheld Games Console, Built-in 400 Video Games,Mini Portable Video Gaming Player with 3.0 Inch IPS Screen, Rechargeable Battery (Yellow)",https://www.amazon.com/dp/B0GQ9GVR31?th=1,1773187200000,200,美国,儿童电子产品
1777254379950,亚马逊,B0G6JMGX5Y,https://m.media-amazon.com/images/I/51MRtxusMjL._AC_US200_.jpg,"2026 Inflatable Pool with Sprinkler,Durable Blow up Pool with Big Backrest, Rectangle Kids Pool Backyard,Children Swimming Pool,Small Inflatable Kiddie Pool,Outdoor Water Pool for Kids-M",https://www.amazon.com/dp/B0G6JMGX5Y?th=1,1773187200000,400,美国,体育
1777254379950,亚马逊,B0GGRZ37VT,https://m.media-amazon.com/images/I/51BeGpEB2LL._AC_US200_.jpg,"4Pcs Electric Water Gun for Kids Adults, Automatic Squirt Gun Pistol with Water Spray Sound and Led Light, Leak-Proof Rechargeable Watergun for Summer Outdoor Pool Beach Toys for Boys (Black+Blue)",https://www.amazon.com/dp/B0GGRZ37VT?th=1,1773187200000,1000,美国,体育
1777254379950,亚马逊,B0GKFKXT9Y,https://m.media-amazon.com/images/I/31gUVhw+raL._AC_US200_.jpg,"Realistic Bunny Toy, Interactive Plush Rabbit Toy, with Lifelike Movements, Hops,Twitches & Wiggles Ears, Easter Gift for Kids (Brown)",https://www.amazon.com/dp/B0GKFKXT9Y?th=1,1773187200000,300,美国,填充的动物
1777254379950,亚马逊,B0GFCT6R66,https://m.media-amazon.com/images/I/51BSgsmyHbL._AC_US200_.jpg,"AIERSA Flower Bubble Stand Machine,Sunflower Bubble Maker with Lights, Tall Adjustable Rechargeable Automatic Bubble Blower for Outdoor Backyard Party",https://www.amazon.com/dp/B0GFCT6R66?th=1,1773187200000,600,美国,体育
1777254379950,亚马逊,B0GFHTSCW6,https://m.media-amazon.com/images/I/614tGSJcdAL._AC_US200_.jpg,"VATOS 59"" Windmill Water Sprinkler Outdoor Yard Toy for Kids, New Upgrades Double-Sided with 6 Blades, 54 Spray Nozzles, 360° Spining Splash Summer Fun Play for Boys, Girls, Pets and Lawn Watering",https://www.amazon.com/dp/B0GFHTSCW6?th=1,1773187200000,500,美国,体育
1777254379950,亚马逊,B0GQH9T5GN,https://m.media-amazon.com/images/I/41U4yDpxagL._AC_US200_.jpg,"Dumpling Squishy Toy, Dumpling Squishy Mystery Box, Colorful Dumplings Stress Balls Fidget Sensory Toy, Squeeze Dough Ball Stress Relief Hand Toys with Food Steamer Stretchy Desk Toys (Blue)",https://www.amazon.com/dp/B0GQH9T5GN?th=1,1773187200000,1000,美国,Novelty & Gag Toys
1777254379950,亚马逊,B0GGH1C2J3,https://m.media-amazon.com/images/I/81CnH1HjN3L._AC_US200_.jpg,Pool Diving Toys for Kids: Airyard 31 PCS Underwater Swim Rings and Diving Game Set Fun Pool Game Backyard Summer Water Toys for Birthday Party Toddlers Kids Teens Adults,https://www.amazon.com/dp/B0GGH1C2J3?th=1,1773187200000,400,美国,体育
1777254379950,亚马逊,B0GFMJBDG5,https://m.media-amazon.com/images/I/51THPv1O6vL._AC_US200_.jpg,"2 Shark Tooth Sifters with 2 Seashell Bags,Sand Sifter Shovel with Extendable Handle for Beach Shell Collecting,Sand Scooper Tool for Shells and Small Beach Finds",https://www.amazon.com/dp/B0GFMJBDG5?th=1,1773187200000,400,美国,运动与户外游戏
1777254379950,亚马逊,B0GL2SRJMG,https://m.media-amazon.com/images/I/61Cgvrg9enL._AC_US200_.jpg,"KissFree 220PCS Easter Egg Fillers, Easter Basket Stuffers for Kids, Assorted Small Toys Party Favors, Easter Egg Hunt Supplies, Classroom Prizes Goodie Bags Stuffers, Easter Treats for Boys Girls",https://www.amazon.com/dp/B0GL2SRJMG?th=1,1773187200000,400,美国,Party Supplies
1777254379950,亚马逊,B0GP1KZXPK,https://m.media-amazon.com/images/I/51gebqGaBPL._AC_US200_.jpg,"10 Inch Red & Blue Kickball Set - (2-Pack) with Pump - Large Playground Balls for Kids, Teens & Adults - Indoor & Outdoor Gym Sports Balls for Kickball, PE, Recess, Four Square & Backyard Games",https://www.amazon.com/dp/B0GP1KZXPK?th=1,1773187200000,300,美国,体育
1777254379950,亚马逊,B0GKPY8LJH,https://m.media-amazon.com/images/I/41AEYmVX3dL._AC_US200_.jpg,"MAMAGIFTREE Have a Dill-ightful Birthday-Funny Happy Birthday Gifts for Women Men, Handmade Crochet Pickle Crown Birthday Gifts Card Decorations for Mom Dad, Wife Sister Best Friend Coworker",https://www.amazon.com/dp/B0GKPY8LJH?th=1,1773187200000,1000,美国,填充的动物
1777254379950,亚马逊,B0GL1Z64DR,https://m.media-amazon.com/images/I/51yIfvnBPSL._AC_US200_.jpg,56 Pcs Easter Mini Resin Figures 56 Style Little Figures to Hide Tiny Small Bunny Chick Basket Carrot Bulk Miniature Figurines for Easter Egg Fillers Party Favors Fairy Garden Dollhouse Table Decor,https://www.amazon.com/dp/B0GL1Z64DR?th=1,1773187200000,700,美国,娃娃
1777254379950,亚马逊,B0GL23XRJH,https://m.media-amazon.com/images/I/51oI6LYjelL._AC_US200_.jpg,56 Pcs Easter Luminous Mini Resin Figurines 56 Style Glow in The Dark Little Small Resin Miniatures to Hide Bulk Bunny Chick Figures for Easter Party Favors Egg Fillers Micro Garden Landscape Decor,https://www.amazon.com/dp/B0GL23XRJH?th=1,1773187200000,400,美国,娃娃
1777254379950,亚马逊,B0GJ8F9KDB,https://m.media-amazon.com/images/I/51VN5U4th-L._AC_US200_.jpg,"Keyboard Fidget Toy, Keyboard Clicker with LED Light, Keyboard Fidget Keychain, Keyboard Button Finger Clicker for Anxiety Relief (Style-2)",https://www.amazon.com/dp/B0GJ8F9KDB?th=1,1773187200000,900,美国,Novelty & Gag Toys
1777254379950,亚马逊,B0GRDN9N8S,https://m.media-amazon.com/images/I/41c22qvQswL._AC_US200_.jpg,"Dumpling Squishy Mystery Box, Super Soft Slow Rising TPR Tear-Resistant Smiley Face Dumpling Toy, Fidget Sensory Toys for Easter Basket Stuffers, Parties, Classroom Prizes Adults Kids（Pink）",https://www.amazon.com/dp/B0GRDN9N8S?th=1,1773187200000,2000,美国,Novelty & Gag Toys
1777254379950,亚马逊,B0GS2RHPBZ,https://m.media-amazon.com/images/I/21U4UgpivyL._AC_US200_.jpg,"Ice Cream Squeeze Squishy,Summer Sensory Stress Relief,Easter Basket Stuffers Party Favors for Anxiety Relief Everyone,Birthday Gift A",https://www.amazon.com/dp/B0GS2RHPBZ?th=1,1773187200000,700,美国,Novelty & Gag Toys
1777254379950,亚马逊,B0GS18FK7R,https://m.media-amazon.com/images/I/51pj9L71BpL._AC_US200_.jpg,"Oilkas Demon Hunters Toys Set, Demon Hunters Dolls Set, 11.8-inch Poseable Dolls with Movable Joints, 60 Stickers Included Suitable for Fans and Kids Game Gift",https://www.amazon.com/dp/B0GS18FK7R?th=1,1773187200000,1000,美国,娃娃
1777254379950,亚马逊,B0GCZLGZKZ,https://m.media-amazon.com/images/I/51YK1l+HhAL._AC_US200_.jpg,"Jelly Sticker Book for Kids 2-4, Waterproof Reusable Sticker Book for Toddlers, Easy to Clean Road Trip Activities, Easter Basket Stuffers & Easter Gifts for Toddlers (Farm)",https://www.amazon.com/dp/B0GCZLGZKZ?th=1,1773187200000,200,美国,艺术
1777254379950,亚马逊,B0GCZSRXDQ,https://m.media-amazon.com/images/I/51n3aaVWDxL._AC_US200_.jpg,"Jelly Sticker Book for Kids 2-4, Waterproof Reusable Sticker Book for Toddlers, Easy to Clean Road Trip Activities, Easter Basket Stuffers & Easter Gifts for Toddlers (Princess)",https://www.amazon.com/dp/B0GCZSRXDQ?th=1,1773187200000,200,美国,艺术
1777254379950,亚马逊,B0GH5NGJ2H,https://m.media-amazon.com/images/I/61K4d9uEEBL._AC_US200_.jpg,"Super Water Gun for Adults Kids - 2300cc Electric Water Blaster High Capacity for Summer Pool Party, Beach & Backyard Toys Long-Range Powerful Automatic Soaker for Boys Girls - Blue",https://www.amazon.com/dp/B0GH5NGJ2H?th=1,1773187200000,200,美国,体育
1777254379950,亚马逊,B0GRMBCBRY,https://m.media-amazon.com/images/I/71bOPGL3zsL._AC_US200_.jpg,Dumpling Squishy Mystery Box Glitter Gluten Free Wrappers with Steamer Stress Relief Toy Crazy Fun Mini Bao Bun Surprise Squishies Generic Cute Sparkly Anxiety Fidget Blind Glittery Swuishy (White),https://www.amazon.com/dp/B0GRMBCBRY?th=1,1773187200000,900,美国,Novelty & Gag Toys
1777254379950,亚马逊,B0FXWTQMQB,https://m.media-amazon.com/images/I/415FRgbPW4L._AC_US200_.jpg,"Wooden Baby Walker, Push Walker with Wheels, Montessori Activity Center Walker for Toddlers 12+ Months, Adjustable Height & Speed Learning Walking Toy for 1 Year Old Boys and Girls (Pink)",https://www.amazon.com/dp/B0FXWTQMQB?th=1,1773187200000,200,美国,婴幼儿
1777254379950,亚马逊,B0G732N9FK,https://m.media-amazon.com/images/I/81dW2MoCsCL._AC_US200_.jpg,"100 PCS 3.1"" Fillable Easter Eggs Bulk with 6 Surprise Golden Eggs, Colorful Plastic Easter Egg Empty for Easter Egg Hunt Party Favors Kids Easter Basket Stuffers Fillers Classroom Prizes for Boy Girl",https://www.amazon.com/dp/B0G732N9FK?th=1,1773187200000,200,美国,Party Supplies
1777254379950,亚马逊,B0G5XC3YLV,https://m.media-amazon.com/images/I/516Rdz0iqSL._AC_US200_.jpg,"Busy Board Montessori Toys for Toddlers 1 2 3 4 Year Old with 13 LED Lights, Sensory Board Toys Educational Learning for Toddlers, Activity Toy Christmas Birthday Gifts for 1+ Year Old Boys and Girls",https://www.amazon.com/dp/B0G5XC3YLV?th=1,1773187200000,500,美国,Baby & Toddler Toys
1777254379950,亚马逊,B0GJD2H1HC,https://m.media-amazon.com/images/I/41kEu46b5OL._AC_US200_.jpg,"Easter Basket Stuffers - Handmade Crochet Bunny for Women Men, Easter Egg Fillers for Friends, Graduation Birthday Gift for College Friend, Positive Appreciation Gifts for Teacher Coworker",https://www.amazon.com/dp/B0GJD2H1HC?th=1,1773187200000,300,美国,新颖性
1777254379950,亚马逊,B0GG69RTY1,https://m.media-amazon.com/images/I/51zNwZR8yuL._AC_US200_.jpg,"Qudoustar 50 Pack 3 Inch Large Easter Eggs Bulk Includes 6 Surprise Golden Eggs, Bright Colors Empty Fillable Plastic Eggs for Easter Hunt, Easter Basket Stuffers and Party Favors",https://www.amazon.com/dp/B0GG69RTY1?th=1,1773187200000,300,美国,Party Supplies
1777254379950,亚马逊,B0GD784S2Y,https://m.media-amazon.com/images/I/51G3RI6wxWL._AC_US200_.jpg,"Pool Party Toys Games Set - Giant Inflatable Tic Tac Toe Float Game, Outdoor Pool Games for Adults Kids Family Pool Toys for 2-10 Players, Fun Swimming Beach Yard Activities with 10 Balls for Ages 6+",https://www.amazon.com/dp/B0GD784S2Y?th=1,1773187200000,300,美国,体育
1777254379950,亚马逊,B0G3PPLSX7,https://m.media-amazon.com/images/I/41di1olwtTL._AC_US200_.jpg,"Magnetic Sensory Fidget Balls (8PCS), Weighted Magnet Balls Fidget Toys for Teens Adult ADHD Autism Anxiety, Quiet Stress Relief Office Desk Gadgets, Hand Therapy Sensory Toy Items Gift (Green)",https://www.amazon.com/dp/B0G3PPLSX7?th=1,1773187200000,200,美国,Novelty & Gag Toys
1777254379950,亚马逊,B0G1M38VQ9,https://m.media-amazon.com/images/I/51TE0Ck2FWL._AC_US200_.jpg,"FindUWill Inflatable Pool Floats Adult, 2 Pack Pool Float Chair Heavy Duty Floating Lounge Chairs, Pool Floaties for Summer Party, Blow up Rafts for Pool Beach Lake",https://www.amazon.com/dp/B0G1M38VQ9?th=1,1773187200000,300,美国,体育
1777254382010,亚马逊,B0GHY674TT,https://m.media-amazon.com/images/I/414VLRGkz8L._AC_US200_.jpg,"Video Walkie Talkies for Kids, 2 Pack with HD Camera, Long Range Two Way Radio with 4 Voice Effects, Christmas Birthday Gifts for Boys and Girls 3 4 5 6 7 8 9 Year Olds",https://www.amazon.com/dp/B0GHY674TT?th=1,1773187200000,1000,美国,儿童电子产品
1777254382010,亚马逊,B0GJ5NQNPC,https://m.media-amazon.com/images/I/51Lx1HBE9NL._AC_US200_.jpg,"RC Plane for Kids Adults, Foam Remote Control Airplanes Fighter Jet Drone with 2 Batteries, 360° Flip, LED Light, Stunt Roll, Altitude Hold, Easy to Fly for Beginners, Toy Gift for Boys Girls 8-16+",https://www.amazon.com/dp/B0GJ5NQNPC?th=1,1773187200000,400,美国,遥控
1777254382010,亚马逊,B0GKSGR9LF,https://m.media-amazon.com/images/I/41sJSKycq-L._AC_US200_.jpg,Automatic Bubble Machine for Toddlers 1-3: Bunny Bubble Maker Blower for Party Easter Basket Stuffer Birthday Gifts - Kids Outdoor Toys for 3 4 5 6 Year Old Boy Girl Pink,https://www.amazon.com/dp/B0GKSGR9LF?th=1,1773187200000,400,美国,体育
1777254382010,亚马逊,B0GJSCWGT7,https://m.media-amazon.com/images/I/51+eDb5vMuL._AC_US200_.jpg,"24 Pack 12 Inch Easy Inflate Leak Proof Beach Balls Bulk, Vibrant Summer Toys for Kids,Classroom, Pool Party Favors Decorations, Sturdy Small Beach Balls for Parents Teachers Grandparents",https://www.amazon.com/dp/B0GJSCWGT7?th=1,1773187200000,300,美国,体育
1777254382010,亚马逊,B0GS1SMDBM,https://m.media-amazon.com/images/I/41LaDwN9kYL._AC_US200_.jpg,"Butter Squishy, 2026 New Slow Rebound Cute Taba Squishy, Realistic Butter Stick Soft Squeeze Stress Balls for Stress Relief Anxiety Sensory Gifts for Adults (Yellow)",https://www.amazon.com/dp/B0GS1SMDBM?th=1,1773187200000,200,美国,Novelty & Gag Toys
1777254382010,亚马逊,B0GJ4QHJ6G,https://m.media-amazon.com/images/I/41vROgglhhL._AC_US200_.jpg,"Water Table Pump, 5400mAh Rechargeable Crab Water Pump Toy for Kids age 1-3 with 8Hrs Play time, IP67 Waterproof, 3 Modes Spray 2 Flow Settings Outdoor Water Toys for Water Table, BathTubs, Pool",https://www.amazon.com/dp/B0GJ4QHJ6G?th=1,1773187200000,2000,美国,运动与户外游戏
1777254382010,亚马逊,B0G73BPWQ7,https://m.media-amazon.com/images/I/51ygYy+oq8L._AC_US200_.jpg,"50 PCS 3.1"" Fillable Easter Eggs Bulk with 6 Surprise Golden Eggs, Colorful Plastic Easter Egg Empty for Easter Egg Hunt Party Favors Kids Easter Basket Stuffers Fillers Classroom Prizes for Boys Girl",https://www.amazon.com/dp/B0G73BPWQ7?th=1,1773187200000,200,美国,Party Supplies
1777254382010,亚马逊,B0GHMZY4HW,https://m.media-amazon.com/images/I/61QRcg1EkfL._AC_US200_.jpg,MGparty Pool Toys Games Set - Giant Tic Tac Toe Pool Toy Floating Board with 10 Balls - Summer Inflatable Outdoor Fun Field Day Beach Backyard Toys Floats for Kids Adults Teens (2-10 Players),https://www.amazon.com/dp/B0GHMZY4HW?th=1,1773187200000,300,美国,体育
1777254382010,亚马逊,B0GD64H2XS,https://m.media-amazon.com/images/I/51rebMbwVXL._AC_US200_.jpg,"BenBen Puzzles for Adults 500 Pieces, Dogs on Vacation, Dog Jigsaw Puzzle with Patterns on Back, Funny Animal Puzzle, Challenging Puzzles for Family Game Night, Home Décor",https://www.amazon.com/dp/B0GD64H2XS?th=1,1773187200000,400,美国,拼图
1777254382010,亚马逊,B0GG6BDZBK,https://m.media-amazon.com/images/I/71T1TLe9LHL._AC_US200_.jpg,"Qudoustar 6 Pack 6 Inch Jumbo Golden Easter Eggs, Metallic Giant Plastic Gold Fillable Eggs for Easter Hunt, Easter Basket Stuffers, Party Favors, Classroom Prize Supplies for Kids",https://www.amazon.com/dp/B0GG6BDZBK?th=1,1773100800000,300,美国,Party Supplies
1777254382010,亚马逊,B0G5WVG9TD,https://m.media-amazon.com/images/I/81uCUSq995L._AC_US200_.jpg,"300 PCS 2.4 Inch Plastic Easter Eggs Bulk Include Surprise Golden Eggs, Colorful Fillable Empty Eggs for Easter Basket Stuffers Fillers Easter Hunt Filling Party Favors Classroom Prize Supplies",https://www.amazon.com/dp/B0G5WVG9TD?th=1,1773100800000,400,美国,Party Supplies
1777254382010,亚马逊,B0G4ZL2N3F,https://m.media-amazon.com/images/I/51EO8t6AMFL._AC_US200_.jpg,"Mobiusea Creation Christian Easter Stickers – 135 Happy Easter Stickers with Gold Foil Cross Stickers, Purple Floral Easter Envelope Seals, He is Risen Religious Labels",https://www.amazon.com/dp/B0G4ZL2N3F?th=1,1773100800000,200,美国,艺术
1777254382010,亚马逊,B0G1BMTFDM,https://m.media-amazon.com/images/I/41Ysg9YBNaL._AC_US200_.jpg,"Premium MEGA Cube – Extra Large Ultra-Firm Gel Squishy Fidget Toy | Stress Balls for Adults with Non-Sticky, Odor-Free Shell & Reinforced Dual Leak-Proof Seals for Heavy-Duty Use | 1-Pack Pink",https://www.amazon.com/dp/B0G1BMTFDM?th=1,1773100800000,400,美国,Novelty & Gag Toys
1777254382010,亚马逊,B0G446J5NJ,https://m.media-amazon.com/images/I/51Au49SR+BL._AC_US200_.jpg,"16 PCS Jumbo Gold Plastic Easter Eggs, 6 Inch Giant Metallic Golden Easter Eggs Fillable Large Empty Egg for Easter Hunt Basket Stuffers Fillers Filling Treats Classroom Prize Supplies",https://www.amazon.com/dp/B0G446J5NJ?th=1,1773100800000,200,美国,Party Supplies
1777254382010,亚马逊,B0G6JFKL1K,https://m.media-amazon.com/images/I/9183V66eFdL._AC_US200_.jpg,"Adisher [ 6 Surprise Golden Eggs ] 120Pcs Prefilled Easter Egg with Assorted Toys, Plastic Easter Eggs Fillers for Kids, Basket Stuffers,Egg Hunt Party Favors Classroom Prizes Supplies for Boys Girls",https://www.amazon.com/dp/B0G6JFKL1K?th=1,1773100800000,300,美国,Party Supplies
1777254382010,亚马逊,B0GN57Z362,https://m.media-amazon.com/images/I/71Z+gvuntuL._AC_US200_.jpg,"10 Inch Tiger Plush, New Year Ornament for Home Store Tabletop Decor",https://www.amazon.com/dp/B0GN57Z362?th=1,1773100800000,200,美国,填充的动物
1777254382010,亚马逊,B0GG62M7HP,https://m.media-amazon.com/images/I/41-pJcpPIIL._AC_US200_.jpg,"Qudoustar 12 Pack 6 Inch Jumbo Easter Eggs, Colorful Giant Plastic Fillable Eggs Bulk, for Easter Hunt Basket Stuffers Party Favors Classroom Prize Supplies Kids Boys Girls",https://www.amazon.com/dp/B0GG62M7HP?th=1,1773100800000,200,美国,Party Supplies
1777254382010,亚马逊,B0GRZSYC9D,https://m.media-amazon.com/images/I/41xDhvi60QL._AC_US200_.jpg,"WWE Randy Orton Main Event Series Champions 2026 Action Figure with World Heavyweight Championship Title Belt, 6-inches",https://www.amazon.com/dp/B0GRZSYC9D?th=1,1773100800000,200,美国,玩具图
1777254382010,亚马逊,B0GJK81MFY,https://m.media-amazon.com/images/I/51Ec9AhaZbL._AC_US200_.jpg,Yquqwn 24 Pcs Easter Fidget Spinners Pre-filled Easter Eggs Set Novelty Spinning Tops for Egg Hunt Stuffers and Basket Fillers Party Favors for Holiday Classroom Prizes,https://www.amazon.com/dp/B0GJK81MFY?th=1,1773100800000,400,美国,Party Supplies
1777254382010,亚马逊,B0GRVQTN2D,https://m.media-amazon.com/images/I/41sibVmO4HL._AC_US200_.jpg,"Glitter Bear Stress Ball – Sugar Bear Squishies, Slow Rise Stress Relief Fidget Toys for Adults, Soft Flexible Sensory Tool with Random Colors, 5.5cm (Random 4 Pack)",https://www.amazon.com/dp/B0GRVQTN2D?th=1,1773100800000,200,美国,Novelty & Gag Toys
1777254382010,亚马逊,B0GRY6VC43,https://m.media-amazon.com/images/I/61hT7Yxra4L._AC_US200_.jpg,"IFNOW Climbing Toys for Toddlers Indoor,7-Piece Foam Toddler Climbing Blocks Set, Colourful Soft Play Climbing,Play Gym Climber Structures for Toddler,Climb and Crawl Play Set with Widended Velcro",https://www.amazon.com/dp/B0GRY6VC43?th=1,1773100800000,300,美国,婴幼儿
1777254382010,亚马逊,B0FSDWP1P9,https://m.media-amazon.com/images/I/61RqMxAo9SL._AC_US200_.jpg,24 Pcs - Kitty Birthday Decorations | Cute Pink Party Supplies Balloons Banner | Colorful Party Decor for Girls and Toddlers,https://www.amazon.com/dp/B0FSDWP1P9?th=1,1773100800000,400,美国,派对用品
1777254382010,亚马逊,B0GG8RJM2S,https://m.media-amazon.com/images/I/71iaU4aeJFL._AC_US200_.jpg,"Light-Up Straw Cups for Kids (3 Pack) – LED Reusable Party Cups with Built-In Lights, BPA-Free Drinkware with Reusable Straws, Cute Easter Bunny, Chick & Spring Garden Designs",https://www.amazon.com/dp/B0GG8RJM2S?th=1,1773100800000,200,美国,派对用品
1777254382010,亚马逊,B0GG5JLNDK,"https://m.media-amazon.com/images/I/41boX8zaWkL._AC_SR200,200_.jpg","Light Up Headbands for Kids – LED Glowing Party Headbands, Costume Accessories for Holidays & Parties",https://www.amazon.com/dp/B0GG5JLNDK?th=1,1773100800000,300,美国,扮靓
1777254382010,亚马逊,B0GJ2PZD4W,https://m.media-amazon.com/images/I/31guwTEWoEL._AC_US200_.jpg,"MAGMEN Magnetic Bunny Fidget Toy 6 Pack – Collectible Poseable Figures with Premium Metal Tin | Sensory Travel STEM Toy for Kids Ages 4-8 | Gift for Boys Girls, Party Favors.",https://www.amazon.com/dp/B0GJ2PZD4W?th=1,1773100800000,300,美国,新颖性
1777254382010,亚马逊,B0GGDVXPZ5,https://m.media-amazon.com/images/I/51HvGvMk5FL._AC_US200_.jpg,"100 Pack Prefilled Easter Eggs with Toys Inside,Plastic Eggs Fillers, Easter Basket Stuffers, Party Favors Supplies, Classroom Prizes Bulk Toys, Easter Hunt Gifts",https://www.amazon.com/dp/B0GGDVXPZ5?th=1,1773100800000,600,美国,Party Supplies
1777254382010,亚马逊,B0GR8DWMKS,https://m.media-amazon.com/images/I/31Fz4HL02iL._AC_US200_.jpg,"Yellow Cheese Squeeze Toy, Soft Rebound Squishy Cheese Cube, Food Theme Fidget Toy for Stress Relief & Relaxation, Portable Sensory Squishy Stress Ball for Adults, 2 Pack",https://www.amazon.com/dp/B0GR8DWMKS?th=1,1773100800000,900,美国,Novelty & Gag Toys
1777254382010,亚马逊,B0GR4WCWDY,https://m.media-amazon.com/images/I/41JmAv0VKJL._AC_US200_.jpg,"Yellow Cheese Squishy Slow Rising , Soft Sensory Stress Relief Toy for Adults, Palm-Sized Novelty Food Theme Squeeze Block, Rebounding Fidget Toy for Relaxation, Party Favor Gift （2PCS",https://www.amazon.com/dp/B0GR4WCWDY?th=1,1773100800000,1000,美国,Novelty & Gag Toys
1777254382010,亚马逊,B0G6KV5XZP,https://m.media-amazon.com/images/I/61v4cIOyNHL._AC_US200_.jpg,"Space Party Favors, Birthday & Party Decorations - 254 PCS Outer Space Goodie Bag Stuffers Fillers for Kids with Astronaut Toys, Stickers, Stress Balls, Masks and Necklaces",https://www.amazon.com/dp/B0G6KV5XZP?th=1,1773100800000,200,美国,Party Supplies
1777254382010,亚马逊,B0GHR63TVC,https://m.media-amazon.com/images/I/513ux94yxxL._AC_US200_.jpg,"2026 Upgraded Water Table for Toddlers 3-5 4-8, 3-Tier Outdoor Water Tables with Umbrella, Kids Activity Play Table with Auto Electric Pump Summer Toys, Backyard Beach Water Toys for Boys Girls 3+",https://www.amazon.com/dp/B0GHR63TVC?th=1,1773100800000,200,美国,运动与户外游戏
1777254382010,亚马逊,B0GQ9KR8PP,https://m.media-amazon.com/images/I/31BMsLuMkAL._AC_US200_.jpg,"2PCS Dumpling Squishy, Glitter Dumpling Toy, Mystery Dumplings Squishy, Cute Anxiety Relief Fidget Toy, Soft Squeeze Decompression Dough for Adults & Teens",https://www.amazon.com/dp/B0GQ9KR8PP?th=1,1773100800000,200,美国,Novelty & Gag Toys
1777254382010,亚马逊,B0GL7QWWZD,https://m.media-amazon.com/images/I/41248gbF7SL._AC_US200_.jpg,"GPS Drone with EIS 4K Camera for Adults Kids, RC Drones with 4.5 inch HD Screen on Controller, Auto Return, 3 Batteries for 90 min Flight Time, 3280 FT Long Control Range Transmission, Circle Fly and Follow Me Mode, Foldable Quadcopter for Beginner Kids Gifts Toy, Under 249g",https://www.amazon.com/dp/B0GL7QWWZD?th=1,1773100800000,200,美国,遥控
1777254382010,亚马逊,B0GGHNVLSN,https://m.media-amazon.com/images/I/81PZELPaqEL._AC_US200_.jpg,"Easter Cupcake Toppers, 24 Pcs Easter Bunny Ear Cupcake Toppers, Glitter Pink Rabbit Ears Cupcake Picks Topper Easter Bunny Rabbit Cake Decorations for Easter Girls Birthday Party Decorations Supplies",https://www.amazon.com/dp/B0GGHNVLSN?th=1,1773100800000,200,美国,Party Supplies
1777254382010,亚马逊,B0GRC3X953,https://m.media-amazon.com/images/I/5103x4STHmL._AC_US200_.jpg,"Dumpling Squishy Toy, Mystery Dumpling Squishy Box, Fidget Sensory Stress Ball for Adults & Teens, Squeeze Stress Relief Toy, Easter Basket Stuffers & Stocking Stuffers (Purple)",https://www.amazon.com/dp/B0GRC3X953?th=1,1773100800000,300,美国,Novelty & Gag Toys
1777254382010,亚马逊,B0GJSHJ647,https://m.media-amazon.com/images/I/81AvQSiS9sL._AC_US200_.jpg,"24Pcs Pixel Miner Themed Stampers, Mine Pixel Craft Party Supplies Gifts, Ideal for Classroom Rewards Prizes Goody Bag Treat Bag Stuffers",https://www.amazon.com/dp/B0GJSHJ647?th=1,1773100800000,400,美国,艺术
1777254382010,亚马逊,B0G7YQ4N1X,https://m.media-amazon.com/images/I/617cxGZolzL._AC_US200_.jpg,"46FT Double Slip and Water Slides for Kids Adults Backyard, Extra Long Lawn Water Slides with 2 Bodyboards, Heavy Duty, Giant Inflatable Water Slip Toys with Crash Pad for Summer Outdoor Party",https://www.amazon.com/dp/B0G7YQ4N1X?th=1,1773100800000,200,美国,体育
1777254382010,亚马逊,B0G5N5T7WD,https://m.media-amazon.com/images/I/51YFZ8Ln2OL._AC_US200_.jpg,"40×6.56FT Heavy Duty Slip and Slide with Sprinkler and 2 Boards, Slip Splash and Slide with 3-Way Water Sprinkler, Giant Lawn Water Slide for Outdoor Backyard Lawn Kids Teens and Adults (Blue & Lemon)",https://www.amazon.com/dp/B0G5N5T7WD?th=1,1773100800000,200,美国,体育
1777254382010,亚马逊,B0GGBZJCDC,https://m.media-amazon.com/images/I/51oOVDcOEQL._AC_US200_.jpg,"3 Pack 500 Pieces Jigsaw Puzzles, Retro 500 Piece Puzzles for Adults, Car Recycled Cardboard Puzzle for Seniors Teens, Interlock Perfectly Letter on Back, Home Decor Birthday Gift, 20.5 x 15 in",https://www.amazon.com/dp/B0GGBZJCDC?th=1,1773100800000,200,美国,拼图
1777254382010,亚马逊,B0GHY8BB7P,https://m.media-amazon.com/images/I/51PsCW9S-LL._AC_US200_.jpg,"Bubble Machine for Kids, Rechargeable Bubble Maker with Remote & RGB Lights, Automatic Rotating Battery Bubble Blower for Birthday Parties, Weddings, Outdoor Activities, Pets",https://www.amazon.com/dp/B0GHY8BB7P?th=1,1773100800000,200,美国,体育
1777254382010,亚马逊,B0GRQXSKLT,https://m.media-amazon.com/images/I/51nW+9PBGEL._AC_US200_.jpg,"Dumpling Squishy Mystery Box, Slow Rising Glitter Squishy Dumpling Toy, Anxiety Relief Fidget, Easter Basket Stuffers Party Favors (Purple)",https://www.amazon.com/dp/B0GRQXSKLT?th=1,1773100800000,800,美国,Novelty & Gag Toys
1777254382010,亚马逊,B0G5N9MYTZ,https://m.media-amazon.com/images/I/516g5IZWiUL._AC_US200_.jpg,"CUTE STONE Kids Gardening Tool Set, Pink Wheelbarrow with Garden Toys with Watering Can, Gloves, Hand Rake, Shovel, Trowel, Outdoor/Indoor Pretend Play Toys for Toddlers Boys Girls Age 3+",https://www.amazon.com/dp/B0G5N9MYTZ?th=1,1773100800000,200,美国,体育
1777254382010,亚马逊,B0GRGVVX9L,https://m.media-amazon.com/images/I/51ksCJOb9eL._AC_US200_.jpg,"New Glitter Dumpling Squishy - Dumpling Squishy Mystery Box, Stress Relief Fidget, Soft Squeeze Decompression Dough (2 Packs)",https://www.amazon.com/dp/B0GRGVVX9L?th=1,1773100800000,400,美国,Novelty & Gag Toys
1777254382010,亚马逊,B0GMMQCJ7N,https://m.media-amazon.com/images/I/51lvOIfFLtL._AC_US200_.jpg,"Water Play Table for Toddlers 1-3, Kids Play Sink with Electric Faucet, Outdoor Water Table with Fishing Game, Summer Baby Water Sensory Toy for Toddlers 1-3 Years (Blue)",https://www.amazon.com/dp/B0GMMQCJ7N?th=1,1773100800000,200,美国,运动与户外游戏
1777254382010,亚马逊,B0GJSJ148F,https://m.media-amazon.com/images/I/41MwqIhWYoL._AC_US200_.jpg,"Oversized Dense Gel Stress Cube (2.55"") - Anxiety Relief Fidget Toy - Larger, Firmer, Slow-Rise - Dual-Reinforced Leak-Proof Design - Premium Sensory Gift for Adults & Teens",https://www.amazon.com/dp/B0GJSJ148F?th=1,1773100800000,500,美国,Novelty & Gag Toys
1777254382010,亚马逊,B0G44C468K,https://m.media-amazon.com/images/I/71ovHy1s2bL._AC_US200_.jpg,"Skirfy Electric Water Gun for Kids Adults,Battery-Powered Squirt Toy with Tank,LED Light,Automatic Water Absorption,Summer Outdoor Beach Play,Pool Garden Fun for Kids Age 8 9 10",https://www.amazon.com/dp/B0G44C468K?th=1,1773100800000,200,美国,体育
1777254382010,亚马逊,B0FR9JCVCV,https://m.media-amazon.com/images/I/51pzDWCtYeL._AC_US200_.jpg,"Lehoo Castle Water Guns 12 Pack, Super Water Blaster Soaker Foam Squirt Guns Bulk Beach Pool Outdoor Toys Summer Party Family Games for Kids Adults",https://www.amazon.com/dp/B0FR9JCVCV?th=1,1773100800000,800,美国,体育
1777254382010,亚马逊,B0GQ4721DY,https://m.media-amazon.com/images/I/41Fh2O3B8hL._AC_US200_.jpg,"Dumpling Squishy, Mystery Squishy Dumpling Box, Soft Squeeze Dough Ball for Stress Relief, Stretchy Bun with Mini Food Steamer Desk Fidget Toy for Adults Office Home (Pink)",https://www.amazon.com/dp/B0GQ4721DY?th=1,1773100800000,500,美国,Novelty & Gag Toys
1777254382010,亚马逊,B0G72HCPKB,https://m.media-amazon.com/images/I/515zb8bRU4L._AC_US200_.jpg,"FLYSNK 200 Pack 3 Inch Large Easter Eggs Bulk Include 6 Surprise Golden Eggs, Bright Colors Fillable Plastic Easter Egg Empty for Easter Hunt, Easter Basket Stuffers Fillers Party Favors",https://www.amazon.com/dp/B0G72HCPKB?th=1,1773100800000,200,美国,Party Supplies
1777254382010,亚马逊,B0GHLWTBSL,https://m.media-amazon.com/images/I/5113jxCyACL._AC_US200_.jpg,"13PCS Easter Gifts Set for Girls Kids,Easter Basket for Girls,Birthday Gifts for Kids Gift Age 3 4 5 6 7 8 9 10 Basket with Stationery Plush Diary with Lock/Water Bottle/Crossbody Bag/Headband",https://www.amazon.com/dp/B0GHLWTBSL?th=1,1773100800000,300,美国,Party Supplies
1777254382010,亚马逊,B0GRBGF8Z3,https://m.media-amazon.com/images/I/41c73nwJ7ML._AC_US200_.jpg,"Glitter Dumpling Squishy Toy – Slow Rising Soft Squeeze Ball, Cute Bao Bun Fidget Toy with Steamer Box, Fun Desk Decor & Mystery Gift for Teens & Adults (Transparent Pink)",https://www.amazon.com/dp/B0GRBGF8Z3?th=1,1773100800000,200,美国,Novelty & Gag Toys
1777254382010,亚马逊,B0GQ6YMZ16,https://m.media-amazon.com/images/I/41vmt-TsQ6L._AC_US200_.jpg,"Dumpling Squishy, Soft Squishy Sensory Fidget Toy, Dumpling Squishy Mystery Box, Cute Novelty Desk Squeeze Ball for Relaxing Play, Ideal for Adults & Teens, Fun Gifts for Stress-Free Moments (Purple)",https://www.amazon.com/dp/B0GQ6YMZ16?th=1,1773100800000,800,美国,Novelty & Gag Toys
1777254382010,亚马逊,B0GKG5KBJG,https://m.media-amazon.com/images/I/51rUYO-HHTL._AC_US200_.jpg,"30 Pcs Bunny Slow Rising Squishy Toys, Squishy Fidget Toys for Kids Boys Girls, Squeeze Toys Suitable for Party Favors, Sock Filling, Birthday Gift, Easter Egg Fillers",https://www.amazon.com/dp/B0GKG5KBJG?th=1,1773100800000,300,美国,Novelty & Gag Toys
1777254382010,亚马逊,B0GR8GXFTC,https://m.media-amazon.com/images/I/81wb9OaIWRL._AC_US200_.jpg,"2-Pack Glitter Dumpling Squishy Set - Colorful Sensory Stress Relief Collections, Random Squishy Gift Box with Sparkly Dumplings for Party Favors & Collectibles (Random-2 PCS)",https://www.amazon.com/dp/B0GR8GXFTC?th=1,1773100800000,400,美国,Novelty & Gag Toys
1777254382010,亚马逊,B0GRTNRJ3H,https://m.media-amazon.com/images/I/51uG9yXirkL._AC_US200_.jpg,"Dumpling Squeeze Toy, Flashing Sensory Ball for Stress Relief, Colorful Easter Basket Filler, Cute Kawaii Style (4 PCS)",https://www.amazon.com/dp/B0GRTNRJ3H?th=1,1773100800000,200,美国,Novelty & Gag Toys
1777254382010,亚马逊,B0G6D2HT65,https://m.media-amazon.com/images/I/41a3dUhzpCL._AC_US200_.jpg,"Patimate Pink and White Balloons Set, 50 pcs 12 inch Pearl Light Pink Confetti White Latex Balloons Kit for Wedding Baby Shower Bridal Shower Pink Birthday Party Decorations",https://www.amazon.com/dp/B0G6D2HT65?th=1,1773100800000,200,美国,派对用品
1777254382010,亚马逊,B0GRTPYBN3,https://m.media-amazon.com/images/I/41ArbVEBezL._AC_US200_.jpg,"Punch Monkey Plush - 23.6 Inch Punch The Monkey Stuffed Animal, Hanging on Bags or Neck Orangutan Plush, Great Gift for Boys Girls Kids Fans",https://www.amazon.com/dp/B0GRTPYBN3?th=1,1773100800000,400,美国,填充的动物
1777254382010,亚马逊,B0GQQRRJJF,https://m.media-amazon.com/images/I/61iwA82sTwL._AC_US200_.jpg,"Giant Dumpling Squishy for Adults, 4/6/10 Inch Jumbo Dumpling Stress Ball, Soft Squeeze Decompression Dough, Anxiety Relief Fidget, Adult Fidget Tool (Purple L: 25cm/10 Inch)",https://www.amazon.com/dp/B0GQQRRJJF?th=1,1773100800000,200,美国,Novelty & Gag Toys
1777254382010,亚马逊,B0GHV24TLX,https://m.media-amazon.com/images/I/510tGiOZb2L._AC_US200_.jpg,"Sensory Silicone Alphabet Magnetic Letters: 26 Uppercase ABC Fridge Magnets for Toddlers & Kids, Preschool Learning Spelling Alphabet Magnets, Easter Basket Stuffers Birthday Gifts for Boys Girls",https://www.amazon.com/dp/B0GHV24TLX?th=1,1773100800000,200,美国,学习
1777254382010,亚马逊,B0GRTXQTPH,https://m.media-amazon.com/images/I/41vCS3Dce-L._AC_US200_.jpg,"Peach Squeezes Balls Sensory Fidget Toy Set Slow Rising Fruit Squishies Office Desk Stress Relief Birthday Gifts Girls Boys Stocking Stuffers Classroom Prize Easter Basket (Mix Peach, 2pcs)",https://www.amazon.com/dp/B0GRTXQTPH?th=1,1773100800000,200,美国,Novelty & Gag Toys
1777254382010,亚马逊,B0GQ5KZK2Z,https://m.media-amazon.com/images/I/41d4fvLbVGL._AC_US200_.jpg,"Yumzo 50 Pack (100 pcs) Plastic Easter Eggs Bulk, 2.3x1.5 Inch Fillable Empty Shells in Pastel Assorted Colors - Secure Snap Closure Toys for Spring egg hunt, Basket Stuffers & Party Favors",https://www.amazon.com/dp/B0GQ5KZK2Z?th=1,1773100800000,300,美国,Party Supplies
1777254382010,亚马逊,B0GQ525GMN,https://m.media-amazon.com/images/I/41q+SurscTL._AC_US200_.jpg,"Yumzo 24 Pack (48 pcs) Plastic Eggs, 2.3x1.5 Inch Fillable Empty Shells in Pastel Assorted Colors - Secure Snap Closure Toys for Spring egg hunt, Basket Stuffers & Party Favors, bulk",https://www.amazon.com/dp/B0GQ525GMN?th=1,1773100800000,900,美国,Party Supplies
1777254382010,亚马逊,B0GQ5CLWBR,https://m.media-amazon.com/images/I/41Jv16TuCGL._AC_US200_.jpg,"Yumzo 100 Pack (200 pcs) Plastic Eggs Bulk, 2.3x1.5 Inch Fillable Empty Shells in Pastel Assorted Colors - Secure Snap Closure Toys for Spring egg hunt, Basket Stuffers & Party Favors",https://www.amazon.com/dp/B0GQ5CLWBR?th=1,1773100800000,300,美国,扮靓
1777254382010,亚马逊,B0GQ5LQVWF,https://m.media-amazon.com/images/I/41Jv16TuCGL._AC_US200_.jpg,"Yumzo 200 Pack (400 pcs) Plastic Eggs Bulk, 2.3x1.5 Inch Fillable Empty Shells in Pastel Assorted Colors - Secure Snap Closure Toys for Spring egg hunt, Basket Stuffers & Party Favors",https://www.amazon.com/dp/B0GQ5LQVWF?th=1,1773100800000,300,美国,Party Supplies
1777254382010,亚马逊,B0GCZWZJ3L,https://m.media-amazon.com/images/I/51ajOi7wGIL._AC_US200_.jpg,"Jasonwell Kiddie Baby Pool with Canopy - Foldable Infant Toddler Kids Pool with Shade Baby Beach Essentials Tent Swimming Wading Pools for Toddlers 1-3 + Kids Dogs Ball Pit Backyard Water Play G, 40""",https://www.amazon.com/dp/B0GCZWZJ3L?th=1,1773100800000,300,美国,体育
1777254382010,亚马逊,B0GQYP9XQQ,https://m.media-amazon.com/images/I/71FFDtHn9oL._AC_US200_.jpg,"4 PCS Giant Glitter Dumpling, Giant Dumpling Squishy, Mega Rainbow Dumplings, Large Stress Relief Sensory Ball, Anxiety Relief Fidget, Soft Squeeze Decompression Dough (4pcs Big)",https://www.amazon.com/dp/B0GQYP9XQQ?th=1,1773100800000,200,美国,Novelty & Gag Toys
1777254382010,亚马逊,B0GCDTFCH5,https://m.media-amazon.com/images/I/510K6OvTgSL._AC_US200_.jpg,"Rechargeable Bubble Machine with RGB Lights: 30,000 Bubbles Storm, Auto 360° Rotation & Remote Control - with Bubble Refill Solution & Power Display for Romantic Weddings, Kids Parties, Outdoor Fun",https://www.amazon.com/dp/B0GCDTFCH5?th=1,1773100800000,2000,美国,体育
1777254382010,亚马逊,B0GCFJXMV3,https://m.media-amazon.com/images/I/51+04mOV2WL._AC_US200_.jpg,"Rechargeable Bubble Machine with Remote Control: 30,000 Bubbles/Min, Type-C, Auto 360° Rotation Bubble Blower with RGB Lights - Creates Magic for Kids Parties, Birthday, Weddings, Outdoor Events",https://www.amazon.com/dp/B0GCFJXMV3?th=1,1773100800000,200,美国,体育
1777254382010,亚马逊,B0GFD6LM3L,https://m.media-amazon.com/images/I/51RV73ghpVL._AC_US200_.jpg,"Blue Red Number Balloon Set Birthday Decor, Include 40 Inch Blue Red Number 5 Balloon, Mushroom Foil Balloon, Square and Star Foil Balloons for Birthday Decoration Supplies (Number 5)",https://www.amazon.com/dp/B0GFD6LM3L?th=1,1773100800000,200,美国,派对用品
1777254382010,亚马逊,B0G6W6FVZG,https://m.media-amazon.com/images/I/5177Z-EjTcL._AC_US200_.jpg,6 PCS Jumbo Gold Easter Eggs 6 Inch Large Golden Metallic Easter Eggs Bulk for Filling Treats Plastic Fillable Jumbo Surprise Eggs Hunt Easter Basket Stuffers Fillers Party Favor for Kids Boys Girls,https://www.amazon.com/dp/B0G6W6FVZG?th=1,1773100800000,300,美国,扮靓
1777254382010,亚马逊,B0GR4MN1FR,https://m.media-amazon.com/images/I/41-TxkmN0HL._AC_US200_.jpg,"Dumpling Squishy Toy 2026 Upgraded White, Dumpling Squishy Mystery Box, Dumplings Stress Balls Fidget Sensory Toy, Soft Squeeze Decompression Dough for Adults(White)",https://www.amazon.com/dp/B0GR4MN1FR?th=1,1773100800000,300,美国,Novelty & Gag Toys
1777254382010,亚马逊,B0GHXL9HY5,https://m.media-amazon.com/images/I/41vKoeP+b4L._AC_US200_.jpg,"Kids Video Walkie Talkies, 2 Pack with Screen, Two Way Radio with 4 Voice Effects, Rechargeable Long Range Toys for Boys Girls Age 3-12, Camping Hiking Birthday Gift",https://www.amazon.com/dp/B0GHXL9HY5?th=1,1773100800000,200,美国,儿童电子产品
1777254382010,亚马逊,B0GR9GXHT8,https://m.media-amazon.com/images/I/41fI7PBnL0L._AC_US200_.jpg,"2026 New Shimmering Dumpling Squishies, Dumpling Squishy, Colorful Dumplings Stress Balls Fidget Sensory, Squeeze Dough Ball Stress Relief Hand with Food Steamer Stretchy Desk (Blue)",https://www.amazon.com/dp/B0GR9GXHT8?th=1,1773100800000,200,美国,Novelty & Gag Toys
1777254382010,亚马逊,B0GR8SN4QQ,https://m.media-amazon.com/images/I/51wJzswi4fL._AC_US200_.jpg,"2026 New Shimmering Dumpling Squishies, Dumpling Squishy, Colorful Dumplings Stress Balls Fidget Sensory, Squeeze Dough Ball Stress Relief Hand with Food Steamer Stretchy Desk (4PCS)",https://www.amazon.com/dp/B0GR8SN4QQ?th=1,1773100800000,3000,美国,Novelty & Gag Toys
1777254382010,亚马逊,B0GS34S5MQ,https://m.media-amazon.com/images/I/51nT2ne7MLL._AC_US200_.jpg,"Dan&Darci Paint & Plant Stoneware Flower Gardening Kit - Gifts for Girls & Boys Ages 6-12 - Kids Arts & Crafts Project Birthday Gift, STEM Activity for Age 6, 7, 8, 9, 10, 11 & 12 Year Old Girl",https://www.amazon.com/dp/B0GS34S5MQ?th=1,1773100800000,900,美国,体育
1777254382010,亚马逊,B0GFVRNQ5K,https://m.media-amazon.com/images/I/51q8JZbQ54L._AC_US200_.jpg,"2 Pack Electric Water Gun for Adults Kids: Light Up Automatic Squirt Guns, 26-32FT Long Range, 800CC Large Capacity, Summer Outdoor Pool Games for Ages 8-12, Beach Backyard Family Party Toys Gift boy",https://www.amazon.com/dp/B0GFVRNQ5K?th=1,1773100800000,700,美国,体育
1777254382010,亚马逊,B0GQKCWGC9,https://m.media-amazon.com/images/I/313VQo-109L._AC_US200_.jpg,"Yellow Cheese Squishy Slow Rising, Squishy Squeeze Cheese Block, Soft Novelty Toy, Stress Balls for Adults Rebounding Sensory Squishys Cheese (2.16in)",https://www.amazon.com/dp/B0GQKCWGC9?th=1,1773100800000,900,美国,Novelty & Gag Toys
1777254382010,亚马逊,B0G9KT18FX,https://m.media-amazon.com/images/I/814qEb7pHDL._AC_US200_.jpg,"DND Mystery Dice Set, 7 Polyhedral RPG Dice + Random Loot Bag Reward, Gift for RPG Player, DM & Dice Goblin,Tabletop Games (1-Pack)",https://www.amazon.com/dp/B0G9KT18FX?th=1,1773100800000,200,美国,游戏和配件
1777254382010,亚马逊,B0GRTL5BPG,https://m.media-amazon.com/images/I/41798ReuJiL._AC_US200_.jpg,"Butter Squishy, 2026 New 5.51x1.57inch Slow Rising Relaxation Tool, Premium Stress Relief Ball for Anxiety Relief, Party Favors & Office Daily Use (2 Pack Beige)",https://www.amazon.com/dp/B0GRTL5BPG?th=1,1773100800000,600,美国,Novelty & Gag Toys
1777254382010,亚马逊,B0G72RTGTN,https://m.media-amazon.com/images/I/51bJIuB20CL._AC_US200_.jpg,"200 Pack Easter Eggs Bulk Include 6 Surprise Golden Eggs, 2.4 Inch Bright Colors Fillable Empty Plastic Easter Egg for Easter Hunt, Easter Basket Fillers, Easter Party Favors",https://www.amazon.com/dp/B0G72RTGTN?th=1,1773014400000,300,美国,Party Supplies
1777254382010,亚马逊,B0G732BNTZ,https://m.media-amazon.com/images/I/81+Q6-LHsZL._AC_US200_.jpg,"100 Pack Easter Eggs Bulk Include 6 Surprise Golden Eggs, 2.4 Inch Bright Colors Fillable Empty Plastic Easter Egg for Easter Hunt, Easter Basket Fillers, Easter Party Favors",https://www.amazon.com/dp/B0G732BNTZ?th=1,1773014400000,300,美国,Party Supplies
1777254382010,亚马逊,B0G29SHCKR,https://m.media-amazon.com/images/I/51cbSl7jsoL._AC_US200_.jpg,Treasure Cove Easter Christian Stickers Religious Sticker Bible Verse Jesus Labels for Easter Sunday School Party Supplies Favors Decorations 24 Sheets,https://www.amazon.com/dp/B0G29SHCKR?th=1,1773014400000,300,美国,艺术
1777254382010,亚马逊,B0GR4ZV3P2,https://m.media-amazon.com/images/I/31lwOp925EL._AC_US200_.jpg,"Yellow Cheese Squeeze Toy, Soft Novelty Toy, Rebounding Sensory, Help for Relax, Stress Squeeze for Adults，use only by Individuals Aged 14 and Above.",https://www.amazon.com/dp/B0GR4ZV3P2?th=1,1773014400000,300,美国,Novelty & Gag Toys
1777254382010,亚马逊,B0DRTLXDWD,https://m.media-amazon.com/images/I/51boKbHxdHL._AC_US200_.jpg,"12 Pcs Pre Filled Easter Eggs with Mini Plush Toys, 2.8"" Upright Shaped Stuffed Animals Keychain in Surprise Plastic Eggs, Ready to Hide Easter Basket Stuffers Party Favors for Kids",https://www.amazon.com/dp/B0DRTLXDWD?th=1,1773014400000,300,美国,Party Supplies
1777254382010,亚马逊,B0DMZKSHNQ,https://m.media-amazon.com/images/I/51NqR-eha0L._AC_US200_.jpg,"Squishy Sensory Squeeze Toys Stress Cube for Boys Girls, Gel Filled Stretchy Ice Cube Sugar Balls for Kids Adults, Slow Rising Stress Balls Fidget Toys Anxiety Relief for Autism, Ideal Gifts, Ages 3+",https://www.amazon.com/dp/B0DMZKSHNQ?th=1,1773014400000,300,美国,Novelty & Gag Toys
1777254382010,亚马逊,B0GL1T6RSL,https://m.media-amazon.com/images/I/71uL3772PBL._AC_US200_.jpg,16PCS Kids Cooking Set with Safe Peeler – Montessori Kitchen Tools for Kids Real Kids Knife Set Child-Safe Plastic Knives Toddler Cooking Set Toy Suitable for Ages 3-10 for Toddler,https://www.amazon.com/dp/B0GL1T6RSL?th=1,1773014400000,300,美国,扮靓
1777254382010,亚马逊,B0GHNX6VPV,https://m.media-amazon.com/images/I/51Vl8Y08JRL._AC_US200_.jpg,"EULRGAUS Beach Toys, 6 PCS Sand Sifter for The Beach, Sand Toys with 2 Collapsible Sand Sifters Sieve, 2 Beach Shovels, 2 Mesh Beach Bags, Shark Tooth Sifter & Shell Collecting for kids Boys and Girls",https://www.amazon.com/dp/B0GHNX6VPV?th=1,1773014400000,300,美国,运动与户外游戏
1777254382010,亚马逊,B0G8W8RP93,https://m.media-amazon.com/images/I/812VPwyc5FL._AC_US200_.jpg,"81""x60"" Inflatable Tanning Pool Lounger Float with Canopy for Adult,Large Blow Up Sunbathing Bed & Water Raft,Butterfly Pool Floatie with Cup/Phone Holder,5 in 1 Floating Lounge for Pool,Lake,Backyard",https://www.amazon.com/dp/B0G8W8RP93?th=1,1773014400000,300,美国,体育
1777254382010,亚马逊,B0GL82GSZV,https://m.media-amazon.com/images/I/51+O8vUfSwL._AC_US200_.jpg,LESONG Sensory Toys Drawing Board for Kids: 3 Pack Reusable Mess-Free Gel Board with Stylus & Scraper - Sensory Toys for Autism ADHD Calming - Quiet Toddler Activities for Classroom Preschool Travel,https://www.amazon.com/dp/B0GL82GSZV?th=1,1773014400000,200,美国,艺术
1777254382010,亚马逊,B0GL8FG1FV,https://m.media-amazon.com/images/I/41pOO9gRNHL._AC_US200_.jpg,"Electric Water Gun for Adults Kids, Automatic Squirt Gun with 33FT Range, Watergun with Flashing Muzzle, Summer Outdoor Water Pistol Pool Beach Party Toys for Boys Girls, Black",https://www.amazon.com/dp/B0GL8FG1FV?th=1,1773014400000,500,美国,体育
1777254382010,亚马逊,B0GCGST24C,https://m.media-amazon.com/images/I/51CyIxmtY4L._AC_US200_.jpg,"Upgraded Toddler Sand Water Table Toy with Electric Water Pump, Kids Sand Water with Faucet/Play Food Accessories/Fishing Toy, Kitchen Play Sink Toys for Girl Boy Age 3+ (Blue)",https://www.amazon.com/dp/B0GCGST24C?th=1,1773014400000,400,美国,运动与户外游戏
1777254382010,亚马逊,B0GFDTL4K2,https://m.media-amazon.com/images/I/512wyjr1jiL._AC_US200_.jpg,"Puzzles for Adults 1000 Pieces - Solar System Jigsaw Puzzles 1000 Pieces, Colorful Planets Outer Space Exploration Puzzle,Impossible Hard Difficult Challenging Universe Puzzle for Family and Friends",https://www.amazon.com/dp/B0GFDTL4K2?th=1,1773014400000,200,美国,拼图
1777254382010,亚马逊,B0G6459RFW,https://m.media-amazon.com/images/I/51qAc41x3lL._AC_US200_.jpg,"2026 RC Bubble Machine, Rechargeable Bubble Maker with 360°Automatic Rotation & 9 LED Light, 30000+ Bubbles Blower Machine Toys Gifts for Kids, Birthday Parties, Wedding, Indoor, Outdoor Activities",https://www.amazon.com/dp/B0G6459RFW?th=1,1773014400000,400,美国,体育
1777254382010,亚马逊,B0GJS538MX,https://m.media-amazon.com/images/I/71XX0xh+UFL._AC_US200_.jpg,"2026 Upgraded Water Table for Toddlers 1-3 3-5 with Electric Water Pump, Toddler Water Play Table|Beach Outdoor Toys, Water Table for Kids Ages 4-8, Summer Gift for Girl Boy 3 4 5 6 7 8, Orange&Green",https://www.amazon.com/dp/B0GJS538MX?th=1,1773014400000,200,美国,扮靓
1777254382010,亚马逊,B0GD59682K,https://m.media-amazon.com/images/I/41nnV9sw19L._AC_US200_.jpg,"Ballerina Doll Stuffed Animals Girl Toys Age 3-8, Bunny Stuffed Animal, Ballet Dress Up Doll, Rabbit Plush Toys, Kids Pretend Play with 4 Set Clothes, Cape, Plush Bag, 3 4 5 6 7 8 Year Old Girl Gifts",https://www.amazon.com/dp/B0GD59682K?th=1,1773014400000,500,美国,填充的动物
1777254382010,亚马逊,B0GLHC64LQ,https://m.media-amazon.com/images/I/51qaOF+44XL._AC_US200_.jpg,"24pcs 3D Printed Dragon Eggs with Articulated Dragon Fidget Toys Inside, Unique Birthday Gift for Kids Teens, Desk Decor Collectibles Surprise Set for Classroom Prize",https://www.amazon.com/dp/B0GLHC64LQ?th=1,1773014400000,300,美国,玩具图
1777254382010,亚马逊,B0FKHNH9R2,https://m.media-amazon.com/images/I/51BcY4GHuxL._AC_US200_.jpg,"ArtCreativity Women Magnetic Drawing Face - 2 Pack - Vintage Retro Toys, Travel Toys for Kids, Magnet Drawing Doodle Board for Kids - Magnetic Toys Game, Travel Essentials Games for Ages 3+",https://www.amazon.com/dp/B0FKHNH9R2?th=1,1773014400000,900,美国,新颖性
1777254382010,亚马逊,B0GQ9MBWQP,https://m.media-amazon.com/images/I/61LDsXxJd9L._AC_US200_.jpg,"Crunchy Noisy Stress Balls, Sand Filled Crunchy Squishy Balls, Ice Skin Sensory Squeeze Balls for Anxiety Relief & Focus-- Portable Desktop Stress Relief Squeeze Toys",https://www.amazon.com/dp/B0GQ9MBWQP?th=1,1773014400000,300,美国,Novelty & Gag Toys
1777254382010,亚马逊,B0GBV74NCY,https://m.media-amazon.com/images/I/51qOt9Kt4tL._AC_US200_.jpg,"Cat Diary with Lock and Key, Gift for 6 7 8 Year Old Girls, Secret Journal with Coin Purse & Stickers, Lined Stationery Set, Birthday Gift for Kids (Tie Dye)",https://www.amazon.com/dp/B0GBV74NCY?th=1,1773014400000,200,美国,学习
1777254382010,亚马逊,B0G2XWH1GR,https://m.media-amazon.com/images/I/51hkSUhD6BL._AC_US200_.jpg,"40×6.56FT Heavy Duty Slip and Slide with Sprinkler and 2 Boards, Slip Splash and Slide with 3-Way Water Sprinkler, Giant Lawn Water Slide for Outdoor Backyard Lawn Kids Teens and Adults (Blue & Red)",https://www.amazon.com/dp/B0G2XWH1GR?th=1,1773014400000,400,美国,体育
1777254382010,亚马逊,B0GL4YZ8WV,https://m.media-amazon.com/images/I/51WQZbb92NL._AC_US200_.jpg,"60PCS Mini Magnetic Tiles Unicorn Toys for Girls Age 4-6, Travel Toys Magnet Tiles Magnetic Blocks, STEM Building Toys for Kids Ages 3 4 5 6 7 8 Birthday Gift for Girls Boys",https://www.amazon.com/dp/B0GL4YZ8WV?th=1,1773014400000,200,美国,建筑玩具
1777254384018,亚马逊,B0GGHDRRCC,https://m.media-amazon.com/images/I/51iuVcPshyL._AC_US200_.jpg,"Water Table Pump, 5400mAh Rechargeable Crab Water Pump for Water Table with 3 Modes Sprinkler, 8 Hours Non-Stop Fun Summer Outdoor Water Toys Outside Water Play Table Accessories for Kids Toddlers",https://www.amazon.com/dp/B0GGHDRRCC?th=1,1773014400000,200,美国,运动与户外游戏
1777254384018,亚马逊,B0G6K4R3PX,https://m.media-amazon.com/images/I/51qTXxfy1lL._AC_US200_.jpg,"FizZeal Kiddie Pool with Canopy, 51in Foldable Toddler Pool,Pop Up Baby Pool with Shade,UPF 50+UV Portable Swimming Pool for Kids,Collapsible Baby Pool for Beach, Outdoor Toddler Pool for Backyard",https://www.amazon.com/dp/B0G6K4R3PX?th=1,1773014400000,500,美国,体育
1777254384018,亚马逊,B0G7328PX8,https://m.media-amazon.com/images/I/51ioknRMLNL._AC_US200_.jpg,"100 Pack Colorful Fillable Easter Eggs with 6 Surprise Golden Eggs, 2.4 Inch Plastic Easter Egg Empty for Easter Hunt Party Favors Easter Basket Stuffers Fillers Classroom Prizes for Kids Boys Girls",https://www.amazon.com/dp/B0G7328PX8?th=1,1773014400000,200,美国,Party Supplies
1777254384018,亚马逊,B0GDF3L6VN,https://m.media-amazon.com/images/I/5100sQEBbML._AC_US200_.jpg,"HeyZoo Heavy Duty Kids Swing Seat with 79"" Adjustable Rope, 330 lbs Capacity Swing Set Accessories Replacement with 2 Carabiners and 2 Extra Hanging Straps, Outdoor Playground Gifts, Green 1 Pack",https://www.amazon.com/dp/B0GDF3L6VN?th=1,1773014400000,500,美国,体育
1777254384018,亚马逊,B0FLQHP8F9,https://m.media-amazon.com/images/I/81Ew0yBECHL._AC_US200_.jpg,"Mercenary Guild II - Essential Heroes - 55 Hero, Player Characters, NPC for DND Miniatures Bulk I 28mm Dungeons Dragons D&D Miniatures I DND Minis D&D Figures I Pathfinder, Daggerheart, Realm Reforged",https://www.amazon.com/dp/B0FLQHP8F9?th=1,1773014400000,200,美国,游戏
1777254384018,亚马逊,B0GH6ZJHGB,https://m.media-amazon.com/images/I/512dsoD0PiL._AC_US200_.jpg,Toddler Learning Toys for 2 3 Year Old-Counting Matching & Sorting Activity Montessori Train Toys with Farm Animals Finger Puppets Birthday Gift for Baby Boys Girls,https://www.amazon.com/dp/B0GH6ZJHGB?th=1,1773014400000,200,美国,Vehicles
1777254384018,亚马逊,B0FSZP4B1V,https://m.media-amazon.com/images/I/51hkBADwVEL._AC_US200_.jpg,"7 Pieces Fake Poo Realistic Fake Turd Prank Lifelike Poo, Fake Dog Poop Joke Toys for Halloween April Fools' Day Prank Party Supplies",https://www.amazon.com/dp/B0FSZP4B1V?th=1,1773014400000,200,美国,新颖性
1777254384018,亚马逊,B0GD796TCY,https://m.media-amazon.com/images/I/51pbSScBRSL._AC_US200_.jpg,"Video Walkie Talkies for Kids 2 Pack Rechargeable Video Intercom with Voice Changer, 1300FT Long Range Radios, Camping Hiking Toys, Birthday Gifts for Boys Girls Ages 3-12 (Pink&Blue)",https://www.amazon.com/dp/B0GD796TCY?th=1,1773014400000,200,美国,儿童电子产品
1777254384018,亚马逊,B0GQ3WHC6H,https://m.media-amazon.com/images/I/41hfBQYQk8L._AC_US200_.jpg,"Lizard Keychain Sound Fidget Toys, Fun Rechargeable Lizard Anxiety Relief Keychain Button Toy with Sound & Colorful Light, Portable Anxiety Relief Toy, Adults Keyboard Clicker(2pcs)",https://www.amazon.com/dp/B0GQ3WHC6H?th=1,1773014400000,400,美国,Novelty & Gag Toys
1777254384018,亚马逊,B0G4VRQFXL,https://m.media-amazon.com/images/I/51ZqLJrE0uL._AC_US200_.jpg,"36 Pcs Golden Easter Eggs, 2.3"" Fillable Shiny Gold Metallic Plastic Empty Easter Eggs for Easter Hunt, Classroom Prize, Basket Stuffers Fillers",https://www.amazon.com/dp/B0G4VRQFXL?th=1,1773014400000,500,美国,Party Supplies
1777254384018,亚马逊,B0G63GJJ38,https://m.media-amazon.com/images/I/51E7ZeBatKL._AC_US200_.jpg,"JoyCat Pocket Paint with Water Coloring Books for Kids, Art & Craft Activity Toy Set, Creative Travel & Home Painting Kit, Gifts for Girls & Boys Ages 3-8 (Ocean Princess)",https://www.amazon.com/dp/B0G63GJJ38?th=1,1773014400000,700,美国,艺术
1777254384018,亚马逊,B0GL325R1K,https://m.media-amazon.com/images/I/419SEELmkcL._AC_US200_.jpg,"Mystic 8 Ball Retro Decision Maker – Classic Magic Fortune Ball Novelty Desk Decor, Glossy Black Retro Design for Office, Home and Fun Gift",https://www.amazon.com/dp/B0GL325R1K?th=1,1773014400000,200,美国,新颖性
1777254384018,亚马逊,B0GRHFFGQG,https://m.media-amazon.com/images/I/711FkRH9LvL._AC_US200_.jpg,"Dumpling Squishy, Glitter Dumpling, Colorful Squishy Dumplings with Box, Soft Squeeze Toy for Stress Relief (White)",https://www.amazon.com/dp/B0GRHFFGQG?th=1,1773014400000,300,美国,Novelty & Gag Toys
1777254384018,亚马逊,B0G72YP3FC,https://m.media-amazon.com/images/I/513c6kgFTlL._AC_US200_.jpg,"200 PCS 2.4"" Colorful Fillable Easter Eggs with 6 Surprise Golden Eggs, Plastic Easter Egg Empty for Easter Egg Hunt Party Favors Kids Easter Basket Stuffers Fillers Classroom Prizes for Boys Girls",https://www.amazon.com/dp/B0G72YP3FC?th=1,1773014400000,200,美国,Party Supplies
1777254384018,亚马逊,B0GRG4FDSV,https://m.media-amazon.com/images/I/417XUvDJIML._SS200_.jpg,"ELEMARA Stroller Wagon, 2 Seat Stroller for 2 Kids, Premium All Terrain Stroller for Kids w/Removable Canopy, Adjustable Push/Pull Handle, Large Storage Bag, Black",https://www.amazon.com/dp/B0GRG4FDSV?th=1,1773014400000,300,美国,三轮车、滑板车
1777254384018,亚马逊,B0GR9NTKRR,https://m.media-amazon.com/images/I/41H9GVdDZwL._AC_US200_.jpg,"Dumpling Squishy Toy, Dumpling Squishy Mystery Box, Easter Basket Stuffers, Squeeze Dough Ball Stress Relief Hand Toys with Food Steamer Stretchy Desk Toys (Glitter Whitegold)",https://www.amazon.com/dp/B0GR9NTKRR?th=1,1773014400000,200,美国,Novelty & Gag Toys
1777254384018,亚马逊,B0GDDSZZB8,https://m.media-amazon.com/images/I/51BiY9HqhfL._AC_US200_.jpg,"Fidget Toys Squishy Stress Cube, Swirl Stress Balls for Kids Adults Squishies Stress Relief, Ice Squishy Cube Sugar Balls, Sensory Toys for Kids with Autism, Fidgets for Classroom Prize Toys",https://www.amazon.com/dp/B0GDDSZZB8?th=1,1773014400000,500,美国,Novelty & Gag Toys
1777254384018,亚马逊,B0GDCWN1VC,https://m.media-amazon.com/images/I/51S8HICPHWL._AC_US200_.jpg,"Swirl Stress Cube Squishy Toys, Super Solid Fidget Squeeze Square for Kids Teens Adults, High Density Malt Sugar Filled, Slow Rising Sensory Toys for Anxiety Stress Relief ADHD",https://www.amazon.com/dp/B0GDCWN1VC?th=1,1773014400000,400,美国,Novelty & Gag Toys
1777254384018,亚马逊,B0GR5NLMXB,https://m.media-amazon.com/images/I/81zfo5Vzd2L._AC_US200_.jpg,"Glitter Dumpling Squishy-Rare Glitter Dumpling Stress Ball, Bun Stress Relief Fidget Low Rising Pink Gold Orange Rainbow Dumplings Toy with Steamer (Glitter Purple )",https://www.amazon.com/dp/B0GR5NLMXB?th=1,1773014400000,200,美国,Novelty & Gag Toys
1777254384018,亚马逊,B0GLFY2XZP,https://m.media-amazon.com/images/I/41PofGHvDjL._AC_US200_.jpg,"Hopping Rabbit Plush Bunny Toy,My Realistic Bunny Toy,Vitality Bliss Bunny,Rabbit Plush Interactive Toys,Wiggle Ears Twitch Nose,Electric Rabbit Toys,Birthday Gift for Easter Toddler (White)",https://www.amazon.com/dp/B0GLFY2XZP?th=1,1773014400000,200,美国,填充的动物
1777254384018,亚马逊,B0GH7JG4GK,https://m.media-amazon.com/images/I/51O1KKHR4gL._AC_US200_.jpg,"40 PCS Unfinished Hanging Wooden Easter Crafts,Wooden Easter Eggs to Paint for Kids Ages 4-8 8-12,8 Styles Hanging Wood Cutouts Easter Ornaments Kids Bulk Party Decorations Decor Supplies Activities",https://www.amazon.com/dp/B0GH7JG4GK?th=1,1772928000000,600,美国,艺术
1777254384018,亚马逊,B0GC9YRP84,https://m.media-amazon.com/images/I/518G6qwMsOL._AC_US200_.jpg,36 Pcs Brain Teaser Puzzles for Adults - Metal Puzzles 3D Puzzle Game Toys for Adults Teens - Wooden Unlock Interlocking Puzzle Adult IQ Education Smart Toys,https://www.amazon.com/dp/B0GC9YRP84?th=1,1772928000000,200,美国,拼图
1777254384018,亚马逊,B0GCBD9D2X,https://m.media-amazon.com/images/I/51F1X42L1cL._AC_US200_.jpg,"16 Pack Easter Eggs Filled with Brain Teaser Puzzles Toys, Easters Basket Stuffers for Kids Teens Adults, Easters Egg Fillers for Kids Boys Girls, Easter Eggs Hunt Game, Classroom Prize Supplies",https://www.amazon.com/dp/B0GCBD9D2X?th=1,1772928000000,200,美国,Party Supplies
1777254384018,亚马逊,B0FKKQ77CY,https://m.media-amazon.com/images/I/71GuGdnWU4L._AC_US200_.jpg,"Little Tikes Story Dream Machine DreamWorks Animation's Gabby's Dollhouse Collection, 3 Stories, Character, Projects Storytime for Kids, Audio Fun Toy, Ages 3+ Years",https://www.amazon.com/dp/B0FKKQ77CY?th=1,1772928000000,800,美国,娃娃
1777254384018,亚马逊,B0FSCMYK6H,https://m.media-amazon.com/images/I/41tCf7HV-2L._AC_US200_.jpg,"12 Pack Prefilled Easter Eggs with Toys Inside, Filled Easter Eggs with Farm Animal for Kids Easter Egg Hunt, Easter Basket Stuffers Fillers, Easter Party Favors Supplies",https://www.amazon.com/dp/B0FSCMYK6H?th=1,1772928000000,200,美国,Party Supplies
1777254384018,亚马逊,B0GJ6QLD8Z,https://m.media-amazon.com/images/I/51enCCu+lfL._AC_US200_.jpg,"Toy Car Race Track Set for Kids Ages 4-8, Stunt Tire-Shaped Case Transforms into Race Course, 6 Cars in 1:64 Scale, 2 Ways to Play, Action Loop Cyclone Challenge & Speed Snap Track",https://www.amazon.com/dp/B0GJ6QLD8Z?th=1,1772928000000,200,美国,车辆
1777254384018,亚马逊,B0GHNMM758,https://m.media-amazon.com/images/I/51Sm9GGMRaL._AC_US200_.jpg,"24 PCS Prefilled Easter Eggs with Cute Bunny Plush Toys Inside, Easter Basket Stuffers and Party Favors for Kids Boys Girls Toddlers, Filled Easter Eggs for Egg Hunt, Filling Treats Easter Gifts",https://www.amazon.com/dp/B0GHNMM758?th=1,1772928000000,500,美国,Party Supplies
1777254384018,亚马逊,B0GP3V8CDC,https://m.media-amazon.com/images/I/51wS7sa1pZL._AC_US200_.jpg,"Stream Machine QF-2000 Water Blaster 2 Pack, Water Gun Squirt Gun Set, Hydrobolic Water Launcher, Shoots Up to 70 Feet, Easy Fill for Pool, Lake, Ocean & Beach, Ages 8+",https://www.amazon.com/dp/B0GP3V8CDC?th=1,1772928000000,200,美国,体育
1777254384018,亚马逊,B0FLQJ1JLZ,https://m.media-amazon.com/images/I/81qrr8HeMeL._AC_US200_.jpg,Horde Reinforcements Set - Monsters & Encounters for DND Miniatures Bulk Set 28mm Unpainted DND Minis for Dungeons Dragons | D&D Minis RPG Tabletop Gaming | Fantasy Figurines TTRPG I Realm Reforged,https://www.amazon.com/dp/B0FLQJ1JLZ?th=1,1772928000000,300,美国,游戏
1777254384018,亚马逊,B0GCD73JDP,https://m.media-amazon.com/images/I/51faYtMuX9L._AC_US200_.jpg,"8PCS Magnetic Tiles Mini Cars Construction Set Compatible with Mini & Major Tiles, Magnet Car Easter Toys for 3+ Year Old Boys Girls Kids,STEM Educational Portable Travel Toys for Airplane,Car Play",https://www.amazon.com/dp/B0GCD73JDP?th=1,1772928000000,200,美国,建筑玩具
1777254384018,亚马逊,B0GKD8X1QK,https://m.media-amazon.com/images/I/81K38rNXlTL._AC_US200_.jpg,"Legend Game Birthday Party Supplies, Party Decorations Set Include Banner, Backdrop, Balloons, Hanging Swirls, Cake Cupcake Toppers, Tablecloth for Boys Girls Legend Game Theme Party",https://www.amazon.com/dp/B0GKD8X1QK?th=1,1772928000000,200,美国,游戏
1777254384018,亚马逊,B0GGBH9KGH,https://m.media-amazon.com/images/I/41ZHAfdCEBL._AC_US200_.jpg,"Electric Water Gun for Kids & Adults, Automatic Water Reload,Lightweight Design Shooting Over 250 Blasts Water Blaster Squirt Guns Up to 32 FT Long Range, Summer Outdoor Beach Party Toys",https://www.amazon.com/dp/B0GGBH9KGH?th=1,1772928000000,200,美国,体育
1777254384018,亚马逊,B0GRNCTF3X,https://m.media-amazon.com/images/I/61WC7XG5UuL._AC_US200_.jpg,Squishy Dumpling Mystery Squishy Dumplings Box Glitter Squeeze Decompression Dough Dumplings Stress Ball Mystery,https://www.amazon.com/dp/B0GRNCTF3X?th=1,1772928000000,200,美国,Novelty & Gag Toys
1777254384018,亚马逊,B0GGRJYCKT,https://m.media-amazon.com/images/I/516L8EXRuKL._AC_US200_.jpg,"6pcs Electric Water Gun for Kids Adults, Auto Squirt Gun with Flashing Muzzle, 26FT Range, Leak-Proof Rechargeable Water Blaster for Summer Pool Beach Water Fights (3 Black+3Blue)",https://www.amazon.com/dp/B0GGRJYCKT?th=1,1772928000000,300,美国,体育
1777254384018,亚马逊,B0GG9VLYLL,https://m.media-amazon.com/images/I/41Jr2XNfZYL._AC_US200_.jpg,"Light Up Squishy Puffer Toys for Kids, 4-Pack Bop-to-Glow Sensory Squishies, Soft Spiky Stress Relief Fidget Toys for Party Favors, Classroom Prizes, Goodie Bags & Basket Stuffers",https://www.amazon.com/dp/B0GG9VLYLL?th=1,1772928000000,700,美国,Novelty & Gag Toys
1777254384018,亚马逊,B0GRD8TY62,https://m.media-amazon.com/images/I/41b39hd7lZL._AC_US200_.jpg,New 2026-Dumpling Squishies & Dumpling Squishy Mystery Box Squishy Dumpling (Pink),https://www.amazon.com/dp/B0GRD8TY62?th=1,1772928000000,400,美国,Novelty & Gag Toys
1777254384018,亚马逊,B0GG9X26NQ,https://m.media-amazon.com/images/I/519VGOvSQCL._AC_US200_.jpg,"Rechargeable Bubble Gun for Kids, Toys for Boys 3-4, 4-6, Bubble Machine for Kids, Outdoor Toys for Kids Age 4-8, Easter, Summer, Wedding, Party Favors, Halloween, Birthday Gifts",https://www.amazon.com/dp/B0GG9X26NQ?th=1,1772928000000,1000,美国,体育
1777254384018,亚马逊,B0GKHC426G,https://m.media-amazon.com/images/I/412Uy9nmdnL._AC_US200_.jpg,"3 Pack Drop to Hatch Dinosaur Eggs,Easter Basket Stuffers,Dinosaur Egg Hatching Toy for Boys Girls Birthday Easter",https://www.amazon.com/dp/B0GKHC426G?th=1,1772928000000,600,美国,玩具图
1777254384018,亚马逊,B0GQMHMR7X,https://m.media-amazon.com/images/I/51mA8A1CGsL._AC_US200_.jpg,"Yellow Cheese Squeeze Toy, Squishies Squeeze Cheese Block, 1.6 Inch Funny Stress Ball Novelty Toy, Cheese Squishies Sensory Toy Stress Balls (1PC)",https://www.amazon.com/dp/B0GQMHMR7X?th=1,1772928000000,200,美国,Novelty & Gag Toys
1777254384018,亚马逊,B0GHY7DJS4,https://m.media-amazon.com/images/I/51kfdlJqQpL._AC_US200_.jpg,"Sweet 16 Party Decorations – 16th Birthday Decorations Backdrop, Banner, Honeycomb Centerpieces, Hanging Swirls, Porch Banner, Balloons, Sash, Pom Poms, Crown",https://www.amazon.com/dp/B0GHY7DJS4?th=1,1772928000000,200,美国,Party Supplies
1777254384018,亚马逊,B0GDDGVJ19,https://m.media-amazon.com/images/I/51kpRUuZRtL._AC_US200_.jpg,"Magnetic Fishing Game Toys for Kids Toddlers 3-5 4-8, Water Table Bathtub Toys with Inflatable Pool Pole Rod Net Floating Fish, Water Bath Pool Outdoor Toys for Boys Girls Age 3 4 5 6 7 8 Year Old",https://www.amazon.com/dp/B0GDDGVJ19?th=1,1772928000000,300,美国,婴幼儿
1777254384018,亚马逊,B0GK349WJ7,https://m.media-amazon.com/images/I/81os4BvpKUL._AC_US200_.jpg,"Asmodee Arkham Horror: The Card Game Chapter Two CORE Set - Cooperative LCG of Mystery & Madness with New Investigators & 3-Scenario Campaign, Ages 14+, 1-4 Players, 90 Min Playtime",https://www.amazon.com/dp/B0GK349WJ7?th=1,1772928000000,600,美国,游戏
1777254384018,亚马逊,B0G5MYN7GB,https://m.media-amazon.com/images/I/31iwOHmYS5L._AC_US200_.jpg,"7 Inch Wooden Rain Stick Montessori Toys for Babies 6-12 Months, Baby Sensory Rattle Shaker Developmental Toy, Raindrops Musical Instrument for 0-6 6-18 Month Infants Toddlers",https://www.amazon.com/dp/B0G5MYN7GB?th=1,1772928000000,200,美国,婴幼儿
1777254384018,亚马逊,B0GQTGT1RW,https://m.media-amazon.com/images/I/41OM0Iw1rsL._AC_US200_.jpg,"Giant Dumpling Squishy for Adults, 4/6/10 Inch Jumbo Dumpling Stress Ball, Soft Squeeze Decompression Dough, Anxiety Relief Fidget, Adult Fidget Tool (Pink L: 25cm/10inch)",https://www.amazon.com/dp/B0GQTGT1RW?th=1,1772928000000,300,美国,Novelty & Gag Toys
1777254384018,亚马逊,B0GFD6SDM9,https://m.media-amazon.com/images/I/51oNgSPwsAL._AC_US200_.jpg,"72 PCS Easter Classroom Gift Set with 24 Multi-Color Cute Pens and Mochi Squishy,Bulk Easter Day Gifts for Classroom Prizes Goodie Bag Stuffers Party Favors Supplies.",https://www.amazon.com/dp/B0GFD6SDM9?th=1,1772928000000,200,美国,Novelty & Gag Toys
1777254384018,亚马逊,B0GGBHT7JP,https://m.media-amazon.com/images/I/31S-MVfO5UL._AC_US200_.jpg,"Peeps Light Up Easter Bathroom Toys for Kids, 3 Pack Bunny and Chick LED Night Bath Toys, Glowing Waterproof Novelty Toy Set for Easter Baskets, Party Favors",https://www.amazon.com/dp/B0GGBHT7JP?th=1,1772928000000,300,美国,婴幼儿
1777254384018,亚马逊,B0GJB1JBNB,https://m.media-amazon.com/images/I/51onW8TuhhL._AC_US200_.jpg,"Large Splash Pad for Kids & Dogs, 78” Sprinkler Splash Pad with Dual Spray Tubes, Thick Non-Slip Water Play Mat for Backyard, Summer Outdoor Water Toys for Toddlers & Family",https://www.amazon.com/dp/B0GJB1JBNB?th=1,1772928000000,200,美国,体育
1777254384018,亚马逊,B0GRH47N6F,https://m.media-amazon.com/images/I/31JbP8-J2FL._AC_US200_.jpg,"Cheese Squishy Fidget Toys for Adults & Kids, Jumbo Squishy Cheese Stress Ball for Anxiety Relief, Realistic Food Squishies Sensory Toy for ADHD Autism, Soft Slow Rising Cheese Block Squishy Gift",https://www.amazon.com/dp/B0GRH47N6F?th=1,1772928000000,200,美国,Novelty & Gag Toys
1777254384018,亚马逊,B0GR5JTZR9,https://m.media-amazon.com/images/I/41QmftWSGjL._AC_US200_.jpg,"Glitter Dumpling Squishy-Rare Glitter Dumpling Stress Ball, Bun Stress Relief Fidget Low Rising Pink Gold Orange Rainbow Dumplings Toy with Steamer (Glitter Light Blue )",https://www.amazon.com/dp/B0GR5JTZR9?th=1,1772928000000,200,美国,Novelty & Gag Toys
1777254384018,亚马逊,B0FGD2PC54,https://m.media-amazon.com/images/I/51dZ144XmdL._AC_US200_.jpg,"12 Pack Slimes, Blue Slime Kit, Clear Butter Slimes Cloud Slimes Fluffy DIY Kit for Girls Boys, Slime Party Favors Goodie Bag Easter Basket Stuffers, 4 5 6 7 8 9 10 Year Old Birthday Gift Cute Stuff",https://www.amazon.com/dp/B0FGD2PC54?th=1,1772928000000,400,美国,新颖性
1777254384018,亚马逊,B0FGCX1HP1,https://m.media-amazon.com/images/I/51RogKCX88L._AC_US200_.jpg,"12 Pack Slimes, Pink Slime Kids, Clear Butter Cloud Slime kit for Girls Ages 8-12, for Kids Slime Party Favors Goodie Bag Easter Basket Stuffers, 4 5 6 7 8 9 10 Year Old Girl Birthday Gift Cute Stuff",https://www.amazon.com/dp/B0FGCX1HP1?th=1,1772928000000,400,美国,新颖性
1777254384018,亚马逊,B0GKSGY82C,https://m.media-amazon.com/images/I/419FQB1MVKL._AC_US200_.jpg,Automatic Bubble Machine for Toddlers 1-3: Bunny Bubble Maker Blower for Party Easter Basket Stuffer Birthday Gifts - Kids Outdoor Toys for 4 5 6 Year Old Boy Girl Blue,https://www.amazon.com/dp/B0GKSGY82C?th=1,1772928000000,400,美国,体育
1777254384018,亚马逊,B0GGQM38QP,https://m.media-amazon.com/images/I/513NWrleZGL._AC_US200_.jpg,"Pool Floats Adult, 2 Pack Inflatable Pool Floats, 4-in-1 Multi-Purpose Rafts Lounger Water Hammock for Swimming Pool, Thick PVC Pool Floaties for Adults Vacation",https://www.amazon.com/dp/B0GGQM38QP?th=1,1772928000000,200,美国,体育
1777254384018,亚马逊,B0G7359X1W,https://m.media-amazon.com/images/I/51LRf5qiGfL._AC_US200_.jpg,"50 Pack 3 Inch Large Easter Eggs Bulk Include 6 Surprise Golden Eggs, Bright Colors Fillable Empty Plastic Easter Egg for Easter Hunt, Easter Basket Fillers, Easter Party Favors",https://www.amazon.com/dp/B0G7359X1W?th=1,1772841600000,500,美国,Party Supplies
1777254384018,亚马逊,B0G6WSXC73,https://m.media-amazon.com/images/I/81UBtTunO3L._AC_US200_.jpg,"12 Pack Easter Eggs Filled Chick Duck LED Puffer Balls Easter Basket Stuffers for Kids Boys Girls, Light Up Squeeze Sensory Ball Fidget Toys for Easter Egg Fillers Easter Egg Hunt Party Favor Gifts",https://www.amazon.com/dp/B0G6WSXC73?th=1,1772841600000,700,美国,Party Supplies
1777254384018,亚马逊,B0GR554T42,https://m.media-amazon.com/images/I/61ncGFEffeL._AC_US200_.jpg,"Coconut Oil Stress Ball , Fidget Squishy Toys , Portable Squeeze Vacuum Stress Shapeable Ball Toys , Sand Glutinous Crunchy Stress Ball , Stretchy Fidgety Toy Classroom Prize Adult Kids",https://www.amazon.com/dp/B0GR554T42?th=1,1772841600000,200,美国,Novelty & Gag Toys
1777254384018,亚马逊,B0GQZPYRZZ,https://m.media-amazon.com/images/I/41I7xq6h9tL._AC_US200_.jpg,"Dumpling Squishies, Mystery Glitter Dumpling Squishies Box, Colorful Dumplings Stress Balls Fidget Sensory Toy, Soft Squeeze Decompression Dough for Anxiety Relief Fidget, Kids Easter Basket Stuffers",https://www.amazon.com/dp/B0GQZPYRZZ?th=1,1772841600000,200,美国,Novelty & Gag Toys
1777254384018,亚马逊,B0GJFGQMMM,https://m.media-amazon.com/images/I/51GowR3Ka+L._AC_US200_.jpg,"Plastic Easter Eggs Empty, 36 PCS Plastic Easter Eggs Fillable Bulk, Printed Bright Colorful Easter Eggs Decorations for Easter Eggs Hunt Party Favors Easter Basket Stuffers",https://www.amazon.com/dp/B0GJFGQMMM?th=1,1772841600000,600,美国,Party Supplies
1777254384018,亚马逊,B0GRH4ZS17,https://m.media-amazon.com/images/I/51HdfTXiiAL._AC_US200_.jpg,"12 Pack Easter Eggs Filled Chick Duck LED Puffer Balls Easter Egg Fillers, Light Up Squeeze Sensory Ball Fidget Toys Easter Eggs Hunts Party Favors, Easter Basket Stuffers for Kids Tenns Boys Girls",https://www.amazon.com/dp/B0GRH4ZS17?th=1,1772841600000,500,美国,Party Supplies
1777254384018,亚马逊,B0GJTP6LS1,https://m.media-amazon.com/images/I/51Z3GuI3Q5L._AC_US200_.jpg,"Easter Gifts for Kids, 24 Pack(192 PCS) Water Coloring Books with Goodie Bags Bulk for Easter Basket Stuffers Classroom Prizes School Activities Supplies Easter Crafts Toys Party Favors",https://www.amazon.com/dp/B0GJTP6LS1?th=1,1772841600000,600,美国,Party Supplies
1777254384018,亚马逊,B0G65XM7G6,https://m.media-amazon.com/images/I/51flcPsKgWL._AC_US200_.jpg,"30 Pack Prefilled Easter Eggs with Plush Bunnies,Pre Filled Easter Eggs with Stuffed Toys Inside,Easter Basket Stuffers Fillers for Kids Easter Egg Hunt,Classroom Prize Supplies",https://www.amazon.com/dp/B0G65XM7G6?th=1,1772841600000,500,美国,Party Supplies
1777254384018,亚马逊,B0GH7628HQ,https://m.media-amazon.com/images/I/41MPJnYkutL._AC_US200_.jpg,"Pre-Strung Golf Party Banner, NO-DIY Let's Par-Tee Banner Golf Theme Party Decorations for Birthday Retirement Baby Shower",https://www.amazon.com/dp/B0GH7628HQ?th=1,1772841600000,200,美国,Party Supplies
1777254384018,亚马逊,B0G2BRXPSY,https://m.media-amazon.com/images/I/51BQKPHjYaL._AC_US200_.jpg,"CUTE STONE 24 Pack Filled Easter Eggs Toys with Bracelets, Rings and Hair Clip Inside, Easter Basket Stuffers Party Favors for Toddler, Girls and Kids",https://www.amazon.com/dp/B0G2BRXPSY?th=1,1772841600000,500,美国,Party Supplies
1777254384018,亚马逊,B0G6K8MCNZ,https://m.media-amazon.com/images/I/61cjV+PhLGL._AC_US200_.jpg,"WOWSCAN [ 6 Surprise Golden Eggs ] 120 PACK Prefilled Easter Egg Fillers with Novelty Toys Inside, Easter Basket Stuffers Classroom Prizes Supplies Egg Hunt Party Favors for Kids Toddlers Boys Girls",https://www.amazon.com/dp/B0G6K8MCNZ?th=1,1772841600000,300,美国,Party Supplies
1777254384018,亚马逊,B0GGGN69VF,https://m.media-amazon.com/images/I/51aj7r1fy3L._AC_US200_.jpg,24 Pack Prefilled 3D Printed Animals with Easter Eggs Set Easter Day Gift Figurines Gifts Toys for Kids Basket Stuffers Classroom Prizes Exchange Party Favors,https://www.amazon.com/dp/B0GGGN69VF?th=1,1772841600000,200,美国,Party Supplies
1777254384018,亚马逊,B0GJS1WZPY,https://m.media-amazon.com/images/I/716-Fv+hzPL._AC_US200_.jpg,"Bunny Bubble Gun for Kids, 2 Pack Rabbit Bubble Machine for Toddler W/LED Lights, 12000+ Bubble/Min, 360° Leak-Proof Bubble Blower Blaster Toy, Outdoor Summer Play, Easter, Wedding & Birthday Gifts",https://www.amazon.com/dp/B0GJS1WZPY?th=1,1772841600000,500,美国,体育
1777254384018,亚马逊,B0GJTWQS52,https://m.media-amazon.com/images/I/51fnxohOYkL._AC_US200_.jpg,"12 PCS Easter Eggs Filled with Animal Pull Back Car Toys, Easter Basket Stuffers for Kids Toddlers Boys Girls, Easter Eggs Fillers Stuffers for Easter Hunt, Animal Vehicle for Party Favor",https://www.amazon.com/dp/B0GJTWQS52?th=1,1772841600000,300,美国,Party Supplies
1777254384018,亚马逊,B0GJQ75N42,https://m.media-amazon.com/images/I/51i6E9L-8iL._AC_US200_.jpg,"First Communion Decorations, 1st communion decorations includes Pink First Holy Communion Banner Cross Garland and Hanging Swirls, First Communion Decoration for Girls Baptism Mi Primera Comunion",https://www.amazon.com/dp/B0GJQ75N42?th=1,1772841600000,200,美国,Party Supplies
1777254384018,亚马逊,B0GKPYJ14R,https://m.media-amazon.com/images/I/51UvQsVCn0L._AC_US200_.jpg,"2026 Upgraded Unicorn Sprinkler for Kids Toddlers, Outdoor Water Toys with 360° Rotating Base, Extreme 10ft High Spray, Ideal Summer Outside Backyard Toys for Girls Boys Ages 1-3 3-5 4-8",https://www.amazon.com/dp/B0GKPYJ14R?th=1,1772841600000,200,美国,体育
1777254384018,亚马逊,B0GQYZPQQ3,https://m.media-amazon.com/images/I/31o7d6hgv1L._AC_US200_.jpg,"Stress Relief Toy, Stress Relief Green Fruit Toy Slow Rebound Clear Fruit Squeeze Fidget Toy Anxiety Relief Soft Stress Ball Pinch Sensory Toy (Cyan)",https://www.amazon.com/dp/B0GQYZPQQ3?th=1,1772841600000,400,美国,Novelty & Gag Toys
1777254384018,亚马逊,B0GQZH5FMY,https://m.media-amazon.com/images/I/31HhBeSQH-L._AC_US200_.jpg,"Squish Toys,Slow Rebound Cute Butter Squeeze Stress Balls,Stress Relief Sensory Toys for Adults Kids Gifts,Slow Rising Squishy,Taba Squishy,Stress Relief Fidget Toys for ADHD,Party Favor Gifts (1Pc)",https://www.amazon.com/dp/B0GQZH5FMY?th=1,1772841600000,900,美国,Novelty & Gag Toys
1777254384018,亚马逊,B0G5XZ5YYK,https://m.media-amazon.com/images/I/51rc-tIQ7jL._AC_US200_.jpg,"30 Pack Prefilled Easter Eggs with Plush Bunnies,Pre Filled Easter Eggs with Stuffed Toys Inside,Easter Basket Stuffers for Kids,Easter Egg Hunt,Classroom Prize",https://www.amazon.com/dp/B0G5XZ5YYK?th=1,1772841600000,500,美国,Party Supplies
1777254384018,亚马逊,B0GL7HC5D4,https://m.media-amazon.com/images/I/51b5P4BoWdL._AC_US200_.jpg,"IRRONN 24Pcs Easter Eggs with 3D Printed Dragons Inside,Articulated 3D Printed Dragon for Easter Basket Stuffers,Fantasy Fidget Toyfor Kids Party Favors",https://www.amazon.com/dp/B0GL7HC5D4?th=1,1772841600000,1000,美国,玩具图
1777254384018,亚马逊,B0GRMSDQH9,https://m.media-amazon.com/images/I/519M5oxymFL._AC_US200_.jpg,Walkie Talkies for Kids Toys: Toys for 3-12 Year Old Boys Girls - 22 Channels 2 Way Radio Toy with Backlit LCD Flashlight - 3 Miles Range for Outside/Camping/Hiking (2-Pack) Blue,https://www.amazon.com/dp/B0GRMSDQH9?th=1,1772841600000,1000,美国,儿童电子产品
1777254384018,亚马逊,B0GGHH43BS,https://m.media-amazon.com/images/I/51ssF4RA5ML._AC_US200_.jpg,Jasonwell Inflatable Pool Float Adult - Ultra-Comfort Soft Fabric Pool Floaties Lounge Floats Floating Chair Raft with Adjustable Backrest Air Lounger Tanning Float for Pool Beach Party,https://www.amazon.com/dp/B0GGHH43BS?th=1,1772841600000,300,美国,体育
1777254384018,亚马逊,B0F8QDQHPG,https://m.media-amazon.com/images/I/512wCNCZ9CL._AC_US200_.jpg,"HYES Wall Crawler Gecko, Remote Control Robot Toys, Rechargeable RC Animals Toy, Realistic Wall Crawling Halloween Birthday Gifts for Boys Girls Ages 4-8 6-8",https://www.amazon.com/dp/B0F8QDQHPG?th=1,1772841600000,200,美国,遥控
1777254384018,亚马逊,B0GR95SX8B,https://m.media-amazon.com/images/I/31Pp-o2Q7eL._AC_US200_.jpg,"Big Cheese S-quishy,Squi-Shy Cheese Sugar Cube Squ-ishy Sensory Toy, Slow-Rebound Shapeable Squeeze Ball Sensory Fidget Toy Relieves Stress for Kids and Adults Desk,10x10x10cm",https://www.amazon.com/dp/B0GR95SX8B?th=1,1772841600000,500,美国,Novelty & Gag Toys
1777254384018,亚马逊,B0G6VX98GR,https://m.media-amazon.com/images/I/61Y7JxNlLWL._AC_US200_.jpg,"100 Pack Prefilled Easter Eggs with Assorted Toys Inside Includes 6 Surprise Golden Eggs, 100 Plastic Easter Eggs Filled with Toys for Easter Basket Stuffers Egg Hunt Party Favors for Kids Boys Girls",https://www.amazon.com/dp/B0G6VX98GR?th=1,1772841600000,500,美国,Party Supplies
1777254384018,亚马逊,B0G6WBMSSS,https://m.media-amazon.com/images/I/91Yw2FGvQPL._AC_US200_.jpg,"100 Pack Prefilled Easter Eggs with Assorted Toys Inside 6 Surprise Golden Eggs, 100 Plastic Easter Eggs Fillers with Fidget Toys Easter Basket Stuffers Fillers Egg Hunt Party Favors for Kids Boy Girl",https://www.amazon.com/dp/B0G6WBMSSS?th=1,1772841600000,600,美国,Party Supplies
1777254384018,亚马逊,B0GR4XGBPG,https://m.media-amazon.com/images/I/41DbdQMsZGL._AC_US200_.jpg,"Dumpling Glitter, Dumpling Glitter Squishies, Dumplings Squishies, Stress Relief Fidget, Soft Squeeze Decompression Dough, Giant Glitters Dumplings (White)",https://www.amazon.com/dp/B0GR4XGBPG?th=1,1772841600000,300,美国,Novelty & Gag Toys
1777254384018,亚马逊,B0GBSY8SSN,https://m.media-amazon.com/images/I/91q1RqRFk1L._AC_US200_.jpg,"212 Pcs Party Favors for Kids, Bulk Prize Box Toys for Kids Classroom Elementary, Goodie Bags Stuffers for Ages 4-8 8-12, Easter Egg Fillers, Pinata Stuffers, Treasure Chest Small Toys, Birthday Gifts",https://www.amazon.com/dp/B0GBSY8SSN?th=1,1772841600000,300,美国,Party Supplies
1777254384018,亚马逊,B0GGTQLLP1,https://m.media-amazon.com/images/I/5129Zz4OQAL._AC_US200_.jpg,"24 Packs Easter Eggs Filled with Brain Teaser Puzzles Toys Easter Basket Stuffers for Kids Teens Adults,Prefilled Easter Eggs Fillers Toys Inside for Boys Girls",https://www.amazon.com/dp/B0GGTQLLP1?th=1,1772841600000,500,美国,Party Supplies
1777254384018,亚马逊,B0GHMGRS8D,https://m.media-amazon.com/images/I/511ddv73tIL._AC_US200_.jpg,"Electric Water Gun for Kids & Adults with Lights, 2 Batteries, 350CC, 26-29FT, Black Automatic Water Guns Squirt Blaster for Pool Party Beach Outdoor Play, Water Toys for Ages 4-8 8-12+",https://www.amazon.com/dp/B0GHMGRS8D?th=1,1772841600000,600,美国,体育
1777254384018,亚马逊,B0GQH68RKG,https://m.media-amazon.com/images/I/41WvZ4mCS4L._AC_US200_.jpg,"Dumpling Squishies Toy with Steamer,Colorful Slow Rising Stress Ball,Stretchy Fidget Sensory Toy for Anxiety Relief,Perfect Easter Basket Stuffers for Kids and Adults(2PCS)",https://www.amazon.com/dp/B0GQH68RKG?th=1,1772841600000,1000,美国,Novelty & Gag Toys
1777254384018,亚马逊,B0GHYYBB64,https://m.media-amazon.com/images/I/812XB1wPjML._AC_US200_.jpg,"Large Veined Ice Cube Squishy Toy, 7cm (2.76 Inch) Big Stress Cube, Soft Sensory Fidget Toy for Anxiety Relief and Focus for Youth Adults, Squishy Ball (Blue)",https://www.amazon.com/dp/B0GHYYBB64?th=1,1772841600000,200,美国,Novelty & Gag Toys
1777254384018,亚马逊,B0GKF6PPHQ,https://m.media-amazon.com/images/I/51hyTy2T8KL._AC_US200_.jpg,"24Pack Easter Eggs,3D Printed Stuff,Easter Basket Stuffers,3D Printed Little Animals Articulated Flexible Fidget Toy, Easter Egg with Animal Toys Kids Classroom Gift Exchange Party Favors",https://www.amazon.com/dp/B0GKF6PPHQ?th=1,1772841600000,400,美国,Party Supplies
1777254384018,亚马逊,B0GD1BXYTS,https://m.media-amazon.com/images/I/51r2tAZmo2L._AC_US200_.jpg,"2 Pack Electric Water Guns for Kids, Water Blaster Squirt Guns with Flashing Muzzle,Range up to 32ft, Summer Outdoor Beach Swimming Pool Party Toys, Gift for Kids Age 8 9 10 11 12 Years Old",https://www.amazon.com/dp/B0GD1BXYTS?th=1,1772841600000,200,美国,体育
1777254384018,亚马逊,B0GJRWLZ1W,https://m.media-amazon.com/images/I/51kuNh9iVUL._AC_US200_.jpg,12 PCS PreFilled Easter Eggs with Plush Toys Keychain Decoration Stuffed Toy Great for Kids Boys Girls Easter Basket Stuffers Party Favors Easter Egg Fillers Hunt for Easter Egg Hunt Prizes,https://www.amazon.com/dp/B0GJRWLZ1W?th=1,1772841600000,400,美国,Party Supplies
1777254384018,亚马逊,B0GQZ84B24,https://m.media-amazon.com/images/I/519aqSNCjLL._AC_US200_.jpg,"4Pcs Glow in The Dark Animal Ice Cube Stress Balls for Kids & Adults – Slow-Rising Squishy Sensory Fidget Toys, Anxiety Relief Squishies for Classroom, Therapy & Quiet Focus",https://www.amazon.com/dp/B0GQZ84B24?th=1,1772841600000,400,美国,Novelty & Gag Toys
1777254384018,亚马逊,B0GFNDW85G,https://m.media-amazon.com/images/I/41bVUGWv2lL._AC_US200_.jpg,"TBOLINE 12"" 3D Printed Dragon Egg, Cool 3D Printer Articulated Crystal Dragon Toys for Kids, Surprise Animals Figurines Fidget Dinosaur Eggs Toys for Boys Kids Teen 5-7 4-6 8-12",https://www.amazon.com/dp/B0GFNDW85G?th=1,1772841600000,300,美国,玩具图
1777254384018,亚马逊,B0GDDYHK31,https://m.media-amazon.com/images/I/51epGj1iBUL._AC_US200_.jpg,"18 Pack Kids Sunglasses Bulk Party Favors, Neon Sunglasses with UV400 Protection for Kids Age 3-8,Great Gift for Birthday ，Graduation Party Supplies Party, Beach, Pool，Boys Girls Goody Bag Stuffers",https://www.amazon.com/dp/B0GDDYHK31?th=1,1772841600000,200,美国,Party Supplies
1777254384018,亚马逊,B0GHXQ6QMC,https://m.media-amazon.com/images/I/519w5+e9N+L._AC_US200_.jpg,Prefilled 3D Printed Animals Easter Eggs - 12Pcs Prefilled Easter Eggs with Toys - Pre Filled Mini 3D Printed Animals Easter Eggs - Wigglitz 3D Fidget Toys Animals Assorted for Boys Girls,https://www.amazon.com/dp/B0GHXQ6QMC?th=1,1772841600000,200,美国,玩具图
1777254384018,亚马逊,B0GJZV77JZ,https://m.media-amazon.com/images/I/61p-R66-l4L._AC_US200_.jpg,"ROSAUI 24 Pack Extra Large Fillable Easter Eggs (3.7"") – Colorful Plastic Eggs for Easter Egg Hunt, Candy Fillers&Easter Basket Stuffers – Reusable Bright Eggs for Party, Classroom&Holiday Decorations",https://www.amazon.com/dp/B0GJZV77JZ?th=1,1772841600000,200,美国,Party Supplies
1777254384018,亚马逊,B0GJS7PDV3,https://m.media-amazon.com/images/I/41jcu9jJBEL._AC_US200_.jpg,"Pearl Pink Balloons, 60Pcs 12Inch Pink and White Balloons Including Double Stuffed Pink Pastel Macaron Light Pink White Clear Balloons for Wedding Bridal Shower Baby Shower Birthday Party Decorations",https://www.amazon.com/dp/B0GJS7PDV3?th=1,1772841600000,200,美国,派对用品
1777254384018,亚马逊,B0GR4YN7QY,https://m.media-amazon.com/images/I/41RvPGVyDPL._AC_US200_.jpg,"Slow Rebound Cute Butter Squeeze Stress Balls, 2026 New Squeeze Ball Realistic Butter Stick Soft Squeeze Balls, Upgrade Stress Balls for Stress Relief Anxiety Sensory Gifts (2pcs)",https://www.amazon.com/dp/B0GR4YN7QY?th=1,1772841600000,300,美国,Novelty & Gag Toys
1777254384018,亚马逊,B0G73FNYW6,https://m.media-amazon.com/images/I/51ioknRMLNL._AC_US200_.jpg,"100 Pack 3.1"" Fillable Easter Eggs with 6 Surprise Gold Eggs, Colorful Plastic Eggs for Easter Egg Hunts, Basket Stuffers Fillers, Party Favors, Classroom Rewards Prizes for Kids Toddlers Boys Girls",https://www.amazon.com/dp/B0G73FNYW6?th=1,1772841600000,300,美国,Party Supplies
1777254384018,亚马逊,B0G6WCSDDW,https://m.media-amazon.com/images/I/51HdfTXiiAL._AC_US200_.jpg,"12 Pack Easter Eggs Filled Chick Duck LED Puffer Balls Easter Egg Fillers, Light Up Squeeze Sensory Ball Fidget Toys Easter Eggs Hunts Party Favors, Easter Basket Stuffers for Kids Tenns Boys Girls",https://www.amazon.com/dp/B0G6WCSDDW?th=1,1772841600000,400,美国,Party Supplies
1777254384018,亚马逊,B0GR5LXTPS,https://m.media-amazon.com/images/I/41019IEBopL._AC_US200_.jpg,"Glitter Dumpling Squishy-Rare Glitter Dumpling Stress Ball, Bun Stress Relief Fidget Low Rising Pink Gold Orange Rainbow Dumplings Toy with Steamer (Glitter Pink )",https://www.amazon.com/dp/B0GR5LXTPS?th=1,1772841600000,900,美国,Novelty & Gag Toys
1777254384018,亚马逊,B0GHQN337V,https://m.media-amazon.com/images/I/51TsyGbqS-L._AC_US200_.jpg,Wooden Abacus for Kids Math Games for Kids 5-7 Abacus Counters Homeschool Counting Toys for 3-5 6-8 Boys Girls Gifts Math Manipulatives Educational Learning Toys for 4 Year Old with Number Cards 1-100,https://www.amazon.com/dp/B0GHQN337V?th=1,1772841600000,200,美国,婴幼儿
1777254384018,亚马逊,B0GJS4Z6SP,https://m.media-amazon.com/images/I/51YbGFsyPnL._AC_US200_.jpg,"Impossmaker 8PCS 3D Printed Dragon Eggs, Prefilled Easter Dragon Egg for Basket Stuffers, Goodie Bag Fillers, Classroom Prize Supplies, Unique Easter Basket Essentials for Kids (Series B)",https://www.amazon.com/dp/B0GJS4Z6SP?th=1,1772841600000,400,美国,玩具图
1777254385868,亚马逊,B0GR2LRL11,https://m.media-amazon.com/images/I/51ZDYkBPREL._AC_US200_.jpg,"Easter Bunny Stress Balls for Adults,Squishy Stress Ball Easter Stress Relief Fidget Balls Sensory for Anxiety Stress Easter Party Favors Red",https://www.amazon.com/dp/B0GR2LRL11?th=1,1772755200000,200,美国,Novelty & Gag Toys
1777254385868,亚马逊,B0GQ9G8YS4,https://m.media-amazon.com/images/I/41HrlqWN0aL._AC_US200_.jpg,"Retro Handheld Games Console, Built-in 400 Video Games,Portable Video Gaming Player with 3.0 Inch IPS Screen and Rechargeable Battery (Green)",https://www.amazon.com/dp/B0GQ9G8YS4?th=1,1772755200000,300,美国,儿童电子产品
1777254385868,亚马逊,B0G6W24Z92,https://m.media-amazon.com/images/I/517rE9yTMvL._AC_US200_.jpg,12 PCS Jumbo Gold Easter Eggs 6 Inch Large Golden Metallic Easter Eggs Bulk for Filling Treats Plastic Fillable Jumbo Surprise Eggs Hunt Easter Basket Stuffers Fillers Party Favor for Kids Boys Girls,https://www.amazon.com/dp/B0G6W24Z92?th=1,1772755200000,200,美国,扮靓
1777254385868,亚马逊,B0G43WKMSK,https://m.media-amazon.com/images/I/41knxK95bzL._AC_US200_.jpg,"8 PCS Jumbo Gold Plastic Easter Eggs, 6 Inch Giant Metallic Golden Easter Eggs Fillable Large Empty Egg for Easter Hunt Basket Stuffers Fillers Filling Treats Classroom Prize Supplies",https://www.amazon.com/dp/B0G43WKMSK?th=1,1772755200000,500,美国,Party Supplies
1777254385868,亚马逊,B0GKL84WQM,https://m.media-amazon.com/images/I/71HVa3Ms8XL._AC_US200_.jpg,Easter Eggs with Mini Plush Animal Toys 12pack Prefilled Easter Eggs Plastic Easter Basket Stuffers Fillers for Kids Toddlers Plastic Easter Eggs Stuffed Animals Gifts Eggs for Easter Egg Hunt Prizes,https://www.amazon.com/dp/B0GKL84WQM?th=1,1772755200000,400,美国,Party Supplies
1777254385868,亚马逊,B0GL8Z8DBH,https://m.media-amazon.com/images/I/41Qq7hKN6GL._AC_US200_.jpg,"My Realistic Bunny Toy,Hopping Bunny Toy,Vitality Bliss Bunny, Paired with a Leash and a Carrot,Easter Toys for Toddlers.(White Rabbit)",https://www.amazon.com/dp/B0GL8Z8DBH?th=1,1772755200000,300,美国,填充的动物
1777254385868,亚马逊,B0GF87DCFM,https://m.media-amazon.com/images/I/61ldR-4U0oL._AC_US200_.jpg,"Inflatable Tanning Pool Lounger Float with Sprinkler & Canopy UPF50+, 77"" x 48"" Extra Large Tanning Pool Float for Adults, Sunbathing Water Lounge Bed with Pillow & Cup Holder for Backyard & Pool",https://www.amazon.com/dp/B0GF87DCFM?th=1,1772755200000,300,美国,体育
1777254385868,亚马逊,B0GF8CJP6R,https://m.media-amazon.com/images/I/61+soCN8oKL._AC_US200_.jpg,"Inflatable Tanning Pool Lounger Float with Sprinkler & Canopy UPF50+, 77"" x 48"" Extra Large Tanning Pool Float for Adults, Sunbathing Water Lounge Bed with Pillow & Cup Holder for Backyard & Pool",https://www.amazon.com/dp/B0GF8CJP6R?th=1,1772755200000,600,美国,体育
1777254385868,亚马逊,B0GCC3SJMY,https://m.media-amazon.com/images/I/51RWvuhm-1L._AC_US200_.jpg,36 Pcs Brain Teaser Puzzles for Adults Teens - Metal Puzzles 3D Puzzle Game Toys for Adults Teens - Unlock Interlocking Puzzle Adult IQ Education Smart Toys,https://www.amazon.com/dp/B0GCC3SJMY?th=1,1772755200000,200,美国,Party Supplies
1777254385868,亚马逊,B0G2BNQKHX,https://m.media-amazon.com/images/I/71Uc4udoqfL._AC_US200_.jpg,"CUTE STONE 50 Pack Filled Easter Eggs with Gemstones, Prefilled Easter Basket Stuffers Easter Party Favors for Teens, Boy, Girls and Kids",https://www.amazon.com/dp/B0G2BNQKHX?th=1,1772755200000,400,美国,Party Supplies
1777254385868,亚马逊,B0G4VLTJSV,https://m.media-amazon.com/images/I/51bsTmneBFL._AC_US200_.jpg,"18 Pcs Golden Easter Eggs, 2.3"" Fillable Shiny Gold Metallic Plastic Empty Easter Eggs for Easter Hunt, Classroom Prize, Basket Stuffers Fillers",https://www.amazon.com/dp/B0G4VLTJSV?th=1,1772755200000,200,美国,Party Supplies
1777254385868,亚马逊,B0G4VS1J8F,https://m.media-amazon.com/images/I/51hVJlS8L0L._AC_US200_.jpg,"16 PCS Jumbo Gold Plastic Easter Eggs, 6 Inch Giant Metallic Golden Easter Eggs Fillable Large Empty Egg for Easter Hunt Basket Stuffers Fillers Classroom Prize Supplies",https://www.amazon.com/dp/B0G4VS1J8F?th=1,1772755200000,200,美国,Party Supplies
1777254385868,亚马逊,B0GDW756ZN,https://m.media-amazon.com/images/I/514lVMTPLYL._AC_US200_.jpg,"12 Pcs Party Blowers, Colorful Noise Makers Funny Blowout Horns for Birthday New Years Graduation Sporting Events Party Favor Supplies (Paper)",https://www.amazon.com/dp/B0GDW756ZN?th=1,1772755200000,200,美国,派对用品
1777254385868,亚马逊,B0GR4ZY7BY,https://m.media-amazon.com/images/I/31yG06sS-eL._AC_US200_.jpg,"Peanut Squishies - Peanut Stress Balls Fidget Toys Adults,Cute Anxiety Relief Toy,Squeeze Dough Ball Stress Relief Hand Toys,Soft Squeeze Decompression Dough for Kids,Party Favors (Yellow, 4.33 in)",https://www.amazon.com/dp/B0GR4ZY7BY?th=1,1772755200000,200,美国,Novelty & Gag Toys
1777254385868,亚马逊,B0GG9LYWVQ,https://m.media-amazon.com/images/I/51YdCYZfFdL._AC_US200_.jpg,"Easter Pates and Napkins -Square Easter Paper Plates 9"" Bunny Gingham Egg Plates 7"" for Spring Party Decorations",https://www.amazon.com/dp/B0GG9LYWVQ?th=1,1772755200000,400,美国,派对用品
1777254385868,亚马逊,B0GL8DG766,https://m.media-amazon.com/images/I/41JHksJk2WL._AC_US200_.jpg,"My Realistic Bunny Toy,Hopping Bunny Toy,Vitality Bliss Bunny, Paired with a Leash and a Carrot,Easter Toys for Toddlers.(Brown Rabbit)",https://www.amazon.com/dp/B0GL8DG766?th=1,1772755200000,300,美国,填充的动物
1777254385868,亚马逊,B0FZTNNT81,https://m.media-amazon.com/images/I/61Z7X+6NXGL._AC_US200_.jpg,Treasure Cove Environmental Protection Stickers Earth Day Stickers Vinyl Waterproof Save the Earth Decals for Water Bottles Laptops Eco Theme Party Favors 100Pcs,https://www.amazon.com/dp/B0FZTNNT81?th=1,1772755200000,300,美国,艺术
1777254385868,亚马逊,B0FGTPYXPF,https://m.media-amazon.com/images/I/51u8oSuE3RL._AC_US200_.jpg,"Big Bubble Wands Set,6 PCS Large Bubbles Maker Wand Set with Tray,Bubble Making Toys for Kids Summer Outdoor Birthday Party Favors",https://www.amazon.com/dp/B0FGTPYXPF?th=1,1772755200000,200,美国,体育
1777254385868,亚马逊,B0GCBD9HFC,https://m.media-amazon.com/images/I/51qWFXZY6UL._AC_US200_.jpg,36 Pcs Brain Teaser Puzzles for Adults and Teens - Metal Puzzles 3D Puzzle Game Toys for Adults Teens - Wooden Unlock Interlocking Puzzle Adult IQ Education Smart Toys,https://www.amazon.com/dp/B0GCBD9HFC?th=1,1772755200000,300,美国,拼图
1777254385868,亚马逊,B0G7375CGK,https://m.media-amazon.com/images/I/61+bvQiGIOL._AC_US200_.jpg,"60 Pack Plastic Printed Easter Eggs, 2.4 Inch Fillable Empty Eggs Bulks for Easter Eggs Hunt, Easter Basket Stuffers Fillers, Classroom Prize Supplies, Filling Treats and Party Favors",https://www.amazon.com/dp/B0G7375CGK?th=1,1772755200000,200,美国,Party Supplies
1777254385868,亚马逊,B0GDQLPX66,https://m.media-amazon.com/images/I/71p-bMcj+3L._AC_US200_.jpg,"Wee Wonders 3-Tier Water Table for Toddlers, Kids Sand Water Table with Adjustable Umbrella, Sand Toys & Fishing Game, Sensory Table Activity Playset for Outdoor Beach, Summer Toys for Boys Girls 3-5",https://www.amazon.com/dp/B0GDQLPX66?th=1,1772755200000,300,美国,运动与户外游戏
1777254385868,亚马逊,B0GGRJ93NP,https://m.media-amazon.com/images/I/51fdrtIpMRL._AC_US200_.jpg,"Electric Water Gun for Kids & Adults, Automatic Squirt Gun with LED Lights, High Capacity Water Tank, Rechargeable/Powerful Continuous Firing Water Blaster for Summer Pool Beach Outdoor Toys",https://www.amazon.com/dp/B0GGRJ93NP?th=1,1772755200000,300,美国,体育
1777254385868,亚马逊,B0GHQBV3RM,https://m.media-amazon.com/images/I/51onW8TuhhL._AC_US200_.jpg,"Splash Pad for Kids & Dogs, 78” Sprinkler Splash Pad with Dual Sprayers, Large Non-Slid Splash Mat, 360° Spray Outdoor Water Toys for Backyard, Summer, Gifts for Toddlers, Family, Pets",https://www.amazon.com/dp/B0GHQBV3RM?th=1,1772755200000,300,美国,体育
1777254385868,亚马逊,B0GR76QPY9,https://m.media-amazon.com/images/I/31D8cr2NUaL._AC_US200_.jpg,"Q-Less The Original Crossword Solitaire Game - Genuine - Word Game, Puzzle, 12 Lettered Dice in a Sleek Tin, Portable, Educational Wordplay Fun, Travel",https://www.amazon.com/dp/B0GR76QPY9?th=1,1772755200000,1000,美国,游戏
1777254385868,亚马逊,B0GDFJ9T2F,https://m.media-amazon.com/images/I/51PDlJM0KKL._AC_US200_.jpg,"R36MAX Retro Handheld Game Console – 18,000+ Classic Games, 4.0"" IPS Display, Linux System, 64GB Storage – Your Retro Gaming Console and The to Relive Timeless Classics.(Black)",https://www.amazon.com/dp/B0GDFJ9T2F?th=1,1772755200000,400,美国,儿童电子产品
1777254385868,亚马逊,B0G3TF1LH6,https://m.media-amazon.com/images/I/51Qy+nDBjML._AC_US200_.jpg,"iPlay, iLearn Baby Duck Bath Toy, Toddler Bathtub Shower Toy W/ Suction Spin Gear, Floating Animals, Fishing Net Pool Water Play, Birthday Easter Gift 6 12 18 Month Infant 1 2 3 Year Old Kid Boy Girl",https://www.amazon.com/dp/B0G3TF1LH6?th=1,1772755200000,200,美国,婴幼儿
1777254385868,亚马逊,B0GR54VD23,https://m.media-amazon.com/images/I/71hiTZmyqeL._AC_US200_.jpg,"5 Pcs Butter Squeeze Toys, Slow Rising Soft Squeeze Fidget Toys for Stress Relief Hand Relax, Party Favor",https://www.amazon.com/dp/B0GR54VD23?th=1,1772755200000,200,美国,Novelty & Gag Toys
1777254385868,亚马逊,B0GCF3B5WP,https://m.media-amazon.com/images/I/51pK+5Nr9OL._AC_US200_.jpg,"1:16 Scale All Terrain Fast RC Cars for Adults 40KPH, 4WD Electric Off-Road Remote Control Monster Truck with Metal Chassis, 2.4Ghz High Speed Car, Waterproof RC Truck with 2 Batteries for Boys & Kids",https://www.amazon.com/dp/B0GCF3B5WP?th=1,1772755200000,400,美国,遥控
1777254385868,亚马逊,B0GMLX5VMM,https://m.media-amazon.com/images/I/811EL8GtijL._AC_US200_.jpg,"Hamee RE-Ment Pikmin Blind Box Miniature Figure Set for Birthday Gift, Party Favor, Collectible Toy (Pikmin Terrarium Collection) – 1 Pc. Mystery Box",https://www.amazon.com/dp/B0GMLX5VMM?th=1,1772755200000,200,美国,新颖性
1777254385868,亚马逊,B0GRCR2SRZ,"https://m.media-amazon.com/images/I/41Vmyf2WuXL._SX200_SY200_CR,0,0,200,200_.jpg",Tamagotchi Nano - Pompompurin - Caramel Pudding,https://www.amazon.com/dp/B0GRCR2SRZ?th=1,1772755200000,300,美国,儿童电子产品
1777254385868,亚马逊,B0GRD5JQY7,https://m.media-amazon.com/images/I/71vaOO955BL._AC_US200_.jpg,Tamagotchi Nano - Pompompurin - Magical Pink,https://www.amazon.com/dp/B0GRD5JQY7?th=1,1772755200000,300,美国,儿童电子产品
1777254385868,亚马逊,B0DN9Z9BNK,https://m.media-amazon.com/images/I/51Zrn10KHoL._AC_US200_.jpg,"Easter Bubble Wands for Kids 2 Pack, Automatic Bubble Blower with Light for Girls Boys, Bubble Toys with Bubble Refill Solution for Easter Party Favor, Easter Basket Stuffers, Outdoor Activity",https://www.amazon.com/dp/B0DN9Z9BNK?th=1,1772755200000,200,美国,体育
1777254385868,亚马逊,B0GF1V5CPC,https://m.media-amazon.com/images/I/51Dq4JNg-mL._AC_US200_.jpg,"4 Pack Whoopie Cushion for Kids, 8"" Large Whoopee Cushion Party Favor, Woopie Cushion Funny Prank Gag Novelty Trick Joke Gift and Toy for Kids White Elephant Gifts for Adults",https://www.amazon.com/dp/B0GF1V5CPC?th=1,1772755200000,200,美国,新颖性
1777254385868,亚马逊,B0GQM2Z4J4,https://m.media-amazon.com/images/I/41Lop+h8-QL._AC_US200_.jpg,"Easter Basket Essentials, Pop Up Carrot Bunny, Carrot Rabbit Funny Novelty Toy, Easter Carrot Rabbit Squeeze Pop Up Toy (2PCS)",https://www.amazon.com/dp/B0GQM2Z4J4?th=1,1772755200000,200,美国,Novelty & Gag Toys
1777254385868,亚马逊,B0G6VG6GGD,https://m.media-amazon.com/images/I/51KVsdoJSBL._AC_US200_.jpg,"8 Pack Jumbo Surprise Golden Easter Egg Filled with Eye-pop Fidget Toys, Large Easter Eggs with Toys Inside Easter Basket Stuffers Fillers Easter Egg Hunts Party Favor for Kids Boys Girls Toddler Teen",https://www.amazon.com/dp/B0G6VG6GGD?th=1,1772755200000,200,美国,Party Supplies
1777254385868,亚马逊,B0FQ789HV6,https://m.media-amazon.com/images/I/814K-sk-xxL._AC_US200_.jpg,"Hyojo Krispy Kreme Doughnuts Series, Blind Box Collectible Plush, Limited Edition Toy Gift for All Ages, 3 to Collect, Chocolate & Strawberry Iced, and Original Glazed with a Signature Hat",https://www.amazon.com/dp/B0FQ789HV6?th=1,1772755200000,800,美国,填充的动物
1777254385868,亚马逊,B0FVXG2TYG,https://m.media-amazon.com/images/I/717laBIsJjL._AC_US200_.jpg,"EAPHANT Diamond Art Kits for Kids, Gem Keychains and Stickers Painting Gifts for Girls Ages 4-8 8-12, Arts and Crafts Toys for Kids with 29 Designs",https://www.amazon.com/dp/B0FVXG2TYG?th=1,1772755200000,700,美国,艺术
1777254385868,亚马逊,B0GRGFXNX5,https://m.media-amazon.com/images/I/51wJzswi4fL._AC_US200_.jpg,"Squishy Dumpling, 2026 New Bun Squeeze Stress Relief Ball with Steamer Box for Stress Relief (4 Pcs)",https://www.amazon.com/dp/B0GRGFXNX5?th=1,1772755200000,2000,美国,Novelty & Gag Toys
1777254385868,亚马逊,B0G72J84QL,https://m.media-amazon.com/images/I/51heEt9FL4L._AC_US200_.jpg,"50 Pack 3.1"" Fillable Easter Eggs with 6 Surprise Gold Eggs, Colorful Plastic Eggs for Easter Egg Hunts, Basket Stuffers Fillers, Party Favors, Classroom Rewards Prizes for Kids Toddlers Boys Girls",https://www.amazon.com/dp/B0G72J84QL?th=1,1772755200000,200,美国,Party Supplies
1777254385868,亚马逊,B0GGB4YNMW,https://m.media-amazon.com/images/I/51Ra8L7KdwL._AC_US200_.jpg,"Rechargeable Unicorn Bubble Gun, Unicorn Toys for Girls Age 4-6, Outdoor Toys Bubble Machine, 3 4 5 6 7 8 9 10 11 12 Year Old Girl Gifts, Easter, Birthday, Summer, Wedding, Party Favors, Halloween",https://www.amazon.com/dp/B0GGB4YNMW?th=1,1772755200000,300,美国,体育
1777254385868,亚马逊,B0GR8ZWCMN,https://m.media-amazon.com/images/I/41F01P+OJIL._AC_US200_.jpg,"Slow Rebound Cute Butter Squeeze Stress Balls, New Slow Rising Squishy Butter Stick, Squeeze Ball Realistic Butter Stick Soft Squeeze Stress Relief Fidget Wet Slow Rebound Stress Relief Toys (Beige)",https://www.amazon.com/dp/B0GR8ZWCMN?th=1,1772755200000,400,美国,Novelty & Gag Toys
1777254385868,亚马逊,B0GGH51KLJ,https://m.media-amazon.com/images/I/51sz1Ts1LhL._AC_US200_.jpg,"Fillable Easter Eggs 2.4"" Inch Hinged Colorful Bright & Thick Plastic Shells Easter Eggs,Perfect for Easter Egg Hunt, Suprise Egg, Easter Hunt(36 Pack)",https://www.amazon.com/dp/B0GGH51KLJ?th=1,1772755200000,400,美国,扮靓
1777254385868,亚马逊,B0G2BKJZFZ,https://m.media-amazon.com/images/I/5107ZCPvRBL._AC_US200_.jpg,"Easter Eggs Filled with Eye-pop Fidget Toys, 9 Pack Squeeze Animals Stress Relief Toys, Easter Basket Stuffers Easter Hunt Party Favors for Toddler, Kids",https://www.amazon.com/dp/B0G2BKJZFZ?th=1,1772755200000,200,美国,Party Supplies
1777254385868,亚马逊,B0FZJVS38G,https://m.media-amazon.com/images/I/61XYgUw91pL._AC_US200_.jpg,"Alphabet Pop Fidget Toys It for Kids, Fidget Poppers Toys Sensory Squeeze Bubble Popping, Silicone Dinosaur Toys Pop Anxiety and Stress Relief Its for Boy Girls (Green)",https://www.amazon.com/dp/B0FZJVS38G?th=1,1772755200000,200,美国,Novelty & Gag Toys
1777254385868,亚马逊,B0FZT6WZ57,https://m.media-amazon.com/images/I/51885KBH5RL._AC_US200_.jpg,"iPlay, iLearn Baby Fishing Bath Toy, Toddler Bathtub Magnetic Fishing Game W/Pole Net Fish Water Squirt Animal, Kid Shower Bathtime for Pool Play, Birthday Gift 6 12 18 Month 1 2 3 Year Old Boys Girls",https://www.amazon.com/dp/B0FZT6WZ57?th=1,1772755200000,200,美国,婴幼儿
1777254385868,亚马逊,B0GR8MQJWC,https://m.media-amazon.com/images/I/51wUuG9worL._AC_US200_.jpg,"4-Pack Glitter Dumpling Squishy Set - Colorful Sensory Stress Relief Collections, Random Squishy Gift Box with Sparkly Dumplings for Party Favors & Collectibles (Random-4 PCS)",https://www.amazon.com/dp/B0GR8MQJWC?th=1,1772755200000,400,美国,Novelty & Gag Toys
1777254385868,亚马逊,B0GR8T3DRK,https://m.media-amazon.com/images/I/51Fup1tvlgL._AC_US200_.jpg,"9-Pack Glitter Dumpling Squishy Set - Colorful Sensory Stress Relief Collections, Random Squishy Gift Box with Sparkly Dumplings for Party Favors & Collectibles (Random-9 PCS)",https://www.amazon.com/dp/B0GR8T3DRK?th=1,1772755200000,200,美国,Novelty & Gag Toys
1777254385868,亚马逊,B0GHMXP8YQ,https://m.media-amazon.com/images/I/515BNbvac5L._AC_US200_.jpg,"3 Pack Stringy Balls Fidget Toys, 3 Inch Sensory Stretchy Balls for Kids & Adults, Soft Silicone Stress Relief Toys, Party Favors, Classroom Prizes, Carnival Goodie Bag Fillers (Red, Yellow, Purple)",https://www.amazon.com/dp/B0GHMXP8YQ?th=1,1772755200000,400,美国,Novelty & Gag Toys
1777254385868,亚马逊,B0G4VMN4WK,https://m.media-amazon.com/images/I/51Clh3dG4OL._AC_US200_.jpg,"Pool Toys for Kids Ages 4-8, 26 Pcs Diving Toys, Diving Rings, Swimming Pool Games with Storage Net Bag, Torpedo, Gem, Sea Animal & Diving Ring, Pool Decoration, Summer Pool Party Toys",https://www.amazon.com/dp/B0G4VMN4WK?th=1,1772755200000,400,美国,体育
1777254385868,亚马逊,B0BCYK1B6H,https://m.media-amazon.com/images/I/51pnu3S5zFL._AC_US200_.jpg,"Bunny Bubble Gun Machine for Girl – Easter Basket Stuffer, 360° Leak-Proof LED & 10,000+ BPM, Includes Surprise Stickers, Outdoor Birthday for Toddlers Ages 3-6",https://www.amazon.com/dp/B0BCYK1B6H?th=1,1772755200000,300,美国,体育
1777254385868,亚马逊,B0GCLS5XY2,https://m.media-amazon.com/images/I/51-OxuXcv7L._AC_US200_.jpg,"LEASEN 36 Pack Printed Easter Eggs Bulks, 2.3 Inches Empty Plastic Easter Eggs Fillable for Easter Egg Hunt, Easter Party Favor for Kids, Basket Stuffers Fillers",https://www.amazon.com/dp/B0GCLS5XY2?th=1,1772755200000,300,美国,扮靓
1777254385868,亚马逊,B0GM8W1KSY,https://m.media-amazon.com/images/I/51gVIq1fXML._AC_US200_.jpg,"6 Sets Reusable Sticker Books for Toddlers 3-6, Jelly Sticker Book Toddlers 1-3, Kids Sticker Activity Toys 3 4 5 6, Waterproof Travel Books Girls & Boys",https://www.amazon.com/dp/B0GM8W1KSY?th=1,1772755200000,200,美国,艺术
1777254385868,亚马逊,B0GKW8GZ8J,https://m.media-amazon.com/images/I/61yiAnLdD2L._AC_US200_.jpg,"Celestial Tarot Deck, Unique Tarot Cards for Beginners with Blue Gold Edge, Divination and Spiritual Divination Tool",https://www.amazon.com/dp/B0GKW8GZ8J?th=1,1772755200000,200,美国,新颖性
1777254385868,亚马逊,B0GFCZ1NBC,https://m.media-amazon.com/images/I/3160l0K9K7L._AC_US200_.jpg,"Cat Paw Ice Cube Squishy,Medium 1.98 Inch Stress Cube Squeeze Toy,Soft Slow Rebound Squishy Cube for Stress Relief,Sensory Fidget Toys for Anxiety for Kids (1, Transparent Purple cat paw)",https://www.amazon.com/dp/B0GFCZ1NBC?th=1,1772755200000,300,美国,Novelty & Gag Toys
1777254385868,亚马逊,B0GJ64S1TN,https://m.media-amazon.com/images/I/613SS7IJ6KL._AC_US200_.jpg,500PCS Easter Stickers Roll 8 Colors Spring Easter Bunny Stickers 1.2in Holographic Self-Adhesive Decorative Label Rabbit Sticker for Envelopes Scrapbook Holiday Party Decorations Supplies,https://www.amazon.com/dp/B0GJ64S1TN?th=1,1772755200000,300,美国,艺术
1777254385868,亚马逊,B0GGZTSM54,https://m.media-amazon.com/images/I/41w6rntpFlL._AC_US200_.jpg,Bezente Mustard Yellow Latex Party Balloons - 100 Pack 12 inch Round Helium Boho Netural Fall Balloons for Graduation Bridal Shower Wedding Sunflower Bee Thanksgiving Little Cutie Party Decorations,https://www.amazon.com/dp/B0GGZTSM54?th=1,1772755200000,200,美国,派对用品
1777254385868,亚马逊,B0GQTJQBS8,https://m.media-amazon.com/images/I/51p7njW1vZL._AC_US200_.jpg,"Dumpling Squishy Mystery Box, Slow Rising Glitter Squishy Dumpling Toy, Soft TPR Sensory Stress Ball Fidget Toy, Easter Basket Stuffers Party Favors (Pink)",https://www.amazon.com/dp/B0GQTJQBS8?th=1,1772755200000,300,美国,Novelty & Gag Toys
1777254385868,亚马逊,B0GK18GR46,https://m.media-amazon.com/images/I/61+wh-TaaGL._AC_US200_.jpg,"Retro Rainbow Balloons, 60PCS Boho Colorful Balloons, 12 Inch Dusty Light Blue Blush Pink Orange Yellow Purple Balloon Assorted Color Balloon for Boho Birthday Wedding Baby Shower Party Decorations",https://www.amazon.com/dp/B0GK18GR46?th=1,1772755200000,200,美国,派对用品
1777254385868,亚马逊,B0GQDNLPVX,https://m.media-amazon.com/images/I/41-2WH904rL._AC_US200_.jpg,"Giant Dumpling Squishy, Squishy Dumpling Toy, Mystery Jumbo DumplingSquishy, Cute Anxiety Relief Fidget Toy, Soft Squeeze Decompression Dough for Adults & Teens(Off-White)",https://www.amazon.com/dp/B0GQDNLPVX?th=1,1772755200000,300,美国,Novelty & Gag Toys
1777254385868,亚马逊,B0GGB6HVFZ,https://m.media-amazon.com/images/I/41nRLScc03L._AC_US200_.jpg,"Water Guns for Kids, Squirt Gun for Boys Girls, Cool Small Manual Water Pistols, Party Favors Swimming Pool Beach Outdoor Water Gun Toys, Ideal for Summer Gifts for Kids Aged 3 5 4 6 7 8 (2Pack)",https://www.amazon.com/dp/B0GGB6HVFZ?th=1,1772755200000,700,美国,体育
1777254385868,亚马逊,B0GHN3D6J3,https://m.media-amazon.com/images/I/510cbDwHseL._AC_US200_.jpg,"Dusty Blue Sage Green Balloon Arch Kit, 140Pcs Fog Blue and Light Blue Green Sand White Balloons Different Size with Heart Foil Balloon for Baby Shower Bridal Anniversary Birthday Party Decorations",https://www.amazon.com/dp/B0GHN3D6J3?th=1,1772755200000,300,美国,派对用品
1777254385868,亚马逊,B0G6DD284G,https://m.media-amazon.com/images/I/51L2m+qsu1L._AC_US200_.jpg,"Party Favors Kids Sunglasses Bulk - 16 Packs Neon Sunglasses for Kid Age 3-8, UV400 Protection Party Sunglasses Goodie Bags Stuffers for kids Birthday Party Supply, End of the Year Gifts For Students",https://www.amazon.com/dp/B0G6DD284G?th=1,1772755200000,700,美国,Party Supplies
1777254385868,亚马逊,B0GR4XRTV7,https://m.media-amazon.com/images/I/31VGNOSXbOL._AC_US200_.jpg,"Yellow Cheese Squeeze Toy,Soft Novelty Toy, Rebounding Sensory,Help for Relax,Focus, Sensory Cheese for & Adults, Food Theme Cheese Cubes Squishy Toys,Stress Balls for Adults ( Yellow 1)",https://www.amazon.com/dp/B0GR4XRTV7?th=1,1772755200000,3000,美国,Novelty & Gag Toys
1777254385868,亚马逊,B0GJRZRVPV,https://m.media-amazon.com/images/I/51nQ5r-JJXL._AC_US200_.jpg,"Impossmaker 8PCS 3D Printed Dragon Eggs, Prefilled Easter Dragon Egg for Basket Stuffers, Goodie Bag Fillers, Classroom Prize Supplies, Unique Easter Basket Essentials for Kids (Series A)",https://www.amazon.com/dp/B0GJRZRVPV?th=1,1772755200000,300,美国,玩具图
1777254385868,亚马逊,B0G72WFWYC,https://m.media-amazon.com/images/I/616ZwrvPaeL._AC_US200_.jpg,"[ 6 Surprise Gold Eggs ] 100 Pack Prefilled Easter Eggs with Assorted Toys Inside, Truly Pre Filled Plastic Easter Egg Filles Fidget Toys Easter Hunt, Basket Stuffers Party Favors for Kids Boys Girls",https://www.amazon.com/dp/B0G72WFWYC?th=1,1772668800000,600,美国,Party Supplies
1777254385868,亚马逊,B0GQZ8NHWW,https://m.media-amazon.com/images/I/41My5qwzFhL._AC_US200_.jpg,"Colorful Dumpling Squishes Stress Balls with Steamer, Cute Anxiety Relief Toy, Soft Squeeze Decompression Dough for Adults, Simulation Food Squishies Bun (Glitter Blue, 1pcs)",https://www.amazon.com/dp/B0GQZ8NHWW?th=1,1772668800000,800,美国,Novelty & Gag Toys
1777254385868,亚马逊,B0GCMCQ4L2,https://m.media-amazon.com/images/I/51LpJ9F61TL._AC_US200_.jpg,"LEASEN [ 6 Surprise Golden Eggs ] 200 Pack Plastic Easter Eggs Bulks, 2.3 Inch Empty Easter Eggs, Bright Colors Plastic Eggs Fillable for Easter Hunt, Basket Stuffers Fillers, Easter Party Favor",https://www.amazon.com/dp/B0GCMCQ4L2?th=1,1772668800000,200,美国,Party Supplies
1777254385868,亚马逊,B0G6WBYLW2,https://m.media-amazon.com/images/I/81+sVAIhWyL._AC_US200_.jpg,"36 Pack Easter Egg Fillers with Easter Bunny Plush Easter Eggs with Toys Inside, Mini Easter Stuffed Animals Easter Eggs Hunts Party Favors Easter Basket Stuffers for Kids Toddler Teens Boys Girls",https://www.amazon.com/dp/B0G6WBYLW2?th=1,1772668800000,400,美国,Party Supplies
1777254385868,亚马逊,B0GL8NLBBG,https://m.media-amazon.com/images/I/41y3HxHaDRL._AC_US200_.jpg,"My Realistic Bunny Toy,Hopping Bunny Toy,Vitality Bliss Bunny, Paired with a Leash and a Carrot,Easter Toys for Toddlers.(Pink Rabbit)",https://www.amazon.com/dp/B0GL8NLBBG?th=1,1772668800000,200,美国,填充的动物
1777254385868,亚马逊,B0GCZLDGF6,https://m.media-amazon.com/images/I/51U1XYZ88nL._AC_US200_.jpg,"2288Pcs Easter Stickers Bulk for Kids - 130 Sheets Easter Basket Stuffers for Toddlers Boys Girls Teens Adults, Easters Crafts Activities Party Favors Gifts Goodie Bags Egg Decorations",https://www.amazon.com/dp/B0GCZLDGF6?th=1,1772668800000,200,美国,艺术
1777254385868,亚马逊,B0G6KZCCF7,https://m.media-amazon.com/images/I/51kQCJf0IhL._AC_US200_.jpg,"FLYSNK 18 Pack Plastic Easter Eggs Filled with Light Up Fidget Stress Balls, Glow in The Dark Egg Shape Squeeze Balls Sensory Toys Party Favors for Kids Teens Easter Egg Hunt Basket Stuffers Fillers",https://www.amazon.com/dp/B0G6KZCCF7?th=1,1772668800000,200,美国,Party Supplies
1777254385868,亚马逊,B0G6JW8C8D,https://m.media-amazon.com/images/I/6167TpI7YpL._AC_US200_.jpg,"WOWSCAN [ 6 Surprise Golden Eggs ] 50 PACK Prefilled Easter Egg Fillers with Novelty Toys Inside, Easter Basket Stuffers Classroom Prizes Supplies Egg Hunt Party Favors for Kids Toddlers Boys Girls",https://www.amazon.com/dp/B0G6JW8C8D?th=1,1772668800000,400,美国,Party Supplies
1777254385868,亚马逊,B0GCBD6MP6,https://m.media-amazon.com/images/I/51nUFb4m0jL._AC_US200_.jpg,"16 Pack Easter Eggs Filled with Brain Teaser Puzzles Toys, Easter Basket Stuffers for Kids Teens Adults, Easters Egg Fillers for Kids Boys Girls, Easters Eggs Hunt Game, Classroom Prize Supplies",https://www.amazon.com/dp/B0GCBD6MP6?th=1,1772668800000,300,美国,拼图
1777254385868,亚马逊,B0FKJ7TDFY,https://m.media-amazon.com/images/I/81BYi5zDgsL._AC_US200_.jpg,"ArtCreativity Cat Magnetic Doodle Face - 2 Pack - Vintage Retro Toys, Travel Toys for Kids, Magnet Drawing Doodle Board for Kids - Magnetic Toys Game, Travel Essentials Games for Ages 3+",https://www.amazon.com/dp/B0FKJ7TDFY?th=1,1772668800000,1000,美国,艺术
1777254385868,亚马逊,B0G64CRV76,https://m.media-amazon.com/images/I/51CWg7wTT0L._AC_US200_.jpg,"Adisher 150Pcs Easter Eggs, Plastic 3.0"" Colorful Easet Eggs with 6Pcs Golden Eggs Bulk Empty Fillable for Easter Hunt Party Favor Basket Stuffers, Filling Treats, Classroom Prize Supplies for Kids",https://www.amazon.com/dp/B0G64CRV76?th=1,1772668800000,200,美国,Party Supplies
1777254385868,亚马逊,B0G64F9RG3,https://m.media-amazon.com/images/I/81Qr2L7nFaL._AC_US200_.jpg,"Adisher 50Pcs Easter Eggs, Plastic 3.0"" Colorful Easet Eggs with 6Pcs Golden Eggs Bulk Empty Fillable for Easter Hunt Party Favor Basket Stuffers, Filling Treats, Classroom Prize Supplies for Kids",https://www.amazon.com/dp/B0G64F9RG3?th=1,1772668800000,200,美国,Party Supplies
1777254385868,亚马逊,B0CQJS7R5B,https://m.media-amazon.com/images/I/61oqwfVS6TL._AC_US200_.jpg,"LINAYE 200 Packs Prefilled Easter Eggs with Toys Inside - Pre Filled Stuffed Easter Eggs for Hunt, Basket Stuffers, Party Favors Gifts for Kids Toddler",https://www.amazon.com/dp/B0CQJS7R5B?th=1,1772668800000,300,美国,Party Supplies
1777254385868,亚马逊,B0GG1BTR2Q,https://m.media-amazon.com/images/I/51lqu3ei5EL._AC_US200_.jpg,"52 PCS 3D Printed Animals Set, Articulated 3D Printed Fidget Animal Toys for Kids Students Classroom Rewards,Party Favors, Easter Christmas Goodie Bag Stuffers, Desk Decor",https://www.amazon.com/dp/B0GG1BTR2Q?th=1,1772668800000,200,美国,玩具图
1777254385868,亚马逊,B0GCZTWGY7,https://m.media-amazon.com/images/I/51EBjTBJsvL._AC_US200_.jpg,"18 Pack Easter Eggs Fillers LED Chick Puffer Balls, Easter Basket Stuffers with Light Up Stress Relief Fidget Toys Squeeze Ball, Easter Egg Hunt Party Favor for Kids Boys Girls Toddler Teens",https://www.amazon.com/dp/B0GCZTWGY7?th=1,1772668800000,400,美国,Party Supplies
1777254385868,亚马逊,B0G6L63CJZ,https://m.media-amazon.com/images/I/51EvZ3ExvyL._AC_US200_.jpg,"12 Pack Easter Eggs Filled with LED Chick Puffer Balls, Easter Basket Stuffers with Light Up Fidget Stress Toys Squeeze Balls Glow In The Dark Surprise Egg for Kids Boys Girls Easter Hunt Party Favors",https://www.amazon.com/dp/B0G6L63CJZ?th=1,1772668800000,800,美国,Party Supplies
1777254385868,亚马逊,B0BRXZN35K,https://m.media-amazon.com/images/I/51pW2hjfqnL._AC_US200_.jpg,"LINAYE 336 PCS Prefilled Easter Eggs Bulk with Toys Inside - 168 Packs Pre Filled Stuffed Eggs with 168 Party Favors for Easter Egg Hunt, Gifts, Basket Stuffers, Party Favors for Kids",https://www.amazon.com/dp/B0BRXZN35K?th=1,1772668800000,300,美国,Party Supplies
1777254385868,亚马逊,B0G8JJQP2R,https://m.media-amazon.com/images/I/51K6GuRbofL._AC_US200_.jpg,"SIMPLIPLAY Unicorn Wooden Stable Playset, Portable Horses Toys Set with 8 Adorable Unicrons, 2 Stickers, Horse Stable with Metal Door Lock, Creativity Horse Gifts for Girls Boys Kids Unicorn Lovers",https://www.amazon.com/dp/B0G8JJQP2R?th=1,1772668800000,200,美国,玩具图
1777254385868,亚马逊,B0G2BKMMDJ,https://m.media-amazon.com/images/I/51dxB3FulZL._AC_US200_.jpg,"24 Pack Brain Teaser Puzzle Set, Wire Puzzles & 3D Metal Challenges with Balance Challenges, IQ Logic Games and Mind Teaser Toys Party Favors for Kids Teens and Adults",https://www.amazon.com/dp/B0G2BKMMDJ?th=1,1772668800000,400,美国,Party Supplies
1777254385868,亚马逊,B0G73BTWC1,https://m.media-amazon.com/images/I/61+bvQiGIOL._AC_US200_.jpg,"60 Pack Plastic Printed Easter Eggs, 2.4 Inch Fillable Empty Eggs Bulks for Easter Eggs Hunt, Easter Basket Stuffers Fillers, Classroom Prize Supplies, Filling Treats and Party Favors",https://www.amazon.com/dp/B0G73BTWC1?th=1,1772668800000,200,美国,Party Supplies
1777254385868,亚马逊,B0GHR8DL7L,https://m.media-amazon.com/images/I/61Ce4yOoUPL._AC_US200_.jpg,"Inflatable Tanning Pool Lounger Float with Sprinkler, X-Large Pool Floats with Auto Spray Cooling, 6 in 1 Sunbathing Lounge Floatie Raft Toys, Blow Up Pool Tanning Bed for Adults Kids Gifts",https://www.amazon.com/dp/B0GHR8DL7L?th=1,1772668800000,1000,美国,体育
1777254385868,亚马逊,B0GQFZP776,https://m.media-amazon.com/images/I/51QPw3960tL._AC_US200_.jpg,PNSO Prehistoric Animal Articulated Toy Series:01 Cameron the Tyrannosaurus Rex Figure,https://www.amazon.com/dp/B0GQFZP776?th=1,1772668800000,200,美国,玩具图
1777254385868,亚马逊,B0GM85L56K,https://m.media-amazon.com/images/I/51APPaoT5OL._AC_US200_.jpg,"200Pcs Anime Stickers for Kids, Demon Cute Hunter Kawaii Scrapbook Decals, Waterproof Vinyl Water Bottle & Laptop Ornament, Easter Basket Stuffers, Funny Book Labels, Aesthetic Decor Gift for Girls",https://www.amazon.com/dp/B0GM85L56K?th=1,1772668800000,700,美国,艺术
1777254385868,亚马逊,B0GQZBWFXS,https://m.media-amazon.com/images/I/41eCu6cvznL._AC_US200_.jpg,"Colorful Dumpling Squishes Stress Balls with Steamer, Cute Anxiety Relief Toy, Soft Squeeze Decompression Dough for Adults, Simulation Food Squishies Bun (Glitter White, 1pcs)",https://www.amazon.com/dp/B0GQZBWFXS?th=1,1772668800000,1000,美国,Novelty & Gag Toys
1777254385868,亚马逊,B0GL2GBMWR,https://m.media-amazon.com/images/I/51llKmVg5uL._AC_US200_.jpg,"24PCS 3D Printed Mini Animals with Storage Plastic Eggs, Forest Animal with Articulated Fidget Sensory Toys Inside for Party Favors, Classroom Prizes, Birthday Goodie Bag Stuffers",https://www.amazon.com/dp/B0GL2GBMWR?th=1,1772668800000,800,美国,玩具图
1777254385868,亚马逊,B0GNTS973G,https://m.media-amazon.com/images/I/91yjDQFjvIL._AC_US200_.jpg,"RoseArt - Olivia Gibbs - Floral Garden 300 Piece Jigsaw Puzzle - Colorful Cottage Garden Flowers and Perennials Scene – Adult Puzzle – Finished Size Approx. 18"" x 24"", Made in USA",https://www.amazon.com/dp/B0GNTS973G?th=1,1772668800000,200,美国,拼图
1777254385868,亚马逊,B0GH4TJHPJ,https://m.media-amazon.com/images/I/51eK-Da6LpL._AC_US200_.jpg,"FURWEY 3lbs Play Sand,Mixed Packaging of 6-Color Sensory Sand,Suitable for Children to Shaping, Squeezing and Molding（Without Molds）",https://www.amazon.com/dp/B0GH4TJHPJ?th=1,1772668800000,600,美国,艺术
1777254385868,亚马逊,B0GL83TDY6,https://m.media-amazon.com/images/I/51H6vClavyL._AC_US200_.jpg,"Kyerivs 4PCS 3D Printed Dinosaur Easter Egg, Cool 3D Printer Dinosaur Fidget Toys for Kids, Animals Fidget Dinosaur Eggs, Prefilled Easter Eggs Basket Stuffers Toys for Kids Boys Teen",https://www.amazon.com/dp/B0GL83TDY6?th=1,1772668800000,500,美国,Novelty & Gag Toys
1777254385868,亚马逊,B0GJT3H9QS,https://m.media-amazon.com/images/I/51UrPsvHf2L._AC_US200_.jpg,Flexible Tracks 15 Ft Flex Race Car Track for Kids Toy-DIY Car Track Set with 1/64th Rebound Cars Portable Rolls Up Race Tracks with Strong Suction Cups-Great Gifts Toys for Boys Girls Ages 3+,https://www.amazon.com/dp/B0GJT3H9QS?th=1,1772668800000,200,美国,车辆
1777254385868,亚马逊,B0GDDTNT4N,https://m.media-amazon.com/images/I/41ixP81HnvL._AC_US200_.jpg,"Butter Squishy Stress Relief Toy for Adults, Slow Rising Squeeze Desk Gadget, Creative Office Stress Management Tool & Novelty Fake Food Decor, Funny Gag Gift for Coworkers (Standard,2 PCS)",https://www.amazon.com/dp/B0GDDTNT4N?th=1,1772668800000,300,美国,新颖性
1777254385868,亚马逊,B0GCLBNMF4,https://m.media-amazon.com/images/I/416KhyuIF2L._SS200_.jpg,"My First Easte First Easter Basket Stuffers Playset, 5 Piece Stuffed Plush Bunny Chick Carrot Egg for Girls Boys Kids Infant Toddler",https://www.amazon.com/dp/B0GCLBNMF4?th=1,1772668800000,500,美国,填充的动物
1777254385868,亚马逊,B0GQM24HMZ,https://m.media-amazon.com/images/I/51D0zRHfklL._AC_US200_.jpg,"Super Water Gun for Kids Adults: 2 Pack - 1200CC Water Toy Gun Squirt Blaster Soaker Long Range High Capacity Swimming Pool Beach Outdoor Summer Fun Party Games, Gifts for Boys and Girls Blue Green",https://www.amazon.com/dp/B0GQM24HMZ?th=1,1772668800000,200,美国,体育
1777254385868,亚马逊,B0G4R9GZYR,https://m.media-amazon.com/images/I/41Pzg2wBLHL._AC_US200_.jpg,"DJI Avata 360 Fly More Combo (RC 2), 360° Drone With 1-Inch 8K 360° Imaging for FPV & Aerial Filming, 360° Camera Drone With Propeller Guard. Includes RC 2 for Precise Control and Three Batteries",https://www.amazon.com/dp/B0G4R9GZYR?th=1,1772668800000,400,美国,遥控
1777254385868,亚马逊,B0GDQYMY3K,https://m.media-amazon.com/images/I/41XcXGA1LeL._AC_US200_.jpg,"24 Pack Prefilled Easter Eggs with 3D Printed Animal Toys for Kids - Plastic Easter Eggs Filled with Cute Animal Figures, Basket Stuffers, Egg Hunt Fillers, Party Favors, Classroom Prizes, Goodie Bag",https://www.amazon.com/dp/B0GDQYMY3K?th=1,1772668800000,300,美国,Party Supplies
1777254385868,亚马逊,B0GQQP9J7P,https://m.media-amazon.com/images/I/41MS+Trc1CL._AC_US200_.jpg,"Giant Dumpling Squishy for Adults, 4/6/10 Inch Jumbo Dumpling Stress Ball, Soft Squeeze Decompression Dough, Anxiety Relief Fidget, Adult Fidget Tool (Purple M: 15cm/6 Inch)",https://www.amazon.com/dp/B0GQQP9J7P?th=1,1772668800000,400,美国,Novelty & Gag Toys
1777254385868,亚马逊,B0GCLLCHVW,https://m.media-amazon.com/images/I/51BVb6bUbDL._AC_US200_.jpg,"LEASEN 48 Pack Printed Easter Eggs Bulks, 2.3 Inches Empty Plastic Easter Eggs Fillable for Easter Egg Hunt, Easter Party Favor for Kids, Basket Stuffers Fillers",https://www.amazon.com/dp/B0GCLLCHVW?th=1,1772668800000,200,美国,扮靓
1777254387952,亚马逊,B0GCM1HPKY,https://m.media-amazon.com/images/I/51ybH6j-hpL._AC_US200_.jpg,"LEASEN 24 Pack Printed Easter Eggs Bulks, 2.3 Inches Empty Plastic Easter Eggs Fillable for Easter Egg Hunt, Easter Party Favor for Kids, Basket Stuffers Fillers",https://www.amazon.com/dp/B0GCM1HPKY?th=1,1772668800000,200,美国,扮靓
1777254387952,亚马逊,B0GCLSRZLL,https://m.media-amazon.com/images/I/518YxZtpEjL._AC_US200_.jpg,"LEASEN 60 Pack Printed Easter Eggs Bulks, 2.3 Inches Empty Plastic Easter Eggs Fillable for Easter Egg Hunt, Easter Party Favor for Kids, Basket Stuffers Fillers",https://www.amazon.com/dp/B0GCLSRZLL?th=1,1772668800000,200,美国,扮靓
1777254387952,亚马逊,B0G72JH1P3,https://m.media-amazon.com/images/I/81dW2MoCsCL._AC_US200_.jpg,"100 Pack 2.4"" Colorful Fillable Easter Eggs with 6 Surprise Golden Eggs, Plastic Easter Egg Empty for Easter Egg Hunt Party Favors Kids Easter Basket Stuffers Fillers Classroom Prizes for Boys Girls",https://www.amazon.com/dp/B0G72JH1P3?th=1,1772668800000,300,美国,Party Supplies
1777254387952,亚马逊,B0GJQ8HHY7,https://m.media-amazon.com/images/I/51rkkUcHrRL._AC_US200_.jpg,"12 PCS Prefilled Easter Eggs with Dinosaur Building Toys, Easter Basket Stuffers Gifts for 3-12 Year Old Kids Toddlers,12-in-1 Dinosaur Block Sets, Party Favors Classroom Prize Supplies",https://www.amazon.com/dp/B0GJQ8HHY7?th=1,1772668800000,200,美国,Party Supplies
1777254387952,亚马逊,B0GR55X7JZ,https://m.media-amazon.com/images/I/41F01P+OJIL._AC_US200_.jpg,"Slow Rebound Cute Butter Squeeze Stress Balls, 2026 New Squeeze Ball Realistic Butter Stick Soft Squeeze Balls, Upgrade Stress Balls for Stress Relief Anxiety Sensory Gifts (1pcs)",https://www.amazon.com/dp/B0GR55X7JZ?th=1,1772668800000,1000,美国,Novelty & Gag Toys
1777254387952,亚马逊,B0GL7B453W,https://m.media-amazon.com/images/I/41U6kbSlYDL._AC_US200_.jpg,"Easter Bunny Toy,Hopping Bunny Toy,Hopping Rabbit Plush Bunny Toy, Walks, Jumps, Sounds an Ideal Surprise Gift for Toddlers,Easter Toys for Toddlers(White)",https://www.amazon.com/dp/B0GL7B453W?th=1,1772668800000,200,美国,填充的动物
1777254387952,亚马逊,B0GH7DSJ7F,https://m.media-amazon.com/images/I/71FsH6cTKVL._AC_US200_.jpg,"2 Pack Easter Reusable Books, Activity Books, Arts and Removable Jelly,Easter Holiday Travel Gifts Basket Stuffers Essentials",https://www.amazon.com/dp/B0GH7DSJ7F?th=1,1772668800000,800,美国,艺术
1777254387952,亚马逊,B0GR2PLBT5,https://m.media-amazon.com/images/I/516cPKZudLL._AC_US200_.jpg,"Cute Duck Squishy Sugar Stress Ball,Soft Duck Stress Relief Sugar Ball Squishy Ultra Squishy and Moldable Slow Rise Relaxing Sensory Fidget Stress for Anxiety Relief Pink",https://www.amazon.com/dp/B0GR2PLBT5?th=1,1772668800000,200,美国,Novelty & Gag Toys
1777254387952,亚马逊,B0GFMN8QJJ,https://m.media-amazon.com/images/I/41GvSwyPeGL._AC_US200_.jpg,"Children's Handheld Electronic Magnifying Glass, White Rabbit-Shaped Science Educational Microscope Kit, STEM Educational Toy for Kids Ages 5–10 Birthday Gift for Boys & Girls",https://www.amazon.com/dp/B0GFMN8QJJ?th=1,1772668800000,400,美国,学习
1777254387952,亚马逊,B0GR52KN9P,https://m.media-amazon.com/images/I/41JIrfqrDlL._AC_US200_.jpg,"Strawberry Squishy, Realistic Strawberry Stress Ball, Squeezable Toy Fruit Ball,Party Favor Slow Rise Pressure Release Toy Adults",https://www.amazon.com/dp/B0GR52KN9P?th=1,1772668800000,300,美国,Novelty & Gag Toys
1777254387952,亚马逊,B0GF8BL21Y,https://m.media-amazon.com/images/I/51eqdWpomEL._AC_US200_.jpg,"Pool Floats Lounger with UPF50+ Canopy Adjustable, Inflatable Large Floating Chair Ergonomic Design, with Cup Holders, Perfect for Swimming Pool, Beach, Lake, Party - Dark Blue",https://www.amazon.com/dp/B0GF8BL21Y?th=1,1772668800000,500,美国,体育
1777254387952,亚马逊,B0GJRLY69Z,https://m.media-amazon.com/images/I/613B2Ic2DbL._AC_US200_.jpg,"Impossmaker 24PCS 3D Printed Dragon Eggs, Prefilled Easter Dragon Egg with Dragon Toy for Basket Stuffers, Unique Easter Basket Essentials for Kids Goodie Bag Fillers, Classroom Prize Supplies",https://www.amazon.com/dp/B0GJRLY69Z?th=1,1772668800000,1000,美国,玩具图
1777254387952,亚马逊,B0GR32249T,https://m.media-amazon.com/images/I/41tjyxUSb+L._AC_US200_.jpg,"Dumpling Squishies, Glitter Dumpling Mystery Box, Colorful Dumplings Stress Balls Fidget Sensory Toy, Stocking Stuffers with Food Steamer Stretchy Desk Toys",https://www.amazon.com/dp/B0GR32249T?th=1,1772582400000,2000,美国,Novelty & Gag Toys
1777254387952,亚马逊,B0GR2P2Z29,https://m.media-amazon.com/images/I/31A+NXg7EIL._AC_US200_.jpg,"Squishy Stress Ball,Water Drop Fidget Stress Ball,Ice Squishy Stress Cube-Drop Malt Sugar Balls Sensory for Anxiety Stress Easter Party Favors Pink",https://www.amazon.com/dp/B0GR2P2Z29?th=1,1772582400000,700,美国,Novelty & Gag Toys
1777254387952,亚马逊,B0GGR4Z22R,https://m.media-amazon.com/images/I/71i5hV1XOeL._AC_US200_.jpg,"24 Pack Pre-filled Easter Eggs with Weird & Funny Meme Toys – Made of Soft Silicone, Italian Design Inspired Collectibles, Easter Basket Stuffers & Egg Hunt Prizes for All Ages (Non-Candy)",https://www.amazon.com/dp/B0GGR4Z22R?th=1,1772582400000,1000,美国,Party Supplies
1777254387952,亚马逊,B0G43FFRCW,https://m.media-amazon.com/images/I/51k9oVGy-iL._AC_US200_.jpg,ceiba tree First Holy Communion Banner Kit for Boy Felt Craft Catholic DIY Decorating Decor Glitter Pens Gems Sunday School Church Activity,https://www.amazon.com/dp/B0G43FFRCW?th=1,1772582400000,300,美国,Party Supplies
1777254387952,亚马逊,B0CQC6MKKC,https://m.media-amazon.com/images/I/41XHIjW4KzL._AC_US200_.jpg,"12 Pcs 7.87"" Large Easter Eggs Plastic Fillable, Colorful Jumbo Easter Eggs for Easter Themed Hunt Basket Stuffers Fillers Filling Treats Party Favor Classroom Prize Supplies",https://www.amazon.com/dp/B0CQC6MKKC?th=1,1772582400000,200,美国,扮靓
1777254387952,亚马逊,B0FVXHC4D3,https://m.media-amazon.com/images/I/510t7ek5rLL._AC_US200_.jpg,"36 pcs 3D Printed Animal Figurines Set, Articulated Animal Figurines, Easter Eggs, Easter Basket Stuffers, Party Favor, for Easter Egg Hunts, for Girls and Boys (Golden)",https://www.amazon.com/dp/B0FVXHC4D3?th=1,1772582400000,200,美国,玩具图
1777254387952,亚马逊,B0DQWJ2CWQ,https://m.media-amazon.com/images/I/81eJ2JoBoTL._AC_US200_.jpg,"12 Pcs Pre-Filled Easter Eggs with Mini Plush Animal Toys, 2.8"" Stuffed Animals Keychain in Surprise Plastic Eggs, Ready to Hide Easter Basket Stuffers Hunt, Party Favors for Kids",https://www.amazon.com/dp/B0DQWJ2CWQ?th=1,1772582400000,300,美国,Party Supplies
1777254387952,亚马逊,B0GHPZWDG3,https://m.media-amazon.com/images/I/71YogYviaOL._AC_US200_.jpg,"24 Pack Easter Eggs Filled LED Finger Lights ,Light Up Toys Glow In The Dark Non Candy Gifts Easter Egg Fillers Easter Hunt Filling Treats Easter Basket Stuffers Party Favor for Kids Boys Girls",https://www.amazon.com/dp/B0GHPZWDG3?th=1,1772582400000,300,美国,Party Supplies
1777254387952,亚马逊,B0GJSFWMBD,https://m.media-amazon.com/images/I/517iOuLsjDL._AC_US200_.jpg,"Filled Easter Eggs with Surprise Stray Kids merch, Stray kids Easter Basket Stuffers for Toddler, Easter Party Favors, Filled Easter Eggs Hunt, Easter Egg Fillers, Easter Decorations - 21 Pcs",https://www.amazon.com/dp/B0GJSFWMBD?th=1,1772582400000,200,美国,Party Supplies
1777254387952,亚马逊,B0GJSCM4WL,https://m.media-amazon.com/images/I/71yjxlhI2hL._AC_US200_.jpg,"21 PCS Italian Brainrot Steal a Brainrot Action Figures for Kids | 1.8"" Tralalero Tralala Tung Tung Tung Sahur Dolls | Fun Brain Rot Toys for Kids, Birthday Party Favors, Goodie Bag Gifts",https://www.amazon.com/dp/B0GJSCM4WL?th=1,1772582400000,400,美国,Party Supplies
1777254387952,亚马逊,B0GG4MHQ15,https://m.media-amazon.com/images/I/81ncO3lDBqL._AC_US200_.jpg,"40 Sheets Make a Face Stickers, Kpop Stickers Chibi Anime Dress Up Mix & Match Waterproof Demon Movie Hunters Sticker Sheets for Journaling, Scrapbook, Planner, Party Favors & Birthday Decorations",https://www.amazon.com/dp/B0GG4MHQ15?th=1,1772582400000,200,美国,艺术
1777254387952,亚马逊,B0GDF342D3,https://m.media-amazon.com/images/I/91BgOl+cKpL._AC_US200_.jpg,"LINAYE 12 Packs Prefilled Easter Eggs with Toys Inside, Pre Filled Stuffed Easter Eggs with Dinosaur Building Blocks Toys for Egg Hunt Game Prizes, Basket Stuffers Gifts for Kids Boys",https://www.amazon.com/dp/B0GDF342D3?th=1,1772582400000,200,美国,Party Supplies
1777254387952,亚马逊,B0GPW2TKJS,https://m.media-amazon.com/images/I/911n49O1q8L._AC_US200_.jpg,"105pcs DCC This is an Outrage Princess Donut Sticker Funny Dungeon Book Crawler Reading Carl Stickers for Kindle Waterproof Vinyl for Laptop, Water Bottle, Skateboard, Scrapbooking, Party Favors",https://www.amazon.com/dp/B0GPW2TKJS?th=1,1772582400000,200,美国,艺术
1777254387952,亚马逊,B0FSD6DN37,https://m.media-amazon.com/images/I/51H9nGK7FUL._AC_US200_.jpg,"12 Pcs Prefilled Easter Eggs with Plush Animals Toys Inside, Filled Easter Eggs for Easter Egg Hunt, Easter Basket Stuffers Fillers, Easter Classroom Prize Supplies",https://www.amazon.com/dp/B0FSD6DN37?th=1,1772582400000,300,美国,Party Supplies
1777254387952,亚马逊,B0G4VRMWG3,https://m.media-amazon.com/images/I/41+Y8vEG9GL._AC_US200_.jpg,"8 PCS Jumbo Gold Plastic Easter Eggs, 6 Inch Giant Metallic Golden Easter Eggs Fillable Large Empty Egg for Easter Hunt Basket Stuffers Fillers Classroom Prize Supplies",https://www.amazon.com/dp/B0G4VRMWG3?th=1,1772582400000,300,美国,Party Supplies
1777254387952,亚马逊,B0GR3HTPFS,https://m.media-amazon.com/images/I/41I7xq6h9tL._AC_US200_.jpg,"Dumpling Squishies, Glitter Dumpling Mystery Box, Colorful Dumplings Stress Balls Fidget Sensory Toy, Stocking Stuffers with Food Steamer Stretchy Desk Toys",https://www.amazon.com/dp/B0GR3HTPFS?th=1,1772582400000,700,美国,Novelty & Gag Toys
1777254387952,亚马逊,B0GGHNG8FQ,https://m.media-amazon.com/images/I/517G9jUWc0L._AC_US200_.jpg,"Meaicezli Beach Toys, 2 Packs Sand Toys for Shell Collecting, Collapsible Sand Buckets Shark Tooth Sifter and Mesh Bag, Shell Scooper for Beach Travel Essentials Kids Boys and Girls",https://www.amazon.com/dp/B0GGHNG8FQ?th=1,1772582400000,400,美国,运动与户外游戏
1777254387952,亚马逊,B0GFF7F4KX,https://m.media-amazon.com/images/I/51WpkmSOdGL._AC_US200_.jpg,24 Pack Easter Eggs with Axolotl Stress Balls (Axolotl with Eggs),https://www.amazon.com/dp/B0GFF7F4KX?th=1,1772582400000,200,美国,Novelty & Gag Toys
1777254387952,亚马逊,B0GG5J66NH,https://m.media-amazon.com/images/I/419uaLF8K0L._AC_US200_.jpg,"Light Up Kids Party Drinkware – LED Light-Up Sippy Cups for Parties, Classroom Gifts, Holiday Favors, BPA-Free Reusable Cups for Kids – PEEPS Easter Bunny Pink & Blue",https://www.amazon.com/dp/B0GG5J66NH?th=1,1772582400000,200,美国,派对用品
1777254387952,亚马逊,B0GQXDTXHM,https://m.media-amazon.com/images/I/51I4Bx3mChL._AC_US200_.jpg,"Bounce House, 8-in-1 Gameplay Mode Inflatable Bounce House for Kids, Sturdy and Durable Bouncy House with Blower, Family Backyard Bouncy Castle with Slide for Indoor Outdoor",https://www.amazon.com/dp/B0GQXDTXHM?th=1,1772582400000,300,美国,体育
1777254387952,亚马逊,B0GJNHZVZC,https://m.media-amazon.com/images/I/51T6nPHpO1L._AC_US200_.jpg,"Large Easter Eggs, 12 Pieces 4.7"" Jumbo Plastic Bright Solid Dinosaur Easter Egg Filled with Small Toys, Dinosaur Easter Theme Party Favor, Basket Stuffers Fillers, Classroom Prize Supplies Toy",https://www.amazon.com/dp/B0GJNHZVZC?th=1,1772582400000,200,美国,扮靓
1777254387952,亚马逊,B0GQZPKTF3,https://m.media-amazon.com/images/I/41PpKKpFHTL._AC_US200_.jpg,"Colorful Dumpling Squishes Stress Balls with Steamer, Cute Anxiety Relief Toy, Soft Squeeze Decompression Dough for Adults, Simulation Food Squishies Bun (Golden, 1pcs)",https://www.amazon.com/dp/B0GQZPKTF3?th=1,1772582400000,1000,美国,Novelty & Gag Toys
1777254387952,亚马逊,B0GGRDKV2F,https://m.media-amazon.com/images/I/41VLktFNSWL._AC_US200_.jpg,Toddler Outdoor Playset Kids Cleaning Car Toy with Real Spray Car Wash Water Gun for Kids 3+ Manual Pressure Washer Toy,https://www.amazon.com/dp/B0GGRDKV2F?th=1,1772582400000,300,美国,扮靓
1777254387952,亚马逊,B0GC4841WB,https://m.media-amazon.com/images/I/51jBcq7XVfL._AC_US200_.jpg,"12PCS Spinning Tops Toys, Glow in The Dark Spinner Toys for Party Favor, Easter Basket Stuffers, Easter Eggs Fillers Gifts",https://www.amazon.com/dp/B0GC4841WB?th=1,1772582400000,300,美国,Party Supplies
1777254387952,亚马逊,B0GQZP5S32,https://m.media-amazon.com/images/I/31m5QtzLzEL._AC_US200_.jpg,"Squish Toys,Slow Rebound Cute Butter Squeeze Stress Balls,Stress Relief Sensory Toys for Adults Kids Gifts,Slow Rising Squishy,Taba Squishy,Stress Relief Fidget Toys for ADHD,Party Favor Gifts (2Pcs)",https://www.amazon.com/dp/B0GQZP5S32?th=1,1772582400000,300,美国,Novelty & Gag Toys
1777254387952,亚马逊,B0GNTD65ZN,https://m.media-amazon.com/images/I/41GUPgRfq7L._AC_US200_.jpg,Tonies Mister Rogers' Neighborhood Audio Toy Figurine,https://www.amazon.com/dp/B0GNTD65ZN?th=1,1772582400000,2000,美国,儿童电子产品
1777254387952,亚马逊,B0GF2L31L9,https://m.media-amazon.com/images/I/41eeOimON5L._AC_US200_.jpg,"4 PCS Taba Squishy Hairless Chicken Toys, Handmade Ultra Soft Chick Squishy Fidget Toys, Sticky Taba Squishies for Kids & Adults Stress Relief",https://www.amazon.com/dp/B0GF2L31L9?th=1,1772582400000,200,美国,Novelty & Gag Toys
1777254387952,亚马逊,B0G9315D98,https://m.media-amazon.com/images/I/515jkaBHd9L._AC_US200_.jpg,"24PCS Pack Easter Squishies,Easter Bunny Stress Balls for Adults,Easter Basket Stuffers,Bulk Squishy Easter Toys Stress Relief Fidget,Easter Egg Fillers Party Favors Gifts",https://www.amazon.com/dp/B0G9315D98?th=1,1772582400000,1000,美国,Novelty & Gag Toys
1777254387952,亚马逊,B0GQZ59G68,https://m.media-amazon.com/images/I/41AdUc-d8pL._AC_US200_.jpg,"Dumpling Squishies, Mystery Glitter Dumpling Squishies Box, Colorful Dumplings Stress Balls Fidget Sensory Toy, Soft Squeeze Decompression Dough for Anxiety Relief Fidget, Kids Easter Basket Stuffers",https://www.amazon.com/dp/B0GQZ59G68?th=1,1772582400000,600,美国,Novelty & Gag Toys
1777254387952,亚马逊,B0GR5G3WXV,https://m.media-amazon.com/images/I/41QwQFuJ32L._AC_US200_.jpg,"Dumpling Squishies, Glitter Dumpling Mystery Box, Colorful Dumplings Stress Balls Fidget Sensory Toy, Stocking Stuffers with Food Steamer Stretchy Desk Toys",https://www.amazon.com/dp/B0GR5G3WXV?th=1,1772582400000,1000,美国,Novelty & Gag Toys
1777254387952,亚马逊,B0G15BSGHW,https://m.media-amazon.com/images/I/31b6QP4tDVL._AC_US200_.jpg,My Mario Pour & Nest Bath Playset by TOMY Toomies - Pouring Toddler Water Toys for Bath or Pool - Officially Licensed Mario Toys for Kids and Toddlers - Ages 2 Years and Up,https://www.amazon.com/dp/B0G15BSGHW?th=1,1772582400000,500,美国,婴幼儿
1777254387952,亚马逊,B0GHT6Y92C,https://m.media-amazon.com/images/I/51fhyL8S2hL._AC_US200_.jpg,"Demon Hunters Birthday Party Supplies, 24Pcs Mini Notepads for Kpop Party Gifts, Goodie Bag Stuffers, Classroom Rewards, 8 Types",https://www.amazon.com/dp/B0GHT6Y92C?th=1,1772582400000,900,美国,派对用品
1777254387952,亚马逊,B0G1XB2STM,https://m.media-amazon.com/images/I/71G+W-Z2ViL._AC_US200_.jpg,Pokemon Card Game MEGA Expansion Pack Ninja Spinner Box,https://www.amazon.com/dp/B0G1XB2STM?th=1,1772582400000,400,美国,游戏
1777254387952,亚马逊,B0FJBPZLTP,https://m.media-amazon.com/images/I/71a3Hdr+ClL._AC_US200_.jpg,Squishmallows Original Pokémon 10in Charmander HugMees – Ultrasoft Official Jazwares Plush (Medium-Sized),https://www.amazon.com/dp/B0FJBPZLTP?th=1,1772582400000,1000,美国,填充的动物
1777254387952,亚马逊,B0GF83G4GY,https://m.media-amazon.com/images/I/71CTLQx8lpL._AC_US200_.jpg,Soulchen 1 Pcs 3.5 ft Giant Self Standing Baseball Foil Balloons for Baseball Birthday Party Decoration Team Celebration Decor Backyard BBQ Sports Themed Party Supplies,https://www.amazon.com/dp/B0GF83G4GY?th=1,1772582400000,300,美国,派对用品
1777254387952,亚马逊,B0GJC3N78Q,https://m.media-amazon.com/images/I/51UPD976yaL._AC_US200_.jpg,4Pcs Cinco De Mayo Decorations Wooden Table Centerpieces Happy Cinco De Mayo Party Table Decorations Taco Bar 5 De Mayo Tabletop Tiered Tray Decor for Mexican Fiesta Party Decor Supplies,https://www.amazon.com/dp/B0GJC3N78Q?th=1,1772582400000,200,美国,派对用品
1777254387952,亚马逊,B0GJ9JYQN4,https://m.media-amazon.com/images/I/51VHG6a2+RL._AC_US200_.jpg,"Video Walkie Talkies for Kids: 2 Pack Intercom Toys for Boys Girls Age 3-12 Year Old, Rechargeable Kids Walkie Talkies, HD Camera, Voice Changer, 2'' Screen for Outdoor Play Camping Hiking Family Game",https://www.amazon.com/dp/B0GJ9JYQN4?th=1,1772582400000,300,美国,儿童电子产品
1777254387952,亚马逊,B0GDFJSD7G,https://m.media-amazon.com/images/I/61YpmqWQ2bL._AC_US200_.jpg,"126 Pcs Easter Egg Fillers, Easter Basket Stuffers for Boys Girls, Easter Egg Stuffers, Easter Party Favors, Easter Gifts Toys, Treasure Box Toys, Classroom Prizes, Goodie Bags Stuffers for Kids",https://www.amazon.com/dp/B0GDFJSD7G?th=1,1772582400000,300,美国,Party Supplies
1777254387952,亚马逊,B0GKFKV3ZH,https://m.media-amazon.com/images/I/51piefNL5xL._AC_US200_.jpg,"Cross Flower Building Set, Religious Cross Collectibles Compatible with Lego Jesus Catholic Building Toys, Easter, Christian, Birthday Gifts for Mothers, Women or Adults",https://www.amazon.com/dp/B0GKFKV3ZH?th=1,1772582400000,300,美国,建筑玩具
1777254387952,亚马逊,B0GQ5C6KSS,https://m.media-amazon.com/images/I/417bjGRmfRL._AC_US200_.jpg,"Dalmao 28 Inch Big Sea Turtle Stuffed Animals, Cute Giant Large Jumbo Soft Plush Toys, Ocean Green Turtle Plushie Body Pillow, Gifts for Kid Boys, Girls, Girlfriend, Birthday",https://www.amazon.com/dp/B0GQ5C6KSS?th=1,1772582400000,300,美国,填充的动物
1777254387952,亚马逊,B0GR4GHBVN,https://m.media-amazon.com/images/I/41ikPNj3z2L._AC_US200_.jpg,"1pcs Glitter Pink Glitter Dumpling, Glitter Dumpling Squishy Box, Dumplings Squishy, Anxiety Relief Soft Squeeze Dumplings Stress Balls Fidget Sensory Toy,Squeeze Dough Ball Stress Relief",https://www.amazon.com/dp/B0GR4GHBVN?th=1,1772582400000,200,美国,Novelty & Gag Toys
1777254387952,亚马逊,B0GGB7V33S,https://m.media-amazon.com/images/I/41VN4Z8CagL._AC_US200_.jpg,"Wind-Up Easter Toys for Kids, 4-Pack Chick & Bunny Plush Wind Up Animals, Non-Candy Classroom Exchange Toys, Easter Basket Stuffers, Spring Party Favor Wind Up Toy Set",https://www.amazon.com/dp/B0GGB7V33S?th=1,1772582400000,300,美国,新颖性
1777254387952,亚马逊,B0GQJV4GKR,https://m.media-amazon.com/images/I/81PTwlVBoLL._AC_US200_.jpg,"Learning Resources Scramboozle Number Jumble - 3D Brain Teasers for Kids and Adults, Puzzles for Teens, Critical Thinking and Problem Solving Game, Travel Toy, Fidget Toys, Gifts for Boys and Girls",https://www.amazon.com/dp/B0GQJV4GKR?th=1,1772582400000,200,美国,拼图
1777254387952,亚马逊,B0FQ71PS6M,https://m.media-amazon.com/images/I/718FIUenuxL._AC_US200_.jpg,"Creamsicle Series, Blind Box Collectible Plush, Limited Edition Toy Gift for All Ages, 3 to Collect, Orange, Raspberry and Blueberry",https://www.amazon.com/dp/B0FQ71PS6M?th=1,1772582400000,600,美国,填充的动物
1777254387952,亚马逊,B0FKPR29W5,https://m.media-amazon.com/images/I/81IT2-gbyyL._AC_US200_.jpg,"Hyojo Hershey’S Kisses Series, Blind Box Collectible Plush, Limited Edition Toy Gift for All Ages, 3 to Collect, Blue, Silver & Pink Foil",https://www.amazon.com/dp/B0FKPR29W5?th=1,1772582400000,900,美国,填充的动物
1777254387952,亚马逊,B0GH63DCPW,https://m.media-amazon.com/images/I/61dPAnBSdTL._AC_US200_.jpg,"9Pcs Stranger Birthday Party Supplies, Honeycomb Centerpieces for Stranger Things Decorations, Double Sided Table Centerpieces",https://www.amazon.com/dp/B0GH63DCPW?th=1,1772582400000,300,美国,派对用品
1777254387952,亚马逊,B0GFCWJKFV,https://m.media-amazon.com/images/I/514NBNZ97RL._AC_US200_.jpg,Mini Water Gun for Kids Toddler: 2 Pack Water Guns Soaker Squirts Blasters with Trigger for Boys Girls Bath Toys - Ideal Pool Toys Summer Outdoor Beach Fighting Play,https://www.amazon.com/dp/B0GFCWJKFV?th=1,1772582400000,2000,美国,体育
1777254387952,亚马逊,B0GDFPDQ8B,https://m.media-amazon.com/images/I/617oOx759rL._AC_US200_.jpg,"Mivanlin 120 Pcs Easter Egg Fillers, Easter Basket Stuffers for Kids Girls Boys, Easter Egg Stuffers, Easter Party Favors, Easter Gifts Toys, Treasure Box Toys, Classroom Prizes, Goodie Bags Stuffers",https://www.amazon.com/dp/B0GDFPDQ8B?th=1,1772582400000,300,美国,Party Supplies
1777254387952,亚马逊,B0FT35HDV3,https://m.media-amazon.com/images/I/61O-OexhP4L._AC_US200_.jpg,"LAUGIGLE 86Pc Wheat Straw Play Food for Kids Kitchen-Toy Food with 2 Baskets & Picnic Blanket, Realistic Cutting Pizza, Grocery Cans, Pretend Play Kitchen Accessories & Toddler Toys for Boys Girls 3+",https://www.amazon.com/dp/B0FT35HDV3?th=1,1772582400000,200,美国,扮靓
1777254387952,亚马逊,B0GHF4YLCY,https://m.media-amazon.com/images/I/71-4810iM7L._AC_US200_.jpg,"HUITEM Beach Sand Toys for Kids with 20 in Long Beach Shovels, 2 Collapsible Bucket, Sand Castle Building Kit, Sand Molds, Mesh Bag, Travel Sandbox Toys Beach Essentials for Kids Age 3-10",https://www.amazon.com/dp/B0GHF4YLCY?th=1,1772582400000,300,美国,运动与户外游戏
1777254387952,亚马逊,B0GCMDFL62,https://m.media-amazon.com/images/I/51zsy1bwxpL._AC_US200_.jpg,Bubble Gun Machine for Kid & Toddler: 2PCS Bubble Blaster Guns with Bubble Solution Refill & LED Light - Automatic Bubble Blower for Kids 4-8 - Great Party Toys for Outdoor Easter Wedding Birthday,https://www.amazon.com/dp/B0GCMDFL62?th=1,1772582400000,2000,美国,体育
1777254387952,亚马逊,B0GDDQRVXL,https://m.media-amazon.com/images/I/51h1Cm+bSwL._AC_US200_.jpg,"HeyZoo Tree Swing for Kids 330LB Capacity, Climbing Rope with Platforms and Disc Swing Seat Set Outdoor Backyard Playground Accessories with Carabiners and Thickened Strap, Green",https://www.amazon.com/dp/B0GDDQRVXL?th=1,1772582400000,600,美国,体育
1777254387952,亚马逊,B0GL8545GH,https://m.media-amazon.com/images/I/71lIYvHNVaL._AC_US200_.jpg,"4K Drone with Camera 2650 ft Long Range 84 min Flight Time Super Endurance Foldable Drone with Camera for Beginners, WiFi FPV Quadcopter, Brushless Motor, Auto Hover, Follow Me (3 Batteries)",https://www.amazon.com/dp/B0GL8545GH?th=1,1772582400000,300,美国,遥控
1777254387952,亚马逊,B0GJ3DCR9K,https://m.media-amazon.com/images/I/51HzJ4lWEKL._AC_US200_.jpg,"Bubble Lawn Mower for Kids, 3-in-1 Bubble Machine Blower with 10 Bubble Solution, Outdoor Push Toys for Toddlers Ages 3-8, Birthday Easter Summer Gift for Boys Girls 3 4 5 6 7 8 Year Old",https://www.amazon.com/dp/B0GJ3DCR9K?th=1,1772582400000,500,美国,体育
1777254387952,亚马逊,B0G6YX2FMK,https://m.media-amazon.com/images/I/51OQ+eM94oL._AC_US200_.jpg,"48 Sheets Easter Stickers Crafts for Kids, Easter Craft Basket Stuffers for Toddlers, Kids Easter Gifts Party Favors Decorations Supplies",https://www.amazon.com/dp/B0G6YX2FMK?th=1,1772582400000,200,美国,艺术
1777254387952,亚马逊,B0GMLS515Y,https://m.media-amazon.com/images/I/51jLnFWn16L._AC_US200_.jpg,"Hamee RE-Ment Kirby Blind Box Miniature Figure Set for Birthday Gift, Party Favor, Collectible Toy (Kirby Terrarium Collection: Story of Fountain of Dreams) – 1 Pc. Mystery Box",https://www.amazon.com/dp/B0GMLS515Y?th=1,1772582400000,200,美国,新颖性
1777254387952,亚马逊,B0GQT3JN17,https://m.media-amazon.com/images/I/51d0tgchKKL._AC_US200_.jpg,"4 Pcs Mahjong Shuffler Cards for Tiles Mixing & Shuffling Portable Mah Jong Accessories Gift Party Supplies Waterproof Rules Printed Mixer 7 x 5 in for Tiles Lover (Pastel,Wave,Striped)",https://www.amazon.com/dp/B0GQT3JN17?th=1,1772582400000,300,美国,游戏
1777254387952,亚马逊,B0G6ZP1BGB,https://m.media-amazon.com/images/I/51stEI-OS3L._AC_US200_.jpg,"MAMAGIFTREE Funny Leaving Gift Crochet Succulent with Humorous Message Card, Cute Desk Decor for Coworker Friend, Breakup Divorce Farewell Retirement Gift",https://www.amazon.com/dp/B0G6ZP1BGB?th=1,1772582400000,300,美国,新颖性
1777254387952,亚马逊,B0GF7ZTPFC,https://m.media-amazon.com/images/I/51j3A8cGqeL._AC_US200_.jpg,"SYMA 2 Pack RC Boats for Kids, Remote Control Boats for Pool, 7-Mode LED Light Up & Water Spray, Up to 40 Min Total (2 Batteries), 2.4GHz 164 ft Range, Gift for Boys & Girls",https://www.amazon.com/dp/B0GF7ZTPFC?th=1,1772582400000,900,美国,遥控
1777254387952,亚马逊,B0GR59MBB9,https://m.media-amazon.com/images/I/41x39-eEeXL._AC_US200_.jpg,"Dumpling Squishies, Glitter Dumpling Mystery Box, Colorful Dumplings Stress Balls Fidget Sensory Toy, Stocking Stuffers with Food Steamer Stretchy Desk Toys",https://www.amazon.com/dp/B0GR59MBB9?th=1,1772582400000,1000,美国,Novelty & Gag Toys
1777254387952,亚马逊,B0GR587Z61,https://m.media-amazon.com/images/I/41NLyin-MhL._AC_US200_.jpg,"Dumpling Squishies, Glitter Dumpling Mystery Box, Colorful Dumplings Stress Balls Fidget Sensory Toy, Stocking Stuffers with Food Steamer Stretchy Desk Toys",https://www.amazon.com/dp/B0GR587Z61?th=1,1772582400000,3000,美国,Novelty & Gag Toys
1777254387952,亚马逊,B0FLRMBK5W,https://m.media-amazon.com/images/I/61JeJ1WZ-ZL._AC_US200_.jpg,"Teeturtle Reversible Sanrio Kuromi Plushie 4-Inch Easter Egg Two-Sided Flip Plush Toy with Embroidered Details - Cute Mini Collectible Plush for Kids, Teens, and Adults",https://www.amazon.com/dp/B0FLRMBK5W?th=1,1772582400000,200,美国,填充的动物
1777254387952,亚马逊,B0FJG4G32S,https://m.media-amazon.com/images/I/71Vy0ru6bDL._AC_US200_.jpg,Squishmallows Original Micromallows Plush 5-Pack,https://www.amazon.com/dp/B0FJG4G32S?th=1,1772582400000,200,美国,填充的动物
1777254387952,亚马逊,B0GR4T53GF,https://m.media-amazon.com/images/I/41NLyin-MhL._AC_US200_.jpg,"Dumpling Squishies, Mystery Glitter Dumpling Squishies Box, Colorful Dumplings Stress Balls Fidget Sensory Toy, Soft Squeeze Decompression Dough for Anxiety Relief Fidget, Kids Easter Basket Stuffers",https://www.amazon.com/dp/B0GR4T53GF?th=1,1772582400000,1000,美国,Novelty & Gag Toys
1777254387952,亚马逊,B0GQZDGZF4,https://m.media-amazon.com/images/I/41F01P+OJIL._AC_US200_.jpg,"Cute Slow Rebound Butter Squeeze Stress Balls Travel Essentials,2026 Squeeze Ball Realistic Butter Stick Soft Squeeze Toys,Portable Wet Slow Rebound Stress Relief Toy (Beige)",https://www.amazon.com/dp/B0GQZDGZF4?th=1,1772582400000,700,美国,Novelty & Gag Toys
1777254387952,亚马逊,B0G7G34GQ1,https://m.media-amazon.com/images/I/512b1uX6xEL._AC_US200_.jpg,"2026 Inflatable Pool with Canopy, Large Inflatable Pool for Kids,Adults, Blow Up Pools with Seats,Oversize Thickened 118""x75""x22""Inflatable Swimming Pools, Kids Pool for Backyard,Ocean Theme-Blue",https://www.amazon.com/dp/B0G7G34GQ1?th=1,1772582400000,900,美国,体育
1777254387952,亚马逊,B0GR4ZDV6B,https://m.media-amazon.com/images/I/31Y9247b5RL._AC_US200_.jpg,"Dragon Fruit Squishy, 2026 New Realistic Fruit Stress Balls Stress Relief Fidget, Giant Dragonfruit Squishy Jumbo, Slow Rebound for Adults (1pc)",https://www.amazon.com/dp/B0GR4ZDV6B?th=1,1772582400000,200,美国,Novelty & Gag Toys
1777254387952,亚马逊,B0GFSBRXJL,https://m.media-amazon.com/images/I/71bxafwj1+L._AC_US200_.jpg,"12 Pcs Prefilled Easter Eggs with 3D Printed Mini Animal Toys, Cute Basket Stuffers for Kids, Party Favors for Boys & Girls, Ideal for Easter Egg Hunt, Classroom Prizes & Party",https://www.amazon.com/dp/B0GFSBRXJL?th=1,1772496000000,600,美国,玩具图
1777254387952,亚马逊,B0GHKL33W8,https://m.media-amazon.com/images/I/51pbgZcpNvL._AC_US200_.jpg,"24 Pcs Reusable Water Balloons, Self-Sealing Refillable Water Balls, Pool Toys for Kids Ages 4-14, Pool Beach & Outdoor Water Ballons",https://www.amazon.com/dp/B0GHKL33W8?th=1,1772496000000,600,美国,体育
1777254387952,亚马逊,B0GG4DNKBS,https://m.media-amazon.com/images/I/61jynsCm5oL._AC_US200_.jpg,"delaimastor Prefilled Easter Eggs, 120 Pcs Easter Eggs Filled, Easter Egg Hunt Party Favors Basket Stuffers Prizes for Easters Egg Hunt Party Favors",https://www.amazon.com/dp/B0GG4DNKBS?th=1,1772496000000,300,美国,Party Supplies
1777254387952,亚马逊,B0GLYL33S2,https://m.media-amazon.com/images/I/51UUaDMnR4L._AC_US200_.jpg,"Bug Catcher for Kids, 17 PCS Bug Catching Kit with Bug Collector Toy Bugs Butterfly Net Magnifying Glass Insect Catcher Tweezers, Outdoor Explorer Kit for Kids Age 3 4 5 6 7 8",https://www.amazon.com/dp/B0GLYL33S2?th=1,1772496000000,1000,美国,体育
1777254387952,亚马逊,B0G2C5XB8X,https://m.media-amazon.com/images/I/51cJ-awfBHL._AC_US200_.jpg,"SpringFlower Filled Easter Egg With Dinosaur Toy,Easter Basket Stuffers for Kids, Easter Egg Hunt Game,Easter Party Favor Supplies Classroom Rewards, Basket Essentials, 12 PACK",https://www.amazon.com/dp/B0G2C5XB8X?th=1,1772496000000,400,美国,Party Supplies
1777254387952,亚马逊,B0G1SXK3VM,https://m.media-amazon.com/images/I/515yAuGBS6L._AC_US200_.jpg,Fancy Land 12 Pcs Passover Crafts for Kids Ten Plagues of Egypt Scene Stickers Jewish Crafts for Gifts Party Favors Decorations School Classroom Activities Pesach,https://www.amazon.com/dp/B0G1SXK3VM?th=1,1772496000000,200,美国,艺术
1777254387952,亚马逊,B0GGZVX8Y2,https://m.media-amazon.com/images/I/71H3dTdKFjL._AC_US200_.jpg,100 Pcs Easter Bunny Stickers 1 Inch Erasers Bunny Sticker Roll 9 Designs Happy Easter Sticker for Scrapbook Journal Envelopes Gift Decorations Supplies,https://www.amazon.com/dp/B0GGZVX8Y2?th=1,1772496000000,200,美国,艺术
1777254387952,亚马逊,B0GJSC7ZHF,https://m.media-amazon.com/images/I/51ki7Ne+qhL._AC_US200_.jpg,"Water Table for Toddlers 3-5, 3-Tier Auto Water-Absorbing Kids Sand Water Table with Water Pump & Umbrella Splash Pond Toy, Sensory Play Table Toys for Outdoor Pool Beach Backyard Summer (Pink）",https://www.amazon.com/dp/B0GJSC7ZHF?th=1,1772496000000,200,美国,运动与户外游戏
1777254387952,亚马逊,B0G6KPK7V9,https://m.media-amazon.com/images/I/51Va-kJq8PL._AC_US200_.jpg,"TERRAMUS 2-Tier Water Table Toys with Watermill for Kids, Upgraded Large 115PCS Water Park Playset, Summer Toys DIY Waterways for Backyard Beach Pool Lawn,Outdoor Toy for 3-5 4-8, Gifts for Boys Girls",https://www.amazon.com/dp/B0G6KPK7V9?th=1,1772496000000,300,美国,运动与户外游戏
1777254387952,亚马逊,B0FGY1JDKJ,https://m.media-amazon.com/images/I/71PYoktYYqL._AC_US200_.jpg,"Armor-Up Yellow Raptor Dinosaur Blaze Toy Figure with 7 Removable Armor Pieces and Tail-Triggered Chomp Action, 7"" H x 15.2"" L, Kids, Boys, Girls, Ages 6+",https://www.amazon.com/dp/B0FGY1JDKJ?th=1,1772496000000,200,美国,玩具图
1777254387952,亚马逊,B0GF7L1Y1Z,https://m.media-amazon.com/images/I/5107xhthLIL._AC_US200_.jpg,"12 Pcs Large Easter Eggs Fillable, 6 Inch Colorful Jumbo Plastic Empty Egg Stand Upright for Easter Eggs Hunt Basket Stuffers Fillers Filling Treats Party Favor Classroom Prizes Supplies (Pure-12Pcs)",https://www.amazon.com/dp/B0GF7L1Y1Z?th=1,1772496000000,200,美国,派对用品
1777254387952,亚马逊,B0GL39R8FM,https://m.media-amazon.com/images/I/51rmehPYVNL._AC_US200_.jpg,"24 Pack Prefilled Easter Eggs with Squishy Animal Toys Inside - Ready to Use for Easter Basket Stuffers & Egg Hunt Fillers, Sensory Fidget Toys for Kids Boys Girls Age 3+",https://www.amazon.com/dp/B0GL39R8FM?th=1,1772496000000,900,美国,Novelty & Gag Toys
1777254387952,亚马逊,B0GM1PDRC3,https://m.media-amazon.com/images/I/411wW+Q1qiL._AC_US200_.jpg,"Toyland® 26” (66cm) Sesame Street™ Number 1 Foil Balloon - Kids Party Balloons - Party Decoration, Air or Helium, Self Sealing",https://www.amazon.com/dp/B0GM1PDRC3?th=1,1772496000000,200,美国,派对用品
1777254387952,亚马逊,B0GP435NVP,https://m.media-amazon.com/images/I/51aRmGr1ngL._AC_US200_.jpg,"Easter Bunny Puzzle – Prefilled Easter Egg, Pre Filled with 64-Piece Jigsaw Puzzle for Kids, Easter Basket Stuffer, Gift for Kids, Ages 6+",https://www.amazon.com/dp/B0GP435NVP?th=1,1772496000000,1000,美国,拼图
1777254387952,亚马逊,B0GKV9W7WB,https://m.media-amazon.com/images/I/51+2-hAF6kL._AC_US200_.jpg,"Easter Basket Stuffers Essentials for Toddler, 28 Pack Prefilled Easter Eggs Filled with 3D Printed Animals Toys Inside, Easter Egg Fillers Easter Gifts for Kids Party Favors",https://www.amazon.com/dp/B0GKV9W7WB?th=1,1772496000000,300,美国,Party Supplies
1777254387952,亚马逊,B0GHCZ4BHR,https://m.media-amazon.com/images/I/51kuNh9iVUL._AC_US200_.jpg,"Zhazieon Cute Pom Pom Keychains Kids Party Favors - 12Pcs Easter Egg Fillers, Goodie Bag Stuffers for Boys Girls, Birthday Party Supplies, Easter Basket Stuffers, Egg Hunt Prizes",https://www.amazon.com/dp/B0GHCZ4BHR?th=1,1772496000000,400,美国,Party Supplies
1777254387952,亚马逊,B0GG3WS1JQ,https://m.media-amazon.com/images/I/51dsF8cWo4L._AC_US200_.jpg,"Bubble Gun Mchaine Toys for Kids: Automatic Bubble Blaster with 2 Bottles Refill Solution - Bubble Maker for 3-8 Year Old Boy Girl Kids, Outdoor Toys for Easter Birthday Wedding Party Gift (Blue, Red)",https://www.amazon.com/dp/B0GG3WS1JQ?th=1,1772496000000,200,美国,体育
1777254387952,亚马逊,B0G4M8ST4P,https://m.media-amazon.com/images/I/31UGVXlhKML._SS200_.jpg,"iGRATENS Baby Bjorn Bouncer Toy Bar, New Model Wooden Toy with Mirror for Baby Bouncer Soft & Bliss, Easy to Attach & Remove, Child-Friendly Material, Early Identification Black and White Toys, Lion",https://www.amazon.com/dp/B0G4M8ST4P?th=1,1772496000000,300,美国,婴幼儿
1777254387952,亚马逊,B0GHS6MHVD,https://m.media-amazon.com/images/I/51ih9ijUiOL._AC_US200_.jpg,"Fidget Toy Cube, 4 Pack Cube Fidget Anxiety Relief Toys for Kids and Adults, 6 Sided Infinity Cube Hand-Held for Adults, Audible/Silent Modes, Cube Fidget Toys for ADD/ADHD/OCD",https://www.amazon.com/dp/B0GHS6MHVD?th=1,1772496000000,200,美国,新颖性
1777254387952,亚马逊,B0GPX32BKT,https://m.media-amazon.com/images/I/51Vr5QcjVAL._AC_US200_.jpg,"Digital Camera for Kids, HILDCROA 48MP FHD 1080P Point and Shoot Digital Cameras with 16X Zoom Anti-Shake, Compact Portable Cameras for Photography, for Boys Girls Teens Beginners,Green",https://www.amazon.com/dp/B0GPX32BKT?th=1,1772496000000,200,美国,儿童电子产品
1777254387952,亚马逊,B0GQSPWR6Z,https://m.media-amazon.com/images/I/51L22G-HIsL._AC_US200_.jpg,"Glitter Dumpling,Dumpling Squishy Glitter,Glitter Dumplings Squishy,Anxiety Relief Fidget, Soft Squeeze Decompression Dough (White A)",https://www.amazon.com/dp/B0GQSPWR6Z?th=1,1772496000000,200,美国,Novelty & Gag Toys
1777254389862,亚马逊,B0FQ7HLXQS,https://m.media-amazon.com/images/I/81ZRuMXw5TL._AC_US200_.jpg,"Hyojo Market Cookie Sandwich Series, Blind Box Collectible Plush, Limited Edition Toy Gift, 3 to Collect, Chocolate, Strawberry, and Vanilla with Strawberry Crème, Great Gift for All Ages",https://www.amazon.com/dp/B0FQ7HLXQS?th=1,1772496000000,1000,美国,填充的动物
1777254389862,亚马逊,B0GC6C2KQM,https://m.media-amazon.com/images/I/41k2trOSe6L._AC_US200_.jpg,"Large Magnetic Tiles Set -12PCS Square Magnetic Tiles Expansion Pack, STEM Educational Construction Stacking Blocks, Compatible with Major Brands",https://www.amazon.com/dp/B0GC6C2KQM?th=1,1772496000000,300,美国,建筑玩具
1777254389862,亚马逊,B0G5P46GSL,https://m.media-amazon.com/images/I/516poHq9vJL._AC_US200_.jpg,"Easter Puzzles for Kids Ages 4-8, Easter Basket Stuffers 79 Pieces Kids Floor Puzzles Ages 4-6, Large Round Jigsaw Puzzles for Toddler, Bunny Puzzle Educational Toys Gifts for Girls Boys",https://www.amazon.com/dp/B0G5P46GSL?th=1,1772496000000,500,美国,拼图
1777254389862,亚马逊,B0GG9Q2GFM,https://m.media-amazon.com/images/I/51izikzZjbL._AC_US200_.jpg,"Easter Egg Fillers - 24 Pack Kawaii Mochi Squishy Toys for Easter Basket Stuffers, Mini Cute Squishies Squeeze Toy Party Favors, Easter Gifts for Kids Classroom Prizes School Rewards (Easter+Eggs)",https://www.amazon.com/dp/B0GG9Q2GFM?th=1,1772496000000,1000,美国,Party Supplies
1777254389862,亚马逊,B0G2T5L3B7,https://m.media-amazon.com/images/I/51RXgd0784L._AC_US200_.jpg,"Unicorn Marker Airbrush Spray Art Kit, Unicorn Toys for Girls Age 4-6, Art Supplies for Kids Ages 8-12, Craft Kits Paint with 5 Washable Markers&8 Stencils, Birthday Holiday for Kids, Girls",https://www.amazon.com/dp/B0G2T5L3B7?th=1,1772496000000,200,美国,艺术
1777254389862,亚马逊,B0GGJD957Z,https://m.media-amazon.com/images/I/51A51Sa6dFL._AC_US200_.jpg,EA Kong Supplies 6 Pcs Prefilled Easter Eggs with Metal Dinosaur Car Toys Vehicles Set for Kids Girls Boys Easter Basket Stuffers Party Favors Hunting Egg,https://www.amazon.com/dp/B0GGJD957Z?th=1,1772496000000,200,美国,车辆
1777254389862,亚马逊,B0FK5SMHY5,https://m.media-amazon.com/images/I/71PxCARR9iL._AC_US200_.jpg,Squishmallows Original 12in Cam The Calico Cat in Graduation Cap – Official Jazwares Plush (Medium-Sized),https://www.amazon.com/dp/B0FK5SMHY5?th=1,1772496000000,200,美国,填充的动物
1777254389862,亚马逊,B0GJZTD3T2,https://m.media-amazon.com/images/I/81LzjqzWqGL._AC_US200_.jpg,"Halloween Slow Rising Stress Toys,Halloween Trick or Treat Toys,Party Favors Toys for Kids,Soft Fidget Squishy Toys for Anxiety Relief (Multicolor-Bunny)",https://www.amazon.com/dp/B0GJZTD3T2?th=1,1772496000000,700,美国,Novelty & Gag Toys
1777254389862,亚马逊,B0GFDH8KR1,https://m.media-amazon.com/images/I/613nLeWRk5L._AC_US200_.jpg,"Activity Books for toddlers 1-3, Montessori Felt Busy Book for Toddlers, Educational Sensory Toys for Baby 1+, Preschool Learning Busy Board, Color Sorting Toys for Boys and Girls Birthday Gifts",https://www.amazon.com/dp/B0GFDH8KR1?th=1,1772496000000,200,美国,婴幼儿
1777254389862,亚马逊,B0G3X6Z73Y,https://m.media-amazon.com/images/I/517tH6WsJ5L._AC_US200_.jpg,"Pool Basketball Hoop with Backboard, Floating Pool Toys for 3-12 Years Old Kids Ring Game with 4 Balls 8 Rings & Pump Outdoor Swimming Pool Basketball Games Water Play Toy Family Party for Kids Adults",https://www.amazon.com/dp/B0G3X6Z73Y?th=1,1772496000000,200,美国,体育
1777254389862,亚马逊,B0G2YBQF6J,https://m.media-amazon.com/images/I/81o9a--fyiL._AC_US200_.jpg,"100 Pcs Rubber Ducks, Random Assortment Ducks Bulk for Jeeps Ducking, 2"" Mini Rubber Duckies for Baby Toddler Bath Toys, Kids Pool Toys Birthday Gifts Party Favors",https://www.amazon.com/dp/B0G2YBQF6J?th=1,1772496000000,300,美国,婴幼儿
1777254389862,亚马逊,B0GJLN37R4,https://m.media-amazon.com/images/I/717VWXakMpL._AC_US200_.jpg,"Easter Robot Bunny Pal- Bunby My Realistic Bunny Toy, Hopping Bunny with Sounds, Jumping, Twitching and Shaking Ears, Interactive Plush Bunny for Kids, Birthday Gift for Toddler (Brown)",https://www.amazon.com/dp/B0GJLN37R4?th=1,1772496000000,300,美国,填充的动物
1777254389862,亚马逊,B0GQPJ43JX,https://m.media-amazon.com/images/I/21niCLYix0L._AC_US200_.jpg,Sand and Water Mixing Toy Spilling Funnel for and Adult Castles for Beach Castles Building Beach (Green),https://www.amazon.com/dp/B0GQPJ43JX?th=1,1772496000000,400,美国,运动与户外游戏
1777254389862,亚马逊,B0G9D2KZDC,https://m.media-amazon.com/images/I/51-vWymhlzL._AC_US200_.jpg,"3-Tier Water Table for Kids Ages 3-5 4-8, Toddlers Outdoor Summer Water Table Beach Toys, Kids Activity Sensory Table Toddler Sand Box Play Table with Rain Showers Splash Pond for Boys Girls",https://www.amazon.com/dp/B0G9D2KZDC?th=1,1772496000000,300,美国,运动与户外游戏
1777254389862,亚马逊,B0GJSCTL34,https://m.media-amazon.com/images/I/41pVL4rF8TL._AC_US200_.jpg,"Exun 12 Pcs Easter Egg Mini Squeeze Balls, Easter Basket Stuffers, Easter Egg Fillers, Squishies Stress Relief Fidget Toys for Kids Boys Girls Toddlers Gifts Party Favors",https://www.amazon.com/dp/B0GJSCTL34?th=1,1772496000000,300,美国,Novelty & Gag Toys
1777254389862,亚马逊,B0GJZKL818,https://m.media-amazon.com/images/I/51s9B7hJACL._AC_US200_.jpg,"Toss and Catch Baseball Toys,Outdoor Sport Games for Kids and Family with Tball Bats and Toddler Baseball Glove and Sticky Soft Balls. Great for Yard Lawn Beach Pool and Indoor Fun",https://www.amazon.com/dp/B0GJZKL818?th=1,1772496000000,400,美国,体育
1777254389862,亚马逊,B0GGGJ8TP2,https://m.media-amazon.com/images/I/41d3AIk8dWL._AC_US200_.jpg,"Montessori Busy Board for 1 Year Old: Modular Sensory Activity Board for Babies, Sorting & Stacking Toys for Toddlers 1-3, Learning Fine Motor Wooden Toys, Toddler Plane Activities Gifts Girls Boys",https://www.amazon.com/dp/B0GGGJ8TP2?th=1,1772496000000,400,美国,Novelty & Gag Toys
1777254389862,亚马逊,B0GGZSZ4HP,https://m.media-amazon.com/images/I/51exTbcK5tL._AC_US200_.jpg,"Paint & Plant Flower Growing Kit for Kids - Easter Gifts for Kids Gardening Set with 4 Pots - Unique Birthday, Crafts & Arts, Gardening Gifts for Girls & Boys, Ages 5, 6, 7, 8-12 Years Old",https://www.amazon.com/dp/B0GGZSZ4HP?th=1,1772496000000,200,美国,体育
1777254389862,亚马逊,B0GJ5JYL11,https://m.media-amazon.com/images/I/71jnlugPY3L._AC_US200_.jpg,500Pcs Easter Stickers 1.2in Spring Happy Easter Bunny Stickers Roll 9 Designs Waterproof Self-Adhesive Rabbit Sticker for Holiday Party Envelopes Scrapbook Decorations Supplies,https://www.amazon.com/dp/B0GJ5JYL11?th=1,1772496000000,200,美国,艺术
1777254389862,亚马逊,B0GJ4PN6B1,https://m.media-amazon.com/images/I/41tydsRl9LL._AC_US200_.jpg,"MHSMHL Mini Positive Crochet Animals Bunny, Graduation Gift for Her, Emotional Support Graduation Birthday for Daughter Bestie Him Her Teens Women",https://www.amazon.com/dp/B0GJ4PN6B1?th=1,1772496000000,300,美国,建筑玩具
1777254389862,亚马逊,B0GH73DHZS,https://m.media-amazon.com/images/I/81e43fWjjvL._AC_US200_.jpg,"2 Sets Easter Reusable Sticker Books for Toddlers,Easter Stickers for Kids,Toddler Easter Basket Stuffers Essentials, Easter Jelly Stickers Gifts Crafts",https://www.amazon.com/dp/B0GH73DHZS?th=1,1772496000000,400,美国,艺术
1777254389862,亚马逊,B0GD82LZZJ,https://m.media-amazon.com/images/I/41QAJUStF7L._AC_US200_.jpg,"30 Pieces 2.36 inch Premium Plastic Easter Eggs for Easter Basket Stuffers - Fillable & Reusable Easter Eggs with Secure Snap-Lock for Egg Hunt Supplies, 6 Vibrant Colors",https://www.amazon.com/dp/B0GD82LZZJ?th=1,1772496000000,1000,美国,扮靓
1777254389862,亚马逊,B0GQX9RQQ2,https://m.media-amazon.com/images/I/41F01P+OJIL._AC_US200_.jpg,"Slow Rebound Cute Butter Squeeze Stress Balls, Upgrade Stress Relief Fidget Toys Wet Slow Rebound Stress Relief Toy, 2026 New Squeeze Ball Realistic Butter Stick Soft Squeeze Toys (Beige)",https://www.amazon.com/dp/B0GQX9RQQ2?th=1,1772496000000,300,美国,Novelty & Gag Toys
1777254389862,亚马逊,B0GQV1JQ49,https://m.media-amazon.com/images/I/41U+VdIrGVL._AC_US200_.jpg,"Giant Dumpling Squishy for Adults, 4/6/10 Inch Jumbo Dumpling Stress Ball, Soft Squeeze Decompression Dough, Anxiety Relief Fidget, Adult Fidget Tool (Pink M: 15cm/5.9 Inch)",https://www.amazon.com/dp/B0GQV1JQ49?th=1,1772496000000,500,美国,Novelty & Gag Toys
1777254389862,亚马逊,B0GKCQ8BYM,https://m.media-amazon.com/images/I/51ia5nt0hVL._AC_US200_.jpg,Prefilled Easter Eggs with Toys for Kids Toddlers Bulk - Pre Filled Axolotl Easter Squishy Animal Stuffers Stuffed Egg Hunt Prizes,https://www.amazon.com/dp/B0GKCQ8BYM?th=1,1772496000000,500,美国,Party Supplies
1777254389862,亚马逊,B0GQ2CHMXH,https://m.media-amazon.com/images/I/41iRsnYpEGL._AC_US200_.jpg,"Kids Kitchen Playset, Toddler Play Kitchen Set Toys with Sound & Light, Cooking Stove, Play Sink, Play Food Kitchen Accessories, Pretend Kitchen Toy for Kids Toddlers Girls (Pink)",https://www.amazon.com/dp/B0GQ2CHMXH?th=1,1772496000000,200,美国,扮靓
1777254389862,亚马逊,B0GMJQVCZ1,https://m.media-amazon.com/images/I/41V+nOUWq2L._AC_US200_.jpg,"Montessori Mirror with Bar – Adjustable Baby Pull Up Bar, Anti-Rotation Design & Acrylic Safety Baby Mirror for Wall – Tummy Time, Pull to Stand Toys for Infant Toddler Nursery",https://www.amazon.com/dp/B0GMJQVCZ1?th=1,1772496000000,200,美国,婴幼儿
1777254389862,亚马逊,B0GHR63Y2J,https://m.media-amazon.com/images/I/51H9TSmoH3L._AC_US200_.jpg,"Karaoke Machine for Kids, Red & Blue Glowing Eyes & Rhythm Light, 5 Magic Voice, 2 Wireless Mini Microphone, Portable Bluetooth Speaker, Easter Basket Stuffers Boys Gifts Age 3 4 5 6 7 8 9 10 11 12",https://www.amazon.com/dp/B0GHR63Y2J?th=1,1772496000000,200,美国,儿童电子产品
1777254389862,亚马逊,B0GL84MXH2,https://m.media-amazon.com/images/I/51biXtP+pWL._AC_US200_.jpg,"Skillmatics Reusable Search & Find Book – Water Spotter, Mess-Free, Fun Learning Activity, Unicorns & Princesses, Travel Toy, Gifts for Kids Ages 4, 5, 6, 7, 8",https://www.amazon.com/dp/B0GL84MXH2?th=1,1772496000000,300,美国,艺术
1777254389862,亚马逊,B0FJMV458D,https://m.media-amazon.com/images/I/71+Zsblr-7L._AC_US200_.jpg,Star Wars™ Micro Galaxy Squadron TIE Interceptor (Armada Edition) Mystery Bundle - 3-Inch and 2.5-Inch Vehicles with Accessories (Amazon Exclusive),https://www.amazon.com/dp/B0FJMV458D?th=1,1772496000000,200,美国,Toy Figures & Playsets
1777254389862,亚马逊,B0GQRGZBMV,https://m.media-amazon.com/images/I/41XG+OAqOwL._AC_US200_.jpg,"6PCS Dumpling Squishies, Dumpling Squishy with Smile, Stress Relief Anxiety Squeeze Toys with Food Steamer, for Birthday Gifts, Party Favors, Classroom Prizes, Easter Basket Stuffers",https://www.amazon.com/dp/B0GQRGZBMV?th=1,1772496000000,200,美国,Novelty & Gag Toys
1777254389862,亚马逊,B0GQB63NBV,https://m.media-amazon.com/images/I/518v+4thA9L._AC_US200_.jpg,"Dumpling Squishy Toy, Dumpling Squishy Mystery Box, Easter Basket Stuffers, Squeeze Dough Ball Stress Relief Hand Toys with Food Steamer Stretchy Desk Toys (Pink)",https://www.amazon.com/dp/B0GQB63NBV?th=1,1772496000000,400,美国,Novelty & Gag Toys
1777254389862,亚马逊,B0G51YVXPT,https://m.media-amazon.com/images/I/41-hNsIWgQL._AC_US200_.jpg,"Amandir 153pcs Red and Pink Balloons Arch Garland Kit, Different Sizes 18 12 10 5 inch Strawberry Cherry Pastel Pearl Light Pink Balloon Sweet One Shower Berry First Birthday Summer Party Decorations",https://www.amazon.com/dp/B0G51YVXPT?th=1,1772496000000,200,美国,派对用品
1777254389862,亚马逊,B0GQTJYVHW,https://m.media-amazon.com/images/I/41F01P+OJIL._AC_US200_.jpg,"Slow Rebound Cute Butter Squeeze Stress Balls, 2026 New Squeeze Butter Squishy Toy, Slow Rising Squishy Butter Stick Stress Relief Fidget Toys Party Favors Gifts (Yellow*1)",https://www.amazon.com/dp/B0GQTJYVHW?th=1,1772496000000,300,美国,Novelty & Gag Toys
1777254389862,亚马逊,B0FJBGGD24,https://m.media-amazon.com/images/I/41KXrO6bdML._AC_US200_.jpg,Pokemon Pikachu Plush with Ice Cream - 8-Inch Pikachu Plush with Unique Accessory,https://www.amazon.com/dp/B0FJBGGD24?th=1,1772496000000,500,美国,填充的动物
1777254389862,亚马逊,B0FYMRD3L1,https://m.media-amazon.com/images/I/411aKFXT-XL._AC_US200_.jpg,"BainGesk 25 PCS 6” Jumbo Easter Eggs with 1 Golden Eggs, Easter Eggs for Easter Hunt, Basket Stuffers Fillers, Empty Eggs Fillable with Candy, Toys, Easter Basket Essentials, Party Favor",https://www.amazon.com/dp/B0FYMRD3L1?th=1,1772496000000,200,美国,Party Supplies
1777254389862,亚马逊,B0G6K6Y9JT,https://m.media-amazon.com/images/I/81dae-X2rJL._AC_US200_.jpg,"Metemot Kids Sunglasses Bulk Party Favors, Sunglasses for Kids with UV 400 Protection, Neon Sunglasses for Boys and Girls, Party Favor, Birthday Classroom Goodie Bags Party Supplies",https://www.amazon.com/dp/B0G6K6Y9JT?th=1,1772496000000,200,美国,Party Supplies
1777254389862,亚马逊,B0GQB5TZQ5,https://m.media-amazon.com/images/I/41e2y8vUoOL._AC_US200_.jpg,"Butter Squishy, 2026 New 5.51x1.57inch Slow Rising Sensory Relaxation Tool, Premium Stress Relief Ball for Anxiety Relief, Party Favors & Office Daily Use (3 Pack Beige)",https://www.amazon.com/dp/B0GQB5TZQ5?th=1,1772496000000,400,美国,Novelty & Gag Toys
1777254389862,亚马逊,B0G72X6LVW,https://m.media-amazon.com/images/I/61SIXy8VYEL._AC_US200_.jpg,"[ 6 Surprise Gold Eggs ] 100 Pack Prefilled Easter Eggs with Assorted Toys Inside, Truly Pre Filled Plastic Easter Egg Filles Fidget Toys Easter Hunt, Basket Stuffers Party Favors for Kids Boys Girls",https://www.amazon.com/dp/B0G72X6LVW?th=1,1772409600000,600,美国,Party Supplies
1777254389862,亚马逊,B0G733DXHS,https://m.media-amazon.com/images/I/61bGX6VWN9L._AC_US200_.jpg,"[ 6 Surprise Gold Eggs ] 100 Pack Prefilled Easter Eggs with Assorted Toys Inside, Truly Pre Filled Plastic Easter Egg Filles Fidget Toys Easter Hunt, Basket Stuffers Party Favors for Kids Boys Girls",https://www.amazon.com/dp/B0G733DXHS?th=1,1772409600000,400,美国,Party Supplies
1777254389862,亚马逊,B0G6L49PN7,https://m.media-amazon.com/images/I/51PyamiQcYL._AC_US200_.jpg,"8 Pieces Jumbo Surprise Golden Easter Eggs Fillers with Eye-pop Fidget Toys, Easter Basket Stuffers Large Easter Eggs with Toys Inside, Easter Egg Hunts Party Favors for Kids Boys Girls Toddler Teens",https://www.amazon.com/dp/B0G6L49PN7?th=1,1772409600000,300,美国,Party Supplies
1777254389862,亚马逊,B0GQF8DL5H,https://m.media-amazon.com/images/I/21S8JnBUgXL._AC_US200_.jpg,"Squeeze Cheese Toy , Cheese Stress Ball , Gaint Cheese Block Squishy, Jumbo Squishy Cheese , Soft TPR Hand Therapy Sensory Squeeze Toy for Adults Kids Office Travel Relaxation Gift",https://www.amazon.com/dp/B0GQF8DL5H?th=1,1772409600000,300,美国,Novelty & Gag Toys
1777254389862,亚马逊,B0GDW8T2XD,https://m.media-amazon.com/images/I/61rodkFqzQL._AC_US200_.jpg,"LOKIPA 24PCS Mochi Squishy Toys, Squishy Toys for Kids Easter Basket Stuffers Egg Fillers Gifts Party Favors",https://www.amazon.com/dp/B0GDW8T2XD?th=1,1772409600000,300,美国,Novelty & Gag Toys
1777254389862,亚马逊,B0GPR4N416,https://m.media-amazon.com/images/I/71VL8eHrD6L._AC_US200_.jpg,"Mardel Beginner's Bible David and Goliath Figurines, 2 Pieces",https://www.amazon.com/dp/B0GPR4N416?th=1,1772409600000,200,美国,玩具图
1777254389862,亚马逊,B0GCS7GKKP,https://m.media-amazon.com/images/I/51vT8bzXC2L._AC_US200_.jpg,"12 Pack Prefilled Easter Eggs with Die-Cast Cars for Kids Boys, Easter Basket Stuffers, Easter Eggs Filled with Toys, Easter Party Favor Supplies for Easter Egg Hunt, Easter Toys Gifts for Toddlers",https://www.amazon.com/dp/B0GCS7GKKP?th=1,1772409600000,400,美国,Party Supplies
1777254389862,亚马逊,B0G4GDL1B5,https://m.media-amazon.com/images/I/51KxNntiAqL._AC_US200_.jpg,"24 PCS Prefilled Easter Eggs with Realistic Dinosaurs & Animals Figurines Toys, Easter Basket Stuffers for Kids Hunting Games, Easter Eggs with Toys Inside for Basket Stuffers Fillers",https://www.amazon.com/dp/B0G4GDL1B5?th=1,1772409600000,400,美国,Party Supplies
1777254389862,亚马逊,B0GCWG6YXM,https://m.media-amazon.com/images/I/41Ti5TnF6yL._AC_US200_.jpg,24 Pack Prefilled Easter Eggs with Toys Inside Mini Vintage Lucky Dolls Figurines Fillers Toys for Kids Easter Basket Stuffers for Boy Girl School Classroom Prizes gifts Egg Hunt Supplies Party Favors,https://www.amazon.com/dp/B0GCWG6YXM?th=1,1772409600000,200,美国,Party Supplies
1777254389862,亚马逊,B0GQHP937X,https://m.media-amazon.com/images/I/71EfDvaQlZL._AC_US200_.jpg,"Putty Std. 1000 ed. Quiet-Balls for Adult, Magnetic-Slime Toys Suitable for Relaxation at Home, Traveling, Office",https://www.amazon.com/dp/B0GQHP937X?th=1,1772409600000,200,美国,新颖性
1777254389862,亚马逊,B0G1LLKR2T,https://m.media-amazon.com/images/I/510IoNVu07L._AC_US200_.jpg,"12 Pack Prefilled Easter Eggs with Stuffed Animal Toys for Kids, Filled Easter Eggs with Plush Bunny and Bear for Boys & Girls, Perfect Toys for Easter Party Favor, Basket Stuffers & Egg Hunt Supplies",https://www.amazon.com/dp/B0G1LLKR2T?th=1,1772409600000,600,美国,Party Supplies
1777254389862,亚马逊,B0GFCYBYCC,https://m.media-amazon.com/images/I/51QcPOkFE6L._AC_US200_.jpg,"VOMAOK 24 Pack Prefilled Easter Eggs with Coil Springs,Filled Easter Egg Toys for Kids, Easter Basket Stuffers, Party Favors, Easter Hunt",https://www.amazon.com/dp/B0GFCYBYCC?th=1,1772409600000,900,美国,Party Supplies
1777254389862,亚马逊,B0G4V14YYR,https://m.media-amazon.com/images/I/61I+AovOwUL._AC_US200_.jpg,"100 PCS Prefilled Easter Eggs with Toys Inside, Easter Egg Fillers, Easter Eggs Filled, Easter Basket Stuffers Party Favors Easter Egg Hunt Classroom Prize Supplies Easters Gifts for Kids Boys Girls",https://www.amazon.com/dp/B0G4V14YYR?th=1,1772409600000,400,美国,Party Supplies
1777254389862,亚马逊,B0FJZ5NBFY,https://m.media-amazon.com/images/I/815k1NUVJUL._AC_US200_.jpg,Jazwares Stranger Things: Tales from ‘85 Gourde Horde - 4-Inch Articulated Action Figure with Action Feature,https://www.amazon.com/dp/B0FJZ5NBFY?th=1,1772409600000,200,美国,玩具图
1777254389862,亚马逊,B0FQ6S2GZP,https://m.media-amazon.com/images/I/81OgyTpuaML._AC_US200_.jpg,"Hyojo Breyer’s Ice Cream Cone Series, Blind Box Collectible Plush, Limited Edition, 3 to Collect, Chocolate, Mint Chocolate Chip and Strawberry, Great Gift for All Ages",https://www.amazon.com/dp/B0FQ6S2GZP?th=1,1772409600000,900,美国,填充的动物
1777254389862,亚马逊,B0GGZ419HR,https://m.media-amazon.com/images/I/51RRwwo6WYL._AC_US200_.jpg,"FURWEY 13.3lbs Play Sand, Natural Brown Sensory Sand,Suitable for Children to Shaping, Squeezing and Molding（Without Molds）",https://www.amazon.com/dp/B0GGZ419HR?th=1,1772409600000,400,美国,艺术
1777254389862,亚马逊,B0GGZ472VX,https://m.media-amazon.com/images/I/51y2h7DwjHL._AC_US200_.jpg,"FURWEY 6.6lbs Play Sand, Natural Brown Sensory Sand,Suitable for Children to Shaping, Squeezing and Molding（Without Molds）",https://www.amazon.com/dp/B0GGZ472VX?th=1,1772409600000,600,美国,艺术
1777254389862,亚马逊,B0GDFBZ9JD,https://m.media-amazon.com/images/I/61C5CfOPt2L._AC_US200_.jpg,"123 PCS Easter Egg Fillers, Easter Basket Stuffers, Easter Egg Stuffers, Easter Party Favors for Kids Girls Boys, Bulk Easter Toys, Easter Gifts, Classroom Prizes, Goodie Bags Stuffers for Kids",https://www.amazon.com/dp/B0GDFBZ9JD?th=1,1772409600000,300,美国,Party Supplies
1777254389862,亚马逊,B0GF9PSF68,https://m.media-amazon.com/images/I/51coADo4IBL._AC_US200_.jpg,"24 Pack Prefilled Easter Eggs with Flying Chicken Slingshot Toys,Easter Eggs Filled with Toys Inside,Easter Egg Hunt Stuffers Kit Class Prizes Gift Easter Egg Filleds for Kids Party Favor",https://www.amazon.com/dp/B0GF9PSF68?th=1,1772409600000,400,美国,Party Supplies
1777254389862,亚马逊,B0GCYPRF6S,https://m.media-amazon.com/images/I/511taMQMqLL._AC_US200_.jpg,"LINAYE 600PCS Plastic Easter Eggs Bulk Fillable, 6 Colors 2.3"" Empty Eggs Bulk for Easter Eggs Hunts Party Favors Decorations, Classroom Prizes, Basket Stuffers",https://www.amazon.com/dp/B0GCYPRF6S?th=1,1772409600000,200,美国,Party Supplies
1777254389862,亚马逊,B0G72MJFJ4,https://m.media-amazon.com/images/I/91VKQovIAeL._AC_US200_.jpg,"[ 6 Surprise Gold Eggs ] 100 Pack Prefilled Easter Eggs with Assorted Toys Inside, Truly Pre Filled Plastic Easter Egg Filles Fidget Toys Easter Hunt, Basket Stuffers Party Favors for Kids Boys Girls",https://www.amazon.com/dp/B0G72MJFJ4?th=1,1772409600000,500,美国,Party Supplies
1777254389862,亚马逊,B0GJCNM85H,https://m.media-amazon.com/images/I/51bwh0kutUL._AC_US200_.jpg,"12PCS Easter Egg Filled with Animal Pull Back Cars Toys, Easter Basket Stuffers for Toddler Kids Boy Girls, Mini Small Toys for Easter Egg Fillers, Easter Gift for Goodie Bag Party Favors Egg Hunt",https://www.amazon.com/dp/B0GJCNM85H?th=1,1772409600000,800,美国,Party Supplies
1777254389862,亚马逊,B0GJDXZPHM,https://m.media-amazon.com/images/I/51xpNsER1KL._AC_US200_.jpg,"9 Inch Playground Ball Dodgeball Balls Kickball, Pack of 6, 4 Square Balls Dodge Balls for Kids, Kickballs Handball for Indoor Outdoor Games, Includes Pump",https://www.amazon.com/dp/B0GJDXZPHM?th=1,1772409600000,400,美国,体育
1777254389862,亚马逊,B0GLB36HTT,https://m.media-amazon.com/images/I/51dI2RayFJL._AC_US200_.jpg,"Melissa & Doug On The Go Water Wow! Mess Free Coloring Book, Reusable Water-Reveal Activity Pad, Spring, Travel Toys, Party Favors, for Toddlers & Kids Ages 3+",https://www.amazon.com/dp/B0GLB36HTT?th=1,1772409600000,1000,美国,新颖性
1777254389862,亚马逊,B0FGXZSRWW,https://m.media-amazon.com/images/I/8177roclzyL._AC_US200_.jpg,"T-Rex Pilot (Liam Roberts) Action Figure Toy, 3.75-Inch Poseable Figure with Interchangeable Armor Pieces and Transforming Weapon, Kids, Boy, Girls, Ages 6+",https://www.amazon.com/dp/B0FGXZSRWW?th=1,1772409600000,300,美国,玩具图
1777254389862,亚马逊,B0G3H4YPDP,https://m.media-amazon.com/images/I/81MgH8qmJkL._AC_US200_.jpg,"2PCS Electric Squirt Water Gun for Adult & Kids, Automatic Water Blaster Toy with Battery Powered, Long Range & High Capacity, Water Pistol for Outdoor Pool Beach Backyard Play Water Game",https://www.amazon.com/dp/B0G3H4YPDP?th=1,1772409600000,300,美国,体育
1777254389862,亚马逊,B0GMBY2GDH,https://m.media-amazon.com/images/I/41niQPyZ9mL._AC_US200_.jpg,Desk Goose Outfits 7 Inches for Mini Desktop - Cute Mini Desk Goose Clothes Set with Accessories for Home Office Decor (Purple Checks),https://www.amazon.com/dp/B0GMBY2GDH?th=1,1772409600000,200,美国,娃娃
1777254389862,亚马逊,B0GK9G4C3K,https://m.media-amazon.com/images/I/51KVNtnjAgL._AC_US200_.jpg,Prefilled Easter Eggs with Toys for Toddlers Kids - Pre Filled Squishy Easter Eggs Bulk with Animal - 24 Pack Plastic Egg Hunt Prizes,https://www.amazon.com/dp/B0GK9G4C3K?th=1,1772409600000,600,美国,Party Supplies
1777254389862,亚马逊,B0GDFJ1RBG,https://m.media-amazon.com/images/I/61T3nWYtIfL._AC_US200_.jpg,"127Pcs Easter Egg Fillers, Easter Party Favors, Easter Egg Stuffers, Easter Basket Stuffers for Kids Girls Boys, Easter Toys Gifts, Treasure Box Toys, Classroom Prizes, Goodie Bags Stuffers for Kids",https://www.amazon.com/dp/B0GDFJ1RBG?th=1,1772409600000,200,美国,Party Supplies
1777254389862,亚马逊,B0DRZWKJ9J,https://m.media-amazon.com/images/I/51yk04IkccL._AC_US200_.jpg,"euoloar 12 PCS Prefilled Easter Eggs Filled With Stuffed Plush Animals, Plastic Easter Eggs Fillers,Perfect for Easter Eggs Hunt",https://www.amazon.com/dp/B0DRZWKJ9J?th=1,1772409600000,400,美国,Party Supplies
1777254389862,亚马逊,B0GH64PQSB,https://m.media-amazon.com/images/I/41Egnz6gF4L._AC_US200_.jpg,"30Pcs Cute 3D Easter Erasers, 24 Styles Including Bunnies, Easter Eggs, Flowers, and More. Perfect as Easter Egg Stuffing, School Gifts, and Party Favors.",https://www.amazon.com/dp/B0GH64PQSB?th=1,1772409600000,300,美国,艺术
1777254389862,亚马逊,B0GQN9R2RB,https://m.media-amazon.com/images/I/51o+UXs4uKL._AC_US200_.jpg,"Easy Sqweezy Super Cheesy,Giant Squishy Cheese Block, Jumbo Squeeze Cheeses, Yellow Rebounding Squishy Cheesess for Stress Relief - Sensory / Fidget Novelty Toy and Gift for Kids and Adults (2.76in)",https://www.amazon.com/dp/B0GQN9R2RB?th=1,1772409600000,200,美国,Novelty & Gag Toys
1777254389862,亚马逊,B0FGXW8YN3,https://m.media-amazon.com/images/I/815AvsFWIbL._AC_US200_.jpg,"Triceratops Pilot (TJ) Action Figure Toy, 3.75-Inch Poseable Figure with Interchangeable Armor Pieces and Transforming Weapon, Kids, Boy, Girls, Ages 6+",https://www.amazon.com/dp/B0FGXW8YN3?th=1,1772409600000,200,美国,玩具图
1777254389862,亚马逊,B0FGXX6M24,https://m.media-amazon.com/images/I/71RT8rXdiZL._AC_US200_.jpg,"Armor-Up T-Rex Dinosaur Ajax Toy Figure with 7 Removable Armor Pieces, Tail-Triggered Chomp, Pilot Pod Compatible, 8.7"" Hx17.9 L, Kids, Boys, Girls, Ages 6+",https://www.amazon.com/dp/B0FGXX6M24?th=1,1772409600000,300,美国,玩具图
1777254389862,亚马逊,B0GJD8MGWV,https://m.media-amazon.com/images/I/51F05W0hLSL._AC_US200_.jpg,"Jesus Cross Flower Building Set, Easter Religious Cross Collectibles, Compatible with Lego Jesus Catholic Building Toys, Easter, Christian, Gifts for Mothers, Women or Adults, Easter Basket Stuffers",https://www.amazon.com/dp/B0GJD8MGWV?th=1,1772409600000,300,美国,建筑玩具
1777254389862,亚马逊,B0GGYLCSGK,https://m.media-amazon.com/images/I/5108V4UpP2L._AC_US200_.jpg,"9 PCS Baby Bath Toys for Kids Ages 1-3, Mold Free Toddler Bath Toys for 2-4 with 3 No Hole Squeezing Marine Animals Toys, Bathtub Beach Sand Water Table Toys for 1 2 3 Years Old Girls Boys Gifts",https://www.amazon.com/dp/B0GGYLCSGK?th=1,1772409600000,600,美国,婴幼儿
1777254389862,亚马逊,B0G6V4VYXV,https://m.media-amazon.com/images/I/81gysYWgMwL._AC_US200_.jpg,"36 Pack Easter Egg Fillers with Easter Bunny Plush, Easter Eggs with Toys Inside, Mini Stuffed Animals Filled Easter Eggs Hunts Party Favors, Easter Basket Stuffers for Kids Toddler Teens Boys Girls",https://www.amazon.com/dp/B0G6V4VYXV?th=1,1772409600000,200,美国,Party Supplies
1777254389862,亚马逊,B0GNSF9VQZ,https://m.media-amazon.com/images/I/61uLRRUCDDL._AC_US200_.jpg,Tonies Sleepy Friends: Bedtime Story Audio Toy Figurine Featuring Sleepy Crocodile,https://www.amazon.com/dp/B0GNSF9VQZ?th=1,1772409600000,600,美国,儿童电子产品
1777254389862,亚马逊,B0GNVR76SN,https://m.media-amazon.com/images/I/613Ut+K929L._AC_US200_.jpg,Tonies Sleepy Friends: Lullabies Sounds Audio Toy Figurine Featuring Sleepy Jaguar,https://www.amazon.com/dp/B0GNVR76SN?th=1,1772409600000,200,美国,儿童电子产品
1777254389862,亚马逊,B0GNTW6H8P,https://m.media-amazon.com/images/I/31Sz5tnB2YL._AC_US200_.jpg,Tonies Sleepy Friends: Nature Sounds Audio Toy Figurine Featuring Sleepy Toucan,https://www.amazon.com/dp/B0GNTW6H8P?th=1,1772409600000,200,美国,儿童电子产品
1777254389862,亚马逊,B0GD11KHJB,https://m.media-amazon.com/images/I/51HImCTZgzL._AC_US200_.jpg,"133 PCS Granny Pants Outdoor Game 2 Pack with 16 Balls, Granny Pants Yard Game Easter Games Set, Giant Pants Ball Catch Game for Kids Adults Backyard Field Day Carnival Birthday Party Family Reunion",https://www.amazon.com/dp/B0GD11KHJB?th=1,1772409600000,300,美国,体育
1777254389862,亚马逊,B0GCMSMRDB,https://m.media-amazon.com/images/I/51L1PVOEU4L._AC_US200_.jpg,"6 Pcs 3D Printed Bunny Easter Eggs with 3D Printed Animals, Flexible Articulated Fidget Toys Gifts for Kids Ages 3-12, Easter Basket Stuffers, Easter Spring Party Favors & Holiday Decor",https://www.amazon.com/dp/B0GCMSMRDB?th=1,1772409600000,200,美国,玩具图
1777254389862,亚马逊,B0GGHBG7PM,https://m.media-amazon.com/images/I/61LBI8eFECL._AC_US200_.jpg,"SYNARRY Wooden Dinosaur Farm Ocean Animal Puzzles for Kids Ages 4-6, 4 x 60 Piece Match & Find Puzzles for Kids Ages 3-5 Boys Girls, Preschool Educational Puzzle Toddlers Easter Gifts for 4-8 Year Old",https://www.amazon.com/dp/B0GGHBG7PM?th=1,1772409600000,200,美国,拼图
1777254389862,亚马逊,B0G8WJJG4H,https://m.media-amazon.com/images/I/81K6mQZJBvL._AC_US200_.jpg,"ChildFun Valentines Day Gifts for Kids, 24 PCS Prefiled Valentines Box with 3D Animal Pop Suction Toys, Valentines Party Favors for Class, School Classroom Valentines Gifts for Boys Girls Toddlers",https://www.amazon.com/dp/B0G8WJJG4H?th=1,1772409600000,1000,美国,Party Supplies
1777254389862,亚马逊,B0GD78C7YS,https://m.media-amazon.com/images/I/51CO1lRAGsL._AC_US200_.jpg,"4-in-1 Water Sprinkler Baseball Toy, Water-Spraying Rocket, Water Baseball, Rocket Launch Game, Spinning Water Sprayer Outdoor Summer Toys for Boys Girls Outside Water Game Toys for Kids 3-12",https://www.amazon.com/dp/B0GD78C7YS?th=1,1772409600000,700,美国,体育
1777254389862,亚马逊,B0GQH2SK2M,https://m.media-amazon.com/images/I/41RHTh2T70L._AC_US200_.jpg,"Yellow Cheese Squeeze Toy, Soft Cheese Squishy Toy, Rebounding Sensory,Help for Relax,Focus,Soft Flexible Elastic Rubber Sensory Cheese for & Adults, Stress Balls for Adults (4 inches)",https://www.amazon.com/dp/B0GQH2SK2M?th=1,1772409600000,300,美国,Novelty & Gag Toys
1777254389862,亚马逊,B0GQH6BHDG,https://m.media-amazon.com/images/I/51vgIzHFtmL._AC_US200_.jpg,"Yellow Cheese Squeeze Toy, Soft Cheese Squishy Toy, Rebounding Sensory,Help for Relax,Focus,Soft Flexible Elastic Rubber Sensory Cheese for & Adults, Stress Balls for Adults(2 inches)",https://www.amazon.com/dp/B0GQH6BHDG?th=1,1772409600000,1000,美国,Novelty & Gag Toys
1777254389862,亚马逊,B0G7XXT6PJ,https://m.media-amazon.com/images/I/51giiRfIG-L._AC_US200_.jpg,"TOY Life 23 Pcs Beach Toys for Kids Sand Toys with Construction Cars Castle Bucket Shovels & Sand Castle Building Kit Molds, Sandbox Toy for Summer Water Play, Travel, Fishing",https://www.amazon.com/dp/B0G7XXT6PJ?th=1,1772409600000,400,美国,运动与户外游戏
1777254389862,亚马逊,B0G55X429M,https://m.media-amazon.com/images/I/41BYCdmRvnL._AC_US200_.jpg,"3PCS Suction Cup Spinners for Babies,Montessori Baby Bath Toys for 0-6-12 Months,Baby Rattle Spinners for Travel,First Birthday Gifts Sentory Toys for 1 Year Old Boys and Girls",https://www.amazon.com/dp/B0G55X429M?th=1,1772409600000,400,美国,婴幼儿
1777254389862,亚马逊,B0GGZHF3CK,https://m.media-amazon.com/images/I/513A+DRdntL._AC_US200_.jpg,"Pool Diving Toys for Kids Ages 3-12, DRAMATION 25 Pcs Mermaid Dive Pool Toys with Diving Gems and Treasure Chest, Diving Rings, Storage Bag, Summer Beach Swim Water Sinking Toys for Boys Girls 3-5 4-8",https://www.amazon.com/dp/B0GGZHF3CK?th=1,1772409600000,200,美国,体育
1777254389862,亚马逊,B0G6LF5PT5,https://m.media-amazon.com/images/I/51s7fDRKOpL._AC_US200_.jpg,"8 Pack Jumbo Golden Easter Eggs Fillers Eye-pop Fidget Toys, Easter Basket Stuffers Animals Easter Eggs with Toys Inside, Large Surprise Gold Egg for Kids Boys Girls Toddlers Easter Hunts Party Favors",https://www.amazon.com/dp/B0G6LF5PT5?th=1,1772409600000,300,美国,Party Supplies
1777254389862,亚马逊,B0GGZ9C3B6,https://m.media-amazon.com/images/I/51GyVfPISlL._AC_US200_.jpg,Easter Bunny Bubble Gun for Toddlers: 2-Pack Bubble Guns for Kids 4-8 | Bubble Machine Gun for Toddlers 1-3 | Bubble Blaster with Refill Solution | Outdoor Toys Gifts for Easter Basket Stuffers,https://www.amazon.com/dp/B0GGZ9C3B6?th=1,1772409600000,600,美国,体育
1777254389862,亚马逊,B0G6Y6W2PX,https://m.media-amazon.com/images/I/5106Jx-L3yL._AC_US200_.jpg,"2026 Inflatable Pool with Canopy,Upgraded Blow Up Pool for Adults&Kids,Large Inflatable Pool with Seat and Big Backrest,Kiddie Pool with Shade,Kid Swimming Pool for Backyard 110""x63""x20""Blue",https://www.amazon.com/dp/B0G6Y6W2PX?th=1,1772409600000,200,美国,体育
1777254389862,亚马逊,B0FLFH5L1L,https://m.media-amazon.com/images/I/41IosArUCWL._AC_US200_.jpg,"Bluey Fuzzies Episode Pack: Baby Race. with 3 Specially Flocked Collectible Mini-Figures (Incl. 1 Exclusive), Display Case, Foil Trading Card, and Collector's Guide. 50 Mini-Figures to Collect!",https://www.amazon.com/dp/B0FLFH5L1L?th=1,1772409600000,300,美国,婴幼儿
1777254389862,亚马逊,B0FLG2BDFV,https://m.media-amazon.com/images/I/41VcuY4xjDL._AC_US200_.jpg,"Bluey Fuzzies Episode Pack: Camping. with 3 Specially Flocked Collectible Mini-Figures (Incl. 1 Exclusive), Display Case, Foil Trading Card, and Collector's Guide. 50 Mini-Figures to Collect!",https://www.amazon.com/dp/B0FLG2BDFV?th=1,1772409600000,200,美国,婴幼儿
1777254389862,亚马逊,B0GJ2XGR6D,https://m.media-amazon.com/images/I/51--Wn6yYpL._AC_US200_.jpg,"Bubble Lawn Mower for Kids, 3-in-1 Bubble Machine Blower with 10 Bubble Solution, Outdoor Push Toys for Toddlers Ages 3-8, Birthday Easter Summer Gift for Boys Girls 3 4 5 6 7 8 Year Old",https://www.amazon.com/dp/B0GJ2XGR6D?th=1,1772409600000,500,美国,体育
1777254389862,亚马逊,B0G2LX7N79,https://m.media-amazon.com/images/I/41vrfKchgcL._AC_US200_.jpg,"VISCOO 4 Pack Octopus Stress Balls for Adults Kids, Taba Squishy, Squishy Fidget Toys for Anxiety Stress Relief, Cute Squeeze Ball Set for Easter Basket Stuffers, Party Favors Classroom Prize Birthday",https://www.amazon.com/dp/B0G2LX7N79?th=1,1772409600000,800,美国,Novelty & Gag Toys
1777254389862,亚马逊,B0GQM4Z7Q7,https://m.media-amazon.com/images/I/51sDzNaLtaL._AC_US200_.jpg,"Slow Rebound Cute Butter Squeeze Stress Balls, 2026 New Slow Rising Butter Squishy Toy, Soft Butter Stick Squishy, Stress Relief Fidget Toys for Adults Gifts (1 Pcs)",https://www.amazon.com/dp/B0GQM4Z7Q7?th=1,1772409600000,300,美国,Novelty & Gag Toys
1777254389862,亚马逊,B0GC5JGDWS,https://m.media-amazon.com/images/I/81V3oLxG6dL._AC_US200_.jpg,"TOY Life Kids Beach Sand Castle Bucket Set, 2 Buckets with Mesh Bag, 6 Molds, 2 Shovels, Colorful Plastic Beach Toys for Summer Play",https://www.amazon.com/dp/B0GC5JGDWS?th=1,1772409600000,200,美国,运动与户外游戏
1777254389862,亚马逊,B0GF2X867C,https://m.media-amazon.com/images/I/41RumxrTqXL._AC_US200_.jpg,"Bunny Stuffed Animal Plush, Interactive Electronic Pet Hopping Bunny Toy, Realistic Stuffed Easter Bunny Rabbit with Sounds and Movements Animated Walking Wiggle Ears Twitch Nose (Pink)",https://www.amazon.com/dp/B0GF2X867C?th=1,1772409600000,200,美国,填充的动物
1777254389862,亚马逊,B0GKG13CFR,https://m.media-amazon.com/images/I/51HkXR1pVHL._AC_US200_.jpg,"24 Pack Prefilled Easter Eggs with 3D Printed Animal Toys ，Ready to Use Basket Stuffers, Egg Hunt Fillers, Party Favors & Easter Gifts for Kids. Non-Candy Classroom Prizes for Toddlers, Boys & Girls.",https://www.amazon.com/dp/B0GKG13CFR?th=1,1772409600000,600,美国,Party Supplies
1777254389862,亚马逊,B0GD7N4BB8,https://m.media-amazon.com/images/I/41dU+Lna1bL._AC_US200_.jpg,"Plastic Easter Eggs Empty Fillable，2.36"" (36-PCS with 3 Golden Eggs) Easter Decoration，12 Colors Bright Pastel Bulk Large Easter Decor，Perfect for Egg Hunt/Surprise Egg/Classroom Prize Supplies",https://www.amazon.com/dp/B0GD7N4BB8?th=1,1772409600000,700,美国,扮靓
1777254392199,亚马逊,B0GPXHLGPP,https://m.media-amazon.com/images/I/51UCFYZi-EL._AC_US200_.jpg,"Abakuku 1000 Pcs Plastic Easter Eggs,2.35"" Assorted Bright Colors Fillable Easter Eggs or Easter Hunt Party Favor Basket Stuffers Filler Classroom Prize Supplies Decor",https://www.amazon.com/dp/B0GPXHLGPP?th=1,1772409600000,300,美国,扮靓
1777254392199,亚马逊,B0GQ2QMRXH,https://m.media-amazon.com/images/I/71ssF9xQM7L._AC_US200_.jpg,"Hello Kitty Latex Balloons - 12"", 8 Count, Vibrant Birthday Party Decorations",https://www.amazon.com/dp/B0GQ2QMRXH?th=1,1772409600000,300,美国,派对用品
1777254392199,亚马逊,B0GCZTFPYD,https://m.media-amazon.com/images/I/61WPsffUjYL._AC_US200_.jpg,"Summer Stickers 48 Sheets 8.6"" X 5.8"" Beach Pool Party Favors Crafts Activities Games for Kids Toddlers School Classroom Travel Essentials Teachers Childrens Gifts Decor",https://www.amazon.com/dp/B0GCZTFPYD?th=1,1772409600000,200,美国,艺术
1777254392199,亚马逊,B0GDF86CCR,https://m.media-amazon.com/images/I/61p4UE+WVgL._AC_US200_.jpg,"128 Pcs Easter Egg Fillers, Easter Egg Stuffers, Easter Party Favors, Easter Basket Stuffers for Kids Boys Girls, Easter Toys Gifts, Treasure Box Toys, Classroom Prizes, Goodie Bags Stuffers for Kids",https://www.amazon.com/dp/B0GDF86CCR?th=1,1772409600000,200,美国,Party Supplies
1777254392199,亚马逊,B0FJMT4CWJ,https://m.media-amazon.com/images/I/81kbDnGHgzL._AC_US200_.jpg,Star Wars™ Micro Galaxy Squadron BTL Y-Wing - 5-inch Vehicle with Two 1-Inch Micro Figure Accessories,https://www.amazon.com/dp/B0FJMT4CWJ?th=1,1772409600000,1000,美国,玩具图
1777254392199,亚马逊,B0GFCY8GM2,https://m.media-amazon.com/images/I/41tebPfa8gL._AC_US200_.jpg,"ToddlerCley Musical Penguin Toys for 1 Year Old Girl Gifts, Learning Educational Baby Toys for 1-3 Year with 5 Themes, Sound & Light, First Word Teaching 12-18 Months, 1st Birthday Girl Boy Gifts",https://www.amazon.com/dp/B0GFCY8GM2?th=1,1772409600000,700,美国,婴幼儿
1777254392199,亚马逊,B0G4CQY9B6,https://m.media-amazon.com/images/I/51en5SK0unL._AC_US200_.jpg,"VROGTIK Turtle Sandbox with Lid & Beach Toys Set, 38"" Kids Sandbox for Toddlers 3-8, Indoor Outdoor Sensory Play Sand Box with Cover, Summer Gift for Ages 3-8",https://www.amazon.com/dp/B0G4CQY9B6?th=1,1772409600000,400,美国,运动与户外游戏
1777254392199,亚马逊,B0GDFZ2HNW,https://m.media-amazon.com/images/I/41EYDUKODBL._AC_US200_.jpg,"Axolotl Squishy Toy, Cute Slow Rising Fidget Toy for Stress Relief, Soft Squeeze Sensory Toy for Kids and Adults, Handheld Stress Ball for Anxiety and Focus Sitting Posture Axolotl(Purple)",https://www.amazon.com/dp/B0GDFZ2HNW?th=1,1772409600000,300,美国,Novelty & Gag Toys
1777254392199,亚马逊,B0GDFNWVFM,https://m.media-amazon.com/images/I/41RN1zlkN2L._AC_US200_.jpg,"Axolotl Squishy Toy, Cute Slow Rising Fidget Toy for Stress Relief, Soft Squeeze Sensory Toy for Kids and Adults, Handheld Stress Ball for Anxiety and Focus Sitting Posture Axolotl(Yellow)",https://www.amazon.com/dp/B0GDFNWVFM?th=1,1772409600000,300,美国,Novelty & Gag Toys
1777254392199,亚马逊,B0GL7RTJ6N,https://m.media-amazon.com/images/I/416qBeydrAL._AC_US200_.jpg,"2PCS Dumpling Squishy,Giant Dumpling Squishy,Mystery Squishy Dumpling Box,Jumbo Bao Bun Slow Rising Squeeze Decompression Item with Steamer Box for Adults.",https://www.amazon.com/dp/B0GL7RTJ6N?th=1,1772409600000,1000,美国,Novelty & Gag Toys
1777254392199,亚马逊,B0G63DMSGY,https://m.media-amazon.com/images/I/81MjG71B-GL._AC_US200_.jpg,"Aori Baby Dolls Realistic, 17-inch Lifelike Baby Doll Set with Feeding Kit Included, Real Life Baby Dolls for Kids 3+, Parents, Elderly and Collectors",https://www.amazon.com/dp/B0G63DMSGY?th=1,1772409600000,200,美国,娃娃
1777254392199,亚马逊,B0GQCFLWK3,https://m.media-amazon.com/images/I/31NhxRSgNZL._AC_US200_.jpg,"Yellow Cheese Squishy Squeeze Toy - Realistic Swiss Cheese Block Stress Relief Sensory Fidget - Dough-Filled Maltose Stretch for Anxiety, Focus, Office Desk & Easter Basket Stuffers",https://www.amazon.com/dp/B0GQCFLWK3?th=1,1772409600000,200,美国,新颖性
1777254392199,亚马逊,B0G6VCB4G9,https://m.media-amazon.com/images/I/51VKzTNqNmL._AC_US200_.jpg,"24 Pack Easter Egg Fillers with Easter Bunny Plush, Easter Eggs with Toys Inside, Mini Stuffed Animals Filled Easter Eggs Hunts Party Favors, Easter Basket Stuffers for Kids Toddler Teens Boys Girls",https://www.amazon.com/dp/B0G6VCB4G9?th=1,1772409600000,300,美国,Party Supplies
1777254392199,亚马逊,B0GJ418BBD,https://m.media-amazon.com/images/I/51-BTJhqlEL._AC_US200_.jpg,"10 Inch Kickball Playground Ball Dodgeball Balls 4 Square Balls, Pack of 3, Dodge Balls for Kids, Kickballs Handball for Indoor Outdoor Games, Includes Pump",https://www.amazon.com/dp/B0GJ418BBD?th=1,1772409600000,900,美国,体育
1777254392199,亚马逊,B0GFMHR12Z,https://m.media-amazon.com/images/I/51IiEZafbdL._AC_US200_.jpg,"Jar Melo 26 PCS Sidewalk Chalk for Kids- Colored Sidewalk Chalk With Holder,Jumbo Washable & Non-Toxic Chalks-Outdoor Play and Chalkboard Art for Kids and Toddlers Gifts",https://www.amazon.com/dp/B0GFMHR12Z?th=1,1772409600000,200,美国,艺术
1777254392199,亚马逊,B0FSF2RRPM,https://m.media-amazon.com/images/I/51iQ5MYN+FL._AC_US200_.jpg,"Outdoor Toys for Kids Ages 4-8, Catch Ball Toss Game, Outside Toys for 3 4 5 6 7 8-12 Year Old Boys Girls, Beach Pool Yard Lawn Outdoor Games, Toddlers Kids Birthday Summer Gifts, 4 Paddles 4 Balls",https://www.amazon.com/dp/B0FSF2RRPM?th=1,1772409600000,200,美国,运动与户外游戏
1777254392199,亚马逊,B0G12187FC,https://m.media-amazon.com/images/I/51xy1H1p3lL._AC_US200_.jpg,"Inflatable Tanning Pool Lounger Float with Sprinkler, 77"" x 48"" Pool Floats Adult with Pillow, 6 in 1 Suntan Tub Raft Floatie with Drink Holder Sunbathing Water Lounge",https://www.amazon.com/dp/B0G12187FC?th=1,1772409600000,200,美国,体育
1777254392199,亚马逊,B0GGNBN5XX,https://m.media-amazon.com/images/I/51qN-lEmPXL._AC_US200_.jpg,"Ziogogco 6PCS Silicone Magnetic Slider Toys，for Adults & Teens, Relieves Stress and Anxiety in Children with Autism. A Must-Have Toy for Office Desk Toy, Stocking Stuffers for Women Men Teen Gift",https://www.amazon.com/dp/B0GGNBN5XX?th=1,1772409600000,200,美国,新颖性
1777254392199,亚马逊,B0GQFQ6DWH,https://m.media-amazon.com/images/I/41FQaBe1KUL._AC_US200_.jpg,"Glitter Dumpling, Glitter Dumpling Squishy with Box, Dumplings Sensory Squeeze Toy for Stress Relief (Solid Blue)",https://www.amazon.com/dp/B0GQFQ6DWH?th=1,1772323200000,200,美国,Novelty & Gag Toys
1777254392199,亚马逊,B0GFM3JWLY,https://m.media-amazon.com/images/I/61lOEwTo6AL._AC_US200_.jpg,"32 Sheet Demon Stickers for Kids Teens, Mixed & Matched with 8 Designed Characters Stickers for Party Decoration, Reward, Decor, Gift Idea",https://www.amazon.com/dp/B0GFM3JWLY?th=1,1772323200000,200,美国,艺术
1777254392199,亚马逊,B0GHVFQNLS,https://m.media-amazon.com/images/I/71lVVcVXdjL._AC_US200_.jpg,"for Go Fish Yourself Card Game - 2026 Hilarious Fish-Themed Party Game for Adults, Interactive Fun for 2+ Players, Perfect Gag Gift for Friends & Family Game Night-B",https://www.amazon.com/dp/B0GHVFQNLS?th=1,1772323200000,300,美国,游戏
1777254392199,亚马逊,B0GQ53G9LG,https://m.media-amazon.com/images/I/71OGSzbH5KL._AC_US200_.jpg,"Easter Bunny Toy, Rabbit Interactive Hopping Electronic Pet Plush Bunny Toy with Sounds and Movements Animated Walking Wiggle Ears Twitch Nose (Pink)",https://www.amazon.com/dp/B0GQ53G9LG?th=1,1772323200000,200,美国,填充的动物
1777254392199,亚马逊,B0GHHM3T31,https://m.media-amazon.com/images/I/81hmi+6mBdL._AC_US200_.jpg,"100pcs Holographic Dinosaur Waterproof Vinyl Stickers - Cool Dino Decor & Party Favors for Laptop, Water Bottle, Classroom",https://www.amazon.com/dp/B0GHHM3T31?th=1,1772323200000,200,美国,艺术
1777254392199,亚马逊,B0FLQR8NND,https://m.media-amazon.com/images/I/412CMZZsLdL._AC_US200_.jpg,"MGA's Miniverse Make It Mini Animals Series 2 (3 Pack) Mini Collectibles, Blind Pack, DIY, Crafts, Resin, Replica Animals, Collectors, Gifts, 8+",https://www.amazon.com/dp/B0FLQR8NND?th=1,1772323200000,3000,美国,新颖性
1777254392199,亚马逊,B0GHQ31LHD,https://m.media-amazon.com/images/I/51iGHiGzcUL._AC_US200_.jpg,"3D Printed Animals Fidget Toys for Kids, Mini Easter Eggs Basket Stuffers Bulk, 4 Pack 3D Printed Toys for Boys Girls, Easter Party Favors Classroom Exchange Prizes",https://www.amazon.com/dp/B0GHQ31LHD?th=1,1772323200000,300,美国,玩具图
1777254392199,亚马逊,B0GQGVXBZ1,https://m.media-amazon.com/images/I/41794zsJxML._AC_US200_.jpg,"Dumpling Squishies, Glitter Dumpling Mystery Box, Colorful Dumplings Stress Balls Fidget Sensory Toy, Stocking Stuffers with Food Steamer Stretchy Desk Toys",https://www.amazon.com/dp/B0GQGVXBZ1?th=1,1772323200000,600,美国,Novelty & Gag Toys
1777254392199,亚马逊,B0GQFFSQ5Q,https://m.media-amazon.com/images/I/51-o7PqAVBL._AC_US200_.jpg,"Stranger Things Party Supplies, 20 Plates, 20 Napkins and 1 Tablecover for Stranger Things Birthday Party Decorations",https://www.amazon.com/dp/B0GQFFSQ5Q?th=1,1772323200000,300,美国,派对用品
1777254392199,亚马逊,B0G6L4ZJDN,https://m.media-amazon.com/images/I/813UErUKb4L._AC_US200_.jpg,"24 Pack Easter Eggs Fillers with Bunny Plush, Easter Basket Stuffers with Toys Inside Filled Mini Stuffed Animals Easter Eggs Hunts Party Favors Surprise Toys for Kids Toddlers Boys Girls",https://www.amazon.com/dp/B0G6L4ZJDN?th=1,1772323200000,500,美国,Party Supplies
1777254392199,亚马逊,B0GK72M89C,https://m.media-amazon.com/images/I/41Gz-G6UtSL._AC_US200_.jpg,"Sprstar Easter Bunny Toy,Bunny My Realistic Bunny Toy,Hopping Rabbit Plush Bunny Toy,with Sounds and Movements Animated Walking Wiggle Ears Twitch Nose Gift for Toddlers Birthday(Pink Rabbit + Leash)",https://www.amazon.com/dp/B0GK72M89C?th=1,1772323200000,400,美国,填充的动物
1777254392199,亚马逊,B0GK5SH9ZR,https://m.media-amazon.com/images/I/51QLRmD+gnL._AC_US200_.jpg,Easter Egg Fillers for Kids Boys Girls Toddlers - 24 Pack Prefilled Easter Eggs with Toys - Pre Filled Bunny Plush Animal Bulk Stuffers Stuffed Egg Classroom Prizes Egg Hunt Party Favors,https://www.amazon.com/dp/B0GK5SH9ZR?th=1,1772323200000,500,美国,Party Supplies
1777254392199,亚马逊,B0GQLJ92HD,https://m.media-amazon.com/images/I/51Gn94YaeWL._AC_US200_.jpg,"WWE John Cena Main Event Series Champions 2026 Action Figure with Title Belt, 6-inches",https://www.amazon.com/dp/B0GQLJ92HD?th=1,1772323200000,600,美国,玩具图
1777254392199,亚马逊,B0GHN7ZQMT,https://m.media-amazon.com/images/I/31scYUJY+pL._AC_US200_.jpg,"Baby Bouncer Toy Bar, Compatible with Baby Bjorn Bouncer, Wooden Baby Bouncer Toy Bar Attachment, Child-Friendly Materials, Rotatable Baby Sensory Toy for Babies",https://www.amazon.com/dp/B0GHN7ZQMT?th=1,1772323200000,200,美国,婴幼儿
1777254392199,亚马逊,B0G22ZP6SJ,https://m.media-amazon.com/images/I/71I6A2BgMpL._AC_US200_.jpg,Kpop Demon Hunters 12-inch Derpy Tiger - Ultra-Soft Collectible Movie Character - Cuddle-Ready Plush for Fans & Collectors - Ages 6+,https://www.amazon.com/dp/B0G22ZP6SJ?th=1,1772323200000,1000,美国,填充的动物
1777254392199,亚马逊,B0FLR4GDNB,https://m.media-amazon.com/images/I/81N-dQf77YL._AC_US200_.jpg,"MGA's Miniverse Make It Mini Taco Bell Series 1 (2 Pack), Mini Collectibles - Blind Pack, DIY, Resin, Replica Food, Not Edible, Collectors, 8+",https://www.amazon.com/dp/B0FLR4GDNB?th=1,1772323200000,2000,美国,新颖性
1777254392199,亚马逊,B0GCMLW3SL,https://m.media-amazon.com/images/I/51bx0C-k2TL._AC_US200_.jpg,"4-Tier Water Table for Kids 3-5, Summer Outdoor Beach Sensory Activity Playset Kids Sand and Water Table Toys, Birthday Gifts for Boys and Girls 3 4 5 6 7 8",https://www.amazon.com/dp/B0GCMLW3SL?th=1,1772323200000,300,美国,运动与户外游戏
1777254392199,亚马逊,B0GKPHFFM8,https://m.media-amazon.com/images/I/51YgwYIygCL._AC_US200_.jpg,"10 Pack 3D Printed Dragon with Eggs - 3D Printed Animals fidget Toys for Kids, Easter Basket Stuffers Gifts for Boys & Girls",https://www.amazon.com/dp/B0GKPHFFM8?th=1,1772323200000,400,美国,玩具图
1777254392199,亚马逊,B0GJB1SL7K,https://m.media-amazon.com/images/I/51GKOa-JQFL._AC_US200_.jpg,"BUUFAN 12PCS 3D Printed Animals with Eggs Set, Easter Basket Stuffers for Kids, Colorful 3D Print Animal Toy Pack, Easter Gifts Party Favors for Boys and Girls",https://www.amazon.com/dp/B0GJB1SL7K?th=1,1772323200000,500,美国,玩具图
1777254392199,亚马逊,B0GGY2LN3Y,https://m.media-amazon.com/images/I/81a+al-9JrL._AC_US200_.jpg,"Dual Easter Bunny Bubble Gun Machine for Toddlers, Rapid Bubble Blasting 10,000+, Leak-Proof Bubble Blower W/LED Lights, Easter Basket Stuffers, Outdoor Spring Easter Toy Gift for Kids Ages 3-6",https://www.amazon.com/dp/B0GGY2LN3Y?th=1,1772323200000,500,美国,体育
1777254392199,亚马逊,B0GM9FVQPZ,https://m.media-amazon.com/images/I/51Fw60tpXnL._AC_US200_.jpg,Unique Paw Patrol Tablecloth and Paw Patrol Birthday Banner | Birthday Decorations and Party Supplies | Officially Licensed,https://www.amazon.com/dp/B0GM9FVQPZ?th=1,1772323200000,1000,美国,Party Supplies
1777254392199,亚马逊,B0G6D6KL2H,https://m.media-amazon.com/images/I/51GPAxEqlZL._AC_US200_.jpg,Who What Why Mega Pack Conversation Cards for Kids – Counseling & Speech Therapy Materials with 120 Picture Cards & Wh Questions – Speech Delay Learning Game – Therapeutic Counselors Play Tool Ages 4+,https://www.amazon.com/dp/B0G6D6KL2H?th=1,1772323200000,800,美国,学习
1777254392199,亚马逊,B0GKDVXBGZ,https://m.media-amazon.com/images/I/51MoFSmqnML._AC_US200_.jpg,"Rechargeable Water Table Pump(Huge Water Output,Long battery life),Kids Sand Water Play Pump,Whale-Shaped Design, 3 Spray Modes, IPX7 Waterproof,Outdoor Toddler Activity Table Accessory",https://www.amazon.com/dp/B0GKDVXBGZ?th=1,1772323200000,300,美国,运动与户外游戏
1777254392199,亚马逊,B0FLL2NPVQ,https://m.media-amazon.com/images/I/71TLyJnXBhL._AC_US200_.jpg,Jazwares Hello Kitty® and Friends - 8-Inch Hello Kitty Pastel Florals Plush - Officially Licensed Sanrio® Product from Ages 6+,https://www.amazon.com/dp/B0FLL2NPVQ?th=1,1772323200000,1000,美国,填充的动物
1777254392199,亚马逊,B0GQDZY3NR,https://m.media-amazon.com/images/I/511ayXolLVL._AC_US200_.jpg,"Glitter Dumpling, Glitter Dumpling Squishy with Box, Dumplings Sensory Squeeze Toy for Stress Relief (White+Gold)",https://www.amazon.com/dp/B0GQDZY3NR?th=1,1772323200000,500,美国,Novelty & Gag Toys
1777254392199,亚马逊,B0GQ4K8RCC,https://m.media-amazon.com/images/I/51BI-NUMrlL._AC_US200_.jpg,"Helium Tank for Balloons at Home, Fills Up to 50 × 9’’ Balloons, Compact Disposable Helium Cylinder 100 gal (380 L) Capacity, High Pressure Portable Party Balloon Pump",https://www.amazon.com/dp/B0GQ4K8RCC?th=1,1772323200000,600,美国,派对用品
1777254392199,亚马逊,B0GJTK72SK,https://m.media-amazon.com/images/I/41B4cFMaoHL._AC_US200_.jpg,"Dreamplay Fidget Gravity Karambit Knife, 2 Pcs 3D Printed Gravity Toys Fake Knife Perfect for Anxiety Stress Relief Autism and ADD (Knifes-Black)",https://www.amazon.com/dp/B0GJTK72SK?th=1,1772323200000,200,美国,Novelty & Gag Toys
1777254392199,亚马逊,B0B659YLSJ,https://m.media-amazon.com/images/I/71D9AOUnMaL._AC_US200_.jpg,"TZMAPU Fazbear Plush Foxy, Withered Purple Bunny, Stuffed Animal Figure Toys Gift for Kids, Security Breach Plush for Lovers (3PCS)",https://www.amazon.com/dp/B0B659YLSJ?th=1,1772323200000,400,美国,填充的动物
1777254392199,亚马逊,B0GKVFJRZY,https://m.media-amazon.com/images/I/41772eRhTwL._AC_US200_.jpg,"Vellibring 12"" Summer Inflatable Beach Balls Bulk Rainbow Color Swimming Pool Water Games Toys for Kids Summer Beach Party Favor",https://www.amazon.com/dp/B0GKVFJRZY?th=1,1772236800000,700,美国,体育
1777254392199,亚马逊,B0GD4LQSWY,https://m.media-amazon.com/images/I/51Qw8jyms5L._AC_US200_.jpg,"24pcs Prefilled Easter Eggs with Italian Brainrot Toys Inside - Easter Basket Stuffers, Egg Hunt Game Supplies, Teacher Classroom Prizes, Surprise Party Favors",https://www.amazon.com/dp/B0GD4LQSWY?th=1,1772236800000,400,美国,Party Supplies
1777254392199,亚马逊,B0G6JK7RSF,https://m.media-amazon.com/images/I/81RMoBwcDUL._AC_US200_.jpg,"Adisher [ 6 Surprise Golden Eggs ] 100 PACK Prefilled Easter Egg Fillers, Easter Basket Stuffers Egg Hunt with Toys Goodie Bags Stuffers Party Favors Classroom Prize Supplies for Kids",https://www.amazon.com/dp/B0G6JK7RSF?th=1,1772236800000,500,美国,Party Supplies
1777254392199,亚马逊,B0GK72B7QD,https://m.media-amazon.com/images/I/81zT0YVgGqL._AC_US200_.jpg,"4 Pack Fidget Toys Squishy Stress Toys, Stress Balls for Adults Stress Relief, Fidget Sensory Toys for Kids with Autism, Fidgets for Classroom Prize Toys Gifts & Easter Basket Stuffers",https://www.amazon.com/dp/B0GK72B7QD?th=1,1772236800000,200,美国,Novelty & Gag Toys
1777254392199,亚马逊,B0GGGPTZDL,https://m.media-amazon.com/images/I/51D-MmVIMRL._AC_US200_.jpg,"24 Pack Prefilled Easter Eggs With Toys Slow Rising Squishy Axolotl, Kids Easter Basket Stuffers for Boys Girls, Non Candy Easter Gifts for Kids Egg Hunt Supplies Party Favors",https://www.amazon.com/dp/B0GGGPTZDL?th=1,1772236800000,200,美国,Party Supplies
1777254392199,亚马逊,B0GD2CFDS6,https://m.media-amazon.com/images/I/51-242UgNXL._AC_US200_.jpg,"12 Pack Prefilled Easter Eggs with Die-Cast Cars for Kids Boys, Easter Basket Stuffers, Easter Eggs Filled with Toys for Easter Egg Hunt, Party Favor Supplies School Reward Classroom Prizes",https://www.amazon.com/dp/B0GD2CFDS6?th=1,1772236800000,500,美国,Party Supplies
1777254392199,亚马逊,B0GG453ZJW,https://m.media-amazon.com/images/I/51XI5urj+vL._AC_US200_.jpg,"24Pack Prefilled Easter Eggs for Basket Stuffers, Plastic Easter Eggs with Metal Brain Teaser Puzzle Toys for Kids, Gifts for Egg Hunt Game Party Favors",https://www.amazon.com/dp/B0GG453ZJW?th=1,1772236800000,200,美国,Party Supplies
1777254392199,亚马逊,B0GH5T1NVJ,https://m.media-amazon.com/images/I/71wnQfh-EJL._AC_US200_.jpg,"LUBUYILD 12PCS Easter Eggs with Gnome Keychain Toys for Kids Girls Boys Easter Basket Stuffers, Egg Hunt Prizes and Party Favors Gifts, Cute and Unique Gnome Figures for Home Decor",https://www.amazon.com/dp/B0GH5T1NVJ?th=1,1772236800000,200,美国,Party Supplies
1777254392199,亚马逊,B0G6KH178C,https://m.media-amazon.com/images/I/51zbIHpq5GL._AC_US200_.jpg,"hahaland Dress Up Doll Playsets - Princess Mermaid Unicorns Toys for Girls Age 4-6, Plush Doll with 3 Outfits and Carry Bag, Fairy Ballerina Toys 4 Year Old Girl Birthday Gifts 5th Dance Recital Gifts",https://www.amazon.com/dp/B0G6KH178C?th=1,1772236800000,200,美国,填充的动物
1777254392199,亚马逊,B0GH6YBYH1,https://m.media-amazon.com/images/I/31Az+GjQgxL._AC_US200_.jpg,"Adult-Size 2.76inch/7cm Stress Cube – Larger Than Mini Squishy Cubes, Slow-Rise Sensory Fidget for Stress Relief, Focus & Light Hand Exercise – Safe for Ages 3+ (Purple)",https://www.amazon.com/dp/B0GH6YBYH1?th=1,1772236800000,200,美国,Novelty & Gag Toys
1777254392199,亚马逊,B0GD6YG64R,https://m.media-amazon.com/images/I/61KwAvSWGsL._AC_US200_.jpg,"120 Pack Easter Egg Fillers, Easter Basket Stuffers for Kids Girls Boys, Easter Party Favors, Easter Egg Stuffers, Easter Gifts, Easter Toys Bulk, Classroom Prizes, Pinata Goodie Bags Stuffers",https://www.amazon.com/dp/B0GD6YG64R?th=1,1772236800000,400,美国,Party Supplies
1777254392199,亚马逊,B0GCZKMKTR,https://m.media-amazon.com/images/I/41J+rS3k+YL._AC_US200_.jpg,"3-in-1 Kids Vacuum that Really Works - Toddler Vacuum Cleaning Toy Set, Kids Working Play Vacuum Cleaner with Real Suction, Montessori Housekeeping Toy for Toddlers 3+",https://www.amazon.com/dp/B0GCZKMKTR?th=1,1772236800000,600,美国,扮靓
1777254392199,亚马逊,B0GGZXQ5R1,https://m.media-amazon.com/images/I/41SAxpOOIPL._AC_US200_.jpg,"3Pcs Easter Walking Bunny Balloons With Wheels for Kids, Pull Along Walking Bunny Foil Balloons for Easter Birthday Party Favors, Self-Standing Walking Balloon Animals Decorations Gift Supplies",https://www.amazon.com/dp/B0GGZXQ5R1?th=1,1772236800000,300,美国,派对用品
1777254392199,亚马逊,B0GGCBRPL4,https://m.media-amazon.com/images/I/51ORhM5wygL._AC_US200_.jpg,"6 Pcs Large Easter Eggs Fillable, 6 Inch Colorful Jumbo Plastic Empty Egg Stand Upright for Easter Eggs Hunt Basket Stuffers Fillers Filling Treats Party Favor Classroom Prizes Supplies (Shimmer)",https://www.amazon.com/dp/B0GGCBRPL4?th=1,1772236800000,200,美国,派对用品
1777254392199,亚马逊,B0GGHC4YKN,https://m.media-amazon.com/images/I/41XOPb-4FlL._AC_US200_.jpg,"Kids Play Tent with Ventilation Window - Foldable Indoor Outdoor Playhouse, Pop Up Tent for Kids Ages 3-8, Great Gift Idea for Boys and Girls, Role Play Birthday, Reading Corner",https://www.amazon.com/dp/B0GGHC4YKN?th=1,1772236800000,200,美国,体育
1777254392199,亚马逊,B0G6ZPCML7,https://m.media-amazon.com/images/I/51N9DbP-YUL._AC_US200_.jpg,Easter Baby Toys - Easter Basket Stuffers for Babies 6-12 Months - Baby Tissue Box Toy Montessori Soft Stuffed Bunny High Contrast Crinkle Infant Sensory Toys 6 7 8 9 Months Easter Boy Girl Gifts,https://www.amazon.com/dp/B0G6ZPCML7?th=1,1772236800000,500,美国,婴幼儿
1777254392199,亚马逊,B0GQHB5F4H,https://m.media-amazon.com/images/I/31HbqBEjXaL._AC_US200_.jpg,"Butter Stick Slow Rising Squishy Toy, PU Salted Butter Squeeze Fidget Toy for Stress Relief Hand Relax for Office School (2)",https://www.amazon.com/dp/B0GQHB5F4H?th=1,1772236800000,300,美国,Novelty & Gag Toys
1777254392199,亚马逊,B0GQHCS85R,https://m.media-amazon.com/images/I/61q3uyLm2gL._AC_US200_.jpg,"Butter Stick Slow Rising Squishy Toy, PU Salted Butter Squeeze Fidget Toy for Stress Relief Hand Relax for Office School (1)",https://www.amazon.com/dp/B0GQHCS85R?th=1,1772236800000,700,美国,Novelty & Gag Toys
1777254392199,亚马逊,B0GDDHJ9LQ,https://m.media-amazon.com/images/I/41M5VITXp1L._AC_US200_.jpg,"shiguangji Bunny Stuffed Animal Plush Toy 11.8 in, Soft Rabbit Plush for Babies and Toddlers, Cuddly Bunny Toy for Nursery Decor and Easter Gift (Gray)",https://www.amazon.com/dp/B0GDDHJ9LQ?th=1,1772236800000,200,美国,填充的动物
1777254392199,亚马逊,B0GPMR3C6N,https://m.media-amazon.com/images/I/71LYQDYNa8L._AC_US200_.jpg,"48 Pack Easter Fillers Set for Kids– 24 Fillable Plastic Eggs,24 Dinosaur Finger Lights, Light Up Easter Rings, Easter Basket Stuffers Bulk, Non-Candy Party Favor Bundle for Boys Girls",https://www.amazon.com/dp/B0GPMR3C6N?th=1,1772236800000,300,美国,Party Supplies
1777254392199,亚马逊,B0G1BP3RDX,https://m.media-amazon.com/images/I/61UIaEzxTyL._AC_US200_.jpg,"Magnetic Blocks, 100PCS Magnetic Building Blocks, Stacking Magnets for Kids, Sensory Toy for STEM Constructions Magnet Blocks for Boys Girls Age 3+, Christmas Birthday Gifts",https://www.amazon.com/dp/B0G1BP3RDX?th=1,1772236800000,200,美国,建筑玩具
1777254392199,亚马逊,B0GJKRRWFZ,https://m.media-amazon.com/images/I/51cV2pxkx7L._AC_US200_.jpg,"8pcs 3D Printed Dragon Eggs, Articulated Fantasy Animal Fidget Toys Set, Collectible Figurines for Kids Birthday Gifts, Party Favors, Classroom Prizes",https://www.amazon.com/dp/B0GJKRRWFZ?th=1,1772236800000,200,美国,玩具图
1777254392199,亚马逊,B0GD735WT6,https://m.media-amazon.com/images/I/61zYpkyBBtL._AC_US200_.jpg,"123 Pcs Easter Egg Fillers, Easter Egg Stuffers, Easter Party Favors, Easter Basket Stuffers for Kids Girls Boys, Easter Toys Gifts, Treasure Box Toys, Classroom Prizes, Goodie Bags Stuffers",https://www.amazon.com/dp/B0GD735WT6?th=1,1772236800000,300,美国,Party Supplies
1777254392199,亚马逊,B0G5PTPV3G,https://m.media-amazon.com/images/I/61EFDQgbORL._AC_US200_.jpg,"BicMan 500pcs Easter Basket Stuffers Bulk, Easter Egg Fillers for Kids, Fidget Toys Pack, Easter Party Favors, Goodie Bag Stuffers, Classroom Prize, Treasure Box",https://www.amazon.com/dp/B0G5PTPV3G?th=1,1772236800000,800,美国,Party Supplies
1777254392199,亚马逊,B0GFDDQZCB,https://m.media-amazon.com/images/I/61U1avfb4jL._AC_US200_.jpg,"Letter Stickers, 5000 PCS+ Alphabet Stickers Book, Self-Adhesive Colorful Stickers, Letters & Numbers for Junk Journal Supplies Kids DIY Crafts Scrapbooking Notebook Laptop Water Bottles Daily Decor",https://www.amazon.com/dp/B0GFDDQZCB?th=1,1772236800000,300,美国,艺术
1777254392199,亚马逊,B0GGQ3Q4BQ,https://m.media-amazon.com/images/I/41TN4BXtt9L._AC_US200_.jpg,"QPAU Inflatable Swimming Pool with 2 Seats and Backrests, 80"" L x 80"" W x 27"" D Large Full-Sized Family Pools for Kids and Adults for Backyard, Garden, Outdoors, Clear Blue",https://www.amazon.com/dp/B0GGQ3Q4BQ?th=1,1772236800000,500,美国,体育
1777254392199,亚马逊,B0GQ8SZXBZ,https://m.media-amazon.com/images/I/61N5KI8ZRhL._AC_US200_.jpg,"2026 Emerging Liberty Dime, 250th Anniversary Semiquincentennial Commemorative P & D 2 Coins Set",https://www.amazon.com/dp/B0GQ8SZXBZ?th=1,1772236800000,200,美国,新颖性
1777254392199,亚马逊,B0G5KCS6G9,https://m.media-amazon.com/images/I/51On5+7HadL._AC_US200_.jpg,"Pool Floats Adult, 2 Person River Tubes Inflatable 5-in-1 Heavy Duty River Raft with Backrests Builtin Cooler 2 Cup Holders Floating Lounge for Lake Swimming Tanning Pool Toys Summer Relaxation",https://www.amazon.com/dp/B0G5KCS6G9?th=1,1772236800000,400,美国,体育
1777254392199,亚马逊,B0GNS3NDTV,https://m.media-amazon.com/images/I/416w2tfqx0L._AC_US200_.jpg,Tonies Easter and Spring Stories (Limited Edition) Audio Toy Figurine,https://www.amazon.com/dp/B0GNS3NDTV?th=1,1772236800000,600,美国,儿童电子产品
1777254392199,亚马逊,B0GH71NJPF,https://m.media-amazon.com/images/I/51ndoBPX5-L._AC_US200_.jpg,"2 Pack Large Electric Water Guns for Adults & Kids, Automatic Squirt Guns with LED Light, 730CC High Capacity Water Gun with 26-33FT Long Range & Battery Powered for Summer Outdoor Toy Gift",https://www.amazon.com/dp/B0GH71NJPF?th=1,1772236800000,400,美国,体育
1777254392199,亚马逊,B0GF8FKT9C,https://m.media-amazon.com/images/I/51LFnirfSTL._AC_US200_.jpg,"Inflatable Pool Floats with UPF50+ Canopy-Removable-120° Adjustable, Large Pool Beach Floating Raft Lounge with 2 Cup Holders, Swimming Inflatable Pool Floats for Beach, Lake, Party",https://www.amazon.com/dp/B0GF8FKT9C?th=1,1772236800000,200,美国,体育
1777254392199,亚马逊,B0G5P91814,https://m.media-amazon.com/images/I/91C7omMt+fL._AC_US200_.jpg,"303 PCS Easter Stickers, Vinyl Waterproof Easter Stickers for Kids,Cute Egg Sticker for Water Bottle Laptop Cards,Non-Repeating Basket Stuffers Party Decorations Favor Gifts for Boys Girls Teens",https://www.amazon.com/dp/B0G5P91814?th=1,1772236800000,500,美国,艺术
1777254392199,亚马逊,B0GHKFD3GD,https://m.media-amazon.com/images/I/51lP3oOwECL._AC_US200_.jpg,"12 Pcs Reusable Water Balloons, Self-Sealing Refillable Water Balls, Pool Toys for Kids Ages 4-14, Pool Beach & Outdoor Water Ballons",https://www.amazon.com/dp/B0GHKFD3GD?th=1,1772236800000,1000,美国,体育
1777254392199,亚马逊,B0G48MKL88,https://m.media-amazon.com/images/I/419XcLFgGDL._AC_US200_.jpg,"Skirfy Electric Water Gun for Kids Adults,Battery-Powered Squirt Toy with Tank,LED Light,Automatic Water Absorption,Summer Outdoor Beach Play,Pool Garden Fun for Kids Age 8 9 10",https://www.amazon.com/dp/B0G48MKL88?th=1,1772236800000,300,美国,体育
1777254392199,亚马逊,B0GFW5N5TD,https://m.media-amazon.com/images/I/51s2U85kX-L._AC_US200_.jpg,"SMILESSKIDDO Soccer Board Games for Kids, Mini Foosball Table Toys for 3 4 5 6 7 8-12 Year Old Kids, Interactive Soccer Toys Indoor Home Party - Gift for Boys Girls Birthday Holiday",https://www.amazon.com/dp/B0GFW5N5TD?th=1,1772236800000,200,美国,体育
1777254392199,亚马逊,B0G4B6ZL3C,https://m.media-amazon.com/images/I/51mQzAEvc9L._AC_US200_.jpg,"18Pack Creativity Fireworks Water Gun,Sprays Water in a Firework-Like Pattern, Squirt Gun for Kids/Adults, Bulk Samll Water Blaster Summer Pool, Backyard, Beach Water Game Outdoor Toys",https://www.amazon.com/dp/B0G4B6ZL3C?th=1,1772236800000,400,美国,体育
1777254392199,亚马逊,B0GFD66RXS,https://m.media-amazon.com/images/I/51lWbnYasIL._AC_US200_.jpg,1Pcs Princess Birthday Banner 6Pcs Cute Princess Hanging Spiral Decoration Princess Theme Party Banner For Girls Kids And Babies Princess Themed Birthday Party Supplies (Colorful),https://www.amazon.com/dp/B0GFD66RXS?th=1,1772236800000,200,美国,Party Supplies
1777254392199,亚马逊,B0GQ241P9Z,https://m.media-amazon.com/images/I/31OzzZqJ5IL._AC_US200_.jpg,"4PCS Yellow Cheese Squishy Slow Rising, Squishy Squeeze Cheese Block, Soft Novelty Toy, Stress Balls for Adults Rebounding Sensory Squishys Cheese (4pcs)",https://www.amazon.com/dp/B0GQ241P9Z?th=1,1772236800000,500,美国,Novelty & Gag Toys
1777254392199,亚马逊,B0GKV12Y35,https://m.media-amazon.com/images/I/51QfIBvsE4L._AC_US200_.jpg,"Christian Cross Flower Building Set - Jesus Botanical Lily Cross with Bible Base & Spring Garden - Religious Faith Gifts for Women, Mom & Grandma - Spiritual Home Decor, Baptism",https://www.amazon.com/dp/B0GKV12Y35?th=1,1772236800000,500,美国,建筑玩具
1777254392199,亚马逊,B0GJSPPP4Z,https://m.media-amazon.com/images/I/518YRZJLhaL._AC_US200_.jpg,"ORZbb Mini Magnetic Tiles Road with Case Toddler Travel Toys Trip Essentials Set, Magnetic Building Blocks Toys for 3 4 5+ Year Old Boys Girls Montessori Sensory Learning Easter Birthday Gifts",https://www.amazon.com/dp/B0GJSPPP4Z?th=1,1772236800000,500,美国,建筑玩具
1777254392199,亚马逊,B0GDDWZ5L7,https://m.media-amazon.com/images/I/51CW2h1lSoL._AC_US200_.jpg,"Magnetic Fishing Game Toys for Kids Toddlers 3-5 4-8, Water Table Bathtub Toys with Pole Rod Net & Fish, Water Bath Pool Outdoor Fishing Toys for Kids Toddlers Baby Boys Girls Age 3 4 5 6 7 8 Year Old",https://www.amazon.com/dp/B0GDDWZ5L7?th=1,1772236800000,300,美国,婴幼儿
1777254392199,亚马逊,B0GPDWDN8J,"https://m.media-amazon.com/images/I/61DU07xz4uL._SX200_SY200_CR,0,0,200,200_.jpg","Demon Hunters Birthday Decorations Stickers Toys - Girl Group Decal Pack for Laptop, Phone, Water Bottle - Aesthetic Stickers for Journal, Tablet, Skateboard (308Pack)",https://www.amazon.com/dp/B0GPDWDN8J?th=1,1772236800000,1000,美国,艺术
1777254392199,亚马逊,B0GJBS596C,https://m.media-amazon.com/images/I/51jkpzRqr0L._AC_US200_.jpg,"Cream Brown Balloons Arch Garland Kit, 124Pcs Coffee Themed Bar Bridal Shower Decoration for Baby Shower Wedding Engagement Party Decorations",https://www.amazon.com/dp/B0GJBS596C?th=1,1772236800000,200,美国,派对用品
1777254392199,亚马逊,B0GHLTFZHZ,https://m.media-amazon.com/images/I/51fW3p2HQ9L._AC_US200_.jpg,"Pink Purple Balloon Garland Arch Kit,126Pcs Metallic Purple Rose Red Confetti Balloons with Heart Foil Balloon for Women Birthday Bridal Baby Shower Wedding Party Decoration",https://www.amazon.com/dp/B0GHLTFZHZ?th=1,1772236800000,200,美国,派对用品
1777254392199,亚马逊,B0GF2WDFRG,https://m.media-amazon.com/images/I/41ixkAZX8lL._AC_US200_.jpg,"Bunny Stuffed Animal Plush, Interactive Electronic Pet Hopping Bunny Toy, Realistic Stuffed Easter Bunny Rabbit with Sounds and Movements Animated Walking Wiggle Ears Twitch Nose (Brown)",https://www.amazon.com/dp/B0GF2WDFRG?th=1,1772236800000,1000,美国,填充的动物
1777254392199,亚马逊,B0FWRMDNGV,https://m.media-amazon.com/images/I/41N0BNbGM5L._AC_US200_.jpg,"DJI Avata 360 (RC 2), 360° Drone With 1-Inch 8K 360° Imaging for FPV & Aerial Filming, 360° Camera Drone With Propeller Guard. Includes RC 2 With a Built-In Screen for Precise Control",https://www.amazon.com/dp/B0FWRMDNGV?th=1,1772236800000,200,美国,遥控
1777254392199,亚马逊,B0GQGX7FR8,https://m.media-amazon.com/images/I/41QwQFuJ32L._AC_US200_.jpg,"Dumpling Squishies, Glitter Dumpling Mystery Box, Colorful Dumplings Stress Balls Fidget Sensory Toy, Stocking Stuffers with Food Steamer Stretchy Desk Toys",https://www.amazon.com/dp/B0GQGX7FR8?th=1,1772236800000,1000,美国,Novelty & Gag Toys
1777254392199,亚马逊,B0GQGT412W,https://m.media-amazon.com/images/I/41x4eL1xoCL._AC_US200_.jpg,"Dumpling Squishies, Glitter Dumpling Mystery Box, Colorful Dumplings Stress Balls Fidget Sensory Toy, Stocking Stuffers with Food Steamer Stretchy Desk Toys",https://www.amazon.com/dp/B0GQGT412W?th=1,1772236800000,700,美国,Novelty & Gag Toys
1777254392199,亚马逊,B0GJS48WTH,https://m.media-amazon.com/images/I/51t66jE1flL._AC_US200_.jpg,"Ice Cube Cube Fidget Toys - Sensory Toys for Kids with Real Sea Shells, Squishy Fidget Toy for Kids & Adults | Non-Toxic Squeeze Ball for Anxiety, Focus & Calm for School, Office",https://www.amazon.com/dp/B0GJS48WTH?th=1,1772236800000,400,美国,Novelty & Gag Toys
1777254392199,亚马逊,B0GH7CWMTC,https://m.media-amazon.com/images/I/51O+XDOMy0L._AC_US200_.jpg,CMTOOP 5 Pack Water Coloring Books for Toddlers 1-3 - Mess Free Painting for Kids & Reusable Magic Water Activity Book - Aqua Art Travel Toys & Educational Arts and Crafts Gifts for Boys Girls Age 2-4,https://www.amazon.com/dp/B0GH7CWMTC?th=1,1772236800000,500,美国,艺术
1777254392199,亚马逊,B0GQBM3HG6,https://m.media-amazon.com/images/I/41cB-ihReyL._AC_US200_.jpg,"Squishy Stress Cube for Adults,Squishy Slow Rising Fidget Cube Sensory for Anxiety Stress Relief High Density Ice Squeeze Ball Cubes Purple",https://www.amazon.com/dp/B0GQBM3HG6?th=1,1772236800000,400,美国,Novelty & Gag Toys
1777254392199,亚马逊,B0GQB8NK7C,https://m.media-amazon.com/images/I/41Mojrd9xML._AC_US200_.jpg,Big Cheese Squishy Jumbo Large Squishy Cheese Block Giant Stress Relief Ball Block Squeeze Toy Huge Yellow Rebounding Squishies Cheesess Cube for Autism ADHD Soft Novelty Toy for Adults Gift(2.4in),https://www.amazon.com/dp/B0GQB8NK7C?th=1,1772236800000,200,美国,Novelty & Gag Toys
1777254392199,亚马逊,B0CC1ZDBR6,https://m.media-amazon.com/images/I/51T42LGFo1L._AC_US200_.jpg,PartyWoo Graduation Balloons Class of 2026 Black White Gold 12pcs Balloons 40 Inch 2026 Foil Number Balloons 18 Inch Congrats Grad Mylar Balloons for Black White Graduation Decorations Party Supplies,https://www.amazon.com/dp/B0CC1ZDBR6?th=1,1772236800000,300,美国,派对用品
1777254392199,亚马逊,B0FLRLRLKS,https://m.media-amazon.com/images/I/3117hQBlmYL._AC_US200_.jpg,"Teeturtle Reversible Sanrio Cinnamoroll Plushie 4-Inch Easter Egg Two-Sided Flip Plush Toy with Embroidered Details - Cute Mini Collectible Plush for Kids, Teens, and Adults",https://www.amazon.com/dp/B0FLRLRLKS?th=1,1772236800000,200,美国,填充的动物
1777254393979,亚马逊,B0GJLCTXRP,https://m.media-amazon.com/images/I/51SznRcyImL._AC_US200_.jpg,Bean Bag Toss Game for Kids - Cornhole Board Outdoor Toys for Toddlers -Party Activities Carnival Outside Yard Backyard Beach Lawn Games Toy for Kid Boys Girls Age 3 4 5 6 7 8 Year Old Birthday Gifts,https://www.amazon.com/dp/B0GJLCTXRP?th=1,1772236800000,300,美国,体育
1777254393979,亚马逊,B0GQFMT58D,https://m.media-amazon.com/images/I/41dK8EXJFTL._AC_US200_.jpg,"Glitter Dumpling, Glitter Dumpling Squishy with Box, Dumplings Sensory Squeeze Toy for Stress Relief (White)",https://www.amazon.com/dp/B0GQFMT58D?th=1,1772236800000,1000,美国,Novelty & Gag Toys
1777254393979,亚马逊,B0GQFMPR9C,https://m.media-amazon.com/images/I/51sa01sxY2L._AC_US200_.jpg,"Glitter Dumpling, Glitter Dumpling Squishy with Box, Dumplings Sensory Squeeze Toy for Stress Relief (Gold)",https://www.amazon.com/dp/B0GQFMPR9C?th=1,1772236800000,300,美国,Novelty & Gag Toys
1777254393979,亚马逊,B0GLHXVV3B,https://m.media-amazon.com/images/I/415tbVaedIL._AC_US200_.jpg,Confirmation 1st First Communion Gifts for Boys 6-8-12 Jesus Stuffed Animal Plush Doll 5th 8th Grade Graduation Baptism Gifts for Teenage Teen Boys,https://www.amazon.com/dp/B0GLHXVV3B?th=1,1772236800000,300,美国,填充的动物
1777254393979,亚马逊,B0GK91WFVY,https://m.media-amazon.com/images/I/510qv55jcuL._AC_US200_.jpg,"24Pack Taba Squishy Toys kit - Squishy Fidget Toys Party Favors for Kids 8-12-Kawaii Squishies Squeeze Toys for Girls 8-10,6 7 8 9 10 11 12 Year Old Girl Birthday Gifts Fidgets for Kids Classroom",https://www.amazon.com/dp/B0GK91WFVY?th=1,1772236800000,400,美国,Novelty & Gag Toys
1777254393979,亚马逊,B0G6W6SVQ6,https://m.media-amazon.com/images/I/51FEuyhBXgL._AC_US200_.jpg,"24 Pack Easter Egg Fillers with Easter Bunny Plush Easter Eggs with Toys Inside, Mini Easter Stuffed Animals Easter Eggs Hunts Party Favors Easter Basket Stuffers for Kids Toddler Teens Boys Girls",https://www.amazon.com/dp/B0G6W6SVQ6?th=1,1772236800000,200,美国,Party Supplies
1777254393979,亚马逊,B0G42WHZCF,https://m.media-amazon.com/images/I/81RscKd1aGL._AC_US200_.jpg,"NEUBSAW 24Packs Easter Eggs with Cars for Boys, Prefilled Easter Eggs for Kids Toddlers EASTER Basket Stuffers, Party Favor Supplies for Egg Hunt, EAS TER Toys Gifts for Boys",https://www.amazon.com/dp/B0G42WHZCF?th=1,1772236800000,600,美国,Party Supplies
1777254393979,亚马逊,B0G6JSRVH1,https://m.media-amazon.com/images/I/81XGVY9PvlL._AC_US200_.jpg,"Party Favors Kids Sunglasses - Toddler Sunglasses Bulk for Kid Age 3-8, Neon Glasses with UV 400 Protection for Boys Girls, Goodie Bags Stuffers for Birthday Classroom Graduation Gifts - 12 Packs",https://www.amazon.com/dp/B0G6JSRVH1?th=1,1772236800000,300,美国,Party Supplies
1777254393979,亚马逊,B0GC4HB65T,https://m.media-amazon.com/images/I/51Jvs2XTzmL._AC_US200_.jpg,"American Mahjong Tile Set with Printed Carrying Bag, 166 Premium Blue Tiles, 4 Blue All-in-One Racks/Pushers and Accessories, Mahjong Set, Complete Mahjong Game Set for Travel, Gifts（Blue）",https://www.amazon.com/dp/B0GC4HB65T?th=1,1772236800000,200,美国,游戏
1777254393979,亚马逊,B0GD5BJY47,https://m.media-amazon.com/images/I/71x0VoUN+vL._AC_US200_.jpg,Bubble Cigarette Stress Relief Accessary Fake Cigarette Mini Bubble Blower Bubble Sticks Relaxation Birthday Christmas Party Gift for Men Women,https://www.amazon.com/dp/B0GD5BJY47?th=1,1772150400000,300,美国,体育
1777254393979,亚马逊,B0DS12QPL9,https://m.media-amazon.com/images/I/71Wm1s33eBL._AC_US200_.jpg,"6 Pack Wooden Easter Egg Shakers, Percussion Musical Instruments for Toddlers 1-3 Year Old, Montessori Toys for Kids Boys Girls, Easter Basket Stuffers Fillers Party Favors Classroom Prize Supplies",https://www.amazon.com/dp/B0DS12QPL9?th=1,1772150400000,200,美国,学习
1777254393979,亚马逊,B0G1MGXVSX,https://m.media-amazon.com/images/I/51ea0kDob7L._AC_US200_.jpg,Fancy Land 50 Pcs Passover Ten Plagues Stickers for Kids Make Your Own Passover Stickers Jewish Crafts for Gifts Party Favors School Classroom Activities,https://www.amazon.com/dp/B0G1MGXVSX?th=1,1772150400000,200,美国,艺术
1777254393979,亚马逊,B0GDDW77YF,https://m.media-amazon.com/images/I/51FvAbClTGL._AC_US200_.jpg,Kids Tool Set Toddlers Tool Kit Kid Toddler Tools Belt 3 4 5 Year Old Construction Tools Toys for Boys Birthday Gifts Age 3 4 5,https://www.amazon.com/dp/B0GDDW77YF?th=1,1772150400000,200,美国,扮靓
1777254393979,亚马逊,B0GGHBFMH1,https://m.media-amazon.com/images/I/71OeMjuqbuL._AC_US200_.jpg,"4K Drone with Camera 2650 ft Long Range 84 min Flight Time Super Endurance Foldable Drone with Camera for Beginners, WiFi FPV Quadcopter, Brushless Motor, Auto Hover, Follow Me (3 Batteries)",https://www.amazon.com/dp/B0GGHBFMH1?th=1,1772150400000,400,美国,遥控
1777254393979,亚马逊,B0GF7RZG1C,https://m.media-amazon.com/images/I/41iXT1xCbXL._AC_US200_.jpg,"Giant Dumpling Stress Ball, Big Squishy Steamed Bun Fidget Toy with Steamer, Helps with Stress Relief, Soft Squeeze Ball for Kids and Adults (Purple)",https://www.amazon.com/dp/B0GF7RZG1C?th=1,1772150400000,300,美国,Novelty & Gag Toys
1777254393980,亚马逊,B0GKYDQTNV,https://m.media-amazon.com/images/I/81nMmA5SFJL._AC_US200_.jpg,"Rotu Easter Basket Stuffers Essentials 30 Packs(274Pcs) Mess Free Watercolor Coloring Books with Easter Cards for Kids, Easter Classroom Gifts for Kids Crafts Games Party Favors for Kids",https://www.amazon.com/dp/B0GKYDQTNV?th=1,1772150400000,800,美国,艺术
1777254393980,亚马逊,B0GCH716N4,https://m.media-amazon.com/images/I/51lqXHcCYEL._AC_US200_.jpg,"4 Sets Easter Reusable Sticker Books for Toddlers 1-3, Arts Crafts for Toddler 3-5, Activity Books for Kids 2-4, Toddler Toys Holiday Gifts Travel Toys Easter Basket Stuffers for Girls Boys",https://www.amazon.com/dp/B0GCH716N4?th=1,1772150400000,200,美国,艺术
1777254393980,亚马逊,B0G6D13VG9,https://m.media-amazon.com/images/I/41zElCpivVL._AC_US200_.jpg,"Baby Pool Float with Canopy UPF50+ Sun Protection, Soft Fabric-Covered Baby Floats with Safety Seat, No Flip Over Baby floatie for Age 6-36 Months, Infant Pool Float for Toddler Boys and Girls",https://www.amazon.com/dp/B0G6D13VG9?th=1,1772150400000,500,美国,体育
1777254393980,亚马逊,B0GL4FQXXC,https://m.media-amazon.com/images/I/71l7A5WgNDL._AC_US200_.jpg,"Throw Hands – The Absurdly Fast and Absolutely Chaotic Card-Shedding Game for 2 to 8 Players – 60 Second Card Game for Friends, Families, and Game Night – Ages 7+",https://www.amazon.com/dp/B0GL4FQXXC?th=1,1772150400000,500,美国,游戏
1777254393980,亚马逊,B0G4LHPCGL,https://m.media-amazon.com/images/I/51ri0UfBkQL._AC_US200_.jpg,8 Pack Easter Hatching Eggs Dinosaur Toys Filled with Jumbo Deformable Transforming Dinosaur Toys Plastic Surprise Eggs Easter Basket Stuffers Fillers for Easter Eggs Hunt Party Favor Classroom Prize,https://www.amazon.com/dp/B0G4LHPCGL?th=1,1772150400000,600,美国,Party Supplies
1777254393980,亚马逊,B0GPP6D4WH,https://m.media-amazon.com/images/I/51Yfw8Fq3YL._AC_US200_.jpg,Enduring Liberty 2026 Semiquincentennial Half Dollar 2 Coins.,https://www.amazon.com/dp/B0GPP6D4WH?th=1,1772150400000,300,美国,新颖性
1777254393980,亚马逊,B0GJDLGN5G,"https://m.media-amazon.com/images/I/51BRjiUhHmL._AC_SR200,200_.jpg",24 Pcs PreFilled Easter Eggs with Mini Resin Rabbit Animals Keychain Decoration Stuffed Toy Great for Kids Boys Girls Toddler Easter Basket Stuffers Egg Fillers,https://www.amazon.com/dp/B0GJDLGN5G?th=1,1772150400000,200,美国,Party Supplies
1777254393980,亚马逊,B0GD192XWR,https://m.media-amazon.com/images/I/41Sy-3Oc95L._AC_US200_.jpg,"Realistic Bunny for Kids - Interactive Hopping Bunny Toy Set with Bunny Ears, Electric Lifelike Robot Rabbit that Move, Walking Barking and Wagging Tail Bunby Stuffed Animal with Sounds,White",https://www.amazon.com/dp/B0GD192XWR?th=1,1772150400000,300,美国,填充的动物
1777254393980,亚马逊,B0FY6J338N,https://m.media-amazon.com/images/I/41CyETwJjYL._AC_US200_.jpg,"Cute Anime Cake Decorations, Cartoon Happy Birthday Cake Topper, Party Cake Decorations Supplies for Girls",https://www.amazon.com/dp/B0FY6J338N?th=1,1772150400000,1000,美国,派对用品
1777254393980,亚马逊,B0GPHMMMDQ,https://m.media-amazon.com/images/I/81PNWG5gw2L._AC_US200_.jpg,"Demon Movie Hunters DIY Stickers,8PCS Korean Idol Anime Style DIY Stickers for Water Bottles,Waterproof Vinyl Decal for Teen Girl Adult Laptop Skateboard Phone Case Guitar Travel Case Bike Notebook",https://www.amazon.com/dp/B0GPHMMMDQ?th=1,1772150400000,1000,美国,艺术
1777254393980,亚马逊,B0GMCC839Y,https://m.media-amazon.com/images/I/71GSFs2ciPL._AC_US200_.jpg,"Stranger 5 Things Birthday Decorations, 59x35.4 in Stranger Season 5 Things Happy Birthday Banner Backdrop for Kids Birthday Party Supplies (Colorful-2)",https://www.amazon.com/dp/B0GMCC839Y?th=1,1772150400000,300,美国,Party Supplies
1777254393980,亚马逊,B0G438Y9C1,https://m.media-amazon.com/images/I/515nZZcvj7L._AC_US200_.jpg,"iPlay, iLearn Stunt Construction Trucks for Toddlers 1-3, Baby Push Go Friction Cars, Kids Pull Back Vehicle Set, Boys Digger Roller Dump Truck, Birthday Gift 12 18 Months, 2 3 4 5 One Yrs Girls Child",https://www.amazon.com/dp/B0G438Y9C1?th=1,1772150400000,200,美国,玩具图
1777254393980,亚马逊,B0G6D9141C,https://m.media-amazon.com/images/I/4161BaBcLNL._AC_US200_.jpg,"Baby Pool Float with Canopy UPF50+ Sun Protection, Soft Fabric-Covered Inflatable Baby Float, No Flip Over Infant Swim Float for Baby 6-36 Months, Skin Protect Toddler Pool Floaties for Boys and Girls",https://www.amazon.com/dp/B0G6D9141C?th=1,1772150400000,300,美国,体育
1777254393980,亚马逊,B0GKZMXX57,https://m.media-amazon.com/images/I/51nxZ9YUnFL._AC_US200_.jpg,"ONKULL 24 pcs Easter Pop Purse Fidget Toy Pack,Keychain for Party Favors Goodie Bag Stuffers with Keychain Toys Stress Relief Toys, Party Favors, Easter Basket Stuffers",https://www.amazon.com/dp/B0GKZMXX57?th=1,1772150400000,300,美国,Novelty & Gag Toys
1777254393980,亚马逊,B0GJ3D7WY5,https://m.media-amazon.com/images/I/5145qzbI1+L._AC_US200_.jpg,"Collapsible Beach Toys for Kids Toddlers, Foldable Sand Bucket and Shovels Set with Mesh Bag & Sand Castle Building Kit, Travel Sand Toys for Beach Essentials, Sandbox Toys for Baby Kids Age 3-10",https://www.amazon.com/dp/B0GJ3D7WY5?th=1,1772150400000,800,美国,运动与户外游戏
1777254393980,亚马逊,B0GQB8NQCM,https://m.media-amazon.com/images/I/411lu5g05GL._AC_US200_.jpg,"2026 New Extra Large Cheese Squishy Toy, Slow Rising Squeeze Block, Stress & Anxiety Relief Fidget Gift for Kids and Adults",https://www.amazon.com/dp/B0GQB8NQCM?th=1,1772150400000,700,美国,Novelty & Gag Toys
1777254393980,亚马逊,B0GGHB4MCB,https://m.media-amazon.com/images/I/51mgog6yQOL._AC_US200_.jpg,"Dinosaur Egg Excavation Dig Kit for Kids - 12Pack Easter Basket Stuffers, Glow in The Dark Dino Easter Eggs, Dinosaur Toys Easter Gift for 3 4 5 6 7 8 Year Old",https://www.amazon.com/dp/B0GGHB4MCB?th=1,1772150400000,1000,美国,学习
1777254393980,亚马逊,B0GJBHVFH9,https://m.media-amazon.com/images/I/41VpMDwVtSL._AC_US200_.jpg,"YRIOWMI Electric Water Gun,Full Automatic Electric Squirt Gun 28-32 FT Range Water Pistol Blaster Soaker,Water Playing Toys for Outdoor Yard Beach Pool (Blue+Black)",https://www.amazon.com/dp/B0GJBHVFH9?th=1,1772150400000,500,美国,体育
1777254393980,亚马逊,B0GLNLLTTR,https://m.media-amazon.com/images/I/81ETI2VSabL._AC_US200_.jpg,"Giant Coloring Posters for Kids - 2PCS 35"" x 31"" Paper Coloring Banner/Table Cover for School Parties and Special Events Decoration (No Markers) (Easter)",https://www.amazon.com/dp/B0GLNLLTTR?th=1,1772150400000,600,美国,派对用品
1777254393980,亚马逊,B0GQ3W2GP3,https://m.media-amazon.com/images/I/51vgIzHFtmL._AC_US200_.jpg,1 Pc Cheese Squishies Stress Relief Soft Novelty Toy Simulation Cheeses Food Squeeze Toy Birthday Gift Cute Desk Decor for Adults & Kids,https://www.amazon.com/dp/B0GQ3W2GP3?th=1,1772150400000,400,美国,Novelty & Gag Toys
1777254393980,亚马逊,B0GD6YGQ7D,https://m.media-amazon.com/images/I/41IaB99lsBL._AC_US200_.jpg,"TOY Life 55.9'' Kites Easy to Fly for Kids Adults with 328.1 FT String, Beach Kite Outdoor Game Outside Toys Activity, Beach Toys for Kids, Gift for Boys Ages 4-8",https://www.amazon.com/dp/B0GD6YGQ7D?th=1,1772150400000,500,美国,体育
1777254393980,亚马逊,B0GDZX32BL,https://m.media-amazon.com/images/I/311J4mgUicL._AC_US200_.jpg,"Ice Cube Squishy Stress Ball,1.98""*1.98"" Medium Squishy Cube Fidget Toy, Ice Cube Pieces Silent Nice Square Shape Anxiety Sensory Squishy Fidget Toy Slow Rise, Classroom Prizes, Calming Kids(Purple)",https://www.amazon.com/dp/B0GDZX32BL?th=1,1772150400000,200,美国,Novelty & Gag Toys
1777254393980,亚马逊,B0GG9JPDQB,https://m.media-amazon.com/images/I/91ubTnbf-1L._AC_US200_.jpg,"Sretoul 48 Pcs Cartoon Diamond Art Stickers Kits for Kids - Diamond Art Painting Sticker Cute Characters, DIY Mosaic Kits for Kids Gift Decor for Water Bottle, Notebook Decoration",https://www.amazon.com/dp/B0GG9JPDQB?th=1,1772150400000,200,美国,艺术
1777254393980,亚马逊,B0GF234WMP,https://m.media-amazon.com/images/I/51Azg7wJr4L._AC_US200_.jpg,"24 Pack Colorful Dinosaur Eggs Excavation Kit with Learning Cards - Dino Dig STEM Science Toy for Kids - Easter Basket Stuffers, Party Favors Birthday Gifts Classroom Activities for Boys Girls Age 3+",https://www.amazon.com/dp/B0GF234WMP?th=1,1772150400000,500,美国,学习
1777254393980,亚马逊,B0GDF7W8DK,https://m.media-amazon.com/images/I/4115lhJg6qL._AC_US200_.jpg,"Bunby Realistic Rabbit Toy,Easter Realistic Rabbit Toys,Interactive Plush Bunny,Realistic Bunny Can Walk and Talk,Lifelike Movements, Hops,Twitches & Wiggles Ears,Handmade,Easter Gift(Brown)",https://www.amazon.com/dp/B0GDF7W8DK?th=1,1772150400000,1000,美国,填充的动物
1777254393980,亚马逊,B0GMV2LN3H,https://m.media-amazon.com/images/I/41XNjcXP1SL._AC_US200_.jpg,"INFANS 4 Seater Wagon Stroller, All-Terrain Foldable Wagon for 4 Kids with Adjustable Push Pull Handles, 5-Point Harness, Detachable Seats, Snack Tray, Insulated Organizer, Removable Canopy (Grey)",https://www.amazon.com/dp/B0GMV2LN3H?th=1,1772150400000,200,美国,三轮车、滑板车
1777254393980,亚马逊,B0GJ3K55KL,https://m.media-amazon.com/images/I/51j-1KmE9VL._AC_US200_.jpg,"Turtle Sandbox with Lid and Adjustable Umbrella, Large Square Sand Box with 6 Molds & 4 Shovels, Outdoor Beach Toys for Toddlers Ages 3+",https://www.amazon.com/dp/B0GJ3K55KL?th=1,1772150400000,300,美国,运动与户外游戏
1777254393980,亚马逊,B0GHXHPYV5,https://m.media-amazon.com/images/I/81mbj5E+ooL._AC_US200_.jpg,"24Pack Mini Flocked Bunny for Easter Basket Stuffers, Easter Egg Fillers for Kids, Easter Gifts for Children, Easter Toys Party Favors & Decor",https://www.amazon.com/dp/B0GHXHPYV5?th=1,1772150400000,1000,美国,玩具图
1777254393980,亚马逊,B0G7FC4V1K,https://m.media-amazon.com/images/I/51esyMNX1QL._AC_US200_.jpg,"MGparty Prefilled Easter Eggs with Dinosaur Toys Inside for Kids 12 Colorful Mini Plastic Eggs Easter Egg Hunt Fillers Classroom Prizes, Party Favors, Easter Basket Stuffers, Surprise Goodie Bag Gifts",https://www.amazon.com/dp/B0G7FC4V1K?th=1,1772150400000,600,美国,Party Supplies
1777254393980,亚马逊,B0GJCTCTF9,https://m.media-amazon.com/images/I/51LIqkC-fDL._AC_US200_.jpg,"My Realistic Bunny Toy, Interactive Bunny Realistic Bunny, Jumping, Twitching, and Shaking Ears (White)",https://www.amazon.com/dp/B0GJCTCTF9?th=1,1772150400000,400,美国,填充的动物
1777254393980,亚马逊,B0GFFY34XN,https://m.media-amazon.com/images/I/41OS6dRwlqL._AC_US200_.jpg,"Giant Color Stack Challenge By Relatable - The Ultimate Jumbo Brain Teaser & Strategy Game - Includes 50 Puzzles for Indoor/Outdoor Play, Perfect Yard Game for Ages 6 and Up",https://www.amazon.com/dp/B0GFFY34XN?th=1,1772150400000,300,美国,游戏
1777254393980,亚马逊,B0FXQMP58X,https://m.media-amazon.com/images/I/51HmuL+YX0L._AC_US200_.jpg,"16Pcs Cute Anime Cake Decorations with 15pcs Cupcake Toppers, 1pcs Happy Birthday Cake Topper, Cartoon Themed Party Supplies, Perfect for Birthday Party Decorations",https://www.amazon.com/dp/B0FXQMP58X?th=1,1772150400000,2000,美国,Party Supplies
1777254393980,亚马逊,B0G64F4WCG,https://m.media-amazon.com/images/I/41tHHoUbB+L._AC_US200_.jpg,"Dsmile Water Guns for Kids Adults, Outdoor Water Toys-2 Pieces Dual Nozzles Squirt Guns for Swimming Pool Beach Outdoor Water Toys",https://www.amazon.com/dp/B0G64F4WCG?th=1,1772150400000,400,美国,体育
1777254393980,亚马逊,B0GQGZ862H,https://m.media-amazon.com/images/I/31o8eUQj7bL._AC_US200_.jpg,"3 Pcs Butter Squishy Fidget, Super Soft Butter-Shaped Slow Rising Squeeze, Stress Relief Anxiety Relaxation Squishies, Ideal for Birthday Gifts, Party Favors and Classroom Prizes (3, Butter)",https://www.amazon.com/dp/B0GQGZ862H?th=1,1772150400000,500,美国,Novelty & Gag Toys
1777254393980,亚马逊,B0GCG1CHT5,https://m.media-amazon.com/images/I/619xlqRBvOL._AC_US200_.jpg,"3D Printed Easter Eggs with Bunny Inside,Easter Surprise Rabbit Eggs,3D Printed Animals, Easter Basket Stuffers,Fidget Toys Gifts (6PCS)",https://www.amazon.com/dp/B0GCG1CHT5?th=1,1772150400000,300,美国,玩具图
1777254393980,亚马逊,B0FY2H734B,"https://m.media-amazon.com/images/I/51N42543zvL._SX200_SY200_CR,0,0,200,200_.jpg","24 Pack Easter Egg Fillers with Fidget Spinner Sports Balls Toy, Easter Eggs Hunts Filling Soccer Baseball Easter Basket Stuffers Squeeze Stress Relief Toys for Kids Toddler Teens Boys Girls",https://www.amazon.com/dp/B0FY2H734B?th=1,1772150400000,300,美国,Party Supplies
1777254393980,亚马逊,B0GL6NS8FL,https://m.media-amazon.com/images/I/51u4Ss0vuML._AC_US200_.jpg,"Wise Block Farm Building Blocks Set, Animal Chicken Coop Building Set Toy with Sheep Bunny Rotating Windmill, Creative Construction Gifts for Kids 485 Pcs",https://www.amazon.com/dp/B0GL6NS8FL?th=1,1772150400000,200,美国,建筑玩具
1777254393980,亚马逊,B0GF29R29B,https://m.media-amazon.com/images/I/51m3Qw4Wq6L._AC_US200_.jpg,"Hatching Dinosaur Surprise Eggs for Kids - 6 Pack Easter Basket Stuffers, Birthday Gifts for Boys & Girls Age 3 4 5 6 7 8 Years Old",https://www.amazon.com/dp/B0GF29R29B?th=1,1772150400000,300,美国,玩具图
1777254393980,亚马逊,B0GF1VRMWF,https://m.media-amazon.com/images/I/71QUSc3lHSL._AC_US200_.jpg,"Unicorn Hatching Surprise Eggs for Kids - 6 Pack Easter Basket Stuffers, Easter Egg Toddler Birthday Gifts for Boys & Girls Age 3 4 5 6 7 8 Years Old",https://www.amazon.com/dp/B0GF1VRMWF?th=1,1772150400000,800,美国,玩具图
1777254393980,亚马逊,B0G4NBRQ66,https://m.media-amazon.com/images/I/516+iQFXLeL._AC_US200_.jpg,"5 Pack Water Gun for Kids Adults - Long Range Super Water Blaster Soaker Squirt Gun, Summer Outdoor Toy for Boys Girls Swimming Pool, Beach, Yard, Water Fighting Play Party",https://www.amazon.com/dp/B0G4NBRQ66?th=1,1772150400000,200,美国,体育
1777254393980,亚马逊,B0GHSB3R31,https://m.media-amazon.com/images/I/51VeltsL+LL._AC_US200_.jpg,"4-Key Keyboard Clicker Fidget Gadget with LED Lights, Stress Relief Tool for Office Desk & Focus, Satisfying Tactile Feedback Keychain for Adults (Black & White 2-Pack)",https://www.amazon.com/dp/B0GHSB3R31?th=1,1772150400000,500,美国,Novelty & Gag Toys
1777254393980,亚马逊,B0GJCKPHKL,https://m.media-amazon.com/images/I/31Ewb2DNdaL._AC_US200_.jpg,"Large Ice Cube Squishy Toy 7cm (2.76Inch), Ssqauvig Big Slow Rising Squishies for Sensory Play, Perfect Stress Relief Fidget Toys for Adults Anxiety, Squishy Cube Sensory Toys (Blue)",https://www.amazon.com/dp/B0GJCKPHKL?th=1,1772150400000,200,美国,Novelty & Gag Toys
1777254393980,亚马逊,B0GDDSB7HY,https://m.media-amazon.com/images/I/51Gnrh7PagL._AC_US200_.jpg,Tropical Luau Balloon Arch Kit 146Pcs Hot Pink Pearl Pink Green Blue Orange Gold Metallic Green Confetti Balloons with Palm Leaves for Summer Tropical Luau Hawaiian Theme Party Decorations,https://www.amazon.com/dp/B0GDDSB7HY?th=1,1772150400000,200,美国,派对用品
1777254393980,亚马逊,B0GJ376FBY,https://m.media-amazon.com/images/I/517zCI++2XL._AC_US200_.jpg,"Bubble Lawn Mower for Kids, 3-in-1 Bubble Machine Blower with 10 Bubble Solution, Outdoor Push Toys for Toddlers Ages 3-8, Birthday Easter Summer Gift for Boys Girls 3 4 5 6 7 8 Year Old",https://www.amazon.com/dp/B0GJ376FBY?th=1,1772150400000,500,美国,体育
1777254393980,亚马逊,B0GD6SQYBN,https://m.media-amazon.com/images/I/41jwLNsHrWL._AC_US200_.jpg,"8 Pack Slow Rising Squishy Toys – Soft Squeeze Fidget Sensory & Stress Relief Toy for Kids & Adults | Non-Toxic Novelty Toys | Party Favors, Goodie Bag Stuffers, Classroom Prizes & Desk Toys",https://www.amazon.com/dp/B0GD6SQYBN?th=1,1772150400000,200,美国,Novelty & Gag Toys
1777254393980,亚马逊,B0GCFZG64M,https://m.media-amazon.com/images/I/51hAnzl2fcL._AC_US200_.jpg,"PARENTSWELL 16 PCS Pool Toys for Kids, Diving Toys Set for Swimming Pool Including Dive Rings & Sticks, Colorful Sinking Toys for Summer Water Games, Party Favor for Boys Girls",https://www.amazon.com/dp/B0GCFZG64M?th=1,1772150400000,300,美国,体育
1777254393980,亚马逊,B0GKG529SH,https://m.media-amazon.com/images/I/51pMeGl6sNL._AC_US200_.jpg,"9 Pcs Derby Decorations Table Centerpieces, Wooden Horse Racing Decorations, Double Sided Derby Day Horse Table Decor, Tiered Tray Decor for Horse Party Decorations, Derby Party Decorations for Home",https://www.amazon.com/dp/B0GKG529SH?th=1,1772150400000,200,美国,派对用品
1777254393980,亚马逊,B0GQH2H2QM,https://m.media-amazon.com/images/I/41B2g9ildsL._AC_US200_.jpg,"Dumpling Squishies, Glitter Dumpling Mystery Box, Colorful Dumplings Stress Balls Fidget Sensory Toy, Stocking Stuffers with Food Steamer Stretchy Desk Toys",https://www.amazon.com/dp/B0GQH2H2QM?th=1,1772150400000,4000,美国,Novelty & Gag Toys
1777254393980,亚马逊,B0GH6QNSMW,https://m.media-amazon.com/images/I/516HoyK95NL._AC_US200_.jpg,"24 Pack Easter Eggs Bulk with Multicolor Pen in One - Easter Egg Fillers & Easter Party Favors for Kids, Non-Candy Basket Stuffers for Egg Hunt Gift",https://www.amazon.com/dp/B0GH6QNSMW?th=1,1772150400000,300,美国,Novelty & Gag Toys
1777254393980,亚马逊,B0GCNDHNP3,https://m.media-amazon.com/images/I/31727k5GOPL._AC_US200_.jpg,KBZVNAF Pearl White Latex Party Balloons - 50 Pack 12 inch Helium Matte White Ivory Balloons for Wedding Bridal Shower Baby Shower Birthday Party Decorations,https://www.amazon.com/dp/B0GCNDHNP3?th=1,1772150400000,200,美国,派对用品
1777254393980,亚马逊,B0GFCTFDSQ,https://m.media-amazon.com/images/I/411rSbWfqjL._AC_US200_.jpg,Toys Kids Walkie Talkies: Rechargeable Long Range for Boys & Girls Age 3-12 Outdoor Camping,https://www.amazon.com/dp/B0GFCTFDSQ?th=1,1772150400000,200,美国,儿童电子产品
1777254393980,亚马逊,B0G58HP16Q,https://m.media-amazon.com/images/I/51Uw2Pcr35L._AC_US200_.jpg,"Pink and Green Birthday Decorations, Sage Green Pink Sand White Gold Balloons Happy Birthday Banner Fringe Curtains Butterfly Hanging Swirls Circle Dots Tassels Pompoms for Women Girls Party Supplie",https://www.amazon.com/dp/B0G58HP16Q?th=1,1772150400000,200,美国,派对用品
1777254393980,亚马逊,B0G34M49N3,https://m.media-amazon.com/images/I/51H4bso1h+L._AC_US200_.jpg,"RUBFAC 154pcs Metallic Silver Balloons Different Sizes 18 12 10 5 Inches, Garland Arch Kit for Birthday Party Graduation Wedding Holiday Decoration",https://www.amazon.com/dp/B0G34M49N3?th=1,1772150400000,200,美国,派对用品
1777254393980,亚马逊,B0GJD4V989,https://m.media-amazon.com/images/I/51kpmFmMvPL._AC_US200_.jpg,"Pink and Red Balloon Arch Kit, Double Stuffed Balloons and Bows for Retro Soda Theme Baby Shower Coquette Cherry Themed Birthday Wedding Romantic Valentines Party Decorations",https://www.amazon.com/dp/B0GJD4V989?th=1,1772150400000,200,美国,派对用品
1777254393980,亚马逊,B0G2CTYMMS,https://m.media-amazon.com/images/I/51rGk3yET-L._AC_US200_.jpg,"Brickcraft Poppy Playtime Chapter 4 Yarnaby Building Set with Real Yarn, 268 Piece Fully Posable Creature Action Figure, Collectible Horror Game Building Toys Gift for Boys & Girls Ages 8 and Up",https://www.amazon.com/dp/B0G2CTYMMS?th=1,1772150400000,500,美国,建筑玩具
1777254393980,亚马逊,B0GDPJWJXT,https://m.media-amazon.com/images/I/61Qt5lQAzEL._AC_US200_.jpg,"2026 Graduation Decorations - Blue Balloon Boxes with Letters 2026 Grad & So Proud of You and Blue Black White Print Balloons, Graduation Party Decorations Class of 2026 for Any Grades(Blue)",https://www.amazon.com/dp/B0GDPJWJXT?th=1,1772150400000,200,美国,派对用品
1777254393980,亚马逊,B0GHS9ZFTZ,https://m.media-amazon.com/images/I/71HX1l5tnPL._AC_US200_.jpg,"Fidget Toy Cube, 6 Sided Stress Relief & Focus Toy for Adults and Kids, 2 Pack Cube Fidget Toys Hand-Held for Adults, Audible/Silent Fidget Toys Cube for ADD/ADHD/OCD",https://www.amazon.com/dp/B0GHS9ZFTZ?th=1,1772150400000,300,美国,新颖性
1777254393980,亚马逊,B0GCDC542Z,https://m.media-amazon.com/images/I/51L9MWQIa1L._AC_US200_.jpg,"JoyCat Reusable Sticker Book Set (3-Pack): Unicorn, Fairies, Mermaid - 90 Pcs Stickers for Toddlers, Kids Sticker Activity Book, Road Trip Travel Toys, Party Favors, Birthday Gifts for Baby Girls",https://www.amazon.com/dp/B0GCDC542Z?th=1,1772150400000,200,美国,艺术
1777254393980,亚马逊,B0GPJ4HGQ5,https://m.media-amazon.com/images/I/61I6OT3vQ3L._AC_US200_.jpg,24Pcs for Demon Hunters Themed Stampers - Perfect Kpop Birthday Party Supplies & Goody Bag Fillers for Party Favors,https://www.amazon.com/dp/B0GPJ4HGQ5?th=1,1772064000000,500,美国,艺术
1777254393980,亚马逊,B0GD85PD19,https://m.media-amazon.com/images/I/516w8bUDtwL._AC_US200_.jpg,"Golden Easter Eggs，24 Pack Plastic Easter Eggs Fillable Empty for Gift Baskets or Egg Hunt-2.3""",https://www.amazon.com/dp/B0GD85PD19?th=1,1772064000000,200,美国,Party Supplies
1777254393980,亚马逊,B0GCD96HDQ,https://m.media-amazon.com/images/I/71T5z0+nhYL._AC_US200_.jpg,48PCS Easter Eggs Empty Plastic Eggs Bulk Fillable Easter Eggs for Easter Hunt Basket Stuffers Fillers Party Favor Classroom Prize Supplies.,https://www.amazon.com/dp/B0GCD96HDQ?th=1,1772064000000,300,美国,Party Supplies
1777254393980,亚马逊,B0GCZQ4DJ7,https://m.media-amazon.com/images/I/812XGfx2imL._AC_US200_.jpg,"[ 6 Surprise Golden Eggs ] 100 Pack Prefilled Easter Eggs with Assorted Toys Inside, 100 Plastic Easter Eggs Fillers with Toys, Pre-filled Easter Egg Hunt Stuffed Party Favors, Easter Basket Stuffers",https://www.amazon.com/dp/B0GCZQ4DJ7?th=1,1772064000000,400,美国,Party Supplies
1777254393980,亚马逊,B0GD1M34S9,https://m.media-amazon.com/images/I/51LSWBIS7hL._AC_US200_.jpg,"12Pack Prefilled Easter Eggs with Toys, Easter Eggs with Die-Cast Cars for Kids, Easter Eggs Filled with Toys, Easter Basket Stuffers, Easter Egg Hunt, Party Favor, School Reward Classroom Prizes",https://www.amazon.com/dp/B0GD1M34S9?th=1,1772064000000,500,美国,Party Supplies
1777254393980,亚马逊,B0GHND1N9F,https://m.media-amazon.com/images/I/818AjCynJcL._AC_US200_.jpg,"LUBUYILD 24PCS Easter Eggs with Pop Fidget Toys Keychains for Kids Girls Boys Easter Basket Stuffers, Egg Hunt Prizes and Party Favors",https://www.amazon.com/dp/B0GHND1N9F?th=1,1772064000000,1000,美国,Party Supplies
1777254393980,亚马逊,B0GGZB512Q,https://m.media-amazon.com/images/I/5138W+yPq0L._AC_US200_.jpg,"24 Pcs Prefilled Easter Eggs with Brain Teaser Puzzles Toys for Kids,Easter Basket Stuffers Filled with Metal Montessori Solving Bulk 3D Unlock Logic Gifts for Boys Girls,Party Favors",https://www.amazon.com/dp/B0GGZB512Q?th=1,1772064000000,400,美国,扮靓
1777254393980,亚马逊,B0GDWNFWK9,https://m.media-amazon.com/images/I/51O2l09YcbL._AC_US200_.jpg,"Easter Eggs Magnetic Wooden Animal Train for Kids,Easter Basket Stuffers,Easter Eggs Surprise Train,Montessori Magnetic Train Toy Christmas Countdown Gift for Toddlers,Boys and Girls (Train)",https://www.amazon.com/dp/B0GDWNFWK9?th=1,1772064000000,900,美国,派对用品
1777254393980,亚马逊,B0GD1ZB7JC,https://m.media-amazon.com/images/I/51pdQLQkdeL._AC_US200_.jpg,"12 Pack Prefilled Easter Eggs with Finger Puppets, Prefilled Easter Eggs with Toys for Easter Egg Hunts, Basket Stuffers, Party Favors, Classroom Prizes, Easter Gifts for Kids and Toddlers",https://www.amazon.com/dp/B0GD1ZB7JC?th=1,1772064000000,400,美国,Party Supplies
1777254393980,亚马逊,B0FXM53W8M,https://m.media-amazon.com/images/I/51THUexp3GL._AC_US200_.jpg,"LACCHOUFEE 200Pcs Prefilled Easter Eggs with Toys, Filled Easter Eggs for Basket Stuffers Fillers Includes Assorted Toys Plus Sticky Hands - Kids Boy Girl Party Favors Classroom Prize Supplies",https://www.amazon.com/dp/B0FXM53W8M?th=1,1772064000000,300,美国,Party Supplies
1777254393980,亚马逊,B0GFK6NJM1,https://m.media-amazon.com/images/I/51mBrVNOEGL._AC_US200_.jpg,"NIUCOO 24 Pcs Prefilled Easter Eggs with Squishy Animal Toys, Easter Eggs Stuffers Filled, Eggs for Easter Egg Hunt Prefilled, Easter Basket Fillers for Boys Girls Easter Party Favors",https://www.amazon.com/dp/B0GFK6NJM1?th=1,1772064000000,200,美国,Party Supplies
1777254393980,亚马逊,B0GGH44LBW,https://m.media-amazon.com/images/I/71xTVENKglL._AC_US200_.jpg,"24 Pack Squishy Toys, Kawaii Squishies Party Favors for Kids Treasure Box Toys for Classroom Birthday Xmas Gifts Goodie Bag Fillers Mini Animals Mochi Squishy Fidget Toys Stress Relief Sensory Toys",https://www.amazon.com/dp/B0GGH44LBW?th=1,1772064000000,1000,美国,Novelty & Gag Toys
1777254393980,亚马逊,B0GKFNZRML,https://m.media-amazon.com/images/I/419Q7SaCKSL._AC_US200_.jpg,"Kids Tent for Grils Indoor: with Mat, Star Lights - Pink Play Tents for Kids Indoor Playhouse - Princess Tent for Playroom Gift for Girls Birthday (Pink W/Cloth)",https://www.amazon.com/dp/B0GKFNZRML?th=1,1772064000000,300,美国,体育
1777254393980,亚马逊,B0FXM4R7Y5,https://m.media-amazon.com/images/I/51THUexp3GL._AC_US200_.jpg,"LACCHOUFEE 100Pcs Prefilled Easter Eggs with Toys, Filled Easter Eggs for Basket Stuffers Fillers Includes Assorted Toys Plus Sticky Hands - Kids Boy Girl Party Favors Classroom Prize Supplies",https://www.amazon.com/dp/B0FXM4R7Y5?th=1,1772064000000,400,美国,Party Supplies
1777254393980,亚马逊,B0G38X7S3S,https://m.media-amazon.com/images/I/61iBmgj1iZL._AC_US200_.jpg,24PCS LED Light Up Fidget Spinner Bracelets Glow Party Favors for Kids 4-8 8-12 Goodie Bag Stuffers Classroom Treasure Chest Box Toys Carnival Prizes Pinata Birthday Return End of Year Student Gifts,https://www.amazon.com/dp/B0G38X7S3S?th=1,1772064000000,500,美国,Party Supplies
1777254393980,亚马逊,B0G3Q5XXS7,https://m.media-amazon.com/images/I/5161MD1xVcL._AC_US200_.jpg,"24 Pack Prefilled Easter Eggs with Squishy Fruits Toys Inside for Kids, Easter Basket Stuffers Fillers Mochi Stress Relief Toys for Easter Hunt, Party Favor, Easter Gifts, Classroom Prizes",https://www.amazon.com/dp/B0G3Q5XXS7?th=1,1772064000000,300,美国,Party Supplies
1777254393980,亚马逊,B0GD1ZX8P5,https://m.media-amazon.com/images/I/51Nu1Y6j-IL._AC_US200_.jpg,"Prefilled Easter Eggs with Toys, 12 Pack Prefilled Easter Eggs with Finger Puppets, Ideal for Easter Egg Hunts, Basket Stuffers, Party Favors, Classroom Prizes, Easter Gifts for Kids Toddlers",https://www.amazon.com/dp/B0GD1ZX8P5?th=1,1772064000000,400,美国,Party Supplies
1777254393980,亚马逊,B0GK7GWCTS,https://m.media-amazon.com/images/I/71AbGZiKGHL._AC_US200_.jpg,"Sprstar Easter Bunny Toy,Bunny My Realistic Bunny Toy,Hopping Rabbit Plush Bunny Toy,with Sounds and Movements Animated Walking Wiggle Ears Twitch Nose Gift for Toddlers Birthday(Brown Rabbit +Leash)",https://www.amazon.com/dp/B0GK7GWCTS?th=1,1772064000000,700,美国,填充的动物
1777254393980,亚马逊,B0GH5WNBPZ,https://m.media-amazon.com/images/I/41wFUl1VfJL._AC_US200_.jpg,Xzentira Easter Stickers Roll 500 Pcs Easter Egg Stickers 1.5 Inch Colorful Egg Patterns Adhesive Labels for Kids School Classroom Party Favors DIY Craft Decoration and Gift Sealing,https://www.amazon.com/dp/B0GH5WNBPZ?th=1,1772064000000,200,美国,艺术
1777254393980,亚马逊,B0GFVZVHR3,https://m.media-amazon.com/images/I/51GnjPFe6KL._AC_US200_.jpg,"Beach Sand Toys Set with 2 PCS Adjustable Shark Tooth Sifter, Collapsible Beach Bucket,Sandbox Shovels,Sand Castle Kit,Diving Gem,Seashell Bags,Sand Sifter Shell Scooper Beach Essentials for kids 3-12",https://www.amazon.com/dp/B0GFVZVHR3?th=1,1772064000000,700,美国,运动与户外游戏
1777254393980,亚马逊,B0GHY3HF9S,https://m.media-amazon.com/images/I/819knI5OUiL._AC_US200_.jpg,"21 Pcs Pixel Styled Gamer Cake Decorations, Cute Happy Birthday Cake Toppers, Birthday Party Supplies, Suitable for Birthday Parties, Themed Parties, Holiday Celebrations, and Similar Occasions.",https://www.amazon.com/dp/B0GHY3HF9S?th=1,1772064000000,300,美国,派对用品
1777254393980,亚马逊,B0GDCY91TV,https://m.media-amazon.com/images/I/31atKC288KL._AC_US200_.jpg,"shiguangji Bunny Stuffed Animal Plush Toy 11.8 in, Soft Rabbit Plush for Babies and Toddlers, Cuddly Bunny Toy for Nursery Decor and Easter Gift (White)",https://www.amazon.com/dp/B0GDCY91TV?th=1,1772064000000,500,美国,填充的动物
1777254393980,亚马逊,B0GQ2RTJ7D,https://m.media-amazon.com/images/I/61stM-dBryL._AC_US200_.jpg,"WWE Cody Rhodes Main Event Series Champions 2026 Action Figure with Championship Title, 6-inches",https://www.amazon.com/dp/B0GQ2RTJ7D?th=1,1772064000000,300,美国,玩具图
1777254393980,亚马逊,B0GHZYXBLG,https://m.media-amazon.com/images/I/71jSbKafZnL._AC_US200_.jpg,Demon Stampers Hunter Birthday Party Supplies Goody Bag Treat Stuff Gifts 24Pcs,https://www.amazon.com/dp/B0GHZYXBLG?th=1,1772064000000,200,美国,艺术
1777254393980,亚马逊,B0GL23QB5R,https://m.media-amazon.com/images/I/51jYdQspJWL._AC_US200_.jpg,"Whats Funnier Than 24 25 Cake Topper, Yellow Sponge 25th Birthday Cake Decor, Single Sided Glitter Cardstock with Acrylic Stick, Funny 25th Birthday Supplies, Party for Women Men",https://www.amazon.com/dp/B0GL23QB5R?th=1,1772064000000,200,美国,派对用品
1777254393980,亚马逊,B0G5X3X6KC,https://m.media-amazon.com/images/I/51Y2Fc1BLOL._AC_US200_.jpg,"Tub Works® Mermaid Lagoon™ Light Up Bath Toys, 6 Pack | Water-Activated Light Up Toys Flash & Change Color | Easy-Grip Baby Girl & Toddler Bath Toys | Sensory Mermaid Toy Bathtub Toys with Bath Lights",https://www.amazon.com/dp/B0G5X3X6KC?th=1,1772064000000,4000,美国,婴幼儿
1777254393980,亚马逊,B0GP9NL48R,https://m.media-amazon.com/images/I/41xwf9u1Q6L._AC_US200_.jpg,"Chochkees 6-Pack Easter Egg Chalk, Sidewalk Chalk for Kids, Easter Basket Stuffers Gifts Fillers, Perfect For Easter Egg Hunt, Party Favors, 2.5"" Inch",https://www.amazon.com/dp/B0GP9NL48R?th=1,1772064000000,2000,美国,艺术
1777254395834,亚马逊,B0GDF18H7T,https://m.media-amazon.com/images/I/51hRY0vLoHL._AC_US200_.jpg,"Easter Bunny Toy,Bunby Realistic Rabbit Toy,Easter Realistic Rabbit Toys,Interactive Plush Bunny,Realistic Bunny Can Walk and Talk,Lifelike Movements, Hops,Twitches & Wiggles Ears,Easter Gift(White)",https://www.amazon.com/dp/B0GDF18H7T?th=1,1772064000000,900,美国,填充的动物
1777254395834,亚马逊,B0G6XB1KCF,https://m.media-amazon.com/images/I/41teMRtqFDL._AC_US200_.jpg,"Easter Pop Fidget Toys for Kids, 4 Pack Rainbow Bunny and Carrot Push Bubble Sensory Toys, Easter Basket Stuffers for Kids Toddlers Boys Girls, Stress Relief Party Favors Gifts",https://www.amazon.com/dp/B0G6XB1KCF?th=1,1772064000000,500,美国,Novelty & Gag Toys
1777254395834,亚马逊,B0GQ32DWVV,https://m.media-amazon.com/images/I/51b4yBNmXzL._AC_US200_.jpg,"Skillmatics Aqua Puffs – 3D Art Kit, Girl Power, Mess-Free Paint by Number Craft for Kids, DIY Color & Inflate Activity, Travel Toys & Creative Gifts for Girls Ages 4, 5, 6, 7, 8, 9, 10",https://www.amazon.com/dp/B0GQ32DWVV?th=1,1772064000000,1000,美国,艺术
1777254395834,亚马逊,B0GKFHP79Q,https://m.media-amazon.com/images/I/518OF2DgqFL._AC_US200_.jpg,12 Pack Prefilled Princess Easter Eggs with Princess Bracelets and Rings Inside Jewelry Party Favor for Easter Basket Stuffers,https://www.amazon.com/dp/B0GKFHP79Q?th=1,1772064000000,200,美国,Party Supplies
1777254395834,亚马逊,B0G5829VG1,https://m.media-amazon.com/images/I/51e2aahaKxL._AC_US200_.jpg,"Inflatable Pool Float Chair - Pool Floats Adult Heavy Duty, Water Floating Lounge Chairs, Blow up Floaties Adults for Summer Fun Party Lake Beach",https://www.amazon.com/dp/B0G5829VG1?th=1,1772064000000,200,美国,体育
1777254395834,亚马逊,B0GDXMMF33,https://m.media-amazon.com/images/I/41pImXcIpIL._AC_US200_.jpg,"1500 Pieces Rotating Plastic Puzzle Board with Drawers and Cover, 35""x27"" Portable Jigsaw Puzzle Table, Durable & Waterproof, Ideal Gift for Puzzle Lovers",https://www.amazon.com/dp/B0GDXMMF33?th=1,1772064000000,200,美国,拼图
1777254395834,亚马逊,B0GFN7L3YF,https://m.media-amazon.com/images/I/5121tDm7VxL._AC_US200_.jpg,"Kids Gardening Set - Gardening Tools for Kids includes Watering Can, Shovel, Rake, Gloves, Waterproof Apron and Garden Tote Bag, Children Garden Tool Outdoor Toys Gifts for Boys Girls Age 3 4 5 6 7 8",https://www.amazon.com/dp/B0GFN7L3YF?th=1,1772064000000,200,美国,体育
1777254395834,亚马逊,B0GPVHS53S,https://m.media-amazon.com/images/I/51ipSnyuWWL._AC_US200_.jpg,Butter Stick Slow Rising Squeeze Toy Salted Butter Bar Slow Rising Figure Stress Relief Fidget Toy for Anxiety Relief Hand Relax,https://www.amazon.com/dp/B0GPVHS53S?th=1,1772064000000,500,美国,Novelty & Gag Toys
1777254395834,亚马逊,B0GFP556WL,https://m.media-amazon.com/images/I/61LASECfuLL._AC_US200_.jpg,"Neon Balloons Arch Garland Kit with Yellow Hot Pink Lime Green Orange Blue Neon Balloons for Back to 80s 90s Disco Birthday Party Decorations, Let's Glow Party, Rock Roll Party Supplies",https://www.amazon.com/dp/B0GFP556WL?th=1,1772064000000,200,美国,派对用品
1777254395834,亚马逊,B0GMPP9RNY,https://m.media-amazon.com/images/I/51M1+MIqepL._AC_US200_.jpg,First Communion Banner Kit 9 x 14 Inches Felt Holy Communion Banner First Communion Grapes Craft 1st Communion Banner Kit for Church Sunday School Boys Girls DIY Catholic (Pink),https://www.amazon.com/dp/B0GMPP9RNY?th=1,1772064000000,200,美国,Party Supplies
1777254395834,亚马逊,B0G6KP38R2,https://m.media-amazon.com/images/I/51358GNK1cL._AC_US200_.jpg,"TOY Life 55.9'' Kites Easy to Fly for Kids Adults with 328.1 FT String, Beach Kite Outdoor Game Outside Toys Activity, Beach Toys for Kids, Gift for Boys Ages 4-8",https://www.amazon.com/dp/B0G6KP38R2?th=1,1772064000000,300,美国,体育
1777254395834,亚马逊,B0GPWX2NNY,https://m.media-amazon.com/images/I/31Uc-3ansyL._AC_US200_.jpg,"Squishy Fidget Toy Giant Cheese Squeezable Stress Relief Sensory Toys for Adults, Cute Party Favors, 3.94x3.94x3.54''",https://www.amazon.com/dp/B0GPWX2NNY?th=1,1772064000000,600,美国,Novelty & Gag Toys
1777254395834,亚马逊,B0GML4P822,https://m.media-amazon.com/images/I/516tY6tI55L._AC_US200_.jpg,"Taba Squishy Chicken Nest Egg Kit - Birthday Gift for Kids, Teens - Gifts for Boys & Girls Ages 7 8 9 10 11 12 - Taba Squishies Gift - Squeeze Toys - Squishys Fidget Toys",https://www.amazon.com/dp/B0GML4P822?th=1,1772064000000,1000,美国,Novelty & Gag Toys
1777254395834,亚马逊,B0G64VX1MF,https://m.media-amazon.com/images/I/51xmpte8P6L._AC_US200_.jpg,"Mud Kitchen for Kids Outdoor, Vintage Mud Kitchen with Planter Box - Includes Rich Gardening Tools & Cooking Accessories, Wooden Kids Play Kitchen with Faucet, Stove, Sink, Oven, Flowerpots",https://www.amazon.com/dp/B0G64VX1MF?th=1,1772064000000,300,美国,扮靓
1777254395834,亚马逊,B0GL8C179D,https://m.media-amazon.com/images/I/51UIXmIloNL._AC_US200_.jpg,"Skillmatics Foil Fun Bluey - Mess-Free Art & Craft Kits for Kids, DIY Creative Activity, Travel Toys, Gifts for Girls & Boys Ages 4, 5, 6, 7, 8 and Up",https://www.amazon.com/dp/B0GL8C179D?th=1,1772064000000,600,美国,艺术
1777254395834,亚马逊,B0FLRSD245,https://m.media-amazon.com/images/I/41iVUNLBDhL._AC_US200_.jpg,"Teeturtle Reversible Sanrio Hello Kitty Plushie 4-Inch Easter Egg Two-Sided Flip Plush Toy with Embroidered Details - Cute Mini Collectible Plush for Kids, Teens, and Adults",https://www.amazon.com/dp/B0FLRSD245?th=1,1772064000000,200,美国,填充的动物
1777254395834,亚马逊,B0GK53HB3X,https://m.media-amazon.com/images/I/51dEALP+gGL._AC_US200_.jpg,"okcool Rechargeable Water Table Pump(Huge Water Output 8L/min),Kids Sand Water Play Pump,Whale-Shaped Design,Suitable for Most Water Table on Market for Maximum Fun in Water Table for Kids",https://www.amazon.com/dp/B0GK53HB3X?th=1,1772064000000,500,美国,运动与户外游戏
1777254395834,亚马逊,B0GJ5KHZV5,https://m.media-amazon.com/images/I/519DsHQDgXL._SS200_.jpg,"Baby Toys 6-12-18 Months - My First Plush Bunny Burrow with Stuffed Animals, Rattle, Crinkle, Teether, Montessori Sensory Toys for Babies Toddlers 1-3, Baby Easter Basket Stuffers for Boys Girls Gifts",https://www.amazon.com/dp/B0GJ5KHZV5?th=1,1772064000000,200,美国,婴幼儿
1777254395834,亚马逊,B0FSS649MR,https://m.media-amazon.com/images/I/51gDjXeNLXL._AC_US200_.jpg,Thremhoo 24PCS Glow Fidget Spinner Pens Light Up Party Favors Treat Goodie Bags Stuffers Classroom Bulk Toys for Kids Prizes Toddlers Spinning Pens Boys Girls Birthday Students End Of The Years Gifts,https://www.amazon.com/dp/B0FSS649MR?th=1,1772064000000,600,美国,Party Supplies
1777254395834,亚马逊,B0GQ3KH1YD,https://m.media-amazon.com/images/I/61Zp9WfzNHL._AC_US200_.jpg,Jumbo Cheese Squishy Big Giant Large Cube Block Slow Rising Squeeze Toy squeezable Stress Relief Rebounding Sensory Fidget for Kids Adults Yellow Soft Rebound Novelty Gift Cute Party Favors (2.4in),https://www.amazon.com/dp/B0GQ3KH1YD?th=1,1772064000000,700,美国,Novelty & Gag Toys
1777254395834,亚马逊,B0GPW1D863,https://m.media-amazon.com/images/I/71UBkqjlIyL._AC_US200_.jpg,"Foldable Drone with Camera for Kids Beginners - Remote Control Helicopter Toys Gifts for Boys Girls, 1080P HD FPV RC Drones with 2 Batteries, One Key Start/Land, Altitude Hold, Gesture Selfie, Black",https://www.amazon.com/dp/B0GPW1D863?th=1,1772064000000,200,美国,遥控
1777254395834,亚马逊,B0G6YRCNYS,https://m.media-amazon.com/images/I/410WtfCbdCL._AC_US200_.jpg,"2Packs Electric Water Gun for Kids & Adults, Automatic Fill Up, Powerful Squirt Guns with 28-32 FT Long Range, Summer Outdoor Pool Beach Water Pistol/Blaster Toys",https://www.amazon.com/dp/B0G6YRCNYS?th=1,1772064000000,300,美国,体育
1777254395834,亚马逊,B0G6JV25DN,https://m.media-amazon.com/images/I/710p9i360rL._AC_US200_.jpg,"Pinkcow Plastic Easter Eggs Fillable Empty - 100 Pack 3.15"" Large Colorful Pastel Eggs Mix Gold Eggs Bulk with Hinge for Easter Basket Stuffers, Egg Hunt Supplies, Party Favor Decorations, Kids Gifts",https://www.amazon.com/dp/B0G6JV25DN?th=1,1771977600000,300,美国,Party Supplies
1777254395834,亚马逊,B0GFMLXJLZ,https://m.media-amazon.com/images/I/51gLSWxK2WL._AC_US200_.jpg,"Reusable Water Balloons, Magnetic Self Sealing Quick Fill Water Balloons with Mesh Bag, Silicone Water Bomb For Kids, Summer Toys Swimming Pool Party Supplies Bath Toy Outdoor",https://www.amazon.com/dp/B0GFMLXJLZ?th=1,1771977600000,200,美国,体育
1777254395834,亚马逊,B0GJ6G6T6Q,https://m.media-amazon.com/images/I/51ztHfi0VPL._AC_US200_.jpg,Kederwa 24 Pack Prefilled Easter Eggs with Bunny Keychains Easter Egg Fillers with Plush Keychain for Kids Basket Stuffers for Girl Boys,https://www.amazon.com/dp/B0GJ6G6T6Q?th=1,1771977600000,200,美国,Party Supplies
1777254395834,亚马逊,B0G7FQPTY3,https://m.media-amazon.com/images/I/517dYVuZAvL._AC_US200_.jpg,[2 Pack] [TIQUS] 10 Inch LCD Writing Tablet Pad Ewriter Electronic Board and MeMO Notes for and Adults at Home School and Office Middle Stylus [Black],https://www.amazon.com/dp/B0G7FQPTY3?th=1,1771977600000,200,美国,艺术
1777254395834,亚马逊,B0GCLNCL7R,https://m.media-amazon.com/images/I/41zC9lu6ONL._AC_US200_.jpg,"Vahome Musical Penguin Educational Toys for 1,2 Year Old Girl Gifts, Learning Toy for Toddlers 1-3 Yr with 5-Theme Pages, Lights & Music, First Birthday Gift for 1-2 Year Old 12-18 Month Age (Pink)",https://www.amazon.com/dp/B0GCLNCL7R?th=1,1771977600000,300,美国,婴幼儿
1777254395834,亚马逊,B0G524RLNW,https://m.media-amazon.com/images/I/51y3sjqs92L._AC_US200_.jpg,"24-Piece Easter Egg Stamp Set for Easter Egg Hunt Games with 50 Stickers, Basket Stuffers and Party Favors, Assorted Self-Inking Stamps for Classroom Exchanges and Prize Supplies Gifts, DIY Craft Toys",https://www.amazon.com/dp/B0G524RLNW?th=1,1771977600000,200,美国,Party Supplies
1777254395834,亚马逊,B0GGC1LKPV,https://m.media-amazon.com/images/I/41grnXYcigL._AC_US200_.jpg,"Easter Squishy Puffer Toys for Kids, 3-Pack Soft Squeeze Stress Toys, Cute Animal Squishies for Party Favors, Classroom Prizes, Gift Bags & Basket Stuffers, Non-Candy Easter Toys for Boys & Girls",https://www.amazon.com/dp/B0GGC1LKPV?th=1,1771977600000,200,美国,Novelty & Gag Toys
1777254395834,亚马逊,B0FSPL9S6Q,https://m.media-amazon.com/images/I/51+ykhuv-aL._AC_US200_.jpg,"12Pack Prefilled Easter Eggs with Animal Finger Puppets, Filled Easter Eggs with Toys Inside for Easter Basket Stuffers, Easter Eggs Hunt, Easter Party Favors, Classroom Prize Supplies",https://www.amazon.com/dp/B0FSPL9S6Q?th=1,1771977600000,300,美国,Party Supplies
1777254395834,亚马逊,B0GJCD7KQB,https://m.media-amazon.com/images/I/71TXwNjYAzL._AC_US200_.jpg,Hopping Bunny with Carrot Interactive Electronic Pet Plush Bunny Toy with Sounds and Movements Animated Walking Wiggle Ears Twitch Nose Gift for Toddlers Birthday Easter (Pink),https://www.amazon.com/dp/B0GJCD7KQB?th=1,1771977600000,300,美国,填充的动物
1777254395834,亚马逊,B0FHXMGWJ8,https://m.media-amazon.com/images/I/716aretYWPL._AC_US200_.jpg,"800+ SAT Vocabulary Flash Cards (2026–2027) – 800+ High-Yield Words with Memory Icons, Definitions & Sample Sentences for SAT/PSAT Test Prep to Achieve Higher Score",https://www.amazon.com/dp/B0FHXMGWJ8?th=1,1771977600000,200,美国,学习
1777254395834,亚马逊,B0GF6QVBBD,https://m.media-amazon.com/images/I/51cU4SnQWUL._AC_US200_.jpg,24 Pack Prefilled Easter Eggs with Mini Pop Keychain Fidget Toys Easter Eggs Filled for Kids Boys Girls Easter Basket Stuffers Party Favors Fillers Hunt,https://www.amazon.com/dp/B0GF6QVBBD?th=1,1771977600000,300,美国,Novelty & Gag Toys
1777254395834,亚马逊,B0FVXCWY8X,https://m.media-amazon.com/images/I/51QspQUqZvL._AC_US200_.jpg,"36 pcs 3D Printed Animal Figurines Set, Articulated Animal Figurines, Easter Eggs, Easter Basket Stuffers, Party Favor, for Easter Egg Hunts, for Girls and Boys (Colorful)",https://www.amazon.com/dp/B0FVXCWY8X?th=1,1771977600000,300,美国,玩具图
1777254395834,亚马逊,B0GHZHNYKN,https://m.media-amazon.com/images/I/41zptXlFOOL._AC_US200_.jpg,"Light Up Bath Toys,No Hole Mold Free Baby Bath Toys,Ocean Animal Water-Activated Lights Flashes and Change Color,Sensory Lights Toys for Babies and Toddlers,Bathtub,Shower,Water Table, Pool",https://www.amazon.com/dp/B0GHZHNYKN?th=1,1771977600000,400,美国,婴幼儿
1777254395834,亚马逊,B0FS2V17T4,https://m.media-amazon.com/images/I/51ArGgNC84L._AC_US200_.jpg,"12 Pack Prefilled Easter Eggs Filled with Animal Car Toys for Easter Eggs Hunt, Easter Basket Stuffers, Easter Eggs Fillers, Easter Surprise Theme Party Favors Classroom Prize Supplies",https://www.amazon.com/dp/B0FS2V17T4?th=1,1771977600000,200,美国,Party Supplies
1777254395834,亚马逊,B0FSD91JXK,https://m.media-amazon.com/images/I/51k9neP1VgL._AC_US200_.jpg,"24pcs Prefilled Easter Eggs Filled with Glow in The Dark Dinosaurs Toys Inside, Easter Basket Stuffers, Easter Eggs Hunts, Classroom Prize Party Favors Supplies",https://www.amazon.com/dp/B0FSD91JXK?th=1,1771977600000,200,美国,Party Supplies
1777254395834,亚马逊,B0GK7NVFR9,https://m.media-amazon.com/images/I/41cDU-OxQbL._AC_US200_.jpg,"Easter Bunny Toy,Bunny My Realistic Bunny Toy,Hopping Rabbit Plush Bunny Toy,with Sounds and Movements Animated Walking Wiggle Ears Twitch Nose Gift for Toddlers Birthday(White Rabbit + Leash)",https://www.amazon.com/dp/B0GK7NVFR9?th=1,1771977600000,500,美国,填充的动物
1777254395834,亚马逊,B0GC6NQKFF,https://m.media-amazon.com/images/I/61f2FXJYThL._AC_US200_.jpg,"300PCS Magnetic Blocks - 0.8"" Magnetic Building Blocks for Kids, STEM Toys, Educational Magnet Blocks, Magnetic Cubes Tiles, Christmas Birthday Gifts for Boys & Girls Ages 3 4 5 6 7 8 9 10",https://www.amazon.com/dp/B0GC6NQKFF?th=1,1771977600000,300,美国,建筑玩具
1777254395834,亚马逊,B0GKG4NSG4,https://m.media-amazon.com/images/I/51x0gYp+tzL._AC_US200_.jpg,"12 pcs Easter Egg Fillers Building Kits,Easter Bricks Toy Gift Easter Egg Fillers, Teen Easter Basket Stuffers for Boys Girls, Prefilled Easter Eggs for Building Blocks",https://www.amazon.com/dp/B0GKG4NSG4?th=1,1771977600000,900,美国,建筑玩具
1777254395834,亚马逊,B0GGDQHDT7,https://m.media-amazon.com/images/I/7110QhZJ0VL._AC_US200_.jpg,"HENGDA KITE 2 Pack Fighter Plane Airplane Kites for Kids and Adults，Aircraft Kite Easy to Fly,Beach Kites for Family Outdoor Toy Games & Activities,Suitable for Beginners",https://www.amazon.com/dp/B0GGDQHDT7?th=1,1771977600000,200,美国,体育
1777254395834,亚马逊,B0G77SMR2H,https://m.media-amazon.com/images/I/51qiTYwvg2L._AC_US200_.jpg,"Float Joy Funny Duck Pool Floats Adult Giant Inflatable Rubber Duck Jeep Ducks for Ducking 42"" Blow Up Duck Ring Pool Floaties Pool Toys",https://www.amazon.com/dp/B0G77SMR2H?th=1,1771977600000,200,美国,体育
1777254395834,亚马逊,B0GPRMW6QP,https://m.media-amazon.com/images/I/41M2q50XkeL._SS200_.jpg,Itzy Ritzy - Bitzy Driver Steering Wheel Wagon and Stroller Activity Toy,https://www.amazon.com/dp/B0GPRMW6QP?th=1,1771977600000,1000,美国,婴幼儿
1777254395834,亚马逊,B0GJ3JJ7DM,https://m.media-amazon.com/images/I/41utbpTSfIL._AC_US200_.jpg,"Dinosaur Car Ramp Slide Toy for Toddlers — 4 Push Cars with Race Track, Baby Slide Indoor Toy, Montessori Learning Birthday Gift for Boys Girls 1 2 3 Year Old (Pink)",https://www.amazon.com/dp/B0GJ3JJ7DM?th=1,1771977600000,300,美国,婴幼儿
1777254395834,亚马逊,B0GP3331TQ,https://m.media-amazon.com/images/I/71un5LPCrlL._AC_US200_.jpg,"Regal Games Spoons Card Games for Kids - Spoons Game, Deck of Cards, Fun Family Games for Kids and Adults, Playing Cards, Game Night, Travel Games, 3-5 Multi-Player Card Game, Games for Adults",https://www.amazon.com/dp/B0GP3331TQ?th=1,1771977600000,300,美国,游戏
1777254395834,亚马逊,B0GL1NVYCJ,https://m.media-amazon.com/images/I/318aDfHLfJL._AC_US200_.jpg,FUYIHGL® 2PCS Mahjong Rack with Pusher Storage Bag: 2 Compartments Fits 4 American Mah Jongg Racks Pushers - Pink Soft Velvet Sleeve with Drawstring - Travel Mah Jongg Accessories and Gifts,https://www.amazon.com/dp/B0GL1NVYCJ?th=1,1771977600000,200,美国,游戏
1777254395834,亚马逊,B0GDF589RM,https://m.media-amazon.com/images/I/31fciT9aLCL._AC_US200_.jpg,"Bunby Realistic Rabbit Toy,Easter Realistic Rabbit Toys,Interactive Plush Bunny,Realistic Bunny Can Walk and Talk,Lifelike Movements, Hops,Twitches & Wiggles Ears,Handmade,Easter Gift(Pink)",https://www.amazon.com/dp/B0GDF589RM?th=1,1771977600000,500,美国,填充的动物
1777254395834,亚马逊,B0GDZN7Q4B,https://m.media-amazon.com/images/I/51kSxWGFmPL._AC_US200_.jpg,"18PCS 3D Printed Snake Toy, Easter Basket Stuffers Mini Mystery Crystal Egg Fidget Toy, 3D Printed Animals Unique Easter Basket Essentials for Kids,Party Favors for Kids 8-12 (18PCS-B)",https://www.amazon.com/dp/B0GDZN7Q4B?th=1,1771977600000,200,美国,玩具图
1777254395834,亚马逊,B0GCDSG865,https://m.media-amazon.com/images/I/51CK2V72V4L._AC_US200_.jpg,24 Pack Prefilled Easter Eggs with 48 Pcs Sticky Hands Toys for Kids - Plastic Easter Eggs with Sticky Hands Boys Girls Easter Basket Stuffers Fillers Party Favors Egg Hunt Classroom Prizes,https://www.amazon.com/dp/B0GCDSG865?th=1,1771977600000,400,美国,Party Supplies
1777254395834,亚马逊,B0FSD55H5T,https://m.media-amazon.com/images/I/51-UM6cPftL._AC_US200_.jpg,"12 Pack Prefilled Easter Eggs Filled with Animal Finger Puppets Toys Inside, Easter Basket Stuffers Fillers, Easter Egg Hunt, Easter Party Favors Classroom Prizes Supplies",https://www.amazon.com/dp/B0FSD55H5T?th=1,1771977600000,200,美国,Party Supplies
1777254395834,亚马逊,B0GDZFXZNR,https://m.media-amazon.com/images/I/41vgM70jZML._AC_US200_.jpg,"HYES Water Table for Toddlers 3-5, 3-Tier Kids Splash Sand Table Water Toys with Umbrella, Rain Showers Splash Pond for Outdoor Beach Backyard Summer, Activity Sensory Playset for Boys Girls, Red",https://www.amazon.com/dp/B0GDZFXZNR?th=1,1771977600000,500,美国,运动与户外游戏
1777254395834,亚马逊,B0GDZPSDYD,https://m.media-amazon.com/images/I/41tyfuVPOlL._AC_US200_.jpg,"HYES Water Table for Toddlers 3-5, 3-Tier Kids Splash Sand Table Water Toys with Umbrella, Rain Showers Splash Pond for Outdoor Beach Backyard Summer, Activity Sensory Playset for Boys Girls, Blue",https://www.amazon.com/dp/B0GDZPSDYD?th=1,1771977600000,900,美国,运动与户外游戏
1777254395834,亚马逊,B0GLNDC13Q,https://m.media-amazon.com/images/I/51VA4sI1LHL._AC_US200_.jpg,"Automatic Flower Bubble Machine for Kid,Rechargeable Sun Flower Bubble Maker with Lights for Parties, 28in to 41in Adjustment Height Bubble Machine for Toddlers,Idea for Outdoor Wedding Birthday Gift",https://www.amazon.com/dp/B0GLNDC13Q?th=1,1771977600000,1000,美国,体育
1777254395834,亚马逊,B0GP7QXQ2G,https://m.media-amazon.com/images/I/71-Jx5+xv5L._AC_US200_.jpg,"Ceaco - Thomas Kinkade Harry Potter - Hagrid’s Hut - 1000 Piece Silver Select Jigsaw Puzzle - Challenging Puzzles for Adults – Precision-Cut Pieces, Beautiful Artwork, and Hours of Fun",https://www.amazon.com/dp/B0GP7QXQ2G?th=1,1771977600000,200,美国,拼图
1777254395834,亚马逊,B0G64FS75M,https://m.media-amazon.com/images/I/61RYr9A12YL._AC_US200_.jpg,"Dsmile 2 Pack Water Guns for Kids Adults, Dual Nozzles Squirt Guns for Swimming Pool Beach Outdoor Water Toys for Boys Girls Children",https://www.amazon.com/dp/B0G64FS75M?th=1,1771977600000,500,美国,体育
1777254395834,亚马逊,B0G7XK6MV1,https://m.media-amazon.com/images/I/41rK21iHmtL._AC_US200_.jpg,"Stand Karaoke Machine Toy for Kids Ages 3-5 4-6 5-7 Birthday Gifts for 3 4 5 6 7 8 Year Old Boy, Kid Rechargeable Karaoke Microphone with 2 Wireless Mics, Bluetooth Speaker Toddlers Boys Party Toys",https://www.amazon.com/dp/B0G7XK6MV1?th=1,1771977600000,200,美国,儿童电子产品
1777254395834,亚马逊,B0G6L3SST4,https://m.media-amazon.com/images/I/51NemnfpnhL._AC_US200_.jpg,"Kids Stand Karaoke Machine Toys for 3 4 5 6 7 8 Year Old Girls Gift, Kid Rechargeable Microphone Toddler Birthday Gift Singing Toy for Girl Ages 3-5 4-6, Portable Bluetooth Speaker with 2 Mics",https://www.amazon.com/dp/B0G6L3SST4?th=1,1771977600000,800,美国,儿童电子产品
1777254395834,亚马逊,B0G6LBYTJ2,https://m.media-amazon.com/images/I/51gzFZSLROL._AC_US200_.jpg,"Stand Karaoke Machine for Kids, Singing Toys Gifts for 3 4 5 6 7 8 Year Old Girls Boys, Rechargeable Kid Microphone Bluetooth Speaker with 2 Wireless Mic for Girl Age 4-6 Toddler Birthday Party Toy",https://www.amazon.com/dp/B0G6LBYTJ2?th=1,1771977600000,1000,美国,儿童电子产品
1777254395834,亚马逊,B0F83P1165,https://m.media-amazon.com/images/I/51o7FFdQVWL._AC_US200_.jpg,"Vahome Musical Crawling Turtle Toy for Babies 3–12 Months, Light-up Educational Baby Toy for 6 7 8 9 10-12 Month Old Boy Girl, Bilingual Development Infant Gifts for 3 4 5 6-12 Months (Green)",https://www.amazon.com/dp/B0F83P1165?th=1,1771977600000,200,美国,婴幼儿
1777254395834,亚马逊,B0FMR9TCLB,https://m.media-amazon.com/images/I/91tR0e1hZlL._AC_US200_.jpg,"SLOOSH Inflatable Tanning Pool Lounger Float, 85"" x 57"" Pool Floats Adult with Pillow, 4 in 1 Suntan Tub Raft Floatie,Sunbathing Bed Lounge for Water Blow Up Ball Pit Party Gifts, L-Aqua Blue",https://www.amazon.com/dp/B0FMR9TCLB?th=1,1771977600000,200,美国,体育
1777254395834,亚马逊,B0GM6LH9XD,https://m.media-amazon.com/images/I/41jDDoZh4gL._AC_US200_.jpg,"Four Candies Crayons for Kids 12 Colors, Non Toxic Washable Crayons for Toddlers 1-3, Unbreakable Easy-Grip Water-Drop Shape for Little Hands, Art Supplies for Kids Toddlers Coloring Gift",https://www.amazon.com/dp/B0GM6LH9XD?th=1,1771977600000,1000,美国,艺术
1777254395834,亚马逊,B0FY2DNBPN,"https://m.media-amazon.com/images/I/51UwDRRqLvL._SX200_SY200_CR,0,0,200,200_.jpg","24 Pack Easter Egg Fillers with Metal Brain Teaser Puzzle Set Toys, Easter Eggs Hunts Filling Easter Basket Stuffers Stress Relief Toys Classroom Game for Kids Teens Boys Girls Easter Party Favor",https://www.amazon.com/dp/B0FY2DNBPN?th=1,1771977600000,700,美国,Party Supplies
1777254395834,亚马逊,B0GDXNZZTL,https://m.media-amazon.com/images/I/61pPl8CYKBL._AC_US200_.jpg,"JCFIRE 100 PCS Easter Stickers for Kids, Waterproof Vinyl Cute Bunny & Egg Decals, Ultimate Easter Basket Stuffers for Toddlers, Teens, Boys & Girls, Egg Fillers, Party Favors, Crafts & Decorations",https://www.amazon.com/dp/B0GDXNZZTL?th=1,1771977600000,800,美国,艺术
1777254395834,亚马逊,B0GDQMSXFM,https://m.media-amazon.com/images/I/51va8EAZiBL._AC_US200_.jpg,"HYES 2 in 1 Pool Basketball Hoop, Floating Pool Toys with 4 Balls/8 Ring Toss Game for Kids Ages 4-8, Indoor Outdoor Water Basketball for Poolside Family Party for Adults Kids 8-12, Blue",https://www.amazon.com/dp/B0GDQMSXFM?th=1,1771977600000,300,美国,体育
1777254395834,亚马逊,B0GD7LW8G7,https://m.media-amazon.com/images/I/81IWcaf2xEL._AC_US200_.jpg,"Puzzles for Adults 1000 Pieces, Jigsaw Puzzle for Adults, Fun Challenging Puzzle, A Basket of Easter Egg Wonders Puzzles Game, Interlock Perfectly No Dust, Gifts for Easter Earth Day",https://www.amazon.com/dp/B0GD7LW8G7?th=1,1771977600000,300,美国,拼图
1777254395834,亚马逊,B0FL88M7P8,https://m.media-amazon.com/images/I/31iHFkIFXRL._AC_US200_.jpg,Minecraft Jelly Cube Fidget Toy – Officially Licensed Sensory Stress Reliever with Super Solid Squish – Collectible Squishy Cube for Kids & Adults – 5 Colors to Collect – 2.25 Inches,https://www.amazon.com/dp/B0FL88M7P8?th=1,1771977600000,400,美国,新颖性
1777254395834,亚马逊,B0GFDHV947,https://m.media-amazon.com/images/I/51zLRbRmVwL._AC_US200_.jpg,"Christian Bible Jigsaw Puzzle for Kids, 70 Piece Jesus Floor Puzzle for Kids, Jesus’ Triumphal Entry Puzzle Educational Toy for Sunday School, Holy Week, Palm Sunday – Gift for Boys & Girls Ages 3-8",https://www.amazon.com/dp/B0GFDHV947?th=1,1771977600000,600,美国,拼图
1777254395834,亚马逊,B0FRZ3DMWY,https://m.media-amazon.com/images/I/71RWHAvm49L._AC_US200_.jpg,"Mini Rubber Duck Set 28-Pieces Float & Squeak Mini Rubber Duck Baby Bath Ducky Sound ShowerToys for Kids Celebrate The Joy of The Children(1.6""x 1.5"" x 1.2"")",https://www.amazon.com/dp/B0FRZ3DMWY?th=1,1771977600000,200,美国,婴幼儿
1777254395834,亚马逊,B0GKDZZZH7,https://m.media-amazon.com/images/I/51ipYRYreDL._AC_US200_.jpg,"Pagather 24 Colors Mini Watercolor Travel Set, Portable Watercolor Kit with Water Brush, Pocket Size Painting Set for Beginners, Hobbyists & Artists",https://www.amazon.com/dp/B0GKDZZZH7?th=1,1771977600000,500,美国,艺术
1777254395834,亚马逊,B0GNDM2WW7,https://m.media-amazon.com/images/I/31SxY3iWPaL._AC_US200_.jpg,"2-Pack Exercise Hoops, 58cm 8-Section Detachable & Adjustable Fitness Hoops, Lightweight Circle for Indoor Outdoor",https://www.amazon.com/dp/B0GNDM2WW7?th=1,1771977600000,200,美国,体育
1777254395834,亚马逊,B0GD6VM3R4,https://m.media-amazon.com/images/I/51VLoSaRqmL._AC_US200_.jpg,"VGOFUN Diving Pool Toys for Kids Ages 3-12, 21 Pcs Mermaid Pool Toys with Golden Pirate Treasure Chest, Summer Underwater Game Toys Pool Dive Torped Rings Gems Swim Toy with Storage Bag for Girls Boys",https://www.amazon.com/dp/B0GD6VM3R4?th=1,1771977600000,200,美国,体育
1777254395834,亚马逊,B0G7G5NJHG,https://m.media-amazon.com/images/I/51w9RORoPrL._AC_US200_.jpg,"nicknack 60 PCS Easter Mini Fidget Spinners Goodie Bags Stuffers for Kids Bulk Fidget Toy Party Favors Goodie Bag Stuffers for Stress Relief Sensory Toys for Classroom Prizes, Return Gifts for Kids",https://www.amazon.com/dp/B0G7G5NJHG?th=1,1771977600000,200,美国,新颖性
1777254395834,亚马逊,B0GH133W1V,https://m.media-amazon.com/images/I/41xhQx5K6GL._AC_US200_.jpg,BlueWood Pikler Triangle Set 7in1 Foldable Baby Climbing Toys Wooden Montessori Climbing Set with Arch&Ramp&Ladder Baby Climber Indoor Jungle Gyms for Toddlers Montessori Toys - Colorful,https://www.amazon.com/dp/B0GH133W1V?th=1,1771977600000,200,美国,婴幼儿
1777254395834,亚马逊,B0GFDTH2KG,https://m.media-amazon.com/images/I/51U+JbntbHL._SS200_.jpg,"Baby Toys 0-6 Month Musical Caterpillar Toy for Infant 0-3 3-12 Months,Mirror Crinkle Rattle Tummy Time Sensory Toys Newborn Boys&Girls Stuffed Plush Gifts,Car Seat Toys for Outings",https://www.amazon.com/dp/B0GFDTH2KG?th=1,1771977600000,200,美国,婴幼儿
1777254395834,亚马逊,B0GCMT1YJ5,https://m.media-amazon.com/images/I/41zC9lu6ONL._AC_US200_.jpg,"Vahome Musical Penguin Educational Toys for 1,2 Year Old Girl Gifts, Learning Toy for Toddlers 1-3 Yr with 5-Theme Pages, Lights & Music, First Birthday Gift for 1-2 Year Old 12-18 Month Age (Pink)",https://www.amazon.com/dp/B0GCMT1YJ5?th=1,1771977600000,300,美国,婴幼儿
1777254395834,亚马逊,B0G6BKSRL5,https://m.media-amazon.com/images/I/51ybf1G7nML._AC_US200_.jpg,"Spanish & English 420 Words Bilingual Talking Flash Cards for Toddlers 1 2 3 4 5 6 Year Olds, Montessori Learning Toys, Pocket Speech Therapy Autism Toys, Sensory Preschool Educational Birthday Gift",https://www.amazon.com/dp/B0G6BKSRL5?th=1,1771977600000,300,美国,学习
1777254395834,亚马逊,B0GF2HBT2W,https://m.media-amazon.com/images/I/51IXsK-NLTL._AC_US200_.jpg,"AIR BLOW Reusable Water Painting Book for Kids, 4 Pack Mess-Free Water Coloring Books with Water Pen Fairy Tale, Ocean & Animal Themes for Ages 3+, Portable Educational Travel Activity Toys",https://www.amazon.com/dp/B0GF2HBT2W?th=1,1771977600000,200,美国,艺术
1777254395834,亚马逊,B0GK19MXWT,https://m.media-amazon.com/images/I/51zMUFx4G1L._AC_US200_.jpg,"Easter Egg Fillers - 60pcs Easter Egg Tokens, Easter Eggs Filled Basket Stuffers Essentials Prefilled Party Favors Supplies, Family Games Hunt Prize Bulk Activity Gifts for Boys Girls Teens Exchanges",https://www.amazon.com/dp/B0GK19MXWT?th=1,1771977600000,600,美国,Party Supplies
1777254395834,亚马逊,B0G64C5X37,https://m.media-amazon.com/images/I/41ZiEDaLBUL._AC_US200_.jpg,"4 Pack Water Guns for Kids and Adult, Long Range 600ML Water Squirter, Colorful Super Blaster Soaker with Clear Visible Water Tank, Swimming Pool Summer Beach Outdoor Fighting Toys",https://www.amazon.com/dp/B0G64C5X37?th=1,1771977600000,1000,美国,体育
1777254395834,亚马逊,B0GKG1ZJCK,https://m.media-amazon.com/images/I/51k6SgdpidL._AC_US200_.jpg,YQUQWN Easter Bunny Sensory Activity Board 4 Pcs Double Sided Silicone Fidget Toy with 24 Silicone Strings for Kids Boys Girls Calming for Anxiety Easter Basket Stuffers Party Favors Gifts,https://www.amazon.com/dp/B0GKG1ZJCK?th=1,1771977600000,300,美国,Novelty & Gag Toys
1777254395834,亚马逊,B0GDQFYX75,https://m.media-amazon.com/images/I/5180quviOAL._AC_US200_.jpg,"HYES 2 in 1 Pool Basketball Hoop with Ring Toss, Floating Pool Toys - Anti-Tip Stable Base - with 4 Balls/8 Rings/Pump - Summer Water Basketball Games Indoor Outdoor Gifts for Kids 4-8 & Adults, Red",https://www.amazon.com/dp/B0GDQFYX75?th=1,1771977600000,200,美国,体育
1777254395834,亚马逊,B0GLPPDDW5,https://m.media-amazon.com/images/I/31FgDPSKSRL._AC_US200_.jpg,"Baseball Birthday Decorations, 40'' Baseball Number 9 Balloon, Sport Themed Balloons for 9th Birthday Party Decor",https://www.amazon.com/dp/B0GLPPDDW5?th=1,1771977600000,200,美国,派对用品
1777254395834,亚马逊,B0GPXS39TS,https://m.media-amazon.com/images/I/61IcfNBMt1L._AC_US200_.jpg,"Bicycle Sparkler Playing Cards – Made in USA - Tribute to American Flag & Dazzling Fireworks Deck, Bold Patriotic Collectible Card Set for Fourth of July Parties, Americana Gifts, Family Game Night",https://www.amazon.com/dp/B0GPXS39TS?th=1,1771977600000,400,美国,游戏
1777254395834,亚马逊,B0GFD4ZHB1,https://m.media-amazon.com/images/I/41CXOOnKwtL._AC_US200_.jpg,"Musical Penguin Learning Toys for 1 Year Old Boy Gifts, Educational Baby Toys for 1-3 Year with 5 Themes, Sound & Light, First Word Teaching, 1st First Birthday Boy Girl Gifts for 12-18 Months",https://www.amazon.com/dp/B0GFD4ZHB1?th=1,1771977600000,300,美国,婴幼儿
1777254395834,亚马逊,B0GJD2HD6J,https://m.media-amazon.com/images/I/41TzDx+93KL._AC_US200_.jpg,"Easter Basket Stuffers - Handmade Crochet Bunny for Teens Boys Girls - Easter Egg Fillers for Kids Son, Graduation Birthday Gift for College Friend, Positive Appreciation Gifts for Teacher Coworker",https://www.amazon.com/dp/B0GJD2HD6J?th=1,1771977600000,200,美国,新颖性
1777254395834,亚马逊,B0GPVLW7MY,https://m.media-amazon.com/images/I/41F01P+OJIL._AC_US200_.jpg,"Slow Rebound Cute Butter Squeeze Stress Balls, 2026 New Squeeze Ball Realistic Butter Stick Soft Squeeze Toys, Upgrade Stress Relief Fidget Toys Wet Slow Rebound Stress Relief Toy (Beige)",https://www.amazon.com/dp/B0GPVLW7MY?th=1,1771977600000,900,美国,Novelty & Gag Toys
1777254395834,亚马逊,B0GPPL3LS9,https://m.media-amazon.com/images/I/71jSRhtduPL._AC_US200_.jpg,"500Pcs Bling Sparkly Easter Bunny Stickers, 1.2'' x 0.8'' 1 Roll of 5 Colors | Easter Basket Essentials Stuff, Spring Self-Adhesive Rabbit Stickers for Seal Envelope Cards Decor Holiday Party Supplies",https://www.amazon.com/dp/B0GPPL3LS9?th=1,1771977600000,200,美国,艺术
1777254395834,亚马逊,B0FLPY1FFL,https://m.media-amazon.com/images/I/41IoVCbAz6L._AC_US200_.jpg,"BIERUM 6 in 1 Toddler Slide - L-Shaped Baby Slide for Toddlers Aged 1-3 with Basketball Hoop, Telescope Toy and Anti-Slip Pads, Indoor Outdoor Toddler Playset, Blue Gray",https://www.amazon.com/dp/B0FLPY1FFL?th=1,1771977600000,200,美国,体育
1777254395834,亚马逊,B0GFDPDD9B,https://m.media-amazon.com/images/I/51HRrfssrvL._AC_US200_.jpg,"Blue Red Number Balloon Set Birthday Decor, Include 40 Inch Blue Red Number 6 Balloon, Mushroom Foil Balloon, Square and Star Foil Balloons for Birthday Decoration Supplies (Number 6)",https://www.amazon.com/dp/B0GFDPDD9B?th=1,1771977600000,200,美国,派对用品
1777254395834,亚马逊,B0GCL6PSS9,https://m.media-amazon.com/images/I/51tDfDWS5rL._AC_US200_.jpg,"Amandir 153pcs Pastel Balloon Arch Garland Kit, Different Sizes 18 12 10 5 inch Pink Blue Green Latex Rabbit Print Confetti Colorful Balloons for Spring Wedding Rainbow Birthday Party Decorations",https://www.amazon.com/dp/B0GCL6PSS9?th=1,1771977600000,200,美国,派对用品
1777254395834,亚马逊,B0GGQM5QSM,https://m.media-amazon.com/images/I/517lx+XA8UL._AC_US200_.jpg,"Dummy Fake Phone Model, Looks Like The Real Phone Dummy Compatible with Phone 17 Pro, Prank Stuff Decoy Pear Non-Working Toy Phone 17 Pro for Kids Pink Orange (Rainbow Front)",https://www.amazon.com/dp/B0GGQM5QSM?th=1,1771977600000,200,美国,扮靓
1777254395834,亚马逊,B0G6DPZYJ4,https://m.media-amazon.com/images/I/51-kJDnYmNL._AC_US200_.jpg,Jasonwell Pool Diving Toys Games - 20PCS Swimming Mermaid Pool Toys with Dive Rings Gems Beach Ball Underwater Treasures Seaweeds Fish Swim Toy etc Bath Water Toy Training Gifts for Kids Adult,https://www.amazon.com/dp/B0G6DPZYJ4?th=1,1771977600000,600,美国,体育
1777254395834,亚马逊,B0GDQFDV5J,https://m.media-amazon.com/images/I/51JbVJyr1YL._AC_US200_.jpg,"HYES 2 in 1 Pool Basketball Hoop with Ring Toss, Floating Pool Toys - Anti-Tip Stable Base - with 4 Balls/8 Rings/Pump - Summer Water Basketball Games Indoor Outdoor Gifts for Kids 4-8 & Adults, Red",https://www.amazon.com/dp/B0GDQFDV5J?th=1,1771977600000,300,美国,体育
1777254395834,亚马逊,B0GGY454BD,https://m.media-amazon.com/images/I/410tbd6q+TL._AC_US200_.jpg,"Axolotl Squishy Stress Ball, Soft TPR Slow Rising Squeeze Toy, Cute Axolotl Fidget Toy for Stress Relief, Anxiety Calming Sensory Toy for Kids Adults(Blue Seated Axolotl)",https://www.amazon.com/dp/B0GGY454BD?th=1,1771891200000,200,美国,Novelty & Gag Toys
1777254395834,亚马逊,B0DL8RRMQY,https://m.media-amazon.com/images/I/51JQ5BVc0HL._AC_US200_.jpg,"SevenQ Easter Basket Stuffers Easter Egg Fillers with Crystal Gems Rocks Raw Stone 24Pcs, Gemstones Rock Collections for Kids Easter Decorations Goodie Gifts Bags Hunt Supplies Party Favors Essentials",https://www.amazon.com/dp/B0DL8RRMQY?th=1,1771891200000,600,美国,Party Supplies
1777254395834,亚马逊,B0GFVBT4NP,https://m.media-amazon.com/images/I/81j+DsgZsxL._AC_US200_.jpg,12 Pcs Prefilled Easter Eggs with Mini Alloy Construction Vehicles for Kids Push and Go Die-cast Engineering Vehicles Easter Basket Stuffers Egg Hunt Party Favors Classroom Prizes for Boys,https://www.amazon.com/dp/B0GFVBT4NP?th=1,1771891200000,300,美国,Party Supplies
1777254395834,亚马逊,B0GCT3T38Y,https://m.media-amazon.com/images/I/517qbIBZLDL._AC_US200_.jpg,Color Changing Cars Toys Bath Toys for Kids Ages 1-3 4-8 Goodie Bags Fillers for Kids Grandkids Pool Water Toys Boys Birthday Car Gifts Sensory Die-Cast Toys Mini Sensory Toys Theme Party Giveaways,https://www.amazon.com/dp/B0GCT3T38Y?th=1,1771891200000,200,美国,婴幼儿
1777254395834,亚马逊,B0GFVZ7HNR,https://m.media-amazon.com/images/I/51MoYmtOWFL._AC_US200_.jpg,6 Pack Prefilled Easter Eggs with Dinosaur Pull Back Car Toys for Toddlers Kids Dinosaur Eggs Easter Basket Stuffers Egg Hunt Party Favors Classroom Prizes for Boys,https://www.amazon.com/dp/B0GFVZ7HNR?th=1,1771891200000,200,美国,Party Supplies
1777254395834,亚马逊,B0G6SG2QTX,https://m.media-amazon.com/images/I/51vmCBTsGnL._AC_US200_.jpg,50PCS Easter Plates and Napkins Set Easter Party Supplies Cartoon Bunny and Egg Paper Plates and Napkins Decoration for Spring Holiday Easter Birthday Party Serves 50,https://www.amazon.com/dp/B0G6SG2QTX?th=1,1771891200000,200,美国,派对用品
1777254395834,亚马逊,B0GDSQ1CDS,https://m.media-amazon.com/images/I/71YeW0kh-iL._AC_US200_.jpg,"Aviski 54Pcs 3.15"" Large Iridescent Marble Easter Eggs Golden Eggs for Kids Basket Bag Stuffers Fillers, Easter Hunt Game, Toys Filling Treats and Easter Theme Party Favor",https://www.amazon.com/dp/B0GDSQ1CDS?th=1,1771891200000,200,美国,Party Supplies
1777254397933,亚马逊,B0GNJPGHYY,https://m.media-amazon.com/images/I/715dZyLV+KL._AC_US200_.jpg,MTG Legendary Pack 40 Count with Guaranteed Legendary Creature,https://www.amazon.com/dp/B0GNJPGHYY?th=1,1771891200000,300,美国,游戏
1777254397933,亚马逊,B0FF4HXW7P,https://m.media-amazon.com/images/I/510TO1oSWhL._AC_US200_.jpg,"Unicorn Academy, Train & Glow River Unicorn with Isabel, 3 Training Accessories & Light up Effect, Dolls & Unicorn Toys for Girls Ages 4 and up",https://www.amazon.com/dp/B0FF4HXW7P?th=1,1771891200000,400,美国,玩具图
1777254397933,亚马逊,B0GPSDNFLD,https://m.media-amazon.com/images/I/51F7UEUbW7L._AC_US200_.jpg,Matchbox '62 Volkswagen Beetle [Yellow] Marshmallow Candy Themed - 1:64 Scale Diecast Toy Vehicle,https://www.amazon.com/dp/B0GPSDNFLD?th=1,1771891200000,400,美国,车辆
1777254397933,亚马逊,B0GF1W1RV5,https://m.media-amazon.com/images/I/315yX+7pjBL._AC_US200_.jpg,"BBnote Street Lamp Bubble Machine with Light & Music, Rechargeable Outdoor Summer Bubbles Toys for Kids & Adults, Bubble Blower and Wand Toy, Birthday Christmas Party Gifts for Toddlers Teens",https://www.amazon.com/dp/B0GF1W1RV5?th=1,1771891200000,200,美国,体育
1777254397933,亚马逊,B0G5Q7HBYX,https://m.media-amazon.com/images/I/51E-5pZ-oeL._AC_US200_.jpg,"36 Pack Easter Egg Fillers Plush Bunny Toys, Mini Stuffed Animal Eggs for Kids Easter Basket Stuffers, Colorful Bunny for Toddler Teens Boys Girls Easter Party Favors & Egg Hunt Surprises",https://www.amazon.com/dp/B0G5Q7HBYX?th=1,1771891200000,400,美国,Party Supplies
1777254397933,亚马逊,B0GCVHHQPV,https://m.media-amazon.com/images/I/51lYflVt6SL._AC_US200_.jpg,"12 Pcs Filled Easter Eggs with Plush Bunny 6.2"", Prefilled Bright Colorful Bunnies for Kids and Toddlers, Easter Basket Stuffers and Party Favors, Classroom Prize Supplies",https://www.amazon.com/dp/B0GCVHHQPV?th=1,1771891200000,200,美国,Party Supplies
1777254397933,亚马逊,B0G2L3HGVK,https://m.media-amazon.com/images/I/5169evvb51L._AC_US200_.jpg,"Ouddy Life 187 PCS Easter Balloons Arch Garland Kit, Easter Party Decorations with Daisy Flower Foil Long Pastel Printed Balloons for Spring Pastel Birthday Baby Shower Bunny Party Supplies Decor",https://www.amazon.com/dp/B0G2L3HGVK?th=1,1771891200000,200,美国,派对用品
1777254397933,亚马逊,B0GLGZTWSN,https://m.media-amazon.com/images/I/51kcL3zfStL._AC_US200_.jpg,"Skillmatics The Silly Disc – Pool Party Game for Kids, Teens & Adults, Funny Spot & Shout Game, Swimming Pool Toy, Outdoor Family Activity, Summer Game, Hilarious Gift for Ages 8, 9, 10 & Up",https://www.amazon.com/dp/B0GLGZTWSN?th=1,1771891200000,200,美国,体育
1777254397933,亚马逊,B0G5Q1H3QH,https://m.media-amazon.com/images/I/512dJsIuIuL._AC_US200_.jpg,"24 Pack Easter Egg Fillers Plush Bunny Toys, Mini Stuffed Animal Eggs for Kids Easter Basket Stuffers, Colorful Bunny for Toddler Teens Boys Girls Easter Party Favors & Egg Hunt Surprises",https://www.amazon.com/dp/B0G5Q1H3QH?th=1,1771891200000,400,美国,Party Supplies
1777254397933,亚马逊,B0GFCSG7TD,https://m.media-amazon.com/images/I/61qNojeEIGL._AC_US200_.jpg,"132 Pcs Easter Egg Fillers,Easter Party Favors for Kids Boys Girls,Plastic Easter Basket Stuffers,Bulk Small Toys for Easter Eggs Hunt Gift Goodie Bags Stuffers Classroom Prizes Party Filling Treats",https://www.amazon.com/dp/B0GFCSG7TD?th=1,1771891200000,500,美国,Party Supplies
1777254397933,亚马逊,B0GFTRT1X1,https://m.media-amazon.com/images/I/51F0lZUX9tL._AC_US200_.jpg,12 Pcs Prefilled Easter Eggs with Animals Bunnies Pull Back Car Toys for Toddlers Kids Easter Basket Stuffers Egg Fillers Egg Hunt Party Favors Classroom Prizes for Boys and Girls,https://www.amazon.com/dp/B0GFTRT1X1?th=1,1771891200000,200,美国,Party Supplies
1777254397933,亚马逊,B0GFVRPNPP,https://m.media-amazon.com/images/I/51eZ4x5NkzL._AC_US200_.jpg,12 Pcs Prefilled Easter Eggs with Mini Cute Pull Back Alloy Car Toys for Toddlers Kids Easter Basket Stuffers Egg Hunt Party Favors Classroom Prizes for Boys and Girls,https://www.amazon.com/dp/B0GFVRPNPP?th=1,1771891200000,200,美国,Party Supplies
1777254397933,亚马逊,B0GD7L741C,https://m.media-amazon.com/images/I/51n6a2iVlyL._AC_US200_.jpg,"Easter Basket Stuffers, Prefilled Easter Eggs with Quiet Sensory Fidgets, Textured Stone & Suction Toys & Spinner Ring for Kids Calming, Autism Anxiety Tools Classroom Prizes (12 PCS)",https://www.amazon.com/dp/B0GD7L741C?th=1,1771891200000,600,美国,Party Supplies
1777254397933,亚马逊,B0GF7J3GX6,https://m.media-amazon.com/images/I/41QEx9wM+pL._AC_US200_.jpg,"Mothers Day Gifts for Mom from Daughter Son,Funny Mom Gifts Birthday Gifts for Grandma Mother,Mini Positive Handmade Crochet Christmas Stocking Stuffers Secret Santa Gift Ideas (Sunflower-Turtle-Mom)",https://www.amazon.com/dp/B0GF7J3GX6?th=1,1771891200000,700,美国,填充的动物
1777254397933,亚马逊,B0GCBTC5WK,https://m.media-amazon.com/images/I/51724pMzgYL._AC_US200_.jpg,"16 Pack Easter Eggs Filled with Brain Teaser Puzzles, Easters Egg Stuffers for Kids Teens Boys Girls, Easter Basket Stuffers for Kids Teens Adults, Eggs Fillers Hunt Game, Classroom Prize Supplies",https://www.amazon.com/dp/B0GCBTC5WK?th=1,1771891200000,300,美国,拼图
1777254397933,亚马逊,B0FQJV1ZM8,https://m.media-amazon.com/images/I/71EUAnnuACL._AC_US200_.jpg,Eommmgl Scratch Art Paper for 4-12 Kids，2 Pack Rainbow Notebooks ，Best Arts and Crafts Gift for Stocking Stuffers，Birthday，Classroom Activities ，Party Travel Games,https://www.amazon.com/dp/B0FQJV1ZM8?th=1,1771891200000,200,美国,艺术
1777254397933,亚马逊,B0GF9YQX5W,https://m.media-amazon.com/images/I/71tQg48pnNL._AC_US200_.jpg,"Asmodee Arkham Horror: The Card Game Marie Lambeau Investigator Deck - Mystic Role Deck with Spell & Spirit Abilities, Ages 14+, 1-4 Players, 45+ Min Playtime",https://www.amazon.com/dp/B0GF9YQX5W?th=1,1771891200000,300,美国,游戏
1777254397933,亚马逊,B0GF9MSFGB,https://m.media-amazon.com/images/I/71Zd34SKOPL._AC_US200_.jpg,"Asmodee Arkham Horror: The Card Game Tommy Muldoon Investigator Deck - Guardian Role Deck with Pre-Built Cards & Upgrade Options, Ages 14+, 1-4 Players, 45+ Min Playtime",https://www.amazon.com/dp/B0GF9MSFGB?th=1,1771891200000,400,美国,游戏
1777254397933,亚马逊,B0GDDDWVNB,https://m.media-amazon.com/images/I/31UKkQx9UTL._AC_US200_.jpg,"shiguangji Bunny Stuffed Animal Plush Toy 11.8 in, Soft Rabbit Plush for Babies and Toddlers, Cuddly Bunny Toy for Nursery Decor and Easter Gift (Pink)",https://www.amazon.com/dp/B0GDDDWVNB?th=1,1771891200000,600,美国,填充的动物
1777254397933,亚马逊,B0GHYGB4F9,https://m.media-amazon.com/images/I/713eiw0YG5L._AC_US200_.jpg,"Water Guns for Kids, 2 Pack Mini Squirt Guns with Trigger Small Water Blaster Pistol Toys for Boys Girls Toddlers Summer Outdoor Yard Swimming Pool Beach Water Fighting Party Favors (Blue)",https://www.amazon.com/dp/B0GHYGB4F9?th=1,1771891200000,500,美国,体育
1777254397933,亚马逊,B0GCCDTLGB,https://m.media-amazon.com/images/I/51flzxrI+WL._AC_US200_.jpg,48PCS Easter Eggs Empty Plastic Eggs Bulk Fillable Easter Eggs for Easter Hunt Basket Stuffers Fillers Party Favor Classroom Prize Supplies.,https://www.amazon.com/dp/B0GCCDTLGB?th=1,1771891200000,300,美国,Party Supplies
1777254397933,亚马逊,B0GGHW8X47,https://m.media-amazon.com/images/I/41B3novna7L._AC_US200_.jpg,"2026 Graduation Cupcake Toppers 48 Pack, Pre-Assembled Food & Appetizer Picks, Black Gold Grad Cap & Diploma Cupcake Decorations for Graduation Party",https://www.amazon.com/dp/B0GGHW8X47?th=1,1771891200000,900,美国,Party Supplies
1777254397933,亚马逊,B0GHWCFBP3,https://m.media-amazon.com/images/I/41xJ3178udL._AC_US200_.jpg,"12PCS White Wooden Easter Eggs ，Wooden Fake Eggs for Painting, Decorating, DIY,Arts and Crafts,Nest Box Training Home Farm Decoration",https://www.amazon.com/dp/B0GHWCFBP3?th=1,1771891200000,200,美国,扮靓
1777254397933,亚马逊,B0GKB44BPQ,https://m.media-amazon.com/images/I/51oCQIfPs-L._AC_US200_.jpg,"Toyland® 26"" (66cm) Monster Jam™ Number 4 Foil Balloon - Large Monster Truck Birthday Balloon - Party Decoration, Air or Helium, Self Sealing",https://www.amazon.com/dp/B0GKB44BPQ?th=1,1771891200000,400,美国,派对用品
1777254397933,亚马逊,B0GKB1N9WM,https://m.media-amazon.com/images/I/51BjJ7bHKLL._AC_US200_.jpg,"Toyland® 26"" (66cm) Monster Jam™ Number 5 Foil Balloon - Large Monster Truck Birthday Balloon - Party Decoration, Air or Helium, Self Sealing",https://www.amazon.com/dp/B0GKB1N9WM?th=1,1771891200000,300,美国,派对用品
1777254397933,亚马逊,B0GGZ2ZH88,https://m.media-amazon.com/images/I/41qIxJiisnL._AC_US200_.jpg,"Axolotl Squishy Stress Ball, Soft TPR Slow Rising Squeeze Toy, Cute Axolotl Fidget Toy for Stress Relief, Anxiety Calming Sensory Toy for Kids Adults(Orange BigEars Axolotl)",https://www.amazon.com/dp/B0GGZ2ZH88?th=1,1771891200000,200,美国,Novelty & Gag Toys
1777254397933,亚马逊,B0GJD3F5MY,https://m.media-amazon.com/images/I/41vKhPDlEnL._AC_US200_.jpg,"My Realistic Bunny Toy, Interactive Bunny Realistic Bunny, Jumping, Twitching, and Shaking Ears (Brown)",https://www.amazon.com/dp/B0GJD3F5MY?th=1,1771891200000,300,美国,填充的动物
1777254397933,亚马逊,B0GF9SLPHW,https://m.media-amazon.com/images/I/71J3UUa4AAL._AC_US200_.jpg,"Asmodee Arkham Horror: The Card Game Carolyn Fern Investigator Deck - Seeker Role Deck with Healing & Horror Removal Abilities, Ages 14+, 1-4 Players, 45+ Min Playtime",https://www.amazon.com/dp/B0GF9SLPHW?th=1,1771891200000,400,美国,游戏
1777254397933,亚马逊,B0GMPYHC4W,https://m.media-amazon.com/images/I/71O8PJaOB8L._AC_US200_.jpg,"2 PCS Keyboard Fidget Toy for Adults Keyboard Fidget Keychain, Cute Bear Shape Mechanical Keyboard Fidget Clicker 4-in-1 Button for Stress Relief (Black & White)",https://www.amazon.com/dp/B0GMPYHC4W?th=1,1771891200000,200,美国,Novelty & Gag Toys
1777254397933,亚马逊,B0GLF9KCFT,https://m.media-amazon.com/images/I/41Wsi88YH0L._AC_US200_.jpg,"2 Pack Keyboard Fidget Toy - LED Illuminated Contour Keycaps Fidget Toy, Loud Fidget Keychain with Glowing Backlight for Adults, Boost Focus and Calm Anxiety",https://www.amazon.com/dp/B0GLF9KCFT?th=1,1771891200000,200,美国,Novelty & Gag Toys
1777254397933,亚马逊,B0GLH6N42P,https://m.media-amazon.com/images/I/81bUAHnC5yL._AC_US200_.jpg,"Gouda Games Pool Rummy Splash – Floating Pool Game Table (28” x 28”), Waterproof Cards, Inflatable Pool Toy for Kids & Adults, Family Pool Party Game for Ages 8, 9, 10, 11 and Up, 2-4 Players",https://www.amazon.com/dp/B0GLH6N42P?th=1,1771891200000,300,美国,体育
1777254397933,亚马逊,B0GJ9NT5M8,https://m.media-amazon.com/images/I/51n4M1ojSIL._AC_US200_.jpg,"ropoda Upgraded 23 inches Horse Race Board Game with 11 Upgraded Luxury Horses,Foldable Wood Horse Racing Board Game with 100 Pcs Chips,2 Dice and 2 Boxes of Cards,Vintage Color",https://www.amazon.com/dp/B0GJ9NT5M8?th=1,1771891200000,300,美国,游戏
1777254397933,亚马逊,B0GHQRN199,https://m.media-amazon.com/images/I/61bBhEgQCxL._AC_US200_.jpg,"Rapean 3D Printed Dragon Eggs, Mystery Crystal Dragon Egg for Easter Basket Stuffers and Essentials, Unique Easter Toys & Decor, Fantasy Tabletop Decor for Kids & Collectors (24 Pack)",https://www.amazon.com/dp/B0GHQRN199?th=1,1771891200000,600,美国,玩具图
1777254397933,亚马逊,B0G8GZ7XLF,https://m.media-amazon.com/images/I/51bb5W8YmlL._AC_US200_.jpg,16 Pack Prefilled Easter Egg Fillers with Animal Toys Fillers Easter Egg Hunt for Kids Boys Girls Easter Basket Stuffers Party Favors Prizes,https://www.amazon.com/dp/B0G8GZ7XLF?th=1,1771891200000,400,美国,Party Supplies
1777254397933,亚马逊,B0GGGD9QGJ,https://m.media-amazon.com/images/I/51yvOjDtrvL._AC_US200_.jpg,"28 Sets Mother's Day Crafts Wood Flowers Photo Holders, DIY Paintable Wooden Flower Picture Frames, Spring Flower Pot Unfinished Wood Ornament with Gems Stickers for Painting Mothers Day Birthday Gift",https://www.amazon.com/dp/B0GGGD9QGJ?th=1,1771891200000,200,美国,艺术
1777254397933,亚马逊,B0GGNKQ3MJ,https://m.media-amazon.com/images/I/611gMQ2b3kL._AC_US200_.jpg,"SHIRIA 12 PCS Easter Bunny Plush Toys Decorations, Cute Animal Bunny Stuffed Doll, Party Favors and Classroom Prize Supplies, Easter Basket Stuffers Gift for Girls Boys",https://www.amazon.com/dp/B0GGNKQ3MJ?th=1,1771891200000,400,美国,填充的动物
1777254397933,亚马逊,B0GFT9YJ7W,https://m.media-amazon.com/images/I/51T9U28EmqL._AC_US200_.jpg,"20 PCS Easter Egg Fillers with Pull Back Car, Prefilled Easter Toys Gifts for 3-8 Year Old Boys Girls Kids Toddlers, Party Favors Classroom Prize Supplies",https://www.amazon.com/dp/B0GFT9YJ7W?th=1,1771891200000,300,美国,Party Supplies
1777254397933,亚马逊,B0GLXS7GHM,https://m.media-amazon.com/images/I/41GH7BX-wkL._AC_US200_.jpg,"English Teacher Birthday Decorations, 40'' Pink Teacher Fans Rainbow Number 1 Balloon for 1st Baby Shower Birthday Party Supplies (1st)",https://www.amazon.com/dp/B0GLXS7GHM?th=1,1771891200000,400,美国,派对用品
1777254397933,亚马逊,B0GGHDMRWT,https://m.media-amazon.com/images/I/91QsZxvgbML._AC_US200_.jpg,"3D Printed Dragon Easter Egg Fillers, 8 Pack 3D Dragon Egg with Dragon Inside, Prefilled Animals Toys Easter Basket Stuffers School Classroom Prizes Party Favors for Kids Boys Girls Teens",https://www.amazon.com/dp/B0GGHDMRWT?th=1,1771891200000,200,美国,玩具图
1777254397933,亚马逊,B0GKZWZYLQ,https://m.media-amazon.com/images/I/41j1q+ccjPL._AC_US200_.jpg,"haakaa Tidal Tribe Waterfall Bath Toy Set - Mold Free Food Grade Silicone Bathtub Pouring Toys for Toddler 1-3, BPA-Free Bath Tub Toys for Babies & Infant 6-12 Months",https://www.amazon.com/dp/B0GKZWZYLQ?th=1,1771891200000,300,美国,婴幼儿
1777254397933,亚马逊,B0GGYQB8ZQ,https://m.media-amazon.com/images/I/41qIxJiisnL._AC_US200_.jpg,"Axolotl Squishy Stress Ball, Soft TPR Slow Rising Squeeze Toy, Cute Axolotl Fidget Toy for Stress Relief, Anxiety Calming Sensory Toy for Kids Adults(Orange BigEars Axolotl)",https://www.amazon.com/dp/B0GGYQB8ZQ?th=1,1771891200000,200,美国,Novelty & Gag Toys
1777254397933,亚马逊,B0GGZ3DSZQ,https://m.media-amazon.com/images/I/41KogVgKxcL._AC_US200_.jpg,"Axolotl Squishy Stress Ball, Soft TPR Slow Rising Squeeze Toy, Cute Axolotl Fidget Toy for Stress Relief, Anxiety Calming Sensory Toy for Kids Adults(Pink BigEars Axolotl)",https://www.amazon.com/dp/B0GGZ3DSZQ?th=1,1771891200000,200,美国,Novelty & Gag Toys
1777254397933,亚马逊,B0FRNRD8N1,https://m.media-amazon.com/images/I/51CV-4Ddn0L._AC_US200_.jpg,"Painted Easter Egg and Spoon Race Game Set, Family Game for Kids & Family Activity Holiday Outdoor Yard Easter Egg Hunt Birthday Party Front Lawn",https://www.amazon.com/dp/B0FRNRD8N1?th=1,1771891200000,200,美国,Party Supplies
1777254397933,亚马逊,B0GGXQQ571,https://m.media-amazon.com/images/I/41Ob335aFQL._AC_US200_.jpg,"Axolotl Squishy Stress Ball, Soft TPR Slow Rising Squeeze Toy, Cute Axolotl Fidget Toy for Stress Relief, Anxiety Calming Sensory Toy for Kids Adults(Blue Seated Axolotl)",https://www.amazon.com/dp/B0GGXQQ571?th=1,1771891200000,400,美国,Novelty & Gag Toys
1777254397933,亚马逊,B0GGXY3P2T,https://m.media-amazon.com/images/I/41SKQq0-HzL._AC_US200_.jpg,"Axolotl Squishy Stress Ball, Soft TPR Slow Rising Squeeze Toy, Cute Axolotl Fidget Toy for Stress Relief, Anxiety Calming Sensory Toy for Kids Adults(Purple Seated Axolotl)",https://www.amazon.com/dp/B0GGXY3P2T?th=1,1771891200000,300,美国,Novelty & Gag Toys
1777254397933,亚马逊,B0GGY5PZZX,https://m.media-amazon.com/images/I/41qddPVYYyL._AC_US200_.jpg,"Axolotl Squishy Stress Ball, Soft TPR Slow Rising Squeeze Toy, Cute Axolotl Fidget Toy for Stress Relief, Anxiety Calming Sensory Toy for Kids Adults(Pink Seated Axolotl)",https://www.amazon.com/dp/B0GGY5PZZX?th=1,1771891200000,800,美国,Novelty & Gag Toys
1777254397933,亚马逊,B0GL9HCH3Y,https://m.media-amazon.com/images/I/41iFseG1bbL._AC_US200_.jpg,"GiftExpress Gold Easter Eggs - 12 Piece Bulk 2.3"" x 1.75"" Golden Metallic Plastic Eggs Hinged - Adult & Kid Party Toys for Gift Easter Baskets or Egg Hunt Decor",https://www.amazon.com/dp/B0GL9HCH3Y?th=1,1771891200000,200,美国,扮靓
1777254397933,亚马逊,B0GGYYN4QJ,https://m.media-amazon.com/images/I/41qIxJiisnL._AC_US200_.jpg,"Axolotl Squishy Stress Ball, Soft TPR Slow Rising Squeeze Toy, Cute Axolotl Fidget Toy for Stress Relief, Anxiety Calming Sensory Toy for Kids Adults(Orange BigEars Axolotl)",https://www.amazon.com/dp/B0GGYYN4QJ?th=1,1771891200000,200,美国,Novelty & Gag Toys
1777254397933,亚马逊,B0GD5Y7L15,https://m.media-amazon.com/images/I/512c24PLJBL._AC_US200_.jpg,"12 PCS Prefilled Easter Eggs with Carrot Building Toys, Easter Basket Stuffers Gifts for 3-8 Year Old Kids Toddlers, 12 in 1 Bunny House Blocks Set, Party Favors Classroom Prize Supplies",https://www.amazon.com/dp/B0GD5Y7L15?th=1,1771891200000,200,美国,Party Supplies
1777254397933,亚马逊,B0GCZJ9HC1,https://m.media-amazon.com/images/I/51f-5AvkHwL._AC_US200_.jpg,"12 PCS Prefilled Easter Eggs with Bunny Building Toys, Easter Basket Stuffers Gifts for 3-8 Year Old Kids Toddlers, 12 in 1 Rabbit Building Blocks Sets, Party Favors Classroom Prize Supplies",https://www.amazon.com/dp/B0GCZJ9HC1?th=1,1771891200000,500,美国,Party Supplies
1777254397933,亚马逊,B0GHY99V77,https://m.media-amazon.com/images/I/81tEMfDLqGL._AC_US200_.jpg,"Water Guns for Kids, 2 Pack Leakproof Small Squirt Guns, Summer Outdoor Water Blaster Toys for Boys Girls Toddlers, Perfect for Pool Beach Yard Swimming Party Favors",https://www.amazon.com/dp/B0GHY99V77?th=1,1771891200000,200,美国,体育
1777254397933,亚马逊,B0FRS54D2R,https://m.media-amazon.com/images/I/517oI9g8lfL._AC_US200_.jpg,SevenQ Easter Basket Stuffers 48Pcs Prefilled Easter Eggs with Toys Cars Squishy Erasers Stamps for Kids Fidget Toy Plastic Egg Fillers Hunt Pinata Party Favor Bags Classroom Treasure Box Essentials,https://www.amazon.com/dp/B0FRS54D2R?th=1,1771891200000,800,美国,Party Supplies
1777254397933,亚马逊,B0G9JXJ5XZ,https://m.media-amazon.com/images/I/81H6N9CdkIL._AC_US200_.jpg,"Easter Basket Stuffers, 4 Pcs 3D Printed Easter Egg with Bunny Figure Toys Prefilled, Flexible Articulated, Multicolor Bunny Figures, for Kids, Easter Basket Essentials, for Easter Egg Hunts",https://www.amazon.com/dp/B0G9JXJ5XZ?th=1,1771891200000,400,美国,玩具图
1777254397933,亚马逊,B0GF26SH4D,https://m.media-amazon.com/images/I/81VfqSPmkCL._AC_US200_.jpg,"3D Printed Snake Egg with Articulated Snake Inside, 4.93in Snake Fidget Toy, Movable Joints, Easter Basket Stuffers",https://www.amazon.com/dp/B0GF26SH4D?th=1,1771891200000,200,美国,新颖性
1777254397933,亚马逊,B0G4TXLMFW,https://m.media-amazon.com/images/I/41NFgAfPYML._AC_US200_.jpg,"6-Pcs Ocean Bath Toys for Toddlers 1-3, No Hole Mold Free Bathtub Toys, Whale Shark Dolphin Penguin Sea Animal Set for Baby Bath Time or Pool Water Play",https://www.amazon.com/dp/B0G4TXLMFW?th=1,1771891200000,600,美国,婴幼儿
1777254397933,亚马逊,B0G6SP1JCG,https://m.media-amazon.com/images/I/51HklTd3TKL._AC_US200_.jpg,"Filled Easter Eggs for Kids - Prefilled 48PCS Easter Eggs and Squishy Animal Pop Toys for Easter Basket Stuffers, Popping Eyes Keychains for Kids Easter Egg Hunt Party Favors Supplies (With Eggs)",https://www.amazon.com/dp/B0G6SP1JCG?th=1,1771891200000,300,美国,Party Supplies
1777254397933,亚马逊,B0G91VKC8Q,https://m.media-amazon.com/images/I/51r5bhfcxmL._AC_US200_.jpg,"Paper Airplane Kits, Origami Kit for Kids Ages 5-8, 12 Classic Origami Designs, 36 Sheets of Colorful Origami Paper, Crafts for Kids Activities, Airplane Gifts for Kids Ages 5-12 Boys and Girls",https://www.amazon.com/dp/B0G91VKC8Q?th=1,1771891200000,700,美国,艺术
1777254397933,亚马逊,B0GCBJ8WFS,https://m.media-amazon.com/images/I/51jZu6--XWL._AC_US200_.jpg,"24PCS Animal Bubble Wands for Wild One Birthday Baby Shower Decorations Safari Jungle Theme Party Favors Supplies, Pinata Goodie Bags Filler, Classroom Prizes, Valentines Gifts, Easter Stuffers",https://www.amazon.com/dp/B0GCBJ8WFS?th=1,1771891200000,400,美国,体育
1777254397933,亚马逊,B0GD79WWN2,https://m.media-amazon.com/images/I/51kggIOC8CL._AC_US200_.jpg,"Easter Egg Fillers & Basket Stuffers - Prefilled Easter Eggs, 12 Pcs Dinosaur Toys & Real Gemstones, Scientific Gifts with Story Cards for Kids, Easter Toys Party Favor foe Egg Hunt",https://www.amazon.com/dp/B0GD79WWN2?th=1,1771891200000,800,美国,Party Supplies
1777254397933,亚马逊,B0GDDTCQRS,https://m.media-amazon.com/images/I/51L-dcYsc1L._AC_US200_.jpg,"30Pcs Mini Taba Squishies Kit Fidget Toys, Include Mini Taba Squishies Pack with 24 Easter Cards, Kawaii Stress Relief Toys Squeeze Toys Party Favors for Kids 4-8 8-12, Classroom Birthday Easter Gifts",https://www.amazon.com/dp/B0GDDTCQRS?th=1,1771891200000,500,美国,Novelty & Gag Toys
1777254397933,亚马逊,B0GDDXKH8L,https://m.media-amazon.com/images/I/61aeSR1UglL._AC_US200_.jpg,"Dilycery 122 Pcs Easter Egg Fillers for Kids, Easter Egg Stuffers Party Favors for Kids, Prefilled Easter Eggs Treasure Box Toys for Classroom Prizes for Kids, Bulk Tiny Toys for Gifts",https://www.amazon.com/dp/B0GDDXKH8L?th=1,1771804800000,700,美国,Party Supplies
1777254397933,亚马逊,B0FZBJV96G,https://m.media-amazon.com/images/I/71vnYywvzCL._AC_US200_.jpg,"Premium MEGA Cube – Extra Large Ultra-Firm Gel Squishy Fidget Toy | Stress Balls for Adults with Non-Sticky, Odor-Free Shell & Reinforced Dual Leak-Proof Seals for Heavy-Duty Use | 1-Pack Green",https://www.amazon.com/dp/B0FZBJV96G?th=1,1771804800000,600,美国,Novelty & Gag Toys
1777254397933,亚马逊,B0GCYQ93Q9,https://m.media-amazon.com/images/I/51x53WyrZxL._AC_US200_.jpg,Garma 50 Pcs 3.15'' Easter Eggs - Empty Bright Colors Plastic Eggs with 8 Golden Eggshell Bulks for Easter Party Favors Supplies Easter Egg Hunt Game Basket Stuffers Fillers Classroom Exchange Prize,https://www.amazon.com/dp/B0GCYQ93Q9?th=1,1771804800000,500,美国,Party Supplies
1777254397933,亚马逊,B0GD1NY6GC,https://m.media-amazon.com/images/I/51WRIIKcNZL._AC_US200_.jpg,"12 Pack Prefilled Easter Eggs with Die-Cast Racing Cars, Easter Basket Stuffers, Filled Easter Eggs with Toys for Kids, Egg Hunt, Party Favor Supplies,Easter Toys Gifts for Toddlers & Boys Girls",https://www.amazon.com/dp/B0GD1NY6GC?th=1,1771804800000,500,美国,Party Supplies
1777254397933,亚马逊,B0GGCBFPCD,https://m.media-amazon.com/images/I/51bkqCzODnL._AC_US200_.jpg,6 Inch Jumbo Easter Eggs - 6 Pack Large Plastic Easter Eggs Fillable for Kids Giant Empty Eggs for Easter Egg Hunt Basket Stuffers Fillers Filling Treats Party Favors Classroom Prizes Supplies (Pure),https://www.amazon.com/dp/B0GGCBFPCD?th=1,1771804800000,400,美国,Party Supplies
1777254397933,亚马逊,B0GD74JDW1,https://m.media-amazon.com/images/I/61+TqJrJErL._AC_US200_.jpg,"Dilycery 120 Pack Easter Egg Fillers Toys for Kids, Easter Party Favors Small Toys for Egg Stuffers Basket Stuffers, Easter Prizes for Kids Treasure Box Toys for Classroom",https://www.amazon.com/dp/B0GD74JDW1?th=1,1771804800000,700,美国,Party Supplies
1777254397933,亚马逊,B0GDMZLFK2,https://m.media-amazon.com/images/I/91QQvcWJUkL._AC_US200_.jpg,"Holographic Easter Stickers, 100 Pcs Cute Easter Egg Stickers Bulk for Kids, Water Bottle Stickers Waterproof Vinyl Phone Skateboard Laptop Stickers, Aesthetic Sticker Packs for Girls Teens",https://www.amazon.com/dp/B0GDMZLFK2?th=1,1771804800000,1000,美国,艺术
1777254397933,亚马逊,B0GL17FPHP,https://m.media-amazon.com/images/I/51xxOphDnQL._AC_US200_.jpg,25 Pcs Katseye Cake Topper and Cupcake Toppers Set Birthday Party Supplies for Katseye Themed Birthday Decorations,https://www.amazon.com/dp/B0GL17FPHP?th=1,1771804800000,400,美国,派对用品
1777254397933,亚马逊,B0GKFNVKQC,https://m.media-amazon.com/images/I/41cwncDrTjL._AC_US200_.jpg,"Squishy Dumpling Mystery Box - Stress Relief Fidget Toy, Easter Basket Stuffers for Kids Teens Adults, Sensory Anxiety Relief Squeeze Toys for Boys and Girls, Dumpling Squishy Toy Gifts",https://www.amazon.com/dp/B0GKFNVKQC?th=1,1771804800000,2000,美国,Novelty & Gag Toys
1777254397933,亚马逊,B0GLGG9RSJ,https://m.media-amazon.com/images/I/51woe7y4O-L._AC_US200_.jpg,"Skillmatics Pool Toys - Seek & Splash, Search & Find Water Game, Swimming Pool Number Dive Toy for Kids, Summer Fun & Gifts for Boys & Girls Ages 6, 7, 8, 9, 10, 11 & Up, Includes 50 Colorful Gems",https://www.amazon.com/dp/B0GLGG9RSJ?th=1,1771804800000,1000,美国,体育
1777254397933,亚马逊,B0G95X8Y5H,https://m.media-amazon.com/images/I/41Aq3zWyPFL._AC_US200_.jpg,"8 Pack Easter Eggs Squeeze Squishy Toys, Easter Basket Stuffers, Easter Egg Hunt Fillers, Party Favors Gifts, Stress Balls Eggs Fidget Toys for Kids Boys Girls",https://www.amazon.com/dp/B0G95X8Y5H?th=1,1771804800000,600,美国,Novelty & Gag Toys
1777254397933,亚马逊,B0GL35R8NH,https://m.media-amazon.com/images/I/81ZUnMFccLL._AC_US200_.jpg,Dèmon Stickers Huntè Birthday DIY Stickers Make Your Party Cartoon Sticker Sheets Teens Idol Laptop Skateboard Phone Case for Classroom(244PCS),https://www.amazon.com/dp/B0GL35R8NH?th=1,1771804800000,400,美国,艺术
1777254397933,亚马逊,B0GM9Y7THT,https://m.media-amazon.com/images/I/81+A-sAzjcL._AC_US200_.jpg,Stranger Birthday Party Decorations Glitter Welcome to The Other Side Banner and Hanging Swirls Set Horror Birthday Decorations for Themed Gathering Home Room Decor Supplies,https://www.amazon.com/dp/B0GM9Y7THT?th=1,1771804800000,200,美国,Party Supplies
1777254397933,亚马逊,B0FQ5GJJRN,https://m.media-amazon.com/images/I/51LkjjSlpuL._AC_US200_.jpg,"Lafyette. Princess Tent for Girls, Large Kids Playhouse Castle Play Tent with Star Lights, Indoor Outdoor Playhouse for Children, Fun Toy Tent for Girls Boys Toddlers, Playroom Birthday Gift",https://www.amazon.com/dp/B0FQ5GJJRN?th=1,1771804800000,200,美国,体育
1777254397933,亚马逊,B0GJKNCHN9,https://m.media-amazon.com/images/I/61TLVWuEwnL._AC_US200_.jpg,"24pcs 3D Printed Dragon Eggs, Articulated Dragon Fidget Toys for Party Favors, Unique Birthday Gift for Kids Teens Adults, Classroom Prize Supplies",https://www.amazon.com/dp/B0GJKNCHN9?th=1,1771804800000,600,美国,玩具图
1777254397933,亚马逊,B0GJTG9ZWS,https://m.media-amazon.com/images/I/81GxImQxAIL._AC_US200_.jpg,4 Pieces Mermaid Bath Toys Swimming Pool Toys for Kids Toddler Girls Ages 4-8 Princess Bath Toys Pool Dive Toys Mermaid Doll Water Toys,https://www.amazon.com/dp/B0GJTG9ZWS?th=1,1771804800000,200,美国,体育
1777254397933,亚马逊,B0GG8K5TNP,https://m.media-amazon.com/images/I/71tyS8rM6hL._AC_US200_.jpg,"Easter Light-Up Dome Cup – Blue Rabbit, Reusable LED Party Drinkware with Glitter Dome Lid",https://www.amazon.com/dp/B0GG8K5TNP?th=1,1771804800000,200,美国,派对用品
1777254397933,亚马逊,B0GBX98CK7,https://m.media-amazon.com/images/I/51zT6eMXsyL._AC_US200_.jpg,"Pool Party Favors and Beach Party Favors 168pcs Summer Pool Toys for Party,Kids Ages 4-8 8-12, Including 12 Castle Mold Buckets, 12 Shovels,Beach Balls, Sunglasses, Bubble Wands",https://www.amazon.com/dp/B0GBX98CK7?th=1,1771804800000,200,美国,Party Supplies
1777254397933,亚马逊,B0GMXRM7QZ,https://m.media-amazon.com/images/I/710QsR6B8WL._AC_US200_.jpg,Crazy Aaron's® Better Butter Buttercream Thinking Putty®,https://www.amazon.com/dp/B0GMXRM7QZ?th=1,1771804800000,800,美国,新颖性
1777254397933,亚马逊,B0GCML48PK,https://m.media-amazon.com/images/I/51hhEhA4AoL._AC_US200_.jpg,"RC Boat for Kids Remote Control Boats Pool Lakes Bathtub Toy with 8 LED Light Modes,Whole Body Waterproof,Low Battery/Out of Range Alarm,2.4Ghz,15Kmh,Rechargeable Battery,Auto Paring,2Pack",https://www.amazon.com/dp/B0GCML48PK?th=1,1771804800000,300,美国,遥控
1777254397933,亚马逊,B0GLGL8LPS,https://m.media-amazon.com/images/I/51OUqB6v1mL._AC_US200_.jpg,"Skillmatics Guess in 10 National Geographic Animals, Educational Card Game for Kids & Families, Animal Trivia & Travel Game, Screen-Free Fun, Gifts for Ages 6, 7, 8, 9 and Up",https://www.amazon.com/dp/B0GLGL8LPS?th=1,1771804800000,2000,美国,游戏
1777254397933,亚马逊,B0G92DPX7T,https://m.media-amazon.com/images/I/5172R9FGP7L._AC_US200_.jpg,"Mini Foosball Table Game for Kids – Soccer Board Game, Portable Tabletop Pinball Interactive Sports Game, Indoor Family Party Birthday Gift Educational & Active Toy for Boys Girls Ages 3+",https://www.amazon.com/dp/B0G92DPX7T?th=1,1771804800000,300,美国,体育
1777254397933,亚马逊,B0GCGVHJ73,https://m.media-amazon.com/images/I/617COGQZ33L._AC_US200_.jpg,"132 PCS Easter Egg Fillers, Easter Basket Stuffers, Easter Party Favors for Kids Boys Girls, Mini Fidget Toys Bulk for Easter Eggs Hunt Filled Gift Goodie Bag Stuffers Classroom Prizes Treasure Box",https://www.amazon.com/dp/B0GCGVHJ73?th=1,1771804800000,500,美国,Party Supplies
1777254397933,亚马逊,B0G9LRBHHG,https://m.media-amazon.com/images/I/61qsxAQ2rDL._AC_US200_.jpg,"132 Pcs Easter Egg Fillers, Easter Basket Stuffers for Kids Toddlers Boys Girls, Easter Party Favors Bulk Small Toys,Easter Eggs Hunt,Easter Gift Goodie Bags Stuffers Filling Treats Classroom Prizes",https://www.amazon.com/dp/B0G9LRBHHG?th=1,1771804800000,800,美国,Party Supplies
1777254397933,亚马逊,B0GCCN8L9V,https://m.media-amazon.com/images/I/51GGImZqFaL._AC_US200_.jpg,"24Sheets Make-a-face Cute Monster Stickers Pack, Mixed & Matched with 8 Designed Characters(3 of Each), Make Your Own Stickers for Teens Party Decoration, Reward, Decor, Gift Idea (qq)",https://www.amazon.com/dp/B0GCCN8L9V?th=1,1771804800000,200,美国,艺术
1777254397933,亚马逊,B0G57KSV1R,https://m.media-amazon.com/images/I/51joeK1LL1L._AC_US200_.jpg,"Abakuku 12 Pcs Prefilled Easter Eggs Plush Toy,3.15in Bright Colorful Eggs Prefilled with Variety Plush Toy Easter Basket Stuffers Party Favors Gift Bags",https://www.amazon.com/dp/B0G57KSV1R?th=1,1771804800000,800,美国,Party Supplies
1777254397933,亚马逊,B0GP1TZM1S,https://m.media-amazon.com/images/I/81E+dVxbrjL._AC_US200_.jpg,theory11 Hamilton Playing Cards 10th Anniversary Collector's Edition | Officially Licensed Broadway Musical | Custom Illustrated Deck | Gold Foil Embossed Tuck Box | Poker Size,https://www.amazon.com/dp/B0GP1TZM1S?th=1,1771804800000,300,美国,游戏
1777254397933,亚马逊,B0GGJTMG3W,https://m.media-amazon.com/images/I/51WYQZvVYCL._AC_US200_.jpg,"24 Pack Prefilled Easter Eggs with Mochi Squishy Toys for Kids, Easter Basket Stuffers for Toddlers, Stress Reliever Animal Taba Squishy Toys, Easter Egg Hunt Party Favors for Boys Girls",https://www.amazon.com/dp/B0GGJTMG3W?th=1,1771804800000,700,美国,Novelty & Gag Toys
1777254397933,亚马逊,B0GG8YDVQM,https://m.media-amazon.com/images/I/61wMqj1eIuL._AC_US200_.jpg,"200 PCS Book Stickers for Kindle,Reading Journal Stickers for Scrapbooking Vinyl Decals for Waterproof Accessories",https://www.amazon.com/dp/B0GG8YDVQM?th=1,1771804800000,300,美国,艺术
1777254397933,亚马逊,B0GKGD14YK,https://m.media-amazon.com/images/I/51DZGgFEzRL._AC_US200_.jpg,"Mario Birthday Party Supplies, 133Pcs Balloons Arch Garland Kit, Assorted Latex Foil Balloons for Mario Birthday Party Decorations",https://www.amazon.com/dp/B0GKGD14YK?th=1,1771804800000,400,美国,派对用品
1777254397933,亚马逊,B0GGCF6YYP,https://m.media-amazon.com/images/I/51xxDwLOdXL._AC_US200_.jpg,6 Inch Jumbo Easter Eggs - 6 Pack Large Plastic Easter Eggs Fillable for Kids Giant Empty Eggs for Easter Egg Hunt Basket Stuffers Fillers Filling Treats Party Favors Classroom Prize Supplies (Bright),https://www.amazon.com/dp/B0GGCF6YYP?th=1,1771718400000,200,美国,Party Supplies
1777254397933,亚马逊,B0GF831F9P,https://m.media-amazon.com/images/I/51XIaLO57zL._AC_US200_.jpg,"Easter Games for Kids Outdoor, Potato Sack Race Bags, Bunny Ears Headbands, Egg Spoon Relay Races, Legged Relay Race Bands for Easter Eggs Hunt Games",https://www.amazon.com/dp/B0GF831F9P?th=1,1771718400000,700,美国,Party Supplies
1777254397933,亚马逊,B0GF9W7QNG,https://m.media-amazon.com/images/I/51ALmtJP1SL._AC_US200_.jpg,"27 Pack Easter Outdoor Party Games for Kids, 4 Bunny Potato Sack Race Jumping Bags, 4 Egg and Spoon Games, Toss Banner and 4 Bean Bags, Legged Relay Race Bands, Easter Games Prizes Supplies",https://www.amazon.com/dp/B0GF9W7QNG?th=1,1771718400000,300,美国,Party Supplies
1777254397933,亚马逊,B0GDCQTLLW,https://m.media-amazon.com/images/I/51CAkThQuqL._AC_US200_.jpg,"8 Pcs 3D Printed Dragon Eggs, Crystal Animals Dinosaur Egg Fidget Toys Stocking Stuffers for Teen Boys Kids Toddler Bulk Gifts for Girls 4-6 5-7 8-12 Mini Animals Figurines for Easter Decorations",https://www.amazon.com/dp/B0GDCQTLLW?th=1,1771718400000,500,美国,玩具图
1777254397933,亚马逊,B0GC5ZPCVG,https://m.media-amazon.com/images/I/51NltukEz5L._AC_US200_.jpg,"Easter Reusable Water Coloring Book for Toddlers, 6 Pack Water Doodle Books Party Favors for Kids, Mess Free Water Painting Magic Paint Book, Easter Basket Stuffers, Educational Learning Gifts Toys",https://www.amazon.com/dp/B0GC5ZPCVG?th=1,1771718400000,200,美国,Party Supplies
1777254397933,亚马逊,B0GFCMCPCP,https://m.media-amazon.com/images/I/51e6R3sh7ML._AC_US200_.jpg,"Easter Eggs Fillers with Bunny Plush 12Pack, Prefilled Easter Eggs Toys, Easter Basket Stuffers for Kids Teens Boys Girls, Classroom Treasure Box, Party Favors for Egg Hunt",https://www.amazon.com/dp/B0GFCMCPCP?th=1,1771718400000,500,美国,Party Supplies
1777254397933,亚马逊,B0GGGJ84PD,https://m.media-amazon.com/images/I/51BKANmiIUL._AC_US200_.jpg,"24 Pcs Easter Eggs Filled with Bunny Figurines Set，Prefilled Easter Egg Party Favors，Easter Bunny Figurines Basket Stuffers Fillers, Party Favors and Classroom Prize Supplies",https://www.amazon.com/dp/B0GGGJ84PD?th=1,1771718400000,400,美国,Party Supplies
1777254397933,亚马逊,B0GCCNXYWR,https://m.media-amazon.com/images/I/31uhWxtXRzL._AC_US200_.jpg,"Stress Cube Squishy Fidget Toys - 4 Pack 2 Inches Square Ice Squeeze Balls High Density Gel Filled, Quiet Fidget for Classroom Student Calming, Sensory Anxiety Relief Item for Kids Adults",https://www.amazon.com/dp/B0GCCNXYWR?th=1,1771718400000,800,美国,Novelty & Gag Toys
1777254397933,亚马逊,B0GD7QWYNY,https://m.media-amazon.com/images/I/518j0l-YE0L._AC_US200_.jpg,"Easter Basket Stuffers, 12PCS Prefilled Easter Eggs with Gemstone Crystals & Jewelry Set, Bracelet Necklace Keychain for Easter Egg Hunt",https://www.amazon.com/dp/B0GD7QWYNY?th=1,1771718400000,300,美国,Party Supplies
1777254397933,亚马逊,B0GCF4QKJ7,https://m.media-amazon.com/images/I/81JJCBjqfkL._AC_US200_.jpg,"16PCS Easter Stuffed Bunny Plush Toys,Easter Basket Stuffers Egg Fillers,Easter Bunny Bulk Stuffed Animals Plushie for Kids Boys Girls Party Favors Gifts",https://www.amazon.com/dp/B0GCF4QKJ7?th=1,1771718400000,300,美国,填充的动物
1777254400069,亚马逊,B0GK71NSZ6,https://m.media-amazon.com/images/I/510nL56kE9L._AC_US200_.jpg,"DIYDEC 180Pcs Mini Resin Animal 50 Styles Tiny Resin Animals to Hide,Small Plastic Figurines for Vase Fillers Micro Dollhouse Aquarium Decorations",https://www.amazon.com/dp/B0GK71NSZ6?th=1,1771718400000,300,美国,娃娃
1777254400069,亚马逊,B0GFD5BV37,https://m.media-amazon.com/images/I/41jY-SlbfBL._AC_US200_.jpg,"24Pack Prefilled Easter Eggs for Basket Stuffers, Glow In The Dark Easter Eggs for Kids, Easter Gifts for Egg Hunt Game Party Favors",https://www.amazon.com/dp/B0GFD5BV37?th=1,1771718400000,400,美国,Party Supplies
1777254400069,亚马逊,B0GFSBQVRG,https://m.media-amazon.com/images/I/415r7zf1EpL._AC_US200_.jpg,"PANTASY Retro Building Set, Vintage Hand Crank Sewing Machine Brick Model, Collectible with Functional Gear Linkage, Hidden Mini Tailor Shop Scene, Adult Display and Desk Decor Gift",https://www.amazon.com/dp/B0GFSBQVRG?th=1,1771718400000,300,美国,建筑玩具
1777254400069,亚马逊,B0GK395J7J,https://m.media-amazon.com/images/I/81-ueTecaEL._AC_US200_.jpg,"Monopoly: Strawberry Shortcake Board Game, Buy, Sell & Trade Locations Like Big Apple City, Citrus Acres & More, Includes 6 Collectible Tokens Like Blueberry Muffin's Basket & More, Official Merch",https://www.amazon.com/dp/B0GK395J7J?th=1,1771718400000,300,美国,游戏
1777254400069,亚马逊,B0G5NM2Z3B,https://m.media-amazon.com/images/I/71dqrstTjKL._AC_US200_.jpg,"Butterfly Kite Easy to Fly for Kids and Adults, Perfect Family Kites for Beach, Outdoor Games and Activity Toys, Suitable for Beginners.",https://www.amazon.com/dp/B0G5NM2Z3B?th=1,1771718400000,200,美国,体育
1777254400069,亚马逊,B0GGGHR8GQ,https://m.media-amazon.com/images/I/61A4VflaQkL._AC_US200_.jpg,Water Sprinkler for Kids - Airyard 3-in-1 Turtle Sprinkler Toys with Snail Plash Ring Toss Game & 360° Rotating Spray Backyard Summer Fun Outdoor Water Toys for Toddlers Boys Girls Ages 3 4 5 6 7 8,https://www.amazon.com/dp/B0GGGHR8GQ?th=1,1771718400000,200,美国,体育
1777254400069,亚马逊,B0G5Q3K9CJ,https://m.media-amazon.com/images/I/51ETrg2nXWL._AC_US200_.jpg,"HIKISS 24 Pack Easter Eggs Filled Plush Bunny Toys, Mini Colorful Bunny Egg Fillers for Kids Toddler Boys Girls Easter Egg Hunt Classroom Prize Supplies Basket Stuffers Easter Party Favors",https://www.amazon.com/dp/B0G5Q3K9CJ?th=1,1771718400000,400,美国,Party Supplies
1777254400069,亚马逊,B0G5Q48ZG7,https://m.media-amazon.com/images/I/51ETrg2nXWL._AC_US200_.jpg,"HIKISS 36 Pack Easter Eggs Filled Plush Bunny Toys, Mini Colorful Bunny Egg Fillers for Kids Toddler Boys Girls Easter Egg Hunt Classroom Prize Supplies Basket Stuffers Easter Party Favors",https://www.amazon.com/dp/B0G5Q48ZG7?th=1,1771718400000,400,美国,Party Supplies
1777254400069,亚马逊,B0G5PYKHJY,https://m.media-amazon.com/images/I/71z4G1mRI9L._AC_US200_.jpg,"HIKISS 12 Pack Easter Eggs Filled Plush Bunny Toys, Mini Colorful Bunny Egg Fillers for Kids Toddler Boys Girls Easter Egg Hunt Classroom Prize Supplies Basket Stuffers Easter Party Favors",https://www.amazon.com/dp/B0G5PYKHJY?th=1,1771718400000,600,美国,Party Supplies
1777254400069,亚马逊,B0GHTXHTSB,https://m.media-amazon.com/images/I/81dn2JglgDL._AC_US200_.jpg,"Toy Inspired Story Birthday Party Supplies, 20 Plates, 20 Napkins and 1 Tablecover for Toy Inspired Story Party Decorations",https://www.amazon.com/dp/B0GHTXHTSB?th=1,1771718400000,200,美国,派对用品
1777254400069,亚马逊,B0G6VC57JG,https://m.media-amazon.com/images/I/51OFptthCJL._AC_US200_.jpg,"8 Pack Jumbo Surprise Golden Easter Egg Filled with Eye-pop Fidget Toys, Large Easter Eggs with Toys Inside Easter Basket Stuffers Fillers Easter Egg Hunts Party Favor for Kids Boys Girls Toddler Teen",https://www.amazon.com/dp/B0G6VC57JG?th=1,1771718400000,200,美国,Party Supplies
1777254400069,亚马逊,B0GCMDKK9H,https://m.media-amazon.com/images/I/51PxC+X-pQL._AC_US200_.jpg,"2 Pcs Cheetah Print Table Cloth - Plastic Leopard Tablecloth, Disposable Rectangle Brown Cheetah Table Covers for Jungle Animal Leopard Print Birthday Party Supplies Table Decorations, 54x108 Inch",https://www.amazon.com/dp/B0GCMDKK9H?th=1,1771718400000,200,美国,派对用品
1777254400069,亚马逊,B0GKVLFQ95,https://m.media-amazon.com/images/I/51ONpb8a6EL._AC_US200_.jpg,"6pack 3D Printed Dragon Egg with Dragon Inside,Mini Crystal Dragon Fidget Toy, Surprise 3D Printed Animals Toy",https://www.amazon.com/dp/B0GKVLFQ95?th=1,1771718400000,500,美国,玩具图
1777254400069,亚马逊,B0G5YTBWGN,https://m.media-amazon.com/images/I/41mfrD09KxL._AC_US200_.jpg,"My Realistic Bunny Toy, Easter My Realistic Interactive Bunny - Jumping,Twitching and Shaking Ears (Brown)",https://www.amazon.com/dp/B0G5YTBWGN?th=1,1771718400000,900,美国,填充的动物
1777254400069,亚马逊,B0GF26YKG7,https://m.media-amazon.com/images/I/519wnYSXfwL._AC_US200_.jpg,"Kids Gardening Tools Set Toddler Gardening Kit with Apron & Tote Bag, Shovel, Fork, Trowel and Gloves, Outdoor Gardening Toys Easter Gifts for Children Ages 3-10",https://www.amazon.com/dp/B0GF26YKG7?th=1,1771718400000,200,美国,体育
1777254400069,亚马逊,B0GCT29MBK,https://m.media-amazon.com/images/I/51QRaUpDB5L._AC_US200_.jpg,24 Pack Prefilled Easter Eggs with Squishy Toys Axolotl Slow Rising Squishy Toys Easter Eggs Filled for Kids Easter Basket Stuffers Party Favors,https://www.amazon.com/dp/B0GCT29MBK?th=1,1771718400000,500,美国,Novelty & Gag Toys
1777254400069,亚马逊,B0GG16N7QW,https://m.media-amazon.com/images/I/51S5A5PhR0L._AC_US200_.jpg,"40 Inch Heavy Duty Tree Swing with 900LB Capacity - Large Saucer Swing for Adults, Kids, Family - Includes 2 Tree Protection Straps & Adjustable Ropes, Durable Outdoor Backyard Swing (Blue)",https://www.amazon.com/dp/B0GG16N7QW?th=1,1771718400000,200,美国,体育
1777254400069,亚马逊,B0GG1986KV,https://m.media-amazon.com/images/I/41CPBHCxzlL._AC_US200_.jpg,"Tree Swing,Saucer Flying Swing 40 Inch for Kids,900D Oxford Waterproof, 900lbs Weight Capacity,with Adjustable Hanging Straps, for Backyard, Playground, and Camping, Gifts for Kids",https://www.amazon.com/dp/B0GG1986KV?th=1,1771718400000,300,美国,体育
1777254400069,亚马逊,B0GG1R82FC,https://m.media-amazon.com/images/I/7113gX66MdL._AC_US200_.jpg,"Tree Swing,Saucer Flying Swing 40 Inch for Kids,900D Oxford Waterproof, 900lbs Weight Capacity,with Adjustable Hanging Straps, for Backyard, Playground, and Camping, Gifts for Kids",https://www.amazon.com/dp/B0GG1R82FC?th=1,1771718400000,300,美国,体育
1777254400069,亚马逊,B0GKL8FPC5,https://m.media-amazon.com/images/I/51mAcYnhC8L._AC_US200_.jpg,"Kyerivs Liquid Fidget Slider Toy for Adults, Metal Magnetic Fidgets Cool Gadgets Gift for Teen Boys Innovative Quicksand Flowing Sand Liquid Motion EDC for Men Easter Basket Stuffers for Teens",https://www.amazon.com/dp/B0GKL8FPC5?th=1,1771718400000,500,美国,新颖性
1777254400069,亚马逊,B0G33DB6TF,https://m.media-amazon.com/images/I/51cChGVui8L._AC_US200_.jpg,RUBFAC 154pcs Dusty Blue Balloons Different Sizes 18 12 10 5 Inch Slate Blue Boho Neutral Balloon Arch Kit for Baby Shower Graduation Birthday Party Decorations,https://www.amazon.com/dp/B0G33DB6TF?th=1,1771718400000,200,美国,派对用品
1777254400069,亚马逊,B0G586K3DG,https://m.media-amazon.com/images/I/818evImLFeL._AC_US200_.jpg,"SevenQ Plastic Easter Eggs Empty Fillable 36 Pcs 3.15"" Printed Colorful Egg for Hunt Basket Stuffers for Teens Pinata Goodie Gift Bags Fillers Treats Treasure Box Toys Classroom Party Favors Supplies",https://www.amazon.com/dp/B0G586K3DG?th=1,1771718400000,1000,美国,Party Supplies
1777254400069,亚马逊,B0GH61CXTV,https://m.media-amazon.com/images/I/41TndIt-idL._AC_US200_.jpg,Easter Basket Stuffers - Glow in The Dark Easter Egg Fillers Squishy Bunny Stress Cube Easter Gifts for Kids Adults Fidget Toys Stress Balls for Kids with Autism Easter Basket Essentials for Teens,https://www.amazon.com/dp/B0GH61CXTV?th=1,1771718400000,200,美国,Novelty & Gag Toys
1777254400069,亚马逊,B0GMXVML3J,https://m.media-amazon.com/images/I/71JLpj0g8gL._AC_US200_.jpg,Crazy Aaron's® Better Butter Berry Butter Thinking Putty®,https://www.amazon.com/dp/B0GMXVML3J?th=1,1771718400000,900,美国,新颖性
1777254400069,亚马逊,B0GDZBGWB2,https://m.media-amazon.com/images/I/51Qawz1pAUL._AC_US200_.jpg,"Easter Basket Stuffers Essentials for Teens Kids, Easter Egg Fillers - 24Pcs Prefilled Easter Eggs with Metal Brain Teaser Puzzle Toys for Girls Boys, Classroom Treasure Box Prizes, Party Favors",https://www.amazon.com/dp/B0GDZBGWB2?th=1,1771632000000,700,美国,Party Supplies
1777254400069,亚马逊,B0GGNXKTJC,https://m.media-amazon.com/images/I/51C6fUWT9PL._AC_US200_.jpg,"Dokeawo Easter Egg Fillers 100Pcs - Easter Basket Stuffers Essentials for Teens Kids, Small Toys for Kids Party Favors & Egg Hunt, Classroom Treasure Box Prizes, Birthday Goodie Bags Rewards & Gifts",https://www.amazon.com/dp/B0GGNXKTJC?th=1,1771632000000,600,美国,Party Supplies
1777254400069,亚马逊,B0GPFM3RHF,https://m.media-amazon.com/images/I/31IX1OXApzL._AC_US200_.jpg,Rite Lite Passover Chattering Matzah Ball Seder Plate Buddy Wind Up & Watch Him Chat! Jewish Holiday Party Favor Goodie Bag Filler Plague Storytelling Fun & Educational Pesach Seder Gift Hours of Fun!,https://www.amazon.com/dp/B0GPFM3RHF?th=1,1771632000000,200,美国,新颖性
1777254400069,亚马逊,B0GM1QRMC2,https://m.media-amazon.com/images/I/51r2CusiufL._AC_US200_.jpg,"Toyland® 26” (66cm) Sesame Street™ Number 2 Foil Balloon - Kids Party Balloons - Party Decoration, Air or Helium, Self Sealing",https://www.amazon.com/dp/B0GM1QRMC2?th=1,1771632000000,400,美国,派对用品
1777254400069,亚马逊,B0GPFVVMYH,https://m.media-amazon.com/images/I/512prlz0iHL._AC_US200_.jpg,Rite Lite Passover Racing Matzah Balls Set of 4 - Pull Back & Race! Passover Gifts Jewish Holiday Party Favors Pesach Seder Goodie Bag Plague Judaica Storytelling Fun & Educational Hours of Fun!,https://www.amazon.com/dp/B0GPFVVMYH?th=1,1771632000000,500,美国,Party Supplies
1777254400069,亚马逊,B0G8HSK9VR,https://m.media-amazon.com/images/I/516G4DYlhfL._AC_US200_.jpg,"24PACK Prefilled Easter Eggs with Unicorn Squishy Toys, 2.75inch Easter Eggs Filled with Slow Rising Toys, Easter Gift for Kids Girls Boys, Prefilled Eggs for Easter Egg Hunt, Easter Prizes",https://www.amazon.com/dp/B0G8HSK9VR?th=1,1771632000000,1000,美国,Party Supplies
1777254400069,亚马逊,B0GMTWXZTZ,https://m.media-amazon.com/images/I/41l+B4TG3jL._AC_US200_.jpg,Jellycat Amusables Paris Patisserie May Macaron,https://www.amazon.com/dp/B0GMTWXZTZ?th=1,1771632000000,200,美国,填充的动物
1777254400069,亚马逊,B0GMZ2N6CZ,https://m.media-amazon.com/images/I/61Yt9+JhefL._AC_US200_.jpg,"Clearwater Butterfly Live Painted Lady Caterpillars - Choose Your Quantity - Butterfly Kit for Students - STEM Learning - Includes Caterpillars, Food & Care Instructions",https://www.amazon.com/dp/B0GMZ2N6CZ?th=1,1771632000000,3000,美国,学习
1777254400069,亚马逊,B0GFMQCYM9,https://m.media-amazon.com/images/I/5107D9bxuSL._AC_US200_.jpg,"68 Pack Pastel Easter Balloons Easter Decorations - 12 Inch Rainbow Spring Balloons with Ribbons - Easter Party Decorations Supplies Indoor Outdoor for Egg Hunt, Spring Home Classroom Office Decor",https://www.amazon.com/dp/B0GFMQCYM9?th=1,1771632000000,300,美国,派对用品
1777254400069,亚马逊,B0GCGSQTD3,https://m.media-amazon.com/images/I/51OrkMMEH5L._AC_US200_.jpg,"Monjita 21 Pcs 3D Printed Easter Eggs with 21 Pcs Mini Animal Figurines Inside, Flexible Articulated Fidget Wigglitz Toys, Party Favors, Easter Basket Stuffers, Gifts for Kids Students Carnival Prizes",https://www.amazon.com/dp/B0GCGSQTD3?th=1,1771632000000,1000,美国,玩具图
1777254400069,亚马逊,B0G1GZ96NW,https://m.media-amazon.com/images/I/51BtSq6UiRL._AC_US200_.jpg,"38pcs Easter Bingo Game for Easter Party Decorations, Easter Bingo Set Including Easter Day Bingo Game Easter Bunny Bingo Cards Spring Themed Bingo Craft Cards for Happy Easter Day Party Games",https://www.amazon.com/dp/B0G1GZ96NW?th=1,1771632000000,200,美国,游戏和配件
1777254400069,亚马逊,B0GDX32FT4,https://m.media-amazon.com/images/I/71QMf2+RheL._AC_US200_.jpg,"Bubble Guns for Toddlers,2pcs Rabbit Bubble Machine for Kids,Automatic Bubble Blower with 10 Bubble Solutions,Outdoor Toys Easter Baskets Stuffers Gift for Age 3 4 5 6 7 8 Years Old Boys Girls",https://www.amazon.com/dp/B0GDX32FT4?th=1,1771632000000,900,美国,体育
1777254400069,亚马逊,B0GD1G6ZCH,https://m.media-amazon.com/images/I/51CHzfBY-fL._AC_US200_.jpg,Jasonwell Tic-Tac-Toe Pool Toys Games - Giant Floating Tic Tac Toe Game Float with 10 Balls Pineapple Pool Game Party Toy Floats Yard Field Day Games Outdoor Beach Toys for Adults Teens Kids (Yellow),https://www.amazon.com/dp/B0GD1G6ZCH?th=1,1771632000000,200,美国,体育
1777254400069,亚马逊,B0GNTS18PZ,https://m.media-amazon.com/images/I/41tFBlikdgL._AC_US200_.jpg,"Mah Jong Cards 2026 Revision - Large Print, 4-Pack",https://www.amazon.com/dp/B0GNTS18PZ?th=1,1771632000000,1000,美国,游戏
1777254400069,亚马逊,B0GC7LW27K,https://m.media-amazon.com/images/I/511Xu4B4vDL._AC_US200_.jpg,"24 Pack Scratch Books Easter Party Favors, Rainbow Scratch Notebook Paper Bulk for Kids Student Classroom School Gifts Prizes, Easter Basket Goodie Bag Fillers Stuffers",https://www.amazon.com/dp/B0GC7LW27K?th=1,1771632000000,200,美国,Party Supplies
1777254400069,亚马逊,B0FLL33P7P,https://m.media-amazon.com/images/I/3188EbwjCSL._AC_US200_.jpg,Jazwares Hello Kitty® and Friends - 8-Inch Cinnamoroll™ Pastel Florals Plush - Officially Licensed Sanrio® Product from Ages 6+,https://www.amazon.com/dp/B0FLL33P7P?th=1,1771632000000,300,美国,填充的动物
1777254400069,亚马逊,B0GHRN4SVB,https://m.media-amazon.com/images/I/31ZL-OWCtZL._AC_US200_.jpg,Pickle Stress Reliever,https://www.amazon.com/dp/B0GHRN4SVB?th=1,1771632000000,900,美国,Novelty & Gag Toys
1777254400069,亚马逊,B0GH1TSR34,https://m.media-amazon.com/images/I/51qLhPkEqqL._AC_US200_.jpg,"Hopping Bunny Toy, Interactive Electronic Bunny Stuffed Animal with Sounds and Movements, Animated Walking Wiggle Ears Twitch Nose, Easter Bunny Toys for Kids, Girls, Boys, Birthday Gift",https://www.amazon.com/dp/B0GH1TSR34?th=1,1771632000000,1000,美国,填充的动物
1777254400069,亚马逊,B0GHDSZS8V,https://m.media-amazon.com/images/I/41yjuY-3TyL._AC_US200_.jpg,Midou Slow Rising Dumpling Squishy Butter Squeeze Toy Sensory Stress Relief Squishies Soft & Stretchy Fidget Toys for Anxiety Relief Party Favors 1Pcs with Smile Face,https://www.amazon.com/dp/B0GHDSZS8V?th=1,1771632000000,2000,美国,Novelty & Gag Toys
1777254400069,亚马逊,B0G4L9ZMCR,https://m.media-amazon.com/images/I/51DY77yTy6L._AC_US200_.jpg,"SpringFlower 24 Pack Filled Easter Eggs,Kids Easter Eggs Filled with Sensory Fidget Suction Cup Toys,Easter Egg Hunt Basket Stuffers,Party Favors,Classroom Easter Gift, Easter Basket Essentials",https://www.amazon.com/dp/B0G4L9ZMCR?th=1,1771545600000,500,美国,Party Supplies
1777254400069,亚马逊,B0GMXYQJ65,https://m.media-amazon.com/images/I/918Ko5n7ucL._AC_US200_.jpg,Springbok Three Easter Bunnies 500 Piece Jigsaw Puzzle for Adults – Poster Now Included - Spring and Floral – Unique Cut Pieces – Made in USA,https://www.amazon.com/dp/B0GMXYQJ65?th=1,1771545600000,300,美国,拼图
1777254400069,亚马逊,B0G6RVYXY6,https://m.media-amazon.com/images/I/51QZIPy5ATL._AC_US200_.jpg,"TUWUNA Video Game Party Favors for Kids 24PCS Gamer Squishy Toys,Classroom Prizes Pinata Goodie Bag Stuffers Birthday Gifts for Boys & Girls",https://www.amazon.com/dp/B0G6RVYXY6?th=1,1771545600000,200,美国,Party Supplies
1777254400069,亚马逊,B0G6X3NN6W,https://m.media-amazon.com/images/I/51L-I5kYFkL._AC_US200_.jpg,"Zeoddler Wooden Puzzles for Toddlers, 8 Pack Sea Animal Jigsaw Puzzles for Kids3-5, 9 Pieces Preschool Learning Activities, Learning & Educational Toys, Gift for Boys, Girls",https://www.amazon.com/dp/B0G6X3NN6W?th=1,1771545600000,200,美国,拼图
1777254400069,亚马逊,B0G6X6F7W2,https://m.media-amazon.com/images/I/81wN5VHLB1L._AC_US200_.jpg,"Zeoddler Wooden Puzzles for Toddlers, 8 Pack Insect Animal Jigsaw Puzzles for Kids3-5, 9 Pieces Preschool Learning Activities, Learning & Educational Toys, Gift for Boys, Girls",https://www.amazon.com/dp/B0G6X6F7W2?th=1,1771545600000,400,美国,拼图
1777254400069,亚马逊,B0GGB3MK8T,https://m.media-amazon.com/images/I/81PX3wLihfL._AC_US200_.jpg,88PCS Birthday Party Full Supplies Kit：1 Banner + 6 Hanging Swirls + 20 (9-inch) Plates + 20 (7-inch) Plates + 20 Napkins + 20 Cups + 1 Tablecloth,https://www.amazon.com/dp/B0GGB3MK8T?th=1,1771545600000,200,美国,派对用品
1777254400069,亚马逊,B0GCHGG2PP,https://m.media-amazon.com/images/I/41EIaoMgkIL._AC_US200_.jpg,"Upgraded Toddler Sand Water Table Toy with Electric Water Pump, Kids Sand Water with Faucet/Play Food Accessories/Fishing Toy, Kitchen Play Sink Toys for Girl Boy Age 3+ (Pink)",https://www.amazon.com/dp/B0GCHGG2PP?th=1,1771545600000,300,美国,运动与户外游戏
1777254400069,亚马逊,B0G42VYY6M,https://m.media-amazon.com/images/I/517MtGfS-vL._AC_US200_.jpg,"Reusable Sticker Book - Vehicles Stickers for Toddlers & Kids 3-5: Boys Easter Basket Stuffers & Easter Basket Essentials - Fun Activity in Airplane & Cars, Jelly Sticker Books for Toddlers 1-3 2-4",https://www.amazon.com/dp/B0G42VYY6M?th=1,1771545600000,200,美国,艺术
1777254400069,亚马逊,B0GKB4WCYX,https://m.media-amazon.com/images/I/51DlcNIcenL._AC_US200_.jpg,"Toyland® 26"" (66cm) Monster Jam™ Number 3 Foil Balloon - Large Monster Truck Birthday Balloon - Party Decoration, Air or Helium, Self Sealing",https://www.amazon.com/dp/B0GKB4WCYX?th=1,1771545600000,600,美国,派对用品
1777254400069,亚马逊,B0GFDZ2NQ7,https://m.media-amazon.com/images/I/51sX8AS+UDL._AC_US200_.jpg,"Jasonwell Pool Toys Games Set - 3 in 1 Pool Volleyball Net Basketball Hoop Ring Toss Game Inflatable Floats Water Floating Volleyball Swimming Pools Party Game Gift Kids Teens Adults (Blue&Yellow, L)",https://www.amazon.com/dp/B0GFDZ2NQ7?th=1,1771545600000,200,美国,体育
1777254400069,亚马逊,B0FWQZ1XVR,https://m.media-amazon.com/images/I/51J9iboOdFL._AC_US200_.jpg,"Prefilled Easter Eggs,Easter Basket Stuffers - 24 Pack,Fun Plush Bulk Gift Filled Easter for Kids",https://www.amazon.com/dp/B0FWQZ1XVR?th=1,1771545600000,200,美国,Party Supplies
1777254400069,亚马逊,B0GFDYJW79,https://m.media-amazon.com/images/I/41-1wQy4WhL._AC_US200_.jpg,"Magnetic Chess Game, Magnet Game with 20 Larger Black Stones & String, Strategy Magnetic Game for Family, Magnet Board Game Party Favors for Adults",https://www.amazon.com/dp/B0GFDYJW79?th=1,1771545600000,300,美国,游戏
1777254400069,亚马逊,B0GN4ZZMT9,https://m.media-amazon.com/images/I/81CifSiEr3L._AC_US200_.jpg,Itzy Ritzy Bath Steering Wheel (Crab),https://www.amazon.com/dp/B0GN4ZZMT9?th=1,1771545600000,200,美国,婴幼儿
1777254400069,亚马逊,B0GGDHZJM1,https://m.media-amazon.com/images/I/51sXZhi8xnL._AC_US200_.jpg,"National Geographic Incredibly Gross Science Kit – 16 Disgusting Experiments with Bonus Guide, Yucky Slime Chemistry Set, Learning Toy, STEM Project for Boys and Girls, Birthday Gifts for Kids 8-12",https://www.amazon.com/dp/B0GGDHZJM1?th=1,1771545600000,600,美国,学习
1777254400069,亚马逊,B0GLVYWVXW,https://m.media-amazon.com/images/I/41UgolXDfcL._AC_US200_.jpg,"Beatrix Potter Peter Rabbit Plush with Carrot, 13 Inch Soft Stuffed Animal, Classic Peter Rabbit Toy for Babies, Toddlers, and Collectors",https://www.amazon.com/dp/B0GLVYWVXW?th=1,1771545600000,200,美国,填充的动物
1777254400069,亚马逊,B0GGZHV5YK,https://m.media-amazon.com/images/I/51fE3vL0ToL._AC_US200_.jpg,"30PCS 3D Printed Dragon Eggs with Dragon Inside, Mini Animals Party Favors for Kids, Flexible Articulated Crystal Collectibles for Adults Teens Boys, Easter Advent Calendar Easter Basket Stuffers",https://www.amazon.com/dp/B0GGZHV5YK?th=1,1771545600000,300,美国,玩具图
1777254400069,亚马逊,B0G46T9JT7,https://m.media-amazon.com/images/I/81MHqxD1S1L._AC_US200_.jpg,"LQV 200 Pcs Bulk Prefilled Easter Eggs with Toys - Filled Easter Eggs for Kids & Stuffed Easter Eggs For Easter Hunt Party, Basket Stuffers, Classroom Prizes & Party Favors",https://www.amazon.com/dp/B0G46T9JT7?th=1,1771545600000,700,美国,Party Supplies
1777254400069,亚马逊,B0G25QBGP6,https://m.media-amazon.com/images/I/41dNnvTn37L._AC_US200_.jpg,"Wacky Egg: Toss Me While You … | Musical Talking Toy with 50 Funny Challenges for Kids and Family, Fun Game for Boys & Girls, Gift for Indoor/Outdoor",https://www.amazon.com/dp/B0G25QBGP6?th=1,1771545600000,200,美国,填充的动物
1777254400069,亚马逊,B0GM75SH7R,https://m.media-amazon.com/images/I/41-0SaDv1WL._AC_US200_.jpg,"10Pcs Cartoon Figure,Cute Collectable Figure,Creative Gift for Fans",https://www.amazon.com/dp/B0GM75SH7R?th=1,1771545600000,400,美国,玩具图
1777254400069,亚马逊,B0G6WBDRX9,https://m.media-amazon.com/images/I/5178TOuUcbL._AC_US200_.jpg,"Electric Water Gun,Squirt Gun Toy,Automatic Water Gun Blaster Up To 32 FT Long Range,Outdoor Pool Party Shooting Game Toy With 2 Batteries & 2 Water Tanks,Ideal Summer Watergun Gift for Kids & Adults.",https://www.amazon.com/dp/B0G6WBDRX9?th=1,1771545600000,300,美国,体育
1777254400069,亚马逊,B0G5ZQDDK8,https://m.media-amazon.com/images/I/51d5P5bpbTL._AC_US200_.jpg,"4 Pack Water Gun for Kids Adults, Watercolor Squirt Gun with Trigger, Long Range Water Pistol, Super Water Blaster Soaker Toys for Outdoor Play, Pool, Beach, Yard, Summer Party",https://www.amazon.com/dp/B0G5ZQDDK8?th=1,1771545600000,600,美国,体育
1777254400069,亚马逊,B0G4N97CP2,https://m.media-amazon.com/images/I/51gXoIuMecL._AC_US200_.jpg,"6 Pack Water Guns for Kids Adults - 6 Color Squirt Gun with Trigger, Long Range Water Pistol, Super Water Blaster Soaker Toys for Pool, Beach, Yard & Summer Party",https://www.amazon.com/dp/B0G4N97CP2?th=1,1771545600000,500,美国,体育
1777254400069,亚马逊,B0GHTKBRZH,https://m.media-amazon.com/images/I/41cy7eUwDhL._AC_US200_.jpg,"Easter My Realistic Bunny Toy, Hopping Bunny Toy, Interactive Realistic Bunny - Jumping,Twitching and Shaking Ears (Brown)",https://www.amazon.com/dp/B0GHTKBRZH?th=1,1771545600000,200,美国,填充的动物
1777254400069,亚马逊,B0GF1QDHY5,https://m.media-amazon.com/images/I/61JdwOLGVQL._AC_US200_.jpg,"2026 Graduation Decorations, Red and Blue Graduation Decorations, Balloons Boxes (4PCS) with Letters 2026 GRAD So Proud of You, Congrats Grad Decorations for High School & College",https://www.amazon.com/dp/B0GF1QDHY5?th=1,1771545600000,200,美国,派对用品
1777254400069,亚马逊,B0GF7XCSG2,https://m.media-amazon.com/images/I/51VllN9UaYL._AC_US200_.jpg,"6 Pcs Large Easter Eggs Fillable, 6 Inch Colorful Jumbo Plastic Empty Egg Stand Upright for Easter Eggs Hunt Basket Stuffers Fillers Filling Treats Party Favor Classroom Prizes Supplies (Pure)",https://www.amazon.com/dp/B0GF7XCSG2?th=1,1771545600000,400,美国,派对用品
1777254400069,亚马逊,B0GGXDWH1T,https://m.media-amazon.com/images/I/51gCaZZZyeL._AC_US200_.jpg,"24 Pack Prefilled Easter Eggs with Animal Finger Lights, Easter Egg Stuffers for Kids, Glow in the Dark Easter Eggs, Party Favor Toy Gifts for Boy Girl, Classroom Rewards",https://www.amazon.com/dp/B0GGXDWH1T?th=1,1771459200000,200,美国,Party Supplies
1777254400069,亚马逊,B0GMXVCTTZ,https://m.media-amazon.com/images/I/61w960LmsCL._AC_US200_.jpg,Springbok Easter Picnic 500 Piece Jigsaw Puzzle for Adults – Poster Now Included - Spring and Floral – Unique Cut Pieces – Made in USA,https://www.amazon.com/dp/B0GMXVCTTZ?th=1,1771459200000,200,美国,拼图
1777254400069,亚马逊,B0G27MZNRN,https://m.media-amazon.com/images/I/31LTzkCr8RL._AC_US200_.jpg,"Waboba Bounceback Returning Stars and Stripes Hyper Bouncy Balls, Extreme Bounce and Fun, Super High Bouncing Ball for Active Play and Outdoor Games",https://www.amazon.com/dp/B0G27MZNRN?th=1,1771459200000,800,美国,体育
1777254400069,亚马逊,B0GDZFXKJW,https://m.media-amazon.com/images/I/51WwFA6X-2L._AC_US200_.jpg,Prefilled Easter Eggs With Plush Keychains: 12 Pack Cute Toy Monster Keychains For Kids Boys Girls Easter Basket Stuffers Party Favors Classroom Gifts,https://www.amazon.com/dp/B0GDZFXKJW?th=1,1771459200000,400,美国,Party Supplies
1777254400069,亚马逊,B0GCNML1P7,https://m.media-amazon.com/images/I/51hSxg7ZUBL._AC_US200_.jpg,"Skillmatics Board & Card Game – Who Saw What? in 60 Seconds, Memory Game for Kids, Teens & Adults, Fast-Paced Family Game Night Fun, Quick-Thinking Party Game, Gift for Ages 7, 8, 9 & Up",https://www.amazon.com/dp/B0GCNML1P7?th=1,1771459200000,300,美国,游戏
1777254400069,亚马逊,B0GL8H6LVK,https://m.media-amazon.com/images/I/51h5Y6Rb4-L._AC_US200_.jpg,"Skillmatics Pool Toys - Seek & Splash, Search & Find Water Game, Swimming Pool Dive Toy, Summer Activity, Screen-Free Fun & Gifts for Kids Ages 6, 7, 8, 9, 10, 11 & Up, Includes 64 Colorful Gems",https://www.amazon.com/dp/B0GL8H6LVK?th=1,1771459200000,2000,美国,体育
1777254400069,亚马逊,B0GFDWDSQM,https://m.media-amazon.com/images/I/41C2vH319sL._AC_US200_.jpg,"Upgraded Magnetic Chess Game Set with 20 Larger Black Stones & Rope, Exciting Magnet Game for Family Party Travel Camping, Fun Strategy Puzzle Game for Adults",https://www.amazon.com/dp/B0GFDWDSQM?th=1,1771459200000,300,美国,新颖性
1777254400069,亚马逊,B0G27L34BG,https://m.media-amazon.com/images/I/315wVlIgPGL._AC_US200_.jpg,Waboba Metallic Moon Ball - Hyper Bouncy Ball - All Ages Extreme Bounce and Fun - Perfect for Active Play and Outdoor Games,https://www.amazon.com/dp/B0G27L34BG?th=1,1771459200000,400,美国,体育
1777254400069,亚马逊,B0G27P3SHN,https://m.media-amazon.com/images/I/31M25bbhjuL._AC_US200_.jpg,Waboba Metallic Moon Ball - Hyper Bouncy Ball - All Ages Extreme Bounce and Fun - Perfect for Active Play and Outdoor Games,https://www.amazon.com/dp/B0G27P3SHN?th=1,1771459200000,200,美国,体育
1777254400069,亚马逊,B0GD12NJW9,https://m.media-amazon.com/images/I/41zTvlrPPYL._AC_US200_.jpg,Kids Play Tent Rocket Play Tent for Kids Pop-Up Space Ship Tent Soft Breathable Fabric Spaceship Toddler Tent Kids Indoor Tent for Childrens Ages 3-8,https://www.amazon.com/dp/B0GD12NJW9?th=1,1771459200000,200,美国,体育
1777254400069,亚马逊,B0GCMW82FZ,https://m.media-amazon.com/images/I/51U73KRfbqL._AC_US200_.jpg,"Skillmatics Learning Toys – Phonics Sorter, Vowel Sorting & Early Reading Activity for Kids, Educational Preschool & Kindergarten Toy, Builds Phonemic Awareness, Gifts for Boys & Girls Ages 4, 5, 6, 7",https://www.amazon.com/dp/B0GCMW82FZ?th=1,1771459200000,400,美国,婴幼儿
1777254400069,亚马逊,B0GN4D3PLJ,https://m.media-amazon.com/images/I/81YctSWamAL._AC_US200_.jpg,"Candy Land: Strawberry Shortcake, Classic Board Game for Kids & Family, Nostalgic Adventure Color Matching Path, Featuring Iconic Characters and Locations, 2-4 Players, Ages 5+, Officially Licensed",https://www.amazon.com/dp/B0GN4D3PLJ?th=1,1771459200000,200,美国,游戏
1777254400069,亚马逊,B0GBXQMXSC,https://m.media-amazon.com/images/I/41EOM-H1SbL._AC_US200_.jpg,"Grenebo Kids Gardening Set with Wheelbarrow, 11-Piece Outdoor Yard, Beach, STEM Garden Play Kit with Child-Sized Tools, Durable, Safe & Fun Gift Toy for Ages 2+ Kids Toddlers Boys Girls (Pink)",https://www.amazon.com/dp/B0GBXQMXSC?th=1,1771459200000,400,美国,体育
1777254400069,亚马逊,B0G27C6Y34,https://m.media-amazon.com/images/I/61NoqaX4PjL._AC_US200_.jpg,Waboba Moon Ball Stars and Stripes- Hyper Bouncy Ball - All Ages Extreme Bounce and Fun - Perfect for Active Play and Outdoor Games,https://www.amazon.com/dp/B0G27C6Y34?th=1,1771459200000,700,美国,体育
1777254400069,亚马逊,B0GF7MHG8H,https://m.media-amazon.com/images/I/51OY8HDB-EL._AC_US200_.jpg,"Easter Egg Fillers & Basket Stuffer Essentials for Teens Kids - 12Pack Prefilled Easter Eggs Plush Bunny Toys, Treasure Box Toys for Classroom Boys Girls, Egg Hunt Party Supplies, Carnival Prizes",https://www.amazon.com/dp/B0GF7MHG8H?th=1,1771459200000,300,美国,Party Supplies
1777254400069,亚马逊,B0GNVB43CF,https://m.media-amazon.com/images/I/418AYsFlXrL._AC_US200_.jpg,Bicycle Garden Gnome Playing Cards - Cute and Collectible Lawn Gnome Statue Décor Inspired Toys Deck of Card Game for Family Game Night or Easter Basket Stuffers for Spring Gardening Lovers,https://www.amazon.com/dp/B0GNVB43CF?th=1,1771459200000,300,美国,游戏
1777254400069,亚马逊,B0GKLW67D4,https://m.media-amazon.com/images/I/51QF2oV3RLL._AC_US200_.jpg,4PC 3D Printed Dragon Eggs with Wings for Teen Boys Fidget Classroom Treasure Box for Kids Goodie Bag Fillers Winged Dragon Dinosaur Eggs Toy Office Desk Decor for Adult Easter Basket Stuffers Gifts,https://www.amazon.com/dp/B0GKLW67D4?th=1,1771459200000,300,美国,玩具图
1777254400069,亚马逊,B0GKL8PBBB,https://m.media-amazon.com/images/I/51QF2oV3RLL._AC_US200_.jpg,"4PC Large 8.2"" 3D Printed Dragon Eggs for Kids, Fidget Classroom Treasure Prize for Boy Girl Office Desk Decor for Adult Animals Dinosaur with Wings Travel Toys Easter Basket Stuffers Gifts for Teen",https://www.amazon.com/dp/B0GKL8PBBB?th=1,1771459200000,400,美国,玩具图
1777254400069,亚马逊,B0FNT1WNW1,https://m.media-amazon.com/images/I/81tc+5lRySL._AC_US200_.jpg,"Snackles Disney 5-Inch Plush Toy 2 Pack by ZURU – Ultra-Soft Mini Stuffed Animal with Snack Accessory, Collectible Cuddly Plush for Kids, Tweens, and Disney Fans Ages 3+",https://www.amazon.com/dp/B0FNT1WNW1?th=1,1771459200000,400,美国,填充的动物
1777254400069,亚马逊,B0GJ5H3CTM,https://m.media-amazon.com/images/I/51hGTrwo2fL._AC_US200_.jpg,Sensory Fidget Toys For Kids 6 Pack Silicone Worry Stones for Autism & ADHD Calming Down Quiet Figette Classroom Must Have Stress Toys for Anxiety Relief Office Desk Toy Set Easter Basket Stuffer Gift,https://www.amazon.com/dp/B0GJ5H3CTM?th=1,1771459200000,400,美国,Novelty & Gag Toys
1777254400069,亚马逊,B0FS18PTCC,https://m.media-amazon.com/images/I/518F5feCdoL._AC_US200_.jpg,"BUNMO Rainbow Textured Suction Toys – 10 Pack | Bath Toys and Suction Toys | Silicone Kids Bath Toys for Kids Ages 3+ | Bathtub Toys, Shower Toys & Travel | BPA-Free",https://www.amazon.com/dp/B0FS18PTCC?th=1,1771459200000,200,美国,婴幼儿
1777254400069,亚马逊,B0GMLDJ2JC,https://m.media-amazon.com/images/I/51EzF+khxnL._AC_US200_.jpg,Easter Taba Squishy Making Kit for Kids - Squishies Easter Crafts Activities - 6 7 8 9 10 11 12 Year Old Birthday Gift - Craft Kits for Girls Ages 8-12 - Kid Toys for Ages 5-7 - Cool Arts & Crafts,https://www.amazon.com/dp/B0GMLDJ2JC?th=1,1771459200000,2000,美国,Novelty & Gag Toys
1777254400069,亚马逊,B0GP2V5K96,https://m.media-amazon.com/images/I/51eGRclZpJL._AC_US200_.jpg,"Stream Machine TL-600 Water Blaster 2 Pack, Water Gun Squirt Gun Set, Hydrobolic Water Launcher, Shoots Up to 70 Feet, Easy Fill for Pool, Lake, Ocean & Beach, Ages 8+",https://www.amazon.com/dp/B0GP2V5K96?th=1,1771459200000,200,美国,体育
1777254400069,亚马逊,B0GP3N66FR,https://m.media-amazon.com/images/I/610W5Ua5qcL._AC_US200_.jpg,"Yumzo 12 Pack (24pcs) Plastic Eggs, 2.3x1.5 Inch Fillable Empty Shells in Pastel Assorted Colors - Secure Snap Closure Toys for Spring egg hunt, Basket Stuffers & Party Favors,",https://www.amazon.com/dp/B0GP3N66FR?th=1,1771459200000,1000,美国,Party Supplies
1777254400069,亚马逊,B0G6FQ4JYV,https://m.media-amazon.com/images/I/71J3zV7Nu5L._AC_US200_.jpg,"Hopping Bunny Toy, Easter Rabbit Interactive Electronic Pet Plush Bunny Toys with Sounds, Jumping, Twitching Ears - Easter Gifts for Kids (White)",https://www.amazon.com/dp/B0G6FQ4JYV?th=1,1771459200000,400,美国,填充的动物
1777254400069,亚马逊,B0G27FRPN6,https://m.media-amazon.com/images/I/31alhAeCMBL._AC_US200_.jpg,Waboba The Original Moon Ball - Hyper Bouncy Ball – Makes Pop Sound When Bounced - All Ages Extreme Bounce & Fun - Perfect for Active Play & Indoor or Outdoor Games,https://www.amazon.com/dp/B0G27FRPN6?th=1,1771459200000,700,美国,体育
1777254400069,亚马逊,B0G27GBPY2,https://m.media-amazon.com/images/I/31FLoh1mQ8L._AC_US200_.jpg,Waboba The Original Moon Ball - Hyper Bouncy Ball – Makes Pop Sound When Bounced - All Ages Extreme Bounce & Fun - Perfect for Active Play & Indoor or Outdoor Games,https://www.amazon.com/dp/B0G27GBPY2?th=1,1771459200000,400,美国,体育
1777254400069,亚马逊,B0G27DQXR1,https://m.media-amazon.com/images/I/315cPLwkIWL._AC_US200_.jpg,Waboba The Original Moon Ball - Hyper Bouncy Ball – Makes Pop Sound When Bounced - All Ages Extreme Bounce & Fun - Perfect for Active Play & Indoor or Outdoor Games,https://www.amazon.com/dp/B0G27DQXR1?th=1,1771459200000,1000,美国,体育
1777254400069,亚马逊,B0GLXK1DY8,https://m.media-amazon.com/images/I/51voe5wnnPL._AC_US200_.jpg,USA 250th Anniversary Coin 1776-2026 3D America 250 Merchandise for Patriotic Celebration 4th of July Independence Day Gifts for Veterans & History Lover,https://www.amazon.com/dp/B0GLXK1DY8?th=1,1771459200000,600,美国,新颖性
1777254400069,亚马逊,B0GNVG7B74,https://m.media-amazon.com/images/I/41iTCpmtdoL._AC_US200_.jpg,"Bicycle Disney Beauty and the Beast Playing Cards – Premium Belle & Beast Deck, Enchanted Rose Collectible Cards for Classic Games, Magical Disney Gift for Kids & Adults",https://www.amazon.com/dp/B0GNVG7B74?th=1,1771459200000,500,美国,游戏
1777254400069,亚马逊,B0GK4XZ8SN,https://m.media-amazon.com/images/I/51ssy4Mk2tL._AC_US200_.jpg,"ELORION 12” 3D Printed Articulated Fidget Figure in 5” Dragon Egg, Prefilled Egg with Dragon Inside, Easter Basket Stuffer Gift (Purple)",https://www.amazon.com/dp/B0GK4XZ8SN?th=1,1771459200000,200,美国,玩具图
1777254400069,亚马逊,B0GK4ZQ4HD,https://m.media-amazon.com/images/I/71unlFj+TkL._AC_US200_.jpg,"ELORION 12” 3D Printed Articulated Fidget Figure in 5” Dragon Egg, Prefilled Egg with Dragon Inside, Easter Basket Stuffer Gift (Blue)",https://www.amazon.com/dp/B0GK4ZQ4HD?th=1,1771459200000,400,美国,玩具图
1777254401899,亚马逊,B0GK59KDLC,https://m.media-amazon.com/images/I/713b6rrjbtL._AC_US200_.jpg,"ELORION 12” 3D Printed Articulated Fidget Figure in 5” Dragon Egg, Prefilled Egg with Dragon Inside, Easter Basket Stuffer Gift (Rainbow)",https://www.amazon.com/dp/B0GK59KDLC?th=1,1771459200000,300,美国,玩具图
1777254401899,亚马逊,B0GGGY48HQ,https://m.media-amazon.com/images/I/512Vbh27xpL._AC_US200_.jpg,"Tonberless Baby Sensory Montessori Toys for 6-12-18 Months, Toddler Teething Toy Birthday Gift Travel Toys for 1 2 3 Year Old Boy Girl Infant 8 9 10 Months Old",https://www.amazon.com/dp/B0GGGY48HQ?th=1,1771459200000,900,美国,婴幼儿
1777254401899,亚马逊,B0GK9K6DWJ,https://m.media-amazon.com/images/I/51-zO7tLCDL._AC_US200_.jpg,"24 Pack Prefilled Easter Eggs with Axolotl Mochi Squishy Toys, Easter Basket Stuffers, Easter Eggs Filled Mini Squishy Toy, Party Favors for Kids, Easters Gifts, Classroom Exchange",https://www.amazon.com/dp/B0GK9K6DWJ?th=1,1771459200000,1000,美国,Novelty & Gag Toys
1777254401899,亚马逊,B0GCN7VGBF,https://m.media-amazon.com/images/I/5116WZcdvtL._AC_US200_.jpg,"Beach Toys for Kids 35PCS Sand Toys with 3 Collapsible Bucket,3 Dump Truck,Beach Shovel,Sand Castle Building Kit,Ocean Molds,Dinosaur Sand Molds, 2 Mesh Bag,Toddler Beach Essentials for Kids 3-10",https://www.amazon.com/dp/B0GCN7VGBF?th=1,1771459200000,500,美国,运动与户外游戏
1777254401899,亚马逊,B0GHXNCNQF,https://m.media-amazon.com/images/I/71Ri7FQbEAL._AC_US200_.jpg,"24Pack Bunny Mochi Squishy Toy,Bunny Squishies Bulk Fidget Toy Gifts Party Favors,Bunny Squishy Fidget Toys Bundles Squishies for Kids",https://www.amazon.com/dp/B0GHXNCNQF?th=1,1771459200000,2000,美国,Novelty & Gag Toys
1777254401899,亚马逊,B0FQP82VQT,https://m.media-amazon.com/images/I/51h5SHma88L._AC_US200_.jpg,"Skillmatics Inflatable Art Unicorns & Princesses – 3D DIY Craft Kit for Kids, Mess-Free Coloring Set with Crayons & Straws, Gift for Girls & Boys Ages 4, 5, 6, 7",https://www.amazon.com/dp/B0FQP82VQT?th=1,1771459200000,200,美国,艺术
1777254401899,亚马逊,B0G1GZC58F,https://m.media-amazon.com/images/I/51Wr4J7M18L._AC_US200_.jpg,"Easter Eggs Truly Filled 240 Pcs for Egg Hunt, 120 Prefilled Easter Eggs Stuffed with 120 Small Toys, Kids Party Favors Basket Stuffers",https://www.amazon.com/dp/B0G1GZC58F?th=1,1771372800000,400,美国,Party Supplies
1777254401899,亚马逊,B0GL1Z15DQ,https://m.media-amazon.com/images/I/41OTVkQ7x9L._AC_US200_.jpg,FUYIHGL® 2PCS Mahjong Rack with Pusher Storage Bag: 2 Compartments Fits 4 American Mah Jongg Racks Pushers - Blue Soft Velvet Sleeve with Drawstring - Travel Mah Jongg Accessories and Gifts,https://www.amazon.com/dp/B0GL1Z15DQ?th=1,1771372800000,200,美国,游戏
1777254401899,亚马逊,B0GM7K8WNB,https://m.media-amazon.com/images/I/41fnoZonMhL._AC_US200_.jpg,"3Pcs Cartoon Figure,Cute Collectable Figure,Creative Gift for Fans",https://www.amazon.com/dp/B0GM7K8WNB?th=1,1771372800000,300,美国,玩具图
1777254401899,亚马逊,B0FQL4QFLQ,https://m.media-amazon.com/images/I/71F6cn5bsnL._AC_US200_.jpg,"Marvel Legends Series Ghost Avenger Johnny Blaze Collectible Figure with 6"" Scale Motorcycle Comic Inspired",https://www.amazon.com/dp/B0FQL4QFLQ?th=1,1771372800000,200,美国,玩具图
1777254401899,亚马逊,B0G5HLH461,https://m.media-amazon.com/images/I/51vcuPvMqIL._AC_US200_.jpg,"TOAPER 500 PACK Easter Eggs Fillers Toys, Easter Goodie Bag Stuffers Party Favors, Easter Basket Fillers for Kids Boys Girls Classroom Egg Hunt Prizes",https://www.amazon.com/dp/B0G5HLH461?th=1,1771372800000,400,美国,Party Supplies
1777254401899,亚马逊,B0FGY172DT,https://m.media-amazon.com/images/I/81XXLpezIcL._AC_US200_.jpg,"MGA's Miniverse Make It Mini Taco Bell Series 1, Mini Collectibles - Blind Pack, DIY, Resin, Replica Food, Not Edible, Collectors, 8+",https://www.amazon.com/dp/B0FGY172DT?th=1,1771372800000,1000,美国,新颖性
1777254401899,亚马逊,B0GMYK5KMB,https://m.media-amazon.com/images/I/61FrdLuqmpL._AC_US200_.jpg,Hendrick Motorsports Chase Elliott #9 Prime 1:64 Scale Diecast Amazon Store Exclusive Candy Finish,https://www.amazon.com/dp/B0GMYK5KMB?th=1,1771372800000,200,美国,车辆
1777254401899,亚马逊,B0GGTTKWHK,https://m.media-amazon.com/images/I/71NfKhNqj6L._AC_US200_.jpg,Tonies The Secret Garden Audio Toy Figurine,https://www.amazon.com/dp/B0GGTTKWHK?th=1,1771372800000,400,美国,儿童电子产品
1777254401899,亚马逊,B0G3554B58,https://m.media-amazon.com/images/I/41P6OGgwcmL._AC_US200_.jpg,"16 Pack Easter Toys Jumping Popper: Easter Basket Stuffers for Toddlers Kids, Spring Launcher Bulk Easter Egg Fillers, Party Favors Gifts for Classroom Boys Girls",https://www.amazon.com/dp/B0G3554B58?th=1,1771372800000,400,美国,Novelty & Gag Toys
1777254401899,亚马逊,B0G4R6NTF4,https://m.media-amazon.com/images/I/51qe6HTM7vL._AC_US200_.jpg,"Bug Catcher for Kids 3-12, Bug Vacuum Bugs Catching Release Kit, Magnifying Glass Bug Collector Butterfly Net Bugs Grabber Insect Catcher Tweezers, Boys Outside Explorer Toys Birthday Gift",https://www.amazon.com/dp/B0G4R6NTF4?th=1,1771372800000,600,美国,体育
1777254401899,亚马逊,B0GGH1V7ZT,https://m.media-amazon.com/images/I/51xxsZarhtL._AC_US200_.jpg,"Voiiake Easter Egg Fillers & Basket Stuffer Essentials for Teens Kids, 100Pcs Small Toys & Party Favors for Boys Girls, Treasure Box Toys for Classroom, Egg Hunt Party Supplies, Carnival Prizes",https://www.amazon.com/dp/B0GGH1V7ZT?th=1,1771372800000,500,美国,Party Supplies
1777254401899,亚马逊,B0GF29BGWS,https://m.media-amazon.com/images/I/51rV+QhD9pL._AC_US200_.jpg,"12 Pack Colorful Dinosaur Eggs Excavation Kit with Learning Cards - Dino Dig STEM Science Toy for Kids - Easter Basket Stuffers, Party Favors Birthday Gifts Classroom Activities for Boys Girls Age 3+",https://www.amazon.com/dp/B0GF29BGWS?th=1,1771372800000,300,美国,学习
1777254401899,亚马逊,B0GG9CGHX2,https://m.media-amazon.com/images/I/41FAc5yY-aL._AC_US200_.jpg,"Easter Light-Up Dome Cup – Pink Rabbit, Reusable LED Party Drinkware with Glitter Dome Lid",https://www.amazon.com/dp/B0GG9CGHX2?th=1,1771372800000,200,美国,派对用品
1777254401899,亚马逊,B0GDFSGLM4,https://m.media-amazon.com/images/I/414fYR5XMdL._AC_US200_.jpg,"Kids Play Tent Pop Up Play Tent for Kids Playhouse Indoor Outdoor Toddler Tent with Breathable Mesh for Childrens Ages 3-8, Gift Idea for Girls and Boys Birthday Toy House",https://www.amazon.com/dp/B0GDFSGLM4?th=1,1771372800000,200,美国,体育
1777254401899,亚马逊,B0GLX9M37R,https://m.media-amazon.com/images/I/51Ax6oleitL._AC_US200_.jpg,"AhfuLife World Soccer Cup 2026 Hanging Porch Banner for Party Decorations, 2 Pcs World Soccer Cup Themed Hanging Couplet for Porch Door Soccer Party, Sports Events, Bar, Street, Home Decorations",https://www.amazon.com/dp/B0GLX9M37R?th=1,1771372800000,200,美国,Party Supplies
1777254401899,亚马逊,B0G353PF68,https://m.media-amazon.com/images/I/41WnjWYwVqL._AC_US200_.jpg,"Easter Basket Stuffers Egg Fillers for Toddlers Kids, 4 Pack Suction Pop Tube Fidget Easter Toys for Boys Girls, Bunny Rabbit Easter Gifts Party Favors",https://www.amazon.com/dp/B0G353PF68?th=1,1771372800000,600,美国,Novelty & Gag Toys
1777254401899,亚马逊,B0GDD75B2Y,https://m.media-amazon.com/images/I/51MOwTLhQaL._AC_US200_.jpg,"201pcs Shrink Paper Keychain Kit, 24 Blank & 12 Pre-Cut Sheets (75 Patterns) Crafts Kits for Kids Adults, Shrinking Art Activity Set with Hole Punch & Keychain Jewelry Accessories for DIY Crafts",https://www.amazon.com/dp/B0GDD75B2Y?th=1,1771372800000,500,美国,艺术
1777254401899,亚马逊,B0GCT24S8P,https://m.media-amazon.com/images/I/51orRg0buZL._AC_US200_.jpg,"6Pcs 3D Printed Easter Eggs with Bunny Inside, 3.26in 3D Printed Animals Easter Rabbit Decor, Articulated Flexible Fidget Toys for Kids, Surprise Bunny Egg Easter Basket Stuffers",https://www.amazon.com/dp/B0GCT24S8P?th=1,1771372800000,200,美国,玩具图
1777254401899,亚马逊,B0GNQCL2XS,https://m.media-amazon.com/images/I/91kD9oJDnUL._AC_US200_.jpg,Disney Cars 2026 Color Changers Dinoco Lightning McQueen,https://www.amazon.com/dp/B0GNQCL2XS?th=1,1771372800000,300,美国,车辆
1777254401899,亚马逊,B0GGH1QNK3,https://m.media-amazon.com/images/I/51MnjXSNNgL._AC_US200_.jpg,Holydeck 24 Pcs Cute Plush Keychains Toys Keychain Decoration Stuffed Toy Bulk Great for Kids Boys Girls Party Favors Classroom Prizes Birthday Goodie Bags Pinata Toys(General),https://www.amazon.com/dp/B0GGH1QNK3?th=1,1771372800000,400,美国,Party Supplies
1777254401899,亚马逊,B0GHXTZL1S,https://m.media-amazon.com/images/I/51dnxO3Q0XL._AC_US200_.jpg,"36 PCS Mini Building Blocks Party Favors Set, Goodie Bag Stuffers Building Blocks for Kids 4-8, Small Animal Building Kit",https://www.amazon.com/dp/B0GHXTZL1S?th=1,1771372800000,400,美国,建筑玩具
1777254401899,亚马逊,B0G8ZHSGD3,https://m.media-amazon.com/images/I/51SZaSUkEaL._AC_US200_.jpg,"Easter Egg Fillers for Teens & Adults – 12-Pack Colorful Easter Squishies Egg Stuffers for Easter Baskets, Egg Hunts Gifts & Party Favor",https://www.amazon.com/dp/B0G8ZHSGD3?th=1,1771372800000,400,美国,Novelty & Gag Toys
1777254401899,亚马逊,B0GJZ2ZWT5,https://m.media-amazon.com/images/I/419pnDFK9aL._AC_US200_.jpg,Celltestria 36Pcs Mini 3D Printed Animals for Kids Little 3D Printed Toys for Party Favors Gifts Exchange 3D Printed Figurines for Classroom Prize Rewards Goodie Bags,https://www.amazon.com/dp/B0GJZ2ZWT5?th=1,1771372800000,400,美国,玩具图
1777254401899,亚马逊,B0GHND38P6,https://m.media-amazon.com/images/I/51QnkKru3ML._AC_US200_.jpg,"3D Printed Animals Blind Box, Funny Articulated Figurines Fidget Toys, Dragon Egg Surprise with 15 Random Mini Animals (No Duplicates), Cute Desk Toy, Party Favors & Gifts for Kids",https://www.amazon.com/dp/B0GHND38P6?th=1,1771372800000,200,美国,玩具图
1777254401899,亚马逊,B0FLL78WPQ,https://m.media-amazon.com/images/I/41O54Hm2hNL._AC_US200_.jpg,Jazwares Hello Kitty® and Friends - 8-Inch Kuromi™ Pastel Florals Plush - Officially Licensed Sanrio® Product from Ages 6+,https://www.amazon.com/dp/B0FLL78WPQ?th=1,1771372800000,500,美国,填充的动物
1777254401899,亚马逊,B0FJY9DSLK,https://m.media-amazon.com/images/I/81-QsQtLnhL._AC_US200_.jpg,"The Super Mario Galaxy Movie – Luma Star Yo-Yo 3-Pack Bundle - Assortment Includes Three Luma, Blue, Green, and Yellow - Each has a Glow-in-The-Dark Feature!",https://www.amazon.com/dp/B0FJY9DSLK?th=1,1771372800000,500,美国,体育
1777254401899,亚马逊,B0GJ5CQC6W,https://m.media-amazon.com/images/I/81pg6qaOVLL._AC_US200_.jpg,"Easter Gifts for Kids, 120Pcs Water Coloring Books & 320Pcs Temporary Tattoos Bulk with Goodie Bag for Easter Basket Stuffers Party Favors Classroom Prize School Activities Crafts Party Supplies",https://www.amazon.com/dp/B0GJ5CQC6W?th=1,1771372800000,500,美国,Party Supplies
1777254401899,亚马逊,B0GDY1TVGW,https://m.media-amazon.com/images/I/81J8sAuVjjL._AC_US200_.jpg,"Couples Anniversary or Birthday Gift for Women - Tiny Potato W/ 30 Cute & Romantic Cards | Birthday Gifts for Girlfriend, Wife | Gift for Anniversary, Mother's Day Present Idea for Wife",https://www.amazon.com/dp/B0GDY1TVGW?th=1,1771372800000,300,美国,填充的动物
1777254401899,亚马逊,B0GF27SR9Z,https://m.media-amazon.com/images/I/51Wll+yGODL._AC_US200_.jpg,"3D Printed Dragon Egg with Articulated Dragon Inside, 4.93in Dragon Toy, Crystal Dragon Fidget Toy, Easter Basket Stuffers",https://www.amazon.com/dp/B0GF27SR9Z?th=1,1771372800000,200,美国,新颖性
1777254401899,亚马逊,B0GF25JLFJ,https://m.media-amazon.com/images/I/81ajRD1QyrL._AC_US200_.jpg,"3D Printed Bunny Egg with Articulated Rabbit Inside, Easter Egg Surprise, Bunny Fidget Toy, Easter Basket Filler, Spring Gift for Kids",https://www.amazon.com/dp/B0GF25JLFJ?th=1,1771372800000,400,美国,新颖性
1777254401899,亚马逊,B0GN4624WT,https://m.media-amazon.com/images/I/91c-Ew6iPJL._AC_US200_.jpg,Ceaco - Disney – Thomas Kinkade - Mickey and Minnie Pumpkin Festival – 1000 Piece Jigsaw Puzzle  Challenging and Colorful Puzzle for Adults – Precision-Cut Pieces,https://www.amazon.com/dp/B0GN4624WT?th=1,1771372800000,300,美国,拼图
1777254401899,亚马逊,B0GNLCPZZ9,https://m.media-amazon.com/images/I/714nplxWGHL._AC_US200_.jpg,Yu-Gi-Oh! CCG: Legendary Modern 2026 Decks Box Set,https://www.amazon.com/dp/B0GNLCPZZ9?th=1,1771372800000,800,美国,游戏
1777254401899,亚马逊,B0GGWVDFS9,https://m.media-amazon.com/images/I/61ytITOi-oL._AC_US200_.jpg,"6 Sets Reusable Sticker Book for Toddlers 3-6, Jelly Sticker Books for Toddler, Travel Sticker Activity Toys for Kids 3 4 5 6 Years Old Girls & Boys",https://www.amazon.com/dp/B0GGWVDFS9?th=1,1771372800000,200,美国,艺术
1777254401899,亚马逊,B0GJRSCRTQ,https://m.media-amazon.com/images/I/61Mg-Hl17+L._AC_US200_.jpg,"Safari Jungle Party Coloring Poster, 31.5x72"" - Ideal as Safari Birthday Decorations, Kids' Coloring Table Cloth, Jungle Tablecloth for School Party & Special Events",https://www.amazon.com/dp/B0GJRSCRTQ?th=1,1771286400000,300,美国,派对用品
1777254401899,亚马逊,B0G6YRR6M4,https://m.media-amazon.com/images/I/51k8-TXu2mL._AC_US200_.jpg,500 Piece Jigsaw Puzzle for Adults Mediterranean Coastal Village Colorful Town Oil Painting Style Finished Size 20.5 x 15 Inches,https://www.amazon.com/dp/B0G6YRR6M4?th=1,1771286400000,200,美国,拼图
1777254401899,亚马逊,B0GCHVML19,https://m.media-amazon.com/images/I/51ngX93WRvL._AC_US200_.jpg,"Pre-Filled Easter Eggs with Bunny Squishies, 12 Count Filled Easter Eggs for Easter Basket Stuffers, Non-Candy Basket Fillers, Easter Gifts",https://www.amazon.com/dp/B0GCHVML19?th=1,1771286400000,500,美国,Novelty & Gag Toys
1777254401899,亚马逊,B0GCJDDNP5,https://m.media-amazon.com/images/I/51sSB7q+IbL._AC_US200_.jpg,"24-Pack Easter Egg Fillers, Bunny Squishy Squeeze Toys for Teens & Adults, Easter Basket Stuffers Essentials Gifts– Fits Standard Eggs",https://www.amazon.com/dp/B0GCJDDNP5?th=1,1771286400000,700,美国,Novelty & Gag Toys
1777254401899,亚马逊,B0GBDRTWTL,https://m.media-amazon.com/images/I/51tAdb0AvtL._AC_US200_.jpg,168PCS Easter Party Supplies Watercolor Bunny Carrot Pastel Design Party Decorations Easter Paper Plates Napkins Cups and Forks for Brunch Egg Hunt Spring Holiday Celebrations Serves 24,https://www.amazon.com/dp/B0GBDRTWTL?th=1,1771286400000,300,美国,派对用品
1777254401899,亚马逊,B0GG7QCPRH,https://m.media-amazon.com/images/I/51eKxsDwZdL._AC_US200_.jpg,"24pcs Prefilled Easter Eggs with Italian Brainrot Toys, Easter Basket Stuffers for Easter Eggs with Italian Brainrot Toys Inside, Easter Eggs Hunts Party Favors Surprise Eggs",https://www.amazon.com/dp/B0GG7QCPRH?th=1,1771286400000,400,美国,Party Supplies
1777254401899,亚马逊,B0GC5SY15Z,https://m.media-amazon.com/images/I/61yrfOnYUxL._AC_US200_.jpg,"134 PCS Easter Egg Fillers,Easter Party Favors for Kids, Easter Basket Stuffers for Boys Girls, Easter Gifts Small Fidget Toys Easter Egg Hunt Goodie Bags Filler Filling Treats Classroom Prizes",https://www.amazon.com/dp/B0GC5SY15Z?th=1,1771286400000,500,美国,Party Supplies
1777254401899,亚马逊,B0FJG7ZT2C,https://m.media-amazon.com/images/I/712Ug2WX0GL._AC_US200_.jpg,Squishmallows Original Micromallows Plush 10-Pack,https://www.amazon.com/dp/B0FJG7ZT2C?th=1,1771286400000,700,美国,填充的动物
1777254401899,亚马逊,B0FJYCYWWT,https://m.media-amazon.com/images/I/610AR5EVxFL._AC_US200_.jpg,"Super Mario 4"" Figures Nabbit with Bag",https://www.amazon.com/dp/B0FJYCYWWT?th=1,1771286400000,200,美国,玩具图
1777254401899,亚马逊,B0GGQX9SQ9,https://m.media-amazon.com/images/I/41KVv+raaoL._AC_US200_.jpg,"Light Up Bath Toys for Kids Ages 1-3, Pool Toys for 1 2 3 Year Old Girl Boy, Water Activated Bath Toys for Toddlers 3-5, Glowing Bathtub Toys for Baby Boy & Girl Gifts, 6 Pack",https://www.amazon.com/dp/B0GGQX9SQ9?th=1,1771286400000,300,美国,婴幼儿
1777254401899,亚马逊,B0GH1HXTKW,https://m.media-amazon.com/images/I/51NZVZ1iD7L._AC_US200_.jpg,"24 Pack Easter Eggs Filled with Italian Brainrot Toys, Easter Basket Stuffers for Toddlers Kids Children Teens, Easter Egg Fillers for Kids Boys Girls, Easter Eggs Hunt Game, Classroom Prize Supplies",https://www.amazon.com/dp/B0GH1HXTKW?th=1,1771286400000,700,美国,Party Supplies
1777254401899,亚马逊,B0GGZ3MD84,https://m.media-amazon.com/images/I/51TnpJ8xWUL._AC_US200_.jpg,"8 Pack Prefilled Easter Eggs with 3D Printed Animals Inside, Articulated Fidget Toys for Kids & Adult, Flexible Dragon, Easter Egg Stuffers for Basket Fillers, Egg Hunt, Party Favor, Classroom Prizes",https://www.amazon.com/dp/B0GGZ3MD84?th=1,1771286400000,500,美国,玩具图
1777254401899,亚马逊,B0GLPKK8ZF,https://m.media-amazon.com/images/I/518oDWcmt0L._AC_US200_.jpg,"anime Birthday Party Supplies , 9Pcs Honeycomb Centerpieces for Toy animen Decorations, Double Sided Table Decorations Centerpieces Party.",https://www.amazon.com/dp/B0GLPKK8ZF?th=1,1771286400000,1000,美国,派对用品
1777254401899,亚马逊,B0G6T4BHV1,https://m.media-amazon.com/images/I/51akY4tSP8L._AC_US200_.jpg,168PCS Easter Party Supplies Easter Egg Party Decorations with Pink Plaid Bunny Paper Plates and Napkins Cups for Spring Themed Easter Birthday Party Serves 24,https://www.amazon.com/dp/B0G6T4BHV1?th=1,1771286400000,300,美国,派对用品
1777254401899,亚马逊,B0FX8ZLRRZ,https://m.media-amazon.com/images/I/51bhOghVowL._AC_US200_.jpg,"18Pcs Easter Egg Fillers Bunny Squishies, Easter Egg Stuffers for Teens Adults, Easter Squishy Squeeze Toys Bulk for Classroom Prizes",https://www.amazon.com/dp/B0FX8ZLRRZ?th=1,1771286400000,600,美国,Novelty & Gag Toys
1777254401899,亚马逊,B0GBTXC618,https://m.media-amazon.com/images/I/51c7YSrGQTL._AC_US200_.jpg,"Prefilled Easter Eggs for Kids Toddlers - 12PCS Plastic Eeaster Egg with Pull Back Car Toys - Pre Filled Easter Eggs Bulk with Cartoon Animal Vehicles for Kids Egg Hunts, Basket Stuffers, Party Favor",https://www.amazon.com/dp/B0GBTXC618?th=1,1771286400000,200,美国,Party Supplies
1777254401899,亚马逊,B0FSDCKYC8,https://m.media-amazon.com/images/I/41sEZVb1udL._AC_US200_.jpg,"12 Pcs White Wooden Eggs, Unpainted Fake Wooden Easter Egg for Kids DIY Crafts Paint Your Own Egg Decor, Easter Eggs Hunt, Basket Stuffers",https://www.amazon.com/dp/B0FSDCKYC8?th=1,1771286400000,200,美国,扮靓
1777254401899,亚马逊,B0FX8Z5HCK,https://m.media-amazon.com/images/I/51q5+2uN5oL._AC_US200_.jpg,"Easter Egg Fillers, 24Pcs Bunny Easter Squishies Mini Squeeze Toys, Non-Candy Easter Egg Basket Stuffers Party Favors Bulk for Teens Adults",https://www.amazon.com/dp/B0FX8Z5HCK?th=1,1771286400000,500,美国,Novelty & Gag Toys
1777254401899,亚马逊,B0GHS1QYX2,https://m.media-amazon.com/images/I/71DeAOr0C5L._AC_US200_.jpg,"24PCS Steal a Brainrot Figure Set – Italian Brainrot Character Display Collection, Brainrot Figure Desk Decor, Steal a Brainrot Gifts for Fans",https://www.amazon.com/dp/B0GHS1QYX2?th=1,1771286400000,200,美国,玩具图
1777254401899,亚马逊,B0FKC1W33Q,https://m.media-amazon.com/images/I/718kzwgX6mL._AC_US200_.jpg,Squishmallows Day 2026 Amazon Exclusive - 12in Adelheid The Pink Dragon – Official Jazwares Plush (Medium-Sized),https://www.amazon.com/dp/B0FKC1W33Q?th=1,1771286400000,200,美国,填充的动物
1777254401899,亚马逊,B0FZTKMRGB,https://m.media-amazon.com/images/I/71gAVBBj1gL._AC_US200_.jpg,WorldBazaar Earth Day Stickers 500 Pcs Save the Earth Stickers for Kids Water Bottle Envelopes Classroom Decoration Recycle Environmental Protection Labels,https://www.amazon.com/dp/B0FZTKMRGB?th=1,1771286400000,200,美国,艺术
1777254401899,亚马逊,B0D2LWMBB8,https://m.media-amazon.com/images/I/51-kRzmHAiL._AC_US200_.jpg,Premium Lotería Mexican Bingo Game Set - Complete with 100 Bingo Chips for 10 Players - Authentic Lotería de Lujo Mexicana - Colorful Loteria Cards (10 Players + 100 Chips),https://www.amazon.com/dp/B0D2LWMBB8?th=1,1771286400000,200,美国,游戏和配件
1777254401899,亚马逊,B0DNNY3255,https://m.media-amazon.com/images/I/7125Q2Hg39L._AC_US200_.jpg,"Trash Monsters - Card Game, Easy Number Sequencing Game with Fun Monsters | Ages 3 and up | Kids & Family Nights | Simple to Learn",https://www.amazon.com/dp/B0DNNY3255?th=1,1771286400000,600,美国,游戏
1777254401899,亚马逊,B0GL23YJS1,https://m.media-amazon.com/images/I/61BK4tg5QqL._AC_US200_.jpg,"Snow Birthday Party Supplies Decorations, Including Backdrop Birthday Banner Balloons Tablecloth Hanging Swirls Cake Toppers for Snow Party",https://www.amazon.com/dp/B0GL23YJS1?th=1,1771286400000,200,美国,派对用品
1777254401899,亚马逊,B0G6K8L1MT,https://m.media-amazon.com/images/I/51KsOyJZs9L._AC_US200_.jpg,"Dinosaur Toys for Kids 3-5, 8 Pcs Dinosaur Monster Truck Pull Back Cars, Friction Powered Dino Toy Vehicles with Gift Box, Mini Dinosaur Racing Cars for Toddlers 3-5, Party Favors, Birthday Gifts",https://www.amazon.com/dp/B0G6K8L1MT?th=1,1771286400000,200,美国,车辆
1777254401899,亚马逊,B0G9LY8J6N,https://m.media-amazon.com/images/I/91pt90lxaYL._AC_US200_.jpg,"Easter Basket Stuffers for Kids,Easter Egg Fillers, Cute Bunny Toys Easter Gifts for Kids, Party Favors Classroom Exchange, Easter Decorations (24PCS)",https://www.amazon.com/dp/B0G9LY8J6N?th=1,1771286400000,900,美国,玩具图
1777254401899,亚马逊,B0GGQQCJ64,https://m.media-amazon.com/images/I/518Id+zFnwL._AC_US200_.jpg,"Meaicezli Pool Toys Diving Gems, 54 Pcs Search and Find Pool Games, Diving Toys with Dive Gems, Acrylic Numbers, Scavenger Hunt Game Cards & Mesh Bag, Fun Summer Water Party Favors for Kids 4-12",https://www.amazon.com/dp/B0GGQQCJ64?th=1,1771286400000,300,美国,体育
1777254401899,亚马逊,B0GDCX74KL,https://m.media-amazon.com/images/I/51WGswK9JRL._AC_US200_.jpg,"LED Drawing Board for Girls, USB-C 10"" 7 Colors DIY Doodle Glow Tablet, 7 Pens, 10 Tracing Sheets - Unicorn Girls Toys Age 3+ Gift, Birthday Gifts for Girl 4 5 6 7 8 9 Year Old, Light Up Pad Art Kit",https://www.amazon.com/dp/B0GDCX74KL?th=1,1771286400000,600,美国,艺术
1777254401899,亚马逊,B0GL1ZKK42,https://m.media-amazon.com/images/I/41twMruhr1L._AC_US200_.jpg,"ORB Easy Sqweezy Pets Giant Stretchy Dog - Stretches Up to 5 Feet Long - Huge Jumbo Sized Yellow Squishy Toy Puppy, Stretch and Squeeze for Stress Relief - Fun Sensory Fidget Toy for Kids and Adults",https://www.amazon.com/dp/B0GL1ZKK42?th=1,1771286400000,1000,美国,Novelty & Gag Toys
1777254401899,亚马逊,B0G3PCSSN4,https://m.media-amazon.com/images/I/71MX5HPLvHL._AC_US200_.jpg,Ceiba Tree 500pcs Flower Stickers Watercolor Spring Floral Roll Sticker for Envelopes Cards Party Supply Classroom Decoration,https://www.amazon.com/dp/B0G3PCSSN4?th=1,1771286400000,200,美国,艺术
1777254401899,亚马逊,B0FLKN8DPH,https://m.media-amazon.com/images/I/710kamxQe8L._AC_US200_.jpg,Jazwares Hello Kitty® and Friends - 8-Inch My Melody™ Pastel Florals Plush - Officially Licensed Sanrio® Product from Ages 6+,https://www.amazon.com/dp/B0FLKN8DPH?th=1,1771286400000,300,美国,填充的动物
1777254401899,亚马逊,B0GG6BHQPT,https://m.media-amazon.com/images/I/51tgn8fGFML._AC_US200_.jpg,"26 Pack Easter Eggs Filled with Animal Alphabet Matching Toys Easter Gifts,Alphabet Matching Toys for Kids Boys Girls, Easter Egg Fillers, Easter Basket Essentials Stuffers Filler and Party Favors",https://www.amazon.com/dp/B0GG6BHQPT?th=1,1771286400000,200,美国,Party Supplies
1777254401899,亚马逊,B0GH7FMQJ8,https://m.media-amazon.com/images/I/51Jwi2kEC9L._AC_US200_.jpg,"VivaNova 4 Pack 3D Printed Easter Dragon Eggs, Prefilled Easter Eggs with Articulated Mini Dragons Inside, Easter Basket Stuffers, Easter Egg Fillers, Dragon Fidget Toys, Classroom Exchange Gifts",https://www.amazon.com/dp/B0GH7FMQJ8?th=1,1771286400000,700,美国,玩具图
1777254401899,亚马逊,B0FK5R64ZF,https://m.media-amazon.com/images/I/41abQdhytVL._AC_US200_.jpg,Squishmallows Original 12in Marvel Miles Morales Plush (Medium-Sized),https://www.amazon.com/dp/B0FK5R64ZF?th=1,1771286400000,200,美国,填充的动物
1777254401899,亚马逊,B0GD744N5L,https://m.media-amazon.com/images/I/51hmTH+erCL._AC_US200_.jpg,"VGOFUN Diving Gems Pool Toys,10 Pcs Colorful Diamond with Treasure Chest Pirate Box Kids Swim Toys Acrylic Underwater Gemstone for Boys Girls Bath Toys Swimming Training Gift Water Pool Games",https://www.amazon.com/dp/B0GD744N5L?th=1,1771286400000,300,美国,体育
1777254401899,亚马逊,B0GNP7HFKY,https://m.media-amazon.com/images/I/81dWExOWqsL._AC_US200_.jpg,"Jada Toys Street Fighter II Balrog Action Figure 1:12 Deluxe Scale 6"" Tall, Fully Articulated, Collector Packaging",https://www.amazon.com/dp/B0GNP7HFKY?th=1,1771286400000,700,美国,玩具图
1777254401899,亚马逊,B0G8DYT9FS,https://m.media-amazon.com/images/I/51lBd1aCtoL._AC_US200_.jpg,"36PCS Filled Easter Eggs Set, Prefilled Plastic Eggs with Mini Character Figures, Large Medium Small Mix, Party Supplies, Basket Stuffers, Event Favors, Seasonal Gifts",https://www.amazon.com/dp/B0G8DYT9FS?th=1,1771200000000,500,美国,Novelty & Gag Toys
1777254401899,亚马逊,B0G6YP9FWP,https://m.media-amazon.com/images/I/51PrizOdUFL._AC_US200_.jpg,"Seifar 24 Pack Easter Eggs Prefilled Egg Set, Plastic Eggs Filled with Flashing Puffer Balls, Easter Hunt Basket Stuffers with Stress Relief Fidget Toys Squeeze Ball for Egg Hunt Party Favor",https://www.amazon.com/dp/B0G6YP9FWP?th=1,1771200000000,200,美国,Novelty & Gag Toys
1777254401899,亚马逊,B0GNJV1W39,https://m.media-amazon.com/images/I/61li6sGo2SL._AC_US200_.jpg,"LEGO Creator Duck Family Building Set – 262-Piece Animal Toy with Posable Mother Duck & 3 Ducklings, Cute Play & Display Model, Gift for Kids – 40885",https://www.amazon.com/dp/B0GNJV1W39?th=1,1771200000000,200,美国,建筑玩具
1777254401899,亚马逊,B0GCJBSR71,https://m.media-amazon.com/images/I/514WpeJ2mCL._AC_US200_.jpg,"Prefilled Easter Eggs with Toys, 12 Pcs Pre Filled Easter Eggs with Bunny Squishy, Easter Egg Fillers Basket Stuffers for Teens Adults, Gifts Party Favors",https://www.amazon.com/dp/B0GCJBSR71?th=1,1771200000000,500,美国,Novelty & Gag Toys
1777254401899,亚马逊,B0G6TGT25L,https://m.media-amazon.com/images/I/51ijSOe0QJL._AC_US200_.jpg,"6 Pack Prefilled Easter Eggs with Toys Inside, Cute Mini Animals Building Blocks for Easter Basket Stuffers Essential, Easter Egg Fillers Gift for Kids Age 6-12+",https://www.amazon.com/dp/B0G6TGT25L?th=1,1771200000000,1000,美国,建筑玩具
1777254401899,亚马逊,B0GH4S17WF,https://m.media-amazon.com/images/I/510VHNi9VBL._AC_US200_.jpg,"24 Pcs Spide Stampers - Perfect Spide Birthday Party Supplies, Goody Bag Fillers & Party Favors.",https://www.amazon.com/dp/B0GH4S17WF?th=1,1771200000000,200,美国,艺术
1777254401899,亚马逊,B0GDTBJXD2,https://m.media-amazon.com/images/I/51UzYOIEiqL._AC_US200_.jpg,"QISHOUTING 6 Packs Mini Flower Shops Building Set, 1165PCS-Party Favors for Kids, Creative Botanical Collection Garden Playset Micro Building Toy, Home Decor and Office Art Gift Women, Mom, Girls",https://www.amazon.com/dp/B0GDTBJXD2?th=1,1771200000000,200,美国,建筑玩具
1777254401899,亚马逊,B0GDFGLYNY,https://m.media-amazon.com/images/I/41rS1WulDwL._AC_US200_.jpg,"Electric Water Gun, Ultimate Battle Blaster Water Guns with Dual Nozzles High Capacity Automatic Squirt Guns Summer Outdoor Beach Swimming Pool Party Toy for Adult Kids",https://www.amazon.com/dp/B0GDFGLYNY?th=1,1771200000000,800,美国,体育
1777254401899,亚马逊,B0GKYDWLYY,https://m.media-amazon.com/images/I/51Ri0LqmQHL._AC_US200_.jpg,"Water Guns for Adults, Strongest Shooter Water Pistol Automatic Electric Water Gun High Pressure Powerful Water Squirt Gun, 26FT Long Range Water Gun Pistol Watergun Toy for Summer",https://www.amazon.com/dp/B0GKYDWLYY?th=1,1771200000000,200,美国,体育
1777254401899,亚马逊,B0GLNG512Y,https://m.media-amazon.com/images/I/610paL3RKML._AC_US200_.jpg,"110Pcs Stupid Canadian Wolf Bird Stickers Funny Heated Hockey Romance Books Sticker Aesthetics Rivalry Decal Waterproof Vinyl for Laptop, Water Bottle, Skateboard, Scrapbooking, Party Favors",https://www.amazon.com/dp/B0GLNG512Y?th=1,1771200000000,200,美国,艺术
1777254401899,亚马逊,B0GD8B97KN,https://m.media-amazon.com/images/I/41SNk6uQiaL._AC_US200_.jpg,Realistic Bunny Toy - Interactive Plush Rabbit with Sounds and Movements Animated Walking Wiggle Ears Twitch Nose - Easter Gift for Kids (Brown+White),https://www.amazon.com/dp/B0GD8B97KN?th=1,1771200000000,2000,美国,填充的动物
1777254401899,亚马逊,B0GC6Y9CGR,https://m.media-amazon.com/images/I/61RwkkIuSBL._AC_US200_.jpg,"134 Pack Easter Egg Fillers, Easter Basket Stuffers for Kids Boys Girls, Easter Party Favors Assorted Toys, Easter Egg Hunt, Easter Gift Goody Bags Stuffers Filling Treats Classroom Prizes Rewards",https://www.amazon.com/dp/B0GC6Y9CGR?th=1,1771200000000,200,美国,Party Supplies
1777254401899,亚马逊,B0G3W3CYS9,https://m.media-amazon.com/images/I/41XEG3UHpsL._AC_US200_.jpg,"WISYOK 20pcs Shrinky Film, Shrink Plastic Sheets for Kids Crafts, School Activities, Jewelry Making, DIY Decorations, 8.2X11.6inch",https://www.amazon.com/dp/B0G3W3CYS9?th=1,1771200000000,900,美国,艺术
1777254401899,亚马逊,B0GF86VLTG,https://m.media-amazon.com/images/I/51rvnCqQcnL._AC_US200_.jpg,"Kids Water Guns 4 Pack – Small Squirt Guns for Boys & Girls, Mini Water Blaster Toys for Toddlers, Summer Pool Beach Outdoor Water Play (Blue+Pink+Green+Orange)",https://www.amazon.com/dp/B0GF86VLTG?th=1,1771200000000,200,美国,体育
1777254401899,亚马逊,B0FKH1HRCL,https://m.media-amazon.com/images/I/415GgHyKEcL._SS200_.jpg,"TYRY.HU Baby Rattles Toy, Plush Lion Rattle, Stuffed Animal Hand Rattles,Infant Grab Shake Rattle, Crinkle & Squeaker,Soft Sensory Toy with Sound for Babies 0-6 6-12 Months, Lion",https://www.amazon.com/dp/B0FKH1HRCL?th=1,1771200000000,200,美国,婴幼儿
1777254401899,亚马逊,B0CQXL8FD9,https://m.media-amazon.com/images/I/51kR7hVNtXL._AC_US200_.jpg,"12 Pack Wooden Musical Eggs Shakers Maracas for Baby Kids Percussion Instrument Early Learning Toys, Easter Stocking Stuffers",https://www.amazon.com/dp/B0CQXL8FD9?th=1,1771200000000,300,美国,学习
1777254401899,亚马逊,B0GKPB7XM8,https://m.media-amazon.com/images/I/51bWziIN+SL._AC_US200_.jpg,"24 Sheets Easter Stickers for Kids Toddlers, Eggs Themed Stickers Crafts for Basket Stuffers & Egg Fillers, Kids Party Favor Supplies Games Activities Easter Classroom Gifts Decorations for Girl Boy",https://www.amazon.com/dp/B0GKPB7XM8?th=1,1771200000000,300,美国,艺术
1777254401899,亚马逊,B0GJZTHJQ5,https://m.media-amazon.com/images/I/51twwTFWa-L._AC_US200_.jpg,"PoKraft Magical Princesses Poke Art, Paper Craft Kit with Gift Bag, Mess-Free Fun for Kids 3-9, Colorful DIY Activity Toys Games, Perfect Birthday Gifts for Girls, Builds Fine Motor Skills",https://www.amazon.com/dp/B0GJZTHJQ5?th=1,1771200000000,200,美国,艺术
1777254401899,亚马逊,B0G2L3FNXV,https://m.media-amazon.com/images/I/51mQgr-OxtL._AC_US200_.jpg,"Skirfy 30 PCS Easter Egg for Girls, Toddlers Jewelry Toys Age 3-5,Hair Ties,Hair Bands,Hair Clip,Play Princess Toys for Dress Up,Easter Egg Classroom Peizes Birthday Gift",https://www.amazon.com/dp/B0G2L3FNXV?th=1,1771113600000,200,美国,Party Supplies
1777254401899,亚马逊,B0GMY5YJ76,https://m.media-amazon.com/images/I/71KCYXPlEiL._AC_US200_.jpg,Unique Minecraft Party Favors and Decorations - Minecraft Masks for Birthday Party - Officially Licensed,https://www.amazon.com/dp/B0GMY5YJ76?th=1,1771113600000,200,美国,派对用品
1777254401899,亚马逊,B0GC4T4C14,https://m.media-amazon.com/images/I/61fM+MoDL2L._AC_US200_.jpg,"Easter Reusable Water Coloring Book for Toddlers, 24 Pack Water Doodle Books Party Favors for Kids, Mess Free Water Painting Magic Paint Book, Easter Basket Stuffers, Educational Learning Gifts Toys",https://www.amazon.com/dp/B0GC4T4C14?th=1,1771113600000,200,美国,Party Supplies
1777254401899,亚马逊,B0GF6J5B98,https://m.media-amazon.com/images/I/51aL2OE1etL._AC_US200_.jpg,Labrostar 24Pack Easter Eggs Fillers with Easter Bunny Plush Inside Prefilled Easter Eggs for Easter Eggs Hunt Easter Bunny Mini Stuffed Animal for Easter Basket Stuffers Classroom Prize Supplies,https://www.amazon.com/dp/B0GF6J5B98?th=1,1771113600000,700,美国,Party Supplies
1777254401899,亚马逊,B0GCJSTLW7,https://m.media-amazon.com/images/I/81wTFjhbOLL._AC_US200_.jpg,"Rabbit Jigsaw Puzzles for Kids Ages 4-8,100 Piece Magical Forest Bunny Puzzle with Colorful Easter Eggs&Butterflies, Learning Educational Puzzles Birthday Gifts for Girls Boys Ages 4-6-8-10",https://www.amazon.com/dp/B0GCJSTLW7?th=1,1771113600000,200,美国,拼图
1777254401899,亚马逊,B0GJNH3FDX,https://m.media-amazon.com/images/I/51yjYBRsJgL._AC_US200_.jpg,"25pcs Q-L Birthday Decorations with 24pcs Cupcake Toppers, 1pcs Cake Topper for Birthday Party Supplies.",https://www.amazon.com/dp/B0GJNH3FDX?th=1,1771113600000,200,美国,Party Supplies
1777254401899,亚马逊,B0G4QV8XL5,https://m.media-amazon.com/images/I/51AOtwfZwwL._AC_US200_.jpg,"SpringFlower 12 Pack Filled Easter Eggs,Kids Easter Eggs Filled with Bunny Squeeze Toys,Easter Egg Hunt Basket Stuffers,Party Favors,Classroom Easter Gift for Kids",https://www.amazon.com/dp/B0G4QV8XL5?th=1,1771113600000,400,美国,Party Supplies
