发现日期,来源平台,商品ID,图片,产品名称,产品链接,上架日期,月销量,在售站点,类目
1776162949362,亚马逊,B0GD64NJTR,https://m.media-amazon.com/images/I/51-hWlhZPDL._AC_US200_.jpg,"6 Stück Ostern Geschenktüten,Ostertüten Zum Befüllen Geschenktüten,Osterhasentüten Geschenktüte zu Ostern für Kinder und Erwachsene(20X20X15 CM)",https://www.amazon.de/dp/B0GD64NJTR?th=1,1774915200000,300,德国,派对及娱乐商品
1776162949362,亚马逊,B0DDKC681V,https://m.media-amazon.com/images/I/81QJaarM49L._AC_US200_.jpg,"URMYWO 2800+ Loom Bänder Set, 32 Farben Loom Bänder Zubehör, Bunte Gummibänder Loops, Gummis Set für Armbänder, Kinder Anfänger Basteln DIY, Geschenk für Mädchen",https://www.amazon.de/dp/B0DDKC681V?th=1,1774828800000,100,德国,工艺
1776162949362,亚马逊,B0FPVKT2VZ,https://m.media-amazon.com/images/I/81ZPbbrWD5L._AC_US200_.jpg,"X-Arena Starter-Set – mit 6 X-Tops, 2 Startern & Arena, Ultimatives Battle-Set für Kinder ab 6 J",https://www.amazon.de/dp/B0FPVKT2VZ?th=1,1774396800000,100,德国,游戏
1776162949362,亚马逊,B0G8ZSMPVF,https://m.media-amazon.com/images/I/71u9aCu-CFL._AC_US200_.jpg,"Magnetisches Schachspiel,Tragbares Magnetisches Schachspiel,Tragbares Schach Magnetisch Magnetisches Spiel für Erwachsene Partyzubehör für Familientreffen (24E)",https://www.amazon.de/dp/B0G8ZSMPVF?th=1,1774310400000,200,德国,游戏
1776162949362,亚马逊,B0FHB2LT9G,https://m.media-amazon.com/images/I/71u9WgORvRL._AC_US200_.jpg,"Magnetspiel,Magnet Spiel,Magnetisches Schachspiel,Magnetsteine,Campingspiele mit Magnetic,Tisch Magnetspiel für Kinder & Erwachsene,Partyzubehör für Familientreffen",https://www.amazon.de/dp/B0FHB2LT9G?th=1,1774310400000,200,德国,游戏
1776162949362,亚马逊,B0GRLK36S1,https://m.media-amazon.com/images/I/61ZKhpTzMTL._AC_US200_.jpg,"Dumpling Squishy,Glitter Dumpling Squishy Mystery mit Dampfgarer,Stress Relief Sensory Ball Wirkt Angstlösend Und Hat Eine Schnelle,Stressabbau-Spielzeug für Erwachsene",https://www.amazon.de/dp/B0GRLK36S1?th=1,1774224000000,100,德国,党-
1776162949362,亚马逊,B0GDQB6R7Y,https://m.media-amazon.com/images/I/81uCLK8rBIL._AC_US200_.jpg,"300ml*2 Wasserpistolen für Kinder & Wasserpistole Erwachsene, Wasserspritzpistole mit 8 Meter Schussweite, Auslaufsicherer Super Soaker Spritzpistole Wasser Spielzeug Sommer Pool",https://www.amazon.de/dp/B0GDQB6R7Y?th=1,1774051200000,100,德国,体育
1776162949362,亚马逊,B0GS9SHNCK,https://m.media-amazon.com/images/I/7114WaPwSXL._AC_US200_.jpg,"Dumpling Squishy, Mystery Dumpling Fidget Toys, Anti Stress Spielzeug, Lustige Groß Glitzer Bao Bun Quetschball Für Kinder Und Erwachsene, 2026 Neu Knödel, Stress Angstlinderung Soft Bao Bun",https://www.amazon.de/dp/B0GS9SHNCK?th=1,1773705600000,100,德国,党-
1776162949362,亚马逊,B0GL1MJXK6,https://m.media-amazon.com/images/I/71hw9Lbvx7L._AC_US200_.jpg,jerryvon Hund Spielzeug Kinder-Spielzeug Ab 2 Jahre Mädchen Dog Spiel Kuscheltier Hund Mit Leine der Läuft und Bellt Interaktiver Laufender Für Kinder Junge Mädchen 2 3 4 Jahre Geschenkideen,https://www.amazon.de/dp/B0GL1MJXK6?th=1,1773619200000,100,德国,电子玩具
1776162949362,亚马逊,B0DRCX93FN,https://m.media-amazon.com/images/I/81WwaQ21RyL._AC_US200_.jpg,"FRUSE Wasserspieltisch für Kinder,3-Tier Sand Wassertisch Spielzeug,Wasserspielzeug Aktivität Sensory Tisch Sommer Spielzeug für Outdoor Draußen Strand,Wasser Spieltisch für Kleinkinder Alter 3-5",https://www.amazon.de/dp/B0DRCX93FN?th=1,1773619200000,100,德国,体育
1776162949362,亚马逊,B0GFDSJ29G,https://m.media-amazon.com/images/I/71WMiUa4wJL._AC_US200_.jpg,"FRUSE Kinderwaschbecken Spielzeug,Spielspüle Spielzeug mit Elektrischen Wasserhahn,Spielzeugzubehör für die Spielküche,Wasserspielzeug,Angelspielzeug,Waschbecken für Kinder ab 3 Jahre(Grün)",https://www.amazon.de/dp/B0GFDSJ29G?th=1,1773619200000,100,德国,儿童角色扮演游戏
1776162949362,亚马逊,B0GLV8Z3FJ,https://m.media-amazon.com/images/I/9134YkkHadL._AC_US200_.jpg,Book Nook Kit für Erwachsene - CRIOLPO 3D Puzzle Bücherregal Einsatz mit LED Licht - Detailreiches Architektur Modell und Dekorative Buchstütze für Sammler,https://www.amazon.de/dp/B0GLV8Z3FJ?th=1,1773532800000,100,德国,拼图
1776162949362,亚马逊,B0G8LH7JHS,https://m.media-amazon.com/images/I/71ltgSVc1GL._AC_US200_.jpg,"3D Drachenei mit Drache & Nachtleuchten Effekt - 3D Drache mit Flügeln, UV-aktiviertes Leuchten im Dunkeln, 10cm Sammlertücke, Geburtstage und Ostern",https://www.amazon.de/dp/B0G8LH7JHS?th=1,1773532800000,100,德国,体育
1776162949362,亚马逊,B0GLRDKMFJ,https://m.media-amazon.com/images/I/41HF8ngFQLL._AC_US200_.jpg,"tonies Toniebox 2 Bundle Incl. My First Dschungel Set, Pink, Audioplayer für Hörbücher, Lieder, Einschlafen und Tonieplay für Kinder",https://www.amazon.de/dp/B0GLRDKMFJ?th=1,1773532800000,100,德国,电子玩具
1776162949362,亚马逊,B0GRGRD5R6,https://m.media-amazon.com/images/I/71QdpjTKp8L._AC_US200_.jpg,"Air Hockey Hover Puck, Portable Air Hockey mit 2 Roten Lufthockey Drücken, Hockeyspielzeug für Innen und Außen, Simuliertes Hockeyspiel für Kinder Erwachsene",https://www.amazon.de/dp/B0GRGRD5R6?th=1,1773532800000,200,德国,游戏
1776162949362,亚马逊,B07RPVTDPX,https://m.media-amazon.com/images/I/61O5QgoB1cL._AC_US200_.jpg,"BECO Schwimmgürtel Kinder 3-6 Jahre, einstellbare Schwimmhilfe für Kinder mit 5 Blockelementen & Sicherheitsverschluss, Schwimmtrainer geeignet für 19-30 kg",https://www.amazon.de/dp/B07RPVTDPX?th=1,1773446400000,100,德国,体育
1776162949362,亚马逊,B0GKZTFZ7Z,https://m.media-amazon.com/images/I/61b8zcY444L._AC_US200_.jpg,"4 Stück Tortendeko Taufe, inkl. Taube & Fisch & Kreuz & Zur Taufe Tortenstecker, Cake Topper aus Acryl, Gold Kuchendeko Torte Deko für Junge Mädchen Kuchen Dekoration",https://www.amazon.de/dp/B0GKZTFZ7Z?th=1,1773446400000,100,德国,派对
1776162949362,亚马逊,B0GRMFPDBM,https://m.media-amazon.com/images/I/51gTUYX++3L._AC_US200_.jpg,"Seifenblasen Zigaretten, Bubble Puff Zigaretten, Smoke Seifenblasen, Zigarettens Seifenblasens, Neuheit Geschenke für Damen Herren",https://www.amazon.de/dp/B0GRMFPDBM?th=1,1773446400000,100,德国,体育
1776162949362,亚马逊,B0GKG5XGFY,https://m.media-amazon.com/images/I/61KzYQR8G5L._AC_US200_.jpg,"Tortendeko Kommunion Junge & Mädchen - Zur Kommunion Tortenstecker mit Elegantes Eukalyptus Design - inkl. Taube, Fisch & Kreuz Cake Topper aus Acryl - Erstkommunion Deko Gold",https://www.amazon.de/dp/B0GKG5XGFY?th=1,1773446400000,100,德国,派对
1776162949362,亚马逊,B0GK8TX7WD,https://m.media-amazon.com/images/I/71VZh2HbzmL._AC_US200_.jpg,1. Geburtstag Mädchen Luftballon 1. Geburtstag Cartoon-Thema Folienballon und Helium Ballons Geburtstagsdeko 1 Jahr Set für Kindergeburtstag und Partydeko,https://www.amazon.de/dp/B0GK8TX7WD?th=1,1773360000000,100,德国,派对
1776162949362,亚马逊,B0GHS24ZQM,https://m.media-amazon.com/images/I/81jtdWfB9IL._AC_US200_.jpg,"Puzzle 1000 Teile Erwachsene Turtle Klassische Puzzle Erwachsene 70 X 50cm, 1000-Teile-Puzzle Geeignet zur Wanddekoration und Zur Vorbeugung Altersbedingter Amnesie mit 1:1-Poster",https://www.amazon.de/dp/B0GHS24ZQM?th=1,1773360000000,100,德国,拼图
1776162949362,亚马逊,B0GHQ3NGZ3,https://m.media-amazon.com/images/I/71lhT3meurL._AC_US200_.jpg,"24 Stück Ostereier zum Aufhängen Outdoor,6cm Bunte Ostereier Plastik Draußen Innen mit Schnur,Ostereiers zum Aufhängen für Osterbaumkörbe Baum Schule Zuhause Partyzubehör Frühlingsdeko",https://www.amazon.de/dp/B0GHQ3NGZ3?th=1,1773360000000,100,德国,派对及娱乐商品
1776162949362,亚马逊,B0GJJ9QV5N,https://m.media-amazon.com/images/I/71tPDYiuSAL._AC_US200_.jpg,"Sammelkarten Album, 4 -Taschen PU Leder Karten Sammelalbum, 50 Seiten 400 Karten Kapazität Wasserdicht Card Binder, SammelHeft Ordner Buch, Kartenmappe, Geschenke von Sammlern und Kindern.",https://www.amazon.de/dp/B0GJJ9QV5N?th=1,1773360000000,100,德国,收藏玩具
1776162949362,亚马逊,B0GLQZJKKS,https://m.media-amazon.com/images/I/417u1ML-BqL._AC_US200_.jpg,"tonies Toniebox 2 Bundle Incl. My First Dschungel Set, Meeresgrün, Audioplayer für Hörbücher, Lieder, Einschlafen und Tonieplay für Kinder",https://www.amazon.de/dp/B0GLQZJKKS?th=1,1773360000000,100,德国,电子玩具
1776162949362,亚马逊,B0GNSY3G7T,https://m.media-amazon.com/images/I/417QAJ8XAvL._AC_US200_.jpg,I TÜV geprüfte Schwimmlernhilfe für Kinder 1–8 Jahre I Sicherer Auftrieb ohne Luftverlust I Sofort einsatzbereit I Inkl. Sportbeutel & Schwimmabzeichen,https://www.amazon.de/dp/B0GNSY3G7T?th=1,1773360000000,100,德国,体育
1776162949362,亚马逊,B0GK7VWPHS,https://m.media-amazon.com/images/I/7101hQMhVML._AC_US200_.jpg,"Einhorn Geschenke Spielzeug für 3 4 5 6 7 8 Jahre Mädchen, 6 Stück Schlüpft Regenbogeneier für Kinder, Geburtstags Ostern Geschenke für Kinder, Mitgebsel Kindergeburtstag Gastgeschenke",https://www.amazon.de/dp/B0GK7VWPHS?th=1,1773360000000,100,德国,Spielzeugfiguren
1776162949362,亚马逊,B0GKMX3FFC,https://m.media-amazon.com/images/I/71vKje3uTKL._AC_US200_.jpg,"PANTASY Prager Astronomische Uhr Klemmbaustein Set, Gotischer Uhrturm Architekturmodell mit Beweglichen Astronomischen Zifferblättern, Historisches Wahrzeichen Sammlermodell für Erwachsene",https://www.amazon.de/dp/B0GKMX3FFC?th=1,1773273600000,100,德国,建筑-
1776162949362,亚马逊,B0GDGLYV3G,https://m.media-amazon.com/images/I/71u9aCu-CFL._AC_US200_.jpg,"Magnetspiel,40 Stück Tragbares Magnetisches Schachspiel,Tischspiele Magnetisches Schachspiel,Tragbares Schach Magnetisch Magnetisches Spiel für Erwachsene Partyzubehör für Familientreffen (40C)",https://www.amazon.de/dp/B0GDGLYV3G?th=1,1773273600000,100,德国,游戏
1776162949362,亚马逊,B0GLR5SJCS,https://m.media-amazon.com/images/I/61kQnrTveHL._AC_US200_.jpg,"tonies Toniebox 2 Bundle Incl. My First Bauernhof Set, Meeresgrün, Audioplayer für Hörbücher, Lieder, Einschlafen und Tonieplay für Kinder",https://www.amazon.de/dp/B0GLR5SJCS?th=1,1773273600000,200,德国,电子玩具
1776162949362,亚马逊,B0GNTKPDK7,https://m.media-amazon.com/images/I/71qkcCpUa3L._AC_US200_.jpg,I TÜV geprüfte Schwimmlernhilfe für Kinder 1–8 Jahre I Sicherer Auftrieb ohne Luftverlust I Sofort einsatzbereit I Inkl. Sportbeutel & Schwimmabzeichen,https://www.amazon.de/dp/B0GNTKPDK7?th=1,1773273600000,100,德国,体育
1776162949362,亚马逊,B0GHYKLBD6,https://m.media-amazon.com/images/I/910mYf0D4PL._AC_US200_.jpg,"Sandspielzeug Strandspielzeug Junge Mädchen mit Faltbarer Eimer Kinder Sandkasten Spielzeug, 19 PCS Sandförmchen Sandschaufel Kinder, Reise Sand Spielzeug ab 3 Jahr",https://www.amazon.de/dp/B0GHYKLBD6?th=1,1773273600000,100,德国,体育
1776162949362,亚马逊,B0GK61X55K,https://m.media-amazon.com/images/I/5138GHhXL+L._AC_US200_.jpg,"Highttoy Leuchtender Flüssigsilikon Große Squishy Bastelset Kinder, 480ml 1:1 Verhältnis Gemischt Squishy Selber Machen Set mit 9 Formen & Zubehör, Stressabbau Sensorik Spielzeug ab 6 Jahre",https://www.amazon.de/dp/B0GK61X55K?th=1,1773273600000,100,德国,党-
1776162949362,亚马逊,B0GRTVT5YN,https://m.media-amazon.com/images/I/71rffXC84UL._AC_US200_.jpg,"Dumpling Squishies 2026, Squishiest Bun Dumplings with Steamer Box, 10 cm Glitter Dumpling Dampfgarer, Giant Extra Large Squishy Dumpling Stress Relief Sensory Ball Anxiety Relief Toys Kids & Adults",https://www.amazon.de/dp/B0GRTVT5YN?th=1,1773273600000,100,德国,党-
1776162949362,亚马逊,B0GS2L6HCV,https://m.media-amazon.com/images/I/61duAwwrogL._AC_US200_.jpg,"Glitter Dumpling Squishy Mystery, Glitter Dumpling mit Dampfgarer, Rainbow Mystery Squishy Bun, Stressabbau-Spielzeug für Erwachsene Ideal als Partygeschenk oder für die Goodie Bag Zufällige Farbe 1PC",https://www.amazon.de/dp/B0GS2L6HCV?th=1,1773273600000,300,德国,党-
1776162949362,亚马逊,B0GCMLD6ND,https://m.media-amazon.com/images/I/51mRm8hry-L._AC_US200_.jpg,"36 Stück große befüllbare Ostereier aus Plastik – 5 x 8 cm Bunte Eierschalen für Osterjagd, Korbfüller, Überraschungsgeschenke",https://www.amazon.de/dp/B0GCMLD6ND?th=1,1773187200000,100,德国,派对及娱乐商品
1776162949362,亚马逊,B0GS25M8D6,https://m.media-amazon.com/images/I/61Ch0KNRI+L._AC_US200_.jpg,"Sand- & Wassermuschel Kinder 2-teilig – Planschbecken & Sandkasten Muschel mit Deckel, Türkis mit Sternen, Garten Sandkasten für Kinder 1–6 Jahre, stabile Kunststoff Wassermuschel, ca. 87 x 77 x 19 cm",https://www.amazon.de/dp/B0GS25M8D6?th=1,1773187200000,200,德国,体育
1776162949362,亚马逊,B0GD69MD1K,https://m.media-amazon.com/images/I/71x-oGFTLbL._AC_US200_.jpg,"Schubkarre für Kinder, 13 Gartenwerkzeug Set für Kinder, Gartenset mit Schubkarre Kind, Kinderschubkarre mit Schaufel, Rechen, Gießkanne, Handschuhe, Sticker, Gartengeräte Garten (Farbig)",https://www.amazon.de/dp/B0GD69MD1K?th=1,1773187200000,100,德国,体育
1776162949362,亚马逊,B0G6474Q49,https://m.media-amazon.com/images/I/81zVWGDguFL._AC_US200_.jpg,"Dinosaurier Ausgrabungsset, 12 Dino Ei und Einzigartig Dinosaurier Spielzeug, Weihnachtsgeschenke&Ostergeschenke für Kinder, Kinderspielzeug ab 3 bis 12 Jahren (Bunt)",https://www.amazon.de/dp/B0G6474Q49?th=1,1773187200000,100,德国,Spielzeugfiguren
1776162949363,亚马逊,B0BZRVM77M,https://m.media-amazon.com/images/I/81V2SE7OtAL._AC_US200_.jpg,"Gemmicc Magnetische Bausteine, Magnetspielzeug für Kinder, STEM-zertifiziertes Lernspielzeug, 3D Magnet-Puzzle & Stapelblöcke für Jungen und Mädchen, 55-teiliges Starter-Set",https://www.amazon.de/dp/B0BZRVM77M?th=1,1773187200000,200,德国,建筑-
1776162949363,亚马逊,B08MQ8F4K3,https://m.media-amazon.com/images/I/518QUwXT4cL._AC_US200_.jpg,"DJI Mini 4K/DJI Mini 2 Intelligent Flight Battery, Kompatibilität: DJI Mini 4K, DJI Mini 2 SE, DJI Mini 2, DJI Mini SE",https://www.amazon.de/dp/B08MQ8F4K3?th=1,1773100800000,200,德国,遥控模型
1776162949363,亚马逊,B0GMFVYKSP,https://m.media-amazon.com/images/I/717SFgIwBeL._AC_US200_.jpg,"Cake Topper Kommunion, 24 Stück Fisch Eukalyptus Cupcake Torte Deko, Zur Kommunion Erstkommunion Tortendeko Junge Mädchen, Personalisiert Muffin Deko Party",https://www.amazon.de/dp/B0GMFVYKSP?th=1,1773100800000,100,德国,Party & Dekoration
1776162949363,亚马逊,B0GQMN9CD5,https://m.media-amazon.com/images/I/81b8c0Sqf3L._AC_US200_.jpg,"2026 3D - 216 Tragbares Montage Bauspielzeug, Casual Tabletop Games, Büro-Stressabbau/Angstlinderung Desktop-Spielzeug, Geschenke für Erwachsene",https://www.amazon.de/dp/B0GQMN9CD5?th=1,1773100800000,100,德国,游戏
1776162949363,亚马逊,B0GR5PDLD9,https://m.media-amazon.com/images/I/61MQVJHcROL._AC_US200_.jpg,World Cup 2026 Adrenalyn XL - WM Trading Cards Sammelkarten - 1 Mappe + 3 Booster,https://www.amazon.de/dp/B0GR5PDLD9?th=1,1773100800000,100,德国,爱好
1776162949363,亚马逊,B0GCLBXTXP,https://m.media-amazon.com/images/I/816coT9BzgL._AC_US200_.jpg,"12 Stück Ostereier mit Magnetic Holz Eisenbahn Kinder,Ostergeschenke Kinder,Ostern Deko,Füllungen für Ostereier, unverzichtbare Füllungen für Körbchen und Partygeschenke",https://www.amazon.de/dp/B0GCLBXTXP?th=1,1773100800000,200,德国,派对
1776162949363,亚马逊,B0GCL6KWSL,https://m.media-amazon.com/images/I/71ZO6MoV2FL._AC_US200_.jpg,"36 Stück große befüllbare Ostereier aus Plastik – 5 x 8 cm Bunte Eierschalen mit Band für Osterjagd, Korbfüller, Überraschungsgeschenke",https://www.amazon.de/dp/B0GCL6KWSL?th=1,1773100800000,100,德国,派对及娱乐商品
1776162949363,亚马逊,B0GD7GWQ91,https://m.media-amazon.com/images/I/815Ku0rwzgL._AC_US200_.jpg,"Lumibricks Barbershop Klemmbausteine Set mit Beleuchtung, 2557 Teile Retro Brooklyn Straßen-Gebäude, Modulares Baukastenmodell mit Drehstruktur, Bausatz für Erwachsene ab 16 Jahren",https://www.amazon.de/dp/B0GD7GWQ91?th=1,1773100800000,100,德国,建筑-
1776162949363,亚马逊,B0G3GH9L8B,https://m.media-amazon.com/images/I/31ydCUsOenL._AC_US200_.jpg,"Schylling NeeDoh Cool Kitten Teenie Needoh 4er Pack - Sensory Squeeze Toy - 3,8 cm Durchmesser - Farben können variieren",https://www.amazon.de/dp/B0G3GH9L8B?th=1,1773100800000,100,德国,党-
1776162949363,亚马逊,B0G2Y7DRHS,https://m.media-amazon.com/images/I/51lH4IA3aXL._AC_US200_.jpg,"Ostergeschenke Kinder, 12 vormontierte Ostereier mit Figurenspielzeug, Geeignet Ostereiersuche, Osterkorbfüllungen, Dekoration für Osterfeiern, Ostereschenke für Mädchen & Jungen ab 3 Jahren.",https://www.amazon.de/dp/B0G2Y7DRHS?th=1,1773014400000,100,德国,派对
1776162949363,亚马逊,B0GFCMNWRR,https://m.media-amazon.com/images/I/51vrHOgnGDL._AC_US200_.jpg,"HONHHUO Osterkranz Bastelset Kinder – 12 DIY Osterkränze aus selbstklebendem EVA Schaumstoff, Bastelset für Osterdeko, Osterbasteln und Ostergeschenke, für Kindergarten, Schule und Familie",https://www.amazon.de/dp/B0GFCMNWRR?th=1,1773014400000,100,德国,工艺
1776162949363,亚马逊,B0GG7JCVK6,https://m.media-amazon.com/images/I/814ajvUEanL._AC_US200_.jpg,"100%Mosel Tischdeko-Set – Eukalyptuskranz & Fisch (25–50 Gäste) – Komplettset für Kommunion & Konfirmation mit Vlies Tischläufer, Airlaid Servietten, Streudeko & Satinband",https://www.amazon.de/dp/B0GG7JCVK6?th=1,1772928000000,200,德国,派对
1776162949363,亚马逊,B0GF6MZM1X,https://m.media-amazon.com/images/I/71cs-ycF2BL._AC_US200_.jpg,"24 STK Ostereier zum Bemalen, Plastikeier zum Aufhängen, Ostereier Deko mit Eva Stickers x120 und Acrylic Marker x12, Plastikeier Bastelset für DIY Osterdeko Garten Osterkranz Frühlingsdeko",https://www.amazon.de/dp/B0GF6MZM1X?th=1,1772841600000,100,德国,派对及娱乐商品
1776162949363,亚马逊,B0GRH5Q858,https://m.media-amazon.com/images/I/51FHvi2ZulL._AC_US200_.jpg,"Butterstick-Quetschspielzeuge, Langsam Aufsteigendes Butter Form Sensorik Spielzeug, Zur Entspannung Bei Angstzuständen, Ideal Für Kinder Und Erwachsene",https://www.amazon.de/dp/B0GRH5Q858?th=1,1772841600000,300,德国,党-
1776162949363,亚马逊,B0G6JCN7B6,https://m.media-amazon.com/images/I/71pJrOnqrUL._AC_US200_.jpg,"12 Stück Schachteln mit Ostereiern, die Zungenspielzeuge als Ostergeschenke enthalten,Ostergeschenke für Kinder, Füllungen für Ostereier, unverzichtbare Füllungen für Körbchen und Partygeschenke (A)",https://www.amazon.de/dp/B0G6JCN7B6?th=1,1772841600000,100,德国,派对
1776162949363,亚马逊,B0G34N2PD1,https://m.media-amazon.com/images/I/51gRzePwz9L._AC_US200_.jpg,"17 Stück Pixe Mini Figuren Set Nicht Essbare Junge, Pixe Figuren Tortendeko, Cartoon Mini Tortenfiguren, Kuchen Deko Kindergeburtstag, Cake Topper für Party Supplies (A)",https://www.amazon.de/dp/B0G34N2PD1?th=1,1772755200000,100,德国,Party & Dekoration
1776162949363,亚马逊,B0GQTYGH4H,https://m.media-amazon.com/images/I/81XqIs09jyL._AC_US200_.jpg,216 Pads schaffen eine kleine Welt für Jungen und Mädchen,https://www.amazon.de/dp/B0GQTYGH4H?th=1,1772755200000,100,德国,建筑-
1776162949363,亚马逊,B0GGR89PLM,https://m.media-amazon.com/images/I/71csrNK5WcL._AC_US200_.jpg,"SYHLN Montessori Spielzeug holzpuzzle ab 1 2 3 Jahr, Greifpuzzle Steckpuzzle Sortierspiel fur Madchen Jungen Kinder 12-36 Monate, Geschenk fur Ostern Geburtstag Weihnachten",https://www.amazon.de/dp/B0GGR89PLM?th=1,1772755200000,100,德国,婴幼儿
1776162949363,亚马逊,B0G6DBBS8K,https://m.media-amazon.com/images/I/71kmqRB65qL._AC_US200_.jpg,"Tortendeko Firmung mit LED Lichterkette, Cake Topper Meine Firmung aus Holz, Eukalyptus Tortenstecker Deko Junge Mädchen Geschenke Gastgeschenke, Elegant Kuchen Deko",https://www.amazon.de/dp/B0G6DBBS8K?th=1,1772755200000,100,德国,派对
1776162949363,亚马逊,B0GCP72NRF,https://m.media-amazon.com/images/I/51U42aE+QkL._AC_US200_.jpg,"Ostergeschenke Kinder, 6 Pcs Ostereier mit Fingerscheinwerfer, Ostern Geschenke Kinder, Osterdeko Ostern Deko, Geschenk Mädchen 3 4 5 6 7 Jahre, Eier Ostereier Plastik",https://www.amazon.de/dp/B0GCP72NRF?th=1,1772755200000,100,德国,派对及娱乐商品
1776162949363,亚马逊,B0GR4L4WW7,https://m.media-amazon.com/images/I/71sHmzjfjIL._AC_US200_.jpg,"Dumpling Squishy, Mystery Dumpling Fidget Toys, Anti Stress Spielzeug, Lustige Groß Glitzer Bao Bun Quetschball Für Kinder Und Erwachsene",https://www.amazon.de/dp/B0GR4L4WW7?th=1,1772755200000,100,德国,党-
1776162949363,亚马逊,B0FGXZ17J3,https://m.media-amazon.com/images/I/81SLRMF3TQL._AC_US200_.jpg,"MGA's Miniverse Make It Mini Cafe Serie 6 – Mini-Sammlerstücke aus Harz zum Selbermachen und Ausstellen, mit Nachgebildeten Zutaten, Nicht Essbar – für Sammler und Kinder ab 8 Jahren",https://www.amazon.de/dp/B0FGXZ17J3?th=1,1772755200000,300,德国,娃娃机
1776162949363,亚马逊,B0G7Z3GX6N,https://m.media-amazon.com/images/I/71hKKv-C-CL._AC_US200_.jpg,"Kommunion Tortendeko Holz mit LED Lichterkette - inkl. Zur Kommunion Cake Topper, 1 Schutzengel und 1 Taube Tortenstecker, Kuchen Deko Erstkommunion Tortendeko Mädchen Jungen",https://www.amazon.de/dp/B0G7Z3GX6N?th=1,1772755200000,100,德国,派对
1776162949363,亚马逊,B0GR9NMKGD,https://m.media-amazon.com/images/I/31nWBTqgPwL._AC_US200_.jpg,Livepac-Office 18 (3x 6) Kreideeier im Pappkarton/Straßenkreide / 6 Farben,https://www.amazon.de/dp/B0GR9NMKGD?th=1,1772755200000,100,德国,工艺
1776162949363,亚马逊,B0GCMZLM8B,https://m.media-amazon.com/images/I/51O2l09YcbL._AC_US200_.jpg,"12 magnetische Holz-Zug-Ostereier für Kinder, Kinder-Zug-Set-Geschenkbox, Eiersuche-Überraschung und Partygeschenk, Osterkorb-Füllmaterial,party favors",https://www.amazon.de/dp/B0GCMZLM8B?th=1,1772755200000,200,德国,派对
1776162949363,亚马逊,B0GD1FZXYY,https://m.media-amazon.com/images/I/51Emr2u5+0L._AC_US200_.jpg,"12er-Pack Ostereier, mit Plüschhasen, Füllmaterial für Osternkörbchen, Osterspielzeug für Kinder, geeignet als Ostergeschenk Souvenir,party favors (Plüschhase)",https://www.amazon.de/dp/B0GD1FZXYY?th=1,1772755200000,100,德国,派对
1776162949363,亚马逊,B0G8JK82CD,https://m.media-amazon.com/images/I/41+hpEWByML._AC_US200_.jpg,"24 Ostereier aus Kunststoff mit Schnur, perfekte Osterdekoration zum Aufhängen im Freien, Ostereier in 3 Farben, Gold, Hellblau, Hellgrün, Weiß, 6 cm x 4 cm große in 7 verschiedenen Designs",https://www.amazon.de/dp/B0G8JK82CD?th=1,1772755200000,200,德国,派对及娱乐商品
1776162949363,亚马逊,B0G6SPGW5G,https://m.media-amazon.com/images/I/81t9doFTNML._AC_US200_.jpg,"Doloowee Sand und Wassertisch für Kleinkinder, 4-Tier Wassertisch Spielzeug, Wasserspieltisch Outdoor Strandspielzeug, Groß Spieltisch Sommer-Wasserspielzeug für Jungen Mädchen 2 3 4 5 6 7 Jahre",https://www.amazon.de/dp/B0G6SPGW5G?th=1,1772668800000,100,德国,体育
1776162949363,亚马逊,B0GNMPTVYM,https://m.media-amazon.com/images/I/81X8mUCCqoL._AC_US200_.jpg,"Nordstern Ostereier zum Aufhängen 24er Pack mit Muster - Osterdeko, Frühlingsdeko für Innen und Außen - Bunte Plastikeier in 6 Mustern",https://www.amazon.de/dp/B0GNMPTVYM?th=1,1772668800000,200,德国,派对及娱乐商品
1776162949363,亚马逊,B0GGYT896P,https://m.media-amazon.com/images/I/512YQ+3q9WL._AC_US200_.jpg,"GoTilo Oster Bastelset Kinder aus Holz 24 Stück – Magnet Set zum Bemalen mit Malstiften, Osterdeko als Kühlschrankmagnet, Kreatives Basteln für Kindergarten & Familie",https://www.amazon.de/dp/B0GGYT896P?th=1,1772668800000,300,德国,工艺
1776162949363,亚马逊,B0GCMZGKSR,https://m.media-amazon.com/images/I/61B59IZt-LL._AC_US200_.jpg,"Holzanhänger Ostern Zum Bemalen, Oster Basteln Kinder, Holz Ostereier zum Bemalen, Bastelsets Kinder Holzanhänger, Bastelset Ostern mit Deko Schnur, Strass, Pinsel, Osteraufkleber",https://www.amazon.de/dp/B0GCMZGKSR?th=1,1772668800000,100,德国,工艺
1776162949363,亚马逊,B0GQV2DNKN,https://m.media-amazon.com/images/I/51ajlc+6fcL._AC_US200_.jpg,Giant Dumpling Squishy Extra Large Squishy Dumpling Stress Relief Sensory Ball Wirkt Angstlösend Und Hat Eine Schnelle Wirkungserholung Decompression Dough for Adults (B-1),https://www.amazon.de/dp/B0GQV2DNKN?th=1,1772668800000,100,德国,党-
1776162949363,亚马逊,B0G7X3RM6K,https://m.media-amazon.com/images/I/813F32cWu8L._AC_US200_.jpg,"URMYWO Magic Water Gel Toy Kit, DIY 3D Magisches Wassergel-Spielzeug, Aqua Gelz Set mit 20 Farben & 24 Formen, Kreatives Spielzeug Geschenk für Kinder ab 3+, Jungen und Mädchen",https://www.amazon.de/dp/B0G7X3RM6K?th=1,1772668800000,100,德国,工艺
1776162949363,亚马逊,B0GCCDXML7,https://m.media-amazon.com/images/I/41sv8tksDgL._AC_US200_.jpg,18 Stück Riesige Ostereier zum Befüllen (12 x 8.5 cm) - Bunte Kunststoff Eier für Ostereiersuche - Extra Große Überraschungseier für Süßigkeiten & Kleine Spielzeuge - Osterdekoration,https://www.amazon.de/dp/B0GCCDXML7?th=1,1772668800000,100,德国,派对及娱乐商品
1776162949363,亚马逊,B0FB3M6NL2,https://m.media-amazon.com/images/I/41P6f25poWL._AC_US200_.jpg,Ballongas [für 20 Luftballons]– Helium Balloon Gas für bis zu [20 Luftballons] – Ballongas - Helium Gasflasche klein inkl. STAHLMANN ® Informationsblatt,https://www.amazon.de/dp/B0FB3M6NL2?th=1,1772582400000,400,德国,派对
1776162949363,亚马逊,B0GBWWP4PH,https://m.media-amazon.com/images/I/51-cWb3LT3L._AC_US200_.jpg,"UNGLINGA Edelstein-Ausgrabungsset für Kinder, Jungen & Mädchen – Geburtstagsgeschenk-Idee mit 15 echten Edelsteinen & Fossilien, inkl. Werkzeug, pädagogisches Geologie-S.T.E.M. Spielzeug",https://www.amazon.de/dp/B0GBWWP4PH?th=1,1772582400000,100,德国,实验
1776162949363,亚马逊,B0GQXJF6T1,https://m.media-amazon.com/images/I/41BuId6bO0L._AC_US200_.jpg,"Air Hockey Hover Puck, Mini Electric Floating Hockey Mit 2 Roten Air Hockeys Drückern, Tragbares Leichtes Tischairs Hockeys Spiel Set, Airs Brettspiel Spielzeug Geschenk Für Kinder Erwachsene",https://www.amazon.de/dp/B0GQXJF6T1?th=1,1772582400000,100,德国,游戏
1776162949363,亚马逊,B0G6ZBJDB6,https://m.media-amazon.com/images/I/41eDAO1r5sL._AC_US200_.jpg,"2-in-1-Mikroskop und Teleskop, tragbares Mini-Taschen-Mikroskop, 1000 x Handmikroskop, 1000 m, 10-faches Teleskop für Kinder, Kinder-Teleskope mit 1920p, tolles STEM-Aktivitäts-Wissenschaftsspielzeug",https://www.amazon.de/dp/B0G6ZBJDB6?th=1,1772582400000,100,德国,实验
1776162949363,亚马逊,B0GQB6NZGQ,https://m.media-amazon.com/images/I/410jeNvlfrL._AC_US200_.jpg,"6x ""Hoppelige Ostergrüße"" als Samenbomben Mitgebsel Kinder Ostern Geschenke | Blumensamen Tütchen als Osternest Füllung & kleine Ostergeschenke Kinder | Mitbringsel Osterüberraschung mit Ostergedicht",https://www.amazon.de/dp/B0GQB6NZGQ?th=1,1772582400000,200,德国,派对
1776162949363,亚马逊,B0G7MLN195,https://m.media-amazon.com/images/I/51FGUf1jATL._AC_US200_.jpg,"ZKKZ 12er Pack gefüllte Ostereier mit niedlichen Knautschtieren, Befüllte Ostereier für die Ostereiersuche, Osterkorb-Füller, Ostereier ohne Süßigkeiten, Partygeschenke für Kinder, Jungen und Mädchen",https://www.amazon.de/dp/B0G7MLN195?th=1,1772582400000,100,德国,派对
1776162949363,亚马逊,B0GGHHY4VG,https://m.media-amazon.com/images/I/51RXgDI6S9L._AC_US200_.jpg,"GoTilo Fensterbilder Ostern Bastelset Kinder, 24 Stück DIY Fensterbilder Ostern Set, Ostern Basteln Kinder, Oster Fensterdeko Basteln, Kreativset für Kindergarten, Schule & Zuhause",https://www.amazon.de/dp/B0GGHHY4VG?th=1,1772582400000,200,德国,工艺
1776162949363,亚马逊,B0GCD9R9JJ,https://m.media-amazon.com/images/I/11h3h9zxaNL._AC_US200_.jpg,Wasserpistole,https://www.amazon.de/dp/B0GCD9R9JJ?th=1,1772582400000,100,德国,体育
1776162949363,亚马逊,B0G7XZMFXF,https://m.media-amazon.com/images/I/71iFBR-KDvL._AC_US200_.jpg,"Doloowee Wasserspieltisch für Kinder, Sand und Wasser Tisch Spielzeug mit Zubehör, 4-Tier Aktivität-Tisch für Toddler, Sommer Strand Spielzeug für Kinder 2 3 4 5 Jahre Alt",https://www.amazon.de/dp/B0G7XZMFXF?th=1,1772496000000,100,德国,体育
1776162949363,亚马逊,B0GP9KWLMZ,https://m.media-amazon.com/images/I/71QOMyLSGTL._AC_US200_.jpg,"LEGO Minecraft (30732) Alex' Begegnung am Lagerfeuer, bauset",https://www.amazon.de/dp/B0GP9KWLMZ?th=1,1772496000000,100,德国,建筑-
1776162949363,亚马逊,B0G6KQTWQ8,https://m.media-amazon.com/images/I/81M-eH8hLUL._AC_US200_.jpg,"JONRRYIN Sand Wassertisch für Kleinkinder, 3-Tier Kinder Sand Wassertisch Spielzeug, Wasserspieltisch Outdoor Strandspielzeug, Groß Spieltisch Sommer-Wasserspielzeug für Jungen Mädchen 3 4 5 6 7 Jahr",https://www.amazon.de/dp/B0G6KQTWQ8?th=1,1772496000000,100,德国,体育
1776162949363,亚马逊,B0DG4X3LZ2,"https://m.media-amazon.com/images/I/31isztilIiL._AC_SR200,200_.jpg","Osterhasenkostüm, Hasenkostüm, Kostüme für Erwachsene, Ostermaskott Kostüm",https://www.amazon.de/dp/B0DG4X3LZ2?th=1,1772496000000,100,德国,儿童角色扮演游戏
1776162949363,亚马逊,B0GCYFG6QB,https://m.media-amazon.com/images/I/51iet8bufeL._AC_US200_.jpg,"Oster Basteln Kinder, Holz Ostereier zum Bemalen 50 Stück Bastelsets Kinder Holzanhänger Ostern zum Bemalen mit Pompons, Deko Schnur, Strass, Osteraufkleber, Ostergeschenke",https://www.amazon.de/dp/B0GCYFG6QB?th=1,1772496000000,100,德国,工艺
1776162949363,亚马逊,B0GQB1GGXJ,https://m.media-amazon.com/images/I/41RuZBhA4lL._AC_US200_.jpg,"3 Stück Hasen Spielzeug Squeeze Toy, 2026 Neu Osterhasen Antistress Spielzeug Bälle Interaktives, Ostern Karotte Hase Squeeze Ostergeschenke Kaninchen Spielzeug für Kinder (3 Stück)",https://www.amazon.de/dp/B0GQB1GGXJ?th=1,1772496000000,200,德国,党-
1776162949363,亚马逊,B0G7DMQJLS,https://m.media-amazon.com/images/I/514s+AM3M7L._AC_US200_.jpg,"ZKKZ 12 Stück gefüllte Ostereier mit niedlichen Figuren, Lustige Osterei-Füllungen für Kinder, Osterkorb-Füller für Jugendliche, Partygeschenke für Kinder, Jungen und Mädchen",https://www.amazon.de/dp/B0G7DMQJLS?th=1,1772409600000,100,德国,派对
1776162949363,亚马逊,B0G6DBHC6Y,https://m.media-amazon.com/images/I/71H+qXE2RgL._AC_US200_.jpg,"Tortendeko Firmung mit LED Lichterkette, Cake Topper Meine Firmung aus Holz, Eukalyptus Tortenstecker Deko Junge Mädchen Geschenke Gastgeschenke, Elegant Kuchen Deko",https://www.amazon.de/dp/B0G6DBHC6Y?th=1,1772409600000,100,德国,派对
1776162949363,亚马逊,B0G7H1LVBJ,https://m.media-amazon.com/images/I/81RGmMqW9uL._AC_US200_.jpg,"6 Stück Squishy Stressball, Antistressball Stressball Kinder, Regenbogen Squeeze Bälle Quetschball für Erwachsene ADHS, Angst, OCD Angst abbauen und Beruhigung..",https://www.amazon.de/dp/B0G7H1LVBJ?th=1,1772409600000,100,德国,党-
1776162949363,亚马逊,B0G6KDLTYS,https://m.media-amazon.com/images/I/51U1LnNiwNL._AC_US200_.jpg,"30 Stück Taufe Luftballons, Meine Taufe Ballon Deko Junge Mädchen, Luftballons Kommunion für Erstkommunion Partydeko",https://www.amazon.de/dp/B0G6KDLTYS?th=1,1772409600000,100,德国,派对
1776162949363,亚马逊,B0GMGMQNYV,https://m.media-amazon.com/images/I/81ENpJVYyML._AC_US200_.jpg,"99 Stück Magnetische Bausteine Reiseset, Spielzeug ab 3 4 5 6 Jahre Junge Mädchen Reisespiele Kinder Ostergeschenke Junge 3-6 Jahre Flugzeug Beschäftigung Kinder Magnetische Blöcke",https://www.amazon.de/dp/B0GMGMQNYV?th=1,1772409600000,100,德国,建筑-
1776162949363,亚马逊,B0GL3F2BFJ,https://m.media-amazon.com/images/I/71MI80DPdCL._AC_US200_.jpg,"2 Stück Tastaturs Fidget Spielzeug | 4-TastenStressabbau Schlüsselanhänger, Button Fidget Spiel Für Erwachsene - Mechanischer Keyboard clicker Spielzeug Für Büro, Kinder & Erwachsene Geschenk",https://www.amazon.de/dp/B0GL3F2BFJ?th=1,1772409600000,100,德国,党-
1776162949363,亚马逊,B0GGXP873D,https://m.media-amazon.com/images/I/51gxYdVm1aL._AC_US200_.jpg,"HONHHUO Ostern Basteln Kinder Fensterbilder Set – DIY Oster Bastelset mit Buntglas-Effekt, 8 Ostereier & Osterhasen Motive, Fensterbilder Frühling für Kindergarten & Familie",https://www.amazon.de/dp/B0GGXP873D?th=1,1772409600000,100,德国,工艺
1776162949363,亚马逊,B0GGY3WYFR,https://m.media-amazon.com/images/I/51Wc5KfVNvL._AC_US200_.jpg,"HONHHUO Ostern Basteln Kinder Fensterbilder Set – 24-teiliges Osterbastelset mit Osterhasen & Ostereiern, Bunte Fensterdeko mit Buntglas-Effekt, Bastelspaß für Kindergarten, Schule & Familie",https://www.amazon.de/dp/B0GGY3WYFR?th=1,1772409600000,200,德国,工艺
1776162949363,亚马逊,B0FS72FPF2,https://m.media-amazon.com/images/I/51S77dleAtL._AC_US200_.jpg,"4 Stück Squishy Stressbälle Antistressball, Stressbälle Doh Fidget Cube, Regenbogen Squeeze Bälle Quetschball für Erwachsene ADHS, Angst, OCD Angst abbauen und Beruhigung",https://www.amazon.de/dp/B0FS72FPF2?th=1,1772409600000,200,德国,党-
1776162949363,亚马逊,B0GGGMM4JT,https://m.media-amazon.com/images/I/51MDzSSssuL._AC_US200_.jpg,"GoTilo Fensterbilder Ostern Bastelset Kinder, 8 Stück DIY Fensterbilder Ostern Set ca. 25 cm groß, Fensterdeko Ostern Kinder, Kreativset für Kindergarten, Schule & Zuhause",https://www.amazon.de/dp/B0GGGMM4JT?th=1,1772323200000,100,德国,工艺
1776162949363,亚马逊,B0GQJLL718,https://m.media-amazon.com/images/I/71kVUP-rbTL._AC_US200_.jpg,Pokemon Karten Deutsch - 50 Originale Karten mit Holo und Seltenen Karten +1x EX/V oder FullArt + inkl. DrisoCard Versandschutz/Sammeldeckbox,https://www.amazon.de/dp/B0GQJLL718?th=1,1772323200000,300,德国,爱好
1776162949363,亚马逊,B0GFVBZQ79,https://m.media-amazon.com/images/I/61Jm6EjehoL._AC_US200_.jpg,"LESONG 3 Stück Sensory Stress Balls, Anti Stress bälle Anti Stress Spielzeug für Kinder Erwachsene, Squishy Balls Stressabbau für ADHD Autismus Geburtstag Klassenzimmer Geschenke",https://www.amazon.de/dp/B0GFVBZQ79?th=1,1772236800000,200,德国,党-
1776162949363,亚马逊,B0GN9KM2ZX,https://m.media-amazon.com/images/I/41eP69FNvtL._AC_US200_.jpg,Panini FIFA World Cup 2026™ Adrenalyn XL™ Trading Cards (Fatpack Box),https://www.amazon.de/dp/B0GN9KM2ZX?th=1,1772236800000,200,德国,爱好
1776162949363,亚马逊,B0GPDVM5MG,https://m.media-amazon.com/images/I/417o-mZ9YkL._AC_US200_.jpg,melu kids® Namensaufkleber Kinder für Schule & Kita (75 Stück) - Personalisierte Aufkleber mit Namen für Stifte und alle Schulsachen - Wasserfest in Spülmaschine (Bonbon),https://www.amazon.de/dp/B0GPDVM5MG?th=1,1772236800000,100,德国,工艺
1776162949402,亚马逊,B0GSBFPKMW,https://m.media-amazon.com/images/I/61abvBsWNWL._AC_US200_.jpg,"Dumpling Squishys - Colorful Squishy Dumpling Stress Balls, Dumpling Squishy Toy With Steamer Box, Cute Steamed Bun Fidget Toys for Anxiety Relief (#H)",https://www.amazon.co.uk/dp/B0GSBFPKMW?th=1,1774569600000,200,英国,Novelty & Gag Toys
1776162949402,亚马逊,B0GGHFC7Q6,https://m.media-amazon.com/images/I/51z6F7bQGnL._AC_US200_.jpg,"24 Pack Easter Eggs Fillers with Girls Bracelets Necklace Rings, Gifts for Girls Easter Basket Stuffers Gifts for Kids Egg Hunt Kit",https://www.amazon.co.uk/dp/B0GGHFC7Q6?th=1,1773878400000,200,英国,Party Supplies
1776162949402,亚马逊,B0GRGSR6SF,https://m.media-amazon.com/images/I/71o9I+BF1nL._AC_US200_.jpg,"Dumpling Squishies Toy, Dumpling Squishy Mystery Box, Fun Mini DumplingSquishies Glitter Toy, Soft Squishy Stress Relief & Rebounding Sensory Fidget Toy for Adults (Blue)",https://www.amazon.co.uk/dp/B0GRGSR6SF?th=1,1773792000000,200,英国,Novelty & Gag Toys
1776162949402,亚马逊,B0GSJ72PZX,https://m.media-amazon.com/images/I/710ryiM3xsL._AC_US200_.jpg,"Glitter Dumpling Squishy, Giant Dumpling Squishys Toy With Steamer Box, Dumplings Squishy, Cute Soft Squeeze Dough Hand Fidget Toys, Stress Relief Dumplings Squishys Squeeze Toy (#A)",https://www.amazon.co.uk/dp/B0GSJ72PZX?th=1,1773792000000,200,英国,Novelty & Gag Toys
1776162949402,亚马逊,B0GKNM2L2V,https://m.media-amazon.com/images/I/51cdInuH21L._AC_US200_.jpg,"12 Pcs Easter Eggs Filled with Bunny Toys, Prefilled Easter Eggs for Easter Egg Hunt, Easter Gifts for Kids, Basket Stuffers and Party Favors",https://www.amazon.co.uk/dp/B0GKNM2L2V?th=1,1773792000000,200,英国,Novelty & Gag Toys
1776162949402,亚马逊,B0GSHRT5JH,https://m.media-amazon.com/images/I/41Nibvw6V5L._AC_US200_.jpg,"Glitter Dumpling Squishy, Giant Dumpling Squishys Toy With Steamer Box, Dumplings Squishy, Cute Soft Squeeze Dough Hand Fidget Toys, Stress Relief Dumplings Squishys Squeeze Toy (#H)",https://www.amazon.co.uk/dp/B0GSHRT5JH?th=1,1773619200000,200,英国,Novelty & Gag Toys
1776162949402,亚马逊,B0GSJ6G6GJ,https://m.media-amazon.com/images/I/41axub-hFGL._AC_US200_.jpg,"Giant Dumpling Squishy, Colorful Dumpling Stress Fidget, Glitter Dumplings Squishies Toy, Stress Relief Squishy Toys, Cute Soft Glitter Calming for Relaxation Boys Girls Children Adults (A)",https://www.amazon.co.uk/dp/B0GSJ6G6GJ?th=1,1773619200000,600,英国,Novelty & Gag Toys
1776162949402,亚马逊,B0FGDQQZ9F,https://m.media-amazon.com/images/I/61RmK0V3PBL._AC_US200_.jpg,"Giant Glitter Dumpling, Blue Giant Squishy Dumpling Stress Toy Cute Steamer Bun Design Stress & Anxiety Relief Squishy Dumplings Toys for Adults Kids",https://www.amazon.co.uk/dp/B0FGDQQZ9F?th=1,1773619200000,300,英国,Novelty & Gag Toys
1776162949402,亚马逊,B0GDFVB34N,https://m.media-amazon.com/images/I/61JdpORd63L._AC_US200_.jpg,"Kids Walkie Talkies 2 Pack for Boys Girls Age 3-8, Long Range Walkie Talkie for Kids, Toys for 3 4 5 6 7 8 Year Old Boys Girls, Outdoor Camping Adventure Toy, Birthday (Purple-Pink)",https://www.amazon.co.uk/dp/B0GDFVB34N?th=1,1773532800000,200,英国,Electronic Toys
1776162949402,亚马逊,B0GSBZTMTT,https://m.media-amazon.com/images/I/41FIhkm1LkL._AC_US200_.jpg,"Dumpling Squishys - Colorful Squishy Dumpling Stress Balls, Dumpling Squishy Toy With Steamer Box, Cute Steamed Bun Fidget Toys for Anxiety Relief (#E)",https://www.amazon.co.uk/dp/B0GSBZTMTT?th=1,1773532800000,200,英国,Novelty & Gag Toys
1776162949402,亚马逊,B0G8DSQ519,https://m.media-amazon.com/images/I/71N24m3z57L._AC_US200_.jpg,"Squeeze Toys Squishy Cubes – Soft 1.37in Mini Squishy Cube with Durable Structure,A fun stress ball toy for autistic users, suitable for adults and children aged 3+ (Green)",https://www.amazon.co.uk/dp/B0G8DSQ519?th=1,1773532800000,200,英国,Novelty & Gag Toys
1776162949402,亚马逊,B0GSD81C5F,https://m.media-amazon.com/images/I/71Ny77iekhL._AC_US200_.jpg,"Dumpling Squishies, Glitter Dumpling With Box, Colorful Dumplings Stress Relife Toy, Stuffers with Food Steamer Desk Toys (1 Pack-Random Color)",https://www.amazon.co.uk/dp/B0GSD81C5F?th=1,1773532800000,800,英国,Novelty & Gag Toys
1776162949402,亚马逊,B0GQ9CN1L6,https://m.media-amazon.com/images/I/81-Km7zuwKL._AC_US200_.jpg,"25pcs Cake Decorations with 24pcs Cupcake Toppers, 1pcs Cake Topper Birthday Party Supplies Birthday Celebrations Party Supplies",https://www.amazon.co.uk/dp/B0GQ9CN1L6?th=1,1773446400000,500,英国,Party Supplies
1776162949402,亚马逊,B0GSFL9VP2,https://m.media-amazon.com/images/I/61tEXPsN5cL._AC_US200_.jpg,"Dumpling Squishy, Squishy Dumpling Toy, Mystery Dumpling Squishy, Large Dumpling Squishy Stress Ball, Jumbo Rainbow Mystery Squishy Sensory Toys, Gaint Mystery Dumplings for Anxiety Relief (Glitter B)",https://www.amazon.co.uk/dp/B0GSFL9VP2?th=1,1773446400000,200,英国,Novelty & Gag Toys
1776162949402,亚马逊,B0GS5LQ1YM,https://m.media-amazon.com/images/I/611ewVB90PL._AC_US200_.jpg,Dumpling Toy Mystery Box Colorful Dumplings Stress Balls Fidget Sensory Toy Giant Glitter Dumpling Squeeze Dough Ball Stress Relief Hand Toys Food Steamer Stretchy Toys,https://www.amazon.co.uk/dp/B0GS5LQ1YM?th=1,1773446400000,300,英国,Novelty & Gag Toys
1776162949402,亚马逊,B0GS8V4S9J,https://m.media-amazon.com/images/I/41IDzezmIgL._AC_US200_.jpg,"Butter Squishy, Cheese Squishy, Salted Butter Design Stress Relief Squishies for Desk, 4oz Replica Sensory Fidget for Adults, Funny-Themed Office Decor (1PCS)",https://www.amazon.co.uk/dp/B0GS8V4S9J?th=1,1773446400000,500,英国,Novelty & Gag Toys
1776162949402,亚马逊,B0GSFR7SG5,https://m.media-amazon.com/images/I/31PN7itUQuL._AC_US200_.jpg,"Cheese Squishy, Squishy Cheese Sugar Cube SquishySensory Toy, Big Brain CheeseStress Ball Realistic Design, Anxiety Relief Fidget Toy Sensory Toys For Adults & Kids (1PC)",https://www.amazon.co.uk/dp/B0GSFR7SG5?th=1,1773446400000,300,英国,Novelty & Gag Toys
1776162949402,亚马逊,B0G8GFSNYN,https://m.media-amazon.com/images/I/81bbHTx37hL._AC_US200_.jpg,"Rockets Toys Launcher Toy for Kids 3-12 Year Old Boys Girls, 8 Foam Rockets Outdoor Garden Jump Rocket Toys with Adjustable Launch Angle, Educational Birthday Gift with Space Theme Stickers",https://www.amazon.co.uk/dp/B0G8GFSNYN?th=1,1773360000000,200,英国,Sports Toys & Outdoor
1776162949402,亚马逊,B0GS9HK3QJ,https://m.media-amazon.com/images/I/31PN7itUQuL._AC_US200_.jpg,"Cheese Squishy, Big Cheese Squishy Stress Ball Realistic Design, Slow-Rebound Shapeable Squeeze Ball Sensory Fidget Toy Relieves Stress for Kids and Adults (1pc)",https://www.amazon.co.uk/dp/B0GS9HK3QJ?th=1,1773360000000,200,英国,Novelty & Gag Toys
1776162949402,亚马逊,B0G1T1PWJL,"https://m.media-amazon.com/images/I/41q05SYEE+L._AC_SR200,200_.jpg","GSrenyu 6 Pcs Easter Bunny Ears Headband Plush Rabbit Ears Headbands With Glitter For Women Girls, Cosplay Costume Fancy Dress Up Hair Accessories For Party Favor Decoration",https://www.amazon.co.uk/dp/B0G1T1PWJL?th=1,1773360000000,200,英国,Dress Up & Pretend Play
1776162949402,亚马逊,B0GCDMNDX6,https://m.media-amazon.com/images/I/71hRwGc7TdL._AC_US200_.jpg,"6 Pcs Golden Easter Eggs Prefilled with Animal Plush Toys, Cute Easter Basket Fillers & Egg Hunt Surprise Gift for Kids",https://www.amazon.co.uk/dp/B0GCDMNDX6?th=1,1773273600000,1000,英国,Party Supplies
1776162949402,亚马逊,B0GRZBXVJ3,https://m.media-amazon.com/images/I/311EL-UdrAL._AC_US200_.jpg,"Butter Squishy Squish Toys, Slow Rebound Cute Butter Squeeze Stress Balls, 5.5 x 1.4 inch Stress Relief Sensory Toys for Adults (Yellow*2 PCS)",https://www.amazon.co.uk/dp/B0GRZBXVJ3?th=1,1773187200000,200,英国,Novelty & Gag Toys
1776162949402,亚马逊,B0GKMMMD5B,https://m.media-amazon.com/images/I/81EVzW6Y7zL._AC_US200_.jpg,"Gifts for 5 6 7 8 9 10 Year Old Girls: Diamond Painting Art Keychain Kits, Unicorn Gifts Craft Kits for Kids Girls Toys age 5 6 7 8, Gem Arts and Crafts for Kids age 5-12, 5 6 7 8 Year Old Girl Gifts",https://www.amazon.co.uk/dp/B0GKMMMD5B?th=1,1773187200000,200,英国,Arts & Crafts
1776162949402,亚马逊,B0GRVVWR2T,https://m.media-amazon.com/images/I/51yHx7kBsbL._AC_US200_.jpg,"Bubble ToyCigarette, Fake BubblesSmokeCigarettes Pack Blower, Bubble BlowingCigarette Stress Relief Toy, FakeCigaretteBubbles Wands with Liquid for Men Women, Birthday Party Funny Gifts",https://www.amazon.co.uk/dp/B0GRVVWR2T?th=1,1773187200000,200,英国,体育玩具与户外
1776162949402,亚马逊,B0GR5TM2WC,https://m.media-amazon.com/images/I/61g5b0hEDdL._AC_US200_.jpg,Boredgame – Car Games for Kids & Families | 50 Screen-Free Travel Games | Road Trip Activities | Travel Card Game Ages 4+,https://www.amazon.co.uk/dp/B0GR5TM2WC?th=1,1773100800000,200,英国,Games & Accessories
1776162949402,亚马逊,B0GRVKW7GR,https://m.media-amazon.com/images/I/412JZ9I9hZL._AC_US200_.jpg,"Cheese Squishy, Soft Cheese Squishy Stress Relief Block,Cheese Squeeze Stress Toy, Portable Decompression Sensory Toy, Anxiety Relief Calming Fidget Toy for Kids Adults Office Home Travel (10cm)",https://www.amazon.co.uk/dp/B0GRVKW7GR?th=1,1773100800000,200,英国,Novelty & Gag Toys
1776162949402,亚马逊,B0GRVDKCVX,https://m.media-amazon.com/images/I/71BJN3LQltL._AC_US200_.jpg,"Cheese Squishy, Soft Cheese Squishy Stress Relief Block,Cheese Squeeze Stress Toy, Portable Decompression Sensory Toy, Anxiety Relief Calming Fidget Toy for Kids Adults Office Home Travel (6cm)",https://www.amazon.co.uk/dp/B0GRVDKCVX?th=1,1773100800000,600,英国,Novelty & Gag Toys
1776162949402,亚马逊,B0GRVM49V9,https://m.media-amazon.com/images/I/41IieURMCyL._AC_US200_.jpg,"Glitter Dumpling Squishy, Squishy Dumpling Toy, Dumplings Squishies, Cute Dumplings Stress Balls, Anxiety Relief Fidget, Soft Squeeze Decompression Dough, Sensory Stress Ball Squeeze Toys (A)",https://www.amazon.co.uk/dp/B0GRVM49V9?th=1,1773100800000,600,英国,Novelty & Gag Toys
1776162949402,亚马逊,B0FM4DHHS8,https://m.media-amazon.com/images/I/515UySCSTZL._AC_US200_.jpg,"Prefilled Easter Eggs with Squishy Toys - 24 Pack Filled Easter Basket Stuffers Party Favors, Slow Rising Stress Reliever Toys Fillers for Easter Eggs Hunt",https://www.amazon.co.uk/dp/B0FM4DHHS8?th=1,1773100800000,300,英国,Novelty & Gag Toys
1776162949402,亚马逊,B0GR3WT3SN,https://m.media-amazon.com/images/I/41Eh5-hueBL._AC_US200_.jpg,"Butter Squishy, Cheese Stress Ball Brain Squishy Realistic Design, Anxiety Relief Fidget Toy Sensory Toys For Adults & Kids (Butter)",https://www.amazon.co.uk/dp/B0GR3WT3SN?th=1,1773100800000,200,英国,Novelty & Gag Toys
1776162949402,亚马逊,B0GF4CSZNT,https://m.media-amazon.com/images/I/81PDvKr7lkL._AC_US200_.jpg,"Prefilled Easter Eggs with Slow-Rising Squishy Toys - 12 Pack Easter Basket Stuffers for Kids – Non-Candy Easter Egg Hunt Fillers for Toddlers Toys for Easter Party Favors, Classroom Prizes",https://www.amazon.co.uk/dp/B0GF4CSZNT?th=1,1773014400000,200,英国,Party Supplies
1776162949402,亚马逊,B0GRLLNSFM,https://m.media-amazon.com/images/I/61NZJidRSdL._AC_US200_.jpg,"Butter Squishy Squish Toys, Slow Rebound Cute Butter Squeeze Stress Balls, 5.5 x 1.4 inch Stress Relief Sensory Toys for Adults",https://www.amazon.co.uk/dp/B0GRLLNSFM?th=1,1773014400000,1000,英国,Novelty & Gag Toys
1776162949402,亚马逊,B0GGZHZBCS,https://m.media-amazon.com/images/I/514p4xf1u+L._AC_US200_.jpg,"30 PCS Easter Gifts Kids, Easter Decoration Party Bag Fillers Easter Egg Hunt , Poppet Fidget Party Favours, Pass the Parcel Prizes (30Keyrings + 30Bags )",https://www.amazon.co.uk/dp/B0GGZHZBCS?th=1,1773014400000,300,英国,Party Supplies
1776162949402,亚马逊,B0G2L3ZB9X,https://m.media-amazon.com/images/I/61l69FQUGbL._AC_US200_.jpg,72 Pieces Easter Eggs with Toys Inside Prefilled Easter Eggs Basket Fillers Bulk Surprise Party Favors Stuffers Classroom Gifts for Kids Plastic Decorative Holiday Celebration Eggs,https://www.amazon.co.uk/dp/B0G2L3ZB9X?th=1,1772928000000,200,英国,Party Supplies
1776162949402,亚马逊,B0G6D9JP7F,https://m.media-amazon.com/images/I/81-C58lcNIL._AC_US200_.jpg,"GleamGlee Extra Strong Fart Spray Prank Set – Insanely Potent Real Stink Spray + Quick Odor Fix – Hilarious Gag Gifts for Prankster, Parties, Adults & Pranks Gifts - Non Toxic",https://www.amazon.co.uk/dp/B0G6D9JP7F?th=1,1772928000000,200,英国,新奇恶搞玩具
1776162949402,亚马逊,B0GRHMTTQC,https://m.media-amazon.com/images/I/51rg8Z4f-oL._AC_US200_.jpg,"10cm Giant Cheese Squishy with Clay Inside, Squishy Cheese, Squishys Sensory Toy, Slow-Rebound Shapeable Squeeze Ball, Cheeses Sensory Fidget Toy, Relieves Stress Gift for Kid Adult (1.)",https://www.amazon.co.uk/dp/B0GRHMTTQC?th=1,1772928000000,700,英国,Novelty & Gag Toys
1776162949402,亚马逊,B0GL5Y73S3,https://m.media-amazon.com/images/I/71ZIKJGwqNL._AC_US200_.jpg,"12 Pcs Easter Bunny Mini Squeeze Balls, Easter Basket Stuffers, Easter Egg Fillers, Squishies Stress Relief Fidget for Women and Men Gifts Party Favors",https://www.amazon.co.uk/dp/B0GL5Y73S3?th=1,1772841600000,300,英国,Novelty & Gag Toys
1776162949402,亚马逊,B0G5R15VB8,https://m.media-amazon.com/images/I/81MtrQvtu3L._AC_US200_.jpg,"30 PCS Party Bag Fillers Kids - Fidget Spinner Small Fidget Toys Pack, Mini Fidgets Party Bags Toys, Dinosaur Party Bag Toys Boy Adult (Dinosaur)",https://www.amazon.co.uk/dp/B0G5R15VB8?th=1,1772841600000,400,英国,Party Supplies
1776162949402,亚马逊,B0GCZPLPWR,https://m.media-amazon.com/images/I/71XB6E4yuiL._AC_US200_.jpg,"1Pcs 5cm Fidget Toys Squishy Stress Doh Cube, Giant Stress Balls for Kids Adults Squishy Anxiety Stress Relief Ice Fidget Cube Sugar Balls, Sensory Toys for Kids with Autism",https://www.amazon.co.uk/dp/B0GCZPLPWR?th=1,1772841600000,200,英国,Novelty & Gag Toys
1776162949402,亚马逊,B0GR98XW3Y,https://m.media-amazon.com/images/I/71BJN3LQltL._AC_US200_.jpg,"Cheese Squishy, Big Cheese Squishy Stress Ball Realistic Design, Slow-Rebound Shapeable Squeeze Ball Sensory Fidget Toy Relieves Stress for Kids and Adults (6cm)",https://www.amazon.co.uk/dp/B0GR98XW3Y?th=1,1772841600000,300,英国,Novelty & Gag Toys
1776162949402,亚马逊,B0GR58TJ9M,https://m.media-amazon.com/images/I/71FqbNCOHkL._AC_US200_.jpg,"Giant Glitter Dumpling Squishys, Squishys Dumpling Toy, Stress Relief Bao Bun S-quishy Squeeze Toy with Steamer, Fun Soft Squeeze Glitter Dumplings Stress Ball Sensory Fidget Toys, for Kids & Adults",https://www.amazon.co.uk/dp/B0GR58TJ9M?th=1,1772755200000,500,英国,Novelty & Gag Toys
1776162949402,亚马逊,B0GR69NWHY,https://m.media-amazon.com/images/I/412JZ9I9hZL._AC_US200_.jpg,"Cheese Squishy, Squishy Cheese Sugar Cube SquishySensory Toy, Big Brain CheeseStress Ball Realistic Design, Anxiety Relief Fidget Toy Sensory Toys For Adults & Kids (10CM)",https://www.amazon.co.uk/dp/B0GR69NWHY?th=1,1772755200000,200,英国,Novelty & Gag Toys
1776162949402,亚马逊,B0GR63MSX8,https://m.media-amazon.com/images/I/71BJN3LQltL._AC_US200_.jpg,"Cheese Squishy, Squishy Cheese Sugar Cube SquishySensory Toy, Big Brain CheeseStress Ball Realistic Design, Anxiety Relief Fidget Toy Sensory Toys For Adults & Kids (6CM)",https://www.amazon.co.uk/dp/B0GR63MSX8?th=1,1772755200000,600,英国,Novelty & Gag Toys
1776162949402,亚马逊,B0GD7T9JFV,https://m.media-amazon.com/images/I/51HDnGatSeL._AC_US200_.jpg,"Solihigh15pcs Easter Balloons,12 Inch Happy Easter Day Decorations Balloon, Easter Egg Latex Balloons,Bunny Egg Sheep Chick Balloon for Hunt Games Party Supplies",https://www.amazon.co.uk/dp/B0GD7T9JFV?th=1,1772755200000,300,英国,Party Supplies
1776162949402,亚马逊,B0G7GVRDSY,https://m.media-amazon.com/images/I/71cdmoGS6wL._AC_US200_.jpg,"Doh Nice Ice Cube Squishy Toys, 4PCS Stress Balls for Adults Kids, Sensory Stress Relief Toys Fidget Cubes, Squeeze Balls for Autism Anxiety Relief Stocking Fillers",https://www.amazon.co.uk/dp/B0G7GVRDSY?th=1,1772668800000,300,英国,Novelty & Gag Toys
1776162949402,亚马逊,B0GKTZP6ZS,https://m.media-amazon.com/images/I/41eJjUZ2h8L._AC_US200_.jpg,"Happy Easter Banner|Easter Hanging Decorations|Paper Bunny Carrot Egg Bunting for Home,School,Party and Easter Egg Hunt",https://www.amazon.co.uk/dp/B0GKTZP6ZS?th=1,1772668800000,300,英国,Party Supplies
1776162949402,亚马逊,B0G7B147QQ,https://m.media-amazon.com/images/I/71qbrDmcVKL._AC_US200_.jpg,"6 Packs Light Up Bath Toys for 1 2 3 Year Old, Farm Animals Water Activated Bathtub Toys with Flashing LED Light, Pool Toys for Boys Girls Baby Toddlers Birthday Gifts Presents",https://www.amazon.co.uk/dp/B0G7B147QQ?th=1,1772582400000,200,英国,婴儿和幼儿玩具
1776162949402,亚马逊,B0GQPPT788,https://m.media-amazon.com/images/I/61eEvP7hJiL._AC_US200_.jpg,"215 Pieces Magnetic Balls Fidget Toys for Adults & Teens - Creative Stacking Magnet Balls for Desk Stress Relief, 8 Vibrant Colors, Buckyballs Building Blocks",https://www.amazon.co.uk/dp/B0GQPPT788?th=1,1772582400000,500,英国,Learning & Education
1776162949402,亚马逊,B0GCF9VG9V,https://m.media-amazon.com/images/I/41mnxRLWMBL._AC_US200_.jpg,"24 Pack Large 9.5cm Plastic Easter Eggs Fillable - Colorful Jumbo Eggs for Easter Egg Hunt, Party Favors & Basket Stuffers",https://www.amazon.co.uk/dp/B0GCF9VG9V?th=1,1772582400000,300,英国,Party Supplies
1776162949402,亚马逊,B0GH8PSYBK,https://m.media-amazon.com/images/I/71ZWipwYswL._AC_US200_.jpg,"6 Pack Light Up Bath Toys for Toddlers, No Hole No Mould Bathtub Cars, LED Sensory Bath Time Toys for 1 2 3+ Year Olds, Baby Shower Toy for Boys & Girls",https://www.amazon.co.uk/dp/B0GH8PSYBK?th=1,1772496000000,200,英国,婴儿和幼儿玩具
1776162949402,亚马逊,B0GL91816J,https://m.media-amazon.com/images/I/71GDdJe7CmL._AC_US200_.jpg,"24 Pack Easter Eggs Stress Squeeze Balls,Prefilled Easter Bunny Squishies Gifts for ,School Classroom Prizes,Egg Hunt, Easter Eggs Fillers (12 Bunny Squeeze Balls+12 Slow Rising )",https://www.amazon.co.uk/dp/B0GL91816J?th=1,1772496000000,200,英国,Novelty & Gag Toys
1776162949402,亚马逊,B0GJR8Y55N,https://m.media-amazon.com/images/I/51-VRLVD3+L._AC_US200_.jpg,"2 Pcs Bunny Ears Headbands, Easter Party Bag Fillers, Bendable Rabbit Ears, Easter Cute Gifts Rabbit Bunny Headband, Fluffy Animal Costume Accessory for Adults Kids Dressing Up Party, Pink",https://www.amazon.co.uk/dp/B0GJR8Y55N?th=1,1772496000000,200,英国,Party Supplies
1776162949402,亚马逊,B0GQSX4X92,https://m.media-amazon.com/images/I/61kMfFnUE2L._AC_US200_.jpg,"10*5cm Giant Mystery Dumpling Squishy, Dumpling Squishy Stress Balls, with Steamer Box, Soft Squeeze Dumplings Squishys for Stress Relief, Squishy Dumpling Fidget Toy for Adults Kids (purple)",https://www.amazon.co.uk/dp/B0GQSX4X92?th=1,1772496000000,300,英国,Novelty & Gag Toys
1776162949402,亚马逊,B0GL82FK94,https://m.media-amazon.com/images/I/81HM3YKMn5L._AC_US200_.jpg,Aphmau MeeMeows Mystery Plush Royals Litter 9 Collectible Soft Toys Royals Collection YouTube Toys 8 to Collect,https://www.amazon.co.uk/dp/B0GL82FK94?th=1,1772496000000,200,英国,Soft Toys
1776162949402,亚马逊,B0FY66RDTP,https://m.media-amazon.com/images/I/71BbOE2Zj4L._AC_US200_.jpg,"MOMUSE Hatching Unicorn Eggs for Kids 6PCS, Easter Basket Stuffers, Rainbow Surprise Eggs with Mini Unicorns Toys & Butterflies & Reusable Charm Pouches, Craft for Kids Gift 3-5 Girls Boys 3 4 5 6 7 8",https://www.amazon.co.uk/dp/B0FY66RDTP?th=1,1772496000000,300,英国,Novelty & Gag Toys
1776162949402,亚马逊,B0G2SB8LTC,https://m.media-amazon.com/images/I/71BWPKn7uLL._AC_US200_.jpg,"Light Up Bath Toys for 1 2 3 Year Old, Baby Ocean Water Toys for 6-12-18 Months with Flashing LED Lights, Baby Shower Birthday Gifts for Bathtub Toddler Kids Toys Age 1-3 (6 Pack)",https://www.amazon.co.uk/dp/B0G2SB8LTC?th=1,1772409600000,400,英国,婴儿和幼儿玩具
1776162949402,亚马逊,B0GMKRVJZ4,https://m.media-amazon.com/images/I/71L-vlaIaqL._AC_US200_.jpg,Toyland® Squishy Bao Dumpling Sensory Fidget Toy with Plastic Steamer Box - Squeeze Toys for Kids - 1 Chosen At Random - Ages 3+,https://www.amazon.co.uk/dp/B0GMKRVJZ4?th=1,1772409600000,2000,英国,Novelty & Gag Toys
1776162949402,亚马逊,B0G5WTF3MN,https://m.media-amazon.com/images/I/61MPvxPCyHL._AC_US200_.jpg,"Baby Light Up Bath Toys: 6 Pack Dinosaur Water Activated Bath Toys for 1 2 Year Old, No Hole Water Toys for Toddler Bathtub/ Swimming/Pool, Baby Shower Birthday Gifts for Boys & Girls",https://www.amazon.co.uk/dp/B0G5WTF3MN?th=1,1772409600000,300,英国,婴儿和幼儿玩具
1776162949402,亚马逊,B0GKZWS9HC,https://m.media-amazon.com/images/I/71OKaEbBXmL._AC_US200_.jpg,"6 Pcs Easter Bunny Balloons, White Easter Rabbit Head Foil Balloon, Bow Bunny Head Balloons with Ribbon Kit, Rabbit Themed Balloon for School Parades Spring Party Supplies Decorations",https://www.amazon.co.uk/dp/B0GKZWS9HC?th=1,1772323200000,200,英国,Party Supplies
1776162949402,亚马逊,B0GHSMHG16,https://m.media-amazon.com/images/I/615bfkEDX9L._AC_US200_.jpg,"Easter Gifts for Kids 3Pcs Easter Bunny Squishy Balls Toy,Stress Ball for Kids,EasterBasket Fillers,Fidget Rabbit Squeeze Toys,Party Favors Gifts for Adults Children",https://www.amazon.co.uk/dp/B0GHSMHG16?th=1,1772323200000,200,英国,Novelty & Gag Toys
1776162949402,亚马逊,B0GQ362HQB,https://m.media-amazon.com/images/I/61rY49C791L._AC_US200_.jpg,"555 PCS Water Balloons, 10 Second Rapid-Filling Self-Sealing Water Bombs, Water Balloons for Kids Easy Fill, Eco-Friendly, for Outdoor Garden, Beach, Pool Party Fight, Water Toy",https://www.amazon.co.uk/dp/B0GQ362HQB?th=1,1772323200000,400,英国,Sports Toys & Outdoor
1776162949402,亚马逊,B0GPX2K91R,https://m.media-amazon.com/images/I/51wa57SlwKL._AC_US200_.jpg,"4 Styles Mini Bunny Hug Cute Easter Gift, Minis Rabbits in Box, Bunny in A Box, Emotional Support Positive Crochet Bunny, Handmade Plush Pocket Hug Rabbit Doll, for Kids Family Friend (pink)",https://www.amazon.co.uk/dp/B0GPX2K91R?th=1,1772323200000,500,英国,Soft Toys
1776162949402,亚马逊,B0GG69NVN9,"https://m.media-amazon.com/images/I/516M3nXTG3L._AC_SR200,200_.jpg","2PCS St Patricks Day Shamrock Glasses, St Patricks Day Accessories, Irish Green Four Leaf Clover for Outdoor & Indoor Party Decorations Dress Up Costumes",https://www.amazon.co.uk/dp/B0GG69NVN9?th=1,1772236800000,200,英国,Party Supplies
1776162949402,亚马逊,B0GDXM5HHH,https://m.media-amazon.com/images/I/71xgEC8wdEL._AC_US200_.jpg,"Kids Karaoke Machine 2 Microphones, Girls Toys Age 3 4 5 6 7 8 9 10 Year Old Girls Gifts Kids Microphone and Stand Girls Birthday Presents Bluetooth Speaker with LED Lights",https://www.amazon.co.uk/dp/B0GDXM5HHH?th=1,1772236800000,300,英国,Electronic Toys
1776162949402,亚马逊,B0GQG1Z4H3,https://m.media-amazon.com/images/I/614qIBMrxZL._AC_US200_.jpg,Butter Squishy | Cheese Squishy | Salted Butter Design Stress Relief Squishies for Desk | 4oz Replica Sensory Fidget for Adults | Funny-Themed Office Decor,https://www.amazon.co.uk/dp/B0GQG1Z4H3?th=1,1772236800000,500,英国,Novelty & Gag Toys
1776162949402,亚马逊,B0GLPKB2KQ,https://m.media-amazon.com/images/I/814M06xZ8BL._AC_US200_.jpg,"3D Printed Dragon Egg with Dragon (28.5cm) Inside, 3D Printed Articulated Crystal Animals Easter Toys & Decor, Unique Easter Gift for Kids, Teens, Adults, Collectors, Rainbow Color",https://www.amazon.co.uk/dp/B0GLPKB2KQ?th=1,1772236800000,200,英国,Play Figures
1776162949402,亚马逊,B0G9MD3XKS,https://m.media-amazon.com/images/I/51K3Sg9wgRL._AC_US200_.jpg,"50 Pcs Plastic Easter Eggs, Empty Plastic Eggs to Fill (2.36 in), 6 Colors, Colorful and Vibrant, Suitable for Easter Scavenger Hunts",https://www.amazon.co.uk/dp/B0G9MD3XKS?th=1,1772150400000,300,英国,Party Supplies
1776162949402,亚马逊,B0GKVBG7SR,https://m.media-amazon.com/images/I/613qRbjWCsL._AC_US200_.jpg,"10 Pcs Squeeze Cube, Ice Cube Shape Fidget Toy, Stress Relief Sensory Toy for Gift & Party (Assorted Colors: Purple, Blue, Green, Pink, Clear, White)",https://www.amazon.co.uk/dp/B0GKVBG7SR?th=1,1772150400000,200,英国,Novelty & Gag Toys
1776162949402,亚马逊,B0G82GHQ63,"https://m.media-amazon.com/images/I/41fKANkqi+L._AC_SR200,200_.jpg","2Pcs Bunny Ears Headband Cute Easter Plush Rabbit Ears Hairbands Cosplay Costume Fancy Dress Up Accessories Fluffy Headpiece for Easters, Halloween, Christmas, Cosplay, Party White & Pink",https://www.amazon.co.uk/dp/B0G82GHQ63?th=1,1772150400000,200,英国,Dress Up & Pretend Play
1776162949402,亚马逊,B0GJLR2F8R,https://m.media-amazon.com/images/I/81tFC8DrluL._AC_US200_.jpg,"Gifts for 5 6 7 8 9 Year Old Girls, Diamond Art and Craft Kit for Kids Age 6-10, Birthday Present for 6 7 8 9 10 Years Olds Girls Toys, Bead & Diamond Painting Keyring, Creative Keychain Gift for Girl",https://www.amazon.co.uk/dp/B0GJLR2F8R?th=1,1772150400000,200,英国,Arts & Crafts
1776162949402,亚马逊,B0GCJBPYXR,https://m.media-amazon.com/images/I/81zAt9G5KPL._AC_US200_.jpg,"Gift for 6 7 5 8 9 Years Old Girls, Diamond Painting Arts and Crafts for Kids Age 7 8 9 10 11 12 Years Old Girl Gifts, DIY Butterfly Night Light Craft Birthday Presents Toys for 6-12 Girls Room Decor",https://www.amazon.co.uk/dp/B0GCJBPYXR?th=1,1772150400000,200,英国,Arts & Crafts
1776162949402,亚马逊,B0G4L94F1F,https://m.media-amazon.com/images/I/71IpHZYRnQL._AC_US200_.jpg,"12-Piece Kids Toy Set – Mini Cars, Fidget & Maze Toys in Reusable Egg Storage Box – Perfect Party Bag Fillers, Birthday Gifts, Classroom Rewards, Fun Toys for Boys & Girls Ages 3-12",https://www.amazon.co.uk/dp/B0G4L94F1F?th=1,1772064000000,200,英国,Party Supplies
1776162949402,亚马逊,B0GPV4YNKC,https://m.media-amazon.com/images/I/61W6nMwmzbL._AC_US200_.jpg,"Cheese Squishy, Big Brain Cheese Stress Ball Realistic Design, Anxiety Relief Fidget Toy Sensory Toys For Adults & Kids (A-2)",https://www.amazon.co.uk/dp/B0GPV4YNKC?th=1,1772064000000,300,英国,Novelty & Gag Toys
1776162949402,亚马逊,B0GPW3MFQQ,https://m.media-amazon.com/images/I/51mA8A1CGsL._AC_US200_.jpg,Cheese Squishy Lovely Unbreakable Cute Cheese Cute Toy Soft Foam Stress Toy for Men Women for Stress Relief Squeeze Ball,https://www.amazon.co.uk/dp/B0GPW3MFQQ?th=1,1772064000000,800,英国,Novelty & Gag Toys
1776162949402,亚马逊,B0FGY172D4,https://m.media-amazon.com/images/I/71wYe+OwlqL._AC_US200_.jpg,"MGA's Miniverse Make It Mini Animals Series 2 - Includes 1 Animal Figure with Accessories, Mini Collectibles, 8 to Collect, For Collectors and Children Ages 8+",https://www.amazon.co.uk/dp/B0FGY172D4?th=1,1771977600000,400,英国,Play Figures
1776162949402,亚马逊,B0DMPPS7JR,https://m.media-amazon.com/images/I/71YZsniyuEL._AC_US200_.jpg,Jaques of London Waddles the Duck Wooden Push Along Toy for Toddlers | Walking Duck Push Toy for 1 Year Old | Classic Wooden Duck Toy | First Birthday Gift for Boys and Girls | Since 1795,https://www.amazon.co.uk/dp/B0DMPPS7JR?th=1,1771977600000,200,英国,婴儿和幼儿玩具
1776162949402,亚马逊,B0GJ777PBW,https://m.media-amazon.com/images/I/613ecsVwmQL._AC_US200_.jpg,TY Praline Rabbit Easter Beanie Bellies 14cm Soft Plush Toy Cuddly Collectible Stuffed Toy Easter Gift for Kids,https://www.amazon.co.uk/dp/B0GJ777PBW?th=1,1771977600000,200,英国,Soft Toys
1776162949402,亚马逊,B0GFLH13CW,https://m.media-amazon.com/images/I/41hcbK-211L._AC_US200_.jpg,"4 Pcs Easter Foil Balloons, Bunny and Carrot Balloons, Cute Rabbit Balloon for Easter Party Decorations, Easter Hunt Game, Spring Celebration, Birthday, Photo Props, Home, Garden Classroom Decor",https://www.amazon.co.uk/dp/B0GFLH13CW?th=1,1771977600000,200,英国,Party Supplies
1776162949402,亚马逊,B0DM9SVDJS,https://m.media-amazon.com/images/I/81-iUlhw+zL._AC_US200_.jpg,Jaques of London Dinosaur Dominoes | Wooden Dominoes for Children | Dinosaur Game for Kids | Classic Matching Game for 1 Year Old and Above | Children's Games | Since 1795,https://www.amazon.co.uk/dp/B0DM9SVDJS?th=1,1771891200000,300,英国,Games & Accessories
1776162949402,亚马逊,B0GJ6XMQ9F,https://m.media-amazon.com/images/I/31wtHOXDMgL._AC_US200_.jpg,TY Sprout Rabbit Easter Beanie Bellies 14cm Soft Plush Toy Cuddly Collectible Stuffed Toy Easter Gift for Kids,https://www.amazon.co.uk/dp/B0GJ6XMQ9F?th=1,1771891200000,200,英国,Soft Toys
1776162949402,亚马逊,B0GM1DL3RQ,https://m.media-amazon.com/images/I/715zrAA1rNL._AC_US200_.jpg,"K-Pop Demon Hunters Assorted 500pcs Sticker Book, Official Licensed Sticker Collection, Decorative Stickers for Journals, Laptops and Fans",https://www.amazon.co.uk/dp/B0GM1DL3RQ?th=1,1771804800000,500,英国,爱好
1776162949402,亚马逊,B0GP4M9R6R,https://m.media-amazon.com/images/I/716XhiyaXCL._AC_US200_.jpg,LEGO Cute Easter Bunny Polybag/Paperbag 30716,https://www.amazon.co.uk/dp/B0GP4M9R6R?th=1,1771804800000,1000,英国,Building & Construction Toys
1776162949402,亚马逊,B0GM4SZT9N,https://m.media-amazon.com/images/I/814a13QyygL._AC_US200_.jpg,Creative building blocks for children to build their own dream playground (216 pieces),https://www.amazon.co.uk/dp/B0GM4SZT9N?th=1,1771718400000,200,英国,Building & Construction Toys
1776162949402,亚马逊,B0GP9F3LP9,https://m.media-amazon.com/images/I/61Ml9qZqgvL._AC_US200_.jpg,Premium Mystery Card Bundle – 50 Genuine Trading Cards with 10 Holo Cards + 1 Guaranteed Special Rare – No Duplicates – Collectible Pack,https://www.amazon.co.uk/dp/B0GP9F3LP9?th=1,1771632000000,300,英国,Games & Accessories
1776162949402,亚马逊,B0G7CTKRRQ,https://m.media-amazon.com/images/I/610wUXKbc0L._AC_US200_.jpg,"Soft Plush Bunny Teddy, 27cm Floppy Eared Stuffed Rabbit, Ultra-Soft Hugging Comfort Toy, Machine Washable Plush Animal Gift for Kids Ages 3+ (Brown)",https://www.amazon.co.uk/dp/B0G7CTKRRQ?th=1,1771632000000,200,英国,Soft Toys
1776162949402,亚马逊,B01N9RQMLL,https://m.media-amazon.com/images/I/81WQXZTh42L._AC_US200_.jpg,LEGO Icons Project Hail Mary - Miniature Spaceship Model Kit for Adults - Display Set w/Ryland Grace Minifigure & Rocky Figure - Sci-Fi Gift for Movie & Book Fans - 11389,https://www.amazon.co.uk/dp/B01N9RQMLL?th=1,1771632000000,700,英国,Hobbies
1776162949402,亚马逊,B0GLYYKQMF,https://m.media-amazon.com/images/I/61Cofz4eGdL._AC_US200_.jpg,Topps UCC Match Attax Extra 2026 - X Tin - contains 64 cards plus a X Greats LE card and a bonus Electrix LE card.,https://www.amazon.co.uk/dp/B0GLYYKQMF?th=1,1771632000000,200,英国,Games & Accessories
1776162949402,亚马逊,B082MJ88PC,https://m.media-amazon.com/images/I/81h98VBxgzL._AC_US200_.jpg,Jaques of London Hook the Frog | Magnetic Fishing Game for Kids | Frog Game with Number Cards | Hand Eye Coordination Game for 2 Year Olds and Above | Frog Toy | Since 1795,https://www.amazon.co.uk/dp/B082MJ88PC?th=1,1771632000000,400,英国,Learning & Education
1776162949402,亚马逊,B0GP1QMYNN,https://m.media-amazon.com/images/I/817k-mSGqkL._AC_US200_.jpg,"Peppa Pig Brian the Guinea Pig, Soft Toy, Sound Effects",https://www.amazon.co.uk/dp/B0GP1QMYNN?th=1,1771545600000,500,英国,Soft Toys
1776162949402,亚马逊,B0GDXFJ8XZ,https://m.media-amazon.com/images/I/71Nf+jcqSfL._AC_US200_.jpg,"Girls Toys Age 3-12, Karaoke Machine 2 Microphones with Adjustable Stand Birthday Gifts for Girls Microphone for Kids Toys Age 3 4 5 6 7 8 9 10 Year Old Girl Gifts",https://www.amazon.co.uk/dp/B0GDXFJ8XZ?th=1,1771545600000,300,英国,Electronic Toys
1776162949402,亚马逊,B0GMRD27RS,https://m.media-amazon.com/images/I/41JhG9v28bL._AC_US200_.jpg,tonies audio charcter Science Museum: Discovery Crew [UK],https://www.amazon.co.uk/dp/B0GMRD27RS?th=1,1771545600000,200,英国,婴儿和幼儿玩具
1776162949402,亚马逊,B0GP8X6BT9,https://m.media-amazon.com/images/I/51HMfSvQ7nL._AC_US200_.jpg,"Easter Bonnet Decoration Kit - 16 Pieces Bonet Accessories Includes Bunny, Chick, Carrot & Spring Decoration Set for Kids - DIY Easter Hat Decorating Kit for Parades, Arts & Crafts - Gift for Kids",https://www.amazon.co.uk/dp/B0GP8X6BT9?th=1,1771545600000,200,英国,Arts & Crafts
1776162949402,亚马逊,B0GP1TQD4T,https://m.media-amazon.com/images/I/81xr-zyC--L._AC_US200_.jpg,evelay Large Bingo Dabbers Pack of 6 | Mixed Colour Felt Tip Markers 40ml | Ticket Dobbers in Display Box | Smooth Clean Marking Pens for Bingo Games,https://www.amazon.co.uk/dp/B0GP1TQD4T?th=1,1771545600000,200,英国,Games & Accessories
1776162949402,亚马逊,B0FCYSDBVS,https://m.media-amazon.com/images/I/81oNYW+1BaL._AC_US200_.jpg,"Beyblade X Calibur Samurai 6-70M BX & Obsidian Shell 3-85S BX Takara Tomy Dual Pack Set with 2 Right-Spinning Tops, Battling Tops Game Toys, Ages 8+",https://www.amazon.co.uk/dp/B0FCYSDBVS?th=1,1771459200000,300,英国,Games & Accessories
1776162949402,亚马逊,B0GF63PN4Y,https://m.media-amazon.com/images/I/51Y4L+hhueL._AC_US200_.jpg,"Isisyu Easter Crafts for Kids, 12 Pack Easter Arts and Crafts Egg Bunny Chick with Self Adhesive Stickers to Make Your Own Decorations Kits for Boys Girls Toddlers Children Activities",https://www.amazon.co.uk/dp/B0GF63PN4Y?th=1,1771459200000,200,英国,Arts & Crafts
1776162949402,亚马逊,B0GP6ZY64K,https://m.media-amazon.com/images/I/81KOerEGL7L._AC_US200_.jpg,"PMS Chocolate Easter Egg Plushie, Huggable Easter Treat, Soft Toy with Embroidered Face",https://www.amazon.co.uk/dp/B0GP6ZY64K?th=1,1771459200000,600,英国,Soft Toys
1776162949402,亚马逊,B0GL43PZSS,https://m.media-amazon.com/images/I/61yRRhXSs5L._AC_US200_.jpg,"26CM Singing Doll with 5D Eyes, Fashion Character Doll For Doll Fans, Birthday Gifts",https://www.amazon.co.uk/dp/B0GL43PZSS?th=1,1771372800000,500,英国,Dolls & Accessories
1776162949402,亚马逊,B0G69M3WZ4,https://m.media-amazon.com/images/I/71+O8e+99rL._AC_US200_.jpg,"MOONTOY Bunny Toy Cars for 1 Year Old Easter Gifts, 4PCS Cute Bunny Chicky Press and Go Racing Cars, Push Car Baby Toys for 6 9 12 18 Months, Easter Basket Stuffers,1st Easter Toys for 1 Year Old",https://www.amazon.co.uk/dp/B0G69M3WZ4?th=1,1771372800000,200,英国,Play Vehicles
1776162949402,亚马逊,B09M9KBW6Y,https://m.media-amazon.com/images/I/31qceGLrXEL._AC_US200_.jpg,Squishmallows Original 7.5-Inch Mak the Lavender Cat - Easter Plush,https://www.amazon.co.uk/dp/B09M9KBW6Y?th=1,1771372800000,200,英国,Dolls & Accessories
1776162949402,亚马逊,B0GKPQ44XY,https://m.media-amazon.com/images/I/51IomZ9VfkL._AC_US200_.jpg,Pokemon Card Mega Assorted Card Bundle Pack | 20 English Pokemon Cards with 1 Special Card | Mega Evolutions & Rare Cards | Perfect for Pokémon TCG | Pokémon Booster | That Mouse Fashion,https://www.amazon.co.uk/dp/B0GKPQ44XY?th=1,1771372800000,300,英国,Games & Accessories
1776162949758,亚马逊,B0GV7WMW3R,https://m.media-amazon.com/images/I/41wwgrBaanL._AC_US200_.jpg,"YRIOWMI Electric Water Gun,Full Automatic Electric Squirt Gun 28-32 FT Range Water Pistol Blaster Soaker,Water Playing Toys for Outdoor Yard Beach Pool(Light Black)",https://www.amazon.com/dp/B0GV7WMW3R?th=1,1775088000000,300,美国,体育
1776162949758,亚马逊,B0CND95YBG,https://m.media-amazon.com/images/I/51WzG2maOQL._AC_US200_.jpg,"Aviski 24Pcs 3.15'' Painted Jumbo Large Iridescent Marble Easter Eggs for Kids Basket Bag Stuffers Fillers, Easter Hunt Game, Toys Filling Treats and Easter Theme Party Favor",https://www.amazon.com/dp/B0CND95YBG?th=1,1775001600000,300,美国,Party Supplies
1776162949758,亚马逊,B0GJSS82D7,https://m.media-amazon.com/images/I/81WZhdVyw6L._AC_US200_.jpg,"12-Piece Slime Glue Set, DIY Butter Glue, Stress-Relieving Toys, Handmade Toys, Easter Slime, Slime kit for Boys Girls (Blue)",https://www.amazon.com/dp/B0GJSS82D7?th=1,1774915200000,200,美国,新颖性
1776162949758,亚马逊,B0GS255SQ5,https://m.media-amazon.com/images/I/51VVXwe8ifL._AC_US200_.jpg,"Glitter Dumpling, Glitter Dumpling Squishy with Box, 4 Color Options Dumplings Squishy Toy for Stress Relief (Red)",https://www.amazon.com/dp/B0GS255SQ5?th=1,1774656000000,400,美国,Novelty & Gag Toys
1776162949758,亚马逊,B0GL1H7SPJ,https://m.media-amazon.com/images/I/718Cwf+6JIL._AC_US200_.jpg,"2 Pack Water Gun for Kids & Adults – 300cc Long Range Squirt Gun Blaster, Powerful Water Gun for Pool Beach Outdoor Summer Water Squirter Summer Fight Toys for Boys Girls",https://www.amazon.com/dp/B0GL1H7SPJ?th=1,1774569600000,200,美国,体育
1776162949758,亚马逊,B079CH7PLF,https://m.media-amazon.com/images/I/61ig9IQaxlL._AC_US200_.jpg,"Fat Brain Toys Original Dimpl Brand Baby Toy, Sensory Toys for Babies 10 Months+, Interactive Baby Toys, Fidget Toys, 1 Piece",https://www.amazon.com/dp/B079CH7PLF?th=1,1774569600000,200,美国,婴幼儿
1776162949758,亚马逊,B0GSF8898Q,https://m.media-amazon.com/images/I/71rLdTWwLiL._AC_US200_.jpg,"Glitter Dumpling, Glitter Dumpling Squishy with Box, Colorful Dumplings Stress Balls Fidget Toy, Dumplings Sensory Desk Toy for Stress Relief (Colorful)",https://www.amazon.com/dp/B0GSF8898Q?th=1,1774569600000,200,美国,Novelty & Gag Toys
1776162949758,亚马逊,B0GS59VPDZ,https://m.media-amazon.com/images/I/810SB8Uxr3L._AC_US200_.jpg,"America 250th Anniversary Commemorative Coin,USA 250th Anniversary Coin Challenge,for Patriotism,250 Year American Anniversary Coin American Eagle & Patriotic Symbols Collectible (Style 2)",https://www.amazon.com/dp/B0GS59VPDZ?th=1,1774483200000,400,美国,新颖性
1776162949758,亚马逊,B0GQXJLXHZ,https://m.media-amazon.com/images/I/61Sh6jnOQzL._AC_US200_.jpg,"Dumpling Squishy Toy, Soft Slow Rebound Squishy Dumpling Toy, Sensory Fidget Stress Ball for Kids & Adults, Easter Basket Stuffers",https://www.amazon.com/dp/B0GQXJLXHZ?th=1,1774396800000,300,美国,Novelty & Gag Toys
1776162949758,亚马逊,B0G6YX59QZ,https://m.media-amazon.com/images/I/710yoYUL4oL._AC_US200_.jpg,"EagleStone Bubble Guns Machine for Toddlers, Automatic Light Up Bubble Blower with 4 Pre-Filled Bubble Solution, 10,000 Bubbles/Minute, Outdoor, Birthday, Easter, for Boys and Girls 3+",https://www.amazon.com/dp/B0G6YX59QZ?th=1,1774310400000,200,美国,体育
1776162949758,亚马逊,B0GS1WYHDS,https://m.media-amazon.com/images/I/71fK4PW0LlL._AC_US200_.jpg,"Glitter Dumpling, Glitter Dumpling Squishy with Box, 4 Color Options Dumplings Squishy Toy for Stress Relief (White)",https://www.amazon.com/dp/B0GS1WYHDS?th=1,1774310400000,1000,美国,Novelty & Gag Toys
1776162949758,亚马逊,B0GHQN762M,https://m.media-amazon.com/images/I/71xQ0a2OR-L._AC_US200_.jpg,"Kids Pool Floats with Water Gun, Shark Toddler Inflatable Pool Toys for Kids Age 3-8 Years Old, Summer Outdoor Water, Beach, Swimming Pool Toys Gift for Boys and Girls",https://www.amazon.com/dp/B0GHQN762M?th=1,1774310400000,200,美国,体育
1776162949758,亚马逊,B0GL7C3VGS,https://m.media-amazon.com/images/I/71nEhKyVhrL._AC_US200_.jpg,"Squishy Pack, Fidget Toys Kit, Include taba Squishies Party Favors for Kids 4-8 8-12 Treasure Box Toys for Classroom Birthday Xmas Gifts for Girls Boys Goodie Bag Stocking Stuffers for Teens",https://www.amazon.com/dp/B0GL7C3VGS?th=1,1774310400000,200,美国,Novelty & Gag Toys
1776162949758,亚马逊,B0GL3DTHX8,https://m.media-amazon.com/images/I/61wEaqLCq-L._AC_US200_.jpg,Water Balloons Instant Balloons Easy Quick Fill Splash Fun for All Age Balloons Set Party Games Quick Fill Balloons for Outdoor Summer Funs (Jet Black),https://www.amazon.com/dp/B0GL3DTHX8?th=1,1774224000000,200,美国,体育
1776162949758,亚马逊,B0GPY7LF1Q,https://m.media-amazon.com/images/I/51VaQirsOpL._AC_US200_.jpg,20Pcs Taba Squishy Toys kit With Toy Box- Kawaii Taba Squishies Stress Relief Toys for Kids- Squishy Fidget Squeeze Toys for Girls 8-10-6 7 8 9 10 11 12 Year Old Girl Birthday Gift-Kids Toys Girls 6-8,https://www.amazon.com/dp/B0GPY7LF1Q?th=1,1774224000000,500,美国,Novelty & Gag Toys
1776162949758,亚马逊,B0GRPF4V9Q,https://m.media-amazon.com/images/I/71JYICZAslL._AC_US200_.jpg,"Butter Bread Squishy, Sensory Fidget for Adults & Teens ADHD Anxiety Relief, Realistic Bread Squishy with Butter Scent, Fun Party Favors & Stocking Stuffers Gift (White)",https://www.amazon.com/dp/B0GRPF4V9Q?th=1,1774224000000,200,美国,Novelty & Gag Toys
1776162949758,亚马逊,B0GF78RQNZ,https://m.media-amazon.com/images/I/71UzYEflK6L._AC_US200_.jpg,"Hugut 2026 Upgraded 3-Tier Water Table for Ages 3–8 – Outdoor Backyard Sensory Activity Table with Fun Water Play Accessories, Summer Gift for Boys and Girls",https://www.amazon.com/dp/B0GF78RQNZ?th=1,1774137600000,400,美国,运动与户外游戏
1776162949758,亚马逊,B0GSB6Z519,https://m.media-amazon.com/images/I/71lbXnR+bqL._AC_US200_.jpg,"D-emon H-unters Action Figures,Korean Idol Doll,3pcs H-unters Doll Model Set, Anime Character Figures, Desktop Decorations, Home & Office Decoration Accessories (3pcs)",https://www.amazon.com/dp/B0GSB6Z519?th=1,1774137600000,500,美国,娃娃
1776162949758,亚马逊,B0GS29C15P,https://m.media-amazon.com/images/I/51A3gQeCjYL._AC_US200_.jpg,"Glitter Dumpling, Glitter Dumpling Squishy with Box, 4 Color Options Dumplings Squishy Toy for Stress Relief (Gold)",https://www.amazon.com/dp/B0GS29C15P?th=1,1774137600000,800,美国,Novelty & Gag Toys
1776162949758,亚马逊,B0GS1NP7Y4,https://m.media-amazon.com/images/I/81Q3KPaHMXL._AC_US200_.jpg,"80Pcs Demon Hunters Stickers, Waterproof Vinyl Decals for Laptop, Water Bottle, Skateboard, Phone – Korean Hip Hop Aesthetic Holiday Gift for Fans",https://www.amazon.com/dp/B0GS1NP7Y4?th=1,1774137600000,2000,美国,艺术
1776162949758,亚马逊,B0GSFZ7176,https://m.media-amazon.com/images/I/61+ODGHusGL._AC_US200_.jpg,"Cheese Squishy Toy Slow Rising, Soft Squishy Cheese Block Squeeze Fidget Toy, Mini Stress Relief Sensory Toy for Kids Adults, Cute Desk Toy Gift (1PCS)",https://www.amazon.com/dp/B0GSFZ7176?th=1,1774137600000,800,美国,Novelty & Gag Toys
1776162949758,亚马逊,B0GGHSJKTQ,https://m.media-amazon.com/images/I/513WLnfhZ8L._AC_US200_.jpg,999 PCS Summer Fun Water Balloons for Kids Adults Quick Fill Water Balloons Set Summer Splash Party Easy Quick Fun Outdoor Backyard for Swimming Pool A12,https://www.amazon.com/dp/B0GGHSJKTQ?th=1,1774051200000,200,美国,派对用品
1776162949758,亚马逊,B0G6Z7775B,https://m.media-amazon.com/images/I/81XtWXZwaTL._AC_US200_.jpg,"EagleStone 32 Pcs Star Bubble Wands Bulk for Kids, 8 Color Mini Bubble Party Favors, Goodie Bag Stuffers, Classroom Prizes, Birthday Gifts, Easter Basket, Carnival, Summer Outdoor Toys for Toddlers",https://www.amazon.com/dp/B0G6Z7775B?th=1,1774051200000,300,美国,体育
1776162949758,亚马逊,B0GFNMG7N5,https://m.media-amazon.com/images/I/51Z-gAJYIwL._AC_US200_.jpg,"24pcs Prefilled Easter Eggs with Animal Squishy Toys, Party Favors for Kids, Easter Basket Stuffers Egg Hunt Egg Fillers Mochi Squeeze Toys for Boys Girls, Birthday Gifts, Classroom Prizes",https://www.amazon.com/dp/B0GFNMG7N5?th=1,1774051200000,300,美国,Party Supplies
1776162949758,亚马逊,B0GGH4KF3M,https://m.media-amazon.com/images/I/81hxdn9PtPL._AC_US200_.jpg,"2 Packs Easter 3D Printed Dinosaur Toys for Boys 3-5 Years, Skeleton T-Rex Figure with Large Storage Crystal Eggs, Easter and Birthday Gifts Fidget Toys for 3 4 5 6 7 8 9 10 11 12 Years Old Boys Girls",https://www.amazon.com/dp/B0GGH4KF3M?th=1,1773964800000,300,美国,玩具图
1776162949758,亚马逊,B0GS1CXZVR,https://m.media-amazon.com/images/I/61ZVqvIDH-L._AC_US200_.jpg,可塑形软软减压球——成人和儿童真空填充感官玩具，软弹性挤压玩具缓解焦虑，安抚生日礼物，随机颜色,https://www.amazon.com/dp/B0GS1CXZVR?th=1,1773964800000,200,美国,Novelty & Gag Toys
1776162949758,亚马逊,B0GK5XVN75,https://m.media-amazon.com/images/I/81yb+V1JybL._AC_US200_.jpg,"2 Pack Electric Water Guns for Adults & Kids, Automatic Squirt Guns with 33FT Range & 400CC Tank, Muzzle Flash LED Light, Outdoor Summer Pool Water Toys (Black & Blue)",https://www.amazon.com/dp/B0GK5XVN75?th=1,1773964800000,200,美国,体育
1776162949758,亚马逊,B0DZVV3MQ1,https://m.media-amazon.com/images/I/81UYAhT9IqL._AC_US200_.jpg,"Squishy Stress Cube for Kids Adults, Slow Rising Stretchy Ice Cube Sugar Balls Squeeze Toys for Boys Girls, Sensory Fidget Toys Stress Balls Anxiety Relief for Autism, Ideal Gifts, Ages 3+",https://www.amazon.com/dp/B0DZVV3MQ1?th=1,1773964800000,200,美国,Novelty & Gag Toys
1776162949758,亚马逊,B0GGY9HW9N,https://m.media-amazon.com/images/I/71-1gfdm3TL._AC_US200_.jpg,"Miucat 96 Pcs Golf Party Decorations Golf Party Supplies Plates and Napkins, Disposable Tableware for Golf Ball Themed Birthday Party Baby Shower Serves 24",https://www.amazon.com/dp/B0GGY9HW9N?th=1,1773964800000,200,美国,派对用品
1776162949758,亚马逊,B0GL75H25F,https://m.media-amazon.com/images/I/610dsClmA8L._AC_US200_.jpg,"Action Figures Set, 5 Pcs Game Figures Toys with Light, Movable Toys Dolls with Light, Collectible Gifts and Cake Toppers",https://www.amazon.com/dp/B0GL75H25F?th=1,1773878400000,300,美国,玩具图
1776162949758,亚马逊,B0GJ46TD34,https://m.media-amazon.com/images/I/71T9qMNYrlL._AC_US200_.jpg,"Kids Pool Floats with Water Gun, Mermaid Toddler Inflatable Pool Toys for Kids Age 3-8 Years Old, Summer Outdoor Water, Beach, Swimming Pool Toys Gift for Girls",https://www.amazon.com/dp/B0GJ46TD34?th=1,1773878400000,200,美国,体育
1776162949758,亚马逊,B0GKQS539C,https://m.media-amazon.com/images/I/51BSDYlvgdL._AC_US200_.jpg,"24 Pack Prefilled Mystery Eggs with Axolotl Squishy Toys, Party Favor Toys for Kids, Classroom Prizes, Treasure Box Toys, Goodie Bag Fillers, Small Fidget Sensory Toys Bulk",https://www.amazon.com/dp/B0GKQS539C?th=1,1773878400000,500,美国,Party Supplies
1776162949758,亚马逊,B0GR3ZXW5P,https://m.media-amazon.com/images/I/81WabL8+5QL._AC_US200_.jpg,"50 PCS Pokémon Stickers Cute Cartoon Monster Stickers,Japanese Anime Stickers,Vinyl Sticker for Water Bottle Laptop Phone Scrapbooking Journaling for Adults Teens for Party Supply Favor Decor (PKM)",https://www.amazon.com/dp/B0GR3ZXW5P?th=1,1773878400000,500,美国,艺术
1776162949758,亚马逊,B0GRPNSKT2,https://m.media-amazon.com/images/I/71y9uaMG+pL._AC_US200_.jpg,"Butter Bread Squishy, Sensory Fidget for Adults & Teens ADHD Anxiety Relief, Realistic Bread Squishy with Butter Scent, Fun Party Favors & Stocking Stuffers Gift (Yellow)",https://www.amazon.com/dp/B0GRPNSKT2?th=1,1773878400000,400,美国,Novelty & Gag Toys
1776162949758,亚马逊,B0GCH64258,https://m.media-amazon.com/images/I/7180gV5XriL._AC_US200_.jpg,"Fish Card Game for Adults, 2 Pack, The Grown Up Go Fish Card Game You've Always Wanted, Night Party Family Interactive Fun, Gag Gift for Frie",https://www.amazon.com/dp/B0GCH64258?th=1,1773878400000,1000,美国,游戏
1776162949758,亚马逊,B0GSTZH7WL,https://m.media-amazon.com/images/I/61L+bWh74+L._AC_US200_.jpg,"Mahjong Cards 2026, 4 PCS Mah Jongg Card Large Print, Easy to Read Rule Cards for Mah Jongg, Perfect Mahjong Accessories and Gifts for Mahjong Beginners",https://www.amazon.com/dp/B0GSTZH7WL?th=1,1773878400000,700,美国,游戏
1776162949758,亚马逊,B0GL1Q8TN2,https://m.media-amazon.com/images/I/71VEA2vU4AL._AC_US200_.jpg,"Sensory Squeezing Water Bath Toys for Toddlers,3PCS Bath Tub Pool Floating Toys for Babies Kids 1-3，Textured Fidget Toys Stocking Stuffers Gifts for Boys Girls Ages 1+",https://www.amazon.com/dp/B0GL1Q8TN2?th=1,1773878400000,300,美国,婴幼儿
1776162949758,亚马逊,B0G5YL8FVW,https://m.media-amazon.com/images/I/81NBu2fYlQL._AC_US200_.jpg,"VOMAOK Easter Eggs Filled with Sticky Hands –24 Pack Pre-Filled Easter Eggs with 24 Assorted Sticky Hands Toys, Easter Basket Stuffers for Kids, Party Favors",https://www.amazon.com/dp/B0G5YL8FVW?th=1,1773792000000,800,美国,Party Supplies
1776162949758,亚马逊,B0GG5LV1GN,https://m.media-amazon.com/images/I/814BnhPK5IL._AC_US200_.jpg,"Qudoustar 100 Pack 3 Inch Large Fillable Plastic Easter Eggs Bulk Includes 6 Surprise Golden Eggs, Bright Colors Empty Eggs for Easter Hunt Basket Stuffers Party Favors",https://www.amazon.com/dp/B0GG5LV1GN?th=1,1773792000000,400,美国,Party Supplies
1776162949758,亚马逊,B0G51RMM8D,https://m.media-amazon.com/images/I/71qYlt3iYwL._AC_US200_.jpg,"Cloud Stress Ball - Nice Sensory Squishy Squeeze Cute Fidget Toy with Slow Rise Squish - 3"" Cloud",https://www.amazon.com/dp/B0G51RMM8D?th=1,1773792000000,300,美国,Novelty & Gag Toys
1776162949758,亚马逊,B0GBKKXDL1,https://m.media-amazon.com/images/I/51MhdPhoadL._AC_US200_.jpg,12 Pack Easter Eggs Squeeze Toys Stress Balls Squishy Toys for Kids Boys Girls Easter Basket Stuffers Egg Fillers Easter Egg Hunt Party Favors Gifts,https://www.amazon.com/dp/B0GBKKXDL1?th=1,1773792000000,1000,美国,Novelty & Gag Toys
1776162949758,亚马逊,B0GDWCFBMG,https://m.media-amazon.com/images/I/517o78DNeTL._AC_US200_.jpg,"Electric Water Gun for Adults Kids,Realistic SMG,Rechargeable,Automatic Squirt Watergun,for Boys Girls,Pool Party Outdoor Toy,Summer Game,Long Range,2026 LED Electric Water Guns(2 Pack Pink Red,Black)",https://www.amazon.com/dp/B0GDWCFBMG?th=1,1773792000000,200,美国,体育
1776162949758,亚马逊,B0GKZCMVSC,https://m.media-amazon.com/images/I/512nf1D1AzL._AC_US200_.jpg,Hidreas 36 Pcs DIY Easter Wooden Magnets Art Craft Supplies Painting Kit Easter Activities for Kids,https://www.amazon.com/dp/B0GKZCMVSC?th=1,1773792000000,300,美国,艺术
1776162949758,亚马逊,B0GSW3S37P,https://m.media-amazon.com/images/I/71+IehUCouL._AC_US200_.jpg,"Bubble Machine with Light and Music for Outdoor, Automatic Bubbles Blower Maker for Kids & Adults, Bubble Blower and Wand Toy, Battery Bubbles Blower Machine for Wedding Birthday Party",https://www.amazon.com/dp/B0GSW3S37P?th=1,1773705600000,300,美国,体育
1776162949758,亚马逊,B0GR565B5F,https://m.media-amazon.com/images/I/51QFNKCanrL._AC_US200_.jpg,2026 New Cheese Squishy,https://www.amazon.com/dp/B0GR565B5F?th=1,1773705600000,300,美国,Novelty & Gag Toys
1776162949758,亚马逊,B0G29SNWZ5,https://m.media-amazon.com/images/I/81fuWxd3beL._AC_US200_.jpg,Treasure Cove Flower Foam Stickers Self-Adhesive Spring Foam Sticker Cartoon Flower Shapes Decals for Kids DIY Crafts School Classrooms Scrapbooking Art Decor 306Pcs,https://www.amazon.com/dp/B0G29SNWZ5?th=1,1773705600000,200,美国,艺术
1776162949758,亚马逊,B0GS89CYHN,https://m.media-amazon.com/images/I/41k6+y2wZ5L._AC_US200_.jpg,"Squishies Stress Cube Toys, Adults Squishies Anxiety Relief Maltose Ball, Gel Filled Stretchy Stress Balls for Anxiety Relief, Sensory & Focus, Novel Design Cool Colorful Fidgets Cubes",https://www.amazon.com/dp/B0GS89CYHN?th=1,1773705600000,300,美国,Novelty & Gag Toys
1776162949758,亚马逊,B0GS825K8X,https://m.media-amazon.com/images/I/418fl1TK4TL._AC_US200_.jpg,"Squishies Stress Cube Toys, Adults Squishies Anxiety Relief Maltose Ball, Gel Filled Stretchy Stress Balls for Anxiety Relief, Sensory & Focus, Novel Design Cool Colorful Fidgets Cubes",https://www.amazon.com/dp/B0GS825K8X?th=1,1773705600000,300,美国,Novelty & Gag Toys
1776162949758,亚马逊,B0GS8116X6,https://m.media-amazon.com/images/I/71eY9sJPwAL._AC_US200_.jpg,"Squishies Stress Cube Toys, Adults Squishies Anxiety Relief Maltose Ball, Gel Filled Stretchy Stress Balls for Anxiety Relief, Sensory & Focus, Novel Design Cool Colorful Fidgets Cubes",https://www.amazon.com/dp/B0GS8116X6?th=1,1773705600000,300,美国,Novelty & Gag Toys
1776162949758,亚马逊,B0GR8JT4KF,https://m.media-amazon.com/images/I/71I-oFvaieL._AC_US200_.jpg,"Dumpling Squishies, Giant Glitter Dumpling, Colorful Dumplings Stress Balls Fidget Sensory Stress Ball,Squeeze Dough Ball Stress Relief Hand Stress Ball with Food Steamer Stretchy Desk (Pink)",https://www.amazon.com/dp/B0GR8JT4KF?th=1,1773705600000,400,美国,新颖性
1776162949758,亚马逊,B0G5VQC5ZW,https://m.media-amazon.com/images/I/51QK7uWc96L._AC_US200_.jpg,"50 PCS 3 Inch Large Plastic Easter Eggs Bulk Include Surprise Golden Eggs, Colorful Fillable Empty Eggs for Easter Basket Stuffers Fillers Easter Hunt Filling Party Favors Classroom Prize Supplies",https://www.amazon.com/dp/B0G5VQC5ZW?th=1,1773705600000,400,美国,Party Supplies
1776162949758,亚马逊,B0GJZ8ZS71,https://m.media-amazon.com/images/I/61ymEvY+BgL._AC_US200_.jpg,"Cute Cartoon Cake Topper Anime Theme Cake Decoration Suitable For Boys And Girls Birthday Cake Toppers, Cartoon Blue Theme Birthday Party Decorations (Blue)",https://www.amazon.com/dp/B0GJZ8ZS71?th=1,1773705600000,300,美国,派对用品
1776162949758,亚马逊,B0GGXNQZF1,https://m.media-amazon.com/images/I/71r4kLYXuFL._AC_US200_.jpg,"60Pcs Mini Squishies Toys, Fidget Toys, Taba Squishies, Party Favors for Kids 4-8 8-12, Birthday Christmas Goodie Bag Fillers, Cute Squishys Pack, Stress Relief, Anxiety Toys for Boys Girls",https://www.amazon.com/dp/B0GGXNQZF1?th=1,1773705600000,200,美国,Novelty & Gag Toys
1776162949758,亚马逊,B0GG5XTCL7,https://m.media-amazon.com/images/I/51zNwZR8yuL._AC_US200_.jpg,"Qudoustar 200 Pack Easter Eggs Bulk 2.4 Inch Includes 6 Surprise Golden Eggs, Bright Colors Empty Fillable Plastic Eggs for Easter Hunt, Easter Basket Stuffers Fillers Party Favors Classroom Prize",https://www.amazon.com/dp/B0GG5XTCL7?th=1,1773705600000,300,美国,Party Supplies
1776162949758,亚马逊,B0GG66XMFH,https://m.media-amazon.com/images/I/51zNwZR8yuL._AC_US200_.jpg,"Qudoustar 150 Pack 3 Inch Large Easter Eggs Bulk Includes 6 Surprise Golden Eggs, Bright Colors Empty Fillable Plastic Eggs for Easter Hunt, Easter Basket Stuffers Fillers Party Favors",https://www.amazon.com/dp/B0GG66XMFH?th=1,1773705600000,200,美国,Party Supplies
1776162949758,亚马逊,B0G6JRRQRL,https://m.media-amazon.com/images/I/61XvoibeJEL._AC_US200_.jpg,"WOWSCAN [ 6 Surprise Golden Eggs ] 200 PACK Prefilled Easter Egg Fillers with Novelty Toys Inside, Easter Basket Stuffers Classroom Prizes Supplies Egg Hunt Party Favors for Kids Toddlers Boys Girls",https://www.amazon.com/dp/B0G6JRRQRL?th=1,1773705600000,400,美国,Party Supplies
1776162949758,亚马逊,B0G48N1ZMK,https://m.media-amazon.com/images/I/31ilt2rK+YL._AC_US200_.jpg,PartyWoo White Linking Balloons 100pcs 6 Inch White Link Balloons for Wedding Baby Shower Birthday Bridal Shower Graduation Engagement Princess Anniversary Party Decorations White-y13,https://www.amazon.com/dp/B0G48N1ZMK?th=1,1773705600000,200,美国,派对用品
1776162949758,亚马逊,B0GR8GD2T5,https://m.media-amazon.com/images/I/61G5tCeP-7L._AC_US200_.jpg,"Dumpling Squishies Toy,Mystery Squishy Dumpling Box,Cute Anxiety Relief Fidget Toy,Jumbo Squishy Toy with Steamer Box,Soft Squeeze Decompression Dough for Adults& Kids (Pink)",https://www.amazon.com/dp/B0GR8GD2T5?th=1,1773705600000,700,美国,Novelty & Gag Toys
1776162949758,亚马逊,B0GHN8542Z,https://m.media-amazon.com/images/I/61yFPNa2Q5L._AC_US200_.jpg,"Squishy Ice Cube Fidget Toy, Sugar Ball Stress Cube for Kids Adults, Soft Squishies Stress Relief Sensory Toy for Autism, Classroom Prize Toy Party Favor",https://www.amazon.com/dp/B0GHN8542Z?th=1,1773705600000,400,美国,Novelty & Gag Toys
1776162949758,亚马逊,B0GLF2N5D2,https://m.media-amazon.com/images/I/51jJ6MKWP6L._AC_US200_.jpg,"Adult-Size Flow 7cm Stress Cube – Larger Than Mini Squishy Cubes, Slow-Rise Sensory Fidget for Stress Relief, Focus & Light Hand Exercise – Safe for Ages 3+ (Green)",https://www.amazon.com/dp/B0GLF2N5D2?th=1,1773705600000,200,美国,Novelty & Gag Toys
1776162949758,亚马逊,B0G4M6ZNCS,https://m.media-amazon.com/images/I/51i5EMJJ3IL._AC_US200_.jpg,Fancy Land Easter Story Wooden Puzzle 12Pcs Religious Wood Eggs Peg Puzzle Set for Holy Week Christian Gifts Easter Basket Stuffers Sunday School Party Favor Church Activity Classroom Game Supplies,https://www.amazon.com/dp/B0G4M6ZNCS?th=1,1773705600000,200,美国,拼图
1776162949758,亚马逊,B0GQ9QXJKX,https://m.media-amazon.com/images/I/71f49BAxA+L._AC_US200_.jpg,"Mah Jong 2025 Card Large Print Official Revision, Easy to Read Rule Cards, 4-Pack",https://www.amazon.com/dp/B0GQ9QXJKX?th=1,1773705600000,400,美国,游戏
1776162949758,亚马逊,B0GSGGJC63,https://m.media-amazon.com/images/I/41i72BAAXpL._AC_US200_.jpg,"Glitter Dumpling, Glitter Dumpling Squishies with Box,Dumplings Stress Balls Fidget Sensory Balls,Dumplings Sensory Squeeze Toy for Stress Relief",https://www.amazon.com/dp/B0GSGGJC63?th=1,1773705600000,200,美国,Novelty & Gag Toys
1776162949758,亚马逊,B0GS65CDJX,https://m.media-amazon.com/images/I/31Z9mRsve6L._AC_US200_.jpg,Super Cheese Squishy Big Giant Large Cube Block Slow Rising Squeeze Toy squeezable Stress Relief Original Sensory / Fidget Novelty Toy and Gift for Adults (4in),https://www.amazon.com/dp/B0GS65CDJX?th=1,1773705600000,300,美国,Novelty & Gag Toys
1776162949758,亚马逊,B0GQKMYTPV,https://m.media-amazon.com/images/I/313VQo-109L._AC_US200_.jpg,"Yellow Cheese Squishy Slow Rising, Squishy Squeeze Cheese Block, Soft Novelty Toy, Stress Balls for Adults Rebounding Sensory Squishys Cheese (2.75in)",https://www.amazon.com/dp/B0GQKMYTPV?th=1,1773705600000,1000,美国,Novelty & Gag Toys
1776162949758,亚马逊,B0G2BMFJTL,https://m.media-amazon.com/images/I/512LiNIRBtL._AC_US200_.jpg,"15 Ft Flexible Race Track for Kids, DIY Car Track Set with 2 Toy Cars & 3 Suction Cup Ramps, Easter Basket Stuffers for Teens & Boys Girls, Creative Easter Gifts for Kids, Orange",https://www.amazon.com/dp/B0G2BMFJTL?th=1,1773705600000,200,美国,车辆
1776162949758,亚马逊,B0GSFZBLLZ,https://m.media-amazon.com/images/I/51OxN9E8M+L._AC_US200_.jpg,"Butter Squishy, 2026 New 5.51x1.57inch Slow Rising Sensory Relaxation Tool, Premium Stress Relief Ball for Anxiety Relief, Party Favors & Office Daily Use (1 Pcs)",https://www.amazon.com/dp/B0GSFZBLLZ?th=1,1773705600000,1000,美国,Novelty & Gag Toys
1776162949758,亚马逊,B0GRBCFW4C,https://m.media-amazon.com/images/I/81ID8jydREL._AC_US200_.jpg,"AIR BLOW Reusable Water Painting Book for Kids, 4 Pack Mess-Free Water Coloring Books with Water Pen Fairy Tale, Ocean & Animal Themes for Ages 3+, Portable Educational Travel Activity Toys",https://www.amazon.com/dp/B0GRBCFW4C?th=1,1773619200000,200,美国,艺术
1776162949758,亚马逊,B0GSFHHKQM,https://m.media-amazon.com/images/I/61bmEXcodsL._AC_US200_.jpg,"RTTUIOP Dream Squishy Drop Squishy Stress Ball,Water Drop Fidget Stress Ball,Ice Squishys Stress Cube-Drop Malt Sugar Balls Sensory for Relief Anxiety Purple",https://www.amazon.com/dp/B0GSFHHKQM?th=1,1773619200000,400,美国,Novelty & Gag Toys
1776162949758,亚马逊,B0GRR575HK,https://m.media-amazon.com/images/I/81J4Xdii2FL._AC_US200_.jpg,"Korean Idol Demon Movie Birthday Party Decorations, 9PCS Korean Idol Movie Theme Balloons Decoration for Girls Boys & Adults Birthday Decorations and Party Supplies",https://www.amazon.com/dp/B0GRR575HK?th=1,1773619200000,400,美国,派对用品
1776162949758,亚马逊,B0G5V785NR,https://m.media-amazon.com/images/I/71saFlhqclL._AC_US200_.jpg,"Tub Works® Bugs™ Light Up Bath Toys, 6 Pack | Water-Activated Light Up Toys Flash & Change Color | Easy-Grip Baby Girl & Toddler Bath Toys | Glow Bugs for Kids | Sensory Bathtub Toys with Bath Lights",https://www.amazon.com/dp/B0G5V785NR?th=1,1773619200000,3000,美国,婴幼儿
1776162949758,亚马逊,B0GS8Q4VDJ,https://m.media-amazon.com/images/I/41N+Y9rn3FL._AC_US200_.jpg,"Squishies Stress Cube Toys, Adults Squishies Anxiety Relief Maltose Ball, Gel Filled Stretchy Stress Balls for Anxiety Relief, Sensory & Focus, Novel Design Cool Colorful Fidgets Cubes",https://www.amazon.com/dp/B0GS8Q4VDJ?th=1,1773619200000,400,美国,Novelty & Gag Toys
1776162949758,亚马逊,B0GSJCMGSP,https://m.media-amazon.com/images/I/61+XVIDfZZL._AC_US200_.jpg,Squishy Stress Ball for Adults Water Drop Fidget Squishy Stress Squishy Malt Sugar Sensory Balls for Anxiety Stress Relief Pink,https://www.amazon.com/dp/B0GSJCMGSP?th=1,1773619200000,200,美国,Novelty & Gag Toys
1776162949758,亚马逊,B0GL7MJT7M,https://m.media-amazon.com/images/I/515P9DfH62L._AC_US200_.jpg,"Anime Super Hero Action Figures Set, Collectible Warrior Figurines, 7.8Inch Energy Style Character Models for Display, Party Favors & Gift Collection (8PCS)",https://www.amazon.com/dp/B0GL7MJT7M?th=1,1773619200000,300,美国,玩具图
1776162949758,亚马逊,B0GL791C5G,https://m.media-amazon.com/images/I/714dqZKJv0L._AC_US200_.jpg,"Anime Super Hero Action Figures Set, Collectible Warrior Figurines, 7.8Inch Energy Style Character Models for Display, Party Favors & Gift Collection (6PCS)",https://www.amazon.com/dp/B0GL791C5G?th=1,1773619200000,300,美国,玩具图
1776162949758,亚马逊,B0G48PPMXZ,https://m.media-amazon.com/images/I/41L7XiJZhdL._AC_US200_.jpg,PartyWoo Metallic Gold Linking Balloons 100pcs 6 Inch Gold Link Balloons for Birthday Wedding Anniversary Graduation Bachelorette Retirement Engagement Disco Party Decorations Gold-G101,https://www.amazon.com/dp/B0G48PPMXZ?th=1,1773619200000,200,美国,派对用品
1776162949758,亚马逊,B0GRGX18ND,https://m.media-amazon.com/images/I/717Tu4FnnsL._AC_US200_.jpg,"Personalised Mini Plush House, This product is intended for use only by individuals aged 14 and above.",https://www.amazon.com/dp/B0GRGX18ND?th=1,1773619200000,200,美国,填充的动物
1776162949758,亚马逊,B0GSFHVL5K,https://m.media-amazon.com/images/I/61+XVIDfZZL._AC_US200_.jpg,"RTTUIOP Dream Squishy Drop Squishy Stress Ball,Water Drop Fidget Stress Ball,Ice Squishys Stress Cube-Drop Malt Sugar Balls Sensory for Relief Anxiety Pink",https://www.amazon.com/dp/B0GSFHVL5K?th=1,1773619200000,800,美国,Novelty & Gag Toys
1776162949758,亚马逊,B0GCZPTHRD,https://m.media-amazon.com/images/I/41hMUI9uWxL._AC_US200_.jpg,"Jasonwell Kiddie Baby Pool with Canopy - Foldable Infant Toddler Kids Pool with Shade Baby Beach Essentials Tent Swimming Wading Pools for Toddlers 1-3 + Kids Dogs Ball Pit Backyard Water Play R, 48""",https://www.amazon.com/dp/B0GCZPTHRD?th=1,1773619200000,200,美国,体育
1776162949758,亚马逊,B0GCZSJS6G,https://m.media-amazon.com/images/I/81rMnJjyRGL._AC_US200_.jpg,"Jasonwell Kiddie Baby Pool with Canopy - Foldable Infant Toddler Kids Pool with Shade Baby Beach Essentials Tent Swimming Wading Pools for Toddlers 1-3 + Kids Dogs Ball Pit Backyard Water Play G, 48""",https://www.amazon.com/dp/B0GCZSJS6G?th=1,1773619200000,300,美国,体育
1776162949758,亚马逊,B0G51PM89Y,https://m.media-amazon.com/images/I/81-Qiiib2gL._AC_US200_.jpg,"Cool Cube with Glitter - Nice Sensory Squishy Squeeze Cute Fidget Toy with Slow Rise Squish - 2.25"" Cube",https://www.amazon.com/dp/B0G51PM89Y?th=1,1773619200000,400,美国,Novelty & Gag Toys
1776162949758,亚马逊,B0GS17P9Z1,https://m.media-amazon.com/images/I/41DOsxnuOkL._AC_US200_.jpg,"Dumpling Squishies, Giant Glitter Dumplings, Colorful Steamed Buns Stress Relief Balls, Comes with Steamer Basket Design for Stress Relief Gifts, Perfect for Release Tension (Purple)",https://www.amazon.com/dp/B0GS17P9Z1?th=1,1773619200000,500,美国,Novelty & Gag Toys
1776162949758,亚马逊,B0G51KSP6B,https://m.media-amazon.com/images/I/51nm7+Z2AHL._AC_US200_.jpg,"Cool Ice Cube with Snowflakes - Nice Sensory Squishy Squeeze Cute Fidget Toy with Slow Rise Squish - 2.25"" Cube",https://www.amazon.com/dp/B0G51KSP6B?th=1,1773619200000,500,美国,Novelty & Gag Toys
1776162949758,亚马逊,B0G51PKX2Q,https://m.media-amazon.com/images/I/51fCZKrXZpL._AC_US200_.jpg,"Cool Cube with Glitter - Nice Sensory Squishy Squeeze Cute Fidget Toy with Slow Rise Squish - 2.25"" Cube",https://www.amazon.com/dp/B0G51PKX2Q?th=1,1773619200000,400,美国,Novelty & Gag Toys
1776162949758,亚马逊,B0G6K74MFV,https://m.media-amazon.com/images/I/819MH+A8tIL._AC_US200_.jpg,"StarOcean 2026 Large Inflatable Play Center,Kiddie Pool with Water Slide&Sprinkler,120''x70""x50''Inflatable Toddler Pool with Slide,BlowUp Water Play for Toldder,Inflatable Water Park for Kid Backyard",https://www.amazon.com/dp/B0G6K74MFV?th=1,1773619200000,600,美国,体育
1776162949758,亚马逊,B0GFMQL1C3,https://m.media-amazon.com/images/I/81eiJwqNvdL._AC_US200_.jpg,"4-in-1 Electric Water Table for Toddlers 1-5, Kids Play Sink with Running Water & Cloud Faucet, Sensory Toddler Water Activity Table with Fishing Game, Outdoor/Indoor Toy Gift for Boys & Girls",https://www.amazon.com/dp/B0GFMQL1C3?th=1,1773619200000,300,美国,运动与户外游戏
1776162949758,亚马逊,B0GGRN6SK6,https://m.media-amazon.com/images/I/81nyMg8r+UL._AC_US200_.jpg,"KUBUSFLY Beach Toys for Kids Toddlers, Sand Castle Toys with 4 Beach Bucket and Shovels, Ice Cream Travel Sand Toys for Sandbox & Mesh Bag, Essentials Toy for Toddlers Kids Baby Boys Girls Age 3-10",https://www.amazon.com/dp/B0GGRN6SK6?th=1,1773619200000,300,美国,运动与户外游戏
1776162949758,亚马逊,B0GRHHBZ5J,https://m.media-amazon.com/images/I/31HhBeSQH-L._AC_US200_.jpg,"Yellow Cheese Squeeze Toy,Soft Novelty Toy, Rebounding Sensory,Help for Relax,Focus, Sensory Cheese for & Adults, Food Theme Cheese Cubes Squishy Toys,Stress Balls for Adults ( Yellow)",https://www.amazon.com/dp/B0GRHHBZ5J?th=1,1773619200000,2000,美国,Novelty & Gag Toys
1776162949758,亚马逊,B0GS688MD2,https://m.media-amazon.com/images/I/51MNA770QaL._AC_US200_.jpg,"Squishy Stress Cube for Adults,Squishy Slow Rising Fidget Cube Sensory for Anxiety Stress Relief High Density Ice Squeeze Ball Cubes Purple (Pink)",https://www.amazon.com/dp/B0GS688MD2?th=1,1773619200000,300,美国,Novelty & Gag Toys
1776162949758,亚马逊,B0GQVM2PNC,https://m.media-amazon.com/images/I/71--azhg1NL._AC_US200_.jpg,"Viral Studios ¿Cómo Se Dice? – Hilarious Spanish Party Card Game, “Chancla” Included | Funny Latino Game for Families & Adults Game Night | Spanish Trivia for No Sabo Kids | 3+ Players",https://www.amazon.com/dp/B0GQVM2PNC?th=1,1773532800000,900,美国,游戏
1776162949758,亚马逊,B0GRFNYCBQ,https://m.media-amazon.com/images/I/31q0AIibkcL._AC_US200_.jpg,"Yellow Cheese Squeeze Toy,Stress Balls for Adults ,Soft Novelty , Rebounding Sensory, Theme Cheese Cubes Squishy ,Suitable for All Ages 3.9 inches (Large)",https://www.amazon.com/dp/B0GRFNYCBQ?th=1,1773532800000,300,美国,Novelty & Gag Toys
1776162949758,亚马逊,B0GHNCF58H,https://m.media-amazon.com/images/I/51YngXpeG7L._AC_US200_.jpg,"MarcZero 11Pcs Silicone Beach Toys,Collapsible Sand Bucket,Modern Baby Beach Toys,Travel Friendly Beach Set,Silicone Bucket,Shovel,Sand Molds,Beach Bag,Silicone Sand Toys for Toddlers,Kids(Peach Pink)",https://www.amazon.com/dp/B0GHNCF58H?th=1,1773532800000,200,美国,运动与户外游戏
1776162949758,亚马逊,B0GHN8XJQ9,https://m.media-amazon.com/images/I/41QuNgWY58L._AC_US200_.jpg,"MarcZero 11Pcs Silicone Beach Toys,Collapsible Sand Bucket,Modern Baby Beach Toys,Travel Friendly Beach Set,Silicone Bucket,Shovel,Sand Molds, Beach Bag,Silicone Sand Toys for Toddlers, Kids (Blue)",https://www.amazon.com/dp/B0GHN8XJQ9?th=1,1773532800000,200,美国,运动与户外游戏
1776162949758,亚马逊,B0GS6PZ82Y,https://m.media-amazon.com/images/I/41LLTMfxZUL._AC_US200_.jpg,New -Dumpling Squishies & Dumpling Squishy Mystery Box ，Soft TPR Sensory Stress Ball Fidget Toy (Red),https://www.amazon.com/dp/B0GS6PZ82Y?th=1,1773532800000,300,美国,Novelty & Gag Toys
1776162949758,亚马逊,B0GS6PVY85,https://m.media-amazon.com/images/I/41momZZiHpL._AC_US200_.jpg,New -Dumpling Squishies & Dumpling Squishy Mystery Box ，Soft TPR Sensory Stress Ball Fidget Toy (Blue),https://www.amazon.com/dp/B0GS6PVY85?th=1,1773532800000,700,美国,Novelty & Gag Toys
1776162949758,亚马逊,B0GKXKXMC4,https://m.media-amazon.com/images/I/512n5t4lSpL._AC_US200_.jpg,"Easter Bingo Game for Kids, Ultimate 24-Player Party Card Game for Classroom, School & Family Activities, Fun Easter Basket Stuffers, Party Favors & Supplies",https://www.amazon.com/dp/B0GKXKXMC4?th=1,1773532800000,500,美国,游戏和配件
1776162949758,亚马逊,B0GLFDZV2Y,https://m.media-amazon.com/images/I/41heQDDbD9L._AC_US200_.jpg,"12 Pack Easter Basket Stuffers with Girls Jewelry Bracelets, Easter Eggs Gifts, Egg Hunt Surprise Toys, Easter Basket Stuffers for Girls Toddler Teens",https://www.amazon.com/dp/B0GLFDZV2Y?th=1,1773532800000,600,美国,Party Supplies
1776162949758,亚马逊,B0GQTG4R8D,https://m.media-amazon.com/images/I/51TQ0Yt-CLL._AC_US200_.jpg,Bubble Stress Relief Toy Mini Bubble Blower Bubble Sticks Relaxation Birthday Christmas Party Gift for Men Women (Bubble Water with Empty Bottle),https://www.amazon.com/dp/B0GQTG4R8D?th=1,1773532800000,300,美国,体育
1776162949758,亚马逊,B0G2KT584G,https://m.media-amazon.com/images/I/81eFNaTN-kL._AC_US200_.jpg,Fancy Land Passover Bingo Game for Kids Adults Passover Pesach Party Bingo Cards Family Seder Night Activities Decorations Favors Supplies 24 Players,https://www.amazon.com/dp/B0G2KT584G?th=1,1773532800000,300,美国,游戏和配件
1776162949758,亚马逊,B0GKFWGPKJ,https://m.media-amazon.com/images/I/51vlGA+CwHL._AC_US200_.jpg,"Realistic Bunny Toy,Interactive Hopping Rabbit Plush Toy, with Lifelike Movements, Walking, Sounds & Twitching Nose, Soft Stuffed Animal Easter Gift for Toddlers Kids (Brown)",https://www.amazon.com/dp/B0GKFWGPKJ?th=1,1773532800000,300,美国,填充的动物
1776162950327,亚马逊,B0FY2M6N3G,https://m.media-amazon.com/images/I/61FF0IpaZML._AC_US200_.jpg,"Juguetes de Entrenamiento, 7 en 1 Interactivos Juguetes Multimode 5 Patrone Juguete Interactivo para Jugar Interiores y Exteriores, Pasadores de Chaveta",https://www.amazon.es/dp/B0FY2M6N3G?th=1,1773446400000,100,西班牙,游戏和配件
1776162950327,亚马逊,B0GGBWZZ68,https://m.media-amazon.com/images/I/81rorz-zcOL._AC_US200_.jpg,"Álbum cartas con cremallera, 65 hojas 520 tarjeteros + 50 Fundas transparentes individuales. Archivador cartas coleccionables de gran capacidad, ideal para juegos niños 10 a 12 años",https://www.amazon.es/dp/B0GGBWZZ68?th=1,1773273600000,100,西班牙,收藏品
1776162950327,亚马逊,B0GR5VL18W,https://m.media-amazon.com/images/I/71I54wRWb9L._AC_US200_.jpg,"Dumplings Squishy, Mystery Dumpling Squishy Sorpresas con Brillo, Antiestres Squeeze Fidget Toy para Adultos",https://www.amazon.es/dp/B0GR5VL18W?th=1,1773100800000,100,西班牙,Regalos originales y de broma
1776162950327,亚马逊,B0GNZQ2XNB,https://m.media-amazon.com/images/I/91B3jOqR5JL._AC_US200_.jpg,"BONNYCO Puzzle XXL Sistema Solar para Niños con 70 Piezas Grandes. Rompecabezas Redondo Planetas 58 x 58 cm, 15 Tarjetas, 4 Figuras y Guía. Juegos Educativos, Regalos, Juguetes Niños 4 Años",https://www.amazon.es/dp/B0GNZQ2XNB?th=1,1772668800000,500,西班牙,拼图和拼板游戏
1776162950327,亚马逊,B0GNZD6QJG,https://m.media-amazon.com/images/I/919oZnCFVHL._AC_US200_.jpg,"BONNYCO Puzzle XXL Mapa Mundi Niños con 70 Piezas Grandes. Rompecabezas Redondo con Animales, 58 x 58 cm, 15 Tarjetas, 4 Figuras y Guía. Juegos Educativos, Regalos, Juguetes Niños 4 Años",https://www.amazon.es/dp/B0GNZD6QJG?th=1,1772582400000,200,西班牙,拼图和拼板游戏
1776162950327,亚马逊,B0GMQ94GYV,https://m.media-amazon.com/images/I/81aOQRzJMCL._AC_US200_.jpg,"Album de Cartas Coleccionables, Album para Cartas con Cremallera, Carpeta de Tarjetas de PU Impermeable, Regalo para Niños, 400 Bolsillos, Rojo",https://www.amazon.es/dp/B0GMQ94GYV?th=1,1772496000000,200,西班牙,收藏品
1776162950327,亚马逊,B0GMKRVJZ4,https://m.media-amazon.com/images/I/71L-vlaIaqL._AC_US200_.jpg,Toyland® Juguete sensorial Squishy Bao Dumpling con Recipiente de Vapor de plástico - Juguetes para apretar para niños - 1 seleccionado al Azar - A Partir de 3 años,https://www.amazon.es/dp/B0GMKRVJZ4?th=1,1772236800000,200,西班牙,原创和插科打诨的礼物
1776162950327,亚马逊,B0GFN57Z8N,https://m.media-amazon.com/images/I/71-QmBbHFOL._AC_US200_.jpg,"Micrófono para Niños con Altavoz, Juguete Regalo para Niñas de 3 Años en Adelante, Soporte Ajustable 47-108 cm, Inalámbrico con Bluetooth, Luces LED, Morado",https://www.amazon.es/dp/B0GFN57Z8N?th=1,1772064000000,100,西班牙,电子玩具
1776162950327,亚马逊,B0GMXN3R3Y,https://m.media-amazon.com/images/I/71Ks3mTJ90L._AC_US200_.jpg,Sweet Twins Series – Twin Pack. Incluye 2 Figuras coleccionables gemelas Sorpresa y 1 Checklist.,https://www.amazon.es/dp/B0GMXN3R3Y?th=1,1771804800000,100,西班牙,娃娃和人物
1776162950327,亚马逊,B0GMY8869C,https://m.media-amazon.com/images/I/81eA4+VRHAL._AC_US200_.jpg,"Smoothie Fun Park Kitten Twins. Casita con Parque de Atracciones en Forma de Smoothie: Incluye 1 Smoothie, 2 Figuras exclusivas “Color Reveal” y 3 Accesorios",https://www.amazon.es/dp/B0GMY8869C?th=1,1771545600000,200,西班牙,娃娃和配件
1776162950327,亚马逊,B0GG849K6H,https://m.media-amazon.com/images/I/419UrF2kPAL._AC_US200_.jpg,"KeKo Pack 30 Peonzas Madera,30 Bolsa,1 Chapa Cumpleañera,Regalos Cumpleaños NiñOs Colegio,Detalles Cumpleaños niñoS,Regalitos para Invitados Infantiles, Detalles para Regalar.Mini Regalos Cumpleaño",https://www.amazon.es/dp/B0GG849K6H?th=1,1771459200000,300,西班牙,原创和插科打诨的礼物
1776162950327,亚马逊,B0G36CJG5Y,https://m.media-amazon.com/images/I/61WNb-Ut4nL._AC_US200_.jpg,Funko Pop! Animation: Netflix - KPOP Demon Hunters - Rumi - 1 in 6 Chance of Receiving The Rare Chase Variant (Glow in The Dark) - Los Estilos varían - Figura de Vinilo Coleccionable,https://www.amazon.es/dp/B0G36CJG5Y?th=1,1771286400000,100,西班牙,收藏品
1776162950327,亚马逊,B0GLQ676VQ,https://m.media-amazon.com/images/I/81a0uSUKIKL._AC_US200_.jpg,Dungeons & Dragons D&D Caja de Inicio: Héroes de Las Tierras fronterizas,https://www.amazon.es/dp/B0GLQ676VQ?th=1,1771027200000,200,西班牙,游戏和配件
1776162950327,亚马逊,B0GMX4FZ67,https://m.media-amazon.com/images/I/71o6FwKnZCL._AC_US200_.jpg,Hitster Rock,https://www.amazon.es/dp/B0GMX4FZ67?th=1,1771027200000,100,西班牙,游戏和配件
1776162950327,亚马逊,B0G4NS6SJY,https://m.media-amazon.com/images/I/71paXkKaTbL._AC_US200_.jpg,"Pokémon: Minilata Megaevolución-Héroes Ascendentes: Togepi y Totodile (1 Pegatina, 1 Tarjeta Pokémon ilustrada y 2 Sobres de Mejora)",https://www.amazon.es/dp/B0G4NS6SJY?th=1,1770940800000,700,西班牙,Juegos y accesorios
1776162950327,亚马逊,B0G4NQ9LVW,https://m.media-amazon.com/images/I/71kuuLeyRCL._AC_US200_.jpg,"Pokémon: Minilata Megaevolución-Héroes Ascendentes: Zorua y Cramorant (1 Pegatina, 1 Tarjeta Pokémon ilustrada y 2 Sobres de Mejora)",https://www.amazon.es/dp/B0G4NQ9LVW?th=1,1770940800000,600,西班牙,Juegos y accesorios
1776162950327,亚马逊,B0G4NT35J8,https://m.media-amazon.com/images/I/71G7uT1xPHL._AC_US200_.jpg,"Pokémon: Minilata Megaevolución-Héroes Ascendentes: Riolu y Darumaka (1 Pegatina, 1 Tarjeta Pokémon ilustrada y 2 Sobres de Mejora)",https://www.amazon.es/dp/B0G4NT35J8?th=1,1770940800000,600,西班牙,Juegos y accesorios
1776162950327,亚马逊,B0G4NS1BCR,https://m.media-amazon.com/images/I/71bc5uVnSWL._AC_US200_.jpg,"Pokémon: Minilata Megaevolución-Héroes Ascendentes: Pikachu y Tepig (1 Pegatina, 1 Tarjeta Pokémon ilustrada y 2 Sobres de Mejora)",https://www.amazon.es/dp/B0G4NS1BCR?th=1,1770940800000,600,西班牙,游戏和配件
1776162950327,亚马逊,B0G4NQK15P,https://m.media-amazon.com/images/I/71DN7YrgdEL._AC_US200_.jpg,"Pokémon: Minilata Megaevolución-Héroes Ascendentes: Clefairy y Chikorita (1 Pegatina, 1 Tarjeta Pokémon ilustrada y 2 Sobres de Mejora)",https://www.amazon.es/dp/B0G4NQK15P?th=1,1770940800000,600,西班牙,Juegos y accesorios
1776162950327,亚马逊,B0G5Q6TQHM,https://m.media-amazon.com/images/I/81b6szKb2bL._AC_US200_.jpg,FIFA World Cup 2026 Adrenalyn XL - Paquete de iniciación,https://www.amazon.es/dp/B0G5Q6TQHM?th=1,1770595200000,100,西班牙,Juegos y accesorios
1776162950327,亚马逊,B0G5QGZJK3,https://m.media-amazon.com/images/I/71XKcKU9sTL._AC_US200_.jpg,FIFA World Cup 2026 Adrenalyn XL Dream Box,https://www.amazon.es/dp/B0G5QGZJK3?th=1,1770595200000,100,西班牙,Juegos y accesorios
1776162950327,亚马逊,B0FK1HWZR6,https://m.media-amazon.com/images/I/711STscSUxL._AC_US200_.jpg,"Hot Wheels Mitsubishi Lancer Evolution Vi, Coche de Juguete Premium a Escala 1:64, con neumáticos Real Riders y Carrocería y Chasis Metal/Metal, JKF19",https://www.amazon.es/dp/B0FK1HWZR6?th=1,1770595200000,100,西班牙,汽车
1776162950327,亚马逊,B0FK1PWYDV,https://m.media-amazon.com/images/I/71y1hqwpBgL._AC_US200_.jpg,"Hot Wheels Lancia Delta S4, Coche de Juguete Premium a Escala 1:64, con neumáticos Real Riders y Carrocería y Chasis Metal/Metal, JKF01",https://www.amazon.es/dp/B0FK1PWYDV?th=1,1770595200000,100,西班牙,汽车
1776162950327,亚马逊,B0G79TT3MJ,https://m.media-amazon.com/images/I/31sIzrCYMwL._AC_US200_.jpg,Dron con 4K HD Cámara,https://www.amazon.es/dp/B0G79TT3MJ?th=1,1770595200000,100,西班牙,无线电控制
1776162950327,亚马逊,B0GJTMVP5X,https://m.media-amazon.com/images/I/513QayIHwZL._AC_US200_.jpg,"Edibaby, Triciclo Bebé 1 Año | Correpasillos Ligero | Primera Bicicleta de Equilibrio para Bebés | Bici sin Pedales | Juguete Niño 1-2 Años Ideal como Regalo (Menta)",https://www.amazon.es/dp/B0GJTMVP5X?th=1,1770595200000,100,西班牙,户外和运动
1776162950327,亚马逊,B0FSDZ8SN5,https://m.media-amazon.com/images/I/910MW2ymAfL._AC_US200_.jpg,Cryptic Killers Juego de Asesinato y Misterio sin Resolver Investigación del expediente de un Caso con Pistas/Pruebas de Detectives - Resuelve el Crimen - Asesinato EN EL Magic Mirror Casino,https://www.amazon.es/dp/B0FSDZ8SN5?th=1,1770508800000,100,西班牙,游戏和配件
1776162950327,亚马逊,B0G7LFMY81,https://m.media-amazon.com/images/I/413tfC-Z+gL._AC_US200_.jpg,PLAYMOBIL | Animals & Friends | Zoo Mascota | Hombre con Disfraz de Loro y 3 Aves Tropicales | Juguete Infantil a Partir de 4 años | 72074,https://www.amazon.es/dp/B0G7LFMY81?th=1,1769990400000,100,西班牙,娃娃和人物
1776162950327,亚马逊,B0CVQTM54Y,https://m.media-amazon.com/images/I/616sN358ykL._AC_US200_.jpg,Panini Stranger Things 2 - Citas Desde el Otro Lado Blister 8 Fundas,https://www.amazon.es/dp/B0CVQTM54Y?th=1,1769990400000,100,西班牙,收藏品
1776162950327,亚马逊,B08HH4R2TZ,https://m.media-amazon.com/images/I/614O58DH5EL._AC_US200_.jpg,Funko Pop! Television: Stranger Things Season 5 - Eleven - Figura de Vinilo Coleccionable - Idea de Regalo - Mercancía Oficial - Juguetes para niños y Adultos - Figura Modelo para coleccionistas,https://www.amazon.es/dp/B08HH4R2TZ?th=1,1769817600000,200,西班牙,收藏品
1776162950327,亚马逊,B0G4RYC1YJ,https://m.media-amazon.com/images/I/71I8+JKDnHL._AC_US200_.jpg,Álbum para 440 Cartas Magic y YugiOh - 55 Páginas con Cremallera Impermeable | Carpeta de Colección Portátil de Cuero PU | Regalo Ideal para Niños y Coleccionistas,https://www.amazon.es/dp/B0G4RYC1YJ?th=1,1769817600000,100,西班牙,收藏品
1776162950327,亚马逊,B08HH5ZVBC,https://m.media-amazon.com/images/I/71HEWL22cML._AC_US200_.jpg,Funko Pop! Premium SFX: DC Heroes - Batman - DC Comics- Figura de Vinilo Coleccionable - Idea de Regalo - Mercancia Oficial - Juguetes para Niños y Adultos - Superheroes Fans,https://www.amazon.es/dp/B08HH5ZVBC?th=1,1769731200000,100,西班牙,收藏品
1776162950327,亚马逊,B0GHZ51921,https://m.media-amazon.com/images/I/71fPdKgAoBL._AC_US200_.jpg,"9 in 1 Juguetes Montessori Niña Niño, Cubos Actividades Madera Bancos con Martillo Juego de Pesca Frutas con Instrumentos Musicales Xilofono, Juguetes Sensoriales Educativos Regalo Cumpleaños Pascua",https://www.amazon.es/dp/B0GHZ51921?th=1,1769558400000,200,西班牙,婴儿和早期儿童
1776162950327,亚马逊,B0G8781J5W,https://m.media-amazon.com/images/I/71uetQRrPyL._AC_US200_.jpg,"Mazo de Commander de Secretos de Strixhaven, de Magic: The Gathering - Influencia de Plumargéntum (Versión en Español)",https://www.amazon.es/dp/B0G8781J5W?th=1,1769558400000,200,西班牙,Juegos y accesorios
1776162950327,亚马逊,B0G8742ZNG,https://m.media-amazon.com/images/I/71th0spIAYL._AC_US200_.jpg,"Mazo de Commander de Secretos de Strixhaven, de Magic: The Gathering - Influencia de Plumargéntum (Versión en Inglés)",https://www.amazon.es/dp/B0G8742ZNG?th=1,1769558400000,100,西班牙,Juegos y accesorios
1776162950327,亚马逊,B0G877P78D,https://m.media-amazon.com/images/I/71WbfF9ZR-L._AC_US200_.jpg,"Mazo de Commander de Secretos de Strixhaven, de Magic: The Gathering - Pestilencia de Flosmarcitus (Versión en Español)",https://www.amazon.es/dp/B0G877P78D?th=1,1769558400000,100,西班牙,Juegos y accesorios
1776162950327,亚马逊,B0G87F8D5K,https://m.media-amazon.com/images/I/712lR7lKPrL._AC_US200_.jpg,"Mazo de Commander de Secretos de Strixhaven, de Magic: The Gathering - Quándrix sin límite (Versión en Español)",https://www.amazon.es/dp/B0G87F8D5K?th=1,1769558400000,300,西班牙,Juegos y accesorios
1776162950327,亚马逊,B0GJD7BGZY,https://m.media-amazon.com/images/I/712VggrH18L._AC_US200_.jpg,"Genérico 216pcs Juguetes de Bloques de construcción 3D, Juguetes de descompresión, Bloques de construcción educativos",https://www.amazon.es/dp/B0GJD7BGZY?th=1,1769472000000,100,西班牙,建筑套装
1776162950327,亚马逊,B0G82YKNK4,https://m.media-amazon.com/images/I/41RSFylAbBL._AC_US200_.jpg,"Album Cartas, Album para Cartas Magic, 900 Album Cromos, Álbum de Cartas Coleccionables, Carpeta Cartas Transparente, Gris",https://www.amazon.es/dp/B0G82YKNK4?th=1,1769385600000,100,西班牙,收藏品
1776162950327,亚马逊,B06Y615GM1,https://m.media-amazon.com/images/I/71BQtFUmTeL._AC_US200_.jpg,Pocket Box Platinum 2026 - Adrenalyn 2025/2026,https://www.amazon.es/dp/B06Y615GM1?th=1,1769212800000,200,西班牙,收藏品
1776162950327,亚马逊,B08HHB5Y4M,https://m.media-amazon.com/images/I/61wQh0G94eL._AC_US200_.jpg,Funko Pop! Keychain: Netflix - KPOP Demon Hunters - Rumi - Llavero Llavero Original - Mini Figura Coleccionable - Regalo para calcetín - Idea de Regalo - Mercancía Oficial - Decoración para Mochila,https://www.amazon.es/dp/B08HHB5Y4M?th=1,1769126400000,200,西班牙,收藏品
1776162950327,亚马逊,B08HH6KL6S,https://m.media-amazon.com/images/I/713HcyNVNDL._AC_US200_.jpg,Funko Pop! Television: Netflix - One Piece - Chopper - Flocked - Figura de Vinilo Coleccionable - Idea de Regalo - Mercancía Oficial - Juguetes para niños y Adultos,https://www.amazon.es/dp/B08HH6KL6S?th=1,1769126400000,300,西班牙,收藏品
1776162950327,亚马逊,B06Y63CWVX,https://m.media-amazon.com/images/I/81cKG97ZlSL._AC_US200_.jpg,Tin Box Serie Oro Adrenalyn 2025/2026,https://www.amazon.es/dp/B06Y63CWVX?th=1,1769126400000,100,西班牙,收藏品
1776162950327,亚马逊,B0G4NSB2J1,https://m.media-amazon.com/images/I/91Tof1qnGFL._AC_US200_.jpg,Pokémon: Colección con Pegatinas Especiales de Megaevolución-Héroes Ascendentes: Gastly (1 Carta holográfica de promoción y 3 Sobres de Mejora),https://www.amazon.es/dp/B0G4NSB2J1?th=1,1769126400000,600,西班牙,游戏和配件
1776162950327,亚马逊,B0GGHTN8TG,https://m.media-amazon.com/images/I/81Sv5blZ2vL._AC_US200_.jpg,"Pokémon: Pack de 5 minilatas Poder de Kanto de JCC Pokémon (10 paquets de Mejora, 5 Monedas y 5 Cartas con Ilustraciones)",https://www.amazon.es/dp/B0GGHTN8TG?th=1,1769126400000,600,西班牙,Juegos y accesorios
1776162950327,亚马逊,B0G7JFFSF4,https://m.media-amazon.com/images/I/91Ps+4hEKnL._AC_US200_.jpg,"Pokémon: Colección Erika de Megaevolución-Héroes Ascendentes (1 Carta holográfica de promoción, 1 Moneda y 2 Sobres de Mejora)",https://www.amazon.es/dp/B0G7JFFSF4?th=1,1769126400000,800,西班牙,游戏和配件
1776162950327,亚马逊,B0G7JRZNBY,https://m.media-amazon.com/images/I/91kvQ3zHnHL._AC_US200_.jpg,"Pokémon: Colección Laureano de Megaevolución-Héroes Ascendentes (1 Carta holográfica de promoción, 1 Moneda y 2 Sobres de Mejora)",https://www.amazon.es/dp/B0G7JRZNBY?th=1,1769126400000,200,西班牙,游戏和配件
1776162950327,亚马逊,B06Y62T5YC,https://m.media-amazon.com/images/I/51dz3h09DyL._AC_US200_.jpg,Megapack (Arch+Tablero+Check List + 4 Sobres + 3 TC ESP.+ Guia) Adrenalyn 2025/26,https://www.amazon.es/dp/B06Y62T5YC?th=1,1769040000000,100,西班牙,学习和教育
1776162950327,亚马逊,B0GF1KPMJT,https://m.media-amazon.com/images/I/71gL9PqOEpL._AC_US200_.jpg,Konijiwa Juguetes Niños 1 año Montessori Busy Board con 12 interruptores y 24 Luces LED Juguete de Aprendizaje sensorial Juegos Niño 1 2 3 años Tablero de Actividades de Madera Regalo Niña,https://www.amazon.es/dp/B0GF1KPMJT?th=1,1769040000000,100,西班牙,Bebés y primera infancia
1776162950327,亚马逊,B0G5Z9HNC1,https://m.media-amazon.com/images/I/51uOhekoo0L._AC_US200_.jpg,"SUPERTHINGS KAZOOM Power – Kazoom Spinner – Lancelord. Incluye 1 Cápsula Kazoom, 1 peonza Kazoom y 1 Tira.",https://www.amazon.es/dp/B0G5Z9HNC1?th=1,1768953600000,100,西班牙,娃娃和人物
1776162950327,亚马逊,B0G5Z9YC2P,https://m.media-amazon.com/images/I/51ekFgj4PbL._AC_US200_.jpg,"SUPERTHINGS KAZOOM Power – Kazoom Spinner – Mr King. Incluye 1 Cápsula Kazoom, 1 peonza Kazoom y 1 Tira.",https://www.amazon.es/dp/B0G5Z9YC2P?th=1,1768953600000,100,西班牙,娃娃和人物
1776162950327,亚马逊,B0G5ZBFYXK,https://m.media-amazon.com/images/I/71gv19zK7JL._AC_US200_.jpg,"SUPERTHINGS KAZOOM Power – Kazoom Spinner – Professor K. Incluye 1 Cápsula Kazoom, 1 peonza Kazoom y 1 Tira.",https://www.amazon.es/dp/B0G5ZBFYXK?th=1,1768953600000,100,西班牙,娃娃和人物
1776162950327,亚马逊,B0FHKKZ31K,https://m.media-amazon.com/images/I/81U7pHeKQ9L._AC_US200_.jpg,"Hot Wheels Formula 1 Pack de 5 Coches de Juguete metálicos a Escala 1:64, Conjunto de 5 Coches coleccionables de F1 con Licencia Oficial para Jugar o exponer, JLN11",https://www.amazon.es/dp/B0FHKKZ31K?th=1,1768867200000,200,西班牙,汽车
1776162950327,亚马逊,B0GH231LST,https://m.media-amazon.com/images/I/31K2ZnbG-aL._AC_US200_.jpg,"Edibaby, Triciclo Bebé 1 Año | Correpasillos Ligero | Primera Bicicleta de Equilibrio para Bebés | Bici sin Pedales | Juguete Niño 1-2 Años Ideal como Regalo (Rosa)",https://www.amazon.es/dp/B0GH231LST?th=1,1768867200000,100,西班牙,户外和运动
1776162950327,亚马逊,B0G5ZRMWPT,https://m.media-amazon.com/images/I/71DxO9W+r9L._AC_US200_.jpg,SUPERTHINGS KAZOOM Power – Turbo Spinner Héroe. Vehículo con Lanzador de peonza. Incluye 1 Turbo Spinner y 1 Kazoom Exclusivo.,https://www.amazon.es/dp/B0G5ZRMWPT?th=1,1768780800000,200,西班牙,娃娃和人物
1776162950327,亚马逊,B0GH73MHX7,https://m.media-amazon.com/images/I/71dSQ06z6vL._AC_US200_.jpg,"Megapack Lanzamiento Adrenalyn 2026 Panini | Album Adrenalyn XL 2025 2026 con Cartas de Futbol, Archivador y Sobres | Album de cromos Futbol",https://www.amazon.es/dp/B0GH73MHX7?th=1,1768780800000,200,西班牙,收藏品
1776162950327,亚马逊,B0G5ZJJ2J5,https://m.media-amazon.com/images/I/71yqoFwMKyL._AC_US200_.jpg,SUPERTHINGS KAZOOM Power – Turbo Spinner Villano. Vehículo con Lanzador de peonza. Incluye 1 Turbo Spinner y 1 Kazoom Exclusivo.,https://www.amazon.es/dp/B0G5ZJJ2J5?th=1,1768780800000,100,西班牙,娃娃和人物
1776162950327,亚马逊,B0G4DLCM58,https://m.media-amazon.com/images/I/81JwYNWTFvL._AC_US200_.jpg,SUPERTHINGS KAZOOM Power Warriors – Pack de 5. Contiene 5 Superthings (Incluye 1 Figura Sorpresa y 1 capitán Plateado). Pack 4 de 6,https://www.amazon.es/dp/B0G4DLCM58?th=1,1768780800000,100,西班牙,娃娃和人物
1776162950327,亚马逊,B0G26R8KL6,https://m.media-amazon.com/images/I/71-3N+HigcL._AC_US200_.jpg,CLICKEEZ Multipack Serie 2 – 5 Figuras Kawaii para Clic – Keycap Transformable con Llavero – Fidget Toy Sensorial con Efecto ASMR – Juguete Coleccionable – Desde 6 Años,https://www.amazon.es/dp/B0G26R8KL6?th=1,1768521600000,100,西班牙,原创和插科打诨的礼物
1776162950327,亚马逊,B0G1ML4716,https://m.media-amazon.com/images/I/41e23eNOoEL._AC_US200_.jpg,"K-POP IDOL Muñeca Yuni Fashion Doll Estilo K-Pop Moonlight, Cabello Rosa Trenzado. 3 Accesorios para Crear Outfits Optimo para Fans a Partir de 3 Años de Edad",https://www.amazon.es/dp/B0G1ML4716?th=1,1768521600000,100,西班牙,娃娃和配件
1776162950429,亚马逊,B0GS6Q2J2K,https://m.media-amazon.com/images/I/61duAwwrogL._AC_US200_.jpg,4 pièces Glitter Dumpling Squishy avec visage Jouet sensoriel Balle Anti Stress Géante Forme Ravioli boîte à Vapeur Jouet Coloré Boulettes Boîte Vapeur sensoriel la Maison l'école la Salle 2026,https://www.amazon.fr/dp/B0GS6Q2J2K?th=1,1774483200000,100,法国,花哨的玩具和小玩意
1776162950429,亚马逊,B0GS5Q4P28,https://m.media-amazon.com/images/I/51UeIqcY1cL._AC_US200_.jpg,"Taba Squishy, jouet à serrer en forme de cacahuète, boule anti-stress sûre, jouet de stress réaliste en forme de cacahuète, boules anti-stress non toxiques, jouets sensoriels Fidget pour enfants et",https://www.amazon.fr/dp/B0GS5Q4P28?th=1,1773619200000,100,法国,花哨的玩具和小玩意
1776162950429,亚马逊,B0FXGDLPR7,https://m.media-amazon.com/images/I/818FmFLa1-L._AC_US200_.jpg,"KINSPORY Peintures à Doigts Enfants 12 x 36 ml – Peintures Lavables pour Tout-Petits, Non Toxiques, Sans Danger pour les Mains et Pieds, Fournitures Artistiques Préscolaires Cadeaux Créatifs",https://www.amazon.fr/dp/B0FXGDLPR7?th=1,1773532800000,100,法国,创意休闲活动
1776162950429,亚马逊,B0GFJYCHHD,https://m.media-amazon.com/images/I/41A+XiZQRqL._AC_US200_.jpg,"Jeu Magnétique de Stratégie, Échiquier magnétique,Jeu d'échecs de Combat magnétique, Jeu de Société Portable avec 20 Pièces Aimantées et Corde de Jeu, Jeu de Réflexion 2-4 Joueurs",https://www.amazon.fr/dp/B0GFJYCHHD?th=1,1773532800000,100,法国,棋盘游戏
1776162950429,亚马逊,B0GS5VV32Q,https://m.media-amazon.com/images/I/71v4J7XeS7L._AC_US200_.jpg,"Classeur Carte, Album Carte Porte, 4 Poche Binder Capacité 400 Cartes, Livre Carte Cuir Imperméable Cahier",https://www.amazon.fr/dp/B0GS5VV32Q?th=1,1773532800000,100,法国,收藏玩具
1776162950429,亚马逊,B0GS6NFHL9,https://m.media-amazon.com/images/I/71u2SuL+lCL._AC_US200_.jpg,Glitter Dumpling Squishy Jouet sensoriel Balle Anti Stress Géante en Forme De Ravioli avec boîte à Vapeur Jouet Coloré De Boulettes Boîte À Vapeur sensoriel Amusant la Maison l'école la Salle 2026,https://www.amazon.fr/dp/B0GS6NFHL9?th=1,1773360000000,100,法国,花哨的玩具和小玩意
1776162950429,亚马逊,B0GS5XX7BT,https://m.media-amazon.com/images/I/61duAwwrogL._AC_US200_.jpg,"Dumplings Squishy, Glitter Dumpling Squishy Toy with Steamer Box,Cute Glitter Rainbow Dumplings Squishiest avec Visage,Stress & Anxiety Relief Toys Géant Relief Sensory Ball Soft Squeeze Sensory Toys",https://www.amazon.fr/dp/B0GS5XX7BT?th=1,1773273600000,300,法国,花哨的玩具和小玩意
1776162950429,亚马逊,B0G69M3WZ4,https://m.media-amazon.com/images/I/41QqlTj7h5L._AC_US200_.jpg,"MOONTOY Cadeau Paques Enfant Voiture Bebe 1 an,4 Pièces Jouet Lapin de Pâques pour Bébé 1 an,Cadeau Paques Bebe Voitures à Friction pour Bébé 1 2 3 Ans,Pâques Cadeau Anniversaire Garçons Filles",https://www.amazon.fr/dp/B0G69M3WZ4?th=1,1773273600000,100,法国,汽车
1776162950429,亚马逊,B0GS16W78T,https://m.media-amazon.com/images/I/51UeIqcY1cL._AC_US200_.jpg,"Squishy Aliment Mignon Forme au Choix - Fraise, Banane, Fromage, Cacahuète - Jouet Sensoriel Anti-Stress Retour Lent - Cadeau Kawaii pour Enfant et Adulte",https://www.amazon.fr/dp/B0GS16W78T?th=1,1773187200000,200,法国,花哨的玩具和小玩意
1776162950429,亚马逊,B0GQ33JPXD,https://m.media-amazon.com/images/I/81Glg1OABoL._AC_US200_.jpg,"12 Pcs Remplis d'Oeufs de Pâques avec Canards en Caoutchouc, Oeufs de Pâques Colorés Lumineux Remplisseurs de Paniers de Pâques pour Bain Amusant Squirt Squeaker Duckies Canards Cadeaux Jouet",https://www.amazon.fr/dp/B0GQ33JPXD?th=1,1773100800000,100,法国,花哨的玩具和小玩意
1776162950429,亚马逊,B0GQZ2B94P,https://m.media-amazon.com/images/I/8194pivbCaL._AC_US200_.jpg,"50 PCS Classeur Carte,400 Cartes Album Porte Carte,Portable Album de Collection,Imperméable Albums pour Cartes à Collectionner Stockage",https://www.amazon.fr/dp/B0GQZ2B94P?th=1,1773100800000,100,法国,收藏玩具
1776162950429,亚马逊,B0GR9RP767,https://m.media-amazon.com/images/I/710+17aw5tL._AC_US200_.jpg,Œuf de Pâques Musical Personnalisé 2026 Personnalisable avec Nom œufs Pâques Bois Personnalisés Cadeau Pâques Garniture pour Panier Décoration (Œufs de Pâques personnalisés),https://www.amazon.fr/dp/B0GR9RP767?th=1,1772928000000,400,法国,花哨的玩具和小玩意
1776162950429,亚马逊,B0GLRHKJST,https://m.media-amazon.com/images/I/71Qe1WcKdZL._AC_US200_.jpg,Clementoni – Puzzle 104 pièces K-Pop Demon Hunters – Dès 6 Ans – Format 38 x 27 cm – Puzzle Enfant – Idée Cadeau Jeu de société,https://www.amazon.fr/dp/B0GLRHKJST?th=1,1772928000000,100,法国,拼图
1776162950429,亚马逊,B0GRGPG5V5,https://m.media-amazon.com/images/I/716PA+r43cL._AC_US200_.jpg,"Lot De 2 Claviers Anti-Stress - Clavier Anti-Stress Lumineux 4 Touches, Clavier Mécanique Lumineux RGB Claviers Antistress À Clics, Porte-clés Décompression Portable pour en-fants Et Adultes",https://www.amazon.fr/dp/B0GRGPG5V5?th=1,1772841600000,200,法国,花哨的玩具和小玩意
1776162950429,亚马逊,B0GR4SF7MK,https://m.media-amazon.com/images/I/51pQ5xhLNxL._AC_US200_.jpg,"Géant Paillettes Squishys Ravioli, Glitter Dumpling Squishys, Boulette Bao Anti-stress Presser Avec Cuiseur Vapeur, Balle Anti-stress Boulettes Pailletées Presser Jouets Sensoriels, Pour Enfant Adulte",https://www.amazon.fr/dp/B0GR4SF7MK?th=1,1772841600000,100,法国,花哨的玩具和小玩意
1776162950429,亚马逊,B0G7X3RM6K,https://m.media-amazon.com/images/I/813F32cWu8L._AC_US200_.jpg,"URMYWO Aqua Gelz Set, 3D Magic Water Elf avec 20 Aquagels et 24 Moules | Jeux Créatif DIY Favorisant Créativité et Motricité Fine | Activités Manuelles, Jouet Enfant Cadeau Dès 3 Ans",https://www.amazon.fr/dp/B0G7X3RM6K?th=1,1772755200000,200,法国,创意休闲活动
1776162950429,亚马逊,B0GLR7DWZS,https://m.media-amazon.com/images/I/412FvjoNwWL._AC_US200_.jpg,"Clementoni – Puzzle 300 pièces Super K-Pop Demon Hunters – Dès 9 Ans – Grand Format 48,5 x 33,5 cm – Idée Cadeau Jeu de société",https://www.amazon.fr/dp/B0GLR7DWZS?th=1,1772668800000,100,法国,拼图
1776162950429,亚马逊,B0GK15RMS9,https://m.media-amazon.com/images/I/41VU9TqYqoL._AC_US200_.jpg,"Jouet Montessori Enfant 1 an, 10 en 1 Jeux en Bois Bebe Jouet Cube Musicaux Fille Garcon avec Xylophone, Jeu Pêche & Marteau, Jouet d'activité Educatif Interactif Cadeau Anniversaire 1 2 Ans",https://www.amazon.fr/dp/B0GK15RMS9?th=1,1772668800000,100,法国,幼儿玩具和婴儿玩具
1776162950429,亚马逊,B0GLRYBYML,https://m.media-amazon.com/images/I/71O+yBldB3L._AC_US200_.jpg,"Clementoni – Puzzle 180 pièces Super K-Pop Demon Hunters – Dès 7 Ans – Format 48,5 x 33,5 cm – Idée Cadeau Jeu de société",https://www.amazon.fr/dp/B0GLRYBYML?th=1,1772668800000,100,法国,拼图
1776162950429,亚马逊,B0FVX8L98R,https://m.media-amazon.com/images/I/51msD4LaGLL._AC_US200_.jpg,"24 Pcs œufs de Paques Pré-Remplis avec Mochi Squishy Remplies de Perles d'eau, Anti Stress Reliever Squeeze Jouet pour Enfant Fille, Fidget Jouet pour Cadeau Récompense d'anniversaire",https://www.amazon.fr/dp/B0FVX8L98R?th=1,1772323200000,100,法国,花哨的玩具和小玩意
1776162950429,亚马逊,B0GH793DB2,https://m.media-amazon.com/images/I/81kysgqtJCL._AC_US200_.jpg,"Arbre de Pâques avec lumières, pendentifs en bois à peindre, bricolage pour enfants, décoration d'œufs de Pâques, décoration de Pâques en bois, cadeau pour enfants et adultes",https://www.amazon.fr/dp/B0GH793DB2?th=1,1772323200000,100,法国,创意休闲活动
1776162950429,亚马逊,B0GC3ZDTWR,https://m.media-amazon.com/images/I/51CSLcI6HhL._AC_US200_.jpg,"Cadeau Paques Enfant 3-10 Ans, 5 Oeufs de Paques Spinning avec Lumières et Musique - Pâques Enfant pour Chasse aux Oeufs - Toupies à Œufs de Pâques Jouets",https://www.amazon.fr/dp/B0GC3ZDTWR?th=1,1772150400000,600,法国,花哨的玩具和小玩意
1776162950429,亚马逊,B0G52MQXS4,https://m.media-amazon.com/images/I/51ig6V64PaL._AC_US200_.jpg,"MOMUSE Œuf à Éclore Licorne pour Enfants 6 PCS, Cadeau Fille 4 Ans,Cadeaux de Pâques, Petits Cadeaux pour Anniversaire d'enfants Filles Garçons 3 4 5 6 7 8 Ans",https://www.amazon.fr/dp/B0G52MQXS4?th=1,1771977600000,300,法国,塑像
1776162950429,亚马逊,B0GFLWPHY9,https://m.media-amazon.com/images/I/71wcp3L40CL._AC_US200_.jpg,"Microphone pour Enfants avec Support, Micro Karaoke Enfant avec Support et Lumière, Cadeau Anniversaire Fille 3-12 Ans, Micros Enfant avec Lumières Multicolores, Bluetooth/TF/USB (Rose)",https://www.amazon.fr/dp/B0GFLWPHY9?th=1,1771977600000,100,法国,儿童的电子游戏
1776162950429,亚马逊,B0G93GZ4L9,https://m.media-amazon.com/images/I/51dgLaHcunL._AC_US200_.jpg,"48 Pièces Service à Thé pour Enfants, Jouet de Cuisine Faisant Semblant pour Enfants Tea Party Jeux de Rôle, Dinette Enfant Service à Café Jouet Fille 3 4 5 6 7 8 Ans",https://www.amazon.fr/dp/B0G93GZ4L9?th=1,1771977600000,100,法国,仿制游戏、服装和配件
1776162950429,亚马逊,B0FK23475S,https://m.media-amazon.com/images/I/81gvil-lqaL._AC_US200_.jpg,"Monster High Skullector Poupée Coraline avec imperméable jaune, robe et accessoires, poupée de chiffon, figurine de chat et socle poupée, JHK65",https://www.amazon.fr/dp/B0FK23475S?th=1,1771977600000,600,法国,Poupées et accessoires
1776162950429,亚马逊,B0G8TQBVVH,https://m.media-amazon.com/images/I/516lzu4FluL._AC_US200_.jpg,"Pandapop 2 in 1 Outils Enfant, Débroussailleuse Enfant avec Lumière, Souffleur Feuille avec Son, Kit Jardinage avec Ceinture Et Gants, Jouet Enfant 3 Ans Garçon",https://www.amazon.fr/dp/B0G8TQBVVH?th=1,1771891200000,100,法国,仿制游戏、服装和配件
1776162950429,亚马逊,B0FHKQ7R1P,https://m.media-amazon.com/images/I/81PdE4pFheL._AC_US200_.jpg,Xerteam Lot de 5 costumes de pirate pour enfant - 22 accessoires de pirate - Décoration d'anniversaire d'enfant - Costume de jeu de rôle pour enfants de 4 à 7 ans,https://www.amazon.fr/dp/B0FHKQ7R1P?th=1,1771804800000,100,法国,仿制游戏、服装和配件
1776162950429,亚马逊,B0G1Y1XP9Q,https://m.media-amazon.com/images/I/41nirba6nzL._AC_US200_.jpg,Squishmallows Bouquet Hello Kitty et Ses Amis Micromallows Original,https://www.amazon.fr/dp/B0G1Y1XP9Q?th=1,1771632000000,100,法国,抱枕玩具
1776162950429,亚马逊,B0GNNWJHKJ,https://m.media-amazon.com/images/I/81q7gxuINSL._AC_US200_.jpg,Dungeons & Dragons D&D Boîte d’Initiation: Les Héros des Confins du Pays,https://www.amazon.fr/dp/B0GNNWJHKJ?th=1,1771459200000,200,法国,棋盘游戏
1776162950429,亚马逊,B0GLHF4V2Q,https://m.media-amazon.com/images/I/611GFBBrN8L._AC_US200_.jpg,"Legami - Super Soft! Peluche, Motif Ladybug, Format Mini, avec Carte d'identité Personnalisable, Tient Debout Tout Seul, 14 x 15 x 12 cm",https://www.amazon.fr/dp/B0GLHF4V2Q?th=1,1771459200000,100,法国,抱枕玩具
1776162950429,亚马逊,B0G3PG4GQ1,https://m.media-amazon.com/images/I/71hLpIE6otL._AC_US200_.jpg,"6 Pièces Huntrs Figurine Set, PVC Cartoon Huntrs Anime Ornements, pour Adulte Fans Cadeaux Danniversaire",https://www.amazon.fr/dp/B0G3PG4GQ1?th=1,1771286400000,100,法国,收藏玩具
1776162950429,亚马逊,B0FX1C7CCY,https://m.media-amazon.com/images/I/91XpNx7D3SL._AC_US200_.jpg,"Pokémon : Collection Poster Premium Méga-Évolution – Héros Transcendants – Méga-Gardevoir (1 Carte Promo Brillante, 1 Poster Double Face et 10 boosters)",https://www.amazon.fr/dp/B0FX1C7CCY?th=1,1771200000000,3000,法国,收藏玩具
1776162950429,亚马逊,B0FDGZ34XT,https://m.media-amazon.com/images/I/41OPnCPxq1L._AC_US200_.jpg,"Gui Gui Beurre Slime, Les Plus Beaux slimes créés par tes Soins, suis 5 étapes pour embellir Ton Slime, 13 slimes Gui Gui parfumés et 4 Fabuleuses Textures à créer",https://www.amazon.fr/dp/B0FDGZ34XT?th=1,1771200000000,100,法国,花哨的玩具和小玩意
1776162950429,亚马逊,B0G36CJG5Y,https://m.media-amazon.com/images/I/61WNb-Ut4nL._AC_US200_.jpg,Funko Pop Animation: Netflix - Kpop Demon Hunters - Rumi - 1 in 6 Chance of Receiving The Rare Chase Variant (Glow in The Dark) - Styles Vary - Figurine en Vinyle de Collection,https://www.amazon.fr/dp/B0G36CJG5Y?th=1,1771113600000,100,法国,收藏玩具
1776162950429,亚马逊,B0GKQ6NP2F,https://m.media-amazon.com/images/I/61uzQkBXbRL._AC_US200_.jpg,Lot de 50 Cartes Françaises Neuves et Authentiques - Comprend 10 Cartes Brillantes - sans Double - sans Carte Énergie - sans Dresseur,https://www.amazon.fr/dp/B0GKQ6NP2F?th=1,1771027200000,100,法国,棋盘游戏
1776162950429,亚马逊,B0G3TPGB8V,https://m.media-amazon.com/images/I/41XhON2H2UL._AC_US200_.jpg,"Déguisement Filles Cosplay Anime Blanc Performance Show Uniforme Set Top et Jupe pour Noël Carnaval Halloween Party Anniversaire Masquerade Costume, 4-12 Ans, 130",https://www.amazon.fr/dp/B0G3TPGB8V?th=1,1770940800000,100,法国,仿制游戏、服装和配件
1776162950429,亚马逊,B0G2XM7LM4,https://m.media-amazon.com/images/I/610YldfbvrL._AC_US200_.jpg,Générique Déguisements pour Enfants 3 Pièces Deguisement pour Filles Singers Dress Up Stage fille ensemble complet d'Halloween Carnaval Stage Tenue Uniforme Performance costume,https://www.amazon.fr/dp/B0G2XM7LM4?th=1,1770854400000,100,法国,仿制游戏、服装和配件
1776162950429,亚马逊,B0GMH348JL,https://m.media-amazon.com/images/I/71Jp7db6RAL._AC_US200_.jpg,"AIYAPLAY Toboggan pour Enfant 7 en 1 avec Panier de Basket, télescope, Rangement, Tunnel, Escalade, Tableau de Dessin, Aire de Jeux intérieur et extérieur pour garçons et Filles 1-3 Ans, Jaune",https://www.amazon.fr/dp/B0GMH348JL?th=1,1770768000000,100,法国,幼儿玩具和婴儿玩具
1776162950429,亚马逊,B0GHZVJ2S3,https://m.media-amazon.com/images/I/21wimiWO8dL._AC_US200_.jpg,"tonies Figurine Mes comptines de la Maternelle : Personnage avec chansons pour conteuse Toniebox, chansons pour Enfants 1 Ans et Plus - boîte à Musique Vendue séparément",https://www.amazon.fr/dp/B0GHZVJ2S3?th=1,1770768000000,400,法国,儿童电子游戏
1776162950429,亚马逊,B0FQNQPCJW,https://m.media-amazon.com/images/I/51TKWDmMdaL._AC_US200_.jpg,"24 Pcs œufs de Paques Pré-Remplis avec Mochi Squishy de Animaux Dinosaures Fruits, Anti Stress Reliever Squeeze Jouet pour Enfant Fille, Fidget Jouet pour Cadeau Récompense d'anniversaire",https://www.amazon.fr/dp/B0FQNQPCJW?th=1,1770768000000,100,法国,花哨的玩具和小玩意
1776162950429,亚马逊,B0G545G8QR,https://m.media-amazon.com/images/I/71+-tl6F02L._AC_US200_.jpg,Canal Toys - Squish Squish - Squishy Factory - Crée Tes Squishy Tout Moelleux & Colorés - Ajoute des Paillettes & Customise-Les - Idée Cadeau Enfant Dès 6 Ans - Loisir Créatif - SQI 001,https://www.amazon.fr/dp/B0G545G8QR?th=1,1770768000000,200,法国,Jouets fantaisie et gadgets
1776162950429,亚马逊,B0FCYVGG58,https://m.media-amazon.com/images/I/41ZV29RvyKL._AC_US200_.jpg,"Beyblade X Starter Pack Rudder Phoenix 4-70LF UX, toupie Takara Tomy de Type Attaque avec Lanceur, toupies de compétition, dès 8 Ans",https://www.amazon.fr/dp/B0FCYVGG58?th=1,1770422400000,100,法国,棋盘游戏
1776162950429,亚马逊,B0G1BDML8G,https://m.media-amazon.com/images/I/51pbHXBceAL._AC_US200_.jpg,"Craze Magic Slime Octopus - Poulpe en Slime Enfant Ultra Extensible et Collante, Brille dans Le Noir, pailleté et Multicolore - Gadgets Amusants et Petits Cadeaux pour Enfants",https://www.amazon.fr/dp/B0G1BDML8G?th=1,1770422400000,100,法国,花哨的玩具和小玩意
1776162950429,亚马逊,B0FCYTHV6D,https://m.media-amazon.com/images/I/41hlCQdG4-L._AC_US200_.jpg,"Beyblade X Starter Pack Feather Phoenix 2-60N BX, toupie Takara Tomy de Type défense avec Lanceur, toupies de compétition, dès 8 Ans",https://www.amazon.fr/dp/B0FCYTHV6D?th=1,1770422400000,100,法国,棋盘游戏
1776162950429,亚马逊,B0G1C8TGLW,https://m.media-amazon.com/images/I/51Mf2fPPvfL._AC_US200_.jpg,"MOONTOY Cadeaux Paques Enfant, 12 Œufs de Pâques avec 12 Blocs & 4 Autocollants, DIY Garnitures de Panier de Pâques et Cadeaux de Fête pour Garçons et Filles 6+, Ferme de Carottes avec Lapin et Poule",https://www.amazon.fr/dp/B0G1C8TGLW?th=1,1770249600000,100,法国,Jeux de construction
1776162950429,亚马逊,B0FYP9L89J,https://m.media-amazon.com/images/I/814QFhnj0gL._AC_US200_.jpg,"MOONTOY Cadeaux Paques Enfant, 12 Œufs de Pâques avec 12 Blocs & 4 Autocollants, DIY Garnitures de Panier de Pâques et Cadeaux de Fête pour Garçons et Filles 6 7 8 9+, Inclut Lapin, Poussin et Mouton",https://www.amazon.fr/dp/B0FYP9L89J?th=1,1770249600000,100,法国,Jeux de construction
1776162950429,亚马逊,B0GHPV1VDN,https://m.media-amazon.com/images/I/71BX9ZSwfDL._AC_US200_.jpg,BARRADO Peluche Marsupilami bébé en œuf - 20 cm - 16002968,https://www.amazon.fr/dp/B0GHPV1VDN?th=1,1770249600000,100,法国,抱枕玩具
1776162950429,亚马逊,B0G1BQF89B,https://m.media-amazon.com/images/I/81GmenRF-YL._AC_US200_.jpg,"Kit de Construction de Art Love pour Adultes, 791 PCS Bouquet de Fleurs Cadeaux pour Anniversaire d'enfant ou Cadeau de Fiançailles pour Femmes, Saint-Valentin, Fête des Mères, Elle ou Lui",https://www.amazon.fr/dp/B0G1BQF89B?th=1,1770163200000,100,法国,Jeux de construction
1776162950429,亚马逊,B0GKQDBCB7,https://m.media-amazon.com/images/I/71VD2FmAwRL._AC_US200_.jpg,GeeKe 216 Perles Magnétiques remonter Kit Créatif à Assembler et Démêler,https://www.amazon.fr/dp/B0GKQDBCB7?th=1,1770163200000,100,法国,Jouets fantaisie et gadgets
1776162950429,亚马逊,B0G369FC5R,https://m.media-amazon.com/images/I/41ckht0z0pL._AC_US200_.jpg,Funko Pop Animation: Netflix - Kpop Demon Hunters - Mira - Figurine en Vinyle de Collection - Idée Cadeau - Produit Officiel - Jouets pour Enfants et Adultes - Figurine modèle pour collectionneurs,https://www.amazon.fr/dp/B0G369FC5R?th=1,1770163200000,100,法国,收藏玩具
1776162950429,亚马逊,B0GCWSRPZ6,"https://m.media-amazon.com/images/I/41sqZEFlV5L._AC_SR200,200_.jpg","Costume de cosplay Animes pour Enfant, Déguisement Carnavals Enfant Fille, Animes Cosplay Costume, Deguisements Filles pour Carnivals Halloween Partys",https://www.amazon.fr/dp/B0GCWSRPZ6?th=1,1769990400000,100,法国,仿制游戏、服装和配件
1776162950429,亚马逊,B0G5258J2T,https://m.media-amazon.com/images/I/51dkE6MMezL._AC_US200_.jpg,"Steal a Brainrot Figures, Lot de 6 Figurines Italiennes Brainrot, 3D Brainrot Animal Figurine, Figurines de Collection Cadeau Créatif pour Collection Décoration Enfants Et Fans",https://www.amazon.fr/dp/B0G5258J2T?th=1,1769990400000,100,法国,塑像
1776162950429,亚马逊,B0G4VNY3XT,https://m.media-amazon.com/images/I/617Kbpnv9DL._AC_US200_.jpg,"KEFU Embouts à Mâcher pour Crayons, Lot de 8, Accessoires Sensoriels pour Enfants avec Autisme et TDAH",https://www.amazon.fr/dp/B0G4VNY3XT?th=1,1769904000000,100,法国,教育和科学游戏
1776162950429,亚马逊,B08HH4R2TZ,https://m.media-amazon.com/images/I/614O58DH5EL._AC_US200_.jpg,Funko Pop! Television: Stranger Things Season 5 - Eleven - Figurine en Vinyle de Collection - Idée Cadeau - Produit Officiel - Jouets pour Enfants et Adultes - Figurine modèle pour collectionneurs,https://www.amazon.fr/dp/B08HH4R2TZ?th=1,1769731200000,100,法国,收藏玩具
1776162950429,亚马逊,B08HJ7N3ZZ,https://m.media-amazon.com/images/I/31w8RucmYaL._AC_US200_.jpg,Funko Pop! Keychain: Netflix - Kpop Demon Hunters - Mira - Porte-clés Porte-clés Fantaisie - Mini-Figurine de Collection - Petit Cadeau de Noël - Idée Cadeau - Produit Officiel,https://www.amazon.fr/dp/B08HJ7N3ZZ?th=1,1769731200000,100,法国,收藏玩具
1776162950429,亚马逊,B0G4NRXZSD,https://m.media-amazon.com/images/I/71DN7YrgdEL._AC_US200_.jpg,"Pokémon : Mini-boîte Méga-Évolution – Héros Transcendants – Mélofée et Germignon (1 Page d’Autocollants, 1 Carte Artistique et 2 boosters)",https://www.amazon.fr/dp/B0G4NRXZSD?th=1,1769644800000,1000,法国,收藏玩具
1776162950429,亚马逊,B0G4NS4WMF,https://m.media-amazon.com/images/I/41JuW7zodhL._AC_US200_.jpg,"Pokémon : Mini-boîte Méga-Évolution – Héros Transcendants – Togepi et Kaiminus (1 Page d’Autocollants, 1 Carte Artistique et 2 boosters)",https://www.amazon.fr/dp/B0G4NS4WMF?th=1,1769644800000,1000,法国,收藏玩具
1776162950429,亚马逊,B0FDB2DFDH,https://m.media-amazon.com/images/I/81jpw-2PdZL._AC_US200_.jpg,"Gui Gui Brilliant Slime, Les Plus Beaux slimes créés par tes Soins, suis 5 étapes pour embellir Ton Slime, 13 slimes Gui Gui parfumés et 4 Fabuleuses Textures à créer",https://www.amazon.fr/dp/B0FDB2DFDH?th=1,1769644800000,100,法国,花哨的玩具和小玩意
1776162950429,亚马逊,B0FPYB5C2J,https://m.media-amazon.com/images/I/812WusnXvKL._AC_US200_.jpg,"LEGO Star Wars 75424 Smart Play : l’Attaque du AT-St sur Endor - Set Compatible - Jouet Interactif - 2 Smart Tags & Minifigurine de Wicket - Idée Cadeau dès 8 Ans pour Garçon, Fille ou Fan Adulte",https://www.amazon.fr/dp/B0FPYB5C2J?th=1,1769472000000,100,法国,Jeux de construction
1776162950429,亚马逊,B0GJSBJKXQ,https://m.media-amazon.com/images/I/51F5XVO6MYL._AC_US200_.jpg,"Butter Squishy, Slow Rising squishies1 Fidget Squeeze Toy, Fun Fake Food Toys Realistic Sticky Butter Scented Sensory Game for Kids Adults",https://www.amazon.fr/dp/B0GJSBJKXQ?th=1,1769472000000,100,法国,花哨的玩具和小玩意
1776162950429,亚马逊,B0GHZ51921,https://m.media-amazon.com/images/I/71fPdKgAoBL._AC_US200_.jpg,"Jouet Montessori Enfant 1 an, 9 en 1 Jeux en Bois Bebe Jouet Educatif Fille Garcon avec Xylophone, Jeu Pêche & Marteau, Jouet d'activité Musicaux Interactif Cadeau Anniversaire 2 Ans",https://www.amazon.fr/dp/B0GHZ51921?th=1,1769472000000,200,法国,幼儿玩具和婴儿玩具
1776162950429,亚马逊,B0FK1GVJFV,https://m.media-amazon.com/images/I/81Ip7-mqYTL._AC_US200_.jpg,"Monster High Poupée Morticia Addams portant une robe de velours noir et pourpre avec des bijoux, des chaussures à talons inspirées de la série et un socle pour l’exposer, JLK99",https://www.amazon.fr/dp/B0FK1GVJFV?th=1,1769472000000,100,法国,Poupées et accessoires
1776162950429,亚马逊,B0G5H3Q343,"https://m.media-amazon.com/images/I/412l6fBHlQL._AC_SR200,200_.jpg","5 PCS Set de Costume Jaune pour Cosplay, pour Lunettes, Chapeau, Gants Noirs, Bretelles et Boutons, Accessoires Deguisement Film Drole pour Fête de Halloween Carnaval Cosplay",https://www.amazon.fr/dp/B0G5H3Q343?th=1,1769385600000,100,法国,仿制游戏、服装和配件
1776162950429,亚马逊,B0GJ7F56MN,https://m.media-amazon.com/images/I/61S6V8b8dVL._AC_US200_.jpg,Lot de carnet de 12 Timbres thématiques – Motifs aléatoires – Émission 2023 2024 2025 2026 – Collection philatélique,https://www.amazon.fr/dp/B0GJ7F56MN?th=1,1769299200000,200,法国,收藏玩具
1776162950429,亚马逊,B0GGH3DCK8,https://m.media-amazon.com/images/I/610bHD8HJ4L._AC_US200_.jpg,"Perruque Kpop et Anime, Perruque Costume Chasseur pour Enfants, Déguisement K-pop Perruques Cosplay Perruques Longue et Lisse, pour Halloween Carnaval Fête Cosplay, Cadeau Mignon pour Les Fans",https://www.amazon.fr/dp/B0GGH3DCK8?th=1,1769212800000,200,法国,仿制游戏、服装和配件
1776162950429,亚马逊,B0CL7N2D8C,https://m.media-amazon.com/images/I/717dMKpKWDL._AC_US200_.jpg,"Joyreal Planche Busy Board, Jouet Montessori en Bois avec 19 LED, Jouet Bebe 1 2 3 Ans, Tableau Montessori Activity Board, Motricité Bébé Jouet éducatif Sensoriel pour Garçons Filles",https://www.amazon.fr/dp/B0CL7N2D8C?th=1,1769212800000,100,法国,幼儿玩具和婴儿玩具
1776162950429,亚马逊,B0G3QR4V8N,https://m.media-amazon.com/images/I/712G6F+pH7L._AC_US200_.jpg,"Pokémon : Lot de Boîtes – Poké, Honor et BIS Ball (9 boosters et 6 Pages d’Autocollants)",https://www.amazon.fr/dp/B0G3QR4V8N?th=1,1769126400000,100,法国,收藏玩具
1776162950429,亚马逊,B0G3QPTJQY,https://m.media-amazon.com/images/I/31LfHodeNnL._AC_US200_.jpg,"Pokémon : Lot de Boîtes – Poké , Super et Hyper Ball (9 boosters, et 6 Pages d’Autocollants)",https://www.amazon.fr/dp/B0G3QPTJQY?th=1,1769126400000,100,法国,收藏玩具
1776162950429,亚马逊,B0G4NQZMV6,https://m.media-amazon.com/images/I/51x8RmF2vCL._AC_US200_.jpg,Pokémon : Collection Autocollant réajustable Méga-Évolution – Héros Transcendants – Salamèche (1 Carte Promo Brillante et 3 boosters),https://www.amazon.fr/dp/B0G4NQZMV6?th=1,1769126400000,100,法国,收藏玩具
1776162950429,亚马逊,B0GD5GHBXD,https://m.media-amazon.com/images/I/51qWaP10yML._AC_US200_.jpg,3 Jouets Cosplay Kpop Zoey Déguisement Kpop Jouet Kpop Déguisement Zoey Kpop Jouet Cosplay Kpop Enfant Déguisement Kpop Jouet Interactif Accessoires Kpop,https://www.amazon.fr/dp/B0GD5GHBXD?th=1,1769126400000,100,法国,仿制游戏、服装和配件
1776162950429,亚马逊,B0FDB3S72T,https://m.media-amazon.com/images/I/815imMAj09L._AC_US200_.jpg,"Gui Gui Transparent Slime, Les Plus Beaux slimes créés par tes Soins, suis 5 étapes pour embellir Ton Slime, 13 slimes Gui Gui parfumés et 4 Fabuleuses Textures à créer",https://www.amazon.fr/dp/B0FDB3S72T?th=1,1769126400000,200,法国,花哨的玩具和小玩意
1776162950429,亚马逊,B0G2C7RPLL,https://m.media-amazon.com/images/I/31tobGEZgtL._AC_US200_.jpg,"tonies Figurine Disney - Tigrou- Personnage Audio pour conteuse Toniebox, 4 Ans et Plus - boîte à Histoires Vendue séparément",https://www.amazon.fr/dp/B0G2C7RPLL?th=1,1769126400000,100,法国,儿童电子游戏
1776162950429,亚马逊,B08GHGN7MY,https://m.media-amazon.com/images/I/71hW9zSQYjL._AC_US200_.jpg,"Jeu Éducatif, 47 Pièces Jouet pour Comptage et Tri Jeu Educatif Motricité, Jouet Montessori 2-6 Ans sans BPA, Apprentissage Formes et Motricité(Couleur Aléatoire)",https://www.amazon.fr/dp/B08GHGN7MY?th=1,1769040000000,200,法国,幼儿玩具和婴儿玩具
1776162950429,亚马逊,B0FPXFDFV8,https://m.media-amazon.com/images/I/810UrLiC67L._AC_US200_.jpg,LEGO Editions Scuderia Ferrari HP Casque de Charles Leclerc - Produit F1 - Maquette avec Minifigurine Collector - Décoration Intérieure - Cadeau pour Garçon dès 14 ans et Adulte Fan d'Automobile 43014,https://www.amazon.fr/dp/B0FPXFDFV8?th=1,1769040000000,100,法国,Jeux de construction
1776162950429,亚马逊,B0G4NQJYXM,https://m.media-amazon.com/images/I/71G7uT1xPHL._AC_US200_.jpg,"Pokémon : Mini-boîte Méga-Évolution – Héros Transcendants – Riolu et Darumarond (1 Page d’Autocollants, 1 Carte Artistique et 2 boosters)",https://www.amazon.fr/dp/B0G4NQJYXM?th=1,1768953600000,1000,法国,收藏玩具
1776162950429,亚马逊,B0G4NR3ZMC,https://m.media-amazon.com/images/I/410eYUGxd-L._AC_US200_.jpg,"Pokémon : Mini-boîte Méga-Évolution – Héros Transcendants – Pikachu et Gruikui (1 Page d’Autocollants, 1 Carte Artistique et 2 boosters)",https://www.amazon.fr/dp/B0G4NR3ZMC?th=1,1768953600000,2000,法国,收藏玩具
1776162950429,亚马逊,B0GF1KPMJT,https://m.media-amazon.com/images/I/71gL9PqOEpL._AC_US200_.jpg,Montessori Busy Board 1 an Enfants Activity Board Jouets en Bois avec 12 Interrupteurs 24 Lumières LED Jouets Sensory Learning Toys Jeux Jeu Montessori Jouet Enfant Bebe 1 2 3 Ans Cadeau Enfant,https://www.amazon.fr/dp/B0GF1KPMJT?th=1,1768867200000,200,法国,幼儿玩具和婴儿玩具
1776162950429,亚马逊,B0FHKKZ31K,https://m.media-amazon.com/images/I/71PZJFiQxnL._AC_US200_.jpg,"Hot Wheels Coffret 5 Voitures de Course Contenant des modèles réduits en métal moulé à l’échelle 1/64 de monoplaces de Formule 1® sous Licence Officielle, pour Jouer ou à Exposer, JLN11",https://www.amazon.fr/dp/B0FHKKZ31K?th=1,1768867200000,300,法国,娃娃和配件
1776162950429,亚马逊,B0G5Q66JTB,https://m.media-amazon.com/images/I/612tZrcB83L._AC_US200_.jpg,"5 PCS Fufu Squishy Set, Taba Squishy,Squishy Patte de Chat,Jouets de Soulagement du Stress Mignons pour Soulage",https://www.amazon.fr/dp/B0G5Q66JTB?th=1,1768867200000,100,法国,花哨的玩具和小玩意
1776162950429,亚马逊,B0G54GN1PD,https://m.media-amazon.com/images/I/81P+1l+BS2L._AC_US200_.jpg,"Disney Doorables in Full Bloom Mini Peek, Figurines de Collection 4 cm, Jouet pour Collectionneurs, Filles et Enfants dès 5 Ans – Just Play",https://www.amazon.fr/dp/B0G54GN1PD?th=1,1768780800000,100,法国,塑像
1776162950429,亚马逊,B0GHKLZY2D,https://m.media-amazon.com/images/I/81ZKjgX1K4L._AC_US200_.jpg,Jeu de Cartes d’Ambiance Ultra Addictif | Jeu Apéro & Famille | 2 à 6 Joueurs | Parties Rapides | Idée Cadeau Originale,https://www.amazon.fr/dp/B0GHKLZY2D?th=1,1768780800000,100,法国,棋盘游戏
1776162950429,亚马逊,B0GGZ78631,https://m.media-amazon.com/images/I/31kMZ4klFuL._AC_US200_.jpg,"Cigarettes à Bulles factices, Machine à Bulles, Mini-Jouet à Bulles, Solution à Bulles, Cadeau Anti-Stress Original pour fêtes, Anniversaires et Festivals (D)",https://www.amazon.fr/dp/B0GGZ78631?th=1,1768780800000,100,法国,户外游戏和运动
1776162950429,亚马逊,B0CCJRM37V,https://m.media-amazon.com/images/I/71PAT9OUKeL._AC_US200_.jpg,SmartGames - Chats Tournent en Rond - Casse-tête Logique 7 Ans + - Jeu de Réflexion - Jeu Éducatif Enfant - Développement Cognitif - 60 Défis Progressifs - Jeu Solo - Jouet Stratégique,https://www.amazon.fr/dp/B0CCJRM37V?th=1,1768608000000,100,法国,棋盘游戏
1776162950429,亚马逊,B0FMSB8LRX,https://m.media-amazon.com/images/I/814H1E9iqUL._AC_US200_.jpg,"Palette Maquillage Enfant - 16 Couleurs Peinture Corporelle pour Le Visage avec 4 Grandes Couleurs, 52 Pochoirs et 1 Autocollant Strass, pour Halloween Carnaval Pâques Noël Soirées à Thème",https://www.amazon.fr/dp/B0FMSB8LRX?th=1,1768608000000,100,法国,仿制游戏、服装和配件
1776162950429,亚马逊,B0DSB89542,https://m.media-amazon.com/images/I/71B-wfGMcVL._AC_US200_.jpg,"Lot de 360 blocs de construction de Pâques, 12 en 2, pour lapins et carottes, avec 12 œufs de Pâques, cadeau de Pâques idéal pour les créateurs et les enfants à partir de 6 ans",https://www.amazon.fr/dp/B0DSB89542?th=1,1768521600000,300,法国,Jeux de construction
1776162950429,亚马逊,B0GGTY5HRN,https://m.media-amazon.com/images/I/71axUPwBCUL._AC_US200_.jpg,Asmodee - Unlock! Short Adventures - Le Cœur de l'Océan- Space Cowboys - Jeu d'enquête - Escape Game - Jeu coopératif dès 10 Ans - 1 à 6 Joueurs - 45 Min - en français,https://www.amazon.fr/dp/B0GGTY5HRN?th=1,1768435200000,100,法国,棋盘游戏
1776162950429,亚马逊,B0G7HDP63V,https://m.media-amazon.com/images/I/51yi0EUeXAL._AC_US200_.jpg,"Jeu D'éChecs,2 en 1 Echiquier Magnetique,Echecs en Bois Pliable avec Emplacements De Rangement,pour Enfants Adultes, éChecs De Voyage,Jeux De Stratégie (39x39cm)",https://www.amazon.fr/dp/B0G7HDP63V?th=1,1768435200000,100,法国,棋盘游戏
1776162950429,亚马逊,B0G4JSD1BD,https://m.media-amazon.com/images/I/41iCDq8ny8L._AC_US200_.jpg,"Jouet Dentition Bebe Balle Pour Naissance 0-3 Mois, Sensorielle Jeux d’Eveil Hochet Bébé de développement, Educatif Cadeau Enfant Garçon et Fille 3 6 9 12 mois 1 an",https://www.amazon.fr/dp/B0G4JSD1BD?th=1,1768435200000,300,法国,幼儿玩具和婴儿玩具
1776162950429,亚马逊,B0G4NRBTVC,https://m.media-amazon.com/images/I/510W3lkbw2L._AC_US200_.jpg,Pokémon : Collection Autocollant réajustable Méga-Évolution – Héros Transcendants – Fantominus (1 Carte Promo Brillante et 3 boosters),https://www.amazon.fr/dp/B0G4NRBTVC?th=1,1768435200000,200,法国,收藏玩具
1776162950429,亚马逊,B0G35P6X1Z,https://m.media-amazon.com/images/I/81+VTkn6VDL._AC_US200_.jpg,"Monopoly Deal, Jeu de Cartes dans Une boîte en métal | dès 8 Ans | 2 à 5 Joueurs | 15 Min. | Jeu Familial pour Enfants, Ados et Adultes I Jeu de Voyage | Version française",https://www.amazon.fr/dp/B0G35P6X1Z?th=1,1768348800000,100,法国,棋盘游戏
1776162950429,亚马逊,B0G5H6FSX5,https://m.media-amazon.com/images/I/61J12oeybzL._AC_US200_.jpg,"Microscope Numérique pour Enfants 1000X, Temodu 2.0 Pouces Microscope Enfant, 8 Lumières LED, Sciences de Plein air pour Les 3 Ans et Plus (382-Yellow)",https://www.amazon.fr/dp/B0G5H6FSX5?th=1,1768348800000,100,法国,教育和科学游戏
1776162950429,亚马逊,B0D6VZDYTN,https://m.media-amazon.com/images/I/61SDBdcBG1L._AC_US200_.jpg,Humairc Jaune Costume Lunettes Kits Deguisement Halloween/Carnaval Costume Carnaval/Halloween/Cosplay Accessoires Cosplay pour Femme Homme - Lunettes Goggles Chapeau Gants Chaussettes Bretelles,https://www.amazon.fr/dp/B0D6VZDYTN?th=1,1768348800000,100,法国,仿制游戏、服装和配件
1776162951112,亚马逊,B0G7YGMMRC,https://m.media-amazon.com/images/I/71W3a36CLuL._AC_US200_.jpg,"Kizmyee 8 Stück Ostereier zum Befüllen mit 32 Stück 3D Tiere Figuren, Flexible bewegliche Fidget Toy, Geschenke zum Ostereierfüllen, Geburtstagsgeschenke, Belohnungen zum Schulabschluss für Kinder",https://www.amazon.de/dp/B0G7YGMMRC?th=1,1772236800000,100,德国,派对及娱乐商品
1776162951112,亚马逊,B0GQ3DL78K,https://m.media-amazon.com/images/I/71UABUl0UlL._AC_US200_.jpg,"2 Stück Tastatur Fidget, Fidget Toys Tastatur Mit LED Licht, 4-Tasten Fidgets Spielzeug Mit Befriedigendem Klickgefühl Zum Stressabbau, Anti Stress Spielzeug Für Erwachsene In Büro,Schule,Reisen",https://www.amazon.de/dp/B0GQ3DL78K?th=1,1772236800000,100,德国,党-
1776162951112,亚马逊,B0GJRVCWRL,"https://m.media-amazon.com/images/I/51QEqCg37HL._AC_SR200,200_.jpg","Ostergeschenke Kinder Fussball Armband für 6 7 8 9 10 11 12 Jahre Jungen,Fussball Geschenke Jungen,Ostern Geschenke Fußball Armband für Jungs,Lederarmband Fußball Geschenk",https://www.amazon.de/dp/B0GJRVCWRL?th=1,1772236800000,100,德国,儿童角色扮演游戏
1776162951112,亚马逊,B0GFN57Z8N,https://m.media-amazon.com/images/I/71Nf+jcqSfL._AC_US200_.jpg,"Karaoke Maschine Kinder mit 2 Bluetooth Mikrofon und Verstellbarer Mikrofon Ständer, Geschenk Spielzeug Mädchen 3-12 Jahre Karaoke Mikrofon Ostergeschenke Kinder mit 5 Toneffekten & LED-Lichtern",https://www.amazon.de/dp/B0GFN57Z8N?th=1,1772236800000,300,德国,电子玩具
1776162951112,亚马逊,B0G5GY8C3W,https://m.media-amazon.com/images/I/71QW02uDhdL._AC_US200_.jpg,"3D - 216 Tragbares Montage Bauspielzeug, Casual Tabletop Games,Büro-Stressabbau/Angstlinderung Desktop-Spielzeug, Geschenke für Erwachsene",https://www.amazon.de/dp/B0G5GY8C3W?th=1,1772150400000,100,德国,游戏
1776162951112,亚马逊,B0GK111V28,https://m.media-amazon.com/images/I/81haQs9eO5L._AC_US200_.jpg,"Geburtstagskrone Kinder, Geburtstagskrone Stoff Verstellbar, Geburtstags Krone Musselin mit Auswechselbaren Zahlen von 0-9, Krone Geburtstag Unisex für Kindergeburtstag Party",https://www.amazon.de/dp/B0GK111V28?th=1,1772150400000,100,德国,派对
1776162951112,亚马逊,B0GQ3BKVW6,https://m.media-amazon.com/images/I/41IGxATx9GL._AC_US200_.jpg,"6 Stück Osterei Ei, 40 cm Riesige Plastikeier Deko, Osterdeko in schönen leuchtenden Farben, Ostereier zum Aufhängen, Ornament für Osterkörbchen Frühlingsdeko,Ostern Geschenke Kinder",https://www.amazon.de/dp/B0GQ3BKVW6?th=1,1772150400000,100,德国,派对及娱乐商品
1776162951112,亚马逊,B0GHXSMMNG,https://m.media-amazon.com/images/I/51AcroUFIOL._AC_US200_.jpg,"COCHIE 36 Stück Holzanhänger Ostern Basteln Kinder, Holz Ostereier zum Bemalen,DIY Ostereier Hasen Blume Basteln zum Bemalen Holz Anhänger für Kinder(Flower)",https://www.amazon.de/dp/B0GHXSMMNG?th=1,1772150400000,100,德国,工艺
1776162951112,亚马逊,B0GHQ29Q54,https://m.media-amazon.com/images/I/81hs3A57dWL._AC_US200_.jpg,"burgkidz Magnetische Bausteine Reisespielzeug für Mädchen: 42 Teile Glitzer Diamant Magnetische Tiles Metallbox für Auto & Flugzeug – 90 Minuten Beschäftigung, 45s Aufräumen – Geschenk ab 3-6 Jahren",https://www.amazon.de/dp/B0GHQ29Q54?th=1,1772150400000,100,德国,建筑-
1776162951112,亚马逊,B0G653YGBQ,https://m.media-amazon.com/images/I/71vcuV1gGrL._AC_US200_.jpg,"Tortendeko Kommunion, Cake Topper Kommunion Deko Torte Hochwertiges Papier, Eukalyptusblatt-Dekoration KommunionTortendeko Kuchen Deko Erstkommunion Deko Tortendekoration der Kommunionstorte",https://www.amazon.de/dp/B0G653YGBQ?th=1,1772150400000,100,德国,派对
1776162951112,亚马逊,B0GPRJKBXJ,https://m.media-amazon.com/images/I/71W20hzzzVL._AC_US200_.jpg,FIFA World Cup 2026 Trading Cards Game Blister Premium Gold (1 Premium Hülle + 4 Exklusive Limitierte Karten),https://www.amazon.de/dp/B0GPRJKBXJ?th=1,1772150400000,100,德国,游戏
1776162951112,亚马逊,B0GDTPXKL8,https://m.media-amazon.com/images/I/91K1aFA3H+L._AC_US200_.jpg,"gelrovaled Malen Nach Zahlen Erwachsene, DIY Handgemalt Ölgemälde Kit für Anfänger und Erwachsene Mit 3-Pinseln und Acrylfarbe, Ohne Rahmen 40X50CM (Flowers)",https://www.amazon.de/dp/B0GDTPXKL8?th=1,1772150400000,100,德国,工艺
1776162951112,亚马逊,B0GNSYGRY6,https://m.media-amazon.com/images/I/61lbt2iFNSL._AC_US200_.jpg,Schwimmnudel Set 160 cm – Poolnudel & Schwimmhilfe in verschiedenen Mengen & Verbinder-Varianten – 9 Farben zur Auswahl,https://www.amazon.de/dp/B0GNSYGRY6?th=1,1772064000000,100,德国,体育
1776162951112,亚马逊,B0GC6BQQL7,https://m.media-amazon.com/images/I/51G-GgkadTL._AC_US200_.jpg,"76CM Große Osterdekoration für Kinder 4-9, Osterhase Klett Dartscheibe mit 12 Klettbällen, Ostereier Wurfspiel & Partyspiel, Osterkorb Geschenk & Bastelspielzeug OsterGeschenke für Kinder 3–10 Jahre",https://www.amazon.de/dp/B0GC6BQQL7?th=1,1772064000000,300,德国,派对
1776162951112,亚马逊,B0GPFBHC14,https://m.media-amazon.com/images/I/41mFWsDBPhL._AC_US200_.jpg,Kuscheltier Teddybär personalisiert – Flauschiges Plüschtier mit weißem T-Shirt zum Bedrucken – Weicher Teddybär für Babys & Kinder – Geschenk zur Geburt & Geburtstag,https://www.amazon.de/dp/B0GPFBHC14?th=1,1771977600000,100,德国,Plüsch-Spielzeug
1776162951112,亚马逊,B0GFBMCN1Q,https://m.media-amazon.com/images/I/616Bx4cmjcL._AC_US200_.jpg,Edurino Figur Robin Geometrie & Zahlenmuster ab 4 Jahren inkl. App | Innovatives & digitales Lernspiel | Zahlenmuster erkennen | Geometrie und Symmetrie entdecken | Formenmuster gestalten,https://www.amazon.de/dp/B0GFBMCN1Q?th=1,1771977600000,100,德国,实验
1776162951112,亚马逊,B0GFBPKPY2,https://m.media-amazon.com/images/I/61UBiZCr+jL._AC_US200_.jpg,Edurino Figur Ollie Probleme lösen & Argumentieren ab 4 Jahren inkl. App | Innovatives & digitales Lernspiel | Probleme Identifizieren und erkennen | Lösungen Finden | Strategisch Denken,https://www.amazon.de/dp/B0GFBPKPY2?th=1,1771977600000,200,德国,实验
1776162951112,亚马逊,B0GG8TVP6W,https://m.media-amazon.com/images/I/51vlis8nt5L._AC_US200_.jpg,"Ostern Basteln Kinder Osterbaum Bastelset Holz mit Osterei Baum und 3 Hasen Aufstellern, Osterdeko Holz Tischdeko zum Bemalen, Osterbaum Deko für Kindergarten, Schule, Familie und Frühlingsdeko",https://www.amazon.de/dp/B0GG8TVP6W?th=1,1771977600000,300,德国,工艺
1776162951112,亚马逊,B0G52MQXS4,https://m.media-amazon.com/images/I/51ig6V64PaL._AC_US200_.jpg,"MOMUSE Einhorn Schlüpf-Ei für Kinder 6 PCS, Bastelset Kinder, Geschenk Mädchen 4 Jahre, Ostergeschenke Mitgebsel Kindergeburtstag Mädchen Jungen 3 4 5 6 7 8 Jahre",https://www.amazon.de/dp/B0G52MQXS4?th=1,1771977600000,200,德国,Spielzeugfiguren
1776162951112,亚马逊,B0GFBXYWLB,https://m.media-amazon.com/images/I/61NZZKnY6dL._AC_US200_.jpg,Edurino Figur Ari Gesunde Ernährung ab 4 Jahren inkl. App | Innovatives & digitales Lernspiel | Lebensmittel anbauen | Küchenfertigkeiten üben | Gesunde Gewohnheiten kennenlernen,https://www.amazon.de/dp/B0GFBXYWLB?th=1,1771977600000,600,德国,实验
1776162951112,亚马逊,B0GKG5LNJV,https://m.media-amazon.com/images/I/61VkCEHfHvL._AC_US200_.jpg,"Ostern Basteln Kinder, 178 Stück Holz Ostereier zum Bemalen Bastelset, DIY Osterbasteln Holzeier zum Aufhängen für Osterdeko, Holzanhänger Ostergeschenke Kinder,Osteranhänger Osterbastelset mit Schnur",https://www.amazon.de/dp/B0GKG5LNJV?th=1,1771977600000,100,德国,工艺
1776162951112,亚马逊,B0GHMCB6XV,https://m.media-amazon.com/images/I/51Y4L+hhueL._AC_US200_.jpg,"Isisyu Ostern Basteln Kinder, 12 Stück Ostern Bastelset Ostereier Osterküken Hasen mit Selbstklebenden zum Basteln Kreative Kunsthandwerk Bastelhandwerk für Osterdeko, Ostergeschenke",https://www.amazon.de/dp/B0GHMCB6XV?th=1,1771977600000,200,德国,工艺
1776162951112,亚马逊,B0GMQ8P918,https://m.media-amazon.com/images/I/31-yscZ92mL._AC_US200_.jpg,OUTDOOR ACTIVE Kinder Metallschubkarre pink 561,https://www.amazon.de/dp/B0GMQ8P918?th=1,1771977600000,100,德国,体育
1776162951112,亚马逊,B0GCDNBL5V,https://m.media-amazon.com/images/I/41GyAAvIxZL._AC_US200_.jpg,"12x Jumbo Ostereier zum Befüllen 20cm hoch, XXL Plastik Ostereier Set (6 Farben), große Kunststoff Eier für Ostern im Garten",https://www.amazon.de/dp/B0GCDNBL5V?th=1,1771977600000,100,德国,派对及娱乐商品
1776162951112,亚马逊,B0GPM4FPMW,https://m.media-amazon.com/images/I/91nNQmeUkZL._AC_US200_.jpg,"Adrenalyn XL World Cup 2026 - Sammelmappe mit Sammlermagazin/Checkliste, Spielfeld + 10 Booster Packs mit je 8 Trading Cards",https://www.amazon.de/dp/B0GPM4FPMW?th=1,1771891200000,300,德国,爱好
1776162951112,亚马逊,B0GMY96JS6,https://m.media-amazon.com/images/I/61Jxi-cOdxL._AC_US200_.jpg,Bundle mit Topps Match Attax Champions League 2025/26 Trading Cards + Exklusive Collect-it Hüllen (1 Blister),https://www.amazon.de/dp/B0GMY96JS6?th=1,1771891200000,100,德国,爱好
1776162951112,亚马逊,B08Y96ZK4K,https://m.media-amazon.com/images/I/81TlrGEoA0L._AC_US200_.jpg,"KIDIZ® Sandkasten AHOI - Piratenschiff Boot Segelschiff aus Holz Inkl. Abdeckung, Bodenplane, Sitzbank, Flaggenmast, | Große Kinder Sandkiste für den Garten | Outdoor Sandbox Blau",https://www.amazon.de/dp/B08Y96ZK4K?th=1,1771891200000,100,德国,体育
1776162951112,亚马逊,B0GNN4YWPQ,https://m.media-amazon.com/images/I/81MKTGtrojL._AC_US200_.jpg,"Pokemon Karten Deutsch 50 Karten Set Original - kompatibel mit Pokemon Karten in exklusiver SLEEVEE Geschenkbox inkl. begehrter Holo-Sammelkarten Kinder zu Geburtstag, Ostern, Weihnachten & Nikolaus",https://www.amazon.de/dp/B0GNN4YWPQ?th=1,1771891200000,1000,德国,爱好
1776162951112,亚马逊,B0GJJL1PLQ,https://m.media-amazon.com/images/I/71WFbVl-fVL._AC_US200_.jpg,"10-teiliges Becherlupen Set für Jungen & Mädchen - Lupenglas Insektenbetrachter mit Pinzetten & Fängern - Lupenbecher für Natur-Erkundung, Garten & Schule Beobachtungsset",https://www.amazon.de/dp/B0GJJL1PLQ?th=1,1771891200000,100,德国,实验
1776162951112,亚马逊,B0GJ7B5PBX,https://m.media-amazon.com/images/I/51+dZUQ6mDL._AC_US200_.jpg,Kkluno Ostereier zum Bemalen Verzieren Plastik Ostereier zum Aufhängen Deko-Eier Ostern zum Selbst Beschriften 24 Stück DIY Plastikeier zum Basteln Set Exquisite Geschenkbox,https://www.amazon.de/dp/B0GJ7B5PBX?th=1,1771891200000,100,德国,派对及娱乐商品
1776162951112,亚马逊,B0G8TQBVVH,https://m.media-amazon.com/images/I/516lzu4FluL._AC_US200_.jpg,"Pandapop 2 in 1 Werkzeug Kinder, Rasenmäher Kinder mit Lichteffekt & Kinder Laubbläser mit Geräusch, Gartenspielzeug Kinder ab 3 Jahre, Spielzeug für draußen mit Werkzeuggürtel",https://www.amazon.de/dp/B0G8TQBVVH?th=1,1771891200000,100,德国,儿童角色扮演游戏
1776162951112,亚马逊,B0G7Y94C24,https://m.media-amazon.com/images/I/71YpmflvT7L._AC_US200_.jpg,"Tortendeko Kommunion Holz mit LED Lichterkette - inkl. Zur Kommunion Deko Torte, 1 Fisch und 1 Taube Tortenstecker, Kuchen Deko Erstkommunion Tortendeko Mädchen Jungen",https://www.amazon.de/dp/B0G7Y94C24?th=1,1771891200000,100,德国,派对
1776162951112,亚马逊,B0GKMG9J53,https://m.media-amazon.com/images/I/71kthYzUUsL._AC_US200_.jpg,"2 Stück Tastatur Fidget, Tastatur Schlüsselanhänger mit Bunter LED Licht, Lustige Tragbarer 4-Tasten Tastatur Anhänger, Fingertastatur Stressabbau Erwachsene Clicker Fidget Spielzeug",https://www.amazon.de/dp/B0GKMG9J53?th=1,1771804800000,100,德国,党-
1776162951112,亚马逊,B01N9RQMLL,https://m.media-amazon.com/images/I/81WQXZTh42L._AC_US200_.jpg,LEGO Icons Der Astronaut - Miniatur Raumschiff Modellbau für Erwachsene - Austellungsset inkl. Ryland Grace Minifigur & Rocky Figur - Science Fiction Geschenk für Film- und Buchfans - 11389,https://www.amazon.de/dp/B01N9RQMLL?th=1,1771804800000,100,德国,建筑玩具
1776162951112,亚马逊,B0G69M3WZ4,https://m.media-amazon.com/images/I/41QqlTj7h5L._AC_US200_.jpg,"MOONTOY Spielzeugautos für 1 Jahr, 4 Stück Auto Spielzeug ab 1 Jahr Hase & Küken Spielfahrzeug Set Kinder, Baby Spielzeug 9 10 11 12 Monate, Geschenk für Kinder 1 2 3 Jahr Jungen Mädchen",https://www.amazon.de/dp/B0G69M3WZ4?th=1,1771804800000,100,德国,汽车
1776162951112,亚马逊,B0GPD3WP5P,https://m.media-amazon.com/images/I/31QvbYj-R8L._AC_US200_.jpg,"TRENDHAUS 967947 - XXL Anti-Stress Squeeze Super Ente, ca. 13 x 33 x 10 cm, Squishy in Enten-Form, Stressball für Kinder und Erwachsene",https://www.amazon.de/dp/B0GPD3WP5P?th=1,1771804800000,100,德国,党-
1776162951112,亚马逊,B0GPDGJM77,https://m.media-amazon.com/images/I/51O7740-lRL._AC_US200_.jpg,"TRENDHAUS 967770 - XXL Anti-Stress Squeeze Super Cheese, ca. 9,5 x 9,5 x 8 cm, Squishy in Käse-Form, Stressball für Kinder und Erwachsene",https://www.amazon.de/dp/B0GPDGJM77?th=1,1771804800000,300,德国,党-
1776162951112,亚马逊,B0CQ2DXXR6,https://m.media-amazon.com/images/I/41TTJ1lxj-L._AC_US200_.jpg,"Wickey SolidLock Winkelanker aus feuerverzinktem Stahl für Spieltürme, Schaukeln, Stelzenhäuser - 6er-Set Anker inklusive Schrauben & Unkrautvlies - Bodenanker, Erdanker 500x45x45 mm",https://www.amazon.de/dp/B0CQ2DXXR6?th=1,1771718400000,100,德国,体育
1776162951112,亚马逊,B0GLYRPBPG,https://m.media-amazon.com/images/I/81ri+SHNc+L._AC_US200_.jpg,"GLÜCKSWOLKE Pantomime Spiel für Kinder - lustiges Familienspiel I Mit 100 Spielkarten I Indoor & Outdoor Spielzeug Kinderspiel I Spiele ab 4, 5, 6, 7, 8, 9 Jahre I Geschenk für Junge & Mädchen",https://www.amazon.de/dp/B0GLYRPBPG?th=1,1771718400000,1000,德国,游戏
1776162951112,亚马逊,B0GF7YZ1D4,https://m.media-amazon.com/images/I/51gw2P+e-7L._AC_US200_.jpg,"Holz Bastelset Kinder Ostern – Osterbaum Bastelset Kinder Holz mit Ostereiern & 3 Osterhasen Aufsteller, Kinder Basteln Holz Set, DIY Osterdeko & Frühlingsdeko für Tisch, Fensterbank & Zuhause",https://www.amazon.de/dp/B0GF7YZ1D4?th=1,1771718400000,100,德国,工艺
1776162951112,亚马逊,B0GHMZ4J63,https://m.media-amazon.com/images/I/81LCH+OBcLL._AC_US200_.jpg,"Homethrive 323Stück Ostern Basteln Kinder, Ostereier zum Bemalen Holz,Osterdeko Basteln Kinder DIY Holzanhänger Ostern zum Bemalen,Oster Frühling Bastelset mit Schnur, Strass, Pinsel",https://www.amazon.de/dp/B0GHMZ4J63?th=1,1771718400000,200,德国,工艺
1776162951112,亚马逊,B0GF7Z2RR3,https://m.media-amazon.com/images/I/51dFvq3ZRfL._AC_US200_.jpg,"Ostern Basteln Kinder Bastelset mit 48 Holzanhängern und 2 Holz Bäumen, Osteranhänger Holz zum Bemalen mit Schnur, DIY Osterdeko Set mit 24 Motiven für Osterstrauch, Kindergarten, Schule, Familie",https://www.amazon.de/dp/B0GF7Z2RR3?th=1,1771632000000,100,德国,工艺
1776162951112,亚马逊,B0GLY2H35H,https://m.media-amazon.com/images/I/81pFdKULbwL._AC_US200_.jpg,"Karten Sammelalbum, Sammelkarten Album, 900 Taschen Sammelmappe, Tragbar Wasserdicht Sammelheft, Sammelkarten Ordner, Karten Heft, Geschenk für Sammler, Jungen, Mädchen",https://www.amazon.de/dp/B0GLY2H35H?th=1,1771632000000,100,德国,收藏玩具
1776162951112,亚马逊,B0G346TKH7,https://m.media-amazon.com/images/I/71u9aCu-CFL._AC_US200_.jpg,"Generisch Magnetspiel,Magnetisches Schachspiel, Tischspiele,Tragbares Schach Magnetisch Magnetisches Spiel für Erwachsene Partyzubehör für Familientreffen (24E)",https://www.amazon.de/dp/B0G346TKH7?th=1,1771632000000,300,德国,游戏
1776162951112,亚马逊,B0G4RCJYM5,https://m.media-amazon.com/images/I/41jG5OnQ+nL._AC_US200_.jpg,Eli® Kinderwerkzeug Set ab 6 Jahre inkl Kindersäge - Hammer - Holzraspel - Schutzhandschuhe - echtes Werkzeug Set für alle junge Baumeister und Bauarbeiter - Säge für Kinder - Geschenkidee,https://www.amazon.de/dp/B0G4RCJYM5?th=1,1771632000000,100,德国,儿童角色扮演游戏
1776162951112,亚马逊,B0GCMD9PKT,https://m.media-amazon.com/images/I/415HW2SKC0L._AC_US200_.jpg,"Ostern Basteln Kinder, Komplettes Osterbastelset für 16 Fensterbilder & PET-Aufkleber，Kinder mit Schere, Farbige Schnur,Osterbasteln mit Kindern, Kreative DIY Ostereier Hasen für Frühling Osterdeko",https://www.amazon.de/dp/B0GCMD9PKT?th=1,1771632000000,300,德国,工艺
1776162951112,亚马逊,B0GLZWMKRL,https://m.media-amazon.com/images/I/614GdpSSZRL._AC_US200_.jpg,"tonies Toniebox 2 Bundle Incl. Die Neue Häschenschule - Ostern, Meeresgrün, Audioplayer für Hörbücher, Lieder, Einschlafen und Tonieplay für Kinder",https://www.amazon.de/dp/B0GLZWMKRL?th=1,1771545600000,100,德国,电子玩具
1776162951112,亚马逊,B0GM11C34L,https://m.media-amazon.com/images/I/61z4orpeG8L._AC_US200_.jpg,"tonies Toniebox 2 Bundle Incl. 2 Schlummerbande Schlummerwal und Oktopus, Meeresgrün, Audioplayer für Hörbücher, Lieder, Einschlafen und Tonieplay für Kinder",https://www.amazon.de/dp/B0GM11C34L?th=1,1771545600000,300,德国,电子玩具
1776162951112,亚马逊,B0GGQJ1FR7,https://m.media-amazon.com/images/I/518fZVzA-gL._AC_US200_.jpg,"ARTREE Ostern Bastelset Kinder Holz Anhänger zum Bemalen – 30 Stk DIY Osterdeko & Frühlingsdeko Bastelset mit Stiften, Stickern & Pompons – Hängeschmuck für Osterbaum, Fenster, Schule & Zuhause",https://www.amazon.de/dp/B0GGQJ1FR7?th=1,1771545600000,100,德国,工艺
1776162951112,亚马逊,B0GHXXM9V9,https://m.media-amazon.com/images/I/5171PTSP5mL._AC_US200_.jpg,"Ostergeschenke für Kinder, 24 Stück Ostereier gefüllt mit Kaninchen-Anhänger für Mädchen, Ostereier Perfekt für Osterkörbchen, Deko für Party, Klassenzimmer & Osteranreize Perfekte Partygeschenke",https://www.amazon.de/dp/B0GHXXM9V9?th=1,1771545600000,200,德国,派对
1776162951112,亚马逊,B0G6ZQ3LQW,https://m.media-amazon.com/images/I/417RpTFSCWL._AC_US200_.jpg,"Eier Bemalen Maschine – 1 Eiermalmaschine mit 6 Farben & Pinsel, DIY Ostergeschenke, kreatives Osterbasteln für zu Hause,Geeignet für Eier bis 6 cm / 2,36 Zoll",https://www.amazon.de/dp/B0G6ZQ3LQW?th=1,1771545600000,100,德国,工艺
1776162951112,亚马逊,B0GDX4KPMC,https://m.media-amazon.com/images/I/51WO2LqSo2L._AC_US200_.jpg,"Ostergeschenke für Kinder, 12 Stück Ostereier gefüllt mit Prinzessin-Spielzeug für Mädchen, Ostereier Perfekt für Osterkörbchen, Deko für Party, Klassenzimmer & Osteranreize Perfekte Partygeschenke",https://www.amazon.de/dp/B0GDX4KPMC?th=1,1771545600000,100,德国,派对
1776162951112,亚马逊,B0GDXP2H9Y,https://m.media-amazon.com/images/I/81-r-Bak50L._AC_US200_.jpg,"24 Stück Gefüllte Ostereier mit Knobelspiele, Bunt Vorgefüllte Kunststoff Ostern Eier mit verschiedenen Metall Knobelei und Holzk, 3D Puzzle, für Ostern Partyzubehör, Osterkorb Füllstoffe, Osternest",https://www.amazon.de/dp/B0GDXP2H9Y?th=1,1771545600000,100,德国,派对
1776162951112,亚马逊,B0G4F91VDK,https://m.media-amazon.com/images/I/71+wcCI7b5L._AC_US200_.jpg,"Festicy 12 Ostereier XXL I 15 x 10 cm große, Bunte, Ostereier zum Befüllen I mit Perlen- und Tattoo Stickern für Ostern I Plastikeier zum Befüllen",https://www.amazon.de/dp/B0G4F91VDK?th=1,1771545600000,100,德国,派对及娱乐商品
1776162951112,亚马逊,B0GNM7TTKZ,https://m.media-amazon.com/images/I/81OW+nJni0L._AC_US200_.jpg,Dungeons & Dragons Starter Set: Helden der Grenzlande | D&D Fantasy-Abenteuerspiel für 3–5 Spieler (Deutsche Version),https://www.amazon.de/dp/B0GNM7TTKZ?th=1,1771459200000,600,德国,游戏
1776162951112,亚马逊,B0GN95K1GD,https://m.media-amazon.com/images/I/61Dcne++OoL._AC_US200_.jpg,Panini FIFA World Cup 2026™ Adrenalyn XL™ Trading Cards (Premium Box),https://www.amazon.de/dp/B0GN95K1GD?th=1,1771459200000,100,德国,爱好
1776162951112,亚马逊,B0GM1CK7C8,https://m.media-amazon.com/images/I/61ZHkKfhHJL._AC_US200_.jpg,Topps UCC Match Attax Extra 2026 - X Tin - enthält 64 Karten sowie eine X Greats-LE-Karte und eine zusätzliche Electrix-LE-Karte.,https://www.amazon.de/dp/B0GM1CK7C8?th=1,1771459200000,300,德国,游戏
1776162951112,亚马逊,B0FDB3S72T,https://m.media-amazon.com/images/I/815imMAj09L._AC_US200_.jpg,"GUI GUI Klar Schleim, der allerschönste Schleim – von dir kreiert Befolge 5 Styling-Schritte und Lass deinen Schleim erstrahlen, 13 Verschiedene duftende GUI GUI-Schleime mit 4 tollen Texturen",https://www.amazon.de/dp/B0FDB3S72T?th=1,1771459200000,100,德国,党-
1776162951112,亚马逊,B0GM11S2QY,https://m.media-amazon.com/images/I/712B31fuilL._AC_US200_.jpg,Topps UCC Match Attax Extra 2026 - Mega Multipack - enthält 48 Karten sowie 3 zufällige Electrix-LE-Karten und eine zufällige Facsimile Pro-View Signature-Style-Karte.,https://www.amazon.de/dp/B0GM11S2QY?th=1,1771459200000,800,德国,游戏
1776162951112,亚马逊,B0GDZM6LC3,https://m.media-amazon.com/images/I/81+sex8s9dL._AC_US200_.jpg,"Dreamon 29 Stück Sandspielzeug Farm für Kinder ab 3 Jahr, Strandspielzeug mit 2 faltbaren Eimern, 22 Sandformen Tier & Schloss, Sandkasten Spielzeug mit Werkzeugen und Aufbewahrungsbeutel",https://www.amazon.de/dp/B0GDZM6LC3?th=1,1771459200000,100,德国,体育
1776162951112,亚马逊,B0GNMHPT2H,https://m.media-amazon.com/images/I/4167t-Zj+ML._AC_US200_.jpg,"Nordstern Ostereier zum Aufhängen 24er Pack mit Motiv - Osterdeko, Frühlingsdeko für Innen und Außen - Bunte Plastikeier in 4 Motiven",https://www.amazon.de/dp/B0GNMHPT2H?th=1,1771372800000,800,德国,派对及娱乐商品
1776162951112,亚马逊,B0GNMQJHGF,https://m.media-amazon.com/images/I/7149opXi70L._AC_US200_.jpg,"Nordstern Papier Ostereier 12er Set - Weiße Osterdeko zum Bemalen, Basteln und Aufhängen - Frühlingsdeko, Osterdekoration fürs Osternest",https://www.amazon.de/dp/B0GNMQJHGF?th=1,1771372800000,500,德国,派对及娱乐商品
1776162951112,亚马逊,B0G5Q6V59K,https://m.media-amazon.com/images/I/51y7x3GaENL._AC_US200_.jpg,FIFA WM 2026 Adrenalyn XL Multipack,https://www.amazon.de/dp/B0G5Q6V59K?th=1,1771372800000,100,德国,游戏
1776162951112,亚马逊,B0FDB2DFDH,https://m.media-amazon.com/images/I/81jpw-2PdZL._AC_US200_.jpg,"GUI GUI Glanz Schleim, der allerschönste Schleim – von dir kreiert Befolge 5 Styling-Schritte und Lass deinen Schleim erstrahlen, 13 Verschiedene duftende GUI GUI-Schleime mit 4 tollen Texturen",https://www.amazon.de/dp/B0FDB2DFDH?th=1,1771372800000,200,德国,党-
1776162951112,亚马逊,B0G1YWZVG2,https://m.media-amazon.com/images/I/31Vrd9bSWUL._AC_US200_.jpg,"Squishmallows SQCR09459 - Tinley der Axolotl mit Blumen 19 cm, offizielles Jazwares Plüsch, superweiches Kuscheltier",https://www.amazon.de/dp/B0G1YWZVG2?th=1,1771372800000,100,德国,娃娃机
1776162951112,亚马逊,B0GLZ449VV,https://m.media-amazon.com/images/I/71i9xZAoGTL._AC_US200_.jpg,"Sammelalbum für Karten, Sammelkarten Album, 50 Seiten 900 Taschen, PU Wasserdicht, Reißverschluss, Karten Ordner Heft, Geschenk für Card Sammler und Kinder (900)",https://www.amazon.de/dp/B0GLZ449VV?th=1,1771372800000,100,德国,收藏玩具
1776162951112,亚马逊,B0GL6QCYLK,https://m.media-amazon.com/images/I/51B0PS9xb5L._AC_US200_.jpg,"Joyreal Busy Board ab 1 Jahr, Montessori Spielzeug Baby Activity Board Holzspielzeug Lernspielzeug Sensorik Spielzeug, Motorikspielzeug mit 19 LED, Geschenk Jungen und Mädch ab 1 2 3 Jahr (Bauernhof)",https://www.amazon.de/dp/B0GL6QCYLK?th=1,1771372800000,100,德国,婴幼儿
1776162951112,亚马逊,B0GK8WLLJ7,https://m.media-amazon.com/images/I/31-Rpea3P5L._AC_US200_.jpg,"Legami - Soft Kissen Ladybug-Motiv, Offnung zum Wärmen der Hände, weich, Geschenkidee, L 25 x H 26 x B 33 cm",https://www.amazon.de/dp/B0GK8WLLJ7?th=1,1771286400000,100,德国,毛绒玩具
1776162951112,亚马逊,B01MTWBPPI,https://m.media-amazon.com/images/I/817aQDIBKML._AC_US200_.jpg,"LEGO DUPLO 3-in-1 Baufahrzeuge - Pädagogisches Montessori Spielzeug für Kleinkinder mit Lastwagen, Bagger und Radlader - Geburtstagsgeschenk für Jungen und Mädchen ab 2 Jahren - 10475",https://www.amazon.de/dp/B01MTWBPPI?th=1,1771286400000,1000,德国,建筑-
1776162951112,亚马逊,B0G64VB7HY,https://m.media-amazon.com/images/I/712lv3kD3JL._AC_US200_.jpg,"Cake Topper Kommunion, 24 Stück Taube Fisch Eukalyptus Cupcake Torte Deko, Zur Kommunion Erstkommunion Tortendeko Junge Mädchen, Personalisiert Muffin Deko Party Geschenke Kommunionkuchendekorationen",https://www.amazon.de/dp/B0G64VB7HY?th=1,1771286400000,100,德国,派对
1776162951112,亚马逊,B0GLVLHH9J,https://m.media-amazon.com/images/I/61E8KD3WIiL._AC_US200_.jpg,"tonies Hörfigur für Toniebox, Peppa Pig – Peppa und das Neue Baby, 6 herzerwärmende Geschichten für Kinder ab 3 Jahren, Spielzeit ca. 45 Minuten",https://www.amazon.de/dp/B0GLVLHH9J?th=1,1771286400000,200,德国,婴幼儿
1776162951112,亚马逊,B0GLT7VSFG,https://m.media-amazon.com/images/I/61Quh6IcKkL._AC_US200_.jpg,"tonies Hörfigur für Toniebox, Die Schlümpfe – Wer ist heftiger? & 3 weitere Abenteuer, Hörspiel für Kinder ab 5 Jahren, Spielzeit ca. 59 Minuten",https://www.amazon.de/dp/B0GLT7VSFG?th=1,1771286400000,100,德国,婴幼儿
1776162951112,亚马逊,B01NAEKPWW,https://m.media-amazon.com/images/I/81ok+qf3opL._AC_US200_.jpg,"LEGO DUPLO Town Löschauto mit Schlauch und Feuerwehrmann- Lernspielzeug für Motorik - Rotes Feuerwehrauto mit Leiter, Figur und Eichhörnchen - Geschenk für Jungen und Mädchen ab 2 Jahren - 10473",https://www.amazon.de/dp/B01NAEKPWW?th=1,1771286400000,800,德国,建筑-
1776162951112,亚马逊,B0GJ46TJQG,https://m.media-amazon.com/images/I/616Z1UmuTyL._AC_US200_.jpg,"KOP Hunte Aluminiumfolienballons–8 PCS Coole Anime-Style Party Aluminiumfolienballons, Cartoon-Folienballons für Kids & Fans",https://www.amazon.de/dp/B0GJ46TJQG?th=1,1771200000000,100,德国,派对
1776162951112,亚马逊,B0GGTMQ21T,https://m.media-amazon.com/images/I/91NRgBrk0YL._AC_US200_.jpg,"Papa, bitte erzähl mir deine Geschichte - Persönliches Erinnerungsbuch zum Ausfüllen | Mit Stammbaum & 250+ Fragen | Geschenk zum Geburtstag, Vatertag, Weihnachten | Hochwertig & edel",https://www.amazon.de/dp/B0GGTMQ21T?th=1,1771200000000,100,德国,学校用品
1776162951112,亚马逊,B0G71VHJ8H,https://m.media-amazon.com/images/I/71bksGZxuGL._AC_US200_.jpg,"3D Kugellabyrinth Spiel Würfel – Neues Upgrade 3x3 Logik Puzzle mit Stahlkugel für Erwachsene & Jugendliche, Fördert Konzentration, Räumliches Denken & Stressabbau",https://www.amazon.de/dp/B0G71VHJ8H?th=1,1771200000000,100,德国,拼图
1776162951112,亚马逊,B0FDGZ34XT,https://m.media-amazon.com/images/I/41OPnCPxq1L._AC_US200_.jpg,"GUI GUI Butter Schleim, der allerschönste Schleim – von dir kreiert Befolge 5 Styling-Schritte und Lass deinen Schleim erstrahlen, 13 Verschiedene duftende GUI GUI-Schleime mit 4 tollen Texturen",https://www.amazon.de/dp/B0FDGZ34XT?th=1,1771200000000,200,德国,党-
1776162951112,亚马逊,B0GL792VKH,https://m.media-amazon.com/images/I/71gxXdvEdFL._AC_US200_.jpg,"Joyreal Montessori Busy Board 2 in 1 ab 1 Jahr, Holz Motorikspielzeug Sensorik Montessori Spielzeug Mit 20 LED Lichtern 19 Motorik, Geschenk für 1 2 3 Jahre Jungen und Mädchen",https://www.amazon.de/dp/B0GL792VKH?th=1,1771113600000,100,德国,婴幼儿
1776162951112,亚马逊,B0G5Q6TQHM,https://m.media-amazon.com/images/I/51GmZEv-CGL._AC_US200_.jpg,FIFA World Cup 2026 Adrenalyn XL Starter Pack,https://www.amazon.de/dp/B0G5Q6TQHM?th=1,1771113600000,600,德国,游戏
1776162951112,亚马逊,B0G38QW9J2,https://m.media-amazon.com/images/I/51Yfq-pqDoL._AC_US200_.jpg,"24 Stück Ostereier zum Aufhängen Draussen, Bunte Ostereier Outdoor mit Bast Osterdeko Plastikeier Zum Aufhängen Easter Eggs für Ostern Geschenk Osterjagd Osterbaumschmuck Zuhause Garten Party Deko",https://www.amazon.de/dp/B0G38QW9J2?th=1,1771027200000,100,德国,派对及娱乐商品
1776162951112,亚马逊,B0GCV3S9XB,https://m.media-amazon.com/images/I/51DkU0Gsd0L._AC_US200_.jpg,12x Neon Party EINLADUNGSKARTEN KINDERGEBURTSTAG Mädchen Junge - die leuchtend bunten PARTY Karten sind die Regenbogen EINLADUNG für Jungen Kinder Teenager Gamer GEBURTSTAG Lasertag Karaoke Gaming,https://www.amazon.de/dp/B0GCV3S9XB?th=1,1771027200000,100,德国,派对
1776162951112,亚马逊,B0GLHF4V2Q,https://m.media-amazon.com/images/I/611GFBBrN8L._AC_US200_.jpg,"Legami - Super Soft Plüschtier, Ladybug-Motiv, Mini-Format, mit personalisierbarem Ausweis, Steht von selbst, 14 x 15 x 12 cm",https://www.amazon.de/dp/B0GLHF4V2Q?th=1,1771027200000,100,德国,毛绒玩具
1776162951112,亚马逊,B0G5QGZJK3,https://m.media-amazon.com/images/I/41V+5bhHsbL._AC_US200_.jpg,FIFA World Cup 2026 Adrenalyn XL Dream Box,https://www.amazon.de/dp/B0G5QGZJK3?th=1,1771027200000,200,德国,游戏
1776162951112,亚马逊,B0G5QK84GS,https://m.media-amazon.com/images/I/411HsXKN3lL._AC_US200_.jpg,FIFA World Cup 2026 Adrenalyn XL Pocket Tin,https://www.amazon.de/dp/B0G5QK84GS?th=1,1771027200000,100,德国,游戏
1776162951112,亚马逊,B0GJRJJ9YD,https://m.media-amazon.com/images/I/714REOH6guL._AC_US200_.jpg,"Giftota Geschenk 18. Geburtstag - Pocket Hug - Positive Schildkröte - Glücksbringer & Mutmacher - Geschenke für Mädchen, Jungen, Tochter, Sohn, Freundin, Bruder, Schwester",https://www.amazon.de/dp/B0GJRJJ9YD?th=1,1771027200000,100,德国,派对和笑话文章
1776162951112,亚马逊,B0GK93JDL5,"https://m.media-amazon.com/images/I/41Rwwea93+L._AC_SR200,200_.jpg","Legami - Wonderwow Federmäppchen, 2 Fächer und Stifthalter innen, Innenfach mit Netzstoff, Reißverschluss, 23 x 11 x 5 cm",https://www.amazon.de/dp/B0GK93JDL5?th=1,1771027200000,200,德国,学校用品
1776162951112,亚马逊,B0GJRSP83Y,https://m.media-amazon.com/images/I/71KarO1Y0-L._AC_US200_.jpg,"Giftota Geburtstagsgeschenk Frauen & Männer - Pocket Hug - Positive Schildkröte - Glücksbringer & Mutmacher - Geschenke für Freundin, Jungen, Mädchen, Kollegen, Papa, Mama, Opa, Oma, Bruder, Schwester",https://www.amazon.de/dp/B0GJRSP83Y?th=1,1771027200000,100,德国,派对和笑话文章
1776162951112,亚马逊,B0GFLWPHY9,https://m.media-amazon.com/images/I/51jYWDlqU1L._AC_US200_.jpg,"Karaoke Maschine und 2 Mikrofon Kinder mit Verstellbarer Ständer, Geschenk Spielzeug für Mädchen 3-12 Jahre Karaoke Microphone Set mit Bluetooth-/TF-Karten-/USB-/AUX-Unterstützung Oster Geschenke",https://www.amazon.de/dp/B0GFLWPHY9?th=1,1771027200000,100,德国,电子玩具
1776162951112,亚马逊,B0G4RQDB7C,https://m.media-amazon.com/images/I/71bn6pydx4L._AC_US200_.jpg,"Pokémon-Sammelkartenspiel: Mini-Tin-Box Mega-Entwicklung – Erhabene Helden: Zorua und Urgl (1 Stickerbogen, 1 Pokémon-Bildkarte und 2 Boosterpacks)",https://www.amazon.de/dp/B0G4RQDB7C?th=1,1770940800000,100,德国,爱好
1776162951112,亚马逊,B0GLQFDYQ3,https://m.media-amazon.com/images/I/81imuzrgqhL._AC_US200_.jpg,"Krimidinner 2 Personen La Dolce Vita - Krimi Dinner Date Night Edition - Krimispiel für Erwachsene, Crime Dinner Date Ideen für Paare, Geschenk für Partner, Paar Geschenk",https://www.amazon.de/dp/B0GLQFDYQ3?th=1,1770940800000,200,德国,游戏
1776162951112,亚马逊,B0G5Q2TZ47,https://m.media-amazon.com/images/I/41BwaGk7AML._AC_US200_.jpg,FIFA Fussball-Weltmeisterschaft 2026 Adrenalyn XL Premium Gold,https://www.amazon.de/dp/B0G5Q2TZ47?th=1,1770940800000,100,德国,游戏
1776162951112,亚马逊,B0G4RN1B2Q,https://m.media-amazon.com/images/I/71nOQoiukLL._AC_US200_.jpg,"Pokémon-Sammelkartenspiel: Mini-Tin-Box Mega-Entwicklung – Erhabene Helden: Togepi und Karnimani (1 Stickerbogen, 1 Pokémon-Bildkarte und 2 Boosterpacks)",https://www.amazon.de/dp/B0G4RN1B2Q?th=1,1770940800000,2000,德国,爱好
1776162951112,亚马逊,B0G6KM2DYS,https://m.media-amazon.com/images/I/81KaRJ2M2TL._AC_US200_.jpg,"Zefy 10mm Bügelperlen mit 4 Steckplatten, 1100 Stück 11 Farben Groß Bügelperlen Set Maxi Steckperlen für Kinder ab 3 Jahren (Pastell)",https://www.amazon.de/dp/B0G6KM2DYS?th=1,1770940800000,100,德国,工艺
1776162951112,亚马逊,B0G4RKXRK6,https://m.media-amazon.com/images/I/71CbS6ylBaL._AC_US200_.jpg,"Pokémon-Sammelkartenspiel: Mini-Tin-Box Mega-Entwicklung – Erhabene Helden: Riolu und Flampion (1 Stickerbogen, 1 Pokémon-Bildkarte und 2 Boosterpacks)",https://www.amazon.de/dp/B0G4RKXRK6?th=1,1770940800000,2000,德国,爱好
1776162951112,亚马逊,B0G4RPJ99M,https://m.media-amazon.com/images/I/41zt9Z-vAyL._AC_US200_.jpg,"Pokémon-Sammelkartenspiel: Mini-Tin-Box Mega-Entwicklung – Erhabene Helden: Piepi und Endivie (1 Stickerbogen, 1 Pokémon-Bildkarte und 2 Boosterpacks)",https://www.amazon.de/dp/B0G4RPJ99M?th=1,1770940800000,300,德国,爱好
1776162951112,亚马逊,B0G4RTZH6Y,https://m.media-amazon.com/images/I/41FxVWcM1oL._AC_US200_.jpg,"Pokémon-Sammelkartenspiel: Mini-Tin-Box Mega-Entwicklung – Erhabene Helden: Pikachu und Floink (1 Stickerbogen, 1 Pokémon-Bildkarte und 2 Boosterpacks)",https://www.amazon.de/dp/B0G4RTZH6Y?th=1,1770940800000,100,德国,爱好
1776162951112,亚马逊,B0FWJ5Z7FW,https://m.media-amazon.com/images/I/51Rz0-FkcrL._AC_US200_.jpg,"Dreamon Kinder Abenteuer Entdecker Bug Set, mit Schmetterlingsfangnetz, Insektenbeobachtungskäfig aus Holz, Becherlupen, Insektenfänger, Spielzeug für Draußen ab 3-7 Jahre, Geschenk 3-7 Jahre Junge",https://www.amazon.de/dp/B0FWJ5Z7FW?th=1,1770940800000,100,德国,实验
1776162951112,亚马逊,B0G2Y22L6L,https://m.media-amazon.com/images/I/715M5CwTGaL._AC_US200_.jpg,Trapez Schaukel für Kinder [Indoor & Outdoor] - 2-in-1 Hängeschaukel mit Trapezstange aus Holz und 2 Turnringen - höhenverstellbar 120cm bis 150 cm & belastbar bis 150 kg,https://www.amazon.de/dp/B0G2Y22L6L?th=1,1770854400000,100,德国,体育
1776162951112,亚马逊,B0GCVCZTT7,https://m.media-amazon.com/images/I/81KEDrkLSmL._AC_US200_.jpg,VULAVA 12x Popstars EINLADUNGSKARTEN Kindergeburtstag Mdchen Junge - die K-Pop Party Karten sind die EINLADUNG fr Teenager Jungen Kinder Geburtstag Monster Jger Geburtstagseinladung Karaoke Glitzer,https://www.amazon.de/dp/B0GCVCZTT7?th=1,1770854400000,300,德国,派对
1776162951112,亚马逊,B0BJV7H62K,https://m.media-amazon.com/images/I/61WTKKLv5DL._AC_US200_.jpg,"Haisito Lipo Ladegerät 80W 6A Lipo Balancer für LiPo/Li-Ion/Life (1-6S) und NiMH/NiCd (1-15S), RC Akku Ladegerät mit LED-Bildschirm, Netzteil und XT60 / Deans/JST/Futaba-Adapter",https://www.amazon.de/dp/B0BJV7H62K?th=1,1770854400000,100,德国,遥控模型
1776162951244,亚马逊,B0GLZQGY5F,https://m.media-amazon.com/images/I/6180ptThTeL._AC_US200_.jpg,Topps UCC Match Attax Extra 2026 - Mega Tin - Blitzballers - contains 48 cards including 3 Blitzballers LE cards.,https://www.amazon.co.uk/dp/B0GLZQGY5F?th=1,1771286400000,300,英国,Games & Accessories
1776162951244,亚马逊,B0G1T2MKR4,"https://m.media-amazon.com/images/I/41q05SYEE+L._AC_SR200,200_.jpg","6 Pcs Easter Bunny Ears Headband Plush Rabbit Ears Headbands With Glitter For Women Girls, Cosplay Costume Fancy Dress Up Hair Accessories For Party Favor Decoration",https://www.amazon.co.uk/dp/B0G1T2MKR4?th=1,1771113600000,200,英国,Dress Up & Pretend Play
1776162951244,亚马逊,B0GLZ3L2GB,https://m.media-amazon.com/images/I/61Wjz6G-ThL._AC_US200_.jpg,Topps UCC Match Attax Extra 2026 - Mega Tin - Goliaths - contains 48 cards including 3 Goliaths LE cards.,https://www.amazon.co.uk/dp/B0GLZ3L2GB?th=1,1771113600000,300,英国,Games & Accessories
1776162951244,亚马逊,B0G36CJG5Y,https://m.media-amazon.com/images/I/61WNb-Ut4nL._AC_US200_.jpg,Funko POP! Animation: Netflix - KPOP Demon Hunters - Rumi - 1 in 6 chance of receiving the rare Chase variant (Glow in the Dark) - Styles Vary - Collectable Vinyl Figure - Gift Idea,https://www.amazon.co.uk/dp/B0G36CJG5Y?th=1,1771113600000,200,英国,爱好
1776162951244,亚马逊,B0GKQQ1YJK,https://m.media-amazon.com/images/I/81Nv4+kDfSL._AC_US200_.jpg,Gump Surface Gel-Filled Stress Ball | Ultra-Squishy Fidget Toy for Stress Relief & Focus | Anxiety Ball for Adults & Teens | Sensory Squeeze Toy | Mist,https://www.amazon.co.uk/dp/B0GKQQ1YJK?th=1,1771113600000,400,英国,Novelty & Gag Toys
1776162951244,亚马逊,B0GFVWFK1B,https://m.media-amazon.com/images/I/71KygBYcdAL._AC_US200_.jpg,25pcs Toy Cake Toppers Cupcake Toppers For Birthday Cake Decorations Birthday Party Supplies Decorations,https://www.amazon.co.uk/dp/B0GFVWFK1B?th=1,1771113600000,200,英国,Party Supplies
1776162951244,亚马逊,B0GKXZLM52,https://m.media-amazon.com/images/I/91X40K3wdCL._AC_US200_.jpg,"30 x 72 Inch Easter Colouring Tablecloth for Kids,Easter Arts and Crafts for Kids,Eggs Painting Kit for Teaching Activities,Gifts, Decorations",https://www.amazon.co.uk/dp/B0GKXZLM52?th=1,1771027200000,300,英国,艺术与工艺
1776162951244,亚马逊,B0GMYXD4HQ,https://m.media-amazon.com/images/I/71mjW25h6NL._AC_US200_.jpg,LEGO DC Batman: Bruce Wayne and the Batsuit (30726) Paper Bag/Polybag,https://www.amazon.co.uk/dp/B0GMYXD4HQ?th=1,1771027200000,500,英国,Building & Construction Toys
1776162951244,亚马逊,B0G3CZG85G,https://m.media-amazon.com/images/I/71F47FboYUL._AC_US200_.jpg,"Pokémon TCG: Mega Evolution—Ascended Heroes Mini Tin: Zorua & Cramorant (1 Sticker Sheet, a Pokémon Art Card & 2 Booster Packs)",https://www.amazon.co.uk/dp/B0G3CZG85G?th=1,1770940800000,800,英国,Games & Accessories
1776162951244,亚马逊,B0G6DJ1WPC,https://m.media-amazon.com/images/I/81Omz5bgO9L._AC_US200_.jpg,"Water Doodle Mat,Kids Painting Writing Color Doodle Drawing Mat Toy Bring Magic Pens Educational Toys for Age 2 3 4 5 6 7 Year Old Girls Boys Age Toddler Birthday Gifts",https://www.amazon.co.uk/dp/B0G6DJ1WPC?th=1,1770940800000,200,英国,Arts & Crafts
1776162951244,亚马逊,B0G1LK9FWY,https://m.media-amazon.com/images/I/71isQHhwQ-L._AC_US200_.jpg,"6 Pcs Easter Bunny Ears Headband Plush Rabbit Ears Headbands With Glitter For Women Girls, Cosplay Costume Fancy Dress Up Hair Accessories For Party Favor Decoration",https://www.amazon.co.uk/dp/B0G1LK9FWY?th=1,1770940800000,200,英国,Dress Up & Pretend Play
1776162951244,亚马逊,B09MHHR7RZ,https://m.media-amazon.com/images/I/31OWb17GbeL._AC_US200_.jpg,Squishmallows Original 7.5-Inch Aimee the Yellow Chick Easter Cookie - Easter Plush,https://www.amazon.co.uk/dp/B09MHHR7RZ?th=1,1770940800000,200,英国,Dolls & Accessories
1776162951244,亚马逊,B0G5S61BHK,https://m.media-amazon.com/images/I/81nGH9w+H3L._AC_US200_.jpg,Pokémon TCG: Mega Charizard Tin - Mega Charizard X ex (4 boosters & 1 foil promo card),https://www.amazon.co.uk/dp/B0G5S61BHK?th=1,1770940800000,4000,英国,Games & Accessories
1776162951244,亚马逊,B0GJZTBTYS,https://m.media-amazon.com/images/I/51oRc5OhHGL._AC_US200_.jpg,"2Pcs Bubble ToyCigarette,Bubble BlowingCigarette Stress Relief Toy,Fake BubblesSmokeCigarettes Pack Blower,Blow BubblesCigarettes Sticks with Liquid Relaxation Birthday Party Gift",https://www.amazon.co.uk/dp/B0GJZTBTYS?th=1,1770854400000,200,英国,体育玩具与户外
1776162951244,亚马逊,B0FPLTPZYK,https://m.media-amazon.com/images/I/81ZPbbrWD5L._AC_US200_.jpg,"X Stadium Battle Set - Starter Kit with 6 Spinning Tops, 2 Launchers & 1 Stadium Arena, Great Value Complete Gift for Kids Ages 6",https://www.amazon.co.uk/dp/B0FPLTPZYK?th=1,1770854400000,200,英国,Games & Accessories
1776162951244,亚马逊,B0GGNMMCS1,https://m.media-amazon.com/images/I/71csrNK5WcL._AC_US200_.jpg,Wooden Shape Peg Puzzles for Toddlers 1 2 3 Year Old Boys Girls Gifts: Shape Sorter & Color Match Baby Puzzles 12-18-24 Months - Montessori Toys for 1 2 3 Year Old Toddler Learning Activities,https://www.amazon.co.uk/dp/B0GGNMMCS1?th=1,1770854400000,200,英国,Jigsaws & Puzzles
1776162951244,亚马逊,B0GCYP78CG,https://m.media-amazon.com/images/I/517RiTQEfIL._AC_US200_.jpg,Easter Gifts for Kids - 76cm Easter Decorations Kids Dart Board Set with 12 Sticky Balls Indoor & Outdoor Party Games Toys Gifts for 3 4 5 6 7 8 9 10 11 12+ Year Old Boys Girls and Adult Easter Bunny,https://www.amazon.co.uk/dp/B0GCYP78CG?th=1,1770854400000,500,英国,Sports Toys & Outdoor
1776162951244,亚马逊,B0GMQ565GM,https://m.media-amazon.com/images/I/71zCBsqtJnL._AC_US200_.jpg,"WILLBEST 2026 New Giant Glitter Dumpling, Giant Dumpling Squishy, Jumbo Squishy Toy with Steamer Box, Cute Anxiety Relief Fidget Toy, Soft Squeeze Decompression Dough for Adults Teens & Kids",https://www.amazon.co.uk/dp/B0GMQ565GM?th=1,1770768000000,200,英国,Novelty & Gag Toys
1776162951244,亚马逊,B0GLZ8TR29,https://m.media-amazon.com/images/I/61edbgiG+HL._AC_US200_.jpg,Topps UCC Match Attax Extra 2026 - Mega Multipack - contains 48 cards plus 3 random Electrix LE cards and a random Facsimile Pro-View Signature Style card.,https://www.amazon.co.uk/dp/B0GLZ8TR29?th=1,1770768000000,600,英国,Games & Accessories
1776162951244,亚马逊,B0GHWDJC6H,https://m.media-amazon.com/images/I/71k1Rz4sDpL._AC_US200_.jpg,Easter Stickers for Kids 16 Sheets Bunny and Egg Stickers for Easter Crafts Classroom Activities Scrapbooking Easter Basket Fillers Party Bag Fillers,https://www.amazon.co.uk/dp/B0GHWDJC6H?th=1,1770768000000,400,英国,Arts & Crafts
1776162951244,亚马逊,B0GM7KBQN7,https://m.media-amazon.com/images/I/81b8c0Sqf3L._AC_US200_.jpg,"3D - 216 Challenge Puzzle Games, Small Logic Mind Puzzle Box Toy Removing Assembling Creatively Stacking, Educational Teaching Aid, Anti Stress Pastime Gift Idea",https://www.amazon.co.uk/dp/B0GM7KBQN7?th=1,1770681600000,200,英国,Jigsaws & Puzzles
1776162951244,亚马逊,B0GD116D6B,https://m.media-amazon.com/images/I/51PoEIn1thL._AC_US200_.jpg,"Easter Gifts for Kids, Diamond Art Kits, Girls Birthday Presents, Arts and Crafts for Kids, Gifts for 6 7 8 9 10 Year Old Girls, 12 Pcs Diamond Art Painting Kits, Easter Crafts for Kids",https://www.amazon.co.uk/dp/B0GD116D6B?th=1,1770681600000,300,英国,Arts & Crafts
1776162951244,亚马逊,B0GDX93WMQ,https://m.media-amazon.com/images/I/71k9s7iPMVL._AC_US200_.jpg,"Walkie Talkies, Video Walkie Talkies for Kids Toy Age 3 4 5 Year Old Girl Gifts for 5 6 7 8 Year Olds Girl Boys Toys Age 3-12 Sensory Toys for Autism Girls Birthday Presents Pink Purple",https://www.amazon.co.uk/dp/B0GDX93WMQ?th=1,1770681600000,300,英国,Electronic Toys
1776162951244,亚马逊,B0GC5TB4MQ,https://m.media-amazon.com/images/I/41WEvSdVzxL._AC_US200_.jpg,"Pipihome 8 Pcs Easter Bunny & Carrot Pull Back Cars, Easter Gifts for Kids, Funny Rabbit & Carrot Wind Up Toys, Easters Baskets and Party Bag Fillers for Adults Babies Toddlers",https://www.amazon.co.uk/dp/B0GC5TB4MQ?th=1,1770681600000,200,英国,Play Vehicles
1776162951244,亚马逊,B0GKFQR2HG,https://m.media-amazon.com/images/I/41cYEeEUc4L._AC_US200_.jpg,"Kouamor Easter Stuffing Pocket Hug Plush Bunny Toys, Stuffed Animad Rabbit Doll, Easter Bunny In A Box, Cute Mini Rabbit Pocket Hug Gifts, Lovely Sleeping Bunny Plush Toy for Children Friend (white)",https://www.amazon.co.uk/dp/B0GKFQR2HG?th=1,1770681600000,200,英国,Soft Toys
1776162951244,亚马逊,B0GK71GXRF,https://m.media-amazon.com/images/I/31+03FV+h1L._AC_US200_.jpg,"Squish Toys, Slow Rebound Cute Butter Squeeze Stress Balls, 5.7x1.6 inch Stress Relief Sensory Toys for Adults Kids",https://www.amazon.co.uk/dp/B0GK71GXRF?th=1,1770595200000,300,英国,Novelty & Gag Toys
1776162951244,亚马逊,B0FCYT9DG6,https://m.media-amazon.com/images/I/81ioMTYTKwL._AC_US200_.jpg,"Beyblade X Scale Shark 4-50UF Booster Pack Set with Takara Tomy Attack Type Top, Battling Tops Game Toys, Ages 8+",https://www.amazon.co.uk/dp/B0FCYT9DG6?th=1,1770595200000,400,英国,Games & Accessories
1776162951244,亚马逊,B0FCYVGG58,https://m.media-amazon.com/images/I/714ExLwC-aL._AC_US200_.jpg,"Beyblade X Rudder Phoenix 4-70LF UX Starter Pack Set with Takara Tomy Attack Type Top and Launcher, Battling Tops Game Toys, Ages 8+",https://www.amazon.co.uk/dp/B0FCYVGG58?th=1,1770595200000,500,英国,Games & Accessories
1776162951244,亚马逊,B0GK7QCYR7,https://m.media-amazon.com/images/I/51HPZ96J2ML._AC_US200_.jpg,"Resin Animals, 50 Pcs Luminous Mini Animals Figures Glow in the Dark for Micro Landscape Fairy Aquarium Dollhouse Decor, Easter Chicks Easter Bunnies",https://www.amazon.co.uk/dp/B0GK7QCYR7?th=1,1770595200000,200,英国,Dolls & Accessories
1776162951244,亚马逊,B0GDY3XDY5,https://m.media-amazon.com/images/I/71qg+VOsmHL._AC_US200_.jpg,Kids Bath Toys for 1 2 3 Year Old: Fun Duck Blue Toys for 2 3 4 Year Old Boy - Popular Gifts for Boys Age 1-3 - Bathtub Toys for Baby Boys 12+ Months,https://www.amazon.co.uk/dp/B0GDY3XDY5?th=1,1770595200000,400,英国,婴儿和幼儿玩具
1776162951244,亚马逊,B0G7SSM9TM,https://m.media-amazon.com/images/I/41wlAJc+mfL._AC_US200_.jpg,"4 Pcs Easter Balloons, Carrot Balloon with Rabbit Bunny Foil Balloons, 18 Inch Extra large Rabbit Head Balloon, Photo Props Decorations for Easter Party Birthday Home Garden Decoration",https://www.amazon.co.uk/dp/B0G7SSM9TM?th=1,1770508800000,200,英国,Party Supplies
1776162951244,亚马逊,B0GLQVJCX9,https://m.media-amazon.com/images/I/71jWJNe6qDL._AC_US200_.jpg,"Kpop Demon Hunters Personalised Birthday Banner for Kids – Custom Name and age Party Decoration, Large 4.5ft x 1.3ft (140cm x 40cm), Theme Party Backdrop for Boys and Girls",https://www.amazon.co.uk/dp/B0GLQVJCX9?th=1,1770422400000,200,英国,Party Supplies
1776162951244,亚马逊,B0G8Z3CMWY,https://m.media-amazon.com/images/I/61S+aQkNecL._AC_US200_.jpg,"4 Pcs Dumpling Squishy Toys, Taba Squishy for Easter Gifts, Fufu Squishy Fidget Toys for Kids & Adults Anxiety Stress Relief, Novelty Easter Presents for Decompression",https://www.amazon.co.uk/dp/B0G8Z3CMWY?th=1,1770422400000,300,英国,Novelty & Gag Toys
1776162951244,亚马逊,B0GKFJ4PB5,https://m.media-amazon.com/images/I/41ku91iVu8L._AC_US200_.jpg,"Easter Stuffing Pocket Hug Plush Bunny Toys, Stuffed Animad Rabbit Doll, Easter Bunny In A Box, Cute Mini Rabbit Pocket Hug Gifts, Lovely Sleeping Bunny Plush Toy for Children Friend (pink)",https://www.amazon.co.uk/dp/B0GKFJ4PB5?th=1,1770422400000,200,英国,Soft Toys
1776162951244,亚马逊,B0GLGJQ9Q5,https://m.media-amazon.com/images/I/71UUG5Uq3YL._AC_US200_.jpg,"Peppa Pig Talking George, Plush Toy With Speech & Sound Effects, Pre-School Soft Toy",https://www.amazon.co.uk/dp/B0GLGJQ9Q5?th=1,1770336000000,200,英国,Soft Toys
1776162951244,亚马逊,B0GCM4BC7H,https://m.media-amazon.com/images/I/41vyBXMqxIL._AC_US200_.jpg,"Easter Gifts for Kids - 8 Pcs Bunny Carrot Pull Back Racers, Happy Party Bag Fillers, Funny Rabbit Toys for Easter Basket Filler Party Favors Gifts",https://www.amazon.co.uk/dp/B0GCM4BC7H?th=1,1770336000000,200,英国,Play Vehicles
1776162951244,亚马逊,B0GC2ZXY9Q,"https://m.media-amazon.com/images/I/41iS4k+NiiL._AC_SR200,200_.jpg","St Patricks Day Headband, St Patricks Day Accessories, Green Fabrics Flower Shamrock Headband, Irish Party Photo Props for Costume Headwear Accessories Gifts",https://www.amazon.co.uk/dp/B0GC2ZXY9Q?th=1,1770249600000,200,英国,Dress Up & Pretend Play
1776162951244,亚马逊,B0FJ9KMJRN,https://m.media-amazon.com/images/I/71AMOI9oRBL._AC_US200_.jpg,Speks Gump Stress Balls | Ultra Soft Squishy Fidget Toy for Adults & Teens | Stress Relief & Desk Toy | Cool,https://www.amazon.co.uk/dp/B0FJ9KMJRN?th=1,1770249600000,300,英国,Novelty & Gag Toys
1776162951244,亚马逊,B0GCMFV3T6,https://m.media-amazon.com/images/I/41Hwv-X0z5L._AC_US200_.jpg,"4 Pcs Easter Bunny Stress Balls, Happy Easter Gifts for Kids, Rabbit Squeeze Toys, Funny Bunny Balls (Orange, Yellow, Blue, Green)",https://www.amazon.co.uk/dp/B0GCMFV3T6?th=1,1770249600000,300,英国,Novelty & Gag Toys
1776162951244,亚马逊,B0GJ3BP42H,https://m.media-amazon.com/images/I/51V6NBWKGWL._AC_US200_.jpg,XIMISHOP 50Pcs 3D Printed Mini Animals，Cute Flexible Movable Joint 3D Printed Animal Fidget Toy for Home Office Desk Decoration Kids Party Favors Toys,https://www.amazon.co.uk/dp/B0GJ3BP42H?th=1,1770163200000,200,英国,Play Figures
1776162951244,亚马逊,B0GKQ3L618,https://m.media-amazon.com/images/I/31x1KMOuQZL._AC_US200_.jpg,Speks Mini Gump Loop Gel-Filled Stress Balls | Ultra Soft Squishy Fidget Toy for Adults & Teens | Stress Relief & Desk Toy,https://www.amazon.co.uk/dp/B0GKQ3L618?th=1,1770163200000,500,英国,Novelty & Gag Toys
1776162951244,亚马逊,B0GJTR1CV8,https://m.media-amazon.com/images/I/81n2N6A4EcL._AC_US200_.jpg,"MonsterVerse 6 Inch Rodan Action Figure with Miniature Tank, Highly Detailed Movie-Inspired Titan Collectible, Packaging, Ages 4+",https://www.amazon.co.uk/dp/B0GJTR1CV8?th=1,1770076800000,200,英国,玩偶
1776162951244,亚马逊,B0GHL3J8ST,https://m.media-amazon.com/images/I/71Lap24wsJL._AC_US200_.jpg,"Easter Mochi Squishy Toys, 24Pcs Stress Relief Squishies for Kids Boys Girls Toddlers, Easter Basket Stuffers Egg Fillers",https://www.amazon.co.uk/dp/B0GHL3J8ST?th=1,1770076800000,500,英国,Novelty & Gag Toys
1776162951244,亚马逊,B0G3CRP2NZ,https://m.media-amazon.com/images/I/717Bh1c-NGL._AC_US200_.jpg,"Pokémon TCG: Mega Evolution—Ascended Heroes Mini Tin: Riolu & Darumaka (1 Sticker Sheet, a Pokémon Art Card & 2 Booster Packs)",https://www.amazon.co.uk/dp/B0G3CRP2NZ?th=1,1769990400000,700,英国,Games & Accessories
1776162951244,亚马逊,B0GFGJ265M,https://m.media-amazon.com/images/I/51Pr8BCP6gL._AC_US200_.jpg,Talking Tables 24 x Rainbow Birthday Candles for Cake Decorations Birthday Party Celebrations with Bright Rainbow Multicolour Wax Design for Fun Gatherings Cake Topper Candles Eco Packaging 6cm,https://www.amazon.co.uk/dp/B0GFGJ265M?th=1,1769990400000,300,英国,Party Supplies
1776162951244,亚马逊,B0GKQBRYXW,https://m.media-amazon.com/images/I/41SbB5S5JyL._AC_US200_.jpg,Gump Surface Gel-Filled Stress Ball | Ultra-Squishy Fidget Toy for Stress Relief & Focus | Anxiety Ball for Adults & Teens | Sensory Squeeze Toy | Warm Mix 2 Pack,https://www.amazon.co.uk/dp/B0GKQBRYXW?th=1,1769990400000,400,英国,Novelty & Gag Toys
1776162951244,亚马逊,B0GCW5RGLM,https://m.media-amazon.com/images/I/51YC8IKUFGL._AC_US200_.jpg,"Galaxy Slime 6 Pack Prefilled Easter Eggs, Teens Easter Basket Stuffers, Party Bag Fillers Gift for Kids Boys Girls Toddlers",https://www.amazon.co.uk/dp/B0GCW5RGLM?th=1,1769990400000,200,英国,新奇恶搞玩具
1776162951244,亚马逊,B0GDXNXJ6H,https://m.media-amazon.com/images/I/7142ex04rpL._AC_US200_.jpg,"Boy Toys for 3-10 Year Old Girl, Video Walkie Talkies for Kids Outdoor Toy Age 4-12 Year Old Boy Girl Gift for 4 5 6 7 Year Old Boy Gift Age 5 6 7 8 Boy Camping Accessories Sensory Toys",https://www.amazon.co.uk/dp/B0GDXNXJ6H?th=1,1769904000000,200,英国,Electronic Toys
1776162951244,亚马逊,B0CRXCSLTX,https://m.media-amazon.com/images/I/81ni9YsajyL._AC_US200_.jpg,"Pushpeel Sensory Activity Board: Silicone Fidget Toy for Calming, Stress, Anxiety, ADHD & Autism | Silent, No Mess | Kids 3+ & Adults | Includes Portable Travel Bag & 11 Strings - Easter Gift (Spruce)",https://www.amazon.co.uk/dp/B0CRXCSLTX?th=1,1769904000000,300,英国,Novelty & Gag Toys
1776162951244,亚马逊,B0GHFXMBPY,https://m.media-amazon.com/images/I/61e-sZpdqIL._AC_US200_.jpg,"Ultimate 50 Card Bundle - Guaranteed 5 Holos + 1 Ultra Rare Shiny Card (EX, GX, V, VMAX, or Full Art) Plus Trading Shack UK Card, Compatible with Pokemon TCG",https://www.amazon.co.uk/dp/B0GHFXMBPY?th=1,1769817600000,800,英国,Games & Accessories
1776162951244,亚马逊,B0G5S8VQHV,https://m.media-amazon.com/images/I/81QbGE9b7DL._AC_US200_.jpg,Pokémon TCG: Mega Charizard Tin - Mega Charizard Y ex (4 boosters & 1 foil promo card),https://www.amazon.co.uk/dp/B0G5S8VQHV?th=1,1769817600000,6000,英国,Games & Accessories
1776162951244,亚马逊,B0FPXDYG89,https://m.media-amazon.com/images/I/81RxmyJewUL._AC_US200_.jpg,"LEGO | Disney Piglet's Birthday Fun - Building Toy w/Cute Animal Figure, Birthday Cake & Collectible Minifigure - Gift Idea for 9+ Year Old Girls & Fans - 43305",https://www.amazon.co.uk/dp/B0FPXDYG89?th=1,1769817600000,500,英国,Building & Construction Toys
1776162951244,亚马逊,B0GGXW94N2,"https://m.media-amazon.com/images/I/41WmeAPlakL._AC_SR200,200_.jpg","SIOTMERA Bunny Ears Headband, Fluffy Bendable Rabbit Ears Hairband for Adults, Plush Animal Costume Accessories for Easter, Halloween, Christmas, World Book Day, Cosplay Fancy Dress Party",https://www.amazon.co.uk/dp/B0GGXW94N2?th=1,1769817600000,300,英国,Dress Up & Pretend Play
1776162951244,亚马逊,B0GGX4MC1J,"https://m.media-amazon.com/images/I/31TLh2HvgqL._AC_SR200,200_.jpg","SIOTMERA Bunny Ears Headband, Fluffy Bendable Rabbit Ears Hairband for Adults, Plush Animal Costume Accessories for Easter, Halloween, Christmas, World Book Day, Cosplay Fancy Dress Party",https://www.amazon.co.uk/dp/B0GGX4MC1J?th=1,1769817600000,300,英国,Dress Up & Pretend Play
1776162951244,亚马逊,B08HH4R2TZ,https://m.media-amazon.com/images/I/614O58DH5EL._AC_US200_.jpg,Funko POP! Television: Stranger Things Season 5 - Eleven - Collectable Vinyl Figure - Gift Idea - Official Merchandise - Toys For Kids & Adults - Model Figure for Collectors and Display,https://www.amazon.co.uk/dp/B08HH4R2TZ?th=1,1769731200000,500,英国,爱好
1776162951244,亚马逊,B0GC66PYBB,https://m.media-amazon.com/images/I/71bNrn-IoQL._AC_US200_.jpg,"12 Pcs Magnetic Men Fidget Toys – Travel Figures & Fun Fridge Magnets for Kids, Sensory Desk Toys for Stress Relief, Easter Party Bag Fillers, Classroom Rewards & Small Gifts",https://www.amazon.co.uk/dp/B0GC66PYBB?th=1,1769731200000,200,英国,Learning & Education
1776162951244,亚马逊,B0GHZVZ6Z9,https://m.media-amazon.com/images/I/41wvNJZo8zL._AC_US200_.jpg,"Bao Buns Dumpling, Kawaii Squeeze Toys | Assorted Colours | Stress Relief Squishy Collection | Pink (Design 1)",https://www.amazon.co.uk/dp/B0GHZVZ6Z9?th=1,1769731200000,300,英国,Novelty & Gag Toys
1776162951244,亚马逊,B0G866V9ZF,https://m.media-amazon.com/images/I/817+k+TlxQL._AC_US200_.jpg,Magic: The Gathering Secrets of Strixhaven - Bundle (English Version),https://www.amazon.co.uk/dp/B0G866V9ZF?th=1,1769558400000,400,英国,Games & Accessories
1776162951244,亚马逊,B0G874G6HD,https://m.media-amazon.com/images/I/71cKZFmdG2L._AC_US200_.jpg,Magic: The Gathering Secrets of Strixhaven Commander Deck - Quandrix Unlimited (English Version),https://www.amazon.co.uk/dp/B0G874G6HD?th=1,1769558400000,400,英国,Games & Accessories
1776162951244,亚马逊,B0GK9XK2N4,https://m.media-amazon.com/images/I/51KuiGRGaLL._AC_US200_.jpg,USAopoly | Flip 7 With A Vengeance | Party Card Game | Ages 8+ | 3+ Players | 20+ Minutes Playing Time,https://www.amazon.co.uk/dp/B0GK9XK2N4?th=1,1769558400000,1000,英国,Games & Accessories
1776162951244,亚马逊,B0FPYB5C2J,https://m.media-amazon.com/images/I/812WusnXvKL._AC_US200_.jpg,"LEGO Star Wars 75424 SMART Play: AT-ST Attack on Endor - Compatible Interactive Toy Set incl. 2 SMART Tags and Wicket Minifigure - Gift Idea for 8+ Year Old Boys, Girls & Adult Fans",https://www.amazon.co.uk/dp/B0FPYB5C2J?th=1,1769472000000,200,英国,Building & Construction Toys
1776162951244,亚马逊,B0FSJXSPPX,https://m.media-amazon.com/images/I/61X4gWuo4BL._AC_US200_.jpg,Pokemon Nihil Zero | Munikis Zero | M3 | Japanese | Booster Box | 15+ Years,https://www.amazon.co.uk/dp/B0FSJXSPPX?th=1,1769472000000,200,英国,Games & Accessories
1776162951244,亚马逊,B0FHKKZ31K,https://m.media-amazon.com/images/I/81U7pHeKQ9L._AC_US200_.jpg,"Hot Wheels 1:64 Scale 5-Pack Formula 1 Die-Cast Toy Cars, Set of 5 Officially Licensed, Collectible F1 Race Cars for Play or Display, JLN11",https://www.amazon.co.uk/dp/B0FHKKZ31K?th=1,1769472000000,2000,英国,Play Vehicles
1776162951244,亚马逊,B0G3GFQTFZ,https://m.media-amazon.com/images/I/41GKaEq8sHL._AC_US200_.jpg,NeeDoh Nice Berg Swirl | Schylling Large Squishy Cube Toy | Huge Sensory Toys | Marbled Solid Squish Fidget Cubes for Kids & Adults | Swirled Colour Pattern Fidgets | Novelty Gifts for 3+ Year Olds,https://www.amazon.co.uk/dp/B0G3GFQTFZ?th=1,1769472000000,600,英国,Novelty & Gag Toys
1776162951244,亚马逊,B0FPXT4B9J,https://m.media-amazon.com/images/I/81FNzmfpyLL._AC_US200_.jpg,"LEGO Star Wars 75420 SMART Play: Luke's Landspeeder - Compatible Interactive Toy Set incl. SMART Tag and Luke Skywalker Minifigure - Gift Idea for 6+ Year Old Boys, Girls & Adult Fans",https://www.amazon.co.uk/dp/B0FPXT4B9J?th=1,1769472000000,200,英国,Play Figures
1776162951244,亚马逊,B0FGY16R77,https://m.media-amazon.com/images/I/41mHL9BpQOL._AC_US200_.jpg,"MGA's Miniverse Make It Mini Spring Series - Seasonal DIY Resin Mini Collectables for Crafting and Display, with Replica Ingredients, Not Edible - For Collectors & Children Ages 8+ Years",https://www.amazon.co.uk/dp/B0FGY16R77?th=1,1769299200000,200,英国,玩偶
1776162951244,亚马逊,B0G48K1BLY,https://m.media-amazon.com/images/I/511QcQaQsBL._AC_US200_.jpg,"Easter Bunny Bubble Machine for Kids, Light Up Bubble Machine with 10 Refill Solution, Automatic Bubble Maker for Party Birthday Outdoor Fun, Easter Gifts for Kids (Pink)",https://www.amazon.co.uk/dp/B0G48K1BLY?th=1,1769299200000,200,英国,体育玩具与户外
1776162951244,亚马逊,B0G7V111T1,https://m.media-amazon.com/images/I/41jFe9IUd2L._AC_US200_.jpg,"20 Pcs Happy Easter Bunny Latex Balloons, 12 Inch Easter Balloons, Yellow Purple Green Bule Pink Colourful Balloon Decorations, Photo Props for Festival Home Spring Birthday Party Supplies",https://www.amazon.co.uk/dp/B0G7V111T1?th=1,1769212800000,200,英国,Party Supplies
1776162951244,亚马逊,B0FVG77BHV,https://m.media-amazon.com/images/I/81mY9Q3pj1L._AC_US200_.jpg,"Basic Fun Care Bears Caring Cuties 15cm Plush Clip-On Soft Toy – Surprise Collectible Care Bear with Sparkling Eyes, Ribbon & Metal Clip, Ages 4+",https://www.amazon.co.uk/dp/B0FVG77BHV?th=1,1769212800000,200,英国,Dolls & Accessories
1776162951244,亚马逊,B0G3THRX76,https://m.media-amazon.com/images/I/71U-gE5aoPL._AC_US200_.jpg,"Belemar Bubble Machine with Lights, Big Bubble Design, 15000+ Bubbles/Min, 320ml Large Tank, Portable Battery Operated Bubble Blower for Kids, Weddings, Birthday Parties, Indoor & Outdoor Events",https://www.amazon.co.uk/dp/B0G3THRX76?th=1,1769212800000,300,英国,体育玩具与户外
1776162951244,亚马逊,B0FPXGRFLV,https://m.media-amazon.com/images/I/8195nJuAipL._AC_US200_.jpg,LEGO Speed Champions Audi Revolut F1 Team R26 Race Car Toy - Model Kit w/Collectible Driver Minifigure - Birthday Gift for 10+ Year Old Boys and Teenage Motorsport Fans - 77259,https://www.amazon.co.uk/dp/B0FPXGRFLV?th=1,1769040000000,2000,英国,Building & Construction Toys
1776162951244,亚马逊,B071CPVRS1,https://m.media-amazon.com/images/I/51YGIaGNdsS._AC_US200_.jpg,"My OLi Easter Bunny Teddy Soft Toy 22cm/8.5"" Plush Rabbit Teddy with Floppy Ears – Cuddly Stuffed Animal Easter Gifts for Kids Babies Boys Girls Ideal Nursery Decoration, Grey",https://www.amazon.co.uk/dp/B071CPVRS1?th=1,1769040000000,300,英国,Soft Toys
1776162951244,亚马逊,B0FFMGKZND,https://m.media-amazon.com/images/I/81WtsRizPqL._AC_US200_.jpg,"BONNYCO 4 in a Row Pack of 16 Party Bag Fillers for Kids Age 3-12. Mini Travel Toys, Birthday Party Favours, Classroom Rewards for Primary Pupils, Stocking Fillers",https://www.amazon.co.uk/dp/B0FFMGKZND?th=1,1768953600000,200,英国,Games & Accessories
1776162951244,亚马逊,B0G91FHJP9,https://m.media-amazon.com/images/I/411fj94RfTL._AC_US200_.jpg,"Ptesuply 6PC Paint Your Own Plaster Easter Crafts Kits, DIY Easter Eggs Bunny Painting Kit, Easter Gifts for Kids, Easter Basket Stuffers Family Party Activity Decorations (Set of 6)",https://www.amazon.co.uk/dp/B0G91FHJP9?th=1,1768867200000,300,英国,Arts & Crafts
1776162951244,亚马逊,B0G2BH6C9B,https://m.media-amazon.com/images/I/81Tj6lt98ZL._AC_US200_.jpg,"230pcs Mini Resin Animals Mixed, 77 Styles Tiny Luminous Glass Animals, Small Plastic Animal Figures Glow in the Dark for Potted Micro Landscape Fairy Garden Aquarium Dollhouse Decor",https://www.amazon.co.uk/dp/B0G2BH6C9B?th=1,1768867200000,200,英国,Dolls & Accessories
1776162951244,亚马逊,B0G8ZMC4D4,https://m.media-amazon.com/images/I/41Uj9sYvGRL._AC_US200_.jpg,"Ptesuply 6PC Paint Your Own Plaster Easter Crafts Kits, DIY Easter Eggs Bunny Painting Kit, Easter Gifts for Kids, Easter Basket Stuffers Family Party Activity Decorations (Set of 2)",https://www.amazon.co.uk/dp/B0G8ZMC4D4?th=1,1768694400000,400,英国,Arts & Crafts
1776162951244,亚马逊,B0FK1HQ823,https://m.media-amazon.com/images/I/812IeNR674L._AC_US200_.jpg,"Mattel Games UNO F1 Card Game for Kids, Families, Travel & Camping, Deck Features Images from the World of Formula 1 Racing, JMF10",https://www.amazon.co.uk/dp/B0FK1HQ823?th=1,1768608000000,300,英国,Games & Accessories
1776162951244,亚马逊,B0G53ZL5K5,https://m.media-amazon.com/images/I/81O7rpNF67L._AC_US200_.jpg,"Orchard Toys Alphabet Bingo, Educational Early Learning Game for Letter Recognition and Phonics, 4 Ways to Play, Ages 4+",https://www.amazon.co.uk/dp/B0G53ZL5K5?th=1,1768521600000,200,英国,Games & Accessories
1776162951244,亚马逊,B0GG2BM9YQ,https://m.media-amazon.com/images/I/81-Itu0Uz8L._AC_US200_.jpg,"Pokémon TCG: First Partner Illustration Collection—Series 1 (3 Promo Cards, 2 Booster Packs & 1 Sticker Sheet)",https://www.amazon.co.uk/dp/B0GG2BM9YQ?th=1,1768521600000,5000,英国,Games & Accessories
1776162951244,亚马逊,B0G8J5189X,https://m.media-amazon.com/images/I/71pjj5s+3SL._AC_US200_.jpg,"70 PCS Easter Luminous Mini Resin Animals, Cute Tiny Easter Miniatures Figures Glow in the Dark Little Bunny Chicks Mini Plastic Animals for Eggs Fillers Dollhouse Garden Micro Landscape Decor",https://www.amazon.co.uk/dp/B0G8J5189X?th=1,1768521600000,200,英国,Dolls & Accessories
1776162951244,亚马逊,B0G2RQLXYK,https://m.media-amazon.com/images/I/41bwzMxREuL._AC_US200_.jpg,"Easter Hunt Kit,12PCS Easter Egg Hunt Toys Rubber Ducks for Easter Egg Fillers for Kids Rubber Ducks Class Easter Gifts",https://www.amazon.co.uk/dp/B0G2RQLXYK?th=1,1768435200000,200,英国,Party Supplies
1776162951244,亚马逊,B0D3LX2X4H,https://m.media-amazon.com/images/I/71p+2yty8DL._AC_US200_.jpg,"Baby Wooden Sensory Rattle Toys, Rainbow Ribbons Rattle Toy for Babies, Colourful Ribbon Cloud Ring Play Toys with Bells for Baby, Infants, Newborn, Toddlers, Boy, Girl - 2 Pieces",https://www.amazon.co.uk/dp/B0D3LX2X4H?th=1,1768435200000,200,英国,婴儿和幼儿玩具
1776162951244,亚马逊,B0FPXH3K4K,https://m.media-amazon.com/images/I/71V62vhVjqL._AC_US200_.jpg,LEGO Botanicals Roses - Faux Flowers Building Set - Desk Decoration or Floral Home Decor - Nature Toy for 8+ Year Old Girls & Teens - Birthday Gift Idea - 40460,https://www.amazon.co.uk/dp/B0FPXH3K4K?th=1,1768435200000,1000,英国,Building & Construction Toys
1776162951244,亚马逊,B0GFNQRZY8,https://m.media-amazon.com/images/I/61XNoGyGApL._AC_US200_.jpg,"Kitten - Interactive Electronic Digital Pet Robot | 5 Levels of Pet Play, 50+Lights, Sounds, Reactions & Movement, Cute Kawaii Collectible Toy for Girls & Boys Ages 4+",https://www.amazon.co.uk/dp/B0GFNQRZY8?th=1,1768348800000,200,英国,Electronic Toys
1776162951244,亚马逊,B01N0MJBWN,https://m.media-amazon.com/images/I/81u+8hWPpOL._AC_US200_.jpg,LEGO DUPLO Marvel Dinosaur Spidey-Rex vs. Green Goblin - Fine Motor Skills Toy for Toddlers - 2 Figures incl. Spidey T. Rex - Superhero Gift for 2+ Year Old Boys - 10463,https://www.amazon.co.uk/dp/B01N0MJBWN?th=1,1768348800000,200,英国,Building & Construction Toys
1776162951244,亚马逊,B0FPXFKGQR,https://m.media-amazon.com/images/I/81pP-hH5QfL._AC_US200_.jpg,"LEGO Technic BMW M4 GT3 EVO Race Car Toy - Model Kit w/ V6 Engine, Steering & Opening Doors - Gaming Gift for 11+ Year Old Boys & Teenage Motorsport Fans - 42226",https://www.amazon.co.uk/dp/B0FPXFKGQR?th=1,1768348800000,200,英国,Building & Construction Toys
1776162951244,亚马逊,B0C5L4SZVF,https://m.media-amazon.com/images/I/81uIJImXgdL._AC_US200_.jpg,"JOISHOP 120Pcs Party Bag Fillers, Prize Box Toy Assortment, Classroom Rewards & Goodie Loot Bag Fillers for Birthday Party Favors",https://www.amazon.co.uk/dp/B0C5L4SZVF?th=1,1768348800000,300,英国,Party Supplies
1776162951244,亚马逊,B0GFXBWR7Z,https://m.media-amazon.com/images/I/61GKr7exqEL._AC_US200_.jpg,"Premium Vallejo Plastic Putty 20ml x2 with Precision Sanding Applicator |Fast drying Model Gap Filler & Seam Repair Kit for Acrylic Models, Warhammer, Gundam & Scale Kits| AJ Traders Bundle",https://www.amazon.co.uk/dp/B0GFXBWR7Z?th=1,1768348800000,200,英国,Hobbies
1776162951244,亚马逊,B0GFVL3STS,https://m.media-amazon.com/images/I/41Syl9WRKjL._AC_US200_.jpg,"6Pcs Bunny & Carrot Pull Back Racers, Easter Gifts for Kids Pull Back Racing Bunnies Wind Up Toy Easter Party Bag Fillers Basket Fillers for Holiday Party Supplies Kids Boys & Girls",https://www.amazon.co.uk/dp/B0GFVL3STS?th=1,1768348800000,200,英国,Novelty & Gag Toys
1776162951244,亚马逊,B0G488SWTL,https://m.media-amazon.com/images/I/71aTwwUY0qL._AC_US200_.jpg,"Taba Squishy, 6 Pcs Squishy Toys for Kids, Fufu Squishy Fidget Toys for Adults Anxiety Relief, Stress Relief Toys for Decompression Birthday Novelty Gift",https://www.amazon.co.uk/dp/B0G488SWTL?th=1,1768348800000,300,英国,Novelty & Gag Toys
1776162951244,亚马逊,B0CRXK3Z1B,https://m.media-amazon.com/images/I/41Oj1L+3EdL._AC_US200_.jpg,"Pushpeel Sensory Activity Board: Silicone Fidget Toy for Calming, Stress, Anxiety, ADHD & Autism | Silent, No Mess | Kids 3+ & Adults | Includes Portable Travel Bag & 11 Strings",https://www.amazon.co.uk/dp/B0CRXK3Z1B?th=1,,400,英国,Novelty & Gag Toys
1776162951846,亚马逊,B0GRT88R8D,https://m.media-amazon.com/images/I/71rhw0417FL._AC_US200_.jpg,"Easter Basket Stuffers Mini Bunny Hug, Handmade Cute Plush Rabbit Gift with Card in Box, Soft Bunny for Women & Men, Easter Gifts, Birthday & Mother's Day (Pink)",https://www.amazon.com/dp/B0GRT88R8D?th=1,1773532800000,200,美国,填充的动物
1776162951846,亚马逊,B0GJRZJGVR,https://m.media-amazon.com/images/I/81Phu4BVheL._AC_US200_.jpg,2 in 1 Magnetic Maze Board for Kids Montessori Toys Double-Sided Counting Magnetic Alphabet Letters ABC Magnets Puzzles 3-5 Age Boys and Girls Birthday Gifts,https://www.amazon.com/dp/B0GJRZJGVR?th=1,1773532800000,200,美国,新颖性
1776162951847,亚马逊,B0GRN1MRCT,https://m.media-amazon.com/images/I/71fhwiKplxL._AC_US200_.jpg,"4PC Mystery Dumpling Squishy, 4 Inch Jumbo Dumpling Stress Ball, Squishy Bun, Anxiety Relief Fidget, Soft Squeeze Decompression Dough for Adults Classroom Prizes & Party Favors",https://www.amazon.com/dp/B0GRN1MRCT?th=1,1773532800000,200,美国,Novelty & Gag Toys
1776162951847,亚马逊,B0GD6TY4RY,https://m.media-amazon.com/images/I/61I07XCI-qL._AC_US200_.jpg,"124 PCS Easter Egg Fillers, Easter Basket Stuffers, Easter Party Favors for Kids Boys Girls, Easter Egg Stuffers, Bulk Easter Toys, Easter Gifts, Pinata Goodie Bags Stuffers, Classroom Prizes",https://www.amazon.com/dp/B0GD6TY4RY?th=1,1773532800000,500,美国,Party Supplies
1776162951847,亚马逊,B0GJCTFHHM,https://m.media-amazon.com/images/I/516-jOeM1ZL._AC_US200_.jpg,Water Squirt Guns Toys for Kids: Leakproof Super Water Gun for Boys Girls Adults - Small Outdoor Water Gun Toy for Pool Beach Swimming Summer Games Yard Party (2 Pack),https://www.amazon.com/dp/B0GJCTFHHM?th=1,1773532800000,300,美国,体育
1776162951847,亚马逊,B0GRR2HJVR,https://m.media-amazon.com/images/I/61E9gNb1BaL._AC_US200_.jpg,"Glitter Dumpling Squishy Toy,Glitter Dumpling Squishy Box,Soft Slow Rebound Squeeze Toy,Easter Basket Stuffers Gift for Teens & Adults (White)",https://www.amazon.com/dp/B0GRR2HJVR?th=1,1773532800000,200,美国,Novelty & Gag Toys
1776162951847,亚马逊,B0GS597Q7Z,https://m.media-amazon.com/images/I/51pw049vE2L._AC_US200_.jpg,"4Pcs Glitter Duck Squeezes,Soft Cute Stress Relief Ball for Adults & Teens,Fun Decompression Duck Squishies Gift for Office Desk Party Favors Easter Basket Stuffer",https://www.amazon.com/dp/B0GS597Q7Z?th=1,1773532800000,200,美国,Novelty & Gag Toys
1776162951847,亚马逊,B0GS5BV5B4,https://m.media-amazon.com/images/I/71L6U65xAYL._AC_US200_.jpg,"2Pcs Glitter Duck Squeezes,Soft Cute Stress Relief Ball for Adults & Teens,Fun Decompression Duck Squishies Gift for Office Desk Party Favors Easter Basket Stuffer",https://www.amazon.com/dp/B0GS5BV5B4?th=1,1773532800000,500,美国,Novelty & Gag Toys
1776162951847,亚马逊,B0GS65HH76,https://m.media-amazon.com/images/I/31Z9mRsve6L._AC_US200_.jpg,Super Cheese Squishy Big Giant Large Cube Block Slow Rising Squeeze Toy squeezable Stress Relief Original Sensory / Fidget Novelty Toy and Gift for Adults (3in),https://www.amazon.com/dp/B0GS65HH76?th=1,1773532800000,500,美国,Novelty & Gag Toys
1776162951847,亚马逊,B0GS64LYVR,https://m.media-amazon.com/images/I/61PoQySNxcL._AC_US200_.jpg,Super Cheese Squishy Big Giant Large Cube Block Slow Rising Squeeze Toy squeezable Stress Relief Original Sensory / Fidget Novelty Toy and Gift for Adults (5in),https://www.amazon.com/dp/B0GS64LYVR?th=1,1773532800000,300,美国,Novelty & Gag Toys
1776162951847,亚马逊,B0GS5Y5V19,https://m.media-amazon.com/images/I/61PoQySNxcL._AC_US200_.jpg,Super Cheese Squishy Big Giant Large Cube Block Slow Rising Squeeze Toy squeezable Stress Relief Original Sensory / Fidget Novelty Toy and Gift for Adults (2.6in),https://www.amazon.com/dp/B0GS5Y5V19?th=1,1773532800000,1000,美国,Novelty & Gag Toys
1776162951847,亚马逊,B0GL1LLVP5,https://m.media-amazon.com/images/I/51RVRqinVQL._AC_US200_.jpg,"Palksky Bubble Machine for Kids Toddlers, Flower Bubble Maker with Lights for Parties, Rechargeable Automatic Bubbles Blower Machine for Outdoor Wedding Birthday Party",https://www.amazon.com/dp/B0GL1LLVP5?th=1,1773532800000,200,美国,体育
1776162951847,亚马逊,B0GQXVJPSS,https://m.media-amazon.com/images/I/61AJs7i-DmL._AC_US200_.jpg,"2 Pcs Large Dumpling Squishy Sensory Toy, Slow Rising Squishy, Fidget Toys Stress Ball for Adults & Teens, Mystery Squishy Dumpling Box, Squeeze Stress Relief Hand Gifts for Anxiety",https://www.amazon.com/dp/B0GQXVJPSS?th=1,1773532800000,200,美国,Novelty & Gag Toys
1776162951847,亚马逊,B0GQ9MNC9M,https://m.media-amazon.com/images/I/51UjvCR3A8L._AC_US200_.jpg,"Dumpling Squishies, Glitter Dumpling Mystery Box, 2026 Upgraded Dumplings Stress Balls Fidget Sensory Balls, Squeeze Dough Ball Stress Relief Hand with Food Steamer, Relaxation Gift (Purple)",https://www.amazon.com/dp/B0GQ9MNC9M?th=1,1773446400000,500,美国,Novelty & Gag Toys
1776162951847,亚马逊,B0GL723Y9P,https://m.media-amazon.com/images/I/71e5pI-ETFL._AC_US200_.jpg,"Easter Bunny Toy,Hopping Bunny Toy,Hopping Rabbit Plush Bunny Toy, Walks, Jumps, Sounds an Ideal Surprise Gift for Toddlers,Easter Toys for Toddlers(Brown)",https://www.amazon.com/dp/B0GL723Y9P?th=1,1773446400000,600,美国,填充的动物
1776162951847,亚马逊,B0GQLDGLVJ,https://m.media-amazon.com/images/I/61BuYnUppKL._AC_US200_.jpg,"Slow Rebound Cute Butter Squeeze Stress Balls, 2026 New Realistic Soft Butter Stick Fidget Toy,Slow Rising Portable Squishy for Adults Anxiety & Stress Relief, Sensory Gifts for Office, Home（1pc）",https://www.amazon.com/dp/B0GQLDGLVJ?th=1,1773446400000,300,美国,Novelty & Gag Toys
1776162951847,亚马逊,B0GRTNQYCW,https://m.media-amazon.com/images/I/712-h2ycuAL._AC_US200_.jpg,"Bubble Blower Set with 2 Wands & Refillable Solution Bottle, Creative Stress Relief Item for Relaxation for Office & Party Use",https://www.amazon.com/dp/B0GRTNQYCW?th=1,1773446400000,200,美国,体育
1776162951847,亚马逊,B0GSB2H59Y,https://m.media-amazon.com/images/I/41VOyqn0onL._AC_US200_.jpg,Glitter Dumplings Stretchy Colorful Dumplings,https://www.amazon.com/dp/B0GSB2H59Y?th=1,1773446400000,200,美国,Novelty & Gag Toys
1776162951847,亚马逊,B0GSB4QFNK,https://m.media-amazon.com/images/I/71-fbWAps-L._AC_US200_.jpg,Glitter Dumplings Stretchy Colorful Dumplings,https://www.amazon.com/dp/B0GSB4QFNK?th=1,1773446400000,400,美国,Novelty & Gag Toys
1776162951847,亚马逊,B0GRY6CRPX,https://m.media-amazon.com/images/I/61+RLGFG1vL._AC_US200_.jpg,Dumpling Squishies – Mystery Dumpling Box Colorful Stress Balls & Fidget Sensory Toy Soft Squeeze Decompression Dough for Anxiety Relief Perfect for Kids & Easter Basket Stuffers（Pink）,https://www.amazon.com/dp/B0GRY6CRPX?th=1,1773446400000,600,美国,Novelty & Gag Toys
1776162951847,亚马逊,B0D2WXN3WT,https://m.media-amazon.com/images/I/71gOnvsHgrL._AC_US200_.jpg,"FoxVilla Assembly Completed T13 Action Figure, Titan 13 3D Printed Action Figure, 3D Printed Titan13, Assembled Dummy 13 Lucky 13 Toy Figure",https://www.amazon.com/dp/B0D2WXN3WT?th=1,1773446400000,1000,美国,玩具图
1776162951847,亚马逊,B0GQ45JMGV,https://m.media-amazon.com/images/I/61faCGyMRfL._AC_US200_.jpg,"Dumpling Squishy, Mystery Squishy Dumpling Box, Soft Squeeze Dough Ball for Stress Relief, Stretchy Bun with Mini Food Steamer Desk Fidget Toy for Adults Office Home (White)",https://www.amazon.com/dp/B0GQ45JMGV?th=1,1773446400000,300,美国,新颖性
1776162951847,亚马逊,B0GK8NYFNC,https://m.media-amazon.com/images/I/81ObATE1bWL._AC_US200_.jpg,"Eternal Aurora Tarot Deck,Oracle Tarot Cards with Guide Book-Unique Tarot Card Deck for Beginners(with Free Lined Velvet Bag)",https://www.amazon.com/dp/B0GK8NYFNC?th=1,1773446400000,200,美国,新颖性
1776162951847,亚马逊,B0GS6LMMSH,https://m.media-amazon.com/images/I/41iEIdLALEL._AC_US200_.jpg,New -Dumpling Squishies & Dumpling Squishy Mystery Box ，Soft TPR Sensory Stress Ball Fidget Toy (Purple),https://www.amazon.com/dp/B0GS6LMMSH?th=1,1773446400000,500,美国,Novelty & Gag Toys
1776162951847,亚马逊,B0GS6Y48TC,https://m.media-amazon.com/images/I/61KPWS6NxgL._AC_US200_.jpg,New -Dumpling Squishies & Dumpling Squishy Mystery Box ，Soft TPR Sensory Stress Ball Fidget Toy (Pink),https://www.amazon.com/dp/B0GS6Y48TC?th=1,1773446400000,3000,美国,Novelty & Gag Toys
1776162951847,亚马逊,B0GCJRYF95,https://m.media-amazon.com/images/I/61hSZ7MUi0L._AC_US200_.jpg,"TOY Life Daisy Bubble Machine with LED Lights and Music, Automatic Bubble Maker for Indoor Outdoor Birthday Parties, Easter, Wedding, Portable Battery Operated Bubbles Blower Gift for Girls Boys",https://www.amazon.com/dp/B0GCJRYF95?th=1,1773446400000,300,美国,体育
1776162951847,亚马逊,B0GGGW8FNY,https://m.media-amazon.com/images/I/51tpyjUKoWL._AC_US200_.jpg,"2 Packs 3D Printed Dinosaur Toys for 3-5 Years Boys, Skeleton T-Rex Figure with Large Storage Crystal Eggs, Great Easter and Birthday Gifts Fidget Toys for 3 4 5 6 7 8 9 10 11 12 Years Old Boys Girls",https://www.amazon.com/dp/B0GGGW8FNY?th=1,1773446400000,200,美国,玩具图
1776162951847,亚马逊,B0GHMVVXXL,https://m.media-amazon.com/images/I/5107SfuLrzL._AC_US200_.jpg,"Easter Dinosaur Toys for Kids, 6 Pack Filled Easter Egg with Dinosaur Tongue Out Squeeze Toys, Funny Novelty Toys for Boys & Girls,Perfect for Easter Hunt,Basket Stuffers & Party Favors",https://www.amazon.com/dp/B0GHMVVXXL?th=1,1773446400000,800,美国,Party Supplies
1776162951847,亚马逊,B0GS23PW43,https://m.media-amazon.com/images/I/61QLqEd+uxL._AC_US200_.jpg,Coconut Oil Stress Ball Crunchy Squishy Sand Vacuum Filled Grape Squishies Balls Stressball Glutinous Fidget Colorful Squeeze Squishys Shapeable Squishied Relief Cheese Snowball Sensory(1.6IN6pcs),https://www.amazon.com/dp/B0GS23PW43?th=1,1773446400000,200,美国,Novelty & Gag Toys
1776162951847,亚马逊,B0GRMKL7V8,https://m.media-amazon.com/images/I/61iJrIyXbdL._AC_US200_.jpg,"Butter Squishy- Slow Rising Fidget Toys, Novelty Stress Relief Butter Squeeze Toy for Adults & Kids, Party Favors Gift Sensory Toy (1 PC)",https://www.amazon.com/dp/B0GRMKL7V8?th=1,1773446400000,200,美国,Novelty & Gag Toys
1776162951847,亚马逊,B0GS9QBZZ4,https://m.media-amazon.com/images/I/71+1qz228cL._AC_US200_.jpg,"Dumpling Squishy Mystery Box, Glitter Dumpling, Dumplings Style Stress Balls for Adults and Kids, Cute Steamer Basket Design with Squeezable Bun Stress Relief Fidget Toys (4 PCS)",https://www.amazon.com/dp/B0GS9QBZZ4?th=1,1773446400000,300,美国,Novelty & Gag Toys
1776162951847,亚马逊,B0GSFS7Q4X,https://m.media-amazon.com/images/I/41xIBe+6T-L._AC_US200_.jpg,"Glitter Dumpling, Glitter Dumpling Squishy Box, Squishies Stress Ball, Anxiety Relief Fidget, Soft Squeeze Decompression Dough, Relaxation Gift (C)",https://www.amazon.com/dp/B0GSFS7Q4X?th=1,1773446400000,400,美国,Novelty & Gag Toys
1776162951847,亚马逊,B0GSFMZ48L,https://m.media-amazon.com/images/I/61Nc7dMOysL._AC_US200_.jpg,"Glitter Dumpling, Glitter Dumpling Squishy Box, Squishies Stress Ball, Anxiety Relief Fidget, Soft Squeeze Decompression Dough, Relaxation Gift (G)",https://www.amazon.com/dp/B0GSFMZ48L?th=1,1773446400000,600,美国,Novelty & Gag Toys
1776162951847,亚马逊,B0GS7HRCLN,https://m.media-amazon.com/images/I/81PmM5dT4oL._AC_US200_.jpg,Enduring Liberty Half Dollar 1776-2026 America 250th Anniversary 1-Year Issue Uncirculated Roll Philadelphia Mint (P Mint),https://www.amazon.com/dp/B0GS7HRCLN?th=1,1773446400000,200,美国,新颖性
1776162951847,亚马逊,B0GQLP47D6,https://m.media-amazon.com/images/I/41BDG2I24vL._AC_US200_.jpg,"Dumpling Squishies Toy,Mystery Squishy Dumpling Box,Cute Anxiety Relief Fidget Toy,Jumbo Squishy Toy with Steamer Box,Soft Squeeze Decompression Dough for Adults& Kids (Blue)",https://www.amazon.com/dp/B0GQLP47D6?th=1,1773446400000,500,美国,Novelty & Gag Toys
1776162951847,亚马逊,B0GJCSBK6M,https://m.media-amazon.com/images/I/71bpBPZIacL._AC_US200_.jpg,"Snowflake Ice Cube Squishy Toy, Big Size 7cm Stress Relief Fidget Toys for Adults, Sensory Squishy Toys for Anxiety Relief and Focus, Soft Slow Rise Squeeze Toy for Stress (Blue)",https://www.amazon.com/dp/B0GJCSBK6M?th=1,1773446400000,200,美国,Novelty & Gag Toys
1776162951847,亚马逊,B0GRQBR9Y4,https://m.media-amazon.com/images/I/81hRbzOokFL._AC_US200_.jpg,"Glitter Dumpling Squishy Box, Stress Relief Squeeze for Adults, Anxiety Relief Fidget Toy for Office Desk, Relaxing Sensory Toy for Focus and Calm (Gold+White)",https://www.amazon.com/dp/B0GRQBR9Y4?th=1,1773446400000,500,美国,Novelty & Gag Toys
1776162951847,亚马逊,B0GQ3M9SYC,https://m.media-amazon.com/images/I/611u5jwgRsL._AC_US200_.jpg,"9Pcs for Demon Movie Hunters Birthday Party Decorations, Honeycomb Centerpieces for Toy Demon Movie Hunters Decorations, Double Sided Table Decorations Centerpieces Party.",https://www.amazon.com/dp/B0GQ3M9SYC?th=1,1773446400000,200,美国,派对用品
1776162951847,亚马逊,B0GGZH3RNJ,https://m.media-amazon.com/images/I/51AnPaQNAoL._AC_US200_.jpg,"40PCS Easter Paper Plates and Napkins Set, 9"" Easter Bunny Plates Disposable Dinner Dessert Plates for Spring Holiday Party Supplies, Server 20",https://www.amazon.com/dp/B0GGZH3RNJ?th=1,1773446400000,200,美国,派对用品
1776162951847,亚马逊,B0BVR8FBF9,https://m.media-amazon.com/images/I/912dIi04RCL._AC_US200_.jpg,"Bayer Design Reborn Baby Doll Car Seat with Sun Shade Canopy - Grey-Green Stars, Portable Doll Carseat for 18"" Dolls",https://www.amazon.com/dp/B0BVR8FBF9?th=1,1773446400000,200,美国,娃娃
1776162951847,亚马逊,B0G4M51RJX,https://m.media-amazon.com/images/I/812CVNCHyjL._AC_US200_.jpg,Fancy Land 24 Sets Religious Easter Crafts Holy Week Scene Kits Christian Resurrection Cards with Jesus Cross Stickers for Palm Sunday School DIY Project,https://www.amazon.com/dp/B0G4M51RJX?th=1,1773446400000,200,美国,艺术
1776162951847,亚马逊,B0GRT4FKYG,https://m.media-amazon.com/images/I/71aYF84GqvL._AC_US200_.jpg,"Flashing Dumplings,Soft and Cute Flashing Dumpling Toy,Dumpling Stress-Relieving Ball,Elastic Tabletop Toy,Soft and Squeezable Stress-Relieving Dough (White)",https://www.amazon.com/dp/B0GRT4FKYG?th=1,1773446400000,600,美国,Novelty & Gag Toys
1776162951847,亚马逊,B0GSH6DCY9,https://m.media-amazon.com/images/I/5103x4STHmL._AC_US200_.jpg,"Dumpling Squishies, Glitter Dumpling Mystery Box, Colorful Dumplings Stress Balls Fidget Sensory Toy, Stocking Stuffers with Food Steamer Stretchy Desk Toys",https://www.amazon.com/dp/B0GSH6DCY9?th=1,1773446400000,3000,美国,Novelty & Gag Toys
1776162951847,亚马逊,B0GSG9Y137,https://m.media-amazon.com/images/I/61grUy8SSsL._AC_US200_.jpg,"Glitter Dumpling, Glitter Dumpling Squishies with Box,Dumplings Stress Balls Fidget Sensory Balls,Dumplings Sensory Squeeze Toy for Stress Relief",https://www.amazon.com/dp/B0GSG9Y137?th=1,1773446400000,2000,美国,Novelty & Gag Toys
1776162951847,亚马逊,B0GRFKTNRW,https://m.media-amazon.com/images/I/61G4ZxwsnTL._AC_US200_.jpg,"Dumpling Squishy Mystery Box, Super Soft Slow Rising TPR Tear-Resistant Smiley Face Dumpling Toy, Fidget Sensory Toys for Easter Basket Stuffers, Parties, Classroom Prizes Adults Kids (Green)",https://www.amazon.com/dp/B0GRFKTNRW?th=1,1773446400000,1000,美国,Novelty & Gag Toys
1776162951847,亚马逊,B0GQXTMH85,https://m.media-amazon.com/images/I/610thIHanmL._AC_US200_.jpg,"Glitter Dumpling Squishies,2026 New Dumpling Squishy Mystery Box,Colorful Dumplings Stress Balls Fidget Sensory,Squeeze Dough Ball Stress Relief Hand with Food Steamer Stretchy Desk for Adults (Red)",https://www.amazon.com/dp/B0GQXTMH85?th=1,1773446400000,200,美国,新颖性
1776162951847,亚马逊,B0GS5YF5TK,https://m.media-amazon.com/images/I/71dfQd+Z0ML._AC_US200_.jpg,"Mystery Dumpling Squishy, Easter Basket Stuffers, Squeeze Dough Ball Stress Relief Hand Toys with Steamer Stretchy Desk Toys (B-White)",https://www.amazon.com/dp/B0GS5YF5TK?th=1,1773446400000,400,美国,Novelty & Gag Toys
1776162951847,亚马逊,B0GRHVFDT5,https://m.media-amazon.com/images/I/71RvHPwKFoL._AC_US200_.jpg,"Foam Remote Control Airplanes, RC Planes with Light, RC Airplane Fighter Jet for Kids Adults 8-16, 360° Flip, Stunt Roll, Drones for Kids 8-12, Airplane Toy Gifts for Kids Boys(Blue)",https://www.amazon.com/dp/B0GRHVFDT5?th=1,1773446400000,700,美国,遥控
1776162951847,亚马逊,B0GS2K1N67,https://m.media-amazon.com/images/I/51VKevupE9L._AC_US200_.jpg,"Ice Cube Stress Ball, 2026 New Squishy Stress Ice Cube Fidget Toys, Stress Relief Toys Squeeze Toys for Adults (Blue-3PCS)",https://www.amazon.com/dp/B0GS2K1N67?th=1,1773446400000,500,美国,Novelty & Gag Toys
1776162951847,亚马逊,B0GJSTS72K,https://m.media-amazon.com/images/I/61Nwz0xynlL._AC_US200_.jpg,"Pakoo Electric Water Gun for Adults Kids, High-Capacity Automatic Squirt Gun with LED Lights, 32FT Long Range Transparent Water Blaster, Summer Outdoor Pool & Beach Party Toys for Boys Girls",https://www.amazon.com/dp/B0GJSTS72K?th=1,1773446400000,200,美国,体育
1776162951847,亚马逊,B0GCZ1VFSK,https://m.media-amazon.com/images/I/91gLCbfIMIL._AC_US200_.jpg,Summer Water Toys Magical Quick Fill Water Balloons for Pools and Water Companions 1184 Balloons (BG),https://www.amazon.com/dp/B0GCZ1VFSK?th=1,1773446400000,300,美国,体育
1776162951847,亚马逊,B0GH6B3JS2,https://m.media-amazon.com/images/I/81vF7FG07zL._AC_US200_.jpg,"Beach Toys, Creative Sand Toys for Kids Boys and Girls, Sand Castle Building Kit with Stack Castle Buckets, Tools, Mesh Bags, Character Molds for Role Play, Outdoor Toys for Toddlers Kids Ages 3-10",https://www.amazon.com/dp/B0GH6B3JS2?th=1,1773446400000,200,美国,运动与户外游戏
1776162951847,亚马逊,B0G5X2C19J,https://m.media-amazon.com/images/I/71yn-nEVZyL._AC_US200_.jpg,"Tub Works® Under the Sea™ Light Up Bath Toys, 6 Pack | Water-Activated Light Up Toys Flash & Change Color | Easy-Grip Baby & Toddler Bath Toys | Sensory Bathtub Toys with Bath Lights for Kids Bath",https://www.amazon.com/dp/B0G5X2C19J?th=1,1773446400000,3000,美国,婴幼儿
1776162951847,亚马逊,B0GS18PHNH,https://m.media-amazon.com/images/I/31TyxOTU2sL._AC_US200_.jpg,"Glitter Cute Duck Squishy Sugar Stress Ball,Soft Duck Stress Relief Sugar Ball Squishy Ultra Squishy and Moldable Slow Rise Relaxing Sensory Fidget Stress for Anxiety Relief (Blue)",https://www.amazon.com/dp/B0GS18PHNH?th=1,1773446400000,200,美国,Novelty & Gag Toys
1776162951847,亚马逊,B0GS6VSRY2,https://m.media-amazon.com/images/I/31QMK2F9adL._AC_US200_.jpg,"Squishy Stress Cube for Adults,Squishy Slow Rising Fidget Cube Sensory for Anxiety Stress Relief High Density Ice Squeeze Ball Cubes Purple (Green)",https://www.amazon.com/dp/B0GS6VSRY2?th=1,1773446400000,300,美国,Novelty & Gag Toys
1776162951847,亚马逊,B0G26LFLZN,https://m.media-amazon.com/images/I/71Cv59AZUAL._AC_US200_.jpg,"Calico Critters Cottontail Rabbit Family, Set of 4 Collectible Doll Figures",https://www.amazon.com/dp/B0G26LFLZN?th=1,1773360000000,200,美国,娃娃
1776162951847,亚马逊,B0GHP2L8W8,https://m.media-amazon.com/images/I/81WRH99ZjhL._AC_US200_.jpg,KLT Fidget Toys Bulk for Kids: 100 Pack Textured Spinner Rings - Fun Fidgets for Student Classroom Prize - Small Stress Toys for Autism Calming - Goodie Bags Stuffers for Party Favors,https://www.amazon.com/dp/B0GHP2L8W8?th=1,1773360000000,400,美国,Novelty & Gag Toys
1776162951847,亚马逊,B0GRBQQVQV,https://m.media-amazon.com/images/I/71uJX2H5cPL._AC_US200_.jpg,"Retro Game Console, Wireless Retro Game Console, Built-in 9 Emulators, 4K HDMI Output, Dual 2.4GHz, Built-in 24500 Games, Plug and Play Video Games, Black",https://www.amazon.com/dp/B0GRBQQVQV?th=1,1773360000000,200,美国,儿童电子产品
1776162951847,亚马逊,B0GKFZWB37,https://m.media-amazon.com/images/I/51pCZdADuBL._AC_US200_.jpg,"24 Pack Prefilled Easter Eggs with Axolotl Slow Squishy Toys, Easter Basket Stuffers, Easter Eggs Filled Squishy Toy for Kids, Easter Gift, Axolotl Party Favors",https://www.amazon.com/dp/B0GKFZWB37?th=1,1773360000000,1000,美国,Novelty & Gag Toys
1776162951847,亚马逊,B0GL77MGHV,https://m.media-amazon.com/images/I/71+ypIJV9vL._AC_US200_.jpg,"Easter Bunny Toy,Hopping Bunny Toy,Hopping Rabbit Plush Bunny Toy, Walks, Jumps, Sounds an Ideal Surprise Gift for Toddlers,Easter Toys for Toddlers(Pink)",https://www.amazon.com/dp/B0GL77MGHV?th=1,1773360000000,300,美国,填充的动物
1776162951847,亚马逊,B0GHW97DD1,https://m.media-amazon.com/images/I/71LZC9yFvVL._AC_US200_.jpg,"POP MART Star Wars Grogu Tiny But Mighty Series Figures,Collectible Holiday & Birthday for Kids & Adults-Single Box",https://www.amazon.com/dp/B0GHW97DD1?th=1,1773360000000,300,美国,玩具图
1776162951847,亚马逊,B0GR12XB4V,https://m.media-amazon.com/images/I/71i2lizhi6L._AC_US200_.jpg,"32Pcs Demon Movie Hunters Birthday Party Supplies, Party Decorations Set Include Banner, Balloons, Hanging Swirls, Cake Cupcake Toppers, Tablecloth for Boys Girls Demon Hunters Theme Party.",https://www.amazon.com/dp/B0GR12XB4V?th=1,1773360000000,900,美国,派对用品
1776162951847,亚马逊,B0GS1TL71K,https://m.media-amazon.com/images/I/51F0n5HkJ-L._AC_US200_.jpg,"Strawberry Squishy, Realistic Strawberry Stress Ball, Squeezable Toy Fruit Ball (1)",https://www.amazon.com/dp/B0GS1TL71K?th=1,1773360000000,300,美国,Novelty & Gag Toys
1776162951847,亚马逊,B0GRM9NFH6,https://m.media-amazon.com/images/I/71OeEEx6LvL._AC_US200_.jpg,"2pcs Demon Movie Hunters Porch Sign Door Hanging Banner, Demon Movie Hunters Birthday Party Supplies Party Wall Decorations",https://www.amazon.com/dp/B0GRM9NFH6?th=1,1773360000000,200,美国,Party Supplies
1776162951847,亚马逊,B0GS3R4X7K,https://m.media-amazon.com/images/I/513hcL3GmqL._AC_US200_.jpg,"Taboom Bulk Easter Plastic Eggs 104 Count 2.3 Inch Empty Colored & Gold Fillable Egg with Strong Snap-Tight Seal For Easter Egg Hunts, Party Favors, Fillers & Basket Stuffers",https://www.amazon.com/dp/B0GS3R4X7K?th=1,1773360000000,1000,美国,派对用品
1776162951847,亚马逊,B0GDW8WPYD,https://m.media-amazon.com/images/I/71oJVex25pL._AC_US200_.jpg,"Water Slide Toys for Step2 Rain Showers Water Table Accessories, Quick-Install Summer Outdoor Water Play Table Toys Track Building Set with 6 Duck-Face Rolling Balls for Toddlers Kids Ages 3+",https://www.amazon.com/dp/B0GDW8WPYD?th=1,1773360000000,600,美国,运动与户外游戏
1776162951847,亚马逊,B0GS49K4YH,https://m.media-amazon.com/images/I/81pgF02+5+L._AC_US200_.jpg,"Taboom Easter Plastic Eggs 26 Count 2.3 Inch Empty Colored & Gold Fillable Egg with Strong Snap-Tight Seal For Easter Egg Hunts, Party Favors, Fillers & Basket Stuffers",https://www.amazon.com/dp/B0GS49K4YH?th=1,1773360000000,1000,美国,Party Supplies
1776162951847,亚马逊,B0GRGXXG51,https://m.media-amazon.com/images/I/711CeDeuAjL._AC_US200_.jpg,"Glitter Dumpling, Glitter Dumpling Squishy with Box, Giant Sparkle Dumpling Stress Ball, Colorful Squishy Fidget Sensory Ball for Anxiety Relief, Fun Gift for Kids Teens Adults (A-010)",https://www.amazon.com/dp/B0GRGXXG51?th=1,1773360000000,200,美国,Novelty & Gag Toys
1776162951847,亚马逊,B0GGG7ZL1J,https://m.media-amazon.com/images/I/51y8JLHFMZL._AC_US200_.jpg,"80 Pack Prefilled Easter Eggs with Toys Inside, Plastic Eggs Fillers for Toys Bulk, Easter Basket Stuffers,Easter Eggs Hunt Games Classroom Prizes, Easter Party Supplies Gifts for Kids",https://www.amazon.com/dp/B0GGG7ZL1J?th=1,1773360000000,1000,美国,Party Supplies
1776162951847,亚马逊,B0GGY491N5,https://m.media-amazon.com/images/I/81B8aaGqdVL._AC_US200_.jpg,"225Pack Prefilled Easter Eggs with Toys Inside for Easter Egg Hunting Basket Stuffers, Surprise Plastic Eggs Filled with Bulk Toys, Easter Party Supplies Gifts Classroom Prize for Kids",https://www.amazon.com/dp/B0GGY491N5?th=1,1773360000000,1000,美国,Party Supplies
1776162951847,亚马逊,B0GS91KBB4,https://m.media-amazon.com/images/I/41ZoZi6K07L._AC_US200_.jpg,YOXIER Stress Relief Toys Squeeze Butter Toy Set Slow Rising Soft Fidget Toys for Stress Relief Anxiety Sensory Gifts for Adults Kids (3pc),https://www.amazon.com/dp/B0GS91KBB4?th=1,1773360000000,200,美国,Novelty & Gag Toys
1776162951847,亚马逊,B0GJSBQV9V,https://m.media-amazon.com/images/I/41kss8qhB+L._AC_US200_.jpg,"Oversized Dense Gel Stress Cube (2.55"") - Anxiety Relief Fidget Toy - Larger, Firmer, Slow-Rise - Dual-Reinforced Leak-Proof Design - Premium Sensory Gift for Adults & Teens",https://www.amazon.com/dp/B0GJSBQV9V?th=1,1773360000000,400,美国,Novelty & Gag Toys
1776162951847,亚马逊,B0GJSC6XG4,https://m.media-amazon.com/images/I/61oDz4mAKfL._AC_US200_.jpg,"Oversized Dense Gel Stress Cube (2.55"") - Anxiety Relief Fidget Toy - Larger, Firmer, Slow-Rise - Dual-Reinforced Leak-Proof Design - Premium Sensory Gift for Adults & Teens",https://www.amazon.com/dp/B0GJSC6XG4?th=1,1773360000000,400,美国,Novelty & Gag Toys
1776162951847,亚马逊,B0GS1QJ6CK,https://m.media-amazon.com/images/I/71naZP4OmaL._AC_US200_.jpg,"Dumpling Squishy, Glitter Mystery Dumplings Box, Squishy Dumpling Stress Relieving Toy, Soft Squeeze Decompression Dough, Easter Basket Stuffers,with Food Steamer Stretchy Desk Toys (White-B)",https://www.amazon.com/dp/B0GS1QJ6CK?th=1,1773360000000,800,美国,Novelty & Gag Toys
1776162951847,亚马逊,B0G72YB7SW,https://m.media-amazon.com/images/I/8186VF2+x7L._AC_US200_.jpg,"300 Pack Colorful Fillable Easter Eggs with 6 Surprise Golden Eggs, 2.4 Inch Plastic Easter Egg Empty for Easter Hunt Party Favors Easter Basket Stuffers Fillers Classroom Prizes for Kids Boys Girls",https://www.amazon.com/dp/B0G72YB7SW?th=1,1773360000000,400,美国,Party Supplies
1776162951847,亚马逊,B0GJGNGCZ7,https://m.media-amazon.com/images/I/81+VvcpGw5L._AC_US200_.jpg,"500PCS Fillable Plastic Easter Eggs, Empty Easter Eggs for Egg Hunt, Party Favors, Basket Stuffers, Classroom Prizes, Holiday Decorations",https://www.amazon.com/dp/B0GJGNGCZ7?th=1,1773360000000,800,美国,Party Supplies
1776162951847,亚马逊,B0GQHF8MK9,https://m.media-amazon.com/images/I/41WX+RlM8VL._AC_US200_.jpg,"Dumpling Squishy Toy, Dumpling Squishy Mystery Box, Colorful Dumplings Stress Balls Fidget Sensory Toy, Squeeze Dough Ball Stress Relief Hand Toys with Food Steamer Stretchy Desk Toys (Pink)",https://www.amazon.com/dp/B0GQHF8MK9?th=1,1773360000000,1000,美国,Novelty & Gag Toys
1776162951847,亚马逊,B0GQH7ZKG7,https://m.media-amazon.com/images/I/41rBMsR-keL._AC_US200_.jpg,"Dumpling Squishy Toy, Dumpling Squishy Mystery Box, Colorful Dumplings Stress Balls Fidget Sensory Toy, Squeeze Dough Ball Stress Relief Hand Toys with Food Steamer Stretchy Desk Toys(Purplish Pink)",https://www.amazon.com/dp/B0GQH7ZKG7?th=1,1773360000000,900,美国,Novelty & Gag Toys
1776162951847,亚马逊,B0GRWG2T6X,https://m.media-amazon.com/images/I/41BV6xrF+RL._AC_US200_.jpg,"Dumpling Squishy, Glitter Dumpling Squishy, Squishiest Dumplings with Steamer Box, Stress & Anxiety Relief Toys for Kids & Adults Non-Edible (Glitter White)",https://www.amazon.com/dp/B0GRWG2T6X?th=1,1773360000000,400,美国,Novelty & Gag Toys
1776162951847,亚马逊,B0G5Y68B27,https://m.media-amazon.com/images/I/51PE4gM+yjL._AC_US200_.jpg,"42 Pack Prefilled Easter Eggs with Plush Bunnies,Pre Filled Easter Eggs with Stuffed Toys Inside,Easter Basket Stuffers for Kids,Easter Egg Hunt,Classroom Prize",https://www.amazon.com/dp/B0G5Y68B27?th=1,1773360000000,200,美国,Party Supplies
1776162951847,亚马逊,B0GD73YQ68,https://m.media-amazon.com/images/I/51EZQ4zKubL._AC_US200_.jpg,"JoyCat 30 Pack Tic Tac Toe Party Favors for Kids, Felt Travel Board Games with Storage Pouch, Classroom Prizes, Goodie Bag Stuffers, Birthday Gifts for Students(Garden)",https://www.amazon.com/dp/B0GD73YQ68?th=1,1773360000000,200,美国,Party Supplies
1776162951847,亚马逊,B0GRZ6CTPH,https://m.media-amazon.com/images/I/71HMXspoV8L._AC_US200_.jpg,"Retro Gaming Console, Built-in 400 Classic Retro Game Console, 3.0 Inch IPS Screen Retro Handheld Game Console, 1020mAh Rechargeable Battery, Portable Arcade Video Gaming Console (Green)",https://www.amazon.com/dp/B0GRZ6CTPH?th=1,1773360000000,300,美国,儿童电子产品
1776162951847,亚马逊,B0GQLW1BRP,https://m.media-amazon.com/images/I/71wLOragamL._AC_US200_.jpg,Dumpling Squishy Mystery Box 2026 Upgraded White - Dumplings Squishes for Adults Teens Squeeze Easter Basket Stuffers & Stocking Stuff,https://www.amazon.com/dp/B0GQLW1BRP?th=1,1773360000000,1000,美国,派对用品
1776162951847,亚马逊,B0GJKYB7V3,https://m.media-amazon.com/images/I/71o3shvwBzL._AC_US200_.jpg,"24"" Large 3D Printed Dragon: Giant Flexible Articulated Fidget Animals Toy- Big 3D Crystal Dragon for Home Office Desk Decor, Cool Toy for Adults & Kids, Unique Dragon Collectible Gift",https://www.amazon.com/dp/B0GJKYB7V3?th=1,1773360000000,200,美国,玩具图
1776162951847,亚马逊,B0GPXXRXQQ,https://m.media-amazon.com/images/I/717LXa8higL._AC_US200_.jpg,"2026 New 4pcs Squishy Dumpling,Dumpling Squishy, Rainbow Dumplings, Cute Anxiety Relief Fidget , Soft Squeeze Decompression Dough for Adults",https://www.amazon.com/dp/B0GPXXRXQQ?th=1,1773360000000,600,美国,Novelty & Gag Toys
1776162951847,亚马逊,B0GD5FJVJN,https://m.media-amazon.com/images/I/71sszKsALHL._AC_US200_.jpg,1000X Handheld Microscope for Kids: Pocket Digital Microscope with 1080P&2.0''IPS Screen&Photo/Video - Portable Edu Science Kits for Girls Boys - STEM Toys Birthday Gifts Ages 3-6 6-12(Blue),https://www.amazon.com/dp/B0GD5FJVJN?th=1,1773360000000,200,美国,学习
1776162951847,亚马逊,B0GHNDG57P,https://m.media-amazon.com/images/I/41SmwO752KL._AC_US200_.jpg,"Squishy Ice Cube Fidget Toy, Sugar Ball Stress Cube for Kids Adults, Soft Squishies Stress Relief Sensory Toy for Autism, Classroom Prize Toy Party Favor",https://www.amazon.com/dp/B0GHNDG57P?th=1,1773360000000,300,美国,Novelty & Gag Toys
1776162951847,亚马逊,B0GKL1P1J1,https://m.media-amazon.com/images/I/71l-vb-RxOL._AC_US200_.jpg,"Montessori Toys for 1 Year Old, My First Carrot Garden Baby Toy with Color Sorting, Crinkle & Rattle, Fine Motor Skills, Educational Sensory Toys for 1 2 3 Year Old Boy Girl Gifts Birthday Easter",https://www.amazon.com/dp/B0GKL1P1J1?th=1,1773360000000,200,美国,婴幼儿
1776162951847,亚马逊,B0GKG8LMK2,https://m.media-amazon.com/images/I/91qsQ9u3HfL._AC_US200_.jpg,"24P 3D Printed Dragon Eggs, Mystery Crystal Dragon Egg for Easter Basket Stuffers, Unique Easter Toys & Decor, Fantasy Tabletop Decor for Kids & Collectors",https://www.amazon.com/dp/B0GKG8LMK2?th=1,1773360000000,1000,美国,玩具图
1776162951847,亚马逊,B0GRH1DSJC,https://m.media-amazon.com/images/I/71C4n+nezXL._AC_US200_.jpg,"2026Upgraded Version Glitter Dumpling,Dumpling Squishy, Rainbow Dumplings, Cute Anxiety Relief Fidget , Soft Squeeze Decompression Dough for Adults (Glitter White)",https://www.amazon.com/dp/B0GRH1DSJC?th=1,1773360000000,200,美国,Novelty & Gag Toys
1776162951847,亚马逊,B0GS4SGCWJ,https://m.media-amazon.com/images/I/51+twjFJhsL._AC_US200_.jpg,"Slow Rebound Cute Butter Squeeze Stress Balls, 2026 Upgraded Squeeze Ball Realistic Butter Stick Soft Squeeze Balls, Upgrade Stress Balls for Stress Relief Anxiety Sensory Gifts (1pcs)",https://www.amazon.com/dp/B0GS4SGCWJ?th=1,1773360000000,200,美国,Novelty & Gag Toys
1776162951847,亚马逊,B0GLG2LZT1,https://m.media-amazon.com/images/I/41KGPWu-LOL._AC_US200_.jpg,"Hopping Rabbit Plush Bunny Toy,My Realistic Bunny Toy,Vitality Bliss Bunny,Rabbit Plush Interactive Toys,Wiggle Ears Twitch Nose,Electric Rabbit Toys,Birthday Gift for Easter Toddler(Pink)",https://www.amazon.com/dp/B0GLG2LZT1?th=1,1773360000000,400,美国,填充的动物
1776162951847,亚马逊,B0GLH63CTW,https://m.media-amazon.com/images/I/51BSVreqnaL._AC_US200_.jpg,"12 Pack Prefilled Easter Eggs with Toys Inside, Pullback Diecast Cars for Kids Boys Toddler Easter Basket Stuffers Hunt, Favor for Kids Goodie Bags Stuffers Classroom Carnival Prizes, Pinatas, Gift",https://www.amazon.com/dp/B0GLH63CTW?th=1,1773360000000,600,美国,Party Supplies
1776162951847,亚马逊,B0GS8YGNQN,https://m.media-amazon.com/images/I/71sRRVshjuL._AC_US200_.jpg,"Butter Squishy, Slow Rising Squishy Butter Stick Soft Squeeze Rebound Cute Balls Stress Relief Sensory for Adults Gifts (Butter Bars)",https://www.amazon.com/dp/B0GS8YGNQN?th=1,1773360000000,200,美国,Novelty & Gag Toys
1776162951847,亚马逊,B0GK8NMY7Z,https://m.media-amazon.com/images/I/81NxIzO3bOL._AC_US200_.jpg,"Dinosaur Bubble Gun for Kids - Bubble Machine with Bubble in Bubble, 1000+ Bubbles/Min Bubble Blower Toy, Toddler Outdoor Toys Birthday Easter for 3 4 5 6 7 8 Year Old Girls",https://www.amazon.com/dp/B0GK8NMY7Z?th=1,1773360000000,200,美国,体育
1776162951847,亚马逊,B0GQXQVN34,https://m.media-amazon.com/images/I/71M9Bli55VL._AC_US200_.jpg,"K Pop Demon Birthday Party Supplies , 9Pcs Honeycomb Centerpieces for Toy K Pop Demon Decorations, Double Sided Table Decorations Centerpieces Party.",https://www.amazon.com/dp/B0GQXQVN34?th=1,1773360000000,900,美国,派对用品
1776162951847,亚马逊,B0GGRHLXXH,https://m.media-amazon.com/images/I/81ynAZ8vM7L._AC_US200_.jpg,"Gytera 60 PCS Easter Squishy Fidget Toys, 24pcs Eggs Shells & Bunny, Hamster, Ice Cubes, Squishies Stress Balls for Stress Relief, Easter Basket Stuffers Easter Gifts",https://www.amazon.com/dp/B0GGRHLXXH?th=1,1773360000000,200,美国,Novelty & Gag Toys
1776162951847,亚马逊,B0GQK99KMQ,https://m.media-amazon.com/images/I/313VQo-109L._AC_US200_.jpg,"Yellow Cheese Squishy Slow Rising, Squishy Squeeze Cheese Block, Soft Novelty Toy, Stress Balls for Adults Rebounding Sensory Squishys Cheese (3.93in)",https://www.amazon.com/dp/B0GQK99KMQ?th=1,1773360000000,700,美国,Novelty & Gag Toys
1776162951847,亚马逊,B0GL1H7R5B,https://m.media-amazon.com/images/I/61dDoJS+JWL._AC_US200_.jpg,"Desk Goose 7 inches Cute Office Decor Statue, Magnetic Goose Key Holder with Positive Vibes– Funny Desk Decor for Home Office, Birthday Gifts for Women Mom Men Friends",https://www.amazon.com/dp/B0GL1H7R5B?th=1,1773360000000,300,美国,新颖性
1776162951847,亚马逊,B0GS6M1R8F,https://m.media-amazon.com/images/I/41MJ9GoHFGL._AC_US200_.jpg,"Squishy Stress Cube for Adults,Squishy Slow Rising Fidget Cube Sensory for Anxiety Stress Relief High Density Ice Squeeze Ball Cubes Purple (Orange)",https://www.amazon.com/dp/B0GS6M1R8F?th=1,1773360000000,500,美国,Novelty & Gag Toys
1776162952781,亚马逊,B0GHMRZ7WN,https://m.media-amazon.com/images/I/515cu1h-eIL._AC_US200_.jpg,"JOYEASE Ostern Basteln Kinder, 24 Stück DIY Holzanhänger Bastelset Ostern, Osterbasteln mit Kindern, Ostergeschenke Kinder, Holz Ostereier zum Bemalen, Osterdeko Basteln",https://www.amazon.de/dp/B0GHMRZ7WN?th=1,1770768000000,200,德国,工艺
1776162952781,亚马逊,B0FXFKHL5Q,https://m.media-amazon.com/images/I/510EYCEUwDL._AC_US200_.jpg,"Indoor Suchspiel Kinder – Spiele für Zuhause Drinnen | 100 Aufgaben Suchspiel, 50 Doppelseitige Heim-Entdeckerkarten 2 Altersstufen, 16 Abzeichen",https://www.amazon.de/dp/B0FXFKHL5Q?th=1,1770768000000,100,德国,实验
1776162952781,亚马逊,B0G4CSHQ3V,https://m.media-amazon.com/images/I/51PP4yLz2gL._AC_US200_.jpg,"Magnetisches Schachspiel,Tragbares Magnetisches Schachspiel,Tragbares Schach Magnetisch Magnetisches Spiel für Erwachsene Partyzubehör für Familientreffen (24D)",https://www.amazon.de/dp/B0G4CSHQ3V?th=1,1770768000000,100,德国,游戏
1776162952781,亚马逊,B0GLV9CVC4,https://m.media-amazon.com/images/I/612L9yM-niL._AC_US200_.jpg,"tonies Hörfigur für Toniebox, Küken Pitti – Oster- und Frühlingsgeschichten, Hörspiel mit Liedern für Kinder ab 3 Jahren, Spielzeit ca. 50 Minuten",https://www.amazon.de/dp/B0GLV9CVC4?th=1,1770768000000,600,德国,电子玩具
1776162952781,亚马逊,B0GLT9JTC9,https://m.media-amazon.com/images/I/51wTr8cLnQL._AC_US200_.jpg,"tonies Hörfigur für Toniebox, Die Giraffenaffen Partyhits, Die besten Hits zum Mitsingen und Tanzen für Kinder ab 6 Jahren, Spielzeit ca. 60 Minuten",https://www.amazon.de/dp/B0GLT9JTC9?th=1,1770768000000,900,德国,婴幼儿
1776162952781,亚马逊,B0FRNM4WTC,https://m.media-amazon.com/images/I/71ctTD10cEL._AC_US200_.jpg,"Simba Baff Paints Bademalstifte – 10 Farben zum Malen in der Badewanne, herausdrehbare Minen, abwaschbar, wasserlöslich, fördert Kreativität und Motorik, je 10g, ab 3 Jahre",https://www.amazon.de/dp/B0FRNM4WTC?th=1,1770768000000,100,德国,婴幼儿
1776162952781,亚马逊,B0GLVGNVTY,https://m.media-amazon.com/images/I/712PCExnCOL._AC_US200_.jpg,"tonies Hörfigur für Toniebox, Der Grüffelo & Das Grüffelokind (Neuauflage 2026), 2 Hörspiel-Klassiker für Kinder ab 3 Jahren, Spielzeit ca. 52 Minuten",https://www.amazon.de/dp/B0GLVGNVTY?th=1,1770768000000,2000,德国,婴幼儿
1776162952781,亚马逊,B0GK9XK2N4,https://m.media-amazon.com/images/I/61CBFfYi8fL._AC_US200_.jpg,Flip 7: with a Vengeance Kartenspiel | Standalone Press-Your-Luck-Spiel | Take-That-Aktionskarten | Schnelles Familien- und Partyspiel ab 8 Jahren,https://www.amazon.de/dp/B0GK9XK2N4?th=1,1770768000000,500,德国,游戏
1776162952781,亚马逊,B0GCTXH88T,https://m.media-amazon.com/images/I/81sf+yJMemL._AC_US200_.jpg,VULAVA 12x Popstars EINLADUNGSKARTEN Kindergeburtstag Mdchen Junge + 12x Umschlge - die K-Pop Party Karten sind die EINLADUNG fr Teenager Jungen Kinder Geburtstag Monster Jger Karaoke Glitzer Anime,https://www.amazon.de/dp/B0GCTXH88T?th=1,1770768000000,100,德国,派对
1776162952781,亚马逊,B0GKG11ZQ1,https://m.media-amazon.com/images/I/51GkEns+RzL._AC_US200_.jpg,Hoarosall Montessori Busy Board Activity Board Holz Spielzeug ab 1 Jahr mit 12 Schaltern & 24 LED-Leuchten Sensory Learning Spielzeug mit Musikwerk & Farbmischfunktion für Jungen Mädchen 1-3 Jahre,https://www.amazon.de/dp/B0GKG11ZQ1?th=1,1770768000000,100,德国,婴幼儿
1776162952781,亚马逊,B0GFP3Y5ZZ,https://m.media-amazon.com/images/I/51wt+XfSt5L._AC_US200_.jpg,"300pcs Sticker Ostern, Ostereier Sticker, Oster Moosgummi Bastelset Aufkleber Oster Glitter Selbstklebend Schaumstoff Aufkleber, Ostern Basteln für Kunsthandwerk Sammelalben DIY Karten Osterdeko",https://www.amazon.de/dp/B0GFP3Y5ZZ?th=1,1770768000000,100,德国,工艺
1776162952781,亚马逊,B08HH6KL6S,https://m.media-amazon.com/images/I/713HcyNVNDL._AC_US200_.jpg,Funko POP! Television: Netflix - One Piece - Chopper - Flocked - Sammelbare Vinylfigur - Geschenkidee - Offizielles Merchandise - Spielzeug für Kinder & Erwachsene - Modellfigur für Sammler,https://www.amazon.de/dp/B08HH6KL6S?th=1,1770768000000,400,德国,爱好
1776162952781,亚马逊,B0G658CCZ4,https://m.media-amazon.com/images/I/51AOXOWPAdL._AC_US200_.jpg,"Stadt Land Fussball Spiele, Kleine Fussball Geschenke Junge ab 9 10 11 12 13 14 Jahre, Ostergeschenke, Ostern Kommunion Konfirmation Jugendweihe Firmung Geschenke, Fanartikel Geschenkideen Kartenspiel",https://www.amazon.de/dp/B0G658CCZ4?th=1,1770768000000,100,德国,游戏
1776162952781,亚马逊,B0GHRVQB8W,https://m.media-amazon.com/images/I/5181MAQhmEL._SS200_.jpg,120 Glitzer Tattoos hautfreundlich I Zauberhaftes Geschenk für Mädchen und Jungen I Dermatologisch SEHR GUT I Glitzer Tattoo Made in Germany I Kindertattoos Glitzer I Geschenk 5 jährige Mädchen,https://www.amazon.de/dp/B0GHRVQB8W?th=1,1770768000000,200,德国,儿童角色扮演游戏
1776162952781,亚马逊,B0GM1FBZTQ,https://m.media-amazon.com/images/I/71jXD2fT0dL._AC_US200_.jpg,"Topps UCC Match Attax Extra 2026 - Mega Tin - Blitzballers - enthält 48 Karten, darunter 3 Blitzballers-LE-Karten.",https://www.amazon.de/dp/B0GM1FBZTQ?th=1,1770768000000,300,德国,游戏
1776162952781,亚马逊,B0GHZ51921,https://m.media-amazon.com/images/I/71fPdKgAoBL._AC_US200_.jpg,"Montessori Spielzeug Kinder 1 Jahre, Baby Holzspielzeug Motorikspielzeug Hammerspiel Steckspiel Kleinkind Spiele Kinderspielzeug Ostern Geburtstags Geschenk Junge Mädchen Lernspielzeug Motorikwürfel",https://www.amazon.de/dp/B0GHZ51921?th=1,1770681600000,100,德国,婴幼儿
1776162952781,亚马逊,B0GMJQPMSQ,https://m.media-amazon.com/images/I/41yZk-cezaL._AC_US200_.jpg,"Big Potato - OK Play - 2026 Edition. Das Perfekte Reisespiel für Familie und Freunde | Für 2-4 Spieler, leichtes Strategiespiel für alle Gelegenheit.",https://www.amazon.de/dp/B0GMJQPMSQ?th=1,1770681600000,300,德国,游戏
1776162952781,亚马逊,B0GDG54FGP,https://m.media-amazon.com/images/I/51GbB3w8waL._AC_US200_.jpg,"Rosedreamer Holzanhänger Ostern Zum Bemalen, 203 Stück Ostern Basteln Kinder, Oster Basteln Holz, DIY Osteranhänger Bemalen, Bastelset Oster Kinder, mit Stiften, Deko Schnur, Selbstklebende Augen",https://www.amazon.de/dp/B0GDG54FGP?th=1,1770681600000,100,德国,工艺
1776162952781,亚马逊,B0G7F4FJNW,https://m.media-amazon.com/images/I/51iNV4sbDlL._AC_US200_.jpg,"24 Stück Ostern Basteln Kinder, Ostern Basteln, Basteln Frühling, Fensterbilder osterdeko, Frühlingsdeko Fenster für Ostern, Fenster Dekoration Mit Buntglas-Effekt, Osteraufkleber, Ostergeschenke",https://www.amazon.de/dp/B0G7F4FJNW?th=1,1770681600000,100,德国,工艺
1776162952781,亚马逊,B0FLY11V2T,https://m.media-amazon.com/images/I/71nyN2V5mBL._AC_US200_.jpg,"iCrayon Soja- und Bienenwachs-Wachsmalstifte für Kleinkinder – 12 Farben, natürliche ungiftige Wachsmalstifte, extra dick & griffig für kleine Hände, bruchfest",https://www.amazon.de/dp/B0FLY11V2T?th=1,1770681600000,100,德国,工艺
1776162952781,亚马逊,B0GHRKGXJF,https://m.media-amazon.com/images/I/71qBrfVbFDL._AC_US200_.jpg,"9 Pocket Sammelkarten Album, 900 Karten Kapazität mit 50 Doppelseitigen Hüllen, PU Leder Karten Sammelalbum, Sammelalbum Reißverschluss für Sammler",https://www.amazon.de/dp/B0GHRKGXJF?th=1,1770595200000,100,德国,收藏玩具
1776162952781,亚马逊,B0GLFD8S2H,https://m.media-amazon.com/images/I/71EO-AZCpCL._AC_US200_.jpg,"Niumowang Launcher Handschuh, Handgelenk Spielzeug Set, Karneval Maske, Hero Handschuhe, Cosplay Masken für Kinder Erwachsene, Mask für Kinder, Cosplay Glove Launcher, Kinder Geschenk",https://www.amazon.de/dp/B0GLFD8S2H?th=1,1770595200000,100,德国,儿童角色扮演游戏
1776162952781,亚马逊,B0GLGGS9Y8,https://m.media-amazon.com/images/I/51HkRQOfe8L._AC_US200_.jpg,"Sammelkarten Album, Karten Sammelalbum, 50 Seiten 400 Sammelalbum Karten Kapazität, Tragbarer Wasserdichter Sammelalbum, Mit Reißverschluss Sammelkartenalben, Karten Album Geschenk für Kinder",https://www.amazon.de/dp/B0GLGGS9Y8?th=1,1770595200000,400,德国,收藏玩具
1776162952781,亚马逊,B0G652L7JL,https://m.media-amazon.com/images/I/71SPj7cZd+L._AC_US200_.jpg,"Stadt Land Girl, Geschenk für Coole Teenager Mädchen ab 10 11 12 13 14 Jahre, Spiel zum Mädelsabend, A6 Junior Kartenspiel Geschenkideen, Ostergeschenke Kommunion Konfirmation Geburtstag Geschenke",https://www.amazon.de/dp/B0G652L7JL?th=1,1770595200000,100,德国,游戏
1776162952781,亚马逊,B0GHRM7FG8,https://m.media-amazon.com/images/I/71hCz+YwRyL._AC_US200_.jpg,"Badewannenspielzeug, Badespielzeug baby ab 1 Jahr Spielzeug ab 1 2 Jahre, Badespielzeug ab 1 2 3 Jahre Wasserspielzeug Kinderspielzeug Geschenk 1 2 Jahre Jungen Mädchen,3 Saugnäpfe Stapelbecher Löffel",https://www.amazon.de/dp/B0GHRM7FG8?th=1,1770595200000,100,德国,婴幼儿
1776162952781,亚马逊,B0GLZTFF9P,https://m.media-amazon.com/images/I/61aCESjStML._AC_US200_.jpg,"tonies® Bluetooth-Kopfhörer für Kinder – Kabellose Over-Ear Kopfhörer für Toniebox 2, Lautstärkebegrenzt, bis zu 40h Akkulaufzeit, Meeresgrün",https://www.amazon.de/dp/B0GLZTFF9P?th=1,1770595200000,100,德国,电子玩具
1776162952781,亚马逊,B0GGDW55WL,https://m.media-amazon.com/images/I/71hWdvv+ZiL._AC_US200_.jpg,"4 Blätter Temporäre Tattoos, Langanhaltend 2 Wochen Wasserfest Schwarz Tattoo Mandala Fake Klebetattoos zum Aufkleben Gesicht Hals Arm für Mädchen Frauen Mann",https://www.amazon.de/dp/B0GGDW55WL?th=1,1770508800000,100,德国,儿童角色扮演游戏
1776162952781,亚马逊,B0GHFZVMF8,https://m.media-amazon.com/images/I/71dC6Du5qjL._AC_US200_.jpg,VICDUEKG 14 Stück Miniatur Figuren Verschieden Posen Bemalte Modell Figuren für Modellbau Maßstab 1:25 Stehende und Sitzende Menschenfiguren Miniaturleute Architekturmodell Kleine Modell Menschen,https://www.amazon.de/dp/B0GHFZVMF8?th=1,1770508800000,100,德国,爱好
1776162952781,亚马逊,B0G5QG3KMG,https://m.media-amazon.com/images/I/7154VIPJqRL._AC_US200_.jpg,FIFA WM 2026 Adrenalyn XL Multiset,https://www.amazon.de/dp/B0G5QG3KMG?th=1,1770508800000,800,德国,游戏
1776162952781,亚马逊,B0GCHH54WL,https://m.media-amazon.com/images/I/71uzJGLowvL._AC_US200_.jpg,"YESHIN Mini RC Gabelstapler Spielzeug aus Metall, Fernsteuerbarer Gabelstapler mit App-Programmierung, Tempomat & Geschwindigkeitsregelung, Hebbare Gabel, Sound & LED-Licht, USB-aufladbar",https://www.amazon.de/dp/B0GCHH54WL?th=1,1770508800000,100,德国,遥控模型
1776162952781,亚马逊,B0G39414SX,https://m.media-amazon.com/images/I/61TVIeI5O8L._AC_US200_.jpg,Piucrty Mitgebsel Kindergeburtstag Gastgeschenke Leuchtspielzeug Kinder Propeller 12 Stück Give Aways 5-10 Jahre Leuchtendes Fliegendes Spielzeug Mitbringsel Geburtstag Party Beschäftigung Geschenke,https://www.amazon.de/dp/B0G39414SX?th=1,1770508800000,100,德国,派对
1776162952781,亚马逊,B0GJ5QVFDP,https://m.media-amazon.com/images/I/81TRX7kQ0jL._AC_US200_.jpg,"Kop Demo Hunte Geburtstags Deko – 156 PCS Kindergeburtstag Mitbringsel Set mit Geschenktüten, Schnapparmbändern, Notizbüchern, Stickern & Schlüsselanhängern（B",https://www.amazon.de/dp/B0GJ5QVFDP?th=1,1770422400000,100,德国,派对
1776162952781,亚马逊,B0G2Y68PN3,https://m.media-amazon.com/images/I/71tzkJuz5oL._AC_US200_.jpg,"Monopoly Deal Kartenspiel in Einer Aufbewahrungsdose zum Sammeln | ab 8 Jahren | 2 - 5 Spieler | Unterhaltsames Familienspiel für Kinder, Teenager und Erwachsene | Reisespiel - Deutsche Version",https://www.amazon.de/dp/B0G2Y68PN3?th=1,1770422400000,100,德国,游戏
1776162952781,亚马逊,B0GJM7VZFY,https://m.media-amazon.com/images/I/71ExC1dQV4L._AC_US200_.jpg,Stadt Land Fluss Ostern NEST MINI Ratespiel für die Familie zum Osterfest mit 12 Easter-Kategorien lustiges Familienspiel Quiz Partyspiel Osterfeiertage Geschenk-Idee DIN A6-Block | 50 Blatt,https://www.amazon.de/dp/B0GJM7VZFY?th=1,1770422400000,300,德国,游戏
1776162952781,亚马逊,B0GG4R2QNK,https://m.media-amazon.com/images/I/71elXP09FEL._AC_US200_.jpg,"Drohne mit Kamera 4K, Lokalisierung des Lichtstroms in der Schwebe, 360°-Hindernisvermeidungskopf, Bürstenloser Motor, Ferngesteuerte Drohne mit 2 Akkus – Schwarz",https://www.amazon.de/dp/B0GG4R2QNK?th=1,1770422400000,100,德国,遥控模型
1776162952781,亚马逊,B0GGHMCQFG,https://m.media-amazon.com/images/I/719Z0V9EKKL._AC_US200_.jpg,12 Stück Fidget Ring Toys Anti Stress Ring Autismus Spielzeug Konzentrationshilfe für Schule Fidget Toys Adhs Beruhigend Bei Stress Angs Sensorik Spielzeug Akupressur Ring Geschenk Spinner Ring Set,https://www.amazon.de/dp/B0GGHMCQFG?th=1,1770422400000,100,德国,Party- & Scherzartikel
1776162952781,亚马逊,B0GKPLXNRQ,https://m.media-amazon.com/images/I/71fjin2j9EL._AC_US200_.jpg,"Kinder Basketballkorb, Mini Basketballkorb, Inklusive 2 Basketbälle Einfache Montage, Höhenverstellbarer Basketballkorb für Drinnen und Drauße, Geeignet für Kinder von 3 bis 8 Jahren",https://www.amazon.de/dp/B0GKPLXNRQ?th=1,1770422400000,100,德国,运动与户外
1776162952781,亚马逊,B0G2BDYMKQ,https://m.media-amazon.com/images/I/71Wve8GVo1L._AC_US200_.jpg,"2 Stück Osterkörbchen (22 * 7cm), 100g Ostergras Grün, Osterkorb zum Befüllen, Osternester zum Befüllen, Gras für Osternest, Ostern deko, Geschenkkorb Ostern, Osternest Gras für Ostereier",https://www.amazon.de/dp/B0G2BDYMKQ?th=1,1770336000000,100,德国,派对及娱乐商品
1776162952781,亚马逊,B0GGHN67KL,https://m.media-amazon.com/images/I/81gcl6rfrGL._AC_US200_.jpg,"JOMBY 12 Stück 3D-gedruckte Dracheneier, Mini-Drachenei-Set, bewegliches Kristall Drachen, Ostereier, Ostergeschenke Kinder – Geeignet als Spielzeug ab 5/6/7/8/9 Jahre Jungen Mädchen",https://www.amazon.de/dp/B0GGHN67KL?th=1,1770336000000,300,德国,Spielzeugfiguren
1776162952781,亚马逊,B0GLFLVR4C,https://m.media-amazon.com/images/I/71ZBmA2vKbL._AC_US200_.jpg,"Fidget Toys Tastatur mit LED Licht, Tastatur Fidget Toy Clicker Schlüsselanhänger, Antistress Spielzeug für Erwachsene, Leuchtendes Keyboard Klicker Fidget Toy zum Stressabbau (2er Set)",https://www.amazon.de/dp/B0GLFLVR4C?th=1,1770336000000,100,德国,党-
1776162952781,亚马逊,B0GHD8887W,https://m.media-amazon.com/images/I/61TwszgXCJL._AC_US200_.jpg,"Elektrisch Wasserpistole für Kinder, Elektrische Wasser Pistole mit großer Reichweite, Spritzpistolen Water Gun mit LED-Licht Spielzeug für Erwachsene Jungen Mädchen (Pistole Schwarz)",https://www.amazon.de/dp/B0GHD8887W?th=1,1770336000000,100,德国,体育
1776162952781,亚马逊,B0GJSK8TSP,https://m.media-amazon.com/images/I/51V67TXqiEL._AC_US200_.jpg,"200 Stück Moosgummi Ostersticker, Glitter Schaumstoff Ostereier Aufkleber, Aufkleber Kinder Osterdeko mit Ostereier Hasen Küken, Aufkleber Ostern für Osterfeier Geburtstag Party, Heimdekoration",https://www.amazon.de/dp/B0GJSK8TSP?th=1,1770249600000,100,德国,工艺
1776162952781,亚马逊,B0GD1L1M9H,https://m.media-amazon.com/images/I/81q1ZYC7QKL._AC_US200_.jpg,"KOSMOS 685737 EXIT® Das Puzzle Die DREI ??? Toteninsel, 500 Teile Escape Game Puzzle mit exklusiver Die DREI Fragezeichen Geschichte",https://www.amazon.de/dp/B0GD1L1M9H?th=1,1770163200000,200,德国,拼图
1776162952781,亚马逊,B0FYP9L89J,https://m.media-amazon.com/images/I/51pdXMI3mlL._AC_US200_.jpg,"MOONTOY Mitgebsel Kindergeburtstag Gastgeschenke, 12 Eier mit 12 Mini Bausteinset & 4 Stickern, Bausteine Konstruktionsspielzeug, DIY Geburtstag Party Geschenke 6+ Jungen und Mädchen, inkl. Hase Schaf",https://www.amazon.de/dp/B0FYP9L89J?th=1,1770163200000,100,德国,建筑-
1776162952781,亚马逊,B0G92RJ1PM,https://m.media-amazon.com/images/I/51D7A+ac9IL._AC_US200_.jpg,"Rosedreamer Basteln Ostern Kinder, 12 Stück Fensterbilder Ostern Set, Fensterbilder Ostern, DIY Bastelset Ostern, Osterbasteln mit Kindern, Bastelvorlagen Fensterbilder für Kinder Oster Geschenk",https://www.amazon.de/dp/B0G92RJ1PM?th=1,1770163200000,100,德国,工艺
1776162952781,亚马逊,B0GD1S8JYS,https://m.media-amazon.com/images/I/51LtDNqDWPL._AC_US200_.jpg,"Kosmos 685546 EXIT® - Das Spiel Kids - Rätselspaß im Meer, Rätselspiel ab 5 Jahre für 1-4 Kinder, mehrfach spielbar, Escape Room Spiel, EXIT Game, Kinderspiel",https://www.amazon.de/dp/B0GD1S8JYS?th=1,1770163200000,300,德国,游戏
1776162952781,亚马逊,B0G5Z1WDTV,https://m.media-amazon.com/images/I/81NJZ7ew4xL._AC_US200_.jpg,"4 Stück Flugzeug Spielzeug Styropor Flugzeuge für Kinder - Spielzeug für Draußen Styroporflieger Flieger, Planes Airplane Wurfgleiter, Kindertagsgeschenke, Junge Mädchen Geburtstagsgeschenke",https://www.amazon.de/dp/B0G5Z1WDTV?th=1,1770076800000,200,德国,汽车
1776162952781,亚马逊,B0GJDL58S3,https://m.media-amazon.com/images/I/71czO0DWXoL._AC_US200_.jpg,"Sammelalbum für Karten, 900 Karten Kapazität, 50 Seiten, Sammelkarten Album, Hefte Sammelkarten, Tragbarer Wasserdichter Sammelheft Ordner, Geschenk für Kinder und Sammler (900)",https://www.amazon.de/dp/B0GJDL58S3?th=1,1770076800000,200,德国,收藏玩具
1776162952781,亚马逊,B0GH6FZ9SV,https://m.media-amazon.com/images/I/41+aOxNY8jL._AC_US200_.jpg,"24 Stück Ostereier zum Aufhängen, mellystore Bunte Plastik Eier Ostern, Eier Ostern Deko, Plastikeier zum Aufhängen & Dekorieren Kunststoffeier für Draußen und innen Osterdeko Deko",https://www.amazon.de/dp/B0GH6FZ9SV?th=1,1770076800000,100,德国,派对及娱乐商品
1776162952781,亚马逊,B0GJBB8Z99,https://m.media-amazon.com/images/I/4128qPnsHQL._SS200_.jpg,"Ostergeschenke Kinder, 10 Blätter Oster Tattoo, 80+ Leuchtende Temporäre Tattoos Kleine Ostergeschenke für Kinder, Mitgebsel Ostern Geschenke, Osterkorb Füller, Tattoo für Osterdekoration",https://www.amazon.de/dp/B0GJBB8Z99?th=1,1770076800000,200,德国,儿童角色扮演游戏
1776162952781,亚马逊,B0G42VHVQY,https://m.media-amazon.com/images/I/61P1U9gpiJL._AC_US200_.jpg,"Mikroskop für Kinder, Temodu 2.0"" Bildschirm, 1000X USB Tragbares Taschenmikroskop, Wiederaufladbares Tragbares Mikroskop, Mikroskope Anschluss an PC, Science draussen ab 3 Jahren (382-Purple)",https://www.amazon.de/dp/B0G42VHVQY?th=1,1770076800000,200,德国,实验
1776162952781,亚马逊,B0G7DL2H7T,https://m.media-amazon.com/images/I/41CPlTDVMML._AC_US200_.jpg,"Mikroskop für Kinder, Temodu 2.0"" Bildschirm, 1000X USB Tragbares Taschenmikroskop, Wiederaufladbares Tragbares Mikroskop, Mikroskope Anschluss an PC, Science draussen ab 3 Jahren (382-Blue)",https://www.amazon.de/dp/B0G7DL2H7T?th=1,1770076800000,200,德国,实验
1776162952781,亚马逊,B0GHMSYHTQ,https://m.media-amazon.com/images/I/61zFLBSY3ML._AC_US200_.jpg,"JOYEASE Ostern Basteln Kinder, 274 Stück Holzanhänger Ostereier zum Bemalen, Oster Bastelset Kinder ab 3 4 5 6 7 8 9 Jahre, Ostergeschenke Kinder, Osterdeko Basteln mit Pompons Aquarellstift Strass",https://www.amazon.de/dp/B0GHMSYHTQ?th=1,1770076800000,200,德国,工艺
1776162952781,亚马逊,B0FP1BSTPS,https://m.media-amazon.com/images/I/81R4q1fUS0L._AC_US200_.jpg,"Ostergeschenke Kinder, 28"" (71 cm) Faltbarer Dart Board mit 12 Bällen & 4 Dart Brettspielen, Ostern Geschenke Kinder 4-12 Jahre, Ostern Geschenk Jungen Mädchen 9 Jahre zum Geburtstag Weihnachten",https://www.amazon.de/dp/B0FP1BSTPS?th=1,1770076800000,300,德国,派对
1776162952781,亚马逊,B0GHYLQPQF,https://m.media-amazon.com/images/I/71llS-OPrDL._AC_US200_.jpg,"Schnitzwerkzeug Holz Schnitzset für Anfänger: Schnitzmesser Set 25-tlg. zum Schnitzen - HolzSchnitzset Carving Kit mit Anleitung, Handschuhe und Lindenholz für Erwachsene Geschenk",https://www.amazon.de/dp/B0GHYLQPQF?th=1,1770076800000,400,德国,工艺
1776162952781,亚马逊,B0GGRMS8LZ,https://m.media-amazon.com/images/I/718KNlmpPBL._AC_US200_.jpg,"HABA Stacking Challenge Animals – Das fesselnde Tier-Stapel-Duell mit 300 Levels, kompaktes Geschicklichkeitsspiel ab 6 Jahren, ideales Reisespiel & Mitbringsel für unterwegs – 2013867001",https://www.amazon.de/dp/B0GGRMS8LZ?th=1,1769990400000,100,德国,游戏
1776162952781,亚马逊,B0GJDHXBS7,https://m.media-amazon.com/images/I/81aVvXY9ZuL._AC_US200_.jpg,HABA 3 + 4 = Krabbeltier – Lustiges Mathe-Lernspiel für Kinder ab 6 Jahren – Rechnen Lernen bis 10 & Gedächtnistraining Einschulung & 1. Klasse – 2013336001,https://www.amazon.de/dp/B0GJDHXBS7?th=1,1769990400000,100,德国,游戏
1776162952781,亚马逊,B0FGY16R77,https://m.media-amazon.com/images/I/71g9Ozf7psL._AC_US200_.jpg,"MGA's Miniverse Make It Mini Spring Series – Saisonale Mini-Sammlerstücke aus Harz zum Selbermachen und Ausstellen, mit Nachgebildeten Zutaten, Nicht Essbar – für Sammler und Kinder ab 8 Jahren",https://www.amazon.de/dp/B0FGY16R77?th=1,1769990400000,300,德国,娃娃机
1776162952781,亚马逊,B0FL7KYNBP,https://m.media-amazon.com/images/I/41a+k2OcNQL._AC_US200_.jpg,Personalisiertes Hasen-Plüschtier mit gesticktem Namen auf den Ohren – individuelles Plüschtier für Kinder – weiches handgefertigtes Stofftier – individuelles Baby-Geschenk für Weihnachten,https://www.amazon.de/dp/B0FL7KYNBP?th=1,1769990400000,100,德国,Plüsch-Spielzeug
1776162952781,亚马逊,B0FPXQLVBV,https://m.media-amazon.com/images/I/81vDxE9zXJL._AC_US200_.jpg,LEGO Star Wars 75426 SMART Play: Millennium Falke Modell - Kompatibles Interaktives Spielzeug inkl. 4 SMART Tags und 4 Minifiguren - Geschenkidee für Jungen und Mädchen ab 9 Jahren und erwachsene Fans,https://www.amazon.de/dp/B0FPXQLVBV?th=1,1769990400000,400,德国,建筑-
1776162952781,亚马逊,B0GHY9CXYM,https://m.media-amazon.com/images/I/81TLLnJlCfL._AC_US200_.jpg,"HABA Terra Kids Pocket-Frisbee 2er-Set – Mini-Wurfscheiben aus weichem Silikon – Pink/Gelb – für Kinder ab 4 Jahren – Outdoor-Frisbees für Park, Strand & Camping – 2013659001",https://www.amazon.de/dp/B0GHY9CXYM?th=1,1769990400000,100,德国,派对
1776162952781,亚马逊,B0GHP459GD,https://m.media-amazon.com/images/I/71ws-CPuTaL._AC_US200_.jpg,"Depesche 13445 TOPModel - Pocket Malbuch in praktischer Größe mit 120 Seiten zum Designen von Outfits, Malheft mit Stickerbogen und Spiralbindung",https://www.amazon.de/dp/B0GHP459GD?th=1,1769990400000,100,德国,工艺
1776162952781,亚马逊,B0CRL195PW,https://m.media-amazon.com/images/I/717C0c5qejL._AC_US200_.jpg,"Skirfy Elektrische Wasserpistole, automatische Wasseraufnahme, Wasserpistole für Erwachsene und Kinder, batteriebetriebene Spritzpistole mit automatischem Wasserstrahl, Spielzeug für Pool",https://www.amazon.de/dp/B0CRL195PW?th=1,1769904000000,100,德国,体育
1776162952781,亚马逊,B0GKHBNGC5,https://m.media-amazon.com/images/I/41qyCeVzRPL._AC_US200_.jpg,"Majestic Sport Rocks, Sensorische Balanciersteine für Kinder – 5er Set – Belastbar, Fördert Gleichgewicht, Motorik & Koordination – Indoor & Outdoor",https://www.amazon.de/dp/B0GKHBNGC5?th=1,1769904000000,200,德国,体育
1776162952781,亚马逊,B0GJP2LY1D,https://m.media-amazon.com/images/I/81FH-Eid3uL._AC_US200_.jpg,Generisch 216-teiliger 3D-Bausatz,https://www.amazon.de/dp/B0GJP2LY1D?th=1,1769904000000,200,德国,爱好
1776162952781,亚马逊,B0GFH3Z1HH,https://m.media-amazon.com/images/I/71RH0T3nkWL._AC_US200_.jpg,Würfelblock A6 – 5er Set Ersatz-Punkteblöcke | Je Block 50 Seiten | Qualitätspapier | Für Würfelspiele,https://www.amazon.de/dp/B0GFH3Z1HH?th=1,1769904000000,600,德国,游戏
1776162952781,亚马逊,B0G1YYYJYF,https://m.media-amazon.com/images/I/61Ab5yJAR2L._AC_US200_.jpg,"Squishmallows SQCR09449 - Akiyo die Sakura-Jackalope 19 cm, offizielles Jazwares Plüsch, superweiches Kuscheltier",https://www.amazon.de/dp/B0G1YYYJYF?th=1,1769904000000,100,德国,娃娃机
1776162952781,亚马逊,B0FG74QXJB,https://m.media-amazon.com/images/I/81PfC1VxSkL._AC_US200_.jpg,"PLEGBLE Drohne mit Kamera 4K für Kinder, Mini Drohne Erwachsene, Bürstenlosem Motor FPV RC Drone mit 5G WiFi, Höhenhaltung, 3D Flip, Kopflos Modus, Flugbahn, Spielzeug Geschenke für Jungen ab 8 Jahre",https://www.amazon.de/dp/B0FG74QXJB?th=1,1769817600000,300,德国,遥控模型
1776162952781,亚马逊,B0GH7TWK7L,https://m.media-amazon.com/images/I/61WCB86iEVL._AC_US200_.jpg,"moses. Glitzernde Klebe-Ohrringe – 30 Paar funkelnde Sticker-Ohrringe mit Glitzer und holografischer Veredelung, Schmuckspaß für Kinder ab 3 Jahren",https://www.amazon.de/dp/B0GH7TWK7L?th=1,1769817600000,100,德国,儿童角色扮演游戏
1776162952781,亚马逊,B0GF8DM14F,https://m.media-amazon.com/images/I/815-BOvsyvL._AC_US200_.jpg,"Pokémon-Sammelkartenspiel: Tin-Box-Bundle Pokéball – Pokéball, Premierball & Wiederball (9 Boosterpacks des Pokémon-Sammelkartenspiels & 6 Stickerbögen)",https://www.amazon.de/dp/B0GF8DM14F?th=1,1769731200000,300,德国,爱好
1776162952781,亚马逊,B0GF8KDB7G,https://m.media-amazon.com/images/I/81xjfZeWdpL._AC_US200_.jpg,"Pokémon-Sammelkartenspiel: Tin-Box-Bundle Pokéball – Pokéball, Superball & Hyperball (9 Boosterpacks des Pokémon-Sammelkartenspiels & 6 Stickerbögen)",https://www.amazon.de/dp/B0GF8KDB7G?th=1,1769731200000,600,德国,爱好
1776162952781,亚马逊,B0GDTD5KGC,https://m.media-amazon.com/images/I/71nmsy6nl6L._AC_US200_.jpg,"24 Stück Ostereier zum Befüllen, osterei, Ostern kinder für oster geschenke, Geschenk ostern für Kinder zum Basteln zu Oster Osterdeko Zum Füllen von Süßigkeiten und Kindergeschenken an Ostereier",https://www.amazon.de/dp/B0GDTD5KGC?th=1,1769731200000,100,德国,派对及娱乐商品
1776162952781,亚马逊,B0GFWDN6Q9,https://m.media-amazon.com/images/I/81zGTh5TM1L._AC_US200_.jpg,Angeln Spielzeug 45 Stück Magnetisches Angelspiel Badespielzeug Badewannenspielzeug Wasserspielzeug Badewanne Für Kleinkinder Kindern Spielzeug Outdoor Spiele Lernspiel Kinder,https://www.amazon.de/dp/B0GFWDN6Q9?th=1,1769731200000,100,德国,婴幼儿
1776162952781,亚马逊,B0G5X391B9,https://m.media-amazon.com/images/I/41gjGL1rcPL._AC_US200_.jpg,"Lehoo Castle Holz Montessori Kinder Schlagzeugset Spielzeug ab 1- 3 Jahre mädchen , Musikinstrumente für Kinder mit Xylophon Trommel, Musikspielzeug für Babys im Vorschulalter, Lernspielzeug Geschenk",https://www.amazon.de/dp/B0G5X391B9?th=1,1769731200000,100,德国,乐器
1776162952781,亚马逊,B0FP2K9YR4,https://m.media-amazon.com/images/I/91n5vxXKynL._AC_US200_.jpg,"Magnetische Bausteine 116 Teile inkl. 2 Autos, Montessori Sensorik Spielzeug ab 3 Jahre, Magnetbausteine Lernspielzeug, Geschenk für Jungen & Mädchen",https://www.amazon.de/dp/B0FP2K9YR4?th=1,1769731200000,100,德国,建筑-
1776162952781,亚马逊,B0G39M84W9,https://m.media-amazon.com/images/I/81Lp4ik+6hL._AC_US200_.jpg,"BLOT Kinder Fingerfarben mit 12 Farben (36 ml), Ungiftige & Auswaschbare Kinderfingerfarben, Babyfreundliche Farbe für Hände und Füße, Künstlermaterial für Kinder, Ab 3+",https://www.amazon.de/dp/B0G39M84W9?th=1,1769731200000,200,德国,工艺
1776162952781,亚马逊,B0G589GDLT,https://m.media-amazon.com/images/I/71uepjQ2+NL._AC_US200_.jpg,"Kinderspielzeug Hunter Figuren, Niedliche Cartoon Puppen Film Pop Singer Spielzeug Set, Anime Merch Fans für Dekoration Schreibtischen Partys Karneval Weihnachten Geburtstagsgeschenk",https://www.amazon.de/dp/B0G589GDLT?th=1,1769644800000,100,德国,爱好
1776162952781,亚马逊,B0GHPPBNSF,https://m.media-amazon.com/images/I/81p3Xds807L._AC_US200_.jpg,"Kosmos 686390 Fourth Wing Puzzle - Dragons, offiziell Lizenziertes, hochwertiges, rundes 500 Teile Puzzle, die Drachen Tairn und Andarna über Navarre, für Fans, als Geschenk für Junge Erwachsene",https://www.amazon.de/dp/B0GHPPBNSF?th=1,1769644800000,100,德国,拼图
1776162952781,亚马逊,B0GG6LJWMX,https://m.media-amazon.com/images/I/51+YGyezOwL._AC_US200_.jpg,"25 pcs K-pop Tortendeko Mädchen Set,Hunters Demon Tortendekoration Cake Topper,Kuchen Deko Kindergeburtstag,zum Dekorieren von Cupcakes Kindergeburtstag Cake Topper Set,Happy Birthday Tortenaufsatz",https://www.amazon.de/dp/B0GG6LJWMX?th=1,1769644800000,100,德国,Party & Dekoration
1776162952781,亚马逊,B0GJSMV6YW,https://m.media-amazon.com/images/I/71QYUSat86L._AC_US200_.jpg,"LearnToy Montessori 7-in-1 Aktivitätsset für Kleinkinder 18–36 Monate – Spielzeug mit Stapelblöcken, Beißring & Sensorik-Spiel, Geschenkidee",https://www.amazon.de/dp/B0GJSMV6YW?th=1,1769644800000,100,德国,婴幼儿
1776162952781,亚马逊,B0GF85M17Q,https://m.media-amazon.com/images/I/41+tMrEe+4L._AC_US200_.jpg,"200 Stück Darts Pfeile für Nerf, 7,2 cm Refill Darts Nachfüll Bullets Schaumstoff Darts s für Nerf N-Strike Elite Series Blasters Spielzeugpistole, Blau",https://www.amazon.de/dp/B0GF85M17Q?th=1,1769644800000,100,德国,Sport & Outdoor
1776162952781,亚马逊,B0GK2B82C3,https://m.media-amazon.com/images/I/51uGfMiccqL._AC_US200_.jpg,"Premium Wiederverwendbare Osterdeko - Osterhase Deko - Osterdeko zum Aufhängen, Frühlingsdeko Innen - Ostergirlande mit 12 doppelseitigen Papier hasen mit Pompon Schwänzchen",https://www.amazon.de/dp/B0GK2B82C3?th=1,1769644800000,100,德国,派对
1776162952781,亚马逊,B0GK5X3317,https://m.media-amazon.com/images/I/81NrAiG6BUL._AC_US200_.jpg,"Kinderspielzeug ab 2 3 4 5 6 Jahre, Auto Transporter Geschenk Junge 2-6 Jahre, LKW Spielzeug 158 cm Truck Spielzeugauto mit 8 Rennautos Ostergeschenke für Kinder",https://www.amazon.de/dp/B0GK5X3317?th=1,1769558400000,400,德国,汽车
1776162952781,亚马逊,B0GH12YBBH,https://m.media-amazon.com/images/I/61Uk5-AxJVL._AC_US200_.jpg,"Busy Board Montessori Spielzeug für Babys ab 2 Jahr, Motorikspielzeug mit 19 LED, Holzspielzeug Sensorik, Lernspielzeug für Kleinkinder, Geschenk Jungen und Mädch ab 2 3 4 Jahr",https://www.amazon.de/dp/B0GH12YBBH?th=1,1769558400000,300,德国,实验
1776162952781,亚马逊,B0GHKC8537,https://m.media-amazon.com/images/I/818NwvsHCYL._AC_US200_.jpg,"10 Stück Feuerfarben Pulver, Magisches Feuerfarben, Feuerfarbenwechselpulver, Bunte Farbwechsel Feuerfarben Set für Camping, Partys Flammenzauber in Feuerschale, Lagerfeuer, Kamin, 15g x 10",https://www.amazon.de/dp/B0GHKC8537?th=1,1769558400000,100,德国,派对
1776162952781,亚马逊,B0FZRMMPTB,https://m.media-amazon.com/images/I/51W7vlH3ShL._AC_US200_.jpg,"Ostereier zum Bemalen Ostern Basteln Kinder, Plastikeier zum Bemalen, DIY Färben Ostereier zum Aufhängen, Malset Kinder mit 25PCS Weiße Eier Plastik Lanyards Farbige Stifte Sticker, Ostergeschenke",https://www.amazon.de/dp/B0FZRMMPTB?th=1,1769558400000,100,德国,工艺
1776162952781,亚马逊,B0FZRMNHKR,https://m.media-amazon.com/images/I/51YB6vXEzVL._AC_US200_.jpg,"Ostereier zum Bemalen Ostern Basteln Kinder, Plastikeier zum Bemalen, DIY Färben Ostereier zum Aufhängen, Malset Kinder mit 25PCS Weiße Eier Plastik Lanyards Farbige Stifte Sticker, Ostergeschenke",https://www.amazon.de/dp/B0FZRMNHKR?th=1,1769558400000,100,德国,派对及娱乐商品
1776162952781,亚马逊,B0G81828NR,https://m.media-amazon.com/images/I/81RLpnMZi2L._AC_US200_.jpg,"YPLUS Wassermalbuch für Kinder ab 3-6 Jahre - Malbuch mit Wasserfarben, 8 Farben & Magisches Malen - Malbuch ab 3 mit Wasserpen, Basteln ab 4 Jahre, Themen - Tiere",https://www.amazon.de/dp/B0G81828NR?th=1,1769558400000,100,德国,工艺
1776162952781,亚马逊,B0GC6NM7QW,https://m.media-amazon.com/images/I/81xv2FKTGrL._AC_US200_.jpg,iLAND Basteln Mit Kindern Modelliermasse Lufttrocknend Bastelset Mädchen 7 Jahre Clay Bäckerei DIY Set Basteln Geschenke Für 12 Jährige Mädchen Lustige Geburtstagsgeschenke Spielzeug Kreativ,https://www.amazon.de/dp/B0GC6NM7QW?th=1,1769558400000,200,德国,工艺
1776162952781,亚马逊,B08HHB5Y4M,https://m.media-amazon.com/images/I/31-nnuJ+DFL._AC_US200_.jpg,Funko POP! Keychain: Netflix - KPOP Demon Hunters - Rumi - Schlüsselanhänger Origineller Schlüsselring - Sammelbare Minifigur - Kleinigkeit für den Nikolausstiefel - Geschenkidee,https://www.amazon.de/dp/B08HHB5Y4M?th=1,1769558400000,100,德国,爱好
1776162952781,亚马逊,B0G8YSMXK6,https://m.media-amazon.com/images/I/71fHDynMrRL._AC_US200_.jpg,Magic: The Gathering Geheimnisse von Strixhaven Commander-Deck – Silberkiel-Charisma (Deutsche Version),https://www.amazon.de/dp/B0G8YSMXK6?th=1,1769558400000,200,德国,游戏
1776162952781,亚马逊,B0GGHVJP6W,https://m.media-amazon.com/images/I/917yCaHZ0wL._AC_US200_.jpg,Wimpelkette Outdoor Pastell 5 Stück: LUMYCE 20 M 60 Flaggen Wimpelkette Outdoor Wetterfest - Girlande Geburtstag für Einschulung Party Regenbogen Deko Festival Zubehör Indoor Outdoor Dekoration,https://www.amazon.de/dp/B0GGHVJP6W?th=1,1769558400000,100,德国,派对
1776162952781,亚马逊,B0GJK57WP6,https://m.media-amazon.com/images/I/41EKYaIrEgL._AC_US200_.jpg,"Bruder 02741 - Man TGA Absetzcontainer LKW - 1:16 Fahrzeuge, Lastwagen, Laster, Baufahrzeug, Baustelle, Spielzeug ab 3 Jahre",https://www.amazon.de/dp/B0GJK57WP6?th=1,1769472000000,100,德国,汽车
1776162952781,亚马逊,B0GJZLDY41,https://m.media-amazon.com/images/I/81x0+Brcc-L._AC_US200_.jpg,"Montessori Quiet Book ab 1 Jahr - interaktives Busy Board ab 1 Jahr mit Fahrzeugen - Quiet Book & Motorikspielzeug, ideale Beschäftigung für Autofahrten - Geschenk Junge & Mädchen (Rot)",https://www.amazon.de/dp/B0GJZLDY41?th=1,1769472000000,300,德国,实验
1776162952781,亚马逊,B0FPXS67NL,https://m.media-amazon.com/images/I/814+-kigpfL._AC_US200_.jpg,LEGO Star Wars 75425 SMART Play: Mos Eisley Cantina - Kompatibles Interaktives Spielzeug inkl. 3 SMART Tags und 2 Minifiguren - Geschenkidee für Jungen und Mädchen ab 8 Jahren & Erwachsene Fans,https://www.amazon.de/dp/B0FPXS67NL?th=1,1769472000000,200,德国,建筑-
1776162952781,亚马逊,B0FPYB5C2J,https://m.media-amazon.com/images/I/81yulaSuxhL._AC_US200_.jpg,LEGO Star Wars 75424 SMART Play: AT-ST Angriff auf Endor - Kompatibles Interaktives Spielzeug inkl. 2 SMART Tags und Wicket Minifigur - Geschenk für Jungen und Mädchen ab 8 Jahren und Erwachsene Fans,https://www.amazon.de/dp/B0FPYB5C2J?th=1,1769472000000,300,德国,建筑-
1776162952781,亚马逊,B0GHPSKT19,https://m.media-amazon.com/images/I/31HWxfU5kGL._AC_US200_.jpg,"EUROtops 2 Magische Osterküken – Interaktive Plüschküken, Piepen bei Berührung, Perfekte Tisch-Deko, Kuschelig und Überraschend für Osterbrunch und Mitbringsel",https://www.amazon.de/dp/B0GHPSKT19?th=1,1769472000000,200,德国,毛绒玩具
1776162952781,亚马逊,B0GCYZ7P68,https://m.media-amazon.com/images/I/712DTDxmbwL._AC_US200_.jpg,"Stadt Land Junior Edition Spiel - Ostergeschenke für Mädchen Junge Teenager, Activity Junior Kartenspiel Partyspiel, Lustige Denkriesen Spiele 2026, Familienspiele Funny Games für Feiertag Geschenke",https://www.amazon.de/dp/B0GCYZ7P68?th=1,1769385600000,100,德国,游戏
1776162952781,亚马逊,B0GJC932N7,https://m.media-amazon.com/images/I/81XGQREJ7JL._AC_US200_.jpg,"Sammelkarten Album, Tragbarer Karten Sammelalbum, 4 Taschen 50 Seiten 400 Karten Kapazität, Geeignet für alle Standard-Typkarten, Geschenk für Jungen und Mädchen.f4",https://www.amazon.de/dp/B0GJC932N7?th=1,1769385600000,100,德国,收藏玩具
1776162952781,亚马逊,B0G3THRX76,https://m.media-amazon.com/images/I/71U-gE5aoPL._AC_US200_.jpg,"Seifenblasenmaschine mit LED-Licht, Großblasen-Design, 320 ml großer Tank, Tragbare Automatische Seifenblasen Spielzeug für Kinder, Hochzeiten, Geburtstag Party, Indoor & Outdoor Aktivitäten(Black)",https://www.amazon.de/dp/B0G3THRX76?th=1,1769385600000,200,德国,体育
1776162953883,亚马逊,B0GS6WBJ3K,https://m.media-amazon.com/images/I/61UA9WrINLL._AC_US200_.jpg,"Squishy Stress Cube for Adults,Squishy Slow Rising Fidget Cube Sensory for Anxiety Stress Relief High Density Ice Squeeze Ball Cubes Purple (Purple)",https://www.amazon.com/dp/B0GS6WBJ3K?th=1,1773360000000,3000,美国,Novelty & Gag Toys
1776162953883,亚马逊,B0G72RHDKX,https://m.media-amazon.com/images/I/51BrajGmtLL._AC_US200_.jpg,"200 Pack 3 Inch Large Easter Eggs Bulk Include 6 Surprise Golden Eggs, Bright Colors Fillable Empty Plastic Easter Egg for Easter Hunt, Easter Basket Fillers, Easter Party Favors",https://www.amazon.com/dp/B0G72RHDKX?th=1,1773273600000,200,美国,Party Supplies
1776162953883,亚马逊,B0GLFF531K,https://m.media-amazon.com/images/I/71NqYAXosOL._AC_US200_.jpg,"2026 Water Table Pump with Huge Water Output, Upgraded Octopus Water Pump for Water Table, 3H Non-Stop Fun for Step 2, Rechargeable Water Table Accessories for Kids Toddlers Summer Outdoor Water Toys",https://www.amazon.com/dp/B0GLFF531K?th=1,1773273600000,200,美国,运动与户外游戏
1776162953883,亚马逊,B0GG2K8K92,https://m.media-amazon.com/images/I/5175xa3yFqL._AC_US200_.jpg,"Lehoo Castle Unicorn Sensory Table with Sand, Indoor Outdoor Sand Table with Lid for Toddlers Kids, Upgraded Adjustable Legs, Red & Blue Play Sand Art Kit, Preschool Learning Activities Gifts",https://www.amazon.com/dp/B0GG2K8K92?th=1,1773273600000,200,美国,艺术
1776162953883,亚马逊,B0GJCYCD79,https://m.media-amazon.com/images/I/716ahzb6MAL._AC_US200_.jpg,"REGUICORP 80PCS Glass Marbles, 14mm & 16mm Sizes Marbles Bulk, Solid Round Marbles for Board Games, DIY Decorations and Home Furnishings, Party Decorations (5 Color Mix)",https://www.amazon.com/dp/B0GJCYCD79?th=1,1773273600000,400,美国,体育
1776162953883,亚马逊,B0GKNCKGGF,https://m.media-amazon.com/images/I/71uqQ2GR3QL._AC_US200_.jpg,"Magnetic Chess Game, Magnet Game with String, 20 Full-Size Stones, Adjustable String, Portable Storage Bag, for Kids and Adults, Easy and Fun, 2-4 Players, Ages 6+",https://www.amazon.com/dp/B0GKNCKGGF?th=1,1773273600000,200,美国,新颖性
1776162953883,亚马逊,B0GFN8PY6P,https://m.media-amazon.com/images/I/81flnwpJidL._AC_US200_.jpg,"Water Sand Table for Toddler Kids - 4-Tier Multifunctional Summer Toys,Outdoor Backyard Beach Playset with Stable Design,Sensory Learning Activity Game Gift for Boys Girls(Breeze)",https://www.amazon.com/dp/B0GFN8PY6P?th=1,1773273600000,200,美国,运动与户外游戏
1776162953883,亚马逊,B0GJLGSKZL,https://m.media-amazon.com/images/I/81q4rAgY37L._AC_US200_.jpg,"8 Pack Prefilled Easter Eggs with Princess Dolls, Princess Eggs Fillers Easter Basket Stuffers for Toddler Kids Girls, Party Favors Surprise Essentials Gifts",https://www.amazon.com/dp/B0GJLGSKZL?th=1,1773273600000,800,美国,Party Supplies
1776162953883,亚马逊,B0GCZNZZGW,https://m.media-amazon.com/images/I/71eQ10tnH+L._AC_US200_.jpg,"Bow Cake Toppers 18 PCS Pink Ribbon Bows for Cake with 1 PCS Happy Birthday Cakes Topper Coquette Themed Bow Birthday Decorations for Wedding, Bridal Shower, Baby Shower, Bachelorette",https://www.amazon.com/dp/B0GCZNZZGW?th=1,1773273600000,300,美国,派对用品
1776162953883,亚马逊,B0GK8J1D4P,https://m.media-amazon.com/images/I/714A7fwnQeL._AC_US200_.jpg,"24 Pack Mini Puzzle Cubes Party Favors for Kids, 3x3 Mini Magic Cube Puzzle Prize Set for Kids School Rewards, 1.18inch Bulk Small Toys for Party, Birthday, Christmas Stocking",https://www.amazon.com/dp/B0GK8J1D4P?th=1,1773273600000,200,美国,拼图
1776162953883,亚马逊,B0GMKR6JD4,https://m.media-amazon.com/images/I/71ikvJAHEeL._AC_US200_.jpg,"Fathers Day Dad Gift for Dad Husband, Anniversary Birthday Bridal Shower Wedding Couples Gifts for Men Women Him Her Husband Wife, Date Night Food Dice Games, Stocking Stuffers for Men Women Adults",https://www.amazon.com/dp/B0GMKR6JD4?th=1,1773273600000,500,美国,游戏
1776162953883,亚马逊,B0GS8ZVZQH,https://m.media-amazon.com/images/I/71M8HXMeBwL._AC_US200_.jpg,"2026 FPV Drone with 1080P Dual HD Cameras Upgraded Version RC Quadcopter for Adults, Beginner WiFi RC Drone Live Video 2",https://www.amazon.com/dp/B0GS8ZVZQH?th=1,1773273600000,200,美国,遥控
1776162953883,亚马逊,B0GR4X1RRY,https://m.media-amazon.com/images/I/31q0AIibkcL._AC_US200_.jpg,"Yellow Cheese Squeeze Toy,Stress Balls for Adults ,Soft Novelty , Rebounding Sensory, Theme Cheese Cubes Squishy ,Suitable for All Ages 3.9 inches (Large)",https://www.amazon.com/dp/B0GR4X1RRY?th=1,1773273600000,300,美国,Novelty & Gag Toys
1776162953883,亚马逊,B0GGNFCTVF,https://m.media-amazon.com/images/I/51vu1CDn4PL._AC_US200_.jpg,"165PCS Prefilled Easter Eggs with Toys Inside, Easter Eggs Fillers Basket Stuffers Easter Hunt Games Party Favor Supplies Classroom Prize for Kids",https://www.amazon.com/dp/B0GGNFCTVF?th=1,1773273600000,1000,美国,Party Supplies
1776162953883,亚马逊,B0GS3ZYK12,https://m.media-amazon.com/images/I/51QLcpR5jcL._AC_US200_.jpg,"Taboom Bulk Easter Plastic Eggs 260 Count 2.3 Inch Empty Colored & Gold Fillable Egg with Strong Snap-Tight Seal For Easter Egg Hunts, Party Favors, Fillers & Basket Stuffers",https://www.amazon.com/dp/B0GS3ZYK12?th=1,1773273600000,500,美国,派对用品
1776162953883,亚马逊,B0G29M7KDY,https://m.media-amazon.com/images/I/811D+LhwJdL._AC_US200_.jpg,Treasure Cove 350Pcs Easter Foam Stickers Glitter Spring Sticker Foam Easter Egg Bunny Flower Label for Kids DIY Crafts Home Decoration Party Favors Supplies,https://www.amazon.com/dp/B0G29M7KDY?th=1,1773273600000,300,美国,艺术
1776162953883,亚马逊,B0GS8LK7Z6,https://m.media-amazon.com/images/I/61qXKleGA4L._AC_US200_.jpg,YOXIER Stress Relief Toys Squeeze Butter Toy Set Slow Rising Soft Fidget Toys for Stress Relief Anxiety Sensory Gifts for Adults Kids (2pc),https://www.amazon.com/dp/B0GS8LK7Z6?th=1,1773273600000,300,美国,Novelty & Gag Toys
1776162953883,亚马逊,B0FSPRM65K,https://m.media-amazon.com/images/I/71RU+FFzC+L._AC_US200_.jpg,"12 Pack Prefilled Easter Eggs with Squeeze Stress Relief Toys Inside, Filled Easter Eggs for Kids, Easter Basket Stuffers, Eggs Hunts, Classroom Prize Supplies",https://www.amazon.com/dp/B0FSPRM65K?th=1,1773273600000,200,美国,Party Supplies
1776162953883,亚马逊,B0GCLHNZ54,https://m.media-amazon.com/images/I/81du9FXFHYL._AC_US200_.jpg,"Cleboen City Car and Truck Surprise Egg Set for Kids, 12 Pack Blind Eggs with Alloy Car Toys Inside, Ideal Gift for Boys Birthday, Easter Egg Hunt Basket Stuffers Filler, Easter Gifts Party Favors",https://www.amazon.com/dp/B0GCLHNZ54?th=1,1773273600000,200,美国,Party Supplies
1776162953883,亚马逊,B0GR98B1J5,https://m.media-amazon.com/images/I/61R+mQI4txL._AC_US200_.jpg,"Peach Squishies Slow Rising Stress Relief Toy, Realistic Peach Shaped Fruit Squeezable Balls, Big Squeezable Peaches,Soft Flexible Fidget Toys Decompression Gift for Adults",https://www.amazon.com/dp/B0GR98B1J5?th=1,1773273600000,200,美国,Novelty & Gag Toys
1776162953883,亚马逊,B0GD5CG8J4,https://m.media-amazon.com/images/I/41zpgWg8k9L._AC_US200_.jpg,"Bunny Microwavable Weighted Stuffed Animals,Heating Pad Animal for Period Cramps&Pain,Lavender Scented Heatable&Coolable Bunny Plushies Toy for Stress Relief,Gifts for Girls Kids Women",https://www.amazon.com/dp/B0GD5CG8J4?th=1,1773273600000,200,美国,填充的动物
1776162953883,亚马逊,B0GRT6N1TF,https://m.media-amazon.com/images/I/41DWpNXSv1L._AC_US200_.jpg,"2.7 Inch Yellow Cheese Squeeze Toy,Soft Novelty Toy, Rebounding Sensory,Help for Relax,Focus, Sensory Cheese for & Adults, Food Theme Cheese Cubes Squishy Toys,Stress Balls for Adults ( Yellow-A)",https://www.amazon.com/dp/B0GRT6N1TF?th=1,1773273600000,300,美国,Novelty & Gag Toys
1776162953883,亚马逊,B0GD73T8S9,https://m.media-amazon.com/images/I/61I1n6D4b1L._AC_US200_.jpg,"126 Pcs Easter Egg Fillers for Kids Boys Girls, Easter Basket Stuffers, Easter Egg Stuffers, Easter Party Favors, Easter Gifts Toys, Goodie Bags Stuffers, Treasure Box Toys, Classroom Prizes",https://www.amazon.com/dp/B0GD73T8S9?th=1,1773273600000,500,美国,Party Supplies
1776162953883,亚马逊,B0GS5N6XD5,https://m.media-amazon.com/images/I/41hv6ArOjqL._AC_US200_.jpg,"Squishy Butter Stick, Slow Rebound Cute Butter Squeeze Stress Balls Realistic Butter Stick Soft Squishy Slow Rise Squishies Stress Relief Fidget (1PC)",https://www.amazon.com/dp/B0GS5N6XD5?th=1,1773273600000,400,美国,Novelty & Gag Toys
1776162953883,亚马逊,B0GGYVWGWB,https://m.media-amazon.com/images/I/61qPl6mWxnL._AC_US200_.jpg,"LINAYE 344 PCS Easter Eggs Fillers Stuffers for Kids, Easter Egg Hunt Toys Fillers Party Favors Gifts Goodie Treat Basket Stuffers Bulk Treasure Box Toys Classroom Prize for Kids",https://www.amazon.com/dp/B0GGYVWGWB?th=1,1773273600000,200,美国,Party Supplies
1776162953883,亚马逊,B0GRPR3FHR,https://m.media-amazon.com/images/I/317pw3zp+cL._AC_US200_.jpg,"Dumpling Squishies, Glitter Dumpling Mystery Box, Colorful Dumplings Stress Balls Fidget Sensory Toy,A Retractable Tabletop Toy with a Food Steamer (Blue)",https://www.amazon.com/dp/B0GRPR3FHR?th=1,1773273600000,200,美国,Novelty & Gag Toys
1776162953883,亚马逊,B0G6ZBRGWX,https://m.media-amazon.com/images/I/511hlu1sFLL._AC_US200_.jpg,"36 Pcs Golden Easter Eggs Plastic, 2.3"" Fillable Shiny Gold Metallic Plastic Easter Eggs Empty for Easter Hunt,Party Favor,Basket Stuffers Fillers,Classroom Prize",https://www.amazon.com/dp/B0G6ZBRGWX?th=1,1773273600000,700,美国,Party Supplies
1776162953883,亚马逊,B0GL31NT8K,https://m.media-amazon.com/images/I/51zfCzeqEbL._AC_US200_.jpg,"300 Pcs Plastic Easter Eggs Bulk, 2.2"" Easter Eggs Fillable, Bright Colors Plastic Eggs Bulks for Easter Egg Hunt, Filling Treats and Party Favor, Easter Basket Stuffers Fillers for Kids Toddlers",https://www.amazon.com/dp/B0GL31NT8K?th=1,1773273600000,300,美国,Party Supplies
1776162953883,亚马逊,B0GG6FMX89,https://m.media-amazon.com/images/I/41-pJcpPIIL._AC_US200_.jpg,"Qudoustar 18 Pack 6 Inch Jumbo Easter Eggs, Colorful Giant Plastic Fillable Eggs Bulk, for Easter Hunt Basket Stuffers Party Favors Classroom Prize Supplies Kids Boys Girls",https://www.amazon.com/dp/B0GG6FMX89?th=1,1773273600000,200,美国,Party Supplies
1776162953883,亚马逊,B0G1M7XGQD,https://m.media-amazon.com/images/I/41zYO5x71dL._AC_US200_.jpg,"Aries Cake Topper – Zodiac Birthday Decoration for Aries Season, Horoscope Party Supplies for Baby or Adult Birthday (Aries Baby black)",https://www.amazon.com/dp/B0G1M7XGQD?th=1,1773273600000,200,美国,派对用品
1776162953883,亚马逊,B0GRWHF9YT,https://m.media-amazon.com/images/I/71ihuimxkjL._AC_US200_.jpg,"Dumpling Squishy, 2PCS Glitter Dumpling Squishy Toys, Squishies Dumplings with Mystery Steamer Box, Stress & Anxiety Relief Toys for Kids & Adults Non-Edible (Glitter White Gold)",https://www.amazon.com/dp/B0GRWHF9YT?th=1,1773273600000,1000,美国,Novelty & Gag Toys
1776162953883,亚马逊,B0GS1X33B5,https://m.media-amazon.com/images/I/41ZSVJ1ob+L._AC_US200_.jpg,"Dumpling Squishy, Glitter Dumplings Mystery Box, Squishy Dumpling Stress Relieving Toy, Soft Squeeze Decompression Dough, Easter Basket Stuffers,with Food Steamer Stretchy Desk Toys (White-B)",https://www.amazon.com/dp/B0GS1X33B5?th=1,1773273600000,400,美国,Novelty & Gag Toys
1776162953883,亚马逊,B0GRM1VGCR,https://m.media-amazon.com/images/I/41YmX-9IitL._AC_US200_.jpg,"Dumpling Squishies,Glitter Dumpling Mystery Box,Colorful Dumplings Stress Balls Fidget Sensory Toy,Squeeze Dough Ball Stress Relief Hand Toys with Food Steamer Stretchy Desk Toys for Adults(Red)",https://www.amazon.com/dp/B0GRM1VGCR?th=1,1773273600000,200,美国,新颖性
1776162953883,亚马逊,B0GS23SHZ7,https://m.media-amazon.com/images/I/51INlVwgpLL._AC_US200_.jpg,"Slow Rebound Cute Butter Squeeze Stress Balls, Upgraded Squeeze Ball Realistic Butter Stick Soft Squeeze Toys, Upgrade Wet Slow Rebound Stress Relief Toy Stress Relief Fidget Toys (1 Pcs)",https://www.amazon.com/dp/B0GS23SHZ7?th=1,1773273600000,2000,美国,Novelty & Gag Toys
1776162953883,亚马逊,B0GK1H32CX,https://m.media-amazon.com/images/I/711k8fR+MkL._AC_US200_.jpg,"Cactus Bubble Machine, Automatic Bubble Blower with Music & Wiggle Action, Portable Handheld Bubble Maker with Lights, Birthday Gifts for Toddlers, Party Favors Toys, Easter Basket Stuffers for Kids",https://www.amazon.com/dp/B0GK1H32CX?th=1,1773273600000,900,美国,体育
1776162953883,亚马逊,B0G5XTY6HM,https://m.media-amazon.com/images/I/61Z3Rtpt9uL._AC_US200_.jpg,"JoyCat 2 Packs Reusable Water Coloring Book for Toddlers 3-5, 28 Pages Alphabet & Number Tracing Magic Water Drawing Book, Mess-Free Preschool Learning Toys, Educational Gift for Boys Girls",https://www.amazon.com/dp/B0G5XTY6HM?th=1,1773273600000,200,美国,艺术
1776162953883,亚马逊,B0GRRLHZVL,https://m.media-amazon.com/images/I/51Wm6fYfPYL._AC_US200_.jpg,"Dumpling Squishy Mystery Box, Slow Rising Glitter Squishy Dumpling Toy, Anxiety Relief Fidget, Easter Basket Stuffers Party Favors (Red)",https://www.amazon.com/dp/B0GRRLHZVL?th=1,1773273600000,600,美国,Novelty & Gag Toys
1776162953883,亚马逊,B0GRQYTC5H,https://m.media-amazon.com/images/I/51P5a3TQpCL._AC_US200_.jpg,"Dumpling Squishy Mystery Box, Slow Rising Glitter Squishy Dumpling Toy, Anxiety Relief Fidget, Easter Basket Stuffers Party Favors (Green)",https://www.amazon.com/dp/B0GRQYTC5H?th=1,1773273600000,1000,美国,Novelty & Gag Toys
1776162953883,亚马逊,B0GRR5CDYS,https://m.media-amazon.com/images/I/51QjuPUAAUL._AC_US200_.jpg,"Dumpling Squishy Mystery Box, Slow Rising Glitter Squishy Dumpling Toy, Anxiety Relief Fidget, Easter Basket Stuffers Party Favors (Blue)",https://www.amazon.com/dp/B0GRR5CDYS?th=1,1773273600000,2000,美国,Novelty & Gag Toys
1776162953883,亚马逊,B0GGJ1SDVW,https://m.media-amazon.com/images/I/41gTo9GrdnL._AC_US200_.jpg,"Super Electric Water Gun, Powerful 425CC High Capacity Automatic Squirt Guns Up to 32 FT Range for Swimming Pool Party Beach Outdoor Activity",https://www.amazon.com/dp/B0GGJ1SDVW?th=1,1773273600000,200,美国,体育
1776162953883,亚马逊,B0GQ9P53MC,https://m.media-amazon.com/images/I/71hh9GilRjL._AC_US200_.jpg,"Dumpling Squishies, Glitter Dumpling Mystery Box, 2026 Upgraded Dumplings Stress Balls Fidget Sensory Balls, Squeeze Dough Ball Stress Relief Hand with Food Steamer, Relaxation Gift (Purple)",https://www.amazon.com/dp/B0GQ9P53MC?th=1,1773273600000,400,美国,Novelty & Gag Toys
1776162953883,亚马逊,B0GS5SQ9J5,https://m.media-amazon.com/images/I/41OiJMBUQeL._AC_US200_.jpg,"3Pcs Squishy Babies Glitter, Slow Rising Squishy, Soft Squeeze Stress Relief (Babies)",https://www.amazon.com/dp/B0GS5SQ9J5?th=1,1773273600000,200,美国,Novelty & Gag Toys
1776162953883,亚马逊,B0GLFGF86Z,https://m.media-amazon.com/images/I/710I1SfXNnL._AC_US200_.jpg,"2026 Water Table Pump with Huge Water Output, Upgraded Octopus Water Pump for Water Table, 3H Non-Stop Fun for Step 2, Rechargeable Water Table Accessories for Kids Toddlers Summer Outdoor Water Toys",https://www.amazon.com/dp/B0GLFGF86Z?th=1,1773273600000,400,美国,运动与户外游戏
1776162953883,亚马逊,B0GLKGBCQK,https://m.media-amazon.com/images/I/41wJRlYuuVL._AC_US200_.jpg,"Hopping Rabbit Plush Bunny Toy,My Realistic Bunny Toy,Vitality Bliss Bunny,Rabbit Plush Interactive Toys,Wiggle Ears Twitch Nose,Electric Rabbit Toys,Birthday Gift for Easter Toddler(Brown)",https://www.amazon.com/dp/B0GLKGBCQK?th=1,1773273600000,500,美国,填充的动物
1776162953883,亚马逊,B0GQ2FZ4JM,https://m.media-amazon.com/images/I/51Fi1KvT+GL._AC_US200_.jpg,"CypherX Easter Good Behavior Tokens – 25 Coins of Goodness & 5 Customizable Blank Tokens | Teach Christian Values & Good Manners | ""He is Risen"" Cross Design | Perfect for Easter & Family Activities",https://www.amazon.com/dp/B0GQ2FZ4JM?th=1,1773273600000,200,美国,游戏
1776162953883,亚马逊,B0GLWRBXPS,https://m.media-amazon.com/images/I/41LqSNOx8gL._AC_US200_.jpg,"Wall Hanging Decorations Easter Egg Garland - 8pcs Rainbow Easter Streamers Banner Inside Indoor Party Decoration Favors, Spring Home Classroom Office Ceiling Decor Panduola",https://www.amazon.com/dp/B0GLWRBXPS?th=1,1773273600000,600,美国,Party Supplies
1776162953883,亚马逊,B0GHRMP48K,https://m.media-amazon.com/images/I/51tWZtz2IEL._AC_US200_.jpg,"Jesus Cross Flower Building Set, Religious Cross Collectibles Jesus Catholic Building Toys, Christian Crucifix Floral Decor Display, Easter, Christian, Birthday Gift for Kids, Women & Adults (381 PCS)",https://www.amazon.com/dp/B0GHRMP48K?th=1,1773273600000,200,美国,建筑玩具
1776162953883,亚马逊,B0GCF5NRLV,https://m.media-amazon.com/images/I/5184JhYWwkL._AC_US200_.jpg,"Rechargeable Bubble Machine with RGB Lights: 30,000 Bubbles/Min Storm, Auto 360° Rotation, Battery% Display - Remote Control Bubble Maker for Romantic Wedding, Kids Party & Outdoor Events",https://www.amazon.com/dp/B0GCF5NRLV?th=1,1773273600000,200,美国,体育
1776162953883,亚马逊,B0GKXK7PPX,https://m.media-amazon.com/images/I/51D5-11ooxL._AC_US200_.jpg,"Kederwa 24 Pack Prefilled Easter Eggs with Plush Keychain for Kids, Filled Easter Eggs Bulk with Toys Kids Easter Basket Stuffers Egg Hunt Supplies",https://www.amazon.com/dp/B0GKXK7PPX?th=1,1773273600000,200,美国,Party Supplies
1776162953883,亚马逊,B0GD7FL6JV,https://m.media-amazon.com/images/I/61ycjyIP7HL._AC_US200_.jpg,"127Pcs Easter Egg Fillers, Easter Party Favors, Easter Egg Stuffers, Easter Basket Stuffers for Kids Girls Boys, Easter Gifts, Easter Toys, Treasure Box Toys, Classroom Prizes, Goodie Bags Stuffers",https://www.amazon.com/dp/B0GD7FL6JV?th=1,1773273600000,400,美国,Party Supplies
1776162953883,亚马逊,B0GRVFWNP7,https://m.media-amazon.com/images/I/31ytmLCGiQL._AC_US200_.jpg,"Squishy Dumpling,Dumpling Stress Ball Hand Pressure Relief Balls, Easter Gift Stuffing, Suitable for Various Scenarios to Alleviate Anxiety (Pink)",https://www.amazon.com/dp/B0GRVFWNP7?th=1,1773273600000,200,美国,Novelty & Gag Toys
1776162953883,亚马逊,B0GF7VYP35,https://m.media-amazon.com/images/I/71NuzLny5nL._AC_US200_.jpg,"Remote Control Boat for Kids, RC Boat for Pool, Lake, River and Pond with LED Lights, Self-Righting, Waterproof, Fast Speed Racing Electric Boats 2 Speed Modes 60mins Rechargeable Batteries",https://www.amazon.com/dp/B0GF7VYP35?th=1,1773273600000,800,美国,遥控
1776162953883,亚马逊,B0GJZNT3Q5,https://m.media-amazon.com/images/I/81uzHIS7eqL._AC_US200_.jpg,"Water Sprinkler for Kids, 2-in-1 Crab Sprinkler with 3 Spray Patterns & 4 Bean Bags for Toss Game, Attaches to Garden Hose, Summer Backyard Lawn Outdoor Water Toy for Boys & Girls Ages 3–8",https://www.amazon.com/dp/B0GJZNT3Q5?th=1,1773273600000,200,美国,体育
1776162953883,亚马逊,B0FS85CY5W,https://m.media-amazon.com/images/I/714XwX2VvvL._AC_US200_.jpg,"12 Pack Prefilled Easter Eggs Filled with Animal Finger Puppets for Easter Basket Stuffers Fillers, Easter Eggs Hunt, Easter Gifts for Kids, Easter Party Favors Classroom Prizes Reward",https://www.amazon.com/dp/B0FS85CY5W?th=1,1773273600000,300,美国,Party Supplies
1776162953883,亚马逊,B0GR95XF1D,https://m.media-amazon.com/images/I/41eVKMUlKvL._AC_US200_.jpg,"2026 New Shimmering Dumpling Squishies, Dumpling Squishy, Colorful Dumplings Stress Balls Fidget Sensory, Squeeze Dough Ball Stress Relief Hand with Food Steamer Stretchy Desk (Golden)",https://www.amazon.com/dp/B0GR95XF1D?th=1,1773273600000,500,美国,Novelty & Gag Toys
1776162953883,亚马逊,B0GR92TV3R,https://m.media-amazon.com/images/I/61H5QmMYqwL._AC_US200_.jpg,"2026 New Shimmering Dumpling Squishies, Dumpling Squishy, Colorful Dumplings Stress Balls Fidget Sensory, Squeeze Dough Ball Stress Relief Hand with Food Steamer Stretchy Desk (White)",https://www.amazon.com/dp/B0GR92TV3R?th=1,1773273600000,200,美国,Novelty & Gag Toys
1776162953883,亚马逊,B0GRZYWDBG,https://m.media-amazon.com/images/I/41qQMYkXFWL._AC_US200_.jpg,"Glitter Cute Duck Squishy Sugar Stress Ball,Soft Duck Stress Relief Sugar Ball Squishy Ultra Squishy and Moldable Slow Rise Relaxing Sensory Fidget Stress for Anxiety Relief (Pink)",https://www.amazon.com/dp/B0GRZYWDBG?th=1,1773273600000,700,美国,Novelty & Gag Toys
1776162953883,亚马逊,B0GCHYCFGS,https://m.media-amazon.com/images/I/81AAfiM7pmL._AC_US200_.jpg,"25Pcs 3D Printed Animals , Articulated Fidget Toy, Desk Pet for Students, Pocket Pets for Anxiety Relief, 3D Printed Fidgets Bulk for Classroom Prizes, Birthday Gifts, Easter Basket Essentials",https://www.amazon.com/dp/B0GCHYCFGS?th=1,1773273600000,300,美国,玩具图
1776162953883,亚马逊,B0G734NWQ4,https://m.media-amazon.com/images/I/819cQq7EEfL._AC_US200_.jpg,"150 Pack 3 Inch Large Easter Eggs Bulk Include 6 Surprise Golden Eggs, Bright Colors Fillable Empty Plastic Easter Egg for Easter Hunt, Easter Basket Fillers, Easter Party Favors",https://www.amazon.com/dp/B0G734NWQ4?th=1,1773187200000,200,美国,Party Supplies
1776162953883,亚马逊,B0GMBV97QF,https://m.media-amazon.com/images/I/81fY5VtkGuL._AC_US200_.jpg,"Water Guns for Kids, Mini Squirt Guns 140 Shots Per Fill, Summer Water Blaster Pool Beach Toys（2 Pack ）",https://www.amazon.com/dp/B0GMBV97QF?th=1,1773187200000,200,美国,体育
1776162953883,亚马逊,B0GJSCWGT7,https://m.media-amazon.com/images/I/61tUQ1whBwL._AC_US200_.jpg,"24 Pack 12 Inch Easy Inflate Leak Proof Beach Balls Bulk, Vibrant Summer Toys for Kids,Classroom, Pool Party Favors Decorations, Sturdy Small Beach Balls for Parents Teachers Grandparents",https://www.amazon.com/dp/B0GJSCWGT7?th=1,1773187200000,200,美国,体育
1776162953883,亚马逊,B0GRV3LR3D,https://m.media-amazon.com/images/I/719ZPgm6N0L._AC_US200_.jpg,"Fake Banana Squishy , Giant Banana Squishy Fidget Toys , Banana Stress Toy, Soft Pu Foam Desk Accessory for Students and Professionals for Stress Relief and Enhancement for Work School",https://www.amazon.com/dp/B0GRV3LR3D?th=1,1773187200000,200,美国,Novelty & Gag Toys
1776162953883,亚马逊,B0GGZ1GJCY,https://m.media-amazon.com/images/I/71jFgiD8ZEL._AC_US200_.jpg,"Electric Water Guns for Kids Adults, 2 Pack Powerful Automatic Squirt Gun Water Blaster, 26-32 Ft Range, 1800CC Large Capacity, Summer Outdoor Swimming Pool Water Toys, Watergun Gift for Kids & Adults",https://www.amazon.com/dp/B0GGZ1GJCY?th=1,1773187200000,300,美国,体育
1776162953883,亚马逊,B0GFW4PS6Q,https://m.media-amazon.com/images/I/71pDOGi4NzL._AC_US200_.jpg,Fidget Sensory Sticks for Kids: 4 Pack Thickened & Flexible Silicone Fidget Stick - Fidget Stress Toy for Kids Autism ADHD Calming - Quiet Fidgets for Classroom Focus Prizes - Travel Calm Essentials,https://www.amazon.com/dp/B0GFW4PS6Q?th=1,1773187200000,300,美国,Novelty & Gag Toys
1776162953883,亚马逊,B0GKFKXT9Y,https://m.media-amazon.com/images/I/71MBZYxdofL._AC_US200_.jpg,"Realistic Bunny Toy, Interactive Plush Rabbit Toy, with Lifelike Movements, Hops,Twitches & Wiggles Ears, Easter Gift for Kids (Brown)",https://www.amazon.com/dp/B0GKFKXT9Y?th=1,1773187200000,500,美国,填充的动物
1776162953883,亚马逊,B0GQ3JMB3L,https://m.media-amazon.com/images/I/812szF9vHeL._AC_US200_.jpg,"50pcs Cartoon Anime Stickers Mixed Pack,Anime Sticker for Teens Waterproof Stickers for Water Bottle Laptop Luggage Helmet Skateboard Guitar (CWJL-68)",https://www.amazon.com/dp/B0GQ3JMB3L?th=1,1773187200000,200,美国,艺术
1776162953883,亚马逊,B0GGYZNTQ9,https://m.media-amazon.com/images/I/515F6ZmVwzL._AC_US200_.jpg,"FURWEY 17.6lbs Play Sand,Natural Brown Sensory Sand,Suitable for Children to Shaping, Squeezing and Molding（Without Molds）",https://www.amazon.com/dp/B0GGYZNTQ9?th=1,1773187200000,400,美国,艺术
1776162953883,亚马逊,B0GH53WWGX,https://m.media-amazon.com/images/I/71BQQOKdeEL._AC_US200_.jpg,"YQUQWN 48 Pcs Easter Egg Filler Set, Includes 24 Plastic Easter Eggs 24 Plush Bunny Toys, DIY Perfect for Kids' Easter Basket Stuffers Easter Egg Hunts Easter Party Favors",https://www.amazon.com/dp/B0GH53WWGX?th=1,1773187200000,400,美国,Party Supplies
1776162953883,亚马逊,B0GKPY8LJH,https://m.media-amazon.com/images/I/81FH9D04PcL._AC_US200_.jpg,"MAMAGIFTREE Have a Dill-ightful Birthday-Funny Happy Birthday Gifts for Women Men, Handmade Crochet Pickle Crown Birthday Gifts Card Decorations for Mom Dad, Wife Sister Best Friend Coworker",https://www.amazon.com/dp/B0GKPY8LJH?th=1,1773187200000,1000,美国,填充的动物
1776162953883,亚马逊,B0G2CHKYTB,https://m.media-amazon.com/images/I/61UWKD5z7cL._AC_US200_.jpg,"Clever Fox Play Busy Book for Toddlers 1-3 Year-Old – Baby Busy Board Book – Montessori Felt Activity Board for Learning Fine Motor Skills, Car Airplane Travel Toy – Birthday Gift for Boys Ages 1+",https://www.amazon.com/dp/B0G2CHKYTB?th=1,1773187200000,200,美国,扮靓
1776162953883,亚马逊,B0G3PPLSX7,https://m.media-amazon.com/images/I/41di1olwtTL._AC_US200_.jpg,"Magnetic Sensory Fidget Balls (8PCS), Weighted Magnet Balls Fidget Toys for Teens Adult ADHD Autism Anxiety, Quiet Stress Relief Office Desk Gadgets, Hand Therapy Sensory Toy Items Gift (Green)",https://www.amazon.com/dp/B0G3PPLSX7?th=1,1773187200000,200,美国,Novelty & Gag Toys
1776162953883,亚马逊,B0G4CMLSCB,https://m.media-amazon.com/images/I/61EWVH2yi+L._AC_US200_.jpg,"Magnetic Sensory Fidget Balls (8PCS), Weighted Magnet Balls Fidget Toys for Teens Adult ADHD Autism Anxiety, Quiet Stress Relief Office Desk Gadgets, Hand Therapy Sensory Toy Items Gift (Blue)",https://www.amazon.com/dp/B0G4CMLSCB?th=1,1773187200000,500,美国,Novelty & Gag Toys
1776162953883,亚马逊,B0G1M38VQ9,https://m.media-amazon.com/images/I/81JgUBm-HwL._AC_US200_.jpg,"FindUWill Inflatable Pool Floats Adult, 2 Pack Pool Float Chair Heavy Duty Floating Lounge Chairs, Pool Floaties for Summer Party, Blow up Rafts for Pool Beach Lake",https://www.amazon.com/dp/B0G1M38VQ9?th=1,1773187200000,200,美国,体育
1776162953883,亚马逊,B0GKSGR9LF,https://m.media-amazon.com/images/I/41sJSKycq-L._AC_US200_.jpg,Automatic Bubble Machine for Toddlers 1-3: Bunny Bubble Maker Blower for Party Easter Basket Stuffer Birthday Gifts - Kids Outdoor Toys for 3 4 5 6 Year Old Boy Girl Pink,https://www.amazon.com/dp/B0GKSGR9LF?th=1,1773187200000,400,美国,体育
1776162953883,亚马逊,B0GJD2H1HC,https://m.media-amazon.com/images/I/71ywhWJRYLL._AC_US200_.jpg,"Easter Basket Stuffers - Handmade Crochet Bunny for Teens Boys Girls, Easter Egg Fillers for Kids Son, Graduation Birthday Gift for College Friend, Positive Appreciation Gifts for Teacher Coworker",https://www.amazon.com/dp/B0GJD2H1HC?th=1,1773187200000,400,美国,填充的动物
1776162953883,亚马逊,B0FSC53K28,https://m.media-amazon.com/images/I/713KUon9t6L._AC_US200_.jpg,"12 Pack Prefilled Easter Eggs with Toys Inside, Easter Eggs Filled Pull Back Racing Cars for Kids Easter Basket Stuffers, Easter Party Favors Supplies",https://www.amazon.com/dp/B0FSC53K28?th=1,1773187200000,300,美国,Party Supplies
1776162953883,亚马逊,B0GS231MMX,https://m.media-amazon.com/images/I/41bp+59sMzL._AC_US200_.jpg,"Mystery Dumpling Squishy, Squishy Dumpling Toy, Easter Basket Stuffers, Squeeze Dough Ball Stress Relief Hand Toys with Food Steamer Stretchy Desk Toys (A-Rainbow)",https://www.amazon.com/dp/B0GS231MMX?th=1,1773187200000,200,美国,Novelty & Gag Toys
1776162953883,亚马逊,B0GR4XF99M,https://m.media-amazon.com/images/I/41BvfUAtCTL._AC_US200_.jpg,"Mystery Dumpling Squishy, Squishy Dumpling Toy, Easter Basket Stuffers, Squeeze Dough Ball Stress Relief Hand Toys with Food Steamer Stretchy Desk Toys (Blue)",https://www.amazon.com/dp/B0GR4XF99M?th=1,1773187200000,200,美国,Novelty & Gag Toys
1776162953883,亚马逊,B0GS212KQP,https://m.media-amazon.com/images/I/41PjAdA4hCL._AC_US200_.jpg,"Mystery Dumpling Squishy, Squishy Dumpling Toy, Easter Basket Stuffers, Squeeze Dough Ball Stress Relief Hand Toys with Food Steamer Stretchy Desk Toys (A-Gold)",https://www.amazon.com/dp/B0GS212KQP?th=1,1773187200000,300,美国,Novelty & Gag Toys
1776162953883,亚马逊,B0GS1XGFWD,https://m.media-amazon.com/images/I/71dfQd+Z0ML._AC_US200_.jpg,"Mystery Dumpling Squishy, Squishy Dumpling Toy, Easter Basket Stuffers, Squeeze Dough Ball Stress Relief Hand Toys with Food Steamer Stretchy Desk Toys (A-Transparent)",https://www.amazon.com/dp/B0GS1XGFWD?th=1,1773187200000,1000,美国,Novelty & Gag Toys
1776162953883,亚马逊,B0G73BPWQ7,https://m.media-amazon.com/images/I/51ygYy+oq8L._AC_US200_.jpg,"50 PCS 3.1"" Fillable Easter Eggs Bulk with 6 Surprise Golden Eggs, Colorful Plastic Easter Egg Empty for Easter Egg Hunt Party Favors Kids Easter Basket Stuffers Fillers Classroom Prizes for Boys Girl",https://www.amazon.com/dp/B0G73BPWQ7?th=1,1773187200000,300,美国,Party Supplies
1776162953883,亚马逊,B0G732N9FK,https://m.media-amazon.com/images/I/515AjOoEuDL._AC_US200_.jpg,"100 PCS 3.1"" Fillable Easter Eggs Bulk with 6 Surprise Golden Eggs, Colorful Plastic Easter Egg Empty for Easter Egg Hunt Party Favors Kids Easter Basket Stuffers Fillers Classroom Prizes for Boy Girl",https://www.amazon.com/dp/B0G732N9FK?th=1,1773187200000,200,美国,扮靓
1776162953883,亚马逊,B0GG5PH32S,https://m.media-amazon.com/images/I/51zNwZR8yuL._AC_US200_.jpg,"Qudoustar 50 Pack 3 Inch Large Easter Eggs Bulk Includes 6 Surprise Golden Eggs, Bright Colors Empty Fillable Plastic Eggs for Easter Hunt, Easter Basket Stuffers and Party Favors",https://www.amazon.com/dp/B0GG5PH32S?th=1,1773187200000,300,美国,Party Supplies
1776162953883,亚马逊,B0GG69RTY1,https://m.media-amazon.com/images/I/51zNwZR8yuL._AC_US200_.jpg,"Qudoustar 50 Pack 3 Inch Large Easter Eggs Bulk Includes 6 Surprise Golden Eggs, Bright Colors Empty Fillable Plastic Eggs for Easter Hunt, Easter Basket Stuffers and Party Favors",https://www.amazon.com/dp/B0GG69RTY1?th=1,1773187200000,300,美国,Party Supplies
1776162953883,亚马逊,B0GS2H468D,https://m.media-amazon.com/images/I/51a0txSJbNL._AC_US200_.jpg,"Small Mini Cheese Squishy - Tiny Soft Rising Food Squeeze Toys, Stress Relief, Sensory Fidget for Adults Yellow Soft Novelty Cute Party Favors (2 Inch)",https://www.amazon.com/dp/B0GS2H468D?th=1,1773187200000,200,美国,Novelty & Gag Toys
1776162953883,亚马逊,B0GL2SRJMG,https://m.media-amazon.com/images/I/81RtxbpKlAL._AC_US200_.jpg,"KissFree 220PCS Easter Egg Fillers, Easter Basket Stuffers for Kids, Assorted Small Toys Party Favors, Easter Egg Hunt Supplies, Classroom Prizes Goodie Bags Stuffers, Easter Treats for Boys Girls",https://www.amazon.com/dp/B0GL2SRJMG?th=1,1773187200000,1000,美国,Party Supplies
1776162953883,亚马逊,B0G66CP7V2,https://m.media-amazon.com/images/I/71MhBo9vloL._AC_US200_.jpg,"42 Pack Prefilled Easter Eggs with Plush Bunnies,Pre Filled Easter Eggs with Stuffed Toys Inside,Easter Basket Stuffers Fillers for Kids Easter Egg Hunt,Classroom Prize Supplies",https://www.amazon.com/dp/B0G66CP7V2?th=1,1773187200000,200,美国,Party Supplies
1776162953883,亚马逊,B0GQH9T5GN,https://m.media-amazon.com/images/I/61eJUDarCLL._AC_US200_.jpg,"Dumpling Squishy Toy, Dumpling Squishy Mystery Box, Colorful Dumplings Stress Balls Fidget Sensory Toy, Squeeze Dough Ball Stress Relief Hand Toys with Food Steamer Stretchy Desk Toys (Blue)",https://www.amazon.com/dp/B0GQH9T5GN?th=1,1773187200000,1000,美国,Novelty & Gag Toys
1776162953883,亚马逊,B0GS1SMDBM,https://m.media-amazon.com/images/I/61f67pYjF4L._AC_US200_.jpg,"Butter Squishy, 2026 New Slow Rebound Cute Taba Squishy, Realistic Butter Stick Soft Squeeze Stress Balls for Stress Relief Anxiety Sensory Gifts for Adults (Yellow)",https://www.amazon.com/dp/B0GS1SMDBM?th=1,1773187200000,1000,美国,Novelty & Gag Toys
1776162953883,亚马逊,B0GS28T8WT,https://m.media-amazon.com/images/I/411WScVtBdL._AC_US200_.jpg,"2026 New Slow Rising Butter Squeeze Stress Ball, Cute Soft Squishy Stress Relief Toy for Anxiety, Sensory Squeeze Toy , Realistic Butter Stick Funny Desk Fidget Gift (2)",https://www.amazon.com/dp/B0GS28T8WT?th=1,1773187200000,500,美国,Novelty & Gag Toys
1776162953883,亚马逊,B0GD64H2XS,https://m.media-amazon.com/images/I/91jHryxp4VL._AC_US200_.jpg,"BenBen Puzzles for Adults 500 Pieces, Dogs on Vacation, Dog Jigsaw Puzzle with Patterns on Back, Funny Animal Puzzle, Challenging Puzzles for Family Game Night, Home Décor",https://www.amazon.com/dp/B0GD64H2XS?th=1,1773187200000,200,美国,拼图
1776162953883,亚马逊,B0GRL16H9H,https://m.media-amazon.com/images/I/312eIKm-pgL._AC_US200_.jpg,"Toy for Adults, Novelty Gifts",https://www.amazon.com/dp/B0GRL16H9H?th=1,1773187200000,200,美国,Novelty & Gag Toys
1776162953883,亚马逊,B0GD74KNS7,https://m.media-amazon.com/images/I/61uj5n-ddrL._AC_US200_.jpg,"6 Pcs Easter Balloon Decorations, White Easter Bunny Balloons Carrot Balloons for Easters Bunny Themed Birthday Party Decorations",https://www.amazon.com/dp/B0GD74KNS7?th=1,1773187200000,200,美国,派对用品
1776162953883,亚马逊,B0GS22M28D,https://m.media-amazon.com/images/I/41g-+dh9GtL._AC_US200_.jpg,"Slow Rebound Cute Butter Squeeze Stress Balls, Upgraded Squeeze Ball Realistic Butter Stick Soft Squeeze Toys, Upgrade Wet Slow Rebound Stress Relief Toy Stress Relief Fidget Toys (2 Pcs)",https://www.amazon.com/dp/B0GS22M28D?th=1,1773187200000,200,美国,Novelty & Gag Toys
1776162953883,亚马逊,B0GFHTSCW6,https://m.media-amazon.com/images/I/81c1CtQOvYL._AC_US200_.jpg,"VATOS 59"" Windmill Water Sprinkler Outdoor Yard Toy for Kids, New Upgrades Double-Sided with 6 Blades, 54 Spray Nozzles, 360° Spining Splash Summer Fun Play for Boys, Girls, Pets and Lawn Watering",https://www.amazon.com/dp/B0GFHTSCW6?th=1,1773187200000,700,美国,体育
1776162953883,亚马逊,B0GJCH63VS,https://m.media-amazon.com/images/I/71hjZJnukAL._AC_US200_.jpg,"2026 Sand Water Table Toys for Toddlers 1-3 3-5 with Umbrella, 3-Tier Kids Outdoor Water Tables Toy, Auto Electric Pump Sensory Play Water Table for Girls 4-8, Beach Summer Water Toy, Pink&Purple",https://www.amazon.com/dp/B0GJCH63VS?th=1,1773187200000,300,美国,运动与户外游戏
1776162953883,亚马逊,B0G5XC3YLV,https://m.media-amazon.com/images/I/718E+oFmlWL._AC_US200_.jpg,"Busy Board Montessori Toys for Toddlers 1 2 3 4 Year Old with 13 LED Lights, Sensory Board Toys Educational Learning for Toddlers, Activity Toy Christmas Birthday Gifts for 1+ Year Old Boys and Girls",https://www.amazon.com/dp/B0G5XC3YLV?th=1,1773187200000,500,美国,Baby & Toddler Toys
1776162953883,亚马逊,B0GJ8F9KDB,https://m.media-amazon.com/images/I/716wbIp0C6L._AC_US200_.jpg,"Keyboard Fidget Toy, Keyboard Clicker with LED Light, Keyboard Fidget Keychain, Keyboard Button Finger Clicker for Anxiety Relief (Style-2)",https://www.amazon.com/dp/B0GJ8F9KDB?th=1,1773187200000,800,美国,Novelty & Gag Toys
1776162953883,亚马逊,B0GRR2HS6J,https://m.media-amazon.com/images/I/51-waJ4-xEL._AC_US200_.jpg,"Dumpling Squishy Mystery Box, Slow Rising Glitter Squishy Dumpling Toy, Anxiety Relief Fidget, Easter Basket Stuffers Party Favors (Pink)",https://www.amazon.com/dp/B0GRR2HS6J?th=1,1773187200000,7000,美国,Novelty & Gag Toys
1776162953883,亚马逊,B0GR5MB2DS,https://m.media-amazon.com/images/I/61d9txL+tbL._AC_US200_.jpg,"2Pack Cheese Squishy Toy - Super Soft Stretchy Stress Ball, Sensory Fidget Toy for Kids & Adults, Anxiety Relief Desk Decor, Funny Food Theme Easter Gift for Stress Relief",https://www.amazon.com/dp/B0GR5MB2DS?th=1,1773187200000,1000,美国,Novelty & Gag Toys
1776162954510,亚马逊,B0GHRRF5LQ,https://m.media-amazon.com/images/I/41ecRWAaFRL._AC_US200_.jpg,"2X Zauberstab Kinder, Magic Wand, bunter Glitzerstab mit Flüssigkeit 31 cm – stilvolles Kinderkostüm Zubehör für die kleine Prinzessin, Fee oder den Zauberer",https://www.amazon.de/dp/B0GHRRF5LQ?th=1,1769385600000,100,德国,儿童角色扮演游戏
1776162954510,亚马逊,B0G44S9HVF,https://m.media-amazon.com/images/I/71nFAfP6UPL._AC_US200_.jpg,"NICI Kuscheltier GLUBSCHIS Hase Hoppibow 15cm - bunt - Stofftier aus weichem Plüsch, niedliches Plüschtier zum Kuscheln und Spielen, für Kinder & Erwachsene, tolle Geschenkidee - 62497",https://www.amazon.de/dp/B0G44S9HVF?th=1,1769385600000,100,德国,Plüsch-Spielzeug
1776162954510,亚马逊,B0GD6QX5XL,https://m.media-amazon.com/images/I/71JBg7CDn-L._AC_US200_.jpg,"6 Stück Fidget-Spielzeug Set für Erwachsene und Jugendliche – Metallische Schieber&Spinner für Klassenzimmer,Stress und Angst Sensorisches Ring Spielzeug Set geeignet bei Autismus und ADHS",https://www.amazon.de/dp/B0GD6QX5XL?th=1,1769385600000,100,德国,党-
1776162954510,亚马逊,B0F1LFGJ75,https://m.media-amazon.com/images/I/81P+l3NBujL._AC_US200_.jpg,"Unterwasser Glider Tauchspielzeug für Kinder, Teufel Fisch Schwimmbad Spielzeug, Pool Spielzeug, wasserspielzeug Jugendliche Kinder (Groß)",https://www.amazon.de/dp/B0F1LFGJ75?th=1,1769385600000,100,德国,体育
1776162954510,亚马逊,B0GCWG5GYV,https://m.media-amazon.com/images/I/61ZVsVaWXYL._AC_US200_.jpg,"Steal A Brainrot Plüschs, 25cm Italian-Brainrot Kuscheltier, Plüschtier Stofftier Geschenk Für Fans, Plüschfigur Geburtstagsgeschenk für Dekoration und Sammlung (67)",https://www.amazon.de/dp/B0GCWG5GYV?th=1,1769299200000,100,德国,Plüsch-Spielzeug
1776162954510,亚马逊,B0GH4WRWSW,https://m.media-amazon.com/images/I/51aXIiywd4L._AC_US200_.jpg,"12 Stück Tortendekoration Cake Topper Set,Tortendeko,Mini Tortenfiguren,Kuchen Dekoration Geburtstag,Party Kuchen Deko,Geburtstag Deko,Cake Topper Party Dekoration Lieferungen",https://www.amazon.de/dp/B0GH4WRWSW?th=1,1769212800000,100,德国,Party & Dekoration
1776162954510,亚马逊,B0GJ5KT8VF,https://m.media-amazon.com/images/I/31e2W8eXoFL._AC_US200_.jpg,"Little Dutch 4-in-1 Laufrad Dreirad - inkl. Schubstange, Pedale, Sicherheitsgurt und -Ring - Kinderdreirad - Lauffahrrad - für Mädchen und Jungen - ab 1-3 Jahre - blau",https://www.amazon.de/dp/B0GJ5KT8VF?th=1,1769212800000,100,德国,体育
1776162954510,亚马逊,B0G6FQ5WBY,https://m.media-amazon.com/images/I/518rcm3OUnL._AC_US200_.jpg,"KOSMOS 654344 Fun Science Fruchtgummi Labor Love & Hearts – DIY-Set zum Fruchtgummi selber Machen, Mädchen und Jungen, vegane Süßigkeiten, Kreativset für Kinder ab 8 Jahre",https://www.amazon.de/dp/B0G6FQ5WBY?th=1,1769212800000,300,德国,实验
1776162954510,亚马逊,B0GCS8W94Q,https://m.media-amazon.com/images/I/719tOvXXxrL._AC_US200_.jpg,"8 Stück Magnetische Toys, Sensorik Bälle, Sensorik Spielzeug, Anziehungskraft Stress Bälle, Sensorische Magnetische Kugeln Set, Anziehungskraft Stress Bälle mit Silikonhülle für Finger (Rosa)",https://www.amazon.de/dp/B0GCS8W94Q?th=1,1769212800000,100,德国,党-
1776162954510,亚马逊,B0G4RQZB49,https://m.media-amazon.com/images/I/910jbnpI19L._AC_US200_.jpg,Pokémon-Sammelkartenspiel: Tech-Sticker-Kollektion Mega-Entwicklung – Erhabene Helden: Nebulak (1 holografische Promokarte und 3 Boosterpacks),https://www.amazon.de/dp/B0G4RQZB49?th=1,1769126400000,200,德国,爱好
1776162954510,亚马逊,B0GF8LDLTN,https://m.media-amazon.com/images/I/81ILHqAKjPL._AC_US200_.jpg,"Pokémon-Sammelkartenspiel: Mini-Tin-Box-Bundle Kanto-Stärke (10 Boosterpacks, 5 Münzen & 5 Bildkarten)",https://www.amazon.de/dp/B0GF8LDLTN?th=1,1769126400000,3000,德国,爱好
1776162954510,亚马逊,B0GC4S16H1,https://m.media-amazon.com/images/I/81Iq0JFmA9L._AC_US200_.jpg,"MTG Kartenhüllen – Death 100 Stück, Standardgröße, ultraklare Vorderseite und matte Rückseite, reißfest, transparente Kartenhüllen, matte Kunsthülle für MTG",https://www.amazon.de/dp/B0GC4S16H1?th=1,1769126400000,100,德国,收藏玩具
1776162954510,亚马逊,B0G7HZMYN1,https://m.media-amazon.com/images/I/51tszMZxYoL._AC_US200_.jpg,"Pokémon-Sammelkartenspiel: Kollektion Mega-Entwicklung – Erhabene Helden: Erika (1 holografische Promokarte, 1 Münze und 2 Boosterpacks)",https://www.amazon.de/dp/B0G7HZMYN1?th=1,1769126400000,300,德国,爱好
1776162954510,亚马逊,B08HH63H6Y,https://m.media-amazon.com/images/I/611eidgjf6L._AC_US200_.jpg,Funko POP! Animation: Jujutsu Kaisen - Yuta - Sammelbare Vinylfigur - Geschenkidee - Offizielles Merchandise - Spielzeug für Kinder & Erwachsene - Modellfigur für Sammler und zur Ausstellung,https://www.amazon.de/dp/B08HH63H6Y?th=1,1769126400000,100,德国,爱好
1776162954510,亚马逊,B0GGM8J3PB,https://m.media-amazon.com/images/I/81xwSCI6dyL._AC_US200_.jpg,"Wer Ist Es Spiel, Doppelt Wer Bin Ich Spiel, Tragbar Brettspiele, Geeignet für Eltern-Kind-Familienpartyspiele",https://www.amazon.de/dp/B0GGM8J3PB?th=1,1769126400000,400,德国,游戏
1776162954510,亚马逊,B0G641W87K,https://m.media-amazon.com/images/I/515Ws1D0mzL._AC_US200_.jpg,"DONGZQAN 24 Stück Ostern Basteln Kinder, Basteln Frühling, Fensterbilder osterdeko, Frühlingsdeko Fenster für Ostern, Fenster Dekoration Mit Buntglas-Effekt",https://www.amazon.de/dp/B0G641W87K?th=1,1769126400000,100,德国,工艺
1776162954510,亚马逊,B0F44CHHR6,https://m.media-amazon.com/images/I/51qv-GSj+0L._AC_US200_.jpg,BANDAI – Anime Heroes – One Piece – Anime Heroes Figur 17 cm – Monkey D. Ruffy Gear 5 – Offizielle One Piece Lizenz – Bewegliche Luffy-Figur Version Gear 5 – Spielzeug für Kinder ab 4 Jahren – 37054,https://www.amazon.de/dp/B0F44CHHR6?th=1,1769126400000,100,德国,Spielzeugfiguren
1776162954510,亚马逊,B0G6JJTM6G,https://m.media-amazon.com/images/I/81msKShtw0L._AC_US200_.jpg,"Sammelalbum für Pokemon Karten, 50 Seiten 400 Karten Kapazität Sammelkarten Album Sammelmappe Karten Ordner Heft, Tragbar Wasserdicht PU-Material Sammelkartenalben, Geschenk für Kinder (YB400)",https://www.amazon.de/dp/B0G6JJTM6G?th=1,1769040000000,200,德国,收藏玩具
1776162954510,亚马逊,B0GDDXQJPM,https://m.media-amazon.com/images/I/71MXcdkcRPL._AC_US200_.jpg,Hitster Battle of the Generations – Musik‑Party‑Brettspiel mit 420+ Songs aus Allen Jahrzehnten - 3 Epochen von Vinyl über Kassette bis Streaming – App‑Verbundenes Quiz für Erwachsene & Familien (DE),https://www.amazon.de/dp/B0GDDXQJPM?th=1,1769040000000,2000,德国,游戏
1776162954510,亚马逊,B0FGW9S2QQ,https://m.media-amazon.com/images/I/81b0PzTD6yL._AC_US200_.jpg,"90-teiliges MTG Counter Würfel Set - Fähigkeits-Stichwort-Zähler, -1/+1 Lebenszähler, Schildzähler, MTG Muster-Würfel, Kreaturen-Statistik-Buffs, mehrfarbige Marmor D6 Würfel, MTG Spiele",https://www.amazon.de/dp/B0FGW9S2QQ?th=1,1769040000000,100,德国,游戏
1776162954510,亚马逊,B0FT6ZD52X,https://m.media-amazon.com/images/I/81vgmaK8WqL._AC_US200_.jpg,"Dreamon 3 in 1 Knete Dough Set für Kinder - Spielküche Zubehör ab 3 4 5 Jahre, Knete Eismaschine Knetmaschine, Knetwerkzeug Kinder mit 12 Knetmasse, Kinderknete Spielzeug Geschenk Mädchen Junge",https://www.amazon.de/dp/B0FT6ZD52X?th=1,1769040000000,100,德国,工艺
1776162954510,亚马逊,B0GCZW12NL,https://m.media-amazon.com/images/I/41xnAvBZyOL._AC_US200_.jpg,"10 Stück Geldgeschenk Ostern, Ostern Geldgeschenke, Osterhasen Filzdekorationen, Lustige Hasendekorationen für Geld für Damen Herren Junge Mädchen Freund Kollegen (Bunt)",https://www.amazon.de/dp/B0GCZW12NL?th=1,1769040000000,100,德国,派对
1776162954510,亚马逊,B0G6Y97VSJ,https://m.media-amazon.com/images/I/518u8DDT7hL._AC_US200_.jpg,"18 Stück Osterbasteln mit Kindern, Lesezeichen Ostern Basteln Kinder ab 3 4 5 6 7 8 9 10 Jahren, DIY Osterdeko, Oster Mitgebsel Kinder, Ostergeschenke Ostermitbringsel（Filz）",https://www.amazon.de/dp/B0G6Y97VSJ?th=1,1769040000000,100,德国,工艺
1776162954510,亚马逊,B0G25PJWR1,https://m.media-amazon.com/images/I/91m6y4DPYeL._AC_US200_.jpg,"WOOBLO Magnetische Bausteine für Kinder, 136 Teile Magnetspiel Magnetbausteine Bausatz, Ostern Geschenke Kinder, Montessori Spielzeug ab 3 Jahre, Kreatives Lernspielzeug Geschenk für Jungen & Mädchen",https://www.amazon.de/dp/B0G25PJWR1?th=1,1769040000000,1000,德国,实验
1776162954510,亚马逊,B0G6JPYR2N,https://m.media-amazon.com/images/I/81WJAn3s7uL._AC_US200_.jpg,"Sammelalbum für Pokemon Karten, 50 Seiten 400 Karten Kapazität Sammelkarten Album Sammelmappe Karten Ordner Heft, Tragbar Wasserdicht PU-Material Sammelkartenalben, Geschenk für Kinder (S400)",https://www.amazon.de/dp/B0G6JPYR2N?th=1,1769040000000,100,德国,收藏玩具
1776162954510,亚马逊,B0GHQVSWSJ,https://m.media-amazon.com/images/I/61SLXtSjfuL._AC_US200_.jpg,Gefälschte Realistische Zigarette Bubble Blower Stressabbau Spielzeug Mini Blase Blasen Zigarette Stress Spielzeug Spaß Erwachsene Party Streich Zubehör Geburtstag Neuheit Geschenke für Partys,https://www.amazon.de/dp/B0GHQVSWSJ?th=1,1769040000000,100,德国,党-
1776162954510,亚马逊,B0GH1Z75DK,https://m.media-amazon.com/images/I/31js5KOuSzL._AC_US200_.jpg,"tonies Hörfigur für Toniebox, My First Reise Set, Fahrzeuge entdecken für Kinder ab 1 Jahr, Spielzeit ca. 36 Minuten",https://www.amazon.de/dp/B0GH1Z75DK?th=1,1769040000000,100,德国,婴幼儿
1776162954510,亚马逊,B0GH26Q1BC,https://m.media-amazon.com/images/I/51Q+IMExwlL._AC_US200_.jpg,"tonies Hörfigur für Toniebox, My First Dschungel Set, Dschungeltiere entdecken für Kinder ab 1 Jahr, Spielzeit ca. 36 Minuten",https://www.amazon.de/dp/B0GH26Q1BC?th=1,1769040000000,300,德国,婴幼儿
1776162954510,亚马逊,B0GH2GL2H1,https://m.media-amazon.com/images/I/41HtoIR3vqL._AC_US200_.jpg,"tonies Hörfigur für Toniebox, My First Bauernhof Set, Bauernhoftiere entdecken für Kinder ab 1 Jahr, Spielzeit ca. 36 Minuten",https://www.amazon.de/dp/B0GH2GL2H1?th=1,1769040000000,1000,德国,婴幼儿
1776162954510,亚马逊,B0FPXT4B9J,https://m.media-amazon.com/images/I/81RVSi3K67L._AC_US200_.jpg,"LEGO Star Wars 75420 SMART Play: Lukes Landspeeder - Kompatibles Interaktives Spielzeug inkl. SMART Tag und Luke Skywalker Minifigur - Geschenkidee für Jungen, Mädchen & Erwachsene Fans ab 6 Jahren",https://www.amazon.de/dp/B0FPXT4B9J?th=1,1769040000000,200,德国,建筑-
1776162954510,亚马逊,B0GG8K8C1H,https://m.media-amazon.com/images/I/81pTy7uzb5L._AC_US200_.jpg,Prickelnadel Set Kinder mit 10 Vorlagen - Prickelset für Kinder - 2x Prickelnadel mit Holzgriff & 2x Prickelfilz (20cm x 15cm x 1cm) – Ergonomisch & sicher – Ideal zum Prickeln – Made in Germany,https://www.amazon.de/dp/B0GG8K8C1H?th=1,1769040000000,300,德国,工艺
1776162954510,亚马逊,B0G81P32KK,https://m.media-amazon.com/images/I/517T5h2a+bL._AC_US200_.jpg,"8 Stück Ostern Basteln Kinder, Oster Kranz DIY Kit, Kaninchen Ei Osterkranz Bastelset, Osterbastelarbeiten für Kinder, Osterhase Moosgummi Bastelset, Ostergeschenke Ostereier Kinderhandwerk Set",https://www.amazon.de/dp/B0G81P32KK?th=1,1769040000000,100,德国,工艺
1776162954510,亚马逊,B0G7H58QNW,https://m.media-amazon.com/images/I/4109PYiq3-L._AC_US200_.jpg,Blaue Luftballons Hellblau Metallicblau Weiß FQZYLCH 60 Stück 12 zoll Latex Helium Ballons Blaue Konfetti Luftballons Set für Mann Junge Geburtstag Hochzeit Babyparty Taufe Ostern Feier Deko,https://www.amazon.de/dp/B0G7H58QNW?th=1,1769040000000,100,德国,派对
1776162954510,亚马逊,B0CL7N2D8C,https://m.media-amazon.com/images/I/717dMKpKWDL._AC_US200_.jpg,"Joyreal Busy Board Baby Montessori Spielzeug ab 1 Jahr, Motorikspielzeug Activity Board mit 19 LED, Sensorik Spielzeug Holzspielzeug Lernspielzeug, Geschenk Jungen und Mädch ab 1 2 3 Jahr",https://www.amazon.de/dp/B0CL7N2D8C?th=1,1769040000000,400,德国,婴幼儿
1776162954510,亚马逊,B0GF1KPMJT,https://m.media-amazon.com/images/I/71gL9PqOEpL._AC_US200_.jpg,Konijiwa Montessori Busy Board Spielzeug ab 1 Jahr Activity Board Holzspielzeug mit 12 Schalter 24 LED-Leuchten Spielzeug Sensory Learning Toys für 1 2 3 Jahre Jungen Mädchen,https://www.amazon.de/dp/B0GF1KPMJT?th=1,1769040000000,500,德国,实验
1776162954510,亚马逊,B0GHNZCWCD,https://m.media-amazon.com/images/I/71eQ+6jEdCL._AC_US200_.jpg,"Depesche 14182 Snukis - Kuscheltier Drache in Schwarz und Silber, mit weichem Fell und Silber Glitzer-Augen, ca. 50 cm großes Plüschtier",https://www.amazon.de/dp/B0GHNZCWCD?th=1,1768953600000,100,德国,Plüsch-Spielzeug
1776162954510,亚马逊,B0GDDNNJC2,https://m.media-amazon.com/images/I/81sYiz9kKsL._AC_US200_.jpg,"Hitster Erweiterungspack, Urban & Hip Hop – Musik Partys Brettspiel für Erwachsene, Kartenspiel & Musikquiz – 150+ R&B & Rap Lieder – Partys, Familie und Freunde Spieleabende – 2 bis 10 Spieler (DE)",https://www.amazon.de/dp/B0GDDNNJC2?th=1,1768953600000,1000,德国,游戏
1776162954510,亚马逊,B0FZSPJLL9,https://m.media-amazon.com/images/I/51K2f9-nxDL._AC_US200_.jpg,"Eierfarben Ostern, Eier Färben Set, Ostereierfarbe Bastelset Ostern mit Eierfärbetabletten Ostereier Aufkleber Schüsseln, Osterfarben Eier für Mädchen Jungen, Osteraktivitäten Geschenke Kinder",https://www.amazon.de/dp/B0FZSPJLL9?th=1,1768953600000,100,德国,工艺
1776162954510,亚马逊,B0GHBNC1SY,https://m.media-amazon.com/images/I/61VScb7dBrL._AC_US200_.jpg,"Seifenblasenspielzeug , Seifenblasen Stressabbau Accessoire, Mini Seifenblasenbläser, Seifenblasenstäbe, Blasen Lösung, Stressabbau, Spielzeug Spaß Erwachsene, Neuheit Geschenke für Geburtstage (C)",https://www.amazon.de/dp/B0GHBNC1SY?th=1,1768953600000,100,德国,体育
1776162954510,亚马逊,B0FWWQ4VWC,https://m.media-amazon.com/images/I/616Fu0wcBiL._AC_US200_.jpg,"Snowflake Soft Cube Squeeze Toy – small and Medium Ice Cube Stress Relief Toys, Sensory Stress Relief Toys, Soft Cubes for Kids and Adults – Durable Design (Medium pink)",https://www.amazon.de/dp/B0FWWQ4VWC?th=1,1768953600000,100,德国,党-
1776162954510,亚马逊,B0GF81XZLY,https://m.media-amazon.com/images/I/51AyJ1IvRpL._AC_US200_.jpg,Puzzle Personalisiert 120/200/300/500/520/700/1000/1200/1314/1500 Teile Foto Personalisiertes Puzzle Puzzle Selbst Gestalten Puzzle Erwachsene Fotopuzzle - für Erwachsene & Kinder,https://www.amazon.de/dp/B0GF81XZLY?th=1,1768953600000,100,德国,拼图
1776162954510,亚马逊,B0GFTD3826,https://m.media-amazon.com/images/I/71FK6jK6R5L._AC_US200_.jpg,"Asslye Elektrischer Osterhase Plüschtier, Interaktives Kaninchen mit Geräuschen & Beweglichen Ohren, Hüpfendes Spielzeug für Ostergeschenk, Krabbelnder Stoffhase für Kinder ab 1 2 3 Jahre",https://www.amazon.de/dp/B0GFTD3826?th=1,1768953600000,300,德国,毛绒玩具
1776162954510,亚马逊,B0FSFLW4DB,https://m.media-amazon.com/images/I/61L+u2NozZL._AC_US200_.jpg,TK Gruppe Timo Klingler Augenmaske - Gothic & Venezianisch - Spitze Maske für Halloween - Damen Maskenball Spitzenmaske,https://www.amazon.de/dp/B0FSFLW4DB?th=1,1768953600000,100,德国,儿童角色扮演游戏
1776162954510,亚马逊,B0G13878TT,https://m.media-amazon.com/images/I/41+5-upEd5L._AC_US200_.jpg,"Drahtloses Bluetooth Mikrofon Karaoke, Mikrofon Kinder, Spielzeug Kinder, 5 in 1 KTV Karaoke Maschine Ab 3 4 5 6 7 8 9 10 11 12 Kind Geburtstag Geschenke",https://www.amazon.de/dp/B0G13878TT?th=1,1768867200000,100,德国,电子玩具
1776162954510,亚马逊,B0GFWXD2RH,https://m.media-amazon.com/images/I/4155VH7hRqL._AC_US200_.jpg,Maskworld Pippi Langstrumpf – Herr Nilsson AFFE Plüschtier - original lizenziert - Stofftier Kuscheltier Accessoire Zubehör zum Pippi-Kostüm,https://www.amazon.de/dp/B0GFWXD2RH?th=1,1768867200000,100,德国,Plüsch-Spielzeug
1776162954510,亚马逊,B0G6FNMH26,https://m.media-amazon.com/images/I/71Ni1lmfo-L._AC_US200_.jpg,"KOSMOS 621452 Gecko Bot – Experimentierkasten & Roboter-Bausatz für Kinder ab 8 Jahren, Scheibenkletter-Roboter mit Motor & Saugnäpfen, Bionik entdecken, Technik-Spielzeug zum Selberbauen",https://www.amazon.de/dp/B0G6FNMH26?th=1,1768867200000,100,德国,实验
1776162954510,亚马逊,B0GHJTPXY4,https://m.media-amazon.com/images/I/61lwbO4kXWL._AC_US200_.jpg,80er 90er Jahre Outfit Retro Bad Taste - Trainingsanzug Overall - Herren & Damen - Fasching & Karneval - Jogginganzug,https://www.amazon.de/dp/B0GHJTPXY4?th=1,1768867200000,200,德国,儿童角色扮演游戏
1776162954510,亚马逊,B0FYM862Z3,https://m.media-amazon.com/images/I/91lOiSIAajL._AC_US200_.jpg,"Magnetische Bausteine,150 Teile Magnetbausteine Magnetspielzeug Magneten Kinder,Geschenke Kinder,Magnetbausteine Kinde ab 3 4 5 6 7 8 9 10 Jahre,Baue Mine Magnet Welt,Hochleistung",https://www.amazon.de/dp/B0FYM862Z3?th=1,1768867200000,100,德国,建筑-
1776162954510,亚马逊,B0FPXDYG89,https://m.media-amazon.com/images/I/81RxmyJewUL._AC_US200_.jpg,"LEGO | Disney Ferkels Geburtstagsspaß - Spielzeug mit niedlicher Tierfigur, Geburtstagskuchen & Sammler Minifigur - Geschenkidee für Mädchen ab 9 Jahren & Fans - 43305",https://www.amazon.de/dp/B0FPXDYG89?th=1,1768867200000,100,德国,建筑-
1776162954510,亚马逊,B0G6XWR5S5,https://m.media-amazon.com/images/I/91uAyX3pRrL._AC_US200_.jpg,Magnetische Bausteine Bauspielzeug 100 Pcs Magnetbausteine für Kinder Montessori Kreative Spielzeug ab 3 4 5 6 7 8 Jahre Junge und Mädchen Magnetic Blocks Geschenke für Kinder （Lava）,https://www.amazon.de/dp/B0G6XWR5S5?th=1,1768867200000,300,德国,建筑-
1776162954510,亚马逊,B0FJS8L5TS,https://m.media-amazon.com/images/I/511EaWy8LAL._AC_US200_.jpg,"36 Stück Flummies für Kinder 30mm, Flummi Planeten Gummibälle als Mitgebsel Kindergeburtstag, Bunte Hüpfbälle zur Pinata Füllung, Gastgeschenke für Party & Schule",https://www.amazon.de/dp/B0FJS8L5TS?th=1,1768867200000,100,德国,派对
1776162954510,亚马逊,B0G9DTD91J,https://m.media-amazon.com/images/I/51yfVluct1L._AC_US200_.jpg,"Sammelalbum für Pokemon Karten, 50 Seiten 400 Karten Kapazität Sammelkarten Album Sammelmappe Karten Ordner Heft, Tragbar Wasserdicht PU-Material Sammelkartenalben, Geschenk für Kinder (PK400)",https://www.amazon.de/dp/B0G9DTD91J?th=1,1768867200000,100,德国,收藏玩具
1776162954510,亚马逊,B0GHP4NPML,https://m.media-amazon.com/images/I/71V8O2PQ5LL._AC_US200_.jpg,"Depesche 14182 Snukis - Kuscheltier Drache in Rosa, mit weichem Fell und rosa Glitzer-Augen, ca. 50 cm großes Plüschtier",https://www.amazon.de/dp/B0GHP4NPML?th=1,1768780800000,100,德国,Plüsch-Spielzeug
1776162954510,亚马逊,B0FJYH6JRK,https://m.media-amazon.com/images/I/61tpSRYYX+L._AC_US200_.jpg,"Five Nights at Freddy’s FNF0003 - Classic Bonnie - 12,5 cm - bewegliche Figur mit Schreckfunktion und Augen, die im Dunkeln leuchten - offizielle Jazwares Figur",https://www.amazon.de/dp/B0FJYH6JRK?th=1,1768780800000,100,德国,Spielzeugfiguren
1776162954510,亚马逊,B0G4DC4VNW,https://m.media-amazon.com/images/I/711yOIfYTgL._AC_US200_.jpg,"Tastatur-Schlüsselanhänger mit LED-Licht – Klickbarer Fidget-Clicker für Erwachsene zum Stressabbau, Mini-Tastatur als Sensorik-Spielzeug, Büro- und Reisebegleiter",https://www.amazon.de/dp/B0G4DC4VNW?th=1,1768780800000,100,德国,党-
1776162954510,亚马逊,B0GFXD3XHN,https://m.media-amazon.com/images/I/71ihtddJXVL._AC_US200_.jpg,"3 kleine Drachen mit Kristallen, niedlich, mit Ei, 3D-Druck, Dekoration, Universum, Fantasie, Fidget Toy, Spielzeug, Geschenkidee, einzigartige Dekoration, Innendekoration, Schlafzimmer, Wohnzimmer",https://www.amazon.de/dp/B0GFXD3XHN?th=1,1768780800000,100,德国,Spielzeugfiguren
1776162954510,亚马逊,B0GFSQ1QRB,https://m.media-amazon.com/images/I/711OlNfXdaL._AC_US200_.jpg,"Hefte für karten 55 Seiten 440 Karten Kapazität, Sammelkarten Album für Sammelalbum Karten, Hochwertiges Wasserdicht PU Leder Kartensammlung Sammelalbum.",https://www.amazon.de/dp/B0GFSQ1QRB?th=1,1768780800000,500,德国,收藏玩具
1776162954510,亚马逊,B0FX2Z6925,https://m.media-amazon.com/images/I/81pG2OzUYAL._AC_US200_.jpg,"Bastelset Kinder ab 6 Jahre, Geschenk Mädchen 7 8 9 10 Jahre, Basteln Mädchen 5-12 Jahre Stifte Selber Machen Set Kinder, Kindergeburtstag Kreativspielzeug DIY Personalisierte Stift",https://www.amazon.de/dp/B0FX2Z6925?th=1,1768780800000,200,德国,工艺
1776162954510,亚马逊,B0GHLPPZGQ,https://m.media-amazon.com/images/I/81BbyltxLaL._AC_US200_.jpg,"12 Stück Einladungskarten Kindergeburtstag, Einladung Geburtstag, Invitations Card, Party Einladungskarten Deutsch",https://www.amazon.de/dp/B0GHLPPZGQ?th=1,1768780800000,100,德国,派对
1776162954510,亚马逊,B0GF9978QJ,https://m.media-amazon.com/images/I/61l9I16ILBL._AC_US200_.jpg,12x Grün/Schwarz 67 Einladungskarten – Teenager & Kindergeburtstag für Jungen & Mädchen – coole Urban- & Graffiti Einladungen inkl. Messenger Bild & Urlaubsgutschein,https://www.amazon.de/dp/B0GF9978QJ?th=1,1768780800000,100,德国,派对
1776162954510,亚马逊,B0GFSBQVRG,https://m.media-amazon.com/images/I/41mWwODgQJL._AC_US200_.jpg,"PANTASY Retro Nähmaschine Baustein-Modell, Vintage Handkurbel mit Funktionierendem Zahnrad-Mechanismus & Versteckter Mini-Schneiderei, Sammler- und Ausstellungsstück für Erwachsene",https://www.amazon.de/dp/B0GFSBQVRG?th=1,1768694400000,200,德国,建筑-
1776162954510,亚马逊,B0GGLLGG6M,https://m.media-amazon.com/images/I/41nIis5ax-L._AC_US200_.jpg,"UMU® Mini Arztkoffer Kinder Spielset aus Holz - mit Stethoskop, Blutdruckmessgerät und mehr, Doktorkoffer Spielzeug zum Rollenspiel, 14-TLG. Medizinische Kit für Mädchen ab 3, 4, 5 Jahre",https://www.amazon.de/dp/B0GGLLGG6M?th=1,1768694400000,100,德国,儿童角色扮演游戏
1776162954510,亚马逊,B0G6XZWM95,https://m.media-amazon.com/images/I/81XGbEIoacL._AC_US200_.jpg,"Wadendehner Schrägbrett aus Holz, 5 Winkeln Slant Stretch Board mit Trainingsposter und 2 Widerstandsbändern, Verstellbar Wadenstrecker mit Tragegriff, Mobility Balance Board, Schräges Brett",https://www.amazon.de/dp/B0G6XZWM95?th=1,1768694400000,100,德国,体育
1776162954510,亚马逊,B0GCP23VY1,https://m.media-amazon.com/images/I/71DMnbZALnL._AC_US200_.jpg,SCHLEICH ELDRADOR Creatures | Schatten Lemur 70855 | detailgetreue Monster Figur mit Rückenkristallen | hochwertige Figuren zum Sammeln & Spielen | Geschenk für Kinder ab 7 Jahren | 13 x 6 x 7 cm,https://www.amazon.de/dp/B0GCP23VY1?th=1,1768608000000,400,德国,Spielzeugfiguren
1776162954510,亚马逊,B0GGBTW41F,https://m.media-amazon.com/images/I/7161bGyrMoL._AC_US200_.jpg,"Seifenblasenspielzeug Zigarette Gefälschte Zigarettenblasenmaschine Mini Blasen Blasen Spielzeug Zigarette Bubble Blower Blasen-Zigarette Stressabbau Spielzeug für Partys (02G, One Size)",https://www.amazon.de/dp/B0GGBTW41F?th=1,1768608000000,100,德国,体育
1776162954510,亚马逊,B0G6YQLMLM,https://m.media-amazon.com/images/I/51gSw9rU7XL._AC_US200_.jpg,"1 PCS Erdnuss Kuscheltier, Erdnuss Plüschpuppe mit Lächelndem Gesicht, Amuseable Peanut plushie mit Beinen, Deko & Geschenkidee für Geburtstag & Party (15CM)",https://www.amazon.de/dp/B0G6YQLMLM?th=1,1768608000000,200,德国,Plüsch-Spielzeug
1776162954510,亚马逊,B0G5QFX98Q,https://m.media-amazon.com/images/I/41ZaDH0PYCL._AC_US200_.jpg,FIFA World Cup 2026 Adrenalyn XL Mega Tin,https://www.amazon.de/dp/B0G5QFX98Q?th=1,1768608000000,300,德国,游戏
1776162954510,亚马逊,B0G8CZ648Z,https://m.media-amazon.com/images/I/61ygfq4JCIL._AC_US200_.jpg,"Cartoon Kuscheltier, 30 cm Cartoon Plüschtier, Soft Toys, Plüsch Kuscheltier, Kuscheltier Puppen, Plüschfigur für Kinder Mädchen Jungen",https://www.amazon.de/dp/B0G8CZ648Z?th=1,1768608000000,100,德国,Plüsch-Spielzeug
1776162954510,亚马逊,B0FSL2C5ZP,https://m.media-amazon.com/images/I/51n+zq4DBPL._AC_US200_.jpg,"HiWEEGO Blumen Rosen Bausatz mit LED Licht, 232 Teile Schwarzer Rosenstrauß, 3.6MM Blumenstrauß Baustein Spielzeug, Botanische Kollektion Valentinstagsgeschenk für Mädchen, Erwachsene und Frauen",https://www.amazon.de/dp/B0FSL2C5ZP?th=1,1768608000000,100,德国,建筑-
1776162954510,亚马逊,B0G8H32B6D,https://m.media-amazon.com/images/I/51n45TL1SOL._AC_US200_.jpg,"400 Stück Aufkleber Ostern Moosgummi, Sticker Ostern, Ostereier Aufkleber, Sticker für Ostereier, Ei Hasen Küken Blumen Stickers, Osterbastelset für Kinder Kunsthandwerk Partyartikel Heimdekoration",https://www.amazon.de/dp/B0G8H32B6D?th=1,1768608000000,100,德国,工艺
1776162954510,亚马逊,B0G7XHLH2F,https://m.media-amazon.com/images/I/51wpjhzvm9L._AC_US200_.jpg,"Doloowee Wasserspieltisch, Großer Wassertisch mit 12-teiligem Zubehörset, Garten Draußen Wasser Spieltisch für Kinder 3 4 5 Jahre Alt",https://www.amazon.de/dp/B0G7XHLH2F?th=1,1768608000000,100,德国,体育
1776162954510,亚马逊,B0FLFCX4HF,https://m.media-amazon.com/images/I/41A8-Wm4LJL._AC_US200_.jpg,"Little Live Pets Baby Monkey Minis – interaktiver Plüschaffe Luna Lemon mit über 20 realistischen Geräuschen & Reaktionen, 18,8 cm, weiches rosa Fell und griffige Hände & Füße, sammle alle 3",https://www.amazon.de/dp/B0FLFCX4HF?th=1,1768521600000,100,德国,Plüsch-Spielzeug
1776162954510,亚马逊,B0FLG4FL32,https://m.media-amazon.com/images/I/41-IN-moc1L._AC_US200_.jpg,"Little Live Pets Baby Monkey Minis – interaktiver Plüschaffe Pepi Peach mit über 20 realistischen Geräuschen & Reaktionen, 18,8 cm, weiches braunes Fell und griffige Hände & Füße, sammle alle 3",https://www.amazon.de/dp/B0FLG4FL32?th=1,1768521600000,100,德国,Plüsch-Spielzeug
1776162954510,亚马逊,B0GGHSKQ48,https://m.media-amazon.com/images/I/81uxE1yW5PL._AC_US200_.jpg,"Pokémon (Sammelkartenspiel), PKM Tin 126 Mega-Glurak X",https://www.amazon.de/dp/B0GGHSKQ48?th=1,1768521600000,2000,德国,爱好
1776162954510,亚马逊,B0GGJ7KCW6,https://m.media-amazon.com/images/I/81TAx81SylL._AC_US200_.jpg,"Pokémon (Sammelkartenspiel), PKM Tin 127 Mega-Glurak Y",https://www.amazon.de/dp/B0GGJ7KCW6?th=1,1768521600000,800,德国,爱好
1776162954510,亚马逊,B0GCPJF2L2,https://m.media-amazon.com/images/I/71rRZHxppcL._AC_US200_.jpg,schleich ELDRADOR Creatures | Stein Kröte 70857 | detailgetreue Monster Sammelfigur mit Rückenkristallen | hochwertige Figuren zum Sammeln & Spielen | Geschenk für Kinder ab 7 Jahren | 14 x 8 x 5 cm,https://www.amazon.de/dp/B0GCPJF2L2?th=1,1768521600000,400,德国,Spielzeugfiguren
1776162954510,亚马逊,B0GCPLD2R9,https://m.media-amazon.com/images/I/41g8VujhMaL._AC_US200_.jpg,schleich Horse Club | Mustang Hengst 14921 | detailgetreues Pferd | Geschenk für Mädchen und Jungen | Deko & Sammelfigur | schleich Pferde Spielzeug für Kinder ab 5 Jahren | 12 x 5 x 16 cm,https://www.amazon.de/dp/B0GCPLD2R9?th=1,1768521600000,100,德国,Spielzeugfiguren
1776162954510,亚马逊,B0GGBRCW93,https://m.media-amazon.com/images/I/81XrQRDKuKL._AC_US200_.jpg,reer Clip&Go Magnetclip für Kinderwagen & Babyschalen | 2er-Set zum Befestigen von Mulltüchern & Spielzeug | starker Halt ohne Haken oder Klettverschluss | braun,https://www.amazon.de/dp/B0GGBRCW93?th=1,1768521600000,300,德国,婴幼儿
1776162954510,亚马逊,B09MHMZLL4,https://m.media-amazon.com/images/I/71sX8pSNmHL._AC_US200_.jpg,"Squishmallows SQER01489 - Buttons der Hase mit Cupcake 19 cm, offizielles Jazwares Plüsch, superweiches Kuscheltier",https://www.amazon.de/dp/B09MHMZLL4?th=1,1768521600000,300,德国,娃娃机
1776162954510,亚马逊,B0GG4M5FTQ,https://m.media-amazon.com/images/I/71T83kL-quL._AC_US200_.jpg,"mo:mo Kinderball Klein 12,7 cm - Blau - Spielball Kinder & Gummiball Kleinkind ab 1 Jahr - Weicher Fußball & Softball für Indoor & Outdoor",https://www.amazon.de/dp/B0GG4M5FTQ?th=1,1768521600000,300,德国,运动与户外
1776162954510,亚马逊,B0G1SYRTFY,https://m.media-amazon.com/images/I/51WIRyfg15L._AC_US200_.jpg,"Kletterseil-Schaukel, Outdoor-Kinderschaukel mit Sitzplatte verstellbare Seillänge Traglast bis 200 kg für Garten Park Spielplatz (Grün)",https://www.amazon.de/dp/B0G1SYRTFY?th=1,1768521600000,100,德国,体育
1776162954510,亚马逊,B0GFCZ4MKW,https://m.media-amazon.com/images/I/51T4DiBgI-L._AC_US200_.jpg,"24x Ostereier Plastik, überraschungsei Ostern, 6cm Plastikeier Kunststoffeier überraschungseier, Ostern Eier zum Befüllen, Bunte Eier aus Kunststoff, Zum Füllen von Süßigkeiten Geschenken an Oster",https://www.amazon.de/dp/B0GFCZ4MKW?th=1,1768521600000,100,德国,派对及娱乐商品
1776162954510,亚马逊,B0FTTBWKRT,https://m.media-amazon.com/images/I/41o7m56ZNVL._AC_US200_.jpg,"ScruffaLuvs Häschen-Scruffs, Überraschungsplüschtier, 14 cm, Häschen-Scruff mit magischer Enthüllung im Wasser, inklusive Deluxe-Transportbox, 29 cm",https://www.amazon.de/dp/B0FTTBWKRT?th=1,1768521600000,200,德国,电子玩具
1776162954510,亚马逊,B0056GRGN2,https://m.media-amazon.com/images/I/51MHjdoBmmL._AC_US200_.jpg,LEGO City Rides – Construction Loader Toy - Excavator Building Set w/a Worker Junior Minifigure - Party Bag Fillers - Small Collectible Gift for 5+ Year Old Boys - 60483,https://www.amazon.de/dp/B0056GRGN2?th=1,1768521600000,300,德国,建筑玩具
1776162954510,亚马逊,B0FMQTQS7J,https://m.media-amazon.com/images/I/71y3YEpr0uL._AC_US200_.jpg,"Ostergeschenke Kinder, 12 Farbige Regenbogenstifte, Kleine Ostergeschenke Kinder Geschenk Mädchen 9 Jahre, Ostern Geschenke für Mädchen Jungen 4-12 Jahre alt zum Geburtstag Weihnachten",https://www.amazon.de/dp/B0FMQTQS7J?th=1,1768521600000,300,德国,工艺
1776162954510,亚马逊,B0GCQ1WT6L,https://m.media-amazon.com/images/I/410oRjQSZ7L._AC_US200_.jpg,Schleich Dinosaurs | Säbelzahntiger 15054 | detailgetreue Tierfiguren | Geschenk für Jungen und Mädchen | Robustes Spielzeug zum Spielen und Sammeln | Spielfigur ab 5 Jahren | 14 x 7 x 3 cm,https://www.amazon.de/dp/B0GCQ1WT6L?th=1,1768435200000,200,德国,Spielzeugfiguren
1776162954510,亚马逊,B0GCQC3S9Q,https://m.media-amazon.com/images/I/81K4E2sQvML._AC_US200_.jpg,"schleich FARM WORLD | Spielspaß für Katzen 42764 | Spielset mit Katzenhaus, 3 Katzen, Kratzbaum & Zubehör | detailgetreues Bauernhof Spielzeug | Geschenkidee für Jungen & Mädchen ab 3 Jahre | 12 Teile",https://www.amazon.de/dp/B0GCQC3S9Q?th=1,1768435200000,200,德国,Spielzeugfiguren
1776162954510,亚马逊,B0G8GY2PBN,https://m.media-amazon.com/images/I/61Hnf3Q+VwL._AC_US200_.jpg,"Simba Steffi Love Mermaizing – Meerjungfrau-Puppe mit Regenbogen-Lichtfunktion, extra langem Haar, Delfinfigur & Haarclips, 39 cm groß, Try-Me Funktion, ab 3 Jahren",https://www.amazon.de/dp/B0G8GY2PBN?th=1,1768435200000,100,德国,娃娃机
1776162954510,亚马逊,B0GGDV8B4C,https://m.media-amazon.com/images/I/51tYpjRBGHL._AC_US200_.jpg,"Aufblasbare Osterhasenohren Ringwurfspiel (2 Set / 8 Ringe) – Wurfspiel für drinnen & draußen – Lustige Kaninchenohren als Ostergeschenk für Kinder, Familie & Party",https://www.amazon.de/dp/B0GGDV8B4C?th=1,1768435200000,100,德国,派对
1776162954510,亚马逊,B0G91T9B7T,https://m.media-amazon.com/images/I/41FJT9baw2L._AC_US200_.jpg,"Magnetic Fidget Balls for Adults, 8Pcs Silicone Sensory Stress Relief Balls with Autism, ADHD, Anxiety, Quiet Executive Desk Fidget Balls,Christmas Stocking Fillers for Teenage Girls Women",https://www.amazon.de/dp/B0G91T9B7T?th=1,1768435200000,100,德国,党-
1776162954510,亚马逊,B0G7LXMZDH,https://m.media-amazon.com/images/I/4128kd86uqL._AC_US200_.jpg,PLAYMOBIL | Princess | DREI Prinzessinnen | 3 Figuren mit Wechselkleidung und Accessoires | Fördert die Kreativität | Prinzessin Spielzeug ab 4 Jahren | 72055,https://www.amazon.de/dp/B0G7LXMZDH?th=1,1768435200000,100,德国,Spielzeugfiguren
1776162954510,亚马逊,B0GCPC31Q9,https://m.media-amazon.com/images/I/41yDxiImlSL._AC_US200_.jpg,schleich ELDRADOR Creatures | EIS Luchs 70856 | Monster mit transparenten Rückenkristallen | hochwertige Figuren zum Sammeln & Spielen | Geschenk für Kinder ab 7 Jahren | 16 x 6 x 9 cm,https://www.amazon.de/dp/B0GCPC31Q9?th=1,1768435200000,200,德国,Spielzeugfiguren
1776162954510,亚马逊,B0GD5Q2LZK,https://m.media-amazon.com/images/I/51P34q-v9iL._AC_US200_.jpg,"Wortspiel, Brettspiele für Kinder und Erwachsene mit 2 Modi, 24 Tasten Buchstaben Drücken Familienspiel Partyspiele mit Deutscher Aussprache,Puzzlespiel für Jungen und Mädchen ab 3 Jahren,Rot",https://www.amazon.de/dp/B0GD5Q2LZK?th=1,1768435200000,100,德国,游戏
1776162954510,亚马逊,B0FJ2QF9W4,https://m.media-amazon.com/images/I/513u4VSzYWL._AC_US200_.jpg,Nene Toys Steckspiel Holz ab 2 Jahre – Montessori Lernspielzeug zur Farbzuordnung & Feinmotorik – Mosaik Button Art Spiel mit 24 Holzsteckern & 12 Karten – Holzspielzeug Kinder,https://www.amazon.de/dp/B0FJ2QF9W4?th=1,1768348800000,400,德国,工艺
1776162954510,亚马逊,B0B3WJ36YX,https://m.media-amazon.com/images/I/81zIZmsVzPL._AC_US200_.jpg,"Fortgeschrittene Pädagogische Elektro Kit – Elektrobaukasten für Kinder, Elektronik Baukasten, Elektro Baukasten, Kinder Electric, Elektro Experimentierkasten, Easy Elektro Start",https://www.amazon.de/dp/B0B3WJ36YX?th=1,1768348800000,100,德国,实验
1776162954510,亚马逊,B0GGGPVGYP,https://m.media-amazon.com/images/I/71KPmoIFq8L._AC_US200_.jpg,"LALAHO Kinder Elektroauto Mercedes AMG G63,12V 7ah, mit 2.4G Fernbedienung, Kinderauto Kinderfahrzeug，Elektrofahrzeuge für ab 3 Jahre (Schwarz)",https://www.amazon.de/dp/B0GGGPVGYP?th=1,1768348800000,100,德国,体育
1776162954510,亚马逊,B0GFCSRCYB,https://m.media-amazon.com/images/I/717QdS9jPdL._AC_US200_.jpg,"Video Walkie Talkie Kinder, Spielzeug ab 3 4 5 6 7 8 Jahren, 2er Set Walky Talky mit 1000mAh Akku Weihnachten Geschenk Spielzeug 3-12 Jahre Junge und Mädchen Funkgeräte Set für Abenteuer im Freien",https://www.amazon.de/dp/B0GFCSRCYB?th=1,1768348800000,100,德国,电子玩具
1776162954510,亚马逊,B0G4JSD1BD,https://m.media-amazon.com/images/I/41iCDq8ny8L._SS200_.jpg,"Beißspielzeug Baby ab 3 Monate, Sensorik Rassel Greifball Babyspielzeug aus Silikon, Montessori Motorikspielzeug Baby Geschenk ab 0 6 9 Monate 1 jahr (Blau)",https://www.amazon.de/dp/B0G4JSD1BD?th=1,1768348800000,500,德国,婴幼儿
1776162954510,亚马逊,B0GCNW8Y87,https://m.media-amazon.com/images/I/61Q9ZDhcdrL._AC_US200_.jpg,Schleich Dinosaurs | Triceratops 15050 | Dino mit beweglichem Kopf | Dinosaurier Spielzeug zum Sammeln | Geschenk für Mädchen & Jungen | Dino Spielzeug ab 3 Jahre | 22 x 7 x 9 cm,https://www.amazon.de/dp/B0GCNW8Y87?th=1,1768348800000,300,德国,Spielzeugfiguren
1776162954510,亚马逊,B0G25K1BWY,https://m.media-amazon.com/images/I/71wNMmekHtL._AC_US200_.jpg,"LESONG 6 Stück Sensory Stressballs, Anti Stress Bälle Fidget Spielzeug für Kinder Erwachsene, Squishy Balls Anti Stress Spielzeug für ADHD Autismus Geburtstag Klassenzimmer Geschenke",https://www.amazon.de/dp/B0G25K1BWY?th=1,1768348800000,500,德国,党-
1776162955959,亚马逊,B0GS18FK7R,https://m.media-amazon.com/images/I/61l7nJAtCWL._AC_US200_.jpg,"Oilkas Demon Hunters Toys Set, Demon Hunters Dolls Set, 11.8-inch Poseable Dolls with Movable Joints, 60 Stickers Included Suitable for Fans and Kids Game Gift",https://www.amazon.com/dp/B0GS18FK7R?th=1,1773187200000,1000,美国,娃娃
1776162955959,亚马逊,B0GHMZY4HW,https://m.media-amazon.com/images/I/81zfQNupHmL._AC_US200_.jpg,MGparty Pool Toys Games Set - Giant Tic Tac Toe Pool Toy Floating Board with 10 Balls - Summer Inflatable Outdoor Fun Field Day Beach Backyard Toys Floats for Kids Adults Teens (2-10 Players),https://www.amazon.com/dp/B0GHMZY4HW?th=1,1773187200000,200,美国,体育
1776162955959,亚马逊,B0GKFD8YPK,https://m.media-amazon.com/images/I/61k0MZ6Q+JL._AC_US200_.jpg,"Drofex 24PCS Easter 3D Printed Dragon Eggs, Prefilled Easter Dragon Egg with Dragon Toy for Basket Stuffers, Goodie Bag Fillers, Classroom Prize Supplies, Unique Easter Basket Essentials for Kids",https://www.amazon.com/dp/B0GKFD8YPK?th=1,1773187200000,700,美国,玩具图
1776162955959,亚马逊,B0GKFG7KWP,https://m.media-amazon.com/images/I/51XUWhe+0wL._AC_US200_.jpg,"Drofex 12P Easter 3D Printed Dragon Eggs, Mystery Crystal Dragon Egg for Easter Basket Stuffers, Unique Easter Toys & Decor, Fantasy Tabletop Decor for Kids & Collectors",https://www.amazon.com/dp/B0GKFG7KWP?th=1,1773187200000,1000,美国,玩具图
1776162955959,亚马逊,B0GJ5NQNPC,https://m.media-amazon.com/images/I/71P0uTMhlWL._AC_US200_.jpg,"Foam Remote Control Airplanes RC Planes for Kids Adults, RC Airplane Fighter Jet with Light, 360° Flip Fighter Jet Toys, Stunt Roll, Airplane Toy Gifts for Kids Boys",https://www.amazon.com/dp/B0GJ5NQNPC?th=1,1773187200000,400,美国,遥控
1776162955959,亚马逊,B0GQ9GVR31,https://m.media-amazon.com/images/I/41tAAoWiaTL._AC_US200_.jpg,"Retro Handheld Games Console, Built-in 400 Video Games,Mini Portable Video Gaming Player with 3.0 Inch IPS Screen, Rechargeable Battery (Yellow)",https://www.amazon.com/dp/B0GQ9GVR31?th=1,1773187200000,200,美国,儿童电子产品
1776162955959,亚马逊,B0GCZLGZKZ,https://m.media-amazon.com/images/I/7111Haw4sUL._AC_US200_.jpg,"Jelly Sticker Book for Kids 2-4, Waterproof Reusable Sticker Book for Toddlers, Easy to Clean Road Trip Activities, Easter Basket Stuffers & Easter Gifts for Toddlers (Farm)",https://www.amazon.com/dp/B0GCZLGZKZ?th=1,1773187200000,200,美国,艺术
1776162955959,亚马逊,B0GGYSJKFW,https://m.media-amazon.com/images/I/91QMmXP4N6L._AC_US200_.jpg,"100 Pcs Car Theme Cartoon Stickers, Movies Cute Stickers, Can Be Used to Customize Items Like Phones, Tablets, Water Bottles, Guitars, Suitcases, Scooters, and More Into Your own Unique Possessions.",https://www.amazon.com/dp/B0GGYSJKFW?th=1,1773187200000,300,美国,艺术
1776162955960,亚马逊,B0GGBKVCCZ,https://m.media-amazon.com/images/I/41XmsACu97L._AC_US200_.jpg,"Peeps Easter Light Up Bunny Toys for Kids – 3 Pack LED Glow Party Favors for Easter Baskets, Classroom Exchange Gifts, Candy-Free Spring Toys & Holiday Giveaways",https://www.amazon.com/dp/B0GGBKVCCZ?th=1,1773187200000,400,美国,Party Supplies
1776162955960,亚马逊,B0GJLMLY92,https://m.media-amazon.com/images/I/81Eu-7xEthL._AC_US200_.jpg,"US Citizenship Flash Cards 2026, 128 USCIS Civics Test Questions and Answers, Bilingual English and Spanish Study Guide, Tarjetas de Ciudadania 2026, Preguntas para La Ciudadania 2026",https://www.amazon.com/dp/B0GJLMLY92?th=1,1773187200000,300,美国,学习
1776162955960,亚马逊,B0G5FX9JDV,https://m.media-amazon.com/images/I/81dVC3IG0zL._AC_US200_.jpg,"CUTE STONE Kids Gardening Set with Toy Wheelbarrow, Indoor & Outdoor Yard Play, Kids Garden Tools & Toddler Gardening Kit with Gloves, Pots & Watering Can, Educational Garden Toys for Boys & Girls",https://www.amazon.com/dp/B0G5FX9JDV?th=1,1773187200000,400,美国,体育
1776162955960,亚马逊,B0GHY674TT,https://m.media-amazon.com/images/I/71REK03811L._AC_US200_.jpg,"Video Walkie Talkies for Kids, 2 Pack with HD Camera, Long Range Two Way Radio with 4 Voice Effects, Christmas Birthday Gifts for Boys and Girls 3 4 5 6 7 8 9 Year Olds",https://www.amazon.com/dp/B0GHY674TT?th=1,1773187200000,500,美国,儿童电子产品
1776162955960,亚马逊,B0GRDN9N8S,https://m.media-amazon.com/images/I/610fb-b93TL._AC_US200_.jpg,"Dumpling Squishy Mystery Box, Super Soft Slow Rising TPR Tear-Resistant Smiley Face Dumpling Toy, Fidget Sensory Toys for Easter Basket Stuffers, Parties, Classroom Prizes Adults Kids（Pink）",https://www.amazon.com/dp/B0GRDN9N8S?th=1,1773187200000,2000,美国,Novelty & Gag Toys
1776162955960,亚马逊,B0GG4DDK27,https://m.media-amazon.com/images/I/51RwNZt3CtL._AC_US200_.jpg,"Bubble Gun Toys for Kids 4-8: Automatic Bubble Blaster with 2 Bottles Refill Solution - Bubble Gun for Toddlers 1-3, Summer Outdoor Toys for Easter Birthday Wedding Party Gift (Pink, Purple)",https://www.amazon.com/dp/B0GG4DDK27?th=1,1773187200000,400,美国,体育
1776162955960,亚马逊,B0GKVGM233,https://m.media-amazon.com/images/I/8113GdZ6wXL._AC_US200_.jpg,"25 PCS Reusable Water Balloons Set For Kids, 2 PCS Slingshot Launcher With Colorful Soft Balls, Outdoor Summer Water Toys For Pool Beach Backyard Water Game Fun, Birthday Party Gift For Boys Girls",https://www.amazon.com/dp/B0GKVGM233?th=1,1773187200000,200,美国,体育
1776162955960,亚马逊,B0G6JMGX5Y,https://m.media-amazon.com/images/I/81UBTYaSZNL._AC_US200_.jpg,"2026 Inflatable Pool with Sprinkler,Durable Blow up Pool with Big Backrest, Rectangle Kids Pool Backyard,Children Swimming Pool,Small Inflatable Kiddie Pool,Outdoor Water Pool for Kids-M",https://www.amazon.com/dp/B0G6JMGX5Y?th=1,1773187200000,200,美国,体育
1776162955960,亚马逊,B0GGRZ37VT,https://m.media-amazon.com/images/I/716edL3LYUL._AC_US200_.jpg,"4Pcs Electric Water Gun for Kids Adults, Automatic Squirt Gun Pistol with Water Spray Sound and Led Light, Leak-Proof Rechargeable Watergun for Summer Outdoor Pool Beach Toys for Boys (Black+Blue)",https://www.amazon.com/dp/B0GGRZ37VT?th=1,1773187200000,1000,美国,体育
1776162955960,亚马逊,B0GJ4QHJ6G,https://m.media-amazon.com/images/I/71vDhf+p5RL._AC_US200_.jpg,"Water Table Pump, 5400mAh Rechargeable Crab Water Pump Toy for Kids age 1-3 with 8Hrs Play time, IP67 Waterproof, 3 Modes Spray 2 Flow Settings Outdoor Water Toys for Water Table, BathTubs, Pool",https://www.amazon.com/dp/B0GJ4QHJ6G?th=1,1773187200000,2000,美国,运动与户外游戏
1776162955960,亚马逊,B0GRVQTN2W,https://m.media-amazon.com/images/I/719cBY249VL._AC_US200_.jpg,"Glitter Bear Stress Ball – Slow Rise Stress Relief Fidget for Adults, Soft Flexible Sensory Tool with Random Colors, 5.5cm (Random 1 Pack)",https://www.amazon.com/dp/B0GRVQTN2W?th=1,1773187200000,300,美国,Novelty & Gag Toys
1776162955960,亚马逊,B0GL23XRJH,https://m.media-amazon.com/images/I/51oI6LYjelL._AC_US200_.jpg,56 Pcs Easter Luminous Mini Resin Figurines 56 Style Glow in The Dark Little Small Resin Miniatures to Hide Bulk Bunny Chick Figures for Easter Party Favors Egg Fillers Micro Garden Landscape Decor,https://www.amazon.com/dp/B0GL23XRJH?th=1,1773187200000,700,美国,娃娃
1776162955960,亚马逊,B0GL1Z64DR,https://m.media-amazon.com/images/I/51yIfvnBPSL._AC_US200_.jpg,56 Pcs Easter Mini Resin Figures 56 Style Little Figures to Hide Tiny Small Bunny Chick Basket Carrot Bulk Miniature Figurines for Easter Egg Fillers Party Favors Fairy Garden Dollhouse Table Decor,https://www.amazon.com/dp/B0GL1Z64DR?th=1,1773187200000,1000,美国,娃娃
1776162955960,亚马逊,B0GFD6LM3L,https://m.media-amazon.com/images/I/814WENLWnOL._AC_US200_.jpg,"Blue Red Number Balloon Set Birthday Decor, Include 40 Inch Blue Red Number 5 Balloon, Mushroom Foil Balloon, Square and Star Foil Balloons for Birthday Decoration Supplies (Number 5)",https://www.amazon.com/dp/B0GFD6LM3L?th=1,1773100800000,200,美国,派对用品
1776162955960,亚马逊,B0G6W6FVZG,https://m.media-amazon.com/images/I/810VkTR2q+L._AC_US200_.jpg,6 PCS Jumbo Gold Easter Eggs 6 Inch Large Golden Metallic Easter Eggs Bulk for Filling Treats Plastic Fillable Jumbo Surprise Eggs Hunt Easter Basket Stuffers Fillers Party Favor for Kids Boys Girls,https://www.amazon.com/dp/B0G6W6FVZG?th=1,1773100800000,400,美国,扮靓
1776162955960,亚马逊,B0GKG5KBJG,https://m.media-amazon.com/images/I/81xMzH8jJAL._AC_US200_.jpg,"30 Pcs Bunny Slow Rising Squishy Toys, Squishy Fidget Toys for Kids Boys Girls, Squeeze Toys Suitable for Party Favors, Sock Filling, Birthday Gift, Easter Egg Fillers",https://www.amazon.com/dp/B0GKG5KBJG?th=1,1773100800000,1000,美国,Novelty & Gag Toys
1776162955960,亚马逊,B0GD1L4FNZ,https://m.media-amazon.com/images/I/41eJO52b7uL._AC_US200_.jpg,"Sand and Water Table Toy for Toddlers, 22 Piece Toy Accessories, 4L Large Capacity Basin, Fishing Game/Kitchen Sink Toys, Perfect Summer Gift for Kids Ages 3-8 (Green)",https://www.amazon.com/dp/B0GD1L4FNZ?th=1,1773100800000,200,美国,运动与户外游戏
1776162955960,亚马逊,B0GS34S5MQ,https://m.media-amazon.com/images/I/91RauUXGmuL._AC_US200_.jpg,"Dan&Darci Paint & Plant Stoneware Flower Gardening Kit - Easter Gifts for Girls & Boys Ages 6-12 - Kids Arts & Crafts Project Birthday Gift, STEM Activity for Age 6, 7, 8, 9, 10, 11 & 12 Year Old Girl",https://www.amazon.com/dp/B0GS34S5MQ?th=1,1773100800000,800,美国,体育
1776162955960,亚马逊,B0G5N9MYTZ,https://m.media-amazon.com/images/I/71OWRrTDxWL._AC_US200_.jpg,"CUTE STONE Kids Gardening Tool Set, Pink Wheelbarrow with Garden Toys with Watering Can, Gloves, Hand Rake, Shovel, Trowel, Outdoor/Indoor Pretend Play Toys for Toddlers Boys Girls Age 3+",https://www.amazon.com/dp/B0G5N9MYTZ?th=1,1773100800000,200,美国,体育
1776162955960,亚马逊,B0GGDVXPZ5,https://m.media-amazon.com/images/I/81+zDOyNjzL._AC_US200_.jpg,"100 Pack Prefilled Easter Eggs with Toys Inside,Plastic Eggs Fillers, Easter Basket Stuffers, Party Favors Supplies, Classroom Prizes Bulk Toys, Easter Hunt Gifts",https://www.amazon.com/dp/B0GGDVXPZ5?th=1,1773100800000,1000,美国,Party Supplies
1776162955960,亚马逊,B0G5WS2JN3,https://m.media-amazon.com/images/I/81ztFaAy1aL._AC_US200_.jpg,"100 PCS 3 Inch Large Plastic Easter Eggs Bulk Include Surprise Golden Eggs, Colorful Fillable Empty Eggs for Easter Basket Stuffers Fillers Easter Hunt Filling Party Favors Classroom Prize Supplies",https://www.amazon.com/dp/B0G5WS2JN3?th=1,1773100800000,400,美国,Party Supplies
1776162955960,亚马逊,B0GR8GXFTC,https://m.media-amazon.com/images/I/81wb9OaIWRL._AC_US200_.jpg,"2-Pack Glitter Dumpling Squishy Set - Colorful Sensory Stress Relief Collections, Random Squishy Gift Box with Sparkly Dumplings for Party Favors & Collectibles (Random-2 PCS)",https://www.amazon.com/dp/B0GR8GXFTC?th=1,1773100800000,500,美国,Novelty & Gag Toys
1776162955960,亚马逊,B0GCDTFCH5,https://m.media-amazon.com/images/I/71ttw8pvW1L._AC_US200_.jpg,"Rechargeable Bubble Machine with RGB Lights: 30,000 Bubbles Storm, Auto 360° Rotation & Remote Control - with Bubble Refill Solution & Power Display for Romantic Weddings, Kids Parties, Outdoor Fun",https://www.amazon.com/dp/B0GCDTFCH5?th=1,1773100800000,1000,美国,体育
1776162955960,亚马逊,B0GGHKX9N5,https://m.media-amazon.com/images/I/419w5mbmQrL._AC_US200_.jpg,"Axolotl Squishy Toy, Medium Squishy Axolotl Squeeze Toy, Soft Slow Rising Stress Relief Toy, Sensory Fidget Toys Squishy for Anxiety for Kids Youth Adults (Pink)",https://www.amazon.com/dp/B0GGHKX9N5?th=1,1773100800000,200,美国,Novelty & Gag Toys
1776162955960,亚马逊,B0GHPPP15J,https://m.media-amazon.com/images/I/71PMg4KPSBL._AC_US200_.jpg,"12 Pcs Prefilled Easter Eggs with Animal Finger Puppets Filled Easter Eggs for Kids Basket Fillers, Egg Hunt and Party Favors",https://www.amazon.com/dp/B0GHPPP15J?th=1,1773100800000,200,美国,Party Supplies
1776162955960,亚马逊,B0G72HCPKB,https://m.media-amazon.com/images/I/515zb8bRU4L._AC_US200_.jpg,"200 Pack 3 Inch Large Easter Eggs Bulk Include 6 Surprise Golden Eggs, Bright Colors Fillable Plastic Easter Egg Empty for Easter Hunt, Easter Basket Stuffers Fillers Party Favors",https://www.amazon.com/dp/B0G72HCPKB?th=1,1773100800000,300,美国,Party Supplies
1776162955960,亚马逊,B0GR4MN1FR,https://m.media-amazon.com/images/I/61x3pYZ6eeL._AC_US200_.jpg,"Dumpling Squishy Toy 2026 Upgraded White, Dumpling Squishy Mystery Box, Dumplings Stress Balls Fidget Sensory Toy, Soft Squeeze Decompression Dough for Adults(White No Steamer Basket)",https://www.amazon.com/dp/B0GR4MN1FR?th=1,1773100800000,700,美国,Novelty & Gag Toys
1776162955960,亚马逊,B0GJSJ148F,https://m.media-amazon.com/images/I/41MwqIhWYoL._AC_US200_.jpg,"Oversized Dense Gel Stress Cube (2.55"") - Anxiety Relief Fidget Toy - Larger, Firmer, Slow-Rise - Dual-Reinforced Leak-Proof Design - Premium Sensory Gift for Adults & Teens",https://www.amazon.com/dp/B0GJSJ148F?th=1,1773100800000,400,美国,Novelty & Gag Toys
1776162955960,亚马逊,B0GHLWTBSL,https://m.media-amazon.com/images/I/81fKj-EM+JL._AC_US200_.jpg,"13PCS Easter Gifts Set for Girls Kids,Easter Basket for Girls,Birthday Gifts for Kids Gift Age 3 4 5 6 7 8 9 10 Basket with Stationery Plush Diary with Lock/Water Bottle/Crossbody Bag/Headband",https://www.amazon.com/dp/B0GHLWTBSL?th=1,1773100800000,500,美国,Party Supplies
1776162955960,亚马逊,B0GGHNVLSN,https://m.media-amazon.com/images/I/51vWP0tXxdL._AC_US200_.jpg,"Easter Cupcake Toppers, 24 Pcs Easter Bunny Ear Cupcake Toppers, Glitter Pink Rabbit Ears Cupcake Picks Topper Easter Bunny Rabbit Cake Decorations for Easter Girls Birthday Party Decorations Supplies",https://www.amazon.com/dp/B0GGHNVLSN?th=1,1773100800000,200,美国,Party Supplies
1776162955960,亚马逊,B0G5WVG9TD,https://m.media-amazon.com/images/I/51TClCCGgQL._AC_US200_.jpg,"300 PCS 2.4 Inch Plastic Easter Eggs Bulk Include Surprise Golden Eggs, Colorful Fillable Empty Eggs for Easter Basket Stuffers Fillers Easter Hunt Filling Party Favors Classroom Prize Supplies",https://www.amazon.com/dp/B0G5WVG9TD?th=1,1773100800000,400,美国,Party Supplies
1776162955960,亚马逊,B0GN57Z362,https://m.media-amazon.com/images/I/71Z+gvuntuL._AC_US200_.jpg,"10 Inch Tiger Plush, New Year Ornament for Home Store Tabletop Decor",https://www.amazon.com/dp/B0GN57Z362?th=1,1773100800000,200,美国,填充的动物
1776162955960,亚马逊,B0G446J5NJ,https://m.media-amazon.com/images/I/51Au49SR+BL._AC_US200_.jpg,"16 PCS Jumbo Gold Plastic Easter Eggs, 6 Inch Giant Metallic Golden Easter Eggs Fillable Large Empty Egg for Easter Hunt Basket Stuffers Fillers Filling Treats Classroom Prize Supplies",https://www.amazon.com/dp/B0G446J5NJ?th=1,1773100800000,200,美国,Party Supplies
1776162955960,亚马逊,B0G6JFKL1K,https://m.media-amazon.com/images/I/9183V66eFdL._AC_US200_.jpg,"Adisher [ 6 Surprise Golden Eggs ] 120Pcs Prefilled Easter Egg with Assorted Toys, Plastic Easter Eggs Fillers for Kids, Basket Stuffers,Egg Hunt Party Favors Classroom Prizes Supplies for Boys Girls",https://www.amazon.com/dp/B0G6JFKL1K?th=1,1773100800000,600,美国,Party Supplies
1776162955960,亚马逊,B0GG62M7HP,https://m.media-amazon.com/images/I/41-pJcpPIIL._AC_US200_.jpg,"12 Pack 6 Inch Jumbo Easter Eggs, Colorful Giant Plastic Fillable Eggs Bulk, for Easter Hunt Basket Stuffers Party Favors Classroom Prize Supplies Kids Boys Girls",https://www.amazon.com/dp/B0GG62M7HP?th=1,1773100800000,300,美国,Party Supplies
1776162955960,亚马逊,B0GG6BDZBK,https://m.media-amazon.com/images/I/71T1TLe9LHL._AC_US200_.jpg,"Qudoustar 6 Pack 6 Inch Jumbo Golden Easter Eggs, Metallic Giant Plastic Gold Fillable Eggs for Easter Hunt, Easter Basket Stuffers, Party Favors, Classroom Prize Supplies for Kids",https://www.amazon.com/dp/B0GG6BDZBK?th=1,1773100800000,400,美国,Party Supplies
1776162955960,亚马逊,B0GJSHJ647,https://m.media-amazon.com/images/I/81AvQSiS9sL._AC_US200_.jpg,"24Pcs Pixel Miner Themed Stampers, Mine Pixel Craft Party Supplies Gifts, Ideal for Classroom Rewards Prizes Goody Bag Treat Bag Stuffers",https://www.amazon.com/dp/B0GJSHJ647?th=1,1773100800000,400,美国,艺术
1776162955960,亚马逊,B0GRT1K133,https://m.media-amazon.com/images/I/51ttS+EP33L._AC_US200_.jpg,"2.7 Inch Yellow Cheese Squeeze Toy,Soft Novelty Toy, Rebounding Sensory,Help for Relax,Focus, Sensory Cheese for & Adults, Food Theme Cheese Cubes Squishy Toys,Stress Balls for Adults (Yellow-A)",https://www.amazon.com/dp/B0GRT1K133?th=1,1773100800000,300,美国,Novelty & Gag Toys
1776162955960,亚马逊,B0GRBGF8Z3,https://m.media-amazon.com/images/I/71oT6iWoskL._AC_US200_.jpg,"Glitter Dumpling Squishy Toy – Slow Rising Soft Squeeze Ball, Cute Bao Bun Fidget Toy with Steamer Box, Fun Desk Decor & Mystery Gift for Teens & Adults (Transparent Pink)",https://www.amazon.com/dp/B0GRBGF8Z3?th=1,1773100800000,200,美国,Novelty & Gag Toys
1776162955960,亚马逊,B0GRTPYBN3,https://m.media-amazon.com/images/I/81vBvRlMTOL._AC_US200_.jpg,"Punch Monkey Plush - 23.6 Inch Punch The Monkey Stuffed Animal, Hanging on Bags or Neck Orangutan Plush, Great Gift for Boys Girls Kids Fans",https://www.amazon.com/dp/B0GRTPYBN3?th=1,1773100800000,300,美国,填充的动物
1776162955960,亚马逊,B0G7YQ4N1X,https://m.media-amazon.com/images/I/91tUuiCJMXL._AC_US200_.jpg,"46FT Double Slip and Water Slides for Kids Adults Backyard, Extra Long Lawn Water Slides with 2 Bodyboards, Heavy Duty, Giant Inflatable Water Slip Toys with Crash Pad for Summer Outdoor Party",https://www.amazon.com/dp/B0G7YQ4N1X?th=1,1773100800000,200,美国,体育
1776162955960,亚马逊,B0GRC3X953,https://m.media-amazon.com/images/I/5103x4STHmL._AC_US200_.jpg,"Squishy Dumpling, Mystery Dumpling Squishies Handmade Pressure Relief Balls, Easter Basket Stuffers, Dumplings Squishy for Stress Relief (Purple)",https://www.amazon.com/dp/B0GRC3X953?th=1,1773100800000,200,美国,Novelty & Gag Toys
1776162955960,亚马逊,B0G9KT18FX,https://m.media-amazon.com/images/I/814qEb7pHDL._AC_US200_.jpg,"DND Mystery Dice Set, 7 Polyhedral RPG Dice + Random Loot Bag Reward, Gift for RPG Player, DM & Dice Goblin,Tabletop Games (1-Pack)",https://www.amazon.com/dp/B0G9KT18FX?th=1,1773100800000,200,美国,游戏和配件
1776162955960,亚马逊,B0GQQRRJJF,https://m.media-amazon.com/images/I/41Baez93NkL._AC_US200_.jpg,"Giant Dumpling Squishy for Adults, 4/6/10 Inch Jumbo Dumpling Stress Ball, Soft Squeeze Decompression Dough, Anxiety Relief Fidget, Adult Fidget Tool (Purple L: 25cm/10 Inch)",https://www.amazon.com/dp/B0GQQRRJJF?th=1,1773100800000,200,美国,Novelty & Gag Toys
1776162955960,亚马逊,B0GRQXSKLT,https://m.media-amazon.com/images/I/51nW+9PBGEL._AC_US200_.jpg,"Dumpling Squishy Mystery Box, Slow Rising Glitter Squishy Dumpling Toy, Anxiety Relief Fidget, Easter Basket Stuffers Party Favors (Purple)",https://www.amazon.com/dp/B0GRQXSKLT?th=1,1773100800000,2000,美国,Novelty & Gag Toys
1776162955960,亚马逊,B0GR8DWMKS,https://m.media-amazon.com/images/I/51AqPfz+h2L._AC_US200_.jpg,"Yellow Cheese Squeeze Toy, Soft Rebound Squishy Cheese Cube, Food Theme Fidget Toy for Stress Relief & Relaxation, Portable Sensory Squishy Stress Ball for Adults, 2 Pack",https://www.amazon.com/dp/B0GR8DWMKS?th=1,1773100800000,1000,美国,Novelty & Gag Toys
1776162955960,亚马逊,B0GRGVVX9L,https://m.media-amazon.com/images/I/81Je-bXNnJL._AC_US200_.jpg,"New Glitter Dumpling Squishy - Dumpling Squishy Mystery Box, Stress Relief Fidget, Soft Squeeze Decompression Dough (2 Packs)",https://www.amazon.com/dp/B0GRGVVX9L?th=1,1773100800000,1000,美国,Novelty & Gag Toys
1776162955960,亚马逊,B0GCZWZJ3L,https://m.media-amazon.com/images/I/51ajOi7wGIL._AC_US200_.jpg,"Jasonwell Kiddie Baby Pool with Canopy - Foldable Infant Toddler Kids Pool with Shade Baby Beach Essentials Tent Swimming Wading Pools for Toddlers 1-3 + Kids Dogs Ball Pit Backyard Water Play G, 40""",https://www.amazon.com/dp/B0GCZWZJ3L?th=1,1773100800000,200,美国,体育
1776162955960,亚马逊,B0G2LR5WT2,https://m.media-amazon.com/images/I/717C0c5qejL._AC_US200_.jpg,"Skirfy Electric Water Gun with Display,Auto Suction Water Guns for Adults&Kids,Squirt Guns Battery Powered Automatic Water Blasts,Pool Beach Outdoor Party Toys for Kids",https://www.amazon.com/dp/B0G2LR5WT2?th=1,1773100800000,300,美国,体育
1776162955960,亚马逊,B0G44C468K,https://m.media-amazon.com/images/I/71ovHy1s2bL._AC_US200_.jpg,"Skirfy Electric Water Gun for Kids Adults,Battery-Powered Squirt Toy with Tank,LED Light,Automatic Water Absorption,Summer Outdoor Beach Play,Pool Garden Fun for Kids Age 8 9 10",https://www.amazon.com/dp/B0G44C468K?th=1,1773100800000,200,美国,体育
1776162955960,亚马逊,B0G1BMTFDM,https://m.media-amazon.com/images/I/41Ysg9YBNaL._AC_US200_.jpg,"Premium MEGA Cube – Extra Large Ultra-Firm Gel Squishy Fidget Toy | Stress Balls for Adults with Non-Sticky, Odor-Free Shell & Reinforced Dual Leak-Proof Seals for Heavy-Duty Use | 1-Pack Pink",https://www.amazon.com/dp/B0G1BMTFDM?th=1,1773100800000,500,美国,Novelty & Gag Toys
1776162955960,亚马逊,B0G4ZL2N3F,https://m.media-amazon.com/images/I/81AVtifztEL._AC_US200_.jpg,"Mobiusea Creation Christian Easter Stickers – 135 Happy Easter Stickers with Gold Foil Cross Stickers, Purple Floral Easter Envelope Seals, He is Risen Religious Labels",https://www.amazon.com/dp/B0G4ZL2N3F?th=1,1773100800000,300,美国,艺术
1776162955960,亚马逊,B0GRFRSNBZ,https://m.media-amazon.com/images/I/51+twjFJhsL._AC_US200_.jpg,"New Slow Rebound Cute Butter Squeeze Stress Balls, Slow Rising Squishy Butter Stick, Squeeze Ball Realistic Butter Stick Soft Squeeze Stress Relief Fidget Wet Slow Rebound Stress Relief Toys (Beige)",https://www.amazon.com/dp/B0GRFRSNBZ?th=1,1773100800000,300,美国,Novelty & Gag Toys
1776162955960,亚马逊,B0GH55DGZG,https://m.media-amazon.com/images/I/71czS+As8CL._AC_US200_.jpg,"50 Pack Easter Eggs Party Favor - 2.3"" Height Assorted Bright Colors Plastic Easter Eggs, Reusable & Perfect for Easter Decor, Egg Hunts, Basket Stuffers Fillers",https://www.amazon.com/dp/B0GH55DGZG?th=1,1773100800000,200,美国,扮靓
1776162955960,亚马逊,B0GJ63VJD6,https://m.media-amazon.com/images/I/6108HwoUB0L._AC_US200_.jpg,"Adult-Size Snowflake 7cm Stress Cube – Larger Than Mini Squishy Cubes, Slow-Rise Sensory Fidget for Stress Relief, Focus & Light Hand Exercise – Safe for Ages 3+ (Blue)",https://www.amazon.com/dp/B0GJ63VJD6?th=1,1773100800000,300,美国,Novelty & Gag Toys
1776162955960,亚马逊,B0GQTPHPK2,https://m.media-amazon.com/images/I/51Kk2ryqsZL._AC_US200_.jpg,"Dumpling Squishy Mystery Box, Slow Rising Glitter Squishy Dumpling Toy, Soft TPR Sensory Stress Ball Fidget Toy, Easter Basket Stuffers Party Favors (Green)",https://www.amazon.com/dp/B0GQTPHPK2?th=1,1773100800000,300,美国,Novelty & Gag Toys
1776162955960,亚马逊,B0GJ2PZD4W,https://m.media-amazon.com/images/I/31guwTEWoEL._AC_US200_.jpg,"MAGMEN Magnetic Bunny Fidget Toy 6 Pack – Collectible Poseable Figures with Premium Metal Tin | Sensory Travel STEM Toy for Kids Ages 4-8 | Gift for Boys Girls, Easter Basket Stuffers Party Favors",https://www.amazon.com/dp/B0GJ2PZD4W?th=1,1773100800000,300,美国,新颖性
1776162955960,亚马逊,B0GG5JLNDK,"https://m.media-amazon.com/images/I/41boX8zaWkL._AC_SR200,200_.jpg","Light Up Headbands for Kids – LED Glowing Party Headbands, Costume Accessories for Holidays & Parties",https://www.amazon.com/dp/B0GG5JLNDK?th=1,1773100800000,300,美国,扮靓
1776162955960,亚马逊,B0GHTNVW11,https://m.media-amazon.com/images/I/41vEHKuNmvL._AC_US200_.jpg,"24 Pcs White Wooden Eggs to Paint Fake Easter Eggs for DIY Crafts, Hunts, Basket Stuffers",https://www.amazon.com/dp/B0GHTNVW11?th=1,1773100800000,200,美国,扮靓
1776162955960,亚马逊,B0GJK81MFY,https://m.media-amazon.com/images/I/51Ec9AhaZbL._AC_US200_.jpg,Yquqwn 24 Pcs Easter Fidget Spinners Pre-filled Easter Eggs Set Novelty Spinning Tops for Egg Hunt Stuffers and Basket Fillers Party Favors for Holiday Classroom Prizes,https://www.amazon.com/dp/B0GJK81MFY?th=1,1773100800000,400,美国,Party Supplies
1776162955960,亚马逊,B0GD151G8C,https://m.media-amazon.com/images/I/517QJL652UL._AC_US200_.jpg,"4 Pack Whoopie Cushion for Kids, 8"" Whoopee Cushion Prank Kit Toys, Kids Party Favors, Funny Gifts for Adults",https://www.amazon.com/dp/B0GD151G8C?th=1,1773100800000,200,美国,新颖性
1776162955960,亚马逊,B0GG8RJM2S,https://m.media-amazon.com/images/I/41lIc21DupL._AC_US200_.jpg,"Light-Up Straw Cups for Kids (3 Pack) – LED Reusable Party Cups with Built-In Lights, BPA-Free Drinkware with Reusable Straws, Cute Easter Bunny, Chick & Spring Garden Designs",https://www.amazon.com/dp/B0GG8RJM2S?th=1,1773100800000,300,美国,派对用品
1776162955960,亚马逊,B0GL7QWWZD,https://m.media-amazon.com/images/I/71piiZwJTDL._AC_US200_.jpg,"GPS Drone with EIS 4K Camera for Adults Kids, RC Drones with 4.5 inch HD Screen on Controller, Auto Return, 3 Batteries for 90 min Flight Time, 3280 FT Long Control Range Transmission, Circle Fly and Follow Me Mode, Foldable Quadcopter for Beginner Kids Gifts Toy, Under 249g",https://www.amazon.com/dp/B0GL7QWWZD?th=1,1773100800000,300,美国,遥控
1776162955960,亚马逊,B0GHV24TLX,https://m.media-amazon.com/images/I/71ekhRABL-L._AC_US200_.jpg,"Sensory Silicone Alphabet Magnetic Letters: 26 Uppercase ABC Fridge Magnets for Toddlers & Kids, Preschool Learning Spelling Alphabet Magnets, Easter Basket Stuffers Birthday Gifts for Boys Girls",https://www.amazon.com/dp/B0GHV24TLX?th=1,1773100800000,600,美国,学习
1776162955960,亚马逊,B0GQ9KR8PP,https://m.media-amazon.com/images/I/612BnEg8WML._AC_US200_.jpg,"2PCS Dumpling Squishy, Glitter Dumpling Toy, Mystery Dumplings Squishy, Cute Anxiety Relief Fidget Toy, Soft Squeeze Decompression Dough for Adults & Teens",https://www.amazon.com/dp/B0GQ9KR8PP?th=1,1773100800000,300,美国,Novelty & Gag Toys
1776162955960,亚马逊,B0GQKCWGC9,https://m.media-amazon.com/images/I/51YNstOv9ML._AC_US200_.jpg,"Yellow Cheese Squishy Slow Rising, Squishy Squeeze Cheese Block, Soft Novelty Toy, Stress Balls for Adults Rebounding Sensory Squishys Cheese (2.16in)",https://www.amazon.com/dp/B0GQKCWGC9?th=1,1773100800000,1000,美国,Novelty & Gag Toys
1776162955960,亚马逊,B0GQ6YMZ16,https://m.media-amazon.com/images/I/61jbEWbt-4L._AC_US200_.jpg,"Dumpling Squishy, Soft Squishy Sensory Fidget Toy, Dumpling Squishy Mystery Box, Cute Novelty Desk Squeeze Ball for Relaxing Play, Ideal for Adults & Teens, Fun Gifts for Stress-Free Moments (Purple)",https://www.amazon.com/dp/B0GQ6YMZ16?th=1,1773100800000,800,美国,Novelty & Gag Toys
1776162955960,亚马逊,B0GFVRNQ5K,https://m.media-amazon.com/images/I/716F9ROV-HL._AC_US200_.jpg,"Electric Water Gun 2 Pack for Adults Kids: Light Up Automatic Squirt Guns, 26-32FT Long Range, 800CC Large Capacity, Summer Outdoor Pool Games for Ages 8-12, Beach Backyard Family Party Toys Gift",https://www.amazon.com/dp/B0GFVRNQ5K?th=1,1773100800000,400,美国,体育
1776162955960,亚马逊,B0GR9GXHT8,https://m.media-amazon.com/images/I/41fI7PBnL0L._AC_US200_.jpg,"2026 New Shimmering Dumpling Squishies, Dumpling Squishy, Colorful Dumplings Stress Balls Fidget Sensory, Squeeze Dough Ball Stress Relief Hand with Food Steamer Stretchy Desk (Blue)",https://www.amazon.com/dp/B0GR9GXHT8?th=1,1773100800000,300,美国,新颖性
1776162955960,亚马逊,B0GR8SN4QQ,https://m.media-amazon.com/images/I/61tzHMXctNL._AC_US200_.jpg,"2026 New Shimmering Dumpling Squishies, Dumpling Squishy, Colorful Dumplings Stress Balls Fidget Sensory, Squeeze Dough Ball Stress Relief Hand with Food Steamer Stretchy Desk (4PCS)",https://www.amazon.com/dp/B0GR8SN4QQ?th=1,1773100800000,2000,美国,Novelty & Gag Toys
1776162955960,亚马逊,B0GQ5CLWBR,https://m.media-amazon.com/images/I/41Jv16TuCGL._AC_US200_.jpg,"Yumzo 100 Pack (200 pcs) Plastic Easter Eggs Bulk, 2.3x1.5 Inch Fillable Empty Shells in Pastel Assorted Colors - Secure Snap Closure Toys for Spring egg hunt, Basket Stuffers & Party Favors",https://www.amazon.com/dp/B0GQ5CLWBR?th=1,1773100800000,300,美国,Party Supplies
1776162955960,亚马逊,B0GQ525GMN,https://m.media-amazon.com/images/I/41q+SurscTL._AC_US200_.jpg,"Yumzo 24 Pack (48 pcs) Plastic Easter Eggs, 2.3x1.5 Inch Fillable Empty Shells in Pastel Assorted Colors - Secure Snap Closure Toys for Spring egg hunt, Basket Stuffers & Party Favors, bulk",https://www.amazon.com/dp/B0GQ525GMN?th=1,1773100800000,1000,美国,Party Supplies
1776162955960,亚马逊,B0GQ5LQVWF,https://m.media-amazon.com/images/I/71LT9mCt4GL._AC_US200_.jpg,"Yumzo 200 Pack (400 pcs) Plastic Easter Eggs Bulk, 2.3x1.5 Inch Fillable Empty Shells in Pastel Assorted Colors - Secure Snap Closure Toys for Spring egg hunt, Basket Stuffers & Party Favors",https://www.amazon.com/dp/B0GQ5LQVWF?th=1,1773100800000,300,美国,Party Supplies
1776162955960,亚马逊,B0GKFSMPTP,https://m.media-amazon.com/images/I/814QmWVruAL._AC_US200_.jpg,"25Pcs Reusable Water Balloons with 2pcs Bow and Arrow for Kids, Pool Beach Water Fight Equipment for Boys and Girls, Outdoor Summer Toys for Kids Ages 3-12",https://www.amazon.com/dp/B0GKFSMPTP?th=1,1773100800000,200,美国,体育
1776162955960,亚马逊,B0GH6VPHPC,https://m.media-amazon.com/images/I/51+vttxu+KL._AC_US200_.jpg,"Adult-Size 7cm Stress Cube – Larger Than Mini Squishy Cubes, Slow-Rise Sensory Fidget for Stress Relief, Focus & Light Hand Exercise – Safe for Ages 3+ (Blue)",https://www.amazon.com/dp/B0GH6VPHPC?th=1,1773100800000,300,美国,Novelty & Gag Toys
1776162955960,亚马逊,B0GRTL5BPG,https://m.media-amazon.com/images/I/41RvPGVyDPL._AC_US200_.jpg,"Butter Squishy, 2026 New 5.51x1.57inch Slow Rising Sensory Relaxation Tool, Premium Stress Relief Ball for Anxiety Relief, Party Favors & Office Daily Use (2 Pack)",https://www.amazon.com/dp/B0GRTL5BPG?th=1,1773100800000,300,美国,Novelty & Gag Toys
1776162955960,亚马逊,B0GLN3NKNY,https://m.media-amazon.com/images/I/51AOegC1tLL._AC_US200_.jpg,"3D Printed Sensory Fidget Star,Dual Motion Fidget Toy with Reinforced Handle Color-Changing Spiral Finger Toy with Auditory Feedback, ADHD Anxiety Relief Desk Toy for Office Gifts (Blue-Green)",https://www.amazon.com/dp/B0GLN3NKNY?th=1,1773100800000,200,美国,Novelty & Gag Toys
1776162955960,亚马逊,B0GR4WCWDY,https://m.media-amazon.com/images/I/61XAbG3cTBL._AC_US200_.jpg,"Yellow Cheese Squishy Slow Rising , Soft Sensory Stress Relief Toy for Adults, Palm-Sized Novelty Food Theme Squeeze Block, Rebounding Fidget Toy for Relaxation, Party Favor Gift （2PCS",https://www.amazon.com/dp/B0GR4WCWDY?th=1,1773100800000,900,美国,Novelty & Gag Toys
1776162955960,亚马逊,B0FR9JCVCV,https://m.media-amazon.com/images/I/81c4JYqFFjL._AC_US200_.jpg,"Lehoo Castle Water Guns 12 Pack, Super Water Blaster Soaker Foam Squirt Guns Bulk Beach Pool Outdoor Toys Summer Party Family Games for Kids Adults",https://www.amazon.com/dp/B0FR9JCVCV?th=1,1773100800000,300,美国,体育
1776162955960,亚马逊,B0G72RTGTN,https://m.media-amazon.com/images/I/51bJIuB20CL._AC_US200_.jpg,"200 Pack Easter Eggs Bulk Include 6 Surprise Golden Eggs, 2.4 Inch Bright Colors Fillable Empty Plastic Easter Egg for Easter Hunt, Easter Basket Fillers, Easter Party Favors",https://www.amazon.com/dp/B0G72RTGTN?th=1,1773014400000,300,美国,Party Supplies
1776162955960,亚马逊,B0G732BNTZ,https://m.media-amazon.com/images/I/81+Q6-LHsZL._AC_US200_.jpg,"100 Pack Easter Eggs Bulk Include 6 Surprise Golden Eggs, 2.4 Inch Bright Colors Fillable Empty Plastic Easter Egg for Easter Hunt, Easter Basket Fillers, Easter Party Favors",https://www.amazon.com/dp/B0G732BNTZ?th=1,1773014400000,300,美国,Party Supplies
1776162955960,亚马逊,B0GR8NC2ZW,https://m.media-amazon.com/images/I/51fL7sK2m0L._AC_US200_.jpg,"2-Pack Sparkling Dumpling Squishy Mystery Box - Adorable Glitter Sensory Toys for Stress Relief, Anxiety & Fun Fidget Collection",https://www.amazon.com/dp/B0GR8NC2ZW?th=1,1773014400000,500,美国,Novelty & Gag Toys
1776162955960,亚马逊,B0FKHNH9R2,https://m.media-amazon.com/images/I/818UtJYEH6L._AC_US200_.jpg,"ArtCreativity Women Magnetic Drawing Face - 2 Pack - Vintage Retro Toys, Travel Toys for Kids, Magnet Drawing Doodle Board for Kids - Magnetic Toys Game, Travel Essentials Games for Ages 3+",https://www.amazon.com/dp/B0FKHNH9R2?th=1,1773014400000,1000,美国,新颖性
1776162955960,亚马逊,B0G6K4R3PX,https://m.media-amazon.com/images/I/81XdxJVJ54L._AC_US200_.jpg,"FizZeal Kiddie Pool with Canopy, 51in Foldable Toddler Pool,Pop Up Baby Pool with Shade,UPF 50+UV Portable Swimming Pool for Kids,Collapsible Baby Pool for Beach, Outdoor Toddler Pool for Backyard",https://www.amazon.com/dp/B0G6K4R3PX?th=1,1773014400000,200,美国,体育
1776162955960,亚马逊,B0G8W8RP93,https://m.media-amazon.com/images/I/812VPwyc5FL._AC_US200_.jpg,"81""x60"" Inflatable Tanning Pool Lounger Float with Canopy for Adult,Large Blow Up Sunbathing Bed & Water Raft,Butterfly Pool Floatie with Cup/Phone Holder,5 in 1 Floating Lounge for Pool,Lake,Backyard",https://www.amazon.com/dp/B0G8W8RP93?th=1,1773014400000,300,美国,体育
1776162955960,亚马逊,B0GRNXLFRD,https://m.media-amazon.com/images/I/51uo04CE6PL._AC_US200_.jpg,"Glitter Dumpling, Glitter Dumpling Squishy Box, Dumplings Squishy, Anxiety Relief Fidget, Soft Squeeze Decompression Dough (Gold + Transparent)",https://www.amazon.com/dp/B0GRNXLFRD?th=1,1773014400000,600,美国,Novelty & Gag Toys
1776162955960,亚马逊,B0GHNX6VPV,https://m.media-amazon.com/images/I/81hgNlQQj8L._AC_US200_.jpg,"EULRGAUS Beach Toys, 6 PCS Sand Sifter for The Beach, Sand Toys with 2 Collapsible Sand Sifters Sieve, 2 Beach Shovels, 2 Mesh Beach Bags, Shark Tooth Sifter & Shell Collecting for kids Boys and Girls",https://www.amazon.com/dp/B0GHNX6VPV?th=1,1773014400000,300,美国,运动与户外游戏
1776162955960,亚马逊,B0GRVJRQCR,https://m.media-amazon.com/images/I/51nQLOAW2RL._AC_US200_.jpg,"2PCS Slow Rebound Cute Butter Squeeze Stress Balls, 2026 New Realistic Big Squishy Butter Stick Squeeze Toys, Soft Stress Relief Squeeze Ball Toy for Anxiety Hand Relax (2)",https://www.amazon.com/dp/B0GRVJRQCR?th=1,1773014400000,300,美国,Novelty & Gag Toys
1776162955960,亚马逊,B0GBV74NCY,https://m.media-amazon.com/images/I/81I9CR-5XxL._AC_US200_.jpg,"Cat Diary with Lock and Key, Gift for 6 7 8 Year Old Girls, Secret Journal with Coin Purse & Stickers, Lined Stationery Set, Birthday Gift for Kids (Tie Dye)",https://www.amazon.com/dp/B0GBV74NCY?th=1,1773014400000,200,美国,学习
1776162955960,亚马逊,B0GQ9MBWQP,https://m.media-amazon.com/images/I/61LDsXxJd9L._AC_US200_.jpg,"Crunchy Noisy Stress Balls, Sand Filled Crunchy Squishy Balls, Ice Skin Sensory Squeeze Balls for Anxiety Relief & Focus-- Portable Desktop Stress Relief Squeeze Toys",https://www.amazon.com/dp/B0GQ9MBWQP?th=1,1773014400000,500,美国,Novelty & Gag Toys
1776162955960,亚马逊,B0GQ3WHC6H,https://m.media-amazon.com/images/I/61TKRROaDmL._AC_US200_.jpg,"Lizard Keychain Sound Fidget Toys, Fun Rechargeable Lizard Anxiety Relief Keychain Button Toy with Sound & Colorful Light, Portable Anxiety Relief Toy, Adults Keyboard Clicker(2pcs)",https://www.amazon.com/dp/B0GQ3WHC6H?th=1,1773014400000,300,美国,Novelty & Gag Toys
1776162955960,亚马逊,B0GR4ZV3P2,https://m.media-amazon.com/images/I/61Qj55RexYL._AC_US200_.jpg,"Yellow Cheese Squeeze Toy, Soft Novelty Toy, Rebounding Sensory, Help for Relax, Stress Squeeze for Adults",https://www.amazon.com/dp/B0GR4ZV3P2?th=1,1773014400000,400,美国,Novelty & Gag Toys
1776162956015,亚马逊,B0G537MNXT,https://m.media-amazon.com/images/I/51Zy-+zNjoL._AC_US200_.jpg,Scinzene Ostern Basteln Set mit Holzanhängern zum Bemalen 36 Stück Ostereier Holz zum Bemalen Bastelsets Kinder mit Bändern Farben Pinseln Pompons zum Osterdekoration Basteln Ostern,https://www.amazon.de/dp/B0G537MNXT?th=1,1768348800000,100,德国,工艺
1776162956015,亚马逊,B0G5H6FSX5,https://m.media-amazon.com/images/I/61J12oeybzL._AC_US200_.jpg,"Mikroskop für Kinder, Temodu 2.0"" Bildschirm, 1000X USB Tragbares Taschenmikroskop, Wiederaufladbares Tragbares Mikroskop, Mikroskope Anschluss an PC, Science draussen ab 3 Jahren",https://www.amazon.de/dp/B0G5H6FSX5?th=1,1768348800000,1000,德国,实验
1776162956015,亚马逊,B0GGSD89M8,https://m.media-amazon.com/images/I/81vKGOdRm4L._AC_US200_.jpg,"Blumenstrauß-Bastelset, DIY Blumen Bastelset Kinder, Kunsthandwerk-Lernspielzeugset für Mädchen im Kleinkindalter, Weihnachts Geburtstagsgeschenk für Mädchen und Jungen im Alter von 3+ Jahren(Gelb)",https://www.amazon.de/dp/B0GGSD89M8?th=1,1768348800000,400,德国,工艺
1776162956015,亚马逊,B0G8K6KXNV,https://m.media-amazon.com/images/I/41euN-4X0gL._AC_US200_.jpg,"3D Drachenei mit Drache & Nachtleuchten Effekt - 3D Drache mit Flügeln, UV-aktiviertes Leuchten im Dunkeln, 10cm Sammlertücke, Geburtstage und Ostern",https://www.amazon.de/dp/B0G8K6KXNV?th=1,,100,德国,体育
1776162956015,亚马逊,B0G8H2X4T3,https://m.media-amazon.com/images/I/51qG4YwA8zL._AC_US200_.jpg,"Anginne Dinosaurier Raketen Spielzeug für 3 4 5 6 7 8 Jahre Junge, Kinder Outdoor Spielzeug ab 3-12 Jahre Outdoor Spiele Garten Spielzeug Kinder für Draußen Kinderspielzeug Ostergeschenke Kinder",https://www.amazon.de/dp/B0G8H2X4T3?th=1,,100,德国,体育
1776162958114,亚马逊,B0GD59682K,https://m.media-amazon.com/images/I/81o1lAcz7jL._AC_US200_.jpg,"Bunny Stuffed Animal, Ballerina Doll Stuffed Animal Girl Toys Age 3-8, Ballet Dress Up Doll, Bunny Plush Toys, Kids Pretend Play with 4 Set Clothes, Cape, Plush Bag, 3 4 5 6 7 8 Year Old Girl Gifts",https://www.amazon.com/dp/B0GD59682K?th=1,1773014400000,400,美国,填充的动物
1776162958114,亚马逊,B0GCGST24C,https://m.media-amazon.com/images/I/718LDXCFtWL._AC_US200_.jpg,"Upgraded Toddler Sand Water Table Toy with Electric Water Pump, Kids Sand Water with Faucet/Play Food Accessories/Fishing Toy, Kitchen Play Sink Toys for Girl Boy Age 3+ (Blue)",https://www.amazon.com/dp/B0GCGST24C?th=1,1773014400000,600,美国,运动与户外游戏
1776162958114,亚马逊,B0GHN2YV1R,https://m.media-amazon.com/images/I/51afW75aO9L._AC_US200_.jpg,"Squishy Ice Cube Fidget Toy, Sugar Ball Stress Cube for Kids Adults, Soft Squishies Stress Relief Sensory Toy for Autism, Classroom Prize Toy Party Favor",https://www.amazon.com/dp/B0GHN2YV1R?th=1,1773014400000,300,美国,Novelty & Gag Toys
1776162958114,亚马逊,B0GHMWB5RC,https://m.media-amazon.com/images/I/71Xn6zp+UlL._AC_US200_.jpg,"Squishy Ice Cube Fidget Toy, Sugar Ball Stress Cube for Kids Adults, Soft Squishies Stress Relief Sensory Toy for Autism, Classroom Prize Toy Party Favor",https://www.amazon.com/dp/B0GHMWB5RC?th=1,1773014400000,200,美国,Novelty & Gag Toys
1776162958114,亚马逊,B0GDDSZZB8,https://m.media-amazon.com/images/I/51BiY9HqhfL._AC_US200_.jpg,"Fidget Toys Squishy Stress Cube, Swirl Stress Balls for Kids Adults Squishies Stress Relief, Ice Squishy Cube Sugar Balls, Sensory Toys for Kids with Autism, Fidgets for Classroom Prize Toys",https://www.amazon.com/dp/B0GDDSZZB8?th=1,1773014400000,300,美国,Novelty & Gag Toys
1776162958114,亚马逊,B0GDCWN1VC,https://m.media-amazon.com/images/I/711qM9XtPjL._AC_US200_.jpg,"Swirl Stress Cube Squishy Toys, Super Solid Fidget Squeeze Square for Kids Teens Adults, High Density Malt Sugar Filled, Slow Rising Sensory Toys for Anxiety Stress Relief ADHD",https://www.amazon.com/dp/B0GDCWN1VC?th=1,1773014400000,300,美国,Novelty & Gag Toys
1776162958114,亚马逊,B0G72YP3FC,https://m.media-amazon.com/images/I/513c6kgFTlL._AC_US200_.jpg,"200 PCS 2.4"" Colorful Fillable Easter Eggs with 6 Surprise Golden Eggs, Plastic Easter Egg Empty for Easter Egg Hunt Party Favors Kids Easter Basket Stuffers Fillers Classroom Prizes for Boys Girls",https://www.amazon.com/dp/B0G72YP3FC?th=1,1773014400000,200,美国,Party Supplies
1776162958114,亚马逊,B0G4VRQFXL,https://m.media-amazon.com/images/I/51ZqLJrE0uL._AC_US200_.jpg,"36 Pcs Golden Easter Eggs, 2.3"" Fillable Shiny Gold Metallic Plastic Empty Easter Eggs for Easter Hunt, Classroom Prize, Basket Stuffers Fillers",https://www.amazon.com/dp/B0G4VRQFXL?th=1,1773014400000,700,美国,Party Supplies
1776162958114,亚马逊,B0GR99NMWG,https://m.media-amazon.com/images/I/41+aO1VxRhL._AC_US200_.jpg,"Dumpling Squishy Toy, Dumpling Squishy Mystery Box, Easter Basket Stuffers, Squeeze Dough Ball Stress Relief Hand Toys with Food Steamer Stretchy Desk Toys (Multicolor)",https://www.amazon.com/dp/B0GR99NMWG?th=1,1773014400000,200,美国,Novelty & Gag Toys
1776162958114,亚马逊,B0GR9NTKRR,https://m.media-amazon.com/images/I/41H9GVdDZwL._AC_US200_.jpg,"Dumpling Squishy Toy, Dumpling Squishy Mystery Box, Easter Basket Stuffers, Squeeze Dough Ball Stress Relief Hand Toys with Food Steamer Stretchy Desk Toys (Glitter Whitegold)",https://www.amazon.com/dp/B0GR9NTKRR?th=1,1773014400000,300,美国,Novelty & Gag Toys
1776162958114,亚马逊,B0GHMZ3RPR,https://m.media-amazon.com/images/I/51em4M7hK3L._AC_US200_.jpg,"Squishy Ice Cube Fidget Toy, Sugar Ball Stress Cube for Kids Adults, Soft Squishies Stress Relief Sensory Toy for Autism, Classroom Prize Toy Party Favor",https://www.amazon.com/dp/B0GHMZ3RPR?th=1,1773014400000,200,美国,Novelty & Gag Toys
1776162958114,亚马逊,B0GHN8HY4R,https://m.media-amazon.com/images/I/41vRuJ54GuL._AC_US200_.jpg,"Squishy Ice Cube Fidget Toy, Sugar Ball Stress Cube for Kids Adults, Soft Squishies Stress Relief Sensory Toy for Autism, Classroom Prize Toy Party Favor",https://www.amazon.com/dp/B0GHN8HY4R?th=1,1773014400000,200,美国,Novelty & Gag Toys
1776162958114,亚马逊,B0G7328PX8,https://m.media-amazon.com/images/I/51ioknRMLNL._AC_US200_.jpg,"100 Pack Colorful Fillable Easter Eggs with 6 Surprise Golden Eggs, 2.4 Inch Plastic Easter Egg Empty for Easter Hunt Party Favors Easter Basket Stuffers Fillers Classroom Prizes for Kids Boys Girls",https://www.amazon.com/dp/B0G7328PX8?th=1,1773014400000,200,美国,Party Supplies
1776162958114,亚马逊,B0GGL6VPF4,https://m.media-amazon.com/images/I/51UsME1Z9oL._AC_US200_.jpg,"36 Pack Easter Eggs Filled with Brain Teaser Puzzles Toys, Easter Egg Fillers for Kids Boys Girls, Easter Basket Stuffers for Kids Teens Adults, Easter Eggs Hunt Game, Classroom Prize Supplies",https://www.amazon.com/dp/B0GGL6VPF4?th=1,1773014400000,200,美国,Party Supplies
1776162958114,亚马逊,B0GC8J454H,https://m.media-amazon.com/images/I/81sOFtp7iWL._AC_US200_.jpg,"Mytothfy 16 Pack Easter Eggs Filled with Brain Teaser Puzzles, Easter Egg Fillers for Kids Boys Girls, Easter Basket Stuffers for Kids Teens Adults, Easter Eggs Hunt Game, Classroom Prize Supplies",https://www.amazon.com/dp/B0GC8J454H?th=1,1773014400000,200,美国,Party Supplies
1776162958114,亚马逊,B0GRHFFGQG,https://m.media-amazon.com/images/I/41dK8EXJFTL._AC_US200_.jpg,"Dumpling Squishy, Glitter Dumpling, Colorful Squishy Dumplings with Box, Soft Squeeze Toy for Stress Relief (White)",https://www.amazon.com/dp/B0GRHFFGQG?th=1,1773014400000,600,美国,Novelty & Gag Toys
1776162958114,亚马逊,B0GH6YYPN2,https://m.media-amazon.com/images/I/71xPzMtqvlL._AC_US200_.jpg,"Super High Bouncing Space Moon Balls, Extreme Bounce for Kids Sensory Play and Athlete Training, 12 Pack",https://www.amazon.com/dp/B0GH6YYPN2?th=1,1773014400000,200,美国,体育
1776162958114,亚马逊,B0G2XWH1GR,https://m.media-amazon.com/images/I/91qOGqYCPGL._AC_US200_.jpg,"40×6.56FT Heavy Duty Slip and Slide with Sprinkler and 2 Boards, Slip Splash and Slide with 3-Way Water Sprinkler, Giant Lawn Water Slide for Outdoor Backyard Lawn Kids Teens and Adults (Blue & Red)",https://www.amazon.com/dp/B0G2XWH1GR?th=1,1773014400000,300,美国,体育
1776162958114,亚马逊,B0GRGW3RDB,https://m.media-amazon.com/images/I/51GyyOI3UhL._AC_US200_.jpg,"New Glitter Dumpling Squishy - Dumpling Squishy Mystery Box, Stress Relief Fidget, Soft Squeeze Decompression Dough (4 Packs)",https://www.amazon.com/dp/B0GRGW3RDB?th=1,1773014400000,600,美国,Novelty & Gag Toys
1776162958114,亚马逊,B0GHMZ8DX6,https://m.media-amazon.com/images/I/41jkc0Cwm2L._AC_US200_.jpg,"Squishy Ice Cube Fidget Toy, Sugar Ball Stress Cube for Kids Adults, Soft Squishies Stress Relief Sensory Toy for Autism, Classroom Prize Toy Party Favor",https://www.amazon.com/dp/B0GHMZ8DX6?th=1,1773014400000,400,美国,Novelty & Gag Toys
1776162958114,亚马逊,B0GHMWFVL5,https://m.media-amazon.com/images/I/61kBZGg23wL._AC_US200_.jpg,"Squishy Ice Cube Fidget Toy, Sugar Ball Stress Cube for Kids Adults, Soft Squishies Stress Relief Sensory Toy for Autism, Classroom Prize Toy Party Favor",https://www.amazon.com/dp/B0GHMWFVL5?th=1,1773014400000,400,美国,Novelty & Gag Toys
1776162958114,亚马逊,B0GHMR8QM7,https://m.media-amazon.com/images/I/710CYddB-ML._AC_US200_.jpg,"Squishy Ice Cube Fidget Toy, Sugar Ball Stress Cube for Kids Adults, Soft Squishies Stress Relief Sensory Toy for Autism, Classroom Prize Toy Party Favor",https://www.amazon.com/dp/B0GHMR8QM7?th=1,1773014400000,200,美国,Novelty & Gag Toys
1776162958114,亚马逊,B0GDF3L6VN,https://m.media-amazon.com/images/I/712UIRT0orL._AC_US200_.jpg,"HeyZoo Heavy Duty Kids Swing Seat with 79"" Adjustable Rope, 330 lbs Capacity Swing Set Accessories Replacement with 2 Carabiners and 2 Extra Hanging Straps, Outdoor Playground Gifts, Green 1 Pack",https://www.amazon.com/dp/B0GDF3L6VN?th=1,1773014400000,300,美国,体育
1776162958114,亚马逊,B0GL82GSZV,https://m.media-amazon.com/images/I/71Om4uvuD9L._AC_US200_.jpg,LESONG Sensory Toys Drawing Board for Kids: 3 Pack Reusable Mess-Free Gel Board with Stylus & Scraper - Sensory Toys for Autism ADHD Calming - Quiet Toddler Activities for Classroom Preschool Travel,https://www.amazon.com/dp/B0GL82GSZV?th=1,1773014400000,200,美国,艺术
1776162958114,亚马逊,B0GR5K4WMC,https://m.media-amazon.com/images/I/514Mgsea7FL._AC_US200_.jpg,"Glitter Dumpling Squishy-Rare Glitter Dumpling Stress Ball, Bun Stress Relief Fidget Low Rising Pink Gold Orange Rainbow Dumplings Toy with Steamer (Glitter White+Pink )",https://www.amazon.com/dp/B0GR5K4WMC?th=1,1773014400000,200,美国,Novelty & Gag Toys
1776162958114,亚马逊,B0GR5NYM15,https://m.media-amazon.com/images/I/519koKYJC-L._AC_US200_.jpg,"Glitter Dumpling Squishy-Rare Glitter Dumpling Stress Ball, Bun Stress Relief Fidget Low Rising Pink Gold Orange Rainbow Dumplings Toy with Steamer (Glitter White+Rainbow+Pink+Purple )",https://www.amazon.com/dp/B0GR5NYM15?th=1,1773014400000,200,美国,Novelty & Gag Toys
1776162958114,亚马逊,B0GR5NLMXB,https://m.media-amazon.com/images/I/41Lru6IGhdL._AC_US200_.jpg,"Glitter Dumpling Squishy-Rare Glitter Dumpling Stress Ball, Bun Stress Relief Fidget Low Rising Pink Gold Orange Rainbow Dumplings Toy with Steamer (Glitter Purple )",https://www.amazon.com/dp/B0GR5NLMXB?th=1,1773014400000,300,美国,Novelty & Gag Toys
1776162958114,亚马逊,B0GR5KZKBP,https://m.media-amazon.com/images/I/41IhzQ+rvBL._AC_US200_.jpg,"Glitter Dumpling Squishy-Rare Glitter Dumpling Stress Ball, Bun Stress Relief Fidget Low Rising Pink Gold Orange Rainbow Dumplings Toy with Steamer (Glitter Gold )",https://www.amazon.com/dp/B0GR5KZKBP?th=1,1773014400000,200,美国,Novelty & Gag Toys
1776162958114,亚马逊,B0GHNJ39SL,https://m.media-amazon.com/images/I/31WhxCmyRgL._AC_US200_.jpg,"Squishy Ice Cube Fidget Toy, Sugar Ball Stress Cube for Kids Adults, Soft Squishies Stress Relief Sensory Toy for Autism, Classroom Prize Toy Party Favor",https://www.amazon.com/dp/B0GHNJ39SL?th=1,1773014400000,700,美国,Novelty & Gag Toys
1776162958114,亚马逊,B0GRG4FDSV,https://m.media-amazon.com/images/I/417XUvDJIML._SS200_.jpg,"ELEMARA Stroller Wagon, 2 Seat Stroller for 2 Kids, Premium All Terrain Stroller for Kids w/Removable Canopy, Adjustable Push/Pull Handle, Large Storage Bag, Black",https://www.amazon.com/dp/B0GRG4FDSV?th=1,1773014400000,200,美国,三轮车、滑板车
1776162958114,亚马逊,B0GLFY2XZP,https://m.media-amazon.com/images/I/71m5uV1fJSL._AC_US200_.jpg,"Hopping Rabbit Plush Bunny Toy,My Realistic Bunny Toy,Vitality Bliss Bunny,Rabbit Plush Interactive Toys,Wiggle Ears Twitch Nose,Electric Rabbit Toys,Birthday Gift for Easter Toddler (White)",https://www.amazon.com/dp/B0GLFY2XZP?th=1,1773014400000,500,美国,填充的动物
1776162958114,亚马逊,B0GRMSD8YQ,https://m.media-amazon.com/images/I/51vMNDJxcWL._AC_US200_.jpg,"4PC Mystery Dumpling Squishy, 4 Inch Jumbo Dumpling Stress Ball, Squishy Bun, Anxiety Relief Fidget, Soft Squeeze Decompression Dough for Adults Classroom Prizes & Party Favors",https://www.amazon.com/dp/B0GRMSD8YQ?th=1,1773014400000,200,美国,Novelty & Gag Toys
1776162958114,亚马逊,B0GRMPGKXQ,https://m.media-amazon.com/images/I/41FB4842+yL._AC_US200_.jpg,"Mystery Dumpling Squishy, 4 Inch Jumbo Dumpling Stress Ball, Squishy Bun, Anxiety Relief Fidget, Soft Squeeze Decompression Dough for Adults Classroom Prizes & Party Favors",https://www.amazon.com/dp/B0GRMPGKXQ?th=1,1773014400000,200,美国,Novelty & Gag Toys
1776162958114,亚马逊,B0GQTPWSY4,https://m.media-amazon.com/images/I/51u78dYIEcL._AC_US200_.jpg,"Dumpling Squishy Mystery Box, Slow Rising Glitter Squishy Dumpling Toy, Soft TPR Sensory Stress Ball Fidget Toy, Easter Basket Stuffers Party Favors (Blue)",https://www.amazon.com/dp/B0GQTPWSY4?th=1,1773014400000,500,美国,Novelty & Gag Toys
1776162958114,亚马逊,B0G29SHCKR,https://m.media-amazon.com/images/I/51cbSl7jsoL._AC_US200_.jpg,Treasure Cove Easter Christian Stickers Religious Sticker Bible Verse Jesus Labels for Easter Sunday School Party Supplies Favors Decorations 24 Sheets,https://www.amazon.com/dp/B0G29SHCKR?th=1,1773014400000,400,美国,艺术
1776162958114,亚马逊,B0GLHC64LQ,https://m.media-amazon.com/images/I/51qaOF+44XL._AC_US200_.jpg,"24pcs 3D Printed Dragon Eggs with Dragon Inside, Articulated Dragon Fidget Toys for Desk Decor, Unique Birthday Gift for Kids Teens, Collectibles Surprise Set for Classroom Prize",https://www.amazon.com/dp/B0GLHC64LQ?th=1,1773014400000,300,美国,玩具图
1776162958114,亚马逊,B0GG9VLYLL,https://m.media-amazon.com/images/I/71YbEYJI4KL._AC_US200_.jpg,"Light Up Squishy Puffer Toys for Kids, 4-Pack Bop-to-Glow Sensory Squishies, Soft Spiky Stress Relief Fidget Toys for Party Favors, Classroom Prizes, Goodie Bags & Basket Stuffers",https://www.amazon.com/dp/B0GG9VLYLL?th=1,1772928000000,600,美国,Novelty & Gag Toys
1776162958114,亚马逊,B0G5MYN7GB,https://m.media-amazon.com/images/I/61mMa6VaAqL._AC_US200_.jpg,"7 Inch Wooden Rain Stick Montessori Toys for Babies 6-12 Months, Baby Sensory Rattle Shaker Developmental Toy, Raindrops Musical Instrument for 0-6 6-18 Month Infants Toddlers",https://www.amazon.com/dp/B0G5MYN7GB?th=1,1772928000000,200,美国,婴幼儿
1776162958114,亚马逊,B0GKD8X1QK,https://m.media-amazon.com/images/I/81K38rNXlTL._AC_US200_.jpg,"Legend Game Birthday Party Supplies, Party Decorations Set Include Banner, Backdrop, Balloons, Hanging Swirls, Cake Cupcake Toppers, Tablecloth for Boys Girls Legend Game Theme Party",https://www.amazon.com/dp/B0GKD8X1QK?th=1,1772928000000,200,美国,游戏
1776162958114,亚马逊,B0GKSGY82C,https://m.media-amazon.com/images/I/71BtT4a0aTL._AC_US200_.jpg,Automatic Bubble Machine for Toddlers 1-3: Bunny Bubble Maker Blower for Party Easter Basket Stuffer Birthday Gifts - Kids Outdoor Toys for 4 5 6 Year Old Boy Girl Blue,https://www.amazon.com/dp/B0GKSGY82C?th=1,1772928000000,500,美国,体育
1776162958114,亚马逊,B0GK349WJ7,https://m.media-amazon.com/images/I/81os4BvpKUL._AC_US200_.jpg,"Asmodee Arkham Horror: The Card Game Chapter Two CORE Set - Cooperative LCG of Mystery & Madness with New Investigators & 3-Scenario Campaign, Ages 14+, 1-4 Players, 90 Min Playtime",https://www.amazon.com/dp/B0GK349WJ7?th=1,1772928000000,700,美国,游戏
1776162958114,亚马逊,B0GGHKTKNV,https://m.media-amazon.com/images/I/41I5v9i5G0L._AC_US200_.jpg,"Axolotl Squishy Toy, Medium Squishy Axolotl Squeeze Toy, Soft Slow Rising Stress Relief Toy, Sensory Fidget Toys Squishy for Anxiety for Kids Youth Adults (Green)",https://www.amazon.com/dp/B0GGHKTKNV?th=1,1772928000000,200,美国,Novelty & Gag Toys
1776162958114,亚马逊,B0GKHC426G,https://m.media-amazon.com/images/I/71XgaXmCjWL._AC_US200_.jpg,"3 Pack Drop to Hatch Dinosaur Eggs,Easter Basket Stuffers,Dinosaur Egg Hatching Toy for Boys Girls Birthday Easter",https://www.amazon.com/dp/B0GKHC426G?th=1,1772928000000,800,美国,玩具图
1776162958114,亚马逊,B0FSCMYK6H,https://m.media-amazon.com/images/I/71fIIFN+ZFL._AC_US200_.jpg,"12 Pack Prefilled Easter Eggs with Toys Inside, Filled Easter Eggs with Farm Animal for Kids Easter Egg Hunt, Easter Basket Stuffers Fillers, Easter Party Favors Supplies",https://www.amazon.com/dp/B0FSCMYK6H?th=1,1772928000000,300,美国,Party Supplies
1776162958114,亚马逊,B0GRPF25XF,https://m.media-amazon.com/images/I/41q+QZSVqAL._AC_US200_.jpg,"Squish Toys, Slow Rebound Cute Butter Squeeze Stress Balls, 5.7x1.6 inch Stress Relief Sensory Toys for Adults Gifts (1pcs)",https://www.amazon.com/dp/B0GRPF25XF?th=1,1772928000000,200,美国,Novelty & Gag Toys
1776162958114,亚马逊,B0GG9X26NQ,https://m.media-amazon.com/images/I/81kG3sz5lZL._AC_US200_.jpg,"Rechargeable Bubble Gun for Kids, Toys for Boys 3-4, 4-6, Bubble Machine for Kids, Outdoor Toys for Kids Age 4-8, Easter, Summer, Wedding, Party Favors, Halloween, Birthday Gifts",https://www.amazon.com/dp/B0GG9X26NQ?th=1,1772928000000,800,美国,体育
1776162958114,亚马逊,B0GR9QXJ9P,https://m.media-amazon.com/images/I/215Aw13833L._AC_US200_.jpg,"Handmade Crunchy Stress Ball for Anxiety Relief - Waffle Texture Sand & Bead Filled Squishy - Slow Rise Sensory Fidget Toy for Kids & Adults, Silent Desk Toy for Focus (Blue)",https://www.amazon.com/dp/B0GR9QXJ9P?th=1,1772928000000,200,美国,Novelty & Gag Toys
1776162958114,亚马逊,B0FKKQ77CY,https://m.media-amazon.com/images/I/71GuGdnWU4L._AC_US200_.jpg,"Little Tikes Story Dream Machine DreamWorks Animation's Gabby's Dollhouse Collection, 3 Stories, Character, Projects Storytime for Kids, Audio Fun Toy, Ages 3+ Years",https://www.amazon.com/dp/B0FKKQ77CY?th=1,1772928000000,500,美国,娃娃
1776162958114,亚马逊,B0GC9YRP84,https://m.media-amazon.com/images/I/81EN9IzXI3L._AC_US200_.jpg,"36 Pack Easter Eggs Filled with Brain Teaser Puzzles Toys, Easters Basket Stuffers for Kids Teens Adults, Easters Egg Fillers for Kids Boys Girls, Easter Eggs Hunt Game, Classroom Prize Supplies",https://www.amazon.com/dp/B0GC9YRP84?th=1,1772928000000,300,美国,拼图
1776162958114,亚马逊,B0GCBD9D2X,https://m.media-amazon.com/images/I/51F1X42L1cL._AC_US200_.jpg,"16 Pack Easter Eggs Filled with Brain Teaser Puzzles Toys, Easters Basket Stuffers for Kids Teens Adults, Easters Egg Fillers for Kids Boys Girls, Easter Eggs Hunt Game, Classroom Prize Supplies",https://www.amazon.com/dp/B0GCBD9D2X?th=1,1772928000000,400,美国,Party Supplies
1776162958114,亚马逊,B0G6L7M3N8,https://m.media-amazon.com/images/I/51GMQDUzwRL._AC_US200_.jpg,"24 Pack Easter Eggs Fillers with Mini Bunny Plush, Easter Eggs Filled with Toys Inside for Kids, Mini Stuffed Bunny Animals, Easter Basket Stuffers Easter Hunts Party Favors",https://www.amazon.com/dp/B0G6L7M3N8?th=1,1772928000000,800,美国,Party Supplies
1776162958114,亚马逊,B0GDDGVJ19,https://m.media-amazon.com/images/I/81c5xqVAU7L._AC_US200_.jpg,"Magnetic Fishing Game Toys for Kids Toddlers 3-5 4-8, Water Table Bathtub Toys with Inflatable Pool Pole Rod Net Floating Fish, Water Bath Pool Outdoor Toys for Boys Girls Age 3 4 5 6 7 8 Year Old",https://www.amazon.com/dp/B0GDDGVJ19?th=1,1772928000000,200,美国,婴幼儿
1776162958114,亚马逊,B0GGBHT7JP,https://m.media-amazon.com/images/I/31S-MVfO5UL._AC_US200_.jpg,"Peeps Light Up Easter Bathroom Toys for Kids, 3 Pack Bunny and Chick LED Night Bath Toys, Glowing Waterproof Novelty Toy Set for Easter Baskets, Party Favors",https://www.amazon.com/dp/B0GGBHT7JP?th=1,1772928000000,300,美国,婴幼儿
1776162958114,亚马逊,B0GHNMM758,https://m.media-amazon.com/images/I/814zVwuKomL._AC_US200_.jpg,"24 PCS Prefilled Easter Eggs with Cute Bunny Plush Toys Inside, Easter Basket Stuffers and Party Favors for Kids Boys Girls Toddlers, Filled Easter Eggs for Egg Hunt, Filling Treats Easter Gifts",https://www.amazon.com/dp/B0GHNMM758?th=1,1772928000000,800,美国,Party Supplies
1776162958114,亚马逊,B0GRD8TY62,https://m.media-amazon.com/images/I/41b39hd7lZL._AC_US200_.jpg,New 2026-Dumpling Squishies & Dumpling Squishy Mystery Box Squishy Dumpling (Pink),https://www.amazon.com/dp/B0GRD8TY62?th=1,1772928000000,1000,美国,Novelty & Gag Toys
1776162958114,亚马逊,B0GCD73JDP,https://m.media-amazon.com/images/I/71xhUlWEUxL._AC_US200_.jpg,"8PCS Magnetic Tiles Mini Cars Construction Set Compatible with Mini & Major Tiles, Magnet Car Easter Toys for 3+ Year Old Boys Girls Kids,STEM Educational Portable Travel Toys for Airplane,Car Play",https://www.amazon.com/dp/B0GCD73JDP?th=1,1772928000000,200,美国,建筑玩具
1776162958114,亚马逊,B0GQTGT1RW,https://m.media-amazon.com/images/I/41OM0Iw1rsL._AC_US200_.jpg,"Giant Dumpling Squishy for Adults, 4/6/10 Inch Jumbo Dumpling Stress Ball, Soft Squeeze Decompression Dough, Anxiety Relief Fidget, Adult Fidget Tool (Pink L: 25cm/10inch)",https://www.amazon.com/dp/B0GQTGT1RW?th=1,1772928000000,400,美国,Novelty & Gag Toys
1776162958114,亚马逊,B0GRH1PQZ2,https://m.media-amazon.com/images/I/51ImCvSuBDL._AC_US200_.jpg,"New Glitter Dumpling Squishy - Dumpling Squishy Mystery Box, Stress Relief Fidget, Soft Squeeze Decompression Dough (6 Packs)",https://www.amazon.com/dp/B0GRH1PQZ2?th=1,1772928000000,400,美国,Novelty & Gag Toys
1776162958114,亚马逊,B0FGD2PC54,https://m.media-amazon.com/images/I/51dZ144XmdL._AC_US200_.jpg,"12 Pack Slimes, Blue Slime Kit, Clear Butter Slimes Cloud Slimes Fluffy DIY Kit for Girls Boys, Slime Party Favors Goodie Bag Easter Basket Stuffers, 4 5 6 7 8 9 10 Year Old Birthday Gift Cute Stuff",https://www.amazon.com/dp/B0FGD2PC54?th=1,1772928000000,300,美国,新颖性
1776162958114,亚马逊,B0FGCX1HP1,https://m.media-amazon.com/images/I/815XnsqS5vL._AC_US200_.jpg,"12 Pack Slimes, Pink Slime Kids, Clear Butter Cloud Slime kit for Girls Ages 8-12, for Kids Slime Party Favors Goodie Bag Easter Basket Stuffers, 4 5 6 7 8 9 10 Year Old Girl Birthday Gift Cute Stuff",https://www.amazon.com/dp/B0FGCX1HP1?th=1,1772928000000,400,美国,新颖性
1776162958114,亚马逊,B0GF2B54VV,https://m.media-amazon.com/images/I/71YbwjflNHL._AC_US200_.jpg,"6 PCS Taba Squishy Chicken Toys with Henhouse, Handmade Ultra Soft Chick Squishy Fidget Toys, Sticky Taba Squishies for Kids & Adults Stress Relief",https://www.amazon.com/dp/B0GF2B54VV?th=1,1772928000000,200,美国,Novelty & Gag Toys
1776162958114,亚马逊,B0GFD6SDM9,https://m.media-amazon.com/images/I/51oNgSPwsAL._AC_US200_.jpg,"72 PCS Easter Classroom Gift Set with 24 Multi-Color Cute Pens and Mochi Squishy,Bulk Easter Day Gifts for Classroom Prizes Goodie Bag Stuffers Party Favors Supplies.",https://www.amazon.com/dp/B0GFD6SDM9?th=1,1772928000000,300,美国,Party Supplies
1776162958114,亚马逊,B0GR5JTZR9,https://m.media-amazon.com/images/I/41QmftWSGjL._AC_US200_.jpg,"Glitter Dumpling Squishy-Rare Glitter Dumpling Stress Ball, Bun Stress Relief Fidget Low Rising Pink Gold Orange Rainbow Dumplings Toy with Steamer (Glitter Light Blue )",https://www.amazon.com/dp/B0GR5JTZR9?th=1,1772928000000,400,美国,Novelty & Gag Toys
1776162958114,亚马逊,B0GRNCTF3X,https://m.media-amazon.com/images/I/61WC7XG5UuL._AC_US200_.jpg,Squishy Dumpling Mystery Squishy Dumplings Box Glitter Squeeze Decompression Dough Dumplings Stress Ball Mystery,https://www.amazon.com/dp/B0GRNCTF3X?th=1,1772928000000,300,美国,Novelty & Gag Toys
1776162958114,亚马逊,B0GQV1BNKR,https://m.media-amazon.com/images/I/5103x4STHmL._AC_US200_.jpg,"Dumpling Squishy Mystery Box, Slow Rising Glitter Squishy Dumpling Toy, Soft TPR Sensory Stress Ball Fidget Toy, Easter Basket Stuffers Party Favors (Purple)",https://www.amazon.com/dp/B0GQV1BNKR?th=1,1772928000000,500,美国,Novelty & Gag Toys
1776162958114,亚马逊,B0GH7JG4GK,https://m.media-amazon.com/images/I/51O1KKHR4gL._AC_US200_.jpg,"40 PCS Unfinished Hanging Wooden Easter Crafts,Wooden Easter Eggs to Paint for Kids Ages 4-8 8-12,8 Styles Hanging Wood Cutouts Easter Ornaments Kids Bulk Party Decorations Decor Supplies Activities",https://www.amazon.com/dp/B0GH7JG4GK?th=1,1772928000000,1000,美国,艺术
1776162958114,亚马逊,B0GJB1JBNB,https://m.media-amazon.com/images/I/81Md2lSFkOL._AC_US200_.jpg,"Large Splash Pad for Kids & Dogs, 78” Sprinkler Splash Pad with Dual Spray Tubes, Thick Non-Slip Water Play Mat for Backyard, Summer Outdoor Water Toys for Toddlers & Family",https://www.amazon.com/dp/B0GJB1JBNB?th=1,1772928000000,400,美国,体育
1776162958114,亚马逊,B0GRG5MXLK,https://m.media-amazon.com/images/I/51v7pQH8TIL._AC_US200_.jpg,"Dumpling Squishy, 2026 New Bun Squeeze Stress Relief Ball with Steamer Box for Stress Relief (White)",https://www.amazon.com/dp/B0GRG5MXLK?th=1,1772928000000,400,美国,Novelty & Gag Toys
1776162958114,亚马逊,B0GJ6QLD8Z,https://m.media-amazon.com/images/I/71xl75VhsJL._AC_US200_.jpg,"Toy Car Race Track Set for Kids Ages 4-8, Stunt Tire-Shaped Case Transforms into Race Course, 6 Cars in 1:64 Scale, 2 Ways to Play, Action Loop Cyclone Challenge & Speed Snap Track",https://www.amazon.com/dp/B0GJ6QLD8Z?th=1,1772928000000,200,美国,车辆
1776162958114,亚马逊,B0GGRJYCKT,https://m.media-amazon.com/images/I/81sLXOBHwQL._AC_US200_.jpg,"6pcs Electric Water Gun for Kids Adults, Auto Squirt Gun with Flashing Muzzle, 26FT Range, Leak-Proof Rechargeable Water Blaster for Summer Pool Beach Water Fights (3 Black+3Blue)",https://www.amazon.com/dp/B0GGRJYCKT?th=1,1772928000000,200,美国,体育
1776162958114,亚马逊,B0GRH4ZS17,https://m.media-amazon.com/images/I/51HdfTXiiAL._AC_US200_.jpg,"12 Pack Easter Eggs Filled Chick Duck LED Puffer Balls Easter Egg Fillers, Light Up Squeeze Sensory Ball Fidget Toys Easter Eggs Hunts Party Favors, Easter Basket Stuffers for Kids Tenns Boys Girls",https://www.amazon.com/dp/B0GRH4ZS17?th=1,1772841600000,1000,美国,Party Supplies
1776162958114,亚马逊,B0G7359X1W,https://m.media-amazon.com/images/I/51LRf5qiGfL._AC_US200_.jpg,"50 Pack 3 Inch Large Easter Eggs Bulk Include 6 Surprise Golden Eggs, Bright Colors Fillable Empty Plastic Easter Egg for Easter Hunt, Easter Basket Fillers, Easter Party Favors",https://www.amazon.com/dp/B0G7359X1W?th=1,1772841600000,500,美国,Party Supplies
1776162958114,亚马逊,B0GG4DR75D,https://m.media-amazon.com/images/I/41iAKnw7wpL._AC_US200_.jpg,"PEEPS Easter Light Up Squishy Puffer Toys for Kids, Soft Spiky Squeeze Sensory Squishies in Cute Chick & Bunny Designs, Glowing Stress Relief Toys for Party Favors, Classroom Prizes, Basket Stuffers",https://www.amazon.com/dp/B0GG4DR75D?th=1,1772841600000,300,美国,Novelty & Gag Toys
1776162958114,亚马逊,B0GFN7XP5S,https://m.media-amazon.com/images/I/61YqmI4dnLL._AC_US200_.jpg,Water Sand Table - Multifunctional Summer Outdoor Playset,https://www.amazon.com/dp/B0GFN7XP5S?th=1,1772841600000,200,美国,运动与户外游戏
1776162958114,亚马逊,B0GRG44L94,https://m.media-amazon.com/images/I/61ttVNyPcKL._AC_US200_.jpg,"Butter Squishy, Slow Rebound Cute Butter Squeeze Stress Balls, Realistic Butter Stick Soft Squeeze , Upgrade Stress Wet Slow Rebound Stress Relief",https://www.amazon.com/dp/B0GRG44L94?th=1,1772841600000,300,美国,Novelty & Gag Toys
1776162958114,亚马逊,B0GQZGHDQM,https://m.media-amazon.com/images/I/61RHAJA+MsL._AC_US200_.jpg,"Dumpling Squishies, Mystery Glitter Dumpling Squishies Box, Colorful Dumplings Stress Balls Fidget Sensory Toy, Soft Squeeze Decompression Dough for Anxiety Relief Fidget, Kids Easter Basket Stuffers",https://www.amazon.com/dp/B0GQZGHDQM?th=1,1772841600000,1000,美国,Novelty & Gag Toys
1776162958114,亚马逊,B0GJS1WZPY,https://m.media-amazon.com/images/I/51VIgIjgHmL._AC_US200_.jpg,"Bunny Bubble Gun for Kids, 2 Pack Rabbit Bubble Machine for Toddler W/LED Lights, 12000+ Bubble/Min, 360° Leak-Proof Bubble Blower Blaster Toy, Outdoor Summer Play, Easter, Wedding & Birthday Gifts",https://www.amazon.com/dp/B0GJS1WZPY?th=1,1772841600000,700,美国,体育
1776162958114,亚马逊,B0GHMGRS8D,https://m.media-amazon.com/images/I/81bkx52pDxL._AC_US200_.jpg,"Electric Water Gun for Kids & Adults with Lights, 2 Batteries, 350CC, 26-29FT, Black Automatic Water Guns Squirt Blaster for Pool Party Beach Outdoor Play, Water Toys for Ages 4-8 8-12+",https://www.amazon.com/dp/B0GHMGRS8D?th=1,1772841600000,400,美国,体育
1776162958114,亚马逊,B0GQH68RKG,https://m.media-amazon.com/images/I/51ZEn9AeQPL._AC_US200_.jpg,"Dumpling Squishies Toy with Steamer,Colorful Slow Rising Stress Ball,Stretchy Fidget Sensory Toy for Anxiety Relief,Perfect Easter Basket Stuffers for Kids and Adults(2PCS)",https://www.amazon.com/dp/B0GQH68RKG?th=1,1772841600000,1000,美国,Novelty & Gag Toys
1776162958114,亚马逊,B0GQYZPQQ3,https://m.media-amazon.com/images/I/51nebeq-pOL._AC_US200_.jpg,"Stress Relief Toy, Stress Relief Green Fruit Toy Slow Rebound Clear Fruit Squeeze Fidget Toy Anxiety Relief Soft Stress Ball Pinch Sensory Toy (Cyan)",https://www.amazon.com/dp/B0GQYZPQQ3?th=1,1772841600000,400,美国,Novelty & Gag Toys
1776162958114,亚马逊,B0F8QDQHPG,https://m.media-amazon.com/images/I/71oSDLOv-dL._AC_US200_.jpg,"HYES Wall Crawler Gecko, Remote Control Robot Toys, Rechargeable RC Animals Toy, Realistic Wall Crawling Halloween Birthday Gifts for Boys Girls Ages 4-8 6-8",https://www.amazon.com/dp/B0F8QDQHPG?th=1,1772841600000,200,美国,遥控
1776162958114,亚马逊,B0G6WBZFY1,https://m.media-amazon.com/images/I/81eU+o0yLwL._AC_US200_.jpg,"12 Pack Easter Egg Fillers with 12 Light Up Egg Shaped Fidget Stress Balls, Squeeze Stress Relief Toys Filled Easter Eggs Hunts Party Favors, Easter Basket Stuffers for Kids Toddler Teens Boys Girls",https://www.amazon.com/dp/B0G6WBZFY1?th=1,1772841600000,1000,美国,Party Supplies
1776162958114,亚马逊,B0GJFGQMMM,https://m.media-amazon.com/images/I/81Q4hbNUeiL._AC_US200_.jpg,"Plastic Easter Eggs Empty, 36 PCS Plastic Easter Eggs Fillable Bulk, Printed Bright Colorful Easter Eggs Decorations for Easter Eggs Hunt Party Favors Easter Basket Stuffers",https://www.amazon.com/dp/B0GJFGQMMM?th=1,1772841600000,700,美国,Party Supplies
1776162958114,亚马逊,B0GR4LMWP1,https://m.media-amazon.com/images/I/4112K62tKGL._AC_US200_.jpg,"Mystery Dumpling Squishy, Squishy Dumpling Toy, Easter Basket Stuffers, Squeeze Dough Ball Stress Relief Hand Toys with Food Steamer Stretchy Desk Toys (Purple)",https://www.amazon.com/dp/B0GR4LMWP1?th=1,1772841600000,200,美国,Novelty & Gag Toys
1776162958114,亚马逊,B0G733TXSX,https://m.media-amazon.com/images/I/51z7btXnO-L._AC_US200_.jpg,"24 Pack Gold Easter Eggs, 2.4 Inch Metallic Plastic Empty Golden Eggs Fillable for Easter Eggs Hunt, Easter Basket Stuffers Fillers, Classroom Prize Supplies, Filling Treats and Party Favors",https://www.amazon.com/dp/B0G733TXSX?th=1,1772841600000,200,美国,Party Supplies
1776162958114,亚马逊,B0G72WTHLC,https://m.media-amazon.com/images/I/5171JWo-KeL._AC_US200_.jpg,"24 Pack Plastic Printed Easter Eggs, 3.15'' Tall Fillable Empty Eggs Bulks for Easter Eggs Hunt, Easter Basket Stuffers Fillers, Classroom Prize Supplies, Filling Treats and Party Favors",https://www.amazon.com/dp/B0G72WTHLC?th=1,1772841600000,300,美国,Party Supplies
1776162958114,亚马逊,B0G72R4TT8,https://m.media-amazon.com/images/I/518TUkdubUL._AC_US200_.jpg,"48 Pack Plastic Printed Easter Eggs, 3.15'' Tall Fillable Empty Eggs Bulks for Easter Eggs Hunt, Easter Basket Stuffers Fillers, Classroom Prize Supplies, Filling Treats and Party Favors",https://www.amazon.com/dp/B0G72R4TT8?th=1,1772841600000,400,美国,Party Supplies
1776162958114,亚马逊,B0G72J2RW4,https://m.media-amazon.com/images/I/81qHCqSdUwL._AC_US200_.jpg,"36 Pack Plastic Printed Easter Eggs, 2.4 Inch Fillable Empty Eggs Bulks for Easter Eggs Hunt, Easter Basket Stuffers Fillers, Classroom Prize Supplies, Filling Treats and Party Favors",https://www.amazon.com/dp/B0G72J2RW4?th=1,1772841600000,300,美国,Party Supplies
1776162958114,亚马逊,B0G6VX98GR,https://m.media-amazon.com/images/I/61Y7JxNlLWL._AC_US200_.jpg,"100 Pack Prefilled Easter Eggs with Assorted Toys Inside Includes 6 Surprise Golden Eggs, 100 Plastic Easter Eggs Filled with Toys for Easter Basket Stuffers Egg Hunt Party Favors for Kids Boys Girls",https://www.amazon.com/dp/B0G6VX98GR?th=1,1772841600000,500,美国,Party Supplies
1776162958114,亚马逊,B0G6WBMSSS,https://m.media-amazon.com/images/I/91Yw2FGvQPL._AC_US200_.jpg,"100 Pack Prefilled Easter Eggs with Assorted Toys Inside 6 Surprise Golden Eggs, 100 Plastic Easter Eggs Fillers with Fidget Toys Easter Basket Stuffers Fillers Egg Hunt Party Favors for Kids Boy Girl",https://www.amazon.com/dp/B0G6WBMSSS?th=1,1772841600000,700,美国,Party Supplies
1776162958114,亚马逊,B0GPHQV5R6,https://m.media-amazon.com/images/I/513s5wCa0wL._AC_US200_.jpg,"KAWAII LAB GAMES Carrot Boom Family Card Game for Kids & Adults, Quick & Easy for Game Night | Pure Luck, No Strategy | 2-4 Players, Ages 6+, 10-15 Min Rounds - Gifts for Kids",https://www.amazon.com/dp/B0GPHQV5R6?th=1,1772841600000,500,美国,游戏
1776162958114,亚马逊,B0GJZV77JZ,https://m.media-amazon.com/images/I/41ldpnSRwAL._AC_US200_.jpg,"ROSAUI 24 Pack Extra Large Fillable Easter Eggs (3.7"") – Colorful Plastic Eggs for Easter Egg Hunt, Candy Fillers&Easter Basket Stuffers – Reusable Bright Eggs for Party, Classroom&Holiday Decorations",https://www.amazon.com/dp/B0GJZV77JZ?th=1,1772841600000,500,美国,Party Supplies
1776162958114,亚马逊,B0G73FNYW6,https://m.media-amazon.com/images/I/51ioknRMLNL._AC_US200_.jpg,"100 Pack 3.1"" Fillable Easter Eggs with 6 Surprise Gold Eggs, Colorful Plastic Eggs for Easter Egg Hunts, Basket Stuffers Fillers, Party Favors, Classroom Rewards Prizes for Kids Toddlers Boys Girls",https://www.amazon.com/dp/B0G73FNYW6?th=1,1772841600000,400,美国,Party Supplies
1776162958114,亚马逊,B0G6K8MCNZ,https://m.media-amazon.com/images/I/81WqqXAbxlL._AC_US200_.jpg,"WOWSCAN [ 6 Surprise Golden Eggs ] 120 PACK Prefilled Easter Egg Fillers with Novelty Toys Inside, Easter Basket Stuffers Classroom Prizes Supplies Egg Hunt Party Favors for Kids Toddlers Boys Girls",https://www.amazon.com/dp/B0G6K8MCNZ?th=1,1772841600000,600,美国,Party Supplies
1776162958114,亚马逊,B0G65XM7G6,https://m.media-amazon.com/images/I/71iH2ZdQ-2L._AC_US200_.jpg,"30 Pack Prefilled Easter Eggs with Plush Bunnies,Pre Filled Easter Eggs with Stuffed Toys Inside,Easter Basket Stuffers Fillers for Kids Easter Egg Hunt,Classroom Prize Supplies",https://www.amazon.com/dp/B0G65XM7G6?th=1,1772841600000,900,美国,Party Supplies
1776162958114,亚马逊,B0G6WSXC73,https://m.media-amazon.com/images/I/51u3-rfq2kL._AC_US200_.jpg,"12 Pack Easter Eggs Filled Chick Duck LED Puffer Balls Easter Basket Stuffers for Kids Boys Girls, Light Up Squeeze Sensory Ball Fidget Toys for Easter Egg Fillers Easter Egg Hunt Party Favor Gifts",https://www.amazon.com/dp/B0G6WSXC73?th=1,1772841600000,700,美国,Party Supplies
1776162958114,亚马逊,B0GR429H3G,https://m.media-amazon.com/images/I/71r739zDKdL._AC_US200_.jpg,"Dumpling Squishy, Glitter Dumpling, Colorful Squishy Dumplings with Box, Soft Squeeze Toy for Stress Relief (White+Gold)",https://www.amazon.com/dp/B0GR429H3G?th=1,1772841600000,500,美国,Novelty & Gag Toys
1776162958114,亚马逊,B0G2BRXPSY,https://m.media-amazon.com/images/I/71H2c8ovWqL._AC_US200_.jpg,"CUTE STONE 24 Pack Filled Easter Eggs Toys with Bracelets, Rings and Hair Clip Inside, Easter Basket Stuffers Party Favors for Toddler, Girls and Kids",https://www.amazon.com/dp/B0G2BRXPSY?th=1,1772841600000,600,美国,Party Supplies
1776162958114,亚马逊,B0G5XZ5YYK,https://m.media-amazon.com/images/I/713RkfNVRtL._AC_US200_.jpg,"30 Pack Prefilled Easter Eggs with Plush Bunnies,Pre Filled Easter Eggs with Stuffed Toys Inside,Easter Basket Stuffers for Kids,Easter Egg Hunt,Classroom Prize",https://www.amazon.com/dp/B0G5XZ5YYK?th=1,1772841600000,900,美国,Party Supplies
1776162958114,亚马逊,B0GJTP6LS1,https://m.media-amazon.com/images/I/81-DOTAC29L._AC_US200_.jpg,"Easter Gifts for Kids, 24 Pack(192 PCS) Water Coloring Books with Goodie Bags Bulk for Easter Basket Stuffers Classroom Prizes School Activities Supplies Easter Crafts Toys Party Favors",https://www.amazon.com/dp/B0GJTP6LS1?th=1,1772841600000,1000,美国,Party Supplies
1776162960108,亚马逊,B0GRMSDQH9,https://m.media-amazon.com/images/I/71d6O+ZzD-L._AC_US200_.jpg,Walkie Talkies for Kids Toys: Toys for 3-12 Year Old Boys Girls - 22 Channels 2 Way Radio Toy with Backlit LCD Flashlight - 3 Miles Range for Outside/Camping/Hiking (2-Pack) Blue,https://www.amazon.com/dp/B0GRMSDQH9?th=1,1772841600000,300,美国,儿童电子产品
1776162960108,亚马逊,B0GR9D36PY,https://m.media-amazon.com/images/I/31Te5UVYt+L._AC_US200_.jpg,"Slow Rebound Cute Butter Squeeze Stress Balls, 2026 New Stress Relief Fidget Toys, Squeeze Ball Realistic Butter Stick Soft Squeeze Toy, Stress Relief Sensory Toys for Adults Gifts (1*PCS)",https://www.amazon.com/dp/B0GR9D36PY?th=1,1772841600000,200,美国,Novelty & Gag Toys
1776162960108,亚马逊,B0GHQN337V,https://m.media-amazon.com/images/I/71OnQbmDT6L._AC_US200_.jpg,Wooden Abacus for Kids Math Games for Kids 5-7 Abacus Counters Homeschool Counting Toys for 3-5 6-8 Boys Girls Gifts Math Manipulatives Educational Learning Toys for 4 Year Old with Number Cards 1-100,https://www.amazon.com/dp/B0GHQN337V?th=1,1772841600000,200,美国,婴幼儿
1776162960108,亚马逊,B0GQZH5FMY,https://m.media-amazon.com/images/I/61uAoIiM+BL._AC_US200_.jpg,"Squish Toys,Slow Rebound Cute Butter Squeeze Stress Balls,Stress Relief Sensory Toys for Adults Kids Gifts,Slow Rising Squishy,Taba Squishy,Stress Relief Fidget Toys for ADHD,Party Favor Gifts (1Pc)",https://www.amazon.com/dp/B0GQZH5FMY?th=1,1772841600000,700,美国,Novelty & Gag Toys
1776162960108,亚马逊,B0GGHH43BS,https://m.media-amazon.com/images/I/81MctqRim7L._AC_US200_.jpg,Jasonwell Inflatable Pool Float Adult - Ultra-Comfort Soft Fabric Pool Floaties Lounge Floats Floating Chair Raft with Adjustable Backrest Air Lounger Tanning Float for Pool Beach Party,https://www.amazon.com/dp/B0GGHH43BS?th=1,1772841600000,300,美国,体育
1776162960108,亚马逊,B0GR5LXTPS,https://m.media-amazon.com/images/I/81oHIh2RIeL._AC_US200_.jpg,"Glitter Dumpling Squishy-Rare Glitter Dumpling Stress Ball, Bun Stress Relief Fidget Low Rising Pink Gold Orange Rainbow Dumplings Toy with Steamer (Glitter Pink )",https://www.amazon.com/dp/B0GR5LXTPS?th=1,1772841600000,1000,美国,Novelty & Gag Toys
1776162960108,亚马逊,B0GQZVDKBD,https://m.media-amazon.com/images/I/61uhDdZXLuL._AC_US200_.jpg,"Slow Rebound Cute Butter Squeeze Stress Balls, 2026 Upgraded Squeeze Ball Realistic Butter Stick Soft Squeeze Toys, Upgrade Wet Slow Rebound Stress Relief Toy Stress Relief Fidget Toys (1 Pcs)",https://www.amazon.com/dp/B0GQZVDKBD?th=1,1772841600000,300,美国,Novelty & Gag Toys
1776162960108,亚马逊,B0GQFCVT9Y,https://m.media-amazon.com/images/I/41E9iRuLeKL._AC_US200_.jpg,"FIFA World Cup 2026 Official Licensed Soccer Ball Plush, 11.8'' Throw Pillow, Soft PP Cotton Soccer Stuffed Animal, Soft Room Décor, Silent Indoor Soccer Toy for Kids, World Cup 2026 Merchandise",https://www.amazon.com/dp/B0GQFCVT9Y?th=1,1772841600000,200,美国,填充的动物
1776162960108,亚马逊,B0GJTWQS52,https://m.media-amazon.com/images/I/51fnxohOYkL._AC_US200_.jpg,"12 PCS Easter Eggs Filled with Animal Pull Back Car Toys, Easter Basket Stuffers for Kids Toddlers Boys Girls, Easter Eggs Fillers Stuffers for Easter Hunt, Animal Vehicle for Party Favor",https://www.amazon.com/dp/B0GJTWQS52?th=1,1772841600000,800,美国,Party Supplies
1776162960108,亚马逊,B0GJRWLZ1W,https://m.media-amazon.com/images/I/51kuNh9iVUL._AC_US200_.jpg,12 PCS PreFilled Easter Eggs with Plush Toys Keychain Decoration Stuffed Toy Great for Kids Boys Girls Easter Basket Stuffers Party Favors Easter Egg Fillers Hunt for Easter Egg Hunt Prizes,https://www.amazon.com/dp/B0GJRWLZ1W?th=1,1772841600000,700,美国,Party Supplies
1776162960108,亚马逊,B0GKF6PPHQ,https://m.media-amazon.com/images/I/51hyTy2T8KL._AC_US200_.jpg,"24Pack Easter Eggs,3D Printed Stuff,Easter Basket Stuffers,3D Printed Little Animals Articulated Flexible Fidget Toy, Easter Egg with Animal Toys Kids Classroom Gift Exchange Party Favors",https://www.amazon.com/dp/B0GKF6PPHQ?th=1,1772841600000,800,美国,Party Supplies
1776162960108,亚马逊,B0GGTQLLP1,https://m.media-amazon.com/images/I/5129Zz4OQAL._AC_US200_.jpg,"24 Packs Easter Eggs Filled with Brain Teaser Puzzles Toys Easter Basket Stuffers for Kids Teens Adults,Prefilled Easter Eggs Fillers Toys Inside for Boys Girls",https://www.amazon.com/dp/B0GGTQLLP1?th=1,1772841600000,600,美国,Party Supplies
1776162960108,亚马逊,B0G6WCSDDW,https://m.media-amazon.com/images/I/51HdfTXiiAL._AC_US200_.jpg,"12 Pack Easter Eggs Filled Chick Duck LED Puffer Balls Easter Egg Fillers, Light Up Squeeze Sensory Ball Fidget Toys Easter Eggs Hunts Party Favors, Easter Basket Stuffers for Kids Tenns Boys Girls",https://www.amazon.com/dp/B0G6WCSDDW?th=1,1772841600000,900,美国,Party Supplies
1776162960108,亚马逊,B0GJCYCJJ4,https://m.media-amazon.com/images/I/41XIGkOt5wL._AC_US200_.jpg,20 PCS White Wooden Eggs to Paint Fake Easter Eggs Dummy Faux Wooden Eggs for Easter Decorations,https://www.amazon.com/dp/B0GJCYCJJ4?th=1,1772841600000,300,美国,扮靓
1776162960108,亚马逊,B0GR4YN7QY,https://m.media-amazon.com/images/I/41RvPGVyDPL._AC_US200_.jpg,"Slow Rebound Cute Butter Squeeze Stress Balls, 2026 New Squeeze Ball Realistic Butter Stick Soft Squeeze Balls, Upgrade Stress Balls for Stress Relief Anxiety Sensory Gifts (2pcs)",https://www.amazon.com/dp/B0GR4YN7QY?th=1,1772841600000,400,美国,Novelty & Gag Toys
1776162960108,亚马逊,B0GR554T42,https://m.media-amazon.com/images/I/31JR3c0Ew6L._AC_US200_.jpg,"Coconut Oil Stress Ball , Fidget Squishy Toys , Portable Squeeze Vacuum Stress Shapeable Ball Toys , Sand Glutinous Crunchy Stress Ball , Stretchy Fidgety Toy Classroom Prize Adult Kids",https://www.amazon.com/dp/B0GR554T42?th=1,1772841600000,200,美国,Novelty & Gag Toys
1776162960108,亚马逊,B0GHYYBB64,https://m.media-amazon.com/images/I/41yTD4Oa8vL._AC_US200_.jpg,"Large Veined Ice Cube Squishy Toy, 7cm (2.76 Inch) Big Stress Cube, Soft Sensory Fidget Toy for Anxiety Relief and Focus for Youth Adults, Squishy Ball (Blue)",https://www.amazon.com/dp/B0GHYYBB64?th=1,1772841600000,200,美国,Novelty & Gag Toys
1776162960108,亚马逊,B0GQZPYRZZ,https://m.media-amazon.com/images/I/41I7xq6h9tL._AC_US200_.jpg,"Dumpling Squishies, Mystery Glitter Dumpling Squishies Box, Colorful Dumplings Stress Balls Fidget Sensory Toy, Soft Squeeze Decompression Dough for Anxiety Relief Fidget, Kids Easter Basket Stuffers",https://www.amazon.com/dp/B0GQZPYRZZ?th=1,1772841600000,500,美国,Novelty & Gag Toys
1776162960108,亚马逊,B0GR4XGBPG,https://m.media-amazon.com/images/I/41DbdQMsZGL._AC_US200_.jpg,"Dumpling Glitter, Dumpling Glitter Squishies, Dumplings Squishies, Stress Relief Fidget, Soft Squeeze Decompression Dough, Giant Glitters Dumplings (White)",https://www.amazon.com/dp/B0GR4XGBPG?th=1,1772841600000,1000,美国,Novelty & Gag Toys
1776162960108,亚马逊,B0GRG95MY7,https://m.media-amazon.com/images/I/514GEeB8jML._AC_US200_.jpg,"Dumpling Squishy, 2026 New Bun Squeeze Stress Relief Ball with Steamer Box for Stress Relief (Blue)",https://www.amazon.com/dp/B0GRG95MY7?th=1,1772841600000,500,美国,Novelty & Gag Toys
1776162960108,亚马逊,B0GRFWYVW7,https://m.media-amazon.com/images/I/61E3n25toeL._AC_US200_.jpg,"Dumpling Squishy, 2026 New Bun Squeeze Stress Relief Ball with Steamer Box for Stress Relief (Yellow)",https://www.amazon.com/dp/B0GRFWYVW7?th=1,1772841600000,200,美国,Novelty & Gag Toys
1776162960108,亚马逊,B0GR95SX8B,https://m.media-amazon.com/images/I/61s1zIFSUVL._AC_US200_.jpg,"Big Cheese S-quishy,Squi-Shy Cheese Sugar Cube Squ-ishy Sensory Toy, Slow-Rebound Shapeable Squeeze Ball Sensory Fidget Toy Relieves Stress for Kids and Adults Desk,10x10x10cm",https://www.amazon.com/dp/B0GR95SX8B?th=1,1772841600000,200,美国,Novelty & Gag Toys
1776162960108,亚马逊,B0GGGN69VF,https://m.media-amazon.com/images/I/81zWiT2cZ5L._AC_US200_.jpg,24 Pack Prefilled 3D Printed Animals with Easter Eggs Set Easter Day Gift Figurines Gifts Toys for Kids Basket Stuffers Classroom Prizes Exchange Party Favors,https://www.amazon.com/dp/B0GGGN69VF?th=1,1772841600000,600,美国,Party Supplies
1776162960108,亚马逊,B0GJS4Z6SP,https://m.media-amazon.com/images/I/51YbGFsyPnL._AC_US200_.jpg,"Impossmaker 8PCS 3D Printed Dragon Eggs, Prefilled Easter Dragon Egg for Basket Stuffers, Goodie Bag Fillers, Classroom Prize Supplies, Unique Easter Basket Essentials for Kids (Series B)",https://www.amazon.com/dp/B0GJS4Z6SP?th=1,1772841600000,600,美国,玩具图
1776162960108,亚马逊,B0GL7HC5D4,https://m.media-amazon.com/images/I/71HvfJsFPPL._AC_US200_.jpg,"IRRONN 24Pcs Easter Eggs with 3D Printed Dragons Inside,Articulated 3D Printed Dragon for Easter Basket Stuffers,Fantasy Fidget Toyfor Kids Party Favors",https://www.amazon.com/dp/B0GL7HC5D4?th=1,1772841600000,2000,美国,玩具图
1776162960108,亚马逊,B0GFNDW85G,https://m.media-amazon.com/images/I/41bVUGWv2lL._AC_US200_.jpg,"TBOLINE 12"" 3D Printed Dragon Egg, Cool 3D Printer Articulated Crystal Dragon Toys for Kids, Surprise Animals Figurines Fidget Dinosaur Eggs Toys for Boys Kids Teen 5-7 4-6 8-12",https://www.amazon.com/dp/B0GFNDW85G?th=1,1772841600000,500,美国,玩具图
1776162960108,亚马逊,B0GHXQ6QMC,https://m.media-amazon.com/images/I/81XBKL5tclL._AC_US200_.jpg,Prefilled 3D Printed Animals Easter Eggs - 12Pcs Prefilled Easter Eggs with Toys - Pre Filled Mini 3D Printed Animals Easter Eggs - Wigglitz 3D Fidget Toys Animals Assorted for Boys Girls,https://www.amazon.com/dp/B0GHXQ6QMC?th=1,1772841600000,500,美国,玩具图
1776162960108,亚马逊,B0G4VLTJSV,https://m.media-amazon.com/images/I/71JxunBp-vL._AC_US200_.jpg,"8 PCS Jumbo Gold Plastic Easter Eggs, 6 Inch Giant Metallic Golden Easter Eggs Fillable Large Empty Egg for Easter Hunt Basket Stuffers Fillers Classroom Prize Supplies",https://www.amazon.com/dp/B0G4VLTJSV?th=1,1772755200000,300,美国,Party Supplies
1776162960108,亚马逊,B0GRB9G3CN,https://m.media-amazon.com/images/I/51DhBtKXESL._AC_US200_.jpg,"2026 Glitter Dumpling - Squishy Dumplings Glitter, Dumpling Squishies, Soft Squeeze Decompression Dough, Anxiety Relief Fidget (Mix)",https://www.amazon.com/dp/B0GRB9G3CN?th=1,1772755200000,200,美国,Novelty & Gag Toys
1776162960108,亚马逊,B0FQ789HV6,https://m.media-amazon.com/images/I/814K-sk-xxL._AC_US200_.jpg,"Hyojo Krispy Kreme Doughnuts Series, Blind Box Collectible Plush, Limited Edition Toy Gift for All Ages, 3 to Collect, Chocolate & Strawberry Iced, and Original Glazed with a Signature Hat",https://www.amazon.com/dp/B0FQ789HV6?th=1,1772755200000,1000,美国,填充的动物
1776162960108,亚马逊,B0GR76QPY9,https://m.media-amazon.com/images/I/61yD0T4uYvL._AC_US200_.jpg,"Q-Less The Original Crossword Solitaire Game - Genuine - Word Game, Puzzle, 12 Lettered Dice in a Sleek Tin, Portable, Educational Wordplay Fun, Travel",https://www.amazon.com/dp/B0GR76QPY9?th=1,1772755200000,1000,美国,游戏
1776162960108,亚马逊,B0GGRJ93NP,https://m.media-amazon.com/images/I/712VfHQkX1L._AC_US200_.jpg,"Electric Water Gun for Kids & Adults, Automatic Squirt Gun with LED Lights, High Capacity Water Tank, Rechargeable/Powerful Continuous Firing Water Blaster for Summer Pool Beach Outdoor Toys",https://www.amazon.com/dp/B0GGRJ93NP?th=1,1772755200000,300,美国,体育
1776162960108,亚马逊,B0GR9GLZ5T,https://m.media-amazon.com/images/I/71oT6iWoskL._AC_US200_.jpg,"Giant Dumpling Squishy - 4 Inch Jumbo Mystery Stress Relief Ball with Rainbow Bun, Novelty Steamer Cage Packaging, Anxiety Decompression Fidget for Adults (Pink Glitter)",https://www.amazon.com/dp/B0GR9GLZ5T?th=1,1772755200000,600,美国,Novelty & Gag Toys
1776162960108,亚马逊,B0GM8W1KSY,https://m.media-amazon.com/images/I/81p2dH+ngVL._AC_US200_.jpg,"6 Sets Sticker Books for Toddlers 2-4 Years, Reusable Jelly Sticker Activity Books Kids 1-3, Travel Toys Ages 3-5, Road Trip Waterproof Boys & Girls",https://www.amazon.com/dp/B0GM8W1KSY?th=1,1772755200000,200,美国,艺术
1776162960108,亚马逊,B0BCYK1B6H,https://m.media-amazon.com/images/I/71UftB7wYxL._AC_US200_.jpg,"Bunny Bubble Gun Machine for Girl – Easter Basket Stuffer, 360° Leak-Proof LED & 10,000+ BPM, Includes Surprise Stickers, Outdoor Birthday for Toddlers Ages 3-6",https://www.amazon.com/dp/B0BCYK1B6H?th=1,1772755200000,500,美国,体育
1776162960108,亚马逊,B0G6W24Z92,https://m.media-amazon.com/images/I/517rE9yTMvL._AC_US200_.jpg,12 PCS Jumbo Gold Easter Eggs 6 Inch Large Golden Metallic Easter Eggs Bulk for Filling Treats Plastic Fillable Jumbo Surprise Eggs Hunt Easter Basket Stuffers Fillers Party Favor for Kids Boys Girls,https://www.amazon.com/dp/B0G6W24Z92?th=1,1772755200000,200,美国,扮靓
1776162960108,亚马逊,B0GGB6HVFZ,https://m.media-amazon.com/images/I/61NgXk9dCGL._AC_US200_.jpg,"Water Guns for Kids, Squirt Gun for Boys Girls, Cool Small Manual Water Pistols, Party Favors Swimming Pool Beach Outdoor Water Gun Toys, Ideal for Summer Gifts for Kids Aged 3 5 4 6 7 8 (2Pack)",https://www.amazon.com/dp/B0GGB6HVFZ?th=1,1772755200000,1000,美国,体育
1776162960108,亚马逊,B0GHMXP8YQ,https://m.media-amazon.com/images/I/515BNbvac5L._AC_US200_.jpg,"Easter Basket Stuffers for Kids – 3 Pack 3 Inch Stringy Balls, Soft Sensory Fidget & Stress Relief Toys for Boys & Girls, Egg Fillers, Party Favors, Classroom Prizes (Red Yellow Purple)",https://www.amazon.com/dp/B0GHMXP8YQ?th=1,1772755200000,400,美国,Novelty & Gag Toys
1776162960108,亚马逊,B0G4VMN4WK,https://m.media-amazon.com/images/I/715ofqfqEPL._AC_US200_.jpg,"Pool Toys for Kids Ages 4-8, 26 Pcs Diving Toys, Diving Rings, Swimming Pool Games with Storage Net Bag, Torpedo, Gem, Sea Animal & Diving Ring, Pool Decoration, Summer Pool Party Toys",https://www.amazon.com/dp/B0G4VMN4WK?th=1,1772755200000,800,美国,体育
1776162960108,亚马逊,B0G72MS7DJ,https://m.media-amazon.com/images/I/51G6f4EYc5L._AC_US200_.jpg,"24 Pack Plastic Printed Easter Eggs, 2.4 Inch Fillable Empty Eggs Bulks for Easter Eggs Hunt, Easter Basket Stuffers Fillers, Classroom Prize Supplies, Filling Treats and Party Favors",https://www.amazon.com/dp/B0G72MS7DJ?th=1,1772755200000,300,美国,Party Supplies
1776162960108,亚马逊,B0G73BBSB5,https://m.media-amazon.com/images/I/81WnATf3m0L._AC_US200_.jpg,"60 Pack Plastic Printed Easter Eggs, 3.15'' Tall Fillable Empty Eggs Bulks for Easter Eggs Hunt, Easter Basket Stuffers Fillers, Classroom Prize Supplies, Filling Treats and Party Favors",https://www.amazon.com/dp/B0G73BBSB5?th=1,1772755200000,400,美国,Party Supplies
1776162960108,亚马逊,B0GGJ6B5V2,https://m.media-amazon.com/images/I/81ONeoxEryL._AC_US200_.jpg,"Handwell Toddler Water Table, Auto Water-Absorbing 3-Tier Kids Water and Sand Activity Table with Umbrella & 20PCS Water Toy Accessories, Outdoor Water Play Toys Sensory Playset Summer Gift for Age 3+",https://www.amazon.com/dp/B0GGJ6B5V2?th=1,1772755200000,400,美国,运动与户外游戏
1776162960108,亚马逊,B0GR8MQJWC,https://m.media-amazon.com/images/I/51wUuG9worL._AC_US200_.jpg,"4-Pack Glitter Dumpling Squishy Set - Colorful Sensory Stress Relief Collections, Random Squishy Gift Box with Sparkly Dumplings for Party Favors & Collectibles (Random-4 PCS)",https://www.amazon.com/dp/B0GR8MQJWC?th=1,1772755200000,400,美国,Novelty & Gag Toys
1776162960108,亚马逊,B0GR8T3DRK,https://m.media-amazon.com/images/I/51Fup1tvlgL._AC_US200_.jpg,"9-Pack Glitter Dumpling Squishy Set - Colorful Sensory Stress Relief Collections, Random Squishy Gift Box with Sparkly Dumplings for Party Favors & Collectibles (Random-9 PCS)",https://www.amazon.com/dp/B0GR8T3DRK?th=1,1772755200000,400,美国,Novelty & Gag Toys
1776162960108,亚马逊,B0GK64WV4V,https://m.media-amazon.com/images/I/61DC6Gs7WSL._AC_US200_.jpg,LINAYE 150 PCS Easter Stickers Vinyl Waterproof Non-Repeating Adhesive Easter Stickers Bulk for Kids Water Bottle Party Favors Crafts & Gifts for Boys Girls Teens Adults,https://www.amazon.com/dp/B0GK64WV4V?th=1,1772755200000,200,美国,艺术
1776162960108,亚马逊,B0GKW8GZ8J,https://m.media-amazon.com/images/I/819nDw-9iDL._AC_US200_.jpg,"Celestial Tarot Deck, Unique Tarot Cards for Beginners with Blue Gold Edge, Divination and Spiritual Divination Tool",https://www.amazon.com/dp/B0GKW8GZ8J?th=1,1772755200000,200,美国,新颖性
1776162960108,亚马逊,B0GGB4YNMW,https://m.media-amazon.com/images/I/51Ra8L7KdwL._AC_US200_.jpg,"Rechargeable Unicorn Bubble Gun, Unicorn Toys for Girls Age 4-6, Outdoor Toys Bubble Machine, 3 4 5 6 7 8 9 10 11 12 Year Old Girl Gifts, Easter, Birthday, Summer, Wedding, Party Favors, Halloween",https://www.amazon.com/dp/B0GGB4YNMW?th=1,1772755200000,300,美国,体育
1776162960108,亚马逊,B0G4VS1J8F,https://m.media-amazon.com/images/I/51hVJlS8L0L._AC_US200_.jpg,"16 PCS Jumbo Gold Plastic Easter Eggs, 6 Inch Giant Metallic Golden Easter Eggs Fillable Large Empty Egg for Easter Hunt Basket Stuffers Fillers Classroom Prize Supplies",https://www.amazon.com/dp/B0G4VS1J8F?th=1,1772755200000,300,美国,Party Supplies
1776162960108,亚马逊,B0GL7QV3HW,https://m.media-amazon.com/images/I/51rtO8w9oXL._AC_US200_.jpg,"Easter Balloon Arch Kit, Pastel Bunny Balloon Garland for Baby Shower Spring Easter Birthday Party Decorations",https://www.amazon.com/dp/B0GL7QV3HW?th=1,1772755200000,200,美国,派对用品
1776162960108,亚马逊,B0GL7QVW9Z,https://m.media-amazon.com/images/I/51MPaWeO0oL._AC_US200_.jpg,"Easter Balloon Arch Kit, 149Pcs Pastel Balloon Garland with Bunny Daisy Foil Printed Balloons for Baby Shower Spring Birthday Party Decorations",https://www.amazon.com/dp/B0GL7QVW9Z?th=1,1772755200000,200,美国,派对用品
1776162960108,亚马逊,B0G6LHFT5C,https://m.media-amazon.com/images/I/51S5h8sbGOL._AC_US200_.jpg,"FLYSNK 6 Pcs Jumbo Golden Easter Eggs, 6 Inch Metallic Giant Plastic Gold Eggs Fillable for Easter Hunt Party Favor Easter Basket Stuffers Fillers Filling Treats Classroom Prize Supplies for Kids",https://www.amazon.com/dp/B0G6LHFT5C?th=1,1772755200000,300,美国,Party Supplies
1776162960108,亚马逊,B0GCBD9HFC,https://m.media-amazon.com/images/I/51pRxr5nU-L._AC_US200_.jpg,"36 Pack Easter Eggs Filled with Brain Teaser Puzzles, Easters Eggs Stuffers for Teens Kids Boys Girls, Easter Basket Stuffers for Kids Teens Adults, Egg Fillers Hunt Game, Classroom Prize Supplies",https://www.amazon.com/dp/B0GCBD9HFC?th=1,1772755200000,300,美国,拼图
1776162960108,亚马逊,B0G43WKMSK,https://m.media-amazon.com/images/I/717r78Vy9OL._AC_US200_.jpg,"8 PCS Jumbo Gold Plastic Easter Eggs, 6 Inch Giant Metallic Golden Easter Eggs Fillable Large Empty Egg for Easter Hunt Basket Stuffers Fillers Filling Treats Classroom Prize Supplies",https://www.amazon.com/dp/B0G43WKMSK?th=1,1772755200000,800,美国,Party Supplies
1776162960108,亚马逊,B0G739JQ3Q,https://m.media-amazon.com/images/I/61JHwg2S6FL._AC_US200_.jpg,"[ 6 Surprise Golden Eggs ] 100 Pack Prefilled Easter Eggs Filled with Assorted Toys Inside, Pre Filled Plastic Easter Eggs Fillers for Easter Hunt, Easter Basket Stuffers, Easter Party Favors",https://www.amazon.com/dp/B0G739JQ3Q?th=1,1772755200000,600,美国,Party Supplies
1776162960108,亚马逊,B0G73GQKPS,https://m.media-amazon.com/images/I/51PX0h2tiwL._AC_US200_.jpg,"100 Pack Fillable Plastic Easter Eggs Bulk Include 6 Surprise Golden Eggs, 2.4 Inch Bright Color Empty Easter Eggs for Easter Hunts, Basket Stuffers Fillers, Easter Party Favors Classroom Prize",https://www.amazon.com/dp/B0G73GQKPS?th=1,1772755200000,300,美国,Party Supplies
1776162960108,亚马逊,B0G73KFKFL,https://m.media-amazon.com/images/I/51LRf5qiGfL._AC_US200_.jpg,"50 Pack 3 Inch Large Fillable Plastic Easter Eggs Bulk Include 6 Surprise Golden Eggs, Bright Color Empty Easter Eggs for Easter Hunts, Basket Stuffers Fillers, Easter Party Favors Classroom Prize",https://www.amazon.com/dp/B0G73KFKFL?th=1,1772755200000,500,美国,Party Supplies
1776162960108,亚马逊,B0G72J84QL,https://m.media-amazon.com/images/I/81q2V0e63+L._AC_US200_.jpg,"50 Pack 3.1"" Fillable Easter Eggs with 6 Surprise Gold Eggs, Colorful Plastic Eggs for Easter Egg Hunts, Basket Stuffers Fillers, Party Favors, Classroom Rewards Prizes for Kids Toddlers Boys Girls",https://www.amazon.com/dp/B0G72J84QL?th=1,1772755200000,300,美国,Party Supplies
1776162960108,亚马逊,B0GCC3SJMY,https://m.media-amazon.com/images/I/810BcoJgtpL._AC_US200_.jpg,"36 Pack Easter Eggs Filled with Brain Teaser Puzzles Toys, Easter Basket Stuffers for Kids Teens Adults, Easters Egg Fillers for Kids Teens Adults, Easters Eggs Hunt Game, Classroom Prize Supplies",https://www.amazon.com/dp/B0GCC3SJMY?th=1,1772755200000,300,美国,Party Supplies
1776162960108,亚马逊,B0FVXG2TYG,https://m.media-amazon.com/images/I/717laBIsJjL._AC_US200_.jpg,"EAPHANT Diamond Art Kits for Kids, Gem Keychains and Stickers Painting Gifts for Girls Ages 4-8 8-12, Arts and Crafts Toys for Kids with 29 Designs",https://www.amazon.com/dp/B0FVXG2TYG?th=1,1772755200000,400,美国,艺术
1776162960108,亚马逊,B0FZJVS38G,https://m.media-amazon.com/images/I/61XYgUw91pL._AC_US200_.jpg,"Alphabet Pop Fidget Toys It for Kids, Fidget Poppers Toys Sensory Squeeze Bubble Popping, Silicone Dinosaur Toys Pop Anxiety and Stress Relief Its for Boy Girls (Green)",https://www.amazon.com/dp/B0FZJVS38G?th=1,1772755200000,200,美国,Novelty & Gag Toys
1776162960108,亚马逊,B0GR428JWK,https://m.media-amazon.com/images/I/719LLeQauoL._AC_US200_.jpg,"Dumpling Squishy, Glitter Dumpling, Colorful Squishy Dumplings with Box, Soft Squeeze Toy for Stress Relief (Purple+Pink)",https://www.amazon.com/dp/B0GR428JWK?th=1,1772755200000,200,美国,Novelty & Gag Toys
1776162960108,亚马逊,B0G6VG6GGD,https://m.media-amazon.com/images/I/51KVsdoJSBL._AC_US200_.jpg,"8 Pack Jumbo Surprise Golden Easter Egg Filled with Eye-pop Fidget Toys, Large Easter Eggs with Toys Inside Easter Basket Stuffers Fillers Easter Egg Hunts Party Favor for Kids Boys Girls Toddler Teen",https://www.amazon.com/dp/B0G6VG6GGD?th=1,1772755200000,300,美国,Party Supplies
1776162960108,亚马逊,B0G6VFY45Y,https://m.media-amazon.com/images/I/71rHQx5s3JL._AC_US200_.jpg,"8 Pack Jumbo Golden Easter Eggs with Eye-Pop Fidget Toys Inside, Large Plastic Filled Easter Eggs for Easter Basket Stuffers, Egg Hunt Supplies, Party Favors for Kids Boys Girls Toddler Teens",https://www.amazon.com/dp/B0G6VFY45Y?th=1,1772755200000,400,美国,Party Supplies
1776162960108,亚马逊,B0GGR5FQC5,https://m.media-amazon.com/images/I/51Cslce0GTL._AC_US200_.jpg,"Budbof 24 Pack Easter Egg Fillers Plush Bunny, Easter Eggs Filled Toys for Kids Toddler Boys Girls Easter Basket Stuffers Party Favors",https://www.amazon.com/dp/B0GGR5FQC5?th=1,1772755200000,400,美国,Party Supplies
1776162960108,亚马逊,B0G6LJL5BP,https://m.media-amazon.com/images/I/81TJSeV0OsL._AC_US200_.jpg,"36 Pack Easter Eggs Fillers with Mini Bunny Plush, Easter Eggs Filled with Toys Inside for Kids, Mini Stuffed Bunny Animals, Easter Basket Stuffers Easter Hunts Party Favors",https://www.amazon.com/dp/B0G6LJL5BP?th=1,1772755200000,800,美国,Party Supplies
1776162960108,亚马逊,B0GDFJ9T2F,https://m.media-amazon.com/images/I/71gMC7JDgeL._AC_US200_.jpg,"R36MAX Retro Handheld Game Console – 18,000+ Classic Games, 4.0"" IPS Display, Linux System, 64GB Storage – Your Retro Gaming Console and The to Relive Timeless Classics.(Black)",https://www.amazon.com/dp/B0GDFJ9T2F?th=1,1772755200000,300,美国,儿童电子产品
1776162960108,亚马逊,B0G2BNQKHX,https://m.media-amazon.com/images/I/71Uc4udoqfL._AC_US200_.jpg,"CUTE STONE 50 Pack Filled Easter Eggs with Gemstones, Prefilled Easter Basket Stuffers Easter Party Favors for Teens, Boy, Girls and Kids",https://www.amazon.com/dp/B0G2BNQKHX?th=1,1772755200000,500,美国,Party Supplies
1776162960108,亚马逊,B0GR8ZWCMN,https://m.media-amazon.com/images/I/51sDzNaLtaL._AC_US200_.jpg,"Slow Rebound Cute Butter Squeeze Stress Balls, New Slow Rising Squishy Butter Stick, Squeeze Ball Realistic Butter Stick Soft Squeeze Stress Relief Fidget Wet Slow Rebound Stress Relief Toys (Beige)",https://www.amazon.com/dp/B0GR8ZWCMN?th=1,1772755200000,600,美国,Novelty & Gag Toys
1776162960108,亚马逊,B0GDM8SZ85,https://m.media-amazon.com/images/I/51EzwC9fS2L._AC_US200_.jpg,"Easter Party Decorations, 153PCS Easter Balloon Arch Kit, Pastel Balloons with Large Happy Easter Backdrop Banner for Easter Party Supplies",https://www.amazon.com/dp/B0GDM8SZ85?th=1,1772755200000,200,美国,派对用品
1776162960108,亚马逊,B0GKZCSSNX,https://m.media-amazon.com/images/I/51pgcjM+oFL._AC_US200_.jpg,Easter Decorations for Home Easter Party Decorations Includes Happy Easter Banner Easter Garland Egg Bunny Easter Hanging Decorations Swirls Honeycomb Balls for Holiday Party Home Classroom Office,https://www.amazon.com/dp/B0GKZCSSNX?th=1,1772755200000,300,美国,Party Supplies
1776162960108,亚马逊,B0GR1JKTZS,https://m.media-amazon.com/images/I/61lYEWwE1oL._AC_US200_.jpg,New 2026-Dumpling Squishies & Dumpling Squishy Mystery Box Squishy Dumpling (Dark Blue),https://www.amazon.com/dp/B0GR1JKTZS?th=1,1772755200000,6000,美国,Novelty & Gag Toys
1776162960108,亚马逊,B0G3TF1LH6,https://m.media-amazon.com/images/I/81OyyKpuIWL._AC_US200_.jpg,"iPlay, iLearn Baby Duck Bath Toy, Toddler Bathtub Shower Toy W/ Suction Spin Gear, Floating Animals, Fishing Net Pool Water Play, Birthday Easter Gift 6 12 18 Month Infant 1 2 3 Year Old Kid Boy Girl",https://www.amazon.com/dp/B0G3TF1LH6?th=1,1772755200000,200,美国,婴幼儿
1776162960108,亚马逊,B0GRGSXGJT,https://m.media-amazon.com/images/I/51qOVRCoOrL._AC_US200_.jpg,"New Glitter Dumpling Squishy - Dumpling Squishy Mystery Box, Stress Relief Fidget, Soft Squeeze Decompression Dough (1 Pack)",https://www.amazon.com/dp/B0GRGSXGJT?th=1,1772755200000,200,美国,Novelty & Gag Toys
1776162960108,亚马逊,B0GF8CJP6R,https://m.media-amazon.com/images/I/61+soCN8oKL._AC_US200_.jpg,"Inflatable Tanning Pool Lounger Float with Sprinkler & Canopy UPF50+, 77"" x 48"" Extra Large Tanning Pool Float for Adults, Sunbathing Water Lounge Bed with Pillow & Cup Holder for Backyard & Pool",https://www.amazon.com/dp/B0GF8CJP6R?th=1,1772755200000,300,美国,体育
1776162960108,亚马逊,B0GF87DCFM,https://m.media-amazon.com/images/I/91gsaOCuEhL._AC_US200_.jpg,"Inflatable Tanning Pool Lounger Float with Sprinkler & Canopy UPF50+, 77"" x 48"" Extra Large Tanning Pool Float for Adults, Sunbathing Water Lounge Bed with Pillow & Cup Holder for Backyard & Pool",https://www.amazon.com/dp/B0GF87DCFM?th=1,1772755200000,300,美国,体育
1776162960108,亚马逊,B0GHMXGQ45,https://m.media-amazon.com/images/I/81XrvTxGL0L._AC_US200_.jpg,"Funscape Kids Pool Diving Toy, Treasure Pirate Ship Diving Pool Game Water Play W/ Key Coin Gem, Toddler Swim Dive Toy Lake Bath Tub, Outdoor Summer Party Gift 3 4 5 6 7 8 Year Old Boy Girl Child Teen",https://www.amazon.com/dp/B0GHMXGQ45?th=1,1772755200000,300,美国,体育
1776162960108,亚马逊,B0GR4ZY7BY,https://m.media-amazon.com/images/I/61I7KyMxI-L._AC_US200_.jpg,"Peanut Squishies - Peanut Stress Balls Fidget Toys Adults,Cute Anxiety Relief Toy,Squeeze Dough Ball Stress Relief Hand Toys,Soft Squeeze Decompression Dough for Kids,Party Favors (Yellow, 4.33 in)",https://www.amazon.com/dp/B0GR4ZY7BY?th=1,1772755200000,200,美国,Novelty & Gag Toys
1776162960108,亚马逊,B0GHN3D6J3,https://m.media-amazon.com/images/I/510cbDwHseL._AC_US200_.jpg,"Dusty Blue Sage Green Balloon Arch Kit, 140Pcs Fog Blue and Light Blue Green Sand White Balloons Different Size with Heart Foil Balloon for Baby Shower Bridal Anniversary Birthday Party Decorations",https://www.amazon.com/dp/B0GHN3D6J3?th=1,1772755200000,300,美国,派对用品
1776162960108,亚马逊,B0GQ9G8YS4,https://m.media-amazon.com/images/I/41HrlqWN0aL._AC_US200_.jpg,"Retro Handheld Games Console, Built-in 400 Video Games,Portable Video Gaming Player with 3.0 Inch IPS Screen and Rechargeable Battery (Green)",https://www.amazon.com/dp/B0GQ9G8YS4?th=1,1772755200000,300,美国,儿童电子产品
1776162960108,亚马逊,B0G6DD284G,https://m.media-amazon.com/images/I/81k7eezcSDL._AC_US200_.jpg,"Party Favors Kids Sunglasses Bulk - 16 Packs Neon Sunglasses for Kid Age 3-8, UV400 Protection Party Sunglasses Goodie Bags Stuffers for kids Birthday Party Supply, End of the Year Gifts For Students",https://www.amazon.com/dp/B0G6DD284G?th=1,1772755200000,500,美国,Party Supplies
1776162960108,亚马逊,B0GCLS5XY2,https://m.media-amazon.com/images/I/51-OxuXcv7L._AC_US200_.jpg,"LEASEN 36 Pack Printed Easter Eggs Bulks, 2.3 Inches Empty Plastic Easter Eggs Fillable for Easter Egg Hunt, Easter Party Favor for Kids, Basket Stuffers Fillers",https://www.amazon.com/dp/B0GCLS5XY2?th=1,1772755200000,400,美国,扮靓
1776162960108,亚马逊,B0GJ64S1TN,https://m.media-amazon.com/images/I/51mlh7CfKQL._AC_US200_.jpg,500PCS Easter Stickers Roll 8 Colors Spring Easter Bunny Stickers 1.2in Holographic Self-Adhesive Decorative Label Rabbit Sticker for Envelopes Scrapbook Holiday Party Decorations Supplies,https://www.amazon.com/dp/B0GJ64S1TN?th=1,1772755200000,300,美国,艺术
1776162960108,亚马逊,B0GDW756ZN,https://m.media-amazon.com/images/I/81Q6LFx-SmL._AC_US200_.jpg,"12 Pcs Party Blowers, Colorful Noise Makers Funny Blowout Horns for Birthday New Years Graduation Sporting Events Party Favor Supplies (Paper)",https://www.amazon.com/dp/B0GDW756ZN?th=1,1772755200000,200,美国,派对用品
1776162960108,亚马逊,B0GFCZ1NBC,https://m.media-amazon.com/images/I/3160l0K9K7L._AC_US200_.jpg,"Cat Paw Ice Cube Squishy,Medium 1.98 Inch Stress Cube Squeeze Toy,Soft Slow Rebound Squishy Cube for Stress Relief,Sensory Fidget Toys for Anxiety for Kids (1, Transparent Purple cat paw)",https://www.amazon.com/dp/B0GFCZ1NBC?th=1,1772755200000,300,美国,Novelty & Gag Toys
1776162960108,亚马逊,B0GL8DG766,https://m.media-amazon.com/images/I/71j4yguNG2L._AC_US200_.jpg,"My Realistic Bunny Toy,Hopping Bunny Toy,Vitality Bliss Bunny, Paired with a Leash and a Carrot,Easter Toys for Toddlers.(Brown Rabbit)",https://www.amazon.com/dp/B0GL8DG766?th=1,1772755200000,400,美国,填充的动物
1776162960108,亚马逊,B0GL8Z8DBH,https://m.media-amazon.com/images/I/71X8tOCTyEL._AC_US200_.jpg,"My Realistic Bunny Toy,Hopping Bunny Toy,Vitality Bliss Bunny, Paired with a Leash and a Carrot,Easter Toys for Toddlers.(White Rabbit)",https://www.amazon.com/dp/B0GL8Z8DBH?th=1,1772755200000,300,美国,填充的动物
1776162960108,亚马逊,B0GMLX5VMM,https://m.media-amazon.com/images/I/811EL8GtijL._AC_US200_.jpg,"Hamee RE-Ment Pikmin Blind Box Miniature Figure Set for Birthday Gift, Party Favor, Collectible Toy (Pikmin Terrarium Collection) – 1 Pc. Mystery Box",https://www.amazon.com/dp/B0GMLX5VMM?th=1,1772755200000,200,美国,新颖性
1776162960108,亚马逊,B0GQTJQBS8,https://m.media-amazon.com/images/I/51p7njW1vZL._AC_US200_.jpg,"Dumpling Squishy Mystery Box, Slow Rising Glitter Squishy Dumpling Toy, Soft TPR Sensory Stress Ball Fidget Toy, Easter Basket Stuffers Party Favors (Pink)",https://www.amazon.com/dp/B0GQTJQBS8?th=1,1772755200000,1000,美国,Novelty & Gag Toys
1776162960108,亚马逊,B0GQM2Z4J4,https://m.media-amazon.com/images/I/41Lop+h8-QL._AC_US200_.jpg,"Easter Basket Essentials, Pop Up Carrot Bunny, Carrot Rabbit Funny Novelty Toy, Easter Carrot Rabbit Squeeze Pop Up Toy (2PCS)",https://www.amazon.com/dp/B0GQM2Z4J4?th=1,1772755200000,700,美国,Novelty & Gag Toys
1776162960108,亚马逊,B0GKL84WQM,https://m.media-amazon.com/images/I/511ICP57lZL._AC_US200_.jpg,Easter Eggs with Mini Plush Animal Toys 12pack Prefilled Easter Eggs Plastic Easter Basket Stuffers Fillers for Kids Toddlers Plastic Easter Eggs Stuffed Animals Gifts Eggs for Easter Egg Hunt Prizes,https://www.amazon.com/dp/B0GKL84WQM?th=1,1772755200000,600,美国,Party Supplies
1776162960108,亚马逊,B0DN9Z9BNK,https://m.media-amazon.com/images/I/51Zrn10KHoL._AC_US200_.jpg,"Easter Bubble Wands for Kids 2 Pack, Automatic Bubble Blower with Light for Girls Boys, Bubble Toys with Bubble Refill Solution for Easter Party Favor, Easter Basket Stuffers, Outdoor Activity",https://www.amazon.com/dp/B0DN9Z9BNK?th=1,1772755200000,600,美国,体育
1776162960108,亚马逊,B0G2BKJZFZ,https://m.media-amazon.com/images/I/5107ZCPvRBL._AC_US200_.jpg,"Easter Eggs Filled with Eye-pop Fidget Toys, 9 Pack Squeeze Animals Stress Relief Toys, Easter Basket Stuffers Easter Hunt Party Favors for Toddler, Kids",https://www.amazon.com/dp/B0G2BKJZFZ?th=1,1772755200000,400,美国,Party Supplies
1776162960108,亚马逊,B0GR5VNV3D,https://m.media-amazon.com/images/I/61B374cys4L._AC_US200_.jpg,"Cheese Squeeze Toy,Soft Novelty Toy, Rebounding Sensory,Help for Relax,Focus, Sensory Cheese for & Adults, Food Theme Cheese Cubes Squishy Toys, Cheese Stress Balls (Large-1PCS)",https://www.amazon.com/dp/B0GR5VNV3D?th=1,1772755200000,200,美国,Novelty & Gag Toys
1776162960108,亚马逊,B0GGH51KLJ,https://m.media-amazon.com/images/I/71m9Yjeio2L._AC_US200_.jpg,"Fillable Easter Eggs 2.4"" Inch Hinged Colorful Bright & Thick Plastic Shells Easter Eggs,Perfect for Easter Egg Hunt, Suprise Egg, Easter Hunt(36 Pack)",https://www.amazon.com/dp/B0GGH51KLJ?th=1,1772755200000,400,美国,扮靓
1776162960108,亚马逊,B0GQDNLPVX,https://m.media-amazon.com/images/I/41-2WH904rL._AC_US200_.jpg,"Giant Dumpling Squishy, Squishy Dumpling Toy, Mystery Jumbo DumplingSquishy, Cute Anxiety Relief Fidget Toy, Soft Squeeze Decompression Dough for Adults & Teens(Off-White)",https://www.amazon.com/dp/B0GQDNLPVX?th=1,1772755200000,400,美国,Novelty & Gag Toys
1776162960108,亚马逊,B0GRGFXNX5,https://m.media-amazon.com/images/I/61tzHMXctNL._AC_US200_.jpg,"Dumpling Squishy, 2026 New Bun Squeeze Stress Relief Ball with Steamer Box for Stress Relief (4 Pcs)",https://www.amazon.com/dp/B0GRGFXNX5?th=1,1772755200000,3000,美国,Novelty & Gag Toys
1776162960108,亚马逊,B0GDQLPX66,https://m.media-amazon.com/images/I/71p-bMcj+3L._AC_US200_.jpg,"Wee Wonders 3-Tier Water Table for Toddlers, Kids Sand Water Table with Adjustable Umbrella, Sand Toys & Fishing Game, Sensory Table Activity Playset for Outdoor Beach, Summer Toys for Boys Girls 3-5",https://www.amazon.com/dp/B0GDQLPX66?th=1,1772755200000,300,美国,运动与户外游戏
1776162960108,亚马逊,B0GHQBV3RM,https://m.media-amazon.com/images/I/81Md2lSFkOL._AC_US200_.jpg,"Splash Pad for Kids & Dogs, 78” Sprinkler Splash Pad with Dual Sprayers, Large Non-Slid Splash Mat, 360° Spray Outdoor Water Toys for Backyard, Summer, Gifts for Toddlers, Family, Pets",https://www.amazon.com/dp/B0GHQBV3RM?th=1,1772755200000,200,美国,体育
1776162960108,亚马逊,B0G7375CGK,https://m.media-amazon.com/images/I/81WnATf3m0L._AC_US200_.jpg,"60 Pack Plastic Printed Easter Eggs, 2.4 Inch Fillable Empty Eggs Bulks for Easter Eggs Hunt, Easter Basket Stuffers Fillers, Classroom Prize Supplies, Filling Treats and Party Favors",https://www.amazon.com/dp/B0G7375CGK?th=1,1772755200000,300,美国,Party Supplies
1776162960108,亚马逊,B0GJRZRVPV,https://m.media-amazon.com/images/I/91367qhHxPL._AC_US200_.jpg,"Impossmaker 8PCS 3D Printed Dragon Eggs, Prefilled Easter Dragon Egg for Basket Stuffers, Goodie Bag Fillers, Classroom Prize Supplies, Unique Easter Basket Essentials for Kids (Series A)",https://www.amazon.com/dp/B0GJRZRVPV?th=1,1772755200000,700,美国,玩具图
1776162961996,亚马逊,B0GR4XRTV7,https://m.media-amazon.com/images/I/41ZC1o85ZUL._AC_US200_.jpg,"Yellow Cheese Squeeze Toy,Soft Novelty Toy, Rebounding Sensory,Help for Relax,Focus, Sensory Cheese for & Adults, Food Theme Cheese Cubes Squishy Toys,Stress Balls for Adults ( Yellow 1)",https://www.amazon.com/dp/B0GR4XRTV7?th=1,1772755200000,2000,美国,Novelty & Gag Toys
1776162961996,亚马逊,B0GG9LYWVQ,https://m.media-amazon.com/images/I/81eB8jJC8+L._AC_US200_.jpg,"Easter Pates and Napkins -Square Easter Paper Plates 9"" Bunny Gingham Egg Plates 7"" for Spring Party Decorations",https://www.amazon.com/dp/B0GG9LYWVQ?th=1,1772755200000,500,美国,派对用品
1776162961996,亚马逊,B0FZT6WZ57,https://m.media-amazon.com/images/I/81N3HQ2XWaL._AC_US200_.jpg,"iPlay, iLearn Baby Fishing Bath Toy, Toddler Bathtub Magnetic Fishing Game W/Pole Net Fish Water Squirt Animal, Kid Shower Bathtime for Pool Play, Birthday Gift 6 12 18 Month 1 2 3 Year Old Boys Girls",https://www.amazon.com/dp/B0FZT6WZ57?th=1,1772755200000,200,美国,婴幼儿
1776162961996,亚马逊,B0G6W7HVMT,https://m.media-amazon.com/images/I/81+sVAIhWyL._AC_US200_.jpg,"24 Pack Easter Egg Fillers with Easter Bunny Plush Easter Eggs with Toys Inside, Mini Easter Stuffed Animals Easter Eggs Hunts Party Favors Easter Basket Stuffers for Kids Toddler Teens Boys Girls",https://www.amazon.com/dp/B0G6W7HVMT?th=1,1772668800000,400,美国,Party Supplies
1776162961996,亚马逊,B0G6VWGPRL,https://m.media-amazon.com/images/I/519dPsalanL._AC_US200_.jpg,"12 Pack Jumbo Easter Eggs Filled with Wind Up Toys Chicks Bunny Plush, Filled Easter Eggs with Toys Inside Easter Basket Stuffers Fillers Easter Egg Hunts Party Favor for Kids Boys Girls Toddler Teens",https://www.amazon.com/dp/B0G6VWGPRL?th=1,1772668800000,200,美国,Party Supplies
1776162961996,亚马逊,B0GQZ5RCL5,https://m.media-amazon.com/images/I/418b0mYuByL._AC_US200_.jpg,"Colorful Dumpling Squishes Stress Balls with Steamer, Cute Anxiety Relief Toy, Soft Squeeze Decompression Dough for Adults, Simulation Food Squishies Bun (Glitter Red, 1pcs)",https://www.amazon.com/dp/B0GQZ5RCL5?th=1,1772668800000,500,美国,Novelty & Gag Toys
1776162961996,亚马逊,B0GQZ6KDSN,https://m.media-amazon.com/images/I/41XjPeEX4jL._AC_US200_.jpg,"Colorful Dumpling Squishes Stress Balls with Steamer, Cute Anxiety Relief Toy, Soft Squeeze Decompression Dough for Adults, Simulation Food Squishies Bun (Rainbow, 1pcs)",https://www.amazon.com/dp/B0GQZ6KDSN?th=1,1772668800000,2000,美国,Novelty & Gag Toys
1776162961996,亚马逊,B0GQZ8NHWW,https://m.media-amazon.com/images/I/61rktO8pbrL._AC_US200_.jpg,"Colorful Dumpling Squishes Stress Balls with Steamer, Cute Anxiety Relief Toy, Soft Squeeze Decompression Dough for Adults, Simulation Food Squishies Bun (Glitter Blue, 1pcs)",https://www.amazon.com/dp/B0GQZ8NHWW?th=1,1772668800000,1000,美国,Novelty & Gag Toys
1776162961996,亚马逊,B0GL176MC9,https://m.media-amazon.com/images/I/41ckosfX3RL._AC_US200_.jpg,Helium Tank for Balloons at Home 13.4L Tank Up to 50 Latex Balloons and Ribbons Included 1-Count,https://www.amazon.com/dp/B0GL176MC9?th=1,1772668800000,300,美国,派对用品
1776162961996,亚马逊,B0GC73TBQR,https://m.media-amazon.com/images/I/71aSPbYP1SL._AC_US200_.jpg,24 Pack Easter Bunny Mini Squeeze Balls with Variety Easter Stress Balls Great for Easter Basket Stuffers and Party Favors Easter Egg Fillers(Colorful-tuzhi),https://www.amazon.com/dp/B0GC73TBQR?th=1,1772668800000,1000,美国,Novelty & Gag Toys
1776162961996,亚马逊,B0GR42SKJT,https://m.media-amazon.com/images/I/61HCYRh7YKL._AC_US200_.jpg,"Dumpling Squishies, Glitter Dumpling Squishy Box, Colorful Dumplings Stress Balls Fidget Sensory Toy, Anxiety Relief Fidget,Easter Basket Stuffers, Sensory Stress Ball Squeeze Toys (Glitter Clear)",https://www.amazon.com/dp/B0GR42SKJT?th=1,1772668800000,200,美国,Novelty & Gag Toys
1776162961996,亚马逊,B0GF8BL21Y,https://m.media-amazon.com/images/I/81hCz489CjL._AC_US200_.jpg,"Pool Floats Lounger with UPF50+ Canopy Adjustable, Inflatable Large Floating Chair Ergonomic Design, with Cup Holders, Perfect for Swimming Pool, Beach, Lake, Party - Dark Blue",https://www.amazon.com/dp/B0GF8BL21Y?th=1,1772668800000,200,美国,体育
1776162961996,亚马逊,B0GG1BTR2Q,https://m.media-amazon.com/images/I/81yBZjQ9ZTL._AC_US200_.jpg,"52 PCS 3D Printed Animals Set, Articulated 3D Printed Fidget Animal Toys for Kids Students Classroom Rewards,Party Favors, Easter Christmas Goodie Bag Stuffers, Desk Decor",https://www.amazon.com/dp/B0GG1BTR2Q?th=1,1772668800000,200,美国,玩具图
1776162961996,亚马逊,B0GL7B453W,https://m.media-amazon.com/images/I/61QqQvjHkPL._AC_US200_.jpg,"Easter Bunny Toy,Hopping Bunny Toy,Hopping Rabbit Plush Bunny Toy, Walks, Jumps, Sounds an Ideal Surprise Gift for Toddlers,Easter Toys for Toddlers(White)",https://www.amazon.com/dp/B0GL7B453W?th=1,1772668800000,400,美国,填充的动物
1776162961996,亚马逊,B0G6JSRC9W,https://m.media-amazon.com/images/I/618RnwkUyUL._AC_US200_.jpg,"TOY Life 55.9'' Kites Easy to Fly for Kids Adults with 328.1 FT String, Beach Kite Outdoor Game Outside Toys Activity, Beach Toys for Kids, Gift for Boys Ages 4-8",https://www.amazon.com/dp/B0G6JSRC9W?th=1,1772668800000,200,美国,体育
1776162961996,亚马逊,B0G73BTWC1,https://m.media-amazon.com/images/I/51qbW5qOzcL._AC_US200_.jpg,"36 Pack Plastic Printed Easter Eggs, 3.15'' Tall Fillable Empty Eggs Bulks for Easter Eggs Hunt, Easter Basket Stuffers Fillers, Classroom Prize Supplies, Filling Treats and Party Favors",https://www.amazon.com/dp/B0G73BTWC1?th=1,1772668800000,500,美国,Party Supplies
1776162961996,亚马逊,B0G72WGXDK,https://m.media-amazon.com/images/I/518TUkdubUL._AC_US200_.jpg,"48 Pack Plastic Printed Easter Eggs, 2.4 Inch Fillable Empty Eggs Bulks for Easter Eggs Hunt, Easter Basket Stuffers Fillers, Classroom Prize Supplies, Filling Treats and Party Favors",https://www.amazon.com/dp/B0G72WGXDK?th=1,1772668800000,400,美国,Party Supplies
1776162961996,亚马逊,B0G644VHXT,https://m.media-amazon.com/images/I/51seLVQ6eVL._AC_US200_.jpg,"Adisher 200Pcs Easter Eggs, Plastic 3.0"" Colorful Easet Eggs with 6Pcs Golden Eggs Bulk Empty Fillable for Easter Hunt Party Favor Basket Stuffers, Filling Treats, Classroom Prize Supplies for Kids",https://www.amazon.com/dp/B0G644VHXT?th=1,1772668800000,200,美国,Party Supplies
1776162961996,亚马逊,B0G64CRV76,https://m.media-amazon.com/images/I/51CWg7wTT0L._AC_US200_.jpg,"Adisher 150Pcs Easter Eggs, Plastic 3.0"" Colorful Easet Eggs with 6Pcs Golden Eggs Bulk Empty Fillable for Easter Hunt Party Favor Basket Stuffers, Filling Treats, Classroom Prize Supplies for Kids",https://www.amazon.com/dp/B0G64CRV76?th=1,1772668800000,200,美国,Party Supplies
1776162961996,亚马逊,B0G64F9RG3,https://m.media-amazon.com/images/I/81Qr2L7nFaL._AC_US200_.jpg,"Adisher 50Pcs Easter Eggs, Plastic 3.0"" Colorful Easet Eggs with 6Pcs Golden Eggs Bulk Empty Fillable for Easter Hunt Party Favor Basket Stuffers, Filling Treats, Classroom Prize Supplies for Kids",https://www.amazon.com/dp/B0G64F9RG3?th=1,1772668800000,300,美国,Party Supplies
1776162961996,亚马逊,B0G6ZHF2M4,https://m.media-amazon.com/images/I/81NyufCBBuL._AC_US200_.jpg,DIY Stress Ball Making Kit - 10 TPR Skins - Immersive Asmr Ball Squishy kit- Craft Kits Stress Balls - Handmade Make Your Own Fidget Stress Balls Kit for Adults - Crunchy Relaxing,https://www.amazon.com/dp/B0G6ZHF2M4?th=1,1772668800000,200,美国,Novelty & Gag Toys
1776162961996,亚马逊,B0GR52KN9P,https://m.media-amazon.com/images/I/71V9QVI-b1L._AC_US200_.jpg,"Strawberry Squishy, Realistic Strawberry Stress Ball, Squeezable Toy Fruit Ball,Party Favor Slow Rise Pressure Release Toy Adults",https://www.amazon.com/dp/B0GR52KN9P?th=1,1772668800000,700,美国,Novelty & Gag Toys
1776162961996,亚马逊,B0GCK44KNP,https://m.media-amazon.com/images/I/51iEiLZWUQL._AC_US200_.jpg,"6 Pcs Jumbo Easter Eggs Fillable Metallic Large 6 Inch Gold Plastic Surprise Eggs, Easter Themed Hunt Rewards Basket Stuffers Fillers Filling Treats Party Favor Classroom Prize Supplies",https://www.amazon.com/dp/B0GCK44KNP?th=1,1772668800000,300,美国,Party Supplies
1776162961996,亚马逊,B0CQJS7R5B,https://m.media-amazon.com/images/I/61oqwfVS6TL._AC_US200_.jpg,"LINAYE 200 Packs Prefilled Easter Eggs with Toys Inside - Pre Filled Stuffed Easter Eggs for Hunt, Basket Stuffers, Party Favors Gifts for Kids Toddler",https://www.amazon.com/dp/B0CQJS7R5B?th=1,1772668800000,500,美国,Party Supplies
1776162961996,亚马逊,B0GQM24HMZ,https://m.media-amazon.com/images/I/51D0zRHfklL._AC_US200_.jpg,"Super Water Gun for Kids Adults: 2 Pack - 1200CC Water Toy Gun Squirt Blaster Soaker Long Range High Capacity Swimming Pool Beach Outdoor Summer Fun Party Games, Gifts for Boys and Girls Blue Green",https://www.amazon.com/dp/B0GQM24HMZ?th=1,1772668800000,200,美国,体育
1776162961996,亚马逊,B0G8JJQP2R,https://m.media-amazon.com/images/I/71AWFJfo+XL._AC_US200_.jpg,"SIMPLIPLAY Unicorn Wooden Stable Playset, Portable Horses Toys Set with 8 Adorable Unicrons, 2 Stickers, Horse Stable with Metal Door Lock, Creativity Horse Gifts for Girls Boys Kids Unicorn Lovers",https://www.amazon.com/dp/B0G8JJQP2R?th=1,1772668800000,200,美国,玩具图
1776162961996,亚马逊,B0G2BKMMDJ,https://m.media-amazon.com/images/I/81i1EC+c0sL._AC_US200_.jpg,"24 Pack Filled Easter Eggs with Brain Teaser Puzzles Games Toys, Easter Basket Stuffers Easter Party Favors for Kids",https://www.amazon.com/dp/B0G2BKMMDJ?th=1,1772668800000,500,美国,Party Supplies
1776162961996,亚马逊,B0GR4M1GSL,https://m.media-amazon.com/images/I/41C2f2R6MEL._AC_US200_.jpg,"Mystery Dumpling Squishy, Squishy Dumpling Toy, Easter Basket Stuffers, Squeeze Dough Ball Stress Relief Hand Toys with Food Steamer Stretchy Desk Toys (Pink)",https://www.amazon.com/dp/B0GR4M1GSL?th=1,1772668800000,500,美国,Novelty & Gag Toys
1776162961996,亚马逊,B0GH7DSJ7F,https://m.media-amazon.com/images/I/51EpHDmrQWL._AC_US200_.jpg,"2 Pack Easter Reusable Sticker Books, Activity Crafts Books, Arts and Crafts Removable Jelly Stickers,Easter Holiday Travel Gifts Basket Stuffers Essentials",https://www.amazon.com/dp/B0GH7DSJ7F?th=1,1772668800000,1000,美国,艺术
1776162961996,亚马逊,B0G72JH1P3,https://m.media-amazon.com/images/I/81dW2MoCsCL._AC_US200_.jpg,"100 Pack 2.4"" Colorful Fillable Easter Eggs with 6 Surprise Golden Eggs, Plastic Easter Egg Empty for Easter Egg Hunt Party Favors Kids Easter Basket Stuffers Fillers Classroom Prizes for Boys Girls",https://www.amazon.com/dp/B0G72JH1P3?th=1,1772668800000,300,美国,Party Supplies
1776162961996,亚马逊,B0BRXZN35K,https://m.media-amazon.com/images/I/51pW2hjfqnL._AC_US200_.jpg,"LINAYE 336 PCS Prefilled Easter Eggs Bulk with Toys Inside - 168 Packs Pre Filled Stuffed Eggs with 168 Party Favors for Easter Egg Hunt, Gifts, Basket Stuffers, Party Favors for Kids",https://www.amazon.com/dp/B0BRXZN35K?th=1,1772668800000,500,美国,Party Supplies
1776162961996,亚马逊,B0GCLBNMF4,https://m.media-amazon.com/images/I/416KhyuIF2L._SS200_.jpg,"My First Easte First Easter Basket Stuffers Playset, 5 Piece Stuffed Plush Bunny Chick Carrot Egg for Girls Boys Kids Infant Toddler",https://www.amazon.com/dp/B0GCLBNMF4?th=1,1772668800000,800,美国,填充的动物
1776162961996,亚马逊,B0GCMCQ4L2,https://m.media-amazon.com/images/I/81jQ5lnIhCL._AC_US200_.jpg,"LEASEN [ 6 Surprise Golden Eggs ] 200 Pack Plastic Easter Eggs Bulks, 2.3 Inch Empty Easter Eggs, Bright Colors Plastic Eggs Fillable for Easter Hunt, Basket Stuffers Fillers, Easter Party Favor",https://www.amazon.com/dp/B0GCMCQ4L2?th=1,1772668800000,200,美国,Party Supplies
1776162961996,亚马逊,B0GCBD6MP6,https://m.media-amazon.com/images/I/51nUFb4m0jL._AC_US200_.jpg,"16 Pack Easter Eggs Filled with Brain Teaser Puzzles Toys, Easter Basket Stuffers for Kids Teens Adults, Easters Egg Fillers for Kids Boys Girls, Easters Eggs Hunt Game, Classroom Prize Supplies",https://www.amazon.com/dp/B0GCBD6MP6?th=1,1772668800000,300,美国,拼图
1776162961996,亚马逊,B0G73BRXYG,https://m.media-amazon.com/images/I/61bGX6VWN9L._AC_US200_.jpg,"[ 6 Surprise Golden Eggs ] 100 Pack Prefilled Easter Eggs Filled with Assorted Toys Inside, Pre Filled Plastic Easter Eggs Fillers for Easter Hunt, Easter Party Favors, Easter Basket Stuffers",https://www.amazon.com/dp/B0G73BRXYG?th=1,1772668800000,600,美国,Party Supplies
1776162961996,亚马逊,B0G73FWY96,https://m.media-amazon.com/images/I/91j+t8JdtcL._AC_US200_.jpg,"[ 6 Surprise Golden Eggs ] 100 Pack Prefilled Easter Eggs Filled with Assorted Toys, Pre Filled Plastic Easter Eggs Fillers for Easter Hunt, Easter Party Favors, Easter Basket Stuffers",https://www.amazon.com/dp/B0G73FWY96?th=1,1772668800000,700,美国,Party Supplies
1776162961996,亚马逊,B0G73C5G4Y,https://m.media-amazon.com/images/I/91VKQovIAeL._AC_US200_.jpg,"[ 6 Surprise Golden Eggs ] 100 Pack Prefilled Easter Eggs Filled with Assorted Toys, Pre Filled Plastic Easter Eggs Fillers for Easter Hunt, Easter Basket Stuffers, Easter Party Favors",https://www.amazon.com/dp/B0G73C5G4Y?th=1,1772668800000,700,美国,Party Supplies
1776162961996,亚马逊,B0G6JW8C8D,https://m.media-amazon.com/images/I/81NislRp8AL._AC_US200_.jpg,"WOWSCAN [ 6 Surprise Golden Eggs ] 50 PACK Prefilled Easter Egg Fillers with Novelty Toys Inside, Easter Basket Stuffers Classroom Prizes Supplies Egg Hunt Party Favors for Kids Toddlers Boys Girls",https://www.amazon.com/dp/B0G6JW8C8D?th=1,1772668800000,500,美国,Party Supplies
1776162961996,亚马逊,B0G6WBYLW2,https://m.media-amazon.com/images/I/81+sVAIhWyL._AC_US200_.jpg,"36 Pack Easter Egg Fillers with Easter Bunny Plush Easter Eggs with Toys Inside, Mini Easter Stuffed Animals Easter Eggs Hunts Party Favors Easter Basket Stuffers for Kids Toddler Teens Boys Girls",https://www.amazon.com/dp/B0G6WBYLW2?th=1,1772668800000,500,美国,Party Supplies
1776162961996,亚马逊,B0G6LJKFKD,https://m.media-amazon.com/images/I/51I9X7SzCnL._AC_US200_.jpg,"18 Pack Easter Eggs Fillers with LED Chick Puffer Balls, Easter Eggs Filled with Light Up Fidget Stress Toys Squeeze Balls Glow In The Dark Easter Basket Stuffers for Easter Hunt Party Favors",https://www.amazon.com/dp/B0G6LJKFKD?th=1,1772668800000,800,美国,Party Supplies
1776162961996,亚马逊,B0G6KYXRYL,https://m.media-amazon.com/images/I/51VrI3HLp3L._AC_US200_.jpg,"12 Pack Easter Eggs Fillers with LED Chick Puffer Balls, Easter Eggs Filled with Light Up Fidget Stress Toys Squeeze Balls Glow In The Dark Easter Basket Stuffers for Easter Hunt Party Favors",https://www.amazon.com/dp/B0G6KYXRYL?th=1,1772668800000,800,美国,Party Supplies
1776162961996,亚马逊,B0GJSDYV5L,https://m.media-amazon.com/images/I/71MFfmrMTJL._AC_US200_.jpg,"Prefilled Easter Eggs with Surprise Jesus Toys Inside, Jesus Easter Basket Stuffers Essentials for Toddler, Filled Eggs Hunt, Easter Egg Fillers Decorations Gift Party Favors for Kids-21 Pcs",https://www.amazon.com/dp/B0GJSDYV5L?th=1,1772668800000,200,美国,Party Supplies
1776162961996,亚马逊,B0FKJ7TDFY,https://m.media-amazon.com/images/I/51ZSZYmOOrL._AC_US200_.jpg,"ArtCreativity Cat Magnetic Doodle Face - 2 Pack - Vintage Retro Toys, Travel Toys for Kids, Magnet Drawing Doodle Board for Kids - Magnetic Toys Game, Travel Essentials Games for Ages 3+",https://www.amazon.com/dp/B0FKJ7TDFY?th=1,1772668800000,600,美国,艺术
1776162961996,亚马逊,B0GQZBWFXS,https://m.media-amazon.com/images/I/61JwDltlnIL._AC_US200_.jpg,"Colorful Dumpling Squishes Stress Balls with Steamer, Cute Anxiety Relief Toy, Soft Squeeze Decompression Dough for Adults, Simulation Food Squishies Bun (Glitter White, 1pcs)",https://www.amazon.com/dp/B0GQZBWFXS?th=1,1772668800000,3000,美国,Novelty & Gag Toys
1776162961996,亚马逊,B0GDXPFKXM,https://m.media-amazon.com/images/I/71E9qI5I7sL._AC_US200_.jpg,"Outside Toys for Kids Ages 4-8 Electric Manual Capture Catching Game for Kids, Automatic Flying Disc Launcher Outdoor Indoor Toy, Chasing Toy for Boys Girls, Perfect Yard Beach Family Game",https://www.amazon.com/dp/B0GDXPFKXM?th=1,1772668800000,200,美国,新颖性
1776162961996,亚马逊,B0GHR8DL7L,https://m.media-amazon.com/images/I/91sN3mWXS0L._AC_US200_.jpg,"Inflatable Tanning Pool Lounger Float with Sprinkler, X-Large Pool Floats with Auto Spray Cooling, 6 in 1 Sunbathing Lounge Floatie Raft Toys, Blow Up Pool Tanning Bed for Adults Kids Gifts",https://www.amazon.com/dp/B0GHR8DL7L?th=1,1772668800000,700,美国,体育
1776162961996,亚马逊,B0GL83TDY6,https://m.media-amazon.com/images/I/812MHUCwcSL._AC_US200_.jpg,"Kyerivs 4PCS 3D Printed Dinosaur Easter Egg, Cool 3D Printer Dinosaur Fidget Toys for Kids, Animals Fidget Dinosaur Eggs, Prefilled Easter Eggs Basket Stuffers Toys for Kids Boys Teen",https://www.amazon.com/dp/B0GL83TDY6?th=1,1772668800000,700,美国,Novelty & Gag Toys
1776162961996,亚马逊,B0GH4TJHPJ,https://m.media-amazon.com/images/I/81TZDEABswL._AC_US200_.jpg,"FURWEY 3lbs Play Sand,Mixed Packaging of 6-Color Sensory Sand,Suitable for Children to Shaping, Squeezing and Molding（Without Molds）",https://www.amazon.com/dp/B0GH4TJHPJ?th=1,1772668800000,700,美国,艺术
1776162961996,亚马逊,B0GJQ8HHY7,https://m.media-amazon.com/images/I/51rkkUcHrRL._AC_US200_.jpg,"12 PCS Prefilled Easter Eggs with Dinosaur Building Toys, Easter Basket Stuffers Gifts for 3-12 Year Old Kids Toddlers,12-in-1 Dinosaur Block Sets, Party Favors Classroom Prize Supplies",https://www.amazon.com/dp/B0GJQ8HHY7?th=1,1772668800000,300,美国,Party Supplies
1776162961996,亚马逊,B0GQQP9J7P,https://m.media-amazon.com/images/I/41MS+Trc1CL._AC_US200_.jpg,"Giant Dumpling Squishy for Adults, 4/6/10 Inch Jumbo Dumpling Stress Ball, Soft Squeeze Decompression Dough, Anxiety Relief Fidget, Adult Fidget Tool (Purple M: 15cm/6 Inch)",https://www.amazon.com/dp/B0GQQP9J7P?th=1,1772668800000,400,美国,Novelty & Gag Toys
1776162961996,亚马逊,B0GCLLCHVW,https://m.media-amazon.com/images/I/51BVb6bUbDL._AC_US200_.jpg,"LEASEN 48 Pack Printed Easter Eggs Bulks, 2.3 Inches Empty Plastic Easter Eggs Fillable for Easter Egg Hunt, Easter Party Favor for Kids, Basket Stuffers Fillers",https://www.amazon.com/dp/B0GCLLCHVW?th=1,1772668800000,300,美国,扮靓
1776162961996,亚马逊,B0GCM1HPKY,https://m.media-amazon.com/images/I/51ybH6j-hpL._AC_US200_.jpg,"LEASEN 24 Pack Printed Easter Eggs Bulks, 2.3 Inches Empty Plastic Easter Eggs Fillable for Easter Egg Hunt, Easter Party Favor for Kids, Basket Stuffers Fillers",https://www.amazon.com/dp/B0GCM1HPKY?th=1,1772668800000,300,美国,扮靓
1776162961996,亚马逊,B0GCLSRZLL,https://m.media-amazon.com/images/I/518YxZtpEjL._AC_US200_.jpg,"LEASEN 60 Pack Printed Easter Eggs Bulks, 2.3 Inches Empty Plastic Easter Eggs Fillable for Easter Egg Hunt, Easter Party Favor for Kids, Basket Stuffers Fillers",https://www.amazon.com/dp/B0GCLSRZLL?th=1,1772668800000,200,美国,扮靓
1776162961996,亚马逊,B0GQFZP776,https://m.media-amazon.com/images/I/51QPw3960tL._AC_US200_.jpg,PNSO Prehistoric Animal Articulated Toy Series:01 Cameron the Tyrannosaurus Rex Figure,https://www.amazon.com/dp/B0GQFZP776?th=1,1772668800000,200,美国,玩具图
1776162961996,亚马逊,B0GL8NLBBG,https://m.media-amazon.com/images/I/41y3HxHaDRL._AC_US200_.jpg,"My Realistic Bunny Toy,Hopping Bunny Toy,Vitality Bliss Bunny, Paired with a Leash and a Carrot,Easter Toys for Toddlers.(Pink Rabbit)",https://www.amazon.com/dp/B0GL8NLBBG?th=1,1772668800000,300,美国,填充的动物
1776162961996,亚马逊,B0GKQ4GT1C,https://m.media-amazon.com/images/I/816lLrINLAL._AC_US200_.jpg,"13Pcs Stranger 5 TV Cake Decorations with 12pcs Cupcake Toppers, 1pcs Cake Topper for Boys and Girls Movie Theme Birthday Party Decorations",https://www.amazon.com/dp/B0GKQ4GT1C?th=1,1772668800000,200,美国,派对用品
1776162961996,亚马逊,B0GCZTWGY7,https://m.media-amazon.com/images/I/51EBjTBJsvL._AC_US200_.jpg,"18 Pack Easter Eggs Fillers LED Chick Puffer Balls, Easter Basket Stuffers with Light Up Stress Relief Fidget Toys Squeeze Ball, Easter Egg Hunt Party Favor for Kids Boys Girls Toddler Teens",https://www.amazon.com/dp/B0GCZTWGY7?th=1,1772668800000,600,美国,Party Supplies
1776162961996,亚马逊,B0G72WFWYC,https://m.media-amazon.com/images/I/616ZwrvPaeL._AC_US200_.jpg,"[ 6 Surprise Gold Eggs ] 100 Pack Prefilled Easter Eggs with Assorted Toys Inside, Truly Pre Filled Plastic Easter Egg Filles Fidget Toys Easter Hunt, Basket Stuffers Party Favors for Kids Boys Girls",https://www.amazon.com/dp/B0G72WFWYC?th=1,1772668800000,600,美国,Party Supplies
1776162961996,亚马逊,B0GQZH14RB,https://m.media-amazon.com/images/I/31e7ltt7GzL._AC_US200_.jpg,"2.7IN-Cheese Squeeze Block, Yellow Cheese Squeeze Toy, Cheese Squeeze Stress Toy, Squishy Cheeses, Soft Novelty Rebounding Fidget Toy for Party (Yellow-2.7in)",https://www.amazon.com/dp/B0GQZH14RB?th=1,1772668800000,200,美国,Novelty & Gag Toys
1776162961996,亚马逊,B0GJT3H9QS,https://m.media-amazon.com/images/I/51UrPsvHf2L._AC_US200_.jpg,Flexible Tracks 15 Ft Flex Race Car Track for Kids Toy-DIY Car Track Set with 1/64th Rebound Cars Portable Rolls Up Race Tracks with Strong Suction Cups-Great Gifts Toys for Boys Girls Ages 3+,https://www.amazon.com/dp/B0GJT3H9QS?th=1,1772668800000,200,美国,车辆
1776162961996,亚马逊,B0GCZLDGF6,https://m.media-amazon.com/images/I/51U1XYZ88nL._AC_US200_.jpg,"2288Pcs Easter Stickers Bulk for Kids - 130 Sheets Easter Basket Stuffers for Toddlers Boys Girls Teens Adults, Easters Crafts Activities Party Favors Gifts Goodie Bags Egg Decorations",https://www.amazon.com/dp/B0GCZLDGF6?th=1,1772668800000,400,美国,艺术
1776162961996,亚马逊,B0GDQYMY3K,https://m.media-amazon.com/images/I/81aPo2fMzUL._AC_US200_.jpg,"24 Pack Prefilled Easter Eggs with 3D Printed Animal Toys for Kids - Plastic Easter Eggs Filled with Cute Animal Figures, Basket Stuffers, Egg Hunt Fillers, Party Favors, Classroom Prizes, Goodie Bag",https://www.amazon.com/dp/B0GDQYMY3K?th=1,1772668800000,1000,美国,Party Supplies
1776162961996,亚马逊,B0GR55X7JZ,https://m.media-amazon.com/images/I/51sDzNaLtaL._AC_US200_.jpg,"Slow Rebound Cute Butter Squeeze Stress Balls, 2026 New Squeeze Ball Realistic Butter Stick Soft Squeeze Balls, Upgrade Stress Balls for Stress Relief Anxiety Sensory Gifts (1pcs)",https://www.amazon.com/dp/B0GR55X7JZ?th=1,1772668800000,1000,美国,Novelty & Gag Toys
1776162961996,亚马逊,B0G6W58SKD,https://m.media-amazon.com/images/I/51jvyYApRtL._AC_US200_.jpg,"8 Pack Jumbo Easter Eggs Filled with Wind Up Toys Chicks Bunny Plush, Filled Easter Eggs with Toys Inside Easter Basket Stuffers Fillers Easter Egg Hunts Party Favor for Kids Boys Girls Toddler Teens",https://www.amazon.com/dp/B0G6W58SKD?th=1,1772668800000,200,美国,Party Supplies
1776162961996,亚马逊,B0G6KZCCF7,https://m.media-amazon.com/images/I/51kQCJf0IhL._AC_US200_.jpg,"FLYSNK 18 Pack Plastic Easter Eggs Filled with Light Up Fidget Stress Balls, Glow in The Dark Egg Shape Squeeze Balls Sensory Toys Party Favors for Kids Teens Easter Egg Hunt Basket Stuffers Fillers",https://www.amazon.com/dp/B0G6KZCCF7?th=1,1772668800000,600,美国,Party Supplies
1776162961996,亚马逊,B0G6L63CJZ,https://m.media-amazon.com/images/I/71Ep81lP6PL._AC_US200_.jpg,"12 Pack Easter Eggs Filled with LED Chick Puffer Balls, Easter Basket Stuffers with Light Up Fidget Stress Toys Squeeze Balls Glow In The Dark Surprise Egg for Kids Boys Girls Easter Hunt Party Favors",https://www.amazon.com/dp/B0G6L63CJZ?th=1,1772668800000,900,美国,Party Supplies
1776162961996,亚马逊,B0GFMN8QJJ,https://m.media-amazon.com/images/I/41GvSwyPeGL._AC_US200_.jpg,"Children's Handheld Electronic Magnifying Glass, White Rabbit-Shaped Science Educational Microscope Kit, STEM Educational Toy for Kids Ages 5–10 Birthday Gift for Boys & Girls",https://www.amazon.com/dp/B0GFMN8QJJ?th=1,1772668800000,500,美国,学习
1776162961996,亚马逊,B0GL2GBMWR,https://m.media-amazon.com/images/I/51vQznaRVEL._AC_US200_.jpg,"24PCS 3D Printed Mini Animals, Forest Animal with Articulated Fidget Sensory Toys Inside, Prefilled Plastic Eggs for Party Favors, Classroom Prizes, Birthday Goodie Bag Stuffers",https://www.amazon.com/dp/B0GL2GBMWR?th=1,1772668800000,1000,美国,派对用品
1776162961996,亚马逊,B0GJRLY69Z,https://m.media-amazon.com/images/I/613B2Ic2DbL._AC_US200_.jpg,"Impossmaker 24PCS 3D Printed Dragon Eggs, Prefilled Easter Dragon Egg with Dragon Toy for Basket Stuffers, Unique Easter Basket Essentials for Kids Goodie Bag Fillers, Classroom Prize Supplies",https://www.amazon.com/dp/B0GJRLY69Z?th=1,1772668800000,1000,美国,玩具图
1776162961996,亚马逊,B0GJZFFC68,https://m.media-amazon.com/images/I/51CsupuVJYL._AC_US200_.jpg,Prefilled 3D Printed Animals Easter Eggs - 24 PCS Prefilled Easter Eggs with Toys - Pre Filled Mini 3D Printed Animals Easter Eggs - Wigglitz 3D Fidget Toys Animals Assorted for Boys Girls,https://www.amazon.com/dp/B0GJZFFC68?th=1,1772668800000,200,美国,玩具图
1776162961996,亚马逊,B0GQYFBPCF,https://m.media-amazon.com/images/I/814XIgzRlcL._AC_US200_.jpg,"Bubble Gun Toys for 3+ Year Old Kids Boys Girls, LED 2 Pack Automatic Bubble Machine with Bubble Solution, Summer Outdoor Kids Toys for Ages 3-4,4-6,5-7, Birthday Party Gifts for 3 4 5 6 7 8 Year Old",https://www.amazon.com/dp/B0GQYFBPCF?th=1,1772582400000,300,美国,体育
1776162961996,亚马逊,B0FQ71PS6M,https://m.media-amazon.com/images/I/718FIUenuxL._AC_US200_.jpg,"Creamsicle Series, Blind Box Collectible Plush, Limited Edition Toy Gift for All Ages, 3 to Collect, Orange, Raspberry and Blueberry",https://www.amazon.com/dp/B0FQ71PS6M?th=1,1772582400000,300,美国,填充的动物
1776162961996,亚马逊,B0FJBPZLTP,https://m.media-amazon.com/images/I/41-My3e6b8L._AC_US200_.jpg,Squishmallows Original Pokémon 10in Charmander HugMees – Ultrasoft Official Jazwares Plush (Medium-Sized),https://www.amazon.com/dp/B0FJBPZLTP?th=1,1772582400000,600,美国,填充的动物
1776162961996,亚马逊,B0GH63DCPW,https://m.media-amazon.com/images/I/61dPAnBSdTL._AC_US200_.jpg,"9Pcs Stranger Birthday Party Supplies, Honeycomb Centerpieces for Stranger Things Decorations, Double Sided Table Centerpieces",https://www.amazon.com/dp/B0GH63DCPW?th=1,1772582400000,200,美国,派对用品
1776162961996,亚马逊,B0GQZPKTF3,https://m.media-amazon.com/images/I/41PpKKpFHTL._AC_US200_.jpg,"Colorful Dumpling Squishes Stress Balls with Steamer, Cute Anxiety Relief Toy, Soft Squeeze Decompression Dough for Adults, Simulation Food Squishies Bun (Golden, 1pcs)",https://www.amazon.com/dp/B0GQZPKTF3?th=1,1772582400000,1000,美国,Novelty & Gag Toys
1776162961996,亚马逊,B0G5N9W9GS,https://m.media-amazon.com/images/I/41KcYurmahL._AC_US200_.jpg,"Electric Water Gun for Kids Adults,2026 New Transparent Water Blaster Squirt Guns with Flashing Light,Range up to 28FT, Summer Outdoor Toy for Swimming Pool Beach Party (Grey)",https://www.amazon.com/dp/B0G5N9W9GS?th=1,1772582400000,200,美国,体育
1776162961996,亚马逊,B0GR32249T,https://m.media-amazon.com/images/I/41tjyxUSb+L._AC_US200_.jpg,"Dumpling Squishies, Glitter Dumpling Mystery Box, Colorful Dumplings Stress Balls Fidget Sensory Toy, Stocking Stuffers with Food Steamer Stretchy Desk Toys",https://www.amazon.com/dp/B0GR32249T?th=1,1772582400000,2000,美国,Novelty & Gag Toys
1776162961996,亚马逊,B0GF86JDV4,https://m.media-amazon.com/images/I/51balloH0sL._AC_US200_.jpg,"72 Pcs Easter Party Favors for Kids, Easter Egg Fillers Basket Stuffers, Birthday Gifts for Toddlers Adult, Classroom Prizes Box, Easter Decorations",https://www.amazon.com/dp/B0GF86JDV4?th=1,1772582400000,200,美国,Party Supplies
1776162961996,亚马逊,B0GC3ZGY5S,https://m.media-amazon.com/images/I/719olZt2gxL._AC_US200_.jpg,"Easter Air Dry Clay for Kids,12 Boxes Modeling Magic Clay Kit with Sculpting Tools Tutorials, Safe & Non-Sticky DIY Craft Kit for Easter Basket Stuffers Gifts",https://www.amazon.com/dp/B0GC3ZGY5S?th=1,1772582400000,200,美国,艺术
1776162961996,亚马逊,B0GGR4Z22R,https://m.media-amazon.com/images/I/71i5hV1XOeL._AC_US200_.jpg,"24 Pack Pre-filled Easter Eggs with Weird & Funny Meme Toys – Made of Soft Silicone, Italian Design Inspired Collectibles, Easter Basket Stuffers & Egg Hunt Prizes for All Ages (Non-Candy)",https://www.amazon.com/dp/B0GGR4Z22R?th=1,1772582400000,2000,美国,Party Supplies
1776162961996,亚马逊,B0GPW2TKJS,https://m.media-amazon.com/images/I/911n49O1q8L._AC_US200_.jpg,"105pcs DCC This is an Outrage Princess Donut Sticker Funny Dungeon Book Crawler Reading Carl Stickers for Kindle Waterproof Vinyl for Laptop, Water Bottle, Skateboard, Scrapbooking, Party Favors",https://www.amazon.com/dp/B0GPW2TKJS?th=1,1772582400000,200,美国,艺术
1776162961996,亚马逊,B0G43FFRCW,https://m.media-amazon.com/images/I/713tJWNMe1L._AC_US200_.jpg,ceiba tree First Holy Communion Banner Kit for Boy Felt Craft Catholic DIY Decorating Decor Glitter Pens Gems Sunday School Church Activity,https://www.amazon.com/dp/B0G43FFRCW?th=1,1772582400000,200,美国,Party Supplies
1776162961996,亚马逊,B0G15BSGHW,https://m.media-amazon.com/images/I/51z10AAIoLL._AC_US200_.jpg,My Mario Pour & Nest Bath Playset by TOMY Toomies - Pouring Toddler Water Toys for Bath or Pool - Officially Licensed Mario Toys for Kids and Toddlers - Ages 2 Years and Up,https://www.amazon.com/dp/B0G15BSGHW?th=1,1772582400000,900,美国,婴幼儿
1776162961996,亚马逊,B0GQB1DXBV,https://m.media-amazon.com/images/I/5103x4STHmL._AC_US200_.jpg,"Dumpling Squishy, Mystery Squishy Dumpling Box, Stress Relief Fidget Easter Gifts for Kids & Adults, Squeeze Dough Ball Stress Relief Hand Toys with Food Steamer Stretchy Desk Toys (Purple)",https://www.amazon.com/dp/B0GQB1DXBV?th=1,1772582400000,200,美国,Novelty & Gag Toys
1776162961996,亚马逊,B0GQ5C6KSS,https://m.media-amazon.com/images/I/417bjGRmfRL._AC_US200_.jpg,"Dalmao 28 Inch Big Sea Turtle Stuffed Animals, Cute Giant Large Jumbo Soft Plush Toys, Ocean Green Turtle Plushie Body Pillow, Gifts for Kid Boys, Girls, Girlfriend, Birthday",https://www.amazon.com/dp/B0GQ5C6KSS?th=1,1772582400000,200,美国,填充的动物
1776162961996,亚马逊,B0G7G34GQ1,https://m.media-amazon.com/images/I/71qFecSZKwL._AC_US200_.jpg,"2026 Inflatable Pool with Canopy, Large Inflatable Pool for Kids,Adults, Blow Up Pools with Seats,Oversize Thickened 118""x75""x22""Inflatable Swimming Pools, Kids Pool for Backyard,Ocean Theme",https://www.amazon.com/dp/B0G7G34GQ1?th=1,1772582400000,900,美国,体育
1776162961996,亚马逊,B0DRV8SHZS,https://m.media-amazon.com/images/I/81wMql6JGVL._AC_US200_.jpg,"16 Pack Easter Egg Stress Balls, Squishy Squeeze Balls for Teens & Adults (14+), Easter Basket Fillers for Teens & Adults, Stress Relief Fidget Balls",https://www.amazon.com/dp/B0DRV8SHZS?th=1,1772582400000,1000,美国,Novelty & Gag Toys
1776162961996,亚马逊,B0GF7ZTPFC,https://m.media-amazon.com/images/I/71uF32K5sbL._AC_US200_.jpg,"SYMA 2 Pack RC Boats for Kids, Remote Control Boats for Pool, 7-Mode LED Light Up & Water Spray, Up to 40 Min Total (2 Batteries), 2.4GHz 164 ft Range, Gift for Boys & Girls",https://www.amazon.com/dp/B0GF7ZTPFC?th=1,1772582400000,800,美国,遥控
1776162961996,亚马逊,B0FSD6DN37,https://m.media-amazon.com/images/I/71SlerQrV1L._AC_US200_.jpg,"12 Pcs Prefilled Easter Eggs with Plush Animals Toys Inside, Filled Easter Eggs for Easter Egg Hunt, Easter Basket Stuffers Fillers, Easter Classroom Prize Supplies",https://www.amazon.com/dp/B0FSD6DN37?th=1,1772582400000,300,美国,Party Supplies
1776162961996,亚马逊,B0GFCWJKFV,https://m.media-amazon.com/images/I/81n4ylWCaeL._AC_US200_.jpg,Mini Water Gun for Kids Toddler: 2 Pack Water Guns Soaker Squirts Blasters with Trigger for Boys Girls Bath Toys - Ideal Pool Toys Summer Outdoor Beach Fighting Play,https://www.amazon.com/dp/B0GFCWJKFV?th=1,1772582400000,2000,美国,体育
1776162961996,亚马逊,B0GDF342D3,https://m.media-amazon.com/images/I/91BgOl+cKpL._AC_US200_.jpg,"LINAYE 12 Packs Prefilled Easter Eggs with Toys Inside, Pre Filled Stuffed Easter Eggs with Dinosaur Building Blocks Toys for Egg Hunt Game Prizes, Basket Stuffers Gifts for Kids Boys",https://www.amazon.com/dp/B0GDF342D3?th=1,1772582400000,300,美国,Party Supplies
1776162961996,亚马逊,B0G4VRMWG3,https://m.media-amazon.com/images/I/7156fPIDoSL._AC_US200_.jpg,"8 PCS Jumbo Gold Plastic Easter Eggs, 6 Inch Giant Metallic Golden Easter Eggs Fillable Large Empty Egg for Easter Hunt Basket Stuffers Fillers Classroom Prize Supplies",https://www.amazon.com/dp/B0G4VRMWG3?th=1,1772582400000,700,美国,Party Supplies
1776162961996,亚马逊,B0GQB6NKJT,https://m.media-amazon.com/images/I/41U-91958WL._AC_US200_.jpg,"Dumpling Squishy Toy, Dumpling Squishy Mystery Box, Easter Basket Stuffers, Squeeze Dough Ball Stress Relief Hand Toys with Food Steamer Stretchy Desk Toys (3PC)",https://www.amazon.com/dp/B0GQB6NKJT?th=1,1772582400000,200,美国,Novelty & Gag Toys
1776162961996,亚马逊,B0FVXHC4D3,https://m.media-amazon.com/images/I/510t7ek5rLL._AC_US200_.jpg,"36 pcs 3D Printed Animal Figurines Set, Articulated Animal Figurines, Easter Eggs, Easter Basket Stuffers, Party Favor, for Easter Egg Hunts, for Girls and Boys (Golden)",https://www.amazon.com/dp/B0FVXHC4D3?th=1,1772582400000,400,美国,玩具图
1776162961996,亚马逊,B0G29QG672,https://m.media-amazon.com/images/I/51ztUUo7DgL._AC_US200_.jpg,Treasure Cove Easter Stickers Eggs Make A Face Sticker Make Your Own Easter Religious Scene Sticker DIY Jesus Cross Eggs Label Craft for Kids Basket Stuffers Christian Classroom Party Supplies 24Pcs,https://www.amazon.com/dp/B0G29QG672?th=1,1772582400000,200,美国,艺术
1776162961996,亚马逊,B0GQSG3CMZ,https://m.media-amazon.com/images/I/51b61yBjIlL._AC_US200_.jpg,"Little Pocket Bunny, Bunnys Hugs in Box, 2026 New Easter Basket Stuffer, Easter Gifts for Kids, DIY Pet Bunny Adoption, Easters Baskets Decorative Boxes (Pink)",https://www.amazon.com/dp/B0GQSG3CMZ?th=1,1772582400000,200,美国,填充的动物
1776162961996,亚马逊,B0CQC6MKKC,https://m.media-amazon.com/images/I/41XHIjW4KzL._AC_US200_.jpg,"12 Pcs 7.87"" Large Easter Eggs Plastic Fillable, Colorful Jumbo Easter Eggs for Easter Themed Hunt Basket Stuffers Fillers Filling Treats Party Favor Classroom Prize Supplies",https://www.amazon.com/dp/B0CQC6MKKC?th=1,1772582400000,300,美国,扮靓
1776162961996,亚马逊,B0GG5J66NH,https://m.media-amazon.com/images/I/419uaLF8K0L._AC_US200_.jpg,"Light Up Kids Party Drinkware – LED Light-Up Sippy Cups for Parties, Classroom Gifts, Holiday Favors, BPA-Free Reusable Cups for Kids – PEEPS Easter Bunny Pink & Blue",https://www.amazon.com/dp/B0GG5J66NH?th=1,1772582400000,200,美国,派对用品
1776162961996,亚马逊,B0G6KT7DHH,https://m.media-amazon.com/images/I/813UErUKb4L._AC_US200_.jpg,"36 Pack Easter Eggs Fillers with Bunny Plush, Easter Basket Stuffers with Toys Inside Filled Mini Stuffed Animals Easter Eggs Hunts Party Favors Surprise Toys for Kids Toddlers Boys Girls",https://www.amazon.com/dp/B0G6KT7DHH?th=1,1772582400000,800,美国,Party Supplies
1776162961996,亚马逊,B0DQWJ2CWQ,https://m.media-amazon.com/images/I/81eJ2JoBoTL._AC_US200_.jpg,"12 Pcs Pre-Filled Easter Eggs with Mini Plush Animal Toys, 2.8"" Stuffed Animals Keychain in Surprise Plastic Eggs, Ready to Hide Easter Basket Stuffers Hunt, Party Favors for Kids",https://www.amazon.com/dp/B0DQWJ2CWQ?th=1,1772582400000,400,美国,Party Supplies
1776162963921,亚马逊,B0GMLS515Y,https://m.media-amazon.com/images/I/51jLnFWn16L._AC_US200_.jpg,"Hamee RE-Ment Kirby Blind Box Miniature Figure Set for Birthday Gift, Party Favor, Collectible Toy (Kirby Terrarium Collection: Story of Fountain of Dreams) – 1 Pc. Mystery Box",https://www.amazon.com/dp/B0GMLS515Y?th=1,1772582400000,200,美国,新颖性
1776162963921,亚马逊,B0GC4841WB,https://m.media-amazon.com/images/I/81wmeUhzKUL._AC_US200_.jpg,"12PCS Easter Eggs + 12PCS Spinning Tops Toys, Surprise Eggs Filled Fidget Spinning Toys for Easter Party Favor, Easter Basket Stuffers, Easter Eggs Fillers Gifts",https://www.amazon.com/dp/B0GC4841WB?th=1,1772582400000,300,美国,Party Supplies
1776162963921,亚马逊,B0GF83G4GY,https://m.media-amazon.com/images/I/71CTLQx8lpL._AC_US200_.jpg,Soulchen 1 Pcs 3.5 ft Giant Self Standing Baseball Foil Balloons for Baseball Birthday Party Decoration Team Celebration Decor Backyard BBQ Sports Themed Party Supplies,https://www.amazon.com/dp/B0GF83G4GY?th=1,1772582400000,200,美国,派对用品
1776162963921,亚马逊,B0G9315D98,https://m.media-amazon.com/images/I/71clsHWFXnL._AC_US200_.jpg,"24PCS Pack Easter Squishies,Easter Bunny Stress Balls for Adults,Easter Basket Stuffers,Bulk Squishy Easter Toys Stress Relief Fidget,Easter Egg Fillers Party Favors Gifts",https://www.amazon.com/dp/B0G9315D98?th=1,1772582400000,3000,美国,Novelty & Gag Toys
1776162963921,亚马逊,B0GHPZWDG3,https://m.media-amazon.com/images/I/71YogYviaOL._AC_US200_.jpg,"24 Pack Easter Eggs Filled LED Finger Lights ,Light Up Toys Glow In The Dark Non Candy Gifts Easter Egg Fillers Easter Hunt Filling Treats Easter Basket Stuffers Party Favor for Kids Boys Girls",https://www.amazon.com/dp/B0GHPZWDG3?th=1,1772582400000,700,美国,Party Supplies
1776162963921,亚马逊,B0GQYZP8WW,https://m.media-amazon.com/images/I/61X75azgg1L._AC_US200_.jpg,"Dumpling Squishy, Glitter Dumplings Mystery Box, Squishy Dumpling Stress Relieving Toy, Soft Squeeze Decompression Dough, Easter Basket Stuffers,with Food Steamer Stretchy Desk Toys (Pink)",https://www.amazon.com/dp/B0GQYZP8WW?th=1,1772582400000,400,美国,Novelty & Gag Toys
1776162963921,亚马逊,B0GJSCM4WL,https://m.media-amazon.com/images/I/519aon8KEhL._AC_US200_.jpg,"21 PCS Italian Brainrot Steal a Brainrot Action Figures for Kids | 1.8"" Tralalero Tralala Tung Tung Tung Sahur Dolls | Fun Brain Rot Toys for Kids, Birthday Party Favors, Goodie Bag Gifts",https://www.amazon.com/dp/B0GJSCM4WL?th=1,1772582400000,500,美国,Party Supplies
1776162963921,亚马逊,B0GJSFWMBD,https://m.media-amazon.com/images/I/81b5lE6D5fL._AC_US200_.jpg,"Filled Easter Eggs with Surprise Stray Kids merch, Stray kids Easter Basket Stuffers for Toddler, Easter Party Favors, Filled Easter Eggs Hunt, Easter Egg Fillers, Easter Decorations - 21 Pcs",https://www.amazon.com/dp/B0GJSFWMBD?th=1,1772582400000,400,美国,Party Supplies
1776162963921,亚马逊,B0GL72S28N,https://m.media-amazon.com/images/I/51NDmZ53+VL._AC_US200_.jpg,"32-Piece 3D Printed Animal Figures with Surprise Eggs, Articulated Mini Fidget Toys, Poseable Desk Pets and Tiny Animal Figurines for Party Favors, Classroom Prizes, Gifts and Display",https://www.amazon.com/dp/B0GL72S28N?th=1,1772582400000,400,美国,玩具图
1776162963921,亚马逊,B0GL7JZWFP,https://m.media-amazon.com/images/I/41DIP99vgXL._AC_US200_.jpg,"16-Piece 3D Printed Animal Figures with Surprise Eggs, Articulated Mini Desk Pets and Fidget Toys, Poseable Animal Figurines for Party Favors, Classroom Prizes, Display and Gifts",https://www.amazon.com/dp/B0GL7JZWFP?th=1,1772582400000,200,美国,玩具图
1776162963921,亚马逊,B0G6YX2FMK,https://m.media-amazon.com/images/I/51OQ+eM94oL._AC_US200_.jpg,"48 Sheets Easter Stickers Crafts for Kids, Easter Craft Basket Stuffers for Toddlers, Kids Easter Gifts Party Favors Decorations Supplies",https://www.amazon.com/dp/B0G6YX2FMK?th=1,1772582400000,400,美国,艺术
1776162963921,亚马逊,B0GKFKV3ZH,https://m.media-amazon.com/images/I/817dJoC+8LL._AC_US200_.jpg,"Cross Flower Building Set, Religious Cross Collectibles Compatible with Lego Jesus Catholic Building Toys, Easter, Christian, Birthday Gifts for Mothers, Women or Adults",https://www.amazon.com/dp/B0GKFKV3ZH?th=1,1772582400000,400,美国,建筑玩具
1776162963921,亚马逊,B0GQZP5S32,https://m.media-amazon.com/images/I/31m5QtzLzEL._AC_US200_.jpg,"Squish Toys,Slow Rebound Cute Butter Squeeze Stress Balls,Stress Relief Sensory Toys for Adults Kids Gifts,Slow Rising Squishy,Taba Squishy,Stress Relief Fidget Toys for ADHD,Party Favor Gifts (2Pcs)",https://www.amazon.com/dp/B0GQZP5S32?th=1,1772582400000,300,美国,Novelty & Gag Toys
1776162963921,亚马逊,B0GHMGRL2P,https://m.media-amazon.com/images/I/613Ukw+mUgL._AC_US200_.jpg,Anwyll 300Pcs Animal Stickers - Cute Cartoon Animal Water Bottle Stickers Waterproof Vinyl Animals Sticker Bulk Self Adhesive Pet Reward Sticker for Scrapbook Skateboard Laptop Sufari Party Decor,https://www.amazon.com/dp/B0GHMGRL2P?th=1,1772582400000,200,美国,艺术
1776162963921,亚马逊,B0GJ9JYQN4,https://m.media-amazon.com/images/I/81s441xCB7L._AC_US200_.jpg,"Video Walkie Talkies for Kids: 2 Pack Intercom Toys for Boys Girls Age 3-12 Year Old, Rechargeable Kids Walkie Talkies, HD Camera, Voice Changer, 2'' Screen for Outdoor Play Camping Hiking Family Game",https://www.amazon.com/dp/B0GJ9JYQN4?th=1,1772582400000,200,美国,儿童电子产品
1776162963921,亚马逊,B0GGHNG8FQ,https://m.media-amazon.com/images/I/81zwnbXw8UL._AC_US200_.jpg,"Meaicezli Beach Toys, 2 Packs Sand Toys for Shell Collecting, Collapsible Sand Buckets Shark Tooth Sifter and Mesh Bag, Shell Scooper for Beach Travel Essentials Kids Boys and Girls",https://www.amazon.com/dp/B0GGHNG8FQ?th=1,1772582400000,600,美国,运动与户外游戏
1776162963921,亚马逊,B0GF2L31L9,https://m.media-amazon.com/images/I/41eeOimON5L._AC_US200_.jpg,"4 PCS Taba Squishy Hairless Chicken Toys, Handmade Ultra Soft Chick Squishy Fidget Toys, Sticky Taba Squishies for Kids & Adults Stress Relief",https://www.amazon.com/dp/B0GF2L31L9?th=1,1772582400000,200,美国,Novelty & Gag Toys
1776162963921,亚马逊,B0GNTD65ZN,https://m.media-amazon.com/images/I/710hPzxP78L._AC_US200_.jpg,Tonies Mister Rogers' Neighborhood Audio Toy Figurine,https://www.amazon.com/dp/B0GNTD65ZN?th=1,1772582400000,3000,美国,儿童电子产品
1776162963921,亚马逊,B0GJ3DCR9K,https://m.media-amazon.com/images/I/51HzJ4lWEKL._AC_US200_.jpg,"Bubble Lawn Mower for Kids, 3-in-1 Bubble Machine Blower with 10 Bubble Solution, Outdoor Push Toys for Toddlers Ages 3-8, Birthday Easter Summer Gift for Boys Girls 3 4 5 6 7 8 Year Old",https://www.amazon.com/dp/B0GJ3DCR9K?th=1,1772582400000,400,美国,体育
1776162963921,亚马逊,B0FLRMBK5W,https://m.media-amazon.com/images/I/61JeJ1WZ-ZL._AC_US200_.jpg,"Teeturtle Reversible Sanrio Kuromi Plushie 4-Inch Easter Egg Two-Sided Flip Plush Toy with Embroidered Details - Cute Mini Collectible Plush for Kids, Teens, and Adults",https://www.amazon.com/dp/B0FLRMBK5W?th=1,1772582400000,300,美国,填充的动物
1776162963921,亚马逊,B0GQXZJ5H9,https://m.media-amazon.com/images/I/41xy+gtkdWL._AC_US200_.jpg,Dumpling Squishies Toy Mystery Squishy Dumpling Box Colorful Dumplings Stress Balls Fidget Toys Easter Basket Stuffers Squeeze Dough Ball (Pink),https://www.amazon.com/dp/B0GQXZJ5H9?th=1,1772582400000,200,美国,Novelty & Gag Toys
1776162963921,亚马逊,B0GQXMZ6Z8,https://m.media-amazon.com/images/I/611k9ALvcUL._AC_US200_.jpg,Dumpling Squishies Toy Mystery Squishy Dumpling Box Colorful Dumplings Stress Balls Fidget Toys Easter Basket Stuffers Squeeze Dough Ball (4pc-Set A),https://www.amazon.com/dp/B0GQXMZ6Z8?th=1,1772582400000,300,美国,Novelty & Gag Toys
1776162963921,亚马逊,B0GQL7FXHJ,https://m.media-amazon.com/images/I/514WHKPiVbL._AC_US200_.jpg,"2026 New Glitter Dumpling - Random Glitter Dumpling Squishy Box, for Stress Relief, More Surprises (Random)",https://www.amazon.com/dp/B0GQL7FXHJ?th=1,1772582400000,700,美国,Novelty & Gag Toys
1776162963921,亚马逊,B0FKPR29W5,https://m.media-amazon.com/images/I/81IT2-gbyyL._AC_US200_.jpg,"Hyojo Hershey’S Kisses Series, Blind Box Collectible Plush, Limited Edition Toy Gift for All Ages, 3 to Collect, Blue, Silver & Pink Foil",https://www.amazon.com/dp/B0FKPR29W5?th=1,1772582400000,1000,美国,填充的动物
1776162963921,亚马逊,B0GFF7F4KX,https://m.media-amazon.com/images/I/51WpkmSOdGL._AC_US200_.jpg,"24 Pack Easter Eggs with Axolotl Stress Balls,Axolotls Squishies Fidget Stress Ball for Adults,Cute Squishies Axolotls Toy",https://www.amazon.com/dp/B0GFF7F4KX?th=1,1772582400000,500,美国,Novelty & Gag Toys
1776162963921,亚马逊,B0GK7FW2BY,https://m.media-amazon.com/images/I/51K75S9Xv7L._AC_US200_.jpg,Easter 3D Printed Mystery Pet Blind Box Eggs - 18 Collectible Mini Animals for Kids,https://www.amazon.com/dp/B0GK7FW2BY?th=1,1772582400000,200,美国,玩具图
1776162963921,亚马逊,B0GF5Z91CY,https://m.media-amazon.com/images/I/51ZjUJv8GEL._AC_US200_.jpg,"AOWDIAO 50 Pcs Animal Stickers - Cute Waterproof Vinyl Stickers Pack for Kids - Perfect for Water Bottles, Laptops, Scrapbooks and Classroom Prizes",https://www.amazon.com/dp/B0GF5Z91CY?th=1,1772582400000,200,美国,艺术
1776162963921,亚马逊,B0GJNHZVZC,https://m.media-amazon.com/images/I/51T6nPHpO1L._AC_US200_.jpg,"Large Easter Eggs, 12 Pieces 4.7"" Jumbo Plastic Bright Solid Dinosaur Easter Egg Filled with Small Toys, Dinosaur Easter Theme Party Favor, Basket Stuffers Fillers, Classroom Prize Supplies Toy",https://www.amazon.com/dp/B0GJNHZVZC?th=1,1772582400000,200,美国,扮靓
1776162963921,亚马逊,B0GJ2YPHWV,https://m.media-amazon.com/images/I/512cfqQZ2xL._AC_US200_.jpg,Bubble Lawn Mower,https://www.amazon.com/dp/B0GJ2YPHWV?th=1,1772582400000,200,美国,体育
1776162963921,亚马逊,B0GDFJSD7G,https://m.media-amazon.com/images/I/61YpmqWQ2bL._AC_US200_.jpg,"126 Pcs Easter Egg Fillers, Easter Basket Stuffers for Boys Girls, Easter Egg Stuffers, Easter Party Favors, Easter Gifts Toys, Treasure Box Toys, Classroom Prizes, Goodie Bags Stuffers for Kids",https://www.amazon.com/dp/B0GDFJSD7G?th=1,1772582400000,500,美国,Party Supplies
1776162963921,亚马逊,B0GDFPDQ8B,https://m.media-amazon.com/images/I/617oOx759rL._AC_US200_.jpg,"Mivanlin 120 Pcs Easter Egg Fillers, Easter Basket Stuffers for Kids Girls Boys, Easter Egg Stuffers, Easter Party Favors, Easter Gifts Toys, Treasure Box Toys, Classroom Prizes, Goodie Bags Stuffers",https://www.amazon.com/dp/B0GDFPDQ8B?th=1,1772582400000,500,美国,Party Supplies
1776162963921,亚马逊,B0GQL5D9LC,https://m.media-amazon.com/images/I/41P0SruuH8L._AC_US200_.jpg,"Easter Basket Essentials, Easter Carrot Rabbit Fidget, Pop Up Carrot Bunny, White Pink Bunny Squishes Carrot Squeeze Ball, Rabbit Funny Novelty for Easter Basket Stuffers Party Favors (3Pcs)",https://www.amazon.com/dp/B0GQL5D9LC?th=1,1772582400000,300,美国,Novelty & Gag Toys
1776162963921,亚马逊,B0GGB7V33S,https://m.media-amazon.com/images/I/41VN4Z8CagL._AC_US200_.jpg,"Wind-Up Easter Toys for Kids, 4-Pack Chick & Bunny Plush Wind Up Animals, Non-Candy Classroom Exchange Toys, Easter Basket Stuffers, Spring Party Favor Wind Up Toy Set",https://www.amazon.com/dp/B0GGB7V33S?th=1,1772582400000,300,美国,新颖性
1776162963921,亚马逊,B0GDDQRVXL,https://m.media-amazon.com/images/I/816DcZtqbHL._AC_US200_.jpg,"HeyZoo Tree Swing for Kids 330LB Capacity, Climbing Rope with Platforms and Disc Swing Seat Set Outdoor Backyard Playground Accessories with Carabiners and Thickened Strap, Green",https://www.amazon.com/dp/B0GDDQRVXL?th=1,1772582400000,500,美国,体育
1776162963921,亚马逊,B0GR4T53GF,https://m.media-amazon.com/images/I/61HCYRh7YKL._AC_US200_.jpg,"Dumpling Squishies, Mystery Glitter Dumpling Squishies Box, Colorful Dumplings Stress Balls Fidget Sensory Toy, Soft Squeeze Decompression Dough for Anxiety Relief Fidget, Kids Easter Basket Stuffers",https://www.amazon.com/dp/B0GR4T53GF?th=1,1772582400000,5000,美国,Novelty & Gag Toys
1776162963921,亚马逊,B0GQZ59G68,https://m.media-amazon.com/images/I/41AdUc-d8pL._AC_US200_.jpg,"Dumpling Squishies, Mystery Glitter Dumpling Squishies Box, Colorful Dumplings Stress Balls Fidget Sensory Toy, Soft Squeeze Decompression Dough for Anxiety Relief Fidget, Kids Easter Basket Stuffers",https://www.amazon.com/dp/B0GQZ59G68?th=1,1772582400000,1000,美国,Novelty & Gag Toys
1776162963921,亚马逊,B0GR4Y1T4R,https://m.media-amazon.com/images/I/61x09fq7acL._AC_US200_.jpg,"Dumpling Glitter, Dumpling Glitter Squishies, Dumplings Squishies, Stress Relief Fidget, Soft Squeeze Decompression Dough, Giant Glitters Dumplings (Gold)",https://www.amazon.com/dp/B0GR4Y1T4R?th=1,1772582400000,900,美国,Novelty & Gag Toys
1776162963921,亚马逊,B0GR3HTPFS,https://m.media-amazon.com/images/I/41I7xq6h9tL._AC_US200_.jpg,"Dumpling Squishies, Glitter Dumpling Mystery Box, Colorful Dumplings Stress Balls Fidget Sensory Toy, Stocking Stuffers with Food Steamer Stretchy Desk Toys",https://www.amazon.com/dp/B0GR3HTPFS?th=1,1772582400000,1000,美国,Novelty & Gag Toys
1776162963921,亚马逊,B0GR587Z61,https://m.media-amazon.com/images/I/41NLyin-MhL._AC_US200_.jpg,"Dumpling Squishies, Glitter Dumpling Mystery Box, Colorful Dumplings Stress Balls Fidget Sensory Toy, Stocking Stuffers with Food Steamer Stretchy Desk Toys",https://www.amazon.com/dp/B0GR587Z61?th=1,1772582400000,7000,美国,Novelty & Gag Toys
1776162963921,亚马逊,B0GR5G3WXV,https://m.media-amazon.com/images/I/41AdUc-d8pL._AC_US200_.jpg,"Dumpling Squishies, Glitter Dumpling Mystery Box, Colorful Dumplings Stress Balls Fidget Sensory Toy, Stocking Stuffers with Food Steamer Stretchy Desk Toys",https://www.amazon.com/dp/B0GR5G3WXV?th=1,1772582400000,3000,美国,Novelty & Gag Toys
1776162963921,亚马逊,B0GR59MBB9,https://m.media-amazon.com/images/I/41x39-eEeXL._AC_US200_.jpg,"Dumpling Squishies, Glitter Dumpling Mystery Box, Colorful Dumplings Stress Balls Fidget Sensory Toy, Stocking Stuffers with Food Steamer Stretchy Desk Toys",https://www.amazon.com/dp/B0GR59MBB9?th=1,1772582400000,3000,美国,Novelty & Gag Toys
1776162963921,亚马逊,B0GHF4YLCY,https://m.media-amazon.com/images/I/71-4810iM7L._AC_US200_.jpg,"HUITEM Beach Sand Toys for Kids with 20 in Long Beach Shovels, 2 Collapsible Bucket, Sand Castle Building Kit, Sand Molds, Mesh Bag, Travel Sandbox Toys Beach Essentials for Kids Age 3-10",https://www.amazon.com/dp/B0GHF4YLCY?th=1,1772582400000,300,美国,运动与户外游戏
1776162963921,亚马逊,B0GQXQ7F5G,https://m.media-amazon.com/images/I/61Oe9TYpSAL._AC_US200_.jpg,"2026 Upgrade Glitter Dumpling Squishy Box,Squishy Dumpling,Anxiety Relief Fidget (Transparent)",https://www.amazon.com/dp/B0GQXQ7F5G?th=1,1772582400000,600,美国,Novelty & Gag Toys
1776162963921,亚马逊,B0GCMDFL62,https://m.media-amazon.com/images/I/7184sBY+e9L._AC_US200_.jpg,Bubble Gun Machine for Kid & Toddler: 2PCS Bubble Blaster Guns with Bubble Solution Refill & LED Light - Automatic Bubble Blower for Kids 4-8 - Great Party Toys for Outdoor Easter Wedding Birthday,https://www.amazon.com/dp/B0GCMDFL62?th=1,1772582400000,1000,美国,体育
1776162963921,亚马逊,B0GQZDGZF4,https://m.media-amazon.com/images/I/51sDzNaLtaL._AC_US200_.jpg,"Cute Slow Rebound Butter Squeeze Stress Balls Travel Essentials,2026 Squeeze Ball Realistic Butter Stick Soft Squeeze Toys,Portable Fidget Toys Wet Slow Rebound Stress Relief Toy (Beige)",https://www.amazon.com/dp/B0GQZDGZF4?th=1,1772582400000,200,美国,Novelty & Gag Toys
1776162963921,亚马逊,B0GR4ZDV6B,https://m.media-amazon.com/images/I/51nMEOvdCCL._AC_US200_.jpg,"Dragon Fruit Squishy, 2026 New Realistic Fruit Stress Balls Stress Relief Fidget, Giant Dragonfruit Squishy Jumbo, Slow Rebound for Adults (1pc)",https://www.amazon.com/dp/B0GR4ZDV6B?th=1,1772582400000,400,美国,Novelty & Gag Toys
1776162963921,亚马逊,B0GP435NVP,https://m.media-amazon.com/images/I/81jJhDGA2tL._AC_US200_.jpg,"Easter Bunny Puzzle – Prefilled Easter Egg, Pre Filled with 64-Piece Jigsaw Puzzle for Kids, Easter Basket Stuffer, Gift for Kids, Ages 6+",https://www.amazon.com/dp/B0GP435NVP?th=1,1772496000000,1000,美国,拼图
1776162963921,亚马逊,B0GQTGKBJ2,https://m.media-amazon.com/images/I/411B746myUL._AC_US200_.jpg,"Glitter Dumpling Easter Basket Stuffers, Glitter Dumpling Squeeze Box, Dumplings Squishes, Anxiety Relief Fidget, Soft Squeeze Decompression Dough",https://www.amazon.com/dp/B0GQTGKBJ2?th=1,1772496000000,200,美国,Novelty & Gag Toys
1776162963921,亚马逊,B0GFSBRXJL,https://m.media-amazon.com/images/I/71bxafwj1+L._AC_US200_.jpg,"12 Pcs Prefilled Easter Eggs with 3D Printed Mini Animal Toys, Cute Basket Stuffers for Kids, Party Favors for Boys & Girls, Ideal for Easter Egg Hunt, Classroom Prizes & Party",https://www.amazon.com/dp/B0GFSBRXJL?th=1,1772496000000,600,美国,玩具图
1776162963921,亚马逊,B0GHS6MHVD,https://m.media-amazon.com/images/I/7118O1T0BeL._AC_US200_.jpg,"Fidget Toy Cube, 4 Pack Cube Fidget Anxiety Relief Toys for Kids and Adults, 6 Sided Infinity Cube Hand-Held for Adults, Audible/Silent Modes, Cube Fidget Toys for ADD/ADHD/OCD",https://www.amazon.com/dp/B0GHS6MHVD?th=1,1772496000000,200,美国,新颖性
1776162963921,亚马逊,B0GKCQ8BYM,https://m.media-amazon.com/images/I/81u8qOS9YlL._AC_US200_.jpg,Prefilled Easter Eggs with Toys for Kids Toddlers Bulk - Pre Filled Axolotl Easter Squishy Animal Stuffers Stuffed Egg Hunt Prizes,https://www.amazon.com/dp/B0GKCQ8BYM?th=1,1772496000000,900,美国,Party Supplies
1776162963921,亚马逊,B0FGY1JDKJ,https://m.media-amazon.com/images/I/71PYoktYYqL._AC_US200_.jpg,"Armor-Up Yellow Raptor Dinosaur Blaze Toy Figure with 7 Removable Armor Pieces and Tail-Triggered Chomp Action, 7"" H x 15.2"" L, Kids, Boys, Girls, Ages 6+",https://www.amazon.com/dp/B0FGY1JDKJ?th=1,1772496000000,200,美国,玩具图
1776162963921,亚马逊,B0GJZTD3T2,https://m.media-amazon.com/images/I/81LzjqzWqGL._AC_US200_.jpg,"30Pack Easter Bunny Squishy Toys,Easter Basket Stuffers,Easter Bunny Slow Rising Stress Relief Squishies Fidget Toys Bulk for Kids,Easter Egg Fillers Party Favors Gifts for Boys Grils",https://www.amazon.com/dp/B0GJZTD3T2?th=1,1772496000000,1000,美国,Novelty & Gag Toys
1776162963921,亚马逊,B0GQB379WP,https://m.media-amazon.com/images/I/41fvdV9tysL._AC_US200_.jpg,"Dumpling Squishy, Mystery Squishy Dumpling Box, Stress Relief Fidget Easter Gifts for Kids & Adults, Squeeze Dough Ball Stress Relief Hand Toys with Food Steamer Stretchy Desk Toys (4pc)",https://www.amazon.com/dp/B0GQB379WP?th=1,1772496000000,500,美国,Novelty & Gag Toys
1776162963921,亚马逊,B0GQBD6DM6,https://m.media-amazon.com/images/I/518v+4thA9L._AC_US200_.jpg,"Dumpling Squishy, Mystery Squishy Dumpling Box, Stress Relief Fidget Easter Gifts for Kids & Adults, Squeeze Dough Ball Stress Relief Hand Toys with Food Steamer Stretchy Desk Toys (Pink)",https://www.amazon.com/dp/B0GQBD6DM6?th=1,1772496000000,1000,美国,Novelty & Gag Toys
1776162963921,亚马逊,B0FJBGGD24,https://m.media-amazon.com/images/I/41KXrO6bdML._AC_US200_.jpg,Pokemon Pikachu Plush with Ice Cream - 8-Inch Pikachu Plush with Unique Accessory,https://www.amazon.com/dp/B0FJBGGD24?th=1,1772496000000,400,美国,填充的动物
1776162963921,亚马逊,B0GD82LZZJ,https://m.media-amazon.com/images/I/71mpBvpb8bL._AC_US200_.jpg,"30 Pieces 2.36 inch Premium Plastic Easter Eggs for Easter Basket Stuffers - Fillable & Reusable Easter Eggs with Secure Snap-Lock for Egg Hunt Supplies, 6 Vibrant Colors",https://www.amazon.com/dp/B0GD82LZZJ?th=1,1772496000000,1000,美国,扮靓
1776162963921,亚马逊,B0GPX32BKT,https://m.media-amazon.com/images/I/51Vr5QcjVAL._AC_US200_.jpg,"Digital Camera for Kids, HILDCROA 48MP FHD 1080P Point and Shoot Digital Cameras with 16X Zoom Anti-Shake, Compact Portable Cameras for Photography, for Boys Girls Teens Beginners,Green",https://www.amazon.com/dp/B0GPX32BKT?th=1,1772496000000,300,美国,儿童电子产品
1776162963921,亚马逊,B0GQNBFPDR,https://m.media-amazon.com/images/I/71j6BiKMjZL._AC_US200_.jpg,"𝙈𝙖𝙜𝙣𝙚𝙩𝙞𝙘 Balls [1001pcs!] Sh-col 𝙈𝙖𝙜𝙣𝙚𝙩 Balls Putty, 𝙈𝙖𝙜𝙣𝙚𝙩𝙞𝙘 Beads Slime with Fidget Toy Stress Reliever Putty for Adults (TenColors)",https://www.amazon.com/dp/B0GQNBFPDR?th=1,1772496000000,200,美国,新颖性
1776162963921,亚马逊,B0GF7L1Y1Z,https://m.media-amazon.com/images/I/71ieVG+2d3L._AC_US200_.jpg,"12 Pcs Large Easter Eggs Fillable, 6 Inch Colorful Jumbo Plastic Empty Egg Stand Upright for Easter Eggs Hunt Basket Stuffers Fillers Filling Treats Party Favor Classroom Prizes Supplies (Pure-12Pcs)",https://www.amazon.com/dp/B0GF7L1Y1Z?th=1,1772496000000,200,美国,派对用品
1776162963921,亚马逊,B0GL39R8FM,https://m.media-amazon.com/images/I/71B5t7kyBgL._AC_US200_.jpg,"24 Pack Prefilled Easter Eggs with Squishy Animal Toys Inside - Ready to Use for Easter Basket Stuffers & Egg Hunt Fillers, Sensory Fidget Toys for Kids Boys Girls Age 3+",https://www.amazon.com/dp/B0GL39R8FM?th=1,1772496000000,1000,美国,Novelty & Gag Toys
1776162963921,亚马逊,B0GH73DHZS,https://m.media-amazon.com/images/I/511+aGFff6L._AC_US200_.jpg,"2 Sets Easter Reusable Sticker Books for Toddlers,Easter Stickers for Kids,Toddler Easter Basket Stuffers Essentials, Easter Jelly Stickers Gifts Crafts",https://www.amazon.com/dp/B0GH73DHZS?th=1,1772496000000,700,美国,艺术
1776162963921,亚马逊,B0GGJD957Z,https://m.media-amazon.com/images/I/71e6agi2JwL._AC_US200_.jpg,EA Kong Supplies 6 Pcs Prefilled Easter Eggs with Metal Dinosaur Car Toys Vehicles Set for Kids Girls Boys Easter Basket Stuffers Party Favors Hunting Egg,https://www.amazon.com/dp/B0GGJD957Z?th=1,1772496000000,600,美国,车辆
1776162963921,亚马逊,B0GL84MXH2,https://m.media-amazon.com/images/I/51biXtP+pWL._AC_US200_.jpg,"Skillmatics Reusable Search & Find Book – Water Spotter, Mess-Free, Fun Learning Activity, Unicorns & Princesses, Travel Toy, Gifts for Kids Ages 4, 5, 6, 7, 8",https://www.amazon.com/dp/B0GL84MXH2?th=1,1772496000000,400,美国,艺术
1776162963921,亚马逊,B0GQLBR3GJ,https://m.media-amazon.com/images/I/81Fuzc3GPnL._AC_US200_.jpg,"Glitter Dumpling Squishy - Random Glitter Dumpling Box, 10 Colors Dumplings Squishy Toy, More Surprises (Random)",https://www.amazon.com/dp/B0GQLBR3GJ?th=1,1772496000000,1000,美国,Novelty & Gag Toys
1776162963921,亚马逊,B0GQHF31FG,https://m.media-amazon.com/images/I/41YYs1TBqXL._AC_US200_.jpg,"Dumpling Squishies Stress Ball, 2026 Upgraded Dumplings Stress Balls Fidget Sensory Balls, Squeeze Dough Ball Stress Relief Hand with Food Steamer, Relaxation Gift (4 Colors)",https://www.amazon.com/dp/B0GQHF31FG?th=1,1772496000000,200,美国,Novelty & Gag Toys
1776162963921,亚马逊,B0GQBHMSFG,https://m.media-amazon.com/images/I/51u78dYIEcL._AC_US200_.jpg,"Dumpling Squishy, Mystery Squishy Dumpling Box, Stress Relief Fidget Easter Gifts for Kids & Adults, Squeeze Dough Ball Stress Relief Hand Toys with Food Steamer Stretchy Desk Toys (Blue)",https://www.amazon.com/dp/B0GQBHMSFG?th=1,1772496000000,200,美国,Novelty & Gag Toys
1776162963921,亚马逊,B0GC5QQF8T,https://m.media-amazon.com/images/I/51eaEH-xn2L._AC_US200_.jpg,"24PCS Christmas Stress Balls,Squishy Balls,Squishy Squeeze Balls Bulk ，Easter Basket Stuffers Party Favor,Stress Relief Balls, Party Favors,Birthday Gift",https://www.amazon.com/dp/B0GC5QQF8T?th=1,1772496000000,1000,美国,Novelty & Gag Toys
1776162963921,亚马逊,B0GG9Q2GFM,https://m.media-amazon.com/images/I/51izikzZjbL._AC_US200_.jpg,"Easter Egg Fillers - 24 Pack Kawaii Mochi Squishy Toys for Easter Basket Stuffers, Mini Cute Squishies Squeeze Toy Party Favors, Easter Gifts for Kids Classroom Prizes School Rewards (Easter+Eggs)",https://www.amazon.com/dp/B0GG9Q2GFM?th=1,1772496000000,1000,美国,Party Supplies
1776162963921,亚马逊,B0GQB2ZCRK,https://m.media-amazon.com/images/I/5103x4STHmL._AC_US200_.jpg,"Dumpling Squishy Toy, Dumpling Squishy Mystery Box, Easter Basket Stuffers, Squeeze Dough Ball Stress Relief Hand Toys with Food Steamer Stretchy Desk Toys (Purple)",https://www.amazon.com/dp/B0GQB2ZCRK?th=1,1772496000000,200,美国,Novelty & Gag Toys
1776162963921,亚马逊,B0GQB63NBV,https://m.media-amazon.com/images/I/518v+4thA9L._AC_US200_.jpg,"Dumpling Squishy Toy, Dumpling Squishy Mystery Box, Easter Basket Stuffers, Squeeze Dough Ball Stress Relief Hand Toys with Food Steamer Stretchy Desk Toys (Pink)",https://www.amazon.com/dp/B0GQB63NBV?th=1,1772496000000,800,美国,Novelty & Gag Toys
1776162963921,亚马逊,B0GQB9BQKB,https://m.media-amazon.com/images/I/51u78dYIEcL._AC_US200_.jpg,"Dumpling Squishy Toy, Dumpling Squishy Mystery Box, Easter Basket Stuffers, Squeeze Dough Ball Stress Relief Hand Toys with Food Steamer Stretchy Desk Toys (Blue)",https://www.amazon.com/dp/B0GQB9BQKB?th=1,1772496000000,200,美国,Novelty & Gag Toys
1776162963921,亚马逊,B0GJSCTL34,https://m.media-amazon.com/images/I/71ZwtmZvp9L._AC_US200_.jpg,"Exun 12 Pcs Easter Egg Mini Squeeze Balls, Easter Basket Stuffers, Easter Egg Fillers, Squishies Stress Relief Fidget Toys for Kids Boys Girls Toddlers Gifts Party Favors",https://www.amazon.com/dp/B0GJSCTL34?th=1,1772496000000,500,美国,Novelty & Gag Toys
1776162963921,亚马逊,B0G2YBQF6J,https://m.media-amazon.com/images/I/51wx+IIlgvL._AC_US200_.jpg,"100 Pcs Rubber Ducks, Random Assortment Ducks Bulk for Jeeps Ducking, 2"" Mini Rubber Duckies for Baby Toddler Bath Toys, Kids Pool Toys Birthday Gifts Party Favors",https://www.amazon.com/dp/B0G2YBQF6J?th=1,1772496000000,500,美国,婴幼儿
1776162963921,亚马逊,B0G6K6Y9JT,https://m.media-amazon.com/images/I/81dae-X2rJL._AC_US200_.jpg,"Metemot Kids Sunglasses Bulk Party Favors, Sunglasses for Kids with UV 400 Protection, Neon Sunglasses for Boys and Girls, Party Favor, Birthday Classroom Goodie Bags Party Supplies",https://www.amazon.com/dp/B0G6K6Y9JT?th=1,1772496000000,300,美国,Party Supplies
1776162963921,亚马逊,B0GJ4PN6B1,https://m.media-amazon.com/images/I/719eL+DvUjL._AC_US200_.jpg,"MHSMHL Mini Easter Basket Stuffers for Teen Girl, Cute Easter Gifts for Tees Women, Positive Crochet Animals Bunny, Emotional Graduation Birthday for Daughter Bestie Him Her",https://www.amazon.com/dp/B0GJ4PN6B1?th=1,1772496000000,300,美国,建筑玩具
1776162963921,亚马逊,B0GJPPHZRG,https://m.media-amazon.com/images/I/71ye3eoEsgL._AC_US200_.jpg,12 Pack Easter Egg Filled with Animal Finger Puppets Plush Toys - Easter Basket Stuffers & Prefilled Easter Eggs Hunt Prize Party Favors for Kids,https://www.amazon.com/dp/B0GJPPHZRG?th=1,1772496000000,1000,美国,填充的动物
1776162963921,亚马逊,B0GJ5JYL11,https://m.media-amazon.com/images/I/71jnlugPY3L._AC_US200_.jpg,500Pcs Easter Stickers 1.2in Spring Happy Easter Bunny Stickers Roll 9 Designs Waterproof Self-Adhesive Rabbit Sticker for Holiday Party Envelopes Scrapbook Decorations Supplies,https://www.amazon.com/dp/B0GJ5JYL11?th=1,1772496000000,300,美国,艺术
1776162963921,亚马逊,B0FQ7HLXQS,https://m.media-amazon.com/images/I/81ZRuMXw5TL._AC_US200_.jpg,"Hyojo Market Cookie Sandwich Series, Blind Box Collectible Plush, Limited Edition Toy Gift, 3 to Collect, Chocolate, Strawberry, and Vanilla with Strawberry Crème, Great Gift for All Ages",https://www.amazon.com/dp/B0FQ7HLXQS?th=1,1772496000000,800,美国,填充的动物
1776162963921,亚马逊,B0GJLN37R4,https://m.media-amazon.com/images/I/517djsNcQPL._AC_US200_.jpg,"Easter Robot Bunny Pal- Bunby My Realistic Bunny Toy, Hopping Bunny with Sounds, Jumping, Twitching and Shaking Ears, Interactive Plush Bunny for Kids, Birthday Gift for Toddler (Brown)",https://www.amazon.com/dp/B0GJLN37R4?th=1,1772496000000,500,美国,填充的动物
1776162963921,亚马逊,B0GQ2CHMXH,https://m.media-amazon.com/images/I/71Eo113NySL._AC_US200_.jpg,"Kids Kitchen Playset, Toddler Play Kitchen Set Toys with Sound & Light, Cooking Stove, Play Sink, Play Food Kitchen Accessories, Pretend Kitchen Toy for Kids Toddlers Girls (Pink)",https://www.amazon.com/dp/B0GQ2CHMXH?th=1,1772496000000,200,美国,扮靓
1776162963921,亚马逊,B0GFDH8KR1,https://m.media-amazon.com/images/I/912jZl2YLGL._AC_US200_.jpg,"Montessori Busy Book for Toddlers 1-3, Felt Board for Toddlers Educational Preschool Learning Toys, Shopping Theme Color Sorting Toys, Preschool Learning Activities for Boys and Girls Birthday Gifts.",https://www.amazon.com/dp/B0GFDH8KR1?th=1,1772496000000,200,美国,婴幼儿
1776162963921,亚马逊,B0G4M8ST4P,https://m.media-amazon.com/images/I/51M-cOznpdL._AC_US200_.jpg,"iGRATENS Baby Bjorn Bouncer Toy Bar, New Model Wooden Toy with Mirror for Baby Bouncer Soft & Bliss, Easy to Attach & Remove, Child-Friendly Material, Early Identification Black and White Toys, Lion",https://www.amazon.com/dp/B0G4M8ST4P?th=1,1772496000000,400,美国,婴幼儿
1776162963921,亚马逊,B0G3X6Z73Y,https://m.media-amazon.com/images/I/71hrdjWKF4L._AC_US200_.jpg,"Pool Basketball Hoop with Backboard, Floating Pool Toys for 3-12 Years Old Kids Ring Game with 4 Balls 8 Rings & Pump Outdoor Swimming Pool Basketball Games Water Play Toy Family Party for Kids Adults",https://www.amazon.com/dp/B0G3X6Z73Y?th=1,1772496000000,300,美国,体育
1776162963921,亚马逊,B0GQV1JQ49,https://m.media-amazon.com/images/I/61qURo2KCEL._AC_US200_.jpg,"Giant Dumpling Squishy for Adults, 4/6/10 Inch Jumbo Dumpling Stress Ball, Soft Squeeze Decompression Dough, Anxiety Relief Fidget, Adult Fidget Tool (Pink M: 15cm/5.9 Inch)",https://www.amazon.com/dp/B0GQV1JQ49?th=1,1772496000000,500,美国,Novelty & Gag Toys
1776162963921,亚马逊,B0GJZJ9HLK,https://m.media-amazon.com/images/I/41gi0T+gJkL._AC_US200_.jpg,"2 Pack Keyboard Fidget Toy Light Up – Clicky Keyboard Clicker Fidget Keychain – Clicky Fidget Toys for Adults, Sensory Toy for Boost Focus & Calm Anxiety at Work, Travel – Stress Relief Gifts",https://www.amazon.com/dp/B0GJZJ9HLK?th=1,1772496000000,200,美国,Novelty & Gag Toys
1776162963921,亚马逊,B0GQX9RQQ2,https://m.media-amazon.com/images/I/51sDzNaLtaL._AC_US200_.jpg,"Slow Rebound Cute Butter Squeeze Stress Balls, Upgrade Stress Relief Fidget Toys Wet Slow Rebound Stress Relief Toy, 2026 New Squeeze Ball Realistic Butter Stick Soft Squeeze Toys (Beige)",https://www.amazon.com/dp/B0GQX9RQQ2?th=1,1772496000000,1000,美国,Novelty & Gag Toys
1776162963921,亚马逊,B0GQSPWR6Z,https://m.media-amazon.com/images/I/81HBV1bGSwL._AC_US200_.jpg,"Glitter Dumpling,Dumpling Squishy Glitter,Glitter Dumplings Squishy,Anxiety Relief Fidget, Soft Squeeze Decompression Dough (White A)",https://www.amazon.com/dp/B0GQSPWR6Z?th=1,1772496000000,700,美国,Novelty & Gag Toys
1776162963921,亚马逊,B0GDCPZPH6,https://m.media-amazon.com/images/I/81BX4hD8MQL._AC_US200_.jpg,"TEILLNET 2-in-1 Beach Paddle Ball and Toss Catch Ball Game Set, Summer Outdoor Toys for Kids Adults, Family Yard Lawn Beach Pool Park Games, Outside Sports Gifts for Boys Girls 3 4 5 6 7 8 9 10 11 12",https://www.amazon.com/dp/B0GDCPZPH6?th=1,1772496000000,200,美国,运动与户外游戏
1776162963921,亚马逊,B0G1SXK3VM,https://m.media-amazon.com/images/I/515yAuGBS6L._AC_US200_.jpg,Fancy Land 12 Pcs Passover Crafts for Kids Ten Plagues of Egypt Scene Stickers Jewish Crafts for Gifts Party Favors Decorations School Classroom Activities Pesach,https://www.amazon.com/dp/B0G1SXK3VM?th=1,1772496000000,200,美国,艺术
1776162963921,亚马逊,B0GJRW8436,https://m.media-amazon.com/images/I/51dpiSfytcL._AC_US200_.jpg,"Magnetic Tiles Road Expansion Pack, STEM Magnetic Building Blocks for Kids, Educational Montessori Sensory Toys for Kids Ages 3-5 4-8 5-7, Christmas Birthday Gift for 3+ Year Old Boys Girls",https://www.amazon.com/dp/B0GJRW8436?th=1,1772496000000,200,美国,建筑玩具
1776162963921,亚马逊,B0GG4DNKBS,https://m.media-amazon.com/images/I/61jynsCm5oL._AC_US200_.jpg,"delaimastor Prefilled Easter Eggs, 120 Pcs Easter Eggs Filled, Easter Egg Hunt Party Favors Basket Stuffers Prizes for Easters Egg Hunt Party Favors",https://www.amazon.com/dp/B0GG4DNKBS?th=1,1772496000000,300,美国,Party Supplies
1776162963921,亚马逊,B0GHCZ4BHR,https://m.media-amazon.com/images/I/51kuNh9iVUL._AC_US200_.jpg,"Zhazieon Cute Pom Pom Keychains Kids Party Favors - 12Pcs Easter Egg Fillers, Goodie Bag Stuffers for Boys Girls, Birthday Party Supplies, Easter Basket Stuffers, Egg Hunt Prizes",https://www.amazon.com/dp/B0GHCZ4BHR?th=1,1772496000000,600,美国,Party Supplies
1776162963921,亚马逊,B0FYMRD3L1,https://m.media-amazon.com/images/I/411aKFXT-XL._AC_US200_.jpg,"BainGesk 25 PCS 6” Jumbo Easter Eggs with 1 Golden Eggs, Easter Eggs for Easter Hunt, Basket Stuffers Fillers, Empty Eggs Fillable with Candy, Toys, Easter Basket Essentials, Party Favor",https://www.amazon.com/dp/B0FYMRD3L1?th=1,1772496000000,400,美国,Party Supplies
1776162963921,亚马逊,B0GKV9W7WB,https://m.media-amazon.com/images/I/51+2-hAF6kL._AC_US200_.jpg,"Easter Basket Stuffers Essentials for Toddler, 28 Pack Prefilled Easter Eggs Filled with 3D Printed Animals Toys Inside, Easter Egg Fillers Easter Gifts for Kids Party Favors",https://www.amazon.com/dp/B0GKV9W7WB?th=1,1772496000000,900,美国,Party Supplies
1776162963921,亚马逊,B0GFMHF425,https://m.media-amazon.com/images/I/51QDW1y84PL._AC_US200_.jpg,500Pcs St. Patrick's Day Stickers Roll 1in Laser Glitter Shamrock Stickers 3 Designs Self-Adhesive Holographic Clover Sticker Decor for Irish Holiday Party Scrapbook Envelopes Decals Decorations,https://www.amazon.com/dp/B0GFMHF425?th=1,1772496000000,200,美国,艺术
1776162963921,亚马逊,B0G5P46GSL,https://m.media-amazon.com/images/I/516poHq9vJL._AC_US200_.jpg,"Easter Puzzles for Kids Ages 4-8, Easter Basket Stuffers 79 Pieces Kids Floor Puzzles Ages 4-6, Large Round Jigsaw Puzzles for Toddler, Bunny Puzzle Educational Toys Gifts for Girls Boys",https://www.amazon.com/dp/B0G5P46GSL?th=1,1772496000000,700,美国,拼图
1776162963921,亚马逊,B0G2C5XB8X,https://m.media-amazon.com/images/I/51cJ-awfBHL._AC_US200_.jpg,"SpringFlower Filled Easter Egg With Dinosaur Toy,Easter Basket Stuffers for Kids, Easter Egg Hunt Game,Easter Party Favor Supplies Classroom Rewards, Basket Essentials, 12 PACK",https://www.amazon.com/dp/B0G2C5XB8X?th=1,1772496000000,500,美国,Party Supplies
1776162963921,亚马逊,B0GGGJ8TP2,https://m.media-amazon.com/images/I/71biwlnzwcL._AC_US200_.jpg,"Montessori Busy Board for 1 Year Old: Modular Sensory Activity Board for Babies, Sorting & Stacking Toys for Toddlers 1-3, Learning Fine Motor Wooden Toys, Toddler Plane Activities Gifts Girls Boys",https://www.amazon.com/dp/B0GGGJ8TP2?th=1,1772496000000,400,美国,Novelty & Gag Toys
1776162963921,亚马逊,B0GG3WS1JQ,https://m.media-amazon.com/images/I/51ePHXxpk9L._AC_US200_.jpg,"Bubble Gun Mchaine Toys for Kids: Automatic Bubble Blaster with 2 Bottles Refill Solution - Bubble Maker for 3-8 Year Old Boy Girl Kids, Outdoor Toys for Easter Birthday Wedding Party Gift (Blue, Red)",https://www.amazon.com/dp/B0GG3WS1JQ?th=1,1772496000000,200,美国,体育
1776162965881,亚马逊,B0GHR63Y2J,https://m.media-amazon.com/images/I/71zga7g+kDL._AC_US200_.jpg,"Karaoke Machine for Kids, Red & Blue Glowing Eyes & Rhythm Light, 5 Magic Voice, 2 Wireless Mini Microphone, Portable Bluetooth Speaker, Easter Basket Stuffers Boys Gifts Age 3 4 5 6 7 8 9 10 11 12",https://www.amazon.com/dp/B0GHR63Y2J?th=1,1772496000000,200,美国,儿童电子产品
1776162965881,亚马逊,B0GHKL33W8,https://m.media-amazon.com/images/I/51pbgZcpNvL._AC_US200_.jpg,"24 Pcs Reusable Water Balloons, Self-Sealing Refillable Water Balls, Pool Toys for Kids Ages 4-14, Pool Beach & Outdoor Water Ballons",https://www.amazon.com/dp/B0GHKL33W8?th=1,1772496000000,600,美国,体育
1776162965881,亚马逊,B0GQB5TZQ5,https://m.media-amazon.com/images/I/613OvqlxlBL._AC_US200_.jpg,"Butter Squishy, 2026 New 5.51x1.57inch Slow Rising Sensory Relaxation Tool, Premium Stress Relief Ball for Anxiety Relief, Party Favors & Office Daily Use (3 Pack)",https://www.amazon.com/dp/B0GQB5TZQ5?th=1,1772496000000,300,美国,Novelty & Gag Toys
1776162965881,亚马逊,B0GLNTDX4P,https://m.media-amazon.com/images/I/81r3jDIRK4L._AC_US200_.jpg,"3D Printed Sensory Fidget Star,Dual Motion Fidget Toy with Reinforced Handle Color-Changing Spiral Finger Toy with Auditory Feedback, ADHD Anxiety Relief Desk Toy for Office Gifts (red-Blue)",https://www.amazon.com/dp/B0GLNTDX4P?th=1,1772496000000,200,美国,Novelty & Gag Toys
1776162965881,亚马逊,B0GGGJ8TP2,https://m.media-amazon.com/images/I/71biwlnzwcL._AC_US200_.jpg,"Montessori Busy Board for 1 Year Old: Modular Sensory Activity Board for Babies, Sorting & Stacking Toys for Toddlers 1-3, Learning Fine Motor Wooden Toys, Toddler Plane Activities Gifts Girls Boys",https://www.amazon.com/dp/B0GGGJ8TP2?th=1,1772496000000,400,美国,Novelty & Gag Toys
1776162965881,亚马逊,B0GF2X867C,https://m.media-amazon.com/images/I/71hekIZZJ5L._AC_US200_.jpg,"Bunny Stuffed Animal Plush, Interactive Electronic Pet Hopping Bunny Toy, Realistic Stuffed Easter Bunny Rabbit with Sounds and Movements Animated Walking Wiggle Ears Twitch Nose (Pink)",https://www.amazon.com/dp/B0GF2X867C?th=1,1772409600000,400,美国,填充的动物
1776162965881,亚马逊,B0GJJJ81VL,https://m.media-amazon.com/images/I/91mj+WFAcsL._AC_US200_.jpg,"42PCS Dragon Ball Birthday Party Supplies: Banner, Cake Topper, Tablecloth, Backdrop, Cupcake Toppers, Balloons, Aluminum Balloons",https://www.amazon.com/dp/B0GJJJ81VL?th=1,1772409600000,500,美国,派对用品
1776162965881,亚马逊,B0GDFZ2HNW,https://m.media-amazon.com/images/I/41EYDUKODBL._AC_US200_.jpg,"Axolotl Squishy Toy, Cute Slow Rising Fidget Toy for Stress Relief, Soft Squeeze Sensory Toy for Kids and Adults, Handheld Stress Ball for Anxiety and Focus Sitting Posture Axolotl(Purple)",https://www.amazon.com/dp/B0GDFZ2HNW?th=1,1772409600000,300,美国,Novelty & Gag Toys
1776162965881,亚马逊,B0GNVR76SN,https://m.media-amazon.com/images/I/613Ut+K929L._AC_US200_.jpg,Tonies Sleepy Friends: Lullabies Sounds Audio Toy Figurine Featuring Sleepy Jaguar,https://www.amazon.com/dp/B0GNVR76SN?th=1,1772409600000,200,美国,儿童电子产品
1776162965881,亚马逊,B0GKNY96NH,https://m.media-amazon.com/images/I/81BoTvVLS6L._AC_US200_.jpg,"12PCS 3D Printed Dragon Eggs, Easter Basket Stuffers for Kids, Prefilled Easter Eggs with Dragon Fidget Toys, 3D Printed Animals Fidget Dinosaur Toys, Classroom Prizes Supplies for Boys Girls",https://www.amazon.com/dp/B0GKNY96NH?th=1,1772409600000,6000,美国,玩具图
1776162965881,亚马逊,B0GDFNWVFM,https://m.media-amazon.com/images/I/41RN1zlkN2L._AC_US200_.jpg,"Axolotl Squishy Toy, Cute Slow Rising Fidget Toy for Stress Relief, Soft Squeeze Sensory Toy for Kids and Adults, Handheld Stress Ball for Anxiety and Focus Sitting Posture Axolotl(Yellow)",https://www.amazon.com/dp/B0GDFNWVFM?th=1,1772409600000,300,美国,Novelty & Gag Toys
1776162965881,亚马逊,B0G4GDL1B5,https://m.media-amazon.com/images/I/81LudzajU5L._AC_US200_.jpg,"24 PCS Prefilled Easter Eggs with Realistic Dinosaurs & Animals Figurines Toys, Easter Basket Stuffers for Kids Hunting Games, Easter Eggs with Toys Inside for Basket Stuffers Fillers",https://www.amazon.com/dp/B0G4GDL1B5?th=1,1772409600000,700,美国,Party Supplies
1776162965881,亚马逊,B0GKG13CFR,https://m.media-amazon.com/images/I/81Rq5pF9LTL._AC_US200_.jpg,"24 Pack Prefilled Easter Eggs with 3D Printed Animal Toys ，Ready to Use Basket Stuffers, Egg Hunt Fillers, Party Favors & Easter Gifts for Kids. Non-Candy Classroom Prizes for Toddlers, Boys & Girls.",https://www.amazon.com/dp/B0GKG13CFR?th=1,1772409600000,1000,美国,Party Supplies
1776162965881,亚马逊,B0GFCYBYCC,https://m.media-amazon.com/images/I/81Lcss09DFL._AC_US200_.jpg,"VOMAOK 24 Pack Prefilled Easter Eggs with Coil Springs,Filled Easter Egg Toys for Kids, Easter Basket Stuffers, Party Favors, Easter Hunt",https://www.amazon.com/dp/B0GFCYBYCC?th=1,1772409600000,1000,美国,Party Supplies
1776162965881,亚马逊,B0FQ6S2GZP,https://m.media-amazon.com/images/I/81OgyTpuaML._AC_US200_.jpg,"Hyojo Breyer’s Ice Cream Cone Series, Blind Box Collectible Plush, Limited Edition, 3 to Collect, Chocolate, Mint Chocolate Chip and Strawberry, Great Gift for All Ages",https://www.amazon.com/dp/B0FQ6S2GZP?th=1,1772409600000,1000,美国,填充的动物
1776162965881,亚马逊,B0GGNBN5XX,https://m.media-amazon.com/images/I/71J4ut6tC+L._AC_US200_.jpg,"Ziogogco 6PCS Silicone Magnetic Slider Toys，for Adults & Teens, Relieves Stress and Anxiety in Children with Autism. A Must-Have Toy for Office Desk Toy, Stocking Stuffers for Women Men Teen Gift",https://www.amazon.com/dp/B0GGNBN5XX?th=1,1772409600000,500,美国,新颖性
1776162965881,亚马逊,B0GQM4Z7Q7,https://m.media-amazon.com/images/I/51sDzNaLtaL._AC_US200_.jpg,"Slow Rebound Cute Butter Squeeze Stress Balls, 2026 New Slow Rising Butter Squishy Toy, Soft Butter Stick Squishy, Stress Relief Fidget Toys for Adults Gifts (1 Pcs)",https://www.amazon.com/dp/B0GQM4Z7Q7?th=1,1772409600000,500,美国,Novelty & Gag Toys
1776162965881,亚马逊,B0FGXX6M24,https://m.media-amazon.com/images/I/71RT8rXdiZL._AC_US200_.jpg,"Armor-Up T-Rex Dinosaur Ajax Toy Figure with 7 Removable Armor Pieces, Tail-Triggered Chomp, Pilot Pod Compatible, 8.7"" Hx17.9 L, Kids, Boys, Girls, Ages 6+",https://www.amazon.com/dp/B0FGXX6M24?th=1,1772409600000,200,美国,玩具图
1776162965881,亚马逊,B0GJCNM85H,https://m.media-amazon.com/images/I/71r0p3GJXqL._AC_US200_.jpg,"12PCS Easter Egg Filled with Animal Pull Back Cars Toys, Easter Basket Stuffers for Toddler Kids Boy Girls, Mini Small Toys for Easter Egg Fillers, Easter Gift for Goodie Bag Party Favors Egg Hunt",https://www.amazon.com/dp/B0GJCNM85H?th=1,1772409600000,1000,美国,Party Supplies
1776162965881,亚马逊,B0GLB36HTT,https://m.media-amazon.com/images/I/811-da7ts7L._AC_US200_.jpg,"Melissa & Doug On The Go Water Wow! Mess Free Coloring Book, Reusable Water-Reveal Activity Pad, Spring, Travel Toys, Party Favors, for Toddlers & Kids Ages 3+",https://www.amazon.com/dp/B0GLB36HTT?th=1,1772409600000,1000,美国,新颖性
1776162965881,亚马逊,B0GGZ9C3B6,https://m.media-amazon.com/images/I/81TO+-nQhaL._AC_US200_.jpg,Easter Bunny Bubble Gun for Toddlers: 2-Pack Bubble Guns for Kids 4-8 | Bubble Machine Gun for Toddlers 1-3 | Bubble Blaster with Refill Solution | Outdoor Toys Gifts for Easter Basket Stuffers,https://www.amazon.com/dp/B0GGZ9C3B6?th=1,1772409600000,900,美国,体育
1776162965881,亚马逊,B0DRZWKJ9J,https://m.media-amazon.com/images/I/71lggE0iBcL._AC_US200_.jpg,"euoloar 12 PCS Prefilled Easter Eggs Filled With Stuffed Plush Animals, Plastic Easter Eggs Fillers,Perfect for Easter Eggs Hunt",https://www.amazon.com/dp/B0DRZWKJ9J?th=1,1772409600000,1000,美国,Party Supplies
1776162965881,亚马逊,B0GGYLCSGK,https://m.media-amazon.com/images/I/81e7GG6dMBL._AC_US200_.jpg,"9 PCS Baby Bath Toys for Kids Ages 1-3, Mold Free Toddler Bath Toys for 2-4 with 3 No Hole Ocean Sea Animals and Storage Bag, Bathtub Beach Sand Water Table Toys for 1 2 3 Years Old Girls Boys Gifts",https://www.amazon.com/dp/B0GGYLCSGK?th=1,1772409600000,500,美国,婴幼儿
1776162965881,亚马逊,B0G348XNYY,https://m.media-amazon.com/images/I/51FIZhhz5aL._AC_US200_.jpg,Easter Eggs 2.4” - Blue Fillable Easter Eggs - 30 Pcs Easter Basket Stuffers - Blue Eggs Bowl and Vase Filler Faux for DIY Spring and Easter Decorations (Blue),https://www.amazon.com/dp/B0G348XNYY?th=1,1772409600000,200,美国,Party Supplies
1776162965881,亚马逊,B0FSF2RRPM,https://m.media-amazon.com/images/I/51iQ5MYN+FL._AC_US200_.jpg,"Outdoor Toys for Kids Ages 4-8, Catch Ball Toss Game, Outside Toys for 3 4 5 6 7 8-12 Year Old Boys Girls, Beach Pool Yard Lawn Outdoor Games, Toddlers Kids Birthday Summer Gifts, 4 Paddles 4 Balls",https://www.amazon.com/dp/B0FSF2RRPM?th=1,1772409600000,200,美国,运动与户外游戏
1776162965881,亚马逊,B0GQB7G97R,https://m.media-amazon.com/images/I/81sPR8xqdBL._AC_US200_.jpg,"in God We Trust | 250 Years of Freedom Commemorative Coin, U.S. Veteran Challenge Coin 1776-2026, Eagle & Battlefield Cross Patriotic Souvenir, Religious Military Gift for Collectors (10PCS)",https://www.amazon.com/dp/B0GQB7G97R?th=1,1772409600000,200,美国,新颖性
1776162965881,亚马逊,B0GGZ419HR,https://m.media-amazon.com/images/I/51RRwwo6WYL._AC_US200_.jpg,"FURWEY 13.3lbs Play Sand, Natural Brown Sensory Sand,Suitable for Children to Shaping, Squeezing and Molding（Without Molds）",https://www.amazon.com/dp/B0GGZ419HR?th=1,1772409600000,400,美国,艺术
1776162965881,亚马逊,B0GGZ472VX,https://m.media-amazon.com/images/I/8168UMO-Y+L._AC_US200_.jpg,"FURWEY 13.3lbs Play Sand, Natural Brown Sensory Sand,Suitable for Children to Shaping, Squeezing and Molding（Without Molds）",https://www.amazon.com/dp/B0GGZ472VX?th=1,1772409600000,400,美国,艺术
1776162965881,亚马逊,B0G2LX7N79,https://m.media-amazon.com/images/I/71qaOxzyegL._AC_US200_.jpg,"VISCOO 4 Pack Octopus Stress Balls for Adults Kids, Taba Squishy, Squishy Fidget Toys for Anxiety Stress Relief, Cute Squeeze Ball Set for Easter Basket Stuffers, Party Favors Classroom Prize Birthday",https://www.amazon.com/dp/B0G2LX7N79?th=1,1772409600000,300,美国,Novelty & Gag Toys
1776162965881,亚马逊,B0G3H4YPDP,https://m.media-amazon.com/images/I/51myuT2DLvL._AC_US200_.jpg,"2PCS Electric Squirt Water Gun for Adult & Kids, Automatic Water Blaster Toy with Battery Powered, Long Range & High Capacity, Water Pistol for Outdoor Pool Beach Backyard Play Water Game",https://www.amazon.com/dp/B0G3H4YPDP?th=1,1772409600000,200,美国,体育
1776162965881,亚马逊,B0G6Y6W2PX,https://m.media-amazon.com/images/I/810DvjkmxHL._AC_US200_.jpg,"2026 Inflatable Pool with Canopy,Upgraded Blow Up Pool for Adults&Kids,Large Inflatable Pool with Seat and Big Backrest,Kiddie Pool with Shade,Kid Swimming Pool for Backyard 110""x63""x20""Blue",https://www.amazon.com/dp/B0G6Y6W2PX?th=1,1772409600000,200,美国,体育
1776162965881,亚马逊,B0GQLYSJ2J,https://m.media-amazon.com/images/I/81iQgrY1MEL._AC_US200_.jpg,"Glitter Dumpling Squishy - Random Glitter Dumpling Box, 10 Colors Dumplings Squishy Toy, More Surprises (Random-4PCS)",https://www.amazon.com/dp/B0GQLYSJ2J?th=1,1772409600000,4000,美国,Novelty & Gag Toys
1776162965881,亚马逊,B0GD7N4BB8,https://m.media-amazon.com/images/I/719-Bo8hOdL._AC_US200_.jpg,"Plastic Easter Eggs Empty Fillable，2.36"" (36-PCS with 3 Golden Eggs) Easter Decoration，12 Colors Bright Pastel Bulk Large Easter Decor，Perfect for Egg Hunt/Surprise Egg/Classroom Prize Supplies",https://www.amazon.com/dp/B0GD7N4BB8?th=1,1772409600000,1000,美国,扮靓
1776162965881,亚马逊,B0GGHX5MZZ,https://m.media-amazon.com/images/I/51LHrNqz8YL._AC_US200_.jpg,"24'' Large 3D Printed Dragon Egg with Chinese Dragon Toy Inside, Reusable Big Dragon Egg for Fidget Play, Desk Decor & Storage, Collectible 2026 Graduation Gifts for Boys Girls Him Her (Bue Green)",https://www.amazon.com/dp/B0GGHX5MZZ?th=1,1772409600000,200,美国,玩具图
1776162965881,亚马逊,B0GF9PSF68,https://m.media-amazon.com/images/I/71BwP-DiC5L._AC_US200_.jpg,"24 Pack Prefilled Easter Eggs with Flying Chicken Slingshot Toys,Easter Eggs Filled with Toys Inside,Easter Egg Hunt Stuffers Kit Class Prizes Gift Easter Egg Filleds for Kids Party Favor",https://www.amazon.com/dp/B0GF9PSF68?th=1,1772409600000,500,美国,Party Supplies
1776162965881,亚马逊,B0GCS7GKKP,https://m.media-amazon.com/images/I/81fEcBHrOeL._AC_US200_.jpg,"12 Pack Prefilled Easter Eggs with Die-Cast Cars for Kids Boys, Easter Basket Stuffers, Easter Eggs Filled with Toys, Easter Party Favor Supplies for Easter Egg Hunt, Easter Toys Gifts for Toddlers",https://www.amazon.com/dp/B0GCS7GKKP?th=1,1772409600000,500,美国,Party Supplies
1776162965881,亚马逊,B0G1LLKR2T,https://m.media-amazon.com/images/I/81M0S3v+JqL._AC_US200_.jpg,"12 Pack Prefilled Easter Eggs with Stuffed Animal Toys for Kids, Filled Easter Eggs with Plush Bunny and Bear for Boys & Girls, Perfect Toys for Easter Party Favor, Basket Stuffers & Egg Hunt Supplies",https://www.amazon.com/dp/B0G1LLKR2T?th=1,1772409600000,1000,美国,Party Supplies
1776162965881,亚马逊,B0GK9G4C3K,https://m.media-amazon.com/images/I/71vyKa1uOlL._AC_US200_.jpg,Prefilled Easter Eggs with Toys for Toddlers Kids - Pre Filled Squishy Easter Eggs Bulk with Animal - 24 Pack Plastic Egg Hunt Prizes,https://www.amazon.com/dp/B0GK9G4C3K?th=1,1772409600000,900,美国,Party Supplies
1776162965881,亚马逊,B0GQH2SK2M,https://m.media-amazon.com/images/I/41RHTh2T70L._AC_US200_.jpg,"Yellow Cheese Squeeze Toy, Soft Cheese Squishy Toy, Rebounding Sensory,Help for Relax,Focus,Soft Flexible Elastic Rubber Sensory Cheese for & Adults, Stress Balls for Adults (4 inches)",https://www.amazon.com/dp/B0GQH2SK2M?th=1,1772409600000,500,美国,Novelty & Gag Toys
1776162965881,亚马逊,B0GQH6BHDG,https://m.media-amazon.com/images/I/51vgIzHFtmL._AC_US200_.jpg,"Yellow Cheese Squeeze Toy, Soft Cheese Squishy Toy, Rebounding Sensory,Help for Relax,Focus,Soft Flexible Elastic Rubber Sensory Cheese for & Adults, Stress Balls for Adults(2 inches)",https://www.amazon.com/dp/B0GQH6BHDG?th=1,1772409600000,2000,美国,Novelty & Gag Toys
1776162965881,亚马逊,B0GCYPRF6S,https://m.media-amazon.com/images/I/511taMQMqLL._AC_US200_.jpg,"LINAYE 600PCS Plastic Easter Eggs Bulk Fillable, 6 Colors 2.3"" Empty Eggs Bulk for Easter Eggs Hunts Party Favors Decorations, Classroom Prizes, Basket Stuffers",https://www.amazon.com/dp/B0GCYPRF6S?th=1,1772409600000,300,美国,Party Supplies
1776162965881,亚马逊,B0GPXHLGPP,https://m.media-amazon.com/images/I/51UCFYZi-EL._AC_US200_.jpg,"Abakuku 1000 Pcs Plastic Easter Eggs,2.35"" Assorted Bright Colors Fillable Easter Eggs or Easter Hunt Party Favor Basket Stuffers Filler Classroom Prize Supplies Decor",https://www.amazon.com/dp/B0GPXHLGPP?th=1,1772409600000,400,美国,Party Supplies
1776162965881,亚马逊,B0GCZTFPYD,https://m.media-amazon.com/images/I/61WPsffUjYL._AC_US200_.jpg,Summer Stickers for Kids - 48 Sheets Summer Beach Pool Party Favors Crafts Activities Games for Kids Toddlers School Classroom Travel Essentials Teachers Childrens Gifts Decor,https://www.amazon.com/dp/B0GCZTFPYD?th=1,1772409600000,200,美国,艺术
1776162965881,亚马逊,B0G6T3B4KW,https://m.media-amazon.com/images/I/91-+tNBXdnL._AC_US200_.jpg,"Seifar 24 Pack Easter Eggs Prefilled Egg Set, Plastic Eggs Filled with Flashing Chick Puffer Balls, Easter Hunt Basket Stuffers with Stress Relief Fidget Toys Squeeze Ball for Egg Hunt Party Favor",https://www.amazon.com/dp/B0G6T3B4KW?th=1,1772409600000,300,美国,Novelty & Gag Toys
1776162965881,亚马逊,B0G6L2SJLY,https://m.media-amazon.com/images/I/51I9X7SzCnL._AC_US200_.jpg,18 Pack Easter Eggs Fillers Light Up Chick Duck Puffer Balls Easter Eggs Filled Toys Easter Basket Stuffers Glow In The Dark Stress Relief LED Fidget Toys for Kids Boys Girls Easter Hunt Party Favors,https://www.amazon.com/dp/B0G6L2SJLY?th=1,1772409600000,600,美国,Party Supplies
1776162965881,亚马逊,B0G6KW271F,https://m.media-amazon.com/images/I/51VrI3HLp3L._AC_US200_.jpg,12 Pack Easter Eggs Fillers Light Up Chick Duck Puffer Balls Easter Eggs Filled Toys Easter Basket Stuffers Glow In The Dark Stress Relief LED Fidget Toys for Kids Boys Girls Easter Hunt Party Favors,https://www.amazon.com/dp/B0G6KW271F?th=1,1772409600000,800,美国,Party Supplies
1776162965881,亚马逊,B0FGXZSRWW,https://m.media-amazon.com/images/I/8177roclzyL._AC_US200_.jpg,"T-Rex Pilot (Liam Roberts) Action Figure Toy, 3.75-Inch Poseable Figure with Interchangeable Armor Pieces and Transforming Weapon, Kids, Boy, Girls, Ages 6+",https://www.amazon.com/dp/B0FGXZSRWW?th=1,1772409600000,200,美国,玩具图
1776162965881,亚马逊,B0G6VCB4G9,https://m.media-amazon.com/images/I/51VKzTNqNmL._AC_US200_.jpg,"24 Pack Easter Egg Fillers with Easter Bunny Plush, Easter Eggs with Toys Inside, Mini Stuffed Animals Filled Easter Eggs Hunts Party Favors, Easter Basket Stuffers for Kids Toddler Teens Boys Girls",https://www.amazon.com/dp/B0G6VCB4G9?th=1,1772409600000,600,美国,Party Supplies
1776162965881,亚马逊,B0G6V4VYXV,https://m.media-amazon.com/images/I/81gysYWgMwL._AC_US200_.jpg,"36 Pack Easter Egg Fillers with Easter Bunny Plush, Easter Eggs with Toys Inside, Mini Stuffed Animals Filled Easter Eggs Hunts Party Favors, Easter Basket Stuffers for Kids Toddler Teens Boys Girls",https://www.amazon.com/dp/B0G6V4VYXV?th=1,1772409600000,500,美国,Party Supplies
1776162965881,亚马逊,B0G8WJJG4H,https://m.media-amazon.com/images/I/81K6mQZJBvL._AC_US200_.jpg,"ChildFun Prefilled Easter Eggs with Light Up 3D Animal Pop Toys, 24 Pack Easter Eggs Filled, Easter Basket Stuffers for Toddler Eggs Hunt, Glow in The Dark Easter Egg, Easter Gifts for Kids",https://www.amazon.com/dp/B0G8WJJG4H?th=1,1772409600000,2000,美国,Party Supplies
1776162965881,亚马逊,B0G6LF5PT5,https://m.media-amazon.com/images/I/51s7fDRKOpL._AC_US200_.jpg,"8 Pack Jumbo Golden Easter Eggs Fillers Eye-pop Fidget Toys, Easter Basket Stuffers Animals Easter Eggs with Toys Inside, Large Surprise Gold Egg for Kids Boys Girls Toddlers Easter Hunts Party Favors",https://www.amazon.com/dp/B0G6LF5PT5?th=1,1772409600000,300,美国,Party Supplies
1776162965881,亚马逊,B0G6L49PN7,https://m.media-amazon.com/images/I/51PyamiQcYL._AC_US200_.jpg,"8 Pieces Jumbo Surprise Golden Easter Eggs Fillers with Eye-pop Fidget Toys, Easter Basket Stuffers Large Easter Eggs with Toys Inside, Easter Egg Hunts Party Favors for Kids Boys Girls Toddler Teens",https://www.amazon.com/dp/B0G6L49PN7?th=1,1772409600000,300,美国,Party Supplies
1776162965881,亚马逊,B0GJDXZPHM,https://m.media-amazon.com/images/I/81veqqnnHUL._AC_US200_.jpg,"9 Inch Playground Ball Dodgeball Balls Kickball, Pack of 6, 4 Square Balls Dodge Balls for Kids, Kickballs Handball for Indoor Outdoor Games, Includes Pump",https://www.amazon.com/dp/B0GJDXZPHM?th=1,1772409600000,400,美国,体育
1776162965881,亚马逊,B0GGHBG7PM,https://m.media-amazon.com/images/I/61LBI8eFECL._AC_US200_.jpg,"SYNARRY Wooden Dinosaur Farm Ocean Animal Puzzles for Kids Ages 4-6, 4 x 60 Piece Match & Find Puzzles for Kids Ages 3-5 Boys Girls, Preschool Educational Puzzle Toddlers Easter Gifts for 4-8 Year Old",https://www.amazon.com/dp/B0GGHBG7PM?th=1,1772409600000,200,美国,拼图
1776162965881,亚马逊,B0GFMHR12Z,https://m.media-amazon.com/images/I/71O5Z1hrSYL._AC_US200_.jpg,"Jar Melo 26 PCS Sidewalk Chalk for Kids- Colored Sidewalk Chalk With Holder,Jumbo Washable & Non-Toxic Chalks-Outdoor Play and Chalkboard Art for Kids and Toddlers Gifts",https://www.amazon.com/dp/B0GFMHR12Z?th=1,1772409600000,300,美国,艺术
1776162965881,亚马逊,B0GQTC4R68,https://m.media-amazon.com/images/I/41ZUA+MEg3L._AC_US200_.jpg,"RAINPOT Panchi-kun Punch Monkey Plush – 26 inch Soft Stuffed Animal Pillow, Emotional Support Monkey, Macaque Monkey Zoo Animal Friend,Comfort Buddy Inspired by Heartwarming Stories",https://www.amazon.com/dp/B0GQTC4R68?th=1,1772409600000,200,美国,填充的动物
1776162965881,亚马逊,B0GH64PQSB,https://m.media-amazon.com/images/I/41Egnz6gF4L._AC_US200_.jpg,"30Pcs Cute 3D Easter Erasers, 24 Styles Including Bunnies, Easter Eggs, Flowers, and More. Perfect as Easter Egg Stuffing, School Gifts, and Party Favors.",https://www.amazon.com/dp/B0GH64PQSB?th=1,1772409600000,700,美国,艺术
1776162965881,亚马逊,B0GJD8MGWV,https://m.media-amazon.com/images/I/71HuychSjHL._AC_US200_.jpg,"Jesus Cross Flower Building Set, Easter Religious Cross Collectibles, Compatible with Lego Jesus Catholic Building Toys, Easter, Christian, Gifts for Mothers, Women or Adults, Easter Basket Stuffers",https://www.amazon.com/dp/B0GJD8MGWV?th=1,1772409600000,400,美国,建筑玩具
1776162965881,亚马逊,B0G55X429M,https://m.media-amazon.com/images/I/61+tI41mx+L._AC_US200_.jpg,"3PCS Suction Cup Spinner for 1 Year Old,Montessori Baby Bath Toys for 0-6-12 Months,Rattle Spinners for Toddlers 1-3,Sentory Toys for 1 Year Old Boys and Girls",https://www.amazon.com/dp/B0G55X429M?th=1,1772409600000,600,美国,婴幼儿
1776162965881,亚马逊,B0GJ2XGR6D,https://m.media-amazon.com/images/I/51--Wn6yYpL._AC_US200_.jpg,"Bubble Lawn Mower for Kids, 3-in-1 Bubble Machine Blower with 10 Bubble Solution, Outdoor Push Toys for Toddlers Ages 3-8, Birthday Easter Summer Gift for Boys Girls 3 4 5 6 7 8 Year Old",https://www.amazon.com/dp/B0GJ2XGR6D?th=1,1772409600000,400,美国,体育
1776162965881,亚马逊,B0GGZHF3CK,https://m.media-amazon.com/images/I/81B2eB4uvzL._AC_US200_.jpg,"Pool Diving Toys for Kids Ages 3-12, DRAMATION 25 Pcs Mermaid Dive Pool Toys with Diving Gems and Treasure Chest, Diving Rings, Storage Bag, Summer Beach Swim Water Sinking Toys for Boys Girls 3-5 4-8",https://www.amazon.com/dp/B0GGZHF3CK?th=1,1772409600000,200,美国,体育
1776162965881,亚马逊,B0GFCY8GM2,https://m.media-amazon.com/images/I/71gGENycHpL._AC_US200_.jpg,"ToddlerCley Musical Penguin Toys for 1 Year Old Girl Gifts, Learning Educational Baby Toys for 1-3 Year with 5 Themes, Sound & Light, First Word Teaching 12-18 Months, 1st Birthday Girl Boy Gifts",https://www.amazon.com/dp/B0GFCY8GM2?th=1,1772409600000,700,美国,婴幼儿
1776162965881,亚马逊,B0GQQ5W1JQ,https://m.media-amazon.com/images/I/41ih6ZuiFtL._AC_US200_.jpg,"Easter Basket Essentials, 2026 New Carrot Rabbit Fidget Toys, Squishes Carrot Bunny Funny Novelty Toy Squeeze Toys, Pop Up Toy for Easter Basket Stuffers (6pcs)",https://www.amazon.com/dp/B0GQQ5W1JQ?th=1,1772409600000,600,美国,Novelty & Gag Toys
1776162965881,亚马逊,B0GQQ6NZDN,https://m.media-amazon.com/images/I/61LfV5ffeFL._AC_US200_.jpg,"Easter Basket Essentials, 2026 New Carrot Rabbit Fidget Toys, Squishes Carrot Bunny Funny Novelty Toy Squeeze Toys, Pop Up Toy for Easter Basket Stuffers (3pcs)",https://www.amazon.com/dp/B0GQQ6NZDN?th=1,1772409600000,1000,美国,Novelty & Gag Toys
1776162965881,亚马逊,B0GL7RTJ6N,https://m.media-amazon.com/images/I/61JU0TW2lSL._AC_US200_.jpg,"2PCS Dumpling Squishy,Giant Dumpling Squishy,Mystery Squishy Dumpling Box,Jumbo Bao Bun Slow Rising Squeeze Decompression Item with Steamer Box for Adults.",https://www.amazon.com/dp/B0GL7RTJ6N?th=1,1772409600000,900,美国,Novelty & Gag Toys
1776162965881,亚马逊,B0GNSF9VQZ,https://m.media-amazon.com/images/I/61uLRRUCDDL._AC_US200_.jpg,Tonies Sleepy Friends: Bedtime Story Audio Toy Figurine Featuring Sleepy Crocodile,https://www.amazon.com/dp/B0GNSF9VQZ?th=1,1772409600000,600,美国,儿童电子产品
1776162965881,亚马逊,B0G63DMSGY,https://m.media-amazon.com/images/I/41ybDN0P3EL._AC_US200_.jpg,"Aori Baby Dolls Realistic, 17-inch Lifelike Baby Doll Set with Feeding Kit Included, Real Life Baby Dolls for Kids 3+, Parents, Elderly and Collectors",https://www.amazon.com/dp/B0G63DMSGY?th=1,1772409600000,200,美国,娃娃
1776162965881,亚马逊,B0G72X6LVW,https://m.media-amazon.com/images/I/61SIXy8VYEL._AC_US200_.jpg,"[ 6 Surprise Gold Eggs ] 100 Pack Prefilled Easter Eggs with Assorted Toys Inside, Truly Pre Filled Plastic Easter Egg Filles Fidget Toys Easter Hunt, Basket Stuffers Party Favors for Kids Boys Girls",https://www.amazon.com/dp/B0G72X6LVW?th=1,1772409600000,600,美国,Party Supplies
1776162965881,亚马逊,B0G733DXHS,https://m.media-amazon.com/images/I/61bGX6VWN9L._AC_US200_.jpg,"[ 6 Surprise Gold Eggs ] 100 Pack Prefilled Easter Eggs with Assorted Toys Inside, Truly Pre Filled Plastic Easter Egg Filles Fidget Toys Easter Hunt, Basket Stuffers Party Favors for Kids Boys Girls",https://www.amazon.com/dp/B0G733DXHS?th=1,1772409600000,400,美国,Party Supplies
1776162965881,亚马逊,B0G72MJFJ4,https://m.media-amazon.com/images/I/91VKQovIAeL._AC_US200_.jpg,"[ 6 Surprise Gold Eggs ] 100 Pack Prefilled Easter Eggs with Assorted Toys Inside, Truly Pre Filled Plastic Easter Egg Filles Fidget Toys Easter Hunt, Basket Stuffers Party Favors for Kids Boys Girls",https://www.amazon.com/dp/B0G72MJFJ4?th=1,1772409600000,700,美国,Party Supplies
1776162965881,亚马逊,B0GPR4N416,https://m.media-amazon.com/images/I/71VL8eHrD6L._AC_US200_.jpg,"Mardel Beginner's Bible David and Goliath Figurines, 2 Pieces",https://www.amazon.com/dp/B0GPR4N416?th=1,1772409600000,200,美国,玩具图
1776162965881,亚马逊,B0GQN9R2RB,https://m.media-amazon.com/images/I/51o+UXs4uKL._AC_US200_.jpg,"Easy Sqweezy Super Cheesy,Giant Squishy Cheese Block, Jumbo Squeeze Cheeses, Yellow Rebounding Squishy Cheesess for Stress Relief - Sensory / Fidget Novelty Toy and Gift for Kids and Adults (2.76in)",https://www.amazon.com/dp/B0GQN9R2RB?th=1,1772409600000,500,美国,Novelty & Gag Toys
1776162965881,亚马逊,B0GDF86CCR,https://m.media-amazon.com/images/I/81tnSBnitLL._AC_US200_.jpg,"128 Pcs Easter Egg Fillers, Easter Egg Stuffers, Easter Party Favors, Easter Basket Stuffers for Kids Boys Girls, Easter Toys Gifts, Treasure Box Toys, Classroom Prizes, Goodie Bags Stuffers for Kids",https://www.amazon.com/dp/B0GDF86CCR?th=1,1772409600000,500,美国,Party Supplies
1776162965881,亚马逊,B0GDW8T2XD,https://m.media-amazon.com/images/I/41hLl8Di9TL._AC_US200_.jpg,"LOKIPA 24PCS Mochi Squishy Toys, Squishy Toys for Kids Easter Basket Stuffers Egg Fillers Gifts Party Favors",https://www.amazon.com/dp/B0GDW8T2XD?th=1,1772409600000,300,美国,Novelty & Gag Toys
1776162965881,亚马逊,B0GJZ8Y7P4,https://m.media-amazon.com/images/I/41337jYrB7L._AC_US200_.jpg,"12Pcs Pre-filled Easter Eggs with Realistic Dog Figures - 2.36"" Colorful Eggs & Solid Resin Puppy Toys - Hand-Painted Eyes & Mouth - Includes Golden Retriever, French Bulldog, Schnauzer & Corgi",https://www.amazon.com/dp/B0GJZ8Y7P4?th=1,1772409600000,400,美国,玩具图
1776162965881,亚马逊,B0GCMSMRDB,https://m.media-amazon.com/images/I/51L1PVOEU4L._AC_US200_.jpg,"6 Pcs 3D Printed Bunny Easter Eggs with 3D Printed Animals, Flexible Articulated Fidget Toys Gifts for Kids Ages 3-12, Easter Basket Stuffers, Easter Spring Party Favors & Holiday Decor",https://www.amazon.com/dp/B0GCMSMRDB?th=1,1772409600000,400,美国,玩具图
1776162965881,亚马逊,B0G4V14YYR,https://m.media-amazon.com/images/I/61I+AovOwUL._AC_US200_.jpg,"100 PCS Prefilled Easter Eggs with Toys Inside, Easter Egg Fillers, Easter Eggs Filled, Easter Basket Stuffers Party Favors Easter Egg Hunt Classroom Prize Supplies Easters Gifts for Kids Boys Girls",https://www.amazon.com/dp/B0G4V14YYR?th=1,1772409600000,1000,美国,Party Supplies
1776162965881,亚马逊,B0GCWG6YXM,https://m.media-amazon.com/images/I/51LtHKQMMML._AC_US200_.jpg,24 Pack Prefilled Easter Eggs with Toys Inside Mini Vintage Lucky Dolls Figurines Fillers Toys for Kids Easter Basket Stuffers for Boy Girl School Classroom Prizes gifts Egg Hunt Supplies Party Favors,https://www.amazon.com/dp/B0GCWG6YXM?th=1,1772409600000,900,美国,Party Supplies
1776162965881,亚马逊,B0GGZD6316,https://m.media-amazon.com/images/I/41U8mwkxDJL._AC_US200_.jpg,"LOAVER Easter Wooden Pegged Puzzles for Kids Toddlers, Montessori Toys Matching Egg Puzzles for Easter Party Favors Basket Stuffers Gifts Prizes",https://www.amazon.com/dp/B0GGZD6316?th=1,1772409600000,200,美国,拼图
1776162965881,亚马逊,B0GDFBZ9JD,https://m.media-amazon.com/images/I/61C5CfOPt2L._AC_US200_.jpg,"123 PCS Easter Egg Fillers, Easter Basket Stuffers, Easter Egg Stuffers, Easter Party Favors for Kids Girls Boys, Bulk Easter Toys, Easter Gifts, Classroom Prizes, Goodie Bags Stuffers for Kids",https://www.amazon.com/dp/B0GDFBZ9JD?th=1,1772409600000,500,美国,Party Supplies
1776162965881,亚马逊,B0DS138S8H,https://m.media-amazon.com/images/I/41kaZHqIXaL._AC_US200_.jpg,"18 Pieces White Wooden Eggs Fake Easter Eggs for Painting Decorating, Crafting, Pretend Play Simulation Toys, Fake Food, and Nest Box Training",https://www.amazon.com/dp/B0DS138S8H?th=1,1772409600000,300,美国,扮靓
1776162965881,亚马逊,B0GQN9Q5CG,https://m.media-amazon.com/images/I/41c2JexVPnL._AC_US200_.jpg,"Personalized Bunny Floral Wooden Easter Egg with Name and Initial, Reusable Large Hollow Speckled Easter Keepsake, Basket Filler, Easter Gift for Kids",https://www.amazon.com/dp/B0GQN9Q5CG?th=1,1772409600000,500,美国,扮靓
1776162965881,亚马逊,B0GQLSBZ2D,https://m.media-amazon.com/images/I/71D6Gf+c-LL._AC_US200_.jpg,"Cheese Squishy Large, 2026 New 4.73 Inch Ultra-Soft Slow Rising Jumbo Squishy Cheese, Stress Relief Toy for Adults, Focus & Relaxation Aid (2.36 * 2.36 in)",https://www.amazon.com/dp/B0GQLSBZ2D?th=1,1772409600000,600,美国,Novelty & Gag Toys
1776162965881,亚马逊,B0GDFJ1RBG,https://m.media-amazon.com/images/I/61T3nWYtIfL._AC_US200_.jpg,"127Pcs Easter Egg Fillers, Easter Party Favors, Easter Egg Stuffers, Easter Basket Stuffers for Kids Girls Boys, Easter Toys Gifts, Treasure Box Toys, Classroom Prizes, Goodie Bags Stuffers for Kids",https://www.amazon.com/dp/B0GDFJ1RBG?th=1,1772409600000,500,美国,Party Supplies
1776162965881,亚马逊,B0GQF8DL5H,https://m.media-amazon.com/images/I/21S8JnBUgXL._AC_US200_.jpg,"Squeeze Cheese Toy , Cheese Stress Ball , Gaint Cheese Block Squishy, Jumbo Squishy Cheese , Soft TPR Hand Therapy Sensory Squeeze Toy for Adults Kids Office Travel Relaxation Gift",https://www.amazon.com/dp/B0GQF8DL5H?th=1,1772409600000,300,美国,Novelty & Gag Toys
1776162965881,亚马逊,B0G3DWQ63R,https://m.media-amazon.com/images/I/51lvPaK8n5L._AC_US200_.jpg,WorldBazaar Easter Bunny Mask Crafts 24 Packs DIY Paper Spring Bunny Mask with Stickers Classroom Family Activities Spring Crafts Easter Party Supplies,https://www.amazon.com/dp/B0G3DWQ63R?th=1,1772409600000,200,美国,艺术
1776162965881,亚马逊,B0GQHP937X,https://m.media-amazon.com/images/I/71EfDvaQlZL._AC_US200_.jpg,"Putty Std. 1000 ed. Quiet-Balls for Adult, Magnetic-Slime Toys Suitable for Relaxation at Home, Traveling, Office",https://www.amazon.com/dp/B0GQHP937X?th=1,1772409600000,200,美国,新颖性
1776162965881,亚马逊,B0GD78C7YS,https://m.media-amazon.com/images/I/81kUEWG259L._AC_US200_.jpg,"4-in-1 Water Sprinkler Baseball Toy, Water-Spraying Rocket, Water Baseball, Rocket Launch Game, Spinning Water Sprayer Outdoor Summer Toys for Boys Girls Outside Water Game Toys for Kids 3-12",https://www.amazon.com/dp/B0GD78C7YS?th=1,1772409600000,700,美国,体育
1776162965881,亚马逊,B0G4CQY9B6,https://m.media-amazon.com/images/I/71zb8aHIBLL._AC_US200_.jpg,"VROGTIK Turtle Sandbox with Lid & Beach Toys Set, 38"" Kids Sandbox for Toddlers 3-8, Indoor Outdoor Sensory Play Sand Box with Cover, Summer Gift for Ages 3-8",https://www.amazon.com/dp/B0G4CQY9B6?th=1,1772409600000,700,美国,运动与户外游戏
1776162965881,亚马逊,B0GD11KHJB,https://m.media-amazon.com/images/I/81Fhv9FYt+L._AC_US200_.jpg,"133 PCS Granny Pants Outdoor Game 2 Pack with 16 Balls, Granny Pants Yard Game Easter Games Set, Giant Pants Ball Catch Game for Kids Adults Backyard Field Day Carnival Birthday Party Family Reunion",https://www.amazon.com/dp/B0GD11KHJB?th=1,1772409600000,200,美国,体育
1776162965881,亚马逊,B0GGZWY19V,https://m.media-amazon.com/images/I/51WQxphP4PL._AC_US200_.jpg,"7 Inch Desk Goose Outfits,Hawaiian,4th of July and Summer Desk Goose Costumes Accessories, Summer Holiday Decor for Desktop Goose Statues Office and Home Table",https://www.amazon.com/dp/B0GGZWY19V?th=1,1772409600000,600,美国,娃娃
1776162965881,亚马逊,B0FLFH5L1L,https://m.media-amazon.com/images/I/41IosArUCWL._AC_US200_.jpg,"Bluey Fuzzies Episode Pack: Baby Race. with 3 Specially Flocked Collectible Mini-Figures (Incl. 1 Exclusive), Display Case, Foil Trading Card, and Collector's Guide. 50 Mini-Figures to Collect!",https://www.amazon.com/dp/B0FLFH5L1L?th=1,1772409600000,400,美国,婴幼儿
1776162965881,亚马逊,B0FLG2BDFV,https://m.media-amazon.com/images/I/41VcuY4xjDL._AC_US200_.jpg,"Bluey Fuzzies Episode Pack: Camping. with 3 Specially Flocked Collectible Mini-Figures (Incl. 1 Exclusive), Display Case, Foil Trading Card, and Collector's Guide. 50 Mini-Figures to Collect!",https://www.amazon.com/dp/B0FLG2BDFV?th=1,1772409600000,300,美国,婴幼儿
1776162965881,亚马逊,B0GJ418BBD,https://m.media-amazon.com/images/I/81lh+Nyjm9L._AC_US200_.jpg,"10 Inch Kickball Playground Ball Dodgeball Balls 4 Square Balls, Pack of 3, Dodge Balls for Kids, Kickballs Handball for Indoor Outdoor Games, Includes Pump",https://www.amazon.com/dp/B0GJ418BBD?th=1,1772409600000,700,美国,体育
1776162965881,亚马逊,B0GHVFQNLS,https://m.media-amazon.com/images/I/71lVVcVXdjL._AC_US200_.jpg,"for Go Fish Yourself Card Game - 2026 Hilarious Fish-Themed Party Game for Adults, Interactive Fun for 2+ Players, Perfect Gag Gift for Friends & Family Game Night-B",https://www.amazon.com/dp/B0GHVFQNLS?th=1,1772323200000,300,美国,游戏
1776162965881,亚马逊,B0FLR4GDNB,https://m.media-amazon.com/images/I/81N-dQf77YL._AC_US200_.jpg,"MGA's Miniverse Make It Mini Taco Bell Series 1 (2 Pack), Mini Collectibles - Blind Pack, DIY, Resin, Replica Food, Not Edible, Collectors, 8+",https://www.amazon.com/dp/B0FLR4GDNB?th=1,1772323200000,2000,美国,新颖性
1776162965881,亚马逊,B0GQ9WNY2B,https://m.media-amazon.com/images/I/51vgIzHFtmL._AC_US200_.jpg,"Yellow Cheese Squishy, Soft Slow Rebounding Squeeze Toy, Cute Novelty Stress Relief Toy, 1.97 Inch, for Adults Party Favors & Daily Relaxation",https://www.amazon.com/dp/B0GQ9WNY2B?th=1,1772323200000,1000,美国,Novelty & Gag Toys
1776162965881,亚马逊,B0FLQR8NND,https://m.media-amazon.com/images/I/719y7YNuhnL._AC_US200_.jpg,"MGA's Miniverse Make It Mini Animals Series 2 (3 Pack) Mini Collectibles, Blind Pack, DIY, Crafts, Resin, Replica Animals, Collectors, Gifts, 8+",https://www.amazon.com/dp/B0FLQR8NND?th=1,1772323200000,3000,美国,新颖性
1776162965881,亚马逊,B0GQ4K8RCC,https://m.media-amazon.com/images/I/51BI-NUMrlL._AC_US200_.jpg,"Helium Tank for Balloons at Home, Fills Up to 50 × 9’’ Balloons, Compact Disposable Helium Cylinder 100 gal (380 L) Capacity, High Pressure Portable Party Balloon Pump",https://www.amazon.com/dp/B0GQ4K8RCC?th=1,1772323200000,800,美国,派对用品
1776162965881,亚马逊,B0GQH39VVV,https://m.media-amazon.com/images/I/71Gm3dvpsmL._AC_US200_.jpg,"Dumpling Squishy, Squishy Dumpling Toy, Glitter Dumplings Squishiest Toy with Steamer Box, Stress & Anxiety Relief Toys for Kids & Adults Non-Edible (White)",https://www.amazon.com/dp/B0GQH39VVV?th=1,1772323200000,300,美国,Novelty & Gag Toys
1776162967922,亚马逊,B0GFM3JWLY,https://m.media-amazon.com/images/I/61lOEwTo6AL._AC_US200_.jpg,"32 Sheet Demon Stickers for Kids Teens, Mixed & Matched with 8 Designed Characters Stickers for Party Decoration, Reward, Decor, Gift Idea",https://www.amazon.com/dp/B0GFM3JWLY?th=1,1772323200000,200,美国,艺术
1776162967922,亚马逊,B0GQFQ6DWH,https://m.media-amazon.com/images/I/41FQaBe1KUL._AC_US200_.jpg,"Glitter Dumpling, Glitter Dumpling Squishy with Box, Dumplings Sensory Squeeze Toy for Stress Relief (Solid Blue)",https://www.amazon.com/dp/B0GQFQ6DWH?th=1,1772323200000,200,美国,Novelty & Gag Toys
1776162967922,亚马逊,B0GK72M89C,https://m.media-amazon.com/images/I/41Gz-G6UtSL._AC_US200_.jpg,"Sprstar Easter Bunny Toy,Bunny My Realistic Bunny Toy,Hopping Rabbit Plush Bunny Toy,with Sounds and Movements Animated Walking Wiggle Ears Twitch Nose Gift for Toddlers Birthday(Pink Rabbit + Leash)",https://www.amazon.com/dp/B0GK72M89C?th=1,1772323200000,600,美国,填充的动物
1776162967922,亚马逊,B0GHHM3T31,https://m.media-amazon.com/images/I/81hmi+6mBdL._AC_US200_.jpg,"100pcs Holographic Dinosaur Waterproof Vinyl Stickers - Cool Dino Decor & Party Favors for Laptop, Water Bottle, Classroom",https://www.amazon.com/dp/B0GHHM3T31?th=1,1772323200000,200,美国,艺术
1776162967922,亚马逊,B0GGY2LN3Y,https://m.media-amazon.com/images/I/81a+al-9JrL._AC_US200_.jpg,"2 Pack Bunny Bubble Machine Gun for Toddlers,Fast Bubble Blast 10,000+ BPM, Leak-Proof Bubble Blower with LED Lights, Easter Basket Stuffers, Outdoor Spring Easter Toy Gift for Boys Girls Ages 3-6",https://www.amazon.com/dp/B0GGY2LN3Y?th=1,1772323200000,600,美国,体育
1776162967922,亚马逊,B0GCMLW3SL,https://m.media-amazon.com/images/I/81xhz+A9Z6L._AC_US200_.jpg,"4-Tier Water Table for Kids 3-5, Summer Outdoor Beach Sensory Activity Playset Kids Sand and Water Table Toys, Birthday Gifts for Boys and Girls 3 4 5 6 7 8",https://www.amazon.com/dp/B0GCMLW3SL?th=1,1772323200000,500,美国,运动与户外游戏
1776162967922,亚马逊,B0GQFFSQ5Q,https://m.media-amazon.com/images/I/71sd5AoxRML._AC_US200_.jpg,"Stranger Things Party Supplies, 20 Plates, 20 Napkins and 1 Tablecover for Stranger Things Birthday Party Decorations",https://www.amazon.com/dp/B0GQFFSQ5Q?th=1,1772323200000,300,美国,派对用品
1776162967922,亚马逊,B0G648S358,https://m.media-amazon.com/images/I/51EsRneFrYL._AC_US200_.jpg,"Adisher 100Pcs Easter Eggs, Plastic 3.0"" Colorful Easet Eggs with 6Pcs Golden Eggs Bulk Empty Fillable for Easter Hunt Party Favor Basket Stuffers, Filling Treats, Classroom Prize Supplies for Kids",https://www.amazon.com/dp/B0G648S358?th=1,1772323200000,200,美国,Party Supplies
1776162967922,亚马逊,B0GJB1SL7K,https://m.media-amazon.com/images/I/81xRAtHuxyL._AC_US200_.jpg,"BUUFAN 12PCS 3D Printed Animals with Eggs Set, Easter Basket Stuffers for Kids, Colorful 3D Print Animal Toy Pack, Easter Gifts Party Favors for Boys and Girls",https://www.amazon.com/dp/B0GJB1SL7K?th=1,1772323200000,500,美国,玩具图
1776162967922,亚马逊,B0G4VRPNY8,https://m.media-amazon.com/images/I/51ZqLJrE0uL._AC_US200_.jpg,"50 Pcs Golden Easter Eggs, 2.3"" Fillable Shiny Gold Metallic Plastic Empty Easter Eggs for Easter Hunt, Classroom Prize, Basket Stuffers Fillers",https://www.amazon.com/dp/B0G4VRPNY8?th=1,1772323200000,200,美国,Party Supplies
1776162967922,亚马逊,B0GJTK72SK,https://m.media-amazon.com/images/I/51B2M6OhvqL._AC_US200_.jpg,"Dreamplay Fidget Gravity Karambit Knife, 2 Pcs 3D Printed Gravity Toys Fake Knife Perfect for Anxiety Stress Relief Autism and ADD (Knifes-Black)",https://www.amazon.com/dp/B0GJTK72SK?th=1,1772323200000,200,美国,Novelty & Gag Toys
1776162967922,亚马逊,B0GKPHFFM8,https://m.media-amazon.com/images/I/81olP4R31qL._AC_US200_.jpg,"10 Pack 3D Printed Dragon with Eggs - 3D Printed Animals fidget Toys for Kids, Easter Basket Stuffers Gifts for Boys & Girls",https://www.amazon.com/dp/B0GKPHFFM8?th=1,1772323200000,500,美国,玩具图
1776162967922,亚马逊,B0G7XBNQKB,https://m.media-amazon.com/images/I/61gKnyJzxRL._AC_US200_.jpg,"24 Sheets Make Your Own Monster Truck Stickers, Monster Truck Stickers for Kids Toddlers, Cartoon Car Classroom Teacher Reward, Birthday Party Favor",https://www.amazon.com/dp/B0G7XBNQKB?th=1,1772323200000,200,美国,艺术
1776162967922,亚马逊,B0G6L4ZJDN,https://m.media-amazon.com/images/I/813UErUKb4L._AC_US200_.jpg,"24 Pack Easter Eggs Fillers with Bunny Plush, Easter Basket Stuffers with Toys Inside Filled Mini Stuffed Animals Easter Eggs Hunts Party Favors Surprise Toys for Kids Toddlers Boys Girls",https://www.amazon.com/dp/B0G6L4ZJDN?th=1,1772323200000,700,美国,Party Supplies
1776162967922,亚马逊,B0GQFDFKFD,https://m.media-amazon.com/images/I/41+yj286XiL._AC_US200_.jpg,"Glitter Dumpling, Glitter Dumpling Squishy with Box, Dumplings Sensory Squeeze Toy for Stress Relief (Purple)",https://www.amazon.com/dp/B0GQFDFKFD?th=1,1772323200000,300,美国,Novelty & Gag Toys
1776162967922,亚马逊,B0GQDZY3NR,https://m.media-amazon.com/images/I/511ayXolLVL._AC_US200_.jpg,"Glitter Dumpling, Glitter Dumpling Squishy with Box, Dumplings Sensory Squeeze Toy for Stress Relief (White+Gold)",https://www.amazon.com/dp/B0GQDZY3NR?th=1,1772323200000,1000,美国,Novelty & Gag Toys
1776162967922,亚马逊,B0GQDV6GQG,https://m.media-amazon.com/images/I/41y3Un76BOL._AC_US200_.jpg,"Glitter Dumpling, Glitter Dumpling Squishy with Box, Dumplings Sensory Squeeze Toy for Stress Relief (Blue)",https://www.amazon.com/dp/B0GQDV6GQG?th=1,1772323200000,400,美国,Novelty & Gag Toys
1776162967922,亚马逊,B0GQFBKK6F,https://m.media-amazon.com/images/I/41biBOCuFbL._AC_US200_.jpg,"Glitter Dumpling, Glitter Dumpling Squishy with Box, Dumplings Sensory Squeeze Toy for Stress Relief (Pink)",https://www.amazon.com/dp/B0GQFBKK6F?th=1,1772323200000,300,美国,Novelty & Gag Toys
1776162967922,亚马逊,B0GQ4TMH7S,https://m.media-amazon.com/images/I/41o6wOsvOTL._AC_US200_.jpg,"Easter Bunny Toy, Rabbit Interactive Hopping Electronic Pet Plush Bunny Toy with Sounds and Movements Animated Walking Wiggle Ears Twitch Nose (Brown)",https://www.amazon.com/dp/B0GQ4TMH7S?th=1,1772323200000,200,美国,填充的动物
1776162967922,亚马逊,B0B659YLSJ,https://m.media-amazon.com/images/I/71D9AOUnMaL._AC_US200_.jpg,"TZMAPU Fazbear Plush Foxy, Withered Purple Bunny, Stuffed Animal Figure Toys Gift for Kids, Security Breach Plush for Lovers (3PCS)",https://www.amazon.com/dp/B0B659YLSJ?th=1,1772323200000,400,美国,填充的动物
1776162967922,亚马逊,B0GHQ31LHD,https://m.media-amazon.com/images/I/51iGHiGzcUL._AC_US200_.jpg,"3D Printed Animals Fidget Toys for Kids, Mini Easter Eggs Basket Stuffers Bulk, 4 Pack 3D Printed Toys for Boys Girls, Easter Party Favors Classroom Exchange Prizes",https://www.amazon.com/dp/B0GHQ31LHD?th=1,1772323200000,400,美国,玩具图
1776162967922,亚马逊,B0GQ53G9LG,https://m.media-amazon.com/images/I/41BB63dITuL._AC_US200_.jpg,"Easter Bunny Toy, Rabbit Interactive Hopping Electronic Pet Plush Bunny Toy with Sounds and Movements Animated Walking Wiggle Ears Twitch Nose (Pink)",https://www.amazon.com/dp/B0GQ53G9LG?th=1,1772323200000,300,美国,填充的动物
1776162967922,亚马逊,B0GD1GZJ7D,https://m.media-amazon.com/images/I/71WtI7t7v-L._AC_US200_.jpg,"Electric Water Guns for Kids, Water Blaster Squirt Guns with Flashing Muzzle,Range up to 32ft, Summer Outdoor Beach Swimming Pool Party Toys, Gift for Kids Age 8 9 10 11 12 Years Old Boys",https://www.amazon.com/dp/B0GD1GZJ7D?th=1,1772323200000,200,美国,体育
1776162967922,亚马逊,B0GFM9Q2HX,https://m.media-amazon.com/images/I/61u8DumCPXL._AC_US200_.jpg,500Pcs St. Patrick's Day Stickers Roll 1in Laser Glitter Shamrock Stickers 3 Colors Self-Adhesive Waterproof Clover Sticker Decor for Irish Holiday Party Scrapbook Envelopes Decals Decorations,https://www.amazon.com/dp/B0GFM9Q2HX?th=1,1772323200000,200,美国,艺术
1776162967922,亚马逊,B0FLL2NPVQ,https://m.media-amazon.com/images/I/71TLyJnXBhL._AC_US200_.jpg,Jazwares Hello Kitty® and Friends - 8-Inch Hello Kitty Pastel Florals Plush - Officially Licensed Sanrio® Product from Ages 6+,https://www.amazon.com/dp/B0FLL2NPVQ?th=1,1772323200000,1000,美国,填充的动物
1776162967922,亚马逊,B0FLRMCMLY,https://m.media-amazon.com/images/I/41gb1yc93HL._AC_US200_.jpg,"Teeturtle Reversible Sanrio My Melody Plushie 4-Inch Easter Egg Two-Sided Flip Plush Toy with Embroidered Details - Cute Mini Collectible Plush for Kids, Teens, and Adults",https://www.amazon.com/dp/B0FLRMCMLY?th=1,1772323200000,200,美国,填充的动物
1776162967922,亚马逊,B0GJ5QZ4BW,https://m.media-amazon.com/images/I/61rqkm9M2VL._AC_US200_.jpg,"12 Prefilled Easter Eggs with 22 Resin Bunny Figurines (31Pcs Set) - Easter Basket Stuffers for Kids, Easter Egg Hunt Party Favors, Mini Rabbit Toys Playset, Cake Toppers - Non-Candy Easter Gifts",https://www.amazon.com/dp/B0GJ5QZ4BW?th=1,1772323200000,200,美国,Toy Figures & Playsets
1776162967922,亚马逊,B0GF1Y2KLD,https://m.media-amazon.com/images/I/41dsNHuSJqL._AC_US200_.jpg,"eaacaa Water Table with Chair – 3-Tier Sand Water Sensory Table Toys for Toddlers & Kids Ages 3-8, Outdoor Backyard & Beach Play, Ideal Gift for Boys & Girls",https://www.amazon.com/dp/B0GF1Y2KLD?th=1,1772323200000,200,美国,运动与户外游戏
1776162967922,亚马逊,B0GK5SH9ZR,https://m.media-amazon.com/images/I/51QLRmD+gnL._AC_US200_.jpg,Easter Egg Fillers for Kids Boys Girls Toddlers - 24 Pack Prefilled Easter Eggs with Toys - Pre Filled Bunny Plush Animal Bulk Stuffers Stuffed Egg Classroom Prizes Egg Hunt Party Favors,https://www.amazon.com/dp/B0GK5SH9ZR?th=1,1772323200000,800,美国,Party Supplies
1776162967922,亚马逊,B0GPX7M3W1,"https://m.media-amazon.com/images/I/215Aw13833L._AC_SR200,200_.jpg","Handmade Stress Ball Maker Squeeze Toys - Stress Balls,Portable Desktop Stress Relief Toys for Anxiety Stress Relief Focus Relaxing",https://www.amazon.com/dp/B0GPX7M3W1?th=1,1772323200000,200,美国,Novelty & Gag Toys
1776162967922,亚马逊,B0GQLB2V6N,https://m.media-amazon.com/images/I/51L2DslhVJL._AC_US200_.jpg,"2026 New Glitter Dumpling Squishy - Squishy Dumpling Toy Glitter for Stress Relief, Dumplings Toy for Everyone (White+Red+Blue+Yellow)",https://www.amazon.com/dp/B0GQLB2V6N?th=1,1772323200000,300,美国,Novelty & Gag Toys
1776162967922,亚马逊,B0GQL951W7,https://m.media-amazon.com/images/I/41aDmyf-NpL._AC_US200_.jpg,"2026 New Glitter Dumpling Squishy - Squishy Dumpling Toy Glitter for Stress Relief, Dumplings Toy for Everyone (White+Pink)",https://www.amazon.com/dp/B0GQL951W7?th=1,1772323200000,200,美国,Novelty & Gag Toys
1776162967922,亚马逊,B0GQLK2QQD,https://m.media-amazon.com/images/I/81UIZnySlIL._AC_US200_.jpg,"2026 New Glitter Dumpling Squishy - Squishy Dumpling Toy Glitter for Stress Relief, Dumplings Toy for Everyone (White)",https://www.amazon.com/dp/B0GQLK2QQD?th=1,1772323200000,400,美国,Novelty & Gag Toys
1776162967922,亚马逊,B0GLPGNX22,https://m.media-amazon.com/images/I/41x4eL1xoCL._AC_US200_.jpg,"Dumpling Squishies, Mystery Dumpling Box, Colorful Dumplings Stress Balls Fidget Sensory Toy, Soft Squeeze Decompression Dough for Anxiety Relief Fidget, Kids Easter Basket Stuffers Toy",https://www.amazon.com/dp/B0GLPGNX22?th=1,1772323200000,200,美国,Novelty & Gag Toys
1776162967922,亚马逊,B0GLPJKRQF,https://m.media-amazon.com/images/I/41QwQFuJ32L._AC_US200_.jpg,"Dumpling Squishies, Mystery Dumpling Box, Colorful Dumplings Stress Balls Fidget Sensory Toy, Soft Squeeze Decompression Dough for Anxiety Relief Fidget, Kids Easter Basket Stuffers Toy",https://www.amazon.com/dp/B0GLPJKRQF?th=1,1772323200000,300,美国,Novelty & Gag Toys
1776162967922,亚马逊,B0GLPSN9NL,https://m.media-amazon.com/images/I/41s1jZuVTiL._AC_US200_.jpg,"Dumpling Squishies, Mystery Dumpling Box, Colorful Dumplings Stress Balls Fidget Sensory Toy, Soft Squeeze Decompression Dough for Anxiety Relief Fidget, Kids Easter Basket Stuffers Toy",https://www.amazon.com/dp/B0GLPSN9NL?th=1,1772323200000,400,美国,Novelty & Gag Toys
1776162967922,亚马逊,B0GLPM92QX,https://m.media-amazon.com/images/I/41B2g9ildsL._AC_US200_.jpg,"Dumpling Squishies, Mystery Dumpling Box, Colorful Dumplings Stress Balls Fidget Sensory Toy, Soft Squeeze Decompression Dough for Anxiety Relief Fidget, Kids Easter Basket Stuffers Toy",https://www.amazon.com/dp/B0GLPM92QX?th=1,1772323200000,700,美国,Novelty & Gag Toys
1776162967922,亚马逊,B0GQGVXBZ1,https://m.media-amazon.com/images/I/61cW+WuN+wL._AC_US200_.jpg,"Dumpling Squishies, Glitter Dumpling Mystery Box, Colorful Dumplings Stress Balls Fidget Sensory Toy, Stocking Stuffers with Food Steamer Stretchy Desk Toys",https://www.amazon.com/dp/B0GQGVXBZ1?th=1,1772323200000,1000,美国,Novelty & Gag Toys
1776162967922,亚马逊,B0GM9FVQPZ,https://m.media-amazon.com/images/I/81FNczrYW5L._AC_US200_.jpg,Unique Paw Patrol Tablecloth and Paw Patrol Birthday Banner | Birthday Decorations and Party Supplies | Officially Licensed,https://www.amazon.com/dp/B0GM9FVQPZ?th=1,1772323200000,900,美国,Party Supplies
1776162967922,亚马逊,B0GKDVXBGZ,https://m.media-amazon.com/images/I/51MoFSmqnML._AC_US200_.jpg,"Rechargeable Water Table Pump(Huge Water Output,Long battery life),Kids Sand Water Play Pump,Whale-Shaped Design, 3 Spray Modes, IPX7 Waterproof,Outdoor Toddler Activity Table Accessory",https://www.amazon.com/dp/B0GKDVXBGZ?th=1,1772323200000,200,美国,运动与户外游戏
1776162967922,亚马逊,B0G6D6KL2H,https://m.media-amazon.com/images/I/51GPAxEqlZL._AC_US200_.jpg,Who What Why Mega Pack Conversation Cards for Kids – Counseling & Speech Therapy Materials with 120 Picture Cards & Wh Questions – Speech Delay Learning Game – Therapeutic Counselors Play Tool Ages 4+,https://www.amazon.com/dp/B0G6D6KL2H?th=1,1772323200000,700,美国,学习
1776162967922,亚马逊,B0G5N3R24S,https://m.media-amazon.com/images/I/71WhY2LbrdL._AC_US200_.jpg,"36 Pcs Mini Plush Bunny, Easter Stuffed Rabbit Animals 9 Colors, Soft Tiny Stuffed Bunny Doll Plush Rabbit for Easter Basket Stuffers Party Decoration Gift Exchange",https://www.amazon.com/dp/B0G5N3R24S?th=1,1772236800000,200,美国,填充的动物
1776162967922,亚马逊,B0GKXJYF8Q,https://m.media-amazon.com/images/I/411ah+aTxOL._AC_US200_.jpg,"Wind-Up Surprise Eggs, Boom Eggs, Rotate The Egg to Hatch a Walking Animal, Animal Hatching Surprise Egg Toy, Easter’s Latest Gift, Fun Easter Party Favors (Duck)",https://www.amazon.com/dp/B0GKXJYF8Q?th=1,1772236800000,300,美国,新颖性
1776162967922,亚马逊,B0GQH3QBVM,https://m.media-amazon.com/images/I/61WbFj6gpvL._AC_US200_.jpg,"Stress Relief Ball, Slow Rebound Cute Butter Squeeze Stress Balls, Soft Fidget Ball for Stress Relief Anxiety Sensory Gifts for Adults (1)",https://www.amazon.com/dp/B0GQH3QBVM?th=1,1772236800000,200,美国,Novelty & Gag Toys
1776162967922,亚马逊,B0GCJ3LZD1,https://m.media-amazon.com/images/I/412gYR36wpL._AC_US200_.jpg,"Temodu Kids Microscope 2.0"" Screen 1000X Digital Microscope for Kids, Mini Pocket Handheld Microscopes for Children Birthday Festival Gift, Science Education Fun Toys for Boys Girls Ages 4-12 (Purple)",https://www.amazon.com/dp/B0GCJ3LZD1?th=1,1772236800000,200,美国,学习
1776162967922,亚马逊,B0GPDWDN8J,https://m.media-amazon.com/images/I/91u-Bo-VEaL._AC_US200_.jpg,"Demon Hunters Birthday Decorations Stickers Toys - Girl Group Decal Pack for Laptop, Phone, Water Bottle - Aesthetic Stickers for Journal, Tablet, Skateboard (308Pack)",https://www.amazon.com/dp/B0GPDWDN8J?th=1,1772236800000,600,美国,艺术
1776162967922,亚马逊,B0GGQ3Q4BQ,https://m.media-amazon.com/images/I/71RMZKFDbLL._AC_US200_.jpg,"QPAU Inflatable Swimming Pool with 2 Seats and Backrests, 80"" L x 80"" W x 27"" D Large Full-Sized Family Pools for Kids and Adults for Backyard, Garden, Outdoors, Clear Blue",https://www.amazon.com/dp/B0GGQ3Q4BQ?th=1,1772236800000,200,美国,体育
1776162967922,亚马逊,B0GGGPTZDL,https://m.media-amazon.com/images/I/71Kki58j4WL._AC_US200_.jpg,"24 Pack Prefilled Easter Eggs With Toys Slow Rising Squishy Axolotl, Kids Easter Basket Stuffers for Boys Girls, Non Candy Easter Gifts for Kids Egg Hunt Supplies Party Favors",https://www.amazon.com/dp/B0GGGPTZDL?th=1,1772236800000,300,美国,Party Supplies
1776162967922,亚马逊,B0GG453ZJW,https://m.media-amazon.com/images/I/71AS8tZyf0L._AC_US200_.jpg,"24Pack Prefilled Easter Eggs for Basket Stuffers, Plastic Easter Eggs with Metal Brain Teaser Puzzle Toys for Kids, Gifts for Egg Hunt Game Party Favors",https://www.amazon.com/dp/B0GG453ZJW?th=1,1772236800000,200,美国,Party Supplies
1776162967922,亚马逊,B0GQBM3HG6,https://m.media-amazon.com/images/I/61ycwATvc9L._AC_US200_.jpg,"Squishy Stress Cube for Adults,Squishy Slow Rising Fidget Cube Sensory for Anxiety Stress Relief High Density Ice Squeeze Ball Cubes Purple",https://www.amazon.com/dp/B0GQBM3HG6?th=1,1772236800000,2000,美国,Novelty & Gag Toys
1776162967922,亚马逊,B0G6KH178C,https://m.media-amazon.com/images/I/81PSITIV5tL._AC_US200_.jpg,"hahaland Dress Up Doll Playsets - Princess Mermaid Unicorns Toys for Girls Age 4-6, Plush Doll with 3 Outfits and Carry Bag, Fairy Ballerina Toys 4 Year Old Girl Birthday Gifts 5th Dance Recital Gifts",https://www.amazon.com/dp/B0G6KH178C?th=1,1772236800000,200,美国,填充的动物
1776162967922,亚马逊,B0G5PTPV3G,https://m.media-amazon.com/images/I/61EFDQgbORL._AC_US200_.jpg,"BicMan 500pcs Easter Basket Stuffers Bulk, Easter Egg Fillers for Kids, Fidget Toys Pack, Easter Party Favors, Goodie Bag Stuffers, Classroom Prize, Treasure Box",https://www.amazon.com/dp/B0G5PTPV3G?th=1,1772236800000,1000,美国,Party Supplies
1776162967922,亚马逊,B0GNS3NDTV,https://m.media-amazon.com/images/I/71GwWbM0KhL._AC_US200_.jpg,Tonies Easter and Spring Stories (Limited Edition) Audio Toy Figurine,https://www.amazon.com/dp/B0GNS3NDTV?th=1,1772236800000,1000,美国,儿童电子产品
1776162967922,亚马逊,B0G6JSRVH1,https://m.media-amazon.com/images/I/517EaBKoIgL._AC_US200_.jpg,"Party Favors Kids Sunglasses - Toddler Sunglasses Bulk for Kid Age 3-8, Neon Glasses with UV 400 Protection for Boys Girls, Goodie Bags Stuffers for Birthday Classroom Graduation Gifts - 12 Packs",https://www.amazon.com/dp/B0G6JSRVH1?th=1,1772236800000,300,美国,Party Supplies
1776162967922,亚马逊,B0GJKRRWFZ,https://m.media-amazon.com/images/I/515XgY-AMhL._AC_US200_.jpg,"8pcs 3D Printed Dragon Eggs, Articulated Fantasy Animal Fidget Toys Set, Collectible Figurines for Kids Birthday Gifts, Party Favors, Classroom Prizes",https://www.amazon.com/dp/B0GJKRRWFZ?th=1,1772236800000,300,美国,玩具图
1776162967922,亚马逊,B0GH5T1NVJ,https://m.media-amazon.com/images/I/51fGcUfpk-L._AC_US200_.jpg,"LUBUYILD 12PCS Easter Eggs with Gnome Keychain Toys for Kids Girls Boys Easter Basket Stuffers, Egg Hunt Prizes and Party Favors Gifts, Cute and Unique Gnome Figures for Home Decor",https://www.amazon.com/dp/B0GH5T1NVJ?th=1,1772236800000,200,美国,Party Supplies
1776162967922,亚马逊,B0GGCBRPL4,https://m.media-amazon.com/images/I/51ORhM5wygL._AC_US200_.jpg,"6 Pcs Large Easter Eggs Fillable, 6 Inch Colorful Jumbo Plastic Empty Egg Stand Upright for Easter Eggs Hunt Basket Stuffers Fillers Filling Treats Party Favor Classroom Prizes Supplies (Shimmer)",https://www.amazon.com/dp/B0GGCBRPL4?th=1,1772236800000,200,美国,派对用品
1776162967922,亚马逊,B0GGHRTBM4,https://m.media-amazon.com/images/I/71aSsMyThdL._AC_US200_.jpg,"24'' Large 3D Printed Dragon Egg with Chinese Dragon Toy Inside, Reusable Big Dragon Egg for Fidget Play, Desk Decor & Storage, Collectible 2026 Graduation Gifts for Boys Girls Him Her (Black Red)",https://www.amazon.com/dp/B0GGHRTBM4?th=1,1772236800000,200,美国,玩具图
1776162967922,亚马逊,B0GD2CFDS6,https://m.media-amazon.com/images/I/81KwEID0vFL._AC_US200_.jpg,"12 Pack Prefilled Easter Eggs with Die-Cast Cars for Kids Boys, Easter Basket Stuffers, Easter Eggs Filled with Toys for Easter Egg Hunt, Party Favor Supplies School Reward Classroom Prizes",https://www.amazon.com/dp/B0GD2CFDS6?th=1,1772236800000,700,美国,Party Supplies
1776162967922,亚马逊,B0GQGK3RP4,https://m.media-amazon.com/images/I/51tDDwQbUPL._AC_US200_.jpg,"Big Cheese Squishys Toy, Giant Cheese Squishys Cheeses Block-Squishy Big Butter-Squishy Cheeses Shaped Squeeze Toy Food Theme Soft Stretch Sensory for Adults Home Offices Workers",https://www.amazon.com/dp/B0GQGK3RP4?th=1,1772236800000,200,美国,Novelty & Gag Toys
1776162967922,亚马逊,B0G5P91814,https://m.media-amazon.com/images/I/91C7omMt+fL._AC_US200_.jpg,"303 PCS Easter Stickers, Vinyl Waterproof Easter Stickers for Kids,Cute Egg Sticker for Water Bottle Laptop Cards,Non-Repeating Basket Stuffers Party Decorations Favor Gifts for Boys Girls Teens",https://www.amazon.com/dp/B0G5P91814?th=1,1772236800000,900,美国,艺术
1776162967922,亚马逊,B0GQHPDXN8,https://m.media-amazon.com/images/I/61js1qwxuuL._AC_US200_.jpg,"Dumpling Squishies Stress Ball, 2026 Upgraded Dumplings Stress Balls Fidget Sensory Balls, Squeeze Dough Ball Stress Relief Hand with Food Steamer, Relaxation Gift (Purple)",https://www.amazon.com/dp/B0GQHPDXN8?th=1,1772236800000,500,美国,Novelty & Gag Toys
1776162967922,亚马逊,B0G6ZPCML7,https://m.media-amazon.com/images/I/51N9DbP-YUL._AC_US200_.jpg,Easter Baby Toys - Easter Basket Stuffers for Babies 6-12 Months - Baby Tissue Box Toy Montessori Soft Stuffed Bunny High Contrast Crinkle Infant Sensory Toys 6 7 8 9 Months Easter Boy Girl Gifts,https://www.amazon.com/dp/B0G6ZPCML7?th=1,1772236800000,700,美国,婴幼儿
1776162967922,亚马逊,B0GQ241P9Z,https://m.media-amazon.com/images/I/61CBrbAVyeL._AC_US200_.jpg,"4PCS Yellow Cheese Squishy Slow Rising, Squishy Squeeze Cheese Block, Soft Novelty Toy, Stress Balls for Adults Rebounding Sensory Squishys Cheese (4pcs)",https://www.amazon.com/dp/B0GQ241P9Z?th=1,1772236800000,400,美国,Novelty & Gag Toys
1776162967922,亚马逊,B0G6JK7RSF,https://m.media-amazon.com/images/I/61I-aFB4HZL._AC_US200_.jpg,"Adisher [ 6 Surprise Golden Eggs ] 100 PACK Prefilled Easter Egg Fillers, Easter Basket Stuffers Egg Hunt with Toys Goodie Bags Stuffers Party Favors Classroom Prize Supplies for Kids",https://www.amazon.com/dp/B0G6JK7RSF?th=1,1772236800000,600,美国,Party Supplies
1776162967922,亚马逊,B0G42WHZCF,https://m.media-amazon.com/images/I/81RscKd1aGL._AC_US200_.jpg,"NEUBSAW 24Packs Easter Eggs with Cars for Boys, Prefilled Easter Eggs for Kids Toddlers EASTER Basket Stuffers, Party Favor Supplies for Egg Hunt, EAS TER Toys Gifts for Boys",https://www.amazon.com/dp/B0G42WHZCF?th=1,1772236800000,1000,美国,Party Supplies
1776162967922,亚马逊,B0GLFL68VZ,https://m.media-amazon.com/images/I/71dJqGOcl+L._AC_US200_.jpg,"Adult-Size Flow 7cm Stress Cube – Larger Than Mini Squishy Cubes, Slow-Rise Sensory Fidget for Stress Relief, Focus & Light Hand Exercise – Safe for Ages 3+ (Green)",https://www.amazon.com/dp/B0GLFL68VZ?th=1,1772236800000,200,美国,Novelty & Gag Toys
1776162967922,亚马逊,B0GQFMPR9C,https://m.media-amazon.com/images/I/51sa01sxY2L._AC_US200_.jpg,"Glitter Dumpling, Glitter Dumpling Squishy with Box, Dumplings Sensory Squeeze Toy for Stress Relief (Gold)",https://www.amazon.com/dp/B0GQFMPR9C?th=1,1772236800000,900,美国,Novelty & Gag Toys
1776162967922,亚马逊,B0GQFMT58D,https://m.media-amazon.com/images/I/711FkRH9LvL._AC_US200_.jpg,"Glitter Dumpling, Glitter Dumpling Squishy with Box, Dumplings Sensory Squeeze Toy for Stress Relief (White)",https://www.amazon.com/dp/B0GQFMT58D?th=1,1772236800000,4000,美国,Novelty & Gag Toys
1776162967922,亚马逊,B0GH7CWMTC,https://m.media-amazon.com/images/I/81yrFUZC8QL._AC_US200_.jpg,CMTOOP 5 Pack Water Coloring Books for Toddlers 1-3 - Mess Free Painting for Kids & Reusable Magic Water Activity Book - Aqua Art Travel Toys & Educational Arts and Crafts Gifts for Boys Girls Age 2-4,https://www.amazon.com/dp/B0GH7CWMTC?th=1,1772236800000,700,美国,艺术
1776162967922,亚马逊,B0GQB8NK7C,https://m.media-amazon.com/images/I/61a1e96Pr0L._AC_US200_.jpg,Big Cheese Squishy Jumbo Large Squishy Cheese Block Giant Stress Relief Ball Block Squeeze Toy Huge Yellow Rebounding Squishies Cheesess Cube for Autism ADHD Soft Novelty Toy for Adults Gift(2.4in),https://www.amazon.com/dp/B0GQB8NK7C?th=1,1772236800000,300,美国,Novelty & Gag Toys
1776162967922,亚马逊,B0G72KG2CL,https://m.media-amazon.com/images/I/51+HrTMD04L._AC_US200_.jpg,"18 Pack Easter Eggs Filled LED Chick Duck Puffer Balls Easter Egg Fillers Toys, Light Up Stress Relief Fidget Toys Squeeze Ball Easter Basket Stuffers for Kids Boys Girls Easter Eggs Hunt Party Favors",https://www.amazon.com/dp/B0G72KG2CL?th=1,1772236800000,600,美国,Party Supplies
1776162967922,亚马逊,B0GDDWZ5L7,https://m.media-amazon.com/images/I/51CW2h1lSoL._AC_US200_.jpg,"Magnetic Fishing Game Toys for Kids Toddlers 3-5 4-8, Water Table Bathtub Toys with Pole Rod Net & Fish, Water Bath Pool Outdoor Fishing Toys for Kids Toddlers Baby Boys Girls Age 3 4 5 6 7 8 Year Old",https://www.amazon.com/dp/B0GDDWZ5L7?th=1,1772236800000,200,美国,婴幼儿
1776162967922,亚马逊,B0G5KCS6G9,https://m.media-amazon.com/images/I/71mpNgq8xcL._AC_US200_.jpg,"Pool Floats Adult, 2 Person River Tubes Inflatable 5-in-1 Heavy Duty River Raft with Backrests Builtin Cooler 2 Cup Holders Floating Lounge for Lake Swimming Tanning Pool Toys Summer Relaxation",https://www.amazon.com/dp/B0G5KCS6G9?th=1,1772236800000,300,美国,体育
1776162967922,亚马逊,B0GFP5578L,https://m.media-amazon.com/images/I/512BKeBVMFL._AC_US200_.jpg,"161PCS Easter Balloon Arch Garland kit with Rainbow Easter Balloon Garland Kit,Bunny, Carrot & Chicken Foil Balloons, Happy Easter Color Balloons for Easter Party Decorations, Spring Birthday",https://www.amazon.com/dp/B0GFP5578L?th=1,1772236800000,200,美国,派对用品
1776162967922,亚马逊,B0GPMR3C6N,https://m.media-amazon.com/images/I/71LYQDYNa8L._AC_US200_.jpg,"48 Pack Easter Fillers Set for Kids– 24 Fillable Plastic Eggs,24 Dinosaur Finger Lights, Light Up Easter Rings, Easter Basket Stuffers Bulk, Non-Candy Party Favor Bundle for Boys Girls",https://www.amazon.com/dp/B0GPMR3C6N?th=1,1772236800000,400,美国,Party Supplies
1776162967922,亚马逊,B0GKVFJRZY,https://m.media-amazon.com/images/I/41772eRhTwL._AC_US200_.jpg,"Vellibring 12"" Summer Inflatable Beach Balls Bulk Rainbow Color Swimming Pool Water Games Toys for Kids Summer Beach Party Favor",https://www.amazon.com/dp/B0GKVFJRZY?th=1,1772236800000,500,美国,体育
1776162967922,亚马逊,B0GC4HB65T,https://m.media-amazon.com/images/I/81wVYzpTRJL._AC_US200_.jpg,"American Mahjong Tile Set with Printed Carrying Bag, 166 Premium Blue Tiles, 4 Blue All-in-One Racks/Pushers and Accessories, Mahjong Set, Complete Mahjong Game Set for Travel, Gifts（Blue）",https://www.amazon.com/dp/B0GC4HB65T?th=1,1772236800000,200,美国,游戏
1776162967922,亚马逊,B0GQHC52M5,https://m.media-amazon.com/images/I/51+twjFJhsL._AC_US200_.jpg,"Slow Rebound Cute Butter Squeeze Stress Balls, 2026 Upgraded Slow Rebound Stress Balls Stress Relief & Fidget Toys, for Stress Relief Anxiety Sensory Gifts, Hand Relax (1pcs)",https://www.amazon.com/dp/B0GQHC52M5?th=1,1772236800000,300,美国,Novelty & Gag Toys
1776162967922,亚马逊,B0GKV12Y35,https://m.media-amazon.com/images/I/81yyJgPzYHL._AC_US200_.jpg,"Christian Cross Flower Building Set - Jesus Botanical Lily Cross with Bible Base & Spring Garden - Religious Faith Gifts for Women, Mom & Grandma - Spiritual Home Decor, Baptism",https://www.amazon.com/dp/B0GKV12Y35?th=1,1772236800000,600,美国,建筑玩具
1776162967922,亚马逊,B0GFDDQZCB,https://m.media-amazon.com/images/I/81GUTpyMwvL._AC_US200_.jpg,"Letter Stickers, 5000 PCS+ Alphabet Stickers Book, Self-Adhesive Colorful Stickers, Letters & Numbers for Junk Journal Supplies Kids DIY Crafts Scrapbooking Notebook Laptop Water Bottles Daily Decor",https://www.amazon.com/dp/B0GFDDQZCB?th=1,1772236800000,200,美国,艺术
1776162967922,亚马逊,B0G48MKL88,https://m.media-amazon.com/images/I/71d1YjLIzVL._AC_US200_.jpg,"Skirfy Electric Water Gun for Kids Adults,Battery-Powered Squirt Toy with Tank,LED Light,Automatic Water Absorption,Summer Outdoor Beach Play,Pool Garden Fun for Kids Age 8 9 10",https://www.amazon.com/dp/B0G48MKL88?th=1,1772236800000,200,美国,体育
1776162967922,亚马逊,B0GF2WDFRG,https://m.media-amazon.com/images/I/41ixkAZX8lL._AC_US200_.jpg,"Bunny Stuffed Animal Plush, Interactive Electronic Pet Hopping Bunny Toy, Realistic Stuffed Easter Bunny Rabbit with Sounds and Movements Animated Walking Wiggle Ears Twitch Nose (Brown)",https://www.amazon.com/dp/B0GF2WDFRG?th=1,1772236800000,1000,美国,填充的动物
1776162967922,亚马逊,B0FLRLRLKS,https://m.media-amazon.com/images/I/3117hQBlmYL._AC_US200_.jpg,"Teeturtle Reversible Sanrio Cinnamoroll Plushie 4-Inch Easter Egg Two-Sided Flip Plush Toy with Embroidered Details - Cute Mini Collectible Plush for Kids, Teens, and Adults",https://www.amazon.com/dp/B0FLRLRLKS?th=1,1772236800000,300,美国,填充的动物
1776162967922,亚马逊,B0GQGJJT8Z,https://m.media-amazon.com/images/I/81g0FHZc+xL._AC_US200_.jpg,"2026 Upgrade Glitter Dumpling - Dumpling Squishy Glitter, Dumplings Stress Ball for Playing, Party, Alone (White-B)",https://www.amazon.com/dp/B0GQGJJT8Z?th=1,1772236800000,600,美国,Novelty & Gag Toys
1776162967922,亚马逊,B0GJ65MGM3,https://m.media-amazon.com/images/I/51wcXBj7oWL._AC_US200_.jpg,500PCS Easter Stickers Roll 8 Colors Spring Happy Easter Egg Stickers 1.2in Holographic Self-Adhesive Decorative Label Sticker for Envelopes Scrapbook Gift Craft Card Holiday Party Supplies,https://www.amazon.com/dp/B0GJ65MGM3?th=1,1772236800000,200,美国,艺术
1776162967922,亚马逊,B0GDDHJ9LQ,https://m.media-amazon.com/images/I/41M5VITXp1L._AC_US200_.jpg,"shiguangji Bunny Stuffed Animal Plush Toy 11.8 in, Soft Rabbit Plush for Babies and Toddlers, Cuddly Bunny Toy for Nursery Decor and Easter Gift (Gray)",https://www.amazon.com/dp/B0GDDHJ9LQ?th=1,1772236800000,300,美国,填充的动物
1776162967922,亚马逊,B0GD6YG64R,https://m.media-amazon.com/images/I/81IjpHeSSeL._AC_US200_.jpg,"120 Pack Easter Egg Fillers, Easter Basket Stuffers for Kids Girls Boys, Easter Party Favors, Easter Egg Stuffers, Easter Gifts, Easter Toys Bulk, Classroom Prizes, Pinata Goodie Bags Stuffers",https://www.amazon.com/dp/B0GD6YG64R?th=1,1772236800000,500,美国,Party Supplies
1776162967922,亚马逊,B0GQ8SZXBZ,https://m.media-amazon.com/images/I/61N5KI8ZRhL._AC_US200_.jpg,"2026 Emerging Liberty Dime, 250th Anniversary Semiquincentennial Commemorative P & D 2 Coins Set",https://www.amazon.com/dp/B0GQ8SZXBZ?th=1,1772236800000,200,美国,新颖性
1776162967922,亚马逊,B0GGZXQ5R1,https://m.media-amazon.com/images/I/41SAxpOOIPL._AC_US200_.jpg,"3Pcs Easter Walking Bunny Balloons With Wheels for Kids, Pull Along Walking Bunny Foil Balloons for Easter Birthday Party Favors, Self-Standing Walking Balloon Animals Decorations Gift Supplies",https://www.amazon.com/dp/B0GGZXQ5R1?th=1,1772236800000,300,美国,派对用品
1776162967922,亚马逊,B0GGZY66X3,https://m.media-amazon.com/images/I/41JIZlWDDaL._AC_US200_.jpg,"Cloud Slime Rabbit Carrot Cactus Charm, Pink Green White Sludge Slime, Soft Toys Party Favors for Girls and Boys, Goodie Bag Stuffers Birthday Gift Cute Stuff Sensory Toys",https://www.amazon.com/dp/B0GGZY66X3?th=1,1772236800000,200,美国,新颖性
1776162967922,亚马逊,B0G6W6SVQ6,https://m.media-amazon.com/images/I/51FEuyhBXgL._AC_US200_.jpg,"24 Pack Easter Egg Fillers with Easter Bunny Plush Easter Eggs with Toys Inside, Mini Easter Stuffed Animals Easter Eggs Hunts Party Favors Easter Basket Stuffers for Kids Toddler Teens Boys Girls",https://www.amazon.com/dp/B0G6W6SVQ6?th=1,1772236800000,500,美国,Party Supplies
1776162967922,亚马逊,B0GD735WT6,https://m.media-amazon.com/images/I/61zYpkyBBtL._AC_US200_.jpg,"123 Pcs Easter Egg Fillers, Easter Egg Stuffers, Easter Party Favors, Easter Basket Stuffers for Kids Girls Boys, Easter Toys Gifts, Treasure Box Toys, Classroom Prizes, Goodie Bags Stuffers",https://www.amazon.com/dp/B0GD735WT6?th=1,1772236800000,500,美国,Party Supplies
1776162967922,亚马逊,B0GD4LQSWY,https://m.media-amazon.com/images/I/51Qw8jyms5L._AC_US200_.jpg,"24pcs Prefilled Easter Eggs with Italian Brainrot Toys Inside - Easter Basket Stuffers, Egg Hunt Game Supplies, Teacher Classroom Prizes, Surprise Party Favors",https://www.amazon.com/dp/B0GD4LQSWY?th=1,1772236800000,400,美国,Party Supplies
1776162967922,亚马逊,B0GCNR2VFG,https://m.media-amazon.com/images/I/51CFk01z8LL._AC_US200_.jpg,"Easter Balloons Set, 6 Pcs Foil Bunny Egg Chicken Balloons, Rabbit Head Mylar Balloon for Birthday Easter Spring Theme Party Decoration (6 Pcs Bunny Egg Chicken Set)",https://www.amazon.com/dp/B0GCNR2VFG?th=1,1772236800000,200,美国,派对用品
1776162967922,亚马逊,B0GG51VYBQ,https://m.media-amazon.com/images/I/515IhQsy4eL._AC_US200_.jpg,"24 Pack Pre-Filled Easter Eggs with Plush Bunny Toys - Colorful Plastic Egg Fillers for Hunts, Basket Stuffers, Party Favors for Kids, Boys & Girls",https://www.amazon.com/dp/B0GG51VYBQ?th=1,1772236800000,200,美国,Party Supplies
1776162967922,亚马逊,B0GK72B7QD,https://m.media-amazon.com/images/I/51D1b-ehkmL._AC_US200_.jpg,"4 Pack Fidget Toys Squishy Stress Toys, Stress Balls for Adults Stress Relief, Fidget Sensory Toys for Kids with Autism, Fidgets for Classroom Prize Toys Gifts & Easter Basket Stuffers",https://www.amazon.com/dp/B0GK72B7QD?th=1,1772236800000,300,美国,Novelty & Gag Toys
1776162967922,亚马逊,B0GQGX7FR8,https://m.media-amazon.com/images/I/41QwQFuJ32L._AC_US200_.jpg,"Dumpling Squishies, Glitter Dumpling Mystery Box, Colorful Dumplings Stress Balls Fidget Sensory Toy, Stocking Stuffers with Food Steamer Stretchy Desk Toys",https://www.amazon.com/dp/B0GQGX7FR8?th=1,1772236800000,3000,美国,Novelty & Gag Toys
1776162967922,亚马逊,B0GQGT412W,https://m.media-amazon.com/images/I/41x4eL1xoCL._AC_US200_.jpg,"Dumpling Squishies, Glitter Dumpling Mystery Box, Colorful Dumplings Stress Balls Fidget Sensory Toy, Stocking Stuffers with Food Steamer Stretchy Desk Toys",https://www.amazon.com/dp/B0GQGT412W?th=1,1772236800000,1000,美国,Novelty & Gag Toys
1776162967922,亚马逊,B0GGHC4YKN,https://m.media-amazon.com/images/I/71XMBXG3uLL._AC_US200_.jpg,"Kids Play Tent with Ventilation Window - Foldable Indoor Outdoor Playhouse, Pop Up Tent for Kids Ages 3-8, Great Gift Idea for Boys and Girls, Role Play Birthday, Reading Corner",https://www.amazon.com/dp/B0GGHC4YKN?th=1,1772236800000,200,美国,体育
1776162969765,亚马逊,B0GJSPPP4Z,https://m.media-amazon.com/images/I/81oDCk23vSL._AC_US200_.jpg,"ORZbb Mini Magnetic Tiles Road with Case Toddler Travel Toys Trip Essentials Set, Magnetic Building Blocks Toys for 3 4 5+ Year Old Boys Girls Montessori Sensory Learning Easter Birthday Gifts",https://www.amazon.com/dp/B0GJSPPP4Z?th=1,1772236800000,1000,美国,建筑玩具
1776162969765,亚马逊,B0GJS48WTH,https://m.media-amazon.com/images/I/81MI9KH1kSL._AC_US200_.jpg,"Ice Cube Cube Fidget Toys - Sensory Toys for Kids with Real Sea Shells, Squishy Fidget Toy for Kids & Adults | Non-Toxic Squeeze Ball for Anxiety, Focus & Calm for School, Office",https://www.amazon.com/dp/B0GJS48WTH?th=1,1772236800000,200,美国,Novelty & Gag Toys
1776162969765,亚马逊,B0GJKXBSWK,https://m.media-amazon.com/images/I/51aYE8FbgdL._AC_US200_.jpg,"8pcs 3D Printed Dragon Eggs with Dragons Inside, Articulated Fidget Toys Set, 3D Dragon Figurines for Kids Goodie Bag Stuffers, Classroom Prizes, Birthday Party Favors, Collectible Gifts",https://www.amazon.com/dp/B0GJKXBSWK?th=1,1772236800000,200,美国,玩具图
1776162969765,亚马逊,B0GK91WFVY,https://m.media-amazon.com/images/I/510qv55jcuL._AC_US200_.jpg,24Pack Taba Squishy Toys kit - Easter Taba Squishy Fidget Toys Party Favors for Kids 4-8 8-12-Kawaii Squishies Squeeze Toys Fidgets for Kids Classroom-Easter Basket Stuffers,https://www.amazon.com/dp/B0GK91WFVY?th=1,1772236800000,500,美国,Novelty & Gag Toys
1776162969765,亚马逊,B0GHKFD3GD,https://m.media-amazon.com/images/I/81NAwKEvMfL._AC_US200_.jpg,"12 Pcs Reusable Water Balloons, Self-Sealing Refillable Water Balls, Pool Toys for Kids Ages 4-14, Pool Beach & Outdoor Water Ballons",https://www.amazon.com/dp/B0GHKFD3GD?th=1,1772236800000,1000,美国,体育
1776162969765,亚马逊,B0GQHB5F4H,https://m.media-amazon.com/images/I/31HbqBEjXaL._AC_US200_.jpg,"Butter Stick Slow Rising Squishy Toy, PU Salted Butter Squeeze Fidget Toy for Stress Relief Hand Relax for Office School (2)",https://www.amazon.com/dp/B0GQHB5F4H?th=1,1772236800000,600,美国,Novelty & Gag Toys
1776162969765,亚马逊,B0GQHCS85R,https://m.media-amazon.com/images/I/61q3uyLm2gL._AC_US200_.jpg,"Butter Stick Slow Rising Squishy Toy, PU Salted Butter Squeeze Fidget Toy for Stress Relief Hand Relax for Office School (1)",https://www.amazon.com/dp/B0GQHCS85R?th=1,1772236800000,1000,美国,Novelty & Gag Toys
1776162969765,亚马逊,B0GH6YBYH1,https://m.media-amazon.com/images/I/31Az+GjQgxL._AC_US200_.jpg,"Adult-Size 7cm Stress Cube – Larger Than Mini Squishy Cubes, Slow-Rise Sensory Fidget for Stress Relief, Focus & Light Hand Exercise – Safe for Ages 3+ (Purple)",https://www.amazon.com/dp/B0GH6YBYH1?th=1,1772236800000,200,美国,Novelty & Gag Toys
1776162969765,亚马逊,B0GCZKMKTR,https://m.media-amazon.com/images/I/713z5eWIPjL._AC_US200_.jpg,"3-in-1 Kids Vacuum that Really Works - Toddler Vacuum Cleaning Toy Set, Kids Working Play Vacuum Cleaner with Real Suction, Montessori Housekeeping Toy for Toddlers 3+",https://www.amazon.com/dp/B0GCZKMKTR?th=1,1772236800000,400,美国,扮靓
1776162969765,亚马逊,B0GCJ3LZD1,https://m.media-amazon.com/images/I/412gYR36wpL._AC_US200_.jpg,"Temodu Kids Microscope 2.0"" Screen 1000X Digital Microscope for Kids, Mini Pocket Handheld Microscopes for Children Birthday Festival Gift, Science Education Fun Toys for Boys Girls Ages 4-12 (Purple)",https://www.amazon.com/dp/B0GCJ3LZD1?th=1,1772236800000,200,美国,学习
1776162969765,亚马逊,B0G348RSWW,https://m.media-amazon.com/images/I/41tqdcyaw5L._AC_US200_.jpg,Easter Eggs 2.4” - Blue Fillable Easter Eggs - 12 Pcs Easter Basket Stuffers - Blue Eggs Bowl and Vase Filler Faux for DIY Spring and Easter Decorations (Blue),https://www.amazon.com/dp/B0G348RSWW?th=1,1772150400000,200,美国,Party Supplies
1776162969765,亚马逊,B0G9BBX1TK,https://m.media-amazon.com/images/I/61Ff8ywtrUL._AC_US200_.jpg,Cross & Glory – The Easter Garden Bunny – 1000 Piece Jigsaw Puzzle for Adults | Easter Egg Rabbit & Botanical Spring Artwork | Festive Seasonal Puzzle,https://www.amazon.com/dp/B0G9BBX1TK?th=1,1772150400000,200,美国,拼图
1776162969765,亚马逊,B0GPP6D4WH,https://m.media-amazon.com/images/I/51Yfw8Fq3YL._AC_US200_.jpg,Enduring Liberty 2026 Semiquincentennial Half Dollar 2 Coins.,https://www.amazon.com/dp/B0GPP6D4WH?th=1,1772150400000,200,美国,新颖性
1776162969765,亚马逊,B0FXQMP58X,https://m.media-amazon.com/images/I/719h-us5M2L._AC_US200_.jpg,"16Pcs Cute Anime Cake Decorations with 15pcs Cupcake Toppers, 1pcs Happy Birthday Cake Topper, Cartoon Themed Party Supplies, Perfect for Birthday Party Decorations",https://www.amazon.com/dp/B0FXQMP58X?th=1,1772150400000,2000,美国,Party Supplies
1776162969765,亚马逊,B0GHXHPYV5,https://m.media-amazon.com/images/I/81mbj5E+ooL._AC_US200_.jpg,"24Pack Mini Flocked Bunny for Easter Basket Stuffers, Easter Egg Fillers for Kids, Easter Gifts for Children, Easter Toys Party Favors & Decor",https://www.amazon.com/dp/B0GHXHPYV5?th=1,1772150400000,3000,美国,玩具图
1776162969765,亚马逊,B0GJCKPHKL,https://m.media-amazon.com/images/I/31Ewb2DNdaL._AC_US200_.jpg,"Large Ice Cube Squishy Toy 7cm (2.76Inch), Ssqauvig Big Slow Rising Squishies for Sensory Play, Perfect Stress Relief Fidget Toys for Adults Anxiety, Squishy Cube Sensory Toys (Blue)",https://www.amazon.com/dp/B0GJCKPHKL?th=1,1772150400000,300,美国,Novelty & Gag Toys
1776162969765,亚马逊,B0GPHMMMDQ,https://m.media-amazon.com/images/I/81PNWG5gw2L._AC_US200_.jpg,"Demon Movie Hunters DIY Stickers,8PCS Korean Idol Anime Style DIY Stickers for Water Bottles,Waterproof Vinyl Decal for Teen Girl Adult Laptop Skateboard Phone Case Guitar Travel Case Bike Notebook",https://www.amazon.com/dp/B0GPHMMMDQ?th=1,1772150400000,1000,美国,艺术
1776162969765,亚马逊,B0GD6YGQ7D,https://m.media-amazon.com/images/I/41IaB99lsBL._AC_US200_.jpg,"TOY Life 55.9'' Kites Easy to Fly for Kids Adults with 328.1 FT String, Beach Kite Outdoor Game Outside Toys Activity, Beach Toys for Kids, Gift for Boys Ages 4-8",https://www.amazon.com/dp/B0GD6YGQ7D?th=1,1772150400000,600,美国,体育
1776162969765,亚马逊,B0G2CTYMMS,https://m.media-amazon.com/images/I/51rGk3yET-L._AC_US200_.jpg,"Brickcraft Poppy Playtime Chapter 4 Yarnaby Building Set with Real Yarn, 268 Piece Fully Posable Creature Action Figure, Collectible Horror Game Building Toys Gift for Boys & Girls Ages 8 and Up",https://www.amazon.com/dp/B0G2CTYMMS?th=1,1772150400000,800,美国,建筑玩具
1776162969765,亚马逊,B0G2CQM894,https://m.media-amazon.com/images/I/414LUF9o2hL._AC_US200_.jpg,"Brickcraft Poppy Playtime CatNap Smiling Critters Building Set, 151 Piece Posable Purple Cat Figure with Tail, Collectible Horror Game Building Toys Gift for Boys & Girls Ages 8 and Up",https://www.amazon.com/dp/B0G2CQM894?th=1,1772150400000,200,美国,建筑玩具
1776162969765,亚马逊,B0GQGZ862H,https://m.media-amazon.com/images/I/61Nd8QUSIDL._AC_US200_.jpg,"3 Pcs Butter Squishy Fidget, Super Soft Butter-Shaped Slow Rising Squeeze, Stress Relief Anxiety Relaxation Squishies, Ideal for Birthday Gifts, Party Favors and Classroom Prizes (3, Butter)",https://www.amazon.com/dp/B0GQGZ862H?th=1,1772150400000,700,美国,Novelty & Gag Toys
1776162969765,亚马逊,B0G2CS4Z3Q,https://m.media-amazon.com/images/I/41OwS17i1TL._AC_US200_.jpg,"Brickcraft Poppy Playtime Dogday Smiling Critters Building Set, 170 Piece Posable Orange Dog Figure with Sun Medallion, Collectible Indie Horror Game Building Toys Gift for Boys & Girls Ages 8 and Up",https://www.amazon.com/dp/B0G2CS4Z3Q?th=1,1772150400000,200,美国,建筑玩具
1776162969765,亚马逊,B0GJ3D7WY5,https://m.media-amazon.com/images/I/815JfEeEUzL._AC_US200_.jpg,"Collapsible Beach Toys for Kids Toddlers, Foldable Sand Bucket and Shovels Set with Mesh Bag & Sand Castle Building Kit, Travel Sand Toys for Beach Essentials, Sandbox Toys for Baby Kids Age 3-10",https://www.amazon.com/dp/B0GJ3D7WY5?th=1,1772150400000,700,美国,运动与户外游戏
1776162969765,亚马逊,B0GFCTFDSQ,https://m.media-amazon.com/images/I/71pJQUkxtKL._AC_US200_.jpg,Toys Kids Walkie Talkies: Rechargeable Long Range for Boys & Girls Age 3-12 Outdoor Camping,https://www.amazon.com/dp/B0GFCTFDSQ?th=1,1772150400000,200,美国,儿童电子产品
1776162969765,亚马逊,B0GL4FQXXC,https://m.media-amazon.com/images/I/71l7A5WgNDL._AC_US200_.jpg,"Throw Hands – The Absurdly Fast and Absolutely Chaotic Card-Shedding Game for 2 to 8 Players – 60 Second Card Game for Friends, Families, and Game Night – Ages 7+",https://www.amazon.com/dp/B0GL4FQXXC?th=1,1772150400000,400,美国,游戏
1776162969765,亚马逊,B0FY6J338N,https://m.media-amazon.com/images/I/614UcFB-C-L._AC_US200_.jpg,"Cute Anime Cake Decorations, Cartoon Happy Birthday Cake Topper, Party Cake Decorations Supplies for Girls",https://www.amazon.com/dp/B0FY6J338N?th=1,1772150400000,2000,美国,派对用品
1776162969765,亚马逊,B0GD192XWR,https://m.media-amazon.com/images/I/71WMyqoT2XL._AC_US200_.jpg,"Realistic Bunny for Kids - Interactive Hopping Bunny Toy Set with Bunny Ears, Electric Lifelike Robot Rabbit that Move, Walking Barking and Wagging Tail Bunby Stuffed Animal with Sounds,White",https://www.amazon.com/dp/B0GD192XWR?th=1,1772150400000,400,美国,填充的动物
1776162969765,亚马逊,B0GF234WMP,https://m.media-amazon.com/images/I/81j3A05ZW3L._AC_US200_.jpg,"24 Pack Colorful Dinosaur Eggs Excavation Kit with Learning Cards - Dino Dig STEM Science Toy for Kids - Easter Basket Stuffers, Party Favors Birthday Gifts Classroom Activities for Boys Girls Age 3+",https://www.amazon.com/dp/B0GF234WMP?th=1,1772150400000,600,美国,学习
1776162969765,亚马逊,B0GKYDQTNV,https://m.media-amazon.com/images/I/81nMmA5SFJL._AC_US200_.jpg,"Rotu Easter Basket Stuffers Essentials 30 Packs(274Pcs) Mess Free Watercolor Coloring Books with Easter Cards for Kids, Easter Classroom Gifts for Kids Crafts Games Party Favors for Kids",https://www.amazon.com/dp/B0GKYDQTNV?th=1,1772150400000,1000,美国,艺术
1776162969765,亚马逊,B0GJBHVFH9,https://m.media-amazon.com/images/I/41VpMDwVtSL._AC_US200_.jpg,"YRIOWMI Electric Water Gun,Full Automatic Electric Squirt Gun 28-32 FT Range Water Pistol Blaster Soaker,Water Playing Toys for Outdoor Yard Beach Pool (Blue+Black)",https://www.amazon.com/dp/B0GJBHVFH9?th=1,1772150400000,300,美国,体育
1776162969765,亚马逊,B0GHSB3R31,https://m.media-amazon.com/images/I/71ksJfzFCbL._AC_US200_.jpg,"4-Key Keyboard Clicker Fidget Gadget with LED Lights, Stress Relief Tool for Office Desk & Focus, Satisfying Tactile Feedback Keychain for Adults (Black & White 2-Pack)",https://www.amazon.com/dp/B0GHSB3R31?th=1,1772150400000,400,美国,Novelty & Gag Toys
1776162969765,亚马逊,B0GCG1CHT5,https://m.media-amazon.com/images/I/41DJR16XIAL._AC_US200_.jpg,"3D Printed Easter Eggs with Bunny Inside,Easter Surprise Rabbit Eggs,3D Printed Animals, Easter Basket Stuffers,Fidget Toys Gifts (6PCS)",https://www.amazon.com/dp/B0GCG1CHT5?th=1,1772150400000,700,美国,玩具图
1776162969765,亚马逊,B0G4G8KTY9,https://m.media-amazon.com/images/I/61ajPCgWbbL._AC_US200_.jpg,"Seifar 48 Pack Prefilled Easter Eggs Filled with Pull Back Cars, Eggs with Racing Vehicle Inside, Easter Hunt Basket Stuffers Party Favors Classroom Prizes Gift for Kids Girls Boys",https://www.amazon.com/dp/B0G4G8KTY9?th=1,1772150400000,300,美国,Party Supplies
1776162969765,亚马逊,B0GHS9ZFTZ,https://m.media-amazon.com/images/I/71HX1l5tnPL._AC_US200_.jpg,"Fidget Toy Cube, 6 Sided Stress Relief & Focus Toy for Adults and Kids, 2 Pack Cube Fidget Toys Hand-Held for Adults, Audible/Silent Fidget Toys Cube for ADD/ADHD/OCD",https://www.amazon.com/dp/B0GHS9ZFTZ?th=1,1772150400000,300,美国,新颖性
1776162969765,亚马逊,B0GFHXP6T1,https://m.media-amazon.com/images/I/51NcXbHjYJL._AC_US200_.jpg,500Pcs St. Patrick's Day Stickers 1in Laser Green Shamrock Clover Stickers Roll 3 Colors Holographic Self-Adhesive Waterproof Irish Sticker Decor for Scrapbook Journal Envelopes Decorations,https://www.amazon.com/dp/B0GFHXP6T1?th=1,1772150400000,200,美国,艺术
1776162969765,亚马逊,B0GLNLLTTR,https://m.media-amazon.com/images/I/51ahy3eiOvL._AC_US200_.jpg,"Giant Easter Coloring Posters for Kids - 2PCS 35"" x 31"" Paper Coloring Banner/Table Cover for School Parties and Special Events Decoration (No Markers)",https://www.amazon.com/dp/B0GLNLLTTR?th=1,1772150400000,800,美国,派对用品
1776162969765,亚马逊,B0G2954QYH,https://m.media-amazon.com/images/I/71m0+UkVh-L._AC_US200_.jpg,"Lilac Purple Doll House for Girls, Dream Dollhouse 9 Rooms with 2 Dolls, Animals, Lights, Furniture and Accessories, Pretend-Play Toddler Playhouse Gift 3+ Year Old Girls Toys",https://www.amazon.com/dp/B0G2954QYH?th=1,1772150400000,200,美国,娃娃
1776162969765,亚马逊,B0G4LHPCGL,https://m.media-amazon.com/images/I/81+Rx4PBPJL._AC_US200_.jpg,8 Pack Easter Hatching Eggs Dinosaur Toys Filled with Jumbo Deformable Transforming Dinosaur Toys Plastic Surprise Eggs Easter Basket Stuffers Fillers for Easter Eggs Hunt Party Favor Classroom Prize,https://www.amazon.com/dp/B0G4LHPCGL?th=1,1772150400000,700,美国,Party Supplies
1776162969765,亚马逊,B0FWCFDF9L,https://m.media-amazon.com/images/I/61rk3-ySp+L._AC_US200_.jpg,"Letapapa 3.5'' Easter Eggs, 36 Pcs Empty Colorful Eggs Plus 1 Golden Eggs for Kids, Large Fillable Plastic Egg for Easter Hunt, Filling Treats for Easter Basket Stuffers, Party Favors Decoration",https://www.amazon.com/dp/B0FWCFDF9L?th=1,1772150400000,1000,美国,Party Supplies
1776162969765,亚马逊,B0G7FC4V1K,https://m.media-amazon.com/images/I/81q4IzyYCYL._AC_US200_.jpg,"MGparty Prefilled Easter Eggs with Dinosaur Toys Inside for Kids 12 Colorful Mini Plastic Eggs Easter Egg Hunt Fillers Classroom Prizes, Party Favors, Easter Basket Stuffers, Surprise Goodie Bag Gifts",https://www.amazon.com/dp/B0G7FC4V1K?th=1,1772150400000,700,美国,Party Supplies
1776162969765,亚马逊,B0FY2H734B,https://m.media-amazon.com/images/I/51N42543zvL._AC_US200_.jpg,"24 Pack Easter Egg Fillers with Fidget Spinner Sports Balls Toy, Easter Eggs Hunts Filling Soccer Baseball Easter Basket Stuffers Squeeze Stress Relief Toys for Kids Toddler Teens Boys Girls",https://www.amazon.com/dp/B0FY2H734B?th=1,1772150400000,1000,美国,Party Supplies
1776162969765,亚马逊,B0GG9JPDQB,https://m.media-amazon.com/images/I/91ubTnbf-1L._AC_US200_.jpg,"Sretoul 48 Pcs Cartoon Diamond Art Stickers Kits for Kids - Diamond Art Painting Sticker Cute Characters, DIY Mosaic Kits for Kids Gift Decor for Water Bottle, Notebook Decoration",https://www.amazon.com/dp/B0GG9JPDQB?th=1,1772150400000,200,美国,艺术
1776162969765,亚马逊,B0GDF7W8DK,https://m.media-amazon.com/images/I/4115lhJg6qL._AC_US200_.jpg,"Bunby Realistic Rabbit Toy,Easter Realistic Rabbit Toys,Interactive Plush Bunny,Realistic Bunny Can Walk and Talk,Lifelike Movements, Hops,Twitches & Wiggles Ears,Handmade,Easter Gift(Brown)",https://www.amazon.com/dp/B0GDF7W8DK?th=1,1772150400000,1000,美国,填充的动物
1776162969765,亚马逊,B0G8XP2WBW,https://m.media-amazon.com/images/I/41toRZfFCOL._AC_US200_.jpg,"3-in-1 Kids Vacuum that Really Works – Toddler Vacuum Cleaner with Working Suction, Montessori Pretend Play Cleaning Toy Gift Set for Boys and Girls Ages 3+(Green)",https://www.amazon.com/dp/B0G8XP2WBW?th=1,1772150400000,200,美国,扮靓
1776162969765,亚马逊,B0G8YWXVTM,https://m.media-amazon.com/images/I/71poyj2QETL._AC_US200_.jpg,"3-in-1 Kids Vacuum that Really Works – Toddler Vacuum Cleaner with Working Suction, Montessori Pretend Play Cleaning Toy Gift Set for Boys and Girls Ages 3+ (Blue)",https://www.amazon.com/dp/B0G8YWXVTM?th=1,1772150400000,200,美国,扮靓
1776162969765,亚马逊,B0G6L84ZYR,https://m.media-amazon.com/images/I/51kQCJf0IhL._AC_US200_.jpg,18 Pack Easter Eggs Fillers Light Up Fidget Stress Balls Easter Eggs Filled Toys Easter Basket Stuffers Glow in The Dark Egg Shaped Squishies Squeeze Ball for Kids Boys Girls Easter Hunt Party Favors,https://www.amazon.com/dp/B0G6L84ZYR?th=1,1772150400000,700,美国,Party Supplies
1776162969765,亚马逊,B0GHW25MZB,https://m.media-amazon.com/images/I/81K8T5exM+L._AC_US200_.jpg,"24 Pcs PreFilled Easter Eggs with Plush Bunny Toys,bunny keychain Decoration Stuffed Toys, Perfect for Kids Girls Boys Easter Eggs Hunt Easter Basket Stuffers Party Favors Gifts",https://www.amazon.com/dp/B0GHW25MZB?th=1,1772150400000,500,美国,Party Supplies
1776162969765,亚马逊,B0GL6NS8FL,https://m.media-amazon.com/images/I/51u4Ss0vuML._AC_US200_.jpg,"Wise Block Farm Building Blocks Set, Animal Chicken Coop Building Set Toy with Sheep Bunny Rotating Windmill, Creative Construction Gifts for Kids 485 Pcs",https://www.amazon.com/dp/B0GL6NS8FL?th=1,1772150400000,300,美国,建筑玩具
1776162969765,亚马逊,B0G8DN9DRD,https://m.media-amazon.com/images/I/51bPQl0WSZL._AC_US200_.jpg,"Magnetic Chess Game with 24PC Stones | Strings & Storage Bag | Portable Multiplayer Logic Training Board Game, Magnet Games with String, 2-in-1 Player, Travel Game",https://www.amazon.com/dp/B0G8DN9DRD?th=1,1772150400000,200,美国,游戏
1776162969765,亚马逊,B0G64F4WCG,https://m.media-amazon.com/images/I/41tHHoUbB+L._AC_US200_.jpg,"Dsmile Water Guns for Kids Adults, Outdoor Water Toys-2 Pieces Dual Nozzles Squirt Guns for Swimming Pool Beach Outdoor Water Toys",https://www.amazon.com/dp/B0G64F4WCG?th=1,1772150400000,300,美国,体育
1776162969765,亚马逊,B0G438Y9C1,https://m.media-amazon.com/images/I/81RQqSWRZ7L._AC_US200_.jpg,"iPlay, iLearn Stunt Construction Trucks for Toddlers 1-3, Baby Push Go Friction Cars, Kids Pull Back Vehicle Set, Boys Digger Roller Dump Truck, Birthday Gift 12 18 Months, 2 3 4 5 One Yrs Girls Child",https://www.amazon.com/dp/B0G438Y9C1?th=1,1772150400000,300,美国,玩具图
1776162969765,亚马逊,B0GJ376FBY,https://m.media-amazon.com/images/I/81b8GLdxwlL._AC_US200_.jpg,"Bubble Lawn Mower for Kids, 3-in-1 Bubble Machine Blower with 10 Bubble Solution, Outdoor Push Toys for Toddlers Ages 3-8, Birthday Easter Summer Gift for Boys Girls 3 4 5 6 7 8 Year Old",https://www.amazon.com/dp/B0GJ376FBY?th=1,1772150400000,400,美国,体育
1776162969765,亚马逊,B0GGHB4MCB,https://m.media-amazon.com/images/I/81tuMOKH-IL._AC_US200_.jpg,"Dinosaur Egg Excavation Dig Kit for Kids - 12Pack Easter Basket Stuffers, Glow in The Dark Dino Easter Eggs, Dinosaur Toys Easter Gift for 3 4 5 6 7 8 Year Old",https://www.amazon.com/dp/B0GGHB4MCB?th=1,1772150400000,1000,美国,学习
1776162969765,亚马逊,B0G92GP12M,https://m.media-amazon.com/images/I/417w7QFOCHL._AC_US200_.jpg,"2-in-1 Kids Microscope Telescope, Temodu 2.0"" 1000X Digital Microscope for Kids, HD Portable Education Telescope for Kids Birthday Festival Gift, Science Fun Toys for Children Age 4-12 (Blue)",https://www.amazon.com/dp/B0G92GP12M?th=1,1772150400000,200,美国,学习
1776162969765,亚马逊,B0G6D9141C,https://m.media-amazon.com/images/I/71dI5PQPt0L._AC_US200_.jpg,"Baby Pool Float with Canopy UPF50+ Sun Protection, Soft Fabric-Covered Inflatable Baby Float, No Flip Over Infant Swim Float for Baby 6-36 Months, Skin Protect Toddler Pool Floaties for Boys and Girls",https://www.amazon.com/dp/B0G6D9141C?th=1,1772150400000,400,美国,体育
1776162969765,亚马逊,B0G6D13VG9,https://m.media-amazon.com/images/I/711xrd9tvmL._AC_US200_.jpg,"Baby Pool Float with Canopy UPF50+ Sun Protection, Soft Fabric-Covered Baby Floats with Safety Seat, No Flip Over Baby floatie for Age 6-36 Months, Infant Pool Float for Toddler Boys and Girls",https://www.amazon.com/dp/B0G6D13VG9?th=1,1772150400000,700,美国,体育
1776162969765,亚马逊,B0GH6QNSMW,https://m.media-amazon.com/images/I/81OVgI8ynBL._AC_US200_.jpg,"24 Pack Easter Eggs Bulk with Multicolor Pen in One - Easter Egg Fillers & Easter Party Favors for Kids, Non-Candy Basket Stuffers for Egg Hunt Gift",https://www.amazon.com/dp/B0GH6QNSMW?th=1,1772150400000,400,美国,Party Supplies
1776162969765,亚马逊,B0GDFZ8CBK,https://m.media-amazon.com/images/I/81cPo1cMf1L._AC_US200_.jpg,"Intoypad Pool Toys for Kids Adults, Tropical Leaves Inflatable Swimming Pool Tic Tac Toe Game with 10 Balls Fun Summer Party Lake Above Ground Float Game Water Ball Toys for Kids Teens Adult （Blue",https://www.amazon.com/dp/B0GDFZ8CBK?th=1,1772150400000,200,美国,体育
1776162969765,亚马逊,B0GJCT9369,https://m.media-amazon.com/images/I/41c7GTtjRHL._AC_US200_.jpg,"Bunby - My Realistic Bunny Toy, Interactive Bunny Realistic Bunny, Bunbi Realistic Bunny, Vitality Bliss Bunny, Jumping, Twitching, and Shaking Ears (Pink)",https://www.amazon.com/dp/B0GJCT9369?th=1,1772150400000,300,美国,填充的动物
1776162969765,亚马逊,B0GJCTCTF9,https://m.media-amazon.com/images/I/71ryJ5sF7eL._AC_US200_.jpg,"Bunby - My Realistic Bunny Toy, Interactive Bunny Realistic Bunny, Bunbi Realistic Bunny, Vitality Bliss Bunny, Jumping, Twitching, and Shaking Ears (White)",https://www.amazon.com/dp/B0GJCTCTF9?th=1,1772150400000,600,美国,填充的动物
1776162969765,亚马逊,B0GCFZG64M,https://m.media-amazon.com/images/I/71F9NAUwLRL._AC_US200_.jpg,"PARENTSWELL 16 PCS Pool Toys for Kids, Diving Toys Set for Swimming Pool Including Dive Rings & Sticks, Colorful Sinking Toys for Summer Water Games, Party Favor for Boys Girls",https://www.amazon.com/dp/B0GCFZG64M?th=1,1772150400000,200,美国,体育
1776162969765,亚马逊,B0G4NBRQ66,https://m.media-amazon.com/images/I/516+iQFXLeL._AC_US200_.jpg,"5 Pack Water Gun for Kids Adults - Long Range Super Water Blaster Soaker Squirt Gun, Summer Outdoor Toy for Boys Girls Swimming Pool, Beach, Yard, Water Fighting Play Party",https://www.amazon.com/dp/B0G4NBRQ66?th=1,1772150400000,200,美国,体育
1776162969765,亚马逊,B0G1MGXVSX,https://m.media-amazon.com/images/I/51ea0kDob7L._AC_US200_.jpg,Fancy Land 50 Pcs Passover Ten Plagues Stickers for Kids Make Your Own Passover Stickers Jewish Crafts for Gifts Party Favors School Classroom Activities,https://www.amazon.com/dp/B0G1MGXVSX?th=1,1772150400000,200,美国,艺术
1776162969765,亚马逊,B0GKZMXX57,https://m.media-amazon.com/images/I/51nxZ9YUnFL._AC_US200_.jpg,"ONKULL 24 pcs Easter Pop Purse Fidget Toy Pack,Keychain for Party Favors Goodie Bag Stuffers with Keychain Toys Stress Relief Toys, Party Favors, Easter Basket Stuffers",https://www.amazon.com/dp/B0GKZMXX57?th=1,1772150400000,300,美国,Novelty & Gag Toys
1776162969765,亚马逊,B0GJDLGN5G,"https://m.media-amazon.com/images/I/51BRjiUhHmL._AC_SR200,200_.jpg",24 Pcs PreFilled Easter Eggs with Mini Resin Rabbit Animals Keychain Decoration Stuffed Toy Great for Kids Boys Girls Toddler Easter Basket Stuffers Egg Fillers,https://www.amazon.com/dp/B0GJDLGN5G?th=1,1772150400000,300,美国,Party Supplies
1776162969765,亚马逊,B0GCH716N4,https://m.media-amazon.com/images/I/51lqXHcCYEL._AC_US200_.jpg,"4 Sets Easter Reusable Sticker Books for Toddlers 1-3, Arts Crafts for Toddler 3-5, Activity Books for Kids 2-4, Toddler Toys Holiday Gifts Travel Toys Easter Basket Stuffers for Girls Boys",https://www.amazon.com/dp/B0GCH716N4?th=1,1772150400000,400,美国,艺术
1776162969765,亚马逊,B0GJ6TGX9M,https://m.media-amazon.com/images/I/41XIGkOt5wL._AC_US200_.jpg,"20 PCS White Wooden Eggs to Paint Fake Easter Eggs Dummy Faux Wooden Eggs for Crafts, Easter Decorations",https://www.amazon.com/dp/B0GJ6TGX9M?th=1,1772150400000,300,美国,扮靓
1776162969765,亚马逊,B0DS12QPL9,https://m.media-amazon.com/images/I/418FDk0YZxL._AC_US200_.jpg,"6 Pack Wooden Easter Egg Shakers, Percussion Musical Instruments for Toddlers 1-3 Year Old, Montessori Toys for Kids Boys Girls, Easter Basket Stuffers Fillers Party Favors Classroom Prize Supplies",https://www.amazon.com/dp/B0DS12QPL9?th=1,1772150400000,200,美国,学习
1776162969765,亚马逊,B0GQBBDS9F,https://m.media-amazon.com/images/I/41WxLzMso1L._AC_US200_.jpg,"2 Pack Easter Bunny Money Holder for Cash, Easter Basket Stuffers Gift, Wooden Carrot Money Holder Gifts For Teens, Kids, Gifts For Boy, Girl, Grandchildren, Basket Decorations, Holiday Gift Ideas",https://www.amazon.com/dp/B0GQBBDS9F?th=1,1772150400000,300,美国,扮靓
1776162969765,亚马逊,B0GDZX32BL,https://m.media-amazon.com/images/I/41A-oSekI+L._AC_US200_.jpg,"3Pack Ice Cube Squishy Stress Ball,1.98""*1.98"" Medium Squishy Cube Fidget Toy, Ice Cube Pieces Silent Nice Square Shape Anxiety Sensory Squishy Fidget Toy Slow Rise,Classroom Prizes,Calming Kids(3Pcs)",https://www.amazon.com/dp/B0GDZX32BL?th=1,1772150400000,200,美国,Novelty & Gag Toys
1776162969765,亚马逊,B0GF29R29B,https://m.media-amazon.com/images/I/51m3Qw4Wq6L._AC_US200_.jpg,"Hatching Dinosaur Surprise Eggs for Kids - 6 Pack Easter Basket Stuffers, Birthday Gifts for Boys & Girls Age 3 4 5 6 7 8 Years Old",https://www.amazon.com/dp/B0GF29R29B?th=1,1772150400000,500,美国,玩具图
1776162969765,亚马逊,B0GF1VRMWF,https://m.media-amazon.com/images/I/71QUSc3lHSL._AC_US200_.jpg,"Unicorn Hatching Surprise Eggs for Kids - 6 Pack Easter Basket Stuffers, Easter Egg Toddler Birthday Gifts for Boys & Girls Age 3 4 5 6 7 8 Years Old",https://www.amazon.com/dp/B0GF1VRMWF?th=1,1772150400000,1000,美国,玩具图
1776162969765,亚马逊,B0GCDC542Z,https://m.media-amazon.com/images/I/51L9MWQIa1L._AC_US200_.jpg,"JoyCat Reusable Sticker Book Set (3-Pack): Unicorn, Fairies, Mermaid - 90 Pcs Stickers for Toddlers, Kids Sticker Activity Book, Road Trip Travel Toys, Party Favors, Birthday Gifts for Baby Girls",https://www.amazon.com/dp/B0GCDC542Z?th=1,1772150400000,200,美国,艺术
1776162969765,亚马逊,B0GQH2H2QM,https://m.media-amazon.com/images/I/519EpxfAJeL._AC_US200_.jpg,"Dumpling Squishies, Glitter Dumpling Mystery Box, Colorful Dumplings Stress Balls Fidget Sensory Toy, Stocking Stuffers with Food Steamer Stretchy Desk Toys",https://www.amazon.com/dp/B0GQH2H2QM?th=1,1772150400000,10000,美国,Novelty & Gag Toys
1776162969765,亚马逊,B0GMCC839Y,https://m.media-amazon.com/images/I/71GSFs2ciPL._AC_US200_.jpg,"Stranger 5 Things Birthday Decorations, 59x35.4 in Stranger Season 5 Things Happy Birthday Banner Backdrop for Kids Birthday Party Supplies (Colorful-2)",https://www.amazon.com/dp/B0GMCC839Y?th=1,1772150400000,200,美国,Party Supplies
1776162969765,亚马逊,B0G6Z3T9ZR,https://m.media-amazon.com/images/I/51EGMUoB44L._AC_US200_.jpg,"Auto 3-Tier Sand and Water Table with Pump, Summer Outdoor Beach Outside Backyard Activity Sensory Sand Water Table, Birthday Gifts for Toddler Boys Girls Ages 3 4 5 6 7 8",https://www.amazon.com/dp/B0G6Z3T9ZR?th=1,1772150400000,200,美国,运动与户外游戏
1776162969765,亚马逊,B0GQB8NQCM,https://m.media-amazon.com/images/I/6153uaqejSL._AC_US200_.jpg,"2026 New Extra Large Cheese Squishy Toy, Slow Rising Squeeze Block, Stress & Anxiety Relief Fidget Gift for Kids and Adults",https://www.amazon.com/dp/B0GQB8NQCM?th=1,1772150400000,1000,美国,Novelty & Gag Toys
1776162969765,亚马逊,B0GQ3W2GP3,https://m.media-amazon.com/images/I/51vgIzHFtmL._AC_US200_.jpg,1 Pc Cheese Squishies Stress Relief Soft Novelty Toy Simulation Cheeses Food Squeeze Toy Birthday Gift Cute Desk Decor for Adults & Kids,https://www.amazon.com/dp/B0GQ3W2GP3?th=1,1772150400000,2000,美国,Novelty & Gag Toys
1776162969765,亚马逊,B0GMV2LN3H,https://m.media-amazon.com/images/I/71ZJzwTrvuL._AC_US200_.jpg,"INFANS 4 Seater Wagon Stroller, All-Terrain Foldable Wagon for 4 Kids with Adjustable Push Pull Handles, 5-Point Harness, Detachable Seats, Snack Tray, Insulated Organizer, Removable Canopy (Grey)",https://www.amazon.com/dp/B0GMV2LN3H?th=1,1772150400000,200,美国,三轮车、滑板车
1776162969765,亚马逊,B0GQ3MJ674,https://m.media-amazon.com/images/I/71icycMc5rL._AC_US200_.jpg,"2 Pack Creative Bubble Blower, Stress Relief Gift Mini Bubble Blowing Sticks, Portable Bubble Sticks Box, Fun Gift for Birthday Holiday Party",https://www.amazon.com/dp/B0GQ3MJ674?th=1,1772150400000,200,美国,体育
1776162969765,亚马逊,B0GD1ZB7JC,https://m.media-amazon.com/images/I/71rme+b4S2L._AC_US200_.jpg,"12 Pack Prefilled Easter Eggs with Finger Puppets, Prefilled Easter Eggs with Toys for Easter Egg Hunts, Basket Stuffers, Party Favors, Classroom Prizes, Easter Gifts for Kids and Toddlers",https://www.amazon.com/dp/B0GD1ZB7JC?th=1,1772064000000,500,美国,Party Supplies
1776162969765,亚马逊,B0GC66Z5DN,https://m.media-amazon.com/images/I/61aaswGXaYL._AC_US200_.jpg,"150PCS Magnetic Blocks - 0.8"" Magnetic Building Blocks for Kids, STEM Toys, Educational Magnet Blocks, Magnetic Cubes Tiles, Christmas Birthday Gifts for Boys & Girls Ages 3 4 5 6 7 8 9 10",https://www.amazon.com/dp/B0GC66Z5DN?th=1,1772064000000,200,美国,建筑玩具
1776162969765,亚马逊,B0GJKXKB4N,https://m.media-amazon.com/images/I/512hhTqr+AL._AC_US200_.jpg,"NIUCOO 100 Pcs Prefilled Easter Eggs with Toys Inside, Easter Basket Stuffers Fillers Bulk for Kids, Pre Filled Surprise Eggs for Easter Egg Hunt Party Favors",https://www.amazon.com/dp/B0GJKXKB4N?th=1,1772064000000,300,美国,Party Supplies
1776162969765,亚马逊,B0GL23QB5R,https://m.media-amazon.com/images/I/81dLsIVJq3L._AC_US200_.jpg,"Whats Funnier Than 24 25 Cake Topper, Yellow Sponge 25th Birthday Cake Decor, Single Sided Glitter Cardstock with Acrylic Stick, Funny 25th Birthday Supplies, Party for Women Men",https://www.amazon.com/dp/B0GL23QB5R?th=1,1772064000000,200,美国,派对用品
1776162969765,亚马逊,B0GDXMMF33,https://m.media-amazon.com/images/I/714s2OkeA9L._AC_US200_.jpg,"1500 Pieces Rotating Plastic Puzzle Board with Drawers and Cover, 35""x27"" Portable Jigsaw Puzzle Table, Durable & Waterproof, Ideal Gift for Puzzle Lovers",https://www.amazon.com/dp/B0GDXMMF33?th=1,1772064000000,200,美国,拼图
1776162969765,亚马逊,B0GPVHS53S,https://m.media-amazon.com/images/I/71n6Dj-IE7L._AC_US200_.jpg,Butter Stick Slow Rising Squeeze Toy Salted Butter Bar Slow Rising Figure Stress Relief Fidget Toy for Anxiety Relief Hand Relax,https://www.amazon.com/dp/B0GPVHS53S?th=1,1772064000000,500,美国,Novelty & Gag Toys
1776162969765,亚马逊,B0G5829VG1,https://m.media-amazon.com/images/I/71JZiijXPIL._AC_US200_.jpg,"Inflatable Pool Float Chair - Pool Floats Adult Heavy Duty, Water Floating Lounge Chairs, Blow up Floaties Adults for Summer Fun Party Lake Beach",https://www.amazon.com/dp/B0G5829VG1?th=1,1772064000000,200,美国,体育
1776162969765,亚马逊,B0G6KP38R2,https://m.media-amazon.com/images/I/81cT9NNmZ1L._AC_US200_.jpg,"TOY Life 55.9'' Kites Easy to Fly for Kids Adults with 328.1 FT String, Beach Kite Outdoor Game Outside Toys Activity, Beach Toys for Kids, Gift for Boys Ages 4-8",https://www.amazon.com/dp/B0G6KP38R2?th=1,1772064000000,400,美国,体育
1776162969765,亚马逊,B0GK7GWCTS,https://m.media-amazon.com/images/I/71AbGZiKGHL._AC_US200_.jpg,"Sprstar Easter Bunny Toy,Bunny My Realistic Bunny Toy,Hopping Rabbit Plush Bunny Toy,with Sounds and Movements Animated Walking Wiggle Ears Twitch Nose Gift for Toddlers Birthday(Brown Rabbit +Leash)",https://www.amazon.com/dp/B0GK7GWCTS?th=1,1772064000000,1000,美国,填充的动物
1776162969765,亚马逊,B0G6YRCNYS,https://m.media-amazon.com/images/I/71rNh-4mCWL._AC_US200_.jpg,"2Packs Electric Water Gun for Kids & Adults, Automatic Fill Up, Powerful Squirt Guns with 28-32 FT Long Range, Summer Outdoor Pool Beach Water Pistol/Blaster Toys",https://www.amazon.com/dp/B0G6YRCNYS?th=1,1772064000000,400,美国,体育
1776162969765,亚马逊,B0GPJ4HGQ5,https://m.media-amazon.com/images/I/61I6OT3vQ3L._AC_US200_.jpg,24Pcs for Demon Hunters Themed Stampers - Perfect Kpop Birthday Party Supplies & Goody Bag Fillers for Party Favors,https://www.amazon.com/dp/B0GPJ4HGQ5?th=1,1772064000000,500,美国,艺术
1776162969765,亚马逊,B0GD1M34S9,https://m.media-amazon.com/images/I/81xAfp+qbSL._AC_US200_.jpg,"12Pack Prefilled Easter Eggs with Toys, Easter Eggs with Die-Cast Cars for Kids, Easter Eggs Filled with Toys, Easter Basket Stuffers, Easter Egg Hunt, Party Favor, School Reward Classroom Prizes",https://www.amazon.com/dp/B0GD1M34S9?th=1,1772064000000,600,美国,Party Supplies
1776162969765,亚马逊,B0G3H3PCR1,https://m.media-amazon.com/images/I/81O4V6VPjIL._AC_US200_.jpg,"Electric Squirt Water Gun for Adult & Kids, Automatic Water Blaster Toy with Battery Powered, Long Range & High Capacity, Powerful Water Pistol for Outdoor Pool Beach Backyard Play Water Game",https://www.amazon.com/dp/B0G3H3PCR1?th=1,1772064000000,200,美国,体育
1776162969765,亚马逊,B0G6XB1KCF,https://m.media-amazon.com/images/I/716Cs3JqhFL._AC_US200_.jpg,"Easter Pop Fidget Toys for Kids, 4 Pack Rainbow Bunny and Carrot Push Bubble Sensory Toys, Easter Basket Stuffers for Kids Toddlers Boys Girls, Stress Relief Party Favors Gifts",https://www.amazon.com/dp/B0G6XB1KCF?th=1,1772064000000,900,美国,Novelty & Gag Toys
1776162969765,亚马逊,B0FSS649MR,https://m.media-amazon.com/images/I/71mo74Q-7IL._AC_US200_.jpg,24PCS Glow Fidget Spinner Pens Light Up Party Favors Treat Goodie Bags Stuffers Classroom Bulk Toys for Kids Prizes Toddlers Spinning Pens Boys Girls Birthday Easter Eggs Fillers Return Gifts,https://www.amazon.com/dp/B0FSS649MR?th=1,1772064000000,600,美国,Party Supplies
1776162969765,亚马逊,B0G3Q5XXS7,https://m.media-amazon.com/images/I/71Y9I3eNXoL._AC_US200_.jpg,"24 Pack Prefilled Easter Eggs with Squishy Fruits Toys Inside for Kids, Easter Basket Stuffers Fillers Mochi Stress Relief Toys for Easter Hunt, Party Favor, Easter Gifts, Classroom Prizes",https://www.amazon.com/dp/B0G3Q5XXS7?th=1,1772064000000,500,美国,Party Supplies
1776162969765,亚马逊,B0GHND1N9F,https://m.media-amazon.com/images/I/818AjCynJcL._AC_US200_.jpg,"LUBUYILD 24PCS Easter Eggs with Pop Fidget Toys Keychains for Kids Girls Boys Easter Basket Stuffers, Egg Hunt Prizes and Party Favors",https://www.amazon.com/dp/B0GHND1N9F?th=1,1772064000000,1000,美国,Party Supplies
1776162969765,亚马逊,B0GD1ZX8P5,https://m.media-amazon.com/images/I/71HW3o8TlrL._AC_US200_.jpg,"Prefilled Easter Eggs with Toys, 12 Pack Prefilled Easter Eggs with Finger Puppets, Ideal for Easter Egg Hunts, Basket Stuffers, Party Favors, Classroom Prizes, Easter Gifts for Kids Toddlers",https://www.amazon.com/dp/B0GD1ZX8P5?th=1,1772064000000,600,美国,Party Supplies
1776162969765,亚马逊,B0GKFHP79Q,https://m.media-amazon.com/images/I/71ysTYgsoNL._AC_US200_.jpg,12 Pack Prefilled Princess Easter Eggs with Princess Bracelets and Rings Inside Jewelry Party Favor for Easter Basket Stuffers,https://www.amazon.com/dp/B0GKFHP79Q?th=1,1772064000000,300,美国,Party Supplies
1776162969765,亚马逊,B0GKX1TQTT,https://m.media-amazon.com/images/I/618cmHAt3lL._AC_US200_.jpg,"Wind-Up Surprise Eggs, Boom Eggs, Rotate The Egg to Hatch a Walking Animal, Animal Hatching Surprise Egg Toy, Easter’s Latest Gift, Fun Easter Party Favors (Dinosaur)",https://www.amazon.com/dp/B0GKX1TQTT?th=1,1772064000000,200,美国,新颖性
1776162971647,亚马逊,B0GL8C179D,https://m.media-amazon.com/images/I/81GDyV+jZ0L._AC_US200_.jpg,"Skillmatics Foil Fun Bluey - Mess-Free Art & Craft Kits for Kids, DIY Creative Activity, Travel Toys, Gifts for Girls & Boys Ages 4, 5, 6, 7, 8 and Up",https://www.amazon.com/dp/B0GL8C179D?th=1,1772064000000,300,美国,艺术
1776162971647,亚马逊,B0FXM53W8M,https://m.media-amazon.com/images/I/51THUexp3GL._AC_US200_.jpg,"LACCHOUFEE 200Pcs Prefilled Easter Eggs with Toys, Filled Easter Eggs for Basket Stuffers Fillers Includes Assorted Toys Plus Sticky Hands - Kids Boy Girl Party Favors Classroom Prize Supplies",https://www.amazon.com/dp/B0FXM53W8M?th=1,1772064000000,400,美国,Party Supplies
1776162971647,亚马逊,B0FXM4R7Y5,https://m.media-amazon.com/images/I/51THUexp3GL._AC_US200_.jpg,"LACCHOUFEE 100Pcs Prefilled Easter Eggs with Toys, Filled Easter Eggs for Basket Stuffers Fillers Includes Assorted Toys Plus Sticky Hands - Kids Boy Girl Party Favors Classroom Prize Supplies",https://www.amazon.com/dp/B0FXM4R7Y5?th=1,1772064000000,400,美国,Party Supplies
1776162971647,亚马逊,B0GFVZVHR3,https://m.media-amazon.com/images/I/810ESDIrVcL._AC_US200_.jpg,"Beach Sand Toys Set with 2 PCS Adjustable Shark Tooth Sifter, Collapsible Beach Bucket,Sandbox Shovels,Sand Castle Kit,Diving Gem,Seashell Bags,Sand Sifter Shell Scooper Beach Essentials for kids 3-12",https://www.amazon.com/dp/B0GFVZVHR3?th=1,1772064000000,700,美国,运动与户外游戏
1776162971647,亚马逊,B0GGZB512Q,https://m.media-amazon.com/images/I/5138W+yPq0L._AC_US200_.jpg,"24 Pcs Prefilled Easter Eggs with Brain Teaser Puzzles Toys for Kids,Easter Basket Stuffers Filled with Metal Montessori Solving Bulk 3D Unlock Logic Gifts for Boys Girls,Party Favors",https://www.amazon.com/dp/B0GGZB512Q?th=1,1772064000000,1000,美国,扮靓
1776162971647,亚马逊,B0GCZQ4DJ7,https://m.media-amazon.com/images/I/812XGfx2imL._AC_US200_.jpg,"[ 6 Surprise Golden Eggs ] 100 Pack Prefilled Easter Eggs with Assorted Toys Inside, 100 Plastic Easter Eggs Fillers with Toys, Pre-filled Easter Egg Hunt Stuffed Party Favors, Easter Basket Stuffers",https://www.amazon.com/dp/B0GCZQ4DJ7?th=1,1772064000000,500,美国,Party Supplies
1776162971647,亚马逊,B0GCD96HDQ,https://m.media-amazon.com/images/I/71T5z0+nhYL._AC_US200_.jpg,48PCS Easter Eggs Empty Plastic Eggs Bulk Fillable Easter Eggs for Easter Hunt Basket Stuffers Fillers Party Favor Classroom Prize Supplies.,https://www.amazon.com/dp/B0GCD96HDQ?th=1,1772064000000,400,美国,Party Supplies
1776162971647,亚马逊,B0G5WBHWCF,https://m.media-amazon.com/images/I/81KxyglvcpL._AC_US200_.jpg,"200 PCS 2.4 Inch Plastic Easter Eggs Bulk Include Surprise Golden Eggs, Colorful Fillable Empty Eggs for Easter Basket Stuffers Fillers Easter Hunt Filling Party Favors Classroom Prize Supplies",https://www.amazon.com/dp/B0G5WBHWCF?th=1,1772064000000,400,美国,Party Supplies
1776162971647,亚马逊,B0GQ3QQ6T2,https://m.media-amazon.com/images/I/41vllnH4PKL._AC_US200_.jpg,Jumbo Cheese Squishy Big Giant Large Cube Block Slow Rising Squeeze Toy squeezable Stress Relief Rebounding Sensory Fidget for Kids Adults Yellow Soft Rebound Novelty Gift Cute Party Favors (4.7in),https://www.amazon.com/dp/B0GQ3QQ6T2?th=1,1772064000000,400,美国,Novelty & Gag Toys
1776162971647,亚马逊,B0GQ3KH1YD,https://m.media-amazon.com/images/I/61Zp9WfzNHL._AC_US200_.jpg,Jumbo Cheese Squishy Big Giant Large Cube Block Slow Rising Squeeze Toy squeezable Stress Relief Rebounding Sensory Fidget for Kids Adults Yellow Soft Rebound Novelty Gift Cute Party Favors (2.4in),https://www.amazon.com/dp/B0GQ3KH1YD?th=1,1772064000000,1000,美国,Novelty & Gag Toys
1776162971647,亚马逊,B0GDF18H7T,https://m.media-amazon.com/images/I/51hRY0vLoHL._AC_US200_.jpg,"Easter Bunny Toy,Bunby Realistic Rabbit Toy,Easter Realistic Rabbit Toys,Interactive Plush Bunny,Realistic Bunny Can Walk and Talk,Lifelike Movements, Hops,Twitches & Wiggles Ears,Easter Gift(White)",https://www.amazon.com/dp/B0GDF18H7T?th=1,1772064000000,1000,美国,填充的动物
1776162971647,亚马逊,B0G5X3X6KC,https://m.media-amazon.com/images/I/71huppq6L0L._AC_US200_.jpg,"Tub Works® Mermaid Lagoon™ Light Up Bath Toys, 6 Pack | Water-Activated Light Up Toys Flash & Change Color | Easy-Grip Baby Girl & Toddler Bath Toys | Sensory Mermaid Toy Bathtub Toys with Bath Lights",https://www.amazon.com/dp/B0G5X3X6KC?th=1,1772064000000,4000,美国,婴幼儿
1776162971647,亚马逊,B0GGRDB676,https://m.media-amazon.com/images/I/51OYp4cGjTL._AC_US200_.jpg,"Budbof 24 Pack Easter Egg Fillers with Stress Balls, Fidget Toys Squeeze Balls for Kids - Easter Basket Stuffers for Boys Girls, Sensory Relief Toys for Egg Hunt Party Favors Classroom Prizes",https://www.amazon.com/dp/B0GGRDB676?th=1,1772064000000,500,美国,Party Supplies
1776162971647,亚马逊,B0GGH44LBW,https://m.media-amazon.com/images/I/71xTVENKglL._AC_US200_.jpg,"24 Pcs Easter Eggs with Mochi Squishy Toys, Animal Stress Reliever Squishy Toy for Kids Easter Eggs Hunt, Party Favor, Basket Stuffers, Classroom Prize Supplies",https://www.amazon.com/dp/B0GGH44LBW?th=1,1772064000000,1000,美国,Novelty & Gag Toys
1776162971647,亚马逊,B0GFDT4MN2,https://m.media-amazon.com/images/I/515-bfLDL4L._AC_US200_.jpg,"CPSYUB 24 Pack Easter Eggs LED Finger Lights, Glow-in-the-Dark Party Favors, Light-Up Finger Lights for Easter Egg Hunt, Easter Basket Stuffers, Party Favors for Boys and Girls",https://www.amazon.com/dp/B0GFDT4MN2?th=1,1772064000000,300,美国,Party Supplies
1776162971647,亚马逊,B0GD6R6RQV,https://m.media-amazon.com/images/I/51VsW9EUzdL._AC_US200_.jpg,"Bonropin Easter Balloon Garland Arch Kit with Pastel Happy Easter Balloons and Bunny, Carrot, Resurrection eggs, Easter wreaths Foil Balloons for Baby Shower Party, Spring Birthday, Easter Decorations",https://www.amazon.com/dp/B0GD6R6RQV?th=1,1772064000000,200,美国,派对用品
1776162971647,亚马逊,B0G38X7S3S,https://m.media-amazon.com/images/I/81897GJQb0L._AC_US200_.jpg,24PCS LED Light Up Fidget Spinner Bracelets Glow Party Favors for Kids 4-8 8-12 Goodie Bag Stuffers Classroom Treasure Chest Box Toys Carnival Prizes Pinata Birthday Return End of Year Student Gifts,https://www.amazon.com/dp/B0G38X7S3S?th=1,1772064000000,500,美国,Party Supplies
1776162971647,亚马逊,B0GDWNFWK9,https://m.media-amazon.com/images/I/816coT9BzgL._AC_US200_.jpg,"Easter Eggs Magnetic Wooden Animal Train for Kids,Easter Basket Stuffers,Easter Eggs Surprise Train,Montessori Magnetic Train Toy Christmas Countdown Gift for Toddlers,Boys and Girls (Train)",https://www.amazon.com/dp/B0GDWNFWK9?th=1,1772064000000,1000,美国,派对用品
1776162971647,亚马逊,B0G64VX1MF,https://m.media-amazon.com/images/I/71Sec6F7-FL._AC_US200_.jpg,"Mud Kitchen for Kids Outdoor, Vintage Mud Kitchen with Planter Box - Includes Rich Gardening Tools & Cooking Accessories, Wooden Kids Play Kitchen with Faucet, Stove, Sink, Oven, Flowerpots",https://www.amazon.com/dp/B0G64VX1MF?th=1,1772064000000,200,美国,扮靓
1776162971647,亚马逊,B0GML4P822,https://m.media-amazon.com/images/I/81mKTWjHUkL._AC_US200_.jpg,"Easter Taba Squishy Chicken Nest Egg Kit - Easter Basket Stuffers for Kids, Teens - Basket Essentials for Boys & Girls Ages 7 8 9 10 11 12 - Taba Squishies Gift - Squeeze Toys - Squishys Fidget Toys",https://www.amazon.com/dp/B0GML4P822?th=1,1772064000000,1000,美国,Novelty & Gag Toys
1776162971647,亚马逊,B0GHZYXBLG,https://m.media-amazon.com/images/I/71jSbKafZnL._AC_US200_.jpg,Demon Stampers Hunter Birthday Party Supplies Goody Bag Treat Stuff Gifts 24Pcs,https://www.amazon.com/dp/B0GHZYXBLG?th=1,1772064000000,200,美国,艺术
1776162971647,亚马逊,B0GJ2SR9DT,https://m.media-amazon.com/images/I/51xIy4CGAZL._AC_US200_.jpg,"Toddler Water Table - Sensory Table for Kids with 28 Piece Sand Water Toy Set, Outdoor Water Play Table with Rain Shower Sprinkler, Summer Easter Gift STEM Toy for Boys Girls Ages 3 4 5 6 7 8",https://www.amazon.com/dp/B0GJ2SR9DT?th=1,1772064000000,300,美国,运动与户外游戏
1776162971647,亚马逊,B0GPWH7N37,https://m.media-amazon.com/images/I/71kjvsV16fL._AC_US200_.jpg,"Glitter Dumpling, Glitter Dumpling Squishy Box, Dumplings Squishy, Anxiety Relief Fidget, Soft Squeeze Decompression Dough (1PC-A)",https://www.amazon.com/dp/B0GPWH7N37?th=1,1772064000000,2000,美国,Novelty & Gag Toys
1776162971647,亚马逊,B0FLRSD245,https://m.media-amazon.com/images/I/41iVUNLBDhL._AC_US200_.jpg,"Teeturtle Reversible Sanrio Hello Kitty Plushie 4-Inch Easter Egg Two-Sided Flip Plush Toy with Embroidered Details - Cute Mini Collectible Plush for Kids, Teens, and Adults",https://www.amazon.com/dp/B0FLRSD245?th=1,1772064000000,300,美国,填充的动物
1776162971647,亚马逊,B0GDCY91TV,https://m.media-amazon.com/images/I/31atKC288KL._AC_US200_.jpg,"shiguangji Bunny Stuffed Animal Plush Toy 11.8 in, Soft Rabbit Plush for Babies and Toddlers, Cuddly Bunny Toy for Nursery Decor and Easter Gift (White)",https://www.amazon.com/dp/B0GDCY91TV?th=1,1772064000000,700,美国,填充的动物
1776162971647,亚马逊,B0GH5WNBPZ,https://m.media-amazon.com/images/I/61V9o9pSY9L._AC_US200_.jpg,Xzentira Easter Stickers Roll 500 Pcs Easter Egg Stickers 1.5 Inch Colorful Egg Patterns Adhesive Labels for Kids School Classroom Party Favors DIY Craft Decoration and Gift Sealing,https://www.amazon.com/dp/B0GH5WNBPZ?th=1,1772064000000,400,美国,艺术
1776162971647,亚马逊,B0GP9NL48R,https://m.media-amazon.com/images/I/51IZh69EfhL._AC_US200_.jpg,"Chochkees 6-Pack Easter Egg Chalk, Sidewalk Chalk for Kids, Easter Basket Stuffers Gifts Fillers, Perfect For Easter Egg Hunt, Party Favors, 2.5"" Inch",https://www.amazon.com/dp/B0GP9NL48R?th=1,1772064000000,3000,美国,艺术
1776162971647,亚马逊,B0GHY3HF9S,https://m.media-amazon.com/images/I/819knI5OUiL._AC_US200_.jpg,"21 Pcs Pixel Styled Gamer Cake Decorations, Cute Happy Birthday Cake Toppers, Birthday Party Supplies, Suitable for Birthday Parties, Themed Parties, Holiday Celebrations, and Similar Occasions.",https://www.amazon.com/dp/B0GHY3HF9S?th=1,1772064000000,400,美国,派对用品
1776162971647,亚马逊,B0GFN7L3YF,https://m.media-amazon.com/images/I/5121tDm7VxL._AC_US200_.jpg,"Kids Gardening Set - Gardening Tools for Kids includes Watering Can, Shovel, Rake, Gloves, Waterproof Apron and Garden Tote Bag, Children Garden Tool Outdoor Toys Gifts for Boys Girls Age 3 4 5 6 7 8",https://www.amazon.com/dp/B0GFN7L3YF?th=1,1772064000000,300,美国,体育
1776162971647,亚马逊,B0GJ5KHZV5,https://m.media-amazon.com/images/I/519DsHQDgXL._SS200_.jpg,"Baby Toys 6-12-18 Months - My First Plush Bunny Burrow with Stuffed Animals, Rattle, Crinkle, Teether, Montessori Sensory Toys for Babies Toddlers 1-3, Baby Easter Basket Stuffers for Boys Girls Gifts",https://www.amazon.com/dp/B0GJ5KHZV5?th=1,1772064000000,600,美国,婴幼儿
1776162971647,亚马逊,B0GFK6NJM1,https://m.media-amazon.com/images/I/51mBrVNOEGL._AC_US200_.jpg,"NIUCOO 24 Pcs Prefilled Easter Eggs with Squishy Animal Toys, Easter Eggs Stuffers Filled, Eggs for Easter Egg Hunt Prefilled, Easter Basket Fillers for Boys Girls Easter Party Favors",https://www.amazon.com/dp/B0GFK6NJM1?th=1,1772064000000,300,美国,Party Supplies
1776162971647,亚马逊,B0GDZJ1SPG,https://m.media-amazon.com/images/I/51NhrsLdbnL._AC_US200_.jpg,"Gytera 12 Pcs Easter Slime, Eggs Squishy Slime Kit - Stretchy, Non-Sticky, Mess-Free, Stress Relief, and Safe - Squishy Toys for Easter Basket Stuffers Easter Gifts",https://www.amazon.com/dp/B0GDZJ1SPG?th=1,1772064000000,200,美国,新颖性
1776162971647,亚马逊,B0GQ3992KP,https://m.media-amazon.com/images/I/41vLXeB+IWL._AC_US200_.jpg,Cheese Squishy Novelty Fidget Toy Big Huge Mini Yellow Squeeze Soft Charming Butter Squeezy Stress Sensory Slow Rising Rebounding Ball Block Cube Cheeseball Relief Favors Gifts(2''),https://www.amazon.com/dp/B0GQ3992KP?th=1,1772064000000,200,美国,Novelty & Gag Toys
1776162971647,亚马逊,B0GD85PD19,https://m.media-amazon.com/images/I/516w8bUDtwL._AC_US200_.jpg,"Golden Easter Eggs，24 Pack Plastic Easter Eggs Fillable Empty for Gift Baskets or Egg Hunt-2.3""",https://www.amazon.com/dp/B0GD85PD19?th=1,1772064000000,200,美国,Party Supplies
1776162971647,亚马逊,B0GPXBCLDB,https://m.media-amazon.com/images/I/51-zpmq3mwL._AC_US200_.jpg,"Yellow Cheese Squeeze Toy,Soft Novelty Toy, Rebounding Sensory,Help for Relax,Focus, Stress Relief Sensory Toy for Kids Adults, Cute Desk Toy Gift Food Theme Cheese Cubes(2.76 in)",https://www.amazon.com/dp/B0GPXBCLDB?th=1,1772064000000,500,美国,Novelty & Gag Toys
1776162971647,亚马逊,B0GQ85NSGM,https://m.media-amazon.com/images/I/41NlpSLn7BL._AC_US200_.jpg,"4PCS Butter Squishy, Super Soft Butter-Shaped Slow Rising Squeeze, Stress Relief Anxiety Relaxation Squishies, Ideal for Birthday Gifts, Party Favors, Classroom Prizes, Easter Basket Stuffers",https://www.amazon.com/dp/B0GQ85NSGM?th=1,1772064000000,200,美国,Novelty & Gag Toys
1776162971647,亚马逊,B0GLQ4GVJQ,https://m.media-amazon.com/images/I/519sZv4bslL._AC_US200_.jpg,Squeezable Toy Fruit Ball Realistic Strawberry Model Party Favor Slow Rise Pressure Release Toy Adults,https://www.amazon.com/dp/B0GLQ4GVJQ?th=1,1772064000000,300,美国,Novelty & Gag Toys
1776162971647,亚马逊,B0GPWX2NNY,https://m.media-amazon.com/images/I/51pLOCgK74L._AC_US200_.jpg,"Squishy Fidget Toy Giant Cheese Squeezable Stress Relief Sensory Toys for Adults, Cute Party Favors, 3.94x3.94x3.54''",https://www.amazon.com/dp/B0GPWX2NNY?th=1,1772064000000,400,美国,Novelty & Gag Toys
1776162971647,亚马逊,B0GF6STPCJ,https://m.media-amazon.com/images/I/81MO6wssgxL._AC_US200_.jpg,"VGOFUN Diving Pool Toys for Kids Ages 3-12, Swimming Pool Toys Water Sinking Toys with Diving Gem Pirate Treasure Chest, Mermaid Toys, Dive Rings Sticks Torpedo Storage Bag for Summer Party Favor",https://www.amazon.com/dp/B0GF6STPCJ?th=1,1772064000000,200,美国,体育
1776162971647,亚马逊,B0GK53HB3X,https://m.media-amazon.com/images/I/71m+gNenX7L._AC_US200_.jpg,"okcool Rechargeable Water Table Pump(Huge Water Output),Kids Sand Water Play Pump,Whale-Shaped Design,Suitable for Most Water Table on Market for Maximum Fun in Water Table for Kids",https://www.amazon.com/dp/B0GK53HB3X?th=1,1772064000000,400,美国,运动与户外游戏
1776162971647,亚马逊,B0GMPP9RNY,https://m.media-amazon.com/images/I/71Jp8joP33L._AC_US200_.jpg,First Communion Banner Kit 9 x 14 Inches Felt Holy Communion Banner First Communion Grapes Craft 1st Communion Banner Kit for Church Sunday School Boys Girls DIY Catholic (Pink),https://www.amazon.com/dp/B0GMPP9RNY?th=1,1772064000000,200,美国,Party Supplies
1776162971647,亚马逊,B0GKMG2FHX,https://m.media-amazon.com/images/I/81nxDMd9b0L._AC_US200_.jpg,"3Pack Demon Hunters Toys, Demon Hunters Dolls Set, 11.5-inch Poseable Dolls with Movable Joints, Collectible Model Toys for Fans and Kids Game Gift",https://www.amazon.com/dp/B0GKMG2FHX?th=1,1771977600000,1000,美国,玩具图
1776162971647,亚马逊,B0G6JXBW17,https://m.media-amazon.com/images/I/71P1vyl79vL._AC_US200_.jpg,"Pinkcow Plastic Easter Eggs Fillable Empty - 100 Pack 2.3"" Colorful Pastel Eggs Mix Gold Eggs Bulk with Hinge for Easter Basket Stuffers, Egg Hunt Supplies, Party Favor Decorations, Kids Gifts",https://www.amazon.com/dp/B0G6JXBW17?th=1,1771977600000,200,美国,Party Supplies
1776162971647,亚马逊,B0GD7Q9X32,https://m.media-amazon.com/images/I/51--ZZjIdhL._AC_US200_.jpg,"Puzzles for Adults 1000 Pieces, Jigsaw Puzzle for Adults, Fun Challenging Puzzle, Bunny Duo Eggstravaganza Puzzles Game, Interlock Perfectly No Dust, Gifts for Easter Mother’s Day",https://www.amazon.com/dp/B0GD7Q9X32?th=1,1771977600000,200,美国,拼图
1776162971647,亚马逊,B0GCLNCL7R,https://m.media-amazon.com/images/I/511uqy8FMAL._AC_US200_.jpg,"Musical Penguin Educational Toys for 1,2 Year Old Boy Gifts, Learning Toy for Toddlers 1-3 Yr with 5-Theme Pages, Lights & Music, First Birthday Gift for 1-2 Year Old 12-18 Month Age (Blue)",https://www.amazon.com/dp/B0GCLNCL7R?th=1,1771977600000,300,美国,婴幼儿
1776162971647,亚马逊,B0GH8D8ZGC,https://m.media-amazon.com/images/I/61gb30yf1TL._AC_US200_.jpg,Lemoneon 99 Nights in the Forest Birthday Party Decorations Supplies Happy Birthday Banner Cake Cupcake Toppers Balloons Hanging Swirls Background,https://www.amazon.com/dp/B0GH8D8ZGC?th=1,1771977600000,200,美国,派对用品
1776162971647,亚马逊,B0GKG1ZJCK,https://m.media-amazon.com/images/I/71k8L7C04aL._AC_US200_.jpg,YQUQWN Easter Bunny Sensory Activity Board 4 Pcs Double Sided Silicone Fidget Toy with 24 Silicone Strings for Kids Boys Girls Calming for Anxiety Easter Basket Stuffers Party Favors Gifts,https://www.amazon.com/dp/B0GKG1ZJCK?th=1,1771977600000,500,美国,Novelty & Gag Toys
1776162971647,亚马逊,B0GJ6G6T6Q,https://m.media-amazon.com/images/I/81L+tK7QyyL._AC_US200_.jpg,Kederwa 24 Pack Prefilled Easter Eggs with Bunny Keychains Easter Egg Fillers with Plush Keychain for Kids Basket Stuffers for Girl Boys,https://www.amazon.com/dp/B0GJ6G6T6Q?th=1,1771977600000,200,美国,Party Supplies
1776162971647,亚马逊,B0GLQLQR72,https://m.media-amazon.com/images/I/71vJz5Jr7xL._AC_US200_.jpg,"Drawing Robot with 200 Upgraded Drawing Cards for Kids 3 4 5 6 7 8 Year Old, Voice Interactive Educational Drawing Machine, Montessori Learning & Painting Toy, Rechargeable 4-in-1 Robot for Boys Girls",https://www.amazon.com/dp/B0GLQLQR72?th=1,1771977600000,200,美国,Learning & Education
1776162971647,亚马逊,B0FVXCWY8X,https://m.media-amazon.com/images/I/51QspQUqZvL._AC_US200_.jpg,"36 pcs 3D Printed Animal Figurines Set, Articulated Animal Figurines, Easter Eggs, Easter Basket Stuffers, Party Favor, for Easter Egg Hunts, for Girls and Boys (Colorful)",https://www.amazon.com/dp/B0FVXCWY8X?th=1,1771977600000,400,美国,玩具图
1776162971647,亚马逊,B0GPV561M1,https://m.media-amazon.com/images/I/41suoHfeBGL._AC_US200_.jpg,"Cheese Squeeze Block, Yellow Big Cheese Squishy, Cheese Squeeze Fidget Toy, Squishy Cheeses, Soft Novelty Rebounding Toy for Adults, Yellow Cute Party Kit",https://www.amazon.com/dp/B0GPV561M1?th=1,1771977600000,200,美国,Novelty & Gag Toys
1776162971647,亚马逊,B0GK7NVFR9,https://m.media-amazon.com/images/I/41cDU-OxQbL._AC_US200_.jpg,"Easter Bunny Toy,Bunny My Realistic Bunny Toy,Hopping Rabbit Plush Bunny Toy,with Sounds and Movements Animated Walking Wiggle Ears Twitch Nose Gift for Toddlers Birthday(White Rabbit + Leash)",https://www.amazon.com/dp/B0GK7NVFR9?th=1,1771977600000,800,美国,填充的动物
1776162971647,亚马逊,B0GKG4NSG4,https://m.media-amazon.com/images/I/81hbW7SIvPL._AC_US200_.jpg,"12 pcs Easter Egg Fillers Building Kits,Easter Bricks Toy Gift Easter Egg Fillers, Teen Easter Basket Stuffers for Boys Girls, Prefilled Easter Eggs for Building Blocks",https://www.amazon.com/dp/B0GKG4NSG4?th=1,1771977600000,1000,美国,建筑玩具
1776162971647,亚马逊,B0G64C5X37,https://m.media-amazon.com/images/I/81BdPext-+L._AC_US200_.jpg,"4 Pack Water Guns for Kids and Adult, Long Range 600ML Water Squirter, Colorful Super Blaster Soaker with Clear Visible Water Tank, Swimming Pool Summer Beach Outdoor Fighting Toys",https://www.amazon.com/dp/B0G64C5X37?th=1,1771977600000,1000,美国,体育
1776162971647,亚马逊,B0GHZHNYKN,https://m.media-amazon.com/images/I/61X7rzMOr2L._AC_US200_.jpg,"Light Up Bath Toys,No Hole Mold Free Baby Bath Toys,Ocean Animal Water-Activated Lights Flashes and Change Color,Sensory Lights Toys for Babies and Toddlers,Bathtub,Shower,Water Table, Pool",https://www.amazon.com/dp/B0GHZHNYKN?th=1,1771977600000,300,美国,婴幼儿
1776162971647,亚马逊,B0GCMT1YJ5,https://m.media-amazon.com/images/I/71OIgzFSlHL._AC_US200_.jpg,"Vahome Musical Penguin Educational Toys for 1,2 Year Old Girl Gifts, Learning Toy for Toddlers 1-3 Yr with 5-Theme Pages, Lights & Music, First Birthday Gift for 1-2 Year Old 12-18 Month Age (Pink)",https://www.amazon.com/dp/B0GCMT1YJ5?th=1,1771977600000,400,美国,婴幼儿
1776162971647,亚马逊,B0F83P1165,https://m.media-amazon.com/images/I/71QK9G8MRmL._AC_US200_.jpg,"Vahome Musical Crawling Turtle Toy for Babies 3–12 Months, Light-up Educational Baby Toy for 6 7 8 9 10-12 Month Old Boy Girl, Bilingual Development Infant Gifts for 3 4 5 6-12 Months (Green)",https://www.amazon.com/dp/B0F83P1165?th=1,1771977600000,300,美国,婴幼儿
1776162971647,亚马逊,B0FZJLY3VB,https://m.media-amazon.com/images/I/81AgbfNkQcL._AC_US200_.jpg,"Water Guns for Kids Adults Toddler, High-Capacity Foam Squirt Gun Toy, Summer Fun Water Toys for Pool Outdoor Beach Games, Water Blaster for Ages 4-8 8-12 Boys Backyard Party Play (6.3"" 6PCS)",https://www.amazon.com/dp/B0FZJLY3VB?th=1,1771977600000,200,美国,体育
1776162971647,亚马逊,B0GGJ4Q2H1,https://m.media-amazon.com/images/I/71pnt634ZFL._AC_US200_.jpg,EA Kun Supplies 12 Pcs Easter Basket Stuffers Insect Building Blocks Eggs Prefilled Plastic Easter Eggs with Building Blocks for Basket Stuffers Toys Egg Hunt for Boys Girls Party Favors,https://www.amazon.com/dp/B0GGJ4Q2H1?th=1,1771977600000,300,美国,建筑玩具
1776162971647,亚马逊,B0GJD2HD6J,https://m.media-amazon.com/images/I/71oTGHxIOfL._AC_US200_.jpg,"Easter Basket Stuffers - Handmade Crochet Bunny for Teens Boys Girls - Easter Egg Fillers for Kids Son, Graduation Birthday Gift for College Friend, Positive Appreciation Gifts for Teacher Coworker",https://www.amazon.com/dp/B0GJD2HD6J?th=1,1771977600000,300,美国,填充的动物
1776162971647,亚马逊,B0GHNCK42K,https://m.media-amazon.com/images/I/71nkOkz0nfL._AC_US200_.jpg,"172 Pack Easter Egg Fillers,Easter Basket Stuffers for Kids Boys Girls, Easter Party Favors Assorted Toys for Easter Egg Hunt,Classroom Prize Supplies,Basket Stuffers Fillers for kids,Party Favors",https://www.amazon.com/dp/B0GHNCK42K?th=1,1771977600000,400,美国,Party Supplies
1776162971647,亚马逊,B0FSD55H5T,https://m.media-amazon.com/images/I/71hABBeEvBL._AC_US200_.jpg,"12 Pack Prefilled Easter Eggs Filled with Animal Finger Puppets Toys Inside, Easter Basket Stuffers Fillers, Easter Egg Hunt, Easter Party Favors Classroom Prizes Supplies",https://www.amazon.com/dp/B0FSD55H5T?th=1,1771977600000,300,美国,Party Supplies
1776162971647,亚马逊,B0FSPL9S6Q,https://m.media-amazon.com/images/I/71xFmxopB4L._AC_US200_.jpg,"12Pack Prefilled Easter Eggs with Animal Finger Puppets, Filled Easter Eggs with Toys Inside for Easter Basket Stuffers, Easter Eggs Hunt, Easter Party Favors, Classroom Prize Supplies",https://www.amazon.com/dp/B0FSPL9S6Q?th=1,1771977600000,300,美国,Party Supplies
1776162971647,亚马逊,B0GCDSG865,https://m.media-amazon.com/images/I/81vR66l5xeL._AC_US200_.jpg,24 Pack Prefilled Easter Eggs with 48 Pcs Sticky Hands Toys for Kids - Plastic Easter Eggs with Sticky Hands Boys Girls Easter Basket Stuffers Fillers Party Favors Egg Hunt Classroom Prizes,https://www.amazon.com/dp/B0GCDSG865?th=1,1771977600000,900,美国,Party Supplies
1776162971647,亚马逊,B0GM6LH9XD,https://m.media-amazon.com/images/I/41jDDoZh4gL._AC_US200_.jpg,"Four Candies Crayons for Kids 12 Colors, Non Toxic Washable Crayons for Toddlers 1-3, Unbreakable Easy-Grip Water-Drop Shape for Little Hands, Art Supplies for Kids Toddlers Coloring Gift",https://www.amazon.com/dp/B0GM6LH9XD?th=1,1771977600000,1000,美国,艺术
1776162971647,亚马逊,B0GD6VM3R4,https://m.media-amazon.com/images/I/51VLoSaRqmL._AC_US200_.jpg,"VGOFUN Diving Pool Toys for Kids Ages 3-12, 21 Pcs Mermaid Pool Toys with Golden Pirate Treasure Chest, Summer Underwater Game Toys Pool Dive Torped Rings Gems Swim Toy with Storage Bag for Girls Boys",https://www.amazon.com/dp/B0GD6VM3R4?th=1,1771977600000,300,美国,体育
1776162971647,亚马逊,B0G524RLNW,https://m.media-amazon.com/images/I/51y3sjqs92L._AC_US200_.jpg,"24-Piece Easter Egg Stamp Set for Easter Egg Hunt Games with 50 Stickers, Basket Stuffers and Party Favors, Assorted Self-Inking Stamps for Classroom Exchanges and Prize Supplies Gifts, DIY Craft Toys",https://www.amazon.com/dp/B0G524RLNW?th=1,1771977600000,300,美国,Party Supplies
1776162971647,亚马逊,B0GDXNZZTL,https://m.media-amazon.com/images/I/61pPl8CYKBL._AC_US200_.jpg,"JCFIRE 100 PCS Easter Stickers for Kids, Waterproof Vinyl Cute Bunny & Egg Decals, Ultimate Easter Basket Stuffers for Toddlers, Teens, Boys & Girls, Egg Fillers, Party Favors, Crafts & Decorations",https://www.amazon.com/dp/B0GDXNZZTL?th=1,1771977600000,1000,美国,艺术
1776162971647,亚马逊,B0GPW2Q4RF,https://m.media-amazon.com/images/I/41ZxT6ajd2L._AC_US200_.jpg,"Digital Camera for Kids, 48MP FHD 1080P Point and Shoot Digital Cameras with 16X Zoom Anti-Shake, Compact Portable Cameras for Photography, for Boys Girls Teens Beginners",https://www.amazon.com/dp/B0GPW2Q4RF?th=1,1771977600000,200,美国,儿童电子产品
1776162971647,亚马逊,B0GF6QVBBD,https://m.media-amazon.com/images/I/51cU4SnQWUL._AC_US200_.jpg,24 Pack Prefilled Easter Eggs with Mini Pop Keychain Fidget Toys Easter Eggs Filled for Kids Boys Girls Easter Basket Stuffers Party Favors Fillers Hunt,https://www.amazon.com/dp/B0GF6QVBBD?th=1,1771977600000,400,美国,Novelty & Gag Toys
1776162971647,亚马逊,B0GNDM2WW7,https://m.media-amazon.com/images/I/51JvSlfS3rL._AC_US200_.jpg,"2-Pack Kids Exercise Hoops for Ages 3-5, 58cm 8-Section Detachable & Adjustable Fitness Hoops, Lightweight Play Circle for Indoor Outdoor Active Games, Gift for Toddlers Girls Boys",https://www.amazon.com/dp/B0GNDM2WW7?th=1,1771977600000,200,美国,体育
1776162971647,亚马逊,B0FY2DNBPN,https://m.media-amazon.com/images/I/51UwDRRqLvL._AC_US200_.jpg,"24 Pack Easter Egg Fillers with Metal Brain Teaser Puzzle Set Toys, Easter Eggs Hunts Filling Easter Basket Stuffers Stress Relief Toys Classroom Game for Kids Teens Boys Girls Easter Party Favor",https://www.amazon.com/dp/B0FY2DNBPN?th=1,1771977600000,1000,美国,Party Supplies
1776162971647,亚马逊,B0GL8B827M,https://m.media-amazon.com/images/I/51iRP24Y2zL._AC_US200_.jpg,"Skillmatics Foam Sticker Art – Disney Princess, 800+ 3D Foam Stickers, Mess-Free Fun for Kids, DIY Felt Craft Kits, Gifts for Fans of Cinderella, Belle, Rapunzel, Ages 3, 4, 5, 6, 7",https://www.amazon.com/dp/B0GL8B827M?th=1,1771977600000,300,美国,艺术
1776162971647,亚马逊,B0GK19MXWT,https://m.media-amazon.com/images/I/81APd7AT0aL._AC_US200_.jpg,"Easter Egg Fillers - 60pcs Easter Egg Tokens, Easter Eggs Filled Basket Stuffers Essentials Prefilled Party Favors Supplies, Family Games Hunt Prize Bulk Activity Gifts for Boys Girls Teens Exchanges",https://www.amazon.com/dp/B0GK19MXWT?th=1,1771977600000,1000,美国,Party Supplies
1776162971647,亚马逊,B0GDF589RM,https://m.media-amazon.com/images/I/31fciT9aLCL._AC_US200_.jpg,"Bunby Realistic Rabbit Toy,Easter Realistic Rabbit Toys,Interactive Plush Bunny,Realistic Bunny Can Walk and Talk,Lifelike Movements, Hops,Twitches & Wiggles Ears,Handmade,Easter Gift(Pink)",https://www.amazon.com/dp/B0GDF589RM?th=1,1771977600000,700,美国,填充的动物
1776162971647,亚马逊,B0GGC1LKPV,https://m.media-amazon.com/images/I/61uh65nAe4L._AC_US200_.jpg,"Easter Squishy Puffer Toys for Kids, 3-Pack Soft Squeeze Stress Toys, Cute Animal Squishies for Party Favors, Classroom Prizes, Gift Bags & Basket Stuffers, Non-Candy Easter Toys for Boys & Girls",https://www.amazon.com/dp/B0GGC1LKPV?th=1,1771977600000,300,美国,Novelty & Gag Toys
1776162971647,亚马逊,B0FS2V17T4,https://m.media-amazon.com/images/I/51ArGgNC84L._AC_US200_.jpg,"12 Pack Prefilled Easter Eggs Filled with Animal Car Toys for Easter Eggs Hunt, Easter Basket Stuffers, Easter Eggs Fillers, Easter Surprise Theme Party Favors Classroom Prize Supplies",https://www.amazon.com/dp/B0FS2V17T4?th=1,1771977600000,300,美国,Party Supplies
1776162971647,亚马逊,B0GPPL3LS9,https://m.media-amazon.com/images/I/51nUsnlCfBL._AC_US200_.jpg,"500Pcs Bling Sparkly Easter Bunny Stickers, 1.2'' x 0.8'' 1 Roll of 5 Colors | Easter Basket Essentials Stuff, Spring Self-Adhesive Rabbit Stickers for Seal Envelope Cards Decor Holiday Party Supplies",https://www.amazon.com/dp/B0GPPL3LS9?th=1,1771977600000,300,美国,艺术
1776162971647,亚马逊,B0G64FS75M,https://m.media-amazon.com/images/I/61RYr9A12YL._AC_US200_.jpg,"Dsmile 2 Pack Water Guns for Kids Adults, Dual Nozzles Squirt Guns for Swimming Pool Beach Outdoor Water Toys for Boys Girls Children",https://www.amazon.com/dp/B0G64FS75M?th=1,1771977600000,300,美国,体育
1776162971647,亚马逊,B0G6BKSRL5,https://m.media-amazon.com/images/I/71XK2CnYTpL._AC_US200_.jpg,"Spanish & English 420 Words Bilingual Talking Flash Cards for Toddlers 1 2 3 4 5 6 Year Olds, Montessori Learning Toys, Pocket Speech Therapy Autism Toys, Sensory Preschool Educational Birthday Gift",https://www.amazon.com/dp/B0G6BKSRL5?th=1,1771977600000,300,美国,学习
1776162971647,亚马逊,B0G7G5NJHG,https://m.media-amazon.com/images/I/71t7v2zqBsL._AC_US200_.jpg,"nicknack 60 PCS Easter Mini Fidget Spinners Goodie Bags Stuffers for Kids Bulk Fidget Toy Party Favors Goodie Bag Stuffers for Stress Relief Sensory Toys for Classroom Prizes, Return Gifts for Kids",https://www.amazon.com/dp/B0G7G5NJHG?th=1,1771977600000,400,美国,新颖性
1776162971647,亚马逊,B0GKDZZZH7,https://m.media-amazon.com/images/I/81kQdUB8uDL._AC_US200_.jpg,"Pagather 24 Colors Mini Watercolor Travel Set, Portable Watercolor Kit with Water Brush, Pocket Size Painting Set for Beginners, Hobbyists & Artists",https://www.amazon.com/dp/B0GKDZZZH7?th=1,1771977600000,200,美国,艺术
1776162971647,亚马逊,B0GJZLHWQS,https://m.media-amazon.com/images/I/81i-EKcAeOL._AC_US200_.jpg,"24Pcs Mini Water Gun,Small Plastic Squirt Blasters Outdoor Fighting Toy for Kids Summer Activities,Beach,Swimming Pool,Party Favors",https://www.amazon.com/dp/B0GJZLHWQS?th=1,1771977600000,200,美国,体育
1776162971647,亚马逊,B0GCL6PSS9,https://m.media-amazon.com/images/I/51tDfDWS5rL._AC_US200_.jpg,"Amandir 153pcs Pastel Balloon Arch Garland Kit, Different Sizes 18 12 10 5 inch Pink Blue Green Latex Rabbit Print Confetti Colorful Balloons for Spring Wedding Rainbow Birthday Party Decorations",https://www.amazon.com/dp/B0GCL6PSS9?th=1,1771977600000,300,美国,派对用品
1776162971647,亚马逊,B0GFD4ZHB1,https://m.media-amazon.com/images/I/41CXOOnKwtL._AC_US200_.jpg,"Musical Penguin Learning Toys for 1 Year Old Boy Gifts, Educational Baby Toys for 1-3 Year with 5 Themes, Sound & Light, First Word Teaching, 1st First Birthday Boy Girl Gifts for 12-18 Months",https://www.amazon.com/dp/B0GFD4ZHB1?th=1,1771977600000,300,美国,婴幼儿
1776162971647,亚马逊,B0GDZN7Q4B,"https://m.media-amazon.com/images/I/51kSxWGFmPL._AC_SR200,200_.jpg","18PCS 3D Printed Snake Toy, Easter Basket Stuffers Mini Mystery Crystal Egg Fidget Toy, 3D Printed Animals Unique Easter Basket Essentials for Kids,Party Favors for Kids 8-12 (18PCS-B)",https://www.amazon.com/dp/B0GDZN7Q4B?th=1,1771977600000,200,美国,玩具图
1776162971647,亚马逊,B0GJCD7KQB,https://m.media-amazon.com/images/I/71TXwNjYAzL._AC_US200_.jpg,Hopping Bunny with Carrot Interactive Electronic Pet Plush Bunny Toy with Sounds and Movements Animated Walking Wiggle Ears Twitch Nose Gift for Toddlers Birthday Easter (Pink),https://www.amazon.com/dp/B0GJCD7KQB?th=1,1771977600000,300,美国,填充的动物
1776162971647,亚马逊,B0GDQMSXFM,https://m.media-amazon.com/images/I/81KUhiU3v4L._AC_US200_.jpg,"HYES 2 in 1 Pool Basketball Hoop, Floating Pool Toys with 4 Balls/8 Ring Toss Game for Kids Ages 4-8, Indoor Outdoor Water Basketball for Poolside Family Party for Adults Kids 8-12, Blue",https://www.amazon.com/dp/B0GDQMSXFM?th=1,1771977600000,200,美国,体育
1776162971647,亚马逊,B0GD7LW8G7,https://m.media-amazon.com/images/I/51SukUJ4xvL._AC_US200_.jpg,"Puzzles for Adults 1000 Pieces, Jigsaw Puzzle for Adults, Fun Challenging Puzzle, A Basket of Easter Egg Wonders Puzzles Game, Interlock Perfectly No Dust, Gifts for Easter Earth Day",https://www.amazon.com/dp/B0GD7LW8G7?th=1,1771977600000,400,美国,拼图
1776162971647,亚马逊,B0GG9RJN64,https://m.media-amazon.com/images/I/81wtDOdnlbL._AC_US200_.jpg,"9 PCS Easter Party Decorations,KSKSPE Easter Honeycomb Centerpieces for Tables Centerpieces 3D Easter Theme Party Decor Supplies,Black",https://www.amazon.com/dp/B0GG9RJN64?th=1,1771977600000,200,美国,派对用品
1776162971647,亚马逊,B0GP3331TQ,https://m.media-amazon.com/images/I/71un5LPCrlL._AC_US200_.jpg,"Regal Games Spoons Card Games for Kids - Spoons Game, Deck of Cards, Fun Family Games for Kids and Adults, Playing Cards, Game Night, Travel Games, 3-5 Multi-Player Card Game, Games for Adults",https://www.amazon.com/dp/B0GP3331TQ?th=1,1771977600000,200,美国,游戏
1776162971647,亚马逊,B0GK556P3N,https://m.media-amazon.com/images/I/71EEAy1iWeL._AC_US200_.jpg,"Card Game for Cubans – Questions, Challenges, and Humor | Party Game for Cuban Friends and Family | Trivia Game in Spanish | 2+ Players | Recommended for Adults",https://www.amazon.com/dp/B0GK556P3N?th=1,1771977600000,200,美国,游戏
1776162971647,亚马逊,B0FSD91JXK,https://m.media-amazon.com/images/I/51k9neP1VgL._AC_US200_.jpg,"24pcs Prefilled Easter Eggs Filled with Glow in The Dark Dinosaurs Toys Inside, Easter Basket Stuffers, Easter Eggs Hunts, Classroom Prize Party Favors Supplies",https://www.amazon.com/dp/B0FSD91JXK?th=1,1771977600000,300,美国,Party Supplies
1776162971647,亚马逊,B0FQ1MHP88,https://m.media-amazon.com/images/I/51Zzi8DIDBL._AC_US200_.jpg,"DOLIVE Dinosaur Playdough Sets for Kids Ages 3-5, 5 Dino 3D Toys with Adventure Map, Toddler Easter Basket Stuffers, Easter Dino Play Dough Eggs Molds Toys Gifts",https://www.amazon.com/dp/B0FQ1MHP88?th=1,1771977600000,200,美国,艺术
1776162971647,亚马逊,B0GG9XZSY1,https://m.media-amazon.com/images/I/41UsAL-dpRL._AC_US200_.jpg,"Pin The Tail on The Bunny Game for Kids, Easter Game with 40 Pcs Tails Stickers for Easter Egg Hunt Activities, Carnival Birthday Party Decoration",https://www.amazon.com/dp/B0GG9XZSY1?th=1,1771977600000,200,美国,Party Supplies
1776162971647,亚马逊,B0GCS3YLKL,https://m.media-amazon.com/images/I/417pLS-duLL._AC_US200_.jpg,"Easter Basket Stuffers - 24Pack Easter Bunny Toys with Realistic Bunny Design for Easter Egg Fillers, Party Decorations & Kids Gifts",https://www.amazon.com/dp/B0GCS3YLKL?th=1,1771977600000,400,美国,玩具图
1776162971647,亚马逊,B0CSJZRSZM,https://m.media-amazon.com/images/I/91t-S5Pm3KL._AC_US200_.jpg,"COcnny Passover Plague Finger Puppets - 30pcs Ten Plagues Felt Finger Puppet Making Kit for Kids, Make Your Own Hand Tosys for Jewish Pesach Seder, Passover Toy Party Supplies (10 Styles)",https://www.amazon.com/dp/B0CSJZRSZM?th=1,1771977600000,200,美国,木偶
1776162971647,亚马逊,B0GL1NVYCJ,https://m.media-amazon.com/images/I/61kI4+C9tvL._AC_US200_.jpg,FUYIHGL® 2PCS Mahjong Rack with Pusher Storage Bag: 2 Compartments Fits 4 American Mah Jongg Racks Pushers - Pink Soft Velvet Sleeve with Drawstring - Travel Mah Jongg Accessories and Gifts,https://www.amazon.com/dp/B0GL1NVYCJ?th=1,1771977600000,200,美国,游戏
1776162971647,亚马逊,B0G6L3SST4,https://m.media-amazon.com/images/I/51NemnfpnhL._AC_US200_.jpg,"Kids Stand Karaoke Machine Toys for 3 4 5 6 7 8 Year Old Girls Gift, Kid Rechargeable Microphone Toddler Birthday Gift Singing Toy for Girl Ages 3-5 4-6, Portable Bluetooth Speaker with 2 Mics",https://www.amazon.com/dp/B0G6L3SST4?th=1,1771977600000,800,美国,儿童电子产品
1776162971647,亚马逊,B0G7XK6MV1,https://m.media-amazon.com/images/I/41rK21iHmtL._AC_US200_.jpg,"Stand Karaoke Machine Toy for Kids Ages 3-5 4-6 5-7 Birthday Gifts for 3 4 5 6 7 8 Year Old Boy, Kid Rechargeable Karaoke Microphone with 2 Wireless Mics, Bluetooth Speaker Toddlers Boys Party Toys",https://www.amazon.com/dp/B0G7XK6MV1?th=1,1771977600000,200,美国,儿童电子产品
1776162973556,亚马逊,B0G6LBYTJ2,https://m.media-amazon.com/images/I/71CnI6ACt0L._AC_US200_.jpg,"Stand Karaoke Machine for Kids, Singing Toys Gifts for 3 4 5 6 7 8 Year Old Girls Boys, Rechargeable Kid Microphone Bluetooth Speaker with 2 Wireless Mic for Girl Age 4-6 Toddler Birthday Party Toy",https://www.amazon.com/dp/B0G6LBYTJ2?th=1,1771977600000,1000,美国,儿童电子产品
1776162973556,亚马逊,B0GPXS39TS,https://m.media-amazon.com/images/I/41GfjUGtPGL._AC_US200_.jpg,"Bicycle Sparkler Playing Cards – Made in USA - Tribute to American Flag & Dazzling Fireworks Deck, Bold Patriotic Collectible Card Set for Fourth of July Parties, Americana Gifts, Family Game Night",https://www.amazon.com/dp/B0GPXS39TS?th=1,1771977600000,200,美国,游戏
1776162973556,亚马逊,B0G6DPZYJ4,https://m.media-amazon.com/images/I/813lBIKIIlL._AC_US200_.jpg,Jasonwell Pool Diving Toys Games - 20PCS Swimming Mermaid Pool Toys with Dive Rings Gems Beach Ball Underwater Treasures Seaweeds Fish Swim Toy etc Bath Water Toy Training Gifts for Kids Adult,https://www.amazon.com/dp/B0G6DPZYJ4?th=1,1771977600000,600,美国,体育
1776162973556,亚马逊,B0GFDHV947,https://m.media-amazon.com/images/I/81thMcSe3YL._AC_US200_.jpg,"Christian Bible Jigsaw Puzzle for Kids, 70 Piece Jesus Floor Puzzle for Kids, Jesus’ Triumphal Entry Puzzle Educational Toy for Sunday School, Holy Week, Palm Sunday – Gift for Boys & Girls Ages 3-8",https://www.amazon.com/dp/B0GFDHV947?th=1,1771977600000,1000,美国,拼图
1776162973556,亚马逊,B0GDQFYX75,https://m.media-amazon.com/images/I/5180quviOAL._AC_US200_.jpg,"HYES 2 in 1 Pool Basketball Hoop with Ring Toss, Floating Pool Toys - Anti-Tip Stable Base - with 4 Balls/8 Rings/Pump - Summer Water Basketball Games Indoor Outdoor Gifts for Kids 4-8 & Adults, Red",https://www.amazon.com/dp/B0GDQFYX75?th=1,1771977600000,200,美国,体育
1776162973556,亚马逊,B0GDQFDV5J,https://m.media-amazon.com/images/I/81O7WvcgSPL._AC_US200_.jpg,"HYES 2 in 1 Pool Basketball Hoop with Ring Toss, Floating Pool Toys - Anti-Tip Stable Base - with 4 Balls/8 Rings/Pump - Summer Water Basketball Games Indoor Outdoor Gifts for Kids 4-8 & Adults, Red",https://www.amazon.com/dp/B0GDQFDV5J?th=1,1771977600000,300,美国,体育
1776162973556,亚马逊,B0GJ3JJ7DM,https://m.media-amazon.com/images/I/71tYmveq1dL._AC_US200_.jpg,"Toddler Toys for 1 2 Year Old Boys Educational Dinosaur Slide Toys with 4 Push Car Toys for Baby 12-18 Months,First Birthday Easter Gifts for Kids,Montessori Learning Race Car Track Ages 1-2 (Pink)",https://www.amazon.com/dp/B0GJ3JJ7DM?th=1,1771977600000,200,美国,婴幼儿
1776162973556,亚马逊,B0GPWDNRGP,https://m.media-amazon.com/images/I/411pbGTXFxL._AC_US200_.jpg,"Slow Rebound Cute Butter Squeeze Stress Balls, 2026 New Squeeze Ball Realistic Butter Stick Soft Squeeze Toys, Upgrade Stress Relief Fidget Toys Wet Slow Rebound Stress Relief Toy (BeigeX2)",https://www.amazon.com/dp/B0GPWDNRGP?th=1,1771977600000,200,美国,Novelty & Gag Toys
1776162973556,亚马逊,B0GPVLW7MY,https://m.media-amazon.com/images/I/51sDzNaLtaL._AC_US200_.jpg,"Slow Rebound Cute Butter Squeeze Stress Balls, 2026 New Squeeze Ball Realistic Butter Stick Soft Squeeze Toys, Upgrade Stress Relief Fidget Toys Wet Slow Rebound Stress Relief Toy (Beige)",https://www.amazon.com/dp/B0GPVLW7MY?th=1,1771977600000,2000,美国,Novelty & Gag Toys
1776162973556,亚马逊,B0GC6NQKFF,https://m.media-amazon.com/images/I/91XrylOSRFL._AC_US200_.jpg,"300PCS Magnetic Blocks - 0.8"" Magnetic Building Blocks for Kids, STEM Toys, Educational Magnet Blocks, Magnetic Cubes Tiles, Christmas Birthday Gifts for Boys & Girls Ages 3 4 5 6 7 8 9 10",https://www.amazon.com/dp/B0GC6NQKFF?th=1,1771977600000,300,美国,建筑玩具
1776162973556,亚马逊,B0GPRMW6QP,https://m.media-amazon.com/images/I/519ek9yGrtL._AC_US200_.jpg,Itzy Ritzy - Bitzy Driver Steering Wheel Wagon and Stroller Activity Toy,https://www.amazon.com/dp/B0GPRMW6QP?th=1,1771977600000,800,美国,婴幼儿
1776162973556,亚马逊,B0GF2HBT2W,https://m.media-amazon.com/images/I/816YXot5npL._AC_US200_.jpg,"AIR BLOW Reusable Water Painting Book for Kids, 4 Pack Mess-Free Water Coloring Books with Water Pen Fairy Tale, Ocean & Animal Themes for Ages 3+, Portable Educational Travel Activity Toys",https://www.amazon.com/dp/B0GF2HBT2W?th=1,1771977600000,300,美国,艺术
1776162973556,亚马逊,B0GDZFXZNR,https://m.media-amazon.com/images/I/41vgM70jZML._AC_US200_.jpg,"HYES Water Table for Toddlers 3-5, 3-Tier Kids Splash Sand Table Water Toys with Umbrella, Rain Showers Splash Pond for Outdoor Beach Backyard Summer, Activity Sensory Playset for Boys Girls, Red",https://www.amazon.com/dp/B0GDZFXZNR?th=1,1771977600000,500,美国,运动与户外游戏
1776162973556,亚马逊,B0GDZPSDYD,https://m.media-amazon.com/images/I/7145fB6N86L._AC_US200_.jpg,"HYES Water Table for Toddlers 3-5, 3-Tier Kids Splash Sand Table Water Toys with Umbrella, Rain Showers Splash Pond for Outdoor Beach Backyard Summer, Activity Sensory Playset for Boys Girls, Blue",https://www.amazon.com/dp/B0GDZPSDYD?th=1,1771977600000,1000,美国,运动与户外游戏
1776162973556,亚马逊,B0GLNDC13Q,https://m.media-amazon.com/images/I/81t1QZfQxsL._AC_US200_.jpg,"Automatic Flower Bubble Machine for Kid, Handheld&Standing 2 in1 Rechargeable Bubble Maker with Lights for Parties, 28in to 41in Adjustment Height Bubble Machine for Toddlers,Idea for Outdoor Toy",https://www.amazon.com/dp/B0GLNDC13Q?th=1,1771977600000,500,美国,体育
1776162973556,亚马逊,B0GGYTYXRN,https://m.media-amazon.com/images/I/41l2Zv0c4gL._AC_US200_.jpg,"Axolotl Squishy Stress Ball, Soft TPR Slow Rising Squeeze Toy, Cute Axolotl Fidget Toy for Stress Relief, Anxiety Calming Sensory Toy for Kids Adults(Purple BigEars Axolotl)",https://www.amazon.com/dp/B0GGYTYXRN?th=1,1771891200000,200,美国,Novelty & Gag Toys
1776162973556,亚马逊,B0G34LK27C,https://m.media-amazon.com/images/I/71IJGeF+q3L._AC_US200_.jpg,Easter Eggs 2.4” - Red Fillable Easter Eggs - 12 Pcs Easter Basket Stuffers - Red Eggs Bowl and Vase Filler Faux for DIY Spring and Easter Decorations (Red),https://www.amazon.com/dp/B0G34LK27C?th=1,1771891200000,200,美国,Party Supplies
1776162973556,亚马逊,B0GPSDNFLD,https://m.media-amazon.com/images/I/51F7UEUbW7L._AC_US200_.jpg,Matchbox '62 Volkswagen Beetle [Yellow] Marshmallow Candy Themed - 1:64 Scale Diecast Toy Vehicle,https://www.amazon.com/dp/B0GPSDNFLD?th=1,1771891200000,300,美国,车辆
1776162973556,亚马逊,B0GNJPGHYY,https://m.media-amazon.com/images/I/715dZyLV+KL._AC_US200_.jpg,MTG Legendary Pack 40 Count with Guaranteed Legendary Creature,https://www.amazon.com/dp/B0GNJPGHYY?th=1,1771891200000,200,美国,游戏
1776162973556,亚马逊,B0GKQFW91X,https://m.media-amazon.com/images/I/516Xpl25xjL._AC_US200_.jpg,Demon Stickers Hunter Birthday DIY Make Your Own Face Party Cartoon Sticker Sheets Teens Idol Laptop Skateboard Phone Case for Classroom(32PCS),https://www.amazon.com/dp/B0GKQFW91X?th=1,1771891200000,400,美国,艺术
1776162973556,亚马逊,B0GH5N69G3,https://m.media-amazon.com/images/I/81-r-Bak50L._AC_US200_.jpg,"Easter Basket Stuffers - 24 Pack Easter Eggs with Brain Teaser Puzzles Toys for Older Kids Teens and Adults, Egg Hunt Prizes, Classroom Gifts and Party Favors for Boys Girls",https://www.amazon.com/dp/B0GH5N69G3?th=1,1771891200000,1000,美国,Party Supplies
1776162973556,亚马逊,B0GGZ2ZH88,https://m.media-amazon.com/images/I/41cn5Q6A-8L._AC_US200_.jpg,"Axolotl Squishy Stress Ball, Soft TPR Slow Rising Squeeze Toy, Cute Axolotl Fidget Toy for Stress Relief, Anxiety Calming Sensory Toy for Kids Adults(Green BigEars Axolotl)",https://www.amazon.com/dp/B0GGZ2ZH88?th=1,1771891200000,300,美国,Novelty & Gag Toys
1776162973556,亚马逊,B0FF4HXW7P,https://m.media-amazon.com/images/I/812Kul8gqCL._AC_US200_.jpg,"Unicorn Academy, Train & Glow River Unicorn with Isabel, 3 Training Accessories & Light up Effect, Dolls & Unicorn Toys for Girls Ages 4 and up",https://www.amazon.com/dp/B0FF4HXW7P?th=1,1771891200000,300,美国,玩具图
1776162973556,亚马逊,B0GKZWZYLQ,https://m.media-amazon.com/images/I/61wk5UF7CnL._AC_US200_.jpg,"haakaa Tidal Tribe Waterfall Bath Toy Set - Mold Free Food Grade Silicone Bathtub Pouring Toys for Toddler 1-3, BPA-Free Bath Tub Toys for Babies & Infant 6-12 Months",https://www.amazon.com/dp/B0GKZWZYLQ?th=1,1771891200000,400,美国,婴幼儿
1776162973556,亚马逊,B0GFVBT4NP,https://m.media-amazon.com/images/I/81j+DsgZsxL._AC_US200_.jpg,12 Pcs Prefilled Easter Eggs with Mini Alloy Construction Vehicles for Kids Push and Go Die-cast Engineering Vehicles Easter Basket Stuffers Egg Hunt Party Favors Classroom Prizes for Boys,https://www.amazon.com/dp/B0GFVBT4NP?th=1,1771891200000,300,美国,Party Supplies
1776162973556,亚马逊,B0GGZ5S4PY,https://m.media-amazon.com/images/I/71OTPOSKJVL._AC_US200_.jpg,"Axolotl Squishy Stress Ball, Soft TPR Slow Rising Squeeze Toy, Cute Axolotl Fidget Toy for Stress Relief, Anxiety Calming Sensory Toy for Kids Adults(Orange Lie Axolotl)",https://www.amazon.com/dp/B0GGZ5S4PY?th=1,1771891200000,300,美国,Novelty & Gag Toys
1776162973556,亚马逊,B0G5X679PX,https://m.media-amazon.com/images/I/51UWTrcXxYL._AC_US200_.jpg,"500 PCS 2.4 Inch Plastic Easter Eggs Bulk Include Surprise Golden Eggs, Colorful Fillable Empty Eggs for Easter Basket Stuffers Fillers Easter Hunt Filling Party Favors Classroom Prize Supplies",https://www.amazon.com/dp/B0G5X679PX?th=1,1771891200000,200,美国,Party Supplies
1776162973556,亚马逊,B0GCBJ8WFS,https://m.media-amazon.com/images/I/51jZu6--XWL._AC_US200_.jpg,"24PCS Animal Bubble Wands for Wild One Birthday Baby Shower Decorations Safari Jungle Theme Party Favors Supplies, Pinata Goodie Bags Filler, Classroom Prizes, Valentines Gifts, Easter Stuffers",https://www.amazon.com/dp/B0GCBJ8WFS?th=1,1771891200000,200,美国,体育
1776162973556,亚马逊,B0GD79WWN2,https://m.media-amazon.com/images/I/81bV0QBRXEL._AC_US200_.jpg,"Easter Egg Fillers & Basket Stuffers - Prefilled Easter Eggs, 12 Pcs Dinosaur Toys & Real Gemstones, Scientific Gifts with Story Cards for Kids, Easter Toys Party Favor foe Egg Hunt",https://www.amazon.com/dp/B0GD79WWN2?th=1,1771891200000,1000,美国,Party Supplies
1776162973556,亚马逊,B0GCVHHQPV,https://m.media-amazon.com/images/I/71xhXf8toSL._AC_US200_.jpg,"12 Pcs Filled Easter Eggs with Plush Bunny 6.2"", Prefilled Bright Colorful Bunnies for Kids and Toddlers, Easter Basket Stuffers and Party Favors, Classroom Prize Supplies",https://www.amazon.com/dp/B0GCVHHQPV?th=1,1771891200000,300,美国,Party Supplies
1776162973556,亚马逊,B0GFVT6X6V,https://m.media-amazon.com/images/I/81C6kjjDeEL._AC_US200_.jpg,24 Pack Prefilled Easter Egg with Plush Bunny Bulk for Toddlers Kids Mini Stuffed Animal Rabbit Easter Egg Fillers Easter Basket Stuffers Egg Hunts Party Favor Classroom Prizes for Boys and Girls,https://www.amazon.com/dp/B0GFVT6X6V?th=1,1771891200000,300,美国,Party Supplies
1776162973556,亚马逊,B0GKB44BPQ,https://m.media-amazon.com/images/I/51oCQIfPs-L._AC_US200_.jpg,"Toyland® 26"" (66cm) Monster Jam™ Number 4 Foil Balloon - Large Monster Truck Birthday Balloon - Party Decoration, Air or Helium, Self Sealing",https://www.amazon.com/dp/B0GKB44BPQ?th=1,1771891200000,400,美国,派对用品
1776162973556,亚马逊,B0GKB1N9WM,https://m.media-amazon.com/images/I/51BjJ7bHKLL._AC_US200_.jpg,"Toyland® 26"" (66cm) Monster Jam™ Number 5 Foil Balloon - Large Monster Truck Birthday Balloon - Party Decoration, Air or Helium, Self Sealing",https://www.amazon.com/dp/B0GKB1N9WM?th=1,1771891200000,300,美国,派对用品
1776162973556,亚马逊,B0GGHW8X47,https://m.media-amazon.com/images/I/71sql60z0kL._AC_US200_.jpg,"2026 Graduation Cupcake Toppers 48 Pack, Pre-Assembled Food & Appetizer Picks, Black Gold Grad Cap & Diploma Cupcake Decorations for Graduation Party",https://www.amazon.com/dp/B0GGHW8X47?th=1,1771891200000,300,美国,Party Supplies
1776162973556,亚马逊,B0GD7L741C,https://m.media-amazon.com/images/I/51n6a2iVlyL._AC_US200_.jpg,"Easter Basket Stuffers, Prefilled Easter Eggs with Quiet Sensory Fidgets, Textured Stone & Suction Toys & Spinner Ring for Kids Calming, Autism Anxiety Tools Classroom Prizes (12 PCS)",https://www.amazon.com/dp/B0GD7L741C?th=1,1771891200000,700,美国,Party Supplies
1776162973556,亚马逊,B0G9JXJ5XZ,https://m.media-amazon.com/images/I/81H6N9CdkIL._AC_US200_.jpg,"Easter Basket Stuffers, 4 Pcs 3D Printed Easter Egg with Bunny Figure Toys Prefilled, Flexible Articulated, Multicolor Bunny Figures, for Kids, Easter Basket Essentials, for Easter Egg Hunts",https://www.amazon.com/dp/B0G9JXJ5XZ?th=1,1771891200000,500,美国,玩具图
1776162973556,亚马逊,B0FX8T4DSW,https://m.media-amazon.com/images/I/41JWrDy-WIL._AC_US200_.jpg,"Easter Bunny Stress Balls 2.6"" - 6Pcs Bunny Squishy for Easter Egg Fillers, Easter Basket Stuffers for Teens, Party Favors Squeeze Toys",https://www.amazon.com/dp/B0FX8T4DSW?th=1,1771891200000,200,美国,Novelty & Gag Toys
1776162973556,亚马逊,B0G5Q1H3QH,https://m.media-amazon.com/images/I/512dJsIuIuL._AC_US200_.jpg,"24 Pack Easter Egg Fillers Plush Bunny Toys, Mini Stuffed Animal Eggs for Kids Easter Basket Stuffers, Colorful Bunny for Toddler Teens Boys Girls Easter Party Favors & Egg Hunt Surprises",https://www.amazon.com/dp/B0G5Q1H3QH?th=1,1771891200000,500,美国,Party Supplies
1776162973556,亚马逊,B0G5Q7HBYX,https://m.media-amazon.com/images/I/51E-5pZ-oeL._AC_US200_.jpg,"36 Pack Easter Egg Fillers Plush Bunny Toys, Mini Stuffed Animal Eggs for Kids Easter Basket Stuffers, Colorful Bunny for Toddler Teens Boys Girls Easter Party Favors & Egg Hunt Surprises",https://www.amazon.com/dp/B0G5Q7HBYX?th=1,1771891200000,400,美国,Party Supplies
1776162973556,亚马逊,B0GFNB12KD,https://m.media-amazon.com/images/I/51Qq9gbhpIL._AC_US200_.jpg,"50PCS Flying Chicken Slingshot, Funny Stretchy Prank Gag Toys, Birthday Goodie Bag Filler, Classroom Prizes Party Favors Activity Gift",https://www.amazon.com/dp/B0GFNB12KD?th=1,1771891200000,200,美国,新颖性
1776162973556,亚马逊,B0GCBTC5WK,https://m.media-amazon.com/images/I/51724pMzgYL._AC_US200_.jpg,"16 Pack Easter Eggs Filled with Brain Teaser Puzzles, Easters Egg Stuffers for Kids Teens Boys Girls, Easter Basket Stuffers for Kids Teens Adults, Eggs Fillers Hunt Game, Classroom Prize Supplies",https://www.amazon.com/dp/B0GCBTC5WK?th=1,1771891200000,400,美国,拼图
1776162973556,亚马逊,B0GCCDTLGB,https://m.media-amazon.com/images/I/51flzxrI+WL._AC_US200_.jpg,48PCS Easter Eggs Empty Plastic Eggs Bulk Fillable Easter Eggs for Easter Hunt Basket Stuffers Fillers Party Favor Classroom Prize Supplies.,https://www.amazon.com/dp/B0GCCDTLGB?th=1,1771891200000,200,美国,Party Supplies
1776162973556,亚马逊,B0GFT9YJ7W,https://m.media-amazon.com/images/I/51T9U28EmqL._AC_US200_.jpg,"20 PCS Easter Egg Fillers with Pull Back Car, Prefilled Easter Toys Gifts for 3-8 Year Old Boys Girls Kids Toddlers, Party Favors Classroom Prize Supplies",https://www.amazon.com/dp/B0GFT9YJ7W?th=1,1771891200000,300,美国,Party Supplies
1776162973556,亚马逊,B0GD14DBDP,https://m.media-amazon.com/images/I/81DAHLaVYVL._AC_US200_.jpg,"12Pcs Easter Eggs Filled Multicolored LED Chicks & Ducks Puffer Balls Squeeze Toys,Stress Relief Fidget Toys,Sensory Toys for Kids,Party Favors,Easter Basket Stuffers,Extra Gift with 12 Slap Bracelets",https://www.amazon.com/dp/B0GD14DBDP?th=1,1771891200000,600,美国,Party Supplies
1776162973556,亚马逊,B0G6LJLJVC,https://m.media-amazon.com/images/I/91LIy+ArsAL._AC_US200_.jpg,"Grastfu 100 Pack Prefilled Easter Eggs with Assorted Toys Inside 6 Surprise Golden Eggs, 100 Plastic Easter Eggs Fillers with Fidget Toys, Easter Basket Stuffers Hunt Party Favors for Kids Boys Girls",https://www.amazon.com/dp/B0G6LJLJVC?th=1,1771891200000,700,美国,Party Supplies
1776162973556,亚马逊,B0GGNKQ3MJ,https://m.media-amazon.com/images/I/611gMQ2b3kL._AC_US200_.jpg,"SHIRIA 12 PCS Easter Bunny Plush Toys Decorations, Cute Animal Bunny Stuffed Doll, Party Favors and Classroom Prize Supplies, Easter Basket Stuffers Gift for Girls Boys",https://www.amazon.com/dp/B0GGNKQ3MJ?th=1,1771891200000,1000,美国,填充的动物
1776162973556,亚马逊,B0FRNRD8N1,https://m.media-amazon.com/images/I/81LvcbK5TmL._AC_US200_.jpg,"Painted Easter Egg and Spoon Race Game Set, Family Game for Kids & Family Activity Holiday Outdoor Yard Easter Egg Hunt Birthday Party Front Lawn",https://www.amazon.com/dp/B0FRNRD8N1?th=1,1771891200000,300,美国,Party Supplies
1776162973556,亚马逊,B0GJ9NT5M8,https://m.media-amazon.com/images/I/91Iip9LEWDL._AC_US200_.jpg,"ropoda Upgraded 23 inches Horse Race Board Game with 11 Upgraded Luxury Horses,Foldable Wood Horse Racing Board Game with 100 Pcs Chips,2 Dice and 2 Boxes of Cards,Vintage Color",https://www.amazon.com/dp/B0GJ9NT5M8?th=1,1771891200000,300,美国,游戏
1776162973556,亚马逊,B0GGR1LHPL,https://m.media-amazon.com/images/I/51rGYnoafAL._AC_US200_.jpg,"Budbof 24 Pack Easter Egg Fillers LED Light Up Chick Puffer Balls, Glow Stress Relief Fidget Sensory Squeeze Toys for Kids Boys Girls Toddler Teens, Easter Basket Stuffers Egg Hunt Party Favors Gifts",https://www.amazon.com/dp/B0GGR1LHPL?th=1,1771891200000,400,美国,Party Supplies
1776162973556,亚马逊,B0GGRMMN2T,https://m.media-amazon.com/images/I/71MFUgEksnL._AC_US200_.jpg,"24 Pack Filled Easter Eggs for Kids, Prefilled Squishy Animal Toys Inside, Non-Candy Easter Basket Stuffers, Bulk Easter Egg Hunt Favors for Toddlers, Boys, Girls – Party Favors & Classroom Prizes",https://www.amazon.com/dp/B0GGRMMN2T?th=1,1771891200000,500,美国,Party Supplies
1776162973556,亚马逊,B0G8GZ7XLF,https://m.media-amazon.com/images/I/81PKF19uisL._AC_US200_.jpg,16 Pack Prefilled Easter Egg Fillers with Animal Toys Fillers Easter Egg Hunt for Kids Boys Girls Easter Basket Stuffers Party Favors Prizes,https://www.amazon.com/dp/B0G8GZ7XLF?th=1,1771891200000,500,美国,Party Supplies
1776162973556,亚马逊,B0GMWDK5ZT,https://m.media-amazon.com/images/I/41NmnD8tJoL._AC_US200_.jpg,"OELTTG Personalized Easter Bunny Plush - 12'' Custom Embroidered Name with 9 Outfit Colors, Unique Easter Gift, Easter Basket Stuffers, Bunny Stuffed Animal for Babies, Easter Personalized Baby Gifts",https://www.amazon.com/dp/B0GMWDK5ZT?th=1,1771891200000,200,美国,填充的动物
1776162973556,亚马逊,B0GGB7BV1P,https://m.media-amazon.com/images/I/51hyy8r5ZnL._AC_US200_.jpg,"55 Pcs Easter Decorations, Happy Easter Banner Hanging Decorations for Office Home School Classroom Easter Party Decorations",https://www.amazon.com/dp/B0GGB7BV1P?th=1,1771891200000,300,美国,Party Supplies
1776162973556,亚马逊,B0G2L3HGVK,https://m.media-amazon.com/images/I/5169evvb51L._AC_US200_.jpg,"Ouddy Life 187 PCS Easter Balloons Arch Garland Kit, Easter Party Decorations with Daisy Flower Foil Long Pastel Printed Balloons for Spring Pastel Birthday Baby Shower Bunny Party Supplies Decor",https://www.amazon.com/dp/B0G2L3HGVK?th=1,1771891200000,400,美国,派对用品
1776162973556,亚马逊,B0GGHDMRWT,https://m.media-amazon.com/images/I/51mMKHhJxLL._AC_US200_.jpg,"3D Printed Dragon Easter Egg Fillers, 8 Pack 3D Dragon Egg with Dragon Inside, Prefilled Animals Toys Easter Basket Stuffers School Classroom Prizes Party Favors for Kids Boys Girls Teens",https://www.amazon.com/dp/B0GGHDMRWT?th=1,1771891200000,400,美国,玩具图
1776162973556,亚马逊,B0GCDH8NNX,https://m.media-amazon.com/images/I/41P3WL69n-L._AC_US200_.jpg,Easter Balloons Party Decorations - 59 Inch Standing Large Bunny Balloons With Base - Bunny Foil Balloon for Easter Party Decorations - Home Spring Decor Supplies,https://www.amazon.com/dp/B0GCDH8NNX?th=1,1771891200000,200,美国,派对用品
1776162973556,亚马逊,B0GHYGB4F9,https://m.media-amazon.com/images/I/713eiw0YG5L._AC_US200_.jpg,"Water Guns for Kids, 2 Pack Mini Squirt Guns with Trigger Small Water Blaster Pistol Toys for Boys Girls Toddlers Summer Outdoor Yard Swimming Pool Beach Water Fighting Party Favors (Blue)",https://www.amazon.com/dp/B0GHYGB4F9?th=1,1771891200000,400,美国,体育
1776162973556,亚马逊,B0G4TXLMFW,https://m.media-amazon.com/images/I/71ZAi4ueVhL._AC_US200_.jpg,"6-Pcs Ocean Bath Toys for Toddlers 1-3, No Hole Mold Free Bathtub Toys, Whale Shark Dolphin Penguin Sea Animal Set for Baby Bath Time or Pool Water Play",https://www.amazon.com/dp/B0G4TXLMFW?th=1,1771891200000,400,美国,婴幼儿
1776162973556,亚马逊,B0GGB6WWLZ,https://m.media-amazon.com/images/I/71SNyJm-TCL._AC_US200_.jpg,"42 Packs Easter Bunny Egg Suncatchers Crafts for Kids, Spring Christian DIY Candy Rabbit Tissue Paper Sign Art Craft Kit for April Religious Sunday School Classroom Church Game Activities Party Decor",https://www.amazon.com/dp/B0GGB6WWLZ?th=1,1771891200000,200,美国,艺术
1776162973556,亚马逊,B0G43RDFK4,https://m.media-amazon.com/images/I/51B9a2l654L._AC_US200_.jpg,Amandir 153Pcs Spring Flower Balloons Arch Garland Kit Different Sizes 18 12 10 5inch Pink Green Yellow Dusty Blue Wildflower Balloons for Floral Baby in Bloom Shower Daisy Birthday Party Decorations,https://www.amazon.com/dp/B0G43RDFK4?th=1,1771891200000,200,美国,派对用品
1776162973556,亚马逊,B0GLXS7GHM,https://m.media-amazon.com/images/I/61PJKNzUZwL._AC_US200_.jpg,"English Teacher Birthday Decorations, 40'' Pink Teacher Fans Rainbow Number 1 Balloon for 1st Baby Shower Birthday Party Supplies (1st)",https://www.amazon.com/dp/B0GLXS7GHM?th=1,1771891200000,300,美国,派对用品
1776162973556,亚马逊,B0GGZCCGWD,https://m.media-amazon.com/images/I/611yzIzPFgL._AC_US200_.jpg,"Axolotl Squishy Stress Ball, Soft TPR Slow Rising Squeeze Toy, Cute Axolotl Fidget Toy for Stress Relief, Anxiety Calming Sensory Toy for Kids Adults(Orange Lie Axolotl)",https://www.amazon.com/dp/B0GGZCCGWD?th=1,1771891200000,300,美国,Novelty & Gag Toys
1776162973556,亚马逊,B0GDDTCQRS,https://m.media-amazon.com/images/I/8151gvUdrkL._AC_US200_.jpg,"30Pcs Mini Taba Squishies Kit Fidget Toys, Include Mini Taba Squishies Pack with 24 Easter Cards, Kawaii Stress Relief Toys Squeeze Toys Party Favors for Kids 4-8 8-12, Classroom Birthday Easter Gifts",https://www.amazon.com/dp/B0GDDTCQRS?th=1,1771891200000,300,美国,Novelty & Gag Toys
1776162973556,亚马逊,B0GD5Y7L15,https://m.media-amazon.com/images/I/512c24PLJBL._AC_US200_.jpg,"12 PCS Prefilled Easter Eggs with Carrot Building Toys, Easter Basket Stuffers Gifts for 3-8 Year Old Kids Toddlers, 12 in 1 Bunny House Blocks Set, Party Favors Classroom Prize Supplies",https://www.amazon.com/dp/B0GD5Y7L15?th=1,1771891200000,300,美国,Party Supplies
1776162973556,亚马逊,B0GCZJ9HC1,https://m.media-amazon.com/images/I/81WLBkYGxKL._AC_US200_.jpg,"12 PCS Prefilled Easter Eggs with Bunny Building Toys, Easter Basket Stuffers Gifts for 3-8 Year Old Kids Toddlers, 12 in 1 Rabbit Building Blocks Sets, Party Favors Classroom Prize Supplies",https://www.amazon.com/dp/B0GCZJ9HC1?th=1,1771891200000,700,美国,Party Supplies
1776162973556,亚马逊,B0G6SP1JCG,https://m.media-amazon.com/images/I/81-xAL3MTBL._AC_US200_.jpg,"Squishy Toys Kids Party Favors - 32 Packs Popping Eyes Animal Keychains, Fidget Toys Bulk for Kids Birthday Party Goodie Bag Stuffers, End of The Year Gifts for Students",https://www.amazon.com/dp/B0G6SP1JCG?th=1,1771891200000,600,美国,Party Supplies
1776162973556,亚马逊,B0GF26SH4D,https://m.media-amazon.com/images/I/51sbFsk+g0L._AC_US200_.jpg,"3D Printed Snake Egg with Articulated Snake Inside, 4.93in Snake Fidget Toy, Movable Joints, Easter Basket Stuffers",https://www.amazon.com/dp/B0GF26SH4D?th=1,1771891200000,200,美国,新颖性
1776162973556,亚马逊,B0GJD3F5MY,https://m.media-amazon.com/images/I/41vKhPDlEnL._AC_US200_.jpg,"Bunby - My Realistic Bunny Toy, Interactive Bunny Realistic Bunny, Bunbi Realistic Bunny, Vitality Bliss Bunny, Jumping, Twitching, and Shaking Ears (Brown)",https://www.amazon.com/dp/B0GJD3F5MY?th=1,1771891200000,400,美国,填充的动物
1776162973556,亚马逊,B0GDDXG8BB,https://m.media-amazon.com/images/I/41zS4k9njwL._AC_US200_.jpg,"shiguangji Bunny Stuffed Animal Plush Toy 11.8 in, Soft Rabbit Plush for Babies and Toddlers, Cuddly Bunny Toy for Nursery Decor and Easter Gift (Burgundy)",https://www.amazon.com/dp/B0GDDXG8BB?th=1,1771891200000,200,美国,填充的动物
1776162973556,亚马逊,B0GDDDWVNB,https://m.media-amazon.com/images/I/71PoNXM9AaL._AC_US200_.jpg,"shiguangji Bunny Stuffed Animal Plush Toy 11.8 in, Soft Rabbit Plush for Babies and Toddlers, Cuddly Bunny Toy for Nursery Decor and Easter Gift (Pink)",https://www.amazon.com/dp/B0GDDDWVNB?th=1,1771891200000,1000,美国,填充的动物
1776162973556,亚马逊,B0GFCSG7TD,https://m.media-amazon.com/images/I/817bOilEA2L._AC_US200_.jpg,"132 Pcs Easter Egg Fillers,Easter Party Favors for Kids Boys Girls,Plastic Easter Basket Stuffers,Bulk Small Toys for Easter Eggs Hunt Gift Goodie Bags Stuffers Classroom Prizes Party Filling Treats",https://www.amazon.com/dp/B0GFCSG7TD?th=1,1771891200000,800,美国,Party Supplies
1776162973556,亚马逊,B0GL9HCH3Y,https://m.media-amazon.com/images/I/41iFseG1bbL._AC_US200_.jpg,"GiftExpress Gold Easter Eggs - 12 Piece Bulk 2.3"" x 1.75"" Golden Metallic Plastic Eggs Hinged - Adult & Kid Party Toys for Gift Easter Baskets or Egg Hunt Decor",https://www.amazon.com/dp/B0GL9HCH3Y?th=1,1771891200000,300,美国,扮靓
1776162973556,亚马逊,B0G6ZCWR72,https://m.media-amazon.com/images/I/51s71-LZ8mL._AC_US200_.jpg,"Easter Egg Puzzles for Adults 500 Piece, Jigsaw Puzzles for Adults, Adult Challenging Game Toys, Impossible Puzzle, Family Decoration, Educational Easter Egg Puzzle",https://www.amazon.com/dp/B0G6ZCWR72?th=1,1771891200000,300,美国,拼图
1776162973556,亚马逊,B0GCYRTFZH,https://m.media-amazon.com/images/I/617p9BoYY-L._AC_US200_.jpg,"Easter Eggs Puzzles for Adults 1000 Pieces, Jigsaw Puzzles for Adults 1000 Piece, Challenging Game Toys, Impossible Puzzle, Family Decoration Puzzle",https://www.amazon.com/dp/B0GCYRTFZH?th=1,1771891200000,200,美国,拼图
1776162973556,亚马逊,B0GC7TF9P4,https://m.media-amazon.com/images/I/51r0VVSvAML._AC_US200_.jpg,"24 Water Coloring Books Party Favors -Toddler Easter Basket Stuffers Crafts Gifts, Mini Coloring Books Bulk for Kids Boys Girls Classroom School Activity easter Basket Goodie Bag Fillers (Easter B)",https://www.amazon.com/dp/B0GC7TF9P4?th=1,1771891200000,200,美国,Party Supplies
1776162973556,亚马逊,B0GF1S37CW,https://m.media-amazon.com/images/I/51raf7h28WL._AC_US200_.jpg,"12PCS Prefilled Easter Eggs with Pullback Construction Truck Toys, Plastic Eggs with Engineering Vehicles, Basket Fillers Egg Hunts for Kids, Classroom Party Favor for Boys",https://www.amazon.com/dp/B0GF1S37CW?th=1,1771891200000,200,美国,Party Supplies
1776162973556,亚马逊,B0GFTRT1X1,https://m.media-amazon.com/images/I/51F0lZUX9tL._AC_US200_.jpg,12 Pcs Prefilled Easter Eggs with Animals Bunnies Pull Back Car Toys for Toddlers Kids Easter Basket Stuffers Egg Fillers Egg Hunt Party Favors Classroom Prizes for Boys and Girls,https://www.amazon.com/dp/B0GFTRT1X1?th=1,1771891200000,300,美国,Party Supplies
1776162973556,亚马逊,B0GFVRPNPP,https://m.media-amazon.com/images/I/51eZ4x5NkzL._AC_US200_.jpg,12 Pcs Prefilled Easter Eggs with Mini Cute Pull Back Alloy Car Toys for Toddlers Kids Easter Basket Stuffers Egg Hunt Party Favors Classroom Prizes for Boys and Girls,https://www.amazon.com/dp/B0GFVRPNPP?th=1,1771891200000,400,美国,Party Supplies
1776162973556,亚马逊,B0GCT3T38Y,https://m.media-amazon.com/images/I/517qbIBZLDL._AC_US200_.jpg,Color Changing Cars Toys Bath Toys for Kids Ages 1-3 4-8 Easter Basket Stuffers for Kids Grandkids Pool Water Toys Boys Birthday Easter Egg Fillers Car Sensory Die-Cast Toys,https://www.amazon.com/dp/B0GCT3T38Y?th=1,1771891200000,300,美国,婴幼儿
1776162973556,亚马逊,B0GFT94CS6,https://m.media-amazon.com/images/I/51wXQ0RqvJL._AC_US200_.jpg,12 Pcs Prefilled Easter Egg with Mini Stuffed Animal Plush Toys Keychains for Kids Easter Basket Stuffers Egg Fillers Egg Hunts Party Favor Classroom Prizes for Boys and Girls,https://www.amazon.com/dp/B0GFT94CS6?th=1,1771891200000,200,美国,Party Supplies
1776162973556,亚马逊,B0GFVDG3NM,https://m.media-amazon.com/images/I/51Axwo6jJGL._AC_US200_.jpg,12 Pcs Prefilled Easter Eggs with Fishing Lures Baits Tackle Kit Easter Basket Stuffers Fishing Gear Accessories Egg Fillers Egg Hunt Party Favors for Teens Adults,https://www.amazon.com/dp/B0GFVDG3NM?th=1,1771891200000,200,美国,Party Supplies
1776162973556,亚马逊,B0GFVQGQ7C,https://m.media-amazon.com/images/I/512d4XRfhmL._AC_US200_.jpg,18 Pcs Prefilled Easter Eggs with Alloy Vehicles for Kids Die-Cast City Car Toys Construction Vehicles Easter Basket Stuffers Egg Fillers Egg Hunt Party Favors Classroom Prizes for Boys,https://www.amazon.com/dp/B0GFVQGQ7C?th=1,1771891200000,300,美国,Party Supplies
1776162973556,亚马逊,B0GFTJRXB8,https://m.media-amazon.com/images/I/51U3Q5UfhnL._AC_US200_.jpg,12 Pcs Prefilled Easter Eggs with Mini Maze Puzzle Cubes Handheld 3D Brain Teaser Balance Fidget Games Easter Basket Stuffers Egg Hunts Party Favors Classroom Prizes for Older Kids Teens Adults,https://www.amazon.com/dp/B0GFTJRXB8?th=1,1771891200000,400,美国,Party Supplies
1776162973556,亚马逊,B0GFVZ7HNR,https://m.media-amazon.com/images/I/51MoYmtOWFL._AC_US200_.jpg,6 Pack Prefilled Easter Eggs with Dinosaur Pull Back Car Toys for Toddlers Kids Dinosaur Eggs Easter Basket Stuffers Egg Hunt Party Favors Classroom Prizes for Boys,https://www.amazon.com/dp/B0GFVZ7HNR?th=1,1771891200000,300,美国,Party Supplies
1776162973556,亚马逊,B0GDSQ1CDS,https://m.media-amazon.com/images/I/51fDok9ztLL._AC_US200_.jpg,"Aviski 54Pcs 3.15"" Large Iridescent Marble Easter Eggs Golden Eggs for Kids Basket Bag Stuffers Fillers, Easter Hunt Game, Toys Filling Treats and Easter Theme Party Favor",https://www.amazon.com/dp/B0GDSQ1CDS?th=1,1771891200000,200,美国,Party Supplies
1776162973556,亚马逊,B0G6SG8PTQ,https://m.media-amazon.com/images/I/51C+Bcr2RnL._AC_US200_.jpg,168PCS Easter Party Supplies Easter Egg Party Decorations Cartoon Bunny Paper Plates and Napkins Cups for Spring Themed Easter Birthday Party Serves 24,https://www.amazon.com/dp/B0G6SG8PTQ?th=1,1771891200000,200,美国,派对用品
1776162973556,亚马逊,B0GHWCFBP3,https://m.media-amazon.com/images/I/41xJ3178udL._AC_US200_.jpg,"12PCS White Wooden Easter Eggs ，Wooden Fake Eggs for Painting, Decorating, DIY,Arts and Crafts,Nest Box Training Home Farm Decoration",https://www.amazon.com/dp/B0GHWCFBP3?th=1,1771891200000,300,美国,扮靓
1776162973556,亚马逊,B0G9JVLDBS,https://m.media-amazon.com/images/I/41gwbWXDNjL._AC_US200_.jpg,50PCS Easter Egg Party Supplies for Birthday Watercolor Bunny Floral Party Decorations Paper Plates Napkins Tableware 25 Guests,https://www.amazon.com/dp/B0G9JVLDBS?th=1,1771891200000,200,美国,派对用品
1776162973556,亚马逊,B0G6SG2QTX,https://m.media-amazon.com/images/I/51vmCBTsGnL._AC_US200_.jpg,50PCS Easter Plates and Napkins Set Easter Party Supplies Cartoon Bunny and Egg Paper Plates and Napkins Decoration for Spring Holiday Easter Birthday Party Serves 50,https://www.amazon.com/dp/B0G6SG2QTX?th=1,1771891200000,200,美国,派对用品
1776162973556,亚马逊,B0G9J56158,https://m.media-amazon.com/images/I/517r544t17L._AC_US200_.jpg,168PCS Easter Party Supplies Happy Easter Party Decorations Vintage Bunny Flower Paper Plates Napkins Cups Cute Rabbit Wlidflower Themed tableware for Spring Holiday Picnic Serve 24,https://www.amazon.com/dp/B0G9J56158?th=1,1771891200000,200,美国,派对用品
1776162973556,亚马逊,B0GKJ1CVFR,https://m.media-amazon.com/images/I/41G-DOMQO3L._AC_US200_.jpg,"Speks Pivot Silicone Flexagon Fidget Toy | Silent Sensory Toy for Office, Meetings and Focus | for Adults and Teens | Navy",https://www.amazon.com/dp/B0GKJ1CVFR?th=1,1771891200000,200,美国,Novelty & Gag Toys
1776162973556,亚马逊,B0DZC61M1D,https://m.media-amazon.com/images/I/41Ne6n+VzNL._AC_US200_.jpg,"Pink Fuzz Squishy Stress Ball - Velvet Texture and Soft Cloud Squish - Fidget Toy with Smiley Face for Anxiety Relief, Sensory Play for Kids & Adults, Perfect for Office & School",https://www.amazon.com/dp/B0DZC61M1D?th=1,1771891200000,600,美国,Novelty & Gag Toys
1776162973556,亚马逊,B0G57XGVKZ,https://m.media-amazon.com/images/I/418SzVpqe4L._AC_US200_.jpg,"Real Four Leaf Clover Resin Charm with Light-Reflecting – Good Luck Gifts Pocket Token, Preserved, 1.25” – Gift for Good Fortune, Lucky Charm Clover for Family",https://www.amazon.com/dp/B0G57XGVKZ?th=1,1771891200000,200,美国,新颖性
1776162973556,亚马逊,B0GGZF5TW9,https://m.media-amazon.com/images/I/41zHIzzshaL._AC_US200_.jpg,"Axolotl Squishy Stress Ball, Soft TPR Slow Rising Squeeze Toy, Cute Axolotl Fidget Toy for Stress Relief, Anxiety Calming Sensory Toy for Kids Adults(Pink Lie Axolotl)",https://www.amazon.com/dp/B0GGZF5TW9?th=1,1771891200000,200,美国,Novelty & Gag Toys
1776162973556,亚马逊,B0GGZ8ZWQV,https://m.media-amazon.com/images/I/411prPJQ7RL._AC_US200_.jpg,"Axolotl Squishy Stress Ball, Soft TPR Slow Rising Squeeze Toy, Cute Axolotl Fidget Toy for Stress Relief, Anxiety Calming Sensory Toy for Kids Adults(Blue Lie Axolotl)",https://www.amazon.com/dp/B0GGZ8ZWQV?th=1,1771891200000,300,美国,Novelty & Gag Toys
1776162973556,亚马逊,B0GGY454BD,https://m.media-amazon.com/images/I/410tbd6q+TL._AC_US200_.jpg,"Axolotl Squishy Stress Ball, Soft TPR Slow Rising Squeeze Toy, Cute Axolotl Fidget Toy for Stress Relief, Anxiety Calming Sensory Toy for Kids Adults(Blue Seated Axolotl)",https://www.amazon.com/dp/B0GGY454BD?th=1,1771891200000,300,美国,Novelty & Gag Toys
1776162973556,亚马逊,B0G5ZXC9KW,https://m.media-amazon.com/images/I/41DuAxcJZjL._AC_US200_.jpg,"EOBOH 3PCS Easter Necklace Accessories, Colorful Easter Light up Necklaces Glow Eggs Pendant, Indoor Outdoor Necklace Accessories, Eggs Hunt Spring Activities Parties Favors",https://www.amazon.com/dp/B0G5ZXC9KW?th=1,1771891200000,200,美国,扮靓
1776162973556,亚马逊,B0FRS54D2R,https://m.media-amazon.com/images/I/517oI9g8lfL._AC_US200_.jpg,SevenQ Easter Basket Stuffers 48Pcs Prefilled Easter Eggs with Toys Cars Squishy Erasers Stamps for Kids Fidget Toy Plastic Egg Fillers Hunt Pinata Party Favor Bags Classroom Treasure Box Essentials,https://www.amazon.com/dp/B0FRS54D2R?th=1,1771891200000,900,美国,Party Supplies
1776162973556,亚马逊,B0DL8RRMQY,https://m.media-amazon.com/images/I/81tWiHsvk7L._AC_US200_.jpg,"SevenQ Easter Basket Stuffers Easter Egg Fillers with Crystal Gems Rocks Raw Stone 24Pcs, Gemstones Rock Collections for Kids Easter Decorations Goodie Gifts Bags Hunt Supplies Party Favors Essentials",https://www.amazon.com/dp/B0DL8RRMQY?th=1,1771891200000,900,美国,Party Supplies
1776162973556,亚马逊,B0GGXQQ571,https://m.media-amazon.com/images/I/410tbd6q+TL._AC_US200_.jpg,"Axolotl Squishy Stress Ball, Soft TPR Slow Rising Squeeze Toy, Cute Axolotl Fidget Toy for Stress Relief, Anxiety Calming Sensory Toy for Kids Adults(Blue Seated Axolotl)",https://www.amazon.com/dp/B0GGXQQ571?th=1,1771891200000,200,美国,Novelty & Gag Toys
1776162975577,亚马逊,B0GGY3T3F5,https://m.media-amazon.com/images/I/51hMRNirKiL._AC_US200_.jpg,"Axolotl Squishy Stress Ball, Soft TPR Slow Rising Squeeze Toy, Cute Axolotl Fidget Toy for Stress Relief, Anxiety Calming Sensory Toy for Kids Adults(Green Seated Axolotl)",https://www.amazon.com/dp/B0GGY3T3F5?th=1,1771891200000,200,美国,Novelty & Gag Toys
1776162975577,亚马逊,B0GGZ88BKH,https://m.media-amazon.com/images/I/71RTlbhaiCL._AC_US200_.jpg,"Axolotl Squishy Stress Ball, Soft TPR Slow Rising Squeeze Toy, Cute Axolotl Fidget Toy for Stress Relief, Anxiety Calming Sensory Toy for Kids Adults(Purple Lie Axolotl)",https://www.amazon.com/dp/B0GGZ88BKH?th=1,1771891200000,300,美国,Novelty & Gag Toys
1776162975577,亚马逊,B0GGYQB8ZQ,https://m.media-amazon.com/images/I/41-4es+3xfL._AC_US200_.jpg,"Axolotl Squishy Stress Ball, Soft TPR Slow Rising Squeeze Toy, Cute Axolotl Fidget Toy for Stress Relief, Anxiety Calming Sensory Toy for Kids Adults(Blue BigEars Axolotl)",https://www.amazon.com/dp/B0GGYQB8ZQ?th=1,1771891200000,300,美国,Novelty & Gag Toys
1776162975577,亚马逊,B0GGYYN4QJ,https://m.media-amazon.com/images/I/41Vad60HfvL._AC_US200_.jpg,"Axolotl Squishy Stress Ball, Soft TPR Slow Rising Squeeze Toy, Cute Axolotl Fidget Toy for Stress Relief, Anxiety Calming Sensory Toy for Kids Adults(Orange BigEars Axolotl)",https://www.amazon.com/dp/B0GGYYN4QJ?th=1,1771891200000,300,美国,Novelty & Gag Toys
1776162975577,亚马逊,B0GGZ3DSZQ,https://m.media-amazon.com/images/I/71cPQfTk73L._AC_US200_.jpg,"Axolotl Squishy Stress Ball, Soft TPR Slow Rising Squeeze Toy, Cute Axolotl Fidget Toy for Stress Relief, Anxiety Calming Sensory Toy for Kids Adults(Pink BigEars Axolotl)",https://www.amazon.com/dp/B0GGZ3DSZQ?th=1,1771891200000,400,美国,Novelty & Gag Toys
1776162975577,亚马逊,B0G91VKC8Q,https://m.media-amazon.com/images/I/81G7o-VP8IL._AC_US200_.jpg,"Paper Airplane Kits, Origami Kit for Kids Ages 5-8, 12 Classic Origami Designs, 36 Sheets of Colorful Origami Paper, Crafts for Kids Activities, Airplane Gifts for Kids Ages 5-12 Boys and Girls",https://www.amazon.com/dp/B0G91VKC8Q?th=1,1771891200000,800,美国,艺术
1776162975578,亚马逊,B0GHQRN199,https://m.media-amazon.com/images/I/914lPRFVAQL._AC_US200_.jpg,"Rapean 3D Printed Dragon Eggs, Mystery Crystal Dragon Egg for Easter Basket Stuffers and Essentials, Unique Easter Toys & Decor, Fantasy Tabletop Decor for Kids & Collectors (24 Pack)",https://www.amazon.com/dp/B0GHQRN199?th=1,1771891200000,1000,美国,玩具图
1776162975578,亚马逊,B0G345M1B9,https://m.media-amazon.com/images/I/61AUTwu8u8L._AC_US200_.jpg,Easter Eggs 2.4” - Green Fillable Easter Eggs - 12 Pcs Easter Basket Stuffers - Green Eggs Bowl and Vase Filler Faux for DIY Spring and Easter Decorations (Green),https://www.amazon.com/dp/B0G345M1B9?th=1,1771804800000,200,美国,Party Supplies
1776162975578,亚马逊,B0GP1TZM1S,https://m.media-amazon.com/images/I/81E+dVxbrjL._AC_US200_.jpg,theory11 Hamilton Playing Cards,https://www.amazon.com/dp/B0GP1TZM1S?th=1,1771804800000,200,美国,游戏
1776162975578,亚马逊,B0GMB6WM5D,https://m.media-amazon.com/images/I/81xWpwdez4L._AC_US200_.jpg,"9Pcs Stranger Season 5 Things Honeycomb Table Centerpiece, Stranger Season 5 Things Birthday Party Supplies Table Decorations for Kids Party Decorations",https://www.amazon.com/dp/B0GMB6WM5D?th=1,1771804800000,400,美国,派对用品
1776162975578,亚马逊,B0GGZJQQ5B,https://m.media-amazon.com/images/I/41EVKQEvdHL._AC_US200_.jpg,"Colorful Dumpling Squishes Stress Balls with Steamer, Cute Anxiety Relief Toy, Soft Squeeze Decompression Dough for Adults, Simulation Food Squishies Bun",https://www.amazon.com/dp/B0GGZJQQ5B?th=1,1771804800000,700,美国,Novelty & Gag Toys
1776162975578,亚马逊,B0GDDXKH8L,https://m.media-amazon.com/images/I/819r5l2cedL._AC_US200_.jpg,"Dilycery 122 Pcs Easter Egg Fillers for Kids, Easter Egg Stuffers Party Favors for Kids, Prefilled Easter Eggs Treasure Box Toys for Classroom Prizes for Kids, Bulk Tiny Toys for Gifts",https://www.amazon.com/dp/B0GDDXKH8L?th=1,1771804800000,800,美国,Party Supplies
1776162975578,亚马逊,B0GCML48PK,https://m.media-amazon.com/images/I/71U6Q3bE2QL._AC_US200_.jpg,"RC Boat for Kids Remote Control Boats Pool Lakes Bathtub Toy with 8 LED Light Modes,Whole Body Waterproof,Low Battery/Out of Range Alarm,2.4Ghz,15Kmh,Rechargeable Battery,Auto Paring,2Pack",https://www.amazon.com/dp/B0GCML48PK?th=1,1771804800000,400,美国,遥控
1776162975578,亚马逊,B0G9LRBHHG,https://m.media-amazon.com/images/I/81m6Y6pQO6L._AC_US200_.jpg,"132 Pcs Easter Egg Fillers, Easter Basket Stuffers for Kids Toddlers Boys Girls, Easter Party Favors Bulk Small Toys,Easter Eggs Hunt,Easter Gift Goodie Bags Stuffers Filling Treats Classroom Prizes",https://www.amazon.com/dp/B0G9LRBHHG?th=1,1771804800000,1000,美国,Party Supplies
1776162975578,亚马逊,B0GG8K5TNP,https://m.media-amazon.com/images/I/41K7oVVgI3L._AC_US200_.jpg,"Easter Light-Up Dome Cup – Blue Rabbit, Reusable LED Party Drinkware with Glitter Dome Lid",https://www.amazon.com/dp/B0GG8K5TNP?th=1,1771804800000,200,美国,派对用品
1776162975578,亚马逊,B0G6Z539DN,https://m.media-amazon.com/images/I/810hNjwh-eL._AC_US200_.jpg,"Bonropin Crawfish Boil Party Supplies, 150pcs Crawfish Balloon Arch Garland Kit with Red Yellow Gold Latex Balloons, Crawfish Beer Lemo Foil Balloons for Crawfish Boil Birthday Party Decoration",https://www.amazon.com/dp/B0G6Z539DN?th=1,1771804800000,200,美国,派对用品
1776162975578,亚马逊,B0GKGD14YK,https://m.media-amazon.com/images/I/71Th+E9lanL._AC_US200_.jpg,"Mario Birthday Party Supplies, 133Pcs Balloons Arch Garland Kit, Assorted Latex Foil Balloons for Mario Birthday Party Decorations",https://www.amazon.com/dp/B0GKGD14YK?th=1,1771804800000,300,美国,派对用品
1776162975578,亚马逊,B0GGJTMG3W,https://m.media-amazon.com/images/I/71OnYzh06kL._AC_US200_.jpg,"24 Pack Prefilled Easter Eggs with Mochi Squishy Toys for Kids, Easter Basket Stuffers for Toddlers, Stress Reliever Animal Taba Squishy Toys, Easter Egg Hunt Party Favors for Boys Girls",https://www.amazon.com/dp/B0GGJTMG3W?th=1,1771804800000,700,美国,Novelty & Gag Toys
1776162975578,亚马逊,B0G57KSV1R,https://m.media-amazon.com/images/I/815dNa-urZL._AC_US200_.jpg,"Abakuku 12 Pcs Prefilled Easter Eggs Plush Toy,3.15in Bright Colorful Eggs Prefilled with Variety Plush Toy Easter Basket Stuffers Party Favors Gift Bags",https://www.amazon.com/dp/B0G57KSV1R?th=1,1771804800000,2000,美国,Party Supplies
1776162975578,亚马逊,B0GCYQ93Q9,https://m.media-amazon.com/images/I/71M45P13IpL._AC_US200_.jpg,Garma 50 Pcs 3.15'' Easter Eggs - Empty Bright Colors Plastic Eggs with 8 Golden Eggshell Bulks for Easter Party Favors Supplies Easter Egg Hunt Game Basket Stuffers Fillers Classroom Exchange Prize,https://www.amazon.com/dp/B0GCYQ93Q9?th=1,1771804800000,600,美国,Party Supplies
1776162975578,亚马逊,B0G43G9Q4M,https://m.media-amazon.com/images/I/818NAZm30IL._AC_US200_.jpg,"200 Pcs Bulk Prefilled Easter Eggs with Toys Filled Easter Eggs for Kids Stuffed Easter Eggs for Easter Egg Hunt, Basket Stuffing, Classroom Prizes & Party Favors",https://www.amazon.com/dp/B0G43G9Q4M?th=1,1771804800000,800,美国,Party Supplies
1776162975578,亚马逊,B0GHTNPWL6,https://m.media-amazon.com/images/I/31JmxxqivbL._AC_US200_.jpg,"13"" Jesus Plush, Stuffed Jesus Christian Plushie Doll Religious Gift for Easter Christmas Church (Red)",https://www.amazon.com/dp/B0GHTNPWL6?th=1,1771804800000,200,美国,填充的动物
1776162975578,亚马逊,B0FX8HYRHL,https://m.media-amazon.com/images/I/41e0gdggTPL._AC_US200_.jpg,"Easter Egg Fillers - 6pcs Easter Squishy Toys, Bunny Stress Ball Non Candy Easter Basket Stuffers for Teens Adults",https://www.amazon.com/dp/B0FX8HYRHL?th=1,1771804800000,400,美国,Novelty & Gag Toys
1776162975578,亚马逊,B0GGCBFPCD,https://m.media-amazon.com/images/I/71f6Oxnyr+L._AC_US200_.jpg,6 Inch Jumbo Easter Eggs - 6 Pack Large Plastic Easter Eggs Fillable for Kids Giant Empty Eggs for Easter Egg Hunt Basket Stuffers Fillers Filling Treats Party Favors Classroom Prizes Supplies (Pure),https://www.amazon.com/dp/B0GGCBFPCD?th=1,1771804800000,600,美国,Party Supplies
1776162975578,亚马逊,B0GL17FPHP,https://m.media-amazon.com/images/I/710HFq-uCoL._AC_US200_.jpg,25 Pcs Katseye Cake Topper and Cupcake Toppers Set Birthday Party Supplies for Katseye Themed Birthday Decorations,https://www.amazon.com/dp/B0GL17FPHP?th=1,1771804800000,400,美国,派对用品
1776162975578,亚马逊,B0GKFNVKQC,https://m.media-amazon.com/images/I/61KgLsTRQ9L._AC_US200_.jpg,"Squishy Dumpling Mystery Box - Stress Relief Fidget Toy, Easter Basket Stuffers for Kids Teens Adults, Sensory Anxiety Relief Squeeze Toys for Boys and Girls, Dumpling Squishy Toy Gifts",https://www.amazon.com/dp/B0GKFNVKQC?th=1,1771804800000,2000,美国,Novelty & Gag Toys
1776162975578,亚马逊,B0GDMZLFK2,https://m.media-amazon.com/images/I/91QQvcWJUkL._AC_US200_.jpg,"Holographic Easter Stickers, 100 Pcs Cute Easter Egg Stickers Bulk for Kids, Water Bottle Stickers Waterproof Vinyl Phone Skateboard Laptop Stickers, Aesthetic Sticker Packs for Girls Teens",https://www.amazon.com/dp/B0GDMZLFK2?th=1,1771804800000,1000,美国,艺术
1776162975578,亚马逊,B0GD74JDW1,https://m.media-amazon.com/images/I/81ppJzZ2CtL._AC_US200_.jpg,"Dilycery 120 Pack Easter Egg Fillers Toys for Kids, Easter Party Favors Small Toys for Egg Stuffers Basket Stuffers, Easter Prizes for Kids Treasure Box Toys for Classroom",https://www.amazon.com/dp/B0GD74JDW1?th=1,1771804800000,800,美国,Party Supplies
1776162975578,亚马逊,B0G92DPX7T,https://m.media-amazon.com/images/I/81Jrr+PG-uL._AC_US200_.jpg,"Mini Foosball Table Game for Kids – Soccer Board Game, Portable Tabletop Pinball Interactive Sports Game, Indoor Family Party Birthday Gift Educational & Active Toy for Boys Girls Ages 3+",https://www.amazon.com/dp/B0G92DPX7T?th=1,1771804800000,500,美国,体育
1776162975578,亚马逊,B0FQ5GJJRN,https://m.media-amazon.com/images/I/81q51tAb7QL._AC_US200_.jpg,"Lafyette. Princess Tent for Girls, Large Kids Playhouse Castle Play Tent with Star Lights, Indoor Outdoor Playhouse for Children, Fun Toy Tent for Girls Boys Toddlers, Playroom Birthday Gift",https://www.amazon.com/dp/B0FQ5GJJRN?th=1,1771804800000,200,美国,体育
1776162975578,亚马逊,B0GM9Y7THT,https://m.media-amazon.com/images/I/81+A-sAzjcL._AC_US200_.jpg,Stranger Birthday Party Decorations Glitter Welcome to The Other Side Banner and Hanging Swirls Set Horror Birthday Decorations for Themed Gathering Home Room Decor Supplies,https://www.amazon.com/dp/B0GM9Y7THT?th=1,1771804800000,300,美国,Party Supplies
1776162975578,亚马逊,B0FZBJV96G,https://m.media-amazon.com/images/I/41VaTwInNUL._AC_US200_.jpg,"Premium MEGA Cube – Extra Large Ultra-Firm Gel Squishy Fidget Toy | Stress Balls for Adults with Non-Sticky, Odor-Free Shell & Reinforced Dual Leak-Proof Seals for Heavy-Duty Use | 1-Pack Green",https://www.amazon.com/dp/B0FZBJV96G?th=1,1771804800000,500,美国,Novelty & Gag Toys
1776162975578,亚马逊,B0GCCN8L9V,https://m.media-amazon.com/images/I/81Y-y4bt64L._AC_US200_.jpg,"24Sheets Make-a-face Cute Monster Stickers Pack, Mixed & Matched with 8 Designed Characters(3 of Each), Make Your Own Stickers for Teens Party Decoration, Reward, Decor, Gift Idea (qq)",https://www.amazon.com/dp/B0GCCN8L9V?th=1,1771804800000,400,美国,艺术
1776162975578,亚马逊,B0GLGL8LPS,https://m.media-amazon.com/images/I/51OUqB6v1mL._AC_US200_.jpg,"Skillmatics Guess in 10 National Geographic Animals, Educational Card Game for Kids & Families, Animal Trivia & Travel Game, Gifts for Ages 6, 7, 8, 9 and Up",https://www.amazon.com/dp/B0GLGL8LPS?th=1,1771804800000,1000,美国,游戏
1776162975578,亚马逊,B0GCGVHJ73,https://m.media-amazon.com/images/I/81sb9g3K0mL._AC_US200_.jpg,"132 PCS Easter Egg Fillers, Easter Basket Stuffers, Easter Party Favors for Kids Boys Girls, Mini Fidget Toys Bulk for Easter Eggs Hunt Filled Gift Goodie Bag Stuffers Classroom Prizes Treasure Box",https://www.amazon.com/dp/B0GCGVHJ73?th=1,1771804800000,1000,美国,Party Supplies
1776162975578,亚马逊,B0GL35R8NH,https://m.media-amazon.com/images/I/81ZUnMFccLL._AC_US200_.jpg,Dèmon Stickers Huntè Birthday DIY Stickers Make Your Party Cartoon Sticker Sheets Teens Idol Laptop Skateboard Phone Case for Classroom(244PCS),https://www.amazon.com/dp/B0GL35R8NH?th=1,1771804800000,300,美国,艺术
1776162975578,亚马逊,B0GG9ZKZCZ,https://m.media-amazon.com/images/I/51btLfmZdFL._AC_US200_.jpg,"Easter Egg Bath Bombs for Kids with Surprise Toys Inside, Easter Basket Stuffers for Boys and Girls,9 Pack Bunny Bubble Bath Bombs for Easter Egg Hunt Toddler Teen Easter Gifts Party Favor",https://www.amazon.com/dp/B0GG9ZKZCZ?th=1,1771804800000,500,美国,Party Supplies
1776162975578,亚马逊,B0GD1NY6GC,https://m.media-amazon.com/images/I/51WRIIKcNZL._AC_US200_.jpg,"12 Pack Prefilled Easter Eggs with Die-Cast Racing Cars, Easter Basket Stuffers, Filled Easter Eggs with Toys for Kids, Egg Hunt, Party Favor Supplies,Easter Toys Gifts for Toddlers & Boys Girls",https://www.amazon.com/dp/B0GD1NY6GC?th=1,1771804800000,600,美国,Party Supplies
1776162975578,亚马逊,B0GCJ5X1DG,https://m.media-amazon.com/images/I/51XsXiPaa6L._AC_US200_.jpg,"Happy Easter Party Game for Kids Adults, Pin the Tail on the Bunny Game Poster with 36 Tails Stickers for Easter Party Decorations, Spring Home Classroom Bunny Themed Birthday Activities",https://www.amazon.com/dp/B0GCJ5X1DG?th=1,1771804800000,300,美国,艺术
1776162975578,亚马逊,B0GB8STKSX,https://m.media-amazon.com/images/I/51aREtjUnFL._AC_US200_.jpg,50PCS Easter Party Supplies Happy Easter Party Decorations Vintage Bunny Flower Paper Plates Napkins Cute Rabbit Wlidflower Themed tableware for Spring Holiday Picnic Serve 25,https://www.amazon.com/dp/B0GB8STKSX?th=1,1771804800000,300,美国,派对用品
1776162975578,亚马逊,B0GJKNCHN9,https://m.media-amazon.com/images/I/61TLVWuEwnL._AC_US200_.jpg,"24pcs 3D Printed Dragon Eggs, Articulated Dragon Fidget Toys for Party Favors, Unique Birthday Gift for Kids Teens Adults, Classroom Prize Supplies",https://www.amazon.com/dp/B0GJKNCHN9?th=1,1771804800000,900,美国,玩具图
1776162975578,亚马逊,B0GLGG9RSJ,https://m.media-amazon.com/images/I/515XzdgDn8L._AC_US200_.jpg,"Skillmatics Pool Toys - Seek & Splash, Search & Find Water Game, Swimming Pool Number Dive Toy for Kids, Summer Fun & Gifts for Boys & Girls Ages 6, 7, 8, 9, 10, 11 & Up, Includes 50 Colorful Gems",https://www.amazon.com/dp/B0GLGG9RSJ?th=1,1771804800000,1000,美国,体育
1776162975578,亚马逊,B0G95X8Y5H,https://m.media-amazon.com/images/I/41Aq3zWyPFL._AC_US200_.jpg,"8 Pack Easter Eggs Squeeze Squishy Toys, Easter Basket Stuffers, Easter Egg Hunt Fillers, Party Favors Gifts, Stress Balls Eggs Fidget Toys for Kids Boys Girls",https://www.amazon.com/dp/B0G95X8Y5H?th=1,1771804800000,700,美国,Novelty & Gag Toys
1776162975578,亚马逊,B0GHTXHTSB,https://m.media-amazon.com/images/I/81dn2JglgDL._AC_US200_.jpg,"Toy Inspired Story Birthday Party Supplies, 20 Plates, 20 Napkins and 1 Tablecover for Toy Inspired Story Party Decorations",https://www.amazon.com/dp/B0GHTXHTSB?th=1,1771718400000,200,美国,派对用品
1776162975578,亚马逊,B0GK395J7J,https://m.media-amazon.com/images/I/81-ueTecaEL._AC_US200_.jpg,"Monopoly: Strawberry Shortcake Board Game, Buy, Sell & Trade Locations Like Big Apple City, Citrus Acres & More, Includes 6 Collectible Tokens Like Blueberry Muffin's Basket & More, Official Merch",https://www.amazon.com/dp/B0GK395J7J?th=1,1771718400000,500,美国,游戏
1776162975578,亚马逊,B0G5NM2Z3B,https://m.media-amazon.com/images/I/51lk1Xn9mdL._AC_US200_.jpg,"Butterfly Kite Easy to Fly for Kids and Adults, Perfect Family Kites for Beach, Outdoor Games and Activity Toys, Suitable for Beginners.",https://www.amazon.com/dp/B0G5NM2Z3B?th=1,1771718400000,200,美国,体育
1776162975578,亚马逊,B0G5YTBWGN,https://m.media-amazon.com/images/I/71hqg2A3bqL._AC_US200_.jpg,"My Realistic Bunny Toy, Easter My Realistic Interactive Bunny - Jumping,Twitching and Shaking Ears (Brown)",https://www.amazon.com/dp/B0G5YTBWGN?th=1,1771718400000,1000,美国,填充的动物
1776162975578,亚马逊,B0GF26YKG7,https://m.media-amazon.com/images/I/71JhWJ98fmL._AC_US200_.jpg,"Kids Gardening Tools Set Toddler Gardening Kit with Apron & Tote Bag, Shovel, Fork, Trowel and Gloves, Outdoor Gardening Toys Easter Gifts for Children Ages 3-10",https://www.amazon.com/dp/B0GF26YKG7?th=1,1771718400000,300,美国,体育
1776162975578,亚马逊,B0GG1R82FC,https://m.media-amazon.com/images/I/7113gX66MdL._AC_US200_.jpg,"Tree Swing,Saucer Flying Swing 40 Inch for Kids,900D Oxford Waterproof, 900lbs Weight Capacity,with Adjustable Hanging Straps, for Backyard, Playground, and Camping, Gifts for Kids",https://www.amazon.com/dp/B0GG1R82FC?th=1,1771718400000,400,美国,体育
1776162975578,亚马逊,B0GKVLFQ95,https://m.media-amazon.com/images/I/71R9RJKwZZL._AC_US200_.jpg,"6pack 3D Printed Dragon Egg with Dragon Inside,Mini Crystal Dragon Fidget Toy, Surprise 3D Printed Animals Toy (Mix Set 1)",https://www.amazon.com/dp/B0GKVLFQ95?th=1,1771718400000,600,美国,玩具图
1776162975578,亚马逊,B0GF831F9P,https://m.media-amazon.com/images/I/51XIaLO57zL._AC_US200_.jpg,"Easter Games for Kids Outdoor, Potato Sack Race Bags, Bunny Ears Headbands, Egg Spoon Relay Races, Legged Relay Race Bands for Easter Eggs Hunt Games",https://www.amazon.com/dp/B0GF831F9P?th=1,1771718400000,1000,美国,Party Supplies
1776162975578,亚马逊,B0GK71NSZ6,https://m.media-amazon.com/images/I/510nL56kE9L._AC_US200_.jpg,"DIYDEC 180Pcs Mini Resin Animal 50 Styles Tiny Resin Animals to Hide,Small Plastic Figurines for Vase Fillers Micro Dollhouse Aquarium Decorations",https://www.amazon.com/dp/B0GK71NSZ6?th=1,1771718400000,200,美国,娃娃
1776162975578,亚马逊,B0G5Q3K9CJ,https://m.media-amazon.com/images/I/51ETrg2nXWL._AC_US200_.jpg,"HIKISS 24 Pack Easter Eggs Filled Plush Bunny Toys, Mini Colorful Bunny Egg Fillers for Kids Toddler Boys Girls Easter Egg Hunt Classroom Prize Supplies Basket Stuffers Easter Party Favors",https://www.amazon.com/dp/B0G5Q3K9CJ?th=1,1771718400000,600,美国,Party Supplies
1776162975578,亚马逊,B0GGCF6YYP,https://m.media-amazon.com/images/I/51xxDwLOdXL._AC_US200_.jpg,6 Inch Jumbo Easter Eggs - 6 Pack Large Plastic Easter Eggs Fillable for Kids Giant Empty Eggs for Easter Egg Hunt Basket Stuffers Fillers Filling Treats Party Favors Classroom Prize Supplies (Bright),https://www.amazon.com/dp/B0GGCF6YYP?th=1,1771718400000,200,美国,Party Supplies
1776162975578,亚马逊,B0GMBVJMY3,https://m.media-amazon.com/images/I/91byGmVg45L._AC_US200_.jpg,"300pcs Stickers, Premium Vinyl Waterproof Decals for Laptop, Phone, Water Bottle, Journal - Collectible Art Stickers for Fans, Teens.",https://www.amazon.com/dp/B0GMBVJMY3?th=1,1771718400000,800,美国,艺术
1776162975578,亚马逊,B0GCF4QKJ7,https://m.media-amazon.com/images/I/81JJCBjqfkL._AC_US200_.jpg,"16PCS Easter Stuffed Bunny Plush Toys,Easter Basket Stuffers Egg Fillers,Easter Bunny Bulk Stuffed Animals Plushie for Kids Boys Girls Party Favors Gifts",https://www.amazon.com/dp/B0GCF4QKJ7?th=1,1771718400000,900,美国,填充的动物
1776162975578,亚马逊,B0G5Q48ZG7,https://m.media-amazon.com/images/I/51ETrg2nXWL._AC_US200_.jpg,"HIKISS 36 Pack Easter Eggs Filled Plush Bunny Toys, Mini Colorful Bunny Egg Fillers for Kids Toddler Boys Girls Easter Egg Hunt Classroom Prize Supplies Basket Stuffers Easter Party Favors",https://www.amazon.com/dp/B0G5Q48ZG7?th=1,1771718400000,500,美国,Party Supplies
1776162975578,亚马逊,B0G5PYKHJY,https://m.media-amazon.com/images/I/51ETrg2nXWL._AC_US200_.jpg,"HIKISS 12 Pack Easter Eggs Filled Plush Bunny Toys, Mini Colorful Bunny Egg Fillers for Kids Toddler Boys Girls Easter Egg Hunt Classroom Prize Supplies Basket Stuffers Easter Party Favors",https://www.amazon.com/dp/B0G5PYKHJY?th=1,1771718400000,700,美国,Party Supplies
1776162975578,亚马逊,B0G6VC57JG,https://m.media-amazon.com/images/I/51OFptthCJL._AC_US200_.jpg,"8 Pack Jumbo Surprise Golden Easter Egg Filled with Eye-pop Fidget Toys, Large Easter Eggs with Toys Inside Easter Basket Stuffers Fillers Easter Egg Hunts Party Favor for Kids Boys Girls Toddler Teen",https://www.amazon.com/dp/B0G6VC57JG?th=1,1771718400000,300,美国,Party Supplies
1776162975578,亚马逊,B0GCT29MBK,https://m.media-amazon.com/images/I/81u8VlsVd3L._AC_US200_.jpg,24 Pack Prefilled Easter Eggs with Squishy Toys Axolotl Slow Rising Squishy Toys Easter Eggs Filled for Kids Easter Basket Stuffers Party Favors,https://www.amazon.com/dp/B0GCT29MBK?th=1,1771718400000,1000,美国,Novelty & Gag Toys
1776162975578,亚马逊,B0GFCMCPCP,https://m.media-amazon.com/images/I/71F9vZmKyrL._AC_US200_.jpg,"Easter Eggs Fillers with Bunny Plush 12Pack, Prefilled Easter Eggs Toys, Easter Basket Stuffers for Kids Teens Boys Girls, Classroom Treasure Box, Party Favors for Egg Hunt",https://www.amazon.com/dp/B0GFCMCPCP?th=1,1771718400000,700,美国,Party Supplies
1776162975578,亚马逊,B0GDCQTLLW,https://m.media-amazon.com/images/I/81F3au+m2bL._AC_US200_.jpg,"8 Pcs 3D Printed Dragon Eggs, Crystal Animals Dinosaur Egg Fidget Toys Stocking Stuffers for Teen Boys Kids Toddler Bulk Gifts for Girls 4-6 5-7 8-12 Mini Animals Figurines for Easter Decorations",https://www.amazon.com/dp/B0GDCQTLLW?th=1,1771718400000,400,美国,玩具图
1776162975578,亚马逊,B0GFD5BV37,https://m.media-amazon.com/images/I/41jY-SlbfBL._AC_US200_.jpg,"24Pack Prefilled Easter Eggs for Basket Stuffers, Glow In The Dark Easter Eggs for Kids, Easter Gifts for Egg Hunt Game Party Favors",https://www.amazon.com/dp/B0GFD5BV37?th=1,1771718400000,500,美国,Party Supplies
1776162975578,亚马逊,B0GGGHR8GQ,https://m.media-amazon.com/images/I/91SchzeLqaL._AC_US200_.jpg,Water Sprinkler for Kids - Airyard 3-in-1 Turtle Sprinkler Toys with Snail Plash Ring Toss Game & 360° Rotating Spray Backyard Summer Fun Outdoor Water Toys for Toddlers Boys Girls Ages 3 4 5 6 7 8,https://www.amazon.com/dp/B0GGGHR8GQ?th=1,1771718400000,200,美国,体育
1776162975578,亚马逊,B0GCCNXYWR,https://m.media-amazon.com/images/I/51Q6LvHOKdL._AC_US200_.jpg,"Stress Cube Squishy Fidget Toys - 4 Pack 2 Inches Square Ice Squeeze Balls High Density Gel Filled, Quiet Fidget for Classroom Student Calming, Sensory Anxiety Relief Item for Kids Adults",https://www.amazon.com/dp/B0GCCNXYWR?th=1,1771718400000,1000,美国,Novelty & Gag Toys
1776162975578,亚马逊,B0GH61CXTV,https://m.media-amazon.com/images/I/71+QBMw7mhL._AC_US200_.jpg,Easter Basket Stuffers - Glow in The Dark Easter Egg Fillers Squishy Bunny Stress Cube Easter Gifts for Kids Adults Fidget Toys Stress Balls for Kids with Autism Easter Basket Essentials for Teens,https://www.amazon.com/dp/B0GH61CXTV?th=1,1771718400000,1000,美国,Novelty & Gag Toys
1776162975578,亚马逊,B0GDCQS8L6,https://m.media-amazon.com/images/I/41GcMJHw2BL._AC_US200_.jpg,"shiguangji Bunny Stuffed Animal Plush Toy 11.8 in, Soft Rabbit Plush for Babies and Toddlers, Cuddly Bunny Toy for Nursery Decor and Easter Gift (Brown)",https://www.amazon.com/dp/B0GDCQS8L6?th=1,1771718400000,200,美国,填充的动物
1776162975578,亚马逊,B0GG3NVZJY,https://m.media-amazon.com/images/I/51s0WKgI1JL._AC_US200_.jpg,Easter Bunny Mask Crafts Kit 12 Pack Adjustable Paper Bunny Ear Hats with Stickers for Party Favours Activities (Bunny),https://www.amazon.com/dp/B0GG3NVZJY?th=1,1771718400000,200,美国,艺术
1776162975578,亚马逊,B0GGGJ84PD,https://m.media-amazon.com/images/I/51BKANmiIUL._AC_US200_.jpg,"24 Pcs Easter Eggs Filled with Bunny Figurines Set，Prefilled Easter Egg Party Favors，Easter Bunny Figurines Basket Stuffers Fillers, Party Favors and Classroom Prize Supplies",https://www.amazon.com/dp/B0GGGJ84PD?th=1,1771718400000,400,美国,Party Supplies
1776162975578,亚马逊,B0GC5ZPCVG,https://m.media-amazon.com/images/I/51NltukEz5L._AC_US200_.jpg,"Easter Reusable Water Coloring Book for Toddlers, 6 Pack Water Doodle Books Party Favors for Kids, Mess Free Water Painting Magic Paint Book, Easter Basket Stuffers, Educational Learning Gifts Toys",https://www.amazon.com/dp/B0GC5ZPCVG?th=1,1771718400000,300,美国,Party Supplies
1776162975578,亚马逊,B0GF9W7QNG,https://m.media-amazon.com/images/I/51ALmtJP1SL._AC_US200_.jpg,"27 Pack Easter Outdoor Party Games for Kids, 4 Bunny Potato Sack Race Jumping Bags, 4 Egg and Spoon Games, Toss Banner and 4 Bean Bags, Legged Relay Race Bands, Easter Games Prizes Supplies",https://www.amazon.com/dp/B0GF9W7QNG?th=1,1771718400000,400,美国,Party Supplies
1776162975578,亚马逊,B0GD7QWYNY,https://m.media-amazon.com/images/I/518j0l-YE0L._AC_US200_.jpg,"Easter Basket Stuffers, 12PCS Prefilled Easter Eggs with Gemstone Crystals & Jewelry Set, Bracelet Necklace Keychain for Easter Egg Hunt",https://www.amazon.com/dp/B0GD7QWYNY?th=1,1771718400000,500,美国,Party Supplies
1776162975578,亚马逊,B0G586K3DG,https://m.media-amazon.com/images/I/51rNUhQNf5L._AC_US200_.jpg,"SevenQ Plastic Easter Eggs Empty Fillable 36 Pcs 3.15"" Printed Colorful Egg for Hunt Basket Stuffers for Teens Pinata Goodie Gift Bags Fillers Treats Treasure Box Toys Classroom Party Favors Supplies",https://www.amazon.com/dp/B0G586K3DG?th=1,1771718400000,1000,美国,Party Supplies
1776162975578,亚马逊,1804576956,https://m.media-amazon.com/images/I/51gr6FpmOPL._AC_US200_.jpg,"Warhammer 40,000 The Maelstrom Lair of The Tyrant Into The Nightmare Realm Expansion Slipcase Set",https://www.amazon.com/dp/1804576956?th=1,1771632000000,300,美国,游戏
1776162975578,亚马逊,B0GH1TSR34,https://m.media-amazon.com/images/I/71Mi7CvJC9L._AC_US200_.jpg,"Hopping Bunny Toy, Interactive Electronic Bunny Stuffed Animal with Sounds and Movements, Animated Walking Wiggle Ears Twitch Nose, Easter Bunny Toys for Kids, Girls, Boys, Birthday Gift",https://www.amazon.com/dp/B0GH1TSR34?th=1,1771632000000,2000,美国,填充的动物
1776162975578,亚马逊,B0GDZBGWB2,https://m.media-amazon.com/images/I/71fWGnp3qQL._AC_US200_.jpg,"Dokeawo Easter Basket Stuffers Essentials for Teens Kids, Metal Brain Teaser Puzzle Toys for Girls Boys, Classroom Treasure Box Prizes, Party Favors",https://www.amazon.com/dp/B0GDZBGWB2?th=1,1771632000000,1000,美国,Party Supplies
1776162975578,亚马逊,B0GM1QRMC2,https://m.media-amazon.com/images/I/81O0sHdzkiL._AC_US200_.jpg,"Toyland® 26” (66cm) Sesame Street™ Number 2 Foil Balloon - Kids Party Balloons - Party Decoration, Air or Helium, Self Sealing",https://www.amazon.com/dp/B0GM1QRMC2?th=1,1771632000000,300,美国,派对用品
1776162975578,亚马逊,B0GGNXKTJC,https://m.media-amazon.com/images/I/817QDAgzp2L._AC_US200_.jpg,"Dokeawo Easter Egg Fillers 100Pcs - Easter Basket Stuffers Essentials for Teens Kids, Small Toys for Kids Party Favors & Egg Hunt, Classroom Treasure Box Prizes, Birthday Goodie Bags Rewards & Gifts",https://www.amazon.com/dp/B0GGNXKTJC?th=1,1771632000000,1000,美国,Party Supplies
1776162975578,亚马逊,B0G8HSK9VR,https://m.media-amazon.com/images/I/81-AL+svZFL._AC_US200_.jpg,"24PACK Prefilled Easter Eggs with Unicorn Squishy Toys, 2.75inch Easter Eggs Filled with Slow Rising Toys, Easter Gift for Kids Girls Boys, Prefilled Eggs for Easter Egg Hunt, Easter Prizes",https://www.amazon.com/dp/B0G8HSK9VR?th=1,1771632000000,2000,美国,Party Supplies
1776162975578,亚马逊,B0GPFM3RHF,https://m.media-amazon.com/images/I/31IX1OXApzL._AC_US200_.jpg,Rite Lite Passover Chattering Matzah Ball Seder Plate Buddy Wind Up & Watch Him Chat! Jewish Holiday Party Favor Goodie Bag Filler Plague Storytelling Fun & Educational Pesach Seder Gift Hours of Fun!,https://www.amazon.com/dp/B0GPFM3RHF?th=1,1771632000000,300,美国,新颖性
1776162975578,亚马逊,B0GDXPK239,https://m.media-amazon.com/images/I/81tR9Tu+LVL._AC_US200_.jpg,"24 Pcs Princess Themed Stampers, Princess Birthday Party Supplies, Classroom Rewards Prizes, Goody Bag Treat Bag Stuff for Princess Birthday Party Gifts",https://www.amazon.com/dp/B0GDXPK239?th=1,1771632000000,200,美国,艺术
1776162975578,亚马逊,B0GHRN4SVB,https://m.media-amazon.com/images/I/41qliqIw4yL._AC_US200_.jpg,Pickle Stress Reliever,https://www.amazon.com/dp/B0GHRN4SVB?th=1,1771632000000,600,美国,Novelty & Gag Toys
1776162975578,亚马逊,B0GD1G6ZCH,https://m.media-amazon.com/images/I/71LR4itKoXL._AC_US200_.jpg,Jasonwell Tic-Tac-Toe Pool Toys Games - Giant Floating Tic Tac Toe Game Float with 10 Balls Pineapple Pool Game Party Toy Floats Yard Field Day Games Outdoor Beach Toys for Adults Teens Kids (Yellow),https://www.amazon.com/dp/B0GD1G6ZCH?th=1,1771632000000,300,美国,体育
1776162975578,亚马逊,B0GFMQCYM9,https://m.media-amazon.com/images/I/71MUQP54ztL._AC_US200_.jpg,"68 Pack Pastel Easter Balloons Easter Decorations - 12 Inch Rainbow Spring Balloons with Ribbons - Easter Party Decorations Supplies Indoor Outdoor for Egg Hunt, Spring Home Classroom Office Decor",https://www.amazon.com/dp/B0GFMQCYM9?th=1,1771632000000,600,美国,派对用品
1776162975578,亚马逊,B0GDX32FT4,https://m.media-amazon.com/images/I/51viqdW2CaL._AC_US200_.jpg,"Bubble Guns for Toddlers,2pcs Rabbit Bubble Machine for Kids,Automatic Bubble Blower with 10 Bubble Solutions,Outdoor Toys Easter Baskets Stuffers Gift for Age 3 4 5 6 7 8 Years Old Boys Girls",https://www.amazon.com/dp/B0GDX32FT4?th=1,1771632000000,1000,美国,体育
1776162975578,亚马逊,B0GCGSQTD3,https://m.media-amazon.com/images/I/51OrkMMEH5L._AC_US200_.jpg,"Monjita 21 Pcs 3D Printed Easter Eggs with 21 Pcs Mini Animal Figurines Inside, Flexible Articulated Fidget Wigglitz Toys, Party Favors, Easter Basket Stuffers, Gifts for Kids Students Carnival Prizes",https://www.amazon.com/dp/B0GCGSQTD3?th=1,1771632000000,2000,美国,玩具图
1776162975578,亚马逊,B0FVX82VGZ,https://m.media-amazon.com/images/I/91pTXzI2LIL._AC_US200_.jpg,"600PCS Farm Animal Stickers, 16 Design Realistic Animal Sticker for Kids Farmyard Labels with Perforated Line for Toddlers, Party Favors, Birthday Gift, Decor Supplies, Rewards (1.5"" in Diameter)",https://www.amazon.com/dp/B0FVX82VGZ?th=1,1771632000000,200,美国,艺术
1776162975578,亚马逊,B0FLL33P7P,https://m.media-amazon.com/images/I/3188EbwjCSL._AC_US200_.jpg,Jazwares Hello Kitty® and Friends - 8-Inch Cinnamoroll™ Pastel Florals Plush - Officially Licensed Sanrio® Product from Ages 6+,https://www.amazon.com/dp/B0FLL33P7P?th=1,1771632000000,200,美国,填充的动物
1776162975578,亚马逊,B0GMZ5FWD6,https://m.media-amazon.com/images/I/51ExEPptPGL._AC_US200_.jpg,"DecoPac Sonic the Hedgehog Rings, Cupcake Decorations Featuring Sonic, Tails, and Shadow - 24 Pack",https://www.amazon.com/dp/B0GMZ5FWD6?th=1,1771632000000,2000,美国,Party Supplies
1776162975578,亚马逊,B0GPFVVMYH,https://m.media-amazon.com/images/I/81E093aJ+QL._AC_US200_.jpg,Rite Lite Passover Racing Matzah Balls Set of 4 - Pull Back & Race! Passover Gifts Jewish Holiday Party Favors Pesach Seder Goodie Bag Plague Judaica Storytelling Fun & Educational Hours of Fun!,https://www.amazon.com/dp/B0GPFVVMYH?th=1,1771632000000,900,美国,Party Supplies
1776162975578,亚马逊,B0GC7LW27K,https://m.media-amazon.com/images/I/511Xu4B4vDL._AC_US200_.jpg,"24 Pack Scratch Books Easter Party Favors, Rainbow Scratch Notebook Paper Bulk for Kids Student Classroom School Gifts Prizes, Easter Basket Goodie Bag Fillers Stuffers",https://www.amazon.com/dp/B0GC7LW27K?th=1,1771632000000,200,美国,Party Supplies
1776162975578,亚马逊,B0G7YVSS66,https://m.media-amazon.com/images/I/51aR7Cvl2XL._AC_US200_.jpg,"Vanblue 134Pcs Religious Easter Gifts Easter Basket Stuffers Christian Mini Coloring Books for Kids, Sunday School Prize Eggs Goodie Bag Stuffers for Christian Story Activity",https://www.amazon.com/dp/B0G7YVSS66?th=1,1771632000000,300,美国,Party Supplies
1776162975578,亚马逊,B0GFJSB6QX,https://m.media-amazon.com/images/I/513y-G+VRHL._AC_US200_.jpg,"Some Bunny Is One Birthday Party Decorations for Girl, Pink Easter Bunny Rabbit 1st Birthday Supplies, Balloon Garland Kit, High Chair Banner and Backdrop for One Year Old Spring Birthday Girl Décor",https://www.amazon.com/dp/B0GFJSB6QX?th=1,1771632000000,200,美国,派对用品
1776162975578,亚马逊,B0G1GZ96NW,https://m.media-amazon.com/images/I/51BtSq6UiRL._AC_US200_.jpg,"38pcs Easter Bingo Game for Easter Party Decorations, Easter Bingo Set Including Easter Day Bingo Game Easter Bunny Bingo Cards Spring Themed Bingo Craft Cards for Happy Easter Day Party Games",https://www.amazon.com/dp/B0G1GZ96NW?th=1,1771632000000,200,美国,游戏和配件
1776162975578,亚马逊,B0GNTS18PZ,https://m.media-amazon.com/images/I/61NfCMbcZrL._AC_US200_.jpg,"Mah Jong Cards 2026 Revision - Large Print, 4-Pack",https://www.amazon.com/dp/B0GNTS18PZ?th=1,1771632000000,800,美国,游戏
1776162975578,亚马逊,B0GDJC8KND,https://m.media-amazon.com/images/I/81UahNzYsAL._AC_US200_.jpg,"QUIRAI Easter Bunny Stuffed Animal - 14” Floral Bunny Plush with Weighted Bottom for Sitting, Cuddly Rabbit Stuffed Animal Adorable Easter Basket Stuffers for Girls Boys 14"" 0.56 lbs Brown",https://www.amazon.com/dp/B0GDJC8KND?th=1,1771632000000,200,美国,填充的动物
1776162975578,亚马逊,B0GHDSZS8V,https://m.media-amazon.com/images/I/41yjuY-3TyL._AC_US200_.jpg,Midou Slow Rising Dumpling Squishy Butter Squeeze Toy Sensory Stress Relief Squishies Soft & Stretchy Fidget Toys for Anxiety Relief Party Favors 1Pcs(Dumpling Squishy Butter Smile Face),https://www.amazon.com/dp/B0GHDSZS8V?th=1,1771632000000,2000,美国,Novelty & Gag Toys
1776162975578,亚马逊,B0GMZ2N6CZ,https://m.media-amazon.com/images/I/61Yt9+JhefL._AC_US200_.jpg,"Clearwater Butterfly Live Painted Lady Caterpillars - Choose Your Quantity - Butterfly Kit for Students - STEM Learning - Includes Caterpillars, Food & Care Instructions",https://www.amazon.com/dp/B0GMZ2N6CZ?th=1,1771632000000,2000,美国,学习
1776162975578,亚马逊,B0GMXYQJ65,https://m.media-amazon.com/images/I/918Ko5n7ucL._AC_US200_.jpg,Springbok Three Easter Bunnies 500 Piece Jigsaw Puzzle for Adults – Poster Now Included - Spring and Floral – Unique Cut Pieces – Made in USA,https://www.amazon.com/dp/B0GMXYQJ65?th=1,1771545600000,400,美国,拼图
1776162975578,亚马逊,B0GHTNG5QK,https://m.media-amazon.com/images/I/51C4ZBrMQgL._AC_US200_.jpg,"Easter My Realistic Bunny Toy, Hopping Bunny Toy, Interactive Realistic Bunny - Jumping,Twitching and Shaking Ears (Pink)",https://www.amazon.com/dp/B0GHTNG5QK?th=1,1771545600000,300,美国,填充的动物
1776162977697,亚马逊,B0GHTKBRZH,https://m.media-amazon.com/images/I/7106C-Ao-CL._AC_US200_.jpg,"Easter My Realistic Bunny Toy, Hopping Bunny Toy, Interactive Realistic Bunny - Jumping,Twitching and Shaking Ears (Brown)",https://www.amazon.com/dp/B0GHTKBRZH?th=1,1771545600000,400,美国,填充的动物
1776162977697,亚马逊,B0G4N97CP2,https://m.media-amazon.com/images/I/71Twbvl37zL._AC_US200_.jpg,"6 Pack Water Guns for Kids Adults - 6 Color Squirt Gun with Trigger, Long Range Water Pistol, Super Water Blaster Soaker Toys for Pool, Beach, Yard & Summer Party",https://www.amazon.com/dp/B0G4N97CP2?th=1,1771545600000,600,美国,体育
1776162977697,亚马逊,B0GCRX3LS1,https://m.media-amazon.com/images/I/81bZ+Z7+TaL._AC_US200_.jpg,"LEKSON St. Patrick’s Day Leprechaun Trap Craft Kit for Kids, Rainbow Treasure DIY Decoration Scene with Path, Signs & Accessories, Classroom & Holiday Activity Set",https://www.amazon.com/dp/B0GCRX3LS1?th=1,1771545600000,600,美国,艺术
1776162977697,亚马逊,B0GLVYWVXW,https://m.media-amazon.com/images/I/71bSXt03D7L._AC_US200_.jpg,"Beatrix Potter Peter Rabbit Plush with Carrot, 13 Inch Soft Stuffed Animal, Classic Peter Rabbit Toy for Babies, Toddlers, and Collectors",https://www.amazon.com/dp/B0GLVYWVXW?th=1,1771545600000,300,美国,填充的动物
1776162977697,亚马逊,B0FWQZ1XVR,https://m.media-amazon.com/images/I/71T4Ja2w5fL._AC_US200_.jpg,"Prefilled Easter Eggs,Easter Basket Stuffers - 24 Pack,Fun Plush Bulk Gift Filled Easter for Kids",https://www.amazon.com/dp/B0FWQZ1XVR?th=1,1771545600000,1000,美国,Party Supplies
1776162977697,亚马逊,B0GGHQ1N7M,https://m.media-amazon.com/images/I/71k-bvmHJaL._AC_US200_.jpg,"Reusable Water Balloons,12 pcs Magnetic Self Sealing Quick Refill Water Balloons for Kids,Outdoor Summer Pool Beach Water Bomb Toys Refillable Used for Water Fight Game",https://www.amazon.com/dp/B0GGHQ1N7M?th=1,1771545600000,900,美国,体育
1776162977697,亚马逊,B0GHTM25NZ,https://m.media-amazon.com/images/I/41m01Gbwt5L._AC_US200_.jpg,"Easter My Realistic Bunny Toy, Hopping Bunny Toy, Interactive Realistic Bunny - Jumping,Twitching and Shaking Ears (White)",https://www.amazon.com/dp/B0GHTM25NZ?th=1,1771545600000,200,美国,填充的动物
1776162977697,亚马逊,B0G2H4LYXG,https://m.media-amazon.com/images/I/7191sX12RHL._AC_US200_.jpg,"Ball Blaster Refill Ammo - 50,000 Rounds 7-8 mm (5 Packs) - Splatter Bullets for Automatic Blaster Gun - Premium & Non-Toxic Ammo Refill for Ages 14 & Up",https://www.amazon.com/dp/B0G2H4LYXG?th=1,1771545600000,1000,美国,体育
1776162977697,亚马逊,B0GFDYJW79,https://m.media-amazon.com/images/I/71EdLQvvonL._AC_US200_.jpg,"Magnetic Chess Game, Magnet Game with 20 Larger Black Stones & String, Strategy Magnetic Game for Family, Magnet Board Game Party Favors for Adults",https://www.amazon.com/dp/B0GFDYJW79?th=1,1771545600000,300,美国,游戏
1776162977697,亚马逊,B0G5ZQDDK8,https://m.media-amazon.com/images/I/81qyfY8mQ1L._AC_US200_.jpg,"4 Pack Water Gun for Kids Adults, Watercolor Squirt Gun with Trigger, Long Range Water Pistol, Super Water Blaster Soaker Toys for Outdoor Play, Pool, Beach, Yard, Summer Party",https://www.amazon.com/dp/B0G5ZQDDK8?th=1,1771545600000,500,美国,体育
1776162977697,亚马逊,B0G42VYY6M,https://m.media-amazon.com/images/I/517MtGfS-vL._AC_US200_.jpg,"Reusable Sticker Book - Vehicles Stickers for Toddlers & Kids 3-5: Boys Easter Basket Stuffers & Easter Basket Essentials - Fun Activity in Airplane & Cars, Jelly Sticker Books for Toddlers 1-3 2-4",https://www.amazon.com/dp/B0G42VYY6M?th=1,1771545600000,300,美国,艺术
1776162977697,亚马逊,B0G6WBDRX9,https://m.media-amazon.com/images/I/71AxLET8TnL._AC_US200_.jpg,"Electric Water Gun,Squirt Gun Toy,Automatic Water Gun Blaster Up To 32 FT Long Range,Outdoor Pool Party Shooting Game Toy With 2 Batteries & 2 Water Tanks,Ideal Summer Watergun Gift for Kids & Adults.",https://www.amazon.com/dp/B0G6WBDRX9?th=1,1771545600000,200,美国,体育
1776162977697,亚马逊,B0G46T9JT7,https://m.media-amazon.com/images/I/81MHqxD1S1L._AC_US200_.jpg,"LQV 200 Pcs Bulk Prefilled Easter Eggs with Toys - Filled Easter Eggs for Kids & Stuffed Easter Eggs For Easter Hunt Party, Basket Stuffers, Classroom Prizes & Party Favors",https://www.amazon.com/dp/B0G46T9JT7?th=1,1771545600000,900,美国,Party Supplies
1776162977697,亚马逊,B0GF7XCSG2,https://m.media-amazon.com/images/I/71M3imYInrL._AC_US200_.jpg,"6 Pcs Large Easter Eggs Fillable, 6 Inch Colorful Jumbo Plastic Empty Egg Stand Upright for Easter Eggs Hunt Basket Stuffers Fillers Filling Treats Party Favor Classroom Prizes Supplies (Pure)",https://www.amazon.com/dp/B0GF7XCSG2?th=1,1771545600000,700,美国,派对用品
1776162977697,亚马逊,B0GGZHV5YK,https://m.media-amazon.com/images/I/81R7Q+z6euL._AC_US200_.jpg,"30PCS 3D Printed Dragon Eggs with Dragon Inside, Mini Animals Party Favors for Kids, Flexible Articulated Crystal Collectibles for Adults Teens Boys, Easter Advent Calendar Easter Basket Stuffers",https://www.amazon.com/dp/B0GGZHV5YK?th=1,1771545600000,400,美国,Novelty & Gag Toys
1776162977697,亚马逊,B0GKB4WCYX,https://m.media-amazon.com/images/I/81bfJJI6qeL._AC_US200_.jpg,"Toyland® 26"" (66cm) Monster Jam™ Number 3 Foil Balloon - Large Monster Truck Birthday Balloon - Party Decoration, Air or Helium, Self Sealing",https://www.amazon.com/dp/B0GKB4WCYX?th=1,1771545600000,500,美国,派对用品
1776162977697,亚马逊,B0GGDHZJM1,https://m.media-amazon.com/images/I/81-SuBbZAkL._AC_US200_.jpg,"National Geographic Incredibly Gross Science Kit – 16 Disgusting Experiments with Bonus Guide, Yucky Slime Chemistry Set, Learning Toy, STEM Project for Boys and Girls, Birthday Gifts for Kids 8-12",https://www.amazon.com/dp/B0GGDHZJM1?th=1,1771545600000,400,美国,学习
1776162977697,亚马逊,B0GCD9V8CN,https://m.media-amazon.com/images/I/51kFqCjWujL._AC_US200_.jpg,"24PCS Easter Stuffies Bunny Plush Toys,Easter Bunny Bulk Stuffed Animals Plushie for Kids Boys Girls Toddler,Easter Basket Stuffers Egg Fillers Party Favors Classroom Easter Gifts",https://www.amazon.com/dp/B0GCD9V8CN?th=1,1771545600000,200,美国,填充的动物
1776162977697,亚马逊,B0G6RVYXY6,https://m.media-amazon.com/images/I/81JBZqtrsXL._AC_US200_.jpg,"TUWUNA Video Game Party Favors for Kids 24PCS Gamer Squishy Toys,Classroom Prizes Pinata Goodie Bag Stuffers Birthday Gifts for Boys & Girls",https://www.amazon.com/dp/B0G6RVYXY6?th=1,1771545600000,200,美国,Party Supplies
1776162977697,亚马逊,B0GN4ZZMT9,https://m.media-amazon.com/images/I/81CifSiEr3L._AC_US200_.jpg,Itzy Ritzy Bath Steering Wheel (Crab),https://www.amazon.com/dp/B0GN4ZZMT9?th=1,1771545600000,200,美国,婴幼儿
1776162977697,亚马逊,B0G25QBGP6,https://m.media-amazon.com/images/I/41dNnvTn37L._AC_US200_.jpg,"Wacky Egg - Egg Toss Game for Kids | Musical Talking Toy with 50 Funny Challenges | Easter Basket Stuffer Game for Boys, Girls & Family | Fun Indoor Outdoor Party Game",https://www.amazon.com/dp/B0G25QBGP6?th=1,1771545600000,200,美国,填充的动物
1776162977697,亚马逊,B0GD1H871V,https://m.media-amazon.com/images/I/51ibYLjsvrL._AC_US200_.jpg,Jasonwell Tic-Tac-Toe Pool Toys Games - Giant Floating Tic Tac Toe Game Float with 10 Balls Pineapple Pool Game Party Toy Floats Yard Field Day Games Outdoor Beach Toys for Adults Teens Kids (Orange),https://www.amazon.com/dp/B0GD1H871V?th=1,1771545600000,200,美国,体育
1776162977697,亚马逊,B0G4L9ZMCR,https://m.media-amazon.com/images/I/7149s6f2z4L._AC_US200_.jpg,"SpringFlower 24 Pack Filled Easter Eggs,Kids Easter Eggs Filled with Sensory Fidget Suction Cup Toys,Easter Egg Hunt Basket Stuffers,Party Favors,Classroom Easter Gift, Easter Basket Essentials",https://www.amazon.com/dp/B0G4L9ZMCR?th=1,1771545600000,600,美国,Party Supplies
1776162977697,亚马逊,B0G6X3NN6W,https://m.media-amazon.com/images/I/51L-I5kYFkL._AC_US200_.jpg,"Zeoddler Wooden Puzzles for Toddlers, 8 Pack Sea Animal Jigsaw Puzzles for Kids3-5, 9 Pieces Preschool Learning Activities, Learning & Educational Toys, Gift for Boys, Girls",https://www.amazon.com/dp/B0G6X3NN6W?th=1,1771545600000,200,美国,拼图
1776162977697,亚马逊,B0G6X6F7W2,https://m.media-amazon.com/images/I/81wN5VHLB1L._AC_US200_.jpg,"Zeoddler Wooden Puzzles for Toddlers, 8 Pack Insect Animal Jigsaw Puzzles for Kids3-5, 9 Pieces Preschool Learning Activities, Learning & Educational Toys, Gift for Boys, Girls",https://www.amazon.com/dp/B0G6X6F7W2?th=1,1771545600000,300,美国,拼图
1776162977697,亚马逊,B0GG9W9DP8,https://m.media-amazon.com/images/I/51Wypm9mF-L._AC_US200_.jpg,"24 Pcs Filled Easter Eggs with Little Jesus Figures Inside Mini Toys Easter Gifts for Kids Toddlers Easter Egg Hunt, Easter Basket Stuffers Fillers Party Favor Boy Gril Classroom Prize Supplies",https://www.amazon.com/dp/B0GG9W9DP8?th=1,1771545600000,400,美国,Party Supplies
1776162977697,亚马逊,B0GM75SH7R,https://m.media-amazon.com/images/I/61e+OMYKmYL._AC_US200_.jpg,"10Pcs Cartoon Figure,Cute Collectable Figure,Creative Gift for Fans",https://www.amazon.com/dp/B0GM75SH7R?th=1,1771545600000,200,美国,玩具图
1776162977697,亚马逊,B0GCHGG2PP,https://m.media-amazon.com/images/I/71nttq66h6L._AC_US200_.jpg,"Upgraded Toddler Sand Water Table Toy with Electric Water Pump, Kids Sand Water with Faucet/Play Food Accessories/Fishing Toy, Kitchen Play Sink Toys for Girl Boy Age 3+ (Pink)",https://www.amazon.com/dp/B0GCHGG2PP?th=1,1771545600000,300,美国,运动与户外游戏
1776162977697,亚马逊,B0FQP82VQT,https://m.media-amazon.com/images/I/819bVWSRIcL._AC_US200_.jpg,"Skillmatics Inflatable Art Unicorns & Princesses – 3D DIY Craft Kit for Kids, Mess-Free Coloring Set with Crayons & Straws, Gift for Girls & Boys Ages 4, 5, 6, 7",https://www.amazon.com/dp/B0FQP82VQT?th=1,1771459200000,300,美国,艺术
1776162977697,亚马逊,B0GMXVCTTZ,https://m.media-amazon.com/images/I/91WxQZZOtgL._AC_US200_.jpg,Springbok Easter Picnic 500 Piece Jigsaw Puzzle for Adults – Poster Now Included - Spring and Floral – Unique Cut Pieces – Made in USA,https://www.amazon.com/dp/B0GMXVCTTZ?th=1,1771459200000,300,美国,拼图
1776162977697,亚马逊,B0G27C6Y34,https://m.media-amazon.com/images/I/31L8aBHOaCL._AC_US200_.jpg,Waboba Moon Ball Stars and Stripes- Hyper Bouncy Ball - All Ages Extreme Bounce and Fun - Perfect for Active Play and Outdoor Games,https://www.amazon.com/dp/B0G27C6Y34?th=1,1771459200000,300,美国,体育
1776162977697,亚马逊,B0G27MZNRN,https://m.media-amazon.com/images/I/61XiERrNowL._AC_US200_.jpg,"Waboba Bounceback Returning Stars and Stripes Hyper Bouncy Balls, Extreme Bounce and Fun, Super High Bouncing Ball for Active Play and Outdoor Games",https://www.amazon.com/dp/B0G27MZNRN?th=1,1771459200000,400,美国,体育
1776162977697,亚马逊,B0GCN7VGBF,https://m.media-amazon.com/images/I/81rkrVVHpDL._AC_US200_.jpg,"Beach Toys for Kids 35PCS Sand Toys with 3 Collapsible Bucket,3 Dump Truck,Beach Shovel,Sand Castle Building Kit,Ocean Molds,Dinosaur Sand Molds, 2 Mesh Bag,Toddler Beach Essentials for Kids 3-10",https://www.amazon.com/dp/B0GCN7VGBF?th=1,1771459200000,600,美国,运动与户外游戏
1776162977697,亚马逊,B0GDZFXKJW,https://m.media-amazon.com/images/I/813CabsAuPL._AC_US200_.jpg,Prefilled Easter Eggs With Plush Keychains: 12 Pack Cute Toy Monster Keychains For Kids Boys Girls Easter Basket Stuffers Party Favors Classroom Gifts,https://www.amazon.com/dp/B0GDZFXKJW?th=1,1771459200000,700,美国,Party Supplies
1776162977697,亚马逊,B0GGGY48HQ,https://m.media-amazon.com/images/I/8135oBPzSeL._AC_US200_.jpg,"Tonberless Baby Sensory Montessori Toys for 6-12-18 Months, Toddler Teething Toy Birthday Gift Travel Toys for 1 2 3 Year Old Boy Girl Infant 8 9 10 Months Old",https://www.amazon.com/dp/B0GGGY48HQ?th=1,1771459200000,800,美国,婴幼儿
1776162977697,亚马逊,B0GFDWDSQM,https://m.media-amazon.com/images/I/71cKPZWC91L._AC_US200_.jpg,"Upgraded Magnetic Chess Game Set with 20 Larger Black Stones & Rope, Exciting Magnet Game for Family Party Travel Camping, Fun Strategy Puzzle Game for Adults",https://www.amazon.com/dp/B0GFDWDSQM?th=1,1771459200000,300,美国,新颖性
1776162977697,亚马逊,B0GBXQMXSC,https://m.media-amazon.com/images/I/71HUoFWshHL._AC_US200_.jpg,"Grenebo Kids Gardening Set with Wheelbarrow, 11-Piece Outdoor Yard, Beach, STEM Garden Play Kit with Child-Sized Tools, Durable, Safe & Fun Gift Toy for Ages 2+ Kids Toddlers Boys Girls (Pink)",https://www.amazon.com/dp/B0GBXQMXSC?th=1,1771459200000,500,美国,体育
1776162977697,亚马逊,B0GK9K6DWJ,https://m.media-amazon.com/images/I/71yvBmJ+9bL._AC_US200_.jpg,"24 Pack Prefilled Easter Eggs with Axolotl Mochi Squishy Toys, Easter Basket Stuffers, Easter Eggs Filled Mini Squishy Toy, Party Favors for Kids, Easters Gifts, Classroom Exchange",https://www.amazon.com/dp/B0GK9K6DWJ?th=1,1771459200000,2000,美国,Novelty & Gag Toys
1776162977697,亚马逊,B0GMLDJ2JC,https://m.media-amazon.com/images/I/81aqpQFu6oL._AC_US200_.jpg,Easter Taba Squishy Making Kit for Kids - Squishies Easter Crafts Activities - 6 7 8 9 10 11 12 Year Old Birthday Gift - Craft Kits for Girls Ages 8-12 - Kid Toys for Ages 5-7 - Cool Arts & Crafts,https://www.amazon.com/dp/B0GMLDJ2JC?th=1,1771459200000,3000,美国,Novelty & Gag Toys
1776162977697,亚马逊,B0GK4XZ8SN,https://m.media-amazon.com/images/I/51ssy4Mk2tL._AC_US200_.jpg,"ELORION 12” 3D Printed Articulated Fidget Figure in 5” Dragon Egg, Prefilled Egg with Dragon Inside, Easter Basket Stuffer Gift (Purple)",https://www.amazon.com/dp/B0GK4XZ8SN?th=1,1771459200000,200,美国,玩具图
1776162977697,亚马逊,B0GK59KDLC,https://m.media-amazon.com/images/I/51w97KUfzYL._AC_US200_.jpg,"ELORION 12” 3D Printed Articulated Fidget Figure in 5” Dragon Egg, Prefilled Egg with Dragon Inside, Easter Basket Stuffer Gift (Rainbow)",https://www.amazon.com/dp/B0GK59KDLC?th=1,1771459200000,300,美国,玩具图
1776162977697,亚马逊,B0GK4ZQ4HD,https://m.media-amazon.com/images/I/51kB1hVfFrL._AC_US200_.jpg,"ELORION 12” 3D Printed Articulated Fidget Figure in 5” Dragon Egg, Prefilled Egg with Dragon Inside, Easter Basket Stuffer Gift (Blue)",https://www.amazon.com/dp/B0GK4ZQ4HD?th=1,1771459200000,500,美国,玩具图
1776162977697,亚马逊,B0GHXNCNQF,https://m.media-amazon.com/images/I/71Ri7FQbEAL._AC_US200_.jpg,"24Pack Bunny Mochi Squishy Toy,Bunny Squishies Bulk Fidget Toy Gifts Party Favors,Bunny Squishy Fidget Toys Bundles Squishies for Kids",https://www.amazon.com/dp/B0GHXNCNQF?th=1,1771459200000,2000,美国,Novelty & Gag Toys
1776162977697,亚马逊,B0GNVB43CF,https://m.media-amazon.com/images/I/613+Xduk8aL._AC_US200_.jpg,Bicycle Garden Gnome Playing Cards - Cute and Collectible Lawn Gnome Statue Décor Inspired Toys Deck of Card Game for Family Game Night or Easter Basket Stuffers for Spring Gardening Lovers,https://www.amazon.com/dp/B0GNVB43CF?th=1,1771459200000,300,美国,游戏
1776162977697,亚马逊,B0GLXK1DY8,https://m.media-amazon.com/images/I/81natHrlJsL._AC_US200_.jpg,USA 250th Anniversary Coin 1776-2026 3D America 250 Merchandise for Patriotic Celebration 4th of July Independence Day Gifts for Veterans & History Lover,https://www.amazon.com/dp/B0GLXK1DY8?th=1,1771459200000,500,美国,新颖性
1776162977697,亚马逊,B0GGXDWH1T,https://m.media-amazon.com/images/I/51gCaZZZyeL._AC_US200_.jpg,"24 Pack Prefilled Easter Eggs with Animal Finger Lights, Easter Egg Stuffers for Kids, Glow in the Dark Easter Eggs, Party Favor Toy Gifts for Boy Girl, Classroom Rewards",https://www.amazon.com/dp/B0GGXDWH1T?th=1,1771459200000,300,美国,Party Supplies
1776162977697,亚马逊,B0GGXRBTMZ,https://m.media-amazon.com/images/I/517kFAJLV+L._AC_US200_.jpg,"24 Pack Easter Eggs Fillers with Finger Lights, Easter Party Favors Light Up Toys for Kids Boys Girls Easter Egg Fillers Easter Hunt Filling Treats Easter Basket Stuffers",https://www.amazon.com/dp/B0GGXRBTMZ?th=1,1771459200000,200,美国,Party Supplies
1776162977697,亚马逊,B0GGXP479S,https://m.media-amazon.com/images/I/51AqhZBs7wL._AC_US200_.jpg,"24 Pack Easter Party Favors for Kids, Easter Finger Lights Easter Basket Stuffers for Kid, Easter Egg Hunt Filling Treats Easter Basket Stuffers for Toddler Teens Boys Girls",https://www.amazon.com/dp/B0GGXP479S?th=1,1771459200000,300,美国,Party Supplies
1776162977697,亚马逊,B0FS18PTCC,https://m.media-amazon.com/images/I/518F5feCdoL._AC_US200_.jpg,"BUNMO Rainbow Textured Suction Toys – 10 Pack | Bath Toys and Suction Toys | Silicone Kids Bath Toys for Kids Ages 3+ | Bathtub Toys, Shower Toys & Travel | BPA-Free",https://www.amazon.com/dp/B0FS18PTCC?th=1,1771459200000,200,美国,婴幼儿
1776162977697,亚马逊,B0G27DQXR1,https://m.media-amazon.com/images/I/315cPLwkIWL._AC_US200_.jpg,Waboba The Original Moon Ball - Hyper Bouncy Ball – Makes Pop Sound When Bounced - All Ages Extreme Bounce & Fun - Perfect for Active Play & Indoor or Outdoor Games,https://www.amazon.com/dp/B0G27DQXR1?th=1,1771459200000,1000,美国,体育
1776162977697,亚马逊,B0G27FRPN6,https://m.media-amazon.com/images/I/31alhAeCMBL._AC_US200_.jpg,Waboba The Original Moon Ball - Hyper Bouncy Ball – Makes Pop Sound When Bounced - All Ages Extreme Bounce & Fun - Perfect for Active Play & Indoor or Outdoor Games,https://www.amazon.com/dp/B0G27FRPN6?th=1,1771459200000,800,美国,体育
1776162977697,亚马逊,B0G27GBPY2,https://m.media-amazon.com/images/I/31FLoh1mQ8L._AC_US200_.jpg,Waboba The Original Moon Ball - Hyper Bouncy Ball – Makes Pop Sound When Bounced - All Ages Extreme Bounce & Fun - Perfect for Active Play & Indoor or Outdoor Games,https://www.amazon.com/dp/B0G27GBPY2?th=1,1771459200000,400,美国,体育
1776162977697,亚马逊,B0G6FQ4JYV,https://m.media-amazon.com/images/I/417xZLKvUjL._AC_US200_.jpg,"Hopping Bunny Toy, Easter Rabbit Interactive Electronic Pet Plush Bunny Toys with Sounds, Jumping, Twitching Ears - Easter Gifts for Kids (White)",https://www.amazon.com/dp/B0G6FQ4JYV?th=1,1771459200000,500,美国,填充的动物
1776162977697,亚马逊,B0G27L34BG,https://m.media-amazon.com/images/I/315wVlIgPGL._AC_US200_.jpg,Waboba Metallic Moon Ball Red- Hyper Bouncy Ball - All Ages Extreme Bounce and Fun - Perfect for Active Play and Outdoor Games,https://www.amazon.com/dp/B0G27L34BG?th=1,1771459200000,200,美国,体育
1776162977697,亚马逊,B0GNVG7B74,https://m.media-amazon.com/images/I/41iTCpmtdoL._AC_US200_.jpg,"Bicycle Disney Beauty and the Beast Playing Cards – Premium Belle & Beast Deck, Enchanted Rose Collectible Cards for Classic Games, Magical Disney Gift for Kids & Adults",https://www.amazon.com/dp/B0GNVG7B74?th=1,1771459200000,400,美国,游戏
1776162977697,亚马逊,B0GFDPFN21,https://m.media-amazon.com/images/I/51iwJb-QfrL._AC_US200_.jpg,"Fort Building Kit for Kids,339 Pieces Ultimate Forts Builder,STEM Construction Toy for 5-12 Years Old Boys and Girls,DIY Creative Fort Gift,STEM Building Toys with Storage Bag,Toy for Indoor & Outdoor",https://www.amazon.com/dp/B0GFDPFN21?th=1,1771459200000,200,美国,建筑玩具
1776162977697,亚马逊,B0G4VDQQVC,https://m.media-amazon.com/images/I/517Bu5vQgsL._AC_US200_.jpg,"288 Easter Eggs, 2.36"" Assorted Bright Colors Plastic Easter Eggs Empty Include 12 Golden Eggs，Easter Hunt, Party Favor, Basket Stuffers Fillers",https://www.amazon.com/dp/B0G4VDQQVC?th=1,1771459200000,400,美国,Party Supplies
1776162977697,亚马逊,B0GF7MHG8H,https://m.media-amazon.com/images/I/51OY8HDB-EL._AC_US200_.jpg,"Easter Egg Fillers & Basket Stuffer Essentials for Teens Kids - 12Pack Prefilled Easter Eggs Plush Bunny Toys, Treasure Box Toys for Classroom Boys Girls, Egg Hunt Party Supplies, Carnival Prizes",https://www.amazon.com/dp/B0GF7MHG8H?th=1,1771459200000,700,美国,Party Supplies
1776162977697,亚马逊,B0FNT1WNW1,https://m.media-amazon.com/images/I/81tc+5lRySL._AC_US200_.jpg,"Snackles Disney 5-Inch Plush Toy 2 Pack by ZURU – Ultra-Soft Mini Stuffed Animal with Snack Accessory, Collectible Cuddly Plush for Kids, Tweens, and Disney Fans Ages 3+",https://www.amazon.com/dp/B0FNT1WNW1?th=1,1771459200000,300,美国,填充的动物
1776162977697,亚马逊,B0GD12NJW9,https://m.media-amazon.com/images/I/71UHhlzBReL._AC_US200_.jpg,Kids Play Tent White Rocket Play Tent for Kids with Star Lights Pop-Up Space Ship Tent Soft Breathable Fabric Spaceship Toddler Tent for Indoor Outdoor,https://www.amazon.com/dp/B0GD12NJW9?th=1,1771459200000,200,美国,体育
1776162977697,亚马逊,B0GJ5H3CTM,https://m.media-amazon.com/images/I/81MwpZEqdqL._AC_US200_.jpg,Sensory Fidget Toys For Kids 6 Pack Silicone Worry Stones for Autism & ADHD Calming Down Quiet Figette Classroom Must Have Stress Toys for Anxiety Relief Office Desk Toy Set Easter Basket Stuffer Gift,https://www.amazon.com/dp/B0GJ5H3CTM?th=1,1771459200000,400,美国,Novelty & Gag Toys
1776162977697,亚马逊,B0GKLW67D4,https://m.media-amazon.com/images/I/81vPL+qi83L._AC_US200_.jpg,4PC 3D Printed Dragon Eggs with Wings for Teen Boys Fidget Classroom Treasure Box for Kids Goodie Bag Fillers Winged Dragon Dinosaur Eggs Toy Office Desk Decor for Adult Easter Basket Stuffers Gifts,https://www.amazon.com/dp/B0GKLW67D4?th=1,1771459200000,600,美国,玩具图
1776162977697,亚马逊,B0GKL8PBBB,https://m.media-amazon.com/images/I/51QF2oV3RLL._AC_US200_.jpg,"4PC Large 8.2"" 3D Printed Easter Dragon Eggs for Kids, Office Desk Decor Classroom Decoration Toys for Adult Dinosaur with Wings Easter Basket Stuffers Supplies Fillers Essentials Gifts for Teen Boys",https://www.amazon.com/dp/B0GKL8PBBB?th=1,1771459200000,500,美国,玩具图
1776162977697,亚马逊,B0GL8H6LVK,https://m.media-amazon.com/images/I/81+FNm8D6JL._AC_US200_.jpg,"Skillmatics Pool Toys - Seek & Splash, Search & Find Water Game, Swimming Pool Dive Toy for Kids, Summer Fun & Gifts for Boys & Girls Ages 6, 7, 8, 9, 10, 11 & Up, Includes 64 Colorful Gems",https://www.amazon.com/dp/B0GL8H6LVK?th=1,1771459200000,2000,美国,体育
1776162977697,亚马逊,B0GP3N66FR,https://m.media-amazon.com/images/I/610W5Ua5qcL._AC_US200_.jpg,"Yumzo 12 Pack (24pcs) Plastic Easter Eggs, 2.3x1.5 Inch Fillable Empty Shells in Pastel Assorted Colors - Secure Snap Closure Toys for Spring egg hunt, Basket Stuffers & Party Favors,",https://www.amazon.com/dp/B0GP3N66FR?th=1,1771459200000,2000,美国,Party Supplies
1776162977697,亚马逊,B0GKP3JTMC,https://m.media-amazon.com/images/I/71U51wQnuEL._AC_US200_.jpg,2 Pack Bubble Blowing Cigarette Stress Relief Toy Mini Bubble Cigarette Blower Sticks Box Bubbles Toy Relaxation Birthday Christmas Party Gift for Men Women,https://www.amazon.com/dp/B0GKP3JTMC?th=1,1771372800000,500,美国,体育
1776162977697,亚马逊,B0GN4624WT,https://m.media-amazon.com/images/I/91c-Ew6iPJL._AC_US200_.jpg,Ceaco - Disney – Thomas Kinkade - Mickey and Minnie Pumpkin Festival – 1000 Piece Jigsaw Puzzle  Challenging and Colorful Puzzle for Adults – Precision-Cut Pieces,https://www.amazon.com/dp/B0GN4624WT?th=1,1771372800000,300,美国,拼图
1776162977697,亚马逊,B0GNQCL2XS,https://m.media-amazon.com/images/I/91kD9oJDnUL._AC_US200_.jpg,Disney Cars 2026 Color Changers Dinoco Lightning McQueen,https://www.amazon.com/dp/B0GNQCL2XS?th=1,1771372800000,300,美国,车辆
1776162977697,亚马逊,B0FGY172DT,https://m.media-amazon.com/images/I/81XXLpezIcL._AC_US200_.jpg,"MGA's Miniverse Make It Mini Taco Bell Series 1, Mini Collectibles - Blind Pack, DIY, Resin, Replica Food, Not Edible, Collectors, 8+",https://www.amazon.com/dp/B0FGY172DT?th=1,1771372800000,1000,美国,新颖性
1776162977697,亚马逊,B0GG4X7L9D,https://m.media-amazon.com/images/I/31J-zE+p-YL._AC_US200_.jpg,"Light-Up Jumbo Spinner Toy – LED Spinning Wand with Flashing Lights, Spring Party Favor Gift for Kids, Peeps Easter Pink Bunny",https://www.amazon.com/dp/B0GG4X7L9D?th=1,1771372800000,300,美国,新颖性
1776162977697,亚马逊,B0GNNLSLN4,https://m.media-amazon.com/images/I/51R9Av1o5GL._SS200_.jpg,"Disney Moana 10 Piece Finger Puppet Set - Educational Play, Party Favors, Bath and Pool Toys, Beach Fun, Playtime Activities",https://www.amazon.com/dp/B0GNNLSLN4?th=1,1771372800000,200,美国,木偶
1776162977697,亚马逊,B0GM7K8WNB,https://m.media-amazon.com/images/I/71AdfDf5DWL._AC_US200_.jpg,"3Pcs Cartoon Figure,Cute Collectable Figure,Creative Gift for Fans",https://www.amazon.com/dp/B0GM7K8WNB?th=1,1771372800000,300,美国,玩具图
1776162977697,亚马逊,B0GGTTKWHK,https://m.media-amazon.com/images/I/71NfKhNqj6L._AC_US200_.jpg,Tonies The Secret Garden Audio Toy Figurine,https://www.amazon.com/dp/B0GGTTKWHK?th=1,1771372800000,500,美国,儿童电子产品
1776162977697,亚马逊,B0FJY9DSLK,https://m.media-amazon.com/images/I/81-QsQtLnhL._AC_US200_.jpg,"The Super Mario Galaxy Movie – Luma Star Yo-Yo 3-Pack Bundle - Assortment Includes Three Luma, Blue, Green, and Yellow - Each has a Glow-in-The-Dark Feature!",https://www.amazon.com/dp/B0FJY9DSLK?th=1,1771372800000,1000,美国,体育
1776162977697,亚马逊,B0G8ZHSGD3,https://m.media-amazon.com/images/I/718tgTWQJgL._AC_US200_.jpg,"Easter Egg Fillers for Teens & Adults – 12-Pack Colorful Easter Squishies Egg Stuffers for Easter Baskets, Egg Hunts Gifts & Party Favor",https://www.amazon.com/dp/B0G8ZHSGD3?th=1,1771372800000,1000,美国,Novelty & Gag Toys
1776162977697,亚马逊,B0GG9CGHX2,https://m.media-amazon.com/images/I/41FAc5yY-aL._AC_US200_.jpg,"Easter Light-Up Dome Cup – Pink Rabbit, Reusable LED Party Drinkware with Glitter Dome Lid",https://www.amazon.com/dp/B0GG9CGHX2?th=1,1771372800000,200,美国,派对用品
1776162977697,亚马逊,B0GJ7C2GM1,https://m.media-amazon.com/images/I/81+ICbg44nL._AC_US200_.jpg,"Hamee RE-Ment Hello Kitty and Friends Blind Box Diorama Miniature Figure Set for Birthday Gift, Party Favor, Collectible Figurine, Sanrio Fan (Pompompurin Daily Moments) – 1 Pc. Mystery Set",https://www.amazon.com/dp/B0GJ7C2GM1?th=1,1771372800000,200,美国,新颖性
1776162977697,亚马逊,B0FGJK3XXL,https://m.media-amazon.com/images/I/71BgvSmDZlL._AC_US200_.jpg,"Web Launcher Spider String Shooter Toy, Web Shooters Cool Gadgets Reel-in Real Silk Superhero Role-Play Fun Stuff Toys Great for Men and Kids",https://www.amazon.com/dp/B0FGJK3XXL?th=1,1771372800000,200,美国,新颖性
1776162977697,亚马逊,B0GGH1V7ZT,https://m.media-amazon.com/images/I/81XTJELElJL._AC_US200_.jpg,"Voiiake Easter Egg Fillers & Basket Stuffer Essentials for Teens Kids, 100Pcs Small Toys & Party Favors for Boys Girls, Treasure Box Toys for Classroom, Egg Hunt Party Supplies, Carnival Prizes",https://www.amazon.com/dp/B0GGH1V7ZT?th=1,1771372800000,1000,美国,Party Supplies
1776162977697,亚马逊,B0GF29BGWS,https://m.media-amazon.com/images/I/51rV+QhD9pL._AC_US200_.jpg,"12 Pack Colorful Dinosaur Eggs Excavation Kit with Learning Cards - Dino Dig STEM Science Toy for Kids - Easter Basket Stuffers, Party Favors Birthday Gifts Classroom Activities for Boys Girls Age 3+",https://www.amazon.com/dp/B0GF29BGWS?th=1,1771372800000,400,美国,学习
1776162977697,亚马逊,B0GGWVDFS9,https://m.media-amazon.com/images/I/81GK-cVV36L._AC_US200_.jpg,"6 Sets Reusable Sticker Book for Toddlers 3-6, Jelly Sticker Books for Toddler, Travel Sticker Activity Toys for Kids 3 4 5 6 Years Old Girls & Boys",https://www.amazon.com/dp/B0GGWVDFS9?th=1,1771372800000,200,美国,艺术
1776162977697,亚马逊,B0GJ5CQC6W,https://m.media-amazon.com/images/I/81pg6qaOVLL._AC_US200_.jpg,"Easter Gifts for Kids, 120Pcs Water Coloring Books & 320Pcs Temporary Tattoos Bulk with Goodie Bag for Easter Basket Stuffers Party Favors Classroom Prize School Activities Crafts Party Supplies",https://www.amazon.com/dp/B0GJ5CQC6W?th=1,1771372800000,1000,美国,Party Supplies
1776162977697,亚马逊,B0GBG7P4RJ,https://m.media-amazon.com/images/I/51ZTZ940v1L._AC_US200_.jpg,6 Pack Easter Eggs Stress Balls Squishy Toys Squeeze Fidget Toys for Kids Girls Boys Easter Egg Hunt Fillers Easter Basket Stuffers Party Favors Gifts,https://www.amazon.com/dp/B0GBG7P4RJ?th=1,1771372800000,400,美国,Novelty & Gag Toys
1776162977697,亚马逊,B0GL523CX7,https://m.media-amazon.com/images/I/71iwhdvl0nL._AC_US200_.jpg,Rite Lite Passover 10 Plagues Finger Puppet Kit 3D Pesach Seder Haggadah Storytelling Activity Judaica Hostess Gift Jewish Holiday Party Favor Educational Craft Set DIY Assembly Puppets Hours of Fun!,https://www.amazon.com/dp/B0GL523CX7?th=1,1771372800000,300,美国,木偶
1776162977697,亚马逊,B0G5HLH461,https://m.media-amazon.com/images/I/81JOb6Bg7CL._AC_US200_.jpg,"TOAPER 500 PACK Easter Eggs Fillers Toys, Easter Goodie Bag Stuffers Party Favors, Easter Basket Fillers for Kids Boys Girls Classroom Egg Hunt Prizes",https://www.amazon.com/dp/B0G5HLH461?th=1,1771372800000,500,美国,Party Supplies
1776162977697,亚马逊,B0GDM93G14,https://m.media-amazon.com/images/I/71gtO2tzVAL._AC_US200_.jpg,"Meowl Plush 10"" Steal a Brainrot Plush Meme AI-Crafted Stuffed Figure Pillow for Video Game Fans Room Decor",https://www.amazon.com/dp/B0GDM93G14?th=1,1771372800000,200,美国,填充的动物
1776162977697,亚马逊,B0GMYK5KMB,https://m.media-amazon.com/images/I/61FrdLuqmpL._AC_US200_.jpg,Hendrick Motorsports Chase Elliott #9 Prime 1:64 Scale Diecast Amazon Store Exclusive Candy Finish,https://www.amazon.com/dp/B0GMYK5KMB?th=1,1771372800000,200,美国,车辆
1776162977697,亚马逊,B0G353PF68,https://m.media-amazon.com/images/I/71erAo7QA1L._AC_US200_.jpg,"Easter Basket Stuffers Egg Fillers for Toddlers Kids, 4 Pack Suction Pop Tube Fidget Easter Toys for Boys Girls, Bunny Rabbit Easter Gifts Party Favors",https://www.amazon.com/dp/B0G353PF68?th=1,1771372800000,700,美国,Novelty & Gag Toys
1776162977697,亚马逊,B0GCT24S8P,https://m.media-amazon.com/images/I/51orRg0buZL._AC_US200_.jpg,"6Pcs 3D Printed Easter Eggs with Bunny Inside, 3.26in 3D Printed Animals Easter Rabbit Decor, Articulated Flexible Fidget Toys for Kids, Surprise Bunny Egg Easter Basket Stuffers",https://www.amazon.com/dp/B0GCT24S8P?th=1,1771372800000,500,美国,玩具图
1776162977697,亚马逊,B0GNLCPZZ9,https://m.media-amazon.com/images/I/714nplxWGHL._AC_US200_.jpg,Yu-Gi-Oh! CCG: Legendary Modern 2026 Decks Box Set,https://www.amazon.com/dp/B0GNLCPZZ9?th=1,1771372800000,1000,美国,游戏
1776162977697,亚马逊,B0FP1BB8KH,https://m.media-amazon.com/images/I/51d7AMPXdZL._AC_US200_.jpg,"BUNMO Big Shapes Textured Suction Bath Toys for Toddlers 1–3 (5 Pack), Extra Large Silicone Bathtub Toys, BPA-Free Suction Cup Toys, Bath Toys for Kids Ages 1+, Sensory Bath Toys",https://www.amazon.com/dp/B0FP1BB8KH?th=1,1771372800000,300,美国,婴幼儿
1776162977697,亚马逊,B0GF27SR9Z,https://m.media-amazon.com/images/I/51Wll+yGODL._AC_US200_.jpg,"3D Printed Dragon Egg with Articulated Dragon Inside, 4.93in Dragon Toy, Crystal Dragon Fidget Toy, Easter Basket Stuffers",https://www.amazon.com/dp/B0GF27SR9Z?th=1,1771372800000,200,美国,新颖性
1776162977697,亚马逊,B0GF25JLFJ,https://m.media-amazon.com/images/I/81ajRD1QyrL._AC_US200_.jpg,"3D Printed Bunny Egg with Articulated Rabbit Inside, Easter Egg Surprise, Bunny Fidget Toy, Easter Basket Filler, Spring Gift for Kids",https://www.amazon.com/dp/B0GF25JLFJ?th=1,1771372800000,400,美国,新颖性
1776162977697,亚马逊,B0FLL78WPQ,https://m.media-amazon.com/images/I/41O54Hm2hNL._AC_US200_.jpg,Jazwares Hello Kitty® and Friends - 8-Inch Kuromi™ Pastel Florals Plush - Officially Licensed Sanrio® Product from Ages 6+,https://www.amazon.com/dp/B0FLL78WPQ?th=1,1771372800000,400,美国,填充的动物
1776162977697,亚马逊,B0G4WC9V96,https://m.media-amazon.com/images/I/51dZuma8XLL._AC_US200_.jpg,"24 Pack Easter Eggs with Mini Stuffed Animal Plush Toys Inside Easter Baster Stuffer Fillers for Kids Easter Egg Hunt Prizes for Toddler, Easter Gifts Party Favor",https://www.amazon.com/dp/B0G4WC9V96?th=1,1771372800000,200,美国,Party Supplies
1776162977697,亚马逊,B0GNC6HX8S,https://m.media-amazon.com/images/I/51xcksxmjvL._AC_US200_.jpg,"Crazy Aaron’s Mini Putty Tins Animal & Pop Collection – Capybara, Blobfish & Country Pop – 3 Pack (.46 oz Each) – Stretchy Sensory Fidget Toy Set – Ages 3+",https://www.amazon.com/dp/B0GNC6HX8S?th=1,1771372800000,200,美国,新颖性
1776162977697,亚马逊,B0G3554B58,https://m.media-amazon.com/images/I/71M2g3xxjhL._AC_US200_.jpg,"16 Pack Easter Toys Jumping Popper: Easter Basket Stuffers for Toddlers Kids, Spring Launcher Bulk Easter Egg Fillers, Party Favors Gifts for Classroom Boys Girls",https://www.amazon.com/dp/B0G3554B58?th=1,1771372800000,700,美国,Novelty & Gag Toys
1776162977697,亚马逊,B0G4R6NTF4,https://m.media-amazon.com/images/I/812hmZpC3CL._AC_US200_.jpg,"Bug Catcher for Kids 3-12, Bug Vacuum Bugs Catching Release Kit, Magnifying Glass Bug Collector Butterfly Net Bugs Grabber Insect Catcher Tweezers, Boys Outside Explorer Toys Birthday Gift",https://www.amazon.com/dp/B0G4R6NTF4?th=1,1771372800000,700,美国,体育
1776162977697,亚马逊,B0GHXTZL1S,https://m.media-amazon.com/images/I/81SnGKdrlyL._AC_US200_.jpg,"36 PCS Mini Building Blocks Party Favors Set, Goodie Bag Stuffers Building Blocks for Kids 4-8, Small Animal Building Kit",https://www.amazon.com/dp/B0GHXTZL1S?th=1,1771372800000,200,美国,建筑玩具
1776162977697,亚马逊,B0GJZ2ZWT5,https://m.media-amazon.com/images/I/419pnDFK9aL._AC_US200_.jpg,Celltestria 36Pcs Mini 3D Printed Animals for Kids Little 3D Printed Toys for Party Favors Gifts Exchange 3D Printed Figurines for Classroom Prize Rewards Goodie Bags,https://www.amazon.com/dp/B0GJZ2ZWT5?th=1,1771372800000,600,美国,玩具图
1776162979678,亚马逊,B0GDY1TVGW,https://m.media-amazon.com/images/I/81J8sAuVjjL._AC_US200_.jpg,"Romantic Gift for Women - Tiny Potato W/ 30 Swappable Romantic Signs | Birthday Gift for Girlfriend, Wife | Cute Couples Gifts for Anniversary, Mother's Day, Date Night, Long Distance Relationship",https://www.amazon.com/dp/B0GDY1TVGW?th=1,1771372800000,200,美国,填充的动物
1776162979678,亚马逊,B0GDD75B2Y,https://m.media-amazon.com/images/I/51MOwTLhQaL._AC_US200_.jpg,"201pcs Shrink Paper Keychain Kit, 24 Blank & 12 Pre-Cut Sheets (75 Patterns) Crafts Kits for Kids Adults, Shrinking Art Activity Set with Hole Punch & Keychain Jewelry Accessories for DIY Crafts",https://www.amazon.com/dp/B0GDD75B2Y?th=1,1771372800000,600,美国,艺术
1776162979678,亚马逊,B0GHND38P6,https://m.media-amazon.com/images/I/8154e5oSZyL._AC_US200_.jpg,"3D Printed Animals Blind Box, Funny Articulated Figurines Fidget Toys, Dragon Egg Surprise with 15 Random Mini Animals (No Duplicates), Cute Desk Toy, Party Favors & Gifts for Kids",https://www.amazon.com/dp/B0GHND38P6?th=1,1771372800000,300,美国,玩具图
1776162979678,亚马逊,B0FK5R64ZF,https://m.media-amazon.com/images/I/41abQdhytVL._AC_US200_.jpg,Squishmallows Original 12in Marvel Miles Morales Plush (Medium-Sized),https://www.amazon.com/dp/B0FK5R64ZF?th=1,1771286400000,200,美国,填充的动物
1776162979678,亚马逊,B0GCH76GHM,https://m.media-amazon.com/images/I/81O6MiAbiUL._AC_US200_.jpg,"Easter Egg Fillers for Teens & Adults – 12-Pack Colorful Easter Squishies Egg Stuffers for Easter Baskets, Egg Hunts Gifts & Party Favor",https://www.amazon.com/dp/B0GCH76GHM?th=1,1771286400000,800,美国,Novelty & Gag Toys
1776162979678,亚马逊,B0GJRC8QPS,"https://m.media-amazon.com/images/I/413mbq9JhbL._SX200_SY200_CR,0,0,200,200_.jpg","Boys Easter Egg Hunt Pre-Filled Basket for Kids, Build Your Own Candy and Toy Combo, Chocolate Eggs, Bunny Candy, Games, Coloring Book, Ages 3-10 (Deluxe Easter Basket)",https://www.amazon.com/dp/B0GJRC8QPS?th=1,1771286400000,200,美国,Party Supplies
1776162979678,亚马逊,B0FJG7ZT2C,https://m.media-amazon.com/images/I/712Ug2WX0GL._AC_US200_.jpg,Squishmallows Original Micromallows Plush 10-Pack,https://www.amazon.com/dp/B0FJG7ZT2C?th=1,1771286400000,1000,美国,填充的动物
1776162979678,亚马逊,B0GLPKK8ZF,https://m.media-amazon.com/images/I/71ILyCZcwxL._AC_US200_.jpg,"anime Birthday Party Supplies , 9Pcs Honeycomb Centerpieces for Toy animen Decorations, Double Sided Table Decorations Centerpieces Party.",https://www.amazon.com/dp/B0GLPKK8ZF?th=1,1771286400000,300,美国,派对用品
1776162979678,亚马逊,B0G9LY8J6N,https://m.media-amazon.com/images/I/91pt90lxaYL._AC_US200_.jpg,"Easter Basket Stuffers for Kids,Easter Egg Fillers, Cute Bunny Toys Easter Gifts for Kids, Party Favors Classroom Exchange, Easter Decorations (24PCS)",https://www.amazon.com/dp/B0G9LY8J6N?th=1,1771286400000,2000,美国,玩具图
1776162979678,亚马逊,B0GGZ3MD84,https://m.media-amazon.com/images/I/71T7iEq3eEL._AC_US200_.jpg,"8 Pack Prefilled Easter Eggs with 3D Printed Animals Inside, Articulated Fidget Toys for Kids & Adult, Flexible Dragon, Easter Egg Stuffers for Basket Fillers, Egg Hunt, Party Favor, Classroom Prizes",https://www.amazon.com/dp/B0GGZ3MD84?th=1,1771286400000,700,美国,玩具图
1776162979678,亚马逊,B0GD744N5L,https://m.media-amazon.com/images/I/51hmTH+erCL._AC_US200_.jpg,"VGOFUN Diving Gems Pool Toys,10 Pcs Colorful Diamond with Treasure Chest Pirate Box Kids Swim Toys Acrylic Underwater Gemstone for Boys Girls Bath Toys Swimming Training Gift Water Pool Games",https://www.amazon.com/dp/B0GD744N5L?th=1,1771286400000,400,美国,体育
1776162979678,亚马逊,B0GL1ZKK42,https://m.media-amazon.com/images/I/71ahC4U8k3L._AC_US200_.jpg,"ORB Easy Sqweezy Pets Giant Stretchy Dog - Stretches Up to 5 Feet Long - Huge Jumbo Sized Yellow Squishy Toy Puppy, Stretch and Squeeze for Stress Relief - Fun Sensory Fidget Toy for Kids and Adults",https://www.amazon.com/dp/B0GL1ZKK42?th=1,1771286400000,500,美国,Novelty & Gag Toys
1776162979678,亚马逊,B0FX8Z5HCK,https://m.media-amazon.com/images/I/81OQoSbMIVL._AC_US200_.jpg,"Easter Egg Fillers, 24Pcs Bunny Easter Squishies Mini Squeeze Toys, Non-Candy Easter Egg Basket Stuffers Party Favors Bulk for Teens Adults",https://www.amazon.com/dp/B0FX8Z5HCK?th=1,1771286400000,700,美国,Novelty & Gag Toys
1776162979678,亚马逊,B0GCHVML19,https://m.media-amazon.com/images/I/71sSo7LWrzL._AC_US200_.jpg,"Pre-Filled Easter Eggs with Bunny Squishies, 12 Count Filled Easter Eggs for Easter Basket Stuffers, Non-Candy Basket Fillers, Easter Gifts",https://www.amazon.com/dp/B0GCHVML19?th=1,1771286400000,700,美国,Novelty & Gag Toys
1776162979678,亚马逊,B0GCJDDNP5,https://m.media-amazon.com/images/I/81LC9azDdOL._AC_US200_.jpg,"24-Pack Easter Egg Fillers, Bunny Squishy Squeeze Toys for Teens & Adults, Easter Basket Stuffers Essentials Gifts– Fits Standard Eggs",https://www.amazon.com/dp/B0GCJDDNP5?th=1,1771286400000,900,美国,Novelty & Gag Toys
1776162979678,亚马逊,B0G6K8L1MT,https://m.media-amazon.com/images/I/81XWxRU0f3L._AC_US200_.jpg,"Dinosaur Toys for Kids 3-5, 8 Pcs Dinosaur Monster Truck Pull Back Cars, Friction Powered Dino Toy Vehicles with Gift Box, Mini Dinosaur Racing Cars for Toddlers 3-5, Party Favors, Birthday Gifts",https://www.amazon.com/dp/B0G6K8L1MT?th=1,1771286400000,200,美国,车辆
1776162979678,亚马逊,B0DNNY3255,https://m.media-amazon.com/images/I/7125Q2Hg39L._AC_US200_.jpg,"Trash Monsters - Card Game, Easy Number Sequencing Game with Fun Monsters | Ages 3 and up | Kids & Family Nights | Simple to Learn",https://www.amazon.com/dp/B0DNNY3255?th=1,1771286400000,700,美国,游戏
1776162979678,亚马逊,B0GH1HXTKW,https://m.media-amazon.com/images/I/51NZVZ1iD7L._AC_US200_.jpg,"24 Pack Easter Eggs Filled with Italian Brainrot Toys, Easter Basket Stuffers for Toddlers Kids Children Teens, Easter Egg Fillers for Kids Boys Girls, Easter Eggs Hunt Game, Classroom Prize Supplies",https://www.amazon.com/dp/B0GH1HXTKW?th=1,1771286400000,1000,美国,Party Supplies
1776162979678,亚马逊,B0FKC1W33Q,https://m.media-amazon.com/images/I/718kzwgX6mL._AC_US200_.jpg,Squishmallows Day 2026 Amazon Exclusive - 12in Adelheid The Pink Dragon – Official Jazwares Plush (Medium-Sized),https://www.amazon.com/dp/B0FKC1W33Q?th=1,1771286400000,200,美国,填充的动物
1776162979678,亚马逊,B0GGQQCJ64,https://m.media-amazon.com/images/I/81RCas0xbLL._AC_US200_.jpg,"Meaicezli Pool Toys Diving Gems, 54 Pcs Search and Find Pool Games, Diving Toys with Dive Gems, Acrylic Numbers, Scavenger Hunt Game Cards & Mesh Bag, Fun Summer Water Party Favors for Kids 4-12",https://www.amazon.com/dp/B0GGQQCJ64?th=1,1771286400000,500,美国,体育
1776162979678,亚马逊,B0GH8H8HHZ,https://m.media-amazon.com/images/I/71neZDqbtZL._AC_US200_.jpg,"Transformers Studio Series The Matrix of Leadership Interactive Collectible from The The Movie, Lights and Sounds, Ages 14+",https://www.amazon.com/dp/B0GH8H8HHZ?th=1,1771286400000,200,美国,玩具图
1776162979678,亚马逊,B0GGQX9SQ9,https://m.media-amazon.com/images/I/61VSExbxnuL._AC_US200_.jpg,"Light Up Bath Toys for Kids Ages 1-3, Pool Toys for 1 2 3 Year Old Girl Boy, Water Activated Bath Toys for Toddlers 3-5, Glowing Bathtub Toys for Baby Boy & Girl Gifts, 6 Pack",https://www.amazon.com/dp/B0GGQX9SQ9?th=1,1771286400000,300,美国,婴幼儿
1776162979678,亚马逊,B0GFMH4DDN,https://m.media-amazon.com/images/I/317912JAR6L._AC_US200_.jpg,"Black Cat Plush with Removable Bunny Hood, Easter Stuffed Animal Kawaii Soft Toy for Kids Toddlers, Easter Gift for Boys Girls Toddlers, Party Favors & Basket Stuffers",https://www.amazon.com/dp/B0GFMH4DDN?th=1,1771286400000,200,美国,填充的动物
1776162979678,亚马逊,B0FLKN8DPH,https://m.media-amazon.com/images/I/41pylqLuvDL._AC_US200_.jpg,Jazwares Hello Kitty® and Friends - 8-Inch My Melody™ Pastel Florals Plush - Officially Licensed Sanrio® Product from Ages 6+,https://www.amazon.com/dp/B0FLKN8DPH?th=1,1771286400000,200,美国,填充的动物
1776162979678,亚马逊,B0GHS1QYX2,https://m.media-amazon.com/images/I/71DeAOr0C5L._AC_US200_.jpg,"24PCS Steal a Brainrot Figure Set – Italian Brainrot Character Display Collection, Brainrot Figure Desk Decor, Steal a Brainrot Gifts for Fans",https://www.amazon.com/dp/B0GHS1QYX2?th=1,1771286400000,300,美国,玩具图
1776162979678,亚马逊,B0G6T4BHV1,https://m.media-amazon.com/images/I/51akY4tSP8L._AC_US200_.jpg,168PCS Easter Party Supplies Easter Egg Party Decorations with Pink Plaid Bunny Paper Plates and Napkins Cups for Spring Themed Easter Birthday Party Serves 24,https://www.amazon.com/dp/B0G6T4BHV1?th=1,1771286400000,400,美国,派对用品
1776162979678,亚马逊,B0G1TN7SZY,https://m.media-amazon.com/images/I/51aKRm0uA3L._AC_US200_.jpg,"24 Pcs Easter Fidget Spinner Toys, Mini Finger Spinners Bulk Easter Egg Filler Basket Stuffers Classroom Prizes for Kids",https://www.amazon.com/dp/B0G1TN7SZY?th=1,1771286400000,200,美国,新颖性
1776162979678,亚马逊,B0G5HBVKZV,https://m.media-amazon.com/images/I/512iXaM+ZTL._AC_US200_.jpg,"Easter Puzzle, 48 Piece Puzzles for Kids Ages 3-5, Jesus Resurrection Wooden Jigsaw Puzzles for Kids Ages 4-8, Bible Themed Christian Religious Easter Gifts for Kid",https://www.amazon.com/dp/B0G5HBVKZV?th=1,1771286400000,200,美国,拼图
1776162979678,亚马逊,B0GBDRTWTL,https://m.media-amazon.com/images/I/51tAdb0AvtL._AC_US200_.jpg,168PCS Easter Party Supplies Watercolor Bunny Carrot Pastel Design Party Decorations Easter Paper Plates Napkins Cups and Forks for Brunch Egg Hunt Spring Holiday Celebrations Serves 24,https://www.amazon.com/dp/B0GBDRTWTL?th=1,1771286400000,500,美国,派对用品
1776162979678,亚马逊,B0FSDCKYC8,https://m.media-amazon.com/images/I/41sEZVb1udL._AC_US200_.jpg,"12 Pcs White Wooden Eggs, Unpainted Fake Wooden Easter Egg for Kids DIY Crafts Paint Your Own Egg Decor, Easter Eggs Hunt, Basket Stuffers",https://www.amazon.com/dp/B0FSDCKYC8?th=1,1771286400000,300,美国,扮靓
1776162979678,亚马逊,B0GC5SY15Z,https://m.media-amazon.com/images/I/61yrfOnYUxL._AC_US200_.jpg,"134 PCS Easter Egg Fillers,Easter Party Favors for Kids, Easter Basket Stuffers for Boys Girls, Easter Gifts Small Fidget Toys Easter Egg Hunt Goodie Bags Filler Filling Treats Classroom Prizes",https://www.amazon.com/dp/B0GC5SY15Z?th=1,1771286400000,800,美国,Party Supplies
1776162979678,亚马逊,B0GG7QCPRH,https://m.media-amazon.com/images/I/51eKxsDwZdL._AC_US200_.jpg,"24pcs Prefilled Easter Eggs with Italian Brainrot Toys, Easter Basket Stuffers for Easter Eggs with Italian Brainrot Toys Inside, Easter Eggs Hunts Party Favors Surprise Eggs",https://www.amazon.com/dp/B0GG7QCPRH?th=1,1771286400000,500,美国,Party Supplies
1776162979678,亚马逊,B0FX8ZLRRZ,https://m.media-amazon.com/images/I/51bhOghVowL._AC_US200_.jpg,"18Pcs Easter Egg Fillers Bunny Squishies, Easter Egg Stuffers for Teens Adults, Easter Squishy Squeeze Toys Bulk for Classroom Prizes",https://www.amazon.com/dp/B0FX8ZLRRZ?th=1,1771286400000,700,美国,Novelty & Gag Toys
1776162979678,亚马逊,B0D2LWMBB8,https://m.media-amazon.com/images/I/51-kRzmHAiL._AC_US200_.jpg,Premium Lotería Mexican Bingo Game Set - Complete with 100 Bingo Chips for 10 Players - Authentic Lotería de Lujo Mexicana - Colorful Loteria Cards (10 Players + 100 Chips),https://www.amazon.com/dp/B0D2LWMBB8?th=1,1771286400000,200,美国,游戏和配件
1776162979678,亚马逊,B0GG6BHQPT,https://m.media-amazon.com/images/I/51tgn8fGFML._AC_US200_.jpg,"26 Pack Easter Eggs Filled with Animal Alphabet Matching Toys Easter Gifts,Alphabet Matching Toys for Kids Boys Girls, Easter Egg Fillers, Easter Basket Essentials Stuffers Filler and Party Favors",https://www.amazon.com/dp/B0GG6BHQPT?th=1,1771286400000,700,美国,Party Supplies
1776162979678,亚马逊,B0GH7FMQJ8,https://m.media-amazon.com/images/I/519UAl5xYrL._AC_US200_.jpg,"VivaNova 4 Pack 3D Printed Easter Dragon Eggs, Prefilled Easter Eggs with Articulated Mini Dragons Inside, Easter Basket Stuffers, Easter Egg Fillers, Dragon Fidget Toys, Classroom Exchange Gifts",https://www.amazon.com/dp/B0GH7FMQJ8?th=1,1771286400000,700,美国,Toy Figures & Playsets
1776162979678,亚马逊,B0GDCX74KL,https://m.media-amazon.com/images/I/81yZW2Z7UKL._AC_US200_.jpg,"LED Drawing Board for Girls, USB-C 10"" 7 Colors DIY Doodle Glow Tablet, 7 Pens, 10 Tracing Sheets - Unicorn Girls Toys Age 3+ Gift, Birthday Gifts for Girl 4 5 6 7 8 9 Year Old, Light Up Pad Art Kit",https://www.amazon.com/dp/B0GDCX74KL?th=1,1771286400000,500,美国,艺术
1776162979678,亚马逊,B0GD8DVNYF,https://m.media-amazon.com/images/I/51iiXa-J7JL._AC_US200_.jpg,Realistic Bunny Toy - Interactive Plush Rabbit with Sounds and Movements Animated Walking Wiggle Ears Twitch Nose - Easter Gift for Kids (Pink),https://www.amazon.com/dp/B0GD8DVNYF?th=1,1771200000000,200,美国,填充的动物
1776162979678,亚马逊,B0GLNG512Y,https://m.media-amazon.com/images/I/81VAhLtml+L._AC_US200_.jpg,"110Pcs Stupid Canadian Wolf Bird Stickers Funny Heated Hockey Romance Books Sticker Aesthetics Rivalry Decal Waterproof Vinyl for Laptop, Water Bottle, Skateboard, Scrapbooking, Party Favors",https://www.amazon.com/dp/B0GLNG512Y?th=1,1771200000000,200,美国,艺术
1776162979678,亚马逊,B0FKH1HRCL,https://m.media-amazon.com/images/I/71sgNBIEF3L._AC_US200_.jpg,"TYRY.HU Baby Rattles Toy, Plush Lion Rattle, Stuffed Animal Hand Rattles,Infant Grab Shake Rattle, Crinkle & Squeaker,Soft Sensory Toy with Sound for Babies 0-6 6-12 Months, Lion",https://www.amazon.com/dp/B0FKH1HRCL?th=1,1771200000000,300,美国,婴幼儿
1776162979678,亚马逊,B0GNJV1W39,https://m.media-amazon.com/images/I/61li6sGo2SL._AC_US200_.jpg,"LEGO Creator Duck Family Building Set – 262-Piece Animal Toy with Posable Mother Duck & 3 Ducklings, Cute Play & Display Model, Gift for Kids – 40885",https://www.amazon.com/dp/B0GNJV1W39?th=1,1771200000000,200,美国,建筑玩具
1776162979678,亚马逊,B0G6TGT25L,https://m.media-amazon.com/images/I/71toDPdkriL._AC_US200_.jpg,"6 Pack Prefilled Easter Eggs with Toys Inside, Cute Mini Animals Building Blocks for Easter Basket Stuffers Essential, Easter Egg Fillers Gift for Kids Age 6-12+",https://www.amazon.com/dp/B0G6TGT25L?th=1,1771200000000,2000,美国,建筑玩具
1776162979678,亚马逊,B0G8DYT9FS,https://m.media-amazon.com/images/I/51lBd1aCtoL._AC_US200_.jpg,"36PCS Easter Eggs for Kids, Filled Easter Eggs with Character Toys, Large Medium Small Eggs, Italian Brainrot Style, Easter Basket Stuffers, Party Favors, Classroom Gifts for Boys Girls",https://www.amazon.com/dp/B0G8DYT9FS?th=1,1771200000000,500,美国,Novelty & Gag Toys
1776162979678,亚马逊,B0GD8B97KN,https://m.media-amazon.com/images/I/61ZZtNVAP7L._AC_US200_.jpg,Realistic Bunny Toy - Interactive Plush Rabbit with Sounds and Movements Animated Walking Wiggle Ears Twitch Nose - Easter Gift for Kids (Brown+White),https://www.amazon.com/dp/B0GD8B97KN?th=1,1771200000000,3000,美国,填充的动物
1776162979678,亚马逊,B0GCJBSR71,https://m.media-amazon.com/images/I/514WpeJ2mCL._AC_US200_.jpg,"Prefilled Easter Eggs with Toys, 12 Pcs Pre Filled Easter Eggs with Bunny Squishy, Easter Egg Fillers Basket Stuffers for Teens Adults, Gifts Party Favors",https://www.amazon.com/dp/B0GCJBSR71?th=1,1771200000000,800,美国,Novelty & Gag Toys
1776162979678,亚马逊,B0G6YP9FWP,https://m.media-amazon.com/images/I/51PrizOdUFL._AC_US200_.jpg,"Seifar 24 Pack Easter Eggs Prefilled Egg Set, Plastic Eggs Filled with Flashing Puffer Balls, Easter Hunt Basket Stuffers with Stress Relief Fidget Toys Squeeze Ball for Egg Hunt Party Favor",https://www.amazon.com/dp/B0G6YP9FWP?th=1,1771200000000,300,美国,Novelty & Gag Toys
1776162979678,亚马逊,B0GH4S17WF,https://m.media-amazon.com/images/I/81JeWTjPRjL._AC_US200_.jpg,"24 Pcs Spide Stampers - Perfect Spide Birthday Party Supplies, Goody Bag Fillers & Party Favors.",https://www.amazon.com/dp/B0GH4S17WF?th=1,1771200000000,400,美国,艺术
1776162979678,亚马逊,B0GKPB7XM8,https://m.media-amazon.com/images/I/51bWziIN+SL._AC_US200_.jpg,"24 Sheets Easter Stickers for Kids Toddlers, Eggs Themed Stickers Crafts for Basket Stuffers & Egg Fillers, Kids Party Favor Supplies Games Activities Easter Classroom Gifts Decorations for Girl Boy",https://www.amazon.com/dp/B0GKPB7XM8?th=1,1771200000000,800,美国,艺术
1776162979678,亚马逊,B0GF84DDXN,https://m.media-amazon.com/images/I/51oP3mKhyML._AC_US200_.jpg,"Kids Water Guns 2 Pack – Small Squirt Guns for Boys & Girls, Mini Water Blaster Toys for Toddlers, Summer Pool Beach Outdoor Water Play (Pink+Green)",https://www.amazon.com/dp/B0GF84DDXN?th=1,1771200000000,300,美国,体育
1776162979678,亚马逊,B0GKYDWLYY,https://m.media-amazon.com/images/I/51Ri0LqmQHL._AC_US200_.jpg,"Water Guns for Adults, Strongest Shooter Water Pistol Automatic Electric Water Gun High Pressure Powerful Water Squirt Gun, 26FT Long Range Water Gun Pistol Watergun Toy for Summer",https://www.amazon.com/dp/B0GKYDWLYY?th=1,1771200000000,200,美国,体育
1776162979678,亚马逊,B0GC6Y9CGR,https://m.media-amazon.com/images/I/61RwkkIuSBL._AC_US200_.jpg,"134 Pack Easter Egg Fillers, Easter Basket Stuffers for Kids Boys Girls, Easter Party Favors Assorted Toys, Easter Egg Hunt, Easter Gift Goody Bags Stuffers Filling Treats Classroom Prizes Rewards",https://www.amazon.com/dp/B0GC6Y9CGR?th=1,1771200000000,900,美国,Party Supplies
1776162979678,亚马逊,B0CQXL8FD9,https://m.media-amazon.com/images/I/51kR7hVNtXL._AC_US200_.jpg,"12 Pack Wooden Musical Eggs Shakers Maracas for Baby Kids Percussion Instrument Early Learning Toys, Easter Stocking Stuffers",https://www.amazon.com/dp/B0CQXL8FD9?th=1,1771200000000,600,美国,学习
1776162979678,亚马逊,B0GDFGLYNY,https://m.media-amazon.com/images/I/71ps9zusLfL._AC_US200_.jpg,"Electric Water Gun, Ultimate Battle Blaster Water Guns with Dual Nozzles High Capacity Automatic Squirt Guns Summer Outdoor Beach Swimming Pool Party Toy for Adult Kids",https://www.amazon.com/dp/B0GDFGLYNY?th=1,1771200000000,1000,美国,体育
1776162979678,亚马逊,B0GJZTHJQ5,https://m.media-amazon.com/images/I/71z2hd06fLL._AC_US200_.jpg,"PoKraft Magical Princesses Poke Art, Paper Craft Kit with Gift Bag, Mess-Free Fun for Kids 3-9, Colorful DIY Activity Toys Games, Perfect Birthday Gifts for Girls, Builds Fine Motor Skills",https://www.amazon.com/dp/B0GJZTHJQ5?th=1,1771200000000,200,美国,艺术
1776162979678,亚马逊,B0G3484YSN,https://m.media-amazon.com/images/I/61zLdfKvjNL._AC_US200_.jpg,Easter Eggs 2.4” - Black Fillable Easter Eggs - 12 Pcs Easter Basket Stuffers - Black Eggs Bowl and Vase Filler Faux for DIY Spring and Easter Decorations (Black),https://www.amazon.com/dp/B0G3484YSN?th=1,1771113600000,200,美国,Party Supplies
1776162979678,亚马逊,B0GKNGGTBD,https://m.media-amazon.com/images/I/51vfhhs70VL._AC_US200_.jpg,"Kids Jewelry for Girls, Necklaces, Rings, Bracelets, Little Girls Jewelry Kids Necklace Rings for girls, Kid Bracelets Necklace Birthday Gift Age 2 4 6 8",https://www.amazon.com/dp/B0GKNGGTBD?th=1,1771113600000,300,美国,扮靓
1776162979678,亚马逊,B0GL2BQ73T,https://m.media-amazon.com/images/I/51M3PUqk7iL._AC_US200_.jpg,"ORB Curiosities Duck and Babies Sugar Swaps 2 Pack - 4 Sparkly Sugar Duck and Baby Squishy Toys to Stretch, Squeeze, Collect, and Trade - Fun Stress Relief, Sensory and Fidget Toys for Kids and Adults",https://www.amazon.com/dp/B0GL2BQ73T?th=1,1771113600000,200,美国,Novelty & Gag Toys
1776162979678,亚马逊,B0G7Y2TDS5,https://m.media-amazon.com/images/I/61HP6rmwtRL._AC_US200_.jpg,"360 Pcs Easter Prefilled Egg Set,120 Plastic Eggs with 240 Mini Toys & Stickers Easter Hunt Basket Stuffers, Party Favors for Kids Classroom Prize Supplies,Gift for Girls and Boys",https://www.amazon.com/dp/B0G7Y2TDS5?th=1,1771113600000,200,美国,Party Supplies
1776162979678,亚马逊,B0G5XPMT7B,https://m.media-amazon.com/images/I/51qq8XtDq2L._AC_US200_.jpg,"Easter Bunny Stickers, Colorful Glitter Bunny Sticker Roll, 1.5'' Sparkly Self-Adhesive Rabbit Stickers Gift Seals Decal for Scrapbooks Card Water Bottle Craft Holiday Easter Party Favors Decor 500Pcs",https://www.amazon.com/dp/B0G5XPMT7B?th=1,1771113600000,200,美国,艺术
1776162979678,亚马逊,B0GNCQYTQZ,https://m.media-amazon.com/images/I/81P9EovwdQL._AC_US200_.jpg,"Learning Resources STEM Explorers Pixel Art Pro - Critical Thinking, Math Manipulatives, Problem Solving Skills, Pattern Blocks, Brain Games, Montessori, Fine Motor Skills, Gifts for Boys and Girls",https://www.amazon.com/dp/B0GNCQYTQZ?th=1,1771113600000,200,美国,学习
1776162979678,亚马逊,B0GMY5YJ76,https://m.media-amazon.com/images/I/71KCYXPlEiL._AC_US200_.jpg,Unique Minecraft Party Favors and Decorations - Minecraft Masks for Birthday Party - Officially Licensed,https://www.amazon.com/dp/B0GMY5YJ76?th=1,1771113600000,200,美国,派对用品
1776162979678,亚马逊,B0GMQXL99L,https://m.media-amazon.com/images/I/71OQq00bjAL._AC_US200_.jpg,LeapFrog My First ABC Tablet Toddler Learning Toy,https://www.amazon.com/dp/B0GMQXL99L?th=1,1771113600000,200,美国,Baby & Toddler Toys
1776162979678,亚马逊,B0GHVYS3KL,https://m.media-amazon.com/images/I/71NrfSNmJFL._AC_US200_.jpg,"100PCS Soccer Stickers for Water Bottles,Scrapbooking,Laptops Vinyl Waterproof Football Sticker Pack for Kids, Teens, and Fans Party Favors, Soccer Gifts",https://www.amazon.com/dp/B0GHVYS3KL?th=1,1771113600000,200,美国,艺术
1776162979678,亚马逊,B0CRKQXRGJ,https://m.media-amazon.com/images/I/71Of88CS-DL._AC_US200_.jpg,"12 Pack Prefilled Easter Eggs with Finger Puppets, Plastic Easter Eggs Filled Inside for Easter Eggs Hunt, Easter Basket Stuffers, Easter Theme Party Favors, Classroom Prize Supplies",https://www.amazon.com/dp/B0CRKQXRGJ?th=1,1771113600000,600,美国,Party Supplies
1776162979678,亚马逊,B0GBSVFPTS,https://m.media-amazon.com/images/I/81sqQ07wX+L._AC_US200_.jpg,"Pinkcow Prefilled Easter Eggs with Toys for Kids - 200 Pcs Pre Filled Easter Eggs Bulk with Small Toys Inside for Toddlers - Easter Party Favors, Easter Hunt Basket Stuffers for Boys Girls",https://www.amazon.com/dp/B0GBSVFPTS?th=1,1771113600000,200,美国,Party Supplies
1776162979678,亚马逊,B0GJL7M4MW,https://m.media-amazon.com/images/I/81tq-70Eq-L._AC_US200_.jpg,Yeolepor Easter Gifts for Kids - Paint with Water Books and Stickers for Toddlers Easter Basket Stuffers Mess Free Water Coloring Book Painting Craft Activities Classroom Prizes Crafts for Boys Girls,https://www.amazon.com/dp/B0GJL7M4MW?th=1,1771113600000,1000,美国,艺术
1776162979678,亚马逊,B0G2L3FNXV,https://m.media-amazon.com/images/I/51mQgr-OxtL._AC_US200_.jpg,"Skirfy 30 PCS Easter Egg for Girls, Toddlers Jewelry Toys Age 3-5,Hair Ties,Hair Bands,Hair Clip,Play Princess Toys for Dress Up,Easter Egg Classroom Peizes Birthday Gift",https://www.amazon.com/dp/B0G2L3FNXV?th=1,1771113600000,300,美国,Party Supplies
1776162979678,亚马逊,B0GC63ZQLH,https://m.media-amazon.com/images/I/61yIwdgL7sL._AC_US200_.jpg,"Easter Party Favors for Kids, 24 Pack Water Coloring Books Set Toys Bulk for Classroom, Mini Coloring Books Bulk for Kids Boys Girls Classroom Prizes School Activity Easter Basket Goodie Bag Fillers",https://www.amazon.com/dp/B0GC63ZQLH?th=1,1771113600000,200,美国,Party Supplies
1776162979678,亚马逊,B0G4QV8XL5,https://m.media-amazon.com/images/I/81amST3CYUL._AC_US200_.jpg,"SpringFlower 12 Pack Filled Easter Eggs,Kids Easter Eggs Filled with Bunny Squeeze Toys,Easter Egg Hunt Basket Stuffers,Party Favors,Classroom Easter Gift for Kids",https://www.amazon.com/dp/B0G4QV8XL5?th=1,1771113600000,600,美国,Party Supplies
1776162979678,亚马逊,B0GF6J5B98,https://m.media-amazon.com/images/I/71GWTppjoXL._AC_US200_.jpg,Labrostar 24Pack Easter Eggs Fillers with Easter Bunny Plush Inside Prefilled Easter Eggs for Easter Eggs Hunt Easter Bunny Mini Stuffed Animal for Easter Basket Stuffers Classroom Prize Supplies,https://www.amazon.com/dp/B0GF6J5B98?th=1,1771113600000,1000,美国,Party Supplies
1776162979678,亚马逊,B0GL564XM9,https://m.media-amazon.com/images/I/81MGfH5xqQL._AC_US200_.jpg,"ORB Tabalicious Taba-Pops Jumbo Black TABA Squishy Cookie - Super Soft, Jumbo Sized Sandwich Cookie - Squish, Squeeze, Pinch for Stress Relief - Play Food Squishy Fidget Toys for Kids and Adults",https://www.amazon.com/dp/B0GL564XM9?th=1,1771113600000,200,美国,Novelty & Gag Toys
1776162979678,亚马逊,B0GDMD6RM8,https://m.media-amazon.com/images/I/51wXYZ7inRL._AC_US200_.jpg,Lemoneon Steal a Brainrot Action Mini Figures Toys 24 Pcs - Collection for Video Game Fans,https://www.amazon.com/dp/B0GDMD6RM8?th=1,1771113600000,200,美国,玩具图
1776162979678,亚马逊,B0GJ8Y23GT,https://m.media-amazon.com/images/I/51SarGccInL._AC_US200_.jpg,"Keyboard Fidget Toy, Keyboard Clicker with LED Light, Keyboard Fidget Keychain, Keyboard Button Finger Clicker for Anxiety Relief",https://www.amazon.com/dp/B0GJ8Y23GT?th=1,1771113600000,200,美国,Novelty & Gag Toys
1776162979678,亚马逊,B0FGXZ17J3,https://m.media-amazon.com/images/I/81SLRMF3TQL._AC_US200_.jpg,"MGA's Miniverse Make It Mini Cafe Series 6, Mini Collectibles - Mystery Blind Packaging, DIY, Resin Play, Replica Food, NOT Edible, Collectors, 8+",https://www.amazon.com/dp/B0FGXZ17J3?th=1,1771113600000,2000,美国,新颖性
1776162979678,亚马逊,B0G5XQFTGY,https://m.media-amazon.com/images/I/416PPojEBpL._AC_US200_.jpg,"100 PCS Easter Foam Eggs,2.75 Inch White Smooth Craft Eggs,Blank Polystyrene Egg for Easter Spring Halloween Christmas Crafts DIY Painting Projects",https://www.amazon.com/dp/B0G5XQFTGY?th=1,1771113600000,200,美国,Party Supplies
1776162979678,亚马逊,B0GCJSTLW7,https://m.media-amazon.com/images/I/61RQXUIfa1L._AC_US200_.jpg,"Rabbit Jigsaw Puzzles for Kids Ages 4-8,100 Piece Magical Forest Bunny Puzzle with Colorful Easter Eggs&Butterflies, Learning Educational Puzzles Birthday Gifts for Girls Boys Ages 4-6-8-10",https://www.amazon.com/dp/B0GCJSTLW7?th=1,1771113600000,300,美国,拼图
1776162979678,亚马逊,B0GC4T4C14,https://m.media-amazon.com/images/I/61fM+MoDL2L._AC_US200_.jpg,"Easter Reusable Water Coloring Book for Toddlers, 24 Pack Water Doodle Books Party Favors for Kids, Mess Free Water Painting Magic Paint Book, Easter Basket Stuffers, Educational Learning Gifts Toys",https://www.amazon.com/dp/B0GC4T4C14?th=1,1771113600000,300,美国,Party Supplies
1776162979678,亚马逊,B0G2C7FSM7,https://m.media-amazon.com/images/I/51heBzWQJcL._AC_US200_.jpg,"SpringFlower 24 Pack Filled Easter Eggs,Kids Easter Eggs Filled with Animal Toys,Easter Egg Hunt Basket Stuffers,Party Favors,Classroom Easter Gift for Girls Boys, Easter Basket Essentials",https://www.amazon.com/dp/B0G2C7FSM7?th=1,1771113600000,600,美国,Party Supplies
1776162979678,亚马逊,B0GGHC62JQ,https://m.media-amazon.com/images/I/512E6q343kL._AC_US200_.jpg,"10pcs Easter Bunny Mini Stress Balls,Easter Basket Stuffers,Easter Egg Fillers,Squishies Stress Relief Fidget Toys for Adult Toddlers Gifts Party Favors",https://www.amazon.com/dp/B0GGHC62JQ?th=1,1771113600000,700,美国,Novelty & Gag Toys
1776162979678,亚马逊,B0G96J89GK,https://m.media-amazon.com/images/I/51BPbLTlChL._AC_US200_.jpg,"8 Pack Easter Eggs Stress Balls Squishy Toys, Glitter Stress Relief Eggs Squeeze Toys for Kids Boys Girls Toddlers, Easter Basket Stuffers, Party Favors, Easter Egg Hunt Fillers",https://www.amazon.com/dp/B0G96J89GK?th=1,1771113600000,800,美国,Novelty & Gag Toys
1776162979678,亚马逊,B0G4G7P5RJ,https://m.media-amazon.com/images/I/61cH564adaL._AC_US200_.jpg,"24Pack Prefilled Easter Eggs with Pull Back Cars,Mini Race Car Prefilled Easter Basket Stuffers Gifts Party Favors for Classroom Prizes Goodie Bag Egg Hunt",https://www.amazon.com/dp/B0G4G7P5RJ?th=1,1771027200000,300,美国,Party Supplies
1776162979678,亚马逊,B0GH6N79ZT,https://m.media-amazon.com/images/I/71K4JzFHARL._AC_US200_.jpg,"25 Pcs Car Cartoon Theme Happy Birthday Cake Toppers, Cute Cake Topper, This 25-Piece Birthday Cake Decoration Set is Absolutely the Perfect Choice for Your Party Celebrations.",https://www.amazon.com/dp/B0GH6N79ZT?th=1,1771027200000,300,美国,Party Supplies
1776162979678,亚马逊,B0GGZL7WGR,https://m.media-amazon.com/images/I/31Skj2lVZiL._AC_US200_.jpg,"Colorful Dumpling Squishes Stress Balls with Steamer, Cute Anxiety Relief Toy, Soft Squeeze Decompression Dough for Adults, Simulation Food Squishies Bun",https://www.amazon.com/dp/B0GGZL7WGR?th=1,1771027200000,1000,美国,Novelty & Gag Toys
1776162979678,亚马逊,B0GL16SXYL,https://m.media-amazon.com/images/I/51Zl0FQ928L._AC_US200_.jpg,"100 Pcs Pixel Cartoon PVC Stickers, Gifts for Laptop Water Bottle Skateboard Party Supplies Decorations Teens",https://www.amazon.com/dp/B0GL16SXYL?th=1,1771027200000,200,美国,艺术
1776162979678,亚马逊,B0GH2GBWGK,https://m.media-amazon.com/images/I/61HLF+935kL._AC_US200_.jpg,Dinomini Magnetic Puzzles for Toddlers 3-5 - Tri Fold Set with 3 x 20 Piece Magnetic Puzzles - Travel Activities for Preschoolers - Learning Activities and Toys (Dinosaurs),https://www.amazon.com/dp/B0GH2GBWGK?th=1,1771027200000,300,美国,新颖性
1776162979678,亚马逊,B0G5752DPR,https://m.media-amazon.com/images/I/8148I-W8vsL._AC_US200_.jpg,"TERRAMUS 2-Tier Water Table Toys for Kids,61PCS Water Park Playset with Pump,Summer Water Toys Waterways for Backyard Beach Pool Lawn,Outdoor Toy for Toddlers 3-5 4-8,Gifts for Boys Girls",https://www.amazon.com/dp/B0G5752DPR?th=1,1771027200000,500,美国,运动与户外游戏
1776162979678,亚马逊,B0GFF4BD2P,https://m.media-amazon.com/images/I/51gJxnOp7OL._AC_US200_.jpg,"eowvsio 36Pcs Axolotl mochi Toys for Kids,Axolotl Mochi Squishy Bulk,Bulk Stress Relief Fidget Toy for Kids Boys Girls Party Favors Novelty Prizes",https://www.amazon.com/dp/B0GFF4BD2P?th=1,1771027200000,600,美国,Novelty & Gag Toys
1776162979678,亚马逊,B0GH28HS11,https://m.media-amazon.com/images/I/51BvNx7TtlL._AC_US200_.jpg,"Hopping Bunny Toy,Easter Realistic Bunny Toy, Wiggling Ears, Twitching Mouth and Nose, My Realistic Bunny Toy for Kids (New Version)",https://www.amazon.com/dp/B0GH28HS11?th=1,1771027200000,1000,美国,填充的动物
1776162979678,亚马逊,B0GCP445NH,https://m.media-amazon.com/images/I/71EDP9l6feL._AC_US200_.jpg,"Stress Egg Squishy Toys, Easter Egg Squishy Fidget Toys, Slow Rising Colorful Marbled Stress Balls, Stress Relief Sensory Toys Anxiety Relief for ADD/ADHD Kids Adults (Orange, Pink)",https://www.amazon.com/dp/B0GCP445NH?th=1,1771027200000,500,美国,Novelty & Gag Toys
1776162979678,亚马逊,B0GK9TRNB2,https://m.media-amazon.com/images/I/91yss+Fy3SL._AC_US200_.jpg,"TOSY Picture Cube Bunny Land: 6-in-1 Magnetic Picture Puzzle, Easter Basket Stuffers STEM Gift for Kids & Adults, 48 Blocks, 288 Faces/Magnets, 0.6 in, B012, Seamless UV Art, Display-Ready Frame",https://www.amazon.com/dp/B0GK9TRNB2?th=1,1771027200000,900,美国,建筑玩具
1776162979678,亚马逊,B0GGHK6JZ8,https://m.media-amazon.com/images/I/71aurUYJqsL._AC_US200_.jpg,"Axolotl Squishy Toy, Medium Squishy Axolotl Squeeze Toy, Soft Slow Rising Stress Relief Toy, Sensory Fidget Toys Squishy for Anxiety for Kids Youth Adults (Orange)",https://www.amazon.com/dp/B0GGHK6JZ8?th=1,1771027200000,300,美国,Novelty & Gag Toys
1776162979678,亚马逊,B0GCD8SNMC,https://m.media-amazon.com/images/I/71-AiVZ+7jL._AC_US200_.jpg,"MGparty 12 Pack Gold Easter Eggs with Hinge Bulk 2.3"" Empty Fillable Plastic Eggs Bright Eggs for Easter Eggs Hunt Basket Stuffers Fillers",https://www.amazon.com/dp/B0GCD8SNMC?th=1,1771027200000,800,美国,扮靓
1776162979678,亚马逊,B0GFPWQ7CB,https://m.media-amazon.com/images/I/41e5bZxxCoL._AC_US200_.jpg,"Disney Store Official 2026 Angel Easter Plush - 13"" Disney Plushy in Easter Bunny Costume with Floppy Ears, Floral Print Tummy, Satin Skirt with Flower Applique and Embroidered Logo",https://www.amazon.com/dp/B0GFPWQ7CB?th=1,1771027200000,300,美国,填充的动物
1776162979678,亚马逊,B0GFQBKDD9,https://m.media-amazon.com/images/I/81CAbkX9DwL._AC_US200_.jpg,"Disney Store Official 2026 Minnie Mouse Easter Plush - 14"" Disney Plushy in Easter Bunny Costume with Floppy Ears, Padded Satin Bow, Floral Print Tummy, Satin Skirt and Embroidered Logo",https://www.amazon.com/dp/B0GFQBKDD9?th=1,1771027200000,2000,美国,填充的动物
1776162979678,亚马逊,B0G8LPCG24,https://m.media-amazon.com/images/I/71s43gw648L._AC_US200_.jpg,8 Pack Easter Eggs Stress Balls Squishy Toys Fidget Squeeze Toys for Kids Toddlers Easter Egg Hunt Fillers Easter Basket Stuffers Party Favors Gifts,https://www.amazon.com/dp/B0G8LPCG24?th=1,1771027200000,1000,美国,Novelty & Gag Toys
1776162979678,亚马逊,B0GCYZYG23,https://m.media-amazon.com/images/I/71M45P13IpL._AC_US200_.jpg,Garma 100 Pcs 3.15'' Easter Eggs - Empty Bright Colors Plastic Eggs with 10 Golden Eggshell Bulks for Easter Party Favors Supplies Easter Egg Hunt Game Basket Stuffers Fillers Classroom Exchange Prize,https://www.amazon.com/dp/B0GCYZYG23?th=1,1771027200000,500,美国,Party Supplies
1776162979678,亚马逊,B0GDZQ5K16,https://m.media-amazon.com/images/I/51l4w2XzBrL._AC_US200_.jpg,"24 Pack Squishy Toys Prefilled in Easter Eggs for Kids - Axolotl Stress Relief Fidget Toys, Easter Basket Stuffers & Egg Hunt Party Favors",https://www.amazon.com/dp/B0GDZQ5K16?th=1,1771027200000,400,美国,Novelty & Gag Toys
1776162979678,亚马逊,B0GF1Q2MGS,https://m.media-amazon.com/images/I/81DTUISde+L._AC_US200_.jpg,"24 Pack Easter Bunny Mini Squeeze Balls Prefilled in Easter Eggs,Squishy Stress Relief Fidget Toys for Egg Hunt Easter Party Favors for Kids Boys Girls Easter Basket Stuffers",https://www.amazon.com/dp/B0GF1Q2MGS?th=1,1771027200000,500,美国,Novelty & Gag Toys
1776162979678,亚马逊,B0GJRZV1KR,https://m.media-amazon.com/images/I/51FRzq1qIAL._AC_US200_.jpg,"24 Pack Prefilled Easter Eggs with Bunny Mochi Squishy Toys, Filled Easter Eggs for Kids, Easter Basket Stuffers, Squishy Toy Eggs, Party Favors, Birthday Gift, Classroom Exchange",https://www.amazon.com/dp/B0GJRZV1KR?th=1,1771027200000,1000,美国,Novelty & Gag Toys
1776162979678,亚马逊,B0GKB2XF2R,https://m.media-amazon.com/images/I/51o7xNIbPrL._AC_US200_.jpg,"TOSY Picture Cube Bunny Friends: 6-in-1 Magnetic Picture Puzzle, Easter Basket Stuffers STEM Gift for Kids & Adults, 80 Blocks, 488 Faces/Magnets, 0.6in, B011, Seamless UV Art, Display-Ready Frame",https://www.amazon.com/dp/B0GKB2XF2R?th=1,1771027200000,700,美国,建筑玩具
1776162981664,亚马逊,B0BRX9J11C,https://m.media-amazon.com/images/I/31LOGHpjidL._AC_US200_.jpg,"20 Fillable Pastel Color Plastic Easter Eggs Hunt Party Supply Pack Bulk- 2.5"" Assorted Colorful Plastic Eggs",https://www.amazon.com/dp/B0BRX9J11C?th=1,1771027200000,200,美国,扮靓
1776162981664,亚马逊,B0GKCZRSV6,https://m.media-amazon.com/images/I/518cz201lEL._AC_US200_.jpg,"50Pcs Cute Monster Sticker for Kids, Cool Anime Cartoon Waterproof Vinyl Decal for Teen Girl Adult Water Bottle Skateboard Notebook Phone Guitar Bike",https://www.amazon.com/dp/B0GKCZRSV6?th=1,1771027200000,200,美国,艺术
1776162981664,亚马逊,B0G7GRP65V,https://m.media-amazon.com/images/I/819BmCgTpQL._AC_US200_.jpg,Easter Basket Stuffers Toys for Kids: Easter Gifts for Kids Prefilled Easter Eggs Stuffers with Parachute Toys - Easter Egg Fillers Ideas Gifts Outdoor Games for 4 6 8 10 12 Boys Girls (8 Pack),https://www.amazon.com/dp/B0G7GRP65V?th=1,1771027200000,500,美国,新颖性
1776162981664,亚马逊,B0G4R5G92Z,https://m.media-amazon.com/images/I/81TRfdGUHAL._AC_US200_.jpg,"SpringFlower 24 Pack Filled Easter Eggs,Kids Easter Eggs Filled with Squeeze Toys,Easter Egg Hunt Basket Stuffers,Party Favors,Classroom Easter for Girls Boys, Easter Basket Essentials",https://www.amazon.com/dp/B0G4R5G92Z?th=1,1771027200000,600,美国,Party Supplies
1776162981664,亚马逊,B0GF7S7LJZ,https://m.media-amazon.com/images/I/61XVoXrLTQL._AC_US200_.jpg,"Steal a Brainrot Plush, Soft Huggable Decor for Rooms, 67 Plush, Strawberry Elephant, Los Tralaleritos, Lucky Block, Esok Sekolah, Sammy Plush, Collectible Gift for Fans (2Pcs-A)",https://www.amazon.com/dp/B0GF7S7LJZ?th=1,1771027200000,200,美国,填充的动物
1776162981664,亚马逊,B0G7Y2F8XV,https://m.media-amazon.com/images/I/71xoh4m2iQL._AC_US200_.jpg,"5 Pcs Fidget Toys Adults Metal Fidgets Toy Set Magnetic Slider Clicker/Spinner for Stress & Anxiety Relief, Office Desk Sensory Toys for Autism ADHD Cool Gadgets Gift for Men Women",https://www.amazon.com/dp/B0G7Y2F8XV?th=1,1771027200000,300,美国,新颖性
1776162981664,亚马逊,B0GMT2FWTJ,https://m.media-amazon.com/images/I/81557ZR9x0L._AC_US200_.jpg,Yu-Gi-Oh! - Structure Deck: Blue-Eyes White Destiny (Unlimited),https://www.amazon.com/dp/B0GMT2FWTJ?th=1,1771027200000,400,美国,游戏
1776162981664,亚马逊,B0GMPSFP25,https://m.media-amazon.com/images/I/41ZovdvilLL._AC_US200_.jpg,"Balance Jumping Ball, Upgraded Pogo Jumper with Handle and Ball Pump, Trick Board Pogo Stick, Safe and Fun Bouncing Ball for Kids (Blue)",https://www.amazon.com/dp/B0GMPSFP25?th=1,1771027200000,200,美国,体育
1776162981664,亚马逊,B0G64FLN8X,https://m.media-amazon.com/images/I/81PD-XycREL._AC_US200_.jpg,"Easter DIY Pen Making Kit for Girls, 50 PCS Easter Glitter Floaty Pens Craft Set, Makes 12 Sparkly Pens, Birthday Easter Gifts for Kids Tweens Ages 6 7 8 9 10 11 12",https://www.amazon.com/dp/B0G64FLN8X?th=1,1771027200000,200,美国,艺术
1776162981664,亚马逊,B0GBJHHJ6R,https://m.media-amazon.com/images/I/51RBpL2535L._AC_US200_.jpg,8 Pack Easter Eggs Squeeze Toys Stress Balls Squishy Toys for Kids Boys Girls Easter Basket Stuffers Easter Egg Hunt Fillers Party Favors,https://www.amazon.com/dp/B0GBJHHJ6R?th=1,1771027200000,2000,美国,Novelty & Gag Toys
1776162981664,亚马逊,B0GBTD5L1G,https://m.media-amazon.com/images/I/91L7sDWR7vL._AC_US200_.jpg,"OCTERIC 64 Pcs Easter Slap Bracelets with Rubber Wristbands, Easter Basket Filling Fillers, Egg Hunt Toys Goodie Bag Stuffers for Kids Bulk, Party Favors, Exchange Gifts for Classroom School Prizes",https://www.amazon.com/dp/B0GBTD5L1G?th=1,1771027200000,200,美国,扮靓
1776162981664,亚马逊,B0G6DX4WFL,https://m.media-amazon.com/images/I/51A9zAIFoZL._AC_US200_.jpg,Prefilled Easter Eggs Finger Lights for Kid: 32 Pack Easter Basket Stuffers Glow Egg Fillers Toys Bulk for Boys Girls Toddler Egg Hunt Party Favors Gifts,https://www.amazon.com/dp/B0G6DX4WFL?th=1,1771027200000,500,美国,Party Supplies
1776162981664,亚马逊,B0GKFLTP7Q,https://m.media-amazon.com/images/I/31PchUGYefL._AC_US200_.jpg,"Easter Stuffed Animals, Black Cat Easter Bunny Plush with Bunny Ears & Colorful Egg, Kawaii Easter Bunny Stuffed Animal for Kids Adults, Easter Basket Essentials Party Favor",https://www.amazon.com/dp/B0GKFLTP7Q?th=1,1771027200000,200,美国,填充的动物
1776162981664,亚马逊,B0G2YZPFP8,https://m.media-amazon.com/images/I/31d-ruyNJnL._SS200_.jpg,Merry Flower Silicone Baby Rattle Teether – 5 Textured Petals for Sore Gum Relief | Easy-Grip Handle for Little Hands | 100% Food Grade | BPA & Phthalate-Free | Sensory Toy 3-36 Months,https://www.amazon.com/dp/B0G2YZPFP8?th=1,1771027200000,200,美国,婴幼儿
1776162981664,亚马逊,B0GF1TK3M2,https://m.media-amazon.com/images/I/51jK4vej3tL._AC_US200_.jpg,"People Minifigures Pack, 16PCS Military Mini Figures Bulk, Soldiers Toy in Ghillie Suit, Building Block Action Figure Set, Gift for Christmas Stockings, Birthday Decorations, Easter Eggs, Party Favors",https://www.amazon.com/dp/B0GF1TK3M2?th=1,1771027200000,200,美国,玩具图
1776162981664,亚马逊,B0FVF8S3RX,https://m.media-amazon.com/images/I/312ruzo9pjL._AC_US200_.jpg,Patimate Pastel Balloons 100 Pack 12 Inch Round Macaron Color Balloons Latex Party Balloons for Birthday Baby Shower Rainbow Bridal Shower Wedding Easter Party Decorations,https://www.amazon.com/dp/B0FVF8S3RX?th=1,1771027200000,300,美国,派对用品
1776162981664,亚马逊,B0GKLTP63N,https://m.media-amazon.com/images/I/51vo6vc1unL._AC_US200_.jpg,"51PCS 3D Printed Animals Easter Basket Stuffers with 5.1” Jumbo Egg & Pink Axolotl, Articulated Animal Figurines for Desk Pets, Secure Twist-Lock Storage Egg, Stress Relief Collectibles",https://www.amazon.com/dp/B0GKLTP63N?th=1,1771027200000,200,美国,新颖性
1776162981664,亚马逊,B0GBTYV6W6,https://m.media-amazon.com/images/I/51mGz98-WSL._AC_US200_.jpg,Pinkcow Prefilled Easter Eggs for Kids Toddlers - Easter Egg with Dinosaur and Animal Toys Inside - 24 Pcs Dinosaur and Animal Plastic Pre Filled Easter Eggs Stuffers Bulk - Party Favors Hunt Basket,https://www.amazon.com/dp/B0GBTYV6W6?th=1,1771027200000,300,美国,Party Supplies
1776162981664,亚马逊,B0GHMKY3MZ,https://m.media-amazon.com/images/I/71PDxNHpUhL._AC_US200_.jpg,"25Pcs Zootopia Cake Decorations with 24pcs Cupcake Toppers, 1pcs Big Cake Topper for Zootopia Birthday Party Supplies",https://www.amazon.com/dp/B0GHMKY3MZ?th=1,1771027200000,200,美国,派对用品
1776162981664,亚马逊,B0GJ5MSHXQ,https://m.media-amazon.com/images/I/71FABOcv6ML._AC_US200_.jpg,ANIME HEROES - One Piece - Crocodile Action Figure,https://www.amazon.com/dp/B0GJ5MSHXQ?th=1,1771027200000,300,美国,玩具图
1776162981664,亚马逊,B0GFCGBDTV,https://m.media-amazon.com/images/I/51xD20FwjzL._AC_US200_.jpg,"Happy Mother's Day Decorations, Rose Gold Pink Peach White Gold Foil Confetti Balloons Gold Butterfly Fringe Curtains for Mother's Day Party Decorations",https://www.amazon.com/dp/B0GFCGBDTV?th=1,1771027200000,200,美国,派对用品
1776162981664,亚马逊,B0F43PV914,https://m.media-amazon.com/images/I/51aUUtv+VOL._AC_US200_.jpg,"Reusable Sticker Books for Toddlers 2-4 Years, Kids 1-3 - 30+ Jelly Puffy Stickers for Kids, Stickers for Toddlers, Toddler Crafts, Toddler Books Ages 2-4 - Portable & Reusable Sticker Book Activity",https://www.amazon.com/dp/B0F43PV914?th=1,1771027200000,200,美国,艺术
1776162981664,亚马逊,B0GHQDNKXJ,https://m.media-amazon.com/images/I/51GGImZqFaL._AC_US200_.jpg,"24 Sheets Cool Monster Sticker Cute Cartoon Charaters Make Your Own Sticker, Make a Face Stickers Party Favors Activities Gifts (c)",https://www.amazon.com/dp/B0GHQDNKXJ?th=1,1771027200000,500,美国,艺术
1776162981664,亚马逊,B0GGQXW21B,https://m.media-amazon.com/images/I/71cuot3tYUL._AC_US200_.jpg,"20Pack Axolotl Slow Squishy Toys, Axolotl Gifts for Kids Party Favors, Goodie Bag Stuffers, Easter Egg Fillers, Treasure Box Toys for Classroom Prizes, Holiday and Birthday Gifts for Boys & Girls",https://www.amazon.com/dp/B0GGQXW21B?th=1,1771027200000,200,美国,Novelty & Gag Toys
1776162981664,亚马逊,B0GNB4MY7V,https://m.media-amazon.com/images/I/71d30v3AxJL._AC_US200_.jpg,Flycatcher Smart Sketcher 2.0 Cartridge – Horses & Unicorns – 50+ Step-by-Step Activities - Expansion Pack for Kids Ages 5+,https://www.amazon.com/dp/B0GNB4MY7V?th=1,1771027200000,200,美国,学习
1776162981664,亚马逊,B0G7SQB98V,https://m.media-amazon.com/images/I/71rxtjXWMWL._AC_US200_.jpg,"Bubble Machine for Kids, 2 Pack Bunny Bubble Wands, Easter Basket Stuffers for Toddler, Automatic Rabbit Bubble Blower,Outdoor Bubble Toys Easter Gift for Age 3 4 5 6 7 8 Years Old Boys Girls",https://www.amazon.com/dp/B0G7SQB98V?th=1,1771027200000,1000,美国,体育
1776162981664,亚马逊,B0GCG65S1Y,https://m.media-amazon.com/images/I/61ZZtNVAP7L._AC_US200_.jpg,"Easter Bunny Toy, Rabbit Interactive Hopping Electronic Pet Plush Bunny Toy with Sounds and Movements Animated Walking Wiggle Ears Twitch Nose (Brown+White)",https://www.amazon.com/dp/B0GCG65S1Y?th=1,1771027200000,6000,美国,填充的动物
1776162981664,亚马逊,B0GHQLJQHM,https://m.media-amazon.com/images/I/31ROo7xEpvL._AC_US200_.jpg,"Electric Water Gun for Adults Kids, Automatic WaterGun with Led Light, Long Range Transparent Electric Squirt Gun Blaster Summer Outdoor Pool Party Toys Gifts for Boys Girls (Black)",https://www.amazon.com/dp/B0GHQLJQHM?th=1,1771027200000,300,美国,体育
1776162981664,亚马逊,B0GHD8887W,https://m.media-amazon.com/images/I/418BUFvX7ML._AC_US200_.jpg,"Electric Water Gun for Adults Kids, Automatic WaterGun with Led Light, Long Range Transparent Electric Squirt Gun Blaster Summer Outdoor Pool Party Toys Gifts for Boys Girls (Pistol Black)",https://www.amazon.com/dp/B0GHD8887W?th=1,1771027200000,700,美国,体育
1776162981664,亚马逊,B0GHQMXK3Y,https://m.media-amazon.com/images/I/71oSJWvZvhL._AC_US200_.jpg,"Electric Water Gun for Adults Kids, Automatic WaterGun with Led Light, Long Range Transparent Electric Squirt Gun Blaster Summer Outdoor Pool Party Toys Gifts for Boys Girls 2Pack(Blue Black)",https://www.amazon.com/dp/B0GHQMXK3Y?th=1,1771027200000,600,美国,体育
1776162981664,亚马逊,B0GH7Y4S4S,https://m.media-amazon.com/images/I/71TqrlYgaTL._AC_US200_.jpg,"Electric Water Gun for Adults Kids, Automatic WaterGun with Led Light, Long Range Transparent Electric Squirt Gun Blaster Summer Outdoor Pool Party Toys Gifts for Boys Girls (Pistol 2Pack)",https://www.amazon.com/dp/B0GH7Y4S4S?th=1,1771027200000,2000,美国,体育
1776162981664,亚马逊,B0GDZZKJ1C,https://m.media-amazon.com/images/I/61n0gWynQLL._AC_US200_.jpg,"3Pack Ice Cube Squishy Stress Ball,1.98""*1.98"" Medium Squishy Cube Fidget Toy, Ice Cube Pieces Silent Nice Square Shape Anxiety Sensory Squishy Fidget Toy Slow Rise,Classroom Prizes,Calming Kids(3Pcs)",https://www.amazon.com/dp/B0GDZZKJ1C?th=1,1771027200000,200,美国,Novelty & Gag Toys
1776162981664,亚马逊,B0G9558TNZ,https://m.media-amazon.com/images/I/41J5LMZUo1L._AC_US200_.jpg,"6 Pack Easter Eggs Squishy Toys, Glitter Stress Balls Eggs Squeeze Toys for Kids Boys Girls Toddlers Easter Basket Stuffers, Party Favors, Classroom Prizes",https://www.amazon.com/dp/B0G9558TNZ?th=1,1771027200000,500,美国,Novelty & Gag Toys
1776162981664,亚马逊,B0GKB36N4B,https://m.media-amazon.com/images/I/916MoqE8MbL._AC_US200_.jpg,"TOSY Picture Cube Cute Dino: 6-in-1 Magnetic Picture Puzzle, Easter Basket Stuffers STEM Gift for Kids & Adults, 48 Blocks, 288 Faces/Magnets, 0.6 in, B021, Seamless UV Art, Display-Ready Frame",https://www.amazon.com/dp/B0GKB36N4B?th=1,1771027200000,200,美国,拼图
1776162981664,亚马逊,B0GGZLZH2K,https://m.media-amazon.com/images/I/318r6QCTzrL._AC_US200_.jpg,"Colorful Dumpling Squishes Stress Balls with Steamer, Cute Anxiety Relief Toy, Soft Squeeze Decompression Dough for Adults, Simulation Food Squishies Bun",https://www.amazon.com/dp/B0GGZLZH2K?th=1,1770940800000,1000,美国,Novelty & Gag Toys
1776162981664,亚马逊,B0GD6K2Z9D,https://m.media-amazon.com/images/I/41od7Vw2U6L._AC_US200_.jpg,"AIERSA Smoke Bubble Machine for Kids, Magic Smoke Bubble Wand with Gloves, Elastic Bubble Fog Wand, Colorful Bubble Machine with Smoke",https://www.amazon.com/dp/B0GD6K2Z9D?th=1,1770940800000,200,美国,体育
1776162981664,亚马逊,B0G91SLQLF,https://m.media-amazon.com/images/I/71b8-QFl9EL._AC_US200_.jpg,VROGTIK Water Table for Toddlers with Fishing Game Set 3-Tier Kids Sand Water Table Sensory Outdoor Toys for Kids Ages 4-8 Summer Beach Outside Toys Backyard for Kids Toddlers Age 3 4 5 6 7 8 9 10,https://www.amazon.com/dp/B0G91SLQLF?th=1,1770940800000,500,美国,运动与户外游戏
1776162981664,亚马逊,B0G6YS39QT,https://m.media-amazon.com/images/I/610aZ6b-OeL._AC_US200_.jpg,"POP MART Disney Mickey Boundless Creativity Series Blind Box Figures, Collectible Toys Home Decorations, Holiday Birthday Gifts for Girls and Boys, Single Box",https://www.amazon.com/dp/B0G6YS39QT?th=1,1770940800000,300,美国,玩具图
1776162981664,亚马逊,B0GF85PQZZ,https://m.media-amazon.com/images/I/818ZgrjqsgL._AC_US200_.jpg,Soulchen 2 Pcs 3.5 ft Giant Self Standing Golf Balloons Freestanding Foil Balloons for Golf Birthday Party Decoration Team Celebration Decor Backyard BBQ Sports Themed Party Supplies,https://www.amazon.com/dp/B0GF85PQZZ?th=1,1770940800000,300,美国,派对用品
1776162981664,亚马逊,B0GDRCSYQL,https://m.media-amazon.com/images/I/51n-AsaQoCL._AC_US200_.jpg,"2026 Upgraded Water Table for Toddlers 3+, Water Table for Kids Ages 4-8 with Pump, Play Sink with Running Water, Kitchen Sink for Toddlers, Fishing Game and Outside Sensory Toy (Blue)",https://www.amazon.com/dp/B0GDRCSYQL?th=1,1770940800000,200,美国,运动与户外游戏
1776162981664,亚马逊,B0GF1VQPM2,https://m.media-amazon.com/images/I/71n3BkWudUL._AC_US200_.jpg,"LED Busy Board for Toddlers - Montessori Sensory Toy with 10 Switches & 19 Lights, Wooden Activity Board for Fine Motor Skills, Ideal Educational Birthday Travel Toy Gift for 1 2 3 Year Old Boys Girls",https://www.amazon.com/dp/B0GF1VQPM2?th=1,1770940800000,200,美国,Baby & Toddler Toys
1776162981664,亚马逊,B0GBT1WX9N,https://m.media-amazon.com/images/I/71ztdNIT2CL._AC_US200_.jpg,Pinkcow Prefilled Easter Eggs for Kids Toddlers - Easter Egg with Finger Plush Animal Toys Inside - 12 Pcs Finger Puppet Easter Eggs Pre Filled Stuffers Bulk - Easter Party Favors Hunt Basket,https://www.amazon.com/dp/B0GBT1WX9N?th=1,1770940800000,400,美国,Party Supplies
1776162981664,亚马逊,B0G7FGR35K,https://m.media-amazon.com/images/I/814QJDR2NYL._AC_US200_.jpg,"Easter Bubble Wand for Kids 2-Pack, Bunny Bubble Machine with LED Light, Bubble Blower Bubble Maker with 10 Refill Solutions, Outdoor Toys Birthday Gifts for Toddler Boys Girls Age 3+",https://www.amazon.com/dp/B0G7FGR35K?th=1,1770940800000,1000,美国,体育
1776162981664,亚马逊,B0GC4VB3B4,https://m.media-amazon.com/images/I/51mvSAskZOL._AC_US200_.jpg,"Vellibring 26 Pack Prefilled Easter Eggs with Animal Alphabet Wooden Puzzles, Plastic Easter Eggs with Animal ABC Learning Toys for Kids Easter Basket Stuffers Hunt Gifts Toddlers Classroom Prize",https://www.amazon.com/dp/B0GC4VB3B4?th=1,1770940800000,600,美国,Party Supplies
1776162981664,亚马逊,B0G7XG4PZS,https://m.media-amazon.com/images/I/61spDXLIi-L._AC_US200_.jpg,"360 Pcs Easter Prefilled Egg Set, 120 Plastic Eggs with 240 Mini Toys & Stickers Easter Hunt Basket Stuffers, Party Favors for Kids Classroom Prize Supplies, Gift for Girls Boys",https://www.amazon.com/dp/B0G7XG4PZS?th=1,1770940800000,300,美国,Party Supplies
1776162981664,亚马逊,B0GF4QMVNV,https://m.media-amazon.com/images/I/41HUV3M0R8L._AC_US200_.jpg,"Inflatable Beach Balls (6 Pack) - 16-Inch Durable Beach Balls for Kids, Summer Pool Float Toys, Party Favors, Sports Theme Decorations, Giveaways",https://www.amazon.com/dp/B0GF4QMVNV?th=1,1770940800000,600,美国,体育
1776162981664,亚马逊,B0GBS994JM,https://m.media-amazon.com/images/I/515Zr8XPHEL._AC_US200_.jpg,"Pinkcow Prefilled Easter Eggs for Kids Toddler - 24 Pack Pre Filled Eggs Bulk with Mini Animal Pop Keychain Toys Inside for Egg Hunt, Basket Stuffers, Party Favors Prizes, Easter Games",https://www.amazon.com/dp/B0GBS994JM?th=1,1770940800000,300,美国,Party Supplies
1776162981664,亚马逊,B0GD15PDVK,https://m.media-amazon.com/images/I/41vnqQ5wotL._AC_US200_.jpg,"12 Pack 6 Inches Jumbo Easter Eggs, Large Empty Plastic Easter Eggs Bulk, Empty Colorful Bright Eggs for Easter Egg Hunt, Surprise Eggs, Basket Stuffers Fillers, Easter Party Favor",https://www.amazon.com/dp/B0GD15PDVK?th=1,1770940800000,400,美国,Party Supplies
1776162981664,亚马逊,B0G6Z26DZ1,https://m.media-amazon.com/images/I/81idFW37wVL._AC_US200_.jpg,"Amy&Benton 100pcs Prefilled Easter Eggs with Toys - Easter Basket Stuffers & Easter Egg Fillers for Kids, Party Favors, Classroom Prize Box Toys, Easter Goodie Bags Stuffers",https://www.amazon.com/dp/B0G6Z26DZ1?th=1,1770940800000,300,美国,Party Supplies
1776162981664,亚马逊,B0GK19FPB7,https://m.media-amazon.com/images/I/71TfDZbK3rL._AC_US200_.jpg,"ELORION 4PCS 8,5"" 3D Printed Dragon Eggs with Dragon Inside, Easter Basket Stuffers, Egg Hunt Filler for Kids",https://www.amazon.com/dp/B0GK19FPB7?th=1,1770940800000,500,美国,玩具图
1776162981664,亚马逊,B0GFWKVFFW,https://m.media-amazon.com/images/I/61h56vgET0L._AC_US200_.jpg,"G2PLUS Happy Easter Stickers - 60Pcs Easter Eggs Labels for Baskets 2 Inch Round Watercolors Flower Wreath Sticker for Goodies Bags, Cards, Envelope Seals, Party Supplies",https://www.amazon.com/dp/B0GFWKVFFW?th=1,1770940800000,400,美国,艺术
1776162981664,亚马逊,B0G99S5N46,https://m.media-amazon.com/images/I/81TfNMf9WUL._AC_US200_.jpg,"TOMY Super Mario Yoshi Wind Up Blind Box Assortment - 9-Count Blind Box Set Includes Mix of Green, Red, Yellow, Purple, Pink, or Blue Yoshi Toys - Officially Licensed Mario Movie Blind Boxes - Ages 5+",https://www.amazon.com/dp/B0G99S5N46?th=1,1770940800000,200,美国,新颖性
1776162981664,亚马逊,B0G8HLR88S,https://m.media-amazon.com/images/I/4131I2vhEwL._AC_US200_.jpg,30 Pack Bow Cake Toppers Ivory Ribbons Bows for Cake Bow Cupcake Toppers Ivory Bow Birthday Decorations for Baby Shower Birthday Wedding Party Supplies,https://www.amazon.com/dp/B0G8HLR88S?th=1,1770940800000,300,美国,派对用品
1776162981664,亚马逊,B0GFLNFSKD,https://m.media-amazon.com/images/I/81vVh+LtTeL._AC_US200_.jpg,"Easter Taba Squishy Kit,20 Pack Taba Squishy Basket Stuffers,20 Animal Themed Easter Toys with 24 Easter Cards, Stress Balls for Kids & Adults, Ideal as Party Favors, Classroom Rewards & Easter Gifts",https://www.amazon.com/dp/B0GFLNFSKD?th=1,1770940800000,900,美国,Novelty & Gag Toys
1776162981664,亚马逊,B0GFVDBLZV,https://m.media-amazon.com/images/I/71wl3pnRTqL._AC_US200_.jpg,"Cessfle Talking Dancing Easter Bunny Plush, Easter Basket Stuffers Toddler Girl Boy, Volume Adjustable Glowing Dancing Talking Bunny Toys with 60+ Songs, Baby Girl Boy Easter Gift, Hopping Bunny Toy",https://www.amazon.com/dp/B0GFVDBLZV?th=1,1770940800000,400,美国,填充的动物
1776162981664,亚马逊,B0GDG7H2GR,https://m.media-amazon.com/images/I/513cTGU2i8L._AC_US200_.jpg,Bambilo Water Skipping Ball | 2-Pack Bounce Balls | Water Bouncing Beach Balls & Grip Ball | Pool Toys for Kids Age 5-8-12 | Great Summer Water Toy for Beach Swimming Pool River Lake,https://www.amazon.com/dp/B0GDG7H2GR?th=1,1770940800000,300,美国,体育
1776162981664,亚马逊,B0GDFYKW41,https://m.media-amazon.com/images/I/81zIZ3dobZL._AC_US200_.jpg,Bambilo Water Skipping Ball | 2-Pack Bounce Balls | Water Bouncing Beach Balls & Grip Ball | Pool Toys for Kids Age 5-8-12 | Great Summer Water Toy for Beach Swimming Pool River Lake,https://www.amazon.com/dp/B0GDFYKW41?th=1,1770940800000,300,美国,体育
1776162981664,亚马逊,B0G8HVDQ7F,https://m.media-amazon.com/images/I/6133g3bZq+L._AC_US200_.jpg,30 Pack Bow Cake Toppers Purple Ribbon Bows for Cake Bow Cupcake Toppers Wedding Cake Bow Coquette Birthday Decorations for Baby Shower Engagement Graduation Party Supplies,https://www.amazon.com/dp/B0G8HVDQ7F?th=1,1770940800000,300,美国,派对用品
1776162981664,亚马逊,B0GKBCSNQD,https://m.media-amazon.com/images/I/91pGAD3jiIL._AC_US200_.jpg,Buffalo Games – Charles Wysocki - Cricket Hawk Habor - Siver Select 1000 Piece Jigsaw Puzzle - Colorful Puzzles for Adults – Precision-Cut Pieces,https://www.amazon.com/dp/B0GKBCSNQD?th=1,1770940800000,300,美国,拼图
1776162981664,亚马逊,B0GN1FL1NZ,https://m.media-amazon.com/images/I/81qWtZ-mzXL._AC_US200_.jpg,Monster Jam 2026 Official 1:64 Diecast Truck Series 45 Toon Shaded El Toro Loco,https://www.amazon.com/dp/B0GN1FL1NZ?th=1,1770940800000,200,美国,车辆
1776162981664,亚马逊,B0GN1RBLMS,https://m.media-amazon.com/images/I/81-xju5K5YL._AC_US200_.jpg,Monster Jam 2026 Official 1:64 Diecast Truck Series 45 Cyberflare Zombie,https://www.amazon.com/dp/B0GN1RBLMS?th=1,1770940800000,300,美国,车辆
1776162981664,亚马逊,B0GN136SGB,https://m.media-amazon.com/images/I/81Jb4aVGcfL._AC_US200_.jpg,Monster Jam 2026 Official 1:64 Diecast Truck Series 45 Childlike Alien Invasion,https://www.amazon.com/dp/B0GN136SGB?th=1,1770940800000,200,美国,车辆
1776162981664,亚马逊,B0G839FWH4,https://m.media-amazon.com/images/I/51HPkLCjtfL._AC_US200_.jpg,"50 Pack Large Easter Plates Set - Watercolor Happy Easter Oval Paper Plates, Disposable Spring Colorful Eggs Oval Heavy Duty Dinner Dessert Plate Tableware for Easters Party Supplies Table Decorations",https://www.amazon.com/dp/B0G839FWH4?th=1,1770940800000,400,美国,派对用品
1776162981664,亚马逊,B0GMRN8WL3,https://m.media-amazon.com/images/I/515cvZCY47L._AC_US200_.jpg,"Fun Express 2 1/2"" Mega Bulk 200 Pc. Colorful Theme Toy-Filled Plastic Easter Eggs for Easter Egg Hunts, School, Church & Events",https://www.amazon.com/dp/B0GMRN8WL3?th=1,1770940800000,300,美国,扮靓
1776162981664,亚马逊,B0GF9S3P3W,https://m.media-amazon.com/images/I/5113D6iETZL._AC_US200_.jpg,"12 Pack Prefilled Easter Eggs With Toys Animals Pull Back Cars, Easter Basket Stuffers for Boys Girls, Non Candy Easter Gifts for Kids Egg Hunt Supplies Party Favors",https://www.amazon.com/dp/B0GF9S3P3W?th=1,1770940800000,300,美国,Party Supplies
1776162981664,亚马逊,B0GJ4XWRMD,https://m.media-amazon.com/images/I/51HyM1A76BL._AC_US200_.jpg,Fennoral 12 Pack Easter Egg Craft Kit for Kids Make You Own Easter Art and Craft Kit DIY Coloring Plastic Egg with Foam Sticker Pom Poms Color Pen for Classroom Arts Activity Easter Basket Stuffers,https://www.amazon.com/dp/B0GJ4XWRMD?th=1,1770940800000,300,美国,艺术
1776162981664,亚马逊,B0G6ZLHQ5Z,https://m.media-amazon.com/images/I/41MElMMTlYL._AC_US200_.jpg,"Wooden Puzzles for Toddlers 1-3, Dinosaur Egg Color Matching Puzzle, Montessori Toys for Boys Girls 1 2 3 Year Old, Preschool Learning Activity Toy",https://www.amazon.com/dp/B0G6ZLHQ5Z?th=1,1770940800000,700,美国,拼图
1776162981664,亚马逊,B0GFWGJLYB,https://m.media-amazon.com/images/I/71v-15fQfTL._AC_US200_.jpg,"Water Gun for Kids, Squirt Guns Range Up to 32Ft Powerful Water Blaster for Summer Pool Beach Party Toys, Water Fighting Summer Toys for Kids Ages 8-12",https://www.amazon.com/dp/B0GFWGJLYB?th=1,1770940800000,600,美国,体育
1776162981664,亚马逊,B0GFCJ8NTY,https://m.media-amazon.com/images/I/51oM+JPChYL._AC_US200_.jpg,"80pcs Italian Brainrot Easter Eggs with DIY Accessories and Keychains,Filled Easter Eggs Kids Classroom Gift Exchange Easter Egg Hunt Basket Stuffers Party Favors",https://www.amazon.com/dp/B0GFCJ8NTY?th=1,1770940800000,400,美国,Party Supplies
1776162981664,亚马逊,B0F43MZ7J2,https://m.media-amazon.com/images/I/512jfHqIKwL._AC_US200_.jpg,"Reusable Sticker Books for Toddlers 2-4 Years, Kids 1-3 - 30+ Jelly Puffy Stickers for Kids, Stickers for Toddlers, Toddler Crafts, Toddler Books Ages 2-4 - Reusable Easter Basket Stuffers",https://www.amazon.com/dp/B0F43MZ7J2?th=1,1770940800000,500,美国,艺术
1776162981664,亚马逊,B0G4R7NS57,https://m.media-amazon.com/images/I/81Hnw0GetHL._AC_US200_.jpg,"Bug Catcher for Kids, Bug Vacuum Catching Kit with Bug Collector Butterfly Net Magnifying Glass Bugs Grabber Insect Catcher Tweezers, Outdoor Explorer Toys Gift for Kids Age 3-12",https://www.amazon.com/dp/B0G4R7NS57?th=1,1770940800000,500,美国,体育
1776162981664,亚马逊,B0GBXCXBXM,https://m.media-amazon.com/images/I/719Jjj-OiQL._AC_US200_.jpg,"Baby Toys 6-12 Months - Noah's Ark Toy with Stuffed Animals, Baptism Gifts for Boys Girls, Montessori Toys for 6 Month Old Babies Sensory Tissue Box Toy for 1 Year Old Baby Easter Basket Stuffers",https://www.amazon.com/dp/B0GBXCXBXM?th=1,1770940800000,600,美国,填充的动物
1776162981664,亚马逊,B0GC5WLLDQ,https://m.media-amazon.com/images/I/71FDDSPSGML._AC_US200_.jpg,Easter Bubble Guns for Toddlers & Kids: Easter Basket Stuffers 2-Pack Bunny & Egg Themed - Leak-Proof Bubble Blaster Toys with Refill Solution - Perfect for Easter Egg Hunt & Outdoor Party,https://www.amazon.com/dp/B0GC5WLLDQ?th=1,1770940800000,1000,美国,体育
1776162981664,亚马逊,B0GDR5NJ99,https://m.media-amazon.com/images/I/71gQjxMYGUL._AC_US200_.jpg,"2026 Upgraded Water Table for Toddlers 3+, Water Table for Kids Ages 4-8 with Pump, Play Sink with Running Water, Kitchen Sink for Toddlers, Fishing Game and Outside Sensory Toy (Pink)",https://www.amazon.com/dp/B0GDR5NJ99?th=1,1770940800000,1000,美国,运动与户外游戏
1776162981664,亚马逊,B0GK96XLPF,https://m.media-amazon.com/images/I/51DRAR81cwL._AC_US200_.jpg,20Pcs Taba Squishy Toys Pack-Easter Taba Squishy Sensory Fidgets Toys Party Favors for Kids 4-8 8-12 -Kawaii Taba Squishies Squeeze Toys for Girls-4 5 6 7 8 9 10 11 12 Year Old Girl Birthday Gifts,https://www.amazon.com/dp/B0GK96XLPF?th=1,1770940800000,700,美国,Novelty & Gag Toys
1776162981664,亚马逊,B0GJJTWSGW,https://m.media-amazon.com/images/I/51t7SyRDncL._AC_US200_.jpg,"210Pcs Little Jesus Figures Bulk,Multicolor Mini Jesus Figurines,Miniature Collectible Figurines Dolls-Jesus Loves You Figures for Easter Egg Stuffers Church Religious Gifts",https://www.amazon.com/dp/B0GJJTWSGW?th=1,1770854400000,200,美国,新颖性
1776162981664,亚马逊,B0GMYSQYH9,https://m.media-amazon.com/images/I/61sqDIeUD0L._AC_US200_.jpg,PlayMates Monsterverse Godzilla King of The Monsters Titanus Scylla,https://www.amazon.com/dp/B0GMYSQYH9?th=1,1770854400000,200,美国,玩具图
1776162981664,亚马逊,B0G52DKRKY,https://m.media-amazon.com/images/I/71fQ15p1+NL._AC_US200_.jpg,"Microscope for Kids & Video Camera, Kid Science Toys，Handheld Digital Microscope，STEM Educational Toy for Wonder Quest，Magnifying Glass for Bugs，Birthday for Boys and Girls (Light Blue) (Blue)",https://www.amazon.com/dp/B0G52DKRKY?th=1,1770854400000,200,美国,学习
1776162981664,亚马逊,B0FCHCBJJF,https://m.media-amazon.com/images/I/41e0ZdJZbqL._AC_US200_.jpg,"Calico Critters Sandy Cat Family, Set of 4 Collectible Doll Figures",https://www.amazon.com/dp/B0FCHCBJJF?th=1,1770854400000,400,美国,娃娃
1776162981664,亚马逊,B0GKL83BRK,https://m.media-amazon.com/images/I/91EP-pFCANL._AC_US200_.jpg,"300Pack Stickers, Premium Vinyl Waterproof Decals for Laptop, Phone, Water Bottle, Journal - Collectible Art Stickers for Fans, Teens, Kids (Various New Designs)",https://www.amazon.com/dp/B0GKL83BRK?th=1,1770854400000,1000,美国,艺术
1776162981664,亚马逊,B0GCJ9RJKJ,https://m.media-amazon.com/images/I/61s-nYUU0SL._AC_US200_.jpg,"BEEBOY Wall Climbing Gecko,Remote Control Robot Toys for Boys Girls,Wall Crawler Lizard Toy,Wall Climbing Car Toys,Birthday Gifts for 3 4 5 6 7 8 9 10+ Year Old Boys Girls",https://www.amazon.com/dp/B0GCJ9RJKJ?th=1,1770854400000,200,美国,遥控
1776162981664,亚马逊,B0D8B3R2L2,https://m.media-amazon.com/images/I/71M0RSBOpnL._AC_US200_.jpg,Stem Projects Toys for Boys age 8-12 12-14 Science Kit Building Own Bluetooth Speaker & FM Radio DIY Electronics Kit Science Experiments Kid 9-12 Boy Toys Birthday Gift 8 9 10 11 13 Year Old Teen Girl,https://www.amazon.com/dp/B0D8B3R2L2?th=1,1770854400000,700,美国,学习
1776162981664,亚马逊,B0GF889QMS,https://m.media-amazon.com/images/I/81QIvxAiKuL._AC_US200_.jpg,"Easter Gifts for Kids - 20Pcs Taba Squishies Kit with Greeting Cards, Kawaii Stress Relief Toys, Squishies Fidget Toys Prizes for Kids Classroom Party Favors and Easter Basket Stuffers for Teens",https://www.amazon.com/dp/B0GF889QMS?th=1,1770854400000,900,美国,Novelty & Gag Toys
1776162981664,亚马逊,B0GCCW1ZZR,https://m.media-amazon.com/images/I/7133r8XqfJL._AC_US200_.jpg,"POP MART PUCKY Tap Tap Babies Series-Vinyl Plush Pendant Blind Box Figures, Collectible Toys Home Decorations, Holiday Birthday Gifts for Girls and Boys, Single Box",https://www.amazon.com/dp/B0GCCW1ZZR?th=1,1770854400000,300,美国,填充的动物
1776162981664,亚马逊,B0GJ64RTJC,https://m.media-amazon.com/images/I/71TOe6DnUXL._AC_US200_.jpg,"12 Pack Easter Cube Squishy Squeeze Toys, Easter Basket Stuffers, Easter Egg Fillers, Squishies Stress Relief Fidget Toys for Kids Boys Girls Toddlers Party Favors Gifts",https://www.amazon.com/dp/B0GJ64RTJC?th=1,1770854400000,1000,美国,Novelty & Gag Toys
1776162981664,亚马逊,B0GGRY13T6,https://m.media-amazon.com/images/I/71MOlqPC1BL._AC_US200_.jpg,"2Pcs Electric Water Gun for Kids Adults,Automatic Squirt Gun with Flashing Muzzle, 26FT Range, Leak-Proof Rechargeable Water Blaster for Summer Pool Beach Water Fights (Black+Blue)",https://www.amazon.com/dp/B0GGRY13T6?th=1,1770854400000,900,美国,体育
1776162981664,亚马逊,B0G52FLBFP,https://m.media-amazon.com/images/I/51MMVkdzDzL._AC_US200_.jpg,"Inflatable Pool Float Chair - 2 Pack Pool Floats Adult Heavy Duty, Water Floating Lounge Chairs, Blow up Floaties Adults for Summer Fun Party Lake Beach",https://www.amazon.com/dp/B0G52FLBFP?th=1,1770854400000,300,美国,体育
1776162981664,亚马逊,B0GK4YJJD3,https://m.media-amazon.com/images/I/71H4VflPagL._AC_US200_.jpg,"ELORION 12” 3D Printed Articulated Fidget Figure in 5” Egg , Prefilled Dragon Egg with Dragon Inside, Easter Basket Stuffer Gift (Multicolor)",https://www.amazon.com/dp/B0GK4YJJD3?th=1,1770854400000,1000,美国,玩具图
1776162981664,亚马逊,B0G5WHNBBR,https://m.media-amazon.com/images/I/71WyHm9M8gL._AC_US200_.jpg,"24 Pcs Easter Eggs Filled with Finger Puppets, Animal Finger Puppets for Kids Easter Party Favors, Easter Eggs Hunt, Easter Basket Stuffers",https://www.amazon.com/dp/B0G5WHNBBR?th=1,1770854400000,1000,美国,Party Supplies
1776162981664,亚马逊,B0F1KRLG85,https://m.media-amazon.com/images/I/71AizaSc18L._AC_US200_.jpg,"Prefilled Easter Eggs with Dinosaur Finger Puppets, Easter Basket Stuffers for Kids Hunting Games, Easter Eggs with Toys Inside for Basket Stuffers Fillers, 12 Pack",https://www.amazon.com/dp/B0F1KRLG85?th=1,1770854400000,600,美国,Party Supplies
1776162981664,亚马逊,B0GCVFGJFD,https://m.media-amazon.com/images/I/71HyYS0hQQL._AC_US200_.jpg,"Aviski 28Pcs Assorted Sizes Large Small Iridescent Marble Easter Eggs for Kids Basket Bag Stuffers Fillers, Easter Hunt Game, Toys Filling Treats and Easter Theme Party Favor",https://www.amazon.com/dp/B0GCVFGJFD?th=1,1770854400000,200,美国,Party Supplies
1776162981664,亚马逊,B0GKNVX2RV,https://m.media-amazon.com/images/I/71dT0PKomRL._AC_US200_.jpg,"24 Pack Squishy Toys,Easter Basket Stuffers,Easter Egg with Squishy Fidget Toys,Easter Egg with Squishies Animal Toys Kids Classroom Gift Exchange Party Favors",https://www.amazon.com/dp/B0GKNVX2RV?th=1,1770854400000,700,美国,Novelty & Gag Toys
1776162981664,亚马逊,B0G8KVH62G,https://m.media-amazon.com/images/I/51pyx8UvifL._AC_US200_.jpg,"12 Pack Easter Eggs Squishy Squeeze Toys, Easter Basket Stuffers, Easter Egg Hunt Fillers, Egg Stress Balls Fidget Toys for Kids Toddlers Party Favors Gifts",https://www.amazon.com/dp/B0G8KVH62G?th=1,1770854400000,1000,美国,Novelty & Gag Toys
1776162981664,亚马逊,B0G83HYH15,https://m.media-amazon.com/images/I/41AxgZMbkCL._AC_US200_.jpg,"6 Pack Easter Eggs Squeeze Toys, 2 x 2.4 inch Stress Relief Fidget Toys for Kids & Adults, Sensory Squishy Eggs for Easter Basket Stuffers, Party Favors, Classroom Prizes",https://www.amazon.com/dp/B0G83HYH15?th=1,1770854400000,900,美国,Novelty & Gag Toys
1776162981664,亚马逊,B0GCGHLL5M,https://m.media-amazon.com/images/I/51CcGwm6XXL._AC_US200_.jpg,"MGparty 24 Pack Gold Easter Eggs with Hinge Bulk 2.3"" Empty Fillable Plastic Eggs Bright Eggs for Easter Eggs Hunt Basket Stuffers Fillers",https://www.amazon.com/dp/B0GCGHLL5M?th=1,1770854400000,500,美国,扮靓
1776162981664,亚马逊,B0DGY2ZTL7,https://m.media-amazon.com/images/I/61QgJPfjVWL._AC_US200_.jpg,QUOKKA Montessori Busy Book for Ages 4-8 - Pre K Toddler Learning Activities for Homeschooling - My Preschool Busy Book for Toddlers 3-5 - 15 Kids Educational Solar System Activities,https://www.amazon.com/dp/B0DGY2ZTL7?th=1,1770854400000,300,美国,Learning & Education
1776162981664,亚马逊,B0GC4D91Z4,https://m.media-amazon.com/images/I/51JDTIPXnqL._AC_US200_.jpg,"Ploomi Upgraded Toddler Sand Water Table Toy with Electric Water Pump, Kids Sand Water with Faucet/Play Food Accessories/Fishing Toy, Kitchen Play Sink Toys for Girl Boy Age 3+ (Light-Blue)",https://www.amazon.com/dp/B0GC4D91Z4?th=1,1770854400000,200,美国,运动与户外游戏
1776162981664,亚马逊,B0GCJB9N2C,https://m.media-amazon.com/images/I/51zpdpPWInL._AC_US200_.jpg,Religious Easter Decorations Wooden Table Centerpiece 3Pcs He is Risen Easter Decor Christian Easter Table Decorations Jesus Cross Tabletop Tiered Tray Decor for Spring Home Office Party Supplies,https://www.amazon.com/dp/B0GCJB9N2C?th=1,1770854400000,200,美国,派对用品
1776162981664,亚马逊,B0G5Q76FPM,https://m.media-amazon.com/images/I/713V8QdeC5L._AC_US200_.jpg,HIKISS 12 Pcs Easter Eggs with Mini Stuffed Animal Plush Toys Easter Basket Stuffers Filler for Kids Toddler Boys Girls Egg Hunt Party Favors Classroom Prize Supplies,https://www.amazon.com/dp/B0G5Q76FPM?th=1,1770854400000,200,美国,Party Supplies
1776162981664,亚马逊,B0GLRGDY52,https://m.media-amazon.com/images/I/712wy5KlmgL._AC_US200_.jpg,"Fun Express 2 1/2"" Bulk 100 Pc. Bright Color Toy-Filled Plastic Easter Eggs, Great for Neighborhood, Church and School Easter Egg Hunts",https://www.amazon.com/dp/B0GLRGDY52?th=1,1770854400000,300,美国,Party Supplies
1776162983635,亚马逊,B0GCM4C1B2,https://m.media-amazon.com/images/I/71gzBEKZVVL._AC_US200_.jpg,Arm Floaties Swimming Rings for Kids Children Adults Pool Floats Arm Bands Inflatable Swim Rings,https://www.amazon.com/dp/B0GCM4C1B2?th=1,1770854400000,200,美国,体育
1776162983635,亚马逊,B0G9H13GZZ,https://m.media-amazon.com/images/I/81sxgZaFa7L._AC_US200_.jpg,"Foldable Pool with Canopy,Non Inflatable Pool,Large Foldable Swimming Pool for Adult Portable Pool,Large Collapsible Kid Pool with Shade,Folding Kid Pool for Backyard,90x50x20 in-Dark Blue",https://www.amazon.com/dp/B0G9H13GZZ?th=1,1770854400000,200,美国,体育
1776162983635,亚马逊,B0GCPKZF76,https://m.media-amazon.com/images/I/81wA6Z2QnSL._AC_US200_.jpg,"192 Easter Party Favors for Kids, 24 Pack Scratch Books Set Toys Bulk for Classroom Gifts Prizes, Easter Goodie Bags Stuffers Fillers for Boys Girls Student Party Crafts(scratch set)",https://www.amazon.com/dp/B0GCPKZF76?th=1,1770854400000,200,美国,Party Supplies
1776162983635,亚马逊,B0G2QQ3CC9,https://m.media-amazon.com/images/I/71TmWY4uB3L._AC_US200_.jpg,"20” Long Sand Beach Shovels for Kids, Beach Spades Sand Shovels Toys Sandbox Garden Snow, Summer Sand Scoops Spades Toy for Boys and Girls 2 Pack Blue & Red",https://www.amazon.com/dp/B0G2QQ3CC9?th=1,1770854400000,200,美国,运动与户外游戏
1776162983635,亚马逊,B0GJYD4HP6,https://m.media-amazon.com/images/I/61IaDHxicxL._AC_US200_.jpg,"Easter Basket Stuffers for Teens Kids, Easter Gifts Crochet Baseball with Bunny Ears, Jesus Christian Non Candy Egg Fillers Toy for Boys & Girls 8-12, 6-8, Tweens 10-12 Year Old",https://www.amazon.com/dp/B0GJYD4HP6?th=1,1770854400000,3000,美国,填充的动物
1776162983635,亚马逊,B0GMFDQRN7,https://m.media-amazon.com/images/I/71OVY1jVOKL._AC_US200_.jpg,"BLUEY Bubble Lawn Mower for Toddlers, Bubble Blowing Machine with Sound for Indoor and Outdoor Gardening Toy, Plays Bluey Music, Birthday, Party Favor for Preschool Girls and Boys",https://www.amazon.com/dp/B0GMFDQRN7?th=1,1770854400000,500,美国,体育
1776162983635,亚马逊,B0GH75XT1W,https://m.media-amazon.com/images/I/51bNeffk7NL._AC_US200_.jpg,"VivaNova 24 Pack 3D Printed Easter Dragon Eggs with Articulated Mini Dragons Inside, Prefilled Easter Eggs Bulk, Easter Egg Hunt Fillers, Classroom Prize Supplies, Party Favors for Kids",https://www.amazon.com/dp/B0GH75XT1W?th=1,1770854400000,400,美国,玩具图
1776162983635,亚马逊,B0GLGTY6P7,https://m.media-amazon.com/images/I/71gD5ZJZN7L._AC_US200_.jpg,"NewFamily 12-Color Dustless Chalk for Kids with Protective Holders, Washable & Non-Toxic, Smooth Writing & Easy to Erase for Chalkboard, Indoor & Outdoor Use",https://www.amazon.com/dp/B0GLGTY6P7?th=1,1770854400000,2000,美国,艺术
1776162983635,亚马逊,B0FLPRKBVD,https://m.media-amazon.com/images/I/81ssMtV-ACL._AC_US200_.jpg,"Funscape Kids Fun Pool Floating Water Toys, Inflatable Tic-Tac-Toe Dart Board Game, Swimming Pool Floats Beach Outdoor Play, Summer Birthday Gift 3 4 5 6 7 8 9 10 12 Yrs Boy Girl Teen Adult Family-Red",https://www.amazon.com/dp/B0FLPRKBVD?th=1,1770854400000,200,美国,体育
1776162983635,亚马逊,B0GGX8WCV3,https://m.media-amazon.com/images/I/81brOWRa2EL._AC_US200_.jpg,"24 Pack Prefilled Easter Eggs with Animal Finger Lights, Easter Egg Stuffers for Kids, Glow in the Dark Easter Eggs, Party Favor Toy Gifts for Boy Girl, Classroom Rewards",https://www.amazon.com/dp/B0GGX8WCV3?th=1,1770854400000,300,美国,Party Supplies
1776162983635,亚马逊,B0GMZBV9RJ,https://m.media-amazon.com/images/I/81WMxD-XMKL._AC_US200_.jpg,Monster Jam 2026 Official 1:64 Diecast Truck Series 45 Monsterized Wreck Deck,https://www.amazon.com/dp/B0GMZBV9RJ?th=1,1770854400000,600,美国,车辆
1776162983635,亚马逊,B0GGHVZHWX,https://m.media-amazon.com/images/I/51Zu-oR6ehL._AC_US200_.jpg,"ORRENTE Remote Control Car, 2.4GHz 4WD Fast RC Cars with Double Sided 360° Rotation Monster Truck RC Car - Green",https://www.amazon.com/dp/B0GGHVZHWX?th=1,1770854400000,200,美国,遥控
1776162983635,亚马逊,B0GDXNZJ41,https://m.media-amazon.com/images/I/51ey2FH8LpL._AC_US200_.jpg,"U-Zomir 6 Pack Prefilled Easter Eggs with Toys for Kids, Easter Basket Stuffers Easter Gifts Ideas with Outdoor Flying Parachute for 4 6 8 10 12 Year Old Boys Girls",https://www.amazon.com/dp/B0GDXNZJ41?th=1,1770854400000,800,美国,Party Supplies
1776162983635,亚马逊,B0GL7M839F,https://m.media-amazon.com/images/I/51lRlZA63OL._AC_US200_.jpg,"Easter Balloon Arch Garland Kit, Pastel Easter Decorations with Bunny Balloon for Baby Shower Spring Birthday Party",https://www.amazon.com/dp/B0GL7M839F?th=1,1770854400000,200,美国,派对用品
1776162983635,亚马逊,B0GMLCP27D,https://m.media-amazon.com/images/I/61S7nepaUGL._AC_US200_.jpg,Taba Squishy Cookies - 2 Pack - Easter Basket Stuffer - Cute Squishy Toys - Squishies Fidget Toys for Girls & Boys - Mini Taba Squishys - Squishie Fidgets - Stress Relief Toy - Pink & Black,https://www.amazon.com/dp/B0GMLCP27D?th=1,1770854400000,700,美国,Novelty & Gag Toys
1776162983635,亚马逊,B0FWBSZ5PX,https://m.media-amazon.com/images/I/51Zzxjuc0OL._AC_US200_.jpg,"18 Pack Prefilled Easter Eggs with Fidget Sticks Toys, Silicone Sensory Sticks with Easter Bags, Easter Basket Stuffers, Non-Candy Easter Egg Fillers for Egg Hunt, Classroom Prizes Party Favors",https://www.amazon.com/dp/B0FWBSZ5PX?th=1,1770854400000,400,美国,Novelty & Gag Toys
1776162983635,亚马逊,B0GLR8R2MT,https://m.media-amazon.com/images/I/61UmCLg+MgL._AC_US200_.jpg,"Fun Express 2 1/2"" Bulk 100 Pc. Colorful Toy-Filled Plastic Easter Eggs, Ready To Hide For Easter Hunts, Bunny Trunk Hops and Other Easter Events, Church and School",https://www.amazon.com/dp/B0GLR8R2MT?th=1,1770854400000,300,美国,Party Supplies
1776162983635,亚马逊,B0FVDV4HQR,https://m.media-amazon.com/images/I/318V2BERQFL._AC_US200_.jpg,Patimate White Balloons - 100pcs 12 Inch White Latex Party Balloons for Engagement Anniversary Bachelorette Bridal Shower Wedding Baby Shower Birthday Party Decorations,https://www.amazon.com/dp/B0FVDV4HQR?th=1,1770854400000,200,美国,派对用品
1776162983635,亚马逊,B0FVDBWL5B,https://m.media-amazon.com/images/I/61bsaZPoikL._AC_US200_.jpg,Patimate Gold Metallic Chrome Latex Balloons 100 Pack 12 Inch Gold Balloons for Baby Shower Wedding Valentines Day Anniversary Graduation Birthday Bridal Shower Retirement Casino Party Decorations,https://www.amazon.com/dp/B0FVDBWL5B?th=1,1770854400000,200,美国,派对用品
1776162983635,亚马逊,B0G79776RJ,https://m.media-amazon.com/images/I/51nu6KXKe3L._AC_US200_.jpg,"JOICEE 12 Pcs Easter Eggs with Wind Up Chicks, Jumping Wind Up Chicken Toy Set for Kids Easter Party Favors Eggs Hunt Game Basket Stuffers",https://www.amazon.com/dp/B0G79776RJ?th=1,1770854400000,300,美国,Party Supplies
1776162983635,亚马逊,B0GD1SVSZS,https://m.media-amazon.com/images/I/51X+NRlEi6L._AC_US200_.jpg,"Kids Gardening Tools, Toddler Gardening Set for Kids Includes Rake, Shovel, Trowel, Apron Gloves Watering Can and Tote Bag, Spray Bottle, Kids Garden Tools Best Outdoor Toys Gift for Boys and Girls",https://www.amazon.com/dp/B0GD1SVSZS?th=1,1770854400000,200,美国,体育
1776162983635,亚马逊,B0GCVHKWTZ,https://m.media-amazon.com/images/I/51v-G6x5AHL._AC_US200_.jpg,"Aviski 40Pcs Assorted Sizes Painted Large Small Iridescent Marble Plastic Easter Eggs for Kids Basket Bag Stuffers Fillers, Easter Hunt Game, Toys Filling Treats and Easter Theme Party Favor",https://www.amazon.com/dp/B0GCVHKWTZ?th=1,1770854400000,300,美国,Party Supplies
1776162983635,亚马逊,B0GFZSBP7G,https://m.media-amazon.com/images/I/51AJbDG8ftL._AC_US200_.jpg,"36 PCS 3D Printed Animals Set, Articulated 3D Printed Fidget Animal Toys for Kids Students Classroom Rewards,Party Favors, Easter Christmas Goodie Bag Stuffers, Desk Decor",https://www.amazon.com/dp/B0GFZSBP7G?th=1,1770854400000,200,美国,玩具图
1776162983635,亚马逊,B0GDFQGG18,https://m.media-amazon.com/images/I/41+-1LXpJoL._AC_US200_.jpg,Leprechaun Trap Kit St Patrick's Day Craft for Classroom Home Rainbow Irish Shamrock Decorations Party Supplies,https://www.amazon.com/dp/B0GDFQGG18?th=1,1770854400000,200,美国,艺术
1776162983635,亚马逊,B0GF3BMVKS,https://m.media-amazon.com/images/I/815z3FTwALL._AC_US200_.jpg,"Splash Pad for Kids and Dogs, 97'' Extra Large Splash Pad for Toddlers 1-3 and Kids Ages 4-8, Non Slip Thicken Sprinkler Dog Pool Summer Outdoor Water Toys for Backyard",https://www.amazon.com/dp/B0GF3BMVKS?th=1,1770854400000,200,美国,体育
1776162983635,亚马逊,B0GFSBRFYS,https://m.media-amazon.com/images/I/81B2HByk2wL._AC_US200_.jpg,"Squishy Stress Ball & Slow Rising Butter Squishy Fidget Toys Set - 4 Pack Ultra Soft Sensory Toys, Cute Taba Pack for Kids Adults, Desk Toy, Party Favors & Gift Ideas",https://www.amazon.com/dp/B0GFSBRFYS?th=1,1770854400000,500,美国,Novelty & Gag Toys
1776162983635,亚马逊,B0GH7H2GZF,https://m.media-amazon.com/images/I/61LHsEtFAaL._AC_US200_.jpg,Midou Slow Rising Dumpling Squishy Butter Squeeze Toy Pack Sensory Stress Relief Squishies Soft & Stretchy Fidget Toys for Anxiety Relief Party Favors (Dumpling Squishy Butter),https://www.amazon.com/dp/B0GH7H2GZF?th=1,1770854400000,10000,美国,Novelty & Gag Toys
1776162983635,亚马逊,B0GKYNHBH5,https://m.media-amazon.com/images/I/61AhJ0qSEVL._AC_US200_.jpg,"gidoyi Toy Car Model X, Pull Back Car Toys Alloy Vehicles with Lights and Sound 1:32 Scale Model Car (White)",https://www.amazon.com/dp/B0GKYNHBH5?th=1,1770854400000,200,美国,车辆
1776162983635,亚马逊,B0GCZGNX4W,https://m.media-amazon.com/images/I/713oCtm0ULL._AC_US200_.jpg,"Axolotl Squishy Toy, Cute Slow Rising Fidget Toy for Stress Relief, Soft Squeeze Sensory Toy for Kids and Adults, Handheld Stress Ball for Anxiety and Focus(Blue)",https://www.amazon.com/dp/B0GCZGNX4W?th=1,1770854400000,300,美国,Novelty & Gag Toys
1776162983635,亚马逊,B0GGQDFKTZ,https://m.media-amazon.com/images/I/810BuwhAl-L._AC_US200_.jpg,"24 PCS 3D Printed Dragon Eggs with Dragon Inside, Prefilled Easter Dragon Egg for Basket Stuffers, Mystery Crystal Easter Toy & Decor, Classroom Prize Supplies, Unique Easter Basket Essentials for Kid",https://www.amazon.com/dp/B0GGQDFKTZ?th=1,1770854400000,300,美国,玩具图
1776162983635,亚马逊,B0GCH2F27T,https://m.media-amazon.com/images/I/31BxTLNtjUL._AC_US200_.jpg,"Easter Bunny Toy, Rabbit Interactive Hopping Electronic Pet Plush Bunny Toy with Sounds and Movements Animated Walking Wiggle Ears Twitch Nose (White)",https://www.amazon.com/dp/B0GCH2F27T?th=1,1770854400000,800,美国,填充的动物
1776162983635,亚马逊,B0GMKGHP9B,https://m.media-amazon.com/images/I/41aXUQnTY3L._AC_US200_.jpg,"Air Toobz Switch, Directional Accessory for Original Fat Brain Air-Powered Building Toy for Kids Ages 3 and Up",https://www.amazon.com/dp/B0GMKGHP9B?th=1,1770854400000,200,美国,建筑玩具
1776162983635,亚马逊,B0GLFS27LV,https://m.media-amazon.com/images/I/71mgLpLy90L._AC_US200_.jpg,"Mah Jong 2026 Cards Office Revision Large Print American Mah Jong Card, 4 PCS",https://www.amazon.com/dp/B0GLFS27LV?th=1,1770854400000,800,美国,游戏
1776162983635,亚马逊,B0G8DXHVGH,https://m.media-amazon.com/images/I/71o9jOcRnDL._AC_US200_.jpg,"2Pack Remote Control RC Boat for Adults Kids Ages 8-12 Pool Lakes Bathtub Toy with 8 LED Light Modes,Whole Body Waterproof,Low Battery/Out of Range Alarm,2.4Ghz,15Kmh,Rechargeable Battery,Auto Paring",https://www.amazon.com/dp/B0G8DXHVGH?th=1,1770768000000,200,美国,遥控
1776162983635,亚马逊,B0FR8X35QB,https://m.media-amazon.com/images/I/51oZcqeJlRL._AC_US200_.jpg,"50PCS St Patricks Day Necklace Bulk, Shamrock St Patrick's Day Green Necklaces, Irish Saint Patricks Day Necklace Bulk, St. Patricks Day 4 Leaf Clover Decorations Throw for Parade Party Supplies",https://www.amazon.com/dp/B0FR8X35QB?th=1,1770768000000,200,美国,扮靓
1776162983635,亚马逊,B0FQQRGCQP,https://m.media-amazon.com/images/I/71IL7KrBLtL._AC_US200_.jpg,"Antsy Pants 100 Ball Pit Balls, Ball Pit for Toddlers 1-3, Non-Toxic Materials, Lightweight, 5 Pastel Colors, Reusable Storage Bag, Plastic Balls for Ball Pit, Sensory Toys for Kids",https://www.amazon.com/dp/B0FQQRGCQP?th=1,1770768000000,200,美国,体育
1776162983635,亚马逊,B0GCF3K61R,https://m.media-amazon.com/images/I/51eaEH-xn2L._AC_US200_.jpg,"24 Pack Cute Animals Squishies for Kids, Kawaii Mini Squeeze Toys, Bulk Squishy Squeeze Ball Set Anti-Anxiety Stress Relief Toys for Easter Basket Fillers Egg Fillers Party Favors",https://www.amazon.com/dp/B0GCF3K61R?th=1,1770768000000,1000,美国,Party Supplies
1776162983635,亚马逊,B0G1QZ6QGW,https://m.media-amazon.com/images/I/51eH9VAtt7L._AC_US200_.jpg,"120Pcs Pastel Easter Eggs, 2.4"" Fillable Plastic Easter Eggs Empty Colorful Eggshell Bulks for Easter Hunt, Easter Basket Stuffers Filler, Filling Treats, Party Favor, Classroom Prize Supplies",https://www.amazon.com/dp/B0G1QZ6QGW?th=1,1770768000000,200,美国,扮靓
1776162983635,亚马逊,B0GFDNV2TV,https://m.media-amazon.com/images/I/41ieM2k4bdL._AC_US200_.jpg,"Pllieay 35 Pieces 12.6 Inch Balloon Sticks, Plastic White Balloon Stick with Cups for Birthday Party, Valentine's Day, Wedding, Anniversary Decoration, Balloon Sticks with Base",https://www.amazon.com/dp/B0GFDNV2TV?th=1,1770768000000,300,美国,派对用品
1776162983635,亚马逊,B0G7DM7341,https://m.media-amazon.com/images/I/91ylamQpIKL._AC_US200_.jpg,"25 Pack Fidget Spinner for Kids Easter Basket Stuffers Mini Sensory Fidget Toys Bulk Adults Kids with Autism ADHD, Easter Egg Fillers Anxiety Toys Stress Relief Fidgets Classroom Prizes",https://www.amazon.com/dp/B0G7DM7341?th=1,1770768000000,500,美国,新颖性
1776162983635,亚马逊,B0GCCP3ZNW,https://m.media-amazon.com/images/I/91L86pYL1+L._AC_US200_.jpg,HUADADA Puzzles for Adults 1000 Pieces-Family Jigsaws Puzzles Game 1000 Piece Jigsaw Puzzles for Adults Gift-Rabbit House,https://www.amazon.com/dp/B0GCCP3ZNW?th=1,1770768000000,300,美国,拼图
1776162983635,亚马逊,B0GLSK13LY,https://m.media-amazon.com/images/I/71M64iqF9rL._AC_US200_.jpg,"Laugh Attack [Can You Make Your Family Laugh? | Don’t Laugh Challenge Card Game For Kids, Teens, and Families | Great For Game Night, Reunions, Vacation | Kids Gift For Boys & Girls Ages 5+]",https://www.amazon.com/dp/B0GLSK13LY?th=1,1770768000000,1000,美国,游戏
1776162983635,亚马逊,B0FK5NLLHT,https://m.media-amazon.com/images/I/81EIp74uesL._AC_US200_.jpg,Squishmallows Original 8in Bellamy The Teal Axolotl – Official Jazwares Plush (Little),https://www.amazon.com/dp/B0FK5NLLHT?th=1,1770768000000,500,美国,填充的动物
1776162983635,亚马逊,B0GGB4ZW8Z,https://m.media-amazon.com/images/I/71NuZh4zSmL._AC_US200_.jpg,"Battery Powered Dinosaur Water Table Pump Continuous Flow for Water Tables - Cordless, Rechargeable,No Damage Installation Outdoor Play Accessories for Kids (no Water Table Included)",https://www.amazon.com/dp/B0GGB4ZW8Z?th=1,1770768000000,300,美国,运动与户外游戏
1776162983635,亚马逊,B0G69F1KT3,https://m.media-amazon.com/images/I/71cAbcwvuCL._AC_US200_.jpg,"Donpidd DIY Stress Ball Making Kit 15 TPR Skins,4.2 oz Fillers,1 Vacuum Tool,20 Cable Tie for Create ASMR Anxiety Relief Toys Crunchy Relaxing (1 Set)",https://www.amazon.com/dp/B0G69F1KT3?th=1,1770768000000,200,美国,Novelty & Gag Toys
1776162983635,亚马逊,B0BY1G8NMG,https://m.media-amazon.com/images/I/81iJTUW9UZL._AC_US200_.jpg,"1000 PCS Party Favors for Kids, Dinosaur Sensory Fidget Toys Bulk, Treasure Chest for Kids Prizes, Easter Egg Fillers for Kid, Prize Box Toy for kid Classroom, Treasure Box Prizes, Pinata Stuffers",https://www.amazon.com/dp/B0BY1G8NMG?th=1,1770768000000,300,美国,Party Supplies
1776162983635,亚马逊,B0GF1KBXK3,https://m.media-amazon.com/images/I/81gqtkFVhkL._AC_US200_.jpg,"VOMAOK 24 Pack Pre-Filled Easter Eggs for Kids, Easter Eggs with Toy Inside for Easter Basket Stuffers,Party Favors,Egg Hunts",https://www.amazon.com/dp/B0GF1KBXK3?th=1,1770768000000,1000,美国,Party Supplies
1776162983635,亚马逊,B0GGMLHW21,https://m.media-amazon.com/images/I/81s8Jo1yNcL._AC_US200_.jpg,"Mexican Fiesta Paper Napkins, Cinco De Mayo Colorful Mexico Design, 13 x 13 Inches, 50-Pack Disposable Luncheon Dinner Napkins for Mayo Dance Pinata Taco Theme Birthday Party Decorations (Fiesta)",https://www.amazon.com/dp/B0GGMLHW21?th=1,1770768000000,200,美国,派对用品
1776162983635,亚马逊,B0G57Z84BN,https://m.media-amazon.com/images/I/51hHKrWm1zL._AC_US200_.jpg,"Inflatable Pool Float Chair - 2 Pack Pool Floats Adult Heavy Duty, Water Floating Lounge Chairs, Blow up Floaties Adults for Summer Fun Party Lake Beach",https://www.amazon.com/dp/B0G57Z84BN?th=1,1770768000000,200,美国,体育
1776162983635,亚马逊,B0FXKT9PQ1,https://m.media-amazon.com/images/I/51G+8Yxls3L._AC_US200_.jpg,36 Pack Easter Sidewalk Chalks Bulk 3-Layer Chalk Eggs for Kids Easter Basket fillers Colorful Egg Chalk Outdoor Toddler Kids Easter Hunt Classroom School Chalkboard Playground Drawing Party Gifts,https://www.amazon.com/dp/B0FXKT9PQ1?th=1,1770768000000,300,美国,艺术
1776162983635,亚马逊,B0GCD8PV7T,https://m.media-amazon.com/images/I/71gAcKn6lrL._AC_US200_.jpg,"MGparty 56 Pack Pastel Easter Eggs with Gold Eggs 2.3"" Empty Plastic Egg with Hinge for Easter Egg Hunt Party Favors Basket Stuffers Fillers",https://www.amazon.com/dp/B0GCD8PV7T?th=1,1770768000000,1000,美国,Party Supplies
1776162983635,亚马逊,B0DRHZ9RC2,https://m.media-amazon.com/images/I/713ikgi7H-L._AC_US200_.jpg,"18 PCS Fake White Wooden Eggs, Life Size Easter Fake Eggs Plain Eggs for DIY Paint Your Own Egg, Easter Craft, Easter Basket Stuffers",https://www.amazon.com/dp/B0DRHZ9RC2?th=1,1770768000000,500,美国,扮靓
1776162983635,亚马逊,B0GFPTR5PF,https://m.media-amazon.com/images/I/41n9ZxYr30L._AC_US200_.jpg,"Disney Store Official 2026 Mickey Mouse Easter Plush - 14"" Disney Plushy in Easter Bunny Costume with Floppy Ears, Satin Bowtie, Floral Print Tummy, and Embroidered Logo",https://www.amazon.com/dp/B0GFPTR5PF?th=1,1770768000000,1000,美国,填充的动物
1776162983635,亚马逊,B0GDV82J3Q,https://m.media-amazon.com/images/I/410g5yxga0L._AC_US200_.jpg,8 Pack Easter Plastic Shake Eggs Percussion Musical Easter Egg Shakers for Kids Girls Boys Toddlers Easter Basket Stuffers Egg Fillers Party Favors Gifts,https://www.amazon.com/dp/B0GDV82J3Q?th=1,1770768000000,700,美国,学习
1776162983635,亚马逊,B0GDQRDJ34,https://m.media-amazon.com/images/I/71ZwUDzSmoL._AC_US200_.jpg,8 Pack Easter Plastic Shake Eggs Percussion Musical Maracas Easter Egg Shakers for Kids Toddlers Easter Basket Stuffers Egg Fillers Party Favors Gifts,https://www.amazon.com/dp/B0GDQRDJ34?th=1,1770768000000,1000,美国,学习
1776162983635,亚马逊,B0GF263QHT,https://m.media-amazon.com/images/I/51wbaNYeSIL._AC_US200_.jpg,"24 Pack Prefilled Easter Eggs, Easter Egg Squeeze Toys, Easter Rabbit Basket Stuffers, Party Favors Easter Egg Hunt",https://www.amazon.com/dp/B0GF263QHT?th=1,1770768000000,300,美国,Novelty & Gag Toys
1776162983635,亚马逊,B0GF212GL9,https://m.media-amazon.com/images/I/81HbSRtN9kL._AC_US200_.jpg,"24 Pack Prefilled Easter Eggs, Easter Egg Squeeze Toys, Easter Axolotl Basket Stuffers, Party Favors Easter Egg Hunt",https://www.amazon.com/dp/B0GF212GL9?th=1,1770768000000,400,美国,Novelty & Gag Toys
1776162983635,亚马逊,B0GCZV9PRG,https://m.media-amazon.com/images/I/81KAkwfMBJL._AC_US200_.jpg,"30 Pack Mochi Squishy Toys with Easter Eggs - Easter Basket Stuffers for Kids Toddlers, Slow Rising Sensory Fidget Toys Set, Cute Animal Fruit Shapes for Party Favors, Goodie Bags, Classroom Rewards",https://www.amazon.com/dp/B0GCZV9PRG?th=1,1770768000000,2000,美国,Novelty & Gag Toys
1776162983635,亚马逊,B0GKY4ZV1J,https://m.media-amazon.com/images/I/51v+MMW3fLL._AC_US200_.jpg,Summer Quick Fill Water Balloons Suitable for Adults and Children's Summer Cooling Total of 999 Balloons,https://www.amazon.com/dp/B0GKY4ZV1J?th=1,1770768000000,300,美国,体育
1776162983635,亚马逊,B0CS64GMLL,https://m.media-amazon.com/images/I/51ulCmsE4sL._AC_US200_.jpg,"12pcs Prefilled Easter Egg with Finger Puppets Filled Easter Eggs for Basket Stuffers, Party Favors",https://www.amazon.com/dp/B0CS64GMLL?th=1,1770768000000,400,美国,Party Supplies
1776162983635,亚马逊,B0FLF55FWT,https://m.media-amazon.com/images/I/51GQaQvG19L._AC_US200_.jpg,"Fuzz Squishy Stress Ball - Soft Fidget Toy with Smiley Face for Anxiety Relief, Sensory Play for Kids & Adults, Perfect for Office & School",https://www.amazon.com/dp/B0FLF55FWT?th=1,1770768000000,700,美国,Novelty & Gag Toys
1776162983635,亚马逊,B0GFT9Y9N6,https://m.media-amazon.com/images/I/61Vry+ZqMcL._AC_US200_.jpg,"ROSAUI 24 Pack Large Reusable Easter Eggs (3.4 Inch) – Fillable Plastic Shells for Easter Egg Hunts & Activities, Secure Snap-Fit Design, 6 Assorted Colors, Sturdy Event Props",https://www.amazon.com/dp/B0GFT9Y9N6?th=1,1770768000000,1000,美国,Party Supplies
1776162983635,亚马逊,B0G1RBXK4D,https://m.media-amazon.com/images/I/51eH9VAtt7L._AC_US200_.jpg,"180Pcs Pastel Easter Eggs, 2.4"" Fillable Plastic Easter Eggs Empty Colorful Eggshell Bulks for Easter Hunt, Easter Basket Stuffers Filler, Filling Treats, Party Favor, Classroom Prize Supplies",https://www.amazon.com/dp/B0G1RBXK4D?th=1,1770768000000,200,美国,扮靓
1776162983635,亚马逊,B0G5WFRZ2Z,https://m.media-amazon.com/images/I/81u1b3+Gt1L._AC_US200_.jpg,"100 Pcs Prefilled Easter Eggs with Toys Inside - Easter Basket Stuffers & Egg Hunt Fillers for Kids, Pre Filled Easter Eggs Easter Party Favors Classroom Prize for Kids Toddler Boys Girls",https://www.amazon.com/dp/B0G5WFRZ2Z?th=1,1770768000000,300,美国,Party Supplies
1776162983635,亚马逊,B0GCFRXPX2,https://m.media-amazon.com/images/I/71CiWbkUZ0L._AC_US200_.jpg,Litand Dinosaur Water Table Pump Continuous Flow – Rechargeable Battery Powered Water Pump for Water Table Accessories – Summer Outdoor Water Play Toys (Blue),https://www.amazon.com/dp/B0GCFRXPX2?th=1,1770768000000,400,美国,运动与户外游戏
1776162983635,亚马逊,B0GGRCFT4L,https://m.media-amazon.com/images/I/71CyNDck5hL._AC_US200_.jpg,"Budbof 24 Pack Easter Egg Fillers with Stress Balls, Fidget Toys Squeeze Balls for Kids - Easter Basket Stuffers for Boys Girls, Sensory Relief Toys for Egg Hunt Party Favors Classroom Prizes",https://www.amazon.com/dp/B0GGRCFT4L?th=1,1770768000000,700,美国,Party Supplies
1776162983635,亚马逊,B0DRYCN29B,https://m.media-amazon.com/images/I/71mRUQ20jYL._AC_US200_.jpg,"24 Pack Easter Eggs Filled with Plush Bunny Toys Inside for Easter Eggs Hunt, Easter Basket Stuffers Fillers, Easter Classroom Prize Supplies",https://www.amazon.com/dp/B0DRYCN29B?th=1,1770768000000,400,美国,Party Supplies
1776162983635,亚马逊,B0DK8R91PD,https://m.media-amazon.com/images/I/811fBZIE0rL._AC_US200_.jpg,"Joyreal Hide and Seek Busy Bag- 3 Pack Seek and Find Hidden Object Game, Sensory Hidden Object Search Problem Solving Travel Game for Kids 3+, Including Alphabet, Food, Fish, Animal",https://www.amazon.com/dp/B0DK8R91PD?th=1,1770768000000,400,美国,游戏
1776162983635,亚马逊,B0FWC2NN2S,https://m.media-amazon.com/images/I/61rk3-ySp+L._AC_US200_.jpg,"Shemira 3.5” Easter Eggs, 36 PCS Colorful Eggs Plus 1 Golden Eggs for Kids, Large Plastic Empty Eggs Fillable with Candy Treats for Easter Hunt, Easter Basket Stuffers Fillers, Party Favors Decor",https://www.amazon.com/dp/B0FWC2NN2S?th=1,1770768000000,1000,美国,Party Supplies
1776162983635,亚马逊,B0GLRZ6QNK,https://m.media-amazon.com/images/I/414TrdXUJqL._AC_US200_.jpg,"Fun Express, Glow in the Dark Easter Eggs with Mini Glow Sticks, 100 eggs, 100 Glow Sticks, Fillable Plastic Eggs, Multicolor Assortment, Easter Egg Hunt Kit, GID Easter Egg Hunt Supplies",https://www.amazon.com/dp/B0GLRZ6QNK?th=1,1770768000000,300,美国,Party Supplies
1776162983635,亚马逊,B0GBYH68PC,https://m.media-amazon.com/images/I/515ct-PX4ML._AC_US200_.jpg,12 Pack Easter Squishies Toys Slow Rising Squishy Squeeze Toy with 12 Pcs Plastic Easter Eggs for Kids Boys Girls Toddlers Easter Basket Stuffers Party Favors Gifts,https://www.amazon.com/dp/B0GBYH68PC?th=1,1770768000000,700,美国,Novelty & Gag Toys
1776162983635,亚马逊,B0G6WMM37G,https://m.media-amazon.com/images/I/71+Py12HeoL._AC_US200_.jpg,"Electric Water Gun,Water Gun Toy,Squirt Gun Water Blaster up to 32 FT Long Range,Outdoor Pool Party Shooting Game Toy with 2 Batteries and 2 Water Tanks,Ideal Summer Watergun Gift for Kids & Adults.",https://www.amazon.com/dp/B0G6WMM37G?th=1,1770768000000,1000,美国,体育
1776162983635,亚马逊,B0FX44Z8FW,https://m.media-amazon.com/images/I/81fL-YdWLoL._AC_US200_.jpg,"iPlay, iLearn Kid Construction Toy Trucks, Toddler Construction Vehicle Set W/Excavator Bulldozer Dump Truck, 3 PCS Friction Engineer Cars Sandbox Outdoor Play Birthday Gift 3 4 5 6 Yr Old Boy Girl",https://www.amazon.com/dp/B0FX44Z8FW?th=1,1770768000000,300,美国,车辆
1776162983635,亚马逊,B0GJWXP8L4,https://m.media-amazon.com/images/I/411IH4BwM+L._AC_US200_.jpg,"Easter Basket Stuffers for Teens Kids, Easter Gifts Crochet Spring Egg & Chick Plush, Jesus Christian Non Candy Egg Fillers Toy for Boys & Girls 8-12, 6-8, Tweens 10-12 Year Old",https://www.amazon.com/dp/B0GJWXP8L4?th=1,1770768000000,3000,美国,填充的动物
1776162983635,亚马逊,B0G8HMHFLD,https://m.media-amazon.com/images/I/41q6hyoj+CL._AC_US200_.jpg,30 Pack Bow Cake Toppers Blue Gingham Ribbons Bows for Cake Bow Cupcake Toppers Blue Gingham Bow Birthday Decorations for Baby Shower Birthday Wedding Party Supplies,https://www.amazon.com/dp/B0G8HMHFLD?th=1,1770768000000,200,美国,派对用品
1776162983635,亚马逊,B0GK1923BN,https://m.media-amazon.com/images/I/61v1KstzXKL._AC_US200_.jpg,"Hello Spring Banner,Colorful Spring Party Decorations with Bee, Butterfly & Flower for Spring Theme Party, Classroom,Office,Home Decor (No DIY Needed)",https://www.amazon.com/dp/B0GK1923BN?th=1,1770768000000,900,美国,Party Supplies
1776162983635,亚马逊,B0FRFMVFWM,https://m.media-amazon.com/images/I/817fF-hpbzL._AC_US200_.jpg,"Shemira 12 Pack Bubble Wands in 6 Colors, Bulk Assortment Toys for Kids, Carnival Prizes, Themed Birthday, Wedding, Summer Outdoor Toys for Girls & Boys, Ideal Goodies Bags Stuffers",https://www.amazon.com/dp/B0FRFMVFWM?th=1,1770768000000,200,美国,体育
1776162983635,亚马逊,B0FK5QHDQY,https://m.media-amazon.com/images/I/31CRBvzyg+L._AC_US200_.jpg,Squishmallows Original 8in Nell The Pink and Purple Calico Cat – Official Jazwares Plush (Little),https://www.amazon.com/dp/B0FK5QHDQY?th=1,1770768000000,900,美国,填充的动物
1776162983635,亚马逊,B0G1MS368L,https://m.media-amazon.com/images/I/51shbaXLPKL._AC_US200_.jpg,"Pool Diving Toys for Kids Ages 4-8 8-12, 31 Pcs Shell Mermaid Pool Toys & Treasure Chest Toys & Diving Gems, Fun Summer Swim Party Gifts for Boys Girls with Storage Bag",https://www.amazon.com/dp/B0G1MS368L?th=1,1770768000000,200,美国,体育
1776162983635,亚马逊,B0GHVP9M8B,https://m.media-amazon.com/images/I/41vEHKuNmvL._AC_US200_.jpg,"15 Pcs White Wooden Eggs to Paint Fake Easter Eggs for DIY Crafts, Hunts, Basket Stuffers",https://www.amazon.com/dp/B0GHVP9M8B?th=1,1770768000000,400,美国,扮靓
1776162983635,亚马逊,B0GF6CW1VS,"https://m.media-amazon.com/images/I/31yz4OiRjaL._AC_SR200,200_.jpg","D-Fokes Easter Bunny Ears Headband and Bunny Tail, Rabbit Ears Headband for Easter Party Cosplay Decoration Bunny Hairbands",https://www.amazon.com/dp/B0GF6CW1VS?th=1,1770768000000,200,美国,扮靓
1776162983635,亚马逊,B0GBTY5HVN,https://m.media-amazon.com/images/I/51h9DUfCiCL._AC_US200_.jpg,"KIZZYEA 12 Pack Bunny Squishy Toys, Glitter Squishy Rabbits Fidget Sensory Toys for Kids, Stretchy Stress Toys, Squeeze Toys for Classroom Prizes, Party Favors, Goodie Bags, Treasure Box Toys",https://www.amazon.com/dp/B0GBTY5HVN?th=1,1770768000000,500,美国,Party Supplies
1776162983635,亚马逊,B0GLR4WD7R,https://m.media-amazon.com/images/I/51Vv+cobRQL._AC_US200_.jpg,"Fun Express 2 1/2"" Bulk 100 Pc. Food-Themed Toy-Filled Plastic Easter Eggs, Great for School, Church and Neighborhood Easter Egg Hunts",https://www.amazon.com/dp/B0GLR4WD7R?th=1,1770768000000,300,美国,扮靓
1776162983635,亚马逊,B0G2595TPK,https://m.media-amazon.com/images/I/51YGPVx+QuL._AC_US200_.jpg,"12 Pack Prefilled Easter Eggs with Food Squishy Toys Keychains, Easter Eggs Filled for Kids Easter Egg Hunt Easter Basket Stuffers Goodie Bag Fillers School Classroom Gifts",https://www.amazon.com/dp/B0G2595TPK?th=1,1770768000000,500,美国,Party Supplies
1776162983635,亚马逊,B0GGC18TGZ,"https://m.media-amazon.com/images/I/51uS4Y9uzVL._AC_SR200,200_.jpg","Melisheer 20PCS Passover Headbands, Cardboard Paper Passover Decorations, Pesach Seder Props for Costume Dress up Party Favors",https://www.amazon.com/dp/B0GGC18TGZ?th=1,1770768000000,200,美国,扮靓
1776162983635,亚马逊,B0GMTWLCVW,https://m.media-amazon.com/images/I/41B5nXjCidL._AC_US200_.jpg,"Personalized Easter Bunny, 12 Inch Custom Soft Plush Stuffed Animal Toy, Perfect Easter Basket Stuffer for Baby Shower, Birthday Gifts for Newborns, Toddlers & Kids",https://www.amazon.com/dp/B0GMTWLCVW?th=1,1770768000000,200,美国,填充的动物
1776162983635,亚马逊,B0GCM3LZMS,https://m.media-amazon.com/images/I/51-7iosxELL._AC_US200_.jpg,"AUGSUN Passover Plagues Felt Crowns, 20 Piece Seder Table Celebration Set with 10 Designs for Holiday Crafts and Educational Fun Classroom Gifts",https://www.amazon.com/dp/B0GCM3LZMS?th=1,1770768000000,200,美国,派对用品
1776162983635,亚马逊,B0GD75PXKT,https://m.media-amazon.com/images/I/41SjYJ720jL._AC_US200_.jpg,"Jesus Plush, 8 Inch Jesus Stuffed Animals with The Bible, Cloak & Jesus Love You, Easter Plush Toys for Church Sunday School, Religious Easter Gift for Kids, Christian Gifts for Kids Adults",https://www.amazon.com/dp/B0GD75PXKT?th=1,1770768000000,200,美国,填充的动物
1776162983635,亚马逊,B0G91ZR7WX,https://m.media-amazon.com/images/I/91KOC-JBMXL._AC_US200_.jpg,"Zefy 3D Art Craft Kits, 20 Pcs Glow in The Dark Aqua Puffs Animals, Mess-Free DIY Toys for Kids Girls Boys Ages 4-10, Magic Foam Texture Painting Kit for Birthday Christmas Easter Gifts",https://www.amazon.com/dp/B0G91ZR7WX?th=1,1770768000000,400,美国,艺术
1776162983635,亚马逊,B0F43LLYGW,https://m.media-amazon.com/images/I/51twv4KIv9L._AC_US200_.jpg,"Reusable Sticker Books for Toddlers 2-4 Years, Kids 1-3 - 30+ Jelly Puffy Stickers for Kids, Stickers for Toddlers, Toddler Crafts, Toddler Books Ages 2-4 - Portable & Reusable Sticker Book Activity",https://www.amazon.com/dp/B0F43LLYGW?th=1,1770768000000,300,美国,艺术
1776162983635,亚马逊,B0FSGL4WQJ,https://m.media-amazon.com/images/I/61GhuX3i3pL._AC_US200_.jpg,"5Pcs Mahjong Cards 2025 Updated Revision with 2026 Mah jongg Cards Content, Large Print Easy to Read Rule Guide, Perfect for Game Nights & Parties",https://www.amazon.com/dp/B0FSGL4WQJ?th=1,1770768000000,200,美国,游戏
1776162983635,亚马逊,B0G8JV6BBZ,https://m.media-amazon.com/images/I/71o6zqyw9mL._AC_US200_.jpg,"Splash Pad for Kids & Dogs, EPN 140""-100"" Extra Large Non-Slip Sprinkler Splash Pad, Thickened 0.5mm PVC Water Play Mat, Outdoor Water Toy for Backyard Summer Fun, Ideal for Toddlers 3+ Boys Girls",https://www.amazon.com/dp/B0G8JV6BBZ?th=1,1770768000000,400,美国,体育
1776162983635,亚马逊,B0GJ3WT1XD,https://m.media-amazon.com/images/I/815Nj6vjkPL._AC_US200_.jpg,"Pool Floats Adult Inflatable Hammock with Cooling Mesh, Portable Foldable Water Chair for Beach Vacation Essentials, Striped Floaties for Adults, Lightweight for Travel & Summer Relaxing",https://www.amazon.com/dp/B0GJ3WT1XD?th=1,1770768000000,600,美国,体育
1776162983635,亚马逊,B0G52TMV9G,https://m.media-amazon.com/images/I/714ISdzQCNL._AC_US200_.jpg,"VATOS 2-Tier Outdoor Water Table Toys for Kids, 61PCS DIY Summer Waterways Playset with Pump, Toddler Water Park Toys for Pool Backyard Beach, Sensory Activity Fun Toy Gift for Boys Girls 3-5 4-8",https://www.amazon.com/dp/B0G52TMV9G?th=1,1770768000000,500,美国,运动与户外游戏
1776162983635,亚马逊,B0GJYRWYHF,https://m.media-amazon.com/images/I/712BD14FYzL._AC_US200_.jpg,"8Pcs Kids Gardening Set with Metal Basket & Real Metal Tools, STEM Outdoor Exploration Kit, Ergonomic Wooden Handles, 3 Shovels, Rake, Watering Can, Gloves, Tote Bag, Toy Gift for Toddler Boys Girls",https://www.amazon.com/dp/B0GJYRWYHF?th=1,1770768000000,1000,美国,体育
1776162983635,亚马逊,B0GKMLRH3J,https://m.media-amazon.com/images/I/51dEALP+gGL._AC_US200_.jpg,"okcool Rechargeable Water Table Pump(Huge Water Output,Long Battery Life),Kids Sand Water Play Pump,Whale-Shaped Design, 3 Spray Modes, IPX7 Waterproof,Outdoor Toddler Activity Table Accessory",https://www.amazon.com/dp/B0GKMLRH3J?th=1,1770768000000,200,美国,运动与户外游戏
1776162983635,亚马逊,B0GLPMBPK5,https://m.media-amazon.com/images/I/81-WAteBkIL._AC_US200_.jpg,"Demon Hunters Birthday Party Supplies, 24Pcs Mini Notepads for Kpop Party Gifts, Goodie Bag Stuffers, Classroom Rewards, 8 Types",https://www.amazon.com/dp/B0GLPMBPK5?th=1,1770681600000,700,美国,Party Supplies
1776162983635,亚马逊,B0G5YNRQGZ,https://m.media-amazon.com/images/I/91xzpZf9xlL._AC_US200_.jpg,"1100+ Alphabet Stickers for Junk Journals, Fun & Colorful Craft Letter Stickers for Scrapbooking Supplies, DIY Decorative, and Laptop Journaling",https://www.amazon.com/dp/B0G5YNRQGZ?th=1,1770681600000,200,美国,艺术
1776162983635,亚马逊,B0G39C3R9Y,https://m.media-amazon.com/images/I/51apgnfXX-L._AC_US200_.jpg,"4 Pack Stress Bear Squishy Ball, Sugar Filled Gummy Bear Toys, Taba Squishy Toys for Kids Stress Relief, High Density Stress Balls for Calming - Soft Squeeze Balls Party Favors Birthday Gifts",https://www.amazon.com/dp/B0G39C3R9Y?th=1,1770681600000,300,美国,Novelty & Gag Toys
1776162983635,亚马逊,B0FYRH6C7V,https://m.media-amazon.com/images/I/61Lju7NbJHL._AC_US200_.jpg,"Executive Functioning Mindset Cards – 52 Daily Habit Cards for Focus, Organization & Follow Through – For Kids, Teens & Adults – Includes Wooden Display Stand, Gift for Teachers and Parents",https://www.amazon.com/dp/B0FYRH6C7V?th=1,1770681600000,300,美国,学习
1776162985626,亚马逊,B0FYRH6C7V,https://m.media-amazon.com/images/I/61Lju7NbJHL._AC_US200_.jpg,"Executive Functioning Mindset Cards – 52 Daily Habit Cards for Focus, Organization & Follow Through – For Kids, Teens & Adults – Includes Wooden Display Stand, Gift for Teachers and Parents",https://www.amazon.com/dp/B0FYRH6C7V?th=1,1770681600000,300,美国,学习
1776162985626,亚马逊,B0FLQSP1QZ,https://m.media-amazon.com/images/I/71vNkJTBoKL._AC_US200_.jpg,"MGA's Miniverse Make It Mini Make It Mini Spring (3 Pack), Seasonal, Easter, Blind Pack, DIY, Crafts, Resin, Replica Food, Not Edible, Collectors, 8+",https://www.amazon.com/dp/B0FLQSP1QZ?th=1,1770681600000,1000,美国,新颖性
1776162985626,亚马逊,B0GD14SZ8T,https://m.media-amazon.com/images/I/71qBdZE-m+L._AC_US200_.jpg,"2 Pcs Keyboard Fidget Toy Light Up, Heart Shape Clicker Keyboard Fidget Keychain, Black White 4-in-1 Loud Stress Relief Fidget Keyboard for Adult Anxiety Decompression",https://www.amazon.com/dp/B0GD14SZ8T?th=1,1770681600000,200,美国,Novelty & Gag Toys
1776162985626,亚马逊,B0GD75CDX1,https://m.media-amazon.com/images/I/7180GjGJYCL._AC_US200_.jpg,"Easter Egg Fillers, Easter Basket Stuffers for Kids - 24 Pcs Mini Easter Plush Bunny Stuffed Animals, Party Favors for Toddlers Boys Girls, Bulk Small Toys for Classroom Prize Box, Goodie Bag Stuffers",https://www.amazon.com/dp/B0GD75CDX1?th=1,1770681600000,700,美国,Party Supplies
1776162985626,亚马逊,B0GD6WHXXN,https://m.media-amazon.com/images/I/717yaEX0dhL._AC_US200_.jpg,Easter Cake Topper Featuring Easter Eggs Bees Bunnies and Carrots Spring Cake Decorations Suitable for Easter Themed Birthday Party Supplies,https://www.amazon.com/dp/B0GD6WHXXN?th=1,1770681600000,200,美国,Party Supplies
1776162985626,亚马逊,B0GMJQPMSQ,https://m.media-amazon.com/images/I/71-MYDVlPpL._AC_US200_.jpg,OK Play: Ultimate Travel Tile Game | Lean to Play in 10 Seconds | Waterproof & Indestructible | Perfect for Kids and Adults,https://www.amazon.com/dp/B0GMJQPMSQ?th=1,1770681600000,5000,美国,游戏
1776162985626,亚马逊,B0G64FKTHM,https://m.media-amazon.com/images/I/51GZ3DrqQZL._AC_US200_.jpg,"Adisher 300Pcs Easter Eggs, Plastic 2.4"" Colorful Easet Eggs with 6Pcs Golden Eggs Bulk Empty Fillable for Easter Hunt Party Favor Basket Stuffers, Filling Treats, Classroom Prize Supplies for Kids",https://www.amazon.com/dp/B0G64FKTHM?th=1,1770681600000,200,美国,Party Supplies
1776162985626,亚马逊,B0GHTCB35Z,https://m.media-amazon.com/images/I/81GeWKPSaWL._AC_US200_.jpg,"24 Pcs Mario Themed Stampers, Mario Birthday Party Supplies, Goody Bag Treat Bag Stuff for Mario Birthday Party Gifts",https://www.amazon.com/dp/B0GHTCB35Z?th=1,1770681600000,800,美国,艺术
1776162985626,亚马逊,B0G6TP9JRT,https://m.media-amazon.com/images/I/718iF+SBneL._AC_US200_.jpg,"100Pcs Easter Napkins Bulk, Vibrant Eggs Paper Napkins Party Pack for Easter Table Decorations, Spring Gatherings, Decaupage Napkins for Easter",https://www.amazon.com/dp/B0G6TP9JRT?th=1,1770681600000,300,美国,派对用品
1776162985626,亚马逊,B0GJS2TF6X,https://m.media-amazon.com/images/I/71lZAmd2K6L._AC_US200_.jpg,"25PCS Spider Cake Toppers, Cute Cartoon Cupcake Toppers, Spider Themed Birthday Party Cake Decorations & Party Supplies",https://www.amazon.com/dp/B0GJS2TF6X?th=1,1770681600000,300,美国,派对用品
1776162985626,亚马逊,B0GKQGVJ79,https://m.media-amazon.com/images/I/81S94V7+UTL._AC_US200_.jpg,"12 Pack 3D Printed Dragon Eggs with Crystal Dragons Inside,Mini Crystal Dragon Collectible Figures, Articulated Desk Decor Display Set, Non-Candy Easter Basket Stuffers, Ages 8+",https://www.amazon.com/dp/B0GKQGVJ79?th=1,1770681600000,600,美国,玩具图
1776162985626,亚马逊,B0GFLCLGJ8,https://m.media-amazon.com/images/I/71C2z1-uoAL._AC_US200_.jpg,"24 Pack Prefilled Easter Eggs with 3D Printed Axolotl Toys Figurines Set, Articulated Fidget Toys for Kids Boys Girls Easter Egg Hunt Fillers Easter Basket Stuffers Axolotl Party Favor",https://www.amazon.com/dp/B0GFLCLGJ8?th=1,1770681600000,1000,美国,玩具图
1776162985626,亚马逊,B0GKPFQH5Z,https://m.media-amazon.com/images/I/81Aa+grlFqL._AC_US200_.jpg,"24 Sheets Easter Stickers for Kids - DIY Happy Egg Bunny Stickers Bulk Basket Stuffers Fillers for Toddlers Girls Boys, Kids Easter Crafts Classroom Gifts Games Activities Decor Party Favor Supplies",https://www.amazon.com/dp/B0GKPFQH5Z?th=1,1770681600000,1000,美国,艺术
1776162985626,亚马逊,B0GCF956JM,https://m.media-amazon.com/images/I/61Z9V5TJVLL._AC_US200_.jpg,"3D Printed Easter Eggs with Bunny Inside,Easter Surprise Rabbit Eggs,3D Printed Animals, Easter Basket Stuffers,Fidget Toys Gifts (4PCS)",https://www.amazon.com/dp/B0GCF956JM?th=1,1770681600000,2000,美国,玩具图
1776162985626,亚马逊,B0G6Y6GBVL,https://m.media-amazon.com/images/I/61rZqUf1gbL._AC_US200_.jpg,"200 PCS Prefilled Easter Eggs with Toys Inside, Bulk Easter Eggs Filled for Easter Egg Hunt, Easter Party Favors & Easter Basket Stuffers for Kids",https://www.amazon.com/dp/B0G6Y6GBVL?th=1,1770681600000,500,美国,Party Supplies
1776162985626,亚马逊,B0G7Z5M25K,https://m.media-amazon.com/images/I/61zXZ4qQs8L._AC_US200_.jpg,"[Golden Surprise Eggs] 100 PCS Prefilled Easter Eggs with Assorted Toys Inside, Plastic Easter Eggs Fillers with Toys for Kid Toddler Boys Girls Easter Basket Stuffers Party Favors",https://www.amazon.com/dp/B0G7Z5M25K?th=1,1770681600000,500,美国,Party Supplies
1776162985626,亚马逊,B0GF2612QY,https://m.media-amazon.com/images/I/717rWABTy+L._AC_US200_.jpg,"Easter Basket, Easter Baskets for Kids, Black Cat Baskets with Handle for Gifts Empty, Bunny Egg Hunting, Basket Stuffers Essentials",https://www.amazon.com/dp/B0GF2612QY?th=1,1770681600000,300,美国,派对用品
1776162985626,亚马逊,B0GFD2XN56,https://m.media-amazon.com/images/I/71Shmn-uKJL._AC_US200_.jpg,"WOONOO 12 Pack Prefilled Easter Eggs With Toys Plush Keychains, Easter Basket Stuffers for Boys Girls, Non Candy Easter Gifts for Kids Egg Hunt Supplies Party Favors",https://www.amazon.com/dp/B0GFD2XN56?th=1,1770681600000,300,美国,Party Supplies
1776162985626,亚马逊,B0G7Z5HQF7,https://m.media-amazon.com/images/I/51qI0LMrjiL._AC_US200_.jpg,"[6 Golden Surprise Eggs] 100 PCS Prefilled Easter Eggs with Assorted Toys, Plastic Easter Eggs Fillers with Toys for Kid Toddler Boys Girls Easter Hunt Prizes Basket Stuffers Party Favors",https://www.amazon.com/dp/B0G7Z5HQF7?th=1,1770681600000,400,美国,Party Supplies
1776162985626,亚马逊,B0GBKZDJDT,https://m.media-amazon.com/images/I/71eQnmyYVYL._AC_US200_.jpg,24 Pack Mini Easter Eggs Squeeze Squishy Stress Balls for Easter Basket Stuffers Egg Fillers Easter Egg Hunt Party Favors Gifts,https://www.amazon.com/dp/B0GBKZDJDT?th=1,1770681600000,1000,美国,Novelty & Gag Toys
1776162985626,亚马逊,B0GD73BMLM,https://m.media-amazon.com/images/I/51-ceFFwCZL._AC_US200_.jpg,"Infowush Water Table Pump, Whale Rechargeable Water Pump for Water Table with Sprinkler, 3.5 Hours Non-Stop Fun Summer Outdoor Water Toys Outside Water Play Table Accessories for Kids Toddlers, Purple",https://www.amazon.com/dp/B0GD73BMLM?th=1,1770681600000,700,美国,运动与户外游戏
1776162985626,亚马逊,B0GFDMYFM1,https://m.media-amazon.com/images/I/513I7Xjo5vL._AC_US200_.jpg,"Easter Basket Stuffers, 24PCS Prefilled Easter Eggs with Finger Projector Lights & 10 Sheets Luminous Tattoos, Easter Gifts for Kids, Glow in The Dark Plastic Easter Eggs Filled Easter Decorations",https://www.amazon.com/dp/B0GFDMYFM1?th=1,1770681600000,500,美国,Party Supplies
1776162985626,亚马逊,B0GC4ZQB8P,https://m.media-amazon.com/images/I/51E7Ic5aXKL._AC_US200_.jpg,"102 PCS Easter Stickers for Kids, Waterproof Vinyl Cute Bunny Stickers for Basket Stuffers Essentials & Egg Fillers Easter Games Activities Party Favors Supplies Decorations for Kids Boys Girls",https://www.amazon.com/dp/B0GC4ZQB8P?th=1,1770681600000,500,美国,艺术
1776162985626,亚马逊,B0GBXRS3K1,https://m.media-amazon.com/images/I/71E4+vWmgtL._AC_US200_.jpg,12 Pack Easter Stress Balls Toys Squishy Squeeze Toy with 12 Pcs Plastic Easter Eggs for Kids Boys Girls Toddlers Easter Basket Stuffers Party Favors Gifts,https://www.amazon.com/dp/B0GBXRS3K1?th=1,1770681600000,800,美国,Novelty & Gag Toys
1776162985626,亚马逊,B0FZJP1KYG,https://m.media-amazon.com/images/I/71jBoPnckeL._AC_US200_.jpg,"Easter Egg Fillers – 12 Pcs Easter Bunny Squishy Toys, Squishy Stress Balls Gift Box Set, Easter Basket Stuffers for Kids, Non-Candy Easter Gifts, Party Favors",https://www.amazon.com/dp/B0FZJP1KYG?th=1,1770681600000,500,美国,Novelty & Gag Toys
1776162985626,亚马逊,B0G2G6XZYP,https://m.media-amazon.com/images/I/41aYpXsrL4L._AC_US200_.jpg,"Octeric 12 Pcs 6"" Jumbo Golden Easter Eggs, Fillable Shiny Metallic Plastic Eggs for Filling Treats Toys Gift Baskets Filler Stuffers, Easter Hunt Decor, Party Favor, Classroom Prize Supplies",https://www.amazon.com/dp/B0G2G6XZYP?th=1,1770681600000,400,美国,Party Supplies
1776162985626,亚马逊,B0GCMWK2WW,https://m.media-amazon.com/images/I/81SrjIK8gtL._AC_US200_.jpg,"Easter Wooden Blocks Stacking Games, Bunny Egg Basket Theme Tumbling Tower and Balance Game for Adults, Kids, and Family Party, Stacking Board Toy with Storage Bag, Easter Party Activities Gifts",https://www.amazon.com/dp/B0GCMWK2WW?th=1,1770681600000,200,美国,游戏
1776162985626,亚马逊,B0GFCTQ4R8,https://m.media-amazon.com/images/I/51N9t3Lk1RL._AC_US200_.jpg,"Cat Paw Ice Cube Squishy,Medium 1.98 Inch Stress Cube Squeeze Toy,Soft Slow Rebound Squishy Cube for Stress Relief,Sensory Fidget Toys for Anxiety for Kids (1, Transparent Blue cat paw)",https://www.amazon.com/dp/B0GFCTQ4R8?th=1,1770681600000,300,美国,Novelty & Gag Toys
1776162985626,亚马逊,B0GCLY7LHH,https://m.media-amazon.com/images/I/51HGgYGOwFL._AC_US200_.jpg,"12PCS 3D Printed Dragon Egg,8PCS Articulated Dragons+4PCS DND Polyhedral Dice Egg Toy,Easter Basket Stuffers,3D Printed Animals Toy,Easter Gifts for Kids",https://www.amazon.com/dp/B0GCLY7LHH?th=1,1770681600000,200,美国,Party Supplies
1776162985626,亚马逊,B0GL6HFDX7,https://m.media-amazon.com/images/I/51s+DlZ3XGL._AC_US200_.jpg,"COCHIE 24 Set He is Risen Paper Cross Easter Crafts Kit, Christian First Communion Gift, DIY Make Your Own Jesus Resurrection Criss Cross Craft Kits for Church Home Party Decorations Classroom (Blue)",https://www.amazon.com/dp/B0GL6HFDX7?th=1,1770681600000,200,美国,艺术
1776162985626,亚马逊,B0GCMF76L9,https://m.media-amazon.com/images/I/51QV8E7T+3L._AC_US200_.jpg,"36pcs Easter Cupcake Toppers, 12 Kinds Easter Cake Topper Decorations, Paper Colorful Easter Eggs Bunny Ears Cake Topper Decor, Single Sided Printing Spring Party Decoration",https://www.amazon.com/dp/B0GCMF76L9?th=1,1770681600000,200,美国,Party Supplies
1776162985626,亚马逊,B0G34RRCGZ,https://m.media-amazon.com/images/I/71Lblq2HgHL._AC_US200_.jpg,"16"" lumiboard led Drawing Board with 13 Light Effect, Rechargeable Acrylic Dry Erase Board-Built-in Stand (White)",https://www.amazon.com/dp/B0G34RRCGZ?th=1,1770681600000,500,美国,艺术
1776162985626,亚马逊,B0GHP1W82M,https://m.media-amazon.com/images/I/71xbim5wUFL._AC_US200_.jpg,"2 Pack Keyboard Fidget Keychain with LED Lights, 4-in-1 Stress Relief Clicker Toy, Keyboard Button Finger Clicker for Anxiety Relief, Sensory Decompression Toy for Kids & Adults (Transparent)",https://www.amazon.com/dp/B0GHP1W82M?th=1,1770681600000,2000,美国,Novelty & Gag Toys
1776162985626,亚马逊,B0G5LKSK8S,https://m.media-amazon.com/images/I/71X1TjDh79L._AC_US200_.jpg,"hahaland Mini Magnetic Blocks Travel Set with Magnetic Case - 52 PCS Magnet Building Cubes Dinosaur Toys for Kids 3-5 Toddler Travel Toys Airplane Essentials, Stem Toys 4 Year Old Boys 3 Year Old Gift",https://www.amazon.com/dp/B0G5LKSK8S?th=1,1770681600000,400,美国,建筑玩具
1776162985626,亚马逊,B0GGGWXPF6,https://m.media-amazon.com/images/I/91H8JFBZ3yL._AC_US200_.jpg,"12Pack 3D Printed Dragon Eggs with Dragon Inside, Fantasy Collectible 3D Print Animals Toys Party Favor Gifts for Kids & Collectors",https://www.amazon.com/dp/B0GGGWXPF6?th=1,1770681600000,1000,美国,玩具图
1776162985626,亚马逊,B0G52BMQWC,https://m.media-amazon.com/images/I/71yLicD5m0L._AC_US200_.jpg,"6PCS St Patrick’s Day Light Up Shamrock Necklace, Glow Clover Necklace Irish Party Accessories and Favors for Adults Teens",https://www.amazon.com/dp/B0G52BMQWC?th=1,1770595200000,500,美国,扮靓
1776162985626,亚马逊,B0G8WNNR2P,https://m.media-amazon.com/images/I/71tr6Mj49gL._AC_US200_.jpg,Tonies Baby Einstein: Farm Explorers Audio Toy Figurine,https://www.amazon.com/dp/B0G8WNNR2P?th=1,1770595200000,200,美国,儿童电子产品
1776162985626,亚马逊,B0G65WZPS1,https://m.media-amazon.com/images/I/71GMElhXiPL._AC_US200_.jpg,"75pcs Green Balloons Dark Green and Metallic Gold Balloon Kit, 12Inch Different Shades Green Balloon for St Patrick's Day BIrish Festival Junle Safari Summer Party Decorations",https://www.amazon.com/dp/B0G65WZPS1?th=1,1770595200000,700,美国,派对用品
1776162985626,亚马逊,B0GGCLDXZL,https://m.media-amazon.com/images/I/81BGfj5qCqL._AC_US200_.jpg,Pokémon TCG: Mega Evolution—Perfect Order Elite Trainer Box,https://www.amazon.com/dp/B0GGCLDXZL?th=1,1770595200000,700,美国,游戏
1776162985626,亚马逊,B0GFF4VR6C,https://m.media-amazon.com/images/I/81Z+ZLG-jhL._AC_US200_.jpg,"eowvsio 36 Pcs Bunny Squishy Toys with Eggs,Bunny Mochi Squishy Toys Stress Relief Fidget, Mochi Squishy Bulk for Kids Boys Girls Party Favors Novelty Prizes",https://www.amazon.com/dp/B0GFF4VR6C?th=1,1770595200000,1000,美国,Novelty & Gag Toys
1776162985626,亚马逊,B0GBWBNHF7,https://m.media-amazon.com/images/I/710LDY1QtQL._AC_US200_.jpg,"TOP BRIGHT 4 In 1 Mud Kitchen for Kids, Wooden Outdoor Playhouse for Water & Sand Play, Cooking & Gardening Playset with Accessories, Sensory Table Set, Backyard Pretend Play Toy for Boys Girls Ages 3",https://www.amazon.com/dp/B0GBWBNHF7?th=1,1770595200000,200,美国,扮靓
1776162985626,亚马逊,B0GCV1YMR1,https://m.media-amazon.com/images/I/71EhLsZGBbL._AC_US200_.jpg,"Aviski 18Pcs Assorted Size Large Small Iridescent Marble Easter Eggs for Kids Basket Bag Stuffers Fillers, Easter Hunt Game, Toys Filling Treats and Easter Theme Party Favor",https://www.amazon.com/dp/B0GCV1YMR1?th=1,1770595200000,300,美国,Party Supplies
1776162985626,亚马逊,B0FT1N1FNP,https://m.media-amazon.com/images/I/81qznggEmiL._AC_US200_.jpg,"YoYa Toys MushyMochi Fast Food Squishy Stress Balls 3-Pack – Mochi Hamburger Pizza Hotdog Fidget Squishies, Cute Kawaii Sensory Toy Set For Kids, Fun to Stretch and Squeeze – Great Gift for Boys Girls",https://www.amazon.com/dp/B0FT1N1FNP?th=1,1770595200000,200,美国,Novelty & Gag Toys
1776162985626,亚马逊,B0GCZMK8DX,https://m.media-amazon.com/images/I/81qfMDS-HWL._AC_US200_.jpg,"24pcs Easter Egg Fillers with Brain Teaser Puzzles Toys, Easter Basket Stuffers for Teens, Eggs Hunt Games for Teens Adults,Kids,Boys and Girls, Puzzle Games for Party Favors",https://www.amazon.com/dp/B0GCZMK8DX?th=1,1770595200000,600,美国,Party Supplies
1776162985626,亚马逊,B0GH7L3WLM,https://m.media-amazon.com/images/I/71HNCDYUSUL._AC_US200_.jpg,"Valentines Day Gifts for Him Her Men Women, Food Dice Date Night Dice Anniversary Birthday Wedding Christmas Couples Gifts for Him Her Husband Wife Boyfriend Girlfriend Gag Gifts Stocking Stuffers",https://www.amazon.com/dp/B0GH7L3WLM?th=1,1770595200000,200,美国,游戏
1776162985626,亚马逊,B0GFDNVZB4,https://m.media-amazon.com/images/I/71F28oGTrFL._AC_US200_.jpg,"Easter Basket Stuffers Essentials for Teens Kids, Easter Egg Fillers - 4Pcs Prefilled Easter Eggs with Parachute Toys for Girls Boys Egg Hunt Prizes, Party Favors, Classroom Treasure Box Prizes Gifts",https://www.amazon.com/dp/B0GFDNVZB4?th=1,1770595200000,1000,美国,新颖性
1776162985626,亚马逊,B0CR5KZ34B,https://m.media-amazon.com/images/I/81hj8OA5A1L._AC_US200_.jpg,"Atonofun 146 PCS Easter Party Favor Toys With Colorful Plastic Eggs, Assorted Toy for Easter Egg Hunt Event, Easter Basket Stuffers, Easter Egg Fillers, Bulk Small Toy, Birthday Gifts for Boys Girls",https://www.amazon.com/dp/B0CR5KZ34B?th=1,1770595200000,700,美国,Party Supplies
1776162985626,亚马逊,B0CQM5L5PR,https://m.media-amazon.com/images/I/41xFHiyd5CL._AC_US200_.jpg,"HO-EF 8.5"" Bunny Stuffed Animal, 2 Sitting Bunny with Flappy Ears Plush Bunny Cute Stuffed Rabbit Plush Toy, Companion Easter Gift for Boys Girls Babies Kids (Pink+Grey)",https://www.amazon.com/dp/B0CQM5L5PR?th=1,1770595200000,700,美国,填充的动物
1776162985626,亚马逊,B0CQM4LXLQ,https://m.media-amazon.com/images/I/41SZC8NH1-S._AC_US200_.jpg,"HO-EF Bunny Rabbit Easter Stuffed Animal, 8.5"" Plush Bunny with Floppy Ears, Machine Washable& Softness, Rabbit Plush Toys for Girls Boys Kids Babies Great Easter Birthday Gifts Decorations, Pink",https://www.amazon.com/dp/B0CQM4LXLQ?th=1,1770595200000,700,美国,填充的动物
1776162985626,亚马逊,B0CQM3N2H2,https://m.media-amazon.com/images/I/71+u9sDhnWL._AC_US200_.jpg,"HO-EF Easter Bunny Stuffed Animal, 8.5"" Bunny Plush with Floppy Ears, Machine Washable& Softness, Cute Bunny Rabbit Plush Toys for Girls Boys Kids Babies Easter Birthday Gifts Decoration, Gray",https://www.amazon.com/dp/B0CQM3N2H2?th=1,1770595200000,2000,美国,填充的动物
1776162985626,亚马逊,B0FM4DHHS8,https://m.media-amazon.com/images/I/71ZBNhVHu0L._AC_US200_.jpg,"Prefilled Easter Eggs with Squishy Toys - 24 Pack Filled Easter Basket Stuffers Party Favors, Slow Rising Stress Reliever Toys Fillers for Easter Eggs Hunt",https://www.amazon.com/dp/B0FM4DHHS8?th=1,1770595200000,1000,美国,Novelty & Gag Toys
1776162985626,亚马逊,B0GLNV9L87,https://m.media-amazon.com/images/I/91lfYq+0SWL._AC_US200_.jpg,"KOJEFCV 4 PCS Diamond Art Painting Kits for Kids,Cartoon Diamond Art for Kids Ages 4-8-12,Cartoon Gem Kit Crafts Beginners for Gift Home Wall Decor(6x6inch)",https://www.amazon.com/dp/B0GLNV9L87?th=1,1770595200000,600,美国,艺术
1776162985626,亚马逊,B0GDX5Q3WQ,https://m.media-amazon.com/images/I/510LZ1w-z2L._AC_US200_.jpg,"4 Sets Easter Reusable Sticker Books for Kids 2-4, Activities Books for Toddlers 1-3, Arts and Crafts Removable Jelly Stickers for Girls Boys, Travel Toys Holiday Gifts Easter Basket Stuffers",https://www.amazon.com/dp/B0GDX5Q3WQ?th=1,1770595200000,1000,美国,艺术
1776162985626,亚马逊,B0G4VQQ2FN,https://m.media-amazon.com/images/I/511hlu1sFLL._AC_US200_.jpg,"50 Pcs Golden Easter Eggs Plastic, 2.3"" Fillable Shiny Gold Metallic Plastic Easter Eggs Empty for Easter Hunt,Party Favor,Basket Stuffers Fillers,Classroom Prize",https://www.amazon.com/dp/B0G4VQQ2FN?th=1,1770595200000,200,美国,Party Supplies
1776162985626,亚马逊,B0GFCVGHXY,https://m.media-amazon.com/images/I/810M+S9VX3L._AC_US200_.jpg,"VOMAOK 24 Pack Easter Eggs with Toy Inside,Includes Coil Springs,Squishies,Sticky Hands,Stretchy Strings for Easter Basket Stuffers,Party Favors,Egg Hunts",https://www.amazon.com/dp/B0GFCVGHXY?th=1,1770595200000,1000,美国,Party Supplies
1776162985626,亚马逊,B0GF1J3CLP,https://m.media-amazon.com/images/I/81krmZH-PAL._AC_US200_.jpg,"VOMAOK 24Pack Easter Eggs with Stretchy Strings Toy Inside,Prefilled Easter Eggs for Boys Girls Kids, Easter Basket Stuffers,Party Favors,Egg Hunts",https://www.amazon.com/dp/B0GF1J3CLP?th=1,1770595200000,1000,美国,Party Supplies
1776162985626,亚马逊,B0G6Z1JRTX,https://m.media-amazon.com/images/I/51DJ7rMXNzL._AC_US200_.jpg,"Seifar 12 Pack Easter Eggs Prefilled Egg Set, Plastic Eggs Filled with Flashing Bunny Puffer Balls, Easter Hunt Basket Stuffers with Stress Relief Fidget Toys Squeeze Ball for Egg Hunt Party Favor",https://www.amazon.com/dp/B0G6Z1JRTX?th=1,1770595200000,300,美国,Novelty & Gag Toys
1776162985626,亚马逊,B0GJSL21FP,https://m.media-amazon.com/images/I/817ETt1fxgL._AC_US200_.jpg,"Highland Cow Stuffed Animals, Microwavable & Weighted Stuffed Animal, Highland Cow Plush for Warmth Comfort, Heatable Coolable Lavender Scent Toy, Cute Soft Plushies Gifts for Kids Boy Girl and Adults",https://www.amazon.com/dp/B0GJSL21FP?th=1,1770595200000,300,美国,填充的动物
1776162985626,亚马逊,B0GDQPTSFP,https://m.media-amazon.com/images/I/51yAH2qlltL._AC_US200_.jpg,"6 Pack Easter Eggs Bunny Carrot Squeeze Squishy Stress Balls, Easter Egg Hunt Easter Basket Stuffers Party Favors Gifts",https://www.amazon.com/dp/B0GDQPTSFP?th=1,1770595200000,1000,美国,Novelty & Gag Toys
1776162985626,亚马逊,B0G723LB2L,https://m.media-amazon.com/images/I/51cNOuMEiwL._AC_US200_.jpg,"30 Pcs Bulk Bunny Mini Pop for Adult and Kids,Small Rabbit Easter Rabbit Party Favors and Classroom Student Gifts",https://www.amazon.com/dp/B0G723LB2L?th=1,1770595200000,200,美国,Novelty & Gag Toys
1776162985626,亚马逊,B0G9XN8W2Z,https://m.media-amazon.com/images/I/812qrhaPLWL._AC_US200_.jpg,12 Pack Easter Eggs with 3D Printed Axolotl Toys Easter Egg Fillers for Basket Stuffers Basket Essentials Egg Hunt Easter Gifts for Boys Girls,https://www.amazon.com/dp/B0G9XN8W2Z?th=1,1770595200000,600,美国,Party Supplies
1776162985626,亚马逊,B0G9V3Q5RN,https://m.media-amazon.com/images/I/81q+5Iu+06L._AC_US200_.jpg,12 Pack Easter Eggs with 3D Printed Toys Easter Egg Fillers Mini Animal Fidget Figures for Basket Stuffers Basket Essentials Egg Hunt Easter Gifts for Boys Girls,https://www.amazon.com/dp/B0G9V3Q5RN?th=1,1770595200000,400,美国,Party Supplies
1776162985626,亚马逊,B0GBWPL26S,https://m.media-amazon.com/images/I/61RYGHoQLrL._AC_US200_.jpg,"FOIMAS Easter Wind Up Toys,6 Pack Plush Bunny Chick Jumping Toy for Kids Easter Basket Stuffers Party Favor Supply",https://www.amazon.com/dp/B0GBWPL26S?th=1,1770595200000,200,美国,新颖性
1776162985626,亚马逊,B0GGYKZRQG,https://m.media-amazon.com/images/I/71AyXLFqmOL._AC_US200_.jpg,"2026 American Mahjong Tile Set, 160 Pink Engraved Melamine Mahjong Tiles with Mahjong Tiles Bag and Mahjong Accessories",https://www.amazon.com/dp/B0GGYKZRQG?th=1,1770595200000,400,美国,游戏
1776162985626,亚马逊,B0GJZZCDPN,https://m.media-amazon.com/images/I/81GQ4FLIegL._AC_US200_.jpg,"Cartoon spidey-themed birthday party supplies. These decorations include ""Happy Birthday"" banners, tableware, tablecloths, balloons, large and small skewers, and party-themed decoration sets.",https://www.amazon.com/dp/B0GJZZCDPN?th=1,1770595200000,600,美国,Party Supplies
1776162985626,亚马逊,B0GF148Y6Y,https://m.media-amazon.com/images/I/514y0P+pEFL._AC_US200_.jpg,"18PCS 3D Printed Snake Toy, Easter Basket Stuffers Mini Mystery Crystal Egg Fidget Toy, 3D Printed Animals Unique Easter Basket Essentials for Kids,Party Favors for Kids 8-12 (18PCS-A)",https://www.amazon.com/dp/B0GF148Y6Y?th=1,1770595200000,200,美国,玩具图
1776162985626,亚马逊,B0G7TCFR5B,https://m.media-amazon.com/images/I/81b1a3sKq9L._AC_US200_.jpg,"Bubble Guns for Toddlers,2 Pack Rabbit Bubble Machine,Easter Basket Stuffers for Kids,Bubble Blower with 10 Bubble Solutions,Outdoor Bubble Toy Easter Gift for Age 3 4 5 6 7 8 Years Old Boys Girls",https://www.amazon.com/dp/B0G7TCFR5B?th=1,1770595200000,2000,美国,体育
1776162985626,亚马逊,B0GCNX1GJ9,https://m.media-amazon.com/images/I/41KfvLrp-1L._AC_US200_.jpg,"Biubee Pink Gardening Tools Set for Girls - Sturdy Kids Watering Can Toy Set with Metal Shovel Hand Rake Kids Gloves, Toddler Gardening Kit Garden Toys for Outdoor Beach Sand Toy Gift",https://www.amazon.com/dp/B0GCNX1GJ9?th=1,1770595200000,200,美国,体育
1776162985626,亚马逊,B0G72MVR7K,https://m.media-amazon.com/images/I/91p2am1r9+L._AC_US200_.jpg,X-Protector Hello Spring! Giant Coloring Poster 75x30 in - Large Coloring Table Cloth for Kids - Jumbo Paper Tablecloth Poster Sheet - Fun Hello Spring! Activities for Kids & Adults!,https://www.amazon.com/dp/B0G72MVR7K?th=1,1770595200000,500,美国,派对用品
1776162985626,亚马逊,B0GFD5YTB5,https://m.media-amazon.com/images/I/31K72UAB1xL._AC_US200_.jpg,"Cat Paw Ice Cube Squishy,Medium 1.98 Inch Stress Cube Squeeze Toy,Soft Slow Rebound Squishy Cube for Stress Relief,Sensory Fidget Toys for Anxiety for Kids (1, Transparent Pink cat paw)",https://www.amazon.com/dp/B0GFD5YTB5?th=1,1770595200000,300,美国,Novelty & Gag Toys
1776162985626,亚马逊,B0DY73GK7V,https://m.media-amazon.com/images/I/51VUIUUum7L._AC_US200_.jpg,"JUPITEARTH Mess Free Coloring Book, Reusable Water Painting Book with 2 Refillable Water Pens 28 Pages, Travel Airplane Road Trip Activity for Toddlers",https://www.amazon.com/dp/B0DY73GK7V?th=1,1770595200000,200,美国,艺术
1776162985626,亚马逊,B0GGHMYCK8,https://m.media-amazon.com/images/I/41sua6mZHuL._AC_US200_.jpg,"CCINEE Easter Wooden Peg Puzzles for Toddlers 1-3, 6 Pcs Matching Egg Puzzle Montessori Educational Toys for Easter Basket Stuffers Party Favors Learning Activities",https://www.amazon.com/dp/B0GGHMYCK8?th=1,1770595200000,300,美国,拼图
1776162985626,亚马逊,B0GD14FJGZ,https://m.media-amazon.com/images/I/81LNtIDhPrL._AC_US200_.jpg,"Electric Water Gun, Ultimate Battle Blaster Water Guns with Realistic Gun Muzzle Flame High Capacity Automatic Squirt Guns Summer Outdoor Beach Swimming Pool Party Toy for Adult Kids",https://www.amazon.com/dp/B0GD14FJGZ?th=1,1770595200000,600,美国,体育
1776162985626,亚马逊,B0G71Z8NMQ,https://m.media-amazon.com/images/I/71hTsRSUP+L._AC_US200_.jpg,"Plush Duck Stuffed Animal - Ultra Soft & Huggable, 14 Inch Cuddly Duck Buddy for Boys & Girls, for Birthday/Christmas/Valentine‘s Day (Yellow)",https://www.amazon.com/dp/B0G71Z8NMQ?th=1,1770595200000,300,美国,填充的动物
1776162985626,亚马逊,B0GHRB1GT2,https://m.media-amazon.com/images/I/810mL1BYFuL._AC_US200_.jpg,"25"" | 4.5 Pounds Highland Cow Weighted Stuffed Animals for Kid Adult, Microwavable Stuffed Animal Unscented, Cute Coolable Heatable Weighted Plush Warm Gifts for Christmas Birthday, Large Highland Cow",https://www.amazon.com/dp/B0GHRB1GT2?th=1,1770595200000,200,美国,填充的动物
1776162985626,亚马逊,B0GK22ZJ9J,https://m.media-amazon.com/images/I/81P4P075fQL._AC_US200_.jpg,"For Cartoon spidey themed birthday party supplies. These decorations include ""Happy Birthday"" banners, tableware, tablecloths, balloons, large and small skewers, and party-themed decoration sets.",https://www.amazon.com/dp/B0GK22ZJ9J?th=1,1770595200000,1000,美国,派对用品
1776162985626,亚马逊,B0GLFCSVWC,https://m.media-amazon.com/images/I/51gWO00sEYL._AC_US200_.jpg,"7 Inch Desk Goose Outfits,Graduation Desk Goose Costumes Accessories, Graduation Decor for Desktop Goose Statues Classroom School and Home Table,Graduation Gift",https://www.amazon.com/dp/B0GLFCSVWC?th=1,1770595200000,200,美国,娃娃
1776162985626,亚马逊,B0FNRTYN81,https://m.media-amazon.com/images/I/61zdozPkiCL._AC_US200_.jpg,ANIME HEROES - One Piece - Monkey D. Luffy Gear 5 Action Figure,https://www.amazon.com/dp/B0FNRTYN81?th=1,1770508800000,500,美国,玩具图
1776162985626,亚马逊,B0GCLL2RPK,https://m.media-amazon.com/images/I/51qiWCL9qYL._AC_US200_.jpg,"60 Pack 3 Inch Large Printed Easter Eggs Bulks, Empty Plastic Easter Eggs Fillable for Easter Egg Hunt, Easter Party Favor for Kids, Basket Stuffers Fillers",https://www.amazon.com/dp/B0GCLL2RPK?th=1,1770508800000,300,美国,Party Supplies
1776162985626,亚马逊,B0DX1QDWZF,https://m.media-amazon.com/images/I/519KqZpdTjL._AC_US200_.jpg,"100pcs Mallard Resin Ducks, Unique Mini Mallard Resin Ducks Decor, Nature Birds Lovers Duck Hunting Decoration for Ducky Birthday Party Favor Gift",https://www.amazon.com/dp/B0DX1QDWZF?th=1,1770508800000,200,美国,玩具图
1776162985626,亚马逊,B0GM8YM835,https://m.media-amazon.com/images/I/51dQ8Hq4-ML._AC_US200_.jpg,"Hot Wheels Racing Bulls Formula One Team [White] F1 2/5, 68/250, 1:64 Scale Diecast Toy Vehicle",https://www.amazon.com/dp/B0GM8YM835?th=1,1770508800000,200,美国,车辆
1776162985626,亚马逊,B0FWZKR9TX,https://m.media-amazon.com/images/I/51GDRLSlWfL._AC_US200_.jpg,"Magnetic Fraction Book & Tiles Set - 3rd Grade Math Manipulatives for Elementary Kids, Fractions Flash Cards Circles,Visual Educational Toys for Classroom Homeschool Learning (Complete All-in-One Kit)",https://www.amazon.com/dp/B0FWZKR9TX?th=1,1770508800000,300,美国,学习
1776162985626,亚马逊,B0GBW2D93P,https://m.media-amazon.com/images/I/81ypbJtPllL._AC_US200_.jpg,"BenBen Puzzles for Adults 500 Pieces, Floral Chameleon Jigsaw Puzzles with Patterns on Back, Challenging Animal Puzzle for Family Game Night, Home Décor",https://www.amazon.com/dp/B0GBW2D93P?th=1,1770508800000,800,美国,拼图
1776162985626,亚马逊,B0GLMCDQMJ,https://m.media-amazon.com/images/I/71ENzXMbSaL._AC_US200_.jpg,6 pcs Korean Idol Demon Hunters Cake Toppers Character Set of Action Figures Toys，Korean Idol Demon Hunters Mini Figurines Dolls Birthday Party Supplies Car Desktop Birthday Decorations,https://www.amazon.com/dp/B0GLMCDQMJ?th=1,1770508800000,200,美国,派对用品
1776162985626,亚马逊,B0GCMYM399,https://m.media-amazon.com/images/I/81bL1eeWIrL._AC_US200_.jpg,"VOMAOK Easter Eggs Filled with Sticky Hands – 24 Pack Pre-Filled Easter Eggs for Kids, Easter Egg Hunt,Party Favors,Basket Stuffers, Easter Gifts",https://www.amazon.com/dp/B0GCMYM399?th=1,1770508800000,2000,美国,Party Supplies
1776162985626,亚马逊,B0G7DMMMVD,https://m.media-amazon.com/images/I/81sfyT2oM+L._AC_US200_.jpg,"25 Pack Fidget Spinner for Kids Easter Basket Stuffers Mini Sensory Fidget Toys Bulk Adults Kid with Autism ADHD, Prefilled Easter Egg Fillers Anxiety Toys Stress Relief Bulk Gifts Classroom Prizes",https://www.amazon.com/dp/B0G7DMMMVD?th=1,1770508800000,600,美国,新颖性
1776162985626,亚马逊,B0GCLRF825,https://m.media-amazon.com/images/I/51XP2AyTsWL._AC_US200_.jpg,"SURCVIO 24 Pack 3 Inch Large Printed Easter Eggs Bulks, Empty Plastic Easter Eggs Fillable for Easter Egg Hunt, Easter Party Favor for Kids, Basket Stuffers Fillers",https://www.amazon.com/dp/B0GCLRF825?th=1,1770508800000,400,美国,Party Supplies
1776162985626,亚马逊,B0GCL2H3PS,https://m.media-amazon.com/images/I/81zrAxFWkmL._AC_US200_.jpg,"SURCVIO 36 Pack 3 Inch Large Printed Easter Eggs Bulks, Empty Plastic Easter Eggs Fillable for Easter Egg Hunt, Easter Party Favor for Kids, Basket Stuffers Fillers",https://www.amazon.com/dp/B0GCL2H3PS?th=1,1770508800000,500,美国,Party Supplies
1776162985626,亚马逊,B0GCZW6DT8,https://m.media-amazon.com/images/I/51nL5+HAihL._AC_US200_.jpg,"[6 Surprise Golden Eggs] 150 Pack 3 Inch Large Easter Eggs, Empty Easter Eggs Fillable, Bright Colors Plastic Eggs Bulks for Easter Hunt, Easter Party Favor, Basket Stuffers Fillers",https://www.amazon.com/dp/B0GCZW6DT8?th=1,1770508800000,200,美国,Party Supplies
1776162985626,亚马逊,B0GDWF2ZYP,https://m.media-amazon.com/images/I/71mMsJJI0vL._AC_US200_.jpg,"12 Pcs Prefilled Easter Eggs with Toys-Construction Engineering Vehicles, Bright Plastic Easter Eggs Filled with Cars, Easters Basket Stuffers, Party Favors for Kids, Boys Goodie Bags",https://www.amazon.com/dp/B0GDWF2ZYP?th=1,1770508800000,200,美国,Party Supplies
1776162985626,亚马逊,B0DV5R1SZ9,https://m.media-amazon.com/images/I/81Sv2NzoYCL._AC_US200_.jpg,"KissFree 200PCS Easter Egg Fillers, Easter Basket Stuffers for Kids - Assorted Easter Toys for Egg Stuffers, Egg Hunt Prizes",https://www.amazon.com/dp/B0DV5R1SZ9?th=1,1770508800000,900,美国,Party Supplies
1776162985626,亚马逊,B0GCZV75R9,https://m.media-amazon.com/images/I/81d4Tc4ZK8L._AC_US200_.jpg,"[ 6 Surprise Golden Eggs ] 100 Pack Prefilled Easter Eggs with Assorted Toys Inside, Pre-filled Easter Egg Hunt Stuffed, 100 Plastic Easter Eggs Fillers with Toys, Easter Basket Stuffers",https://www.amazon.com/dp/B0GCZV75R9?th=1,1770508800000,600,美国,Party Supplies
1776162985626,亚马逊,B0GFL2SMFN,https://m.media-amazon.com/images/I/81qSSh4CqvL._AC_US200_.jpg,"Easter Stickers for Kids, Easter Basket Stuffers Gifts for Kids, 24 Sheets DIY Happy Easter Make A Face Stickers Crafts with Eggs Themed Game Toys Classroom Activities Party Favor Supplies Decorations",https://www.amazon.com/dp/B0GFL2SMFN?th=1,1770508800000,1000,美国,艺术
1776162985626,亚马逊,B0FP17SH87,https://m.media-amazon.com/images/I/71504xWIVxL._AC_US200_.jpg,"Easter Basket Stuffers for Teens Kids, Easter Gifts Crochet Lamb Stuffed Animal, Jesus Christian Non Candy Egg Filler Toy for Boys & Girls 8-12, 6-8, Tweens 10-12 Year Old",https://www.amazon.com/dp/B0FP17SH87?th=1,1770508800000,600,美国,填充的动物
1776162985626,亚马逊,B0GDT6MSC7,https://m.media-amazon.com/images/I/81gKXrc6xOL._AC_US200_.jpg,"32PCS 3D Printed Snake Toy, Easter Basket Stuffers Mini Mystery Crystal Egg Fidget Toy, 3D Printed Animals Unique Easter Basket Essentials for Kids,Party Favors for Kids 8-12 (32PCS)",https://www.amazon.com/dp/B0GDT6MSC7?th=1,1770508800000,700,美国,玩具图
1776162985626,亚马逊,B0GC411CZ6,https://m.media-amazon.com/images/I/91dwo+1REtL._AC_US200_.jpg,Blue Hydrangea 232 Pcs Cartoon Story Theme Birthday Party Favors Decorations Supplies for Kids Goodie Bag Stuffer Pinata Filler,https://www.amazon.com/dp/B0GC411CZ6?th=1,1770508800000,300,美国,Party Supplies
1776162985626,亚马逊,B0G1YG28ZJ,https://m.media-amazon.com/images/I/71gv-8bn2NL._AC_US200_.jpg,"72pcs Tropical Balloons Set, Latex Balloons with 12inch Hot Pink Orange Teal Yellow Green Gold Metallic Confetti Balloons for Summer Hawaiian Aloha Luau Pool Birthday Baby Shower Party Decorations",https://www.amazon.com/dp/B0G1YG28ZJ?th=1,1770508800000,200,美国,派对用品
1776162985626,亚马逊,B0GM99LYK1,https://m.media-amazon.com/images/I/517vd6bF4YL._AC_US200_.jpg,"Hot Wheels Ferrari 12CILINDRI [Red] 4/5, 94/250, New for 2026! 1:64 Scale Diecast Toy Vehicle",https://www.amazon.com/dp/B0GM99LYK1?th=1,1770508800000,400,美国,车辆
1776162985626,亚马逊,B0G52NRGLN,https://m.media-amazon.com/images/I/41Kaz8mcvHL._AC_US200_.jpg,"Bunby Realistic Rabbit Toy,Interactive Hopping Bunny Toy,Realistic Bunny Can Walk and Talk,Lifelike Movements,Hops,Twitches & Wiggles Ears,Handmade,Bunny Toys for Kids(White)",https://www.amazon.com/dp/B0G52NRGLN?th=1,1770508800000,200,美国,填充的动物
1776162985626,亚马逊,B0GCLZTD9Y,https://m.media-amazon.com/images/I/51jmfIx5yRL._AC_US200_.jpg,"14 PCS Easter Bunny Figurines, Realistic Rabbit Animal Figures Toys for Kids, Cake Toppers, Easter Egg Fillers, Party Favors, Easter Decorations, Spring Decorations for Home",https://www.amazon.com/dp/B0GCLZTD9Y?th=1,1770508800000,300,美国,玩具图
1776162987650,亚马逊,B0GDY9SZ8M,https://m.media-amazon.com/images/I/61MBdw-lYYL._AC_US200_.jpg,"170PCS Easter Basket Stuffers for Boys Girls 24 Pack Stationery Set, Assorted Easter Gifts for Kids Pencils Rulers Erasers Notebooks Stickers Gift Bags Party Favors Treat Bags",https://www.amazon.com/dp/B0GDY9SZ8M?th=1,1770508800000,300,美国,Party Supplies
1776162987650,亚马逊,B0GL86FNP1,https://m.media-amazon.com/images/I/71ZjXGBn1LL._AC_US200_.jpg,"XDXM Dinosaur Egg Hatching Toy 3 Pack - Drop to Hatching Explosion Kit! Smash Open Thick Plastic Eggs for Easter, Christmas & Egg Hunts. Ultimate Party Favors, Classroom Prizes for Kids 3-10.",https://www.amazon.com/dp/B0GL86FNP1?th=1,1770508800000,800,美国,玩具图
1776162987650,亚马逊,B0GJZTFX7R,https://m.media-amazon.com/images/I/817wDvr9AUL._AC_US200_.jpg,"Rechargeable Water Table Pump(Huge Water Output),Kids Sand Water Play Pump,whale-shaped design, 3 Spray Modes, IPX7 Waterproof,Outdoor Toddler Activity Table Accessory",https://www.amazon.com/dp/B0GJZTFX7R?th=1,1770508800000,300,美国,运动与户外游戏
1776162987650,亚马逊,B0GKYSJPB7,https://m.media-amazon.com/images/I/81A2Zr6dVZL._AC_US200_.jpg,"USA 250th Anniversary Challenge Coins Commemorative Coin, American Eagle Patriotic Design, America Merchandise 250 Collectible 250 Anniversary Coin (WW)",https://www.amazon.com/dp/B0GKYSJPB7?th=1,1770508800000,300,美国,新颖性
1776162987650,亚马逊,B0FH26N34B,https://m.media-amazon.com/images/I/81OYTR+DhmL._AC_US200_.jpg,"Barbie Hair Accessories Set for Girls, Hair Clips, Bows, Scrunchies, Hair Ties Set, Great for Birthday and Holiday Gifts, Party Favors, Sleepovers, Spa Days, & Makeovers, by Townley Girl",https://www.amazon.com/dp/B0FH26N34B?th=1,1770422400000,500,美国,娃娃
1776162987650,亚马逊,B0FPTYHMKJ,https://m.media-amazon.com/images/I/51qn1fKkA+L._AC_US200_.jpg,Aesthetic Wooden Animal Magnets for Kids (Ages 2+) – Montessori-Inspired Fridge Magnets for Toddlers with Realistic Watercolor Animals – 19 Neutral Pieces,https://www.amazon.com/dp/B0FPTYHMKJ?th=1,1770422400000,200,美国,新颖性
1776162987650,亚马逊,B0G8HW4PLV,https://m.media-amazon.com/images/I/51kZ+yQBQiL._AC_US200_.jpg,"24 Pack Easter Stress Balls, Easter Mini Eggs Squeeze Balls Squishy Fidget Toys for Easter Basket Stuffers Easter Egg Fillers Party Favor Gifts",https://www.amazon.com/dp/B0G8HW4PLV?th=1,1770422400000,1000,美国,Novelty & Gag Toys
1776162987650,亚马逊,B0GK34F7TJ,https://m.media-amazon.com/images/I/81Ivw3OCDRL._AC_US200_.jpg,"National Geographic Glow in The Dark Dig Kit - Excavate 6 Glow in The Dark Rocks & Dinosaurs from a Glowing Brick, Rock Collection, Science Kits for Kids, Rock Kit for Kids, STEM Kits, Dinosaur Toys",https://www.amazon.com/dp/B0GK34F7TJ?th=1,1770422400000,200,美国,学习
1776162987650,亚马逊,B0GDYFDNWW,https://m.media-amazon.com/images/I/71Byz5P5PkL._AC_US200_.jpg,"12 Pack Easter Squeeze Toys Slow Rising Squishy Toy for Kids Girls Boys, Easter Egg Hunt Supplies, Easter Basket Stuffers Party Favors Gifts",https://www.amazon.com/dp/B0GDYFDNWW?th=1,1770422400000,1000,美国,Novelty & Gag Toys
1776162987650,亚马逊,B0GK2HYLTY,https://m.media-amazon.com/images/I/61greQ8-ajL._AC_US200_.jpg,"Stonemaier Games: Wingspan Americas Expansion by Elizabeth Hargrave | Add to Wingspan | Includes Small Hummingbird Cards with New Mechanism, 111 Unique New Colorful Birds, & More | 1-5 Players, 90 Min",https://www.amazon.com/dp/B0GK2HYLTY?th=1,1770422400000,1000,美国,游戏
1776162987650,亚马逊,B0GDXD5BZT,https://m.media-amazon.com/images/I/71z1AjTOCBL._AC_US200_.jpg,"Wooden Puzzles for Toddlers 1-3 – Dinosaur Matching Egg Peg Puzzle, Montessori Sensory Toys for Boys & Girls, Early Learning Educational Toy",https://www.amazon.com/dp/B0GDXD5BZT?th=1,1770422400000,400,美国,拼图
1776162987650,亚马逊,B0GCZWLWP7,https://m.media-amazon.com/images/I/71cQTI+5iVL._AC_US200_.jpg,"N11 PRO GPS Drone with Camera for Adults 4K UHD, 90 Min Long Flight Time, Long Control Range, Auto Return, Follow Me, Brushless Motor, 5G FPV RC Quadcopter for Beginners",https://www.amazon.com/dp/B0GCZWLWP7?th=1,1770422400000,400,美国,遥控
1776162987650,亚马逊,B0GKG8C7KS,https://m.media-amazon.com/images/I/51M6TGAEu4L._AC_US200_.jpg,"12 Pack 3D Printed Dragon Eggs with Dragons Inside, Articulated Crystal Dragons, Dark Series 12-Color Fixed Set (Aurora Speckle/Solid Silk/Gradients), Gift Box, Easter Basket Stuffers, Ages 8+",https://www.amazon.com/dp/B0GKG8C7KS?th=1,1770422400000,200,美国,玩具图
1776162987650,亚马逊,B0G4R6QPSD,https://m.media-amazon.com/images/I/514Bioo77eL._AC_US200_.jpg,"AuroTops 24 Pack Prefilled Easter Eggs with Toys,Plastic Easter Eggs Filled Dinosaur Squeeze Toys for Kids Gifts,Easter Basket Stuffers,Easter Egg Hunt,Easter Party Favors,Classroom Prizes Bulk",https://www.amazon.com/dp/B0G4R6QPSD?th=1,1770422400000,400,美国,Party Supplies
1776162987650,亚马逊,B0G5K9B9DX,https://m.media-amazon.com/images/I/81cpH+o4z2L._AC_US200_.jpg,"300 Pcs Bulk Easter Eggs Fillers Toys for Kids, Easter Goodie Bag Stuffers Party Favors, Easter Basket Fillers for Boys Girls Hunt Prizes Classroom Gifts",https://www.amazon.com/dp/B0G5K9B9DX?th=1,1770422400000,600,美国,Party Supplies
1776162987650,亚马逊,B0GFPZTTGS,https://m.media-amazon.com/images/I/41Uby2NAPqL._AC_US200_.jpg,"Disney Store Official 2026 Stitch Easter Plush - 13"" Disney Plushy in Easter Bunny Costume with Floppy Ears, Satin Bowtie, Floral Print Tummy, and Embroidered Logo",https://www.amazon.com/dp/B0GFPZTTGS?th=1,1770422400000,1000,美国,填充的动物
1776162987650,亚马逊,B0GCMKFV6N,https://m.media-amazon.com/images/I/81d0Mbn+v2L._AC_US200_.jpg,"SURCVIO 48 Pack 3 Inch Large Printed Easter Eggs Bulks, Empty Plastic Easter Eggs Fillable for Easter Egg Hunt, Easter Party Favor for Kids, Basket Stuffers Fillers",https://www.amazon.com/dp/B0GCMKFV6N?th=1,1770422400000,300,美国,Party Supplies
1776162987650,亚马逊,B0FJ9XQ9HS,https://m.media-amazon.com/images/I/41m7wVtDX-L._AC_US200_.jpg,Squish-a-longs Hello Kitty and Friends Sakura Spring Mini-Squish + Accessory 6-Pack,https://www.amazon.com/dp/B0FJ9XQ9HS?th=1,1770422400000,300,美国,Novelty & Gag Toys
1776162987650,亚马逊,B0G6Z9DFWC,https://m.media-amazon.com/images/I/61r6dxgf8QL._AC_US200_.jpg,"Amy & Benton 200 Pcs Prefilled Easter Egg Toys Set Include 100 Pastel Color Plastic Eggs Filled with 100 Novelty Toys and Stickers, Pre Filled Easter Eggs Party Favors & Easter Egg Hunt for Kids",https://www.amazon.com/dp/B0G6Z9DFWC?th=1,1770422400000,400,美国,Party Supplies
1776162987650,亚马逊,B0G6YL8Z32,https://m.media-amazon.com/images/I/41RWqsisrPL._AC_US200_.jpg,"Fidget Toys, 4PCS Squishy Stress Cubes for Anxiety Stress Relief, Dinosaur Glow in The Dark Sensory Toys for Adults Kids, High Density Squeeze Ice Cubes Balls.",https://www.amazon.com/dp/B0G6YL8Z32?th=1,1770422400000,200,美国,Novelty & Gag Toys
1776162987650,亚马逊,B0GCZYCBQV,https://m.media-amazon.com/images/I/51sVoKplKeL._AC_US200_.jpg,"[6 Surprise Golden Eggs] 200 Pack 2.3 Inch Plastic Easter Eggs, Empty Easter Eggs Fillable, Bright Colors Plastic Eggs Bulks for Easter Hunt, Easter Party Favor, Basket Stuffers Fillers",https://www.amazon.com/dp/B0GCZYCBQV?th=1,1770422400000,300,美国,Party Supplies
1776162987650,亚马逊,B0GD13S1NG,https://m.media-amazon.com/images/I/51W37q9bdnL._AC_US200_.jpg,"[ 6 Surprise Golden Eggs ] 100 Pack Prefilled Easter Eggs with Assorted Toys Inside, 100 Plastic Easter Eggs Fillers with Toys, Pre-filled Easter Egg Hunt Stuffed, Easter Basket Stuffers",https://www.amazon.com/dp/B0GD13S1NG?th=1,1770422400000,400,美国,Party Supplies
1776162987650,亚马逊,B0G5DJ7WGC,https://m.media-amazon.com/images/I/41S17OybuBL._AC_US200_.jpg,"Puzzles for Adults 1000 Pieces, Rabbit Jigsaw with Poster Letter on Back, Unique Pieces Fit Well No Dust (27.5""x19.6"")",https://www.amazon.com/dp/B0G5DJ7WGC?th=1,1770422400000,200,美国,拼图
1776162987650,亚马逊,B0FVWM19PR,https://m.media-amazon.com/images/I/71ya5aqAP4L._AC_US200_.jpg,"AuroTops 61 Pcs Plastic Easter Eggs Bulk,2.3"" 60 Colorful Empty Easter Eggs Fillable Plus 1 Golden Egg,Easter Basket Stuffers,Easter Decoration,Easter Egg Hunt,Easter Party Favor,Classroom Prizes",https://www.amazon.com/dp/B0FVWM19PR?th=1,1770422400000,1000,美国,Party Supplies
1776162987650,亚马逊,B0GFPL5G1Z,https://m.media-amazon.com/images/I/5119QRv1gIL._AC_US200_.jpg,"Teenage Mutant Ninja Turtles® Aqua Art, Great Kids Ninja Turtles Toys, TMNT Mess Free Coloring for Toddlers Paint with Water Books for Kids, Toddler Car Activities & Travel Toys, Water Painting Book",https://www.amazon.com/dp/B0GFPL5G1Z?th=1,1770422400000,1000,美国,艺术
1776162987650,亚马逊,B0GH1DWHZ1,https://m.media-amazon.com/images/I/51BmxTTEbZL._AC_US200_.jpg,"24PCS Easter Egg Fillers Squishy Toys for Classroom, Easter Basket Stuffers for Kids, Classroom Party Favors for Boys and Girls, Funny Stress Relief Toys",https://www.amazon.com/dp/B0GH1DWHZ1?th=1,1770422400000,300,美国,Party Supplies
1776162987650,亚马逊,B0GL6H7PXL,https://m.media-amazon.com/images/I/51E+Cji+MvL._AC_US200_.jpg,"Semiquincentennial Quarters 2026 P & D, Mayflower 2 Coins Set",https://www.amazon.com/dp/B0GL6H7PXL?th=1,1770422400000,200,美国,新颖性
1776162987650,亚马逊,B0FG77SLZH,https://m.media-amazon.com/images/I/51AtbbnkBRL._AC_US200_.jpg,HOHQB Inflatable Alligator Pool Toys Realistic Blow up Alligator Deco Animal Reptile Party Decoration Props and Gator Pool Floats Kids Jungle Party Decorations,https://www.amazon.com/dp/B0FG77SLZH?th=1,1770422400000,200,美国,体育
1776162987650,亚马逊,B0G6JR84MP,https://m.media-amazon.com/images/I/619LWC0RskL._AC_US200_.jpg,"100pcs Prefilled Easter Eggs with Toys, Easter Basket Stuffers Bulk Easter Eggs Filled for Kids, Pre Filled Easter Eggs for Easter Egg Hunt Party Favors Classroom Prize for Kids Toddler Boys Girls",https://www.amazon.com/dp/B0G6JR84MP?th=1,1770422400000,200,美国,Party Supplies
1776162987650,亚马逊,B0GD5K4YQH,https://m.media-amazon.com/images/I/51UWC+8smBL._AC_US200_.jpg,"48 Pack Easter Basket Fillers Set for Kids– 24 Fillable Plastic Eggs，24 Space Astronaut Finger Lights, Light Up Easter Rings, Easter Basket Stuffers Bulk, Non-Candy Party Favor Bundle for Boys Girls",https://www.amazon.com/dp/B0GD5K4YQH?th=1,1770422400000,200,美国,Party Supplies
1776162987650,亚马逊,B0FKKCJF77,https://m.media-amazon.com/images/I/8154jdN82fL._AC_US200_.jpg,ArtCreativity Monster Truck Toys 3 Pack with Motion Activated Light up Wheels Friction Powered Push and Go Vehicles for Boys Age 3-8 Realistic 4x4 Monster Trucks for Easter Basket Birthday Gifts,https://www.amazon.com/dp/B0FKKCJF77?th=1,1770422400000,1000,美国,车辆
1776162987650,亚马逊,B0GJYWX67R,https://m.media-amazon.com/images/I/91vxuUhj8WL._AC_US200_.jpg,"82 PCS Demon Slayer Stickers for Gifts, Waterproof Sticker for Phone, Laptop, Water Bottles, Hydro Flask, Stickers for Kids, Toddlers, Vinyl",https://www.amazon.com/dp/B0GJYWX67R?th=1,1770422400000,500,美国,艺术
1776162987650,亚马逊,B0GFP79MKX,https://m.media-amazon.com/images/I/51aabMnFQzL._AC_US200_.jpg,"Fidgiwear Squishy Beads – Dreamy Blue Theme, Create Fashionable Fidget Jewelry with Scented Squishy Beads for Jewelry Making, Toddler Sensory Bracelet Making Kit for Ages 3+",https://www.amazon.com/dp/B0GFP79MKX?th=1,1770422400000,200,美国,艺术
1776162987650,亚马逊,B0GFPSDX65,https://m.media-amazon.com/images/I/81-p7g9PwmL._AC_US200_.jpg,"Fidgiwear Squishy Beads – Pink Sweety Theme, Create Fashionable Fidget Jewelry with Scented Squishy Beads for Jewelry Making, Toddler Sensory Bracelet Making Kit for Ages 3+",https://www.amazon.com/dp/B0GFPSDX65?th=1,1770422400000,200,美国,艺术
1776162987650,亚马逊,B0GKPB2FNT,https://m.media-amazon.com/images/I/41KY-3iq+hL._AC_US200_.jpg,"KOSIMI PlayBook'd - Hangman Game Magnetic Cowboy, Vocabulary Words Spelling Challenge Table Game, Hangman Challenge Game,Portable Books Design Board Game",https://www.amazon.com/dp/B0GKPB2FNT?th=1,1770422400000,200,美国,游戏
1776162987650,亚马逊,B0GDXVY9N9,https://m.media-amazon.com/images/I/512HlZGeFIL._AC_US200_.jpg,"Easter Wooden Puzzles for Toddlers 1-3, Dinosaur Egg Sorting & Matching Peg Puzzle, Preschool Montessori Educational Toys for 1 2 3 Year Old Boys Girls, Easter Basket Stuffers Gifts Party Favors",https://www.amazon.com/dp/B0GDXVY9N9?th=1,1770422400000,200,美国,拼图
1776162987650,亚马逊,B0G4QPZNKP,https://m.media-amazon.com/images/I/51S7-OzLKeL._AC_US200_.jpg,"AuroTops 8 Pack Prefilled Easter Eggs with Toys,Easter Eggs Filled Big Popping Eyes Animals Toys for Kids Squeeze Toys,Easter Basket Stuffers,Easter Egg Hunt,Easter Party Favors,Classroom Prizes Bulk",https://www.amazon.com/dp/B0G4QPZNKP?th=1,1770422400000,400,美国,Party Supplies
1776162987650,亚马逊,B0GFLG7FNP,https://m.media-amazon.com/images/I/51vGv7sTxgL._AC_US200_.jpg,"Niulife 24Pack Prefilled Easter Egg Fillers with Plush Toys, Colorful Easter Eggs Fillers Plush Toy for Kids Toddlers Teens Boys Girls Easter Basket Stuffers Party Favors & Egg Hunt Surprises (Bunny)",https://www.amazon.com/dp/B0GFLG7FNP?th=1,1770422400000,200,美国,填充的动物
1776162987650,亚马逊,B0GKDX5F6M,https://m.media-amazon.com/images/I/51goYVhnKLL._AC_US200_.jpg,"50pcs Cute Moster Stickers for Adult Water Bottle, Cool Cartoon Waterproof Vinyl Decal for Teen Kids Laptop Skateboard Phone Guitar Travel Case Bike Helmet",https://www.amazon.com/dp/B0GKDX5F6M?th=1,1770422400000,400,美国,艺术
1776162987650,亚马逊,B0GKFCL969,https://m.media-amazon.com/images/I/51KFY4SdR8L._AC_US200_.jpg,"Spy & Stick - A Sticker I Spy Book - Animals (12 Habitats, 350 Stickers, 12 Fact Pages) Kids Games, Seek and Find, Crafts Activity, Animal Lover Gift, Travel Essential, Ages 5+",https://www.amazon.com/dp/B0GKFCL969?th=1,1770422400000,200,美国,艺术
1776162987650,亚马逊,B0G93MNNW1,https://m.media-amazon.com/images/I/61rD-CmPFdL._AC_US200_.jpg,ANGOLIO Easter Christian Coloring Poster Cards for Kids - 32Pcs He Is Risen Religious Activity Pages with Jesus Cross Egg Bunny Sunday School Crafts Church Class Party Favors Supplies - 5.9x8.3 Inches,https://www.amazon.com/dp/B0G93MNNW1?th=1,1770422400000,200,美国,艺术
1776162987650,亚马逊,B0FJHDLRXN,https://m.media-amazon.com/images/I/81XDLZ08kPL._AC_US200_.jpg,Squishmallows Original Micromallows Bouquet (Amazon Exclusive),https://www.amazon.com/dp/B0FJHDLRXN?th=1,1770422400000,400,美国,填充的动物
1776162987650,亚马逊,B0GJYW2K8X,https://m.media-amazon.com/images/I/81EcezgmvxL._AC_US200_.jpg,"100 PCS Cute Cartoon Stickers for Gifts, Waterproof Sticker for Phone, Laptop, Water Bottles, Hydro Flask, Stickers for",https://www.amazon.com/dp/B0GJYW2K8X?th=1,1770422400000,1000,美国,艺术
1776162987650,亚马逊,B0G9RXHHVQ,https://m.media-amazon.com/images/I/31DuEB8RtqL._AC_US200_.jpg,"Vizela Bunby Realistic Rabbit Toy,Easter Realistic Rabbit Toys,Realistic Bunny Can Walk and Talk,Interactive Plush Bunny,Hops,Twitches & Wiggles Ears,Lifelike Movements,Easter Gift(White)",https://www.amazon.com/dp/B0G9RXHHVQ?th=1,1770422400000,600,美国,填充的动物
1776162987650,亚马逊,B0G9S7LHS1,https://m.media-amazon.com/images/I/61VqGkX2dVL._AC_US200_.jpg,"Vizela Bunby Realistic Rabbit Toy,Easter Realistic Rabbit Toys,Realistic Bunny Can Walk and Talk,7'' Interactive Plush Bunny,Hops,Twitches & Wiggles Ears,Lifelike Movements,Easter Gift(Pink)",https://www.amazon.com/dp/B0G9S7LHS1?th=1,1770422400000,500,美国,填充的动物
1776162987650,亚马逊,B0G9Q8XLKB,https://m.media-amazon.com/images/I/61zF0oe6YPL._AC_US200_.jpg,"Vizela Bunby Realistic Rabbit Toy,Easter Realistic Rabbit Toys,Realistic Bunny Can Walk and Talk,7'' Interactive Plush Bunny,Hops,Twitches & Wiggles Ears,Lifelike Movements,Easter Gift(Brown)",https://www.amazon.com/dp/B0G9Q8XLKB?th=1,1770422400000,1000,美国,填充的动物
1776162987650,亚马逊,B0G38FZVWT,https://m.media-amazon.com/images/I/51-xpGhjIQL._AC_US200_.jpg,"DMIGHT Party Favors for Kids 6PCS Large Animal Squishy Toys, Stress Balls Goodie Bag Stuffers, Pinata Stuffers,Birthday Gifts for Boys & Girls,Treasure Chest Prizes,Classroom Prizes for Kids",https://www.amazon.com/dp/B0G38FZVWT?th=1,1770422400000,600,美国,Party Supplies
1776162987650,亚马逊,B0G6WZFMHY,https://m.media-amazon.com/images/I/71AZZuB-0yL._AC_US200_.jpg,"Magnet Chess Game Magnet Game with String, Puzzle Strategy Games for Family Games Night & Party & Birthday & Christmas, Game Pieces, Camping Tops",https://www.amazon.com/dp/B0G6WZFMHY?th=1,1770422400000,400,美国,游戏
1776162987650,亚马逊,B0GLFCV9B9,https://m.media-amazon.com/images/I/61VpYxBVX1L._AC_US200_.jpg,"Skzoo Plush, 19.7 Inch Soft SKZ Plushie Figurine, Stray Decorative Collectible Ornament for Home Sofa Tabletop Decor (Wolf Chan)",https://www.amazon.com/dp/B0GLFCV9B9?th=1,1770422400000,200,美国,填充的动物
1776162987650,亚马逊,B0FHL28G6K,https://m.media-amazon.com/images/I/81KMHwRy3EL._AC_US200_.jpg,"Marvel Legends Maximum Series Thor, Deluxe Thor Comics Collectible 6-Inch Action Figure; Articulation for Mighty Poses; Accessories Fit for a God of Thunder",https://www.amazon.com/dp/B0FHL28G6K?th=1,1770336000000,500,美国,玩具图
1776162987650,亚马逊,B0GD2B2B5C,https://m.media-amazon.com/images/I/51Nu1Y6j-IL._AC_US200_.jpg,"12 Pack Prefilled Easter Eggs with Toys , Filled Easter Eggs for Kids Toddlers with Animal Finger Puppets for Easter Eggs Hunt, Easter Party Favor, Basket Stuffers Filler, Classroom Prize Supplies",https://www.amazon.com/dp/B0GD2B2B5C?th=1,1770336000000,600,美国,Party Supplies
1776162987650,亚马逊,B0GD7YJCKD,https://m.media-amazon.com/images/I/51fFxp57NRL._AC_US200_.jpg,"30PCS St. Patrick's Plastic Gold Coins,Fake Gold Coins for School Game,Scavenger Hunting,Party Decor",https://www.amazon.com/dp/B0GD7YJCKD?th=1,1770336000000,200,美国,新颖性
1776162987650,亚马逊,B0DSJQXH6P,https://m.media-amazon.com/images/I/41aDyvIjNGL._AC_US200_.jpg,JJI St Patrick's Day Leprechaun Trap Kit St. Patricks Day Decorations Leprechaun Trap Crafts Kit for Kids St Patricks Day Party Supplies (Activate by Touch Trap),https://www.amazon.com/dp/B0DSJQXH6P?th=1,1770336000000,500,美国,艺术
1776162987650,亚马逊,B0GH28JSW8,https://m.media-amazon.com/images/I/71Wh-R7SnJL._AC_US200_.jpg,Hello Kitty Flower Pop Bubbler,https://www.amazon.com/dp/B0GH28JSW8?th=1,1770336000000,400,美国,体育
1776162987650,亚马逊,B0GHPCGWN3,https://m.media-amazon.com/images/I/71IyJD82eeL._AC_US200_.jpg,"Games Workshop Kill Team XV26 Stealth Battlesuits Miniatures Set, T’au Empire Multipart Plastic Models for Warhammer 40,000 and Kill Team",https://www.amazon.com/dp/B0GHPCGWN3?th=1,1770336000000,200,美国,游戏
1776162987650,亚马逊,B0GKYWKFDK,https://m.media-amazon.com/images/I/71Zjke00SrL._AC_US200_.jpg,JoFAN 6 Pack Butterfly Unicorn Hatching Surprise Eggs Easter Eggs for Kids Boys Girls Easter Basket Stuffers Gifts Birthday Party Favors Fillers,https://www.amazon.com/dp/B0GKYWKFDK?th=1,1770336000000,1000,美国,玩具图
1776162987650,亚马逊,B0GLHXGN78,https://m.media-amazon.com/images/I/81Fs7i9oULL._AC_US200_.jpg,"Demon Movie Hunters Stickers,110PCS Korean Idol Anime Style Stickers for Water Bottles,Waterproof Vinyl Decal for Teen Girl Adult Laptop Skateboard Phone Case Guitar Travel Case Bike Notebook",https://www.amazon.com/dp/B0GLHXGN78?th=1,1770336000000,2000,美国,艺术
1776162987650,亚马逊,B0FK5RD6MK,https://m.media-amazon.com/images/I/61FPPXo0kVL._AC_US200_.jpg,"Squishmallows Original Clip 5-Pack (Byron, Hargrove, Maritza, Ruth, Rosie) – Official Jazwares Plush Clips (Amazon Exclusive)",https://www.amazon.com/dp/B0FK5RD6MK?th=1,1770336000000,500,美国,填充的动物
1776162987650,亚马逊,B0FGY16R77,https://m.media-amazon.com/images/I/71g9Ozf7psL._AC_US200_.jpg,"MGA's Miniverse Make It Mini Make It Mini Spring, Seasonal, Easter, Blind Pack, DIY, Crafts, Resin, Replica Food, Not Edible, Collectors, 8+",https://www.amazon.com/dp/B0FGY16R77?th=1,1770336000000,1000,美国,新颖性
1776162987650,亚马逊,B0GHPWH7ZP,https://m.media-amazon.com/images/I/81LkMNZaNNL._AC_US200_.jpg,Super Kitties Coloring Book and Sticker Set for Kids,https://www.amazon.com/dp/B0GHPWH7ZP?th=1,1770336000000,400,美国,艺术
1776162987650,亚马逊,B0GCZJMSMN,https://m.media-amazon.com/images/I/51l9w2EyaVL._AC_US200_.jpg,"24pcs Easter Egg Fillers with Brain Teaser Puzzles Toys, Easter Basket Stuffers for Teens, Egg Fillers for Teens Adults Kids, Easter Eggs Hunt Games for Party Favors, Gifts for Kids,Boys and Girls",https://www.amazon.com/dp/B0GCZJMSMN?th=1,1770336000000,400,美国,Party Supplies
1776162987650,亚马逊,B0GKRSZYL2,https://m.media-amazon.com/images/I/51VA4sI1LHL._AC_US200_.jpg,"Automatic Flower Bubble Machine for Kid, Handheld&Standing 2 in1 Rechargeable Bubble Maker with Lights for Parties, 28in to 41in Adjustment Height Bubble Machine for Toddlers,Idea for Outdoor Toy",https://www.amazon.com/dp/B0GKRSZYL2?th=1,1770336000000,400,美国,体育
1776162987650,亚马逊,B0G5X41PWH,https://m.media-amazon.com/images/I/81rNWEvhGCL._AC_US200_.jpg,"50 PCS 3 Inch Large Plastic Easter Eggs Bulk Include Surprise Golden Eggs, Colorful Fillable Empty Eggs for Easter Basket Stuffers Fillers Easter Hunt Filling Party Favors Classroom Prize Supplies",https://www.amazon.com/dp/B0G5X41PWH?th=1,1770336000000,400,美国,Party Supplies
1776162987650,亚马逊,B0G8234VHW,https://m.media-amazon.com/images/I/81CD7RqYTQL._AC_US200_.jpg,"48 PCS Easter Eggs，Plastic 3"" Bright Colorful Eggs, Easter Egg Fillers for Easter Egg Hunt, Candy Filling, Party Decorations and Kids Gifts",https://www.amazon.com/dp/B0G8234VHW?th=1,1770336000000,600,美国,Party Supplies
1776162987650,亚马逊,B0GDGQ74H2,https://m.media-amazon.com/images/I/71rme+b4S2L._AC_US200_.jpg,"12 Pack Prefilled Easter Eggs with Animal Finger Puppets, Easter Eggs Filled with Toys for Easter Basket Stuffers, Easter Party Favors for Kids Toddlers, Easter Eggs Hunt, Classroom Rewards Supplies",https://www.amazon.com/dp/B0GDGQ74H2?th=1,1770336000000,600,美国,Party Supplies
1776162987650,亚马逊,B0GCMT5RZF,https://m.media-amazon.com/images/I/818k46vRZEL._AC_US200_.jpg,"12 Pack Different 3D Printed Animals Prefilled Easter Eggs for Kids Boys Girls, Articulated Fidget Toys, Easter Basket Stuffers, Christian Easter Gifts, Classroom Prizes, Egg Hunt Party Favors",https://www.amazon.com/dp/B0GCMT5RZF?th=1,1770336000000,700,美国,Novelty & Gag Toys
1776162987650,亚马逊,B0G9KSK163,https://m.media-amazon.com/images/I/81qUG1W2oTL._AC_US200_.jpg,"24 Pack Prefilled Easter Eggs with Squishy Toys,Bright Color Plastic Eggs for Kids Boys Girls,Easter Egg Hunt,Easter Basket Stuffers,Party Favors",https://www.amazon.com/dp/B0G9KSK163?th=1,1770336000000,1000,美国,Party Supplies
1776162987650,亚马逊,B0GJRM2PFW,https://m.media-amazon.com/images/I/61wGFs38yBL._AC_US200_.jpg,"Balance Jumping Ball With Handle And Ball Pump, Pogo Ball Jumping Toy Pogo Stick For Kids Ages 5-8, Indoor & Outdoor Fun, Perfect For Balance, Coordination, And Fitness, Boys & Girls",https://www.amazon.com/dp/B0GJRM2PFW?th=1,1770336000000,200,美国,体育
1776162987650,亚马逊,B0G51QM4P8,https://m.media-amazon.com/images/I/717D8ZwHoML._AC_US200_.jpg,"24 Pack Plastic Easter Eggs Prefilled with Toys, Non Candy Pre Stuffed Easter Eggs with Squishy Egg Toys Inside, Surprise Eggs for Easter Egg Hunt, Easter Basket Stuffers",https://www.amazon.com/dp/B0G51QM4P8?th=1,1770336000000,500,美国,Novelty & Gag Toys
1776162987650,亚马逊,B0GF22QTR7,https://m.media-amazon.com/images/I/41CzHMzqYEL._AC_US200_.jpg,"Keyboard Clicker Fidget for Adults, Silent & Loud 4-Key Mechanical, Fidget Toys Anxiety Relief Stress Gifts, 2 Pcs Portable Keyboard Keychain for Office Work",https://www.amazon.com/dp/B0GF22QTR7?th=1,1770336000000,200,美国,Novelty & Gag Toys
1776162987650,亚马逊,B0GLX3T8ZN,https://m.media-amazon.com/images/I/513XEV-tEbL._AC_US200_.jpg,"Sprunky Plush Toys(2Pcs), 8 Inch Soft Stuffed Plushies for Boys & Girls, Cute Game Inspired Plush Doll, Fun Birthday Gift, Toys for Collectors & Fans, Home & Party Decor (Orange+Pink)",https://www.amazon.com/dp/B0GLX3T8ZN?th=1,1770336000000,200,美国,填充的动物
1776162987650,亚马逊,B0GBVDLV3P,https://m.media-amazon.com/images/I/81GHv43mo9L._AC_US200_.jpg,Water Gun for Kids Toddler: 2 Pack Mini Water Guns Squirts Small Soaker Pistol Super Blasters with Trigger for Boys Girls Summer Swimming Pool Beach Water Outdoor Fighting Party Bath Ideas Gift Toys,https://www.amazon.com/dp/B0GBVDLV3P?th=1,1770336000000,2000,美国,体育
1776162987650,亚马逊,B0G81K4CRV,https://m.media-amazon.com/images/I/51RKoG32cFL._AC_US200_.jpg,"24 PCS Sports Stress Balls Filled Easter Eggs, 6 Styles Mini Sports Balls with 24 Colorful Easter Eggs, Perfect Basket Stuffers for Kids Hunt Games, Party Favors and Goodie Bag Fillers",https://www.amazon.com/dp/B0G81K4CRV?th=1,1770336000000,800,美国,Party Supplies
1776162987650,亚马逊,B0GCHG6KVV,https://m.media-amazon.com/images/I/71ysfqs6GtL._AC_US200_.jpg,"Easter Basket Stuffers Essentials for Teens Kids, 12Pcs Prefilled Easter Eggs with Finger Lights Toys, Easter Egg Fillers for Boys Girls, Classroom Treasure Box, Glow in the Dark Hunt Party Favors",https://www.amazon.com/dp/B0GCHG6KVV?th=1,1770336000000,900,美国,扮靓
1776162987650,亚马逊,B0G2Y85GGG,https://m.media-amazon.com/images/I/51IVrPZ6r7L._AC_US200_.jpg,Prefilled Easter Eggs with Toys Easter Eggs Filled Easter Basket Stuffers for Toddler Girls Kids with Toys Dolls Girl Gifts Egg Hunt Non Candy Fillers Age 3 4 5 6 7 8+ Years Old,https://www.amazon.com/dp/B0G2Y85GGG?th=1,1770336000000,1000,美国,娃娃
1776162987650,亚马逊,B0G81LW9XY,https://m.media-amazon.com/images/I/51IB1VQCFtL._AC_US200_.jpg,"24 Pack Easter Eggs with Metal Brain Teaser Puzzles , Filled Easter Egg Surprise Toys for Kids Party Favors Classroom Prizes Gifts for Boys & Girls",https://www.amazon.com/dp/B0G81LW9XY?th=1,1770336000000,400,美国,Party Supplies
1776162987650,亚马逊,B0G1R8JRKX,https://m.media-amazon.com/images/I/81LYNv-mRwL._AC_US200_.jpg,"30Pcs Pastel Easter Eggs, 2.4"" Fillable Plastic Easter Eggs Empty Colorful Eggshell Bulks for Easter Hunt, Easter Basket Stuffers Filler, Filling Treats, Party Favor, Classroom Prize Supplies",https://www.amazon.com/dp/B0G1R8JRKX?th=1,1770336000000,800,美国,扮靓
1776162987650,亚马逊,B0G7FZV6HV,https://m.media-amazon.com/images/I/51xYwi-xGmL._AC_US200_.jpg,CPSYUB Easter Basket Stuffers Toys for Kids: Prefilled Easter Eggs Stuffers with Parachute Toys for Kids - Easter Egg Fillers Ideas Gifts Outdoor Games for 4 6 8 10 12 Year Old Boys Girls (4 Pack),https://www.amazon.com/dp/B0G7FZV6HV?th=1,1770336000000,400,美国,新颖性
1776162987650,亚马逊,B0FPNSYBF9,https://m.media-amazon.com/images/I/81t9unVkL8L._AC_US200_.jpg,"ArtCreativity Pre-Filled Easter Eggs with Diecast Vehicles for Hunt - 12 Emergency & Community Vehicles, Fire Trucks, Ambulances with Pull-Back Function - Easter Basket Stuffers",https://www.amazon.com/dp/B0FPNSYBF9?th=1,1770336000000,1000,美国,Party Supplies
1776162987650,亚马逊,B0FJMNJZFY,https://m.media-amazon.com/images/I/81c9x+o8bwL._AC_US200_.jpg,"BumBumz 4.5-inch Care Bears 4-Pack - Cheer Bear, Funshine Bear, Share Bear, Grumpy Bear - from The Makers of Original Squishmallows - Ages 3+",https://www.amazon.com/dp/B0FJMNJZFY?th=1,1770336000000,500,美国,填充的动物
1776162987650,亚马逊,B0GFQC11PJ,https://m.media-amazon.com/images/I/81TJjD-XbZL._AC_US200_.jpg,"Disney Store Official Zootopia Wishables Shimmer Series - Disney Blind Box Plush - 5 Inch Mystery Toys with Detailed Micro Plush Sculpting, Embroidered Stars & Outfits (Contains 1 Mystery Plushy)",https://www.amazon.com/dp/B0GFQC11PJ?th=1,1770336000000,200,美国,填充的动物
1776162987650,亚马逊,B0FSKHRB4G,https://m.media-amazon.com/images/I/81kOv8RyjiL._AC_US200_.jpg,"30Pcs Bunny Slow Rising Squishy Toys,Bulk Stress Relief Fidget Toy Squeeze Bunny for Kids,Treasure Chest Prizes, Classroom Prizes for Boys Girls",https://www.amazon.com/dp/B0FSKHRB4G?th=1,1770336000000,4000,美国,Novelty & Gag Toys
1776162987650,亚马逊,B0GCMYD821,https://m.media-amazon.com/images/I/51LYatYZ+-L._AC_US200_.jpg,"36 Pcs Easter Eggs Filled with Glow in the Dark Dinosaur Inside, Mini Plastic Dinosaur Figure Toys for Kids, Colorful Easter Eggs Basket Stuffers Fillers Eggs Hunt Gift Classroom Prizes Party Favors",https://www.amazon.com/dp/B0GCMYD821?th=1,1770336000000,300,美国,Party Supplies
1776162987650,亚马逊,B0GCZM8TKG,https://m.media-amazon.com/images/I/51Z5vNXW-wL._AC_US200_.jpg,"Easter Stickers for Kids 30 Sheets, DIY Happy Easter Egg Bunny Sticker, Easter Gifts for Kids, Party Favor Supplies",https://www.amazon.com/dp/B0GCZM8TKG?th=1,1770336000000,300,美国,艺术
1776162987650,亚马逊,B0G4D3WRFG,https://m.media-amazon.com/images/I/81kFGQd3DzL._AC_US200_.jpg,"hahaland Bath Toys for Kids Ages 1-3 - Soft Magnetic Fishing Toys with Color Sorting Mesh, Mold Free Bathtub Shower Water Toy Toddler Educational Learning Bath Toys for 1 Year Old Boy Girl Gifts",https://www.amazon.com/dp/B0G4D3WRFG?th=1,1770336000000,400,美国,婴幼儿
1776162987650,亚马逊,B0FQNYKZGW,https://m.media-amazon.com/images/I/41JAZEou3fL._AC_US200_.jpg,"Dsmile 3 PCS Firework-Shaped Spray Water Gun for Kids,Cute Squirt Guns Summer Outdoor Water Toys for Swimming Pool Beach Summer Outdoor Water Party Games",https://www.amazon.com/dp/B0FQNYKZGW?th=1,1770336000000,200,美国,体育
1776162987650,亚马逊,B0G6K1XSFP,https://m.media-amazon.com/images/I/71FkBAuM6PL._AC_US200_.jpg,"Magnet Chess Game Magnet Game with String for Easter Basket Stuffers Family Games Night, Great Fun Puzzle Strategy Games for Family & Party, Camping Tops, Game Collections",https://www.amazon.com/dp/B0G6K1XSFP?th=1,1770336000000,3000,美国,游戏
1776162987650,亚马逊,B0GH2F2WG3,https://m.media-amazon.com/images/I/41mlbvsjXzL._AC_US200_.jpg,Easter Eggs Decorations Plastic Large: 7 Inch 12 Pack Jumbo Fillable Colorful Bright Easter Egg Hunt Empty Bulk Assortment,https://www.amazon.com/dp/B0GH2F2WG3?th=1,1770336000000,1000,美国,Party Supplies
1776162987650,亚马逊,B0GH15PC13,https://m.media-amazon.com/images/I/41mlbvsjXzL._AC_US200_.jpg,Easter Eggs Decorations Plastic Large: 7 Inch 6 Pack Jumbo Fillable Colorful Bright Easter Egg Hunt Empty Bulk Assortment,https://www.amazon.com/dp/B0GH15PC13?th=1,1770336000000,1000,美国,Party Supplies
1776162987650,亚马逊,B0G874HWQD,https://m.media-amazon.com/images/I/717bcXOYU2L._AC_US200_.jpg,JcHrmers Mexican Desk Goose Outfit Mexican Poncho Sombrero 7 Inch Mini Goose Clothes for Cinco De Mayo Magnetic Statue Desk Key Holder Decor,https://www.amazon.com/dp/B0G874HWQD?th=1,1770336000000,200,美国,新颖性
1776162987650,亚马逊,B0G3PRW55T,https://m.media-amazon.com/images/I/41byAizAqcL._AC_US200_.jpg,"POP MART SKULLPANDA × My Little Pony Series Plush Doll Pendant Blind Box Figures, Collectible Toys Home Decorations, Holiday Birthday Gifts for Girls and Boys, Whole Set",https://www.amazon.com/dp/B0G3PRW55T?th=1,1770336000000,200,美国,填充的动物
1776162987650,亚马逊,B0FSZSLSWX,https://m.media-amazon.com/images/I/419XJVMGAPL._AC_US200_.jpg,"4 Pack Easter Squeeze Out Eyes Toys, Bunny Chick Duck Frog Squeeze Toys for Kids Girls Boys Easter Basket Stuffers Essentials Egg Fillers Party Favors Gifts",https://www.amazon.com/dp/B0FSZSLSWX?th=1,1770336000000,500,美国,Novelty & Gag Toys
1776162987650,亚马逊,B0G27GQXHS,https://m.media-amazon.com/images/I/71BSfCfZ8fL._AC_US200_.jpg,Waboba Metallic Moon Ball Red- Hyper Bouncy Ball - All Ages Extreme Bounce and Fun - Perfect for Active Play and Outdoor Games,https://www.amazon.com/dp/B0G27GQXHS?th=1,1770336000000,400,美国,体育
1776162987650,亚马逊,B0GHSK2BGD,https://m.media-amazon.com/images/I/91xxMX5Gz5L._AC_US200_.jpg,"Buffalo Games – 300 Charles Wysocki: Rooster Express Oversized Piece Jigsaw Puzzle Larger Shapes - Great for Adults, Seniors, Family, Kids, Easy to Grip",https://www.amazon.com/dp/B0GHSK2BGD?th=1,1770336000000,400,美国,拼图
1776162987650,亚马逊,B0G4GGD1CL,https://m.media-amazon.com/images/I/51kBy0EXZfL._AC_US200_.jpg,"28 Pcs Prefilled Easter Eggs with Pull Back Car, Plastic Eggs with Cartoon Animal Car, Easter Hount Basket Stuffers, Party Favors for Kids Classroom Prize Supplies, Gift for Kids Toddlers Girls Boys",https://www.amazon.com/dp/B0G4GGD1CL?th=1,1770336000000,300,美国,Party Supplies
1776162987650,亚马逊,B0G4S88GQK,https://m.media-amazon.com/images/I/41GnDb3-n2L._AC_US200_.jpg,"36pcs Easter Cupcake Toppers, 12 Kinds Paper Colorful Eggs Bunny Ears Cup Cake Toppers for Easter Party Desserts Decorations",https://www.amazon.com/dp/B0G4S88GQK?th=1,1770336000000,200,美国,Party Supplies
1776162987650,亚马逊,B0G4GCLSPD,https://m.media-amazon.com/images/I/61Pd2WJbyML._AC_US200_.jpg,"OCTERIC 18 Pcs Prefilled Easter Eggs with Pull Back Car, Plastic Eggs with City Cars, Easter Hount Basket Stuffers, Party Favors for Kids Classroom Prize Supplies, Gift for Kids Toddlers Girls Boys",https://www.amazon.com/dp/B0G4GCLSPD?th=1,1770336000000,300,美国,Party Supplies
1776162987650,亚马逊,B0GHQ5YKHM,https://m.media-amazon.com/images/I/819Jc07fU7L._AC_US200_.jpg,"24 Sheets Cool Zootopia 2 Sticker Cute Cartoon Charaters Make Your Own Sticker, Make a Face Stickers Party Favors Activities Gifts (p)",https://www.amazon.com/dp/B0GHQ5YKHM?th=1,1770336000000,600,美国,艺术
1776162987650,亚马逊,B0G78C5RVR,https://m.media-amazon.com/images/I/71ZyxXjhtcL._AC_US200_.jpg,"Upgraded Toddler Sand Water Table Toy with Electric Water Pump, Kids Sand Water with Faucet/Play Food Accessories/Fishing Toy, Kitchen Play Sink Toys for Girl Boy Age 3+ (Pink)",https://www.amazon.com/dp/B0G78C5RVR?th=1,1770336000000,300,美国,运动与户外游戏
1776162987650,亚马逊,B0G6WBPKMN,https://m.media-amazon.com/images/I/71kB+KHoS6L._AC_US200_.jpg,"Loufor Air Dry Clay Kits Easter - Modeling Clay for Kids, Ultra Light & Soft, Safe & Non-Toxic, 12 Boxes Model Magic Clay with Sculpting Tools und Tutorials, DIY Creative Arts und Crafts Toys Gifts",https://www.amazon.com/dp/B0G6WBPKMN?th=1,1770336000000,500,美国,艺术
1776162989579,亚马逊,B0G361R4NC,https://m.media-amazon.com/images/I/71GGu9zngHL._AC_US200_.jpg,"12 PCS Easter Basket Stuffers Egg Fillers for Toddlers Kids, Pull Back Cars Toys for Boys Girls, Bunny Rabbit Easter Gifts Party Favors",https://www.amazon.com/dp/B0G361R4NC?th=1,1770336000000,600,美国,车辆
1776162989579,亚马逊,B0GCLMT2HL,https://m.media-amazon.com/images/I/816sy-+qtFL._AC_US200_.jpg,"5 in 1 Musical Jump, Bean Bag Toss Ring Game, Baseball Toys and Stomping Launch Rocket Launcher for Kids Remote Control Indoor Outdoor Sports Toys for Kids Ages 4-8 3-5 Birthday Easter Gifts",https://www.amazon.com/dp/B0GCLMT2HL?th=1,1770336000000,500,美国,体育
1776162989579,亚马逊,B0GJSN28VC,https://m.media-amazon.com/images/I/71fKUgxI6ZL._AC_US200_.jpg,"24Pcs Demon Hunters Themed Stampers, Kpop Birthday Party Supplies, Goody Bag Treat Bag Stuff for Demon Hunters Birthday Party Gifts",https://www.amazon.com/dp/B0GJSN28VC?th=1,1770336000000,1000,美国,艺术
1776162989579,亚马逊,B0G4RFDXKB,https://m.media-amazon.com/images/I/61YoFJVYxBL._AC_US200_.jpg,"POP MART Hirono Road Journal Series-Plush Doll Pendant Blind Box Figures, Collectible Toys Home Decorations, Holiday Birthday Gifts for Girls and Boys, Single Box",https://www.amazon.com/dp/B0G4RFDXKB?th=1,1770336000000,1000,美国,填充的动物
1776162989579,亚马逊,B0GHZRM7TY,https://m.media-amazon.com/images/I/91hosFcsWpL._AC_US200_.jpg,"White Mountain 1000 Piece Jigsaw Puzzle Outdoor Nature Collage Puzzles with Large Pieces for Adults and Family 24"" x 30"" - I Love Hiking",https://www.amazon.com/dp/B0GHZRM7TY?th=1,1770249600000,200,美国,拼图
1776162989579,亚马逊,B0FHW45PXN,https://m.media-amazon.com/images/I/81ewIaes3rL._AC_US200_.jpg,"Townley Girl Toy Story Hair Accessories Set for Girls, Hair Clips, Bows, Scrunchies, Hair Ties Set, Great for Birthday Gifts",https://www.amazon.com/dp/B0FHW45PXN?th=1,1770249600000,300,美国,扮靓
1776162989579,亚马逊,B0G4N9XPVR,https://m.media-amazon.com/images/I/814mndLWY5L._AC_US200_.jpg,"3 Pack Water Gun for Kids Adults - Long Range 600cc Super Water Blaster Soaker Squirt Gun, Summer Outdoor Toy for Boys Girls Swimming Pool, Beach, Yard, Water Fighting Play Party",https://www.amazon.com/dp/B0G4N9XPVR?th=1,1770249600000,200,美国,体育
1776162989579,亚马逊,B0GD4T16HB,https://m.media-amazon.com/images/I/81sGsCxtfJL._AC_US200_.jpg,Labeol Easter Decorations Coloring Tablecloth for Kids Easter Crafts for Kids Coloring Poster Easter Games Activities Table Party Decor,https://www.amazon.com/dp/B0GD4T16HB?th=1,1770249600000,600,美国,艺术
1776162989579,亚马逊,B0GGBR4QBL,https://m.media-amazon.com/images/I/81BtujeCRFL._AC_US200_.jpg,"TAHAVICE 24 PCS Brain Teaser Puzzles Set, Wooden & Metal 3D Unlock Interlock Game, Kongming Luban Lock Wire Disentanglement IQ Puzzle, Logic Challenge Educational Gift for Adults Teens Kids",https://www.amazon.com/dp/B0GGBR4QBL?th=1,1770249600000,700,美国,拼图
1776162989579,亚马逊,B0G2X3B892,https://m.media-amazon.com/images/I/51ziEfFoviL._AC_US200_.jpg,"40 Inch Green Pixel Miner Number 6 Balloon Set, 7Pcs MIning Large Foil Balloon Video Game Themed Party Party Decorations for Kids' Anniversary Balloon Party Supplies Supplies",https://www.amazon.com/dp/B0G2X3B892?th=1,1770249600000,200,美国,派对用品
1776162989579,亚马逊,B0GCC5RB75,https://m.media-amazon.com/images/I/810QGTprA-L._AC_US200_.jpg,"JOI MEW Bubble Gun 2 Pack for Kids, Dino & Shark Bubble Machine Toys, High Output Automatic Bubble Blaster with LED Lights & 10 Refills, Rechargeable Easter Birthday Outdoor Party Gifts for Ages 3-8",https://www.amazon.com/dp/B0GCC5RB75?th=1,1770249600000,300,美国,体育
1776162989579,亚马逊,B0GF1KF2KH,https://m.media-amazon.com/images/I/81I+vXhdJlL._AC_US200_.jpg,"Mario Birthday Party Supplies, 86PCS Birthday Gifts Set for Mario Theme Party",https://www.amazon.com/dp/B0GF1KF2KH?th=1,1770249600000,300,美国,Party Supplies
1776162989579,亚马逊,B0GJRBH26Q,https://m.media-amazon.com/images/I/81AwNrM4LsL._AC_US200_.jpg,"Cinnamoroll Birthday Decorations, 101PCS Party Supplies Set Include Banner, Balloons, Stickers, Hanging Swirls, Cake Cupcake Toppers, Tablecloth for Kids Cinnamoroll Theme Party",https://www.amazon.com/dp/B0GJRBH26Q?th=1,1770249600000,400,美国,派对用品
1776162989579,亚马逊,B0GKS2ZVQF,https://m.media-amazon.com/images/I/51vgIzHFtmL._AC_US200_.jpg,"Yellow Cheese Squeeze Toy,Soft Novelty Toy, Rebounding Sensory,Help for Relax,Focus, Sensory Cheese for & Adults, Food Theme Cheese Cubes Squishy Toys,Stress Balls for Adults",https://www.amazon.com/dp/B0GKS2ZVQF?th=1,1770249600000,1000,美国,Novelty & Gag Toys
1776162989579,亚马逊,B0GHN8GC5K,https://m.media-amazon.com/images/I/71YJ2VPvqBL._AC_US200_.jpg,"2PCS Squishy Dumpling Mystery Dumpling Squishy, Dumplings Toy for Stress Relief, Dumpling Stress Ball Large Squeeze Dough Ball Stress Relief Toy for Adults (Blue & Green)",https://www.amazon.com/dp/B0GHN8GC5K?th=1,1770249600000,400,美国,Novelty & Gag Toys
1776162989579,亚马逊,B0G4PYXLVV,https://m.media-amazon.com/images/I/81R6GW--eJL._AC_US200_.jpg,"Tonberless 4 Pack Dinosaur Pull Back Cars, Toddler Easter Basket Stuffers Gifts Party Favors, Prefilled Easter Eggs Fillers with Toys Inside Filled for Kids Teens Boys Girls",https://www.amazon.com/dp/B0G4PYXLVV?th=1,1770249600000,2000,美国,车辆
1776162989579,亚马逊,B0GGGVTS5H,https://m.media-amazon.com/images/I/81wGtyfq5oL._AC_US200_.jpg,"ERHAICAT Beach Toys, Dinosaur Sand Toys for Kids Toddlers with Collapsible Bucket, Sand Castle Building Kit, Mesh Storage Bag & Shovel Rake, Travel Summer Toys for Boys Girls Ages 3-10",https://www.amazon.com/dp/B0GGGVTS5H?th=1,1770249600000,900,美国,运动与户外游戏
1776162989579,亚马逊,B0GK4QBFTS,https://m.media-amazon.com/images/I/51vps25Cr4L._AC_US200_.jpg,"ELORION 12” 3D Printed Articulated Fidget Figure in 5” Dragon Egg, Prefilled Egg with Dragon Inside, Easter Basket Stuffer Gift (Red)",https://www.amazon.com/dp/B0GK4QBFTS?th=1,1770249600000,200,美国,玩具图
1776162989579,亚马逊,B0GGZSB7MQ,https://m.media-amazon.com/images/I/51W-OHWaujL._AC_US200_.jpg,"Colorful Dumpling Squishes Stress Balls with Steamer, Cute Anxiety Relief Toy, Soft Squeeze Decompression Dough for Adults, Simulation Food Squishies Bun",https://www.amazon.com/dp/B0GGZSB7MQ?th=1,1770249600000,3000,美国,Novelty & Gag Toys
1776162989579,亚马逊,B0GDX3C2YZ,https://m.media-amazon.com/images/I/71WI-q9A89L._AC_US200_.jpg,"Prefilled Princess Easter Eggs-12 Pack Surprise Doll Toys for Girls, Easter Basket Stuffers, Egg Hunt Toys, Party Favors & Classroom Prizes",https://www.amazon.com/dp/B0GDX3C2YZ?th=1,1770249600000,1000,美国,Party Supplies
1776162989579,亚马逊,B0G5NM77Z2,https://m.media-amazon.com/images/I/71KCa3k00JL._AC_US200_.jpg,"24 Pack Prefilled Easter Eggs with Squishies Toys, Easter Basket Stuffers for Kids, Party Favors, Boys Girls Easter Eggs Hunt Game Classroom Prizes Supplies",https://www.amazon.com/dp/B0G5NM77Z2?th=1,1770249600000,1000,美国,Party Supplies
1776162989579,亚马逊,B0G3GGS22D,https://m.media-amazon.com/images/I/812pCy4Vb2L._AC_US200_.jpg,"24 Pack Prefilled Easter Eggs with Squishy Animal Toys, Pre-Filled Easter Eggs for Easter Egg Hunt, Easter Basket Stuffers, Non Candy Easter Toys, Party Favors for Kids Boys Girls",https://www.amazon.com/dp/B0G3GGS22D?th=1,1770249600000,800,美国,Party Supplies
1776162989579,亚马逊,B0FY69G81J,https://m.media-amazon.com/images/I/716VM9dikmL._AC_US200_.jpg,"24 Prefilled Easter Eggs with Finger Lights Egg Fillers, Easter Basket Stuffers Gifts for Toddler Kids Teens Plastic Glow In The Dark Easter Eggs Filled Toys for Kids Boys Girls Party Favors Egg Hunt",https://www.amazon.com/dp/B0FY69G81J?th=1,1770249600000,1000,美国,Party Supplies
1776162989579,亚马逊,B0GCHG7TN3,https://m.media-amazon.com/images/I/61BvlJ8CYUL._AC_US200_.jpg,LINAYE 150 PCS Basketball Stickers Vinyl Waterproof Non-Repeating Adhesive Basketball Stickers Bulk for Water Bottle Party Favors Crafts & Gifts for Kids Boys Teens Adults,https://www.amazon.com/dp/B0GCHG7TN3?th=1,1770249600000,200,美国,艺术
1776162989579,亚马逊,B0G6JZS4QL,https://m.media-amazon.com/images/I/51rGlWWEaFL._AC_US200_.jpg,Vanblue 48Pcs Religious Easter Gifts Easter Basket Stuffers Christian Jesus Loves You Bracelets Bulk Christian Wristbands with Eggs and Tattoo Stickers Party Favors Faith for Kids Teens,https://www.amazon.com/dp/B0G6JZS4QL?th=1,1770249600000,300,美国,Party Supplies
1776162989579,亚马逊,B0FXBSQBX6,https://m.media-amazon.com/images/I/81c4yIcC55L._AC_US200_.jpg,"Little People Collector Scooby-Doo Cartoon TV Series Special Edition Set for Fans, 5 Figures in a Display Package",https://www.amazon.com/dp/B0FXBSQBX6?th=1,1770249600000,1000,美国,玩具图
1776162989579,亚马逊,B0G5HLG25V,https://m.media-amazon.com/images/I/61Q3pc9-X8L._AC_US200_.jpg,"200PCS Pre-Filled Easter Eggs with Toys, Easter Basket Fillers, Easter Egg Hunt Prizes Toys for Kids Toddler Classroom Gift Goodie Bag Stuffers Pinata Stuffers",https://www.amazon.com/dp/B0G5HLG25V?th=1,1770249600000,600,美国,Party Supplies
1776162989579,亚马逊,B0GHND86SZ,https://m.media-amazon.com/images/I/51MmhiGHj8L._AC_US200_.jpg,"Easter Basket Stuffers,24 Pack Fun Easter Brain Teaser Puzzle Toys, Egg Fillers, Filled Easter Eggs for Kids,Mind-Challenging Puzzle Games & Party Favors for Teens",https://www.amazon.com/dp/B0GHND86SZ?th=1,1770249600000,1000,美国,Party Supplies
1776162989579,亚马逊,B0GHQN9HRX,https://m.media-amazon.com/images/I/81BLsq-bo7L._AC_US200_.jpg,"Easter Basket Stuffers,24 Pack Filled Easter Eggs with Animal Squishy Toys for Kids, Novelty Squeeze Toys, Cute Animal Stress Toys for Boys & Girls, Egg Hunt, Classroom Prizes & Party Favors",https://www.amazon.com/dp/B0GHQN9HRX?th=1,1770249600000,1000,美国,Party Supplies
1776162989579,亚马逊,B0G6Y2TXJS,https://m.media-amazon.com/images/I/815ZhrsF7BL._AC_US200_.jpg,"24 Pcs Prefilled Easter Eggs for Kids with Animal Squishy Toys, Easter Eggs Filled for Egg Hunt, Basket Stuffers & Goodie Bag Fillers, Classroom and School Prize Supplies",https://www.amazon.com/dp/B0G6Y2TXJS?th=1,1770249600000,1000,美国,Party Supplies
1776162989579,亚马逊,B0FJG65M3Y,https://m.media-amazon.com/images/I/71S7roKYQ5L._AC_US200_.jpg,Squishmallows Original Easter Micromallows Bouquet,https://www.amazon.com/dp/B0FJG65M3Y?th=1,1770249600000,3000,美国,填充的动物
1776162989579,亚马逊,B0GFWN8PTR,https://m.media-amazon.com/images/I/71q7kVy65gL._AC_US200_.jpg,"vewicokop 12Pcs Prefilled Easter Eggs with Real Crystal & Rock Collection Kit, Easter Basket Stuffers Fillers for Egg Hunt, Party Favors & Classroom Prizes for Kids Boys Girls",https://www.amazon.com/dp/B0GFWN8PTR?th=1,1770249600000,700,美国,Party Supplies
1776162989579,亚马逊,B0G7ZVXV3H,https://m.media-amazon.com/images/I/817yINmphRL._AC_US200_.jpg,"[ 2 Golden Surprise Eggs ] 50 Pack Prefilled Easter Eggs with Assorted Toys, Easter Egg Hunt Supplies and Basket Stuffers, Bulk Easter Party Favors Gifts for Kids Boys Girls Toddlers",https://www.amazon.com/dp/B0G7ZVXV3H?th=1,1770249600000,500,美国,Party Supplies
1776162989579,亚马逊,B0GDXDN83G,https://m.media-amazon.com/images/I/81Rc0lWrATL._AC_US200_.jpg,"K TOMOTO 40FT Replacement Track Set Builder Pieces, Compatible with 1:64 Diecast Cars, 86-Piece Straight Track Set, Connectors Included, 40 Feet of Track(Persimmon)",https://www.amazon.com/dp/B0GDXDN83G?th=1,1770249600000,200,美国,车辆
1776162989579,亚马逊,B0GG8QJP1J,https://m.media-amazon.com/images/I/81wfc2+lhbL._AC_US200_.jpg,"TAHAVICE 4 Pack Prefilled Easter Eggs Filler with Mini Cute Animal Building Block Set, Easter Basket Stuffers Essentials for Teen Kids,Party Favors for Boys Girls Adults Ages 6+",https://www.amazon.com/dp/B0GG8QJP1J?th=1,1770249600000,800,美国,建筑玩具
1776162989579,亚马逊,B0G3X9FMXP,https://m.media-amazon.com/images/I/81yxchaFVxL._AC_US200_.jpg,"Beach Sand Toys Set for Toddlers, Portable Travel Beach Toys with Collapsible Bucket, Shovel, Rake, 3 Molds & Mesh Storage Bag for Kids, Summer Gift",https://www.amazon.com/dp/B0G3X9FMXP?th=1,1770249600000,800,美国,运动与户外游戏
1776162989579,亚马逊,B0GF7S2DYK,https://m.media-amazon.com/images/I/81Vu2X0l7UL._AC_US200_.jpg,"15Pcs Taba Squishies Kit, Squishies Fidget Toys, Including Strawberry, Cat Paw, Hamster Toy, Stress Relief Toys Party Favors for Kids 4-8 8-12, Sensory Toys Birthday Easter Gifts",https://www.amazon.com/dp/B0GF7S2DYK?th=1,1770249600000,300,美国,Novelty & Gag Toys
1776162989579,亚马逊,B0G9314Q8M,https://m.media-amazon.com/images/I/71I0uyLVm9L._AC_US200_.jpg,"2-in-1 Kids Microscope Telescope, Temodu 2.0"" 1000X Digital Microscope for Kids, HD Portable Education Telescope for Kids Birthday Festival Gift, Science Fun Toys for Children Age 4-12 (Yellow)",https://www.amazon.com/dp/B0G9314Q8M?th=1,1770249600000,200,美国,学习
1776162989579,亚马逊,B0G4CHG5KN,https://m.media-amazon.com/images/I/81B0llG-siL._AC_US200_.jpg,"3Pack Big Squishy Stress Cube, Stress Balls for Kids & Adults, Ice Squishy Cube Sugar Balls, Sensory Fidget Toys for Anxiety Relief, Autism ADHD Stress Relief Toy, Classroom Prize, Party Favors",https://www.amazon.com/dp/B0G4CHG5KN?th=1,1770249600000,200,美国,Novelty & Gag Toys
1776162989579,亚马逊,B0GJ15KRMQ,https://m.media-amazon.com/images/I/51f0OUHkIgL._AC_US200_.jpg,Tamagotchi Original - Angel Flower Bouquet,https://www.amazon.com/dp/B0GJ15KRMQ?th=1,1770249600000,300,美国,儿童电子产品
1776162989579,亚马逊,B0G3PW65VK,https://m.media-amazon.com/images/I/71E91KOGwpL._AC_US200_.jpg,"POP MART SKULLPANDA × My Little Pony Series Plush Doll Pendant Blind Box Figures, Collectible Toys Home Decorations, Holiday Birthday Gifts for Girls and Boys, Single Box",https://www.amazon.com/dp/B0G3PW65VK?th=1,1770249600000,3000,美国,填充的动物
1776162989579,亚马逊,B0GDWDLRP2,https://m.media-amazon.com/images/I/81T51VemkiL._AC_US200_.jpg,"Electric Water Gun 2 Pack,Rechargeable,Automatic SMG Squirt Watergun,Outdoor Toy,Summer Battle Game Childs Gift,Long Range,Super Powerful LED Blaster Electric Water Guns for Adults Kids",https://www.amazon.com/dp/B0GDWDLRP2?th=1,1770249600000,300,美国,体育
1776162989579,亚马逊,B0FK5SWVSF,https://m.media-amazon.com/images/I/71DTYTKUFRL._AC_US200_.jpg,Squishmallows Original 12in Disney Pixar “Toy Story” Forky - Official Jazwares Plush (Medium-Sized),https://www.amazon.com/dp/B0FK5SWVSF?th=1,1770249600000,200,美国,填充的动物
1776162989579,亚马逊,B0G83T33T9,https://m.media-amazon.com/images/I/81XTI8Nku9L._AC_US200_.jpg,"40 Pcs Easter Napkins Set - 13 Inch Watercolor Spring Easter Cocktail Dinner Napkins Bulk, 3-Ply Colorful Eggs Floral Paper Hand Towels for Happy Easter Party Supplies Holiday Table Decorations Favors",https://www.amazon.com/dp/B0G83T33T9?th=1,1770249600000,700,美国,派对用品
1776162989579,亚马逊,B0GHRRY2YH,https://m.media-amazon.com/images/I/81SsoocDAdL._AC_US200_.jpg,Declaration of Independence 250th Anniversary Collectible $2 Bill | Independence Day 2 Dollar Bill Uncirculated Commemorative Coin Collectibles,https://www.amazon.com/dp/B0GHRRY2YH?th=1,1770249600000,200,美国,新颖性
1776162989579,亚马逊,B0GFPJBVNS,https://m.media-amazon.com/images/I/613sXuf-PlL._AC_US200_.jpg,"Teenage Mutant Ninja Turtles® Puffy Sticker Playset, Includes 30 Reusable TMNT Stickers & Double-Sided Play Scene, Classic Teenage Mutant Ninja Turtles Toys, Great Travel-Friendly Kids Activities",https://www.amazon.com/dp/B0GFPJBVNS?th=1,1770249600000,300,美国,艺术
1776162989579,亚马逊,B0GC4171TX,https://m.media-amazon.com/images/I/810C9pxVtZL._AC_US200_.jpg,"132 Pack Easter Egg Fillers Gifts, Easter Basket Stuffers Party Favors for Kids, Bulk Mini Small Fidget Toys for Easter Eggs Hunt, Classroom Prizes Goodie Bag Stuffers, Treats Gift for Boys Girls",https://www.amazon.com/dp/B0GC4171TX?th=1,1770249600000,1000,美国,Party Supplies
1776162989579,亚马逊,B0G6YZYKRM,https://m.media-amazon.com/images/I/51KOcPo8dHL._AC_US200_.jpg,"299 PCS Easter Bunny Footprints Stickers for Floor, Cute Rabbit Footprints for Easter Hunting Games Bunny Paw Prints Floor Decals Clings Flower Carrot Holiday Party Home Wall Window Decorations",https://www.amazon.com/dp/B0G6YZYKRM?th=1,1770249600000,300,美国,艺术
1776162989579,亚马逊,B0GFPKK82C,https://m.media-amazon.com/images/I/51HHTP1TtUL._AC_US200_.jpg,"Spongebob Squarepants™ Dough 4-Pack, Sensory Dough in Resealable Storage Containers with Character Impression Molded Lids, Spongebob Toys, Kids Party Favors",https://www.amazon.com/dp/B0GFPKK82C?th=1,1770249600000,200,美国,艺术
1776162989579,亚马逊,B0GFVHH83P,https://m.media-amazon.com/images/I/51TfCqEDHzL._AC_US200_.jpg,12-Pack Mini Transforming Robot Car Toys Prefilled Easter Eggs for Kids Transformer Vehicles Toys Easter Basket Stuffers Egg Fillers Egg Hunts Party Favors Classroom Prizes for Boys and Girls,https://www.amazon.com/dp/B0GFVHH83P?th=1,1770249600000,300,美国,Party Supplies
1776162989579,亚马逊,B0G4QP8BDT,https://m.media-amazon.com/images/I/41Xo3JGKN+L._AC_US200_.jpg,"60 Pack Easter Plastic Eggs,White Fake Easter Egg,Artificial Chicken Egg for DIY Crafts,Painting,Easter Party,Home Decor,Nest",https://www.amazon.com/dp/B0G4QP8BDT?th=1,1770249600000,200,美国,扮靓
1776162989579,亚马逊,B0GCP7RK3W,https://m.media-amazon.com/images/I/51UxLfDmB8L._AC_US200_.jpg,"Taulaap 26 Pack Pcs Prefilled Easter Eggs with Fidget Toys, Filled with Toys Party Favors for Kids Boys Girls Easter Eggs Hunt, Basket Stuffers Fillers, Classroom Prize Supplies",https://www.amazon.com/dp/B0GCP7RK3W?th=1,1770249600000,200,美国,Party Supplies
1776162989579,亚马逊,B0GCP1P9BS,https://m.media-amazon.com/images/I/51n3UVpAuML._AC_US200_.jpg,"26 Pack Prefilled Easter Eggs with Fidget Toys, Filled with Novelty Toys Party Favors for Kids Boys Girls, Filling Treats Gifts, Easter Eggs Hunt Basket Stuffers Fillers, Classroom Prize Supplies",https://www.amazon.com/dp/B0GCP1P9BS?th=1,1770249600000,200,美国,Party Supplies
1776162989579,亚马逊,B0G5P9B1YD,https://m.media-amazon.com/images/I/51IwEsA3BmL._AC_US200_.jpg,"Guuozzli 24 Pack Prefilled Easter Eggs with Magic Sand,Colorful Sensory Toy Sand Art Kits for Easter Surprise Egg Hunt Party Favors Basket Stuffers Gifts",https://www.amazon.com/dp/B0G5P9B1YD?th=1,1770249600000,600,美国,艺术
1776162989579,亚马逊,B0GL91BDH8,https://m.media-amazon.com/images/I/41A3Ynz5GwL._SS200_.jpg,"Baby Einstein Farm Explorers Shapes at The Farm Teether Book, Multisensory, Ages Newborn and Up",https://www.amazon.com/dp/B0GL91BDH8?th=1,1770249600000,400,美国,婴幼儿
1776162989579,亚马逊,B0G3GLQVZT,https://m.media-amazon.com/images/I/51kstbuiO1L._AC_US200_.jpg,"MGparty 24 Pack Prefilled Easter Eggs with Dinosaur Toys, Easter Egg Fillers Bulk for Kids,Easter Basket Stuffers, Classroom Exchange Gifts, Party Favors, Easter Egg Hunt Prizes",https://www.amazon.com/dp/B0G3GLQVZT?th=1,1770249600000,600,美国,Party Supplies
1776162989579,亚马逊,B0GBVMCRQ3,https://m.media-amazon.com/images/I/81C+HOo7+zL._AC_US200_.jpg,"Reusable Picky Fidget Pad Over 60 Times, Fidget Pad Kit, Remeltable Pick Toy, Skin Picking Fidget Toys, Reusable Picking Pad, Dermatillomania Toys for Anxiety, Relief Stress, Gifts for Adults",https://www.amazon.com/dp/B0GBVMCRQ3?th=1,1770249600000,200,美国,Novelty & Gag Toys
1776162989579,亚马逊,B0GDY2R4DM,https://m.media-amazon.com/images/I/81Ef3IEwa7L._AC_US200_.jpg,"24Pack Prefilled Easter Eggs with Axolotl Squishy Toys, Colorful Easter Eggs Basket Stuffers Easter Egg Hunt Classroom Prizes, Slow Rising Squishy Fidget Toys Party Favors for Kids",https://www.amazon.com/dp/B0GDY2R4DM?th=1,1770249600000,300,美国,Novelty & Gag Toys
1776162989579,亚马逊,B0GCJTDD6D,https://m.media-amazon.com/images/I/711RSokxC7L._AC_US200_.jpg,Baby Bath Toys for Kids Ages 1-3 Mold Free Bath Toys Toddlers 2-4 Silicone 21 PCS Ocean Shape Sorters for Toddlers 1-3 Stacking Bathtub Suction Water Play Toys for Toddlers 3-5 Boy Girl Early Learning,https://www.amazon.com/dp/B0GCJTDD6D?th=1,1770249600000,200,美国,婴幼儿
1776162989579,亚马逊,B0GC6R9H3T,https://m.media-amazon.com/images/I/71cCBCzohrL._AC_US200_.jpg,Dinosaur Water Table Pump - Rechargeable Water Pump for Water Table Accessories - Battery Powered Water Pump Continuous Flow 3 Hours Non-Stop Fun - Summer Outdoor Water Play Toys (Blue),https://www.amazon.com/dp/B0GC6R9H3T?th=1,1770249600000,500,美国,运动与户外游戏
1776162989579,亚马逊,B0G1M629J5,https://m.media-amazon.com/images/I/81hie4bdVEL._AC_US200_.jpg,"hahaland Busy Book Preschool Learning Activities - First Day of School Gifts Activity Books for Toddlers 1-4, Montessori Toys 2 Year Old Boy Girl Birthday Gift Preschool Must Haves Busy Board Ages 2-4",https://www.amazon.com/dp/B0G1M629J5?th=1,1770249600000,400,美国,婴幼儿
1776162989579,亚马逊,B0G59VRX1M,https://m.media-amazon.com/images/I/71MRVjZIpDL._AC_US200_.jpg,Card Scanner Stand for TCG & Sports Cards - Foldable Phone Mount Compatible with MTG Pricing Apps - Hands-Free Scanning Kit for Sleeved Cards (Includes 20 Sleeves) - Standard Edition,https://www.amazon.com/dp/B0G59VRX1M?th=1,1770249600000,200,美国,游戏和配件
1776162989579,亚马逊,B0BCHC8HQ9,https://m.media-amazon.com/images/I/71Fdr+rDA7L._AC_US200_.jpg,"Nerf 20,000 Gelfire Rounds Refill Blasters, 800 Round Hopper, for Teens, Ages 14+",https://www.amazon.com/dp/B0BCHC8HQ9?th=1,1770163200000,500,美国,体育
1776162989579,亚马逊,B0FNCTNW5L,https://m.media-amazon.com/images/I/81PxXnkSOvL._AC_US200_.jpg,"Magnetic Letters,Alphabet Magnets for Toddlers Cute Fridge Magnets Animal Magnetic Alphabet ABC 26 Uppercase Letters 0-9 Numbers Toy for Kids Toddlers 1-3 Preschool Learning Spelling Educational",https://www.amazon.com/dp/B0FNCTNW5L?th=1,1770163200000,200,美国,学习
1776162989579,亚马逊,B0G9M8BTYS,https://m.media-amazon.com/images/I/81kyRb0s1-L._AC_US200_.jpg,"132 Pcs Easter Egg Fillers for Kids Boys Girls,Easter Basket Stuffers,Easter Party Favors Assorted Toys,Easter Eggs Hunt Gifts for Toddlers Teens Goodie Bag Stuffers Filling Treats Classroom Prizes",https://www.amazon.com/dp/B0G9M8BTYS?th=1,1770163200000,1000,美国,Party Supplies
1776162989579,亚马逊,B0G1YNKDQ8,https://m.media-amazon.com/images/I/51QGF-WsT7L._AC_US200_.jpg,"8 Pack Squishy Squeeze Stress Ball Fidget Toys for Adults, Big Cute Frog Sensory Squishy Toys, Squeeze Stress Toys Bulk for Party Favors, Classroom Prize Gift, Easter Basket Stuffers for Kids",https://www.amazon.com/dp/B0G1YNKDQ8?th=1,1770163200000,300,美国,Novelty & Gag Toys
1776162989579,亚马逊,B0G7V8X8DS,https://m.media-amazon.com/images/I/51Kx0WtnE0L._AC_US200_.jpg,"23” Large Chick Pinata with Egg Shell Design - 3D Party Decoration Set for Spring Birthdays, Baby Showers & Celebrations - Includes Stick, Blindfold & Confetti - Fun Activity for Kids and Toddlers",https://www.amazon.com/dp/B0G7V8X8DS?th=1,1770163200000,200,美国,派对用品
1776162989579,亚马逊,B0GCN1RC83,https://m.media-amazon.com/images/I/41+QKXQWLqL._AC_US200_.jpg,"Mewaii Weighted Stuffed Animals for Adults & Kids, 2-5 lbs - 23"" Heatable Coolable Bunny Plush, Microwavable Adjustable Removable Inner Pad, Realistic Hug Comfort Easter Gift (Cream White)",https://www.amazon.com/dp/B0GCN1RC83?th=1,1770163200000,300,美国,填充的动物
1776162989579,亚马逊,B0G5F6QQX9,https://m.media-amazon.com/images/I/61uyDlp3wrL._AC_US200_.jpg,"Swing Frame,2 Seats Swing Stand with Ground Stakes, Heavy Duty Thickened Metal A Stand Frame Supports up to 440lbs,for Indoor Outdoor Kids and Adults(Without Seat)",https://www.amazon.com/dp/B0G5F6QQX9?th=1,1770163200000,200,美国,体育
1776162989579,亚马逊,B0GCMLYP4H,https://m.media-amazon.com/images/I/41DJwlxFaWL._AC_US200_.jpg,"SUQ My Realistic Bunny Toy Interactive Realistic Stuffed Bunny with Moving Ears & Nose, Lifelike Rabbit Plush Toy for Kids Girls Boys Easter Birthday Gift",https://www.amazon.com/dp/B0GCMLYP4H?th=1,1770163200000,700,美国,填充的动物
1776162989579,亚马逊,B0GCLFMTMJ,https://m.media-amazon.com/images/I/41CaIhkNNwL._AC_US200_.jpg,"SUQ My Realistic Bunny Toy Interactive Realistic Stuffed Bunny with Moving Ears & Nose, Lifelike Rabbit Plush Toy for Kids Girls Boys Easter Birthday Gift",https://www.amazon.com/dp/B0GCLFMTMJ?th=1,1770163200000,300,美国,填充的动物
1776162989579,亚马逊,B0FMBQ1K9L,https://m.media-amazon.com/images/I/71sFh3KyJkL._AC_US200_.jpg,Tonies Animal World: Wildlife in the Woods Clever Set - 4 Pack,https://www.amazon.com/dp/B0FMBQ1K9L?th=1,1770163200000,300,美国,儿童电子产品
1776162989579,亚马逊,B0FYPBS951,https://m.media-amazon.com/images/I/81QFQux-OmL._AC_US200_.jpg,"SpringFlower Easter Basket Stuffers, 24 Pack Prefilled Easter Eggs with Animal Dinosaur Figures for Easter Eggs Hunt, Easter Basket Essentials Fillers, Easter Party Favors Gifts for kids",https://www.amazon.com/dp/B0FYPBS951?th=1,1770163200000,800,美国,Party Supplies
1776162989579,亚马逊,B0GCNBZSSP,https://m.media-amazon.com/images/I/61d-u3NO8jL._AC_US200_.jpg,"Wonderland Flower Building Block Sets, Ivory White Rose Flower Compatible with Lego, Home Decor Flowers for Adults, Girls, Women and Fans - Gifts for Mother's Day, Birthday and Festivals (221 PCS)",https://www.amazon.com/dp/B0GCNBZSSP?th=1,1770163200000,200,美国,建筑玩具
1776162989579,亚马逊,B0FNPT96RS,https://m.media-amazon.com/images/I/71r-VuU-g5L._AC_US200_.jpg,"Disney and Pixar's Hoppers Small Plush - Diane Shark Soft Toy, for Kids and Movie Fans, Inspired by The Hoppers Movie, Kids Toys for Ages 3 Up by Just Play",https://www.amazon.com/dp/B0FNPT96RS?th=1,1770163200000,200,美国,填充的动物
1776162989579,亚马逊,B0GGXF6RF6,https://m.media-amazon.com/images/I/71e7vL3N8nL._AC_US200_.jpg,Video Walkie Talkies for Kids - 2 Pack Long Range Walkie Talkie Rechargeable Video Intercom 2 Way Radio for Age 3-12 Boys Girls for Indoor Outdoor Camping (Pink&Blue),https://www.amazon.com/dp/B0GGXF6RF6?th=1,1770163200000,300,美国,儿童电子产品
1776162989579,亚马逊,B0GL1W9KWB,https://m.media-amazon.com/images/I/71kcmD5xQlL._AC_US200_.jpg,"ORB Easy Sqweezy Pets Giant Stretchy Cat - Stretches Up to 5 Feet Long - Huge Jumbo Sized Purple Squishy Toy Kitten, Stretch and Squeeze for Stress Relief - Fun Sensory Fidget Toy for Kids and Adults",https://www.amazon.com/dp/B0GL1W9KWB?th=1,1770163200000,600,美国,Novelty & Gag Toys
1776162989579,亚马逊,B0GCSGTBH9,https://m.media-amazon.com/images/I/51iQ41S+vDL._AC_US200_.jpg,"24 Pack Plastic Easter Eggs with 24 Pack Easter Mochi Squishy Toy for Kids Boys Girls Toddlers Easter Egg Fillers Bulk, Easter Basket Stuffers Party Favors Gifts Classroom Prize Supplies",https://www.amazon.com/dp/B0GCSGTBH9?th=1,1770163200000,1000,美国,Novelty & Gag Toys
1776162989579,亚马逊,B0BRV6KTJL,https://m.media-amazon.com/images/I/51FoAIMXYfL._AC_US200_.jpg,"150 PCS Prefilled Easter Eggs with Toys,Filled Easter Eggs with Toys Inside,Easter Basket Stuffers for Kids,Prefilled Eggs for Easter Egg Hunt,Easter Party Favors for Kids Classroom Prizes",https://www.amazon.com/dp/B0BRV6KTJL?th=1,1770163200000,1000,美国,Party Supplies
1776162989579,亚马逊,B0G39RKNKS,https://m.media-amazon.com/images/I/91gXfRJV3CL._AC_US200_.jpg,"JoyCat 24 Pack Dot Art Craft Kits for Kids Party Favors, Mess-Free Dot Sticker Activity Set with 4800+ Stickers & Goodie Bags, Classroom Prizes, Treasure Box Toys, Goodie Bag Stuffers Ages 3-8",https://www.amazon.com/dp/B0G39RKNKS?th=1,1770163200000,200,美国,Party Supplies
1776162989579,亚马逊,B0G62R5JZT,https://m.media-amazon.com/images/I/81pLvDUMz8L._AC_US200_.jpg,"342Pcs Blue Bear Baby Shower Decorations Serves 25, All-in-1 Bear Party Decorations with Balloon Arch Kit Flower Crown Headband Plates Napkins Cake Topper Tablecloth Backdrop Blue Baby Shower Decor",https://www.amazon.com/dp/B0G62R5JZT?th=1,1770163200000,200,美国,派对用品
1776162989579,亚马逊,B0FLK61TDV,https://m.media-amazon.com/images/I/81t0zOUv9vL._AC_US200_.jpg,"Funscape Octopus Pool Toys, 2-in-1 Inflatable Floating Pool Game, Basketball Hoop & Ring Toss Water Game, Outdoor Summer Beach Backyard Play, Cool Family Party Gift 3 4 5 6 7 8 Year Old Boy Girl Child",https://www.amazon.com/dp/B0FLK61TDV?th=1,1770163200000,200,美国,体育
1776162989579,亚马逊,B0GF24YLKY,https://m.media-amazon.com/images/I/715bjwG+hUL._AC_US200_.jpg,"WoBiogHo 161 Pcs Shrink Plastic Keychain Making Kit, 30 Shrink Plastic Sheets 7.9 x 5.7 in, Hole Punch, Lobster Clasps, Jump Rings & Lanyards, DIY Shrink Art Craft Kit for Adults & Teens",https://www.amazon.com/dp/B0GF24YLKY?th=1,1770163200000,500,美国,艺术
1776162989579,亚马逊,B0G58C7Y8Q,https://m.media-amazon.com/images/I/81KG9PunLAL._AC_US200_.jpg,"12PCS 3D Printed Dragon Eggs for Easter Basket Stuffers, Mystery Dragon Inside Egg, Articulated Fidget Toys for Kids Birthday Party Favors, for Boys Girls",https://www.amazon.com/dp/B0G58C7Y8Q?th=1,1770163200000,700,美国,玩具图
1776162989579,亚马逊,B0GCZGSD8K,https://m.media-amazon.com/images/I/51x53WyrZxL._AC_US200_.jpg,Garma 72 Pcs 3.15'' Easter Eggs - Empty Bright Colors Plastic Eggs with 6 Golden Eggshell Bulks for Easter Party Favors Supplies Easter Egg Hunt Game Basket Stuffers Fillers Classroom Exchange Prize,https://www.amazon.com/dp/B0GCZGSD8K?th=1,1770163200000,600,美国,Party Supplies
1776162989579,亚马逊,B0FYPH53JK,https://m.media-amazon.com/images/I/51iPrWM4uLL._AC_US200_.jpg,"SpringFlower Easter Basket Stuffers, 24 Pack Plastic Easter Eggs filled with Axolotl Squishy Toys for Easter Egg Fillers, Easter Eggs Hunt, Easter Party Favors Gifts for kids, Classroom Easter Prizes",https://www.amazon.com/dp/B0FYPH53JK?th=1,1770163200000,700,美国,Party Supplies
1776162989579,亚马逊,B0FVX251GM,https://m.media-amazon.com/images/I/51bfkd1yzHL._AC_US200_.jpg,"SpringFlower 252 PCS Easter Egg Fillers, Plastic Easter Eggs Bulk for Easter Basket Stuffers, Easter Basket Essentials, Easter Party Favors, Easter Egg Hunt, 240 Empty Plastic Eggs and 12 Golden Eggs",https://www.amazon.com/dp/B0FVX251GM?th=1,1770163200000,200,美国,Party Supplies
1776162989579,亚马逊,B0G2FY7KR6,https://m.media-amazon.com/images/I/81FY72HuZVL._AC_US200_.jpg,"SpringFlower Easter Basket Stuffers, 12 Pack Plastic Easter Eggs with Dinosaur Figures for Easter Egg Fillers, Easter Egg Hunt, Easter Party Favors Gifts for Kids Boys Girls",https://www.amazon.com/dp/B0G2FY7KR6?th=1,1770163200000,700,美国,Party Supplies
1776162989579,亚马逊,B0GCHVXXQJ,https://m.media-amazon.com/images/I/61WCZi6OK+L._AC_US200_.jpg,"WOWSCAN [6 Surprise Golden Eggs] 100 PACK Prefilled Easter Egg Fillers with Novelty Toys Inside, Easter Basket Stuffers Classroom Prizes Supplies Egg Hunt Party Favors for Kids Toddlers Boys Girls",https://www.amazon.com/dp/B0GCHVXXQJ?th=1,1770163200000,500,美国,Party Supplies
1776162989579,亚马逊,B0GHMM7RVB,https://m.media-amazon.com/images/I/81jr4ql6lXL._AC_US200_.jpg,"Kids Coloring Tablecloth, Easter Bunny Egg Chick Theme Paper Coloring Poster, 31 x 72 Inch Spring Holiday Coloring Activity Party Table Cover",https://www.amazon.com/dp/B0GHMM7RVB?th=1,1770163200000,400,美国,派对用品
1776162989579,亚马逊,B0G4VPZD8H,https://m.media-amazon.com/images/I/518k9+fPdrL._AC_US200_.jpg,Easter Bunny Mini Erasers for Kids - 60Pcs Spring Gifts Easter Rabbit Pencil Erasers Cute Rabbit Ears Face 3D Puzzle Desk Pet Stationery for Classroom Reward Basket Stuffers Birthday Party,https://www.amazon.com/dp/B0G4VPZD8H?th=1,1770163200000,200,美国,艺术
1776162989579,亚马逊,B0GD58ZZRS,https://m.media-amazon.com/images/I/91cDsgou70L._AC_US200_.jpg,"kortes 600pcs Plastic Easter Eggs, 6 Colors 2.3"" Empty Fillable Eggs Bulk for Easter Basket Stuffers Easter Eggs Hunts Party Favors, Classroom Prize Supplies (600)",https://www.amazon.com/dp/B0GD58ZZRS?th=1,1770163200000,200,美国,扮靓
1776162989579,亚马逊,B0GFMN37ZV,https://m.media-amazon.com/images/I/510qxnDbdwL._AC_US200_.jpg,"EZCRA Easy Mermaid Gem Sticker Crafts for Kids Ages 4-8 - 800 Sparkly Stickers, 8 Underwater Themes - Arts and Crafts for Kids, DIY Activity, Birthday Gift for Girls",https://www.amazon.com/dp/B0GFMN37ZV?th=1,1770163200000,300,美国,艺术
1776162989579,亚马逊,B0G526L1DR,https://m.media-amazon.com/images/I/81mpMzL3doL._AC_US200_.jpg,"DISHIO Diving Toys for Kids, Seek Treasure Underwater Pool Gem Hunt Pool Game with 60PCS Sinking Gems, Pirate Treasure Chest, 35PCS Game Cards, Summer Swimming Pool Toys for Toddlers Kids Age 3-10",https://www.amazon.com/dp/B0G526L1DR?th=1,1770163200000,700,美国,体育
1776162989579,亚马逊,B0FX9P1JWJ,https://m.media-amazon.com/images/I/61197iw+4KL._AC_US200_.jpg,"K-pop Tattoo 40 Inch Number 5 Foil Balloon, Anime Themed Big Large Number Balloon for K-pop Anime Themed Boys Girls Birthday Anniversary Party Decorations",https://www.amazon.com/dp/B0FX9P1JWJ?th=1,1770163200000,300,美国,派对用品
1776162989579,亚马逊,B0GDFYK994,https://m.media-amazon.com/images/I/71UBIG65chL._AC_US200_.jpg,"Water Gun for Kids, Squirt Gun Adults Summer Super Water Blaster Soaker Small Water Shooters Toys for Boys Girls Toddler, 2 Pack Watergun for Pool Beach Outdoor Fighting Toy",https://www.amazon.com/dp/B0GDFYK994?th=1,1770163200000,1000,美国,体育
1776162989579,亚马逊,B0GHZTNB8P,https://m.media-amazon.com/images/I/41QmMrpEvHL._AC_US200_.jpg,Tamagotchi Original - Rainy Angel,https://www.amazon.com/dp/B0GHZTNB8P?th=1,1770163200000,400,美国,儿童电子产品
1776162989579,亚马逊,B0GJ172MDY,https://m.media-amazon.com/images/I/81PE+p8AjGL._AC_US200_.jpg,Tamagotchi Original - Tama Yummy,https://www.amazon.com/dp/B0GJ172MDY?th=1,1770163200000,500,美国,儿童电子产品
1776162989579,亚马逊,B0FJMVW1SL,https://m.media-amazon.com/images/I/41r6eEnjE7L._AC_US200_.jpg,Greenhouse by Russ 12-Inch Easter Daffodil Plush - Seasonal Official Jazwares Plush - Ages 3+,https://www.amazon.com/dp/B0FJMVW1SL?th=1,1770163200000,300,美国,填充的动物
1776162989579,亚马逊,B0FJMST91P,https://m.media-amazon.com/images/I/3125KaHgM7L._AC_US200_.jpg,Jazwares Greenhouse by Russ 12-Inch Hello Kitty® Daisy Plush - Ultrasoft Official Sanrio® Plush Ages 3+,https://www.amazon.com/dp/B0FJMST91P?th=1,1770163200000,200,美国,填充的动物
